target_timestamp_utc,target_timestamp_ept,model,true_zone_load_mw,predicted_zone_load_mw,n_load_areas
2026-04-07 20:00:00,2026-04-07 16:00:00,Persistence,15535.575,15530.91,4
2026-04-07 21:00:00,2026-04-07 17:00:00,Persistence,15633.728,15658.742,4
2026-04-07 22:00:00,2026-04-07 18:00:00,Persistence,15830.312,15730.724999999999,4
2026-04-07 23:00:00,2026-04-07 19:00:00,Persistence,16194.692000000001,15796.171999999999,4
2026-04-08 00:00:00,2026-04-07 20:00:00,Persistence,16697.541,16228.211,4
2026-04-08 01:00:00,2026-04-07 21:00:00,Persistence,16666.659,15984.565999999999,4
2026-04-08 02:00:00,2026-04-07 22:00:00,Persistence,16203.942,15590.166,4
2026-04-08 03:00:00,2026-04-07 23:00:00,Persistence,15807.521,15156.428,4
2026-04-08 04:00:00,2026-04-08 00:00:00,Persistence,15468.798999999999,14737.886999999999,4
2026-04-08 05:00:00,2026-04-08 01:00:00,Persistence,15449.404999999999,14538.075,4
2026-04-08 06:00:00,2026-04-08 02:00:00,Persistence,15420.617,14439.492999999999,4
2026-04-08 07:00:00,2026-04-08 03:00:00,Persistence,15594.476,14617.309000000001,4
2026-04-08 08:00:00,2026-04-08 04:00:00,Persistence,15997.889,15018.186,4
2026-04-08 09:00:00,2026-04-08 05:00:00,Persistence,16637.51,15639.364,4
2026-04-08 10:00:00,2026-04-08 06:00:00,Persistence,17725.328999999998,16856.307,4
2026-04-08 11:00:00,2026-04-08 07:00:00,Persistence,18119.606,17484.006,4
2026-04-08 12:00:00,2026-04-08 08:00:00,Persistence,17889.427,17507.617,4
2026-04-08 13:00:00,2026-04-08 09:00:00,Persistence,17394.458,17101.368000000002,4
2026-04-08 14:00:00,2026-04-08 10:00:00,Persistence,16892.419,16817.266,4
2026-04-08 15:00:00,2026-04-08 11:00:00,Persistence,16370.11,16493.481,4
2026-04-08 16:00:00,2026-04-08 12:00:00,Persistence,15911.696,16345.571,4
2026-04-08 17:00:00,2026-04-08 13:00:00,Persistence,15727.182,16102.368,4
2026-04-08 18:00:00,2026-04-08 14:00:00,Persistence,15521.518,15811.672,4
2026-04-08 19:00:00,2026-04-08 15:00:00,Persistence,15324.313999999998,15515.839,4
2026-04-08 20:00:00,2026-04-08 16:00:00,Persistence,15406.998,15535.575,4
2026-04-08 21:00:00,2026-04-08 17:00:00,Persistence,15471.657,15633.728,4
2026-04-08 22:00:00,2026-04-08 18:00:00,Persistence,15534.039,15830.312,4
2026-04-08 23:00:00,2026-04-08 19:00:00,Persistence,15712.197,16194.692000000001,4
2026-04-09 00:00:00,2026-04-08 20:00:00,Persistence,16106.305,16697.541,4
2026-04-09 01:00:00,2026-04-08 21:00:00,Persistence,15976.636999999999,16666.659,4
2026-04-09 02:00:00,2026-04-08 22:00:00,Persistence,15509.172,16203.942,4
2026-04-09 03:00:00,2026-04-08 23:00:00,Persistence,14916.644,15807.521,4
2026-04-09 04:00:00,2026-04-09 00:00:00,Persistence,14587.929,15468.798999999999,4
2026-04-09 05:00:00,2026-04-09 01:00:00,Persistence,14433.103,15449.404999999999,4
2026-04-09 06:00:00,2026-04-09 02:00:00,Persistence,14339.856,15420.617,4
2026-04-09 07:00:00,2026-04-09 03:00:00,Persistence,14411.964,15594.476,4
2026-04-09 08:00:00,2026-04-09 04:00:00,Persistence,14656.489,15997.889,4
2026-04-09 09:00:00,2026-04-09 05:00:00,Persistence,15320.381,16637.51,4
2026-04-09 10:00:00,2026-04-09 06:00:00,Persistence,16272.458,17725.328999999998,4
2026-04-09 11:00:00,2026-04-09 07:00:00,Persistence,16753.475,18119.606,4
2026-04-09 12:00:00,2026-04-09 08:00:00,Persistence,16596.789,17889.427,4
2026-04-09 13:00:00,2026-04-09 09:00:00,Persistence,16357.501,17394.458,4
2026-04-09 14:00:00,2026-04-09 10:00:00,Persistence,16131.094000000001,16892.419,4
2026-04-09 15:00:00,2026-04-09 11:00:00,Persistence,15840.458999999999,16370.11,4
2026-04-09 16:00:00,2026-04-09 12:00:00,Persistence,15745.639,15911.696,4
2026-04-09 17:00:00,2026-04-09 13:00:00,Persistence,15747.89,15727.182,4
2026-04-09 18:00:00,2026-04-09 14:00:00,Persistence,15652.92,15521.518,4
2026-04-09 19:00:00,2026-04-09 15:00:00,Persistence,15698.0,15324.313999999998,4
2026-04-09 20:00:00,2026-04-09 16:00:00,Persistence,15766.751,15406.998,4
2026-04-09 21:00:00,2026-04-09 17:00:00,Persistence,15836.880000000001,15471.657,4
2026-04-09 22:00:00,2026-04-09 18:00:00,Persistence,15892.215,15534.039,4
2026-04-09 23:00:00,2026-04-09 19:00:00,Persistence,15916.181,15712.197,4
2026-04-10 00:00:00,2026-04-09 20:00:00,Persistence,16273.115,16106.305,4
2026-04-10 01:00:00,2026-04-09 21:00:00,Persistence,15940.607,15976.636999999999,4
2026-04-10 02:00:00,2026-04-09 22:00:00,Persistence,15157.557,15509.172,4
2026-04-10 03:00:00,2026-04-09 23:00:00,Persistence,14426.872,14916.644,4
2026-04-10 04:00:00,2026-04-10 00:00:00,Persistence,13921.209,14587.929,4
2026-04-10 05:00:00,2026-04-10 01:00:00,Persistence,13675.148,14433.103,4
2026-04-10 06:00:00,2026-04-10 02:00:00,Persistence,13627.082999999999,14339.856,4
2026-04-10 07:00:00,2026-04-10 03:00:00,Persistence,13563.671999999999,14411.964,4
2026-04-10 08:00:00,2026-04-10 04:00:00,Persistence,13865.273000000001,14656.489,4
2026-04-10 09:00:00,2026-04-10 05:00:00,Persistence,14365.849,15320.381,4
2026-04-10 10:00:00,2026-04-10 06:00:00,Persistence,15230.396,16272.458,4
2026-04-10 11:00:00,2026-04-10 07:00:00,Persistence,15758.933,16753.475,4
2026-04-10 12:00:00,2026-04-10 08:00:00,Persistence,15773.0,16596.789,4
2026-04-10 13:00:00,2026-04-10 09:00:00,Persistence,15678.534,16357.501,4
2026-04-10 14:00:00,2026-04-10 10:00:00,Persistence,15770.025,16131.094000000001,4
2026-04-10 15:00:00,2026-04-10 11:00:00,Persistence,15698.407,15840.458999999999,4
2026-04-10 16:00:00,2026-04-10 12:00:00,Persistence,15751.287,15745.639,4
2026-04-10 17:00:00,2026-04-10 13:00:00,Persistence,15795.525000000001,15747.89,4
2026-04-10 18:00:00,2026-04-10 14:00:00,Persistence,15689.801,15652.92,4
2026-04-10 19:00:00,2026-04-10 15:00:00,Persistence,15699.747,15698.0,4
2026-04-10 20:00:00,2026-04-10 16:00:00,Persistence,15673.655,15766.751,4
2026-04-10 21:00:00,2026-04-10 17:00:00,Persistence,15603.107,15836.880000000001,4
2026-04-10 22:00:00,2026-04-10 18:00:00,Persistence,15505.881,15892.215,4
2026-04-10 23:00:00,2026-04-10 19:00:00,Persistence,15345.196,15916.181,4
2026-04-11 00:00:00,2026-04-10 20:00:00,Persistence,15374.05,16273.115,4
2026-04-11 01:00:00,2026-04-10 21:00:00,Persistence,15058.326000000001,15940.607,4
2026-04-11 02:00:00,2026-04-10 22:00:00,Persistence,14566.440999999999,15157.557,4
2026-04-11 03:00:00,2026-04-10 23:00:00,Persistence,13999.266,14426.872,4
2026-04-11 04:00:00,2026-04-11 00:00:00,Persistence,13430.2,13921.209,4
2026-04-11 05:00:00,2026-04-11 01:00:00,Persistence,13256.036,13675.148,4
2026-04-11 06:00:00,2026-04-11 02:00:00,Persistence,13076.187000000002,13627.082999999999,4
2026-04-11 07:00:00,2026-04-11 03:00:00,Persistence,13048.327,13563.671999999999,4
2026-04-11 08:00:00,2026-04-11 04:00:00,Persistence,13072.289,13865.273000000001,4
2026-04-11 09:00:00,2026-04-11 05:00:00,Persistence,13374.257,14365.849,4
2026-04-11 10:00:00,2026-04-11 06:00:00,Persistence,13780.724999999999,15230.396,4
2026-04-11 11:00:00,2026-04-11 07:00:00,Persistence,14131.131000000001,15758.933,4
2026-04-11 12:00:00,2026-04-11 08:00:00,Persistence,14485.868,15773.0,4
2026-04-11 13:00:00,2026-04-11 09:00:00,Persistence,14462.173,15678.534,4
2026-04-11 14:00:00,2026-04-11 10:00:00,Persistence,14495.976999999999,15770.025,4
2026-04-11 15:00:00,2026-04-11 11:00:00,Persistence,14427.23,15698.407,4
2026-04-11 16:00:00,2026-04-11 12:00:00,Persistence,14374.733,15751.287,4
2026-04-11 17:00:00,2026-04-11 13:00:00,Persistence,14283.563,15795.525000000001,4
2026-04-11 18:00:00,2026-04-11 14:00:00,Persistence,14182.597000000002,15689.801,4
2026-04-11 19:00:00,2026-04-11 15:00:00,Persistence,14286.929,15699.747,4
2026-04-11 20:00:00,2026-04-11 16:00:00,Persistence,14482.946,15673.655,4
2026-04-11 21:00:00,2026-04-11 17:00:00,Persistence,14562.797999999999,15603.107,4
2026-04-11 22:00:00,2026-04-11 18:00:00,Persistence,14660.437,15505.881,4
2026-04-11 23:00:00,2026-04-11 19:00:00,Persistence,14536.779,15345.196,4
2026-04-12 00:00:00,2026-04-11 20:00:00,Persistence,14793.272,15374.05,4
2026-04-12 01:00:00,2026-04-11 21:00:00,Persistence,14708.707999999999,15058.326000000001,4
2026-04-12 02:00:00,2026-04-11 22:00:00,Persistence,14191.222,14566.440999999999,4
2026-04-12 03:00:00,2026-04-11 23:00:00,Persistence,13719.801,13999.266,4
2026-04-12 04:00:00,2026-04-12 00:00:00,Persistence,13337.756000000001,13430.2,4
2026-04-12 05:00:00,2026-04-12 01:00:00,Persistence,13015.541000000001,13256.036,4
2026-04-12 06:00:00,2026-04-12 02:00:00,Persistence,12861.008000000002,13076.187000000002,4
2026-04-12 07:00:00,2026-04-12 03:00:00,Persistence,12834.664,13048.327,4
2026-04-12 08:00:00,2026-04-12 04:00:00,Persistence,12924.992999999999,13072.289,4
2026-04-12 09:00:00,2026-04-12 05:00:00,Persistence,13066.538,13374.257,4
2026-04-12 10:00:00,2026-04-12 06:00:00,Persistence,13408.735999999999,13780.724999999999,4
2026-04-12 11:00:00,2026-04-12 07:00:00,Persistence,13670.858,14131.131000000001,4
2026-04-12 12:00:00,2026-04-12 08:00:00,Persistence,13961.217,14485.868,4
2026-04-12 13:00:00,2026-04-12 09:00:00,Persistence,14251.541000000001,14462.173,4
2026-04-12 14:00:00,2026-04-12 10:00:00,Persistence,14204.265,14495.976999999999,4
2026-04-12 15:00:00,2026-04-12 11:00:00,Persistence,14241.026,14427.23,4
2026-04-12 16:00:00,2026-04-12 12:00:00,Persistence,14410.317,14374.733,4
2026-04-12 17:00:00,2026-04-12 13:00:00,Persistence,14543.058,14283.563,4
2026-04-12 18:00:00,2026-04-12 14:00:00,Persistence,14896.671999999999,14182.597000000002,4
2026-04-12 19:00:00,2026-04-12 15:00:00,Persistence,15223.362,14286.929,4
2026-04-12 20:00:00,2026-04-12 16:00:00,Persistence,15546.827000000001,14482.946,4
2026-04-12 21:00:00,2026-04-12 17:00:00,Persistence,15803.579,14562.797999999999,4
2026-04-12 22:00:00,2026-04-12 18:00:00,Persistence,15802.364,14660.437,4
2026-04-12 23:00:00,2026-04-12 19:00:00,Persistence,15762.103,14536.779,4
2026-04-13 00:00:00,2026-04-12 20:00:00,Persistence,16068.442,14793.272,4
2026-04-13 01:00:00,2026-04-12 21:00:00,Persistence,15808.29,14708.707999999999,4
2026-04-13 02:00:00,2026-04-12 22:00:00,Persistence,15078.557999999999,14191.222,4
2026-04-13 03:00:00,2026-04-12 23:00:00,Persistence,14429.534,13719.801,4
2026-04-13 04:00:00,2026-04-13 00:00:00,Persistence,13938.832999999999,13337.756000000001,4
2026-04-13 05:00:00,2026-04-13 01:00:00,Persistence,13575.629,13015.541000000001,4
2026-04-13 06:00:00,2026-04-13 02:00:00,Persistence,13312.003,12861.008000000002,4
2026-04-13 07:00:00,2026-04-13 03:00:00,Persistence,13392.624,12834.664,4
2026-04-13 08:00:00,2026-04-13 04:00:00,Persistence,13612.144,12924.992999999999,4
2026-04-13 09:00:00,2026-04-13 05:00:00,Persistence,14186.0,13066.538,4
2026-04-13 10:00:00,2026-04-13 06:00:00,Persistence,15129.456,13408.735999999999,4
2026-04-13 11:00:00,2026-04-13 07:00:00,Persistence,15706.124,13670.858,4
2026-04-13 12:00:00,2026-04-13 08:00:00,Persistence,15921.352,13961.217,4
2026-04-13 13:00:00,2026-04-13 09:00:00,Persistence,16234.211,14251.541000000001,4
2026-04-13 14:00:00,2026-04-13 10:00:00,Persistence,16469.542999999998,14204.265,4
2026-04-13 15:00:00,2026-04-13 11:00:00,Persistence,16511.322,14241.026,4
2026-04-13 16:00:00,2026-04-13 12:00:00,Persistence,16822.792,14410.317,4
2026-04-13 17:00:00,2026-04-13 13:00:00,Persistence,17061.603,14543.058,4
2026-04-13 18:00:00,2026-04-13 14:00:00,Persistence,17063.235999999997,14896.671999999999,4
2026-04-13 19:00:00,2026-04-13 15:00:00,Persistence,17079.32,15223.362,4
2026-04-13 20:00:00,2026-04-13 16:00:00,Persistence,17120.218,15546.827000000001,4
2026-04-13 21:00:00,2026-04-13 17:00:00,Persistence,17313.345,15803.579,4
2026-04-13 22:00:00,2026-04-13 18:00:00,Persistence,17194.82,15802.364,4
2026-04-13 23:00:00,2026-04-13 19:00:00,Persistence,17049.895,15762.103,4
2026-04-14 00:00:00,2026-04-13 20:00:00,Persistence,17109.525,16068.442,4
2026-04-14 01:00:00,2026-04-13 21:00:00,Persistence,16726.517,15808.29,4
2026-04-14 02:00:00,2026-04-13 22:00:00,Persistence,15882.432,15078.557999999999,4
2026-04-14 03:00:00,2026-04-13 23:00:00,Persistence,14934.252,14429.534,4
2026-04-14 04:00:00,2026-04-14 00:00:00,Persistence,14280.343,13938.832999999999,4
2026-04-14 05:00:00,2026-04-14 01:00:00,Persistence,13694.005,13575.629,4
2026-04-14 06:00:00,2026-04-14 02:00:00,Persistence,13498.036,13312.003,4
2026-04-14 07:00:00,2026-04-14 03:00:00,Persistence,13396.514,13392.624,4
2026-04-14 08:00:00,2026-04-14 04:00:00,Persistence,13601.086,13612.144,4
2026-04-14 09:00:00,2026-04-14 05:00:00,Persistence,14165.260999999999,14186.0,4
2026-04-14 10:00:00,2026-04-14 06:00:00,Persistence,15107.416000000001,15129.456,4
2026-04-14 11:00:00,2026-04-14 07:00:00,Persistence,15606.426,15706.124,4
2026-04-14 12:00:00,2026-04-14 08:00:00,Persistence,15894.771999999999,15921.352,4
2026-04-14 13:00:00,2026-04-14 09:00:00,Persistence,16033.332999999999,16234.211,4
2026-04-14 14:00:00,2026-04-14 10:00:00,Persistence,16288.741999999998,16469.542999999998,4
2026-04-14 15:00:00,2026-04-14 11:00:00,Persistence,16541.159,16511.322,4
2026-04-14 16:00:00,2026-04-14 12:00:00,Persistence,16856.542999999998,16822.792,4
2026-04-14 17:00:00,2026-04-14 13:00:00,Persistence,17134.114999999998,17061.603,4
2026-04-14 18:00:00,2026-04-14 14:00:00,Persistence,17263.662,17063.235999999997,4
2026-04-14 19:00:00,2026-04-14 15:00:00,Persistence,17566.305,17079.32,4
2026-04-14 20:00:00,2026-04-14 16:00:00,Persistence,17941.206,17120.218,4
2026-04-14 21:00:00,2026-04-14 17:00:00,Persistence,18269.086000000003,17313.345,4
2026-04-14 22:00:00,2026-04-14 18:00:00,Persistence,18269.902000000002,17194.82,4
2026-04-14 23:00:00,2026-04-14 19:00:00,Persistence,18056.811999999998,17049.895,4
2026-04-15 00:00:00,2026-04-14 20:00:00,Persistence,18010.703999999998,17109.525,4
2026-04-15 01:00:00,2026-04-14 21:00:00,Persistence,17377.966,16726.517,4
2026-04-15 02:00:00,2026-04-14 22:00:00,Persistence,16366.98,15882.432,4
2026-04-15 03:00:00,2026-04-14 23:00:00,Persistence,15321.91,14934.252,4
2026-04-15 04:00:00,2026-04-15 00:00:00,Persistence,14598.705,14280.343,4
2026-04-15 05:00:00,2026-04-15 01:00:00,Persistence,14268.045,13694.005,4
2026-04-15 06:00:00,2026-04-15 02:00:00,Persistence,13950.603,13498.036,4
2026-04-15 07:00:00,2026-04-15 03:00:00,Persistence,13817.707,13396.514,4
2026-04-15 08:00:00,2026-04-15 04:00:00,Persistence,14006.443,13601.086,4
2026-04-15 09:00:00,2026-04-15 05:00:00,Persistence,14436.551,14165.260999999999,4
2026-04-15 10:00:00,2026-04-15 06:00:00,Persistence,15289.553,15107.416000000001,4
2026-04-15 11:00:00,2026-04-15 07:00:00,Persistence,15786.269,15606.426,4
2026-04-15 12:00:00,2026-04-15 08:00:00,Persistence,16103.489,15894.771999999999,4
2026-04-15 13:00:00,2026-04-15 09:00:00,Persistence,16237.317,16033.332999999999,4
2026-04-15 14:00:00,2026-04-15 10:00:00,Persistence,16498.762000000002,16288.741999999998,4
2026-04-15 15:00:00,2026-04-15 11:00:00,Persistence,16907.163,16541.159,4
2026-04-15 16:00:00,2026-04-15 12:00:00,Persistence,17531.497,16856.542999999998,4
2026-04-15 17:00:00,2026-04-15 13:00:00,Persistence,17945.436999999998,17134.114999999998,4
2026-04-15 18:00:00,2026-04-15 14:00:00,Persistence,18346.458,17263.662,4
2026-04-15 19:00:00,2026-04-15 15:00:00,Persistence,18471.045,17566.305,4
2026-04-15 20:00:00,2026-04-15 16:00:00,Persistence,18666.834000000003,17941.206,4
2026-04-15 21:00:00,2026-04-15 17:00:00,Persistence,18863.132,18269.086000000003,4
2026-04-15 22:00:00,2026-04-15 18:00:00,Persistence,18733.824,18269.902000000002,4
2026-04-15 23:00:00,2026-04-15 19:00:00,Persistence,18532.595999999998,18056.811999999998,4
2026-04-16 00:00:00,2026-04-15 20:00:00,Persistence,18331.72,18010.703999999998,4
2026-04-16 01:00:00,2026-04-15 21:00:00,Persistence,17896.847999999998,17377.966,4
2026-04-16 02:00:00,2026-04-15 22:00:00,Persistence,16819.385000000002,16366.98,4
2026-04-16 03:00:00,2026-04-15 23:00:00,Persistence,15849.426,15321.91,4
2026-04-16 04:00:00,2026-04-16 00:00:00,Persistence,14954.462,14598.705,4
2026-04-16 05:00:00,2026-04-16 01:00:00,Persistence,14543.764,14268.045,4
2026-04-16 06:00:00,2026-04-16 02:00:00,Persistence,14185.233,13950.603,4
2026-04-16 07:00:00,2026-04-16 03:00:00,Persistence,13912.612000000001,13817.707,4
2026-04-16 08:00:00,2026-04-16 04:00:00,Persistence,14022.091,14006.443,4
2026-04-16 09:00:00,2026-04-16 05:00:00,Persistence,14342.973,14436.551,4
2026-04-16 10:00:00,2026-04-16 06:00:00,Persistence,15144.188,15289.553,4
2026-04-16 11:00:00,2026-04-16 07:00:00,Persistence,15598.462,15786.269,4
2026-04-16 12:00:00,2026-04-16 08:00:00,Persistence,15786.706,16103.489,4
2026-04-16 13:00:00,2026-04-16 09:00:00,Persistence,16077.817,16237.317,4
2026-04-16 14:00:00,2026-04-16 10:00:00,Persistence,16431.427,16498.762000000002,4
2026-04-16 15:00:00,2026-04-16 11:00:00,Persistence,16756.65,16907.163,4
2026-04-16 16:00:00,2026-04-16 12:00:00,Persistence,17185.404000000002,17531.497,4
2026-04-16 17:00:00,2026-04-16 13:00:00,Persistence,17608.068,17945.436999999998,4
2026-04-16 18:00:00,2026-04-16 14:00:00,Persistence,17691.068,18346.458,4
2026-04-16 19:00:00,2026-04-16 15:00:00,Persistence,17627.754999999997,18471.045,4
2026-04-16 20:00:00,2026-04-16 16:00:00,Persistence,17687.773,18666.834000000003,4
2026-04-16 21:00:00,2026-04-16 17:00:00,Persistence,17570.851000000002,18863.132,4
2026-04-16 22:00:00,2026-04-16 18:00:00,Persistence,17510.625999999997,18733.824,4
2026-04-16 23:00:00,2026-04-16 19:00:00,Persistence,17374.757,18532.595999999998,4
2026-04-17 00:00:00,2026-04-16 20:00:00,Persistence,17194.161,18331.72,4
2026-04-17 01:00:00,2026-04-16 21:00:00,Persistence,16719.118000000002,17896.847999999998,4
2026-04-17 02:00:00,2026-04-16 22:00:00,Persistence,15846.811,16819.385000000002,4
2026-04-17 03:00:00,2026-04-16 23:00:00,Persistence,14996.312,15849.426,4
2026-04-17 04:00:00,2026-04-17 00:00:00,Persistence,14206.445,14954.462,4
2026-04-17 05:00:00,2026-04-17 01:00:00,Persistence,13858.415,14543.764,4
2026-04-17 06:00:00,2026-04-17 02:00:00,Persistence,13572.956,14185.233,4
2026-04-17 07:00:00,2026-04-17 03:00:00,Persistence,13390.733,13912.612000000001,4
2026-04-17 08:00:00,2026-04-17 04:00:00,Persistence,13537.637,14022.091,4
2026-04-17 09:00:00,2026-04-17 05:00:00,Persistence,13902.633,14342.973,4
2026-04-17 10:00:00,2026-04-17 06:00:00,Persistence,14645.243,15144.188,4
2026-04-17 11:00:00,2026-04-17 07:00:00,Persistence,15155.383,15598.462,4
2026-04-17 12:00:00,2026-04-17 08:00:00,Persistence,15558.766,15786.706,4
2026-04-17 13:00:00,2026-04-17 09:00:00,Persistence,15800.886,16077.817,4
2026-04-17 14:00:00,2026-04-17 10:00:00,Persistence,16060.601,16431.427,4
2026-04-17 15:00:00,2026-04-17 11:00:00,Persistence,16404.838,16756.65,4
2026-04-17 16:00:00,2026-04-17 12:00:00,Persistence,16726.269,17185.404000000002,4
2026-04-17 17:00:00,2026-04-17 13:00:00,Persistence,17064.593,17608.068,4
2026-04-17 18:00:00,2026-04-17 14:00:00,Persistence,17403.195,17691.068,4
2026-04-17 19:00:00,2026-04-17 15:00:00,Persistence,17533.214,17627.754999999997,4
2026-04-17 20:00:00,2026-04-17 16:00:00,Persistence,17888.559,17687.773,4
2026-04-17 21:00:00,2026-04-17 17:00:00,Persistence,17947.521,17570.851000000002,4
2026-04-17 22:00:00,2026-04-17 18:00:00,Persistence,17814.843999999997,17510.625999999997,4
2026-04-17 23:00:00,2026-04-17 19:00:00,Persistence,17488.483,17374.757,4
2026-04-18 00:00:00,2026-04-17 20:00:00,Persistence,16945.577,17194.161,4
2026-04-18 01:00:00,2026-04-17 21:00:00,Persistence,16429.837,16719.118000000002,4
2026-04-18 02:00:00,2026-04-17 22:00:00,Persistence,15627.186,15846.811,4
2026-04-18 03:00:00,2026-04-17 23:00:00,Persistence,14773.078,14996.312,4
2026-04-18 04:00:00,2026-04-18 00:00:00,Persistence,13974.919999999998,14206.445,4
2026-04-18 05:00:00,2026-04-18 01:00:00,Persistence,13347.751,13858.415,4
2026-04-18 06:00:00,2026-04-18 02:00:00,Persistence,13225.99,13572.956,4
2026-04-18 07:00:00,2026-04-18 03:00:00,Persistence,13015.58,13390.733,4
2026-04-18 08:00:00,2026-04-18 04:00:00,Persistence,13058.990999999998,13537.637,4
2026-04-18 09:00:00,2026-04-18 05:00:00,Persistence,13281.135999999999,13902.633,4
2026-04-18 10:00:00,2026-04-18 06:00:00,Persistence,13579.060000000001,14645.243,4
2026-04-18 11:00:00,2026-04-18 07:00:00,Persistence,13797.139,15155.383,4
2026-04-18 12:00:00,2026-04-18 08:00:00,Persistence,14169.471000000001,15558.766,4
2026-04-18 13:00:00,2026-04-18 09:00:00,Persistence,14587.489000000001,15800.886,4
2026-04-18 14:00:00,2026-04-18 10:00:00,Persistence,15160.435000000001,16060.601,4
2026-04-18 15:00:00,2026-04-18 11:00:00,Persistence,15405.593,16404.838,4
2026-04-18 16:00:00,2026-04-18 12:00:00,Persistence,15543.962,16726.269,4
2026-04-18 17:00:00,2026-04-18 13:00:00,Persistence,15691.643,17064.593,4
2026-04-18 18:00:00,2026-04-18 14:00:00,Persistence,15821.295,17403.195,4
2026-04-18 19:00:00,2026-04-18 15:00:00,Persistence,15832.196,17533.214,4
2026-04-18 20:00:00,2026-04-18 16:00:00,Persistence,15829.701000000001,17888.559,4
2026-04-18 21:00:00,2026-04-18 17:00:00,Persistence,15716.893,17947.521,4
2026-04-18 22:00:00,2026-04-18 18:00:00,Persistence,15432.029,17814.843999999997,4
2026-04-18 23:00:00,2026-04-18 19:00:00,Persistence,15305.748,17488.483,4
2026-04-19 00:00:00,2026-04-18 20:00:00,Persistence,15184.439999999999,16945.577,4
2026-04-19 01:00:00,2026-04-18 21:00:00,Persistence,14925.258,16429.837,4
2026-04-19 02:00:00,2026-04-18 22:00:00,Persistence,14288.631,15627.186,4
2026-04-19 03:00:00,2026-04-18 23:00:00,Persistence,13717.432999999999,14773.078,4
2026-04-19 04:00:00,2026-04-19 00:00:00,Persistence,13269.847000000002,13974.919999999998,4
2026-04-19 05:00:00,2026-04-19 01:00:00,Persistence,12959.366,13347.751,4
2026-04-19 06:00:00,2026-04-19 02:00:00,Persistence,12733.301,13225.99,4
2026-04-19 07:00:00,2026-04-19 03:00:00,Persistence,12627.028999999999,13015.58,4
2026-04-19 08:00:00,2026-04-19 04:00:00,Persistence,12594.369,13058.990999999998,4
2026-04-19 09:00:00,2026-04-19 05:00:00,Persistence,12657.144,13281.135999999999,4
2026-04-19 10:00:00,2026-04-19 06:00:00,Persistence,12915.893,13579.060000000001,4
2026-04-19 11:00:00,2026-04-19 07:00:00,Persistence,13252.567,13797.139,4
2026-04-19 12:00:00,2026-04-19 08:00:00,Persistence,13627.399,14169.471000000001,4
2026-04-19 13:00:00,2026-04-19 09:00:00,Persistence,14011.644,14587.489000000001,4
2026-04-19 14:00:00,2026-04-19 10:00:00,Persistence,14093.935000000001,15160.435000000001,4
2026-04-19 15:00:00,2026-04-19 11:00:00,Persistence,14030.192000000001,15405.593,4
2026-04-19 16:00:00,2026-04-19 12:00:00,Persistence,14032.059000000001,15543.962,4
2026-04-19 17:00:00,2026-04-19 13:00:00,Persistence,14120.732,15691.643,4
2026-04-19 18:00:00,2026-04-19 14:00:00,Persistence,14028.519,15821.295,4
2026-04-19 19:00:00,2026-04-19 15:00:00,Persistence,14118.721000000001,15832.196,4
2026-04-19 20:00:00,2026-04-19 16:00:00,Persistence,14128.511999999999,15829.701000000001,4
2026-04-19 21:00:00,2026-04-19 17:00:00,Persistence,14380.764,15716.893,4
2026-04-19 22:00:00,2026-04-19 18:00:00,Persistence,14500.642,15432.029,4
2026-04-19 23:00:00,2026-04-19 19:00:00,Persistence,14734.41,15305.748,4
2026-04-20 00:00:00,2026-04-19 20:00:00,Persistence,15110.69,15184.439999999999,4
2026-04-20 01:00:00,2026-04-19 21:00:00,Persistence,15091.389,14925.258,4
2026-04-20 02:00:00,2026-04-19 22:00:00,Persistence,14557.596,14288.631,4
2026-04-20 03:00:00,2026-04-19 23:00:00,Persistence,14046.971,13717.432999999999,4
2026-04-20 04:00:00,2026-04-20 00:00:00,Persistence,13828.248,13269.847000000002,4
2026-04-20 05:00:00,2026-04-20 01:00:00,Persistence,13634.691,12959.366,4
2026-04-20 06:00:00,2026-04-20 02:00:00,Persistence,13653.844000000001,12733.301,4
2026-04-20 07:00:00,2026-04-20 03:00:00,Persistence,13849.422,12627.028999999999,4
2026-04-20 08:00:00,2026-04-20 04:00:00,Persistence,14209.757000000001,12594.369,4
2026-04-20 09:00:00,2026-04-20 05:00:00,Persistence,14953.155999999999,12657.144,4
2026-04-20 10:00:00,2026-04-20 06:00:00,Persistence,16063.466,12915.893,4
2026-04-20 11:00:00,2026-04-20 07:00:00,Persistence,16643.095,13252.567,4
2026-04-20 12:00:00,2026-04-20 08:00:00,Persistence,16428.256999999998,13627.399,4
2026-04-20 13:00:00,2026-04-20 09:00:00,Persistence,16354.038,14011.644,4
2026-04-20 14:00:00,2026-04-20 10:00:00,Persistence,16195.841,14093.935000000001,4
2026-04-20 15:00:00,2026-04-20 11:00:00,Persistence,16099.206,14030.192000000001,4
2026-04-20 16:00:00,2026-04-20 12:00:00,Persistence,15837.617,14032.059000000001,4
2026-04-20 17:00:00,2026-04-20 13:00:00,Persistence,15699.555,14120.732,4
2026-04-20 18:00:00,2026-04-20 14:00:00,Persistence,15477.125,14028.519,4
2026-04-20 19:00:00,2026-04-20 15:00:00,Persistence,15246.132,14118.721000000001,4
2026-04-20 20:00:00,2026-04-20 16:00:00,Persistence,15160.528,14128.511999999999,4
2026-04-20 21:00:00,2026-04-20 17:00:00,Persistence,15187.512999999999,14380.764,4
2026-04-20 22:00:00,2026-04-20 18:00:00,Persistence,15262.426,14500.642,4
2026-04-20 23:00:00,2026-04-20 19:00:00,Persistence,15456.44,14734.41,4
2026-04-21 00:00:00,2026-04-20 20:00:00,Persistence,16010.221,15110.69,4
2026-04-21 01:00:00,2026-04-20 21:00:00,Persistence,15905.117,15091.389,4
2026-04-21 02:00:00,2026-04-20 22:00:00,Persistence,15429.274,14557.596,4
2026-04-21 03:00:00,2026-04-20 23:00:00,Persistence,14891.345,14046.971,4
2026-04-21 04:00:00,2026-04-21 00:00:00,Persistence,14640.488000000001,13828.248,4
2026-04-21 05:00:00,2026-04-21 01:00:00,Persistence,14574.387,13634.691,4
2026-04-21 06:00:00,2026-04-21 02:00:00,Persistence,14605.100999999999,13653.844000000001,4
2026-04-21 07:00:00,2026-04-21 03:00:00,Persistence,14751.34,13849.422,4
2026-04-21 08:00:00,2026-04-21 04:00:00,Persistence,15116.692,14209.757000000001,4
2026-04-21 09:00:00,2026-04-21 05:00:00,Persistence,15863.193000000001,14953.155999999999,4
2026-04-21 10:00:00,2026-04-21 06:00:00,Persistence,16963.853000000003,16063.466,4
2026-04-21 11:00:00,2026-04-21 07:00:00,Persistence,17325.648,16643.095,4
2026-04-21 12:00:00,2026-04-21 08:00:00,Persistence,17025.456,16428.256999999998,4
2026-04-21 13:00:00,2026-04-21 09:00:00,Persistence,16532.808,16354.038,4
2026-04-21 14:00:00,2026-04-21 10:00:00,Persistence,16279.936,16195.841,4
2026-04-21 15:00:00,2026-04-21 11:00:00,Persistence,15930.75,16099.206,4
2026-04-21 16:00:00,2026-04-21 12:00:00,Persistence,15746.96,15837.617,4
2026-04-21 17:00:00,2026-04-21 13:00:00,Persistence,15653.456,15699.555,4
2026-04-21 18:00:00,2026-04-21 14:00:00,Persistence,15533.689,15477.125,4
2026-04-21 19:00:00,2026-04-21 15:00:00,Persistence,15485.978,15246.132,4
2026-04-21 20:00:00,2026-04-21 16:00:00,Persistence,15590.506000000001,15160.528,4
2026-04-21 21:00:00,2026-04-21 17:00:00,Persistence,15706.213,15187.512999999999,4
2026-04-21 22:00:00,2026-04-21 18:00:00,Persistence,15685.006,15262.426,4
2026-04-21 23:00:00,2026-04-21 19:00:00,Persistence,15850.363000000001,15456.44,4
2026-04-22 00:00:00,2026-04-21 20:00:00,Persistence,16042.802,16010.221,4
2026-04-22 01:00:00,2026-04-21 21:00:00,Persistence,15718.805,15905.117,4
2026-04-22 02:00:00,2026-04-21 22:00:00,Persistence,14975.48,15429.274,4
2026-04-22 03:00:00,2026-04-21 23:00:00,Persistence,14345.729,14891.345,4
2026-04-22 04:00:00,2026-04-22 00:00:00,Persistence,13855.353,14640.488000000001,4
2026-04-22 05:00:00,2026-04-22 01:00:00,Persistence,13566.885,14574.387,4
2026-04-22 06:00:00,2026-04-22 02:00:00,Persistence,13435.947,14605.100999999999,4
2026-04-22 07:00:00,2026-04-22 03:00:00,Persistence,13464.153,14751.34,4
2026-04-22 08:00:00,2026-04-22 04:00:00,Persistence,13708.887,15116.692,4
2026-04-22 09:00:00,2026-04-22 05:00:00,Persistence,14239.131000000001,15863.193000000001,4
2026-04-22 10:00:00,2026-04-22 06:00:00,Persistence,15152.849,16963.853000000003,4
2026-04-22 11:00:00,2026-04-22 07:00:00,Persistence,15648.612000000001,17325.648,4
2026-04-22 12:00:00,2026-04-22 08:00:00,Persistence,15769.957,17025.456,4
2026-04-22 13:00:00,2026-04-22 09:00:00,Persistence,15789.349,16532.808,4
2026-04-22 14:00:00,2026-04-22 10:00:00,Persistence,15762.471000000001,16279.936,4
2026-04-22 15:00:00,2026-04-22 11:00:00,Persistence,15801.539,15930.75,4
2026-04-22 16:00:00,2026-04-22 12:00:00,Persistence,15904.092,15746.96,4
2026-04-22 17:00:00,2026-04-22 13:00:00,Persistence,16084.485,15653.456,4
2026-04-22 18:00:00,2026-04-22 14:00:00,Persistence,16193.598,15533.689,4
2026-04-22 19:00:00,2026-04-22 15:00:00,Persistence,16405.220999999998,15485.978,4
2026-04-22 20:00:00,2026-04-22 16:00:00,Persistence,16476.518,15590.506000000001,4
2026-04-22 21:00:00,2026-04-22 17:00:00,Persistence,16494.966999999997,15706.213,4
2026-04-22 22:00:00,2026-04-22 18:00:00,Persistence,16555.601000000002,15685.006,4
2026-04-22 23:00:00,2026-04-22 19:00:00,Persistence,16403.004,15850.363000000001,4
2026-04-23 00:00:00,2026-04-22 20:00:00,Persistence,16425.733,16042.802,4
2026-04-23 01:00:00,2026-04-22 21:00:00,Persistence,16003.526000000002,15718.805,4
2026-04-23 02:00:00,2026-04-22 22:00:00,Persistence,15297.315,14975.48,4
2026-04-23 03:00:00,2026-04-22 23:00:00,Persistence,14507.749,14345.729,4
2026-04-23 04:00:00,2026-04-23 00:00:00,Persistence,13950.66,13855.353,4
2026-04-23 05:00:00,2026-04-23 01:00:00,Persistence,13645.062,13566.885,4
2026-04-23 06:00:00,2026-04-23 02:00:00,Persistence,13384.048,13435.947,4
2026-04-23 07:00:00,2026-04-23 03:00:00,Persistence,13319.185,13464.153,4
2026-04-23 08:00:00,2026-04-23 04:00:00,Persistence,13568.234,13708.887,4
2026-04-23 09:00:00,2026-04-23 05:00:00,Persistence,14081.755000000001,14239.131000000001,4
2026-04-23 10:00:00,2026-04-23 06:00:00,Persistence,14988.017,15152.849,4
2026-04-23 11:00:00,2026-04-23 07:00:00,Persistence,15518.963,15648.612000000001,4
2026-04-23 12:00:00,2026-04-23 08:00:00,Persistence,15639.339,15769.957,4
2026-04-23 13:00:00,2026-04-23 09:00:00,Persistence,15701.635,15789.349,4
2026-04-23 14:00:00,2026-04-23 10:00:00,Persistence,15810.412,15762.471000000001,4
2026-04-23 15:00:00,2026-04-23 11:00:00,Persistence,16053.772,15801.539,4
2026-04-23 16:00:00,2026-04-23 12:00:00,Persistence,16492.814,15904.092,4
2026-04-23 17:00:00,2026-04-23 13:00:00,Persistence,16795.856,16084.485,4
2026-04-23 18:00:00,2026-04-23 14:00:00,Persistence,17099.976000000002,16193.598,4
2026-04-23 19:00:00,2026-04-23 15:00:00,Persistence,17217.732000000004,16405.220999999998,4
2026-04-23 20:00:00,2026-04-23 16:00:00,Persistence,17506.256,16476.518,4
2026-04-23 21:00:00,2026-04-23 17:00:00,Persistence,17598.553,16494.966999999997,4
2026-04-23 22:00:00,2026-04-23 18:00:00,Persistence,17551.423000000003,16555.601000000002,4
2026-04-23 23:00:00,2026-04-23 19:00:00,Persistence,17337.811999999998,16403.004,4
2026-04-24 00:00:00,2026-04-23 20:00:00,Persistence,17169.47,16425.733,4
2026-04-24 01:00:00,2026-04-23 21:00:00,Persistence,16658.331,16003.526000000002,4
2026-04-24 02:00:00,2026-04-23 22:00:00,Persistence,15714.048999999999,15297.315,4
2026-04-24 03:00:00,2026-04-23 23:00:00,Persistence,14893.539,14507.749,4
2026-04-24 04:00:00,2026-04-24 00:00:00,Persistence,14220.265,13950.66,4
2026-04-24 05:00:00,2026-04-24 01:00:00,Persistence,13710.729,13645.062,4
2026-04-24 06:00:00,2026-04-24 02:00:00,Persistence,13436.438999999998,13384.048,4
2026-04-24 07:00:00,2026-04-24 03:00:00,Persistence,13291.704999999998,13319.185,4
2026-04-24 08:00:00,2026-04-24 04:00:00,Persistence,13346.931,13568.234,4
2026-04-24 09:00:00,2026-04-24 05:00:00,Persistence,13937.527,14081.755000000001,4
2026-04-24 10:00:00,2026-04-24 06:00:00,Persistence,14666.719000000001,14988.017,4
2026-04-24 11:00:00,2026-04-24 07:00:00,Persistence,15189.562,15518.963,4
2026-04-24 12:00:00,2026-04-24 08:00:00,Persistence,15541.635,15639.339,4
2026-04-24 13:00:00,2026-04-24 09:00:00,Persistence,15753.258,15701.635,4
2026-04-24 14:00:00,2026-04-24 10:00:00,Persistence,15966.122,15810.412,4
2026-04-24 15:00:00,2026-04-24 11:00:00,Persistence,16312.409,16053.772,4
2026-04-24 16:00:00,2026-04-24 12:00:00,Persistence,16546.831,16492.814,4
2026-04-24 17:00:00,2026-04-24 13:00:00,Persistence,16996.364999999998,16795.856,4
2026-04-24 18:00:00,2026-04-24 14:00:00,Persistence,17154.443,17099.976000000002,4
2026-04-24 19:00:00,2026-04-24 15:00:00,Persistence,17310.566,17217.732000000004,4
2026-04-24 20:00:00,2026-04-24 16:00:00,Persistence,17418.277000000002,17506.256,4
2026-04-24 21:00:00,2026-04-24 17:00:00,Persistence,17444.252,17598.553,4
2026-04-24 22:00:00,2026-04-24 18:00:00,Persistence,17231.374,17551.423000000003,4
2026-04-24 23:00:00,2026-04-24 19:00:00,Persistence,16859.179,17337.811999999998,4
2026-04-25 00:00:00,2026-04-24 20:00:00,Persistence,16640.078,17169.47,4
2026-04-25 01:00:00,2026-04-24 21:00:00,Persistence,16223.373,16658.331,4
2026-04-25 02:00:00,2026-04-24 22:00:00,Persistence,15405.066,15714.048999999999,4
2026-04-25 03:00:00,2026-04-24 23:00:00,Persistence,14565.149,14893.539,4
2026-04-25 04:00:00,2026-04-25 00:00:00,Persistence,13779.314999999999,14220.265,4
2026-04-25 05:00:00,2026-04-25 01:00:00,Persistence,13416.499,13710.729,4
2026-04-25 06:00:00,2026-04-25 02:00:00,Persistence,13143.752,13436.438999999998,4
2026-04-25 07:00:00,2026-04-25 03:00:00,Persistence,12984.437,13291.704999999998,4
2026-04-25 08:00:00,2026-04-25 04:00:00,Persistence,12959.974,13346.931,4
2026-04-25 09:00:00,2026-04-25 05:00:00,Persistence,13100.407,13937.527,4
2026-04-25 10:00:00,2026-04-25 06:00:00,Persistence,13337.791000000001,14666.719000000001,4
2026-04-25 11:00:00,2026-04-25 07:00:00,Persistence,13691.589,15189.562,4
2026-04-25 12:00:00,2026-04-25 08:00:00,Persistence,14054.818,15541.635,4
2026-04-25 13:00:00,2026-04-25 09:00:00,Persistence,14332.348999999998,15753.258,4
2026-04-25 14:00:00,2026-04-25 10:00:00,Persistence,14462.792000000001,15966.122,4
2026-04-25 15:00:00,2026-04-25 11:00:00,Persistence,14640.881000000001,16312.409,4
2026-04-25 16:00:00,2026-04-25 12:00:00,Persistence,14733.583999999999,16546.831,4
2026-04-25 17:00:00,2026-04-25 13:00:00,Persistence,14899.864000000001,16996.364999999998,4
2026-04-25 18:00:00,2026-04-25 14:00:00,Persistence,14954.626,17154.443,4
2026-04-25 19:00:00,2026-04-25 15:00:00,Persistence,14941.895,17310.566,4
2026-04-25 20:00:00,2026-04-25 16:00:00,Persistence,15099.07,17418.277000000002,4
2026-04-25 21:00:00,2026-04-25 17:00:00,Persistence,15258.724,17444.252,4
2026-04-25 22:00:00,2026-04-25 18:00:00,Persistence,15240.294,17231.374,4
2026-04-25 23:00:00,2026-04-25 19:00:00,Persistence,15121.766,16859.179,4
2026-04-26 00:00:00,2026-04-25 20:00:00,Persistence,14965.946,16640.078,4
2026-04-26 01:00:00,2026-04-25 21:00:00,Persistence,14737.351,16223.373,4
2026-04-26 02:00:00,2026-04-25 22:00:00,Persistence,14113.195,15405.066,4
2026-04-26 03:00:00,2026-04-25 23:00:00,Persistence,13496.41,14565.149,4
2026-04-26 04:00:00,2026-04-26 00:00:00,Persistence,13069.923,13779.314999999999,4
2026-04-26 05:00:00,2026-04-26 01:00:00,Persistence,12775.065,13416.499,4
2026-04-26 06:00:00,2026-04-26 02:00:00,Persistence,12541.75,13143.752,4
2026-04-26 07:00:00,2026-04-26 03:00:00,Persistence,12504.298999999999,12984.437,4
2026-04-26 08:00:00,2026-04-26 04:00:00,Persistence,12518.961,12959.974,4
2026-04-26 09:00:00,2026-04-26 05:00:00,Persistence,12571.56,13100.407,4
2026-04-26 10:00:00,2026-04-26 06:00:00,Persistence,12892.669,13337.791000000001,4
2026-04-26 11:00:00,2026-04-26 07:00:00,Persistence,13150.23,13691.589,4
2026-04-26 12:00:00,2026-04-26 08:00:00,Persistence,13653.842,14054.818,4
2026-04-26 13:00:00,2026-04-26 09:00:00,Persistence,14046.891,14332.348999999998,4
2026-04-26 14:00:00,2026-04-26 10:00:00,Persistence,14117.974,14462.792000000001,4
2026-04-26 15:00:00,2026-04-26 11:00:00,Persistence,14265.087,14640.881000000001,4
2026-04-26 16:00:00,2026-04-26 12:00:00,Persistence,14317.961,14733.583999999999,4
2026-04-26 17:00:00,2026-04-26 13:00:00,Persistence,14240.627,14899.864000000001,4
2026-04-26 18:00:00,2026-04-26 14:00:00,Persistence,14233.061,14954.626,4
2026-04-26 19:00:00,2026-04-26 15:00:00,Persistence,14116.719000000001,14941.895,4
2026-04-26 20:00:00,2026-04-26 16:00:00,Persistence,14358.071,15099.07,4
2026-04-26 21:00:00,2026-04-26 17:00:00,Persistence,14641.332,15258.724,4
2026-04-26 22:00:00,2026-04-26 18:00:00,Persistence,14707.604,15240.294,4
2026-04-26 23:00:00,2026-04-26 19:00:00,Persistence,14652.224000000002,15121.766,4
2026-04-27 00:00:00,2026-04-26 20:00:00,Persistence,14925.718,14965.946,4
2026-04-27 01:00:00,2026-04-26 21:00:00,Persistence,14829.775,14737.351,4
2026-04-27 02:00:00,2026-04-26 22:00:00,Persistence,14263.794,14113.195,4
2026-04-27 03:00:00,2026-04-26 23:00:00,Persistence,13627.896,13496.41,4
2026-04-27 04:00:00,2026-04-27 00:00:00,Persistence,13234.52,13069.923,4
2026-04-27 05:00:00,2026-04-27 01:00:00,Persistence,13031.745,12775.065,4
2026-04-27 06:00:00,2026-04-27 02:00:00,Persistence,12953.631,12541.75,4
2026-04-27 07:00:00,2026-04-27 03:00:00,Persistence,12976.764,12504.298999999999,4
2026-04-27 08:00:00,2026-04-27 04:00:00,Persistence,13301.567,12518.961,4
2026-04-27 09:00:00,2026-04-27 05:00:00,Persistence,13952.309000000001,12571.56,4
2026-04-27 10:00:00,2026-04-27 06:00:00,Persistence,14866.458,12892.669,4
2026-04-27 11:00:00,2026-04-27 07:00:00,Persistence,15298.25,13150.23,4
2026-04-27 12:00:00,2026-04-27 08:00:00,Persistence,15432.887,13653.842,4
2026-04-27 13:00:00,2026-04-27 09:00:00,Persistence,15362.997,14046.891,4
2026-04-27 14:00:00,2026-04-27 10:00:00,Persistence,15464.053,14117.974,4
2026-04-27 15:00:00,2026-04-27 11:00:00,Persistence,15438.162,14265.087,4
2026-04-27 16:00:00,2026-04-27 12:00:00,Persistence,15536.801,14317.961,4
2026-04-27 17:00:00,2026-04-27 13:00:00,Persistence,15707.867,14240.627,4
2026-04-27 18:00:00,2026-04-27 14:00:00,Persistence,15981.243999999999,14233.061,4
2026-04-27 19:00:00,2026-04-27 15:00:00,Persistence,16126.295999999998,14116.719000000001,4
2026-04-27 20:00:00,2026-04-27 16:00:00,Persistence,16377.985,14358.071,4
2026-04-27 21:00:00,2026-04-27 17:00:00,Persistence,16528.292999999998,14641.332,4
2026-04-27 22:00:00,2026-04-27 18:00:00,Persistence,16391.28,14707.604,4
2026-04-27 23:00:00,2026-04-27 19:00:00,Persistence,16351.686000000002,14652.224000000002,4
2026-04-28 00:00:00,2026-04-27 20:00:00,Persistence,16298.655999999999,14925.718,4
2026-04-28 01:00:00,2026-04-27 21:00:00,Persistence,15853.772,14829.775,4
2026-04-28 02:00:00,2026-04-27 22:00:00,Persistence,15201.157000000001,14263.794,4
2026-04-28 03:00:00,2026-04-27 23:00:00,Persistence,14506.845000000001,13627.896,4
2026-04-28 04:00:00,2026-04-28 00:00:00,Persistence,14028.948,13234.52,4
2026-04-28 05:00:00,2026-04-28 01:00:00,Persistence,13613.033,13031.745,4
2026-04-28 06:00:00,2026-04-28 02:00:00,Persistence,13336.092,12953.631,4
2026-04-28 07:00:00,2026-04-28 03:00:00,Persistence,13300.148,12976.764,4
2026-04-28 08:00:00,2026-04-28 04:00:00,Persistence,13400.168,13301.567,4
2026-04-28 09:00:00,2026-04-28 05:00:00,Persistence,13919.628,13952.309000000001,4
2026-04-28 10:00:00,2026-04-28 06:00:00,Persistence,14891.919,14866.458,4
2026-04-28 11:00:00,2026-04-28 07:00:00,Persistence,15370.688,15298.25,4
2026-04-28 12:00:00,2026-04-28 08:00:00,Persistence,15419.7,15432.887,4
2026-04-28 13:00:00,2026-04-28 09:00:00,Persistence,15633.479,15362.997,4
2026-04-28 14:00:00,2026-04-28 10:00:00,Persistence,15712.364000000001,15464.053,4
2026-04-28 15:00:00,2026-04-28 11:00:00,Persistence,15752.75,15438.162,4
2026-04-28 16:00:00,2026-04-28 12:00:00,Persistence,15863.155999999999,15536.801,4
2026-04-28 17:00:00,2026-04-28 13:00:00,Persistence,15906.192,15707.867,4
2026-04-28 18:00:00,2026-04-28 14:00:00,Persistence,15905.130000000001,15981.243999999999,4
2026-04-28 19:00:00,2026-04-28 15:00:00,Persistence,15900.408,16126.295999999998,4
2026-04-28 20:00:00,2026-04-28 16:00:00,Persistence,15969.625,16377.985,4
2026-04-28 21:00:00,2026-04-28 17:00:00,Persistence,16178.457,16528.292999999998,4
2026-04-28 22:00:00,2026-04-28 18:00:00,Persistence,16221.42,16391.28,4
2026-04-28 23:00:00,2026-04-28 19:00:00,Persistence,16070.372,16351.686000000002,4
2026-04-29 00:00:00,2026-04-28 20:00:00,Persistence,16112.55,16298.655999999999,4
2026-04-29 01:00:00,2026-04-28 21:00:00,Persistence,15848.248,15853.772,4
2026-04-29 02:00:00,2026-04-28 22:00:00,Persistence,15025.294,15201.157000000001,4
2026-04-29 03:00:00,2026-04-28 23:00:00,Persistence,14225.457,14506.845000000001,4
2026-04-29 04:00:00,2026-04-29 00:00:00,Persistence,13647.09,14028.948,4
2026-04-29 05:00:00,2026-04-29 01:00:00,Persistence,13315.075,13613.033,4
2026-04-29 06:00:00,2026-04-29 02:00:00,Persistence,13113.492,13336.092,4
2026-04-29 07:00:00,2026-04-29 03:00:00,Persistence,13057.775000000001,13300.148,4
2026-04-29 08:00:00,2026-04-29 04:00:00,Persistence,13296.185,13400.168,4
2026-04-29 09:00:00,2026-04-29 05:00:00,Persistence,13746.628999999999,13919.628,4
2026-04-29 10:00:00,2026-04-29 06:00:00,Persistence,14594.607,14891.919,4
2026-04-29 11:00:00,2026-04-29 07:00:00,Persistence,15098.259,15370.688,4
2026-04-29 12:00:00,2026-04-29 08:00:00,Persistence,15309.586,15419.7,4
2026-04-29 13:00:00,2026-04-29 09:00:00,Persistence,15508.402999999998,15633.479,4
2026-04-29 14:00:00,2026-04-29 10:00:00,Persistence,15767.371,15712.364000000001,4
2026-04-29 15:00:00,2026-04-29 11:00:00,Persistence,15866.796999999999,15752.75,4
2026-04-29 16:00:00,2026-04-29 12:00:00,Persistence,15872.645,15863.155999999999,4
2026-04-29 17:00:00,2026-04-29 13:00:00,Persistence,15868.462,15906.192,4
2026-04-29 18:00:00,2026-04-29 14:00:00,Persistence,15874.473,15905.130000000001,4
2026-04-29 19:00:00,2026-04-29 15:00:00,Persistence,15749.831,15900.408,4
2026-04-29 20:00:00,2026-04-29 16:00:00,Persistence,15699.452,15969.625,4
2026-04-29 21:00:00,2026-04-29 17:00:00,Persistence,15695.162,16178.457,4
2026-04-29 22:00:00,2026-04-29 18:00:00,Persistence,15667.683,16221.42,4
2026-04-29 23:00:00,2026-04-29 19:00:00,Persistence,15582.359,16070.372,4
2026-04-30 00:00:00,2026-04-29 20:00:00,Persistence,15665.519,16112.55,4
2026-04-30 01:00:00,2026-04-29 21:00:00,Persistence,15450.752,15848.248,4
2026-04-30 02:00:00,2026-04-29 22:00:00,Persistence,14761.486,15025.294,4
2026-04-30 03:00:00,2026-04-29 23:00:00,Persistence,14079.894,14225.457,4
2026-04-30 04:00:00,2026-04-30 00:00:00,Persistence,13666.528,13647.09,4
2026-04-30 05:00:00,2026-04-30 01:00:00,Persistence,13344.652999999998,13315.075,4
2026-04-30 06:00:00,2026-04-30 02:00:00,Persistence,13280.766,13113.492,4
2026-04-30 07:00:00,2026-04-30 03:00:00,Persistence,13228.354,13057.775000000001,4
2026-04-30 08:00:00,2026-04-30 04:00:00,Persistence,13515.684000000001,13296.185,4
2026-04-30 09:00:00,2026-04-30 05:00:00,Persistence,14044.643,13746.628999999999,4
2026-04-30 10:00:00,2026-04-30 06:00:00,Persistence,15025.060000000001,14594.607,4
2026-04-30 11:00:00,2026-04-30 07:00:00,Persistence,15519.867,15098.259,4
2026-04-30 12:00:00,2026-04-30 08:00:00,Persistence,15775.848000000002,15309.586,4
2026-04-30 13:00:00,2026-04-30 09:00:00,Persistence,15704.339,15508.402999999998,4
2026-04-30 14:00:00,2026-04-30 10:00:00,Persistence,15724.128,15767.371,4
2026-04-30 15:00:00,2026-04-30 11:00:00,Persistence,15601.08,15866.796999999999,4
2026-04-30 16:00:00,2026-04-30 12:00:00,Persistence,15531.973,15872.645,4
2026-04-30 17:00:00,2026-04-30 13:00:00,Persistence,15395.125,15868.462,4
2026-04-30 18:00:00,2026-04-30 14:00:00,Persistence,15169.909,15874.473,4
2026-04-30 19:00:00,2026-04-30 15:00:00,Persistence,15028.029999999999,15749.831,4
2026-04-30 20:00:00,2026-04-30 16:00:00,Persistence,14989.043000000001,15699.452,4
2026-04-30 21:00:00,2026-04-30 17:00:00,Persistence,15003.978,15695.162,4
2026-04-30 22:00:00,2026-04-30 18:00:00,Persistence,15028.363,15667.683,4
2026-04-30 23:00:00,2026-04-30 19:00:00,Persistence,15203.953000000001,15582.359,4
2026-05-01 00:00:00,2026-04-30 20:00:00,Persistence,15396.28,15665.519,4
2026-05-01 01:00:00,2026-04-30 21:00:00,Persistence,15461.01,15450.752,4
2026-05-01 02:00:00,2026-04-30 22:00:00,Persistence,14901.68,14761.486,4
2026-05-01 03:00:00,2026-04-30 23:00:00,Persistence,14422.850999999999,14079.894,4
2026-05-01 04:00:00,2026-05-01 00:00:00,Persistence,13945.405999999999,13666.528,4
2026-05-01 05:00:00,2026-05-01 01:00:00,Persistence,13761.863000000001,13344.652999999998,4
2026-05-01 06:00:00,2026-05-01 02:00:00,Persistence,13726.514000000001,13280.766,4
2026-05-01 07:00:00,2026-05-01 03:00:00,Persistence,13768.387,13228.354,4
2026-05-01 08:00:00,2026-05-01 04:00:00,Persistence,14048.603,13515.684000000001,4
2026-05-01 09:00:00,2026-05-01 05:00:00,Persistence,14635.093,14044.643,4
2026-05-01 10:00:00,2026-05-01 06:00:00,Persistence,15584.461,15025.060000000001,4
2026-05-01 11:00:00,2026-05-01 07:00:00,Persistence,16074.819,15519.867,4
2026-05-01 12:00:00,2026-05-01 08:00:00,Persistence,16118.05,15775.848000000002,4
2026-05-01 13:00:00,2026-05-01 09:00:00,Persistence,15923.743999999999,15704.339,4
2026-05-01 14:00:00,2026-05-01 10:00:00,Persistence,15876.421,15724.128,4
2026-05-01 15:00:00,2026-05-01 11:00:00,Persistence,15646.401999999998,15601.08,4
2026-05-01 16:00:00,2026-05-01 12:00:00,Persistence,15454.802,15531.973,4
2026-05-01 17:00:00,2026-05-01 13:00:00,Persistence,15420.645,15395.125,4
2026-05-01 18:00:00,2026-05-01 14:00:00,Persistence,15387.409,15169.909,4
2026-05-01 19:00:00,2026-05-01 15:00:00,Persistence,15050.541,15028.029999999999,4
2026-05-01 20:00:00,2026-05-01 16:00:00,Persistence,15167.832999999999,14989.043000000001,4
2026-05-01 21:00:00,2026-05-01 17:00:00,Persistence,15182.512,15003.978,4
2026-05-01 22:00:00,2026-05-01 18:00:00,Persistence,14993.511999999999,15028.363,4
2026-05-01 23:00:00,2026-05-01 19:00:00,Persistence,14996.921,15203.953000000001,4
2026-05-02 00:00:00,2026-05-01 20:00:00,Persistence,15259.301,15396.28,4
2026-05-02 01:00:00,2026-05-01 21:00:00,Persistence,15255.241,15461.01,4
2026-05-02 02:00:00,2026-05-01 22:00:00,Persistence,14835.291000000001,14901.68,4
2026-05-02 03:00:00,2026-05-01 23:00:00,Persistence,14256.228,14422.850999999999,4
2026-05-02 04:00:00,2026-05-02 00:00:00,Persistence,13876.029999999999,13945.405999999999,4
2026-05-02 05:00:00,2026-05-02 01:00:00,Persistence,13652.657,13761.863000000001,4
2026-05-02 06:00:00,2026-05-02 02:00:00,Persistence,13572.123,13726.514000000001,4
2026-05-02 07:00:00,2026-05-02 03:00:00,Persistence,13513.069,13768.387,4
2026-05-02 08:00:00,2026-05-02 04:00:00,Persistence,13684.476999999999,14048.603,4
2026-05-02 09:00:00,2026-05-02 05:00:00,Persistence,13945.134,14635.093,4
2026-05-02 10:00:00,2026-05-02 06:00:00,Persistence,14365.836,15584.461,4
2026-05-02 11:00:00,2026-05-02 07:00:00,Persistence,14661.395999999999,16074.819,4
2026-05-02 12:00:00,2026-05-02 08:00:00,Persistence,14907.432999999999,16118.05,4
2026-05-02 13:00:00,2026-05-02 09:00:00,Persistence,14814.939,15923.743999999999,4
2026-05-02 14:00:00,2026-05-02 10:00:00,Persistence,14772.323,15876.421,4
2026-05-02 15:00:00,2026-05-02 11:00:00,Persistence,14805.295,15646.401999999998,4
2026-05-02 16:00:00,2026-05-02 12:00:00,Persistence,14643.382,15454.802,4
2026-05-02 17:00:00,2026-05-02 13:00:00,Persistence,14387.55,15420.645,4
2026-05-02 18:00:00,2026-05-02 14:00:00,Persistence,14295.571,15387.409,4
2026-05-02 19:00:00,2026-05-02 15:00:00,Persistence,14218.699,15050.541,4
2026-05-02 20:00:00,2026-05-02 16:00:00,Persistence,14305.237,15167.832999999999,4
2026-05-02 21:00:00,2026-05-02 17:00:00,Persistence,14457.851,15182.512,4
2026-05-02 22:00:00,2026-05-02 18:00:00,Persistence,14523.402,14993.511999999999,4
2026-05-02 23:00:00,2026-05-02 19:00:00,Persistence,14543.385,14996.921,4
2026-05-03 00:00:00,2026-05-02 20:00:00,Persistence,14881.669,15259.301,4
2026-05-03 01:00:00,2026-05-02 21:00:00,Persistence,14901.117,15255.241,4
2026-05-03 02:00:00,2026-05-02 22:00:00,Persistence,14585.007,14835.291000000001,4
2026-05-03 03:00:00,2026-05-02 23:00:00,Persistence,14290.133,14256.228,4
2026-05-03 04:00:00,2026-05-03 00:00:00,Persistence,14038.516,13876.029999999999,4
2026-05-03 05:00:00,2026-05-03 01:00:00,Persistence,13993.964,13652.657,4
2026-05-03 06:00:00,2026-05-03 02:00:00,Persistence,13941.571,13572.123,4
2026-05-03 07:00:00,2026-05-03 03:00:00,Persistence,14104.788,13513.069,4
2026-05-03 08:00:00,2026-05-03 04:00:00,Persistence,14199.972,13684.476999999999,4
2026-05-03 09:00:00,2026-05-03 05:00:00,Persistence,14505.052,13945.134,4
2026-05-03 10:00:00,2026-05-03 06:00:00,Persistence,14842.405,14365.836,4
2026-05-03 11:00:00,2026-05-03 07:00:00,Persistence,15086.546999999999,14661.395999999999,4
2026-05-03 12:00:00,2026-05-03 08:00:00,Persistence,15163.716,14907.432999999999,4
2026-05-03 13:00:00,2026-05-03 09:00:00,Persistence,14875.827000000001,14814.939,4
2026-05-03 14:00:00,2026-05-03 10:00:00,Persistence,14554.544000000002,14772.323,4
2026-05-03 15:00:00,2026-05-03 11:00:00,Persistence,14322.644,14805.295,4
2026-05-03 16:00:00,2026-05-03 12:00:00,Persistence,14228.757000000001,14643.382,4
2026-05-03 17:00:00,2026-05-03 13:00:00,Persistence,14024.725999999999,14387.55,4
2026-05-03 18:00:00,2026-05-03 14:00:00,Persistence,13818.856,14295.571,4
2026-05-03 19:00:00,2026-05-03 15:00:00,Persistence,13982.932,14218.699,4
2026-05-03 20:00:00,2026-05-03 16:00:00,Persistence,14058.723000000002,14305.237,4
2026-05-03 21:00:00,2026-05-03 17:00:00,Persistence,14334.706999999999,14457.851,4
2026-05-03 22:00:00,2026-05-03 18:00:00,Persistence,14517.865,14523.402,4
2026-05-03 23:00:00,2026-05-03 19:00:00,Persistence,14719.002,14543.385,4
2026-05-04 00:00:00,2026-05-03 20:00:00,Persistence,15028.349,14881.669,4
2026-05-04 01:00:00,2026-05-03 21:00:00,Persistence,14893.233,14901.117,4
2026-05-04 02:00:00,2026-05-03 22:00:00,Persistence,14633.201000000001,14585.007,4
2026-05-04 03:00:00,2026-05-03 23:00:00,Persistence,14121.544,14290.133,4
2026-05-04 04:00:00,2026-05-04 00:00:00,Persistence,13879.893,14038.516,4
2026-05-04 05:00:00,2026-05-04 01:00:00,Persistence,13585.546999999999,13993.964,4
2026-05-04 06:00:00,2026-05-04 02:00:00,Persistence,13522.454,13941.571,4
2026-05-04 07:00:00,2026-05-04 03:00:00,Persistence,13711.314,14104.788,4
2026-05-04 08:00:00,2026-05-04 04:00:00,Persistence,14153.391,14199.972,4
2026-05-04 09:00:00,2026-05-04 05:00:00,Persistence,14718.27,14505.052,4
2026-05-04 10:00:00,2026-05-04 06:00:00,Persistence,15615.015,14842.405,4
2026-05-04 11:00:00,2026-05-04 07:00:00,Persistence,15988.855,15086.546999999999,4
2026-05-04 12:00:00,2026-05-04 08:00:00,Persistence,16058.541000000001,15163.716,4
2026-05-04 13:00:00,2026-05-04 09:00:00,Persistence,15993.723,14875.827000000001,4
2026-05-04 14:00:00,2026-05-04 10:00:00,Persistence,15901.236,14554.544000000002,4
2026-05-04 15:00:00,2026-05-04 11:00:00,Persistence,15838.813,14322.644,4
2026-05-04 16:00:00,2026-05-04 12:00:00,Persistence,15819.344000000001,14228.757000000001,4
2026-05-04 17:00:00,2026-05-04 13:00:00,Persistence,15869.719000000001,14024.725999999999,4
2026-05-04 18:00:00,2026-05-04 14:00:00,Persistence,15863.462,13818.856,4
2026-05-04 19:00:00,2026-05-04 15:00:00,Persistence,15883.559000000001,13982.932,4
2026-05-04 20:00:00,2026-05-04 16:00:00,Persistence,15938.186000000002,14058.723000000002,4
2026-05-04 21:00:00,2026-05-04 17:00:00,Persistence,16107.715,14334.706999999999,4
2026-05-04 22:00:00,2026-05-04 18:00:00,Persistence,16233.613000000001,14517.865,4
2026-05-04 23:00:00,2026-05-04 19:00:00,Persistence,16335.313000000002,14719.002,4
2026-05-05 00:00:00,2026-05-04 20:00:00,Persistence,16368.021999999999,15028.349,4
2026-05-05 01:00:00,2026-05-04 21:00:00,Persistence,16094.825,14893.233,4
2026-05-05 02:00:00,2026-05-04 22:00:00,Persistence,15451.268,14633.201000000001,4
2026-05-05 03:00:00,2026-05-04 23:00:00,Persistence,14693.555,14121.544,4
2026-05-05 04:00:00,2026-05-05 00:00:00,Persistence,14100.616000000002,13879.893,4
2026-05-05 05:00:00,2026-05-05 01:00:00,Persistence,13766.003,13585.546999999999,4
2026-05-05 06:00:00,2026-05-05 02:00:00,Persistence,13515.24,13522.454,4
2026-05-05 07:00:00,2026-05-05 03:00:00,Persistence,13534.608,13711.314,4
2026-05-05 08:00:00,2026-05-05 04:00:00,Persistence,13646.686,14153.391,4
2026-05-05 09:00:00,2026-05-05 05:00:00,Persistence,14238.041000000001,14718.27,4
2026-05-05 10:00:00,2026-05-05 06:00:00,Persistence,15062.285,15615.015,4
2026-05-05 11:00:00,2026-05-05 07:00:00,Persistence,15475.715,15988.855,4
2026-05-05 12:00:00,2026-05-05 08:00:00,Persistence,15663.058,16058.541000000001,4
2026-05-05 13:00:00,2026-05-05 09:00:00,Persistence,15716.164,15993.723,4
2026-05-05 14:00:00,2026-05-05 10:00:00,Persistence,15834.239000000001,15901.236,4
2026-05-05 15:00:00,2026-05-05 11:00:00,Persistence,16002.262999999999,15838.813,4
2026-05-05 16:00:00,2026-05-05 12:00:00,Persistence,16183.261000000002,15819.344000000001,4
2026-05-05 17:00:00,2026-05-05 13:00:00,Persistence,16340.747,15869.719000000001,4
2026-05-05 18:00:00,2026-05-05 14:00:00,Persistence,16278.307,15863.462,4
2026-05-05 19:00:00,2026-05-05 15:00:00,Persistence,16229.953000000001,15883.559000000001,4
2026-05-05 20:00:00,2026-05-05 16:00:00,Persistence,16241.853,15938.186000000002,4
2026-05-05 21:00:00,2026-05-05 17:00:00,Persistence,16329.771999999999,16107.715,4
2026-05-05 22:00:00,2026-05-05 18:00:00,Persistence,16261.702000000001,16233.613000000001,4
2026-05-05 23:00:00,2026-05-05 19:00:00,Persistence,16400.387,16335.313000000002,4
2026-05-06 00:00:00,2026-05-05 20:00:00,Persistence,16296.319,16368.021999999999,4
2026-05-06 01:00:00,2026-05-05 21:00:00,Persistence,16104.481,16094.825,4
2026-05-06 02:00:00,2026-05-05 22:00:00,Persistence,15378.401,15451.268,4
2026-05-06 03:00:00,2026-05-05 23:00:00,Persistence,14706.614000000001,14693.555,4
2026-05-06 04:00:00,2026-05-06 00:00:00,Persistence,14155.530999999999,14100.616000000002,4
2026-05-06 05:00:00,2026-05-06 01:00:00,Persistence,13911.15,13766.003,4
2026-05-06 06:00:00,2026-05-06 02:00:00,Persistence,13728.181,13515.24,4
2026-05-06 07:00:00,2026-05-06 03:00:00,Persistence,13664.715,13534.608,4
2026-05-06 08:00:00,2026-05-06 04:00:00,Persistence,13842.32,13646.686,4
2026-05-06 09:00:00,2026-05-06 05:00:00,Persistence,14302.153999999999,14238.041000000001,4
2026-05-06 10:00:00,2026-05-06 06:00:00,Persistence,15128.145,15062.285,4
2026-05-06 11:00:00,2026-05-06 07:00:00,Persistence,15521.977,15475.715,4
2026-05-06 12:00:00,2026-05-06 08:00:00,Persistence,15780.373,15663.058,4
2026-05-06 13:00:00,2026-05-06 09:00:00,Persistence,15854.298999999999,15716.164,4
2026-05-06 14:00:00,2026-05-06 10:00:00,Persistence,15740.101999999999,15834.239000000001,4
2026-05-06 15:00:00,2026-05-06 11:00:00,Persistence,15603.901,16002.262999999999,4
2026-05-06 16:00:00,2026-05-06 12:00:00,Persistence,15812.255,16183.261000000002,4
2026-05-06 17:00:00,2026-05-06 13:00:00,Persistence,15803.468,16340.747,4
2026-05-06 18:00:00,2026-05-06 14:00:00,Persistence,15692.723,16278.307,4
2026-05-06 19:00:00,2026-05-06 15:00:00,Persistence,15594.429,16229.953000000001,4
2026-05-06 20:00:00,2026-05-06 16:00:00,Persistence,15562.832,16241.853,4
2026-05-06 21:00:00,2026-05-06 17:00:00,Persistence,15785.573,16329.771999999999,4
2026-05-06 22:00:00,2026-05-06 18:00:00,Persistence,15785.097,16261.702000000001,4
2026-05-06 23:00:00,2026-05-06 19:00:00,Persistence,15837.427,16400.387,4
2026-05-07 00:00:00,2026-05-06 20:00:00,Persistence,15952.227,16296.319,4
2026-05-07 01:00:00,2026-05-06 21:00:00,Persistence,15857.357,16104.481,4
2026-05-07 02:00:00,2026-05-06 22:00:00,Persistence,15254.66,15378.401,4
2026-05-07 03:00:00,2026-05-06 23:00:00,Persistence,14480.307,14706.614000000001,4
2026-05-07 04:00:00,2026-05-07 00:00:00,Persistence,14025.194,14155.530999999999,4
2026-05-07 05:00:00,2026-05-07 01:00:00,Persistence,13788.734,13911.15,4
2026-05-07 06:00:00,2026-05-07 02:00:00,Persistence,13772.027,13728.181,4
2026-05-07 07:00:00,2026-05-07 03:00:00,Persistence,13805.354,13664.715,4
2026-05-07 08:00:00,2026-05-07 04:00:00,Persistence,14090.359,13842.32,4
2026-05-07 09:00:00,2026-05-07 05:00:00,Persistence,14546.252,14302.153999999999,4
2026-05-07 10:00:00,2026-05-07 06:00:00,Persistence,15471.772,15128.145,4
2026-05-07 11:00:00,2026-05-07 07:00:00,Persistence,15864.212,15521.977,4
2026-05-07 12:00:00,2026-05-07 08:00:00,Persistence,16051.853,15780.373,4
2026-05-07 13:00:00,2026-05-07 09:00:00,Persistence,15978.667000000001,15854.298999999999,4
2026-05-07 14:00:00,2026-05-07 10:00:00,Persistence,15982.0,15740.101999999999,4
2026-05-07 15:00:00,2026-05-07 11:00:00,Persistence,15877.315,15603.901,4
2026-05-07 16:00:00,2026-05-07 12:00:00,Persistence,15777.028,15812.255,4
2026-05-07 17:00:00,2026-05-07 13:00:00,Persistence,15614.455000000002,15803.468,4
2026-05-07 18:00:00,2026-05-07 14:00:00,Persistence,15563.547999999999,15692.723,4
2026-05-07 19:00:00,2026-05-07 15:00:00,Persistence,15452.79,15594.429,4
2026-05-07 20:00:00,2026-05-07 16:00:00,Persistence,15449.692,15562.832,4
2026-05-07 21:00:00,2026-05-07 17:00:00,Persistence,15391.764000000001,15785.573,4
2026-05-07 22:00:00,2026-05-07 18:00:00,Persistence,15463.368,15785.097,4
2026-05-07 23:00:00,2026-05-07 19:00:00,Persistence,15537.078,15837.427,4
2026-05-08 00:00:00,2026-05-07 20:00:00,Persistence,15757.849,15952.227,4
2026-05-08 01:00:00,2026-05-07 21:00:00,Persistence,15748.609,15857.357,4
2026-05-08 02:00:00,2026-05-07 22:00:00,Persistence,15194.613000000001,15254.66,4
2026-05-08 03:00:00,2026-05-07 23:00:00,Persistence,14720.046,14480.307,4
2026-05-08 04:00:00,2026-05-08 00:00:00,Persistence,14345.475,14025.194,4
2026-05-08 05:00:00,2026-05-08 01:00:00,Persistence,14074.587,13788.734,4
2026-05-08 06:00:00,2026-05-08 02:00:00,Persistence,14004.455000000002,13772.027,4
2026-05-08 07:00:00,2026-05-08 03:00:00,Persistence,14011.49,13805.354,4
2026-05-08 08:00:00,2026-05-08 04:00:00,Persistence,14456.653,14090.359,4
2026-05-08 09:00:00,2026-05-08 05:00:00,Persistence,15103.925,14546.252,4
2026-05-08 10:00:00,2026-05-08 06:00:00,Persistence,15991.411,15471.772,4
2026-05-08 11:00:00,2026-05-08 07:00:00,Persistence,16392.294,15864.212,4
2026-05-08 12:00:00,2026-05-08 08:00:00,Persistence,16426.642,16051.853,4
2026-05-08 13:00:00,2026-05-08 09:00:00,Persistence,16214.503,15978.667000000001,4
2026-05-08 14:00:00,2026-05-08 10:00:00,Persistence,16049.499,15982.0,4
2026-05-08 15:00:00,2026-05-08 11:00:00,Persistence,15881.490000000002,15877.315,4
2026-05-08 16:00:00,2026-05-08 12:00:00,Persistence,15798.458,15777.028,4
2026-05-08 17:00:00,2026-05-08 13:00:00,Persistence,15770.873,15614.455000000002,4
2026-05-08 18:00:00,2026-05-08 14:00:00,Persistence,15509.012999999999,15563.547999999999,4
2026-05-08 19:00:00,2026-05-08 15:00:00,Persistence,15475.392,15452.79,4
2026-05-08 20:00:00,2026-05-08 16:00:00,Persistence,15484.657,15449.692,4
2026-05-08 21:00:00,2026-05-08 17:00:00,Persistence,15442.003,15391.764000000001,4
2026-05-08 22:00:00,2026-05-08 18:00:00,Persistence,15306.056,15463.368,4
2026-05-08 23:00:00,2026-05-08 19:00:00,Persistence,15332.143,15537.078,4
2026-05-09 00:00:00,2026-05-08 20:00:00,Persistence,15332.718,15757.849,4
2026-05-09 01:00:00,2026-05-08 21:00:00,Persistence,15335.916,15748.609,4
2026-05-09 02:00:00,2026-05-08 22:00:00,Persistence,14766.416000000001,15194.613000000001,4
2026-05-09 03:00:00,2026-05-08 23:00:00,Persistence,14191.631000000001,14720.046,4
2026-05-09 04:00:00,2026-05-09 00:00:00,Persistence,13651.901999999998,14345.475,4
2026-05-09 05:00:00,2026-05-09 01:00:00,Persistence,13394.878,14074.587,4
2026-05-09 06:00:00,2026-05-09 02:00:00,Persistence,13238.876,14004.455000000002,4
2026-05-09 07:00:00,2026-05-09 03:00:00,Persistence,13240.611,14011.49,4
2026-05-09 08:00:00,2026-05-09 04:00:00,Persistence,13265.65,14456.653,4
2026-05-09 09:00:00,2026-05-09 05:00:00,Persistence,13474.656,15103.925,4
2026-05-09 10:00:00,2026-05-09 06:00:00,Persistence,13677.313,15991.411,4
2026-05-09 11:00:00,2026-05-09 07:00:00,Persistence,14168.789,16392.294,4
2026-05-09 12:00:00,2026-05-09 08:00:00,Persistence,14466.109,16426.642,4
2026-05-09 13:00:00,2026-05-09 09:00:00,Persistence,14569.780999999999,16214.503,4
2026-05-09 14:00:00,2026-05-09 10:00:00,Persistence,14591.706,16049.499,4
2026-05-09 15:00:00,2026-05-09 11:00:00,Persistence,14589.130000000001,15881.490000000002,4
2026-05-09 16:00:00,2026-05-09 12:00:00,Persistence,14544.777,15798.458,4
2026-05-09 17:00:00,2026-05-09 13:00:00,Persistence,14460.935,15770.873,4
2026-05-09 18:00:00,2026-05-09 14:00:00,Persistence,14460.423999999999,15509.012999999999,4
2026-05-09 19:00:00,2026-05-09 15:00:00,Persistence,14511.403,15475.392,4
2026-05-09 20:00:00,2026-05-09 16:00:00,Persistence,14703.82,15484.657,4
2026-05-09 21:00:00,2026-05-09 17:00:00,Persistence,14821.193,15442.003,4
2026-05-09 22:00:00,2026-05-09 18:00:00,Persistence,14996.072,15306.056,4
2026-05-09 23:00:00,2026-05-09 19:00:00,Persistence,14956.93,15332.143,4
2026-05-10 00:00:00,2026-05-09 20:00:00,Persistence,14925.65,15332.718,4
2026-05-10 01:00:00,2026-05-09 21:00:00,Persistence,14780.477,15335.916,4
2026-05-10 02:00:00,2026-05-09 22:00:00,Persistence,14307.11,14766.416000000001,4
2026-05-10 03:00:00,2026-05-09 23:00:00,Persistence,13753.418,14191.631000000001,4
2026-05-10 04:00:00,2026-05-10 00:00:00,Persistence,13226.037,13651.901999999998,4
2026-05-10 05:00:00,2026-05-10 01:00:00,Persistence,12908.773000000001,13394.878,4
2026-05-10 06:00:00,2026-05-10 02:00:00,Persistence,12730.255000000001,13238.876,4
2026-05-10 07:00:00,2026-05-10 03:00:00,Persistence,12632.416000000001,13240.611,4
2026-05-10 08:00:00,2026-05-10 04:00:00,Persistence,12579.805,13265.65,4
2026-05-10 09:00:00,2026-05-10 05:00:00,Persistence,12720.249,13474.656,4
2026-05-10 10:00:00,2026-05-10 06:00:00,Persistence,12828.205999999998,13677.313,4
2026-05-10 11:00:00,2026-05-10 07:00:00,Persistence,13209.018,14168.789,4
2026-05-10 12:00:00,2026-05-10 08:00:00,Persistence,13532.789,14466.109,4
2026-05-10 13:00:00,2026-05-10 09:00:00,Persistence,13717.207999999999,14569.780999999999,4
2026-05-10 14:00:00,2026-05-10 10:00:00,Persistence,13633.8,14591.706,4
2026-05-10 15:00:00,2026-05-10 11:00:00,Persistence,13820.132,14589.130000000001,4
2026-05-10 16:00:00,2026-05-10 12:00:00,Persistence,13971.106,14544.777,4
2026-05-10 17:00:00,2026-05-10 13:00:00,Persistence,14068.241,14460.935,4
2026-05-10 18:00:00,2026-05-10 14:00:00,Persistence,14262.8,14460.423999999999,4
2026-05-10 19:00:00,2026-05-10 15:00:00,Persistence,14468.255,14511.403,4
2026-05-10 20:00:00,2026-05-10 16:00:00,Persistence,14738.391,14703.82,4
2026-05-10 21:00:00,2026-05-10 17:00:00,Persistence,14852.339,14821.193,4
2026-05-10 22:00:00,2026-05-10 18:00:00,Persistence,14995.07,14996.072,4
2026-05-10 23:00:00,2026-05-10 19:00:00,Persistence,14997.628,14956.93,4
2026-05-11 00:00:00,2026-05-10 20:00:00,Persistence,15081.821,14925.65,4
2026-05-11 01:00:00,2026-05-10 21:00:00,Persistence,15123.602,14780.477,4
2026-05-11 02:00:00,2026-05-10 22:00:00,Persistence,14615.237000000001,14307.11,4
2026-05-11 03:00:00,2026-05-10 23:00:00,Persistence,14006.354,13753.418,4
2026-05-11 04:00:00,2026-05-11 00:00:00,Persistence,13418.91,13226.037,4
2026-05-11 05:00:00,2026-05-11 01:00:00,Persistence,13244.563999999998,12908.773000000001,4
2026-05-11 06:00:00,2026-05-11 02:00:00,Persistence,13091.168,12730.255000000001,4
2026-05-11 07:00:00,2026-05-11 03:00:00,Persistence,13068.548,12632.416000000001,4
2026-05-11 08:00:00,2026-05-11 04:00:00,Persistence,13285.221,12579.805,4
2026-05-11 09:00:00,2026-05-11 05:00:00,Persistence,14042.449,12720.249,4
2026-05-11 10:00:00,2026-05-11 06:00:00,Persistence,14959.912,12828.205999999998,4
2026-05-11 11:00:00,2026-05-11 07:00:00,Persistence,15389.826000000001,13209.018,4
2026-05-11 12:00:00,2026-05-11 08:00:00,Persistence,15709.748,13532.789,4
2026-05-11 13:00:00,2026-05-11 09:00:00,Persistence,15723.511,13717.207999999999,4
2026-05-11 14:00:00,2026-05-11 10:00:00,Persistence,15913.114,13633.8,4
2026-05-11 15:00:00,2026-05-11 11:00:00,Persistence,15872.447,13820.132,4
2026-05-11 16:00:00,2026-05-11 12:00:00,Persistence,15961.122,13971.106,4
2026-05-11 17:00:00,2026-05-11 13:00:00,Persistence,16054.518,14068.241,4
2026-05-11 18:00:00,2026-05-11 14:00:00,Persistence,15960.104,14262.8,4
2026-05-11 19:00:00,2026-05-11 15:00:00,Persistence,15823.508,14468.255,4
2026-05-11 20:00:00,2026-05-11 16:00:00,Persistence,15823.856,14738.391,4
2026-05-11 21:00:00,2026-05-11 17:00:00,Persistence,15849.262,14852.339,4
2026-05-11 22:00:00,2026-05-11 18:00:00,Persistence,15792.392,14995.07,4
2026-05-11 23:00:00,2026-05-11 19:00:00,Persistence,15863.164,14997.628,4
2026-05-12 00:00:00,2026-05-11 20:00:00,Persistence,15867.518,15081.821,4
2026-05-12 01:00:00,2026-05-11 21:00:00,Persistence,15857.759,15123.602,4
2026-05-12 02:00:00,2026-05-11 22:00:00,Persistence,15185.327000000001,14615.237000000001,4
2026-05-12 03:00:00,2026-05-11 23:00:00,Persistence,14572.462,14006.354,4
2026-05-12 04:00:00,2026-05-12 00:00:00,Persistence,13984.166,13418.91,4
2026-05-12 05:00:00,2026-05-12 01:00:00,Persistence,13721.087,13244.563999999998,4
2026-05-12 06:00:00,2026-05-12 02:00:00,Persistence,13638.875,13091.168,4
2026-05-12 07:00:00,2026-05-12 03:00:00,Persistence,13683.84,13068.548,4
2026-05-12 08:00:00,2026-05-12 04:00:00,Persistence,14049.116000000002,13285.221,4
2026-05-12 09:00:00,2026-05-12 05:00:00,Persistence,14614.994999999999,14042.449,4
2026-05-12 10:00:00,2026-05-12 06:00:00,Persistence,15489.111,14959.912,4
2026-05-12 11:00:00,2026-05-12 07:00:00,Persistence,16069.462,15389.826000000001,4
2026-05-12 12:00:00,2026-05-12 08:00:00,Persistence,15947.083999999999,15709.748,4
2026-05-12 13:00:00,2026-05-12 09:00:00,Persistence,15828.159,15723.511,4
2026-05-12 14:00:00,2026-05-12 10:00:00,Persistence,15736.228,15913.114,4
2026-05-12 15:00:00,2026-05-12 11:00:00,Persistence,15654.256000000001,15872.447,4
2026-05-12 16:00:00,2026-05-12 12:00:00,Persistence,15698.464,15961.122,4
2026-05-12 17:00:00,2026-05-12 13:00:00,Persistence,15747.754,16054.518,4
2026-05-12 18:00:00,2026-05-12 14:00:00,Persistence,15796.954000000002,15960.104,4
2026-05-12 19:00:00,2026-05-12 15:00:00,Persistence,15835.810000000001,15823.508,4
2026-05-12 20:00:00,2026-05-12 16:00:00,Persistence,16013.749,15823.856,4
2026-05-12 21:00:00,2026-05-12 17:00:00,Persistence,16201.613,15849.262,4
2026-05-12 22:00:00,2026-05-12 18:00:00,Persistence,16230.229000000001,15792.392,4
2026-05-12 23:00:00,2026-05-12 19:00:00,Persistence,16257.307,15863.164,4
2026-05-13 00:00:00,2026-05-12 20:00:00,Persistence,16253.453,15867.518,4
2026-05-13 01:00:00,2026-05-12 21:00:00,Persistence,16158.894,15857.759,4
2026-05-13 02:00:00,2026-05-12 22:00:00,Persistence,15483.16,15185.327000000001,4
2026-05-13 03:00:00,2026-05-12 23:00:00,Persistence,14744.173999999999,14572.462,4
2026-05-13 04:00:00,2026-05-13 00:00:00,Persistence,14061.914,13984.166,4
2026-05-13 05:00:00,2026-05-13 01:00:00,Persistence,13754.417,13721.087,4
2026-05-13 06:00:00,2026-05-13 02:00:00,Persistence,13536.116,13638.875,4
2026-05-13 07:00:00,2026-05-13 03:00:00,Persistence,13555.275,13683.84,4
2026-05-13 08:00:00,2026-05-13 04:00:00,Persistence,13779.05,14049.116000000002,4
2026-05-13 09:00:00,2026-05-13 05:00:00,Persistence,14220.848,14614.994999999999,4
2026-05-13 10:00:00,2026-05-13 06:00:00,Persistence,15096.453000000001,15489.111,4
2026-05-13 11:00:00,2026-05-13 07:00:00,Persistence,15589.915,16069.462,4
2026-05-13 12:00:00,2026-05-13 08:00:00,Persistence,15710.751,15947.083999999999,4
2026-05-13 13:00:00,2026-05-13 09:00:00,Persistence,15745.463,15828.159,4
2026-05-13 14:00:00,2026-05-13 10:00:00,Persistence,15934.373,15736.228,4
2026-05-13 15:00:00,2026-05-13 11:00:00,Persistence,15925.576000000001,15654.256000000001,4
2026-05-13 16:00:00,2026-05-13 12:00:00,Persistence,15983.279,15698.464,4
2026-05-13 17:00:00,2026-05-13 13:00:00,Persistence,16056.402000000002,15747.754,4
2026-05-13 18:00:00,2026-05-13 14:00:00,Persistence,15985.328,15796.954000000002,4
2026-05-13 19:00:00,2026-05-13 15:00:00,Persistence,15954.14,15835.810000000001,4
2026-05-13 20:00:00,2026-05-13 16:00:00,Persistence,16093.355,16013.749,4
2026-05-13 21:00:00,2026-05-13 17:00:00,Persistence,16118.512999999999,16201.613,4
2026-05-13 22:00:00,2026-05-13 18:00:00,Persistence,16063.737000000001,16230.229000000001,4
2026-05-13 23:00:00,2026-05-13 19:00:00,Persistence,15973.382000000001,16257.307,4
2026-05-14 00:00:00,2026-05-13 20:00:00,Persistence,15848.170999999998,16253.453,4
2026-05-14 01:00:00,2026-05-13 21:00:00,Persistence,15824.741,16158.894,4
2026-05-14 02:00:00,2026-05-13 22:00:00,Persistence,15200.917,15483.16,4
2026-05-14 03:00:00,2026-05-13 23:00:00,Persistence,14574.371,14744.173999999999,4
2026-05-14 04:00:00,2026-05-14 00:00:00,Persistence,13970.594000000001,14061.914,4
2026-05-14 05:00:00,2026-05-14 01:00:00,Persistence,13697.506000000001,13754.417,4
2026-05-14 06:00:00,2026-05-14 02:00:00,Persistence,13524.282,13536.116,4
2026-05-14 07:00:00,2026-05-14 03:00:00,Persistence,13570.693,13555.275,4
2026-05-14 08:00:00,2026-05-14 04:00:00,Persistence,13800.374,13779.05,4
2026-05-14 09:00:00,2026-05-14 05:00:00,Persistence,14395.421999999999,14220.848,4
2026-05-14 10:00:00,2026-05-14 06:00:00,Persistence,15317.668,15096.453000000001,4
2026-05-14 11:00:00,2026-05-14 07:00:00,Persistence,15784.695,15589.915,4
2026-05-14 12:00:00,2026-05-14 08:00:00,Persistence,15803.464,15710.751,4
2026-05-14 13:00:00,2026-05-14 09:00:00,Persistence,15837.239,15745.463,4
2026-05-14 14:00:00,2026-05-14 10:00:00,Persistence,15837.150000000001,15934.373,4
2026-05-14 15:00:00,2026-05-14 11:00:00,Persistence,15808.829,15925.576000000001,4
2026-05-14 16:00:00,2026-05-14 12:00:00,Persistence,15818.589,15983.279,4
2026-05-14 17:00:00,2026-05-14 13:00:00,Persistence,15882.992999999999,16056.402000000002,4
2026-05-14 18:00:00,2026-05-14 14:00:00,Persistence,15727.614,15985.328,4
2026-05-14 19:00:00,2026-05-14 15:00:00,Persistence,15652.159,15954.14,4
2026-05-14 20:00:00,2026-05-14 16:00:00,Persistence,15544.222000000002,16093.355,4
2026-05-14 21:00:00,2026-05-14 17:00:00,Persistence,15633.898000000001,16118.512999999999,4
2026-05-14 22:00:00,2026-05-14 18:00:00,Persistence,15693.295,16063.737000000001,4
2026-05-14 23:00:00,2026-05-14 19:00:00,Persistence,15668.112000000001,15973.382000000001,4
2026-05-15 00:00:00,2026-05-14 20:00:00,Persistence,15812.042000000001,15848.170999999998,4
2026-05-15 01:00:00,2026-05-14 21:00:00,Persistence,15937.124,15824.741,4
2026-05-15 02:00:00,2026-05-14 22:00:00,Persistence,15389.418000000001,15200.917,4
2026-05-15 03:00:00,2026-05-14 23:00:00,Persistence,14875.266,14574.371,4
2026-05-15 04:00:00,2026-05-15 00:00:00,Persistence,14439.317000000001,13970.594000000001,4
2026-05-15 05:00:00,2026-05-15 01:00:00,Persistence,14124.059000000001,13697.506000000001,4
2026-05-15 06:00:00,2026-05-15 02:00:00,Persistence,14035.245,13524.282,4
2026-05-15 07:00:00,2026-05-15 03:00:00,Persistence,14133.628,13570.693,4
2026-05-15 08:00:00,2026-05-15 04:00:00,Persistence,14336.936000000002,13800.374,4
2026-05-15 09:00:00,2026-05-15 05:00:00,Persistence,15010.472,14395.421999999999,4
2026-05-15 10:00:00,2026-05-15 06:00:00,Persistence,15823.706,15317.668,4
2026-05-15 11:00:00,2026-05-15 07:00:00,Persistence,16254.405999999999,15784.695,4
2026-05-15 12:00:00,2026-05-15 08:00:00,Persistence,16070.312999999998,15803.464,4
2026-05-15 13:00:00,2026-05-15 09:00:00,Persistence,15988.975,15837.239,4
2026-05-15 14:00:00,2026-05-15 10:00:00,Persistence,15827.961,15837.150000000001,4
2026-05-15 15:00:00,2026-05-15 11:00:00,Persistence,15647.379,15808.829,4
2026-05-15 16:00:00,2026-05-15 12:00:00,Persistence,15524.297999999999,15818.589,4
2026-05-15 17:00:00,2026-05-15 13:00:00,Persistence,15549.607,15882.992999999999,4
2026-05-15 18:00:00,2026-05-15 14:00:00,Persistence,15515.348000000002,15727.614,4
2026-05-15 19:00:00,2026-05-15 15:00:00,Persistence,15448.19,15652.159,4
2026-05-15 20:00:00,2026-05-15 16:00:00,Persistence,15523.639,15544.222000000002,4
2026-05-15 21:00:00,2026-05-15 17:00:00,Persistence,15448.855,15633.898000000001,4
2026-05-15 22:00:00,2026-05-15 18:00:00,Persistence,15498.018,15693.295,4
2026-05-15 23:00:00,2026-05-15 19:00:00,Persistence,15356.940999999999,15668.112000000001,4
2026-05-16 00:00:00,2026-05-15 20:00:00,Persistence,15322.036,15812.042000000001,4
2026-05-16 01:00:00,2026-05-15 21:00:00,Persistence,15328.719000000001,15937.124,4
2026-05-16 02:00:00,2026-05-15 22:00:00,Persistence,14815.035,15389.418000000001,4
2026-05-16 03:00:00,2026-05-15 23:00:00,Persistence,14160.796,14875.266,4
2026-05-16 04:00:00,2026-05-16 00:00:00,Persistence,13654.728000000001,14439.317000000001,4
2026-05-16 05:00:00,2026-05-16 01:00:00,Persistence,13910.190999999999,14124.059000000001,4
2026-05-16 06:00:00,2026-05-16 02:00:00,Persistence,13743.295,14035.245,4
2026-05-16 07:00:00,2026-05-16 03:00:00,Persistence,13594.355,14133.628,4
2026-05-16 08:00:00,2026-05-16 04:00:00,Persistence,13549.603,14336.936000000002,4
2026-05-16 09:00:00,2026-05-16 05:00:00,Persistence,13806.851999999999,15010.472,4
2026-05-16 10:00:00,2026-05-16 06:00:00,Persistence,13965.567,15823.706,4
2026-05-16 11:00:00,2026-05-16 07:00:00,Persistence,14313.546999999999,16254.405999999999,4
2026-05-16 12:00:00,2026-05-16 08:00:00,Persistence,14609.174,16070.312999999998,4
2026-05-16 13:00:00,2026-05-16 09:00:00,Persistence,14973.328,15988.975,4
2026-05-16 14:00:00,2026-05-16 10:00:00,Persistence,15249.442,15827.961,4
2026-05-16 15:00:00,2026-05-16 11:00:00,Persistence,15489.61,15647.379,4
2026-05-16 16:00:00,2026-05-16 12:00:00,Persistence,15502.616,15524.297999999999,4
2026-05-16 17:00:00,2026-05-16 13:00:00,Persistence,15706.983,15549.607,4
2026-05-16 18:00:00,2026-05-16 14:00:00,Persistence,15712.418000000001,15515.348000000002,4
2026-05-16 19:00:00,2026-05-16 15:00:00,Persistence,16003.528,15448.19,4
2026-05-16 20:00:00,2026-05-16 16:00:00,Persistence,16249.946,15523.639,4
2026-05-16 21:00:00,2026-05-16 17:00:00,Persistence,16343.002,15448.855,4
2026-05-16 22:00:00,2026-05-16 18:00:00,Persistence,16426.008,15498.018,4
2026-05-16 23:00:00,2026-05-16 19:00:00,Persistence,16365.975999999999,15356.940999999999,4
2026-05-17 00:00:00,2026-05-16 20:00:00,Persistence,16250.012,15322.036,4
2026-05-17 01:00:00,2026-05-16 21:00:00,Persistence,16185.167,15328.719000000001,4
2026-05-17 02:00:00,2026-05-16 22:00:00,Persistence,15703.897,14815.035,4
2026-05-17 03:00:00,2026-05-16 23:00:00,Persistence,15030.801,14160.796,4
2026-05-17 04:00:00,2026-05-17 00:00:00,Persistence,14367.789,13654.728000000001,4
2026-05-17 05:00:00,2026-05-17 01:00:00,Persistence,13449.081999999999,13910.190999999999,4
2026-05-17 06:00:00,2026-05-17 02:00:00,Persistence,13155.619999999999,13743.295,4
2026-05-17 07:00:00,2026-05-17 03:00:00,Persistence,13000.993,13594.355,4
2026-05-17 08:00:00,2026-05-17 04:00:00,Persistence,12969.742,13549.603,4
2026-05-17 09:00:00,2026-05-17 05:00:00,Persistence,12988.881,13806.851999999999,4
2026-05-17 10:00:00,2026-05-17 06:00:00,Persistence,13031.8,13965.567,4
2026-05-17 11:00:00,2026-05-17 07:00:00,Persistence,13398.96,14313.546999999999,4
2026-05-17 12:00:00,2026-05-17 08:00:00,Persistence,14003.307,14609.174,4
2026-05-17 13:00:00,2026-05-17 09:00:00,Persistence,14431.776,14973.328,4
2026-05-17 14:00:00,2026-05-17 10:00:00,Persistence,15092.458999999999,15249.442,4
2026-05-17 15:00:00,2026-05-17 11:00:00,Persistence,15699.298999999999,15489.61,4
2026-05-17 16:00:00,2026-05-17 12:00:00,Persistence,16385.348,15502.616,4
2026-05-17 17:00:00,2026-05-17 13:00:00,Persistence,16981.521,15706.983,4
2026-05-17 18:00:00,2026-05-17 14:00:00,Persistence,17515.970999999998,15712.418000000001,4
2026-05-17 19:00:00,2026-05-17 15:00:00,Persistence,17842.276,16003.528,4
2026-05-17 20:00:00,2026-05-17 16:00:00,Persistence,18366.163,16249.946,4
2026-05-17 21:00:00,2026-05-17 17:00:00,Persistence,18913.199,16343.002,4
2026-05-17 22:00:00,2026-05-17 18:00:00,Persistence,19090.146,16426.008,4
2026-05-17 23:00:00,2026-05-17 19:00:00,Persistence,19057.047,16365.975999999999,4
2026-05-18 00:00:00,2026-05-17 20:00:00,Persistence,18479.754999999997,16250.012,4
2026-05-18 01:00:00,2026-05-17 21:00:00,Persistence,18201.468,16185.167,4
2026-05-18 02:00:00,2026-05-17 22:00:00,Persistence,17275.343,15703.897,4
2026-05-18 03:00:00,2026-05-17 23:00:00,Persistence,16253.737,15030.801,4
2026-05-18 04:00:00,2026-05-18 00:00:00,Persistence,15366.901,14367.789,4
2026-05-18 05:00:00,2026-05-18 01:00:00,Persistence,14840.693,13449.081999999999,4
2026-05-18 06:00:00,2026-05-18 02:00:00,Persistence,14362.468,13155.619999999999,4
2026-05-18 07:00:00,2026-05-18 03:00:00,Persistence,14224.239000000001,13000.993,4
2026-05-18 08:00:00,2026-05-18 04:00:00,Persistence,14330.871,12969.742,4
2026-05-18 09:00:00,2026-05-18 05:00:00,Persistence,14795.534,12988.881,4
2026-05-18 10:00:00,2026-05-18 06:00:00,Persistence,15569.418,13031.8,4
2026-05-18 11:00:00,2026-05-18 07:00:00,Persistence,16240.156,13398.96,4
2026-05-18 12:00:00,2026-05-18 08:00:00,Persistence,16800.676,14003.307,4
2026-05-18 13:00:00,2026-05-18 09:00:00,Persistence,17509.604,14431.776,4
2026-05-18 14:00:00,2026-05-18 10:00:00,Persistence,18367.105,15092.458999999999,4
2026-05-18 15:00:00,2026-05-18 11:00:00,Persistence,19023.042,15699.298999999999,4
2026-05-18 16:00:00,2026-05-18 12:00:00,Persistence,19724.324,16385.348,4
2026-05-18 17:00:00,2026-05-18 13:00:00,Persistence,20406.539,16981.521,4
2026-05-18 18:00:00,2026-05-18 14:00:00,Persistence,20828.725,17515.970999999998,4
2026-05-18 19:00:00,2026-05-18 15:00:00,Persistence,21005.889,17842.276,4
2026-05-18 20:00:00,2026-05-18 16:00:00,Persistence,21232.111,18366.163,4
2026-05-18 21:00:00,2026-05-18 17:00:00,Persistence,21224.629,18913.199,4
2026-05-18 22:00:00,2026-05-18 18:00:00,Persistence,20906.669,19090.146,4
2026-05-18 23:00:00,2026-05-18 19:00:00,Persistence,20413.705,19057.047,4
2026-05-19 00:00:00,2026-05-18 20:00:00,Persistence,19879.371,18479.754999999997,4
2026-05-19 01:00:00,2026-05-18 21:00:00,Persistence,19168.843,18201.468,4
2026-05-19 02:00:00,2026-05-18 22:00:00,Persistence,18039.659,17275.343,4
2026-05-19 03:00:00,2026-05-18 23:00:00,Persistence,16926.587,16253.737,4
2026-05-19 04:00:00,2026-05-19 00:00:00,Persistence,16056.874,15366.901,4
2026-05-19 05:00:00,2026-05-19 01:00:00,Persistence,15559.948,14840.693,4
2026-05-19 06:00:00,2026-05-19 02:00:00,Persistence,15018.384000000002,14362.468,4
2026-05-19 07:00:00,2026-05-19 03:00:00,Persistence,14913.353,14224.239000000001,4
2026-05-19 08:00:00,2026-05-19 04:00:00,Persistence,14924.749,14330.871,4
2026-05-19 09:00:00,2026-05-19 05:00:00,Persistence,15437.368999999999,14795.534,4
2026-05-19 10:00:00,2026-05-19 06:00:00,Persistence,15940.081000000002,15569.418,4
2026-05-19 11:00:00,2026-05-19 07:00:00,Persistence,16601.854,16240.156,4
2026-05-19 12:00:00,2026-05-19 08:00:00,Persistence,17060.674,16800.676,4
2026-05-19 13:00:00,2026-05-19 09:00:00,Persistence,17690.234,17509.604,4
2026-05-19 14:00:00,2026-05-19 10:00:00,Persistence,18337.165,18367.105,4
2026-05-19 15:00:00,2026-05-19 11:00:00,Persistence,19164.374000000003,19023.042,4
2026-05-19 16:00:00,2026-05-19 12:00:00,Persistence,19917.760000000002,19724.324,4
2026-05-19 17:00:00,2026-05-19 13:00:00,Persistence,20639.631999999998,20406.539,4
2026-05-19 18:00:00,2026-05-19 14:00:00,Persistence,21034.016,20828.725,4
2026-05-19 19:00:00,2026-05-19 15:00:00,Persistence,21427.475,21005.889,4
2026-05-19 20:00:00,2026-05-19 16:00:00,Persistence,21599.614999999998,21232.111,4
2026-05-19 21:00:00,2026-05-19 17:00:00,Persistence,21541.665999999997,21224.629,4
2026-05-19 22:00:00,2026-05-19 18:00:00,Persistence,21369.599000000002,20906.669,4
2026-05-19 23:00:00,2026-05-19 19:00:00,Persistence,20966.97,20413.705,4
2026-05-20 00:00:00,2026-05-19 20:00:00,Persistence,20332.685,19879.371,4
2026-05-20 01:00:00,2026-05-19 21:00:00,Persistence,19468.311999999998,19168.843,4
2026-05-20 02:00:00,2026-05-19 22:00:00,Persistence,18087.554,18039.659,4
2026-05-20 03:00:00,2026-05-19 23:00:00,Persistence,16969.538,16926.587,4
2026-05-20 04:00:00,2026-05-20 00:00:00,Persistence,16098.789,16056.874,4
2026-05-20 05:00:00,2026-05-20 01:00:00,Persistence,15477.048999999999,15559.948,4
2026-05-20 06:00:00,2026-05-20 02:00:00,Persistence,15028.842,15018.384000000002,4
2026-05-20 07:00:00,2026-05-20 03:00:00,Persistence,14821.056,14913.353,4
2026-05-20 08:00:00,2026-05-20 04:00:00,Persistence,14797.772,14924.749,4
2026-05-20 09:00:00,2026-05-20 05:00:00,Persistence,15151.003,15437.368999999999,4
2026-05-20 10:00:00,2026-05-20 06:00:00,Persistence,15804.862000000001,15940.081000000002,4
2026-05-20 11:00:00,2026-05-20 07:00:00,Persistence,16427.981,16601.854,4
2026-05-20 12:00:00,2026-05-20 08:00:00,Persistence,16742.257,17060.674,4
2026-05-20 13:00:00,2026-05-20 09:00:00,Persistence,16924.058,17690.234,4
2026-05-20 14:00:00,2026-05-20 10:00:00,Persistence,17287.997,18337.165,4
2026-05-20 15:00:00,2026-05-20 11:00:00,Persistence,17551.527000000002,19164.374000000003,4
2026-05-20 16:00:00,2026-05-20 12:00:00,Persistence,17837.022,19917.760000000002,4
2026-05-20 17:00:00,2026-05-20 13:00:00,Persistence,17984.89,20639.631999999998,4
2026-05-20 18:00:00,2026-05-20 14:00:00,Persistence,18022.199,21034.016,4
2026-05-20 19:00:00,2026-05-20 15:00:00,Persistence,17974.057,21427.475,4
2026-05-20 20:00:00,2026-05-20 16:00:00,Persistence,17949.301,21599.614999999998,4
2026-05-20 21:00:00,2026-05-20 17:00:00,Persistence,17877.603,21541.665999999997,4
2026-05-20 22:00:00,2026-05-20 18:00:00,Persistence,17546.475,21369.599000000002,4
2026-05-20 23:00:00,2026-05-20 19:00:00,Persistence,17389.318,20966.97,4
2026-05-21 00:00:00,2026-05-20 20:00:00,Persistence,17177.069,20332.685,4
2026-05-21 01:00:00,2026-05-20 21:00:00,Persistence,16845.46,19468.311999999998,4
2026-05-21 02:00:00,2026-05-20 22:00:00,Persistence,16089.385999999999,18087.554,4
2026-05-21 03:00:00,2026-05-20 23:00:00,Persistence,15248.609,16969.538,4
2026-05-21 04:00:00,2026-05-21 00:00:00,Persistence,14551.022,16098.789,4
2026-05-21 05:00:00,2026-05-21 01:00:00,Persistence,14001.581,15477.048999999999,4
2026-05-21 06:00:00,2026-05-21 02:00:00,Persistence,13780.04,15028.842,4
2026-05-21 07:00:00,2026-05-21 03:00:00,Persistence,13698.391,14821.056,4
2026-05-21 08:00:00,2026-05-21 04:00:00,Persistence,13815.633,14797.772,4
2026-05-21 09:00:00,2026-05-21 05:00:00,Persistence,14357.423999999999,15151.003,4
2026-05-21 10:00:00,2026-05-21 06:00:00,Persistence,15185.998,15804.862000000001,4
2026-05-21 11:00:00,2026-05-21 07:00:00,Persistence,15706.941,16427.981,4
2026-05-21 12:00:00,2026-05-21 08:00:00,Persistence,15883.082999999999,16742.257,4
2026-05-21 13:00:00,2026-05-21 09:00:00,Persistence,16089.088,16924.058,4
2026-05-21 14:00:00,2026-05-21 10:00:00,Persistence,16169.517,17287.997,4
2026-05-21 15:00:00,2026-05-21 11:00:00,Persistence,16340.232,17551.527000000002,4
2026-05-21 16:00:00,2026-05-21 12:00:00,Persistence,16417.309,17837.022,4
2026-05-21 17:00:00,2026-05-21 13:00:00,Persistence,16530.429,17984.89,4
2026-05-21 18:00:00,2026-05-21 14:00:00,Persistence,16487.131999999998,18022.199,4
2026-05-21 19:00:00,2026-05-21 15:00:00,Persistence,16457.779,17974.057,4
2026-05-21 20:00:00,2026-05-21 16:00:00,Persistence,16340.586,17949.301,4
2026-05-21 21:00:00,2026-05-21 17:00:00,Persistence,16378.843,17877.603,4
2026-05-21 22:00:00,2026-05-21 18:00:00,Persistence,16314.177,17546.475,4
2026-05-21 23:00:00,2026-05-21 19:00:00,Persistence,16244.255000000001,17389.318,4
2026-05-22 00:00:00,2026-05-21 20:00:00,Persistence,16187.626,17177.069,4
2026-05-22 01:00:00,2026-05-21 21:00:00,Persistence,16128.594000000001,16845.46,4
2026-05-22 02:00:00,2026-05-21 22:00:00,Persistence,15392.167000000001,16089.385999999999,4
2026-05-22 03:00:00,2026-05-21 23:00:00,Persistence,14721.516,15248.609,4
2026-05-22 04:00:00,2026-05-22 00:00:00,Persistence,14133.029,14551.022,4
2026-05-22 05:00:00,2026-05-22 01:00:00,Persistence,13757.128,14001.581,4
2026-05-22 06:00:00,2026-05-22 02:00:00,Persistence,13521.667,13780.04,4
2026-05-22 07:00:00,2026-05-22 03:00:00,Persistence,13395.223,13698.391,4
2026-05-22 08:00:00,2026-05-22 04:00:00,Persistence,13562.845,13815.633,4
2026-05-22 09:00:00,2026-05-22 05:00:00,Persistence,14034.466,14357.423999999999,4
2026-05-22 10:00:00,2026-05-22 06:00:00,Persistence,14691.056,15185.998,4
2026-05-22 11:00:00,2026-05-22 07:00:00,Persistence,15340.875,15706.941,4
2026-05-22 12:00:00,2026-05-22 08:00:00,Persistence,15753.986,15883.082999999999,4
2026-05-22 13:00:00,2026-05-22 09:00:00,Persistence,15889.026,16089.088,4
2026-05-22 14:00:00,2026-05-22 10:00:00,Persistence,16167.727,16169.517,4
2026-05-22 15:00:00,2026-05-22 11:00:00,Persistence,16265.21,16340.232,4
2026-05-22 16:00:00,2026-05-22 12:00:00,Persistence,16295.813999999998,16417.309,4
2026-05-22 17:00:00,2026-05-22 13:00:00,Persistence,16247.227,16530.429,4
2026-05-22 18:00:00,2026-05-22 14:00:00,Persistence,16192.085,16487.131999999998,4
2026-05-22 19:00:00,2026-05-22 15:00:00,Persistence,16134.629,16457.779,4
2026-05-22 20:00:00,2026-05-22 16:00:00,Persistence,15994.99,16340.586,4
2026-05-22 21:00:00,2026-05-22 17:00:00,Persistence,16054.662,16378.843,4
2026-05-22 22:00:00,2026-05-22 18:00:00,Persistence,15860.557,16314.177,4
2026-05-22 23:00:00,2026-05-22 19:00:00,Persistence,15779.162,16244.255000000001,4
2026-05-23 00:00:00,2026-05-22 20:00:00,Persistence,15708.131,16187.626,4
2026-05-23 01:00:00,2026-05-22 21:00:00,Persistence,15600.861,16128.594000000001,4
2026-05-23 02:00:00,2026-05-22 22:00:00,Persistence,15003.827000000001,15392.167000000001,4
2026-05-23 03:00:00,2026-05-22 23:00:00,Persistence,14362.31,14721.516,4
2026-05-23 04:00:00,2026-05-23 00:00:00,Persistence,13875.607,14133.029,4
2026-05-23 05:00:00,2026-05-23 01:00:00,Persistence,13529.565999999999,13757.128,4
2026-05-23 06:00:00,2026-05-23 02:00:00,Persistence,13262.012999999999,13521.667,4
2026-05-23 07:00:00,2026-05-23 03:00:00,Persistence,13078.787,13395.223,4
2026-05-23 08:00:00,2026-05-23 04:00:00,Persistence,13095.632,13562.845,4
2026-05-23 09:00:00,2026-05-23 05:00:00,Persistence,13318.751,14034.466,4
2026-05-23 10:00:00,2026-05-23 06:00:00,Persistence,13398.373,14691.056,4
2026-05-23 11:00:00,2026-05-23 07:00:00,Persistence,13642.859,15340.875,4
2026-05-23 12:00:00,2026-05-23 08:00:00,Persistence,14140.842,15753.986,4
2026-05-23 13:00:00,2026-05-23 09:00:00,Persistence,14659.673,15889.026,4
2026-05-23 14:00:00,2026-05-23 10:00:00,Persistence,14914.958,16167.727,4
2026-05-23 15:00:00,2026-05-23 11:00:00,Persistence,15204.738,16265.21,4
2026-05-23 16:00:00,2026-05-23 12:00:00,Persistence,15365.619,16295.813999999998,4
2026-05-23 17:00:00,2026-05-23 13:00:00,Persistence,15413.798999999999,16247.227,4
2026-05-23 18:00:00,2026-05-23 14:00:00,Persistence,15423.918,16192.085,4
2026-05-23 19:00:00,2026-05-23 15:00:00,Persistence,15509.951000000001,16134.629,4
2026-05-23 20:00:00,2026-05-23 16:00:00,Persistence,15586.177,15994.99,4
2026-05-23 21:00:00,2026-05-23 17:00:00,Persistence,15723.541000000001,16054.662,4
2026-05-23 22:00:00,2026-05-23 18:00:00,Persistence,15667.337,15860.557,4
2026-05-23 23:00:00,2026-05-23 19:00:00,Persistence,15513.772,15779.162,4
2026-05-24 00:00:00,2026-05-23 20:00:00,Persistence,15416.666,15708.131,4
2026-05-24 01:00:00,2026-05-23 21:00:00,Persistence,15422.458999999999,15600.861,4
2026-05-24 02:00:00,2026-05-23 22:00:00,Persistence,14983.958999999999,15003.827000000001,4
2026-05-24 03:00:00,2026-05-23 23:00:00,Persistence,14361.216,14362.31,4
2026-05-24 04:00:00,2026-05-24 00:00:00,Persistence,13806.382,13875.607,4
2026-05-24 05:00:00,2026-05-24 01:00:00,Persistence,13306.236,13529.565999999999,4
2026-05-24 06:00:00,2026-05-24 02:00:00,Persistence,13034.255000000001,13262.012999999999,4
2026-05-24 07:00:00,2026-05-24 03:00:00,Persistence,12873.975999999999,13078.787,4
2026-05-24 08:00:00,2026-05-24 04:00:00,Persistence,12838.277999999998,13095.632,4
2026-05-24 09:00:00,2026-05-24 05:00:00,Persistence,12906.74,13318.751,4
2026-05-24 10:00:00,2026-05-24 06:00:00,Persistence,12993.219000000001,13398.373,4
2026-05-24 11:00:00,2026-05-24 07:00:00,Persistence,13282.564,13642.859,4
2026-05-24 12:00:00,2026-05-24 08:00:00,Persistence,13746.825,14140.842,4
2026-05-24 13:00:00,2026-05-24 09:00:00,Persistence,14274.954000000002,14659.673,4
2026-05-24 14:00:00,2026-05-24 10:00:00,Persistence,14624.636999999999,14914.958,4
2026-05-24 15:00:00,2026-05-24 11:00:00,Persistence,14888.484,15204.738,4
2026-05-24 16:00:00,2026-05-24 12:00:00,Persistence,15126.133000000002,15365.619,4
2026-05-24 17:00:00,2026-05-24 13:00:00,Persistence,15384.895,15413.798999999999,4
2026-05-24 18:00:00,2026-05-24 14:00:00,Persistence,15535.429,15423.918,4
2026-05-24 19:00:00,2026-05-24 15:00:00,Persistence,15648.562000000002,15509.951000000001,4
2026-05-24 20:00:00,2026-05-24 16:00:00,Persistence,15871.811,15586.177,4
2026-05-24 21:00:00,2026-05-24 17:00:00,Persistence,15932.629,15723.541000000001,4
2026-05-24 22:00:00,2026-05-24 18:00:00,Persistence,15862.18,15667.337,4
2026-05-24 23:00:00,2026-05-24 19:00:00,Persistence,15612.137999999999,15513.772,4
2026-05-25 00:00:00,2026-05-24 20:00:00,Persistence,15339.466,15416.666,4
2026-05-25 01:00:00,2026-05-24 21:00:00,Persistence,15325.579,15422.458999999999,4
2026-05-25 02:00:00,2026-05-24 22:00:00,Persistence,14759.289,14983.958999999999,4
2026-05-25 03:00:00,2026-05-24 23:00:00,Persistence,13993.635999999999,14361.216,4
2026-05-25 04:00:00,2026-05-25 00:00:00,Persistence,13476.965,13806.382,4
2026-05-25 05:00:00,2026-05-25 01:00:00,Persistence,13138.131,13306.236,4
2026-05-25 06:00:00,2026-05-25 02:00:00,Persistence,12844.973,13034.255000000001,4
2026-05-25 07:00:00,2026-05-25 03:00:00,Persistence,12785.926,12873.975999999999,4
2026-05-25 08:00:00,2026-05-25 04:00:00,Persistence,12894.419,12838.277999999998,4
2026-05-25 09:00:00,2026-05-25 05:00:00,Persistence,12926.688,12906.74,4
2026-05-25 10:00:00,2026-05-25 06:00:00,Persistence,13051.853,12993.219000000001,4
2026-05-25 11:00:00,2026-05-25 07:00:00,Persistence,13334.476,13282.564,4
2026-05-25 12:00:00,2026-05-25 08:00:00,Persistence,13842.769,13746.825,4
2026-05-25 13:00:00,2026-05-25 09:00:00,Persistence,14431.724,14274.954000000002,4
2026-05-25 14:00:00,2026-05-25 10:00:00,Persistence,14877.619999999999,14624.636999999999,4
2026-05-25 15:00:00,2026-05-25 11:00:00,Persistence,15288.635999999999,14888.484,4
2026-05-25 16:00:00,2026-05-25 12:00:00,Persistence,15615.686000000002,15126.133000000002,4
2026-05-25 17:00:00,2026-05-25 13:00:00,Persistence,15800.053,15384.895,4
2026-05-25 18:00:00,2026-05-25 14:00:00,Persistence,16113.966,15535.429,4
2026-05-25 19:00:00,2026-05-25 15:00:00,Persistence,16489.431,15648.562000000002,4
2026-05-25 20:00:00,2026-05-25 16:00:00,Persistence,16848.399,15871.811,4
2026-05-25 21:00:00,2026-05-25 17:00:00,Persistence,17240.765,15932.629,4
2026-05-25 22:00:00,2026-05-25 18:00:00,Persistence,17252.844,15862.18,4
2026-05-25 23:00:00,2026-05-25 19:00:00,Persistence,17191.901,15612.137999999999,4
2026-05-26 00:00:00,2026-05-25 20:00:00,Persistence,16858.968,15339.466,4
2026-05-26 01:00:00,2026-05-25 21:00:00,Persistence,16560.998,15325.579,4
2026-05-26 02:00:00,2026-05-25 22:00:00,Persistence,15848.905999999999,14759.289,4
2026-05-26 03:00:00,2026-05-25 23:00:00,Persistence,14944.791,13993.635999999999,4
2026-05-26 04:00:00,2026-05-26 00:00:00,Persistence,14352.841,13476.965,4
2026-05-26 05:00:00,2026-05-26 01:00:00,Persistence,13886.62,13138.131,4
2026-05-26 06:00:00,2026-05-26 02:00:00,Persistence,13569.488,12844.973,4
2026-05-26 07:00:00,2026-05-26 03:00:00,Persistence,13428.939,12785.926,4
2026-05-26 08:00:00,2026-05-26 04:00:00,Persistence,13588.49,12894.419,4
2026-05-26 09:00:00,2026-05-26 05:00:00,Persistence,14185.208999999999,12926.688,4
2026-05-26 10:00:00,2026-05-26 06:00:00,Persistence,14968.314,13051.853,4
2026-05-26 11:00:00,2026-05-26 07:00:00,Persistence,15599.272,13334.476,4
2026-05-26 12:00:00,2026-05-26 08:00:00,Persistence,16128.246,13842.769,4
2026-05-26 13:00:00,2026-05-26 09:00:00,Persistence,16478.046000000002,14431.724,4
2026-05-26 14:00:00,2026-05-26 10:00:00,Persistence,16955.684999999998,14877.619999999999,4
2026-05-26 15:00:00,2026-05-26 11:00:00,Persistence,17363.106,15288.635999999999,4
2026-05-26 16:00:00,2026-05-26 12:00:00,Persistence,17825.658000000003,15615.686000000002,4
2026-05-26 17:00:00,2026-05-26 13:00:00,Persistence,18374.201999999997,15800.053,4
2026-05-26 18:00:00,2026-05-26 14:00:00,Persistence,18758.102,16113.966,4
2026-05-26 19:00:00,2026-05-26 15:00:00,Persistence,18833.713,16489.431,4
2026-05-26 20:00:00,2026-05-26 16:00:00,Persistence,18977.228000000003,16848.399,4
2026-05-26 21:00:00,2026-05-26 17:00:00,Persistence,18945.359,17240.765,4
2026-05-26 22:00:00,2026-05-26 18:00:00,Persistence,18862.188000000002,17252.844,4
2026-05-26 23:00:00,2026-05-26 19:00:00,Persistence,18577.333,17191.901,4
2026-05-27 00:00:00,2026-05-26 20:00:00,Persistence,18276.627999999997,16858.968,4
2026-05-27 01:00:00,2026-05-26 21:00:00,Persistence,17883.339,16560.998,4
2026-05-27 02:00:00,2026-05-26 22:00:00,Persistence,17119.475,15848.905999999999,4
2026-05-27 03:00:00,2026-05-26 23:00:00,Persistence,16268.076000000001,14944.791,4
2026-05-27 04:00:00,2026-05-27 00:00:00,Persistence,15405.757,14352.841,4
2026-05-27 05:00:00,2026-05-27 01:00:00,Persistence,14946.411,13886.62,4
2026-05-27 06:00:00,2026-05-27 02:00:00,Persistence,14686.84,13569.488,4
2026-05-27 07:00:00,2026-05-27 03:00:00,Persistence,14536.262999999999,13428.939,4
2026-05-27 08:00:00,2026-05-27 04:00:00,Persistence,14503.336,13588.49,4
2026-05-27 09:00:00,2026-05-27 05:00:00,Persistence,14948.735,14185.208999999999,4
2026-05-27 10:00:00,2026-05-27 06:00:00,Persistence,15713.606000000002,14968.314,4
2026-05-27 11:00:00,2026-05-27 07:00:00,Persistence,16350.506000000001,15599.272,4
2026-05-27 12:00:00,2026-05-27 08:00:00,Persistence,16701.83,16128.246,4
2026-05-27 13:00:00,2026-05-27 09:00:00,Persistence,17130.352,16478.046000000002,4
2026-05-27 14:00:00,2026-05-27 10:00:00,Persistence,17554.557999999997,16955.684999999998,4
2026-05-27 15:00:00,2026-05-27 11:00:00,Persistence,17960.167,17363.106,4
2026-05-27 16:00:00,2026-05-27 12:00:00,Persistence,18339.967,17825.658000000003,4
2026-05-27 17:00:00,2026-05-27 13:00:00,Persistence,18638.84,18374.201999999997,4
2026-05-27 18:00:00,2026-05-27 14:00:00,Persistence,18778.620000000003,18758.102,4
2026-05-27 19:00:00,2026-05-27 15:00:00,Persistence,18990.644,18833.713,4
2026-05-27 20:00:00,2026-05-27 16:00:00,Persistence,19083.165999999997,18977.228000000003,4
2026-05-27 21:00:00,2026-05-27 17:00:00,Persistence,19185.275999999998,18945.359,4
2026-05-27 22:00:00,2026-05-27 18:00:00,Persistence,18994.055,18862.188000000002,4
2026-05-27 23:00:00,2026-05-27 19:00:00,Persistence,18720.712,18577.333,4
2026-05-28 00:00:00,2026-05-27 20:00:00,Persistence,18366.192000000003,18276.627999999997,4
2026-05-28 01:00:00,2026-05-27 21:00:00,Persistence,18114.061,17883.339,4
2026-05-28 02:00:00,2026-05-27 22:00:00,Persistence,16959.209000000003,17119.475,4
2026-05-28 03:00:00,2026-05-27 23:00:00,Persistence,15995.067,16268.076000000001,4
2026-05-28 04:00:00,2026-05-28 00:00:00,Persistence,15241.756000000001,15405.757,4
2026-05-28 05:00:00,2026-05-28 01:00:00,Persistence,14771.571,14946.411,4
2026-05-28 06:00:00,2026-05-28 02:00:00,Persistence,14290.08,14686.84,4
2026-05-28 07:00:00,2026-05-28 03:00:00,Persistence,14066.947,14536.262999999999,4
2026-05-28 08:00:00,2026-05-28 04:00:00,Persistence,14173.829,14503.336,4
2026-05-28 09:00:00,2026-05-28 05:00:00,Persistence,14620.267,14948.735,4
2026-05-28 10:00:00,2026-05-28 06:00:00,Persistence,15263.648000000001,15713.606000000002,4
2026-05-28 11:00:00,2026-05-28 07:00:00,Persistence,15905.11,16350.506000000001,4
2026-05-28 12:00:00,2026-05-28 08:00:00,Persistence,16246.284,16701.83,4
2026-05-28 13:00:00,2026-05-28 09:00:00,Persistence,16569.719,17130.352,4
2026-05-28 14:00:00,2026-05-28 10:00:00,Persistence,17074.684999999998,17554.557999999997,4
2026-05-28 15:00:00,2026-05-28 11:00:00,Persistence,17585.141,17960.167,4
2026-05-28 16:00:00,2026-05-28 12:00:00,Persistence,18148.319,18339.967,4
2026-05-28 17:00:00,2026-05-28 13:00:00,Persistence,18560.533,18638.84,4
2026-05-28 18:00:00,2026-05-28 14:00:00,Persistence,18845.225,18778.620000000003,4
2026-05-28 19:00:00,2026-05-28 15:00:00,Persistence,19118.89,18990.644,4
2026-05-28 20:00:00,2026-05-28 16:00:00,Persistence,19274.158000000003,19083.165999999997,4
2026-05-28 21:00:00,2026-05-28 17:00:00,Persistence,19149.173000000003,19185.275999999998,4
2026-05-28 22:00:00,2026-05-28 18:00:00,Persistence,18973.977,18994.055,4
2026-05-28 23:00:00,2026-05-28 19:00:00,Persistence,18636.606,18720.712,4
2026-05-29 00:00:00,2026-05-28 20:00:00,Persistence,18008.873,18366.192000000003,4
2026-05-29 01:00:00,2026-05-28 21:00:00,Persistence,17480.147,18114.061,4
2026-05-29 02:00:00,2026-05-28 22:00:00,Persistence,16593.352,16959.209000000003,4
2026-05-29 03:00:00,2026-05-28 23:00:00,Persistence,15584.954,15995.067,4
2026-05-29 04:00:00,2026-05-29 00:00:00,Persistence,14669.817,15241.756000000001,4
2026-05-29 05:00:00,2026-05-29 01:00:00,Persistence,14044.689,14771.571,4
2026-05-29 06:00:00,2026-05-29 02:00:00,Persistence,13722.204,14290.08,4
2026-05-29 07:00:00,2026-05-29 03:00:00,Persistence,13579.259,14066.947,4
2026-05-29 08:00:00,2026-05-29 04:00:00,Persistence,13653.116,14173.829,4
2026-05-29 09:00:00,2026-05-29 05:00:00,Persistence,13946.067,14620.267,4
2026-05-29 10:00:00,2026-05-29 06:00:00,Persistence,14511.037,15263.648000000001,4
2026-05-29 11:00:00,2026-05-29 07:00:00,Persistence,15133.029,15905.11,4
2026-05-29 12:00:00,2026-05-29 08:00:00,Persistence,15456.663,16246.284,4
2026-05-29 13:00:00,2026-05-29 09:00:00,Persistence,15747.463,16569.719,4
2026-05-29 14:00:00,2026-05-29 10:00:00,Persistence,16127.636,17074.684999999998,4
2026-05-29 15:00:00,2026-05-29 11:00:00,Persistence,16413.033,17585.141,4
2026-05-29 16:00:00,2026-05-29 12:00:00,Persistence,16696.987,18148.319,4
2026-05-29 17:00:00,2026-05-29 13:00:00,Persistence,17252.956,18560.533,4
2026-05-29 18:00:00,2026-05-29 14:00:00,Persistence,17631.827,18845.225,4
2026-05-29 19:00:00,2026-05-29 15:00:00,Persistence,18025.127,19118.89,4
2026-05-29 20:00:00,2026-05-29 16:00:00,Persistence,18597.978,19274.158000000003,4
2026-05-29 21:00:00,2026-05-29 17:00:00,Persistence,18905.417,19149.173000000003,4
2026-05-29 22:00:00,2026-05-29 18:00:00,Persistence,18724.608999999997,18973.977,4
2026-05-29 23:00:00,2026-05-29 19:00:00,Persistence,18172.386,18636.606,4
2026-05-30 00:00:00,2026-05-29 20:00:00,Persistence,17442.314,18008.873,4
2026-05-30 01:00:00,2026-05-29 21:00:00,Persistence,17145.108,17480.147,4
2026-05-30 02:00:00,2026-05-29 22:00:00,Persistence,16251.739,16593.352,4
2026-05-30 03:00:00,2026-05-29 23:00:00,Persistence,15163.034,15584.954,4
2026-05-30 04:00:00,2026-05-30 00:00:00,Persistence,14346.448,14669.817,4
2026-05-30 05:00:00,2026-05-30 01:00:00,Persistence,13748.564,14044.689,4
2026-05-30 06:00:00,2026-05-30 02:00:00,Persistence,13381.987000000001,13722.204,4
2026-05-30 07:00:00,2026-05-30 03:00:00,Persistence,13180.146999999999,13579.259,4
2026-05-30 08:00:00,2026-05-30 04:00:00,Persistence,13099.212,13653.116,4
2026-05-30 09:00:00,2026-05-30 05:00:00,Persistence,13057.4,13946.067,4
2026-05-30 10:00:00,2026-05-30 06:00:00,Persistence,13108.125,14511.037,4
2026-05-30 11:00:00,2026-05-30 07:00:00,Persistence,13493.398000000001,15133.029,4
2026-05-30 12:00:00,2026-05-30 08:00:00,Persistence,14137.813,15456.663,4
2026-05-30 13:00:00,2026-05-30 09:00:00,Persistence,14458.773000000001,15747.463,4
2026-05-30 14:00:00,2026-05-30 10:00:00,Persistence,14774.442,16127.636,4
2026-05-30 15:00:00,2026-05-30 11:00:00,Persistence,15156.472,16413.033,4
2026-05-30 16:00:00,2026-05-30 12:00:00,Persistence,15377.544,16696.987,4
2026-05-30 17:00:00,2026-05-30 13:00:00,Persistence,15708.999,17252.956,4
2026-05-30 18:00:00,2026-05-30 14:00:00,Persistence,15996.501,17631.827,4
2026-05-30 19:00:00,2026-05-30 15:00:00,Persistence,16362.883000000002,18025.127,4
2026-05-30 20:00:00,2026-05-30 16:00:00,Persistence,16667.941,18597.978,4
2026-05-30 21:00:00,2026-05-30 17:00:00,Persistence,16999.079,18905.417,4
2026-05-30 22:00:00,2026-05-30 18:00:00,Persistence,16887.569000000003,18724.608999999997,4
2026-05-30 23:00:00,2026-05-30 19:00:00,Persistence,16486.417999999998,18172.386,4
2026-05-31 00:00:00,2026-05-30 20:00:00,Persistence,16091.962,17442.314,4
2026-05-31 01:00:00,2026-05-30 21:00:00,Persistence,15725.886,17145.108,4
2026-05-31 02:00:00,2026-05-30 22:00:00,Persistence,14991.547999999999,16251.739,4
2026-05-31 03:00:00,2026-05-30 23:00:00,Persistence,14038.836,15163.034,4
2026-05-31 04:00:00,2026-05-31 00:00:00,Persistence,13373.761,14346.448,4
2026-05-31 05:00:00,2026-05-31 01:00:00,Persistence,12946.981,13748.564,4
2026-05-31 06:00:00,2026-05-31 02:00:00,Persistence,12793.575,13381.987000000001,4
2026-05-31 07:00:00,2026-05-31 03:00:00,Persistence,12656.761,13180.146999999999,4
2026-05-31 08:00:00,2026-05-31 04:00:00,Persistence,12661.622,13099.212,4
2026-05-31 09:00:00,2026-05-31 05:00:00,Persistence,12694.712,13057.4,4
2026-05-31 10:00:00,2026-05-31 06:00:00,Persistence,12688.176,13108.125,4
2026-05-31 11:00:00,2026-05-31 07:00:00,Persistence,12943.952000000001,13493.398000000001,4
2026-05-31 12:00:00,2026-05-31 08:00:00,Persistence,13383.149,14137.813,4
2026-05-31 13:00:00,2026-05-31 09:00:00,Persistence,13688.275,14458.773000000001,4
2026-05-31 14:00:00,2026-05-31 10:00:00,Persistence,13981.858,14774.442,4
2026-05-31 15:00:00,2026-05-31 11:00:00,Persistence,14354.166,15156.472,4
2026-05-31 16:00:00,2026-05-31 12:00:00,Persistence,14797.055,15377.544,4
2026-05-31 17:00:00,2026-05-31 13:00:00,Persistence,15135.739000000001,15708.999,4
2026-05-31 18:00:00,2026-05-31 14:00:00,Persistence,15635.627,15996.501,4
2026-05-31 19:00:00,2026-05-31 15:00:00,Persistence,16123.368999999999,16362.883000000002,4
2026-05-31 20:00:00,2026-05-31 16:00:00,Persistence,16688.859,16667.941,4
2026-05-31 21:00:00,2026-05-31 17:00:00,Persistence,17116.288,16999.079,4
2026-05-31 22:00:00,2026-05-31 18:00:00,Persistence,17143.206,16887.569000000003,4
2026-05-31 23:00:00,2026-05-31 19:00:00,Persistence,17049.349000000002,16486.417999999998,4
2026-06-01 00:00:00,2026-05-31 20:00:00,Persistence,16734.563000000002,16091.962,4
2026-06-01 01:00:00,2026-05-31 21:00:00,Persistence,16570.604,15725.886,4
2026-06-01 02:00:00,2026-05-31 22:00:00,Persistence,15736.801,14991.547999999999,4
2026-06-01 03:00:00,2026-05-31 23:00:00,Persistence,14803.235,14038.836,4
2026-04-07 20:00:00,2026-04-07 16:00:00,OLS,15535.575,16188.69845900724,4
2026-04-07 21:00:00,2026-04-07 17:00:00,OLS,15633.728,16314.294473260743,4
2026-04-07 22:00:00,2026-04-07 18:00:00,OLS,15830.312,16317.255121589114,4
2026-04-07 23:00:00,2026-04-07 19:00:00,OLS,16194.692000000001,16329.096432535262,4
2026-04-08 00:00:00,2026-04-07 20:00:00,OLS,16697.541,16674.169172504044,4
2026-04-08 01:00:00,2026-04-07 21:00:00,OLS,16666.659,16321.365573948886,4
2026-04-08 02:00:00,2026-04-07 22:00:00,OLS,16203.942,15873.335361967609,4
2026-04-08 03:00:00,2026-04-07 23:00:00,OLS,15807.521,15404.830593850595,4
2026-04-08 04:00:00,2026-04-08 00:00:00,OLS,15468.798999999999,15185.989043231031,4
2026-04-08 05:00:00,2026-04-08 01:00:00,OLS,15449.404999999999,14937.797099065257,4
2026-04-08 06:00:00,2026-04-08 02:00:00,OLS,15420.617,14825.233042597556,4
2026-04-08 07:00:00,2026-04-08 03:00:00,OLS,15594.476,14935.489108773796,4
2026-04-08 08:00:00,2026-04-08 04:00:00,OLS,15997.889,15277.920329324708,4
2026-04-08 09:00:00,2026-04-08 05:00:00,OLS,16637.51,15812.229970576776,4
2026-04-08 10:00:00,2026-04-08 06:00:00,OLS,17725.328999999998,16854.510616638843,4
2026-04-08 11:00:00,2026-04-08 07:00:00,OLS,18119.606,17345.93652196508,4
2026-04-08 12:00:00,2026-04-08 08:00:00,OLS,17889.427,17403.815883104944,4
2026-04-08 13:00:00,2026-04-08 09:00:00,OLS,17394.458,17129.783761947743,4
2026-04-08 14:00:00,2026-04-08 10:00:00,OLS,16892.419,16965.944980360226,4
2026-04-08 15:00:00,2026-04-08 11:00:00,OLS,16370.11,16720.82378813658,4
2026-04-08 16:00:00,2026-04-08 12:00:00,OLS,15911.696,16625.565184134794,4
2026-04-08 17:00:00,2026-04-08 13:00:00,OLS,15727.182,16403.711403323163,4
2026-04-08 18:00:00,2026-04-08 14:00:00,OLS,15521.518,16120.102989061994,4
2026-04-08 19:00:00,2026-04-08 15:00:00,OLS,15324.313999999998,15887.20063052972,4
2026-04-08 20:00:00,2026-04-08 16:00:00,OLS,15406.998,15950.945987796022,4
2026-04-08 21:00:00,2026-04-08 17:00:00,OLS,15471.657,16045.644142477411,4
2026-04-08 22:00:00,2026-04-08 18:00:00,OLS,15534.039,16232.617895593039,4
2026-04-08 23:00:00,2026-04-08 19:00:00,OLS,15712.197,16587.542016180996,4
2026-04-09 00:00:00,2026-04-08 20:00:00,OLS,16106.305,17067.54107686335,4
2026-04-09 01:00:00,2026-04-08 21:00:00,OLS,15976.636999999999,17017.287376057517,4
2026-04-09 02:00:00,2026-04-08 22:00:00,OLS,15509.172,16539.387545503443,4
2026-04-09 03:00:00,2026-04-08 23:00:00,OLS,14916.644,16154.807561946067,4
2026-04-09 04:00:00,2026-04-09 00:00:00,OLS,14587.929,15543.327950168019,4
2026-04-09 05:00:00,2026-04-09 01:00:00,OLS,14433.103,15532.118864959331,4
2026-04-09 06:00:00,2026-04-09 02:00:00,OLS,14339.856,15512.128421180769,4
2026-04-09 07:00:00,2026-04-09 03:00:00,OLS,14411.964,15685.307958329486,4
2026-04-09 08:00:00,2026-04-09 04:00:00,OLS,14656.489,16066.746548659696,4
2026-04-09 09:00:00,2026-04-09 05:00:00,OLS,15320.381,16725.312144724558,4
2026-04-09 10:00:00,2026-04-09 06:00:00,OLS,16272.458,17792.50236809552,4
2026-04-09 11:00:00,2026-04-09 07:00:00,OLS,16753.475,18133.093877978346,4
2026-04-09 12:00:00,2026-04-09 08:00:00,OLS,16596.789,17921.689315665833,4
2026-04-09 13:00:00,2026-04-09 09:00:00,OLS,16357.501,17484.750532054182,4
2026-04-09 14:00:00,2026-04-09 10:00:00,OLS,16131.094000000001,17047.161210796337,4
2026-04-09 15:00:00,2026-04-09 11:00:00,OLS,15840.458999999999,16593.922368455307,4
2026-04-09 16:00:00,2026-04-09 12:00:00,OLS,15745.639,16196.55482168011,4
2026-04-09 17:00:00,2026-04-09 13:00:00,OLS,15747.89,16061.629567724001,4
2026-04-09 18:00:00,2026-04-09 14:00:00,OLS,15652.92,15881.817253838744,4
2026-04-09 19:00:00,2026-04-09 15:00:00,OLS,15698.0,15707.689614998726,4
2026-04-09 20:00:00,2026-04-09 16:00:00,OLS,15766.751,15797.38905701007,4
2026-04-09 21:00:00,2026-04-09 17:00:00,OLS,15836.880000000001,15876.235163448146,4
2026-04-09 22:00:00,2026-04-09 18:00:00,OLS,15892.215,15936.995348626677,4
2026-04-09 23:00:00,2026-04-09 19:00:00,OLS,15916.181,16092.92945023165,4
2026-04-10 00:00:00,2026-04-09 20:00:00,OLS,16273.115,16497.680449166328,4
2026-04-10 01:00:00,2026-04-09 21:00:00,OLS,15940.607,16300.227590996783,4
2026-04-10 02:00:00,2026-04-09 22:00:00,OLS,15157.557,15830.556168264782,4
2026-04-10 03:00:00,2026-04-09 23:00:00,OLS,14426.872,15262.872418508992,4
2026-04-10 04:00:00,2026-04-10 00:00:00,OLS,13921.209,14456.450976986434,4
2026-04-10 05:00:00,2026-04-10 01:00:00,OLS,13675.148,14302.230248716758,4
2026-04-10 06:00:00,2026-04-10 02:00:00,OLS,13627.082999999999,14209.306821590402,4
2026-04-10 07:00:00,2026-04-10 03:00:00,OLS,13563.671999999999,14305.731240426197,4
2026-04-10 08:00:00,2026-04-10 04:00:00,OLS,13865.273000000001,14578.345196758148,4
2026-04-10 09:00:00,2026-04-10 05:00:00,OLS,14365.849,15254.221979428605,4
2026-04-10 10:00:00,2026-04-10 06:00:00,OLS,15230.396,16250.483366810799,4
2026-04-10 11:00:00,2026-04-10 07:00:00,OLS,15758.933,16716.61755640275,4
2026-04-10 12:00:00,2026-04-10 08:00:00,OLS,15773.0,16559.050059043373,4
2026-04-10 13:00:00,2026-04-10 09:00:00,OLS,15678.534,16316.568514445355,4
2026-04-10 14:00:00,2026-04-10 10:00:00,OLS,15770.025,16116.529343418926,4
2026-04-10 15:00:00,2026-04-10 11:00:00,OLS,15698.407,15849.511083793142,4
2026-04-10 16:00:00,2026-04-10 12:00:00,OLS,15751.287,15797.408011813508,4
2026-04-10 17:00:00,2026-04-10 13:00:00,OLS,15795.525000000001,15783.848740745092,4
2026-04-10 18:00:00,2026-04-10 14:00:00,OLS,15689.801,15663.524192449986,4
2026-04-10 19:00:00,2026-04-10 15:00:00,OLS,15699.747,15677.879801877165,4
2026-04-10 20:00:00,2026-04-10 16:00:00,OLS,15673.655,15743.968073457483,4
2026-04-10 21:00:00,2026-04-10 17:00:00,OLS,15603.107,15823.047472026601,4
2026-04-10 22:00:00,2026-04-10 18:00:00,OLS,15505.881,15904.774893371614,4
2026-04-10 23:00:00,2026-04-10 19:00:00,OLS,15345.196,15982.339635548282,4
2026-04-11 00:00:00,2026-04-10 20:00:00,OLS,15374.05,16381.95446759254,4
2026-04-11 01:00:00,2026-04-10 21:00:00,OLS,15058.326000000001,16042.596534984248,4
2026-04-11 02:00:00,2026-04-10 22:00:00,OLS,14566.440999999999,15285.50297363643,4
2026-04-11 03:00:00,2026-04-10 23:00:00,OLS,13999.266,14634.819316012512,4
2026-04-11 04:00:00,2026-04-11 00:00:00,OLS,13430.2,14028.97134996726,4
2026-04-11 05:00:00,2026-04-11 01:00:00,OLS,13256.036,13846.504372427022,4
2026-04-11 06:00:00,2026-04-11 02:00:00,OLS,13076.187000000002,13818.779801418392,4
2026-04-11 07:00:00,2026-04-11 03:00:00,OLS,13048.327,13789.187399572986,4
2026-04-11 08:00:00,2026-04-11 04:00:00,OLS,13072.289,14133.446868639454,4
2026-04-11 09:00:00,2026-04-11 05:00:00,OLS,13374.257,14653.047615004012,4
2026-04-11 10:00:00,2026-04-11 06:00:00,OLS,13780.724999999999,15563.216593811316,4
2026-04-11 11:00:00,2026-04-11 07:00:00,OLS,14131.131000000001,16029.55018429085,4
2026-04-11 12:00:00,2026-04-11 08:00:00,OLS,14485.868,15970.159394442282,4
2026-04-11 13:00:00,2026-04-11 09:00:00,OLS,14462.173,15812.425133837602,4
2026-04-11 14:00:00,2026-04-11 10:00:00,OLS,14495.976999999999,15834.194915763372,4
2026-04-11 15:00:00,2026-04-11 11:00:00,OLS,14427.23,15688.628498285201,4
2026-04-11 16:00:00,2026-04-11 12:00:00,OLS,14374.733,15674.010524255442,4
2026-04-11 17:00:00,2026-04-11 13:00:00,OLS,14283.563,15686.572369861595,4
2026-04-11 18:00:00,2026-04-11 14:00:00,OLS,14182.597000000002,15562.705009692329,4
2026-04-11 19:00:00,2026-04-11 15:00:00,OLS,14286.929,15552.367688504044,4
2026-04-11 20:00:00,2026-04-11 16:00:00,OLS,14482.946,15548.783901645678,4
2026-04-11 21:00:00,2026-04-11 17:00:00,OLS,14562.797999999999,15502.834016213848,4
2026-04-11 22:00:00,2026-04-11 18:00:00,OLS,14660.437,15435.197309339837,4
2026-04-11 23:00:00,2026-04-11 19:00:00,OLS,14536.779,15333.375659390644,4
2026-04-12 00:00:00,2026-04-11 20:00:00,OLS,14793.272,15434.029808037762,4
2026-04-12 01:00:00,2026-04-11 21:00:00,OLS,14708.707999999999,15136.648283125385,4
2026-04-12 02:00:00,2026-04-11 22:00:00,OLS,14191.222,14664.820451233281,4
2026-04-12 03:00:00,2026-04-11 23:00:00,OLS,13719.801,14110.02079096756,4
2026-04-12 04:00:00,2026-04-12 00:00:00,OLS,13337.756000000001,14034.929649058722,4
2026-04-12 05:00:00,2026-04-12 01:00:00,OLS,13015.541000000001,13903.369994091952,4
2026-04-12 06:00:00,2026-04-12 02:00:00,OLS,12861.008000000002,13732.29062079477,4
2026-04-12 07:00:00,2026-04-12 03:00:00,OLS,12834.664,13734.885249939221,4
2026-04-12 08:00:00,2026-04-12 04:00:00,OLS,12924.992999999999,13786.125564447006,4
2026-04-12 09:00:00,2026-04-12 05:00:00,OLS,13066.538,14160.342144470585,4
2026-04-12 10:00:00,2026-04-12 06:00:00,OLS,13408.735999999999,14645.29867469124,4
2026-04-12 11:00:00,2026-04-12 07:00:00,OLS,13670.858,15003.611208443866,4
2026-04-12 12:00:00,2026-04-12 08:00:00,OLS,13961.217,15280.904002895328,4
2026-04-12 13:00:00,2026-04-12 09:00:00,OLS,14251.541000000001,15200.341444392205,4
2026-04-12 14:00:00,2026-04-12 10:00:00,OLS,14204.265,15201.28546875008,4
2026-04-12 15:00:00,2026-04-12 11:00:00,OLS,14241.026,15100.893517819743,4
2026-04-12 16:00:00,2026-04-12 12:00:00,OLS,14410.317,15056.330436577326,4
2026-04-12 17:00:00,2026-04-12 13:00:00,OLS,14543.058,14994.693060333804,4
2026-04-12 18:00:00,2026-04-12 14:00:00,OLS,14896.671999999999,14917.172525567847,4
2026-04-12 19:00:00,2026-04-12 15:00:00,OLS,15223.362,15049.081844905497,4
2026-04-12 20:00:00,2026-04-12 16:00:00,OLS,15546.827000000001,15251.472755638699,4
2026-04-12 21:00:00,2026-04-12 17:00:00,OLS,15803.579,15338.392961809885,4
2026-04-12 22:00:00,2026-04-12 18:00:00,OLS,15802.364,15447.726666464227,4
2026-04-12 23:00:00,2026-04-12 19:00:00,OLS,15762.103,15345.933097867897,4
2026-04-13 00:00:00,2026-04-12 20:00:00,OLS,16068.442,15663.739200636224,4
2026-04-13 01:00:00,2026-04-12 21:00:00,OLS,15808.29,15518.319729026853,4
2026-04-13 02:00:00,2026-04-12 22:00:00,OLS,15078.557999999999,14926.286006217166,4
2026-04-13 03:00:00,2026-04-12 23:00:00,OLS,14429.534,14427.068204244486,4
2026-04-13 04:00:00,2026-04-13 00:00:00,OLS,13938.832999999999,14903.94806650892,4
2026-04-13 05:00:00,2026-04-13 01:00:00,OLS,13575.629,14597.4559753101,4
2026-04-13 06:00:00,2026-04-13 02:00:00,OLS,13312.003,14478.128098107754,4
2026-04-13 07:00:00,2026-04-13 03:00:00,OLS,13392.624,14451.718200428346,4
2026-04-13 08:00:00,2026-04-13 04:00:00,OLS,13612.144,14588.530088050462,4
2026-04-13 09:00:00,2026-04-13 05:00:00,OLS,14186.0,14786.51752359544,4
2026-04-13 10:00:00,2026-04-13 06:00:00,OLS,15129.456,15230.500222554578,4
2026-04-13 11:00:00,2026-04-13 07:00:00,OLS,15706.124,15525.637283404354,4
2026-04-13 12:00:00,2026-04-13 08:00:00,OLS,15921.352,15760.368365704386,4
2026-04-13 13:00:00,2026-04-13 09:00:00,OLS,16234.211,15993.915757571911,4
2026-04-13 14:00:00,2026-04-13 10:00:00,OLS,16469.542999999998,15949.674582483769,4
2026-04-13 15:00:00,2026-04-13 11:00:00,OLS,16511.322,15989.222291012511,4
2026-04-13 16:00:00,2026-04-13 12:00:00,OLS,16822.792,16165.933630413612,4
2026-04-13 17:00:00,2026-04-13 13:00:00,OLS,17061.603,16296.76734233968,4
2026-04-13 18:00:00,2026-04-13 14:00:00,OLS,17063.235999999997,16604.54170905533,4
2026-04-13 19:00:00,2026-04-13 15:00:00,OLS,17079.32,16875.73049109129,4
2026-04-13 20:00:00,2026-04-13 16:00:00,OLS,17120.218,17132.16087941708,4
2026-04-13 21:00:00,2026-04-13 17:00:00,OLS,17313.345,17322.46486331647,4
2026-04-13 22:00:00,2026-04-13 18:00:00,OLS,17194.82,17272.945636773962,4
2026-04-13 23:00:00,2026-04-13 19:00:00,OLS,17049.895,17208.260687988663,4
2026-04-14 00:00:00,2026-04-13 20:00:00,OLS,17109.525,17478.61034783064,4
2026-04-14 01:00:00,2026-04-13 21:00:00,OLS,16726.517,17148.083996454916,4
2026-04-14 02:00:00,2026-04-13 22:00:00,OLS,15882.432,16425.336349509795,4
2026-04-14 03:00:00,2026-04-13 23:00:00,OLS,14934.252,15802.221431265738,4
2026-04-14 04:00:00,2026-04-14 00:00:00,OLS,14280.343,14339.17459041488,4
2026-04-14 05:00:00,2026-04-14 01:00:00,OLS,13694.005,14024.03223361813,4
2026-04-14 06:00:00,2026-04-14 02:00:00,OLS,13498.036,13779.816441944888,4
2026-04-14 07:00:00,2026-04-14 03:00:00,OLS,13396.514,13866.715966557229,4
2026-04-14 08:00:00,2026-04-14 04:00:00,OLS,13601.086,14055.402740209023,4
2026-04-14 09:00:00,2026-04-14 05:00:00,OLS,14165.260999999999,14608.57824362862,4
2026-04-14 10:00:00,2026-04-14 06:00:00,OLS,15107.416000000001,15478.703010736728,4
2026-04-14 11:00:00,2026-04-14 07:00:00,OLS,15606.426,15970.604952954101,4
2026-04-14 12:00:00,2026-04-14 08:00:00,OLS,15894.771999999999,16162.859411605168,4
2026-04-14 13:00:00,2026-04-14 09:00:00,OLS,16033.332999999999,16407.9423782208,4
2026-04-14 14:00:00,2026-04-14 10:00:00,OLS,16288.741999999998,16602.90707272885,4
2026-04-14 15:00:00,2026-04-14 11:00:00,OLS,16541.159,16603.903784728587,4
2026-04-14 16:00:00,2026-04-14 12:00:00,OLS,16856.542999999998,16867.014462640076,4
2026-04-14 17:00:00,2026-04-14 13:00:00,OLS,17134.114999999998,17033.42801569967,4
2026-04-14 18:00:00,2026-04-14 14:00:00,OLS,17263.662,16974.662432697463,4
2026-04-14 19:00:00,2026-04-14 15:00:00,OLS,17566.305,16991.265079015502,4
2026-04-14 20:00:00,2026-04-14 16:00:00,OLS,17941.206,17046.974566509434,4
2026-04-14 21:00:00,2026-04-14 17:00:00,OLS,18269.086000000003,17221.437304933534,4
2026-04-14 22:00:00,2026-04-14 18:00:00,OLS,18269.902000000002,17110.828615151735,4
2026-04-14 23:00:00,2026-04-14 19:00:00,OLS,18056.811999999998,16962.770552020847,4
2026-04-15 00:00:00,2026-04-14 20:00:00,OLS,18010.703999999998,17056.872018956426,4
2026-04-15 01:00:00,2026-04-14 21:00:00,OLS,17377.966,16689.87036210371,4
2026-04-15 02:00:00,2026-04-14 22:00:00,OLS,16366.98,15880.43009588672,4
2026-04-15 03:00:00,2026-04-14 23:00:00,OLS,15321.91,15020.195249989843,4
2026-04-15 04:00:00,2026-04-15 00:00:00,OLS,14598.705,14696.70124023749,4
2026-04-15 05:00:00,2026-04-15 01:00:00,OLS,14268.045,14165.856904487107,4
2026-04-15 06:00:00,2026-04-15 02:00:00,OLS,13950.603,14015.699906266567,4
2026-04-15 07:00:00,2026-04-15 03:00:00,OLS,13817.707,13924.00183577815,4
2026-04-15 08:00:00,2026-04-15 04:00:00,OLS,14006.443,14122.258132711408,4
2026-04-15 09:00:00,2026-04-15 05:00:00,OLS,14436.551,14617.247448028704,4
2026-04-15 10:00:00,2026-04-15 06:00:00,OLS,15289.553,15448.67915711636,4
2026-04-15 11:00:00,2026-04-15 07:00:00,OLS,15786.269,15845.007861987806,4
2026-04-15 12:00:00,2026-04-15 08:00:00,OLS,16103.489,16113.692402098673,4
2026-04-15 13:00:00,2026-04-15 09:00:00,OLS,16237.317,16260.497977541536,4
2026-04-15 14:00:00,2026-04-15 10:00:00,OLS,16498.762000000002,16471.524408830333,4
2026-04-15 15:00:00,2026-04-15 11:00:00,OLS,16907.163,16696.358452853612,4
2026-04-15 16:00:00,2026-04-15 12:00:00,OLS,17531.497,16990.56748591057,4
2026-04-15 17:00:00,2026-04-15 13:00:00,OLS,17945.436999999998,17241.62626205594,4
2026-04-15 18:00:00,2026-04-15 14:00:00,OLS,18346.458,17412.96688375464,4
2026-04-15 19:00:00,2026-04-15 15:00:00,OLS,18471.045,17749.04850523026,4
2026-04-15 20:00:00,2026-04-15 16:00:00,OLS,18666.834000000003,18130.932218482078,4
2026-04-15 21:00:00,2026-04-15 17:00:00,OLS,18863.132,18439.12657853423,4
2026-04-15 22:00:00,2026-04-15 18:00:00,OLS,18733.824,18415.468449636664,4
2026-04-15 23:00:00,2026-04-15 19:00:00,OLS,18532.595999999998,18215.811393929056,4
2026-04-16 00:00:00,2026-04-15 20:00:00,OLS,18331.72,18241.500220935184,4
2026-04-16 01:00:00,2026-04-15 21:00:00,OLS,17896.847999999998,17628.066791441597,4
2026-04-16 02:00:00,2026-04-15 22:00:00,OLS,16819.385000000002,16654.3078410007,4
2026-04-16 03:00:00,2026-04-15 23:00:00,OLS,15849.426,15702.962587464775,4
2026-04-16 04:00:00,2026-04-16 00:00:00,OLS,14954.462,14751.717849182085,4
2026-04-16 05:00:00,2026-04-16 01:00:00,OLS,14543.764,14466.836306839014,4
2026-04-16 06:00:00,2026-04-16 02:00:00,OLS,14185.233,14156.73879393229,4
2026-04-16 07:00:00,2026-04-16 03:00:00,OLS,13912.612000000001,14076.27316779886,4
2026-04-16 08:00:00,2026-04-16 04:00:00,OLS,14022.091,14286.878750067865,4
2026-04-16 09:00:00,2026-04-16 05:00:00,OLS,14342.973,14740.285636758326,4
2026-04-16 10:00:00,2026-04-16 06:00:00,OLS,15144.188,15613.470684035334,4
2026-04-16 11:00:00,2026-04-16 07:00:00,OLS,15598.462,16077.73066448799,4
2026-04-16 12:00:00,2026-04-16 08:00:00,OLS,15786.706,16354.02488493115,4
2026-04-16 13:00:00,2026-04-16 09:00:00,OLS,16077.817,16505.78608827545,4
2026-04-16 14:00:00,2026-04-16 10:00:00,OLS,16431.427,16772.722166077292,4
2026-04-16 15:00:00,2026-04-16 11:00:00,OLS,16756.65,17128.709570599043,4
2026-04-16 16:00:00,2026-04-16 12:00:00,OLS,17185.404000000002,17717.390587480437,4
2026-04-16 17:00:00,2026-04-16 13:00:00,OLS,17608.068,18080.386918048785,4
2026-04-16 18:00:00,2026-04-16 14:00:00,OLS,17691.068,18412.019314309386,4
2026-04-16 19:00:00,2026-04-16 15:00:00,OLS,17627.754999999997,18482.497753398624,4
2026-04-16 20:00:00,2026-04-16 16:00:00,OLS,17687.773,18643.576108439695,4
2026-04-16 21:00:00,2026-04-16 17:00:00,OLS,17570.851000000002,18828.910770053015,4
2026-04-16 22:00:00,2026-04-16 18:00:00,OLS,17510.625999999997,18671.687913310598,4
2026-04-16 23:00:00,2026-04-16 19:00:00,OLS,17374.757,18481.791497631446,4
2026-04-17 00:00:00,2026-04-16 20:00:00,OLS,17194.161,18326.313342237707,4
2026-04-17 01:00:00,2026-04-16 21:00:00,OLS,16719.118000000002,17901.077543740466,4
2026-04-17 02:00:00,2026-04-16 22:00:00,OLS,15846.811,16836.234761907763,4
2026-04-17 03:00:00,2026-04-16 23:00:00,OLS,14996.312,15908.992370723801,4
2026-04-17 04:00:00,2026-04-17 00:00:00,OLS,14206.445,14586.683242429943,4
2026-04-17 05:00:00,2026-04-17 01:00:00,OLS,13858.415,14187.810344590374,4
2026-04-17 06:00:00,2026-04-17 02:00:00,OLS,13572.956,13866.754622156155,4
2026-04-17 07:00:00,2026-04-17 03:00:00,OLS,13390.733,13629.011049273973,4
2026-04-17 08:00:00,2026-04-17 04:00:00,OLS,13537.637,13777.751894064197,4
2026-04-17 09:00:00,2026-04-17 05:00:00,OLS,13902.633,14143.884777213574,4
2026-04-17 10:00:00,2026-04-17 06:00:00,OLS,14645.243,14984.893875229125,4
2026-04-17 11:00:00,2026-04-17 07:00:00,OLS,15155.383,15401.755949189384,4
2026-04-17 12:00:00,2026-04-17 08:00:00,OLS,15558.766,15577.17241778396,4
2026-04-17 13:00:00,2026-04-17 09:00:00,OLS,15800.886,15855.20438501178,4
2026-04-17 14:00:00,2026-04-17 10:00:00,OLS,16060.601,16198.301976533978,4
2026-04-17 15:00:00,2026-04-17 11:00:00,OLS,16404.838,16502.85516776164,4
2026-04-17 16:00:00,2026-04-17 12:00:00,OLS,16726.269,16907.592169804066,4
2026-04-17 17:00:00,2026-04-17 13:00:00,OLS,17064.593,17302.56001099685,4
2026-04-17 18:00:00,2026-04-17 14:00:00,OLS,17403.195,17358.7962384446,4
2026-04-17 19:00:00,2026-04-17 15:00:00,OLS,17533.214,17358.204649239888,4
2026-04-17 20:00:00,2026-04-17 16:00:00,OLS,17888.559,17493.825378075428,4
2026-04-17 21:00:00,2026-04-17 17:00:00,OLS,17947.521,17446.303529252367,4
2026-04-17 22:00:00,2026-04-17 18:00:00,OLS,17814.843999999997,17421.124385301933,4
2026-04-17 23:00:00,2026-04-17 19:00:00,OLS,17488.483,17282.084829189516,4
2026-04-18 00:00:00,2026-04-17 20:00:00,OLS,16945.577,17137.19453689352,4
2026-04-18 01:00:00,2026-04-17 21:00:00,OLS,16429.837,16624.79054140873,4
2026-04-18 02:00:00,2026-04-17 22:00:00,OLS,15627.186,15732.100987765616,4
2026-04-18 03:00:00,2026-04-17 23:00:00,OLS,14773.078,14879.645703036605,4
2026-04-18 04:00:00,2026-04-18 00:00:00,OLS,13974.919999999998,13981.646938401327,4
2026-04-18 05:00:00,2026-04-18 01:00:00,OLS,13347.751,13686.125116612317,4
2026-04-18 06:00:00,2026-04-18 02:00:00,OLS,13225.99,13408.41265080192,4
2026-04-18 07:00:00,2026-04-18 03:00:00,OLS,13015.58,13250.877357841771,4
2026-04-18 08:00:00,2026-04-18 04:00:00,OLS,13058.990999999998,13428.767538869812,4
2026-04-18 09:00:00,2026-04-18 05:00:00,OLS,13281.135999999999,13814.247286526848,4
2026-04-18 10:00:00,2026-04-18 06:00:00,OLS,13579.060000000001,14584.57058979961,4
2026-04-18 11:00:00,2026-04-18 07:00:00,OLS,13797.139,15061.188649466214,4
2026-04-18 12:00:00,2026-04-18 08:00:00,OLS,14169.471000000001,15442.580303304452,4
2026-04-18 13:00:00,2026-04-18 09:00:00,OLS,14587.489000000001,15646.905630306019,4
2026-04-18 14:00:00,2026-04-18 10:00:00,OLS,15160.435000000001,15904.987265800053,4
2026-04-18 15:00:00,2026-04-18 11:00:00,OLS,15405.593,16270.209836244152,4
2026-04-18 16:00:00,2026-04-18 12:00:00,OLS,15543.962,16643.442745603745,4
2026-04-18 17:00:00,2026-04-18 13:00:00,OLS,15691.643,16996.34176974516,4
2026-04-18 18:00:00,2026-04-18 14:00:00,OLS,15821.295,17362.782790422818,4
2026-04-18 19:00:00,2026-04-18 15:00:00,OLS,15832.196,17490.778796837873,4
2026-04-18 20:00:00,2026-04-18 16:00:00,OLS,15829.701000000001,17848.910839703512,4
2026-04-18 21:00:00,2026-04-18 17:00:00,OLS,15716.893,17920.166039699692,4
2026-04-18 22:00:00,2026-04-18 18:00:00,OLS,15432.029,17774.97065443133,4
2026-04-18 23:00:00,2026-04-18 19:00:00,OLS,15305.748,17457.44047218305,4
2026-04-19 00:00:00,2026-04-18 20:00:00,OLS,15184.439999999999,16959.35909852333,4
2026-04-19 01:00:00,2026-04-18 21:00:00,OLS,14925.258,16475.929496716486,4
2026-04-19 02:00:00,2026-04-18 22:00:00,OLS,14288.631,15623.844300453718,4
2026-04-19 03:00:00,2026-04-18 23:00:00,OLS,13717.432999999999,14766.979537873676,4
2026-04-19 04:00:00,2026-04-19 00:00:00,OLS,13269.847000000002,14414.92975521401,4
2026-04-19 05:00:00,2026-04-19 01:00:00,OLS,12959.366,13843.286003276437,4
2026-04-19 06:00:00,2026-04-19 02:00:00,OLS,12733.301,13729.441577583833,4
2026-04-19 07:00:00,2026-04-19 03:00:00,OLS,12627.028999999999,13499.740171682084,4
2026-04-19 08:00:00,2026-04-19 04:00:00,OLS,12594.369,13567.525695227308,4
2026-04-19 09:00:00,2026-04-19 05:00:00,OLS,12657.144,13807.703449493505,4
2026-04-19 10:00:00,2026-04-19 06:00:00,OLS,12915.893,14174.967006586052,4
2026-04-19 11:00:00,2026-04-19 07:00:00,OLS,13252.567,14413.319401121904,4
2026-04-19 12:00:00,2026-04-19 08:00:00,OLS,13627.399,14760.39773029044,4
2026-04-19 13:00:00,2026-04-19 09:00:00,OLS,14011.644,15166.153666861721,4
2026-04-19 14:00:00,2026-04-19 10:00:00,OLS,14093.935000000001,15722.675139395127,4
2026-04-19 15:00:00,2026-04-19 11:00:00,OLS,14030.192000000001,15954.839276532985,4
2026-04-19 16:00:00,2026-04-19 12:00:00,OLS,14032.059000000001,16140.50460358036,4
2026-04-19 17:00:00,2026-04-19 13:00:00,OLS,14120.732,16344.012305930733,4
2026-04-19 18:00:00,2026-04-19 14:00:00,OLS,14028.519,16467.592403238392,4
2026-04-19 19:00:00,2026-04-19 15:00:00,OLS,14118.721000000001,16467.185580706948,4
2026-04-19 20:00:00,2026-04-19 16:00:00,OLS,14128.511999999999,16476.945897219175,4
2026-04-19 21:00:00,2026-04-19 17:00:00,OLS,14380.764,16368.77021243173,4
2026-04-19 22:00:00,2026-04-19 18:00:00,OLS,14500.642,16131.471969462698,4
2026-04-19 23:00:00,2026-04-19 19:00:00,OLS,14734.41,16049.257197693692,4
2026-04-20 00:00:00,2026-04-19 20:00:00,OLS,15110.69,15955.898784904191,4
2026-04-20 01:00:00,2026-04-19 21:00:00,OLS,15091.389,15673.860798383497,4
2026-04-20 02:00:00,2026-04-19 22:00:00,OLS,14557.596,14992.564789246828,4
2026-04-20 03:00:00,2026-04-19 23:00:00,OLS,14046.971,14408.266439305233,4
2026-04-20 04:00:00,2026-04-20 00:00:00,OLS,13828.248,14794.739410076512,4
2026-04-20 05:00:00,2026-04-20 01:00:00,OLS,13634.691,14511.341304843749,4
2026-04-20 06:00:00,2026-04-20 02:00:00,OLS,13653.844000000001,14277.790251440507,4
2026-04-20 07:00:00,2026-04-20 03:00:00,OLS,13849.422,14172.186279295562,4
2026-04-20 08:00:00,2026-04-20 04:00:00,OLS,14209.757000000001,14173.191413912853,4
2026-04-20 09:00:00,2026-04-20 05:00:00,OLS,14953.155999999999,14289.267813884398,4
2026-04-20 10:00:00,2026-04-20 06:00:00,OLS,16063.466,14647.143182601129,4
2026-04-20 11:00:00,2026-04-20 07:00:00,OLS,16643.095,15022.540647619535,4
2026-04-20 12:00:00,2026-04-20 08:00:00,OLS,16428.256999999998,15400.340742004093,4
2026-04-20 13:00:00,2026-04-20 09:00:00,OLS,16354.038,15753.442194276382,4
2026-04-20 14:00:00,2026-04-20 10:00:00,OLS,16195.841,15826.177057778095,4
2026-04-20 15:00:00,2026-04-20 11:00:00,OLS,16099.206,15828.253775422205,4
2026-04-20 16:00:00,2026-04-20 12:00:00,OLS,15837.617,15907.460560996136,4
2026-04-20 17:00:00,2026-04-20 13:00:00,OLS,15699.555,16064.574366741348,4
2026-04-20 18:00:00,2026-04-20 14:00:00,OLS,15477.125,16049.076621836544,4
2026-04-20 19:00:00,2026-04-20 15:00:00,OLS,15246.132,16184.79435289763,4
2026-04-20 20:00:00,2026-04-20 16:00:00,OLS,15160.528,16271.940960943548,4
2026-04-20 21:00:00,2026-04-20 17:00:00,OLS,15187.512999999999,16537.276923046615,4
2026-04-20 22:00:00,2026-04-20 18:00:00,OLS,15262.426,16627.8788583151,4
2026-04-20 23:00:00,2026-04-20 19:00:00,OLS,15456.44,16786.111431751586,4
2026-04-21 00:00:00,2026-04-20 20:00:00,OLS,16010.221,17019.407179710062,4
2026-04-21 01:00:00,2026-04-20 21:00:00,OLS,15905.117,16883.183417855904,4
2026-04-21 02:00:00,2026-04-20 22:00:00,OLS,15429.274,16271.551668333068,4
2026-04-21 03:00:00,2026-04-20 23:00:00,OLS,14891.345,15712.236470782223,4
2026-04-21 04:00:00,2026-04-21 00:00:00,OLS,14640.488000000001,14448.800429134255,4
2026-04-21 05:00:00,2026-04-21 01:00:00,OLS,14574.387,14179.885395082223,4
2026-04-21 06:00:00,2026-04-21 02:00:00,OLS,14605.100999999999,14194.975134207158,4
2026-04-21 07:00:00,2026-04-21 03:00:00,OLS,14751.34,14330.730929715637,4
2026-04-21 08:00:00,2026-04-21 04:00:00,OLS,15116.692,14646.438071430413,4
2026-04-21 09:00:00,2026-04-21 05:00:00,OLS,15863.193000000001,15327.497978495492,4
2026-04-21 10:00:00,2026-04-21 06:00:00,OLS,16963.853000000003,16311.131011951873,4
2026-04-21 11:00:00,2026-04-21 07:00:00,OLS,17325.648,16751.655666104823,4
2026-04-21 12:00:00,2026-04-21 08:00:00,OLS,17025.456,16538.89395390408,4
2026-04-21 13:00:00,2026-04-21 09:00:00,OLS,16532.808,16539.921950548014,4
2026-04-21 14:00:00,2026-04-21 10:00:00,OLS,16279.936,16500.537373230087,4
2026-04-21 15:00:00,2026-04-21 11:00:00,OLS,15930.75,16474.482747188686,4
2026-04-21 16:00:00,2026-04-21 12:00:00,OLS,15746.96,16269.794507132148,4
2026-04-21 17:00:00,2026-04-21 13:00:00,OLS,15653.456,16192.682524331747,4
2026-04-21 18:00:00,2026-04-21 14:00:00,OLS,15533.689,16034.151913476484,4
2026-04-21 19:00:00,2026-04-21 15:00:00,OLS,15485.978,15843.655111649065,4
2026-04-21 20:00:00,2026-04-21 16:00:00,OLS,15590.506000000001,15789.391693533214,4
2026-04-21 21:00:00,2026-04-21 17:00:00,OLS,15706.213,15791.006290762889,4
2026-04-21 22:00:00,2026-04-21 18:00:00,OLS,15685.006,15799.850088910103,4
2026-04-21 23:00:00,2026-04-21 19:00:00,OLS,15850.363000000001,15935.418061335044,4
2026-04-22 00:00:00,2026-04-21 20:00:00,OLS,16042.802,16382.03101593143,4
2026-04-22 01:00:00,2026-04-21 21:00:00,OLS,15718.805,16182.092236374407,4
2026-04-22 02:00:00,2026-04-21 22:00:00,OLS,14975.48,15654.591597950148,4
2026-04-22 03:00:00,2026-04-21 23:00:00,OLS,14345.729,15113.069211105,4
2026-04-22 04:00:00,2026-04-22 00:00:00,OLS,13855.353,15096.606014956935,4
2026-04-22 05:00:00,2026-04-22 01:00:00,OLS,13566.885,15001.253046696442,4
2026-04-22 06:00:00,2026-04-22 02:00:00,OLS,13435.947,14983.173945302999,4
2026-04-22 07:00:00,2026-04-22 03:00:00,OLS,13464.153,15076.653087438199,4
2026-04-22 08:00:00,2026-04-22 04:00:00,OLS,13708.887,15367.60686126961,4
2026-04-22 09:00:00,2026-04-22 05:00:00,OLS,14239.131000000001,15988.092806282688,4
2026-04-22 10:00:00,2026-04-22 06:00:00,OLS,15152.849,16918.263188813387,4
2026-04-22 11:00:00,2026-04-22 07:00:00,OLS,15648.612000000001,17181.72956381933,4
2026-04-22 12:00:00,2026-04-22 08:00:00,OLS,15769.957,16954.55484932234,4
2026-04-22 13:00:00,2026-04-22 09:00:00,OLS,15789.349,16607.789276112293,4
2026-04-22 14:00:00,2026-04-22 10:00:00,OLS,15762.471000000001,16450.257576286684,4
2026-04-22 15:00:00,2026-04-22 11:00:00,OLS,15801.539,16154.390459401802,4
2026-04-22 16:00:00,2026-04-22 12:00:00,OLS,15904.092,16041.960532975207,4
2026-04-22 17:00:00,2026-04-22 13:00:00,OLS,16084.485,16007.844370470819,4
2026-04-22 18:00:00,2026-04-22 14:00:00,OLS,16193.598,15911.521314432153,4
2026-04-22 19:00:00,2026-04-22 15:00:00,OLS,16405.220999999998,15917.318246906623,4
2026-04-22 20:00:00,2026-04-22 16:00:00,OLS,16476.518,16032.083428241862,4
2026-04-22 21:00:00,2026-04-22 17:00:00,OLS,16494.966999999997,16180.651975318093,4
2026-04-22 22:00:00,2026-04-22 18:00:00,OLS,16555.601000000002,16172.480094636827,4
2026-04-22 23:00:00,2026-04-22 19:00:00,OLS,16403.004,16361.281622891056,4
2026-04-23 00:00:00,2026-04-22 20:00:00,OLS,16425.733,16564.359569063767,4
2026-04-23 01:00:00,2026-04-22 21:00:00,OLS,16003.526000000002,16249.013780042755,4
2026-04-23 02:00:00,2026-04-22 22:00:00,OLS,15297.315,15515.251933333428,4
2026-04-23 03:00:00,2026-04-22 23:00:00,OLS,14507.749,14929.969840797889,4
2026-04-23 04:00:00,2026-04-23 00:00:00,OLS,13950.66,14188.237034700502,4
2026-04-23 05:00:00,2026-04-23 01:00:00,OLS,13645.062,13928.224320064042,4
2026-04-23 06:00:00,2026-04-23 02:00:00,OLS,13384.048,13830.985380342288,4
2026-04-23 07:00:00,2026-04-23 03:00:00,OLS,13319.185,13894.962128580722,4
2026-04-23 08:00:00,2026-04-23 04:00:00,OLS,13568.234,14166.05784757822,4
2026-04-23 09:00:00,2026-04-23 05:00:00,OLS,14081.755000000001,14736.260378918385,4
2026-04-23 10:00:00,2026-04-23 06:00:00,OLS,14988.017,15689.922873466123,4
2026-04-23 11:00:00,2026-04-23 07:00:00,OLS,15518.963,16167.769963125973,4
2026-04-23 12:00:00,2026-04-23 08:00:00,OLS,15639.339,16224.474026371901,4
2026-04-23 13:00:00,2026-04-23 09:00:00,OLS,15701.635,16256.135685943049,4
2026-04-23 14:00:00,2026-04-23 10:00:00,OLS,15810.412,16225.438267592543,4
2026-04-23 15:00:00,2026-04-23 11:00:00,OLS,16053.772,16275.909325170207,4
2026-04-23 16:00:00,2026-04-23 12:00:00,OLS,16492.814,16338.435060227399,4
2026-04-23 17:00:00,2026-04-23 13:00:00,OLS,16795.856,16484.268553360525,4
2026-04-23 18:00:00,2026-04-23 14:00:00,OLS,17099.976000000002,16541.455353224286,4
2026-04-23 19:00:00,2026-04-23 15:00:00,OLS,17217.732000000004,16691.730232596085,4
2026-04-23 20:00:00,2026-04-23 16:00:00,OLS,17506.256,16720.88606261409,4
2026-04-23 21:00:00,2026-04-23 17:00:00,OLS,17598.553,16732.983598259383,4
2026-04-23 22:00:00,2026-04-23 18:00:00,OLS,17551.423000000003,16802.90145638602,4
2026-04-23 23:00:00,2026-04-23 19:00:00,OLS,17337.811999999998,16683.475885937503,4
2026-04-24 00:00:00,2026-04-23 20:00:00,OLS,17169.47,16809.589924283464,4
2026-04-24 01:00:00,2026-04-23 21:00:00,OLS,16658.331,16412.420921340785,4
2026-04-24 02:00:00,2026-04-23 22:00:00,OLS,15714.048999999999,15744.441563762328,4
2026-04-24 03:00:00,2026-04-23 23:00:00,OLS,14893.539,15006.070799371966,4
2026-04-24 04:00:00,2026-04-24 00:00:00,OLS,14220.265,14043.448894739133,4
2026-04-24 05:00:00,2026-04-24 01:00:00,OLS,13710.729,13807.358985179879,4
2026-04-24 06:00:00,2026-04-24 02:00:00,OLS,13436.438999999998,13599.85006274389,4
2026-04-24 07:00:00,2026-04-24 03:00:00,OLS,13291.704999999998,13583.393678445085,4
2026-04-24 08:00:00,2026-04-24 04:00:00,OLS,13346.931,13869.977111710292,4
2026-04-24 09:00:00,2026-04-24 05:00:00,OLS,13937.527,14430.560088101007,4
2026-04-24 10:00:00,2026-04-24 06:00:00,OLS,14666.719000000001,15377.952760085858,4
2026-04-24 11:00:00,2026-04-24 07:00:00,OLS,15189.562,15830.438966002366,4
2026-04-24 12:00:00,2026-04-24 08:00:00,OLS,15541.635,15836.062235729549,4
2026-04-24 13:00:00,2026-04-24 09:00:00,OLS,15753.258,15796.24024796177,4
2026-04-24 14:00:00,2026-04-24 10:00:00,OLS,15966.122,15853.396612712144,4
2026-04-24 15:00:00,2026-04-24 11:00:00,OLS,16312.409,16009.469243409394,4
2026-04-24 16:00:00,2026-04-24 12:00:00,OLS,16546.831,16360.90097513565,4
2026-04-24 17:00:00,2026-04-24 13:00:00,OLS,16996.364999999998,16581.43248624674,4
2026-04-24 18:00:00,2026-04-24 14:00:00,OLS,17154.443,16812.735389354682,4
2026-04-24 19:00:00,2026-04-24 15:00:00,OLS,17310.566,16879.323682814545,4
2026-04-24 20:00:00,2026-04-24 16:00:00,OLS,17418.277000000002,17153.878755445672,4
2026-04-24 21:00:00,2026-04-24 17:00:00,OLS,17444.252,17234.681874479873,4
2026-04-24 22:00:00,2026-04-24 18:00:00,OLS,17231.374,17174.661407622207,4
2026-04-24 23:00:00,2026-04-24 19:00:00,OLS,16859.179,17018.379349343264,4
2026-04-25 00:00:00,2026-04-24 20:00:00,OLS,16640.078,16912.96883305323,4
2026-04-25 01:00:00,2026-04-24 21:00:00,OLS,16223.373,16413.18753035737,4
2026-04-25 02:00:00,2026-04-24 22:00:00,OLS,15405.066,15480.434612462002,4
2026-04-25 03:00:00,2026-04-24 23:00:00,OLS,14565.149,14725.536522313494,4
2026-04-25 04:00:00,2026-04-25 00:00:00,OLS,13779.314999999999,13954.680640548117,4
2026-04-25 05:00:00,2026-04-25 01:00:00,OLS,13416.499,13499.724899445087,4
2026-04-25 06:00:00,2026-04-25 02:00:00,OLS,13143.752,13274.836291212654,4
2026-04-25 07:00:00,2026-04-25 03:00:00,OLS,12984.437,13168.613228407736,4
2026-04-25 08:00:00,2026-04-25 04:00:00,OLS,12959.974,13260.559508579037,4
2026-04-25 09:00:00,2026-04-25 05:00:00,OLS,13100.407,13869.996065056981,4
2026-04-25 10:00:00,2026-04-25 06:00:00,OLS,13337.791000000001,14612.802365390049,4
2026-04-25 11:00:00,2026-04-25 07:00:00,OLS,13691.589,15097.540527767389,4
2026-04-25 12:00:00,2026-04-25 08:00:00,OLS,14054.818,15396.8175473443,4
2026-04-25 13:00:00,2026-04-25 09:00:00,OLS,14332.348999999998,15567.201248320935,4
2026-04-25 14:00:00,2026-04-25 10:00:00,OLS,14462.792000000001,15741.531892899213,4
2026-04-25 15:00:00,2026-04-25 11:00:00,OLS,14640.881000000001,16044.976299736778,4
2026-04-25 16:00:00,2026-04-25 12:00:00,OLS,14733.583999999999,16236.333189574038,4
2026-04-25 17:00:00,2026-04-25 13:00:00,OLS,14899.864000000001,16658.211107503623,4
2026-04-25 18:00:00,2026-04-25 14:00:00,OLS,14954.626,16778.739698177902,4
2026-04-25 19:00:00,2026-04-25 15:00:00,OLS,14941.895,16952.048845970836,4
2026-04-25 20:00:00,2026-04-25 16:00:00,OLS,15099.07,17044.699857487736,4
2026-04-25 21:00:00,2026-04-25 17:00:00,OLS,15258.724,17065.731579777246,4
2026-04-25 22:00:00,2026-04-25 18:00:00,OLS,15240.294,16887.82448191287,4
2026-04-25 23:00:00,2026-04-25 19:00:00,OLS,15121.766,16551.809990995716,4
2026-04-26 00:00:00,2026-04-25 20:00:00,OLS,14965.946,16399.695263282643,4
2026-04-26 01:00:00,2026-04-25 21:00:00,OLS,14737.351,15983.89024557218,4
2026-04-26 02:00:00,2026-04-25 22:00:00,OLS,14113.195,15182.490681949057,4
2026-04-26 03:00:00,2026-04-25 23:00:00,OLS,13496.41,14372.673636238247,4
2026-04-26 04:00:00,2026-04-26 00:00:00,OLS,13069.923,14088.189886845892,4
2026-04-26 05:00:00,2026-04-26 01:00:00,OLS,12775.065,13787.892847824774,4
2026-04-26 06:00:00,2026-04-26 02:00:00,OLS,12541.75,13528.445695749559,4
2026-04-26 07:00:00,2026-04-26 03:00:00,OLS,12504.298999999999,13396.165981832506,4
2026-04-26 08:00:00,2026-04-26 04:00:00,OLS,12518.961,13427.689718670135,4
2026-04-26 09:00:00,2026-04-26 05:00:00,OLS,12571.56,13622.578663332497,4
2026-04-26 10:00:00,2026-04-26 06:00:00,OLS,12892.669,13962.51643046063,4
2026-04-26 11:00:00,2026-04-26 07:00:00,OLS,13150.23,14346.029650458186,4
2026-04-26 12:00:00,2026-04-26 08:00:00,OLS,13653.842,14663.319809190742,4
2026-04-26 13:00:00,2026-04-26 09:00:00,OLS,14046.891,14899.918948374012,4
2026-04-26 14:00:00,2026-04-26 10:00:00,OLS,14117.974,15019.561258251517,4
2026-04-26 15:00:00,2026-04-26 11:00:00,OLS,14265.087,15217.033794124989,4
2026-04-26 16:00:00,2026-04-26 12:00:00,OLS,14317.961,15376.259670707539,4
2026-04-26 17:00:00,2026-04-26 13:00:00,OLS,14240.627,15576.355832733672,4
2026-04-26 18:00:00,2026-04-26 14:00:00,OLS,14233.061,15683.967384255373,4
2026-04-26 19:00:00,2026-04-26 15:00:00,OLS,14116.719000000001,15705.002664431458,4
2026-04-26 20:00:00,2026-04-26 16:00:00,OLS,14358.071,15922.923751952152,4
2026-04-26 21:00:00,2026-04-26 17:00:00,OLS,14641.332,16093.870485835905,4
2026-04-26 22:00:00,2026-04-26 18:00:00,OLS,14707.604,16084.049784757419,4
2026-04-26 23:00:00,2026-04-26 19:00:00,OLS,14652.224000000002,15971.189335483608,4
2026-04-27 00:00:00,2026-04-26 20:00:00,OLS,14925.718,15830.084340268602,4
2026-04-27 01:00:00,2026-04-26 21:00:00,OLS,14829.775,15567.924029855829,4
2026-04-27 02:00:00,2026-04-26 22:00:00,OLS,14263.794,14883.115324987819,4
2026-04-27 03:00:00,2026-04-26 23:00:00,OLS,13627.896,14260.66890161469,4
2026-04-27 04:00:00,2026-04-27 00:00:00,OLS,13234.52,14691.987557590503,4
2026-04-27 05:00:00,2026-04-27 01:00:00,OLS,13031.745,14376.94458032669,4
2026-04-27 06:00:00,2026-04-27 02:00:00,OLS,12953.631,14146.029086172686,4
2026-04-27 07:00:00,2026-04-27 03:00:00,OLS,12976.764,14109.103002258058,4
2026-04-27 08:00:00,2026-04-27 04:00:00,OLS,13301.567,14134.174581215208,4
2026-04-27 09:00:00,2026-04-27 05:00:00,OLS,13952.309000000001,14283.066588232623,4
2026-04-27 10:00:00,2026-04-27 06:00:00,OLS,14866.458,14699.464552179154,4
2026-04-27 11:00:00,2026-04-27 07:00:00,OLS,15298.25,14990.954828720109,4
2026-04-27 12:00:00,2026-04-27 08:00:00,OLS,15432.887,15485.05833606371,4
2026-04-27 13:00:00,2026-04-27 09:00:00,OLS,15362.997,15835.391390359136,4
2026-04-27 14:00:00,2026-04-27 10:00:00,OLS,15464.053,15908.76437600409,4
2026-04-27 15:00:00,2026-04-27 11:00:00,OLS,15438.162,16105.27418336668,4
2026-04-27 16:00:00,2026-04-27 12:00:00,OLS,15536.801,16193.082504026146,4
2026-04-27 17:00:00,2026-04-27 13:00:00,OLS,15707.867,16207.120000883233,4
2026-04-27 18:00:00,2026-04-27 14:00:00,OLS,15981.243999999999,16249.014236679744,4
2026-04-27 19:00:00,2026-04-27 15:00:00,OLS,16126.295999999998,16187.329413974974,4
2026-04-27 20:00:00,2026-04-27 16:00:00,OLS,16377.985,16445.843411987236,4
2026-04-27 21:00:00,2026-04-27 17:00:00,OLS,16528.292999999998,16693.39649029856,4
2026-04-27 22:00:00,2026-04-27 18:00:00,OLS,16391.28,16699.085190275604,4
2026-04-27 23:00:00,2026-04-27 19:00:00,OLS,16351.686000000002,16584.56377315798,4
2026-04-28 00:00:00,2026-04-27 20:00:00,OLS,16298.655999999999,16810.45156329217,4
2026-04-28 01:00:00,2026-04-27 21:00:00,OLS,15853.772,16629.53318463012,4
2026-04-28 02:00:00,2026-04-27 22:00:00,OLS,15201.157000000001,15991.686151400765,4
2026-04-28 03:00:00,2026-04-27 23:00:00,OLS,14506.845000000001,15325.333625768742,4
2026-04-28 04:00:00,2026-04-28 00:00:00,OLS,14028.948,13914.34094984789,4
2026-04-28 05:00:00,2026-04-28 01:00:00,OLS,13613.033,13702.677664051316,4
2026-04-28 06:00:00,2026-04-28 02:00:00,OLS,13336.092,13602.541118288047,4
2026-04-28 07:00:00,2026-04-28 03:00:00,OLS,13300.148,13596.012225179144,4
2026-04-28 08:00:00,2026-04-28 04:00:00,OLS,13400.168,13882.038590705326,4
2026-04-28 09:00:00,2026-04-28 05:00:00,OLS,13919.628,14470.742778385,4
2026-04-28 10:00:00,2026-04-28 06:00:00,OLS,14891.919,15275.006186468572,4
2026-04-28 11:00:00,2026-04-28 07:00:00,OLS,15370.688,15635.709579011602,4
2026-04-28 12:00:00,2026-04-28 08:00:00,OLS,15419.7,15756.32734002306,4
2026-04-28 13:00:00,2026-04-28 09:00:00,OLS,15633.479,15709.116821876753,4
2026-04-28 14:00:00,2026-04-28 10:00:00,OLS,15712.364000000001,15830.129559736148,4
2026-04-28 15:00:00,2026-04-28 11:00:00,OLS,15752.75,15825.940658166517,4
2026-04-28 16:00:00,2026-04-28 12:00:00,OLS,15863.155999999999,15938.156345880452,4
2026-04-28 17:00:00,2026-04-28 13:00:00,OLS,15906.192,16126.41085862128,4
2026-04-28 18:00:00,2026-04-28 14:00:00,OLS,15905.130000000001,16376.115963837205,4
2026-04-28 19:00:00,2026-04-28 15:00:00,OLS,15900.408,16489.601445432323,4
2026-04-28 20:00:00,2026-04-28 16:00:00,OLS,15969.625,16723.30712175982,4
2026-04-28 21:00:00,2026-04-28 17:00:00,OLS,16178.457,16850.645941448092,4
2026-04-28 22:00:00,2026-04-28 18:00:00,OLS,16221.42,16699.473649887062,4
2026-04-28 23:00:00,2026-04-28 19:00:00,OLS,16070.372,16649.84353386881,4
2026-04-29 00:00:00,2026-04-28 20:00:00,OLS,16112.55,16553.06618984799,4
2026-04-29 01:00:00,2026-04-28 21:00:00,OLS,15848.248,16102.274734878269,4
2026-04-29 02:00:00,2026-04-28 22:00:00,OLS,15025.294,15445.606081979768,4
2026-04-29 03:00:00,2026-04-28 23:00:00,OLS,14225.457,14773.642539614904,4
2026-04-29 04:00:00,2026-04-29 00:00:00,OLS,13647.09,14575.18474655812,4
2026-04-29 05:00:00,2026-04-29 01:00:00,OLS,13315.075,14181.320588746257,4
2026-04-29 06:00:00,2026-04-29 02:00:00,OLS,13113.492,13915.70051139923,4
2026-04-29 07:00:00,2026-04-29 03:00:00,OLS,13057.775000000001,13892.39037282184,4
2026-04-29 08:00:00,2026-04-29 04:00:00,OLS,13296.185,13967.914210014225,4
2026-04-29 09:00:00,2026-04-29 05:00:00,OLS,13746.628999999999,14409.942244211912,4
2026-04-29 10:00:00,2026-04-29 06:00:00,OLS,14594.607,15270.658151664244,4
2026-04-29 11:00:00,2026-04-29 07:00:00,OLS,15098.259,15651.928950581798,4
2026-04-29 12:00:00,2026-04-29 08:00:00,OLS,15309.586,15745.602669053475,4
2026-04-29 13:00:00,2026-04-29 09:00:00,OLS,15508.402999999998,16021.418031844336,4
2026-04-29 14:00:00,2026-04-29 10:00:00,OLS,15767.371,16090.12162924927,4
2026-04-29 15:00:00,2026-04-29 11:00:00,OLS,15866.796999999999,16157.880495998017,4
2026-04-29 16:00:00,2026-04-29 12:00:00,OLS,15872.645,16270.127151895915,4
2026-04-29 17:00:00,2026-04-29 13:00:00,OLS,15868.462,16286.515755104832,4
2026-04-29 18:00:00,2026-04-29 14:00:00,OLS,15874.473,16276.894712434216,4
2026-04-29 19:00:00,2026-04-29 15:00:00,OLS,15749.831,16254.556686759199,4
2026-04-29 20:00:00,2026-04-29 16:00:00,OLS,15699.452,16361.70011238294,4
2026-04-29 21:00:00,2026-04-29 17:00:00,OLS,15695.162,16602.66453893073,4
2026-04-29 22:00:00,2026-04-29 18:00:00,OLS,15667.683,16649.893832000693,4
2026-04-29 23:00:00,2026-04-29 19:00:00,OLS,15582.359,16502.697446856524,4
2026-04-30 00:00:00,2026-04-29 20:00:00,OLS,15665.519,16610.930032753735,4
2026-04-30 01:00:00,2026-04-29 21:00:00,OLS,15450.752,16367.870135096045,4
2026-04-30 02:00:00,2026-04-29 22:00:00,OLS,14761.486,15558.090614948123,4
2026-04-30 03:00:00,2026-04-29 23:00:00,OLS,14079.894,14807.331282929583,4
2026-04-30 04:00:00,2026-04-30 00:00:00,OLS,13666.528,13978.52205516421,4
2026-04-30 05:00:00,2026-04-30 01:00:00,OLS,13344.652999999998,13702.202333010518,4
2026-04-30 06:00:00,2026-04-30 02:00:00,OLS,13280.766,13540.022714847175,4
2026-04-30 07:00:00,2026-04-30 03:00:00,OLS,13228.354,13507.404076948204,4
2026-04-30 08:00:00,2026-04-30 04:00:00,OLS,13515.684000000001,13783.66880863871,4
2026-04-30 09:00:00,2026-04-30 05:00:00,OLS,14044.643,14269.594196519063,4
2026-04-30 10:00:00,2026-04-30 06:00:00,OLS,15025.060000000001,15131.071691351266,4
2026-04-30 11:00:00,2026-04-30 07:00:00,OLS,15519.867,15578.220581542855,4
2026-04-30 12:00:00,2026-04-30 08:00:00,OLS,15775.848000000002,15755.719341987731,4
2026-04-30 13:00:00,2026-04-30 09:00:00,OLS,15704.339,15902.667305083292,4
2026-04-30 14:00:00,2026-04-30 10:00:00,OLS,15724.128,16146.790916851991,4
2026-04-30 15:00:00,2026-04-30 11:00:00,OLS,15601.08,16217.742548121718,4
2026-04-30 16:00:00,2026-04-30 12:00:00,OLS,15531.973,16237.621497809687,4
2026-04-30 17:00:00,2026-04-30 13:00:00,OLS,15395.125,16274.652776343326,4
2026-04-30 18:00:00,2026-04-30 14:00:00,OLS,15169.909,16343.439839801937,4
2026-04-30 19:00:00,2026-04-30 15:00:00,OLS,15028.029999999999,16266.618972669887,4
2026-04-30 20:00:00,2026-04-30 16:00:00,OLS,14989.043000000001,16285.367921708137,4
2026-04-30 21:00:00,2026-04-30 17:00:00,OLS,15003.978,16312.792943774868,4
2026-04-30 22:00:00,2026-04-30 18:00:00,OLS,15028.363,16268.323476442056,4
2026-04-30 23:00:00,2026-04-30 19:00:00,OLS,15203.953000000001,16198.78025819347,4
2026-05-01 00:00:00,2026-04-30 20:00:00,OLS,15396.28,16274.219403767374,4
2026-05-01 01:00:00,2026-04-30 21:00:00,OLS,15461.01,16000.095694385744,4
2026-05-01 02:00:00,2026-04-30 22:00:00,OLS,14901.68,15303.078490031752,4
2026-05-01 03:00:00,2026-04-30 23:00:00,OLS,14422.850999999999,14644.14777931154,4
2026-05-01 04:00:00,2026-05-01 00:00:00,OLS,13945.405999999999,13767.192282021939,4
2026-05-01 05:00:00,2026-05-01 01:00:00,OLS,13761.863000000001,13440.122934427225,4
2026-05-01 06:00:00,2026-05-01 02:00:00,OLS,13726.514000000001,13361.997213787206,4
2026-05-01 07:00:00,2026-05-01 03:00:00,OLS,13768.387,13309.360965893167,4
2026-05-01 08:00:00,2026-05-01 04:00:00,OLS,14048.603,13579.973026562902,4
2026-05-01 09:00:00,2026-05-01 05:00:00,OLS,14635.093,14111.84510026302,4
2026-05-01 10:00:00,2026-05-01 06:00:00,OLS,15584.461,15103.370220462824,4
2026-05-01 11:00:00,2026-05-01 07:00:00,OLS,16074.819,15534.525989920056,4
2026-05-01 12:00:00,2026-05-01 08:00:00,OLS,16118.05,15725.983124969829,4
2026-05-01 13:00:00,2026-05-01 09:00:00,OLS,15923.743999999999,15671.412031277101,4
2026-05-01 14:00:00,2026-05-01 10:00:00,OLS,15876.421,15705.055801924438,4
2026-05-01 15:00:00,2026-05-01 11:00:00,OLS,15646.401999999998,15602.967602783936,4
2026-05-01 16:00:00,2026-05-01 12:00:00,OLS,15454.802,15583.311945676565,4
2026-05-01 17:00:00,2026-05-01 13:00:00,OLS,15420.645,15485.345469264355,4
2026-05-01 18:00:00,2026-05-01 14:00:00,OLS,15387.409,15303.987727931935,4
2026-05-01 19:00:00,2026-05-01 15:00:00,OLS,15050.541,15213.349282634084,4
2026-05-01 20:00:00,2026-05-01 16:00:00,OLS,15167.832999999999,15218.747260570159,4
2026-05-01 21:00:00,2026-05-01 17:00:00,OLS,15182.512,15286.615112773103,4
2026-05-01 22:00:00,2026-05-01 18:00:00,OLS,14993.511999999999,15326.1550465301,4
2026-05-01 23:00:00,2026-05-01 19:00:00,OLS,14996.921,15467.72000131752,4
2026-05-02 00:00:00,2026-05-01 20:00:00,OLS,15259.301,15635.16072850132,4
2026-05-02 01:00:00,2026-05-01 21:00:00,OLS,15255.241,15638.366804471261,4
2026-05-02 02:00:00,2026-05-01 22:00:00,OLS,14835.291000000001,14995.250040235132,4
2026-05-02 03:00:00,2026-05-01 23:00:00,OLS,14256.228,14483.979056352702,4
2026-05-02 04:00:00,2026-05-02 00:00:00,OLS,13876.029999999999,13796.281316390106,4
2026-05-02 05:00:00,2026-05-02 01:00:00,OLS,13652.657,13617.066058351775,4
2026-05-02 06:00:00,2026-05-02 02:00:00,OLS,13572.123,13558.872709671636,4
2026-05-02 07:00:00,2026-05-02 03:00:00,OLS,13513.069,13586.258206086515,4
2026-05-02 08:00:00,2026-05-02 04:00:00,OLS,13684.476999999999,13864.466141356912,4
2026-05-02 09:00:00,2026-05-02 05:00:00,OLS,13945.134,14431.828506783308,4
2026-05-02 10:00:00,2026-05-02 06:00:00,OLS,14365.836,15357.529418018656,4
2026-05-02 11:00:00,2026-05-02 07:00:00,OLS,14661.395999999999,15790.95853025954,4
2026-05-02 12:00:00,2026-05-02 08:00:00,OLS,14907.432999999999,15814.492792073941,4
2026-05-02 13:00:00,2026-05-02 09:00:00,OLS,14814.939,15677.454192711366,4
2026-05-02 14:00:00,2026-05-02 10:00:00,OLS,14772.323,15705.955518571944,4
2026-05-02 15:00:00,2026-05-02 11:00:00,OLS,14805.295,15532.7296033112,4
2026-05-02 16:00:00,2026-05-02 12:00:00,OLS,14643.382,15392.49942489317,4
2026-05-02 17:00:00,2026-05-02 13:00:00,OLS,14387.55,15396.10196708895,4
2026-05-02 18:00:00,2026-05-02 14:00:00,OLS,14295.571,15392.336933880912,4
2026-05-02 19:00:00,2026-05-02 15:00:00,OLS,14218.699,15078.935890069668,4
2026-05-02 20:00:00,2026-05-02 16:00:00,OLS,14305.237,15218.450988928855,4
2026-05-02 21:00:00,2026-05-02 17:00:00,OLS,14457.851,15226.463211857841,4
2026-05-02 22:00:00,2026-05-02 18:00:00,OLS,14523.402,15049.37929432997,4
2026-05-02 23:00:00,2026-05-02 19:00:00,OLS,14543.385,15047.501288815884,4
2026-05-03 00:00:00,2026-05-02 20:00:00,OLS,14881.669,15295.795612918435,4
2026-05-03 01:00:00,2026-05-02 21:00:00,OLS,14901.117,15224.047121649335,4
2026-05-03 02:00:00,2026-05-02 22:00:00,OLS,14585.007,14734.660738833863,4
2026-05-03 03:00:00,2026-05-02 23:00:00,OLS,14290.133,14130.972491742701,4
2026-05-03 04:00:00,2026-05-03 00:00:00,OLS,14038.516,14213.067806782252,4
2026-05-03 05:00:00,2026-05-03 01:00:00,OLS,13993.964,13983.75485875639,4
2026-05-03 06:00:00,2026-05-03 02:00:00,OLS,13941.571,13912.8637264622,4
2026-05-03 07:00:00,2026-05-03 03:00:00,OLS,14104.788,13847.92914881272,4
2026-05-03 08:00:00,2026-05-03 04:00:00,OLS,14199.972,14046.30627907804,4
2026-05-03 09:00:00,2026-05-03 05:00:00,OLS,14505.052,14338.140435866611,4
2026-05-03 10:00:00,2026-05-03 06:00:00,OLS,14842.405,14840.002825260852,4
2026-05-03 11:00:00,2026-05-03 07:00:00,OLS,15086.546999999999,15150.746774409032,4
2026-05-03 12:00:00,2026-05-03 08:00:00,OLS,15163.716,15408.498491992057,4
2026-05-03 13:00:00,2026-05-03 09:00:00,OLS,14875.827000000001,15310.917693970292,4
2026-05-03 14:00:00,2026-05-03 10:00:00,OLS,14554.544000000002,15300.83282856451,4
2026-05-03 15:00:00,2026-05-03 11:00:00,OLS,14322.644,15339.773629067298,4
2026-05-03 16:00:00,2026-05-03 12:00:00,OLS,14228.757000000001,15200.564543369244,4
2026-05-03 17:00:00,2026-05-03 13:00:00,OLS,14024.725999999999,14972.0161086055,4
2026-05-03 18:00:00,2026-05-03 14:00:00,OLS,13818.856,14886.578759242499,4
2026-05-03 19:00:00,2026-05-03 15:00:00,OLS,13982.932,14830.573886718928,4
2026-05-03 20:00:00,2026-05-03 16:00:00,OLS,14058.723000000002,14917.334968659845,4
2026-05-03 21:00:00,2026-05-03 17:00:00,OLS,14334.706999999999,15064.077450846813,4
2026-05-03 22:00:00,2026-05-03 18:00:00,OLS,14517.865,15133.935594284718,4
2026-05-03 23:00:00,2026-05-03 19:00:00,OLS,14719.002,15184.718906232616,4
2026-05-04 00:00:00,2026-05-03 20:00:00,OLS,15028.349,15520.05115843915,4
2026-05-04 01:00:00,2026-05-03 21:00:00,OLS,14893.233,15520.880886245306,4
2026-05-04 02:00:00,2026-05-03 22:00:00,OLS,14633.201000000001,15143.181171481343,4
2026-05-04 03:00:00,2026-05-03 23:00:00,OLS,14121.544,14835.799934120987,4
2026-05-04 04:00:00,2026-05-04 00:00:00,OLS,13879.893,15411.346877118043,4
2026-05-04 05:00:00,2026-05-04 01:00:00,OLS,13585.546999999999,15362.697646576391,4
2026-05-04 06:00:00,2026-05-04 02:00:00,OLS,13522.454,15308.308456261491,4
2026-05-04 07:00:00,2026-05-04 03:00:00,OLS,13711.314,15467.420256994186,4
2026-05-04 08:00:00,2026-05-04 04:00:00,OLS,14153.391,15577.544353162093,4
2026-05-04 09:00:00,2026-05-04 05:00:00,OLS,14718.27,15941.234813591775,4
2026-05-04 10:00:00,2026-05-04 06:00:00,OLS,15615.015,16376.828513842718,4
2026-05-04 11:00:00,2026-05-04 07:00:00,OLS,15988.855,16646.59051349736,4
2026-05-04 12:00:00,2026-05-04 08:00:00,OLS,16058.541000000001,16692.951376836776,4
2026-05-04 13:00:00,2026-05-04 09:00:00,OLS,15993.723,16394.75124507999,4
2026-05-04 14:00:00,2026-05-04 10:00:00,OLS,15901.236,16126.552657134718,4
2026-05-04 15:00:00,2026-05-04 11:00:00,OLS,15838.813,15908.384978686106,4
2026-05-04 16:00:00,2026-05-04 12:00:00,OLS,15819.344000000001,15828.379751548762,4
2026-05-04 17:00:00,2026-05-04 13:00:00,OLS,15869.719000000001,15668.977864140625,4
2026-05-04 18:00:00,2026-05-04 14:00:00,OLS,15863.462,15508.791120278833,4
2026-05-04 19:00:00,2026-05-04 15:00:00,OLS,15883.559000000001,15630.897269015539,4
2026-05-04 20:00:00,2026-05-04 16:00:00,OLS,15938.186000000002,15713.40191693784,4
2026-05-04 21:00:00,2026-05-04 17:00:00,OLS,16107.715,15963.720358002045,4
2026-05-04 22:00:00,2026-05-04 18:00:00,OLS,16233.613000000001,16074.214500295597,4
2026-05-04 23:00:00,2026-05-04 19:00:00,OLS,16335.313000000002,16245.096838914578,4
2026-05-05 00:00:00,2026-05-04 20:00:00,OLS,16368.021999999999,16542.90972046308,4
2026-05-05 01:00:00,2026-05-04 21:00:00,OLS,16094.825,16386.729383779042,4
2026-05-05 02:00:00,2026-05-04 22:00:00,OLS,15451.268,16093.018124290924,4
2026-05-05 03:00:00,2026-05-04 23:00:00,OLS,14693.555,15546.292220045185,4
2026-05-05 04:00:00,2026-05-05 00:00:00,OLS,14100.616000000002,14331.711031077966,4
2026-05-05 05:00:00,2026-05-05 01:00:00,OLS,13766.003,14035.970758262567,4
2026-05-05 06:00:00,2026-05-05 02:00:00,OLS,13515.24,13986.108931260618,4
2026-05-05 07:00:00,2026-05-05 03:00:00,OLS,13534.608,14141.414601376933,4
2026-05-05 08:00:00,2026-05-05 04:00:00,OLS,13646.686,14555.64697861384,4
2026-05-05 09:00:00,2026-05-05 05:00:00,OLS,14238.041000000001,15066.286841407475,4
2026-05-05 10:00:00,2026-05-05 06:00:00,OLS,15062.285,15899.401652236716,4
2026-05-05 11:00:00,2026-05-05 07:00:00,OLS,15475.715,16202.653697524393,4
2026-05-05 12:00:00,2026-05-05 08:00:00,OLS,15663.058,16273.930165708825,4
2026-05-05 13:00:00,2026-05-05 09:00:00,OLS,15716.164,16206.080201980127,4
2026-05-05 14:00:00,2026-05-05 10:00:00,OLS,15834.239000000001,16137.099714257169,4
2026-05-05 15:00:00,2026-05-05 11:00:00,OLS,16002.262999999999,16108.593893973786,4
2026-05-05 16:00:00,2026-05-05 12:00:00,OLS,16183.261000000002,16073.773407408104,4
2026-05-05 17:00:00,2026-05-05 13:00:00,OLS,16340.747,16087.843584119339,4
2026-05-05 18:00:00,2026-05-05 14:00:00,OLS,16278.307,16073.66810530216,4
2026-05-05 19:00:00,2026-05-05 15:00:00,OLS,16229.953000000001,16071.073291787878,4
2026-05-05 20:00:00,2026-05-05 16:00:00,OLS,16241.853,16132.461516183903,4
2026-05-05 21:00:00,2026-05-05 17:00:00,OLS,16329.771999999999,16296.511493839578,4
2026-05-05 22:00:00,2026-05-05 18:00:00,OLS,16261.702000000001,16396.663298869935,4
2026-05-05 23:00:00,2026-05-05 19:00:00,OLS,16400.387,16466.74432417896,4
2026-05-06 00:00:00,2026-05-05 20:00:00,OLS,16296.319,16527.727439244398,4
2026-05-06 01:00:00,2026-05-05 21:00:00,OLS,16104.481,16276.000588730778,4
2026-05-06 02:00:00,2026-05-05 22:00:00,OLS,15378.401,15653.7217499907,4
2026-05-06 03:00:00,2026-05-05 23:00:00,OLS,14706.614000000001,14976.953517320231,4
2026-05-06 04:00:00,2026-05-06 00:00:00,OLS,14155.530999999999,14703.776716557664,4
2026-05-06 05:00:00,2026-05-06 01:00:00,OLS,13911.15,14448.251988511509,4
2026-05-06 06:00:00,2026-05-06 02:00:00,OLS,13728.181,14233.447877793855,4
2026-05-06 07:00:00,2026-05-06 03:00:00,OLS,13664.715,14288.331775809685,4
2026-05-06 08:00:00,2026-05-06 04:00:00,OLS,13842.32,14380.075469460497,4
2026-05-06 09:00:00,2026-05-06 05:00:00,OLS,14302.153999999999,14941.20647759537,4
2026-05-06 10:00:00,2026-05-06 06:00:00,OLS,15128.145,15665.51469138447,4
2026-05-06 11:00:00,2026-05-06 07:00:00,OLS,15521.977,16003.538225923952,4
2026-05-06 12:00:00,2026-05-06 08:00:00,OLS,15780.373,16156.678984663346,4
2026-05-06 13:00:00,2026-05-06 09:00:00,OLS,15854.298999999999,16146.535809422534,4
2026-05-06 14:00:00,2026-05-06 10:00:00,OLS,15740.101999999999,16204.518610723984,4
2026-05-06 15:00:00,2026-05-06 11:00:00,OLS,15603.901,16318.239701959725,4
2026-05-06 16:00:00,2026-05-06 12:00:00,OLS,15812.255,16462.948954065916,4
2026-05-06 17:00:00,2026-05-06 13:00:00,OLS,15803.468,16560.064910543835,4
2026-05-06 18:00:00,2026-05-06 14:00:00,OLS,15692.723,16459.093804750075,4
2026-05-06 19:00:00,2026-05-06 15:00:00,OLS,15594.429,16458.322115645824,4
2026-05-06 20:00:00,2026-05-06 16:00:00,OLS,15562.832,16492.323608482715,4
2026-05-06 21:00:00,2026-05-06 17:00:00,OLS,15785.573,16620.910216219818,4
2026-05-06 22:00:00,2026-05-06 18:00:00,OLS,15785.097,16582.525018457156,4
2026-05-06 23:00:00,2026-05-06 19:00:00,OLS,15837.427,16751.284319546314,4
2026-05-07 00:00:00,2026-05-06 20:00:00,OLS,15952.227,16699.791595817147,4
2026-05-07 01:00:00,2026-05-06 21:00:00,OLS,15857.357,16519.790214131615,4
2026-05-07 02:00:00,2026-05-06 22:00:00,OLS,15254.66,15849.491504075104,4
2026-05-07 03:00:00,2026-05-06 23:00:00,OLS,14480.307,15234.230606361158,4
2026-05-07 04:00:00,2026-05-07 00:00:00,OLS,14025.194,14452.856046834198,4
2026-05-07 05:00:00,2026-05-07 01:00:00,OLS,13788.734,14232.370654654495,4
2026-05-07 06:00:00,2026-05-07 02:00:00,OLS,13772.027,14080.122704442492,4
2026-05-07 07:00:00,2026-05-07 03:00:00,OLS,13805.354,14066.01369770178,4
2026-05-07 08:00:00,2026-05-07 04:00:00,OLS,14090.359,14307.533447079513,4
2026-05-07 09:00:00,2026-05-07 05:00:00,OLS,14546.252,14786.74434043199,4
2026-05-07 10:00:00,2026-05-07 06:00:00,OLS,15471.772,15630.508143040854,4
2026-05-07 11:00:00,2026-05-07 07:00:00,OLS,15864.212,15969.402963123399,4
2026-05-07 12:00:00,2026-05-07 08:00:00,OLS,16051.853,16179.194148776283,4
2026-05-07 13:00:00,2026-05-07 09:00:00,OLS,15978.667000000001,16214.978694536718,4
2026-05-07 14:00:00,2026-05-07 10:00:00,OLS,15982.0,16087.812585403324,4
2026-05-07 15:00:00,2026-05-07 11:00:00,OLS,15877.315,15963.113309155884,4
2026-05-07 16:00:00,2026-05-07 12:00:00,OLS,15777.028,16167.284172647804,4
2026-05-07 17:00:00,2026-05-07 13:00:00,OLS,15614.455000000002,16155.870742233776,4
2026-05-07 18:00:00,2026-05-07 14:00:00,OLS,15563.547999999999,16071.160590671945,4
2026-05-07 19:00:00,2026-05-07 15:00:00,OLS,15452.79,16010.648636900985,4
2026-05-07 20:00:00,2026-05-07 16:00:00,OLS,15449.692,16012.687022450606,4
2026-05-07 21:00:00,2026-05-07 17:00:00,OLS,15391.764000000001,16258.746075268298,4
2026-05-07 22:00:00,2026-05-07 18:00:00,OLS,15463.368,16273.78464866012,4
2026-05-07 23:00:00,2026-05-07 19:00:00,OLS,15537.078,16339.89715290528,4
2026-05-08 00:00:00,2026-05-07 20:00:00,OLS,15757.849,16455.9211950342,4
2026-05-08 01:00:00,2026-05-07 21:00:00,OLS,15748.609,16317.22238524774,4
2026-05-08 02:00:00,2026-05-07 22:00:00,OLS,15194.613000000001,15685.277427786217,4
2026-05-08 03:00:00,2026-05-07 23:00:00,OLS,14720.046,14914.12560811761,4
2026-05-08 04:00:00,2026-05-08 00:00:00,OLS,14345.475,13984.113383930762,4
2026-05-08 05:00:00,2026-05-08 01:00:00,OLS,14074.587,13750.371247063813,4
2026-05-08 06:00:00,2026-05-08 02:00:00,OLS,14004.455000000002,13712.372682762132,4
2026-05-08 07:00:00,2026-05-08 03:00:00,OLS,14011.49,13745.63856819249,4
2026-05-08 08:00:00,2026-05-08 04:00:00,OLS,14456.653,14012.035207644796,4
2026-05-08 09:00:00,2026-05-08 05:00:00,OLS,15103.925,14489.770840706096,4
2026-05-08 10:00:00,2026-05-08 06:00:00,OLS,15991.411,15410.70757612867,4
2026-05-08 11:00:00,2026-05-08 07:00:00,OLS,16392.294,15746.279633473947,4
2026-05-08 12:00:00,2026-05-08 08:00:00,OLS,16426.642,15907.90683908723,4
2026-05-08 13:00:00,2026-05-08 09:00:00,OLS,16214.503,15835.100105895628,4
2026-05-08 14:00:00,2026-05-08 10:00:00,OLS,16049.499,15880.220034460472,4
2026-05-08 15:00:00,2026-05-08 11:00:00,OLS,15881.490000000002,15830.80155049611,4
2026-05-08 16:00:00,2026-05-08 12:00:00,OLS,15798.458,15781.064481473632,4
2026-05-08 17:00:00,2026-05-08 13:00:00,OLS,15770.873,15682.321160444166,4
2026-05-08 18:00:00,2026-05-08 14:00:00,OLS,15509.012999999999,15656.304970224013,4
2026-05-08 19:00:00,2026-05-08 15:00:00,OLS,15475.392,15566.249796048729,4
2026-05-08 20:00:00,2026-05-08 16:00:00,OLS,15484.657,15587.10056710041,4
2026-05-08 21:00:00,2026-05-08 17:00:00,OLS,15442.003,15547.495232903595,4
2026-05-08 22:00:00,2026-05-08 18:00:00,OLS,15306.056,15613.107178412862,4
2026-05-08 23:00:00,2026-05-08 19:00:00,OLS,15332.143,15702.47761175517,4
2026-05-09 00:00:00,2026-05-08 20:00:00,OLS,15332.718,15875.636228383028,4
2026-05-09 01:00:00,2026-05-08 21:00:00,OLS,15335.916,15815.55873771847,4
2026-05-09 02:00:00,2026-05-08 22:00:00,OLS,14766.416000000001,15198.205586029653,4
2026-05-09 03:00:00,2026-05-08 23:00:00,OLS,14191.631000000001,14719.962196704586,4
2026-05-09 04:00:00,2026-05-09 00:00:00,OLS,13651.901999999998,14177.177400552377,4
2026-05-09 05:00:00,2026-05-09 01:00:00,OLS,13394.878,13920.06884525582,4
2026-05-09 06:00:00,2026-05-09 02:00:00,OLS,13238.876,13838.853627669585,4
2026-05-09 07:00:00,2026-05-09 03:00:00,OLS,13240.611,13831.486502848244,4
2026-05-09 08:00:00,2026-05-09 04:00:00,OLS,13265.65,14254.278281981404,4
2026-05-09 09:00:00,2026-05-09 05:00:00,OLS,13474.656,14868.906774255724,4
2026-05-09 10:00:00,2026-05-09 06:00:00,OLS,13677.313,15731.08204226785,4
2026-05-09 11:00:00,2026-05-09 07:00:00,OLS,14168.789,16072.704670062314,4
2026-05-09 12:00:00,2026-05-09 08:00:00,OLS,14466.109,16108.542892498697,4
2026-05-09 13:00:00,2026-05-09 09:00:00,OLS,14569.780999999999,15932.32407368174,4
2026-05-09 14:00:00,2026-05-09 10:00:00,OLS,14591.706,15785.018104533294,4
2026-05-09 15:00:00,2026-05-09 11:00:00,OLS,14589.130000000001,15634.470950001645,4
2026-05-09 16:00:00,2026-05-09 12:00:00,OLS,14544.777,15628.09866100063,4
2026-05-09 17:00:00,2026-05-09 13:00:00,OLS,14460.935,15627.843045503349,4
2026-05-09 18:00:00,2026-05-09 14:00:00,OLS,14460.423999999999,15381.837338468635,4
2026-05-09 19:00:00,2026-05-09 15:00:00,OLS,14511.403,15372.157067471257,4
2026-05-09 20:00:00,2026-05-09 16:00:00,OLS,14703.82,15386.896721548896,4
2026-05-09 21:00:00,2026-05-09 17:00:00,OLS,14821.193,15398.786729666135,4
2026-05-09 22:00:00,2026-05-09 18:00:00,OLS,14996.072,15278.830004314168,4
2026-05-09 23:00:00,2026-05-09 19:00:00,OLS,14956.93,15324.626411356207,4
2026-05-10 00:00:00,2026-05-09 20:00:00,OLS,14925.65,15334.679351298,4
2026-05-10 01:00:00,2026-05-09 21:00:00,OLS,14780.477,15320.573440401973,4
2026-05-10 02:00:00,2026-05-09 22:00:00,OLS,14307.11,14709.656207019125,4
2026-05-10 03:00:00,2026-05-09 23:00:00,OLS,13753.418,14106.645347232345,4
2026-05-10 04:00:00,2026-05-10 00:00:00,OLS,13226.037,14028.785506766037,4
2026-05-10 05:00:00,2026-05-10 01:00:00,OLS,12908.773000000001,13804.666662585158,4
2026-05-10 06:00:00,2026-05-10 02:00:00,OLS,12730.255000000001,13679.090468185956,4
2026-05-10 07:00:00,2026-05-10 03:00:00,OLS,12632.416000000001,13696.332050062789,4
2026-05-10 08:00:00,2026-05-10 04:00:00,OLS,12579.805,13746.779046054953,4
2026-05-10 09:00:00,2026-05-10 05:00:00,OLS,12720.249,13990.197913346612,4
2026-05-10 10:00:00,2026-05-10 06:00:00,OLS,12828.205999999998,14292.731352645707,4
2026-05-10 11:00:00,2026-05-10 07:00:00,OLS,13209.018,14793.39501750458,4
2026-05-10 12:00:00,2026-05-10 08:00:00,OLS,13532.789,15072.463735129695,4
2026-05-10 13:00:00,2026-05-10 09:00:00,OLS,13717.207999999999,15155.22417509194,4
2026-05-10 14:00:00,2026-05-10 10:00:00,OLS,13633.8,15192.413228971127,4
2026-05-10 15:00:00,2026-05-10 11:00:00,OLS,13820.132,15194.825175390964,4
2026-05-10 16:00:00,2026-05-10 12:00:00,OLS,13971.106,15157.829313939801,4
2026-05-10 17:00:00,2026-05-10 13:00:00,OLS,14068.241,15074.22031872844,4
2026-05-10 18:00:00,2026-05-10 14:00:00,OLS,14262.8,15103.39866836396,4
2026-05-10 19:00:00,2026-05-10 15:00:00,OLS,14468.255,15147.70457547906,4
2026-05-10 20:00:00,2026-05-10 16:00:00,OLS,14738.391,15333.785697804502,4
2026-05-10 21:00:00,2026-05-10 17:00:00,OLS,14852.339,15427.822484146172,4
2026-05-10 22:00:00,2026-05-10 18:00:00,OLS,14995.07,15607.134907164289,4
2026-05-10 23:00:00,2026-05-10 19:00:00,OLS,14997.628,15573.026151347489,4
2026-05-11 00:00:00,2026-05-10 20:00:00,OLS,15081.821,15592.15359503136,4
2026-05-11 01:00:00,2026-05-10 21:00:00,OLS,15123.602,15460.761277544014,4
2026-05-11 02:00:00,2026-05-10 22:00:00,OLS,14615.237000000001,14962.751865814836,4
2026-05-11 03:00:00,2026-05-10 23:00:00,OLS,14006.354,14432.64962670704,4
2026-05-11 04:00:00,2026-05-11 00:00:00,OLS,13418.91,14806.394640451746,4
2026-05-11 05:00:00,2026-05-11 01:00:00,OLS,13244.563999999998,14517.933646833257,4
2026-05-11 06:00:00,2026-05-11 02:00:00,OLS,13091.168,14371.045147489262,4
2026-05-11 07:00:00,2026-05-11 03:00:00,OLS,13068.548,14293.149419759582,4
2026-05-11 08:00:00,2026-05-11 04:00:00,OLS,13285.221,14332.309399608737,4
2026-05-11 09:00:00,2026-05-11 05:00:00,OLS,14042.449,14575.855770439946,4
2026-05-11 10:00:00,2026-05-11 06:00:00,OLS,14959.912,14820.33087559314,4
2026-05-11 11:00:00,2026-05-11 07:00:00,OLS,15389.826000000001,15215.991868942976,4
2026-05-11 12:00:00,2026-05-11 08:00:00,OLS,15709.748,15479.459755156922,4
2026-05-11 13:00:00,2026-05-11 09:00:00,OLS,15723.511,15585.877658784759,4
2026-05-11 14:00:00,2026-05-11 10:00:00,OLS,15913.114,15473.220171444511,4
2026-05-11 15:00:00,2026-05-11 11:00:00,OLS,15872.447,15635.392755082636,4
2026-05-11 16:00:00,2026-05-11 12:00:00,OLS,15961.122,15759.206277188676,4
2026-05-11 17:00:00,2026-05-11 13:00:00,OLS,16054.518,15848.553532192458,4
2026-05-11 18:00:00,2026-05-11 14:00:00,OLS,15960.104,15982.929001253706,4
2026-05-11 19:00:00,2026-05-11 15:00:00,OLS,15823.508,16156.985425675792,4
2026-05-11 20:00:00,2026-05-11 16:00:00,OLS,15823.856,16388.178788223227,4
2026-05-11 21:00:00,2026-05-11 17:00:00,OLS,15849.262,16461.906968656323,4
2026-05-11 22:00:00,2026-05-11 18:00:00,OLS,15792.392,16553.584308786005,4
2026-05-11 23:00:00,2026-05-11 19:00:00,OLS,15863.164,16552.879293367307,4
2026-05-12 00:00:00,2026-05-11 20:00:00,OLS,15867.518,16631.81024534683,4
2026-05-12 01:00:00,2026-05-11 21:00:00,OLS,15857.759,16667.643164005152,4
2026-05-12 02:00:00,2026-05-11 22:00:00,OLS,15185.327000000001,16108.131927471932,4
2026-05-12 03:00:00,2026-05-11 23:00:00,OLS,14572.462,15507.262691944034,4
2026-05-12 04:00:00,2026-05-12 00:00:00,OLS,13984.166,13966.225722122135,4
2026-05-12 05:00:00,2026-05-12 01:00:00,OLS,13721.087,13818.992541200616,4
2026-05-12 06:00:00,2026-05-12 02:00:00,OLS,13638.875,13665.668339590879,4
2026-05-12 07:00:00,2026-05-12 03:00:00,OLS,13683.84,13657.122032469764,4
2026-05-12 08:00:00,2026-05-12 04:00:00,OLS,14049.116000000002,13860.51409755258,4
2026-05-12 09:00:00,2026-05-12 05:00:00,OLS,14614.994999999999,14564.820218633558,4
2026-05-12 10:00:00,2026-05-12 06:00:00,OLS,15489.111,15367.003438567928,4
2026-05-12 11:00:00,2026-05-12 07:00:00,OLS,16069.462,15744.187172822398,4
2026-05-12 12:00:00,2026-05-12 08:00:00,OLS,15947.083999999999,16031.549552419163,4
2026-05-12 13:00:00,2026-05-12 09:00:00,OLS,15828.159,16020.718970557045,4
2026-05-12 14:00:00,2026-05-12 10:00:00,OLS,15736.228,16200.039303756677,4
2026-05-12 15:00:00,2026-05-12 11:00:00,OLS,15654.256000000001,16134.180461015661,4
2026-05-12 16:00:00,2026-05-12 12:00:00,OLS,15698.464,16203.877717753428,4
2026-05-12 17:00:00,2026-05-12 13:00:00,OLS,15747.754,16262.42422882173,4
2026-05-12 18:00:00,2026-05-12 14:00:00,OLS,15796.954000000002,16158.691826177734,4
2026-05-12 19:00:00,2026-05-12 15:00:00,OLS,15835.810000000001,16042.863797915144,4
2026-05-12 20:00:00,2026-05-12 16:00:00,OLS,16013.749,16080.284582980898,4
2026-05-12 21:00:00,2026-05-12 17:00:00,OLS,16201.613,16121.91150932811,4
2026-05-12 22:00:00,2026-05-12 18:00:00,OLS,16230.229000000001,16093.328882543392,4
2026-05-12 23:00:00,2026-05-12 19:00:00,OLS,16257.307,16154.990093419692,4
2026-05-13 00:00:00,2026-05-12 20:00:00,OLS,16253.453,16138.773010493343,4
2026-05-13 01:00:00,2026-05-12 21:00:00,OLS,16158.894,16094.332420049803,4
2026-05-13 02:00:00,2026-05-12 22:00:00,OLS,15483.16,15407.059225891011,4
2026-05-13 03:00:00,2026-05-12 23:00:00,OLS,14744.173999999999,14823.389734568005,4
2026-05-13 04:00:00,2026-05-13 00:00:00,OLS,14061.914,14508.127516100794,4
2026-05-13 05:00:00,2026-05-13 01:00:00,OLS,13754.417,14259.708435980867,4
2026-05-13 06:00:00,2026-05-13 02:00:00,OLS,13536.116,14174.42674373146,4
2026-05-13 07:00:00,2026-05-13 03:00:00,OLS,13555.275,14199.143693529251,4
2026-05-13 08:00:00,2026-05-13 04:00:00,OLS,13779.05,14504.594800859277,4
2026-05-13 09:00:00,2026-05-13 05:00:00,OLS,14220.848,14974.77131573605,4
2026-05-13 10:00:00,2026-05-13 06:00:00,OLS,15096.453000000001,15698.324478272332,4
2026-05-13 11:00:00,2026-05-13 07:00:00,OLS,15589.915,16202.303463471926,4
2026-05-13 12:00:00,2026-05-13 08:00:00,OLS,15710.751,16083.326460875296,4
2026-05-13 13:00:00,2026-05-13 09:00:00,OLS,15745.463,16024.063050065766,4
2026-05-13 14:00:00,2026-05-13 10:00:00,OLS,15934.373,15932.814878466896,4
2026-05-13 15:00:00,2026-05-13 11:00:00,OLS,15925.576000000001,15913.493636748404,4
2026-05-13 16:00:00,2026-05-13 12:00:00,OLS,15983.279,15997.372370840374,4
2026-05-13 17:00:00,2026-05-13 13:00:00,OLS,16056.402000000002,16065.100343785669,4
2026-05-13 18:00:00,2026-05-13 14:00:00,OLS,15985.328,16160.061629556503,4
2026-05-13 19:00:00,2026-05-13 15:00:00,OLS,15954.14,16248.178996010975,4
2026-05-13 20:00:00,2026-05-13 16:00:00,OLS,16093.355,16467.937044352635,4
2026-05-13 21:00:00,2026-05-13 17:00:00,OLS,16118.512999999999,16651.000273074987,4
2026-05-13 22:00:00,2026-05-13 18:00:00,OLS,16063.737000000001,16693.38506015786,4
2026-05-13 23:00:00,2026-05-13 19:00:00,OLS,15973.382000000001,16712.98742726125,4
2026-05-14 00:00:00,2026-05-13 20:00:00,OLS,15848.170999999998,16720.85446438313,4
2026-05-14 01:00:00,2026-05-13 21:00:00,OLS,15824.741,16638.77518503623,4
2026-05-14 02:00:00,2026-05-13 22:00:00,OLS,15200.917,15959.706769780969,4
2026-05-14 03:00:00,2026-05-13 23:00:00,OLS,14574.371,15250.999067423743,4
2026-05-14 04:00:00,2026-05-14 00:00:00,OLS,13970.594000000001,14289.215569570848,4
2026-05-14 05:00:00,2026-05-14 01:00:00,OLS,13697.506000000001,14040.92454050029,4
2026-05-14 06:00:00,2026-05-14 02:00:00,OLS,13524.282,13835.919969948303,4
2026-05-14 07:00:00,2026-05-14 03:00:00,OLS,13570.693,13860.752437558904,4
2026-05-14 08:00:00,2026-05-14 04:00:00,OLS,13800.374,14082.25558337949,4
2026-05-14 09:00:00,2026-05-14 05:00:00,OLS,14395.421999999999,14579.67672071892,4
2026-05-14 10:00:00,2026-05-14 06:00:00,OLS,15317.668,15474.139983869512,4
2026-05-14 11:00:00,2026-05-14 07:00:00,OLS,15784.695,15904.746974970218,4
2026-05-14 12:00:00,2026-05-14 08:00:00,OLS,15803.464,16044.606554370523,4
2026-05-14 13:00:00,2026-05-14 09:00:00,OLS,15837.239,16081.897284223567,4
2026-05-14 14:00:00,2026-05-14 10:00:00,OLS,15837.150000000001,16301.299921518372,4
2026-05-14 15:00:00,2026-05-14 11:00:00,OLS,15808.829,16281.722134418567,4
2026-05-14 16:00:00,2026-05-14 12:00:00,OLS,15818.589,16359.474316309343,4
2026-05-14 17:00:00,2026-05-14 13:00:00,OLS,15882.992999999999,16446.482175842808,4
2026-05-14 18:00:00,2026-05-14 14:00:00,OLS,15727.614,16364.1703259157,4
2026-05-14 19:00:00,2026-05-14 15:00:00,OLS,15652.159,16323.814052629874,4
2026-05-14 20:00:00,2026-05-14 16:00:00,OLS,15544.222000000002,16454.16857891698,4
2026-05-14 21:00:00,2026-05-14 17:00:00,OLS,15633.898000000001,16467.129952455085,4
2026-05-14 22:00:00,2026-05-14 18:00:00,OLS,15693.295,16408.14652190305,4
2026-05-14 23:00:00,2026-05-14 19:00:00,OLS,15668.112000000001,16345.831644180322,4
2026-05-15 00:00:00,2026-05-14 20:00:00,OLS,15812.042000000001,16241.951294761282,4
2026-05-15 01:00:00,2026-05-14 21:00:00,OLS,15937.124,16234.944752082723,4
2026-05-15 02:00:00,2026-05-14 22:00:00,OLS,15389.418000000001,15569.481634952896,4
2026-05-15 03:00:00,2026-05-14 23:00:00,OLS,14875.266,14967.547710380468,4
2026-05-15 04:00:00,2026-05-15 00:00:00,OLS,14439.317000000001,13895.066525788594,4
2026-05-15 05:00:00,2026-05-15 01:00:00,OLS,14124.059000000001,13657.582524874544,4
2026-05-15 06:00:00,2026-05-15 02:00:00,OLS,14035.245,13511.896119735098,4
2026-05-15 07:00:00,2026-05-15 03:00:00,OLS,14133.628,13571.641435548285,4
2026-05-15 08:00:00,2026-05-15 04:00:00,OLS,14336.936000000002,13831.202839267607,4
2026-05-15 09:00:00,2026-05-15 05:00:00,OLS,15010.472,14438.849924831298,4
2026-05-15 10:00:00,2026-05-15 06:00:00,OLS,15823.706,15351.617763636288,4
2026-05-15 11:00:00,2026-05-15 07:00:00,OLS,16254.405999999999,15782.996822885685,4
2026-05-15 12:00:00,2026-05-15 08:00:00,OLS,16070.312999999998,15732.606415511116,4
2026-05-15 13:00:00,2026-05-15 09:00:00,OLS,15988.975,15743.84754994313,4
2026-05-15 14:00:00,2026-05-15 10:00:00,OLS,15827.961,15722.038670569786,4
2026-05-15 15:00:00,2026-05-15 11:00:00,OLS,15647.379,15691.720733958306,4
2026-05-15 16:00:00,2026-05-15 12:00:00,OLS,15524.297999999999,15720.430590564447,4
2026-05-15 17:00:00,2026-05-15 13:00:00,OLS,15549.607,15796.831105711502,4
2026-05-15 18:00:00,2026-05-15 14:00:00,OLS,15515.348000000002,15673.481156990423,4
2026-05-15 19:00:00,2026-05-15 15:00:00,OLS,15448.19,15638.872119218793,4
2026-05-15 20:00:00,2026-05-15 16:00:00,OLS,15523.639,15583.720078185193,4
2026-05-15 21:00:00,2026-05-15 17:00:00,OLS,15448.855,15720.189191599631,4
2026-05-15 22:00:00,2026-05-15 18:00:00,OLS,15498.018,15782.84257991113,4
2026-05-15 23:00:00,2026-05-15 19:00:00,OLS,15356.940999999999,15768.958408618242,4
2026-05-16 00:00:00,2026-05-15 20:00:00,OLS,15322.036,15911.135608195118,4
2026-05-16 01:00:00,2026-05-15 21:00:00,OLS,15328.719000000001,15994.96591869256,4
2026-05-16 02:00:00,2026-05-15 22:00:00,OLS,14815.035,15380.852937072537,4
2026-05-16 03:00:00,2026-05-15 23:00:00,OLS,14160.796,14844.236941294173,4
2026-05-16 04:00:00,2026-05-16 00:00:00,OLS,13654.728000000001,14231.349358593348,4
2026-05-16 05:00:00,2026-05-16 01:00:00,OLS,13910.190999999999,13928.455822930597,4
2026-05-16 06:00:00,2026-05-16 02:00:00,OLS,13743.295,13835.394404546343,4
2026-05-16 07:00:00,2026-05-16 03:00:00,OLS,13594.355,13928.340383592576,4
2026-05-16 08:00:00,2026-05-16 04:00:00,OLS,13549.603,14131.14872550415,4
2026-05-16 09:00:00,2026-05-16 05:00:00,OLS,13806.851999999999,14780.739210767286,4
2026-05-16 10:00:00,2026-05-16 06:00:00,OLS,13965.567,15581.948067937665,4
2026-05-16 11:00:00,2026-05-16 07:00:00,OLS,14313.546999999999,15972.935617481626,4
2026-05-16 12:00:00,2026-05-16 08:00:00,OLS,14609.174,15788.774444175422,4
2026-05-16 13:00:00,2026-05-16 09:00:00,OLS,14973.328,15740.226968967037,4
2026-05-16 14:00:00,2026-05-16 10:00:00,OLS,15249.442,15642.426167386355,4
2026-05-16 15:00:00,2026-05-16 11:00:00,OLS,15489.61,15500.374486767914,4
2026-05-16 16:00:00,2026-05-16 12:00:00,OLS,15502.616,15425.301762633735,4
2026-05-16 17:00:00,2026-05-16 13:00:00,OLS,15706.983,15482.889417047882,4
2026-05-16 18:00:00,2026-05-16 14:00:00,OLS,15712.418000000001,15456.480965165294,4
2026-05-16 19:00:00,2026-05-16 15:00:00,OLS,16003.528,15407.260580747563,4
2026-05-16 20:00:00,2026-05-16 16:00:00,OLS,16249.946,15524.307865241259,4
2026-05-16 21:00:00,2026-05-16 17:00:00,OLS,16343.002,15456.499420289018,4
2026-05-16 22:00:00,2026-05-16 18:00:00,OLS,16426.008,15501.258633568232,4
2026-05-16 23:00:00,2026-05-16 19:00:00,OLS,16365.975999999999,15355.412704837392,4
2026-05-17 00:00:00,2026-05-16 20:00:00,OLS,16250.012,15307.255436373012,4
2026-05-17 01:00:00,2026-05-16 21:00:00,OLS,16185.167,15306.696191835355,4
2026-05-17 02:00:00,2026-05-16 22:00:00,OLS,15703.897,14743.50981041239,4
2026-05-17 03:00:00,2026-05-16 23:00:00,OLS,15030.801,14092.662556151716,4
2026-05-17 04:00:00,2026-05-17 00:00:00,OLS,14367.789,14028.701267729351,4
2026-05-17 05:00:00,2026-05-17 01:00:00,OLS,13449.081999999999,14268.364764577509,4
2026-05-17 06:00:00,2026-05-17 02:00:00,OLS,13155.619999999999,14056.388410825295,4
2026-05-17 07:00:00,2026-05-17 03:00:00,OLS,13000.993,13931.540739249536,4
2026-05-17 08:00:00,2026-05-17 04:00:00,OLS,12969.742,13932.58247817594,4
2026-05-17 09:00:00,2026-05-17 05:00:00,OLS,12988.881,14249.770108510682,4
2026-05-17 10:00:00,2026-05-17 06:00:00,OLS,13031.8,14508.832531503544,4
2026-05-17 11:00:00,2026-05-17 07:00:00,OLS,13398.96,14891.463091976973,4
2026-05-17 12:00:00,2026-05-17 08:00:00,OLS,14003.307,15159.05607845034,4
2026-05-17 13:00:00,2026-05-17 09:00:00,OLS,14431.776,15491.922386459992,4
2026-05-17 14:00:00,2026-05-17 10:00:00,OLS,15092.458999999999,15734.75113682265,4
2026-05-17 15:00:00,2026-05-17 11:00:00,OLS,15699.298999999999,15947.281162776088,4
2026-05-17 16:00:00,2026-05-17 12:00:00,OLS,16385.348,15957.52519673498,4
2026-05-17 17:00:00,2026-05-17 13:00:00,OLS,16981.521,16166.395622450134,4
2026-05-17 18:00:00,2026-05-17 14:00:00,OLS,17515.970999999998,16135.93422840593,4
2026-05-17 19:00:00,2026-05-17 15:00:00,OLS,17842.276,16401.23567363619,4
2026-05-17 20:00:00,2026-05-17 16:00:00,OLS,18366.163,16583.5696028306,4
2026-05-17 21:00:00,2026-05-17 17:00:00,OLS,18913.199,16671.043024210725,4
2026-05-17 22:00:00,2026-05-17 18:00:00,OLS,19090.146,16747.97986426388,4
2026-05-17 23:00:00,2026-05-17 19:00:00,OLS,19057.047,16685.7708802427,4
2026-05-18 00:00:00,2026-05-17 20:00:00,OLS,18479.754999999997,16608.86901040884,4
2026-05-18 01:00:00,2026-05-17 21:00:00,OLS,18201.468,16576.53344964825,4
2026-05-18 02:00:00,2026-05-17 22:00:00,OLS,17275.343,16055.87118690792,4
2026-05-18 03:00:00,2026-05-17 23:00:00,OLS,16253.737,15408.565431441493,4
2026-05-18 04:00:00,2026-05-18 00:00:00,OLS,15366.901,15651.70412263575,4
2026-05-18 05:00:00,2026-05-18 01:00:00,OLS,14840.693,14782.341275312578,4
2026-05-18 06:00:00,2026-05-18 02:00:00,OLS,14362.468,14580.21346065701,4
2026-05-18 07:00:00,2026-05-18 03:00:00,OLS,14224.239000000001,14485.716041854872,4
2026-05-18 08:00:00,2026-05-18 04:00:00,OLS,14330.871,14508.133565647388,4
2026-05-18 09:00:00,2026-05-18 05:00:00,OLS,14795.534,14640.13864692134,4
2026-05-18 10:00:00,2026-05-18 06:00:00,OLS,15569.418,14823.90459330415,4
2026-05-18 11:00:00,2026-05-18 07:00:00,OLS,16240.156,15225.581546721523,4
2026-05-18 12:00:00,2026-05-18 08:00:00,OLS,16800.676,15706.744609086538,4
2026-05-18 13:00:00,2026-05-18 09:00:00,OLS,17509.604,16021.84585171502,4
2026-05-18 14:00:00,2026-05-18 10:00:00,OLS,18367.105,16557.56956380196,4
2026-05-18 15:00:00,2026-05-18 11:00:00,OLS,19023.042,17020.78744026804,4
2026-05-18 16:00:00,2026-05-18 12:00:00,OLS,19724.324,17582.276808384297,4
2026-05-18 17:00:00,2026-05-18 13:00:00,OLS,20406.539,18068.543135297718,4
2026-05-18 18:00:00,2026-05-18 14:00:00,OLS,20828.725,18502.34496914147,4
2026-05-18 19:00:00,2026-05-18 15:00:00,OLS,21005.889,18726.217534849777,4
2026-05-18 20:00:00,2026-05-18 16:00:00,OLS,21232.111,19176.980125959835,4
2026-05-18 21:00:00,2026-05-18 17:00:00,OLS,21224.629,19607.25336487076,4
2026-05-18 22:00:00,2026-05-18 18:00:00,OLS,20906.669,19715.048703628978,4
2026-05-18 23:00:00,2026-05-18 19:00:00,OLS,20413.705,19632.177465372828,4
2026-05-19 00:00:00,2026-05-18 20:00:00,OLS,19879.371,19089.415276685948,4
2026-05-19 01:00:00,2026-05-18 21:00:00,OLS,19168.843,18875.999295030902,4
2026-05-19 02:00:00,2026-05-18 22:00:00,OLS,18039.659,17964.039325054844,4
2026-05-19 03:00:00,2026-05-18 23:00:00,OLS,16926.587,17006.922510288518,4
2026-05-19 04:00:00,2026-05-19 00:00:00,OLS,16056.874,15237.09125447217,4
2026-05-19 05:00:00,2026-05-19 01:00:00,OLS,15559.948,14917.427614321477,4
2026-05-19 06:00:00,2026-05-19 02:00:00,OLS,15018.384000000002,14497.109677587228,4
2026-05-19 07:00:00,2026-05-19 03:00:00,OLS,14913.353,14383.257647797334,4
2026-05-19 08:00:00,2026-05-19 04:00:00,OLS,14924.749,14479.071605876197,4
2026-05-19 09:00:00,2026-05-19 05:00:00,OLS,15437.368999999999,14938.193233414688,4
2026-05-19 10:00:00,2026-05-19 06:00:00,OLS,15940.081000000002,15630.946536011266,4
2026-05-19 11:00:00,2026-05-19 07:00:00,OLS,16601.854,16218.971245779892,4
2026-05-19 12:00:00,2026-05-19 08:00:00,OLS,17060.674,16692.84562413335,4
2026-05-19 13:00:00,2026-05-19 09:00:00,OLS,17690.234,17336.426308982336,4
2026-05-19 14:00:00,2026-05-19 10:00:00,OLS,18337.165,18073.881621604676,4
2026-05-19 15:00:00,2026-05-19 11:00:00,OLS,19164.374000000003,18608.01087789907,4
2026-05-19 16:00:00,2026-05-19 12:00:00,OLS,19917.760000000002,19154.498106660452,4
2026-05-19 17:00:00,2026-05-19 13:00:00,OLS,20639.631999999998,19719.063166846965,4
2026-05-19 18:00:00,2026-05-19 14:00:00,OLS,21034.016,20011.113085276495,4
2026-05-19 19:00:00,2026-05-19 15:00:00,OLS,21427.475,20165.283170508726,4
2026-05-19 20:00:00,2026-05-19 16:00:00,OLS,21599.614999999998,20367.50948748965,4
2026-05-19 21:00:00,2026-05-19 17:00:00,OLS,21541.665999999997,20320.730421960965,4
2026-05-19 22:00:00,2026-05-19 18:00:00,OLS,21369.599000000002,20027.69243456921,4
2026-05-19 23:00:00,2026-05-19 19:00:00,OLS,20966.97,19586.164546335094,4
2026-05-20 00:00:00,2026-05-19 20:00:00,OLS,20332.685,19139.695105695988,4
2026-05-20 01:00:00,2026-05-19 21:00:00,OLS,19468.311999999998,18527.452969898597,4
2026-05-20 02:00:00,2026-05-19 22:00:00,OLS,18087.554,17501.46941053361,4
2026-05-20 03:00:00,2026-05-19 23:00:00,OLS,16969.538,16496.336150218467,4
2026-05-20 04:00:00,2026-05-20 00:00:00,OLS,16098.789,15956.151674580444,4
2026-05-20 05:00:00,2026-05-20 01:00:00,OLS,15477.048999999999,15422.54355500026,4
2026-05-20 06:00:00,2026-05-20 02:00:00,OLS,15028.842,14929.631191259596,4
2026-05-20 07:00:00,2026-05-20 03:00:00,OLS,14821.056,14852.01641771345,4
2026-05-20 08:00:00,2026-05-20 04:00:00,OLS,14797.772,14854.135982941287,4
2026-05-20 09:00:00,2026-05-20 05:00:00,OLS,15151.003,15300.093958724508,4
2026-05-20 10:00:00,2026-05-20 06:00:00,OLS,15804.862000000001,15682.148145253017,4
2026-05-20 11:00:00,2026-05-20 07:00:00,OLS,16427.981,16280.935182148954,4
2026-05-20 12:00:00,2026-05-20 08:00:00,OLS,16742.257,16731.31477312009,4
2026-05-20 13:00:00,2026-05-20 09:00:00,OLS,16924.058,17318.84603560411,4
2026-05-20 14:00:00,2026-05-20 10:00:00,OLS,17287.997,17945.393278328076,4
2026-05-20 15:00:00,2026-05-20 11:00:00,OLS,17551.527000000002,18738.77585913226,4
2026-05-20 16:00:00,2026-05-20 12:00:00,OLS,17837.022,19460.852348483106,4
2026-05-20 17:00:00,2026-05-20 13:00:00,OLS,17984.89,20144.715521387054,4
2026-05-20 18:00:00,2026-05-20 14:00:00,OLS,18022.199,20531.574746818525,4
2026-05-20 19:00:00,2026-05-20 15:00:00,OLS,17974.057,20919.1580664074,4
2026-05-20 20:00:00,2026-05-20 16:00:00,OLS,17949.301,21135.6319925071,4
2026-05-20 21:00:00,2026-05-20 17:00:00,OLS,17877.603,21175.127194086825,4
2026-05-20 22:00:00,2026-05-20 18:00:00,OLS,17546.475,21074.528190258992,4
2026-05-20 23:00:00,2026-05-20 19:00:00,OLS,17389.318,20738.65256017233,4
2026-05-21 00:00:00,2026-05-20 20:00:00,OLS,17177.069,20107.854179517257,4
2026-05-21 01:00:00,2026-05-20 21:00:00,OLS,16845.46,19349.708130880736,4
2026-05-21 02:00:00,2026-05-20 22:00:00,OLS,16089.385999999999,18035.977301435807,4
2026-05-21 03:00:00,2026-05-20 23:00:00,OLS,15248.609,16990.78517216329,4
2026-05-21 04:00:00,2026-05-21 00:00:00,OLS,14551.022,15848.222890733628,4
2026-05-21 05:00:00,2026-05-21 01:00:00,OLS,14001.581,15273.650421581631,4
2026-05-21 06:00:00,2026-05-21 02:00:00,OLS,13780.04,14848.594718345414,4
2026-05-21 07:00:00,2026-05-21 03:00:00,OLS,13698.391,14670.776231015152,4
2026-05-21 08:00:00,2026-05-21 04:00:00,OLS,13815.633,14682.887602273553,4
2026-05-21 09:00:00,2026-05-21 05:00:00,OLS,14357.423999999999,15068.084116904445,4
2026-05-21 10:00:00,2026-05-21 06:00:00,OLS,15185.998,15757.80539648259,4
2026-05-21 11:00:00,2026-05-21 07:00:00,OLS,15706.941,16366.629419876048,4
2026-05-21 12:00:00,2026-05-21 08:00:00,OLS,15883.082999999999,16686.380742679212,4
2026-05-21 13:00:00,2026-05-21 09:00:00,OLS,16089.088,16933.79946012839,4
2026-05-21 14:00:00,2026-05-21 10:00:00,OLS,16169.517,17391.683952336214,4
2026-05-21 15:00:00,2026-05-21 11:00:00,OLS,16340.232,17697.14654744557,4
2026-05-21 16:00:00,2026-05-21 12:00:00,OLS,16417.309,18048.369135742807,4
2026-05-21 17:00:00,2026-05-21 13:00:00,OLS,16530.429,18272.633669738345,4
2026-05-21 18:00:00,2026-05-21 14:00:00,OLS,16487.131999999998,18378.621396289593,4
2026-05-21 19:00:00,2026-05-21 15:00:00,OLS,16457.779,18371.926129416453,4
2026-05-21 20:00:00,2026-05-21 16:00:00,OLS,16340.586,18416.604683742436,4
2026-05-21 21:00:00,2026-05-21 17:00:00,OLS,16378.843,18383.859196936006,4
2026-05-21 22:00:00,2026-05-21 18:00:00,OLS,16314.177,18063.081622833015,4
2026-05-21 23:00:00,2026-05-21 19:00:00,OLS,16244.255000000001,17903.219411148726,4
2026-05-22 00:00:00,2026-05-21 20:00:00,OLS,16187.626,17677.490970336745,4
2026-05-22 01:00:00,2026-05-21 21:00:00,OLS,16128.594000000001,17319.775164079725,4
2026-05-22 02:00:00,2026-05-21 22:00:00,OLS,15392.167000000001,16522.112540951068,4
2026-05-22 03:00:00,2026-05-21 23:00:00,OLS,14721.516,15667.121771639686,4
2026-05-22 04:00:00,2026-05-22 00:00:00,OLS,14133.029,14488.819559853328,4
2026-05-22 05:00:00,2026-05-22 01:00:00,OLS,13757.128,13981.101179992687,4
2026-05-22 06:00:00,2026-05-22 02:00:00,OLS,13521.667,13744.761656015404,4
2026-05-22 07:00:00,2026-05-22 03:00:00,OLS,13395.223,13677.631702458271,4
2026-05-22 08:00:00,2026-05-22 04:00:00,OLS,13562.845,13794.707390339205,4
2026-05-22 09:00:00,2026-05-22 05:00:00,OLS,14034.466,14361.321501617738,4
2026-05-22 10:00:00,2026-05-22 06:00:00,OLS,14691.056,15138.581699633103,4
2026-05-22 11:00:00,2026-05-22 07:00:00,OLS,15340.875,15640.80539042364,4
2026-05-22 12:00:00,2026-05-22 08:00:00,OLS,15753.986,15834.26279920908,4
2026-05-22 13:00:00,2026-05-22 09:00:00,OLS,15889.026,16127.601998562004,4
2026-05-22 14:00:00,2026-05-22 10:00:00,OLS,16167.727,16298.921423138645,4
2026-05-22 15:00:00,2026-05-22 11:00:00,OLS,16265.21,16606.519911245916,4
2026-05-22 16:00:00,2026-05-22 12:00:00,OLS,16295.813999999998,16806.84305942037,4
2026-05-22 17:00:00,2026-05-22 13:00:00,OLS,16247.227,17051.5481489963,4
2026-05-22 18:00:00,2026-05-22 14:00:00,OLS,16192.085,17093.717866554885,4
2026-05-22 19:00:00,2026-05-22 15:00:00,OLS,16134.629,17166.62092362906,4
2026-05-22 20:00:00,2026-05-22 16:00:00,OLS,15994.99,17113.75145489046,4
2026-05-22 21:00:00,2026-05-22 17:00:00,OLS,16054.662,17169.592851421417,4
2026-05-22 22:00:00,2026-05-22 18:00:00,OLS,15860.557,17105.60132379146,4
2026-05-22 23:00:00,2026-05-22 19:00:00,OLS,15779.162,16989.969899389893,4
2026-05-23 00:00:00,2026-05-22 20:00:00,OLS,15708.131,16843.257226045673,4
2026-05-23 01:00:00,2026-05-22 21:00:00,OLS,15600.861,16652.466056672027,4
2026-05-23 02:00:00,2026-05-22 22:00:00,OLS,15003.827000000001,15759.817997330185,4
2026-05-23 03:00:00,2026-05-22 23:00:00,OLS,14362.31,15039.402029513894,4
2026-05-23 04:00:00,2026-05-23 00:00:00,OLS,13875.607,14271.988511237329,4
2026-05-23 05:00:00,2026-05-23 01:00:00,OLS,13529.565999999999,13884.818701897351,4
2026-05-23 06:00:00,2026-05-23 02:00:00,OLS,13262.012999999999,13622.888695407437,4
2026-05-23 07:00:00,2026-05-23 03:00:00,OLS,13078.787,13487.334640519925,4
2026-05-23 08:00:00,2026-05-23 04:00:00,OLS,13095.632,13638.637196968113,4
2026-05-23 09:00:00,2026-05-23 05:00:00,OLS,13318.751,14093.736292152378,4
2026-05-23 10:00:00,2026-05-23 06:00:00,OLS,13398.373,14736.236287367941,4
2026-05-23 11:00:00,2026-05-23 07:00:00,OLS,13642.859,15369.435825388671,4
2026-05-23 12:00:00,2026-05-23 08:00:00,OLS,14140.842,15747.015766443004,4
2026-05-23 13:00:00,2026-05-23 09:00:00,OLS,14659.673,15864.94999511776,4
2026-05-23 14:00:00,2026-05-23 10:00:00,OLS,14914.958,16182.489610051156,4
2026-05-23 15:00:00,2026-05-23 11:00:00,OLS,15204.738,16297.890385175635,4
2026-05-23 16:00:00,2026-05-23 12:00:00,OLS,15365.619,16378.423730556788,4
2026-05-23 17:00:00,2026-05-23 13:00:00,OLS,15413.798999999999,16365.40970616417,4
2026-05-23 18:00:00,2026-05-23 14:00:00,OLS,15423.918,16341.426618533129,4
2026-05-23 19:00:00,2026-05-23 15:00:00,OLS,15509.951000000001,16298.498979037904,4
2026-05-23 20:00:00,2026-05-23 16:00:00,OLS,15586.177,16187.921801191713,4
2026-05-23 21:00:00,2026-05-23 17:00:00,OLS,15723.541000000001,16249.3885947091,4
2026-05-23 22:00:00,2026-05-23 18:00:00,OLS,15667.337,16014.083260685722,4
2026-05-23 23:00:00,2026-05-23 19:00:00,OLS,15513.772,15936.139150991909,4
2026-05-24 00:00:00,2026-05-23 20:00:00,OLS,15416.666,15844.246798297336,4
2026-05-24 01:00:00,2026-05-23 21:00:00,OLS,15422.458999999999,15693.597284092915,4
2026-05-24 02:00:00,2026-05-23 22:00:00,OLS,14983.958999999999,15048.458700852689,4
2026-05-24 03:00:00,2026-05-23 23:00:00,OLS,14361.216,14384.367515311234,4
2026-05-24 04:00:00,2026-05-24 00:00:00,OLS,13806.382,14326.989359185323,4
2026-05-24 05:00:00,2026-05-24 01:00:00,OLS,13306.236,13962.0938849628,4
2026-05-24 06:00:00,2026-05-24 02:00:00,OLS,13034.255000000001,13711.055069989434,4
2026-05-24 07:00:00,2026-05-24 03:00:00,OLS,12873.975999999999,13551.975244447487,4
2026-05-24 08:00:00,2026-05-24 04:00:00,OLS,12838.277999999998,13592.943909581094,4
2026-05-24 09:00:00,2026-05-24 05:00:00,OLS,12906.74,13872.177639404974,4
2026-05-24 10:00:00,2026-05-24 06:00:00,OLS,12993.219000000001,14048.302565928727,4
2026-05-24 11:00:00,2026-05-24 07:00:00,OLS,13282.564,14336.997161280391,4
2026-05-24 12:00:00,2026-05-24 08:00:00,OLS,13746.825,14796.800523489212,4
2026-05-24 13:00:00,2026-05-24 09:00:00,OLS,14274.954000000002,15275.403375651356,4
2026-05-24 14:00:00,2026-05-24 10:00:00,OLS,14624.636999999999,15479.671644927832,4
2026-05-24 15:00:00,2026-05-24 11:00:00,OLS,14888.484,15767.120316908478,4
2026-05-24 16:00:00,2026-05-24 12:00:00,OLS,15126.133000000002,15919.098170158104,4
2026-05-24 17:00:00,2026-05-24 13:00:00,OLS,15384.895,15989.516120116721,4
2026-05-24 18:00:00,2026-05-24 14:00:00,OLS,15535.429,16005.283544845737,4
2026-05-24 19:00:00,2026-05-24 15:00:00,OLS,15648.562000000002,16095.807920555153,4
2026-05-24 20:00:00,2026-05-24 16:00:00,OLS,15871.811,16155.937950553709,4
2026-05-24 21:00:00,2026-05-24 17:00:00,OLS,15932.629,16289.408956243016,4
2026-05-24 22:00:00,2026-05-24 18:00:00,OLS,15862.18,16230.263165837714,4
2026-05-24 23:00:00,2026-05-24 19:00:00,OLS,15612.137999999999,16089.444178254242,4
2026-05-25 00:00:00,2026-05-24 20:00:00,OLS,15339.466,16009.123649969519,4
2026-05-25 01:00:00,2026-05-24 21:00:00,OLS,15325.579,16017.6068906927,4
2026-05-25 02:00:00,2026-05-24 22:00:00,OLS,14759.289,15503.273583522896,4
2026-05-25 03:00:00,2026-05-24 23:00:00,OLS,13993.635999999999,14871.49507351084,4
2026-05-25 04:00:00,2026-05-25 00:00:00,OLS,13476.965,15182.081544726228,4
2026-05-25 05:00:00,2026-05-25 01:00:00,OLS,13138.131,14711.848474210723,4
2026-05-25 06:00:00,2026-05-25 02:00:00,OLS,12844.973,14469.648120262338,4
2026-05-25 07:00:00,2026-05-25 03:00:00,OLS,12785.926,14326.759545141746,4
2026-05-25 08:00:00,2026-05-25 04:00:00,OLS,12894.419,14334.55023845094,4
2026-05-25 09:00:00,2026-05-25 05:00:00,OLS,12926.688,14475.34657481192,4
2026-05-25 10:00:00,2026-05-25 06:00:00,OLS,13051.853,14668.43619132858,4
2026-05-25 11:00:00,2026-05-25 07:00:00,OLS,13334.476,15039.256017403566,4
2026-05-25 12:00:00,2026-05-25 08:00:00,OLS,13842.769,15497.877886551692,4
2026-05-25 13:00:00,2026-05-25 09:00:00,OLS,14431.724,15949.135628112519,4
2026-05-25 14:00:00,2026-05-25 10:00:00,OLS,14877.619999999999,16273.108503068059,4
2026-05-25 15:00:00,2026-05-25 11:00:00,OLS,15288.635999999999,16499.535514667394,4
2026-05-25 16:00:00,2026-05-25 12:00:00,OLS,15615.686000000002,16704.773949826562,4
2026-05-25 17:00:00,2026-05-25 13:00:00,OLS,15800.053,16922.556878349656,4
2026-05-25 18:00:00,2026-05-25 14:00:00,OLS,16113.966,17038.34546932094,4
2026-05-25 19:00:00,2026-05-25 15:00:00,OLS,16489.431,17123.624179828737,4
2026-05-25 20:00:00,2026-05-25 16:00:00,OLS,16848.399,17296.805200499664,4
2026-05-25 21:00:00,2026-05-25 17:00:00,OLS,17240.765,17342.680257168067,4
2026-05-25 22:00:00,2026-05-25 18:00:00,OLS,17252.844,17242.916647160324,4
2026-05-25 23:00:00,2026-05-25 19:00:00,OLS,17191.901,17013.696427650822,4
2026-05-26 00:00:00,2026-05-25 20:00:00,OLS,16858.968,16777.012712281583,4
2026-05-26 01:00:00,2026-05-25 21:00:00,OLS,16560.998,16766.838263205165,4
2026-05-26 02:00:00,2026-05-25 22:00:00,OLS,15848.905999999999,16154.484749165675,4
2026-05-26 03:00:00,2026-05-25 23:00:00,OLS,14944.791,15407.609515535503,4
2026-05-26 04:00:00,2026-05-26 00:00:00,OLS,14352.841,13959.136061131667,4
2026-05-26 05:00:00,2026-05-26 01:00:00,OLS,13886.62,13648.565912639695,4
2026-05-26 06:00:00,2026-05-26 02:00:00,OLS,13569.488,13366.592618285023,4
2026-05-26 07:00:00,2026-05-26 03:00:00,OLS,13428.939,13307.034590799987,4
2026-05-26 08:00:00,2026-05-26 04:00:00,OLS,13588.49,13413.003655170636,4
2026-05-26 09:00:00,2026-05-26 05:00:00,OLS,14185.208999999999,13468.412872057026,4
2026-05-26 10:00:00,2026-05-26 06:00:00,OLS,14968.314,13590.632282189794,4
2026-05-26 11:00:00,2026-05-26 07:00:00,OLS,15599.272,13872.06692112461,4
2026-05-26 12:00:00,2026-05-26 08:00:00,OLS,16128.246,14387.952840600294,4
2026-05-26 13:00:00,2026-05-26 09:00:00,OLS,16478.046000000002,14960.547486386364,4
2026-05-26 14:00:00,2026-05-26 10:00:00,OLS,16955.684999999998,15355.651718033492,4
2026-05-26 15:00:00,2026-05-26 11:00:00,OLS,17363.106,15743.225248966828,4
2026-05-26 16:00:00,2026-05-26 12:00:00,OLS,17825.658000000003,16034.047674867466,4
2026-05-26 17:00:00,2026-05-26 13:00:00,OLS,18374.201999999997,16178.96812581745,4
2026-05-26 18:00:00,2026-05-26 14:00:00,OLS,18758.102,16453.91623402979,4
2026-05-26 19:00:00,2026-05-26 15:00:00,OLS,18833.713,16787.91560756851,4
2026-05-26 20:00:00,2026-05-26 16:00:00,OLS,18977.228000000003,17090.79837261755,4
2026-05-26 21:00:00,2026-05-26 17:00:00,OLS,18945.359,17442.370086593543,4
2026-05-26 22:00:00,2026-05-26 18:00:00,OLS,18862.188000000002,17408.110793219956,4
2026-05-26 23:00:00,2026-05-26 19:00:00,OLS,18577.333,17328.92126057977,4
2026-05-27 00:00:00,2026-05-26 20:00:00,OLS,18276.627999999997,17015.4165357543,4
2026-05-27 01:00:00,2026-05-26 21:00:00,OLS,17883.339,16763.039024281403,4
2026-05-27 02:00:00,2026-05-26 22:00:00,OLS,17119.475,16071.740909566546,4
2026-05-27 03:00:00,2026-05-26 23:00:00,OLS,16268.076000000001,15216.371849722598,4
2026-05-27 04:00:00,2026-05-27 00:00:00,OLS,15405.757,14912.984186500886,4
2026-05-27 05:00:00,2026-05-27 01:00:00,OLS,14946.411,14450.753107882509,4
2026-05-27 06:00:00,2026-05-27 02:00:00,OLS,14686.84,14155.827657443424,4
2026-05-27 07:00:00,2026-05-27 03:00:00,OLS,14536.262999999999,14019.836667109272,4
2026-05-27 08:00:00,2026-05-27 04:00:00,OLS,14503.336,14160.583966007984,4
2026-05-27 09:00:00,2026-05-27 05:00:00,OLS,14948.735,14702.336674146605,4
2026-05-27 10:00:00,2026-05-27 06:00:00,OLS,15713.606000000002,15375.120576355654,4
2026-05-27 11:00:00,2026-05-27 07:00:00,OLS,16350.506000000001,15920.463128879303,4
2026-05-27 12:00:00,2026-05-27 08:00:00,OLS,16701.83,16406.611378445974,4
2026-05-27 13:00:00,2026-05-27 09:00:00,OLS,17130.352,16746.169347837887,4
2026-05-27 14:00:00,2026-05-27 10:00:00,OLS,17554.557999999997,17195.284356354692,4
2026-05-27 15:00:00,2026-05-27 11:00:00,OLS,17960.167,17554.813517442788,4
2026-05-27 16:00:00,2026-05-27 12:00:00,OLS,18339.967,17971.013592549527,4
2026-05-27 17:00:00,2026-05-27 13:00:00,OLS,18638.84,18471.600511127086,4
2026-05-27 18:00:00,2026-05-27 14:00:00,OLS,18778.620000000003,18783.82381670699,4
2026-05-27 19:00:00,2026-05-27 15:00:00,OLS,18990.644,18816.395243007508,4
2026-05-27 20:00:00,2026-05-27 16:00:00,OLS,19083.165999999997,18960.606191255116,4
2026-05-27 21:00:00,2026-05-27 17:00:00,OLS,19185.275999999998,18905.04051139046,4
2026-05-27 22:00:00,2026-05-27 18:00:00,OLS,18994.055,18812.84789671847,4
2026-05-27 23:00:00,2026-05-27 19:00:00,OLS,18720.712,18508.496624082236,4
2026-05-28 00:00:00,2026-05-27 20:00:00,OLS,18366.192000000003,18216.240615793857,4
2026-05-28 01:00:00,2026-05-27 21:00:00,OLS,18114.061,17885.09531691276,4
2026-05-28 02:00:00,2026-05-27 22:00:00,OLS,16959.209000000003,17138.26242597126,4
2026-05-28 03:00:00,2026-05-27 23:00:00,OLS,15995.067,16315.94033536017,4
2026-05-28 04:00:00,2026-05-28 00:00:00,OLS,15241.756000000001,15208.13740610565,4
2026-05-28 05:00:00,2026-05-28 01:00:00,OLS,14771.571,14813.186910577097,4
2026-05-28 06:00:00,2026-05-28 02:00:00,OLS,14290.08,14567.519932195186,4
2026-05-28 07:00:00,2026-05-28 03:00:00,OLS,14066.947,14439.935481837085,4
2026-05-28 08:00:00,2026-05-28 04:00:00,OLS,14173.829,14427.911177402602,4
2026-05-28 09:00:00,2026-05-28 05:00:00,OLS,14620.267,14810.627908399883,4
2026-05-28 10:00:00,2026-05-28 06:00:00,OLS,15263.648000000001,15454.677822100079,4
2026-05-28 11:00:00,2026-05-28 07:00:00,OLS,15905.11,15991.89526928013,4
2026-05-28 12:00:00,2026-05-28 08:00:00,OLS,16246.284,16327.504909339033,4
2026-05-28 13:00:00,2026-05-28 09:00:00,OLS,16569.719,16786.731603011183,4
2026-05-28 14:00:00,2026-05-28 10:00:00,OLS,17074.684999999998,17203.114255432803,4
2026-05-28 15:00:00,2026-05-28 11:00:00,OLS,17585.141,17601.44230130397,4
2026-05-28 16:00:00,2026-05-28 12:00:00,OLS,18148.319,17960.054891866996,4
2026-05-28 17:00:00,2026-05-28 13:00:00,OLS,18560.533,18216.365119358223,4
2026-05-28 18:00:00,2026-05-28 14:00:00,OLS,18845.225,18367.61016832169,4
2026-05-28 19:00:00,2026-05-28 15:00:00,OLS,19118.89,18626.896160499942,4
2026-05-28 20:00:00,2026-05-28 16:00:00,OLS,19274.158000000003,18761.381807223763,4
2026-05-28 21:00:00,2026-05-28 17:00:00,OLS,19149.173000000003,18928.724684555564,4
2026-05-28 22:00:00,2026-05-28 18:00:00,OLS,18973.977,18754.2042883127,4
2026-05-28 23:00:00,2026-05-28 19:00:00,OLS,18636.606,18525.111877092397,4
2026-05-29 00:00:00,2026-05-28 20:00:00,OLS,18008.873,18176.154671365985,4
2026-05-29 01:00:00,2026-05-28 21:00:00,OLS,17480.147,17937.81949192431,4
2026-05-29 02:00:00,2026-05-28 22:00:00,OLS,16593.352,16798.97816342356,4
2026-05-29 03:00:00,2026-05-28 23:00:00,OLS,15584.954,15884.466794255246,4
2026-05-29 04:00:00,2026-05-29 00:00:00,OLS,14669.817,14713.523327890276,4
2026-05-29 05:00:00,2026-05-29 01:00:00,OLS,14044.689,14277.884626861469,4
2026-05-29 06:00:00,2026-05-29 02:00:00,OLS,13722.204,13823.995872343292,4
2026-05-29 07:00:00,2026-05-29 03:00:00,OLS,13579.259,13637.791711717367,4
2026-05-29 08:00:00,2026-05-29 04:00:00,OLS,13653.116,13784.316928270655,4
2026-05-29 09:00:00,2026-05-29 05:00:00,OLS,13946.067,14272.596241126885,4
2026-05-29 10:00:00,2026-05-29 06:00:00,OLS,14511.037,14932.49889045742,4
2026-05-29 11:00:00,2026-05-29 07:00:00,OLS,15133.029,15554.238294602039,4
2026-05-29 12:00:00,2026-05-29 08:00:00,OLS,15456.663,15898.013067367809,4
2026-05-29 13:00:00,2026-05-29 09:00:00,OLS,15747.463,16217.212764847442,4
2026-05-29 14:00:00,2026-05-29 10:00:00,OLS,16127.636,16731.798284837994,4
2026-05-29 15:00:00,2026-05-29 11:00:00,OLS,16413.033,17224.29688591816,4
2026-05-29 16:00:00,2026-05-29 12:00:00,OLS,16696.987,17776.98133020676,4
2026-05-29 17:00:00,2026-05-29 13:00:00,OLS,17252.956,18205.91349454989,4
2026-05-29 18:00:00,2026-05-29 14:00:00,OLS,17631.827,18507.38263722202,4
2026-05-29 19:00:00,2026-05-29 15:00:00,OLS,18025.127,18746.99545575246,4
2026-05-29 20:00:00,2026-05-29 16:00:00,OLS,18597.978,18895.814889172056,4
2026-05-29 21:00:00,2026-05-29 17:00:00,OLS,18905.417,18762.38466337872,4
2026-05-29 22:00:00,2026-05-29 18:00:00,OLS,18724.608999999997,18611.98720422209,4
2026-05-29 23:00:00,2026-05-29 19:00:00,OLS,18172.386,18281.01131910456,4
2026-05-30 00:00:00,2026-05-29 20:00:00,OLS,17442.314,17696.857271900564,4
2026-05-30 01:00:00,2026-05-29 21:00:00,OLS,17145.108,17206.163456549788,4
2026-05-30 02:00:00,2026-05-29 22:00:00,OLS,16251.739,16352.680749916004,4
2026-05-30 03:00:00,2026-05-29 23:00:00,OLS,15163.034,15390.002923586402,4
2026-05-30 04:00:00,2026-05-30 00:00:00,OLS,14346.448,14356.0785991771,4
2026-05-30 05:00:00,2026-05-30 01:00:00,OLS,13748.564,13795.066473009589,4
2026-05-30 06:00:00,2026-05-30 02:00:00,OLS,13381.987000000001,13525.573843934306,4
2026-05-30 07:00:00,2026-05-30 03:00:00,OLS,13180.146999999999,13401.612331488739,4
2026-05-30 08:00:00,2026-05-30 04:00:00,OLS,13099.212,13467.135161951532,4
2026-05-30 09:00:00,2026-05-30 05:00:00,OLS,13057.4,13789.024739761699,4
2026-05-30 10:00:00,2026-05-30 06:00:00,OLS,13108.125,14394.45871915361,4
2026-05-30 11:00:00,2026-05-30 07:00:00,OLS,13493.398000000001,15007.204039842989,4
2026-05-30 12:00:00,2026-05-30 08:00:00,OLS,14137.813,15304.948126919578,4
2026-05-30 13:00:00,2026-05-30 09:00:00,OLS,14458.773000000001,15617.067877462743,4
2026-05-30 14:00:00,2026-05-30 10:00:00,OLS,14774.442,16006.63619767301,4
2026-05-30 15:00:00,2026-05-30 11:00:00,OLS,15156.472,16299.861042314642,4
2026-05-30 16:00:00,2026-05-30 12:00:00,OLS,15377.544,16595.390420821066,4
2026-05-30 17:00:00,2026-05-30 13:00:00,OLS,15708.999,17135.86274513045,4
2026-05-30 18:00:00,2026-05-30 14:00:00,OLS,15996.501,17465.344641266744,4
2026-05-30 19:00:00,2026-05-30 15:00:00,OLS,16362.883000000002,17837.01351363676,4
2026-05-30 20:00:00,2026-05-30 16:00:00,OLS,16667.941,18353.737257482655,4
2026-05-30 21:00:00,2026-05-30 17:00:00,OLS,16999.079,18621.89281101943,4
2026-05-30 22:00:00,2026-05-30 18:00:00,OLS,16887.569000000003,18408.208315975797,4
2026-05-30 23:00:00,2026-05-30 19:00:00,OLS,16486.417999999998,17887.40638612614,4
2026-05-31 00:00:00,2026-05-30 20:00:00,OLS,16091.962,17234.273793710217,4
2026-05-31 01:00:00,2026-05-30 21:00:00,OLS,15725.886,17006.95866425374,4
2026-05-31 02:00:00,2026-05-30 22:00:00,OLS,14991.547999999999,16038.436919978662,4
2026-05-31 03:00:00,2026-05-30 23:00:00,OLS,14038.836,14983.601318835026,4
2026-05-31 04:00:00,2026-05-31 00:00:00,OLS,13373.761,14669.297469581814,4
2026-05-31 05:00:00,2026-05-31 01:00:00,OLS,12946.981,14130.12133895094,4
2026-05-31 06:00:00,2026-05-31 02:00:00,OLS,12793.575,13766.411395334013,4
2026-05-31 07:00:00,2026-05-31 03:00:00,OLS,12656.761,13573.67664321568,4
2026-05-31 08:00:00,2026-05-31 04:00:00,OLS,12661.622,13529.54948979306,4
2026-05-31 09:00:00,2026-05-31 05:00:00,OLS,12694.712,13565.04810446851,4
2026-05-31 10:00:00,2026-05-31 06:00:00,OLS,12688.176,13708.341210408053,4
2026-05-31 11:00:00,2026-05-31 07:00:00,OLS,12943.952000000001,14152.838826353462,4
2026-05-31 12:00:00,2026-05-31 08:00:00,OLS,13383.149,14769.06342628424,4
2026-05-31 13:00:00,2026-05-31 09:00:00,OLS,13688.275,15064.265607577323,4
2026-05-31 14:00:00,2026-05-31 10:00:00,OLS,13981.858,15415.20117367844,4
2026-05-31 15:00:00,2026-05-31 11:00:00,OLS,14354.166,15835.729664421464,4
2026-05-31 16:00:00,2026-05-31 12:00:00,OLS,14797.055,16113.185614240792,4
2026-05-31 17:00:00,2026-05-31 13:00:00,OLS,15135.739000000001,16465.68161724136,4
2026-05-31 18:00:00,2026-05-31 14:00:00,OLS,15635.627,16754.40760502431,4
2026-05-31 19:00:00,2026-05-31 15:00:00,OLS,16123.368999999999,17117.034034587057,4
2026-05-31 20:00:00,2026-05-31 16:00:00,OLS,16688.859,17384.85157979277,4
2026-05-31 21:00:00,2026-05-31 17:00:00,OLS,17116.288,17643.34761822842,4
2026-05-31 22:00:00,2026-05-31 18:00:00,OLS,17143.206,17505.85918556143,4
2026-05-31 23:00:00,2026-05-31 19:00:00,OLS,17049.349000000002,17126.717614252793,4
2026-06-01 00:00:00,2026-05-31 20:00:00,OLS,16734.563000000002,16729.839161412034,4
2026-06-01 01:00:00,2026-05-31 21:00:00,OLS,16570.604,16351.026559756456,4
2026-06-01 02:00:00,2026-05-31 22:00:00,OLS,15736.801,15591.395146884292,4
2026-06-01 03:00:00,2026-05-31 23:00:00,OLS,14803.235,14647.277581926694,4
2026-04-07 20:00:00,2026-04-07 16:00:00,Ridge,15535.575,16188.696716392962,4
2026-04-07 21:00:00,2026-04-07 17:00:00,Ridge,15633.728,16314.229250552844,4
2026-04-07 22:00:00,2026-04-07 18:00:00,Ridge,15830.312,16317.178730190199,4
2026-04-07 23:00:00,2026-04-07 19:00:00,Ridge,16194.692000000001,16329.004258781173,4
2026-04-08 00:00:00,2026-04-07 20:00:00,Ridge,16697.541,16673.98834136172,4
2026-04-08 01:00:00,2026-04-07 21:00:00,Ridge,16666.659,16321.312085486064,4
2026-04-08 02:00:00,2026-04-07 22:00:00,Ridge,16203.942,15873.305624047613,4
2026-04-08 03:00:00,2026-04-07 23:00:00,Ridge,15807.521,15404.808369149876,4
2026-04-08 04:00:00,2026-04-08 00:00:00,Ridge,15468.798999999999,15185.988494118434,4
2026-04-08 05:00:00,2026-04-08 01:00:00,Ridge,15449.404999999999,14937.764957285945,4
2026-04-08 06:00:00,2026-04-08 02:00:00,Ridge,15420.617,14825.198447025849,4
2026-04-08 07:00:00,2026-04-08 03:00:00,Ridge,15594.476,14935.417783040732,4
2026-04-08 08:00:00,2026-04-08 04:00:00,Ridge,15997.889,15277.823321569698,4
2026-04-08 09:00:00,2026-04-08 05:00:00,Ridge,16637.51,15812.113598993425,4
2026-04-08 10:00:00,2026-04-08 06:00:00,Ridge,17725.328999999998,16854.29394893459,4
2026-04-08 11:00:00,2026-04-08 07:00:00,Ridge,18119.606,17345.852770773075,4
2026-04-08 12:00:00,2026-04-08 08:00:00,Ridge,17889.427,17403.867952671782,4
2026-04-08 13:00:00,2026-04-08 09:00:00,Ridge,17394.458,17129.934166679905,4
2026-04-08 14:00:00,2026-04-08 10:00:00,Ridge,16892.419,16966.076013228518,4
2026-04-08 15:00:00,2026-04-08 11:00:00,Ridge,16370.11,16720.962005610818,4
2026-04-08 16:00:00,2026-04-08 12:00:00,Ridge,15911.696,16625.659517608867,4
2026-04-08 17:00:00,2026-04-08 13:00:00,Ridge,15727.182,16403.8126838826,4
2026-04-08 18:00:00,2026-04-08 14:00:00,Ridge,15521.518,16120.197957938539,4
2026-04-08 19:00:00,2026-04-08 15:00:00,Ridge,15324.313999999998,15887.27747662181,4
2026-04-08 20:00:00,2026-04-08 16:00:00,Ridge,15406.998,15950.936372636968,4
2026-04-08 21:00:00,2026-04-08 17:00:00,Ridge,15471.657,16045.596437710528,4
2026-04-08 22:00:00,2026-04-08 18:00:00,Ridge,15534.039,16232.526244192693,4
2026-04-08 23:00:00,2026-04-08 19:00:00,Ridge,15712.197,16587.39199383684,4
2026-04-09 00:00:00,2026-04-08 20:00:00,Ridge,16106.305,17067.3466080536,4
2026-04-09 01:00:00,2026-04-08 21:00:00,Ridge,15976.636999999999,17017.182236865763,4
2026-04-09 02:00:00,2026-04-08 22:00:00,Ridge,15509.172,16539.362128443045,4
2026-04-09 03:00:00,2026-04-08 23:00:00,Ridge,14916.644,16154.767649490168,4
2026-04-09 04:00:00,2026-04-09 00:00:00,Ridge,14587.929,15543.298129353489,4
2026-04-09 05:00:00,2026-04-09 01:00:00,Ridge,14433.103,15532.033191421699,4
2026-04-09 06:00:00,2026-04-09 02:00:00,Ridge,14339.856,15512.0580838628,4
2026-04-09 07:00:00,2026-04-09 03:00:00,Ridge,14411.964,15685.216135637711,4
2026-04-09 08:00:00,2026-04-09 04:00:00,Ridge,14656.489,16066.629980265527,4
2026-04-09 09:00:00,2026-04-09 05:00:00,Ridge,15320.381,16725.170014735697,4
2026-04-09 10:00:00,2026-04-09 06:00:00,Ridge,16272.458,17792.29518288919,4
2026-04-09 11:00:00,2026-04-09 07:00:00,Ridge,16753.475,18133.04518600682,4
2026-04-09 12:00:00,2026-04-09 08:00:00,Ridge,16596.789,17921.781809428736,4
2026-04-09 13:00:00,2026-04-09 09:00:00,Ridge,16357.501,17484.905441284136,4
2026-04-09 14:00:00,2026-04-09 10:00:00,Ridge,16131.094000000001,17047.3249171198,4
2026-04-09 15:00:00,2026-04-09 11:00:00,Ridge,15840.458999999999,16594.091344474477,4
2026-04-09 16:00:00,2026-04-09 12:00:00,Ridge,15745.639,16196.709004910734,4
2026-04-09 17:00:00,2026-04-09 13:00:00,Ridge,15747.89,16061.715553150894,4
2026-04-09 18:00:00,2026-04-09 14:00:00,Ridge,15652.92,15881.88812533666,4
2026-04-09 19:00:00,2026-04-09 15:00:00,Ridge,15698.0,15707.735994252538,4
2026-04-09 20:00:00,2026-04-09 16:00:00,Ridge,15766.751,15797.356460372384,4
2026-04-09 21:00:00,2026-04-09 17:00:00,Ridge,15836.880000000001,15876.183492096807,4
2026-04-09 22:00:00,2026-04-09 18:00:00,Ridge,15892.215,15936.924358929245,4
2026-04-09 23:00:00,2026-04-09 19:00:00,Ridge,15916.181,16092.819341377071,4
2026-04-10 00:00:00,2026-04-09 20:00:00,Ridge,16273.115,16497.513858378814,4
2026-04-10 01:00:00,2026-04-09 21:00:00,Ridge,15940.607,16300.153964509142,4
2026-04-10 02:00:00,2026-04-09 22:00:00,Ridge,15157.557,15830.542323446653,4
2026-04-10 03:00:00,2026-04-09 23:00:00,Ridge,14426.872,15262.885823534187,4
2026-04-10 04:00:00,2026-04-10 00:00:00,Ridge,13921.209,14456.44897461681,4
2026-04-10 05:00:00,2026-04-10 01:00:00,Ridge,13675.148,14302.206681943933,4
2026-04-10 06:00:00,2026-04-10 02:00:00,Ridge,13627.082999999999,14209.286859298718,4
2026-04-10 07:00:00,2026-04-10 03:00:00,Ridge,13563.671999999999,14305.698638275091,4
2026-04-10 08:00:00,2026-04-10 04:00:00,Ridge,13865.273000000001,14578.30175535325,4
2026-04-10 09:00:00,2026-04-10 05:00:00,Ridge,14365.849,15254.116418691005,4
2026-04-10 10:00:00,2026-04-10 06:00:00,Ridge,15230.396,16250.343800696355,4
2026-04-10 11:00:00,2026-04-10 07:00:00,Ridge,15758.933,16716.586197727076,4
2026-04-10 12:00:00,2026-04-10 08:00:00,Ridge,15773.0,16559.155823592177,4
2026-04-10 13:00:00,2026-04-10 09:00:00,Ridge,15678.534,16316.69404882604,4
2026-04-10 14:00:00,2026-04-10 10:00:00,Ridge,15770.025,16116.650231981994,4
2026-04-10 15:00:00,2026-04-10 11:00:00,Ridge,15698.407,15849.63764070658,4
2026-04-10 16:00:00,2026-04-10 12:00:00,Ridge,15751.287,15797.481162197591,4
2026-04-10 17:00:00,2026-04-10 13:00:00,Ridge,15795.525000000001,15783.88614332222,4
2026-04-10 18:00:00,2026-04-10 14:00:00,Ridge,15689.801,15663.561043335952,4
2026-04-10 19:00:00,2026-04-10 15:00:00,Ridge,15699.747,15677.863736484713,4
2026-04-10 20:00:00,2026-04-10 16:00:00,Ridge,15673.655,15743.924969489504,4
2026-04-10 21:00:00,2026-04-10 17:00:00,Ridge,15603.107,15822.98082238491,4
2026-04-10 22:00:00,2026-04-10 18:00:00,Ridge,15505.881,15904.689087888171,4
2026-04-10 23:00:00,2026-04-10 19:00:00,Ridge,15345.196,15982.243132699325,4
2026-04-11 00:00:00,2026-04-10 20:00:00,Ridge,15374.05,16381.777252892993,4
2026-04-11 01:00:00,2026-04-10 21:00:00,Ridge,15058.326000000001,16042.54691575164,4
2026-04-11 02:00:00,2026-04-10 22:00:00,Ridge,14566.440999999999,15285.541146053192,4
2026-04-11 03:00:00,2026-04-10 23:00:00,Ridge,13999.266,14634.84875547155,4
2026-04-11 04:00:00,2026-04-11 00:00:00,Ridge,13430.2,14029.011403665056,4
2026-04-11 05:00:00,2026-04-11 01:00:00,Ridge,13256.036,13846.505208071874,4
2026-04-11 06:00:00,2026-04-11 02:00:00,Ridge,13076.187000000002,13818.75542278856,4
2026-04-11 07:00:00,2026-04-11 03:00:00,Ridge,13048.327,13789.186543241893,4
2026-04-11 08:00:00,2026-04-11 04:00:00,Ridge,13072.289,14133.393301956563,4
2026-04-11 09:00:00,2026-04-11 05:00:00,Ridge,13374.257,14652.978852175282,4
2026-04-11 10:00:00,2026-04-11 06:00:00,Ridge,13780.724999999999,15563.098031510466,4
2026-04-11 11:00:00,2026-04-11 07:00:00,Ridge,14131.131000000001,16029.514098650241,4
2026-04-11 12:00:00,2026-04-11 08:00:00,Ridge,14485.868,15970.234486312786,4
2026-04-11 13:00:00,2026-04-11 09:00:00,Ridge,14462.173,15812.527363113768,4
2026-04-11 14:00:00,2026-04-11 10:00:00,Ridge,14495.976999999999,15834.257868337163,4
2026-04-11 15:00:00,2026-04-11 11:00:00,Ridge,14427.23,15688.716944518183,4
2026-04-11 16:00:00,2026-04-11 12:00:00,Ridge,14374.733,15674.063759973427,4
2026-04-11 17:00:00,2026-04-11 13:00:00,Ridge,14283.563,15686.613453078266,4
2026-04-11 18:00:00,2026-04-11 14:00:00,Ridge,14182.597000000002,15562.758236728252,4
2026-04-11 19:00:00,2026-04-11 15:00:00,Ridge,14286.929,15552.378049336632,4
2026-04-11 20:00:00,2026-04-11 16:00:00,Ridge,14482.946,15548.780394283021,4
2026-04-11 21:00:00,2026-04-11 17:00:00,Ridge,14562.797999999999,15502.818582750358,4
2026-04-11 22:00:00,2026-04-11 18:00:00,Ridge,14660.437,15435.167596915886,4
2026-04-11 23:00:00,2026-04-11 19:00:00,Ridge,14536.779,15333.34185756623,4
2026-04-12 00:00:00,2026-04-11 20:00:00,Ridge,14793.272,15433.948662063633,4
2026-04-12 01:00:00,2026-04-11 21:00:00,Ridge,14708.707999999999,15136.622553243531,4
2026-04-12 02:00:00,2026-04-11 22:00:00,Ridge,14191.222,14664.817041636163,4
2026-04-12 03:00:00,2026-04-11 23:00:00,Ridge,13719.801,14110.027996663444,4
2026-04-12 04:00:00,2026-04-12 00:00:00,Ridge,13337.756000000001,14034.965131072713,4
2026-04-12 05:00:00,2026-04-12 01:00:00,Ridge,13015.541000000001,13903.336585201836,4
2026-04-12 06:00:00,2026-04-12 02:00:00,Ridge,12861.008000000002,13732.275373441938,4
2026-04-12 07:00:00,2026-04-12 03:00:00,Ridge,12834.664,13734.857392671585,4
2026-04-12 08:00:00,2026-04-12 04:00:00,Ridge,12924.992999999999,13786.112810851828,4
2026-04-12 09:00:00,2026-04-12 05:00:00,Ridge,13066.538,14160.299247476209,4
2026-04-12 10:00:00,2026-04-12 06:00:00,Ridge,13408.735999999999,14645.263775777414,4
2026-04-12 11:00:00,2026-04-12 07:00:00,Ridge,13670.858,15003.60792281511,4
2026-04-12 12:00:00,2026-04-12 08:00:00,Ridge,13961.217,15280.906769792948,4
2026-04-12 13:00:00,2026-04-12 09:00:00,Ridge,14251.541000000001,15200.425821169865,4
2026-04-12 14:00:00,2026-04-12 10:00:00,Ridge,14204.265,15201.362880616569,4
2026-04-12 15:00:00,2026-04-12 11:00:00,Ridge,14241.026,15100.988497162933,4
2026-04-12 16:00:00,2026-04-12 12:00:00,Ridge,14410.317,15056.416090080285,4
2026-04-12 17:00:00,2026-04-12 13:00:00,Ridge,14543.058,14994.775525370278,4
2026-04-12 18:00:00,2026-04-12 14:00:00,Ridge,14896.671999999999,14917.239003644334,4
2026-04-12 19:00:00,2026-04-12 15:00:00,Ridge,15223.362,15049.085167982876,4
2026-04-12 20:00:00,2026-04-12 16:00:00,Ridge,15546.827000000001,15251.430901759722,4
2026-04-12 21:00:00,2026-04-12 17:00:00,Ridge,15803.579,15338.347597929676,4
2026-04-12 22:00:00,2026-04-12 18:00:00,Ridge,15802.364,15447.651607993543,4
2026-04-12 23:00:00,2026-04-12 19:00:00,Ridge,15762.103,15345.880645594963,4
2026-04-13 00:00:00,2026-04-12 20:00:00,Ridge,16068.442,15663.5914326594,4
2026-04-13 01:00:00,2026-04-12 21:00:00,Ridge,15808.29,15518.222734573617,4
2026-04-13 02:00:00,2026-04-12 22:00:00,Ridge,15078.557999999999,14926.267821377107,4
2026-04-13 03:00:00,2026-04-12 23:00:00,Ridge,14429.534,14427.038112569497,4
2026-04-13 04:00:00,2026-04-13 00:00:00,Ridge,13938.832999999999,14903.94375048301,4
2026-04-13 05:00:00,2026-04-13 01:00:00,Ridge,13575.629,14597.452777174658,4
2026-04-13 06:00:00,2026-04-13 02:00:00,Ridge,13312.003,14478.106036263354,4
2026-04-13 07:00:00,2026-04-13 03:00:00,Ridge,13392.624,14451.688870524862,4
2026-04-13 08:00:00,2026-04-13 04:00:00,Ridge,13612.144,14588.496653795952,4
2026-04-13 09:00:00,2026-04-13 05:00:00,Ridge,14186.0,14786.497784600542,4
2026-04-13 10:00:00,2026-04-13 06:00:00,Ridge,15129.456,15230.46217136392,4
2026-04-13 11:00:00,2026-04-13 07:00:00,Ridge,15706.124,15525.63403823204,4
2026-04-13 12:00:00,2026-04-13 08:00:00,Ridge,15921.352,15760.374401521485,4
2026-04-13 13:00:00,2026-04-13 09:00:00,Ridge,16234.211,15993.924739370428,4
2026-04-13 14:00:00,2026-04-13 10:00:00,Ridge,16469.542999999998,15949.754932638698,4
2026-04-13 15:00:00,2026-04-13 11:00:00,Ridge,16511.322,15989.281879252832,4
2026-04-13 16:00:00,2026-04-13 12:00:00,Ridge,16822.792,16165.955189063423,4
2026-04-13 17:00:00,2026-04-13 13:00:00,Ridge,17061.603,16296.778884666934,4
2026-04-13 18:00:00,2026-04-13 14:00:00,Ridge,17063.235999999997,16604.483968919147,4
2026-04-13 19:00:00,2026-04-13 15:00:00,Ridge,17079.32,16875.65337792587,4
2026-04-13 20:00:00,2026-04-13 16:00:00,Ridge,17120.218,17132.05958233901,4
2026-04-13 21:00:00,2026-04-13 17:00:00,Ridge,17313.345,17322.350369797867,4
2026-04-13 22:00:00,2026-04-13 18:00:00,Ridge,17194.82,17272.861628011902,4
2026-04-13 23:00:00,2026-04-13 19:00:00,Ridge,17049.895,17208.16299806844,4
2026-04-14 00:00:00,2026-04-13 20:00:00,Ridge,17109.525,17478.427703727335,4
2026-04-14 01:00:00,2026-04-13 21:00:00,Ridge,16726.517,17148.004463092257,4
2026-04-14 02:00:00,2026-04-13 22:00:00,Ridge,15882.432,16425.34661402489,4
2026-04-14 03:00:00,2026-04-13 23:00:00,Ridge,14934.252,15802.218343191402,4
2026-04-14 04:00:00,2026-04-14 00:00:00,Ridge,14280.343,14339.202032758407,4
2026-04-14 05:00:00,2026-04-14 01:00:00,Ridge,13694.005,14024.04555012231,4
2026-04-14 06:00:00,2026-04-14 02:00:00,Ridge,13498.036,13779.826865872663,4
2026-04-14 07:00:00,2026-04-14 03:00:00,Ridge,13396.514,13866.674796978354,4
2026-04-14 08:00:00,2026-04-14 04:00:00,Ridge,13601.086,14055.35200906323,4
2026-04-14 09:00:00,2026-04-14 05:00:00,Ridge,14165.260999999999,14608.47063831333,4
2026-04-14 10:00:00,2026-04-14 06:00:00,Ridge,15107.416000000001,15478.531666478371,4
2026-04-14 11:00:00,2026-04-14 07:00:00,Ridge,15606.426,15970.517616518737,4
2026-04-14 12:00:00,2026-04-14 08:00:00,Ridge,15894.771999999999,16162.858672530525,4
2026-04-14 13:00:00,2026-04-14 09:00:00,Ridge,16033.332999999999,16407.931441678167,4
2026-04-14 14:00:00,2026-04-14 10:00:00,Ridge,16288.741999999998,16602.91003801941,4
2026-04-14 15:00:00,2026-04-14 11:00:00,Ridge,16541.159,16603.94295674905,4
2026-04-14 16:00:00,2026-04-14 12:00:00,Ridge,16856.542999999998,16866.990681286894,4
2026-04-14 17:00:00,2026-04-14 13:00:00,Ridge,17134.114999999998,17033.40403945552,4
2026-04-14 18:00:00,2026-04-14 14:00:00,Ridge,17263.662,16974.674787898934,4
2026-04-14 19:00:00,2026-04-14 15:00:00,Ridge,17566.305,16991.260189839784,4
2026-04-14 20:00:00,2026-04-14 16:00:00,Ridge,17941.206,17046.947842699556,4
2026-04-14 21:00:00,2026-04-14 17:00:00,Ridge,18269.086000000003,17221.35900314271,4
2026-04-14 22:00:00,2026-04-14 18:00:00,Ridge,18269.902000000002,17110.791721753907,4
2026-04-14 23:00:00,2026-04-14 19:00:00,Ridge,18056.811999999998,16962.721049668995,4
2026-04-15 00:00:00,2026-04-14 20:00:00,Ridge,18010.703999999998,17056.771030922988,4
2026-04-15 01:00:00,2026-04-14 21:00:00,Ridge,17377.966,16689.84706602688,4
2026-04-15 02:00:00,2026-04-14 22:00:00,Ridge,16366.98,15880.492957753437,4
2026-04-15 03:00:00,2026-04-14 23:00:00,Ridge,15321.91,15020.283246114312,4
2026-04-15 04:00:00,2026-04-15 00:00:00,Ridge,14598.705,14696.754664766999,4
2026-04-15 05:00:00,2026-04-15 01:00:00,Ridge,14268.045,14165.911264537774,4
2026-04-15 06:00:00,2026-04-15 02:00:00,Ridge,13950.603,14015.690824918365,4
2026-04-15 07:00:00,2026-04-15 03:00:00,Ridge,13817.707,13923.995641002837,4
2026-04-15 08:00:00,2026-04-15 04:00:00,Ridge,14006.443,14122.212186839646,4
2026-04-15 09:00:00,2026-04-15 05:00:00,Ridge,14436.551,14617.151857544362,4
2026-04-15 10:00:00,2026-04-15 06:00:00,Ridge,15289.553,15448.529425390981,4
2026-04-15 11:00:00,2026-04-15 07:00:00,Ridge,15786.269,15844.964217120523,4
2026-04-15 12:00:00,2026-04-15 08:00:00,Ridge,16103.489,16113.702519652987,4
2026-04-15 13:00:00,2026-04-15 09:00:00,Ridge,16237.317,16260.549861254704,4
2026-04-15 14:00:00,2026-04-15 10:00:00,Ridge,16498.762000000002,16471.55653638223,4
2026-04-15 15:00:00,2026-04-15 11:00:00,Ridge,16907.163,16696.38508259988,4
2026-04-15 16:00:00,2026-04-15 12:00:00,Ridge,17531.497,16990.574034593854,4
2026-04-15 17:00:00,2026-04-15 13:00:00,Ridge,17945.436999999998,17241.626645462504,4
2026-04-15 18:00:00,2026-04-15 14:00:00,Ridge,18346.458,17412.97664877815,4
2026-04-15 19:00:00,2026-04-15 15:00:00,Ridge,18471.045,17748.99831415191,4
2026-04-15 20:00:00,2026-04-15 16:00:00,Ridge,18666.834000000003,18130.839096600015,4
2026-04-15 21:00:00,2026-04-15 17:00:00,Ridge,18863.132,18439.017249771874,4
2026-04-15 22:00:00,2026-04-15 18:00:00,Ridge,18733.824,18415.399012926613,4
2026-04-15 23:00:00,2026-04-15 19:00:00,Ridge,18532.595999999998,18215.765453892323,4
2026-04-16 00:00:00,2026-04-15 20:00:00,Ridge,18331.72,18241.407420742187,4
2026-04-16 01:00:00,2026-04-15 21:00:00,Ridge,17896.847999999998,17628.08221239352,4
2026-04-16 02:00:00,2026-04-15 22:00:00,Ridge,16819.385000000002,16654.39396575097,4
2026-04-16 03:00:00,2026-04-15 23:00:00,Ridge,15849.426,15703.056101848766,4
2026-04-16 04:00:00,2026-04-16 00:00:00,Ridge,14954.462,14751.772069264545,4
2026-04-16 05:00:00,2026-04-16 01:00:00,Ridge,14543.764,14466.818581415439,4
2026-04-16 06:00:00,2026-04-16 02:00:00,Ridge,14185.233,14156.73533911864,4
2026-04-16 07:00:00,2026-04-16 03:00:00,Ridge,13912.612000000001,14076.252059374041,4
2026-04-16 08:00:00,2026-04-16 04:00:00,Ridge,14022.091,14286.814929534146,4
2026-04-16 09:00:00,2026-04-16 05:00:00,Ridge,14342.973,14740.197871465845,4
2026-04-16 10:00:00,2026-04-16 06:00:00,Ridge,15144.188,15613.321761325153,4
2026-04-16 11:00:00,2026-04-16 07:00:00,Ridge,15598.462,16077.669431142473,4
2026-04-16 12:00:00,2026-04-16 08:00:00,Ridge,15786.706,16354.012176735301,4
2026-04-16 13:00:00,2026-04-16 09:00:00,Ridge,16077.817,16505.818578957944,4
2026-04-16 14:00:00,2026-04-16 10:00:00,Ridge,16431.427,16772.733196545003,4
2026-04-16 15:00:00,2026-04-16 11:00:00,Ridge,16756.65,17128.686819865692,4
2026-04-16 16:00:00,2026-04-16 12:00:00,Ridge,17185.404000000002,17717.312151774673,4
2026-04-16 17:00:00,2026-04-16 13:00:00,Ridge,17608.068,18080.3346113389,4
2026-04-16 18:00:00,2026-04-16 14:00:00,Ridge,17691.068,18411.94731707939,4
2026-04-16 19:00:00,2026-04-16 15:00:00,Ridge,17627.754999999997,18482.463003661098,4
2026-04-16 20:00:00,2026-04-16 16:00:00,Ridge,17687.773,18643.508308312023,4
2026-04-16 21:00:00,2026-04-16 17:00:00,Ridge,17570.851000000002,18828.822373469528,4
2026-04-16 22:00:00,2026-04-16 18:00:00,Ridge,17510.625999999997,18671.643689095643,4
2026-04-16 23:00:00,2026-04-16 19:00:00,Ridge,17374.757,18481.741198954653,4
2026-04-17 00:00:00,2026-04-16 20:00:00,Ridge,17194.161,18326.2496244468,4
2026-04-17 01:00:00,2026-04-16 21:00:00,Ridge,16719.118000000002,17901.04419036815,4
2026-04-17 02:00:00,2026-04-16 22:00:00,Ridge,15846.811,16836.32207956187,4
2026-04-17 03:00:00,2026-04-16 23:00:00,Ridge,14996.312,15909.055938488018,4
2026-04-17 04:00:00,2026-04-17 00:00:00,Ridge,14206.445,14586.77184972616,4
2026-04-17 05:00:00,2026-04-17 01:00:00,Ridge,13858.415,14187.815286122679,4
2026-04-17 06:00:00,2026-04-17 02:00:00,Ridge,13572.956,13866.764604419406,4
2026-04-17 07:00:00,2026-04-17 03:00:00,Ridge,13390.733,13629.02469294824,4
2026-04-17 08:00:00,2026-04-17 04:00:00,Ridge,13537.637,13777.71206344227,4
2026-04-17 09:00:00,2026-04-17 05:00:00,Ridge,13902.633,14143.826308908992,4
2026-04-17 10:00:00,2026-04-17 06:00:00,Ridge,14645.243,14984.762163170559,4
2026-04-17 11:00:00,2026-04-17 07:00:00,Ridge,15155.383,15401.710755127351,4
2026-04-17 12:00:00,2026-04-17 08:00:00,Ridge,15558.766,15577.195643936991,4
2026-04-17 13:00:00,2026-04-17 09:00:00,Ridge,15800.886,15855.213402469151,4
2026-04-17 14:00:00,2026-04-17 10:00:00,Ridge,16060.601,16198.300674055858,4
2026-04-17 15:00:00,2026-04-17 11:00:00,Ridge,16404.838,16502.859041858235,4
2026-04-17 16:00:00,2026-04-17 12:00:00,Ridge,16726.269,16907.571826406725,4
2026-04-17 17:00:00,2026-04-17 13:00:00,Ridge,17064.593,17302.52786044591,4
2026-04-17 18:00:00,2026-04-17 14:00:00,Ridge,17403.195,17358.81943762963,4
2026-04-17 19:00:00,2026-04-17 15:00:00,Ridge,17533.214,17358.239311754638,4
2026-04-17 20:00:00,2026-04-17 16:00:00,Ridge,17888.559,17493.815554297977,4
2026-04-17 21:00:00,2026-04-17 17:00:00,Ridge,17947.521,17446.31093939881,4
2026-04-17 22:00:00,2026-04-17 18:00:00,Ridge,17814.843999999997,17421.096695695873,4
2026-04-17 23:00:00,2026-04-17 19:00:00,Ridge,17488.483,17282.050436701385,4
2026-04-18 00:00:00,2026-04-17 20:00:00,Ridge,16945.577,17137.151902324258,4
2026-04-18 01:00:00,2026-04-17 21:00:00,Ridge,16429.837,16624.794295782864,4
2026-04-18 02:00:00,2026-04-17 22:00:00,Ridge,15627.186,15732.171783573158,4
2026-04-18 03:00:00,2026-04-17 23:00:00,Ridge,14773.078,14879.70855525465,4
2026-04-18 04:00:00,2026-04-18 00:00:00,Ridge,13974.919999999998,13981.747062141581,4
2026-04-18 05:00:00,2026-04-18 01:00:00,Ridge,13347.751,13686.147134451821,4
2026-04-18 06:00:00,2026-04-18 02:00:00,Ridge,13225.99,13408.435369990937,4
2026-04-18 07:00:00,2026-04-18 03:00:00,Ridge,13015.58,13250.895875664459,4
2026-04-18 08:00:00,2026-04-18 04:00:00,Ridge,13058.990999999998,13428.74070351462,4
2026-04-18 09:00:00,2026-04-18 05:00:00,Ridge,13281.135999999999,13814.197497462257,4
2026-04-18 10:00:00,2026-04-18 06:00:00,Ridge,13579.060000000001,14584.467772293672,4
2026-04-18 11:00:00,2026-04-18 07:00:00,Ridge,13797.139,15061.147948573745,4
2026-04-18 12:00:00,2026-04-18 08:00:00,Ridge,14169.471000000001,15442.570244283093,4
2026-04-18 13:00:00,2026-04-18 09:00:00,Ridge,14587.489000000001,15646.937193266062,4
2026-04-18 14:00:00,2026-04-18 10:00:00,Ridge,15160.435000000001,15905.020804734359,4
2026-04-18 15:00:00,2026-04-18 11:00:00,Ridge,15405.593,16270.22440880667,4
2026-04-18 16:00:00,2026-04-18 12:00:00,Ridge,15543.962,16643.45623804559,4
2026-04-18 17:00:00,2026-04-18 13:00:00,Ridge,15691.643,16996.340670009005,4
2026-04-18 18:00:00,2026-04-18 14:00:00,Ridge,15821.295,17362.759482542046,4
2026-04-18 19:00:00,2026-04-18 15:00:00,Ridge,15832.196,17490.77208733568,4
2026-04-18 20:00:00,2026-04-18 16:00:00,Ridge,15829.701000000001,17848.831679784875,4
2026-04-18 21:00:00,2026-04-18 17:00:00,Ridge,15716.893,17920.11862031981,4
2026-04-18 22:00:00,2026-04-18 18:00:00,Ridge,15432.029,17774.93991903456,4
2026-04-18 23:00:00,2026-04-18 19:00:00,Ridge,15305.748,17457.43131876947,4
2026-04-19 00:00:00,2026-04-18 20:00:00,Ridge,15184.439999999999,16959.382785766058,4
2026-04-19 01:00:00,2026-04-18 21:00:00,Ridge,14925.258,16475.93657525415,4
2026-04-19 02:00:00,2026-04-18 22:00:00,Ridge,14288.631,15623.899485707332,4
2026-04-19 03:00:00,2026-04-18 23:00:00,Ridge,13717.432999999999,14767.04365900025,4
2026-04-19 04:00:00,2026-04-19 00:00:00,Ridge,13269.847000000002,14415.009513885027,4
2026-04-19 05:00:00,2026-04-19 01:00:00,Ridge,12959.366,13843.347318212684,4
2026-04-19 06:00:00,2026-04-19 02:00:00,Ridge,12733.301,13729.414916597238,4
2026-04-19 07:00:00,2026-04-19 03:00:00,Ridge,12627.028999999999,13499.749273079029,4
2026-04-19 08:00:00,2026-04-19 04:00:00,Ridge,12594.369,13567.506880674606,4
2026-04-19 09:00:00,2026-04-19 05:00:00,Ridge,12657.144,13807.672884185238,4
2026-04-19 10:00:00,2026-04-19 06:00:00,Ridge,12915.893,14174.949834962688,4
2026-04-19 11:00:00,2026-04-19 07:00:00,Ridge,13252.567,14413.340725369417,4
2026-04-19 12:00:00,2026-04-19 08:00:00,Ridge,13627.399,14760.402876821987,4
2026-04-19 13:00:00,2026-04-19 09:00:00,Ridge,14011.644,15166.15540514225,4
2026-04-19 14:00:00,2026-04-19 10:00:00,Ridge,14093.935000000001,15722.644134620783,4
2026-04-19 15:00:00,2026-04-19 11:00:00,Ridge,14030.192000000001,15954.872425778087,4
2026-04-19 16:00:00,2026-04-19 12:00:00,Ridge,14032.059000000001,16140.554363198975,4
2026-04-19 17:00:00,2026-04-19 13:00:00,Ridge,14120.732,16344.050753586125,4
2026-04-19 18:00:00,2026-04-19 14:00:00,Ridge,14028.519,16467.620717027043,4
2026-04-19 19:00:00,2026-04-19 15:00:00,Ridge,14118.721000000001,16467.21840062282,4
2026-04-19 20:00:00,2026-04-19 16:00:00,Ridge,14128.511999999999,16476.965034320903,4
2026-04-19 21:00:00,2026-04-19 17:00:00,Ridge,14380.764,16368.79047198163,4
2026-04-19 22:00:00,2026-04-19 18:00:00,Ridge,14500.642,16131.505964840211,4
2026-04-19 23:00:00,2026-04-19 19:00:00,Ridge,14734.41,16049.235665537042,4
2026-04-20 00:00:00,2026-04-19 20:00:00,Ridge,15110.69,15955.851408261056,4
2026-04-20 01:00:00,2026-04-19 21:00:00,Ridge,15091.389,15673.823413455117,4
2026-04-20 02:00:00,2026-04-19 22:00:00,Ridge,14557.596,14992.59137301792,4
2026-04-20 03:00:00,2026-04-19 23:00:00,Ridge,14046.971,14408.273513625067,4
2026-04-20 04:00:00,2026-04-20 00:00:00,Ridge,13828.248,14794.762204611372,4
2026-04-20 05:00:00,2026-04-20 01:00:00,Ridge,13634.691,14511.34107557559,4
2026-04-20 06:00:00,2026-04-20 02:00:00,Ridge,13653.844000000001,14277.789883443309,4
2026-04-20 07:00:00,2026-04-20 03:00:00,Ridge,13849.422,14172.178234391025,4
2026-04-20 08:00:00,2026-04-20 04:00:00,Ridge,14209.757000000001,14173.190320544743,4
2026-04-20 09:00:00,2026-04-20 05:00:00,Ridge,14953.155999999999,14289.271587889338,4
2026-04-20 10:00:00,2026-04-20 06:00:00,Ridge,16063.466,14647.128971444923,4
2026-04-20 11:00:00,2026-04-20 07:00:00,Ridge,16643.095,15022.526242315387,4
2026-04-20 12:00:00,2026-04-20 08:00:00,Ridge,16428.256999999998,15400.332523069534,4
2026-04-20 13:00:00,2026-04-20 09:00:00,Ridge,16354.038,15753.44179262534,4
2026-04-20 14:00:00,2026-04-20 10:00:00,Ridge,16195.841,15826.24882639896,4
2026-04-20 15:00:00,2026-04-20 11:00:00,Ridge,16099.206,15828.357765012088,4
2026-04-20 16:00:00,2026-04-20 12:00:00,Ridge,15837.617,15907.54621746331,4
2026-04-20 17:00:00,2026-04-20 13:00:00,Ridge,15699.555,16064.630863811095,4
2026-04-20 18:00:00,2026-04-20 14:00:00,Ridge,15477.125,16049.155152349129,4
2026-04-20 19:00:00,2026-04-20 15:00:00,Ridge,15246.132,16184.814465626267,4
2026-04-20 20:00:00,2026-04-20 16:00:00,Ridge,15160.528,16271.953614031298,4
2026-04-20 21:00:00,2026-04-20 17:00:00,Ridge,15187.512999999999,16537.211467243822,4
2026-04-20 22:00:00,2026-04-20 18:00:00,Ridge,15262.426,16627.80913804477,4
2026-04-20 23:00:00,2026-04-20 19:00:00,Ridge,15456.44,16785.99236598648,4
2026-04-21 00:00:00,2026-04-20 20:00:00,Ridge,16010.221,17019.23428443551,4
2026-04-21 01:00:00,2026-04-20 21:00:00,Ridge,15905.117,16883.0719408486,4
2026-04-21 02:00:00,2026-04-20 22:00:00,Ridge,15429.274,16271.532677528612,4
2026-04-21 03:00:00,2026-04-20 23:00:00,Ridge,14891.345,15712.210803006092,4
2026-04-21 04:00:00,2026-04-21 00:00:00,Ridge,14640.488000000001,14448.77263924268,4
2026-04-21 05:00:00,2026-04-21 01:00:00,Ridge,14574.387,14179.860566469146,4
2026-04-21 06:00:00,2026-04-21 02:00:00,Ridge,14605.100999999999,14194.918608558217,4
2026-04-21 07:00:00,2026-04-21 03:00:00,Ridge,14751.34,14330.652179442586,4
2026-04-21 08:00:00,2026-04-21 04:00:00,Ridge,15116.692,14646.339839492726,4
2026-04-21 09:00:00,2026-04-21 05:00:00,Ridge,15863.193000000001,15327.332745856504,4
2026-04-21 10:00:00,2026-04-21 06:00:00,Ridge,16963.853000000003,16310.898152488862,4
2026-04-21 11:00:00,2026-04-21 07:00:00,Ridge,17325.648,16751.540704211864,4
2026-04-21 12:00:00,2026-04-21 08:00:00,Ridge,17025.456,16538.960563767163,4
2026-04-21 13:00:00,2026-04-21 09:00:00,Ridge,16532.808,16539.979131985434,4
2026-04-21 14:00:00,2026-04-21 10:00:00,Ridge,16279.936,16500.61965820488,4
2026-04-21 15:00:00,2026-04-21 11:00:00,Ridge,15930.75,16474.551781373848,4
2026-04-21 16:00:00,2026-04-21 12:00:00,Ridge,15746.96,16269.893422774812,4
2026-04-21 17:00:00,2026-04-21 13:00:00,Ridge,15653.456,16192.7487230994,4
2026-04-21 18:00:00,2026-04-21 14:00:00,Ridge,15533.689,16034.219917340864,4
2026-04-21 19:00:00,2026-04-21 15:00:00,Ridge,15485.978,15843.710274813757,4
2026-04-21 20:00:00,2026-04-21 16:00:00,Ridge,15590.506000000001,15789.397478895246,4
2026-04-21 21:00:00,2026-04-21 17:00:00,Ridge,15706.213,15790.971093275064,4
2026-04-21 22:00:00,2026-04-21 18:00:00,Ridge,15685.006,15799.784094684746,4
2026-04-21 23:00:00,2026-04-21 19:00:00,Ridge,15850.363000000001,15935.30966001989,4
2026-04-22 00:00:00,2026-04-21 20:00:00,Ridge,16042.802,16381.832608668754,4
2026-04-22 01:00:00,2026-04-21 21:00:00,Ridge,15718.805,16182.013392965548,4
2026-04-22 02:00:00,2026-04-21 22:00:00,Ridge,14975.48,15654.57801653008,4
2026-04-22 03:00:00,2026-04-21 23:00:00,Ridge,14345.729,15113.067523437001,4
2026-04-22 04:00:00,2026-04-22 00:00:00,Ridge,13855.353,15096.568909334617,4
2026-04-22 05:00:00,2026-04-22 01:00:00,Ridge,13566.885,15001.187489724829,4
2026-04-22 06:00:00,2026-04-22 02:00:00,Ridge,13435.947,14983.103922825274,4
2026-04-22 07:00:00,2026-04-22 03:00:00,Ridge,13464.153,15076.579486495488,4
2026-04-22 08:00:00,2026-04-22 04:00:00,Ridge,13708.887,15367.510412494044,4
2026-04-22 09:00:00,2026-04-22 05:00:00,Ridge,14239.131000000001,15987.9424767534,4
2026-04-22 10:00:00,2026-04-22 06:00:00,Ridge,15152.849,16918.06383500646,4
2026-04-22 11:00:00,2026-04-22 07:00:00,Ridge,15648.612000000001,17181.697249280634,4
2026-04-22 12:00:00,2026-04-22 08:00:00,Ridge,15769.957,16954.6679158025,4
2026-04-22 13:00:00,2026-04-22 09:00:00,Ridge,15789.349,16607.956962965396,4
2026-04-22 14:00:00,2026-04-22 10:00:00,Ridge,15762.471000000001,16450.383376439342,4
2026-04-22 15:00:00,2026-04-22 11:00:00,Ridge,15801.539,16154.537632038828,4
2026-04-22 16:00:00,2026-04-22 12:00:00,Ridge,15904.092,16042.06576800734,4
2026-04-22 17:00:00,2026-04-22 13:00:00,Ridge,16084.485,16007.917936457994,4
2026-04-22 18:00:00,2026-04-22 14:00:00,Ridge,16193.598,15911.58055824437,4
2026-04-22 19:00:00,2026-04-22 15:00:00,Ridge,16405.220999999998,15917.339088954217,4
2026-04-22 20:00:00,2026-04-22 16:00:00,Ridge,16476.518,16032.048070485085,4
2026-04-22 21:00:00,2026-04-22 17:00:00,Ridge,16494.966999999997,16180.589628778038,4
2026-04-22 22:00:00,2026-04-22 18:00:00,Ridge,16555.601000000002,16172.424255160835,4
2026-04-22 23:00:00,2026-04-22 19:00:00,Ridge,16403.004,16361.169914966955,4
2026-04-23 00:00:00,2026-04-22 20:00:00,Ridge,16425.733,16564.23335597307,4
2026-04-23 01:00:00,2026-04-22 21:00:00,Ridge,16003.526000000002,16248.98144448601,4
2026-04-23 02:00:00,2026-04-22 22:00:00,Ridge,15297.315,15515.300320464627,4
2026-04-23 03:00:00,2026-04-22 23:00:00,Ridge,14507.749,14929.996590674848,4
2026-04-23 04:00:00,2026-04-23 00:00:00,Ridge,13950.66,14188.263650338326,4
2026-04-23 05:00:00,2026-04-23 01:00:00,Ridge,13645.062,13928.225478183582,4
2026-04-23 06:00:00,2026-04-23 02:00:00,Ridge,13384.048,13830.973152306735,4
2026-04-23 07:00:00,2026-04-23 03:00:00,Ridge,13319.185,13894.938769688717,4
2026-04-23 08:00:00,2026-04-23 04:00:00,Ridge,13568.234,14166.014232861859,4
2026-04-23 09:00:00,2026-04-23 05:00:00,Ridge,14081.755000000001,14736.185487874238,4
2026-04-23 10:00:00,2026-04-23 06:00:00,Ridge,14988.017,15689.796120710338,4
2026-04-23 11:00:00,2026-04-23 07:00:00,Ridge,15518.963,16167.740003838635,4
2026-04-23 12:00:00,2026-04-23 08:00:00,Ridge,15639.339,16224.522858169485,4
2026-04-23 13:00:00,2026-04-23 09:00:00,Ridge,15701.635,16256.203449919172,4
2026-04-23 14:00:00,2026-04-23 10:00:00,Ridge,15810.412,16225.514148993985,4
2026-04-23 15:00:00,2026-04-23 11:00:00,Ridge,16053.772,16275.962583061895,4
2026-04-23 16:00:00,2026-04-23 12:00:00,Ridge,16492.814,16338.462539409826,4
2026-04-23 17:00:00,2026-04-23 13:00:00,Ridge,16795.856,16484.26258820123,4
2026-04-23 18:00:00,2026-04-23 14:00:00,Ridge,17099.976000000002,16541.441699119947,4
2026-04-23 19:00:00,2026-04-23 15:00:00,Ridge,17217.732000000004,16691.670933564754,4
2026-04-23 20:00:00,2026-04-23 16:00:00,Ridge,17506.256,16720.832424572087,4
2026-04-23 21:00:00,2026-04-23 17:00:00,Ridge,17598.553,16732.919096946902,4
2026-04-23 22:00:00,2026-04-23 18:00:00,Ridge,17551.423000000003,16802.804978447028,4
2026-04-23 23:00:00,2026-04-23 19:00:00,Ridge,17337.811999999998,16683.407546442108,4
2026-04-24 00:00:00,2026-04-23 20:00:00,Ridge,17169.47,16809.474291901905,4
2026-04-24 01:00:00,2026-04-23 21:00:00,Ridge,16658.331,16412.38281739538,4
2026-04-24 02:00:00,2026-04-23 22:00:00,Ridge,15714.048999999999,15744.45190150876,4
2026-04-24 03:00:00,2026-04-23 23:00:00,Ridge,14893.539,15006.099531382879,4
2026-04-24 04:00:00,2026-04-24 00:00:00,Ridge,14220.265,14043.469915211917,4
2026-04-24 05:00:00,2026-04-24 01:00:00,Ridge,13710.729,13807.34103066393,4
2026-04-24 06:00:00,2026-04-24 02:00:00,Ridge,13436.438999999998,13599.840408683169,4
2026-04-24 07:00:00,2026-04-24 03:00:00,Ridge,13291.704999999998,13583.365250899951,4
2026-04-24 08:00:00,2026-04-24 04:00:00,Ridge,13346.931,13869.90709480885,4
2026-04-24 09:00:00,2026-04-24 05:00:00,Ridge,13937.527,14430.459354107788,4
2026-04-24 10:00:00,2026-04-24 06:00:00,Ridge,14666.719000000001,15377.795232758957,4
2026-04-24 11:00:00,2026-04-24 07:00:00,Ridge,15189.562,15830.372059523042,4
2026-04-24 12:00:00,2026-04-24 08:00:00,Ridge,15541.635,15836.089566282493,4
2026-04-24 13:00:00,2026-04-24 09:00:00,Ridge,15753.258,15796.286955918127,4
2026-04-24 14:00:00,2026-04-24 10:00:00,Ridge,15966.122,15853.435103371621,4
2026-04-24 15:00:00,2026-04-24 11:00:00,Ridge,16312.409,16009.475267333146,4
2026-04-24 16:00:00,2026-04-24 12:00:00,Ridge,16546.831,16360.854546478013,4
2026-04-24 17:00:00,2026-04-24 13:00:00,Ridge,16996.364999999998,16581.39767817439,4
2026-04-24 18:00:00,2026-04-24 14:00:00,Ridge,17154.443,16812.679495424305,4
2026-04-24 19:00:00,2026-04-24 15:00:00,Ridge,17310.566,16879.285676977008,4
2026-04-24 20:00:00,2026-04-24 16:00:00,Ridge,17418.277000000002,17153.780646561958,4
2026-04-24 21:00:00,2026-04-24 17:00:00,Ridge,17444.252,17234.597932589226,4
2026-04-24 22:00:00,2026-04-24 18:00:00,Ridge,17231.374,17174.58478406116,4
2026-04-24 23:00:00,2026-04-24 19:00:00,Ridge,16859.179,17018.316792386548,4
2026-04-25 00:00:00,2026-04-24 20:00:00,Ridge,16640.078,16912.884853181342,4
2026-04-25 01:00:00,2026-04-24 21:00:00,Ridge,16223.373,16413.16080111829,4
2026-04-25 02:00:00,2026-04-24 22:00:00,Ridge,15405.066,15480.490757273266,4
2026-04-25 03:00:00,2026-04-24 23:00:00,Ridge,14565.149,14725.567876638546,4
2026-04-25 04:00:00,2026-04-25 00:00:00,Ridge,13779.314999999999,13954.736745407994,4
2026-04-25 05:00:00,2026-04-25 01:00:00,Ridge,13416.499,13499.762708886206,4
2026-04-25 06:00:00,2026-04-25 02:00:00,Ridge,13143.752,13274.842653643136,4
2026-04-25 07:00:00,2026-04-25 03:00:00,Ridge,12984.437,13168.613601175704,4
2026-04-25 08:00:00,2026-04-25 04:00:00,Ridge,12959.974,13260.54435649185,4
2026-04-25 09:00:00,2026-04-25 05:00:00,Ridge,13100.407,13869.895138619886,4
2026-04-25 10:00:00,2026-04-25 06:00:00,Ridge,13337.791000000001,14612.697698137514,4
2026-04-25 11:00:00,2026-04-25 07:00:00,Ridge,13691.589,15097.494093469804,4
2026-04-25 12:00:00,2026-04-25 08:00:00,Ridge,14054.818,15396.813972727297,4
2026-04-25 13:00:00,2026-04-25 09:00:00,Ridge,14332.348999999998,15567.231420406302,4
2026-04-25 14:00:00,2026-04-25 10:00:00,Ridge,14462.792000000001,15741.563469610206,4
2026-04-25 15:00:00,2026-04-25 11:00:00,Ridge,14640.881000000001,16044.977721646095,4
2026-04-25 16:00:00,2026-04-25 12:00:00,Ridge,14733.583999999999,16236.352843012257,4
2026-04-25 17:00:00,2026-04-25 13:00:00,Ridge,14899.864000000001,16658.172935345996,4
2026-04-25 18:00:00,2026-04-25 14:00:00,Ridge,14954.626,16778.74428283204,4
2026-04-25 19:00:00,2026-04-25 15:00:00,Ridge,14941.895,16952.032460544742,4
2026-04-25 20:00:00,2026-04-25 16:00:00,Ridge,15099.07,17044.673749198228,4
2026-04-25 21:00:00,2026-04-25 17:00:00,Ridge,15258.724,17065.69949829922,4
2026-04-25 22:00:00,2026-04-25 18:00:00,Ridge,15240.294,16887.82003101908,4
2026-04-25 23:00:00,2026-04-25 19:00:00,Ridge,15121.766,16551.819624383766,4
2026-04-26 00:00:00,2026-04-25 20:00:00,Ridge,14965.946,16399.6592629184,4
2026-04-26 01:00:00,2026-04-25 21:00:00,Ridge,14737.351,15983.87925139272,4
2026-04-26 02:00:00,2026-04-25 22:00:00,Ridge,14113.195,15182.549321006936,4
2026-04-26 03:00:00,2026-04-25 23:00:00,Ridge,13496.41,14372.7356795642,4
2026-04-26 04:00:00,2026-04-26 00:00:00,Ridge,13069.923,14088.269989722337,4
2026-04-26 05:00:00,2026-04-26 01:00:00,Ridge,12775.065,13787.896983298007,4
2026-04-26 06:00:00,2026-04-26 02:00:00,Ridge,12541.75,13528.44656099709,4
2026-04-26 07:00:00,2026-04-26 03:00:00,Ridge,12504.298999999999,13396.162709724096,4
2026-04-26 08:00:00,2026-04-26 04:00:00,Ridge,12518.961,13427.681470614067,4
2026-04-26 09:00:00,2026-04-26 05:00:00,Ridge,12571.56,13622.5672534866,4
2026-04-26 10:00:00,2026-04-26 06:00:00,Ridge,12892.669,13962.515110333752,4
2026-04-26 11:00:00,2026-04-26 07:00:00,Ridge,13150.23,14346.025948492983,4
2026-04-26 12:00:00,2026-04-26 08:00:00,Ridge,13653.842,14663.327544705306,4
2026-04-26 13:00:00,2026-04-26 09:00:00,Ridge,14046.891,14899.951047870196,4
2026-04-26 14:00:00,2026-04-26 10:00:00,Ridge,14117.974,15019.627183345443,4
2026-04-26 15:00:00,2026-04-26 11:00:00,Ridge,14265.087,15217.091225942195,4
2026-04-26 16:00:00,2026-04-26 12:00:00,Ridge,14317.961,15376.328575815727,4
2026-04-26 17:00:00,2026-04-26 13:00:00,Ridge,14240.627,15576.402407410713,4
2026-04-26 18:00:00,2026-04-26 14:00:00,Ridge,14233.061,15684.02006551464,4
2026-04-26 19:00:00,2026-04-26 15:00:00,Ridge,14116.719000000001,15705.05061823013,4
2026-04-26 20:00:00,2026-04-26 16:00:00,Ridge,14358.071,15922.914250019703,4
2026-04-26 21:00:00,2026-04-26 17:00:00,Ridge,14641.332,16093.834252397912,4
2026-04-26 22:00:00,2026-04-26 18:00:00,Ridge,14707.604,16084.022018332393,4
2026-04-26 23:00:00,2026-04-26 19:00:00,Ridge,14652.224000000002,15971.155925682884,4
2026-04-27 00:00:00,2026-04-26 20:00:00,Ridge,14925.718,15830.040248925903,4
2026-04-27 01:00:00,2026-04-26 21:00:00,Ridge,14829.775,15567.878438697846,4
2026-04-27 02:00:00,2026-04-26 22:00:00,Ridge,14263.794,14883.136710558183,4
2026-04-27 03:00:00,2026-04-26 23:00:00,Ridge,13627.896,14260.68331431942,4
2026-04-27 04:00:00,2026-04-27 00:00:00,Ridge,13234.52,14692.004449396005,4
2026-04-27 05:00:00,2026-04-27 01:00:00,Ridge,13031.745,14376.944228072149,4
2026-04-27 06:00:00,2026-04-27 02:00:00,Ridge,12953.631,14146.030318530193,4
2026-04-27 07:00:00,2026-04-27 03:00:00,Ridge,12976.764,14109.081294840902,4
2026-04-27 08:00:00,2026-04-27 04:00:00,Ridge,13301.567,14134.161847606832,4
2026-04-27 09:00:00,2026-04-27 05:00:00,Ridge,13952.309000000001,14283.068715638638,4
2026-04-27 10:00:00,2026-04-27 06:00:00,Ridge,14866.458,14699.432143490953,4
2026-04-27 11:00:00,2026-04-27 07:00:00,Ridge,15298.25,14990.95412058588,4
2026-04-27 12:00:00,2026-04-27 08:00:00,Ridge,15432.887,15485.020382998853,4
2026-04-27 13:00:00,2026-04-27 09:00:00,Ridge,15362.997,15835.38202683464,4
2026-04-27 14:00:00,2026-04-27 10:00:00,Ridge,15464.053,15908.822972769693,4
2026-04-27 15:00:00,2026-04-27 11:00:00,Ridge,15438.162,16105.316326558479,4
2026-04-27 16:00:00,2026-04-27 12:00:00,Ridge,15536.801,16193.13610260505,4
2026-04-27 17:00:00,2026-04-27 13:00:00,Ridge,15707.867,16207.190763020813,4
2026-04-27 18:00:00,2026-04-27 14:00:00,Ridge,15981.243999999999,16249.054919438298,4
2026-04-27 19:00:00,2026-04-27 15:00:00,Ridge,16126.295999999998,16187.372513188851,4
2026-04-27 20:00:00,2026-04-27 16:00:00,Ridge,16377.985,16445.79181730863,4
2026-04-27 21:00:00,2026-04-27 17:00:00,Ridge,16528.292999999998,16693.311000979924,4
2026-04-27 22:00:00,2026-04-27 18:00:00,Ridge,16391.28,16699.018254389528,4
2026-04-27 23:00:00,2026-04-27 19:00:00,Ridge,16351.686000000002,16584.49936833964,4
2026-04-28 00:00:00,2026-04-27 20:00:00,Ridge,16298.655999999999,16810.298053040773,4
2026-04-28 01:00:00,2026-04-27 21:00:00,Ridge,15853.772,16629.43798788328,4
2026-04-28 02:00:00,2026-04-27 22:00:00,Ridge,15201.157000000001,15991.67552336344,4
2026-04-28 03:00:00,2026-04-27 23:00:00,Ridge,14506.845000000001,15325.336057001265,4
2026-04-28 04:00:00,2026-04-28 00:00:00,Ridge,14028.948,13914.354571427903,4
2026-04-28 05:00:00,2026-04-28 01:00:00,Ridge,13613.033,13702.662195682004,4
2026-04-28 06:00:00,2026-04-28 02:00:00,Ridge,13336.092,13602.512823513809,4
2026-04-28 07:00:00,2026-04-28 03:00:00,Ridge,13300.148,13595.980918532301,4
2026-04-28 08:00:00,2026-04-28 04:00:00,Ridge,13400.168,13881.96231025478,4
2026-04-28 09:00:00,2026-04-28 05:00:00,Ridge,13919.628,14470.612063349281,4
2026-04-28 10:00:00,2026-04-28 06:00:00,Ridge,14891.919,15274.832760274205,4
2026-04-28 11:00:00,2026-04-28 07:00:00,Ridge,15370.688,15635.6455248196,4
2026-04-28 12:00:00,2026-04-28 08:00:00,Ridge,15419.7,15756.342827233006,4
2026-04-28 13:00:00,2026-04-28 09:00:00,Ridge,15633.479,15709.190568992264,4
2026-04-28 14:00:00,2026-04-28 10:00:00,Ridge,15712.364000000001,15830.172999919614,4
2026-04-28 15:00:00,2026-04-28 11:00:00,Ridge,15752.75,15826.010449018324,4
2026-04-28 16:00:00,2026-04-28 12:00:00,Ridge,15863.155999999999,15938.193266014607,4
2026-04-28 17:00:00,2026-04-28 13:00:00,Ridge,15906.192,16126.416157064981,4
2026-04-28 18:00:00,2026-04-28 14:00:00,Ridge,15905.130000000001,16376.078814567885,4
2026-04-28 19:00:00,2026-04-28 15:00:00,Ridge,15900.408,16489.564208017295,4
2026-04-28 20:00:00,2026-04-28 16:00:00,Ridge,15969.625,16723.226534684632,4
2026-04-28 21:00:00,2026-04-28 17:00:00,Ridge,16178.457,16850.565032388862,4
2026-04-28 22:00:00,2026-04-28 18:00:00,Ridge,16221.42,16699.431042083215,4
2026-04-28 23:00:00,2026-04-28 19:00:00,Ridge,16070.372,16649.761806428585,4
2026-04-29 00:00:00,2026-04-28 20:00:00,Ridge,16112.55,16552.977272434735,4
2026-04-29 01:00:00,2026-04-28 21:00:00,Ridge,15848.248,16102.257820290526,4
2026-04-29 02:00:00,2026-04-28 22:00:00,Ridge,15025.294,15445.625088990864,4
2026-04-29 03:00:00,2026-04-28 23:00:00,Ridge,14225.457,14773.66994731353,4
2026-04-29 04:00:00,2026-04-29 00:00:00,Ridge,13647.09,14575.191517127647,4
2026-04-29 05:00:00,2026-04-29 01:00:00,Ridge,13315.075,14181.329352700586,4
2026-04-29 06:00:00,2026-04-29 02:00:00,Ridge,13113.492,13915.700325712269,4
2026-04-29 07:00:00,2026-04-29 03:00:00,Ridge,13057.775000000001,13892.361975673823,4
2026-04-29 08:00:00,2026-04-29 04:00:00,Ridge,13296.185,13967.883472600282,4
2026-04-29 09:00:00,2026-04-29 05:00:00,Ridge,13746.628999999999,14409.852389864822,4
2026-04-29 10:00:00,2026-04-29 06:00:00,Ridge,14594.607,15270.498321902069,4
2026-04-29 11:00:00,2026-04-29 07:00:00,Ridge,15098.259,15651.882740726023,4
2026-04-29 12:00:00,2026-04-29 08:00:00,Ridge,15309.586,15745.656266991102,4
2026-04-29 13:00:00,2026-04-29 09:00:00,Ridge,15508.402999999998,16021.44293412473,4
2026-04-29 14:00:00,2026-04-29 10:00:00,Ridge,15767.371,16090.177090388672,4
2026-04-29 15:00:00,2026-04-29 11:00:00,Ridge,15866.796999999999,16157.940181573016,4
2026-04-29 16:00:00,2026-04-29 12:00:00,Ridge,15872.645,16270.165147121712,4
2026-04-29 17:00:00,2026-04-29 13:00:00,Ridge,15868.462,16286.556453422367,4
2026-04-29 18:00:00,2026-04-29 14:00:00,Ridge,15874.473,16276.931876298051,4
2026-04-29 19:00:00,2026-04-29 15:00:00,Ridge,15749.831,16254.576604134923,4
2026-04-29 20:00:00,2026-04-29 16:00:00,Ridge,15699.452,16361.68624545028,4
2026-04-29 21:00:00,2026-04-29 17:00:00,Ridge,15695.162,16602.59890735924,4
2026-04-29 22:00:00,2026-04-29 18:00:00,Ridge,15667.683,16649.83501498182,4
2026-04-29 23:00:00,2026-04-29 19:00:00,Ridge,15582.359,16502.658804456114,4
2026-04-30 00:00:00,2026-04-29 20:00:00,Ridge,15665.519,16610.835326021457,4
2026-04-30 01:00:00,2026-04-29 21:00:00,Ridge,15450.752,16367.820417907202,4
2026-04-30 02:00:00,2026-04-29 22:00:00,Ridge,14761.486,15558.147138351975,4
2026-04-30 03:00:00,2026-04-29 23:00:00,Ridge,14079.894,14807.384134601249,4
2026-04-30 04:00:00,2026-04-30 00:00:00,Ridge,13666.528,13978.55593621734,4
2026-04-30 05:00:00,2026-04-30 01:00:00,Ridge,13344.652999999998,13702.196216945691,4
2026-04-30 06:00:00,2026-04-30 02:00:00,Ridge,13280.766,13540.004066426498,4
2026-04-30 07:00:00,2026-04-30 03:00:00,Ridge,13228.354,13507.375096254793,4
2026-04-30 08:00:00,2026-04-30 04:00:00,Ridge,13515.684000000001,13783.599546450874,4
2026-04-30 09:00:00,2026-04-30 05:00:00,Ridge,14044.643,14269.505472063209,4
2026-04-30 10:00:00,2026-04-30 06:00:00,Ridge,15025.060000000001,15130.927378200648,4
2026-04-30 11:00:00,2026-04-30 07:00:00,Ridge,15519.867,15578.160973221027,4
2026-04-30 12:00:00,2026-04-30 08:00:00,Ridge,15775.848000000002,15755.72774747824,4
2026-04-30 13:00:00,2026-04-30 09:00:00,Ridge,15704.339,15902.687397703457,4
2026-04-30 14:00:00,2026-04-30 10:00:00,Ridge,15724.128,16146.799412570103,4
2026-04-30 15:00:00,2026-04-30 11:00:00,Ridge,15601.08,16217.77915360154,4
2026-04-30 16:00:00,2026-04-30 12:00:00,Ridge,15531.973,16237.670699818296,4
2026-04-30 17:00:00,2026-04-30 13:00:00,Ridge,15395.125,16274.691848910072,4
2026-04-30 18:00:00,2026-04-30 14:00:00,Ridge,15169.909,16343.459384786951,4
2026-04-30 19:00:00,2026-04-30 15:00:00,Ridge,15028.029999999999,16266.645676308644,4
2026-04-30 20:00:00,2026-04-30 16:00:00,Ridge,14989.043000000001,16285.359540385249,4
2026-04-30 21:00:00,2026-04-30 17:00:00,Ridge,15003.978,16312.75622559905,4
2026-04-30 22:00:00,2026-04-30 18:00:00,Ridge,15028.363,16268.270164049765,4
2026-04-30 23:00:00,2026-04-30 19:00:00,Ridge,15203.953000000001,16198.71694437322,4
2026-05-01 00:00:00,2026-04-30 20:00:00,Ridge,15396.28,16274.105814915634,4
2026-05-01 01:00:00,2026-04-30 21:00:00,Ridge,15461.01,16000.027789439642,4
2026-05-01 02:00:00,2026-04-30 22:00:00,Ridge,14901.68,15303.094481984606,4
2026-05-01 03:00:00,2026-04-30 23:00:00,Ridge,14422.850999999999,14644.158907661891,4
2026-05-01 04:00:00,2026-05-01 00:00:00,Ridge,13945.405999999999,13767.184235073013,4
2026-05-01 05:00:00,2026-05-01 01:00:00,Ridge,13761.863000000001,13440.106744104438,4
2026-05-01 06:00:00,2026-05-01 02:00:00,Ridge,13726.514000000001,13361.942294774864,4
2026-05-01 07:00:00,2026-05-01 03:00:00,Ridge,13768.387,13309.321727810364,4
2026-05-01 08:00:00,2026-05-01 04:00:00,Ridge,14048.603,13579.88627166559,4
2026-05-01 09:00:00,2026-05-01 05:00:00,Ridge,14635.093,14111.730314880213,4
2026-05-01 10:00:00,2026-05-01 06:00:00,Ridge,15584.461,15103.184528777048,4
2026-05-01 11:00:00,2026-05-01 07:00:00,Ridge,16074.819,15534.453558495668,4
2026-05-01 12:00:00,2026-05-01 08:00:00,Ridge,16118.05,15725.970563139466,4
2026-05-01 13:00:00,2026-05-01 09:00:00,Ridge,15923.743999999999,15671.477964551046,4
2026-05-01 14:00:00,2026-05-01 10:00:00,Ridge,15876.421,15705.111914831681,4
2026-05-01 15:00:00,2026-05-01 11:00:00,Ridge,15646.401999999998,15603.053772350793,4
2026-05-01 16:00:00,2026-05-01 12:00:00,Ridge,15454.802,15583.381044547212,4
2026-05-01 17:00:00,2026-05-01 13:00:00,Ridge,15420.645,15485.417240880415,4
2026-05-01 18:00:00,2026-05-01 14:00:00,Ridge,15387.409,15304.063606854665,4
2026-05-01 19:00:00,2026-05-01 15:00:00,Ridge,15050.541,15213.388135825498,4
2026-05-01 20:00:00,2026-05-01 16:00:00,Ridge,15167.832999999999,15218.742769271399,4
2026-05-01 21:00:00,2026-05-01 17:00:00,Ridge,15182.512,15286.57627504082,4
2026-05-01 22:00:00,2026-05-01 18:00:00,Ridge,14993.511999999999,15326.09091024924,4
2026-05-01 23:00:00,2026-05-01 19:00:00,Ridge,14996.921,15467.601157632213,4
2026-05-02 00:00:00,2026-05-01 20:00:00,Ridge,15259.301,15635.020244842797,4
2026-05-02 01:00:00,2026-05-01 21:00:00,Ridge,15255.241,15638.234376509236,4
2026-05-02 02:00:00,2026-05-01 22:00:00,Ridge,14835.291000000001,14995.231076638442,4
2026-05-02 03:00:00,2026-05-01 23:00:00,Ridge,14256.228,14483.939446839482,4
2026-05-02 04:00:00,2026-05-02 00:00:00,Ridge,13876.029999999999,13796.295720304752,4
2026-05-02 05:00:00,2026-05-02 01:00:00,Ridge,13652.657,13617.030212823907,4
2026-05-02 06:00:00,2026-05-02 02:00:00,Ridge,13572.123,13558.82187780167,4
2026-05-02 07:00:00,2026-05-02 03:00:00,Ridge,13513.069,13586.20847407278,4
2026-05-02 08:00:00,2026-05-02 04:00:00,Ridge,13684.476999999999,13864.389967393012,4
2026-05-02 09:00:00,2026-05-02 05:00:00,Ridge,13945.134,14431.712056490436,4
2026-05-02 10:00:00,2026-05-02 06:00:00,Ridge,14365.836,15357.362603383195,4
2026-05-02 11:00:00,2026-05-02 07:00:00,Ridge,14661.395999999999,15790.899710426616,4
2026-05-02 12:00:00,2026-05-02 08:00:00,Ridge,14907.432999999999,15814.539638662223,4
2026-05-02 13:00:00,2026-05-02 09:00:00,Ridge,14814.939,15677.55896550489,4
2026-05-02 14:00:00,2026-05-02 10:00:00,Ridge,14772.323,15706.036274499902,4
2026-05-02 15:00:00,2026-05-02 11:00:00,Ridge,14805.295,15532.846058502364,4
2026-05-02 16:00:00,2026-05-02 12:00:00,Ridge,14643.382,15392.602741288594,4
2026-05-02 17:00:00,2026-05-02 13:00:00,Ridge,14387.55,15396.159319814034,4
2026-05-02 18:00:00,2026-05-02 14:00:00,Ridge,14295.571,15392.373001336851,4
2026-05-02 19:00:00,2026-05-02 15:00:00,Ridge,14218.699,15079.014425796247,4
2026-05-02 20:00:00,2026-05-02 16:00:00,Ridge,14305.237,15218.414578007996,4
2026-05-02 21:00:00,2026-05-02 17:00:00,Ridge,14457.851,15226.423718543383,4
2026-05-02 22:00:00,2026-05-02 18:00:00,Ridge,14523.402,15049.361483941979,4
2026-05-02 23:00:00,2026-05-02 19:00:00,Ridge,14543.385,15047.428949949428,4
2026-05-03 00:00:00,2026-05-02 20:00:00,Ridge,14881.669,15295.654844307355,4
2026-05-03 01:00:00,2026-05-02 21:00:00,Ridge,14901.117,15223.94831654831,4
2026-05-03 02:00:00,2026-05-02 22:00:00,Ridge,14585.007,14734.634361329825,4
2026-05-03 03:00:00,2026-05-02 23:00:00,Ridge,14290.133,14130.978277119619,4
2026-05-03 04:00:00,2026-05-03 00:00:00,Ridge,14038.516,14213.059455741986,4
2026-05-03 05:00:00,2026-05-03 01:00:00,Ridge,13993.964,13983.726532869778,4
2026-05-03 06:00:00,2026-05-03 02:00:00,Ridge,13941.571,13912.822812955972,4
2026-05-03 07:00:00,2026-05-03 03:00:00,Ridge,14104.788,13847.903887448529,4
2026-05-03 08:00:00,2026-05-03 04:00:00,Ridge,14199.972,14046.257911905934,4
2026-05-03 09:00:00,2026-05-03 05:00:00,Ridge,14505.052,14338.101462215287,4
2026-05-03 10:00:00,2026-05-03 06:00:00,Ridge,14842.405,14839.962330300767,4
2026-05-03 11:00:00,2026-05-03 07:00:00,Ridge,15086.546999999999,15150.751792090423,4
2026-05-03 12:00:00,2026-05-03 08:00:00,Ridge,15163.716,15408.522836015243,4
2026-05-03 13:00:00,2026-05-03 09:00:00,Ridge,14875.827000000001,15311.015227041193,4
2026-05-03 14:00:00,2026-05-03 10:00:00,Ridge,14554.544000000002,15300.923741044655,4
2026-05-03 15:00:00,2026-05-03 11:00:00,Ridge,14322.644,15339.842266067171,4
2026-05-03 16:00:00,2026-05-03 12:00:00,Ridge,14228.757000000001,15200.662824890162,4
2026-05-03 17:00:00,2026-05-03 13:00:00,Ridge,14024.725999999999,14972.123701485189,4
2026-05-03 18:00:00,2026-05-03 14:00:00,Ridge,13818.856,14886.637512056273,4
2026-05-03 19:00:00,2026-05-03 15:00:00,Ridge,13982.932,14830.60368998257,4
2026-05-03 20:00:00,2026-05-03 16:00:00,Ridge,14058.723000000002,14917.310347809313,4
2026-05-03 21:00:00,2026-05-03 17:00:00,Ridge,14334.706999999999,15064.013831773354,4
2026-05-03 22:00:00,2026-05-03 18:00:00,Ridge,14517.865,15133.861809162667,4
2026-05-03 23:00:00,2026-05-03 19:00:00,Ridge,14719.002,15184.633763627968,4
2026-05-04 00:00:00,2026-05-03 20:00:00,Ridge,15028.349,15519.885816475886,4
2026-05-04 01:00:00,2026-05-03 21:00:00,Ridge,14893.233,15520.766070956895,4
2026-05-04 02:00:00,2026-05-03 22:00:00,Ridge,14633.201000000001,15143.123715783677,4
2026-05-04 03:00:00,2026-05-03 23:00:00,Ridge,14121.544,14835.732035350062,4
2026-05-04 04:00:00,2026-05-04 00:00:00,Ridge,13879.893,15411.315051548652,4
2026-05-04 05:00:00,2026-05-04 01:00:00,Ridge,13585.546999999999,15362.631961910547,4
2026-05-04 06:00:00,2026-05-04 02:00:00,Ridge,13522.454,15308.258489795888,4
2026-05-04 07:00:00,2026-05-04 03:00:00,Ridge,13711.314,15467.341833158582,4
2026-05-04 08:00:00,2026-05-04 04:00:00,Ridge,14153.391,15577.50096302006,4
2026-05-04 09:00:00,2026-05-04 05:00:00,Ridge,14718.27,15941.170244844574,4
2026-05-04 10:00:00,2026-05-04 06:00:00,Ridge,15615.015,16376.779278372489,4
2026-05-04 11:00:00,2026-05-04 07:00:00,Ridge,15988.855,16646.578123096948,4
2026-05-04 12:00:00,2026-05-04 08:00:00,Ridge,16058.541000000001,16692.98870464545,4
2026-05-04 13:00:00,2026-05-04 09:00:00,Ridge,15993.723,16394.87278732448,4
2026-05-04 14:00:00,2026-05-04 10:00:00,Ridge,15901.236,16126.689414177621,4
2026-05-04 15:00:00,2026-05-04 11:00:00,Ridge,15838.813,15908.506802757407,4
2026-05-04 16:00:00,2026-05-04 12:00:00,Ridge,15819.344000000001,15828.465145275793,4
2026-05-04 17:00:00,2026-05-04 13:00:00,Ridge,15869.719000000001,15669.07070782802,4
2026-05-04 18:00:00,2026-05-04 14:00:00,Ridge,15863.462,15508.868878217785,4
2026-05-04 19:00:00,2026-05-04 15:00:00,Ridge,15883.559000000001,15630.876897297083,4
2026-05-04 20:00:00,2026-05-04 16:00:00,Ridge,15938.186000000002,15713.37637462185,4
2026-05-04 21:00:00,2026-05-04 17:00:00,Ridge,16107.715,15963.629923887374,4
2026-05-04 22:00:00,2026-05-04 18:00:00,Ridge,16233.613000000001,16074.117767954342,4
2026-05-04 23:00:00,2026-05-04 19:00:00,Ridge,16335.313000000002,16244.973279622003,4
2026-05-05 00:00:00,2026-05-04 20:00:00,Ridge,16368.021999999999,16542.749389218592,4
2026-05-05 01:00:00,2026-05-04 21:00:00,Ridge,16094.825,16386.647679311463,4
2026-05-05 02:00:00,2026-05-04 22:00:00,Ridge,15451.268,16092.953419073683,4
2026-05-05 03:00:00,2026-05-04 23:00:00,Ridge,14693.555,15546.280155613646,4
2026-05-05 04:00:00,2026-05-05 00:00:00,Ridge,14100.616000000002,14331.705320349698,4
2026-05-05 05:00:00,2026-05-05 01:00:00,Ridge,13766.003,14035.99022966747,4
2026-05-05 06:00:00,2026-05-05 02:00:00,Ridge,13515.24,13986.09774122646,4
2026-05-05 07:00:00,2026-05-05 03:00:00,Ridge,13534.608,14141.37142804295,4
2026-05-05 08:00:00,2026-05-05 04:00:00,Ridge,13646.686,14555.567633257953,4
2026-05-05 09:00:00,2026-05-05 05:00:00,Ridge,14238.041000000001,15066.199298472802,4
2026-05-05 10:00:00,2026-05-05 06:00:00,Ridge,15062.285,15899.258439179668,4
2026-05-05 11:00:00,2026-05-05 07:00:00,Ridge,15475.715,16202.62843337543,4
2026-05-05 12:00:00,2026-05-05 08:00:00,Ridge,15663.058,16273.978670453353,4
2026-05-05 13:00:00,2026-05-05 09:00:00,Ridge,15716.164,16206.159934470084,4
2026-05-05 14:00:00,2026-05-05 10:00:00,Ridge,15834.239000000001,16137.184231163428,4
2026-05-05 15:00:00,2026-05-05 11:00:00,Ridge,16002.262999999999,16108.66734276477,4
2026-05-05 16:00:00,2026-05-05 12:00:00,Ridge,16183.261000000002,16073.829417609675,4
2026-05-05 17:00:00,2026-05-05 13:00:00,Ridge,16340.747,16087.868262466796,4
2026-05-05 18:00:00,2026-05-05 14:00:00,Ridge,16278.307,16073.682986073083,4
2026-05-05 19:00:00,2026-05-05 15:00:00,Ridge,16229.953000000001,16071.065327962788,4
2026-05-05 20:00:00,2026-05-05 16:00:00,Ridge,16241.853,16132.42479868019,4
2026-05-05 21:00:00,2026-05-05 17:00:00,Ridge,16329.771999999999,16296.431383772962,4
2026-05-05 22:00:00,2026-05-05 18:00:00,Ridge,16261.702000000001,16396.57092348611,4
2026-05-05 23:00:00,2026-05-05 19:00:00,Ridge,16400.387,16466.639020473835,4
2026-05-06 00:00:00,2026-05-05 20:00:00,Ridge,16296.319,16527.625052821684,4
2026-05-06 01:00:00,2026-05-05 21:00:00,Ridge,16104.481,16275.949436996996,4
2026-05-06 02:00:00,2026-05-05 22:00:00,Ridge,15378.401,15653.744234987695,4
2026-05-06 03:00:00,2026-05-05 23:00:00,Ridge,14706.614000000001,14977.00223864987,4
2026-05-06 04:00:00,2026-05-06 00:00:00,Ridge,14155.530999999999,14703.819970570592,4
2026-05-06 05:00:00,2026-05-06 01:00:00,Ridge,13911.15,14448.255371288906,4
2026-05-06 06:00:00,2026-05-06 02:00:00,Ridge,13728.181,14233.45293726008,4
2026-05-06 07:00:00,2026-05-06 03:00:00,Ridge,13664.715,14288.305025529633,4
2026-05-06 08:00:00,2026-05-06 04:00:00,Ridge,13842.32,14380.056842180085,4
2026-05-06 09:00:00,2026-05-06 05:00:00,Ridge,14302.153999999999,14941.113967543675,4
2026-05-06 10:00:00,2026-05-06 06:00:00,Ridge,15128.145,15665.397766476424,4
2026-05-06 11:00:00,2026-05-06 07:00:00,Ridge,15521.977,16003.518652831672,4
2026-05-06 12:00:00,2026-05-06 08:00:00,Ridge,15780.373,16156.715177529059,4
2026-05-06 13:00:00,2026-05-06 09:00:00,Ridge,15854.298999999999,16146.604914506257,4
2026-05-06 14:00:00,2026-05-06 10:00:00,Ridge,15740.101999999999,16204.574393983425,4
2026-05-06 15:00:00,2026-05-06 11:00:00,Ridge,15603.901,16318.279125370073,4
2026-05-06 16:00:00,2026-05-06 12:00:00,Ridge,15812.255,16462.974293125357,4
2026-05-06 17:00:00,2026-05-06 13:00:00,Ridge,15803.468,16560.079906934658,4
2026-05-06 18:00:00,2026-05-06 14:00:00,Ridge,15692.723,16459.135664534195,4
2026-05-06 19:00:00,2026-05-06 15:00:00,Ridge,15594.429,16458.34183885733,4
2026-05-06 20:00:00,2026-05-06 16:00:00,Ridge,15562.832,16492.309634126257,4
2026-05-06 21:00:00,2026-05-06 17:00:00,Ridge,15785.573,16620.859723064303,4
2026-05-06 22:00:00,2026-05-06 18:00:00,Ridge,15785.097,16582.4865835315,4
2026-05-06 23:00:00,2026-05-06 19:00:00,Ridge,15837.427,16751.18470988743,4
2026-05-07 00:00:00,2026-05-06 20:00:00,Ridge,15952.227,16699.726028255085,4
2026-05-07 01:00:00,2026-05-06 21:00:00,Ridge,15857.357,16519.728579078554,4
2026-05-07 02:00:00,2026-05-06 22:00:00,Ridge,15254.66,15849.529763976374,4
2026-05-07 03:00:00,2026-05-06 23:00:00,Ridge,14480.307,15234.255532328307,4
2026-05-07 04:00:00,2026-05-07 00:00:00,Ridge,14025.194,14452.879189707533,4
2026-05-07 05:00:00,2026-05-07 01:00:00,Ridge,13788.734,14232.34189765434,4
2026-05-07 06:00:00,2026-05-07 02:00:00,Ridge,13772.027,14080.095193574893,4
2026-05-07 07:00:00,2026-05-07 03:00:00,Ridge,13805.354,14065.982326718617,4
2026-05-07 08:00:00,2026-05-07 04:00:00,Ridge,14090.359,14307.473655786485,4
2026-05-07 09:00:00,2026-05-07 05:00:00,Ridge,14546.252,14786.6525083349,4
2026-05-07 10:00:00,2026-05-07 06:00:00,Ridge,15471.772,15630.364519655053,4
2026-05-07 11:00:00,2026-05-07 07:00:00,Ridge,15864.212,15969.362153308713,4
2026-05-07 12:00:00,2026-05-07 08:00:00,Ridge,16051.853,16179.19231658291,4
2026-05-07 13:00:00,2026-05-07 09:00:00,Ridge,15978.667000000001,16215.021655772702,4
2026-05-07 14:00:00,2026-05-07 10:00:00,Ridge,15982.0,16087.900400537945,4
2026-05-07 15:00:00,2026-05-07 11:00:00,Ridge,15877.315,15963.208942254969,4
2026-05-07 16:00:00,2026-05-07 12:00:00,Ridge,15777.028,16167.303746037653,4
2026-05-07 17:00:00,2026-05-07 13:00:00,Ridge,15614.455000000002,16155.923046174148,4
2026-05-07 18:00:00,2026-05-07 14:00:00,Ridge,15563.547999999999,16071.216240868278,4
2026-05-07 19:00:00,2026-05-07 15:00:00,Ridge,15452.79,16010.681863937296,4
2026-05-07 20:00:00,2026-05-07 16:00:00,Ridge,15449.692,16012.685077434226,4
2026-05-07 21:00:00,2026-05-07 17:00:00,Ridge,15391.764000000001,16258.668292744162,4
2026-05-07 22:00:00,2026-05-07 18:00:00,Ridge,15463.368,16273.727036396747,4
2026-05-07 23:00:00,2026-05-07 19:00:00,Ridge,15537.078,16339.810791280406,4
2026-05-08 00:00:00,2026-05-07 20:00:00,Ridge,15757.849,16455.802040608978,4
2026-05-08 01:00:00,2026-05-07 21:00:00,Ridge,15748.609,16317.130783845429,4
2026-05-08 02:00:00,2026-05-07 22:00:00,Ridge,15194.613000000001,15685.276539913877,4
2026-05-08 03:00:00,2026-05-07 23:00:00,Ridge,14720.046,14914.159269259977,4
2026-05-08 04:00:00,2026-05-08 00:00:00,Ridge,14345.475,13984.119099566646,4
2026-05-08 05:00:00,2026-05-08 01:00:00,Ridge,14074.587,13750.34390872912,4
2026-05-08 06:00:00,2026-05-08 02:00:00,Ridge,14004.455000000002,13712.313596231825,4
2026-05-08 07:00:00,2026-05-08 03:00:00,Ridge,14011.49,13745.58584099304,4
2026-05-08 08:00:00,2026-05-08 04:00:00,Ridge,14456.653,14011.951156986714,4
2026-05-08 09:00:00,2026-05-08 05:00:00,Ridge,15103.925,14489.67421772251,4
2026-05-08 10:00:00,2026-05-08 06:00:00,Ridge,15991.411,15410.537034587343,4
2026-05-08 11:00:00,2026-05-08 07:00:00,Ridge,16392.294,15746.231462060903,4
2026-05-08 12:00:00,2026-05-08 08:00:00,Ridge,16426.642,15907.914026519442,4
2026-05-08 13:00:00,2026-05-08 09:00:00,Ridge,16214.503,15835.170268871012,4
2026-05-08 14:00:00,2026-05-08 10:00:00,Ridge,16049.499,15880.276497545043,4
2026-05-08 15:00:00,2026-05-08 11:00:00,Ridge,15881.490000000002,15830.876497566987,4
2026-05-08 16:00:00,2026-05-08 12:00:00,Ridge,15798.458,15781.136639573946,4
2026-05-08 17:00:00,2026-05-08 13:00:00,Ridge,15770.873,15682.395393982182,4
2026-05-08 18:00:00,2026-05-08 14:00:00,Ridge,15509.012999999999,15656.338592921406,4
2026-05-08 19:00:00,2026-05-08 15:00:00,Ridge,15475.392,15566.274563543358,4
2026-05-08 20:00:00,2026-05-08 16:00:00,Ridge,15484.657,15587.080845980581,4
2026-05-08 21:00:00,2026-05-08 17:00:00,Ridge,15442.003,15547.468290186596,4
2026-05-08 22:00:00,2026-05-08 18:00:00,Ridge,15306.056,15613.03100713181,4
2026-05-08 23:00:00,2026-05-08 19:00:00,Ridge,15332.143,15702.380669439135,4
2026-05-09 00:00:00,2026-05-08 20:00:00,Ridge,15332.718,15875.492087280585,4
2026-05-09 01:00:00,2026-05-08 21:00:00,Ridge,15335.916,15815.446457514132,4
2026-05-09 02:00:00,2026-05-08 22:00:00,Ridge,14766.416000000001,15198.192730097906,4
2026-05-09 03:00:00,2026-05-08 23:00:00,Ridge,14191.631000000001,14719.927059188862,4
2026-05-09 04:00:00,2026-05-09 00:00:00,Ridge,13651.901999999998,14177.172663382982,4
2026-05-09 05:00:00,2026-05-09 01:00:00,Ridge,13394.878,13920.054521547161,4
2026-05-09 06:00:00,2026-05-09 02:00:00,Ridge,13238.876,13838.815517664467,4
2026-05-09 07:00:00,2026-05-09 03:00:00,Ridge,13240.611,13831.451757353174,4
2026-05-09 08:00:00,2026-05-09 04:00:00,Ridge,13265.65,14254.174662251584,4
2026-05-09 09:00:00,2026-05-09 05:00:00,Ridge,13474.656,14868.780814759635,4
2026-05-09 10:00:00,2026-05-09 06:00:00,Ridge,13677.313,15730.929921025789,4
2026-05-09 11:00:00,2026-05-09 07:00:00,Ridge,14168.789,16072.665642703105,4
2026-05-09 12:00:00,2026-05-09 08:00:00,Ridge,14466.109,16108.592561268159,4
2026-05-09 13:00:00,2026-05-09 09:00:00,Ridge,14569.780999999999,15932.433704857862,4
2026-05-09 14:00:00,2026-05-09 10:00:00,Ridge,14591.706,15785.125126102244,4
2026-05-09 15:00:00,2026-05-09 11:00:00,Ridge,14589.130000000001,15634.577484075298,4
2026-05-09 16:00:00,2026-05-09 12:00:00,Ridge,14544.777,15628.180346596144,4
2026-05-09 17:00:00,2026-05-09 13:00:00,Ridge,14460.935,15627.898226538427,4
2026-05-09 18:00:00,2026-05-09 14:00:00,Ridge,14460.423999999999,15381.925005458794,4
2026-05-09 19:00:00,2026-05-09 15:00:00,Ridge,14511.403,15372.17759616365,4
2026-05-09 20:00:00,2026-05-09 16:00:00,Ridge,14703.82,15386.885830852227,4
2026-05-09 21:00:00,2026-05-09 17:00:00,Ridge,14821.193,15398.762495400697,4
2026-05-09 22:00:00,2026-05-09 18:00:00,Ridge,14996.072,15278.805654098422,4
2026-05-09 23:00:00,2026-05-09 19:00:00,Ridge,14956.93,15324.551157718013,4
2026-05-10 00:00:00,2026-05-09 20:00:00,Ridge,14925.65,15334.596978817566,4
2026-05-10 01:00:00,2026-05-09 21:00:00,Ridge,14780.477,15320.478579578175,4
2026-05-10 02:00:00,2026-05-09 22:00:00,Ridge,14307.11,14709.667453724376,4
2026-05-10 03:00:00,2026-05-09 23:00:00,Ridge,13753.418,14106.65844856418,4
2026-05-10 04:00:00,2026-05-10 00:00:00,Ridge,13226.037,14028.82153273331,4
2026-05-10 05:00:00,2026-05-10 01:00:00,Ridge,12908.773000000001,13804.656870585037,4
2026-05-10 06:00:00,2026-05-10 02:00:00,Ridge,12730.255000000001,13679.076983556857,4
2026-05-10 07:00:00,2026-05-10 03:00:00,Ridge,12632.416000000001,13696.305580168228,4
2026-05-10 08:00:00,2026-05-10 04:00:00,Ridge,12579.805,13746.775968464342,4
2026-05-10 09:00:00,2026-05-10 05:00:00,Ridge,12720.249,13990.187575746253,4
2026-05-10 10:00:00,2026-05-10 06:00:00,Ridge,12828.205999999998,14292.754889591273,4
2026-05-10 11:00:00,2026-05-10 07:00:00,Ridge,13209.018,14793.377151663723,4
2026-05-10 12:00:00,2026-05-10 08:00:00,Ridge,13532.789,15072.492337655487,4
2026-05-10 13:00:00,2026-05-10 09:00:00,Ridge,13717.207999999999,15155.293371737589,4
2026-05-10 14:00:00,2026-05-10 10:00:00,Ridge,13633.8,15192.498144271873,4
2026-05-10 15:00:00,2026-05-10 11:00:00,Ridge,13820.132,15194.90926464341,4
2026-05-10 16:00:00,2026-05-10 12:00:00,Ridge,13971.106,15157.912745260968,4
2026-05-10 17:00:00,2026-05-10 13:00:00,Ridge,14068.241,15074.299209281857,4
2026-05-10 18:00:00,2026-05-10 14:00:00,Ridge,14262.8,15103.438494480903,4
2026-05-10 19:00:00,2026-05-10 15:00:00,Ridge,14468.255,15147.711695758644,4
2026-05-10 20:00:00,2026-05-10 16:00:00,Ridge,14738.391,15333.738673822812,4
2026-05-10 21:00:00,2026-05-10 17:00:00,Ridge,14852.339,15427.76375577311,4
2026-05-10 22:00:00,2026-05-10 18:00:00,Ridge,14995.07,15607.036608375864,4
2026-05-10 23:00:00,2026-05-10 19:00:00,Ridge,14997.628,15572.95113203951,4
2026-05-11 00:00:00,2026-05-10 20:00:00,Ridge,15081.821,15592.061282425659,4
2026-05-11 01:00:00,2026-05-10 21:00:00,Ridge,15123.602,15460.682364500999,4
2026-05-11 02:00:00,2026-05-10 22:00:00,Ridge,14615.237000000001,14962.728897590638,4
2026-05-11 03:00:00,2026-05-10 23:00:00,Ridge,14006.354,14432.641019367537,4
2026-05-11 04:00:00,2026-05-11 00:00:00,Ridge,13418.91,14806.427467563914,4
2026-05-11 05:00:00,2026-05-11 01:00:00,Ridge,13244.563999999998,14517.936331473393,4
2026-05-11 06:00:00,2026-05-11 02:00:00,Ridge,13091.168,14371.035520949168,4
2026-05-11 07:00:00,2026-05-11 03:00:00,Ridge,13068.548,14293.14373199322,4
2026-05-11 08:00:00,2026-05-11 04:00:00,Ridge,13285.221,14332.316305252603,4
2026-05-11 09:00:00,2026-05-11 05:00:00,Ridge,14042.449,14575.84670082077,4
2026-05-11 10:00:00,2026-05-11 06:00:00,Ridge,14959.912,14820.349727095678,4
2026-05-11 11:00:00,2026-05-11 07:00:00,Ridge,15389.826000000001,15215.97653373301,4
2026-05-11 12:00:00,2026-05-11 08:00:00,Ridge,15709.748,15479.468676575925,4
2026-05-11 13:00:00,2026-05-11 09:00:00,Ridge,15723.511,15585.921190660682,4
2026-05-11 14:00:00,2026-05-11 10:00:00,Ridge,15913.114,15473.321625946493,4
2026-05-11 15:00:00,2026-05-11 11:00:00,Ridge,15872.447,15635.435285992357,4
2026-05-11 16:00:00,2026-05-11 12:00:00,Ridge,15961.122,15759.244123987279,4
2026-05-11 17:00:00,2026-05-11 13:00:00,Ridge,16054.518,15848.58541795189,4
2026-05-11 18:00:00,2026-05-11 14:00:00,Ridge,15960.104,15982.920544760625,4
2026-05-11 19:00:00,2026-05-11 15:00:00,Ridge,15823.508,16156.951187001592,4
2026-05-11 20:00:00,2026-05-11 16:00:00,Ridge,15823.856,16388.10773194897,4
2026-05-11 21:00:00,2026-05-11 17:00:00,Ridge,15849.262,16461.84343815942,4
2026-05-11 22:00:00,2026-05-11 18:00:00,Ridge,15792.392,16553.493437666966,4
2026-05-11 23:00:00,2026-05-11 19:00:00,Ridge,15863.164,16552.795236505022,4
2026-05-12 00:00:00,2026-05-11 20:00:00,Ridge,15867.518,16631.691698802653,4
2026-05-12 01:00:00,2026-05-11 21:00:00,Ridge,15857.759,16667.517827954296,4
2026-05-12 02:00:00,2026-05-11 22:00:00,Ridge,15185.327000000001,16108.108811803717,4
2026-05-12 03:00:00,2026-05-11 23:00:00,Ridge,14572.462,15507.25943940778,4
2026-05-12 04:00:00,2026-05-12 00:00:00,Ridge,13984.166,13966.278868536017,4
2026-05-12 05:00:00,2026-05-12 01:00:00,Ridge,13721.087,13818.971938982517,4
2026-05-12 06:00:00,2026-05-12 02:00:00,Ridge,13638.875,13665.657775869679,4
2026-05-12 07:00:00,2026-05-12 03:00:00,Ridge,13683.84,13657.102384013378,4
2026-05-12 08:00:00,2026-05-12 04:00:00,Ridge,14049.116000000002,13860.46246769549,4
2026-05-12 09:00:00,2026-05-12 05:00:00,Ridge,14614.994999999999,14564.671684032712,4
2026-05-12 10:00:00,2026-05-12 06:00:00,Ridge,15489.111,15366.828347473158,4
2026-05-12 11:00:00,2026-05-12 07:00:00,Ridge,16069.462,15744.124917974514,4
2026-05-12 12:00:00,2026-05-12 08:00:00,Ridge,15947.083999999999,16031.523203952323,4
2026-05-12 13:00:00,2026-05-12 09:00:00,Ridge,15828.159,16020.765382720283,4
2026-05-12 14:00:00,2026-05-12 10:00:00,Ridge,15736.228,16200.049972988561,4
2026-05-12 15:00:00,2026-05-12 11:00:00,Ridge,15654.256000000001,16134.238936623293,4
2026-05-12 16:00:00,2026-05-12 12:00:00,Ridge,15698.464,16203.9045516415,4
2026-05-12 17:00:00,2026-05-12 13:00:00,Ridge,15747.754,16262.43758039923,4
2026-05-12 18:00:00,2026-05-12 14:00:00,Ridge,15796.954000000002,16158.730467072208,4
2026-05-12 19:00:00,2026-05-12 15:00:00,Ridge,15835.810000000001,16042.896728721971,4
2026-05-12 20:00:00,2026-05-12 16:00:00,Ridge,16013.749,16080.273262744136,4
2026-05-12 21:00:00,2026-05-12 17:00:00,Ridge,16201.613,16121.873893476299,4
2026-05-12 22:00:00,2026-05-12 18:00:00,Ridge,16230.229000000001,16093.289089484213,4
2026-05-12 23:00:00,2026-05-12 19:00:00,Ridge,16257.307,16154.904135597537,4
2026-05-13 00:00:00,2026-05-12 20:00:00,Ridge,16253.453,16138.68547843614,4
2026-05-13 01:00:00,2026-05-12 21:00:00,Ridge,16158.894,16094.237117024735,4
2026-05-13 02:00:00,2026-05-12 22:00:00,Ridge,15483.16,15407.09071643568,4
2026-05-13 03:00:00,2026-05-12 23:00:00,Ridge,14744.173999999999,14823.408685767083,4
2026-05-13 04:00:00,2026-05-13 00:00:00,Ridge,14061.914,14508.161824163419,4
2026-05-13 05:00:00,2026-05-13 01:00:00,Ridge,13754.417,14259.690667712235,4
2026-05-13 06:00:00,2026-05-13 02:00:00,Ridge,13536.116,14174.386743650946,4
2026-05-13 07:00:00,2026-05-13 03:00:00,Ridge,13555.275,14199.095487679186,4
2026-05-13 08:00:00,2026-05-13 04:00:00,Ridge,13779.05,14504.501057534906,4
2026-05-13 09:00:00,2026-05-13 05:00:00,Ridge,14220.848,14974.662751402837,4
2026-05-13 10:00:00,2026-05-13 06:00:00,Ridge,15096.453000000001,15698.176296727574,4
2026-05-13 11:00:00,2026-05-13 07:00:00,Ridge,15589.915,16202.22784937553,4
2026-05-13 12:00:00,2026-05-13 08:00:00,Ridge,15710.751,16083.411071753704,4
2026-05-13 13:00:00,2026-05-13 09:00:00,Ridge,15745.463,16024.158415571714,4
2026-05-13 14:00:00,2026-05-13 10:00:00,Ridge,15934.373,15932.913756948805,4
2026-05-13 15:00:00,2026-05-13 11:00:00,Ridge,15925.576000000001,15913.58912792306,4
2026-05-13 16:00:00,2026-05-13 12:00:00,Ridge,15983.279,15997.436089924424,4
2026-05-13 17:00:00,2026-05-13 13:00:00,Ridge,16056.402000000002,16065.150860568578,4
2026-05-13 18:00:00,2026-05-13 14:00:00,Ridge,15985.328,16160.091999493136,4
2026-05-13 19:00:00,2026-05-13 15:00:00,Ridge,15954.14,16248.187339167453,4
2026-05-13 20:00:00,2026-05-13 16:00:00,Ridge,16093.355,16467.892072867788,4
2026-05-13 21:00:00,2026-05-13 17:00:00,Ridge,16118.512999999999,16650.92712956206,4
2026-05-13 22:00:00,2026-05-13 18:00:00,Ridge,16063.737000000001,16693.319374959203,4
2026-05-13 23:00:00,2026-05-13 19:00:00,Ridge,15973.382000000001,16712.903023273837,4
2026-05-14 00:00:00,2026-05-13 20:00:00,Ridge,15848.170999999998,16720.760090482912,4
2026-05-14 01:00:00,2026-05-13 21:00:00,Ridge,15824.741,16638.68865446567,4
2026-05-14 02:00:00,2026-05-13 22:00:00,Ridge,15200.917,15959.727872952197,4
2026-05-14 03:00:00,2026-05-13 23:00:00,Ridge,14574.371,15251.033978702553,4
2026-05-14 04:00:00,2026-05-14 00:00:00,Ridge,13970.594000000001,14289.263737319561,4
2026-05-14 05:00:00,2026-05-14 01:00:00,Ridge,13697.506000000001,14040.909994480098,4
2026-05-14 06:00:00,2026-05-14 02:00:00,Ridge,13524.282,13835.905042629809,4
2026-05-14 07:00:00,2026-05-14 03:00:00,Ridge,13570.693,13860.709329194784,4
2026-05-14 08:00:00,2026-05-14 04:00:00,Ridge,13800.374,14082.195100472934,4
2026-05-14 09:00:00,2026-05-14 05:00:00,Ridge,14395.421999999999,14579.596639662626,4
2026-05-14 10:00:00,2026-05-14 06:00:00,Ridge,15317.668,15473.994764654995,4
2026-05-14 11:00:00,2026-05-14 07:00:00,Ridge,15784.695,15904.69598673179,4
2026-05-14 12:00:00,2026-05-14 08:00:00,Ridge,15803.464,16044.637783018627,4
2026-05-14 13:00:00,2026-05-14 09:00:00,Ridge,15837.239,16081.951383261869,4
2026-05-14 14:00:00,2026-05-14 10:00:00,Ridge,15837.150000000001,16301.322018522636,4
2026-05-14 15:00:00,2026-05-14 11:00:00,Ridge,15808.829,16281.77954530876,4
2026-05-14 16:00:00,2026-05-14 12:00:00,Ridge,15818.589,16359.510672749682,4
2026-05-14 17:00:00,2026-05-14 13:00:00,Ridge,15882.992999999999,16446.502127112322,4
2026-05-14 18:00:00,2026-05-14 14:00:00,Ridge,15727.614,16364.203459956438,4
2026-05-14 19:00:00,2026-05-14 15:00:00,Ridge,15652.159,16323.819903152415,4
2026-05-14 20:00:00,2026-05-14 16:00:00,Ridge,15544.222000000002,16454.119004307653,4
2026-05-14 21:00:00,2026-05-14 17:00:00,Ridge,15633.898000000001,16467.082624246093,4
2026-05-14 22:00:00,2026-05-14 18:00:00,Ridge,15693.295,16408.09409209608,4
2026-05-14 23:00:00,2026-05-14 19:00:00,Ridge,15668.112000000001,16345.768418712434,4
2026-05-15 00:00:00,2026-05-14 20:00:00,Ridge,15812.042000000001,16241.880802309908,4
2026-05-15 01:00:00,2026-05-14 21:00:00,Ridge,15937.124,16234.841172997454,4
2026-05-15 02:00:00,2026-05-14 22:00:00,Ridge,15389.418000000001,15569.488292288157,4
2026-05-15 03:00:00,2026-05-14 23:00:00,Ridge,14875.266,14967.551701234193,4
2026-05-15 04:00:00,2026-05-15 00:00:00,Ridge,14439.317000000001,13895.101113405988,4
2026-05-15 05:00:00,2026-05-15 01:00:00,Ridge,14124.059000000001,13657.561534567067,4
2026-05-15 06:00:00,2026-05-15 02:00:00,Ridge,14035.245,13511.869226317882,4
2026-05-15 07:00:00,2026-05-15 03:00:00,Ridge,14133.628,13571.588895879373,4
2026-05-15 08:00:00,2026-05-15 04:00:00,Ridge,14336.936000000002,13831.134370211485,4
2026-05-15 09:00:00,2026-05-15 05:00:00,Ridge,15010.472,14438.72769474359,4
2026-05-15 10:00:00,2026-05-15 06:00:00,Ridge,15823.706,15351.450610612725,4
2026-05-15 11:00:00,2026-05-15 07:00:00,Ridge,16254.405999999999,15782.937261651252,4
2026-05-15 12:00:00,2026-05-15 08:00:00,Ridge,16070.312999999998,15732.650474017963,4
2026-05-15 13:00:00,2026-05-15 09:00:00,Ridge,15988.975,15743.897567643653,4
2026-05-15 14:00:00,2026-05-15 10:00:00,Ridge,15827.961,15722.102443624608,4
2026-05-15 15:00:00,2026-05-15 11:00:00,Ridge,15647.379,15691.788187579143,4
2026-05-15 16:00:00,2026-05-15 12:00:00,Ridge,15524.297999999999,15720.483627290461,4
2026-05-15 17:00:00,2026-05-15 13:00:00,Ridge,15549.607,15796.860538095527,4
2026-05-15 18:00:00,2026-05-15 14:00:00,Ridge,15515.348000000002,15673.53784130173,4
2026-05-15 19:00:00,2026-05-15 15:00:00,Ridge,15448.19,15638.89308981737,4
2026-05-15 20:00:00,2026-05-15 16:00:00,Ridge,15523.639,15583.729293816687,4
2026-05-15 21:00:00,2026-05-15 17:00:00,Ridge,15448.855,15720.135019663969,4
2026-05-15 22:00:00,2026-05-15 18:00:00,Ridge,15498.018,15782.769789496415,4
2026-05-15 23:00:00,2026-05-15 19:00:00,Ridge,15356.940999999999,15768.880970226413,4
2026-05-16 00:00:00,2026-05-15 20:00:00,Ridge,15322.036,15911.003525014517,4
2026-05-16 01:00:00,2026-05-15 21:00:00,Ridge,15328.719000000001,15994.823119868583,4
2026-05-16 02:00:00,2026-05-15 22:00:00,Ridge,14815.035,15380.834263768194,4
2026-05-16 03:00:00,2026-05-15 23:00:00,Ridge,14160.796,14844.208576990672,4
2026-05-16 04:00:00,2026-05-16 00:00:00,Ridge,13654.728000000001,14231.35396805087,4
2026-05-16 05:00:00,2026-05-16 01:00:00,Ridge,13910.190999999999,13928.447636409599,4
2026-05-16 06:00:00,2026-05-16 02:00:00,Ridge,13743.295,13835.354757779747,4
2026-05-16 07:00:00,2026-05-16 03:00:00,Ridge,13594.355,13928.281078413109,4
2026-05-16 08:00:00,2026-05-16 04:00:00,Ridge,13549.603,14131.089526166765,4
2026-05-16 09:00:00,2026-05-16 05:00:00,Ridge,13806.851999999999,14780.607144613106,4
2026-05-16 10:00:00,2026-05-16 06:00:00,Ridge,13965.567,15581.810922154258,4
2026-05-16 11:00:00,2026-05-16 07:00:00,Ridge,14313.546999999999,15972.891987848976,4
2026-05-16 12:00:00,2026-05-16 08:00:00,Ridge,14609.174,15788.869090837132,4
2026-05-16 13:00:00,2026-05-16 09:00:00,Ridge,14973.328,15740.312509163748,4
2026-05-16 14:00:00,2026-05-16 10:00:00,Ridge,15249.442,15642.533937997898,4
2026-05-16 15:00:00,2026-05-16 11:00:00,Ridge,15489.61,15500.48672355009,4
2026-05-16 16:00:00,2026-05-16 12:00:00,Ridge,15502.616,15425.397316519757,4
2026-05-16 17:00:00,2026-05-16 13:00:00,Ridge,15706.983,15482.943484591915,4
2026-05-16 18:00:00,2026-05-16 14:00:00,Ridge,15712.418000000001,15456.526900500681,4
2026-05-16 19:00:00,2026-05-16 15:00:00,Ridge,16003.528,15407.291983404997,4
2026-05-16 20:00:00,2026-05-16 16:00:00,Ridge,16249.946,15524.285028094366,4
2026-05-16 21:00:00,2026-05-16 17:00:00,Ridge,16343.002,15456.485905819809,4
2026-05-16 22:00:00,2026-05-16 18:00:00,Ridge,16426.008,15501.198586579332,4
2026-05-16 23:00:00,2026-05-16 19:00:00,Ridge,16365.975999999999,15355.372169604574,4
2026-05-17 00:00:00,2026-05-16 20:00:00,Ridge,16250.012,15307.181017985993,4
2026-05-17 01:00:00,2026-05-16 21:00:00,Ridge,16185.167,15306.604111738328,4
2026-05-17 02:00:00,2026-05-16 22:00:00,Ridge,15703.897,14743.512595499287,4
2026-05-17 03:00:00,2026-05-16 23:00:00,Ridge,15030.801,14092.694515051633,4
2026-05-17 04:00:00,2026-05-17 00:00:00,Ridge,14367.789,14028.732065020853,4
2026-05-17 05:00:00,2026-05-17 01:00:00,Ridge,13449.081999999999,14268.245277923887,4
2026-05-17 06:00:00,2026-05-17 02:00:00,Ridge,13155.619999999999,14056.368004526088,4
2026-05-17 07:00:00,2026-05-17 03:00:00,Ridge,13000.993,13931.539439377328,4
2026-05-17 08:00:00,2026-05-17 04:00:00,Ridge,12969.742,13932.585388613672,4
2026-05-17 09:00:00,2026-05-17 05:00:00,Ridge,12988.881,14249.742264144075,4
2026-05-17 10:00:00,2026-05-17 06:00:00,Ridge,13031.8,14508.856160132957,4
2026-05-17 11:00:00,2026-05-17 07:00:00,Ridge,13398.96,14891.468216749214,4
2026-05-17 12:00:00,2026-05-17 08:00:00,Ridge,14003.307,15159.075710522537,4
2026-05-17 13:00:00,2026-05-17 09:00:00,Ridge,14431.776,15491.928873063946,4
2026-05-17 14:00:00,2026-05-17 10:00:00,Ridge,15092.458999999999,15734.770086966451,4
2026-05-17 15:00:00,2026-05-17 11:00:00,Ridge,15699.298999999999,15947.297010104985,4
2026-05-17 16:00:00,2026-05-17 12:00:00,Ridge,16385.348,15957.575261954453,4
2026-05-17 17:00:00,2026-05-17 13:00:00,Ridge,16981.521,16166.39175234235,4
2026-05-17 18:00:00,2026-05-17 14:00:00,Ridge,17515.970999999998,16135.95126270716,4
2026-05-17 19:00:00,2026-05-17 15:00:00,Ridge,17842.276,16401.16916308874,4
2026-05-17 20:00:00,2026-05-17 16:00:00,Ridge,18366.163,16583.486084541015,4
2026-05-17 21:00:00,2026-05-17 17:00:00,Ridge,18913.199,16670.963380760088,4
2026-05-17 22:00:00,2026-05-17 18:00:00,Ridge,19090.146,16747.87944820214,4
2026-05-17 23:00:00,2026-05-17 19:00:00,Ridge,19057.047,16685.67723259952,4
2026-05-18 00:00:00,2026-05-17 20:00:00,Ridge,18479.754999999997,16608.771758051793,4
2026-05-18 01:00:00,2026-05-17 21:00:00,Ridge,18201.468,16576.416041393437,4
2026-05-18 02:00:00,2026-05-17 22:00:00,Ridge,17275.343,16055.828532316955,4
2026-05-18 03:00:00,2026-05-17 23:00:00,Ridge,16253.737,15408.559960018181,4
2026-05-18 04:00:00,2026-05-18 00:00:00,Ridge,15366.901,15651.746592172482,4
2026-05-18 05:00:00,2026-05-18 01:00:00,Ridge,14840.693,14782.466234393132,4
2026-05-18 06:00:00,2026-05-18 02:00:00,Ridge,14362.468,14580.232406268475,4
2026-05-18 07:00:00,2026-05-18 03:00:00,Ridge,14224.239000000001,14485.72568630289,4
2026-05-18 08:00:00,2026-05-18 04:00:00,Ridge,14330.871,14508.138659138183,4
2026-05-18 09:00:00,2026-05-18 05:00:00,Ridge,14795.534,14640.15899607388,4
2026-05-18 10:00:00,2026-05-18 06:00:00,Ridge,15569.418,14823.942150884297,4
2026-05-18 11:00:00,2026-05-18 07:00:00,Ridge,16240.156,15225.572346037392,4
2026-05-18 12:00:00,2026-05-18 08:00:00,Ridge,16800.676,15706.696572851582,4
2026-05-18 13:00:00,2026-05-18 09:00:00,Ridge,17509.604,16021.84013666741,4
2026-05-18 14:00:00,2026-05-18 10:00:00,Ridge,18367.105,16557.514606864934,4
2026-05-18 15:00:00,2026-05-18 11:00:00,Ridge,19023.042,17020.73415188176,4
2026-05-18 16:00:00,2026-05-18 12:00:00,Ridge,19724.324,17582.18771085606,4
2026-05-18 17:00:00,2026-05-18 13:00:00,Ridge,20406.539,18068.451734143426,4
2026-05-18 18:00:00,2026-05-18 14:00:00,Ridge,20828.725,18502.238754662052,4
2026-05-18 19:00:00,2026-05-18 15:00:00,Ridge,21005.889,18726.131342710672,4
2026-05-18 20:00:00,2026-05-18 16:00:00,Ridge,21232.111,19176.827763624446,4
2026-05-18 21:00:00,2026-05-18 17:00:00,Ridge,21224.629,19607.065269154686,4
2026-05-18 22:00:00,2026-05-18 18:00:00,Ridge,20906.669,19714.909887892063,4
2026-05-18 23:00:00,2026-05-18 19:00:00,Ridge,20413.705,19632.059986250715,4
2026-05-19 00:00:00,2026-05-18 20:00:00,Ridge,19879.371,19089.397472465644,4
2026-05-19 01:00:00,2026-05-18 21:00:00,Ridge,19168.843,18875.91544129978,4
2026-05-19 02:00:00,2026-05-18 22:00:00,Ridge,18039.659,17964.084794229082,4
2026-05-19 03:00:00,2026-05-18 23:00:00,Ridge,16926.587,17006.992421345916,4
2026-05-19 04:00:00,2026-05-19 00:00:00,Ridge,16056.874,15237.198417623116,4
2026-05-19 05:00:00,2026-05-19 01:00:00,Ridge,15559.948,14917.466664838186,4
2026-05-19 06:00:00,2026-05-19 02:00:00,Ridge,15018.384000000002,14497.157442647698,4
2026-05-19 07:00:00,2026-05-19 03:00:00,Ridge,14913.353,14383.256356903317,4
2026-05-19 08:00:00,2026-05-19 04:00:00,Ridge,14924.749,14479.039785779776,4
2026-05-19 09:00:00,2026-05-19 05:00:00,Ridge,15437.368999999999,14938.103588308442,4
2026-05-19 10:00:00,2026-05-19 06:00:00,Ridge,15940.081000000002,15630.802472976327,4
2026-05-19 11:00:00,2026-05-19 07:00:00,Ridge,16601.854,16218.85968658162,4
2026-05-19 12:00:00,2026-05-19 08:00:00,Ridge,17060.674,16692.770920440467,4
2026-05-19 13:00:00,2026-05-19 09:00:00,Ridge,17690.234,17336.326894765854,4
2026-05-19 14:00:00,2026-05-19 10:00:00,Ridge,18337.165,18073.753828460714,4
2026-05-19 15:00:00,2026-05-19 11:00:00,Ridge,19164.374000000003,18607.920592222,4
2026-05-19 16:00:00,2026-05-19 12:00:00,Ridge,19917.760000000002,19154.391803825496,4
2026-05-19 17:00:00,2026-05-19 13:00:00,Ridge,20639.631999999998,19718.947019346575,4
2026-05-19 18:00:00,2026-05-19 14:00:00,Ridge,21034.016,20011.03366298532,4
2026-05-19 19:00:00,2026-05-19 15:00:00,Ridge,21427.475,20165.23482753562,4
2026-05-19 20:00:00,2026-05-19 16:00:00,Ridge,21599.614999999998,20367.435229353705,4
2026-05-19 21:00:00,2026-05-19 17:00:00,Ridge,21541.665999999997,20320.689952776185,4
2026-05-19 22:00:00,2026-05-19 18:00:00,Ridge,21369.599000000002,20027.700391856128,4
2026-05-19 23:00:00,2026-05-19 19:00:00,Ridge,20966.97,19586.195791905673,4
2026-05-20 00:00:00,2026-05-19 20:00:00,Ridge,20332.685,19139.717342095533,4
2026-05-20 01:00:00,2026-05-19 21:00:00,Ridge,19468.311999999998,18527.50631440311,4
2026-05-20 02:00:00,2026-05-19 22:00:00,Ridge,18087.554,17501.60214140577,4
2026-05-20 03:00:00,2026-05-19 23:00:00,Ridge,16969.538,16496.466307709492,4
2026-05-20 04:00:00,2026-05-20 00:00:00,Ridge,16098.789,15956.253694268935,4
2026-05-20 05:00:00,2026-05-20 01:00:00,Ridge,15477.048999999999,15422.581670468839,4
2026-05-20 06:00:00,2026-05-20 02:00:00,Ridge,15028.842,14929.69374778883,4
2026-05-20 07:00:00,2026-05-20 03:00:00,Ridge,14821.056,14852.010550627818,4
2026-05-20 08:00:00,2026-05-20 04:00:00,Ridge,14797.772,14854.129143678147,4
2026-05-20 09:00:00,2026-05-20 05:00:00,Ridge,15151.003,15300.00857147221,4
2026-05-20 10:00:00,2026-05-20 06:00:00,Ridge,15804.862000000001,15682.089809393232,4
2026-05-20 11:00:00,2026-05-20 07:00:00,Ridge,16427.981,16280.863424070376,4
2026-05-20 12:00:00,2026-05-20 08:00:00,Ridge,16742.257,16731.298817601702,4
2026-05-20 13:00:00,2026-05-20 09:00:00,Ridge,16924.058,17318.80736455756,4
2026-05-20 14:00:00,2026-05-20 10:00:00,Ridge,17287.997,17945.359212377334,4
2026-05-20 15:00:00,2026-05-20 11:00:00,Ridge,17551.527000000002,18738.701461252946,4
2026-05-20 16:00:00,2026-05-20 12:00:00,Ridge,17837.022,19460.784199431164,4
2026-05-20 17:00:00,2026-05-20 13:00:00,Ridge,17984.89,20144.640311897736,4
2026-05-20 18:00:00,2026-05-20 14:00:00,Ridge,18022.199,20531.547356161576,4
2026-05-20 19:00:00,2026-05-20 15:00:00,Ridge,17974.057,20919.106307069018,4
2026-05-20 20:00:00,2026-05-20 16:00:00,Ridge,17949.301,21135.602301936146,4
2026-05-20 21:00:00,2026-05-20 17:00:00,Ridge,17877.603,21175.120569133007,4
2026-05-20 22:00:00,2026-05-20 18:00:00,Ridge,17546.475,21074.518913782293,4
2026-05-20 23:00:00,2026-05-20 19:00:00,Ridge,17389.318,20738.66682442749,4
2026-05-21 00:00:00,2026-05-20 20:00:00,Ridge,17177.069,20107.899236545403,4
2026-05-21 01:00:00,2026-05-20 21:00:00,Ridge,16845.46,19349.78929664097,4
2026-05-21 02:00:00,2026-05-20 22:00:00,Ridge,16089.385999999999,18036.1576395974,4
2026-05-21 03:00:00,2026-05-20 23:00:00,Ridge,15248.609,16990.91261359041,4
2026-05-21 04:00:00,2026-05-21 00:00:00,Ridge,14551.022,15848.324186193258,4
2026-05-21 05:00:00,2026-05-21 01:00:00,Ridge,14001.581,15273.71501149671,4
2026-05-21 06:00:00,2026-05-21 02:00:00,Ridge,13780.04,14848.637774749126,4
2026-05-21 07:00:00,2026-05-21 03:00:00,Ridge,13698.391,14670.791867143944,4
2026-05-21 08:00:00,2026-05-21 04:00:00,Ridge,13815.633,14682.887641209893,4
2026-05-21 09:00:00,2026-05-21 05:00:00,Ridge,14357.423999999999,15068.033990381076,4
2026-05-21 10:00:00,2026-05-21 06:00:00,Ridge,15185.998,15757.713348523896,4
2026-05-21 11:00:00,2026-05-21 07:00:00,Ridge,15706.941,16366.561794186644,4
2026-05-21 12:00:00,2026-05-21 08:00:00,Ridge,15883.082999999999,16686.390381205932,4
2026-05-21 13:00:00,2026-05-21 09:00:00,Ridge,16089.088,16933.852734842076,4
2026-05-21 14:00:00,2026-05-21 10:00:00,Ridge,16169.517,17391.710564496287,4
2026-05-21 15:00:00,2026-05-21 11:00:00,Ridge,16340.232,17697.20151329912,4
2026-05-21 16:00:00,2026-05-21 12:00:00,Ridge,16417.309,18048.420840004997,4
2026-05-21 17:00:00,2026-05-21 13:00:00,Ridge,16530.429,18272.710115754162,4
2026-05-21 18:00:00,2026-05-21 14:00:00,Ridge,16487.131999999998,18378.70849675743,4
2026-05-21 19:00:00,2026-05-21 15:00:00,Ridge,16457.779,18372.01705289025,4
2026-05-21 20:00:00,2026-05-21 16:00:00,Ridge,16340.586,18416.671313082745,4
2026-05-21 21:00:00,2026-05-21 17:00:00,Ridge,16378.843,18383.911207791207,4
2026-05-21 22:00:00,2026-05-21 18:00:00,Ridge,16314.177,18063.16427945564,4
2026-05-21 23:00:00,2026-05-21 19:00:00,Ridge,16244.255000000001,17903.242228712013,4
2026-05-22 00:00:00,2026-05-21 20:00:00,Ridge,16187.626,17677.499282084522,4
2026-05-22 01:00:00,2026-05-21 21:00:00,Ridge,16128.594000000001,17319.784178263937,4
2026-05-22 02:00:00,2026-05-21 22:00:00,Ridge,15392.167000000001,16522.185717858923,4
2026-05-22 03:00:00,2026-05-21 23:00:00,Ridge,14721.516,15667.204758314245,4
2026-05-22 04:00:00,2026-05-22 00:00:00,Ridge,14133.029,14488.907336425174,4
2026-05-22 05:00:00,2026-05-22 01:00:00,Ridge,13757.128,13981.168154813065,4
2026-05-22 06:00:00,2026-05-22 02:00:00,Ridge,13521.667,13744.77412901138,4
2026-05-22 07:00:00,2026-05-22 03:00:00,Ridge,13395.223,13677.632055692779,4
2026-05-22 08:00:00,2026-05-22 04:00:00,Ridge,13562.845,13794.68588320552,4
2026-05-22 09:00:00,2026-05-22 05:00:00,Ridge,14034.466,14361.233734726566,4
2026-05-22 10:00:00,2026-05-22 06:00:00,Ridge,14691.056,15138.454216866327,4
2026-05-22 11:00:00,2026-05-22 07:00:00,Ridge,15340.875,15640.75781327591,4
2026-05-22 12:00:00,2026-05-22 08:00:00,Ridge,15753.986,15834.299224755212,4
2026-05-22 13:00:00,2026-05-22 09:00:00,Ridge,15889.026,16127.641059767615,4
2026-05-22 14:00:00,2026-05-22 10:00:00,Ridge,16167.727,16298.99409337257,4
2026-05-22 15:00:00,2026-05-22 11:00:00,Ridge,16265.21,16606.574466003964,4
2026-05-22 16:00:00,2026-05-22 12:00:00,Ridge,16295.813999999998,16806.912113679304,4
2026-05-22 17:00:00,2026-05-22 13:00:00,Ridge,16247.227,17051.59767186691,4
2026-05-22 18:00:00,2026-05-22 14:00:00,Ridge,16192.085,17093.78198248017,4
2026-05-22 19:00:00,2026-05-22 15:00:00,Ridge,16134.629,17166.660930089736,4
2026-05-22 20:00:00,2026-05-22 16:00:00,Ridge,15994.99,17113.78737821195,4
2026-05-22 21:00:00,2026-05-22 17:00:00,Ridge,16054.662,17169.57249203413,4
2026-05-22 22:00:00,2026-05-22 18:00:00,Ridge,15860.557,17105.573403047623,4
2026-05-22 23:00:00,2026-05-22 19:00:00,Ridge,15779.162,16989.92100882797,4
2026-05-23 00:00:00,2026-05-22 20:00:00,Ridge,15708.131,16843.186047169325,4
2026-05-23 01:00:00,2026-05-22 21:00:00,Ridge,15600.861,16652.37810777524,4
2026-05-23 02:00:00,2026-05-22 22:00:00,Ridge,15003.827000000001,15759.85574036984,4
2026-05-23 03:00:00,2026-05-22 23:00:00,Ridge,14362.31,15039.42233870616,4
2026-05-23 04:00:00,2026-05-23 00:00:00,Ridge,13875.607,14272.041893040847,4
2026-05-23 05:00:00,2026-05-23 01:00:00,Ridge,13529.565999999999,13884.836890807333,4
2026-05-23 06:00:00,2026-05-23 02:00:00,Ridge,13262.012999999999,13622.893989037948,4
2026-05-23 07:00:00,2026-05-23 03:00:00,Ridge,13078.787,13487.337227793825,4
2026-05-23 08:00:00,2026-05-23 04:00:00,Ridge,13095.632,13638.601066666626,4
2026-05-23 09:00:00,2026-05-23 05:00:00,Ridge,13318.751,14093.662566850744,4
2026-05-23 10:00:00,2026-05-23 06:00:00,Ridge,13398.373,14736.149485485246,4
2026-05-23 11:00:00,2026-05-23 07:00:00,Ridge,13642.859,15369.365484514567,4
2026-05-23 12:00:00,2026-05-23 08:00:00,Ridge,14140.842,15747.001213979824,4
2026-05-23 13:00:00,2026-05-23 09:00:00,Ridge,14659.673,15865.000417160792,4
2026-05-23 14:00:00,2026-05-23 10:00:00,Ridge,14914.958,16182.511731716486,4
2026-05-23 15:00:00,2026-05-23 11:00:00,Ridge,15204.738,16297.947444240528,4
2026-05-23 16:00:00,2026-05-23 12:00:00,Ridge,15365.619,16378.487053523817,4
2026-05-23 17:00:00,2026-05-23 13:00:00,Ridge,15413.798999999999,16365.478611446619,4
2026-05-23 18:00:00,2026-05-23 14:00:00,Ridge,15423.918,16341.47950810632,4
2026-05-23 19:00:00,2026-05-23 15:00:00,Ridge,15509.951000000001,16298.531987761233,4
2026-05-23 20:00:00,2026-05-23 16:00:00,Ridge,15586.177,16187.94848447898,4
2026-05-23 21:00:00,2026-05-23 17:00:00,Ridge,15723.541000000001,16249.352336790022,4
2026-05-23 22:00:00,2026-05-23 18:00:00,Ridge,15667.337,16014.076761324817,4
2026-05-23 23:00:00,2026-05-23 19:00:00,Ridge,15513.772,15936.090590549657,4
2026-05-24 00:00:00,2026-05-23 20:00:00,Ridge,15416.666,15844.179992270754,4
2026-05-24 01:00:00,2026-05-23 21:00:00,Ridge,15422.458999999999,15693.526656819999,4
2026-05-24 02:00:00,2026-05-23 22:00:00,Ridge,14983.958999999999,15048.474862796213,4
2026-05-24 03:00:00,2026-05-23 23:00:00,Ridge,14361.216,14384.390728091297,4
2026-05-24 04:00:00,2026-05-24 00:00:00,Ridge,13806.382,14327.006862128013,4
2026-05-24 05:00:00,2026-05-24 01:00:00,Ridge,13306.236,13962.09312455537,4
2026-05-24 06:00:00,2026-05-24 02:00:00,Ridge,13034.255000000001,13711.053978368396,4
2026-05-24 07:00:00,2026-05-24 03:00:00,Ridge,12873.975999999999,13551.976531001172,4
2026-05-24 08:00:00,2026-05-24 04:00:00,Ridge,12838.277999999998,13592.92874505559,4
2026-05-24 09:00:00,2026-05-24 05:00:00,Ridge,12906.74,13872.14737529599,4
2026-05-24 10:00:00,2026-05-24 06:00:00,Ridge,12993.219000000001,14048.331197306146,4
2026-05-24 11:00:00,2026-05-24 07:00:00,Ridge,13282.564,14337.018324777519,4
2026-05-24 12:00:00,2026-05-24 08:00:00,Ridge,13746.825,14796.783780846363,4
2026-05-24 13:00:00,2026-05-24 09:00:00,Ridge,14274.954000000002,15275.384128510177,4
2026-05-24 14:00:00,2026-05-24 10:00:00,Ridge,14624.636999999999,15479.708063607213,4
2026-05-24 15:00:00,2026-05-24 11:00:00,Ridge,14888.484,15767.14405069093,4
2026-05-24 16:00:00,2026-05-24 12:00:00,Ridge,15126.133000000002,15919.136815747162,4
2026-05-24 17:00:00,2026-05-24 13:00:00,Ridge,15384.895,15989.5619028664,4
2026-05-24 18:00:00,2026-05-24 14:00:00,Ridge,15535.429,16005.317945458812,4
2026-05-24 19:00:00,2026-05-24 15:00:00,Ridge,15648.562000000002,16095.80378816355,4
2026-05-24 20:00:00,2026-05-24 16:00:00,Ridge,15871.811,16155.908772042829,4
2026-05-24 21:00:00,2026-05-24 17:00:00,Ridge,15932.629,16289.342978578281,4
2026-05-24 22:00:00,2026-05-24 18:00:00,Ridge,15862.18,16230.210167464194,4
2026-05-24 23:00:00,2026-05-24 19:00:00,Ridge,15612.137999999999,16089.391594763092,4
2026-05-25 00:00:00,2026-05-24 20:00:00,Ridge,15339.466,16009.04403962276,4
2026-05-25 01:00:00,2026-05-24 21:00:00,Ridge,15325.579,16017.493195722125,4
2026-05-25 02:00:00,2026-05-24 22:00:00,Ridge,14759.289,15503.237519221031,4
2026-05-25 03:00:00,2026-05-24 23:00:00,Ridge,13993.635999999999,14871.493833937053,4
2026-05-25 04:00:00,2026-05-25 00:00:00,Ridge,13476.965,15182.115092712862,4
2026-05-25 05:00:00,2026-05-25 01:00:00,Ridge,13138.131,14711.884149366078,4
2026-05-25 06:00:00,2026-05-25 02:00:00,Ridge,12844.973,14469.653510246902,4
2026-05-25 07:00:00,2026-05-25 03:00:00,Ridge,12785.926,14326.760416956273,4
2026-05-25 08:00:00,2026-05-25 04:00:00,Ridge,12894.419,14334.547625364452,4
2026-05-25 09:00:00,2026-05-25 05:00:00,Ridge,12926.688,14475.347085057512,4
2026-05-25 10:00:00,2026-05-25 06:00:00,Ridge,13051.853,14668.452752653686,4
2026-05-25 11:00:00,2026-05-25 07:00:00,Ridge,13334.476,15039.249285222788,4
2026-05-25 12:00:00,2026-05-25 08:00:00,Ridge,13842.769,15497.851231854815,4
2026-05-25 13:00:00,2026-05-25 09:00:00,Ridge,14431.724,15949.105347026783,4
2026-05-25 14:00:00,2026-05-25 10:00:00,Ridge,14877.619999999999,16273.115183978294,4
2026-05-25 15:00:00,2026-05-25 11:00:00,Ridge,15288.635999999999,16499.557471146298,4
2026-05-25 16:00:00,2026-05-25 12:00:00,Ridge,15615.686000000002,16704.791828272406,4
2026-05-25 17:00:00,2026-05-25 13:00:00,Ridge,15800.053,16922.553641128663,4
2026-05-25 18:00:00,2026-05-25 14:00:00,Ridge,16113.966,17038.343448665706,4
2026-05-25 19:00:00,2026-05-25 15:00:00,Ridge,16489.431,17123.608298562747,4
2026-05-25 20:00:00,2026-05-25 16:00:00,Ridge,16848.399,17296.742235830112,4
2026-05-25 21:00:00,2026-05-25 17:00:00,Ridge,17240.765,17342.627482192205,4
2026-05-25 22:00:00,2026-05-25 18:00:00,Ridge,17252.844,17242.86756933958,4
2026-05-25 23:00:00,2026-05-25 19:00:00,Ridge,17191.901,17013.664425264273,4
2026-05-26 00:00:00,2026-05-25 20:00:00,Ridge,16858.968,16776.97205593375,4
2026-05-26 01:00:00,2026-05-25 21:00:00,Ridge,16560.998,16766.73543061781,4
2026-05-26 02:00:00,2026-05-25 22:00:00,Ridge,15848.905999999999,16154.486221035873,4
2026-05-26 03:00:00,2026-05-25 23:00:00,Ridge,14944.791,15407.651766783425,4
2026-05-26 04:00:00,2026-05-26 00:00:00,Ridge,14352.841,13959.188068172567,4
2026-05-26 05:00:00,2026-05-26 01:00:00,Ridge,13886.62,13648.589884780085,4
2026-05-26 06:00:00,2026-05-26 02:00:00,Ridge,13569.488,13366.622482722189,4
2026-05-26 07:00:00,2026-05-26 03:00:00,Ridge,13428.939,13307.034425125239,4
2026-05-26 08:00:00,2026-05-26 04:00:00,Ridge,13588.49,13412.987863710188,4
2026-05-26 09:00:00,2026-05-26 05:00:00,Ridge,14185.208999999999,13468.433371495245,4
2026-05-26 10:00:00,2026-05-26 06:00:00,Ridge,14968.314,13590.653455110396,4
2026-05-26 11:00:00,2026-05-26 07:00:00,Ridge,15599.272,13872.074678541809,4
2026-05-26 12:00:00,2026-05-26 08:00:00,Ridge,16128.246,14387.929329097533,4
2026-05-26 13:00:00,2026-05-26 09:00:00,Ridge,16478.046000000002,14960.516274685418,4
2026-05-26 14:00:00,2026-05-26 10:00:00,Ridge,16955.684999999998,15355.650623024376,4
2026-05-26 15:00:00,2026-05-26 11:00:00,Ridge,17363.106,15743.226350444187,4
2026-05-26 16:00:00,2026-05-26 12:00:00,Ridge,17825.658000000003,16034.056032550758,4
2026-05-26 17:00:00,2026-05-26 13:00:00,Ridge,18374.201999999997,16178.99310791614,4
2026-05-26 18:00:00,2026-05-26 14:00:00,Ridge,18758.102,16453.8954514323,4
2026-05-26 19:00:00,2026-05-26 15:00:00,Ridge,18833.713,16787.857319132494,4
2026-05-26 20:00:00,2026-05-26 16:00:00,Ridge,18977.228000000003,17090.71837739142,4
2026-05-26 21:00:00,2026-05-26 17:00:00,Ridge,18945.359,17442.254390986494,4
2026-05-26 22:00:00,2026-05-26 18:00:00,Ridge,18862.188000000002,17408.04622465038,4
2026-05-26 23:00:00,2026-05-26 19:00:00,Ridge,18577.333,17328.847737113963,4
2026-05-27 00:00:00,2026-05-26 20:00:00,Ridge,18276.627999999997,17015.381452692884,4
2026-05-27 01:00:00,2026-05-26 21:00:00,Ridge,17883.339,16762.990985719724,4
2026-05-27 02:00:00,2026-05-26 22:00:00,Ridge,17119.475,16071.7705517976,4
2026-05-27 03:00:00,2026-05-26 23:00:00,Ridge,16268.076000000001,15216.440897221784,4
2026-05-27 04:00:00,2026-05-27 00:00:00,Ridge,15405.757,14913.013541784421,4
2026-05-27 05:00:00,2026-05-27 01:00:00,Ridge,14946.411,14450.770246842852,4
2026-05-27 06:00:00,2026-05-27 02:00:00,Ridge,14686.84,14155.830533340484,4
2026-05-27 07:00:00,2026-05-27 03:00:00,Ridge,14536.262999999999,14019.824393991126,4
2026-05-27 08:00:00,2026-05-27 04:00:00,Ridge,14503.336,14160.531902931003,4
2026-05-27 09:00:00,2026-05-27 05:00:00,Ridge,14948.735,14702.20889348578,4
2026-05-27 10:00:00,2026-05-27 06:00:00,Ridge,15713.606000000002,15374.963828128963,4
2026-05-27 11:00:00,2026-05-27 07:00:00,Ridge,16350.506000000001,15920.347550058152,4
2026-05-27 12:00:00,2026-05-27 08:00:00,Ridge,16701.83,16406.529760086043,4
2026-05-27 13:00:00,2026-05-27 09:00:00,Ridge,17130.352,16746.137082000067,4
2026-05-27 14:00:00,2026-05-27 10:00:00,Ridge,17554.557999999997,17195.230578681538,4
2026-05-27 15:00:00,2026-05-27 11:00:00,Ridge,17960.167,17554.772094922773,4
2026-05-27 16:00:00,2026-05-27 12:00:00,Ridge,18339.967,17970.951633462806,4
2026-05-27 17:00:00,2026-05-27 13:00:00,Ridge,18638.84,18471.50248787151,4
2026-05-27 18:00:00,2026-05-27 14:00:00,Ridge,18778.620000000003,18783.740144437943,4
2026-05-27 19:00:00,2026-05-27 15:00:00,Ridge,18990.644,18816.357711989098,4
2026-05-27 20:00:00,2026-05-27 16:00:00,Ridge,19083.165999999997,18960.5372596812,4
2026-05-27 21:00:00,2026-05-27 17:00:00,Ridge,19185.275999999998,18904.991254916815,4
2026-05-27 22:00:00,2026-05-27 18:00:00,Ridge,18994.055,18812.788491414045,4
2026-05-27 23:00:00,2026-05-27 19:00:00,Ridge,18720.712,18508.461287980812,4
2026-05-28 00:00:00,2026-05-27 20:00:00,Ridge,18366.192000000003,18216.191543226603,4
2026-05-28 01:00:00,2026-05-27 21:00:00,Ridge,18114.061,17885.054692533366,4
2026-05-28 02:00:00,2026-05-27 22:00:00,Ridge,16959.209000000003,17138.28908643186,4
2026-05-28 03:00:00,2026-05-27 23:00:00,Ridge,15995.067,16315.982245029856,4
2026-05-28 04:00:00,2026-05-28 00:00:00,Ridge,15241.756000000001,15208.209329355792,4
2026-05-28 05:00:00,2026-05-28 01:00:00,Ridge,14771.571,14813.189625565357,4
2026-05-28 06:00:00,2026-05-28 02:00:00,Ridge,14290.08,14567.496928474664,4
2026-05-28 07:00:00,2026-05-28 03:00:00,Ridge,14066.947,14439.909316332276,4
2026-05-28 08:00:00,2026-05-28 04:00:00,Ridge,14173.829,14427.885713484084,4
2026-05-28 09:00:00,2026-05-28 05:00:00,Ridge,14620.267,14810.532204451061,4
2026-05-28 10:00:00,2026-05-28 06:00:00,Ridge,15263.648000000001,15454.539779458355,4
2026-05-28 11:00:00,2026-05-28 07:00:00,Ridge,15905.11,15991.799971277323,4
2026-05-28 12:00:00,2026-05-28 08:00:00,Ridge,16246.284,16327.483091911006,4
2026-05-28 13:00:00,2026-05-28 09:00:00,Ridge,16569.719,16786.702448369862,4
2026-05-28 14:00:00,2026-05-28 10:00:00,Ridge,17074.684999999998,17203.090913998094,4
2026-05-28 15:00:00,2026-05-28 11:00:00,Ridge,17585.141,17601.420875589018,4
2026-05-28 16:00:00,2026-05-28 12:00:00,Ridge,18148.319,17960.03266208609,4
2026-05-28 17:00:00,2026-05-28 13:00:00,Ridge,18560.533,18216.350794762977,4
2026-05-28 18:00:00,2026-05-28 14:00:00,Ridge,18845.225,18367.61449593782,4
2026-05-28 19:00:00,2026-05-28 15:00:00,Ridge,19118.89,18626.863131808936,4
2026-05-28 20:00:00,2026-05-28 16:00:00,Ridge,19274.158000000003,18761.35063886893,4
2026-05-28 21:00:00,2026-05-28 17:00:00,Ridge,19149.173000000003,18928.66595896853,4
2026-05-28 22:00:00,2026-05-28 18:00:00,Ridge,18973.977,18754.18288992849,4
2026-05-28 23:00:00,2026-05-28 19:00:00,Ridge,18636.606,18525.086326145032,4
2026-05-29 00:00:00,2026-05-28 20:00:00,Ridge,18008.873,18176.129571356883,4
2026-05-29 01:00:00,2026-05-28 21:00:00,Ridge,17480.147,17937.759774161637,4
2026-05-29 02:00:00,2026-05-28 22:00:00,Ridge,16593.352,16799.09635410632,4
2026-05-29 03:00:00,2026-05-28 23:00:00,Ridge,15584.954,15884.548366450585,4
2026-05-29 04:00:00,2026-05-29 00:00:00,Ridge,14669.817,14713.597859490543,4
2026-05-29 05:00:00,2026-05-29 01:00:00,Ridge,14044.689,14277.913637046471,4
2026-05-29 06:00:00,2026-05-29 02:00:00,Ridge,13722.204,13824.045695839752,4
2026-05-29 07:00:00,2026-05-29 03:00:00,Ridge,13579.259,13637.809954388758,4
2026-05-29 08:00:00,2026-05-29 04:00:00,Ridge,13653.116,13784.287675937287,4
2026-05-29 09:00:00,2026-05-29 05:00:00,Ridge,13946.067,14272.521082219499,4
2026-05-29 10:00:00,2026-05-29 06:00:00,Ridge,14511.037,14932.40736888006,4
2026-05-29 11:00:00,2026-05-29 07:00:00,Ridge,15133.029,15554.164654652719,4
2026-05-29 12:00:00,2026-05-29 08:00:00,Ridge,15456.663,15898.012410664407,4
2026-05-29 13:00:00,2026-05-29 09:00:00,Ridge,15747.463,16217.226633498354,4
2026-05-29 14:00:00,2026-05-29 10:00:00,Ridge,16127.636,16731.77870698094,4
2026-05-29 15:00:00,2026-05-29 11:00:00,Ridge,16413.033,17224.272304920247,4
2026-05-29 16:00:00,2026-05-29 12:00:00,Ridge,16696.987,17776.935382585296,4
2026-05-29 17:00:00,2026-05-29 13:00:00,Ridge,17252.956,18205.8823227812,4
2026-05-29 18:00:00,2026-05-29 14:00:00,Ridge,17631.827,18507.35654669574,4
2026-05-29 19:00:00,2026-05-29 15:00:00,Ridge,18025.127,18746.949766860045,4
2026-05-29 20:00:00,2026-05-29 16:00:00,Ridge,18597.978,18895.768661869744,4
2026-05-29 21:00:00,2026-05-29 17:00:00,Ridge,18905.417,18762.374506868844,4
2026-05-29 22:00:00,2026-05-29 18:00:00,Ridge,18724.608999999997,18611.96416102105,4
2026-05-29 23:00:00,2026-05-29 19:00:00,Ridge,18172.386,18281.00117641225,4
2026-05-30 00:00:00,2026-05-29 20:00:00,Ridge,17442.314,17696.892687898668,4
2026-05-30 01:00:00,2026-05-29 21:00:00,Ridge,17145.108,17206.172604822234,4
2026-05-30 02:00:00,2026-05-29 22:00:00,Ridge,16251.739,16352.748190504586,4
2026-05-30 03:00:00,2026-05-29 23:00:00,Ridge,15163.034,15390.093788477381,4
2026-05-30 04:00:00,2026-05-30 00:00:00,Ridge,14346.448,14356.205369407853,4
2026-05-30 05:00:00,2026-05-30 01:00:00,Ridge,13748.564,13795.148980410067,4
2026-05-30 06:00:00,2026-05-30 02:00:00,Ridge,13381.987000000001,13525.608214314972,4
2026-05-30 07:00:00,2026-05-30 03:00:00,Ridge,13180.146999999999,13401.62771536078,4
2026-05-30 08:00:00,2026-05-30 04:00:00,Ridge,13099.212,13467.128530720342,4
2026-05-30 09:00:00,2026-05-30 05:00:00,Ridge,13057.4,13788.99868429602,4
2026-05-30 10:00:00,2026-05-30 06:00:00,Ridge,13108.125,14394.400628926836,4
2026-05-30 11:00:00,2026-05-30 07:00:00,Ridge,13493.398000000001,15007.152646801014,4
2026-05-30 12:00:00,2026-05-30 08:00:00,Ridge,14137.813,15304.969376113135,4
2026-05-30 13:00:00,2026-05-30 09:00:00,Ridge,14458.773000000001,15617.10519012921,4
2026-05-30 14:00:00,2026-05-30 10:00:00,Ridge,14774.442,16006.661967804832,4
2026-05-30 15:00:00,2026-05-30 11:00:00,Ridge,15156.472,16299.90758839722,4
2026-05-30 16:00:00,2026-05-30 12:00:00,Ridge,15377.544,16595.434720155514,4
2026-05-30 17:00:00,2026-05-30 13:00:00,Ridge,15708.999,17135.837859295978,4
2026-05-30 18:00:00,2026-05-30 14:00:00,Ridge,15996.501,17465.33527454092,4
2026-05-30 19:00:00,2026-05-30 15:00:00,Ridge,16362.883000000002,17836.97825618856,4
2026-05-30 20:00:00,2026-05-30 16:00:00,Ridge,16667.941,18353.63608962308,4
2026-05-30 21:00:00,2026-05-30 17:00:00,Ridge,16999.079,18621.812340514603,4
2026-05-30 22:00:00,2026-05-30 18:00:00,Ridge,16887.569000000003,18408.201392293246,4
2026-05-30 23:00:00,2026-05-30 19:00:00,Ridge,16486.417999999998,17887.45619635432,4
2026-05-31 00:00:00,2026-05-30 20:00:00,Ridge,16091.962,17234.343660788123,4
2026-05-31 01:00:00,2026-05-30 21:00:00,Ridge,15725.886,17006.927098196957,4
2026-05-31 02:00:00,2026-05-30 22:00:00,Ridge,14991.547999999999,16038.515623723919,4
2026-05-31 03:00:00,2026-05-30 23:00:00,Ridge,14038.836,14983.718561496533,4
2026-05-31 04:00:00,2026-05-31 00:00:00,Ridge,13373.761,14669.385819593095,4
2026-05-31 05:00:00,2026-05-31 01:00:00,Ridge,12946.981,14130.176018716256,4
2026-05-31 06:00:00,2026-05-31 02:00:00,Ridge,12793.575,13766.435814206745,4
2026-05-31 07:00:00,2026-05-31 03:00:00,Ridge,12656.761,13573.687619501372,4
2026-05-31 08:00:00,2026-05-31 04:00:00,Ridge,12661.622,13529.559587973743,4
2026-05-31 09:00:00,2026-05-31 05:00:00,Ridge,12694.712,13565.077439079156,4
2026-05-31 10:00:00,2026-05-31 06:00:00,Ridge,12688.176,13708.381778640633,4
2026-05-31 11:00:00,2026-05-31 07:00:00,Ridge,12943.952000000001,14152.83546300164,4
2026-05-31 12:00:00,2026-05-31 08:00:00,Ridge,13383.149,14769.01670477074,4
2026-05-31 13:00:00,2026-05-31 09:00:00,Ridge,13688.275,15064.290783754139,4
2026-05-31 14:00:00,2026-05-31 10:00:00,Ridge,13981.858,15415.232177097492,4
2026-05-31 15:00:00,2026-05-31 11:00:00,Ridge,14354.166,15835.743663020847,4
2026-05-31 16:00:00,2026-05-31 12:00:00,Ridge,14797.055,16113.224619555423,4
2026-05-31 17:00:00,2026-05-31 13:00:00,Ridge,15135.739000000001,16465.69015464629,4
2026-05-31 18:00:00,2026-05-31 14:00:00,Ridge,15635.627,16754.408966795174,4
2026-05-31 19:00:00,2026-05-31 15:00:00,Ridge,16123.368999999999,17116.999542856996,4
2026-05-31 20:00:00,2026-05-31 16:00:00,Ridge,16688.859,17384.811287409124,4
2026-05-31 21:00:00,2026-05-31 17:00:00,Ridge,17116.288,17643.27815063645,4
2026-05-31 22:00:00,2026-05-31 18:00:00,Ridge,17143.206,17505.852537453757,4
2026-05-31 23:00:00,2026-05-31 19:00:00,Ridge,17049.349000000002,17126.744388341824,4
2026-06-01 00:00:00,2026-05-31 20:00:00,Ridge,16734.563000000002,16729.841244401417,4
2026-06-01 01:00:00,2026-05-31 21:00:00,Ridge,16570.604,16351.012143489057,4
2026-06-01 02:00:00,2026-05-31 22:00:00,Ridge,15736.801,15591.442981687605,4
2026-06-01 03:00:00,2026-05-31 23:00:00,Ridge,14803.235,14647.364267104293,4
2026-04-07 20:00:00,2026-04-07 16:00:00,Lasso,15535.575,16188.569900057732,4
2026-04-07 21:00:00,2026-04-07 17:00:00,Lasso,15633.728,16314.058546505901,4
2026-04-07 22:00:00,2026-04-07 18:00:00,Lasso,15830.312,16317.007422425171,4
2026-04-07 23:00:00,2026-04-07 19:00:00,Lasso,16194.692000000001,16328.829714312169,4
2026-04-08 00:00:00,2026-04-07 20:00:00,Lasso,16697.541,16673.765411453413,4
2026-04-08 01:00:00,2026-04-07 21:00:00,Lasso,16666.659,16321.1880380109,4
2026-04-08 02:00:00,2026-04-07 22:00:00,Lasso,16203.942,15873.203395619108,4
2026-04-08 03:00:00,2026-04-07 23:00:00,Lasso,15807.521,15404.715691568845,4
2026-04-08 04:00:00,2026-04-08 00:00:00,Lasso,15468.798999999999,15185.910253364527,4
2026-04-08 05:00:00,2026-04-08 01:00:00,Lasso,15449.404999999999,14937.674011277219,4
2026-04-08 06:00:00,2026-04-08 02:00:00,Lasso,15420.617,14825.110707602038,4
2026-04-08 07:00:00,2026-04-08 03:00:00,Lasso,15594.476,14935.3154273569,4
2026-04-08 08:00:00,2026-04-08 04:00:00,Lasso,15997.889,15277.711156116475,4
2026-04-08 09:00:00,2026-04-08 05:00:00,Lasso,16637.51,15812.002892150686,4
2026-04-08 10:00:00,2026-04-08 06:00:00,Lasso,17725.328999999998,16854.138195018313,4
2026-04-08 11:00:00,2026-04-08 07:00:00,Lasso,18119.606,17345.79931363868,4
2026-04-08 12:00:00,2026-04-08 08:00:00,Lasso,17889.427,17403.900742376325,4
2026-04-08 13:00:00,2026-04-08 09:00:00,Lasso,17394.458,17130.018243496612,4
2026-04-08 14:00:00,2026-04-08 10:00:00,Lasso,16892.419,16966.133869832156,4
2026-04-08 15:00:00,2026-04-08 11:00:00,Lasso,16370.11,16721.015725971047,4
2026-04-08 16:00:00,2026-04-08 12:00:00,Lasso,15911.696,16625.67661072735,4
2026-04-08 17:00:00,2026-04-08 13:00:00,Lasso,15727.182,16403.831371616332,4
2026-04-08 18:00:00,2026-04-08 14:00:00,Lasso,15521.518,16120.211605105742,4
2026-04-08 19:00:00,2026-04-08 15:00:00,Lasso,15324.313999999998,15887.27125338102,4
2026-04-08 20:00:00,2026-04-08 16:00:00,Lasso,15406.998,15950.865797652368,4
2026-04-08 21:00:00,2026-04-08 17:00:00,Lasso,15471.657,16045.50000594986,4
2026-04-08 22:00:00,2026-04-08 18:00:00,Lasso,15534.039,16232.398781422024,4
2026-04-08 23:00:00,2026-04-08 19:00:00,Lasso,15712.197,16587.221878676944,4
2026-04-09 00:00:00,2026-04-08 20:00:00,Lasso,16106.305,17067.147973674466,4
2026-04-09 01:00:00,2026-04-08 21:00:00,Lasso,15976.636999999999,17017.039173425703,4
2026-04-09 02:00:00,2026-04-08 22:00:00,Lasso,15509.172,16539.272650103743,4
2026-04-09 03:00:00,2026-04-08 23:00:00,Lasso,14916.644,16154.666855220514,4
2026-04-09 04:00:00,2026-04-09 00:00:00,Lasso,14587.929,15543.229052463248,4
2026-04-09 05:00:00,2026-04-09 01:00:00,Lasso,14433.103,15531.925333635041,4
2026-04-09 06:00:00,2026-04-09 02:00:00,Lasso,14339.856,15511.959038423956,4
2026-04-09 07:00:00,2026-04-09 03:00:00,Lasso,14411.964,15685.104636306625,4
2026-04-09 08:00:00,2026-04-09 04:00:00,Lasso,14656.489,16066.506472951456,4
2026-04-09 09:00:00,2026-04-09 05:00:00,Lasso,15320.381,16725.028665817226,4
2026-04-09 10:00:00,2026-04-09 06:00:00,Lasso,16272.458,17792.11727555345,4
2026-04-09 11:00:00,2026-04-09 07:00:00,Lasso,16753.475,18132.979884635744,4
2026-04-09 12:00:00,2026-04-09 08:00:00,Lasso,16596.789,17921.809390214043,4
2026-04-09 13:00:00,2026-04-09 09:00:00,Lasso,16357.501,17484.967869754688,4
2026-04-09 14:00:00,2026-04-09 10:00:00,Lasso,16131.094000000001,17047.388383185564,4
2026-04-09 15:00:00,2026-04-09 11:00:00,Lasso,15840.458999999999,16594.152254834753,4
2026-04-09 16:00:00,2026-04-09 12:00:00,Lasso,15745.639,16196.756543172547,4
2026-04-09 17:00:00,2026-04-09 13:00:00,Lasso,15747.89,16061.710955114842,4
2026-04-09 18:00:00,2026-04-09 14:00:00,Lasso,15652.92,15881.867684099807,4
2026-04-09 19:00:00,2026-04-09 15:00:00,Lasso,15698.0,15707.693599589631,4
2026-04-09 20:00:00,2026-04-09 16:00:00,Lasso,15766.751,15797.259346256133,4
2026-04-09 21:00:00,2026-04-09 17:00:00,Lasso,15836.880000000001,15876.070618309905,4
2026-04-09 22:00:00,2026-04-09 18:00:00,Lasso,15892.215,15936.799024445509,4
2026-04-09 23:00:00,2026-04-09 19:00:00,Lasso,15916.181,16092.672210966306,4
2026-04-10 00:00:00,2026-04-09 20:00:00,Lasso,16273.115,16497.328820262006,4
2026-04-10 01:00:00,2026-04-09 21:00:00,Lasso,15940.607,16300.037016131386,4
2026-04-10 02:00:00,2026-04-09 22:00:00,Lasso,15157.557,15830.463376468733,4
2026-04-10 03:00:00,2026-04-09 23:00:00,Lasso,14426.872,15262.82393010972,4
2026-04-10 04:00:00,2026-04-10 00:00:00,Lasso,13921.209,14456.412605700838,4
2026-04-10 05:00:00,2026-04-10 01:00:00,Lasso,13675.148,14302.158713930832,4
2026-04-10 06:00:00,2026-04-10 02:00:00,Lasso,13627.082999999999,14209.242751713718,4
2026-04-10 07:00:00,2026-04-10 03:00:00,Lasso,13563.671999999999,14305.645717747695,4
2026-04-10 08:00:00,2026-04-10 04:00:00,Lasso,13865.273000000001,14578.241570080409,4
2026-04-10 09:00:00,2026-04-10 05:00:00,Lasso,14365.849,15254.015182728546,4
2026-04-10 10:00:00,2026-04-10 06:00:00,Lasso,15230.396,16250.21769174162,4
2026-04-10 11:00:00,2026-04-10 07:00:00,Lasso,15758.933,16716.5305557659,4
2026-04-10 12:00:00,2026-04-10 08:00:00,Lasso,15773.0,16559.187716873603,4
2026-04-10 13:00:00,2026-04-10 09:00:00,Lasso,15678.534,16316.735485279256,4
2026-04-10 14:00:00,2026-04-10 10:00:00,Lasso,15770.025,16116.681260131472,4
2026-04-10 15:00:00,2026-04-10 11:00:00,Lasso,15698.407,15849.665486511856,4
2026-04-10 16:00:00,2026-04-10 12:00:00,Lasso,15751.287,15797.463192156803,4
2026-04-10 17:00:00,2026-04-10 13:00:00,Lasso,15795.525000000001,15783.842997457972,4
2026-04-10 18:00:00,2026-04-10 14:00:00,Lasso,15689.801,15663.517322030759,4
2026-04-10 19:00:00,2026-04-10 15:00:00,Lasso,15699.747,15677.7843027528,4
2026-04-10 20:00:00,2026-04-10 16:00:00,Lasso,15673.655,15743.826570668816,4
2026-04-10 21:00:00,2026-04-10 17:00:00,Lasso,15603.107,15822.863976750836,4
2026-04-10 22:00:00,2026-04-10 18:00:00,Lasso,15505.881,15904.554762981445,4
2026-04-10 23:00:00,2026-04-10 19:00:00,Lasso,15345.196,15982.09575539894,4
2026-04-11 00:00:00,2026-04-10 20:00:00,Lasso,15374.05,16381.5716388415,4
2026-04-11 01:00:00,2026-04-10 21:00:00,Lasso,15058.326000000001,16042.425929729285,4
2026-04-11 02:00:00,2026-04-10 22:00:00,Lasso,14566.440999999999,15285.477435939658,4
2026-04-11 03:00:00,2026-04-10 23:00:00,Lasso,13999.266,14634.771569128847,4
2026-04-11 04:00:00,2026-04-11 00:00:00,Lasso,13430.2,14028.942285475625,4
2026-04-11 05:00:00,2026-04-11 01:00:00,Lasso,13256.036,13846.40492056514,4
2026-04-11 06:00:00,2026-04-11 02:00:00,Lasso,13076.187000000002,13818.63651355177,4
2026-04-11 07:00:00,2026-04-11 03:00:00,Lasso,13048.327,13789.08150487007,4
2026-04-11 08:00:00,2026-04-11 04:00:00,Lasso,13072.289,14133.249293214338,4
2026-04-11 09:00:00,2026-04-11 05:00:00,Lasso,13374.257,14652.825936601621,4
2026-04-11 10:00:00,2026-04-11 06:00:00,Lasso,13780.724999999999,15562.909357747554,4
2026-04-11 11:00:00,2026-04-11 07:00:00,Lasso,14131.131000000001,16029.385775767416,4
2026-04-11 12:00:00,2026-04-11 08:00:00,Lasso,14485.868,15970.184512542259,4
2026-04-11 13:00:00,2026-04-11 09:00:00,Lasso,14462.173,15812.500615159737,4
2026-04-11 14:00:00,2026-04-11 10:00:00,Lasso,14495.976999999999,15834.209532536875,4
2026-04-11 15:00:00,2026-04-11 11:00:00,Lasso,14427.23,15688.690232812034,4
2026-04-11 16:00:00,2026-04-11 12:00:00,Lasso,14374.733,15674.019471624166,4
2026-04-11 17:00:00,2026-04-11 13:00:00,Lasso,14283.563,15686.563161067117,4
2026-04-11 18:00:00,2026-04-11 14:00:00,Lasso,14182.597000000002,15562.716385982703,4
2026-04-11 19:00:00,2026-04-11 15:00:00,Lasso,14286.929,15552.309623587538,4
2026-04-11 20:00:00,2026-04-11 16:00:00,Lasso,14482.946,15548.699508072204,4
2026-04-11 21:00:00,2026-04-11 17:00:00,Lasso,14562.797999999999,15502.726858125081,4
2026-04-11 22:00:00,2026-04-11 18:00:00,Lasso,14660.437,15435.063158241563,4
2026-04-11 23:00:00,2026-04-11 19:00:00,Lasso,14536.779,15333.228331686652,4
2026-04-12 00:00:00,2026-04-11 20:00:00,Lasso,14793.272,15433.798914887535,4
2026-04-12 01:00:00,2026-04-11 21:00:00,Lasso,14708.707999999999,15136.504640761857,4
2026-04-12 02:00:00,2026-04-11 22:00:00,Lasso,14191.222,14664.706101973488,4
2026-04-12 03:00:00,2026-04-11 23:00:00,Lasso,13719.801,14109.919824523193,4
2026-04-12 04:00:00,2026-04-12 00:00:00,Lasso,13337.756000000001,14034.970199874966,4
2026-04-12 05:00:00,2026-04-12 01:00:00,Lasso,13015.541000000001,13903.291667250254,4
2026-04-12 06:00:00,2026-04-12 02:00:00,Lasso,12861.008000000002,13732.243760090378,4
2026-04-12 07:00:00,2026-04-12 03:00:00,Lasso,12834.664,13734.814433853271,4
2026-04-12 08:00:00,2026-04-12 04:00:00,Lasso,12924.992999999999,13786.081287126355,4
2026-04-12 09:00:00,2026-04-12 05:00:00,Lasso,13066.538,14160.243318804663,4
2026-04-12 10:00:00,2026-04-12 06:00:00,Lasso,13408.735999999999,14645.210691417155,4
2026-04-12 11:00:00,2026-04-12 07:00:00,Lasso,13670.858,15003.577191994098,4
2026-04-12 12:00:00,2026-04-12 08:00:00,Lasso,13961.217,15280.884652532879,4
2026-04-12 13:00:00,2026-04-12 09:00:00,Lasso,14251.541000000001,15200.46205001622,4
2026-04-12 14:00:00,2026-04-12 10:00:00,Lasso,14204.265,15201.399044997379,4
2026-04-12 15:00:00,2026-04-12 11:00:00,Lasso,14241.026,15101.038921870651,4
2026-04-12 16:00:00,2026-04-12 12:00:00,Lasso,14410.317,15056.459770848429,4
2026-04-12 17:00:00,2026-04-12 13:00:00,Lasso,14543.058,14994.813787049243,4
2026-04-12 18:00:00,2026-04-12 14:00:00,Lasso,14896.671999999999,14917.262009491435,4
2026-04-12 19:00:00,2026-04-12 15:00:00,Lasso,15223.362,15049.06050262299,4
2026-04-12 20:00:00,2026-04-12 16:00:00,Lasso,15546.827000000001,15251.37070853103,4
2026-04-12 21:00:00,2026-04-12 17:00:00,Lasso,15803.579,15338.27964729337,4
2026-04-12 22:00:00,2026-04-12 18:00:00,Lasso,15802.364,15447.558002461361,4
2026-04-12 23:00:00,2026-04-12 19:00:00,Lasso,15762.103,15345.79632966597,4
2026-04-13 00:00:00,2026-04-12 20:00:00,Lasso,16068.442,15663.433276664351,4
2026-04-13 01:00:00,2026-04-12 21:00:00,Lasso,15808.29,15518.099998910428,4
2026-04-13 02:00:00,2026-04-12 22:00:00,Lasso,15078.557999999999,14926.204532407433,4
2026-04-13 03:00:00,2026-04-12 23:00:00,Lasso,14429.534,14426.969003294362,4
2026-04-13 04:00:00,2026-04-13 00:00:00,Lasso,13938.832999999999,14903.821368400146,4
2026-04-13 05:00:00,2026-04-13 01:00:00,Lasso,13575.629,14597.331939058444,4
2026-04-13 06:00:00,2026-04-13 02:00:00,Lasso,13312.003,14477.96928140133,4
2026-04-13 07:00:00,2026-04-13 03:00:00,Lasso,13392.624,14451.548483138955,4
2026-04-13 08:00:00,2026-04-13 04:00:00,Lasso,13612.144,14588.348139428774,4
2026-04-13 09:00:00,2026-04-13 05:00:00,Lasso,14186.0,14786.354610629161,4
2026-04-13 10:00:00,2026-04-13 06:00:00,Lasso,15129.456,15230.296653184963,4
2026-04-13 11:00:00,2026-04-13 07:00:00,Lasso,15706.124,15525.488844992557,4
2026-04-13 12:00:00,2026-04-13 08:00:00,Lasso,15921.352,15760.243295033444,4
2026-04-13 13:00:00,2026-04-13 09:00:00,Lasso,16234.211,15993.797996207315,4
2026-04-13 14:00:00,2026-04-13 10:00:00,Lasso,16469.542999999998,15949.674624160545,4
2026-04-13 15:00:00,2026-04-13 11:00:00,Lasso,16511.322,15989.185707693812,4
2026-04-13 16:00:00,2026-04-13 12:00:00,Lasso,16822.792,16165.829357909792,4
2026-04-13 17:00:00,2026-04-13 13:00:00,Lasso,17061.603,16296.64215147011,4
2026-04-13 18:00:00,2026-04-13 14:00:00,Lasso,17063.235999999997,16604.299956240357,4
2026-04-13 19:00:00,2026-04-13 15:00:00,Lasso,17079.32,16875.458491342368,4
2026-04-13 20:00:00,2026-04-13 16:00:00,Lasso,17120.218,17131.853405124908,4
2026-04-13 21:00:00,2026-04-13 17:00:00,Lasso,17313.345,17322.139212499107,4
2026-04-13 22:00:00,2026-04-13 18:00:00,Lasso,17194.82,17272.675513163827,4
2026-04-13 23:00:00,2026-04-13 19:00:00,Lasso,17049.895,17207.96824827876,4
2026-04-14 00:00:00,2026-04-13 20:00:00,Lasso,17109.525,17478.180600703337,4
2026-04-14 01:00:00,2026-04-13 21:00:00,Lasso,16726.517,17147.833837392554,4
2026-04-14 02:00:00,2026-04-13 22:00:00,Lasso,15882.432,16425.235608126713,4
2026-04-14 03:00:00,2026-04-13 23:00:00,Lasso,14934.252,15802.09828609775,4
2026-04-14 04:00:00,2026-04-14 00:00:00,Lasso,14280.343,14339.133474755661,4
2026-04-14 05:00:00,2026-04-14 01:00:00,Lasso,13694.005,14023.963433965808,4
2026-04-14 06:00:00,2026-04-14 02:00:00,Lasso,13498.036,13779.743156401732,4
2026-04-14 07:00:00,2026-04-14 03:00:00,Lasso,13396.514,13866.556800870065,4
2026-04-14 08:00:00,2026-04-14 04:00:00,Lasso,13601.086,14055.23102627488,4
2026-04-14 09:00:00,2026-04-14 05:00:00,Lasso,14165.260999999999,14608.310603288268,4
2026-04-14 10:00:00,2026-04-14 06:00:00,Lasso,15107.416000000001,15478.332011991322,4
2026-04-14 11:00:00,2026-04-14 07:00:00,Lasso,15606.426,15970.37880118674,4
2026-04-14 12:00:00,2026-04-14 08:00:00,Lasso,15894.771999999999,16162.780318389086,4
2026-04-14 13:00:00,2026-04-14 09:00:00,Lasso,16033.332999999999,16407.855036119552,4
2026-04-14 14:00:00,2026-04-14 10:00:00,Lasso,16288.741999999998,16602.843605695918,4
2026-04-14 15:00:00,2026-04-14 11:00:00,Lasso,16541.159,16603.90453675217,4
2026-04-14 16:00:00,2026-04-14 12:00:00,Lasso,16856.542999999998,16866.91500179445,4
2026-04-14 17:00:00,2026-04-14 13:00:00,Lasso,17134.114999999998,17033.33451039772,4
2026-04-14 18:00:00,2026-04-14 14:00:00,Lasso,17263.662,16974.639739120143,4
2026-04-14 19:00:00,2026-04-14 15:00:00,Lasso,17566.305,16991.21686171373,4
2026-04-14 20:00:00,2026-04-14 16:00:00,Lasso,17941.206,17046.890922900107,4
2026-04-14 21:00:00,2026-04-14 17:00:00,Lasso,18269.086000000003,17221.270196820893,4
2026-04-14 22:00:00,2026-04-14 18:00:00,Lasso,18269.902000000002,17110.728481405313,4
2026-04-14 23:00:00,2026-04-14 19:00:00,Lasso,18056.811999999998,16962.650051001096,4
2026-04-15 00:00:00,2026-04-14 20:00:00,Lasso,18010.703999999998,17056.664929009086,4
2026-04-15 01:00:00,2026-04-14 21:00:00,Lasso,17377.966,16689.78982562801,4
2026-04-15 02:00:00,2026-04-14 22:00:00,Lasso,16366.98,15880.488239027065,4
2026-04-15 03:00:00,2026-04-14 23:00:00,Lasso,15321.91,15020.288472936529,4
2026-04-15 04:00:00,2026-04-15 00:00:00,Lasso,14598.705,14696.72131414844,4
2026-04-15 05:00:00,2026-04-15 01:00:00,Lasso,14268.045,14165.87577322411,4
2026-04-15 06:00:00,2026-04-15 02:00:00,Lasso,13950.603,14015.608988485958,4
2026-04-15 07:00:00,2026-04-15 03:00:00,Lasso,13817.707,13923.918227992915,4
2026-04-15 08:00:00,2026-04-15 04:00:00,Lasso,14006.443,14122.11135943509,4
2026-04-15 09:00:00,2026-04-15 05:00:00,Lasso,14436.551,14617.028716549326,4
2026-04-15 10:00:00,2026-04-15 06:00:00,Lasso,15289.553,15448.385762002461,4
2026-04-15 11:00:00,2026-04-15 07:00:00,Lasso,15786.269,15844.903027899696,4
2026-04-15 12:00:00,2026-04-15 08:00:00,Lasso,16103.489,16113.677699038853,4
2026-04-15 13:00:00,2026-04-15 09:00:00,Lasso,16237.317,16260.55354252375,4
2026-04-15 14:00:00,2026-04-15 10:00:00,Lasso,16498.762000000002,16471.552346498465,4
2026-04-15 15:00:00,2026-04-15 11:00:00,Lasso,16907.163,16696.376958212946,4
2026-04-15 16:00:00,2026-04-15 12:00:00,Lasso,17531.497,16990.554355285007,4
2026-04-15 17:00:00,2026-04-15 13:00:00,Lasso,17945.436999999998,17241.604116641367,4
2026-04-15 18:00:00,2026-04-15 14:00:00,Lasso,18346.458,17412.95137989879,4
2026-04-15 19:00:00,2026-04-15 15:00:00,Lasso,18471.045,17748.92423652883,4
2026-04-15 20:00:00,2026-04-15 16:00:00,Lasso,18666.834000000003,18130.72958089511,4
2026-04-15 21:00:00,2026-04-15 17:00:00,Lasso,18863.132,18438.895626308724,4
2026-04-15 22:00:00,2026-04-15 18:00:00,Lasso,18733.824,18415.302383705304,4
2026-04-15 23:00:00,2026-04-15 19:00:00,Lasso,18532.595999999998,18215.681670954924,4
2026-04-16 00:00:00,2026-04-15 20:00:00,Lasso,18331.72,18241.28492411848,4
2026-04-16 01:00:00,2026-04-15 21:00:00,Lasso,17896.847999999998,17628.029679183477,4
2026-04-16 02:00:00,2026-04-15 22:00:00,Lasso,16819.385000000002,16654.384490512148,4
2026-04-16 03:00:00,2026-04-15 23:00:00,Lasso,15849.426,15703.041562647908,4
2026-04-16 04:00:00,2026-04-16 00:00:00,Lasso,14954.462,14751.754335337579,4
2026-04-16 05:00:00,2026-04-16 01:00:00,Lasso,14543.764,14466.74612960564,4
2026-04-16 06:00:00,2026-04-16 02:00:00,Lasso,14185.233,14156.673993016804,4
2026-04-16 07:00:00,2026-04-16 03:00:00,Lasso,13912.612000000001,14076.1746610564,4
2026-04-16 08:00:00,2026-04-16 04:00:00,Lasso,14022.091,14286.7088806407,4
2026-04-16 09:00:00,2026-04-16 05:00:00,Lasso,14342.973,14740.076643825965,4
2026-04-16 10:00:00,2026-04-16 06:00:00,Lasso,15144.188,15613.160878220922,4
2026-04-16 11:00:00,2026-04-16 07:00:00,Lasso,15598.462,16077.569600788287,4
2026-04-16 12:00:00,2026-04-16 08:00:00,Lasso,15786.706,16353.94862658699,4
2026-04-16 13:00:00,2026-04-16 09:00:00,Lasso,16077.817,16505.78218157463,4
2026-04-16 14:00:00,2026-04-16 10:00:00,Lasso,16431.427,16772.68202657433,4
2026-04-16 15:00:00,2026-04-16 11:00:00,Lasso,16756.65,17128.617376642975,4
2026-04-16 16:00:00,2026-04-16 12:00:00,Lasso,17185.404000000002,17717.20562796985,4
2026-04-16 17:00:00,2026-04-16 13:00:00,Lasso,17608.068,18080.247634495787,4
2026-04-16 18:00:00,2026-04-16 14:00:00,Lasso,17691.068,18411.85048918774,4
2026-04-16 19:00:00,2026-04-16 15:00:00,Lasso,17627.754999999997,18482.397381307237,4
2026-04-16 20:00:00,2026-04-16 16:00:00,Lasso,17687.773,18643.426187666053,4
2026-04-16 21:00:00,2026-04-16 17:00:00,Lasso,17570.851000000002,18828.72810799731,4
2026-04-16 22:00:00,2026-04-16 18:00:00,Lasso,17510.625999999997,18671.581134630753,4
2026-04-16 23:00:00,2026-04-16 19:00:00,Lasso,17374.757,18481.67148136849,4
2026-04-17 00:00:00,2026-04-16 20:00:00,Lasso,17194.161,18326.1665502331,4
2026-04-17 01:00:00,2026-04-16 21:00:00,Lasso,16719.118000000002,17900.975658587387,4
2026-04-17 02:00:00,2026-04-16 22:00:00,Lasso,15846.811,16836.33026310632,4
2026-04-17 03:00:00,2026-04-16 23:00:00,Lasso,14996.312,15909.042793494404,4
2026-04-17 04:00:00,2026-04-17 00:00:00,Lasso,14206.445,14586.807213583612,4
2026-04-17 05:00:00,2026-04-17 01:00:00,Lasso,13858.415,14187.797396049646,4
2026-04-17 06:00:00,2026-04-17 02:00:00,Lasso,13572.956,13866.747022943913,4
2026-04-17 07:00:00,2026-04-17 03:00:00,Lasso,13390.733,13629.008458586808,4
2026-04-17 08:00:00,2026-04-17 04:00:00,Lasso,13537.637,13777.659020313364,4
2026-04-17 09:00:00,2026-04-17 05:00:00,Lasso,13902.633,14143.758429549778,4
2026-04-17 10:00:00,2026-04-17 06:00:00,Lasso,14645.243,14984.643887054888,4
2026-04-17 11:00:00,2026-04-17 07:00:00,Lasso,15155.383,15401.653909461218,4
2026-04-17 12:00:00,2026-04-17 08:00:00,Lasso,15558.766,15577.186659940018,4
2026-04-17 13:00:00,2026-04-17 09:00:00,Lasso,15800.886,15855.194713113664,4
2026-04-17 14:00:00,2026-04-17 10:00:00,Lasso,16060.601,16198.274967787691,4
2026-04-17 15:00:00,2026-04-17 11:00:00,Lasso,16404.838,16502.839596562128,4
2026-04-17 16:00:00,2026-04-17 12:00:00,Lasso,16726.269,16907.541274066476,4
2026-04-17 17:00:00,2026-04-17 13:00:00,Lasso,17064.593,17302.49125900843,4
2026-04-17 18:00:00,2026-04-17 14:00:00,Lasso,17403.195,17358.824288248346,4
2026-04-17 19:00:00,2026-04-17 15:00:00,Lasso,17533.214,17358.244403683697,4
2026-04-17 20:00:00,2026-04-17 16:00:00,Lasso,17888.559,17493.782405182526,4
2026-04-17 21:00:00,2026-04-17 17:00:00,Lasso,17947.521,17446.28250064152,4
2026-04-17 22:00:00,2026-04-17 18:00:00,Lasso,17814.843999999997,17421.038097954883,4
2026-04-17 23:00:00,2026-04-17 19:00:00,Lasso,17488.483,17281.984887624898,4
2026-04-18 00:00:00,2026-04-17 20:00:00,Lasso,16945.577,17137.07464555154,4
2026-04-18 01:00:00,2026-04-17 21:00:00,Lasso,16429.837,16624.750718629875,4
2026-04-18 02:00:00,2026-04-17 22:00:00,Lasso,15627.186,15732.17018025777,4
2026-04-18 03:00:00,2026-04-17 23:00:00,Lasso,14773.078,14879.700237614523,4
2026-04-18 04:00:00,2026-04-18 00:00:00,Lasso,13974.919999999998,13981.760929279957,4
2026-04-18 05:00:00,2026-04-18 01:00:00,Lasso,13347.751,13686.104049627513,4
2026-04-18 06:00:00,2026-04-18 02:00:00,Lasso,13225.99,13408.39157171353,4
2026-04-18 07:00:00,2026-04-18 03:00:00,Lasso,13015.58,13250.84611267758,4
2026-04-18 08:00:00,2026-04-18 04:00:00,Lasso,13058.990999999998,13428.658543110465,4
2026-04-18 09:00:00,2026-04-18 05:00:00,Lasso,13281.135999999999,13814.098437733961,4
2026-04-18 10:00:00,2026-04-18 06:00:00,Lasso,13579.060000000001,14584.33282361101,4
2026-04-18 11:00:00,2026-04-18 07:00:00,Lasso,13797.139,15061.056781998212,4
2026-04-18 12:00:00,2026-04-18 08:00:00,Lasso,14169.471000000001,15442.498729240246,4
2026-04-18 13:00:00,2026-04-18 09:00:00,Lasso,14587.489000000001,15646.897828183202,4
2026-04-18 14:00:00,2026-04-18 10:00:00,Lasso,15160.435000000001,15904.983911273712,4
2026-04-18 15:00:00,2026-04-18 11:00:00,Lasso,15405.593,16270.171654341895,4
2026-04-18 16:00:00,2026-04-18 12:00:00,Lasso,15543.962,16643.396721064237,4
2026-04-18 17:00:00,2026-04-18 13:00:00,Lasso,15691.643,16996.26949876544,4
2026-04-18 18:00:00,2026-04-18 14:00:00,Lasso,15821.295,17362.664936995297,4
2026-04-18 19:00:00,2026-04-18 15:00:00,Lasso,15832.196,17490.683527847894,4
2026-04-18 20:00:00,2026-04-18 16:00:00,Lasso,15829.701000000001,17848.689677973725,4
2026-04-18 21:00:00,2026-04-18 17:00:00,Lasso,15716.893,17919.990799585405,4
2026-04-18 22:00:00,2026-04-18 18:00:00,Lasso,15432.029,17774.823409944278,4
2026-04-18 23:00:00,2026-04-18 19:00:00,Lasso,15305.748,17457.32862514229,4
2026-04-19 00:00:00,2026-04-18 20:00:00,Lasso,15184.439999999999,16959.29955831241,4
2026-04-19 01:00:00,2026-04-18 21:00:00,Lasso,14925.258,16475.838285453625,4
2026-04-19 02:00:00,2026-04-18 22:00:00,Lasso,14288.631,15623.836650460937,4
2026-04-19 03:00:00,2026-04-18 23:00:00,Lasso,13717.432999999999,14766.986963494512,4
2026-04-19 04:00:00,2026-04-19 00:00:00,Lasso,13269.847000000002,14415.063154519461,4
2026-04-19 05:00:00,2026-04-19 01:00:00,Lasso,12959.366,13843.387071339195,4
2026-04-19 06:00:00,2026-04-19 02:00:00,Lasso,12733.301,13729.39566065827,4
2026-04-19 07:00:00,2026-04-19 03:00:00,Lasso,12627.028999999999,13499.7568465207,4
2026-04-19 08:00:00,2026-04-19 04:00:00,Lasso,12594.369,13567.496153827471,4
2026-04-19 09:00:00,2026-04-19 05:00:00,Lasso,12657.144,13807.655491416854,4
2026-04-19 10:00:00,2026-04-19 06:00:00,Lasso,12915.893,14174.939808767474,4
2026-04-19 11:00:00,2026-04-19 07:00:00,Lasso,13252.567,14413.357736266162,4
2026-04-19 12:00:00,2026-04-19 08:00:00,Lasso,13627.399,14760.413214782233,4
2026-04-19 13:00:00,2026-04-19 09:00:00,Lasso,14011.644,15166.162319934638,4
2026-04-19 14:00:00,2026-04-19 10:00:00,Lasso,14093.935000000001,15722.626871633816,4
2026-04-19 15:00:00,2026-04-19 11:00:00,Lasso,14030.192000000001,15954.898443808837,4
2026-04-19 16:00:00,2026-04-19 12:00:00,Lasso,14032.059000000001,16140.586559959944,4
2026-04-19 17:00:00,2026-04-19 13:00:00,Lasso,14120.732,16344.06982057165,4
2026-04-19 18:00:00,2026-04-19 14:00:00,Lasso,14028.519,16467.63486278127,4
2026-04-19 19:00:00,2026-04-19 15:00:00,Lasso,14118.721000000001,16467.236146438285,4
2026-04-19 20:00:00,2026-04-19 16:00:00,Lasso,14128.511999999999,16476.97507250074,4
2026-04-19 21:00:00,2026-04-19 17:00:00,Lasso,14380.764,16368.800532547384,4
2026-04-19 22:00:00,2026-04-19 18:00:00,Lasso,14500.642,16131.518761195182,4
2026-04-19 23:00:00,2026-04-19 19:00:00,Lasso,14734.41,16049.202215503668,4
2026-04-20 00:00:00,2026-04-19 20:00:00,Lasso,15110.69,15955.789916330197,4
2026-04-20 01:00:00,2026-04-19 21:00:00,Lasso,15091.389,15673.765985000291,4
2026-04-20 02:00:00,2026-04-19 22:00:00,Lasso,14557.596,14992.577288033903,4
2026-04-20 03:00:00,2026-04-19 23:00:00,Lasso,14046.971,14408.244103089171,4
2026-04-20 04:00:00,2026-04-20 00:00:00,Lasso,13828.248,14794.673633722847,4
2026-04-20 05:00:00,2026-04-20 01:00:00,Lasso,13634.691,14511.230386802901,4
2026-04-20 06:00:00,2026-04-20 02:00:00,Lasso,13653.844000000001,14277.682369913313,4
2026-04-20 07:00:00,2026-04-20 03:00:00,Lasso,13849.422,14172.065250243273,4
2026-04-20 08:00:00,2026-04-20 04:00:00,Lasso,14209.757000000001,14173.079930945069,4
2026-04-20 09:00:00,2026-04-20 05:00:00,Lasso,14953.155999999999,14289.161210263897,4
2026-04-20 10:00:00,2026-04-20 06:00:00,Lasso,16063.466,14646.996399427993,4
2026-04-20 11:00:00,2026-04-20 07:00:00,Lasso,16643.095,15022.38777310159,4
2026-04-20 12:00:00,2026-04-20 08:00:00,Lasso,16428.256999999998,15400.197984516766,4
2026-04-20 13:00:00,2026-04-20 09:00:00,Lasso,16354.038,15753.316534212663,4
2026-04-20 14:00:00,2026-04-20 10:00:00,Lasso,16195.841,15826.177766124889,4
2026-04-20 15:00:00,2026-04-20 11:00:00,Lasso,16099.206,15828.302965646466,4
2026-04-20 16:00:00,2026-04-20 12:00:00,Lasso,15837.617,15907.470810970499,4
2026-04-20 17:00:00,2026-04-20 13:00:00,Lasso,15699.555,16064.527405240106,4
2026-04-20 18:00:00,2026-04-20 14:00:00,Lasso,15477.125,16049.057564562969,4
2026-04-20 19:00:00,2026-04-20 15:00:00,Lasso,15246.132,16184.670218864505,4
2026-04-20 20:00:00,2026-04-20 16:00:00,Lasso,15160.528,16271.792409929905,4
2026-04-20 21:00:00,2026-04-20 17:00:00,Lasso,15187.512999999999,16536.990614468326,4
2026-04-20 22:00:00,2026-04-20 18:00:00,Lasso,15262.426,16627.580890206722,4
2026-04-20 23:00:00,2026-04-20 19:00:00,Lasso,15456.44,16785.734300005417,4
2026-04-21 00:00:00,2026-04-20 20:00:00,Lasso,16010.221,17018.950103477055,4
2026-04-21 01:00:00,2026-04-20 21:00:00,Lasso,15905.117,16882.83681454386,4
2026-04-21 02:00:00,2026-04-20 22:00:00,Lasso,15429.274,16271.36446373376,4
2026-04-21 03:00:00,2026-04-20 23:00:00,Lasso,14891.345,15712.04333563278,4
2026-04-21 04:00:00,2026-04-21 00:00:00,Lasso,14640.488000000001,14448.639511721794,4
2026-04-21 05:00:00,2026-04-21 01:00:00,Lasso,14574.387,14179.737579191305,4
2026-04-21 06:00:00,2026-04-21 02:00:00,Lasso,14605.100999999999,14194.773227221054,4
2026-04-21 07:00:00,2026-04-21 03:00:00,Lasso,14751.34,14330.496700905396,4
2026-04-21 08:00:00,2026-04-21 04:00:00,Lasso,15116.692,14646.172993087632,4
2026-04-21 09:00:00,2026-04-21 05:00:00,Lasso,15863.193000000001,15327.122001300551,4
2026-04-21 10:00:00,2026-04-21 06:00:00,Lasso,16963.853000000003,16310.648404997612,4
2026-04-21 11:00:00,2026-04-21 07:00:00,Lasso,17325.648,16751.381520491494,4
2026-04-21 12:00:00,2026-04-21 08:00:00,Lasso,17025.456,16538.927608585866,4
2026-04-21 13:00:00,2026-04-21 09:00:00,Lasso,16532.808,16539.938387188784,4
2026-04-21 14:00:00,2026-04-21 10:00:00,Lasso,16279.936,16500.58437550207,4
2026-04-21 15:00:00,2026-04-21 11:00:00,Lasso,15930.75,16474.49972757078,4
2026-04-21 16:00:00,2026-04-21 12:00:00,Lasso,15746.96,16269.856885857778,4
2026-04-21 17:00:00,2026-04-21 13:00:00,Lasso,15653.456,16192.68597274922,4
2026-04-21 18:00:00,2026-04-21 14:00:00,Lasso,15533.689,16034.151035804545,4
2026-04-21 19:00:00,2026-04-21 15:00:00,Lasso,15485.978,15843.63117364013,4
2026-04-21 20:00:00,2026-04-21 16:00:00,Lasso,15590.506000000001,15789.282312153979,4
2026-04-21 21:00:00,2026-04-21 17:00:00,Lasso,15706.213,15790.83393317723,4
2026-04-21 22:00:00,2026-04-21 18:00:00,Lasso,15685.006,15799.633897952537,4
2026-04-21 23:00:00,2026-04-21 19:00:00,Lasso,15850.363000000001,15935.138103512467,4
2026-04-22 00:00:00,2026-04-21 20:00:00,Lasso,16042.802,16381.6120976356,4
2026-04-22 01:00:00,2026-04-21 21:00:00,Lasso,15718.805,16181.881473142075,4
2026-04-22 02:00:00,2026-04-21 22:00:00,Lasso,14975.48,15654.493081769313,4
2026-04-22 03:00:00,2026-04-21 23:00:00,Lasso,14345.729,15112.991146277174,4
2026-04-22 04:00:00,2026-04-22 00:00:00,Lasso,13855.353,15096.463143830584,4
2026-04-22 05:00:00,2026-04-22 01:00:00,Lasso,13566.885,15001.06590492257,4
2026-04-22 06:00:00,2026-04-22 02:00:00,Lasso,13435.947,14982.986278589538,4
2026-04-22 07:00:00,2026-04-22 03:00:00,Lasso,13464.153,15076.46790154317,4
2026-04-22 08:00:00,2026-04-22 04:00:00,Lasso,13708.887,15367.394407301654,4
2026-04-22 09:00:00,2026-04-22 05:00:00,Lasso,14239.131000000001,15987.808303086898,4
2026-04-22 10:00:00,2026-04-22 06:00:00,Lasso,15152.849,16917.919966963753,4
2026-04-22 11:00:00,2026-04-22 07:00:00,Lasso,15648.612000000001,17181.676726276593,4
2026-04-22 12:00:00,2026-04-22 08:00:00,Lasso,15769.957,16954.733981669626,4
2026-04-22 13:00:00,2026-04-22 09:00:00,Lasso,15789.349,16608.046896353582,4
2026-04-22 14:00:00,2026-04-22 10:00:00,Lasso,15762.471000000001,16450.43612795255,4
2026-04-22 15:00:00,2026-04-22 11:00:00,Lasso,15801.539,16154.600781845682,4
2026-04-22 16:00:00,2026-04-22 12:00:00,Lasso,15904.092,16042.091169570642,4
2026-04-22 17:00:00,2026-04-22 13:00:00,Lasso,16084.485,16007.913690538178,4
2026-04-22 18:00:00,2026-04-22 14:00:00,Lasso,16193.598,15911.56104812946,4
2026-04-22 19:00:00,2026-04-22 15:00:00,Lasso,16405.220999999998,15917.283770184291,4
2026-04-22 20:00:00,2026-04-22 16:00:00,Lasso,16476.518,16031.950526614084,4
2026-04-22 21:00:00,2026-04-22 17:00:00,Lasso,16494.966999999997,16180.467310617185,4
2026-04-22 22:00:00,2026-04-22 18:00:00,Lasso,16555.601000000002,16172.303907800033,4
2026-04-22 23:00:00,2026-04-22 19:00:00,Lasso,16403.004,16361.00934707823,4
2026-04-23 00:00:00,2026-04-22 20:00:00,Lasso,16425.733,16564.06572404097,4
2026-04-23 01:00:00,2026-04-22 21:00:00,Lasso,16003.526000000002,16248.87509468644,4
2026-04-23 02:00:00,2026-04-22 22:00:00,Lasso,15297.315,15515.247972128633,4
2026-04-23 03:00:00,2026-04-22 23:00:00,Lasso,14507.749,14929.926088342934,4
2026-04-23 04:00:00,2026-04-23 00:00:00,Lasso,13950.66,14188.220070658595,4
2026-04-23 05:00:00,2026-04-23 01:00:00,Lasso,13645.062,13928.165725083505,4
2026-04-23 06:00:00,2026-04-23 02:00:00,Lasso,13384.048,13830.903683272718,4
2026-04-23 07:00:00,2026-04-23 03:00:00,Lasso,13319.185,13894.860293384352,4
2026-04-23 08:00:00,2026-04-23 04:00:00,Lasso,13568.234,14165.922088196294,4
2026-04-23 09:00:00,2026-04-23 05:00:00,Lasso,14081.755000000001,14736.072166397542,4
2026-04-23 10:00:00,2026-04-23 06:00:00,Lasso,14988.017,15689.647663604093,4
2026-04-23 11:00:00,2026-04-23 07:00:00,Lasso,15518.963,16167.654297379857,4
2026-04-23 12:00:00,2026-04-23 08:00:00,Lasso,15639.339,16224.489849610047,4
2026-04-23 13:00:00,2026-04-23 09:00:00,Lasso,15701.635,16256.173781510322,4
2026-04-23 14:00:00,2026-04-23 10:00:00,Lasso,15810.412,16225.486630562418,4
2026-04-23 15:00:00,2026-04-23 11:00:00,Lasso,16053.772,16275.912866131906,4
2026-04-23 16:00:00,2026-04-23 12:00:00,Lasso,16492.814,16338.39594545892,4
2026-04-23 17:00:00,2026-04-23 13:00:00,Lasso,16795.856,16484.17332627625,4
2026-04-23 18:00:00,2026-04-23 14:00:00,Lasso,17099.976000000002,16541.34882616171,4
2026-04-23 19:00:00,2026-04-23 15:00:00,Lasso,17217.732000000004,16691.550547066196,4
2026-04-23 20:00:00,2026-04-23 16:00:00,Lasso,17506.256,16720.719281400772,4
2026-04-23 21:00:00,2026-04-23 17:00:00,Lasso,17598.553,16732.799123528835,4
2026-04-23 22:00:00,2026-04-23 18:00:00,Lasso,17551.423000000003,16802.66020153975,4
2026-04-23 23:00:00,2026-04-23 19:00:00,Lasso,17337.811999999998,16683.279680471365,4
2026-04-24 00:00:00,2026-04-23 20:00:00,Lasso,17169.47,16809.30436037917,4
2026-04-24 01:00:00,2026-04-23 21:00:00,Lasso,16658.331,16412.260066593495,4
2026-04-24 02:00:00,2026-04-23 22:00:00,Lasso,15714.048999999999,15744.354654034056,4
2026-04-24 03:00:00,2026-04-23 23:00:00,Lasso,14893.539,15006.01022223181,4
2026-04-24 04:00:00,2026-04-24 00:00:00,Lasso,14220.265,14043.403683121684,4
2026-04-24 05:00:00,2026-04-24 01:00:00,Lasso,13710.729,13807.242191595024,4
2026-04-24 06:00:00,2026-04-24 02:00:00,Lasso,13436.438999999998,13599.74319716186,4
2026-04-24 07:00:00,2026-04-24 03:00:00,Lasso,13291.704999999998,13583.252503547345,4
2026-04-24 08:00:00,2026-04-24 04:00:00,Lasso,13346.931,13869.764069917503,4
2026-04-24 09:00:00,2026-04-24 05:00:00,Lasso,13937.527,14430.292069307136,4
2026-04-24 10:00:00,2026-04-24 06:00:00,Lasso,14666.719000000001,15377.587253426158,4
2026-04-24 11:00:00,2026-04-24 07:00:00,Lasso,15189.562,15830.23200827099,4
2026-04-24 12:00:00,2026-04-24 08:00:00,Lasso,15541.635,15836.024617014953,4
2026-04-24 13:00:00,2026-04-24 09:00:00,Lasso,15753.258,15796.246523159161,4
2026-04-24 14:00:00,2026-04-24 10:00:00,Lasso,15966.122,15853.39353553122,4
2026-04-24 15:00:00,2026-04-24 11:00:00,Lasso,16312.409,16009.419883887354,4
2026-04-24 16:00:00,2026-04-24 12:00:00,Lasso,16546.831,16360.770174509344,4
2026-04-24 17:00:00,2026-04-24 13:00:00,Lasso,16996.364999999998,16581.327623540972,4
2026-04-24 18:00:00,2026-04-24 14:00:00,Lasso,17154.443,16812.600229844822,4
2026-04-24 19:00:00,2026-04-24 15:00:00,Lasso,17310.566,16879.22359042526,4
2026-04-24 20:00:00,2026-04-24 16:00:00,Lasso,17418.277000000002,17153.676433390196,4
2026-04-24 21:00:00,2026-04-24 17:00:00,Lasso,17444.252,17234.501140540848,4
2026-04-24 22:00:00,2026-04-24 18:00:00,Lasso,17231.374,17174.493954609978,4
2026-04-24 23:00:00,2026-04-24 19:00:00,Lasso,16859.179,17018.227274469813,4
2026-04-25 00:00:00,2026-04-24 20:00:00,Lasso,16640.078,16912.77529869806,4
2026-04-25 01:00:00,2026-04-24 21:00:00,Lasso,16223.373,16413.087064646377,4
2026-04-25 02:00:00,2026-04-24 22:00:00,Lasso,15405.066,15480.472016792293,4
2026-04-25 03:00:00,2026-04-24 23:00:00,Lasso,14565.149,14725.525779393505,4
2026-04-25 04:00:00,2026-04-25 00:00:00,Lasso,13779.314999999999,13954.710869975122,4
2026-04-25 05:00:00,2026-04-25 01:00:00,Lasso,13416.499,13499.72213055911,4
2026-04-25 06:00:00,2026-04-25 02:00:00,Lasso,13143.752,13274.777017789063,4
2026-04-25 07:00:00,2026-04-25 03:00:00,Lasso,12984.437,13168.541717526014,4
2026-04-25 08:00:00,2026-04-25 04:00:00,Lasso,12959.974,13260.461978400192,4
2026-04-25 09:00:00,2026-04-25 05:00:00,Lasso,13100.407,13869.755202086752,4
2026-04-25 10:00:00,2026-04-25 06:00:00,Lasso,13337.791000000001,14612.557002170317,4
2026-04-25 11:00:00,2026-04-25 07:00:00,Lasso,13691.589,15097.396190789957,4
2026-04-25 12:00:00,2026-04-25 08:00:00,Lasso,14054.818,15396.747140537545,4
2026-04-25 13:00:00,2026-04-25 09:00:00,Lasso,14332.348999999998,15567.189311583083,4
2026-04-25 14:00:00,2026-04-25 10:00:00,Lasso,14462.792000000001,15741.525236178455,4
2026-04-25 15:00:00,2026-04-25 11:00:00,Lasso,14640.881000000001,16044.923150610546,4
2026-04-25 16:00:00,2026-04-25 12:00:00,Lasso,14733.583999999999,16236.31705619746,4
2026-04-25 17:00:00,2026-04-25 13:00:00,Lasso,14899.864000000001,16658.099651701745,4
2026-04-25 18:00:00,2026-04-25 14:00:00,Lasso,14954.626,16778.70330527601,4
2026-04-25 19:00:00,2026-04-25 15:00:00,Lasso,14941.895,16951.973275105534,4
2026-04-25 20:00:00,2026-04-25 16:00:00,Lasso,15099.07,17044.61053637419,4
2026-04-25 21:00:00,2026-04-25 17:00:00,Lasso,15258.724,17065.631769899435,4
2026-04-25 22:00:00,2026-04-25 18:00:00,Lasso,15240.294,16887.7661009819,4
2026-04-25 23:00:00,2026-04-25 19:00:00,Lasso,15121.766,16551.77078884204,4
2026-04-26 00:00:00,2026-04-25 20:00:00,Lasso,14965.946,16399.572069257723,4
2026-04-26 01:00:00,2026-04-25 21:00:00,Lasso,14737.351,15983.805514562951,4
2026-04-26 02:00:00,2026-04-25 22:00:00,Lasso,14113.195,15182.515930669482,4
2026-04-26 03:00:00,2026-04-25 23:00:00,Lasso,13496.41,14372.701064676292,4
2026-04-26 04:00:00,2026-04-26 00:00:00,Lasso,13069.923,14088.341981448308,4
2026-04-26 05:00:00,2026-04-26 01:00:00,Lasso,12775.065,13787.911043827273,4
2026-04-26 06:00:00,2026-04-26 02:00:00,Lasso,12541.75,13528.457777252217,4
2026-04-26 07:00:00,2026-04-26 03:00:00,Lasso,12504.298999999999,13396.169271225757,4
2026-04-26 08:00:00,2026-04-26 04:00:00,Lasso,12518.961,13427.680307059445,4
2026-04-26 09:00:00,2026-04-26 05:00:00,Lasso,12571.56,13622.564939527481,4
2026-04-26 10:00:00,2026-04-26 06:00:00,Lasso,12892.669,13962.514642077433,4
2026-04-26 11:00:00,2026-04-26 07:00:00,Lasso,13150.23,14346.023239602337,4
2026-04-26 12:00:00,2026-04-26 08:00:00,Lasso,13653.842,14663.337791952497,4
2026-04-26 13:00:00,2026-04-26 09:00:00,Lasso,14046.891,14899.98082290853,4
2026-04-26 14:00:00,2026-04-26 10:00:00,Lasso,14117.974,15019.680655758513,4
2026-04-26 15:00:00,2026-04-26 11:00:00,Lasso,14265.087,15217.138271273188,4
2026-04-26 16:00:00,2026-04-26 12:00:00,Lasso,14317.961,15376.375442228837,4
2026-04-26 17:00:00,2026-04-26 13:00:00,Lasso,14240.627,15576.432937080423,4
2026-04-26 18:00:00,2026-04-26 14:00:00,Lasso,14233.061,15684.047278790797,4
2026-04-26 19:00:00,2026-04-26 15:00:00,Lasso,14116.719000000001,15705.070587784678,4
2026-04-26 20:00:00,2026-04-26 16:00:00,Lasso,14358.071,15922.886447326257,4
2026-04-26 21:00:00,2026-04-26 17:00:00,Lasso,14641.332,16093.783224544173,4
2026-04-26 22:00:00,2026-04-26 18:00:00,Lasso,14707.604,16083.970030777069,4
2026-04-26 23:00:00,2026-04-26 19:00:00,Lasso,14652.224000000002,15971.093724596803,4
2026-04-27 00:00:00,2026-04-26 20:00:00,Lasso,14925.718,15829.966586106304,4
2026-04-27 01:00:00,2026-04-26 21:00:00,Lasso,14829.775,15567.803749128278,4
2026-04-27 02:00:00,2026-04-26 22:00:00,Lasso,14263.794,14883.108843362857,4
2026-04-27 03:00:00,2026-04-26 23:00:00,Lasso,13627.896,14260.648147937422,4
2026-04-27 04:00:00,2026-04-27 00:00:00,Lasso,13234.52,14691.898582371448,4
2026-04-27 05:00:00,2026-04-27 01:00:00,Lasso,13031.745,14376.829272079285,4
2026-04-27 06:00:00,2026-04-27 02:00:00,Lasso,12953.631,14145.916334027734,4
2026-04-27 07:00:00,2026-04-27 03:00:00,Lasso,12976.764,14108.951748170904,4
2026-04-27 08:00:00,2026-04-27 04:00:00,Lasso,13301.567,14134.037346491019,4
2026-04-27 09:00:00,2026-04-27 05:00:00,Lasso,13952.309000000001,14282.944380766414,4
2026-04-27 10:00:00,2026-04-27 06:00:00,Lasso,14866.458,14699.273690340759,4
2026-04-27 11:00:00,2026-04-27 07:00:00,Lasso,15298.25,14990.813987639815,4
2026-04-27 12:00:00,2026-04-27 08:00:00,Lasso,15432.887,15484.855787440383,4
2026-04-27 13:00:00,2026-04-27 09:00:00,Lasso,15362.997,15835.23935546668,4
2026-04-27 14:00:00,2026-04-27 10:00:00,Lasso,15464.053,15908.724256405443,4
2026-04-27 15:00:00,2026-04-27 11:00:00,Lasso,15438.162,16105.200706731233,4
2026-04-27 16:00:00,2026-04-27 12:00:00,Lasso,15536.801,16193.02298849903,4
2026-04-27 17:00:00,2026-04-27 13:00:00,Lasso,15707.867,16207.079488940068,4
2026-04-27 18:00:00,2026-04-27 14:00:00,Lasso,15981.243999999999,16248.917258821559,4
2026-04-27 19:00:00,2026-04-27 15:00:00,Lasso,16126.295999999998,16187.229077511678,4
2026-04-27 20:00:00,2026-04-27 16:00:00,Lasso,16377.985,16445.581816012374,4
2026-04-27 21:00:00,2026-04-27 17:00:00,Lasso,16528.292999999998,16693.079337942276,4
2026-04-27 22:00:00,2026-04-27 18:00:00,Lasso,16391.28,16698.8024213593,4
2026-04-27 23:00:00,2026-04-27 19:00:00,Lasso,16351.686000000002,16584.289488942617,4
2026-04-28 00:00:00,2026-04-27 20:00:00,Lasso,16298.655999999999,16810.02880736588,4
2026-04-28 01:00:00,2026-04-27 21:00:00,Lasso,15853.772,16629.21347755459,4
2026-04-28 02:00:00,2026-04-27 22:00:00,Lasso,15201.157000000001,15991.512750473397,4
2026-04-28 03:00:00,2026-04-27 23:00:00,Lasso,14506.845000000001,15325.185649242063,4
2026-04-28 04:00:00,2026-04-28 00:00:00,Lasso,14028.948,13914.246580296996,4
2026-04-28 05:00:00,2026-04-28 01:00:00,Lasso,13613.033,13702.535924082227,4
2026-04-28 06:00:00,2026-04-28 02:00:00,Lasso,13336.092,13602.37971222036,4
2026-04-28 07:00:00,2026-04-28 03:00:00,Lasso,13300.148,13595.849785163076,4
2026-04-28 08:00:00,2026-04-28 04:00:00,Lasso,13400.168,13881.80376916331,4
2026-04-28 09:00:00,2026-04-28 05:00:00,Lasso,13919.628,14470.418701244853,4
2026-04-28 10:00:00,2026-04-28 06:00:00,Lasso,14891.919,15274.617931500592,4
2026-04-28 11:00:00,2026-04-28 07:00:00,Lasso,15370.688,15635.508278307721,4
2026-04-28 12:00:00,2026-04-28 08:00:00,Lasso,15419.7,15756.2646786369,4
2026-04-28 13:00:00,2026-04-28 09:00:00,Lasso,15633.479,15709.1543563536,4
2026-04-28 14:00:00,2026-04-28 10:00:00,Lasso,15712.364000000001,15830.114539442387,4
2026-04-28 15:00:00,2026-04-28 11:00:00,Lasso,15752.75,15825.968422127258,4
2026-04-28 16:00:00,2026-04-28 12:00:00,Lasso,15863.155999999999,15938.12697724892,4
2026-04-28 17:00:00,2026-04-28 13:00:00,Lasso,15906.192,16126.322645116012,4
2026-04-28 18:00:00,2026-04-28 14:00:00,Lasso,15905.130000000001,16375.955321155725,4
2026-04-28 19:00:00,2026-04-28 15:00:00,Lasso,15900.408,16489.439048282307,4
2026-04-28 20:00:00,2026-04-28 16:00:00,Lasso,15969.625,16723.07372228001,4
2026-04-28 21:00:00,2026-04-28 17:00:00,Lasso,16178.457,16850.41487572283,4
2026-04-28 22:00:00,2026-04-28 18:00:00,Lasso,16221.42,16699.308469745927,4
2026-04-28 23:00:00,2026-04-28 19:00:00,Lasso,16070.372,16649.61358805069,4
2026-04-29 00:00:00,2026-04-28 20:00:00,Lasso,16112.55,16552.83322644417,4
2026-04-29 01:00:00,2026-04-28 21:00:00,Lasso,15848.248,16102.16498863226,4
2026-04-29 02:00:00,2026-04-28 22:00:00,Lasso,15025.294,15445.556784078306,4
2026-04-29 03:00:00,2026-04-28 23:00:00,Lasso,14225.457,14773.605321997125,4
2026-04-29 04:00:00,2026-04-29 00:00:00,Lasso,13647.09,14575.102356798068,4
2026-04-29 05:00:00,2026-04-29 01:00:00,Lasso,13315.075,14181.242685298696,4
2026-04-29 06:00:00,2026-04-29 02:00:00,Lasso,13113.492,13915.610456265147,4
2026-04-29 07:00:00,2026-04-29 03:00:00,Lasso,13057.775000000001,13892.25447001894,4
2026-04-29 08:00:00,2026-04-29 04:00:00,Lasso,13296.185,13967.781908376695,4
2026-04-29 09:00:00,2026-04-29 05:00:00,Lasso,13746.628999999999,14409.725218863245,4
2026-04-29 10:00:00,2026-04-29 06:00:00,Lasso,14594.607,15270.339699638203,4
2026-04-29 11:00:00,2026-04-29 07:00:00,Lasso,15098.259,15651.809035897093,4
2026-04-29 12:00:00,2026-04-29 08:00:00,Lasso,15309.586,15745.643058673231,4
2026-04-29 13:00:00,2026-04-29 09:00:00,Lasso,15508.402999999998,16021.399841198807,4
2026-04-29 14:00:00,2026-04-29 10:00:00,Lasso,15767.371,16090.15504369045,4
2026-04-29 15:00:00,2026-04-29 11:00:00,Lasso,15866.796999999999,16157.915985697771,4
2026-04-29 16:00:00,2026-04-29 12:00:00,Lasso,15872.645,16270.125598444009,4
2026-04-29 17:00:00,2026-04-29 13:00:00,Lasso,15868.462,16286.522322498662,4
2026-04-29 18:00:00,2026-04-29 14:00:00,Lasso,15874.473,16276.898697667579,4
2026-04-29 19:00:00,2026-04-29 15:00:00,Lasso,15749.831,16254.53459511933,4
2026-04-29 20:00:00,2026-04-29 16:00:00,Lasso,15699.452,16361.618262856322,4
2026-04-29 21:00:00,2026-04-29 17:00:00,Lasso,15695.162,16602.49054053305,4
2026-04-29 22:00:00,2026-04-29 18:00:00,Lasso,15667.683,16649.72572887582,4
2026-04-29 23:00:00,2026-04-29 19:00:00,Lasso,15582.359,16502.5617248364,4
2026-04-30 00:00:00,2026-04-29 20:00:00,Lasso,15665.519,16610.69113702894,4
2026-04-30 01:00:00,2026-04-29 21:00:00,Lasso,15450.752,16367.69880195774,4
2026-04-30 02:00:00,2026-04-29 22:00:00,Lasso,14761.486,15558.094155564033,4
2026-04-30 03:00:00,2026-04-29 23:00:00,Lasso,14079.894,14807.324305381491,4
2026-04-30 04:00:00,2026-04-30 00:00:00,Lasso,13666.528,13978.508933764182,4
2026-04-30 05:00:00,2026-04-30 01:00:00,Lasso,13344.652999999998,13702.116107766315,4
2026-04-30 06:00:00,2026-04-30 02:00:00,Lasso,13280.766,13539.910888578399,4
2026-04-30 07:00:00,2026-04-30 03:00:00,Lasso,13228.354,13507.273806122359,4
2026-04-30 08:00:00,2026-04-30 04:00:00,Lasso,13515.684000000001,13783.466848570339,4
2026-04-30 09:00:00,2026-04-30 05:00:00,Lasso,14044.643,14269.35794004404,4
2026-04-30 10:00:00,2026-04-30 06:00:00,Lasso,15025.060000000001,15130.744993546276,4
2026-04-30 11:00:00,2026-04-30 07:00:00,Lasso,15519.867,15578.040168795744,4
2026-04-30 12:00:00,2026-04-30 08:00:00,Lasso,15775.848000000002,15755.652918484107,4
2026-04-30 13:00:00,2026-04-30 09:00:00,Lasso,15704.339,15902.62677628728,4
2026-04-30 14:00:00,2026-04-30 10:00:00,Lasso,15724.128,16146.730280517862,4
2026-04-30 15:00:00,2026-04-30 11:00:00,Lasso,15601.08,16217.730063495093,4
2026-04-30 16:00:00,2026-04-30 12:00:00,Lasso,15531.973,16237.628452202473,4
2026-04-30 17:00:00,2026-04-30 13:00:00,Lasso,15395.125,16274.637292746937,4
2026-04-30 18:00:00,2026-04-30 14:00:00,Lasso,15169.909,16343.382725520805,4
2026-04-30 19:00:00,2026-04-30 15:00:00,Lasso,15028.029999999999,16266.567505695295,4
2026-04-30 20:00:00,2026-04-30 16:00:00,Lasso,14989.043000000001,16285.24992550809,4
2026-04-30 21:00:00,2026-04-30 17:00:00,Lasso,15003.978,16312.6253311876,4
2026-04-30 22:00:00,2026-04-30 18:00:00,Lasso,15028.363,16268.129497674356,4
2026-04-30 23:00:00,2026-04-30 19:00:00,Lasso,15203.953000000001,16198.565007810403,4
2026-05-01 00:00:00,2026-04-30 20:00:00,Lasso,15396.28,16273.920206696668,4
2026-05-01 01:00:00,2026-04-30 21:00:00,Lasso,15461.01,15999.876835786526,4
2026-05-01 02:00:00,2026-04-30 22:00:00,Lasso,14901.68,15302.995880714789,4
2026-05-01 03:00:00,2026-04-30 23:00:00,Lasso,14422.850999999999,14644.05264888226,4
2026-05-01 04:00:00,2026-05-01 00:00:00,Lasso,13945.405999999999,13767.097339339296,4
2026-05-01 05:00:00,2026-05-01 01:00:00,Lasso,13761.863000000001,13440.01576333337,4
2026-05-01 06:00:00,2026-05-01 02:00:00,Lasso,13726.514000000001,13361.82708795096,4
2026-05-01 07:00:00,2026-05-01 03:00:00,Lasso,13768.387,13309.217709435079,4
2026-05-01 08:00:00,2026-05-01 04:00:00,Lasso,14048.603,13579.754205687514,4
2026-05-01 09:00:00,2026-05-01 05:00:00,Lasso,14635.093,14111.57981323887,4
2026-05-01 10:00:00,2026-05-01 06:00:00,Lasso,15584.461,15102.985999808168,4
2026-05-01 11:00:00,2026-05-01 07:00:00,Lasso,16074.819,15534.336458002148,4
2026-05-01 12:00:00,2026-05-01 08:00:00,Lasso,16118.05,15725.899764334406,4
2026-05-01 13:00:00,2026-05-01 09:00:00,Lasso,15923.743999999999,15671.459765804284,4
2026-05-01 14:00:00,2026-05-01 10:00:00,Lasso,15876.421,15705.089012412207,4
2026-05-01 15:00:00,2026-05-01 11:00:00,Lasso,15646.401999999998,15603.050231289513,4
2026-05-01 16:00:00,2026-05-01 12:00:00,Lasso,15454.802,15583.360503691703,4
2026-05-01 17:00:00,2026-05-01 13:00:00,Lasso,15420.645,15485.39410595427,4
2026-05-01 18:00:00,2026-05-01 14:00:00,Lasso,15387.409,15304.03927658366,4
2026-05-01 19:00:00,2026-05-01 15:00:00,Lasso,15050.541,15213.331905068331,4
2026-05-01 20:00:00,2026-05-01 16:00:00,Lasso,15167.832999999999,15218.650815079865,4
2026-05-01 21:00:00,2026-05-01 17:00:00,Lasso,15182.512,15286.453170126775,4
2026-05-01 22:00:00,2026-05-01 18:00:00,Lasso,14993.511999999999,15325.946703108099,4
2026-05-01 23:00:00,2026-05-01 19:00:00,Lasso,14996.921,15467.42012729896,4
2026-05-02 00:00:00,2026-05-01 20:00:00,Lasso,15259.301,15634.82502271442,4
2026-05-02 01:00:00,2026-05-01 21:00:00,Lasso,15255.241,15638.046532830283,4
2026-05-02 02:00:00,2026-05-01 22:00:00,Lasso,14835.291000000001,14995.123933784653,4
2026-05-02 03:00:00,2026-05-01 23:00:00,Lasso,14256.228,14483.820023074839,4
2026-05-02 04:00:00,2026-05-02 00:00:00,Lasso,13876.029999999999,13796.22660316919,4
2026-05-02 05:00:00,2026-05-02 01:00:00,Lasso,13652.657,13616.926968558939,4
2026-05-02 06:00:00,2026-05-02 02:00:00,Lasso,13572.123,13558.712329757307,4
2026-05-02 07:00:00,2026-05-02 03:00:00,Lasso,13513.069,13586.101207011185,4
2026-05-02 08:00:00,2026-05-02 04:00:00,Lasso,13684.476999999999,13864.267269039952,4
2026-05-02 09:00:00,2026-05-02 05:00:00,Lasso,13945.134,14431.566089510356,4
2026-05-02 10:00:00,2026-05-02 06:00:00,Lasso,14365.836,15357.188458759898,4
2026-05-02 11:00:00,2026-05-02 07:00:00,Lasso,14661.395999999999,15790.80276028635,4
2026-05-02 12:00:00,2026-05-02 08:00:00,Lasso,14907.432999999999,15814.516728197332,4
2026-05-02 13:00:00,2026-05-02 09:00:00,Lasso,14814.939,15677.568448021619,4
2026-05-02 14:00:00,2026-05-02 10:00:00,Lasso,14772.323,15706.021949335802,4
2026-05-02 15:00:00,2026-05-02 11:00:00,Lasso,14805.295,15532.848784467187,4
2026-05-02 16:00:00,2026-05-02 12:00:00,Lasso,14643.382,15392.591561577072,4
2026-05-02 17:00:00,2026-05-02 13:00:00,Lasso,14387.55,15396.111099752314,4
2026-05-02 18:00:00,2026-05-02 14:00:00,Lasso,14295.571,15392.303007974446,4
2026-05-02 19:00:00,2026-05-02 15:00:00,Lasso,14218.699,15078.969793653692,4
2026-05-02 20:00:00,2026-05-02 16:00:00,Lasso,14305.237,15218.288968337296,4
2026-05-02 21:00:00,2026-05-02 17:00:00,Lasso,14457.851,15226.294778319156,4
2026-05-02 22:00:00,2026-05-02 18:00:00,Lasso,14523.402,15049.24607887787,4
2026-05-02 23:00:00,2026-05-02 19:00:00,Lasso,14543.385,15047.279724381775,4
2026-05-03 00:00:00,2026-05-02 20:00:00,Lasso,14881.669,15295.460626883743,4
2026-05-03 01:00:00,2026-05-02 21:00:00,Lasso,14901.117,15223.789037986691,4
2026-05-03 02:00:00,2026-05-02 22:00:00,Lasso,14585.007,14734.52743481614,4
2026-05-03 03:00:00,2026-05-02 23:00:00,Lasso,14290.133,14130.896355917102,4
2026-05-03 04:00:00,2026-05-03 00:00:00,Lasso,14038.516,14213.065080961547,4
2026-05-03 05:00:00,2026-05-03 01:00:00,Lasso,13993.964,13983.721215696121,4
2026-05-03 06:00:00,2026-05-03 02:00:00,Lasso,13941.571,13912.809729926194,4
2026-05-03 07:00:00,2026-05-03 03:00:00,Lasso,14104.788,13847.904090652362,4
2026-05-03 08:00:00,2026-05-03 04:00:00,Lasso,14199.972,14046.242626020887,4
2026-05-03 09:00:00,2026-05-03 05:00:00,Lasso,14505.052,14338.09410057934,4
2026-05-03 10:00:00,2026-05-03 06:00:00,Lasso,14842.405,14839.952439099998,4
2026-05-03 11:00:00,2026-05-03 07:00:00,Lasso,15086.546999999999,15150.772602522007,4
2026-05-03 12:00:00,2026-05-03 08:00:00,Lasso,15163.716,15408.551960154318,4
2026-05-03 13:00:00,2026-05-03 09:00:00,Lasso,14875.827000000001,15311.090571848463,4
2026-05-03 14:00:00,2026-05-03 10:00:00,Lasso,14554.544000000002,15300.990424042211,4
2026-05-03 15:00:00,2026-05-03 11:00:00,Lasso,14322.644,15339.889304523957,4
2026-05-03 16:00:00,2026-05-03 12:00:00,Lasso,14228.757000000001,15200.724552071033,4
2026-05-03 17:00:00,2026-05-03 13:00:00,Lasso,14024.725999999999,14972.189741546621,4
2026-05-03 18:00:00,2026-05-03 14:00:00,Lasso,13818.856,14886.670271160752,4
2026-05-03 19:00:00,2026-05-03 15:00:00,Lasso,13982.932,14830.609370467382,4
2026-05-03 20:00:00,2026-05-03 16:00:00,Lasso,14058.723000000002,14917.27910281148,4
2026-05-03 21:00:00,2026-05-03 17:00:00,Lasso,14334.706999999999,15063.953836854458,4
2026-05-03 22:00:00,2026-05-03 18:00:00,Lasso,14517.865,15133.788831200323,4
2026-05-03 23:00:00,2026-05-03 19:00:00,Lasso,14719.002,15184.547480341087,4
2026-05-04 00:00:00,2026-05-03 20:00:00,Lasso,15028.349,15519.745451593053,4
2026-05-04 01:00:00,2026-05-03 21:00:00,Lasso,14893.233,15520.65876886804,4
2026-05-04 02:00:00,2026-05-03 22:00:00,Lasso,14633.201000000001,15143.058558735458,4
2026-05-04 03:00:00,2026-05-03 23:00:00,Lasso,14121.544,14835.657380580833,4
2026-05-04 04:00:00,2026-05-04 00:00:00,Lasso,13879.893,15411.198453097582,4
2026-05-04 05:00:00,2026-05-04 01:00:00,Lasso,13585.546999999999,15362.49212030614,4
2026-05-04 06:00:00,2026-05-04 02:00:00,Lasso,13522.454,15308.129511543673,4
2026-05-04 07:00:00,2026-05-04 03:00:00,Lasso,13711.314,15467.19298782292,4
2026-05-04 08:00:00,2026-05-04 04:00:00,Lasso,14153.391,15577.375176439127,4
2026-05-04 09:00:00,2026-05-04 05:00:00,Lasso,14718.27,15941.024277091297,4
2026-05-04 10:00:00,2026-05-04 06:00:00,Lasso,15615.015,16376.633461538167,4
2026-05-04 11:00:00,2026-05-04 07:00:00,Lasso,15988.855,16646.45450643009,4
2026-05-04 12:00:00,2026-05-04 08:00:00,Lasso,16058.541000000001,16692.90389067327,4
2026-05-04 13:00:00,2026-05-04 09:00:00,Lasso,15993.723,16394.84656203507,4
2026-05-04 14:00:00,2026-05-04 10:00:00,Lasso,15901.236,16126.67046726252,4
2026-05-04 15:00:00,2026-05-04 11:00:00,Lasso,15838.813,15908.479833466525,4
2026-05-04 16:00:00,2026-05-04 12:00:00,Lasso,15819.344000000001,15828.41101341645,4
2026-05-04 17:00:00,2026-05-04 13:00:00,Lasso,15869.719000000001,15669.013729468557,4
2026-05-04 18:00:00,2026-05-04 14:00:00,Lasso,15863.462,15508.796497523439,4
2026-05-04 19:00:00,2026-05-04 15:00:00,Lasso,15883.559000000001,15630.740981047333,4
2026-05-04 20:00:00,2026-05-04 16:00:00,Lasso,15938.186000000002,15713.234211818273,4
2026-05-04 21:00:00,2026-05-04 17:00:00,Lasso,16107.715,15963.445083374825,4
2026-05-04 22:00:00,2026-05-04 18:00:00,Lasso,16233.613000000001,16073.93385629407,4
2026-05-04 23:00:00,2026-05-04 19:00:00,Lasso,16335.313000000002,16244.77124801031,4
2026-05-05 00:00:00,2026-05-04 20:00:00,Lasso,16368.021999999999,16542.523854183986,4
2026-05-05 01:00:00,2026-05-04 21:00:00,Lasso,16094.825,16386.47627821384,4
2026-05-05 02:00:00,2026-05-04 22:00:00,Lasso,15451.268,16092.795569311604,4
2026-05-05 03:00:00,2026-05-04 23:00:00,Lasso,14693.555,15546.163392102784,4
2026-05-05 04:00:00,2026-05-05 00:00:00,Lasso,14100.616000000002,14331.622605853778,4
2026-05-05 05:00:00,2026-05-05 01:00:00,Lasso,13766.003,14035.92802726213,4
2026-05-05 06:00:00,2026-05-05 02:00:00,Lasso,13515.24,13986.015166203973,4
2026-05-05 07:00:00,2026-05-05 03:00:00,Lasso,13534.608,14141.272950432915,4
2026-05-05 08:00:00,2026-05-05 04:00:00,Lasso,13646.686,14555.44530189829,4
2026-05-05 09:00:00,2026-05-05 05:00:00,Lasso,14238.041000000001,15066.075583218564,4
2026-05-05 10:00:00,2026-05-05 06:00:00,Lasso,15062.285,15899.099531718966,4
2026-05-05 11:00:00,2026-05-05 07:00:00,Lasso,15475.715,16202.552965100629,4
2026-05-05 12:00:00,2026-05-05 08:00:00,Lasso,15663.058,16273.95129126292,4
2026-05-05 13:00:00,2026-05-05 09:00:00,Lasso,15716.164,16206.150285954973,4
2026-05-05 14:00:00,2026-05-05 10:00:00,Lasso,15834.239000000001,16137.171643290367,4
2026-05-05 15:00:00,2026-05-05 11:00:00,Lasso,16002.262999999999,16108.640796197189,4
2026-05-05 16:00:00,2026-05-05 12:00:00,Lasso,16183.261000000002,16073.791770320297,4
2026-05-05 17:00:00,2026-05-05 13:00:00,Lasso,16340.747,16087.810160740086,4
2026-05-05 18:00:00,2026-05-05 14:00:00,Lasso,16278.307,16073.61531633449,4
2026-05-05 19:00:00,2026-05-05 15:00:00,Lasso,16229.953000000001,16070.9862076926,4
2026-05-05 20:00:00,2026-05-05 16:00:00,Lasso,16241.853,16132.324894072413,4
2026-05-05 21:00:00,2026-05-05 17:00:00,Lasso,16329.771999999999,16296.303924314449,4
2026-05-05 22:00:00,2026-05-05 18:00:00,Lasso,16261.702000000001,16396.437758491254,4
2026-05-05 23:00:00,2026-05-05 19:00:00,Lasso,16400.387,16466.50124676886,4
2026-05-06 00:00:00,2026-05-05 20:00:00,Lasso,16296.319,16527.488373858654,4
2026-05-06 01:00:00,2026-05-05 21:00:00,Lasso,16104.481,16275.844192522283,4
2026-05-06 02:00:00,2026-05-05 22:00:00,Lasso,15378.401,15653.688914052409,4
2026-05-06 03:00:00,2026-05-05 23:00:00,Lasso,14706.614000000001,14976.957578987991,4
2026-05-06 04:00:00,2026-05-06 00:00:00,Lasso,14155.530999999999,14703.759393842844,4
2026-05-06 05:00:00,2026-05-06 01:00:00,Lasso,13911.15,14448.160812677483,4
2026-05-06 06:00:00,2026-05-06 02:00:00,Lasso,13728.181,14233.35873524336,4
2026-05-06 07:00:00,2026-05-06 03:00:00,Lasso,13664.715,14288.189552484637,4
2026-05-06 08:00:00,2026-05-06 04:00:00,Lasso,13842.32,14379.954913753276,4
2026-05-06 09:00:00,2026-05-06 05:00:00,Lasso,14302.153999999999,14940.96877068341,4
2026-05-06 10:00:00,2026-05-06 06:00:00,Lasso,15128.145,15665.25079260728,4
2026-05-06 11:00:00,2026-05-06 07:00:00,Lasso,15521.977,16003.443466687615,4
2026-05-06 12:00:00,2026-05-06 08:00:00,Lasso,15780.373,16156.67874634411,4
2026-05-06 13:00:00,2026-05-06 09:00:00,Lasso,15854.298999999999,16146.595819825252,4
2026-05-06 14:00:00,2026-05-06 10:00:00,Lasso,15740.101999999999,16204.56080655102,4
2026-05-06 15:00:00,2026-05-06 11:00:00,Lasso,15603.901,16318.257674010922,4
2026-05-06 16:00:00,2026-05-06 12:00:00,Lasso,15812.255,16462.944268283212,4
2026-05-06 17:00:00,2026-05-06 13:00:00,Lasso,15803.468,16560.047636656444,4
2026-05-06 18:00:00,2026-05-06 14:00:00,Lasso,15692.723,16459.12449480396,4
2026-05-06 19:00:00,2026-05-06 15:00:00,Lasso,15594.429,16458.309700182686,4
2026-05-06 20:00:00,2026-05-06 16:00:00,Lasso,15562.832,16492.25166338992,4
2026-05-06 21:00:00,2026-05-06 17:00:00,Lasso,15785.573,16620.77232599345,4
2026-05-06 22:00:00,2026-05-06 18:00:00,Lasso,15785.097,16582.404045886367,4
2026-05-06 23:00:00,2026-05-06 19:00:00,Lasso,15837.427,16751.05672669113,4
2026-05-07 00:00:00,2026-05-06 20:00:00,Lasso,15952.227,16699.61389488603,4
2026-05-07 01:00:00,2026-05-06 21:00:00,Lasso,15857.357,16519.615212374047,4
2026-05-07 02:00:00,2026-05-06 22:00:00,Lasso,15254.66,15849.474455021124,4
2026-05-07 03:00:00,2026-05-06 23:00:00,Lasso,14480.307,15234.18348863636,4
2026-05-07 04:00:00,2026-05-07 00:00:00,Lasso,14025.194,14452.826562749062,4
2026-05-07 05:00:00,2026-05-07 01:00:00,Lasso,13788.734,14232.252363744343,4
2026-05-07 06:00:00,2026-05-07 02:00:00,Lasso,13772.027,14080.002689610932,4
2026-05-07 07:00:00,2026-05-07 03:00:00,Lasso,13805.354,14065.883654580806,4
2026-05-07 08:00:00,2026-05-07 04:00:00,Lasso,14090.359,14307.3491568092,4
2026-05-07 09:00:00,2026-05-07 05:00:00,Lasso,14546.252,14786.508016851818,4
2026-05-07 10:00:00,2026-05-07 06:00:00,Lasso,15471.772,15630.185351641565,4
2026-05-07 11:00:00,2026-05-07 07:00:00,Lasso,15864.212,15969.256766381099,4
2026-05-07 12:00:00,2026-05-07 08:00:00,Lasso,16051.853,16179.11741479641,4
2026-05-07 13:00:00,2026-05-07 09:00:00,Lasso,15978.667000000001,16214.980139012325,4
2026-05-07 14:00:00,2026-05-07 10:00:00,Lasso,15982.0,16087.892514455823,4
2026-05-07 15:00:00,2026-05-07 11:00:00,Lasso,15877.315,15963.20845677377,4
2026-05-07 16:00:00,2026-05-07 12:00:00,Lasso,15777.028,16167.25331267016,4
2026-05-07 17:00:00,2026-05-07 13:00:00,Lasso,15614.455000000002,16155.894799592083,4
2026-05-07 18:00:00,2026-05-07 14:00:00,Lasso,15563.547999999999,16071.18580570263,4
2026-05-07 19:00:00,2026-05-07 15:00:00,Lasso,15452.79,16010.631019408676,4
2026-05-07 20:00:00,2026-05-07 16:00:00,Lasso,15449.692,16012.605868405351,4
2026-05-07 21:00:00,2026-05-07 17:00:00,Lasso,15391.764000000001,16258.53316508251,4
2026-05-07 22:00:00,2026-05-07 18:00:00,Lasso,15463.368,16273.599775639399,4
2026-05-07 23:00:00,2026-05-07 19:00:00,Lasso,15537.078,16339.662589447875,4
2026-05-08 00:00:00,2026-05-07 20:00:00,Lasso,15757.849,16455.627727810304,4
2026-05-08 01:00:00,2026-05-07 21:00:00,Lasso,15748.609,16316.976874654389,4
2026-05-08 02:00:00,2026-05-07 22:00:00,Lasso,15194.613000000001,15685.182122764805,4
2026-05-08 03:00:00,2026-05-07 23:00:00,Lasso,14720.046,14914.08810575596,4
2026-05-08 04:00:00,2026-05-08 00:00:00,Lasso,14345.475,13984.064038567787,4
2026-05-08 05:00:00,2026-05-08 01:00:00,Lasso,14074.587,13750.267761456427,4
2026-05-08 06:00:00,2026-05-08 02:00:00,Lasso,14004.455000000002,13712.21810389545,4
2026-05-08 07:00:00,2026-05-08 03:00:00,Lasso,14011.49,13745.494129456014,4
2026-05-08 08:00:00,2026-05-08 04:00:00,Lasso,14456.653,14011.841185478763,4
2026-05-08 09:00:00,2026-05-08 05:00:00,Lasso,15103.925,14489.554643048981,4
2026-05-08 10:00:00,2026-05-08 06:00:00,Lasso,15991.411,15410.369900063924,4
2026-05-08 11:00:00,2026-05-08 07:00:00,Lasso,16392.294,15746.150701111672,4
2026-05-08 12:00:00,2026-05-08 08:00:00,Lasso,16426.642,15907.873632418277,4
2026-05-08 13:00:00,2026-05-08 09:00:00,Lasso,16214.503,15835.17273162872,4
2026-05-08 14:00:00,2026-05-08 10:00:00,Lasso,16049.499,15880.263251907083,4
2026-05-08 15:00:00,2026-05-08 11:00:00,Lasso,15881.490000000002,15830.867416694753,4
2026-05-08 16:00:00,2026-05-08 12:00:00,Lasso,15798.458,15781.123062221539,4
2026-05-08 17:00:00,2026-05-08 13:00:00,Lasso,15770.873,15682.37617111796,4
2026-05-08 18:00:00,2026-05-08 14:00:00,Lasso,15509.012999999999,15656.287597900304,4
2026-05-08 19:00:00,2026-05-08 15:00:00,Lasso,15475.392,15566.21352438684,4
2026-05-08 20:00:00,2026-05-08 16:00:00,Lasso,15484.657,15586.985706324896,4
2026-05-08 21:00:00,2026-05-08 17:00:00,Lasso,15442.003,15547.368088528825,4
2026-05-08 22:00:00,2026-05-08 18:00:00,Lasso,15306.056,15612.896672756215,4
2026-05-08 23:00:00,2026-05-08 19:00:00,Lasso,15332.143,15702.228771735809,4
2026-05-09 00:00:00,2026-05-08 20:00:00,Lasso,15332.718,15875.312411126703,4
2026-05-09 01:00:00,2026-05-08 21:00:00,Lasso,15335.916,15815.290959998936,4
2026-05-09 02:00:00,2026-05-08 22:00:00,Lasso,14766.416000000001,15198.10755627798,4
2026-05-09 03:00:00,2026-05-08 23:00:00,Lasso,14191.631000000001,14719.82361092071,4
2026-05-09 04:00:00,2026-05-09 00:00:00,Lasso,13651.901999999998,14177.09470639317,4
2026-05-09 05:00:00,2026-05-09 01:00:00,Lasso,13394.878,13919.969910800886,4
2026-05-09 06:00:00,2026-05-09 02:00:00,Lasso,13238.876,13838.71867685273,4
2026-05-09 07:00:00,2026-05-09 03:00:00,Lasso,13240.611,13831.360336418913,4
2026-05-09 08:00:00,2026-05-09 04:00:00,Lasso,13265.65,14254.040513502885,4
2026-05-09 09:00:00,2026-05-09 05:00:00,Lasso,13474.656,14868.634588656132,4
2026-05-09 10:00:00,2026-05-09 06:00:00,Lasso,13677.313,15730.771380529039,4
2026-05-09 11:00:00,2026-05-09 07:00:00,Lasso,14168.789,16072.587705475853,4
2026-05-09 12:00:00,2026-05-09 08:00:00,Lasso,14466.109,16108.57432906648,4
2026-05-09 13:00:00,2026-05-09 09:00:00,Lasso,14569.780999999999,15932.452026429353,4
2026-05-09 14:00:00,2026-05-09 10:00:00,Lasso,14591.706,15785.141989650305,4
2026-05-09 15:00:00,2026-05-09 11:00:00,Lasso,14589.130000000001,15634.592296321745,4
2026-05-09 16:00:00,2026-05-09 12:00:00,Lasso,14544.777,15628.168589385443,4
2026-05-09 17:00:00,2026-05-09 13:00:00,Lasso,14460.935,15627.862753756212,4
2026-05-09 18:00:00,2026-05-09 14:00:00,Lasso,14460.423999999999,15381.909840784238,4
2026-05-09 19:00:00,2026-05-09 15:00:00,Lasso,14511.403,15372.113268767424,4
2026-05-09 20:00:00,2026-05-09 16:00:00,Lasso,14703.82,15386.79831029494,4
2026-05-09 21:00:00,2026-05-09 17:00:00,Lasso,14821.193,15398.657355452715,4
2026-05-09 22:00:00,2026-05-09 18:00:00,Lasso,14996.072,15278.69941924971,4
2026-05-09 23:00:00,2026-05-09 19:00:00,Lasso,14956.93,15324.408561198237,4
2026-05-10 00:00:00,2026-05-09 20:00:00,Lasso,14925.65,15334.450151065317,4
2026-05-10 01:00:00,2026-05-09 21:00:00,Lasso,14780.477,15320.324350036004,4
2026-05-10 02:00:00,2026-05-09 22:00:00,Lasso,14307.11,14709.586020219998,4
2026-05-10 03:00:00,2026-05-09 23:00:00,Lasso,13753.418,14106.582921734247,4
2026-05-10 04:00:00,2026-05-10 00:00:00,Lasso,13226.037,14028.861150432262,4
2026-05-10 05:00:00,2026-05-10 01:00:00,Lasso,12908.773000000001,13804.663327358474,4
2026-05-10 06:00:00,2026-05-10 02:00:00,Lasso,12730.255000000001,13679.079346201515,4
2026-05-10 07:00:00,2026-05-10 03:00:00,Lasso,12632.416000000001,13696.298706599082,4
2026-05-10 08:00:00,2026-05-10 04:00:00,Lasso,12579.805,13746.788061950923,4
2026-05-10 09:00:00,2026-05-10 05:00:00,Lasso,12720.249,13990.197962485596,4
2026-05-10 10:00:00,2026-05-10 06:00:00,Lasso,12828.205999999998,14292.785325153298,4
2026-05-10 11:00:00,2026-05-10 07:00:00,Lasso,13209.018,14793.378812182611,4
2026-05-10 12:00:00,2026-05-10 08:00:00,Lasso,13532.789,15072.522343150536,4
2026-05-10 13:00:00,2026-05-10 09:00:00,Lasso,13717.207999999999,15155.347291822098,4
2026-05-10 14:00:00,2026-05-10 10:00:00,Lasso,13633.8,15192.557107586417,4
2026-05-10 15:00:00,2026-05-10 11:00:00,Lasso,13820.132,15194.963811243233,4
2026-05-10 16:00:00,2026-05-10 12:00:00,Lasso,13971.106,15157.964117694848,4
2026-05-10 17:00:00,2026-05-10 13:00:00,Lasso,14068.241,15074.346764650814,4
2026-05-10 18:00:00,2026-05-10 14:00:00,Lasso,14262.8,15103.451543602057,4
2026-05-10 19:00:00,2026-05-10 15:00:00,Lasso,14468.255,15147.70107037157,4
2026-05-10 20:00:00,2026-05-10 16:00:00,Lasso,14738.391,15333.688968766312,4
2026-05-10 21:00:00,2026-05-10 17:00:00,Lasso,14852.339,15427.704676795354,4
2026-05-10 22:00:00,2026-05-10 18:00:00,Lasso,14995.07,15606.944816598552,4
2026-05-10 23:00:00,2026-05-10 19:00:00,Lasso,14997.628,15572.872651945043,4
2026-05-11 00:00:00,2026-05-10 20:00:00,Lasso,15081.821,15591.96432759414,4
2026-05-11 01:00:00,2026-05-10 21:00:00,Lasso,15123.602,15460.593204430572,4
2026-05-11 02:00:00,2026-05-10 22:00:00,Lasso,14615.237000000001,14962.676604537271,4
2026-05-11 03:00:00,2026-05-10 23:00:00,Lasso,14006.354,14432.594584588183,4
2026-05-11 04:00:00,2026-05-11 00:00:00,Lasso,13418.91,14806.33519227926,4
2026-05-11 05:00:00,2026-05-11 01:00:00,Lasso,13244.563999999998,14517.822604499415,4
2026-05-11 06:00:00,2026-05-11 02:00:00,Lasso,13091.168,14370.91116503796,4
2026-05-11 07:00:00,2026-05-11 03:00:00,Lasso,13068.548,14293.021912993137,4
2026-05-11 08:00:00,2026-05-11 04:00:00,Lasso,13285.221,14332.193593533142,4
2026-05-11 09:00:00,2026-05-11 05:00:00,Lasso,14042.449,14575.703155716925,4
2026-05-11 10:00:00,2026-05-11 06:00:00,Lasso,14959.912,14820.20973492835,4
2026-05-11 11:00:00,2026-05-11 07:00:00,Lasso,15389.826000000001,15215.814948810872,4
2026-05-11 12:00:00,2026-05-11 08:00:00,Lasso,15709.748,15479.3299463583,4
2026-05-11 13:00:00,2026-05-11 09:00:00,Lasso,15723.511,15585.813043556413,4
2026-05-11 14:00:00,2026-05-11 10:00:00,Lasso,15913.114,15473.255451043928,4
2026-05-11 15:00:00,2026-05-11 11:00:00,Lasso,15872.447,15635.330631733841,4
2026-05-11 16:00:00,2026-05-11 12:00:00,Lasso,15961.122,15759.135706643427,4
2026-05-11 17:00:00,2026-05-11 13:00:00,Lasso,16054.518,15848.469921086911,4
2026-05-11 18:00:00,2026-05-11 14:00:00,Lasso,15960.104,15982.781745857093,4
2026-05-11 19:00:00,2026-05-11 15:00:00,Lasso,15823.508,16156.795288299938,4
2026-05-11 20:00:00,2026-05-11 16:00:00,Lasso,15823.856,16387.929526381668,4
2026-05-11 21:00:00,2026-05-11 17:00:00,Lasso,15849.262,16461.672778576496,4
2026-05-11 22:00:00,2026-05-11 18:00:00,Lasso,15792.392,16553.309747724517,4
2026-05-11 23:00:00,2026-05-11 19:00:00,Lasso,15863.164,16552.6138184187,4
2026-05-12 00:00:00,2026-05-11 20:00:00,Lasso,15867.518,16631.485492846332,4
2026-05-12 01:00:00,2026-05-11 21:00:00,Lasso,15857.759,16667.30410505821,4
2026-05-12 02:00:00,2026-05-11 22:00:00,Lasso,15185.327000000001,16107.966986431307,4
2026-05-12 03:00:00,2026-05-11 23:00:00,Lasso,14572.462,15507.130185596527,4
2026-05-12 04:00:00,2026-05-12 00:00:00,Lasso,13984.166,13966.214689370661,4
2026-05-12 05:00:00,2026-05-12 01:00:00,Lasso,13721.087,13818.855674190447,4
2026-05-12 06:00:00,2026-05-12 02:00:00,Lasso,13638.875,13665.548565337598,4
2026-05-12 07:00:00,2026-05-12 03:00:00,Lasso,13683.84,13656.985713130436,4
2026-05-12 08:00:00,2026-05-12 04:00:00,Lasso,14049.116000000002,13860.324245453305,4
2026-05-12 09:00:00,2026-05-12 05:00:00,Lasso,14614.994999999999,14564.469925542286,4
2026-05-12 10:00:00,2026-05-12 06:00:00,Lasso,15489.111,15366.613047868537,4
2026-05-12 11:00:00,2026-05-12 07:00:00,Lasso,16069.462,15743.989005093625,4
2026-05-12 12:00:00,2026-05-12 08:00:00,Lasso,15947.083999999999,16031.415339158542,4
2026-05-12 13:00:00,2026-05-12 09:00:00,Lasso,15828.159,16020.710407078246,4
2026-05-12 14:00:00,2026-05-12 10:00:00,Lasso,15736.228,16199.969584126746,4
2026-05-12 15:00:00,2026-05-12 11:00:00,Lasso,15654.256000000001,16134.195460528234,4
2026-05-12 16:00:00,2026-05-12 12:00:00,Lasso,15698.464,16203.843312948611,4
2026-05-12 17:00:00,2026-05-12 13:00:00,Lasso,15747.754,16262.37092257916,4
2026-05-12 18:00:00,2026-05-12 14:00:00,Lasso,15796.954000000002,16158.683993286608,4
2026-05-12 19:00:00,2026-05-12 15:00:00,Lasso,15835.810000000001,16042.847330072433,4
2026-05-12 20:00:00,2026-05-12 16:00:00,Lasso,16013.749,16080.192890095703,4
2026-05-12 21:00:00,2026-05-12 17:00:00,Lasso,16201.613,16121.773938550394,4
2026-05-12 22:00:00,2026-05-12 18:00:00,Lasso,16230.229000000001,16093.185263541767,4
2026-05-12 23:00:00,2026-05-12 19:00:00,Lasso,16257.307,16154.769036554713,4
2026-05-13 00:00:00,2026-05-12 20:00:00,Lasso,16253.453,16138.551598292745,4
2026-05-13 01:00:00,2026-05-12 21:00:00,Lasso,16158.894,16094.10216327309,4
2026-05-13 02:00:00,2026-05-12 22:00:00,Lasso,15483.16,15407.041008693795,4
2026-05-13 03:00:00,2026-05-12 23:00:00,Lasso,14744.173999999999,14823.347482651989,4
2026-05-13 04:00:00,2026-05-13 00:00:00,Lasso,14061.914,14508.098771354084,4
2026-05-13 05:00:00,2026-05-13 01:00:00,Lasso,13754.417,14259.594395007925,4
2026-05-13 06:00:00,2026-05-13 02:00:00,Lasso,13536.116,14174.276525359708,4
2026-05-13 07:00:00,2026-05-13 03:00:00,Lasso,13555.275,14198.982680159372,4
2026-05-13 08:00:00,2026-05-13 04:00:00,Lasso,13779.05,14504.365368825378,4
2026-05-13 09:00:00,2026-05-13 05:00:00,Lasso,14220.848,14974.533103973983,4
2026-05-13 10:00:00,2026-05-13 06:00:00,Lasso,15096.453000000001,15698.041076458509,4
2026-05-13 11:00:00,2026-05-13 07:00:00,Lasso,15589.915,16202.147188009058,4
2026-05-13 12:00:00,2026-05-13 08:00:00,Lasso,15710.751,16083.440044230378,4
2026-05-13 13:00:00,2026-05-13 09:00:00,Lasso,15745.463,16024.189283348165,4
2026-05-13 14:00:00,2026-05-13 10:00:00,Lasso,15934.373,15932.950729815655,4
2026-05-13 15:00:00,2026-05-13 11:00:00,Lasso,15925.576000000001,15913.616261048599,4
2026-05-13 16:00:00,2026-05-13 12:00:00,Lasso,15983.279,15997.437498798648,4
2026-05-13 17:00:00,2026-05-13 13:00:00,Lasso,16056.402000000002,16065.140641657827,4
2026-05-13 18:00:00,2026-05-13 14:00:00,Lasso,15985.328,16160.059329738862,4
2026-05-13 19:00:00,2026-05-13 15:00:00,Lasso,15954.14,16248.129917444123,4
2026-05-13 20:00:00,2026-05-13 16:00:00,Lasso,16093.355,16467.7905178327,4
2026-05-13 21:00:00,2026-05-13 17:00:00,Lasso,16118.512999999999,16650.8035021679,4
2026-05-13 22:00:00,2026-05-13 18:00:00,Lasso,16063.737000000001,16693.19558707413,4
2026-05-13 23:00:00,2026-05-13 19:00:00,Lasso,15973.382000000001,16712.76692889809,4
2026-05-14 00:00:00,2026-05-13 20:00:00,Lasso,15848.170999999998,16720.61476171859,4
2026-05-14 01:00:00,2026-05-13 21:00:00,Lasso,15824.741,16638.546949079126,4
2026-05-14 02:00:00,2026-05-13 22:00:00,Lasso,15200.917,15959.655319707677,4
2026-05-14 03:00:00,2026-05-13 23:00:00,Lasso,14574.371,15250.968463115967,4
2026-05-14 04:00:00,2026-05-14 00:00:00,Lasso,13970.594000000001,14289.235344040748,4
2026-05-14 05:00:00,2026-05-14 01:00:00,Lasso,13697.506000000001,14040.835397282268,4
2026-05-14 06:00:00,2026-05-14 02:00:00,Lasso,13524.282,13835.831465276771,4
2026-05-14 07:00:00,2026-05-14 03:00:00,Lasso,13570.693,13860.618382479932,4
2026-05-14 08:00:00,2026-05-14 04:00:00,Lasso,13800.374,14082.09638434433,4
2026-05-14 09:00:00,2026-05-14 05:00:00,Lasso,14395.421999999999,14579.481298193989,4
2026-05-14 10:00:00,2026-05-14 06:00:00,Lasso,15317.668,15473.835927274045,4
2026-05-14 11:00:00,2026-05-14 07:00:00,Lasso,15784.695,15904.607202720515,4
2026-05-14 12:00:00,2026-05-14 08:00:00,Lasso,15803.464,16044.596482892579,4
2026-05-14 13:00:00,2026-05-14 09:00:00,Lasso,15837.239,16081.922465200772,4
2026-05-14 14:00:00,2026-05-14 10:00:00,Lasso,15837.150000000001,16301.264554445994,4
2026-05-14 15:00:00,2026-05-14 11:00:00,Lasso,15808.829,16281.744468181749,4
2026-05-14 16:00:00,2026-05-14 12:00:00,Lasso,15818.589,16359.458418881699,4
2026-05-14 17:00:00,2026-05-14 13:00:00,Lasso,15882.992999999999,16446.435879569755,4
2026-05-14 18:00:00,2026-05-14 14:00:00,Lasso,15727.614,16364.147080627152,4
2026-05-14 19:00:00,2026-05-14 15:00:00,Lasso,15652.159,16323.746147269814,4
2026-05-14 20:00:00,2026-05-14 16:00:00,Lasso,15544.222000000002,16454.00908017539,4
2026-05-14 21:00:00,2026-05-14 17:00:00,Lasso,15633.898000000001,16466.975760922774,4
2026-05-14 22:00:00,2026-05-14 18:00:00,Lasso,15693.295,16407.983558520944,4
2026-05-14 23:00:00,2026-05-14 19:00:00,Lasso,15668.112000000001,16345.647309071699,4
2026-05-15 00:00:00,2026-05-14 20:00:00,Lasso,15812.042000000001,16241.752550003022,4
2026-05-15 01:00:00,2026-05-14 21:00:00,Lasso,15937.124,16234.687352463061,4
2026-05-15 02:00:00,2026-05-14 22:00:00,Lasso,15389.418000000001,15569.409025224784,4
2026-05-15 03:00:00,2026-05-14 23:00:00,Lasso,14875.266,14967.466001901814,4
2026-05-15 04:00:00,2026-05-15 00:00:00,Lasso,14439.317000000001,13895.068681617702,4
2026-05-15 05:00:00,2026-05-15 01:00:00,Lasso,14124.059000000001,13657.489185119766,4
2026-05-15 06:00:00,2026-05-15 02:00:00,Lasso,14035.245,13511.789983145347,4
2026-05-15 07:00:00,2026-05-15 03:00:00,Lasso,14133.628,13571.492223183837,4
2026-05-15 08:00:00,2026-05-15 04:00:00,Lasso,14336.936000000002,13831.024850488246,4
2026-05-15 09:00:00,2026-05-15 05:00:00,Lasso,15010.472,14438.580894462197,4
2026-05-15 10:00:00,2026-05-15 06:00:00,Lasso,15823.706,15351.276208044568,4
2026-05-15 11:00:00,2026-05-15 07:00:00,Lasso,16254.405999999999,15782.837448212824,4
2026-05-15 12:00:00,2026-05-15 08:00:00,Lasso,16070.312999999998,15732.627780514293,4
2026-05-15 13:00:00,2026-05-15 09:00:00,Lasso,15988.975,15743.881742973643,4
2026-05-15 14:00:00,2026-05-15 10:00:00,Lasso,15827.961,15722.100667810128,4
2026-05-15 15:00:00,2026-05-15 11:00:00,Lasso,15647.379,15691.788685202793,4
2026-05-15 16:00:00,2026-05-15 12:00:00,Lasso,15524.297999999999,15720.472162010092,4
2026-05-15 17:00:00,2026-05-15 13:00:00,Lasso,15549.607,15796.831060625245,4
2026-05-15 18:00:00,2026-05-15 14:00:00,Lasso,15515.348000000002,15673.521405501582,4
2026-05-15 19:00:00,2026-05-15 15:00:00,Lasso,15448.19,15638.847314550687,4
2026-05-15 20:00:00,2026-05-15 16:00:00,Lasso,15523.639,15583.670867414865,4
2026-05-15 21:00:00,2026-05-15 17:00:00,Lasso,15448.855,15720.026897094813,4
2026-05-15 22:00:00,2026-05-15 18:00:00,Lasso,15498.018,15782.645444087504,4
2026-05-15 23:00:00,2026-05-15 19:00:00,Lasso,15356.940999999999,15768.749357864837,4
2026-05-16 00:00:00,2026-05-15 20:00:00,Lasso,15322.036,15910.83145769549,4
2026-05-16 01:00:00,2026-05-15 21:00:00,Lasso,15328.719000000001,15994.645794319204,4
2026-05-16 02:00:00,2026-05-15 22:00:00,Lasso,14815.035,15380.743146821169,4
2026-05-16 03:00:00,2026-05-15 23:00:00,Lasso,14160.796,14844.112312810887,4
2026-05-16 04:00:00,2026-05-16 00:00:00,Lasso,13654.728000000001,14231.284708298239,4
2026-05-16 05:00:00,2026-05-16 01:00:00,Lasso,13910.190999999999,13928.369997955506,4
2026-05-16 06:00:00,2026-05-16 02:00:00,Lasso,13743.295,13835.25719599978,4
2026-05-16 07:00:00,2026-05-16 03:00:00,Lasso,13594.355,13928.17195485722,4
2026-05-16 08:00:00,2026-05-16 04:00:00,Lasso,13549.603,14130.982149336382,4
2026-05-16 09:00:00,2026-05-16 05:00:00,Lasso,13806.851999999999,14780.455821127094,4
2026-05-16 10:00:00,2026-05-16 06:00:00,Lasso,13965.567,15581.66025917283,4
2026-05-16 11:00:00,2026-05-16 07:00:00,Lasso,14313.546999999999,15972.807592215106,4
2026-05-16 12:00:00,2026-05-16 08:00:00,Lasso,14609.174,15788.877224680462,4
2026-05-16 13:00:00,2026-05-16 09:00:00,Lasso,14973.328,15740.312804897912,4
2026-05-16 14:00:00,2026-05-16 10:00:00,Lasso,15249.442,15642.543040720313,4
2026-05-16 15:00:00,2026-05-16 11:00:00,Lasso,15489.61,15500.495642773549,4
2026-05-16 16:00:00,2026-05-16 12:00:00,Lasso,15502.616,15425.390536419716,4
2026-05-16 17:00:00,2026-05-16 13:00:00,Lasso,15706.983,15482.905159092148,4
2026-05-16 18:00:00,2026-05-16 14:00:00,Lasso,15712.418000000001,15456.478824273006,4
2026-05-16 19:00:00,2026-05-16 15:00:00,Lasso,16003.528,15407.230220617217,4
2026-05-16 20:00:00,2026-05-16 16:00:00,Lasso,16249.946,15524.178485240443,4
2026-05-16 21:00:00,2026-05-16 17:00:00,Lasso,16343.002,15456.384677511913,4
2026-05-16 22:00:00,2026-05-16 18:00:00,Lasso,16426.008,15501.06599368369,4
2026-05-16 23:00:00,2026-05-16 19:00:00,Lasso,16365.975999999999,15355.25246377293,4
2026-05-17 00:00:00,2026-05-16 20:00:00,Lasso,16250.012,15307.042075507408,4
2026-05-17 01:00:00,2026-05-16 21:00:00,Lasso,16185.167,15306.455070114656,4
2026-05-17 02:00:00,2026-05-16 22:00:00,Lasso,15703.897,14743.429343108557,4
2026-05-17 03:00:00,2026-05-16 23:00:00,Lasso,15030.801,14092.631425999762,4
2026-05-17 04:00:00,2026-05-17 00:00:00,Lasso,14367.789,14028.769655909171,4
2026-05-17 05:00:00,2026-05-17 01:00:00,Lasso,13449.081999999999,14268.180361707171,4
2026-05-17 06:00:00,2026-05-17 02:00:00,Lasso,13155.619999999999,14056.374196834535,4
2026-05-17 07:00:00,2026-05-17 03:00:00,Lasso,13000.993,13931.559582132199,4
2026-05-17 08:00:00,2026-05-17 04:00:00,Lasso,12969.742,13932.607316271851,4
2026-05-17 09:00:00,2026-05-17 05:00:00,Lasso,12988.881,14249.744030122738,4
2026-05-17 10:00:00,2026-05-17 06:00:00,Lasso,13031.8,14508.888895137101,4
2026-05-17 11:00:00,2026-05-17 07:00:00,Lasso,13398.96,14891.486411356058,4
2026-05-17 12:00:00,2026-05-17 08:00:00,Lasso,14003.307,15159.099888779698,4
2026-05-17 13:00:00,2026-05-17 09:00:00,Lasso,14431.776,15491.941857406393,4
2026-05-17 14:00:00,2026-05-17 10:00:00,Lasso,15092.458999999999,15734.788392616907,4
2026-05-17 15:00:00,2026-05-17 11:00:00,Lasso,15699.298999999999,15947.309846224649,4
2026-05-17 16:00:00,2026-05-17 12:00:00,Lasso,16385.348,15957.60737577255,4
2026-05-17 17:00:00,2026-05-17 13:00:00,Lasso,16981.521,16166.384575791486,4
2026-05-17 18:00:00,2026-05-17 14:00:00,Lasso,17515.970999999998,16135.959570440416,4
2026-05-17 19:00:00,2026-05-17 15:00:00,Lasso,17842.276,16401.119732380153,4
2026-05-17 20:00:00,2026-05-17 16:00:00,Lasso,18366.163,16583.428943710904,4
2026-05-17 21:00:00,2026-05-17 17:00:00,Lasso,18913.199,16670.904922239806,4
2026-05-17 22:00:00,2026-05-17 18:00:00,Lasso,19090.146,16747.805952234216,4
2026-05-17 23:00:00,2026-05-17 19:00:00,Lasso,19057.047,16685.60551166989,4
2026-05-18 00:00:00,2026-05-17 20:00:00,Lasso,18479.754999999997,16608.69277481248,4
2026-05-18 01:00:00,2026-05-17 21:00:00,Lasso,18201.468,16576.320168315637,4
2026-05-18 02:00:00,2026-05-17 22:00:00,Lasso,17275.343,16055.784617267356,4
2026-05-18 03:00:00,2026-05-17 23:00:00,Lasso,16253.737,15408.537199426944,4
2026-05-18 04:00:00,2026-05-18 00:00:00,Lasso,15366.901,15651.684311599636,4
2026-05-18 05:00:00,2026-05-18 01:00:00,Lasso,14840.693,14782.46875380104,4
2026-05-18 06:00:00,2026-05-18 02:00:00,Lasso,14362.468,14580.158387457577,4
2026-05-18 07:00:00,2026-05-18 03:00:00,Lasso,14224.239000000001,14485.639464490036,4
2026-05-18 08:00:00,2026-05-18 04:00:00,Lasso,14330.871,14508.043880128605,4
2026-05-18 09:00:00,2026-05-18 05:00:00,Lasso,14795.534,14640.064746581245,4
2026-05-18 10:00:00,2026-05-18 06:00:00,Lasso,15569.418,14823.844366676609,4
2026-05-18 11:00:00,2026-05-18 07:00:00,Lasso,16240.156,15225.440629635825,4
2026-05-18 12:00:00,2026-05-18 08:00:00,Lasso,16800.676,15706.55072400394,4
2026-05-18 13:00:00,2026-05-18 09:00:00,Lasso,17509.604,16021.734328958373,4
2026-05-18 14:00:00,2026-05-18 10:00:00,Lasso,18367.105,16557.386364027232,4
2026-05-18 15:00:00,2026-05-18 11:00:00,Lasso,19023.042,17020.618354505204,4
2026-05-18 16:00:00,2026-05-18 12:00:00,Lasso,19724.324,17582.053190190993,4
2026-05-18 17:00:00,2026-05-18 13:00:00,Lasso,20406.539,18068.3220152422,4
2026-05-18 18:00:00,2026-05-18 14:00:00,Lasso,20828.725,18502.102491437312,4
2026-05-18 19:00:00,2026-05-18 15:00:00,Lasso,21005.889,18726.01813891267,4
2026-05-18 20:00:00,2026-05-18 16:00:00,Lasso,21232.111,19176.675009406037,4
2026-05-18 21:00:00,2026-05-18 17:00:00,Lasso,21224.629,19606.8953385072,4
2026-05-18 22:00:00,2026-05-18 18:00:00,Lasso,20906.669,19714.77705940554,4
2026-05-18 23:00:00,2026-05-18 19:00:00,Lasso,20413.705,19631.94523109981,4
2026-05-19 00:00:00,2026-05-18 20:00:00,Lasso,19879.371,19089.348333887043,4
2026-05-19 01:00:00,2026-05-18 21:00:00,Lasso,19168.843,18875.81839984945,4
2026-05-19 02:00:00,2026-05-18 22:00:00,Lasso,18039.659,17964.075484741075,4
2026-05-19 03:00:00,2026-05-18 23:00:00,Lasso,16926.587,17006.996380114986,4
2026-05-19 04:00:00,2026-05-19 00:00:00,Lasso,16056.874,15237.24922187003,4
2026-05-19 05:00:00,2026-05-19 01:00:00,Lasso,15559.948,14917.44386077549,4
2026-05-19 06:00:00,2026-05-19 02:00:00,Lasso,15018.384000000002,14497.13715471262,4
2026-05-19 07:00:00,2026-05-19 03:00:00,Lasso,14913.353,14383.202758389023,4
2026-05-19 08:00:00,2026-05-19 04:00:00,Lasso,14924.749,14478.967362347288,4
2026-05-19 09:00:00,2026-05-19 05:00:00,Lasso,15437.368999999999,14937.989657319833,4
2026-05-19 10:00:00,2026-05-19 06:00:00,Lasso,15940.081000000002,15630.654229380245,4
2026-05-19 11:00:00,2026-05-19 07:00:00,Lasso,16601.854,16218.739240896823,4
2026-05-19 12:00:00,2026-05-19 08:00:00,Lasso,17060.674,16692.686327564865,4
2026-05-19 13:00:00,2026-05-19 09:00:00,Lasso,17690.234,17336.230934379266,4
2026-05-19 14:00:00,2026-05-19 10:00:00,Lasso,18337.165,18073.65158232442,4
2026-05-19 15:00:00,2026-05-19 11:00:00,Lasso,19164.374000000003,18607.85637962214,4
2026-05-19 16:00:00,2026-05-19 12:00:00,Lasso,19917.760000000002,19154.335318928228,4
2026-05-19 17:00:00,2026-05-19 13:00:00,Lasso,20639.631999999998,19718.89628865484,4
2026-05-19 18:00:00,2026-05-19 14:00:00,Lasso,21034.016,20011.022752395176,4
2026-05-19 19:00:00,2026-05-19 15:00:00,Lasso,21427.475,20165.24739957115,4
2026-05-19 20:00:00,2026-05-19 16:00:00,Lasso,21599.614999999998,20367.436736433003,4
2026-05-19 21:00:00,2026-05-19 17:00:00,Lasso,21541.665999999997,20320.72429008499,4
2026-05-19 22:00:00,2026-05-19 18:00:00,Lasso,21369.599000000002,20027.768385277508,4
2026-05-19 23:00:00,2026-05-19 19:00:00,Lasso,20966.97,19586.277742912083,4
2026-05-20 00:00:00,2026-05-19 20:00:00,Lasso,20332.685,19139.781103720758,4
2026-05-20 01:00:00,2026-05-19 21:00:00,Lasso,19468.311999999998,18527.58363045659,4
2026-05-20 02:00:00,2026-05-19 22:00:00,Lasso,18087.554,17501.72067288858,4
2026-05-20 03:00:00,2026-05-19 23:00:00,Lasso,16969.538,16496.57165615887,4
2026-05-20 04:00:00,2026-05-20 00:00:00,Lasso,16098.789,15956.322266920335,4
2026-05-20 05:00:00,2026-05-20 01:00:00,Lasso,15477.048999999999,15422.614151134449,4
2026-05-20 06:00:00,2026-05-20 02:00:00,Lasso,15028.842,14929.7381267837,4
2026-05-20 07:00:00,2026-05-20 03:00:00,Lasso,14821.056,14852.008440552545,4
2026-05-20 08:00:00,2026-05-20 04:00:00,Lasso,14797.772,14854.130262499686,4
2026-05-20 09:00:00,2026-05-20 05:00:00,Lasso,15151.003,15299.967837752723,4
2026-05-20 10:00:00,2026-05-20 06:00:00,Lasso,15804.862000000001,15682.08610344585,4
2026-05-20 11:00:00,2026-05-20 07:00:00,Lasso,16427.981,16280.859633187552,4
2026-05-20 12:00:00,2026-05-20 08:00:00,Lasso,16742.257,16731.333847856087,4
2026-05-20 13:00:00,2026-05-20 09:00:00,Lasso,16924.058,17318.834103603836,4
2026-05-20 14:00:00,2026-05-20 10:00:00,Lasso,17287.997,17945.39397957056,4
2026-05-20 15:00:00,2026-05-20 11:00:00,Lasso,17551.527000000002,18738.71100944796,4
2026-05-20 16:00:00,2026-05-20 12:00:00,Lasso,17837.022,19460.799462288607,4
2026-05-20 17:00:00,2026-05-20 13:00:00,Lasso,17984.89,20144.653363247024,4
2026-05-20 18:00:00,2026-05-20 14:00:00,Lasso,18022.199,20531.590502232255,4
2026-05-20 19:00:00,2026-05-20 15:00:00,Lasso,17974.057,20919.129257157874,4
2026-05-20 20:00:00,2026-05-20 16:00:00,Lasso,17949.301,21135.632613368507,4
2026-05-20 21:00:00,2026-05-20 17:00:00,Lasso,17877.603,21175.152417071855,4
2026-05-20 22:00:00,2026-05-20 18:00:00,Lasso,17546.475,21074.536289228115,4
2026-05-20 23:00:00,2026-05-20 19:00:00,Lasso,17389.318,20738.6882585833,4
2026-05-21 00:00:00,2026-05-20 20:00:00,Lasso,17177.069,20107.940260567506,4
2026-05-21 01:00:00,2026-05-20 21:00:00,Lasso,16845.46,19349.842012177458,4
2026-05-21 02:00:00,2026-05-20 22:00:00,Lasso,16089.385999999999,18036.269364698077,4
2026-05-21 03:00:00,2026-05-20 23:00:00,Lasso,15248.609,16990.981747929247,4
2026-05-21 04:00:00,2026-05-21 00:00:00,Lasso,14551.022,15848.402937129285,4
2026-05-21 05:00:00,2026-05-21 01:00:00,Lasso,14001.581,15273.767019575032,4
2026-05-21 06:00:00,2026-05-21 02:00:00,Lasso,13780.04,14848.672825037893,4
2026-05-21 07:00:00,2026-05-21 03:00:00,Lasso,13698.391,14670.808301188446,4
2026-05-21 08:00:00,2026-05-21 04:00:00,Lasso,13815.633,14682.891446373427,4
2026-05-21 09:00:00,2026-05-21 05:00:00,Lasso,14357.423999999999,15068.005009727884,4
2026-05-21 10:00:00,2026-05-21 06:00:00,Lasso,15185.998,15757.651693683725,4
2026-05-21 11:00:00,2026-05-21 07:00:00,Lasso,15706.941,16366.518743610091,4
2026-05-21 12:00:00,2026-05-21 08:00:00,Lasso,15883.082999999999,16686.39880101247,4
2026-05-21 13:00:00,2026-05-21 09:00:00,Lasso,16089.088,16933.887675096976,4
2026-05-21 14:00:00,2026-05-21 10:00:00,Lasso,16169.517,17391.720463907448,4
2026-05-21 15:00:00,2026-05-21 11:00:00,Lasso,16340.232,17697.231595885252,4
2026-05-21 16:00:00,2026-05-21 12:00:00,Lasso,16417.309,18048.445959501387,4
2026-05-21 17:00:00,2026-05-21 13:00:00,Lasso,16530.429,18272.748028252747,4
2026-05-21 18:00:00,2026-05-21 14:00:00,Lasso,16487.131999999998,18378.747594781726,4
2026-05-21 19:00:00,2026-05-21 15:00:00,Lasso,16457.779,18372.057199914765,4
2026-05-21 20:00:00,2026-05-21 16:00:00,Lasso,16340.586,18416.687294759995,4
2026-05-21 21:00:00,2026-05-21 17:00:00,Lasso,16378.843,18383.91029733479,4
2026-05-21 22:00:00,2026-05-21 18:00:00,Lasso,16314.177,18063.181321078326,4
2026-05-21 23:00:00,2026-05-21 19:00:00,Lasso,16244.255000000001,17903.21502514501,4
2026-05-22 00:00:00,2026-05-21 20:00:00,Lasso,16187.626,17677.456113659428,4
2026-05-22 01:00:00,2026-05-21 21:00:00,Lasso,16128.594000000001,17319.735296171864,4
2026-05-22 02:00:00,2026-05-21 22:00:00,Lasso,15392.167000000001,16522.173195453724,4
2026-05-22 03:00:00,2026-05-21 23:00:00,Lasso,14721.516,15667.195942935443,4
2026-05-22 04:00:00,2026-05-22 00:00:00,Lasso,14133.029,14488.935052938967,4
2026-05-22 05:00:00,2026-05-22 01:00:00,Lasso,13757.128,13981.17682266228,4
2026-05-22 06:00:00,2026-05-22 02:00:00,Lasso,13521.667,13744.747001989206,4
2026-05-22 07:00:00,2026-05-22 03:00:00,Lasso,13395.223,13677.594429852437,4
2026-05-22 08:00:00,2026-05-22 04:00:00,Lasso,13562.845,13794.63316416367,4
2026-05-22 09:00:00,2026-05-22 05:00:00,Lasso,14034.466,14361.133527388922,4
2026-05-22 10:00:00,2026-05-22 06:00:00,Lasso,14691.056,15138.332870534137,4
2026-05-22 11:00:00,2026-05-22 07:00:00,Lasso,15340.875,15640.692089744862,4
2026-05-22 12:00:00,2026-05-22 08:00:00,Lasso,15753.986,15834.287709929062,4
2026-05-22 13:00:00,2026-05-22 09:00:00,Lasso,15889.026,16127.620218406837,4
2026-05-22 14:00:00,2026-05-22 10:00:00,Lasso,16167.727,16298.987410610382,4
2026-05-22 15:00:00,2026-05-22 11:00:00,Lasso,16265.21,16606.539835549636,4
2026-05-22 16:00:00,2026-05-22 12:00:00,Lasso,16295.813999999998,16806.873376867912,4
2026-05-22 17:00:00,2026-05-22 13:00:00,Lasso,16247.227,17051.529014207998,4
2026-05-22 18:00:00,2026-05-22 14:00:00,Lasso,16192.085,17093.711332559404,4
2026-05-22 19:00:00,2026-05-22 15:00:00,Lasso,16134.629,17166.559696229866,4
2026-05-22 20:00:00,2026-05-22 16:00:00,Lasso,15994.99,17113.67454468667,4
2026-05-22 21:00:00,2026-05-22 17:00:00,Lasso,16054.662,17169.417239924325,4
2026-05-22 22:00:00,2026-05-22 18:00:00,Lasso,15860.557,17105.40701001416,4
2026-05-22 23:00:00,2026-05-22 19:00:00,Lasso,15779.162,16989.743352918333,4
2026-05-23 00:00:00,2026-05-22 20:00:00,Lasso,15708.131,16843.00103723163,4
2026-05-23 01:00:00,2026-05-22 21:00:00,Lasso,15600.861,16652.193118212923,4
2026-05-23 02:00:00,2026-05-22 22:00:00,Lasso,15003.827000000001,15759.769654975218,4
2026-05-23 03:00:00,2026-05-22 23:00:00,Lasso,14362.31,15039.32853225898,4
2026-05-23 04:00:00,2026-05-23 00:00:00,Lasso,13875.607,14271.976135843863,4
2026-05-23 05:00:00,2026-05-23 01:00:00,Lasso,13529.565999999999,13884.748022248436,4
2026-05-23 06:00:00,2026-05-23 02:00:00,Lasso,13262.012999999999,13622.801166432859,4
2026-05-23 07:00:00,2026-05-23 03:00:00,Lasso,13078.787,13487.245506694184,4
2026-05-23 08:00:00,2026-05-23 04:00:00,Lasso,13095.632,13638.486836669454,4
2026-05-23 09:00:00,2026-05-23 05:00:00,Lasso,13318.751,14093.528186337964,4
2026-05-23 10:00:00,2026-05-23 06:00:00,Lasso,13398.373,14736.011659155361,4
2026-05-23 11:00:00,2026-05-23 07:00:00,Lasso,13642.859,15369.23895229883,4
2026-05-23 12:00:00,2026-05-23 08:00:00,Lasso,14140.842,15746.911832804646,4
2026-05-23 13:00:00,2026-05-23 09:00:00,Lasso,14659.673,15864.956039455696,4
2026-05-23 14:00:00,2026-05-23 10:00:00,Lasso,14914.958,16182.441277117134,4
2026-05-23 15:00:00,2026-05-23 11:00:00,Lasso,15204.738,16297.897628052164,4
2026-05-23 16:00:00,2026-05-23 12:00:00,Lasso,15365.619,16378.434747898707,4
2026-05-23 17:00:00,2026-05-23 13:00:00,Lasso,15413.798999999999,16365.426403008809,4
2026-05-23 18:00:00,2026-05-23 14:00:00,Lasso,15423.918,16341.411559657266,4
2026-05-23 19:00:00,2026-05-23 15:00:00,Lasso,15509.951000000001,16298.447832097552,4
2026-05-23 20:00:00,2026-05-23 16:00:00,Lasso,15586.177,16187.854861655556,4
2026-05-23 21:00:00,2026-05-23 17:00:00,Lasso,15723.541000000001,16249.21547296518,4
2026-05-23 22:00:00,2026-05-23 18:00:00,Lasso,15667.337,16013.96380093142,4
2026-05-23 23:00:00,2026-05-23 19:00:00,Lasso,15513.772,15935.94840321622,4
2026-05-24 00:00:00,2026-05-23 20:00:00,Lasso,15416.666,15844.027173697292,4
2026-05-24 01:00:00,2026-05-23 21:00:00,Lasso,15422.458999999999,15693.37609369233,4
2026-05-24 02:00:00,2026-05-23 22:00:00,Lasso,14983.958999999999,15048.383284375897,4
2026-05-24 03:00:00,2026-05-23 23:00:00,Lasso,14361.216,14384.30589446977,4
2026-05-24 04:00:00,2026-05-24 00:00:00,Lasso,13806.382,14327.018957631975,4
2026-05-24 05:00:00,2026-05-24 01:00:00,Lasso,13306.236,13962.095977510504,4
2026-05-24 06:00:00,2026-05-24 02:00:00,Lasso,13034.255000000001,13711.055973660294,4
2026-05-24 07:00:00,2026-05-24 03:00:00,Lasso,12873.975999999999,13551.979029294322,4
2026-05-24 08:00:00,2026-05-24 04:00:00,Lasso,12838.277999999998,13592.921035778347,4
2026-05-24 09:00:00,2026-05-24 05:00:00,Lasso,12906.74,13872.127710425333,4
2026-05-24 10:00:00,2026-05-24 06:00:00,Lasso,12993.219000000001,14048.34677195677,4
2026-05-24 11:00:00,2026-05-24 07:00:00,Lasso,13282.564,14337.030058217893,4
2026-05-24 12:00:00,2026-05-24 08:00:00,Lasso,13746.825,14796.774679619915,4
2026-05-24 13:00:00,2026-05-24 09:00:00,Lasso,14274.954000000002,15275.372533407477,4
2026-05-24 14:00:00,2026-05-24 10:00:00,Lasso,14624.636999999999,15479.738237293794,4
2026-05-24 15:00:00,2026-05-24 11:00:00,Lasso,14888.484,15767.162607217757,4
2026-05-24 16:00:00,2026-05-24 12:00:00,Lasso,15126.133000000002,15919.162823517641,4
2026-05-24 17:00:00,2026-05-24 13:00:00,Lasso,15384.895,15989.58672422629,4
2026-05-24 18:00:00,2026-05-24 14:00:00,Lasso,15535.429,16005.331867886052,4
2026-05-24 19:00:00,2026-05-24 15:00:00,Lasso,15648.562000000002,16095.788132784028,4
2026-05-24 20:00:00,2026-05-24 16:00:00,Lasso,15871.811,16155.873573216728,4
2026-05-24 21:00:00,2026-05-24 17:00:00,Lasso,15932.629,16289.28116427724,4
2026-05-24 22:00:00,2026-05-24 18:00:00,Lasso,15862.18,16230.152924642596,4
2026-05-24 23:00:00,2026-05-24 19:00:00,Lasso,15612.137999999999,16089.332219474525,4
2026-05-25 00:00:00,2026-05-24 20:00:00,Lasso,15339.466,16008.964018461118,4
2026-05-25 01:00:00,2026-05-24 21:00:00,Lasso,15325.579,16017.388053501494,4
2026-05-25 02:00:00,2026-05-24 22:00:00,Lasso,14759.289,15503.188592078834,4
2026-05-25 03:00:00,2026-05-24 23:00:00,Lasso,13993.635999999999,14871.468047650504,4
2026-05-25 04:00:00,2026-05-25 00:00:00,Lasso,13476.965,15182.044812926688,4
2026-05-25 05:00:00,2026-05-25 01:00:00,Lasso,13138.131,14711.814504887348,4
2026-05-25 06:00:00,2026-05-25 02:00:00,Lasso,12844.973,14469.561762658932,4
2026-05-25 07:00:00,2026-05-25 03:00:00,Lasso,12785.926,14326.664425807388,4
2026-05-25 08:00:00,2026-05-25 04:00:00,Lasso,12894.419,14334.4460317599,4
2026-05-25 09:00:00,2026-05-25 05:00:00,Lasso,12926.688,14475.24203270654,4
2026-05-25 10:00:00,2026-05-25 06:00:00,Lasso,13051.853,14668.345915471109,4
2026-05-25 11:00:00,2026-05-25 07:00:00,Lasso,13334.476,15039.117628751846,4
2026-05-25 12:00:00,2026-05-25 08:00:00,Lasso,13842.769,15497.708307099254,4
2026-05-25 13:00:00,2026-05-25 09:00:00,Lasso,14431.724,15948.969286813255,4
2026-05-25 14:00:00,2026-05-25 10:00:00,Lasso,14877.619999999999,16273.004244199456,4
2026-05-25 15:00:00,2026-05-25 11:00:00,Lasso,15288.635999999999,16499.46048685679,4
2026-05-25 16:00:00,2026-05-25 12:00:00,Lasso,15615.686000000002,16704.69385934939,4
2026-05-25 17:00:00,2026-05-25 13:00:00,Lasso,15800.053,16922.442486559972,4
2026-05-25 18:00:00,2026-05-25 14:00:00,Lasso,16113.966,17038.233448643186,4
2026-05-25 19:00:00,2026-05-25 15:00:00,Lasso,16489.431,17123.490349803546,4
2026-05-25 20:00:00,2026-05-25 16:00:00,Lasso,16848.399,17296.595818689286,4
2026-05-25 21:00:00,2026-05-25 17:00:00,Lasso,17240.765,17342.48835783238,4
2026-05-25 22:00:00,2026-05-25 18:00:00,Lasso,17252.844,17242.732572629466,4
2026-05-25 23:00:00,2026-05-25 19:00:00,Lasso,17191.901,17013.537483655637,4
2026-05-26 00:00:00,2026-05-25 20:00:00,Lasso,16858.968,16776.83621721057,4
2026-05-26 01:00:00,2026-05-25 21:00:00,Lasso,16560.998,16766.55826039778,4
2026-05-26 02:00:00,2026-05-25 22:00:00,Lasso,15848.905999999999,16154.382925372825,4
2026-05-26 03:00:00,2026-05-25 23:00:00,Lasso,14944.791,15407.574373950716,4
2026-05-26 04:00:00,2026-05-26 00:00:00,Lasso,14352.841,13959.141572684064,4
2026-05-26 05:00:00,2026-05-26 01:00:00,Lasso,13886.62,13648.520221480565,4
2026-05-26 06:00:00,2026-05-26 02:00:00,Lasso,13569.488,13366.55647715297,4
2026-05-26 07:00:00,2026-05-26 03:00:00,Lasso,13428.939,13306.948822462164,4
2026-05-26 08:00:00,2026-05-26 04:00:00,Lasso,13588.49,13412.891626950286,4
2026-05-26 09:00:00,2026-05-26 05:00:00,Lasso,14185.208999999999,13468.35937037755,4
2026-05-26 10:00:00,2026-05-26 06:00:00,Lasso,14968.314,13590.580792280634,4
2026-05-26 11:00:00,2026-05-26 07:00:00,Lasso,15599.272,13871.994471552463,4
2026-05-26 12:00:00,2026-05-26 08:00:00,Lasso,16128.246,14387.827907416411,4
2026-05-26 13:00:00,2026-05-26 09:00:00,Lasso,16478.046000000002,14960.411050264065,4
2026-05-26 14:00:00,2026-05-26 10:00:00,Lasso,16955.684999999998,15355.569229860372,4
2026-05-26 15:00:00,2026-05-26 11:00:00,Lasso,17363.106,15743.146380394946,4
2026-05-26 16:00:00,2026-05-26 12:00:00,Lasso,17825.658000000003,16033.982750865645,4
2026-05-26 17:00:00,2026-05-26 13:00:00,Lasso,18374.201999999997,16178.934947059393,4
2026-05-26 18:00:00,2026-05-26 14:00:00,Lasso,18758.102,16453.808483403656,4
2026-05-26 19:00:00,2026-05-26 15:00:00,Lasso,18833.713,16787.745497340744,4
2026-05-26 20:00:00,2026-05-26 16:00:00,Lasso,18977.228000000003,17090.595363035784,4
2026-05-26 21:00:00,2026-05-26 17:00:00,Lasso,18945.359,17442.10652255735,4
2026-05-26 22:00:00,2026-05-26 18:00:00,Lasso,18862.188000000002,17407.933830565307,4
2026-05-26 23:00:00,2026-05-26 19:00:00,Lasso,18577.333,17328.727542121862,4
2026-05-27 00:00:00,2026-05-26 20:00:00,Lasso,18276.627999999997,17015.28331896082,4
2026-05-27 01:00:00,2026-05-26 21:00:00,Lasso,17883.339,16762.882261876937,4
2026-05-27 02:00:00,2026-05-26 22:00:00,Lasso,17119.475,16071.711052279472,4
2026-05-27 03:00:00,2026-05-26 23:00:00,Lasso,16268.076000000001,15216.403037739927,4
2026-05-27 04:00:00,2026-05-27 00:00:00,Lasso,15405.757,14912.937736844968,4
2026-05-27 05:00:00,2026-05-27 01:00:00,Lasso,14946.411,14450.68883352336,4
2026-05-27 06:00:00,2026-05-27 02:00:00,Lasso,14686.84,14155.738733458646,4
2026-05-27 07:00:00,2026-05-27 03:00:00,Lasso,14536.262999999999,14019.7247736298,4
2026-05-27 08:00:00,2026-05-27 04:00:00,Lasso,14503.336,14160.409580487267,4
2026-05-27 09:00:00,2026-05-27 05:00:00,Lasso,14948.735,14702.037709333483,4
2026-05-27 10:00:00,2026-05-27 06:00:00,Lasso,15713.606000000002,15374.779162156508,4
2026-05-27 11:00:00,2026-05-27 07:00:00,Lasso,16350.506000000001,15920.195850565317,4
2026-05-27 12:00:00,2026-05-27 08:00:00,Lasso,16701.83,16406.40567649989,4
2026-05-27 13:00:00,2026-05-27 09:00:00,Lasso,17130.352,16746.049943669845,4
2026-05-27 14:00:00,2026-05-27 10:00:00,Lasso,17554.557999999997,17195.13270881852,4
2026-05-27 15:00:00,2026-05-27 11:00:00,Lasso,17960.167,17554.68769985965,4
2026-05-27 16:00:00,2026-05-27 12:00:00,Lasso,18339.967,17970.856951147674,4
2026-05-27 17:00:00,2026-05-27 13:00:00,Lasso,18638.84,18471.384063601734,4
2026-05-27 18:00:00,2026-05-27 14:00:00,Lasso,18778.620000000003,18783.637268151877,4
2026-05-27 19:00:00,2026-05-27 15:00:00,Lasso,18990.644,18816.292495872036,4
2026-05-27 20:00:00,2026-05-27 16:00:00,Lasso,19083.165999999997,18960.45313131464,4
2026-05-27 21:00:00,2026-05-27 17:00:00,Lasso,19185.275999999998,18904.926982563902,4
2026-05-27 22:00:00,2026-05-27 18:00:00,Lasso,18994.055,18812.71846024324,4
2026-05-27 23:00:00,2026-05-27 19:00:00,Lasso,18720.712,18508.410864580786,4
2026-05-28 00:00:00,2026-05-27 20:00:00,Lasso,18366.192000000003,18216.1296416122,4
2026-05-28 01:00:00,2026-05-27 21:00:00,Lasso,18114.061,17884.99124929637,4
2026-05-28 02:00:00,2026-05-27 22:00:00,Lasso,16959.209000000003,17138.267351287726,4
2026-05-28 03:00:00,2026-05-27 23:00:00,Lasso,15995.067,16315.966323297505,4
2026-05-28 04:00:00,2026-05-28 00:00:00,Lasso,15241.756000000001,15208.23998016497,4
2026-05-28 05:00:00,2026-05-28 01:00:00,Lasso,14771.571,14813.168812461308,4
2026-05-28 06:00:00,2026-05-28 02:00:00,Lasso,14290.08,14567.458259462173,4
2026-05-28 07:00:00,2026-05-28 03:00:00,Lasso,14066.947,14439.867337331412,4
2026-05-28 08:00:00,2026-05-28 04:00:00,Lasso,14173.829,14427.845849924332,4
2026-05-28 09:00:00,2026-05-28 05:00:00,Lasso,14620.267,14810.458282942234,4
2026-05-28 10:00:00,2026-05-28 06:00:00,Lasso,15263.648000000001,15454.454638041609,4
2026-05-28 11:00:00,2026-05-28 07:00:00,Lasso,15905.11,15991.755168178312,4
2026-05-28 12:00:00,2026-05-28 08:00:00,Lasso,16246.284,16327.490567720211,4
2026-05-28 13:00:00,2026-05-28 09:00:00,Lasso,16569.719,16786.70052862989,4
2026-05-28 14:00:00,2026-05-28 10:00:00,Lasso,17074.684999999998,17203.09422606377,4
2026-05-28 15:00:00,2026-05-28 11:00:00,Lasso,17585.141,17601.425660747787,4
2026-05-28 16:00:00,2026-05-28 12:00:00,Lasso,18148.319,17960.039599068747,4
2026-05-28 17:00:00,2026-05-28 13:00:00,Lasso,18560.533,18216.370088770615,4
2026-05-28 18:00:00,2026-05-28 14:00:00,Lasso,18845.225,18367.646056229147,4
2026-05-28 19:00:00,2026-05-28 15:00:00,Lasso,19118.89,18626.860855493207,4
2026-05-28 20:00:00,2026-05-28 16:00:00,Lasso,19274.158000000003,18761.342975146254,4
2026-05-28 21:00:00,2026-05-28 17:00:00,Lasso,19149.173000000003,18928.628494750235,4
2026-05-28 22:00:00,2026-05-28 18:00:00,Lasso,18973.977,18754.166931095162,4
2026-05-28 23:00:00,2026-05-28 19:00:00,Lasso,18636.606,18525.0603862833,4
2026-05-29 00:00:00,2026-05-28 20:00:00,Lasso,18008.873,18176.10260588252,4
2026-05-29 01:00:00,2026-05-28 21:00:00,Lasso,17480.147,17937.705792490695,4
2026-05-29 02:00:00,2026-05-28 22:00:00,Lasso,16593.352,16799.160036452187,4
2026-05-29 03:00:00,2026-05-28 23:00:00,Lasso,15584.954,15884.584165180515,4
2026-05-29 04:00:00,2026-05-29 00:00:00,Lasso,14669.817,14713.656135976807,4
2026-05-29 05:00:00,2026-05-29 01:00:00,Lasso,14044.689,14277.939307688557,4
2026-05-29 06:00:00,2026-05-29 02:00:00,Lasso,13722.204,13824.085556659917,4
2026-05-29 07:00:00,2026-05-29 03:00:00,Lasso,13579.259,13637.827168483027,4
2026-05-29 08:00:00,2026-05-29 04:00:00,Lasso,13653.116,13784.268627534073,4
2026-05-29 09:00:00,2026-05-29 05:00:00,Lasso,13946.067,14272.468397514811,4
2026-05-29 10:00:00,2026-05-29 06:00:00,Lasso,14511.037,14932.344674055217,4
2026-05-29 11:00:00,2026-05-29 07:00:00,Lasso,15133.029,15554.116334796865,4
2026-05-29 12:00:00,2026-05-29 08:00:00,Lasso,15456.663,15898.01117324689,4
2026-05-29 13:00:00,2026-05-29 09:00:00,Lasso,15747.463,16217.236763571183,4
2026-05-29 14:00:00,2026-05-29 10:00:00,Lasso,16127.636,16731.76451804736,4
2026-05-29 15:00:00,2026-05-29 11:00:00,Lasso,16413.033,17224.254647690716,4
2026-05-29 16:00:00,2026-05-29 12:00:00,Lasso,16696.987,17776.901272386018,4
2026-05-29 17:00:00,2026-05-29 13:00:00,Lasso,17252.956,18205.852351565776,4
2026-05-29 18:00:00,2026-05-29 14:00:00,Lasso,17631.827,18507.32378028975,4
2026-05-29 19:00:00,2026-05-29 15:00:00,Lasso,18025.127,18746.90554492174,4
2026-05-29 20:00:00,2026-05-29 16:00:00,Lasso,18597.978,18895.721764168098,4
2026-05-29 21:00:00,2026-05-29 17:00:00,Lasso,18905.417,18762.352945035767,4
2026-05-29 22:00:00,2026-05-29 18:00:00,Lasso,18724.608999999997,18611.929035423338,4
2026-05-29 23:00:00,2026-05-29 19:00:00,Lasso,18172.386,18280.972719551464,4
2026-05-30 00:00:00,2026-05-29 20:00:00,Lasso,17442.314,17696.890741461684,4
2026-05-30 01:00:00,2026-05-29 21:00:00,Lasso,17145.108,17206.152048119504,4
2026-05-30 02:00:00,2026-05-29 22:00:00,Lasso,16251.739,16352.756655971452,4
2026-05-30 03:00:00,2026-05-29 23:00:00,Lasso,15163.034,15390.112399793536,4
2026-05-30 04:00:00,2026-05-30 00:00:00,Lasso,14346.448,14356.250555542723,4
2026-05-30 05:00:00,2026-05-30 01:00:00,Lasso,13748.564,13795.160805246775,4
2026-05-30 06:00:00,2026-05-30 02:00:00,Lasso,13381.987000000001,13525.581222811581,4
2026-05-30 07:00:00,2026-05-30 03:00:00,Lasso,13180.146999999999,13401.586098716629,4
2026-05-30 08:00:00,2026-05-30 04:00:00,Lasso,13099.212,13467.075352328255,4
2026-05-30 09:00:00,2026-05-30 05:00:00,Lasso,13057.4,13788.932690363668,4
2026-05-30 10:00:00,2026-05-30 06:00:00,Lasso,13108.125,14394.310987631432,4
2026-05-30 11:00:00,2026-05-30 07:00:00,Lasso,13493.398000000001,15007.06920879243,4
2026-05-30 12:00:00,2026-05-30 08:00:00,Lasso,14137.813,15304.93632632173,4
2026-05-30 13:00:00,2026-05-30 09:00:00,Lasso,14458.773000000001,15617.080284808897,4
2026-05-30 14:00:00,2026-05-30 10:00:00,Lasso,14774.442,16006.629775931107,4
2026-05-30 15:00:00,2026-05-30 11:00:00,Lasso,15156.472,16299.890052778159,4
2026-05-30 16:00:00,2026-05-30 12:00:00,Lasso,15377.544,16595.416885001316,4
2026-05-30 17:00:00,2026-05-30 13:00:00,Lasso,15708.999,17135.773416151904,4
2026-05-30 18:00:00,2026-05-30 14:00:00,Lasso,15996.501,17465.283236065592,4
2026-05-30 19:00:00,2026-05-30 15:00:00,Lasso,16362.883000000002,17836.90804574258,4
2026-05-30 20:00:00,2026-05-30 16:00:00,Lasso,16667.941,18353.52176696159,4
2026-05-30 21:00:00,2026-05-30 17:00:00,Lasso,16999.079,18621.70743676884,4
2026-05-30 22:00:00,2026-05-30 18:00:00,Lasso,16887.569000000003,18408.145732883633,4
2026-05-30 23:00:00,2026-05-30 19:00:00,Lasso,16486.417999999998,17887.434501708325,4
2026-05-31 00:00:00,2026-05-30 20:00:00,Lasso,16091.962,17234.32555520109,4
2026-05-31 01:00:00,2026-05-30 21:00:00,Lasso,15725.886,17006.83081610108,4
2026-05-31 02:00:00,2026-05-30 22:00:00,Lasso,14991.547999999999,16038.498973462478,4
2026-05-31 03:00:00,2026-05-30 23:00:00,Lasso,14038.836,14983.723767580239,4
2026-05-31 04:00:00,2026-05-31 00:00:00,Lasso,13373.761,14669.464350147467,4
2026-05-31 05:00:00,2026-05-31 01:00:00,Lasso,12946.981,14130.22608567328,4
2026-05-31 06:00:00,2026-05-31 02:00:00,Lasso,12793.575,13766.467677241166,4
2026-05-31 07:00:00,2026-05-31 03:00:00,Lasso,12656.761,13573.71168630969,4
2026-05-31 08:00:00,2026-05-31 04:00:00,Lasso,12661.622,13529.581983959342,4
2026-05-31 09:00:00,2026-05-31 05:00:00,Lasso,12694.712,13565.10867861112,4
2026-05-31 10:00:00,2026-05-31 06:00:00,Lasso,12688.176,13708.417217476657,4
2026-05-31 11:00:00,2026-05-31 07:00:00,Lasso,12943.952000000001,14152.839315814106,4
2026-05-31 12:00:00,2026-05-31 08:00:00,Lasso,13383.149,14768.991575922339,4
2026-05-31 13:00:00,2026-05-31 09:00:00,Lasso,13688.275,15064.314376050997,4
2026-05-31 14:00:00,2026-05-31 10:00:00,Lasso,13981.858,15415.255547388968,4
2026-05-31 15:00:00,2026-05-31 11:00:00,Lasso,14354.166,15835.748958452747,4
2026-05-31 16:00:00,2026-05-31 12:00:00,Lasso,14797.055,16113.238564724363,4
2026-05-31 17:00:00,2026-05-31 13:00:00,Lasso,15135.739000000001,16465.6832858075,4
2026-05-31 18:00:00,2026-05-31 14:00:00,Lasso,15635.627,16754.396394053103,4
2026-05-31 19:00:00,2026-05-31 15:00:00,Lasso,16123.368999999999,17116.9622350206,4
2026-05-31 20:00:00,2026-05-31 16:00:00,Lasso,16688.859,17384.77595201313,4
2026-05-31 21:00:00,2026-05-31 17:00:00,Lasso,17116.288,17643.229843137,4
2026-05-31 22:00:00,2026-05-31 18:00:00,Lasso,17143.206,17505.844284196894,4
2026-05-31 23:00:00,2026-05-31 19:00:00,Lasso,17049.349000000002,17126.75064232523,4
2026-06-01 00:00:00,2026-05-31 20:00:00,Lasso,16734.563000000002,16729.825370619794,4
2026-06-01 01:00:00,2026-05-31 21:00:00,Lasso,16570.604,16350.986874381677,4
2026-06-01 02:00:00,2026-05-31 22:00:00,Lasso,15736.801,15591.457750995787,4
2026-06-01 03:00:00,2026-05-31 23:00:00,Lasso,14803.235,14647.400830464208,4
