timestamp_utc,timestamp_ept,nerc_region,market_region,zone,load_area,load_mw,is_verified,hour,day_of_week,month,is_weekend,sin_hour,cos_hour,sin_day_of_week,cos_day_of_week,load_lag_1,load_lag_24,load_lag_48,rolling_mean_24,rolling_std_24,target_load_mw,target_timestamp_utc,target_timestamp_ept
2026-04-03 04:00:00,2026-04-03 00:00:00,RFC,WEST,AEP,AEPAPT,3353.711,True,0,4,4,0,0.0,1.0,-0.433883739117558,-0.9009688679024191,3574.298,3270.539,3320.797,3800.2510416666664,461.26527052902594,3239.969,2026-04-04 04:00:00,2026-04-04 00:00:00
2026-04-03 04:00:00,2026-04-03 00:00:00,RFC,WEST,AEP,AEPIMP,3007.756,True,0,4,4,0,0.0,1.0,-0.433883739117558,-0.9009688679024191,3034.359,3370.355,3152.668,3462.9403333333335,210.505755277445,2882.743,2026-04-04 04:00:00,2026-04-04 00:00:00
2026-04-03 04:00:00,2026-04-03 00:00:00,RFC,WEST,AEP,AEPKPT,492.889,True,0,4,4,0,0.0,1.0,-0.433883739117558,-0.9009688679024191,527.18,501.973,502.939,560.1531249999999,66.9770573089495,480.604,2026-04-04 04:00:00,2026-04-04 00:00:00
2026-04-03 04:00:00,2026-04-03 00:00:00,RFC,WEST,AEP,AEPOPT,7145.032,True,0,4,4,0,0.0,1.0,-0.433883739117558,-0.9009688679024191,7495.958,7156.64,7275.961,7891.495333333333,467.8629769491388,7080.409,2026-04-04 04:00:00,2026-04-04 00:00:00
2026-04-03 05:00:00,2026-04-03 01:00:00,RFC,WEST,AEP,AEPAPT,3192.967,True,1,4,4,0,0.25881904510252074,0.9659258262890683,-0.433883739117558,-0.9009688679024191,3353.711,3165.127,3200.608,3801.4110416666667,459.6307123480836,3098.473,2026-04-04 05:00:00,2026-04-04 01:00:00
2026-04-03 05:00:00,2026-04-03 01:00:00,RFC,WEST,AEP,AEPIMP,2939.696,True,1,4,4,0,0.25881904510252074,0.9659258262890683,-0.433883739117558,-0.9009688679024191,3007.756,3356.452,3116.176,3445.5754999999995,235.39046634512184,2832.638,2026-04-04 05:00:00,2026-04-04 01:00:00
2026-04-03 05:00:00,2026-04-03 01:00:00,RFC,WEST,AEP,AEPKPT,472.778,True,1,4,4,0,0.25881904510252074,0.9659258262890683,-0.433883739117558,-0.9009688679024191,492.889,483.694,479.59,559.6982916666667,67.55344178949645,462.84,2026-04-04 05:00:00,2026-04-04 01:00:00
2026-04-03 05:00:00,2026-04-03 01:00:00,RFC,WEST,AEP,AEPOPT,6987.054,True,1,4,4,0,0.25881904510252074,0.9659258262890683,-0.433883739117558,-0.9009688679024191,7145.032,7168.521,7145.777,7883.934208333333,481.32754569844155,6906.908,2026-04-04 05:00:00,2026-04-04 01:00:00
2026-04-03 06:00:00,2026-04-03 02:00:00,RFC,WEST,AEP,AEPAPT,3108.346,True,2,4,4,0,0.49999999999999994,0.8660254037844387,-0.433883739117558,-0.9009688679024191,3192.967,3088.052,3109.528,3802.256625,458.2779619428643,3028.573,2026-04-04 06:00:00,2026-04-04 02:00:00
2026-04-03 06:00:00,2026-04-03 02:00:00,RFC,WEST,AEP,AEPIMP,2949.078,True,2,4,4,0,0.49999999999999994,0.8660254037844387,-0.433883739117558,-0.9009688679024191,2939.696,3345.266,3121.091,3429.0676666666673,255.7433338079185,2714.913,2026-04-04 06:00:00,2026-04-04 02:00:00
2026-04-03 06:00:00,2026-04-03 02:00:00,RFC,WEST,AEP,AEPKPT,457.515,True,2,4,4,0,0.49999999999999994,0.8660254037844387,-0.433883739117558,-0.9009688679024191,472.778,472.359,470.761,559.0797916666667,68.44986888479784,444.321,2026-04-04 06:00:00,2026-04-04 02:00:00
2026-04-03 06:00:00,2026-04-03 02:00:00,RFC,WEST,AEP,AEPOPT,6938.379,True,2,4,4,0,0.49999999999999994,0.8660254037844387,-0.433883739117558,-0.9009688679024191,6987.054,7109.837,6948.792,7876.7901249999995,494.4111999893378,6769.692,2026-04-04 06:00:00,2026-04-04 02:00:00
2026-04-03 07:00:00,2026-04-03 03:00:00,RFC,WEST,AEP,AEPAPT,3020.223,True,3,4,4,0,0.7071067811865475,0.7071067811865476,-0.433883739117558,-0.9009688679024191,3108.346,3066.464,3064.245,3800.329916666667,461.591132363576,2975.889,2026-04-04 07:00:00,2026-04-04 03:00:00
2026-04-03 07:00:00,2026-04-03 03:00:00,RFC,WEST,AEP,AEPIMP,2896.072,True,3,4,4,0,0.7071067811865475,0.7071067811865476,-0.433883739117558,-0.9009688679024191,2949.078,3328.041,3106.229,3411.0689583333333,277.4425223179183,2669.718,2026-04-04 07:00:00,2026-04-04 03:00:00
2026-04-03 07:00:00,2026-04-03 03:00:00,RFC,WEST,AEP,AEPKPT,448.585,True,3,4,4,0,0.7071067811865475,0.7071067811865476,-0.433883739117558,-0.9009688679024191,457.515,462.191,461.293,558.512875,69.33779702819254,441.253,2026-04-04 07:00:00,2026-04-04 03:00:00
2026-04-03 07:00:00,2026-04-03 03:00:00,RFC,WEST,AEP,AEPOPT,6852.998,True,3,4,4,0,0.7071067811865475,0.7071067811865476,-0.433883739117558,-0.9009688679024191,6938.379,7058.169,6919.234,7868.2413333333325,510.6871671667899,6617.006,2026-04-04 07:00:00,2026-04-04 03:00:00
2026-04-03 08:00:00,2026-04-03 04:00:00,RFC,WEST,AEP,AEPAPT,3052.258,True,4,4,4,0,0.8660254037844386,0.5000000000000001,-0.433883739117558,-0.9009688679024191,3020.223,3122.497,3099.222,3797.403291666666,466.2745578723817,2966.362,2026-04-04 08:00:00,2026-04-04 04:00:00
2026-04-03 08:00:00,2026-04-03 04:00:00,RFC,WEST,AEP,AEPIMP,2905.147,True,4,4,4,0,0.8660254037844386,0.5000000000000001,-0.433883739117558,-0.9009688679024191,2896.072,3335.925,3125.501,3393.1198750000003,295.83988520545194,2676.012,2026-04-04 08:00:00,2026-04-04 04:00:00
2026-04-03 08:00:00,2026-04-03 04:00:00,RFC,WEST,AEP,AEPKPT,450.85,True,4,4,4,0,0.8660254037844386,0.5000000000000001,-0.433883739117558,-0.9009688679024191,448.585,467.24,464.249,557.8299583333334,70.3491776049574,439.782,2026-04-04 08:00:00,2026-04-04 04:00:00
2026-04-03 08:00:00,2026-04-03 04:00:00,RFC,WEST,AEP,AEPOPT,6918.731,True,4,4,4,0,0.8660254037844386,0.5000000000000001,-0.433883739117558,-0.9009688679024191,6852.998,7186.618,6916.779,7857.079375,528.8379863409156,6627.517,2026-04-04 08:00:00,2026-04-04 04:00:00
2026-04-03 09:00:00,2026-04-03 05:00:00,RFC,WEST,AEP,AEPAPT,3142.526,True,5,4,4,0,0.9659258262890683,0.25881904510252074,-0.433883739117558,-0.9009688679024191,3052.258,3241.001,3257.15,3793.3001666666673,471.7843952150238,2983.248,2026-04-04 09:00:00,2026-04-04 05:00:00
2026-04-03 09:00:00,2026-04-03 05:00:00,RFC,WEST,AEP,AEPIMP,3095.111,True,5,4,4,0,0.9659258262890683,0.25881904510252074,-0.433883739117558,-0.9009688679024191,2905.147,3462.886,3254.656,3377.7959166666674,301.5391441319332,2814.958,2026-04-04 09:00:00,2026-04-04 05:00:00
2026-04-03 09:00:00,2026-04-03 05:00:00,RFC,WEST,AEP,AEPKPT,462.607,True,5,4,4,0,0.9659258262890683,0.25881904510252074,-0.433883739117558,-0.9009688679024191,450.85,478.373,483.617,557.1730416666667,71.19196424516704,444.758,2026-04-04 09:00:00,2026-04-04 05:00:00
2026-04-03 09:00:00,2026-04-03 05:00:00,RFC,WEST,AEP,AEPOPT,7015.194,True,5,4,4,0,0.9659258262890683,0.25881904510252074,-0.433883739117558,-0.9009688679024191,6918.731,7444.906,7169.312,7839.174708333333,550.2407143910019,6715.986,2026-04-04 09:00:00,2026-04-04 05:00:00
2026-04-03 10:00:00,2026-04-03 06:00:00,RFC,WEST,AEP,AEPAPT,3314.225,True,6,4,4,0,1.0,6.123233995736766e-17,-0.433883739117558,-0.9009688679024191,3142.526,3495.245,3491.897,3785.7576666666664,478.1605446083406,3032.874,2026-04-04 10:00:00,2026-04-04 06:00:00
2026-04-03 10:00:00,2026-04-03 06:00:00,RFC,WEST,AEP,AEPIMP,3060.163,True,6,4,4,0,1.0,6.123233995736766e-17,-0.433883739117558,-0.9009688679024191,3095.111,3653.307,3430.736,3353.081583333334,302.2826081513379,2865.823,2026-04-04 10:00:00,2026-04-04 06:00:00
2026-04-03 10:00:00,2026-04-03 06:00:00,RFC,WEST,AEP,AEPKPT,479.233,True,6,4,4,0,1.0,6.123233995736766e-17,-0.433883739117558,-0.9009688679024191,462.607,501.425,510.266,556.248375,72.08602606054161,454.337,2026-04-04 10:00:00,2026-04-04 06:00:00
2026-04-03 10:00:00,2026-04-03 06:00:00,RFC,WEST,AEP,AEPOPT,7253.039,True,6,4,4,0,1.0,6.123233995736766e-17,-0.433883739117558,-0.9009688679024191,7015.194,7782.159,7521.385,7817.128041666667,563.0750336944818,6862.224,2026-04-04 10:00:00,2026-04-04 06:00:00
2026-04-03 11:00:00,2026-04-03 07:00:00,RFC,WEST,AEP,AEPAPT,3412.078,True,7,4,4,0,0.9659258262890683,-0.25881904510252063,-0.433883739117558,-0.9009688679024191,3314.225,3649.731,3631.514,3775.8554583333334,483.53061129579487,3140.981,2026-04-04 11:00:00,2026-04-04 07:00:00
2026-04-03 11:00:00,2026-04-03 07:00:00,RFC,WEST,AEP,AEPIMP,3126.773,True,7,4,4,0,0.9659258262890683,-0.25881904510252063,-0.433883739117558,-0.9009688679024191,3060.163,3783.236,3598.905,3325.728958333333,291.16307964669204,2872.404,2026-04-04 11:00:00,2026-04-04 07:00:00
2026-04-03 11:00:00,2026-04-03 07:00:00,RFC,WEST,AEP,AEPKPT,493.014,True,7,4,4,0,0.9659258262890683,-0.25881904510252063,-0.433883739117558,-0.9009688679024191,479.233,516.225,533.746,555.28125,72.7985177287285,462.156,2026-04-04 11:00:00,2026-04-04 07:00:00
2026-04-03 11:00:00,2026-04-03 07:00:00,RFC,WEST,AEP,AEPOPT,7382.119,True,7,4,4,0,0.9659258262890683,-0.25881904510252063,-0.433883739117558,-0.9009688679024191,7253.039,8023.078,7814.181,7790.421416666667,568.0603910582132,6948.644,2026-04-04 11:00:00,2026-04-04 07:00:00
2026-04-03 12:00:00,2026-04-03 08:00:00,RFC,WEST,AEP,AEPAPT,3446.033,True,8,4,4,0,0.8660254037844387,-0.4999999999999998,-0.433883739117558,-0.9009688679024191,3412.078,3688.559,3621.239,3765.7502083333334,487.9484111141952,3263.441,2026-04-04 12:00:00,2026-04-04 08:00:00
2026-04-03 12:00:00,2026-04-03 08:00:00,RFC,WEST,AEP,AEPIMP,3165.38,True,8,4,4,0,0.8660254037844387,-0.4999999999999998,-0.433883739117558,-0.9009688679024191,3126.773,3793.642,3631.405,3299.5513749999996,275.0627903692586,3022.842,2026-04-04 12:00:00,2026-04-04 08:00:00
2026-04-03 12:00:00,2026-04-03 08:00:00,RFC,WEST,AEP,AEPKPT,508.47,True,8,4,4,0,0.8660254037844387,-0.4999999999999998,-0.433883739117558,-0.9009688679024191,493.014,523.374,544.527,554.66025,73.14527574286666,490.616,2026-04-04 12:00:00,2026-04-04 08:00:00
2026-04-03 12:00:00,2026-04-03 08:00:00,RFC,WEST,AEP,AEPOPT,7549.824,True,8,4,4,0,0.8660254037844387,-0.4999999999999998,-0.433883739117558,-0.9009688679024191,7382.119,8059.428,7888.057,7769.187916666667,567.0914303994678,7183.298,2026-04-04 12:00:00,2026-04-04 08:00:00
2026-04-03 13:00:00,2026-04-03 09:00:00,RFC,WEST,AEP,AEPAPT,3510.871,True,9,4,4,0,0.7071067811865476,-0.7071067811865475,-0.433883739117558,-0.9009688679024191,3446.033,3685.89,3603.498,3758.45775,490.4950220509045,3366.661,2026-04-04 13:00:00,2026-04-04 09:00:00
2026-04-03 13:00:00,2026-04-03 09:00:00,RFC,WEST,AEP,AEPIMP,3236.292,True,9,4,4,0,0.7071067811865476,-0.7071067811865475,-0.433883739117558,-0.9009688679024191,3165.38,3791.701,3715.943,3276.409333333333,254.44796049225178,3009.538,2026-04-04 13:00:00,2026-04-04 09:00:00
2026-04-03 13:00:00,2026-04-03 09:00:00,RFC,WEST,AEP,AEPKPT,520.041,True,9,4,4,0,0.7071067811865476,-0.7071067811865475,-0.433883739117558,-0.9009688679024191,508.47,536.108,558.722,553.9907916666667,73.3955547948945,510.243,2026-04-04 13:00:00,2026-04-04 09:00:00
2026-04-03 13:00:00,2026-04-03 09:00:00,RFC,WEST,AEP,AEPOPT,7687.04,True,9,4,4,0,0.7071067811865476,-0.7071067811865475,-0.433883739117558,-0.9009688679024191,7549.824,8077.63,7870.635,7752.913333333334,563.4477311465055,7444.89,2026-04-04 13:00:00,2026-04-04 09:00:00
2026-04-03 14:00:00,2026-04-03 10:00:00,RFC,WEST,AEP,AEPAPT,3587.658,True,10,4,4,0,0.49999999999999994,-0.8660254037844387,-0.433883739117558,-0.9009688679024191,3510.871,3769.626,3635.851,3750.8757499999997,491.7197671580172,3519.071,2026-04-04 14:00:00,2026-04-04 10:00:00
2026-04-03 14:00:00,2026-04-03 10:00:00,RFC,WEST,AEP,AEPIMP,3267.066,True,10,4,4,0,0.49999999999999994,-0.8660254037844387,-0.433883739117558,-0.9009688679024191,3236.292,3663.489,3738.015,3259.891708333334,240.72492409431854,3105.302,2026-04-04 14:00:00,2026-04-04 10:00:00
2026-04-03 14:00:00,2026-04-03 10:00:00,RFC,WEST,AEP,AEPKPT,531.577,True,10,4,4,0,0.49999999999999994,-0.8660254037844387,-0.433883739117558,-0.9009688679024191,520.041,554.444,568.447,553.038,73.53770308813198,538.764,2026-04-04 14:00:00,2026-04-04 10:00:00
2026-04-03 14:00:00,2026-04-03 10:00:00,RFC,WEST,AEP,AEPOPT,7850.042,True,10,4,4,0,0.49999999999999994,-0.8660254037844387,-0.433883739117558,-0.9009688679024191,7687.04,8096.615,8041.269,7742.639458333334,559.1397442937388,7684.891,2026-04-04 14:00:00,2026-04-04 10:00:00
2026-04-03 15:00:00,2026-04-03 11:00:00,RFC,WEST,AEP,AEPAPT,3674.74,True,11,4,4,0,0.258819045102521,-0.9659258262890682,-0.433883739117558,-0.9009688679024191,3587.658,3852.72,3683.401,3743.4599166666667,491.45905697369227,3643.661,2026-04-04 15:00:00,2026-04-04 11:00:00
2026-04-03 15:00:00,2026-04-03 11:00:00,RFC,WEST,AEP,AEPIMP,3173.539,True,11,4,4,0,0.258819045102521,-0.9659258262890682,-0.433883739117558,-0.9009688679024191,3267.066,3564.675,3725.108,3243.594375,232.2858724513939,3193.698,2026-04-04 15:00:00,2026-04-04 11:00:00
2026-04-03 15:00:00,2026-04-03 11:00:00,RFC,WEST,AEP,AEPKPT,548.259,True,11,4,4,0,0.258819045102521,-0.9659258262890682,-0.433883739117558,-0.9009688679024191,531.577,570.662,579.594,552.1045416666667,73.44639513276456,560.026,2026-04-04 15:00:00,2026-04-04 11:00:00
2026-04-03 15:00:00,2026-04-03 11:00:00,RFC,WEST,AEP,AEPOPT,8043.172,True,11,4,4,0,0.258819045102521,-0.9659258262890682,-0.433883739117558,-0.9009688679024191,7850.042,8090.527,8082.462,7740.666333333334,557.9409920312723,7961.199,2026-04-04 15:00:00,2026-04-04 11:00:00
2026-04-03 16:00:00,2026-04-03 12:00:00,RFC,WEST,AEP,AEPAPT,3753.534,True,12,4,4,0,1.2246467991473532e-16,-1.0,-0.433883739117558,-0.9009688679024191,3674.74,3977.095,3742.026,3734.144875,488.95050708166605,3795.081,2026-04-04 16:00:00,2026-04-04 12:00:00
2026-04-03 16:00:00,2026-04-03 12:00:00,RFC,WEST,AEP,AEPIMP,3207.923,True,12,4,4,0,1.2246467991473532e-16,-1.0,-0.433883739117558,-0.9009688679024191,3173.539,3635.432,3657.321,3225.7815000000005,216.80739485643605,3264.108,2026-04-04 16:00:00,2026-04-04 12:00:00
2026-04-03 16:00:00,2026-04-03 12:00:00,RFC,WEST,AEP,AEPKPT,560.74,True,12,4,4,0,1.2246467991473532e-16,-1.0,-0.433883739117558,-0.9009688679024191,548.259,602.758,591.35,550.3537916666668,72.68329552719685,581.618,2026-04-04 16:00:00,2026-04-04 12:00:00
2026-04-03 16:00:00,2026-04-03 12:00:00,RFC,WEST,AEP,AEPOPT,8075.712,True,12,4,4,0,1.2246467991473532e-16,-1.0,-0.433883739117558,-0.9009688679024191,8043.172,8196.225,8097.367,7735.644958333333,554.1924882422428,8035.797,2026-04-04 16:00:00,2026-04-04 12:00:00
2026-04-03 17:00:00,2026-04-03 13:00:00,RFC,WEST,AEP,AEPAPT,3834.886,True,13,4,4,0,-0.2588190451025208,-0.9659258262890683,-0.433883739117558,-0.9009688679024191,3753.534,4129.926,3835.221,3721.851541666667,482.2298213114624,3914.075,2026-04-04 17:00:00,2026-04-04 13:00:00
2026-04-03 17:00:00,2026-04-03 13:00:00,RFC,WEST,AEP,AEPIMP,3212.205,True,13,4,4,0,-0.2588190451025208,-0.9659258262890683,-0.433883739117558,-0.9009688679024191,3207.923,3602.566,3698.319,3209.5164583333335,201.4074167133087,3272.827,2026-04-04 17:00:00,2026-04-04 13:00:00
2026-04-03 17:00:00,2026-04-03 13:00:00,RFC,WEST,AEP,AEPKPT,582.651,True,13,4,4,0,-0.2588190451025208,-0.9659258262890683,-0.433883739117558,-0.9009688679024191,560.74,622.314,608.092,548.7011666666667,71.41583776888622,608.352,2026-04-04 17:00:00,2026-04-04 13:00:00
2026-04-03 17:00:00,2026-04-03 13:00:00,RFC,WEST,AEP,AEPOPT,8121.566,True,13,4,4,0,-0.2588190451025208,-0.9659258262890683,-0.433883739117558,-0.9009688679024191,8075.712,8295.655,8019.219,7728.391250000001,547.6445703650948,8210.479,2026-04-04 17:00:00,2026-04-04 13:00:00
2026-04-03 18:00:00,2026-04-03 14:00:00,RFC,WEST,AEP,AEPAPT,3915.87,True,14,4,4,0,-0.4999999999999997,-0.8660254037844388,-0.433883739117558,-0.9009688679024191,3834.886,4238.449,3952.851,3708.4107499999996,471.5830566345701,4010.764,2026-04-04 18:00:00,2026-04-04 14:00:00
2026-04-03 18:00:00,2026-04-03 14:00:00,RFC,WEST,AEP,AEPIMP,3115.925,True,14,4,4,0,-0.4999999999999997,-0.8660254037844388,-0.433883739117558,-0.9009688679024191,3212.205,3559.693,3714.172,3191.026125,187.76999403301193,3237.028,2026-04-04 18:00:00,2026-04-04 14:00:00
2026-04-03 18:00:00,2026-04-03 14:00:00,RFC,WEST,AEP,AEPKPT,590.622,True,14,4,4,0,-0.4999999999999997,-0.8660254037844388,-0.433883739117558,-0.9009688679024191,582.651,635.917,620.834,546.8138749999999,69.58584724441326,626.027,2026-04-04 18:00:00,2026-04-04 14:00:00
2026-04-03 18:00:00,2026-04-03 14:00:00,RFC,WEST,AEP,AEPOPT,8150.417,True,14,4,4,0,-0.4999999999999997,-0.8660254037844388,-0.433883739117558,-0.9009688679024191,8121.566,8375.084,8088.29,7719.030125,537.9440055008399,8354.756,2026-04-04 18:00:00,2026-04-04 14:00:00
2026-04-03 19:00:00,2026-04-03 15:00:00,RFC,WEST,AEP,AEPAPT,4031.728,True,15,4,4,0,-0.7071067811865471,-0.7071067811865479,-0.433883739117558,-0.9009688679024191,3915.87,4305.58,3963.666,3697.0002499999996,459.66819161342016,4127.846,2026-04-04 19:00:00,2026-04-04 15:00:00
2026-04-03 19:00:00,2026-04-03 15:00:00,RFC,WEST,AEP,AEPIMP,3166.684,True,15,4,4,0,-0.7071067811865471,-0.7071067811865479,-0.433883739117558,-0.9009688679024191,3115.925,3479.389,3638.456,3177.9967500000002,177.4565673527755,3197.824,2026-04-04 19:00:00,2026-04-04 15:00:00
2026-04-03 19:00:00,2026-04-03 15:00:00,RFC,WEST,AEP,AEPKPT,610.224,True,15,4,4,0,-0.7071067811865471,-0.7071067811865479,-0.433883739117558,-0.9009688679024191,590.622,652.733,619.818,545.0426666666667,67.27525023343283,636.849,2026-04-04 19:00:00,2026-04-04 15:00:00
2026-04-03 19:00:00,2026-04-03 15:00:00,RFC,WEST,AEP,AEPOPT,8244.027,True,15,4,4,0,-0.7071067811865471,-0.7071067811865479,-0.433883739117558,-0.9009688679024191,8150.417,8390.688,8088.193,7712.91925,530.7675947203622,8391.291,2026-04-04 19:00:00,2026-04-04 15:00:00
2026-04-03 20:00:00,2026-04-03 16:00:00,RFC,WEST,AEP,AEPAPT,4129.043,True,16,4,4,0,-0.8660254037844384,-0.5000000000000004,-0.433883739117558,-0.9009688679024191,4031.728,4362.355,4107.935,3687.2789166666666,447.28540434024734,4221.795,2026-04-04 20:00:00,2026-04-04 16:00:00
2026-04-03 20:00:00,2026-04-03 16:00:00,RFC,WEST,AEP,AEPIMP,3081.489,True,16,4,4,0,-0.8660254037844384,-0.5000000000000004,-0.433883739117558,-0.9009688679024191,3166.684,3494.616,3644.329,3160.783125,165.00905757835366,3177.056,2026-04-04 20:00:00,2026-04-04 16:00:00
2026-04-03 20:00:00,2026-04-03 16:00:00,RFC,WEST,AEP,AEPKPT,624.257,True,16,4,4,0,-0.8660254037844384,-0.5000000000000004,-0.433883739117558,-0.9009688679024191,610.224,656.437,630.359,543.7018333333333,65.24873107256339,625.896,2026-04-04 20:00:00,2026-04-04 16:00:00
2026-04-03 20:00:00,2026-04-03 16:00:00,RFC,WEST,AEP,AEPOPT,8307.734,True,16,4,4,0,-0.8660254037844384,-0.5000000000000004,-0.433883739117558,-0.9009688679024191,8244.027,8335.085,8094.528,7711.779624999999,529.401249459836,8432.654,2026-04-04 20:00:00,2026-04-04 16:00:00
2026-04-03 21:00:00,2026-04-03 17:00:00,RFC,WEST,AEP,AEPAPT,4160.175,True,17,4,4,0,-0.9659258262890683,-0.25881904510252063,-0.433883739117558,-0.9009688679024191,4129.043,4407.412,4160.158,3676.977375,432.58422066076224,4248.876,2026-04-04 21:00:00,2026-04-04 17:00:00
2026-04-03 21:00:00,2026-04-03 17:00:00,RFC,WEST,AEP,AEPIMP,3115.538,True,17,4,4,0,-0.9659258262890683,-0.25881904510252063,-0.433883739117558,-0.9009688679024191,3081.489,3453.262,3688.331,3146.711291666667,152.94139003594904,3190.732,2026-04-04 21:00:00,2026-04-04 17:00:00
2026-04-03 21:00:00,2026-04-03 17:00:00,RFC,WEST,AEP,AEPKPT,639.971,True,17,4,4,0,-0.9659258262890683,-0.25881904510252063,-0.433883739117558,-0.9009688679024191,624.257,645.244,630.228,543.482125,64.89989320304228,631.736,2026-04-04 21:00:00,2026-04-04 17:00:00
2026-04-03 21:00:00,2026-04-03 17:00:00,RFC,WEST,AEP,AEPOPT,8444.977,True,17,4,4,0,-0.9659258262890683,-0.25881904510252063,-0.433883739117558,-0.9009688679024191,8307.734,8375.417,8072.323,7714.677958333334,533.3680075717749,8392.883,2026-04-04 21:00:00,2026-04-04 17:00:00
2026-04-03 22:00:00,2026-04-03 18:00:00,RFC,WEST,AEP,AEPAPT,4170.313,True,18,4,4,0,-1.0,-1.8369701987210297e-16,-0.433883739117558,-0.9009688679024191,4160.175,4377.109,4163.061,3668.3608750000003,419.9059611090278,4215.381,2026-04-04 22:00:00,2026-04-04 18:00:00
2026-04-03 22:00:00,2026-04-03 18:00:00,RFC,WEST,AEP,AEPIMP,3097.34,True,18,4,4,0,-1.0,-1.8369701987210297e-16,-0.433883739117558,-0.9009688679024191,3115.538,3455.78,3656.501,3131.776291666667,138.24290824659363,3198.746,2026-04-04 22:00:00,2026-04-04 18:00:00
2026-04-03 22:00:00,2026-04-03 18:00:00,RFC,WEST,AEP,AEPKPT,630.553,True,18,4,4,0,-1.0,-1.8369701987210297e-16,-0.433883739117558,-0.9009688679024191,639.971,635.088,623.387,543.2931666666667,64.62761395986175,616.855,2026-04-04 22:00:00,2026-04-04 18:00:00
2026-04-03 22:00:00,2026-04-03 18:00:00,RFC,WEST,AEP,AEPOPT,8369.119,True,18,4,4,0,-1.0,-1.8369701987210297e-16,-0.433883739117558,-0.9009688679024191,8444.977,8279.386,8057.623,7718.416833333334,537.7948262702182,8178.827,2026-04-04 22:00:00,2026-04-04 18:00:00
2026-04-03 23:00:00,2026-04-03 19:00:00,RFC,WEST,AEP,AEPAPT,4079.043,True,19,4,4,0,-0.9659258262890684,0.2588190451025203,-0.433883739117558,-0.9009688679024191,4170.313,4338.252,4184.739,3657.5605,404.9954109273011,4166.188,2026-04-04 23:00:00,2026-04-04 19:00:00
2026-04-03 23:00:00,2026-04-03 19:00:00,RFC,WEST,AEP,AEPIMP,3130.554,True,19,4,4,0,-0.9659258262890684,0.2588190451025203,-0.433883739117558,-0.9009688679024191,3097.34,3406.199,3693.115,3120.2910833333335,125.29672079192572,3218.688,2026-04-04 23:00:00,2026-04-04 19:00:00
2026-04-03 23:00:00,2026-04-03 19:00:00,RFC,WEST,AEP,AEPKPT,615.026,True,19,4,4,0,-0.9659258262890684,0.2588190451025203,-0.433883739117558,-0.9009688679024191,630.553,622.639,616.924,542.9759583333333,64.23874571876318,599.74,2026-04-04 23:00:00,2026-04-04 19:00:00
2026-04-03 23:00:00,2026-04-03 19:00:00,RFC,WEST,AEP,AEPOPT,8241.83,True,19,4,4,0,-0.9659258262890684,0.2588190451025203,-0.433883739117558,-0.9009688679024191,8369.119,8206.14,8086.474,7719.903916666666,539.2494667704859,8073.865,2026-04-04 23:00:00,2026-04-04 19:00:00
2026-04-04 00:00:00,2026-04-03 20:00:00,RFC,WEST,AEP,AEPAPT,4050.706,True,20,4,4,0,-0.8660254037844386,0.5000000000000001,-0.433883739117558,-0.9009688679024191,4079.043,4321.826,4184.252,3646.263833333333,389.13178071150867,4120.423,2026-04-05 00:00:00,2026-04-04 20:00:00
2026-04-04 00:00:00,2026-04-03 20:00:00,RFC,WEST,AEP,AEPIMP,3189.061,True,20,4,4,0,-0.8660254037844386,0.5000000000000001,-0.433883739117558,-0.9009688679024191,3130.554,3402.15,3648.925,3111.4123750000003,111.21386897435137,3212.53,2026-04-05 00:00:00,2026-04-04 20:00:00
2026-04-04 00:00:00,2026-04-03 20:00:00,RFC,WEST,AEP,AEPKPT,608.942,True,20,4,4,0,-0.8660254037844386,0.5000000000000001,-0.433883739117558,-0.9009688679024191,615.026,626.395,622.15,542.24875,63.345933797130364,604.096,2026-04-05 00:00:00,2026-04-04 20:00:00
2026-04-04 00:00:00,2026-04-03 20:00:00,RFC,WEST,AEP,AEPOPT,8144.381,True,20,4,4,0,-0.8660254037844386,0.5000000000000001,-0.433883739117558,-0.9009688679024191,8241.83,8270.569,8192.252,7714.646083333333,534.2387918818549,8011.078,2026-04-05 00:00:00,2026-04-04 20:00:00
2026-04-04 01:00:00,2026-04-03 21:00:00,RFC,WEST,AEP,AEPAPT,3899.806,True,21,4,4,0,-0.7071067811865477,0.7071067811865474,-0.433883739117558,-0.9009688679024191,4050.706,4126.04,3994.311,3636.8374166666667,379.6283862400303,3939.423,2026-04-05 01:00:00,2026-04-04 21:00:00
2026-04-04 01:00:00,2026-04-03 21:00:00,RFC,WEST,AEP,AEPIMP,3173.333,True,21,4,4,0,-0.7071067811865477,0.7071067811865474,-0.433883739117558,-0.9009688679024191,3189.061,3298.539,3622.754,3106.1954583333336,104.80637794854593,3186.0,2026-04-05 01:00:00,2026-04-04 21:00:00
2026-04-04 01:00:00,2026-04-03 21:00:00,RFC,WEST,AEP,AEPKPT,586.466,True,21,4,4,0,-0.7071067811865477,0.7071067811865474,-0.433883739117558,-0.9009688679024191,608.942,595.146,596.778,541.8870833333334,63.054902037425,581.367,2026-04-05 01:00:00,2026-04-04 21:00:00
2026-04-04 01:00:00,2026-04-03 21:00:00,RFC,WEST,AEP,AEPOPT,8079.223,True,21,4,4,0,-0.7071067811865477,0.7071067811865474,-0.433883739117558,-0.9009688679024191,8144.381,8121.648,8000.45,7712.878375,532.9020534954202,7823.289,2026-04-05 01:00:00,2026-04-04 21:00:00
2026-04-04 02:00:00,2026-04-03 22:00:00,RFC,WEST,AEP,AEPAPT,3680.401,True,22,4,4,0,-0.5000000000000004,0.8660254037844384,-0.433883739117558,-0.9009688679024191,3899.806,3869.06,3743.85,3628.9766250000007,376.5515621595079,3733.174,2026-04-05 02:00:00,2026-04-04 22:00:00
2026-04-04 02:00:00,2026-04-03 22:00:00,RFC,WEST,AEP,AEPIMP,3054.561,True,22,4,4,0,-0.5000000000000004,0.8660254037844384,-0.433883739117558,-0.9009688679024191,3173.333,3202.207,3497.689,3100.0435416666674,103.24733137217667,3134.433,2026-04-05 02:00:00,2026-04-04 22:00:00
2026-04-04 02:00:00,2026-04-03 22:00:00,RFC,WEST,AEP,AEPKPT,554.471,True,22,4,4,0,-0.5000000000000004,0.8660254037844384,-0.433883739117558,-0.9009688679024191,586.466,562.84,564.223,541.538375,62.95705483610123,570.997,2026-04-05 02:00:00,2026-04-04 22:00:00
2026-04-04 02:00:00,2026-04-03 22:00:00,RFC,WEST,AEP,AEPOPT,7749.164,True,22,4,4,0,-0.5000000000000004,0.8660254037844384,-0.433883739117558,-0.9009688679024191,8079.223,7811.513,7756.872,7710.280500000001,532.5521673028439,7461.432,2026-04-05 02:00:00,2026-04-04 22:00:00
2026-04-04 03:00:00,2026-04-03 23:00:00,RFC,WEST,AEP,AEPAPT,3431.11,True,23,4,4,0,-0.25881904510252157,0.9659258262890681,-0.433883739117558,-0.9009688679024191,3680.401,3574.298,3492.833,3623.0104583333327,378.5844332897246,3509.388,2026-04-05 03:00:00,2026-04-04 23:00:00
2026-04-04 03:00:00,2026-04-03 23:00:00,RFC,WEST,AEP,AEPIMP,2977.542,True,23,4,4,0,-0.25881904510252157,0.9659258262890681,-0.433883739117558,-0.9009688679024191,3054.561,3034.359,3424.38,3097.676166666666,105.44685959562436,3068.223,2026-04-05 03:00:00,2026-04-04 23:00:00
2026-04-04 03:00:00,2026-04-03 23:00:00,RFC,WEST,AEP,AEPKPT,519.759,True,23,4,4,0,-0.25881904510252157,0.9659258262890681,-0.433883739117558,-0.9009688679024191,554.471,527.18,532.258,541.2291666666666,63.04879785128929,531.678,2026-04-05 03:00:00,2026-04-04 23:00:00
2026-04-04 03:00:00,2026-04-03 23:00:00,RFC,WEST,AEP,AEPOPT,7411.782,True,23,4,4,0,-0.25881904510252157,0.9659258262890681,-0.433883739117558,-0.9009688679024191,7749.164,7495.958,7543.848,7706.773166666666,534.2993639736683,7166.927,2026-04-05 03:00:00,2026-04-04 23:00:00
2026-04-04 04:00:00,2026-04-04 00:00:00,RFC,WEST,AEP,AEPAPT,3239.969,True,0,5,4,1,0.0,1.0,-0.9749279121818236,-0.2225209339563146,3431.11,3353.711,3270.539,3618.2712083333336,382.79075284955354,3297.914,2026-04-05 04:00:00,2026-04-05 00:00:00
2026-04-04 04:00:00,2026-04-04 00:00:00,RFC,WEST,AEP,AEPIMP,2882.743,True,0,5,4,1,0.0,1.0,-0.9749279121818236,-0.2225209339563146,2977.542,3007.756,3370.355,3092.4672916666664,112.90576625567182,2982.753,2026-04-05 04:00:00,2026-04-05 00:00:00
2026-04-04 04:00:00,2026-04-04 00:00:00,RFC,WEST,AEP,AEPKPT,480.604,True,0,5,4,1,0.0,1.0,-0.9749279121818236,-0.2225209339563146,519.759,492.889,501.973,540.7172916666667,63.50652882457049,490.656,2026-04-05 04:00:00,2026-04-05 00:00:00
2026-04-04 04:00:00,2026-04-04 00:00:00,RFC,WEST,AEP,AEPOPT,7080.409,True,0,5,4,1,0.0,1.0,-0.9749279121818236,-0.2225209339563146,7411.782,7145.032,7156.64,7704.080541666666,537.4071634015519,6860.612,2026-04-05 04:00:00,2026-04-05 00:00:00
2026-04-04 05:00:00,2026-04-04 01:00:00,RFC,WEST,AEP,AEPAPT,3098.473,True,1,5,4,1,0.25881904510252074,0.9659258262890683,-0.9749279121818236,-0.2225209339563146,3239.969,3192.967,3165.127,3614.333958333333,387.8085560866869,3166.081,2026-04-05 05:00:00,2026-04-05 01:00:00
2026-04-04 05:00:00,2026-04-04 01:00:00,RFC,WEST,AEP,AEPIMP,2832.638,True,1,5,4,1,0.25881904510252074,0.9659258262890683,-0.9749279121818236,-0.2225209339563146,2882.743,2939.696,3356.452,3088.006541666667,121.02676878061338,2896.651,2026-04-05 05:00:00,2026-04-05 01:00:00
2026-04-04 05:00:00,2026-04-04 01:00:00,RFC,WEST,AEP,AEPKPT,462.84,True,1,5,4,1,0.25881904510252074,0.9659258262890683,-0.9749279121818236,-0.2225209339563146,480.604,472.778,483.694,540.3032083333334,63.999263488275034,468.508,2026-04-05 05:00:00,2026-04-05 01:00:00
2026-04-04 05:00:00,2026-04-04 01:00:00,RFC,WEST,AEP,AEPOPT,6906.908,True,1,5,4,1,0.25881904510252074,0.9659258262890683,-0.9749279121818236,-0.2225209339563146,7080.409,6987.054,7168.521,7700.7411250000005,542.2833336989798,6567.2,2026-04-05 05:00:00,2026-04-05 01:00:00
2026-04-04 06:00:00,2026-04-04 02:00:00,RFC,WEST,AEP,AEPAPT,3028.573,True,2,5,4,1,0.49999999999999994,0.8660254037844387,-0.9749279121818236,-0.2225209339563146,3098.473,3108.346,3088.052,3611.010083333333,392.6455909901346,3066.282,2026-04-05 06:00:00,2026-04-05 02:00:00
2026-04-04 06:00:00,2026-04-04 02:00:00,RFC,WEST,AEP,AEPIMP,2714.913,True,2,5,4,1,0.49999999999999994,0.8660254037844387,-0.9749279121818236,-0.2225209339563146,2832.638,2949.078,3345.266,3078.2496666666666,140.5741246558314,2941.678,2026-04-05 06:00:00,2026-04-05 02:00:00
2026-04-04 06:00:00,2026-04-04 02:00:00,RFC,WEST,AEP,AEPKPT,444.321,True,2,5,4,1,0.49999999999999994,0.8660254037844387,-0.9749279121818236,-0.2225209339563146,462.84,457.515,472.359,539.7534583333332,64.79307370322246,455.521,2026-04-05 06:00:00,2026-04-05 02:00:00
2026-04-04 06:00:00,2026-04-04 02:00:00,RFC,WEST,AEP,AEPOPT,6769.692,True,2,5,4,1,0.49999999999999994,0.8660254037844387,-0.9749279121818236,-0.2225209339563146,6906.908,6938.379,7109.837,7693.712500000001,553.5697885401149,6480.093,2026-04-05 06:00:00,2026-04-05 02:00:00
2026-04-04 07:00:00,2026-04-04 03:00:00,RFC,WEST,AEP,AEPAPT,2975.889,True,3,5,4,1,0.7071067811865475,0.7071067811865476,-0.9749279121818236,-0.2225209339563146,3028.573,3020.223,3066.464,3609.1628333333333,395.63874604356795,2994.672,2026-04-05 07:00:00,2026-04-05 03:00:00
2026-04-04 07:00:00,2026-04-04 03:00:00,RFC,WEST,AEP,AEPIMP,2669.718,True,3,5,4,1,0.7071067811865475,0.7071067811865476,-0.9749279121818236,-0.2225209339563146,2714.913,2896.072,3328.041,3068.81825,159.62994237658478,2870.668,2026-04-05 07:00:00,2026-04-05 03:00:00
2026-04-04 07:00:00,2026-04-04 03:00:00,RFC,WEST,AEP,AEPKPT,441.253,True,3,5,4,1,0.7071067811865475,0.7071067811865476,-0.9749279121818236,-0.2225209339563146,444.321,448.585,462.191,539.4479583333333,65.2572460640789,445.855,2026-04-05 07:00:00,2026-04-05 03:00:00
2026-04-04 07:00:00,2026-04-04 03:00:00,RFC,WEST,AEP,AEPOPT,6617.006,True,3,5,4,1,0.7071067811865475,0.7071067811865476,-0.9749279121818236,-0.2225209339563146,6769.692,6852.998,7058.169,7683.8795,570.9749197010774,6379.348,2026-04-05 07:00:00,2026-04-05 03:00:00
2026-04-04 08:00:00,2026-04-04 04:00:00,RFC,WEST,AEP,AEPAPT,2966.362,True,4,5,4,1,0.8660254037844386,0.5000000000000001,-0.9749279121818236,-0.2225209339563146,2975.889,3052.258,3122.497,3605.5838333333336,401.2444173086544,3001.281,2026-04-05 08:00:00,2026-04-05 04:00:00
2026-04-04 08:00:00,2026-04-04 04:00:00,RFC,WEST,AEP,AEPIMP,2676.012,True,4,5,4,1,0.8660254037844386,0.5000000000000001,-0.9749279121818236,-0.2225209339563146,2669.718,2905.147,3335.925,3059.270958333333,175.87055255140615,2866.446,2026-04-05 08:00:00,2026-04-05 04:00:00
2026-04-04 08:00:00,2026-04-04 04:00:00,RFC,WEST,AEP,AEPKPT,439.782,True,4,5,4,1,0.8660254037844386,0.5000000000000001,-0.9749279121818236,-0.2225209339563146,441.253,450.85,467.24,538.9867916666666,65.94605456964445,448.552,2026-04-05 08:00:00,2026-04-05 04:00:00
2026-04-04 08:00:00,2026-04-04 04:00:00,RFC,WEST,AEP,AEPOPT,6627.517,True,4,5,4,1,0.8660254037844386,0.5000000000000001,-0.9749279121818236,-0.2225209339563146,6617.006,6918.731,7186.618,7671.745583333333,590.695985710071,6427.869,2026-04-05 08:00:00,2026-04-05 04:00:00
2026-04-04 09:00:00,2026-04-04 05:00:00,RFC,WEST,AEP,AEPAPT,2983.248,True,5,5,4,1,0.9659258262890683,0.25881904510252074,-0.9749279121818236,-0.2225209339563146,2966.362,3142.526,3241.001,3598.9472499999997,410.4480672763493,3066.713,2026-04-05 09:00:00,2026-04-05 05:00:00
2026-04-04 09:00:00,2026-04-04 05:00:00,RFC,WEST,AEP,AEPIMP,2814.958,True,5,5,4,1,0.9659258262890683,0.25881904510252074,-0.9749279121818236,-0.2225209339563146,2676.012,3095.111,3462.886,3047.597916666666,182.55844260660436,2940.019,2026-04-05 09:00:00,2026-04-05 05:00:00
2026-04-04 09:00:00,2026-04-04 05:00:00,RFC,WEST,AEP,AEPKPT,444.758,True,5,5,4,1,0.9659258262890683,0.25881904510252074,-0.9749279121818236,-0.2225209339563146,439.782,462.607,478.373,538.2430833333333,66.93806571549457,451.715,2026-04-05 09:00:00,2026-04-05 05:00:00
2026-04-04 09:00:00,2026-04-04 05:00:00,RFC,WEST,AEP,AEPOPT,6715.986,True,5,5,4,1,0.9659258262890683,0.25881904510252074,-0.9749279121818236,-0.2225209339563146,6627.517,7015.194,7444.906,7659.278583333333,608.0577191818232,6519.106,2026-04-05 09:00:00,2026-04-05 05:00:00
2026-04-04 10:00:00,2026-04-04 06:00:00,RFC,WEST,AEP,AEPAPT,3032.874,True,6,5,4,1,1.0,6.123233995736766e-17,-0.9749279121818236,-0.2225209339563146,2983.248,3314.225,3495.245,3587.224291666667,422.766718748981,3128.523,2026-04-05 10:00:00,2026-04-05 06:00:00
2026-04-04 10:00:00,2026-04-04 06:00:00,RFC,WEST,AEP,AEPIMP,2865.823,True,6,5,4,1,1.0,6.123233995736766e-17,-0.9749279121818236,-0.2225209339563146,2814.958,3060.163,3653.307,3039.5004166666663,186.24960170366796,2979.364,2026-04-05 10:00:00,2026-04-05 06:00:00
2026-04-04 10:00:00,2026-04-04 06:00:00,RFC,WEST,AEP,AEPKPT,454.337,True,6,5,4,1,1.0,6.123233995736766e-17,-0.9749279121818236,-0.2225209339563146,444.758,479.233,501.425,537.20575,68.07554058432304,453.946,2026-04-05 10:00:00,2026-04-05 06:00:00
2026-04-04 10:00:00,2026-04-04 06:00:00,RFC,WEST,AEP,AEPOPT,6862.224,True,6,5,4,1,1.0,6.123233995736766e-17,-0.9749279121818236,-0.2225209339563146,6715.986,7253.039,7782.159,7642.994625,624.4227860251909,6602.901,2026-04-05 10:00:00,2026-04-05 06:00:00
2026-04-04 11:00:00,2026-04-04 07:00:00,RFC,WEST,AEP,AEPAPT,3140.981,True,7,5,4,1,0.9659258262890683,-0.25881904510252063,-0.9749279121818236,-0.2225209339563146,3032.874,3412.078,3649.731,3575.928583333333,431.1876260783957,3198.391,2026-04-05 11:00:00,2026-04-05 07:00:00
2026-04-04 11:00:00,2026-04-04 07:00:00,RFC,WEST,AEP,AEPIMP,2872.404,True,7,5,4,1,0.9659258262890683,-0.25881904510252063,-0.9749279121818236,-0.2225209339563146,2865.823,3126.773,3783.236,3028.9017083333333,188.29368260673664,3086.794,2026-04-05 11:00:00,2026-04-05 07:00:00
2026-04-04 11:00:00,2026-04-04 07:00:00,RFC,WEST,AEP,AEPKPT,462.156,True,7,5,4,1,0.9659258262890683,-0.25881904510252063,-0.9749279121818236,-0.2225209339563146,454.337,493.014,516.225,535.92,69.22813600163488,461.649,2026-04-05 11:00:00,2026-04-05 07:00:00
2026-04-04 11:00:00,2026-04-04 07:00:00,RFC,WEST,AEP,AEPOPT,6948.644,True,7,5,4,1,0.9659258262890683,-0.25881904510252063,-0.9749279121818236,-0.2225209339563146,6862.224,7382.119,8023.078,7624.933166666667,638.4092073726938,6716.639,2026-04-05 11:00:00,2026-04-05 07:00:00
2026-04-04 12:00:00,2026-04-04 08:00:00,RFC,WEST,AEP,AEPAPT,3263.441,True,8,5,4,1,0.8660254037844387,-0.4999999999999998,-0.9749279121818236,-0.2225209339563146,3140.981,3446.033,3688.559,3568.3205833333336,435.1716378797548,3370.085,2026-04-05 12:00:00,2026-04-05 08:00:00
2026-04-04 12:00:00,2026-04-04 08:00:00,RFC,WEST,AEP,AEPIMP,3022.842,True,8,5,4,1,0.8660254037844387,-0.4999999999999998,-0.9749279121818236,-0.2225209339563146,2872.404,3165.38,3793.642,3022.962625,186.03618182792755,3159.672,2026-04-05 12:00:00,2026-04-05 08:00:00
2026-04-04 12:00:00,2026-04-04 08:00:00,RFC,WEST,AEP,AEPKPT,490.616,True,8,5,4,1,0.8660254037844387,-0.4999999999999998,-0.9749279121818236,-0.2225209339563146,462.156,508.47,523.374,535.1760833333333,69.6306931185282,480.318,2026-04-05 12:00:00,2026-04-05 08:00:00
2026-04-04 12:00:00,2026-04-04 08:00:00,RFC,WEST,AEP,AEPOPT,7183.298,True,8,5,4,1,0.8660254037844387,-0.4999999999999998,-0.9749279121818236,-0.2225209339563146,6948.644,7549.824,8059.428,7609.66125,644.6376787653154,6999.146,2026-04-05 12:00:00,2026-04-05 08:00:00
2026-04-04 13:00:00,2026-04-04 09:00:00,RFC,WEST,AEP,AEPAPT,3366.661,True,9,5,4,1,0.7071067811865476,-0.7071067811865475,-0.9749279121818236,-0.2225209339563146,3263.441,3510.871,3685.89,3562.311833333333,436.9911830088205,3493.957,2026-04-05 13:00:00,2026-04-05 09:00:00
2026-04-04 13:00:00,2026-04-04 09:00:00,RFC,WEST,AEP,AEPIMP,3009.538,True,9,5,4,1,0.7071067811865476,-0.7071067811865475,-0.9749279121818236,-0.2225209339563146,3022.842,3236.292,3791.701,3013.514541666667,180.40365481932923,3194.426,2026-04-05 13:00:00,2026-04-05 09:00:00
2026-04-04 13:00:00,2026-04-04 09:00:00,RFC,WEST,AEP,AEPKPT,510.243,True,9,5,4,1,0.7071067811865476,-0.7071067811865475,-0.9749279121818236,-0.2225209339563146,490.616,520.041,536.108,534.7678333333333,69.75190713282792,498.917,2026-04-05 13:00:00,2026-04-05 09:00:00
2026-04-04 13:00:00,2026-04-04 09:00:00,RFC,WEST,AEP,AEPOPT,7444.89,True,9,5,4,1,0.7071067811865476,-0.7071067811865475,-0.9749279121818236,-0.2225209339563146,7183.298,7687.04,8077.63,7599.571666666667,645.2686279035878,7304.749,2026-04-05 13:00:00,2026-04-05 09:00:00
2026-04-04 14:00:00,2026-04-04 10:00:00,RFC,WEST,AEP,AEPAPT,3519.071,True,10,5,4,1,0.49999999999999994,-0.8660254037844387,-0.9749279121818236,-0.2225209339563146,3366.661,3587.658,3769.626,3559.4540416666664,437.0424860839912,3489.058,2026-04-05 14:00:00,2026-04-05 10:00:00
2026-04-04 14:00:00,2026-04-04 10:00:00,RFC,WEST,AEP,AEPIMP,3105.302,True,10,5,4,1,0.49999999999999994,-0.8660254037844387,-0.9749279121818236,-0.2225209339563146,3009.538,3267.066,3663.489,3006.7743749999995,173.4048152161791,3341.146,2026-04-05 14:00:00,2026-04-05 10:00:00
2026-04-04 14:00:00,2026-04-04 10:00:00,RFC,WEST,AEP,AEPKPT,538.764,True,10,5,4,1,0.49999999999999994,-0.8660254037844387,-0.9749279121818236,-0.2225209339563146,510.243,531.577,554.444,535.0672916666666,69.75304024633527,502.585,2026-04-05 14:00:00,2026-04-05 10:00:00
2026-04-04 14:00:00,2026-04-04 10:00:00,RFC,WEST,AEP,AEPOPT,7684.891,True,10,5,4,1,0.49999999999999994,-0.8660254037844387,-0.9749279121818236,-0.2225209339563146,7444.89,7850.042,8096.615,7592.690375000001,643.3592004390977,7387.262,2026-04-05 14:00:00,2026-04-05 10:00:00
2026-04-04 15:00:00,2026-04-04 11:00:00,RFC,WEST,AEP,AEPAPT,3643.661,True,11,5,4,1,0.258819045102521,-0.9659258262890682,-0.9749279121818236,-0.2225209339563146,3519.071,3674.74,3852.72,3558.1590833333335,436.73197483571664,3479.337,2026-04-05 15:00:00,2026-04-05 11:00:00
2026-04-04 15:00:00,2026-04-04 11:00:00,RFC,WEST,AEP,AEPIMP,3193.698,True,11,5,4,1,0.258819045102521,-0.9659258262890682,-0.9749279121818236,-0.2225209339563146,3105.302,3173.539,3564.675,3007.6143333333334,174.2942735639585,3293.59,2026-04-05 15:00:00,2026-04-05 11:00:00
2026-04-04 15:00:00,2026-04-04 11:00:00,RFC,WEST,AEP,AEPKPT,560.026,True,11,5,4,1,0.258819045102521,-0.9659258262890682,-0.9749279121818236,-0.2225209339563146,538.764,548.259,570.662,535.5575833333334,69.89101423671154,471.096,2026-04-05 15:00:00,2026-04-05 11:00:00
2026-04-04 15:00:00,2026-04-04 11:00:00,RFC,WEST,AEP,AEPOPT,7961.199,True,11,5,4,1,0.258819045102521,-0.9659258262890682,-0.9749279121818236,-0.2225209339563146,7684.891,8043.172,8090.527,7589.274833333334,641.077195656936,7509.657,2026-04-05 15:00:00,2026-04-05 11:00:00
2026-04-04 16:00:00,2026-04-04 12:00:00,RFC,WEST,AEP,AEPAPT,3795.081,True,12,5,4,1,1.2246467991473532e-16,-1.0,-0.9749279121818236,-0.2225209339563146,3643.661,3753.534,3977.095,3559.890208333333,437.6215122630385,3486.387,2026-04-05 16:00:00,2026-04-05 12:00:00
2026-04-04 16:00:00,2026-04-04 12:00:00,RFC,WEST,AEP,AEPIMP,3264.108,True,12,5,4,1,1.2246467991473532e-16,-1.0,-0.9749279121818236,-0.2225209339563146,3193.698,3207.923,3635.432,3009.9553749999995,177.4504542005551,3312.793,2026-04-05 16:00:00,2026-04-05 12:00:00
2026-04-04 16:00:00,2026-04-04 12:00:00,RFC,WEST,AEP,AEPKPT,581.618,True,12,5,4,1,1.2246467991473532e-16,-1.0,-0.9749279121818236,-0.2225209339563146,560.026,560.74,602.758,536.4275,70.3465288498116,460.326,2026-04-05 16:00:00,2026-04-05 12:00:00
2026-04-04 16:00:00,2026-04-04 12:00:00,RFC,WEST,AEP,AEPOPT,8035.797,True,12,5,4,1,1.2246467991473532e-16,-1.0,-0.9749279121818236,-0.2225209339563146,7961.199,8075.712,8196.225,7587.611708333334,639.8109052435434,7441.365,2026-04-05 16:00:00,2026-04-05 12:00:00
2026-04-04 17:00:00,2026-04-04 13:00:00,RFC,WEST,AEP,AEPAPT,3914.075,True,13,5,4,1,-0.2588190451025208,-0.9659258262890683,-0.9749279121818236,-0.2225209339563146,3795.081,3834.886,4129.926,3563.18975,440.07669379535093,3421.279,2026-04-05 17:00:00,2026-04-05 13:00:00
2026-04-04 17:00:00,2026-04-04 13:00:00,RFC,WEST,AEP,AEPIMP,3272.827,True,13,5,4,1,-0.2588190451025208,-0.9659258262890683,-0.9749279121818236,-0.2225209339563146,3264.108,3212.205,3602.566,3012.4812916666665,180.85337795464727,3246.304,2026-04-05 17:00:00,2026-04-05 13:00:00
2026-04-04 17:00:00,2026-04-04 13:00:00,RFC,WEST,AEP,AEPKPT,608.352,True,13,5,4,1,-0.2588190451025208,-0.9659258262890683,-0.9749279121818236,-0.2225209339563146,581.618,582.651,622.314,537.498375,71.27033164606577,463.611,2026-04-05 17:00:00,2026-04-05 13:00:00
2026-04-04 17:00:00,2026-04-04 13:00:00,RFC,WEST,AEP,AEPOPT,8210.479,True,13,5,4,1,-0.2588190451025208,-0.9659258262890683,-0.9749279121818236,-0.2225209339563146,8035.797,8121.566,8295.655,7591.316416666666,643.2850795951441,7405.427,2026-04-05 17:00:00,2026-04-05 13:00:00
2026-04-04 18:00:00,2026-04-04 14:00:00,RFC,WEST,AEP,AEPAPT,4010.764,True,14,5,4,1,-0.4999999999999997,-0.8660254037844388,-0.9749279121818236,-0.2225209339563146,3914.075,3915.87,4238.449,3567.143666666667,443.7937518055233,3314.8,2026-04-05 18:00:00,2026-04-05 14:00:00
2026-04-04 18:00:00,2026-04-04 14:00:00,RFC,WEST,AEP,AEPIMP,3237.028,True,14,5,4,1,-0.4999999999999997,-0.8660254037844388,-0.9749279121818236,-0.2225209339563146,3272.827,3115.925,3559.693,3017.5272500000005,185.49490348588756,3157.949,2026-04-05 18:00:00,2026-04-05 14:00:00
2026-04-04 18:00:00,2026-04-04 14:00:00,RFC,WEST,AEP,AEPKPT,626.027,True,14,5,4,1,-0.4999999999999997,-0.8660254037844388,-0.9749279121818236,-0.2225209339563146,608.352,590.622,635.917,538.9735833333333,72.76840933603737,451.812,2026-04-05 18:00:00,2026-04-05 14:00:00
2026-04-04 18:00:00,2026-04-04 14:00:00,RFC,WEST,AEP,AEPOPT,8354.756,True,14,5,4,1,-0.4999999999999997,-0.8660254037844388,-0.9749279121818236,-0.2225209339563146,8210.479,8150.417,8375.084,7599.830541666667,652.2958691459473,7300.742,2026-04-05 18:00:00,2026-04-05 14:00:00
2026-04-04 19:00:00,2026-04-04 15:00:00,RFC,WEST,AEP,AEPAPT,4127.846,True,15,5,4,1,-0.7071067811865471,-0.7071067811865479,-0.9749279121818236,-0.2225209339563146,4010.764,4031.728,4305.58,3571.1485833333336,448.57649846868566,3326.589,2026-04-05 19:00:00,2026-04-05 15:00:00
2026-04-04 19:00:00,2026-04-04 15:00:00,RFC,WEST,AEP,AEPIMP,3197.824,True,15,5,4,1,-0.7071067811865471,-0.7071067811865479,-0.9749279121818236,-0.2225209339563146,3237.028,3166.684,3479.389,3018.8247499999998,186.68865500596007,3083.503,2026-04-05 19:00:00,2026-04-05 15:00:00
2026-04-04 19:00:00,2026-04-04 15:00:00,RFC,WEST,AEP,AEPKPT,636.849,True,15,5,4,1,-0.7071067811865471,-0.7071067811865479,-0.9749279121818236,-0.2225209339563146,626.027,610.224,652.733,540.0829583333333,74.09277097312827,443.851,2026-04-05 19:00:00,2026-04-05 15:00:00
2026-04-04 19:00:00,2026-04-04 15:00:00,RFC,WEST,AEP,AEPOPT,8391.291,True,15,5,4,1,-0.7071067811865471,-0.7071067811865479,-0.9749279121818236,-0.2225209339563146,8354.756,8244.027,8390.688,7605.966541666668,659.2744592116903,7331.055,2026-04-05 19:00:00,2026-04-05 15:00:00
2026-04-04 20:00:00,2026-04-04 16:00:00,RFC,WEST,AEP,AEPAPT,4221.795,True,16,5,4,1,-0.8660254037844384,-0.5000000000000004,-0.9749279121818236,-0.2225209339563146,4127.846,4129.043,4362.355,3575.01325,453.95921327584153,3367.216,2026-04-05 20:00:00,2026-04-05 16:00:00
2026-04-04 20:00:00,2026-04-04 16:00:00,RFC,WEST,AEP,AEPIMP,3177.056,True,16,5,4,1,-0.8660254037844384,-0.5000000000000004,-0.9749279121818236,-0.2225209339563146,3197.824,3081.489,3494.616,3022.806708333333,189.08714534734108,3057.918,2026-04-05 20:00:00,2026-04-05 16:00:00
2026-04-04 20:00:00,2026-04-04 16:00:00,RFC,WEST,AEP,AEPKPT,625.896,True,16,5,4,1,-0.8660254037844384,-0.5000000000000004,-0.9749279121818236,-0.2225209339563146,636.849,624.257,656.437,540.15125,74.17443812612318,446.554,2026-04-05 20:00:00,2026-04-05 16:00:00
2026-04-04 20:00:00,2026-04-04 16:00:00,RFC,WEST,AEP,AEPOPT,8432.654,True,16,5,4,1,-0.8660254037844384,-0.5000000000000004,-0.9749279121818236,-0.2225209339563146,8391.291,8307.734,8335.085,7611.171541666667,665.5193809830668,7345.957,2026-04-05 20:00:00,2026-04-05 16:00:00
2026-04-04 21:00:00,2026-04-04 17:00:00,RFC,WEST,AEP,AEPAPT,4248.876,True,17,5,4,1,-0.9659258262890683,-0.25881904510252063,-0.9749279121818236,-0.2225209339563146,4221.795,4160.175,4407.412,3578.709125,459.26051869237756,3421.095,2026-04-05 21:00:00,2026-04-05 17:00:00
2026-04-04 21:00:00,2026-04-04 17:00:00,RFC,WEST,AEP,AEPIMP,3190.732,True,17,5,4,1,-0.9659258262890683,-0.25881904510252063,-0.9749279121818236,-0.2225209339563146,3177.056,3115.538,3453.262,3025.939791666666,191.30047368949164,3008.465,2026-04-05 21:00:00,2026-04-05 17:00:00
2026-04-04 21:00:00,2026-04-04 17:00:00,RFC,WEST,AEP,AEPKPT,631.736,True,17,5,4,1,-0.9659258262890683,-0.25881904510252063,-0.9749279121818236,-0.2225209339563146,625.896,639.971,645.244,539.808125,73.7101979696352,457.933,2026-04-05 21:00:00,2026-04-05 17:00:00
2026-04-04 21:00:00,2026-04-04 17:00:00,RFC,WEST,AEP,AEPOPT,8392.883,True,17,5,4,1,-0.9659258262890683,-0.25881904510252063,-0.9749279121818236,-0.2225209339563146,8432.654,8444.977,8375.417,7609.000958333333,662.7609332261696,7358.766,2026-04-05 21:00:00,2026-04-05 17:00:00
2026-04-04 22:00:00,2026-04-04 18:00:00,RFC,WEST,AEP,AEPAPT,4215.381,True,18,5,4,1,-1.0,-1.8369701987210297e-16,-0.9749279121818236,-0.2225209339563146,4248.876,4170.313,4377.109,3580.5869583333333,461.86937989703944,3468.684,2026-04-05 22:00:00,2026-04-05 18:00:00
2026-04-04 22:00:00,2026-04-04 18:00:00,RFC,WEST,AEP,AEPIMP,3198.746,True,18,5,4,1,-1.0,-1.8369701987210297e-16,-0.9749279121818236,-0.2225209339563146,3190.732,3097.34,3455.78,3030.1650416666666,194.0462258424354,3012.933,2026-04-05 22:00:00,2026-04-05 18:00:00
2026-04-04 22:00:00,2026-04-04 18:00:00,RFC,WEST,AEP,AEPKPT,616.855,True,18,5,4,1,-1.0,-1.8369701987210297e-16,-0.9749279121818236,-0.2225209339563146,631.736,630.553,635.088,539.237375,73.0268610568041,466.11,2026-04-05 22:00:00,2026-04-05 18:00:00
2026-04-04 22:00:00,2026-04-04 18:00:00,RFC,WEST,AEP,AEPOPT,8178.827,True,18,5,4,1,-1.0,-1.8369701987210297e-16,-0.9749279121818236,-0.2225209339563146,8392.883,8369.119,8279.386,7601.072125,654.35699414173,7369.64,2026-04-05 22:00:00,2026-04-05 18:00:00
2026-04-04 23:00:00,2026-04-04 19:00:00,RFC,WEST,AEP,AEPAPT,4166.188,True,19,5,4,1,-0.9659258262890684,0.2588190451025203,-0.9749279121818236,-0.2225209339563146,4215.381,4079.043,4338.252,3584.2179999999994,466.2799206573882,3460.282,2026-04-05 23:00:00,2026-04-05 19:00:00
2026-04-04 23:00:00,2026-04-04 19:00:00,RFC,WEST,AEP,AEPIMP,3218.688,True,19,5,4,1,-0.9659258262890684,0.2588190451025203,-0.9749279121818236,-0.2225209339563146,3198.746,3130.554,3406.199,3033.8372916666667,196.84245315203435,3131.279,2026-04-05 23:00:00,2026-04-05 19:00:00
2026-04-04 23:00:00,2026-04-04 19:00:00,RFC,WEST,AEP,AEPKPT,599.74,True,19,5,4,1,-0.9659258262890684,0.2588190451025203,-0.9749279121818236,-0.2225209339563146,616.855,615.026,622.639,538.6004583333333,72.40109657707812,509.729,2026-04-05 23:00:00,2026-04-05 19:00:00
2026-04-04 23:00:00,2026-04-04 19:00:00,RFC,WEST,AEP,AEPOPT,8073.865,True,19,5,4,1,-0.9659258262890684,0.2588190451025203,-0.9749279121818236,-0.2225209339563146,8178.827,8241.83,8206.14,7594.073583333334,648.0739920590055,7420.085,2026-04-05 23:00:00,2026-04-05 19:00:00
2026-04-05 00:00:00,2026-04-04 20:00:00,RFC,WEST,AEP,AEPAPT,4120.423,True,20,5,4,1,-0.8660254037844386,0.5000000000000001,-0.9749279121818236,-0.2225209339563146,4166.188,4050.706,4321.826,3587.1228750000005,469.5183660852159,3570.505,2026-04-06 00:00:00,2026-04-05 20:00:00
2026-04-05 00:00:00,2026-04-04 20:00:00,RFC,WEST,AEP,AEPIMP,3212.53,True,20,5,4,1,-0.8660254037844386,0.5000000000000001,-0.9749279121818236,-0.2225209339563146,3218.688,3189.061,3402.15,3034.8151666666668,197.7035127551095,3187.418,2026-04-06 00:00:00,2026-04-05 20:00:00
2026-04-05 00:00:00,2026-04-04 20:00:00,RFC,WEST,AEP,AEPKPT,604.096,True,20,5,4,1,-0.8660254037844386,0.5000000000000001,-0.9749279121818236,-0.2225209339563146,599.74,608.942,626.395,538.3985416666667,72.20288055013668,552.191,2026-04-06 00:00:00,2026-04-05 20:00:00
2026-04-05 00:00:00,2026-04-04 20:00:00,RFC,WEST,AEP,AEPOPT,8011.078,True,20,5,4,1,-0.8660254037844386,0.5000000000000001,-0.9749279121818236,-0.2225209339563146,8073.865,8144.381,8270.569,7588.519291666667,643.709079177412,7605.484,2026-04-06 00:00:00,2026-04-05 20:00:00
2026-04-05 01:00:00,2026-04-04 21:00:00,RFC,WEST,AEP,AEPAPT,3939.423,True,21,5,4,1,-0.7071067811865477,0.7071067811865474,-0.9749279121818236,-0.2225209339563146,4120.423,3899.806,4126.04,3588.7735833333336,470.7335466844051,3516.776,2026-04-06 01:00:00,2026-04-05 21:00:00
2026-04-05 01:00:00,2026-04-04 21:00:00,RFC,WEST,AEP,AEPIMP,3186.0,True,21,5,4,1,-0.7071067811865477,0.7071067811865474,-0.9749279121818236,-0.2225209339563146,3212.53,3173.333,3298.539,3035.342958333333,198.10587794134435,3264.958,2026-04-06 01:00:00,2026-04-05 21:00:00
2026-04-05 01:00:00,2026-04-04 21:00:00,RFC,WEST,AEP,AEPKPT,581.367,True,21,5,4,1,-0.7071067811865477,0.7071067811865474,-0.9749279121818236,-0.2225209339563146,604.096,586.466,595.146,538.1860833333333,72.06265740126346,554.927,2026-04-06 01:00:00,2026-04-05 21:00:00
2026-04-05 01:00:00,2026-04-04 21:00:00,RFC,WEST,AEP,AEPOPT,7823.289,True,21,5,4,1,-0.7071067811865477,0.7071067811865474,-0.9749279121818236,-0.2225209339563146,8011.078,8079.223,8121.648,7577.855375,637.3146494705802,7659.0,2026-04-06 01:00:00,2026-04-05 21:00:00
2026-04-05 02:00:00,2026-04-04 22:00:00,RFC,WEST,AEP,AEPAPT,3733.174,True,22,5,4,1,-0.5000000000000004,0.8660254037844384,-0.9749279121818236,-0.2225209339563146,3939.423,3680.401,3869.06,3590.9724583333336,471.3030738662083,3428.225,2026-04-06 02:00:00,2026-04-05 22:00:00
2026-04-05 02:00:00,2026-04-04 22:00:00,RFC,WEST,AEP,AEPIMP,3134.433,True,22,5,4,1,-0.5000000000000004,0.8660254037844384,-0.9749279121818236,-0.2225209339563146,3186.0,3054.561,3202.207,3038.6709583333327,199.11109891311708,3166.879,2026-04-06 02:00:00,2026-04-05 22:00:00
2026-04-05 02:00:00,2026-04-04 22:00:00,RFC,WEST,AEP,AEPKPT,570.997,True,22,5,4,1,-0.5000000000000004,0.8660254037844384,-0.9749279121818236,-0.2225209339563146,581.367,554.471,562.84,538.8746666666667,72.30358395811643,533.008,2026-04-06 02:00:00,2026-04-05 22:00:00
2026-04-05 02:00:00,2026-04-04 22:00:00,RFC,WEST,AEP,AEPOPT,7461.432,True,22,5,4,1,-0.5000000000000004,0.8660254037844384,-0.9749279121818236,-0.2225209339563146,7823.289,7749.164,7811.513,7565.866541666666,636.6579629849695,7502.081,2026-04-06 02:00:00,2026-04-05 22:00:00
2026-04-05 03:00:00,2026-04-04 23:00:00,RFC,WEST,AEP,AEPAPT,3509.388,True,23,5,4,1,-0.25881904510252157,0.9659258262890681,-0.9749279121818236,-0.2225209339563146,3733.174,3431.11,3574.298,3594.234041666667,470.41869505232955,3297.174,2026-04-06 03:00:00,2026-04-05 23:00:00
2026-04-05 03:00:00,2026-04-04 23:00:00,RFC,WEST,AEP,AEPIMP,3068.223,True,23,5,4,1,-0.25881904510252157,0.9659258262890681,-0.9749279121818236,-0.2225209339563146,3134.433,2977.542,3034.359,3042.449333333334,198.76075088618518,3123.908,2026-04-06 03:00:00,2026-04-05 23:00:00
2026-04-05 03:00:00,2026-04-04 23:00:00,RFC,WEST,AEP,AEPKPT,531.678,True,23,5,4,1,-0.25881904510252157,0.9659258262890681,-0.9749279121818236,-0.2225209339563146,570.997,519.759,527.18,539.3712916666667,72.20744687867939,513.706,2026-04-06 03:00:00,2026-04-05 23:00:00
2026-04-05 03:00:00,2026-04-04 23:00:00,RFC,WEST,AEP,AEPOPT,7166.927,True,23,5,4,1,-0.25881904510252157,0.9659258262890681,-0.9749279121818236,-0.2225209339563146,7461.432,7411.782,7495.958,7555.664250000001,641.1802958789452,7291.781,2026-04-06 03:00:00,2026-04-05 23:00:00
2026-04-05 04:00:00,2026-04-05 00:00:00,RFC,WEST,AEP,AEPAPT,3297.914,True,0,6,4,1,0.0,1.0,-0.7818314824680299,0.6234898018587334,3509.388,3239.969,3353.711,3596.6484166666664,468.66684957328545,3232.915,2026-04-06 04:00:00,2026-04-06 00:00:00
2026-04-05 04:00:00,2026-04-05 00:00:00,RFC,WEST,AEP,AEPIMP,2982.753,True,0,6,4,1,0.0,1.0,-0.7818314824680299,0.6234898018587334,3068.223,2882.743,3007.756,3046.616416666667,196.300016549405,3103.031,2026-04-06 04:00:00,2026-04-06 00:00:00
2026-04-05 04:00:00,2026-04-05 00:00:00,RFC,WEST,AEP,AEPKPT,490.656,True,0,6,4,1,0.0,1.0,-0.7818314824680299,0.6234898018587334,531.678,480.604,492.889,539.790125,71.88016259224815,495.619,2026-04-06 04:00:00,2026-04-06 00:00:00
2026-04-05 04:00:00,2026-04-05 00:00:00,RFC,WEST,AEP,AEPOPT,6860.612,True,0,6,4,1,0.0,1.0,-0.7818314824680299,0.6234898018587334,7166.927,7080.409,7145.032,7546.5060416666665,649.7757834956183,7207.168,2026-04-06 04:00:00,2026-04-06 00:00:00
2026-04-05 05:00:00,2026-04-05 01:00:00,RFC,WEST,AEP,AEPAPT,3166.081,True,1,6,4,1,0.25881904510252074,0.9659258262890683,-0.7818314824680299,0.6234898018587334,3297.914,3098.473,3192.967,3599.4654166666664,465.73631596662716,3187.489,2026-04-06 05:00:00,2026-04-06 01:00:00
2026-04-05 05:00:00,2026-04-05 01:00:00,RFC,WEST,AEP,AEPIMP,2896.651,True,1,6,4,1,0.25881904510252074,0.9659258262890683,-0.7818314824680299,0.6234898018587334,2982.753,2832.638,2939.696,3049.283625,193.68364466287883,3114.304,2026-04-06 05:00:00,2026-04-06 01:00:00
2026-04-05 05:00:00,2026-04-05 01:00:00,RFC,WEST,AEP,AEPKPT,468.508,True,1,6,4,1,0.25881904510252074,0.9659258262890683,-0.7818314824680299,0.6234898018587334,490.656,462.84,472.778,540.0262916666667,71.62520500705406,492.054,2026-04-06 05:00:00,2026-04-06 01:00:00
2026-04-05 05:00:00,2026-04-05 01:00:00,RFC,WEST,AEP,AEPOPT,6567.2,True,1,6,4,1,0.25881904510252074,0.9659258262890683,-0.7818314824680299,0.6234898018587334,6860.612,6906.908,6987.054,7532.351541666667,667.7653634471736,7110.431,2026-04-06 05:00:00,2026-04-06 01:00:00
2026-04-05 06:00:00,2026-04-05 02:00:00,RFC,WEST,AEP,AEPAPT,3066.282,True,2,6,4,1,0.49999999999999994,0.8660254037844387,-0.7818314824680299,0.6234898018587334,3166.081,3028.573,3108.346,3601.036625,463.78613999293714,3187.897,2026-04-06 06:00:00,2026-04-06 02:00:00
2026-04-05 06:00:00,2026-04-05 02:00:00,RFC,WEST,AEP,AEPIMP,2941.678,True,2,6,4,1,0.49999999999999994,0.8660254037844387,-0.7818314824680299,0.6234898018587334,2896.651,2714.913,2949.078,3058.7321666666667,181.83124091182952,3108.804,2026-04-06 06:00:00,2026-04-06 02:00:00
2026-04-05 06:00:00,2026-04-05 02:00:00,RFC,WEST,AEP,AEPKPT,455.521,True,2,6,4,1,0.49999999999999994,0.8660254037844387,-0.7818314824680299,0.6234898018587334,468.508,444.321,457.515,540.4929583333334,71.00836589504881,502.845,2026-04-06 06:00:00,2026-04-06 02:00:00
2026-04-05 06:00:00,2026-04-05 02:00:00,RFC,WEST,AEP,AEPOPT,6480.093,True,2,6,4,1,0.49999999999999994,0.8660254037844387,-0.7818314824680299,0.6234898018587334,6567.2,6769.692,6938.379,7520.2849166666665,684.5514981655411,7150.345,2026-04-06 06:00:00,2026-04-06 02:00:00
2026-04-05 07:00:00,2026-04-05 03:00:00,RFC,WEST,AEP,AEPAPT,2994.672,True,3,6,4,1,0.7071067811865475,0.7071067811865476,-0.7818314824680299,0.6234898018587334,3066.282,2975.889,3020.223,3601.81925,462.6999323114037,3251.998,2026-04-06 07:00:00,2026-04-06 03:00:00
2026-04-05 07:00:00,2026-04-05 03:00:00,RFC,WEST,AEP,AEPIMP,2870.668,True,3,6,4,1,0.7071067811865475,0.7071067811865476,-0.7818314824680299,0.6234898018587334,2941.678,2669.718,2896.072,3067.105083333334,167.17517176509176,3152.045,2026-04-06 07:00:00,2026-04-06 03:00:00
2026-04-05 07:00:00,2026-04-05 03:00:00,RFC,WEST,AEP,AEPKPT,445.855,True,3,6,4,1,0.7071067811865475,0.7071067811865476,-0.7818314824680299,0.6234898018587334,455.521,441.253,448.585,540.6847083333333,70.7344132521689,510.691,2026-04-06 07:00:00,2026-04-06 03:00:00
2026-04-05 07:00:00,2026-04-05 03:00:00,RFC,WEST,AEP,AEPOPT,6379.348,True,3,6,4,1,0.7071067811865475,0.7071067811865476,-0.7818314824680299,0.6234898018587334,6480.093,6617.006,6852.998,7510.3825,699.736540225458,7186.392,2026-04-06 07:00:00,2026-04-06 03:00:00
2026-04-05 08:00:00,2026-04-05 04:00:00,RFC,WEST,AEP,AEPAPT,3001.281,True,4,6,4,1,0.8660254037844386,0.5000000000000001,-0.7818314824680299,0.6234898018587334,2994.672,2966.362,3052.258,3603.2742083333337,460.66528907033836,3374.944,2026-04-06 08:00:00,2026-04-06 04:00:00
2026-04-05 08:00:00,2026-04-05 04:00:00,RFC,WEST,AEP,AEPIMP,2866.446,True,4,6,4,1,0.8660254037844386,0.5000000000000001,-0.7818314824680299,0.6234898018587334,2870.668,2676.012,2905.147,3075.0398333333337,151.59909902355338,3114.438,2026-04-06 08:00:00,2026-04-06 04:00:00
2026-04-05 08:00:00,2026-04-05 04:00:00,RFC,WEST,AEP,AEPKPT,448.552,True,4,6,4,1,0.8660254037844386,0.5000000000000001,-0.7818314824680299,0.6234898018587334,445.855,439.782,450.85,541.0501250000001,70.2112002425925,529.718,2026-04-06 08:00:00,2026-04-06 04:00:00
2026-04-05 08:00:00,2026-04-05 04:00:00,RFC,WEST,AEP,AEPOPT,6427.869,True,4,6,4,1,0.8660254037844386,0.5000000000000001,-0.7818314824680299,0.6234898018587334,6379.348,6627.517,6918.731,7502.063833333334,711.7718666375239,7371.463,2026-04-06 08:00:00,2026-04-06 04:00:00
2026-04-05 09:00:00,2026-04-05 05:00:00,RFC,WEST,AEP,AEPAPT,3066.713,True,5,6,4,1,0.9659258262890683,0.25881904510252074,-0.7818314824680299,0.6234898018587334,3001.281,2983.248,3142.526,3606.7519166666666,456.07316637888454,3615.213,2026-04-06 09:00:00,2026-04-06 05:00:00
2026-04-05 09:00:00,2026-04-05 05:00:00,RFC,WEST,AEP,AEPIMP,2940.019,True,5,6,4,1,0.9659258262890683,0.25881904510252074,-0.7818314824680299,0.6234898018587334,2866.446,2814.958,3095.111,3080.2507083333335,144.24149212118377,3279.203,2026-04-06 09:00:00,2026-04-06 05:00:00
2026-04-05 09:00:00,2026-04-05 05:00:00,RFC,WEST,AEP,AEPKPT,451.715,True,5,6,4,1,0.9659258262890683,0.25881904510252074,-0.7818314824680299,0.6234898018587334,448.552,444.758,462.607,541.34,69.8095749225674,565.065,2026-04-06 09:00:00,2026-04-06 05:00:00
2026-04-05 09:00:00,2026-04-05 05:00:00,RFC,WEST,AEP,AEPOPT,6519.106,True,5,6,4,1,0.9659258262890683,0.25881904510252074,-0.7818314824680299,0.6234898018587334,6427.869,6715.986,7015.194,7493.8605,722.2824343080748,7706.497,2026-04-06 09:00:00,2026-04-06 05:00:00
2026-04-05 10:00:00,2026-04-05 06:00:00,RFC,WEST,AEP,AEPAPT,3128.523,True,6,6,4,1,1.0,6.123233995736766e-17,-0.7818314824680299,0.6234898018587334,3066.713,3032.874,3314.225,3610.737291666667,451.23254861858493,3990.92,2026-04-06 10:00:00,2026-04-06 06:00:00
2026-04-05 10:00:00,2026-04-05 06:00:00,RFC,WEST,AEP,AEPIMP,2979.364,True,6,6,4,1,1.0,6.123233995736766e-17,-0.7818314824680299,0.6234898018587334,2940.019,2865.823,3060.163,3084.9815833333337,138.65671132157283,3503.181,2026-04-06 10:00:00,2026-04-06 06:00:00
2026-04-05 10:00:00,2026-04-05 06:00:00,RFC,WEST,AEP,AEPKPT,453.946,True,6,6,4,1,1.0,6.123233995736766e-17,-0.7818314824680299,0.6234898018587334,451.715,454.337,479.233,541.3237083333333,69.83080425507943,630.397,2026-04-06 10:00:00,2026-04-06 06:00:00
2026-04-05 10:00:00,2026-04-05 06:00:00,RFC,WEST,AEP,AEPOPT,6602.901,True,6,6,4,1,1.0,6.123233995736766e-17,-0.7818314824680299,0.6234898018587334,6519.106,6862.224,7253.039,7483.055374999999,733.9872107642934,8072.668,2026-04-06 10:00:00,2026-04-06 06:00:00
2026-04-05 11:00:00,2026-04-05 07:00:00,RFC,WEST,AEP,AEPAPT,3198.391,True,7,6,4,1,0.9659258262890683,-0.25881904510252063,-0.7818314824680299,0.6234898018587334,3128.523,3140.981,3412.078,3613.129375,448.7794974508572,4242.248,2026-04-06 11:00:00,2026-04-06 07:00:00
2026-04-05 11:00:00,2026-04-05 07:00:00,RFC,WEST,AEP,AEPIMP,3086.794,True,7,6,4,1,0.9659258262890683,-0.25881904510252063,-0.7818314824680299,0.6234898018587334,2979.364,2872.404,3126.773,3093.9145000000003,131.0641480158854,3629.352,2026-04-06 11:00:00,2026-04-06 07:00:00
2026-04-05 11:00:00,2026-04-05 07:00:00,RFC,WEST,AEP,AEPKPT,461.649,True,7,6,4,1,0.9659258262890683,-0.25881904510252063,-0.7818314824680299,0.6234898018587334,453.946,462.156,493.014,541.3025833333334,69.8558673026213,658.213,2026-04-06 11:00:00,2026-04-06 07:00:00
2026-04-05 11:00:00,2026-04-05 07:00:00,RFC,WEST,AEP,AEPOPT,6716.639,True,7,6,4,1,0.9659258262890683,-0.25881904510252063,-0.7818314824680299,0.6234898018587334,6602.901,6948.644,7382.119,7473.3885,742.806428257988,8261.078,2026-04-06 11:00:00,2026-04-06 07:00:00
2026-04-05 12:00:00,2026-04-05 08:00:00,RFC,WEST,AEP,AEPAPT,3370.085,True,8,6,4,1,0.8660254037844387,-0.4999999999999998,-0.7818314824680299,0.6234898018587334,3198.391,3263.441,3446.033,3617.572875,445.683870933521,4223.882,2026-04-06 12:00:00,2026-04-06 08:00:00
2026-04-05 12:00:00,2026-04-05 08:00:00,RFC,WEST,AEP,AEPIMP,3159.672,True,8,6,4,1,0.8660254037844387,-0.4999999999999998,-0.7818314824680299,0.6234898018587334,3086.794,3022.842,3165.38,3099.6157500000004,130.81388988550768,3573.504,2026-04-06 12:00:00,2026-04-06 08:00:00
2026-04-05 12:00:00,2026-04-05 08:00:00,RFC,WEST,AEP,AEPKPT,480.318,True,8,6,4,1,0.8660254037844387,-0.4999999999999998,-0.7818314824680299,0.6234898018587334,461.649,490.616,508.47,540.8735,70.21146366698858,666.573,2026-04-06 12:00:00,2026-04-06 08:00:00
2026-04-05 12:00:00,2026-04-05 08:00:00,RFC,WEST,AEP,AEPOPT,6999.146,True,8,6,4,1,0.8660254037844387,-0.4999999999999998,-0.7818314824680299,0.6234898018587334,6716.639,7183.298,7549.824,7465.715499999999,746.8732626068773,8431.045,2026-04-06 12:00:00,2026-04-06 08:00:00
2026-04-05 13:00:00,2026-04-05 09:00:00,RFC,WEST,AEP,AEPAPT,3493.957,True,9,6,4,1,0.7071067811865476,-0.7071067811865475,-0.7818314824680299,0.6234898018587334,3370.085,3366.661,3510.871,3622.876875,443.3191770089048,4050.596,2026-04-06 13:00:00,2026-04-06 09:00:00
2026-04-05 13:00:00,2026-04-05 09:00:00,RFC,WEST,AEP,AEPIMP,3194.426,True,9,6,4,1,0.7071067811865476,-0.7071067811865475,-0.7818314824680299,0.6234898018587334,3159.672,3009.538,3236.292,3107.3194166666667,130.72256783269987,3743.917,2026-04-06 13:00:00,2026-04-06 09:00:00
2026-04-05 13:00:00,2026-04-05 09:00:00,RFC,WEST,AEP,AEPKPT,498.917,True,9,6,4,1,0.7071067811865476,-0.7071067811865475,-0.7818314824680299,0.6234898018587334,480.318,510.243,520.041,540.4015833333333,70.4639028556105,635.482,2026-04-06 13:00:00,2026-04-06 09:00:00
2026-04-05 13:00:00,2026-04-05 09:00:00,RFC,WEST,AEP,AEPOPT,7304.749,True,9,6,4,1,0.7071067811865476,-0.7071067811865475,-0.7818314824680299,0.6234898018587334,6999.146,7444.89,7687.04,7459.8762916666665,747.590640696437,8507.901,2026-04-06 13:00:00,2026-04-06 09:00:00
2026-04-05 14:00:00,2026-04-05 10:00:00,RFC,WEST,AEP,AEPAPT,3489.058,True,10,6,4,1,0.49999999999999994,-0.8660254037844387,-0.7818314824680299,0.6234898018587334,3493.957,3519.071,3587.658,3621.6263333333336,443.66692517185527,3911.399,2026-04-06 14:00:00,2026-04-06 10:00:00
2026-04-05 14:00:00,2026-04-05 10:00:00,RFC,WEST,AEP,AEPIMP,3341.146,True,10,6,4,1,0.49999999999999994,-0.8660254037844387,-0.7818314824680299,0.6234898018587334,3194.426,3105.302,3267.066,3117.1462500000002,139.156803245786,3672.923,2026-04-06 14:00:00,2026-04-06 10:00:00
2026-04-05 14:00:00,2026-04-05 10:00:00,RFC,WEST,AEP,AEPKPT,502.585,True,10,6,4,1,0.49999999999999994,-0.8660254037844387,-0.7818314824680299,0.6234898018587334,498.917,538.764,531.577,538.894125,70.88618890766556,598.359,2026-04-06 14:00:00,2026-04-06 10:00:00
2026-04-05 14:00:00,2026-04-05 10:00:00,RFC,WEST,AEP,AEPOPT,7387.262,True,10,6,4,1,0.49999999999999994,-0.8660254037844387,-0.7818314824680299,0.6234898018587334,7304.749,7684.891,7850.042,7447.475083333332,746.1629637966607,8432.918,2026-04-06 14:00:00,2026-04-06 10:00:00
2026-04-05 15:00:00,2026-04-05 11:00:00,RFC,WEST,AEP,AEPAPT,3479.337,True,11,6,4,1,0.258819045102521,-0.9659258262890682,-0.7818314824680299,0.6234898018587334,3489.058,3643.661,3674.74,3614.7795,444.5791101953468,3814.111,2026-04-06 15:00:00,2026-04-06 11:00:00
2026-04-05 15:00:00,2026-04-05 11:00:00,RFC,WEST,AEP,AEPIMP,3293.59,True,11,6,4,1,0.258819045102521,-0.9659258262890682,-0.7818314824680299,0.6234898018587334,3341.146,3193.698,3173.539,3121.3084166666667,142.98717254626303,3685.04,2026-04-06 15:00:00,2026-04-06 11:00:00
2026-04-05 15:00:00,2026-04-05 11:00:00,RFC,WEST,AEP,AEPKPT,471.096,True,11,6,4,1,0.258819045102521,-0.9659258262890682,-0.7818314824680299,0.6234898018587334,502.585,560.026,548.259,535.1887083333334,72.04832249169817,570.82,2026-04-06 15:00:00,2026-04-06 11:00:00
2026-04-05 15:00:00,2026-04-05 11:00:00,RFC,WEST,AEP,AEPOPT,7509.657,True,11,6,4,1,0.258819045102521,-0.9659258262890682,-0.7818314824680299,0.6234898018587334,7387.262,7961.199,8043.172,7428.660833333332,738.2976829988341,8310.418,2026-04-06 15:00:00,2026-04-06 11:00:00
2026-04-05 16:00:00,2026-04-05 12:00:00,RFC,WEST,AEP,AEPAPT,3486.387,True,12,6,4,1,1.2246467991473532e-16,-1.0,-0.7818314824680299,0.6234898018587334,3479.337,3795.081,3753.534,3601.9172500000004,443.6003373514068,3712.997,2026-04-06 16:00:00,2026-04-06 12:00:00
2026-04-05 16:00:00,2026-04-05 12:00:00,RFC,WEST,AEP,AEPIMP,3312.793,True,12,6,4,1,1.2246467991473532e-16,-1.0,-0.7818314824680299,0.6234898018587334,3293.59,3264.108,3207.923,3123.3369583333338,145.42568547378195,3691.092,2026-04-06 16:00:00,2026-04-06 12:00:00
2026-04-05 16:00:00,2026-04-05 12:00:00,RFC,WEST,AEP,AEPKPT,460.326,True,12,6,4,1,1.2246467991473532e-16,-1.0,-0.7818314824680299,0.6234898018587334,471.096,581.618,560.74,530.1348750000001,72.89893367760266,549.963,2026-04-06 16:00:00,2026-04-06 12:00:00
2026-04-05 16:00:00,2026-04-05 12:00:00,RFC,WEST,AEP,AEPOPT,7441.365,True,12,6,4,1,1.2246467991473532e-16,-1.0,-0.7818314824680299,0.6234898018587334,7509.657,8035.797,8075.712,7403.892833333334,726.9275413862063,8203.676,2026-04-06 16:00:00,2026-04-06 12:00:00
2026-04-05 17:00:00,2026-04-05 13:00:00,RFC,WEST,AEP,AEPAPT,3421.279,True,13,6,4,1,-0.2588190451025208,-0.9659258262890683,-0.7818314824680299,0.6234898018587334,3486.387,3914.075,3834.886,3581.384083333333,439.9129369366771,3682.854,2026-04-06 17:00:00,2026-04-06 13:00:00
2026-04-05 17:00:00,2026-04-05 13:00:00,RFC,WEST,AEP,AEPIMP,3246.304,True,13,6,4,1,-0.2588190451025208,-0.9659258262890683,-0.7818314824680299,0.6234898018587334,3312.793,3272.827,3212.205,3122.2318333333333,144.33698484198288,3638.114,2026-04-06 17:00:00,2026-04-06 13:00:00
2026-04-05 17:00:00,2026-04-05 13:00:00,RFC,WEST,AEP,AEPKPT,463.611,True,13,6,4,1,-0.2588190451025208,-0.9659258262890683,-0.7818314824680299,0.6234898018587334,460.326,608.352,582.651,524.1039999999999,72.1298486860901,546.879,2026-04-06 17:00:00,2026-04-06 13:00:00
2026-04-05 17:00:00,2026-04-05 13:00:00,RFC,WEST,AEP,AEPOPT,7405.427,True,13,6,4,1,-0.2588190451025208,-0.9659258262890683,-0.7818314824680299,0.6234898018587334,7441.365,8210.479,8121.566,7370.349000000001,706.3734859828493,8119.134,2026-04-06 17:00:00,2026-04-06 13:00:00
2026-04-05 18:00:00,2026-04-05 14:00:00,RFC,WEST,AEP,AEPAPT,3314.8,True,14,6,4,1,-0.4999999999999997,-0.8660254037844388,-0.7818314824680299,0.6234898018587334,3421.279,4010.764,3915.87,3552.385583333333,433.26646417618224,3655.19,2026-04-06 18:00:00,2026-04-06 14:00:00
2026-04-05 18:00:00,2026-04-05 14:00:00,RFC,WEST,AEP,AEPIMP,3157.949,True,14,6,4,1,-0.4999999999999997,-0.8660254037844388,-0.7818314824680299,0.6234898018587334,3246.304,3237.028,3115.925,3118.936875,142.49329405252607,3571.981,2026-04-06 18:00:00,2026-04-06 14:00:00
2026-04-05 18:00:00,2026-04-05 14:00:00,RFC,WEST,AEP,AEPKPT,451.812,True,14,6,4,1,-0.4999999999999997,-0.8660254037844388,-0.7818314824680299,0.6234898018587334,463.611,626.027,590.622,516.8450416666666,70.16615762755985,533.243,2026-04-06 18:00:00,2026-04-06 14:00:00
2026-04-05 18:00:00,2026-04-05 14:00:00,RFC,WEST,AEP,AEPOPT,7300.742,True,14,6,4,1,-0.4999999999999997,-0.8660254037844388,-0.7818314824680299,0.6234898018587334,7405.427,8354.756,8150.417,7326.43175,674.5581205999399,8040.911,2026-04-06 18:00:00,2026-04-06 14:00:00
2026-04-05 19:00:00,2026-04-05 15:00:00,RFC,WEST,AEP,AEPAPT,3326.589,True,15,6,4,1,-0.7071067811865471,-0.7071067811865479,-0.7818314824680299,0.6234898018587334,3314.8,4127.846,4031.728,3518.999875,417.5828446796179,3568.91,2026-04-06 19:00:00,2026-04-06 15:00:00
2026-04-05 19:00:00,2026-04-05 15:00:00,RFC,WEST,AEP,AEPIMP,3083.503,True,15,6,4,1,-0.7071067811865471,-0.7071067811865479,-0.7818314824680299,0.6234898018587334,3157.949,3197.824,3166.684,3114.1735000000003,141.64984702979623,3530.358,2026-04-06 19:00:00,2026-04-06 15:00:00
2026-04-05 19:00:00,2026-04-05 15:00:00,RFC,WEST,AEP,AEPKPT,443.851,True,15,6,4,1,-0.7071067811865471,-0.7071067811865479,-0.7818314824680299,0.6234898018587334,451.812,636.849,610.224,508.8034583333333,66.79326741519829,528.201,2026-04-06 19:00:00,2026-04-06 15:00:00
2026-04-05 19:00:00,2026-04-05 15:00:00,RFC,WEST,AEP,AEPOPT,7331.055,True,15,6,4,1,-0.7071067811865471,-0.7071067811865479,-0.7818314824680299,0.6234898018587334,7300.742,8391.291,8244.027,7282.255249999999,635.3676707580738,7971.913,2026-04-06 19:00:00,2026-04-06 15:00:00
2026-04-05 20:00:00,2026-04-05 16:00:00,RFC,WEST,AEP,AEPAPT,3367.216,True,16,6,4,1,-0.8660254037844384,-0.5000000000000004,-0.7818314824680299,0.6234898018587334,3326.589,4221.795,4129.043,3483.392416666666,390.6139487913092,3626.463,2026-04-06 20:00:00,2026-04-06 16:00:00
2026-04-05 20:00:00,2026-04-05 16:00:00,RFC,WEST,AEP,AEPIMP,3057.918,True,16,6,4,1,-0.8660254037844384,-0.5000000000000004,-0.7818314824680299,0.6234898018587334,3083.503,3177.056,3081.489,3109.209416666667,141.43775436501494,3475.691,2026-04-06 20:00:00,2026-04-06 16:00:00
2026-04-05 20:00:00,2026-04-05 16:00:00,RFC,WEST,AEP,AEPKPT,446.554,True,16,6,4,1,-0.8660254037844384,-0.5000000000000004,-0.7818314824680299,0.6234898018587334,443.851,625.896,624.257,501.33087500000005,63.05105483537342,522.691,2026-04-06 20:00:00,2026-04-06 16:00:00
2026-04-05 20:00:00,2026-04-05 16:00:00,RFC,WEST,AEP,AEPOPT,7345.957,True,16,6,4,1,-0.8660254037844384,-0.5000000000000004,-0.7818314824680299,0.6234898018587334,7331.055,8432.654,8307.734,7236.9762083333335,586.6764830375414,7906.065,2026-04-06 20:00:00,2026-04-06 16:00:00
2026-04-05 21:00:00,2026-04-05 17:00:00,RFC,WEST,AEP,AEPAPT,3421.095,True,17,6,4,1,-0.9659258262890683,-0.25881904510252063,-0.7818314824680299,0.6234898018587334,3367.216,4248.876,4160.175,3448.901541666666,355.0069118463648,3725.222,2026-04-06 21:00:00,2026-04-06 17:00:00
2026-04-05 21:00:00,2026-04-05 17:00:00,RFC,WEST,AEP,AEPIMP,3008.465,True,17,6,4,1,-0.9659258262890683,-0.25881904510252063,-0.7818314824680299,0.6234898018587334,3057.918,3190.732,3115.538,3101.6149583333336,141.76311672077819,3477.859,2026-04-06 21:00:00,2026-04-06 17:00:00
2026-04-05 21:00:00,2026-04-05 17:00:00,RFC,WEST,AEP,AEPKPT,457.933,True,17,6,4,1,-0.9659258262890683,-0.25881904510252063,-0.7818314824680299,0.6234898018587334,446.554,631.736,639.971,494.0890833333333,57.1246732179155,530.09,2026-04-06 21:00:00,2026-04-06 17:00:00
2026-04-05 21:00:00,2026-04-05 17:00:00,RFC,WEST,AEP,AEPOPT,7358.766,True,17,6,4,1,-0.9659258262890683,-0.25881904510252063,-0.7818314824680299,0.6234898018587334,7345.957,8392.883,8444.977,7193.888,533.6709536551648,7925.571,2026-04-06 21:00:00,2026-04-06 17:00:00
2026-04-05 22:00:00,2026-04-05 18:00:00,RFC,WEST,AEP,AEPAPT,3468.684,True,18,6,4,1,-1.0,-1.8369701987210297e-16,-0.7818314824680299,0.6234898018587334,3421.095,4215.381,4170.313,3417.789166666667,315.42634640072293,3794.514,2026-04-06 22:00:00,2026-04-06 18:00:00
2026-04-05 22:00:00,2026-04-05 18:00:00,RFC,WEST,AEP,AEPIMP,3012.933,True,18,6,4,1,-1.0,-1.8369701987210297e-16,-0.7818314824680299,0.6234898018587334,3008.465,3198.746,3097.34,3093.8727500000005,141.30100718993765,3472.227,2026-04-06 22:00:00,2026-04-06 18:00:00
2026-04-05 22:00:00,2026-04-05 18:00:00,RFC,WEST,AEP,AEPKPT,466.11,True,18,6,4,1,-1.0,-1.8369701987210297e-16,-0.7818314824680299,0.6234898018587334,457.933,616.855,630.553,487.80804166666667,50.99819854404007,529.705,2026-04-06 22:00:00,2026-04-06 18:00:00
2026-04-05 22:00:00,2026-04-05 18:00:00,RFC,WEST,AEP,AEPOPT,7369.64,True,18,6,4,1,-1.0,-1.8369701987210297e-16,-0.7818314824680299,0.6234898018587334,7358.766,8178.827,8369.119,7160.171875,492.7301526928488,7934.279,2026-04-06 22:00:00,2026-04-06 18:00:00
2026-04-05 23:00:00,2026-04-05 19:00:00,RFC,WEST,AEP,AEPAPT,3460.282,True,19,6,4,1,-0.9659258262890684,0.2588190451025203,-0.7818314824680299,0.6234898018587334,3468.684,4166.188,4079.043,3388.3764166666665,272.61209346151475,3859.736,2026-04-06 23:00:00,2026-04-06 19:00:00
2026-04-05 23:00:00,2026-04-05 19:00:00,RFC,WEST,AEP,AEPIMP,3131.279,True,19,6,4,1,-0.9659258262890684,0.2588190451025203,-0.7818314824680299,0.6234898018587334,3012.933,3218.688,3130.554,3090.230708333333,139.05260972535714,3518.517,2026-04-06 23:00:00,2026-04-06 19:00:00
2026-04-05 23:00:00,2026-04-05 19:00:00,RFC,WEST,AEP,AEPKPT,509.729,True,19,6,4,1,-0.9659258262890684,0.2588190451025203,-0.7818314824680299,0.6234898018587334,466.11,599.74,615.026,484.0575833333333,45.412580363783725,534.218,2026-04-06 23:00:00,2026-04-06 19:00:00
2026-04-05 23:00:00,2026-04-05 19:00:00,RFC,WEST,AEP,AEPOPT,7420.085,True,19,6,4,1,-0.9659258262890684,0.2588190451025203,-0.7818314824680299,0.6234898018587334,7369.64,8073.865,8241.83,7132.931041666667,456.78076138915264,7883.701,2026-04-06 23:00:00,2026-04-06 19:00:00
2026-04-06 00:00:00,2026-04-05 20:00:00,RFC,WEST,AEP,AEPAPT,3570.505,True,20,6,4,1,-0.8660254037844386,0.5000000000000001,-0.7818314824680299,0.6234898018587334,3460.282,4120.423,4050.706,3365.4631666666664,227.84217865589608,3994.071,2026-04-07 00:00:00,2026-04-06 20:00:00
2026-04-06 00:00:00,2026-04-05 20:00:00,RFC,WEST,AEP,AEPIMP,3187.418,True,20,6,4,1,-0.8660254037844386,0.5000000000000001,-0.7818314824680299,0.6234898018587334,3131.279,3212.53,3189.061,3089.1843750000003,138.18409705889897,3550.795,2026-04-07 00:00:00,2026-04-06 20:00:00
2026-04-06 00:00:00,2026-04-05 20:00:00,RFC,WEST,AEP,AEPKPT,552.191,True,20,6,4,1,-0.8660254037844386,0.5000000000000001,-0.7818314824680299,0.6234898018587334,509.729,604.096,608.942,481.89487499999996,40.40751226250609,558.112,2026-04-07 00:00:00,2026-04-06 20:00:00
2026-04-06 00:00:00,2026-04-05 20:00:00,RFC,WEST,AEP,AEPOPT,7605.484,True,20,6,4,1,-0.8660254037844386,0.5000000000000001,-0.7818314824680299,0.6234898018587334,7420.085,8011.078,8144.381,7116.031291666666,429.5715282965026,8125.233,2026-04-07 00:00:00,2026-04-06 20:00:00
2026-04-06 01:00:00,2026-04-05 21:00:00,RFC,WEST,AEP,AEPAPT,3516.776,True,21,6,4,1,-0.7071067811865477,0.7071067811865474,-0.7818314824680299,0.6234898018587334,3570.505,3939.423,3899.806,3347.852875,195.6038686519031,3900.124,2026-04-07 01:00:00,2026-04-06 21:00:00
2026-04-06 01:00:00,2026-04-05 21:00:00,RFC,WEST,AEP,AEPIMP,3264.958,True,21,6,4,1,-0.7071067811865477,0.7071067811865474,-0.7818314824680299,0.6234898018587334,3187.418,3186.0,3173.333,3092.474291666667,141.48970839834914,3491.031,2026-04-07 01:00:00,2026-04-06 21:00:00
2026-04-06 01:00:00,2026-04-05 21:00:00,RFC,WEST,AEP,AEPKPT,554.927,True,21,6,4,1,-0.7071067811865477,0.7071067811865474,-0.7818314824680299,0.6234898018587334,552.191,581.367,586.466,480.7932083333333,37.85757155327383,555.914,2026-04-07 01:00:00,2026-04-06 21:00:00
2026-04-06 01:00:00,2026-04-05 21:00:00,RFC,WEST,AEP,AEPOPT,7659.0,True,21,6,4,1,-0.7071067811865477,0.7071067811865474,-0.7818314824680299,0.6234898018587334,7605.484,7823.289,8079.223,7109.185916666666,418.989778055644,8037.497,2026-04-07 01:00:00,2026-04-06 21:00:00
2026-04-06 02:00:00,2026-04-05 22:00:00,RFC,WEST,AEP,AEPAPT,3428.225,True,22,6,4,1,-0.5000000000000004,0.8660254037844384,-0.7818314824680299,0.6234898018587334,3516.776,3733.174,3680.401,3335.146666666667,178.65593024963056,3749.651,2026-04-07 02:00:00,2026-04-06 22:00:00
2026-04-06 02:00:00,2026-04-05 22:00:00,RFC,WEST,AEP,AEPIMP,3166.879,True,22,6,4,1,-0.5000000000000004,0.8660254037844384,-0.7818314824680299,0.6234898018587334,3264.958,3134.433,3054.561,3093.826208333334,142.0619013164679,3468.16,2026-04-07 02:00:00,2026-04-06 22:00:00
2026-04-06 02:00:00,2026-04-05 22:00:00,RFC,WEST,AEP,AEPKPT,533.008,True,22,6,4,1,-0.5000000000000004,0.8660254037844384,-0.7818314824680299,0.6234898018587334,554.927,570.997,554.471,479.21033333333327,34.5738216180303,532.983,2026-04-07 02:00:00,2026-04-06 22:00:00
2026-04-06 02:00:00,2026-04-05 22:00:00,RFC,WEST,AEP,AEPOPT,7502.081,True,22,6,4,1,-0.5000000000000004,0.8660254037844384,-0.7818314824680299,0.6234898018587334,7659.0,7461.432,7749.164,7110.8796250000005,420.5548292011556,7839.372,2026-04-07 02:00:00,2026-04-06 22:00:00
2026-04-06 03:00:00,2026-04-05 23:00:00,RFC,WEST,AEP,AEPAPT,3297.174,True,23,6,4,1,-0.25881904510252157,0.9659258262890681,-0.7818314824680299,0.6234898018587334,3428.225,3509.388,3431.11,3326.3044166666664,174.86865685270627,3583.62,2026-04-07 03:00:00,2026-04-06 23:00:00
2026-04-06 03:00:00,2026-04-05 23:00:00,RFC,WEST,AEP,AEPIMP,3123.908,True,23,6,4,1,-0.25881904510252157,0.9659258262890681,-0.7818314824680299,0.6234898018587334,3166.879,3068.223,2977.542,3096.1464166666665,142.0802921562651,3372.532,2026-04-07 03:00:00,2026-04-06 23:00:00
2026-04-06 03:00:00,2026-04-05 23:00:00,RFC,WEST,AEP,AEPKPT,513.706,True,23,6,4,1,-0.25881904510252157,0.9659258262890681,-0.7818314824680299,0.6234898018587334,533.008,531.678,519.759,478.46149999999994,33.568014790221646,513.495,2026-04-07 03:00:00,2026-04-06 23:00:00
2026-04-06 03:00:00,2026-04-05 23:00:00,RFC,WEST,AEP,AEPOPT,7291.781,True,23,6,4,1,-0.25881904510252157,0.9659258262890681,-0.7818314824680299,0.6234898018587334,7502.081,7166.927,7411.782,7116.081875,422.04784696259384,7686.781,2026-04-07 03:00:00,2026-04-06 23:00:00
2026-04-06 04:00:00,2026-04-06 00:00:00,RFC,WEST,AEP,AEPAPT,3232.915,True,0,0,4,0,0.0,1.0,0.0,1.0,3297.174,3297.914,3239.969,3323.596125,175.8281789226149,3450.528,2026-04-07 04:00:00,2026-04-07 00:00:00
2026-04-06 04:00:00,2026-04-06 00:00:00,RFC,WEST,AEP,AEPIMP,3103.031,True,0,0,4,0,0.0,1.0,0.0,1.0,3123.908,2982.753,2882.743,3101.158,140.01291306378917,3338.326,2026-04-07 04:00:00,2026-04-07 00:00:00
2026-04-06 04:00:00,2026-04-06 00:00:00,RFC,WEST,AEP,AEPKPT,495.619,True,0,0,4,0,0.0,1.0,0.0,1.0,513.706,490.656,480.604,478.6682916666667,33.66156036255129,504.31,2026-04-07 04:00:00,2026-04-07 00:00:00
2026-04-06 04:00:00,2026-04-06 00:00:00,RFC,WEST,AEP,AEPOPT,7207.168,True,0,0,4,0,0.0,1.0,0.0,1.0,7291.781,6860.612,7080.409,7130.521708333334,418.8435669454669,7444.723,2026-04-07 04:00:00,2026-04-07 00:00:00
2026-04-06 05:00:00,2026-04-06 01:00:00,RFC,WEST,AEP,AEPAPT,3187.489,True,1,0,4,0,0.25881904510252074,0.9659258262890683,0.0,1.0,3232.915,3166.081,3098.473,3324.488125,175.04690731723895,3407.043,2026-04-07 05:00:00,2026-04-07 01:00:00
2026-04-06 05:00:00,2026-04-06 01:00:00,RFC,WEST,AEP,AEPIMP,3114.304,True,1,0,4,0,0.25881904510252074,0.9659258262890683,0.0,1.0,3103.031,2896.651,2832.638,3110.226875,133.06732529104806,3306.302,2026-04-07 05:00:00,2026-04-07 01:00:00
2026-04-06 05:00:00,2026-04-06 01:00:00,RFC,WEST,AEP,AEPKPT,492.054,True,1,0,4,0,0.25881904510252074,0.9659258262890683,0.0,1.0,495.619,468.508,462.84,479.649375,33.695671204128814,502.353,2026-04-07 05:00:00,2026-04-07 01:00:00
2026-04-06 05:00:00,2026-04-06 01:00:00,RFC,WEST,AEP,AEPOPT,7110.431,True,1,0,4,0,0.25881904510252074,0.9659258262890683,0.0,1.0,7207.168,6567.2,6906.908,7153.156333333333,401.3924097360403,7322.377,2026-04-07 05:00:00,2026-04-07 01:00:00
2026-04-06 06:00:00,2026-04-06 02:00:00,RFC,WEST,AEP,AEPAPT,3187.897,True,2,0,4,0,0.49999999999999994,0.8660254037844387,0.0,1.0,3187.489,3066.282,3028.573,3329.5554166666666,168.8996522605373,3413.375,2026-04-07 06:00:00,2026-04-07 02:00:00
2026-04-06 06:00:00,2026-04-06 02:00:00,RFC,WEST,AEP,AEPIMP,3108.804,True,2,0,4,0,0.49999999999999994,0.8660254037844387,0.0,1.0,3114.304,2941.678,2714.913,3117.190458333333,128.1453837849376,3271.181,2026-04-07 06:00:00,2026-04-07 02:00:00
2026-04-06 06:00:00,2026-04-06 02:00:00,RFC,WEST,AEP,AEPKPT,502.845,True,2,0,4,0,0.49999999999999994,0.8660254037844387,0.0,1.0,492.054,455.521,444.321,481.6212083333333,33.606872634315046,504.509,2026-04-07 06:00:00,2026-04-07 02:00:00
2026-04-06 06:00:00,2026-04-06 02:00:00,RFC,WEST,AEP,AEPOPT,7150.345,True,2,0,4,0,0.49999999999999994,0.8660254037844387,0.0,1.0,7110.431,6480.093,6769.692,7181.083500000001,374.9748017771614,7250.428,2026-04-07 06:00:00,2026-04-07 02:00:00
2026-04-06 07:00:00,2026-04-06 03:00:00,RFC,WEST,AEP,AEPAPT,3251.998,True,3,0,4,0,0.7071067811865475,0.7071067811865476,0.0,1.0,3187.897,2994.672,2975.889,3340.2773333333334,154.2488602550099,3467.154,2026-04-07 07:00:00,2026-04-07 03:00:00
2026-04-06 07:00:00,2026-04-06 03:00:00,RFC,WEST,AEP,AEPIMP,3152.045,True,3,0,4,0,0.7071067811865475,0.7071067811865476,0.0,1.0,3108.804,2870.668,2669.718,3128.9144999999994,116.99705436722805,3283.588,2026-04-07 07:00:00,2026-04-07 03:00:00
2026-04-06 07:00:00,2026-04-06 03:00:00,RFC,WEST,AEP,AEPKPT,510.691,True,3,0,4,0,0.7071067811865475,0.7071067811865476,0.0,1.0,502.845,445.855,441.253,484.32270833333337,33.210383463320795,517.92,2026-04-07 07:00:00,2026-04-07 03:00:00
2026-04-06 07:00:00,2026-04-06 03:00:00,RFC,WEST,AEP,AEPOPT,7186.392,True,3,0,4,0,0.7071067811865475,0.7071067811865476,0.0,1.0,7150.345,6379.348,6617.006,7214.710333333333,333.88688395604845,7348.647,2026-04-07 07:00:00,2026-04-07 03:00:00
2026-04-06 08:00:00,2026-04-06 04:00:00,RFC,WEST,AEP,AEPAPT,3374.944,True,4,0,4,0,0.8660254037844386,0.5000000000000001,0.0,1.0,3251.998,3001.281,2966.362,3355.846625,136.36554869040225,3588.092,2026-04-07 08:00:00,2026-04-07 04:00:00
2026-04-06 08:00:00,2026-04-06 04:00:00,RFC,WEST,AEP,AEPIMP,3114.438,True,4,0,4,0,0.8660254037844386,0.5000000000000001,0.0,1.0,3152.045,2866.446,2676.012,3139.2475,102.9116339026892,3417.275,2026-04-07 08:00:00,2026-04-07 04:00:00
2026-04-06 08:00:00,2026-04-06 04:00:00,RFC,WEST,AEP,AEPKPT,529.718,True,4,0,4,0,0.8660254037844386,0.5000000000000001,0.0,1.0,510.691,448.552,439.782,487.704625,33.540418438462964,530.19,2026-04-07 08:00:00,2026-04-07 04:00:00
2026-04-06 08:00:00,2026-04-06 04:00:00,RFC,WEST,AEP,AEPOPT,7371.463,True,4,0,4,0,0.8660254037844386,0.5000000000000001,0.0,1.0,7186.392,6427.869,6627.517,7254.02675,289.8578181580103,7482.629,2026-04-07 08:00:00,2026-04-07 04:00:00
2026-04-06 09:00:00,2026-04-06 05:00:00,RFC,WEST,AEP,AEPAPT,3615.213,True,5,0,4,0,0.9659258262890683,0.25881904510252074,0.0,1.0,3374.944,3066.713,2983.248,3378.700791666666,131.68392641669897,3826.044,2026-04-07 09:00:00,2026-04-07 05:00:00
2026-04-06 09:00:00,2026-04-06 05:00:00,RFC,WEST,AEP,AEPIMP,3279.203,True,5,0,4,0,0.9659258262890683,0.25881904510252074,0.0,1.0,3114.438,2940.019,2814.958,3153.3801666666664,97.51041714368564,3473.345,2026-04-07 09:00:00,2026-04-07 05:00:00
2026-04-06 09:00:00,2026-04-06 05:00:00,RFC,WEST,AEP,AEPKPT,565.065,True,5,0,4,0,0.9659258262890683,0.25881904510252074,0.0,1.0,529.718,451.715,444.758,492.4275416666667,36.13266876385134,568.241,2026-04-07 09:00:00,2026-04-07 05:00:00
2026-04-06 09:00:00,2026-04-06 05:00:00,RFC,WEST,AEP,AEPOPT,7706.497,True,5,0,4,0,0.9659258262890683,0.25881904510252074,0.0,1.0,7371.463,6519.106,6715.986,7303.501375,258.61494400897027,7771.734,2026-04-07 09:00:00,2026-04-07 05:00:00
2026-04-06 10:00:00,2026-04-06 06:00:00,RFC,WEST,AEP,AEPAPT,3990.92,True,6,0,4,0,1.0,6.123233995736766e-17,0.0,1.0,3615.213,3128.523,3032.874,3414.634,171.9542203360826,4170.847,2026-04-07 10:00:00,2026-04-07 06:00:00
2026-04-06 10:00:00,2026-04-06 06:00:00,RFC,WEST,AEP,AEPIMP,3503.181,True,6,0,4,0,1.0,6.123233995736766e-17,0.0,1.0,3279.203,2979.364,2865.823,3175.2058749999997,114.08173901477474,3763.739,2026-04-07 10:00:00,2026-04-07 06:00:00
2026-04-06 10:00:00,2026-04-06 06:00:00,RFC,WEST,AEP,AEPKPT,630.397,True,6,0,4,0,1.0,6.123233995736766e-17,0.0,1.0,565.065,453.946,454.337,499.7796666666666,44.859954482198646,627.487,2026-04-07 10:00:00,2026-04-07 06:00:00
2026-04-06 10:00:00,2026-04-06 06:00:00,RFC,WEST,AEP,AEPOPT,8072.668,True,6,0,4,0,1.0,6.123233995736766e-17,0.0,1.0,7706.497,6602.901,6862.224,7364.741666666666,259.5184759185723,8294.234,2026-04-07 10:00:00,2026-04-07 06:00:00
2026-04-06 11:00:00,2026-04-06 07:00:00,RFC,WEST,AEP,AEPAPT,4242.248,True,7,0,4,0,0.9659258262890683,-0.25881904510252063,0.0,1.0,3990.92,3198.391,3140.981,3458.128041666667,235.2475271409957,4396.551,2026-04-07 11:00:00,2026-04-07 07:00:00
2026-04-06 11:00:00,2026-04-06 07:00:00,RFC,WEST,AEP,AEPIMP,3629.352,True,7,0,4,0,0.9659258262890683,-0.25881904510252063,0.0,1.0,3503.181,3086.794,2872.404,3197.8124583333333,145.28883580706173,3872.046,2026-04-07 11:00:00,2026-04-07 07:00:00
2026-04-06 11:00:00,2026-04-06 07:00:00,RFC,WEST,AEP,AEPKPT,658.213,True,7,0,4,0,0.9659258262890683,-0.25881904510252063,0.0,1.0,630.397,461.649,462.156,507.9698333333333,54.50282733844236,662.157,2026-04-07 11:00:00,2026-04-07 07:00:00
2026-04-06 11:00:00,2026-04-06 07:00:00,RFC,WEST,AEP,AEPOPT,8261.078,True,7,0,4,0,0.9659258262890683,-0.25881904510252063,0.0,1.0,8072.668,6716.639,6948.644,7429.093291666667,282.307333410648,8553.252,2026-04-07 11:00:00,2026-04-07 07:00:00
2026-04-06 12:00:00,2026-04-06 08:00:00,RFC,WEST,AEP,AEPAPT,4223.882,True,8,0,4,0,0.8660254037844387,-0.4999999999999998,0.0,1.0,4242.248,3370.085,3263.441,3493.7029166666666,281.3867834388789,4343.269,2026-04-07 12:00:00,2026-04-07 08:00:00
2026-04-06 12:00:00,2026-04-06 08:00:00,RFC,WEST,AEP,AEPIMP,3573.504,True,8,0,4,0,0.8660254037844387,-0.4999999999999998,0.0,1.0,3629.352,3159.672,3022.842,3215.055458333333,163.92697053419582,3821.686,2026-04-07 12:00:00,2026-04-07 08:00:00
2026-04-06 12:00:00,2026-04-06 08:00:00,RFC,WEST,AEP,AEPKPT,666.573,True,8,0,4,0,0.8660254037844387,-0.4999999999999998,0.0,1.0,658.213,480.318,490.616,515.7304583333333,62.99334806219734,660.963,2026-04-07 12:00:00,2026-04-07 08:00:00
2026-04-06 12:00:00,2026-04-06 08:00:00,RFC,WEST,AEP,AEPOPT,8431.045,True,8,0,4,0,0.8660254037844387,-0.4999999999999998,0.0,1.0,8261.078,6999.146,7183.298,7488.75575,334.0569359982545,8681.699,2026-04-07 12:00:00,2026-04-07 08:00:00
2026-04-06 13:00:00,2026-04-06 09:00:00,RFC,WEST,AEP,AEPAPT,4050.596,True,9,0,4,0,0.7071067811865476,-0.7071067811865475,0.0,1.0,4223.882,3493.957,3366.661,3516.8962083333336,303.48164865297457,4132.753,2026-04-07 13:00:00,2026-04-07 09:00:00
2026-04-06 13:00:00,2026-04-06 09:00:00,RFC,WEST,AEP,AEPIMP,3743.917,True,9,0,4,0,0.7071067811865476,-0.7071067811865475,0.0,1.0,3573.504,3194.426,3009.538,3237.9509166666667,196.13053503523938,3793.428,2026-04-07 13:00:00,2026-04-07 09:00:00
2026-04-06 13:00:00,2026-04-06 09:00:00,RFC,WEST,AEP,AEPKPT,635.482,True,9,0,4,0,0.7071067811865476,-0.7071067811865475,0.0,1.0,666.573,498.917,510.243,521.4206666666668,67.42092945309217,632.412,2026-04-07 13:00:00,2026-04-07 09:00:00
2026-04-06 13:00:00,2026-04-06 09:00:00,RFC,WEST,AEP,AEPOPT,8507.901,True,9,0,4,0,0.7071067811865476,-0.7071067811865475,0.0,1.0,8431.045,7304.749,7444.89,7538.887083333334,390.71538522727275,8542.775,2026-04-07 13:00:00,2026-04-07 09:00:00
2026-04-06 14:00:00,2026-04-06 10:00:00,RFC,WEST,AEP,AEPAPT,3911.399,True,10,0,4,0,0.49999999999999994,-0.8660254037844387,0.0,1.0,4050.596,3489.058,3519.071,3534.49375,313.8644735242097,3977.516,2026-04-07 14:00:00,2026-04-07 10:00:00
2026-04-06 14:00:00,2026-04-06 10:00:00,RFC,WEST,AEP,AEPIMP,3672.923,True,10,0,4,0,0.49999999999999994,-0.8660254037844387,0.0,1.0,3743.917,3341.146,3105.302,3251.7749583333334,214.5480877248468,3793.614,2026-04-07 14:00:00,2026-04-07 10:00:00
2026-04-06 14:00:00,2026-04-06 10:00:00,RFC,WEST,AEP,AEPKPT,598.359,True,10,0,4,0,0.49999999999999994,-0.8660254037844387,0.0,1.0,635.482,502.585,538.764,525.41125,69.07176810186185,610.803,2026-04-07 14:00:00,2026-04-07 10:00:00
2026-04-06 14:00:00,2026-04-06 10:00:00,RFC,WEST,AEP,AEPOPT,8432.918,True,10,0,4,0,0.49999999999999994,-0.8660254037844387,0.0,1.0,8507.901,7387.262,7684.891,7582.4560833333335,429.4530753139404,8435.333,2026-04-07 14:00:00,2026-04-07 10:00:00
2026-04-06 15:00:00,2026-04-06 11:00:00,RFC,WEST,AEP,AEPAPT,3814.111,True,11,0,4,0,0.258819045102521,-0.9659258262890682,0.0,1.0,3911.399,3479.337,3643.661,3548.4426666666664,318.7083089756899,3873.281,2026-04-07 15:00:00,2026-04-07 11:00:00
2026-04-06 15:00:00,2026-04-06 11:00:00,RFC,WEST,AEP,AEPIMP,3685.04,True,11,0,4,0,0.258819045102521,-0.9659258262890682,0.0,1.0,3672.923,3293.59,3193.698,3268.085375,232.03220079976555,3665.715,2026-04-07 15:00:00,2026-04-07 11:00:00
2026-04-06 15:00:00,2026-04-06 11:00:00,RFC,WEST,AEP,AEPKPT,570.82,True,11,0,4,0,0.258819045102521,-0.9659258262890682,0.0,1.0,598.359,471.096,560.026,529.5664166666667,68.66058573624983,588.338,2026-04-07 15:00:00,2026-04-07 11:00:00
2026-04-06 15:00:00,2026-04-06 11:00:00,RFC,WEST,AEP,AEPOPT,8310.418,True,11,0,4,0,0.258819045102521,-0.9659258262890682,0.0,1.0,8432.918,7509.657,7961.199,7615.8211249999995,453.9584414552304,8366.147,2026-04-07 15:00:00,2026-04-07 11:00:00
2026-04-06 16:00:00,2026-04-06 12:00:00,RFC,WEST,AEP,AEPAPT,3712.997,True,12,0,4,0,1.2246467991473532e-16,-1.0,0.0,1.0,3814.111,3486.387,3795.081,3557.8847499999997,320.14346207955197,3783.825,2026-04-07 16:00:00,2026-04-07 12:00:00
2026-04-06 16:00:00,2026-04-06 12:00:00,RFC,WEST,AEP,AEPIMP,3691.092,True,12,0,4,0,1.2246467991473532e-16,-1.0,0.0,1.0,3685.04,3312.793,3264.108,3283.8478333333333,247.53292109722804,3687.108,2026-04-07 16:00:00,2026-04-07 12:00:00
2026-04-06 16:00:00,2026-04-06 12:00:00,RFC,WEST,AEP,AEPKPT,549.963,True,12,0,4,0,1.2246467991473532e-16,-1.0,0.0,1.0,570.82,460.326,581.618,533.3012916666667,67.15179142126536,569.437,2026-04-07 16:00:00,2026-04-07 12:00:00
2026-04-06 16:00:00,2026-04-06 12:00:00,RFC,WEST,AEP,AEPOPT,8203.676,True,12,0,4,0,1.2246467991473532e-16,-1.0,0.0,1.0,8310.418,7441.365,8035.797,7647.584083333334,467.6827842187499,8305.201,2026-04-07 16:00:00,2026-04-07 12:00:00
2026-04-06 17:00:00,2026-04-06 13:00:00,RFC,WEST,AEP,AEPAPT,3682.854,True,13,0,4,0,-0.2588190451025208,-0.9659258262890683,0.0,1.0,3712.997,3421.279,3914.075,3568.783708333334,319.7429349709962,3740.478,2026-04-07 17:00:00,2026-04-07 13:00:00
2026-04-06 17:00:00,2026-04-06 13:00:00,RFC,WEST,AEP,AEPIMP,3638.114,True,13,0,4,0,-0.2588190451025208,-0.9659258262890683,0.0,1.0,3691.092,3246.304,3272.827,3300.1732500000003,257.66232515837606,3636.208,2026-04-07 17:00:00,2026-04-07 13:00:00
2026-04-06 17:00:00,2026-04-06 13:00:00,RFC,WEST,AEP,AEPKPT,546.879,True,13,0,4,0,-0.2588190451025208,-0.9659258262890683,0.0,1.0,549.963,463.611,608.352,536.7707916666667,65.525988929703,558.078,2026-04-07 17:00:00,2026-04-07 13:00:00
2026-04-06 17:00:00,2026-04-06 13:00:00,RFC,WEST,AEP,AEPOPT,8119.134,True,13,0,4,0,-0.2588190451025208,-0.9659258262890683,0.0,1.0,8203.676,7405.427,8210.479,7677.321874999999,474.26008704996093,8167.604,2026-04-07 17:00:00,2026-04-07 13:00:00
2026-04-06 18:00:00,2026-04-06 14:00:00,RFC,WEST,AEP,AEPAPT,3655.19,True,14,0,4,0,-0.4999999999999997,-0.8660254037844388,0.0,1.0,3682.854,3314.8,4010.764,3582.9666249999996,315.5084318314889,3680.549,2026-04-07 18:00:00,2026-04-07 14:00:00
2026-04-06 18:00:00,2026-04-06 14:00:00,RFC,WEST,AEP,AEPIMP,3571.981,True,14,0,4,0,-0.4999999999999997,-0.8660254037844388,0.0,1.0,3638.114,3157.949,3237.028,3317.4245833333334,261.5568945645528,3547.42,2026-04-07 18:00:00,2026-04-07 14:00:00
2026-04-06 18:00:00,2026-04-06 14:00:00,RFC,WEST,AEP,AEPKPT,533.243,True,14,0,4,0,-0.4999999999999997,-0.8660254037844388,0.0,1.0,546.879,451.812,626.027,540.16375,62.99490221697359,542.998,2026-04-07 18:00:00,2026-04-07 14:00:00
2026-04-06 18:00:00,2026-04-06 14:00:00,RFC,WEST,AEP,AEPOPT,8040.911,True,14,0,4,0,-0.4999999999999997,-0.8660254037844388,0.0,1.0,8119.134,7300.742,8354.756,7708.16225,472.77065190301886,8040.705,2026-04-07 18:00:00,2026-04-07 14:00:00
2026-04-06 19:00:00,2026-04-06 15:00:00,RFC,WEST,AEP,AEPAPT,3568.91,True,15,0,4,0,-0.7071067811865471,-0.7071067811865479,0.0,1.0,3655.19,3326.589,4127.846,3593.063333333333,310.7892883590949,3612.091,2026-04-07 19:00:00,2026-04-07 15:00:00
2026-04-06 19:00:00,2026-04-06 15:00:00,RFC,WEST,AEP,AEPIMP,3530.358,True,15,0,4,0,-0.7071067811865471,-0.7071067811865479,0.0,1.0,3571.981,3083.503,3197.824,3336.0435416666664,260.0817235547599,3378.827,2026-04-07 19:00:00,2026-04-07 15:00:00
2026-04-06 19:00:00,2026-04-06 15:00:00,RFC,WEST,AEP,AEPKPT,528.201,True,15,0,4,0,-0.7071067811865471,-0.7071067811865479,0.0,1.0,533.243,443.851,636.849,543.6783333333334,59.65215608674238,545.145,2026-04-07 19:00:00,2026-04-07 15:00:00
2026-04-06 19:00:00,2026-04-06 15:00:00,RFC,WEST,AEP,AEPOPT,7971.913,True,15,0,4,0,-0.7071067811865471,-0.7071067811865479,0.0,1.0,8040.911,7331.055,8391.291,7734.864666666667,468.6251944785506,7979.776,2026-04-07 19:00:00,2026-04-07 15:00:00
2026-04-06 20:00:00,2026-04-06 16:00:00,RFC,WEST,AEP,AEPAPT,3626.463,True,16,0,4,0,-0.8660254037844384,-0.5000000000000004,0.0,1.0,3568.91,3367.216,4221.795,3603.865291666667,307.08147374632455,3646.839,2026-04-07 20:00:00,2026-04-07 16:00:00
2026-04-06 20:00:00,2026-04-06 16:00:00,RFC,WEST,AEP,AEPIMP,3475.691,True,16,0,4,0,-0.8660254037844384,-0.5000000000000004,0.0,1.0,3530.358,3057.918,3177.056,3353.45075,254.58003792866364,3430.249,2026-04-07 20:00:00,2026-04-07 16:00:00
2026-04-06 20:00:00,2026-04-06 16:00:00,RFC,WEST,AEP,AEPKPT,522.691,True,16,0,4,0,-0.8660254037844384,-0.5000000000000004,0.0,1.0,528.201,446.554,625.896,546.8507083333333,56.18623172402637,542.789,2026-04-07 20:00:00,2026-04-07 16:00:00
2026-04-06 20:00:00,2026-04-06 16:00:00,RFC,WEST,AEP,AEPOPT,7906.065,True,16,0,4,0,-0.8660254037844384,-0.5000000000000004,0.0,1.0,7971.913,7345.957,8432.654,7758.202499999999,462.3197110644293,7915.698,2026-04-07 20:00:00,2026-04-07 16:00:00
2026-04-06 21:00:00,2026-04-06 17:00:00,RFC,WEST,AEP,AEPAPT,3725.222,True,17,0,4,0,-0.9659258262890683,-0.25881904510252063,0.0,1.0,3626.463,3421.095,4248.876,3616.53725,305.4822496365007,3711.083,2026-04-07 21:00:00,2026-04-07 17:00:00
2026-04-06 21:00:00,2026-04-06 17:00:00,RFC,WEST,AEP,AEPIMP,3477.859,True,17,0,4,0,-0.9659258262890683,-0.25881904510252063,0.0,1.0,3475.691,3008.465,3190.732,3373.0088333333333,244.76561098389163,3427.919,2026-04-07 21:00:00,2026-04-07 17:00:00
2026-04-06 21:00:00,2026-04-06 17:00:00,RFC,WEST,AEP,AEPKPT,530.09,True,17,0,4,0,-0.9659258262890683,-0.25881904510252063,0.0,1.0,522.691,457.933,631.736,549.85725,53.065238795811446,546.329,2026-04-07 21:00:00,2026-04-07 17:00:00
2026-04-06 21:00:00,2026-04-06 17:00:00,RFC,WEST,AEP,AEPOPT,7925.571,True,17,0,4,0,-0.9659258262890683,-0.25881904510252063,0.0,1.0,7906.065,7358.766,8392.883,7781.819375,455.4541634416504,7948.397,2026-04-07 21:00:00,2026-04-07 17:00:00
2026-04-06 22:00:00,2026-04-06 18:00:00,RFC,WEST,AEP,AEPAPT,3794.514,True,18,0,4,0,-1.0,-1.8369701987210297e-16,0.0,1.0,3725.222,3468.684,4215.381,3630.1135,305.86569245311773,3803.752,2026-04-07 22:00:00,2026-04-07 18:00:00
2026-04-06 22:00:00,2026-04-06 18:00:00,RFC,WEST,AEP,AEPIMP,3472.227,True,18,0,4,0,-1.0,-1.8369701987210297e-16,0.0,1.0,3477.859,3012.933,3198.746,3392.146083333333,233.06415557429006,3461.025,2026-04-07 22:00:00,2026-04-07 18:00:00
2026-04-06 22:00:00,2026-04-06 18:00:00,RFC,WEST,AEP,AEPKPT,529.705,True,18,0,4,0,-1.0,-1.8369701987210297e-16,0.0,1.0,530.09,466.11,616.855,552.5070416666666,50.21265554616842,550.595,2026-04-07 22:00:00,2026-04-07 18:00:00
2026-04-06 22:00:00,2026-04-06 18:00:00,RFC,WEST,AEP,AEPOPT,7934.279,True,18,0,4,0,-1.0,-1.8369701987210297e-16,0.0,1.0,7925.571,7369.64,8178.827,7805.345999999999,447.7554376618351,8014.94,2026-04-07 22:00:00,2026-04-07 18:00:00
2026-04-06 23:00:00,2026-04-06 19:00:00,RFC,WEST,AEP,AEPAPT,3859.736,True,19,0,4,0,-0.9659258262890684,0.2588190451025203,0.0,1.0,3794.514,3460.282,4166.188,3646.757416666667,307.08823097532917,3942.945,2026-04-07 23:00:00,2026-04-07 19:00:00
2026-04-06 23:00:00,2026-04-06 19:00:00,RFC,WEST,AEP,AEPIMP,3518.517,True,19,0,4,0,-0.9659258262890684,0.2588190451025203,0.0,1.0,3472.227,3131.279,3218.688,3408.2809999999995,227.5583665848863,3535.038,2026-04-07 23:00:00,2026-04-07 19:00:00
2026-04-06 23:00:00,2026-04-06 19:00:00,RFC,WEST,AEP,AEPKPT,534.218,True,19,0,4,0,-0.9659258262890684,0.2588190451025203,0.0,1.0,529.705,509.729,599.74,553.5274166666667,49.55001342685407,568.029,2026-04-07 23:00:00,2026-04-07 19:00:00
2026-04-06 23:00:00,2026-04-06 19:00:00,RFC,WEST,AEP,AEPOPT,7883.701,True,19,0,4,0,-0.9659258262890684,0.2588190451025203,0.0,1.0,7934.279,7420.085,8073.865,7824.663333333333,440.35119769069075,8148.68,2026-04-07 23:00:00,2026-04-07 19:00:00
2026-04-07 00:00:00,2026-04-06 20:00:00,RFC,WEST,AEP,AEPAPT,3994.071,True,20,0,4,0,-0.8660254037844386,0.5000000000000001,0.0,1.0,3859.736,3570.505,4120.423,3664.4060000000004,314.59498677243255,4123.529,2026-04-08 00:00:00,2026-04-07 20:00:00
2026-04-07 00:00:00,2026-04-06 20:00:00,RFC,WEST,AEP,AEPIMP,3550.795,True,20,0,4,0,-0.8660254037844386,0.5000000000000001,0.0,1.0,3518.517,3187.418,3212.53,3423.4217083333333,224.28946988394964,3605.056,2026-04-08 00:00:00,2026-04-07 20:00:00
2026-04-07 00:00:00,2026-04-06 20:00:00,RFC,WEST,AEP,AEPKPT,558.112,True,20,0,4,0,-0.8660254037844386,0.5000000000000001,0.0,1.0,534.218,552.191,604.096,553.774125,49.557809781859504,598.294,2026-04-08 00:00:00,2026-04-07 20:00:00
2026-04-07 00:00:00,2026-04-06 20:00:00,RFC,WEST,AEP,AEPOPT,8125.233,True,20,0,4,0,-0.8660254037844386,0.5000000000000001,0.0,1.0,7883.701,7605.484,8011.078,7846.319541666667,441.88124657954967,8370.662,2026-04-08 00:00:00,2026-04-07 20:00:00
2026-04-07 01:00:00,2026-04-06 21:00:00,RFC,WEST,AEP,AEPAPT,3900.124,True,21,0,4,0,-0.7071067811865477,0.7071067811865474,0.0,1.0,3994.071,3516.776,3939.423,3680.3788333333337,316.49955945194387,4084.46,2026-04-08 01:00:00,2026-04-07 21:00:00
2026-04-07 01:00:00,2026-04-06 21:00:00,RFC,WEST,AEP,AEPIMP,3491.031,True,21,0,4,0,-0.7071067811865477,0.7071067811865474,0.0,1.0,3550.795,3264.958,3186.0,3432.841416666666,222.0813944654769,3593.606,2026-04-08 01:00:00,2026-04-07 21:00:00
2026-04-07 01:00:00,2026-04-06 21:00:00,RFC,WEST,AEP,AEPKPT,555.914,True,21,0,4,0,-0.7071067811865477,0.7071067811865474,0.0,1.0,558.112,554.927,581.367,553.81525,49.559217583613744,596.762,2026-04-08 01:00:00,2026-04-07 21:00:00
2026-04-07 01:00:00,2026-04-06 21:00:00,RFC,WEST,AEP,AEPOPT,8037.497,True,21,0,4,0,-0.7071067811865477,0.7071067811865474,0.0,1.0,8125.233,7659.0,7823.289,7862.09025,441.659364802223,8391.831,2026-04-08 01:00:00,2026-04-07 21:00:00
2026-04-07 02:00:00,2026-04-06 22:00:00,RFC,WEST,AEP,AEPAPT,3749.651,True,22,0,4,0,-0.5000000000000004,0.8660254037844384,0.0,1.0,3900.124,3428.225,3733.174,3693.771583333333,312.1362324798062,3961.532,2026-04-08 02:00:00,2026-04-07 22:00:00
2026-04-07 02:00:00,2026-04-06 22:00:00,RFC,WEST,AEP,AEPIMP,3468.16,True,22,0,4,0,-0.5000000000000004,0.8660254037844384,0.0,1.0,3491.031,3166.879,3134.433,3445.394791666666,214.78934619902762,3518.462,2026-04-08 02:00:00,2026-04-07 22:00:00
2026-04-07 02:00:00,2026-04-06 22:00:00,RFC,WEST,AEP,AEPKPT,532.983,True,22,0,4,0,-0.5000000000000004,0.8660254037844384,0.0,1.0,555.914,533.008,570.997,553.8142083333333,49.559674198826315,592.016,2026-04-08 02:00:00,2026-04-07 22:00:00
2026-04-07 02:00:00,2026-04-06 22:00:00,RFC,WEST,AEP,AEPOPT,7839.372,True,22,0,4,0,-0.5000000000000004,0.8660254037844384,0.0,1.0,8037.497,7502.081,7461.432,7876.144041666666,435.0221441267716,8131.932,2026-04-08 02:00:00,2026-04-07 22:00:00
2026-04-07 03:00:00,2026-04-06 23:00:00,RFC,WEST,AEP,AEPAPT,3583.62,True,23,0,4,0,-0.25881904510252157,0.9659258262890681,0.0,1.0,3749.651,3297.174,3509.388,3705.706833333333,301.61107687804747,3850.923,2026-04-08 03:00:00,2026-04-07 23:00:00
2026-04-07 03:00:00,2026-04-06 23:00:00,RFC,WEST,AEP,AEPIMP,3372.532,True,23,0,4,0,-0.25881904510252157,0.9659258262890681,0.0,1.0,3468.16,3123.908,3068.223,3455.754125,204.35181777434272,3453.72,2026-04-08 03:00:00,2026-04-07 23:00:00
2026-04-07 03:00:00,2026-04-06 23:00:00,RFC,WEST,AEP,AEPKPT,513.495,True,23,0,4,0,-0.25881904510252157,0.9659258262890681,0.0,1.0,532.983,513.706,531.678,553.8054166666667,49.56711672234564,571.743,2026-04-08 03:00:00,2026-04-07 23:00:00
2026-04-07 03:00:00,2026-04-06 23:00:00,RFC,WEST,AEP,AEPOPT,7686.781,True,23,0,4,0,-0.25881904510252157,0.9659258262890681,0.0,1.0,7839.372,7291.781,7166.927,7892.6023749999995,419.13447414941766,7931.135,2026-04-08 03:00:00,2026-04-07 23:00:00
2026-04-07 04:00:00,2026-04-07 00:00:00,RFC,WEST,AEP,AEPAPT,3450.528,True,0,1,4,0,0.0,1.0,0.7818314824680298,0.6234898018587336,3583.62,3232.915,3297.914,3714.774041666667,289.820299338936,3763.332,2026-04-08 04:00:00,2026-04-08 00:00:00
2026-04-07 04:00:00,2026-04-07 00:00:00,RFC,WEST,AEP,AEPIMP,3338.326,True,0,1,4,0,0.0,1.0,0.7818314824680298,0.6234898018587336,3372.532,3103.031,2982.753,3465.5580833333333,191.96254662912605,3382.276,2026-04-08 04:00:00,2026-04-08 00:00:00
2026-04-07 04:00:00,2026-04-07 00:00:00,RFC,WEST,AEP,AEPKPT,504.31,True,0,1,4,0,0.0,1.0,0.7818314824680298,0.6234898018587336,513.495,495.619,490.656,554.1675416666667,49.15356077240849,565.874,2026-04-08 04:00:00,2026-04-08 00:00:00
2026-04-07 04:00:00,2026-04-07 00:00:00,RFC,WEST,AEP,AEPOPT,7444.723,True,0,1,4,0,0.0,1.0,0.7818314824680298,0.6234898018587336,7686.781,7207.168,6860.612,7902.500499999999,404.8037406225436,7757.317,2026-04-08 04:00:00,2026-04-08 00:00:00
2026-04-07 05:00:00,2026-04-07 01:00:00,RFC,WEST,AEP,AEPAPT,3407.043,True,1,1,4,0,0.25881904510252074,0.9659258262890683,0.7818314824680298,0.6234898018587336,3450.528,3187.489,3166.081,3723.9221250000005,275.5677078053049,3770.066,2026-04-08 05:00:00,2026-04-08 01:00:00
2026-04-07 05:00:00,2026-04-07 01:00:00,RFC,WEST,AEP,AEPIMP,3306.302,True,1,1,4,0,0.25881904510252074,0.9659258262890683,0.7818314824680298,0.6234898018587336,3338.326,3114.304,2896.651,3473.5580000000004,180.33644222999607,3391.875,2026-04-08 05:00:00,2026-04-08 01:00:00
2026-04-07 05:00:00,2026-04-07 01:00:00,RFC,WEST,AEP,AEPKPT,502.353,True,1,1,4,0,0.25881904510252074,0.9659258262890683,0.7818314824680298,0.6234898018587336,504.31,492.054,468.508,554.5966666666667,48.6298814263021,570.53,2026-04-08 05:00:00,2026-04-08 01:00:00
2026-04-07 05:00:00,2026-04-07 01:00:00,RFC,WEST,AEP,AEPOPT,7322.377,True,1,1,4,0,0.25881904510252074,0.9659258262890683,0.7818314824680298,0.6234898018587336,7444.723,7110.431,6567.2,7911.331583333333,388.76711724316596,7716.934,2026-04-08 05:00:00,2026-04-08 01:00:00
2026-04-07 06:00:00,2026-04-07 02:00:00,RFC,WEST,AEP,AEPAPT,3413.375,True,2,1,4,0,0.49999999999999994,0.8660254037844387,0.7818314824680298,0.6234898018587336,3407.043,3187.897,3066.282,3733.317041666667,259.8964803658616,3812.771,2026-04-08 06:00:00,2026-04-08 02:00:00
2026-04-07 06:00:00,2026-04-07 02:00:00,RFC,WEST,AEP,AEPIMP,3271.181,True,2,1,4,0,0.49999999999999994,0.8660254037844387,0.7818314824680298,0.6234898018587336,3306.302,3108.804,2941.678,3480.3237083333333,168.72935871220446,3375.787,2026-04-08 06:00:00,2026-04-08 02:00:00
2026-04-07 06:00:00,2026-04-07 02:00:00,RFC,WEST,AEP,AEPKPT,504.509,True,2,1,4,0,0.49999999999999994,0.8660254037844387,0.7818314824680298,0.6234898018587336,502.353,502.845,455.521,554.666,48.55401628128664,573.033,2026-04-08 06:00:00,2026-04-08 02:00:00
2026-04-07 06:00:00,2026-04-07 02:00:00,RFC,WEST,AEP,AEPOPT,7250.428,True,2,1,4,0,0.49999999999999994,0.8660254037844387,0.7818314824680298,0.6234898018587336,7322.377,7150.345,6480.093,7915.501708333333,380.7025913942617,7659.026,2026-04-08 06:00:00,2026-04-08 02:00:00
2026-04-07 07:00:00,2026-04-07 03:00:00,RFC,WEST,AEP,AEPAPT,3467.154,True,3,1,4,0,0.7071067811865475,0.7071067811865476,0.7818314824680298,0.6234898018587336,3413.375,3251.998,2994.672,3742.281875,245.90631468531552,3870.242,2026-04-08 07:00:00,2026-04-08 03:00:00
2026-04-07 07:00:00,2026-04-07 03:00:00,RFC,WEST,AEP,AEPIMP,3283.588,True,3,1,4,0,0.7071067811865475,0.7071067811865476,0.7818314824680298,0.6234898018587336,3271.181,3152.045,2870.668,3485.804666666667,159.48528161466476,3376.352,2026-04-08 07:00:00,2026-04-08 03:00:00
2026-04-07 07:00:00,2026-04-07 03:00:00,RFC,WEST,AEP,AEPKPT,517.92,True,3,1,4,0,0.7071067811865475,0.7071067811865476,0.7818314824680298,0.6234898018587336,504.509,510.691,445.855,554.9672083333334,48.29106402528123,581.509,2026-04-08 07:00:00,2026-04-08 03:00:00
2026-04-07 07:00:00,2026-04-07 03:00:00,RFC,WEST,AEP,AEPOPT,7348.647,True,3,1,4,0,0.7071067811865475,0.7071067811865476,0.7818314824680298,0.6234898018587336,7250.428,7186.392,6379.348,7922.262333333333,368.4349390700344,7766.373,2026-04-08 07:00:00,2026-04-08 03:00:00
2026-04-07 08:00:00,2026-04-07 04:00:00,RFC,WEST,AEP,AEPAPT,3588.092,True,4,1,4,0,0.8660254037844386,0.5000000000000001,0.7818314824680298,0.6234898018587336,3467.154,3374.944,3001.281,3751.1630416666667,235.6999252069519,4023.508,2026-04-08 08:00:00,2026-04-08 04:00:00
2026-04-07 08:00:00,2026-04-07 04:00:00,RFC,WEST,AEP,AEPIMP,3417.275,True,4,1,4,0,0.8660254037844386,0.5000000000000001,0.7818314824680298,0.6234898018587336,3283.588,3114.438,2866.446,3498.4228749999997,139.56136564165982,3482.653,2026-04-08 08:00:00,2026-04-08 04:00:00
2026-04-07 08:00:00,2026-04-07 04:00:00,RFC,WEST,AEP,AEPKPT,530.19,True,4,1,4,0,0.8660254037844386,0.5000000000000001,0.7818314824680298,0.6234898018587336,517.92,529.718,448.552,554.9868749999999,48.280429078738976,601.604,2026-04-08 08:00:00,2026-04-08 04:00:00
2026-04-07 08:00:00,2026-04-07 04:00:00,RFC,WEST,AEP,AEPOPT,7482.629,True,4,1,4,0,0.8660254037844386,0.5000000000000001,0.7818314824680298,0.6234898018587336,7348.647,7371.463,6427.869,7926.89425,361.8492149370332,7890.124,2026-04-08 08:00:00,2026-04-08 04:00:00
2026-04-07 09:00:00,2026-04-07 05:00:00,RFC,WEST,AEP,AEPAPT,3826.044,True,5,1,4,0,0.9659258262890683,0.25881904510252074,0.7818314824680298,0.6234898018587336,3588.092,3615.213,3066.713,3759.947666666667,234.3376541861094,4261.103,2026-04-08 09:00:00,2026-04-08 05:00:00
2026-04-07 09:00:00,2026-04-07 05:00:00,RFC,WEST,AEP,AEPIMP,3473.345,True,5,1,4,0,0.9659258262890683,0.25881904510252074,0.7818314824680298,0.6234898018587336,3417.275,3279.203,2940.019,3506.5121249999997,131.7079613619195,3558.428,2026-04-08 09:00:00,2026-04-08 05:00:00
2026-04-07 09:00:00,2026-04-07 05:00:00,RFC,WEST,AEP,AEPKPT,568.241,True,5,1,4,0,0.9659258262890683,0.25881904510252074,0.7818314824680298,0.6234898018587336,530.19,565.065,451.715,555.1192083333334,48.3135947525249,631.19,2026-04-08 09:00:00,2026-04-08 05:00:00
2026-04-07 09:00:00,2026-04-07 05:00:00,RFC,WEST,AEP,AEPOPT,7771.734,True,5,1,4,0,0.9659258262890683,0.25881904510252074,0.7818314824680298,0.6234898018587336,7482.629,7706.497,6519.106,7929.612458333333,360.3635891995536,8186.789,2026-04-08 09:00:00,2026-04-08 05:00:00
2026-04-07 10:00:00,2026-04-07 06:00:00,RFC,WEST,AEP,AEPAPT,4170.847,True,6,1,4,0,1.0,6.123233995736766e-17,0.7818314824680298,0.6234898018587336,3826.044,3990.92,3128.523,3767.4446249999996,244.69735255969192,4617.164,2026-04-08 10:00:00,2026-04-08 06:00:00
2026-04-07 10:00:00,2026-04-07 06:00:00,RFC,WEST,AEP,AEPIMP,3763.739,True,6,1,4,0,1.0,6.123233995736766e-17,0.7818314824680298,0.6234898018587336,3473.345,3503.181,2979.364,3517.3687083333334,141.77546580066993,3680.915,2026-04-08 10:00:00,2026-04-08 06:00:00
2026-04-07 10:00:00,2026-04-07 06:00:00,RFC,WEST,AEP,AEPKPT,627.487,True,6,1,4,0,1.0,6.123233995736766e-17,0.7818314824680298,0.6234898018587336,568.241,630.397,453.946,554.9979583333333,48.11972278777248,692.128,2026-04-08 10:00:00,2026-04-08 06:00:00
2026-04-07 10:00:00,2026-04-07 06:00:00,RFC,WEST,AEP,AEPOPT,8294.234,True,6,1,4,0,1.0,6.123233995736766e-17,0.7818314824680298,0.6234898018587336,7771.734,8072.668,6602.901,7938.844375,366.96538039982414,8735.122,2026-04-08 10:00:00,2026-04-08 06:00:00
2026-04-07 11:00:00,2026-04-07 07:00:00,RFC,WEST,AEP,AEPAPT,4396.551,True,7,1,4,0,0.9659258262890683,-0.25881904510252063,0.7818314824680298,0.6234898018587336,4170.847,4242.248,3198.391,3773.873916666667,259.30599661117344,4790.153,2026-04-08 11:00:00,2026-04-08 07:00:00
2026-04-07 11:00:00,2026-04-07 07:00:00,RFC,WEST,AEP,AEPIMP,3872.046,True,7,1,4,0,0.9659258262890683,-0.25881904510252063,0.7818314824680298,0.6234898018587336,3763.739,3629.352,3086.794,3527.4809583333335,157.85354293291985,3746.777,2026-04-08 11:00:00,2026-04-08 07:00:00
2026-04-07 11:00:00,2026-04-07 07:00:00,RFC,WEST,AEP,AEPKPT,662.157,True,7,1,4,0,0.9659258262890683,-0.25881904510252063,0.7818314824680298,0.6234898018587336,627.487,658.213,461.649,555.1622916666666,48.4928254850127,708.276,2026-04-08 11:00:00,2026-04-08 07:00:00
2026-04-07 11:00:00,2026-04-07 07:00:00,RFC,WEST,AEP,AEPOPT,8553.252,True,7,1,4,0,0.9659258262890683,-0.25881904510252063,0.7818314824680298,0.6234898018587336,8294.234,8261.078,6716.639,7951.018291666666,382.63206859655736,8874.4,2026-04-08 11:00:00,2026-04-08 07:00:00
2026-04-07 12:00:00,2026-04-07 08:00:00,RFC,WEST,AEP,AEPAPT,4343.269,True,8,1,4,0,0.8660254037844387,-0.4999999999999998,0.7818314824680298,0.6234898018587336,4396.551,4223.882,3370.085,3778.848375,269.26796071923627,4658.827,2026-04-08 12:00:00,2026-04-08 08:00:00
2026-04-07 12:00:00,2026-04-07 08:00:00,RFC,WEST,AEP,AEPIMP,3821.686,True,8,1,4,0,0.8660254037844387,-0.4999999999999998,0.7818314824680298,0.6234898018587336,3872.046,3573.504,3159.672,3537.821875,168.75246860372732,3713.839,2026-04-08 12:00:00,2026-04-08 08:00:00
2026-04-07 12:00:00,2026-04-07 08:00:00,RFC,WEST,AEP,AEPKPT,660.963,True,8,1,4,0,0.8660254037844387,-0.4999999999999998,0.7818314824680298,0.6234898018587336,662.157,666.573,480.318,554.9285416666667,47.94284525483018,686.264,2026-04-08 12:00:00,2026-04-08 08:00:00
2026-04-07 12:00:00,2026-04-07 08:00:00,RFC,WEST,AEP,AEPOPT,8681.699,True,8,1,4,0,0.8660254037844387,-0.4999999999999998,0.7818314824680298,0.6234898018587336,8553.252,8431.045,6999.146,7961.462208333333,399.3592011478899,8830.497,2026-04-08 12:00:00,2026-04-08 08:00:00
2026-04-07 13:00:00,2026-04-07 09:00:00,RFC,WEST,AEP,AEPAPT,4132.753,True,9,1,4,0,0.7071067811865476,-0.7071067811865475,0.7818314824680298,0.6234898018587336,4343.269,4050.596,3493.957,3782.271583333333,273.3639768882617,4361.488,2026-04-08 13:00:00,2026-04-08 09:00:00
2026-04-07 13:00:00,2026-04-07 09:00:00,RFC,WEST,AEP,AEPIMP,3793.428,True,9,1,4,0,0.7071067811865476,-0.7071067811865475,0.7818314824680298,0.6234898018587336,3821.686,3743.917,3194.426,3539.8848333333335,171.65907208074353,3710.781,2026-04-08 13:00:00,2026-04-08 09:00:00
2026-04-07 13:00:00,2026-04-07 09:00:00,RFC,WEST,AEP,AEPKPT,632.412,True,9,1,4,0,0.7071067811865476,-0.7071067811865475,0.7818314824680298,0.6234898018587336,660.963,635.482,498.917,554.800625,47.722163029818084,656.914,2026-04-08 13:00:00,2026-04-08 09:00:00
2026-04-07 13:00:00,2026-04-07 09:00:00,RFC,WEST,AEP,AEPOPT,8542.775,True,9,1,4,0,0.7071067811865476,-0.7071067811865475,0.7818314824680298,0.6234898018587336,8681.699,8507.901,7304.749,7962.915291666667,401.4916361326607,8665.275,2026-04-08 13:00:00,2026-04-08 09:00:00
2026-04-07 14:00:00,2026-04-07 10:00:00,RFC,WEST,AEP,AEPAPT,3977.516,True,10,1,4,0,0.49999999999999994,-0.8660254037844387,0.7818314824680298,0.6234898018587336,4132.753,3911.399,3489.058,3785.0264583333333,275.04981503103454,4135.62,2026-04-08 14:00:00,2026-04-08 10:00:00
2026-04-07 14:00:00,2026-04-07 10:00:00,RFC,WEST,AEP,AEPIMP,3793.614,True,10,1,4,0,0.49999999999999994,-0.8660254037844387,0.7818314824680298,0.6234898018587336,3793.428,3672.923,3341.146,3544.9136249999997,177.397816021015,3675.528,2026-04-08 14:00:00,2026-04-08 10:00:00
2026-04-07 14:00:00,2026-04-07 10:00:00,RFC,WEST,AEP,AEPKPT,610.803,True,10,1,4,0,0.49999999999999994,-0.8660254037844387,0.7818314824680298,0.6234898018587336,632.412,598.359,502.585,555.319125,48.2803376922668,612.087,2026-04-08 14:00:00,2026-04-08 10:00:00
2026-04-07 14:00:00,2026-04-07 10:00:00,RFC,WEST,AEP,AEPOPT,8435.333,True,10,1,4,0,0.49999999999999994,-0.8660254037844387,0.7818314824680298,0.6234898018587336,8542.775,8432.918,7387.262,7963.015916666666,401.614837204262,8469.184,2026-04-08 14:00:00,2026-04-08 10:00:00
2026-04-07 15:00:00,2026-04-07 11:00:00,RFC,WEST,AEP,AEPAPT,3873.281,True,11,1,4,0,0.258819045102521,-0.9659258262890682,0.7818314824680298,0.6234898018587336,3977.516,3814.111,3479.337,3787.491875,275.5865122649772,3954.046,2026-04-08 15:00:00,2026-04-08 11:00:00
2026-04-07 15:00:00,2026-04-07 11:00:00,RFC,WEST,AEP,AEPIMP,3665.715,True,11,1,4,0,0.258819045102521,-0.9659258262890682,0.7818314824680298,0.6234898018587336,3793.614,3685.04,3293.59,3544.1084166666665,176.77690048633806,3536.494,2026-04-08 15:00:00,2026-04-08 11:00:00
2026-04-07 15:00:00,2026-04-07 11:00:00,RFC,WEST,AEP,AEPKPT,588.338,True,11,1,4,0,0.258819045102521,-0.9659258262890682,0.7818314824680298,0.6234898018587336,610.803,570.82,471.096,556.0490416666667,48.65583457437138,578.951,2026-04-08 15:00:00,2026-04-08 11:00:00
2026-04-07 15:00:00,2026-04-07 11:00:00,RFC,WEST,AEP,AEPOPT,8366.147,True,11,1,4,0,0.258819045102521,-0.9659258262890682,0.7818314824680298,0.6234898018587336,8435.333,8310.418,7509.657,7965.3379583333335,403.86556305097486,8300.619,2026-04-08 15:00:00,2026-04-08 11:00:00
2026-04-07 16:00:00,2026-04-07 12:00:00,RFC,WEST,AEP,AEPAPT,3783.825,True,12,1,4,0,1.2246467991473532e-16,-1.0,0.7818314824680298,0.6234898018587336,3873.281,3712.997,3486.387,3790.443041666667,275.1329501874025,3811.919,2026-04-08 16:00:00,2026-04-08 12:00:00
2026-04-07 16:00:00,2026-04-07 12:00:00,RFC,WEST,AEP,AEPIMP,3687.108,True,12,1,4,0,1.2246467991473532e-16,-1.0,0.7818314824680298,0.6234898018587336,3665.715,3691.092,3312.793,3543.9424166666668,176.63468986531933,3445.936,2026-04-08 16:00:00,2026-04-08 12:00:00
2026-04-07 16:00:00,2026-04-07 12:00:00,RFC,WEST,AEP,AEPKPT,569.437,True,12,1,4,0,1.2246467991473532e-16,-1.0,0.7818314824680298,0.6234898018587336,588.338,549.963,460.326,556.8604583333333,48.71227480070119,559.621,2026-04-08 16:00:00,2026-04-08 12:00:00
2026-04-07 16:00:00,2026-04-07 12:00:00,RFC,WEST,AEP,AEPOPT,8305.201,True,12,1,4,0,1.2246467991473532e-16,-1.0,0.7818314824680298,0.6234898018587336,8366.147,8203.676,7441.365,7969.568166666667,406.99014155934697,8094.22,2026-04-08 16:00:00,2026-04-08 12:00:00
2026-04-07 17:00:00,2026-04-07 13:00:00,RFC,WEST,AEP,AEPAPT,3740.478,True,13,1,4,0,-0.2588190451025208,-0.9659258262890683,0.7818314824680298,0.6234898018587336,3783.825,3682.854,3421.279,3792.8440416666667,274.40369932629216,3730.654,2026-04-08 17:00:00,2026-04-08 13:00:00
2026-04-07 17:00:00,2026-04-07 13:00:00,RFC,WEST,AEP,AEPIMP,3636.208,True,13,1,4,0,-0.2588190451025208,-0.9659258262890683,0.7818314824680298,0.6234898018587336,3687.108,3638.114,3246.304,3543.863,176.59093157818407,3443.021,2026-04-08 17:00:00,2026-04-08 13:00:00
2026-04-07 17:00:00,2026-04-07 13:00:00,RFC,WEST,AEP,AEPKPT,558.078,True,13,1,4,0,-0.2588190451025208,-0.9659258262890683,0.7818314824680298,0.6234898018587336,569.437,546.879,463.611,557.3270833333333,48.66612009522804,545.917,2026-04-08 17:00:00,2026-04-08 13:00:00
2026-04-07 17:00:00,2026-04-07 13:00:00,RFC,WEST,AEP,AEPOPT,8167.604,True,13,1,4,0,-0.2588190451025208,-0.9659258262890683,0.7818314824680298,0.6234898018587336,8305.201,8119.134,7405.427,7971.58775,407.883870732654,8007.59,2026-04-08 17:00:00,2026-04-08 13:00:00
2026-04-07 18:00:00,2026-04-07 14:00:00,RFC,WEST,AEP,AEPAPT,3680.549,True,14,1,4,0,-0.4999999999999997,-0.8660254037844388,0.7818314824680298,0.6234898018587336,3740.478,3655.19,3314.8,3793.900666666667,273.89895954636114,3656.276,2026-04-08 18:00:00,2026-04-08 14:00:00
2026-04-07 18:00:00,2026-04-07 14:00:00,RFC,WEST,AEP,AEPIMP,3547.42,True,14,1,4,0,-0.4999999999999997,-0.8660254037844388,0.7818314824680298,0.6234898018587336,3636.208,3571.981,3157.949,3542.839625,176.49203810981479,3368.696,2026-04-08 18:00:00,2026-04-08 14:00:00
2026-04-07 18:00:00,2026-04-07 14:00:00,RFC,WEST,AEP,AEPKPT,542.998,True,14,1,4,0,-0.4999999999999997,-0.8660254037844388,0.7818314824680298,0.6234898018587336,558.078,533.243,451.812,557.7335416666666,48.49666649053118,540.706,2026-04-08 18:00:00,2026-04-08 14:00:00
2026-04-07 18:00:00,2026-04-07 14:00:00,RFC,WEST,AEP,AEPOPT,8040.705,True,14,1,4,0,-0.4999999999999997,-0.8660254037844388,0.7818314824680298,0.6234898018587336,8167.604,8040.911,7300.742,7971.579166666666,407.8823506620846,7955.84,2026-04-08 18:00:00,2026-04-08 14:00:00
2026-04-07 19:00:00,2026-04-07 15:00:00,RFC,WEST,AEP,AEPAPT,3612.091,True,15,1,4,0,-0.7071067811865471,-0.7071067811865479,0.7818314824680298,0.6234898018587336,3680.549,3568.91,3326.589,3795.6998750000002,272.49499270426276,3635.568,2026-04-08 19:00:00,2026-04-08 15:00:00
2026-04-07 19:00:00,2026-04-07 15:00:00,RFC,WEST,AEP,AEPIMP,3378.827,True,15,1,4,0,-0.7071067811865471,-0.7071067811865479,0.7818314824680298,0.6234898018587336,3547.42,3530.358,3083.503,3536.525833333333,179.6403077533237,3314.591,2026-04-08 19:00:00,2026-04-08 15:00:00
2026-04-07 19:00:00,2026-04-07 15:00:00,RFC,WEST,AEP,AEPKPT,545.145,True,15,1,4,0,-0.7071067811865471,-0.7071067811865479,0.7818314824680298,0.6234898018587336,542.998,528.201,443.851,558.4395416666666,48.17028269178886,544.008,2026-04-08 19:00:00,2026-04-08 15:00:00
2026-04-07 19:00:00,2026-04-07 15:00:00,RFC,WEST,AEP,AEPOPT,7979.776,True,15,1,4,0,-0.7071067811865471,-0.7071067811865479,0.7818314824680298,0.6234898018587336,8040.705,7971.913,7331.055,7971.906791666665,407.8857883671798,7830.147,2026-04-08 19:00:00,2026-04-08 15:00:00
2026-04-07 20:00:00,2026-04-07 16:00:00,RFC,WEST,AEP,AEPAPT,3646.839,True,16,1,4,0,-0.8660254037844384,-0.5000000000000004,0.7818314824680298,0.6234898018587336,3612.091,3626.463,3367.216,3796.548875,271.97603196402474,3671.675,2026-04-08 20:00:00,2026-04-08 16:00:00
2026-04-07 20:00:00,2026-04-07 16:00:00,RFC,WEST,AEP,AEPIMP,3430.249,True,16,1,4,0,-0.8660254037844384,-0.5000000000000004,0.7818314824680298,0.6234898018587336,3378.827,3475.691,3057.918,3534.632416666667,180.54658216453672,3329.92,2026-04-08 20:00:00,2026-04-08 16:00:00
2026-04-07 20:00:00,2026-04-07 16:00:00,RFC,WEST,AEP,AEPKPT,542.789,True,16,1,4,0,-0.8660254037844384,-0.5000000000000004,0.7818314824680298,0.6234898018587336,545.145,522.691,446.554,559.2769583333334,47.69413505050227,544.706,2026-04-08 20:00:00,2026-04-08 16:00:00
2026-04-07 20:00:00,2026-04-07 16:00:00,RFC,WEST,AEP,AEPOPT,7915.698,True,16,1,4,0,-0.8660254037844384,-0.5000000000000004,0.7818314824680298,0.6234898018587336,7979.776,7906.065,7345.957,7972.308166666666,407.82291534116484,7860.697,2026-04-08 20:00:00,2026-04-08 16:00:00
2026-04-07 21:00:00,2026-04-07 17:00:00,RFC,WEST,AEP,AEPAPT,3711.083,True,17,1,4,0,-0.9659258262890683,-0.25881904510252063,0.7818314824680298,0.6234898018587336,3646.839,3725.222,3421.095,3795.95975,272.1525058556313,3737.936,2026-04-08 21:00:00,2026-04-08 17:00:00
2026-04-07 21:00:00,2026-04-07 17:00:00,RFC,WEST,AEP,AEPIMP,3427.919,True,17,1,4,0,-0.9659258262890683,-0.25881904510252063,0.7818314824680298,0.6234898018587336,3430.249,3477.859,3008.465,3532.5515833333334,181.51454454357378,3331.725,2026-04-08 21:00:00,2026-04-08 17:00:00
2026-04-07 21:00:00,2026-04-07 17:00:00,RFC,WEST,AEP,AEPKPT,546.329,True,17,1,4,0,-0.9659258262890683,-0.25881904510252063,0.7818314824680298,0.6234898018587336,542.789,530.09,457.933,559.9535833333333,47.376193477605455,555.104,2026-04-08 21:00:00,2026-04-08 17:00:00
2026-04-07 21:00:00,2026-04-07 17:00:00,RFC,WEST,AEP,AEPOPT,7948.397,True,17,1,4,0,-0.9659258262890683,-0.25881904510252063,0.7818314824680298,0.6234898018587336,7915.698,7925.571,7358.766,7973.259249999999,407.73578764421995,7846.892,2026-04-08 21:00:00,2026-04-08 17:00:00
2026-04-07 22:00:00,2026-04-07 18:00:00,RFC,WEST,AEP,AEPAPT,3803.752,True,18,1,4,0,-1.0,-1.8369701987210297e-16,0.7818314824680298,0.6234898018587336,3711.083,3794.514,3468.684,3796.3446666666664,272.15690497653236,3820.993,2026-04-08 22:00:00,2026-04-08 18:00:00
2026-04-07 22:00:00,2026-04-07 18:00:00,RFC,WEST,AEP,AEPIMP,3461.025,True,18,1,4,0,-1.0,-1.8369701987210297e-16,0.7818314824680298,0.6234898018587336,3427.919,3472.227,3012.933,3532.084833333333,181.69072569656282,3384.851,2026-04-08 22:00:00,2026-04-08 18:00:00
2026-04-07 22:00:00,2026-04-07 18:00:00,RFC,WEST,AEP,AEPKPT,550.595,True,18,1,4,0,-1.0,-1.8369701987210297e-16,0.7818314824680298,0.6234898018587336,546.329,529.705,466.11,560.824,46.986588548130136,548.433,2026-04-08 22:00:00,2026-04-08 18:00:00
2026-04-07 22:00:00,2026-04-07 18:00:00,RFC,WEST,AEP,AEPOPT,8014.94,True,18,1,4,0,-1.0,-1.8369701987210297e-16,0.7818314824680298,0.6234898018587336,7948.397,7934.279,7369.64,7976.620125,407.73294763941686,7779.762,2026-04-08 22:00:00,2026-04-08 18:00:00
2026-04-07 23:00:00,2026-04-07 19:00:00,RFC,WEST,AEP,AEPAPT,3942.945,True,19,1,4,0,-0.9659258262890684,0.2588190451025203,0.7818314824680298,0.6234898018587336,3803.752,3859.736,3460.282,3799.811708333333,273.52612694767873,3915.773,2026-04-08 23:00:00,2026-04-08 19:00:00
2026-04-07 23:00:00,2026-04-07 19:00:00,RFC,WEST,AEP,AEPIMP,3535.038,True,19,1,4,0,-0.9659258262890684,0.2588190451025203,0.7818314824680298,0.6234898018587336,3461.025,3518.517,3131.279,3532.7732083333335,181.66838134406,3370.343,2026-04-08 23:00:00,2026-04-08 19:00:00
2026-04-07 23:00:00,2026-04-07 19:00:00,RFC,WEST,AEP,AEPKPT,568.029,True,19,1,4,0,-0.9659258262890684,0.2588190451025203,0.7818314824680298,0.6234898018587336,550.595,534.218,509.729,562.2327916666667,46.6599207550519,557.978,2026-04-08 23:00:00,2026-04-08 19:00:00
2026-04-07 23:00:00,2026-04-07 19:00:00,RFC,WEST,AEP,AEPOPT,8148.68,True,19,1,4,0,-0.9659258262890684,0.2588190451025203,0.7818314824680298,0.6234898018587336,8014.94,7883.701,7420.085,7987.660916666668,408.69392504319774,7868.103,2026-04-08 23:00:00,2026-04-08 19:00:00
2026-04-08 00:00:00,2026-04-07 20:00:00,RFC,WEST,AEP,AEPAPT,4123.529,True,20,1,4,0,-0.8660254037844386,0.5000000000000001,0.7818314824680298,0.6234898018587336,3942.945,3994.071,3570.505,3805.2057916666668,278.75019002636895,4070.119,2026-04-09 00:00:00,2026-04-08 20:00:00
2026-04-08 00:00:00,2026-04-07 20:00:00,RFC,WEST,AEP,AEPIMP,3605.056,True,20,1,4,0,-0.8660254037844386,0.5000000000000001,0.7818314824680298,0.6234898018587336,3535.038,3550.795,3187.418,3535.0340833333335,182.2391593485835,3474.397,2026-04-09 00:00:00,2026-04-08 20:00:00
2026-04-08 00:00:00,2026-04-07 20:00:00,RFC,WEST,AEP,AEPKPT,598.294,True,20,1,4,0,-0.8660254037844386,0.5000000000000001,0.7818314824680298,0.6234898018587336,568.029,558.112,552.191,563.9070416666667,47.22313536768476,571.502,2026-04-09 00:00:00,2026-04-08 20:00:00
2026-04-08 00:00:00,2026-04-07 20:00:00,RFC,WEST,AEP,AEPOPT,8370.662,True,20,1,4,0,-0.8660254037844386,0.5000000000000001,0.7818314824680298,0.6234898018587336,8148.68,8125.233,7605.484,7997.887125,415.3029593003129,7990.287,2026-04-09 00:00:00,2026-04-08 20:00:00
2026-04-08 01:00:00,2026-04-07 21:00:00,RFC,WEST,AEP,AEPAPT,4084.46,True,21,1,4,0,-0.7071067811865477,0.7071067811865474,0.7818314824680298,0.6234898018587336,4123.529,3900.124,3516.776,3812.886458333333,283.9699920874943,4014.575,2026-04-09 01:00:00,2026-04-08 21:00:00
2026-04-08 01:00:00,2026-04-07 21:00:00,RFC,WEST,AEP,AEPIMP,3593.606,True,21,1,4,0,-0.7071067811865477,0.7071067811865474,0.7818314824680298,0.6234898018587336,3605.056,3491.031,3264.958,3539.308041666667,182.36508466414867,3476.116,2026-04-09 01:00:00,2026-04-08 21:00:00
2026-04-08 01:00:00,2026-04-07 21:00:00,RFC,WEST,AEP,AEPKPT,596.762,True,21,1,4,0,-0.7071067811865477,0.7071067811865474,0.7818314824680298,0.6234898018587336,598.294,555.914,554.927,565.6090416666667,47.65665248372654,560.608,2026-04-09 01:00:00,2026-04-08 21:00:00
2026-04-08 01:00:00,2026-04-07 21:00:00,RFC,WEST,AEP,AEPOPT,8391.831,True,21,1,4,0,-0.7071067811865477,0.7071067811865474,0.7818314824680298,0.6234898018587336,8370.662,8037.497,7659.0,8012.651041666667,422.9992332651638,7925.338,2026-04-09 01:00:00,2026-04-08 21:00:00
2026-04-08 02:00:00,2026-04-07 22:00:00,RFC,WEST,AEP,AEPAPT,3961.532,True,22,1,4,0,-0.5000000000000004,0.8660254037844384,0.7818314824680298,0.6234898018587336,4084.46,3749.651,3428.225,3821.7148333333334,285.20947346035985,3877.371,2026-04-09 02:00:00,2026-04-08 22:00:00
2026-04-08 02:00:00,2026-04-07 22:00:00,RFC,WEST,AEP,AEPIMP,3518.462,True,22,1,4,0,-0.5000000000000004,0.8660254037844384,0.7818314824680298,0.6234898018587336,3593.606,3468.16,3166.879,3541.403958333334,181.80001425657957,3390.689,2026-04-09 02:00:00,2026-04-08 22:00:00
2026-04-08 02:00:00,2026-04-07 22:00:00,RFC,WEST,AEP,AEPKPT,592.016,True,22,1,4,0,-0.5000000000000004,0.8660254037844384,0.7818314824680298,0.6234898018587336,596.762,532.983,533.008,568.06875,47.42236905149816,540.621,2026-04-09 02:00:00,2026-04-08 22:00:00
2026-04-08 02:00:00,2026-04-07 22:00:00,RFC,WEST,AEP,AEPOPT,8131.932,True,22,1,4,0,-0.5000000000000004,0.8660254037844384,0.7818314824680298,0.6234898018587336,8391.831,7839.372,7502.081,8024.841041666667,422.0028897092018,7700.491,2026-04-09 02:00:00,2026-04-08 22:00:00
2026-04-08 03:00:00,2026-04-07 23:00:00,RFC,WEST,AEP,AEPAPT,3850.923,True,23,1,4,0,-0.25881904510252157,0.9659258262890681,0.7818314824680298,0.6234898018587336,3961.532,3583.62,3297.174,3832.8524583333333,280.69084440466946,3745.035,2026-04-09 03:00:00,2026-04-08 23:00:00
2026-04-08 03:00:00,2026-04-07 23:00:00,RFC,WEST,AEP,AEPIMP,3453.72,True,23,1,4,0,-0.25881904510252157,0.9659258262890681,0.7818314824680298,0.6234898018587336,3518.462,3372.532,3123.908,3544.786791666667,179.2587069002845,3240.959,2026-04-09 03:00:00,2026-04-08 23:00:00
2026-04-08 03:00:00,2026-04-07 23:00:00,RFC,WEST,AEP,AEPKPT,571.743,True,23,1,4,0,-0.25881904510252157,0.9659258262890681,0.7818314824680298,0.6234898018587336,592.016,513.495,513.706,570.49575,45.9764131477734,510.823,2026-04-09 03:00:00,2026-04-08 23:00:00
2026-04-08 03:00:00,2026-04-07 23:00:00,RFC,WEST,AEP,AEPOPT,7931.135,True,23,1,4,0,-0.25881904510252157,0.9659258262890681,0.7818314824680298,0.6234898018587336,8131.932,7686.781,7291.781,8035.022458333334,416.4026299781252,7419.827,2026-04-09 03:00:00,2026-04-08 23:00:00
2026-04-08 04:00:00,2026-04-08 00:00:00,RFC,WEST,AEP,AEPAPT,3763.332,True,0,2,4,0,0.0,1.0,0.9749279121818236,-0.22252093395631434,3850.923,3450.528,3232.915,3845.8859583333337,269.1930957835275,3656.634,2026-04-09 04:00:00,2026-04-09 00:00:00
2026-04-08 04:00:00,2026-04-08 00:00:00,RFC,WEST,AEP,AEPIMP,3382.276,True,0,2,4,0,0.0,1.0,0.9749279121818236,-0.22252093395631434,3453.72,3338.326,3103.031,3546.6180416666666,177.27134046610317,3219.174,2026-04-09 04:00:00,2026-04-09 00:00:00
2026-04-08 04:00:00,2026-04-08 00:00:00,RFC,WEST,AEP,AEPKPT,565.874,True,0,2,4,0,0.0,1.0,0.9749279121818236,-0.22252093395631434,571.743,504.31,495.619,573.0609166666667,43.78851753690319,495.981,2026-04-09 04:00:00,2026-04-09 00:00:00
2026-04-08 04:00:00,2026-04-08 00:00:00,RFC,WEST,AEP,AEPOPT,7757.317,True,0,2,4,0,0.0,1.0,0.9749279121818236,-0.22252093395631434,7931.135,7444.723,7207.168,8048.047208333333,401.76739258854167,7216.14,2026-04-09 04:00:00,2026-04-09 00:00:00
2026-04-08 05:00:00,2026-04-08 01:00:00,RFC,WEST,AEP,AEPAPT,3770.066,True,1,2,4,0,0.25881904510252074,0.9659258262890683,0.9749279121818236,-0.22252093395631434,3763.332,3407.043,3187.489,3861.0119166666664,253.18558909070958,3645.11,2026-04-09 05:00:00,2026-04-09 01:00:00
2026-04-08 05:00:00,2026-04-08 01:00:00,RFC,WEST,AEP,AEPIMP,3391.875,True,1,2,4,0,0.25881904510252074,0.9659258262890683,0.9749279121818236,-0.22252093395631434,3382.276,3306.302,3114.304,3550.1835833333334,173.03762375876065,3175.444,2026-04-09 05:00:00,2026-04-09 01:00:00
2026-04-08 05:00:00,2026-04-08 01:00:00,RFC,WEST,AEP,AEPKPT,570.53,True,1,2,4,0,0.25881904510252074,0.9659258262890683,0.9749279121818236,-0.22252093395631434,565.874,502.353,492.054,575.9016250000001,41.13293045175461,486.543,2026-04-09 05:00:00,2026-04-09 01:00:00
2026-04-08 05:00:00,2026-04-08 01:00:00,RFC,WEST,AEP,AEPOPT,7716.934,True,1,2,4,0,0.25881904510252074,0.9659258262890683,0.9749279121818236,-0.22252093395631434,7757.317,7322.377,7110.431,8064.487083333333,378.1616922348323,7126.006,2026-04-09 05:00:00,2026-04-09 01:00:00
2026-04-08 06:00:00,2026-04-08 02:00:00,RFC,WEST,AEP,AEPAPT,3812.771,True,2,2,4,0,0.49999999999999994,0.8660254037844387,0.9749279121818236,-0.22252093395631434,3770.066,3413.375,3187.897,3877.6534166666665,234.95323367944317,3664.038,2026-04-09 06:00:00,2026-04-09 02:00:00
2026-04-08 06:00:00,2026-04-08 02:00:00,RFC,WEST,AEP,AEPIMP,3375.787,True,2,2,4,0,0.49999999999999994,0.8660254037844387,0.9749279121818236,-0.22252093395631434,3391.875,3271.181,3108.804,3554.5421666666666,166.91344219102507,3113.034,2026-04-09 06:00:00,2026-04-09 02:00:00
2026-04-08 06:00:00,2026-04-08 02:00:00,RFC,WEST,AEP,AEPKPT,573.033,True,2,2,4,0,0.49999999999999994,0.8660254037844387,0.9749279121818236,-0.22252093395631434,570.53,504.509,502.845,578.7567916666667,38.23826214781621,485.755,2026-04-09 06:00:00,2026-04-09 02:00:00
2026-04-08 06:00:00,2026-04-08 02:00:00,RFC,WEST,AEP,AEPOPT,7659.026,True,2,2,4,0,0.49999999999999994,0.8660254037844387,0.9749279121818236,-0.22252093395631434,7716.934,7250.428,7150.345,8081.512,347.90642532153174,7077.029,2026-04-09 06:00:00,2026-04-09 02:00:00
2026-04-08 07:00:00,2026-04-08 03:00:00,RFC,WEST,AEP,AEPAPT,3870.242,True,3,2,4,0,0.7071067811865475,0.7071067811865476,0.9749279121818236,-0.22252093395631434,3812.771,3467.154,3251.998,3894.44875,218.13883364066152,3695.437,2026-04-09 07:00:00,2026-04-09 03:00:00
2026-04-08 07:00:00,2026-04-08 03:00:00,RFC,WEST,AEP,AEPIMP,3376.352,True,3,2,4,0,0.7071067811865475,0.7071067811865476,0.9749279121818236,-0.22252093395631434,3375.787,3283.588,3152.045,3558.407333333333,161.34748647013555,3148.471,2026-04-09 07:00:00,2026-04-09 03:00:00
2026-04-08 07:00:00,2026-04-08 03:00:00,RFC,WEST,AEP,AEPKPT,581.509,True,3,2,4,0,0.7071067811865475,0.7071067811865476,0.9749279121818236,-0.22252093395631434,573.033,517.92,510.691,581.4063333333334,35.97569568673963,495.375,2026-04-09 07:00:00,2026-04-09 03:00:00
2026-04-08 07:00:00,2026-04-08 03:00:00,RFC,WEST,AEP,AEPOPT,7766.373,True,3,2,4,0,0.7071067811865475,0.7071067811865476,0.9749279121818236,-0.22252093395631434,7659.026,7348.647,7186.392,8098.9172499999995,318.88699876524737,7072.681,2026-04-09 07:00:00,2026-04-09 03:00:00
2026-04-08 08:00:00,2026-04-08 04:00:00,RFC,WEST,AEP,AEPAPT,4023.508,True,4,2,4,0,0.8660254037844386,0.5000000000000001,0.9749279121818236,-0.22252093395631434,3870.242,3588.092,3374.944,3912.5910833333332,209.48664340506937,3825.236,2026-04-09 08:00:00,2026-04-09 04:00:00
2026-04-08 08:00:00,2026-04-08 04:00:00,RFC,WEST,AEP,AEPIMP,3482.653,True,4,2,4,0,0.8660254037844386,0.5000000000000001,0.9749279121818236,-0.22252093395631434,3376.352,3417.275,3114.438,3561.131416666667,159.401264296143,3227.845,2026-04-09 08:00:00,2026-04-09 04:00:00
2026-04-08 08:00:00,2026-04-08 04:00:00,RFC,WEST,AEP,AEPKPT,601.604,True,4,2,4,0,0.8660254037844386,0.5000000000000001,0.9749279121818236,-0.22252093395631434,581.509,530.19,529.718,584.3819166666666,34.47752908643202,508.427,2026-04-09 08:00:00,2026-04-09 04:00:00
2026-04-08 08:00:00,2026-04-08 04:00:00,RFC,WEST,AEP,AEPOPT,7890.124,True,4,2,4,0,0.8660254037844386,0.5000000000000001,0.9749279121818236,-0.22252093395631434,7766.373,7482.629,7371.463,8115.8962083333345,294.56745644405197,7094.981,2026-04-09 08:00:00,2026-04-09 04:00:00
2026-04-08 09:00:00,2026-04-08 05:00:00,RFC,WEST,AEP,AEPAPT,4261.103,True,5,2,4,0,0.9659258262890683,0.25881904510252074,0.9749279121818236,-0.22252093395631434,4023.508,3826.044,3615.213,3930.7185416666666,220.2203127234127,4061.445,2026-04-09 09:00:00,2026-04-09 05:00:00
2026-04-08 09:00:00,2026-04-08 05:00:00,RFC,WEST,AEP,AEPIMP,3558.428,True,5,2,4,0,0.9659258262890683,0.25881904510252074,0.9749279121818236,-0.22252093395631434,3482.653,3473.345,3279.203,3564.676541666667,158.30635873986597,3306.506,2026-04-09 09:00:00,2026-04-09 05:00:00
2026-04-08 09:00:00,2026-04-08 05:00:00,RFC,WEST,AEP,AEPKPT,631.19,True,5,2,4,0,0.9659258262890683,0.25881904510252074,0.9749279121818236,-0.22252093395631434,601.604,568.241,565.065,587.0047916666666,35.57323150296265,539.913,2026-04-09 09:00:00,2026-04-09 05:00:00
2026-04-08 09:00:00,2026-04-08 05:00:00,RFC,WEST,AEP,AEPOPT,8186.789,True,5,2,4,0,0.9659258262890683,0.25881904510252074,0.9749279121818236,-0.22252093395631434,7890.124,7771.734,7706.497,8133.190166666667,285.5284882988727,7412.517,2026-04-09 09:00:00,2026-04-09 05:00:00
2026-04-08 10:00:00,2026-04-08 06:00:00,RFC,WEST,AEP,AEPAPT,4617.164,True,6,2,4,0,1.0,6.123233995736766e-17,0.9749279121818236,-0.22252093395631434,4261.103,4170.847,3990.92,3949.3150833333334,257.13102895688615,4442.036,2026-04-09 10:00:00,2026-04-09 06:00:00
2026-04-08 10:00:00,2026-04-08 06:00:00,RFC,WEST,AEP,AEPIMP,3680.915,True,6,2,4,0,1.0,6.123233995736766e-17,0.9749279121818236,-0.22252093395631434,3558.428,3763.739,3503.181,3561.2255416666667,154.63849361261734,3525.463,2026-04-09 10:00:00,2026-04-09 06:00:00
2026-04-08 10:00:00,2026-04-08 06:00:00,RFC,WEST,AEP,AEPKPT,692.128,True,6,2,4,0,1.0,6.123233995736766e-17,0.9749279121818236,-0.22252093395631434,631.19,627.487,630.397,589.6981666666667,40.83020923145051,591.184,2026-04-09 10:00:00,2026-04-09 06:00:00
2026-04-08 10:00:00,2026-04-08 06:00:00,RFC,WEST,AEP,AEPOPT,8735.122,True,6,2,4,0,1.0,6.123233995736766e-17,0.9749279121818236,-0.22252093395631434,8186.789,8294.234,8072.668,8151.5605000000005,309.51557253077175,7713.775,2026-04-09 10:00:00,2026-04-09 06:00:00
2026-04-08 11:00:00,2026-04-08 07:00:00,RFC,WEST,AEP,AEPAPT,4790.153,True,7,2,4,0,0.9659258262890683,-0.25881904510252063,0.9749279121818236,-0.22252093395631434,4617.164,4396.551,4242.248,3965.715166666667,296.4433922465909,4627.008,2026-04-09 11:00:00,2026-04-09 07:00:00
2026-04-08 11:00:00,2026-04-08 07:00:00,RFC,WEST,AEP,AEPIMP,3746.777,True,7,2,4,0,0.9659258262890683,-0.25881904510252063,0.9749279121818236,-0.22252093395631434,3680.915,3872.046,3629.352,3556.006,145.53747535644948,3601.131,2026-04-09 11:00:00,2026-04-09 07:00:00
2026-04-08 11:00:00,2026-04-08 07:00:00,RFC,WEST,AEP,AEPKPT,708.276,True,7,2,4,0,0.9659258262890683,-0.25881904510252063,0.9749279121818236,-0.22252093395631434,692.128,662.157,658.213,591.6197916666666,45.236208218617925,612.05,2026-04-09 11:00:00,2026-04-09 07:00:00
2026-04-08 11:00:00,2026-04-08 07:00:00,RFC,WEST,AEP,AEPOPT,8874.4,True,7,2,4,0,0.9659258262890683,-0.25881904510252063,0.9749279121818236,-0.22252093395631434,8735.122,8553.252,8261.078,8164.941666666667,333.63876640915504,7913.286,2026-04-09 11:00:00,2026-04-09 07:00:00
2026-04-08 12:00:00,2026-04-08 08:00:00,RFC,WEST,AEP,AEPAPT,4658.827,True,8,2,4,0,0.8660254037844387,-0.4999999999999998,0.9749279121818236,-0.22252093395631434,4790.153,4343.269,4223.882,3978.8634166666666,319.98083037159677,4477.424,2026-04-09 12:00:00,2026-04-09 08:00:00
2026-04-08 12:00:00,2026-04-08 08:00:00,RFC,WEST,AEP,AEPIMP,3713.839,True,8,2,4,0,0.8660254037844387,-0.4999999999999998,0.9749279121818236,-0.22252093395631434,3746.777,3821.686,3573.504,3551.512375,138.47105715095893,3549.765,2026-04-09 12:00:00,2026-04-09 08:00:00
2026-04-08 12:00:00,2026-04-08 08:00:00,RFC,WEST,AEP,AEPKPT,686.264,True,8,2,4,0,0.8660254037844387,-0.4999999999999998,0.9749279121818236,-0.22252093395631434,708.276,660.963,666.573,592.674,47.1757156513535,616.294,2026-04-09 12:00:00,2026-04-09 08:00:00
2026-04-08 12:00:00,2026-04-08 08:00:00,RFC,WEST,AEP,AEPOPT,8830.497,True,8,2,4,0,0.8660254037844387,-0.4999999999999998,0.9749279121818236,-0.22252093395631434,8874.4,8681.699,8431.045,8171.141583333334,344.8531025226239,7953.306,2026-04-09 12:00:00,2026-04-09 08:00:00
2026-04-08 13:00:00,2026-04-08 09:00:00,RFC,WEST,AEP,AEPAPT,4361.488,True,9,2,4,0,0.7071067811865476,-0.7071067811865475,0.9749279121818236,-0.22252093395631434,4658.827,4132.753,4050.596,3988.394041666667,328.06795504463946,4196.031,2026-04-09 13:00:00,2026-04-09 09:00:00
2026-04-08 13:00:00,2026-04-08 09:00:00,RFC,WEST,AEP,AEPIMP,3710.781,True,9,2,4,0,0.7071067811865476,-0.7071067811865475,0.9749279121818236,-0.22252093395631434,3713.839,3793.428,3743.917,3548.06875,133.11748560387812,3574.039,2026-04-09 13:00:00,2026-04-09 09:00:00
2026-04-08 13:00:00,2026-04-08 09:00:00,RFC,WEST,AEP,AEPKPT,656.914,True,9,2,4,0,0.7071067811865476,-0.7071067811865475,0.9749279121818236,-0.22252093395631434,686.264,632.412,635.482,593.6949166666667,48.32420486393803,600.272,2026-04-09 13:00:00,2026-04-09 09:00:00
2026-04-08 13:00:00,2026-04-08 09:00:00,RFC,WEST,AEP,AEPOPT,8665.275,True,9,2,4,0,0.7071067811865476,-0.7071067811865475,0.9749279121818236,-0.22252093395631434,8830.497,8542.775,8507.901,8176.245749999999,351.436518481472,7987.159,2026-04-09 13:00:00,2026-04-09 09:00:00
2026-04-08 14:00:00,2026-04-08 10:00:00,RFC,WEST,AEP,AEPAPT,4135.62,True,10,2,4,0,0.49999999999999994,-0.8660254037844387,0.9749279121818236,-0.22252093395631434,4361.488,3977.516,3911.399,3994.9817083333332,329.4245989132742,3984.244,2026-04-09 14:00:00,2026-04-09 10:00:00
2026-04-08 14:00:00,2026-04-08 10:00:00,RFC,WEST,AEP,AEPIMP,3675.528,True,10,2,4,0,0.49999999999999994,-0.8660254037844387,0.9749279121818236,-0.22252093395631434,3710.781,3793.614,3672.923,3543.1485,125.61820561111043,3604.965,2026-04-09 14:00:00,2026-04-09 10:00:00
2026-04-08 14:00:00,2026-04-08 10:00:00,RFC,WEST,AEP,AEPKPT,612.087,True,10,2,4,0,0.49999999999999994,-0.8660254037844387,0.9749279121818236,-0.22252093395631434,656.914,610.803,598.359,593.7484166666667,48.344675243789816,579.131,2026-04-09 14:00:00,2026-04-09 10:00:00
2026-04-08 14:00:00,2026-04-08 10:00:00,RFC,WEST,AEP,AEPOPT,8469.184,True,10,2,4,0,0.49999999999999994,-0.8660254037844387,0.9749279121818236,-0.22252093395631434,8665.275,8435.333,8432.918,8177.656208333334,352.58759502397305,7962.754,2026-04-09 14:00:00,2026-04-09 10:00:00
2026-04-08 15:00:00,2026-04-08 11:00:00,RFC,WEST,AEP,AEPAPT,3954.046,True,11,2,4,0,0.258819045102521,-0.9659258262890682,0.9749279121818236,-0.22252093395631434,4135.62,3873.281,3814.111,3998.346916666667,328.5386553424925,3830.498,2026-04-09 15:00:00,2026-04-09 11:00:00
2026-04-08 15:00:00,2026-04-08 11:00:00,RFC,WEST,AEP,AEPIMP,3536.494,True,11,2,4,0,0.258819045102521,-0.9659258262890682,0.9749279121818236,-0.22252093395631434,3675.528,3665.715,3685.04,3537.7642916666664,122.87576883300152,3527.639,2026-04-09 15:00:00,2026-04-09 11:00:00
2026-04-08 15:00:00,2026-04-08 11:00:00,RFC,WEST,AEP,AEPKPT,578.951,True,11,2,4,0,0.258819045102521,-0.9659258262890682,0.9749279121818236,-0.22252093395631434,612.087,588.338,570.82,593.3572916666667,48.42825029066761,562.324,2026-04-09 15:00:00,2026-04-09 11:00:00
2026-04-08 15:00:00,2026-04-08 11:00:00,RFC,WEST,AEP,AEPOPT,8300.619,True,11,2,4,0,0.258819045102521,-0.9659258262890682,0.9749279121818236,-0.22252093395631434,8469.184,8366.147,8310.418,8174.925875000001,351.3159383319173,7919.998,2026-04-09 15:00:00,2026-04-09 11:00:00
2026-04-08 16:00:00,2026-04-08 12:00:00,RFC,WEST,AEP,AEPAPT,3811.919,True,12,2,4,0,1.2246467991473532e-16,-1.0,0.9749279121818236,-0.22252093395631434,3954.046,3783.825,3712.997,3999.5175,327.7902785426117,3719.627,2026-04-09 16:00:00,2026-04-09 12:00:00
2026-04-08 16:00:00,2026-04-08 12:00:00,RFC,WEST,AEP,AEPIMP,3445.936,True,12,2,4,0,1.2246467991473532e-16,-1.0,0.9749279121818236,-0.22252093395631434,3536.494,3687.108,3691.092,3527.7154583333327,119.95829886363734,3541.239,2026-04-09 16:00:00,2026-04-09 12:00:00
2026-04-08 16:00:00,2026-04-08 12:00:00,RFC,WEST,AEP,AEPKPT,559.621,True,12,2,4,0,1.2246467991473532e-16,-1.0,0.9749279121818236,-0.22252093395631434,578.951,569.437,549.963,592.9482916666667,48.67984900523079,560.148,2026-04-09 16:00:00,2026-04-09 12:00:00
2026-04-08 16:00:00,2026-04-08 12:00:00,RFC,WEST,AEP,AEPOPT,8094.22,True,12,2,4,0,1.2246467991473532e-16,-1.0,0.9749279121818236,-0.22252093395631434,8300.619,8305.201,8203.676,8166.134999999999,350.55319999197957,7924.625,2026-04-09 16:00:00,2026-04-09 12:00:00
2026-04-08 17:00:00,2026-04-08 13:00:00,RFC,WEST,AEP,AEPAPT,3730.654,True,13,2,4,0,-0.2588190451025208,-0.9659258262890683,0.9749279121818236,-0.22252093395631434,3811.919,3740.478,3682.854,3999.1081666666664,328.13377653973896,3673.045,2026-04-09 17:00:00,2026-04-09 13:00:00
2026-04-08 17:00:00,2026-04-08 13:00:00,RFC,WEST,AEP,AEPIMP,3443.021,True,13,2,4,0,-0.2588190451025208,-0.9659258262890683,0.9749279121818236,-0.22252093395631434,3445.936,3636.208,3638.114,3519.6659999999997,118.83809202878571,3540.564,2026-04-09 17:00:00,2026-04-09 13:00:00
2026-04-08 17:00:00,2026-04-08 13:00:00,RFC,WEST,AEP,AEPKPT,545.917,True,13,2,4,0,-0.2588190451025208,-0.9659258262890683,0.9749279121818236,-0.22252093395631434,559.621,558.078,546.879,592.4415833333334,49.119897746243495,555.945,2026-04-09 17:00:00,2026-04-09 13:00:00
2026-04-08 17:00:00,2026-04-08 13:00:00,RFC,WEST,AEP,AEPOPT,8007.59,True,13,2,4,0,-0.2588190451025208,-0.9659258262890683,0.9749279121818236,-0.22252093395631434,8094.22,8167.604,8119.134,8159.467750000001,352.04255327573577,7978.336,2026-04-09 17:00:00,2026-04-09 13:00:00
2026-04-08 18:00:00,2026-04-08 14:00:00,RFC,WEST,AEP,AEPAPT,3656.276,True,14,2,4,0,-0.4999999999999997,-0.8660254037844388,0.9749279121818236,-0.22252093395631434,3730.654,3680.549,3655.19,3998.096791666667,329.19402464147163,3674.19,2026-04-09 18:00:00,2026-04-09 14:00:00
2026-04-08 18:00:00,2026-04-08 14:00:00,RFC,WEST,AEP,AEPIMP,3368.696,True,14,2,4,0,-0.4999999999999997,-0.8660254037844388,0.9749279121818236,-0.22252093395631434,3443.021,3547.42,3571.981,3512.2191666666663,122.56463197117893,3484.764,2026-04-09 18:00:00,2026-04-09 14:00:00
2026-04-08 18:00:00,2026-04-08 14:00:00,RFC,WEST,AEP,AEPKPT,540.706,True,14,2,4,0,-0.4999999999999997,-0.8660254037844388,0.9749279121818236,-0.22252093395631434,545.917,542.998,533.243,592.3460833333332,49.22232787802556,567.607,2026-04-09 18:00:00,2026-04-09 14:00:00
2026-04-08 18:00:00,2026-04-08 14:00:00,RFC,WEST,AEP,AEPOPT,7955.84,True,14,2,4,0,-0.4999999999999997,-0.8660254037844388,0.9749279121818236,-0.22252093395631434,8007.59,8040.705,8040.911,8155.9317083333335,353.70957430067193,7926.359,2026-04-09 18:00:00,2026-04-09 14:00:00
2026-04-08 19:00:00,2026-04-08 15:00:00,RFC,WEST,AEP,AEPAPT,3635.568,True,15,2,4,0,-0.7071067811865471,-0.7071067811865479,0.9749279121818236,-0.22252093395631434,3656.276,3612.091,3568.91,3999.0750000000003,328.0299511087886,3678.394,2026-04-09 19:00:00,2026-04-09 15:00:00
2026-04-08 19:00:00,2026-04-08 15:00:00,RFC,WEST,AEP,AEPIMP,3314.591,True,15,2,4,0,-0.7071067811865471,-0.7071067811865479,0.9749279121818236,-0.22252093395631434,3368.696,3378.827,3530.358,3509.5426666666667,126.25019013559552,3451.957,2026-04-09 19:00:00,2026-04-09 15:00:00
2026-04-08 19:00:00,2026-04-08 15:00:00,RFC,WEST,AEP,AEPKPT,544.008,True,15,2,4,0,-0.7071067811865471,-0.7071067811865479,0.9749279121818236,-0.22252093395631434,540.706,545.145,528.201,592.2987083333334,49.27025652149386,576.687,2026-04-09 19:00:00,2026-04-09 15:00:00
2026-04-08 19:00:00,2026-04-08 15:00:00,RFC,WEST,AEP,AEPOPT,7830.147,True,15,2,4,0,-0.7071067811865471,-0.7071067811865479,0.9749279121818236,-0.22252093395631434,7955.84,7979.776,7971.913,8149.697166666668,358.23920975075896,7990.962,2026-04-09 19:00:00,2026-04-09 15:00:00
2026-04-08 20:00:00,2026-04-08 16:00:00,RFC,WEST,AEP,AEPAPT,3671.675,True,16,2,4,0,-0.8660254037844384,-0.5000000000000004,0.9749279121818236,-0.22252093395631434,3635.568,3646.839,3626.463,4000.1098333333334,326.9076975263361,3742.71,2026-04-09 20:00:00,2026-04-09 16:00:00
2026-04-08 20:00:00,2026-04-08 16:00:00,RFC,WEST,AEP,AEPIMP,3329.92,True,16,2,4,0,-0.8660254037844384,-0.5000000000000004,0.9749279121818236,-0.22252093395631434,3314.591,3430.249,3475.691,3505.3622916666664,130.5768049308657,3407.69,2026-04-09 20:00:00,2026-04-09 16:00:00
2026-04-08 20:00:00,2026-04-08 16:00:00,RFC,WEST,AEP,AEPKPT,544.706,True,16,2,4,0,-0.8660254037844384,-0.5000000000000004,0.9749279121818236,-0.22252093395631434,544.008,542.789,522.691,592.3785833333333,49.18798882805886,589.236,2026-04-09 20:00:00,2026-04-09 16:00:00
2026-04-08 20:00:00,2026-04-08 16:00:00,RFC,WEST,AEP,AEPOPT,7860.697,True,16,2,4,0,-0.8660254037844384,-0.5000000000000004,0.9749279121818236,-0.22252093395631434,7830.147,7915.698,7906.065,8147.405458333334,359.97294960860444,8027.115,2026-04-09 20:00:00,2026-04-09 16:00:00
2026-04-08 21:00:00,2026-04-08 17:00:00,RFC,WEST,AEP,AEPAPT,3737.936,True,17,2,4,0,-0.9659258262890683,-0.25881904510252063,0.9749279121818236,-0.22252093395631434,3671.675,3711.083,3725.222,4001.2287083333335,325.91992518121396,3797.567,2026-04-09 21:00:00,2026-04-09 17:00:00
2026-04-08 21:00:00,2026-04-08 17:00:00,RFC,WEST,AEP,AEPIMP,3331.725,True,17,2,4,0,-0.9659258262890683,-0.25881904510252063,0.9749279121818236,-0.22252093395631434,3329.92,3427.919,3477.859,3501.3542083333336,134.47544429825925,3405.972,2026-04-09 21:00:00,2026-04-09 17:00:00
2026-04-08 21:00:00,2026-04-08 17:00:00,RFC,WEST,AEP,AEPKPT,555.104,True,17,2,4,0,-0.9659258262890683,-0.25881904510252063,0.9749279121818236,-0.22252093395631434,544.706,546.329,530.09,592.7442083333334,48.86234511446531,595.672,2026-04-09 21:00:00,2026-04-09 17:00:00
2026-04-08 21:00:00,2026-04-08 17:00:00,RFC,WEST,AEP,AEPOPT,7846.892,True,17,2,4,0,-0.9659258262890683,-0.25881904510252063,0.9749279121818236,-0.22252093395631434,7860.697,7948.397,7925.571,8143.176083333335,362.9963906749539,8037.669,2026-04-09 21:00:00,2026-04-09 17:00:00
2026-04-08 22:00:00,2026-04-08 18:00:00,RFC,WEST,AEP,AEPAPT,3820.993,True,18,2,4,0,-1.0,-1.8369701987210297e-16,0.9749279121818236,-0.22252093395631434,3737.936,3803.752,3794.514,4001.947083333333,325.484442973842,3869.077,2026-04-09 22:00:00,2026-04-09 18:00:00
2026-04-08 22:00:00,2026-04-08 18:00:00,RFC,WEST,AEP,AEPIMP,3384.851,True,18,2,4,0,-1.0,-1.8369701987210297e-16,0.9749279121818236,-0.22252093395631434,3331.725,3461.025,3472.227,3498.180291666666,136.35449647740086,3420.588,2026-04-09 22:00:00,2026-04-09 18:00:00
2026-04-08 22:00:00,2026-04-08 18:00:00,RFC,WEST,AEP,AEPKPT,548.433,True,18,2,4,0,-1.0,-1.8369701987210297e-16,0.9749279121818236,-0.22252093395631434,555.104,550.595,529.705,592.654125,48.94535301148052,590.7,2026-04-09 22:00:00,2026-04-09 18:00:00
2026-04-08 22:00:00,2026-04-08 18:00:00,RFC,WEST,AEP,AEPOPT,7779.762,True,18,2,4,0,-1.0,-1.8369701987210297e-16,0.9749279121818236,-0.22252093395631434,7846.892,8014.94,7934.279,8133.377,369.72066458377486,8011.85,2026-04-09 22:00:00,2026-04-09 18:00:00
2026-04-08 23:00:00,2026-04-08 19:00:00,RFC,WEST,AEP,AEPAPT,3915.773,True,19,2,4,0,-0.9659258262890684,0.2588190451025203,0.9749279121818236,-0.22252093395631434,3820.993,3942.945,3859.736,4000.8149166666667,325.74575200151986,3939.214,2026-04-09 23:00:00,2026-04-09 19:00:00
2026-04-08 23:00:00,2026-04-08 19:00:00,RFC,WEST,AEP,AEPIMP,3370.343,True,19,2,4,0,-0.9659258262890684,0.2588190451025203,0.9749279121818236,-0.22252093395631434,3384.851,3535.038,3518.517,3491.3180000000007,138.54560035252692,3470.875,2026-04-09 23:00:00,2026-04-09 19:00:00
2026-04-08 23:00:00,2026-04-08 19:00:00,RFC,WEST,AEP,AEPKPT,557.978,True,19,2,4,0,-0.9659258262890684,0.2588190451025203,0.9749279121818236,-0.22252093395631434,548.433,568.029,534.218,592.2353333333334,49.20751178133388,578.22,2026-04-09 23:00:00,2026-04-09 19:00:00
2026-04-08 23:00:00,2026-04-08 19:00:00,RFC,WEST,AEP,AEPOPT,7868.103,True,19,2,4,0,-0.9659258262890684,0.2588190451025203,0.9749279121818236,-0.22252093395631434,7779.762,8148.68,7883.701,8121.686291666666,373.63103604801023,7927.872,2026-04-09 23:00:00,2026-04-09 19:00:00
2026-04-09 00:00:00,2026-04-08 20:00:00,RFC,WEST,AEP,AEPAPT,4070.119,True,20,2,4,0,-0.8660254037844386,0.5000000000000001,0.9749279121818236,-0.22252093395631434,3915.773,4123.529,3994.071,3998.5895,325.05265352715236,4032.651,2026-04-10 00:00:00,2026-04-09 20:00:00
2026-04-09 00:00:00,2026-04-08 20:00:00,RFC,WEST,AEP,AEPIMP,3474.397,True,20,2,4,0,-0.8660254037844386,0.5000000000000001,0.9749279121818236,-0.22252093395631434,3370.343,3605.056,3550.795,3485.8738749999998,136.43297149318627,3499.376,2026-04-10 00:00:00,2026-04-09 20:00:00
2026-04-09 00:00:00,2026-04-08 20:00:00,RFC,WEST,AEP,AEPKPT,571.502,True,20,2,4,0,-0.8660254037844386,0.5000000000000001,0.9749279121818236,-0.22252093395631434,557.978,598.294,558.112,591.119,49.36773142008031,586.205,2026-04-10 00:00:00,2026-04-09 20:00:00
2026-04-09 00:00:00,2026-04-08 20:00:00,RFC,WEST,AEP,AEPOPT,7990.287,True,20,2,4,0,-0.8660254037844386,0.5000000000000001,0.9749279121818236,-0.22252093395631434,7868.103,8370.662,8125.233,8105.837333333334,370.6663681067596,8153.745,2026-04-10 00:00:00,2026-04-09 20:00:00
2026-04-09 01:00:00,2026-04-08 21:00:00,RFC,WEST,AEP,AEPAPT,4014.575,True,21,2,4,0,-0.7071067811865477,0.7071067811865474,0.9749279121818236,-0.22252093395631434,4070.119,4084.46,3900.124,3995.6776250000003,324.56261746297577,3905.985,2026-04-10 01:00:00,2026-04-09 21:00:00
2026-04-09 01:00:00,2026-04-08 21:00:00,RFC,WEST,AEP,AEPIMP,3476.116,True,21,2,4,0,-0.7071067811865477,0.7071067811865474,0.9749279121818236,-0.22252093395631434,3474.397,3593.606,3491.031,3480.978458333333,134.49338503272946,3470.592,2026-04-10 01:00:00,2026-04-09 21:00:00
2026-04-09 01:00:00,2026-04-08 21:00:00,RFC,WEST,AEP,AEPKPT,560.608,True,21,2,4,0,-0.7071067811865477,0.7071067811865474,0.9749279121818236,-0.22252093395631434,571.502,596.762,555.914,589.6125833333333,49.7382677937537,574.692,2026-04-10 01:00:00,2026-04-09 21:00:00
2026-04-09 01:00:00,2026-04-08 21:00:00,RFC,WEST,AEP,AEPOPT,7925.338,True,21,2,4,0,-0.7071067811865477,0.7071067811865474,0.9749279121818236,-0.22252093395631434,7990.287,8391.831,8037.497,8086.400125,367.23242898024256,7995.465,2026-04-10 01:00:00,2026-04-09 21:00:00
2026-04-09 02:00:00,2026-04-08 22:00:00,RFC,WEST,AEP,AEPAPT,3877.371,True,22,2,4,0,-0.5000000000000004,0.8660254037844384,0.9749279121818236,-0.22252093395631434,4014.575,3961.532,3749.651,3992.1709166666665,325.4011528789484,3702.574,2026-04-10 02:00:00,2026-04-09 22:00:00
2026-04-09 02:00:00,2026-04-08 22:00:00,RFC,WEST,AEP,AEPIMP,3390.689,True,22,2,4,0,-0.5000000000000004,0.8660254037844384,0.9749279121818236,-0.22252093395631434,3476.116,3518.462,3468.16,3475.654583333333,135.47047602526942,3328.403,2026-04-10 02:00:00,2026-04-09 22:00:00
2026-04-09 02:00:00,2026-04-08 22:00:00,RFC,WEST,AEP,AEPKPT,540.621,True,22,2,4,0,-0.5000000000000004,0.8660254037844384,0.9749279121818236,-0.22252093395631434,560.608,592.016,532.983,587.471125,50.72686025758306,538.258,2026-04-10 02:00:00,2026-04-09 22:00:00
2026-04-09 02:00:00,2026-04-08 22:00:00,RFC,WEST,AEP,AEPOPT,7700.491,True,22,2,4,0,-0.5000000000000004,0.8660254037844384,0.9749279121818236,-0.22252093395631434,7925.338,8131.932,7839.372,8068.423416666667,375.37627039707206,7586.519,2026-04-10 02:00:00,2026-04-09 22:00:00
2026-04-09 03:00:00,2026-04-08 23:00:00,RFC,WEST,AEP,AEPAPT,3745.035,True,23,2,4,0,-0.25881904510252157,0.9659258262890681,0.9749279121818236,-0.22252093395631434,3877.371,3850.923,3583.62,3987.758916666667,328.10615635477683,3506.703,2026-04-10 03:00:00,2026-04-09 23:00:00
2026-04-09 03:00:00,2026-04-08 23:00:00,RFC,WEST,AEP,AEPIMP,3240.959,True,23,2,4,0,-0.25881904510252157,0.9659258262890681,0.9749279121818236,-0.22252093395631434,3390.689,3453.72,3372.532,3466.7895416666665,143.68088173841087,3109.664,2026-04-10 03:00:00,2026-04-09 23:00:00
2026-04-09 03:00:00,2026-04-08 23:00:00,RFC,WEST,AEP,AEPKPT,510.823,True,23,2,4,0,-0.25881904510252157,0.9659258262890681,0.9749279121818236,-0.22252093395631434,540.621,571.743,513.495,584.9327916666666,53.02044559288165,507.068,2026-04-10 03:00:00,2026-04-09 23:00:00
2026-04-09 03:00:00,2026-04-08 23:00:00,RFC,WEST,AEP,AEPOPT,7419.827,True,23,2,4,0,-0.25881904510252157,0.9659258262890681,0.9749279121818236,-0.22252093395631434,7700.491,7931.135,7686.781,8047.118916666666,397.37207193565155,7302.612,2026-04-10 03:00:00,2026-04-09 23:00:00
2026-04-09 04:00:00,2026-04-09 00:00:00,RFC,WEST,AEP,AEPAPT,3656.634,True,0,3,4,0,0.0,1.0,0.43388373911755823,-0.900968867902419,3745.035,3763.332,3450.528,3983.3131666666663,331.97929893236216,3372.91,2026-04-10 04:00:00,2026-04-10 00:00:00
2026-04-09 04:00:00,2026-04-09 00:00:00,RFC,WEST,AEP,AEPIMP,3219.174,True,0,3,4,0,0.0,1.0,0.43388373911755823,-0.900968867902419,3240.959,3382.276,3338.326,3459.9936249999996,151.49673450686367,3040.388,2026-04-10 04:00:00,2026-04-10 00:00:00
2026-04-09 04:00:00,2026-04-09 00:00:00,RFC,WEST,AEP,AEPKPT,495.981,True,0,3,4,0,0.0,1.0,0.43388373911755823,-0.900968867902419,510.823,565.874,504.31,582.0205833333333,55.95125856059417,484.588,2026-04-10 04:00:00,2026-04-10 00:00:00
2026-04-09 04:00:00,2026-04-09 00:00:00,RFC,WEST,AEP,AEPOPT,7216.14,True,0,3,4,0,0.0,1.0,0.43388373911755823,-0.900968867902419,7419.827,7757.317,7444.723,8024.569875,428.6552657703395,7023.323,2026-04-10 04:00:00,2026-04-10 00:00:00
2026-04-09 05:00:00,2026-04-09 01:00:00,RFC,WEST,AEP,AEPAPT,3645.11,True,1,3,4,0,0.25881904510252074,0.9659258262890683,0.43388373911755823,-0.900968867902419,3656.634,3770.066,3407.043,3978.1066666666666,336.4192717680231,3316.352,2026-04-10 05:00:00,2026-04-10 01:00:00
2026-04-09 05:00:00,2026-04-09 01:00:00,RFC,WEST,AEP,AEPIMP,3175.444,True,1,3,4,0,0.25881904510252074,0.9659258262890683,0.43388373911755823,-0.900968867902419,3219.174,3391.875,3306.302,3450.9756666666667,161.8178752553113,3045.228,2026-04-10 05:00:00,2026-04-10 01:00:00
2026-04-09 05:00:00,2026-04-09 01:00:00,RFC,WEST,AEP,AEPKPT,486.543,True,1,3,4,0,0.25881904510252074,0.9659258262890683,0.43388373911755823,-0.900968867902419,495.981,570.53,502.353,578.521125,59.231499808736565,471.215,2026-04-10 05:00:00,2026-04-10 01:00:00
2026-04-09 05:00:00,2026-04-09 01:00:00,RFC,WEST,AEP,AEPOPT,7126.006,True,1,3,4,0,0.25881904510252074,0.9659258262890683,0.43388373911755823,-0.900968867902419,7216.14,7716.934,7322.377,7999.947875000001,462.7127066560714,6842.353,2026-04-10 05:00:00,2026-04-10 01:00:00
2026-04-09 06:00:00,2026-04-09 02:00:00,RFC,WEST,AEP,AEPAPT,3664.038,True,2,3,4,0,0.49999999999999994,0.8660254037844387,0.43388373911755823,-0.900968867902419,3645.11,3812.771,3413.375,3971.909458333333,340.93693302503823,3327.045,2026-04-10 06:00:00,2026-04-10 02:00:00
2026-04-09 06:00:00,2026-04-09 02:00:00,RFC,WEST,AEP,AEPIMP,3113.034,True,2,3,4,0,0.49999999999999994,0.8660254037844387,0.43388373911755823,-0.900968867902419,3175.444,3375.787,3271.181,3440.027625,175.4410805322689,3033.036,2026-04-10 06:00:00,2026-04-10 02:00:00
2026-04-09 06:00:00,2026-04-09 02:00:00,RFC,WEST,AEP,AEPKPT,485.755,True,2,3,4,0,0.49999999999999994,0.8660254037844387,0.43388373911755823,-0.900968867902419,486.543,573.033,504.509,574.8845416666667,62.18855053714631,467.923,2026-04-10 06:00:00,2026-04-10 02:00:00
2026-04-09 06:00:00,2026-04-09 02:00:00,RFC,WEST,AEP,AEPOPT,7077.029,True,2,3,4,0,0.49999999999999994,0.8660254037844387,0.43388373911755823,-0.900968867902419,7126.006,7659.026,7250.428,7975.697999999999,495.4492162454838,6798.659,2026-04-10 06:00:00,2026-04-10 02:00:00
2026-04-09 07:00:00,2026-04-09 03:00:00,RFC,WEST,AEP,AEPAPT,3695.437,True,3,3,4,0,0.7071067811865475,0.7071067811865476,0.43388373911755823,-0.900968867902419,3664.038,3870.242,3467.154,3964.6259166666664,345.04576706789277,3381.894,2026-04-10 07:00:00,2026-04-10 03:00:00
2026-04-09 07:00:00,2026-04-09 03:00:00,RFC,WEST,AEP,AEPIMP,3148.471,True,3,3,4,0,0.7071067811865475,0.7071067811865476,0.43388373911755823,-0.900968867902419,3113.034,3376.352,3283.588,3430.5325833333336,184.94618650391013,2983.909,2026-04-10 07:00:00,2026-04-10 03:00:00
2026-04-09 07:00:00,2026-04-09 03:00:00,RFC,WEST,AEP,AEPKPT,495.375,True,3,3,4,0,0.7071067811865475,0.7071067811865476,0.43388373911755823,-0.900968867902419,485.755,581.509,517.92,571.295625,64.24116242099808,471.253,2026-04-10 07:00:00,2026-04-10 03:00:00
2026-04-09 07:00:00,2026-04-09 03:00:00,RFC,WEST,AEP,AEPOPT,7072.681,True,3,3,4,0,0.7071067811865475,0.7071067811865476,0.43388373911755823,-0.900968867902419,7077.029,7766.373,7348.647,7946.794166666667,527.3964223020641,6726.282,2026-04-10 07:00:00,2026-04-10 03:00:00
2026-04-09 08:00:00,2026-04-09 04:00:00,RFC,WEST,AEP,AEPAPT,3825.236,True,4,3,4,0,0.8660254037844386,0.5000000000000001,0.43388373911755823,-0.900968867902419,3695.437,4023.508,3588.092,3956.3645833333335,345.94708250727683,3484.078,2026-04-10 08:00:00,2026-04-10 04:00:00
2026-04-09 08:00:00,2026-04-09 04:00:00,RFC,WEST,AEP,AEPIMP,3227.845,True,4,3,4,0,0.8660254037844386,0.5000000000000001,0.43388373911755823,-0.900968867902419,3148.471,3482.653,3417.275,3419.915583333333,189.09136689899518,3063.937,2026-04-10 08:00:00,2026-04-10 04:00:00
2026-04-09 08:00:00,2026-04-09 04:00:00,RFC,WEST,AEP,AEPKPT,508.427,True,4,3,4,0,0.8660254037844386,0.5000000000000001,0.43388373911755823,-0.900968867902419,495.375,601.604,530.19,567.41325,65.13912808967109,480.411,2026-04-10 08:00:00,2026-04-10 04:00:00
2026-04-09 08:00:00,2026-04-09 04:00:00,RFC,WEST,AEP,AEPOPT,7094.981,True,4,3,4,0,0.8660254037844386,0.5000000000000001,0.43388373911755823,-0.900968867902419,7072.681,7890.124,7482.629,7913.6632083333325,555.3459946746087,6836.409,2026-04-10 08:00:00,2026-04-10 04:00:00
2026-04-09 09:00:00,2026-04-09 05:00:00,RFC,WEST,AEP,AEPAPT,4061.445,True,5,3,4,0,0.9659258262890683,0.25881904510252074,0.43388373911755823,-0.900968867902419,3825.236,4261.103,3826.044,3948.0455,340.66056352366405,3708.242,2026-04-10 09:00:00,2026-04-10 05:00:00
2026-04-09 09:00:00,2026-04-09 05:00:00,RFC,WEST,AEP,AEPIMP,3306.506,True,5,3,4,0,0.9659258262890683,0.25881904510252074,0.43388373911755823,-0.900968867902419,3227.845,3558.428,3473.345,3409.418833333333,188.05748630686438,3172.996,2026-04-10 09:00:00,2026-04-10 05:00:00
2026-04-09 09:00:00,2026-04-09 05:00:00,RFC,WEST,AEP,AEPKPT,539.913,True,5,3,4,0,0.9659258262890683,0.25881904510252074,0.43388373911755823,-0.900968867902419,508.427,631.19,568.241,563.6100416666667,63.90654952246853,501.184,2026-04-10 09:00:00,2026-04-10 05:00:00
2026-04-09 09:00:00,2026-04-09 05:00:00,RFC,WEST,AEP,AEPOPT,7412.517,True,5,3,4,0,0.9659258262890683,0.25881904510252074,0.43388373911755823,-0.900968867902419,7094.981,8186.789,7771.734,7881.401875,561.2479020739971,6982.889,2026-04-10 09:00:00,2026-04-10 05:00:00
2026-04-09 10:00:00,2026-04-09 06:00:00,RFC,WEST,AEP,AEPAPT,4442.036,True,6,3,4,0,1.0,6.123233995736766e-17,0.43388373911755823,-0.900968867902419,4061.445,4617.164,4170.847,3940.7485,327.3191759322329,4059.646,2026-04-10 10:00:00,2026-04-10 06:00:00
2026-04-09 10:00:00,2026-04-09 06:00:00,RFC,WEST,AEP,AEPIMP,3525.463,True,6,3,4,0,1.0,6.123233995736766e-17,0.43388373911755823,-0.900968867902419,3306.506,3680.915,3763.739,3402.941666666667,180.83843487913387,3324.324,2026-04-10 10:00:00,2026-04-10 06:00:00
2026-04-09 10:00:00,2026-04-09 06:00:00,RFC,WEST,AEP,AEPKPT,591.184,True,6,3,4,0,1.0,6.123233995736766e-17,0.43388373911755823,-0.900968867902419,539.913,692.128,627.487,559.4040416666667,58.14224302554585,547.74,2026-04-10 10:00:00,2026-04-10 06:00:00
2026-04-09 10:00:00,2026-04-09 06:00:00,RFC,WEST,AEP,AEPOPT,7713.775,True,6,3,4,0,1.0,6.123233995736766e-17,0.43388373911755823,-0.900968867902419,7412.517,8735.122,8294.234,7838.8457499999995,531.641343682509,7298.59,2026-04-10 10:00:00,2026-04-10 06:00:00
2026-04-09 11:00:00,2026-04-09 07:00:00,RFC,WEST,AEP,AEPAPT,4627.008,True,7,3,4,0,0.9659258262890683,-0.25881904510252063,0.43388373911755823,-0.900968867902419,4442.036,4790.153,4396.551,3933.950791666666,310.1560246947211,4226.353,2026-04-10 11:00:00,2026-04-10 07:00:00
2026-04-09 11:00:00,2026-04-09 07:00:00,RFC,WEST,AEP,AEPIMP,3601.131,True,7,3,4,0,0.9659258262890683,-0.25881904510252063,0.43388373911755823,-0.900968867902419,3525.463,3746.777,3872.046,3396.8730833333334,170.9730235128387,3352.896,2026-04-10 11:00:00,2026-04-10 07:00:00
2026-04-09 11:00:00,2026-04-09 07:00:00,RFC,WEST,AEP,AEPKPT,612.05,True,7,3,4,0,0.9659258262890683,-0.25881904510252063,0.43388373911755823,-0.900968867902419,591.184,708.276,662.157,555.394625,50.20605219693196,567.09,2026-04-10 11:00:00,2026-04-10 07:00:00
2026-04-09 11:00:00,2026-04-09 07:00:00,RFC,WEST,AEP,AEPOPT,7913.286,True,7,3,4,0,0.9659258262890683,-0.25881904510252063,0.43388373911755823,-0.900968867902419,7713.775,8874.4,8553.252,7798.799333333333,484.33986879531824,7612.453,2026-04-10 11:00:00,2026-04-10 07:00:00
2026-04-09 12:00:00,2026-04-09 08:00:00,RFC,WEST,AEP,AEPAPT,4477.424,True,8,3,4,0,0.8660254037844387,-0.4999999999999998,0.43388373911755823,-0.900968867902419,4627.008,4658.827,4343.269,3926.3923333333337,293.48520115296543,4108.742,2026-04-10 12:00:00,2026-04-10 08:00:00
2026-04-09 12:00:00,2026-04-09 08:00:00,RFC,WEST,AEP,AEPIMP,3549.765,True,8,3,4,0,0.8660254037844387,-0.4999999999999998,0.43388373911755823,-0.900968867902419,3601.131,3713.839,3821.686,3390.036666666667,160.72088786563287,3339.294,2026-04-10 12:00:00,2026-04-10 08:00:00
2026-04-09 12:00:00,2026-04-09 08:00:00,RFC,WEST,AEP,AEPKPT,616.294,True,8,3,4,0,0.8660254037844387,-0.4999999999999998,0.43388373911755823,-0.900968867902419,612.05,686.264,660.963,552.4792083333333,43.91337591309867,573.106,2026-04-10 12:00:00,2026-04-10 08:00:00
2026-04-09 12:00:00,2026-04-09 08:00:00,RFC,WEST,AEP,AEPOPT,7953.306,True,8,3,4,0,0.8660254037844387,-0.4999999999999998,0.43388373911755823,-0.900968867902419,7913.286,8830.497,8681.699,7762.249708333333,433.5329448462756,7751.737,2026-04-10 12:00:00,2026-04-10 08:00:00
2026-04-09 13:00:00,2026-04-09 09:00:00,RFC,WEST,AEP,AEPAPT,4196.031,True,9,3,4,0,0.7071067811865476,-0.7071067811865475,0.43388373911755823,-0.900968867902419,4477.424,4361.488,4132.753,3919.4982916666663,284.63004667087984,3899.172,2026-04-10 13:00:00,2026-04-10 09:00:00
2026-04-09 13:00:00,2026-04-09 09:00:00,RFC,WEST,AEP,AEPIMP,3574.039,True,9,3,4,0,0.7071067811865476,-0.7071067811865475,0.43388373911755823,-0.900968867902419,3549.765,3710.781,3793.428,3384.3390833333337,150.98495745427593,3369.752,2026-04-10 13:00:00,2026-04-10 09:00:00
2026-04-09 13:00:00,2026-04-09 09:00:00,RFC,WEST,AEP,AEPKPT,600.272,True,9,3,4,0,0.7071067811865476,-0.7071067811865475,0.43388373911755823,-0.900968867902419,616.294,656.914,632.412,550.119125,39.34059238884697,561.885,2026-04-10 13:00:00,2026-04-10 09:00:00
2026-04-09 13:00:00,2026-04-09 09:00:00,RFC,WEST,AEP,AEPOPT,7987.159,True,9,3,4,0,0.7071067811865476,-0.7071067811865475,0.43388373911755823,-0.900968867902419,7953.306,8665.275,8542.775,7733.994875,392.25314506293563,7847.725,2026-04-10 13:00:00,2026-04-10 09:00:00
2026-04-09 14:00:00,2026-04-09 10:00:00,RFC,WEST,AEP,AEPAPT,3984.244,True,10,3,4,0,0.49999999999999994,-0.8660254037844387,0.43388373911755823,-0.900968867902419,4196.031,4135.62,3977.516,3913.190958333333,281.2902488924104,3750.055,2026-04-10 14:00:00,2026-04-10 10:00:00
2026-04-09 14:00:00,2026-04-09 10:00:00,RFC,WEST,AEP,AEPIMP,3604.965,True,10,3,4,0,0.49999999999999994,-0.8660254037844387,0.43388373911755823,-0.900968867902419,3574.039,3675.528,3793.614,3381.398958333333,145.66129048567848,3527.954,2026-04-10 14:00:00,2026-04-10 10:00:00
2026-04-09 14:00:00,2026-04-09 10:00:00,RFC,WEST,AEP,AEPKPT,579.131,True,10,3,4,0,0.49999999999999994,-0.8660254037844387,0.43388373911755823,-0.900968867902419,600.272,612.087,610.803,548.7459583333333,37.62117124644952,557.155,2026-04-10 14:00:00,2026-04-10 10:00:00
2026-04-09 14:00:00,2026-04-09 10:00:00,RFC,WEST,AEP,AEPOPT,7962.754,True,10,3,4,0,0.49999999999999994,-0.8660254037844387,0.43388373911755823,-0.900968867902419,7987.159,8469.184,8435.333,7712.893625,363.55608187587507,7934.861,2026-04-10 14:00:00,2026-04-10 10:00:00
2026-04-09 15:00:00,2026-04-09 11:00:00,RFC,WEST,AEP,AEPAPT,3830.498,True,11,3,4,0,0.258819045102521,-0.9659258262890682,0.43388373911755823,-0.900968867902419,3984.244,3954.046,3873.281,3908.043125,281.64035663919464,3674.311,2026-04-10 15:00:00,2026-04-10 11:00:00
2026-04-09 15:00:00,2026-04-09 11:00:00,RFC,WEST,AEP,AEPIMP,3527.639,True,11,3,4,0,0.258819045102521,-0.9659258262890682,0.43388373911755823,-0.900968867902419,3604.965,3536.494,3665.715,3381.03,145.26202356401188,3427.691,2026-04-10 15:00:00,2026-04-10 11:00:00
2026-04-09 15:00:00,2026-04-09 11:00:00,RFC,WEST,AEP,AEPKPT,562.324,True,11,3,4,0,0.258819045102521,-0.9659258262890682,0.43388373911755823,-0.900968867902419,579.131,578.951,588.338,548.0531666666667,37.19140136909433,549.086,2026-04-10 15:00:00,2026-04-10 11:00:00
2026-04-09 15:00:00,2026-04-09 11:00:00,RFC,WEST,AEP,AEPOPT,7919.998,True,11,3,4,0,0.258819045102521,-0.9659258262890682,0.43388373911755823,-0.900968867902419,7962.754,8300.619,8366.147,7697.0344166666655,344.6115850948069,8047.319,2026-04-10 15:00:00,2026-04-10 11:00:00
2026-04-09 16:00:00,2026-04-09 12:00:00,RFC,WEST,AEP,AEPAPT,3719.627,True,12,3,4,0,1.2246467991473532e-16,-1.0,0.43388373911755823,-0.900968867902419,3830.498,3811.919,3783.825,3904.1976250000002,283.6329196175327,3631.625,2026-04-10 16:00:00,2026-04-10 12:00:00
2026-04-09 16:00:00,2026-04-09 12:00:00,RFC,WEST,AEP,AEPIMP,3541.239,True,12,3,4,0,1.2246467991473532e-16,-1.0,0.43388373911755823,-0.900968867902419,3527.639,3445.936,3687.108,3385.0009583333335,148.38257938165523,3435.53,2026-04-10 16:00:00,2026-04-10 12:00:00
2026-04-09 16:00:00,2026-04-09 12:00:00,RFC,WEST,AEP,AEPKPT,560.148,True,12,3,4,0,1.2246467991473532e-16,-1.0,0.43388373911755823,-0.900968867902419,562.324,559.621,569.437,548.075125,37.19868299247932,548.849,2026-04-10 16:00:00,2026-04-10 12:00:00
2026-04-09 16:00:00,2026-04-09 12:00:00,RFC,WEST,AEP,AEPOPT,7924.625,True,12,3,4,0,1.2246467991473532e-16,-1.0,0.43388373911755823,-0.900968867902419,7919.998,8094.22,8305.201,7689.967958333334,337.78414611217994,8135.283,2026-04-10 16:00:00,2026-04-10 12:00:00
2026-04-09 17:00:00,2026-04-09 13:00:00,RFC,WEST,AEP,AEPAPT,3673.045,True,13,3,4,0,-0.2588190451025208,-0.9659258262890683,0.43388373911755823,-0.900968867902419,3719.627,3730.654,3740.478,3901.79725,285.4037128540741,3623.191,2026-04-10 17:00:00,2026-04-10 13:00:00
2026-04-09 17:00:00,2026-04-09 13:00:00,RFC,WEST,AEP,AEPIMP,3540.564,True,13,3,4,0,-0.2588190451025208,-0.9659258262890683,0.43388373911755823,-0.900968867902419,3541.239,3443.021,3636.208,3389.0652499999997,151.34714750999294,3527.942,2026-04-10 17:00:00,2026-04-10 13:00:00
2026-04-09 17:00:00,2026-04-09 13:00:00,RFC,WEST,AEP,AEPKPT,555.945,True,13,3,4,0,-0.2588190451025208,-0.9659258262890683,0.43388373911755823,-0.900968867902419,560.148,545.917,558.078,548.4929583333334,37.22969465415525,556.836,2026-04-10 17:00:00,2026-04-10 13:00:00
2026-04-09 17:00:00,2026-04-09 13:00:00,RFC,WEST,AEP,AEPOPT,7978.336,True,13,3,4,0,-0.2588190451025208,-0.9659258262890683,0.43388373911755823,-0.900968867902419,7924.625,8007.59,8167.604,7688.749041666666,336.6389940537446,8087.556,2026-04-10 17:00:00,2026-04-10 13:00:00
2026-04-09 18:00:00,2026-04-09 14:00:00,RFC,WEST,AEP,AEPAPT,3674.19,True,14,3,4,0,-0.4999999999999997,-0.8660254037844388,0.43388373911755823,-0.900968867902419,3673.045,3656.276,3680.549,3902.5436666666665,284.75637404732345,3663.009,2026-04-10 18:00:00,2026-04-10 14:00:00
2026-04-09 18:00:00,2026-04-09 14:00:00,RFC,WEST,AEP,AEPIMP,3484.764,True,14,3,4,0,-0.4999999999999997,-0.8660254037844388,0.43388373911755823,-0.900968867902419,3540.564,3368.696,3547.42,3393.901416666667,152.5178647525821,3365.338,2026-04-10 18:00:00,2026-04-10 14:00:00
2026-04-09 18:00:00,2026-04-09 14:00:00,RFC,WEST,AEP,AEPKPT,567.607,True,14,3,4,0,-0.4999999999999997,-0.8660254037844388,0.43388373911755823,-0.900968867902419,555.945,540.706,542.998,549.6138333333333,37.389670151767056,570.892,2026-04-10 18:00:00,2026-04-10 14:00:00
2026-04-09 18:00:00,2026-04-09 14:00:00,RFC,WEST,AEP,AEPOPT,7926.359,True,14,3,4,0,-0.4999999999999997,-0.8660254037844388,0.43388373911755823,-0.900968867902419,7978.336,7955.84,8040.705,7687.520666666666,335.67442701258767,8090.562,2026-04-10 18:00:00,2026-04-10 14:00:00
2026-04-09 19:00:00,2026-04-09 15:00:00,RFC,WEST,AEP,AEPAPT,3678.394,True,15,3,4,0,-0.7071067811865471,-0.7071067811865479,0.43388373911755823,-0.900968867902419,3674.19,3635.568,3612.091,3904.3280833333333,283.1402384086006,3687.999,2026-04-10 19:00:00,2026-04-10 15:00:00
2026-04-09 19:00:00,2026-04-09 15:00:00,RFC,WEST,AEP,AEPIMP,3451.957,True,15,3,4,0,-0.7071067811865471,-0.7071067811865479,0.43388373911755823,-0.900968867902419,3484.764,3314.591,3378.827,3399.625,151.98872403769704,3381.647,2026-04-10 19:00:00,2026-04-10 15:00:00
2026-04-09 19:00:00,2026-04-09 15:00:00,RFC,WEST,AEP,AEPKPT,576.687,True,15,3,4,0,-0.7071067811865471,-0.7071067811865479,0.43388373911755823,-0.900968867902419,567.607,544.008,545.145,550.9754583333333,37.769751772478976,570.28,2026-04-10 19:00:00,2026-04-10 15:00:00
2026-04-09 19:00:00,2026-04-09 15:00:00,RFC,WEST,AEP,AEPOPT,7990.962,True,15,3,4,0,-0.7071067811865471,-0.7071067811865479,0.43388373911755823,-0.900968867902419,7926.359,7830.147,7979.776,7694.221291666666,340.219570575603,8059.821,2026-04-10 19:00:00,2026-04-10 15:00:00
2026-04-09 20:00:00,2026-04-09 16:00:00,RFC,WEST,AEP,AEPAPT,3742.71,True,16,3,4,0,-0.8660254037844384,-0.5000000000000004,0.43388373911755823,-0.900968867902419,3678.394,3671.675,3646.839,3907.287875,280.96539898486134,3766.154,2026-04-10 20:00:00,2026-04-10 16:00:00
2026-04-09 20:00:00,2026-04-09 16:00:00,RFC,WEST,AEP,AEPIMP,3407.69,True,16,3,4,0,-0.8660254037844384,-0.5000000000000004,0.43388373911755823,-0.900968867902419,3451.957,3329.92,3430.249,3402.865416666667,151.26530269577177,3332.11,2026-04-10 20:00:00,2026-04-10 16:00:00
2026-04-09 20:00:00,2026-04-09 16:00:00,RFC,WEST,AEP,AEPKPT,589.236,True,16,3,4,0,-0.8660254037844384,-0.5000000000000004,0.43388373911755823,-0.900968867902419,576.687,544.706,542.789,552.830875,38.53439269164753,586.221,2026-04-10 20:00:00,2026-04-10 16:00:00
2026-04-09 20:00:00,2026-04-09 16:00:00,RFC,WEST,AEP,AEPOPT,8027.115,True,16,3,4,0,-0.8660254037844384,-0.5000000000000004,0.43388373911755823,-0.900968867902419,7990.962,7860.697,7915.698,7701.155375000001,345.4162766464965,7989.17,2026-04-10 20:00:00,2026-04-10 16:00:00
2026-04-09 21:00:00,2026-04-09 17:00:00,RFC,WEST,AEP,AEPAPT,3797.567,True,17,3,4,0,-0.9659258262890683,-0.25881904510252063,0.43388373911755823,-0.900968867902419,3742.71,3737.936,3711.083,3909.7725000000005,279.6633245285254,3819.696,2026-04-10 21:00:00,2026-04-10 17:00:00
2026-04-09 21:00:00,2026-04-09 17:00:00,RFC,WEST,AEP,AEPIMP,3405.972,True,17,3,4,0,-0.9659258262890683,-0.25881904510252063,0.43388373911755823,-0.900968867902419,3407.69,3331.725,3427.919,3405.9590416666665,150.50442879413515,3326.514,2026-04-10 21:00:00,2026-04-10 17:00:00
2026-04-09 21:00:00,2026-04-09 17:00:00,RFC,WEST,AEP,AEPKPT,595.672,True,17,3,4,0,-0.9659258262890683,-0.25881904510252063,0.43388373911755823,-0.900968867902419,589.236,555.104,546.329,554.5212083333333,39.51571405312818,584.06,2026-04-10 21:00:00,2026-04-10 17:00:00
2026-04-09 21:00:00,2026-04-09 17:00:00,RFC,WEST,AEP,AEPOPT,8037.669,True,17,3,4,0,-0.9659258262890683,-0.25881904510252063,0.43388373911755823,-0.900968867902419,8027.115,7846.892,7948.397,7709.104416666666,351.06490528265687,7872.837,2026-04-10 21:00:00,2026-04-10 17:00:00
2026-04-09 22:00:00,2026-04-09 18:00:00,RFC,WEST,AEP,AEPAPT,3869.077,True,18,3,4,0,-1.0,-1.8369701987210297e-16,0.43388373911755823,-0.900968867902419,3797.567,3820.993,3803.752,3911.776,279.1714616341649,3828.442,2026-04-10 22:00:00,2026-04-10 18:00:00
2026-04-09 22:00:00,2026-04-09 18:00:00,RFC,WEST,AEP,AEPIMP,3420.588,True,18,3,4,0,-1.0,-1.8369701987210297e-16,0.43388373911755823,-0.900968867902419,3405.972,3384.851,3461.025,3407.448083333333,150.46329237591468,3284.26,2026-04-10 22:00:00,2026-04-10 18:00:00
2026-04-09 22:00:00,2026-04-09 18:00:00,RFC,WEST,AEP,AEPKPT,590.7,True,18,3,4,0,-1.0,-1.8369701987210297e-16,0.43388373911755823,-0.900968867902419,595.672,548.433,550.595,556.2823333333333,40.16905002033531,581.93,2026-04-10 22:00:00,2026-04-10 18:00:00
2026-04-09 22:00:00,2026-04-09 18:00:00,RFC,WEST,AEP,AEPOPT,8011.85,True,18,3,4,0,-1.0,-1.8369701987210297e-16,0.43388373911755823,-0.900968867902419,8037.669,7779.762,8014.94,7718.7747500000005,356.25400583001544,7811.249,2026-04-10 22:00:00,2026-04-10 18:00:00
2026-04-09 23:00:00,2026-04-09 19:00:00,RFC,WEST,AEP,AEPAPT,3939.214,True,19,3,4,0,-0.9659258262890684,0.2588190451025203,0.43388373911755823,-0.900968867902419,3869.077,3915.773,3942.945,3912.7527083333334,279.22705328685214,3806.464,2026-04-10 23:00:00,2026-04-10 19:00:00
2026-04-09 23:00:00,2026-04-09 19:00:00,RFC,WEST,AEP,AEPIMP,3470.875,True,19,3,4,0,-0.9659258262890684,0.2588190451025203,0.43388373911755823,-0.900968867902419,3420.588,3370.343,3535.038,3411.6369166666664,150.78443133591625,3270.544,2026-04-10 23:00:00,2026-04-10 19:00:00
2026-04-09 23:00:00,2026-04-09 19:00:00,RFC,WEST,AEP,AEPKPT,578.22,True,19,3,4,0,-0.9659258262890684,0.2588190451025203,0.43388373911755823,-0.900968867902419,590.7,557.978,568.029,557.12575,40.417937700169105,564.945,2026-04-10 23:00:00,2026-04-10 19:00:00
2026-04-09 23:00:00,2026-04-09 19:00:00,RFC,WEST,AEP,AEPOPT,7927.872,True,19,3,4,0,-0.9659258262890684,0.2588190451025203,0.43388373911755823,-0.900968867902419,8011.85,7868.103,8148.68,7721.265124999999,357.5498122727601,7703.243,2026-04-10 23:00:00,2026-04-10 19:00:00
2026-04-10 00:00:00,2026-04-09 20:00:00,RFC,WEST,AEP,AEPAPT,4032.651,True,20,3,4,0,-0.8660254037844386,0.5000000000000001,0.43388373911755823,-0.900968867902419,3939.214,4070.119,4123.529,3911.1915416666666,278.41251411825914,3816.333,2026-04-11 00:00:00,2026-04-10 20:00:00
2026-04-10 00:00:00,2026-04-09 20:00:00,RFC,WEST,AEP,AEPIMP,3499.376,True,20,3,4,0,-0.8660254037844386,0.5000000000000001,0.43388373911755823,-0.900968867902419,3470.875,3474.397,3605.056,3412.677708333333,151.32172027417568,3284.774,2026-04-11 00:00:00,2026-04-10 20:00:00
2026-04-10 00:00:00,2026-04-09 20:00:00,RFC,WEST,AEP,AEPKPT,586.205,True,20,3,4,0,-0.8660254037844386,0.5000000000000001,0.43388373911755823,-0.900968867902419,578.22,571.502,598.294,557.738375,40.755336601013674,562.925,2026-04-11 00:00:00,2026-04-10 20:00:00
2026-04-10 00:00:00,2026-04-09 20:00:00,RFC,WEST,AEP,AEPOPT,8153.745,True,20,3,4,0,-0.8660254037844386,0.5000000000000001,0.43388373911755823,-0.900968867902419,7927.872,7990.287,8370.662,7728.075875000001,364.3884556094177,7710.018,2026-04-11 00:00:00,2026-04-10 20:00:00
2026-04-10 01:00:00,2026-04-09 21:00:00,RFC,WEST,AEP,AEPAPT,3905.985,True,21,3,4,0,-0.7071067811865477,0.7071067811865474,0.43388373911755823,-0.900968867902419,4032.651,4014.575,4084.46,3906.6669583333332,277.54034477742437,3722.235,2026-04-11 01:00:00,2026-04-10 21:00:00
2026-04-10 01:00:00,2026-04-09 21:00:00,RFC,WEST,AEP,AEPIMP,3470.592,True,21,3,4,0,-0.7071067811865477,0.7071067811865474,0.43388373911755823,-0.900968867902419,3499.376,3476.116,3593.606,3412.447541666667,151.22520299840826,3216.837,2026-04-11 01:00:00,2026-04-10 21:00:00
2026-04-10 01:00:00,2026-04-09 21:00:00,RFC,WEST,AEP,AEPKPT,574.692,True,21,3,4,0,-0.7071067811865477,0.7071067811865474,0.43388373911755823,-0.900968867902419,586.205,560.608,596.762,558.3252083333333,40.89959461155404,554.847,2026-04-11 01:00:00,2026-04-10 21:00:00
2026-04-10 01:00:00,2026-04-09 21:00:00,RFC,WEST,AEP,AEPOPT,7995.465,True,21,3,4,0,-0.7071067811865477,0.7071067811865474,0.43388373911755823,-0.900968867902419,8153.745,7925.338,8391.831,7730.997833333334,366.31510915018,7564.407,2026-04-11 01:00:00,2026-04-10 21:00:00
2026-04-10 02:00:00,2026-04-09 22:00:00,RFC,WEST,AEP,AEPAPT,3702.574,True,22,3,4,0,-0.5000000000000004,0.8660254037844384,0.43388373911755823,-0.900968867902419,3905.985,3877.371,3961.532,3899.3837500000004,280.618988791664,3538.03,2026-04-11 02:00:00,2026-04-10 22:00:00
2026-04-10 02:00:00,2026-04-09 22:00:00,RFC,WEST,AEP,AEPIMP,3328.403,True,22,3,4,0,-0.5000000000000004,0.8660254037844384,0.43388373911755823,-0.900968867902419,3470.592,3390.689,3518.462,3409.8522916666666,152.1465011400875,3160.929,2026-04-11 02:00:00,2026-04-10 22:00:00
2026-04-10 02:00:00,2026-04-09 22:00:00,RFC,WEST,AEP,AEPKPT,538.258,True,22,3,4,0,-0.5000000000000004,0.8660254037844384,0.43388373911755823,-0.900968867902419,574.692,540.621,592.016,558.2267499999999,40.9468842083196,531.582,2026-04-11 02:00:00,2026-04-10 22:00:00
2026-04-10 02:00:00,2026-04-09 22:00:00,RFC,WEST,AEP,AEPOPT,7586.519,True,22,3,4,0,-0.5000000000000004,0.8660254037844384,0.43388373911755823,-0.900968867902419,7995.465,7700.491,8131.932,7726.249,367.4647391411658,7335.9,2026-04-11 02:00:00,2026-04-10 22:00:00
2026-04-10 03:00:00,2026-04-09 23:00:00,RFC,WEST,AEP,AEPAPT,3506.703,True,23,3,4,0,-0.25881904510252157,0.9659258262890681,0.43388373911755823,-0.900968867902419,3702.574,3745.035,3850.923,3889.45325,290.3662804480552,3331.95,2026-04-11 03:00:00,2026-04-10 23:00:00
2026-04-10 03:00:00,2026-04-09 23:00:00,RFC,WEST,AEP,AEPIMP,3109.664,True,23,3,4,0,-0.25881904510252157,0.9659258262890681,0.43388373911755823,-0.900968867902419,3328.403,3240.959,3453.72,3404.3816666666667,160.60843964847354,3028.309,2026-04-11 03:00:00,2026-04-10 23:00:00
2026-04-10 03:00:00,2026-04-09 23:00:00,RFC,WEST,AEP,AEPKPT,507.068,True,23,3,4,0,-0.25881904510252157,0.9659258262890681,0.43388373911755823,-0.900968867902419,538.258,510.823,571.743,558.0702916666667,41.142595716635384,502.718,2026-04-11 03:00:00,2026-04-10 23:00:00
2026-04-10 03:00:00,2026-04-09 23:00:00,RFC,WEST,AEP,AEPOPT,7302.612,True,23,3,4,0,-0.25881904510252157,0.9659258262890681,0.43388373911755823,-0.900968867902419,7586.519,7419.827,7931.135,7721.365041666667,372.4594571626094,7136.289,2026-04-11 03:00:00,2026-04-10 23:00:00
2026-04-10 04:00:00,2026-04-10 00:00:00,RFC,WEST,AEP,AEPAPT,3372.91,True,0,4,4,0,0.0,1.0,-0.433883739117558,-0.9009688679024191,3506.703,3656.634,3763.332,3877.631416666667,305.6317231854322,3142.703,2026-04-11 04:00:00,2026-04-11 00:00:00
2026-04-10 04:00:00,2026-04-10 00:00:00,RFC,WEST,AEP,AEPIMP,3040.388,True,0,4,4,0,0.0,1.0,-0.433883739117558,-0.9009688679024191,3109.664,3219.174,3382.276,3396.93225,173.22318960111969,2988.344,2026-04-11 04:00:00,2026-04-11 00:00:00
2026-04-10 04:00:00,2026-04-10 00:00:00,RFC,WEST,AEP,AEPKPT,484.588,True,0,4,4,0,0.0,1.0,-0.433883739117558,-0.9009688679024191,507.068,495.981,565.874,557.5955833333334,41.94798118676148,478.703,2026-04-11 04:00:00,2026-04-11 00:00:00
2026-04-10 04:00:00,2026-04-10 00:00:00,RFC,WEST,AEP,AEPOPT,7023.323,True,0,4,4,0,0.0,1.0,-0.433883739117558,-0.9009688679024191,7302.612,7216.14,7757.317,7713.331000000001,385.6761615026123,6820.629,2026-04-11 04:00:00,2026-04-11 00:00:00
2026-04-10 05:00:00,2026-04-10 01:00:00,RFC,WEST,AEP,AEPAPT,3316.352,True,1,4,4,0,0.25881904510252074,0.9659258262890683,-0.433883739117558,-0.9009688679024191,3372.91,3645.11,3770.066,3863.933166666667,323.3595535521548,3071.462,2026-04-11 05:00:00,2026-04-11 01:00:00
2026-04-10 05:00:00,2026-04-10 01:00:00,RFC,WEST,AEP,AEPIMP,3045.228,True,1,4,4,0,0.25881904510252074,0.9659258262890683,-0.433883739117558,-0.9009688679024191,3040.388,3175.444,3391.875,3391.5065833333333,182.2655271047541,2924.596,2026-04-11 05:00:00,2026-04-11 01:00:00
2026-04-10 05:00:00,2026-04-10 01:00:00,RFC,WEST,AEP,AEPKPT,471.215,True,1,4,4,0,0.25881904510252074,0.9659258262890683,-0.433883739117558,-0.9009688679024191,484.588,486.543,570.53,556.9569166666666,43.175530502434306,464.811,2026-04-11 05:00:00,2026-04-11 01:00:00
2026-04-10 05:00:00,2026-04-10 01:00:00,RFC,WEST,AEP,AEPOPT,6842.353,True,1,4,4,0,0.25881904510252074,0.9659258262890683,-0.433883739117558,-0.9009688679024191,7023.323,7126.006,7716.934,7701.512125,408.1485182152803,6794.034,2026-04-11 05:00:00,2026-04-11 01:00:00
2026-04-10 06:00:00,2026-04-10 02:00:00,RFC,WEST,AEP,AEPAPT,3327.045,True,2,4,4,0,0.49999999999999994,0.8660254037844387,-0.433883739117558,-0.9009688679024191,3316.352,3664.038,3812.771,3849.891791666667,339.3389482158785,3022.994,2026-04-11 06:00:00,2026-04-11 02:00:00
2026-04-10 06:00:00,2026-04-10 02:00:00,RFC,WEST,AEP,AEPIMP,3033.036,True,2,4,4,0,0.49999999999999994,0.8660254037844387,-0.433883739117558,-0.9009688679024191,3045.228,3113.034,3375.787,3388.1733333333336,188.21404797190218,2854.762,2026-04-11 06:00:00,2026-04-11 02:00:00
2026-04-10 06:00:00,2026-04-10 02:00:00,RFC,WEST,AEP,AEPKPT,467.923,True,2,4,4,0,0.49999999999999994,0.8660254037844387,-0.433883739117558,-0.9009688679024191,471.215,485.755,573.033,556.2139166666667,44.584548010460644,458.75,2026-04-11 06:00:00,2026-04-11 02:00:00
2026-04-10 06:00:00,2026-04-10 02:00:00,RFC,WEST,AEP,AEPOPT,6798.659,True,2,4,4,0,0.49999999999999994,0.8660254037844387,-0.433883739117558,-0.9009688679024191,6842.353,7077.029,7659.026,7689.913375,430.03517273062585,6742.944,2026-04-11 06:00:00,2026-04-11 02:00:00
2026-04-10 07:00:00,2026-04-10 03:00:00,RFC,WEST,AEP,AEPAPT,3381.894,True,3,4,4,0,0.7071067811865475,0.7071067811865476,-0.433883739117558,-0.9009688679024191,3327.045,3695.437,3870.242,3836.8275,351.36631659033634,3005.125,2026-04-11 07:00:00,2026-04-11 03:00:00
2026-04-10 07:00:00,2026-04-10 03:00:00,RFC,WEST,AEP,AEPIMP,2983.909,True,3,4,4,0,0.7071067811865475,0.7071067811865476,-0.433883739117558,-0.9009688679024191,3033.036,3148.471,3376.352,3381.3165833333333,199.95741098150373,2937.633,2026-04-11 07:00:00,2026-04-11 03:00:00
2026-04-10 07:00:00,2026-04-10 03:00:00,RFC,WEST,AEP,AEPKPT,471.253,True,3,4,4,0,0.7071067811865475,0.7071067811865476,-0.433883739117558,-0.9009688679024191,467.923,495.375,581.509,555.2088333333334,46.256244302012945,453.793,2026-04-11 07:00:00,2026-04-11 03:00:00
2026-04-10 07:00:00,2026-04-10 03:00:00,RFC,WEST,AEP,AEPOPT,6726.282,True,3,4,4,0,0.7071067811865475,0.7071067811865476,-0.433883739117558,-0.9009688679024191,6798.659,7072.681,7766.373,7675.480083333333,456.64207700969564,6651.847,2026-04-11 07:00:00,2026-04-11 03:00:00
2026-04-10 08:00:00,2026-04-10 04:00:00,RFC,WEST,AEP,AEPAPT,3484.078,True,4,4,4,0,0.8660254037844386,0.5000000000000001,-0.433883739117558,-0.9009688679024191,3381.894,3825.236,4023.508,3822.612583333333,358.6804893013706,3028.484,2026-04-11 08:00:00,2026-04-11 04:00:00
2026-04-10 08:00:00,2026-04-10 04:00:00,RFC,WEST,AEP,AEPIMP,3063.937,True,4,4,4,0,0.8660254037844386,0.5000000000000001,-0.433883739117558,-0.9009688679024191,2983.909,3227.845,3482.653,3374.4870833333334,208.06197718863328,2944.801,2026-04-11 08:00:00,2026-04-11 04:00:00
2026-04-10 08:00:00,2026-04-10 04:00:00,RFC,WEST,AEP,AEPKPT,480.411,True,4,4,4,0,0.8660254037844386,0.5000000000000001,-0.433883739117558,-0.9009688679024191,471.253,508.427,601.604,554.0415,47.815403685059344,458.348,2026-04-11 08:00:00,2026-04-11 04:00:00
2026-04-10 08:00:00,2026-04-10 04:00:00,RFC,WEST,AEP,AEPOPT,6836.409,True,4,4,4,0,0.8660254037844386,0.5000000000000001,-0.433883739117558,-0.9009688679024191,6726.282,7094.981,7890.124,7664.70625,473.6665941220142,6641.573,2026-04-11 08:00:00,2026-04-11 04:00:00
2026-04-10 09:00:00,2026-04-10 05:00:00,RFC,WEST,AEP,AEPAPT,3708.242,True,5,4,4,0,0.9659258262890683,0.25881904510252074,-0.433883739117558,-0.9009688679024191,3484.078,4061.445,4261.103,3807.8957916666664,355.6885936761287,3103.917,2026-04-11 09:00:00,2026-04-11 05:00:00
2026-04-10 09:00:00,2026-04-10 05:00:00,RFC,WEST,AEP,AEPIMP,3172.996,True,5,4,4,0,0.9659258262890683,0.25881904510252074,-0.433883739117558,-0.9009688679024191,3063.937,3306.506,3558.428,3368.924166666666,211.71141248481916,3031.403,2026-04-11 09:00:00,2026-04-11 05:00:00
2026-04-10 09:00:00,2026-04-10 05:00:00,RFC,WEST,AEP,AEPKPT,501.184,True,5,4,4,0,0.9659258262890683,0.25881904510252074,-0.433883739117558,-0.9009688679024191,480.411,539.913,631.19,552.4277916666666,48.952949266731636,460.793,2026-04-11 09:00:00,2026-04-11 05:00:00
2026-04-10 09:00:00,2026-04-10 05:00:00,RFC,WEST,AEP,AEPOPT,6982.889,True,5,4,4,0,0.9659258262890683,0.25881904510252074,-0.433883739117558,-0.9009688679024191,6836.409,7412.517,8186.789,7646.805083333334,491.39842495251776,6780.345,2026-04-11 09:00:00,2026-04-11 05:00:00
2026-04-10 10:00:00,2026-04-10 06:00:00,RFC,WEST,AEP,AEPAPT,4059.646,True,6,4,4,0,1.0,6.123233995736766e-17,-0.433883739117558,-0.9009688679024191,3708.242,4442.036,4617.164,3791.9628749999997,333.94756266363635,3218.897,2026-04-11 10:00:00,2026-04-11 06:00:00
2026-04-10 10:00:00,2026-04-10 06:00:00,RFC,WEST,AEP,AEPIMP,3324.324,True,6,4,4,0,1.0,6.123233995736766e-17,-0.433883739117558,-0.9009688679024191,3172.996,3525.463,3680.915,3360.5433749999997,209.21163349123066,3102.792,2026-04-11 10:00:00,2026-04-11 06:00:00
2026-04-10 10:00:00,2026-04-10 06:00:00,RFC,WEST,AEP,AEPKPT,547.74,True,6,4,4,0,1.0,6.123233995736766e-17,-0.433883739117558,-0.9009688679024191,501.184,591.184,692.128,550.617625,48.25579009621284,472.954,2026-04-11 10:00:00,2026-04-11 06:00:00
2026-04-10 10:00:00,2026-04-10 06:00:00,RFC,WEST,AEP,AEPOPT,7298.59,True,6,4,4,0,1.0,6.123233995736766e-17,-0.433883739117558,-0.9009688679024191,6982.889,7713.775,8735.122,7629.505708333334,496.2227677586324,6988.63,2026-04-11 10:00:00,2026-04-11 06:00:00
2026-04-10 11:00:00,2026-04-10 07:00:00,RFC,WEST,AEP,AEPAPT,4226.353,True,7,4,4,0,0.9659258262890683,-0.25881904510252063,-0.433883739117558,-0.9009688679024191,4059.646,4627.008,4790.153,3775.2689166666664,298.52451053996026,3338.861,2026-04-11 11:00:00,2026-04-11 07:00:00
2026-04-10 11:00:00,2026-04-10 07:00:00,RFC,WEST,AEP,AEPIMP,3352.896,True,7,4,4,0,0.9659258262890683,-0.25881904510252063,-0.433883739117558,-0.9009688679024191,3324.324,3601.131,3746.777,3350.20025,202.83932664019116,3139.163,2026-04-11 11:00:00,2026-04-11 07:00:00
2026-04-10 11:00:00,2026-04-10 07:00:00,RFC,WEST,AEP,AEPKPT,567.09,True,7,4,4,0,0.9659258262890683,-0.25881904510252063,-0.433883739117558,-0.9009688679024191,547.74,612.05,708.276,548.7442916666666,46.61193482311887,482.758,2026-04-11 11:00:00,2026-04-11 07:00:00
2026-04-10 11:00:00,2026-04-10 07:00:00,RFC,WEST,AEP,AEPOPT,7612.453,True,7,4,4,0,0.9659258262890683,-0.25881904510252063,-0.433883739117558,-0.9009688679024191,7298.59,7913.286,8874.4,7616.9710000000005,492.5285468477017,7171.796,2026-04-11 11:00:00,2026-04-11 07:00:00
2026-04-10 12:00:00,2026-04-10 08:00:00,RFC,WEST,AEP,AEPAPT,4108.742,True,8,4,4,0,0.8660254037844387,-0.4999999999999998,-0.433883739117558,-0.9009688679024191,4226.353,4477.424,4658.827,3759.9071666666664,268.8305797164198,3415.073,2026-04-11 12:00:00,2026-04-11 08:00:00
2026-04-10 12:00:00,2026-04-10 08:00:00,RFC,WEST,AEP,AEPIMP,3339.294,True,8,4,4,0,0.8660254037844387,-0.4999999999999998,-0.433883739117558,-0.9009688679024191,3352.896,3549.765,3713.839,3341.4306250000004,198.335939324254,3189.001,2026-04-11 12:00:00,2026-04-11 08:00:00
2026-04-10 12:00:00,2026-04-10 08:00:00,RFC,WEST,AEP,AEPKPT,573.106,True,8,4,4,0,0.8660254037844387,-0.4999999999999998,-0.433883739117558,-0.9009688679024191,567.09,616.294,686.264,546.9447916666667,44.684536618172174,498.352,2026-04-11 12:00:00,2026-04-11 08:00:00
2026-04-10 12:00:00,2026-04-10 08:00:00,RFC,WEST,AEP,AEPOPT,7751.737,True,8,4,4,0,0.8660254037844387,-0.4999999999999998,-0.433883739117558,-0.9009688679024191,7612.453,7953.306,8830.497,7608.572291666667,488.24389044771,7385.559,2026-04-11 12:00:00,2026-04-11 08:00:00
2026-04-10 13:00:00,2026-04-10 09:00:00,RFC,WEST,AEP,AEPAPT,3899.172,True,9,4,4,0,0.7071067811865476,-0.7071067811865475,-0.433883739117558,-0.9009688679024191,4108.742,4196.031,4361.488,3747.5380416666667,254.329986204926,3393.368,2026-04-11 13:00:00,2026-04-11 09:00:00
2026-04-10 13:00:00,2026-04-10 09:00:00,RFC,WEST,AEP,AEPIMP,3369.752,True,9,4,4,0,0.7071067811865476,-0.7071067811865475,-0.433883739117558,-0.9009688679024191,3339.294,3574.039,3710.781,3332.9186666666665,192.20809519726419,3151.213,2026-04-11 13:00:00,2026-04-11 09:00:00
2026-04-10 13:00:00,2026-04-10 09:00:00,RFC,WEST,AEP,AEPKPT,561.885,True,9,4,4,0,0.7071067811865476,-0.7071067811865475,-0.433883739117558,-0.9009688679024191,573.106,600.272,656.914,545.3453333333333,43.36011990764982,515.362,2026-04-11 13:00:00,2026-04-11 09:00:00
2026-04-10 13:00:00,2026-04-10 09:00:00,RFC,WEST,AEP,AEPOPT,7847.725,True,9,4,4,0,0.7071067811865476,-0.7071067811865475,-0.433883739117558,-0.9009688679024191,7751.737,7987.159,8665.275,7602.762541666667,484.3572283186402,7404.148,2026-04-11 13:00:00,2026-04-11 09:00:00
2026-04-10 14:00:00,2026-04-10 10:00:00,RFC,WEST,AEP,AEPAPT,3750.055,True,10,4,4,0,0.49999999999999994,-0.8660254037844387,-0.433883739117558,-0.9009688679024191,3899.172,3984.244,4135.62,3737.780166666667,249.2961832569693,3354.695,2026-04-11 14:00:00,2026-04-11 10:00:00
2026-04-10 14:00:00,2026-04-10 10:00:00,RFC,WEST,AEP,AEPIMP,3527.954,True,10,4,4,0,0.49999999999999994,-0.8660254037844387,-0.433883739117558,-0.9009688679024191,3369.752,3604.965,3675.528,3329.709875,188.06721211572722,3190.739,2026-04-11 14:00:00,2026-04-11 10:00:00
2026-04-10 14:00:00,2026-04-10 10:00:00,RFC,WEST,AEP,AEPKPT,557.155,True,10,4,4,0,0.49999999999999994,-0.8660254037844387,-0.433883739117558,-0.9009688679024191,561.885,579.131,612.087,544.4296666666667,42.84459999830161,516.118,2026-04-11 14:00:00,2026-04-11 10:00:00
2026-04-10 14:00:00,2026-04-10 10:00:00,RFC,WEST,AEP,AEPOPT,7934.861,True,10,4,4,0,0.49999999999999994,-0.8660254037844387,-0.433883739117558,-0.9009688679024191,7847.725,7962.754,8469.184,7601.600333333333,483.4885630966577,7436.088,2026-04-11 14:00:00,2026-04-11 10:00:00
2026-04-10 15:00:00,2026-04-10 11:00:00,RFC,WEST,AEP,AEPAPT,3674.311,True,11,4,4,0,0.258819045102521,-0.9659258262890682,-0.433883739117558,-0.9009688679024191,3750.055,3830.498,3954.046,3731.272375,248.808710068041,3373.686,2026-04-11 15:00:00,2026-04-11 11:00:00
2026-04-10 15:00:00,2026-04-10 11:00:00,RFC,WEST,AEP,AEPIMP,3427.691,True,11,4,4,0,0.258819045102521,-0.9659258262890682,-0.433883739117558,-0.9009688679024191,3527.954,3527.639,3536.494,3325.545375,184.56782459780067,3149.465,2026-04-11 15:00:00,2026-04-11 11:00:00
2026-04-10 15:00:00,2026-04-10 11:00:00,RFC,WEST,AEP,AEPKPT,549.086,True,11,4,4,0,0.258819045102521,-0.9659258262890682,-0.433883739117558,-0.9009688679024191,557.155,562.324,578.951,543.8780833333333,42.68914261812936,524.442,2026-04-11 15:00:00,2026-04-11 11:00:00
2026-04-10 15:00:00,2026-04-10 11:00:00,RFC,WEST,AEP,AEPOPT,8047.319,True,11,4,4,0,0.258819045102521,-0.9659258262890682,-0.433883739117558,-0.9009688679024191,7934.861,7919.998,8300.619,7606.905375000001,487.81322144174254,7379.397,2026-04-11 15:00:00,2026-04-11 11:00:00
2026-04-10 16:00:00,2026-04-10 12:00:00,RFC,WEST,AEP,AEPAPT,3631.625,True,12,4,4,0,1.2246467991473532e-16,-1.0,-0.433883739117558,-0.9009688679024191,3674.311,3719.627,3811.919,3727.605625,249.6348733636543,3402.254,2026-04-11 16:00:00,2026-04-11 12:00:00
2026-04-10 16:00:00,2026-04-10 12:00:00,RFC,WEST,AEP,AEPIMP,3435.53,True,12,4,4,0,1.2246467991473532e-16,-1.0,-0.433883739117558,-0.9009688679024191,3427.691,3541.239,3445.936,3321.1408333333334,180.4112164330111,3132.225,2026-04-11 16:00:00,2026-04-11 12:00:00
2026-04-10 16:00:00,2026-04-10 12:00:00,RFC,WEST,AEP,AEPKPT,548.849,True,12,4,4,0,1.2246467991473532e-16,-1.0,-0.433883739117558,-0.9009688679024191,549.086,560.148,559.621,543.4072916666667,42.56403206574554,522.904,2026-04-11 16:00:00,2026-04-11 12:00:00
2026-04-10 16:00:00,2026-04-10 12:00:00,RFC,WEST,AEP,AEPOPT,8135.283,True,12,4,4,0,1.2246467991473532e-16,-1.0,-0.433883739117558,-0.9009688679024191,8047.319,7924.625,8094.22,7615.682791666667,495.6115290951986,7318.236,2026-04-11 16:00:00,2026-04-11 12:00:00
2026-04-10 17:00:00,2026-04-10 13:00:00,RFC,WEST,AEP,AEPAPT,3623.191,True,13,4,4,0,-0.2588190451025208,-0.9659258262890683,-0.433883739117558,-0.9009688679024191,3631.625,3673.045,3730.654,3725.528375,250.31511469898493,3451.844,2026-04-11 17:00:00,2026-04-11 13:00:00
2026-04-10 17:00:00,2026-04-10 13:00:00,RFC,WEST,AEP,AEPIMP,3527.942,True,13,4,4,0,-0.2588190451025208,-0.9659258262890683,-0.433883739117558,-0.9009688679024191,3435.53,3540.564,3443.021,3320.614916666667,179.7609910391636,3099.208,2026-04-11 17:00:00,2026-04-11 13:00:00
2026-04-10 17:00:00,2026-04-10 13:00:00,RFC,WEST,AEP,AEPKPT,556.836,True,13,4,4,0,-0.2588190451025208,-0.9659258262890683,-0.433883739117558,-0.9009688679024191,548.849,555.945,545.917,543.4444166666667,42.57583004365002,535.181,2026-04-11 17:00:00,2026-04-11 13:00:00
2026-04-10 17:00:00,2026-04-10 13:00:00,RFC,WEST,AEP,AEPOPT,8087.556,True,13,4,4,0,-0.2588190451025208,-0.9659258262890683,-0.433883739117558,-0.9009688679024191,8135.283,7978.336,8007.59,7620.233625000001,499.57190595155214,7197.962,2026-04-11 17:00:00,2026-04-11 13:00:00
2026-04-10 18:00:00,2026-04-10 14:00:00,RFC,WEST,AEP,AEPAPT,3663.009,True,14,4,4,0,-0.4999999999999997,-0.8660254037844388,-0.433883739117558,-0.9009688679024191,3623.191,3674.19,3656.276,3725.0625,250.42519818952036,3441.67,2026-04-11 18:00:00,2026-04-11 14:00:00
2026-04-10 18:00:00,2026-04-10 14:00:00,RFC,WEST,AEP,AEPIMP,3365.338,True,14,4,4,0,-0.4999999999999997,-0.8660254037844388,-0.433883739117558,-0.9009688679024191,3527.942,3484.764,3368.696,3315.638833333333,176.64546642323495,3074.733,2026-04-11 18:00:00,2026-04-11 14:00:00
2026-04-10 18:00:00,2026-04-10 14:00:00,RFC,WEST,AEP,AEPKPT,570.892,True,14,4,4,0,-0.4999999999999997,-0.8660254037844388,-0.433883739117558,-0.9009688679024191,556.836,567.607,540.706,543.5812916666667,42.662079564143305,541.232,2026-04-11 18:00:00,2026-04-11 14:00:00
2026-04-10 18:00:00,2026-04-10 14:00:00,RFC,WEST,AEP,AEPOPT,8090.562,True,14,4,4,0,-0.4999999999999997,-0.8660254037844388,-0.433883739117558,-0.9009688679024191,8087.556,7926.359,7955.84,7627.075416666667,505.04113669575986,7126.349,2026-04-11 18:00:00,2026-04-11 14:00:00
2026-04-10 19:00:00,2026-04-10 15:00:00,RFC,WEST,AEP,AEPAPT,3687.999,True,15,4,4,0,-0.7071067811865471,-0.7071067811865479,-0.433883739117558,-0.9009688679024191,3663.009,3678.394,3635.568,3725.462708333333,250.35503898758685,3536.603,2026-04-11 19:00:00,2026-04-11 15:00:00
2026-04-10 19:00:00,2026-04-10 15:00:00,RFC,WEST,AEP,AEPIMP,3381.647,True,15,4,4,0,-0.7071067811865471,-0.7071067811865479,-0.433883739117558,-0.9009688679024191,3365.338,3451.957,3314.591,3312.70925,174.86040831132274,3069.504,2026-04-11 19:00:00,2026-04-11 15:00:00
2026-04-10 19:00:00,2026-04-10 15:00:00,RFC,WEST,AEP,AEPKPT,570.28,True,15,4,4,0,-0.7071067811865471,-0.7071067811865479,-0.433883739117558,-0.9009688679024191,570.892,576.687,544.008,543.3143333333334,42.46550643877245,556.15,2026-04-11 19:00:00,2026-04-11 15:00:00
2026-04-10 19:00:00,2026-04-10 15:00:00,RFC,WEST,AEP,AEPOPT,8059.821,True,15,4,4,0,-0.7071067811865471,-0.7071067811865479,-0.433883739117558,-0.9009688679024191,8090.562,7990.962,7830.147,7629.944541666667,507.38838454125596,7124.871,2026-04-11 19:00:00,2026-04-11 15:00:00
2026-04-10 20:00:00,2026-04-10 16:00:00,RFC,WEST,AEP,AEPAPT,3766.154,True,16,4,4,0,-0.8660254037844384,-0.5000000000000004,-0.433883739117558,-0.9009688679024191,3687.999,3742.71,3671.675,3726.4395416666666,250.47097018598967,3649.645,2026-04-11 20:00:00,2026-04-11 16:00:00
2026-04-10 20:00:00,2026-04-10 16:00:00,RFC,WEST,AEP,AEPIMP,3332.11,True,16,4,4,0,-0.8660254037844384,-0.5000000000000004,-0.433883739117558,-0.9009688679024191,3381.647,3407.69,3329.92,3309.5600833333333,173.75254359023884,3040.842,2026-04-11 20:00:00,2026-04-11 16:00:00
2026-04-10 20:00:00,2026-04-10 16:00:00,RFC,WEST,AEP,AEPKPT,586.221,True,16,4,4,0,-0.8660254037844384,-0.5000000000000004,-0.433883739117558,-0.9009688679024191,570.28,589.236,544.706,543.1887083333334,42.327987590162444,565.116,2026-04-11 20:00:00,2026-04-11 16:00:00
2026-04-10 20:00:00,2026-04-10 16:00:00,RFC,WEST,AEP,AEPOPT,7989.17,True,16,4,4,0,-0.8660254037844384,-0.5000000000000004,-0.433883739117558,-0.9009688679024191,8059.821,8027.115,7860.697,7628.3634999999995,506.1545965055885,7228.531,2026-04-11 20:00:00,2026-04-11 16:00:00
2026-04-10 21:00:00,2026-04-10 17:00:00,RFC,WEST,AEP,AEPAPT,3819.696,True,17,4,4,0,-0.9659258262890683,-0.25881904510252063,-0.433883739117558,-0.9009688679024191,3766.154,3797.567,3737.936,3727.3615833333333,250.7847255132877,3735.55,2026-04-11 21:00:00,2026-04-11 17:00:00
2026-04-10 21:00:00,2026-04-10 17:00:00,RFC,WEST,AEP,AEPIMP,3326.514,True,17,4,4,0,-0.9659258262890683,-0.25881904510252063,-0.433883739117558,-0.9009688679024191,3332.11,3405.972,3331.725,3306.2493333333337,172.58871434403133,3012.866,2026-04-11 21:00:00,2026-04-11 17:00:00
2026-04-10 21:00:00,2026-04-10 17:00:00,RFC,WEST,AEP,AEPKPT,584.06,True,17,4,4,0,-0.9659258262890683,-0.25881904510252063,-0.433883739117558,-0.9009688679024191,586.221,595.672,555.104,542.704875,41.76460670004875,570.23,2026-04-11 21:00:00,2026-04-11 17:00:00
2026-04-10 21:00:00,2026-04-10 17:00:00,RFC,WEST,AEP,AEPOPT,7872.837,True,17,4,4,0,-0.9659258262890683,-0.25881904510252063,-0.433883739117558,-0.9009688679024191,7989.17,8037.669,7846.892,7621.4955,501.455757798012,7246.184,2026-04-11 21:00:00,2026-04-11 17:00:00
2026-04-10 22:00:00,2026-04-10 18:00:00,RFC,WEST,AEP,AEPAPT,3828.442,True,18,4,4,0,-1.0,-1.8369701987210297e-16,-0.433883739117558,-0.9009688679024191,3819.696,3869.077,3820.993,3725.6684583333335,249.92204852939307,3748.231,2026-04-11 22:00:00,2026-04-11 18:00:00
2026-04-10 22:00:00,2026-04-10 18:00:00,RFC,WEST,AEP,AEPIMP,3284.26,True,18,4,4,0,-1.0,-1.8369701987210297e-16,-0.433883739117558,-0.9009688679024191,3326.514,3420.588,3384.851,3300.569,170.89708203909257,3100.109,2026-04-11 22:00:00,2026-04-11 18:00:00
2026-04-10 22:00:00,2026-04-10 18:00:00,RFC,WEST,AEP,AEPKPT,581.93,True,18,4,4,0,-1.0,-1.8369701987210297e-16,-0.433883739117558,-0.9009688679024191,584.06,590.7,548.433,542.3394583333334,41.36285262530271,566.572,2026-04-11 22:00:00,2026-04-11 18:00:00
2026-04-10 22:00:00,2026-04-10 18:00:00,RFC,WEST,AEP,AEPOPT,7811.249,True,18,4,4,0,-1.0,-1.8369701987210297e-16,-0.433883739117558,-0.9009688679024191,7872.837,8011.85,7779.762,7613.137125,496.3117984024771,7245.588,2026-04-11 22:00:00,2026-04-11 18:00:00
2026-04-10 23:00:00,2026-04-10 19:00:00,RFC,WEST,AEP,AEPAPT,3806.464,True,19,4,4,0,-0.9659258262890684,0.2588190451025203,-0.433883739117558,-0.9009688679024191,3828.442,3939.214,3915.773,3720.1372083333335,246.43507351976817,3707.407,2026-04-11 23:00:00,2026-04-11 19:00:00
2026-04-10 23:00:00,2026-04-10 19:00:00,RFC,WEST,AEP,AEPIMP,3270.544,True,19,4,4,0,-0.9659258262890684,0.2588190451025203,-0.433883739117558,-0.9009688679024191,3284.26,3470.875,3370.343,3292.2218749999997,167.0666191033801,3116.822,2026-04-11 23:00:00,2026-04-11 19:00:00
2026-04-10 23:00:00,2026-04-10 19:00:00,RFC,WEST,AEP,AEPKPT,564.945,True,19,4,4,0,-0.9659258262890684,0.2588190451025203,-0.433883739117558,-0.9009688679024191,581.93,578.22,557.978,541.7863333333333,40.94886672919987,558.248,2026-04-11 23:00:00,2026-04-11 19:00:00
2026-04-10 23:00:00,2026-04-10 19:00:00,RFC,WEST,AEP,AEPOPT,7703.243,True,19,4,4,0,-0.9659258262890684,0.2588190451025203,-0.433883739117558,-0.9009688679024191,7811.249,7927.872,7868.103,7603.7775833333335,492.2195882828034,7155.82,2026-04-11 23:00:00,2026-04-11 19:00:00
2026-04-11 00:00:00,2026-04-10 20:00:00,RFC,WEST,AEP,AEPAPT,3816.333,True,20,4,4,0,-0.8660254037844386,0.5000000000000001,-0.433883739117558,-0.9009688679024191,3806.464,4032.651,4070.119,3711.1239583333336,238.33066887752105,3696.451,2026-04-12 00:00:00,2026-04-11 20:00:00
2026-04-11 00:00:00,2026-04-10 20:00:00,RFC,WEST,AEP,AEPIMP,3284.774,True,20,4,4,0,-0.8660254037844386,0.5000000000000001,-0.433883739117558,-0.9009688679024191,3270.544,3499.376,3474.397,3283.2801249999998,161.13491402799002,3170.568,2026-04-12 00:00:00,2026-04-11 20:00:00
2026-04-11 00:00:00,2026-04-10 20:00:00,RFC,WEST,AEP,AEPKPT,562.925,True,20,4,4,0,-0.8660254037844386,0.5000000000000001,-0.433883739117558,-0.9009688679024191,564.945,586.205,571.502,540.8163333333333,40.11823095677854,556.387,2026-04-12 00:00:00,2026-04-11 20:00:00
2026-04-11 00:00:00,2026-04-10 20:00:00,RFC,WEST,AEP,AEPOPT,7710.018,True,20,4,4,0,-0.8660254037844386,0.5000000000000001,-0.433883739117558,-0.9009688679024191,7703.243,8153.745,7990.287,7585.2889583333335,478.81474114130043,7368.958,2026-04-12 00:00:00,2026-04-11 20:00:00
2026-04-11 01:00:00,2026-04-10 21:00:00,RFC,WEST,AEP,AEPAPT,3722.235,True,21,4,4,0,-0.7071067811865477,0.7071067811865474,-0.433883739117558,-0.9009688679024191,3816.333,3905.985,4014.575,3703.4677083333336,234.72282187303682,3624.939,2026-04-12 01:00:00,2026-04-11 21:00:00
2026-04-11 01:00:00,2026-04-10 21:00:00,RFC,WEST,AEP,AEPIMP,3216.837,True,21,4,4,0,-0.7071067811865477,0.7071067811865474,-0.433883739117558,-0.9009688679024191,3284.774,3470.592,3476.116,3272.707,156.57038408137467,3167.056,2026-04-12 01:00:00,2026-04-11 21:00:00
2026-04-11 01:00:00,2026-04-10 21:00:00,RFC,WEST,AEP,AEPKPT,554.847,True,21,4,4,0,-0.7071067811865477,0.7071067811865474,-0.433883739117558,-0.9009688679024191,562.925,574.692,560.608,539.9894583333333,39.59070814787653,541.902,2026-04-12 01:00:00,2026-04-11 21:00:00
2026-04-11 01:00:00,2026-04-10 21:00:00,RFC,WEST,AEP,AEPOPT,7564.407,True,21,4,4,0,-0.7071067811865477,0.7071067811865474,-0.433883739117558,-0.9009688679024191,7710.018,7995.465,7925.338,7567.328208333333,470.7769407073076,7375.856,2026-04-12 01:00:00,2026-04-11 21:00:00
2026-04-11 02:00:00,2026-04-10 22:00:00,RFC,WEST,AEP,AEPAPT,3538.03,True,22,4,4,0,-0.5000000000000004,0.8660254037844384,-0.433883739117558,-0.9009688679024191,3722.235,3702.574,3877.371,3696.6117083333334,237.1406842072913,3463.259,2026-04-12 02:00:00,2026-04-11 22:00:00
2026-04-11 02:00:00,2026-04-10 22:00:00,RFC,WEST,AEP,AEPIMP,3160.929,True,22,4,4,0,-0.5000000000000004,0.8660254037844384,-0.433883739117558,-0.9009688679024191,3216.837,3328.403,3390.689,3265.728916666667,157.70806660764381,3089.261,2026-04-12 02:00:00,2026-04-11 22:00:00
2026-04-11 02:00:00,2026-04-10 22:00:00,RFC,WEST,AEP,AEPKPT,531.582,True,22,4,4,0,-0.5000000000000004,0.8660254037844384,-0.433883739117558,-0.9009688679024191,554.847,538.258,540.621,539.7112916666666,39.626838903953754,525.045,2026-04-12 02:00:00,2026-04-11 22:00:00
2026-04-11 02:00:00,2026-04-10 22:00:00,RFC,WEST,AEP,AEPOPT,7335.9,True,22,4,4,0,-0.5000000000000004,0.8660254037844384,-0.433883739117558,-0.9009688679024191,7564.407,7586.519,7700.491,7556.88575,473.1065231830605,7117.17,2026-04-12 02:00:00,2026-04-11 22:00:00
2026-04-11 03:00:00,2026-04-10 23:00:00,RFC,WEST,AEP,AEPAPT,3331.95,True,23,4,4,0,-0.25881904510252157,0.9659258262890681,-0.433883739117558,-0.9009688679024191,3538.03,3506.703,3745.035,3689.3303333333333,245.75187171150878,3246.185,2026-04-12 03:00:00,2026-04-11 23:00:00
2026-04-11 03:00:00,2026-04-10 23:00:00,RFC,WEST,AEP,AEPIMP,3028.309,True,23,4,4,0,-0.25881904510252157,0.9659258262890681,-0.433883739117558,-0.9009688679024191,3160.929,3109.664,3240.959,3262.339125,162.02366579642597,3013.219,2026-04-12 03:00:00,2026-04-11 23:00:00
2026-04-11 03:00:00,2026-04-10 23:00:00,RFC,WEST,AEP,AEPKPT,502.718,True,23,4,4,0,-0.25881904510252157,0.9659258262890681,-0.433883739117558,-0.9009688679024191,531.582,507.068,510.823,539.5300416666666,39.79224144115542,495.87,2026-04-12 03:00:00,2026-04-11 23:00:00
2026-04-11 03:00:00,2026-04-10 23:00:00,RFC,WEST,AEP,AEPOPT,7136.289,True,23,4,4,0,-0.25881904510252157,0.9659258262890681,-0.433883739117558,-0.9009688679024191,7335.9,7302.612,7419.827,7549.955625,478.1840122158491,6967.882,2026-04-12 03:00:00,2026-04-11 23:00:00
2026-04-11 04:00:00,2026-04-11 00:00:00,RFC,WEST,AEP,AEPAPT,3142.703,True,0,5,4,1,0.0,1.0,-0.9749279121818236,-0.2225209339563146,3331.95,3372.91,3656.634,3679.7383749999995,262.5570807165905,3096.753,2026-04-12 04:00:00,2026-04-12 00:00:00
2026-04-11 04:00:00,2026-04-11 00:00:00,RFC,WEST,AEP,AEPIMP,2988.344,True,0,5,4,1,0.0,1.0,-0.9749279121818236,-0.2225209339563146,3028.309,3040.388,3219.174,3260.170625,165.4357276508699,2970.85,2026-04-12 04:00:00,2026-04-12 00:00:00
2026-04-11 04:00:00,2026-04-11 00:00:00,RFC,WEST,AEP,AEPKPT,478.703,True,0,5,4,1,0.0,1.0,-0.9749279121818236,-0.2225209339563146,502.718,484.588,495.981,539.2848333333333,40.16194122026082,471.857,2026-04-12 04:00:00,2026-04-12 00:00:00
2026-04-11 04:00:00,2026-04-11 00:00:00,RFC,WEST,AEP,AEPOPT,6820.629,True,0,5,4,1,0.0,1.0,-0.9749279121818236,-0.2225209339563146,7136.289,7023.323,7216.14,7541.510041666667,489.5447030502499,6798.296,2026-04-12 04:00:00,2026-04-12 00:00:00
2026-04-11 05:00:00,2026-04-11 01:00:00,RFC,WEST,AEP,AEPAPT,3071.462,True,1,5,4,1,0.25881904510252074,0.9659258262890683,-0.9749279121818236,-0.2225209339563146,3142.703,3316.352,3645.11,3669.534625,281.377417058486,2992.647,2026-04-12 05:00:00,2026-04-12 01:00:00
2026-04-11 05:00:00,2026-04-11 01:00:00,RFC,WEST,AEP,AEPIMP,2924.596,True,1,5,4,1,0.25881904510252074,0.9659258262890683,-0.9749279121818236,-0.2225209339563146,2988.344,3045.228,3175.444,3255.144291666667,173.86779083631419,2840.252,2026-04-12 05:00:00,2026-04-12 01:00:00
2026-04-11 05:00:00,2026-04-11 01:00:00,RFC,WEST,AEP,AEPKPT,464.811,True,1,5,4,1,0.25881904510252074,0.9659258262890683,-0.9749279121818236,-0.2225209339563146,478.703,471.215,486.543,539.0179999999999,40.65213821853785,459.477,2026-04-12 05:00:00,2026-04-12 01:00:00
2026-04-11 05:00:00,2026-04-11 01:00:00,RFC,WEST,AEP,AEPOPT,6794.034,True,1,5,4,1,0.25881904510252074,0.9659258262890683,-0.9749279121818236,-0.2225209339563146,6820.629,6842.353,7126.006,7539.496749999999,492.63466304009137,6723.165,2026-04-12 05:00:00,2026-04-12 01:00:00
2026-04-11 06:00:00,2026-04-11 02:00:00,RFC,WEST,AEP,AEPAPT,3022.994,True,2,5,4,1,0.49999999999999994,0.8660254037844387,-0.9749279121818236,-0.2225209339563146,3071.462,3327.045,3664.038,3656.8658333333333,303.4474703390822,2954.363,2026-04-12 06:00:00,2026-04-12 02:00:00
2026-04-11 06:00:00,2026-04-11 02:00:00,RFC,WEST,AEP,AEPIMP,2854.762,True,2,5,4,1,0.49999999999999994,0.8660254037844387,-0.9749279121818236,-0.2225209339563146,2924.596,3033.036,3113.034,3247.7162083333333,187.0758799782807,2829.544,2026-04-12 06:00:00,2026-04-12 02:00:00
2026-04-11 06:00:00,2026-04-11 02:00:00,RFC,WEST,AEP,AEPKPT,458.75,True,2,5,4,1,0.49999999999999994,0.8660254037844387,-0.9749279121818236,-0.2225209339563146,464.811,467.923,485.755,538.6357916666667,41.386125937143724,454.768,2026-04-12 06:00:00,2026-04-12 02:00:00
2026-04-11 06:00:00,2026-04-11 02:00:00,RFC,WEST,AEP,AEPOPT,6742.944,True,2,5,4,1,0.49999999999999994,0.8660254037844387,-0.9749279121818236,-0.2225209339563146,6794.034,6798.659,7077.029,7537.175291666666,496.39444912965246,6608.333,2026-04-12 06:00:00,2026-04-12 02:00:00
2026-04-11 07:00:00,2026-04-11 03:00:00,RFC,WEST,AEP,AEPAPT,3005.125,True,3,5,4,1,0.7071067811865475,0.7071067811865476,-0.9749279121818236,-0.2225209339563146,3022.994,3381.894,3695.437,3641.167125,327.11454348967993,2948.184,2026-04-12 07:00:00,2026-04-12 03:00:00
2026-04-11 07:00:00,2026-04-11 03:00:00,RFC,WEST,AEP,AEPIMP,2937.633,True,3,5,4,1,0.7071067811865475,0.7071067811865476,-0.9749279121818236,-0.2225209339563146,2854.762,2983.909,3148.471,3245.7880416666667,190.12672856978338,2854.924,2026-04-12 07:00:00,2026-04-12 03:00:00
2026-04-11 07:00:00,2026-04-11 03:00:00,RFC,WEST,AEP,AEPKPT,453.793,True,3,5,4,1,0.7071067811865475,0.7071067811865476,-0.9749279121818236,-0.2225209339563146,458.75,471.253,495.375,537.9082916666666,42.75299084221693,454.511,2026-04-12 07:00:00,2026-04-12 03:00:00
2026-04-11 07:00:00,2026-04-11 03:00:00,RFC,WEST,AEP,AEPOPT,6651.847,True,3,5,4,1,0.7071067811865475,0.7071067811865476,-0.9749279121818236,-0.2225209339563146,6742.944,6726.282,7072.681,7534.073833333333,501.88335412589686,6592.045,2026-04-12 07:00:00,2026-04-12 03:00:00
2026-04-11 08:00:00,2026-04-11 04:00:00,RFC,WEST,AEP,AEPAPT,3028.484,True,4,5,4,1,0.8660254037844386,0.5000000000000001,-0.9749279121818236,-0.2225209339563146,3005.125,3484.078,3825.236,3622.184041666667,349.10726547275914,2976.155,2026-04-12 08:00:00,2026-04-12 04:00:00
2026-04-11 08:00:00,2026-04-11 04:00:00,RFC,WEST,AEP,AEPIMP,2944.801,True,4,5,4,1,0.8660254037844386,0.5000000000000001,-0.9749279121818236,-0.2225209339563146,2937.633,3063.937,3227.845,3240.8240416666667,196.5285667779076,2828.961,2026-04-12 08:00:00,2026-04-12 04:00:00
2026-04-11 08:00:00,2026-04-11 04:00:00,RFC,WEST,AEP,AEPKPT,458.348,True,4,5,4,1,0.8660254037844386,0.5000000000000001,-0.9749279121818236,-0.2225209339563146,453.793,480.411,508.427,536.989,44.25393046950717,458.353,2026-04-12 08:00:00,2026-04-12 04:00:00
2026-04-11 08:00:00,2026-04-11 04:00:00,RFC,WEST,AEP,AEPOPT,6641.573,True,4,5,4,1,0.8660254037844386,0.5000000000000001,-0.9749279121818236,-0.2225209339563146,6651.847,6836.409,7094.981,7525.955666666666,515.0617748146158,6661.524,2026-04-12 08:00:00,2026-04-12 04:00:00
2026-04-11 09:00:00,2026-04-11 05:00:00,RFC,WEST,AEP,AEPAPT,3103.917,True,5,5,4,1,0.9659258262890683,0.25881904510252074,-0.9749279121818236,-0.2225209339563146,3028.484,3708.242,4061.445,3597.0038333333337,364.10241209925067,3036.051,2026-04-12 09:00:00,2026-04-12 05:00:00
2026-04-11 09:00:00,2026-04-11 05:00:00,RFC,WEST,AEP,AEPIMP,3031.403,True,5,5,4,1,0.9659258262890683,0.25881904510252074,-0.9749279121818236,-0.2225209339563146,2944.801,3172.996,3306.506,3234.924333333334,200.73356296661757,2865.891,2026-04-12 09:00:00,2026-04-12 05:00:00
2026-04-11 09:00:00,2026-04-11 05:00:00,RFC,WEST,AEP,AEPKPT,460.793,True,5,5,4,1,0.9659258262890683,0.25881904510252074,-0.9749279121818236,-0.2225209339563146,458.348,501.184,539.913,535.3060416666667,46.39119779092176,463.765,2026-04-12 09:00:00,2026-04-12 05:00:00
2026-04-11 09:00:00,2026-04-11 05:00:00,RFC,WEST,AEP,AEPOPT,6780.345,True,5,5,4,1,0.9659258262890683,0.25881904510252074,-0.9749279121818236,-0.2225209339563146,6641.573,6982.889,7412.517,7517.516333333333,525.8923289783871,6700.831,2026-04-12 09:00:00,2026-04-12 05:00:00
2026-04-11 10:00:00,2026-04-11 06:00:00,RFC,WEST,AEP,AEPAPT,3218.897,True,6,5,4,1,1.0,6.123233995736766e-17,-0.9749279121818236,-0.2225209339563146,3103.917,4059.646,4442.036,3561.972625,358.0501288124223,3126.296,2026-04-12 10:00:00,2026-04-12 06:00:00
2026-04-11 10:00:00,2026-04-11 06:00:00,RFC,WEST,AEP,AEPIMP,3102.792,True,6,5,4,1,1.0,6.123233995736766e-17,-0.9749279121818236,-0.2225209339563146,3031.403,3324.324,3525.463,3225.6938333333333,201.53572969610755,2914.727,2026-04-12 10:00:00,2026-04-12 06:00:00
2026-04-11 10:00:00,2026-04-11 06:00:00,RFC,WEST,AEP,AEPKPT,472.954,True,6,5,4,1,1.0,6.123233995736766e-17,-0.9749279121818236,-0.2225209339563146,460.793,547.74,591.184,532.1899583333333,48.00336433814585,475.218,2026-04-12 10:00:00,2026-04-12 06:00:00
2026-04-11 10:00:00,2026-04-11 06:00:00,RFC,WEST,AEP,AEPOPT,6988.63,True,6,5,4,1,1.0,6.123233995736766e-17,-0.9749279121818236,-0.2225209339563146,6780.345,7298.59,7713.775,7504.601333333333,535.225752425256,6892.495,2026-04-12 10:00:00,2026-04-12 06:00:00
2026-04-11 11:00:00,2026-04-11 07:00:00,RFC,WEST,AEP,AEPAPT,3338.861,True,7,5,4,1,0.9659258262890683,-0.25881904510252063,-0.9749279121818236,-0.2225209339563146,3218.897,4226.353,4627.008,3524.9937916666663,331.27925136486834,3231.384,2026-04-12 11:00:00,2026-04-12 07:00:00
2026-04-11 11:00:00,2026-04-11 07:00:00,RFC,WEST,AEP,AEPIMP,3139.163,True,7,5,4,1,0.9659258262890683,-0.25881904510252063,-0.9749279121818236,-0.2225209339563146,3102.792,3352.896,3601.131,3216.788291666667,200.3894841998085,2943.229,2026-04-12 11:00:00,2026-04-12 07:00:00
2026-04-11 11:00:00,2026-04-11 07:00:00,RFC,WEST,AEP,AEPKPT,482.758,True,7,5,4,1,0.9659258262890683,-0.25881904510252063,-0.9749279121818236,-0.2225209339563146,472.954,567.09,612.05,528.6761250000001,48.42232943529455,480.853,2026-04-12 11:00:00,2026-04-12 07:00:00
2026-04-11 11:00:00,2026-04-11 07:00:00,RFC,WEST,AEP,AEPOPT,7171.796,True,7,5,4,1,0.9659258262890683,-0.25881904510252063,-0.9749279121818236,-0.2225209339563146,6988.63,7612.453,7913.286,7486.240624999999,538.9106795637746,7015.392,2026-04-12 11:00:00,2026-04-12 07:00:00
2026-04-11 12:00:00,2026-04-11 08:00:00,RFC,WEST,AEP,AEPAPT,3415.073,True,8,5,4,1,0.8660254037844387,-0.4999999999999998,-0.9749279121818236,-0.2225209339563146,3338.861,4108.742,4477.424,3496.0909166666665,307.5448540041394,3341.532,2026-04-12 12:00:00,2026-04-12 08:00:00
2026-04-11 12:00:00,2026-04-11 08:00:00,RFC,WEST,AEP,AEPIMP,3189.001,True,8,5,4,1,0.8660254037844387,-0.4999999999999998,-0.9749279121818236,-0.2225209339563146,3139.163,3339.294,3549.765,3210.5260833333336,198.73623142002504,2978.255,2026-04-12 12:00:00,2026-04-12 08:00:00
2026-04-11 12:00:00,2026-04-11 08:00:00,RFC,WEST,AEP,AEPKPT,498.352,True,8,5,4,1,0.8660254037844387,-0.4999999999999998,-0.9749279121818236,-0.2225209339563146,482.758,573.106,616.294,525.561375,47.84090684833042,499.766,2026-04-12 12:00:00,2026-04-12 08:00:00
2026-04-11 12:00:00,2026-04-11 08:00:00,RFC,WEST,AEP,AEPOPT,7385.559,True,8,5,4,1,0.8660254037844387,-0.4999999999999998,-0.9749279121818236,-0.2225209339563146,7171.796,7751.737,7953.306,7470.983208333334,536.2441894589741,7141.664,2026-04-12 12:00:00,2026-04-12 08:00:00
2026-04-11 13:00:00,2026-04-11 09:00:00,RFC,WEST,AEP,AEPAPT,3393.368,True,9,5,4,1,0.7071067811865476,-0.7071067811865475,-0.9749279121818236,-0.2225209339563146,3415.073,3899.172,4196.031,3475.01575,295.82941547809025,3345.54,2026-04-12 13:00:00,2026-04-12 09:00:00
2026-04-11 13:00:00,2026-04-11 09:00:00,RFC,WEST,AEP,AEPIMP,3151.213,True,9,5,4,1,0.7071067811865476,-0.7071067811865475,-0.9749279121818236,-0.2225209339563146,3189.001,3369.752,3574.039,3201.420291666667,196.11279377915457,3113.544,2026-04-12 13:00:00,2026-04-12 09:00:00
2026-04-11 13:00:00,2026-04-11 09:00:00,RFC,WEST,AEP,AEPKPT,515.362,True,9,5,4,1,0.7071067811865476,-0.7071067811865475,-0.9749279121818236,-0.2225209339563146,498.352,561.885,600.272,523.6229166666667,47.24392902605389,508.817,2026-04-12 13:00:00,2026-04-12 09:00:00
2026-04-11 13:00:00,2026-04-11 09:00:00,RFC,WEST,AEP,AEPOPT,7404.148,True,9,5,4,1,0.7071067811865476,-0.7071067811865475,-0.9749279121818236,-0.2225209339563146,7385.559,7847.725,7987.159,7452.500833333333,530.3060772383019,7283.64,2026-04-12 13:00:00,2026-04-12 09:00:00
2026-04-11 14:00:00,2026-04-11 10:00:00,RFC,WEST,AEP,AEPAPT,3354.695,True,10,5,4,1,0.49999999999999994,-0.8660254037844387,-0.9749279121818236,-0.2225209339563146,3393.368,3750.055,3984.244,3458.5424166666667,290.8132216360536,3312.305,2026-04-12 14:00:00,2026-04-12 10:00:00
2026-04-11 14:00:00,2026-04-11 10:00:00,RFC,WEST,AEP,AEPIMP,3190.739,True,10,5,4,1,0.49999999999999994,-0.8660254037844387,-0.9749279121818236,-0.2225209339563146,3151.213,3527.954,3604.965,3187.369666666667,183.36670162999613,3041.404,2026-04-12 14:00:00,2026-04-12 10:00:00
2026-04-11 14:00:00,2026-04-11 10:00:00,RFC,WEST,AEP,AEPKPT,516.118,True,10,5,4,1,0.49999999999999994,-0.8660254037844387,-0.9749279121818236,-0.2225209339563146,515.362,557.155,579.131,521.9130416666667,46.71723362629489,505.533,2026-04-12 14:00:00,2026-04-12 10:00:00
2026-04-11 14:00:00,2026-04-11 10:00:00,RFC,WEST,AEP,AEPOPT,7436.088,True,10,5,4,1,0.49999999999999994,-0.8660254037844387,-0.9749279121818236,-0.2225209339563146,7404.148,7934.861,7962.754,7431.718625,520.2589975445517,7345.023,2026-04-12 14:00:00,2026-04-12 10:00:00
2026-04-11 15:00:00,2026-04-11 11:00:00,RFC,WEST,AEP,AEPAPT,3373.686,True,11,5,4,1,0.258819045102521,-0.9659258262890682,-0.9749279121818236,-0.2225209339563146,3354.695,3674.311,3830.498,3446.0163749999997,287.571728354451,3299.219,2026-04-12 15:00:00,2026-04-12 11:00:00
2026-04-11 15:00:00,2026-04-11 11:00:00,RFC,WEST,AEP,AEPIMP,3149.465,True,11,5,4,1,0.258819045102521,-0.9659258262890682,-0.9749279121818236,-0.2225209339563146,3190.739,3427.691,3527.639,3175.7769166666662,176.16617688147042,3090.901,2026-04-12 15:00:00,2026-04-12 11:00:00
2026-04-11 15:00:00,2026-04-11 11:00:00,RFC,WEST,AEP,AEPKPT,524.442,True,11,5,4,1,0.258819045102521,-0.9659258262890682,-0.9749279121818236,-0.2225209339563146,516.118,549.086,562.324,520.8862083333333,46.36350644726003,512.104,2026-04-12 15:00:00,2026-04-12 11:00:00
2026-04-11 15:00:00,2026-04-11 11:00:00,RFC,WEST,AEP,AEPOPT,7379.397,True,11,5,4,1,0.258819045102521,-0.9659258262890682,-0.9749279121818236,-0.2225209339563146,7436.088,8047.319,7919.998,7403.888541666666,503.49138285108023,7338.802,2026-04-12 15:00:00,2026-04-12 11:00:00
2026-04-11 16:00:00,2026-04-11 12:00:00,RFC,WEST,AEP,AEPAPT,3402.254,True,12,5,4,1,1.2246467991473532e-16,-1.0,-0.9749279121818236,-0.2225209339563146,3373.686,3631.625,3719.627,3436.45925,284.93438850362486,3344.362,2026-04-12 16:00:00,2026-04-12 12:00:00
2026-04-11 16:00:00,2026-04-11 12:00:00,RFC,WEST,AEP,AEPIMP,3132.225,True,12,5,4,1,1.2246467991473532e-16,-1.0,-0.9749279121818236,-0.2225209339563146,3149.465,3435.53,3541.239,3163.1392083333335,167.38214909106415,3101.972,2026-04-12 16:00:00,2026-04-12 12:00:00
2026-04-11 16:00:00,2026-04-11 12:00:00,RFC,WEST,AEP,AEPKPT,522.904,True,12,5,4,1,1.2246467991473532e-16,-1.0,-0.9749279121818236,-0.2225209339563146,524.442,548.849,560.148,519.8051666666667,45.984082752401264,529.082,2026-04-12 16:00:00,2026-04-12 12:00:00
2026-04-11 16:00:00,2026-04-11 12:00:00,RFC,WEST,AEP,AEPOPT,7318.236,True,12,5,4,1,1.2246467991473532e-16,-1.0,-0.9749279121818236,-0.2225209339563146,7379.397,8135.283,7924.625,7369.844916666666,478.91024086209626,7434.901,2026-04-12 16:00:00,2026-04-12 12:00:00
2026-04-11 17:00:00,2026-04-11 13:00:00,RFC,WEST,AEP,AEPAPT,3451.844,True,13,5,4,1,-0.2588190451025208,-0.9659258262890683,-0.9749279121818236,-0.2225209339563146,3402.254,3623.191,3673.045,3429.319791666667,282.1855349882533,3394.758,2026-04-12 17:00:00,2026-04-12 13:00:00
2026-04-11 17:00:00,2026-04-11 13:00:00,RFC,WEST,AEP,AEPIMP,3099.208,True,13,5,4,1,-0.2588190451025208,-0.9659258262890683,-0.9749279121818236,-0.2225209339563146,3132.225,3527.942,3540.564,3145.275291666667,148.57779141389221,3169.569,2026-04-12 17:00:00,2026-04-12 13:00:00
2026-04-11 17:00:00,2026-04-11 13:00:00,RFC,WEST,AEP,AEPKPT,535.181,True,13,5,4,1,-0.2588190451025208,-0.9659258262890683,-0.9749279121818236,-0.2225209339563146,522.904,556.836,555.945,518.902875,45.43505610669426,560.174,2026-04-12 17:00:00,2026-04-12 13:00:00
2026-04-11 17:00:00,2026-04-11 13:00:00,RFC,WEST,AEP,AEPOPT,7197.962,True,13,5,4,1,-0.2588190451025208,-0.9659258262890683,-0.9749279121818236,-0.2225209339563146,7318.236,8087.556,7978.336,7332.778499999999,454.7634793037183,7418.557,2026-04-12 17:00:00,2026-04-12 13:00:00
2026-04-11 18:00:00,2026-04-11 14:00:00,RFC,WEST,AEP,AEPAPT,3441.67,True,14,5,4,1,-0.4999999999999997,-0.8660254037844388,-0.9749279121818236,-0.2225209339563146,3451.844,3663.009,3674.19,3420.097333333333,277.7988123625762,3511.319,2026-04-12 18:00:00,2026-04-12 14:00:00
2026-04-11 18:00:00,2026-04-11 14:00:00,RFC,WEST,AEP,AEPIMP,3074.733,True,14,5,4,1,-0.4999999999999997,-0.8660254037844388,-0.9749279121818236,-0.2225209339563146,3099.208,3365.338,3484.764,3133.1667500000003,141.5386103255515,3207.03,2026-04-12 18:00:00,2026-04-12 14:00:00
2026-04-11 18:00:00,2026-04-11 14:00:00,RFC,WEST,AEP,AEPKPT,541.232,True,14,5,4,1,-0.4999999999999997,-0.8660254037844388,-0.9749279121818236,-0.2225209339563146,535.181,570.892,567.607,517.6670416666667,44.34988619511785,581.336,2026-04-12 18:00:00,2026-04-12 14:00:00
2026-04-11 18:00:00,2026-04-11 14:00:00,RFC,WEST,AEP,AEPOPT,7126.349,True,14,5,4,1,-0.4999999999999997,-0.8660254037844388,-0.9749279121818236,-0.2225209339563146,7197.962,8090.562,7926.359,7292.602958333334,426.6281057688796,7596.987,2026-04-12 18:00:00,2026-04-12 14:00:00
2026-04-11 19:00:00,2026-04-11 15:00:00,RFC,WEST,AEP,AEPAPT,3536.603,True,15,5,4,1,-0.7071067811865471,-0.7071067811865479,-0.9749279121818236,-0.2225209339563146,3441.67,3687.999,3678.394,3413.789166666667,273.1305930370186,3625.466,2026-04-12 19:00:00,2026-04-12 15:00:00
2026-04-11 19:00:00,2026-04-11 15:00:00,RFC,WEST,AEP,AEPIMP,3069.504,True,15,5,4,1,-0.7071067811865471,-0.7071067811865479,-0.9749279121818236,-0.2225209339563146,3074.733,3381.647,3451.957,3120.160791666667,131.71343913833272,3227.071,2026-04-12 19:00:00,2026-04-12 15:00:00
2026-04-11 19:00:00,2026-04-11 15:00:00,RFC,WEST,AEP,AEPKPT,556.15,True,15,5,4,1,-0.7071067811865471,-0.7071067811865479,-0.9749279121818236,-0.2225209339563146,541.232,570.28,576.687,517.0782916666666,43.71025199959079,602.909,2026-04-12 19:00:00,2026-04-12 15:00:00
2026-04-11 19:00:00,2026-04-11 15:00:00,RFC,WEST,AEP,AEPOPT,7124.871,True,15,5,4,1,-0.7071067811865471,-0.7071067811865479,-0.9749279121818236,-0.2225209339563146,7126.349,8059.821,7990.962,7253.646708333334,395.0428581583792,7767.916,2026-04-12 19:00:00,2026-04-12 15:00:00
2026-04-11 20:00:00,2026-04-11 16:00:00,RFC,WEST,AEP,AEPAPT,3649.645,True,16,5,4,1,-0.8660254037844384,-0.5000000000000004,-0.9749279121818236,-0.2225209339563146,3536.603,3766.154,3742.71,3408.934625,267.57435213458785,3762.598,2026-04-12 20:00:00,2026-04-12 16:00:00
2026-04-11 20:00:00,2026-04-11 16:00:00,RFC,WEST,AEP,AEPIMP,3040.842,True,16,5,4,1,-0.8660254037844384,-0.5000000000000004,-0.9749279121818236,-0.2225209339563146,3069.504,3332.11,3407.69,3108.024625,124.55974957871003,3280.331,2026-04-12 20:00:00,2026-04-12 16:00:00
2026-04-11 20:00:00,2026-04-11 16:00:00,RFC,WEST,AEP,AEPKPT,565.116,True,16,5,4,1,-0.8660254037844384,-0.5000000000000004,-0.9749279121818236,-0.2225209339563146,556.15,586.221,589.236,516.1989166666666,42.452955591189564,618.825,2026-04-12 20:00:00,2026-04-12 16:00:00
2026-04-11 20:00:00,2026-04-11 16:00:00,RFC,WEST,AEP,AEPOPT,7228.531,True,16,5,4,1,-0.8660254037844384,-0.5000000000000004,-0.9749279121818236,-0.2225209339563146,7124.871,7989.17,8027.115,7221.953416666667,362.6522413460075,7885.073,2026-04-12 20:00:00,2026-04-12 16:00:00
2026-04-11 21:00:00,2026-04-11 17:00:00,RFC,WEST,AEP,AEPAPT,3735.55,True,17,5,4,1,-0.9659258262890683,-0.25881904510252063,-0.9749279121818236,-0.2225209339563146,3649.645,3819.696,3797.567,3405.4285416666667,262.4604693441393,3913.029,2026-04-12 21:00:00,2026-04-12 17:00:00
2026-04-11 21:00:00,2026-04-11 17:00:00,RFC,WEST,AEP,AEPIMP,3012.866,True,17,5,4,1,-0.9659258262890683,-0.25881904510252063,-0.9749279121818236,-0.2225209339563146,3040.842,3326.514,3405.972,3094.9559583333335,116.85491072802965,3288.232,2026-04-12 21:00:00,2026-04-12 17:00:00
2026-04-11 21:00:00,2026-04-11 17:00:00,RFC,WEST,AEP,AEPKPT,570.23,True,17,5,4,1,-0.9659258262890683,-0.25881904510252063,-0.9749279121818236,-0.2225209339563146,565.116,584.06,595.672,515.6226666666666,41.57658772692235,616.69,2026-04-12 21:00:00,2026-04-12 17:00:00
2026-04-11 21:00:00,2026-04-11 17:00:00,RFC,WEST,AEP,AEPOPT,7246.184,True,17,5,4,1,-0.9659258262890683,-0.25881904510252063,-0.9749279121818236,-0.2225209339563146,7228.531,7872.837,8037.669,7195.842874999999,335.2778432735843,7985.628,2026-04-12 21:00:00,2026-04-12 17:00:00
2026-04-11 22:00:00,2026-04-11 18:00:00,RFC,WEST,AEP,AEPAPT,3748.231,True,18,5,4,1,-1.0,-1.8369701987210297e-16,-0.9749279121818236,-0.2225209339563146,3735.55,3828.442,3869.077,3402.086416666667,257.29964916515996,3968.389,2026-04-12 22:00:00,2026-04-12 18:00:00
2026-04-11 22:00:00,2026-04-11 18:00:00,RFC,WEST,AEP,AEPIMP,3100.109,True,18,5,4,1,-1.0,-1.8369701987210297e-16,-0.9749279121818236,-0.2225209339563146,3012.866,3284.26,3420.588,3087.283,109.71190819713932,3301.715,2026-04-12 22:00:00,2026-04-12 18:00:00
2026-04-11 22:00:00,2026-04-11 18:00:00,RFC,WEST,AEP,AEPKPT,566.572,True,18,5,4,1,-1.0,-1.8369701987210297e-16,-0.9749279121818236,-0.2225209339563146,570.23,581.93,590.7,514.98275,40.618819344956826,592.996,2026-04-12 22:00:00,2026-04-12 18:00:00
2026-04-11 22:00:00,2026-04-11 18:00:00,RFC,WEST,AEP,AEPOPT,7245.588,True,18,5,4,1,-1.0,-1.8369701987210297e-16,-0.9749279121818236,-0.2225209339563146,7246.184,7811.249,8011.85,7172.273666666667,308.9868462933388,7939.264,2026-04-12 22:00:00,2026-04-12 18:00:00
2026-04-11 23:00:00,2026-04-11 19:00:00,RFC,WEST,AEP,AEPAPT,3707.407,True,19,5,4,1,-0.9659258262890684,0.2588190451025203,-0.9749279121818236,-0.2225209339563146,3748.231,3806.464,3939.214,3397.9590416666665,251.25442681896877,3947.307,2026-04-12 23:00:00,2026-04-12 19:00:00
2026-04-11 23:00:00,2026-04-11 19:00:00,RFC,WEST,AEP,AEPIMP,3116.822,True,19,5,4,1,-0.9659258262890684,0.2588190451025203,-0.9749279121818236,-0.2225209339563146,3100.109,3270.544,3470.875,3080.877916666667,102.81843866649334,3311.519,2026-04-12 23:00:00,2026-04-12 19:00:00
2026-04-11 23:00:00,2026-04-11 19:00:00,RFC,WEST,AEP,AEPKPT,558.248,True,19,5,4,1,-0.9659258262890684,0.2588190451025203,-0.9749279121818236,-0.2225209339563146,566.572,564.945,578.22,514.7037083333333,40.28227673985164,607.426,2026-04-12 23:00:00,2026-04-12 19:00:00
2026-04-11 23:00:00,2026-04-11 19:00:00,RFC,WEST,AEP,AEPOPT,7155.82,True,19,5,4,1,-0.9659258262890684,0.2588190451025203,-0.9749279121818236,-0.2225209339563146,7245.588,7703.243,7927.872,7149.4643750000005,287.54825655707106,7895.851,2026-04-12 23:00:00,2026-04-12 19:00:00
2026-04-12 00:00:00,2026-04-11 20:00:00,RFC,WEST,AEP,AEPAPT,3696.451,True,20,5,4,1,-0.8660254037844386,0.5000000000000001,-0.9749279121818236,-0.2225209339563146,3707.407,3816.333,4032.651,3392.9639583333333,243.65192211957472,3988.501,2026-04-13 00:00:00,2026-04-12 20:00:00
2026-04-12 00:00:00,2026-04-11 20:00:00,RFC,WEST,AEP,AEPIMP,3170.568,True,20,5,4,1,-0.8660254037844386,0.5000000000000001,-0.9749279121818236,-0.2225209339563146,3116.822,3284.774,3499.376,3076.1193333333335,95.3425768450059,3376.203,2026-04-13 00:00:00,2026-04-12 20:00:00
2026-04-12 00:00:00,2026-04-11 20:00:00,RFC,WEST,AEP,AEPKPT,556.387,True,20,5,4,1,-0.8660254037844386,0.5000000000000001,-0.9749279121818236,-0.2225209339563146,558.248,562.925,586.205,514.4312916666667,39.96283306913074,612.971,2026-04-13 00:00:00,2026-04-12 20:00:00
2026-04-12 00:00:00,2026-04-11 20:00:00,RFC,WEST,AEP,AEPOPT,7368.958,True,20,5,4,1,-0.8660254037844386,0.5000000000000001,-0.9749279121818236,-0.2225209339563146,7155.82,7710.018,8153.745,7135.253541666666,266.2821594887307,8090.767,2026-04-13 00:00:00,2026-04-12 20:00:00
2026-04-12 01:00:00,2026-04-11 21:00:00,RFC,WEST,AEP,AEPAPT,3624.939,True,21,5,4,1,-0.7071067811865477,0.7071067811865474,-0.9749279121818236,-0.2225209339563146,3696.451,3722.235,3905.985,3388.909958333333,238.6941397070241,3841.242,2026-04-13 01:00:00,2026-04-12 21:00:00
2026-04-12 01:00:00,2026-04-11 21:00:00,RFC,WEST,AEP,AEPIMP,3167.056,True,21,5,4,1,-0.7071067811865477,0.7071067811865474,-0.9749279121818236,-0.2225209339563146,3170.568,3216.837,3470.592,3074.045125,92.65164292274912,3386.785,2026-04-13 01:00:00,2026-04-12 21:00:00
2026-04-12 01:00:00,2026-04-11 21:00:00,RFC,WEST,AEP,AEPKPT,541.902,True,21,5,4,1,-0.7071067811865477,0.7071067811865474,-0.9749279121818236,-0.2225209339563146,556.387,554.847,574.692,513.8919166666667,39.47804714446445,593.387,2026-04-13 01:00:00,2026-04-12 21:00:00
2026-04-12 01:00:00,2026-04-11 21:00:00,RFC,WEST,AEP,AEPOPT,7375.856,True,21,5,4,1,-0.7071067811865477,0.7071067811865474,-0.9749279121818236,-0.2225209339563146,7368.958,7564.407,7995.465,7127.397249999999,255.63883109235587,7986.876,2026-04-13 01:00:00,2026-04-12 21:00:00
2026-04-12 02:00:00,2026-04-11 22:00:00,RFC,WEST,AEP,AEPAPT,3463.259,True,22,5,4,1,-0.5000000000000004,0.8660254037844384,-0.9749279121818236,-0.2225209339563146,3624.939,3538.03,3702.574,3385.7945,237.14612728974018,3590.292,2026-04-13 02:00:00,2026-04-12 22:00:00
2026-04-12 02:00:00,2026-04-11 22:00:00,RFC,WEST,AEP,AEPIMP,3089.261,True,22,5,4,1,-0.5000000000000004,0.8660254037844384,-0.9749279121818236,-0.2225209339563146,3167.056,3160.929,3328.403,3071.058958333333,90.86737159151933,3245.091,2026-04-13 02:00:00,2026-04-12 22:00:00
2026-04-12 02:00:00,2026-04-11 22:00:00,RFC,WEST,AEP,AEPKPT,525.045,True,22,5,4,1,-0.5000000000000004,0.8660254037844384,-0.9749279121818236,-0.2225209339563146,541.902,531.582,538.258,513.6195416666667,39.373100754723964,552.659,2026-04-13 02:00:00,2026-04-12 22:00:00
2026-04-12 02:00:00,2026-04-11 22:00:00,RFC,WEST,AEP,AEPOPT,7117.17,True,22,5,4,1,-0.5000000000000004,0.8660254037844384,-0.9749279121818236,-0.2225209339563146,7375.856,7335.9,7586.519,7118.2835000000005,251.75174318118604,7690.516,2026-04-13 02:00:00,2026-04-12 22:00:00
2026-04-12 03:00:00,2026-04-11 23:00:00,RFC,WEST,AEP,AEPAPT,3246.185,True,23,5,4,1,-0.25881904510252157,0.9659258262890681,-0.9749279121818236,-0.2225209339563146,3463.259,3331.95,3506.703,3382.2209583333333,238.63430894635087,3357.208,2026-04-13 03:00:00,2026-04-12 23:00:00
2026-04-12 03:00:00,2026-04-11 23:00:00,RFC,WEST,AEP,AEPIMP,3013.219,True,23,5,4,1,-0.25881904510252157,0.9659258262890681,-0.9749279121818236,-0.2225209339563146,3089.261,3028.309,3109.664,3070.430208333333,91.22753113813805,3150.832,2026-04-13 03:00:00,2026-04-12 23:00:00
2026-04-12 03:00:00,2026-04-11 23:00:00,RFC,WEST,AEP,AEPKPT,495.87,True,23,5,4,1,-0.25881904510252157,0.9659258262890681,-0.9749279121818236,-0.2225209339563146,525.045,502.718,507.068,513.3342083333333,39.4802058857445,510.027,2026-04-13 03:00:00,2026-04-12 23:00:00
2026-04-12 03:00:00,2026-04-11 23:00:00,RFC,WEST,AEP,AEPOPT,6967.882,True,23,5,4,1,-0.25881904510252157,0.9659258262890681,-0.9749279121818236,-0.2225209339563146,7117.17,7136.289,7302.612,7111.266541666667,253.56847396534081,7411.467,2026-04-13 03:00:00,2026-04-12 23:00:00
2026-04-12 04:00:00,2026-04-12 00:00:00,RFC,WEST,AEP,AEPAPT,3096.753,True,0,6,4,1,0.0,1.0,-0.7818314824680299,0.6234898018587334,3246.185,3142.703,3372.91,3380.306375,240.81390940179287,3194.524,2026-04-13 04:00:00,2026-04-13 00:00:00
2026-04-12 04:00:00,2026-04-12 00:00:00,RFC,WEST,AEP,AEPIMP,2970.85,True,0,6,4,1,0.0,1.0,-0.7818314824680299,0.6234898018587334,3013.219,2988.344,3040.388,3069.7012916666667,91.97872076425888,3112.843,2026-04-13 04:00:00,2026-04-13 00:00:00
2026-04-12 04:00:00,2026-04-12 00:00:00,RFC,WEST,AEP,AEPKPT,471.857,True,0,6,4,1,0.0,1.0,-0.7818314824680299,0.6234898018587334,495.87,478.703,484.588,513.0489583333334,39.76500455390492,478.226,2026-04-13 04:00:00,2026-04-13 00:00:00
2026-04-12 04:00:00,2026-04-12 00:00:00,RFC,WEST,AEP,AEPOPT,6798.296,True,0,6,4,1,0.0,1.0,-0.7818314824680299,0.6234898018587334,6967.882,6820.629,7023.323,7110.335999999999,254.71978894869952,7155.24,2026-04-13 04:00:00,2026-04-13 00:00:00
2026-04-12 05:00:00,2026-04-12 01:00:00,RFC,WEST,AEP,AEPAPT,2992.647,True,1,6,4,1,0.25881904510252074,0.9659258262890683,-0.7818314824680299,0.6234898018587334,3096.753,3071.462,3316.352,3377.0224166666667,245.69660630027212,3090.179,2026-04-13 05:00:00,2026-04-13 01:00:00
2026-04-12 05:00:00,2026-04-12 01:00:00,RFC,WEST,AEP,AEPIMP,2840.252,True,1,6,4,1,0.25881904510252074,0.9659258262890683,-0.7818314824680299,0.6234898018587334,2970.85,2924.596,3045.228,3066.1869583333337,99.09963706661007,3039.562,2026-04-13 05:00:00,2026-04-13 01:00:00
2026-04-12 05:00:00,2026-04-12 01:00:00,RFC,WEST,AEP,AEPKPT,459.477,True,1,6,4,1,0.25881904510252074,0.9659258262890683,-0.7818314824680299,0.6234898018587334,471.857,464.811,471.215,512.8267083333334,40.060143436196036,463.134,2026-04-13 05:00:00,2026-04-13 01:00:00
2026-04-12 05:00:00,2026-04-12 01:00:00,RFC,WEST,AEP,AEPOPT,6723.165,True,1,6,4,1,0.25881904510252074,0.9659258262890683,-0.7818314824680299,0.6234898018587334,6798.296,6794.034,6842.353,7107.383125,258.9221043703596,6984.754,2026-04-13 05:00:00,2026-04-13 01:00:00
2026-04-12 06:00:00,2026-04-12 02:00:00,RFC,WEST,AEP,AEPAPT,2954.363,True,2,6,4,1,0.49999999999999994,0.8660254037844387,-0.7818314824680299,0.6234898018587334,2992.647,3022.994,3327.045,3374.162791666667,250.35153699634617,3030.084,2026-04-13 06:00:00,2026-04-13 02:00:00
2026-04-12 06:00:00,2026-04-12 02:00:00,RFC,WEST,AEP,AEPIMP,2829.544,True,2,6,4,1,0.49999999999999994,0.8660254037844387,-0.7818314824680299,0.6234898018587334,2840.252,2854.762,3033.036,3065.1362083333333,101.54242087270895,2971.548,2026-04-13 06:00:00,2026-04-13 02:00:00
2026-04-12 06:00:00,2026-04-12 02:00:00,RFC,WEST,AEP,AEPKPT,454.768,True,2,6,4,1,0.49999999999999994,0.8660254037844387,-0.7818314824680299,0.6234898018587334,459.477,458.75,467.923,512.6607916666667,40.30136995619369,447.001,2026-04-13 06:00:00,2026-04-13 02:00:00
2026-04-12 06:00:00,2026-04-12 02:00:00,RFC,WEST,AEP,AEPOPT,6608.333,True,2,6,4,1,0.49999999999999994,0.8660254037844387,-0.7818314824680299,0.6234898018587334,6723.165,6742.944,6798.659,7101.774333333334,268.4427910393523,6865.37,2026-04-13 06:00:00,2026-04-13 02:00:00
2026-04-12 07:00:00,2026-04-12 03:00:00,RFC,WEST,AEP,AEPAPT,2948.184,True,3,6,4,1,0.7071067811865475,0.7071067811865476,-0.7818314824680299,0.6234898018587334,2954.363,3005.125,3381.894,3371.79025,254.24051109944813,3032.118,2026-04-13 07:00:00,2026-04-13 03:00:00
2026-04-12 07:00:00,2026-04-12 03:00:00,RFC,WEST,AEP,AEPIMP,2854.924,True,3,6,4,1,0.7071067811865475,0.7071067811865476,-0.7818314824680299,0.6234898018587334,2829.544,2937.633,2983.909,3061.69,107.29822851893151,3032.586,2026-04-13 07:00:00,2026-04-13 03:00:00
2026-04-12 07:00:00,2026-04-12 03:00:00,RFC,WEST,AEP,AEPKPT,454.511,True,3,6,4,1,0.7071067811865475,0.7071067811865476,-0.7818314824680299,0.6234898018587334,454.768,453.793,471.253,512.6907083333333,40.25601200736724,450.286,2026-04-13 07:00:00,2026-04-13 03:00:00
2026-04-12 07:00:00,2026-04-12 03:00:00,RFC,WEST,AEP,AEPOPT,6592.045,True,3,6,4,1,0.7071067811865475,0.7071067811865476,-0.7818314824680299,0.6234898018587334,6608.333,6651.847,6726.282,7099.282583333334,273.03890579194484,6878.634,2026-04-13 07:00:00,2026-04-13 03:00:00
2026-04-12 08:00:00,2026-04-12 04:00:00,RFC,WEST,AEP,AEPAPT,2976.155,True,4,6,4,1,0.8660254037844386,0.5000000000000001,-0.7818314824680299,0.6234898018587334,2948.184,3028.484,3484.078,3369.609875,257.5160134357729,3084.093,2026-04-13 08:00:00,2026-04-13 04:00:00
2026-04-12 08:00:00,2026-04-12 04:00:00,RFC,WEST,AEP,AEPIMP,2828.961,True,4,6,4,1,0.8660254037844386,0.5000000000000001,-0.7818314824680299,0.6234898018587334,2854.924,2944.801,3063.937,3056.8633333333332,115.1062938726546,3086.401,2026-04-13 08:00:00,2026-04-13 04:00:00
2026-04-12 08:00:00,2026-04-12 04:00:00,RFC,WEST,AEP,AEPKPT,458.353,True,4,6,4,1,0.8660254037844386,0.5000000000000001,-0.7818314824680299,0.6234898018587334,454.511,458.348,480.411,512.6909166666666,40.255718556678,452.368,2026-04-13 08:00:00,2026-04-13 04:00:00
2026-04-12 08:00:00,2026-04-12 04:00:00,RFC,WEST,AEP,AEPOPT,6661.524,True,4,6,4,1,0.8660254037844386,0.5000000000000001,-0.7818314824680299,0.6234898018587334,6592.045,6641.573,6836.409,7100.113875,271.6114186669458,6990.282,2026-04-13 08:00:00,2026-04-13 04:00:00
2026-04-12 09:00:00,2026-04-12 05:00:00,RFC,WEST,AEP,AEPAPT,3036.051,True,5,6,4,1,0.9659258262890683,0.25881904510252074,-0.7818314824680299,0.6234898018587334,2976.155,3103.917,3708.242,3366.782125,260.91064156048776,3229.262,2026-04-13 09:00:00,2026-04-13 05:00:00
2026-04-12 09:00:00,2026-04-12 05:00:00,RFC,WEST,AEP,AEPIMP,2865.891,True,5,6,4,1,0.9659258262890683,0.25881904510252074,-0.7818314824680299,0.6234898018587334,2828.961,3031.403,3172.996,3049.967,121.47970523863644,3204.834,2026-04-13 09:00:00,2026-04-13 05:00:00
2026-04-12 09:00:00,2026-04-12 05:00:00,RFC,WEST,AEP,AEPKPT,463.765,True,5,6,4,1,0.9659258262890683,0.25881904510252074,-0.7818314824680299,0.6234898018587334,458.353,460.793,501.184,512.81475,40.093374544549654,466.921,2026-04-13 09:00:00,2026-04-13 05:00:00
2026-04-12 09:00:00,2026-04-12 05:00:00,RFC,WEST,AEP,AEPOPT,6700.831,True,5,6,4,1,0.9659258262890683,0.25881904510252074,-0.7818314824680299,0.6234898018587334,6661.524,6780.345,6982.889,7096.8007916666675,276.1288914223843,7284.983,2026-04-13 09:00:00,2026-04-13 05:00:00
2026-04-12 10:00:00,2026-04-12 06:00:00,RFC,WEST,AEP,AEPAPT,3126.296,True,6,6,4,1,1.0,6.123233995736766e-17,-0.7818314824680299,0.6234898018587334,3036.051,3218.897,4059.646,3362.92375,263.8606864769904,3515.144,2026-04-13 10:00:00,2026-04-13 06:00:00
2026-04-12 10:00:00,2026-04-12 06:00:00,RFC,WEST,AEP,AEPIMP,2914.727,True,6,6,4,1,1.0,6.123233995736766e-17,-0.7818314824680299,0.6234898018587334,2865.891,3102.792,3324.324,3042.130958333333,123.96423464764815,3400.523,2026-04-13 10:00:00,2026-04-13 06:00:00
2026-04-12 10:00:00,2026-04-12 06:00:00,RFC,WEST,AEP,AEPKPT,475.218,True,6,6,4,1,1.0,6.123233995736766e-17,-0.7818314824680299,0.6234898018587334,463.765,472.954,547.74,512.9090833333333,39.998061009434814,507.484,2026-04-13 10:00:00,2026-04-13 06:00:00
2026-04-12 10:00:00,2026-04-12 06:00:00,RFC,WEST,AEP,AEPOPT,6892.495,True,6,6,4,1,1.0,6.123233995736766e-17,-0.7818314824680299,0.6234898018587334,6700.831,6988.63,7298.59,7092.795166666667,278.4537775378243,7706.305,2026-04-13 10:00:00,2026-04-13 06:00:00
2026-04-12 11:00:00,2026-04-12 07:00:00,RFC,WEST,AEP,AEPAPT,3231.384,True,7,6,4,1,0.9659258262890683,-0.25881904510252063,-0.7818314824680299,0.6234898018587334,3126.296,3338.861,4226.353,3358.4455416666665,265.19549872089493,3675.219,2026-04-13 11:00:00,2026-04-13 07:00:00
2026-04-12 11:00:00,2026-04-12 07:00:00,RFC,WEST,AEP,AEPIMP,2943.229,True,7,6,4,1,0.9659258262890683,-0.25881904510252063,-0.7818314824680299,0.6234898018587334,2914.727,3139.163,3352.896,3033.967041666667,123.74778263360375,3582.553,2026-04-13 11:00:00,2026-04-13 07:00:00
2026-04-12 11:00:00,2026-04-12 07:00:00,RFC,WEST,AEP,AEPKPT,480.853,True,7,6,4,1,0.9659258262890683,-0.25881904510252063,-0.7818314824680299,0.6234898018587334,475.218,482.758,567.09,512.8297083333333,40.06233500920122,528.586,2026-04-13 11:00:00,2026-04-13 07:00:00
2026-04-12 11:00:00,2026-04-12 07:00:00,RFC,WEST,AEP,AEPOPT,7015.392,True,7,6,4,1,0.9659258262890683,-0.25881904510252063,-0.7818314824680299,0.6234898018587334,6892.495,7171.796,7612.453,7086.278333333333,278.3546770109434,7919.766,2026-04-13 11:00:00,2026-04-13 07:00:00
2026-04-12 12:00:00,2026-04-12 08:00:00,RFC,WEST,AEP,AEPAPT,3341.532,True,8,6,4,1,0.8660254037844387,-0.4999999999999998,-0.7818314824680299,0.6234898018587334,3231.384,3415.073,4108.742,3355.3813333333333,264.93748748905733,3725.317,2026-04-13 12:00:00,2026-04-13 08:00:00
2026-04-12 12:00:00,2026-04-12 08:00:00,RFC,WEST,AEP,AEPIMP,2978.255,True,8,6,4,1,0.8660254037844387,-0.4999999999999998,-0.7818314824680299,0.6234898018587334,2943.229,3189.001,3339.294,3025.185958333333,119.67865314300995,3568.021,2026-04-13 12:00:00,2026-04-13 08:00:00
2026-04-12 12:00:00,2026-04-12 08:00:00,RFC,WEST,AEP,AEPKPT,499.766,True,8,6,4,1,0.8660254037844387,-0.4999999999999998,-0.7818314824680299,0.6234898018587334,480.853,498.352,573.106,512.8886249999999,40.04115215496073,533.313,2026-04-13 12:00:00,2026-04-13 08:00:00
2026-04-12 12:00:00,2026-04-12 08:00:00,RFC,WEST,AEP,AEPOPT,7141.664,True,8,6,4,1,0.8660254037844387,-0.4999999999999998,-0.7818314824680299,0.6234898018587334,7015.392,7385.559,7751.737,7076.116041666665,271.31648657614596,8094.701,2026-04-13 12:00:00,2026-04-13 08:00:00
2026-04-12 13:00:00,2026-04-12 09:00:00,RFC,WEST,AEP,AEPAPT,3345.54,True,9,6,4,1,0.7071067811865476,-0.7071067811865475,-0.7818314824680299,0.6234898018587334,3341.532,3393.368,3899.172,3353.3885000000005,264.8191847555774,3759.027,2026-04-13 13:00:00,2026-04-13 09:00:00
2026-04-12 13:00:00,2026-04-12 09:00:00,RFC,WEST,AEP,AEPIMP,3113.544,True,9,6,4,1,0.7071067811865476,-0.7071067811865475,-0.7818314824680299,0.6234898018587334,2978.255,3151.213,3369.752,3023.616416666667,118.19176489515876,3674.895,2026-04-13 13:00:00,2026-04-13 09:00:00
2026-04-12 13:00:00,2026-04-12 09:00:00,RFC,WEST,AEP,AEPKPT,508.817,True,9,6,4,1,0.7071067811865476,-0.7071067811865475,-0.7818314824680299,0.6234898018587334,499.766,515.362,561.885,512.6159166666666,40.045862070247054,550.836,2026-04-13 13:00:00,2026-04-13 09:00:00
2026-04-12 13:00:00,2026-04-12 09:00:00,RFC,WEST,AEP,AEPOPT,7283.64,True,9,6,4,1,0.7071067811865476,-0.7071067811865475,-0.7818314824680299,0.6234898018587334,7141.664,7404.148,7847.725,7071.094875,266.04566151616643,8249.453,2026-04-13 13:00:00,2026-04-13 09:00:00
2026-04-12 14:00:00,2026-04-12 10:00:00,RFC,WEST,AEP,AEPAPT,3312.305,True,10,6,4,1,0.49999999999999994,-0.8660254037844387,-0.7818314824680299,0.6234898018587334,3345.54,3354.695,3750.055,3351.6222500000003,264.9514221126204,3804.868,2026-04-13 14:00:00,2026-04-13 10:00:00
2026-04-12 14:00:00,2026-04-12 10:00:00,RFC,WEST,AEP,AEPIMP,3041.404,True,10,6,4,1,0.49999999999999994,-0.8660254037844387,-0.7818314824680299,0.6234898018587334,3113.544,3190.739,3527.954,3017.3941250000003,112.81978318318842,3679.372,2026-04-13 14:00:00,2026-04-13 10:00:00
2026-04-12 14:00:00,2026-04-12 10:00:00,RFC,WEST,AEP,AEPKPT,505.533,True,10,6,4,1,0.49999999999999994,-0.8660254037844387,-0.7818314824680299,0.6234898018587334,508.817,516.118,557.155,512.174875,40.06389965641542,562.002,2026-04-13 14:00:00,2026-04-13 10:00:00
2026-04-12 14:00:00,2026-04-12 10:00:00,RFC,WEST,AEP,AEPOPT,7345.023,True,10,6,4,1,0.49999999999999994,-0.8660254037844387,-0.7818314824680299,0.6234898018587334,7283.64,7436.088,7934.861,7067.3005,261.2193700684133,8423.301,2026-04-13 14:00:00,2026-04-13 10:00:00
2026-04-12 15:00:00,2026-04-12 11:00:00,RFC,WEST,AEP,AEPAPT,3299.219,True,11,6,4,1,0.258819045102521,-0.9659258262890682,-0.7818314824680299,0.6234898018587334,3312.305,3373.686,3674.311,3348.5194583333337,265.1177856192419,3827.942,2026-04-13 15:00:00,2026-04-13 11:00:00
2026-04-12 15:00:00,2026-04-12 11:00:00,RFC,WEST,AEP,AEPIMP,3090.901,True,11,6,4,1,0.258819045102521,-0.9659258262890682,-0.7818314824680299,0.6234898018587334,3041.404,3149.465,3427.691,3014.9539583333335,110.44743363304018,3630.916,2026-04-13 15:00:00,2026-04-13 11:00:00
2026-04-12 15:00:00,2026-04-12 11:00:00,RFC,WEST,AEP,AEPKPT,512.104,True,11,6,4,1,0.258819045102521,-0.9659258262890682,-0.7818314824680299,0.6234898018587334,505.533,524.442,549.086,511.6607916666667,39.978716722535914,575.249,2026-04-13 15:00:00,2026-04-13 11:00:00
2026-04-12 15:00:00,2026-04-12 11:00:00,RFC,WEST,AEP,AEPOPT,7338.802,True,11,6,4,1,0.258819045102521,-0.9659258262890682,-0.7818314824680299,0.6234898018587334,7345.023,7379.397,8047.319,7065.609041666667,259.23449501364644,8477.215,2026-04-13 15:00:00,2026-04-13 11:00:00
2026-04-12 16:00:00,2026-04-12 12:00:00,RFC,WEST,AEP,AEPAPT,3344.362,True,12,6,4,1,1.2246467991473532e-16,-1.0,-0.7818314824680299,0.6234898018587334,3299.219,3402.254,3631.625,3346.1072916666667,264.87087618120296,3912.752,2026-04-13 16:00:00,2026-04-13 12:00:00
2026-04-12 16:00:00,2026-04-12 12:00:00,RFC,WEST,AEP,AEPIMP,3101.972,True,12,6,4,1,1.2246467991473532e-16,-1.0,-0.7818314824680299,0.6234898018587334,3090.901,3132.225,3435.53,3013.693416666667,109.21660287579023,3704.831,2026-04-13 16:00:00,2026-04-13 12:00:00
2026-04-12 16:00:00,2026-04-12 12:00:00,RFC,WEST,AEP,AEPKPT,529.082,True,12,6,4,1,1.2246467991473532e-16,-1.0,-0.7818314824680299,0.6234898018587334,512.104,522.904,548.849,511.9182083333333,40.0740334630564,584.996,2026-04-13 16:00:00,2026-04-13 12:00:00
2026-04-12 16:00:00,2026-04-12 12:00:00,RFC,WEST,AEP,AEPOPT,7434.901,True,12,6,4,1,1.2246467991473532e-16,-1.0,-0.7818314824680299,0.6234898018587334,7338.802,7318.236,8135.283,7070.470083333334,265.2027194513844,8620.213,2026-04-13 16:00:00,2026-04-13 12:00:00
2026-04-12 17:00:00,2026-04-12 13:00:00,RFC,WEST,AEP,AEPAPT,3394.758,True,13,6,4,1,-0.2588190451025208,-0.9659258262890683,-0.7818314824680299,0.6234898018587334,3344.362,3451.844,3623.191,3343.7287083333335,264.1353589298452,3985.976,2026-04-13 17:00:00,2026-04-13 13:00:00
2026-04-12 17:00:00,2026-04-12 13:00:00,RFC,WEST,AEP,AEPIMP,3169.569,True,13,6,4,1,-0.2588190451025208,-0.9659258262890683,-0.7818314824680299,0.6234898018587334,3101.972,3099.208,3527.942,3016.625125,112.50667641880631,3760.879,2026-04-13 17:00:00,2026-04-13 13:00:00
2026-04-12 17:00:00,2026-04-12 13:00:00,RFC,WEST,AEP,AEPKPT,560.174,True,13,6,4,1,-0.2588190451025208,-0.9659258262890683,-0.7818314824680299,0.6234898018587334,529.082,535.181,556.836,512.9595833333333,41.018439385779956,581.398,2026-04-13 17:00:00,2026-04-13 13:00:00
2026-04-12 17:00:00,2026-04-12 13:00:00,RFC,WEST,AEP,AEPOPT,7418.557,True,13,6,4,1,-0.2588190451025208,-0.9659258262890683,-0.7818314824680299,0.6234898018587334,7434.901,7197.962,8087.556,7079.661541666667,273.5062051827322,8733.35,2026-04-13 17:00:00,2026-04-13 13:00:00
2026-04-12 18:00:00,2026-04-12 14:00:00,RFC,WEST,AEP,AEPAPT,3511.319,True,14,6,4,1,-0.4999999999999997,-0.8660254037844388,-0.7818314824680299,0.6234898018587334,3394.758,3441.67,3663.009,3346.6307500000003,265.6365697387004,3987.186,2026-04-13 18:00:00,2026-04-13 14:00:00
2026-04-12 18:00:00,2026-04-12 14:00:00,RFC,WEST,AEP,AEPIMP,3207.03,True,14,6,4,1,-0.4999999999999997,-0.8660254037844388,-0.7818314824680299,0.6234898018587334,3169.569,3074.733,3365.338,3022.1374999999994,118.55589804408602,3755.885,2026-04-13 18:00:00,2026-04-13 14:00:00
2026-04-12 18:00:00,2026-04-12 14:00:00,RFC,WEST,AEP,AEPKPT,581.336,True,14,6,4,1,-0.4999999999999997,-0.8660254037844388,-0.7818314824680299,0.6234898018587334,560.174,541.232,570.892,514.6305833333333,42.98977407721658,578.039,2026-04-13 18:00:00,2026-04-13 14:00:00
2026-04-12 18:00:00,2026-04-12 14:00:00,RFC,WEST,AEP,AEPOPT,7596.987,True,14,6,4,1,-0.4999999999999997,-0.8660254037844388,-0.7818314824680299,0.6234898018587334,7418.557,7126.349,8090.562,7099.271458333333,293.16463377393774,8742.126,2026-04-13 18:00:00,2026-04-13 14:00:00
2026-04-12 19:00:00,2026-04-12 15:00:00,RFC,WEST,AEP,AEPAPT,3625.466,True,15,6,4,1,-0.7071067811865471,-0.7071067811865479,-0.7818314824680299,0.6234898018587334,3511.319,3536.603,3687.999,3350.333375,268.99771452929417,3987.753,2026-04-13 19:00:00,2026-04-13 15:00:00
2026-04-12 19:00:00,2026-04-12 15:00:00,RFC,WEST,AEP,AEPIMP,3227.071,True,15,6,4,1,-0.7071067811865471,-0.7071067811865479,-0.7818314824680299,0.6234898018587334,3207.03,3069.504,3381.647,3028.7027916666666,125.45503315182258,3756.181,2026-04-13 19:00:00,2026-04-13 15:00:00
2026-04-12 19:00:00,2026-04-12 15:00:00,RFC,WEST,AEP,AEPKPT,602.909,True,15,6,4,1,-0.7071067811865471,-0.7071067811865479,-0.7818314824680299,0.6234898018587334,581.336,556.15,570.28,516.578875,45.91338359801484,579.215,2026-04-13 19:00:00,2026-04-13 15:00:00
2026-04-12 19:00:00,2026-04-12 15:00:00,RFC,WEST,AEP,AEPOPT,7767.916,True,15,6,4,1,-0.7071067811865471,-0.7071067811865479,-0.7818314824680299,0.6234898018587334,7596.987,7124.871,8059.821,7126.065,323.42913281768654,8756.171,2026-04-13 19:00:00,2026-04-13 15:00:00
2026-04-12 20:00:00,2026-04-12 16:00:00,RFC,WEST,AEP,AEPAPT,3762.598,True,16,6,4,1,-0.8660254037844384,-0.5000000000000004,-0.7818314824680299,0.6234898018587334,3625.466,3649.645,3766.154,3355.03975,275.37466909305334,4020.227,2026-04-13 20:00:00,2026-04-13 16:00:00
2026-04-12 20:00:00,2026-04-12 16:00:00,RFC,WEST,AEP,AEPIMP,3280.331,True,16,6,4,1,-0.8660254037844384,-0.5000000000000004,-0.7818314824680299,0.6234898018587334,3227.071,3040.842,3332.11,3038.6815,135.5786001553464,3673.682,2026-04-13 20:00:00,2026-04-13 16:00:00
2026-04-12 20:00:00,2026-04-12 16:00:00,RFC,WEST,AEP,AEPKPT,618.825,True,16,6,4,1,-0.8660254037844384,-0.5000000000000004,-0.7818314824680299,0.6234898018587334,602.909,565.116,586.221,518.8167500000001,49.54712986664031,577.921,2026-04-13 20:00:00,2026-04-13 16:00:00
2026-04-12 20:00:00,2026-04-12 16:00:00,RFC,WEST,AEP,AEPOPT,7885.073,True,16,6,4,1,-0.8660254037844384,-0.5000000000000004,-0.7818314824680299,0.6234898018587334,7767.916,7228.531,7989.17,7153.420916666666,358.352561740497,8848.388,2026-04-13 20:00:00,2026-04-13 16:00:00
2026-04-12 21:00:00,2026-04-12 17:00:00,RFC,WEST,AEP,AEPAPT,3913.029,True,17,6,4,1,-0.9659258262890683,-0.25881904510252063,-0.7818314824680299,0.6234898018587334,3762.598,3735.55,3819.696,3362.4347083333328,288.12507064203277,4068.116,2026-04-13 21:00:00,2026-04-13 17:00:00
2026-04-12 21:00:00,2026-04-12 17:00:00,RFC,WEST,AEP,AEPIMP,3288.232,True,17,6,4,1,-0.9659258262890683,-0.25881904510252063,-0.7818314824680299,0.6234898018587334,3280.331,3012.866,3326.514,3050.155083333333,144.6473048072074,3674.825,2026-04-13 21:00:00,2026-04-13 17:00:00
2026-04-12 21:00:00,2026-04-12 17:00:00,RFC,WEST,AEP,AEPKPT,616.69,True,17,6,4,1,-0.9659258262890683,-0.25881904510252063,-0.7818314824680299,0.6234898018587334,618.825,570.23,584.06,520.7525833333333,52.4649066013501,577.527,2026-04-13 21:00:00,2026-04-13 17:00:00
2026-04-12 21:00:00,2026-04-12 17:00:00,RFC,WEST,AEP,AEPOPT,7985.628,True,17,6,4,1,-0.9659258262890683,-0.25881904510252063,-0.7818314824680299,0.6234898018587334,7885.073,7246.184,7872.837,7184.231083333333,396.43860715985636,8992.877,2026-04-13 21:00:00,2026-04-13 17:00:00
2026-04-12 22:00:00,2026-04-12 18:00:00,RFC,WEST,AEP,AEPAPT,3968.389,True,18,6,4,1,-1.0,-1.8369701987210297e-16,-0.7818314824680299,0.6234898018587334,3913.029,3748.231,3828.442,3371.6079583333335,304.0088354121477,4081.624,2026-04-13 22:00:00,2026-04-13 18:00:00
2026-04-12 22:00:00,2026-04-12 18:00:00,RFC,WEST,AEP,AEPIMP,3301.715,True,18,6,4,1,-1.0,-1.8369701987210297e-16,-0.7818314824680299,0.6234898018587334,3288.232,3100.109,3284.26,3058.5553333333332,153.27140480423324,3632.975,2026-04-13 22:00:00,2026-04-13 18:00:00
2026-04-12 22:00:00,2026-04-12 18:00:00,RFC,WEST,AEP,AEPKPT,592.996,True,18,6,4,1,-1.0,-1.8369701987210297e-16,-0.7818314824680299,0.6234898018587334,616.69,566.572,581.93,521.8535833333334,53.73025512034244,580.467,2026-04-13 22:00:00,2026-04-13 18:00:00
2026-04-12 22:00:00,2026-04-12 18:00:00,RFC,WEST,AEP,AEPOPT,7939.264,True,18,6,4,1,-1.0,-1.8369701987210297e-16,-0.7818314824680299,0.6234898018587334,7985.628,7245.588,7811.249,7213.134249999999,425.33989956188134,8899.754,2026-04-13 22:00:00,2026-04-13 18:00:00
2026-04-12 23:00:00,2026-04-12 19:00:00,RFC,WEST,AEP,AEPAPT,3947.307,True,19,6,4,1,-0.9659258262890684,0.2588190451025203,-0.7818314824680299,0.6234898018587334,3968.389,3707.407,3806.464,3381.6037916666664,319.09940838812327,4098.474,2026-04-13 23:00:00,2026-04-13 19:00:00
2026-04-12 23:00:00,2026-04-12 19:00:00,RFC,WEST,AEP,AEPIMP,3311.519,True,19,6,4,1,-0.9659258262890684,0.2588190451025203,-0.7818314824680299,0.6234898018587334,3301.715,3116.822,3270.544,3066.667708333333,161.42503958815738,3612.212,2026-04-13 23:00:00,2026-04-13 19:00:00
2026-04-12 23:00:00,2026-04-12 19:00:00,RFC,WEST,AEP,AEPKPT,607.426,True,19,6,4,1,-0.9659258262890684,0.2588190451025203,-0.7818314824680299,0.6234898018587334,592.996,558.248,564.945,523.9026666666667,56.065544856515544,578.003,2026-04-13 23:00:00,2026-04-13 19:00:00
2026-04-12 23:00:00,2026-04-12 19:00:00,RFC,WEST,AEP,AEPOPT,7895.851,True,19,6,4,1,-0.9659258262890684,0.2588190451025203,-0.7818314824680299,0.6234898018587334,7939.264,7155.82,7703.243,7243.968875,447.2632408795741,8761.206,2026-04-13 23:00:00,2026-04-13 19:00:00
2026-04-13 00:00:00,2026-04-12 20:00:00,RFC,WEST,AEP,AEPAPT,3988.501,True,20,6,4,1,-0.8660254037844386,0.5000000000000001,-0.7818314824680299,0.6234898018587334,3947.307,3696.451,3816.333,3393.7725416666667,336.71065629396276,4142.456,2026-04-14 00:00:00,2026-04-13 20:00:00
2026-04-13 00:00:00,2026-04-12 20:00:00,RFC,WEST,AEP,AEPIMP,3376.203,True,20,6,4,1,-0.8660254037844386,0.5000000000000001,-0.7818314824680299,0.6234898018587334,3311.519,3170.568,3284.774,3075.2358333333336,172.27252400639165,3617.499,2026-04-14 00:00:00,2026-04-13 20:00:00
2026-04-13 00:00:00,2026-04-12 20:00:00,RFC,WEST,AEP,AEPKPT,612.971,True,20,6,4,1,-0.8660254037844386,0.5000000000000001,-0.7818314824680299,0.6234898018587334,607.426,556.387,562.925,526.2603333333333,58.62239972589979,589.276,2026-04-14 00:00:00,2026-04-13 20:00:00
2026-04-13 00:00:00,2026-04-12 20:00:00,RFC,WEST,AEP,AEPOPT,8090.767,True,20,6,4,1,-0.8660254037844386,0.5000000000000001,-0.7818314824680299,0.6234898018587334,7895.851,7368.958,7710.018,7274.04425,479.1640120201282,8760.294,2026-04-14 00:00:00,2026-04-13 20:00:00
2026-04-13 01:00:00,2026-04-12 21:00:00,RFC,WEST,AEP,AEPAPT,3841.242,True,21,6,4,1,-0.7071067811865477,0.7071067811865474,-0.7818314824680299,0.6234898018587334,3988.501,3624.939,3722.235,3402.7851666666666,345.9357219937863,3989.295,2026-04-14 01:00:00,2026-04-13 21:00:00
2026-04-13 01:00:00,2026-04-12 21:00:00,RFC,WEST,AEP,AEPIMP,3386.785,True,21,6,4,1,-0.7071067811865477,0.7071067811865474,-0.7818314824680299,0.6234898018587334,3376.203,3167.056,3216.837,3084.391208333333,182.87678876463343,3577.564,2026-04-14 01:00:00,2026-04-13 21:00:00
2026-04-13 01:00:00,2026-04-12 21:00:00,RFC,WEST,AEP,AEPKPT,593.387,True,21,6,4,1,-0.7071067811865477,0.7071067811865474,-0.7818314824680299,0.6234898018587334,612.971,541.902,554.847,528.4055416666666,60.14198917777036,574.549,2026-04-14 01:00:00,2026-04-13 21:00:00
2026-04-13 01:00:00,2026-04-12 21:00:00,RFC,WEST,AEP,AEPOPT,7986.876,True,21,6,4,1,-0.7071067811865477,0.7071067811865474,-0.7818314824680299,0.6234898018587334,8090.767,7375.856,7564.407,7299.503416666666,500.5633726505407,8585.109,2026-04-14 01:00:00,2026-04-13 21:00:00
2026-04-13 02:00:00,2026-04-12 22:00:00,RFC,WEST,AEP,AEPAPT,3590.292,True,22,6,4,1,-0.5000000000000004,0.8660254037844384,-0.7818314824680299,0.6234898018587334,3841.242,3463.259,3538.03,3408.078208333333,347.86768994947005,3725.213,2026-04-14 02:00:00,2026-04-13 22:00:00
2026-04-13 02:00:00,2026-04-12 22:00:00,RFC,WEST,AEP,AEPIMP,3245.091,True,22,6,4,1,-0.5000000000000004,0.8660254037844384,-0.7818314824680299,0.6234898018587334,3386.785,3089.261,3160.929,3090.884125,185.80015841601193,3439.846,2026-04-14 02:00:00,2026-04-13 22:00:00
2026-04-13 02:00:00,2026-04-12 22:00:00,RFC,WEST,AEP,AEPKPT,552.659,True,22,6,4,1,-0.5000000000000004,0.8660254037844384,-0.7818314824680299,0.6234898018587334,593.387,525.045,531.582,529.556125,60.33872454180244,538.047,2026-04-14 02:00:00,2026-04-13 22:00:00
2026-04-13 02:00:00,2026-04-12 22:00:00,RFC,WEST,AEP,AEPOPT,7690.516,True,22,6,4,1,-0.5000000000000004,0.8660254037844384,-0.7818314824680299,0.6234898018587334,7986.876,7117.17,7335.9,7323.392833333332,505.14368747511685,8179.326,2026-04-14 02:00:00,2026-04-13 22:00:00
2026-04-13 03:00:00,2026-04-12 23:00:00,RFC,WEST,AEP,AEPAPT,3357.208,True,23,6,4,1,-0.25881904510252157,0.9659258262890681,-0.7818314824680299,0.6234898018587334,3590.292,3246.185,3331.95,3412.7041666666664,346.3561350607662,3464.449,2026-04-14 03:00:00,2026-04-13 23:00:00
2026-04-13 03:00:00,2026-04-12 23:00:00,RFC,WEST,AEP,AEPIMP,3150.832,True,23,6,4,1,-0.25881904510252157,0.9659258262890681,-0.7818314824680299,0.6234898018587334,3245.091,3013.219,3028.309,3096.6180000000004,185.4221850482936,3274.802,2026-04-14 03:00:00,2026-04-13 23:00:00
2026-04-13 03:00:00,2026-04-12 23:00:00,RFC,WEST,AEP,AEPKPT,510.027,True,23,6,4,1,-0.25881904510252157,0.9659258262890681,-0.7818314824680299,0.6234898018587334,552.659,495.87,502.718,530.146,60.06366168672521,501.212,2026-04-14 03:00:00,2026-04-13 23:00:00
2026-04-13 03:00:00,2026-04-12 23:00:00,RFC,WEST,AEP,AEPOPT,7411.467,True,23,6,4,1,-0.25881904510252157,0.9659258262890681,-0.7818314824680299,0.6234898018587334,7690.516,6967.882,7136.289,7341.875541666667,499.6556983671543,7693.789,2026-04-14 03:00:00,2026-04-13 23:00:00
2026-04-13 04:00:00,2026-04-13 00:00:00,RFC,WEST,AEP,AEPAPT,3194.524,True,0,0,4,0,0.0,1.0,0.0,1.0,3357.208,3096.753,3142.703,3416.7779583333336,343.0374747870885,3247.795,2026-04-14 04:00:00,2026-04-14 00:00:00
2026-04-13 04:00:00,2026-04-13 00:00:00,RFC,WEST,AEP,AEPIMP,3112.843,True,0,0,4,0,0.0,1.0,0.0,1.0,3150.832,2970.85,2988.344,3102.5343749999997,183.49001527764148,3182.175,2026-04-14 04:00:00,2026-04-14 00:00:00
2026-04-13 04:00:00,2026-04-13 00:00:00,RFC,WEST,AEP,AEPKPT,478.226,True,0,0,4,0,0.0,1.0,0.0,1.0,510.027,471.857,478.703,530.411375,59.80845809590625,476.233,2026-04-14 04:00:00,2026-04-14 00:00:00
2026-04-13 04:00:00,2026-04-13 00:00:00,RFC,WEST,AEP,AEPOPT,7155.24,True,0,0,4,0,0.0,1.0,0.0,1.0,7411.467,6798.296,6820.629,7356.748208333333,487.947305918049,7374.14,2026-04-14 04:00:00,2026-04-14 00:00:00
2026-04-13 05:00:00,2026-04-13 01:00:00,RFC,WEST,AEP,AEPAPT,3090.179,True,1,0,4,0,0.25881904510252074,0.9659258262890683,0.0,1.0,3194.524,2992.647,3071.462,3420.841791666667,338.34005054511,3127.238,2026-04-14 05:00:00,2026-04-14 01:00:00
2026-04-13 05:00:00,2026-04-13 01:00:00,RFC,WEST,AEP,AEPIMP,3039.562,True,1,0,4,0,0.25881904510252074,0.9659258262890683,0.0,1.0,3112.843,2840.252,2924.596,3110.8389583333333,175.43681638857953,3052.363,2026-04-14 05:00:00,2026-04-14 01:00:00
2026-04-13 05:00:00,2026-04-13 01:00:00,RFC,WEST,AEP,AEPKPT,463.134,True,1,0,4,0,0.25881904510252074,0.9659258262890683,0.0,1.0,478.226,459.477,464.811,530.56375,59.62425482917815,457.772,2026-04-14 05:00:00,2026-04-14 01:00:00
2026-04-13 05:00:00,2026-04-13 01:00:00,RFC,WEST,AEP,AEPOPT,6984.754,True,1,0,4,0,0.25881904510252074,0.9659258262890683,0.0,1.0,7155.24,6723.165,6794.034,7367.64775,475.9535050391516,7056.632,2026-04-14 05:00:00,2026-04-14 01:00:00
2026-04-13 06:00:00,2026-04-13 02:00:00,RFC,WEST,AEP,AEPAPT,3030.084,True,2,0,4,0,0.49999999999999994,0.8660254037844387,0.0,1.0,3090.179,2954.363,3022.994,3423.996833333333,334.1278101740559,3094.634,2026-04-14 06:00:00,2026-04-14 02:00:00
2026-04-13 06:00:00,2026-04-13 02:00:00,RFC,WEST,AEP,AEPIMP,2971.548,True,2,0,4,0,0.49999999999999994,0.8660254037844387,0.0,1.0,3039.562,2829.544,2854.762,3116.7557916666665,167.7641543323977,3044.591,2026-04-14 06:00:00,2026-04-14 02:00:00
2026-04-13 06:00:00,2026-04-13 02:00:00,RFC,WEST,AEP,AEPKPT,447.001,True,2,0,4,0,0.49999999999999994,0.8660254037844387,0.0,1.0,463.134,454.768,458.75,530.240125,60.07293192250812,451.202,2026-04-14 06:00:00,2026-04-14 02:00:00
2026-04-13 06:00:00,2026-04-13 02:00:00,RFC,WEST,AEP,AEPOPT,6865.37,True,2,0,4,0,0.49999999999999994,0.8660254037844387,0.0,1.0,6984.754,6608.333,6742.944,7378.357625000001,460.7744525345281,6909.609,2026-04-14 06:00:00,2026-04-14 02:00:00
2026-04-13 07:00:00,2026-04-13 03:00:00,RFC,WEST,AEP,AEPAPT,3032.118,True,3,0,4,0,0.7071067811865475,0.7071067811865476,0.0,1.0,3030.084,2948.184,3005.125,3427.494083333333,329.33593795749107,3089.395,2026-04-14 07:00:00,2026-04-14 03:00:00
2026-04-13 07:00:00,2026-04-13 03:00:00,RFC,WEST,AEP,AEPIMP,3032.586,True,3,0,4,0,0.7071067811865475,0.7071067811865476,0.0,1.0,2971.548,2854.924,2937.633,3124.1583749999995,159.42071396636564,3023.926,2026-04-14 07:00:00,2026-04-14 03:00:00
2026-04-13 07:00:00,2026-04-13 03:00:00,RFC,WEST,AEP,AEPKPT,450.286,True,3,0,4,0,0.7071067811865475,0.7071067811865476,0.0,1.0,447.001,454.511,453.793,530.0640833333333,60.31022423950048,450.872,2026-04-14 07:00:00,2026-04-14 03:00:00
2026-04-13 07:00:00,2026-04-13 03:00:00,RFC,WEST,AEP,AEPOPT,6878.634,True,3,0,4,0,0.7071067811865475,0.7071067811865476,0.0,1.0,6865.37,6592.045,6651.847,7390.298833333333,442.87671994973743,6849.321,2026-04-14 07:00:00,2026-04-14 03:00:00
2026-04-13 08:00:00,2026-04-13 04:00:00,RFC,WEST,AEP,AEPAPT,3084.093,True,4,0,4,0,0.8660254037844386,0.5000000000000001,0.0,1.0,3032.118,2976.155,3028.484,3431.9915,323.59136700662646,3147.463,2026-04-14 08:00:00,2026-04-14 04:00:00
2026-04-13 08:00:00,2026-04-13 04:00:00,RFC,WEST,AEP,AEPIMP,3086.401,True,4,0,4,0,0.8660254037844386,0.5000000000000001,0.0,1.0,3032.586,2828.961,2944.801,3134.885041666667,146.8608967769349,3085.352,2026-04-14 08:00:00,2026-04-14 04:00:00
2026-04-13 08:00:00,2026-04-13 04:00:00,RFC,WEST,AEP,AEPKPT,452.368,True,4,0,4,0,0.8660254037844386,0.5000000000000001,0.0,1.0,450.286,458.353,458.348,529.8147083333333,60.63115205287665,456.529,2026-04-14 08:00:00,2026-04-14 04:00:00
2026-04-13 08:00:00,2026-04-13 04:00:00,RFC,WEST,AEP,AEPOPT,6990.282,True,4,0,4,0,0.8660254037844386,0.5000000000000001,0.0,1.0,6878.634,6661.524,6641.573,7403.997083333333,424.0391926443872,6894.742,2026-04-14 08:00:00,2026-04-14 04:00:00
2026-04-13 09:00:00,2026-04-13 05:00:00,RFC,WEST,AEP,AEPAPT,3229.262,True,5,0,4,0,0.9659258262890683,0.25881904510252074,0.0,1.0,3084.093,3036.051,3103.917,3440.0419583333332,315.61785561112225,3291.902,2026-04-14 09:00:00,2026-04-14 05:00:00
2026-04-13 09:00:00,2026-04-13 05:00:00,RFC,WEST,AEP,AEPIMP,3204.834,True,5,0,4,0,0.9659258262890683,0.25881904510252074,0.0,1.0,3086.401,2865.891,3031.403,3149.0076666666664,135.74514587898577,3211.808,2026-04-14 09:00:00,2026-04-14 05:00:00
2026-04-13 09:00:00,2026-04-13 05:00:00,RFC,WEST,AEP,AEPKPT,466.921,True,5,0,4,0,0.9659258262890683,0.25881904510252074,0.0,1.0,452.368,463.765,460.793,529.9462083333333,60.48491775567875,473.111,2026-04-14 09:00:00,2026-04-14 05:00:00
2026-04-13 09:00:00,2026-04-13 05:00:00,RFC,WEST,AEP,AEPOPT,7284.983,True,5,0,4,0,0.9659258262890683,0.25881904510252074,0.0,1.0,6990.282,6700.831,6780.345,7428.3367499999995,397.8811377558938,7188.44,2026-04-14 09:00:00,2026-04-14 05:00:00
2026-04-13 10:00:00,2026-04-13 06:00:00,RFC,WEST,AEP,AEPAPT,3515.144,True,6,0,4,0,1.0,6.123233995736766e-17,0.0,1.0,3229.262,3126.296,3218.897,3456.243958333334,308.71685232721586,3560.318,2026-04-14 10:00:00,2026-04-14 06:00:00
2026-04-13 10:00:00,2026-04-13 06:00:00,RFC,WEST,AEP,AEPIMP,3400.523,True,6,0,4,0,1.0,6.123233995736766e-17,0.0,1.0,3204.834,2914.727,3102.792,3169.2491666666665,135.511016538728,3409.222,2026-04-14 10:00:00,2026-04-14 06:00:00
2026-04-13 10:00:00,2026-04-13 06:00:00,RFC,WEST,AEP,AEPKPT,507.484,True,6,0,4,0,1.0,6.123233995736766e-17,0.0,1.0,466.921,475.218,472.954,531.290625,59.56719859468356,514.519,2026-04-14 10:00:00,2026-04-14 06:00:00
2026-04-13 10:00:00,2026-04-13 06:00:00,RFC,WEST,AEP,AEPOPT,7706.305,True,6,0,4,0,1.0,6.123233995736766e-17,0.0,1.0,7284.983,6892.495,6988.63,7462.2455,384.68851782187426,7623.357,2026-04-14 10:00:00,2026-04-14 06:00:00
2026-04-13 11:00:00,2026-04-13 07:00:00,RFC,WEST,AEP,AEPAPT,3675.219,True,7,0,4,0,0.9659258262890683,-0.25881904510252063,0.0,1.0,3515.144,3231.384,3338.861,3474.7370833333334,307.9540024112738,3694.477,2026-04-14 11:00:00,2026-04-14 07:00:00
2026-04-13 11:00:00,2026-04-13 07:00:00,RFC,WEST,AEP,AEPIMP,3582.553,True,7,0,4,0,0.9659258262890683,-0.25881904510252063,0.0,1.0,3400.523,2943.229,3139.163,3195.887666666666,151.09149681297637,3507.804,2026-04-14 11:00:00,2026-04-14 07:00:00
2026-04-13 11:00:00,2026-04-13 07:00:00,RFC,WEST,AEP,AEPKPT,528.586,True,7,0,4,0,0.9659258262890683,-0.25881904510252063,0.0,1.0,507.484,480.853,482.758,533.2795,58.59893248174402,530.159,2026-04-14 11:00:00,2026-04-14 07:00:00
2026-04-13 11:00:00,2026-04-13 07:00:00,RFC,WEST,AEP,AEPOPT,7919.766,True,7,0,4,0,0.9659258262890683,-0.25881904510252063,0.0,1.0,7706.305,7015.392,7171.796,7499.92775,383.3053608677108,7873.986,2026-04-14 11:00:00,2026-04-14 07:00:00
2026-04-13 12:00:00,2026-04-13 08:00:00,RFC,WEST,AEP,AEPAPT,3725.317,True,8,0,4,0,0.8660254037844387,-0.4999999999999998,0.0,1.0,3675.219,3341.532,3415.073,3490.7281249999996,310.6885714100365,3722.641,2026-04-14 12:00:00,2026-04-14 08:00:00
2026-04-13 12:00:00,2026-04-13 08:00:00,RFC,WEST,AEP,AEPIMP,3568.021,True,8,0,4,0,0.8660254037844387,-0.4999999999999998,0.0,1.0,3582.553,2978.255,3189.001,3220.4612500000003,161.74124606920503,3530.923,2026-04-14 12:00:00,2026-04-14 08:00:00
2026-04-13 12:00:00,2026-04-13 08:00:00,RFC,WEST,AEP,AEPKPT,533.313,True,8,0,4,0,0.8660254037844387,-0.4999999999999998,0.0,1.0,528.586,499.766,498.352,534.6772916666666,58.16324745245554,538.152,2026-04-14 12:00:00,2026-04-14 08:00:00
2026-04-13 12:00:00,2026-04-13 08:00:00,RFC,WEST,AEP,AEPOPT,8094.701,True,8,0,4,0,0.8660254037844387,-0.4999999999999998,0.0,1.0,7919.766,7141.664,7385.559,7539.637625,393.7990171902106,8103.056,2026-04-14 12:00:00,2026-04-14 08:00:00
2026-04-13 13:00:00,2026-04-13 09:00:00,RFC,WEST,AEP,AEPAPT,3759.027,True,9,0,4,0,0.7071067811865476,-0.7071067811865475,0.0,1.0,3725.317,3345.54,3393.368,3507.95675,313.7369997674242,3696.987,2026-04-14 13:00:00,2026-04-14 09:00:00
2026-04-13 13:00:00,2026-04-13 09:00:00,RFC,WEST,AEP,AEPIMP,3674.895,True,9,0,4,0,0.7071067811865476,-0.7071067811865475,0.0,1.0,3568.021,3113.544,3151.213,3243.8508749999996,184.58346186323416,3558.528,2026-04-14 13:00:00,2026-04-14 09:00:00
2026-04-13 13:00:00,2026-04-13 09:00:00,RFC,WEST,AEP,AEPKPT,550.836,True,9,0,4,0,0.7071067811865476,-0.7071067811865475,0.0,1.0,533.313,508.817,515.362,536.4280833333333,57.98310841054724,546.867,2026-04-14 13:00:00,2026-04-14 09:00:00
2026-04-13 13:00:00,2026-04-13 09:00:00,RFC,WEST,AEP,AEPOPT,8249.453,True,9,0,4,0,0.7071067811865476,-0.7071067811865475,0.0,1.0,8094.701,7283.64,7404.148,7579.8798333333325,415.26434489492044,8230.951,2026-04-14 13:00:00,2026-04-14 09:00:00
2026-04-13 14:00:00,2026-04-13 10:00:00,RFC,WEST,AEP,AEPAPT,3804.868,True,10,0,4,0,0.49999999999999994,-0.8660254037844387,0.0,1.0,3759.027,3312.305,3354.695,3528.480208333334,316.4805373796066,3729.99,2026-04-14 14:00:00,2026-04-14 10:00:00
2026-04-13 14:00:00,2026-04-13 10:00:00,RFC,WEST,AEP,AEPIMP,3679.372,True,10,0,4,0,0.49999999999999994,-0.8660254037844387,0.0,1.0,3674.895,3041.404,3190.739,3270.432875,199.49607153117756,3614.691,2026-04-14 14:00:00,2026-04-14 10:00:00
2026-04-13 14:00:00,2026-04-13 10:00:00,RFC,WEST,AEP,AEPKPT,562.002,True,10,0,4,0,0.49999999999999994,-0.8660254037844387,0.0,1.0,550.836,505.533,516.118,538.7809583333334,57.820409493894694,557.301,2026-04-14 14:00:00,2026-04-14 10:00:00
2026-04-13 14:00:00,2026-04-13 10:00:00,RFC,WEST,AEP,AEPOPT,8423.301,True,10,0,4,0,0.49999999999999994,-0.8660254037844387,0.0,1.0,8249.453,7345.023,7436.088,7624.808083333333,445.94693288832974,8384.724,2026-04-14 14:00:00,2026-04-14 10:00:00
2026-04-13 15:00:00,2026-04-13 11:00:00,RFC,WEST,AEP,AEPAPT,3827.942,True,11,0,4,0,0.258819045102521,-0.9659258262890682,0.0,1.0,3804.868,3299.219,3373.686,3550.510333333333,318.22518904367604,3810.346,2026-04-14 15:00:00,2026-04-14 11:00:00
2026-04-13 15:00:00,2026-04-13 11:00:00,RFC,WEST,AEP,AEPIMP,3630.916,True,11,0,4,0,0.258819045102521,-0.9659258262890682,0.0,1.0,3679.372,3090.901,3149.465,3292.9334999999996,208.6119148141655,3574.579,2026-04-14 15:00:00,2026-04-14 11:00:00
2026-04-13 15:00:00,2026-04-13 11:00:00,RFC,WEST,AEP,AEPKPT,575.249,True,11,0,4,0,0.258819045102521,-0.9659258262890682,0.0,1.0,562.002,512.104,524.442,541.412,57.990147279328966,568.285,2026-04-14 15:00:00,2026-04-14 11:00:00
2026-04-13 15:00:00,2026-04-13 11:00:00,RFC,WEST,AEP,AEPOPT,8477.215,True,11,0,4,0,0.258819045102521,-0.9659258262890682,0.0,1.0,8423.301,7338.802,7379.397,7672.241958333333,473.8729453567488,8587.949,2026-04-14 15:00:00,2026-04-14 11:00:00
2026-04-13 16:00:00,2026-04-13 12:00:00,RFC,WEST,AEP,AEPAPT,3912.752,True,12,0,4,0,1.2246467991473532e-16,-1.0,0.0,1.0,3827.942,3344.362,3402.254,3574.1932500000003,323.3256527963639,3954.498,2026-04-14 16:00:00,2026-04-14 12:00:00
2026-04-13 16:00:00,2026-04-13 12:00:00,RFC,WEST,AEP,AEPIMP,3704.831,True,12,0,4,0,1.2246467991473532e-16,-1.0,0.0,1.0,3630.916,3101.972,3132.225,3318.052625,220.5709368790931,3687.036,2026-04-14 16:00:00,2026-04-14 12:00:00
2026-04-13 16:00:00,2026-04-13 12:00:00,RFC,WEST,AEP,AEPKPT,584.996,True,12,0,4,0,1.2246467991473532e-16,-1.0,0.0,1.0,575.249,529.082,522.904,543.74175,58.59328707970184,577.553,2026-04-14 16:00:00,2026-04-14 12:00:00
2026-04-13 16:00:00,2026-04-13 12:00:00,RFC,WEST,AEP,AEPOPT,8620.213,True,12,0,4,0,1.2246467991473532e-16,-1.0,0.0,1.0,8477.215,7434.901,7318.236,7721.629958333334,508.55961337217417,8637.456,2026-04-14 16:00:00,2026-04-14 12:00:00
2026-04-13 17:00:00,2026-04-13 13:00:00,RFC,WEST,AEP,AEPAPT,3985.976,True,13,0,4,0,-0.2588190451025208,-0.9659258262890683,0.0,1.0,3912.752,3394.758,3451.844,3598.827333333333,331.4796799574082,4047.684,2026-04-14 17:00:00,2026-04-14 13:00:00
2026-04-13 17:00:00,2026-04-13 13:00:00,RFC,WEST,AEP,AEPIMP,3760.879,True,13,0,4,0,-0.2588190451025208,-0.9659258262890683,0.0,1.0,3704.831,3169.569,3099.208,3342.690541666667,235.76559319540036,3697.313,2026-04-14 17:00:00,2026-04-14 13:00:00
2026-04-13 17:00:00,2026-04-13 13:00:00,RFC,WEST,AEP,AEPKPT,581.398,True,13,0,4,0,-0.2588190451025208,-0.9659258262890683,0.0,1.0,584.996,560.174,535.181,544.6260833333334,59.01075470212613,595.746,2026-04-14 17:00:00,2026-04-14 13:00:00
2026-04-13 17:00:00,2026-04-13 13:00:00,RFC,WEST,AEP,AEPOPT,8733.35,True,13,0,4,0,-0.2588190451025208,-0.9659258262890683,0.0,1.0,8620.213,7418.557,7197.962,7776.4130000000005,544.0688940174662,8793.372,2026-04-14 17:00:00,2026-04-14 13:00:00
2026-04-13 18:00:00,2026-04-13 14:00:00,RFC,WEST,AEP,AEPAPT,3987.186,True,14,0,4,0,-0.4999999999999997,-0.8660254037844388,0.0,1.0,3985.976,3511.319,3441.67,3618.6551249999998,340.13688120613284,4109.699,2026-04-14 18:00:00,2026-04-14 14:00:00
2026-04-13 18:00:00,2026-04-13 14:00:00,RFC,WEST,AEP,AEPIMP,3755.885,True,14,0,4,0,-0.4999999999999997,-0.8660254037844388,0.0,1.0,3760.879,3207.03,3074.733,3365.5595,248.319454070406,3709.562,2026-04-14 18:00:00,2026-04-14 14:00:00
2026-04-13 18:00:00,2026-04-13 14:00:00,RFC,WEST,AEP,AEPKPT,578.039,True,14,0,4,0,-0.4999999999999997,-0.8660254037844388,0.0,1.0,581.398,581.336,541.232,544.4887083333333,58.925355513475694,604.781,2026-04-14 18:00:00,2026-04-14 14:00:00
2026-04-13 18:00:00,2026-04-13 14:00:00,RFC,WEST,AEP,AEPOPT,8742.126,True,14,0,4,0,-0.4999999999999997,-0.8660254037844388,0.0,1.0,8733.35,7596.987,7126.349,7824.127125,576.8739111936437,8839.62,2026-04-14 18:00:00,2026-04-14 14:00:00
2026-04-13 19:00:00,2026-04-13 15:00:00,RFC,WEST,AEP,AEPAPT,3987.753,True,15,0,4,0,-0.7071067811865471,-0.7071067811865479,0.0,1.0,3987.186,3625.466,3536.603,3633.7504166666663,348.3912891626691,4194.726,2026-04-14 19:00:00,2026-04-14 15:00:00
2026-04-13 19:00:00,2026-04-13 15:00:00,RFC,WEST,AEP,AEPIMP,3756.181,True,15,0,4,0,-0.7071067811865471,-0.7071067811865479,0.0,1.0,3755.885,3227.071,3069.504,3387.60575,258.7578925071,3793.337,2026-04-14 19:00:00,2026-04-14 15:00:00
2026-04-13 19:00:00,2026-04-13 15:00:00,RFC,WEST,AEP,AEPKPT,579.215,True,15,0,4,0,-0.7071067811865471,-0.7071067811865479,0.0,1.0,578.039,602.909,556.15,543.5014583333333,58.09667204715531,618.228,2026-04-14 19:00:00,2026-04-14 15:00:00
2026-04-13 19:00:00,2026-04-13 15:00:00,RFC,WEST,AEP,AEPOPT,8756.171,True,15,0,4,0,-0.7071067811865471,-0.7071067811865479,0.0,1.0,8742.126,7767.916,7124.871,7865.304416666667,607.1627941048512,8960.014,2026-04-14 19:00:00,2026-04-14 15:00:00
2026-04-13 20:00:00,2026-04-13 16:00:00,RFC,WEST,AEP,AEPAPT,4020.227,True,16,0,4,0,-0.8660254037844384,-0.5000000000000004,0.0,1.0,3987.753,3762.598,3649.645,3644.484958333333,356.41062047325073,4321.722,2026-04-14 20:00:00,2026-04-14 16:00:00
2026-04-13 20:00:00,2026-04-13 16:00:00,RFC,WEST,AEP,AEPIMP,3673.682,True,16,0,4,0,-0.8660254037844384,-0.5000000000000004,0.0,1.0,3756.181,3280.331,3040.842,3403.9953750000004,264.070540060597,3846.352,2026-04-14 20:00:00,2026-04-14 16:00:00
2026-04-13 20:00:00,2026-04-13 16:00:00,RFC,WEST,AEP,AEPKPT,577.921,True,16,0,4,0,-0.8660254037844384,-0.5000000000000004,0.0,1.0,579.215,618.825,565.116,541.7971249999999,56.3650719925277,637.007,2026-04-14 20:00:00,2026-04-14 16:00:00
2026-04-13 20:00:00,2026-04-13 16:00:00,RFC,WEST,AEP,AEPOPT,8848.388,True,16,0,4,0,-0.8660254037844384,-0.5000000000000004,0.0,1.0,8756.171,7885.073,7228.531,7905.442541666667,639.506264156286,9136.125,2026-04-14 20:00:00,2026-04-14 16:00:00
2026-04-13 21:00:00,2026-04-13 17:00:00,RFC,WEST,AEP,AEPAPT,4068.116,True,17,0,4,0,-0.9659258262890683,-0.25881904510252063,0.0,1.0,4020.227,3913.029,3735.55,3650.946916666667,362.8391301400309,4442.626,2026-04-14 21:00:00,2026-04-14 17:00:00
2026-04-13 21:00:00,2026-04-13 17:00:00,RFC,WEST,AEP,AEPIMP,3674.825,True,17,0,4,0,-0.9659258262890683,-0.25881904510252063,0.0,1.0,3673.682,3288.232,3012.866,3420.103416666667,268.4565403720186,3931.179,2026-04-14 21:00:00,2026-04-14 17:00:00
2026-04-13 21:00:00,2026-04-13 17:00:00,RFC,WEST,AEP,AEPKPT,577.527,True,17,0,4,0,-0.9659258262890683,-0.25881904510252063,0.0,1.0,577.921,616.69,570.23,540.1653333333334,54.64321677992588,648.147,2026-04-14 21:00:00,2026-04-14 17:00:00
2026-04-13 21:00:00,2026-04-13 17:00:00,RFC,WEST,AEP,AEPOPT,8992.877,True,17,0,4,0,-0.9659258262890683,-0.25881904510252063,0.0,1.0,8848.388,7985.628,7246.184,7947.41125,676.952283898386,9247.134,2026-04-14 21:00:00,2026-04-14 17:00:00
2026-04-13 22:00:00,2026-04-13 18:00:00,RFC,WEST,AEP,AEPAPT,4081.624,True,18,0,4,0,-1.0,-1.8369701987210297e-16,0.0,1.0,4068.116,3968.389,3748.231,3655.6650416666666,367.8480550711201,4484.413,2026-04-14 22:00:00,2026-04-14 18:00:00
2026-04-13 22:00:00,2026-04-13 18:00:00,RFC,WEST,AEP,AEPIMP,3632.975,True,18,0,4,0,-1.0,-1.8369701987210297e-16,0.0,1.0,3674.825,3301.715,3100.109,3433.9059166666666,270.6121322849692,3841.559,2026-04-14 22:00:00,2026-04-14 18:00:00
2026-04-13 22:00:00,2026-04-13 18:00:00,RFC,WEST,AEP,AEPKPT,580.467,True,18,0,4,0,-1.0,-1.8369701987210297e-16,0.0,1.0,577.527,592.996,566.572,539.6432916666666,54.174384512046466,644.238,2026-04-14 22:00:00,2026-04-14 18:00:00
2026-04-13 22:00:00,2026-04-13 18:00:00,RFC,WEST,AEP,AEPOPT,8899.754,True,18,0,4,0,-1.0,-1.8369701987210297e-16,0.0,1.0,8992.877,7939.264,7245.588,7987.431666666667,704.2891020559978,9299.692,2026-04-14 22:00:00,2026-04-14 18:00:00
2026-04-13 23:00:00,2026-04-13 19:00:00,RFC,WEST,AEP,AEPAPT,4098.474,True,19,0,4,0,-0.9659258262890684,0.2588190451025203,0.0,1.0,4081.624,3947.307,3707.407,3661.963666666667,374.296615970793,4448.933,2026-04-14 23:00:00,2026-04-14 19:00:00
2026-04-13 23:00:00,2026-04-13 19:00:00,RFC,WEST,AEP,AEPIMP,3612.212,True,19,0,4,0,-0.9659258262890684,0.2588190451025203,0.0,1.0,3632.975,3311.519,3116.822,3446.4347916666666,271.6582298297955,3817.009,2026-04-14 23:00:00,2026-04-14 19:00:00
2026-04-13 23:00:00,2026-04-13 19:00:00,RFC,WEST,AEP,AEPKPT,578.003,True,19,0,4,0,-0.9659258262890684,0.2588190451025203,0.0,1.0,580.467,607.426,558.248,538.4173333333333,52.891509493422035,630.944,2026-04-14 23:00:00,2026-04-14 19:00:00
2026-04-13 23:00:00,2026-04-13 19:00:00,RFC,WEST,AEP,AEPOPT,8761.206,True,19,0,4,0,-0.9659258262890684,0.2588190451025203,0.0,1.0,8899.754,7895.851,7155.82,8023.488125,721.3414516579122,9159.926,2026-04-14 23:00:00,2026-04-14 19:00:00
2026-04-14 00:00:00,2026-04-13 20:00:00,RFC,WEST,AEP,AEPAPT,4142.456,True,20,0,4,0,-0.8660254037844386,0.5000000000000001,0.0,1.0,4098.474,3988.501,3696.451,3668.378458333333,381.3882916858363,4434.831,2026-04-15 00:00:00,2026-04-14 20:00:00
2026-04-14 00:00:00,2026-04-13 20:00:00,RFC,WEST,AEP,AEPIMP,3617.499,True,20,0,4,0,-0.8660254037844386,0.5000000000000001,0.0,1.0,3612.212,3376.203,3170.568,3456.4887916666667,273.4054901500171,3770.26,2026-04-15 00:00:00,2026-04-14 20:00:00
2026-04-14 00:00:00,2026-04-13 20:00:00,RFC,WEST,AEP,AEPKPT,589.276,True,20,0,4,0,-0.8660254037844386,0.5000000000000001,0.0,1.0,578.003,612.971,556.387,537.4300416666666,51.645838985957084,636.927,2026-04-15 00:00:00,2026-04-14 20:00:00
2026-04-14 00:00:00,2026-04-13 20:00:00,RFC,WEST,AEP,AEPOPT,8760.294,True,20,0,4,0,-0.8660254037844386,0.5000000000000001,0.0,1.0,8761.206,8090.767,7368.958,8051.385083333334,736.836627247503,9168.686,2026-04-15 00:00:00,2026-04-14 20:00:00
2026-04-14 01:00:00,2026-04-13 21:00:00,RFC,WEST,AEP,AEPAPT,3989.295,True,21,0,4,0,-0.7071067811865477,0.7071067811865474,0.0,1.0,4142.456,3841.242,3624.939,3674.5473333333334,385.48128979764607,4262.704,2026-04-15 01:00:00,2026-04-14 21:00:00
2026-04-14 01:00:00,2026-04-13 21:00:00,RFC,WEST,AEP,AEPIMP,3577.564,True,21,0,4,0,-0.7071067811865477,0.7071067811865474,0.0,1.0,3617.499,3386.785,3167.056,3464.437916666667,274.0633843219334,3760.298,2026-04-15 01:00:00,2026-04-14 21:00:00
2026-04-14 01:00:00,2026-04-13 21:00:00,RFC,WEST,AEP,AEPKPT,574.549,True,21,0,4,0,-0.7071067811865477,0.7071067811865474,0.0,1.0,589.276,593.387,541.902,536.645125,50.89613522810555,609.323,2026-04-15 01:00:00,2026-04-14 21:00:00
2026-04-14 01:00:00,2026-04-13 21:00:00,RFC,WEST,AEP,AEPOPT,8585.109,True,21,0,4,0,-0.7071067811865477,0.7071067811865474,0.0,1.0,8760.294,7986.876,7375.856,8076.311458333334,744.6369692711978,8722.486,2026-04-15 01:00:00,2026-04-14 21:00:00
2026-04-14 02:00:00,2026-04-13 22:00:00,RFC,WEST,AEP,AEPAPT,3725.213,True,22,0,4,0,-0.5000000000000004,0.8660254037844384,0.0,1.0,3989.295,3590.292,3463.259,3680.1690416666665,385.18282119505227,3948.088,2026-04-15 02:00:00,2026-04-14 22:00:00
2026-04-14 02:00:00,2026-04-13 22:00:00,RFC,WEST,AEP,AEPIMP,3439.846,True,22,0,4,0,-0.5000000000000004,0.8660254037844384,0.0,1.0,3577.564,3245.091,3089.261,3472.552708333333,270.14153171841457,3670.225,2026-04-15 02:00:00,2026-04-14 22:00:00
2026-04-14 02:00:00,2026-04-13 22:00:00,RFC,WEST,AEP,AEPKPT,538.047,True,22,0,4,0,-0.5000000000000004,0.8660254037844384,0.0,1.0,574.549,552.659,525.045,536.0362916666667,50.78351587866073,566.513,2026-04-15 02:00:00,2026-04-14 22:00:00
2026-04-14 02:00:00,2026-04-13 22:00:00,RFC,WEST,AEP,AEPOPT,8179.326,True,22,0,4,0,-0.5000000000000004,0.8660254037844384,0.0,1.0,8585.109,7690.516,7117.17,8096.678541666667,740.298271093838,8168.01,2026-04-15 02:00:00,2026-04-14 22:00:00
2026-04-14 03:00:00,2026-04-13 23:00:00,RFC,WEST,AEP,AEPAPT,3464.449,True,23,0,4,0,-0.25881904510252157,0.9659258262890681,0.0,1.0,3725.213,3357.208,3246.185,3684.637416666667,381.8812495280725,3639.426,2026-04-15 03:00:00,2026-04-14 23:00:00
2026-04-14 03:00:00,2026-04-13 23:00:00,RFC,WEST,AEP,AEPIMP,3274.802,True,23,0,4,0,-0.25881904510252157,0.9659258262890681,0.0,1.0,3439.846,3150.832,3013.219,3477.718125,264.85591295552484,3507.031,2026-04-15 03:00:00,2026-04-14 23:00:00
2026-04-14 03:00:00,2026-04-13 23:00:00,RFC,WEST,AEP,AEPKPT,501.212,True,23,0,4,0,-0.25881904510252157,0.9659258262890681,0.0,1.0,538.047,510.027,495.87,535.669,51.011173761458735,521.389,2026-04-15 03:00:00,2026-04-14 23:00:00
2026-04-14 03:00:00,2026-04-13 23:00:00,RFC,WEST,AEP,AEPOPT,7693.789,True,23,0,4,0,-0.25881904510252157,0.9659258262890681,0.0,1.0,8179.326,7411.467,6967.882,8108.441958333333,731.1229971130801,7647.068,2026-04-15 03:00:00,2026-04-14 23:00:00
2026-04-14 04:00:00,2026-04-14 00:00:00,RFC,WEST,AEP,AEPAPT,3247.795,True,0,1,4,0,0.0,1.0,0.7818314824680298,0.6234898018587336,3464.449,3194.524,3096.753,3686.8570416666666,379.05302687463535,3411.291,2026-04-15 04:00:00,2026-04-15 00:00:00
2026-04-14 04:00:00,2026-04-14 00:00:00,RFC,WEST,AEP,AEPIMP,3182.175,True,0,1,4,0,0.0,1.0,0.7818314824680298,0.6234898018587336,3274.802,3112.843,2970.85,3480.6069583333333,261.05393826555047,3374.447,2026-04-15 04:00:00,2026-04-15 00:00:00
2026-04-14 04:00:00,2026-04-14 00:00:00,RFC,WEST,AEP,AEPKPT,476.233,True,0,1,4,0,0.0,1.0,0.7818314824680298,0.6234898018587336,501.212,478.226,471.857,535.5859583333333,51.11027755956307,489.716,2026-04-15 04:00:00,2026-04-15 00:00:00
2026-04-14 04:00:00,2026-04-14 00:00:00,RFC,WEST,AEP,AEPOPT,7374.14,True,0,1,4,0,0.0,1.0,0.7818314824680298,0.6234898018587336,7693.789,7155.24,6798.296,8117.562791666667,719.995413364017,7323.251,2026-04-15 04:00:00,2026-04-15 00:00:00
2026-04-14 05:00:00,2026-04-14 01:00:00,RFC,WEST,AEP,AEPAPT,3127.238,True,1,1,4,0,0.25881904510252074,0.9659258262890683,0.7818314824680298,0.6234898018587336,3247.795,3090.179,2992.647,3688.4011666666665,376.5841379435218,3265.07,2026-04-15 05:00:00,2026-04-15 01:00:00
2026-04-14 05:00:00,2026-04-14 01:00:00,RFC,WEST,AEP,AEPIMP,3052.363,True,1,1,4,0,0.25881904510252074,0.9659258262890683,0.7818314824680298,0.6234898018587336,3182.175,3039.562,2840.252,3481.1403333333333,260.12505809917775,3324.523,2026-04-15 05:00:00,2026-04-15 01:00:00
2026-04-14 05:00:00,2026-04-14 01:00:00,RFC,WEST,AEP,AEPKPT,457.772,True,1,1,4,0,0.25881904510252074,0.9659258262890683,0.7818314824680298,0.6234898018587336,476.233,463.134,459.477,535.3625416666666,51.45133570157772,476.741,2026-04-15 05:00:00,2026-04-15 01:00:00
2026-04-14 05:00:00,2026-04-14 01:00:00,RFC,WEST,AEP,AEPOPT,7056.632,True,1,1,4,0,0.25881904510252074,0.9659258262890683,0.7818314824680298,0.6234898018587336,7374.14,6984.754,6723.165,8120.557708333333,715.2120758363459,7201.711,2026-04-15 05:00:00,2026-04-15 01:00:00
2026-04-14 06:00:00,2026-04-14 02:00:00,RFC,WEST,AEP,AEPAPT,3094.634,True,2,1,4,0,0.49999999999999994,0.8660254037844387,0.7818314824680298,0.6234898018587336,3127.238,3030.084,2954.363,3691.09075,371.87909685252083,3164.483,2026-04-15 06:00:00,2026-04-15 02:00:00
2026-04-14 06:00:00,2026-04-14 02:00:00,RFC,WEST,AEP,AEPIMP,3044.591,True,2,1,4,0,0.49999999999999994,0.8660254037844387,0.7818314824680298,0.6234898018587336,3052.363,2971.548,2829.544,3484.183791666667,254.26490170429142,3222.419,2026-04-15 06:00:00,2026-04-15 02:00:00
2026-04-14 06:00:00,2026-04-14 02:00:00,RFC,WEST,AEP,AEPKPT,451.202,True,2,1,4,0,0.49999999999999994,0.8660254037844387,0.7818314824680298,0.6234898018587336,457.772,447.001,454.768,535.5375833333334,51.14387979188383,461.678,2026-04-15 06:00:00,2026-04-15 02:00:00
2026-04-14 06:00:00,2026-04-14 02:00:00,RFC,WEST,AEP,AEPOPT,6909.609,True,2,1,4,0,0.49999999999999994,0.8660254037844387,0.7818314824680298,0.6234898018587336,7056.632,6865.37,6608.333,8122.401000000001,711.8857460353832,7102.023,2026-04-15 06:00:00,2026-04-15 02:00:00
2026-04-14 07:00:00,2026-04-14 03:00:00,RFC,WEST,AEP,AEPAPT,3089.395,True,3,1,4,0,0.7071067811865475,0.7071067811865476,0.7818314824680298,0.6234898018587336,3094.634,3032.118,2948.184,3693.4772916666666,367.6257216436853,3120.37,2026-04-15 07:00:00,2026-04-15 03:00:00
2026-04-14 07:00:00,2026-04-14 03:00:00,RFC,WEST,AEP,AEPIMP,3023.926,True,3,1,4,0,0.7071067811865475,0.7071067811865476,0.7818314824680298,0.6234898018587336,3044.591,3032.586,2854.924,3483.8229583333336,254.93889037801048,3151.621,2026-04-15 07:00:00,2026-04-15 03:00:00
2026-04-14 07:00:00,2026-04-14 03:00:00,RFC,WEST,AEP,AEPKPT,450.872,True,3,1,4,0,0.7071067811865475,0.7071067811865476,0.7818314824680298,0.6234898018587336,451.202,450.286,454.511,535.562,51.1015325031834,457.834,2026-04-15 07:00:00,2026-04-15 03:00:00
2026-04-14 07:00:00,2026-04-14 03:00:00,RFC,WEST,AEP,AEPOPT,6849.321,True,3,1,4,0,0.7071067811865475,0.7071067811865476,0.7818314824680298,0.6234898018587336,6909.609,6878.634,6592.045,8121.179625000001,714.134038945003,7087.882,2026-04-15 07:00:00,2026-04-15 03:00:00
2026-04-14 08:00:00,2026-04-14 04:00:00,RFC,WEST,AEP,AEPAPT,3147.463,True,4,1,4,0,0.8660254037844386,0.5000000000000001,0.7818314824680298,0.6234898018587336,3089.395,3084.093,2976.155,3696.117708333333,363.26026760634267,3161.781,2026-04-15 08:00:00,2026-04-15 04:00:00
2026-04-14 08:00:00,2026-04-14 04:00:00,RFC,WEST,AEP,AEPIMP,3085.352,True,4,1,4,0,0.8660254037844386,0.5000000000000001,0.7818314824680298,0.6234898018587336,3023.926,3086.401,2828.961,3483.7792499999996,255.0100693531515,3202.576,2026-04-15 08:00:00,2026-04-15 04:00:00
2026-04-14 08:00:00,2026-04-14 04:00:00,RFC,WEST,AEP,AEPKPT,456.529,True,4,1,4,0,0.8660254037844386,0.5000000000000001,0.7818314824680298,0.6234898018587336,450.872,452.368,458.353,535.7353750000001,50.813249040684745,463.282,2026-04-15 08:00:00,2026-04-15 04:00:00
2026-04-14 08:00:00,2026-04-14 04:00:00,RFC,WEST,AEP,AEPOPT,6894.742,True,4,1,4,0,0.8660254037844386,0.5000000000000001,0.7818314824680298,0.6234898018587336,6849.321,6990.282,6661.524,8117.198791666667,720.9459447054418,7178.804,2026-04-15 08:00:00,2026-04-15 04:00:00
2026-04-14 09:00:00,2026-04-14 05:00:00,RFC,WEST,AEP,AEPAPT,3291.902,True,5,1,4,0,0.9659258262890683,0.25881904510252074,0.7818314824680298,0.6234898018587336,3147.463,3229.262,3036.051,3698.7277083333333,359.9702344308683,3256.325,2026-04-15 09:00:00,2026-04-15 05:00:00
2026-04-14 09:00:00,2026-04-14 05:00:00,RFC,WEST,AEP,AEPIMP,3211.808,True,5,1,4,0,0.9659258262890683,0.25881904510252074,0.7818314824680298,0.6234898018587336,3085.352,3204.834,2865.891,3484.0698333333335,254.68215465089486,3307.019,2026-04-15 09:00:00,2026-04-15 05:00:00
2026-04-14 09:00:00,2026-04-14 05:00:00,RFC,WEST,AEP,AEPKPT,473.111,True,5,1,4,0,0.9659258262890683,0.25881904510252074,0.7818314824680298,0.6234898018587336,456.529,466.921,463.765,535.9932916666667,50.46328067923477,481.264,2026-04-15 09:00:00,2026-04-15 05:00:00
2026-04-14 09:00:00,2026-04-14 05:00:00,RFC,WEST,AEP,AEPOPT,7188.44,True,5,1,4,0,0.9659258262890683,0.25881904510252074,0.7818314824680298,0.6234898018587336,6894.742,7284.983,6700.831,8113.176166666667,726.0426290700387,7391.943,2026-04-15 09:00:00,2026-04-15 05:00:00
2026-04-14 10:00:00,2026-04-14 06:00:00,RFC,WEST,AEP,AEPAPT,3560.318,True,6,1,4,0,1.0,6.123233995736766e-17,0.7818314824680298,0.6234898018587336,3291.902,3515.144,3126.296,3700.609958333333,359.085574346533,3499.04,2026-04-15 10:00:00,2026-04-15 06:00:00
2026-04-14 10:00:00,2026-04-14 06:00:00,RFC,WEST,AEP,AEPIMP,3409.222,True,6,1,4,0,1.0,6.123233995736766e-17,0.7818314824680298,0.6234898018587336,3211.808,3400.523,2914.727,3484.4322916666665,254.56424570617503,3509.01,2026-04-15 10:00:00,2026-04-15 06:00:00
2026-04-14 10:00:00,2026-04-14 06:00:00,RFC,WEST,AEP,AEPKPT,514.519,True,6,1,4,0,1.0,6.123233995736766e-17,0.7818314824680298,0.6234898018587336,473.111,507.484,475.218,536.2864166666667,50.31068059560267,522.419,2026-04-15 10:00:00,2026-04-15 06:00:00
2026-04-14 10:00:00,2026-04-14 06:00:00,RFC,WEST,AEP,AEPOPT,7623.357,True,6,1,4,0,1.0,6.123233995736766e-17,0.7818314824680298,0.6234898018587336,7188.44,7706.305,6892.495,8109.72,728.2577085033944,7759.084,2026-04-15 10:00:00,2026-04-15 06:00:00
2026-04-14 11:00:00,2026-04-14 07:00:00,RFC,WEST,AEP,AEPAPT,3694.477,True,7,1,4,0,0.9659258262890683,-0.25881904510252063,0.7818314824680298,0.6234898018587336,3560.318,3675.219,3231.384,3701.412375,359.0478836093178,3616.275,2026-04-15 11:00:00,2026-04-15 07:00:00
2026-04-14 11:00:00,2026-04-14 07:00:00,RFC,WEST,AEP,AEPIMP,3507.804,True,7,1,4,0,0.9659258262890683,-0.25881904510252063,0.7818314824680298,0.6234898018587336,3409.222,3582.553,2943.229,3481.31775,253.76758657295917,3646.859,2026-04-15 11:00:00,2026-04-15 07:00:00
2026-04-14 11:00:00,2026-04-14 07:00:00,RFC,WEST,AEP,AEPKPT,530.159,True,7,1,4,0,0.9659258262890683,-0.25881904510252063,0.7818314824680298,0.6234898018587336,514.519,528.586,480.853,536.3519583333333,50.301236525106496,536.938,2026-04-15 11:00:00,2026-04-15 07:00:00
2026-04-14 11:00:00,2026-04-14 07:00:00,RFC,WEST,AEP,AEPOPT,7873.986,True,7,1,4,0,0.9659258262890683,-0.25881904510252063,0.7818314824680298,0.6234898018587336,7623.357,7919.766,7015.392,8107.8125,728.8366054487152,7986.197,2026-04-15 11:00:00,2026-04-15 07:00:00
2026-04-14 12:00:00,2026-04-14 08:00:00,RFC,WEST,AEP,AEPAPT,3722.641,True,8,1,4,0,0.8660254037844387,-0.4999999999999998,0.7818314824680298,0.6234898018587336,3694.477,3725.317,3341.532,3701.3008750000004,359.04055285723075,3626.326,2026-04-15 12:00:00,2026-04-15 08:00:00
2026-04-14 12:00:00,2026-04-14 08:00:00,RFC,WEST,AEP,AEPIMP,3530.923,True,8,1,4,0,0.8660254037844387,-0.4999999999999998,0.7818314824680298,0.6234898018587336,3507.804,3568.021,2978.255,3479.7719999999995,253.32910429612576,3672.303,2026-04-15 12:00:00,2026-04-15 08:00:00
2026-04-14 12:00:00,2026-04-14 08:00:00,RFC,WEST,AEP,AEPKPT,538.152,True,8,1,4,0,0.8660254037844387,-0.4999999999999998,0.7818314824680298,0.6234898018587336,530.159,533.313,499.766,536.5535833333333,50.29822381073203,545.997,2026-04-15 12:00:00,2026-04-15 08:00:00
2026-04-14 12:00:00,2026-04-14 08:00:00,RFC,WEST,AEP,AEPOPT,8103.056,True,8,1,4,0,0.8660254037844387,-0.4999999999999998,0.7818314824680298,0.6234898018587336,7873.986,8094.701,7141.664,8108.1606249999995,728.8320658674388,8258.863,2026-04-15 12:00:00,2026-04-15 08:00:00
2026-04-14 13:00:00,2026-04-14 09:00:00,RFC,WEST,AEP,AEPAPT,3696.987,True,9,1,4,0,0.7071067811865476,-0.7071067811865475,0.7818314824680298,0.6234898018587336,3722.641,3759.027,3345.54,3698.715875,358.8301438017833,3651.47,2026-04-15 13:00:00,2026-04-15 09:00:00
2026-04-14 13:00:00,2026-04-14 09:00:00,RFC,WEST,AEP,AEPIMP,3558.528,True,9,1,4,0,0.7071067811865476,-0.7071067811865475,0.7818314824680298,0.6234898018587336,3530.923,3674.895,3113.544,3474.9233750000003,250.53029925076612,3712.767,2026-04-15 13:00:00,2026-04-15 09:00:00
2026-04-14 13:00:00,2026-04-14 09:00:00,RFC,WEST,AEP,AEPKPT,546.867,True,9,1,4,0,0.7071067811865476,-0.7071067811865475,0.7818314824680298,0.6234898018587336,538.152,550.836,508.817,536.3882083333333,50.25572997395996,554.867,2026-04-15 13:00:00,2026-04-15 09:00:00
2026-04-14 13:00:00,2026-04-14 09:00:00,RFC,WEST,AEP,AEPOPT,8230.951,True,9,1,4,0,0.7071067811865476,-0.7071067811865475,0.7818314824680298,0.6234898018587336,8103.056,8249.453,7283.64,8107.389708333333,728.6858875639286,8318.213,2026-04-15 13:00:00,2026-04-15 09:00:00
2026-04-14 14:00:00,2026-04-14 10:00:00,RFC,WEST,AEP,AEPAPT,3729.99,True,10,1,4,0,0.49999999999999994,-0.8660254037844387,0.7818314824680298,0.6234898018587336,3696.987,3804.868,3312.305,3695.5959583333333,358.1920084105323,3706.206,2026-04-15 14:00:00,2026-04-15 10:00:00
2026-04-14 14:00:00,2026-04-14 10:00:00,RFC,WEST,AEP,AEPIMP,3614.691,True,10,1,4,0,0.49999999999999994,-0.8660254037844387,0.7818314824680298,0.6234898018587336,3558.528,3679.372,3041.404,3472.228333333333,248.57562405636952,3749.801,2026-04-15 14:00:00,2026-04-15 10:00:00
2026-04-14 14:00:00,2026-04-14 10:00:00,RFC,WEST,AEP,AEPKPT,557.301,True,10,1,4,0,0.49999999999999994,-0.8660254037844387,0.7818314824680298,0.6234898018587336,546.867,562.002,505.533,536.1923333333333,50.160629292448974,575.315,2026-04-15 14:00:00,2026-04-15 10:00:00
2026-04-14 14:00:00,2026-04-14 10:00:00,RFC,WEST,AEP,AEPOPT,8384.724,True,10,1,4,0,0.49999999999999994,-0.8660254037844387,0.7818314824680298,0.6234898018587336,8230.951,8423.301,7345.023,8105.782333333334,728.0009609503774,8467.44,2026-04-15 14:00:00,2026-04-15 10:00:00
2026-04-14 15:00:00,2026-04-14 11:00:00,RFC,WEST,AEP,AEPAPT,3810.346,True,11,1,4,0,0.258819045102521,-0.9659258262890682,0.7818314824680298,0.6234898018587336,3729.99,3827.942,3299.219,3694.862791666667,357.9272478280133,3847.529,2026-04-15 15:00:00,2026-04-15 11:00:00
2026-04-14 15:00:00,2026-04-14 11:00:00,RFC,WEST,AEP,AEPIMP,3574.579,True,11,1,4,0,0.258819045102521,-0.9659258262890682,0.7818314824680298,0.6234898018587336,3614.691,3630.916,3090.901,3469.8809583333336,247.2745331807945,3798.529,2026-04-15 15:00:00,2026-04-15 11:00:00
2026-04-14 15:00:00,2026-04-14 11:00:00,RFC,WEST,AEP,AEPKPT,568.285,True,11,1,4,0,0.258819045102521,-0.9659258262890682,0.7818314824680298,0.6234898018587336,557.301,575.249,512.104,535.9021666666666,49.944550181582144,598.464,2026-04-15 15:00:00,2026-04-15 11:00:00
2026-04-14 15:00:00,2026-04-14 11:00:00,RFC,WEST,AEP,AEPOPT,8587.949,True,11,1,4,0,0.258819045102521,-0.9659258262890682,0.7818314824680298,0.6234898018587336,8384.724,8477.215,7338.802,8110.396250000001,730.8028857971343,8662.641,2026-04-15 15:00:00,2026-04-15 11:00:00
2026-04-14 16:00:00,2026-04-14 12:00:00,RFC,WEST,AEP,AEPAPT,3954.498,True,12,1,4,0,1.2246467991473532e-16,-1.0,0.7818314824680298,0.6234898018587336,3810.346,3912.752,3344.362,3696.6022083333332,359.13157087485416,4043.16,2026-04-15 16:00:00,2026-04-15 12:00:00
2026-04-14 16:00:00,2026-04-14 12:00:00,RFC,WEST,AEP,AEPIMP,3687.036,True,12,1,4,0,1.2246467991473532e-16,-1.0,0.7818314824680298,0.6234898018587336,3574.579,3704.831,3101.972,3469.1394999999998,246.56506110840266,3887.035,2026-04-15 16:00:00,2026-04-15 12:00:00
2026-04-14 16:00:00,2026-04-14 12:00:00,RFC,WEST,AEP,AEPKPT,577.553,True,12,1,4,0,1.2246467991473532e-16,-1.0,0.7818314824680298,0.6234898018587336,568.285,584.996,529.082,535.5920416666667,49.64868548588618,626.751,2026-04-15 16:00:00,2026-04-15 12:00:00
2026-04-14 16:00:00,2026-04-14 12:00:00,RFC,WEST,AEP,AEPOPT,8637.456,True,12,1,4,0,1.2246467991473532e-16,-1.0,0.7818314824680298,0.6234898018587336,8587.949,8620.213,7434.901,8111.1147083333335,731.3341651175759,8974.551,2026-04-15 16:00:00,2026-04-15 12:00:00
2026-04-14 17:00:00,2026-04-14 13:00:00,RFC,WEST,AEP,AEPAPT,4047.684,True,13,1,4,0,-0.2588190451025208,-0.9659258262890683,0.7818314824680298,0.6234898018587336,3954.498,3985.976,3394.758,3699.1733750000003,361.50643335195576,4250.958,2026-04-15 17:00:00,2026-04-15 13:00:00
2026-04-14 17:00:00,2026-04-14 13:00:00,RFC,WEST,AEP,AEPIMP,3697.313,True,13,1,4,0,-0.2588190451025208,-0.9659258262890683,0.7818314824680298,0.6234898018587336,3687.036,3760.879,3169.569,3466.490916666667,243.61877075354855,3919.935,2026-04-15 17:00:00,2026-04-15 13:00:00
2026-04-14 17:00:00,2026-04-14 13:00:00,RFC,WEST,AEP,AEPKPT,595.746,True,13,1,4,0,-0.2588190451025208,-0.9659258262890683,0.7818314824680298,0.6234898018587336,577.553,581.398,560.174,536.1898749999999,50.30625792717907,664.485,2026-04-15 17:00:00,2026-04-15 13:00:00
2026-04-14 17:00:00,2026-04-14 13:00:00,RFC,WEST,AEP,AEPOPT,8793.372,True,13,1,4,0,-0.2588190451025208,-0.9659258262890683,0.7818314824680298,0.6234898018587336,8637.456,8733.35,7418.557,8113.615624999999,733.6534648262456,9110.059,2026-04-15 17:00:00,2026-04-15 13:00:00
2026-04-14 18:00:00,2026-04-14 14:00:00,RFC,WEST,AEP,AEPAPT,4109.699,True,14,1,4,0,-0.4999999999999997,-0.8660254037844388,0.7818314824680298,0.6234898018587336,4047.684,3987.186,3511.319,3704.278083333333,366.5795693120866,4439.75,2026-04-15 18:00:00,2026-04-15 14:00:00
2026-04-14 18:00:00,2026-04-14 14:00:00,RFC,WEST,AEP,AEPIMP,3709.562,True,14,1,4,0,-0.4999999999999997,-0.8660254037844388,0.7818314824680298,0.6234898018587336,3697.313,3755.885,3207.03,3464.560791666667,241.39968954303868,3867.626,2026-04-15 18:00:00,2026-04-15 14:00:00
2026-04-14 18:00:00,2026-04-14 14:00:00,RFC,WEST,AEP,AEPKPT,604.781,True,14,1,4,0,-0.4999999999999997,-0.8660254037844388,0.7818314824680298,0.6234898018587336,595.746,578.039,581.336,537.304125,51.55417006901996,694.659,2026-04-15 18:00:00,2026-04-15 14:00:00
2026-04-14 18:00:00,2026-04-14 14:00:00,RFC,WEST,AEP,AEPOPT,8839.62,True,14,1,4,0,-0.4999999999999997,-0.8660254037844388,0.7818314824680298,0.6234898018587336,8793.372,8742.126,7596.987,8117.677875,737.5444382903834,9344.423,2026-04-15 18:00:00,2026-04-15 14:00:00
2026-04-14 19:00:00,2026-04-14 15:00:00,RFC,WEST,AEP,AEPAPT,4194.726,True,15,1,4,0,-0.7071067811865471,-0.7071067811865479,0.7818314824680298,0.6234898018587336,4109.699,3987.753,3625.466,3712.9019583333334,375.8555212679542,4584.569,2026-04-15 19:00:00,2026-04-15 15:00:00
2026-04-14 19:00:00,2026-04-14 15:00:00,RFC,WEST,AEP,AEPIMP,3793.337,True,15,1,4,0,-0.7071067811865471,-0.7071067811865479,0.7818314824680298,0.6234898018587336,3709.562,3756.181,3227.071,3466.108958333333,243.4615904123844,3772.206,2026-04-15 19:00:00,2026-04-15 15:00:00
2026-04-14 19:00:00,2026-04-14 15:00:00,RFC,WEST,AEP,AEPKPT,618.228,True,15,1,4,0,-0.7071067811865471,-0.7071067811865479,0.7818314824680298,0.6234898018587336,604.781,579.215,602.909,538.9296666666667,53.511023337875606,715.594,2026-04-15 19:00:00,2026-04-15 15:00:00
2026-04-14 19:00:00,2026-04-14 15:00:00,RFC,WEST,AEP,AEPOPT,8960.014,True,15,1,4,0,-0.7071067811865471,-0.7071067811865479,0.7818314824680298,0.6234898018587336,8839.62,8756.171,7767.916,8126.171333333333,746.3382118631077,9398.676,2026-04-15 19:00:00,2026-04-15 15:00:00
2026-04-14 20:00:00,2026-04-14 16:00:00,RFC,WEST,AEP,AEPAPT,4321.722,True,16,1,4,0,-0.8660254037844384,-0.5000000000000004,0.7818314824680298,0.6234898018587336,4194.726,4020.227,3762.598,3725.4642500000004,391.29524434762027,4758.395,2026-04-15 20:00:00,2026-04-15 16:00:00
2026-04-14 20:00:00,2026-04-14 16:00:00,RFC,WEST,AEP,AEPIMP,3846.352,True,16,1,4,0,-0.8660254037844384,-0.5000000000000004,0.7818314824680298,0.6234898018587336,3793.337,3673.682,3280.331,3473.303541666666,252.2548291041126,3727.417,2026-04-15 20:00:00,2026-04-15 16:00:00
2026-04-14 20:00:00,2026-04-14 16:00:00,RFC,WEST,AEP,AEPKPT,637.007,True,16,1,4,0,-0.8660254037844384,-0.5000000000000004,0.7818314824680298,0.6234898018587336,618.228,577.921,618.825,541.3915833333333,56.65005301806239,728.588,2026-04-15 20:00:00,2026-04-15 16:00:00
2026-04-14 20:00:00,2026-04-14 16:00:00,RFC,WEST,AEP,AEPOPT,9136.125,True,16,1,4,0,-0.8660254037844384,-0.5000000000000004,0.7818314824680298,0.6234898018587336,8960.014,8848.388,7885.073,8138.1603749999995,760.6186416195752,9452.434,2026-04-15 20:00:00,2026-04-15 16:00:00
2026-04-14 21:00:00,2026-04-14 17:00:00,RFC,WEST,AEP,AEPAPT,4442.626,True,17,1,4,0,-0.9659258262890683,-0.25881904510252063,0.7818314824680298,0.6234898018587336,4321.722,4068.116,3913.029,3741.068833333333,412.44983627046673,4848.992,2026-04-15 21:00:00,2026-04-15 17:00:00
2026-04-14 21:00:00,2026-04-14 17:00:00,RFC,WEST,AEP,AEPIMP,3931.179,True,17,1,4,0,-0.9659258262890683,-0.25881904510252063,0.7818314824680298,0.6234898018587336,3846.352,3674.825,3288.232,3483.984958333333,266.2009935166625,3760.14,2026-04-15 21:00:00,2026-04-15 17:00:00
2026-04-14 21:00:00,2026-04-14 17:00:00,RFC,WEST,AEP,AEPKPT,648.147,True,17,1,4,0,-0.9659258262890683,-0.25881904510252063,0.7818314824680298,0.6234898018587336,637.007,577.527,616.69,544.3340833333333,60.323550437487235,730.92,2026-04-15 21:00:00,2026-04-15 17:00:00
2026-04-14 21:00:00,2026-04-14 17:00:00,RFC,WEST,AEP,AEPOPT,9247.134,True,17,1,4,0,-0.9659258262890683,-0.25881904510252063,0.7818314824680298,0.6234898018587336,9136.125,8992.877,7985.628,8148.754416666667,774.6815585932851,9523.08,2026-04-15 21:00:00,2026-04-15 17:00:00
2026-04-14 22:00:00,2026-04-14 18:00:00,RFC,WEST,AEP,AEPAPT,4484.413,True,18,1,4,0,-1.0,-1.8369701987210297e-16,0.7818314824680298,0.6234898018587336,4442.626,4081.624,3968.389,3757.851708333333,434.5144577694152,4886.295,2026-04-15 22:00:00,2026-04-15 18:00:00
2026-04-14 22:00:00,2026-04-14 18:00:00,RFC,WEST,AEP,AEPIMP,3841.559,True,18,1,4,0,-1.0,-1.8369701987210297e-16,0.7818314824680298,0.6234898018587336,3931.179,3632.975,3301.715,3492.6759583333333,274.5507512319732,3690.49,2026-04-15 22:00:00,2026-04-15 18:00:00
2026-04-14 22:00:00,2026-04-14 18:00:00,RFC,WEST,AEP,AEPKPT,644.238,True,18,1,4,0,-1.0,-1.8369701987210297e-16,0.7818314824680298,0.6234898018587336,648.147,580.467,592.996,546.9912083333332,63.31466082709734,720.97,2026-04-15 22:00:00,2026-04-15 18:00:00
2026-04-14 22:00:00,2026-04-14 18:00:00,RFC,WEST,AEP,AEPOPT,9299.692,True,18,1,4,0,-1.0,-1.8369701987210297e-16,0.7818314824680298,0.6234898018587336,9247.134,8899.754,7939.264,8165.4185,795.5587930222699,9436.069,2026-04-15 22:00:00,2026-04-15 18:00:00
2026-04-14 23:00:00,2026-04-14 19:00:00,RFC,WEST,AEP,AEPAPT,4448.933,True,19,1,4,0,-0.9659258262890684,0.2588190451025203,0.7818314824680298,0.6234898018587336,4484.413,4098.474,3947.307,3772.4541666666664,451.9963911654364,4810.461,2026-04-15 23:00:00,2026-04-15 19:00:00
2026-04-14 23:00:00,2026-04-14 19:00:00,RFC,WEST,AEP,AEPIMP,3817.009,True,19,1,4,0,-0.9659258262890684,0.2588190451025203,0.7818314824680298,0.6234898018587336,3841.559,3612.212,3311.519,3501.209166666667,281.5216515141857,3711.648,2026-04-15 23:00:00,2026-04-15 19:00:00
2026-04-14 23:00:00,2026-04-14 19:00:00,RFC,WEST,AEP,AEPKPT,630.944,True,19,1,4,0,-0.9659258262890684,0.2588190451025203,0.7818314824680298,0.6234898018587336,644.238,578.003,607.426,549.1970833333334,65.3321690246928,699.078,2026-04-15 23:00:00,2026-04-15 19:00:00
2026-04-14 23:00:00,2026-04-14 19:00:00,RFC,WEST,AEP,AEPOPT,9159.926,True,19,1,4,0,-0.9659258262890684,0.2588190451025203,0.7818314824680298,0.6234898018587336,9299.692,8761.206,7895.851,8182.031833333333,812.5235942179454,9311.409,2026-04-15 23:00:00,2026-04-15 19:00:00
2026-04-15 00:00:00,2026-04-14 20:00:00,RFC,WEST,AEP,AEPAPT,4434.831,True,20,1,4,0,-0.8660254037844386,0.5000000000000001,0.7818314824680298,0.6234898018587336,4448.933,4142.456,3988.501,3784.636458333334,466.1216896790086,4700.187,2026-04-16 00:00:00,2026-04-15 20:00:00
2026-04-15 00:00:00,2026-04-14 20:00:00,RFC,WEST,AEP,AEPIMP,3770.26,True,20,1,4,0,-0.8660254037844386,0.5000000000000001,0.7818314824680298,0.6234898018587336,3817.009,3617.499,3376.203,3507.574208333333,285.95718907997264,3639.414,2026-04-16 00:00:00,2026-04-15 20:00:00
2026-04-15 00:00:00,2026-04-14 20:00:00,RFC,WEST,AEP,AEPKPT,636.927,True,20,1,4,0,-0.8660254037844386,0.5000000000000001,0.7818314824680298,0.6234898018587336,630.944,589.276,612.971,551.1825416666667,67.29762989558715,686.183,2026-04-16 00:00:00,2026-04-15 20:00:00
2026-04-15 00:00:00,2026-04-14 20:00:00,RFC,WEST,AEP,AEPOPT,9168.686,True,20,1,4,0,-0.8660254037844386,0.5000000000000001,0.7818314824680298,0.6234898018587336,9159.926,8760.294,8090.767,8199.048166666666,829.2643563791036,9305.936,2026-04-16 00:00:00,2026-04-15 20:00:00
2026-04-15 01:00:00,2026-04-14 21:00:00,RFC,WEST,AEP,AEPAPT,4262.704,True,21,1,4,0,-0.7071067811865477,0.7071067811865474,0.7818314824680298,0.6234898018587336,4434.831,3989.295,3841.242,3796.0285000000003,474.6048997323968,4477.424,2026-04-16 01:00:00,2026-04-15 21:00:00
2026-04-15 01:00:00,2026-04-14 21:00:00,RFC,WEST,AEP,AEPIMP,3760.298,True,21,1,4,0,-0.7071067811865477,0.7071067811865474,0.7818314824680298,0.6234898018587336,3770.26,3577.564,3386.785,3515.188125,290.3015107404721,3686.591,2026-04-16 01:00:00,2026-04-15 21:00:00
2026-04-15 01:00:00,2026-04-14 21:00:00,RFC,WEST,AEP,AEPKPT,609.323,True,21,1,4,0,-0.7071067811865477,0.7071067811865474,0.7818314824680298,0.6234898018587336,636.927,574.549,593.387,552.6314583333333,68.19099444940079,652.058,2026-04-16 01:00:00,2026-04-15 21:00:00
2026-04-15 01:00:00,2026-04-14 21:00:00,RFC,WEST,AEP,AEPOPT,8722.486,True,21,1,4,0,-0.7071067811865477,0.7071067811865474,0.7818314824680298,0.6234898018587336,9168.686,8585.109,7986.876,8204.772208333334,832.5127866927187,9080.775,2026-04-16 01:00:00,2026-04-15 21:00:00
2026-04-15 02:00:00,2026-04-14 22:00:00,RFC,WEST,AEP,AEPAPT,3948.088,True,22,1,4,0,-0.5000000000000004,0.8660254037844384,0.7818314824680298,0.6234898018587336,4262.704,3725.213,3590.292,3805.314958333334,475.33892652684386,4126.778,2026-04-16 02:00:00,2026-04-15 22:00:00
2026-04-15 02:00:00,2026-04-14 22:00:00,RFC,WEST,AEP,AEPIMP,3670.225,True,22,1,4,0,-0.5000000000000004,0.8660254037844384,0.7818314824680298,0.6234898018587336,3760.298,3439.846,3245.091,3524.78725,291.50828194443307,3510.965,2026-04-16 02:00:00,2026-04-15 22:00:00
2026-04-15 02:00:00,2026-04-14 22:00:00,RFC,WEST,AEP,AEPKPT,566.513,True,22,1,4,0,-0.5000000000000004,0.8660254037844384,0.7818314824680298,0.6234898018587336,609.323,538.047,552.659,553.8175416666667,68.17384981825282,601.864,2026-04-16 02:00:00,2026-04-15 22:00:00
2026-04-15 02:00:00,2026-04-14 22:00:00,RFC,WEST,AEP,AEPOPT,8168.01,True,22,1,4,0,-0.5000000000000004,0.8660254037844384,0.7818314824680298,0.6234898018587336,8722.486,8179.326,7690.516,8204.300708333334,832.5310291934326,8579.778,2026-04-16 02:00:00,2026-04-15 22:00:00
2026-04-15 03:00:00,2026-04-14 23:00:00,RFC,WEST,AEP,AEPAPT,3639.426,True,23,1,4,0,-0.25881904510252157,0.9659258262890681,0.7818314824680298,0.6234898018587336,3948.088,3464.449,3357.208,3812.6056666666664,471.20737728240283,3765.04,2026-04-16 03:00:00,2026-04-15 23:00:00
2026-04-15 03:00:00,2026-04-14 23:00:00,RFC,WEST,AEP,AEPIMP,3507.031,True,23,1,4,0,-0.25881904510252157,0.9659258262890681,0.7818314824680298,0.6234898018587336,3670.225,3274.802,3150.832,3534.463458333333,286.66359371994287,3389.229,2026-04-16 03:00:00,2026-04-15 23:00:00
2026-04-15 03:00:00,2026-04-14 23:00:00,RFC,WEST,AEP,AEPKPT,521.389,True,23,1,4,0,-0.25881904510252157,0.9659258262890681,0.7818314824680298,0.6234898018587336,566.513,501.212,510.027,554.65825,67.6190742662931,551.033,2026-04-16 03:00:00,2026-04-15 23:00:00
2026-04-15 03:00:00,2026-04-14 23:00:00,RFC,WEST,AEP,AEPOPT,7647.068,True,23,1,4,0,-0.25881904510252157,0.9659258262890681,0.7818314824680298,0.6234898018587336,8168.01,7693.789,7411.467,8202.354000000001,833.8302707552343,8144.124,2026-04-16 03:00:00,2026-04-15 23:00:00
2026-04-15 04:00:00,2026-04-15 00:00:00,RFC,WEST,AEP,AEPAPT,3411.291,True,0,2,4,0,0.0,1.0,0.9749279121818236,-0.22252093395631434,3639.426,3247.795,3194.524,3819.4179999999997,463.81056892986163,3520.754,2026-04-16 04:00:00,2026-04-16 00:00:00
2026-04-15 04:00:00,2026-04-15 00:00:00,RFC,WEST,AEP,AEPIMP,3374.447,True,0,2,4,0,0.0,1.0,0.9749279121818236,-0.22252093395631434,3507.031,3182.175,3112.843,3542.474791666667,278.973749829617,3198.642,2026-04-16 04:00:00,2026-04-16 00:00:00
2026-04-15 04:00:00,2026-04-15 00:00:00,RFC,WEST,AEP,AEPKPT,489.716,True,0,2,4,0,0.0,1.0,0.9749279121818236,-0.22252093395631434,521.389,476.233,478.226,555.2200416666666,66.99227829188484,517.543,2026-04-16 04:00:00,2026-04-16 00:00:00
2026-04-15 04:00:00,2026-04-15 00:00:00,RFC,WEST,AEP,AEPOPT,7323.251,True,0,2,4,0,0.0,1.0,0.9749279121818236,-0.22252093395631434,7647.068,7374.14,7155.24,8200.233624999999,836.0895760437606,7717.523,2026-04-16 04:00:00,2026-04-16 00:00:00
2026-04-15 05:00:00,2026-04-15 01:00:00,RFC,WEST,AEP,AEPAPT,3265.07,True,1,2,4,0,0.25881904510252074,0.9659258262890683,0.9749279121818236,-0.22252093395631434,3411.291,3127.238,3090.179,3825.161,455.6487296964608,3349.924,2026-04-16 05:00:00,2026-04-16 01:00:00
2026-04-15 05:00:00,2026-04-15 01:00:00,RFC,WEST,AEP,AEPIMP,3324.523,True,1,2,4,0,0.25881904510252074,0.9659258262890683,0.9749279121818236,-0.22252093395631434,3374.447,3052.363,3039.562,3553.814791666666,263.27479790894876,3201.09,2026-04-16 05:00:00,2026-04-16 01:00:00
2026-04-15 05:00:00,2026-04-15 01:00:00,RFC,WEST,AEP,AEPKPT,476.741,True,1,2,4,0,0.25881904510252074,0.9659258262890683,0.9749279121818236,-0.22252093395631434,489.716,457.772,463.134,556.0104166666666,65.89551993738928,491.948,2026-04-16 05:00:00,2026-04-16 01:00:00
2026-04-15 05:00:00,2026-04-15 01:00:00,RFC,WEST,AEP,AEPOPT,7201.711,True,1,2,4,0,0.25881904510252074,0.9659258262890683,0.9749279121818236,-0.22252093395631434,7323.251,7056.632,6984.754,8206.278583333335,827.9466134939952,7500.802,2026-04-16 05:00:00,2026-04-16 01:00:00
2026-04-15 06:00:00,2026-04-15 02:00:00,RFC,WEST,AEP,AEPAPT,3164.483,True,2,2,4,0,0.49999999999999994,0.8660254037844387,0.9749279121818236,-0.22252093395631434,3265.07,3094.634,3030.084,3828.0713749999995,450.97888831690034,3214.159,2026-04-16 06:00:00,2026-04-16 02:00:00
2026-04-15 06:00:00,2026-04-15 02:00:00,RFC,WEST,AEP,AEPIMP,3222.419,True,2,2,4,0,0.49999999999999994,0.8660254037844387,0.9749279121818236,-0.22252093395631434,3324.523,3044.591,2971.548,3561.224291666666,250.51337949958324,3126.07,2026-04-16 06:00:00,2026-04-16 02:00:00
2026-04-15 06:00:00,2026-04-15 02:00:00,RFC,WEST,AEP,AEPKPT,461.678,True,2,2,4,0,0.49999999999999994,0.8660254037844387,0.9749279121818236,-0.22252093395631434,476.741,451.202,447.001,556.4469166666667,65.20211968274664,472.178,2026-04-16 06:00:00,2026-04-16 02:00:00
2026-04-15 06:00:00,2026-04-15 02:00:00,RFC,WEST,AEP,AEPOPT,7102.023,True,2,2,4,0,0.49999999999999994,0.8660254037844387,0.9749279121818236,-0.22252093395631434,7201.711,6909.609,6865.37,8214.295833333332,815.6854795108524,7372.592,2026-04-16 06:00:00,2026-04-16 02:00:00
2026-04-15 07:00:00,2026-04-15 03:00:00,RFC,WEST,AEP,AEPAPT,3120.37,True,3,2,4,0,0.7071067811865475,0.7071067811865476,0.9749279121818236,-0.22252093395631434,3164.483,3089.395,3032.118,3829.3620000000005,448.81212779852757,3158.873,2026-04-16 07:00:00,2026-04-16 03:00:00
2026-04-15 07:00:00,2026-04-15 03:00:00,RFC,WEST,AEP,AEPIMP,3151.621,True,3,2,4,0,0.7071067811865475,0.7071067811865476,0.9749279121818236,-0.22252093395631434,3222.419,3023.926,3032.586,3566.544916666667,239.72954971926418,3083.334,2026-04-16 07:00:00,2026-04-16 03:00:00
2026-04-15 07:00:00,2026-04-15 03:00:00,RFC,WEST,AEP,AEPKPT,457.834,True,3,2,4,0,0.7071067811865475,0.7071067811865476,0.9749279121818236,-0.22252093395631434,461.678,450.872,450.286,556.737,64.7257432153748,469.72,2026-04-16 07:00:00,2026-04-16 03:00:00
2026-04-15 07:00:00,2026-04-15 03:00:00,RFC,WEST,AEP,AEPOPT,7087.882,True,3,2,4,0,0.7071067811865475,0.7071067811865476,0.9749279121818236,-0.22252093395631434,7102.023,6849.321,6878.634,8224.235875,799.623959342706,7200.305,2026-04-16 07:00:00,2026-04-16 03:00:00
2026-04-15 08:00:00,2026-04-15 04:00:00,RFC,WEST,AEP,AEPAPT,3161.781,True,4,2,4,0,0.8660254037844386,0.5000000000000001,0.9749279121818236,-0.22252093395631434,3120.37,3147.463,3084.093,3829.958583333333,447.87484193290646,3186.169,2026-04-16 08:00:00,2026-04-16 04:00:00
2026-04-15 08:00:00,2026-04-15 04:00:00,RFC,WEST,AEP,AEPIMP,3202.576,True,4,2,4,0,0.8660254037844386,0.5000000000000001,0.9749279121818236,-0.22252093395631434,3151.621,3085.352,3086.401,3571.4292499999997,230.51644281222994,3106.933,2026-04-16 08:00:00,2026-04-16 04:00:00
2026-04-15 08:00:00,2026-04-15 04:00:00,RFC,WEST,AEP,AEPKPT,463.282,True,4,2,4,0,0.8660254037844386,0.5000000000000001,0.9749279121818236,-0.22252093395631434,457.834,456.529,452.368,557.018375,64.28435330474915,470.378,2026-04-16 08:00:00,2026-04-16 04:00:00
2026-04-15 08:00:00,2026-04-15 04:00:00,RFC,WEST,AEP,AEPOPT,7178.804,True,4,2,4,0,0.8660254037844386,0.5000000000000001,0.9749279121818236,-0.22252093395631434,7087.882,6894.742,6990.282,8236.071791666667,780.9742150062422,7258.965,2026-04-16 08:00:00,2026-04-16 04:00:00
2026-04-15 09:00:00,2026-04-15 05:00:00,RFC,WEST,AEP,AEPAPT,3256.325,True,5,2,4,0,0.9659258262890683,0.25881904510252074,0.9749279121818236,-0.22252093395631434,3161.781,3291.902,3229.262,3828.4762083333335,449.7879193692493,3291.227,2026-04-16 09:00:00,2026-04-16 05:00:00
2026-04-15 09:00:00,2026-04-15 05:00:00,RFC,WEST,AEP,AEPIMP,3307.019,True,5,2,4,0,0.9659258262890683,0.25881904510252074,0.9749279121818236,-0.22252093395631434,3202.576,3211.808,3204.834,3575.396375,224.80694348239447,3126.952,2026-04-16 09:00:00,2026-04-16 05:00:00
2026-04-15 09:00:00,2026-04-15 05:00:00,RFC,WEST,AEP,AEPKPT,481.264,True,5,2,4,0,0.9659258262890683,0.25881904510252074,0.9749279121818236,-0.22252093395631434,463.282,473.111,466.921,557.3580833333334,63.84168732985696,482.55,2026-04-16 09:00:00,2026-04-16 05:00:00
2026-04-15 09:00:00,2026-04-15 05:00:00,RFC,WEST,AEP,AEPOPT,7391.943,True,5,2,4,0,0.9659258262890683,0.25881904510252074,0.9749279121818236,-0.22252093395631434,7178.804,7188.44,7284.983,8244.551083333334,770.1347185458798,7442.283,2026-04-16 09:00:00,2026-04-16 05:00:00
2026-04-15 10:00:00,2026-04-15 06:00:00,RFC,WEST,AEP,AEPAPT,3499.04,True,6,2,4,0,1.0,6.123233995736766e-17,0.9749279121818236,-0.22252093395631434,3256.325,3560.318,3515.144,3825.922958333333,451.5468052225027,3531.802,2026-04-16 10:00:00,2026-04-16 06:00:00
2026-04-15 10:00:00,2026-04-15 06:00:00,RFC,WEST,AEP,AEPIMP,3509.01,True,6,2,4,0,1.0,6.123233995736766e-17,0.9749279121818236,-0.22252093395631434,3307.019,3409.222,3400.523,3579.5542083333335,222.51097171560792,3308.92,2026-04-16 10:00:00,2026-04-16 06:00:00
2026-04-15 10:00:00,2026-04-15 06:00:00,RFC,WEST,AEP,AEPKPT,522.419,True,6,2,4,0,1.0,6.123233995736766e-17,0.9749279121818236,-0.22252093395631434,481.264,514.519,507.484,557.6872500000001,63.63122559018274,511.904,2026-04-16 10:00:00,2026-04-16 06:00:00
2026-04-15 10:00:00,2026-04-15 06:00:00,RFC,WEST,AEP,AEPOPT,7759.084,True,6,2,4,0,1.0,6.123233995736766e-17,0.9749279121818236,-0.22252093395631434,7391.943,7623.357,7706.305,8250.206375,765.8612875989855,7792.316,2026-04-16 10:00:00,2026-04-16 06:00:00
2026-04-15 11:00:00,2026-04-15 07:00:00,RFC,WEST,AEP,AEPAPT,3616.275,True,7,2,4,0,0.9659258262890683,-0.25881904510252063,0.9749279121818236,-0.22252093395631434,3499.04,3694.477,3675.219,3822.6645416666665,452.8169468821245,3665.32,2026-04-16 11:00:00,2026-04-16 07:00:00
2026-04-15 11:00:00,2026-04-15 07:00:00,RFC,WEST,AEP,AEPIMP,3646.859,True,7,2,4,0,0.9659258262890683,-0.25881904510252063,0.9749279121818236,-0.22252093395631434,3509.01,3507.804,3582.553,3585.3481666666667,222.37182062515197,3425.688,2026-04-16 11:00:00,2026-04-16 07:00:00
2026-04-15 11:00:00,2026-04-15 07:00:00,RFC,WEST,AEP,AEPKPT,536.938,True,7,2,4,0,0.9659258262890683,-0.25881904510252063,0.9749279121818236,-0.22252093395631434,522.419,530.159,528.586,557.9697083333334,63.51866143280738,526.511,2026-04-16 11:00:00,2026-04-16 07:00:00
2026-04-15 11:00:00,2026-04-15 07:00:00,RFC,WEST,AEP,AEPOPT,7986.197,True,7,2,4,0,0.9659258262890683,-0.25881904510252063,0.9749279121818236,-0.22252093395631434,7759.084,7873.986,7919.766,8254.881833333333,763.8044170908278,7980.784,2026-04-16 11:00:00,2026-04-16 07:00:00
2026-04-15 12:00:00,2026-04-15 08:00:00,RFC,WEST,AEP,AEPAPT,3626.326,True,8,2,4,0,0.8660254037844387,-0.4999999999999998,0.9749279121818236,-0.22252093395631434,3616.275,3722.641,3725.317,3818.651416666666,454.1667429741309,3694.702,2026-04-16 12:00:00,2026-04-16 08:00:00
2026-04-15 12:00:00,2026-04-15 08:00:00,RFC,WEST,AEP,AEPIMP,3672.303,True,8,2,4,0,0.8660254037844387,-0.4999999999999998,0.9749279121818236,-0.22252093395631434,3646.859,3530.923,3568.021,3591.239,222.7397009031723,3457.806,2026-04-16 12:00:00,2026-04-16 08:00:00
2026-04-15 12:00:00,2026-04-15 08:00:00,RFC,WEST,AEP,AEPKPT,545.997,True,8,2,4,0,0.8660254037844387,-0.4999999999999998,0.9749279121818236,-0.22252093395631434,536.938,538.152,533.313,558.2965833333334,63.43236997739646,543.451,2026-04-16 12:00:00,2026-04-16 08:00:00
2026-04-15 12:00:00,2026-04-15 08:00:00,RFC,WEST,AEP,AEPOPT,8258.863,True,8,2,4,0,0.8660254037844387,-0.4999999999999998,0.9749279121818236,-0.22252093395631434,7986.197,8103.056,8094.701,8261.373791666667,763.1197007798116,8090.741,2026-04-16 12:00:00,2026-04-16 08:00:00
2026-04-15 13:00:00,2026-04-15 09:00:00,RFC,WEST,AEP,AEPAPT,3651.47,True,9,2,4,0,0.7071067811865476,-0.7071067811865475,0.9749279121818236,-0.22252093395631434,3626.326,3696.987,3759.027,3816.754875,454.79149406287127,3754.896,2026-04-16 13:00:00,2026-04-16 09:00:00
2026-04-15 13:00:00,2026-04-15 09:00:00,RFC,WEST,AEP,AEPIMP,3712.767,True,9,2,4,0,0.7071067811865476,-0.7071067811865475,0.9749279121818236,-0.22252093395631434,3672.303,3558.528,3674.895,3597.665625,223.97653402839973,3437.683,2026-04-16 13:00:00,2026-04-16 09:00:00
2026-04-15 13:00:00,2026-04-15 09:00:00,RFC,WEST,AEP,AEPKPT,554.867,True,9,2,4,0,0.7071067811865476,-0.7071067811865475,0.9749279121818236,-0.22252093395631434,545.997,546.867,550.836,558.6299166666666,63.39070289185332,564.384,2026-04-16 13:00:00,2026-04-16 09:00:00
2026-04-15 13:00:00,2026-04-15 09:00:00,RFC,WEST,AEP,AEPOPT,8318.213,True,9,2,4,0,0.7071067811865476,-0.7071067811865475,0.9749279121818236,-0.22252093395631434,8258.863,8230.951,8249.453,8265.009708333333,763.1763275516801,8321.139,2026-04-16 13:00:00,2026-04-16 09:00:00
2026-04-15 14:00:00,2026-04-15 10:00:00,RFC,WEST,AEP,AEPAPT,3706.206,True,10,2,4,0,0.49999999999999994,-0.8660254037844387,0.9749279121818236,-0.22252093395631434,3651.47,3729.99,3804.868,3815.763875,455.0146347833025,3888.197,2026-04-16 14:00:00,2026-04-16 10:00:00
2026-04-15 14:00:00,2026-04-15 10:00:00,RFC,WEST,AEP,AEPIMP,3749.801,True,10,2,4,0,0.49999999999999994,-0.8660254037844387,0.9749279121818236,-0.22252093395631434,3712.767,3614.691,3679.372,3603.2952083333334,226.11087269032583,3520.251,2026-04-16 14:00:00,2026-04-16 10:00:00
2026-04-15 14:00:00,2026-04-15 10:00:00,RFC,WEST,AEP,AEPKPT,575.315,True,10,2,4,0,0.49999999999999994,-0.8660254037844387,0.9749279121818236,-0.22252093395631434,554.867,557.301,562.002,559.3805,63.480867668928674,589.984,2026-04-16 14:00:00,2026-04-16 10:00:00
2026-04-15 14:00:00,2026-04-15 10:00:00,RFC,WEST,AEP,AEPOPT,8467.44,True,10,2,4,0,0.49999999999999994,-0.8660254037844387,0.9749279121818236,-0.22252093395631434,8318.213,8384.724,8423.301,8268.456208333333,763.9268656713438,8433.422,2026-04-16 14:00:00,2026-04-16 10:00:00
2026-04-15 15:00:00,2026-04-15 11:00:00,RFC,WEST,AEP,AEPAPT,3847.529,True,11,2,4,0,0.258819045102521,-0.9659258262890682,0.9749279121818236,-0.22252093395631434,3706.206,3810.346,3827.942,3817.3131666666663,455.05868582000534,4015.159,2026-04-16 15:00:00,2026-04-16 11:00:00
2026-04-15 15:00:00,2026-04-15 11:00:00,RFC,WEST,AEP,AEPIMP,3798.529,True,11,2,4,0,0.258819045102521,-0.9659258262890682,0.9749279121818236,-0.22252093395631434,3749.801,3574.579,3630.916,3612.6264583333327,229.4703537328059,3515.319,2026-04-16 15:00:00,2026-04-16 11:00:00
2026-04-15 15:00:00,2026-04-15 11:00:00,RFC,WEST,AEP,AEPKPT,598.464,True,11,2,4,0,0.258819045102521,-0.9659258262890682,0.9749279121818236,-0.22252093395631434,575.315,568.285,575.249,560.6379583333334,63.96199751379522,614.449,2026-04-16 15:00:00,2026-04-16 11:00:00
2026-04-15 15:00:00,2026-04-15 11:00:00,RFC,WEST,AEP,AEPOPT,8662.641,True,11,2,4,0,0.258819045102521,-0.9659258262890682,0.9749279121818236,-0.22252093395631434,8467.44,8587.949,8477.215,8271.568375,765.4356941232844,8611.723,2026-04-16 15:00:00,2026-04-16 11:00:00
2026-04-15 16:00:00,2026-04-15 12:00:00,RFC,WEST,AEP,AEPAPT,4043.16,True,12,2,4,0,1.2246467991473532e-16,-1.0,0.9749279121818236,-0.22252093395631434,3847.529,3954.498,3912.752,3821.007416666667,456.57814929251975,4140.226,2026-04-16 16:00:00,2026-04-16 12:00:00
2026-04-15 16:00:00,2026-04-15 12:00:00,RFC,WEST,AEP,AEPIMP,3887.035,True,12,2,4,0,1.2246467991473532e-16,-1.0,0.9749279121818236,-0.22252093395631434,3798.529,3687.036,3704.831,3620.95975,235.83334318415007,3554.108,2026-04-16 16:00:00,2026-04-16 12:00:00
2026-04-15 16:00:00,2026-04-15 12:00:00,RFC,WEST,AEP,AEPKPT,626.751,True,12,2,4,0,1.2246467991473532e-16,-1.0,0.9749279121818236,-0.22252093395631434,598.464,577.553,584.996,562.687875,65.30201333224423,635.987,2026-04-16 16:00:00,2026-04-16 12:00:00
2026-04-15 16:00:00,2026-04-15 12:00:00,RFC,WEST,AEP,AEPOPT,8974.551,True,12,2,4,0,1.2246467991473532e-16,-1.0,0.9749279121818236,-0.22252093395631434,8662.641,8637.456,8620.213,8285.614,775.4686535093317,8855.481,2026-04-16 16:00:00,2026-04-16 12:00:00
2026-04-15 17:00:00,2026-04-15 13:00:00,RFC,WEST,AEP,AEPAPT,4250.958,True,13,2,4,0,-0.2588190451025208,-0.9659258262890683,0.9749279121818236,-0.22252093395631434,4043.16,4047.684,3985.976,3829.477166666666,462.808839219696,4335.608,2026-04-16 17:00:00,2026-04-16 13:00:00
2026-04-15 17:00:00,2026-04-15 13:00:00,RFC,WEST,AEP,AEPIMP,3919.935,True,13,2,4,0,-0.2588190451025208,-0.9659258262890683,0.9749279121818236,-0.22252093395631434,3887.035,3697.313,3760.879,3630.235666666666,243.2292504781138,3559.105,2026-04-16 17:00:00,2026-04-16 13:00:00
2026-04-15 17:00:00,2026-04-15 13:00:00,RFC,WEST,AEP,AEPKPT,664.485,True,13,2,4,0,-0.2588190451025208,-0.9659258262890683,0.9749279121818236,-0.22252093395631434,626.751,595.746,581.398,565.552,68.25561154889088,665.844,2026-04-16 17:00:00,2026-04-16 13:00:00
2026-04-15 17:00:00,2026-04-15 13:00:00,RFC,WEST,AEP,AEPOPT,9110.059,True,13,2,4,0,-0.2588190451025208,-0.9659258262890683,0.9749279121818236,-0.22252093395631434,8974.551,8793.372,8733.35,8298.809291666666,787.0915129205866,9047.726,2026-04-16 17:00:00,2026-04-16 13:00:00
2026-04-15 18:00:00,2026-04-15 14:00:00,RFC,WEST,AEP,AEPAPT,4439.75,True,14,2,4,0,-0.4999999999999997,-0.8660254037844388,0.9749279121818236,-0.22252093395631434,4250.958,4109.699,3987.186,3843.2292916666665,476.2072188155488,4486.144,2026-04-16 18:00:00,2026-04-16 14:00:00
2026-04-15 18:00:00,2026-04-15 14:00:00,RFC,WEST,AEP,AEPIMP,3867.626,True,14,2,4,0,-0.4999999999999997,-0.8660254037844388,0.9749279121818236,-0.22252093395631434,3919.935,3709.562,3755.885,3636.8216666666667,247.57179585125328,3528.449,2026-04-16 18:00:00,2026-04-16 14:00:00
2026-04-15 18:00:00,2026-04-15 14:00:00,RFC,WEST,AEP,AEPKPT,694.659,True,14,2,4,0,-0.4999999999999997,-0.8660254037844388,0.9749279121818236,-0.22252093395631434,664.485,604.781,578.039,569.2969166666667,72.81488532419323,688.977,2026-04-16 18:00:00,2026-04-16 14:00:00
2026-04-15 18:00:00,2026-04-15 14:00:00,RFC,WEST,AEP,AEPOPT,9344.423,True,14,2,4,0,-0.4999999999999997,-0.8660254037844388,0.9749279121818236,-0.22252093395631434,9110.059,8839.62,8742.126,8319.84275,808.6223979118079,8987.878,2026-04-16 18:00:00,2026-04-16 14:00:00
2026-04-15 19:00:00,2026-04-15 15:00:00,RFC,WEST,AEP,AEPAPT,4584.569,True,15,2,4,0,-0.7071067811865471,-0.7071067811865479,0.9749279121818236,-0.22252093395631434,4439.75,4194.726,3987.753,3859.4727500000004,494.996200224874,4620.766,2026-04-16 19:00:00,2026-04-16 15:00:00
2026-04-15 19:00:00,2026-04-15 15:00:00,RFC,WEST,AEP,AEPIMP,3772.206,True,15,2,4,0,-0.7071067811865471,-0.7071067811865479,0.9749279121818236,-0.22252093395631434,3867.626,3793.337,3756.181,3635.9412083333336,247.02794486366022,3513.496,2026-04-16 19:00:00,2026-04-16 15:00:00
2026-04-15 19:00:00,2026-04-15 15:00:00,RFC,WEST,AEP,AEPKPT,715.594,True,15,2,4,0,-0.7071067811865471,-0.7071067811865479,0.9749279121818236,-0.22252093395631434,694.659,618.228,579.215,573.3538333333333,78.17476324607428,698.672,2026-04-16 19:00:00,2026-04-16 15:00:00
2026-04-15 19:00:00,2026-04-15 15:00:00,RFC,WEST,AEP,AEPOPT,9398.676,True,15,2,4,0,-0.7071067811865471,-0.7071067811865479,0.9749279121818236,-0.22252093395631434,9344.423,8960.014,8756.171,8338.120333333334,828.4364126637605,8794.85,2026-04-16 19:00:00,2026-04-16 15:00:00
2026-04-15 20:00:00,2026-04-15 16:00:00,RFC,WEST,AEP,AEPAPT,4758.395,True,16,2,4,0,-0.8660254037844384,-0.5000000000000004,0.9749279121818236,-0.22252093395631434,4584.569,4321.722,4020.227,3877.6674583333333,520.1141256033818,4706.089,2026-04-16 20:00:00,2026-04-16 16:00:00
2026-04-15 20:00:00,2026-04-15 16:00:00,RFC,WEST,AEP,AEPIMP,3727.417,True,16,2,4,0,-0.8660254037844384,-0.5000000000000004,0.9749279121818236,-0.22252093395631434,3772.206,3846.352,3673.682,3630.9855833333336,243.79519642999674,3502.846,2026-04-16 20:00:00,2026-04-16 16:00:00
2026-04-15 20:00:00,2026-04-15 16:00:00,RFC,WEST,AEP,AEPKPT,728.588,True,16,2,4,0,-0.8660254037844384,-0.5000000000000004,0.9749279121818236,-0.22252093395631434,715.594,637.007,577.921,577.1697083333333,83.47251883702953,676.448,2026-04-16 20:00:00,2026-04-16 16:00:00
2026-04-15 20:00:00,2026-04-15 16:00:00,RFC,WEST,AEP,AEPOPT,9452.434,True,16,2,4,0,-0.8660254037844384,-0.5000000000000004,0.9749279121818236,-0.22252093395631434,9398.676,9136.125,8848.388,8351.299874999999,844.0526760318188,8802.372,2026-04-16 20:00:00,2026-04-16 16:00:00
2026-04-15 21:00:00,2026-04-15 17:00:00,RFC,WEST,AEP,AEPAPT,4848.992,True,17,2,4,0,-0.9659258262890683,-0.25881904510252063,0.9749279121818236,-0.22252093395631434,4758.395,4442.626,4068.116,3894.5993750000002,545.3097580112883,4717.859,2026-04-16 21:00:00,2026-04-16 17:00:00
2026-04-15 21:00:00,2026-04-15 17:00:00,RFC,WEST,AEP,AEPIMP,3760.14,True,17,2,4,0,-0.9659258262890683,-0.25881904510252063,0.9749279121818236,-0.22252093395631434,3727.417,3931.179,3674.825,3623.8589583333337,237.04485858486782,3434.252,2026-04-16 21:00:00,2026-04-16 17:00:00
2026-04-15 21:00:00,2026-04-15 17:00:00,RFC,WEST,AEP,AEPKPT,730.92,True,17,2,4,0,-0.9659258262890683,-0.25881904510252063,0.9749279121818236,-0.22252093395631434,728.588,648.147,577.527,580.6185833333333,88.11359139790125,653.749,2026-04-16 21:00:00,2026-04-16 17:00:00
2026-04-15 21:00:00,2026-04-15 17:00:00,RFC,WEST,AEP,AEPOPT,9523.08,True,17,2,4,0,-0.9659258262890683,-0.25881904510252063,0.9749279121818236,-0.22252093395631434,9452.434,9247.134,8992.877,8362.797625000001,858.5414902685357,8764.811,2026-04-16 21:00:00,2026-04-16 17:00:00
2026-04-15 22:00:00,2026-04-15 18:00:00,RFC,WEST,AEP,AEPAPT,4886.295,True,18,2,4,0,-1.0,-1.8369701987210297e-16,0.9749279121818236,-0.22252093395631434,4848.992,4484.413,4081.624,3911.3444583333335,569.8280973821581,4703.885,2026-04-16 22:00:00,2026-04-16 18:00:00
2026-04-15 22:00:00,2026-04-15 18:00:00,RFC,WEST,AEP,AEPIMP,3690.49,True,18,2,4,0,-1.0,-1.8369701987210297e-16,0.9749279121818236,-0.22252093395631434,3760.14,3841.559,3632.975,3617.5644166666666,232.9836318221438,3399.877,2026-04-16 22:00:00,2026-04-16 18:00:00
2026-04-15 22:00:00,2026-04-15 18:00:00,RFC,WEST,AEP,AEPKPT,720.97,True,18,2,4,0,-1.0,-1.8369701987210297e-16,0.9749279121818236,-0.22252093395631434,730.92,644.238,580.467,583.8157500000001,91.83583645938943,646.255,2026-04-16 22:00:00,2026-04-16 18:00:00
2026-04-15 22:00:00,2026-04-15 18:00:00,RFC,WEST,AEP,AEPOPT,9436.069,True,18,2,4,0,-1.0,-1.8369701987210297e-16,0.9749279121818236,-0.22252093395631434,9523.08,9299.692,8899.754,8368.48,865.4356960268071,8760.447,2026-04-16 22:00:00,2026-04-16 18:00:00
2026-04-15 23:00:00,2026-04-15 19:00:00,RFC,WEST,AEP,AEPAPT,4810.461,True,19,2,4,0,-0.9659258262890684,0.2588190451025203,0.9749279121818236,-0.22252093395631434,4886.295,4448.933,4098.474,3926.408125,589.1097399468848,4633.554,2026-04-16 23:00:00,2026-04-16 19:00:00
2026-04-15 23:00:00,2026-04-15 19:00:00,RFC,WEST,AEP,AEPIMP,3711.648,True,19,2,4,0,-0.9659258262890684,0.2588190451025203,0.9749279121818236,-0.22252093395631434,3690.49,3817.009,3612.212,3613.174375,230.0361608325795,3418.864,2026-04-16 23:00:00,2026-04-16 19:00:00
2026-04-15 23:00:00,2026-04-15 19:00:00,RFC,WEST,AEP,AEPKPT,699.078,True,19,2,4,0,-0.9659258262890684,0.2588190451025203,0.9749279121818236,-0.22252093395631434,720.97,630.944,578.003,586.6546666666667,94.3740861901823,633.894,2026-04-16 23:00:00,2026-04-16 19:00:00
2026-04-15 23:00:00,2026-04-15 19:00:00,RFC,WEST,AEP,AEPOPT,9311.409,True,19,2,4,0,-0.9659258262890684,0.2588190451025203,0.9749279121818236,-0.22252093395631434,9436.069,9159.926,8761.206,8374.791791666667,871.9864356246618,8688.538,2026-04-16 23:00:00,2026-04-16 19:00:00
2026-04-16 00:00:00,2026-04-15 20:00:00,RFC,WEST,AEP,AEPAPT,4700.187,True,20,2,4,0,-0.8660254037844386,0.5000000000000001,0.9749279121818236,-0.22252093395631434,4810.461,4434.831,4142.456,3937.464625,601.4281044193564,4541.621,2026-04-17 00:00:00,2026-04-16 20:00:00
2026-04-16 00:00:00,2026-04-15 20:00:00,RFC,WEST,AEP,AEPIMP,3639.414,True,20,2,4,0,-0.8660254037844386,0.5000000000000001,0.9749279121818236,-0.22252093395631434,3711.648,3770.26,3617.499,3607.7224583333336,227.68989919873164,3391.922,2026-04-17 00:00:00,2026-04-16 20:00:00
2026-04-16 00:00:00,2026-04-15 20:00:00,RFC,WEST,AEP,AEPKPT,686.183,True,20,2,4,0,-0.8660254037844386,0.5000000000000001,0.9749279121818236,-0.22252093395631434,699.078,636.927,589.276,588.707,96.0358309998209,629.263,2026-04-17 00:00:00,2026-04-16 20:00:00
2026-04-16 00:00:00,2026-04-15 20:00:00,RFC,WEST,AEP,AEPOPT,9305.936,True,20,2,4,0,-0.8660254037844386,0.5000000000000001,0.9749279121818236,-0.22252093395631434,9311.409,9168.686,8760.294,8380.510541666667,877.8497577271771,8631.378,2026-04-17 00:00:00,2026-04-16 20:00:00
2026-04-16 01:00:00,2026-04-15 21:00:00,RFC,WEST,AEP,AEPAPT,4477.424,True,21,2,4,0,-0.7071067811865477,0.7071067811865474,0.9749279121818236,-0.22252093395631434,4700.187,4262.704,3989.295,3946.411291666667,608.0373643195364,4334.903,2026-04-17 01:00:00,2026-04-16 21:00:00
2026-04-16 01:00:00,2026-04-15 21:00:00,RFC,WEST,AEP,AEPIMP,3686.591,True,21,2,4,0,-0.7071067811865477,0.7071067811865474,0.9749279121818236,-0.22252093395631434,3639.414,3760.298,3577.564,3604.6513333333332,226.03351637517716,3357.815,2026-04-17 01:00:00,2026-04-16 21:00:00
2026-04-16 01:00:00,2026-04-15 21:00:00,RFC,WEST,AEP,AEPKPT,652.058,True,21,2,4,0,-0.7071067811865477,0.7071067811865474,0.9749279121818236,-0.22252093395631434,686.183,609.323,574.549,590.4876250000001,96.82761328204272,607.389,2026-04-17 01:00:00,2026-04-16 21:00:00
2026-04-16 01:00:00,2026-04-15 21:00:00,RFC,WEST,AEP,AEPOPT,9080.775,True,21,2,4,0,-0.7071067811865477,0.7071067811865474,0.9749279121818236,-0.22252093395631434,9305.936,8722.486,8585.109,8395.43925,886.9179374759296,8419.011,2026-04-17 01:00:00,2026-04-16 21:00:00
2026-04-16 02:00:00,2026-04-15 22:00:00,RFC,WEST,AEP,AEPAPT,4126.778,True,22,2,4,0,-0.5000000000000004,0.8660254037844384,0.9749279121818236,-0.22252093395631434,4477.424,3948.088,3725.213,3953.8567083333332,609.1517963892915,4035.03,2026-04-17 02:00:00,2026-04-16 22:00:00
2026-04-16 02:00:00,2026-04-15 22:00:00,RFC,WEST,AEP,AEPIMP,3510.965,True,22,2,4,0,-0.5000000000000004,0.8660254037844384,0.9749279121818236,-0.22252093395631434,3686.591,3670.225,3439.846,3598.0155,226.36223975992624,3306.613,2026-04-17 02:00:00,2026-04-16 22:00:00
2026-04-16 02:00:00,2026-04-15 22:00:00,RFC,WEST,AEP,AEPKPT,601.864,True,22,2,4,0,-0.5000000000000004,0.8660254037844384,0.9749279121818236,-0.22252093395631434,652.058,566.513,538.047,591.9605833333334,96.71586863947655,568.625,2026-04-17 02:00:00,2026-04-16 22:00:00
2026-04-16 02:00:00,2026-04-15 22:00:00,RFC,WEST,AEP,AEPOPT,8579.778,True,22,2,4,0,-0.5000000000000004,0.8660254037844384,0.9749279121818236,-0.22252093395631434,9080.775,8168.01,8179.326,8412.59625,886.3096634041142,7936.599,2026-04-17 02:00:00,2026-04-16 22:00:00
2026-04-16 03:00:00,2026-04-15 23:00:00,RFC,WEST,AEP,AEPAPT,3765.04,True,23,2,4,0,-0.25881904510252157,0.9659258262890681,0.9749279121818236,-0.22252093395631434,4126.778,3639.426,3464.449,3959.0906250000003,606.8680674547335,3722.797,2026-04-17 03:00:00,2026-04-16 23:00:00
2026-04-16 03:00:00,2026-04-15 23:00:00,RFC,WEST,AEP,AEPIMP,3389.229,True,23,2,4,0,-0.25881904510252157,0.9659258262890681,0.9749279121818236,-0.22252093395631434,3510.965,3507.031,3274.802,3593.107083333334,229.67389590572623,3247.857,2026-04-17 03:00:00,2026-04-16 23:00:00
2026-04-16 03:00:00,2026-04-15 23:00:00,RFC,WEST,AEP,AEPKPT,551.033,True,23,2,4,0,-0.25881904510252157,0.9659258262890681,0.9749279121818236,-0.22252093395631434,601.864,521.389,501.212,593.19575,95.96176006879033,531.274,2026-04-17 03:00:00,2026-04-16 23:00:00
2026-04-16 03:00:00,2026-04-15 23:00:00,RFC,WEST,AEP,AEPOPT,8144.124,True,23,2,4,0,-0.25881904510252157,0.9659258262890681,0.9749279121818236,-0.22252093395631434,8579.778,7647.068,7693.789,8433.306916666666,873.3563527276021,7494.384,2026-04-17 03:00:00,2026-04-16 23:00:00
2026-04-16 04:00:00,2026-04-16 00:00:00,RFC,WEST,AEP,AEPAPT,3520.754,True,0,3,4,0,0.0,1.0,0.43388373911755823,-0.900968867902419,3765.04,3411.291,3247.795,3963.6515833333337,602.9708656635365,3482.136,2026-04-17 04:00:00,2026-04-17 00:00:00
2026-04-16 04:00:00,2026-04-16 00:00:00,RFC,WEST,AEP,AEPIMP,3198.642,True,0,3,4,0,0.0,1.0,0.43388373911755823,-0.900968867902419,3389.229,3374.447,3182.175,3585.781875,239.54258278668107,3049.914,2026-04-17 04:00:00,2026-04-17 00:00:00
2026-04-16 04:00:00,2026-04-16 00:00:00,RFC,WEST,AEP,AEPKPT,517.543,True,0,3,4,0,0.0,1.0,0.43388373911755823,-0.900968867902419,551.033,489.716,476.233,594.3552083333334,94.81840349984353,499.082,2026-04-17 04:00:00,2026-04-17 00:00:00
2026-04-16 04:00:00,2026-04-16 00:00:00,RFC,WEST,AEP,AEPOPT,7717.523,True,0,3,4,0,0.0,1.0,0.43388373911755823,-0.900968867902419,8144.124,7323.251,7374.14,8449.734916666666,855.0851905272665,7175.313,2026-04-17 04:00:00,2026-04-17 00:00:00
2026-04-16 05:00:00,2026-04-16 01:00:00,RFC,WEST,AEP,AEPAPT,3349.924,True,1,3,4,0,0.25881904510252074,0.9659258262890683,0.43388373911755823,-0.900968867902419,3520.754,3265.07,3127.238,3967.1871666666666,598.9318100433433,3337.034,2026-04-17 05:00:00,2026-04-17 01:00:00
2026-04-16 05:00:00,2026-04-16 01:00:00,RFC,WEST,AEP,AEPIMP,3201.09,True,1,3,4,0,0.25881904510252074,0.9659258262890683,0.43388373911755823,-0.900968867902419,3198.642,3324.523,3052.363,3580.638833333333,246.6163843889964,3047.003,2026-04-17 05:00:00,2026-04-17 01:00:00
2026-04-16 05:00:00,2026-04-16 01:00:00,RFC,WEST,AEP,AEPKPT,491.948,True,1,3,4,0,0.25881904510252074,0.9659258262890683,0.43388373911755823,-0.900968867902419,517.543,476.741,457.772,594.9888333333333,94.04593709952397,481.648,2026-04-17 05:00:00,2026-04-17 01:00:00
2026-04-16 05:00:00,2026-04-16 01:00:00,RFC,WEST,AEP,AEPOPT,7500.802,True,1,3,4,0,0.25881904510252074,0.9659258262890683,0.43388373911755823,-0.900968867902419,7717.523,7201.711,7056.632,8462.197041666666,838.1166356698685,6992.73,2026-04-17 05:00:00,2026-04-17 01:00:00
2026-04-16 06:00:00,2026-04-16 02:00:00,RFC,WEST,AEP,AEPAPT,3214.159,True,2,3,4,0,0.49999999999999994,0.8660254037844387,0.43388373911755823,-0.900968867902419,3349.924,3164.483,3094.634,3969.257,596.1163739773564,3238.976,2026-04-17 06:00:00,2026-04-17 02:00:00
2026-04-16 06:00:00,2026-04-16 02:00:00,RFC,WEST,AEP,AEPIMP,3126.07,True,2,3,4,0,0.49999999999999994,0.8660254037844387,0.43388373911755823,-0.900968867902419,3201.09,3222.419,3044.591,3576.624291666667,253.3923167479846,2961.097,2026-04-17 06:00:00,2026-04-17 02:00:00
2026-04-16 06:00:00,2026-04-16 02:00:00,RFC,WEST,AEP,AEPKPT,472.178,True,2,3,4,0,0.49999999999999994,0.8660254037844387,0.43388373911755823,-0.900968867902419,491.948,461.678,451.202,595.4263333333333,93.42116167106411,471.959,2026-04-17 06:00:00,2026-04-17 02:00:00
2026-04-16 06:00:00,2026-04-16 02:00:00,RFC,WEST,AEP,AEPOPT,7372.592,True,2,3,4,0,0.49999999999999994,0.8660254037844387,0.43388373911755823,-0.900968867902419,7500.802,7102.023,6909.609,8473.47075,820.6631409733831,6900.924,2026-04-17 06:00:00,2026-04-17 02:00:00
2026-04-16 07:00:00,2026-04-16 03:00:00,RFC,WEST,AEP,AEPAPT,3158.873,True,3,3,4,0,0.7071067811865475,0.7071067811865476,0.43388373911755823,-0.900968867902419,3214.159,3120.37,3089.395,3970.8612916666666,593.7797183078015,3185.66,2026-04-17 07:00:00,2026-04-17 03:00:00
2026-04-16 07:00:00,2026-04-16 03:00:00,RFC,WEST,AEP,AEPIMP,3083.334,True,3,3,4,0,0.7071067811865475,0.7071067811865476,0.43388373911755823,-0.900968867902419,3126.07,3151.621,3023.926,3573.779,258.6998882196691,2969.124,2026-04-17 07:00:00,2026-04-17 03:00:00
2026-04-16 07:00:00,2026-04-16 03:00:00,RFC,WEST,AEP,AEPKPT,469.72,True,3,3,4,0,0.7071067811865475,0.7071067811865476,0.43388373911755823,-0.900968867902419,472.178,457.834,450.872,595.9215833333334,92.68866888437903,465.106,2026-04-17 07:00:00,2026-04-17 03:00:00
2026-04-16 07:00:00,2026-04-16 03:00:00,RFC,WEST,AEP,AEPOPT,7200.305,True,3,3,4,0,0.7071067811865475,0.7071067811865476,0.43388373911755823,-0.900968867902419,7372.592,7087.882,6849.321,8478.155041666667,812.6925728344752,6770.843,2026-04-17 07:00:00,2026-04-17 03:00:00
2026-04-16 08:00:00,2026-04-16 04:00:00,RFC,WEST,AEP,AEPAPT,3186.169,True,4,3,4,0,0.8660254037844386,0.5000000000000001,0.43388373911755823,-0.900968867902419,3158.873,3161.781,3147.463,3971.877458333334,592.3540521424343,3205.453,2026-04-17 08:00:00,2026-04-17 04:00:00
2026-04-16 08:00:00,2026-04-16 04:00:00,RFC,WEST,AEP,AEPIMP,3106.933,True,4,3,4,0,0.8660254037844386,0.5000000000000001,0.43388373911755823,-0.900968867902419,3083.334,3202.576,3085.352,3569.793875,265.318669018861,3034.895,2026-04-17 08:00:00,2026-04-17 04:00:00
2026-04-16 08:00:00,2026-04-16 04:00:00,RFC,WEST,AEP,AEPKPT,470.378,True,4,3,4,0,0.8660254037844386,0.5000000000000001,0.43388373911755823,-0.900968867902419,469.72,463.282,456.529,596.21725,92.2574820834042,464.824,2026-04-17 08:00:00,2026-04-17 04:00:00
2026-04-16 08:00:00,2026-04-16 04:00:00,RFC,WEST,AEP,AEPOPT,7258.965,True,4,3,4,0,0.8660254037844386,0.5000000000000001,0.43388373911755823,-0.900968867902419,7200.305,7178.804,6894.742,8481.495083333333,807.2668730585079,6832.465,2026-04-17 08:00:00,2026-04-17 04:00:00
2026-04-16 09:00:00,2026-04-16 05:00:00,RFC,WEST,AEP,AEPAPT,3291.227,True,5,3,4,0,0.9659258262890683,0.25881904510252074,0.43388373911755823,-0.900968867902419,3186.169,3256.325,3291.902,3973.331708333333,590.5610965200777,3337.699,2026-04-17 09:00:00,2026-04-17 05:00:00
2026-04-16 09:00:00,2026-04-16 05:00:00,RFC,WEST,AEP,AEPIMP,3126.952,True,5,3,4,0,0.9659258262890683,0.25881904510252074,0.43388373911755823,-0.900968867902419,3106.933,3307.019,3211.808,3562.2910833333335,275.4260886512596,3040.901,2026-04-17 09:00:00,2026-04-17 05:00:00
2026-04-16 09:00:00,2026-04-16 05:00:00,RFC,WEST,AEP,AEPKPT,482.55,True,5,3,4,0,0.9659258262890683,0.25881904510252074,0.43388373911755823,-0.900968867902419,470.378,481.264,473.111,596.2708333333334,92.18816158491218,474.374,2026-04-17 09:00:00,2026-04-17 05:00:00
2026-04-16 09:00:00,2026-04-16 05:00:00,RFC,WEST,AEP,AEPOPT,7442.283,True,5,3,4,0,0.9659258262890683,0.25881904510252074,0.43388373911755823,-0.900968867902419,7258.965,7391.943,7188.44,8483.592583333333,804.3730457147628,7049.659,2026-04-17 09:00:00,2026-04-17 05:00:00
2026-04-16 10:00:00,2026-04-16 06:00:00,RFC,WEST,AEP,AEPAPT,3531.802,True,6,3,4,0,1.0,6.123233995736766e-17,0.43388373911755823,-0.900968867902419,3291.227,3499.04,3560.318,3974.6967916666667,589.4539306597737,3557.258,2026-04-17 10:00:00,2026-04-17 06:00:00
2026-04-16 10:00:00,2026-04-16 06:00:00,RFC,WEST,AEP,AEPIMP,3308.92,True,6,3,4,0,1.0,6.123233995736766e-17,0.43388373911755823,-0.900968867902419,3126.952,3509.01,3409.222,3553.9539999999997,280.0977362145601,3226.207,2026-04-17 10:00:00,2026-04-17 06:00:00
2026-04-16 10:00:00,2026-04-16 06:00:00,RFC,WEST,AEP,AEPKPT,511.904,True,6,3,4,0,1.0,6.123233995736766e-17,0.43388373911755823,-0.900968867902419,482.55,522.419,514.519,595.8327083333334,92.57856276720733,502.192,2026-04-17 10:00:00,2026-04-17 06:00:00
2026-04-16 10:00:00,2026-04-16 06:00:00,RFC,WEST,AEP,AEPOPT,7792.316,True,6,3,4,0,1.0,6.123233995736766e-17,0.43388373911755823,-0.900968867902419,7442.283,7759.084,7623.357,8484.97725,803.0992286831785,7359.586,2026-04-17 10:00:00,2026-04-17 06:00:00
2026-04-16 11:00:00,2026-04-16 07:00:00,RFC,WEST,AEP,AEPAPT,3665.32,True,7,3,4,0,0.9659258262890683,-0.25881904510252063,0.43388373911755823,-0.900968867902419,3531.802,3616.275,3694.477,3976.7403333333336,588.2410822508248,3662.827,2026-04-17 11:00:00,2026-04-17 07:00:00
2026-04-16 11:00:00,2026-04-16 07:00:00,RFC,WEST,AEP,AEPIMP,3425.688,True,7,3,4,0,0.9659258262890683,-0.25881904510252063,0.43388373911755823,-0.900968867902419,3308.92,3646.859,3507.804,3544.738541666667,280.5461829565249,3368.025,2026-04-17 11:00:00,2026-04-17 07:00:00
2026-04-16 11:00:00,2026-04-16 07:00:00,RFC,WEST,AEP,AEPKPT,526.511,True,7,3,4,0,0.9659258262890683,-0.25881904510252063,0.43388373911755823,-0.900968867902419,511.904,536.938,530.159,595.39825,92.89090352163284,519.864,2026-04-17 11:00:00,2026-04-17 07:00:00
2026-04-16 11:00:00,2026-04-16 07:00:00,RFC,WEST,AEP,AEPOPT,7980.784,True,7,3,4,0,0.9659258262890683,-0.25881904510252063,0.43388373911755823,-0.900968867902419,7792.316,7986.197,7873.986,8484.751708333333,803.246142638496,7604.667,2026-04-17 11:00:00,2026-04-17 07:00:00
2026-04-16 12:00:00,2026-04-16 08:00:00,RFC,WEST,AEP,AEPAPT,3694.702,True,8,3,4,0,0.8660254037844387,-0.4999999999999998,0.43388373911755823,-0.900968867902419,3665.32,3626.326,3722.641,3979.5893333333333,586.6335328448727,3734.771,2026-04-17 12:00:00,2026-04-17 08:00:00
2026-04-16 12:00:00,2026-04-16 08:00:00,RFC,WEST,AEP,AEPIMP,3457.806,True,8,3,4,0,0.8660254037844387,-0.4999999999999998,0.43388373911755823,-0.900968867902419,3425.688,3672.303,3530.923,3535.8011666666666,279.72107484524497,3467.258,2026-04-17 12:00:00,2026-04-17 08:00:00
2026-04-16 12:00:00,2026-04-16 08:00:00,RFC,WEST,AEP,AEPKPT,543.451,True,8,3,4,0,0.8660254037844387,-0.4999999999999998,0.43388373911755823,-0.900968867902419,526.511,545.997,538.152,595.2921666666667,92.95120791257033,529.008,2026-04-17 12:00:00,2026-04-17 08:00:00
2026-04-16 12:00:00,2026-04-16 08:00:00,RFC,WEST,AEP,AEPOPT,8090.741,True,8,3,4,0,0.8660254037844387,-0.4999999999999998,0.43388373911755823,-0.900968867902419,7980.784,8258.863,8103.056,8477.746625,806.0300304949265,7827.729,2026-04-17 12:00:00,2026-04-17 08:00:00
2026-04-16 13:00:00,2026-04-16 09:00:00,RFC,WEST,AEP,AEPAPT,3754.896,True,9,3,4,0,0.7071067811865476,-0.7071067811865475,0.43388373911755823,-0.900968867902419,3694.702,3651.47,3696.987,3983.8987500000003,584.494349812556,3787.006,2026-04-17 13:00:00,2026-04-17 09:00:00
2026-04-16 13:00:00,2026-04-16 09:00:00,RFC,WEST,AEP,AEPIMP,3437.683,True,9,3,4,0,0.7071067811865476,-0.7071067811865475,0.43388373911755823,-0.900968867902419,3457.806,3712.767,3558.528,3524.3393333333333,277.78366112242645,3504.947,2026-04-17 13:00:00,2026-04-17 09:00:00
2026-04-16 13:00:00,2026-04-16 09:00:00,RFC,WEST,AEP,AEPKPT,564.384,True,9,3,4,0,0.7071067811865476,-0.7071067811865475,0.43388373911755823,-0.900968867902419,543.451,554.867,546.867,595.6887083333334,92.7914138140322,549.314,2026-04-17 13:00:00,2026-04-17 09:00:00
2026-04-16 13:00:00,2026-04-16 09:00:00,RFC,WEST,AEP,AEPOPT,8321.139,True,9,3,4,0,0.7071067811865476,-0.7071067811865475,0.43388373911755823,-0.900968867902419,8090.741,8318.213,8230.951,8477.868541666667,806.0050718727663,7959.619,2026-04-17 13:00:00,2026-04-17 09:00:00
2026-04-16 14:00:00,2026-04-16 10:00:00,RFC,WEST,AEP,AEPAPT,3888.197,True,10,3,4,0,0.49999999999999994,-0.8660254037844387,0.43388373911755823,-0.900968867902419,3754.896,3706.206,3729.99,3991.4817083333332,581.9098751945266,3883.984,2026-04-17 14:00:00,2026-04-17 10:00:00
2026-04-16 14:00:00,2026-04-16 10:00:00,RFC,WEST,AEP,AEPIMP,3520.251,True,10,3,4,0,0.49999999999999994,-0.8660254037844387,0.43388373911755823,-0.900968867902419,3437.683,3749.801,3614.691,3514.77475,273.6035481686153,3451.416,2026-04-17 14:00:00,2026-04-17 10:00:00
2026-04-16 14:00:00,2026-04-16 10:00:00,RFC,WEST,AEP,AEPKPT,589.984,True,10,3,4,0,0.49999999999999994,-0.8660254037844387,0.43388373911755823,-0.900968867902419,564.384,575.315,557.301,596.2999166666667,92.69964562472371,575.229,2026-04-17 14:00:00,2026-04-17 10:00:00
2026-04-16 14:00:00,2026-04-16 10:00:00,RFC,WEST,AEP,AEPOPT,8433.422,True,10,3,4,0,0.49999999999999994,-0.8660254037844387,0.43388373911755823,-0.900968867902419,8321.139,8467.44,8384.724,8476.451125,806.0541185912206,8149.972,2026-04-17 14:00:00,2026-04-17 10:00:00
2026-04-16 15:00:00,2026-04-16 11:00:00,RFC,WEST,AEP,AEPAPT,4015.159,True,11,3,4,0,0.258819045102521,-0.9659258262890682,0.43388373911755823,-0.900968867902419,3888.197,3847.529,3810.346,3998.466291666667,581.1123805002339,3996.429,2026-04-17 15:00:00,2026-04-17 11:00:00
2026-04-16 15:00:00,2026-04-16 11:00:00,RFC,WEST,AEP,AEPIMP,3515.319,True,11,3,4,0,0.258819045102521,-0.9659258262890682,0.43388373911755823,-0.900968867902419,3520.251,3798.529,3574.579,3502.9743333333336,266.85744133715605,3593.709,2026-04-17 15:00:00,2026-04-17 11:00:00
2026-04-16 15:00:00,2026-04-16 11:00:00,RFC,WEST,AEP,AEPKPT,614.449,True,11,3,4,0,0.258819045102521,-0.9659258262890682,0.43388373911755823,-0.900968867902419,589.984,598.464,568.285,596.9659583333333,92.7732668974439,595.553,2026-04-17 15:00:00,2026-04-17 11:00:00
2026-04-16 15:00:00,2026-04-16 11:00:00,RFC,WEST,AEP,AEPOPT,8611.723,True,11,3,4,0,0.258819045102521,-0.9659258262890682,0.43388373911755823,-0.900968867902419,8433.422,8662.641,8587.949,8474.329541666666,805.6096355389698,8219.147,2026-04-17 15:00:00,2026-04-17 11:00:00
2026-04-16 16:00:00,2026-04-16 12:00:00,RFC,WEST,AEP,AEPAPT,4140.226,True,12,3,4,0,1.2246467991473532e-16,-1.0,0.43388373911755823,-0.900968867902419,4015.159,4043.16,3954.498,4002.5107083333332,581.7743654851124,4110.203,2026-04-17 16:00:00,2026-04-17 12:00:00
2026-04-16 16:00:00,2026-04-16 12:00:00,RFC,WEST,AEP,AEPIMP,3554.108,True,12,3,4,0,1.2246467991473532e-16,-1.0,0.43388373911755823,-0.900968867902419,3515.319,3887.035,3687.036,3489.1023750000004,254.38675353857525,3604.869,2026-04-17 16:00:00,2026-04-17 12:00:00
2026-04-16 16:00:00,2026-04-16 12:00:00,RFC,WEST,AEP,AEPKPT,635.987,True,12,3,4,0,1.2246467991473532e-16,-1.0,0.43388373911755823,-0.900968867902419,614.449,626.751,577.553,597.3507916666666,92.92122817179502,622.293,2026-04-17 16:00:00,2026-04-17 12:00:00
2026-04-16 16:00:00,2026-04-16 12:00:00,RFC,WEST,AEP,AEPOPT,8855.481,True,12,3,4,0,1.2246467991473532e-16,-1.0,0.43388373911755823,-0.900968867902419,8611.723,8974.551,8637.456,8469.368291666666,802.7567324094307,8388.904,2026-04-17 16:00:00,2026-04-17 12:00:00
2026-04-16 17:00:00,2026-04-16 13:00:00,RFC,WEST,AEP,AEPAPT,4335.608,True,13,3,4,0,-0.2588190451025208,-0.9659258262890683,0.43388373911755823,-0.900968867902419,4140.226,4250.958,4047.684,4006.037791666667,583.599835544495,4260.961,2026-04-17 17:00:00,2026-04-17 13:00:00
2026-04-16 17:00:00,2026-04-16 13:00:00,RFC,WEST,AEP,AEPIMP,3559.105,True,13,3,4,0,-0.2588190451025208,-0.9659258262890683,0.43388373911755823,-0.900968867902419,3554.108,3919.935,3697.313,3474.067791666667,237.94856556790432,3628.484,2026-04-17 17:00:00,2026-04-17 13:00:00
2026-04-16 17:00:00,2026-04-16 13:00:00,RFC,WEST,AEP,AEPKPT,665.844,True,13,3,4,0,-0.2588190451025208,-0.9659258262890683,0.43388373911755823,-0.900968867902419,635.987,664.485,595.746,597.4074166666667,92.96432170691949,637.543,2026-04-17 17:00:00,2026-04-17 13:00:00
2026-04-16 17:00:00,2026-04-16 13:00:00,RFC,WEST,AEP,AEPOPT,9047.726,True,13,3,4,0,-0.2588190451025208,-0.9659258262890683,0.43388373911755823,-0.900968867902419,8855.481,9110.059,8793.372,8466.771083333333,800.6919210531819,8537.605,2026-04-17 17:00:00,2026-04-17 13:00:00
2026-04-16 18:00:00,2026-04-16 14:00:00,RFC,WEST,AEP,AEPAPT,4486.144,True,14,3,4,0,-0.4999999999999997,-0.8660254037844388,0.43388373911755823,-0.900968867902419,4335.608,4439.75,4109.699,4007.9708750000004,585.1736150122118,4379.556,2026-04-17 18:00:00,2026-04-17 14:00:00
2026-04-16 18:00:00,2026-04-16 14:00:00,RFC,WEST,AEP,AEPIMP,3528.449,True,14,3,4,0,-0.4999999999999997,-0.8660254037844388,0.43388373911755823,-0.900968867902419,3559.105,3867.626,3709.562,3459.9354166666667,223.17129632734228,3668.258,2026-04-17 18:00:00,2026-04-17 14:00:00
2026-04-16 18:00:00,2026-04-16 14:00:00,RFC,WEST,AEP,AEPKPT,688.977,True,14,3,4,0,-0.4999999999999997,-0.8660254037844388,0.43388373911755823,-0.900968867902419,665.844,694.659,604.781,597.1706666666666,92.7127800527065,658.373,2026-04-17 18:00:00,2026-04-17 14:00:00
2026-04-16 18:00:00,2026-04-16 14:00:00,RFC,WEST,AEP,AEPOPT,8987.878,True,14,3,4,0,-0.4999999999999997,-0.8660254037844388,0.43388373911755823,-0.900968867902419,9047.726,9344.423,8839.62,8451.915041666667,786.8886554710906,8697.008,2026-04-17 18:00:00,2026-04-17 14:00:00
2026-04-16 19:00:00,2026-04-16 15:00:00,RFC,WEST,AEP,AEPAPT,4620.766,True,15,3,4,0,-0.7071067811865471,-0.7071067811865479,0.43388373911755823,-0.900968867902419,4486.144,4584.569,4194.726,4009.4790833333336,586.7688067085408,4482.698,2026-04-17 19:00:00,2026-04-17 15:00:00
2026-04-16 19:00:00,2026-04-16 15:00:00,RFC,WEST,AEP,AEPIMP,3513.496,True,15,3,4,0,-0.7071067811865471,-0.7071067811865479,0.43388373911755823,-0.900968867902419,3528.449,3772.206,3793.337,3449.155833333333,213.46946278600066,3643.057,2026-04-17 19:00:00,2026-04-17 15:00:00
2026-04-16 19:00:00,2026-04-16 15:00:00,RFC,WEST,AEP,AEPKPT,698.672,True,15,3,4,0,-0.7071067811865471,-0.7071067811865479,0.43388373911755823,-0.900968867902419,688.977,715.594,618.228,596.4655833333334,91.83318378826081,674.481,2026-04-17 19:00:00,2026-04-17 15:00:00
2026-04-16 19:00:00,2026-04-16 15:00:00,RFC,WEST,AEP,AEPOPT,8794.85,True,15,3,4,0,-0.7071067811865471,-0.7071067811865479,0.43388373911755823,-0.900968867902419,8987.878,9398.676,8960.014,8426.755625,764.6400845297987,8732.978,2026-04-17 19:00:00,2026-04-17 15:00:00
2026-04-16 20:00:00,2026-04-16 16:00:00,RFC,WEST,AEP,AEPAPT,4706.089,True,16,3,4,0,-0.8660254037844384,-0.5000000000000004,0.43388373911755823,-0.900968867902419,4620.766,4758.395,4321.722,4007.2996666666663,583.9565900072014,4559.734,2026-04-17 20:00:00,2026-04-17 16:00:00
2026-04-16 20:00:00,2026-04-16 16:00:00,RFC,WEST,AEP,AEPIMP,3502.846,True,16,3,4,0,-0.8660254037844384,-0.5000000000000004,0.43388373911755823,-0.900968867902419,3513.496,3727.417,3846.352,3439.7987083333333,205.51566994872968,3671.58,2026-04-17 20:00:00,2026-04-17 16:00:00
2026-04-16 20:00:00,2026-04-16 16:00:00,RFC,WEST,AEP,AEPKPT,676.448,True,16,3,4,0,-0.8660254037844384,-0.5000000000000004,0.43388373911755823,-0.900968867902419,698.672,728.588,637.007,594.2930833333334,89.14917972941544,687.171,2026-04-17 20:00:00,2026-04-17 16:00:00
2026-04-16 20:00:00,2026-04-16 16:00:00,RFC,WEST,AEP,AEPOPT,8802.372,True,16,3,4,0,-0.8660254037844384,-0.5000000000000004,0.43388373911755823,-0.900968867902419,8794.85,9452.434,9136.125,8399.669708333333,737.7691568113584,8970.074,2026-04-17 20:00:00,2026-04-17 16:00:00
2026-04-16 21:00:00,2026-04-16 17:00:00,RFC,WEST,AEP,AEPAPT,4717.859,True,17,3,4,0,-0.9659258262890683,-0.25881904510252063,0.43388373911755823,-0.900968867902419,4706.089,4848.992,4442.626,4001.8357916666664,576.3020782906915,4577.113,2026-04-17 21:00:00,2026-04-17 17:00:00
2026-04-16 21:00:00,2026-04-16 17:00:00,RFC,WEST,AEP,AEPIMP,3434.252,True,17,3,4,0,-0.9659258262890683,-0.25881904510252063,0.43388373911755823,-0.900968867902419,3502.846,3760.14,3931.179,3426.220041666666,193.86581890092765,3725.071,2026-04-17 21:00:00,2026-04-17 17:00:00
2026-04-16 21:00:00,2026-04-16 17:00:00,RFC,WEST,AEP,AEPKPT,653.749,True,17,3,4,0,-0.9659258262890683,-0.25881904510252063,0.43388373911755823,-0.900968867902419,676.448,730.92,648.147,591.077625,85.31634361027932,690.822,2026-04-17 21:00:00,2026-04-17 17:00:00
2026-04-16 21:00:00,2026-04-16 17:00:00,RFC,WEST,AEP,AEPOPT,8764.811,True,17,3,4,0,-0.9659258262890683,-0.25881904510252063,0.43388373911755823,-0.900968867902419,8802.372,9523.08,9247.134,8368.075166666667,702.9842251619824,8954.515,2026-04-17 21:00:00,2026-04-17 17:00:00
2026-04-16 22:00:00,2026-04-16 18:00:00,RFC,WEST,AEP,AEPAPT,4703.885,True,18,3,4,0,-1.0,-1.8369701987210297e-16,0.43388373911755823,-0.900968867902419,4717.859,4886.295,4484.413,3994.235375,565.2268714527316,4555.742,2026-04-17 22:00:00,2026-04-17 18:00:00
2026-04-16 22:00:00,2026-04-16 18:00:00,RFC,WEST,AEP,AEPIMP,3399.877,True,18,3,4,0,-1.0,-1.8369701987210297e-16,0.43388373911755823,-0.900968867902419,3434.252,3690.49,3841.559,3414.111166666667,185.53885453308112,3658.029,2026-04-17 22:00:00,2026-04-17 18:00:00
2026-04-16 22:00:00,2026-04-16 18:00:00,RFC,WEST,AEP,AEPKPT,646.255,True,18,3,4,0,-1.0,-1.8369701987210297e-16,0.43388373911755823,-0.900968867902419,653.749,720.97,644.238,587.9644999999999,81.65519278356895,669.412,2026-04-17 22:00:00,2026-04-17 18:00:00
2026-04-16 22:00:00,2026-04-16 18:00:00,RFC,WEST,AEP,AEPOPT,8760.447,True,18,3,4,0,-1.0,-1.8369701987210297e-16,0.43388373911755823,-0.900968867902419,8764.811,9436.069,9299.692,8339.92425,671.1645404410995,8931.661,2026-04-17 22:00:00,2026-04-17 18:00:00
2026-04-16 23:00:00,2026-04-16 19:00:00,RFC,WEST,AEP,AEPAPT,4633.554,True,19,3,4,0,-0.9659258262890684,0.2588190451025203,0.43388373911755823,-0.900968867902419,4703.885,4810.461,4448.933,3986.86425,555.1839727449717,4429.406,2026-04-17 23:00:00,2026-04-17 19:00:00
2026-04-16 23:00:00,2026-04-16 19:00:00,RFC,WEST,AEP,AEPIMP,3418.864,True,19,3,4,0,-0.9659258262890684,0.2588190451025203,0.43388373911755823,-0.900968867902419,3399.877,3711.648,3817.009,3401.9118333333336,174.417039339786,3658.697,2026-04-17 23:00:00,2026-04-17 19:00:00
2026-04-16 23:00:00,2026-04-16 19:00:00,RFC,WEST,AEP,AEPKPT,633.894,True,19,3,4,0,-0.9659258262890684,0.2588190451025203,0.43388373911755823,-0.900968867902419,646.255,699.078,630.944,585.2485,78.83400034524982,637.347,2026-04-17 23:00:00,2026-04-17 19:00:00
2026-04-16 23:00:00,2026-04-16 19:00:00,RFC,WEST,AEP,AEPOPT,8688.538,True,19,3,4,0,-0.9659258262890684,0.2588190451025203,0.43388373911755823,-0.900968867902419,8760.447,9311.409,9159.926,8313.971291666667,643.4352746085459,8763.033,2026-04-17 23:00:00,2026-04-17 19:00:00
2026-04-17 00:00:00,2026-04-16 20:00:00,RFC,WEST,AEP,AEPAPT,4541.621,True,20,3,4,0,-0.8660254037844386,0.5000000000000001,0.43388373911755823,-0.900968867902419,4633.554,4700.187,4434.831,3980.2573333333335,547.2123296781564,4272.72,2026-04-18 00:00:00,2026-04-17 20:00:00
2026-04-17 00:00:00,2026-04-16 20:00:00,RFC,WEST,AEP,AEPIMP,3391.922,True,20,3,4,0,-0.8660254037844386,0.5000000000000001,0.43388373911755823,-0.900968867902419,3418.864,3639.414,3770.26,3391.5996666666665,166.91970497729903,3551.548,2026-04-18 00:00:00,2026-04-17 20:00:00
2026-04-17 00:00:00,2026-04-16 20:00:00,RFC,WEST,AEP,AEPKPT,629.263,True,20,3,4,0,-0.8660254037844386,0.5000000000000001,0.43388373911755823,-0.900968867902419,633.894,686.183,636.927,582.8768333333334,76.48668502861612,617.579,2026-04-18 00:00:00,2026-04-17 20:00:00
2026-04-17 00:00:00,2026-04-16 20:00:00,RFC,WEST,AEP,AEPOPT,8631.378,True,20,3,4,0,-0.8660254037844386,0.5000000000000001,0.43388373911755823,-0.900968867902419,8688.538,9305.936,9168.686,8285.864708333333,612.194890300083,8503.73,2026-04-18 00:00:00,2026-04-17 20:00:00
2026-04-17 01:00:00,2026-04-16 21:00:00,RFC,WEST,AEP,AEPAPT,4334.903,True,21,3,4,0,-0.7071067811865477,0.7071067811865474,0.43388373911755823,-0.900968867902419,4541.621,4477.424,4262.704,3974.3189583333333,542.3340534646006,4067.675,2026-04-18 01:00:00,2026-04-17 21:00:00
2026-04-17 01:00:00,2026-04-16 21:00:00,RFC,WEST,AEP,AEPIMP,3357.815,True,21,3,4,0,-0.7071067811865477,0.7071067811865474,0.43388373911755823,-0.900968867902419,3391.922,3686.591,3760.298,3377.9006666666664,154.7013864724265,3513.284,2026-04-18 01:00:00,2026-04-17 21:00:00
2026-04-17 01:00:00,2026-04-16 21:00:00,RFC,WEST,AEP,AEPKPT,607.389,True,21,3,4,0,-0.7071067811865477,0.7071067811865474,0.43388373911755823,-0.900968867902419,629.263,652.058,609.323,581.015625,75.26376022438814,588.236,2026-04-18 01:00:00,2026-04-17 21:00:00
2026-04-17 01:00:00,2026-04-16 21:00:00,RFC,WEST,AEP,AEPOPT,8419.011,True,21,3,4,0,-0.7071067811865477,0.7071067811865474,0.43388373911755823,-0.900968867902419,8631.378,9080.775,8722.486,8258.291208333334,589.3104975806818,8260.642,2026-04-18 01:00:00,2026-04-17 21:00:00
2026-04-17 02:00:00,2026-04-16 22:00:00,RFC,WEST,AEP,AEPAPT,4035.03,True,22,3,4,0,-0.5000000000000004,0.8660254037844384,0.43388373911755823,-0.900968867902419,4334.903,4126.778,3948.088,3970.4961249999997,541.5354387002631,3777.398,2026-04-18 02:00:00,2026-04-17 22:00:00
2026-04-17 02:00:00,2026-04-16 22:00:00,RFC,WEST,AEP,AEPIMP,3306.613,True,22,3,4,0,-0.5000000000000004,0.8660254037844384,0.43388373911755823,-0.900968867902419,3357.815,3510.965,3670.225,3369.386,152.66954394462283,3385.216,2026-04-18 02:00:00,2026-04-17 22:00:00
2026-04-17 02:00:00,2026-04-16 22:00:00,RFC,WEST,AEP,AEPKPT,568.625,True,22,3,4,0,-0.5000000000000004,0.8660254037844384,0.43388373911755823,-0.900968867902419,607.389,601.864,566.513,579.6306666666667,75.1692036528069,553.528,2026-04-18 02:00:00,2026-04-17 22:00:00
2026-04-17 02:00:00,2026-04-16 22:00:00,RFC,WEST,AEP,AEPOPT,7936.599,True,22,3,4,0,-0.5000000000000004,0.8660254037844384,0.43388373911755823,-0.900968867902419,8419.011,8579.778,8168.01,8231.492083333333,588.6791893767091,7911.044,2026-04-18 02:00:00,2026-04-17 22:00:00
2026-04-17 03:00:00,2026-04-16 23:00:00,RFC,WEST,AEP,AEPAPT,3722.797,True,23,3,4,0,-0.25881904510252157,0.9659258262890681,0.43388373911755823,-0.900968867902419,4035.03,3765.04,3639.426,3968.7360000000003,542.3003662232871,3498.747,2026-04-18 03:00:00,2026-04-17 23:00:00
2026-04-17 03:00:00,2026-04-16 23:00:00,RFC,WEST,AEP,AEPIMP,3247.857,True,23,3,4,0,-0.25881904510252157,0.9659258262890681,0.43388373911755823,-0.900968867902419,3306.613,3389.229,3507.031,3363.4954999999995,154.58592142094773,3191.3,2026-04-18 03:00:00,2026-04-17 23:00:00
2026-04-17 03:00:00,2026-04-16 23:00:00,RFC,WEST,AEP,AEPKPT,531.274,True,23,3,4,0,-0.25881904510252157,0.9659258262890681,0.43388373911755823,-0.900968867902419,568.625,551.033,521.389,578.807375,75.60299175746555,518.498,2026-04-18 03:00:00,2026-04-17 23:00:00
2026-04-17 03:00:00,2026-04-16 23:00:00,RFC,WEST,AEP,AEPOPT,7494.384,True,23,3,4,0,-0.25881904510252157,0.9659258262890681,0.43388373911755823,-0.900968867902419,7936.599,8144.124,7647.068,8204.419583333334,607.5109010473027,7564.533,2026-04-18 03:00:00,2026-04-17 23:00:00
2026-04-17 04:00:00,2026-04-17 00:00:00,RFC,WEST,AEP,AEPAPT,3482.136,True,0,4,4,0,0.0,1.0,-0.433883739117558,-0.9009688679024191,3722.797,3520.754,3411.291,3967.1269166666666,543.7427602249381,3249.92,2026-04-18 04:00:00,2026-04-18 00:00:00
2026-04-17 04:00:00,2026-04-17 00:00:00,RFC,WEST,AEP,AEPIMP,3049.914,True,0,4,4,0,0.0,1.0,-0.433883739117558,-0.9009688679024191,3247.857,3198.642,3374.447,3357.2985000000003,164.16608459250324,3084.229,2026-04-18 04:00:00,2026-04-18 00:00:00
2026-04-17 04:00:00,2026-04-17 00:00:00,RFC,WEST,AEP,AEPKPT,499.082,True,0,4,4,0,0.0,1.0,-0.433883739117558,-0.9009688679024191,531.274,517.543,489.716,578.0381666666666,76.34370101898007,488.544,2026-04-18 04:00:00,2026-04-18 00:00:00
2026-04-17 04:00:00,2026-04-17 00:00:00,RFC,WEST,AEP,AEPOPT,7175.313,True,0,4,4,0,0.0,1.0,-0.433883739117558,-0.9009688679024191,7494.384,7717.523,7323.251,8181.827499999999,635.826774536224,7152.227,2026-04-18 04:00:00,2026-04-18 00:00:00
2026-04-17 05:00:00,2026-04-17 01:00:00,RFC,WEST,AEP,AEPAPT,3337.034,True,1,4,4,0,0.25881904510252074,0.9659258262890683,-0.433883739117558,-0.9009688679024191,3482.136,3349.924,3265.07,3966.5898333333334,544.3848971693247,3076.993,2026-04-18 05:00:00,2026-04-18 01:00:00
2026-04-17 05:00:00,2026-04-17 01:00:00,RFC,WEST,AEP,AEPIMP,3047.003,True,1,4,4,0,0.25881904510252074,0.9659258262890683,-0.433883739117558,-0.9009688679024191,3049.914,3201.09,3324.523,3350.8782083333335,173.29975224723435,2947.325,2026-04-18 05:00:00,2026-04-18 01:00:00
2026-04-17 05:00:00,2026-04-17 01:00:00,RFC,WEST,AEP,AEPKPT,481.648,True,1,4,4,0,0.25881904510252074,0.9659258262890683,-0.433883739117558,-0.9009688679024191,499.082,491.948,476.741,577.609,76.8757955852791,474.728,2026-04-18 05:00:00,2026-04-18 01:00:00
2026-04-17 05:00:00,2026-04-17 01:00:00,RFC,WEST,AEP,AEPOPT,6992.73,True,1,4,4,0,0.25881904510252074,0.9659258262890683,-0.433883739117558,-0.9009688679024191,7175.313,7500.802,7201.711,8160.657833333334,667.1725617327362,6848.705,2026-04-18 05:00:00,2026-04-18 01:00:00
2026-04-17 06:00:00,2026-04-17 02:00:00,RFC,WEST,AEP,AEPAPT,3238.976,True,2,4,4,0,0.49999999999999994,0.8660254037844387,-0.433883739117558,-0.9009688679024191,3337.034,3214.159,3164.483,3967.6238749999998,542.9151244345331,2998.913,2026-04-18 06:00:00,2026-04-18 02:00:00
2026-04-17 06:00:00,2026-04-17 02:00:00,RFC,WEST,AEP,AEPIMP,2961.097,True,2,4,4,0,0.49999999999999994,0.8660254037844387,-0.433883739117558,-0.9009688679024191,3047.003,3126.07,3222.419,3344.0043333333338,185.45023368774332,2954.725,2026-04-18 06:00:00,2026-04-18 02:00:00
2026-04-17 06:00:00,2026-04-17 02:00:00,RFC,WEST,AEP,AEPKPT,471.959,True,2,4,4,0,0.49999999999999994,0.8660254037844387,-0.433883739117558,-0.9009688679024191,481.648,472.178,461.678,577.599875,76.88886602233863,462.509,2026-04-18 06:00:00,2026-04-18 02:00:00
2026-04-17 06:00:00,2026-04-17 02:00:00,RFC,WEST,AEP,AEPOPT,6900.924,True,2,4,4,0,0.49999999999999994,0.8660254037844387,-0.433883739117558,-0.9009688679024191,6992.73,7372.592,7102.023,8141.005,697.6467956654482,6809.843,2026-04-18 06:00:00,2026-04-18 02:00:00
2026-04-17 07:00:00,2026-04-17 03:00:00,RFC,WEST,AEP,AEPAPT,3185.66,True,3,4,4,0,0.7071067811865475,0.7071067811865476,-0.433883739117558,-0.9009688679024191,3238.976,3158.873,3120.37,3968.74,541.205047140817,2948.192,2026-04-18 07:00:00,2026-04-18 03:00:00
2026-04-17 07:00:00,2026-04-17 03:00:00,RFC,WEST,AEP,AEPIMP,2969.124,True,3,4,4,0,0.7071067811865475,0.7071067811865476,-0.433883739117558,-0.9009688679024191,2961.097,3083.334,3151.621,3339.2455833333333,193.71133788996755,2894.649,2026-04-18 07:00:00,2026-04-18 03:00:00
2026-04-17 07:00:00,2026-04-17 03:00:00,RFC,WEST,AEP,AEPKPT,465.106,True,3,4,4,0,0.7071067811865475,0.7071067811865476,-0.433883739117558,-0.9009688679024191,471.959,469.72,457.834,577.4076249999999,77.17556635181163,457.632,2026-04-18 07:00:00,2026-04-18 03:00:00
2026-04-17 07:00:00,2026-04-17 03:00:00,RFC,WEST,AEP,AEPOPT,6770.843,True,3,4,4,0,0.7071067811865475,0.7071067811865476,-0.433883739117558,-0.9009688679024191,6900.924,7200.305,7087.882,8123.11075,727.68533274745,6715.107,2026-04-18 07:00:00,2026-04-18 03:00:00
2026-04-17 08:00:00,2026-04-17 04:00:00,RFC,WEST,AEP,AEPAPT,3205.453,True,4,4,4,0,0.8660254037844386,0.5000000000000001,-0.433883739117558,-0.9009688679024191,3185.66,3186.169,3161.781,3969.5434999999998,540.0056742777545,2935.306,2026-04-18 08:00:00,2026-04-18 04:00:00
2026-04-17 08:00:00,2026-04-17 04:00:00,RFC,WEST,AEP,AEPIMP,3034.895,True,4,4,4,0,0.8660254037844386,0.5000000000000001,-0.433883739117558,-0.9009688679024191,2969.124,3106.933,3202.576,3336.244,197.97867792132624,2967.127,2026-04-18 08:00:00,2026-04-18 04:00:00
2026-04-17 08:00:00,2026-04-17 04:00:00,RFC,WEST,AEP,AEPKPT,464.824,True,4,4,4,0,0.8660254037844386,0.5000000000000001,-0.433883739117558,-0.9009688679024191,465.106,470.378,463.282,577.1762083333334,77.51802361581846,455.975,2026-04-18 08:00:00,2026-04-18 04:00:00
2026-04-17 08:00:00,2026-04-17 04:00:00,RFC,WEST,AEP,AEPOPT,6832.465,True,4,4,4,0,0.8660254037844386,0.5000000000000001,-0.433883739117558,-0.9009688679024191,6770.843,7258.965,7178.804,8105.339916666667,754.4227858244533,6700.583,2026-04-18 08:00:00,2026-04-18 04:00:00
2026-04-17 09:00:00,2026-04-17 05:00:00,RFC,WEST,AEP,AEPAPT,3337.699,True,5,4,4,0,0.9659258262890683,0.25881904510252074,-0.433883739117558,-0.9009688679024191,3205.453,3291.227,3256.325,3971.4798333333333,537.5453534970953,2973.81,2026-04-18 09:00:00,2026-04-18 05:00:00
2026-04-17 09:00:00,2026-04-17 05:00:00,RFC,WEST,AEP,AEPIMP,3040.901,True,5,4,4,0,0.9659258262890683,0.25881904510252074,-0.433883739117558,-0.9009688679024191,3034.895,3126.952,3307.019,3332.658541666667,202.65773492505204,3016.411,2026-04-18 09:00:00,2026-04-18 05:00:00
2026-04-17 09:00:00,2026-04-17 05:00:00,RFC,WEST,AEP,AEPKPT,474.374,True,5,4,4,0,0.9659258262890683,0.25881904510252074,-0.433883739117558,-0.9009688679024191,464.824,482.55,481.264,576.8355416666667,77.96861160692349,459.897,2026-04-18 09:00:00,2026-04-18 05:00:00
2026-04-17 09:00:00,2026-04-17 05:00:00,RFC,WEST,AEP,AEPOPT,7049.659,True,5,4,4,0,0.9659258262890683,0.25881904510252074,-0.433883739117558,-0.9009688679024191,6832.465,7442.283,7391.943,8088.980583333334,773.4431957141518,6831.018,2026-04-18 09:00:00,2026-04-18 05:00:00
2026-04-17 10:00:00,2026-04-17 06:00:00,RFC,WEST,AEP,AEPAPT,3557.258,True,6,4,4,0,1.0,6.123233995736766e-17,-0.433883739117558,-0.9009688679024191,3337.699,3531.802,3499.04,3972.5405000000005,536.6644685818684,3064.456,2026-04-18 10:00:00,2026-04-18 06:00:00
2026-04-17 10:00:00,2026-04-17 06:00:00,RFC,WEST,AEP,AEPIMP,3226.207,True,6,4,4,0,1.0,6.123233995736766e-17,-0.433883739117558,-0.9009688679024191,3040.901,3308.92,3509.01,3329.2121666666667,203.77918307103738,3068.954,2026-04-18 10:00:00,2026-04-18 06:00:00
2026-04-17 10:00:00,2026-04-17 06:00:00,RFC,WEST,AEP,AEPKPT,502.192,True,6,4,4,0,1.0,6.123233995736766e-17,-0.433883739117558,-0.9009688679024191,474.374,511.904,522.419,576.4308749999999,78.3445634174491,467.298,2026-04-18 10:00:00,2026-04-18 06:00:00
2026-04-17 10:00:00,2026-04-17 06:00:00,RFC,WEST,AEP,AEPOPT,7359.586,True,6,4,4,0,1.0,6.123233995736766e-17,-0.433883739117558,-0.9009688679024191,7049.659,7792.316,7759.084,8070.9501666666665,785.6079050758814,6978.352,2026-04-18 10:00:00,2026-04-18 06:00:00
2026-04-17 11:00:00,2026-04-17 07:00:00,RFC,WEST,AEP,AEPAPT,3662.827,True,7,4,4,0,0.9659258262890683,-0.25881904510252063,-0.433883739117558,-0.9009688679024191,3557.258,3665.32,3616.275,3972.436625,536.7267562364195,3130.194,2026-04-18 11:00:00,2026-04-18 07:00:00
2026-04-17 11:00:00,2026-04-17 07:00:00,RFC,WEST,AEP,AEPIMP,3368.025,True,7,4,4,0,0.9659258262890683,-0.25881904510252063,-0.433883739117558,-0.9009688679024191,3226.207,3425.688,3646.859,3326.809541666666,202.93041026848397,3116.377,2026-04-18 11:00:00,2026-04-18 07:00:00
2026-04-17 11:00:00,2026-04-17 07:00:00,RFC,WEST,AEP,AEPKPT,519.864,True,7,4,4,0,0.9659258262890683,-0.25881904510252063,-0.433883739117558,-0.9009688679024191,502.192,526.511,536.938,576.1539166666668,78.54021420178563,473.4,2026-04-18 11:00:00,2026-04-18 07:00:00
2026-04-17 11:00:00,2026-04-17 07:00:00,RFC,WEST,AEP,AEPOPT,7604.667,True,7,4,4,0,0.9659258262890683,-0.25881904510252063,-0.433883739117558,-0.9009688679024191,7359.586,7980.784,7986.197,8055.278625,791.2161984695989,7077.168,2026-04-18 11:00:00,2026-04-18 07:00:00
2026-04-17 12:00:00,2026-04-17 08:00:00,RFC,WEST,AEP,AEPAPT,3734.771,True,8,4,4,0,0.8660254037844387,-0.4999999999999998,-0.433883739117558,-0.9009688679024191,3662.827,3694.702,3626.326,3974.106166666667,535.8869356861574,3214.711,2026-04-18 12:00:00,2026-04-18 08:00:00
2026-04-17 12:00:00,2026-04-17 08:00:00,RFC,WEST,AEP,AEPIMP,3467.258,True,8,4,4,0,0.8660254037844387,-0.4999999999999998,-0.433883739117558,-0.9009688679024191,3368.025,3457.806,3672.303,3327.2033749999996,203.20467913450102,3078.481,2026-04-18 12:00:00,2026-04-18 08:00:00
2026-04-17 12:00:00,2026-04-17 08:00:00,RFC,WEST,AEP,AEPKPT,529.008,True,8,4,4,0,0.8660254037844387,-0.4999999999999998,-0.433883739117558,-0.9009688679024191,519.864,543.451,545.997,575.552125,78.8563817550963,492.856,2026-04-18 12:00:00,2026-04-18 08:00:00
2026-04-17 12:00:00,2026-04-17 08:00:00,RFC,WEST,AEP,AEPOPT,7827.729,True,8,4,4,0,0.8660254037844387,-0.4999999999999998,-0.433883739117558,-0.9009688679024191,7604.667,8090.741,8258.863,8044.319791666666,792.5240256871123,7383.423,2026-04-18 12:00:00,2026-04-18 08:00:00
2026-04-17 13:00:00,2026-04-17 09:00:00,RFC,WEST,AEP,AEPAPT,3787.006,True,9,4,4,0,0.7071067811865476,-0.7071067811865475,-0.433883739117558,-0.9009688679024191,3734.771,3754.896,3651.47,3975.4440833333333,535.3556718989963,3281.575,2026-04-18 13:00:00,2026-04-18 09:00:00
2026-04-17 13:00:00,2026-04-17 09:00:00,RFC,WEST,AEP,AEPIMP,3504.947,True,9,4,4,0,0.7071067811865476,-0.7071067811865475,-0.433883739117558,-0.9009688679024191,3467.258,3437.683,3712.767,3330.006041666667,205.24828945184697,3222.122,2026-04-18 13:00:00,2026-04-18 09:00:00
2026-04-17 13:00:00,2026-04-17 09:00:00,RFC,WEST,AEP,AEPKPT,549.314,True,9,4,4,0,0.7071067811865476,-0.7071067811865475,-0.433883739117558,-0.9009688679024191,529.008,564.384,554.867,574.9242083333334,79.00902952909036,507.682,2026-04-18 13:00:00,2026-04-18 09:00:00
2026-04-17 13:00:00,2026-04-17 09:00:00,RFC,WEST,AEP,AEPOPT,7959.619,True,9,4,4,0,0.7071067811865476,-0.7071067811865475,-0.433883739117558,-0.9009688679024191,7827.729,8321.139,8318.213,8029.256458333333,790.4668206176608,7576.11,2026-04-18 13:00:00,2026-04-18 09:00:00
2026-04-17 14:00:00,2026-04-17 10:00:00,RFC,WEST,AEP,AEPAPT,3883.984,True,10,4,4,0,0.49999999999999994,-0.8660254037844387,-0.433883739117558,-0.9009688679024191,3787.006,3888.197,3706.206,3975.268541666667,535.3862136540117,3413.936,2026-04-18 14:00:00,2026-04-18 10:00:00
2026-04-17 14:00:00,2026-04-17 10:00:00,RFC,WEST,AEP,AEPIMP,3451.416,True,10,4,4,0,0.49999999999999994,-0.8660254037844387,-0.433883739117558,-0.9009688679024191,3504.947,3520.251,3749.801,3327.1379166666666,202.9422271457082,3329.747,2026-04-18 14:00:00,2026-04-18 10:00:00
2026-04-17 14:00:00,2026-04-17 10:00:00,RFC,WEST,AEP,AEPKPT,575.229,True,10,4,4,0,0.49999999999999994,-0.8660254037844387,-0.433883739117558,-0.9009688679024191,549.314,589.984,575.315,574.3094166666666,78.94412980512517,534.944,2026-04-18 14:00:00,2026-04-18 10:00:00
2026-04-17 14:00:00,2026-04-17 10:00:00,RFC,WEST,AEP,AEPOPT,8149.972,True,10,4,4,0,0.49999999999999994,-0.8660254037844387,-0.433883739117558,-0.9009688679024191,7959.619,8433.422,8467.44,8017.446041666667,786.2719981788865,7881.808,2026-04-18 14:00:00,2026-04-18 10:00:00
2026-04-17 15:00:00,2026-04-17 11:00:00,RFC,WEST,AEP,AEPAPT,3996.429,True,11,4,4,0,0.258819045102521,-0.9659258262890682,-0.433883739117558,-0.9009688679024191,3883.984,4015.159,3847.529,3974.488125,535.3391873932778,3563.756,2026-04-18 15:00:00,2026-04-18 11:00:00
2026-04-17 15:00:00,2026-04-17 11:00:00,RFC,WEST,AEP,AEPIMP,3593.709,True,11,4,4,0,0.258819045102521,-0.9659258262890682,-0.433883739117558,-0.9009688679024191,3451.416,3515.319,3798.529,3330.4041666666667,206.6986437831536,3320.369,2026-04-18 15:00:00,2026-04-18 11:00:00
2026-04-17 15:00:00,2026-04-17 11:00:00,RFC,WEST,AEP,AEPKPT,595.553,True,11,4,4,0,0.258819045102521,-0.9659258262890682,-0.433883739117558,-0.9009688679024191,575.229,614.449,598.464,573.5220833333334,78.61996254349545,552.584,2026-04-18 15:00:00,2026-04-18 11:00:00
2026-04-17 15:00:00,2026-04-17 11:00:00,RFC,WEST,AEP,AEPOPT,8219.147,True,11,4,4,0,0.258819045102521,-0.9659258262890682,-0.433883739117558,-0.9009688679024191,8149.972,8611.723,8662.641,8001.088708333334,777.4048451393467,7968.884,2026-04-18 15:00:00,2026-04-18 11:00:00
2026-04-17 16:00:00,2026-04-17 12:00:00,RFC,WEST,AEP,AEPAPT,4110.203,True,12,4,4,0,1.2246467991473532e-16,-1.0,-0.433883739117558,-0.9009688679024191,3996.429,4140.226,4043.16,3973.2371666666672,534.9700103101796,3710.386,2026-04-18 16:00:00,2026-04-18 12:00:00
2026-04-17 16:00:00,2026-04-17 12:00:00,RFC,WEST,AEP,AEPIMP,3604.869,True,12,4,4,0,1.2246467991473532e-16,-1.0,-0.433883739117558,-0.9009688679024191,3593.709,3554.108,3887.035,3332.519208333333,209.33016909220242,3264.746,2026-04-18 16:00:00,2026-04-18 12:00:00
2026-04-17 16:00:00,2026-04-17 12:00:00,RFC,WEST,AEP,AEPKPT,622.293,True,12,4,4,0,1.2246467991473532e-16,-1.0,-0.433883739117558,-0.9009688679024191,595.553,635.987,626.751,572.9515,78.19545985597249,570.03,2026-04-18 16:00:00,2026-04-18 12:00:00
2026-04-17 16:00:00,2026-04-17 12:00:00,RFC,WEST,AEP,AEPOPT,8388.904,True,12,4,4,0,1.2246467991473532e-16,-1.0,-0.433883739117558,-0.9009688679024191,8219.147,8855.481,8974.551,7981.648000000001,760.7657660907557,7998.8,2026-04-18 16:00:00,2026-04-18 12:00:00
2026-04-17 17:00:00,2026-04-17 13:00:00,RFC,WEST,AEP,AEPAPT,4260.961,True,13,4,4,0,-0.2588190451025208,-0.9659258262890683,-0.433883739117558,-0.9009688679024191,4110.203,4335.608,4250.958,3970.126875,532.9849163333753,3893.252,2026-04-18 17:00:00,2026-04-18 13:00:00
2026-04-17 17:00:00,2026-04-17 13:00:00,RFC,WEST,AEP,AEPIMP,3628.484,True,13,4,4,0,-0.2588190451025208,-0.9659258262890683,-0.433883739117558,-0.9009688679024191,3604.869,3559.105,3919.935,3335.41,213.0414564275709,3278.742,2026-04-18 17:00:00,2026-04-18 13:00:00
2026-04-17 17:00:00,2026-04-17 13:00:00,RFC,WEST,AEP,AEPKPT,637.543,True,13,4,4,0,-0.2588190451025208,-0.9659258262890683,-0.433883739117558,-0.9009688679024191,622.293,665.844,664.485,571.7722916666667,76.93697624311093,590.819,2026-04-18 17:00:00,2026-04-18 13:00:00
2026-04-17 17:00:00,2026-04-17 13:00:00,RFC,WEST,AEP,AEPOPT,8537.605,True,13,4,4,0,-0.2588190451025208,-0.9659258262890683,-0.433883739117558,-0.9009688679024191,8388.904,9047.726,9110.059,7960.392958333333,736.4222533519451,7928.83,2026-04-18 17:00:00,2026-04-18 13:00:00
2026-04-17 18:00:00,2026-04-17 14:00:00,RFC,WEST,AEP,AEPAPT,4379.556,True,14,4,4,0,-0.4999999999999997,-0.8660254037844388,-0.433883739117558,-0.9009688679024191,4260.961,4486.144,4439.75,3965.685708333333,528.9268192961439,4083.571,2026-04-18 18:00:00,2026-04-18 14:00:00
2026-04-17 18:00:00,2026-04-17 14:00:00,RFC,WEST,AEP,AEPIMP,3668.258,True,14,4,4,0,-0.4999999999999997,-0.8660254037844388,-0.433883739117558,-0.9009688679024191,3628.484,3528.449,3867.626,3341.235375,220.33596139567328,3260.541,2026-04-18 18:00:00,2026-04-18 14:00:00
2026-04-17 18:00:00,2026-04-17 14:00:00,RFC,WEST,AEP,AEPKPT,658.373,True,14,4,4,0,-0.4999999999999997,-0.8660254037844388,-0.433883739117558,-0.9009688679024191,637.543,688.977,694.659,570.497125,75.14263973231351,601.542,2026-04-18 18:00:00,2026-04-18 14:00:00
2026-04-17 18:00:00,2026-04-17 14:00:00,RFC,WEST,AEP,AEPOPT,8697.008,True,14,4,4,0,-0.4999999999999997,-0.8660254037844388,-0.433883739117558,-0.9009688679024191,8537.605,8987.878,9344.423,7948.273375,721.0095246277853,7875.641,2026-04-18 18:00:00,2026-04-18 14:00:00
2026-04-17 19:00:00,2026-04-17 15:00:00,RFC,WEST,AEP,AEPAPT,4482.698,True,15,4,4,0,-0.7071067811865471,-0.7071067811865479,-0.433883739117558,-0.9009688679024191,4379.556,4620.766,4584.569,3959.932875,522.2001774656496,4240.6,2026-04-18 19:00:00,2026-04-18 15:00:00
2026-04-17 19:00:00,2026-04-17 15:00:00,RFC,WEST,AEP,AEPIMP,3643.057,True,15,4,4,0,-0.7071067811865471,-0.7071067811865479,-0.433883739117558,-0.9009688679024191,3668.258,3513.496,3772.206,3346.6337500000004,226.24781304390598,3222.281,2026-04-18 19:00:00,2026-04-18 15:00:00
2026-04-17 19:00:00,2026-04-17 15:00:00,RFC,WEST,AEP,AEPKPT,674.481,True,15,4,4,0,-0.7071067811865471,-0.7071067811865479,-0.433883739117558,-0.9009688679024191,658.373,698.672,715.594,569.4891666666666,73.4926909099704,599.576,2026-04-18 19:00:00,2026-04-18 15:00:00
2026-04-17 19:00:00,2026-04-17 15:00:00,RFC,WEST,AEP,AEPOPT,8732.978,True,15,4,4,0,-0.7071067811865471,-0.7071067811865479,-0.433883739117558,-0.9009688679024191,8697.008,8794.85,9398.676,7945.695375,717.9550899232955,7769.739,2026-04-18 19:00:00,2026-04-18 15:00:00
2026-04-17 20:00:00,2026-04-17 16:00:00,RFC,WEST,AEP,AEPAPT,4559.734,True,16,4,4,0,-0.8660254037844384,-0.5000000000000004,-0.433883739117558,-0.9009688679024191,4482.698,4706.089,4758.395,3953.83475,513.8964334220789,4276.812,2026-04-18 20:00:00,2026-04-18 16:00:00
2026-04-17 20:00:00,2026-04-17 16:00:00,RFC,WEST,AEP,AEPIMP,3671.58,True,16,4,4,0,-0.8660254037844384,-0.5000000000000004,-0.433883739117558,-0.9009688679024191,3643.057,3502.846,3727.417,3353.6643333333336,233.80846646210318,3218.843,2026-04-18 20:00:00,2026-04-18 16:00:00
2026-04-17 20:00:00,2026-04-17 16:00:00,RFC,WEST,AEP,AEPKPT,687.171,True,16,4,4,0,-0.8660254037844384,-0.5000000000000004,-0.433883739117558,-0.9009688679024191,674.481,676.448,728.588,569.9359583333334,74.20039555647504,593.94,2026-04-18 20:00:00,2026-04-18 16:00:00
2026-04-17 20:00:00,2026-04-17 16:00:00,RFC,WEST,AEP,AEPOPT,8970.074,True,16,4,4,0,-0.8660254037844384,-0.5000000000000004,-0.433883739117558,-0.9009688679024191,8732.978,8802.372,9452.434,7952.682958333334,727.4091502278895,7740.106,2026-04-18 20:00:00,2026-04-18 16:00:00
2026-04-17 21:00:00,2026-04-17 17:00:00,RFC,WEST,AEP,AEPAPT,4577.113,True,17,4,4,0,-0.9659258262890683,-0.25881904510252063,-0.433883739117558,-0.9009688679024191,4559.734,4717.859,4848.992,3947.970333333333,505.53359014864486,4312.26,2026-04-18 21:00:00,2026-04-18 17:00:00
2026-04-17 21:00:00,2026-04-17 17:00:00,RFC,WEST,AEP,AEPIMP,3725.071,True,17,4,4,0,-0.9659258262890683,-0.25881904510252063,-0.433883739117558,-0.9009688679024191,3671.58,3434.252,3760.14,3365.781791666667,245.41462073892657,3190.337,2026-04-18 21:00:00,2026-04-18 17:00:00
2026-04-17 21:00:00,2026-04-17 17:00:00,RFC,WEST,AEP,AEPKPT,690.822,True,17,4,4,0,-0.9659258262890683,-0.25881904510252063,-0.433883739117558,-0.9009688679024191,687.171,653.749,730.92,571.4806666666667,76.37510756025567,588.844,2026-04-18 21:00:00,2026-04-18 17:00:00
2026-04-17 21:00:00,2026-04-17 17:00:00,RFC,WEST,AEP,AEPOPT,8954.515,True,17,4,4,0,-0.9659258262890683,-0.25881904510252063,-0.433883739117558,-0.9009688679024191,8970.074,8764.811,9523.08,7960.587291666667,737.577399098739,7625.452,2026-04-18 21:00:00,2026-04-18 17:00:00
2026-04-17 22:00:00,2026-04-17 18:00:00,RFC,WEST,AEP,AEPAPT,4555.742,True,18,4,4,0,-1.0,-1.8369701987210297e-16,-0.433883739117558,-0.9009688679024191,4577.113,4703.885,4886.295,3941.7977083333335,496.7302580052407,4273.041,2026-04-18 22:00:00,2026-04-18 18:00:00
2026-04-17 22:00:00,2026-04-17 18:00:00,RFC,WEST,AEP,AEPIMP,3658.029,True,18,4,4,0,-1.0,-1.8369701987210297e-16,-0.433883739117558,-0.9009688679024191,3725.071,3399.877,3690.49,3376.5381249999996,252.52816530392127,3092.672,2026-04-18 22:00:00,2026-04-18 18:00:00
2026-04-17 22:00:00,2026-04-17 18:00:00,RFC,WEST,AEP,AEPKPT,669.412,True,18,4,4,0,-1.0,-1.8369701987210297e-16,-0.433883739117558,-0.9009688679024191,690.822,646.255,720.97,572.4455416666666,77.49883975960667,577.004,2026-04-18 22:00:00,2026-04-18 18:00:00
2026-04-17 22:00:00,2026-04-17 18:00:00,RFC,WEST,AEP,AEPOPT,8931.661,True,18,4,4,0,-1.0,-1.8369701987210297e-16,-0.433883739117558,-0.9009688679024191,8954.515,8760.447,9436.069,7967.721208333333,746.4250106428175,7489.312,2026-04-18 22:00:00,2026-04-18 18:00:00
2026-04-17 23:00:00,2026-04-17 19:00:00,RFC,WEST,AEP,AEPAPT,4429.406,True,19,4,4,0,-0.9659258262890684,0.2588190451025203,-0.433883739117558,-0.9009688679024191,4555.742,4633.554,4810.461,3933.291541666667,486.0014490111661,4181.912,2026-04-18 23:00:00,2026-04-18 19:00:00
2026-04-17 23:00:00,2026-04-17 19:00:00,RFC,WEST,AEP,AEPIMP,3658.697,True,19,4,4,0,-0.9659258262890684,0.2588190451025203,-0.433883739117558,-0.9009688679024191,3658.029,3418.864,3711.648,3386.531166666666,258.93984513239127,3160.946,2026-04-18 23:00:00,2026-04-18 19:00:00
2026-04-17 23:00:00,2026-04-17 19:00:00,RFC,WEST,AEP,AEPKPT,637.347,True,19,4,4,0,-0.9659258262890684,0.2588190451025203,-0.433883739117558,-0.9009688679024191,669.412,633.894,699.078,572.5894166666667,77.62098641471133,567.645,2026-04-18 23:00:00,2026-04-18 19:00:00
2026-04-17 23:00:00,2026-04-17 19:00:00,RFC,WEST,AEP,AEPOPT,8763.033,True,19,4,4,0,-0.9659258262890684,0.2588190451025203,-0.433883739117558,-0.9009688679024191,8931.661,8688.538,9311.409,7970.8251666666665,749.7005080071285,7395.245,2026-04-18 23:00:00,2026-04-18 19:00:00
2026-04-18 00:00:00,2026-04-17 20:00:00,RFC,WEST,AEP,AEPAPT,4272.72,True,20,4,4,0,-0.8660254037844386,0.5000000000000001,-0.433883739117558,-0.9009688679024191,4429.406,4541.621,4700.187,3922.087333333333,474.32673199550385,4090.558,2026-04-19 00:00:00,2026-04-18 20:00:00
2026-04-18 00:00:00,2026-04-17 20:00:00,RFC,WEST,AEP,AEPIMP,3551.548,True,20,4,4,0,-0.8660254037844386,0.5000000000000001,-0.433883739117558,-0.9009688679024191,3658.697,3391.922,3639.414,3393.1822500000003,261.1251745899442,3134.647,2026-04-19 00:00:00,2026-04-18 20:00:00
2026-04-18 00:00:00,2026-04-17 20:00:00,RFC,WEST,AEP,AEPKPT,617.579,True,20,4,4,0,-0.8660254037844386,0.5000000000000001,-0.433883739117558,-0.9009688679024191,637.347,629.263,686.183,572.1025833333334,77.28599699811602,557.318,2026-04-19 00:00:00,2026-04-18 20:00:00
2026-04-18 00:00:00,2026-04-17 20:00:00,RFC,WEST,AEP,AEPOPT,8503.73,True,20,4,4,0,-0.8660254037844386,0.5000000000000001,-0.433883739117558,-0.9009688679024191,8763.033,8631.378,9305.936,7965.5065,745.250123983597,7401.917,2026-04-19 00:00:00,2026-04-18 20:00:00
2026-04-18 01:00:00,2026-04-17 21:00:00,RFC,WEST,AEP,AEPAPT,4067.675,True,21,4,4,0,-0.7071067811865477,0.7071067811865474,-0.433883739117558,-0.9009688679024191,4272.72,4334.903,4477.424,3910.9528333333333,467.29927398045993,3901.058,2026-04-19 01:00:00,2026-04-18 21:00:00
2026-04-18 01:00:00,2026-04-17 21:00:00,RFC,WEST,AEP,AEPIMP,3513.284,True,21,4,4,0,-0.7071067811865477,0.7071067811865474,-0.433883739117558,-0.9009688679024191,3551.548,3357.815,3686.591,3399.6601250000003,262.13609854910743,3126.38,2026-04-19 01:00:00,2026-04-18 21:00:00
2026-04-18 01:00:00,2026-04-17 21:00:00,RFC,WEST,AEP,AEPKPT,588.236,True,21,4,4,0,-0.7071067811865477,0.7071067811865474,-0.433883739117558,-0.9009688679024191,617.579,607.389,652.058,571.3045416666666,77.00416523910992,548.04,2026-04-19 01:00:00,2026-04-18 21:00:00
2026-04-18 01:00:00,2026-04-17 21:00:00,RFC,WEST,AEP,AEPOPT,8260.642,True,21,4,4,0,-0.7071067811865477,0.7071067811865474,-0.433883739117558,-0.9009688679024191,8503.73,8419.011,9080.775,7958.907791666667,741.752970388507,7349.78,2026-04-19 01:00:00,2026-04-18 21:00:00
2026-04-18 02:00:00,2026-04-17 22:00:00,RFC,WEST,AEP,AEPAPT,3777.398,True,22,4,4,0,-0.5000000000000004,0.8660254037844384,-0.433883739117558,-0.9009688679024191,4067.675,4035.03,4126.778,3900.218166666667,467.28420828634404,3677.714,2026-04-19 02:00:00,2026-04-18 22:00:00
2026-04-18 02:00:00,2026-04-17 22:00:00,RFC,WEST,AEP,AEPIMP,3385.216,True,22,4,4,0,-0.5000000000000004,0.8660254037844384,-0.433883739117558,-0.9009688679024191,3513.284,3306.613,3510.965,3402.9352500000005,261.4130594825366,3038.278,2026-04-19 02:00:00,2026-04-18 22:00:00
2026-04-18 02:00:00,2026-04-17 22:00:00,RFC,WEST,AEP,AEPKPT,553.528,True,22,4,4,0,-0.5000000000000004,0.8660254037844384,-0.433883739117558,-0.9009688679024191,588.236,568.625,601.864,570.6754999999999,77.08862277867654,518.866,2026-04-19 02:00:00,2026-04-18 22:00:00
2026-04-18 02:00:00,2026-04-17 22:00:00,RFC,WEST,AEP,AEPOPT,7911.044,True,22,4,4,0,-0.5000000000000004,0.8660254037844384,-0.433883739117558,-0.9009688679024191,8260.642,7936.599,8579.778,7957.843,741.8047275705974,7053.773,2026-04-19 02:00:00,2026-04-18 22:00:00
2026-04-18 03:00:00,2026-04-17 23:00:00,RFC,WEST,AEP,AEPAPT,3498.747,True,23,4,4,0,-0.25881904510252157,0.9659258262890681,-0.433883739117558,-0.9009688679024191,3777.398,3722.797,3765.04,3890.88275,473.183641499212,3447.022,2026-04-19 03:00:00,2026-04-18 23:00:00
2026-04-18 03:00:00,2026-04-17 23:00:00,RFC,WEST,AEP,AEPIMP,3191.3,True,23,4,4,0,-0.25881904510252157,0.9659258262890681,-0.433883739117558,-0.9009688679024191,3385.216,3247.857,3389.229,3400.578708333333,263.121153517846,2961.102,2026-04-19 03:00:00,2026-04-18 23:00:00
2026-04-18 03:00:00,2026-04-17 23:00:00,RFC,WEST,AEP,AEPKPT,518.498,True,23,4,4,0,-0.25881904510252157,0.9659258262890681,-0.433883739117558,-0.9009688679024191,553.528,531.274,551.033,570.1431666666666,77.41595575829996,502.869,2026-04-19 03:00:00,2026-04-18 23:00:00
2026-04-18 03:00:00,2026-04-17 23:00:00,RFC,WEST,AEP,AEPOPT,7564.533,True,23,4,4,0,-0.25881904510252157,0.9659258262890681,-0.433883739117558,-0.9009688679024191,7911.044,7494.384,8144.124,7960.765875,740.035290378267,6806.44,2026-04-19 03:00:00,2026-04-18 23:00:00
2026-04-18 04:00:00,2026-04-18 00:00:00,RFC,WEST,AEP,AEPAPT,3249.92,True,0,5,4,1,0.0,1.0,-0.9749279121818236,-0.2225209339563146,3498.747,3482.136,3520.754,3881.2070833333332,484.1521474853609,3253.279,2026-04-19 04:00:00,2026-04-19 00:00:00
2026-04-18 04:00:00,2026-04-18 00:00:00,RFC,WEST,AEP,AEPIMP,3084.229,True,0,5,4,1,0.0,1.0,-0.9749279121818236,-0.2225209339563146,3191.3,3049.914,3198.642,3402.0085,261.2191641754491,2841.121,2026-04-19 04:00:00,2026-04-19 00:00:00
2026-04-18 04:00:00,2026-04-18 00:00:00,RFC,WEST,AEP,AEPKPT,488.544,True,0,5,4,1,0.0,1.0,-0.9749279121818236,-0.2225209339563146,518.498,499.082,517.543,569.7040833333334,77.86510137238584,498.038,2026-04-19 04:00:00,2026-04-19 00:00:00
2026-04-18 04:00:00,2026-04-18 00:00:00,RFC,WEST,AEP,AEPOPT,7152.227,True,0,5,4,1,0.0,1.0,-0.9749279121818236,-0.2225209339563146,7564.533,7175.313,7717.523,7959.803958333334,741.1148476349077,6677.409,2026-04-19 04:00:00,2026-04-19 00:00:00
2026-04-18 05:00:00,2026-04-18 01:00:00,RFC,WEST,AEP,AEPAPT,3076.993,True,1,5,4,1,0.25881904510252074,0.9659258262890683,-0.9749279121818236,-0.2225209339563146,3249.92,3337.034,3349.924,3870.372041666667,499.5256156627579,3140.084,2026-04-19 05:00:00,2026-04-19 01:00:00
2026-04-18 05:00:00,2026-04-18 01:00:00,RFC,WEST,AEP,AEPIMP,2947.325,True,1,5,4,1,0.25881904510252074,0.9659258262890683,-0.9749279121818236,-0.2225209339563146,3084.229,3047.003,3201.09,3397.85525,267.81804192370294,2805.214,2026-04-19 05:00:00,2026-04-19 01:00:00
2026-04-18 05:00:00,2026-04-18 01:00:00,RFC,WEST,AEP,AEPKPT,474.728,True,1,5,4,1,0.25881904510252074,0.9659258262890683,-0.9749279121818236,-0.2225209339563146,488.544,481.648,491.948,569.41575,78.21736424485987,486.342,2026-04-19 05:00:00,2026-04-19 01:00:00
2026-04-18 05:00:00,2026-04-18 01:00:00,RFC,WEST,AEP,AEPOPT,6848.705,True,1,5,4,1,0.25881904510252074,0.9659258262890683,-0.9749279121818236,-0.2225209339563146,7152.227,6992.73,7500.802,7953.8029166666665,749.8180229707292,6527.726,2026-04-19 05:00:00,2026-04-19 01:00:00
2026-04-18 06:00:00,2026-04-18 02:00:00,RFC,WEST,AEP,AEPAPT,2998.913,True,2,5,4,1,0.49999999999999994,0.8660254037844387,-0.9749279121818236,-0.2225209339563146,3076.993,3238.976,3214.159,3860.369416666667,514.8859297848658,3029.319,2026-04-19 06:00:00,2026-04-19 02:00:00
2026-04-18 06:00:00,2026-04-18 02:00:00,RFC,WEST,AEP,AEPIMP,2954.725,True,2,5,4,1,0.49999999999999994,0.8660254037844387,-0.9749279121818236,-0.2225209339563146,2947.325,2961.097,3126.07,3397.5897499999996,268.27261767710206,2753.709,2026-04-19 06:00:00,2026-04-19 02:00:00
2026-04-18 06:00:00,2026-04-18 02:00:00,RFC,WEST,AEP,AEPKPT,462.509,True,2,5,4,1,0.49999999999999994,0.8660254037844387,-0.9749279121818236,-0.2225209339563146,474.728,471.959,472.178,569.022,78.7512605099949,472.846,2026-04-19 06:00:00,2026-04-19 02:00:00
2026-04-18 06:00:00,2026-04-18 02:00:00,RFC,WEST,AEP,AEPOPT,6809.843,True,2,5,4,1,0.49999999999999994,0.8660254037844387,-0.9749279121818236,-0.2225209339563146,6848.705,6900.924,7372.592,7950.007875,755.5869349958766,6477.427,2026-04-19 06:00:00,2026-04-19 02:00:00
2026-04-18 07:00:00,2026-04-18 03:00:00,RFC,WEST,AEP,AEPAPT,2948.192,True,3,5,4,1,0.7071067811865475,0.7071067811865476,-0.9749279121818236,-0.2225209339563146,2998.913,3185.66,3158.873,3850.4749166666666,530.4615787952074,2974.523,2026-04-19 07:00:00,2026-04-19 03:00:00
2026-04-18 07:00:00,2026-04-18 03:00:00,RFC,WEST,AEP,AEPIMP,2894.649,True,3,5,4,1,0.7071067811865475,0.7071067811865476,-0.9749279121818236,-0.2225209339563146,2954.725,2969.124,3083.334,3394.4866249999995,273.81761098327996,2713.517,2026-04-19 07:00:00,2026-04-19 03:00:00
2026-04-18 07:00:00,2026-04-18 03:00:00,RFC,WEST,AEP,AEPKPT,457.632,True,3,5,4,1,0.7071067811865475,0.7071067811865476,-0.9749279121818236,-0.2225209339563146,462.509,465.106,469.72,568.7105833333334,79.19359143204603,470.698,2026-04-19 07:00:00,2026-04-19 03:00:00
2026-04-18 07:00:00,2026-04-18 03:00:00,RFC,WEST,AEP,AEPOPT,6715.107,True,3,5,4,1,0.7071067811865475,0.7071067811865476,-0.9749279121818236,-0.2225209339563146,6809.843,6770.843,7200.305,7947.685541666667,759.4445369109663,6468.291,2026-04-19 07:00:00,2026-04-19 03:00:00
2026-04-18 08:00:00,2026-04-18 04:00:00,RFC,WEST,AEP,AEPAPT,2935.306,True,4,5,4,1,0.8660254037844386,0.5000000000000001,-0.9749279121818236,-0.2225209339563146,2948.192,3205.453,3186.169,3839.2187916666667,547.341331224974,2952.613,2026-04-19 08:00:00,2026-04-19 04:00:00
2026-04-18 08:00:00,2026-04-18 04:00:00,RFC,WEST,AEP,AEPIMP,2967.127,True,4,5,4,1,0.8660254037844386,0.5000000000000001,-0.9749279121818236,-0.2225209339563146,2894.649,3034.895,3106.933,3391.662958333333,278.00443318430564,2687.857,2026-04-19 08:00:00,2026-04-19 04:00:00
2026-04-18 08:00:00,2026-04-18 04:00:00,RFC,WEST,AEP,AEPKPT,455.975,True,4,5,4,1,0.8660254037844386,0.5000000000000001,-0.9749279121818236,-0.2225209339563146,457.632,464.824,470.378,568.341875,79.71716309188704,459.618,2026-04-19 08:00:00,2026-04-19 04:00:00
2026-04-18 08:00:00,2026-04-18 04:00:00,RFC,WEST,AEP,AEPOPT,6700.583,True,4,5,4,1,0.8660254037844386,0.5000000000000001,-0.9749279121818236,-0.2225209339563146,6715.107,6832.465,7258.965,7942.1904583333335,768.2903464159316,6494.281,2026-04-19 08:00:00,2026-04-19 04:00:00
2026-04-18 09:00:00,2026-04-18 05:00:00,RFC,WEST,AEP,AEPAPT,2973.81,True,5,5,4,1,0.9659258262890683,0.25881904510252074,-0.9749279121818236,-0.2225209339563146,2935.306,3337.699,3291.227,3824.0567499999997,566.5414229847497,2961.666,2026-04-19 09:00:00,2026-04-19 05:00:00
2026-04-18 09:00:00,2026-04-18 05:00:00,RFC,WEST,AEP,AEPIMP,3016.411,True,5,5,4,1,0.9659258262890683,0.25881904510252074,-0.9749279121818236,-0.2225209339563146,2967.127,3040.901,3126.952,3390.642541666666,279.38937943369365,2717.973,2026-04-19 09:00:00,2026-04-19 05:00:00
2026-04-18 09:00:00,2026-04-18 05:00:00,RFC,WEST,AEP,AEPKPT,459.897,True,5,5,4,1,0.9659258262890683,0.25881904510252074,-0.9749279121818236,-0.2225209339563146,455.975,474.374,482.55,567.7386666666667,80.50994992176952,464.014,2026-04-19 09:00:00,2026-04-19 05:00:00
2026-04-18 09:00:00,2026-04-18 05:00:00,RFC,WEST,AEP,AEPOPT,6831.018,True,5,5,4,1,0.9659258262890683,0.25881904510252074,-0.9749279121818236,-0.2225209339563146,6700.583,7049.659,7442.283,7933.080416666667,780.5324630891917,6513.491,2026-04-19 09:00:00,2026-04-19 05:00:00
2026-04-18 10:00:00,2026-04-18 06:00:00,RFC,WEST,AEP,AEPAPT,3064.456,True,6,5,4,1,1.0,6.123233995736766e-17,-0.9749279121818236,-0.2225209339563146,2973.81,3557.258,3531.802,3803.523333333333,585.2529757227356,3013.763,2026-04-19 10:00:00,2026-04-19 06:00:00
2026-04-18 10:00:00,2026-04-18 06:00:00,RFC,WEST,AEP,AEPIMP,3068.954,True,6,5,4,1,1.0,6.123233995736766e-17,-0.9749279121818236,-0.2225209339563146,3016.411,3226.207,3308.92,3384.0903333333335,285.1969494079864,2772.784,2026-04-19 10:00:00,2026-04-19 06:00:00
2026-04-18 10:00:00,2026-04-18 06:00:00,RFC,WEST,AEP,AEPKPT,467.298,True,6,5,4,1,1.0,6.123233995736766e-17,-0.9749279121818236,-0.2225209339563146,459.897,502.192,511.904,566.28475,82.0455403441869,475.047,2026-04-19 10:00:00,2026-04-19 06:00:00
2026-04-18 10:00:00,2026-04-18 06:00:00,RFC,WEST,AEP,AEPOPT,6978.352,True,6,5,4,1,1.0,6.123233995736766e-17,-0.9749279121818236,-0.2225209339563146,6831.018,7359.586,7792.316,7917.1956666666665,796.4286041145166,6654.299,2026-04-19 10:00:00,2026-04-19 06:00:00
2026-04-18 11:00:00,2026-04-18 07:00:00,RFC,WEST,AEP,AEPAPT,3130.194,True,7,5,4,1,0.9659258262890683,-0.25881904510252063,-0.9749279121818236,-0.2225209339563146,3064.456,3662.827,3665.32,3781.330291666667,600.714800129447,3088.977,2026-04-19 11:00:00,2026-04-19 07:00:00
2026-04-18 11:00:00,2026-04-18 07:00:00,RFC,WEST,AEP,AEPIMP,3116.377,True,7,5,4,1,0.9659258262890683,-0.25881904510252063,-0.9749279121818236,-0.2225209339563146,3068.954,3368.025,3425.688,3373.605,290.3919105677975,2779.639,2026-04-19 11:00:00,2026-04-19 07:00:00
2026-04-18 11:00:00,2026-04-18 07:00:00,RFC,WEST,AEP,AEPKPT,473.4,True,7,5,4,1,0.9659258262890683,-0.25881904510252063,-0.9749279121818236,-0.2225209339563146,467.298,519.864,526.511,564.34875,83.71965701504888,483.989,2026-04-19 11:00:00,2026-04-19 07:00:00
2026-04-18 11:00:00,2026-04-18 07:00:00,RFC,WEST,AEP,AEPOPT,7077.168,True,7,5,4,1,0.9659258262890683,-0.25881904510252063,-0.9749279121818236,-0.2225209339563146,6978.352,7604.667,7980.784,7895.216541666666,812.5441617486011,6899.962,2026-04-19 11:00:00,2026-04-19 07:00:00
2026-04-18 12:00:00,2026-04-18 08:00:00,RFC,WEST,AEP,AEPAPT,3214.711,True,8,5,4,1,0.8660254037844387,-0.4999999999999998,-0.9749279121818236,-0.2225209339563146,3130.194,3734.771,3694.702,3759.661125,611.7459199205309,3253.38,2026-04-19 12:00:00,2026-04-19 08:00:00
2026-04-18 12:00:00,2026-04-18 08:00:00,RFC,WEST,AEP,AEPIMP,3078.481,True,8,5,4,1,0.8660254037844387,-0.4999999999999998,-0.9749279121818236,-0.2225209339563146,3116.377,3467.258,3457.806,3357.4059583333333,295.7349794619233,2870.173,2026-04-19 12:00:00,2026-04-19 08:00:00
2026-04-18 12:00:00,2026-04-18 08:00:00,RFC,WEST,AEP,AEPKPT,492.856,True,8,5,4,1,0.8660254037844387,-0.4999999999999998,-0.9749279121818236,-0.2225209339563146,473.4,529.008,543.451,562.8424166666666,84.7026384414872,510.03,2026-04-19 12:00:00,2026-04-19 08:00:00
2026-04-18 12:00:00,2026-04-18 08:00:00,RFC,WEST,AEP,AEPOPT,7383.423,True,8,5,4,1,0.8660254037844387,-0.4999999999999998,-0.9749279121818236,-0.2225209339563146,7077.168,7827.729,8090.741,7876.703791666667,819.1829724824697,6993.816,2026-04-19 12:00:00,2026-04-19 08:00:00
2026-04-18 13:00:00,2026-04-18 09:00:00,RFC,WEST,AEP,AEPAPT,3281.575,True,9,5,4,1,0.7071067811865476,-0.7071067811865475,-0.9749279121818236,-0.2225209339563146,3214.711,3787.006,3754.896,3738.6015,619.4153988557681,3385.16,2026-04-19 13:00:00,2026-04-19 09:00:00
2026-04-18 13:00:00,2026-04-18 09:00:00,RFC,WEST,AEP,AEPIMP,3222.122,True,9,5,4,1,0.7071067811865476,-0.7071067811865475,-0.9749279121818236,-0.2225209339563146,3078.481,3504.947,3437.683,3345.6215833333335,295.2347312493973,2857.308,2026-04-19 13:00:00,2026-04-19 09:00:00
2026-04-18 13:00:00,2026-04-18 09:00:00,RFC,WEST,AEP,AEPKPT,507.682,True,9,5,4,1,0.7071067811865476,-0.7071067811865475,-0.9749279121818236,-0.2225209339563146,492.856,549.314,564.384,561.10775,85.41504447529965,526.229,2026-04-19 13:00:00,2026-04-19 09:00:00
2026-04-18 13:00:00,2026-04-18 09:00:00,RFC,WEST,AEP,AEPOPT,7576.11,True,9,5,4,1,0.7071067811865476,-0.7071067811865475,-0.9749279121818236,-0.2225209339563146,7383.423,7959.619,8321.139,7860.72425,821.2331785873176,7242.947,2026-04-19 13:00:00,2026-04-19 09:00:00
2026-04-18 14:00:00,2026-04-18 10:00:00,RFC,WEST,AEP,AEPAPT,3413.936,True,10,5,4,1,0.49999999999999994,-0.8660254037844387,-0.9749279121818236,-0.2225209339563146,3281.575,3883.984,3888.197,3719.0161666666663,622.0443366217447,3354.677,2026-04-19 14:00:00,2026-04-19 10:00:00
2026-04-18 14:00:00,2026-04-18 10:00:00,RFC,WEST,AEP,AEPIMP,3329.747,True,10,5,4,1,0.49999999999999994,-0.8660254037844387,-0.9749279121818236,-0.2225209339563146,3222.122,3451.416,3520.251,3340.5520416666673,294.3825009611248,2886.886,2026-04-19 14:00:00,2026-04-19 10:00:00
2026-04-18 14:00:00,2026-04-18 10:00:00,RFC,WEST,AEP,AEPKPT,534.944,True,10,5,4,1,0.49999999999999994,-0.8660254037844387,-0.9749279121818236,-0.2225209339563146,507.682,575.229,589.984,559.4292083333333,85.52124017483428,519.273,2026-04-19 14:00:00,2026-04-19 10:00:00
2026-04-18 14:00:00,2026-04-18 10:00:00,RFC,WEST,AEP,AEPOPT,7881.808,True,10,5,4,1,0.49999999999999994,-0.8660254037844387,-0.9749279121818236,-0.2225209339563146,7576.11,8149.972,8433.422,7849.550749999999,818.9477449558556,7333.099,2026-04-19 14:00:00,2026-04-19 10:00:00
2026-04-18 15:00:00,2026-04-18 11:00:00,RFC,WEST,AEP,AEPAPT,3563.756,True,11,5,4,1,0.258819045102521,-0.9659258262890682,-0.9749279121818236,-0.2225209339563146,3413.936,3996.429,4015.159,3700.9881250000003,619.9210397481763,3309.369,2026-04-19 15:00:00,2026-04-19 11:00:00
2026-04-18 15:00:00,2026-04-18 11:00:00,RFC,WEST,AEP,AEPIMP,3320.369,True,11,5,4,1,0.258819045102521,-0.9659258262890682,-0.9749279121818236,-0.2225209339563146,3329.747,3593.709,3515.319,3329.162875,289.4079490856085,2917.741,2026-04-19 15:00:00,2026-04-19 11:00:00
2026-04-18 15:00:00,2026-04-18 11:00:00,RFC,WEST,AEP,AEPKPT,552.584,True,11,5,4,1,0.258819045102521,-0.9659258262890682,-0.9749279121818236,-0.2225209339563146,534.944,595.553,614.449,557.6388333333333,85.18121244003072,517.767,2026-04-19 15:00:00,2026-04-19 11:00:00
2026-04-18 15:00:00,2026-04-18 11:00:00,RFC,WEST,AEP,AEPOPT,7968.884,True,11,5,4,1,0.258819045102521,-0.9659258262890682,-0.9749279121818236,-0.2225209339563146,7881.808,8219.147,8611.723,7839.123124999999,815.6236289436174,7285.315,2026-04-19 15:00:00,2026-04-19 11:00:00
2026-04-18 16:00:00,2026-04-18 12:00:00,RFC,WEST,AEP,AEPAPT,3710.386,True,12,5,4,1,1.2246467991473532e-16,-1.0,-0.9749279121818236,-0.2225209339563146,3563.756,4110.203,4140.226,3684.3290833333335,613.7879231208725,3270.168,2026-04-19 16:00:00,2026-04-19 12:00:00
2026-04-18 16:00:00,2026-04-18 12:00:00,RFC,WEST,AEP,AEPIMP,3264.746,True,12,5,4,1,1.2246467991473532e-16,-1.0,-0.9749279121818236,-0.2225209339563146,3320.369,3604.869,3554.108,3314.991083333333,283.5892327159573,2922.379,2026-04-19 16:00:00,2026-04-19 12:00:00
2026-04-18 16:00:00,2026-04-18 12:00:00,RFC,WEST,AEP,AEPKPT,570.03,True,12,5,4,1,1.2246467991473532e-16,-1.0,-0.9749279121818236,-0.2225209339563146,552.584,622.293,635.987,555.4612083333334,84.11789512395778,519.849,2026-04-19 16:00:00,2026-04-19 12:00:00
2026-04-18 16:00:00,2026-04-18 12:00:00,RFC,WEST,AEP,AEPOPT,7998.8,True,12,5,4,1,1.2246467991473532e-16,-1.0,-0.9749279121818236,-0.2225209339563146,7968.884,8388.904,8855.481,7822.868791666667,808.0427401400493,7319.663,2026-04-19 16:00:00,2026-04-19 12:00:00
2026-04-18 17:00:00,2026-04-18 13:00:00,RFC,WEST,AEP,AEPAPT,3893.252,True,13,5,4,1,-0.2588190451025208,-0.9659258262890683,-0.9749279121818236,-0.2225209339563146,3710.386,4260.961,4335.608,3669.007875,603.2675448963995,3254.425,2026-04-19 17:00:00,2026-04-19 13:00:00
2026-04-18 17:00:00,2026-04-18 13:00:00,RFC,WEST,AEP,AEPIMP,3278.742,True,13,5,4,1,-0.2588190451025208,-0.9659258262890683,-0.9749279121818236,-0.2225209339563146,3264.746,3628.484,3559.105,3300.4184999999998,275.65456957923044,2953.293,2026-04-19 17:00:00,2026-04-19 13:00:00
2026-04-18 17:00:00,2026-04-18 13:00:00,RFC,WEST,AEP,AEPKPT,590.819,True,13,5,4,1,-0.2588190451025208,-0.9659258262890683,-0.9749279121818236,-0.2225209339563146,570.03,637.543,665.844,553.5143750000001,82.6637125344834,515.33,2026-04-19 17:00:00,2026-04-19 13:00:00
2026-04-18 17:00:00,2026-04-18 13:00:00,RFC,WEST,AEP,AEPOPT,7928.83,True,13,5,4,1,-0.2588190451025208,-0.9659258262890683,-0.9749279121818236,-0.2225209339563146,7998.8,8537.605,9047.726,7797.503166666666,794.0649020498005,7397.684,2026-04-19 17:00:00,2026-04-19 13:00:00
2026-04-18 18:00:00,2026-04-18 14:00:00,RFC,WEST,AEP,AEPAPT,4083.571,True,14,5,4,1,-0.4999999999999997,-0.8660254037844388,-0.9749279121818236,-0.2225209339563146,3893.252,4379.556,4486.144,3656.6751666666664,591.0110517864349,3238.211,2026-04-19 18:00:00,2026-04-19 14:00:00
2026-04-18 18:00:00,2026-04-18 14:00:00,RFC,WEST,AEP,AEPIMP,3260.541,True,14,5,4,1,-0.4999999999999997,-0.8660254037844388,-0.9749279121818236,-0.2225209339563146,3278.742,3668.258,3528.449,3283.430291666667,264.3304170505662,2942.216,2026-04-19 18:00:00,2026-04-19 14:00:00
2026-04-18 18:00:00,2026-04-18 14:00:00,RFC,WEST,AEP,AEPKPT,601.542,True,14,5,4,1,-0.4999999999999997,-0.8660254037844388,-0.9749279121818236,-0.2225209339563146,590.819,658.373,688.977,551.1464166666666,80.30983577095634,513.402,2026-04-19 18:00:00,2026-04-19 14:00:00
2026-04-18 18:00:00,2026-04-18 14:00:00,RFC,WEST,AEP,AEPOPT,7875.641,True,14,5,4,1,-0.4999999999999997,-0.8660254037844388,-0.9749279121818236,-0.2225209339563146,7928.83,8697.008,8987.878,7763.279541666667,770.975807407105,7334.69,2026-04-19 18:00:00,2026-04-19 14:00:00
2026-04-18 19:00:00,2026-04-18 15:00:00,RFC,WEST,AEP,AEPAPT,4240.6,True,15,5,4,1,-0.7071067811865471,-0.7071067811865479,-0.9749279121818236,-0.2225209339563146,4083.571,4482.698,4620.766,3646.58775,578.2272685082755,3255.228,2026-04-19 19:00:00,2026-04-19 15:00:00
2026-04-18 19:00:00,2026-04-18 15:00:00,RFC,WEST,AEP,AEPIMP,3222.281,True,15,5,4,1,-0.7071067811865471,-0.7071067811865479,-0.9749279121818236,-0.2225209339563146,3260.541,3643.057,3513.496,3265.897958333333,253.15863536104246,2952.742,2026-04-19 19:00:00,2026-04-19 15:00:00
2026-04-18 19:00:00,2026-04-18 15:00:00,RFC,WEST,AEP,AEPKPT,599.576,True,15,5,4,1,-0.7071067811865471,-0.7071067811865479,-0.9749279121818236,-0.2225209339563146,601.542,674.481,698.672,548.025375,76.68190282096921,508.601,2026-04-19 19:00:00,2026-04-19 15:00:00
2026-04-18 19:00:00,2026-04-18 15:00:00,RFC,WEST,AEP,AEPOPT,7769.739,True,15,5,4,1,-0.7071067811865471,-0.7071067811865479,-0.9749279121818236,-0.2225209339563146,7875.641,8732.978,8794.85,7723.144583333334,742.8602790489496,7402.15,2026-04-19 19:00:00,2026-04-19 15:00:00
2026-04-18 20:00:00,2026-04-18 16:00:00,RFC,WEST,AEP,AEPAPT,4276.812,True,16,5,4,1,-0.8660254037844384,-0.5000000000000004,-0.9749279121818236,-0.2225209339563146,4240.6,4559.734,4706.089,3634.799333333334,561.4417439309528,3287.769,2026-04-19 20:00:00,2026-04-19 16:00:00
2026-04-18 20:00:00,2026-04-18 16:00:00,RFC,WEST,AEP,AEPIMP,3218.843,True,16,5,4,1,-0.8660254037844384,-0.5000000000000004,-0.9749279121818236,-0.2225209339563146,3222.281,3671.58,3502.846,3247.0339166666668,238.03083264585098,2970.308,2026-04-19 20:00:00,2026-04-19 16:00:00
2026-04-18 20:00:00,2026-04-18 16:00:00,RFC,WEST,AEP,AEPKPT,593.94,True,16,5,4,1,-0.8660254037844384,-0.5000000000000004,-0.9749279121818236,-0.2225209339563146,599.576,687.171,676.448,544.1407499999999,71.51378931321409,512.811,2026-04-19 20:00:00,2026-04-19 16:00:00
2026-04-18 20:00:00,2026-04-18 16:00:00,RFC,WEST,AEP,AEPOPT,7740.106,True,16,5,4,1,-0.8660254037844384,-0.5000000000000004,-0.9749279121818236,-0.2225209339563146,7769.739,8970.074,8802.372,7671.895916666667,693.9105494853904,7357.624,2026-04-19 20:00:00,2026-04-19 16:00:00
2026-04-18 21:00:00,2026-04-18 17:00:00,RFC,WEST,AEP,AEPAPT,4312.26,True,17,5,4,1,-0.9659258262890683,-0.25881904510252063,-0.9749279121818236,-0.2225209339563146,4276.812,4577.113,4717.859,3623.7637916666667,544.460732173944,3381.527,2026-04-19 21:00:00,2026-04-19 17:00:00
2026-04-18 21:00:00,2026-04-18 17:00:00,RFC,WEST,AEP,AEPIMP,3190.337,True,17,5,4,1,-0.9659258262890683,-0.25881904510252063,-0.9749279121818236,-0.2225209339563146,3218.843,3725.071,3434.252,3224.7533333333336,215.27843240398258,2966.226,2026-04-19 21:00:00,2026-04-19 17:00:00
2026-04-18 21:00:00,2026-04-18 17:00:00,RFC,WEST,AEP,AEPKPT,588.844,True,17,5,4,1,-0.9659258262890683,-0.25881904510252063,-0.9749279121818236,-0.2225209339563146,593.94,690.822,653.749,539.8916666666667,65.16760527030782,517.423,2026-04-19 21:00:00,2026-04-19 17:00:00
2026-04-18 21:00:00,2026-04-18 17:00:00,RFC,WEST,AEP,AEPOPT,7625.452,True,17,5,4,1,-0.9659258262890683,-0.25881904510252063,-0.9749279121818236,-0.2225209339563146,7740.106,8954.515,8764.811,7616.518291666666,637.8706948785963,7515.588,2026-04-19 21:00:00,2026-04-19 17:00:00
2026-04-18 22:00:00,2026-04-18 18:00:00,RFC,WEST,AEP,AEPAPT,4273.041,True,18,5,4,1,-1.0,-1.8369701987210297e-16,-0.9749279121818236,-0.2225209339563146,4312.26,4555.742,4703.885,3611.984583333333,526.1719739823778,3439.317,2026-04-19 22:00:00,2026-04-19 18:00:00
2026-04-18 22:00:00,2026-04-18 18:00:00,RFC,WEST,AEP,AEPIMP,3092.672,True,18,5,4,1,-1.0,-1.8369701987210297e-16,-0.9749279121818236,-0.2225209339563146,3190.337,3658.029,3399.877,3201.1967916666667,195.86267361996394,2999.884,2026-04-19 22:00:00,2026-04-19 18:00:00
2026-04-18 22:00:00,2026-04-18 18:00:00,RFC,WEST,AEP,AEPKPT,577.004,True,18,5,4,1,-1.0,-1.8369701987210297e-16,-0.9749279121818236,-0.2225209339563146,588.844,669.412,646.255,536.0413333333333,59.681325022931006,522.999,2026-04-19 22:00:00,2026-04-19 18:00:00
2026-04-18 22:00:00,2026-04-18 18:00:00,RFC,WEST,AEP,AEPOPT,7489.312,True,18,5,4,1,-1.0,-1.8369701987210297e-16,-0.9749279121818236,-0.2225209339563146,7625.452,8931.661,8760.447,7556.420416666667,573.2484295396152,7538.442,2026-04-19 22:00:00,2026-04-19 18:00:00
2026-04-18 23:00:00,2026-04-18 19:00:00,RFC,WEST,AEP,AEPAPT,4181.912,True,19,5,4,1,-0.9659258262890684,0.2588190451025203,-0.9749279121818236,-0.2225209339563146,4273.041,4429.406,4633.554,3601.672333333334,511.6808206270984,3521.171,2026-04-19 23:00:00,2026-04-19 19:00:00
2026-04-18 23:00:00,2026-04-18 19:00:00,RFC,WEST,AEP,AEPIMP,3160.946,True,19,5,4,1,-0.9659258262890684,0.2588190451025203,-0.9749279121818236,-0.2225209339563146,3092.672,3658.697,3418.864,3180.457166666667,169.95150403229022,3086.98,2026-04-19 23:00:00,2026-04-19 19:00:00
2026-04-18 23:00:00,2026-04-18 19:00:00,RFC,WEST,AEP,AEPKPT,567.645,True,19,5,4,1,-0.9659258262890684,0.2588190451025203,-0.9749279121818236,-0.2225209339563146,577.004,637.347,633.894,533.1370833333333,56.12730654264335,530.511,2026-04-19 23:00:00,2026-04-19 19:00:00
2026-04-18 23:00:00,2026-04-18 19:00:00,RFC,WEST,AEP,AEPOPT,7395.245,True,19,5,4,1,-0.9659258262890684,0.2588190451025203,-0.9749279121818236,-0.2225209339563146,7489.312,8763.033,8688.538,7499.42925,512.8873204544709,7595.748,2026-04-19 23:00:00,2026-04-19 19:00:00
2026-04-19 00:00:00,2026-04-18 20:00:00,RFC,WEST,AEP,AEPAPT,4090.558,True,20,5,4,1,-0.8660254037844386,0.5000000000000001,-0.9749279121818236,-0.2225209339563146,4181.912,4272.72,4541.621,3594.08225,502.563802132471,3656.511,2026-04-20 00:00:00,2026-04-19 20:00:00
2026-04-19 00:00:00,2026-04-18 20:00:00,RFC,WEST,AEP,AEPIMP,3134.647,True,20,5,4,1,-0.8660254037844386,0.5000000000000001,-0.9749279121818236,-0.2225209339563146,3160.946,3551.548,3391.922,3163.0862916666665,150.57412521714383,3125.169,2026-04-20 00:00:00,2026-04-19 20:00:00
2026-04-19 00:00:00,2026-04-18 20:00:00,RFC,WEST,AEP,AEPKPT,557.318,True,20,5,4,1,-0.8660254037844386,0.5000000000000001,-0.9749279121818236,-0.2225209339563146,567.645,617.579,629.263,530.6262083333334,53.47054695809793,554.593,2026-04-20 00:00:00,2026-04-19 20:00:00
2026-04-19 00:00:00,2026-04-18 20:00:00,RFC,WEST,AEP,AEPOPT,7401.917,True,20,5,4,1,-0.8660254037844386,0.5000000000000001,-0.9749279121818236,-0.2225209339563146,7395.245,8503.73,8631.378,7453.520375,466.2772979428025,7774.417,2026-04-20 00:00:00,2026-04-19 20:00:00
2026-04-19 01:00:00,2026-04-18 21:00:00,RFC,WEST,AEP,AEPAPT,3901.058,True,21,5,4,1,-0.7071067811865477,0.7071067811865474,-0.9749279121818236,-0.2225209339563146,4090.558,4067.675,4334.903,3587.1398750000003,496.85558790993696,3659.758,2026-04-20 01:00:00,2026-04-19 21:00:00
2026-04-19 01:00:00,2026-04-18 21:00:00,RFC,WEST,AEP,AEPIMP,3126.38,True,21,5,4,1,-0.7071067811865477,0.7071067811865474,-0.9749279121818236,-0.2225209339563146,3134.647,3513.284,3357.815,3146.965291666667,130.87343417856283,3158.81,2026-04-20 01:00:00,2026-04-19 21:00:00
2026-04-19 01:00:00,2026-04-18 21:00:00,RFC,WEST,AEP,AEPKPT,548.04,True,21,5,4,1,-0.7071067811865477,0.7071067811865474,-0.9749279121818236,-0.2225209339563146,557.318,588.236,607.389,528.951375,52.2020807762963,552.398,2026-04-20 01:00:00,2026-04-19 21:00:00
2026-04-19 01:00:00,2026-04-18 21:00:00,RFC,WEST,AEP,AEPOPT,7349.78,True,21,5,4,1,-0.7071067811865477,0.7071067811865474,-0.9749279121818236,-0.2225209339563146,7401.917,8260.642,8419.011,7415.567791666667,433.6538947117627,7720.423,2026-04-20 01:00:00,2026-04-19 21:00:00
2026-04-19 02:00:00,2026-04-18 22:00:00,RFC,WEST,AEP,AEPAPT,3677.714,True,22,5,4,1,-0.5000000000000004,0.8660254037844384,-0.9749279121818236,-0.2225209339563146,3901.058,3777.398,4035.03,3582.986375,495.61105941600977,3521.638,2026-04-20 02:00:00,2026-04-19 22:00:00
2026-04-19 02:00:00,2026-04-18 22:00:00,RFC,WEST,AEP,AEPIMP,3038.278,True,22,5,4,1,-0.5000000000000004,0.8660254037844384,-0.9749279121818236,-0.2225209339563146,3126.38,3385.216,3306.613,3132.5095416666663,122.29240815959567,3072.82,2026-04-20 02:00:00,2026-04-19 22:00:00
2026-04-19 02:00:00,2026-04-18 22:00:00,RFC,WEST,AEP,AEPKPT,518.866,True,22,5,4,1,-0.5000000000000004,0.8660254037844384,-0.9749279121818236,-0.2225209339563146,548.04,553.528,568.625,527.507125,51.9715474661582,530.26,2026-04-20 02:00:00,2026-04-19 22:00:00
2026-04-19 02:00:00,2026-04-18 22:00:00,RFC,WEST,AEP,AEPOPT,7053.773,True,22,5,4,1,-0.5000000000000004,0.8660254037844384,-0.9749279121818236,-0.2225209339563146,7349.78,7911.044,7936.599,7379.848166666667,426.31171024819326,7432.878,2026-04-20 02:00:00,2026-04-19 22:00:00
2026-04-19 03:00:00,2026-04-18 23:00:00,RFC,WEST,AEP,AEPAPT,3447.022,True,23,5,4,1,-0.25881904510252157,0.9659258262890681,-0.9749279121818236,-0.2225209339563146,3677.714,3498.747,3722.797,3580.831166666667,496.1055275089415,3389.068,2026-04-20 03:00:00,2026-04-19 23:00:00
2026-04-19 03:00:00,2026-04-18 23:00:00,RFC,WEST,AEP,AEPIMP,2961.102,True,23,5,4,1,-0.25881904510252157,0.9659258262890681,-0.9749279121818236,-0.2225209339563146,3038.278,3191.3,3247.857,3122.9179583333334,126.43802833264606,2924.374,2026-04-20 03:00:00,2026-04-19 23:00:00
2026-04-19 03:00:00,2026-04-18 23:00:00,RFC,WEST,AEP,AEPKPT,502.869,True,23,5,4,1,-0.25881904510252157,0.9659258262890681,-0.9749279121818236,-0.2225209339563146,518.866,518.498,531.274,526.8559166666668,52.186811299837885,516.498,2026-04-20 03:00:00,2026-04-19 23:00:00
2026-04-19 03:00:00,2026-04-18 23:00:00,RFC,WEST,AEP,AEPOPT,6806.44,True,23,5,4,1,-0.25881904510252157,0.9659258262890681,-0.9749279121818236,-0.2225209339563146,7053.773,7564.533,7494.384,7348.260958333333,439.90121940532015,7217.031,2026-04-20 03:00:00,2026-04-19 23:00:00
2026-04-19 04:00:00,2026-04-19 00:00:00,RFC,WEST,AEP,AEPAPT,3253.279,True,0,6,4,1,0.0,1.0,-0.7818314824680299,0.6234898018587334,3447.022,3249.92,3482.136,3580.971125,496.00857826192487,3309.106,2026-04-20 04:00:00,2026-04-20 00:00:00
2026-04-19 04:00:00,2026-04-19 00:00:00,RFC,WEST,AEP,AEPIMP,2841.121,True,0,6,4,1,0.0,1.0,-0.7818314824680299,0.6234898018587334,2961.102,3084.229,3049.914,3112.788458333333,138.80567475899218,2945.894,2026-04-20 04:00:00,2026-04-20 00:00:00
2026-04-19 04:00:00,2026-04-19 00:00:00,RFC,WEST,AEP,AEPKPT,498.038,True,0,6,4,1,0.0,1.0,-0.7818314824680299,0.6234898018587334,502.869,488.544,499.082,527.2515,51.91907121665371,501.811,2026-04-20 04:00:00,2026-04-20 00:00:00
2026-04-19 04:00:00,2026-04-19 00:00:00,RFC,WEST,AEP,AEPOPT,6677.409,True,0,6,4,1,0.0,1.0,-0.7818314824680299,0.6234898018587334,6806.44,7152.227,7175.313,7328.476875,459.3483145334349,7071.437,2026-04-20 04:00:00,2026-04-20 00:00:00
2026-04-19 05:00:00,2026-04-19 01:00:00,RFC,WEST,AEP,AEPAPT,3140.084,True,1,6,4,1,0.25881904510252074,0.9659258262890683,-0.7818314824680299,0.6234898018587334,3253.279,3076.993,3337.034,3583.5999166666666,493.381648586911,3292.9,2026-04-20 05:00:00,2026-04-20 01:00:00
2026-04-19 05:00:00,2026-04-19 01:00:00,RFC,WEST,AEP,AEPIMP,2805.214,True,1,6,4,1,0.25881904510252074,0.9659258262890683,-0.7818314824680299,0.6234898018587334,2841.121,2947.325,3047.003,3106.867166666667,148.8395347838175,2920.003,2026-04-20 05:00:00,2026-04-20 01:00:00
2026-04-19 05:00:00,2026-04-19 01:00:00,RFC,WEST,AEP,AEPKPT,486.342,True,1,6,4,1,0.25881904510252074,0.9659258262890683,-0.7818314824680299,0.6234898018587334,498.038,474.728,481.648,527.7354166666667,51.46033420438986,496.478,2026-04-20 05:00:00,2026-04-20 01:00:00
2026-04-19 05:00:00,2026-04-19 01:00:00,RFC,WEST,AEP,AEPOPT,6527.726,True,1,6,4,1,0.25881904510252074,0.9659258262890683,-0.7818314824680299,0.6234898018587334,6677.409,6848.705,6992.73,7315.102750000001,478.2098957930929,6925.31,2026-04-20 05:00:00,2026-04-20 01:00:00
2026-04-19 06:00:00,2026-04-19 02:00:00,RFC,WEST,AEP,AEPAPT,3029.319,True,2,6,4,1,0.49999999999999994,0.8660254037844387,-0.7818314824680299,0.6234898018587334,3140.084,2998.913,3238.976,3584.8668333333335,491.85166546717943,3306.533,2026-04-20 06:00:00,2026-04-20 02:00:00
2026-04-19 06:00:00,2026-04-19 02:00:00,RFC,WEST,AEP,AEPIMP,2753.709,True,2,6,4,1,0.49999999999999994,0.8660254037844387,-0.7818314824680299,0.6234898018587334,2805.214,2954.725,2961.097,3098.4915,162.7766638054997,2905.54,2026-04-20 06:00:00,2026-04-20 02:00:00
2026-04-19 06:00:00,2026-04-19 02:00:00,RFC,WEST,AEP,AEPKPT,472.846,True,2,6,4,1,0.49999999999999994,0.8660254037844387,-0.7818314824680299,0.6234898018587334,486.342,462.509,471.959,528.166125,50.93121034964032,496.385,2026-04-20 06:00:00,2026-04-20 02:00:00
2026-04-19 06:00:00,2026-04-19 02:00:00,RFC,WEST,AEP,AEPOPT,6477.427,True,2,6,4,1,0.49999999999999994,0.8660254037844387,-0.7818314824680299,0.6234898018587334,6527.726,6809.843,6900.924,7301.252083333333,497.88933928305374,6945.386,2026-04-20 06:00:00,2026-04-20 02:00:00
2026-04-19 07:00:00,2026-04-19 03:00:00,RFC,WEST,AEP,AEPAPT,2974.523,True,3,6,4,1,0.7071067811865475,0.7071067811865476,-0.7818314824680299,0.6234898018587334,3029.319,2948.192,3185.66,3585.9639583333337,490.3969670634146,3345.44,2026-04-20 07:00:00,2026-04-20 03:00:00
2026-04-19 07:00:00,2026-04-19 03:00:00,RFC,WEST,AEP,AEPIMP,2713.517,True,3,6,4,1,0.7071067811865475,0.7071067811865476,-0.7818314824680299,0.6234898018587334,2753.709,2894.649,2969.124,3090.9443333333334,176.2779598400174,2958.262,2026-04-20 07:00:00,2026-04-20 03:00:00
2026-04-19 07:00:00,2026-04-19 03:00:00,RFC,WEST,AEP,AEPKPT,470.698,True,3,6,4,1,0.7071067811865475,0.7071067811865476,-0.7818314824680299,0.6234898018587334,472.846,457.632,465.106,528.7105416666667,50.209187436580066,505.467,2026-04-20 07:00:00,2026-04-20 03:00:00
2026-04-19 07:00:00,2026-04-19 03:00:00,RFC,WEST,AEP,AEPOPT,6468.291,True,3,6,4,1,0.7071067811865475,0.7071067811865476,-0.7818314824680299,0.6234898018587334,6477.427,6715.107,6770.843,7290.968083333333,512.847003112652,7040.253,2026-04-20 07:00:00,2026-04-20 03:00:00
2026-04-19 08:00:00,2026-04-19 04:00:00,RFC,WEST,AEP,AEPAPT,2952.613,True,4,6,4,1,0.8660254037844386,0.5000000000000001,-0.7818314824680299,0.6234898018587334,2974.523,2935.306,3205.453,3586.6850833333338,489.41031239396204,3475.645,2026-04-20 08:00:00,2026-04-20 04:00:00
2026-04-19 08:00:00,2026-04-19 04:00:00,RFC,WEST,AEP,AEPIMP,2687.857,True,4,6,4,1,0.8660254037844386,0.5000000000000001,-0.7818314824680299,0.6234898018587334,2713.517,2967.127,3034.895,3079.3080833333333,193.21076018799766,3018.088,2026-04-20 08:00:00,2026-04-20 04:00:00
2026-04-19 08:00:00,2026-04-19 04:00:00,RFC,WEST,AEP,AEPKPT,459.618,True,4,6,4,1,0.8660254037844386,0.5000000000000001,-0.7818314824680299,0.6234898018587334,470.698,455.975,464.824,528.8623333333334,49.984738925488436,519.334,2026-04-20 08:00:00,2026-04-20 04:00:00
2026-04-19 08:00:00,2026-04-19 04:00:00,RFC,WEST,AEP,AEPOPT,6494.281,True,4,6,4,1,0.8660254037844386,0.5000000000000001,-0.7818314824680299,0.6234898018587334,6468.291,6700.583,6832.465,7282.372166666667,524.7632810078544,7197.69,2026-04-20 08:00:00,2026-04-20 04:00:00
2026-04-19 09:00:00,2026-04-19 05:00:00,RFC,WEST,AEP,AEPAPT,2961.666,True,5,6,4,1,0.9659258262890683,0.25881904510252074,-0.7818314824680299,0.6234898018587334,2952.613,2973.81,3337.699,3586.179083333334,490.07733555996606,3721.741,2026-04-20 09:00:00,2026-04-20 05:00:00
2026-04-19 09:00:00,2026-04-19 05:00:00,RFC,WEST,AEP,AEPIMP,2717.973,True,5,6,4,1,0.9659258262890683,0.25881904510252074,-0.7818314824680299,0.6234898018587334,2687.857,3016.411,3040.901,3066.8731666666667,206.57613590669484,3223.349,2026-04-20 09:00:00,2026-04-20 05:00:00
2026-04-19 09:00:00,2026-04-19 05:00:00,RFC,WEST,AEP,AEPKPT,464.014,True,5,6,4,1,0.9659258262890683,0.25881904510252074,-0.7818314824680299,0.6234898018587334,459.618,459.897,474.374,529.033875,49.74425366972122,549.4,2026-04-20 09:00:00,2026-04-20 05:00:00
2026-04-19 09:00:00,2026-04-19 05:00:00,RFC,WEST,AEP,AEPOPT,6513.491,True,5,6,4,1,0.9659258262890683,0.25881904510252074,-0.7818314824680299,0.6234898018587334,6494.281,6831.018,7049.659,7269.141875,540.4071015781503,7458.666,2026-04-20 09:00:00,2026-04-20 05:00:00
2026-04-19 10:00:00,2026-04-19 06:00:00,RFC,WEST,AEP,AEPAPT,3013.763,True,6,6,4,1,1.0,6.123233995736766e-17,-0.7818314824680299,0.6234898018587334,2961.666,3064.456,3557.258,3584.066875,492.52682132565656,4114.517,2026-04-20 10:00:00,2026-04-20 06:00:00
2026-04-19 10:00:00,2026-04-19 06:00:00,RFC,WEST,AEP,AEPIMP,2772.784,True,6,6,4,1,1.0,6.123233995736766e-17,-0.7818314824680299,0.6234898018587334,2717.973,3068.954,3226.207,3054.53275,215.11618146848744,3441.196,2026-04-20 10:00:00,2026-04-20 06:00:00
2026-04-19 10:00:00,2026-04-19 06:00:00,RFC,WEST,AEP,AEPKPT,475.047,True,6,6,4,1,1.0,6.123233995736766e-17,-0.7818314824680299,0.6234898018587334,464.014,467.298,502.192,529.35675,49.34970606251355,603.463,2026-04-20 10:00:00,2026-04-20 06:00:00
2026-04-19 10:00:00,2026-04-19 06:00:00,RFC,WEST,AEP,AEPOPT,6654.299,True,6,6,4,1,1.0,6.123233995736766e-17,-0.7818314824680299,0.6234898018587334,6513.491,6978.352,7359.586,7255.639666666666,551.914210151673,7904.29,2026-04-20 10:00:00,2026-04-20 06:00:00
2026-04-19 11:00:00,2026-04-19 07:00:00,RFC,WEST,AEP,AEPAPT,3088.977,True,7,6,4,1,0.9659258262890683,-0.25881904510252063,-0.7818314824680299,0.6234898018587334,3013.763,3130.194,3662.827,3582.3495,494.24707851613726,4282.152,2026-04-20 11:00:00,2026-04-20 07:00:00
2026-04-19 11:00:00,2026-04-19 07:00:00,RFC,WEST,AEP,AEPIMP,2779.639,True,7,6,4,1,0.9659258262890683,-0.25881904510252063,-0.7818314824680299,0.6234898018587334,2772.784,3116.377,3368.025,3040.502,221.78539578472584,3546.225,2026-04-20 11:00:00,2026-04-20 07:00:00
2026-04-19 11:00:00,2026-04-19 07:00:00,RFC,WEST,AEP,AEPKPT,483.989,True,7,6,4,1,0.9659258262890683,-0.25881904510252063,-0.7818314824680299,0.6234898018587334,475.047,473.4,519.864,529.7979583333333,48.872706506382706,623.813,2026-04-20 11:00:00,2026-04-20 07:00:00
2026-04-19 11:00:00,2026-04-19 07:00:00,RFC,WEST,AEP,AEPOPT,6899.962,True,7,6,4,1,0.9659258262890683,-0.25881904510252063,-0.7818314824680299,0.6234898018587334,6654.299,7077.168,7604.667,7248.256083333334,555.5788147017187,8190.905,2026-04-20 11:00:00,2026-04-20 07:00:00
2026-04-19 12:00:00,2026-04-19 08:00:00,RFC,WEST,AEP,AEPAPT,3253.38,True,8,6,4,1,0.8660254037844387,-0.4999999999999998,-0.7818314824680299,0.6234898018587334,3088.977,3214.711,3734.771,3583.9607083333335,493.05809595663993,4185.637,2026-04-20 12:00:00,2026-04-20 08:00:00
2026-04-19 12:00:00,2026-04-19 08:00:00,RFC,WEST,AEP,AEPIMP,2870.173,True,8,6,4,1,0.8660254037844387,-0.4999999999999998,-0.7818314824680299,0.6234898018587334,2779.639,3078.481,3467.258,3031.8225,224.29629816595875,3514.119,2026-04-20 12:00:00,2026-04-20 08:00:00
2026-04-19 12:00:00,2026-04-19 08:00:00,RFC,WEST,AEP,AEPKPT,510.03,True,8,6,4,1,0.8660254037844387,-0.4999999999999998,-0.7818314824680299,0.6234898018587334,483.989,492.856,529.008,530.5135416666667,48.43203557651806,630.778,2026-04-20 12:00:00,2026-04-20 08:00:00
2026-04-19 12:00:00,2026-04-19 08:00:00,RFC,WEST,AEP,AEPOPT,6993.816,True,8,6,4,1,0.8660254037844387,-0.4999999999999998,-0.7818314824680299,0.6234898018587334,6899.962,7383.423,7827.729,7232.022458333333,557.1474229873621,8151.723,2026-04-20 12:00:00,2026-04-20 08:00:00
2026-04-19 13:00:00,2026-04-19 09:00:00,RFC,WEST,AEP,AEPAPT,3385.16,True,9,6,4,1,0.7071067811865476,-0.7071067811865475,-0.7818314824680299,0.6234898018587334,3253.38,3281.575,3787.006,3588.2767500000004,490.7439829123003,4099.638,2026-04-20 13:00:00,2026-04-20 09:00:00
2026-04-19 13:00:00,2026-04-19 09:00:00,RFC,WEST,AEP,AEPIMP,2857.308,True,9,6,4,1,0.7071067811865476,-0.7071067811865475,-0.7818314824680299,0.6234898018587334,2870.173,3222.122,3504.947,3016.6219166666665,223.19801122436235,3486.446,2026-04-20 13:00:00,2026-04-20 09:00:00
2026-04-19 13:00:00,2026-04-19 09:00:00,RFC,WEST,AEP,AEPKPT,526.229,True,9,6,4,1,0.7071067811865476,-0.7071067811865475,-0.7818314824680299,0.6234898018587334,510.03,507.682,549.314,531.2863333333333,48.19930210902507,621.78,2026-04-20 13:00:00,2026-04-20 09:00:00
2026-04-19 13:00:00,2026-04-19 09:00:00,RFC,WEST,AEP,AEPOPT,7242.947,True,9,6,4,1,0.7071067811865476,-0.7071067811865475,-0.7818314824680299,0.6234898018587334,6993.816,7576.11,7959.619,7218.140666666666,552.3311460085971,8146.174,2026-04-20 13:00:00,2026-04-20 09:00:00
2026-04-19 14:00:00,2026-04-19 10:00:00,RFC,WEST,AEP,AEPAPT,3354.677,True,10,6,4,1,0.49999999999999994,-0.8660254037844387,-0.7818314824680299,0.6234898018587334,3385.16,3413.936,3883.984,3585.807625,491.807223358625,4031.405,2026-04-20 14:00:00,2026-04-20 10:00:00
2026-04-19 14:00:00,2026-04-19 10:00:00,RFC,WEST,AEP,AEPIMP,2886.886,True,10,6,4,1,0.49999999999999994,-0.8660254037844387,-0.7818314824680299,0.6234898018587334,2857.308,3329.747,3451.416,2998.1693749999995,214.31501399448885,3403.843,2026-04-20 14:00:00,2026-04-20 10:00:00
2026-04-19 14:00:00,2026-04-19 10:00:00,RFC,WEST,AEP,AEPKPT,519.273,True,10,6,4,1,0.49999999999999994,-0.8660254037844387,-0.7818314824680299,0.6234898018587334,526.229,534.944,575.229,530.633375,48.253714337602716,611.534,2026-04-20 14:00:00,2026-04-20 10:00:00
2026-04-19 14:00:00,2026-04-19 10:00:00,RFC,WEST,AEP,AEPOPT,7333.099,True,10,6,4,1,0.49999999999999994,-0.8660254037844387,-0.7818314824680299,0.6234898018587334,7242.947,7881.808,8149.972,7195.277791666666,534.7416688526188,8150.059,2026-04-20 14:00:00,2026-04-20 10:00:00
2026-04-19 15:00:00,2026-04-19 11:00:00,RFC,WEST,AEP,AEPAPT,3309.369,True,11,6,4,1,0.258819045102521,-0.9659258262890682,-0.7818314824680299,0.6234898018587334,3354.677,3563.756,3996.429,3575.208166666667,495.0338419971814,3987.055,2026-04-20 15:00:00,2026-04-20 11:00:00
2026-04-19 15:00:00,2026-04-19 11:00:00,RFC,WEST,AEP,AEPIMP,2917.741,True,11,6,4,1,0.258819045102521,-0.9659258262890682,-0.7818314824680299,0.6234898018587334,2886.886,3320.369,3593.709,2981.3932083333334,203.48195634800518,3431.359,2026-04-20 15:00:00,2026-04-20 11:00:00
2026-04-19 15:00:00,2026-04-19 11:00:00,RFC,WEST,AEP,AEPKPT,517.767,True,11,6,4,1,0.258819045102521,-0.9659258262890682,-0.7818314824680299,0.6234898018587334,519.273,552.584,595.553,529.1826666666667,48.08818265090324,598.405,2026-04-20 15:00:00,2026-04-20 11:00:00
2026-04-19 15:00:00,2026-04-19 11:00:00,RFC,WEST,AEP,AEPOPT,7285.315,True,11,6,4,1,0.258819045102521,-0.9659258262890682,-0.7818314824680299,0.6234898018587334,7333.099,7968.884,8219.147,7166.79575,509.3469688660627,8082.387,2026-04-20 15:00:00,2026-04-20 11:00:00
2026-04-19 16:00:00,2026-04-19 12:00:00,RFC,WEST,AEP,AEPAPT,3270.168,True,12,6,4,1,1.2246467991473532e-16,-1.0,-0.7818314824680299,0.6234898018587334,3309.369,3710.386,4110.203,3556.8657499999995,497.95439826538876,3875.175,2026-04-20 16:00:00,2026-04-20 12:00:00
2026-04-19 16:00:00,2026-04-19 12:00:00,RFC,WEST,AEP,AEPIMP,2922.379,True,12,6,4,1,1.2246467991473532e-16,-1.0,-0.7818314824680299,0.6234898018587334,2917.741,3264.746,3604.869,2967.127916666667,194.558894401819,3373.607,2026-04-20 16:00:00,2026-04-20 12:00:00
2026-04-19 16:00:00,2026-04-19 12:00:00,RFC,WEST,AEP,AEPKPT,519.849,True,12,6,4,1,1.2246467991473532e-16,-1.0,-0.7818314824680299,0.6234898018587334,517.767,570.03,622.293,527.0917916666666,47.319715828448366,578.438,2026-04-20 16:00:00,2026-04-20 12:00:00
2026-04-19 16:00:00,2026-04-19 12:00:00,RFC,WEST,AEP,AEPOPT,7319.663,True,12,6,4,1,1.2246467991473532e-16,-1.0,-0.7818314824680299,0.6234898018587334,7285.315,7998.8,8388.904,7138.498374999999,479.08015248785847,8010.397,2026-04-20 16:00:00,2026-04-20 12:00:00
2026-04-19 17:00:00,2026-04-19 13:00:00,RFC,WEST,AEP,AEPAPT,3254.425,True,13,6,4,1,-0.2588190451025208,-0.9659258262890683,-0.7818314824680299,0.6234898018587334,3270.168,3893.252,4260.961,3530.2479583333334,496.2624628756747,3830.024,2026-04-20 17:00:00,2026-04-20 13:00:00
2026-04-19 17:00:00,2026-04-19 13:00:00,RFC,WEST,AEP,AEPIMP,2953.293,True,13,6,4,1,-0.2588190451025208,-0.9659258262890683,-0.7818314824680299,0.6234898018587334,2922.379,3278.742,3628.484,2953.567541666667,182.8871849331619,3337.982,2026-04-20 17:00:00,2026-04-20 13:00:00
2026-04-19 17:00:00,2026-04-19 13:00:00,RFC,WEST,AEP,AEPKPT,515.33,True,13,6,4,1,-0.2588190451025208,-0.9659258262890683,-0.7818314824680299,0.6234898018587334,519.849,590.819,637.543,523.9464166666667,45.36821243415892,564.94,2026-04-20 17:00:00,2026-04-20 13:00:00
2026-04-19 17:00:00,2026-04-19 13:00:00,RFC,WEST,AEP,AEPOPT,7397.684,True,13,6,4,1,-0.2588190451025208,-0.9659258262890683,-0.7818314824680299,0.6234898018587334,7319.663,7928.83,8537.605,7116.3672916666665,452.51507311058936,7966.609,2026-04-20 17:00:00,2026-04-20 13:00:00
2026-04-19 18:00:00,2026-04-19 14:00:00,RFC,WEST,AEP,AEPAPT,3238.211,True,14,6,4,1,-0.4999999999999997,-0.8660254037844388,-0.7818314824680299,0.6234898018587334,3254.425,4083.571,4379.556,3495.0246250000005,485.15800818745214,3752.114,2026-04-20 18:00:00,2026-04-20 14:00:00
2026-04-19 18:00:00,2026-04-19 14:00:00,RFC,WEST,AEP,AEPIMP,2942.216,True,14,6,4,1,-0.4999999999999997,-0.8660254037844388,-0.7818314824680299,0.6234898018587334,2953.293,3260.541,3668.258,2940.3039999999996,170.80011861948594,3301.668,2026-04-20 18:00:00,2026-04-20 14:00:00
2026-04-19 18:00:00,2026-04-19 14:00:00,RFC,WEST,AEP,AEPKPT,513.402,True,14,6,4,1,-0.4999999999999997,-0.8660254037844388,-0.7818314824680299,0.6234898018587334,515.33,601.542,658.373,520.2739166666667,42.27587147577427,554.648,2026-04-20 18:00:00,2026-04-20 14:00:00
2026-04-19 18:00:00,2026-04-19 14:00:00,RFC,WEST,AEP,AEPOPT,7334.69,True,14,6,4,1,-0.4999999999999997,-0.8660254037844388,-0.7818314824680299,0.6234898018587334,7397.684,7875.641,8697.008,7093.827666666667,425.7312333501772,7868.695,2026-04-20 18:00:00,2026-04-20 14:00:00
2026-04-19 19:00:00,2026-04-19 15:00:00,RFC,WEST,AEP,AEPAPT,3255.228,True,15,6,4,1,-0.7071067811865471,-0.7071067811865479,-0.7818314824680299,0.6234898018587334,3238.211,4240.6,4482.698,3453.967458333333,460.38093565408917,3684.005,2026-04-20 19:00:00,2026-04-20 15:00:00
2026-04-19 19:00:00,2026-04-19 15:00:00,RFC,WEST,AEP,AEPIMP,2952.742,True,15,6,4,1,-0.7071067811865471,-0.7071067811865479,-0.7818314824680299,0.6234898018587334,2942.216,3222.281,3643.057,2929.0732083333337,159.97121900515046,3252.983,2026-04-20 19:00:00,2026-04-20 15:00:00
2026-04-19 19:00:00,2026-04-19 15:00:00,RFC,WEST,AEP,AEPKPT,508.601,True,15,6,4,1,-0.7071067811865471,-0.7071067811865479,-0.7818314824680299,0.6234898018587334,513.402,599.576,674.481,516.4832916666667,38.79114565092374,549.927,2026-04-20 19:00:00,2026-04-20 15:00:00
2026-04-19 19:00:00,2026-04-19 15:00:00,RFC,WEST,AEP,AEPOPT,7402.15,True,15,6,4,1,-0.7071067811865471,-0.7071067811865479,-0.7818314824680299,0.6234898018587334,7334.69,7769.739,8732.978,7078.511458333333,406.5367714875766,7759.217,2026-04-20 19:00:00,2026-04-20 15:00:00
2026-04-19 20:00:00,2026-04-19 16:00:00,RFC,WEST,AEP,AEPAPT,3287.769,True,16,6,4,1,-0.8660254037844384,-0.5000000000000004,-0.7818314824680299,0.6234898018587334,3255.228,4276.812,4559.734,3412.757333333333,426.54599314459324,3702.929,2026-04-20 20:00:00,2026-04-20 16:00:00
2026-04-19 20:00:00,2026-04-19 16:00:00,RFC,WEST,AEP,AEPIMP,2970.308,True,16,6,4,1,-0.8660254037844384,-0.5000000000000004,-0.7818314824680299,0.6234898018587334,2952.742,3218.843,3671.58,2918.717583333333,147.99357088734743,3203.914,2026-04-20 20:00:00,2026-04-20 16:00:00
2026-04-19 20:00:00,2026-04-19 16:00:00,RFC,WEST,AEP,AEPKPT,512.811,True,16,6,4,1,-0.8660254037844384,-0.5000000000000004,-0.7818314824680299,0.6234898018587334,508.601,593.94,687.171,513.1029166666667,35.107918206229556,546.075,2026-04-20 20:00:00,2026-04-20 16:00:00
2026-04-19 20:00:00,2026-04-19 16:00:00,RFC,WEST,AEP,AEPOPT,7357.624,True,16,6,4,1,-0.8660254037844384,-0.5000000000000004,-0.7818314824680299,0.6234898018587334,7402.15,7740.106,8970.074,7062.574708333334,386.47573322123276,7707.61,2026-04-20 20:00:00,2026-04-20 16:00:00
2026-04-19 21:00:00,2026-04-19 17:00:00,RFC,WEST,AEP,AEPAPT,3381.527,True,17,6,4,1,-0.9659258262890683,-0.25881904510252063,-0.7818314824680299,0.6234898018587334,3287.769,4312.26,4577.113,3373.9767916666665,381.09853197268353,3739.881,2026-04-20 21:00:00,2026-04-20 17:00:00
2026-04-19 21:00:00,2026-04-19 17:00:00,RFC,WEST,AEP,AEPIMP,2966.226,True,17,6,4,1,-0.9659258262890683,-0.25881904510252063,-0.7818314824680299,0.6234898018587334,2970.308,3190.337,3725.071,2909.379625,136.75357630098623,3179.521,2026-04-20 21:00:00,2026-04-20 17:00:00
2026-04-19 21:00:00,2026-04-19 17:00:00,RFC,WEST,AEP,AEPKPT,517.423,True,17,6,4,1,-0.9659258262890683,-0.25881904510252063,-0.7818314824680299,0.6234898018587334,512.811,588.844,690.822,510.1270416666666,31.220413907623698,551.209,2026-04-20 21:00:00,2026-04-20 17:00:00
2026-04-19 21:00:00,2026-04-19 17:00:00,RFC,WEST,AEP,AEPOPT,7515.588,True,17,6,4,1,-0.9659258262890683,-0.25881904510252063,-0.7818314824680299,0.6234898018587334,7357.624,7625.452,8954.515,7057.9970416666665,380.11712157693296,7716.902,2026-04-20 21:00:00,2026-04-20 17:00:00
2026-04-19 22:00:00,2026-04-19 18:00:00,RFC,WEST,AEP,AEPAPT,3439.317,True,18,6,4,1,-1.0,-1.8369701987210297e-16,-0.7818314824680299,0.6234898018587334,3381.527,4273.041,4555.742,3339.238291666667,330.17917833878255,3824.156,2026-04-20 22:00:00,2026-04-20 18:00:00
2026-04-19 22:00:00,2026-04-19 18:00:00,RFC,WEST,AEP,AEPIMP,2999.884,True,18,6,4,1,-1.0,-1.8369701987210297e-16,-0.7818314824680299,0.6234898018587334,2966.226,3092.672,3658.029,2905.5134583333333,132.59478116227635,3179.453,2026-04-20 22:00:00,2026-04-20 18:00:00
2026-04-19 22:00:00,2026-04-19 18:00:00,RFC,WEST,AEP,AEPKPT,522.999,True,18,6,4,1,-1.0,-1.8369701987210297e-16,-0.7818314824680299,0.6234898018587334,517.423,577.004,669.412,507.8768333333334,27.96742272509199,552.081,2026-04-20 22:00:00,2026-04-20 18:00:00
2026-04-19 22:00:00,2026-04-19 18:00:00,RFC,WEST,AEP,AEPOPT,7538.442,True,18,6,4,1,-1.0,-1.8369701987210297e-16,-0.7818314824680299,0.6234898018587334,7515.588,7489.312,8931.661,7060.044125,382.664672831706,7706.736,2026-04-20 22:00:00,2026-04-20 18:00:00
2026-04-19 23:00:00,2026-04-19 19:00:00,RFC,WEST,AEP,AEPAPT,3521.171,True,19,6,4,1,-0.9659258262890684,0.2588190451025203,-0.7818314824680299,0.6234898018587334,3439.317,4181.912,4429.406,3311.707416666666,280.7002439057943,3949.43,2026-04-20 23:00:00,2026-04-20 19:00:00
2026-04-19 23:00:00,2026-04-19 19:00:00,RFC,WEST,AEP,AEPIMP,3086.98,True,19,6,4,1,-0.9659258262890684,0.2588190451025203,-0.7818314824680299,0.6234898018587334,2999.884,3160.946,3658.697,2902.4315416666664,127.14729786625169,3203.274,2026-04-20 23:00:00,2026-04-20 19:00:00
2026-04-19 23:00:00,2026-04-19 19:00:00,RFC,WEST,AEP,AEPKPT,530.511,True,19,6,4,1,-0.9659258262890684,0.2588190451025203,-0.7818314824680299,0.6234898018587334,522.999,567.645,637.347,506.32958333333335,25.429083872632553,562.088,2026-04-20 23:00:00,2026-04-20 19:00:00
2026-04-19 23:00:00,2026-04-19 19:00:00,RFC,WEST,AEP,AEPOPT,7595.748,True,19,6,4,1,-0.9659258262890684,0.2588190451025203,-0.7818314824680299,0.6234898018587334,7538.442,7395.245,8763.033,7068.398416666667,392.3666068933677,7741.648,2026-04-20 23:00:00,2026-04-20 19:00:00
2026-04-20 00:00:00,2026-04-19 20:00:00,RFC,WEST,AEP,AEPAPT,3656.511,True,20,6,4,1,-0.8660254037844386,0.5000000000000001,-0.7818314824680299,0.6234898018587334,3521.171,4090.558,4272.72,3293.622125,239.2617116020026,4102.154,2026-04-21 00:00:00,2026-04-20 20:00:00
2026-04-20 00:00:00,2026-04-19 20:00:00,RFC,WEST,AEP,AEPIMP,3125.169,True,20,6,4,1,-0.8660254037844386,0.5000000000000001,-0.7818314824680299,0.6234898018587334,3086.98,3134.647,3551.548,2902.036625,126.407248415161,3296.233,2026-04-21 00:00:00,2026-04-20 20:00:00
2026-04-20 00:00:00,2026-04-19 20:00:00,RFC,WEST,AEP,AEPKPT,554.593,True,20,6,4,1,-0.8660254037844386,0.5000000000000001,-0.7818314824680299,0.6234898018587334,530.511,557.318,617.579,506.2160416666666,25.1965408296601,580.784,2026-04-21 00:00:00,2026-04-20 20:00:00
2026-04-20 00:00:00,2026-04-19 20:00:00,RFC,WEST,AEP,AEPOPT,7774.417,True,20,6,4,1,-0.8660254037844386,0.5000000000000001,-0.7818314824680299,0.6234898018587334,7595.748,7401.917,8503.73,7083.919249999999,412.96024815965933,8031.05,2026-04-21 00:00:00,2026-04-20 20:00:00
2026-04-20 01:00:00,2026-04-19 21:00:00,RFC,WEST,AEP,AEPAPT,3659.758,True,21,6,4,1,-0.7071067811865477,0.7071067811865474,-0.7818314824680299,0.6234898018587334,3656.511,3901.058,4067.675,3283.567958333333,216.62559355385602,4070.777,2026-04-21 01:00:00,2026-04-20 21:00:00
2026-04-20 01:00:00,2026-04-19 21:00:00,RFC,WEST,AEP,AEPIMP,3158.81,True,21,6,4,1,-0.7071067811865477,0.7071067811865474,-0.7818314824680299,0.6234898018587334,3125.169,3126.38,3513.284,2903.387875,129.05526648258964,3293.573,2026-04-21 01:00:00,2026-04-20 21:00:00
2026-04-20 01:00:00,2026-04-19 21:00:00,RFC,WEST,AEP,AEPKPT,552.398,True,21,6,4,1,-0.7071067811865477,0.7071067811865474,-0.7818314824680299,0.6234898018587334,554.593,548.04,588.236,506.397625,25.524624810616867,583.903,2026-04-21 01:00:00,2026-04-20 21:00:00
2026-04-20 01:00:00,2026-04-19 21:00:00,RFC,WEST,AEP,AEPOPT,7720.423,True,21,6,4,1,-0.7071067811865477,0.7071067811865474,-0.7818314824680299,0.6234898018587334,7774.417,7349.78,8260.642,7099.362708333333,429.91722694371913,7956.864,2026-04-21 01:00:00,2026-04-20 21:00:00
2026-04-20 02:00:00,2026-04-19 22:00:00,RFC,WEST,AEP,AEPAPT,3521.638,True,22,6,4,1,-0.5000000000000004,0.8660254037844384,-0.7818314824680299,0.6234898018587334,3659.758,3677.714,3777.398,3277.064791666667,206.37915227286103,3925.865,2026-04-21 02:00:00,2026-04-20 22:00:00
2026-04-20 02:00:00,2026-04-19 22:00:00,RFC,WEST,AEP,AEPIMP,3072.82,True,22,6,4,1,-0.5000000000000004,0.8660254037844384,-0.7818314824680299,0.6234898018587334,3158.81,3038.278,3385.216,2904.827125,130.80573151658106,3181.854,2026-04-21 02:00:00,2026-04-20 22:00:00
2026-04-20 02:00:00,2026-04-19 22:00:00,RFC,WEST,AEP,AEPKPT,530.26,True,22,6,4,1,-0.5000000000000004,0.8660254037844384,-0.7818314824680299,0.6234898018587334,552.398,518.866,553.528,506.872375,25.870238157609887,570.433,2026-04-21 02:00:00,2026-04-20 22:00:00
2026-04-20 02:00:00,2026-04-19 22:00:00,RFC,WEST,AEP,AEPOPT,7432.878,True,22,6,4,1,-0.5000000000000004,0.8660254037844384,-0.7818314824680299,0.6234898018587334,7720.423,7053.773,7911.044,7115.15875,435.1026154039901,7751.122,2026-04-21 02:00:00,2026-04-20 22:00:00
2026-04-20 03:00:00,2026-04-19 23:00:00,RFC,WEST,AEP,AEPAPT,3389.068,True,23,6,4,1,-0.25881904510252157,0.9659258262890681,-0.7818314824680299,0.6234898018587334,3521.638,3447.022,3498.747,3274.6500416666663,204.63578195831454,3804.191,2026-04-21 03:00:00,2026-04-20 23:00:00
2026-04-20 03:00:00,2026-04-19 23:00:00,RFC,WEST,AEP,AEPIMP,2924.374,True,23,6,4,1,-0.25881904510252157,0.9659258262890681,-0.7818314824680299,0.6234898018587334,3072.82,2961.102,3191.3,2903.296791666667,130.33272117893773,3058.493,2026-04-21 03:00:00,2026-04-20 23:00:00
2026-04-20 03:00:00,2026-04-19 23:00:00,RFC,WEST,AEP,AEPKPT,516.498,True,23,6,4,1,-0.25881904510252157,0.9659258262890681,-0.7818314824680299,0.6234898018587334,530.26,502.869,518.498,507.44024999999993,25.92805949453425,554.281,2026-04-21 03:00:00,2026-04-20 23:00:00
2026-04-20 03:00:00,2026-04-19 23:00:00,RFC,WEST,AEP,AEPOPT,7217.031,True,23,6,4,1,-0.25881904510252157,0.9659258262890681,-0.7818314824680299,0.6234898018587334,7432.878,6806.44,7564.533,7132.266708333334,430.4837971712502,7474.38,2026-04-21 03:00:00,2026-04-20 23:00:00
2026-04-20 04:00:00,2026-04-20 00:00:00,RFC,WEST,AEP,AEPAPT,3309.106,True,0,0,4,0,0.0,1.0,0.0,1.0,3389.068,3253.279,3249.92,3276.976166666667,204.69957902181224,3744.027,2026-04-21 04:00:00,2026-04-21 00:00:00
2026-04-20 04:00:00,2026-04-20 00:00:00,RFC,WEST,AEP,AEPIMP,2945.894,True,0,0,4,0,0.0,1.0,0.0,1.0,2924.374,2841.121,3084.229,2907.6623333333337,129.9136035684502,2984.783,2026-04-21 04:00:00,2026-04-21 00:00:00
2026-04-20 04:00:00,2026-04-20 00:00:00,RFC,WEST,AEP,AEPKPT,501.811,True,0,0,4,0,0.0,1.0,0.0,1.0,516.498,498.038,488.544,507.59745833333335,25.879966395009443,552.235,2026-04-21 04:00:00,2026-04-21 00:00:00
2026-04-20 04:00:00,2026-04-20 00:00:00,RFC,WEST,AEP,AEPOPT,7071.437,True,0,0,4,0,0.0,1.0,0.0,1.0,7217.031,6677.409,7152.227,7148.684541666666,419.7623822641393,7359.443,2026-04-21 04:00:00,2026-04-21 00:00:00
2026-04-20 05:00:00,2026-04-20 01:00:00,RFC,WEST,AEP,AEPAPT,3292.9,True,1,0,4,0,0.25881904510252074,0.9659258262890683,0.0,1.0,3309.106,3140.084,3076.993,3283.3434999999995,202.62249958245135,3750.217,2026-04-21 05:00:00,2026-04-21 01:00:00
2026-04-20 05:00:00,2026-04-20 01:00:00,RFC,WEST,AEP,AEPIMP,2920.003,True,1,0,4,0,0.25881904510252074,0.9659258262890683,0.0,1.0,2945.894,2805.214,2947.325,2912.445208333333,128.07795361179467,2969.603,2026-04-21 05:00:00,2026-04-21 01:00:00
2026-04-20 05:00:00,2026-04-20 01:00:00,RFC,WEST,AEP,AEPKPT,496.478,True,1,0,4,0,0.25881904510252074,0.9659258262890683,0.0,1.0,501.811,486.342,474.728,508.01979166666666,25.599200282988484,554.442,2026-04-21 05:00:00,2026-04-21 01:00:00
2026-04-20 05:00:00,2026-04-20 01:00:00,RFC,WEST,AEP,AEPOPT,6925.31,True,1,0,4,0,0.25881904510252074,0.9659258262890683,0.0,1.0,7071.437,6527.726,6848.705,7165.250541666665,401.64503162269574,7300.125,2026-04-21 05:00:00,2026-04-21 01:00:00
2026-04-20 06:00:00,2026-04-20 02:00:00,RFC,WEST,AEP,AEPAPT,3306.533,True,2,0,4,0,0.49999999999999994,0.8660254037844387,0.0,1.0,3292.9,3029.319,2998.913,3294.894083333333,195.28045625111068,3787.443,2026-04-21 06:00:00,2026-04-21 02:00:00
2026-04-20 06:00:00,2026-04-20 02:00:00,RFC,WEST,AEP,AEPIMP,2905.54,True,2,0,4,0,0.49999999999999994,0.8660254037844387,0.0,1.0,2920.003,2753.709,2954.725,2918.7714999999994,123.56675743832422,2973.16,2026-04-21 06:00:00,2026-04-21 02:00:00
2026-04-20 06:00:00,2026-04-20 02:00:00,RFC,WEST,AEP,AEPKPT,496.385,True,2,0,4,0,0.49999999999999994,0.8660254037844387,0.0,1.0,496.478,472.846,462.509,509.0005833333334,24.625388251039393,563.846,2026-04-21 06:00:00,2026-04-21 02:00:00
2026-04-20 06:00:00,2026-04-20 02:00:00,RFC,WEST,AEP,AEPOPT,6945.386,True,2,0,4,0,0.49999999999999994,0.8660254037844387,0.0,1.0,6925.31,6477.427,6809.843,7184.748833333332,377.4309965132641,7280.652,2026-04-21 06:00:00,2026-04-21 02:00:00
2026-04-20 07:00:00,2026-04-20 03:00:00,RFC,WEST,AEP,AEPAPT,3345.44,True,3,0,4,0,0.7071067811865475,0.7071067811865476,0.0,1.0,3306.533,2974.523,2948.192,3310.3489583333335,183.12234974356332,3883.471,2026-04-21 07:00:00,2026-04-21 03:00:00
2026-04-20 07:00:00,2026-04-20 03:00:00,RFC,WEST,AEP,AEPIMP,2958.262,True,3,0,4,0,0.7071067811865475,0.7071067811865476,0.0,1.0,2905.54,2713.517,2894.649,2928.9692083333334,115.74247148056146,2990.103,2026-04-21 07:00:00,2026-04-21 03:00:00
2026-04-20 07:00:00,2026-04-20 03:00:00,RFC,WEST,AEP,AEPKPT,505.467,True,3,0,4,0,0.7071067811865475,0.7071067811865476,0.0,1.0,496.385,470.698,457.632,510.44929166666674,23.25889483986803,573.289,2026-04-21 07:00:00,2026-04-21 03:00:00
2026-04-20 07:00:00,2026-04-20 03:00:00,RFC,WEST,AEP,AEPOPT,7040.253,True,3,0,4,0,0.7071067811865475,0.7071067811865476,0.0,1.0,6945.386,6468.291,6715.107,7208.580583333333,347.06107578521664,7304.477,2026-04-21 07:00:00,2026-04-21 03:00:00
2026-04-20 08:00:00,2026-04-20 04:00:00,RFC,WEST,AEP,AEPAPT,3475.645,True,4,0,4,0,0.8660254037844386,0.5000000000000001,0.0,1.0,3345.44,2952.613,2935.306,3332.141958333333,169.29863164511485,4053.094,2026-04-21 08:00:00,2026-04-21 04:00:00
2026-04-20 08:00:00,2026-04-20 04:00:00,RFC,WEST,AEP,AEPIMP,3018.088,True,4,0,4,0,0.8660254037844386,0.5000000000000001,0.0,1.0,2958.262,2687.857,2967.127,2942.728833333333,104.95932141615913,3046.872,2026-04-21 08:00:00,2026-04-21 04:00:00
2026-04-20 08:00:00,2026-04-20 04:00:00,RFC,WEST,AEP,AEPKPT,519.334,True,4,0,4,0,0.8660254037844386,0.5000000000000001,0.0,1.0,505.467,459.618,455.975,512.9374583333333,20.630271995464007,596.454,2026-04-21 08:00:00,2026-04-21 04:00:00
2026-04-20 08:00:00,2026-04-20 04:00:00,RFC,WEST,AEP,AEPOPT,7197.69,True,4,0,4,0,0.8660254037844386,0.5000000000000001,0.0,1.0,7040.253,6494.281,6700.583,7237.889291666666,312.05216107418266,7420.272,2026-04-21 08:00:00,2026-04-21 04:00:00
2026-04-20 09:00:00,2026-04-20 05:00:00,RFC,WEST,AEP,AEPAPT,3721.741,True,5,0,4,0,0.9659258262890683,0.25881904510252074,0.0,1.0,3475.645,2961.666,2973.81,3363.8117500000003,168.06962509528904,4304.492,2026-04-21 09:00:00,2026-04-21 05:00:00
2026-04-20 09:00:00,2026-04-20 05:00:00,RFC,WEST,AEP,AEPIMP,3223.349,True,5,0,4,0,0.9659258262890683,0.25881904510252074,0.0,1.0,3018.088,2717.973,3016.411,2963.7861666666668,108.54155343967217,3210.719,2026-04-21 09:00:00,2026-04-21 05:00:00
2026-04-20 09:00:00,2026-04-20 05:00:00,RFC,WEST,AEP,AEPKPT,549.4,True,5,0,4,0,0.9659258262890683,0.25881904510252074,0.0,1.0,519.334,464.014,459.897,516.4952083333334,19.134781611047572,628.238,2026-04-21 09:00:00,2026-04-21 05:00:00
2026-04-20 09:00:00,2026-04-20 05:00:00,RFC,WEST,AEP,AEPOPT,7458.666,True,5,0,4,0,0.9659258262890683,0.25881904510252074,0.0,1.0,7197.69,6513.491,6831.018,7277.271583333334,273.974529977852,7719.744,2026-04-21 09:00:00,2026-04-21 05:00:00
2026-04-20 10:00:00,2026-04-20 06:00:00,RFC,WEST,AEP,AEPAPT,4114.517,True,6,0,4,0,1.0,6.123233995736766e-17,0.0,1.0,3721.741,3013.763,3064.456,3409.6765,212.66718356562745,4673.757,2026-04-21 10:00:00,2026-04-21 06:00:00
2026-04-20 10:00:00,2026-04-20 06:00:00,RFC,WEST,AEP,AEPIMP,3441.196,True,6,0,4,0,1.0,6.123233995736766e-17,0.0,1.0,3223.349,2772.784,3068.954,2991.6366666666668,138.9075225397847,3408.582,2026-04-21 10:00:00,2026-04-21 06:00:00
2026-04-20 10:00:00,2026-04-20 06:00:00,RFC,WEST,AEP,AEPKPT,603.463,True,6,0,4,0,1.0,6.123233995736766e-17,0.0,1.0,549.4,475.047,467.298,521.8458750000001,24.29845991775933,683.545,2026-04-21 10:00:00,2026-04-21 06:00:00
2026-04-20 10:00:00,2026-04-20 06:00:00,RFC,WEST,AEP,AEPOPT,7904.29,True,6,0,4,0,1.0,6.123233995736766e-17,0.0,1.0,7458.666,6654.299,6978.352,7329.354541666667,269.16788173648195,8197.969,2026-04-21 10:00:00,2026-04-21 06:00:00
2026-04-20 11:00:00,2026-04-20 07:00:00,RFC,WEST,AEP,AEPAPT,4282.152,True,7,0,4,0,0.9659258262890683,-0.25881904510252063,0.0,1.0,4114.517,3088.977,3130.194,3459.3921250000003,266.96966935301697,4825.3,2026-04-21 11:00:00,2026-04-21 07:00:00
2026-04-20 11:00:00,2026-04-20 07:00:00,RFC,WEST,AEP,AEPIMP,3546.225,True,7,0,4,0,0.9659258262890683,-0.25881904510252063,0.0,1.0,3441.196,2779.639,3116.377,3023.5777500000004,172.18942012976987,3501.209,2026-04-21 11:00:00,2026-04-21 07:00:00
2026-04-20 11:00:00,2026-04-20 07:00:00,RFC,WEST,AEP,AEPKPT,623.813,True,7,0,4,0,0.9659258262890683,-0.25881904510252063,0.0,1.0,603.463,483.989,473.4,527.671875,30.736669448880576,703.43,2026-04-21 11:00:00,2026-04-21 07:00:00
2026-04-20 11:00:00,2026-04-20 07:00:00,RFC,WEST,AEP,AEPOPT,8190.905,True,7,0,4,0,0.9659258262890683,-0.25881904510252063,0.0,1.0,7904.29,6899.962,7077.168,7383.143833333333,306.0856192173953,8295.709,2026-04-21 11:00:00,2026-04-21 07:00:00
2026-04-20 12:00:00,2026-04-20 08:00:00,RFC,WEST,AEP,AEPAPT,4185.637,True,8,0,4,0,0.8660254037844387,-0.4999999999999998,0.0,1.0,4282.152,3253.38,3214.711,3498.236166666667,301.30531195026515,4576.751,2026-04-21 12:00:00,2026-04-21 08:00:00
2026-04-20 12:00:00,2026-04-20 08:00:00,RFC,WEST,AEP,AEPIMP,3514.119,True,8,0,4,0,0.8660254037844387,-0.4999999999999998,0.0,1.0,3546.225,2870.173,3078.481,3050.408833333333,195.79841554042508,3462.54,2026-04-21 12:00:00,2026-04-21 08:00:00
2026-04-20 12:00:00,2026-04-20 08:00:00,RFC,WEST,AEP,AEPKPT,630.778,True,8,0,4,0,0.8660254037844387,-0.4999999999999998,0.0,1.0,623.813,510.03,492.856,532.7030416666666,36.97309213642534,691.332,2026-04-21 12:00:00,2026-04-21 08:00:00
2026-04-20 12:00:00,2026-04-20 08:00:00,RFC,WEST,AEP,AEPOPT,8151.723,True,8,0,4,0,0.8660254037844387,-0.4999999999999998,0.0,1.0,8190.905,6993.816,7383.423,7431.389958333333,332.19340833673505,8294.833,2026-04-21 12:00:00,2026-04-21 08:00:00
2026-04-20 13:00:00,2026-04-20 09:00:00,RFC,WEST,AEP,AEPAPT,4099.638,True,9,0,4,0,0.7071067811865476,-0.7071067811865475,0.0,1.0,4185.637,3385.16,3281.575,3528.006083333333,324.08268458942047,4267.72,2026-04-21 13:00:00,2026-04-21 09:00:00
2026-04-20 13:00:00,2026-04-20 09:00:00,RFC,WEST,AEP,AEPIMP,3486.446,True,9,0,4,0,0.7071067811865476,-0.7071067811865475,0.0,1.0,3514.119,2857.308,3222.122,3076.622916666667,210.39297104184578,3442.018,2026-04-21 13:00:00,2026-04-21 09:00:00
2026-04-20 13:00:00,2026-04-20 09:00:00,RFC,WEST,AEP,AEPKPT,621.78,True,9,0,4,0,0.7071067811865476,-0.7071067811865475,0.0,1.0,630.778,526.229,507.682,536.6843333333334,41.15379128783033,649.587,2026-04-21 13:00:00,2026-04-21 09:00:00
2026-04-20 13:00:00,2026-04-20 09:00:00,RFC,WEST,AEP,AEPOPT,8146.174,True,9,0,4,0,0.7071067811865476,-0.7071067811865475,0.0,1.0,8151.723,7242.947,7576.11,7469.024416666666,359.9226735342856,8173.483,2026-04-21 13:00:00,2026-04-21 09:00:00
2026-04-20 14:00:00,2026-04-20 10:00:00,RFC,WEST,AEP,AEPAPT,4031.405,True,10,0,4,0,0.49999999999999994,-0.8660254037844387,0.0,1.0,4099.638,3354.677,3413.936,3556.2030833333333,337.5078927980007,4065.345,2026-04-21 14:00:00,2026-04-21 10:00:00
2026-04-20 14:00:00,2026-04-20 10:00:00,RFC,WEST,AEP,AEPIMP,3403.843,True,10,0,4,0,0.49999999999999994,-0.8660254037844387,0.0,1.0,3486.446,2886.886,3329.747,3098.162791666667,216.49754977003585,3438.704,2026-04-21 14:00:00,2026-04-21 10:00:00
2026-04-20 14:00:00,2026-04-20 10:00:00,RFC,WEST,AEP,AEPKPT,611.534,True,10,0,4,0,0.49999999999999994,-0.8660254037844387,0.0,1.0,621.78,519.273,534.944,540.5285416666667,43.68774672802534,607.35,2026-04-21 14:00:00,2026-04-21 10:00:00
2026-04-20 14:00:00,2026-04-20 10:00:00,RFC,WEST,AEP,AEPOPT,8150.059,True,10,0,4,0,0.49999999999999994,-0.8660254037844387,0.0,1.0,8146.174,7333.099,7881.808,7503.064416666667,384.3143345284804,8168.537,2026-04-21 14:00:00,2026-04-21 10:00:00
2026-04-20 15:00:00,2026-04-20 11:00:00,RFC,WEST,AEP,AEPAPT,3987.055,True,11,0,4,0,0.258819045102521,-0.9659258262890682,0.0,1.0,4031.405,3309.369,3563.756,3584.44,344.2406156350237,3901.473,2026-04-21 15:00:00,2026-04-21 11:00:00
2026-04-20 15:00:00,2026-04-20 11:00:00,RFC,WEST,AEP,AEPIMP,3431.359,True,11,0,4,0,0.258819045102521,-0.9659258262890682,0.0,1.0,3403.843,2917.741,3320.369,3119.5635416666664,223.17016594127296,3401.667,2026-04-21 15:00:00,2026-04-21 11:00:00
2026-04-20 15:00:00,2026-04-20 11:00:00,RFC,WEST,AEP,AEPKPT,598.405,True,11,0,4,0,0.258819045102521,-0.9659258262890682,0.0,1.0,611.534,517.767,552.584,543.8884583333333,44.94387882873588,582.725,2026-04-21 15:00:00,2026-04-21 11:00:00
2026-04-20 15:00:00,2026-04-20 11:00:00,RFC,WEST,AEP,AEPOPT,8082.387,True,11,0,4,0,0.258819045102521,-0.9659258262890682,0.0,1.0,8150.059,7285.315,7968.884,7536.275750000001,398.84456495537995,8044.885,2026-04-21 15:00:00,2026-04-21 11:00:00
2026-04-20 16:00:00,2026-04-20 12:00:00,RFC,WEST,AEP,AEPAPT,3875.175,True,12,0,4,0,1.2246467991473532e-16,-1.0,0.0,1.0,3987.055,3270.168,3710.386,3609.6486250000003,342.37313671220636,3791.238,2026-04-21 16:00:00,2026-04-21 12:00:00
2026-04-20 16:00:00,2026-04-20 12:00:00,RFC,WEST,AEP,AEPIMP,3373.607,True,12,0,4,0,1.2246467991473532e-16,-1.0,0.0,1.0,3431.359,2922.379,3264.746,3138.364708333333,224.83674759999158,3427.902,2026-04-21 16:00:00,2026-04-21 12:00:00
2026-04-20 16:00:00,2026-04-20 12:00:00,RFC,WEST,AEP,AEPKPT,578.438,True,12,0,4,0,1.2246467991473532e-16,-1.0,0.0,1.0,598.405,519.849,570.03,546.3296666666666,45.17196559108663,566.207,2026-04-21 16:00:00,2026-04-21 12:00:00
2026-04-20 16:00:00,2026-04-20 12:00:00,RFC,WEST,AEP,AEPOPT,8010.397,True,12,0,4,0,1.2246467991473532e-16,-1.0,0.0,1.0,8082.387,7319.663,7998.8,7565.056333333334,407.36485353844193,7961.158,2026-04-21 16:00:00,2026-04-21 12:00:00
2026-04-20 17:00:00,2026-04-20 13:00:00,RFC,WEST,AEP,AEPAPT,3830.024,True,13,0,4,0,-0.2588190451025208,-0.9659258262890683,0.0,1.0,3875.175,3254.425,3893.252,3633.6319166666667,336.51811195637896,3743.16,2026-04-21 17:00:00,2026-04-21 13:00:00
2026-04-20 17:00:00,2026-04-20 13:00:00,RFC,WEST,AEP,AEPIMP,3337.982,True,13,0,4,0,-0.2588190451025208,-0.9659258262890683,0.0,1.0,3373.607,2953.293,3278.742,3154.3934166666672,224.78157598643543,3398.187,2026-04-21 17:00:00,2026-04-21 13:00:00
2026-04-20 17:00:00,2026-04-20 13:00:00,RFC,WEST,AEP,AEPKPT,564.94,True,13,0,4,0,-0.2588190451025208,-0.9659258262890683,0.0,1.0,578.438,515.33,590.819,548.39675,44.825490662704105,563.224,2026-04-21 17:00:00,2026-04-21 13:00:00
2026-04-20 17:00:00,2026-04-20 13:00:00,RFC,WEST,AEP,AEPOPT,7966.609,True,13,0,4,0,-0.2588190451025208,-0.9659258262890683,0.0,1.0,8010.397,7397.684,7928.83,7588.761541666667,413.70570353467406,7948.553,2026-04-21 17:00:00,2026-04-21 13:00:00
2026-04-20 18:00:00,2026-04-20 14:00:00,RFC,WEST,AEP,AEPAPT,3752.114,True,14,0,4,0,-0.4999999999999997,-0.8660254037844388,0.0,1.0,3830.024,3238.211,4083.571,3655.044541666666,326.46315479071893,3680.707,2026-04-21 18:00:00,2026-04-21 14:00:00
2026-04-20 18:00:00,2026-04-20 14:00:00,RFC,WEST,AEP,AEPIMP,3301.668,True,14,0,4,0,-0.4999999999999997,-0.8660254037844388,0.0,1.0,3337.982,2942.216,3260.541,3169.3705833333333,221.98730702136527,3340.192,2026-04-21 18:00:00,2026-04-21 14:00:00
2026-04-20 18:00:00,2026-04-20 14:00:00,RFC,WEST,AEP,AEPKPT,554.648,True,14,0,4,0,-0.4999999999999997,-0.8660254037844388,0.0,1.0,564.94,513.402,601.542,550.1153333333333,44.21195343644825,568.479,2026-04-21 18:00:00,2026-04-21 14:00:00
2026-04-20 18:00:00,2026-04-20 14:00:00,RFC,WEST,AEP,AEPOPT,7868.695,True,14,0,4,0,-0.4999999999999997,-0.8660254037844388,0.0,1.0,7966.609,7334.69,7875.641,7611.011750000001,413.8070376007714,7943.972,2026-04-21 18:00:00,2026-04-21 14:00:00
2026-04-20 19:00:00,2026-04-20 15:00:00,RFC,WEST,AEP,AEPAPT,3684.005,True,15,0,4,0,-0.7071067811865471,-0.7071067811865479,0.0,1.0,3752.114,3255.228,4240.6,3672.9102500000004,315.16892912410776,3672.945,2026-04-21 19:00:00,2026-04-21 15:00:00
2026-04-20 19:00:00,2026-04-20 15:00:00,RFC,WEST,AEP,AEPIMP,3252.983,True,15,0,4,0,-0.7071067811865471,-0.7071067811865479,0.0,1.0,3301.668,2952.742,3222.281,3181.8806250000002,217.6664229554964,3288.087,2026-04-21 19:00:00,2026-04-21 15:00:00
2026-04-20 19:00:00,2026-04-20 15:00:00,RFC,WEST,AEP,AEPKPT,549.927,True,15,0,4,0,-0.7071067811865471,-0.7071067811865479,0.0,1.0,554.648,508.601,599.576,551.8372499999999,43.32057583347066,575.506,2026-04-21 19:00:00,2026-04-21 15:00:00
2026-04-20 19:00:00,2026-04-20 15:00:00,RFC,WEST,AEP,AEPOPT,7759.217,True,15,0,4,0,-0.7071067811865471,-0.7071067811865479,0.0,1.0,7868.695,7402.15,7769.739,7625.889541666666,412.38770685193646,7949.112,2026-04-21 19:00:00,2026-04-21 15:00:00
2026-04-20 20:00:00,2026-04-20 16:00:00,RFC,WEST,AEP,AEPAPT,3702.929,True,16,0,4,0,-0.8660254037844384,-0.5000000000000004,0.0,1.0,3684.005,3287.769,4276.812,3690.2085833333335,304.3174262533593,3740.584,2026-04-21 20:00:00,2026-04-21 16:00:00
2026-04-20 20:00:00,2026-04-20 16:00:00,RFC,WEST,AEP,AEPIMP,3203.914,True,16,0,4,0,-0.8660254037844384,-0.5000000000000004,0.0,1.0,3252.983,2970.308,3218.843,3191.614208333334,212.9664312380136,3312.816,2026-04-21 20:00:00,2026-04-21 16:00:00
2026-04-20 20:00:00,2026-04-20 16:00:00,RFC,WEST,AEP,AEPKPT,546.075,True,16,0,4,0,-0.8660254037844384,-0.5000000000000004,0.0,1.0,549.927,512.811,593.94,553.22325,42.542824518615895,582.147,2026-04-21 20:00:00,2026-04-21 16:00:00
2026-04-20 20:00:00,2026-04-20 16:00:00,RFC,WEST,AEP,AEPOPT,7707.61,True,16,0,4,0,-0.8660254037844384,-0.5000000000000004,0.0,1.0,7759.217,7357.624,7740.106,7640.472291666666,408.660130482786,7954.492,2026-04-21 20:00:00,2026-04-21 16:00:00
2026-04-20 21:00:00,2026-04-20 17:00:00,RFC,WEST,AEP,AEPAPT,3739.881,True,17,0,4,0,-0.9659258262890683,-0.25881904510252063,0.0,1.0,3702.929,3381.527,4312.26,3705.14,297.2220296120284,3827.71,2026-04-21 21:00:00,2026-04-21 17:00:00
2026-04-20 21:00:00,2026-04-20 17:00:00,RFC,WEST,AEP,AEPIMP,3179.521,True,17,0,4,0,-0.9659258262890683,-0.25881904510252063,0.0,1.0,3203.914,2966.226,3190.337,3200.5015,207.53301524083602,3320.319,2026-04-21 21:00:00,2026-04-21 17:00:00
2026-04-20 21:00:00,2026-04-20 17:00:00,RFC,WEST,AEP,AEPKPT,551.209,True,17,0,4,0,-0.9659258262890683,-0.25881904510252063,0.0,1.0,546.075,517.423,588.844,554.631,41.86019753998976,584.205,2026-04-21 21:00:00,2026-04-21 17:00:00
2026-04-20 21:00:00,2026-04-20 17:00:00,RFC,WEST,AEP,AEPOPT,7716.902,True,17,0,4,0,-0.9659258262890683,-0.25881904510252063,0.0,1.0,7707.61,7515.588,7625.452,7648.860375,408.05094135656145,7973.662,2026-04-21 21:00:00,2026-04-21 17:00:00
2026-04-20 22:00:00,2026-04-20 18:00:00,RFC,WEST,AEP,AEPAPT,3824.156,True,18,0,4,0,-1.0,-1.8369701987210297e-16,0.0,1.0,3739.881,3439.317,4273.041,3721.1749583333335,292.60253245589786,3887.839,2026-04-21 22:00:00,2026-04-21 18:00:00
2026-04-20 22:00:00,2026-04-20 18:00:00,RFC,WEST,AEP,AEPIMP,3179.453,True,18,0,4,0,-1.0,-1.8369701987210297e-16,0.0,1.0,3179.521,2999.884,3092.672,3207.9835416666665,203.17705074637436,3258.961,2026-04-21 22:00:00,2026-04-21 18:00:00
2026-04-20 22:00:00,2026-04-20 18:00:00,RFC,WEST,AEP,AEPKPT,552.081,True,18,0,4,0,-1.0,-1.8369701987210297e-16,0.0,1.0,551.209,522.999,577.004,555.8427499999999,41.32218592354488,573.401,2026-04-21 22:00:00,2026-04-21 18:00:00
2026-04-20 22:00:00,2026-04-20 18:00:00,RFC,WEST,AEP,AEPOPT,7706.736,True,18,0,4,0,-1.0,-1.8369701987210297e-16,0.0,1.0,7716.902,7538.442,7489.312,7655.872625,407.51662424854845,7964.727,2026-04-21 22:00:00,2026-04-21 18:00:00
2026-04-20 23:00:00,2026-04-20 19:00:00,RFC,WEST,AEP,AEPAPT,3949.43,True,19,0,4,0,-0.9659258262890684,0.2588190451025203,0.0,1.0,3824.156,3521.171,4181.912,3739.019083333333,292.9334721592857,3914.173,2026-04-21 23:00:00,2026-04-21 19:00:00
2026-04-20 23:00:00,2026-04-20 19:00:00,RFC,WEST,AEP,AEPIMP,3203.274,True,19,0,4,0,-0.9659258262890684,0.2588190451025203,0.0,1.0,3179.453,3086.98,3160.946,3212.829125,201.54596317600988,3323.055,2026-04-21 23:00:00,2026-04-21 19:00:00
2026-04-20 23:00:00,2026-04-20 19:00:00,RFC,WEST,AEP,AEPKPT,562.088,True,19,0,4,0,-0.9659258262890684,0.2588190451025203,0.0,1.0,552.081,530.511,567.645,557.1584583333333,40.98185685841258,570.482,2026-04-21 23:00:00,2026-04-21 19:00:00
2026-04-20 23:00:00,2026-04-20 19:00:00,RFC,WEST,AEP,AEPOPT,7741.648,True,19,0,4,0,-0.9659258262890684,0.2588190451025203,0.0,1.0,7706.736,7595.748,7395.245,7661.951791666666,407.66892321139534,8042.592,2026-04-21 23:00:00,2026-04-21 19:00:00
2026-04-21 00:00:00,2026-04-20 20:00:00,RFC,WEST,AEP,AEPAPT,4102.154,True,20,0,4,0,-0.8660254037844386,0.5000000000000001,0.0,1.0,3949.43,3656.511,4090.558,3757.587541666667,301.4757124812596,3971.657,2026-04-22 00:00:00,2026-04-21 20:00:00
2026-04-21 00:00:00,2026-04-20 20:00:00,RFC,WEST,AEP,AEPIMP,3296.233,True,20,0,4,0,-0.8660254037844386,0.5000000000000001,0.0,1.0,3203.274,3125.169,3134.647,3219.956791666667,201.33580568271478,3315.779,2026-04-22 00:00:00,2026-04-21 20:00:00
2026-04-21 00:00:00,2026-04-20 20:00:00,RFC,WEST,AEP,AEPKPT,580.784,True,20,0,4,0,-0.8660254037844386,0.5000000000000001,0.0,1.0,562.088,554.593,557.318,558.2497500000001,41.25835474206107,582.603,2026-04-22 00:00:00,2026-04-21 20:00:00
2026-04-21 00:00:00,2026-04-20 20:00:00,RFC,WEST,AEP,AEPOPT,8031.05,True,20,0,4,0,-0.8660254037844386,0.5000000000000001,0.0,1.0,7741.648,7774.417,7401.917,7672.644833333333,414.06267897984213,8173.216,2026-04-22 00:00:00,2026-04-21 20:00:00
2026-04-21 01:00:00,2026-04-20 21:00:00,RFC,WEST,AEP,AEPAPT,4070.777,True,21,0,4,0,-0.7071067811865477,0.7071067811865474,0.0,1.0,4102.154,3659.758,3901.058,3774.7133333333336,307.2948528688825,3879.978,2026-04-22 01:00:00,2026-04-21 21:00:00
2026-04-21 01:00:00,2026-04-20 21:00:00,RFC,WEST,AEP,AEPIMP,3293.573,True,21,0,4,0,-0.7071067811865477,0.7071067811865474,0.0,1.0,3296.233,3158.81,3126.38,3225.5719166666663,201.43551755551698,3244.681,2026-04-22 01:00:00,2026-04-21 21:00:00
2026-04-21 01:00:00,2026-04-20 21:00:00,RFC,WEST,AEP,AEPKPT,583.903,True,21,0,4,0,-0.7071067811865477,0.7071067811865474,0.0,1.0,580.784,552.398,548.04,559.5624583333333,41.5641367202851,569.292,2026-04-22 01:00:00,2026-04-21 21:00:00
2026-04-21 01:00:00,2026-04-20 21:00:00,RFC,WEST,AEP,AEPOPT,7956.864,True,21,0,4,0,-0.7071067811865477,0.7071067811865474,0.0,1.0,8031.05,7720.423,7349.78,7682.496541666666,418.0425494555495,8024.882,2026-04-22 01:00:00,2026-04-21 21:00:00
2026-04-21 02:00:00,2026-04-20 22:00:00,RFC,WEST,AEP,AEPAPT,3925.865,True,22,0,4,0,-0.5000000000000004,0.8660254037844384,0.0,1.0,4070.777,3521.638,3677.714,3791.5561249999996,303.8795744484676,3694.809,2026-04-22 02:00:00,2026-04-21 22:00:00
2026-04-21 02:00:00,2026-04-20 22:00:00,RFC,WEST,AEP,AEPIMP,3181.854,True,22,0,4,0,-0.5000000000000004,0.8660254037844384,0.0,1.0,3293.573,3072.82,3038.278,3230.115,199.05613316893957,3128.823,2026-04-22 02:00:00,2026-04-21 22:00:00
2026-04-21 02:00:00,2026-04-20 22:00:00,RFC,WEST,AEP,AEPKPT,570.433,True,22,0,4,0,-0.5000000000000004,0.8660254037844384,0.0,1.0,583.903,530.26,518.866,561.2363333333334,41.13951429683789,536.656,2026-04-22 02:00:00,2026-04-21 22:00:00
2026-04-21 02:00:00,2026-04-20 22:00:00,RFC,WEST,AEP,AEPOPT,7751.122,True,22,0,4,0,-0.5000000000000004,0.8660254037844384,0.0,1.0,7956.864,7432.878,7053.773,7695.756708333333,414.81532042054585,7615.192,2026-04-22 02:00:00,2026-04-21 22:00:00
2026-04-21 03:00:00,2026-04-20 23:00:00,RFC,WEST,AEP,AEPAPT,3804.191,True,23,0,4,0,-0.25881904510252157,0.9659258262890681,0.0,1.0,3925.865,3389.068,3447.022,3808.8529166666667,291.5376741926214,3477.619,2026-04-22 03:00:00,2026-04-21 23:00:00
2026-04-21 03:00:00,2026-04-20 23:00:00,RFC,WEST,AEP,AEPIMP,3058.493,True,23,0,4,0,-0.25881904510252157,0.9659258262890681,0.0,1.0,3181.854,2924.374,2961.102,3235.7032916666667,191.85184175078646,3009.709,2026-04-22 03:00:00,2026-04-21 23:00:00
2026-04-21 03:00:00,2026-04-20 23:00:00,RFC,WEST,AEP,AEPKPT,554.281,True,23,0,4,0,-0.25881904510252157,0.9659258262890681,0.0,1.0,570.433,516.498,502.869,562.810625,40.06188059773525,504.484,2026-04-22 03:00:00,2026-04-21 23:00:00
2026-04-21 03:00:00,2026-04-20 23:00:00,RFC,WEST,AEP,AEPOPT,7474.38,True,23,0,4,0,-0.25881904510252157,0.9659258262890681,0.0,1.0,7751.122,7217.031,6806.44,7706.479583333334,405.115124447665,7353.917,2026-04-22 03:00:00,2026-04-21 23:00:00
2026-04-21 04:00:00,2026-04-21 00:00:00,RFC,WEST,AEP,AEPAPT,3744.027,True,0,1,4,0,0.0,1.0,0.7818314824680298,0.6234898018587336,3804.191,3309.106,3253.279,3826.9746250000003,271.9847232872355,3350.067,2026-04-22 04:00:00,2026-04-22 00:00:00
2026-04-21 04:00:00,2026-04-21 00:00:00,RFC,WEST,AEP,AEPIMP,2984.783,True,0,1,4,0,0.0,1.0,0.7818314824680298,0.6234898018587336,3058.493,2945.894,2841.121,3237.3236666666667,189.44685198059912,2977.336,2026-04-22 04:00:00,2026-04-22 00:00:00
2026-04-21 04:00:00,2026-04-21 00:00:00,RFC,WEST,AEP,AEPKPT,552.235,True,0,1,4,0,0.0,1.0,0.7818314824680298,0.6234898018587336,554.281,501.811,498.038,564.911625,37.99250334612686,481.104,2026-04-22 04:00:00,2026-04-22 00:00:00
2026-04-21 04:00:00,2026-04-21 00:00:00,RFC,WEST,AEP,AEPOPT,7359.443,True,0,1,4,0,0.0,1.0,0.7818314824680298,0.6234898018587336,7474.38,7071.437,6677.409,7718.479833333334,389.4488433680954,7046.846,2026-04-22 04:00:00,2026-04-22 00:00:00
2026-04-21 05:00:00,2026-04-21 01:00:00,RFC,WEST,AEP,AEPAPT,3750.217,True,1,1,4,0,0.25881904510252074,0.9659258262890683,0.7818314824680298,0.6234898018587336,3744.027,3292.9,3140.084,3846.0295,247.8939791606187,3294.491,2026-04-22 05:00:00,2026-04-22 01:00:00
2026-04-21 05:00:00,2026-04-21 01:00:00,RFC,WEST,AEP,AEPIMP,2969.603,True,1,1,4,0,0.25881904510252074,0.9659258262890683,0.7818314824680298,0.6234898018587336,2984.783,2920.003,2805.214,3239.3903333333333,186.07524972478646,2895.547,2026-04-22 05:00:00,2026-04-22 01:00:00
2026-04-21 05:00:00,2026-04-21 01:00:00,RFC,WEST,AEP,AEPKPT,554.442,True,1,1,4,0,0.25881904510252074,0.9659258262890683,0.7818314824680298,0.6234898018587336,552.235,496.478,486.342,567.3267916666667,35.192240027769365,468.123,2026-04-22 05:00:00,2026-04-22 01:00:00
2026-04-21 05:00:00,2026-04-21 01:00:00,RFC,WEST,AEP,AEPOPT,7300.125,True,1,1,4,0,0.25881904510252074,0.9659258262890683,0.7818314824680298,0.6234898018587336,7359.443,6925.31,6527.726,7734.097125,362.867086919936,6908.724,2026-04-22 05:00:00,2026-04-22 01:00:00
2026-04-21 06:00:00,2026-04-21 02:00:00,RFC,WEST,AEP,AEPAPT,3787.443,True,2,1,4,0,0.49999999999999994,0.8660254037844387,0.7818314824680298,0.6234898018587336,3750.217,3306.533,3029.319,3866.0674166666668,220.28856991009454,3278.903,2026-04-22 06:00:00,2026-04-22 02:00:00
2026-04-21 06:00:00,2026-04-21 02:00:00,RFC,WEST,AEP,AEPIMP,2973.16,True,2,1,4,0,0.49999999999999994,0.8660254037844387,0.7818314824680298,0.6234898018587336,2969.603,2905.54,2753.709,3242.207833333334,181.24976675886143,2881.904,2026-04-22 06:00:00,2026-04-22 02:00:00
2026-04-21 06:00:00,2026-04-21 02:00:00,RFC,WEST,AEP,AEPKPT,563.846,True,2,1,4,0,0.49999999999999994,0.8660254037844387,0.7818314824680298,0.6234898018587336,554.442,496.385,472.846,570.1376666666666,31.811339313640545,462.57,2026-04-22 06:00:00,2026-04-22 02:00:00
2026-04-21 06:00:00,2026-04-21 02:00:00,RFC,WEST,AEP,AEPOPT,7280.652,True,2,1,4,0,0.49999999999999994,0.8660254037844387,0.7818314824680298,0.6234898018587336,7300.125,6945.386,6477.427,7748.066541666667,336.69311248904074,6812.57,2026-04-22 06:00:00,2026-04-22 02:00:00
2026-04-21 07:00:00,2026-04-21 03:00:00,RFC,WEST,AEP,AEPAPT,3883.471,True,3,1,4,0,0.7071067811865475,0.7071067811865476,0.7818314824680298,0.6234898018587336,3787.443,3345.44,2974.523,3888.485375,190.34415786281406,3296.755,2026-04-22 07:00:00,2026-04-22 03:00:00
2026-04-21 07:00:00,2026-04-21 03:00:00,RFC,WEST,AEP,AEPIMP,2990.103,True,3,1,4,0,0.7071067811865475,0.7071067811865476,0.7818314824680298,0.6234898018587336,2973.16,2958.262,2713.517,3243.5345416666664,179.1857622274672,2858.185,2026-04-22 07:00:00,2026-04-22 03:00:00
2026-04-21 07:00:00,2026-04-21 03:00:00,RFC,WEST,AEP,AEPKPT,573.289,True,3,1,4,0,0.7071067811865475,0.7071067811865476,0.7818314824680298,0.6234898018587336,563.846,505.467,470.698,572.9635833333333,28.6743989435769,464.212,2026-04-22 07:00:00,2026-04-22 03:00:00
2026-04-21 07:00:00,2026-04-21 03:00:00,RFC,WEST,AEP,AEPOPT,7304.477,True,3,1,4,0,0.7071067811865475,0.7071067811865476,0.7818314824680298,0.6234898018587336,7280.652,7040.253,6468.291,7759.0758749999995,316.2411392511914,6845.001,2026-04-22 07:00:00,2026-04-22 03:00:00
2026-04-21 08:00:00,2026-04-21 04:00:00,RFC,WEST,AEP,AEPAPT,4053.094,True,4,1,4,0,0.8660254037844386,0.5000000000000001,0.7818314824680298,0.6234898018587336,3883.471,3475.645,2952.613,3912.5457499999998,171.44854072165643,3379.578,2026-04-22 08:00:00,2026-04-22 04:00:00
2026-04-21 08:00:00,2026-04-21 04:00:00,RFC,WEST,AEP,AEPIMP,3046.872,True,4,1,4,0,0.8660254037844386,0.5000000000000001,0.7818314824680298,0.6234898018587336,2990.103,3018.088,2687.857,3244.733875,177.7013677604564,2923.432,2026-04-22 08:00:00,2026-04-22 04:00:00
2026-04-21 08:00:00,2026-04-21 04:00:00,RFC,WEST,AEP,AEPKPT,596.454,True,4,1,4,0,0.8660254037844386,0.5000000000000001,0.7818314824680298,0.6234898018587336,573.289,519.334,459.618,576.1769166666667,26.653119370285992,473.171,2026-04-22 08:00:00,2026-04-22 04:00:00
2026-04-21 08:00:00,2026-04-21 04:00:00,RFC,WEST,AEP,AEPOPT,7420.272,True,4,1,4,0,0.8660254037844386,0.5000000000000001,0.7818314824680298,0.6234898018587336,7304.477,7197.69,6494.281,7768.350125000001,302.0051987397702,6932.706,2026-04-22 08:00:00,2026-04-22 04:00:00
2026-04-21 09:00:00,2026-04-21 05:00:00,RFC,WEST,AEP,AEPAPT,4304.492,True,5,1,4,0,0.9659258262890683,0.25881904510252074,0.7818314824680298,0.6234898018587336,4053.094,3721.741,2961.666,3936.827041666666,184.05354985472906,3565.463,2026-04-22 09:00:00,2026-04-22 05:00:00
2026-04-21 09:00:00,2026-04-21 05:00:00,RFC,WEST,AEP,AEPIMP,3210.719,True,5,1,4,0,0.9659258262890683,0.25881904510252074,0.7818314824680298,0.6234898018587336,3046.872,3223.349,2717.973,3244.2076249999996,177.78613222872593,3067.389,2026-04-22 09:00:00,2026-04-22 05:00:00
2026-04-21 09:00:00,2026-04-21 05:00:00,RFC,WEST,AEP,AEPKPT,628.238,True,5,1,4,0,0.9659258262890683,0.25881904510252074,0.7818314824680298,0.6234898018587336,596.454,549.4,464.014,579.4618333333334,28.03206132684391,496.036,2026-04-22 09:00:00,2026-04-22 05:00:00
2026-04-21 09:00:00,2026-04-21 05:00:00,RFC,WEST,AEP,AEPOPT,7719.744,True,5,1,4,0,0.9659258262890683,0.25881904510252074,0.7818314824680298,0.6234898018587336,7420.272,7458.666,6513.491,7779.228375,294.98581011351484,7110.243,2026-04-22 09:00:00,2026-04-22 05:00:00
2026-04-21 10:00:00,2026-04-21 06:00:00,RFC,WEST,AEP,AEPAPT,4673.757,True,6,1,4,0,1.0,6.123233995736766e-17,0.7818314824680298,0.6234898018587336,4304.492,4114.517,3013.763,3960.1287083333336,235.68605961753514,3862.711,2026-04-22 10:00:00,2026-04-22 06:00:00
2026-04-21 10:00:00,2026-04-21 06:00:00,RFC,WEST,AEP,AEPIMP,3408.582,True,6,1,4,0,1.0,6.123233995736766e-17,0.7818314824680298,0.6234898018587336,3210.719,3441.196,2772.784,3242.8487083333334,176.333687903125,3201.742,2026-04-22 10:00:00,2026-04-22 06:00:00
2026-04-21 10:00:00,2026-04-21 06:00:00,RFC,WEST,AEP,AEPKPT,683.545,True,6,1,4,0,1.0,6.123233995736766e-17,0.7818314824680298,0.6234898018587336,628.238,603.463,475.047,582.7985833333333,34.93058619844113,541.916,2026-04-22 10:00:00,2026-04-22 06:00:00
2026-04-21 10:00:00,2026-04-21 06:00:00,RFC,WEST,AEP,AEPOPT,8197.969,True,6,1,4,0,1.0,6.123233995736766e-17,0.7818314824680298,0.6234898018587336,7719.744,7904.29,6654.299,7791.465,306.27439452484526,7546.48,2026-04-22 10:00:00,2026-04-22 06:00:00
2026-04-21 11:00:00,2026-04-21 07:00:00,RFC,WEST,AEP,AEPAPT,4825.3,True,7,1,4,0,0.9659258262890683,-0.25881904510252063,0.7818314824680298,0.6234898018587336,4673.757,4282.152,3088.977,3982.7598749999997,288.18264292319867,3994.506,2026-04-22 11:00:00,2026-04-22 07:00:00
2026-04-21 11:00:00,2026-04-21 07:00:00,RFC,WEST,AEP,AEPIMP,3501.209,True,7,1,4,0,0.9659258262890683,-0.25881904510252063,0.7818314824680298,0.6234898018587336,3408.582,3546.225,2779.639,3240.9730416666666,173.1775325839484,3328.458,2026-04-22 11:00:00,2026-04-22 07:00:00
2026-04-21 11:00:00,2026-04-21 07:00:00,RFC,WEST,AEP,AEPKPT,703.43,True,7,1,4,0,0.9659258262890683,-0.25881904510252063,0.7818314824680298,0.6234898018587336,683.545,623.813,483.989,586.1159583333333,42.05017265484888,560.829,2026-04-22 11:00:00,2026-04-22 07:00:00
2026-04-21 11:00:00,2026-04-21 07:00:00,RFC,WEST,AEP,AEPOPT,8295.709,True,7,1,4,0,0.9659258262890683,-0.25881904510252063,0.7818314824680298,0.6234898018587336,8197.969,8190.905,6899.962,7795.831833333334,312.892824086517,7764.819,2026-04-22 11:00:00,2026-04-22 07:00:00
2026-04-21 12:00:00,2026-04-21 08:00:00,RFC,WEST,AEP,AEPAPT,4576.751,True,8,1,4,0,0.8660254037844387,-0.4999999999999998,0.7818314824680298,0.6234898018587336,4825.3,4185.637,3253.38,3999.0562916666663,310.3591883127152,3961.329,2026-04-22 12:00:00,2026-04-22 08:00:00
2026-04-21 12:00:00,2026-04-21 08:00:00,RFC,WEST,AEP,AEPIMP,3462.54,True,8,1,4,0,0.8660254037844387,-0.4999999999999998,0.7818314824680298,0.6234898018587336,3501.209,3514.119,2870.173,3238.8239166666667,169.93002165415265,3342.851,2026-04-22 12:00:00,2026-04-22 08:00:00
2026-04-21 12:00:00,2026-04-21 08:00:00,RFC,WEST,AEP,AEPKPT,691.332,True,8,1,4,0,0.8660254037844387,-0.4999999999999998,0.7818314824680298,0.6234898018587336,703.43,630.778,510.03,588.6390416666667,46.43458518827268,565.93,2026-04-22 12:00:00,2026-04-22 08:00:00
2026-04-21 12:00:00,2026-04-21 08:00:00,RFC,WEST,AEP,AEPOPT,8294.833,True,8,1,4,0,0.8660254037844387,-0.4999999999999998,0.7818314824680298,0.6234898018587336,8295.709,8151.723,6993.816,7801.794750000001,321.22282894469816,7899.847,2026-04-22 12:00:00,2026-04-22 08:00:00
2026-04-21 13:00:00,2026-04-21 09:00:00,RFC,WEST,AEP,AEPAPT,4267.72,True,9,1,4,0,0.7071067811865476,-0.7071067811865475,0.7818314824680298,0.6234898018587336,4576.751,4099.638,3385.16,4006.0597083333337,314.59507117376,3886.987,2026-04-22 13:00:00,2026-04-22 09:00:00
2026-04-21 13:00:00,2026-04-21 09:00:00,RFC,WEST,AEP,AEPIMP,3442.018,True,9,1,4,0,0.7071067811865476,-0.7071067811865475,0.7818314824680298,0.6234898018587336,3462.54,3486.446,2857.308,3236.9727499999995,167.3374328143229,3350.633,2026-04-22 13:00:00,2026-04-22 09:00:00
2026-04-21 13:00:00,2026-04-21 09:00:00,RFC,WEST,AEP,AEPKPT,649.587,True,9,1,4,0,0.7071067811865476,-0.7071067811865475,0.7818314824680298,0.6234898018587336,691.332,621.78,526.229,589.7976666666667,47.62901872001935,569.667,2026-04-22 13:00:00,2026-04-22 09:00:00
2026-04-21 13:00:00,2026-04-21 09:00:00,RFC,WEST,AEP,AEPOPT,8173.483,True,9,1,4,0,0.7071067811865476,-0.7071067811865475,0.7818314824680298,0.6234898018587336,8294.833,8146.174,7242.947,7802.932625,322.54143295285917,7982.062,2026-04-22 13:00:00,2026-04-22 09:00:00
2026-04-21 14:00:00,2026-04-21 10:00:00,RFC,WEST,AEP,AEPAPT,4065.345,True,10,1,4,0,0.49999999999999994,-0.8660254037844387,0.7818314824680298,0.6234898018587336,4267.72,4031.405,3354.677,4007.473875,314.79017979121033,3826.033,2026-04-22 14:00:00,2026-04-22 10:00:00
2026-04-21 14:00:00,2026-04-21 10:00:00,RFC,WEST,AEP,AEPIMP,3438.704,True,10,1,4,0,0.49999999999999994,-0.8660254037844387,0.7818314824680298,0.6234898018587336,3442.018,3403.843,2886.886,3238.4252916666665,168.99201904449234,3392.307,2026-04-22 14:00:00,2026-04-22 10:00:00
2026-04-21 14:00:00,2026-04-21 10:00:00,RFC,WEST,AEP,AEPKPT,607.35,True,10,1,4,0,0.49999999999999994,-0.8660254037844387,0.7818314824680298,0.6234898018587336,649.587,611.534,519.273,589.6233333333333,47.553597022698206,576.914,2026-04-22 14:00:00,2026-04-22 10:00:00
2026-04-21 14:00:00,2026-04-21 10:00:00,RFC,WEST,AEP,AEPOPT,8168.537,True,10,1,4,0,0.49999999999999994,-0.8660254037844387,0.7818314824680298,0.6234898018587336,8173.483,8150.059,7333.099,7803.702541666667,323.42689918097415,7967.217,2026-04-22 14:00:00,2026-04-22 10:00:00
2026-04-21 15:00:00,2026-04-21 11:00:00,RFC,WEST,AEP,AEPAPT,3901.473,True,11,1,4,0,0.258819045102521,-0.9659258262890682,0.7818314824680298,0.6234898018587336,4065.345,3987.055,3309.369,4003.907958333333,315.51543712684617,3789.226,2026-04-22 15:00:00,2026-04-22 11:00:00
2026-04-21 15:00:00,2026-04-21 11:00:00,RFC,WEST,AEP,AEPIMP,3401.667,True,11,1,4,0,0.258819045102521,-0.9659258262890682,0.7818314824680298,0.6234898018587336,3438.704,3431.359,2917.741,3237.188125,167.62129457598238,3403.56,2026-04-22 15:00:00,2026-04-22 11:00:00
2026-04-21 15:00:00,2026-04-21 11:00:00,RFC,WEST,AEP,AEPKPT,582.725,True,11,1,4,0,0.258819045102521,-0.9659258262890682,0.7818314824680298,0.6234898018587336,607.35,598.405,517.767,588.9699999999999,47.53541043127359,568.487,2026-04-22 15:00:00,2026-04-22 11:00:00
2026-04-21 15:00:00,2026-04-21 11:00:00,RFC,WEST,AEP,AEPOPT,8044.885,True,11,1,4,0,0.258819045102521,-0.9659258262890682,0.7818314824680298,0.6234898018587336,8168.537,8082.387,7285.315,7802.139958333333,322.1098523464411,8040.266,2026-04-22 15:00:00,2026-04-22 11:00:00
2026-04-21 16:00:00,2026-04-21 12:00:00,RFC,WEST,AEP,AEPAPT,3791.238,True,12,1,4,0,1.2246467991473532e-16,-1.0,0.7818314824680298,0.6234898018587336,3901.473,3875.175,3270.168,4000.410583333333,317.4636283140785,3771.56,2026-04-22 16:00:00,2026-04-22 12:00:00
2026-04-21 16:00:00,2026-04-21 12:00:00,RFC,WEST,AEP,AEPIMP,3427.902,True,12,1,4,0,1.2246467991473532e-16,-1.0,0.7818314824680298,0.6234898018587336,3401.667,3373.607,2922.379,3239.4504166666666,169.8935094376268,3424.854,2026-04-22 16:00:00,2026-04-22 12:00:00
2026-04-21 16:00:00,2026-04-21 12:00:00,RFC,WEST,AEP,AEPKPT,566.207,True,12,1,4,0,1.2246467991473532e-16,-1.0,0.7818314824680298,0.6234898018587336,582.725,578.438,519.849,588.460375,47.71844441213689,564.192,2026-04-22 16:00:00,2026-04-22 12:00:00
2026-04-21 16:00:00,2026-04-21 12:00:00,RFC,WEST,AEP,AEPOPT,7961.158,True,12,1,4,0,1.2246467991473532e-16,-1.0,0.7818314824680298,0.6234898018587336,8044.885,8010.397,7319.663,7800.088333333333,320.8801843785874,8143.486,2026-04-22 16:00:00,2026-04-22 12:00:00
2026-04-21 17:00:00,2026-04-21 13:00:00,RFC,WEST,AEP,AEPAPT,3743.16,True,13,1,4,0,-0.2588190451025208,-0.9659258262890683,0.7818314824680298,0.6234898018587336,3791.238,3830.024,3254.425,3996.79125,319.9758453538854,3813.047,2026-04-22 17:00:00,2026-04-22 13:00:00
2026-04-21 17:00:00,2026-04-21 13:00:00,RFC,WEST,AEP,AEPIMP,3398.187,True,13,1,4,0,-0.2588190451025208,-0.9659258262890683,0.7818314824680298,0.6234898018587336,3427.902,3337.982,2953.293,3241.958958333333,171.84488807856366,3426.266,2026-04-22 17:00:00,2026-04-22 13:00:00
2026-04-21 17:00:00,2026-04-21 13:00:00,RFC,WEST,AEP,AEPKPT,563.224,True,13,1,4,0,-0.2588190451025208,-0.9659258262890683,0.7818314824680298,0.6234898018587336,566.207,564.94,515.33,588.388875,47.75648940316068,568.829,2026-04-22 17:00:00,2026-04-22 13:00:00
2026-04-21 17:00:00,2026-04-21 13:00:00,RFC,WEST,AEP,AEPOPT,7948.553,True,13,1,4,0,-0.2588190451025208,-0.9659258262890683,0.7818314824680298,0.6234898018587336,7961.158,7966.609,7397.684,7799.335999999999,320.49372057932464,8276.343,2026-04-22 17:00:00,2026-04-22 13:00:00
2026-04-21 18:00:00,2026-04-21 14:00:00,RFC,WEST,AEP,AEPAPT,3680.707,True,14,1,4,0,-0.4999999999999997,-0.8660254037844388,0.7818314824680298,0.6234898018587336,3743.16,3752.114,3238.211,3993.815958333333,322.670534406559,3809.909,2026-04-22 18:00:00,2026-04-22 14:00:00
2026-04-21 18:00:00,2026-04-21 14:00:00,RFC,WEST,AEP,AEPIMP,3340.192,True,14,1,4,0,-0.4999999999999997,-0.8660254037844388,0.7818314824680298,0.6234898018587336,3398.187,3301.668,2942.216,3243.5641250000003,172.6051073893629,3438.421,2026-04-22 18:00:00,2026-04-22 14:00:00
2026-04-21 18:00:00,2026-04-21 14:00:00,RFC,WEST,AEP,AEPKPT,568.479,True,14,1,4,0,-0.4999999999999997,-0.8660254037844388,0.7818314824680298,0.6234898018587336,563.224,554.648,513.402,588.9651666666667,47.41384783470777,565.512,2026-04-22 18:00:00,2026-04-22 14:00:00
2026-04-21 18:00:00,2026-04-21 14:00:00,RFC,WEST,AEP,AEPOPT,7943.972,True,14,1,4,0,-0.4999999999999997,-0.8660254037844388,0.7818314824680298,0.6234898018587336,7948.553,7868.695,7334.69,7802.472541666667,321.56857173763916,8379.756,2026-04-22 18:00:00,2026-04-22 14:00:00
2026-04-21 19:00:00,2026-04-21 15:00:00,RFC,WEST,AEP,AEPAPT,3672.945,True,15,1,4,0,-0.7071067811865471,-0.7071067811865479,0.7818314824680298,0.6234898018587336,3680.707,3684.005,3255.228,3993.355125,323.13979623770837,3802.231,2026-04-22 19:00:00,2026-04-22 15:00:00
2026-04-21 19:00:00,2026-04-21 15:00:00,RFC,WEST,AEP,AEPIMP,3288.087,True,15,1,4,0,-0.7071067811865471,-0.7071067811865479,0.7818314824680298,0.6234898018587336,3340.192,3252.983,2952.742,3245.0267916666667,172.83697482962327,3446.281,2026-04-22 19:00:00,2026-04-22 15:00:00
2026-04-21 19:00:00,2026-04-21 15:00:00,RFC,WEST,AEP,AEPKPT,575.506,True,15,1,4,0,-0.7071067811865471,-0.7071067811865479,0.7818314824680298,0.6234898018587336,568.479,549.927,508.601,590.0309583333334,46.7814470169346,575.723,2026-04-22 19:00:00,2026-04-22 15:00:00
2026-04-21 19:00:00,2026-04-21 15:00:00,RFC,WEST,AEP,AEPOPT,7949.112,True,15,1,4,0,-0.7071067811865471,-0.7071067811865479,0.7818314824680298,0.6234898018587336,7943.972,7759.217,7402.15,7810.3848333333335,322.7918665672462,8580.986,2026-04-22 19:00:00,2026-04-22 15:00:00
2026-04-21 20:00:00,2026-04-21 16:00:00,RFC,WEST,AEP,AEPAPT,3740.584,True,16,1,4,0,-0.8660254037844384,-0.5000000000000004,0.7818314824680298,0.6234898018587336,3672.945,3702.929,3287.769,3994.9240833333333,321.7568194888133,3871.033,2026-04-22 20:00:00,2026-04-22 16:00:00
2026-04-21 20:00:00,2026-04-21 16:00:00,RFC,WEST,AEP,AEPIMP,3312.816,True,16,1,4,0,-0.8660254037844384,-0.5000000000000004,0.7818314824680298,0.6234898018587336,3288.087,3203.914,2970.308,3249.564375,173.13995597901504,3427.937,2026-04-22 20:00:00,2026-04-22 16:00:00
2026-04-21 20:00:00,2026-04-21 16:00:00,RFC,WEST,AEP,AEPKPT,582.147,True,16,1,4,0,-0.8660254037844384,-0.5000000000000004,0.7818314824680298,0.6234898018587336,575.506,546.075,512.811,591.5339583333333,45.8785738401594,582.84,2026-04-22 20:00:00,2026-04-22 16:00:00
2026-04-21 20:00:00,2026-04-21 16:00:00,RFC,WEST,AEP,AEPOPT,7954.492,True,16,1,4,0,-0.8660254037844384,-0.5000000000000004,0.7818314824680298,0.6234898018587336,7949.112,7707.61,7357.624,7820.671583333333,323.3076436050764,8594.708,2026-04-22 20:00:00,2026-04-22 16:00:00
2026-04-21 21:00:00,2026-04-21 17:00:00,RFC,WEST,AEP,AEPAPT,3827.71,True,17,1,4,0,-0.9659258262890683,-0.25881904510252063,0.7818314824680298,0.6234898018587336,3740.584,3739.881,3381.527,3998.5836249999998,319.2193965337535,3939.638,2026-04-22 21:00:00,2026-04-22 17:00:00
2026-04-21 21:00:00,2026-04-21 17:00:00,RFC,WEST,AEP,AEPIMP,3320.319,True,17,1,4,0,-0.9659258262890683,-0.25881904510252063,0.7818314824680298,0.6234898018587336,3312.816,3179.521,2966.226,3255.430958333333,173.04879427175462,3353.678,2026-04-22 21:00:00,2026-04-22 17:00:00
2026-04-21 21:00:00,2026-04-21 17:00:00,RFC,WEST,AEP,AEPKPT,584.205,True,17,1,4,0,-0.9659258262890683,-0.25881904510252063,0.7818314824680298,0.6234898018587336,582.147,551.209,517.423,592.9087916666667,45.10550372759409,594.707,2026-04-22 21:00:00,2026-04-22 17:00:00
2026-04-21 21:00:00,2026-04-21 17:00:00,RFC,WEST,AEP,AEPOPT,7973.662,True,17,1,4,0,-0.9659258262890683,-0.25881904510252063,0.7818314824680298,0.6234898018587336,7954.492,7716.902,7515.588,7831.3699166666665,323.97203197926166,8606.944,2026-04-22 21:00:00,2026-04-22 17:00:00
2026-04-21 22:00:00,2026-04-21 18:00:00,RFC,WEST,AEP,AEPAPT,3887.839,True,18,1,4,0,-1.0,-1.8369701987210297e-16,0.7818314824680298,0.6234898018587336,3827.71,3824.156,3439.317,4001.2370833333334,317.9686836681306,3986.979,2026-04-22 22:00:00,2026-04-22 18:00:00
2026-04-21 22:00:00,2026-04-21 18:00:00,RFC,WEST,AEP,AEPIMP,3258.961,True,18,1,4,0,-1.0,-1.8369701987210297e-16,0.7818314824680298,0.6234898018587336,3320.319,3179.453,2999.884,3258.743791666667,172.2904239010254,3425.507,2026-04-22 22:00:00,2026-04-22 18:00:00
2026-04-21 22:00:00,2026-04-21 18:00:00,RFC,WEST,AEP,AEPKPT,573.401,True,18,1,4,0,-1.0,-1.8369701987210297e-16,0.7818314824680298,0.6234898018587336,584.205,552.081,522.999,593.797125,44.47195248332849,588.002,2026-04-22 22:00:00,2026-04-22 18:00:00
2026-04-21 22:00:00,2026-04-21 18:00:00,RFC,WEST,AEP,AEPOPT,7964.727,True,18,1,4,0,-1.0,-1.8369701987210297e-16,0.7818314824680298,0.6234898018587336,7973.662,7706.736,7538.442,7842.119541666666,323.93694868237395,8555.113,2026-04-22 22:00:00,2026-04-22 18:00:00
2026-04-21 23:00:00,2026-04-21 19:00:00,RFC,WEST,AEP,AEPAPT,3914.173,True,19,1,4,0,-0.9659258262890684,0.2588190451025203,0.7818314824680298,0.6234898018587336,3887.839,3949.43,3521.171,3999.7680416666667,318.2997161532788,3999.202,2026-04-22 23:00:00,2026-04-22 19:00:00
2026-04-21 23:00:00,2026-04-21 19:00:00,RFC,WEST,AEP,AEPIMP,3323.055,True,19,1,4,0,-0.9659258262890684,0.2588190451025203,0.7818314824680298,0.6234898018587336,3258.961,3203.274,3086.98,3263.7346666666667,172.3486097615832,3416.051,2026-04-22 23:00:00,2026-04-22 19:00:00
2026-04-21 23:00:00,2026-04-21 19:00:00,RFC,WEST,AEP,AEPKPT,570.482,True,19,1,4,0,-0.9659258262890684,0.2588190451025203,0.7818314824680298,0.6234898018587336,573.401,562.088,530.511,594.146875,44.244157300649825,583.725,2026-04-22 23:00:00,2026-04-22 19:00:00
2026-04-21 23:00:00,2026-04-21 19:00:00,RFC,WEST,AEP,AEPOPT,8042.592,True,19,1,4,0,-0.9659258262890684,0.2588190451025203,0.7818314824680298,0.6234898018587336,7964.727,7741.648,7595.748,7854.658875,325.6985411544101,8404.026,2026-04-22 23:00:00,2026-04-22 19:00:00
2026-04-22 00:00:00,2026-04-21 20:00:00,RFC,WEST,AEP,AEPAPT,3971.657,True,20,1,4,0,-0.8660254037844386,0.5000000000000001,0.7818314824680298,0.6234898018587336,3914.173,4102.154,3656.511,3994.3306666666667,317.5884744273636,4063.224,2026-04-23 00:00:00,2026-04-22 20:00:00
2026-04-22 00:00:00,2026-04-21 20:00:00,RFC,WEST,AEP,AEPIMP,3315.779,True,20,1,4,0,-0.8660254037844386,0.5000000000000001,0.7818314824680298,0.6234898018587336,3323.055,3296.233,3125.169,3264.5490833333333,172.55491223901947,3379.931,2026-04-23 00:00:00,2026-04-22 20:00:00
2026-04-22 00:00:00,2026-04-21 20:00:00,RFC,WEST,AEP,AEPKPT,582.603,True,20,1,4,0,-0.8660254037844386,0.5000000000000001,0.7818314824680298,0.6234898018587336,570.482,580.784,554.593,594.2226666666667,44.22182336876275,584.684,2026-04-23 00:00:00,2026-04-22 20:00:00
2026-04-22 00:00:00,2026-04-21 20:00:00,RFC,WEST,AEP,AEPOPT,8173.216,True,20,1,4,0,-0.8660254037844386,0.5000000000000001,0.7818314824680298,0.6234898018587336,8042.592,8031.05,7774.417,7860.582458333334,330.30631989201163,8397.894,2026-04-23 00:00:00,2026-04-22 20:00:00
2026-04-22 01:00:00,2026-04-21 21:00:00,RFC,WEST,AEP,AEPAPT,3879.978,True,21,1,4,0,-0.7071067811865477,0.7071067811865474,0.7818314824680298,0.6234898018587336,3971.657,4070.777,3659.758,3986.3807083333327,317.97947332184884,3982.634,2026-04-23 01:00:00,2026-04-22 21:00:00
2026-04-22 01:00:00,2026-04-21 21:00:00,RFC,WEST,AEP,AEPIMP,3244.681,True,21,1,4,0,-0.7071067811865477,0.7071067811865474,0.7818314824680298,0.6234898018587336,3315.779,3293.573,3158.81,3262.511916666667,172.4859540360569,3296.039,2026-04-23 01:00:00,2026-04-22 21:00:00
2026-04-22 01:00:00,2026-04-21 21:00:00,RFC,WEST,AEP,AEPKPT,569.292,True,21,1,4,0,-0.7071067811865477,0.7071067811865474,0.7818314824680298,0.6234898018587336,582.603,583.903,552.398,593.613875,44.46994578297005,577.016,2026-04-23 01:00:00,2026-04-22 21:00:00
2026-04-22 01:00:00,2026-04-21 21:00:00,RFC,WEST,AEP,AEPOPT,8024.882,True,21,1,4,0,-0.7071067811865477,0.7071067811865474,0.7818314824680298,0.6234898018587336,8173.216,7956.864,7720.423,7863.4165416666665,331.45814409114024,8147.837,2026-04-23 01:00:00,2026-04-22 21:00:00
2026-04-22 02:00:00,2026-04-21 22:00:00,RFC,WEST,AEP,AEPAPT,3694.809,True,22,1,4,0,-0.5000000000000004,0.8660254037844384,0.7818314824680298,0.6234898018587336,3879.978,3925.865,3521.638,3976.7533750000002,323.3438876367842,3751.291,2026-04-23 02:00:00,2026-04-22 22:00:00
2026-04-22 02:00:00,2026-04-21 22:00:00,RFC,WEST,AEP,AEPIMP,3128.823,True,22,1,4,0,-0.5000000000000004,0.8660254037844384,0.7818314824680298,0.6234898018587336,3244.681,3181.854,3072.82,3260.3022916666664,173.8980396055321,3227.444,2026-04-23 02:00:00,2026-04-22 22:00:00
2026-04-22 02:00:00,2026-04-21 22:00:00,RFC,WEST,AEP,AEPKPT,536.656,True,22,1,4,0,-0.5000000000000004,0.8660254037844384,0.7818314824680298,0.6234898018587336,569.292,570.433,530.26,592.2065,45.75148343805569,543.494,2026-04-23 02:00:00,2026-04-22 22:00:00
2026-04-22 02:00:00,2026-04-21 22:00:00,RFC,WEST,AEP,AEPOPT,7615.192,True,22,1,4,0,-0.5000000000000004,0.8660254037844384,0.7818314824680298,0.6234898018587336,8024.882,7751.122,7432.878,7857.752791666667,334.6067786288003,7775.086,2026-04-23 02:00:00,2026-04-22 22:00:00
2026-04-22 03:00:00,2026-04-21 23:00:00,RFC,WEST,AEP,AEPAPT,3477.619,True,23,1,4,0,-0.25881904510252157,0.9659258262890681,0.7818314824680298,0.6234898018587336,3694.809,3804.191,3389.068,3963.1462083333336,337.4838375431724,3519.315,2026-04-23 03:00:00,2026-04-22 23:00:00
2026-04-22 03:00:00,2026-04-21 23:00:00,RFC,WEST,AEP,AEPIMP,3009.709,True,23,1,4,0,-0.25881904510252157,0.9659258262890681,0.7818314824680298,0.6234898018587336,3128.823,3058.493,2924.374,3258.2696249999995,176.62327806152257,3044.478,2026-04-23 03:00:00,2026-04-22 23:00:00
2026-04-22 03:00:00,2026-04-21 23:00:00,RFC,WEST,AEP,AEPKPT,504.484,True,23,1,4,0,-0.25881904510252157,0.9659258262890681,0.7818314824680298,0.6234898018587336,536.656,554.281,516.498,590.1316250000001,48.587496312290156,506.541,2026-04-23 03:00:00,2026-04-22 23:00:00
2026-04-22 03:00:00,2026-04-21 23:00:00,RFC,WEST,AEP,AEPOPT,7353.917,True,23,1,4,0,-0.25881904510252157,0.9659258262890681,0.7818314824680298,0.6234898018587336,7615.192,7474.38,7217.031,7852.733499999999,341.44133009563313,7437.415,2026-04-23 03:00:00,2026-04-22 23:00:00
2026-04-22 04:00:00,2026-04-22 00:00:00,RFC,WEST,AEP,AEPAPT,3350.067,True,0,2,4,0,0.0,1.0,0.9749279121818236,-0.22252093395631434,3477.619,3744.027,3309.106,3946.731208333333,357.5872571345912,3356.812,2026-04-23 04:00:00,2026-04-23 00:00:00
2026-04-22 04:00:00,2026-04-22 00:00:00,RFC,WEST,AEP,AEPIMP,2977.336,True,0,2,4,0,0.0,1.0,0.9749279121818236,-0.22252093395631434,3009.709,2984.783,2945.894,3257.9593333333337,177.1304421069719,2992.133,2026-04-23 04:00:00,2026-04-23 00:00:00
2026-04-22 04:00:00,2026-04-22 00:00:00,RFC,WEST,AEP,AEPKPT,481.104,True,0,2,4,0,0.0,1.0,0.9749279121818236,-0.22252093395631434,504.484,552.235,501.811,587.1678333333333,52.971354733656796,485.836,2026-04-23 04:00:00,2026-04-23 00:00:00
2026-04-22 04:00:00,2026-04-22 00:00:00,RFC,WEST,AEP,AEPOPT,7046.846,True,0,2,4,0,0.0,1.0,0.9749279121818236,-0.22252093395631434,7353.917,7359.443,7071.437,7839.708625,366.1454802372333,7115.879,2026-04-23 04:00:00,2026-04-23 00:00:00
2026-04-22 05:00:00,2026-04-22 01:00:00,RFC,WEST,AEP,AEPAPT,3294.491,True,1,2,4,0,0.25881904510252074,0.9659258262890683,0.9749279121818236,-0.22252093395631434,3350.067,3750.217,3292.9,3927.7426250000003,379.8812590715793,3303.969,2026-04-23 05:00:00,2026-04-23 01:00:00
2026-04-22 05:00:00,2026-04-22 01:00:00,RFC,WEST,AEP,AEPIMP,2895.547,True,1,2,4,0,0.25881904510252074,0.9659258262890683,0.9749279121818236,-0.22252093395631434,2977.336,2969.603,2920.003,3254.8736666666664,182.9224429655628,2888.942,2026-04-23 05:00:00,2026-04-23 01:00:00
2026-04-22 05:00:00,2026-04-22 01:00:00,RFC,WEST,AEP,AEPKPT,468.123,True,1,2,4,0,0.25881904510252074,0.9659258262890683,0.9749279121818236,-0.22252093395631434,481.104,554.442,496.478,583.5712083333333,57.98328725325855,467.833,2026-04-23 05:00:00,2026-04-23 01:00:00
2026-04-22 05:00:00,2026-04-22 01:00:00,RFC,WEST,AEP,AEPOPT,6908.724,True,1,2,4,0,0.25881904510252074,0.9659258262890683,0.9749279121818236,-0.22252093395631434,7046.846,7300.125,6925.31,7823.40025,398.5100817770248,6984.318,2026-04-23 05:00:00,2026-04-23 01:00:00
2026-04-22 06:00:00,2026-04-22 02:00:00,RFC,WEST,AEP,AEPAPT,3278.903,True,2,2,4,0,0.49999999999999994,0.8660254037844387,0.9749279121818236,-0.22252093395631434,3294.491,3787.443,3306.533,3906.5534583333333,401.6086169738503,3254.395,2026-04-23 06:00:00,2026-04-23 02:00:00
2026-04-22 06:00:00,2026-04-22 02:00:00,RFC,WEST,AEP,AEPIMP,2881.904,True,2,2,4,0,0.49999999999999994,0.8660254037844387,0.9749279121818236,-0.22252093395631434,2895.547,2973.16,2905.54,3251.0713333333333,189.85017660012392,2825.611,2026-04-23 06:00:00,2026-04-23 02:00:00
2026-04-22 06:00:00,2026-04-22 02:00:00,RFC,WEST,AEP,AEPKPT,462.57,True,2,2,4,0,0.49999999999999994,0.8660254037844387,0.9749279121818236,-0.22252093395631434,468.123,563.846,496.385,579.351375,62.95348785089223,460.057,2026-04-23 06:00:00,2026-04-23 02:00:00
2026-04-22 06:00:00,2026-04-22 02:00:00,RFC,WEST,AEP,AEPOPT,6812.57,True,2,2,4,0,0.49999999999999994,0.8660254037844387,0.9749279121818236,-0.22252093395631434,6908.724,7280.652,6945.386,7803.896833333333,435.9252775294148,6843.985,2026-04-23 06:00:00,2026-04-23 02:00:00
2026-04-22 07:00:00,2026-04-22 03:00:00,RFC,WEST,AEP,AEPAPT,3296.755,True,3,2,4,0,0.7071067811865475,0.7071067811865476,0.9749279121818236,-0.22252093395631434,3278.903,3883.471,3345.44,3882.1069583333338,420.4881363908277,3232.52,2026-04-23 07:00:00,2026-04-23 03:00:00
2026-04-22 07:00:00,2026-04-22 03:00:00,RFC,WEST,AEP,AEPIMP,2858.185,True,3,2,4,0,0.7071067811865475,0.7071067811865476,0.9749279121818236,-0.22252093395631434,2881.904,2990.103,2958.262,3245.57475,199.40358478793547,2797.743,2026-04-23 07:00:00,2026-04-23 03:00:00
2026-04-22 07:00:00,2026-04-22 03:00:00,RFC,WEST,AEP,AEPKPT,464.212,True,3,2,4,0,0.7071067811865475,0.7071067811865476,0.9749279121818236,-0.22252093395631434,462.57,573.289,505.467,574.8065,67.20404992454624,468.796,2026-04-23 07:00:00,2026-04-23 03:00:00
2026-04-22 07:00:00,2026-04-22 03:00:00,RFC,WEST,AEP,AEPOPT,6845.001,True,3,2,4,0,0.7071067811865475,0.7071067811865476,0.9749279121818236,-0.22252093395631434,6812.57,7304.477,7040.253,7784.7519999999995,467.74082159869425,6820.126,2026-04-23 07:00:00,2026-04-23 03:00:00
2026-04-22 08:00:00,2026-04-22 04:00:00,RFC,WEST,AEP,AEPAPT,3379.578,True,4,2,4,0,0.8660254037844386,0.5000000000000001,0.9749279121818236,-0.22252093395631434,3296.755,4053.094,3475.645,3854.043791666667,430.92590249923376,3312.929,2026-04-23 08:00:00,2026-04-23 04:00:00
2026-04-22 08:00:00,2026-04-22 04:00:00,RFC,WEST,AEP,AEPIMP,2923.432,True,4,2,4,0,0.8660254037844386,0.5000000000000001,0.9749279121818236,-0.22252093395631434,2858.185,3046.872,3018.088,3240.431416666667,206.22691563650469,2872.569,2026-04-23 08:00:00,2026-04-23 04:00:00
2026-04-22 08:00:00,2026-04-22 04:00:00,RFC,WEST,AEP,AEPKPT,473.171,True,4,2,4,0,0.8660254037844386,0.5000000000000001,0.9749279121818236,-0.22252093395631434,464.212,596.454,519.334,569.6697083333332,70.12557711797204,475.586,2026-04-23 08:00:00,2026-04-23 04:00:00
2026-04-22 08:00:00,2026-04-22 04:00:00,RFC,WEST,AEP,AEPOPT,6932.706,True,4,2,4,0,0.8660254037844386,0.5000000000000001,0.9749279121818236,-0.22252093395631434,6845.001,7420.272,7197.69,7764.43675,494.1046202761896,6907.15,2026-04-23 08:00:00,2026-04-23 04:00:00
2026-04-22 09:00:00,2026-04-22 05:00:00,RFC,WEST,AEP,AEPAPT,3565.463,True,5,2,4,0,0.9659258262890683,0.25881904510252074,0.9749279121818236,-0.22252093395631434,3379.578,4304.492,3721.741,3823.2509166666673,423.6822294936225,3511.522,2026-04-23 09:00:00,2026-04-23 05:00:00
2026-04-22 09:00:00,2026-04-22 05:00:00,RFC,WEST,AEP,AEPIMP,3067.389,True,5,2,4,0,0.9659258262890683,0.25881904510252074,0.9749279121818236,-0.22252093395631434,2923.432,3210.719,3223.349,3234.4593333333337,209.17896523387708,2986.36,2026-04-23 09:00:00,2026-04-23 05:00:00
2026-04-22 09:00:00,2026-04-22 05:00:00,RFC,WEST,AEP,AEPKPT,496.036,True,5,2,4,0,0.9659258262890683,0.25881904510252074,0.9749279121818236,-0.22252093395631434,473.171,628.238,549.4,564.1612916666667,70.51616389938658,491.444,2026-04-23 09:00:00,2026-04-23 05:00:00
2026-04-22 09:00:00,2026-04-22 05:00:00,RFC,WEST,AEP,AEPOPT,7110.243,True,5,2,4,0,0.9659258262890683,0.25881904510252074,0.9749279121818236,-0.22252093395631434,6932.706,7719.744,7458.666,7739.040875,511.84656550862775,7092.429,2026-04-23 09:00:00,2026-04-23 05:00:00
2026-04-22 10:00:00,2026-04-22 06:00:00,RFC,WEST,AEP,AEPAPT,3862.711,True,6,2,4,0,1.0,6.123233995736766e-17,0.9749279121818236,-0.22252093395631434,3565.463,4673.757,4114.517,3789.4573333333333,383.3173776583039,3815.61,2026-04-23 10:00:00,2026-04-23 06:00:00
2026-04-22 10:00:00,2026-04-22 06:00:00,RFC,WEST,AEP,AEPIMP,3201.742,True,6,2,4,0,1.0,6.123233995736766e-17,0.9749279121818236,-0.22252093395631434,3067.389,3408.582,3441.196,3225.841,205.92879871259888,3136.501,2026-04-23 10:00:00,2026-04-23 06:00:00
2026-04-22 10:00:00,2026-04-22 06:00:00,RFC,WEST,AEP,AEPKPT,541.916,True,6,2,4,0,1.0,6.123233995736766e-17,0.9749279121818236,-0.22252093395631434,496.036,683.545,603.463,558.2600833333333,65.86375148937096,530.889,2026-04-23 10:00:00,2026-04-23 06:00:00
2026-04-22 10:00:00,2026-04-22 06:00:00,RFC,WEST,AEP,AEPOPT,7546.48,True,6,2,4,0,1.0,6.123233995736766e-17,0.9749279121818236,-0.22252093395631434,7110.243,8197.969,7904.29,7711.8955,503.65959025912895,7505.017,2026-04-23 10:00:00,2026-04-23 06:00:00
2026-04-22 11:00:00,2026-04-22 07:00:00,RFC,WEST,AEP,AEPAPT,3994.506,True,7,2,4,0,0.9659258262890683,-0.25881904510252063,0.9749279121818236,-0.22252093395631434,3862.711,4825.3,4282.152,3754.8409166666665,317.583038828655,3932.69,2026-04-23 11:00:00,2026-04-23 07:00:00
2026-04-22 11:00:00,2026-04-22 07:00:00,RFC,WEST,AEP,AEPIMP,3328.458,True,7,2,4,0,0.9659258262890683,-0.25881904510252063,0.9749279121818236,-0.22252093395631434,3201.742,3501.209,3546.225,3218.6430416666667,198.78026671011048,3258.167,2026-04-23 11:00:00,2026-04-23 07:00:00
2026-04-22 11:00:00,2026-04-22 07:00:00,RFC,WEST,AEP,AEPKPT,560.829,True,7,2,4,0,0.9659258262890683,-0.25881904510252063,0.9749279121818236,-0.22252093395631434,541.916,703.43,623.813,552.318375,58.18253793156145,545.675,2026-04-23 11:00:00,2026-04-23 07:00:00
2026-04-22 11:00:00,2026-04-22 07:00:00,RFC,WEST,AEP,AEPOPT,7764.819,True,7,2,4,0,0.9659258262890683,-0.25881904510252063,0.9749279121818236,-0.22252093395631434,7546.48,8295.709,8190.905,7689.775083333334,488.3289069721294,7782.431,2026-04-23 11:00:00,2026-04-23 07:00:00
2026-04-22 12:00:00,2026-04-22 08:00:00,RFC,WEST,AEP,AEPAPT,3961.329,True,8,2,4,0,0.8660254037844387,-0.4999999999999998,0.9749279121818236,-0.22252093395631434,3994.506,4576.751,4185.637,3729.1983333333337,269.5468680905924,3870.73,2026-04-23 12:00:00,2026-04-23 08:00:00
2026-04-22 12:00:00,2026-04-22 08:00:00,RFC,WEST,AEP,AEPIMP,3342.851,True,8,2,4,0,0.8660254037844387,-0.4999999999999998,0.9749279121818236,-0.22252093395631434,3328.458,3462.54,3514.119,3213.6559999999995,193.83516849721684,3302.796,2026-04-23 12:00:00,2026-04-23 08:00:00
2026-04-22 12:00:00,2026-04-22 08:00:00,RFC,WEST,AEP,AEPKPT,565.93,True,8,2,4,0,0.8660254037844387,-0.4999999999999998,0.9749279121818236,-0.22252093395631434,560.829,691.332,630.778,547.0932916666667,50.24506467780108,545.772,2026-04-23 12:00:00,2026-04-23 08:00:00
2026-04-22 12:00:00,2026-04-22 08:00:00,RFC,WEST,AEP,AEPOPT,7899.847,True,8,2,4,0,0.8660254037844387,-0.4999999999999998,0.9749279121818236,-0.22252093395631434,7764.819,8294.833,8151.723,7673.3173333333325,473.4807437733214,7921.041,2026-04-23 12:00:00,2026-04-23 08:00:00
2026-04-22 13:00:00,2026-04-22 09:00:00,RFC,WEST,AEP,AEPAPT,3886.987,True,9,2,4,0,0.7071067811865476,-0.7071067811865475,0.9749279121818236,-0.22252093395631434,3961.329,4267.72,4099.638,3713.3344583333333,246.71129064062166,3785.561,2026-04-23 13:00:00,2026-04-23 09:00:00
2026-04-22 13:00:00,2026-04-22 09:00:00,RFC,WEST,AEP,AEPIMP,3350.633,True,9,2,4,0,0.7071067811865476,-0.7071067811865475,0.9749279121818236,-0.22252093395631434,3342.851,3442.018,3486.446,3209.8482916666667,190.01409520084235,3345.404,2026-04-23 13:00:00,2026-04-23 09:00:00
2026-04-22 13:00:00,2026-04-22 09:00:00,RFC,WEST,AEP,AEPKPT,569.667,True,9,2,4,0,0.7071067811865476,-0.7071067811865475,0.9749279121818236,-0.22252093395631434,565.93,649.587,621.78,543.7632916666666,45.58961958649824,543.01,2026-04-23 13:00:00,2026-04-23 09:00:00
2026-04-22 13:00:00,2026-04-22 09:00:00,RFC,WEST,AEP,AEPOPT,7982.062,True,9,2,4,0,0.7071067811865476,-0.7071067811865475,0.9749279121818236,-0.22252093395631434,7899.847,8173.483,8146.174,7665.341458333333,466.2460240543746,8027.66,2026-04-23 13:00:00,2026-04-23 09:00:00
2026-04-22 14:00:00,2026-04-22 10:00:00,RFC,WEST,AEP,AEPAPT,3826.033,True,10,2,4,0,0.49999999999999994,-0.8660254037844387,0.9749279121818236,-0.22252093395631434,3886.987,4065.345,4031.405,3703.363125,236.48990064901622,3737.273,2026-04-23 14:00:00,2026-04-23 10:00:00
2026-04-22 14:00:00,2026-04-22 10:00:00,RFC,WEST,AEP,AEPIMP,3392.307,True,10,2,4,0,0.49999999999999994,-0.8660254037844387,0.9749279121818236,-0.22252093395631434,3350.633,3438.704,3403.843,3207.9150833333333,187.8076891707086,3391.905,2026-04-23 14:00:00,2026-04-23 10:00:00
2026-04-22 14:00:00,2026-04-22 10:00:00,RFC,WEST,AEP,AEPKPT,576.914,True,10,2,4,0,0.49999999999999994,-0.8660254037844387,0.9749279121818236,-0.22252093395631434,569.667,607.35,611.534,542.495125,44.144333719124,539.898,2026-04-23 14:00:00,2026-04-23 10:00:00
2026-04-22 14:00:00,2026-04-22 10:00:00,RFC,WEST,AEP,AEPOPT,7967.217,True,10,2,4,0,0.49999999999999994,-0.8660254037844387,0.9749279121818236,-0.22252093395631434,7982.062,8168.537,8150.059,7656.953125,458.5467362272118,8141.336,2026-04-23 14:00:00,2026-04-23 10:00:00
2026-04-22 15:00:00,2026-04-22 11:00:00,RFC,WEST,AEP,AEPAPT,3789.226,True,11,2,4,0,0.258819045102521,-0.9659258262890682,0.9749279121818236,-0.22252093395631434,3826.033,3901.473,3987.055,3698.686166666667,233.49255808784068,3756.18,2026-04-23 15:00:00,2026-04-23 11:00:00
2026-04-22 15:00:00,2026-04-22 11:00:00,RFC,WEST,AEP,AEPIMP,3403.56,True,11,2,4,0,0.258819045102521,-0.9659258262890682,0.9749279121818236,-0.22252093395631434,3392.307,3401.667,3431.359,3207.993958333333,187.89297664441614,3469.934,2026-04-23 15:00:00,2026-04-23 11:00:00
2026-04-22 15:00:00,2026-04-22 11:00:00,RFC,WEST,AEP,AEPKPT,568.487,True,11,2,4,0,0.258819045102521,-0.9659258262890682,0.9749279121818236,-0.22252093395631434,576.914,582.725,598.405,541.901875,43.67334209223501,544.938,2026-04-23 15:00:00,2026-04-23 11:00:00
2026-04-22 15:00:00,2026-04-22 11:00:00,RFC,WEST,AEP,AEPOPT,8040.266,True,11,2,4,0,0.258819045102521,-0.9659258262890682,0.9749279121818236,-0.22252093395631434,7967.217,8044.885,8082.387,7656.760666666666,458.37777497250664,8282.72,2026-04-23 15:00:00,2026-04-23 11:00:00
2026-04-22 16:00:00,2026-04-22 12:00:00,RFC,WEST,AEP,AEPAPT,3771.56,True,12,2,4,0,1.2246467991473532e-16,-1.0,0.9749279121818236,-0.22252093395631434,3789.226,3791.238,3875.175,3697.8662500000005,233.1877800052111,3829.511,2026-04-23 16:00:00,2026-04-23 12:00:00
2026-04-22 16:00:00,2026-04-22 12:00:00,RFC,WEST,AEP,AEPIMP,3424.854,True,12,2,4,0,1.2246467991473532e-16,-1.0,0.9749279121818236,-0.22252093395631434,3403.56,3427.902,3373.607,3207.8669583333335,187.7388414155106,3597.723,2026-04-23 16:00:00,2026-04-23 12:00:00
2026-04-22 16:00:00,2026-04-22 12:00:00,RFC,WEST,AEP,AEPKPT,564.192,True,12,2,4,0,1.2246467991473532e-16,-1.0,0.9749279121818236,-0.22252093395631434,568.487,566.207,578.438,541.8179166666667,43.62649773875078,562.87,2026-04-23 16:00:00,2026-04-23 12:00:00
2026-04-22 16:00:00,2026-04-22 12:00:00,RFC,WEST,AEP,AEPOPT,8143.486,True,12,2,4,0,1.2246467991473532e-16,-1.0,0.9749279121818236,-0.22252093395631434,8040.266,7961.158,8010.397,7664.357666666667,465.1036777028817,8502.71,2026-04-23 16:00:00,2026-04-23 12:00:00
2026-04-22 17:00:00,2026-04-22 13:00:00,RFC,WEST,AEP,AEPAPT,3813.047,True,13,2,4,0,-0.2588190451025208,-0.9659258262890683,0.9749279121818236,-0.22252093395631434,3771.56,3743.16,3830.024,3700.778208333333,234.21209362975014,3925.663,2026-04-23 17:00:00,2026-04-23 13:00:00
2026-04-22 17:00:00,2026-04-22 13:00:00,RFC,WEST,AEP,AEPIMP,3426.266,True,13,2,4,0,-0.2588190451025208,-0.9659258262890683,0.9749279121818236,-0.22252093395631434,3424.854,3398.187,3337.982,3209.0369166666665,189.05930069571968,3646.296,2026-04-23 17:00:00,2026-04-23 13:00:00
2026-04-22 17:00:00,2026-04-22 13:00:00,RFC,WEST,AEP,AEPKPT,568.829,True,13,2,4,0,-0.2588190451025208,-0.9659258262890683,0.9749279121818236,-0.22252093395631434,564.192,563.224,564.94,542.0514583333334,43.76086659182729,578.677,2026-04-23 17:00:00,2026-04-23 13:00:00
2026-04-22 17:00:00,2026-04-22 13:00:00,RFC,WEST,AEP,AEPOPT,8276.343,True,13,2,4,0,-0.2588190451025208,-0.9659258262890683,0.9749279121818236,-0.22252093395631434,8143.486,7948.553,7966.609,7678.015583333334,478.43381467285565,8610.133,2026-04-23 17:00:00,2026-04-23 13:00:00
2026-04-22 18:00:00,2026-04-22 14:00:00,RFC,WEST,AEP,AEPAPT,3809.909,True,14,2,4,0,-0.4999999999999997,-0.8660254037844388,0.9749279121818236,-0.22252093395631434,3813.047,3680.707,3752.114,3706.161625,235.21342191642415,4038.318,2026-04-23 18:00:00,2026-04-23 14:00:00
2026-04-22 18:00:00,2026-04-22 14:00:00,RFC,WEST,AEP,AEPIMP,3438.421,True,14,2,4,0,-0.4999999999999997,-0.8660254037844388,0.9749279121818236,-0.22252093395631434,3426.266,3340.192,3301.668,3213.1297916666667,193.0433611927732,3648.976,2026-04-23 18:00:00,2026-04-23 14:00:00
2026-04-22 18:00:00,2026-04-22 14:00:00,RFC,WEST,AEP,AEPKPT,565.512,True,14,2,4,0,-0.4999999999999997,-0.8660254037844388,0.9749279121818236,-0.22252093395631434,568.829,568.479,554.648,541.9278333333333,43.68709116538551,592.403,2026-04-23 18:00:00,2026-04-23 14:00:00
2026-04-22 18:00:00,2026-04-22 14:00:00,RFC,WEST,AEP,AEPOPT,8379.756,True,14,2,4,0,-0.4999999999999997,-0.8660254037844388,0.9749279121818236,-0.22252093395631434,8276.343,7943.972,7868.695,7696.17325,496.8802244668114,8820.279,2026-04-23 18:00:00,2026-04-23 14:00:00
2026-04-22 19:00:00,2026-04-22 15:00:00,RFC,WEST,AEP,AEPAPT,3802.231,True,15,2,4,0,-0.7071067811865471,-0.7071067811865479,0.9749279121818236,-0.22252093395631434,3809.909,3672.945,3684.005,3711.5485416666666,235.89908180055284,4134.89,2026-04-23 19:00:00,2026-04-23 15:00:00
2026-04-22 19:00:00,2026-04-22 15:00:00,RFC,WEST,AEP,AEPIMP,3446.281,True,15,2,4,0,-0.7071067811865471,-0.7071067811865479,0.9749279121818236,-0.22252093395631434,3438.421,3288.087,3252.983,3219.721208333333,198.34206116354522,3601.907,2026-04-23 19:00:00,2026-04-23 15:00:00
2026-04-22 19:00:00,2026-04-22 15:00:00,RFC,WEST,AEP,AEPKPT,575.723,True,15,2,4,0,-0.7071067811865471,-0.7071067811865479,0.9749279121818236,-0.22252093395631434,565.512,575.506,549.927,541.936875,43.694364647402395,612.743,2026-04-23 19:00:00,2026-04-23 15:00:00
2026-04-22 19:00:00,2026-04-22 15:00:00,RFC,WEST,AEP,AEPOPT,8580.986,True,15,2,4,0,-0.7071067811865471,-0.7071067811865479,0.9749279121818236,-0.22252093395631434,8379.756,7949.112,7759.217,7722.501333333334,526.7104056106037,8868.192,2026-04-23 19:00:00,2026-04-23 15:00:00
2026-04-22 20:00:00,2026-04-22 16:00:00,RFC,WEST,AEP,AEPAPT,3871.033,True,16,2,4,0,-0.8660254037844384,-0.5000000000000004,0.9749279121818236,-0.22252093395631434,3802.231,3740.584,3702.929,3716.9839166666666,238.08984983256852,4253.925,2026-04-23 20:00:00,2026-04-23 16:00:00
2026-04-22 20:00:00,2026-04-22 16:00:00,RFC,WEST,AEP,AEPIMP,3427.937,True,16,2,4,0,-0.8660254037844384,-0.5000000000000004,0.9749279121818236,-0.22252093395631434,3446.281,3312.816,3203.914,3224.517916666666,202.0487627342078,3655.738,2026-04-23 20:00:00,2026-04-23 16:00:00
2026-04-22 20:00:00,2026-04-22 16:00:00,RFC,WEST,AEP,AEPKPT,582.84,True,16,2,4,0,-0.8660254037844384,-0.5000000000000004,0.9749279121818236,-0.22252093395631434,575.723,582.147,546.075,541.96575,43.72231248931139,624.075,2026-04-23 20:00:00,2026-04-23 16:00:00
2026-04-22 20:00:00,2026-04-22 16:00:00,RFC,WEST,AEP,AEPOPT,8594.708,True,16,2,4,0,-0.8660254037844384,-0.5000000000000004,0.9749279121818236,-0.22252093395631434,8580.986,7954.492,7707.61,7749.177000000001,554.4521460925221,8972.518,2026-04-23 20:00:00,2026-04-23 16:00:00
2026-04-22 21:00:00,2026-04-22 17:00:00,RFC,WEST,AEP,AEPAPT,3939.638,True,17,2,4,0,-0.9659258262890683,-0.25881904510252063,0.9749279121818236,-0.22252093395631434,3871.033,3827.71,3739.881,3721.6475833333334,241.42587682871203,4333.134,2026-04-23 21:00:00,2026-04-23 17:00:00
2026-04-22 21:00:00,2026-04-22 17:00:00,RFC,WEST,AEP,AEPIMP,3353.678,True,17,2,4,0,-0.9659258262890683,-0.25881904510252063,0.9749279121818236,-0.22252093395631434,3427.937,3320.319,3179.521,3225.9078750000003,202.84961981451534,3629.269,2026-04-23 21:00:00,2026-04-23 17:00:00
2026-04-22 21:00:00,2026-04-22 17:00:00,RFC,WEST,AEP,AEPKPT,594.707,True,17,2,4,0,-0.9659258262890683,-0.25881904510252063,0.9749279121818236,-0.22252093395631434,582.84,584.205,551.209,542.4033333333333,44.21323022891807,629.762,2026-04-23 21:00:00,2026-04-23 17:00:00
2026-04-22 21:00:00,2026-04-22 17:00:00,RFC,WEST,AEP,AEPOPT,8606.944,True,17,2,4,0,-0.9659258262890683,-0.25881904510252063,0.9749279121818236,-0.22252093395631434,8594.708,7973.662,7716.902,7775.56375,580.077043245209,9006.388,2026-04-23 21:00:00,2026-04-23 17:00:00
2026-04-22 22:00:00,2026-04-22 18:00:00,RFC,WEST,AEP,AEPAPT,3986.979,True,18,2,4,0,-1.0,-1.8369701987210297e-16,0.9749279121818236,-0.22252093395631434,3939.638,3887.839,3824.156,3725.7784166666665,245.21153999174084,4389.576,2026-04-23 22:00:00,2026-04-23 18:00:00
2026-04-22 22:00:00,2026-04-22 18:00:00,RFC,WEST,AEP,AEPIMP,3425.507,True,18,2,4,0,-1.0,-1.8369701987210297e-16,0.9749279121818236,-0.22252093395631434,3353.678,3258.961,3179.453,3232.8472916666665,206.8390299867616,3643.381,2026-04-23 22:00:00,2026-04-23 18:00:00
2026-04-22 22:00:00,2026-04-22 18:00:00,RFC,WEST,AEP,AEPKPT,588.002,True,18,2,4,0,-1.0,-1.8369701987210297e-16,0.9749279121818236,-0.22252093395631434,594.707,573.401,552.081,543.0117083333333,44.755433921702526,622.566,2026-04-23 22:00:00,2026-04-23 18:00:00
2026-04-22 22:00:00,2026-04-22 18:00:00,RFC,WEST,AEP,AEPOPT,8555.113,True,18,2,4,0,-1.0,-1.8369701987210297e-16,0.9749279121818236,-0.22252093395631434,8606.944,7964.727,7706.736,7800.163166666668,600.6028419744556,8895.9,2026-04-23 22:00:00,2026-04-23 18:00:00
2026-04-22 23:00:00,2026-04-22 19:00:00,RFC,WEST,AEP,AEPAPT,3999.202,True,19,2,4,0,-0.9659258262890684,0.2588190451025203,0.9749279121818236,-0.22252093395631434,3986.979,3914.173,3949.43,3729.3212916666666,248.64211881414508,4342.394,2026-04-23 23:00:00,2026-04-23 19:00:00
2026-04-22 23:00:00,2026-04-22 19:00:00,RFC,WEST,AEP,AEPIMP,3416.051,True,19,2,4,0,-0.9659258262890684,0.2588190451025203,0.9749279121818236,-0.22252093395631434,3425.507,3323.055,3203.274,3236.7221250000002,209.4569234118422,3645.021,2026-04-23 23:00:00,2026-04-23 19:00:00
2026-04-22 23:00:00,2026-04-22 19:00:00,RFC,WEST,AEP,AEPKPT,583.725,True,19,2,4,0,-0.9659258262890684,0.2588190451025203,0.9749279121818236,-0.22252093395631434,588.002,570.482,562.088,543.5635,45.188384292387326,607.301,2026-04-23 23:00:00,2026-04-23 19:00:00
2026-04-22 23:00:00,2026-04-22 19:00:00,RFC,WEST,AEP,AEPOPT,8404.026,True,19,2,4,0,-0.9659258262890684,0.2588190451025203,0.9749279121818236,-0.22252093395631434,8555.113,8042.592,7741.648,7815.222916666667,611.3805572738723,8743.096,2026-04-23 23:00:00,2026-04-23 19:00:00
2026-04-23 00:00:00,2026-04-22 20:00:00,RFC,WEST,AEP,AEPAPT,4063.224,True,20,2,4,0,-0.8660254037844386,0.5000000000000001,0.9749279121818236,-0.22252093395631434,3999.202,3971.657,4102.154,3733.136583333333,253.18337082213807,4302.795,2026-04-24 00:00:00,2026-04-23 20:00:00
2026-04-23 00:00:00,2026-04-22 20:00:00,RFC,WEST,AEP,AEPIMP,3379.931,True,20,2,4,0,-0.8660254037844386,0.5000000000000001,0.9749279121818236,-0.22252093395631434,3416.051,3315.779,3296.233,3239.3951249999996,210.91395089575914,3553.148,2026-04-24 00:00:00,2026-04-23 20:00:00
2026-04-23 00:00:00,2026-04-22 20:00:00,RFC,WEST,AEP,AEPKPT,584.684,True,20,2,4,0,-0.8660254037844386,0.5000000000000001,0.9749279121818236,-0.22252093395631434,583.725,582.603,580.784,543.6502083333334,45.26847652758571,602.539,2026-04-24 00:00:00,2026-04-23 20:00:00
2026-04-23 00:00:00,2026-04-22 20:00:00,RFC,WEST,AEP,AEPOPT,8397.894,True,20,2,4,0,-0.8660254037844386,0.5000000000000001,0.9749279121818236,-0.22252093395631434,8404.026,8173.216,8031.05,7824.5845,618.7759823444542,8710.988,2026-04-24 00:00:00,2026-04-23 20:00:00
2026-04-23 01:00:00,2026-04-22 21:00:00,RFC,WEST,AEP,AEPAPT,3982.634,True,21,2,4,0,-0.7071067811865477,0.7071067811865474,0.9749279121818236,-0.22252093395631434,4063.224,3879.978,4070.777,3737.4139166666664,256.6158784222549,4149.528,2026-04-24 01:00:00,2026-04-23 21:00:00
2026-04-23 01:00:00,2026-04-22 21:00:00,RFC,WEST,AEP,AEPIMP,3296.039,True,21,2,4,0,-0.7071067811865477,0.7071067811865474,0.9749279121818236,-0.22252093395631434,3379.931,3244.681,3293.573,3241.5350416666665,211.23021275550065,3443.406,2026-04-24 01:00:00,2026-04-23 21:00:00
2026-04-23 01:00:00,2026-04-22 21:00:00,RFC,WEST,AEP,AEPKPT,577.016,True,21,2,4,0,-0.7071067811865477,0.7071067811865474,0.9749279121818236,-0.22252093395631434,584.684,569.292,583.903,543.9720416666667,45.4856369957725,578.987,2026-04-24 01:00:00,2026-04-23 21:00:00
2026-04-23 01:00:00,2026-04-22 21:00:00,RFC,WEST,AEP,AEPOPT,8147.837,True,21,2,4,0,-0.7071067811865477,0.7071067811865474,0.9749279121818236,-0.22252093395631434,8397.894,8024.882,7956.864,7829.707625,621.0113998786155,8486.41,2026-04-24 01:00:00,2026-04-23 21:00:00
2026-04-23 02:00:00,2026-04-22 22:00:00,RFC,WEST,AEP,AEPAPT,3751.291,True,22,2,4,0,-0.5000000000000004,0.8660254037844384,0.9749279121818236,-0.22252093395631434,3982.634,3694.809,3925.865,3739.767333333333,256.4671160530677,3849.56,2026-04-24 02:00:00,2026-04-23 22:00:00
2026-04-23 02:00:00,2026-04-22 22:00:00,RFC,WEST,AEP,AEPIMP,3227.444,True,22,2,4,0,-0.5000000000000004,0.8660254037844384,0.9749279121818236,-0.22252093395631434,3296.039,3128.823,3181.854,3245.64425,209.89727951925374,3232.934,2026-04-24 02:00:00,2026-04-23 22:00:00
2026-04-23 02:00:00,2026-04-22 22:00:00,RFC,WEST,AEP,AEPKPT,543.494,True,22,2,4,0,-0.5000000000000004,0.8660254037844384,0.9749279121818236,-0.22252093395631434,577.016,536.656,570.433,544.2569583333333,45.459226248200736,533.761,2026-04-24 02:00:00,2026-04-23 22:00:00
2026-04-23 02:00:00,2026-04-22 22:00:00,RFC,WEST,AEP,AEPOPT,7775.086,True,22,2,4,0,-0.5000000000000004,0.8660254037844384,0.9749279121818236,-0.22252093395631434,8147.837,7615.192,7751.122,7836.369875,619.4657574376191,8097.794,2026-04-24 02:00:00,2026-04-23 22:00:00
2026-04-23 03:00:00,2026-04-22 23:00:00,RFC,WEST,AEP,AEPAPT,3519.315,True,23,2,4,0,-0.25881904510252157,0.9659258262890681,0.9749279121818236,-0.22252093395631434,3751.291,3477.619,3804.191,3741.5046666666663,254.74956329128304,3558.516,2026-04-24 03:00:00,2026-04-23 23:00:00
2026-04-23 03:00:00,2026-04-22 23:00:00,RFC,WEST,AEP,AEPIMP,3044.478,True,23,2,4,0,-0.25881904510252157,0.9659258262890681,0.9749279121818236,-0.22252093395631434,3227.444,3009.709,3058.493,3247.092958333333,208.31205799565774,3204.684,2026-04-24 03:00:00,2026-04-23 23:00:00
2026-04-23 03:00:00,2026-04-22 23:00:00,RFC,WEST,AEP,AEPKPT,506.541,True,23,2,4,0,-0.25881904510252157,0.9659258262890681,0.9749279121818236,-0.22252093395631434,543.494,504.484,554.281,544.3426666666666,45.382853384976535,495.241,2026-04-24 03:00:00,2026-04-23 23:00:00
2026-04-23 03:00:00,2026-04-22 23:00:00,RFC,WEST,AEP,AEPOPT,7437.415,True,23,2,4,0,-0.25881904510252157,0.9659258262890681,0.9749279121818236,-0.22252093395631434,7775.086,7353.917,7474.38,7839.848958333335,616.8673906489454,7635.098,2026-04-24 03:00:00,2026-04-23 23:00:00
2026-04-23 04:00:00,2026-04-23 00:00:00,RFC,WEST,AEP,AEPAPT,3356.812,True,0,3,4,0,0.0,1.0,0.43388373911755823,-0.900968867902419,3519.315,3350.067,3744.027,3741.7857083333333,254.3022786412395,3329.909,2026-04-24 04:00:00,2026-04-24 00:00:00
2026-04-23 04:00:00,2026-04-23 00:00:00,RFC,WEST,AEP,AEPIMP,2992.133,True,0,3,4,0,0.0,1.0,0.43388373911755823,-0.900968867902419,3044.478,2977.336,2984.783,3247.7094999999995,207.49925630709328,3087.14,2026-04-24 04:00:00,2026-04-24 00:00:00
2026-04-23 04:00:00,2026-04-23 00:00:00,RFC,WEST,AEP,AEPKPT,485.836,True,0,3,4,0,0.0,1.0,0.43388373911755823,-0.900968867902419,506.541,481.104,552.235,544.5398333333334,45.105598737287956,465.361,2026-04-24 04:00:00,2026-04-24 00:00:00
2026-04-23 04:00:00,2026-04-23 00:00:00,RFC,WEST,AEP,AEPOPT,7115.879,True,0,3,4,0,0.0,1.0,0.43388373911755823,-0.900968867902419,7437.415,7046.846,7359.443,7842.725333333333,613.1587470775469,7337.855,2026-04-24 04:00:00,2026-04-24 00:00:00
2026-04-23 05:00:00,2026-04-23 01:00:00,RFC,WEST,AEP,AEPAPT,3303.969,True,1,3,4,0,0.25881904510252074,0.9659258262890683,0.43388373911755823,-0.900968867902419,3356.812,3294.491,3750.217,3742.1806250000004,253.5837993883729,3204.549,2026-04-24 05:00:00,2026-04-24 01:00:00
2026-04-23 05:00:00,2026-04-23 01:00:00,RFC,WEST,AEP,AEPIMP,2888.942,True,1,3,4,0,0.25881904510252074,0.9659258262890683,0.43388373911755823,-0.900968867902419,2992.133,2895.547,2969.603,3247.4342916666665,207.99043940850456,2996.702,2026-04-24 05:00:00,2026-04-24 01:00:00
2026-04-23 05:00:00,2026-04-23 01:00:00,RFC,WEST,AEP,AEPKPT,467.833,True,1,3,4,0,0.25881904510252074,0.9659258262890683,0.43388373911755823,-0.900968867902419,485.836,468.123,554.442,544.52775,45.12699385959922,452.999,2026-04-24 05:00:00,2026-04-24 01:00:00
2026-04-23 05:00:00,2026-04-23 01:00:00,RFC,WEST,AEP,AEPOPT,6984.318,True,1,3,4,0,0.25881904510252074,0.9659258262890683,0.43388373911755823,-0.900968867902419,7115.879,6908.724,7300.125,7845.875083333333,608.3273749194792,7056.479,2026-04-24 05:00:00,2026-04-24 01:00:00
2026-04-23 06:00:00,2026-04-23 02:00:00,RFC,WEST,AEP,AEPAPT,3254.395,True,2,3,4,0,0.49999999999999994,0.8660254037844387,0.43388373911755823,-0.900968867902419,3303.969,3278.903,3787.443,3741.1594583333335,255.57205463684895,3125.283,2026-04-24 06:00:00,2026-04-24 02:00:00
2026-04-23 06:00:00,2026-04-23 02:00:00,RFC,WEST,AEP,AEPIMP,2825.611,True,2,3,4,0,0.49999999999999994,0.8660254037844387,0.43388373911755823,-0.900968867902419,2888.942,2881.904,2973.16,3245.0887500000003,212.55904387420023,2962.684,2026-04-24 06:00:00,2026-04-24 02:00:00
2026-04-23 06:00:00,2026-04-23 02:00:00,RFC,WEST,AEP,AEPKPT,460.057,True,2,3,4,0,0.49999999999999994,0.8660254037844387,0.43388373911755823,-0.900968867902419,467.833,462.57,563.846,544.4230416666667,45.32789711547613,444.267,2026-04-24 06:00:00,2026-04-24 02:00:00
2026-04-23 06:00:00,2026-04-23 02:00:00,RFC,WEST,AEP,AEPOPT,6843.985,True,2,3,4,0,0.49999999999999994,0.8660254037844387,0.43388373911755823,-0.900968867902419,6984.318,6812.57,7280.652,7847.184041666667,606.036794322463,6904.205,2026-04-24 06:00:00,2026-04-24 02:00:00
2026-04-23 07:00:00,2026-04-23 03:00:00,RFC,WEST,AEP,AEPAPT,3232.52,True,3,3,4,0,0.7071067811865475,0.7071067811865476,0.43388373911755823,-0.900968867902419,3254.395,3296.755,3883.471,3738.483,260.71303408369977,3115.643,2026-04-24 07:00:00,2026-04-24 03:00:00
2026-04-23 07:00:00,2026-04-23 03:00:00,RFC,WEST,AEP,AEPIMP,2797.743,True,3,3,4,0,0.7071067811865475,0.7071067811865476,0.43388373911755823,-0.900968867902419,2825.611,2858.185,2990.103,3242.570333333333,217.63975761627773,2929.281,2026-04-24 07:00:00,2026-04-24 03:00:00
2026-04-23 07:00:00,2026-04-23 03:00:00,RFC,WEST,AEP,AEPKPT,468.796,True,3,3,4,0,0.7071067811865475,0.7071067811865476,0.43388373911755823,-0.900968867902419,460.057,464.212,573.289,544.6140416666666,44.9835634672881,442.065,2026-04-24 07:00:00,2026-04-24 03:00:00
2026-04-23 07:00:00,2026-04-23 03:00:00,RFC,WEST,AEP,AEPOPT,6820.126,True,3,3,4,0,0.7071067811865475,0.7071067811865476,0.43388373911755823,-0.900968867902419,6843.985,6845.001,7304.477,7846.147583333334,607.8438479297046,6804.716,2026-04-24 07:00:00,2026-04-24 03:00:00
2026-04-23 08:00:00,2026-04-23 04:00:00,RFC,WEST,AEP,AEPAPT,3312.929,True,4,3,4,0,0.8660254037844386,0.5000000000000001,0.43388373911755823,-0.900968867902419,3232.52,3379.578,4053.094,3735.7059583333335,265.0215661517339,3175.213,2026-04-24 08:00:00,2026-04-24 04:00:00
2026-04-23 08:00:00,2026-04-23 04:00:00,RFC,WEST,AEP,AEPIMP,2872.569,True,4,3,4,0,0.8660254037844386,0.5000000000000001,0.43388373911755823,-0.900968867902419,2797.743,2923.432,3046.872,3240.4510416666667,221.10261158319227,2900.917,2026-04-24 08:00:00,2026-04-24 04:00:00
2026-04-23 08:00:00,2026-04-23 04:00:00,RFC,WEST,AEP,AEPKPT,475.586,True,4,3,4,0,0.8660254037844386,0.5000000000000001,0.43388373911755823,-0.900968867902419,468.796,473.171,596.454,544.7146666666666,44.81920294740344,447.739,2026-04-24 08:00:00,2026-04-24 04:00:00
2026-04-23 08:00:00,2026-04-23 04:00:00,RFC,WEST,AEP,AEPOPT,6907.15,True,4,3,4,0,0.8660254037844386,0.5000000000000001,0.43388373911755823,-0.900968867902419,6820.126,6932.706,7420.272,7845.0827500000005,609.5336429057315,6823.062,2026-04-24 08:00:00,2026-04-24 04:00:00
2026-04-23 09:00:00,2026-04-23 05:00:00,RFC,WEST,AEP,AEPAPT,3511.522,True,5,3,4,0,0.9659258262890683,0.25881904510252074,0.43388373911755823,-0.900968867902419,3312.929,3565.463,4304.492,3733.4584166666664,266.75118269195343,3309.85,2026-04-24 09:00:00,2026-04-24 05:00:00
2026-04-23 09:00:00,2026-04-23 05:00:00,RFC,WEST,AEP,AEPIMP,2986.36,True,5,3,4,0,0.9659258262890683,0.25881904510252074,0.43388373911755823,-0.900968867902419,2872.569,3067.389,3210.719,3237.0748333333336,224.45340447302857,3049.814,2026-04-24 09:00:00,2026-04-24 05:00:00
2026-04-23 09:00:00,2026-04-23 05:00:00,RFC,WEST,AEP,AEPKPT,491.444,True,5,3,4,0,0.9659258262890683,0.25881904510252074,0.43388373911755823,-0.900968867902419,475.586,496.036,628.238,544.5233333333334,45.045278984079786,466.619,2026-04-24 09:00:00,2026-04-24 05:00:00
2026-04-23 09:00:00,2026-04-23 05:00:00,RFC,WEST,AEP,AEPOPT,7092.429,True,5,3,4,0,0.9659258262890683,0.25881904510252074,0.43388373911755823,-0.900968867902419,6907.15,7110.243,7719.744,7844.340499999999,610.477504088182,7111.244,2026-04-24 09:00:00,2026-04-24 05:00:00
2026-04-23 10:00:00,2026-04-23 06:00:00,RFC,WEST,AEP,AEPAPT,3815.61,True,6,3,4,0,1.0,6.123233995736766e-17,0.43388373911755823,-0.900968867902419,3511.522,3862.711,4673.757,3731.495875,265.9309050850041,3548.297,2026-04-24 10:00:00,2026-04-24 06:00:00
2026-04-23 10:00:00,2026-04-23 06:00:00,RFC,WEST,AEP,AEPIMP,3136.501,True,6,3,4,0,1.0,6.123233995736766e-17,0.43388373911755823,-0.900968867902419,2986.36,3201.742,3408.582,3234.356458333333,225.2934265686382,3209.331,2026-04-24 10:00:00,2026-04-24 06:00:00
2026-04-23 10:00:00,2026-04-23 06:00:00,RFC,WEST,AEP,AEPKPT,530.889,True,6,3,4,0,1.0,6.123233995736766e-17,0.43388373911755823,-0.900968867902419,491.444,541.916,683.545,544.0638749999999,45.12918898423675,494.219,2026-04-24 10:00:00,2026-04-24 06:00:00
2026-04-23 10:00:00,2026-04-23 06:00:00,RFC,WEST,AEP,AEPOPT,7505.017,True,6,3,4,0,1.0,6.123233995736766e-17,0.43388373911755823,-0.900968867902419,7092.429,7546.48,8197.969,7842.612875,611.4150350380934,7414.872,2026-04-24 10:00:00,2026-04-24 06:00:00
2026-04-23 11:00:00,2026-04-23 07:00:00,RFC,WEST,AEP,AEPAPT,3932.69,True,7,3,4,0,0.9659258262890683,-0.25881904510252063,0.43388373911755823,-0.900968867902419,3815.61,3994.506,4825.3,3728.9202083333334,263.56157576847454,3707.247,2026-04-24 11:00:00,2026-04-24 07:00:00
2026-04-23 11:00:00,2026-04-23 07:00:00,RFC,WEST,AEP,AEPIMP,3258.167,True,7,3,4,0,0.9659258262890683,-0.25881904510252063,0.43388373911755823,-0.900968867902419,3136.501,3328.458,3501.209,3231.4276666666665,224.47232029625633,3294.508,2026-04-24 11:00:00,2026-04-24 07:00:00
2026-04-23 11:00:00,2026-04-23 07:00:00,RFC,WEST,AEP,AEPKPT,545.675,True,7,3,4,0,0.9659258262890683,-0.25881904510252063,0.43388373911755823,-0.900968867902419,530.889,560.829,703.43,543.4324583333333,44.99022255226673,513.919,2026-04-24 11:00:00,2026-04-24 07:00:00
2026-04-23 11:00:00,2026-04-23 07:00:00,RFC,WEST,AEP,AEPOPT,7782.431,True,7,3,4,0,0.9659258262890683,-0.25881904510252063,0.43388373911755823,-0.900968867902419,7505.017,7764.819,8295.709,7843.3467083333335,611.3281685927029,7673.888,2026-04-24 11:00:00,2026-04-24 07:00:00
2026-04-23 12:00:00,2026-04-23 08:00:00,RFC,WEST,AEP,AEPAPT,3870.73,True,8,3,4,0,0.8660254037844387,-0.4999999999999998,0.43388373911755823,-0.900968867902419,3932.69,3961.329,4576.751,3725.1452499999996,260.7216039992327,3725.435,2026-04-24 12:00:00,2026-04-24 08:00:00
2026-04-23 12:00:00,2026-04-23 08:00:00,RFC,WEST,AEP,AEPIMP,3302.796,True,8,3,4,0,0.8660254037844387,-0.4999999999999998,0.43388373911755823,-0.900968867902419,3258.167,3342.851,3462.54,3229.7587083333333,223.75562650072956,3451.76,2026-04-24 12:00:00,2026-04-24 08:00:00
2026-04-23 12:00:00,2026-04-23 08:00:00,RFC,WEST,AEP,AEPKPT,545.772,True,8,3,4,0,0.8660254037844387,-0.4999999999999998,0.43388373911755823,-0.900968867902419,545.675,565.93,691.332,542.5925416666666,44.739422318459184,518.445,2026-04-24 12:00:00,2026-04-24 08:00:00
2026-04-23 12:00:00,2026-04-23 08:00:00,RFC,WEST,AEP,AEPOPT,7921.041,True,8,3,4,0,0.8660254037844387,-0.4999999999999998,0.43388373911755823,-0.900968867902419,7782.431,7899.847,8294.833,7844.229791666668,611.4286330914525,7845.995,2026-04-24 12:00:00,2026-04-24 08:00:00
2026-04-23 13:00:00,2026-04-23 09:00:00,RFC,WEST,AEP,AEPAPT,3785.561,True,9,3,4,0,0.7071067811865476,-0.7071067811865475,0.43388373911755823,-0.900968867902419,3870.73,3886.987,4267.72,3720.9191666666666,258.79915296979226,3722.952,2026-04-24 13:00:00,2026-04-24 09:00:00
2026-04-23 13:00:00,2026-04-23 09:00:00,RFC,WEST,AEP,AEPIMP,3345.404,True,9,3,4,0,0.7071067811865476,-0.7071067811865475,0.43388373911755823,-0.900968867902419,3302.796,3350.633,3442.018,3229.540833333334,223.63532512603763,3527.213,2026-04-24 13:00:00,2026-04-24 09:00:00
2026-04-23 13:00:00,2026-04-23 09:00:00,RFC,WEST,AEP,AEPKPT,543.01,True,9,3,4,0,0.7071067811865476,-0.7071067811865475,0.43388373911755823,-0.900968867902419,545.772,569.667,649.587,541.4818333333334,44.367391933879105,521.668,2026-04-24 13:00:00,2026-04-24 09:00:00
2026-04-23 13:00:00,2026-04-23 09:00:00,RFC,WEST,AEP,AEPOPT,8027.66,True,9,3,4,0,0.7071067811865476,-0.7071067811865475,0.43388373911755823,-0.900968867902419,7921.041,7982.062,8173.483,7846.129708333334,611.9461712136086,7981.425,2026-04-24 13:00:00,2026-04-24 09:00:00
2026-04-23 14:00:00,2026-04-23 10:00:00,RFC,WEST,AEP,AEPAPT,3737.273,True,10,3,4,0,0.49999999999999994,-0.8660254037844387,0.43388373911755823,-0.900968867902419,3785.561,3826.033,4065.345,3717.2208333333333,257.8642465676115,3757.016,2026-04-24 14:00:00,2026-04-24 10:00:00
2026-04-23 14:00:00,2026-04-23 10:00:00,RFC,WEST,AEP,AEPIMP,3391.905,True,10,3,4,0,0.49999999999999994,-0.8660254037844387,0.43388373911755823,-0.900968867902419,3345.404,3392.307,3438.704,3229.5240833333337,223.6226187993627,3544.224,2026-04-24 14:00:00,2026-04-24 10:00:00
2026-04-23 14:00:00,2026-04-23 10:00:00,RFC,WEST,AEP,AEPKPT,539.898,True,10,3,4,0,0.49999999999999994,-0.8660254037844387,0.43388373911755823,-0.900968867902419,543.01,576.914,607.35,539.9395,43.72079637685057,532.482,2026-04-24 14:00:00,2026-04-24 10:00:00
2026-04-23 14:00:00,2026-04-23 10:00:00,RFC,WEST,AEP,AEPOPT,8141.336,True,10,3,4,0,0.49999999999999994,-0.8660254037844387,0.43388373911755823,-0.900968867902419,8027.66,7967.217,8168.537,7853.384666666666,614.4710724784672,8132.4,2026-04-24 14:00:00,2026-04-24 10:00:00
2026-04-23 15:00:00,2026-04-23 11:00:00,RFC,WEST,AEP,AEPAPT,3756.18,True,11,3,4,0,0.258819045102521,-0.9659258262890682,0.43388373911755823,-0.900968867902419,3737.273,3789.226,3901.473,3715.8439166666667,257.55108173650285,3843.374,2026-04-24 15:00:00,2026-04-24 11:00:00
2026-04-23 15:00:00,2026-04-23 11:00:00,RFC,WEST,AEP,AEPIMP,3469.934,True,11,3,4,0,0.258819045102521,-0.9659258262890682,0.43388373911755823,-0.900968867902419,3391.905,3403.56,3401.667,3232.289666666667,226.2633714139783,3610.689,2026-04-24 15:00:00,2026-04-24 11:00:00
2026-04-23 15:00:00,2026-04-23 11:00:00,RFC,WEST,AEP,AEPKPT,544.938,True,11,3,4,0,0.258819045102521,-0.9659258262890682,0.43388373911755823,-0.900968867902419,539.898,568.487,582.725,538.9582916666667,43.314624297592694,548.739,2026-04-24 15:00:00,2026-04-24 11:00:00
2026-04-23 15:00:00,2026-04-23 11:00:00,RFC,WEST,AEP,AEPOPT,8282.72,True,11,3,4,0,0.258819045102521,-0.9659258262890682,0.43388373911755823,-0.900968867902419,8141.336,8040.266,8044.885,7863.486916666666,619.6483203073573,8309.607,2026-04-24 15:00:00,2026-04-24 11:00:00
2026-04-23 16:00:00,2026-04-23 12:00:00,RFC,WEST,AEP,AEPAPT,3829.511,True,12,3,4,0,1.2246467991473532e-16,-1.0,0.43388373911755823,-0.900968867902419,3756.18,3771.56,3791.238,3718.2585416666666,258.36651310323964,3949.266,2026-04-24 16:00:00,2026-04-24 12:00:00
2026-04-23 16:00:00,2026-04-23 12:00:00,RFC,WEST,AEP,AEPIMP,3597.723,True,12,3,4,0,1.2246467991473532e-16,-1.0,0.43388373911755823,-0.900968867902419,3469.934,3424.854,3427.902,3239.4925416666665,235.23373662250538,3535.06,2026-04-24 16:00:00,2026-04-24 12:00:00
2026-04-23 16:00:00,2026-04-23 12:00:00,RFC,WEST,AEP,AEPKPT,562.87,True,12,3,4,0,1.2246467991473532e-16,-1.0,0.43388373911755823,-0.900968867902419,544.938,564.192,566.207,538.9032083333333,43.28196759468883,559.19,2026-04-24 16:00:00,2026-04-24 12:00:00
2026-04-23 16:00:00,2026-04-23 12:00:00,RFC,WEST,AEP,AEPOPT,8502.71,True,12,3,4,0,1.2246467991473532e-16,-1.0,0.43388373911755823,-0.900968867902419,8282.72,8143.486,7961.158,7878.454583333333,630.9414242184927,8503.315,2026-04-24 16:00:00,2026-04-24 12:00:00
2026-04-23 17:00:00,2026-04-23 13:00:00,RFC,WEST,AEP,AEPAPT,3925.663,True,13,3,4,0,-0.2588190451025208,-0.9659258262890683,0.43388373911755823,-0.900968867902419,3829.511,3813.047,3743.16,3722.9508750000005,261.17029200808867,4094.975,2026-04-24 17:00:00,2026-04-24 13:00:00
2026-04-23 17:00:00,2026-04-23 13:00:00,RFC,WEST,AEP,AEPIMP,3646.296,True,13,3,4,0,-0.2588190451025208,-0.9659258262890683,0.43388373911755823,-0.900968867902419,3597.723,3426.266,3398.187,3248.6604583333333,246.8312627047671,3665.188,2026-04-24 17:00:00,2026-04-24 13:00:00
2026-04-23 17:00:00,2026-04-23 13:00:00,RFC,WEST,AEP,AEPKPT,578.677,True,13,3,4,0,-0.2588190451025208,-0.9659258262890683,0.43388373911755823,-0.900968867902419,562.87,568.829,563.224,539.3135416666667,43.62334888763176,576.873,2026-04-24 17:00:00,2026-04-24 13:00:00
2026-04-23 17:00:00,2026-04-23 13:00:00,RFC,WEST,AEP,AEPOPT,8610.133,True,13,3,4,0,-0.2588190451025208,-0.9659258262890683,0.43388373911755823,-0.900968867902419,8502.71,8276.343,7948.553,7892.3625,643.6444687016728,8659.329,2026-04-24 17:00:00,2026-04-24 13:00:00
2026-04-23 18:00:00,2026-04-23 14:00:00,RFC,WEST,AEP,AEPAPT,4038.318,True,14,3,4,0,-0.4999999999999997,-0.8660254037844388,0.43388373911755823,-0.900968867902419,3925.663,3809.909,3680.707,3732.467916666667,268.5346000612913,4200.71,2026-04-24 18:00:00,2026-04-24 14:00:00
2026-04-23 18:00:00,2026-04-23 14:00:00,RFC,WEST,AEP,AEPIMP,3648.976,True,14,3,4,0,-0.4999999999999997,-0.8660254037844388,0.43388373911755823,-0.900968867902419,3646.296,3438.421,3340.192,3257.433583333333,257.38540768962565,3512.765,2026-04-24 18:00:00,2026-04-24 14:00:00
2026-04-23 18:00:00,2026-04-23 14:00:00,RFC,WEST,AEP,AEPKPT,592.403,True,14,3,4,0,-0.4999999999999997,-0.8660254037844388,0.43388373911755823,-0.900968867902419,578.677,565.512,568.479,540.4340000000001,44.658570524640545,593.089,2026-04-24 18:00:00,2026-04-24 14:00:00
2026-04-23 18:00:00,2026-04-23 14:00:00,RFC,WEST,AEP,AEPOPT,8820.279,True,14,3,4,0,-0.4999999999999997,-0.8660254037844388,0.43388373911755823,-0.900968867902419,8610.133,8379.756,7943.972,7910.717625,664.1041497836075,8847.879,2026-04-24 18:00:00,2026-04-24 14:00:00
2026-04-23 19:00:00,2026-04-23 15:00:00,RFC,WEST,AEP,AEPAPT,4134.89,True,15,3,4,0,-0.7071067811865471,-0.7071067811865479,0.43388373911755823,-0.900968867902419,4038.318,3802.231,3672.945,3746.328708333334,280.6060871349197,4243.384,2026-04-24 19:00:00,2026-04-24 15:00:00
2026-04-23 19:00:00,2026-04-23 15:00:00,RFC,WEST,AEP,AEPIMP,3601.907,True,15,3,4,0,-0.7071067811865471,-0.7071067811865479,0.43388373911755823,-0.900968867902419,3648.976,3446.281,3288.087,3263.918,264.2196179964137,3559.481,2026-04-24 19:00:00,2026-04-24 15:00:00
2026-04-23 19:00:00,2026-04-23 15:00:00,RFC,WEST,AEP,AEPKPT,612.743,True,15,3,4,0,-0.7071067811865471,-0.7071067811865479,0.43388373911755823,-0.900968867902419,592.403,575.723,575.506,541.9765000000001,46.53054013459699,613.299,2026-04-24 19:00:00,2026-04-24 15:00:00
2026-04-23 19:00:00,2026-04-23 15:00:00,RFC,WEST,AEP,AEPOPT,8868.192,True,15,3,4,0,-0.7071067811865471,-0.7071067811865479,0.43388373911755823,-0.900968867902419,8820.279,8580.986,7949.112,7922.6845416666665,679.1250737870438,8894.402,2026-04-24 19:00:00,2026-04-24 15:00:00
2026-04-23 20:00:00,2026-04-23 16:00:00,RFC,WEST,AEP,AEPAPT,4253.925,True,16,3,4,0,-0.8660254037844384,-0.5000000000000004,0.43388373911755823,-0.900968867902419,4134.89,3871.033,3740.584,3762.282541666667,298.32934025830053,4306.302,2026-04-24 20:00:00,2026-04-24 16:00:00
2026-04-23 20:00:00,2026-04-23 16:00:00,RFC,WEST,AEP,AEPIMP,3655.738,True,16,3,4,0,-0.8660254037844384,-0.5000000000000004,0.43388373911755823,-0.900968867902419,3601.907,3427.937,3312.816,3273.409708333333,274.26856163058164,3528.782,2026-04-24 20:00:00,2026-04-24 16:00:00
2026-04-23 20:00:00,2026-04-23 16:00:00,RFC,WEST,AEP,AEPKPT,624.075,True,16,3,4,0,-0.8660254037844384,-0.5000000000000004,0.43388373911755823,-0.900968867902419,612.743,582.84,582.147,543.694625,48.81045325748412,626.466,2026-04-24 20:00:00,2026-04-24 16:00:00
2026-04-23 20:00:00,2026-04-23 16:00:00,RFC,WEST,AEP,AEPOPT,8972.518,True,16,3,4,0,-0.8660254037844384,-0.5000000000000004,0.43388373911755823,-0.900968867902419,8868.192,8594.708,7954.492,7938.426625,699.4543575140989,8956.727,2026-04-24 20:00:00,2026-04-24 16:00:00
2026-04-23 21:00:00,2026-04-23 17:00:00,RFC,WEST,AEP,AEPAPT,4333.134,True,17,3,4,0,-0.9659258262890683,-0.25881904510252063,0.43388373911755823,-0.900968867902419,4253.925,3939.638,3827.71,3778.6782083333333,318.62298087005297,4325.18,2026-04-24 21:00:00,2026-04-24 17:00:00
2026-04-23 21:00:00,2026-04-23 17:00:00,RFC,WEST,AEP,AEPIMP,3629.269,True,17,3,4,0,-0.9659258262890683,-0.25881904510252063,0.43388373911755823,-0.900968867902419,3655.738,3353.678,3320.319,3284.8926666666666,283.3927100503948,3505.81,2026-04-24 21:00:00,2026-04-24 17:00:00
2026-04-23 21:00:00,2026-04-23 17:00:00,RFC,WEST,AEP,AEPKPT,629.762,True,17,3,4,0,-0.9659258262890683,-0.25881904510252063,0.43388373911755823,-0.900968867902419,624.075,594.707,584.205,545.15525,50.88380472362629,630.486,2026-04-24 21:00:00,2026-04-24 17:00:00
2026-04-23 21:00:00,2026-04-23 17:00:00,RFC,WEST,AEP,AEPOPT,9006.388,True,17,3,4,0,-0.9659258262890683,-0.25881904510252063,0.43388373911755823,-0.900968867902419,8972.518,8606.944,7973.662,7955.070124999999,720.4894179365498,8982.776,2026-04-24 21:00:00,2026-04-24 17:00:00
2026-04-23 22:00:00,2026-04-23 18:00:00,RFC,WEST,AEP,AEPAPT,4389.576,True,18,3,4,0,-1.0,-1.8369701987210297e-16,0.43388373911755823,-0.900968867902419,4333.134,3986.979,3887.839,3795.4530833333333,339.9505890112878,4302.779,2026-04-24 22:00:00,2026-04-24 18:00:00
2026-04-23 22:00:00,2026-04-23 18:00:00,RFC,WEST,AEP,AEPIMP,3643.381,True,18,3,4,0,-1.0,-1.8369701987210297e-16,0.43388373911755823,-0.900968867902419,3629.269,3425.507,3258.961,3293.9707500000004,291.46753586041194,3423.132,2026-04-24 22:00:00,2026-04-24 18:00:00
2026-04-23 22:00:00,2026-04-23 18:00:00,RFC,WEST,AEP,AEPKPT,622.566,True,18,3,4,0,-1.0,-1.8369701987210297e-16,0.43388373911755823,-0.900968867902419,629.762,588.002,573.401,546.5954166666667,52.60910762688401,615.13,2026-04-24 22:00:00,2026-04-24 18:00:00
2026-04-23 22:00:00,2026-04-23 18:00:00,RFC,WEST,AEP,AEPOPT,8895.9,True,18,3,4,0,-1.0,-1.8369701987210297e-16,0.43388373911755823,-0.900968867902419,9006.388,8555.113,7964.727,7969.269583333332,736.0200092475578,8890.333,2026-04-24 22:00:00,2026-04-24 18:00:00
2026-04-23 23:00:00,2026-04-23 19:00:00,RFC,WEST,AEP,AEPAPT,4342.394,True,19,3,4,0,-0.9659258262890684,0.2588190451025203,0.43388373911755823,-0.900968867902419,4389.576,3999.202,3914.173,3809.75275,355.7448085336296,4208.405,2026-04-24 23:00:00,2026-04-24 19:00:00
2026-04-23 23:00:00,2026-04-23 19:00:00,RFC,WEST,AEP,AEPIMP,3645.021,True,19,3,4,0,-0.9659258262890684,0.2588190451025203,0.43388373911755823,-0.900968867902419,3643.381,3416.051,3323.055,3303.5111666666667,299.2799099849116,3374.296,2026-04-24 23:00:00,2026-04-24 19:00:00
2026-04-23 23:00:00,2026-04-23 19:00:00,RFC,WEST,AEP,AEPKPT,607.301,True,19,3,4,0,-0.9659258262890684,0.2588190451025203,0.43388373911755823,-0.900968867902419,622.566,583.725,570.482,547.57775,53.54434209565459,594.115,2026-04-24 23:00:00,2026-04-24 19:00:00
2026-04-23 23:00:00,2026-04-23 19:00:00,RFC,WEST,AEP,AEPOPT,8743.096,True,19,3,4,0,-0.9659258262890684,0.2588190451025203,0.43388373911755823,-0.900968867902419,8895.9,8404.026,8042.592,7983.3975,747.8865663491792,8682.363,2026-04-24 23:00:00,2026-04-24 19:00:00
2026-04-24 00:00:00,2026-04-23 20:00:00,RFC,WEST,AEP,AEPAPT,4302.795,True,20,3,4,0,-0.8660254037844386,0.5000000000000001,0.43388373911755823,-0.900968867902419,4342.394,4063.224,3971.657,3819.734875,366.3689065272033,4129.474,2026-04-25 00:00:00,2026-04-24 20:00:00
2026-04-24 00:00:00,2026-04-23 20:00:00,RFC,WEST,AEP,AEPIMP,3553.148,True,20,3,4,0,-0.8660254037844386,0.5000000000000001,0.43388373911755823,-0.900968867902419,3645.021,3379.931,3315.779,3310.728541666667,303.2650633957531,3350.137,2026-04-25 00:00:00,2026-04-24 20:00:00
2026-04-24 00:00:00,2026-04-23 20:00:00,RFC,WEST,AEP,AEPKPT,602.539,True,20,3,4,0,-0.8660254037844386,0.5000000000000001,0.43388373911755823,-0.900968867902419,607.301,584.684,582.603,548.3217083333333,54.202319442171486,581.331,2026-04-25 00:00:00,2026-04-24 20:00:00
2026-04-24 00:00:00,2026-04-23 20:00:00,RFC,WEST,AEP,AEPOPT,8710.988,True,20,3,4,0,-0.8660254037844386,0.5000000000000001,0.43388373911755823,-0.900968867902419,8743.096,8397.894,8173.216,7996.443083333333,758.0921523712422,8579.136,2026-04-25 00:00:00,2026-04-24 20:00:00
2026-04-24 01:00:00,2026-04-23 21:00:00,RFC,WEST,AEP,AEPAPT,4149.528,True,21,3,4,0,-0.7071067811865477,0.7071067811865474,0.43388373911755823,-0.900968867902419,4302.795,3982.634,3879.978,3826.688791666667,371.1479755177888,3968.011,2026-04-25 01:00:00,2026-04-24 21:00:00
2026-04-24 01:00:00,2026-04-23 21:00:00,RFC,WEST,AEP,AEPIMP,3443.406,True,21,3,4,0,-0.7071067811865477,0.7071067811865474,0.43388373911755823,-0.900968867902419,3553.148,3296.039,3244.681,3316.8688333333334,304.44430621617227,3289.629,2026-04-25 01:00:00,2026-04-24 21:00:00
2026-04-24 01:00:00,2026-04-23 21:00:00,RFC,WEST,AEP,AEPKPT,578.987,True,21,3,4,0,-0.7071067811865477,0.7071067811865474,0.43388373911755823,-0.900968867902419,602.539,577.016,569.292,548.4038333333334,54.24915901064539,562.225,2026-04-25 01:00:00,2026-04-24 21:00:00
2026-04-24 01:00:00,2026-04-23 21:00:00,RFC,WEST,AEP,AEPOPT,8486.41,True,21,3,4,0,-0.7071067811865477,0.7071067811865474,0.43388373911755823,-0.900968867902419,8710.988,8147.837,8024.882,8010.550291666666,764.1578628670391,8403.508,2026-04-25 01:00:00,2026-04-24 21:00:00
2026-04-24 02:00:00,2026-04-23 22:00:00,RFC,WEST,AEP,AEPAPT,3849.56,True,22,3,4,0,-0.5000000000000004,0.8660254037844384,0.43388373911755823,-0.900968867902419,4149.528,3751.291,3694.809,3830.7833333333333,370.8219279947029,3708.398,2026-04-25 02:00:00,2026-04-24 22:00:00
2026-04-24 02:00:00,2026-04-23 22:00:00,RFC,WEST,AEP,AEPIMP,3232.934,True,22,3,4,0,-0.5000000000000004,0.8660254037844384,0.43388373911755823,-0.900968867902419,3443.406,3227.444,3128.823,3317.0975833333337,304.37624872371435,3161.352,2026-04-25 02:00:00,2026-04-24 22:00:00
2026-04-24 02:00:00,2026-04-23 22:00:00,RFC,WEST,AEP,AEPKPT,533.761,True,22,3,4,0,-0.5000000000000004,0.8660254037844384,0.43388373911755823,-0.900968867902419,578.987,543.494,536.656,547.9982916666667,54.32378684491785,534.606,2026-04-25 02:00:00,2026-04-24 22:00:00
2026-04-24 02:00:00,2026-04-23 22:00:00,RFC,WEST,AEP,AEPOPT,8097.794,True,22,3,4,0,-0.5000000000000004,0.8660254037844384,0.43388373911755823,-0.900968867902419,8486.41,7775.086,7615.192,8023.996458333332,762.6722286521363,8000.71,2026-04-25 02:00:00,2026-04-24 22:00:00
2026-04-24 03:00:00,2026-04-23 23:00:00,RFC,WEST,AEP,AEPAPT,3558.516,True,23,3,4,0,-0.25881904510252157,0.9659258262890681,0.43388373911755823,-0.900968867902419,3849.56,3519.315,3477.619,3832.4167083333336,369.4742269458826,3454.079,2026-04-25 03:00:00,2026-04-24 23:00:00
2026-04-24 03:00:00,2026-04-23 23:00:00,RFC,WEST,AEP,AEPIMP,3204.684,True,23,3,4,0,-0.25881904510252157,0.9659258262890681,0.43388373911755823,-0.900968867902419,3232.934,3044.478,3009.709,3323.772833333334,299.8607415555246,3068.604,2026-04-25 03:00:00,2026-04-24 23:00:00
2026-04-24 03:00:00,2026-04-23 23:00:00,RFC,WEST,AEP,AEPKPT,495.241,True,23,3,4,0,-0.25881904510252157,0.9659258262890681,0.43388373911755823,-0.900968867902419,533.761,506.541,504.484,547.5274583333334,54.7460549184011,500.538,2026-04-25 03:00:00,2026-04-24 23:00:00
2026-04-24 03:00:00,2026-04-23 23:00:00,RFC,WEST,AEP,AEPOPT,7635.098,True,23,3,4,0,-0.25881904510252157,0.9659258262890681,0.43388373911755823,-0.900968867902419,8097.794,7437.415,7353.917,8032.23325,757.1089543716115,7541.928,2026-04-25 03:00:00,2026-04-24 23:00:00
2026-04-24 04:00:00,2026-04-24 00:00:00,RFC,WEST,AEP,AEPAPT,3329.909,True,0,4,4,0,0.0,1.0,-0.433883739117558,-0.9009688679024191,3558.516,3356.812,3350.067,3831.2957499999998,371.01750233416357,3251.515,2026-04-25 04:00:00,2026-04-25 00:00:00
2026-04-24 04:00:00,2026-04-24 00:00:00,RFC,WEST,AEP,AEPIMP,3087.14,True,0,4,4,0,0.0,1.0,-0.433883739117558,-0.9009688679024191,3204.684,2992.133,2977.336,3327.7314583333336,295.89309917279655,2880.728,2026-04-25 04:00:00,2026-04-25 00:00:00
2026-04-24 04:00:00,2026-04-24 00:00:00,RFC,WEST,AEP,AEPKPT,465.361,True,0,4,4,0,0.0,1.0,-0.433883739117558,-0.9009688679024191,495.241,485.836,481.104,546.6743333333333,55.89665358239354,475.395,2026-04-25 04:00:00,2026-04-25 00:00:00
2026-04-24 04:00:00,2026-04-24 00:00:00,RFC,WEST,AEP,AEPOPT,7337.855,True,0,4,4,0,0.0,1.0,-0.433883739117558,-0.9009688679024191,7635.098,7115.879,7046.846,8041.48225,746.7123382074521,7171.677,2026-04-25 04:00:00,2026-04-25 00:00:00
2026-04-24 05:00:00,2026-04-24 01:00:00,RFC,WEST,AEP,AEPAPT,3204.549,True,1,4,4,0,0.25881904510252074,0.9659258262890683,-0.433883739117558,-0.9009688679024191,3329.909,3303.969,3294.491,3827.15325,377.65683997285294,3121.176,2026-04-25 05:00:00,2026-04-25 01:00:00
2026-04-24 05:00:00,2026-04-24 01:00:00,RFC,WEST,AEP,AEPIMP,2996.702,True,1,4,4,0,0.25881904510252074,0.9659258262890683,-0.433883739117558,-0.9009688679024191,3087.14,2888.942,2895.547,3332.2214583333334,289.6979815868135,2874.873,2026-04-25 05:00:00,2026-04-25 01:00:00
2026-04-24 05:00:00,2026-04-24 01:00:00,RFC,WEST,AEP,AEPKPT,452.999,True,1,4,4,0,0.25881904510252074,0.9659258262890683,-0.433883739117558,-0.9009688679024191,465.361,467.833,468.123,546.05625,56.879723927851984,455.682,2026-04-25 05:00:00,2026-04-25 01:00:00
2026-04-24 05:00:00,2026-04-24 01:00:00,RFC,WEST,AEP,AEPOPT,7056.479,True,1,4,4,0,0.25881904510252074,0.9659258262890683,-0.433883739117558,-0.9009688679024191,7337.855,6984.318,6908.724,8044.488958333332,742.4033373669068,6964.768,2026-04-25 05:00:00,2026-04-25 01:00:00
2026-04-24 06:00:00,2026-04-24 02:00:00,RFC,WEST,AEP,AEPAPT,3125.283,True,2,4,4,0,0.49999999999999994,0.8660254037844387,-0.433883739117558,-0.9009688679024191,3204.549,3254.395,3278.903,3821.773583333333,386.9750636427308,3032.814,2026-04-25 06:00:00,2026-04-25 02:00:00
2026-04-24 06:00:00,2026-04-24 02:00:00,RFC,WEST,AEP,AEPIMP,2962.684,True,2,4,4,0,0.49999999999999994,0.8660254037844387,-0.433883739117558,-0.9009688679024191,2996.702,2825.611,2881.904,3337.9328333333337,280.4804940617061,2815.986,2026-04-25 06:00:00,2026-04-25 02:00:00
2026-04-24 06:00:00,2026-04-24 02:00:00,RFC,WEST,AEP,AEPKPT,444.267,True,2,4,4,0,0.49999999999999994,0.8660254037844387,-0.433883739117558,-0.9009688679024191,452.999,460.057,462.57,545.3983333333333,57.99803623936891,447.185,2026-04-25 06:00:00,2026-04-25 02:00:00
2026-04-24 06:00:00,2026-04-24 02:00:00,RFC,WEST,AEP,AEPOPT,6904.205,True,2,4,4,0,0.49999999999999994,0.8660254037844387,-0.433883739117558,-0.9009688679024191,7056.479,6843.985,6812.57,8046.998125000001,738.259678077073,6847.767,2026-04-25 06:00:00,2026-04-25 02:00:00
2026-04-24 07:00:00,2026-04-24 03:00:00,RFC,WEST,AEP,AEPAPT,3115.643,True,3,4,4,0,0.7071067811865475,0.7071067811865476,-0.433883739117558,-0.9009688679024191,3125.283,3232.52,3296.755,3816.9037083333333,395.35754517612565,2993.892,2026-04-25 07:00:00,2026-04-25 03:00:00
2026-04-24 07:00:00,2026-04-24 03:00:00,RFC,WEST,AEP,AEPIMP,2929.281,True,3,4,4,0,0.7071067811865475,0.7071067811865476,-0.433883739117558,-0.9009688679024191,2962.684,2797.743,2858.185,3343.4135833333335,270.57622984272496,2791.444,2026-04-25 07:00:00,2026-04-25 03:00:00
2026-04-24 07:00:00,2026-04-24 03:00:00,RFC,WEST,AEP,AEPKPT,442.065,True,3,4,4,0,0.7071067811865475,0.7071067811865476,-0.433883739117558,-0.9009688679024191,444.267,468.796,464.212,544.2845416666667,59.76288229908091,441.318,2026-04-25 07:00:00,2026-04-25 03:00:00
2026-04-24 07:00:00,2026-04-24 03:00:00,RFC,WEST,AEP,AEPOPT,6804.716,True,3,4,4,0,0.7071067811865475,0.7071067811865476,-0.433883739117558,-0.9009688679024191,6904.205,6820.126,6845.001,8046.356041666666,739.3789660425363,6757.783,2026-04-25 07:00:00,2026-04-25 03:00:00
2026-04-24 08:00:00,2026-04-24 04:00:00,RFC,WEST,AEP,AEPAPT,3175.213,True,4,4,4,0,0.8660254037844386,0.5000000000000001,-0.433883739117558,-0.9009688679024191,3115.643,3312.929,3379.578,3811.1655416666667,403.89735874880074,3009.249,2026-04-25 08:00:00,2026-04-25 04:00:00
2026-04-24 08:00:00,2026-04-24 04:00:00,RFC,WEST,AEP,AEPIMP,2900.917,True,4,4,4,0,0.8660254037844386,0.5000000000000001,-0.433883739117558,-0.9009688679024191,2929.281,2872.569,2923.432,3344.5947499999997,268.4852463342251,2754.872,2026-04-25 08:00:00,2026-04-25 04:00:00
2026-04-24 08:00:00,2026-04-24 04:00:00,RFC,WEST,AEP,AEPKPT,447.739,True,4,4,4,0,0.8660254037844386,0.5000000000000001,-0.433883739117558,-0.9009688679024191,442.065,475.586,473.171,543.12425,61.40248177341643,440.308,2026-04-25 08:00:00,2026-04-25 04:00:00
2026-04-24 08:00:00,2026-04-24 04:00:00,RFC,WEST,AEP,AEPOPT,6823.062,True,4,4,4,0,0.8660254037844386,0.5000000000000001,-0.433883739117558,-0.9009688679024191,6804.716,6907.15,6932.706,8042.8523749999995,745.1883965316847,6755.545,2026-04-25 08:00:00,2026-04-25 04:00:00
2026-04-24 09:00:00,2026-04-24 05:00:00,RFC,WEST,AEP,AEPAPT,3309.85,True,5,4,4,0,0.9659258262890683,0.25881904510252074,-0.433883739117558,-0.9009688679024191,3175.213,3511.522,3565.463,3802.762541666667,412.41057674919693,3045.458,2026-04-25 09:00:00,2026-04-25 05:00:00
2026-04-24 09:00:00,2026-04-24 05:00:00,RFC,WEST,AEP,AEPIMP,3049.814,True,5,4,4,0,0.9659258262890683,0.25881904510252074,-0.433883739117558,-0.9009688679024191,2900.917,2986.36,3067.389,3347.2386666666666,265.0951691173562,2810.458,2026-04-25 09:00:00,2026-04-25 05:00:00
2026-04-24 09:00:00,2026-04-24 05:00:00,RFC,WEST,AEP,AEPKPT,466.619,True,5,4,4,0,0.9659258262890683,0.25881904510252074,-0.433883739117558,-0.9009688679024191,447.739,491.444,496.036,542.089875,62.51003965994578,451.696,2026-04-25 09:00:00,2026-04-25 05:00:00
2026-04-24 09:00:00,2026-04-24 05:00:00,RFC,WEST,AEP,AEPOPT,7111.244,True,5,4,4,0,0.9659258262890683,0.25881904510252074,-0.433883739117558,-0.9009688679024191,6823.062,7092.429,7110.243,8043.636333333333,744.1542321417611,6792.795,2026-04-25 09:00:00,2026-04-25 05:00:00
2026-04-24 10:00:00,2026-04-24 06:00:00,RFC,WEST,AEP,AEPAPT,3548.297,True,6,4,4,0,1.0,6.123233995736766e-17,-0.433883739117558,-0.9009688679024191,3309.85,3815.61,3862.711,3791.6245,415.6455136350624,3124.404,2026-04-25 10:00:00,2026-04-25 06:00:00
2026-04-24 10:00:00,2026-04-24 06:00:00,RFC,WEST,AEP,AEPIMP,3209.331,True,6,4,4,0,1.0,6.123233995736766e-17,-0.433883739117558,-0.9009688679024191,3049.814,3136.501,3201.742,3350.27325,262.98640000581617,2854.799,2026-04-25 10:00:00,2026-04-25 06:00:00
2026-04-24 10:00:00,2026-04-24 06:00:00,RFC,WEST,AEP,AEPKPT,494.219,True,6,4,4,0,1.0,6.123233995736766e-17,-0.433883739117558,-0.9009688679024191,466.619,530.889,541.916,540.5619583333333,63.23962321098775,459.434,2026-04-25 10:00:00,2026-04-25 06:00:00
2026-04-24 10:00:00,2026-04-24 06:00:00,RFC,WEST,AEP,AEPOPT,7414.872,True,6,4,4,0,1.0,6.123233995736766e-17,-0.433883739117558,-0.9009688679024191,7111.244,7505.017,7546.48,8039.880291666667,747.2122741342733,6899.154,2026-04-25 10:00:00,2026-04-25 06:00:00
2026-04-24 11:00:00,2026-04-24 07:00:00,RFC,WEST,AEP,AEPAPT,3707.247,True,7,4,4,0,0.9659258262890683,-0.25881904510252063,-0.433883739117558,-0.9009688679024191,3548.297,3932.69,3994.506,3782.2310416666664,414.8656061542004,3200.317,2026-04-25 11:00:00,2026-04-25 07:00:00
2026-04-24 11:00:00,2026-04-24 07:00:00,RFC,WEST,AEP,AEPIMP,3294.508,True,7,4,4,0,0.9659258262890683,-0.25881904510252063,-0.433883739117558,-0.9009688679024191,3209.331,3258.167,3328.458,3351.7874583333337,262.53725578253017,2977.477,2026-04-25 11:00:00,2026-04-25 07:00:00
2026-04-24 11:00:00,2026-04-24 07:00:00,RFC,WEST,AEP,AEPKPT,513.919,True,7,4,4,0,0.9659258262890683,-0.25881904510252063,-0.433883739117558,-0.9009688679024191,494.219,545.675,560.829,539.2387916666668,63.45982442252155,458.173,2026-04-25 11:00:00,2026-04-25 07:00:00
2026-04-24 11:00:00,2026-04-24 07:00:00,RFC,WEST,AEP,AEPOPT,7673.888,True,7,4,4,0,0.9659258262890683,-0.25881904510252063,-0.433883739117558,-0.9009688679024191,7414.872,7782.431,7764.819,8035.357666666667,749.1642160690852,7055.622,2026-04-25 11:00:00,2026-04-25 07:00:00
2026-04-24 12:00:00,2026-04-24 08:00:00,RFC,WEST,AEP,AEPAPT,3725.435,True,8,4,4,0,0.8660254037844387,-0.4999999999999998,-0.433883739117558,-0.9009688679024191,3707.247,3870.73,3961.329,3776.1770833333335,414.5780438275815,3308.829,2026-04-25 12:00:00,2026-04-25 08:00:00
2026-04-24 12:00:00,2026-04-24 08:00:00,RFC,WEST,AEP,AEPIMP,3451.76,True,8,4,4,0,0.8660254037844387,-0.4999999999999998,-0.433883739117558,-0.9009688679024191,3294.508,3302.796,3342.851,3357.9942916666664,263.0889580809618,3026.848,2026-04-25 12:00:00,2026-04-25 08:00:00
2026-04-24 12:00:00,2026-04-24 08:00:00,RFC,WEST,AEP,AEPKPT,518.445,True,8,4,4,0,0.8660254037844387,-0.4999999999999998,-0.433883739117558,-0.9009688679024191,513.919,545.772,565.93,538.1001666666667,63.582544096607535,476.097,2026-04-25 12:00:00,2026-04-25 08:00:00
2026-04-24 12:00:00,2026-04-24 08:00:00,RFC,WEST,AEP,AEPOPT,7845.995,True,8,4,4,0,0.8660254037844387,-0.4999999999999998,-0.433883739117558,-0.9009688679024191,7673.888,7921.041,7899.847,8032.23075,749.8184353371829,7243.044,2026-04-25 12:00:00,2026-04-25 08:00:00
2026-04-24 13:00:00,2026-04-24 09:00:00,RFC,WEST,AEP,AEPAPT,3722.952,True,9,4,4,0,0.7071067811865476,-0.7071067811865475,-0.433883739117558,-0.9009688679024191,3725.435,3785.561,3886.987,3773.5683750000003,414.7133884427101,3355.599,2026-04-25 13:00:00,2026-04-25 09:00:00
2026-04-24 13:00:00,2026-04-24 09:00:00,RFC,WEST,AEP,AEPIMP,3527.213,True,9,4,4,0,0.7071067811865476,-0.7071067811865475,-0.433883739117558,-0.9009688679024191,3451.76,3345.404,3350.633,3365.5696666666663,265.318723943673,3113.315,2026-04-25 13:00:00,2026-04-25 09:00:00
2026-04-24 13:00:00,2026-04-24 09:00:00,RFC,WEST,AEP,AEPKPT,521.668,True,9,4,4,0,0.7071067811865476,-0.7071067811865475,-0.433883739117558,-0.9009688679024191,518.445,543.01,569.667,537.2109166666667,63.66008553649949,494.378,2026-04-25 13:00:00,2026-04-25 09:00:00
2026-04-24 13:00:00,2026-04-24 09:00:00,RFC,WEST,AEP,AEPOPT,7981.425,True,9,4,4,0,0.7071067811865476,-0.7071067811865475,-0.433883739117558,-0.9009688679024191,7845.995,8027.66,7982.062,8030.304291666666,749.8900800616217,7370.057,2026-04-25 13:00:00,2026-04-25 09:00:00
2026-04-24 14:00:00,2026-04-24 10:00:00,RFC,WEST,AEP,AEPAPT,3757.016,True,10,4,4,0,0.49999999999999994,-0.8660254037844387,-0.433883739117558,-0.9009688679024191,3722.952,3737.273,3826.033,3774.391,414.65784011692466,3434.845,2026-04-25 14:00:00,2026-04-25 10:00:00
2026-04-24 14:00:00,2026-04-24 10:00:00,RFC,WEST,AEP,AEPIMP,3544.224,True,10,4,4,0,0.49999999999999994,-0.8660254037844387,-0.433883739117558,-0.9009688679024191,3527.213,3391.905,3392.307,3371.9162916666664,267.7863920618773,3031.65,2026-04-25 14:00:00,2026-04-25 10:00:00
2026-04-24 14:00:00,2026-04-24 10:00:00,RFC,WEST,AEP,AEPKPT,532.482,True,10,4,4,0,0.49999999999999994,-0.8660254037844387,-0.433883739117558,-0.9009688679024191,521.668,539.898,576.914,536.9019166666667,63.66447373734869,511.284,2026-04-25 14:00:00,2026-04-25 10:00:00
2026-04-24 14:00:00,2026-04-24 10:00:00,RFC,WEST,AEP,AEPOPT,8132.4,True,10,4,4,0,0.49999999999999994,-0.8660254037844387,-0.433883739117558,-0.9009688679024191,7981.425,8141.336,7967.217,8029.931958333334,749.8347703865509,7485.013,2026-04-25 14:00:00,2026-04-25 10:00:00
2026-04-24 15:00:00,2026-04-24 11:00:00,RFC,WEST,AEP,AEPAPT,3843.374,True,11,4,4,0,0.258819045102521,-0.9659258262890682,-0.433883739117558,-0.9009688679024191,3757.016,3756.18,3789.226,3778.0240833333332,414.8732698704925,3542.717,2026-04-25 15:00:00,2026-04-25 11:00:00
2026-04-24 15:00:00,2026-04-24 11:00:00,RFC,WEST,AEP,AEPIMP,3610.689,True,11,4,4,0,0.258819045102521,-0.9659258262890682,-0.433883739117558,-0.9009688679024191,3544.224,3469.934,3403.56,3377.7810833333333,271.54142346641004,3042.282,2026-04-25 15:00:00,2026-04-25 11:00:00
2026-04-24 15:00:00,2026-04-24 11:00:00,RFC,WEST,AEP,AEPKPT,548.739,True,11,4,4,0,0.258819045102521,-0.9659258262890682,-0.433883739117558,-0.9009688679024191,532.482,544.938,568.487,537.0602916666667,63.690056522723324,528.362,2026-04-25 15:00:00,2026-04-25 11:00:00
2026-04-24 15:00:00,2026-04-24 11:00:00,RFC,WEST,AEP,AEPOPT,8309.607,True,11,4,4,0,0.258819045102521,-0.9659258262890682,-0.433883739117558,-0.9009688679024191,8132.4,8282.72,8040.266,8031.052250000001,750.2488404550252,7527.52,2026-04-25 15:00:00,2026-04-25 11:00:00
2026-04-24 16:00:00,2026-04-24 12:00:00,RFC,WEST,AEP,AEPAPT,3949.266,True,12,4,4,0,1.2246467991473532e-16,-1.0,-0.433883739117558,-0.9009688679024191,3843.374,3829.511,3771.56,3783.013875,416.23736069880096,3649.542,2026-04-25 16:00:00,2026-04-25 12:00:00
2026-04-24 16:00:00,2026-04-24 12:00:00,RFC,WEST,AEP,AEPIMP,3535.06,True,12,4,4,0,1.2246467991473532e-16,-1.0,-0.433883739117558,-0.9009688679024191,3610.689,3597.723,3424.854,3375.170125,269.62919203784526,2996.241,2026-04-25 16:00:00,2026-04-25 12:00:00
2026-04-24 16:00:00,2026-04-24 12:00:00,RFC,WEST,AEP,AEPKPT,559.19,True,12,4,4,0,1.2246467991473532e-16,-1.0,-0.433883739117558,-0.9009688679024191,548.739,562.87,564.192,536.9069583333334,63.62961935975802,533.835,2026-04-25 16:00:00,2026-04-25 12:00:00
2026-04-24 16:00:00,2026-04-24 12:00:00,RFC,WEST,AEP,AEPOPT,8503.315,True,12,4,4,0,1.2246467991473532e-16,-1.0,-0.433883739117558,-0.9009688679024191,8309.607,8502.71,8143.486,8031.077458333333,750.2653871492228,7553.966,2026-04-25 16:00:00,2026-04-25 12:00:00
2026-04-24 17:00:00,2026-04-24 13:00:00,RFC,WEST,AEP,AEPAPT,4094.975,True,13,4,4,0,-0.2588190451025208,-0.9659258262890683,-0.433883739117558,-0.9009688679024191,3949.266,3925.663,3813.047,3790.068541666666,420.17635847446974,3716.779,2026-04-25 17:00:00,2026-04-25 13:00:00
2026-04-24 17:00:00,2026-04-24 13:00:00,RFC,WEST,AEP,AEPIMP,3665.188,True,13,4,4,0,-0.2588190451025208,-0.9659258262890683,-0.433883739117558,-0.9009688679024191,3535.06,3646.296,3426.266,3375.957291666667,270.48137315509416,3066.226,2026-04-25 17:00:00,2026-04-25 13:00:00
2026-04-24 17:00:00,2026-04-24 13:00:00,RFC,WEST,AEP,AEPKPT,576.873,True,13,4,4,0,-0.2588190451025208,-0.9659258262890683,-0.433883739117558,-0.9009688679024191,559.19,578.677,568.829,536.8317916666666,63.57917593252523,533.986,2026-04-25 17:00:00,2026-04-25 13:00:00
2026-04-24 17:00:00,2026-04-24 13:00:00,RFC,WEST,AEP,AEPOPT,8659.329,True,13,4,4,0,-0.2588190451025208,-0.9659258262890683,-0.433883739117558,-0.9009688679024191,8503.315,8610.133,8276.343,8033.127291666667,751.9814785015878,7582.873,2026-04-25 17:00:00,2026-04-25 13:00:00
2026-04-24 18:00:00,2026-04-24 14:00:00,RFC,WEST,AEP,AEPAPT,4200.71,True,14,4,4,0,-0.4999999999999997,-0.8660254037844388,-0.433883739117558,-0.9009688679024191,4094.975,4038.318,3809.909,3796.834875,425.6201499202223,3743.628,2026-04-25 18:00:00,2026-04-25 14:00:00
2026-04-24 18:00:00,2026-04-24 14:00:00,RFC,WEST,AEP,AEPIMP,3512.765,True,14,4,4,0,-0.4999999999999997,-0.8660254037844388,-0.433883739117558,-0.9009688679024191,3665.188,3648.976,3438.421,3370.281833333334,265.89373966609423,3066.969,2026-04-25 18:00:00,2026-04-25 14:00:00
2026-04-24 18:00:00,2026-04-24 14:00:00,RFC,WEST,AEP,AEPKPT,593.089,True,14,4,4,0,-0.4999999999999997,-0.8660254037844388,-0.433883739117558,-0.9009688679024191,576.873,592.403,565.512,536.860375,63.6053941408252,541.301,2026-04-25 18:00:00,2026-04-25 14:00:00
2026-04-24 18:00:00,2026-04-24 14:00:00,RFC,WEST,AEP,AEPOPT,8847.879,True,14,4,4,0,-0.4999999999999997,-0.8660254037844388,-0.433883739117558,-0.9009688679024191,8659.329,8820.279,8379.756,8034.277291666666,753.2576239968861,7602.728,2026-04-25 18:00:00,2026-04-25 14:00:00
2026-04-24 19:00:00,2026-04-24 15:00:00,RFC,WEST,AEP,AEPAPT,4243.384,True,15,4,4,0,-0.7071067811865471,-0.7071067811865479,-0.433883739117558,-0.9009688679024191,4200.71,4134.89,3802.231,3801.3554583333334,429.92123513944114,3737.584,2026-04-25 19:00:00,2026-04-25 15:00:00
2026-04-24 19:00:00,2026-04-24 15:00:00,RFC,WEST,AEP,AEPIMP,3559.481,True,15,4,4,0,-0.7071067811865471,-0.7071067811865479,-0.433883739117558,-0.9009688679024191,3512.765,3601.907,3446.281,3368.5140833333335,264.4238335740375,3086.689,2026-04-25 19:00:00,2026-04-25 15:00:00
2026-04-24 19:00:00,2026-04-24 15:00:00,RFC,WEST,AEP,AEPKPT,613.299,True,15,4,4,0,-0.7071067811865471,-0.7071067811865479,-0.433883739117558,-0.9009688679024191,593.089,612.743,575.723,536.8835416666667,63.63432882047951,548.023,2026-04-25 19:00:00,2026-04-25 15:00:00
2026-04-24 19:00:00,2026-04-24 15:00:00,RFC,WEST,AEP,AEPOPT,8894.402,True,15,4,4,0,-0.7071067811865471,-0.7071067811865479,-0.433883739117558,-0.9009688679024191,8847.879,8868.192,8580.986,8035.369374999999,754.5371243387408,7569.599,2026-04-25 19:00:00,2026-04-25 15:00:00
2026-04-24 20:00:00,2026-04-24 16:00:00,RFC,WEST,AEP,AEPAPT,4306.302,True,16,4,4,0,-0.8660254037844384,-0.5000000000000004,-0.433883739117558,-0.9009688679024191,4243.384,4253.925,3871.033,3803.5378333333333,432.4439992590795,3774.246,2026-04-25 20:00:00,2026-04-25 16:00:00
2026-04-24 20:00:00,2026-04-24 16:00:00,RFC,WEST,AEP,AEPIMP,3528.782,True,16,4,4,0,-0.8660254037844384,-0.5000000000000004,-0.433883739117558,-0.9009688679024191,3559.481,3655.738,3427.937,3363.2242499999998,259.65493969233074,3083.288,2026-04-25 20:00:00,2026-04-25 16:00:00
2026-04-24 20:00:00,2026-04-24 16:00:00,RFC,WEST,AEP,AEPKPT,626.466,True,16,4,4,0,-0.8660254037844384,-0.5000000000000004,-0.433883739117558,-0.9009688679024191,613.299,624.075,582.84,536.9831666666668,63.778477947308374,558.139,2026-04-25 20:00:00,2026-04-25 16:00:00
2026-04-24 20:00:00,2026-04-24 16:00:00,RFC,WEST,AEP,AEPOPT,8956.727,True,16,4,4,0,-0.8660254037844384,-0.5000000000000004,-0.433883739117558,-0.9009688679024191,8894.402,8972.518,8594.708,8034.711416666668,753.6908083070377,7683.397,2026-04-25 20:00:00,2026-04-25 16:00:00
2026-04-24 21:00:00,2026-04-24 17:00:00,RFC,WEST,AEP,AEPAPT,4325.18,True,17,4,4,0,-0.9659258262890683,-0.25881904510252063,-0.433883739117558,-0.9009688679024191,4306.302,4333.134,3939.638,3803.2064166666664,432.0233237261414,3753.512,2026-04-25 21:00:00,2026-04-25 17:00:00
2026-04-24 21:00:00,2026-04-24 17:00:00,RFC,WEST,AEP,AEPIMP,3505.81,True,17,4,4,0,-0.9659258262890683,-0.25881904510252063,-0.433883739117558,-0.9009688679024191,3528.782,3629.269,3353.678,3358.0801250000004,255.34219289148697,3116.958,2026-04-25 21:00:00,2026-04-25 17:00:00
2026-04-24 21:00:00,2026-04-24 17:00:00,RFC,WEST,AEP,AEPKPT,630.486,True,17,4,4,0,-0.9659258262890683,-0.25881904510252063,-0.433883739117558,-0.9009688679024191,626.466,629.762,594.707,537.0133333333333,63.824424185257236,566.907,2026-04-25 21:00:00,2026-04-25 17:00:00
2026-04-24 21:00:00,2026-04-24 17:00:00,RFC,WEST,AEP,AEPOPT,8982.776,True,17,4,4,0,-0.9659258262890683,-0.25881904510252063,-0.433883739117558,-0.9009688679024191,8956.727,9006.388,8606.944,8033.727583333333,752.3815531627283,7821.347,2026-04-25 21:00:00,2026-04-25 17:00:00
2026-04-24 22:00:00,2026-04-24 18:00:00,RFC,WEST,AEP,AEPAPT,4302.779,True,18,4,4,0,-1.0,-1.8369701987210297e-16,-0.433883739117558,-0.9009688679024191,4325.18,4389.576,3986.979,3799.589875,427.23810052325763,3718.013,2026-04-25 22:00:00,2026-04-25 18:00:00
2026-04-24 22:00:00,2026-04-24 18:00:00,RFC,WEST,AEP,AEPIMP,3423.132,True,18,4,4,0,-1.0,-1.8369701987210297e-16,-0.433883739117558,-0.9009688679024191,3505.81,3643.381,3425.507,3348.903083333334,248.50907941945144,3184.526,2026-04-25 22:00:00,2026-04-25 18:00:00
2026-04-24 22:00:00,2026-04-24 18:00:00,RFC,WEST,AEP,AEPKPT,615.13,True,18,4,4,0,-1.0,-1.8369701987210297e-16,-0.433883739117558,-0.9009688679024191,630.486,622.566,588.002,536.7035000000001,63.40774357318999,567.264,2026-04-25 22:00:00,2026-04-25 18:00:00
2026-04-24 22:00:00,2026-04-24 18:00:00,RFC,WEST,AEP,AEPOPT,8890.333,True,18,4,4,0,-1.0,-1.8369701987210297e-16,-0.433883739117558,-0.9009688679024191,8982.776,8895.9,8555.113,8033.495625,752.1049969455195,7770.491,2026-04-25 22:00:00,2026-04-25 18:00:00
2026-04-24 23:00:00,2026-04-24 19:00:00,RFC,WEST,AEP,AEPAPT,4208.405,True,19,4,4,0,-0.9659258262890684,0.2588190451025203,-0.433883739117558,-0.9009688679024191,4302.779,4342.394,3999.202,3794.007,420.6615141842957,3671.495,2026-04-25 23:00:00,2026-04-25 19:00:00
2026-04-24 23:00:00,2026-04-24 19:00:00,RFC,WEST,AEP,AEPIMP,3374.296,True,19,4,4,0,-0.9659258262890684,0.2588190451025203,-0.433883739117558,-0.9009688679024191,3423.132,3645.021,3416.051,3337.6228749999996,240.49863815799586,3180.674,2026-04-25 23:00:00,2026-04-25 19:00:00
2026-04-24 23:00:00,2026-04-24 19:00:00,RFC,WEST,AEP,AEPKPT,594.115,True,19,4,4,0,-0.9659258262890684,0.2588190451025203,-0.433883739117558,-0.9009688679024191,615.13,607.301,583.725,536.1540833333333,62.82387162391997,553.945,2026-04-25 23:00:00,2026-04-25 19:00:00
2026-04-24 23:00:00,2026-04-24 19:00:00,RFC,WEST,AEP,AEPOPT,8682.363,True,19,4,4,0,-0.9659258262890684,0.2588190451025203,-0.433883739117558,-0.9009688679024191,8890.333,8743.096,8404.026,8030.965083333333,749.7120258342638,7715.652,2026-04-25 23:00:00,2026-04-25 19:00:00
2026-04-25 00:00:00,2026-04-24 20:00:00,RFC,WEST,AEP,AEPAPT,4129.474,True,20,4,4,0,-0.8660254037844386,0.5000000000000001,-0.433883739117558,-0.9009688679024191,4208.405,4302.795,4063.224,3786.785291666667,412.96445390240257,3645.623,2026-04-26 00:00:00,2026-04-25 20:00:00
2026-04-25 00:00:00,2026-04-24 20:00:00,RFC,WEST,AEP,AEPIMP,3350.137,True,20,4,4,0,-0.8660254037844386,0.5000000000000001,-0.433883739117558,-0.9009688679024191,3374.296,3553.148,3379.931,3329.164083333333,236.11888862878888,3094.61,2026-04-26 00:00:00,2026-04-25 20:00:00
2026-04-25 00:00:00,2026-04-24 20:00:00,RFC,WEST,AEP,AEPKPT,581.331,True,20,4,4,0,-0.8660254037844386,0.5000000000000001,-0.433883739117558,-0.9009688679024191,594.115,602.539,584.684,535.2704166666667,61.99317960025288,555.183,2026-04-26 00:00:00,2026-04-25 20:00:00
2026-04-25 00:00:00,2026-04-24 20:00:00,RFC,WEST,AEP,AEPOPT,8579.136,True,20,4,4,0,-0.8660254037844386,0.5000000000000001,-0.433883739117558,-0.9009688679024191,8682.363,8710.988,8397.894,8025.47125,744.9803794447712,7670.53,2026-04-26 00:00:00,2026-04-25 20:00:00
2026-04-25 01:00:00,2026-04-24 21:00:00,RFC,WEST,AEP,AEPAPT,3968.011,True,21,4,4,0,-0.7071067811865477,0.7071067811865474,-0.433883739117558,-0.9009688679024191,4129.474,4149.528,3982.634,3779.2220833333336,407.6603103354233,3591.303,2026-04-26 01:00:00,2026-04-25 21:00:00
2026-04-25 01:00:00,2026-04-24 21:00:00,RFC,WEST,AEP,AEPIMP,3289.629,True,21,4,4,0,-0.7071067811865477,0.7071067811865474,-0.433883739117558,-0.9009688679024191,3350.137,3443.406,3296.039,3322.756708333333,234.96766479046096,3120.757,2026-04-26 01:00:00,2026-04-25 21:00:00
2026-04-25 01:00:00,2026-04-24 21:00:00,RFC,WEST,AEP,AEPKPT,562.225,True,21,4,4,0,-0.7071067811865477,0.7071067811865474,-0.433883739117558,-0.9009688679024191,581.331,578.987,577.016,534.572,61.57224541809418,541.522,2026-04-26 01:00:00,2026-04-25 21:00:00
2026-04-25 01:00:00,2026-04-24 21:00:00,RFC,WEST,AEP,AEPOPT,8403.508,True,21,4,4,0,-0.7071067811865477,0.7071067811865474,-0.433883739117558,-0.9009688679024191,8579.136,8486.41,8147.837,8022.017,742.9396224895203,7483.769,2026-04-26 01:00:00,2026-04-25 21:00:00
2026-04-25 02:00:00,2026-04-24 22:00:00,RFC,WEST,AEP,AEPAPT,3708.398,True,22,4,4,0,-0.5000000000000004,0.8660254037844384,-0.433883739117558,-0.9009688679024191,3968.011,3849.56,3751.291,3773.3403333333335,407.61969205051975,3410.632,2026-04-26 02:00:00,2026-04-25 22:00:00
2026-04-25 02:00:00,2026-04-24 22:00:00,RFC,WEST,AEP,AEPIMP,3161.352,True,22,4,4,0,-0.5000000000000004,0.8660254037844384,-0.433883739117558,-0.9009688679024191,3289.629,3232.934,3227.444,3319.774125,236.60601466982507,3032.863,2026-04-26 02:00:00,2026-04-25 22:00:00
2026-04-25 02:00:00,2026-04-24 22:00:00,RFC,WEST,AEP,AEPKPT,534.606,True,22,4,4,0,-0.5000000000000004,0.8660254037844384,-0.433883739117558,-0.9009688679024191,562.225,533.761,543.494,534.6072083333333,61.57200310204404,515.875,2026-04-26 02:00:00,2026-04-25 22:00:00
2026-04-25 02:00:00,2026-04-24 22:00:00,RFC,WEST,AEP,AEPOPT,8000.71,True,22,4,4,0,-0.5000000000000004,0.8660254037844384,-0.433883739117558,-0.9009688679024191,8403.508,8097.794,7775.086,8017.971833333334,742.7733756686713,7153.825,2026-04-26 02:00:00,2026-04-25 22:00:00
2026-04-25 03:00:00,2026-04-24 23:00:00,RFC,WEST,AEP,AEPAPT,3454.079,True,23,4,4,0,-0.25881904510252157,0.9659258262890681,-0.433883739117558,-0.9009688679024191,3708.398,3558.516,3519.315,3768.9887916666667,410.5596154244529,3238.365,2026-04-26 03:00:00,2026-04-25 23:00:00
2026-04-25 03:00:00,2026-04-24 23:00:00,RFC,WEST,AEP,AEPIMP,3068.604,True,23,4,4,0,-0.25881904510252157,0.9659258262890681,-0.433883739117558,-0.9009688679024191,3161.352,3204.684,3044.478,3314.104125,241.07228424474874,2875.011,2026-04-26 03:00:00,2026-04-25 23:00:00
2026-04-25 03:00:00,2026-04-24 23:00:00,RFC,WEST,AEP,AEPKPT,500.538,True,23,4,4,0,-0.25881904510252157,0.9659258262890681,-0.433883739117558,-0.9009688679024191,534.606,495.241,506.541,534.8279166666666,61.434096722964846,494.106,2026-04-26 03:00:00,2026-04-25 23:00:00
2026-04-25 03:00:00,2026-04-24 23:00:00,RFC,WEST,AEP,AEPOPT,7541.928,True,23,4,4,0,-0.25881904510252157,0.9659258262890681,-0.433883739117558,-0.9009688679024191,8000.71,7635.098,7437.415,8014.08975,745.1012852115716,6888.928,2026-04-26 03:00:00,2026-04-25 23:00:00
2026-04-25 04:00:00,2026-04-25 00:00:00,RFC,WEST,AEP,AEPAPT,3251.515,True,0,5,4,1,0.0,1.0,-0.9749279121818236,-0.2225209339563146,3454.079,3329.909,3356.812,3765.722375,414.49778642853545,3068.811,2026-04-26 04:00:00,2026-04-26 00:00:00
2026-04-25 04:00:00,2026-04-25 00:00:00,RFC,WEST,AEP,AEPIMP,2880.728,True,0,5,4,1,0.0,1.0,-0.9749279121818236,-0.2225209339563146,3068.604,3087.14,2992.133,3305.503625,252.9127163916231,2800.204,2026-04-26 04:00:00,2026-04-26 00:00:00
2026-04-25 04:00:00,2026-04-25 00:00:00,RFC,WEST,AEP,AEPKPT,475.395,True,0,5,4,1,0.0,1.0,-0.9749279121818236,-0.2225209339563146,500.538,465.361,485.836,535.246,60.97320635649104,468.367,2026-04-26 04:00:00,2026-04-26 00:00:00
2026-04-25 04:00:00,2026-04-25 00:00:00,RFC,WEST,AEP,AEPOPT,7171.677,True,0,5,4,1,0.0,1.0,-0.9749279121818236,-0.2225209339563146,7541.928,7337.855,7115.879,8007.165666666667,752.3950585235575,6732.541,2026-04-26 04:00:00,2026-04-26 00:00:00
2026-04-25 05:00:00,2026-04-25 01:00:00,RFC,WEST,AEP,AEPAPT,3121.176,True,1,5,4,1,0.25881904510252074,0.9659258262890683,-0.9749279121818236,-0.2225209339563146,3251.515,3204.549,3303.969,3762.2484999999997,419.721874230914,2978.57,2026-04-26 05:00:00,2026-04-26 01:00:00
2026-04-25 05:00:00,2026-04-25 01:00:00,RFC,WEST,AEP,AEPIMP,2874.873,True,1,5,4,1,0.25881904510252074,0.9659258262890683,-0.9749279121818236,-0.2225209339563146,2880.728,2996.702,2888.942,3300.427416666667,260.4892746510896,2728.03,2026-04-26 05:00:00,2026-04-26 01:00:00
2026-04-25 05:00:00,2026-04-25 01:00:00,RFC,WEST,AEP,AEPKPT,455.682,True,1,5,4,1,0.25881904510252074,0.9659258262890683,-0.9749279121818236,-0.2225209339563146,475.395,452.999,467.833,535.3577916666667,60.81811611466812,454.451,2026-04-26 05:00:00,2026-04-26 01:00:00
2026-04-25 05:00:00,2026-04-25 01:00:00,RFC,WEST,AEP,AEPOPT,6964.768,True,1,5,4,1,0.25881904510252074,0.9659258262890683,-0.9749279121818236,-0.2225209339563146,7171.677,7056.479,6984.318,8003.344375000001,757.6479266352987,6614.014,2026-04-26 05:00:00,2026-04-26 01:00:00
2026-04-25 06:00:00,2026-04-25 02:00:00,RFC,WEST,AEP,AEPAPT,3032.814,True,2,5,4,1,0.49999999999999994,0.8660254037844387,-0.9749279121818236,-0.2225209339563146,3121.176,3125.283,3254.395,3758.3956250000006,426.1976352832396,2931.483,2026-04-26 06:00:00,2026-04-26 02:00:00
2026-04-25 06:00:00,2026-04-25 02:00:00,RFC,WEST,AEP,AEPIMP,2815.986,True,2,5,4,1,0.49999999999999994,0.8660254037844387,-0.9749279121818236,-0.2225209339563146,2874.873,2962.684,2825.611,3294.315,270.29560486139695,2697.265,2026-04-26 06:00:00,2026-04-26 02:00:00
2026-04-25 06:00:00,2026-04-25 02:00:00,RFC,WEST,AEP,AEPKPT,447.185,True,2,5,4,1,0.49999999999999994,0.8660254037844387,-0.9749279121818236,-0.2225209339563146,455.682,444.267,460.057,535.479375,60.6307243040672,443.699,2026-04-26 06:00:00,2026-04-26 02:00:00
2026-04-25 06:00:00,2026-04-25 02:00:00,RFC,WEST,AEP,AEPOPT,6847.767,True,2,5,4,1,0.49999999999999994,0.8660254037844387,-0.9749279121818236,-0.2225209339563146,6964.768,6904.205,6843.985,8000.992791666667,761.2866038083724,6469.303,2026-04-26 06:00:00,2026-04-26 02:00:00
2026-04-25 07:00:00,2026-04-25 03:00:00,RFC,WEST,AEP,AEPAPT,2993.892,True,3,5,4,1,0.7071067811865475,0.7071067811865476,-0.9749279121818236,-0.2225209339563146,3032.814,3115.643,3232.52,3753.322666666667,434.818251753199,2892.871,2026-04-26 07:00:00,2026-04-26 03:00:00
2026-04-25 07:00:00,2026-04-25 03:00:00,RFC,WEST,AEP,AEPIMP,2791.444,True,3,5,4,1,0.7071067811865475,0.7071067811865476,-0.9749279121818236,-0.2225209339563146,2815.986,2929.281,2797.743,3288.5717916666667,279.6901404308993,2724.591,2026-04-26 07:00:00,2026-04-26 03:00:00
2026-04-25 07:00:00,2026-04-25 03:00:00,RFC,WEST,AEP,AEPKPT,441.318,True,3,5,4,1,0.7071067811865475,0.7071067811865476,-0.9749279121818236,-0.2225209339563146,447.185,442.065,468.796,535.44825,60.68093483863972,437.1,2026-04-26 07:00:00,2026-04-26 03:00:00
2026-04-25 07:00:00,2026-04-25 03:00:00,RFC,WEST,AEP,AEPOPT,6757.783,True,3,5,4,1,0.7071067811865475,0.7071067811865476,-0.9749279121818236,-0.2225209339563146,6847.767,6804.716,6820.126,7999.03725,764.5464238344343,6449.737,2026-04-26 07:00:00,2026-04-26 03:00:00
2026-04-25 08:00:00,2026-04-25 04:00:00,RFC,WEST,AEP,AEPAPT,3009.249,True,4,5,4,1,0.8660254037844386,0.5000000000000001,-0.9749279121818236,-0.2225209339563146,2993.892,3175.213,3312.929,3746.4075,445.5980906670103,2898.475,2026-04-26 08:00:00,2026-04-26 04:00:00
2026-04-25 08:00:00,2026-04-25 04:00:00,RFC,WEST,AEP,AEPIMP,2754.872,True,4,5,4,1,0.8660254037844386,0.5000000000000001,-0.9749279121818236,-0.2225209339563146,2791.444,2900.917,2872.569,3282.4865833333333,289.89366363186156,2716.089,2026-04-26 08:00:00,2026-04-26 04:00:00
2026-04-25 08:00:00,2026-04-25 04:00:00,RFC,WEST,AEP,AEPKPT,440.308,True,4,5,4,1,0.8660254037844386,0.5000000000000001,-0.9749279121818236,-0.2225209339563146,441.318,447.739,475.586,535.138625,61.16495815047083,435.518,2026-04-26 08:00:00,2026-04-26 04:00:00
2026-04-25 08:00:00,2026-04-25 04:00:00,RFC,WEST,AEP,AEPOPT,6755.545,True,4,5,4,1,0.8660254037844386,0.5000000000000001,-0.9749279121818236,-0.2225209339563146,6757.783,6823.062,6907.15,7996.224041666667,769.1718763756074,6468.879,2026-04-26 08:00:00,2026-04-26 04:00:00
2026-04-25 09:00:00,2026-04-25 05:00:00,RFC,WEST,AEP,AEPAPT,3045.458,True,5,5,4,1,0.9659258262890683,0.25881904510252074,-0.9749279121818236,-0.2225209339563146,3009.249,3309.85,3511.522,3735.3911666666663,459.8989143979402,2934.66,2026-04-26 09:00:00,2026-04-26 05:00:00
2026-04-25 09:00:00,2026-04-25 05:00:00,RFC,WEST,AEP,AEPIMP,2810.458,True,5,5,4,1,0.9659258262890683,0.25881904510252074,-0.9749279121818236,-0.2225209339563146,2754.872,3049.814,2986.36,3272.5134166666667,302.106304935989,2732.549,2026-04-26 09:00:00,2026-04-26 05:00:00
2026-04-25 09:00:00,2026-04-25 05:00:00,RFC,WEST,AEP,AEPKPT,451.696,True,5,5,4,1,0.9659258262890683,0.25881904510252074,-0.9749279121818236,-0.2225209339563146,440.308,466.619,491.444,534.5168333333334,61.96245430038637,439.262,2026-04-26 09:00:00,2026-04-26 05:00:00
2026-04-25 09:00:00,2026-04-25 05:00:00,RFC,WEST,AEP,AEPOPT,6792.795,True,5,5,4,1,0.9659258262890683,0.25881904510252074,-0.9749279121818236,-0.2225209339563146,6755.545,7111.244,7092.429,7982.955333333334,787.6274227247116,6465.089,2026-04-26 09:00:00,2026-04-26 05:00:00
2026-04-25 10:00:00,2026-04-25 06:00:00,RFC,WEST,AEP,AEPAPT,3124.404,True,6,5,4,1,1.0,6.123233995736766e-17,-0.9749279121818236,-0.2225209339563146,3045.458,3548.297,3815.61,3717.7289583333336,475.2791156067693,2988.372,2026-04-26 10:00:00,2026-04-26 06:00:00
2026-04-25 10:00:00,2026-04-25 06:00:00,RFC,WEST,AEP,AEPIMP,2854.799,True,6,5,4,1,1.0,6.123233995736766e-17,-0.9749279121818236,-0.2225209339563146,2810.458,3209.331,3136.501,3257.7412500000005,313.77263704309087,2803.296,2026-04-26 10:00:00,2026-04-26 06:00:00
2026-04-25 10:00:00,2026-04-25 06:00:00,RFC,WEST,AEP,AEPKPT,459.434,True,6,5,4,1,1.0,6.123233995736766e-17,-0.9749279121818236,-0.2225209339563146,451.696,494.219,530.889,533.0674583333333,63.337622608819544,443.813,2026-04-26 10:00:00,2026-04-26 06:00:00
2026-04-25 10:00:00,2026-04-25 06:00:00,RFC,WEST,AEP,AEPOPT,6899.154,True,6,5,4,1,1.0,6.123233995736766e-17,-0.9749279121818236,-0.2225209339563146,6792.795,7414.872,7505.017,7961.467083333333,810.5026564571393,6657.188,2026-04-26 10:00:00,2026-04-26 06:00:00
2026-04-25 11:00:00,2026-04-25 07:00:00,RFC,WEST,AEP,AEPAPT,3200.317,True,7,5,4,1,0.9659258262890683,-0.25881904510252063,-0.9749279121818236,-0.2225209339563146,3124.404,3707.247,3932.69,3696.606875,486.88777893288625,3082.358,2026-04-26 11:00:00,2026-04-26 07:00:00
2026-04-25 11:00:00,2026-04-25 07:00:00,RFC,WEST,AEP,AEPIMP,2977.477,True,7,5,4,1,0.9659258262890683,-0.25881904510252063,-0.9749279121818236,-0.2225209339563146,2854.799,3294.508,3258.167,3244.531625,318.79075553324765,2816.9,2026-04-26 11:00:00,2026-04-26 07:00:00
2026-04-25 11:00:00,2026-04-25 07:00:00,RFC,WEST,AEP,AEPKPT,458.173,True,7,5,4,1,0.9659258262890683,-0.25881904510252063,-0.9749279121818236,-0.2225209339563146,459.434,513.919,545.675,530.7447083333333,65.068888070546,451.031,2026-04-26 11:00:00,2026-04-26 07:00:00
2026-04-25 11:00:00,2026-04-25 07:00:00,RFC,WEST,AEP,AEPOPT,7055.622,True,7,5,4,1,0.9659258262890683,-0.25881904510252063,-0.9749279121818236,-0.2225209339563146,6899.154,7673.888,7782.431,7935.705999999999,829.6400784503138,6799.941,2026-04-26 11:00:00,2026-04-26 07:00:00
2026-04-25 12:00:00,2026-04-25 08:00:00,RFC,WEST,AEP,AEPAPT,3308.829,True,8,5,4,1,0.8660254037844387,-0.4999999999999998,-0.9749279121818236,-0.2225209339563146,3200.317,3725.435,3870.73,3679.248291666667,493.20082526143585,3216.618,2026-04-26 12:00:00,2026-04-26 08:00:00
2026-04-25 12:00:00,2026-04-25 08:00:00,RFC,WEST,AEP,AEPIMP,3026.848,True,8,5,4,1,0.8660254037844387,-0.4999999999999998,-0.9749279121818236,-0.2225209339563146,2977.477,3451.76,3302.796,3226.8269583333336,318.58062862961157,2954.686,2026-04-26 12:00:00,2026-04-26 08:00:00
2026-04-25 12:00:00,2026-04-25 08:00:00,RFC,WEST,AEP,AEPKPT,476.097,True,8,5,4,1,0.8660254037844387,-0.4999999999999998,-0.9749279121818236,-0.2225209339563146,458.173,518.445,545.772,528.9802083333333,65.98466575288418,469.613,2026-04-26 12:00:00,2026-04-26 08:00:00
2026-04-25 12:00:00,2026-04-25 08:00:00,RFC,WEST,AEP,AEPOPT,7243.044,True,8,5,4,1,0.8660254037844387,-0.4999999999999998,-0.9749279121818236,-0.2225209339563146,7055.622,7845.995,7921.041,7910.583041666666,841.5189642288659,7012.925,2026-04-26 12:00:00,2026-04-26 08:00:00
2026-04-25 13:00:00,2026-04-25 09:00:00,RFC,WEST,AEP,AEPAPT,3355.599,True,9,5,4,1,0.7071067811865476,-0.7071067811865475,-0.9749279121818236,-0.2225209339563146,3308.829,3722.952,3785.561,3663.9419166666667,497.4674230096919,3297.329,2026-04-26 13:00:00,2026-04-26 09:00:00
2026-04-25 13:00:00,2026-04-25 09:00:00,RFC,WEST,AEP,AEPIMP,3113.315,True,9,5,4,1,0.7071067811865476,-0.7071067811865475,-0.9749279121818236,-0.2225209339563146,3026.848,3527.213,3345.404,3209.5812083333335,312.7624740360092,3041.706,2026-04-26 13:00:00,2026-04-26 09:00:00
2026-04-25 13:00:00,2026-04-25 09:00:00,RFC,WEST,AEP,AEPKPT,494.378,True,9,5,4,1,0.7071067811865476,-0.7071067811865475,-0.9749279121818236,-0.2225209339563146,476.097,521.668,543.01,527.843125,66.35027736930428,490.071,2026-04-26 13:00:00,2026-04-26 09:00:00
2026-04-25 13:00:00,2026-04-25 09:00:00,RFC,WEST,AEP,AEPOPT,7370.057,True,9,5,4,1,0.7071067811865476,-0.7071067811865475,-0.9749279121818236,-0.2225209339563146,7243.044,7981.425,8027.66,7885.109375,848.505639821988,7217.785,2026-04-26 13:00:00,2026-04-26 09:00:00
2026-04-25 14:00:00,2026-04-25 10:00:00,RFC,WEST,AEP,AEPAPT,3434.845,True,10,5,4,1,0.49999999999999994,-0.8660254037844387,-0.9749279121818236,-0.2225209339563146,3355.599,3757.016,3737.273,3650.518125,499.1904797133654,3302.408,2026-04-26 14:00:00,2026-04-26 10:00:00
2026-04-25 14:00:00,2026-04-25 10:00:00,RFC,WEST,AEP,AEPIMP,3031.65,True,10,5,4,1,0.49999999999999994,-0.8660254037844387,-0.9749279121818236,-0.2225209339563146,3113.315,3544.224,3391.905,3188.2239583333335,306.3526629783905,3033.077,2026-04-26 14:00:00,2026-04-26 10:00:00
2026-04-25 14:00:00,2026-04-25 10:00:00,RFC,WEST,AEP,AEPKPT,511.284,True,10,5,4,1,0.49999999999999994,-0.8660254037844387,-0.9749279121818236,-0.2225209339563146,494.378,532.482,539.898,526.959875,66.42688899856059,490.438,2026-04-26 14:00:00,2026-04-26 10:00:00
2026-04-25 14:00:00,2026-04-25 10:00:00,RFC,WEST,AEP,AEPOPT,7485.013,True,10,5,4,1,0.49999999999999994,-0.8660254037844387,-0.9749279121818236,-0.2225209339563146,7370.057,8132.4,8141.336,7858.134916666667,850.5901639460785,7292.051,2026-04-26 14:00:00,2026-04-26 10:00:00
2026-04-25 15:00:00,2026-04-25 11:00:00,RFC,WEST,AEP,AEPAPT,3542.717,True,11,5,4,1,0.258819045102521,-0.9659258262890682,-0.9749279121818236,-0.2225209339563146,3434.845,3843.374,3756.18,3637.9907500000004,497.91117406195934,3297.54,2026-04-26 15:00:00,2026-04-26 11:00:00
2026-04-25 15:00:00,2026-04-25 11:00:00,RFC,WEST,AEP,AEPIMP,3042.282,True,11,5,4,1,0.258819045102521,-0.9659258262890682,-0.9749279121818236,-0.2225209339563146,3031.65,3610.689,3469.934,3164.540333333334,293.9946280311681,3072.409,2026-04-26 15:00:00,2026-04-26 11:00:00
2026-04-25 15:00:00,2026-04-25 11:00:00,RFC,WEST,AEP,AEPKPT,528.362,True,11,5,4,1,0.258819045102521,-0.9659258262890682,-0.9749279121818236,-0.2225209339563146,511.284,548.739,544.938,526.1108333333333,66.26644541852015,489.349,2026-04-26 15:00:00,2026-04-26 11:00:00
2026-04-25 15:00:00,2026-04-25 11:00:00,RFC,WEST,AEP,AEPOPT,7527.52,True,11,5,4,1,0.258819045102521,-0.9659258262890682,-0.9749279121818236,-0.2225209339563146,7485.013,8309.607,8282.72,7825.547958333333,847.5175197792283,7405.789,2026-04-26 15:00:00,2026-04-26 11:00:00
2026-04-25 16:00:00,2026-04-25 12:00:00,RFC,WEST,AEP,AEPAPT,3649.542,True,12,5,4,1,1.2246467991473532e-16,-1.0,-0.9749279121818236,-0.2225209339563146,3542.717,3949.266,3829.511,3625.50225,493.5036850143221,3343.846,2026-04-26 16:00:00,2026-04-26 12:00:00
2026-04-25 16:00:00,2026-04-25 12:00:00,RFC,WEST,AEP,AEPIMP,2996.241,True,12,5,4,1,1.2246467991473532e-16,-1.0,-0.9749279121818236,-0.2225209339563146,3042.282,3535.06,3597.723,3142.0895416666667,284.90259809701513,3062.37,2026-04-26 16:00:00,2026-04-26 12:00:00
2026-04-25 16:00:00,2026-04-25 12:00:00,RFC,WEST,AEP,AEPKPT,533.835,True,12,5,4,1,1.2246467991473532e-16,-1.0,-0.9749279121818236,-0.2225209339563146,528.362,559.19,562.87,525.054375,65.91734155797366,505.474,2026-04-26 16:00:00,2026-04-26 12:00:00
2026-04-25 16:00:00,2026-04-25 12:00:00,RFC,WEST,AEP,AEPOPT,7553.966,True,12,5,4,1,1.2246467991473532e-16,-1.0,-0.9749279121818236,-0.2225209339563146,7527.52,8503.315,8502.71,7785.99175,836.592797840051,7406.271,2026-04-26 16:00:00,2026-04-26 12:00:00
2026-04-25 17:00:00,2026-04-25 13:00:00,RFC,WEST,AEP,AEPAPT,3716.779,True,13,5,4,1,-0.2588190451025208,-0.9659258262890683,-0.9749279121818236,-0.2225209339563146,3649.542,4094.975,3925.663,3609.7440833333335,483.8038818579902,3376.901,2026-04-26 17:00:00,2026-04-26 13:00:00
2026-04-25 17:00:00,2026-04-25 13:00:00,RFC,WEST,AEP,AEPIMP,3066.226,True,13,5,4,1,-0.2588190451025208,-0.9659258262890683,-0.9749279121818236,-0.2225209339563146,2996.241,3665.188,3646.296,3117.1327916666664,262.43619632090713,3025.171,2026-04-26 17:00:00,2026-04-26 13:00:00
2026-04-25 17:00:00,2026-04-25 13:00:00,RFC,WEST,AEP,AEPKPT,533.986,True,13,5,4,1,-0.2588190451025208,-0.9659258262890683,-0.9749279121818236,-0.2225209339563146,533.835,576.873,578.677,523.2674166666667,65.02680813788537,510.808,2026-04-26 17:00:00,2026-04-26 13:00:00
2026-04-25 17:00:00,2026-04-25 13:00:00,RFC,WEST,AEP,AEPOPT,7582.873,True,13,5,4,1,-0.2588190451025208,-0.9659258262890683,-0.9749279121818236,-0.2225209339563146,7553.966,8659.329,8610.133,7741.139416666666,816.3457927593028,7327.747,2026-04-26 17:00:00,2026-04-26 13:00:00
2026-04-25 18:00:00,2026-04-25 14:00:00,RFC,WEST,AEP,AEPAPT,3743.628,True,14,5,4,1,-0.4999999999999997,-0.8660254037844388,-0.9749279121818236,-0.2225209339563146,3716.779,4200.71,4038.318,3590.699,468.27628104802795,3346.426,2026-04-26 18:00:00,2026-04-26 14:00:00
2026-04-25 18:00:00,2026-04-25 14:00:00,RFC,WEST,AEP,AEPIMP,3066.969,True,14,5,4,1,-0.4999999999999997,-0.8660254037844388,-0.9749279121818236,-0.2225209339563146,3066.226,3512.765,3648.976,3098.5579583333333,248.62966956542354,2993.875,2026-04-26 18:00:00,2026-04-26 14:00:00
2026-04-25 18:00:00,2026-04-25 14:00:00,RFC,WEST,AEP,AEPKPT,541.301,True,14,5,4,1,-0.4999999999999997,-0.8660254037844388,-0.9749279121818236,-0.2225209339563146,533.986,593.089,592.403,521.1095833333334,63.449253813350026,524.339,2026-04-26 18:00:00,2026-04-26 14:00:00
2026-04-25 18:00:00,2026-04-25 14:00:00,RFC,WEST,AEP,AEPOPT,7602.728,True,14,5,4,1,-0.4999999999999997,-0.8660254037844388,-0.9749279121818236,-0.2225209339563146,7582.873,8847.879,8820.279,7689.258125,781.7860154223929,7368.421,2026-04-26 18:00:00,2026-04-26 14:00:00
2026-04-25 19:00:00,2026-04-25 15:00:00,RFC,WEST,AEP,AEPAPT,3737.584,True,15,5,4,1,-0.7071067811865471,-0.7071067811865479,-0.9749279121818236,-0.2225209339563146,3743.628,4243.384,4134.89,3569.624,448.5929351156234,3361.064,2026-04-26 19:00:00,2026-04-26 15:00:00
2026-04-25 19:00:00,2026-04-25 15:00:00,RFC,WEST,AEP,AEPIMP,3086.689,True,15,5,4,1,-0.7071067811865471,-0.7071067811865479,-0.9749279121818236,-0.2225209339563146,3066.969,3559.481,3601.907,3078.858291666667,228.4314535715699,2940.267,2026-04-26 19:00:00,2026-04-26 15:00:00
2026-04-25 19:00:00,2026-04-25 15:00:00,RFC,WEST,AEP,AEPKPT,548.023,True,15,5,4,1,-0.7071067811865471,-0.7071067811865479,-0.9749279121818236,-0.2225209339563146,541.301,613.299,612.743,518.3897499999999,60.66353507829513,533.176,2026-04-26 19:00:00,2026-04-26 15:00:00
2026-04-25 19:00:00,2026-04-25 15:00:00,RFC,WEST,AEP,AEPOPT,7569.599,True,15,5,4,1,-0.7071067811865471,-0.7071067811865479,-0.9749279121818236,-0.2225209339563146,7602.728,8894.402,8868.192,7634.058,738.570088972629,7282.212,2026-04-26 19:00:00,2026-04-26 15:00:00
2026-04-25 20:00:00,2026-04-25 16:00:00,RFC,WEST,AEP,AEPAPT,3774.246,True,16,5,4,1,-0.8660254037844384,-0.5000000000000004,-0.9749279121818236,-0.2225209339563146,3737.584,4306.302,4253.925,3547.455,423.0222437750992,3461.375,2026-04-26 20:00:00,2026-04-26 16:00:00
2026-04-25 20:00:00,2026-04-25 16:00:00,RFC,WEST,AEP,AEPIMP,3083.288,True,16,5,4,1,-0.8660254037844384,-0.5000000000000004,-0.9749279121818236,-0.2225209339563146,3086.689,3528.782,3655.738,3060.296041666667,207.41475719509083,2956.884,2026-04-26 20:00:00,2026-04-26 16:00:00
2026-04-25 20:00:00,2026-04-25 16:00:00,RFC,WEST,AEP,AEPKPT,558.139,True,16,5,4,1,-0.8660254037844384,-0.5000000000000004,-0.9749279121818236,-0.2225209339563146,548.023,626.466,624.075,515.5427916666666,56.85469127825688,547.717,2026-04-26 20:00:00,2026-04-26 16:00:00
2026-04-25 20:00:00,2026-04-25 16:00:00,RFC,WEST,AEP,AEPOPT,7683.397,True,16,5,4,1,-0.8660254037844384,-0.5000000000000004,-0.9749279121818236,-0.2225209339563146,7569.599,8956.727,8972.518,7581.002583333334,683.0747891808188,7392.095,2026-04-26 20:00:00,2026-04-26 16:00:00
2026-04-25 21:00:00,2026-04-25 17:00:00,RFC,WEST,AEP,AEPAPT,3753.512,True,17,5,4,1,-0.9659258262890683,-0.25881904510252063,-0.9749279121818236,-0.2225209339563146,3774.246,4325.18,4333.134,3523.6355000000003,392.30568695818914,3577.971,2026-04-26 21:00:00,2026-04-26 17:00:00
2026-04-25 21:00:00,2026-04-25 17:00:00,RFC,WEST,AEP,AEPIMP,3116.958,True,17,5,4,1,-0.9659258262890683,-0.25881904510252063,-0.9749279121818236,-0.2225209339563146,3083.288,3505.81,3629.269,3044.0938750000005,185.08610453240289,3021.943,2026-04-26 21:00:00,2026-04-26 17:00:00
2026-04-25 21:00:00,2026-04-25 17:00:00,RFC,WEST,AEP,AEPKPT,566.907,True,17,5,4,1,-0.9659258262890683,-0.25881904510252063,-0.9749279121818236,-0.2225209339563146,558.139,630.486,629.762,512.8936666666667,52.58715259094246,558.399,2026-04-26 21:00:00,2026-04-26 17:00:00
2026-04-25 21:00:00,2026-04-25 17:00:00,RFC,WEST,AEP,AEPOPT,7821.347,True,17,5,4,1,-0.9659258262890683,-0.25881904510252063,-0.9749279121818236,-0.2225209339563146,7683.397,8982.776,9006.388,7532.609708333333,617.4346891588145,7483.019,2026-04-26 21:00:00,2026-04-26 17:00:00
2026-04-25 22:00:00,2026-04-25 18:00:00,RFC,WEST,AEP,AEPAPT,3718.013,True,18,5,4,1,-1.0,-1.8369701987210297e-16,-0.9749279121818236,-0.2225209339563146,3753.512,4302.779,4389.576,3499.2702499999996,358.51483175834557,3622.562,2026-04-26 22:00:00,2026-04-26 18:00:00
2026-04-25 22:00:00,2026-04-25 18:00:00,RFC,WEST,AEP,AEPIMP,3184.526,True,18,5,4,1,-1.0,-1.8369701987210297e-16,-0.9749279121818236,-0.2225209339563146,3116.958,3423.132,3643.381,3034.1519583333334,169.6014510618891,2985.615,2026-04-26 22:00:00,2026-04-26 18:00:00
2026-04-25 22:00:00,2026-04-25 18:00:00,RFC,WEST,AEP,AEPKPT,567.264,True,18,5,4,1,-1.0,-1.8369701987210297e-16,-0.9749279121818236,-0.2225209339563146,566.907,615.13,622.566,510.89924999999994,49.34915476589815,557.951,2026-04-26 22:00:00,2026-04-26 18:00:00
2026-04-25 22:00:00,2026-04-25 18:00:00,RFC,WEST,AEP,AEPOPT,7770.491,True,18,5,4,1,-1.0,-1.8369701987210297e-16,-0.9749279121818236,-0.2225209339563146,7821.347,8890.333,8895.9,7485.949625,548.8767876631017,7541.476,2026-04-26 22:00:00,2026-04-26 18:00:00
2026-04-25 23:00:00,2026-04-25 19:00:00,RFC,WEST,AEP,AEPAPT,3671.495,True,19,5,4,1,-0.9659258262890684,0.2588190451025203,-0.9749279121818236,-0.2225209339563146,3718.013,4208.405,4342.394,3476.899,327.7747283547,3644.792,2026-04-26 23:00:00,2026-04-26 19:00:00
2026-04-25 23:00:00,2026-04-25 19:00:00,RFC,WEST,AEP,AEPIMP,3180.674,True,19,5,4,1,-0.9659258262890684,0.2588190451025203,-0.9749279121818236,-0.2225209339563146,3184.526,3374.296,3645.021,3026.084375,156.84327245700712,2945.487,2026-04-26 23:00:00,2026-04-26 19:00:00
2026-04-25 23:00:00,2026-04-25 19:00:00,RFC,WEST,AEP,AEPKPT,553.945,True,19,5,4,1,-0.9659258262890684,0.2588190451025203,-0.9749279121818236,-0.2225209339563146,567.264,594.115,607.301,509.2255,47.03081309931263,546.327,2026-04-26 23:00:00,2026-04-26 19:00:00
2026-04-25 23:00:00,2026-04-25 19:00:00,RFC,WEST,AEP,AEPOPT,7715.652,True,19,5,4,1,-0.9659258262890684,0.2588190451025203,-0.9749279121818236,-0.2225209339563146,7770.491,8682.363,8743.096,7445.670000000001,489.522003122823,7515.618,2026-04-26 23:00:00,2026-04-26 19:00:00
2026-04-26 00:00:00,2026-04-25 20:00:00,RFC,WEST,AEP,AEPAPT,3645.623,True,20,5,4,1,-0.8660254037844386,0.5000000000000001,-0.9749279121818236,-0.2225209339563146,3671.495,4129.474,4302.795,3456.738541666666,299.5571563542406,3682.247,2026-04-27 00:00:00,2026-04-26 20:00:00
2026-04-26 00:00:00,2026-04-25 20:00:00,RFC,WEST,AEP,AEPIMP,3094.61,True,20,5,4,1,-0.8660254037844386,0.5000000000000001,-0.9749279121818236,-0.2225209339563146,3180.674,3350.137,3553.148,3015.437416666667,141.84510088484538,2993.009,2026-04-27 00:00:00,2026-04-26 20:00:00
2026-04-26 00:00:00,2026-04-25 20:00:00,RFC,WEST,AEP,AEPKPT,555.183,True,20,5,4,1,-0.8660254037844386,0.5000000000000001,-0.9749279121818236,-0.2225209339563146,553.945,581.331,602.539,508.13599999999997,45.5679331318956,551.83,2026-04-27 00:00:00,2026-04-26 20:00:00
2026-04-26 00:00:00,2026-04-25 20:00:00,RFC,WEST,AEP,AEPOPT,7670.53,True,20,5,4,1,-0.8660254037844386,0.5000000000000001,-0.9749279121818236,-0.2225209339563146,7715.652,8579.136,8710.988,7407.811416666667,429.5067705053027,7698.632,2026-04-27 00:00:00,2026-04-26 20:00:00
2026-04-26 01:00:00,2026-04-25 21:00:00,RFC,WEST,AEP,AEPAPT,3591.303,True,21,5,4,1,-0.7071067811865477,0.7071067811865474,-0.9749279121818236,-0.2225209339563146,3645.623,3968.011,4149.528,3441.0423749999995,280.890545251872,3606.744,2026-04-27 01:00:00,2026-04-26 21:00:00
2026-04-26 01:00:00,2026-04-25 21:00:00,RFC,WEST,AEP,AEPIMP,3120.757,True,21,5,4,1,-0.7071067811865477,0.7071067811865474,-0.9749279121818236,-0.2225209339563146,3094.61,3289.629,3443.406,3008.4010833333336,131.46064073156523,3012.154,2026-04-27 01:00:00,2026-04-26 21:00:00
2026-04-26 01:00:00,2026-04-25 21:00:00,RFC,WEST,AEP,AEPKPT,541.522,True,21,5,4,1,-0.7071067811865477,0.7071067811865474,-0.9749279121818236,-0.2225209339563146,555.183,562.225,578.987,507.27337500000004,44.68692364790838,543.544,2026-04-27 01:00:00,2026-04-26 21:00:00
2026-04-26 01:00:00,2026-04-25 21:00:00,RFC,WEST,AEP,AEPOPT,7483.769,True,21,5,4,1,-0.7071067811865477,0.7071067811865474,-0.9749279121818236,-0.2225209339563146,7670.53,8403.508,8486.41,7369.488958333334,374.2854481964201,7667.333,2026-04-27 01:00:00,2026-04-26 21:00:00
2026-04-26 02:00:00,2026-04-25 22:00:00,RFC,WEST,AEP,AEPAPT,3410.632,True,22,5,4,1,-0.5000000000000004,0.8660254037844384,-0.9749279121818236,-0.2225209339563146,3591.303,3708.398,3849.56,3428.6354583333327,275.084166267415,3408.886,2026-04-27 02:00:00,2026-04-26 22:00:00
2026-04-26 02:00:00,2026-04-25 22:00:00,RFC,WEST,AEP,AEPIMP,3032.863,True,22,5,4,1,-0.5000000000000004,0.8660254037844384,-0.9749279121818236,-0.2225209339563146,3120.757,3161.352,3232.934,3003.047375,127.5181506677324,2898.327,2026-04-27 02:00:00,2026-04-26 22:00:00
2026-04-26 02:00:00,2026-04-25 22:00:00,RFC,WEST,AEP,AEPKPT,515.875,True,22,5,4,1,-0.5000000000000004,0.8660254037844384,-0.9749279121818236,-0.2225209339563146,541.522,534.606,533.761,506.49291666666664,44.351110537456194,511.914,2026-04-27 02:00:00,2026-04-26 22:00:00
2026-04-26 02:00:00,2026-04-25 22:00:00,RFC,WEST,AEP,AEPOPT,7153.825,True,22,5,4,1,-0.5000000000000004,0.8660254037844384,-0.9749279121818236,-0.2225209339563146,7483.769,8000.71,8097.794,7334.202083333334,351.41006265896857,7444.667,2026-04-27 02:00:00,2026-04-26 22:00:00
2026-04-26 03:00:00,2026-04-25 23:00:00,RFC,WEST,AEP,AEPAPT,3238.365,True,23,5,4,1,-0.25881904510252157,0.9659258262890681,-0.9749279121818236,-0.2225209339563146,3410.632,3454.079,3558.516,3419.647375,277.7280875641997,3234.069,2026-04-27 03:00:00,2026-04-26 23:00:00
2026-04-26 03:00:00,2026-04-25 23:00:00,RFC,WEST,AEP,AEPIMP,2875.011,True,23,5,4,1,-0.25881904510252157,0.9659258262890681,-0.9749279121818236,-0.2225209339563146,3032.863,3068.604,3204.684,2994.9809999999998,129.30151143235446,2777.757,2026-04-27 03:00:00,2026-04-26 23:00:00
2026-04-26 03:00:00,2026-04-25 23:00:00,RFC,WEST,AEP,AEPKPT,494.106,True,23,5,4,1,-0.25881904510252157,0.9659258262890681,-0.9749279121818236,-0.2225209339563146,515.875,500.538,495.241,506.22491666666673,44.40805549321278,477.106,2026-04-27 03:00:00,2026-04-26 23:00:00
2026-04-26 03:00:00,2026-04-25 23:00:00,RFC,WEST,AEP,AEPOPT,6888.928,True,23,5,4,1,-0.25881904510252157,0.9659258262890681,-0.9749279121818236,-0.2225209339563146,7153.825,7541.928,7635.098,7306.993750000001,359.80669026939637,7138.964,2026-04-27 03:00:00,2026-04-26 23:00:00
2026-04-26 04:00:00,2026-04-26 00:00:00,RFC,WEST,AEP,AEPAPT,3068.811,True,0,6,4,1,0.0,1.0,-0.7818314824680299,0.6234898018587334,3238.365,3251.515,3329.909,3412.034708333333,284.9472328082556,3092.715,2026-04-27 04:00:00,2026-04-27 00:00:00
2026-04-26 04:00:00,2026-04-26 00:00:00,RFC,WEST,AEP,AEPIMP,2800.204,True,0,6,4,1,0.0,1.0,-0.7818314824680299,0.6234898018587334,2875.011,2880.728,3087.14,2991.625833333333,133.37564148074944,2720.818,2026-04-27 04:00:00,2026-04-27 00:00:00
2026-04-26 04:00:00,2026-04-26 00:00:00,RFC,WEST,AEP,AEPKPT,468.367,True,0,6,4,1,0.0,1.0,-0.7818314824680299,0.6234898018587334,494.106,475.395,465.361,505.93208333333337,44.642743259478834,454.888,2026-04-27 04:00:00,2026-04-27 00:00:00
2026-04-26 04:00:00,2026-04-26 00:00:00,RFC,WEST,AEP,AEPOPT,6732.541,True,0,6,4,1,0.0,1.0,-0.7818314824680299,0.6234898018587334,6888.928,7171.677,7337.855,7288.696416666667,377.70761476142076,6966.099,2026-04-27 04:00:00,2026-04-27 00:00:00
2026-04-26 05:00:00,2026-04-26 01:00:00,RFC,WEST,AEP,AEPAPT,2978.57,True,1,6,4,1,0.25881904510252074,0.9659258262890683,-0.7818314824680299,0.6234898018587334,3068.811,3121.176,3204.549,3406.0927916666674,292.65863764623754,2999.121,2026-04-27 05:00:00,2026-04-27 01:00:00
2026-04-26 05:00:00,2026-04-26 01:00:00,RFC,WEST,AEP,AEPIMP,2728.03,True,1,6,4,1,0.25881904510252074,0.9659258262890683,-0.7818314824680299,0.6234898018587334,2800.204,2874.873,2996.702,2985.5073749999997,142.05043600801173,2683.679,2026-04-27 05:00:00,2026-04-27 01:00:00
2026-04-26 05:00:00,2026-04-26 01:00:00,RFC,WEST,AEP,AEPKPT,454.451,True,1,6,4,1,0.25881904510252074,0.9659258262890683,-0.7818314824680299,0.6234898018587334,468.367,455.682,452.999,505.88079166666665,44.70365320056413,446.758,2026-04-27 05:00:00,2026-04-27 01:00:00
2026-04-26 05:00:00,2026-04-26 01:00:00,RFC,WEST,AEP,AEPOPT,6614.014,True,1,6,4,1,0.25881904510252074,0.9659258262890683,-0.7818314824680299,0.6234898018587334,6732.541,6964.768,7056.479,7274.081666666666,397.0757530363047,6902.187,2026-04-27 05:00:00,2026-04-27 01:00:00
2026-04-26 06:00:00,2026-04-26 02:00:00,RFC,WEST,AEP,AEPAPT,2931.483,True,2,6,4,1,0.49999999999999994,0.8660254037844387,-0.7818314824680299,0.6234898018587334,2978.57,3032.814,3125.283,3401.8706666666662,298.94149232971296,2998.314,2026-04-27 06:00:00,2026-04-27 02:00:00
2026-04-26 06:00:00,2026-04-26 02:00:00,RFC,WEST,AEP,AEPIMP,2697.265,True,2,6,4,1,0.49999999999999994,0.8660254037844387,-0.7818314824680299,0.6234898018587334,2728.03,2815.986,2962.684,2980.5606666666667,150.05222257821515,2649.615,2026-04-27 06:00:00,2026-04-27 02:00:00
2026-04-26 06:00:00,2026-04-26 02:00:00,RFC,WEST,AEP,AEPKPT,443.699,True,2,6,4,1,0.49999999999999994,0.8660254037844387,-0.7818314824680299,0.6234898018587334,454.451,447.185,444.267,505.7355416666667,44.907854901165486,442.391,2026-04-27 06:00:00,2026-04-27 02:00:00
2026-04-26 06:00:00,2026-04-26 02:00:00,RFC,WEST,AEP,AEPOPT,6469.303,True,2,6,4,1,0.49999999999999994,0.8660254037844387,-0.7818314824680299,0.6234898018587334,6614.014,6847.767,6904.205,7258.312333333334,421.5059397317838,6863.311,2026-04-27 06:00:00,2026-04-27 02:00:00
2026-04-26 07:00:00,2026-04-26 03:00:00,RFC,WEST,AEP,AEPAPT,2892.871,True,3,6,4,1,0.7071067811865475,0.7071067811865476,-0.7818314824680299,0.6234898018587334,2931.483,2993.892,3115.643,3397.6614583333335,305.5733893214304,3017.286,2026-04-27 07:00:00,2026-04-27 03:00:00
2026-04-26 07:00:00,2026-04-26 03:00:00,RFC,WEST,AEP,AEPIMP,2724.591,True,3,6,4,1,0.7071067811865475,0.7071067811865476,-0.7818314824680299,0.6234898018587334,2697.265,2791.444,2929.281,2977.775125,154.27664780608754,2720.143,2026-04-27 07:00:00,2026-04-27 03:00:00
2026-04-26 07:00:00,2026-04-26 03:00:00,RFC,WEST,AEP,AEPKPT,437.1,True,3,6,4,1,0.7071067811865475,0.7071067811865476,-0.7818314824680299,0.6234898018587334,443.699,441.318,442.065,505.55979166666674,45.17835742147332,441.003,2026-04-27 07:00:00,2026-04-27 03:00:00
2026-04-26 07:00:00,2026-04-26 03:00:00,RFC,WEST,AEP,AEPOPT,6449.737,True,3,6,4,1,0.7071067811865475,0.7071067811865476,-0.7818314824680299,0.6234898018587334,6469.303,6757.783,6804.716,7245.477083333334,441.62041171504916,6798.332,2026-04-27 07:00:00,2026-04-27 03:00:00
2026-04-26 08:00:00,2026-04-26 04:00:00,RFC,WEST,AEP,AEPAPT,2898.475,True,4,6,4,1,0.8660254037844386,0.5000000000000001,-0.7818314824680299,0.6234898018587334,2892.871,3009.249,3175.213,3393.0458750000003,312.4544356193364,3107.759,2026-04-27 08:00:00,2026-04-27 04:00:00
2026-04-26 08:00:00,2026-04-26 04:00:00,RFC,WEST,AEP,AEPIMP,2716.089,True,4,6,4,1,0.8660254037844386,0.5000000000000001,-0.7818314824680299,0.6234898018587334,2724.591,2754.872,2900.917,2976.159166666667,156.89385590974368,2758.303,2026-04-27 08:00:00,2026-04-27 04:00:00
2026-04-26 08:00:00,2026-04-26 04:00:00,RFC,WEST,AEP,AEPKPT,435.518,True,4,6,4,1,0.8660254037844386,0.5000000000000001,-0.7818314824680299,0.6234898018587334,437.1,440.308,447.739,505.36020833333333,45.488666425994914,448.657,2026-04-27 08:00:00,2026-04-27 04:00:00
2026-04-26 08:00:00,2026-04-26 04:00:00,RFC,WEST,AEP,AEPOPT,6468.879,True,4,6,4,1,0.8660254037844386,0.5000000000000001,-0.7818314824680299,0.6234898018587334,6449.737,6755.545,6823.062,7233.532666666666,458.9830253376807,6986.848,2026-04-27 08:00:00,2026-04-27 04:00:00
2026-04-26 09:00:00,2026-04-26 05:00:00,RFC,WEST,AEP,AEPAPT,2934.66,True,5,6,4,1,0.9659258262890683,0.25881904510252074,-0.7818314824680299,0.6234898018587334,2898.475,3045.458,3309.85,3388.429291666667,318.57205731410744,3304.558,2026-04-27 09:00:00,2026-04-27 05:00:00
2026-04-26 09:00:00,2026-04-26 05:00:00,RFC,WEST,AEP,AEPIMP,2732.549,True,5,6,4,1,0.9659258262890683,0.25881904510252074,-0.7818314824680299,0.6234898018587334,2716.089,2810.458,3049.814,2972.912958333333,161.21775907339077,2919.675,2026-04-27 09:00:00,2026-04-27 05:00:00
2026-04-26 09:00:00,2026-04-26 05:00:00,RFC,WEST,AEP,AEPKPT,439.262,True,5,6,4,1,0.9659258262890683,0.25881904510252074,-0.7818314824680299,0.6234898018587334,435.518,451.696,466.619,504.84212499999995,46.19180984463243,473.217,2026-04-27 09:00:00,2026-04-27 05:00:00
2026-04-26 09:00:00,2026-04-26 05:00:00,RFC,WEST,AEP,AEPOPT,6465.089,True,5,6,4,1,0.9659258262890683,0.25881904510252074,-0.7818314824680299,0.6234898018587334,6468.879,6792.795,7111.244,7219.878250000001,477.1785714129028,7254.859,2026-04-27 09:00:00,2026-04-27 05:00:00
2026-04-26 10:00:00,2026-04-26 06:00:00,RFC,WEST,AEP,AEPAPT,2988.372,True,6,6,4,1,1.0,6.123233995736766e-17,-0.7818314824680299,0.6234898018587334,2934.66,3124.404,3548.297,3382.7612916666662,324.6264096070842,3603.964,2026-04-27 10:00:00,2026-04-27 06:00:00
2026-04-26 10:00:00,2026-04-26 06:00:00,RFC,WEST,AEP,AEPIMP,2803.296,True,6,6,4,1,1.0,6.123233995736766e-17,-0.7818314824680299,0.6234898018587334,2732.549,2854.799,3209.331,2970.767,163.1890470061582,3081.846,2026-04-27 10:00:00,2026-04-27 06:00:00
2026-04-26 10:00:00,2026-04-26 06:00:00,RFC,WEST,AEP,AEPKPT,443.813,True,6,6,4,1,1.0,6.123233995736766e-17,-0.7818314824680299,0.6234898018587334,439.262,459.434,494.219,504.19125,46.96307744364837,515.098,2026-04-27 10:00:00,2026-04-27 06:00:00
2026-04-26 10:00:00,2026-04-26 06:00:00,RFC,WEST,AEP,AEPOPT,6657.188,True,6,6,4,1,1.0,6.123233995736766e-17,-0.7818314824680299,0.6234898018587334,6465.089,6899.154,7414.872,7209.796333333333,486.7104638470561,7665.55,2026-04-27 10:00:00,2026-04-27 06:00:00
2026-04-26 11:00:00,2026-04-26 07:00:00,RFC,WEST,AEP,AEPAPT,3082.358,True,7,6,4,1,0.9659258262890683,-0.25881904510252063,-0.7818314824680299,0.6234898018587334,2988.372,3200.317,3707.247,3377.8463333333334,328.38004813108944,3741.439,2026-04-27 11:00:00,2026-04-27 07:00:00
2026-04-26 11:00:00,2026-04-26 07:00:00,RFC,WEST,AEP,AEPIMP,2816.9,True,7,6,4,1,0.9659258262890683,-0.25881904510252063,-0.7818314824680299,0.6234898018587334,2803.296,2977.477,3294.508,2964.0762916666663,166.16662043299814,3139.502,2026-04-27 11:00:00,2026-04-27 07:00:00
2026-04-26 11:00:00,2026-04-26 07:00:00,RFC,WEST,AEP,AEPKPT,451.031,True,7,6,4,1,0.9659258262890683,-0.25881904510252063,-0.7818314824680299,0.6234898018587334,443.813,458.173,513.919,503.89366666666666,47.28884981883423,531.572,2026-04-27 11:00:00,2026-04-27 07:00:00
2026-04-26 11:00:00,2026-04-26 07:00:00,RFC,WEST,AEP,AEPOPT,6799.941,True,7,6,4,1,0.9659258262890683,-0.25881904510252063,-0.7818314824680299,0.6234898018587334,6657.188,7055.622,7673.888,7199.142958333334,492.9895731699474,7885.737,2026-04-27 11:00:00,2026-04-27 07:00:00
2026-04-26 12:00:00,2026-04-26 08:00:00,RFC,WEST,AEP,AEPAPT,3216.618,True,8,6,4,1,0.8660254037844387,-0.4999999999999998,-0.7818314824680299,0.6234898018587334,3082.358,3308.829,3725.435,3374.0042083333337,329.75922607813,3719.667,2026-04-27 12:00:00,2026-04-27 08:00:00
2026-04-26 12:00:00,2026-04-26 08:00:00,RFC,WEST,AEP,AEPIMP,2954.686,True,8,6,4,1,0.8660254037844387,-0.4999999999999998,-0.7818314824680299,0.6234898018587334,2816.9,3026.848,3451.76,2961.0695416666663,165.63341782091288,3190.661,2026-04-27 12:00:00,2026-04-27 08:00:00
2026-04-26 12:00:00,2026-04-26 08:00:00,RFC,WEST,AEP,AEPKPT,469.613,True,8,6,4,1,0.8660254037844387,-0.4999999999999998,-0.7818314824680299,0.6234898018587334,451.031,476.097,518.445,503.6235,47.47272441783835,535.149,2026-04-27 12:00:00,2026-04-27 08:00:00
2026-04-26 12:00:00,2026-04-26 08:00:00,RFC,WEST,AEP,AEPOPT,7012.925,True,8,6,4,1,0.8660254037844387,-0.4999999999999998,-0.7818314824680299,0.6234898018587334,6799.941,7243.044,7845.995,7189.554666666667,494.334595421614,7987.41,2026-04-27 12:00:00,2026-04-27 08:00:00
2026-04-26 13:00:00,2026-04-26 09:00:00,RFC,WEST,AEP,AEPAPT,3297.329,True,9,6,4,1,0.7071067811865476,-0.7071067811865475,-0.7818314824680299,0.6234898018587334,3216.618,3355.599,3722.952,3371.5762916666667,330.1149500980112,3661.594,2026-04-27 13:00:00,2026-04-27 09:00:00
2026-04-26 13:00:00,2026-04-26 09:00:00,RFC,WEST,AEP,AEPIMP,3041.706,True,9,6,4,1,0.7071067811865476,-0.7071067811865475,-0.7818314824680299,0.6234898018587334,2954.686,3113.315,3527.213,2958.085833333333,163.4015815656028,3224.56,2026-04-27 13:00:00,2026-04-27 09:00:00
2026-04-26 13:00:00,2026-04-26 09:00:00,RFC,WEST,AEP,AEPKPT,490.071,True,9,6,4,1,0.7071067811865476,-0.7071067811865475,-0.7818314824680299,0.6234898018587334,469.613,494.378,521.668,503.44404166666664,47.51731401744865,536.358,2026-04-27 13:00:00,2026-04-27 09:00:00
2026-04-26 13:00:00,2026-04-26 09:00:00,RFC,WEST,AEP,AEPOPT,7217.785,True,9,6,4,1,0.7071067811865476,-0.7071067811865475,-0.7818314824680299,0.6234898018587334,7012.925,7370.057,7981.425,7183.21,492.8922479302379,7939.485,2026-04-27 13:00:00,2026-04-27 09:00:00
2026-04-26 14:00:00,2026-04-26 10:00:00,RFC,WEST,AEP,AEPAPT,3302.408,True,10,6,4,1,0.49999999999999994,-0.8660254037844387,-0.7818314824680299,0.6234898018587334,3297.329,3434.845,3757.016,3366.0580833333333,330.1182762059789,3613.044,2026-04-27 14:00:00,2026-04-27 10:00:00
2026-04-26 14:00:00,2026-04-26 10:00:00,RFC,WEST,AEP,AEPIMP,3033.077,True,10,6,4,1,0.49999999999999994,-0.8660254037844387,-0.7818314824680299,0.6234898018587334,3041.706,3031.65,3544.224,2958.145291666667,163.4297710294325,3248.107,2026-04-27 14:00:00,2026-04-27 10:00:00
2026-04-26 14:00:00,2026-04-26 10:00:00,RFC,WEST,AEP,AEPKPT,490.438,True,10,6,4,1,0.49999999999999994,-0.8660254037844387,-0.7818314824680299,0.6234898018587334,490.071,511.284,532.482,502.5754583333333,47.55828173110787,536.465,2026-04-27 14:00:00,2026-04-27 10:00:00
2026-04-26 14:00:00,2026-04-26 10:00:00,RFC,WEST,AEP,AEPOPT,7292.051,True,10,6,4,1,0.49999999999999994,-0.8660254037844387,-0.7818314824680299,0.6234898018587334,7217.785,7485.013,8132.4,7175.169916666667,489.3160065231901,8065.254,2026-04-27 14:00:00,2026-04-27 10:00:00
2026-04-26 15:00:00,2026-04-26 11:00:00,RFC,WEST,AEP,AEPAPT,3297.54,True,11,6,4,1,0.258819045102521,-0.9659258262890682,-0.7818314824680299,0.6234898018587334,3302.408,3542.717,3843.374,3355.8423749999997,328.2017839513522,3608.408,2026-04-27 15:00:00,2026-04-27 11:00:00
2026-04-26 15:00:00,2026-04-26 11:00:00,RFC,WEST,AEP,AEPIMP,3072.409,True,11,6,4,1,0.258819045102521,-0.9659258262890682,-0.7818314824680299,0.6234898018587334,3033.077,3042.282,3610.689,2959.4005833333335,164.21791759092923,3285.147,2026-04-27 15:00:00,2026-04-27 11:00:00
2026-04-26 15:00:00,2026-04-26 11:00:00,RFC,WEST,AEP,AEPKPT,489.349,True,11,6,4,1,0.258819045102521,-0.9659258262890682,-0.7818314824680299,0.6234898018587334,490.438,528.362,548.739,500.9499166666667,47.30463251504975,542.747,2026-04-27 15:00:00,2026-04-27 11:00:00
2026-04-26 15:00:00,2026-04-26 11:00:00,RFC,WEST,AEP,AEPOPT,7405.789,True,11,6,4,1,0.258819045102521,-0.9659258262890682,-0.7818314824680299,0.6234898018587334,7292.051,7527.52,8309.607,7170.097791666667,486.12535031523737,8020.131,2026-04-27 15:00:00,2026-04-27 11:00:00
2026-04-26 16:00:00,2026-04-26 12:00:00,RFC,WEST,AEP,AEPAPT,3343.846,True,12,6,4,1,1.2246467991473532e-16,-1.0,-0.7818314824680299,0.6234898018587334,3297.54,3649.542,3949.266,3343.1050416666662,322.1846718738698,3638.255,2026-04-27 16:00:00,2026-04-27 12:00:00
2026-04-26 16:00:00,2026-04-26 12:00:00,RFC,WEST,AEP,AEPIMP,3062.37,True,12,6,4,1,1.2246467991473532e-16,-1.0,-0.7818314824680299,0.6234898018587334,3072.409,2996.241,3535.06,2962.1559583333333,165.41336058845897,3243.937,2026-04-27 16:00:00,2026-04-27 12:00:00
2026-04-26 16:00:00,2026-04-26 12:00:00,RFC,WEST,AEP,AEPKPT,505.474,True,12,6,4,1,1.2246467991473532e-16,-1.0,-0.7818314824680299,0.6234898018587334,489.349,533.835,559.19,499.76820833333335,46.79895674884898,555.648,2026-04-27 16:00:00,2026-04-27 12:00:00
2026-04-26 16:00:00,2026-04-26 12:00:00,RFC,WEST,AEP,AEPOPT,7406.271,True,12,6,4,1,1.2246467991473532e-16,-1.0,-0.7818314824680299,0.6234898018587334,7405.789,7553.966,8503.315,7163.943833333334,481.9717097565029,8092.528,2026-04-27 16:00:00,2026-04-27 12:00:00
2026-04-26 17:00:00,2026-04-26 13:00:00,RFC,WEST,AEP,AEPAPT,3376.901,True,13,6,4,1,-0.2588190451025208,-0.9659258262890683,-0.7818314824680299,0.6234898018587334,3343.846,3716.779,4094.975,3328.943458333333,312.36578844736283,3697.138,2026-04-27 17:00:00,2026-04-27 13:00:00
2026-04-26 17:00:00,2026-04-26 13:00:00,RFC,WEST,AEP,AEPIMP,3025.171,True,13,6,4,1,-0.2588190451025208,-0.9659258262890683,-0.7818314824680299,0.6234898018587334,3062.37,3066.226,3665.188,2960.4453333333336,164.50008973186772,3267.479,2026-04-27 17:00:00,2026-04-27 13:00:00
2026-04-26 17:00:00,2026-04-26 13:00:00,RFC,WEST,AEP,AEPKPT,510.808,True,13,6,4,1,-0.2588190451025208,-0.9659258262890683,-0.7818314824680299,0.6234898018587334,505.474,533.986,576.873,498.8024583333334,46.29861003357989,577.52,2026-04-27 17:00:00,2026-04-27 13:00:00
2026-04-26 17:00:00,2026-04-26 13:00:00,RFC,WEST,AEP,AEPOPT,7327.747,True,13,6,4,1,-0.2588190451025208,-0.9659258262890683,-0.7818314824680299,0.6234898018587334,7406.271,7582.873,8659.329,7153.313583333334,475.0946150479304,8162.243,2026-04-27 17:00:00,2026-04-27 13:00:00
2026-04-26 18:00:00,2026-04-26 14:00:00,RFC,WEST,AEP,AEPAPT,3346.426,True,14,6,4,1,-0.4999999999999997,-0.8660254037844388,-0.7818314824680299,0.6234898018587334,3376.901,3743.628,4200.71,3312.393375,299.70518247028264,3751.391,2026-04-27 18:00:00,2026-04-27 14:00:00
2026-04-26 18:00:00,2026-04-26 14:00:00,RFC,WEST,AEP,AEPIMP,2993.875,True,14,6,4,1,-0.4999999999999997,-0.8660254037844388,-0.7818314824680299,0.6234898018587334,3025.171,3066.969,3512.765,2957.39975,163.11293316173874,3359.743,2026-04-27 18:00:00,2026-04-27 14:00:00
2026-04-26 18:00:00,2026-04-26 14:00:00,RFC,WEST,AEP,AEPKPT,524.339,True,14,6,4,1,-0.4999999999999997,-0.8660254037844388,-0.7818314824680299,0.6234898018587334,510.808,541.301,593.089,498.09570833333333,45.74784894774672,596.686,2026-04-27 18:00:00,2026-04-27 14:00:00
2026-04-26 18:00:00,2026-04-26 14:00:00,RFC,WEST,AEP,AEPOPT,7368.421,True,14,6,4,1,-0.4999999999999997,-0.8660254037844388,-0.7818314824680299,0.6234898018587334,7327.747,7602.728,8847.879,7143.5507916666675,467.8095551314968,8273.026,2026-04-27 18:00:00,2026-04-27 14:00:00
2026-04-26 19:00:00,2026-04-26 15:00:00,RFC,WEST,AEP,AEPAPT,3361.064,True,15,6,4,1,-0.7071067811865471,-0.7071067811865479,-0.7818314824680299,0.6234898018587334,3346.426,3737.584,4243.384,3296.7050416666666,286.0228257897151,3833.606,2026-04-27 19:00:00,2026-04-27 15:00:00
2026-04-26 19:00:00,2026-04-26 15:00:00,RFC,WEST,AEP,AEPIMP,2940.267,True,15,6,4,1,-0.7071067811865471,-0.7071067811865479,-0.7818314824680299,0.6234898018587334,2993.875,3086.689,3559.481,2951.298833333333,160.78862423572932,3378.077,2026-04-27 19:00:00,2026-04-27 15:00:00
2026-04-26 19:00:00,2026-04-26 15:00:00,RFC,WEST,AEP,AEPKPT,533.176,True,15,6,4,1,-0.7071067811865471,-0.7071067811865479,-0.7818314824680299,0.6234898018587334,524.339,548.023,613.299,497.4770833333334,45.139695440126424,619.872,2026-04-27 19:00:00,2026-04-27 15:00:00
2026-04-26 19:00:00,2026-04-26 15:00:00,RFC,WEST,AEP,AEPOPT,7282.212,True,15,6,4,1,-0.7071067811865471,-0.7071067811865479,-0.7818314824680299,0.6234898018587334,7368.421,7569.599,8894.402,7131.576333333333,460.0435465342164,8291.602,2026-04-27 19:00:00,2026-04-27 15:00:00
2026-04-26 20:00:00,2026-04-26 16:00:00,RFC,WEST,AEP,AEPAPT,3461.375,True,16,6,4,1,-0.8660254037844384,-0.5000000000000004,-0.7818314824680299,0.6234898018587334,3361.064,3774.246,4306.302,3283.6687500000003,269.9919852880029,3959.627,2026-04-27 20:00:00,2026-04-27 16:00:00
2026-04-26 20:00:00,2026-04-26 16:00:00,RFC,WEST,AEP,AEPIMP,2956.884,True,16,6,4,1,-0.8660254037844384,-0.5000000000000004,-0.7818314824680299,0.6234898018587334,2940.267,3083.288,3528.782,2946.0319999999997,158.32861861824142,3377.129,2026-04-27 20:00:00,2026-04-27 16:00:00
2026-04-26 20:00:00,2026-04-26 16:00:00,RFC,WEST,AEP,AEPKPT,547.717,True,16,6,4,1,-0.8660254037844384,-0.5000000000000004,-0.7818314824680299,0.6234898018587334,533.176,558.139,626.466,497.04283333333336,44.577374716099456,627.789,2026-04-27 20:00:00,2026-04-27 16:00:00
2026-04-26 20:00:00,2026-04-26 16:00:00,RFC,WEST,AEP,AEPOPT,7392.095,True,16,6,4,1,-0.8660254037844384,-0.5000000000000004,-0.7818314824680299,0.6234898018587334,7282.212,7683.397,8956.727,7119.43875,448.55079269848454,8406.185,2026-04-27 20:00:00,2026-04-27 16:00:00
2026-04-26 21:00:00,2026-04-26 17:00:00,RFC,WEST,AEP,AEPAPT,3577.971,True,17,6,4,1,-0.9659258262890683,-0.25881904510252063,-0.7818314824680299,0.6234898018587334,3461.375,3753.512,4325.18,3276.354541666666,258.858501728502,4043.141,2026-04-27 21:00:00,2026-04-27 17:00:00
2026-04-26 21:00:00,2026-04-26 17:00:00,RFC,WEST,AEP,AEPIMP,3021.943,True,17,6,4,1,-0.9659258262890683,-0.25881904510252063,-0.7818314824680299,0.6234898018587334,2956.884,3116.958,3505.81,2942.0730416666665,155.02222924903808,3365.734,2026-04-27 21:00:00,2026-04-27 17:00:00
2026-04-26 21:00:00,2026-04-26 17:00:00,RFC,WEST,AEP,AEPKPT,558.399,True,17,6,4,1,-0.9659258262890683,-0.25881904510252063,-0.7818314824680299,0.6234898018587334,547.717,566.907,630.486,496.68833333333333,44.02807160819179,624.534,2026-04-27 21:00:00,2026-04-27 17:00:00
2026-04-26 21:00:00,2026-04-26 17:00:00,RFC,WEST,AEP,AEPOPT,7483.019,True,17,6,4,1,-0.9659258262890683,-0.25881904510252063,-0.7818314824680299,0.6234898018587334,7392.095,7821.347,8982.776,7105.3417500000005,430.48484851669116,8492.344,2026-04-27 21:00:00,2026-04-27 17:00:00
2026-04-26 22:00:00,2026-04-26 18:00:00,RFC,WEST,AEP,AEPAPT,3622.562,True,18,6,4,1,-1.0,-1.8369701987210297e-16,-0.7818314824680299,0.6234898018587334,3577.971,3718.013,4302.779,3272.3774166666667,252.43125968518612,4068.662,2026-04-27 22:00:00,2026-04-27 18:00:00
2026-04-26 22:00:00,2026-04-26 18:00:00,RFC,WEST,AEP,AEPIMP,2985.615,True,18,6,4,1,-1.0,-1.8369701987210297e-16,-0.7818314824680299,0.6234898018587334,3021.943,3184.526,3423.132,2933.7850833333337,146.5839134898097,3275.781,2026-04-27 22:00:00,2026-04-27 18:00:00
2026-04-26 22:00:00,2026-04-26 18:00:00,RFC,WEST,AEP,AEPKPT,557.951,True,18,6,4,1,-1.0,-1.8369701987210297e-16,-0.7818314824680299,0.6234898018587334,558.399,567.264,615.13,496.3002916666667,43.41579097064471,624.189,2026-04-27 22:00:00,2026-04-27 18:00:00
2026-04-26 22:00:00,2026-04-26 18:00:00,RFC,WEST,AEP,AEPOPT,7541.476,True,18,6,4,1,-1.0,-1.8369701987210297e-16,-0.7818314824680299,0.6234898018587334,7483.019,7770.491,8890.333,7095.799458333334,417.4404379162602,8423.462,2026-04-27 22:00:00,2026-04-27 18:00:00
2026-04-26 23:00:00,2026-04-26 19:00:00,RFC,WEST,AEP,AEPAPT,3644.792,True,19,6,4,1,-0.9659258262890684,0.2588190451025203,-0.7818314824680299,0.6234898018587334,3622.562,3671.495,4208.405,3271.2647916666665,250.64816030269375,4018.939,2026-04-27 23:00:00,2026-04-27 19:00:00
2026-04-26 23:00:00,2026-04-26 19:00:00,RFC,WEST,AEP,AEPIMP,2945.487,True,19,6,4,1,-0.9659258262890684,0.2588190451025203,-0.7818314824680299,0.6234898018587334,2985.615,3180.674,3374.296,2923.985625,136.90293251782043,3245.34,2026-04-27 23:00:00,2026-04-27 19:00:00
2026-04-26 23:00:00,2026-04-26 19:00:00,RFC,WEST,AEP,AEPKPT,546.327,True,19,6,4,1,-0.9659258262890684,0.2588190451025203,-0.7818314824680299,0.6234898018587334,557.951,553.945,594.115,495.982875,43.00189677142215,613.069,2026-04-27 23:00:00,2026-04-27 19:00:00
2026-04-26 23:00:00,2026-04-26 19:00:00,RFC,WEST,AEP,AEPOPT,7515.618,True,19,6,4,1,-0.9659258262890684,0.2588190451025203,-0.7818314824680299,0.6234898018587334,7541.476,7715.652,8682.363,7087.464708333333,406.37651971885117,8475.752,2026-04-27 23:00:00,2026-04-27 19:00:00
2026-04-27 00:00:00,2026-04-26 20:00:00,RFC,WEST,AEP,AEPAPT,3682.247,True,20,6,4,1,-0.8660254037844386,0.5000000000000001,-0.7818314824680299,0.6234898018587334,3644.792,3645.623,4129.474,3272.790791666667,253.12567124959818,4069.223,2026-04-28 00:00:00,2026-04-27 20:00:00
2026-04-27 00:00:00,2026-04-26 20:00:00,RFC,WEST,AEP,AEPIMP,2993.009,True,20,6,4,1,-0.8660254037844386,0.5000000000000001,-0.7818314824680299,0.6234898018587334,2945.487,3094.61,3350.137,2919.75225,132.9100596929447,3235.135,2026-04-28 00:00:00,2026-04-27 20:00:00
2026-04-27 00:00:00,2026-04-26 20:00:00,RFC,WEST,AEP,AEPKPT,551.83,True,20,6,4,1,-0.8660254037844386,0.5000000000000001,-0.7818314824680299,0.6234898018587334,546.327,555.183,581.331,495.8431666666667,42.80620131086728,599.412,2026-04-28 00:00:00,2026-04-27 20:00:00
2026-04-27 00:00:00,2026-04-26 20:00:00,RFC,WEST,AEP,AEPOPT,7698.632,True,20,6,4,1,-0.8660254037844386,0.5000000000000001,-0.7818314824680299,0.6234898018587334,7515.618,7670.53,8579.136,7088.635625,408.16612995995513,8395.88,2026-04-28 00:00:00,2026-04-27 20:00:00
2026-04-27 01:00:00,2026-04-26 21:00:00,RFC,WEST,AEP,AEPAPT,3606.744,True,21,6,4,1,-0.7071067811865477,0.7071067811865474,-0.7818314824680299,0.6234898018587334,3682.247,3591.303,3968.011,3273.4341666666664,253.98859178362352,3942.194,2026-04-28 01:00:00,2026-04-27 21:00:00
2026-04-27 01:00:00,2026-04-26 21:00:00,RFC,WEST,AEP,AEPIMP,3012.154,True,21,6,4,1,-0.7071067811865477,0.7071067811865474,-0.7818314824680299,0.6234898018587334,2993.009,3120.757,3289.629,2915.227125,127.50799855294898,3215.929,2026-04-28 01:00:00,2026-04-27 21:00:00
2026-04-27 01:00:00,2026-04-26 21:00:00,RFC,WEST,AEP,AEPKPT,543.544,True,21,6,4,1,-0.7071067811865477,0.7071067811865474,-0.7818314824680299,0.6234898018587334,551.83,541.522,562.225,495.92741666666666,42.901896865852386,581.449,2026-04-28 01:00:00,2026-04-27 21:00:00
2026-04-27 01:00:00,2026-04-26 21:00:00,RFC,WEST,AEP,AEPOPT,7667.333,True,21,6,4,1,-0.7071067811865477,0.7071067811865474,-0.7818314824680299,0.6234898018587334,7698.632,7483.769,8403.508,7096.284124999999,417.50536785969723,8115.2,2026-04-28 01:00:00,2026-04-27 21:00:00
2026-04-27 02:00:00,2026-04-26 22:00:00,RFC,WEST,AEP,AEPAPT,3408.886,True,22,6,4,1,-0.5000000000000004,0.8660254037844384,-0.7818314824680299,0.6234898018587334,3606.744,3410.632,3708.398,3273.3614166666666,253.9478323741989,3685.372,2026-04-28 02:00:00,2026-04-27 22:00:00
2026-04-27 02:00:00,2026-04-26 22:00:00,RFC,WEST,AEP,AEPIMP,2898.327,True,22,6,4,1,-0.5000000000000004,0.8660254037844384,-0.7818314824680299,0.6234898018587334,3012.154,3032.863,3161.352,2909.6214583333335,125.04502044078673,3129.385,2026-04-28 02:00:00,2026-04-27 22:00:00
2026-04-27 02:00:00,2026-04-26 22:00:00,RFC,WEST,AEP,AEPKPT,511.914,True,22,6,4,1,-0.5000000000000004,0.8660254037844384,-0.7818314824680299,0.6234898018587334,543.544,515.875,534.606,495.762375,42.829380607252716,549.601,2026-04-28 02:00:00,2026-04-27 22:00:00
2026-04-27 02:00:00,2026-04-26 22:00:00,RFC,WEST,AEP,AEPOPT,7444.667,True,22,6,4,1,-0.5000000000000004,0.8660254037844384,-0.7818314824680299,0.6234898018587334,7667.333,7153.825,8000.71,7108.402541666666,423.42711354548203,7838.799,2026-04-28 02:00:00,2026-04-27 22:00:00
2026-04-27 03:00:00,2026-04-26 23:00:00,RFC,WEST,AEP,AEPAPT,3234.069,True,23,6,4,1,-0.25881904510252157,0.9659258262890681,-0.7818314824680299,0.6234898018587334,3408.886,3238.365,3454.079,3273.1824166666665,253.9750853834963,3435.261,2026-04-28 03:00:00,2026-04-27 23:00:00
2026-04-27 03:00:00,2026-04-26 23:00:00,RFC,WEST,AEP,AEPIMP,2777.757,True,23,6,4,1,-0.25881904510252157,0.9659258262890681,-0.7818314824680299,0.6234898018587334,2898.327,2875.011,3068.604,2905.569208333334,127.76169531692247,3019.923,2026-04-28 03:00:00,2026-04-27 23:00:00
2026-04-27 03:00:00,2026-04-26 23:00:00,RFC,WEST,AEP,AEPKPT,477.106,True,23,6,4,1,-0.25881904510252157,0.9659258262890681,-0.7818314824680299,0.6234898018587334,511.914,494.106,500.538,495.0540416666667,42.99821001175986,519.051,2026-04-28 03:00:00,2026-04-27 23:00:00
2026-04-27 03:00:00,2026-04-26 23:00:00,RFC,WEST,AEP,AEPOPT,7138.964,True,23,6,4,1,-0.25881904510252157,0.9659258262890681,-0.7818314824680299,0.6234898018587334,7444.667,6888.928,7541.928,7118.820708333334,420.8605047601646,7527.61,2026-04-28 03:00:00,2026-04-27 23:00:00
2026-04-27 04:00:00,2026-04-27 00:00:00,RFC,WEST,AEP,AEPAPT,3092.715,True,0,0,4,0,0.0,1.0,0.0,1.0,3234.069,3068.811,3251.515,3274.178416666667,253.18440744984306,3299.995,2026-04-28 04:00:00,2026-04-28 00:00:00
2026-04-27 04:00:00,2026-04-27 00:00:00,RFC,WEST,AEP,AEPIMP,2720.818,True,0,0,4,0,0.0,1.0,0.0,1.0,2777.757,2800.204,2880.728,2902.261458333334,131.57883419519703,2915.413,2026-04-28 04:00:00,2026-04-28 00:00:00
2026-04-27 04:00:00,2026-04-27 00:00:00,RFC,WEST,AEP,AEPKPT,454.888,True,0,0,4,0,0.0,1.0,0.0,1.0,477.106,468.367,475.395,494.49241666666666,43.44762066023934,499.212,2026-04-28 04:00:00,2026-04-28 00:00:00
2026-04-27 04:00:00,2026-04-27 00:00:00,RFC,WEST,AEP,AEPOPT,6966.099,True,0,0,4,0,0.0,1.0,0.0,1.0,7138.964,6732.541,7171.677,7128.552291666667,414.18757569207264,7316.328,2026-04-28 04:00:00,2026-04-28 00:00:00
2026-04-27 05:00:00,2026-04-27 01:00:00,RFC,WEST,AEP,AEPAPT,2999.121,True,1,0,4,0,0.25881904510252074,0.9659258262890683,0.0,1.0,3092.715,2978.57,3121.176,3275.034708333333,252.17390176750376,3212.193,2026-04-28 05:00:00,2026-04-28 01:00:00
2026-04-27 05:00:00,2026-04-27 01:00:00,RFC,WEST,AEP,AEPIMP,2683.679,True,1,0,4,0,0.25881904510252074,0.9659258262890683,0.0,1.0,2720.818,2728.03,2874.873,2900.4135,134.4131353903825,2824.266,2026-04-28 05:00:00,2026-04-28 01:00:00
2026-04-27 05:00:00,2026-04-27 01:00:00,RFC,WEST,AEP,AEPKPT,446.758,True,1,0,4,0,0.25881904510252074,0.9659258262890683,0.0,1.0,454.888,454.451,455.682,494.171875,43.78296055426771,465.454,2026-04-28 05:00:00,2026-04-28 01:00:00
2026-04-27 05:00:00,2026-04-27 01:00:00,RFC,WEST,AEP,AEPOPT,6902.187,True,1,0,4,0,0.25881904510252074,0.9659258262890683,0.0,1.0,6966.099,6614.014,6964.768,7140.5595,402.63871167260385,7113.12,2026-04-28 05:00:00,2026-04-28 01:00:00
2026-04-27 06:00:00,2026-04-27 02:00:00,RFC,WEST,AEP,AEPAPT,2998.314,True,2,0,4,0,0.49999999999999994,0.8660254037844387,0.0,1.0,2999.121,2931.483,3032.814,3277.8193333333334,248.55836858898854,3111.165,2026-04-28 06:00:00,2026-04-28 02:00:00
2026-04-27 06:00:00,2026-04-27 02:00:00,RFC,WEST,AEP,AEPIMP,2649.615,True,2,0,4,0,0.49999999999999994,0.8660254037844387,0.0,1.0,2683.679,2697.265,2815.986,2898.428083333333,137.85223053370666,2783.018,2026-04-28 06:00:00,2026-04-28 02:00:00
2026-04-27 06:00:00,2026-04-27 02:00:00,RFC,WEST,AEP,AEPKPT,442.391,True,2,0,4,0,0.49999999999999994,0.8660254037844387,0.0,1.0,446.758,443.699,447.185,494.11737500000004,43.8492834811426,446.237,2026-04-28 06:00:00,2026-04-28 02:00:00
2026-04-27 06:00:00,2026-04-27 02:00:00,RFC,WEST,AEP,AEPOPT,6863.311,True,2,0,4,0,0.49999999999999994,0.8660254037844387,0.0,1.0,6902.187,6469.303,6847.767,7156.9765,381.5600386846438,6995.959,2026-04-28 06:00:00,2026-04-28 02:00:00
2026-04-27 07:00:00,2026-04-27 03:00:00,RFC,WEST,AEP,AEPAPT,3017.286,True,3,0,4,0,0.7071067811865475,0.7071067811865476,0.0,1.0,2998.314,2892.871,2993.892,3283.0032916666664,241.37436879568688,3111.474,2026-04-28 07:00:00,2026-04-28 03:00:00
2026-04-27 07:00:00,2026-04-27 03:00:00,RFC,WEST,AEP,AEPIMP,2720.143,True,3,0,4,0,0.7071067811865475,0.7071067811865476,0.0,1.0,2649.615,2724.591,2791.444,2898.2427499999994,138.09887395038595,2772.842,2026-04-28 07:00:00,2026-04-28 03:00:00
2026-04-27 07:00:00,2026-04-27 03:00:00,RFC,WEST,AEP,AEPKPT,441.003,True,3,0,4,0,0.7071067811865475,0.7071067811865476,0.0,1.0,442.391,437.1,441.318,494.28,43.63534331150458,452.056,2026-04-28 07:00:00,2026-04-28 03:00:00
2026-04-27 07:00:00,2026-04-27 03:00:00,RFC,WEST,AEP,AEPOPT,6798.332,True,3,0,4,0,0.7071067811865475,0.7071067811865476,0.0,1.0,6863.311,6449.737,6757.783,7171.5012916666665,359.4621797275205,6963.752,2026-04-28 07:00:00,2026-04-28 03:00:00
2026-04-27 08:00:00,2026-04-27 04:00:00,RFC,WEST,AEP,AEPAPT,3107.759,True,4,0,4,0,0.8660254037844386,0.5000000000000001,0.0,1.0,3017.286,2898.475,3009.249,3291.7234583333334,230.4098464904087,3178.984,2026-04-28 08:00:00,2026-04-28 04:00:00
2026-04-27 08:00:00,2026-04-27 04:00:00,RFC,WEST,AEP,AEPIMP,2758.303,True,4,0,4,0,0.8660254037844386,0.5000000000000001,0.0,1.0,2720.143,2716.089,2754.872,2900.0016666666666,135.92977259203582,2773.269,2026-04-28 08:00:00,2026-04-28 04:00:00
2026-04-27 08:00:00,2026-04-27 04:00:00,RFC,WEST,AEP,AEPKPT,448.657,True,4,0,4,0,0.8660254037844386,0.5000000000000001,0.0,1.0,441.003,435.518,440.308,494.82745833333337,42.9429782213548,452.756,2026-04-28 08:00:00,2026-04-28 04:00:00
2026-04-27 08:00:00,2026-04-27 04:00:00,RFC,WEST,AEP,AEPOPT,6986.848,True,4,0,4,0,0.8660254037844386,0.5000000000000001,0.0,1.0,6798.332,6468.879,6755.545,7193.083333333333,329.7654155600926,6995.421,2026-04-28 08:00:00,2026-04-28 04:00:00
2026-04-27 09:00:00,2026-04-27 05:00:00,RFC,WEST,AEP,AEPAPT,3304.558,True,5,0,4,0,0.9659258262890683,0.25881904510252074,0.0,1.0,3107.759,2934.66,3045.458,3307.135875,217.49656962377736,3343.619,2026-04-28 09:00:00,2026-04-28 05:00:00
2026-04-27 09:00:00,2026-04-27 05:00:00,RFC,WEST,AEP,AEPIMP,2919.675,True,5,0,4,0,0.9659258262890683,0.25881904510252074,0.0,1.0,2758.303,2732.549,2810.458,2907.798583333333,131.1912658498735,2972.195,2026-04-28 09:00:00,2026-04-28 05:00:00
2026-04-27 09:00:00,2026-04-27 05:00:00,RFC,WEST,AEP,AEPKPT,473.217,True,5,0,4,0,0.9659258262890683,0.25881904510252074,0.0,1.0,448.657,439.262,451.696,496.24225,41.57012838696226,457.406,2026-04-28 09:00:00,2026-04-28 05:00:00
2026-04-27 09:00:00,2026-04-27 05:00:00,RFC,WEST,AEP,AEPOPT,7254.859,True,5,0,4,0,0.9659258262890683,0.25881904510252074,0.0,1.0,6986.848,6465.089,6792.795,7225.990416666667,291.09924576183363,7146.622,2026-04-28 09:00:00,2026-04-28 05:00:00
2026-04-27 10:00:00,2026-04-27 06:00:00,RFC,WEST,AEP,AEPAPT,3603.964,True,6,0,4,0,1.0,6.123233995736766e-17,0.0,1.0,3304.558,2988.372,3124.404,3332.7855416666666,214.5486898767293,3627.889,2026-04-28 10:00:00,2026-04-28 06:00:00
2026-04-27 10:00:00,2026-04-27 06:00:00,RFC,WEST,AEP,AEPIMP,3081.846,True,6,0,4,0,1.0,6.123233995736766e-17,0.0,1.0,2919.675,2803.296,2854.799,2919.4048333333335,133.8388391343699,3168.873,2026-04-28 10:00:00,2026-04-28 06:00:00
2026-04-27 10:00:00,2026-04-27 06:00:00,RFC,WEST,AEP,AEPKPT,515.098,True,6,0,4,0,1.0,6.123233995736766e-17,0.0,1.0,473.217,443.813,459.434,499.21245833333336,40.18474724480002,496.416,2026-04-28 10:00:00,2026-04-28 06:00:00
2026-04-27 10:00:00,2026-04-27 06:00:00,RFC,WEST,AEP,AEPOPT,7665.55,True,6,0,4,0,1.0,6.123233995736766e-17,0.0,1.0,7254.859,6657.188,6899.154,7268.0055,277.9037802632326,7598.624,2026-04-28 10:00:00,2026-04-28 06:00:00
2026-04-27 11:00:00,2026-04-27 07:00:00,RFC,WEST,AEP,AEPAPT,3741.439,True,7,0,4,0,0.9659258262890683,-0.25881904510252063,0.0,1.0,3603.964,3082.358,3200.317,3360.24725,223.11046520506076,3767.383,2026-04-28 11:00:00,2026-04-28 07:00:00
2026-04-27 11:00:00,2026-04-27 07:00:00,RFC,WEST,AEP,AEPIMP,3139.502,True,7,0,4,0,0.9659258262890683,-0.25881904510252063,0.0,1.0,3081.846,2816.9,2977.477,2932.8465833333335,139.18932809599343,3269.054,2026-04-28 11:00:00,2026-04-28 07:00:00
2026-04-27 11:00:00,2026-04-27 07:00:00,RFC,WEST,AEP,AEPKPT,531.572,True,7,0,4,0,0.9659258262890683,-0.25881904510252063,0.0,1.0,515.098,451.031,458.173,502.5683333333333,39.340277754445914,517.506,2026-04-28 11:00:00,2026-04-28 07:00:00
2026-04-27 11:00:00,2026-04-27 07:00:00,RFC,WEST,AEP,AEPOPT,7885.737,True,7,0,4,0,0.9659258262890683,-0.25881904510252063,0.0,1.0,7665.55,6799.941,7055.622,7313.246999999999,286.636153636393,7822.035,2026-04-28 11:00:00,2026-04-28 07:00:00
2026-04-27 12:00:00,2026-04-27 08:00:00,RFC,WEST,AEP,AEPAPT,3719.667,True,8,0,4,0,0.8660254037844387,-0.4999999999999998,0.0,1.0,3741.439,3216.618,3308.829,3381.2076249999996,232.46407223890273,3792.281,2026-04-28 12:00:00,2026-04-28 08:00:00
2026-04-27 12:00:00,2026-04-27 08:00:00,RFC,WEST,AEP,AEPIMP,3190.661,True,8,0,4,0,0.8660254037844387,-0.4999999999999998,0.0,1.0,3139.502,2954.686,3026.848,2942.678875,148.80181254426068,3285.75,2026-04-28 12:00:00,2026-04-28 08:00:00
2026-04-27 12:00:00,2026-04-27 08:00:00,RFC,WEST,AEP,AEPKPT,535.149,True,8,0,4,0,0.8660254037844387,-0.4999999999999998,0.0,1.0,531.572,469.613,476.097,505.299,39.22765789592668,520.135,2026-04-28 12:00:00,2026-04-28 08:00:00
2026-04-27 12:00:00,2026-04-27 08:00:00,RFC,WEST,AEP,AEPOPT,7987.41,True,8,0,4,0,0.8660254037844387,-0.4999999999999998,0.0,1.0,7885.737,7012.925,7243.044,7353.850541666667,310.288887113963,7826.284,2026-04-28 12:00:00,2026-04-28 08:00:00
2026-04-27 13:00:00,2026-04-27 09:00:00,RFC,WEST,AEP,AEPAPT,3661.594,True,9,0,4,0,0.7071067811865476,-0.7071067811865475,0.0,1.0,3719.667,3297.329,3355.599,3396.385333333333,238.56105953524116,3791.205,2026-04-28 13:00:00,2026-04-28 09:00:00
2026-04-27 13:00:00,2026-04-27 09:00:00,RFC,WEST,AEP,AEPIMP,3224.56,True,9,0,4,0,0.7071067811865476,-0.7071067811865475,0.0,1.0,3190.661,3041.706,3113.315,2950.2977916666664,158.46038790922293,3338.623,2026-04-28 13:00:00,2026-04-28 09:00:00
2026-04-27 13:00:00,2026-04-27 09:00:00,RFC,WEST,AEP,AEPKPT,536.358,True,9,0,4,0,0.7071067811865476,-0.7071067811865475,0.0,1.0,535.149,490.071,494.378,507.227625,39.582665037385006,531.784,2026-04-28 13:00:00,2026-04-28 09:00:00
2026-04-27 13:00:00,2026-04-27 09:00:00,RFC,WEST,AEP,AEPOPT,7939.485,True,9,0,4,0,0.7071067811865476,-0.7071067811865475,0.0,1.0,7987.41,7217.785,7370.057,7383.921375000001,330.8206670683354,7978.342,2026-04-28 13:00:00,2026-04-28 09:00:00
2026-04-27 14:00:00,2026-04-27 10:00:00,RFC,WEST,AEP,AEPAPT,3613.044,True,10,0,4,0,0.49999999999999994,-0.8660254037844387,0.0,1.0,3661.594,3302.408,3434.845,3409.3285,241.6474565625049,3830.817,2026-04-28 14:00:00,2026-04-28 10:00:00
2026-04-27 14:00:00,2026-04-27 10:00:00,RFC,WEST,AEP,AEPIMP,3248.107,True,10,0,4,0,0.49999999999999994,-0.8660254037844387,0.0,1.0,3224.56,3033.077,3031.65,2959.2573749999997,169.06833225799824,3308.865,2026-04-28 14:00:00,2026-04-28 10:00:00
2026-04-27 14:00:00,2026-04-27 10:00:00,RFC,WEST,AEP,AEPKPT,536.465,True,10,0,4,0,0.49999999999999994,-0.8660254037844387,0.0,1.0,536.358,490.438,511.284,509.1454166666667,39.84795665255534,537.924,2026-04-28 14:00:00,2026-04-28 10:00:00
2026-04-27 14:00:00,2026-04-27 10:00:00,RFC,WEST,AEP,AEPOPT,8065.254,True,10,0,4,0,0.49999999999999994,-0.8660254037844387,0.0,1.0,7939.485,7292.051,7485.013,7416.138166666667,358.0160961033621,8041.927,2026-04-28 14:00:00,2026-04-28 10:00:00
2026-04-27 15:00:00,2026-04-27 11:00:00,RFC,WEST,AEP,AEPAPT,3608.408,True,11,0,4,0,0.258819045102521,-0.9659258262890682,0.0,1.0,3613.044,3297.54,3542.717,3422.281333333334,243.71755768469873,3850.969,2026-04-28 15:00:00,2026-04-28 11:00:00
2026-04-27 15:00:00,2026-04-27 11:00:00,RFC,WEST,AEP,AEPIMP,3285.147,True,11,0,4,0,0.258819045102521,-0.9659258262890682,0.0,1.0,3248.107,3072.409,3042.282,2968.121458333333,180.4522521995964,3273.339,2026-04-28 15:00:00,2026-04-28 11:00:00
2026-04-27 15:00:00,2026-04-27 11:00:00,RFC,WEST,AEP,AEPKPT,542.747,True,11,0,4,0,0.258819045102521,-0.9659258262890682,0.0,1.0,536.465,489.349,528.362,511.37033333333335,40.18388933354875,552.077,2026-04-28 15:00:00,2026-04-28 11:00:00
2026-04-27 15:00:00,2026-04-27 11:00:00,RFC,WEST,AEP,AEPOPT,8020.131,True,11,0,4,0,0.258819045102521,-0.9659258262890682,0.0,1.0,8065.254,7405.789,7527.52,7441.73575,378.6136980179077,8082.907,2026-04-28 15:00:00,2026-04-28 11:00:00
2026-04-27 16:00:00,2026-04-27 12:00:00,RFC,WEST,AEP,AEPAPT,3638.255,True,12,0,4,0,1.2246467991473532e-16,-1.0,0.0,1.0,3608.408,3343.846,3649.542,3434.548375,246.98536287871184,3861.671,2026-04-28 16:00:00,2026-04-28 12:00:00
2026-04-27 16:00:00,2026-04-27 12:00:00,RFC,WEST,AEP,AEPIMP,3243.937,True,12,0,4,0,1.2246467991473532e-16,-1.0,0.0,1.0,3285.147,3062.37,2996.241,2975.6867500000003,188.2143979333372,3316.677,2026-04-28 16:00:00,2026-04-28 12:00:00
2026-04-27 16:00:00,2026-04-27 12:00:00,RFC,WEST,AEP,AEPKPT,555.648,True,12,0,4,0,1.2246467991473532e-16,-1.0,0.0,1.0,542.747,505.474,533.835,513.4609166666667,41.157167591642555,565.48,2026-04-28 16:00:00,2026-04-28 12:00:00
2026-04-27 16:00:00,2026-04-27 12:00:00,RFC,WEST,AEP,AEPOPT,8092.528,True,12,0,4,0,1.2246467991473532e-16,-1.0,0.0,1.0,8020.131,7406.271,7553.966,7470.329791666667,401.06714099261495,8118.085,2026-04-28 16:00:00,2026-04-28 12:00:00
2026-04-27 17:00:00,2026-04-27 13:00:00,RFC,WEST,AEP,AEPAPT,3697.138,True,13,0,4,0,-0.2588190451025208,-0.9659258262890683,0.0,1.0,3638.255,3376.901,3716.779,3447.8915833333335,252.32809906270646,3857.988,2026-04-28 17:00:00,2026-04-28 13:00:00
2026-04-27 17:00:00,2026-04-27 13:00:00,RFC,WEST,AEP,AEPIMP,3267.479,True,13,0,4,0,-0.2588190451025208,-0.9659258262890683,0.0,1.0,3243.937,3025.171,3066.226,2985.7829166666666,197.2655256209511,3297.342,2026-04-28 17:00:00,2026-04-28 13:00:00
2026-04-27 17:00:00,2026-04-27 13:00:00,RFC,WEST,AEP,AEPKPT,577.52,True,13,0,4,0,-0.2588190451025208,-0.9659258262890683,0.0,1.0,555.648,510.808,533.986,516.2405833333333,43.17360167863798,576.363,2026-04-28 17:00:00,2026-04-28 13:00:00
2026-04-27 17:00:00,2026-04-27 13:00:00,RFC,WEST,AEP,AEPOPT,8162.243,True,13,0,4,0,-0.2588190451025208,-0.9659258262890683,0.0,1.0,8092.528,7327.747,7582.873,7505.100458333333,423.703117943592,8168.08,2026-04-28 17:00:00,2026-04-28 13:00:00
2026-04-27 18:00:00,2026-04-27 14:00:00,RFC,WEST,AEP,AEPAPT,3751.391,True,14,0,4,0,-0.4999999999999997,-0.8660254037844388,0.0,1.0,3697.138,3346.426,3743.628,3464.765125,258.70759369172754,3836.878,2026-04-28 18:00:00,2026-04-28 14:00:00
2026-04-27 18:00:00,2026-04-27 14:00:00,RFC,WEST,AEP,AEPIMP,3359.743,True,14,0,4,0,-0.4999999999999997,-0.8660254037844388,0.0,1.0,3267.479,2993.875,3066.969,3001.0274166666663,211.53866972563867,3247.498,2026-04-28 18:00:00,2026-04-28 14:00:00
2026-04-27 18:00:00,2026-04-27 14:00:00,RFC,WEST,AEP,AEPKPT,596.686,True,14,0,4,0,-0.4999999999999997,-0.8660254037844388,0.0,1.0,577.52,524.339,541.301,519.2550416666667,46.184352223479785,586.552,2026-04-28 18:00:00,2026-04-28 14:00:00
2026-04-27 18:00:00,2026-04-27 14:00:00,RFC,WEST,AEP,AEPOPT,8273.026,True,14,0,4,0,-0.4999999999999997,-0.8660254037844388,0.0,1.0,8162.243,7368.421,7602.728,7542.792333333334,450.41004237188486,8227.252,2026-04-28 18:00:00,2026-04-28 14:00:00
2026-04-27 19:00:00,2026-04-27 15:00:00,RFC,WEST,AEP,AEPAPT,3833.606,True,15,0,4,0,-0.7071067811865471,-0.7071067811865479,0.0,1.0,3751.391,3361.064,3737.584,3484.454375,268.27686120608735,3827.554,2026-04-28 19:00:00,2026-04-28 15:00:00
2026-04-27 19:00:00,2026-04-27 15:00:00,RFC,WEST,AEP,AEPIMP,3378.077,True,15,0,4,0,-0.7071067811865471,-0.7071067811865479,0.0,1.0,3359.743,2940.267,3086.689,3019.2695000000003,224.54843533943222,3184.728,2026-04-28 19:00:00,2026-04-28 15:00:00
2026-04-27 19:00:00,2026-04-27 15:00:00,RFC,WEST,AEP,AEPKPT,619.872,True,15,0,4,0,-0.7071067811865471,-0.7071067811865479,0.0,1.0,596.686,533.176,548.023,522.8673749999999,50.50857669296208,592.871,2026-04-28 19:00:00,2026-04-28 15:00:00
2026-04-27 19:00:00,2026-04-27 15:00:00,RFC,WEST,AEP,AEPOPT,8291.602,True,15,0,4,0,-0.7071067811865471,-0.7071067811865479,0.0,1.0,8273.026,7282.212,7569.599,7584.8502499999995,471.64617866189127,8285.945,2026-04-28 19:00:00,2026-04-28 15:00:00
2026-04-27 20:00:00,2026-04-27 16:00:00,RFC,WEST,AEP,AEPAPT,3959.627,True,16,0,4,0,-0.8660254037844384,-0.5000000000000004,0.0,1.0,3833.606,3461.375,3774.246,3505.2148749999997,285.16046690001383,3904.5,2026-04-28 20:00:00,2026-04-28 16:00:00
2026-04-27 20:00:00,2026-04-27 16:00:00,RFC,WEST,AEP,AEPIMP,3377.129,True,16,0,4,0,-0.8660254037844384,-0.5000000000000004,0.0,1.0,3378.077,2956.884,3083.288,3036.7797083333335,235.5861228415543,3092.376,2026-04-28 20:00:00,2026-04-28 16:00:00
2026-04-27 20:00:00,2026-04-27 16:00:00,RFC,WEST,AEP,AEPKPT,627.789,True,16,0,4,0,-0.8660254037844384,-0.5000000000000004,0.0,1.0,619.872,547.717,558.139,526.2037083333333,54.69264794282792,615.647,2026-04-28 20:00:00,2026-04-28 16:00:00
2026-04-27 20:00:00,2026-04-27 16:00:00,RFC,WEST,AEP,AEPOPT,8406.185,True,16,0,4,0,-0.8660254037844384,-0.5000000000000004,0.0,1.0,8291.602,7392.095,7683.397,7627.103999999999,498.2988360535714,8344.095,2026-04-28 20:00:00,2026-04-28 16:00:00
2026-04-27 21:00:00,2026-04-27 17:00:00,RFC,WEST,AEP,AEPAPT,4043.141,True,17,0,4,0,-0.9659258262890683,-0.25881904510252063,0.0,1.0,3959.627,3577.971,3753.512,3524.5969583333335,305.4102310171565,3985.746,2026-04-28 21:00:00,2026-04-28 17:00:00
2026-04-27 21:00:00,2026-04-27 17:00:00,RFC,WEST,AEP,AEPIMP,3365.734,True,17,0,4,0,-0.9659258262890683,-0.25881904510252063,0.0,1.0,3377.129,3021.943,3116.958,3051.104333333333,244.91214132518797,3112.805,2026-04-28 21:00:00,2026-04-28 17:00:00
2026-04-27 21:00:00,2026-04-27 17:00:00,RFC,WEST,AEP,AEPKPT,624.534,True,17,0,4,0,-0.9659258262890683,-0.25881904510252063,0.0,1.0,627.789,558.399,566.907,528.9593333333333,57.954119106084775,622.438,2026-04-28 21:00:00,2026-04-28 17:00:00
2026-04-27 21:00:00,2026-04-27 17:00:00,RFC,WEST,AEP,AEPOPT,8492.344,True,17,0,4,0,-0.9659258262890683,-0.25881904510252063,0.0,1.0,8406.185,7483.019,7821.347,7669.1592083333335,527.3548507288995,8451.797,2026-04-28 21:00:00,2026-04-28 17:00:00
2026-04-27 22:00:00,2026-04-27 18:00:00,RFC,WEST,AEP,AEPAPT,4068.662,True,18,0,4,0,-1.0,-1.8369701987210297e-16,0.0,1.0,4043.141,3622.562,3718.013,3543.184458333333,324.6035808593186,4046.899,2026-04-28 22:00:00,2026-04-28 18:00:00
2026-04-27 22:00:00,2026-04-27 18:00:00,RFC,WEST,AEP,AEPIMP,3275.781,True,18,0,4,0,-1.0,-1.8369701987210297e-16,0.0,1.0,3365.734,2985.615,3184.526,3063.1945833333334,248.67191433849445,3110.304,2026-04-28 22:00:00,2026-04-28 18:00:00
2026-04-27 22:00:00,2026-04-27 18:00:00,RFC,WEST,AEP,AEPKPT,624.189,True,18,0,4,0,-1.0,-1.8369701987210297e-16,0.0,1.0,624.534,557.951,567.264,531.71925,60.897276125455335,617.955,2026-04-28 22:00:00,2026-04-28 18:00:00
2026-04-27 22:00:00,2026-04-27 18:00:00,RFC,WEST,AEP,AEPOPT,8423.462,True,18,0,4,0,-1.0,-1.8369701987210297e-16,0.0,1.0,8492.344,7541.476,7770.491,7705.908625,548.382182516092,8446.409,2026-04-28 22:00:00,2026-04-28 18:00:00
2026-04-27 23:00:00,2026-04-27 19:00:00,RFC,WEST,AEP,AEPAPT,4018.939,True,19,0,4,0,-0.9659258262890684,0.2588190451025203,0.0,1.0,4068.662,3644.792,3671.495,3558.7739166666665,338.38733213131326,4034.926,2026-04-28 23:00:00,2026-04-28 19:00:00
2026-04-27 23:00:00,2026-04-27 19:00:00,RFC,WEST,AEP,AEPIMP,3245.34,True,19,0,4,0,-0.9659258262890684,0.2588190451025203,0.0,1.0,3275.781,2945.487,3180.674,3075.6884583333335,250.0298359844865,3072.876,2026-04-28 23:00:00,2026-04-28 19:00:00
2026-04-27 23:00:00,2026-04-27 19:00:00,RFC,WEST,AEP,AEPKPT,613.069,True,19,0,4,0,-0.9659258262890684,0.2588190451025203,0.0,1.0,624.189,546.327,553.945,534.5001666666666,63.078209230368195,611.853,2026-04-28 23:00:00,2026-04-28 19:00:00
2026-04-27 23:00:00,2026-04-27 19:00:00,RFC,WEST,AEP,AEPOPT,8475.752,True,19,0,4,0,-0.9659258262890684,0.2588190451025203,0.0,1.0,8423.462,7515.618,7715.652,7745.9142083333345,568.5476155213748,8350.703,2026-04-28 23:00:00,2026-04-28 19:00:00
2026-04-28 00:00:00,2026-04-27 20:00:00,RFC,WEST,AEP,AEPAPT,4069.223,True,20,0,4,0,-0.8660254037844386,0.5000000000000001,0.0,1.0,4018.939,3682.247,3645.623,3574.897916666667,353.41260243786496,4049.466,2026-04-29 00:00:00,2026-04-28 20:00:00
2026-04-28 00:00:00,2026-04-27 20:00:00,RFC,WEST,AEP,AEPIMP,3235.135,True,20,0,4,0,-0.8660254037844386,0.5000000000000001,0.0,1.0,3245.34,2993.009,3094.61,3085.7770416666663,251.42962822081128,3122.423,2026-04-29 00:00:00,2026-04-28 20:00:00
2026-04-28 00:00:00,2026-04-27 20:00:00,RFC,WEST,AEP,AEPKPT,599.412,True,20,0,4,0,-0.8660254037844386,0.5000000000000001,0.0,1.0,613.069,551.83,555.183,536.48275,64.38089060816081,610.385,2026-04-29 00:00:00,2026-04-28 20:00:00
2026-04-28 00:00:00,2026-04-27 20:00:00,RFC,WEST,AEP,AEPOPT,8395.88,True,20,0,4,0,-0.8660254037844386,0.5000000000000001,0.0,1.0,8475.752,7698.632,7670.53,7774.966208333332,583.6403921810953,8330.524,2026-04-29 00:00:00,2026-04-28 20:00:00
2026-04-28 01:00:00,2026-04-27 21:00:00,RFC,WEST,AEP,AEPAPT,3942.194,True,21,0,4,0,-0.7071067811865477,0.7071067811865474,0.0,1.0,4069.223,3606.744,3591.303,3588.875,361.2727730825855,3939.652,2026-04-29 01:00:00,2026-04-28 21:00:00
2026-04-28 01:00:00,2026-04-27 21:00:00,RFC,WEST,AEP,AEPIMP,3215.929,True,21,0,4,0,-0.7071067811865477,0.7071067811865474,0.0,1.0,3235.135,3012.154,3120.757,3094.2676666666666,252.27458605320362,3122.756,2026-04-29 01:00:00,2026-04-28 21:00:00
2026-04-28 01:00:00,2026-04-27 21:00:00,RFC,WEST,AEP,AEPKPT,581.449,True,21,0,4,0,-0.7071067811865477,0.7071067811865474,0.0,1.0,599.412,543.544,541.522,538.062125,65.02337871025094,594.539,2026-04-29 01:00:00,2026-04-28 21:00:00
2026-04-28 01:00:00,2026-04-27 21:00:00,RFC,WEST,AEP,AEPOPT,8115.2,True,21,0,4,0,-0.7071067811865477,0.7071067811865474,0.0,1.0,8395.88,7667.333,7483.769,7793.627333333334,587.1984663100214,8191.478,2026-04-29 01:00:00,2026-04-28 21:00:00
2026-04-28 02:00:00,2026-04-27 22:00:00,RFC,WEST,AEP,AEPAPT,3685.372,True,22,0,4,0,-0.5000000000000004,0.8660254037844384,0.0,1.0,3942.194,3408.886,3410.632,3600.39525,359.6885623989582,3668.895,2026-04-29 02:00:00,2026-04-28 22:00:00
2026-04-28 02:00:00,2026-04-27 22:00:00,RFC,WEST,AEP,AEPIMP,3129.385,True,22,0,4,0,-0.5000000000000004,0.8660254037844384,0.0,1.0,3215.929,2898.327,3032.863,3103.895083333333,248.8576270356513,3040.396,2026-04-29 02:00:00,2026-04-28 22:00:00
2026-04-28 02:00:00,2026-04-27 22:00:00,RFC,WEST,AEP,AEPKPT,549.601,True,22,0,4,0,-0.5000000000000004,0.8660254037844384,0.0,1.0,581.449,511.914,515.875,539.6324166666666,64.81919888959123,555.369,2026-04-29 02:00:00,2026-04-28 22:00:00
2026-04-28 02:00:00,2026-04-27 22:00:00,RFC,WEST,AEP,AEPOPT,7838.799,True,22,0,4,0,-0.5000000000000004,0.8660254037844384,0.0,1.0,8115.2,7444.667,7153.825,7810.0495,582.5073821918493,7760.769,2026-04-29 02:00:00,2026-04-28 22:00:00
2026-04-28 03:00:00,2026-04-27 23:00:00,RFC,WEST,AEP,AEPAPT,3435.261,True,23,0,4,0,-0.25881904510252157,0.9659258262890681,0.0,1.0,3685.372,3234.069,3238.365,3608.77825,353.06315672993634,3416.449,2026-04-29 03:00:00,2026-04-28 23:00:00
2026-04-28 03:00:00,2026-04-27 23:00:00,RFC,WEST,AEP,AEPIMP,3019.923,True,23,0,4,0,-0.25881904510252157,0.9659258262890681,0.0,1.0,3129.385,2777.757,2875.011,3113.9853333333335,239.8037668935069,2871.619,2026-04-29 03:00:00,2026-04-28 23:00:00
2026-04-28 03:00:00,2026-04-27 23:00:00,RFC,WEST,AEP,AEPKPT,519.051,True,23,0,4,0,-0.25881904510252157,0.9659258262890681,0.0,1.0,549.601,477.106,494.106,541.380125,63.61428976486359,518.098,2026-04-29 03:00:00,2026-04-28 23:00:00
2026-04-28 03:00:00,2026-04-27 23:00:00,RFC,WEST,AEP,AEPOPT,7527.61,True,23,0,4,0,-0.25881904510252157,0.9659258262890681,0.0,1.0,7838.799,7138.964,6888.928,7826.243083333332,568.2683195289487,7419.437,2026-04-29 03:00:00,2026-04-28 23:00:00
2026-04-28 04:00:00,2026-04-28 00:00:00,RFC,WEST,AEP,AEPAPT,3299.995,True,0,1,4,0,0.0,1.0,0.7818314824680298,0.6234898018587336,3435.261,3092.715,3068.811,3617.4149166666666,342.2602772576939,3233.34,2026-04-29 04:00:00,2026-04-29 00:00:00
2026-04-28 04:00:00,2026-04-28 00:00:00,RFC,WEST,AEP,AEPIMP,2915.413,True,0,1,4,0,0.0,1.0,0.7818314824680298,0.6234898018587336,3019.923,2720.818,2800.204,3122.0934583333333,228.97760391298957,2809.488,2026-04-29 04:00:00,2026-04-29 00:00:00
2026-04-28 04:00:00,2026-04-28 00:00:00,RFC,WEST,AEP,AEPKPT,499.212,True,0,1,4,0,0.0,1.0,0.7818314824680298,0.6234898018587336,519.051,454.888,468.367,543.2269583333333,61.605792666287954,491.41,2026-04-29 04:00:00,2026-04-29 00:00:00
2026-04-28 04:00:00,2026-04-28 00:00:00,RFC,WEST,AEP,AEPOPT,7316.328,True,0,1,4,0,0.0,1.0,0.7818314824680298,0.6234898018587336,7527.61,6966.099,6732.541,7840.835958333333,549.4035900171166,7113.221,2026-04-29 04:00:00,2026-04-29 00:00:00
2026-04-28 05:00:00,2026-04-28 01:00:00,RFC,WEST,AEP,AEPAPT,3212.193,True,1,1,4,0,0.25881904510252074,0.9659258262890683,0.7818314824680298,0.6234898018587336,3299.995,2999.121,2978.57,3626.2929166666668,327.99085492817255,3139.157,2026-04-29 05:00:00,2026-04-29 01:00:00
2026-04-28 05:00:00,2026-04-28 01:00:00,RFC,WEST,AEP,AEPIMP,2824.266,True,1,1,4,0,0.25881904510252074,0.9659258262890683,0.7818314824680298,0.6234898018587336,2915.413,2683.679,2728.03,3127.9512499999996,218.84852012099338,2745.067,2026-04-29 05:00:00,2026-04-29 01:00:00
2026-04-28 05:00:00,2026-04-28 01:00:00,RFC,WEST,AEP,AEPKPT,465.454,True,1,1,4,0,0.25881904510252074,0.9659258262890683,0.7818314824680298,0.6234898018587336,499.212,446.758,454.451,544.0059583333333,60.44009028456922,473.483,2026-04-29 05:00:00,2026-04-29 01:00:00
2026-04-28 05:00:00,2026-04-28 01:00:00,RFC,WEST,AEP,AEPOPT,7113.12,True,1,1,4,0,0.25881904510252074,0.9659258262890683,0.7818314824680298,0.6234898018587336,7316.328,6902.187,6614.014,7849.624833333332,535.2396372657029,6957.458,2026-04-29 05:00:00,2026-04-29 01:00:00
2026-04-28 06:00:00,2026-04-28 02:00:00,RFC,WEST,AEP,AEPAPT,3111.165,True,2,1,4,0,0.49999999999999994,0.8660254037844387,0.7818314824680298,0.6234898018587336,3212.193,2998.314,2931.483,3630.9950416666666,319.2901523776533,3074.365,2026-04-29 06:00:00,2026-04-29 02:00:00
2026-04-28 06:00:00,2026-04-28 02:00:00,RFC,WEST,AEP,AEPIMP,2783.018,True,2,1,4,0,0.49999999999999994,0.8660254037844387,0.7818314824680298,0.6234898018587336,2824.266,2649.615,2697.265,3133.5097083333335,207.57496114132115,2761.71,2026-04-29 06:00:00,2026-04-29 02:00:00
2026-04-28 06:00:00,2026-04-28 02:00:00,RFC,WEST,AEP,AEPKPT,446.237,True,2,1,4,0,0.49999999999999994,0.8660254037844387,0.7818314824680298,0.6234898018587336,465.454,442.391,443.699,544.1662083333333,60.163421267468486,459.47,2026-04-29 06:00:00,2026-04-29 02:00:00
2026-04-28 06:00:00,2026-04-28 02:00:00,RFC,WEST,AEP,AEPOPT,6995.959,True,2,1,4,0,0.49999999999999994,0.8660254037844387,0.7818314824680298,0.6234898018587336,7113.12,6863.311,6469.303,7855.151833333333,525.20269485001,6818.113,2026-04-29 06:00:00,2026-04-29 02:00:00
2026-04-28 07:00:00,2026-04-28 03:00:00,RFC,WEST,AEP,AEPAPT,3111.474,True,3,1,4,0,0.7071067811865475,0.7071067811865476,0.7818314824680298,0.6234898018587336,3111.165,3017.286,2892.871,3634.9195416666666,311.9124958415168,3072.302,2026-04-29 07:00:00,2026-04-29 03:00:00
2026-04-28 07:00:00,2026-04-28 03:00:00,RFC,WEST,AEP,AEPIMP,2772.842,True,3,1,4,0,0.7071067811865475,0.7071067811865476,0.7818314824680298,0.6234898018587336,2783.018,2720.143,2724.591,3135.7055,203.24570989492588,2732.033,2026-04-29 07:00:00,2026-04-29 03:00:00
2026-04-28 07:00:00,2026-04-28 03:00:00,RFC,WEST,AEP,AEPKPT,452.056,True,3,1,4,0,0.7071067811865475,0.7071067811865476,0.7818314824680298,0.6234898018587336,446.237,441.003,437.1,544.62675,59.37654693874983,462.716,2026-04-29 07:00:00,2026-04-29 03:00:00
2026-04-28 07:00:00,2026-04-28 03:00:00,RFC,WEST,AEP,AEPOPT,6963.752,True,3,1,4,0,0.7071067811865475,0.7071067811865476,0.7818314824680298,0.6234898018587336,6995.959,6798.332,6449.737,7862.044333333334,511.6408544629122,6791.219,2026-04-29 07:00:00,2026-04-29 03:00:00
2026-04-28 08:00:00,2026-04-28 04:00:00,RFC,WEST,AEP,AEPAPT,3178.984,True,4,1,4,0,0.8660254037844386,0.5000000000000001,0.7818314824680298,0.6234898018587336,3111.474,3107.759,2898.475,3637.8872499999998,306.97853790342606,3116.87,2026-04-29 08:00:00,2026-04-29 04:00:00
2026-04-28 08:00:00,2026-04-28 04:00:00,RFC,WEST,AEP,AEPIMP,2773.269,True,4,1,4,0,0.8660254037844386,0.5000000000000001,0.7818314824680298,0.6234898018587336,2772.842,2758.303,2716.089,3136.3290833333335,202.0569296191544,2843.612,2026-04-29 08:00:00,2026-04-29 04:00:00
2026-04-28 08:00:00,2026-04-28 04:00:00,RFC,WEST,AEP,AEPKPT,452.756,True,4,1,4,0,0.8660254037844386,0.5000000000000001,0.7818314824680298,0.6234898018587336,452.056,448.657,435.518,544.7975416666667,59.09371747007433,465.163,2026-04-29 08:00:00,2026-04-29 04:00:00
2026-04-28 08:00:00,2026-04-28 04:00:00,RFC,WEST,AEP,AEPOPT,6995.421,True,4,1,4,0,0.8660254037844386,0.5000000000000001,0.7818314824680298,0.6234898018587336,6963.752,6986.848,6468.879,7862.401541666667,511.0058575614254,6870.869,2026-04-29 08:00:00,2026-04-29 04:00:00
2026-04-28 09:00:00,2026-04-28 05:00:00,RFC,WEST,AEP,AEPAPT,3343.619,True,5,1,4,0,0.9659258262890683,0.25881904510252074,0.7818314824680298,0.6234898018587336,3178.984,3304.558,2934.66,3639.514791666667,305.23303738177106,3266.334,2026-04-29 09:00:00,2026-04-29 05:00:00
2026-04-28 09:00:00,2026-04-28 05:00:00,RFC,WEST,AEP,AEPIMP,2972.195,True,5,1,4,0,0.9659258262890683,0.25881904510252074,0.7818314824680298,0.6234898018587336,2773.269,2919.675,2732.549,3138.517416666667,199.88117543917443,2888.441,2026-04-29 09:00:00,2026-04-29 05:00:00
2026-04-28 09:00:00,2026-04-28 05:00:00,RFC,WEST,AEP,AEPKPT,457.406,True,5,1,4,0,0.9659258262890683,0.25881904510252074,0.7818314824680298,0.6234898018587336,452.756,473.217,439.262,544.13875,60.00747876451658,474.039,2026-04-29 09:00:00,2026-04-29 05:00:00
2026-04-28 09:00:00,2026-04-28 05:00:00,RFC,WEST,AEP,AEPOPT,7146.622,True,5,1,4,0,0.9659258262890683,0.25881904510252074,0.7818314824680298,0.6234898018587336,6995.421,7254.859,6465.089,7857.891666666666,517.0428022657728,7117.813,2026-04-29 09:00:00,2026-04-29 05:00:00
2026-04-28 10:00:00,2026-04-28 06:00:00,RFC,WEST,AEP,AEPAPT,3627.889,True,6,1,4,0,1.0,6.123233995736766e-17,0.7818314824680298,0.6234898018587336,3343.619,3603.964,2988.372,3640.5116666666668,305.1509400938231,3502.298,2026-04-29 10:00:00,2026-04-29 06:00:00
2026-04-28 10:00:00,2026-04-28 06:00:00,RFC,WEST,AEP,AEPIMP,3168.873,True,6,1,4,0,1.0,6.123233995736766e-17,0.7818314824680298,0.6234898018587336,2972.195,3081.846,2803.296,3142.1435416666664,199.59757121201176,3079.847,2026-04-29 10:00:00,2026-04-29 06:00:00
2026-04-28 10:00:00,2026-04-28 06:00:00,RFC,WEST,AEP,AEPKPT,496.416,True,6,1,4,0,1.0,6.123233995736766e-17,0.7818314824680298,0.6234898018587336,457.406,515.098,443.813,543.3603333333334,60.519560619160345,514.05,2026-04-29 10:00:00,2026-04-29 06:00:00
2026-04-28 10:00:00,2026-04-28 06:00:00,RFC,WEST,AEP,AEPOPT,7598.624,True,6,1,4,0,1.0,6.123233995736766e-17,0.7818314824680298,0.6234898018587336,7146.622,7665.55,6657.188,7855.1030833333325,518.3042057533012,7498.106,2026-04-29 10:00:00,2026-04-29 06:00:00
2026-04-28 11:00:00,2026-04-28 07:00:00,RFC,WEST,AEP,AEPAPT,3767.383,True,7,1,4,0,0.9659258262890683,-0.25881904510252063,0.7818314824680298,0.6234898018587336,3627.889,3741.439,3082.358,3641.592666666667,305.5696872534055,3623.49,2026-04-29 11:00:00,2026-04-29 07:00:00
2026-04-28 11:00:00,2026-04-28 07:00:00,RFC,WEST,AEP,AEPIMP,3269.054,True,7,1,4,0,0.9659258262890683,-0.25881904510252063,0.7818314824680298,0.6234898018587336,3168.873,3139.502,2816.9,3147.541541666667,201.26786660868746,3224.461,2026-04-29 11:00:00,2026-04-29 07:00:00
2026-04-28 11:00:00,2026-04-28 07:00:00,RFC,WEST,AEP,AEPKPT,517.506,True,7,1,4,0,0.9659258262890683,-0.25881904510252063,0.7818314824680298,0.6234898018587336,496.416,531.572,451.031,542.77425,60.70650488191731,536.4,2026-04-29 11:00:00,2026-04-29 07:00:00
2026-04-28 11:00:00,2026-04-28 07:00:00,RFC,WEST,AEP,AEPOPT,7822.035,True,7,1,4,0,0.9659258262890683,-0.25881904510252063,0.7818314824680298,0.6234898018587336,7598.624,7885.737,6799.941,7852.448833333333,518.3036177254387,7713.286,2026-04-29 11:00:00,2026-04-29 07:00:00
2026-04-28 12:00:00,2026-04-28 08:00:00,RFC,WEST,AEP,AEPAPT,3792.281,True,8,1,4,0,0.8660254037844387,-0.4999999999999998,0.7818314824680298,0.6234898018587336,3767.383,3719.667,3216.618,3644.61825,306.73362251992324,3653.427,2026-04-29 12:00:00,2026-04-29 08:00:00
2026-04-28 12:00:00,2026-04-28 08:00:00,RFC,WEST,AEP,AEPIMP,3285.75,True,8,1,4,0,0.8660254037844387,-0.4999999999999998,0.7818314824680298,0.6234898018587336,3269.054,3190.661,2954.686,3151.503583333333,203.0813596502173,3355.36,2026-04-29 12:00:00,2026-04-29 08:00:00
2026-04-28 12:00:00,2026-04-28 08:00:00,RFC,WEST,AEP,AEPKPT,520.135,True,8,1,4,0,0.8660254037844387,-0.4999999999999998,0.7818314824680298,0.6234898018587336,517.506,535.149,469.613,542.1486666666667,60.86565126833712,542.42,2026-04-29 12:00:00,2026-04-29 08:00:00
2026-04-28 12:00:00,2026-04-28 08:00:00,RFC,WEST,AEP,AEPOPT,7826.284,True,8,1,4,0,0.8660254037844387,-0.4999999999999998,0.7818314824680298,0.6234898018587336,7822.035,7987.41,7012.925,7845.735250000001,517.522403319078,7807.142,2026-04-29 12:00:00,2026-04-29 08:00:00
2026-04-28 13:00:00,2026-04-28 09:00:00,RFC,WEST,AEP,AEPAPT,3791.205,True,9,1,4,0,0.7071067811865476,-0.7071067811865475,0.7818314824680298,0.6234898018587336,3792.281,3661.594,3297.329,3650.0187083333335,308.18306174845094,3708.565,2026-04-29 13:00:00,2026-04-29 09:00:00
2026-04-28 13:00:00,2026-04-28 09:00:00,RFC,WEST,AEP,AEPIMP,3338.623,True,9,1,4,0,0.7071067811865476,-0.7071067811865475,0.7818314824680298,0.6234898018587336,3285.75,3224.56,3041.706,3156.2562083333337,206.1764995329178,3294.294,2026-04-29 13:00:00,2026-04-29 09:00:00
2026-04-28 13:00:00,2026-04-28 09:00:00,RFC,WEST,AEP,AEPKPT,531.784,True,9,1,4,0,0.7071067811865476,-0.7071067811865475,0.7818314824680298,0.6234898018587336,520.135,536.358,490.071,541.9580833333333,60.89172691926327,553.524,2026-04-29 13:00:00,2026-04-29 09:00:00
2026-04-28 13:00:00,2026-04-28 09:00:00,RFC,WEST,AEP,AEPOPT,7978.342,True,9,1,4,0,0.7071067811865476,-0.7071067811865475,0.7818314824680298,0.6234898018587336,7826.284,7939.485,7217.785,7847.3542916666665,517.8890974100708,7951.617,2026-04-29 13:00:00,2026-04-29 09:00:00
2026-04-28 14:00:00,2026-04-28 10:00:00,RFC,WEST,AEP,AEPAPT,3830.817,True,10,1,4,0,0.49999999999999994,-0.8660254037844387,0.7818314824680298,0.6234898018587336,3791.205,3613.044,3302.408,3659.092583333333,310.2461321520324,3753.109,2026-04-29 14:00:00,2026-04-29 10:00:00
2026-04-28 14:00:00,2026-04-28 10:00:00,RFC,WEST,AEP,AEPIMP,3308.865,True,10,1,4,0,0.49999999999999994,-0.8660254037844387,0.7818314824680298,0.6234898018587336,3338.623,3248.107,3033.077,3158.787791666666,207.7205781495365,3399.046,2026-04-29 14:00:00,2026-04-29 10:00:00
2026-04-28 14:00:00,2026-04-28 10:00:00,RFC,WEST,AEP,AEPKPT,537.924,True,10,1,4,0,0.49999999999999994,-0.8660254037844387,0.7818314824680298,0.6234898018587336,531.784,536.465,490.438,542.018875,60.886732521606014,557.638,2026-04-29 14:00:00,2026-04-29 10:00:00
2026-04-28 14:00:00,2026-04-28 10:00:00,RFC,WEST,AEP,AEPOPT,8041.927,True,10,1,4,0,0.49999999999999994,-0.8660254037844387,0.7818314824680298,0.6234898018587336,7978.342,8065.254,7292.051,7846.382333333334,517.4841009545664,8071.047,2026-04-29 14:00:00,2026-04-29 10:00:00
2026-04-28 15:00:00,2026-04-28 11:00:00,RFC,WEST,AEP,AEPAPT,3850.969,True,11,1,4,0,0.258819045102521,-0.9659258262890682,0.7818314824680298,0.6234898018587336,3830.817,3608.408,3297.54,3669.1992916666663,312.46616351471755,3797.379,2026-04-29 15:00:00,2026-04-29 11:00:00
2026-04-28 15:00:00,2026-04-28 11:00:00,RFC,WEST,AEP,AEPIMP,3273.339,True,11,1,4,0,0.258819045102521,-0.9659258262890682,0.7818314824680298,0.6234898018587336,3308.865,3285.147,3072.409,3158.295791666667,207.42204483904908,3363.244,2026-04-29 15:00:00,2026-04-29 11:00:00
2026-04-28 15:00:00,2026-04-28 11:00:00,RFC,WEST,AEP,AEPKPT,552.077,True,11,1,4,0,0.258819045102521,-0.9659258262890682,0.7818314824680298,0.6234898018587336,537.924,542.747,489.349,542.4076249999999,60.92135886235514,571.969,2026-04-29 15:00:00,2026-04-29 11:00:00
2026-04-28 15:00:00,2026-04-28 11:00:00,RFC,WEST,AEP,AEPOPT,8082.907,True,11,1,4,0,0.258819045102521,-0.9659258262890682,0.7818314824680298,0.6234898018587336,8041.927,8020.131,7405.789,7848.9980000000005,518.5580507824621,8133.621,2026-04-29 15:00:00,2026-04-29 11:00:00
2026-04-28 16:00:00,2026-04-28 12:00:00,RFC,WEST,AEP,AEPAPT,3861.671,True,12,1,4,0,1.2246467991473532e-16,-1.0,0.7818314824680298,0.6234898018587336,3850.969,3638.255,3343.846,3678.5082916666665,314.8233049377922,3796.402,2026-04-29 16:00:00,2026-04-29 12:00:00
2026-04-28 16:00:00,2026-04-28 12:00:00,RFC,WEST,AEP,AEPIMP,3316.677,True,12,1,4,0,1.2246467991473532e-16,-1.0,0.7818314824680298,0.6234898018587336,3273.339,3243.937,3062.37,3161.3266249999997,209.25120492422857,3331.987,2026-04-29 16:00:00,2026-04-29 12:00:00
2026-04-28 16:00:00,2026-04-28 12:00:00,RFC,WEST,AEP,AEPKPT,565.48,True,12,1,4,0,1.2246467991473532e-16,-1.0,0.7818314824680298,0.6234898018587336,552.077,555.648,505.474,542.8172916666666,61.04719283684589,576.419,2026-04-29 16:00:00,2026-04-29 12:00:00
2026-04-28 16:00:00,2026-04-28 12:00:00,RFC,WEST,AEP,AEPOPT,8118.085,True,12,1,4,0,1.2246467991473532e-16,-1.0,0.7818314824680298,0.6234898018587336,8082.907,8092.528,7406.271,7850.062875,519.1058422015385,8174.132,2026-04-29 16:00:00,2026-04-29 12:00:00
2026-04-28 17:00:00,2026-04-28 13:00:00,RFC,WEST,AEP,AEPAPT,3857.988,True,13,1,4,0,-0.2588190451025208,-0.9659258262890683,0.7818314824680298,0.6234898018587336,3861.671,3697.138,3376.901,3685.210375,316.94213408221987,3808.42,2026-04-29 17:00:00,2026-04-29 13:00:00
2026-04-28 17:00:00,2026-04-28 13:00:00,RFC,WEST,AEP,AEPIMP,3297.342,True,13,1,4,0,-0.2588190451025208,-0.9659258262890683,0.7818314824680298,0.6234898018587336,3316.677,3267.479,3025.171,3162.570916666667,209.9973325677136,3285.227,2026-04-29 17:00:00,2026-04-29 13:00:00
2026-04-28 17:00:00,2026-04-28 13:00:00,RFC,WEST,AEP,AEPKPT,576.363,True,13,1,4,0,-0.2588190451025208,-0.9659258262890683,0.7818314824680298,0.6234898018587336,565.48,577.52,510.808,542.7690833333332,61.01904732196087,579.253,2026-04-29 17:00:00,2026-04-29 13:00:00
2026-04-28 17:00:00,2026-04-28 13:00:00,RFC,WEST,AEP,AEPOPT,8168.08,True,13,1,4,0,-0.2588190451025208,-0.9659258262890683,0.7818314824680298,0.6234898018587336,8118.085,8162.243,7327.747,7850.306083333333,519.2598066361589,8194.952,2026-04-29 17:00:00,2026-04-29 13:00:00
2026-04-28 18:00:00,2026-04-28 14:00:00,RFC,WEST,AEP,AEPAPT,3836.878,True,14,1,4,0,-0.4999999999999997,-0.8660254037844388,0.7818314824680298,0.6234898018587336,3857.988,3751.391,3346.426,3688.772333333333,318.19613642458904,3828.553,2026-04-29 18:00:00,2026-04-29 14:00:00
2026-04-28 18:00:00,2026-04-28 14:00:00,RFC,WEST,AEP,AEPIMP,3247.498,True,14,1,4,0,-0.4999999999999997,-0.8660254037844388,0.7818314824680298,0.6234898018587336,3297.342,3359.743,2993.875,3157.8940416666665,206.63821103465784,3264.571,2026-04-29 18:00:00,2026-04-29 14:00:00
2026-04-28 18:00:00,2026-04-28 14:00:00,RFC,WEST,AEP,AEPKPT,586.552,True,14,1,4,0,-0.4999999999999997,-0.8660254037844388,0.7818314824680298,0.6234898018587336,576.363,596.686,524.339,542.3468333333334,60.66375106212543,584.234,2026-04-29 18:00:00,2026-04-29 14:00:00
2026-04-28 18:00:00,2026-04-28 14:00:00,RFC,WEST,AEP,AEPOPT,8227.252,True,14,1,4,0,-0.4999999999999997,-0.8660254037844388,0.7818314824680298,0.6234898018587336,8168.08,8273.026,7368.421,7848.398833333333,517.7214279397496,8196.534,2026-04-29 18:00:00,2026-04-29 14:00:00
2026-04-28 19:00:00,2026-04-28 15:00:00,RFC,WEST,AEP,AEPAPT,3827.554,True,15,1,4,0,-0.7071067811865471,-0.7071067811865479,0.7818314824680298,0.6234898018587336,3836.878,3833.606,3361.064,3688.5201666666667,318.07874348475417,3828.628,2026-04-29 19:00:00,2026-04-29 15:00:00
2026-04-28 19:00:00,2026-04-28 15:00:00,RFC,WEST,AEP,AEPIMP,3184.728,True,15,1,4,0,-0.7071067811865471,-0.7071067811865479,0.7818314824680298,0.6234898018587336,3247.498,3378.077,2940.267,3149.837833333333,201.3829277256619,3223.134,2026-04-29 19:00:00,2026-04-29 15:00:00
2026-04-28 19:00:00,2026-04-28 15:00:00,RFC,WEST,AEP,AEPKPT,592.871,True,15,1,4,0,-0.7071067811865471,-0.7071067811865479,0.7818314824680298,0.6234898018587336,586.552,619.872,533.176,541.2217916666667,59.40072047504723,586.158,2026-04-29 19:00:00,2026-04-29 15:00:00
2026-04-28 19:00:00,2026-04-28 15:00:00,RFC,WEST,AEP,AEPOPT,8285.945,True,15,1,4,0,-0.7071067811865471,-0.7071067811865479,0.7818314824680298,0.6234898018587336,8227.252,8291.602,7282.212,7848.163125,517.5121186324246,8111.423,2026-04-29 19:00:00,2026-04-29 15:00:00
2026-04-28 20:00:00,2026-04-28 16:00:00,RFC,WEST,AEP,AEPAPT,3904.5,True,16,1,4,0,-0.8660254037844384,-0.5000000000000004,0.7818314824680298,0.6234898018587336,3827.554,3959.627,3461.375,3686.2232083333333,316.2295362832363,3884.761,2026-04-29 20:00:00,2026-04-29 16:00:00
2026-04-28 20:00:00,2026-04-28 16:00:00,RFC,WEST,AEP,AEPIMP,3092.376,True,16,1,4,0,-0.8660254037844384,-0.5000000000000004,0.7818314824680298,0.6234898018587336,3184.728,3377.129,2956.884,3137.973125,195.71818680667744,3246.187,2026-04-29 20:00:00,2026-04-29 16:00:00
2026-04-28 20:00:00,2026-04-28 16:00:00,RFC,WEST,AEP,AEPKPT,615.647,True,16,1,4,0,-0.8660254037844384,-0.5000000000000004,0.7818314824680298,0.6234898018587336,592.871,627.789,547.717,540.715875,58.678688774443714,584.894,2026-04-29 20:00:00,2026-04-29 16:00:00
2026-04-28 20:00:00,2026-04-28 16:00:00,RFC,WEST,AEP,AEPOPT,8344.095,True,16,1,4,0,-0.8660254037844384,-0.5000000000000004,0.7818314824680298,0.6234898018587336,8285.945,8406.185,7392.095,7845.576041666667,514.749057354164,7983.527,2026-04-29 20:00:00,2026-04-29 16:00:00
2026-04-28 21:00:00,2026-04-28 17:00:00,RFC,WEST,AEP,AEPAPT,3985.746,True,17,1,4,0,-0.9659258262890683,-0.25881904510252063,0.7818314824680298,0.6234898018587336,3904.5,4043.141,3577.971,3683.83175,313.61927113179536,3927.535,2026-04-29 21:00:00,2026-04-29 17:00:00
2026-04-28 21:00:00,2026-04-28 17:00:00,RFC,WEST,AEP,AEPIMP,3112.805,True,17,1,4,0,-0.9659258262890683,-0.25881904510252063,0.7818314824680298,0.6234898018587336,3092.376,3365.734,3021.943,3127.4344166666665,189.63602118999447,3218.853,2026-04-29 21:00:00,2026-04-29 17:00:00
2026-04-28 21:00:00,2026-04-28 17:00:00,RFC,WEST,AEP,AEPKPT,622.438,True,17,1,4,0,-0.9659258262890683,-0.25881904510252063,0.7818314824680298,0.6234898018587336,615.647,624.534,558.399,540.6285416666667,58.54993426646068,578.756,2026-04-29 21:00:00,2026-04-29 17:00:00
2026-04-28 21:00:00,2026-04-28 17:00:00,RFC,WEST,AEP,AEPOPT,8451.797,True,17,1,4,0,-0.9659258262890683,-0.25881904510252063,0.7818314824680298,0.6234898018587336,8344.095,8492.344,7483.019,7843.886583333333,512.5960428781545,7970.057,2026-04-29 21:00:00,2026-04-29 17:00:00
2026-04-28 22:00:00,2026-04-28 18:00:00,RFC,WEST,AEP,AEPAPT,4046.899,True,18,1,4,0,-1.0,-1.8369701987210297e-16,0.7818314824680298,0.6234898018587336,3985.746,4068.662,3622.562,3682.9249583333335,312.48762468581094,3911.371,2026-04-29 22:00:00,2026-04-29 18:00:00
2026-04-28 22:00:00,2026-04-28 18:00:00,RFC,WEST,AEP,AEPIMP,3110.304,True,18,1,4,0,-1.0,-1.8369701987210297e-16,0.7818314824680298,0.6234898018587336,3112.805,3275.781,2985.615,3120.5395416666665,186.9977529988088,3171.18,2026-04-29 22:00:00,2026-04-29 18:00:00
2026-04-28 22:00:00,2026-04-28 18:00:00,RFC,WEST,AEP,AEPKPT,617.955,True,18,1,4,0,-1.0,-1.8369701987210297e-16,0.7818314824680298,0.6234898018587336,622.438,624.189,557.951,540.3687916666667,58.17574279339619,573.288,2026-04-29 22:00:00,2026-04-29 18:00:00
2026-04-28 22:00:00,2026-04-28 18:00:00,RFC,WEST,AEP,AEPOPT,8446.409,True,18,1,4,0,-1.0,-1.8369701987210297e-16,0.7818314824680298,0.6234898018587336,8451.797,8423.462,7541.476,7844.842708333334,513.7442195503014,8012.22,2026-04-29 22:00:00,2026-04-29 18:00:00
2026-04-28 23:00:00,2026-04-28 19:00:00,RFC,WEST,AEP,AEPAPT,4034.926,True,19,1,4,0,-0.9659258262890684,0.2588190451025203,0.7818314824680298,0.6234898018587336,4046.899,4018.939,3644.792,3683.5910833333332,313.2511498419384,3904.836,2026-04-29 23:00:00,2026-04-29 19:00:00
2026-04-28 23:00:00,2026-04-28 19:00:00,RFC,WEST,AEP,AEPIMP,3072.876,True,19,1,4,0,-0.9659258262890684,0.2588190451025203,0.7818314824680298,0.6234898018587336,3110.304,3245.34,2945.487,3113.353541666667,185.29940565284906,3205.327,2026-04-29 23:00:00,2026-04-29 19:00:00
2026-04-28 23:00:00,2026-04-28 19:00:00,RFC,WEST,AEP,AEPKPT,611.853,True,19,1,4,0,-0.9659258262890684,0.2588190451025203,0.7818314824680298,0.6234898018587336,617.955,613.069,546.327,540.318125,58.11016609353704,561.453,2026-04-29 23:00:00,2026-04-29 19:00:00
2026-04-28 23:00:00,2026-04-28 19:00:00,RFC,WEST,AEP,AEPOPT,8350.703,True,19,1,4,0,-0.9659258262890684,0.2588190451025203,0.7818314824680298,0.6234898018587336,8446.409,8475.752,7515.618,7839.632333333332,507.66551723599946,7910.896,2026-04-29 23:00:00,2026-04-29 19:00:00
2026-04-29 00:00:00,2026-04-28 20:00:00,RFC,WEST,AEP,AEPAPT,4049.466,True,20,1,4,0,-0.8660254037844386,0.5000000000000001,0.7818314824680298,0.6234898018587336,4034.926,4069.223,3682.247,3682.7678749999995,312.217922886411,3908.419,2026-04-30 00:00:00,2026-04-29 20:00:00
2026-04-29 00:00:00,2026-04-28 20:00:00,RFC,WEST,AEP,AEPIMP,3122.423,True,20,1,4,0,-0.8660254037844386,0.5000000000000001,0.7818314824680298,0.6234898018587336,3072.876,3235.135,2993.009,3108.6572083333335,183.4982765314016,3226.33,2026-04-30 00:00:00,2026-04-29 20:00:00
2026-04-29 00:00:00,2026-04-28 20:00:00,RFC,WEST,AEP,AEPKPT,610.385,True,20,1,4,0,-0.8660254037844386,0.5000000000000001,0.7818314824680298,0.6234898018587336,611.853,599.412,551.83,540.7753333333334,58.636116723447685,565.546,2026-04-30 00:00:00,2026-04-29 20:00:00
2026-04-29 00:00:00,2026-04-28 20:00:00,RFC,WEST,AEP,AEPOPT,8330.524,True,20,1,4,0,-0.8660254037844386,0.5000000000000001,0.7818314824680298,0.6234898018587336,8350.703,8395.88,7698.632,7836.909166666667,504.7187579508526,7965.172,2026-04-30 00:00:00,2026-04-29 20:00:00
2026-04-29 01:00:00,2026-04-28 21:00:00,RFC,WEST,AEP,AEPAPT,3939.652,True,21,1,4,0,-0.7071067811865477,0.7071067811865474,0.7818314824680298,0.6234898018587336,4049.466,3942.194,3606.744,3682.6619583333336,312.12650665819746,3815.392,2026-04-30 01:00:00,2026-04-29 21:00:00
2026-04-29 01:00:00,2026-04-28 21:00:00,RFC,WEST,AEP,AEPIMP,3122.756,True,21,1,4,0,-0.7071067811865477,0.7071067811865474,0.7818314824680298,0.6234898018587336,3122.423,3215.929,3012.154,3104.775,182.11045667658138,3185.781,2026-04-30 01:00:00,2026-04-29 21:00:00
2026-04-29 01:00:00,2026-04-28 21:00:00,RFC,WEST,AEP,AEPKPT,594.539,True,21,1,4,0,-0.7071067811865477,0.7071067811865474,0.7818314824680298,0.6234898018587336,610.385,581.449,543.544,541.32075,59.090023961417174,558.393,2026-04-30 01:00:00,2026-04-29 21:00:00
2026-04-29 01:00:00,2026-04-28 21:00:00,RFC,WEST,AEP,AEPOPT,8191.478,True,21,1,4,0,-0.7071067811865477,0.7071067811865474,0.7818314824680298,0.6234898018587336,8330.524,8115.2,7667.333,7840.087416666666,506.7833087026911,7891.139,2026-04-30 01:00:00,2026-04-29 21:00:00
2026-04-29 02:00:00,2026-04-28 22:00:00,RFC,WEST,AEP,AEPAPT,3668.895,True,22,1,4,0,-0.5000000000000004,0.8660254037844384,0.7818314824680298,0.6234898018587336,3939.652,3685.372,3408.886,3681.9754166666667,312.13840744952006,3603.831,2026-04-30 02:00:00,2026-04-29 22:00:00
2026-04-29 02:00:00,2026-04-28 22:00:00,RFC,WEST,AEP,AEPIMP,3040.396,True,22,1,4,0,-0.5000000000000004,0.8660254037844384,0.7818314824680298,0.6234898018587336,3122.756,3129.385,2898.327,3101.067125,182.49312880031403,3055.12,2026-04-30 02:00:00,2026-04-29 22:00:00
2026-04-29 02:00:00,2026-04-28 22:00:00,RFC,WEST,AEP,AEPKPT,555.369,True,22,1,4,0,-0.5000000000000004,0.8660254037844384,0.7818314824680298,0.6234898018587336,594.539,549.601,511.914,541.5610833333334,59.136877325564186,532.414,2026-04-30 02:00:00,2026-04-29 22:00:00
2026-04-29 02:00:00,2026-04-28 22:00:00,RFC,WEST,AEP,AEPOPT,7760.769,True,22,1,4,0,-0.5000000000000004,0.8660254037844384,0.7818314824680298,0.6234898018587336,8191.478,7838.799,7444.667,7836.836166666667,507.04216708703916,7570.301,2026-04-30 02:00:00,2026-04-29 22:00:00
2026-04-29 03:00:00,2026-04-28 23:00:00,RFC,WEST,AEP,AEPAPT,3416.449,True,23,1,4,0,-0.25881904510252157,0.9659258262890681,0.7818314824680298,0.6234898018587336,3668.895,3435.261,3234.069,3681.1915833333333,312.80778883621304,3386.369,2026-04-30 03:00:00,2026-04-29 23:00:00
2026-04-29 03:00:00,2026-04-28 23:00:00,RFC,WEST,AEP,AEPIMP,2871.619,True,23,1,4,0,-0.25881904510252157,0.9659258262890681,0.7818314824680298,0.6234898018587336,3040.396,3019.923,2777.757,3094.8877916666665,187.79402691777662,2926.106,2026-04-30 03:00:00,2026-04-29 23:00:00
2026-04-29 03:00:00,2026-04-28 23:00:00,RFC,WEST,AEP,AEPKPT,518.098,True,23,1,4,0,-0.25881904510252157,0.9659258262890681,0.7818314824680298,0.6234898018587336,555.369,519.051,477.106,541.5213749999999,59.152966981203356,501.431,2026-04-30 03:00:00,2026-04-29 23:00:00
2026-04-29 03:00:00,2026-04-28 23:00:00,RFC,WEST,AEP,AEPOPT,7419.437,True,23,1,4,0,-0.25881904510252157,0.9659258262890681,0.7818314824680298,0.6234898018587336,7760.769,7527.61,7138.964,7832.328958333334,510.38025660477564,7266.165,2026-04-30 03:00:00,2026-04-29 23:00:00
2026-04-29 04:00:00,2026-04-29 00:00:00,RFC,WEST,AEP,AEPAPT,3233.34,True,0,2,4,0,0.0,1.0,0.9749279121818236,-0.22252093395631434,3416.449,3299.995,3092.715,3678.4142916666665,316.6121944543063,3215.536,2026-04-30 04:00:00,2026-04-30 00:00:00
2026-04-29 04:00:00,2026-04-29 00:00:00,RFC,WEST,AEP,AEPIMP,2809.488,True,0,2,4,0,0.0,1.0,0.9749279121818236,-0.22252093395631434,2871.619,2915.413,2720.818,3090.4742499999998,193.35775092641745,2845.788,2026-04-30 04:00:00,2026-04-30 00:00:00
2026-04-29 04:00:00,2026-04-29 00:00:00,RFC,WEST,AEP,AEPKPT,491.41,True,0,2,4,0,0.0,1.0,0.9749279121818236,-0.22252093395631434,518.098,499.212,454.888,541.1962916666666,59.416445151796445,479.171,2026-04-30 04:00:00,2026-04-30 00:00:00
2026-04-29 04:00:00,2026-04-29 00:00:00,RFC,WEST,AEP,AEPOPT,7113.221,True,0,2,4,0,0.0,1.0,0.9749279121818236,-0.22252093395631434,7419.437,7316.328,6966.099,7823.866166666667,520.8840545334347,7126.028,2026-04-30 04:00:00,2026-04-30 00:00:00
2026-04-29 05:00:00,2026-04-29 01:00:00,RFC,WEST,AEP,AEPAPT,3139.157,True,1,2,4,0,0.25881904510252074,0.9659258262890683,0.9749279121818236,-0.22252093395631434,3233.34,3212.193,2999.121,3675.3711249999997,321.59989668953904,3119.958,2026-04-30 05:00:00,2026-04-30 01:00:00
2026-04-29 05:00:00,2026-04-29 01:00:00,RFC,WEST,AEP,AEPIMP,2745.067,True,1,2,4,0,0.25881904510252074,0.9659258262890683,0.9749279121818236,-0.22252093395631434,2809.488,2824.266,2683.679,3087.1742916666667,198.70056552083318,2745.73,2026-04-30 05:00:00,2026-04-30 01:00:00
2026-04-29 05:00:00,2026-04-29 01:00:00,RFC,WEST,AEP,AEPKPT,473.483,True,1,2,4,0,0.25881904510252074,0.9659258262890683,0.9749279121818236,-0.22252093395631434,491.41,465.454,446.758,541.5308333333334,58.99253086079886,463.757,2026-04-30 05:00:00,2026-04-30 01:00:00
2026-04-29 05:00:00,2026-04-29 01:00:00,RFC,WEST,AEP,AEPOPT,6957.458,True,1,2,4,0,0.25881904510252074,0.9659258262890683,0.9749279121818236,-0.22252093395631434,7113.221,7113.12,6902.187,7817.380250000001,530.9899674488471,7015.924,2026-04-30 05:00:00,2026-04-30 01:00:00
2026-04-29 06:00:00,2026-04-29 02:00:00,RFC,WEST,AEP,AEPAPT,3074.365,True,2,2,4,0,0.49999999999999994,0.8660254037844387,0.9749279121818236,-0.22252093395631434,3139.157,3111.165,2998.314,3673.837791666667,324.48170952672945,3082.474,2026-04-30 06:00:00,2026-04-30 02:00:00
2026-04-29 06:00:00,2026-04-29 02:00:00,RFC,WEST,AEP,AEPIMP,2761.71,True,2,2,4,0,0.49999999999999994,0.8660254037844387,0.9749279121818236,-0.22252093395631434,2745.067,2783.018,2649.615,3086.2864583333335,200.16092182757384,2752.436,2026-04-30 06:00:00,2026-04-30 02:00:00
2026-04-29 06:00:00,2026-04-29 02:00:00,RFC,WEST,AEP,AEPKPT,459.47,True,2,2,4,0,0.49999999999999994,0.8660254037844387,0.9749279121818236,-0.22252093395631434,473.483,446.237,442.391,542.0822083333334,58.11850688930038,460.165,2026-04-30 06:00:00,2026-04-30 02:00:00
2026-04-29 06:00:00,2026-04-29 02:00:00,RFC,WEST,AEP,AEPOPT,6818.113,True,2,2,4,0,0.49999999999999994,0.8660254037844387,0.9749279121818236,-0.22252093395631434,6957.458,6995.959,6863.311,7809.97,544.0325370252915,6986.623,2026-04-30 06:00:00,2026-04-30 02:00:00
2026-04-29 07:00:00,2026-04-29 03:00:00,RFC,WEST,AEP,AEPAPT,3072.302,True,3,2,4,0,0.7071067811865475,0.7071067811865476,0.9749279121818236,-0.22252093395631434,3074.365,3111.474,3017.286,3672.205625,327.51774429497704,3071.566,2026-04-30 07:00:00,2026-04-30 03:00:00
2026-04-29 07:00:00,2026-04-29 03:00:00,RFC,WEST,AEP,AEPIMP,2732.033,True,3,2,4,0,0.7071067811865475,0.7071067811865476,0.9749279121818236,-0.22252093395631434,2761.71,2772.842,2720.143,3084.5860833333336,203.09130203109333,2794.444,2026-04-30 07:00:00,2026-04-30 03:00:00
2026-04-29 07:00:00,2026-04-29 03:00:00,RFC,WEST,AEP,AEPKPT,462.716,True,3,2,4,0,0.7071067811865475,0.7071067811865476,0.9749279121818236,-0.22252093395631434,459.47,452.056,441.003,542.526375,57.437316082545976,456.937,2026-04-30 07:00:00,2026-04-30 03:00:00
2026-04-29 07:00:00,2026-04-29 03:00:00,RFC,WEST,AEP,AEPOPT,6791.219,True,3,2,4,0,0.7071067811865475,0.7071067811865476,0.9749279121818236,-0.22252093395631434,6818.113,6963.752,6798.332,7802.781125,556.6932887958046,6905.909,2026-04-30 07:00:00,2026-04-30 03:00:00
2026-04-29 08:00:00,2026-04-29 04:00:00,RFC,WEST,AEP,AEPAPT,3116.87,True,4,2,4,0,0.8660254037844386,0.5000000000000001,0.9749279121818236,-0.22252093395631434,3072.302,3178.984,3107.759,3669.6175416666665,331.8020889852172,3097.47,2026-04-30 08:00:00,2026-04-30 04:00:00
2026-04-29 08:00:00,2026-04-29 04:00:00,RFC,WEST,AEP,AEPIMP,2843.612,True,4,2,4,0,0.8660254037844386,0.5000000000000001,0.9749279121818236,-0.22252093395631434,2732.033,2773.269,2758.303,3087.5170416666665,198.86676555322978,2842.446,2026-04-30 08:00:00,2026-04-30 04:00:00
2026-04-29 08:00:00,2026-04-29 04:00:00,RFC,WEST,AEP,AEPKPT,465.163,True,4,2,4,0,0.8660254037844386,0.5000000000000001,0.9749279121818236,-0.22252093395631434,462.716,452.756,448.657,543.0433333333333,56.64458187119321,463.336,2026-04-30 08:00:00,2026-04-30 04:00:00
2026-04-29 08:00:00,2026-04-29 04:00:00,RFC,WEST,AEP,AEPOPT,6870.869,True,4,2,4,0,0.8660254037844386,0.5000000000000001,0.9749279121818236,-0.22252093395631434,6791.219,6995.421,6986.848,7797.591458333333,565.0646005044941,7112.354,2026-04-30 08:00:00,2026-04-30 04:00:00
2026-04-29 09:00:00,2026-04-29 05:00:00,RFC,WEST,AEP,AEPAPT,3266.334,True,5,2,4,0,0.9659258262890683,0.25881904510252074,0.9749279121818236,-0.22252093395631434,3116.87,3343.619,3304.558,3666.397333333333,335.45842066415923,3234.95,2026-04-30 09:00:00,2026-04-30 05:00:00
2026-04-29 09:00:00,2026-04-29 05:00:00,RFC,WEST,AEP,AEPIMP,2888.441,True,5,2,4,0,0.9659258262890683,0.25881904510252074,0.9749279121818236,-0.22252093395631434,2843.612,2972.195,2919.675,3084.0272916666668,201.6932234324192,2967.443,2026-04-30 09:00:00,2026-04-30 05:00:00
2026-04-29 09:00:00,2026-04-29 05:00:00,RFC,WEST,AEP,AEPKPT,474.039,True,5,2,4,0,0.9659258262890683,0.25881904510252074,0.9749279121818236,-0.22252093395631434,465.163,457.406,473.217,543.7363750000001,55.64417890943696,474.918,2026-04-30 09:00:00,2026-04-30 05:00:00
2026-04-29 09:00:00,2026-04-29 05:00:00,RFC,WEST,AEP,AEPOPT,7117.813,True,5,2,4,0,0.9659258262890683,0.25881904510252074,0.9749279121818236,-0.22252093395631434,6870.869,7146.622,7254.859,7796.391083333333,566.5362722269981,7368.158,2026-04-30 09:00:00,2026-04-30 05:00:00
2026-04-29 10:00:00,2026-04-29 06:00:00,RFC,WEST,AEP,AEPAPT,3502.298,True,6,2,4,0,1.0,6.123233995736766e-17,0.9749279121818236,-0.22252093395631434,3266.334,3627.889,3603.964,3661.1643750000003,337.0609919563396,3532.991,2026-04-30 10:00:00,2026-04-30 06:00:00
2026-04-29 10:00:00,2026-04-29 06:00:00,RFC,WEST,AEP,AEPIMP,3079.847,True,6,2,4,0,1.0,6.123233995736766e-17,0.9749279121818236,-0.22252093395631434,2888.441,3168.873,3081.846,3080.317875,200.88197300410883,3192.464,2026-04-30 10:00:00,2026-04-30 06:00:00
2026-04-29 10:00:00,2026-04-29 06:00:00,RFC,WEST,AEP,AEPKPT,514.05,True,6,2,4,0,1.0,6.123233995736766e-17,0.9749279121818236,-0.22252093395631434,474.039,496.416,515.098,544.4711249999999,55.10599401573256,521.93,2026-04-30 10:00:00,2026-04-30 06:00:00
2026-04-29 10:00:00,2026-04-29 06:00:00,RFC,WEST,AEP,AEPOPT,7498.106,True,6,2,4,0,1.0,6.123233995736766e-17,0.9749279121818236,-0.22252093395631434,7117.813,7598.624,7665.55,7792.202833333334,568.4302632230255,7778.01,2026-04-30 10:00:00,2026-04-30 06:00:00
2026-04-29 11:00:00,2026-04-29 07:00:00,RFC,WEST,AEP,AEPAPT,3623.49,True,7,2,4,0,0.9659258262890683,-0.25881904510252063,0.9749279121818236,-0.22252093395631434,3502.298,3767.383,3741.439,3655.168833333333,336.368510948368,3694.184,2026-04-30 11:00:00,2026-04-30 07:00:00
2026-04-29 11:00:00,2026-04-29 07:00:00,RFC,WEST,AEP,AEPIMP,3224.461,True,7,2,4,0,0.9659258262890683,-0.25881904510252063,0.9749279121818236,-0.22252093395631434,3079.847,3269.054,3139.502,3078.459833333334,199.26005541669156,3272.346,2026-04-30 11:00:00,2026-04-30 07:00:00
2026-04-29 11:00:00,2026-04-29 07:00:00,RFC,WEST,AEP,AEPKPT,536.4,True,7,2,4,0,0.9659258262890683,-0.25881904510252063,0.9749279121818236,-0.22252093395631434,514.05,517.506,531.572,545.258375,54.83832920488821,537.819,2026-04-30 11:00:00,2026-04-30 07:00:00
2026-04-29 11:00:00,2026-04-29 07:00:00,RFC,WEST,AEP,AEPOPT,7713.286,True,7,2,4,0,0.9659258262890683,-0.25881904510252063,0.9749279121818236,-0.22252093395631434,7498.106,7822.035,7885.737,7787.671625,568.615531430801,8014.957,2026-04-30 11:00:00,2026-04-30 07:00:00
2026-04-29 12:00:00,2026-04-29 08:00:00,RFC,WEST,AEP,AEPAPT,3653.427,True,8,2,4,0,0.8660254037844387,-0.4999999999999998,0.9749279121818236,-0.22252093395631434,3623.49,3792.281,3719.667,3649.3832499999994,335.0993859693932,3739.111,2026-04-30 12:00:00,2026-04-30 08:00:00
2026-04-29 12:00:00,2026-04-29 08:00:00,RFC,WEST,AEP,AEPIMP,3355.36,True,8,2,4,0,0.8660254037844387,-0.4999999999999998,0.9749279121818236,-0.22252093395631434,3224.461,3285.75,3190.661,3081.36025,202.8822419047043,3271.929,2026-04-30 12:00:00,2026-04-30 08:00:00
2026-04-29 12:00:00,2026-04-29 08:00:00,RFC,WEST,AEP,AEPKPT,542.42,True,8,2,4,0,0.8660254037844387,-0.4999999999999998,0.9749279121818236,-0.22252093395631434,536.4,520.135,535.149,546.1869166666667,54.58250790828481,549.546,2026-04-30 12:00:00,2026-04-30 08:00:00
2026-04-29 12:00:00,2026-04-29 08:00:00,RFC,WEST,AEP,AEPOPT,7807.142,True,8,2,4,0,0.8660254037844387,-0.4999999999999998,0.9749279121818236,-0.22252093395631434,7713.286,7826.284,7987.41,7786.874041666666,568.5724393486831,8215.659,2026-04-30 12:00:00,2026-04-30 08:00:00
2026-04-29 13:00:00,2026-04-29 09:00:00,RFC,WEST,AEP,AEPAPT,3708.565,True,9,2,4,0,0.7071067811865476,-0.7071067811865475,0.9749279121818236,-0.22252093395631434,3653.427,3791.205,3661.594,3645.9399166666662,334.0015151401336,3711.267,2026-04-30 13:00:00,2026-04-30 09:00:00
2026-04-29 13:00:00,2026-04-29 09:00:00,RFC,WEST,AEP,AEPIMP,3294.294,True,9,2,4,0,0.7071067811865476,-0.7071067811865475,0.9749279121818236,-0.22252093395631434,3355.36,3338.623,3224.56,3079.5132083333333,200.6275454328974,3234.071,2026-04-30 13:00:00,2026-04-30 09:00:00
2026-04-29 13:00:00,2026-04-29 09:00:00,RFC,WEST,AEP,AEPKPT,553.524,True,9,2,4,0,0.7071067811865476,-0.7071067811865475,0.9749279121818236,-0.22252093395631434,542.42,531.784,536.358,547.09275,54.5134406507878,552.987,2026-04-30 13:00:00,2026-04-30 09:00:00
2026-04-29 13:00:00,2026-04-29 09:00:00,RFC,WEST,AEP,AEPOPT,7951.617,True,9,2,4,0,0.7071067811865476,-0.7071067811865475,0.9749279121818236,-0.22252093395631434,7807.142,7978.342,7939.485,7785.760499999999,568.2072010298484,8205.15,2026-04-30 13:00:00,2026-04-30 09:00:00
2026-04-29 14:00:00,2026-04-29 10:00:00,RFC,WEST,AEP,AEPAPT,3753.109,True,10,2,4,0,0.49999999999999994,-0.8660254037844387,0.9749279121818236,-0.22252093395631434,3708.565,3830.817,3613.044,3642.702083333333,332.5046812088785,3627.858,2026-04-30 14:00:00,2026-04-30 10:00:00
2026-04-29 14:00:00,2026-04-29 10:00:00,RFC,WEST,AEP,AEPIMP,3399.046,True,10,2,4,0,0.49999999999999994,-0.8660254037844387,0.9749279121818236,-0.22252093395631434,3294.294,3308.865,3248.107,3083.27075,205.88542375421548,3261.671,2026-04-30 14:00:00,2026-04-30 10:00:00
2026-04-29 14:00:00,2026-04-29 10:00:00,RFC,WEST,AEP,AEPKPT,557.638,True,10,2,4,0,0.49999999999999994,-0.8660254037844387,0.9749279121818236,-0.22252093395631434,553.524,537.924,536.465,547.9141666666667,54.51780434322174,557.041,2026-04-30 14:00:00,2026-04-30 10:00:00
2026-04-29 14:00:00,2026-04-29 10:00:00,RFC,WEST,AEP,AEPOPT,8071.047,True,10,2,4,0,0.49999999999999994,-0.8660254037844387,0.9749279121818236,-0.22252093395631434,7951.617,8041.927,8065.254,7786.9738333333335,568.8087672474264,8276.144,2026-04-30 14:00:00,2026-04-30 10:00:00
2026-04-29 15:00:00,2026-04-29 11:00:00,RFC,WEST,AEP,AEPAPT,3797.379,True,11,2,4,0,0.258819045102521,-0.9659258262890682,0.9749279121818236,-0.22252093395631434,3753.109,3850.969,3608.408,3640.4691666666663,331.2227365358813,3567.955,2026-04-30 15:00:00,2026-04-30 11:00:00
2026-04-29 15:00:00,2026-04-29 11:00:00,RFC,WEST,AEP,AEPIMP,3363.244,True,11,2,4,0,0.258819045102521,-0.9659258262890682,0.9749279121818236,-0.22252093395631434,3399.046,3273.339,3285.147,3087.0167916666664,210.2653469158595,3244.503,2026-04-30 15:00:00,2026-04-30 11:00:00
2026-04-29 15:00:00,2026-04-29 11:00:00,RFC,WEST,AEP,AEPKPT,571.969,True,11,2,4,0,0.258819045102521,-0.9659258262890682,0.9749279121818236,-0.22252093395631434,557.638,552.077,542.747,548.743,54.73462120799433,553.373,2026-04-30 15:00:00,2026-04-30 11:00:00
2026-04-29 15:00:00,2026-04-29 11:00:00,RFC,WEST,AEP,AEPOPT,8133.621,True,11,2,4,0,0.258819045102521,-0.9659258262890682,0.9749279121818236,-0.22252093395631434,8071.047,8082.907,8020.131,7789.086916666666,570.0487839978126,8234.462,2026-04-30 15:00:00,2026-04-30 11:00:00
2026-04-29 16:00:00,2026-04-29 12:00:00,RFC,WEST,AEP,AEPAPT,3796.402,True,12,2,4,0,1.2246467991473532e-16,-1.0,0.9749279121818236,-0.22252093395631434,3797.379,3861.671,3638.255,3637.749625,329.5915010009658,3565.498,2026-04-30 16:00:00,2026-04-30 12:00:00
2026-04-29 16:00:00,2026-04-29 12:00:00,RFC,WEST,AEP,AEPIMP,3331.987,True,12,2,4,0,1.2246467991473532e-16,-1.0,0.9749279121818236,-0.22252093395631434,3363.244,3316.677,3243.937,3087.6547083333335,211.0142892121058,3275.862,2026-04-30 16:00:00,2026-04-30 12:00:00
2026-04-29 16:00:00,2026-04-29 12:00:00,RFC,WEST,AEP,AEPKPT,576.419,True,12,2,4,0,1.2246467991473532e-16,-1.0,0.9749279121818236,-0.22252093395631434,571.969,565.48,555.648,549.1987916666667,54.92526913272753,553.404,2026-04-30 16:00:00,2026-04-30 12:00:00
2026-04-29 16:00:00,2026-04-29 12:00:00,RFC,WEST,AEP,AEPOPT,8174.132,True,12,2,4,0,1.2246467991473532e-16,-1.0,0.9749279121818236,-0.22252093395631434,8133.621,8118.085,8092.528,7791.422208333333,571.5679526123532,8136.727,2026-04-30 16:00:00,2026-04-30 12:00:00
2026-04-29 17:00:00,2026-04-29 13:00:00,RFC,WEST,AEP,AEPAPT,3808.42,True,13,2,4,0,-0.2588190451025208,-0.9659258262890683,0.9749279121818236,-0.22252093395631434,3796.402,3857.988,3697.138,3635.6842916666665,328.3041990669586,3538.59,2026-04-30 17:00:00,2026-04-30 13:00:00
2026-04-29 17:00:00,2026-04-29 13:00:00,RFC,WEST,AEP,AEPIMP,3285.227,True,13,2,4,0,-0.2588190451025208,-0.9659258262890683,0.9749279121818236,-0.22252093395631434,3331.987,3297.342,3267.479,3087.1499166666667,210.50473818748225,3226.087,2026-04-30 17:00:00,2026-04-30 13:00:00
2026-04-29 17:00:00,2026-04-29 13:00:00,RFC,WEST,AEP,AEPKPT,579.253,True,13,2,4,0,-0.2588190451025208,-0.9659258262890683,0.9749279121818236,-0.22252093395631434,576.419,576.363,577.52,549.3192083333333,54.990541706084684,551.751,2026-04-30 17:00:00,2026-04-30 13:00:00
2026-04-29 17:00:00,2026-04-29 13:00:00,RFC,WEST,AEP,AEPOPT,8194.952,True,13,2,4,0,-0.2588190451025208,-0.9659258262890683,0.9749279121818236,-0.22252093395631434,8174.132,8168.08,8162.243,7792.541875,572.363649055641,8078.391,2026-04-30 17:00:00,2026-04-30 13:00:00
2026-04-29 18:00:00,2026-04-29 14:00:00,RFC,WEST,AEP,AEPAPT,3828.553,True,14,2,4,0,-0.4999999999999997,-0.8660254037844388,0.9749279121818236,-0.22252093395631434,3808.42,3836.878,3751.391,3635.3374166666667,328.086708218489,3499.666,2026-04-30 18:00:00,2026-04-30 14:00:00
2026-04-29 18:00:00,2026-04-29 14:00:00,RFC,WEST,AEP,AEPIMP,3264.571,True,14,2,4,0,-0.4999999999999997,-0.8660254037844388,0.9749279121818236,-0.22252093395631434,3285.227,3247.498,3359.743,3087.8612916666666,211.09818631054904,3159.486,2026-04-30 18:00:00,2026-04-30 14:00:00
2026-04-29 18:00:00,2026-04-29 14:00:00,RFC,WEST,AEP,AEPKPT,584.234,True,14,2,4,0,-0.4999999999999997,-0.8660254037844388,0.9749279121818236,-0.22252093395631434,579.253,586.552,596.686,549.222625,54.924299918605506,550.433,2026-04-30 18:00:00,2026-04-30 14:00:00
2026-04-29 18:00:00,2026-04-29 14:00:00,RFC,WEST,AEP,AEPOPT,8196.534,True,14,2,4,0,-0.4999999999999997,-0.8660254037844388,0.9749279121818236,-0.22252093395631434,8194.952,8227.252,8273.026,7791.2619583333335,571.3827927014077,7959.501,2026-04-30 18:00:00,2026-04-30 14:00:00
2026-04-29 19:00:00,2026-04-29 15:00:00,RFC,WEST,AEP,AEPAPT,3828.628,True,15,2,4,0,-0.7071067811865471,-0.7071067811865479,0.9749279121818236,-0.22252093395631434,3828.553,3827.554,3833.606,3635.3821666666668,328.11413795900154,3488.406,2026-04-30 19:00:00,2026-04-30 15:00:00
2026-04-29 19:00:00,2026-04-29 15:00:00,RFC,WEST,AEP,AEPIMP,3223.134,True,15,2,4,0,-0.7071067811865471,-0.7071067811865479,0.9749279121818236,-0.22252093395631434,3264.571,3184.728,3378.077,3089.461541666667,212.0080295134326,3136.358,2026-04-30 19:00:00,2026-04-30 15:00:00
2026-04-29 19:00:00,2026-04-29 15:00:00,RFC,WEST,AEP,AEPKPT,586.158,True,15,2,4,0,-0.7071067811865471,-0.7071067811865479,0.9749279121818236,-0.22252093395631434,584.234,592.871,619.872,548.9429166666667,54.70902246543255,550.261,2026-04-30 19:00:00,2026-04-30 15:00:00
2026-04-29 19:00:00,2026-04-29 15:00:00,RFC,WEST,AEP,AEPOPT,8111.423,True,15,2,4,0,-0.7071067811865471,-0.7071067811865479,0.9749279121818236,-0.22252093395631434,8196.534,8285.945,8291.602,7783.990208333333,565.8976518243027,7852.382,2026-04-30 19:00:00,2026-04-30 15:00:00
2026-04-29 20:00:00,2026-04-29 16:00:00,RFC,WEST,AEP,AEPAPT,3884.761,True,16,2,4,0,-0.8660254037844384,-0.5000000000000004,0.9749279121818236,-0.22252093395631434,3828.628,3904.5,3959.627,3634.5597083333337,327.43426641673705,3542.081,2026-04-30 20:00:00,2026-04-30 16:00:00
2026-04-29 20:00:00,2026-04-29 16:00:00,RFC,WEST,AEP,AEPIMP,3246.187,True,16,2,4,0,-0.8660254037844384,-0.5000000000000004,0.9749279121818236,-0.22252093395631434,3223.134,3092.376,3377.129,3095.8703333333337,214.4111184926561,3058.414,2026-04-30 20:00:00,2026-04-30 16:00:00
2026-04-29 20:00:00,2026-04-29 16:00:00,RFC,WEST,AEP,AEPKPT,584.894,True,16,2,4,0,-0.8660254037844384,-0.5000000000000004,0.9749279121818236,-0.22252093395631434,586.158,615.647,627.789,547.6615416666666,53.423823758270245,548.561,2026-04-30 20:00:00,2026-04-30 16:00:00
2026-04-29 20:00:00,2026-04-29 16:00:00,RFC,WEST,AEP,AEPOPT,7983.527,True,16,2,4,0,-0.8660254037844384,-0.5000000000000004,0.9749279121818236,-0.22252093395631434,8111.423,8344.095,8406.185,7768.966541666666,555.0638037733164,7840.039,2026-04-30 20:00:00,2026-04-30 16:00:00
2026-04-29 21:00:00,2026-04-29 17:00:00,RFC,WEST,AEP,AEPAPT,3927.535,True,17,2,4,0,-0.9659258262890683,-0.25881904510252063,0.9749279121818236,-0.22252093395631434,3884.761,3985.746,4043.141,3632.1342499999996,324.92575035901433,3599.098,2026-04-30 21:00:00,2026-04-30 17:00:00
2026-04-29 21:00:00,2026-04-29 17:00:00,RFC,WEST,AEP,AEPIMP,3218.853,True,17,2,4,0,-0.9659258262890683,-0.25881904510252063,0.9749279121818236,-0.22252093395631434,3246.187,3112.805,3365.734,3100.289,215.86311085741343,3057.958,2026-04-30 21:00:00,2026-04-30 17:00:00
2026-04-29 21:00:00,2026-04-29 17:00:00,RFC,WEST,AEP,AEPKPT,578.756,True,17,2,4,0,-0.9659258262890683,-0.25881904510252063,0.9749279121818236,-0.22252093395631434,584.894,622.438,624.534,545.8414583333333,51.474035443782306,545.753,2026-04-30 21:00:00,2026-04-30 17:00:00
2026-04-29 21:00:00,2026-04-29 17:00:00,RFC,WEST,AEP,AEPOPT,7970.057,True,17,2,4,0,-0.9659258262890683,-0.25881904510252063,0.9749279121818236,-0.22252093395631434,7983.527,8451.797,8492.344,7748.894041666666,537.7373779336069,7801.287,2026-04-30 21:00:00,2026-04-30 17:00:00
2026-04-29 22:00:00,2026-04-29 18:00:00,RFC,WEST,AEP,AEPAPT,3911.371,True,18,2,4,0,-1.0,-1.8369701987210297e-16,0.9749279121818236,-0.22252093395631434,3927.535,4046.899,4068.662,3626.48725,318.5185226173958,3640.067,2026-04-30 22:00:00,2026-04-30 18:00:00
2026-04-29 22:00:00,2026-04-29 18:00:00,RFC,WEST,AEP,AEPIMP,3171.18,True,18,2,4,0,-1.0,-1.8369701987210297e-16,0.9749279121818236,-0.22252093395631434,3218.853,3110.304,3275.781,3102.8255000000004,216.34303700071365,3046.812,2026-04-30 22:00:00,2026-04-30 18:00:00
2026-04-29 22:00:00,2026-04-29 18:00:00,RFC,WEST,AEP,AEPKPT,573.288,True,18,2,4,0,-1.0,-1.8369701987210297e-16,0.9749279121818236,-0.22252093395631434,578.756,617.955,624.189,543.9803333333333,49.523852118617185,544.416,2026-04-30 22:00:00,2026-04-30 18:00:00
2026-04-29 22:00:00,2026-04-29 18:00:00,RFC,WEST,AEP,AEPOPT,8012.22,True,18,2,4,0,-1.0,-1.8369701987210297e-16,0.9749279121818236,-0.22252093395631434,7970.057,8446.409,8423.462,7730.802833333332,520.2705255753893,7797.104,2026-04-30 22:00:00,2026-04-30 18:00:00
2026-04-29 23:00:00,2026-04-29 19:00:00,RFC,WEST,AEP,AEPAPT,3904.836,True,19,2,4,0,-0.9659258262890684,0.2588190451025203,0.9749279121818236,-0.22252093395631434,3911.371,4034.926,4018.939,3621.0668333333338,312.31212125325686,3707.27,2026-04-30 23:00:00,2026-04-30 19:00:00
2026-04-29 23:00:00,2026-04-29 19:00:00,RFC,WEST,AEP,AEPIMP,3205.327,True,19,2,4,0,-0.9659258262890684,0.2588190451025203,0.9749279121818236,-0.22252093395631434,3171.18,3072.876,3245.34,3108.3442916666663,217.23336856606525,3105.536,2026-04-30 23:00:00,2026-04-30 19:00:00
2026-04-29 23:00:00,2026-04-29 19:00:00,RFC,WEST,AEP,AEPKPT,561.453,True,19,2,4,0,-0.9659258262890684,0.2588190451025203,0.9749279121818236,-0.22252093395631434,573.288,611.853,613.069,541.8803333333334,47.54989578891022,542.424,2026-04-30 23:00:00,2026-04-30 19:00:00
2026-04-29 23:00:00,2026-04-29 19:00:00,RFC,WEST,AEP,AEPOPT,7910.896,True,19,2,4,0,-0.9659258262890684,0.2588190451025203,0.9749279121818236,-0.22252093395631434,8012.22,8350.703,8475.752,7712.477541666667,505.0084112726943,7848.882,2026-04-30 23:00:00,2026-04-30 19:00:00
2026-04-30 00:00:00,2026-04-29 20:00:00,RFC,WEST,AEP,AEPAPT,3908.419,True,20,2,4,0,-0.8660254037844386,0.5000000000000001,0.9749279121818236,-0.22252093395631434,3904.836,4049.466,4069.223,3615.189875,305.1450331737921,3787.395,2026-05-01 00:00:00,2026-04-30 20:00:00
2026-04-30 00:00:00,2026-04-29 20:00:00,RFC,WEST,AEP,AEPIMP,3226.33,True,20,2,4,0,-0.8660254037844386,0.5000000000000001,0.9749279121818236,-0.22252093395631434,3205.327,3122.423,3235.135,3112.67375,218.55755325417857,3118.51,2026-05-01 00:00:00,2026-04-30 20:00:00
2026-04-30 00:00:00,2026-04-29 20:00:00,RFC,WEST,AEP,AEPKPT,565.546,True,20,2,4,0,-0.8660254037844386,0.5000000000000001,0.9749279121818236,-0.22252093395631434,561.453,610.385,599.412,540.0120416666667,45.58138047252169,559.659,2026-05-01 00:00:00,2026-04-30 20:00:00
2026-04-30 00:00:00,2026-04-29 20:00:00,RFC,WEST,AEP,AEPOPT,7965.172,True,20,2,4,0,-0.8660254037844386,0.5000000000000001,0.9749279121818236,-0.22252093395631434,7910.896,8330.524,8395.88,7697.254541666666,490.87684219204226,7931.007,2026-05-01 00:00:00,2026-04-30 20:00:00
2026-04-30 01:00:00,2026-04-29 21:00:00,RFC,WEST,AEP,AEPAPT,3815.392,True,21,2,4,0,-0.7071067811865477,0.7071067811865474,0.9749279121818236,-0.22252093395631434,3908.419,3939.652,3942.194,3610.0123750000002,300.4179815270136,3773.567,2026-05-01 01:00:00,2026-04-30 21:00:00
2026-04-30 01:00:00,2026-04-29 21:00:00,RFC,WEST,AEP,AEPIMP,3185.781,True,21,2,4,0,-0.7071067811865477,0.7071067811865474,0.9749279121818236,-0.22252093395631434,3226.33,3122.756,3215.929,3115.2997916666664,219.0620128504295,3151.209,2026-05-01 01:00:00,2026-04-30 21:00:00
2026-04-30 01:00:00,2026-04-29 21:00:00,RFC,WEST,AEP,AEPKPT,558.393,True,21,2,4,0,-0.7071067811865477,0.7071067811865474,0.9749279121818236,-0.22252093395631434,565.546,594.539,581.449,538.5059583333333,44.279970547571736,565.93,2026-05-01 01:00:00,2026-04-30 21:00:00
2026-04-30 01:00:00,2026-04-29 21:00:00,RFC,WEST,AEP,AEPOPT,7891.139,True,21,2,4,0,-0.7071067811865477,0.7071067811865474,0.9749279121818236,-0.22252093395631434,7965.172,8191.478,8115.2,7684.7404166666665,481.4677551728755,7970.205,2026-05-01 01:00:00,2026-04-30 21:00:00
2026-04-30 02:00:00,2026-04-29 22:00:00,RFC,WEST,AEP,AEPAPT,3603.831,True,22,2,4,0,-0.5000000000000004,0.8660254037844384,0.9749279121818236,-0.22252093395631434,3815.392,3668.895,3685.372,3607.3013749999996,300.156974926787,3616.022,2026-05-01 02:00:00,2026-04-30 22:00:00
2026-04-30 02:00:00,2026-04-29 22:00:00,RFC,WEST,AEP,AEPIMP,3055.12,True,22,2,4,0,-0.5000000000000004,0.8660254037844384,0.9749279121818236,-0.22252093395631434,3185.781,3040.396,3129.385,3115.9132916666663,218.86364645882983,3020.912,2026-05-01 02:00:00,2026-04-30 22:00:00
2026-04-30 02:00:00,2026-04-29 22:00:00,RFC,WEST,AEP,AEPKPT,532.414,True,22,2,4,0,-0.5000000000000004,0.8660254037844384,0.9749279121818236,-0.22252093395631434,558.393,555.369,549.601,537.5495,44.14760690249663,545.234,2026-05-01 02:00:00,2026-04-30 22:00:00
2026-04-30 02:00:00,2026-04-29 22:00:00,RFC,WEST,AEP,AEPOPT,7570.301,True,22,2,4,0,-0.5000000000000004,0.8660254037844384,0.9749279121818236,-0.22252093395631434,7891.139,7760.769,7838.799,7676.80425,481.7297651285438,7719.362,2026-05-01 02:00:00,2026-04-30 22:00:00
2026-04-30 03:00:00,2026-04-29 23:00:00,RFC,WEST,AEP,AEPAPT,3386.369,True,23,2,4,0,-0.25881904510252157,0.9659258262890681,0.9749279121818236,-0.22252093395631434,3603.831,3416.449,3435.261,3606.048041666667,301.05001792631026,3434.85,2026-05-01 03:00:00,2026-04-30 23:00:00
2026-04-30 03:00:00,2026-04-29 23:00:00,RFC,WEST,AEP,AEPIMP,2926.106,True,23,2,4,0,-0.25881904510252157,0.9659258262890681,0.9749279121818236,-0.22252093395631434,3055.12,2871.619,3019.923,3118.183583333333,216.48910080967283,2946.093,2026-05-01 03:00:00,2026-04-30 23:00:00
2026-04-30 03:00:00,2026-04-29 23:00:00,RFC,WEST,AEP,AEPKPT,501.431,True,23,2,4,0,-0.25881904510252157,0.9659258262890681,0.9749279121818236,-0.22252093395631434,532.414,518.098,519.051,536.8550416666667,44.595704678598494,524.881,2026-05-01 03:00:00,2026-04-30 23:00:00
2026-04-30 03:00:00,2026-04-29 23:00:00,RFC,WEST,AEP,AEPOPT,7266.165,True,23,2,4,0,-0.25881904510252157,0.9659258262890681,0.9749279121818236,-0.22252093395631434,7570.301,7419.437,7527.61,7670.417916666666,486.28448813577063,7517.047,2026-05-01 03:00:00,2026-04-30 23:00:00
