timestamp_utc,timestamp_ept,nerc_region,market_region,zone,load_area,load_mw,is_verified
2026-04-01 04:00:00,2026-04-01 00:00:00,RFC,WEST,AEP,AEPAPT,3320.797,True
2026-04-01 04:00:00,2026-04-01 00:00:00,RFC,WEST,AEP,AEPIMP,3152.668,True
2026-04-01 04:00:00,2026-04-01 00:00:00,RFC,WEST,AEP,AEPKPT,502.939,True
2026-04-01 04:00:00,2026-04-01 00:00:00,RFC,WEST,AEP,AEPOPT,7275.961,True
2026-04-01 05:00:00,2026-04-01 01:00:00,RFC,WEST,AEP,AEPAPT,3200.608,True
2026-04-01 05:00:00,2026-04-01 01:00:00,RFC,WEST,AEP,AEPIMP,3116.176,True
2026-04-01 05:00:00,2026-04-01 01:00:00,RFC,WEST,AEP,AEPKPT,479.59,True
2026-04-01 05:00:00,2026-04-01 01:00:00,RFC,WEST,AEP,AEPOPT,7145.777,True
2026-04-01 06:00:00,2026-04-01 02:00:00,RFC,WEST,AEP,AEPAPT,3109.528,True
2026-04-01 06:00:00,2026-04-01 02:00:00,RFC,WEST,AEP,AEPIMP,3121.091,True
2026-04-01 06:00:00,2026-04-01 02:00:00,RFC,WEST,AEP,AEPKPT,470.761,True
2026-04-01 06:00:00,2026-04-01 02:00:00,RFC,WEST,AEP,AEPOPT,6948.792,True
2026-04-01 07:00:00,2026-04-01 03:00:00,RFC,WEST,AEP,AEPAPT,3064.245,True
2026-04-01 07:00:00,2026-04-01 03:00:00,RFC,WEST,AEP,AEPIMP,3106.229,True
2026-04-01 07:00:00,2026-04-01 03:00:00,RFC,WEST,AEP,AEPKPT,461.293,True
2026-04-01 07:00:00,2026-04-01 03:00:00,RFC,WEST,AEP,AEPOPT,6919.234,True
2026-04-01 08:00:00,2026-04-01 04:00:00,RFC,WEST,AEP,AEPAPT,3099.222,True
2026-04-01 08:00:00,2026-04-01 04:00:00,RFC,WEST,AEP,AEPIMP,3125.501,True
2026-04-01 08:00:00,2026-04-01 04:00:00,RFC,WEST,AEP,AEPKPT,464.249,True
2026-04-01 08:00:00,2026-04-01 04:00:00,RFC,WEST,AEP,AEPOPT,6916.779,True
2026-04-01 09:00:00,2026-04-01 05:00:00,RFC,WEST,AEP,AEPAPT,3257.15,True
2026-04-01 09:00:00,2026-04-01 05:00:00,RFC,WEST,AEP,AEPIMP,3254.656,True
2026-04-01 09:00:00,2026-04-01 05:00:00,RFC,WEST,AEP,AEPKPT,483.617,True
2026-04-01 09:00:00,2026-04-01 05:00:00,RFC,WEST,AEP,AEPOPT,7169.312,True
2026-04-01 10:00:00,2026-04-01 06:00:00,RFC,WEST,AEP,AEPAPT,3491.897,True
2026-04-01 10:00:00,2026-04-01 06:00:00,RFC,WEST,AEP,AEPIMP,3430.736,True
2026-04-01 10:00:00,2026-04-01 06:00:00,RFC,WEST,AEP,AEPKPT,510.266,True
2026-04-01 10:00:00,2026-04-01 06:00:00,RFC,WEST,AEP,AEPOPT,7521.385,True
2026-04-01 11:00:00,2026-04-01 07:00:00,RFC,WEST,AEP,AEPAPT,3631.514,True
2026-04-01 11:00:00,2026-04-01 07:00:00,RFC,WEST,AEP,AEPIMP,3598.905,True
2026-04-01 11:00:00,2026-04-01 07:00:00,RFC,WEST,AEP,AEPKPT,533.746,True
2026-04-01 11:00:00,2026-04-01 07:00:00,RFC,WEST,AEP,AEPOPT,7814.181,True
2026-04-01 12:00:00,2026-04-01 08:00:00,RFC,WEST,AEP,AEPAPT,3621.239,True
2026-04-01 12:00:00,2026-04-01 08:00:00,RFC,WEST,AEP,AEPIMP,3631.405,True
2026-04-01 12:00:00,2026-04-01 08:00:00,RFC,WEST,AEP,AEPKPT,544.527,True
2026-04-01 12:00:00,2026-04-01 08:00:00,RFC,WEST,AEP,AEPOPT,7888.057,True
2026-04-01 13:00:00,2026-04-01 09:00:00,RFC,WEST,AEP,AEPAPT,3603.498,True
2026-04-01 13:00:00,2026-04-01 09:00:00,RFC,WEST,AEP,AEPIMP,3715.943,True
2026-04-01 13:00:00,2026-04-01 09:00:00,RFC,WEST,AEP,AEPKPT,558.722,True
2026-04-01 13:00:00,2026-04-01 09:00:00,RFC,WEST,AEP,AEPOPT,7870.635,True
2026-04-01 14:00:00,2026-04-01 10:00:00,RFC,WEST,AEP,AEPAPT,3635.851,True
2026-04-01 14:00:00,2026-04-01 10:00:00,RFC,WEST,AEP,AEPIMP,3738.015,True
2026-04-01 14:00:00,2026-04-01 10:00:00,RFC,WEST,AEP,AEPKPT,568.447,True
2026-04-01 14:00:00,2026-04-01 10:00:00,RFC,WEST,AEP,AEPOPT,8041.269,True
2026-04-01 15:00:00,2026-04-01 11:00:00,RFC,WEST,AEP,AEPAPT,3683.401,True
2026-04-01 15:00:00,2026-04-01 11:00:00,RFC,WEST,AEP,AEPIMP,3725.108,True
2026-04-01 15:00:00,2026-04-01 11:00:00,RFC,WEST,AEP,AEPKPT,579.594,True
2026-04-01 15:00:00,2026-04-01 11:00:00,RFC,WEST,AEP,AEPOPT,8082.462,True
2026-04-01 16:00:00,2026-04-01 12:00:00,RFC,WEST,AEP,AEPAPT,3742.026,True
2026-04-01 16:00:00,2026-04-01 12:00:00,RFC,WEST,AEP,AEPIMP,3657.321,True
2026-04-01 16:00:00,2026-04-01 12:00:00,RFC,WEST,AEP,AEPKPT,591.35,True
2026-04-01 16:00:00,2026-04-01 12:00:00,RFC,WEST,AEP,AEPOPT,8097.367,True
2026-04-01 17:00:00,2026-04-01 13:00:00,RFC,WEST,AEP,AEPAPT,3835.221,True
2026-04-01 17:00:00,2026-04-01 13:00:00,RFC,WEST,AEP,AEPIMP,3698.319,True
2026-04-01 17:00:00,2026-04-01 13:00:00,RFC,WEST,AEP,AEPKPT,608.092,True
2026-04-01 17:00:00,2026-04-01 13:00:00,RFC,WEST,AEP,AEPOPT,8019.219,True
2026-04-01 18:00:00,2026-04-01 14:00:00,RFC,WEST,AEP,AEPAPT,3952.851,True
2026-04-01 18:00:00,2026-04-01 14:00:00,RFC,WEST,AEP,AEPIMP,3714.172,True
2026-04-01 18:00:00,2026-04-01 14:00:00,RFC,WEST,AEP,AEPKPT,620.834,True
2026-04-01 18:00:00,2026-04-01 14:00:00,RFC,WEST,AEP,AEPOPT,8088.29,True
2026-04-01 19:00:00,2026-04-01 15:00:00,RFC,WEST,AEP,AEPAPT,3963.666,True
2026-04-01 19:00:00,2026-04-01 15:00:00,RFC,WEST,AEP,AEPIMP,3638.456,True
2026-04-01 19:00:00,2026-04-01 15:00:00,RFC,WEST,AEP,AEPKPT,619.818,True
2026-04-01 19:00:00,2026-04-01 15:00:00,RFC,WEST,AEP,AEPOPT,8088.193,True
2026-04-01 20:00:00,2026-04-01 16:00:00,RFC,WEST,AEP,AEPAPT,4107.935,True
2026-04-01 20:00:00,2026-04-01 16:00:00,RFC,WEST,AEP,AEPIMP,3644.329,True
2026-04-01 20:00:00,2026-04-01 16:00:00,RFC,WEST,AEP,AEPKPT,630.359,True
2026-04-01 20:00:00,2026-04-01 16:00:00,RFC,WEST,AEP,AEPOPT,8094.528,True
2026-04-01 21:00:00,2026-04-01 17:00:00,RFC,WEST,AEP,AEPAPT,4160.158,True
2026-04-01 21:00:00,2026-04-01 17:00:00,RFC,WEST,AEP,AEPIMP,3688.331,True
2026-04-01 21:00:00,2026-04-01 17:00:00,RFC,WEST,AEP,AEPKPT,630.228,True
2026-04-01 21:00:00,2026-04-01 17:00:00,RFC,WEST,AEP,AEPOPT,8072.323,True
2026-04-01 22:00:00,2026-04-01 18:00:00,RFC,WEST,AEP,AEPAPT,4163.061,True
2026-04-01 22:00:00,2026-04-01 18:00:00,RFC,WEST,AEP,AEPIMP,3656.501,True
2026-04-01 22:00:00,2026-04-01 18:00:00,RFC,WEST,AEP,AEPKPT,623.387,True
2026-04-01 22:00:00,2026-04-01 18:00:00,RFC,WEST,AEP,AEPOPT,8057.623,True
2026-04-01 23:00:00,2026-04-01 19:00:00,RFC,WEST,AEP,AEPAPT,4184.739,True
2026-04-01 23:00:00,2026-04-01 19:00:00,RFC,WEST,AEP,AEPIMP,3693.115,True
2026-04-01 23:00:00,2026-04-01 19:00:00,RFC,WEST,AEP,AEPKPT,616.924,True
2026-04-01 23:00:00,2026-04-01 19:00:00,RFC,WEST,AEP,AEPOPT,8086.474,True
2026-04-02 00:00:00,2026-04-01 20:00:00,RFC,WEST,AEP,AEPAPT,4184.252,True
2026-04-02 00:00:00,2026-04-01 20:00:00,RFC,WEST,AEP,AEPIMP,3648.925,True
2026-04-02 00:00:00,2026-04-01 20:00:00,RFC,WEST,AEP,AEPKPT,622.15,True
2026-04-02 00:00:00,2026-04-01 20:00:00,RFC,WEST,AEP,AEPOPT,8192.252,True
2026-04-02 01:00:00,2026-04-01 21:00:00,RFC,WEST,AEP,AEPAPT,3994.311,True
2026-04-02 01:00:00,2026-04-01 21:00:00,RFC,WEST,AEP,AEPIMP,3622.754,True
2026-04-02 01:00:00,2026-04-01 21:00:00,RFC,WEST,AEP,AEPKPT,596.778,True
2026-04-02 01:00:00,2026-04-01 21:00:00,RFC,WEST,AEP,AEPOPT,8000.45,True
2026-04-02 02:00:00,2026-04-01 22:00:00,RFC,WEST,AEP,AEPAPT,3743.85,True
2026-04-02 02:00:00,2026-04-01 22:00:00,RFC,WEST,AEP,AEPIMP,3497.689,True
2026-04-02 02:00:00,2026-04-01 22:00:00,RFC,WEST,AEP,AEPKPT,564.223,True
2026-04-02 02:00:00,2026-04-01 22:00:00,RFC,WEST,AEP,AEPOPT,7756.872,True
2026-04-02 03:00:00,2026-04-01 23:00:00,RFC,WEST,AEP,AEPAPT,3492.833,True
2026-04-02 03:00:00,2026-04-01 23:00:00,RFC,WEST,AEP,AEPIMP,3424.38,True
2026-04-02 03:00:00,2026-04-01 23:00:00,RFC,WEST,AEP,AEPKPT,532.258,True
2026-04-02 03:00:00,2026-04-01 23:00:00,RFC,WEST,AEP,AEPOPT,7543.848,True
2026-04-02 04:00:00,2026-04-02 00:00:00,RFC,WEST,AEP,AEPAPT,3270.539,True
2026-04-02 04:00:00,2026-04-02 00:00:00,RFC,WEST,AEP,AEPIMP,3370.355,True
2026-04-02 04:00:00,2026-04-02 00:00:00,RFC,WEST,AEP,AEPKPT,501.973,True
2026-04-02 04:00:00,2026-04-02 00:00:00,RFC,WEST,AEP,AEPOPT,7156.64,True
2026-04-02 05:00:00,2026-04-02 01:00:00,RFC,WEST,AEP,AEPAPT,3165.127,True
2026-04-02 05:00:00,2026-04-02 01:00:00,RFC,WEST,AEP,AEPIMP,3356.452,True
2026-04-02 05:00:00,2026-04-02 01:00:00,RFC,WEST,AEP,AEPKPT,483.694,True
2026-04-02 05:00:00,2026-04-02 01:00:00,RFC,WEST,AEP,AEPOPT,7168.521,True
2026-04-02 06:00:00,2026-04-02 02:00:00,RFC,WEST,AEP,AEPAPT,3088.052,True
2026-04-02 06:00:00,2026-04-02 02:00:00,RFC,WEST,AEP,AEPIMP,3345.266,True
2026-04-02 06:00:00,2026-04-02 02:00:00,RFC,WEST,AEP,AEPKPT,472.359,True
2026-04-02 06:00:00,2026-04-02 02:00:00,RFC,WEST,AEP,AEPOPT,7109.837,True
2026-04-02 07:00:00,2026-04-02 03:00:00,RFC,WEST,AEP,AEPAPT,3066.464,True
2026-04-02 07:00:00,2026-04-02 03:00:00,RFC,WEST,AEP,AEPIMP,3328.041,True
2026-04-02 07:00:00,2026-04-02 03:00:00,RFC,WEST,AEP,AEPKPT,462.191,True
2026-04-02 07:00:00,2026-04-02 03:00:00,RFC,WEST,AEP,AEPOPT,7058.169,True
2026-04-02 08:00:00,2026-04-02 04:00:00,RFC,WEST,AEP,AEPAPT,3122.497,True
2026-04-02 08:00:00,2026-04-02 04:00:00,RFC,WEST,AEP,AEPIMP,3335.925,True
2026-04-02 08:00:00,2026-04-02 04:00:00,RFC,WEST,AEP,AEPKPT,467.24,True
2026-04-02 08:00:00,2026-04-02 04:00:00,RFC,WEST,AEP,AEPOPT,7186.618,True
2026-04-02 09:00:00,2026-04-02 05:00:00,RFC,WEST,AEP,AEPAPT,3241.001,True
2026-04-02 09:00:00,2026-04-02 05:00:00,RFC,WEST,AEP,AEPIMP,3462.886,True
2026-04-02 09:00:00,2026-04-02 05:00:00,RFC,WEST,AEP,AEPKPT,478.373,True
2026-04-02 09:00:00,2026-04-02 05:00:00,RFC,WEST,AEP,AEPOPT,7444.906,True
2026-04-02 10:00:00,2026-04-02 06:00:00,RFC,WEST,AEP,AEPAPT,3495.245,True
2026-04-02 10:00:00,2026-04-02 06:00:00,RFC,WEST,AEP,AEPIMP,3653.307,True
2026-04-02 10:00:00,2026-04-02 06:00:00,RFC,WEST,AEP,AEPKPT,501.425,True
2026-04-02 10:00:00,2026-04-02 06:00:00,RFC,WEST,AEP,AEPOPT,7782.159,True
2026-04-02 11:00:00,2026-04-02 07:00:00,RFC,WEST,AEP,AEPAPT,3649.731,True
2026-04-02 11:00:00,2026-04-02 07:00:00,RFC,WEST,AEP,AEPIMP,3783.236,True
2026-04-02 11:00:00,2026-04-02 07:00:00,RFC,WEST,AEP,AEPKPT,516.225,True
2026-04-02 11:00:00,2026-04-02 07:00:00,RFC,WEST,AEP,AEPOPT,8023.078,True
2026-04-02 12:00:00,2026-04-02 08:00:00,RFC,WEST,AEP,AEPAPT,3688.559,True
2026-04-02 12:00:00,2026-04-02 08:00:00,RFC,WEST,AEP,AEPIMP,3793.642,True
2026-04-02 12:00:00,2026-04-02 08:00:00,RFC,WEST,AEP,AEPKPT,523.374,True
2026-04-02 12:00:00,2026-04-02 08:00:00,RFC,WEST,AEP,AEPOPT,8059.428,True
2026-04-02 13:00:00,2026-04-02 09:00:00,RFC,WEST,AEP,AEPAPT,3685.89,True
2026-04-02 13:00:00,2026-04-02 09:00:00,RFC,WEST,AEP,AEPIMP,3791.701,True
2026-04-02 13:00:00,2026-04-02 09:00:00,RFC,WEST,AEP,AEPKPT,536.108,True
2026-04-02 13:00:00,2026-04-02 09:00:00,RFC,WEST,AEP,AEPOPT,8077.63,True
2026-04-02 14:00:00,2026-04-02 10:00:00,RFC,WEST,AEP,AEPAPT,3769.626,True
2026-04-02 14:00:00,2026-04-02 10:00:00,RFC,WEST,AEP,AEPIMP,3663.489,True
2026-04-02 14:00:00,2026-04-02 10:00:00,RFC,WEST,AEP,AEPKPT,554.444,True
2026-04-02 14:00:00,2026-04-02 10:00:00,RFC,WEST,AEP,AEPOPT,8096.615,True
2026-04-02 15:00:00,2026-04-02 11:00:00,RFC,WEST,AEP,AEPAPT,3852.72,True
2026-04-02 15:00:00,2026-04-02 11:00:00,RFC,WEST,AEP,AEPIMP,3564.675,True
2026-04-02 15:00:00,2026-04-02 11:00:00,RFC,WEST,AEP,AEPKPT,570.662,True
2026-04-02 15:00:00,2026-04-02 11:00:00,RFC,WEST,AEP,AEPOPT,8090.527,True
2026-04-02 16:00:00,2026-04-02 12:00:00,RFC,WEST,AEP,AEPAPT,3977.095,True
2026-04-02 16:00:00,2026-04-02 12:00:00,RFC,WEST,AEP,AEPIMP,3635.432,True
2026-04-02 16:00:00,2026-04-02 12:00:00,RFC,WEST,AEP,AEPKPT,602.758,True
2026-04-02 16:00:00,2026-04-02 12:00:00,RFC,WEST,AEP,AEPOPT,8196.225,True
2026-04-02 17:00:00,2026-04-02 13:00:00,RFC,WEST,AEP,AEPAPT,4129.926,True
2026-04-02 17:00:00,2026-04-02 13:00:00,RFC,WEST,AEP,AEPIMP,3602.566,True
2026-04-02 17:00:00,2026-04-02 13:00:00,RFC,WEST,AEP,AEPKPT,622.314,True
2026-04-02 17:00:00,2026-04-02 13:00:00,RFC,WEST,AEP,AEPOPT,8295.655,True
2026-04-02 18:00:00,2026-04-02 14:00:00,RFC,WEST,AEP,AEPAPT,4238.449,True
2026-04-02 18:00:00,2026-04-02 14:00:00,RFC,WEST,AEP,AEPIMP,3559.693,True
2026-04-02 18:00:00,2026-04-02 14:00:00,RFC,WEST,AEP,AEPKPT,635.917,True
2026-04-02 18:00:00,2026-04-02 14:00:00,RFC,WEST,AEP,AEPOPT,8375.084,True
2026-04-02 19:00:00,2026-04-02 15:00:00,RFC,WEST,AEP,AEPAPT,4305.58,True
2026-04-02 19:00:00,2026-04-02 15:00:00,RFC,WEST,AEP,AEPIMP,3479.389,True
2026-04-02 19:00:00,2026-04-02 15:00:00,RFC,WEST,AEP,AEPKPT,652.733,True
2026-04-02 19:00:00,2026-04-02 15:00:00,RFC,WEST,AEP,AEPOPT,8390.688,True
2026-04-02 20:00:00,2026-04-02 16:00:00,RFC,WEST,AEP,AEPAPT,4362.355,True
2026-04-02 20:00:00,2026-04-02 16:00:00,RFC,WEST,AEP,AEPIMP,3494.616,True
2026-04-02 20:00:00,2026-04-02 16:00:00,RFC,WEST,AEP,AEPKPT,656.437,True
2026-04-02 20:00:00,2026-04-02 16:00:00,RFC,WEST,AEP,AEPOPT,8335.085,True
2026-04-02 21:00:00,2026-04-02 17:00:00,RFC,WEST,AEP,AEPAPT,4407.412,True
2026-04-02 21:00:00,2026-04-02 17:00:00,RFC,WEST,AEP,AEPIMP,3453.262,True
2026-04-02 21:00:00,2026-04-02 17:00:00,RFC,WEST,AEP,AEPKPT,645.244,True
2026-04-02 21:00:00,2026-04-02 17:00:00,RFC,WEST,AEP,AEPOPT,8375.417,True
2026-04-02 22:00:00,2026-04-02 18:00:00,RFC,WEST,AEP,AEPAPT,4377.109,True
2026-04-02 22:00:00,2026-04-02 18:00:00,RFC,WEST,AEP,AEPIMP,3455.78,True
2026-04-02 22:00:00,2026-04-02 18:00:00,RFC,WEST,AEP,AEPKPT,635.088,True
2026-04-02 22:00:00,2026-04-02 18:00:00,RFC,WEST,AEP,AEPOPT,8279.386,True
2026-04-02 23:00:00,2026-04-02 19:00:00,RFC,WEST,AEP,AEPAPT,4338.252,True
2026-04-02 23:00:00,2026-04-02 19:00:00,RFC,WEST,AEP,AEPIMP,3406.199,True
2026-04-02 23:00:00,2026-04-02 19:00:00,RFC,WEST,AEP,AEPKPT,622.639,True
2026-04-02 23:00:00,2026-04-02 19:00:00,RFC,WEST,AEP,AEPOPT,8206.14,True
2026-04-03 00:00:00,2026-04-02 20:00:00,RFC,WEST,AEP,AEPAPT,4321.826,True
2026-04-03 00:00:00,2026-04-02 20:00:00,RFC,WEST,AEP,AEPIMP,3402.15,True
2026-04-03 00:00:00,2026-04-02 20:00:00,RFC,WEST,AEP,AEPKPT,626.395,True
2026-04-03 00:00:00,2026-04-02 20:00:00,RFC,WEST,AEP,AEPOPT,8270.569,True
2026-04-03 01:00:00,2026-04-02 21:00:00,RFC,WEST,AEP,AEPAPT,4126.04,True
2026-04-03 01:00:00,2026-04-02 21:00:00,RFC,WEST,AEP,AEPIMP,3298.539,True
2026-04-03 01:00:00,2026-04-02 21:00:00,RFC,WEST,AEP,AEPKPT,595.146,True
2026-04-03 01:00:00,2026-04-02 21:00:00,RFC,WEST,AEP,AEPOPT,8121.648,True
2026-04-03 02:00:00,2026-04-02 22:00:00,RFC,WEST,AEP,AEPAPT,3869.06,True
2026-04-03 02:00:00,2026-04-02 22:00:00,RFC,WEST,AEP,AEPIMP,3202.207,True
2026-04-03 02:00:00,2026-04-02 22:00:00,RFC,WEST,AEP,AEPKPT,562.84,True
2026-04-03 02:00:00,2026-04-02 22:00:00,RFC,WEST,AEP,AEPOPT,7811.513,True
2026-04-03 03:00:00,2026-04-02 23:00:00,RFC,WEST,AEP,AEPAPT,3574.298,True
2026-04-03 03:00:00,2026-04-02 23:00:00,RFC,WEST,AEP,AEPIMP,3034.359,True
2026-04-03 03:00:00,2026-04-02 23:00:00,RFC,WEST,AEP,AEPKPT,527.18,True
2026-04-03 03:00:00,2026-04-02 23:00:00,RFC,WEST,AEP,AEPOPT,7495.958,True
2026-04-03 04:00:00,2026-04-03 00:00:00,RFC,WEST,AEP,AEPAPT,3353.711,True
2026-04-03 04:00:00,2026-04-03 00:00:00,RFC,WEST,AEP,AEPIMP,3007.756,True
2026-04-03 04:00:00,2026-04-03 00:00:00,RFC,WEST,AEP,AEPKPT,492.889,True
2026-04-03 04:00:00,2026-04-03 00:00:00,RFC,WEST,AEP,AEPOPT,7145.032,True
2026-04-03 05:00:00,2026-04-03 01:00:00,RFC,WEST,AEP,AEPAPT,3192.967,True
2026-04-03 05:00:00,2026-04-03 01:00:00,RFC,WEST,AEP,AEPIMP,2939.696,True
2026-04-03 05:00:00,2026-04-03 01:00:00,RFC,WEST,AEP,AEPKPT,472.778,True
2026-04-03 05:00:00,2026-04-03 01:00:00,RFC,WEST,AEP,AEPOPT,6987.054,True
2026-04-03 06:00:00,2026-04-03 02:00:00,RFC,WEST,AEP,AEPAPT,3108.346,True
2026-04-03 06:00:00,2026-04-03 02:00:00,RFC,WEST,AEP,AEPIMP,2949.078,True
2026-04-03 06:00:00,2026-04-03 02:00:00,RFC,WEST,AEP,AEPKPT,457.515,True
2026-04-03 06:00:00,2026-04-03 02:00:00,RFC,WEST,AEP,AEPOPT,6938.379,True
2026-04-03 07:00:00,2026-04-03 03:00:00,RFC,WEST,AEP,AEPAPT,3020.223,True
2026-04-03 07:00:00,2026-04-03 03:00:00,RFC,WEST,AEP,AEPIMP,2896.072,True
2026-04-03 07:00:00,2026-04-03 03:00:00,RFC,WEST,AEP,AEPKPT,448.585,True
2026-04-03 07:00:00,2026-04-03 03:00:00,RFC,WEST,AEP,AEPOPT,6852.998,True
2026-04-03 08:00:00,2026-04-03 04:00:00,RFC,WEST,AEP,AEPAPT,3052.258,True
2026-04-03 08:00:00,2026-04-03 04:00:00,RFC,WEST,AEP,AEPIMP,2905.147,True
2026-04-03 08:00:00,2026-04-03 04:00:00,RFC,WEST,AEP,AEPKPT,450.85,True
2026-04-03 08:00:00,2026-04-03 04:00:00,RFC,WEST,AEP,AEPOPT,6918.731,True
2026-04-03 09:00:00,2026-04-03 05:00:00,RFC,WEST,AEP,AEPAPT,3142.526,True
2026-04-03 09:00:00,2026-04-03 05:00:00,RFC,WEST,AEP,AEPIMP,3095.111,True
2026-04-03 09:00:00,2026-04-03 05:00:00,RFC,WEST,AEP,AEPKPT,462.607,True
2026-04-03 09:00:00,2026-04-03 05:00:00,RFC,WEST,AEP,AEPOPT,7015.194,True
2026-04-03 10:00:00,2026-04-03 06:00:00,RFC,WEST,AEP,AEPAPT,3314.225,True
2026-04-03 10:00:00,2026-04-03 06:00:00,RFC,WEST,AEP,AEPIMP,3060.163,True
2026-04-03 10:00:00,2026-04-03 06:00:00,RFC,WEST,AEP,AEPKPT,479.233,True
2026-04-03 10:00:00,2026-04-03 06:00:00,RFC,WEST,AEP,AEPOPT,7253.039,True
2026-04-03 11:00:00,2026-04-03 07:00:00,RFC,WEST,AEP,AEPAPT,3412.078,True
2026-04-03 11:00:00,2026-04-03 07:00:00,RFC,WEST,AEP,AEPIMP,3126.773,True
2026-04-03 11:00:00,2026-04-03 07:00:00,RFC,WEST,AEP,AEPKPT,493.014,True
2026-04-03 11:00:00,2026-04-03 07:00:00,RFC,WEST,AEP,AEPOPT,7382.119,True
2026-04-03 12:00:00,2026-04-03 08:00:00,RFC,WEST,AEP,AEPAPT,3446.033,True
2026-04-03 12:00:00,2026-04-03 08:00:00,RFC,WEST,AEP,AEPIMP,3165.38,True
2026-04-03 12:00:00,2026-04-03 08:00:00,RFC,WEST,AEP,AEPKPT,508.47,True
2026-04-03 12:00:00,2026-04-03 08:00:00,RFC,WEST,AEP,AEPOPT,7549.824,True
2026-04-03 13:00:00,2026-04-03 09:00:00,RFC,WEST,AEP,AEPAPT,3510.871,True
2026-04-03 13:00:00,2026-04-03 09:00:00,RFC,WEST,AEP,AEPIMP,3236.292,True
2026-04-03 13:00:00,2026-04-03 09:00:00,RFC,WEST,AEP,AEPKPT,520.041,True
2026-04-03 13:00:00,2026-04-03 09:00:00,RFC,WEST,AEP,AEPOPT,7687.04,True
2026-04-03 14:00:00,2026-04-03 10:00:00,RFC,WEST,AEP,AEPAPT,3587.658,True
2026-04-03 14:00:00,2026-04-03 10:00:00,RFC,WEST,AEP,AEPIMP,3267.066,True
2026-04-03 14:00:00,2026-04-03 10:00:00,RFC,WEST,AEP,AEPKPT,531.577,True
2026-04-03 14:00:00,2026-04-03 10:00:00,RFC,WEST,AEP,AEPOPT,7850.042,True
2026-04-03 15:00:00,2026-04-03 11:00:00,RFC,WEST,AEP,AEPAPT,3674.74,True
2026-04-03 15:00:00,2026-04-03 11:00:00,RFC,WEST,AEP,AEPIMP,3173.539,True
2026-04-03 15:00:00,2026-04-03 11:00:00,RFC,WEST,AEP,AEPKPT,548.259,True
2026-04-03 15:00:00,2026-04-03 11:00:00,RFC,WEST,AEP,AEPOPT,8043.172,True
2026-04-03 16:00:00,2026-04-03 12:00:00,RFC,WEST,AEP,AEPAPT,3753.534,True
2026-04-03 16:00:00,2026-04-03 12:00:00,RFC,WEST,AEP,AEPIMP,3207.923,True
2026-04-03 16:00:00,2026-04-03 12:00:00,RFC,WEST,AEP,AEPKPT,560.74,True
2026-04-03 16:00:00,2026-04-03 12:00:00,RFC,WEST,AEP,AEPOPT,8075.712,True
2026-04-03 17:00:00,2026-04-03 13:00:00,RFC,WEST,AEP,AEPAPT,3834.886,True
2026-04-03 17:00:00,2026-04-03 13:00:00,RFC,WEST,AEP,AEPIMP,3212.205,True
2026-04-03 17:00:00,2026-04-03 13:00:00,RFC,WEST,AEP,AEPKPT,582.651,True
2026-04-03 17:00:00,2026-04-03 13:00:00,RFC,WEST,AEP,AEPOPT,8121.566,True
2026-04-03 18:00:00,2026-04-03 14:00:00,RFC,WEST,AEP,AEPAPT,3915.87,True
2026-04-03 18:00:00,2026-04-03 14:00:00,RFC,WEST,AEP,AEPIMP,3115.925,True
2026-04-03 18:00:00,2026-04-03 14:00:00,RFC,WEST,AEP,AEPKPT,590.622,True
2026-04-03 18:00:00,2026-04-03 14:00:00,RFC,WEST,AEP,AEPOPT,8150.417,True
2026-04-03 19:00:00,2026-04-03 15:00:00,RFC,WEST,AEP,AEPAPT,4031.728,True
2026-04-03 19:00:00,2026-04-03 15:00:00,RFC,WEST,AEP,AEPIMP,3166.684,True
2026-04-03 19:00:00,2026-04-03 15:00:00,RFC,WEST,AEP,AEPKPT,610.224,True
2026-04-03 19:00:00,2026-04-03 15:00:00,RFC,WEST,AEP,AEPOPT,8244.027,True
2026-04-03 20:00:00,2026-04-03 16:00:00,RFC,WEST,AEP,AEPAPT,4129.043,True
2026-04-03 20:00:00,2026-04-03 16:00:00,RFC,WEST,AEP,AEPIMP,3081.489,True
2026-04-03 20:00:00,2026-04-03 16:00:00,RFC,WEST,AEP,AEPKPT,624.257,True
2026-04-03 20:00:00,2026-04-03 16:00:00,RFC,WEST,AEP,AEPOPT,8307.734,True
2026-04-03 21:00:00,2026-04-03 17:00:00,RFC,WEST,AEP,AEPAPT,4160.175,True
2026-04-03 21:00:00,2026-04-03 17:00:00,RFC,WEST,AEP,AEPIMP,3115.538,True
2026-04-03 21:00:00,2026-04-03 17:00:00,RFC,WEST,AEP,AEPKPT,639.971,True
2026-04-03 21:00:00,2026-04-03 17:00:00,RFC,WEST,AEP,AEPOPT,8444.977,True
2026-04-03 22:00:00,2026-04-03 18:00:00,RFC,WEST,AEP,AEPAPT,4170.313,True
2026-04-03 22:00:00,2026-04-03 18:00:00,RFC,WEST,AEP,AEPIMP,3097.34,True
2026-04-03 22:00:00,2026-04-03 18:00:00,RFC,WEST,AEP,AEPKPT,630.553,True
2026-04-03 22:00:00,2026-04-03 18:00:00,RFC,WEST,AEP,AEPOPT,8369.119,True
2026-04-03 23:00:00,2026-04-03 19:00:00,RFC,WEST,AEP,AEPAPT,4079.043,True
2026-04-03 23:00:00,2026-04-03 19:00:00,RFC,WEST,AEP,AEPIMP,3130.554,True
2026-04-03 23:00:00,2026-04-03 19:00:00,RFC,WEST,AEP,AEPKPT,615.026,True
2026-04-03 23:00:00,2026-04-03 19:00:00,RFC,WEST,AEP,AEPOPT,8241.83,True
2026-04-04 00:00:00,2026-04-03 20:00:00,RFC,WEST,AEP,AEPAPT,4050.706,True
2026-04-04 00:00:00,2026-04-03 20:00:00,RFC,WEST,AEP,AEPIMP,3189.061,True
2026-04-04 00:00:00,2026-04-03 20:00:00,RFC,WEST,AEP,AEPKPT,608.942,True
2026-04-04 00:00:00,2026-04-03 20:00:00,RFC,WEST,AEP,AEPOPT,8144.381,True
2026-04-04 01:00:00,2026-04-03 21:00:00,RFC,WEST,AEP,AEPAPT,3899.806,True
2026-04-04 01:00:00,2026-04-03 21:00:00,RFC,WEST,AEP,AEPIMP,3173.333,True
2026-04-04 01:00:00,2026-04-03 21:00:00,RFC,WEST,AEP,AEPKPT,586.466,True
2026-04-04 01:00:00,2026-04-03 21:00:00,RFC,WEST,AEP,AEPOPT,8079.223,True
2026-04-04 02:00:00,2026-04-03 22:00:00,RFC,WEST,AEP,AEPAPT,3680.401,True
2026-04-04 02:00:00,2026-04-03 22:00:00,RFC,WEST,AEP,AEPIMP,3054.561,True
2026-04-04 02:00:00,2026-04-03 22:00:00,RFC,WEST,AEP,AEPKPT,554.471,True
2026-04-04 02:00:00,2026-04-03 22:00:00,RFC,WEST,AEP,AEPOPT,7749.164,True
2026-04-04 03:00:00,2026-04-03 23:00:00,RFC,WEST,AEP,AEPAPT,3431.11,True
2026-04-04 03:00:00,2026-04-03 23:00:00,RFC,WEST,AEP,AEPIMP,2977.542,True
2026-04-04 03:00:00,2026-04-03 23:00:00,RFC,WEST,AEP,AEPKPT,519.759,True
2026-04-04 03:00:00,2026-04-03 23:00:00,RFC,WEST,AEP,AEPOPT,7411.782,True
2026-04-04 04:00:00,2026-04-04 00:00:00,RFC,WEST,AEP,AEPAPT,3239.969,True
2026-04-04 04:00:00,2026-04-04 00:00:00,RFC,WEST,AEP,AEPIMP,2882.743,True
2026-04-04 04:00:00,2026-04-04 00:00:00,RFC,WEST,AEP,AEPKPT,480.604,True
2026-04-04 04:00:00,2026-04-04 00:00:00,RFC,WEST,AEP,AEPOPT,7080.409,True
2026-04-04 05:00:00,2026-04-04 01:00:00,RFC,WEST,AEP,AEPAPT,3098.473,True
2026-04-04 05:00:00,2026-04-04 01:00:00,RFC,WEST,AEP,AEPIMP,2832.638,True
2026-04-04 05:00:00,2026-04-04 01:00:00,RFC,WEST,AEP,AEPKPT,462.84,True
2026-04-04 05:00:00,2026-04-04 01:00:00,RFC,WEST,AEP,AEPOPT,6906.908,True
2026-04-04 06:00:00,2026-04-04 02:00:00,RFC,WEST,AEP,AEPAPT,3028.573,True
2026-04-04 06:00:00,2026-04-04 02:00:00,RFC,WEST,AEP,AEPIMP,2714.913,True
2026-04-04 06:00:00,2026-04-04 02:00:00,RFC,WEST,AEP,AEPKPT,444.321,True
2026-04-04 06:00:00,2026-04-04 02:00:00,RFC,WEST,AEP,AEPOPT,6769.692,True
2026-04-04 07:00:00,2026-04-04 03:00:00,RFC,WEST,AEP,AEPAPT,2975.889,True
2026-04-04 07:00:00,2026-04-04 03:00:00,RFC,WEST,AEP,AEPIMP,2669.718,True
2026-04-04 07:00:00,2026-04-04 03:00:00,RFC,WEST,AEP,AEPKPT,441.253,True
2026-04-04 07:00:00,2026-04-04 03:00:00,RFC,WEST,AEP,AEPOPT,6617.006,True
2026-04-04 08:00:00,2026-04-04 04:00:00,RFC,WEST,AEP,AEPAPT,2966.362,True
2026-04-04 08:00:00,2026-04-04 04:00:00,RFC,WEST,AEP,AEPIMP,2676.012,True
2026-04-04 08:00:00,2026-04-04 04:00:00,RFC,WEST,AEP,AEPKPT,439.782,True
2026-04-04 08:00:00,2026-04-04 04:00:00,RFC,WEST,AEP,AEPOPT,6627.517,True
2026-04-04 09:00:00,2026-04-04 05:00:00,RFC,WEST,AEP,AEPAPT,2983.248,True
2026-04-04 09:00:00,2026-04-04 05:00:00,RFC,WEST,AEP,AEPIMP,2814.958,True
2026-04-04 09:00:00,2026-04-04 05:00:00,RFC,WEST,AEP,AEPKPT,444.758,True
2026-04-04 09:00:00,2026-04-04 05:00:00,RFC,WEST,AEP,AEPOPT,6715.986,True
2026-04-04 10:00:00,2026-04-04 06:00:00,RFC,WEST,AEP,AEPAPT,3032.874,True
2026-04-04 10:00:00,2026-04-04 06:00:00,RFC,WEST,AEP,AEPIMP,2865.823,True
2026-04-04 10:00:00,2026-04-04 06:00:00,RFC,WEST,AEP,AEPKPT,454.337,True
2026-04-04 10:00:00,2026-04-04 06:00:00,RFC,WEST,AEP,AEPOPT,6862.224,True
2026-04-04 11:00:00,2026-04-04 07:00:00,RFC,WEST,AEP,AEPAPT,3140.981,True
2026-04-04 11:00:00,2026-04-04 07:00:00,RFC,WEST,AEP,AEPIMP,2872.404,True
2026-04-04 11:00:00,2026-04-04 07:00:00,RFC,WEST,AEP,AEPKPT,462.156,True
2026-04-04 11:00:00,2026-04-04 07:00:00,RFC,WEST,AEP,AEPOPT,6948.644,True
2026-04-04 12:00:00,2026-04-04 08:00:00,RFC,WEST,AEP,AEPAPT,3263.441,True
2026-04-04 12:00:00,2026-04-04 08:00:00,RFC,WEST,AEP,AEPIMP,3022.842,True
2026-04-04 12:00:00,2026-04-04 08:00:00,RFC,WEST,AEP,AEPKPT,490.616,True
2026-04-04 12:00:00,2026-04-04 08:00:00,RFC,WEST,AEP,AEPOPT,7183.298,True
2026-04-04 13:00:00,2026-04-04 09:00:00,RFC,WEST,AEP,AEPAPT,3366.661,True
2026-04-04 13:00:00,2026-04-04 09:00:00,RFC,WEST,AEP,AEPIMP,3009.538,True
2026-04-04 13:00:00,2026-04-04 09:00:00,RFC,WEST,AEP,AEPKPT,510.243,True
2026-04-04 13:00:00,2026-04-04 09:00:00,RFC,WEST,AEP,AEPOPT,7444.89,True
2026-04-04 14:00:00,2026-04-04 10:00:00,RFC,WEST,AEP,AEPAPT,3519.071,True
2026-04-04 14:00:00,2026-04-04 10:00:00,RFC,WEST,AEP,AEPIMP,3105.302,True
2026-04-04 14:00:00,2026-04-04 10:00:00,RFC,WEST,AEP,AEPKPT,538.764,True
2026-04-04 14:00:00,2026-04-04 10:00:00,RFC,WEST,AEP,AEPOPT,7684.891,True
2026-04-04 15:00:00,2026-04-04 11:00:00,RFC,WEST,AEP,AEPAPT,3643.661,True
2026-04-04 15:00:00,2026-04-04 11:00:00,RFC,WEST,AEP,AEPIMP,3193.698,True
2026-04-04 15:00:00,2026-04-04 11:00:00,RFC,WEST,AEP,AEPKPT,560.026,True
2026-04-04 15:00:00,2026-04-04 11:00:00,RFC,WEST,AEP,AEPOPT,7961.199,True
2026-04-04 16:00:00,2026-04-04 12:00:00,RFC,WEST,AEP,AEPAPT,3795.081,True
2026-04-04 16:00:00,2026-04-04 12:00:00,RFC,WEST,AEP,AEPIMP,3264.108,True
2026-04-04 16:00:00,2026-04-04 12:00:00,RFC,WEST,AEP,AEPKPT,581.618,True
2026-04-04 16:00:00,2026-04-04 12:00:00,RFC,WEST,AEP,AEPOPT,8035.797,True
2026-04-04 17:00:00,2026-04-04 13:00:00,RFC,WEST,AEP,AEPAPT,3914.075,True
2026-04-04 17:00:00,2026-04-04 13:00:00,RFC,WEST,AEP,AEPIMP,3272.827,True
2026-04-04 17:00:00,2026-04-04 13:00:00,RFC,WEST,AEP,AEPKPT,608.352,True
2026-04-04 17:00:00,2026-04-04 13:00:00,RFC,WEST,AEP,AEPOPT,8210.479,True
2026-04-04 18:00:00,2026-04-04 14:00:00,RFC,WEST,AEP,AEPAPT,4010.764,True
2026-04-04 18:00:00,2026-04-04 14:00:00,RFC,WEST,AEP,AEPIMP,3237.028,True
2026-04-04 18:00:00,2026-04-04 14:00:00,RFC,WEST,AEP,AEPKPT,626.027,True
2026-04-04 18:00:00,2026-04-04 14:00:00,RFC,WEST,AEP,AEPOPT,8354.756,True
2026-04-04 19:00:00,2026-04-04 15:00:00,RFC,WEST,AEP,AEPAPT,4127.846,True
2026-04-04 19:00:00,2026-04-04 15:00:00,RFC,WEST,AEP,AEPIMP,3197.824,True
2026-04-04 19:00:00,2026-04-04 15:00:00,RFC,WEST,AEP,AEPKPT,636.849,True
2026-04-04 19:00:00,2026-04-04 15:00:00,RFC,WEST,AEP,AEPOPT,8391.291,True
2026-04-04 20:00:00,2026-04-04 16:00:00,RFC,WEST,AEP,AEPAPT,4221.795,True
2026-04-04 20:00:00,2026-04-04 16:00:00,RFC,WEST,AEP,AEPIMP,3177.056,True
2026-04-04 20:00:00,2026-04-04 16:00:00,RFC,WEST,AEP,AEPKPT,625.896,True
2026-04-04 20:00:00,2026-04-04 16:00:00,RFC,WEST,AEP,AEPOPT,8432.654,True
2026-04-04 21:00:00,2026-04-04 17:00:00,RFC,WEST,AEP,AEPAPT,4248.876,True
2026-04-04 21:00:00,2026-04-04 17:00:00,RFC,WEST,AEP,AEPIMP,3190.732,True
2026-04-04 21:00:00,2026-04-04 17:00:00,RFC,WEST,AEP,AEPKPT,631.736,True
2026-04-04 21:00:00,2026-04-04 17:00:00,RFC,WEST,AEP,AEPOPT,8392.883,True
2026-04-04 22:00:00,2026-04-04 18:00:00,RFC,WEST,AEP,AEPAPT,4215.381,True
2026-04-04 22:00:00,2026-04-04 18:00:00,RFC,WEST,AEP,AEPIMP,3198.746,True
2026-04-04 22:00:00,2026-04-04 18:00:00,RFC,WEST,AEP,AEPKPT,616.855,True
2026-04-04 22:00:00,2026-04-04 18:00:00,RFC,WEST,AEP,AEPOPT,8178.827,True
2026-04-04 23:00:00,2026-04-04 19:00:00,RFC,WEST,AEP,AEPAPT,4166.188,True
2026-04-04 23:00:00,2026-04-04 19:00:00,RFC,WEST,AEP,AEPIMP,3218.688,True
2026-04-04 23:00:00,2026-04-04 19:00:00,RFC,WEST,AEP,AEPKPT,599.74,True
2026-04-04 23:00:00,2026-04-04 19:00:00,RFC,WEST,AEP,AEPOPT,8073.865,True
2026-04-05 00:00:00,2026-04-04 20:00:00,RFC,WEST,AEP,AEPAPT,4120.423,True
2026-04-05 00:00:00,2026-04-04 20:00:00,RFC,WEST,AEP,AEPIMP,3212.53,True
2026-04-05 00:00:00,2026-04-04 20:00:00,RFC,WEST,AEP,AEPKPT,604.096,True
2026-04-05 00:00:00,2026-04-04 20:00:00,RFC,WEST,AEP,AEPOPT,8011.078,True
2026-04-05 01:00:00,2026-04-04 21:00:00,RFC,WEST,AEP,AEPAPT,3939.423,True
2026-04-05 01:00:00,2026-04-04 21:00:00,RFC,WEST,AEP,AEPIMP,3186.0,True
2026-04-05 01:00:00,2026-04-04 21:00:00,RFC,WEST,AEP,AEPKPT,581.367,True
2026-04-05 01:00:00,2026-04-04 21:00:00,RFC,WEST,AEP,AEPOPT,7823.289,True
2026-04-05 02:00:00,2026-04-04 22:00:00,RFC,WEST,AEP,AEPAPT,3733.174,True
2026-04-05 02:00:00,2026-04-04 22:00:00,RFC,WEST,AEP,AEPIMP,3134.433,True
2026-04-05 02:00:00,2026-04-04 22:00:00,RFC,WEST,AEP,AEPKPT,570.997,True
2026-04-05 02:00:00,2026-04-04 22:00:00,RFC,WEST,AEP,AEPOPT,7461.432,True
2026-04-05 03:00:00,2026-04-04 23:00:00,RFC,WEST,AEP,AEPAPT,3509.388,True
2026-04-05 03:00:00,2026-04-04 23:00:00,RFC,WEST,AEP,AEPIMP,3068.223,True
2026-04-05 03:00:00,2026-04-04 23:00:00,RFC,WEST,AEP,AEPKPT,531.678,True
2026-04-05 03:00:00,2026-04-04 23:00:00,RFC,WEST,AEP,AEPOPT,7166.927,True
2026-04-05 04:00:00,2026-04-05 00:00:00,RFC,WEST,AEP,AEPAPT,3297.914,True
2026-04-05 04:00:00,2026-04-05 00:00:00,RFC,WEST,AEP,AEPIMP,2982.753,True
2026-04-05 04:00:00,2026-04-05 00:00:00,RFC,WEST,AEP,AEPKPT,490.656,True
2026-04-05 04:00:00,2026-04-05 00:00:00,RFC,WEST,AEP,AEPOPT,6860.612,True
2026-04-05 05:00:00,2026-04-05 01:00:00,RFC,WEST,AEP,AEPAPT,3166.081,True
2026-04-05 05:00:00,2026-04-05 01:00:00,RFC,WEST,AEP,AEPIMP,2896.651,True
2026-04-05 05:00:00,2026-04-05 01:00:00,RFC,WEST,AEP,AEPKPT,468.508,True
2026-04-05 05:00:00,2026-04-05 01:00:00,RFC,WEST,AEP,AEPOPT,6567.2,True
2026-04-05 06:00:00,2026-04-05 02:00:00,RFC,WEST,AEP,AEPAPT,3066.282,True
2026-04-05 06:00:00,2026-04-05 02:00:00,RFC,WEST,AEP,AEPIMP,2941.678,True
2026-04-05 06:00:00,2026-04-05 02:00:00,RFC,WEST,AEP,AEPKPT,455.521,True
2026-04-05 06:00:00,2026-04-05 02:00:00,RFC,WEST,AEP,AEPOPT,6480.093,True
2026-04-05 07:00:00,2026-04-05 03:00:00,RFC,WEST,AEP,AEPAPT,2994.672,True
2026-04-05 07:00:00,2026-04-05 03:00:00,RFC,WEST,AEP,AEPIMP,2870.668,True
2026-04-05 07:00:00,2026-04-05 03:00:00,RFC,WEST,AEP,AEPKPT,445.855,True
2026-04-05 07:00:00,2026-04-05 03:00:00,RFC,WEST,AEP,AEPOPT,6379.348,True
2026-04-05 08:00:00,2026-04-05 04:00:00,RFC,WEST,AEP,AEPAPT,3001.281,True
2026-04-05 08:00:00,2026-04-05 04:00:00,RFC,WEST,AEP,AEPIMP,2866.446,True
2026-04-05 08:00:00,2026-04-05 04:00:00,RFC,WEST,AEP,AEPKPT,448.552,True
2026-04-05 08:00:00,2026-04-05 04:00:00,RFC,WEST,AEP,AEPOPT,6427.869,True
2026-04-05 09:00:00,2026-04-05 05:00:00,RFC,WEST,AEP,AEPAPT,3066.713,True
2026-04-05 09:00:00,2026-04-05 05:00:00,RFC,WEST,AEP,AEPIMP,2940.019,True
2026-04-05 09:00:00,2026-04-05 05:00:00,RFC,WEST,AEP,AEPKPT,451.715,True
2026-04-05 09:00:00,2026-04-05 05:00:00,RFC,WEST,AEP,AEPOPT,6519.106,True
2026-04-05 10:00:00,2026-04-05 06:00:00,RFC,WEST,AEP,AEPAPT,3128.523,True
2026-04-05 10:00:00,2026-04-05 06:00:00,RFC,WEST,AEP,AEPIMP,2979.364,True
2026-04-05 10:00:00,2026-04-05 06:00:00,RFC,WEST,AEP,AEPKPT,453.946,True
2026-04-05 10:00:00,2026-04-05 06:00:00,RFC,WEST,AEP,AEPOPT,6602.901,True
2026-04-05 11:00:00,2026-04-05 07:00:00,RFC,WEST,AEP,AEPAPT,3198.391,True
2026-04-05 11:00:00,2026-04-05 07:00:00,RFC,WEST,AEP,AEPIMP,3086.794,True
2026-04-05 11:00:00,2026-04-05 07:00:00,RFC,WEST,AEP,AEPKPT,461.649,True
2026-04-05 11:00:00,2026-04-05 07:00:00,RFC,WEST,AEP,AEPOPT,6716.639,True
2026-04-05 12:00:00,2026-04-05 08:00:00,RFC,WEST,AEP,AEPAPT,3370.085,True
2026-04-05 12:00:00,2026-04-05 08:00:00,RFC,WEST,AEP,AEPIMP,3159.672,True
2026-04-05 12:00:00,2026-04-05 08:00:00,RFC,WEST,AEP,AEPKPT,480.318,True
2026-04-05 12:00:00,2026-04-05 08:00:00,RFC,WEST,AEP,AEPOPT,6999.146,True
2026-04-05 13:00:00,2026-04-05 09:00:00,RFC,WEST,AEP,AEPAPT,3493.957,True
2026-04-05 13:00:00,2026-04-05 09:00:00,RFC,WEST,AEP,AEPIMP,3194.426,True
2026-04-05 13:00:00,2026-04-05 09:00:00,RFC,WEST,AEP,AEPKPT,498.917,True
2026-04-05 13:00:00,2026-04-05 09:00:00,RFC,WEST,AEP,AEPOPT,7304.749,True
2026-04-05 14:00:00,2026-04-05 10:00:00,RFC,WEST,AEP,AEPAPT,3489.058,True
2026-04-05 14:00:00,2026-04-05 10:00:00,RFC,WEST,AEP,AEPIMP,3341.146,True
2026-04-05 14:00:00,2026-04-05 10:00:00,RFC,WEST,AEP,AEPKPT,502.585,True
2026-04-05 14:00:00,2026-04-05 10:00:00,RFC,WEST,AEP,AEPOPT,7387.262,True
2026-04-05 15:00:00,2026-04-05 11:00:00,RFC,WEST,AEP,AEPAPT,3479.337,True
2026-04-05 15:00:00,2026-04-05 11:00:00,RFC,WEST,AEP,AEPIMP,3293.59,True
2026-04-05 15:00:00,2026-04-05 11:00:00,RFC,WEST,AEP,AEPKPT,471.096,True
2026-04-05 15:00:00,2026-04-05 11:00:00,RFC,WEST,AEP,AEPOPT,7509.657,True
2026-04-05 16:00:00,2026-04-05 12:00:00,RFC,WEST,AEP,AEPAPT,3486.387,True
2026-04-05 16:00:00,2026-04-05 12:00:00,RFC,WEST,AEP,AEPIMP,3312.793,True
2026-04-05 16:00:00,2026-04-05 12:00:00,RFC,WEST,AEP,AEPKPT,460.326,True
2026-04-05 16:00:00,2026-04-05 12:00:00,RFC,WEST,AEP,AEPOPT,7441.365,True
2026-04-05 17:00:00,2026-04-05 13:00:00,RFC,WEST,AEP,AEPAPT,3421.279,True
2026-04-05 17:00:00,2026-04-05 13:00:00,RFC,WEST,AEP,AEPIMP,3246.304,True
2026-04-05 17:00:00,2026-04-05 13:00:00,RFC,WEST,AEP,AEPKPT,463.611,True
2026-04-05 17:00:00,2026-04-05 13:00:00,RFC,WEST,AEP,AEPOPT,7405.427,True
2026-04-05 18:00:00,2026-04-05 14:00:00,RFC,WEST,AEP,AEPAPT,3314.8,True
2026-04-05 18:00:00,2026-04-05 14:00:00,RFC,WEST,AEP,AEPIMP,3157.949,True
2026-04-05 18:00:00,2026-04-05 14:00:00,RFC,WEST,AEP,AEPKPT,451.812,True
2026-04-05 18:00:00,2026-04-05 14:00:00,RFC,WEST,AEP,AEPOPT,7300.742,True
2026-04-05 19:00:00,2026-04-05 15:00:00,RFC,WEST,AEP,AEPAPT,3326.589,True
2026-04-05 19:00:00,2026-04-05 15:00:00,RFC,WEST,AEP,AEPIMP,3083.503,True
2026-04-05 19:00:00,2026-04-05 15:00:00,RFC,WEST,AEP,AEPKPT,443.851,True
2026-04-05 19:00:00,2026-04-05 15:00:00,RFC,WEST,AEP,AEPOPT,7331.055,True
2026-04-05 20:00:00,2026-04-05 16:00:00,RFC,WEST,AEP,AEPAPT,3367.216,True
2026-04-05 20:00:00,2026-04-05 16:00:00,RFC,WEST,AEP,AEPIMP,3057.918,True
2026-04-05 20:00:00,2026-04-05 16:00:00,RFC,WEST,AEP,AEPKPT,446.554,True
2026-04-05 20:00:00,2026-04-05 16:00:00,RFC,WEST,AEP,AEPOPT,7345.957,True
2026-04-05 21:00:00,2026-04-05 17:00:00,RFC,WEST,AEP,AEPAPT,3421.095,True
2026-04-05 21:00:00,2026-04-05 17:00:00,RFC,WEST,AEP,AEPIMP,3008.465,True
2026-04-05 21:00:00,2026-04-05 17:00:00,RFC,WEST,AEP,AEPKPT,457.933,True
2026-04-05 21:00:00,2026-04-05 17:00:00,RFC,WEST,AEP,AEPOPT,7358.766,True
2026-04-05 22:00:00,2026-04-05 18:00:00,RFC,WEST,AEP,AEPAPT,3468.684,True
2026-04-05 22:00:00,2026-04-05 18:00:00,RFC,WEST,AEP,AEPIMP,3012.933,True
2026-04-05 22:00:00,2026-04-05 18:00:00,RFC,WEST,AEP,AEPKPT,466.11,True
2026-04-05 22:00:00,2026-04-05 18:00:00,RFC,WEST,AEP,AEPOPT,7369.64,True
2026-04-05 23:00:00,2026-04-05 19:00:00,RFC,WEST,AEP,AEPAPT,3460.282,True
2026-04-05 23:00:00,2026-04-05 19:00:00,RFC,WEST,AEP,AEPIMP,3131.279,True
2026-04-05 23:00:00,2026-04-05 19:00:00,RFC,WEST,AEP,AEPKPT,509.729,True
2026-04-05 23:00:00,2026-04-05 19:00:00,RFC,WEST,AEP,AEPOPT,7420.085,True
2026-04-06 00:00:00,2026-04-05 20:00:00,RFC,WEST,AEP,AEPAPT,3570.505,True
2026-04-06 00:00:00,2026-04-05 20:00:00,RFC,WEST,AEP,AEPIMP,3187.418,True
2026-04-06 00:00:00,2026-04-05 20:00:00,RFC,WEST,AEP,AEPKPT,552.191,True
2026-04-06 00:00:00,2026-04-05 20:00:00,RFC,WEST,AEP,AEPOPT,7605.484,True
2026-04-06 01:00:00,2026-04-05 21:00:00,RFC,WEST,AEP,AEPAPT,3516.776,True
2026-04-06 01:00:00,2026-04-05 21:00:00,RFC,WEST,AEP,AEPIMP,3264.958,True
2026-04-06 01:00:00,2026-04-05 21:00:00,RFC,WEST,AEP,AEPKPT,554.927,True
2026-04-06 01:00:00,2026-04-05 21:00:00,RFC,WEST,AEP,AEPOPT,7659.0,True
2026-04-06 02:00:00,2026-04-05 22:00:00,RFC,WEST,AEP,AEPAPT,3428.225,True
2026-04-06 02:00:00,2026-04-05 22:00:00,RFC,WEST,AEP,AEPIMP,3166.879,True
2026-04-06 02:00:00,2026-04-05 22:00:00,RFC,WEST,AEP,AEPKPT,533.008,True
2026-04-06 02:00:00,2026-04-05 22:00:00,RFC,WEST,AEP,AEPOPT,7502.081,True
2026-04-06 03:00:00,2026-04-05 23:00:00,RFC,WEST,AEP,AEPAPT,3297.174,True
2026-04-06 03:00:00,2026-04-05 23:00:00,RFC,WEST,AEP,AEPIMP,3123.908,True
2026-04-06 03:00:00,2026-04-05 23:00:00,RFC,WEST,AEP,AEPKPT,513.706,True
2026-04-06 03:00:00,2026-04-05 23:00:00,RFC,WEST,AEP,AEPOPT,7291.781,True
2026-04-06 04:00:00,2026-04-06 00:00:00,RFC,WEST,AEP,AEPAPT,3232.915,True
2026-04-06 04:00:00,2026-04-06 00:00:00,RFC,WEST,AEP,AEPIMP,3103.031,True
2026-04-06 04:00:00,2026-04-06 00:00:00,RFC,WEST,AEP,AEPKPT,495.619,True
2026-04-06 04:00:00,2026-04-06 00:00:00,RFC,WEST,AEP,AEPOPT,7207.168,True
2026-04-06 05:00:00,2026-04-06 01:00:00,RFC,WEST,AEP,AEPAPT,3187.489,True
2026-04-06 05:00:00,2026-04-06 01:00:00,RFC,WEST,AEP,AEPIMP,3114.304,True
2026-04-06 05:00:00,2026-04-06 01:00:00,RFC,WEST,AEP,AEPKPT,492.054,True
2026-04-06 05:00:00,2026-04-06 01:00:00,RFC,WEST,AEP,AEPOPT,7110.431,True
2026-04-06 06:00:00,2026-04-06 02:00:00,RFC,WEST,AEP,AEPAPT,3187.897,True
2026-04-06 06:00:00,2026-04-06 02:00:00,RFC,WEST,AEP,AEPIMP,3108.804,True
2026-04-06 06:00:00,2026-04-06 02:00:00,RFC,WEST,AEP,AEPKPT,502.845,True
2026-04-06 06:00:00,2026-04-06 02:00:00,RFC,WEST,AEP,AEPOPT,7150.345,True
2026-04-06 07:00:00,2026-04-06 03:00:00,RFC,WEST,AEP,AEPAPT,3251.998,True
2026-04-06 07:00:00,2026-04-06 03:00:00,RFC,WEST,AEP,AEPIMP,3152.045,True
2026-04-06 07:00:00,2026-04-06 03:00:00,RFC,WEST,AEP,AEPKPT,510.691,True
2026-04-06 07:00:00,2026-04-06 03:00:00,RFC,WEST,AEP,AEPOPT,7186.392,True
2026-04-06 08:00:00,2026-04-06 04:00:00,RFC,WEST,AEP,AEPAPT,3374.944,True
2026-04-06 08:00:00,2026-04-06 04:00:00,RFC,WEST,AEP,AEPIMP,3114.438,True
2026-04-06 08:00:00,2026-04-06 04:00:00,RFC,WEST,AEP,AEPKPT,529.718,True
2026-04-06 08:00:00,2026-04-06 04:00:00,RFC,WEST,AEP,AEPOPT,7371.463,True
2026-04-06 09:00:00,2026-04-06 05:00:00,RFC,WEST,AEP,AEPAPT,3615.213,True
2026-04-06 09:00:00,2026-04-06 05:00:00,RFC,WEST,AEP,AEPIMP,3279.203,True
2026-04-06 09:00:00,2026-04-06 05:00:00,RFC,WEST,AEP,AEPKPT,565.065,True
2026-04-06 09:00:00,2026-04-06 05:00:00,RFC,WEST,AEP,AEPOPT,7706.497,True
2026-04-06 10:00:00,2026-04-06 06:00:00,RFC,WEST,AEP,AEPAPT,3990.92,True
2026-04-06 10:00:00,2026-04-06 06:00:00,RFC,WEST,AEP,AEPIMP,3503.181,True
2026-04-06 10:00:00,2026-04-06 06:00:00,RFC,WEST,AEP,AEPKPT,630.397,True
2026-04-06 10:00:00,2026-04-06 06:00:00,RFC,WEST,AEP,AEPOPT,8072.668,True
2026-04-06 11:00:00,2026-04-06 07:00:00,RFC,WEST,AEP,AEPAPT,4242.248,True
2026-04-06 11:00:00,2026-04-06 07:00:00,RFC,WEST,AEP,AEPIMP,3629.352,True
2026-04-06 11:00:00,2026-04-06 07:00:00,RFC,WEST,AEP,AEPKPT,658.213,True
2026-04-06 11:00:00,2026-04-06 07:00:00,RFC,WEST,AEP,AEPOPT,8261.078,True
2026-04-06 12:00:00,2026-04-06 08:00:00,RFC,WEST,AEP,AEPAPT,4223.882,True
2026-04-06 12:00:00,2026-04-06 08:00:00,RFC,WEST,AEP,AEPIMP,3573.504,True
2026-04-06 12:00:00,2026-04-06 08:00:00,RFC,WEST,AEP,AEPKPT,666.573,True
2026-04-06 12:00:00,2026-04-06 08:00:00,RFC,WEST,AEP,AEPOPT,8431.045,True
2026-04-06 13:00:00,2026-04-06 09:00:00,RFC,WEST,AEP,AEPAPT,4050.596,True
2026-04-06 13:00:00,2026-04-06 09:00:00,RFC,WEST,AEP,AEPIMP,3743.917,True
2026-04-06 13:00:00,2026-04-06 09:00:00,RFC,WEST,AEP,AEPKPT,635.482,True
2026-04-06 13:00:00,2026-04-06 09:00:00,RFC,WEST,AEP,AEPOPT,8507.901,True
2026-04-06 14:00:00,2026-04-06 10:00:00,RFC,WEST,AEP,AEPAPT,3911.399,True
2026-04-06 14:00:00,2026-04-06 10:00:00,RFC,WEST,AEP,AEPIMP,3672.923,True
2026-04-06 14:00:00,2026-04-06 10:00:00,RFC,WEST,AEP,AEPKPT,598.359,True
2026-04-06 14:00:00,2026-04-06 10:00:00,RFC,WEST,AEP,AEPOPT,8432.918,True
2026-04-06 15:00:00,2026-04-06 11:00:00,RFC,WEST,AEP,AEPAPT,3814.111,True
2026-04-06 15:00:00,2026-04-06 11:00:00,RFC,WEST,AEP,AEPIMP,3685.04,True
2026-04-06 15:00:00,2026-04-06 11:00:00,RFC,WEST,AEP,AEPKPT,570.82,True
2026-04-06 15:00:00,2026-04-06 11:00:00,RFC,WEST,AEP,AEPOPT,8310.418,True
2026-04-06 16:00:00,2026-04-06 12:00:00,RFC,WEST,AEP,AEPAPT,3712.997,True
2026-04-06 16:00:00,2026-04-06 12:00:00,RFC,WEST,AEP,AEPIMP,3691.092,True
2026-04-06 16:00:00,2026-04-06 12:00:00,RFC,WEST,AEP,AEPKPT,549.963,True
2026-04-06 16:00:00,2026-04-06 12:00:00,RFC,WEST,AEP,AEPOPT,8203.676,True
2026-04-06 17:00:00,2026-04-06 13:00:00,RFC,WEST,AEP,AEPAPT,3682.854,True
2026-04-06 17:00:00,2026-04-06 13:00:00,RFC,WEST,AEP,AEPIMP,3638.114,True
2026-04-06 17:00:00,2026-04-06 13:00:00,RFC,WEST,AEP,AEPKPT,546.879,True
2026-04-06 17:00:00,2026-04-06 13:00:00,RFC,WEST,AEP,AEPOPT,8119.134,True
2026-04-06 18:00:00,2026-04-06 14:00:00,RFC,WEST,AEP,AEPAPT,3655.19,True
2026-04-06 18:00:00,2026-04-06 14:00:00,RFC,WEST,AEP,AEPIMP,3571.981,True
2026-04-06 18:00:00,2026-04-06 14:00:00,RFC,WEST,AEP,AEPKPT,533.243,True
2026-04-06 18:00:00,2026-04-06 14:00:00,RFC,WEST,AEP,AEPOPT,8040.911,True
2026-04-06 19:00:00,2026-04-06 15:00:00,RFC,WEST,AEP,AEPAPT,3568.91,True
2026-04-06 19:00:00,2026-04-06 15:00:00,RFC,WEST,AEP,AEPIMP,3530.358,True
2026-04-06 19:00:00,2026-04-06 15:00:00,RFC,WEST,AEP,AEPKPT,528.201,True
2026-04-06 19:00:00,2026-04-06 15:00:00,RFC,WEST,AEP,AEPOPT,7971.913,True
2026-04-06 20:00:00,2026-04-06 16:00:00,RFC,WEST,AEP,AEPAPT,3626.463,True
2026-04-06 20:00:00,2026-04-06 16:00:00,RFC,WEST,AEP,AEPIMP,3475.691,True
2026-04-06 20:00:00,2026-04-06 16:00:00,RFC,WEST,AEP,AEPKPT,522.691,True
2026-04-06 20:00:00,2026-04-06 16:00:00,RFC,WEST,AEP,AEPOPT,7906.065,True
2026-04-06 21:00:00,2026-04-06 17:00:00,RFC,WEST,AEP,AEPAPT,3725.222,True
2026-04-06 21:00:00,2026-04-06 17:00:00,RFC,WEST,AEP,AEPIMP,3477.859,True
2026-04-06 21:00:00,2026-04-06 17:00:00,RFC,WEST,AEP,AEPKPT,530.09,True
2026-04-06 21:00:00,2026-04-06 17:00:00,RFC,WEST,AEP,AEPOPT,7925.571,True
2026-04-06 22:00:00,2026-04-06 18:00:00,RFC,WEST,AEP,AEPAPT,3794.514,True
2026-04-06 22:00:00,2026-04-06 18:00:00,RFC,WEST,AEP,AEPIMP,3472.227,True
2026-04-06 22:00:00,2026-04-06 18:00:00,RFC,WEST,AEP,AEPKPT,529.705,True
2026-04-06 22:00:00,2026-04-06 18:00:00,RFC,WEST,AEP,AEPOPT,7934.279,True
2026-04-06 23:00:00,2026-04-06 19:00:00,RFC,WEST,AEP,AEPAPT,3859.736,True
2026-04-06 23:00:00,2026-04-06 19:00:00,RFC,WEST,AEP,AEPIMP,3518.517,True
2026-04-06 23:00:00,2026-04-06 19:00:00,RFC,WEST,AEP,AEPKPT,534.218,True
2026-04-06 23:00:00,2026-04-06 19:00:00,RFC,WEST,AEP,AEPOPT,7883.701,True
2026-04-07 00:00:00,2026-04-06 20:00:00,RFC,WEST,AEP,AEPAPT,3994.071,True
2026-04-07 00:00:00,2026-04-06 20:00:00,RFC,WEST,AEP,AEPIMP,3550.795,True
2026-04-07 00:00:00,2026-04-06 20:00:00,RFC,WEST,AEP,AEPKPT,558.112,True
2026-04-07 00:00:00,2026-04-06 20:00:00,RFC,WEST,AEP,AEPOPT,8125.233,True
2026-04-07 01:00:00,2026-04-06 21:00:00,RFC,WEST,AEP,AEPAPT,3900.124,True
2026-04-07 01:00:00,2026-04-06 21:00:00,RFC,WEST,AEP,AEPIMP,3491.031,True
2026-04-07 01:00:00,2026-04-06 21:00:00,RFC,WEST,AEP,AEPKPT,555.914,True
2026-04-07 01:00:00,2026-04-06 21:00:00,RFC,WEST,AEP,AEPOPT,8037.497,True
2026-04-07 02:00:00,2026-04-06 22:00:00,RFC,WEST,AEP,AEPAPT,3749.651,True
2026-04-07 02:00:00,2026-04-06 22:00:00,RFC,WEST,AEP,AEPIMP,3468.16,True
2026-04-07 02:00:00,2026-04-06 22:00:00,RFC,WEST,AEP,AEPKPT,532.983,True
2026-04-07 02:00:00,2026-04-06 22:00:00,RFC,WEST,AEP,AEPOPT,7839.372,True
2026-04-07 03:00:00,2026-04-06 23:00:00,RFC,WEST,AEP,AEPAPT,3583.62,True
2026-04-07 03:00:00,2026-04-06 23:00:00,RFC,WEST,AEP,AEPIMP,3372.532,True
2026-04-07 03:00:00,2026-04-06 23:00:00,RFC,WEST,AEP,AEPKPT,513.495,True
2026-04-07 03:00:00,2026-04-06 23:00:00,RFC,WEST,AEP,AEPOPT,7686.781,True
2026-04-07 04:00:00,2026-04-07 00:00:00,RFC,WEST,AEP,AEPAPT,3450.528,True
2026-04-07 04:00:00,2026-04-07 00:00:00,RFC,WEST,AEP,AEPIMP,3338.326,True
2026-04-07 04:00:00,2026-04-07 00:00:00,RFC,WEST,AEP,AEPKPT,504.31,True
2026-04-07 04:00:00,2026-04-07 00:00:00,RFC,WEST,AEP,AEPOPT,7444.723,True
2026-04-07 05:00:00,2026-04-07 01:00:00,RFC,WEST,AEP,AEPAPT,3407.043,True
2026-04-07 05:00:00,2026-04-07 01:00:00,RFC,WEST,AEP,AEPIMP,3306.302,True
2026-04-07 05:00:00,2026-04-07 01:00:00,RFC,WEST,AEP,AEPKPT,502.353,True
2026-04-07 05:00:00,2026-04-07 01:00:00,RFC,WEST,AEP,AEPOPT,7322.377,True
2026-04-07 06:00:00,2026-04-07 02:00:00,RFC,WEST,AEP,AEPAPT,3413.375,True
2026-04-07 06:00:00,2026-04-07 02:00:00,RFC,WEST,AEP,AEPIMP,3271.181,True
2026-04-07 06:00:00,2026-04-07 02:00:00,RFC,WEST,AEP,AEPKPT,504.509,True
2026-04-07 06:00:00,2026-04-07 02:00:00,RFC,WEST,AEP,AEPOPT,7250.428,True
2026-04-07 07:00:00,2026-04-07 03:00:00,RFC,WEST,AEP,AEPAPT,3467.154,True
2026-04-07 07:00:00,2026-04-07 03:00:00,RFC,WEST,AEP,AEPIMP,3283.588,True
2026-04-07 07:00:00,2026-04-07 03:00:00,RFC,WEST,AEP,AEPKPT,517.92,True
2026-04-07 07:00:00,2026-04-07 03:00:00,RFC,WEST,AEP,AEPOPT,7348.647,True
2026-04-07 08:00:00,2026-04-07 04:00:00,RFC,WEST,AEP,AEPAPT,3588.092,True
2026-04-07 08:00:00,2026-04-07 04:00:00,RFC,WEST,AEP,AEPIMP,3417.275,True
2026-04-07 08:00:00,2026-04-07 04:00:00,RFC,WEST,AEP,AEPKPT,530.19,True
2026-04-07 08:00:00,2026-04-07 04:00:00,RFC,WEST,AEP,AEPOPT,7482.629,True
2026-04-07 09:00:00,2026-04-07 05:00:00,RFC,WEST,AEP,AEPAPT,3826.044,True
2026-04-07 09:00:00,2026-04-07 05:00:00,RFC,WEST,AEP,AEPIMP,3473.345,True
2026-04-07 09:00:00,2026-04-07 05:00:00,RFC,WEST,AEP,AEPKPT,568.241,True
2026-04-07 09:00:00,2026-04-07 05:00:00,RFC,WEST,AEP,AEPOPT,7771.734,True
2026-04-07 10:00:00,2026-04-07 06:00:00,RFC,WEST,AEP,AEPAPT,4170.847,True
2026-04-07 10:00:00,2026-04-07 06:00:00,RFC,WEST,AEP,AEPIMP,3763.739,True
2026-04-07 10:00:00,2026-04-07 06:00:00,RFC,WEST,AEP,AEPKPT,627.487,True
2026-04-07 10:00:00,2026-04-07 06:00:00,RFC,WEST,AEP,AEPOPT,8294.234,True
2026-04-07 11:00:00,2026-04-07 07:00:00,RFC,WEST,AEP,AEPAPT,4396.551,True
2026-04-07 11:00:00,2026-04-07 07:00:00,RFC,WEST,AEP,AEPIMP,3872.046,True
2026-04-07 11:00:00,2026-04-07 07:00:00,RFC,WEST,AEP,AEPKPT,662.157,True
2026-04-07 11:00:00,2026-04-07 07:00:00,RFC,WEST,AEP,AEPOPT,8553.252,True
2026-04-07 12:00:00,2026-04-07 08:00:00,RFC,WEST,AEP,AEPAPT,4343.269,True
2026-04-07 12:00:00,2026-04-07 08:00:00,RFC,WEST,AEP,AEPIMP,3821.686,True
2026-04-07 12:00:00,2026-04-07 08:00:00,RFC,WEST,AEP,AEPKPT,660.963,True
2026-04-07 12:00:00,2026-04-07 08:00:00,RFC,WEST,AEP,AEPOPT,8681.699,True
2026-04-07 13:00:00,2026-04-07 09:00:00,RFC,WEST,AEP,AEPAPT,4132.753,True
2026-04-07 13:00:00,2026-04-07 09:00:00,RFC,WEST,AEP,AEPIMP,3793.428,True
2026-04-07 13:00:00,2026-04-07 09:00:00,RFC,WEST,AEP,AEPKPT,632.412,True
2026-04-07 13:00:00,2026-04-07 09:00:00,RFC,WEST,AEP,AEPOPT,8542.775,True
2026-04-07 14:00:00,2026-04-07 10:00:00,RFC,WEST,AEP,AEPAPT,3977.516,True
2026-04-07 14:00:00,2026-04-07 10:00:00,RFC,WEST,AEP,AEPIMP,3793.614,True
2026-04-07 14:00:00,2026-04-07 10:00:00,RFC,WEST,AEP,AEPKPT,610.803,True
2026-04-07 14:00:00,2026-04-07 10:00:00,RFC,WEST,AEP,AEPOPT,8435.333,True
2026-04-07 15:00:00,2026-04-07 11:00:00,RFC,WEST,AEP,AEPAPT,3873.281,True
2026-04-07 15:00:00,2026-04-07 11:00:00,RFC,WEST,AEP,AEPIMP,3665.715,True
2026-04-07 15:00:00,2026-04-07 11:00:00,RFC,WEST,AEP,AEPKPT,588.338,True
2026-04-07 15:00:00,2026-04-07 11:00:00,RFC,WEST,AEP,AEPOPT,8366.147,True
2026-04-07 16:00:00,2026-04-07 12:00:00,RFC,WEST,AEP,AEPAPT,3783.825,True
2026-04-07 16:00:00,2026-04-07 12:00:00,RFC,WEST,AEP,AEPIMP,3687.108,True
2026-04-07 16:00:00,2026-04-07 12:00:00,RFC,WEST,AEP,AEPKPT,569.437,True
2026-04-07 16:00:00,2026-04-07 12:00:00,RFC,WEST,AEP,AEPOPT,8305.201,True
2026-04-07 17:00:00,2026-04-07 13:00:00,RFC,WEST,AEP,AEPAPT,3740.478,True
2026-04-07 17:00:00,2026-04-07 13:00:00,RFC,WEST,AEP,AEPIMP,3636.208,True
2026-04-07 17:00:00,2026-04-07 13:00:00,RFC,WEST,AEP,AEPKPT,558.078,True
2026-04-07 17:00:00,2026-04-07 13:00:00,RFC,WEST,AEP,AEPOPT,8167.604,True
2026-04-07 18:00:00,2026-04-07 14:00:00,RFC,WEST,AEP,AEPAPT,3680.549,True
2026-04-07 18:00:00,2026-04-07 14:00:00,RFC,WEST,AEP,AEPIMP,3547.42,True
2026-04-07 18:00:00,2026-04-07 14:00:00,RFC,WEST,AEP,AEPKPT,542.998,True
2026-04-07 18:00:00,2026-04-07 14:00:00,RFC,WEST,AEP,AEPOPT,8040.705,True
2026-04-07 19:00:00,2026-04-07 15:00:00,RFC,WEST,AEP,AEPAPT,3612.091,True
2026-04-07 19:00:00,2026-04-07 15:00:00,RFC,WEST,AEP,AEPIMP,3378.827,True
2026-04-07 19:00:00,2026-04-07 15:00:00,RFC,WEST,AEP,AEPKPT,545.145,True
2026-04-07 19:00:00,2026-04-07 15:00:00,RFC,WEST,AEP,AEPOPT,7979.776,True
2026-04-07 20:00:00,2026-04-07 16:00:00,RFC,WEST,AEP,AEPAPT,3646.839,True
2026-04-07 20:00:00,2026-04-07 16:00:00,RFC,WEST,AEP,AEPIMP,3430.249,True
2026-04-07 20:00:00,2026-04-07 16:00:00,RFC,WEST,AEP,AEPKPT,542.789,True
2026-04-07 20:00:00,2026-04-07 16:00:00,RFC,WEST,AEP,AEPOPT,7915.698,True
2026-04-07 21:00:00,2026-04-07 17:00:00,RFC,WEST,AEP,AEPAPT,3711.083,True
2026-04-07 21:00:00,2026-04-07 17:00:00,RFC,WEST,AEP,AEPIMP,3427.919,True
2026-04-07 21:00:00,2026-04-07 17:00:00,RFC,WEST,AEP,AEPKPT,546.329,True
2026-04-07 21:00:00,2026-04-07 17:00:00,RFC,WEST,AEP,AEPOPT,7948.397,True
2026-04-07 22:00:00,2026-04-07 18:00:00,RFC,WEST,AEP,AEPAPT,3803.752,True
2026-04-07 22:00:00,2026-04-07 18:00:00,RFC,WEST,AEP,AEPIMP,3461.025,True
2026-04-07 22:00:00,2026-04-07 18:00:00,RFC,WEST,AEP,AEPKPT,550.595,True
2026-04-07 22:00:00,2026-04-07 18:00:00,RFC,WEST,AEP,AEPOPT,8014.94,True
2026-04-07 23:00:00,2026-04-07 19:00:00,RFC,WEST,AEP,AEPAPT,3942.945,True
2026-04-07 23:00:00,2026-04-07 19:00:00,RFC,WEST,AEP,AEPIMP,3535.038,True
2026-04-07 23:00:00,2026-04-07 19:00:00,RFC,WEST,AEP,AEPKPT,568.029,True
2026-04-07 23:00:00,2026-04-07 19:00:00,RFC,WEST,AEP,AEPOPT,8148.68,True
2026-04-08 00:00:00,2026-04-07 20:00:00,RFC,WEST,AEP,AEPAPT,4123.529,True
2026-04-08 00:00:00,2026-04-07 20:00:00,RFC,WEST,AEP,AEPIMP,3605.056,True
2026-04-08 00:00:00,2026-04-07 20:00:00,RFC,WEST,AEP,AEPKPT,598.294,True
2026-04-08 00:00:00,2026-04-07 20:00:00,RFC,WEST,AEP,AEPOPT,8370.662,True
2026-04-08 01:00:00,2026-04-07 21:00:00,RFC,WEST,AEP,AEPAPT,4084.46,True
2026-04-08 01:00:00,2026-04-07 21:00:00,RFC,WEST,AEP,AEPIMP,3593.606,True
2026-04-08 01:00:00,2026-04-07 21:00:00,RFC,WEST,AEP,AEPKPT,596.762,True
2026-04-08 01:00:00,2026-04-07 21:00:00,RFC,WEST,AEP,AEPOPT,8391.831,True
2026-04-08 02:00:00,2026-04-07 22:00:00,RFC,WEST,AEP,AEPAPT,3961.532,True
2026-04-08 02:00:00,2026-04-07 22:00:00,RFC,WEST,AEP,AEPIMP,3518.462,True
2026-04-08 02:00:00,2026-04-07 22:00:00,RFC,WEST,AEP,AEPKPT,592.016,True
2026-04-08 02:00:00,2026-04-07 22:00:00,RFC,WEST,AEP,AEPOPT,8131.932,True
2026-04-08 03:00:00,2026-04-07 23:00:00,RFC,WEST,AEP,AEPAPT,3850.923,True
2026-04-08 03:00:00,2026-04-07 23:00:00,RFC,WEST,AEP,AEPIMP,3453.72,True
2026-04-08 03:00:00,2026-04-07 23:00:00,RFC,WEST,AEP,AEPKPT,571.743,True
2026-04-08 03:00:00,2026-04-07 23:00:00,RFC,WEST,AEP,AEPOPT,7931.135,True
2026-04-08 04:00:00,2026-04-08 00:00:00,RFC,WEST,AEP,AEPAPT,3763.332,True
2026-04-08 04:00:00,2026-04-08 00:00:00,RFC,WEST,AEP,AEPIMP,3382.276,True
2026-04-08 04:00:00,2026-04-08 00:00:00,RFC,WEST,AEP,AEPKPT,565.874,True
2026-04-08 04:00:00,2026-04-08 00:00:00,RFC,WEST,AEP,AEPOPT,7757.317,True
2026-04-08 05:00:00,2026-04-08 01:00:00,RFC,WEST,AEP,AEPAPT,3770.066,True
2026-04-08 05:00:00,2026-04-08 01:00:00,RFC,WEST,AEP,AEPIMP,3391.875,True
2026-04-08 05:00:00,2026-04-08 01:00:00,RFC,WEST,AEP,AEPKPT,570.53,True
2026-04-08 05:00:00,2026-04-08 01:00:00,RFC,WEST,AEP,AEPOPT,7716.934,True
2026-04-08 06:00:00,2026-04-08 02:00:00,RFC,WEST,AEP,AEPAPT,3812.771,True
2026-04-08 06:00:00,2026-04-08 02:00:00,RFC,WEST,AEP,AEPIMP,3375.787,True
2026-04-08 06:00:00,2026-04-08 02:00:00,RFC,WEST,AEP,AEPKPT,573.033,True
2026-04-08 06:00:00,2026-04-08 02:00:00,RFC,WEST,AEP,AEPOPT,7659.026,True
2026-04-08 07:00:00,2026-04-08 03:00:00,RFC,WEST,AEP,AEPAPT,3870.242,True
2026-04-08 07:00:00,2026-04-08 03:00:00,RFC,WEST,AEP,AEPIMP,3376.352,True
2026-04-08 07:00:00,2026-04-08 03:00:00,RFC,WEST,AEP,AEPKPT,581.509,True
2026-04-08 07:00:00,2026-04-08 03:00:00,RFC,WEST,AEP,AEPOPT,7766.373,True
2026-04-08 08:00:00,2026-04-08 04:00:00,RFC,WEST,AEP,AEPAPT,4023.508,True
2026-04-08 08:00:00,2026-04-08 04:00:00,RFC,WEST,AEP,AEPIMP,3482.653,True
2026-04-08 08:00:00,2026-04-08 04:00:00,RFC,WEST,AEP,AEPKPT,601.604,True
2026-04-08 08:00:00,2026-04-08 04:00:00,RFC,WEST,AEP,AEPOPT,7890.124,True
2026-04-08 09:00:00,2026-04-08 05:00:00,RFC,WEST,AEP,AEPAPT,4261.103,True
2026-04-08 09:00:00,2026-04-08 05:00:00,RFC,WEST,AEP,AEPIMP,3558.428,True
2026-04-08 09:00:00,2026-04-08 05:00:00,RFC,WEST,AEP,AEPKPT,631.19,True
2026-04-08 09:00:00,2026-04-08 05:00:00,RFC,WEST,AEP,AEPOPT,8186.789,True
2026-04-08 10:00:00,2026-04-08 06:00:00,RFC,WEST,AEP,AEPAPT,4617.164,True
2026-04-08 10:00:00,2026-04-08 06:00:00,RFC,WEST,AEP,AEPIMP,3680.915,True
2026-04-08 10:00:00,2026-04-08 06:00:00,RFC,WEST,AEP,AEPKPT,692.128,True
2026-04-08 10:00:00,2026-04-08 06:00:00,RFC,WEST,AEP,AEPOPT,8735.122,True
2026-04-08 11:00:00,2026-04-08 07:00:00,RFC,WEST,AEP,AEPAPT,4790.153,True
2026-04-08 11:00:00,2026-04-08 07:00:00,RFC,WEST,AEP,AEPIMP,3746.777,True
2026-04-08 11:00:00,2026-04-08 07:00:00,RFC,WEST,AEP,AEPKPT,708.276,True
2026-04-08 11:00:00,2026-04-08 07:00:00,RFC,WEST,AEP,AEPOPT,8874.4,True
2026-04-08 12:00:00,2026-04-08 08:00:00,RFC,WEST,AEP,AEPAPT,4658.827,True
2026-04-08 12:00:00,2026-04-08 08:00:00,RFC,WEST,AEP,AEPIMP,3713.839,True
2026-04-08 12:00:00,2026-04-08 08:00:00,RFC,WEST,AEP,AEPKPT,686.264,True
2026-04-08 12:00:00,2026-04-08 08:00:00,RFC,WEST,AEP,AEPOPT,8830.497,True
2026-04-08 13:00:00,2026-04-08 09:00:00,RFC,WEST,AEP,AEPAPT,4361.488,True
2026-04-08 13:00:00,2026-04-08 09:00:00,RFC,WEST,AEP,AEPIMP,3710.781,True
2026-04-08 13:00:00,2026-04-08 09:00:00,RFC,WEST,AEP,AEPKPT,656.914,True
2026-04-08 13:00:00,2026-04-08 09:00:00,RFC,WEST,AEP,AEPOPT,8665.275,True
2026-04-08 14:00:00,2026-04-08 10:00:00,RFC,WEST,AEP,AEPAPT,4135.62,True
2026-04-08 14:00:00,2026-04-08 10:00:00,RFC,WEST,AEP,AEPIMP,3675.528,True
2026-04-08 14:00:00,2026-04-08 10:00:00,RFC,WEST,AEP,AEPKPT,612.087,True
2026-04-08 14:00:00,2026-04-08 10:00:00,RFC,WEST,AEP,AEPOPT,8469.184,True
2026-04-08 15:00:00,2026-04-08 11:00:00,RFC,WEST,AEP,AEPAPT,3954.046,True
2026-04-08 15:00:00,2026-04-08 11:00:00,RFC,WEST,AEP,AEPIMP,3536.494,True
2026-04-08 15:00:00,2026-04-08 11:00:00,RFC,WEST,AEP,AEPKPT,578.951,True
2026-04-08 15:00:00,2026-04-08 11:00:00,RFC,WEST,AEP,AEPOPT,8300.619,True
2026-04-08 16:00:00,2026-04-08 12:00:00,RFC,WEST,AEP,AEPAPT,3811.919,True
2026-04-08 16:00:00,2026-04-08 12:00:00,RFC,WEST,AEP,AEPIMP,3445.936,True
2026-04-08 16:00:00,2026-04-08 12:00:00,RFC,WEST,AEP,AEPKPT,559.621,True
2026-04-08 16:00:00,2026-04-08 12:00:00,RFC,WEST,AEP,AEPOPT,8094.22,True
2026-04-08 17:00:00,2026-04-08 13:00:00,RFC,WEST,AEP,AEPAPT,3730.654,True
2026-04-08 17:00:00,2026-04-08 13:00:00,RFC,WEST,AEP,AEPIMP,3443.021,True
2026-04-08 17:00:00,2026-04-08 13:00:00,RFC,WEST,AEP,AEPKPT,545.917,True
2026-04-08 17:00:00,2026-04-08 13:00:00,RFC,WEST,AEP,AEPOPT,8007.59,True
2026-04-08 18:00:00,2026-04-08 14:00:00,RFC,WEST,AEP,AEPAPT,3656.276,True
2026-04-08 18:00:00,2026-04-08 14:00:00,RFC,WEST,AEP,AEPIMP,3368.696,True
2026-04-08 18:00:00,2026-04-08 14:00:00,RFC,WEST,AEP,AEPKPT,540.706,True
2026-04-08 18:00:00,2026-04-08 14:00:00,RFC,WEST,AEP,AEPOPT,7955.84,True
2026-04-08 19:00:00,2026-04-08 15:00:00,RFC,WEST,AEP,AEPAPT,3635.568,True
2026-04-08 19:00:00,2026-04-08 15:00:00,RFC,WEST,AEP,AEPIMP,3314.591,True
2026-04-08 19:00:00,2026-04-08 15:00:00,RFC,WEST,AEP,AEPKPT,544.008,True
2026-04-08 19:00:00,2026-04-08 15:00:00,RFC,WEST,AEP,AEPOPT,7830.147,True
2026-04-08 20:00:00,2026-04-08 16:00:00,RFC,WEST,AEP,AEPAPT,3671.675,True
2026-04-08 20:00:00,2026-04-08 16:00:00,RFC,WEST,AEP,AEPIMP,3329.92,True
2026-04-08 20:00:00,2026-04-08 16:00:00,RFC,WEST,AEP,AEPKPT,544.706,True
2026-04-08 20:00:00,2026-04-08 16:00:00,RFC,WEST,AEP,AEPOPT,7860.697,True
2026-04-08 21:00:00,2026-04-08 17:00:00,RFC,WEST,AEP,AEPAPT,3737.936,True
2026-04-08 21:00:00,2026-04-08 17:00:00,RFC,WEST,AEP,AEPIMP,3331.725,True
2026-04-08 21:00:00,2026-04-08 17:00:00,RFC,WEST,AEP,AEPKPT,555.104,True
2026-04-08 21:00:00,2026-04-08 17:00:00,RFC,WEST,AEP,AEPOPT,7846.892,True
2026-04-08 22:00:00,2026-04-08 18:00:00,RFC,WEST,AEP,AEPAPT,3820.993,True
2026-04-08 22:00:00,2026-04-08 18:00:00,RFC,WEST,AEP,AEPIMP,3384.851,True
2026-04-08 22:00:00,2026-04-08 18:00:00,RFC,WEST,AEP,AEPKPT,548.433,True
2026-04-08 22:00:00,2026-04-08 18:00:00,RFC,WEST,AEP,AEPOPT,7779.762,True
2026-04-08 23:00:00,2026-04-08 19:00:00,RFC,WEST,AEP,AEPAPT,3915.773,True
2026-04-08 23:00:00,2026-04-08 19:00:00,RFC,WEST,AEP,AEPIMP,3370.343,True
2026-04-08 23:00:00,2026-04-08 19:00:00,RFC,WEST,AEP,AEPKPT,557.978,True
2026-04-08 23:00:00,2026-04-08 19:00:00,RFC,WEST,AEP,AEPOPT,7868.103,True
2026-04-09 00:00:00,2026-04-08 20:00:00,RFC,WEST,AEP,AEPAPT,4070.119,True
2026-04-09 00:00:00,2026-04-08 20:00:00,RFC,WEST,AEP,AEPIMP,3474.397,True
2026-04-09 00:00:00,2026-04-08 20:00:00,RFC,WEST,AEP,AEPKPT,571.502,True
2026-04-09 00:00:00,2026-04-08 20:00:00,RFC,WEST,AEP,AEPOPT,7990.287,True
2026-04-09 01:00:00,2026-04-08 21:00:00,RFC,WEST,AEP,AEPAPT,4014.575,True
2026-04-09 01:00:00,2026-04-08 21:00:00,RFC,WEST,AEP,AEPIMP,3476.116,True
2026-04-09 01:00:00,2026-04-08 21:00:00,RFC,WEST,AEP,AEPKPT,560.608,True
2026-04-09 01:00:00,2026-04-08 21:00:00,RFC,WEST,AEP,AEPOPT,7925.338,True
2026-04-09 02:00:00,2026-04-08 22:00:00,RFC,WEST,AEP,AEPAPT,3877.371,True
2026-04-09 02:00:00,2026-04-08 22:00:00,RFC,WEST,AEP,AEPIMP,3390.689,True
2026-04-09 02:00:00,2026-04-08 22:00:00,RFC,WEST,AEP,AEPKPT,540.621,True
2026-04-09 02:00:00,2026-04-08 22:00:00,RFC,WEST,AEP,AEPOPT,7700.491,True
2026-04-09 03:00:00,2026-04-08 23:00:00,RFC,WEST,AEP,AEPAPT,3745.035,True
2026-04-09 03:00:00,2026-04-08 23:00:00,RFC,WEST,AEP,AEPIMP,3240.959,True
2026-04-09 03:00:00,2026-04-08 23:00:00,RFC,WEST,AEP,AEPKPT,510.823,True
2026-04-09 03:00:00,2026-04-08 23:00:00,RFC,WEST,AEP,AEPOPT,7419.827,True
2026-04-09 04:00:00,2026-04-09 00:00:00,RFC,WEST,AEP,AEPAPT,3656.634,True
2026-04-09 04:00:00,2026-04-09 00:00:00,RFC,WEST,AEP,AEPIMP,3219.174,True
2026-04-09 04:00:00,2026-04-09 00:00:00,RFC,WEST,AEP,AEPKPT,495.981,True
2026-04-09 04:00:00,2026-04-09 00:00:00,RFC,WEST,AEP,AEPOPT,7216.14,True
2026-04-09 05:00:00,2026-04-09 01:00:00,RFC,WEST,AEP,AEPAPT,3645.11,True
2026-04-09 05:00:00,2026-04-09 01:00:00,RFC,WEST,AEP,AEPIMP,3175.444,True
2026-04-09 05:00:00,2026-04-09 01:00:00,RFC,WEST,AEP,AEPKPT,486.543,True
2026-04-09 05:00:00,2026-04-09 01:00:00,RFC,WEST,AEP,AEPOPT,7126.006,True
2026-04-09 06:00:00,2026-04-09 02:00:00,RFC,WEST,AEP,AEPAPT,3664.038,True
2026-04-09 06:00:00,2026-04-09 02:00:00,RFC,WEST,AEP,AEPIMP,3113.034,True
2026-04-09 06:00:00,2026-04-09 02:00:00,RFC,WEST,AEP,AEPKPT,485.755,True
2026-04-09 06:00:00,2026-04-09 02:00:00,RFC,WEST,AEP,AEPOPT,7077.029,True
2026-04-09 07:00:00,2026-04-09 03:00:00,RFC,WEST,AEP,AEPAPT,3695.437,True
2026-04-09 07:00:00,2026-04-09 03:00:00,RFC,WEST,AEP,AEPIMP,3148.471,True
2026-04-09 07:00:00,2026-04-09 03:00:00,RFC,WEST,AEP,AEPKPT,495.375,True
2026-04-09 07:00:00,2026-04-09 03:00:00,RFC,WEST,AEP,AEPOPT,7072.681,True
2026-04-09 08:00:00,2026-04-09 04:00:00,RFC,WEST,AEP,AEPAPT,3825.236,True
2026-04-09 08:00:00,2026-04-09 04:00:00,RFC,WEST,AEP,AEPIMP,3227.845,True
2026-04-09 08:00:00,2026-04-09 04:00:00,RFC,WEST,AEP,AEPKPT,508.427,True
2026-04-09 08:00:00,2026-04-09 04:00:00,RFC,WEST,AEP,AEPOPT,7094.981,True
2026-04-09 09:00:00,2026-04-09 05:00:00,RFC,WEST,AEP,AEPAPT,4061.445,True
2026-04-09 09:00:00,2026-04-09 05:00:00,RFC,WEST,AEP,AEPIMP,3306.506,True
2026-04-09 09:00:00,2026-04-09 05:00:00,RFC,WEST,AEP,AEPKPT,539.913,True
2026-04-09 09:00:00,2026-04-09 05:00:00,RFC,WEST,AEP,AEPOPT,7412.517,True
2026-04-09 10:00:00,2026-04-09 06:00:00,RFC,WEST,AEP,AEPAPT,4442.036,True
2026-04-09 10:00:00,2026-04-09 06:00:00,RFC,WEST,AEP,AEPIMP,3525.463,True
2026-04-09 10:00:00,2026-04-09 06:00:00,RFC,WEST,AEP,AEPKPT,591.184,True
2026-04-09 10:00:00,2026-04-09 06:00:00,RFC,WEST,AEP,AEPOPT,7713.775,True
2026-04-09 11:00:00,2026-04-09 07:00:00,RFC,WEST,AEP,AEPAPT,4627.008,True
2026-04-09 11:00:00,2026-04-09 07:00:00,RFC,WEST,AEP,AEPIMP,3601.131,True
2026-04-09 11:00:00,2026-04-09 07:00:00,RFC,WEST,AEP,AEPKPT,612.05,True
2026-04-09 11:00:00,2026-04-09 07:00:00,RFC,WEST,AEP,AEPOPT,7913.286,True
2026-04-09 12:00:00,2026-04-09 08:00:00,RFC,WEST,AEP,AEPAPT,4477.424,True
2026-04-09 12:00:00,2026-04-09 08:00:00,RFC,WEST,AEP,AEPIMP,3549.765,True
2026-04-09 12:00:00,2026-04-09 08:00:00,RFC,WEST,AEP,AEPKPT,616.294,True
2026-04-09 12:00:00,2026-04-09 08:00:00,RFC,WEST,AEP,AEPOPT,7953.306,True
2026-04-09 13:00:00,2026-04-09 09:00:00,RFC,WEST,AEP,AEPAPT,4196.031,True
2026-04-09 13:00:00,2026-04-09 09:00:00,RFC,WEST,AEP,AEPIMP,3574.039,True
2026-04-09 13:00:00,2026-04-09 09:00:00,RFC,WEST,AEP,AEPKPT,600.272,True
2026-04-09 13:00:00,2026-04-09 09:00:00,RFC,WEST,AEP,AEPOPT,7987.159,True
2026-04-09 14:00:00,2026-04-09 10:00:00,RFC,WEST,AEP,AEPAPT,3984.244,True
2026-04-09 14:00:00,2026-04-09 10:00:00,RFC,WEST,AEP,AEPIMP,3604.965,True
2026-04-09 14:00:00,2026-04-09 10:00:00,RFC,WEST,AEP,AEPKPT,579.131,True
2026-04-09 14:00:00,2026-04-09 10:00:00,RFC,WEST,AEP,AEPOPT,7962.754,True
2026-04-09 15:00:00,2026-04-09 11:00:00,RFC,WEST,AEP,AEPAPT,3830.498,True
2026-04-09 15:00:00,2026-04-09 11:00:00,RFC,WEST,AEP,AEPIMP,3527.639,True
2026-04-09 15:00:00,2026-04-09 11:00:00,RFC,WEST,AEP,AEPKPT,562.324,True
2026-04-09 15:00:00,2026-04-09 11:00:00,RFC,WEST,AEP,AEPOPT,7919.998,True
2026-04-09 16:00:00,2026-04-09 12:00:00,RFC,WEST,AEP,AEPAPT,3719.627,True
2026-04-09 16:00:00,2026-04-09 12:00:00,RFC,WEST,AEP,AEPIMP,3541.239,True
2026-04-09 16:00:00,2026-04-09 12:00:00,RFC,WEST,AEP,AEPKPT,560.148,True
2026-04-09 16:00:00,2026-04-09 12:00:00,RFC,WEST,AEP,AEPOPT,7924.625,True
2026-04-09 17:00:00,2026-04-09 13:00:00,RFC,WEST,AEP,AEPAPT,3673.045,True
2026-04-09 17:00:00,2026-04-09 13:00:00,RFC,WEST,AEP,AEPIMP,3540.564,True
2026-04-09 17:00:00,2026-04-09 13:00:00,RFC,WEST,AEP,AEPKPT,555.945,True
2026-04-09 17:00:00,2026-04-09 13:00:00,RFC,WEST,AEP,AEPOPT,7978.336,True
2026-04-09 18:00:00,2026-04-09 14:00:00,RFC,WEST,AEP,AEPAPT,3674.19,True
2026-04-09 18:00:00,2026-04-09 14:00:00,RFC,WEST,AEP,AEPIMP,3484.764,True
2026-04-09 18:00:00,2026-04-09 14:00:00,RFC,WEST,AEP,AEPKPT,567.607,True
2026-04-09 18:00:00,2026-04-09 14:00:00,RFC,WEST,AEP,AEPOPT,7926.359,True
2026-04-09 19:00:00,2026-04-09 15:00:00,RFC,WEST,AEP,AEPAPT,3678.394,True
2026-04-09 19:00:00,2026-04-09 15:00:00,RFC,WEST,AEP,AEPIMP,3451.957,True
2026-04-09 19:00:00,2026-04-09 15:00:00,RFC,WEST,AEP,AEPKPT,576.687,True
2026-04-09 19:00:00,2026-04-09 15:00:00,RFC,WEST,AEP,AEPOPT,7990.962,True
2026-04-09 20:00:00,2026-04-09 16:00:00,RFC,WEST,AEP,AEPAPT,3742.71,True
2026-04-09 20:00:00,2026-04-09 16:00:00,RFC,WEST,AEP,AEPIMP,3407.69,True
2026-04-09 20:00:00,2026-04-09 16:00:00,RFC,WEST,AEP,AEPKPT,589.236,True
2026-04-09 20:00:00,2026-04-09 16:00:00,RFC,WEST,AEP,AEPOPT,8027.115,True
2026-04-09 21:00:00,2026-04-09 17:00:00,RFC,WEST,AEP,AEPAPT,3797.567,True
2026-04-09 21:00:00,2026-04-09 17:00:00,RFC,WEST,AEP,AEPIMP,3405.972,True
2026-04-09 21:00:00,2026-04-09 17:00:00,RFC,WEST,AEP,AEPKPT,595.672,True
2026-04-09 21:00:00,2026-04-09 17:00:00,RFC,WEST,AEP,AEPOPT,8037.669,True
2026-04-09 22:00:00,2026-04-09 18:00:00,RFC,WEST,AEP,AEPAPT,3869.077,True
2026-04-09 22:00:00,2026-04-09 18:00:00,RFC,WEST,AEP,AEPIMP,3420.588,True
2026-04-09 22:00:00,2026-04-09 18:00:00,RFC,WEST,AEP,AEPKPT,590.7,True
2026-04-09 22:00:00,2026-04-09 18:00:00,RFC,WEST,AEP,AEPOPT,8011.85,True
2026-04-09 23:00:00,2026-04-09 19:00:00,RFC,WEST,AEP,AEPAPT,3939.214,True
2026-04-09 23:00:00,2026-04-09 19:00:00,RFC,WEST,AEP,AEPIMP,3470.875,True
2026-04-09 23:00:00,2026-04-09 19:00:00,RFC,WEST,AEP,AEPKPT,578.22,True
2026-04-09 23:00:00,2026-04-09 19:00:00,RFC,WEST,AEP,AEPOPT,7927.872,True
2026-04-10 00:00:00,2026-04-09 20:00:00,RFC,WEST,AEP,AEPAPT,4032.651,True
2026-04-10 00:00:00,2026-04-09 20:00:00,RFC,WEST,AEP,AEPIMP,3499.376,True
2026-04-10 00:00:00,2026-04-09 20:00:00,RFC,WEST,AEP,AEPKPT,586.205,True
2026-04-10 00:00:00,2026-04-09 20:00:00,RFC,WEST,AEP,AEPOPT,8153.745,True
2026-04-10 01:00:00,2026-04-09 21:00:00,RFC,WEST,AEP,AEPAPT,3905.985,True
2026-04-10 01:00:00,2026-04-09 21:00:00,RFC,WEST,AEP,AEPIMP,3470.592,True
2026-04-10 01:00:00,2026-04-09 21:00:00,RFC,WEST,AEP,AEPKPT,574.692,True
2026-04-10 01:00:00,2026-04-09 21:00:00,RFC,WEST,AEP,AEPOPT,7995.465,True
2026-04-10 02:00:00,2026-04-09 22:00:00,RFC,WEST,AEP,AEPAPT,3702.574,True
2026-04-10 02:00:00,2026-04-09 22:00:00,RFC,WEST,AEP,AEPIMP,3328.403,True
2026-04-10 02:00:00,2026-04-09 22:00:00,RFC,WEST,AEP,AEPKPT,538.258,True
2026-04-10 02:00:00,2026-04-09 22:00:00,RFC,WEST,AEP,AEPOPT,7586.519,True
2026-04-10 03:00:00,2026-04-09 23:00:00,RFC,WEST,AEP,AEPAPT,3506.703,True
2026-04-10 03:00:00,2026-04-09 23:00:00,RFC,WEST,AEP,AEPIMP,3109.664,True
2026-04-10 03:00:00,2026-04-09 23:00:00,RFC,WEST,AEP,AEPKPT,507.068,True
2026-04-10 03:00:00,2026-04-09 23:00:00,RFC,WEST,AEP,AEPOPT,7302.612,True
2026-04-10 04:00:00,2026-04-10 00:00:00,RFC,WEST,AEP,AEPAPT,3372.91,True
2026-04-10 04:00:00,2026-04-10 00:00:00,RFC,WEST,AEP,AEPIMP,3040.388,True
2026-04-10 04:00:00,2026-04-10 00:00:00,RFC,WEST,AEP,AEPKPT,484.588,True
2026-04-10 04:00:00,2026-04-10 00:00:00,RFC,WEST,AEP,AEPOPT,7023.323,True
2026-04-10 05:00:00,2026-04-10 01:00:00,RFC,WEST,AEP,AEPAPT,3316.352,True
2026-04-10 05:00:00,2026-04-10 01:00:00,RFC,WEST,AEP,AEPIMP,3045.228,True
2026-04-10 05:00:00,2026-04-10 01:00:00,RFC,WEST,AEP,AEPKPT,471.215,True
2026-04-10 05:00:00,2026-04-10 01:00:00,RFC,WEST,AEP,AEPOPT,6842.353,True
2026-04-10 06:00:00,2026-04-10 02:00:00,RFC,WEST,AEP,AEPAPT,3327.045,True
2026-04-10 06:00:00,2026-04-10 02:00:00,RFC,WEST,AEP,AEPIMP,3033.036,True
2026-04-10 06:00:00,2026-04-10 02:00:00,RFC,WEST,AEP,AEPKPT,467.923,True
2026-04-10 06:00:00,2026-04-10 02:00:00,RFC,WEST,AEP,AEPOPT,6798.659,True
2026-04-10 07:00:00,2026-04-10 03:00:00,RFC,WEST,AEP,AEPAPT,3381.894,True
2026-04-10 07:00:00,2026-04-10 03:00:00,RFC,WEST,AEP,AEPIMP,2983.909,True
2026-04-10 07:00:00,2026-04-10 03:00:00,RFC,WEST,AEP,AEPKPT,471.253,True
2026-04-10 07:00:00,2026-04-10 03:00:00,RFC,WEST,AEP,AEPOPT,6726.282,True
2026-04-10 08:00:00,2026-04-10 04:00:00,RFC,WEST,AEP,AEPAPT,3484.078,True
2026-04-10 08:00:00,2026-04-10 04:00:00,RFC,WEST,AEP,AEPIMP,3063.937,True
2026-04-10 08:00:00,2026-04-10 04:00:00,RFC,WEST,AEP,AEPKPT,480.411,True
2026-04-10 08:00:00,2026-04-10 04:00:00,RFC,WEST,AEP,AEPOPT,6836.409,True
2026-04-10 09:00:00,2026-04-10 05:00:00,RFC,WEST,AEP,AEPAPT,3708.242,True
2026-04-10 09:00:00,2026-04-10 05:00:00,RFC,WEST,AEP,AEPIMP,3172.996,True
2026-04-10 09:00:00,2026-04-10 05:00:00,RFC,WEST,AEP,AEPKPT,501.184,True
2026-04-10 09:00:00,2026-04-10 05:00:00,RFC,WEST,AEP,AEPOPT,6982.889,True
2026-04-10 10:00:00,2026-04-10 06:00:00,RFC,WEST,AEP,AEPAPT,4059.646,True
2026-04-10 10:00:00,2026-04-10 06:00:00,RFC,WEST,AEP,AEPIMP,3324.324,True
2026-04-10 10:00:00,2026-04-10 06:00:00,RFC,WEST,AEP,AEPKPT,547.74,True
2026-04-10 10:00:00,2026-04-10 06:00:00,RFC,WEST,AEP,AEPOPT,7298.59,True
2026-04-10 11:00:00,2026-04-10 07:00:00,RFC,WEST,AEP,AEPAPT,4226.353,True
2026-04-10 11:00:00,2026-04-10 07:00:00,RFC,WEST,AEP,AEPIMP,3352.896,True
2026-04-10 11:00:00,2026-04-10 07:00:00,RFC,WEST,AEP,AEPKPT,567.09,True
2026-04-10 11:00:00,2026-04-10 07:00:00,RFC,WEST,AEP,AEPOPT,7612.453,True
2026-04-10 12:00:00,2026-04-10 08:00:00,RFC,WEST,AEP,AEPAPT,4108.742,True
2026-04-10 12:00:00,2026-04-10 08:00:00,RFC,WEST,AEP,AEPIMP,3339.294,True
2026-04-10 12:00:00,2026-04-10 08:00:00,RFC,WEST,AEP,AEPKPT,573.106,True
2026-04-10 12:00:00,2026-04-10 08:00:00,RFC,WEST,AEP,AEPOPT,7751.737,True
2026-04-10 13:00:00,2026-04-10 09:00:00,RFC,WEST,AEP,AEPAPT,3899.172,True
2026-04-10 13:00:00,2026-04-10 09:00:00,RFC,WEST,AEP,AEPIMP,3369.752,True
2026-04-10 13:00:00,2026-04-10 09:00:00,RFC,WEST,AEP,AEPKPT,561.885,True
2026-04-10 13:00:00,2026-04-10 09:00:00,RFC,WEST,AEP,AEPOPT,7847.725,True
2026-04-10 14:00:00,2026-04-10 10:00:00,RFC,WEST,AEP,AEPAPT,3750.055,True
2026-04-10 14:00:00,2026-04-10 10:00:00,RFC,WEST,AEP,AEPIMP,3527.954,True
2026-04-10 14:00:00,2026-04-10 10:00:00,RFC,WEST,AEP,AEPKPT,557.155,True
2026-04-10 14:00:00,2026-04-10 10:00:00,RFC,WEST,AEP,AEPOPT,7934.861,True
2026-04-10 15:00:00,2026-04-10 11:00:00,RFC,WEST,AEP,AEPAPT,3674.311,True
2026-04-10 15:00:00,2026-04-10 11:00:00,RFC,WEST,AEP,AEPIMP,3427.691,True
2026-04-10 15:00:00,2026-04-10 11:00:00,RFC,WEST,AEP,AEPKPT,549.086,True
2026-04-10 15:00:00,2026-04-10 11:00:00,RFC,WEST,AEP,AEPOPT,8047.319,True
2026-04-10 16:00:00,2026-04-10 12:00:00,RFC,WEST,AEP,AEPAPT,3631.625,True
2026-04-10 16:00:00,2026-04-10 12:00:00,RFC,WEST,AEP,AEPIMP,3435.53,True
2026-04-10 16:00:00,2026-04-10 12:00:00,RFC,WEST,AEP,AEPKPT,548.849,True
2026-04-10 16:00:00,2026-04-10 12:00:00,RFC,WEST,AEP,AEPOPT,8135.283,True
2026-04-10 17:00:00,2026-04-10 13:00:00,RFC,WEST,AEP,AEPAPT,3623.191,True
2026-04-10 17:00:00,2026-04-10 13:00:00,RFC,WEST,AEP,AEPIMP,3527.942,True
2026-04-10 17:00:00,2026-04-10 13:00:00,RFC,WEST,AEP,AEPKPT,556.836,True
2026-04-10 17:00:00,2026-04-10 13:00:00,RFC,WEST,AEP,AEPOPT,8087.556,True
2026-04-10 18:00:00,2026-04-10 14:00:00,RFC,WEST,AEP,AEPAPT,3663.009,True
2026-04-10 18:00:00,2026-04-10 14:00:00,RFC,WEST,AEP,AEPIMP,3365.338,True
2026-04-10 18:00:00,2026-04-10 14:00:00,RFC,WEST,AEP,AEPKPT,570.892,True
2026-04-10 18:00:00,2026-04-10 14:00:00,RFC,WEST,AEP,AEPOPT,8090.562,True
2026-04-10 19:00:00,2026-04-10 15:00:00,RFC,WEST,AEP,AEPAPT,3687.999,True
2026-04-10 19:00:00,2026-04-10 15:00:00,RFC,WEST,AEP,AEPIMP,3381.647,True
2026-04-10 19:00:00,2026-04-10 15:00:00,RFC,WEST,AEP,AEPKPT,570.28,True
2026-04-10 19:00:00,2026-04-10 15:00:00,RFC,WEST,AEP,AEPOPT,8059.821,True
2026-04-10 20:00:00,2026-04-10 16:00:00,RFC,WEST,AEP,AEPAPT,3766.154,True
2026-04-10 20:00:00,2026-04-10 16:00:00,RFC,WEST,AEP,AEPIMP,3332.11,True
2026-04-10 20:00:00,2026-04-10 16:00:00,RFC,WEST,AEP,AEPKPT,586.221,True
2026-04-10 20:00:00,2026-04-10 16:00:00,RFC,WEST,AEP,AEPOPT,7989.17,True
2026-04-10 21:00:00,2026-04-10 17:00:00,RFC,WEST,AEP,AEPAPT,3819.696,True
2026-04-10 21:00:00,2026-04-10 17:00:00,RFC,WEST,AEP,AEPIMP,3326.514,True
2026-04-10 21:00:00,2026-04-10 17:00:00,RFC,WEST,AEP,AEPKPT,584.06,True
2026-04-10 21:00:00,2026-04-10 17:00:00,RFC,WEST,AEP,AEPOPT,7872.837,True
2026-04-10 22:00:00,2026-04-10 18:00:00,RFC,WEST,AEP,AEPAPT,3828.442,True
2026-04-10 22:00:00,2026-04-10 18:00:00,RFC,WEST,AEP,AEPIMP,3284.26,True
2026-04-10 22:00:00,2026-04-10 18:00:00,RFC,WEST,AEP,AEPKPT,581.93,True
2026-04-10 22:00:00,2026-04-10 18:00:00,RFC,WEST,AEP,AEPOPT,7811.249,True
2026-04-10 23:00:00,2026-04-10 19:00:00,RFC,WEST,AEP,AEPAPT,3806.464,True
2026-04-10 23:00:00,2026-04-10 19:00:00,RFC,WEST,AEP,AEPIMP,3270.544,True
2026-04-10 23:00:00,2026-04-10 19:00:00,RFC,WEST,AEP,AEPKPT,564.945,True
2026-04-10 23:00:00,2026-04-10 19:00:00,RFC,WEST,AEP,AEPOPT,7703.243,True
2026-04-11 00:00:00,2026-04-10 20:00:00,RFC,WEST,AEP,AEPAPT,3816.333,True
2026-04-11 00:00:00,2026-04-10 20:00:00,RFC,WEST,AEP,AEPIMP,3284.774,True
2026-04-11 00:00:00,2026-04-10 20:00:00,RFC,WEST,AEP,AEPKPT,562.925,True
2026-04-11 00:00:00,2026-04-10 20:00:00,RFC,WEST,AEP,AEPOPT,7710.018,True
2026-04-11 01:00:00,2026-04-10 21:00:00,RFC,WEST,AEP,AEPAPT,3722.235,True
2026-04-11 01:00:00,2026-04-10 21:00:00,RFC,WEST,AEP,AEPIMP,3216.837,True
2026-04-11 01:00:00,2026-04-10 21:00:00,RFC,WEST,AEP,AEPKPT,554.847,True
2026-04-11 01:00:00,2026-04-10 21:00:00,RFC,WEST,AEP,AEPOPT,7564.407,True
2026-04-11 02:00:00,2026-04-10 22:00:00,RFC,WEST,AEP,AEPAPT,3538.03,True
2026-04-11 02:00:00,2026-04-10 22:00:00,RFC,WEST,AEP,AEPIMP,3160.929,True
2026-04-11 02:00:00,2026-04-10 22:00:00,RFC,WEST,AEP,AEPKPT,531.582,True
2026-04-11 02:00:00,2026-04-10 22:00:00,RFC,WEST,AEP,AEPOPT,7335.9,True
2026-04-11 03:00:00,2026-04-10 23:00:00,RFC,WEST,AEP,AEPAPT,3331.95,True
2026-04-11 03:00:00,2026-04-10 23:00:00,RFC,WEST,AEP,AEPIMP,3028.309,True
2026-04-11 03:00:00,2026-04-10 23:00:00,RFC,WEST,AEP,AEPKPT,502.718,True
2026-04-11 03:00:00,2026-04-10 23:00:00,RFC,WEST,AEP,AEPOPT,7136.289,True
2026-04-11 04:00:00,2026-04-11 00:00:00,RFC,WEST,AEP,AEPAPT,3142.703,True
2026-04-11 04:00:00,2026-04-11 00:00:00,RFC,WEST,AEP,AEPIMP,2988.344,True
2026-04-11 04:00:00,2026-04-11 00:00:00,RFC,WEST,AEP,AEPKPT,478.703,True
2026-04-11 04:00:00,2026-04-11 00:00:00,RFC,WEST,AEP,AEPOPT,6820.629,True
2026-04-11 05:00:00,2026-04-11 01:00:00,RFC,WEST,AEP,AEPAPT,3071.462,True
2026-04-11 05:00:00,2026-04-11 01:00:00,RFC,WEST,AEP,AEPIMP,2924.596,True
2026-04-11 05:00:00,2026-04-11 01:00:00,RFC,WEST,AEP,AEPKPT,464.811,True
2026-04-11 05:00:00,2026-04-11 01:00:00,RFC,WEST,AEP,AEPOPT,6794.034,True
2026-04-11 06:00:00,2026-04-11 02:00:00,RFC,WEST,AEP,AEPAPT,3022.994,True
2026-04-11 06:00:00,2026-04-11 02:00:00,RFC,WEST,AEP,AEPIMP,2854.762,True
2026-04-11 06:00:00,2026-04-11 02:00:00,RFC,WEST,AEP,AEPKPT,458.75,True
2026-04-11 06:00:00,2026-04-11 02:00:00,RFC,WEST,AEP,AEPOPT,6742.944,True
2026-04-11 07:00:00,2026-04-11 03:00:00,RFC,WEST,AEP,AEPAPT,3005.125,True
2026-04-11 07:00:00,2026-04-11 03:00:00,RFC,WEST,AEP,AEPIMP,2937.633,True
2026-04-11 07:00:00,2026-04-11 03:00:00,RFC,WEST,AEP,AEPKPT,453.793,True
2026-04-11 07:00:00,2026-04-11 03:00:00,RFC,WEST,AEP,AEPOPT,6651.847,True
2026-04-11 08:00:00,2026-04-11 04:00:00,RFC,WEST,AEP,AEPAPT,3028.484,True
2026-04-11 08:00:00,2026-04-11 04:00:00,RFC,WEST,AEP,AEPIMP,2944.801,True
2026-04-11 08:00:00,2026-04-11 04:00:00,RFC,WEST,AEP,AEPKPT,458.348,True
2026-04-11 08:00:00,2026-04-11 04:00:00,RFC,WEST,AEP,AEPOPT,6641.573,True
2026-04-11 09:00:00,2026-04-11 05:00:00,RFC,WEST,AEP,AEPAPT,3103.917,True
2026-04-11 09:00:00,2026-04-11 05:00:00,RFC,WEST,AEP,AEPIMP,3031.403,True
2026-04-11 09:00:00,2026-04-11 05:00:00,RFC,WEST,AEP,AEPKPT,460.793,True
2026-04-11 09:00:00,2026-04-11 05:00:00,RFC,WEST,AEP,AEPOPT,6780.345,True
2026-04-11 10:00:00,2026-04-11 06:00:00,RFC,WEST,AEP,AEPAPT,3218.897,True
2026-04-11 10:00:00,2026-04-11 06:00:00,RFC,WEST,AEP,AEPIMP,3102.792,True
2026-04-11 10:00:00,2026-04-11 06:00:00,RFC,WEST,AEP,AEPKPT,472.954,True
2026-04-11 10:00:00,2026-04-11 06:00:00,RFC,WEST,AEP,AEPOPT,6988.63,True
2026-04-11 11:00:00,2026-04-11 07:00:00,RFC,WEST,AEP,AEPAPT,3338.861,True
2026-04-11 11:00:00,2026-04-11 07:00:00,RFC,WEST,AEP,AEPIMP,3139.163,True
2026-04-11 11:00:00,2026-04-11 07:00:00,RFC,WEST,AEP,AEPKPT,482.758,True
2026-04-11 11:00:00,2026-04-11 07:00:00,RFC,WEST,AEP,AEPOPT,7171.796,True
2026-04-11 12:00:00,2026-04-11 08:00:00,RFC,WEST,AEP,AEPAPT,3415.073,True
2026-04-11 12:00:00,2026-04-11 08:00:00,RFC,WEST,AEP,AEPIMP,3189.001,True
2026-04-11 12:00:00,2026-04-11 08:00:00,RFC,WEST,AEP,AEPKPT,498.352,True
2026-04-11 12:00:00,2026-04-11 08:00:00,RFC,WEST,AEP,AEPOPT,7385.559,True
2026-04-11 13:00:00,2026-04-11 09:00:00,RFC,WEST,AEP,AEPAPT,3393.368,True
2026-04-11 13:00:00,2026-04-11 09:00:00,RFC,WEST,AEP,AEPIMP,3151.213,True
2026-04-11 13:00:00,2026-04-11 09:00:00,RFC,WEST,AEP,AEPKPT,515.362,True
2026-04-11 13:00:00,2026-04-11 09:00:00,RFC,WEST,AEP,AEPOPT,7404.148,True
2026-04-11 14:00:00,2026-04-11 10:00:00,RFC,WEST,AEP,AEPAPT,3354.695,True
2026-04-11 14:00:00,2026-04-11 10:00:00,RFC,WEST,AEP,AEPIMP,3190.739,True
2026-04-11 14:00:00,2026-04-11 10:00:00,RFC,WEST,AEP,AEPKPT,516.118,True
2026-04-11 14:00:00,2026-04-11 10:00:00,RFC,WEST,AEP,AEPOPT,7436.088,True
2026-04-11 15:00:00,2026-04-11 11:00:00,RFC,WEST,AEP,AEPAPT,3373.686,True
2026-04-11 15:00:00,2026-04-11 11:00:00,RFC,WEST,AEP,AEPIMP,3149.465,True
2026-04-11 15:00:00,2026-04-11 11:00:00,RFC,WEST,AEP,AEPKPT,524.442,True
2026-04-11 15:00:00,2026-04-11 11:00:00,RFC,WEST,AEP,AEPOPT,7379.397,True
2026-04-11 16:00:00,2026-04-11 12:00:00,RFC,WEST,AEP,AEPAPT,3402.254,True
2026-04-11 16:00:00,2026-04-11 12:00:00,RFC,WEST,AEP,AEPIMP,3132.225,True
2026-04-11 16:00:00,2026-04-11 12:00:00,RFC,WEST,AEP,AEPKPT,522.904,True
2026-04-11 16:00:00,2026-04-11 12:00:00,RFC,WEST,AEP,AEPOPT,7318.236,True
2026-04-11 17:00:00,2026-04-11 13:00:00,RFC,WEST,AEP,AEPAPT,3451.844,True
2026-04-11 17:00:00,2026-04-11 13:00:00,RFC,WEST,AEP,AEPIMP,3099.208,True
2026-04-11 17:00:00,2026-04-11 13:00:00,RFC,WEST,AEP,AEPKPT,535.181,True
2026-04-11 17:00:00,2026-04-11 13:00:00,RFC,WEST,AEP,AEPOPT,7197.962,True
2026-04-11 18:00:00,2026-04-11 14:00:00,RFC,WEST,AEP,AEPAPT,3441.67,True
2026-04-11 18:00:00,2026-04-11 14:00:00,RFC,WEST,AEP,AEPIMP,3074.733,True
2026-04-11 18:00:00,2026-04-11 14:00:00,RFC,WEST,AEP,AEPKPT,541.232,True
2026-04-11 18:00:00,2026-04-11 14:00:00,RFC,WEST,AEP,AEPOPT,7126.349,True
2026-04-11 19:00:00,2026-04-11 15:00:00,RFC,WEST,AEP,AEPAPT,3536.603,True
2026-04-11 19:00:00,2026-04-11 15:00:00,RFC,WEST,AEP,AEPIMP,3069.504,True
2026-04-11 19:00:00,2026-04-11 15:00:00,RFC,WEST,AEP,AEPKPT,556.15,True
2026-04-11 19:00:00,2026-04-11 15:00:00,RFC,WEST,AEP,AEPOPT,7124.871,True
2026-04-11 20:00:00,2026-04-11 16:00:00,RFC,WEST,AEP,AEPAPT,3649.645,True
2026-04-11 20:00:00,2026-04-11 16:00:00,RFC,WEST,AEP,AEPIMP,3040.842,True
2026-04-11 20:00:00,2026-04-11 16:00:00,RFC,WEST,AEP,AEPKPT,565.116,True
2026-04-11 20:00:00,2026-04-11 16:00:00,RFC,WEST,AEP,AEPOPT,7228.531,True
2026-04-11 21:00:00,2026-04-11 17:00:00,RFC,WEST,AEP,AEPAPT,3735.55,True
2026-04-11 21:00:00,2026-04-11 17:00:00,RFC,WEST,AEP,AEPIMP,3012.866,True
2026-04-11 21:00:00,2026-04-11 17:00:00,RFC,WEST,AEP,AEPKPT,570.23,True
2026-04-11 21:00:00,2026-04-11 17:00:00,RFC,WEST,AEP,AEPOPT,7246.184,True
2026-04-11 22:00:00,2026-04-11 18:00:00,RFC,WEST,AEP,AEPAPT,3748.231,True
2026-04-11 22:00:00,2026-04-11 18:00:00,RFC,WEST,AEP,AEPIMP,3100.109,True
2026-04-11 22:00:00,2026-04-11 18:00:00,RFC,WEST,AEP,AEPKPT,566.572,True
2026-04-11 22:00:00,2026-04-11 18:00:00,RFC,WEST,AEP,AEPOPT,7245.588,True
2026-04-11 23:00:00,2026-04-11 19:00:00,RFC,WEST,AEP,AEPAPT,3707.407,True
2026-04-11 23:00:00,2026-04-11 19:00:00,RFC,WEST,AEP,AEPIMP,3116.822,True
2026-04-11 23:00:00,2026-04-11 19:00:00,RFC,WEST,AEP,AEPKPT,558.248,True
2026-04-11 23:00:00,2026-04-11 19:00:00,RFC,WEST,AEP,AEPOPT,7155.82,True
2026-04-12 00:00:00,2026-04-11 20:00:00,RFC,WEST,AEP,AEPAPT,3696.451,True
2026-04-12 00:00:00,2026-04-11 20:00:00,RFC,WEST,AEP,AEPIMP,3170.568,True
2026-04-12 00:00:00,2026-04-11 20:00:00,RFC,WEST,AEP,AEPKPT,556.387,True
2026-04-12 00:00:00,2026-04-11 20:00:00,RFC,WEST,AEP,AEPOPT,7368.958,True
2026-04-12 01:00:00,2026-04-11 21:00:00,RFC,WEST,AEP,AEPAPT,3624.939,True
2026-04-12 01:00:00,2026-04-11 21:00:00,RFC,WEST,AEP,AEPIMP,3167.056,True
2026-04-12 01:00:00,2026-04-11 21:00:00,RFC,WEST,AEP,AEPKPT,541.902,True
2026-04-12 01:00:00,2026-04-11 21:00:00,RFC,WEST,AEP,AEPOPT,7375.856,True
2026-04-12 02:00:00,2026-04-11 22:00:00,RFC,WEST,AEP,AEPAPT,3463.259,True
2026-04-12 02:00:00,2026-04-11 22:00:00,RFC,WEST,AEP,AEPIMP,3089.261,True
2026-04-12 02:00:00,2026-04-11 22:00:00,RFC,WEST,AEP,AEPKPT,525.045,True
2026-04-12 02:00:00,2026-04-11 22:00:00,RFC,WEST,AEP,AEPOPT,7117.17,True
2026-04-12 03:00:00,2026-04-11 23:00:00,RFC,WEST,AEP,AEPAPT,3246.185,True
2026-04-12 03:00:00,2026-04-11 23:00:00,RFC,WEST,AEP,AEPIMP,3013.219,True
2026-04-12 03:00:00,2026-04-11 23:00:00,RFC,WEST,AEP,AEPKPT,495.87,True
2026-04-12 03:00:00,2026-04-11 23:00:00,RFC,WEST,AEP,AEPOPT,6967.882,True
2026-04-12 04:00:00,2026-04-12 00:00:00,RFC,WEST,AEP,AEPAPT,3096.753,True
2026-04-12 04:00:00,2026-04-12 00:00:00,RFC,WEST,AEP,AEPIMP,2970.85,True
2026-04-12 04:00:00,2026-04-12 00:00:00,RFC,WEST,AEP,AEPKPT,471.857,True
2026-04-12 04:00:00,2026-04-12 00:00:00,RFC,WEST,AEP,AEPOPT,6798.296,True
2026-04-12 05:00:00,2026-04-12 01:00:00,RFC,WEST,AEP,AEPAPT,2992.647,True
2026-04-12 05:00:00,2026-04-12 01:00:00,RFC,WEST,AEP,AEPIMP,2840.252,True
2026-04-12 05:00:00,2026-04-12 01:00:00,RFC,WEST,AEP,AEPKPT,459.477,True
2026-04-12 05:00:00,2026-04-12 01:00:00,RFC,WEST,AEP,AEPOPT,6723.165,True
2026-04-12 06:00:00,2026-04-12 02:00:00,RFC,WEST,AEP,AEPAPT,2954.363,True
2026-04-12 06:00:00,2026-04-12 02:00:00,RFC,WEST,AEP,AEPIMP,2829.544,True
2026-04-12 06:00:00,2026-04-12 02:00:00,RFC,WEST,AEP,AEPKPT,454.768,True
2026-04-12 06:00:00,2026-04-12 02:00:00,RFC,WEST,AEP,AEPOPT,6608.333,True
2026-04-12 07:00:00,2026-04-12 03:00:00,RFC,WEST,AEP,AEPAPT,2948.184,True
2026-04-12 07:00:00,2026-04-12 03:00:00,RFC,WEST,AEP,AEPIMP,2854.924,True
2026-04-12 07:00:00,2026-04-12 03:00:00,RFC,WEST,AEP,AEPKPT,454.511,True
2026-04-12 07:00:00,2026-04-12 03:00:00,RFC,WEST,AEP,AEPOPT,6592.045,True
2026-04-12 08:00:00,2026-04-12 04:00:00,RFC,WEST,AEP,AEPAPT,2976.155,True
2026-04-12 08:00:00,2026-04-12 04:00:00,RFC,WEST,AEP,AEPIMP,2828.961,True
2026-04-12 08:00:00,2026-04-12 04:00:00,RFC,WEST,AEP,AEPKPT,458.353,True
2026-04-12 08:00:00,2026-04-12 04:00:00,RFC,WEST,AEP,AEPOPT,6661.524,True
2026-04-12 09:00:00,2026-04-12 05:00:00,RFC,WEST,AEP,AEPAPT,3036.051,True
2026-04-12 09:00:00,2026-04-12 05:00:00,RFC,WEST,AEP,AEPIMP,2865.891,True
2026-04-12 09:00:00,2026-04-12 05:00:00,RFC,WEST,AEP,AEPKPT,463.765,True
2026-04-12 09:00:00,2026-04-12 05:00:00,RFC,WEST,AEP,AEPOPT,6700.831,True
2026-04-12 10:00:00,2026-04-12 06:00:00,RFC,WEST,AEP,AEPAPT,3126.296,True
2026-04-12 10:00:00,2026-04-12 06:00:00,RFC,WEST,AEP,AEPIMP,2914.727,True
2026-04-12 10:00:00,2026-04-12 06:00:00,RFC,WEST,AEP,AEPKPT,475.218,True
2026-04-12 10:00:00,2026-04-12 06:00:00,RFC,WEST,AEP,AEPOPT,6892.495,True
2026-04-12 11:00:00,2026-04-12 07:00:00,RFC,WEST,AEP,AEPAPT,3231.384,True
2026-04-12 11:00:00,2026-04-12 07:00:00,RFC,WEST,AEP,AEPIMP,2943.229,True
2026-04-12 11:00:00,2026-04-12 07:00:00,RFC,WEST,AEP,AEPKPT,480.853,True
2026-04-12 11:00:00,2026-04-12 07:00:00,RFC,WEST,AEP,AEPOPT,7015.392,True
2026-04-12 12:00:00,2026-04-12 08:00:00,RFC,WEST,AEP,AEPAPT,3341.532,True
2026-04-12 12:00:00,2026-04-12 08:00:00,RFC,WEST,AEP,AEPIMP,2978.255,True
2026-04-12 12:00:00,2026-04-12 08:00:00,RFC,WEST,AEP,AEPKPT,499.766,True
2026-04-12 12:00:00,2026-04-12 08:00:00,RFC,WEST,AEP,AEPOPT,7141.664,True
2026-04-12 13:00:00,2026-04-12 09:00:00,RFC,WEST,AEP,AEPAPT,3345.54,True
2026-04-12 13:00:00,2026-04-12 09:00:00,RFC,WEST,AEP,AEPIMP,3113.544,True
2026-04-12 13:00:00,2026-04-12 09:00:00,RFC,WEST,AEP,AEPKPT,508.817,True
2026-04-12 13:00:00,2026-04-12 09:00:00,RFC,WEST,AEP,AEPOPT,7283.64,True
2026-04-12 14:00:00,2026-04-12 10:00:00,RFC,WEST,AEP,AEPAPT,3312.305,True
2026-04-12 14:00:00,2026-04-12 10:00:00,RFC,WEST,AEP,AEPIMP,3041.404,True
2026-04-12 14:00:00,2026-04-12 10:00:00,RFC,WEST,AEP,AEPKPT,505.533,True
2026-04-12 14:00:00,2026-04-12 10:00:00,RFC,WEST,AEP,AEPOPT,7345.023,True
2026-04-12 15:00:00,2026-04-12 11:00:00,RFC,WEST,AEP,AEPAPT,3299.219,True
2026-04-12 15:00:00,2026-04-12 11:00:00,RFC,WEST,AEP,AEPIMP,3090.901,True
2026-04-12 15:00:00,2026-04-12 11:00:00,RFC,WEST,AEP,AEPKPT,512.104,True
2026-04-12 15:00:00,2026-04-12 11:00:00,RFC,WEST,AEP,AEPOPT,7338.802,True
2026-04-12 16:00:00,2026-04-12 12:00:00,RFC,WEST,AEP,AEPAPT,3344.362,True
2026-04-12 16:00:00,2026-04-12 12:00:00,RFC,WEST,AEP,AEPIMP,3101.972,True
2026-04-12 16:00:00,2026-04-12 12:00:00,RFC,WEST,AEP,AEPKPT,529.082,True
2026-04-12 16:00:00,2026-04-12 12:00:00,RFC,WEST,AEP,AEPOPT,7434.901,True
2026-04-12 17:00:00,2026-04-12 13:00:00,RFC,WEST,AEP,AEPAPT,3394.758,True
2026-04-12 17:00:00,2026-04-12 13:00:00,RFC,WEST,AEP,AEPIMP,3169.569,True
2026-04-12 17:00:00,2026-04-12 13:00:00,RFC,WEST,AEP,AEPKPT,560.174,True
2026-04-12 17:00:00,2026-04-12 13:00:00,RFC,WEST,AEP,AEPOPT,7418.557,True
2026-04-12 18:00:00,2026-04-12 14:00:00,RFC,WEST,AEP,AEPAPT,3511.319,True
2026-04-12 18:00:00,2026-04-12 14:00:00,RFC,WEST,AEP,AEPIMP,3207.03,True
2026-04-12 18:00:00,2026-04-12 14:00:00,RFC,WEST,AEP,AEPKPT,581.336,True
2026-04-12 18:00:00,2026-04-12 14:00:00,RFC,WEST,AEP,AEPOPT,7596.987,True
2026-04-12 19:00:00,2026-04-12 15:00:00,RFC,WEST,AEP,AEPAPT,3625.466,True
2026-04-12 19:00:00,2026-04-12 15:00:00,RFC,WEST,AEP,AEPIMP,3227.071,True
2026-04-12 19:00:00,2026-04-12 15:00:00,RFC,WEST,AEP,AEPKPT,602.909,True
2026-04-12 19:00:00,2026-04-12 15:00:00,RFC,WEST,AEP,AEPOPT,7767.916,True
2026-04-12 20:00:00,2026-04-12 16:00:00,RFC,WEST,AEP,AEPAPT,3762.598,True
2026-04-12 20:00:00,2026-04-12 16:00:00,RFC,WEST,AEP,AEPIMP,3280.331,True
2026-04-12 20:00:00,2026-04-12 16:00:00,RFC,WEST,AEP,AEPKPT,618.825,True
2026-04-12 20:00:00,2026-04-12 16:00:00,RFC,WEST,AEP,AEPOPT,7885.073,True
2026-04-12 21:00:00,2026-04-12 17:00:00,RFC,WEST,AEP,AEPAPT,3913.029,True
2026-04-12 21:00:00,2026-04-12 17:00:00,RFC,WEST,AEP,AEPIMP,3288.232,True
2026-04-12 21:00:00,2026-04-12 17:00:00,RFC,WEST,AEP,AEPKPT,616.69,True
2026-04-12 21:00:00,2026-04-12 17:00:00,RFC,WEST,AEP,AEPOPT,7985.628,True
2026-04-12 22:00:00,2026-04-12 18:00:00,RFC,WEST,AEP,AEPAPT,3968.389,True
2026-04-12 22:00:00,2026-04-12 18:00:00,RFC,WEST,AEP,AEPIMP,3301.715,True
2026-04-12 22:00:00,2026-04-12 18:00:00,RFC,WEST,AEP,AEPKPT,592.996,True
2026-04-12 22:00:00,2026-04-12 18:00:00,RFC,WEST,AEP,AEPOPT,7939.264,True
2026-04-12 23:00:00,2026-04-12 19:00:00,RFC,WEST,AEP,AEPAPT,3947.307,True
2026-04-12 23:00:00,2026-04-12 19:00:00,RFC,WEST,AEP,AEPIMP,3311.519,True
2026-04-12 23:00:00,2026-04-12 19:00:00,RFC,WEST,AEP,AEPKPT,607.426,True
2026-04-12 23:00:00,2026-04-12 19:00:00,RFC,WEST,AEP,AEPOPT,7895.851,True
2026-04-13 00:00:00,2026-04-12 20:00:00,RFC,WEST,AEP,AEPAPT,3988.501,True
2026-04-13 00:00:00,2026-04-12 20:00:00,RFC,WEST,AEP,AEPIMP,3376.203,True
2026-04-13 00:00:00,2026-04-12 20:00:00,RFC,WEST,AEP,AEPKPT,612.971,True
2026-04-13 00:00:00,2026-04-12 20:00:00,RFC,WEST,AEP,AEPOPT,8090.767,True
2026-04-13 01:00:00,2026-04-12 21:00:00,RFC,WEST,AEP,AEPAPT,3841.242,True
2026-04-13 01:00:00,2026-04-12 21:00:00,RFC,WEST,AEP,AEPIMP,3386.785,True
2026-04-13 01:00:00,2026-04-12 21:00:00,RFC,WEST,AEP,AEPKPT,593.387,True
2026-04-13 01:00:00,2026-04-12 21:00:00,RFC,WEST,AEP,AEPOPT,7986.876,True
2026-04-13 02:00:00,2026-04-12 22:00:00,RFC,WEST,AEP,AEPAPT,3590.292,True
2026-04-13 02:00:00,2026-04-12 22:00:00,RFC,WEST,AEP,AEPIMP,3245.091,True
2026-04-13 02:00:00,2026-04-12 22:00:00,RFC,WEST,AEP,AEPKPT,552.659,True
2026-04-13 02:00:00,2026-04-12 22:00:00,RFC,WEST,AEP,AEPOPT,7690.516,True
2026-04-13 03:00:00,2026-04-12 23:00:00,RFC,WEST,AEP,AEPAPT,3357.208,True
2026-04-13 03:00:00,2026-04-12 23:00:00,RFC,WEST,AEP,AEPIMP,3150.832,True
2026-04-13 03:00:00,2026-04-12 23:00:00,RFC,WEST,AEP,AEPKPT,510.027,True
2026-04-13 03:00:00,2026-04-12 23:00:00,RFC,WEST,AEP,AEPOPT,7411.467,True
2026-04-13 04:00:00,2026-04-13 00:00:00,RFC,WEST,AEP,AEPAPT,3194.524,True
2026-04-13 04:00:00,2026-04-13 00:00:00,RFC,WEST,AEP,AEPIMP,3112.843,True
2026-04-13 04:00:00,2026-04-13 00:00:00,RFC,WEST,AEP,AEPKPT,478.226,True
2026-04-13 04:00:00,2026-04-13 00:00:00,RFC,WEST,AEP,AEPOPT,7155.24,True
2026-04-13 05:00:00,2026-04-13 01:00:00,RFC,WEST,AEP,AEPAPT,3090.179,True
2026-04-13 05:00:00,2026-04-13 01:00:00,RFC,WEST,AEP,AEPIMP,3039.562,True
2026-04-13 05:00:00,2026-04-13 01:00:00,RFC,WEST,AEP,AEPKPT,463.134,True
2026-04-13 05:00:00,2026-04-13 01:00:00,RFC,WEST,AEP,AEPOPT,6984.754,True
2026-04-13 06:00:00,2026-04-13 02:00:00,RFC,WEST,AEP,AEPAPT,3030.084,True
2026-04-13 06:00:00,2026-04-13 02:00:00,RFC,WEST,AEP,AEPIMP,2971.548,True
2026-04-13 06:00:00,2026-04-13 02:00:00,RFC,WEST,AEP,AEPKPT,447.001,True
2026-04-13 06:00:00,2026-04-13 02:00:00,RFC,WEST,AEP,AEPOPT,6865.37,True
2026-04-13 07:00:00,2026-04-13 03:00:00,RFC,WEST,AEP,AEPAPT,3032.118,True
2026-04-13 07:00:00,2026-04-13 03:00:00,RFC,WEST,AEP,AEPIMP,3032.586,True
2026-04-13 07:00:00,2026-04-13 03:00:00,RFC,WEST,AEP,AEPKPT,450.286,True
2026-04-13 07:00:00,2026-04-13 03:00:00,RFC,WEST,AEP,AEPOPT,6878.634,True
2026-04-13 08:00:00,2026-04-13 04:00:00,RFC,WEST,AEP,AEPAPT,3084.093,True
2026-04-13 08:00:00,2026-04-13 04:00:00,RFC,WEST,AEP,AEPIMP,3086.401,True
2026-04-13 08:00:00,2026-04-13 04:00:00,RFC,WEST,AEP,AEPKPT,452.368,True
2026-04-13 08:00:00,2026-04-13 04:00:00,RFC,WEST,AEP,AEPOPT,6990.282,True
2026-04-13 09:00:00,2026-04-13 05:00:00,RFC,WEST,AEP,AEPAPT,3229.262,True
2026-04-13 09:00:00,2026-04-13 05:00:00,RFC,WEST,AEP,AEPIMP,3204.834,True
2026-04-13 09:00:00,2026-04-13 05:00:00,RFC,WEST,AEP,AEPKPT,466.921,True
2026-04-13 09:00:00,2026-04-13 05:00:00,RFC,WEST,AEP,AEPOPT,7284.983,True
2026-04-13 10:00:00,2026-04-13 06:00:00,RFC,WEST,AEP,AEPAPT,3515.144,True
2026-04-13 10:00:00,2026-04-13 06:00:00,RFC,WEST,AEP,AEPIMP,3400.523,True
2026-04-13 10:00:00,2026-04-13 06:00:00,RFC,WEST,AEP,AEPKPT,507.484,True
2026-04-13 10:00:00,2026-04-13 06:00:00,RFC,WEST,AEP,AEPOPT,7706.305,True
2026-04-13 11:00:00,2026-04-13 07:00:00,RFC,WEST,AEP,AEPAPT,3675.219,True
2026-04-13 11:00:00,2026-04-13 07:00:00,RFC,WEST,AEP,AEPIMP,3582.553,True
2026-04-13 11:00:00,2026-04-13 07:00:00,RFC,WEST,AEP,AEPKPT,528.586,True
2026-04-13 11:00:00,2026-04-13 07:00:00,RFC,WEST,AEP,AEPOPT,7919.766,True
2026-04-13 12:00:00,2026-04-13 08:00:00,RFC,WEST,AEP,AEPAPT,3725.317,True
2026-04-13 12:00:00,2026-04-13 08:00:00,RFC,WEST,AEP,AEPIMP,3568.021,True
2026-04-13 12:00:00,2026-04-13 08:00:00,RFC,WEST,AEP,AEPKPT,533.313,True
2026-04-13 12:00:00,2026-04-13 08:00:00,RFC,WEST,AEP,AEPOPT,8094.701,True
2026-04-13 13:00:00,2026-04-13 09:00:00,RFC,WEST,AEP,AEPAPT,3759.027,True
2026-04-13 13:00:00,2026-04-13 09:00:00,RFC,WEST,AEP,AEPIMP,3674.895,True
2026-04-13 13:00:00,2026-04-13 09:00:00,RFC,WEST,AEP,AEPKPT,550.836,True
2026-04-13 13:00:00,2026-04-13 09:00:00,RFC,WEST,AEP,AEPOPT,8249.453,True
2026-04-13 14:00:00,2026-04-13 10:00:00,RFC,WEST,AEP,AEPAPT,3804.868,True
2026-04-13 14:00:00,2026-04-13 10:00:00,RFC,WEST,AEP,AEPIMP,3679.372,True
2026-04-13 14:00:00,2026-04-13 10:00:00,RFC,WEST,AEP,AEPKPT,562.002,True
2026-04-13 14:00:00,2026-04-13 10:00:00,RFC,WEST,AEP,AEPOPT,8423.301,True
2026-04-13 15:00:00,2026-04-13 11:00:00,RFC,WEST,AEP,AEPAPT,3827.942,True
2026-04-13 15:00:00,2026-04-13 11:00:00,RFC,WEST,AEP,AEPIMP,3630.916,True
2026-04-13 15:00:00,2026-04-13 11:00:00,RFC,WEST,AEP,AEPKPT,575.249,True
2026-04-13 15:00:00,2026-04-13 11:00:00,RFC,WEST,AEP,AEPOPT,8477.215,True
2026-04-13 16:00:00,2026-04-13 12:00:00,RFC,WEST,AEP,AEPAPT,3912.752,True
2026-04-13 16:00:00,2026-04-13 12:00:00,RFC,WEST,AEP,AEPIMP,3704.831,True
2026-04-13 16:00:00,2026-04-13 12:00:00,RFC,WEST,AEP,AEPKPT,584.996,True
2026-04-13 16:00:00,2026-04-13 12:00:00,RFC,WEST,AEP,AEPOPT,8620.213,True
2026-04-13 17:00:00,2026-04-13 13:00:00,RFC,WEST,AEP,AEPAPT,3985.976,True
2026-04-13 17:00:00,2026-04-13 13:00:00,RFC,WEST,AEP,AEPIMP,3760.879,True
2026-04-13 17:00:00,2026-04-13 13:00:00,RFC,WEST,AEP,AEPKPT,581.398,True
2026-04-13 17:00:00,2026-04-13 13:00:00,RFC,WEST,AEP,AEPOPT,8733.35,True
2026-04-13 18:00:00,2026-04-13 14:00:00,RFC,WEST,AEP,AEPAPT,3987.186,True
2026-04-13 18:00:00,2026-04-13 14:00:00,RFC,WEST,AEP,AEPIMP,3755.885,True
2026-04-13 18:00:00,2026-04-13 14:00:00,RFC,WEST,AEP,AEPKPT,578.039,True
2026-04-13 18:00:00,2026-04-13 14:00:00,RFC,WEST,AEP,AEPOPT,8742.126,True
2026-04-13 19:00:00,2026-04-13 15:00:00,RFC,WEST,AEP,AEPAPT,3987.753,True
2026-04-13 19:00:00,2026-04-13 15:00:00,RFC,WEST,AEP,AEPIMP,3756.181,True
2026-04-13 19:00:00,2026-04-13 15:00:00,RFC,WEST,AEP,AEPKPT,579.215,True
2026-04-13 19:00:00,2026-04-13 15:00:00,RFC,WEST,AEP,AEPOPT,8756.171,True
2026-04-13 20:00:00,2026-04-13 16:00:00,RFC,WEST,AEP,AEPAPT,4020.227,True
2026-04-13 20:00:00,2026-04-13 16:00:00,RFC,WEST,AEP,AEPIMP,3673.682,True
2026-04-13 20:00:00,2026-04-13 16:00:00,RFC,WEST,AEP,AEPKPT,577.921,True
2026-04-13 20:00:00,2026-04-13 16:00:00,RFC,WEST,AEP,AEPOPT,8848.388,True
2026-04-13 21:00:00,2026-04-13 17:00:00,RFC,WEST,AEP,AEPAPT,4068.116,True
2026-04-13 21:00:00,2026-04-13 17:00:00,RFC,WEST,AEP,AEPIMP,3674.825,True
2026-04-13 21:00:00,2026-04-13 17:00:00,RFC,WEST,AEP,AEPKPT,577.527,True
2026-04-13 21:00:00,2026-04-13 17:00:00,RFC,WEST,AEP,AEPOPT,8992.877,True
2026-04-13 22:00:00,2026-04-13 18:00:00,RFC,WEST,AEP,AEPAPT,4081.624,True
2026-04-13 22:00:00,2026-04-13 18:00:00,RFC,WEST,AEP,AEPIMP,3632.975,True
2026-04-13 22:00:00,2026-04-13 18:00:00,RFC,WEST,AEP,AEPKPT,580.467,True
2026-04-13 22:00:00,2026-04-13 18:00:00,RFC,WEST,AEP,AEPOPT,8899.754,True
2026-04-13 23:00:00,2026-04-13 19:00:00,RFC,WEST,AEP,AEPAPT,4098.474,True
2026-04-13 23:00:00,2026-04-13 19:00:00,RFC,WEST,AEP,AEPIMP,3612.212,True
2026-04-13 23:00:00,2026-04-13 19:00:00,RFC,WEST,AEP,AEPKPT,578.003,True
2026-04-13 23:00:00,2026-04-13 19:00:00,RFC,WEST,AEP,AEPOPT,8761.206,True
2026-04-14 00:00:00,2026-04-13 20:00:00,RFC,WEST,AEP,AEPAPT,4142.456,True
2026-04-14 00:00:00,2026-04-13 20:00:00,RFC,WEST,AEP,AEPIMP,3617.499,True
2026-04-14 00:00:00,2026-04-13 20:00:00,RFC,WEST,AEP,AEPKPT,589.276,True
2026-04-14 00:00:00,2026-04-13 20:00:00,RFC,WEST,AEP,AEPOPT,8760.294,True
2026-04-14 01:00:00,2026-04-13 21:00:00,RFC,WEST,AEP,AEPAPT,3989.295,True
2026-04-14 01:00:00,2026-04-13 21:00:00,RFC,WEST,AEP,AEPIMP,3577.564,True
2026-04-14 01:00:00,2026-04-13 21:00:00,RFC,WEST,AEP,AEPKPT,574.549,True
2026-04-14 01:00:00,2026-04-13 21:00:00,RFC,WEST,AEP,AEPOPT,8585.109,True
2026-04-14 02:00:00,2026-04-13 22:00:00,RFC,WEST,AEP,AEPAPT,3725.213,True
2026-04-14 02:00:00,2026-04-13 22:00:00,RFC,WEST,AEP,AEPIMP,3439.846,True
2026-04-14 02:00:00,2026-04-13 22:00:00,RFC,WEST,AEP,AEPKPT,538.047,True
2026-04-14 02:00:00,2026-04-13 22:00:00,RFC,WEST,AEP,AEPOPT,8179.326,True
2026-04-14 03:00:00,2026-04-13 23:00:00,RFC,WEST,AEP,AEPAPT,3464.449,True
2026-04-14 03:00:00,2026-04-13 23:00:00,RFC,WEST,AEP,AEPIMP,3274.802,True
2026-04-14 03:00:00,2026-04-13 23:00:00,RFC,WEST,AEP,AEPKPT,501.212,True
2026-04-14 03:00:00,2026-04-13 23:00:00,RFC,WEST,AEP,AEPOPT,7693.789,True
2026-04-14 04:00:00,2026-04-14 00:00:00,RFC,WEST,AEP,AEPAPT,3247.795,True
2026-04-14 04:00:00,2026-04-14 00:00:00,RFC,WEST,AEP,AEPIMP,3182.175,True
2026-04-14 04:00:00,2026-04-14 00:00:00,RFC,WEST,AEP,AEPKPT,476.233,True
2026-04-14 04:00:00,2026-04-14 00:00:00,RFC,WEST,AEP,AEPOPT,7374.14,True
2026-04-14 05:00:00,2026-04-14 01:00:00,RFC,WEST,AEP,AEPAPT,3127.238,True
2026-04-14 05:00:00,2026-04-14 01:00:00,RFC,WEST,AEP,AEPIMP,3052.363,True
2026-04-14 05:00:00,2026-04-14 01:00:00,RFC,WEST,AEP,AEPKPT,457.772,True
2026-04-14 05:00:00,2026-04-14 01:00:00,RFC,WEST,AEP,AEPOPT,7056.632,True
2026-04-14 06:00:00,2026-04-14 02:00:00,RFC,WEST,AEP,AEPAPT,3094.634,True
2026-04-14 06:00:00,2026-04-14 02:00:00,RFC,WEST,AEP,AEPIMP,3044.591,True
2026-04-14 06:00:00,2026-04-14 02:00:00,RFC,WEST,AEP,AEPKPT,451.202,True
2026-04-14 06:00:00,2026-04-14 02:00:00,RFC,WEST,AEP,AEPOPT,6909.609,True
2026-04-14 07:00:00,2026-04-14 03:00:00,RFC,WEST,AEP,AEPAPT,3089.395,True
2026-04-14 07:00:00,2026-04-14 03:00:00,RFC,WEST,AEP,AEPIMP,3023.926,True
2026-04-14 07:00:00,2026-04-14 03:00:00,RFC,WEST,AEP,AEPKPT,450.872,True
2026-04-14 07:00:00,2026-04-14 03:00:00,RFC,WEST,AEP,AEPOPT,6849.321,True
2026-04-14 08:00:00,2026-04-14 04:00:00,RFC,WEST,AEP,AEPAPT,3147.463,True
2026-04-14 08:00:00,2026-04-14 04:00:00,RFC,WEST,AEP,AEPIMP,3085.352,True
2026-04-14 08:00:00,2026-04-14 04:00:00,RFC,WEST,AEP,AEPKPT,456.529,True
2026-04-14 08:00:00,2026-04-14 04:00:00,RFC,WEST,AEP,AEPOPT,6894.742,True
2026-04-14 09:00:00,2026-04-14 05:00:00,RFC,WEST,AEP,AEPAPT,3291.902,True
2026-04-14 09:00:00,2026-04-14 05:00:00,RFC,WEST,AEP,AEPIMP,3211.808,True
2026-04-14 09:00:00,2026-04-14 05:00:00,RFC,WEST,AEP,AEPKPT,473.111,True
2026-04-14 09:00:00,2026-04-14 05:00:00,RFC,WEST,AEP,AEPOPT,7188.44,True
2026-04-14 10:00:00,2026-04-14 06:00:00,RFC,WEST,AEP,AEPAPT,3560.318,True
2026-04-14 10:00:00,2026-04-14 06:00:00,RFC,WEST,AEP,AEPIMP,3409.222,True
2026-04-14 10:00:00,2026-04-14 06:00:00,RFC,WEST,AEP,AEPKPT,514.519,True
2026-04-14 10:00:00,2026-04-14 06:00:00,RFC,WEST,AEP,AEPOPT,7623.357,True
2026-04-14 11:00:00,2026-04-14 07:00:00,RFC,WEST,AEP,AEPAPT,3694.477,True
2026-04-14 11:00:00,2026-04-14 07:00:00,RFC,WEST,AEP,AEPIMP,3507.804,True
2026-04-14 11:00:00,2026-04-14 07:00:00,RFC,WEST,AEP,AEPKPT,530.159,True
2026-04-14 11:00:00,2026-04-14 07:00:00,RFC,WEST,AEP,AEPOPT,7873.986,True
2026-04-14 12:00:00,2026-04-14 08:00:00,RFC,WEST,AEP,AEPAPT,3722.641,True
2026-04-14 12:00:00,2026-04-14 08:00:00,RFC,WEST,AEP,AEPIMP,3530.923,True
2026-04-14 12:00:00,2026-04-14 08:00:00,RFC,WEST,AEP,AEPKPT,538.152,True
2026-04-14 12:00:00,2026-04-14 08:00:00,RFC,WEST,AEP,AEPOPT,8103.056,True
2026-04-14 13:00:00,2026-04-14 09:00:00,RFC,WEST,AEP,AEPAPT,3696.987,True
2026-04-14 13:00:00,2026-04-14 09:00:00,RFC,WEST,AEP,AEPIMP,3558.528,True
2026-04-14 13:00:00,2026-04-14 09:00:00,RFC,WEST,AEP,AEPKPT,546.867,True
2026-04-14 13:00:00,2026-04-14 09:00:00,RFC,WEST,AEP,AEPOPT,8230.951,True
2026-04-14 14:00:00,2026-04-14 10:00:00,RFC,WEST,AEP,AEPAPT,3729.99,True
2026-04-14 14:00:00,2026-04-14 10:00:00,RFC,WEST,AEP,AEPIMP,3614.691,True
2026-04-14 14:00:00,2026-04-14 10:00:00,RFC,WEST,AEP,AEPKPT,557.301,True
2026-04-14 14:00:00,2026-04-14 10:00:00,RFC,WEST,AEP,AEPOPT,8384.724,True
2026-04-14 15:00:00,2026-04-14 11:00:00,RFC,WEST,AEP,AEPAPT,3810.346,True
2026-04-14 15:00:00,2026-04-14 11:00:00,RFC,WEST,AEP,AEPIMP,3574.579,True
2026-04-14 15:00:00,2026-04-14 11:00:00,RFC,WEST,AEP,AEPKPT,568.285,True
2026-04-14 15:00:00,2026-04-14 11:00:00,RFC,WEST,AEP,AEPOPT,8587.949,True
2026-04-14 16:00:00,2026-04-14 12:00:00,RFC,WEST,AEP,AEPAPT,3954.498,True
2026-04-14 16:00:00,2026-04-14 12:00:00,RFC,WEST,AEP,AEPIMP,3687.036,True
2026-04-14 16:00:00,2026-04-14 12:00:00,RFC,WEST,AEP,AEPKPT,577.553,True
2026-04-14 16:00:00,2026-04-14 12:00:00,RFC,WEST,AEP,AEPOPT,8637.456,True
2026-04-14 17:00:00,2026-04-14 13:00:00,RFC,WEST,AEP,AEPAPT,4047.684,True
2026-04-14 17:00:00,2026-04-14 13:00:00,RFC,WEST,AEP,AEPIMP,3697.313,True
2026-04-14 17:00:00,2026-04-14 13:00:00,RFC,WEST,AEP,AEPKPT,595.746,True
2026-04-14 17:00:00,2026-04-14 13:00:00,RFC,WEST,AEP,AEPOPT,8793.372,True
2026-04-14 18:00:00,2026-04-14 14:00:00,RFC,WEST,AEP,AEPAPT,4109.699,True
2026-04-14 18:00:00,2026-04-14 14:00:00,RFC,WEST,AEP,AEPIMP,3709.562,True
2026-04-14 18:00:00,2026-04-14 14:00:00,RFC,WEST,AEP,AEPKPT,604.781,True
2026-04-14 18:00:00,2026-04-14 14:00:00,RFC,WEST,AEP,AEPOPT,8839.62,True
2026-04-14 19:00:00,2026-04-14 15:00:00,RFC,WEST,AEP,AEPAPT,4194.726,True
2026-04-14 19:00:00,2026-04-14 15:00:00,RFC,WEST,AEP,AEPIMP,3793.337,True
2026-04-14 19:00:00,2026-04-14 15:00:00,RFC,WEST,AEP,AEPKPT,618.228,True
2026-04-14 19:00:00,2026-04-14 15:00:00,RFC,WEST,AEP,AEPOPT,8960.014,True
2026-04-14 20:00:00,2026-04-14 16:00:00,RFC,WEST,AEP,AEPAPT,4321.722,True
2026-04-14 20:00:00,2026-04-14 16:00:00,RFC,WEST,AEP,AEPIMP,3846.352,True
2026-04-14 20:00:00,2026-04-14 16:00:00,RFC,WEST,AEP,AEPKPT,637.007,True
2026-04-14 20:00:00,2026-04-14 16:00:00,RFC,WEST,AEP,AEPOPT,9136.125,True
2026-04-14 21:00:00,2026-04-14 17:00:00,RFC,WEST,AEP,AEPAPT,4442.626,True
2026-04-14 21:00:00,2026-04-14 17:00:00,RFC,WEST,AEP,AEPIMP,3931.179,True
2026-04-14 21:00:00,2026-04-14 17:00:00,RFC,WEST,AEP,AEPKPT,648.147,True
2026-04-14 21:00:00,2026-04-14 17:00:00,RFC,WEST,AEP,AEPOPT,9247.134,True
2026-04-14 22:00:00,2026-04-14 18:00:00,RFC,WEST,AEP,AEPAPT,4484.413,True
2026-04-14 22:00:00,2026-04-14 18:00:00,RFC,WEST,AEP,AEPIMP,3841.559,True
2026-04-14 22:00:00,2026-04-14 18:00:00,RFC,WEST,AEP,AEPKPT,644.238,True
2026-04-14 22:00:00,2026-04-14 18:00:00,RFC,WEST,AEP,AEPOPT,9299.692,True
2026-04-14 23:00:00,2026-04-14 19:00:00,RFC,WEST,AEP,AEPAPT,4448.933,True
2026-04-14 23:00:00,2026-04-14 19:00:00,RFC,WEST,AEP,AEPIMP,3817.009,True
2026-04-14 23:00:00,2026-04-14 19:00:00,RFC,WEST,AEP,AEPKPT,630.944,True
2026-04-14 23:00:00,2026-04-14 19:00:00,RFC,WEST,AEP,AEPOPT,9159.926,True
2026-04-15 00:00:00,2026-04-14 20:00:00,RFC,WEST,AEP,AEPAPT,4434.831,True
2026-04-15 00:00:00,2026-04-14 20:00:00,RFC,WEST,AEP,AEPIMP,3770.26,True
2026-04-15 00:00:00,2026-04-14 20:00:00,RFC,WEST,AEP,AEPKPT,636.927,True
2026-04-15 00:00:00,2026-04-14 20:00:00,RFC,WEST,AEP,AEPOPT,9168.686,True
2026-04-15 01:00:00,2026-04-14 21:00:00,RFC,WEST,AEP,AEPAPT,4262.704,True
2026-04-15 01:00:00,2026-04-14 21:00:00,RFC,WEST,AEP,AEPIMP,3760.298,True
2026-04-15 01:00:00,2026-04-14 21:00:00,RFC,WEST,AEP,AEPKPT,609.323,True
2026-04-15 01:00:00,2026-04-14 21:00:00,RFC,WEST,AEP,AEPOPT,8722.486,True
2026-04-15 02:00:00,2026-04-14 22:00:00,RFC,WEST,AEP,AEPAPT,3948.088,True
2026-04-15 02:00:00,2026-04-14 22:00:00,RFC,WEST,AEP,AEPIMP,3670.225,True
2026-04-15 02:00:00,2026-04-14 22:00:00,RFC,WEST,AEP,AEPKPT,566.513,True
2026-04-15 02:00:00,2026-04-14 22:00:00,RFC,WEST,AEP,AEPOPT,8168.01,True
2026-04-15 03:00:00,2026-04-14 23:00:00,RFC,WEST,AEP,AEPAPT,3639.426,True
2026-04-15 03:00:00,2026-04-14 23:00:00,RFC,WEST,AEP,AEPIMP,3507.031,True
2026-04-15 03:00:00,2026-04-14 23:00:00,RFC,WEST,AEP,AEPKPT,521.389,True
2026-04-15 03:00:00,2026-04-14 23:00:00,RFC,WEST,AEP,AEPOPT,7647.068,True
2026-04-15 04:00:00,2026-04-15 00:00:00,RFC,WEST,AEP,AEPAPT,3411.291,True
2026-04-15 04:00:00,2026-04-15 00:00:00,RFC,WEST,AEP,AEPIMP,3374.447,True
2026-04-15 04:00:00,2026-04-15 00:00:00,RFC,WEST,AEP,AEPKPT,489.716,True
2026-04-15 04:00:00,2026-04-15 00:00:00,RFC,WEST,AEP,AEPOPT,7323.251,True
2026-04-15 05:00:00,2026-04-15 01:00:00,RFC,WEST,AEP,AEPAPT,3265.07,True
2026-04-15 05:00:00,2026-04-15 01:00:00,RFC,WEST,AEP,AEPIMP,3324.523,True
2026-04-15 05:00:00,2026-04-15 01:00:00,RFC,WEST,AEP,AEPKPT,476.741,True
2026-04-15 05:00:00,2026-04-15 01:00:00,RFC,WEST,AEP,AEPOPT,7201.711,True
2026-04-15 06:00:00,2026-04-15 02:00:00,RFC,WEST,AEP,AEPAPT,3164.483,True
2026-04-15 06:00:00,2026-04-15 02:00:00,RFC,WEST,AEP,AEPIMP,3222.419,True
2026-04-15 06:00:00,2026-04-15 02:00:00,RFC,WEST,AEP,AEPKPT,461.678,True
2026-04-15 06:00:00,2026-04-15 02:00:00,RFC,WEST,AEP,AEPOPT,7102.023,True
2026-04-15 07:00:00,2026-04-15 03:00:00,RFC,WEST,AEP,AEPAPT,3120.37,True
2026-04-15 07:00:00,2026-04-15 03:00:00,RFC,WEST,AEP,AEPIMP,3151.621,True
2026-04-15 07:00:00,2026-04-15 03:00:00,RFC,WEST,AEP,AEPKPT,457.834,True
2026-04-15 07:00:00,2026-04-15 03:00:00,RFC,WEST,AEP,AEPOPT,7087.882,True
2026-04-15 08:00:00,2026-04-15 04:00:00,RFC,WEST,AEP,AEPAPT,3161.781,True
2026-04-15 08:00:00,2026-04-15 04:00:00,RFC,WEST,AEP,AEPIMP,3202.576,True
2026-04-15 08:00:00,2026-04-15 04:00:00,RFC,WEST,AEP,AEPKPT,463.282,True
2026-04-15 08:00:00,2026-04-15 04:00:00,RFC,WEST,AEP,AEPOPT,7178.804,True
2026-04-15 09:00:00,2026-04-15 05:00:00,RFC,WEST,AEP,AEPAPT,3256.325,True
2026-04-15 09:00:00,2026-04-15 05:00:00,RFC,WEST,AEP,AEPIMP,3307.019,True
2026-04-15 09:00:00,2026-04-15 05:00:00,RFC,WEST,AEP,AEPKPT,481.264,True
2026-04-15 09:00:00,2026-04-15 05:00:00,RFC,WEST,AEP,AEPOPT,7391.943,True
2026-04-15 10:00:00,2026-04-15 06:00:00,RFC,WEST,AEP,AEPAPT,3499.04,True
2026-04-15 10:00:00,2026-04-15 06:00:00,RFC,WEST,AEP,AEPIMP,3509.01,True
2026-04-15 10:00:00,2026-04-15 06:00:00,RFC,WEST,AEP,AEPKPT,522.419,True
2026-04-15 10:00:00,2026-04-15 06:00:00,RFC,WEST,AEP,AEPOPT,7759.084,True
2026-04-15 11:00:00,2026-04-15 07:00:00,RFC,WEST,AEP,AEPAPT,3616.275,True
2026-04-15 11:00:00,2026-04-15 07:00:00,RFC,WEST,AEP,AEPIMP,3646.859,True
2026-04-15 11:00:00,2026-04-15 07:00:00,RFC,WEST,AEP,AEPKPT,536.938,True
2026-04-15 11:00:00,2026-04-15 07:00:00,RFC,WEST,AEP,AEPOPT,7986.197,True
2026-04-15 12:00:00,2026-04-15 08:00:00,RFC,WEST,AEP,AEPAPT,3626.326,True
2026-04-15 12:00:00,2026-04-15 08:00:00,RFC,WEST,AEP,AEPIMP,3672.303,True
2026-04-15 12:00:00,2026-04-15 08:00:00,RFC,WEST,AEP,AEPKPT,545.997,True
2026-04-15 12:00:00,2026-04-15 08:00:00,RFC,WEST,AEP,AEPOPT,8258.863,True
2026-04-15 13:00:00,2026-04-15 09:00:00,RFC,WEST,AEP,AEPAPT,3651.47,True
2026-04-15 13:00:00,2026-04-15 09:00:00,RFC,WEST,AEP,AEPIMP,3712.767,True
2026-04-15 13:00:00,2026-04-15 09:00:00,RFC,WEST,AEP,AEPKPT,554.867,True
2026-04-15 13:00:00,2026-04-15 09:00:00,RFC,WEST,AEP,AEPOPT,8318.213,True
2026-04-15 14:00:00,2026-04-15 10:00:00,RFC,WEST,AEP,AEPAPT,3706.206,True
2026-04-15 14:00:00,2026-04-15 10:00:00,RFC,WEST,AEP,AEPIMP,3749.801,True
2026-04-15 14:00:00,2026-04-15 10:00:00,RFC,WEST,AEP,AEPKPT,575.315,True
2026-04-15 14:00:00,2026-04-15 10:00:00,RFC,WEST,AEP,AEPOPT,8467.44,True
2026-04-15 15:00:00,2026-04-15 11:00:00,RFC,WEST,AEP,AEPAPT,3847.529,True
2026-04-15 15:00:00,2026-04-15 11:00:00,RFC,WEST,AEP,AEPIMP,3798.529,True
2026-04-15 15:00:00,2026-04-15 11:00:00,RFC,WEST,AEP,AEPKPT,598.464,True
2026-04-15 15:00:00,2026-04-15 11:00:00,RFC,WEST,AEP,AEPOPT,8662.641,True
2026-04-15 16:00:00,2026-04-15 12:00:00,RFC,WEST,AEP,AEPAPT,4043.16,True
2026-04-15 16:00:00,2026-04-15 12:00:00,RFC,WEST,AEP,AEPIMP,3887.035,True
2026-04-15 16:00:00,2026-04-15 12:00:00,RFC,WEST,AEP,AEPKPT,626.751,True
2026-04-15 16:00:00,2026-04-15 12:00:00,RFC,WEST,AEP,AEPOPT,8974.551,True
2026-04-15 17:00:00,2026-04-15 13:00:00,RFC,WEST,AEP,AEPAPT,4250.958,True
2026-04-15 17:00:00,2026-04-15 13:00:00,RFC,WEST,AEP,AEPIMP,3919.935,True
2026-04-15 17:00:00,2026-04-15 13:00:00,RFC,WEST,AEP,AEPKPT,664.485,True
2026-04-15 17:00:00,2026-04-15 13:00:00,RFC,WEST,AEP,AEPOPT,9110.059,True
2026-04-15 18:00:00,2026-04-15 14:00:00,RFC,WEST,AEP,AEPAPT,4439.75,True
2026-04-15 18:00:00,2026-04-15 14:00:00,RFC,WEST,AEP,AEPIMP,3867.626,True
2026-04-15 18:00:00,2026-04-15 14:00:00,RFC,WEST,AEP,AEPKPT,694.659,True
2026-04-15 18:00:00,2026-04-15 14:00:00,RFC,WEST,AEP,AEPOPT,9344.423,True
2026-04-15 19:00:00,2026-04-15 15:00:00,RFC,WEST,AEP,AEPAPT,4584.569,True
2026-04-15 19:00:00,2026-04-15 15:00:00,RFC,WEST,AEP,AEPIMP,3772.206,True
2026-04-15 19:00:00,2026-04-15 15:00:00,RFC,WEST,AEP,AEPKPT,715.594,True
2026-04-15 19:00:00,2026-04-15 15:00:00,RFC,WEST,AEP,AEPOPT,9398.676,True
2026-04-15 20:00:00,2026-04-15 16:00:00,RFC,WEST,AEP,AEPAPT,4758.395,True
2026-04-15 20:00:00,2026-04-15 16:00:00,RFC,WEST,AEP,AEPIMP,3727.417,True
2026-04-15 20:00:00,2026-04-15 16:00:00,RFC,WEST,AEP,AEPKPT,728.588,True
2026-04-15 20:00:00,2026-04-15 16:00:00,RFC,WEST,AEP,AEPOPT,9452.434,True
2026-04-15 21:00:00,2026-04-15 17:00:00,RFC,WEST,AEP,AEPAPT,4848.992,True
2026-04-15 21:00:00,2026-04-15 17:00:00,RFC,WEST,AEP,AEPIMP,3760.14,True
2026-04-15 21:00:00,2026-04-15 17:00:00,RFC,WEST,AEP,AEPKPT,730.92,True
2026-04-15 21:00:00,2026-04-15 17:00:00,RFC,WEST,AEP,AEPOPT,9523.08,True
2026-04-15 22:00:00,2026-04-15 18:00:00,RFC,WEST,AEP,AEPAPT,4886.295,True
2026-04-15 22:00:00,2026-04-15 18:00:00,RFC,WEST,AEP,AEPIMP,3690.49,True
2026-04-15 22:00:00,2026-04-15 18:00:00,RFC,WEST,AEP,AEPKPT,720.97,True
2026-04-15 22:00:00,2026-04-15 18:00:00,RFC,WEST,AEP,AEPOPT,9436.069,True
2026-04-15 23:00:00,2026-04-15 19:00:00,RFC,WEST,AEP,AEPAPT,4810.461,True
2026-04-15 23:00:00,2026-04-15 19:00:00,RFC,WEST,AEP,AEPIMP,3711.648,True
2026-04-15 23:00:00,2026-04-15 19:00:00,RFC,WEST,AEP,AEPKPT,699.078,True
2026-04-15 23:00:00,2026-04-15 19:00:00,RFC,WEST,AEP,AEPOPT,9311.409,True
2026-04-16 00:00:00,2026-04-15 20:00:00,RFC,WEST,AEP,AEPAPT,4700.187,True
2026-04-16 00:00:00,2026-04-15 20:00:00,RFC,WEST,AEP,AEPIMP,3639.414,True
2026-04-16 00:00:00,2026-04-15 20:00:00,RFC,WEST,AEP,AEPKPT,686.183,True
2026-04-16 00:00:00,2026-04-15 20:00:00,RFC,WEST,AEP,AEPOPT,9305.936,True
2026-04-16 01:00:00,2026-04-15 21:00:00,RFC,WEST,AEP,AEPAPT,4477.424,True
2026-04-16 01:00:00,2026-04-15 21:00:00,RFC,WEST,AEP,AEPIMP,3686.591,True
2026-04-16 01:00:00,2026-04-15 21:00:00,RFC,WEST,AEP,AEPKPT,652.058,True
2026-04-16 01:00:00,2026-04-15 21:00:00,RFC,WEST,AEP,AEPOPT,9080.775,True
2026-04-16 02:00:00,2026-04-15 22:00:00,RFC,WEST,AEP,AEPAPT,4126.778,True
2026-04-16 02:00:00,2026-04-15 22:00:00,RFC,WEST,AEP,AEPIMP,3510.965,True
2026-04-16 02:00:00,2026-04-15 22:00:00,RFC,WEST,AEP,AEPKPT,601.864,True
2026-04-16 02:00:00,2026-04-15 22:00:00,RFC,WEST,AEP,AEPOPT,8579.778,True
2026-04-16 03:00:00,2026-04-15 23:00:00,RFC,WEST,AEP,AEPAPT,3765.04,True
2026-04-16 03:00:00,2026-04-15 23:00:00,RFC,WEST,AEP,AEPIMP,3389.229,True
2026-04-16 03:00:00,2026-04-15 23:00:00,RFC,WEST,AEP,AEPKPT,551.033,True
2026-04-16 03:00:00,2026-04-15 23:00:00,RFC,WEST,AEP,AEPOPT,8144.124,True
2026-04-16 04:00:00,2026-04-16 00:00:00,RFC,WEST,AEP,AEPAPT,3520.754,True
2026-04-16 04:00:00,2026-04-16 00:00:00,RFC,WEST,AEP,AEPIMP,3198.642,True
2026-04-16 04:00:00,2026-04-16 00:00:00,RFC,WEST,AEP,AEPKPT,517.543,True
2026-04-16 04:00:00,2026-04-16 00:00:00,RFC,WEST,AEP,AEPOPT,7717.523,True
2026-04-16 05:00:00,2026-04-16 01:00:00,RFC,WEST,AEP,AEPAPT,3349.924,True
2026-04-16 05:00:00,2026-04-16 01:00:00,RFC,WEST,AEP,AEPIMP,3201.09,True
2026-04-16 05:00:00,2026-04-16 01:00:00,RFC,WEST,AEP,AEPKPT,491.948,True
2026-04-16 05:00:00,2026-04-16 01:00:00,RFC,WEST,AEP,AEPOPT,7500.802,True
2026-04-16 06:00:00,2026-04-16 02:00:00,RFC,WEST,AEP,AEPAPT,3214.159,True
2026-04-16 06:00:00,2026-04-16 02:00:00,RFC,WEST,AEP,AEPIMP,3126.07,True
2026-04-16 06:00:00,2026-04-16 02:00:00,RFC,WEST,AEP,AEPKPT,472.178,True
2026-04-16 06:00:00,2026-04-16 02:00:00,RFC,WEST,AEP,AEPOPT,7372.592,True
2026-04-16 07:00:00,2026-04-16 03:00:00,RFC,WEST,AEP,AEPAPT,3158.873,True
2026-04-16 07:00:00,2026-04-16 03:00:00,RFC,WEST,AEP,AEPIMP,3083.334,True
2026-04-16 07:00:00,2026-04-16 03:00:00,RFC,WEST,AEP,AEPKPT,469.72,True
2026-04-16 07:00:00,2026-04-16 03:00:00,RFC,WEST,AEP,AEPOPT,7200.305,True
2026-04-16 08:00:00,2026-04-16 04:00:00,RFC,WEST,AEP,AEPAPT,3186.169,True
2026-04-16 08:00:00,2026-04-16 04:00:00,RFC,WEST,AEP,AEPIMP,3106.933,True
2026-04-16 08:00:00,2026-04-16 04:00:00,RFC,WEST,AEP,AEPKPT,470.378,True
2026-04-16 08:00:00,2026-04-16 04:00:00,RFC,WEST,AEP,AEPOPT,7258.965,True
2026-04-16 09:00:00,2026-04-16 05:00:00,RFC,WEST,AEP,AEPAPT,3291.227,True
2026-04-16 09:00:00,2026-04-16 05:00:00,RFC,WEST,AEP,AEPIMP,3126.952,True
2026-04-16 09:00:00,2026-04-16 05:00:00,RFC,WEST,AEP,AEPKPT,482.55,True
2026-04-16 09:00:00,2026-04-16 05:00:00,RFC,WEST,AEP,AEPOPT,7442.283,True
2026-04-16 10:00:00,2026-04-16 06:00:00,RFC,WEST,AEP,AEPAPT,3531.802,True
2026-04-16 10:00:00,2026-04-16 06:00:00,RFC,WEST,AEP,AEPIMP,3308.92,True
2026-04-16 10:00:00,2026-04-16 06:00:00,RFC,WEST,AEP,AEPKPT,511.904,True
2026-04-16 10:00:00,2026-04-16 06:00:00,RFC,WEST,AEP,AEPOPT,7792.316,True
2026-04-16 11:00:00,2026-04-16 07:00:00,RFC,WEST,AEP,AEPAPT,3665.32,True
2026-04-16 11:00:00,2026-04-16 07:00:00,RFC,WEST,AEP,AEPIMP,3425.688,True
2026-04-16 11:00:00,2026-04-16 07:00:00,RFC,WEST,AEP,AEPKPT,526.511,True
2026-04-16 11:00:00,2026-04-16 07:00:00,RFC,WEST,AEP,AEPOPT,7980.784,True
2026-04-16 12:00:00,2026-04-16 08:00:00,RFC,WEST,AEP,AEPAPT,3694.702,True
2026-04-16 12:00:00,2026-04-16 08:00:00,RFC,WEST,AEP,AEPIMP,3457.806,True
2026-04-16 12:00:00,2026-04-16 08:00:00,RFC,WEST,AEP,AEPKPT,543.451,True
2026-04-16 12:00:00,2026-04-16 08:00:00,RFC,WEST,AEP,AEPOPT,8090.741,True
2026-04-16 13:00:00,2026-04-16 09:00:00,RFC,WEST,AEP,AEPAPT,3754.896,True
2026-04-16 13:00:00,2026-04-16 09:00:00,RFC,WEST,AEP,AEPIMP,3437.683,True
2026-04-16 13:00:00,2026-04-16 09:00:00,RFC,WEST,AEP,AEPKPT,564.384,True
2026-04-16 13:00:00,2026-04-16 09:00:00,RFC,WEST,AEP,AEPOPT,8321.139,True
2026-04-16 14:00:00,2026-04-16 10:00:00,RFC,WEST,AEP,AEPAPT,3888.197,True
2026-04-16 14:00:00,2026-04-16 10:00:00,RFC,WEST,AEP,AEPIMP,3520.251,True
2026-04-16 14:00:00,2026-04-16 10:00:00,RFC,WEST,AEP,AEPKPT,589.984,True
2026-04-16 14:00:00,2026-04-16 10:00:00,RFC,WEST,AEP,AEPOPT,8433.422,True
2026-04-16 15:00:00,2026-04-16 11:00:00,RFC,WEST,AEP,AEPAPT,4015.159,True
2026-04-16 15:00:00,2026-04-16 11:00:00,RFC,WEST,AEP,AEPIMP,3515.319,True
2026-04-16 15:00:00,2026-04-16 11:00:00,RFC,WEST,AEP,AEPKPT,614.449,True
2026-04-16 15:00:00,2026-04-16 11:00:00,RFC,WEST,AEP,AEPOPT,8611.723,True
2026-04-16 16:00:00,2026-04-16 12:00:00,RFC,WEST,AEP,AEPAPT,4140.226,True
2026-04-16 16:00:00,2026-04-16 12:00:00,RFC,WEST,AEP,AEPIMP,3554.108,True
2026-04-16 16:00:00,2026-04-16 12:00:00,RFC,WEST,AEP,AEPKPT,635.987,True
2026-04-16 16:00:00,2026-04-16 12:00:00,RFC,WEST,AEP,AEPOPT,8855.481,True
2026-04-16 17:00:00,2026-04-16 13:00:00,RFC,WEST,AEP,AEPAPT,4335.608,True
2026-04-16 17:00:00,2026-04-16 13:00:00,RFC,WEST,AEP,AEPIMP,3559.105,True
2026-04-16 17:00:00,2026-04-16 13:00:00,RFC,WEST,AEP,AEPKPT,665.844,True
2026-04-16 17:00:00,2026-04-16 13:00:00,RFC,WEST,AEP,AEPOPT,9047.726,True
2026-04-16 18:00:00,2026-04-16 14:00:00,RFC,WEST,AEP,AEPAPT,4486.144,True
2026-04-16 18:00:00,2026-04-16 14:00:00,RFC,WEST,AEP,AEPIMP,3528.449,True
2026-04-16 18:00:00,2026-04-16 14:00:00,RFC,WEST,AEP,AEPKPT,688.977,True
2026-04-16 18:00:00,2026-04-16 14:00:00,RFC,WEST,AEP,AEPOPT,8987.878,True
2026-04-16 19:00:00,2026-04-16 15:00:00,RFC,WEST,AEP,AEPAPT,4620.766,True
2026-04-16 19:00:00,2026-04-16 15:00:00,RFC,WEST,AEP,AEPIMP,3513.496,True
2026-04-16 19:00:00,2026-04-16 15:00:00,RFC,WEST,AEP,AEPKPT,698.672,True
2026-04-16 19:00:00,2026-04-16 15:00:00,RFC,WEST,AEP,AEPOPT,8794.85,True
2026-04-16 20:00:00,2026-04-16 16:00:00,RFC,WEST,AEP,AEPAPT,4706.089,True
2026-04-16 20:00:00,2026-04-16 16:00:00,RFC,WEST,AEP,AEPIMP,3502.846,True
2026-04-16 20:00:00,2026-04-16 16:00:00,RFC,WEST,AEP,AEPKPT,676.448,True
2026-04-16 20:00:00,2026-04-16 16:00:00,RFC,WEST,AEP,AEPOPT,8802.372,True
2026-04-16 21:00:00,2026-04-16 17:00:00,RFC,WEST,AEP,AEPAPT,4717.859,True
2026-04-16 21:00:00,2026-04-16 17:00:00,RFC,WEST,AEP,AEPIMP,3434.252,True
2026-04-16 21:00:00,2026-04-16 17:00:00,RFC,WEST,AEP,AEPKPT,653.749,True
2026-04-16 21:00:00,2026-04-16 17:00:00,RFC,WEST,AEP,AEPOPT,8764.811,True
2026-04-16 22:00:00,2026-04-16 18:00:00,RFC,WEST,AEP,AEPAPT,4703.885,True
2026-04-16 22:00:00,2026-04-16 18:00:00,RFC,WEST,AEP,AEPIMP,3399.877,True
2026-04-16 22:00:00,2026-04-16 18:00:00,RFC,WEST,AEP,AEPKPT,646.255,True
2026-04-16 22:00:00,2026-04-16 18:00:00,RFC,WEST,AEP,AEPOPT,8760.447,True
2026-04-16 23:00:00,2026-04-16 19:00:00,RFC,WEST,AEP,AEPAPT,4633.554,True
2026-04-16 23:00:00,2026-04-16 19:00:00,RFC,WEST,AEP,AEPIMP,3418.864,True
2026-04-16 23:00:00,2026-04-16 19:00:00,RFC,WEST,AEP,AEPKPT,633.894,True
2026-04-16 23:00:00,2026-04-16 19:00:00,RFC,WEST,AEP,AEPOPT,8688.538,True
2026-04-17 00:00:00,2026-04-16 20:00:00,RFC,WEST,AEP,AEPAPT,4541.621,True
2026-04-17 00:00:00,2026-04-16 20:00:00,RFC,WEST,AEP,AEPIMP,3391.922,True
2026-04-17 00:00:00,2026-04-16 20:00:00,RFC,WEST,AEP,AEPKPT,629.263,True
2026-04-17 00:00:00,2026-04-16 20:00:00,RFC,WEST,AEP,AEPOPT,8631.378,True
2026-04-17 01:00:00,2026-04-16 21:00:00,RFC,WEST,AEP,AEPAPT,4334.903,True
2026-04-17 01:00:00,2026-04-16 21:00:00,RFC,WEST,AEP,AEPIMP,3357.815,True
2026-04-17 01:00:00,2026-04-16 21:00:00,RFC,WEST,AEP,AEPKPT,607.389,True
2026-04-17 01:00:00,2026-04-16 21:00:00,RFC,WEST,AEP,AEPOPT,8419.011,True
2026-04-17 02:00:00,2026-04-16 22:00:00,RFC,WEST,AEP,AEPAPT,4035.03,True
2026-04-17 02:00:00,2026-04-16 22:00:00,RFC,WEST,AEP,AEPIMP,3306.613,True
2026-04-17 02:00:00,2026-04-16 22:00:00,RFC,WEST,AEP,AEPKPT,568.625,True
2026-04-17 02:00:00,2026-04-16 22:00:00,RFC,WEST,AEP,AEPOPT,7936.599,True
2026-04-17 03:00:00,2026-04-16 23:00:00,RFC,WEST,AEP,AEPAPT,3722.797,True
2026-04-17 03:00:00,2026-04-16 23:00:00,RFC,WEST,AEP,AEPIMP,3247.857,True
2026-04-17 03:00:00,2026-04-16 23:00:00,RFC,WEST,AEP,AEPKPT,531.274,True
2026-04-17 03:00:00,2026-04-16 23:00:00,RFC,WEST,AEP,AEPOPT,7494.384,True
2026-04-17 04:00:00,2026-04-17 00:00:00,RFC,WEST,AEP,AEPAPT,3482.136,True
2026-04-17 04:00:00,2026-04-17 00:00:00,RFC,WEST,AEP,AEPIMP,3049.914,True
2026-04-17 04:00:00,2026-04-17 00:00:00,RFC,WEST,AEP,AEPKPT,499.082,True
2026-04-17 04:00:00,2026-04-17 00:00:00,RFC,WEST,AEP,AEPOPT,7175.313,True
2026-04-17 05:00:00,2026-04-17 01:00:00,RFC,WEST,AEP,AEPAPT,3337.034,True
2026-04-17 05:00:00,2026-04-17 01:00:00,RFC,WEST,AEP,AEPIMP,3047.003,True
2026-04-17 05:00:00,2026-04-17 01:00:00,RFC,WEST,AEP,AEPKPT,481.648,True
2026-04-17 05:00:00,2026-04-17 01:00:00,RFC,WEST,AEP,AEPOPT,6992.73,True
2026-04-17 06:00:00,2026-04-17 02:00:00,RFC,WEST,AEP,AEPAPT,3238.976,True
2026-04-17 06:00:00,2026-04-17 02:00:00,RFC,WEST,AEP,AEPIMP,2961.097,True
2026-04-17 06:00:00,2026-04-17 02:00:00,RFC,WEST,AEP,AEPKPT,471.959,True
2026-04-17 06:00:00,2026-04-17 02:00:00,RFC,WEST,AEP,AEPOPT,6900.924,True
2026-04-17 07:00:00,2026-04-17 03:00:00,RFC,WEST,AEP,AEPAPT,3185.66,True
2026-04-17 07:00:00,2026-04-17 03:00:00,RFC,WEST,AEP,AEPIMP,2969.124,True
2026-04-17 07:00:00,2026-04-17 03:00:00,RFC,WEST,AEP,AEPKPT,465.106,True
2026-04-17 07:00:00,2026-04-17 03:00:00,RFC,WEST,AEP,AEPOPT,6770.843,True
2026-04-17 08:00:00,2026-04-17 04:00:00,RFC,WEST,AEP,AEPAPT,3205.453,True
2026-04-17 08:00:00,2026-04-17 04:00:00,RFC,WEST,AEP,AEPIMP,3034.895,True
2026-04-17 08:00:00,2026-04-17 04:00:00,RFC,WEST,AEP,AEPKPT,464.824,True
2026-04-17 08:00:00,2026-04-17 04:00:00,RFC,WEST,AEP,AEPOPT,6832.465,True
2026-04-17 09:00:00,2026-04-17 05:00:00,RFC,WEST,AEP,AEPAPT,3337.699,True
2026-04-17 09:00:00,2026-04-17 05:00:00,RFC,WEST,AEP,AEPIMP,3040.901,True
2026-04-17 09:00:00,2026-04-17 05:00:00,RFC,WEST,AEP,AEPKPT,474.374,True
2026-04-17 09:00:00,2026-04-17 05:00:00,RFC,WEST,AEP,AEPOPT,7049.659,True
2026-04-17 10:00:00,2026-04-17 06:00:00,RFC,WEST,AEP,AEPAPT,3557.258,True
2026-04-17 10:00:00,2026-04-17 06:00:00,RFC,WEST,AEP,AEPIMP,3226.207,True
2026-04-17 10:00:00,2026-04-17 06:00:00,RFC,WEST,AEP,AEPKPT,502.192,True
2026-04-17 10:00:00,2026-04-17 06:00:00,RFC,WEST,AEP,AEPOPT,7359.586,True
2026-04-17 11:00:00,2026-04-17 07:00:00,RFC,WEST,AEP,AEPAPT,3662.827,True
2026-04-17 11:00:00,2026-04-17 07:00:00,RFC,WEST,AEP,AEPIMP,3368.025,True
2026-04-17 11:00:00,2026-04-17 07:00:00,RFC,WEST,AEP,AEPKPT,519.864,True
2026-04-17 11:00:00,2026-04-17 07:00:00,RFC,WEST,AEP,AEPOPT,7604.667,True
2026-04-17 12:00:00,2026-04-17 08:00:00,RFC,WEST,AEP,AEPAPT,3734.771,True
2026-04-17 12:00:00,2026-04-17 08:00:00,RFC,WEST,AEP,AEPIMP,3467.258,True
2026-04-17 12:00:00,2026-04-17 08:00:00,RFC,WEST,AEP,AEPKPT,529.008,True
2026-04-17 12:00:00,2026-04-17 08:00:00,RFC,WEST,AEP,AEPOPT,7827.729,True
2026-04-17 13:00:00,2026-04-17 09:00:00,RFC,WEST,AEP,AEPAPT,3787.006,True
2026-04-17 13:00:00,2026-04-17 09:00:00,RFC,WEST,AEP,AEPIMP,3504.947,True
2026-04-17 13:00:00,2026-04-17 09:00:00,RFC,WEST,AEP,AEPKPT,549.314,True
2026-04-17 13:00:00,2026-04-17 09:00:00,RFC,WEST,AEP,AEPOPT,7959.619,True
2026-04-17 14:00:00,2026-04-17 10:00:00,RFC,WEST,AEP,AEPAPT,3883.984,True
2026-04-17 14:00:00,2026-04-17 10:00:00,RFC,WEST,AEP,AEPIMP,3451.416,True
2026-04-17 14:00:00,2026-04-17 10:00:00,RFC,WEST,AEP,AEPKPT,575.229,True
2026-04-17 14:00:00,2026-04-17 10:00:00,RFC,WEST,AEP,AEPOPT,8149.972,True
2026-04-17 15:00:00,2026-04-17 11:00:00,RFC,WEST,AEP,AEPAPT,3996.429,True
2026-04-17 15:00:00,2026-04-17 11:00:00,RFC,WEST,AEP,AEPIMP,3593.709,True
2026-04-17 15:00:00,2026-04-17 11:00:00,RFC,WEST,AEP,AEPKPT,595.553,True
2026-04-17 15:00:00,2026-04-17 11:00:00,RFC,WEST,AEP,AEPOPT,8219.147,True
2026-04-17 16:00:00,2026-04-17 12:00:00,RFC,WEST,AEP,AEPAPT,4110.203,True
2026-04-17 16:00:00,2026-04-17 12:00:00,RFC,WEST,AEP,AEPIMP,3604.869,True
2026-04-17 16:00:00,2026-04-17 12:00:00,RFC,WEST,AEP,AEPKPT,622.293,True
2026-04-17 16:00:00,2026-04-17 12:00:00,RFC,WEST,AEP,AEPOPT,8388.904,True
2026-04-17 17:00:00,2026-04-17 13:00:00,RFC,WEST,AEP,AEPAPT,4260.961,True
2026-04-17 17:00:00,2026-04-17 13:00:00,RFC,WEST,AEP,AEPIMP,3628.484,True
2026-04-17 17:00:00,2026-04-17 13:00:00,RFC,WEST,AEP,AEPKPT,637.543,True
2026-04-17 17:00:00,2026-04-17 13:00:00,RFC,WEST,AEP,AEPOPT,8537.605,True
2026-04-17 18:00:00,2026-04-17 14:00:00,RFC,WEST,AEP,AEPAPT,4379.556,True
2026-04-17 18:00:00,2026-04-17 14:00:00,RFC,WEST,AEP,AEPIMP,3668.258,True
2026-04-17 18:00:00,2026-04-17 14:00:00,RFC,WEST,AEP,AEPKPT,658.373,True
2026-04-17 18:00:00,2026-04-17 14:00:00,RFC,WEST,AEP,AEPOPT,8697.008,True
2026-04-17 19:00:00,2026-04-17 15:00:00,RFC,WEST,AEP,AEPAPT,4482.698,True
2026-04-17 19:00:00,2026-04-17 15:00:00,RFC,WEST,AEP,AEPIMP,3643.057,True
2026-04-17 19:00:00,2026-04-17 15:00:00,RFC,WEST,AEP,AEPKPT,674.481,True
2026-04-17 19:00:00,2026-04-17 15:00:00,RFC,WEST,AEP,AEPOPT,8732.978,True
2026-04-17 20:00:00,2026-04-17 16:00:00,RFC,WEST,AEP,AEPAPT,4559.734,True
2026-04-17 20:00:00,2026-04-17 16:00:00,RFC,WEST,AEP,AEPIMP,3671.58,True
2026-04-17 20:00:00,2026-04-17 16:00:00,RFC,WEST,AEP,AEPKPT,687.171,True
2026-04-17 20:00:00,2026-04-17 16:00:00,RFC,WEST,AEP,AEPOPT,8970.074,True
2026-04-17 21:00:00,2026-04-17 17:00:00,RFC,WEST,AEP,AEPAPT,4577.113,True
2026-04-17 21:00:00,2026-04-17 17:00:00,RFC,WEST,AEP,AEPIMP,3725.071,True
2026-04-17 21:00:00,2026-04-17 17:00:00,RFC,WEST,AEP,AEPKPT,690.822,True
2026-04-17 21:00:00,2026-04-17 17:00:00,RFC,WEST,AEP,AEPOPT,8954.515,True
2026-04-17 22:00:00,2026-04-17 18:00:00,RFC,WEST,AEP,AEPAPT,4555.742,True
2026-04-17 22:00:00,2026-04-17 18:00:00,RFC,WEST,AEP,AEPIMP,3658.029,True
2026-04-17 22:00:00,2026-04-17 18:00:00,RFC,WEST,AEP,AEPKPT,669.412,True
2026-04-17 22:00:00,2026-04-17 18:00:00,RFC,WEST,AEP,AEPOPT,8931.661,True
2026-04-17 23:00:00,2026-04-17 19:00:00,RFC,WEST,AEP,AEPAPT,4429.406,True
2026-04-17 23:00:00,2026-04-17 19:00:00,RFC,WEST,AEP,AEPIMP,3658.697,True
2026-04-17 23:00:00,2026-04-17 19:00:00,RFC,WEST,AEP,AEPKPT,637.347,True
2026-04-17 23:00:00,2026-04-17 19:00:00,RFC,WEST,AEP,AEPOPT,8763.033,True
2026-04-18 00:00:00,2026-04-17 20:00:00,RFC,WEST,AEP,AEPAPT,4272.72,True
2026-04-18 00:00:00,2026-04-17 20:00:00,RFC,WEST,AEP,AEPIMP,3551.548,True
2026-04-18 00:00:00,2026-04-17 20:00:00,RFC,WEST,AEP,AEPKPT,617.579,True
2026-04-18 00:00:00,2026-04-17 20:00:00,RFC,WEST,AEP,AEPOPT,8503.73,True
2026-04-18 01:00:00,2026-04-17 21:00:00,RFC,WEST,AEP,AEPAPT,4067.675,True
2026-04-18 01:00:00,2026-04-17 21:00:00,RFC,WEST,AEP,AEPIMP,3513.284,True
2026-04-18 01:00:00,2026-04-17 21:00:00,RFC,WEST,AEP,AEPKPT,588.236,True
2026-04-18 01:00:00,2026-04-17 21:00:00,RFC,WEST,AEP,AEPOPT,8260.642,True
2026-04-18 02:00:00,2026-04-17 22:00:00,RFC,WEST,AEP,AEPAPT,3777.398,True
2026-04-18 02:00:00,2026-04-17 22:00:00,RFC,WEST,AEP,AEPIMP,3385.216,True
2026-04-18 02:00:00,2026-04-17 22:00:00,RFC,WEST,AEP,AEPKPT,553.528,True
2026-04-18 02:00:00,2026-04-17 22:00:00,RFC,WEST,AEP,AEPOPT,7911.044,True
2026-04-18 03:00:00,2026-04-17 23:00:00,RFC,WEST,AEP,AEPAPT,3498.747,True
2026-04-18 03:00:00,2026-04-17 23:00:00,RFC,WEST,AEP,AEPIMP,3191.3,True
2026-04-18 03:00:00,2026-04-17 23:00:00,RFC,WEST,AEP,AEPKPT,518.498,True
2026-04-18 03:00:00,2026-04-17 23:00:00,RFC,WEST,AEP,AEPOPT,7564.533,True
2026-04-18 04:00:00,2026-04-18 00:00:00,RFC,WEST,AEP,AEPAPT,3249.92,True
2026-04-18 04:00:00,2026-04-18 00:00:00,RFC,WEST,AEP,AEPIMP,3084.229,True
2026-04-18 04:00:00,2026-04-18 00:00:00,RFC,WEST,AEP,AEPKPT,488.544,True
2026-04-18 04:00:00,2026-04-18 00:00:00,RFC,WEST,AEP,AEPOPT,7152.227,True
2026-04-18 05:00:00,2026-04-18 01:00:00,RFC,WEST,AEP,AEPAPT,3076.993,True
2026-04-18 05:00:00,2026-04-18 01:00:00,RFC,WEST,AEP,AEPIMP,2947.325,True
2026-04-18 05:00:00,2026-04-18 01:00:00,RFC,WEST,AEP,AEPKPT,474.728,True
2026-04-18 05:00:00,2026-04-18 01:00:00,RFC,WEST,AEP,AEPOPT,6848.705,True
2026-04-18 06:00:00,2026-04-18 02:00:00,RFC,WEST,AEP,AEPAPT,2998.913,True
2026-04-18 06:00:00,2026-04-18 02:00:00,RFC,WEST,AEP,AEPIMP,2954.725,True
2026-04-18 06:00:00,2026-04-18 02:00:00,RFC,WEST,AEP,AEPKPT,462.509,True
2026-04-18 06:00:00,2026-04-18 02:00:00,RFC,WEST,AEP,AEPOPT,6809.843,True
2026-04-18 07:00:00,2026-04-18 03:00:00,RFC,WEST,AEP,AEPAPT,2948.192,True
2026-04-18 07:00:00,2026-04-18 03:00:00,RFC,WEST,AEP,AEPIMP,2894.649,True
2026-04-18 07:00:00,2026-04-18 03:00:00,RFC,WEST,AEP,AEPKPT,457.632,True
2026-04-18 07:00:00,2026-04-18 03:00:00,RFC,WEST,AEP,AEPOPT,6715.107,True
2026-04-18 08:00:00,2026-04-18 04:00:00,RFC,WEST,AEP,AEPAPT,2935.306,True
2026-04-18 08:00:00,2026-04-18 04:00:00,RFC,WEST,AEP,AEPIMP,2967.127,True
2026-04-18 08:00:00,2026-04-18 04:00:00,RFC,WEST,AEP,AEPKPT,455.975,True
2026-04-18 08:00:00,2026-04-18 04:00:00,RFC,WEST,AEP,AEPOPT,6700.583,True
2026-04-18 09:00:00,2026-04-18 05:00:00,RFC,WEST,AEP,AEPAPT,2973.81,True
2026-04-18 09:00:00,2026-04-18 05:00:00,RFC,WEST,AEP,AEPIMP,3016.411,True
2026-04-18 09:00:00,2026-04-18 05:00:00,RFC,WEST,AEP,AEPKPT,459.897,True
2026-04-18 09:00:00,2026-04-18 05:00:00,RFC,WEST,AEP,AEPOPT,6831.018,True
2026-04-18 10:00:00,2026-04-18 06:00:00,RFC,WEST,AEP,AEPAPT,3064.456,True
2026-04-18 10:00:00,2026-04-18 06:00:00,RFC,WEST,AEP,AEPIMP,3068.954,True
2026-04-18 10:00:00,2026-04-18 06:00:00,RFC,WEST,AEP,AEPKPT,467.298,True
2026-04-18 10:00:00,2026-04-18 06:00:00,RFC,WEST,AEP,AEPOPT,6978.352,True
2026-04-18 11:00:00,2026-04-18 07:00:00,RFC,WEST,AEP,AEPAPT,3130.194,True
2026-04-18 11:00:00,2026-04-18 07:00:00,RFC,WEST,AEP,AEPIMP,3116.377,True
2026-04-18 11:00:00,2026-04-18 07:00:00,RFC,WEST,AEP,AEPKPT,473.4,True
2026-04-18 11:00:00,2026-04-18 07:00:00,RFC,WEST,AEP,AEPOPT,7077.168,True
2026-04-18 12:00:00,2026-04-18 08:00:00,RFC,WEST,AEP,AEPAPT,3214.711,True
2026-04-18 12:00:00,2026-04-18 08:00:00,RFC,WEST,AEP,AEPIMP,3078.481,True
2026-04-18 12:00:00,2026-04-18 08:00:00,RFC,WEST,AEP,AEPKPT,492.856,True
2026-04-18 12:00:00,2026-04-18 08:00:00,RFC,WEST,AEP,AEPOPT,7383.423,True
2026-04-18 13:00:00,2026-04-18 09:00:00,RFC,WEST,AEP,AEPAPT,3281.575,True
2026-04-18 13:00:00,2026-04-18 09:00:00,RFC,WEST,AEP,AEPIMP,3222.122,True
2026-04-18 13:00:00,2026-04-18 09:00:00,RFC,WEST,AEP,AEPKPT,507.682,True
2026-04-18 13:00:00,2026-04-18 09:00:00,RFC,WEST,AEP,AEPOPT,7576.11,True
2026-04-18 14:00:00,2026-04-18 10:00:00,RFC,WEST,AEP,AEPAPT,3413.936,True
2026-04-18 14:00:00,2026-04-18 10:00:00,RFC,WEST,AEP,AEPIMP,3329.747,True
2026-04-18 14:00:00,2026-04-18 10:00:00,RFC,WEST,AEP,AEPKPT,534.944,True
2026-04-18 14:00:00,2026-04-18 10:00:00,RFC,WEST,AEP,AEPOPT,7881.808,True
2026-04-18 15:00:00,2026-04-18 11:00:00,RFC,WEST,AEP,AEPAPT,3563.756,True
2026-04-18 15:00:00,2026-04-18 11:00:00,RFC,WEST,AEP,AEPIMP,3320.369,True
2026-04-18 15:00:00,2026-04-18 11:00:00,RFC,WEST,AEP,AEPKPT,552.584,True
2026-04-18 15:00:00,2026-04-18 11:00:00,RFC,WEST,AEP,AEPOPT,7968.884,True
2026-04-18 16:00:00,2026-04-18 12:00:00,RFC,WEST,AEP,AEPAPT,3710.386,True
2026-04-18 16:00:00,2026-04-18 12:00:00,RFC,WEST,AEP,AEPIMP,3264.746,True
2026-04-18 16:00:00,2026-04-18 12:00:00,RFC,WEST,AEP,AEPKPT,570.03,True
2026-04-18 16:00:00,2026-04-18 12:00:00,RFC,WEST,AEP,AEPOPT,7998.8,True
2026-04-18 17:00:00,2026-04-18 13:00:00,RFC,WEST,AEP,AEPAPT,3893.252,True
2026-04-18 17:00:00,2026-04-18 13:00:00,RFC,WEST,AEP,AEPIMP,3278.742,True
2026-04-18 17:00:00,2026-04-18 13:00:00,RFC,WEST,AEP,AEPKPT,590.819,True
2026-04-18 17:00:00,2026-04-18 13:00:00,RFC,WEST,AEP,AEPOPT,7928.83,True
2026-04-18 18:00:00,2026-04-18 14:00:00,RFC,WEST,AEP,AEPAPT,4083.571,True
2026-04-18 18:00:00,2026-04-18 14:00:00,RFC,WEST,AEP,AEPIMP,3260.541,True
2026-04-18 18:00:00,2026-04-18 14:00:00,RFC,WEST,AEP,AEPKPT,601.542,True
2026-04-18 18:00:00,2026-04-18 14:00:00,RFC,WEST,AEP,AEPOPT,7875.641,True
2026-04-18 19:00:00,2026-04-18 15:00:00,RFC,WEST,AEP,AEPAPT,4240.6,True
2026-04-18 19:00:00,2026-04-18 15:00:00,RFC,WEST,AEP,AEPIMP,3222.281,True
2026-04-18 19:00:00,2026-04-18 15:00:00,RFC,WEST,AEP,AEPKPT,599.576,True
2026-04-18 19:00:00,2026-04-18 15:00:00,RFC,WEST,AEP,AEPOPT,7769.739,True
2026-04-18 20:00:00,2026-04-18 16:00:00,RFC,WEST,AEP,AEPAPT,4276.812,True
2026-04-18 20:00:00,2026-04-18 16:00:00,RFC,WEST,AEP,AEPIMP,3218.843,True
2026-04-18 20:00:00,2026-04-18 16:00:00,RFC,WEST,AEP,AEPKPT,593.94,True
2026-04-18 20:00:00,2026-04-18 16:00:00,RFC,WEST,AEP,AEPOPT,7740.106,True
2026-04-18 21:00:00,2026-04-18 17:00:00,RFC,WEST,AEP,AEPAPT,4312.26,True
2026-04-18 21:00:00,2026-04-18 17:00:00,RFC,WEST,AEP,AEPIMP,3190.337,True
2026-04-18 21:00:00,2026-04-18 17:00:00,RFC,WEST,AEP,AEPKPT,588.844,True
2026-04-18 21:00:00,2026-04-18 17:00:00,RFC,WEST,AEP,AEPOPT,7625.452,True
2026-04-18 22:00:00,2026-04-18 18:00:00,RFC,WEST,AEP,AEPAPT,4273.041,True
2026-04-18 22:00:00,2026-04-18 18:00:00,RFC,WEST,AEP,AEPIMP,3092.672,True
2026-04-18 22:00:00,2026-04-18 18:00:00,RFC,WEST,AEP,AEPKPT,577.004,True
2026-04-18 22:00:00,2026-04-18 18:00:00,RFC,WEST,AEP,AEPOPT,7489.312,True
2026-04-18 23:00:00,2026-04-18 19:00:00,RFC,WEST,AEP,AEPAPT,4181.912,True
2026-04-18 23:00:00,2026-04-18 19:00:00,RFC,WEST,AEP,AEPIMP,3160.946,True
2026-04-18 23:00:00,2026-04-18 19:00:00,RFC,WEST,AEP,AEPKPT,567.645,True
2026-04-18 23:00:00,2026-04-18 19:00:00,RFC,WEST,AEP,AEPOPT,7395.245,True
2026-04-19 00:00:00,2026-04-18 20:00:00,RFC,WEST,AEP,AEPAPT,4090.558,True
2026-04-19 00:00:00,2026-04-18 20:00:00,RFC,WEST,AEP,AEPIMP,3134.647,True
2026-04-19 00:00:00,2026-04-18 20:00:00,RFC,WEST,AEP,AEPKPT,557.318,True
2026-04-19 00:00:00,2026-04-18 20:00:00,RFC,WEST,AEP,AEPOPT,7401.917,True
2026-04-19 01:00:00,2026-04-18 21:00:00,RFC,WEST,AEP,AEPAPT,3901.058,True
2026-04-19 01:00:00,2026-04-18 21:00:00,RFC,WEST,AEP,AEPIMP,3126.38,True
2026-04-19 01:00:00,2026-04-18 21:00:00,RFC,WEST,AEP,AEPKPT,548.04,True
2026-04-19 01:00:00,2026-04-18 21:00:00,RFC,WEST,AEP,AEPOPT,7349.78,True
2026-04-19 02:00:00,2026-04-18 22:00:00,RFC,WEST,AEP,AEPAPT,3677.714,True
2026-04-19 02:00:00,2026-04-18 22:00:00,RFC,WEST,AEP,AEPIMP,3038.278,True
2026-04-19 02:00:00,2026-04-18 22:00:00,RFC,WEST,AEP,AEPKPT,518.866,True
2026-04-19 02:00:00,2026-04-18 22:00:00,RFC,WEST,AEP,AEPOPT,7053.773,True
2026-04-19 03:00:00,2026-04-18 23:00:00,RFC,WEST,AEP,AEPAPT,3447.022,True
2026-04-19 03:00:00,2026-04-18 23:00:00,RFC,WEST,AEP,AEPIMP,2961.102,True
2026-04-19 03:00:00,2026-04-18 23:00:00,RFC,WEST,AEP,AEPKPT,502.869,True
2026-04-19 03:00:00,2026-04-18 23:00:00,RFC,WEST,AEP,AEPOPT,6806.44,True
2026-04-19 04:00:00,2026-04-19 00:00:00,RFC,WEST,AEP,AEPAPT,3253.279,True
2026-04-19 04:00:00,2026-04-19 00:00:00,RFC,WEST,AEP,AEPIMP,2841.121,True
2026-04-19 04:00:00,2026-04-19 00:00:00,RFC,WEST,AEP,AEPKPT,498.038,True
2026-04-19 04:00:00,2026-04-19 00:00:00,RFC,WEST,AEP,AEPOPT,6677.409,True
2026-04-19 05:00:00,2026-04-19 01:00:00,RFC,WEST,AEP,AEPAPT,3140.084,True
2026-04-19 05:00:00,2026-04-19 01:00:00,RFC,WEST,AEP,AEPIMP,2805.214,True
2026-04-19 05:00:00,2026-04-19 01:00:00,RFC,WEST,AEP,AEPKPT,486.342,True
2026-04-19 05:00:00,2026-04-19 01:00:00,RFC,WEST,AEP,AEPOPT,6527.726,True
2026-04-19 06:00:00,2026-04-19 02:00:00,RFC,WEST,AEP,AEPAPT,3029.319,True
2026-04-19 06:00:00,2026-04-19 02:00:00,RFC,WEST,AEP,AEPIMP,2753.709,True
2026-04-19 06:00:00,2026-04-19 02:00:00,RFC,WEST,AEP,AEPKPT,472.846,True
2026-04-19 06:00:00,2026-04-19 02:00:00,RFC,WEST,AEP,AEPOPT,6477.427,True
2026-04-19 07:00:00,2026-04-19 03:00:00,RFC,WEST,AEP,AEPAPT,2974.523,True
2026-04-19 07:00:00,2026-04-19 03:00:00,RFC,WEST,AEP,AEPIMP,2713.517,True
2026-04-19 07:00:00,2026-04-19 03:00:00,RFC,WEST,AEP,AEPKPT,470.698,True
2026-04-19 07:00:00,2026-04-19 03:00:00,RFC,WEST,AEP,AEPOPT,6468.291,True
2026-04-19 08:00:00,2026-04-19 04:00:00,RFC,WEST,AEP,AEPAPT,2952.613,True
2026-04-19 08:00:00,2026-04-19 04:00:00,RFC,WEST,AEP,AEPIMP,2687.857,True
2026-04-19 08:00:00,2026-04-19 04:00:00,RFC,WEST,AEP,AEPKPT,459.618,True
2026-04-19 08:00:00,2026-04-19 04:00:00,RFC,WEST,AEP,AEPOPT,6494.281,True
2026-04-19 09:00:00,2026-04-19 05:00:00,RFC,WEST,AEP,AEPAPT,2961.666,True
2026-04-19 09:00:00,2026-04-19 05:00:00,RFC,WEST,AEP,AEPIMP,2717.973,True
2026-04-19 09:00:00,2026-04-19 05:00:00,RFC,WEST,AEP,AEPKPT,464.014,True
2026-04-19 09:00:00,2026-04-19 05:00:00,RFC,WEST,AEP,AEPOPT,6513.491,True
2026-04-19 10:00:00,2026-04-19 06:00:00,RFC,WEST,AEP,AEPAPT,3013.763,True
2026-04-19 10:00:00,2026-04-19 06:00:00,RFC,WEST,AEP,AEPIMP,2772.784,True
2026-04-19 10:00:00,2026-04-19 06:00:00,RFC,WEST,AEP,AEPKPT,475.047,True
2026-04-19 10:00:00,2026-04-19 06:00:00,RFC,WEST,AEP,AEPOPT,6654.299,True
2026-04-19 11:00:00,2026-04-19 07:00:00,RFC,WEST,AEP,AEPAPT,3088.977,True
2026-04-19 11:00:00,2026-04-19 07:00:00,RFC,WEST,AEP,AEPIMP,2779.639,True
2026-04-19 11:00:00,2026-04-19 07:00:00,RFC,WEST,AEP,AEPKPT,483.989,True
2026-04-19 11:00:00,2026-04-19 07:00:00,RFC,WEST,AEP,AEPOPT,6899.962,True
2026-04-19 12:00:00,2026-04-19 08:00:00,RFC,WEST,AEP,AEPAPT,3253.38,True
2026-04-19 12:00:00,2026-04-19 08:00:00,RFC,WEST,AEP,AEPIMP,2870.173,True
2026-04-19 12:00:00,2026-04-19 08:00:00,RFC,WEST,AEP,AEPKPT,510.03,True
2026-04-19 12:00:00,2026-04-19 08:00:00,RFC,WEST,AEP,AEPOPT,6993.816,True
2026-04-19 13:00:00,2026-04-19 09:00:00,RFC,WEST,AEP,AEPAPT,3385.16,True
2026-04-19 13:00:00,2026-04-19 09:00:00,RFC,WEST,AEP,AEPIMP,2857.308,True
2026-04-19 13:00:00,2026-04-19 09:00:00,RFC,WEST,AEP,AEPKPT,526.229,True
2026-04-19 13:00:00,2026-04-19 09:00:00,RFC,WEST,AEP,AEPOPT,7242.947,True
2026-04-19 14:00:00,2026-04-19 10:00:00,RFC,WEST,AEP,AEPAPT,3354.677,True
2026-04-19 14:00:00,2026-04-19 10:00:00,RFC,WEST,AEP,AEPIMP,2886.886,True
2026-04-19 14:00:00,2026-04-19 10:00:00,RFC,WEST,AEP,AEPKPT,519.273,True
2026-04-19 14:00:00,2026-04-19 10:00:00,RFC,WEST,AEP,AEPOPT,7333.099,True
2026-04-19 15:00:00,2026-04-19 11:00:00,RFC,WEST,AEP,AEPAPT,3309.369,True
2026-04-19 15:00:00,2026-04-19 11:00:00,RFC,WEST,AEP,AEPIMP,2917.741,True
2026-04-19 15:00:00,2026-04-19 11:00:00,RFC,WEST,AEP,AEPKPT,517.767,True
2026-04-19 15:00:00,2026-04-19 11:00:00,RFC,WEST,AEP,AEPOPT,7285.315,True
2026-04-19 16:00:00,2026-04-19 12:00:00,RFC,WEST,AEP,AEPAPT,3270.168,True
2026-04-19 16:00:00,2026-04-19 12:00:00,RFC,WEST,AEP,AEPIMP,2922.379,True
2026-04-19 16:00:00,2026-04-19 12:00:00,RFC,WEST,AEP,AEPKPT,519.849,True
2026-04-19 16:00:00,2026-04-19 12:00:00,RFC,WEST,AEP,AEPOPT,7319.663,True
2026-04-19 17:00:00,2026-04-19 13:00:00,RFC,WEST,AEP,AEPAPT,3254.425,True
2026-04-19 17:00:00,2026-04-19 13:00:00,RFC,WEST,AEP,AEPIMP,2953.293,True
2026-04-19 17:00:00,2026-04-19 13:00:00,RFC,WEST,AEP,AEPKPT,515.33,True
2026-04-19 17:00:00,2026-04-19 13:00:00,RFC,WEST,AEP,AEPOPT,7397.684,True
2026-04-19 18:00:00,2026-04-19 14:00:00,RFC,WEST,AEP,AEPAPT,3238.211,True
2026-04-19 18:00:00,2026-04-19 14:00:00,RFC,WEST,AEP,AEPIMP,2942.216,True
2026-04-19 18:00:00,2026-04-19 14:00:00,RFC,WEST,AEP,AEPKPT,513.402,True
2026-04-19 18:00:00,2026-04-19 14:00:00,RFC,WEST,AEP,AEPOPT,7334.69,True
2026-04-19 19:00:00,2026-04-19 15:00:00,RFC,WEST,AEP,AEPAPT,3255.228,True
2026-04-19 19:00:00,2026-04-19 15:00:00,RFC,WEST,AEP,AEPIMP,2952.742,True
2026-04-19 19:00:00,2026-04-19 15:00:00,RFC,WEST,AEP,AEPKPT,508.601,True
2026-04-19 19:00:00,2026-04-19 15:00:00,RFC,WEST,AEP,AEPOPT,7402.15,True
2026-04-19 20:00:00,2026-04-19 16:00:00,RFC,WEST,AEP,AEPAPT,3287.769,True
2026-04-19 20:00:00,2026-04-19 16:00:00,RFC,WEST,AEP,AEPIMP,2970.308,True
2026-04-19 20:00:00,2026-04-19 16:00:00,RFC,WEST,AEP,AEPKPT,512.811,True
2026-04-19 20:00:00,2026-04-19 16:00:00,RFC,WEST,AEP,AEPOPT,7357.624,True
2026-04-19 21:00:00,2026-04-19 17:00:00,RFC,WEST,AEP,AEPAPT,3381.527,True
2026-04-19 21:00:00,2026-04-19 17:00:00,RFC,WEST,AEP,AEPIMP,2966.226,True
2026-04-19 21:00:00,2026-04-19 17:00:00,RFC,WEST,AEP,AEPKPT,517.423,True
2026-04-19 21:00:00,2026-04-19 17:00:00,RFC,WEST,AEP,AEPOPT,7515.588,True
2026-04-19 22:00:00,2026-04-19 18:00:00,RFC,WEST,AEP,AEPAPT,3439.317,True
2026-04-19 22:00:00,2026-04-19 18:00:00,RFC,WEST,AEP,AEPIMP,2999.884,True
2026-04-19 22:00:00,2026-04-19 18:00:00,RFC,WEST,AEP,AEPKPT,522.999,True
2026-04-19 22:00:00,2026-04-19 18:00:00,RFC,WEST,AEP,AEPOPT,7538.442,True
2026-04-19 23:00:00,2026-04-19 19:00:00,RFC,WEST,AEP,AEPAPT,3521.171,True
2026-04-19 23:00:00,2026-04-19 19:00:00,RFC,WEST,AEP,AEPIMP,3086.98,True
2026-04-19 23:00:00,2026-04-19 19:00:00,RFC,WEST,AEP,AEPKPT,530.511,True
2026-04-19 23:00:00,2026-04-19 19:00:00,RFC,WEST,AEP,AEPOPT,7595.748,True
2026-04-20 00:00:00,2026-04-19 20:00:00,RFC,WEST,AEP,AEPAPT,3656.511,True
2026-04-20 00:00:00,2026-04-19 20:00:00,RFC,WEST,AEP,AEPIMP,3125.169,True
2026-04-20 00:00:00,2026-04-19 20:00:00,RFC,WEST,AEP,AEPKPT,554.593,True
2026-04-20 00:00:00,2026-04-19 20:00:00,RFC,WEST,AEP,AEPOPT,7774.417,True
2026-04-20 01:00:00,2026-04-19 21:00:00,RFC,WEST,AEP,AEPAPT,3659.758,True
2026-04-20 01:00:00,2026-04-19 21:00:00,RFC,WEST,AEP,AEPIMP,3158.81,True
2026-04-20 01:00:00,2026-04-19 21:00:00,RFC,WEST,AEP,AEPKPT,552.398,True
2026-04-20 01:00:00,2026-04-19 21:00:00,RFC,WEST,AEP,AEPOPT,7720.423,True
2026-04-20 02:00:00,2026-04-19 22:00:00,RFC,WEST,AEP,AEPAPT,3521.638,True
2026-04-20 02:00:00,2026-04-19 22:00:00,RFC,WEST,AEP,AEPIMP,3072.82,True
2026-04-20 02:00:00,2026-04-19 22:00:00,RFC,WEST,AEP,AEPKPT,530.26,True
2026-04-20 02:00:00,2026-04-19 22:00:00,RFC,WEST,AEP,AEPOPT,7432.878,True
2026-04-20 03:00:00,2026-04-19 23:00:00,RFC,WEST,AEP,AEPAPT,3389.068,True
2026-04-20 03:00:00,2026-04-19 23:00:00,RFC,WEST,AEP,AEPIMP,2924.374,True
2026-04-20 03:00:00,2026-04-19 23:00:00,RFC,WEST,AEP,AEPKPT,516.498,True
2026-04-20 03:00:00,2026-04-19 23:00:00,RFC,WEST,AEP,AEPOPT,7217.031,True
2026-04-20 04:00:00,2026-04-20 00:00:00,RFC,WEST,AEP,AEPAPT,3309.106,True
2026-04-20 04:00:00,2026-04-20 00:00:00,RFC,WEST,AEP,AEPIMP,2945.894,True
2026-04-20 04:00:00,2026-04-20 00:00:00,RFC,WEST,AEP,AEPKPT,501.811,True
2026-04-20 04:00:00,2026-04-20 00:00:00,RFC,WEST,AEP,AEPOPT,7071.437,True
2026-04-20 05:00:00,2026-04-20 01:00:00,RFC,WEST,AEP,AEPAPT,3292.9,True
2026-04-20 05:00:00,2026-04-20 01:00:00,RFC,WEST,AEP,AEPIMP,2920.003,True
2026-04-20 05:00:00,2026-04-20 01:00:00,RFC,WEST,AEP,AEPKPT,496.478,True
2026-04-20 05:00:00,2026-04-20 01:00:00,RFC,WEST,AEP,AEPOPT,6925.31,True
2026-04-20 06:00:00,2026-04-20 02:00:00,RFC,WEST,AEP,AEPAPT,3306.533,True
2026-04-20 06:00:00,2026-04-20 02:00:00,RFC,WEST,AEP,AEPIMP,2905.54,True
2026-04-20 06:00:00,2026-04-20 02:00:00,RFC,WEST,AEP,AEPKPT,496.385,True
2026-04-20 06:00:00,2026-04-20 02:00:00,RFC,WEST,AEP,AEPOPT,6945.386,True
2026-04-20 07:00:00,2026-04-20 03:00:00,RFC,WEST,AEP,AEPAPT,3345.44,True
2026-04-20 07:00:00,2026-04-20 03:00:00,RFC,WEST,AEP,AEPIMP,2958.262,True
2026-04-20 07:00:00,2026-04-20 03:00:00,RFC,WEST,AEP,AEPKPT,505.467,True
2026-04-20 07:00:00,2026-04-20 03:00:00,RFC,WEST,AEP,AEPOPT,7040.253,True
2026-04-20 08:00:00,2026-04-20 04:00:00,RFC,WEST,AEP,AEPAPT,3475.645,True
2026-04-20 08:00:00,2026-04-20 04:00:00,RFC,WEST,AEP,AEPIMP,3018.088,True
2026-04-20 08:00:00,2026-04-20 04:00:00,RFC,WEST,AEP,AEPKPT,519.334,True
2026-04-20 08:00:00,2026-04-20 04:00:00,RFC,WEST,AEP,AEPOPT,7197.69,True
2026-04-20 09:00:00,2026-04-20 05:00:00,RFC,WEST,AEP,AEPAPT,3721.741,True
2026-04-20 09:00:00,2026-04-20 05:00:00,RFC,WEST,AEP,AEPIMP,3223.349,True
2026-04-20 09:00:00,2026-04-20 05:00:00,RFC,WEST,AEP,AEPKPT,549.4,True
2026-04-20 09:00:00,2026-04-20 05:00:00,RFC,WEST,AEP,AEPOPT,7458.666,True
2026-04-20 10:00:00,2026-04-20 06:00:00,RFC,WEST,AEP,AEPAPT,4114.517,True
2026-04-20 10:00:00,2026-04-20 06:00:00,RFC,WEST,AEP,AEPIMP,3441.196,True
2026-04-20 10:00:00,2026-04-20 06:00:00,RFC,WEST,AEP,AEPKPT,603.463,True
2026-04-20 10:00:00,2026-04-20 06:00:00,RFC,WEST,AEP,AEPOPT,7904.29,True
2026-04-20 11:00:00,2026-04-20 07:00:00,RFC,WEST,AEP,AEPAPT,4282.152,True
2026-04-20 11:00:00,2026-04-20 07:00:00,RFC,WEST,AEP,AEPIMP,3546.225,True
2026-04-20 11:00:00,2026-04-20 07:00:00,RFC,WEST,AEP,AEPKPT,623.813,True
2026-04-20 11:00:00,2026-04-20 07:00:00,RFC,WEST,AEP,AEPOPT,8190.905,True
2026-04-20 12:00:00,2026-04-20 08:00:00,RFC,WEST,AEP,AEPAPT,4185.637,True
2026-04-20 12:00:00,2026-04-20 08:00:00,RFC,WEST,AEP,AEPIMP,3514.119,True
2026-04-20 12:00:00,2026-04-20 08:00:00,RFC,WEST,AEP,AEPKPT,630.778,True
2026-04-20 12:00:00,2026-04-20 08:00:00,RFC,WEST,AEP,AEPOPT,8151.723,True
2026-04-20 13:00:00,2026-04-20 09:00:00,RFC,WEST,AEP,AEPAPT,4099.638,True
2026-04-20 13:00:00,2026-04-20 09:00:00,RFC,WEST,AEP,AEPIMP,3486.446,True
2026-04-20 13:00:00,2026-04-20 09:00:00,RFC,WEST,AEP,AEPKPT,621.78,True
2026-04-20 13:00:00,2026-04-20 09:00:00,RFC,WEST,AEP,AEPOPT,8146.174,True
2026-04-20 14:00:00,2026-04-20 10:00:00,RFC,WEST,AEP,AEPAPT,4031.405,True
2026-04-20 14:00:00,2026-04-20 10:00:00,RFC,WEST,AEP,AEPIMP,3403.843,True
2026-04-20 14:00:00,2026-04-20 10:00:00,RFC,WEST,AEP,AEPKPT,611.534,True
2026-04-20 14:00:00,2026-04-20 10:00:00,RFC,WEST,AEP,AEPOPT,8150.059,True
2026-04-20 15:00:00,2026-04-20 11:00:00,RFC,WEST,AEP,AEPAPT,3987.055,True
2026-04-20 15:00:00,2026-04-20 11:00:00,RFC,WEST,AEP,AEPIMP,3431.359,True
2026-04-20 15:00:00,2026-04-20 11:00:00,RFC,WEST,AEP,AEPKPT,598.405,True
2026-04-20 15:00:00,2026-04-20 11:00:00,RFC,WEST,AEP,AEPOPT,8082.387,True
2026-04-20 16:00:00,2026-04-20 12:00:00,RFC,WEST,AEP,AEPAPT,3875.175,True
2026-04-20 16:00:00,2026-04-20 12:00:00,RFC,WEST,AEP,AEPIMP,3373.607,True
2026-04-20 16:00:00,2026-04-20 12:00:00,RFC,WEST,AEP,AEPKPT,578.438,True
2026-04-20 16:00:00,2026-04-20 12:00:00,RFC,WEST,AEP,AEPOPT,8010.397,True
2026-04-20 17:00:00,2026-04-20 13:00:00,RFC,WEST,AEP,AEPAPT,3830.024,True
2026-04-20 17:00:00,2026-04-20 13:00:00,RFC,WEST,AEP,AEPIMP,3337.982,True
2026-04-20 17:00:00,2026-04-20 13:00:00,RFC,WEST,AEP,AEPKPT,564.94,True
2026-04-20 17:00:00,2026-04-20 13:00:00,RFC,WEST,AEP,AEPOPT,7966.609,True
2026-04-20 18:00:00,2026-04-20 14:00:00,RFC,WEST,AEP,AEPAPT,3752.114,True
2026-04-20 18:00:00,2026-04-20 14:00:00,RFC,WEST,AEP,AEPIMP,3301.668,True
2026-04-20 18:00:00,2026-04-20 14:00:00,RFC,WEST,AEP,AEPKPT,554.648,True
2026-04-20 18:00:00,2026-04-20 14:00:00,RFC,WEST,AEP,AEPOPT,7868.695,True
2026-04-20 19:00:00,2026-04-20 15:00:00,RFC,WEST,AEP,AEPAPT,3684.005,True
2026-04-20 19:00:00,2026-04-20 15:00:00,RFC,WEST,AEP,AEPIMP,3252.983,True
2026-04-20 19:00:00,2026-04-20 15:00:00,RFC,WEST,AEP,AEPKPT,549.927,True
2026-04-20 19:00:00,2026-04-20 15:00:00,RFC,WEST,AEP,AEPOPT,7759.217,True
2026-04-20 20:00:00,2026-04-20 16:00:00,RFC,WEST,AEP,AEPAPT,3702.929,True
2026-04-20 20:00:00,2026-04-20 16:00:00,RFC,WEST,AEP,AEPIMP,3203.914,True
2026-04-20 20:00:00,2026-04-20 16:00:00,RFC,WEST,AEP,AEPKPT,546.075,True
2026-04-20 20:00:00,2026-04-20 16:00:00,RFC,WEST,AEP,AEPOPT,7707.61,True
2026-04-20 21:00:00,2026-04-20 17:00:00,RFC,WEST,AEP,AEPAPT,3739.881,True
2026-04-20 21:00:00,2026-04-20 17:00:00,RFC,WEST,AEP,AEPIMP,3179.521,True
2026-04-20 21:00:00,2026-04-20 17:00:00,RFC,WEST,AEP,AEPKPT,551.209,True
2026-04-20 21:00:00,2026-04-20 17:00:00,RFC,WEST,AEP,AEPOPT,7716.902,True
2026-04-20 22:00:00,2026-04-20 18:00:00,RFC,WEST,AEP,AEPAPT,3824.156,True
2026-04-20 22:00:00,2026-04-20 18:00:00,RFC,WEST,AEP,AEPIMP,3179.453,True
2026-04-20 22:00:00,2026-04-20 18:00:00,RFC,WEST,AEP,AEPKPT,552.081,True
2026-04-20 22:00:00,2026-04-20 18:00:00,RFC,WEST,AEP,AEPOPT,7706.736,True
2026-04-20 23:00:00,2026-04-20 19:00:00,RFC,WEST,AEP,AEPAPT,3949.43,True
2026-04-20 23:00:00,2026-04-20 19:00:00,RFC,WEST,AEP,AEPIMP,3203.274,True
2026-04-20 23:00:00,2026-04-20 19:00:00,RFC,WEST,AEP,AEPKPT,562.088,True
2026-04-20 23:00:00,2026-04-20 19:00:00,RFC,WEST,AEP,AEPOPT,7741.648,True
2026-04-21 00:00:00,2026-04-20 20:00:00,RFC,WEST,AEP,AEPAPT,4102.154,True
2026-04-21 00:00:00,2026-04-20 20:00:00,RFC,WEST,AEP,AEPIMP,3296.233,True
2026-04-21 00:00:00,2026-04-20 20:00:00,RFC,WEST,AEP,AEPKPT,580.784,True
2026-04-21 00:00:00,2026-04-20 20:00:00,RFC,WEST,AEP,AEPOPT,8031.05,True
2026-04-21 01:00:00,2026-04-20 21:00:00,RFC,WEST,AEP,AEPAPT,4070.777,True
2026-04-21 01:00:00,2026-04-20 21:00:00,RFC,WEST,AEP,AEPIMP,3293.573,True
2026-04-21 01:00:00,2026-04-20 21:00:00,RFC,WEST,AEP,AEPKPT,583.903,True
2026-04-21 01:00:00,2026-04-20 21:00:00,RFC,WEST,AEP,AEPOPT,7956.864,True
2026-04-21 02:00:00,2026-04-20 22:00:00,RFC,WEST,AEP,AEPAPT,3925.865,True
2026-04-21 02:00:00,2026-04-20 22:00:00,RFC,WEST,AEP,AEPIMP,3181.854,True
2026-04-21 02:00:00,2026-04-20 22:00:00,RFC,WEST,AEP,AEPKPT,570.433,True
2026-04-21 02:00:00,2026-04-20 22:00:00,RFC,WEST,AEP,AEPOPT,7751.122,True
2026-04-21 03:00:00,2026-04-20 23:00:00,RFC,WEST,AEP,AEPAPT,3804.191,True
2026-04-21 03:00:00,2026-04-20 23:00:00,RFC,WEST,AEP,AEPIMP,3058.493,True
2026-04-21 03:00:00,2026-04-20 23:00:00,RFC,WEST,AEP,AEPKPT,554.281,True
2026-04-21 03:00:00,2026-04-20 23:00:00,RFC,WEST,AEP,AEPOPT,7474.38,True
2026-04-21 04:00:00,2026-04-21 00:00:00,RFC,WEST,AEP,AEPAPT,3744.027,True
2026-04-21 04:00:00,2026-04-21 00:00:00,RFC,WEST,AEP,AEPIMP,2984.783,True
2026-04-21 04:00:00,2026-04-21 00:00:00,RFC,WEST,AEP,AEPKPT,552.235,True
2026-04-21 04:00:00,2026-04-21 00:00:00,RFC,WEST,AEP,AEPOPT,7359.443,True
2026-04-21 05:00:00,2026-04-21 01:00:00,RFC,WEST,AEP,AEPAPT,3750.217,True
2026-04-21 05:00:00,2026-04-21 01:00:00,RFC,WEST,AEP,AEPIMP,2969.603,True
2026-04-21 05:00:00,2026-04-21 01:00:00,RFC,WEST,AEP,AEPKPT,554.442,True
2026-04-21 05:00:00,2026-04-21 01:00:00,RFC,WEST,AEP,AEPOPT,7300.125,True
2026-04-21 06:00:00,2026-04-21 02:00:00,RFC,WEST,AEP,AEPAPT,3787.443,True
2026-04-21 06:00:00,2026-04-21 02:00:00,RFC,WEST,AEP,AEPIMP,2973.16,True
2026-04-21 06:00:00,2026-04-21 02:00:00,RFC,WEST,AEP,AEPKPT,563.846,True
2026-04-21 06:00:00,2026-04-21 02:00:00,RFC,WEST,AEP,AEPOPT,7280.652,True
2026-04-21 07:00:00,2026-04-21 03:00:00,RFC,WEST,AEP,AEPAPT,3883.471,True
2026-04-21 07:00:00,2026-04-21 03:00:00,RFC,WEST,AEP,AEPIMP,2990.103,True
2026-04-21 07:00:00,2026-04-21 03:00:00,RFC,WEST,AEP,AEPKPT,573.289,True
2026-04-21 07:00:00,2026-04-21 03:00:00,RFC,WEST,AEP,AEPOPT,7304.477,True
2026-04-21 08:00:00,2026-04-21 04:00:00,RFC,WEST,AEP,AEPAPT,4053.094,True
2026-04-21 08:00:00,2026-04-21 04:00:00,RFC,WEST,AEP,AEPIMP,3046.872,True
2026-04-21 08:00:00,2026-04-21 04:00:00,RFC,WEST,AEP,AEPKPT,596.454,True
2026-04-21 08:00:00,2026-04-21 04:00:00,RFC,WEST,AEP,AEPOPT,7420.272,True
2026-04-21 09:00:00,2026-04-21 05:00:00,RFC,WEST,AEP,AEPAPT,4304.492,True
2026-04-21 09:00:00,2026-04-21 05:00:00,RFC,WEST,AEP,AEPIMP,3210.719,True
2026-04-21 09:00:00,2026-04-21 05:00:00,RFC,WEST,AEP,AEPKPT,628.238,True
2026-04-21 09:00:00,2026-04-21 05:00:00,RFC,WEST,AEP,AEPOPT,7719.744,True
2026-04-21 10:00:00,2026-04-21 06:00:00,RFC,WEST,AEP,AEPAPT,4673.757,True
2026-04-21 10:00:00,2026-04-21 06:00:00,RFC,WEST,AEP,AEPIMP,3408.582,True
2026-04-21 10:00:00,2026-04-21 06:00:00,RFC,WEST,AEP,AEPKPT,683.545,True
2026-04-21 10:00:00,2026-04-21 06:00:00,RFC,WEST,AEP,AEPOPT,8197.969,True
2026-04-21 11:00:00,2026-04-21 07:00:00,RFC,WEST,AEP,AEPAPT,4825.3,True
2026-04-21 11:00:00,2026-04-21 07:00:00,RFC,WEST,AEP,AEPIMP,3501.209,True
2026-04-21 11:00:00,2026-04-21 07:00:00,RFC,WEST,AEP,AEPKPT,703.43,True
2026-04-21 11:00:00,2026-04-21 07:00:00,RFC,WEST,AEP,AEPOPT,8295.709,True
2026-04-21 12:00:00,2026-04-21 08:00:00,RFC,WEST,AEP,AEPAPT,4576.751,True
2026-04-21 12:00:00,2026-04-21 08:00:00,RFC,WEST,AEP,AEPIMP,3462.54,True
2026-04-21 12:00:00,2026-04-21 08:00:00,RFC,WEST,AEP,AEPKPT,691.332,True
2026-04-21 12:00:00,2026-04-21 08:00:00,RFC,WEST,AEP,AEPOPT,8294.833,True
2026-04-21 13:00:00,2026-04-21 09:00:00,RFC,WEST,AEP,AEPAPT,4267.72,True
2026-04-21 13:00:00,2026-04-21 09:00:00,RFC,WEST,AEP,AEPIMP,3442.018,True
2026-04-21 13:00:00,2026-04-21 09:00:00,RFC,WEST,AEP,AEPKPT,649.587,True
2026-04-21 13:00:00,2026-04-21 09:00:00,RFC,WEST,AEP,AEPOPT,8173.483,True
2026-04-21 14:00:00,2026-04-21 10:00:00,RFC,WEST,AEP,AEPAPT,4065.345,True
2026-04-21 14:00:00,2026-04-21 10:00:00,RFC,WEST,AEP,AEPIMP,3438.704,True
2026-04-21 14:00:00,2026-04-21 10:00:00,RFC,WEST,AEP,AEPKPT,607.35,True
2026-04-21 14:00:00,2026-04-21 10:00:00,RFC,WEST,AEP,AEPOPT,8168.537,True
2026-04-21 15:00:00,2026-04-21 11:00:00,RFC,WEST,AEP,AEPAPT,3901.473,True
2026-04-21 15:00:00,2026-04-21 11:00:00,RFC,WEST,AEP,AEPIMP,3401.667,True
2026-04-21 15:00:00,2026-04-21 11:00:00,RFC,WEST,AEP,AEPKPT,582.725,True
2026-04-21 15:00:00,2026-04-21 11:00:00,RFC,WEST,AEP,AEPOPT,8044.885,True
2026-04-21 16:00:00,2026-04-21 12:00:00,RFC,WEST,AEP,AEPAPT,3791.238,True
2026-04-21 16:00:00,2026-04-21 12:00:00,RFC,WEST,AEP,AEPIMP,3427.902,True
2026-04-21 16:00:00,2026-04-21 12:00:00,RFC,WEST,AEP,AEPKPT,566.207,True
2026-04-21 16:00:00,2026-04-21 12:00:00,RFC,WEST,AEP,AEPOPT,7961.158,True
2026-04-21 17:00:00,2026-04-21 13:00:00,RFC,WEST,AEP,AEPAPT,3743.16,True
2026-04-21 17:00:00,2026-04-21 13:00:00,RFC,WEST,AEP,AEPIMP,3398.187,True
2026-04-21 17:00:00,2026-04-21 13:00:00,RFC,WEST,AEP,AEPKPT,563.224,True
2026-04-21 17:00:00,2026-04-21 13:00:00,RFC,WEST,AEP,AEPOPT,7948.553,True
2026-04-21 18:00:00,2026-04-21 14:00:00,RFC,WEST,AEP,AEPAPT,3680.707,True
2026-04-21 18:00:00,2026-04-21 14:00:00,RFC,WEST,AEP,AEPIMP,3340.192,True
2026-04-21 18:00:00,2026-04-21 14:00:00,RFC,WEST,AEP,AEPKPT,568.479,True
2026-04-21 18:00:00,2026-04-21 14:00:00,RFC,WEST,AEP,AEPOPT,7943.972,True
2026-04-21 19:00:00,2026-04-21 15:00:00,RFC,WEST,AEP,AEPAPT,3672.945,True
2026-04-21 19:00:00,2026-04-21 15:00:00,RFC,WEST,AEP,AEPIMP,3288.087,True
2026-04-21 19:00:00,2026-04-21 15:00:00,RFC,WEST,AEP,AEPKPT,575.506,True
2026-04-21 19:00:00,2026-04-21 15:00:00,RFC,WEST,AEP,AEPOPT,7949.112,True
2026-04-21 20:00:00,2026-04-21 16:00:00,RFC,WEST,AEP,AEPAPT,3740.584,True
2026-04-21 20:00:00,2026-04-21 16:00:00,RFC,WEST,AEP,AEPIMP,3312.816,True
2026-04-21 20:00:00,2026-04-21 16:00:00,RFC,WEST,AEP,AEPKPT,582.147,True
2026-04-21 20:00:00,2026-04-21 16:00:00,RFC,WEST,AEP,AEPOPT,7954.492,True
2026-04-21 21:00:00,2026-04-21 17:00:00,RFC,WEST,AEP,AEPAPT,3827.71,True
2026-04-21 21:00:00,2026-04-21 17:00:00,RFC,WEST,AEP,AEPIMP,3320.319,True
2026-04-21 21:00:00,2026-04-21 17:00:00,RFC,WEST,AEP,AEPKPT,584.205,True
2026-04-21 21:00:00,2026-04-21 17:00:00,RFC,WEST,AEP,AEPOPT,7973.662,True
2026-04-21 22:00:00,2026-04-21 18:00:00,RFC,WEST,AEP,AEPAPT,3887.839,True
2026-04-21 22:00:00,2026-04-21 18:00:00,RFC,WEST,AEP,AEPIMP,3258.961,True
2026-04-21 22:00:00,2026-04-21 18:00:00,RFC,WEST,AEP,AEPKPT,573.401,True
2026-04-21 22:00:00,2026-04-21 18:00:00,RFC,WEST,AEP,AEPOPT,7964.727,True
2026-04-21 23:00:00,2026-04-21 19:00:00,RFC,WEST,AEP,AEPAPT,3914.173,True
2026-04-21 23:00:00,2026-04-21 19:00:00,RFC,WEST,AEP,AEPIMP,3323.055,True
2026-04-21 23:00:00,2026-04-21 19:00:00,RFC,WEST,AEP,AEPKPT,570.482,True
2026-04-21 23:00:00,2026-04-21 19:00:00,RFC,WEST,AEP,AEPOPT,8042.592,True
2026-04-22 00:00:00,2026-04-21 20:00:00,RFC,WEST,AEP,AEPAPT,3971.657,True
2026-04-22 00:00:00,2026-04-21 20:00:00,RFC,WEST,AEP,AEPIMP,3315.779,True
2026-04-22 00:00:00,2026-04-21 20:00:00,RFC,WEST,AEP,AEPKPT,582.603,True
2026-04-22 00:00:00,2026-04-21 20:00:00,RFC,WEST,AEP,AEPOPT,8173.216,True
2026-04-22 01:00:00,2026-04-21 21:00:00,RFC,WEST,AEP,AEPAPT,3879.978,True
2026-04-22 01:00:00,2026-04-21 21:00:00,RFC,WEST,AEP,AEPIMP,3244.681,True
2026-04-22 01:00:00,2026-04-21 21:00:00,RFC,WEST,AEP,AEPKPT,569.292,True
2026-04-22 01:00:00,2026-04-21 21:00:00,RFC,WEST,AEP,AEPOPT,8024.882,True
2026-04-22 02:00:00,2026-04-21 22:00:00,RFC,WEST,AEP,AEPAPT,3694.809,True
2026-04-22 02:00:00,2026-04-21 22:00:00,RFC,WEST,AEP,AEPIMP,3128.823,True
2026-04-22 02:00:00,2026-04-21 22:00:00,RFC,WEST,AEP,AEPKPT,536.656,True
2026-04-22 02:00:00,2026-04-21 22:00:00,RFC,WEST,AEP,AEPOPT,7615.192,True
2026-04-22 03:00:00,2026-04-21 23:00:00,RFC,WEST,AEP,AEPAPT,3477.619,True
2026-04-22 03:00:00,2026-04-21 23:00:00,RFC,WEST,AEP,AEPIMP,3009.709,True
2026-04-22 03:00:00,2026-04-21 23:00:00,RFC,WEST,AEP,AEPKPT,504.484,True
2026-04-22 03:00:00,2026-04-21 23:00:00,RFC,WEST,AEP,AEPOPT,7353.917,True
2026-04-22 04:00:00,2026-04-22 00:00:00,RFC,WEST,AEP,AEPAPT,3350.067,True
2026-04-22 04:00:00,2026-04-22 00:00:00,RFC,WEST,AEP,AEPIMP,2977.336,True
2026-04-22 04:00:00,2026-04-22 00:00:00,RFC,WEST,AEP,AEPKPT,481.104,True
2026-04-22 04:00:00,2026-04-22 00:00:00,RFC,WEST,AEP,AEPOPT,7046.846,True
2026-04-22 05:00:00,2026-04-22 01:00:00,RFC,WEST,AEP,AEPAPT,3294.491,True
2026-04-22 05:00:00,2026-04-22 01:00:00,RFC,WEST,AEP,AEPIMP,2895.547,True
2026-04-22 05:00:00,2026-04-22 01:00:00,RFC,WEST,AEP,AEPKPT,468.123,True
2026-04-22 05:00:00,2026-04-22 01:00:00,RFC,WEST,AEP,AEPOPT,6908.724,True
2026-04-22 06:00:00,2026-04-22 02:00:00,RFC,WEST,AEP,AEPAPT,3278.903,True
2026-04-22 06:00:00,2026-04-22 02:00:00,RFC,WEST,AEP,AEPIMP,2881.904,True
2026-04-22 06:00:00,2026-04-22 02:00:00,RFC,WEST,AEP,AEPKPT,462.57,True
2026-04-22 06:00:00,2026-04-22 02:00:00,RFC,WEST,AEP,AEPOPT,6812.57,True
2026-04-22 07:00:00,2026-04-22 03:00:00,RFC,WEST,AEP,AEPAPT,3296.755,True
2026-04-22 07:00:00,2026-04-22 03:00:00,RFC,WEST,AEP,AEPIMP,2858.185,True
2026-04-22 07:00:00,2026-04-22 03:00:00,RFC,WEST,AEP,AEPKPT,464.212,True
2026-04-22 07:00:00,2026-04-22 03:00:00,RFC,WEST,AEP,AEPOPT,6845.001,True
2026-04-22 08:00:00,2026-04-22 04:00:00,RFC,WEST,AEP,AEPAPT,3379.578,True
2026-04-22 08:00:00,2026-04-22 04:00:00,RFC,WEST,AEP,AEPIMP,2923.432,True
2026-04-22 08:00:00,2026-04-22 04:00:00,RFC,WEST,AEP,AEPKPT,473.171,True
2026-04-22 08:00:00,2026-04-22 04:00:00,RFC,WEST,AEP,AEPOPT,6932.706,True
2026-04-22 09:00:00,2026-04-22 05:00:00,RFC,WEST,AEP,AEPAPT,3565.463,True
2026-04-22 09:00:00,2026-04-22 05:00:00,RFC,WEST,AEP,AEPIMP,3067.389,True
2026-04-22 09:00:00,2026-04-22 05:00:00,RFC,WEST,AEP,AEPKPT,496.036,True
2026-04-22 09:00:00,2026-04-22 05:00:00,RFC,WEST,AEP,AEPOPT,7110.243,True
2026-04-22 10:00:00,2026-04-22 06:00:00,RFC,WEST,AEP,AEPAPT,3862.711,True
2026-04-22 10:00:00,2026-04-22 06:00:00,RFC,WEST,AEP,AEPIMP,3201.742,True
2026-04-22 10:00:00,2026-04-22 06:00:00,RFC,WEST,AEP,AEPKPT,541.916,True
2026-04-22 10:00:00,2026-04-22 06:00:00,RFC,WEST,AEP,AEPOPT,7546.48,True
2026-04-22 11:00:00,2026-04-22 07:00:00,RFC,WEST,AEP,AEPAPT,3994.506,True
2026-04-22 11:00:00,2026-04-22 07:00:00,RFC,WEST,AEP,AEPIMP,3328.458,True
2026-04-22 11:00:00,2026-04-22 07:00:00,RFC,WEST,AEP,AEPKPT,560.829,True
2026-04-22 11:00:00,2026-04-22 07:00:00,RFC,WEST,AEP,AEPOPT,7764.819,True
2026-04-22 12:00:00,2026-04-22 08:00:00,RFC,WEST,AEP,AEPAPT,3961.329,True
2026-04-22 12:00:00,2026-04-22 08:00:00,RFC,WEST,AEP,AEPIMP,3342.851,True
2026-04-22 12:00:00,2026-04-22 08:00:00,RFC,WEST,AEP,AEPKPT,565.93,True
2026-04-22 12:00:00,2026-04-22 08:00:00,RFC,WEST,AEP,AEPOPT,7899.847,True
2026-04-22 13:00:00,2026-04-22 09:00:00,RFC,WEST,AEP,AEPAPT,3886.987,True
2026-04-22 13:00:00,2026-04-22 09:00:00,RFC,WEST,AEP,AEPIMP,3350.633,True
2026-04-22 13:00:00,2026-04-22 09:00:00,RFC,WEST,AEP,AEPKPT,569.667,True
2026-04-22 13:00:00,2026-04-22 09:00:00,RFC,WEST,AEP,AEPOPT,7982.062,True
2026-04-22 14:00:00,2026-04-22 10:00:00,RFC,WEST,AEP,AEPAPT,3826.033,True
2026-04-22 14:00:00,2026-04-22 10:00:00,RFC,WEST,AEP,AEPIMP,3392.307,True
2026-04-22 14:00:00,2026-04-22 10:00:00,RFC,WEST,AEP,AEPKPT,576.914,True
2026-04-22 14:00:00,2026-04-22 10:00:00,RFC,WEST,AEP,AEPOPT,7967.217,True
2026-04-22 15:00:00,2026-04-22 11:00:00,RFC,WEST,AEP,AEPAPT,3789.226,True
2026-04-22 15:00:00,2026-04-22 11:00:00,RFC,WEST,AEP,AEPIMP,3403.56,True
2026-04-22 15:00:00,2026-04-22 11:00:00,RFC,WEST,AEP,AEPKPT,568.487,True
2026-04-22 15:00:00,2026-04-22 11:00:00,RFC,WEST,AEP,AEPOPT,8040.266,True
2026-04-22 16:00:00,2026-04-22 12:00:00,RFC,WEST,AEP,AEPAPT,3771.56,True
2026-04-22 16:00:00,2026-04-22 12:00:00,RFC,WEST,AEP,AEPIMP,3424.854,True
2026-04-22 16:00:00,2026-04-22 12:00:00,RFC,WEST,AEP,AEPKPT,564.192,True
2026-04-22 16:00:00,2026-04-22 12:00:00,RFC,WEST,AEP,AEPOPT,8143.486,True
2026-04-22 17:00:00,2026-04-22 13:00:00,RFC,WEST,AEP,AEPAPT,3813.047,True
2026-04-22 17:00:00,2026-04-22 13:00:00,RFC,WEST,AEP,AEPIMP,3426.266,True
2026-04-22 17:00:00,2026-04-22 13:00:00,RFC,WEST,AEP,AEPKPT,568.829,True
2026-04-22 17:00:00,2026-04-22 13:00:00,RFC,WEST,AEP,AEPOPT,8276.343,True
2026-04-22 18:00:00,2026-04-22 14:00:00,RFC,WEST,AEP,AEPAPT,3809.909,True
2026-04-22 18:00:00,2026-04-22 14:00:00,RFC,WEST,AEP,AEPIMP,3438.421,True
2026-04-22 18:00:00,2026-04-22 14:00:00,RFC,WEST,AEP,AEPKPT,565.512,True
2026-04-22 18:00:00,2026-04-22 14:00:00,RFC,WEST,AEP,AEPOPT,8379.756,True
2026-04-22 19:00:00,2026-04-22 15:00:00,RFC,WEST,AEP,AEPAPT,3802.231,True
2026-04-22 19:00:00,2026-04-22 15:00:00,RFC,WEST,AEP,AEPIMP,3446.281,True
2026-04-22 19:00:00,2026-04-22 15:00:00,RFC,WEST,AEP,AEPKPT,575.723,True
2026-04-22 19:00:00,2026-04-22 15:00:00,RFC,WEST,AEP,AEPOPT,8580.986,True
2026-04-22 20:00:00,2026-04-22 16:00:00,RFC,WEST,AEP,AEPAPT,3871.033,True
2026-04-22 20:00:00,2026-04-22 16:00:00,RFC,WEST,AEP,AEPIMP,3427.937,True
2026-04-22 20:00:00,2026-04-22 16:00:00,RFC,WEST,AEP,AEPKPT,582.84,True
2026-04-22 20:00:00,2026-04-22 16:00:00,RFC,WEST,AEP,AEPOPT,8594.708,True
2026-04-22 21:00:00,2026-04-22 17:00:00,RFC,WEST,AEP,AEPAPT,3939.638,True
2026-04-22 21:00:00,2026-04-22 17:00:00,RFC,WEST,AEP,AEPIMP,3353.678,True
2026-04-22 21:00:00,2026-04-22 17:00:00,RFC,WEST,AEP,AEPKPT,594.707,True
2026-04-22 21:00:00,2026-04-22 17:00:00,RFC,WEST,AEP,AEPOPT,8606.944,True
2026-04-22 22:00:00,2026-04-22 18:00:00,RFC,WEST,AEP,AEPAPT,3986.979,True
2026-04-22 22:00:00,2026-04-22 18:00:00,RFC,WEST,AEP,AEPIMP,3425.507,True
2026-04-22 22:00:00,2026-04-22 18:00:00,RFC,WEST,AEP,AEPKPT,588.002,True
2026-04-22 22:00:00,2026-04-22 18:00:00,RFC,WEST,AEP,AEPOPT,8555.113,True
2026-04-22 23:00:00,2026-04-22 19:00:00,RFC,WEST,AEP,AEPAPT,3999.202,True
2026-04-22 23:00:00,2026-04-22 19:00:00,RFC,WEST,AEP,AEPIMP,3416.051,True
2026-04-22 23:00:00,2026-04-22 19:00:00,RFC,WEST,AEP,AEPKPT,583.725,True
2026-04-22 23:00:00,2026-04-22 19:00:00,RFC,WEST,AEP,AEPOPT,8404.026,True
2026-04-23 00:00:00,2026-04-22 20:00:00,RFC,WEST,AEP,AEPAPT,4063.224,True
2026-04-23 00:00:00,2026-04-22 20:00:00,RFC,WEST,AEP,AEPIMP,3379.931,True
2026-04-23 00:00:00,2026-04-22 20:00:00,RFC,WEST,AEP,AEPKPT,584.684,True
2026-04-23 00:00:00,2026-04-22 20:00:00,RFC,WEST,AEP,AEPOPT,8397.894,True
2026-04-23 01:00:00,2026-04-22 21:00:00,RFC,WEST,AEP,AEPAPT,3982.634,True
2026-04-23 01:00:00,2026-04-22 21:00:00,RFC,WEST,AEP,AEPIMP,3296.039,True
2026-04-23 01:00:00,2026-04-22 21:00:00,RFC,WEST,AEP,AEPKPT,577.016,True
2026-04-23 01:00:00,2026-04-22 21:00:00,RFC,WEST,AEP,AEPOPT,8147.837,True
2026-04-23 02:00:00,2026-04-22 22:00:00,RFC,WEST,AEP,AEPAPT,3751.291,True
2026-04-23 02:00:00,2026-04-22 22:00:00,RFC,WEST,AEP,AEPIMP,3227.444,True
2026-04-23 02:00:00,2026-04-22 22:00:00,RFC,WEST,AEP,AEPKPT,543.494,True
2026-04-23 02:00:00,2026-04-22 22:00:00,RFC,WEST,AEP,AEPOPT,7775.086,True
2026-04-23 03:00:00,2026-04-22 23:00:00,RFC,WEST,AEP,AEPAPT,3519.315,True
2026-04-23 03:00:00,2026-04-22 23:00:00,RFC,WEST,AEP,AEPIMP,3044.478,True
2026-04-23 03:00:00,2026-04-22 23:00:00,RFC,WEST,AEP,AEPKPT,506.541,True
2026-04-23 03:00:00,2026-04-22 23:00:00,RFC,WEST,AEP,AEPOPT,7437.415,True
2026-04-23 04:00:00,2026-04-23 00:00:00,RFC,WEST,AEP,AEPAPT,3356.812,True
2026-04-23 04:00:00,2026-04-23 00:00:00,RFC,WEST,AEP,AEPIMP,2992.133,True
2026-04-23 04:00:00,2026-04-23 00:00:00,RFC,WEST,AEP,AEPKPT,485.836,True
2026-04-23 04:00:00,2026-04-23 00:00:00,RFC,WEST,AEP,AEPOPT,7115.879,True
2026-04-23 05:00:00,2026-04-23 01:00:00,RFC,WEST,AEP,AEPAPT,3303.969,True
2026-04-23 05:00:00,2026-04-23 01:00:00,RFC,WEST,AEP,AEPIMP,2888.942,True
2026-04-23 05:00:00,2026-04-23 01:00:00,RFC,WEST,AEP,AEPKPT,467.833,True
2026-04-23 05:00:00,2026-04-23 01:00:00,RFC,WEST,AEP,AEPOPT,6984.318,True
2026-04-23 06:00:00,2026-04-23 02:00:00,RFC,WEST,AEP,AEPAPT,3254.395,True
2026-04-23 06:00:00,2026-04-23 02:00:00,RFC,WEST,AEP,AEPIMP,2825.611,True
2026-04-23 06:00:00,2026-04-23 02:00:00,RFC,WEST,AEP,AEPKPT,460.057,True
2026-04-23 06:00:00,2026-04-23 02:00:00,RFC,WEST,AEP,AEPOPT,6843.985,True
2026-04-23 07:00:00,2026-04-23 03:00:00,RFC,WEST,AEP,AEPAPT,3232.52,True
2026-04-23 07:00:00,2026-04-23 03:00:00,RFC,WEST,AEP,AEPIMP,2797.743,True
2026-04-23 07:00:00,2026-04-23 03:00:00,RFC,WEST,AEP,AEPKPT,468.796,True
2026-04-23 07:00:00,2026-04-23 03:00:00,RFC,WEST,AEP,AEPOPT,6820.126,True
2026-04-23 08:00:00,2026-04-23 04:00:00,RFC,WEST,AEP,AEPAPT,3312.929,True
2026-04-23 08:00:00,2026-04-23 04:00:00,RFC,WEST,AEP,AEPIMP,2872.569,True
2026-04-23 08:00:00,2026-04-23 04:00:00,RFC,WEST,AEP,AEPKPT,475.586,True
2026-04-23 08:00:00,2026-04-23 04:00:00,RFC,WEST,AEP,AEPOPT,6907.15,True
2026-04-23 09:00:00,2026-04-23 05:00:00,RFC,WEST,AEP,AEPAPT,3511.522,True
2026-04-23 09:00:00,2026-04-23 05:00:00,RFC,WEST,AEP,AEPIMP,2986.36,True
2026-04-23 09:00:00,2026-04-23 05:00:00,RFC,WEST,AEP,AEPKPT,491.444,True
2026-04-23 09:00:00,2026-04-23 05:00:00,RFC,WEST,AEP,AEPOPT,7092.429,True
2026-04-23 10:00:00,2026-04-23 06:00:00,RFC,WEST,AEP,AEPAPT,3815.61,True
2026-04-23 10:00:00,2026-04-23 06:00:00,RFC,WEST,AEP,AEPIMP,3136.501,True
2026-04-23 10:00:00,2026-04-23 06:00:00,RFC,WEST,AEP,AEPKPT,530.889,True
2026-04-23 10:00:00,2026-04-23 06:00:00,RFC,WEST,AEP,AEPOPT,7505.017,True
2026-04-23 11:00:00,2026-04-23 07:00:00,RFC,WEST,AEP,AEPAPT,3932.69,True
2026-04-23 11:00:00,2026-04-23 07:00:00,RFC,WEST,AEP,AEPIMP,3258.167,True
2026-04-23 11:00:00,2026-04-23 07:00:00,RFC,WEST,AEP,AEPKPT,545.675,True
2026-04-23 11:00:00,2026-04-23 07:00:00,RFC,WEST,AEP,AEPOPT,7782.431,True
2026-04-23 12:00:00,2026-04-23 08:00:00,RFC,WEST,AEP,AEPAPT,3870.73,True
2026-04-23 12:00:00,2026-04-23 08:00:00,RFC,WEST,AEP,AEPIMP,3302.796,True
2026-04-23 12:00:00,2026-04-23 08:00:00,RFC,WEST,AEP,AEPKPT,545.772,True
2026-04-23 12:00:00,2026-04-23 08:00:00,RFC,WEST,AEP,AEPOPT,7921.041,True
2026-04-23 13:00:00,2026-04-23 09:00:00,RFC,WEST,AEP,AEPAPT,3785.561,True
2026-04-23 13:00:00,2026-04-23 09:00:00,RFC,WEST,AEP,AEPIMP,3345.404,True
2026-04-23 13:00:00,2026-04-23 09:00:00,RFC,WEST,AEP,AEPKPT,543.01,True
2026-04-23 13:00:00,2026-04-23 09:00:00,RFC,WEST,AEP,AEPOPT,8027.66,True
2026-04-23 14:00:00,2026-04-23 10:00:00,RFC,WEST,AEP,AEPAPT,3737.273,True
2026-04-23 14:00:00,2026-04-23 10:00:00,RFC,WEST,AEP,AEPIMP,3391.905,True
2026-04-23 14:00:00,2026-04-23 10:00:00,RFC,WEST,AEP,AEPKPT,539.898,True
2026-04-23 14:00:00,2026-04-23 10:00:00,RFC,WEST,AEP,AEPOPT,8141.336,True
2026-04-23 15:00:00,2026-04-23 11:00:00,RFC,WEST,AEP,AEPAPT,3756.18,True
2026-04-23 15:00:00,2026-04-23 11:00:00,RFC,WEST,AEP,AEPIMP,3469.934,True
2026-04-23 15:00:00,2026-04-23 11:00:00,RFC,WEST,AEP,AEPKPT,544.938,True
2026-04-23 15:00:00,2026-04-23 11:00:00,RFC,WEST,AEP,AEPOPT,8282.72,True
2026-04-23 16:00:00,2026-04-23 12:00:00,RFC,WEST,AEP,AEPAPT,3829.511,True
2026-04-23 16:00:00,2026-04-23 12:00:00,RFC,WEST,AEP,AEPIMP,3597.723,True
2026-04-23 16:00:00,2026-04-23 12:00:00,RFC,WEST,AEP,AEPKPT,562.87,True
2026-04-23 16:00:00,2026-04-23 12:00:00,RFC,WEST,AEP,AEPOPT,8502.71,True
2026-04-23 17:00:00,2026-04-23 13:00:00,RFC,WEST,AEP,AEPAPT,3925.663,True
2026-04-23 17:00:00,2026-04-23 13:00:00,RFC,WEST,AEP,AEPIMP,3646.296,True
2026-04-23 17:00:00,2026-04-23 13:00:00,RFC,WEST,AEP,AEPKPT,578.677,True
2026-04-23 17:00:00,2026-04-23 13:00:00,RFC,WEST,AEP,AEPOPT,8610.133,True
2026-04-23 18:00:00,2026-04-23 14:00:00,RFC,WEST,AEP,AEPAPT,4038.318,True
2026-04-23 18:00:00,2026-04-23 14:00:00,RFC,WEST,AEP,AEPIMP,3648.976,True
2026-04-23 18:00:00,2026-04-23 14:00:00,RFC,WEST,AEP,AEPKPT,592.403,True
2026-04-23 18:00:00,2026-04-23 14:00:00,RFC,WEST,AEP,AEPOPT,8820.279,True
2026-04-23 19:00:00,2026-04-23 15:00:00,RFC,WEST,AEP,AEPAPT,4134.89,True
2026-04-23 19:00:00,2026-04-23 15:00:00,RFC,WEST,AEP,AEPIMP,3601.907,True
2026-04-23 19:00:00,2026-04-23 15:00:00,RFC,WEST,AEP,AEPKPT,612.743,True
2026-04-23 19:00:00,2026-04-23 15:00:00,RFC,WEST,AEP,AEPOPT,8868.192,True
2026-04-23 20:00:00,2026-04-23 16:00:00,RFC,WEST,AEP,AEPAPT,4253.925,True
2026-04-23 20:00:00,2026-04-23 16:00:00,RFC,WEST,AEP,AEPIMP,3655.738,True
2026-04-23 20:00:00,2026-04-23 16:00:00,RFC,WEST,AEP,AEPKPT,624.075,True
2026-04-23 20:00:00,2026-04-23 16:00:00,RFC,WEST,AEP,AEPOPT,8972.518,True
2026-04-23 21:00:00,2026-04-23 17:00:00,RFC,WEST,AEP,AEPAPT,4333.134,True
2026-04-23 21:00:00,2026-04-23 17:00:00,RFC,WEST,AEP,AEPIMP,3629.269,True
2026-04-23 21:00:00,2026-04-23 17:00:00,RFC,WEST,AEP,AEPKPT,629.762,True
2026-04-23 21:00:00,2026-04-23 17:00:00,RFC,WEST,AEP,AEPOPT,9006.388,True
2026-04-23 22:00:00,2026-04-23 18:00:00,RFC,WEST,AEP,AEPAPT,4389.576,True
2026-04-23 22:00:00,2026-04-23 18:00:00,RFC,WEST,AEP,AEPIMP,3643.381,True
2026-04-23 22:00:00,2026-04-23 18:00:00,RFC,WEST,AEP,AEPKPT,622.566,True
2026-04-23 22:00:00,2026-04-23 18:00:00,RFC,WEST,AEP,AEPOPT,8895.9,True
2026-04-23 23:00:00,2026-04-23 19:00:00,RFC,WEST,AEP,AEPAPT,4342.394,True
2026-04-23 23:00:00,2026-04-23 19:00:00,RFC,WEST,AEP,AEPIMP,3645.021,True
2026-04-23 23:00:00,2026-04-23 19:00:00,RFC,WEST,AEP,AEPKPT,607.301,True
2026-04-23 23:00:00,2026-04-23 19:00:00,RFC,WEST,AEP,AEPOPT,8743.096,True
2026-04-24 00:00:00,2026-04-23 20:00:00,RFC,WEST,AEP,AEPAPT,4302.795,True
2026-04-24 00:00:00,2026-04-23 20:00:00,RFC,WEST,AEP,AEPIMP,3553.148,True
2026-04-24 00:00:00,2026-04-23 20:00:00,RFC,WEST,AEP,AEPKPT,602.539,True
2026-04-24 00:00:00,2026-04-23 20:00:00,RFC,WEST,AEP,AEPOPT,8710.988,True
2026-04-24 01:00:00,2026-04-23 21:00:00,RFC,WEST,AEP,AEPAPT,4149.528,True
2026-04-24 01:00:00,2026-04-23 21:00:00,RFC,WEST,AEP,AEPIMP,3443.406,True
2026-04-24 01:00:00,2026-04-23 21:00:00,RFC,WEST,AEP,AEPKPT,578.987,True
2026-04-24 01:00:00,2026-04-23 21:00:00,RFC,WEST,AEP,AEPOPT,8486.41,True
2026-04-24 02:00:00,2026-04-23 22:00:00,RFC,WEST,AEP,AEPAPT,3849.56,True
2026-04-24 02:00:00,2026-04-23 22:00:00,RFC,WEST,AEP,AEPIMP,3232.934,True
2026-04-24 02:00:00,2026-04-23 22:00:00,RFC,WEST,AEP,AEPKPT,533.761,True
2026-04-24 02:00:00,2026-04-23 22:00:00,RFC,WEST,AEP,AEPOPT,8097.794,True
2026-04-24 03:00:00,2026-04-23 23:00:00,RFC,WEST,AEP,AEPAPT,3558.516,True
2026-04-24 03:00:00,2026-04-23 23:00:00,RFC,WEST,AEP,AEPIMP,3204.684,True
2026-04-24 03:00:00,2026-04-23 23:00:00,RFC,WEST,AEP,AEPKPT,495.241,True
2026-04-24 03:00:00,2026-04-23 23:00:00,RFC,WEST,AEP,AEPOPT,7635.098,True
2026-04-24 04:00:00,2026-04-24 00:00:00,RFC,WEST,AEP,AEPAPT,3329.909,True
2026-04-24 04:00:00,2026-04-24 00:00:00,RFC,WEST,AEP,AEPIMP,3087.14,True
2026-04-24 04:00:00,2026-04-24 00:00:00,RFC,WEST,AEP,AEPKPT,465.361,True
2026-04-24 04:00:00,2026-04-24 00:00:00,RFC,WEST,AEP,AEPOPT,7337.855,True
2026-04-24 05:00:00,2026-04-24 01:00:00,RFC,WEST,AEP,AEPAPT,3204.549,True
2026-04-24 05:00:00,2026-04-24 01:00:00,RFC,WEST,AEP,AEPIMP,2996.702,True
2026-04-24 05:00:00,2026-04-24 01:00:00,RFC,WEST,AEP,AEPKPT,452.999,True
2026-04-24 05:00:00,2026-04-24 01:00:00,RFC,WEST,AEP,AEPOPT,7056.479,True
2026-04-24 06:00:00,2026-04-24 02:00:00,RFC,WEST,AEP,AEPAPT,3125.283,True
2026-04-24 06:00:00,2026-04-24 02:00:00,RFC,WEST,AEP,AEPIMP,2962.684,True
2026-04-24 06:00:00,2026-04-24 02:00:00,RFC,WEST,AEP,AEPKPT,444.267,True
2026-04-24 06:00:00,2026-04-24 02:00:00,RFC,WEST,AEP,AEPOPT,6904.205,True
2026-04-24 07:00:00,2026-04-24 03:00:00,RFC,WEST,AEP,AEPAPT,3115.643,True
2026-04-24 07:00:00,2026-04-24 03:00:00,RFC,WEST,AEP,AEPIMP,2929.281,True
2026-04-24 07:00:00,2026-04-24 03:00:00,RFC,WEST,AEP,AEPKPT,442.065,True
2026-04-24 07:00:00,2026-04-24 03:00:00,RFC,WEST,AEP,AEPOPT,6804.716,True
2026-04-24 08:00:00,2026-04-24 04:00:00,RFC,WEST,AEP,AEPAPT,3175.213,True
2026-04-24 08:00:00,2026-04-24 04:00:00,RFC,WEST,AEP,AEPIMP,2900.917,True
2026-04-24 08:00:00,2026-04-24 04:00:00,RFC,WEST,AEP,AEPKPT,447.739,True
2026-04-24 08:00:00,2026-04-24 04:00:00,RFC,WEST,AEP,AEPOPT,6823.062,True
2026-04-24 09:00:00,2026-04-24 05:00:00,RFC,WEST,AEP,AEPAPT,3309.85,True
2026-04-24 09:00:00,2026-04-24 05:00:00,RFC,WEST,AEP,AEPIMP,3049.814,True
2026-04-24 09:00:00,2026-04-24 05:00:00,RFC,WEST,AEP,AEPKPT,466.619,True
2026-04-24 09:00:00,2026-04-24 05:00:00,RFC,WEST,AEP,AEPOPT,7111.244,True
2026-04-24 10:00:00,2026-04-24 06:00:00,RFC,WEST,AEP,AEPAPT,3548.297,True
2026-04-24 10:00:00,2026-04-24 06:00:00,RFC,WEST,AEP,AEPIMP,3209.331,True
2026-04-24 10:00:00,2026-04-24 06:00:00,RFC,WEST,AEP,AEPKPT,494.219,True
2026-04-24 10:00:00,2026-04-24 06:00:00,RFC,WEST,AEP,AEPOPT,7414.872,True
2026-04-24 11:00:00,2026-04-24 07:00:00,RFC,WEST,AEP,AEPAPT,3707.247,True
2026-04-24 11:00:00,2026-04-24 07:00:00,RFC,WEST,AEP,AEPIMP,3294.508,True
2026-04-24 11:00:00,2026-04-24 07:00:00,RFC,WEST,AEP,AEPKPT,513.919,True
2026-04-24 11:00:00,2026-04-24 07:00:00,RFC,WEST,AEP,AEPOPT,7673.888,True
2026-04-24 12:00:00,2026-04-24 08:00:00,RFC,WEST,AEP,AEPAPT,3725.435,True
2026-04-24 12:00:00,2026-04-24 08:00:00,RFC,WEST,AEP,AEPIMP,3451.76,True
2026-04-24 12:00:00,2026-04-24 08:00:00,RFC,WEST,AEP,AEPKPT,518.445,True
2026-04-24 12:00:00,2026-04-24 08:00:00,RFC,WEST,AEP,AEPOPT,7845.995,True
2026-04-24 13:00:00,2026-04-24 09:00:00,RFC,WEST,AEP,AEPAPT,3722.952,True
2026-04-24 13:00:00,2026-04-24 09:00:00,RFC,WEST,AEP,AEPIMP,3527.213,True
2026-04-24 13:00:00,2026-04-24 09:00:00,RFC,WEST,AEP,AEPKPT,521.668,True
2026-04-24 13:00:00,2026-04-24 09:00:00,RFC,WEST,AEP,AEPOPT,7981.425,True
2026-04-24 14:00:00,2026-04-24 10:00:00,RFC,WEST,AEP,AEPAPT,3757.016,True
2026-04-24 14:00:00,2026-04-24 10:00:00,RFC,WEST,AEP,AEPIMP,3544.224,True
2026-04-24 14:00:00,2026-04-24 10:00:00,RFC,WEST,AEP,AEPKPT,532.482,True
2026-04-24 14:00:00,2026-04-24 10:00:00,RFC,WEST,AEP,AEPOPT,8132.4,True
2026-04-24 15:00:00,2026-04-24 11:00:00,RFC,WEST,AEP,AEPAPT,3843.374,True
2026-04-24 15:00:00,2026-04-24 11:00:00,RFC,WEST,AEP,AEPIMP,3610.689,True
2026-04-24 15:00:00,2026-04-24 11:00:00,RFC,WEST,AEP,AEPKPT,548.739,True
2026-04-24 15:00:00,2026-04-24 11:00:00,RFC,WEST,AEP,AEPOPT,8309.607,True
2026-04-24 16:00:00,2026-04-24 12:00:00,RFC,WEST,AEP,AEPAPT,3949.266,True
2026-04-24 16:00:00,2026-04-24 12:00:00,RFC,WEST,AEP,AEPIMP,3535.06,True
2026-04-24 16:00:00,2026-04-24 12:00:00,RFC,WEST,AEP,AEPKPT,559.19,True
2026-04-24 16:00:00,2026-04-24 12:00:00,RFC,WEST,AEP,AEPOPT,8503.315,True
2026-04-24 17:00:00,2026-04-24 13:00:00,RFC,WEST,AEP,AEPAPT,4094.975,True
2026-04-24 17:00:00,2026-04-24 13:00:00,RFC,WEST,AEP,AEPIMP,3665.188,True
2026-04-24 17:00:00,2026-04-24 13:00:00,RFC,WEST,AEP,AEPKPT,576.873,True
2026-04-24 17:00:00,2026-04-24 13:00:00,RFC,WEST,AEP,AEPOPT,8659.329,True
2026-04-24 18:00:00,2026-04-24 14:00:00,RFC,WEST,AEP,AEPAPT,4200.71,True
2026-04-24 18:00:00,2026-04-24 14:00:00,RFC,WEST,AEP,AEPIMP,3512.765,True
2026-04-24 18:00:00,2026-04-24 14:00:00,RFC,WEST,AEP,AEPKPT,593.089,True
2026-04-24 18:00:00,2026-04-24 14:00:00,RFC,WEST,AEP,AEPOPT,8847.879,True
2026-04-24 19:00:00,2026-04-24 15:00:00,RFC,WEST,AEP,AEPAPT,4243.384,True
2026-04-24 19:00:00,2026-04-24 15:00:00,RFC,WEST,AEP,AEPIMP,3559.481,True
2026-04-24 19:00:00,2026-04-24 15:00:00,RFC,WEST,AEP,AEPKPT,613.299,True
2026-04-24 19:00:00,2026-04-24 15:00:00,RFC,WEST,AEP,AEPOPT,8894.402,True
2026-04-24 20:00:00,2026-04-24 16:00:00,RFC,WEST,AEP,AEPAPT,4306.302,True
2026-04-24 20:00:00,2026-04-24 16:00:00,RFC,WEST,AEP,AEPIMP,3528.782,True
2026-04-24 20:00:00,2026-04-24 16:00:00,RFC,WEST,AEP,AEPKPT,626.466,True
2026-04-24 20:00:00,2026-04-24 16:00:00,RFC,WEST,AEP,AEPOPT,8956.727,True
2026-04-24 21:00:00,2026-04-24 17:00:00,RFC,WEST,AEP,AEPAPT,4325.18,True
2026-04-24 21:00:00,2026-04-24 17:00:00,RFC,WEST,AEP,AEPIMP,3505.81,True
2026-04-24 21:00:00,2026-04-24 17:00:00,RFC,WEST,AEP,AEPKPT,630.486,True
2026-04-24 21:00:00,2026-04-24 17:00:00,RFC,WEST,AEP,AEPOPT,8982.776,True
2026-04-24 22:00:00,2026-04-24 18:00:00,RFC,WEST,AEP,AEPAPT,4302.779,True
2026-04-24 22:00:00,2026-04-24 18:00:00,RFC,WEST,AEP,AEPIMP,3423.132,True
2026-04-24 22:00:00,2026-04-24 18:00:00,RFC,WEST,AEP,AEPKPT,615.13,True
2026-04-24 22:00:00,2026-04-24 18:00:00,RFC,WEST,AEP,AEPOPT,8890.333,True
2026-04-24 23:00:00,2026-04-24 19:00:00,RFC,WEST,AEP,AEPAPT,4208.405,True
2026-04-24 23:00:00,2026-04-24 19:00:00,RFC,WEST,AEP,AEPIMP,3374.296,True
2026-04-24 23:00:00,2026-04-24 19:00:00,RFC,WEST,AEP,AEPKPT,594.115,True
2026-04-24 23:00:00,2026-04-24 19:00:00,RFC,WEST,AEP,AEPOPT,8682.363,True
2026-04-25 00:00:00,2026-04-24 20:00:00,RFC,WEST,AEP,AEPAPT,4129.474,True
2026-04-25 00:00:00,2026-04-24 20:00:00,RFC,WEST,AEP,AEPIMP,3350.137,True
2026-04-25 00:00:00,2026-04-24 20:00:00,RFC,WEST,AEP,AEPKPT,581.331,True
2026-04-25 00:00:00,2026-04-24 20:00:00,RFC,WEST,AEP,AEPOPT,8579.136,True
2026-04-25 01:00:00,2026-04-24 21:00:00,RFC,WEST,AEP,AEPAPT,3968.011,True
2026-04-25 01:00:00,2026-04-24 21:00:00,RFC,WEST,AEP,AEPIMP,3289.629,True
2026-04-25 01:00:00,2026-04-24 21:00:00,RFC,WEST,AEP,AEPKPT,562.225,True
2026-04-25 01:00:00,2026-04-24 21:00:00,RFC,WEST,AEP,AEPOPT,8403.508,True
2026-04-25 02:00:00,2026-04-24 22:00:00,RFC,WEST,AEP,AEPAPT,3708.398,True
2026-04-25 02:00:00,2026-04-24 22:00:00,RFC,WEST,AEP,AEPIMP,3161.352,True
2026-04-25 02:00:00,2026-04-24 22:00:00,RFC,WEST,AEP,AEPKPT,534.606,True
2026-04-25 02:00:00,2026-04-24 22:00:00,RFC,WEST,AEP,AEPOPT,8000.71,True
2026-04-25 03:00:00,2026-04-24 23:00:00,RFC,WEST,AEP,AEPAPT,3454.079,True
2026-04-25 03:00:00,2026-04-24 23:00:00,RFC,WEST,AEP,AEPIMP,3068.604,True
2026-04-25 03:00:00,2026-04-24 23:00:00,RFC,WEST,AEP,AEPKPT,500.538,True
2026-04-25 03:00:00,2026-04-24 23:00:00,RFC,WEST,AEP,AEPOPT,7541.928,True
2026-04-25 04:00:00,2026-04-25 00:00:00,RFC,WEST,AEP,AEPAPT,3251.515,True
2026-04-25 04:00:00,2026-04-25 00:00:00,RFC,WEST,AEP,AEPIMP,2880.728,True
2026-04-25 04:00:00,2026-04-25 00:00:00,RFC,WEST,AEP,AEPKPT,475.395,True
2026-04-25 04:00:00,2026-04-25 00:00:00,RFC,WEST,AEP,AEPOPT,7171.677,True
2026-04-25 05:00:00,2026-04-25 01:00:00,RFC,WEST,AEP,AEPAPT,3121.176,True
2026-04-25 05:00:00,2026-04-25 01:00:00,RFC,WEST,AEP,AEPIMP,2874.873,True
2026-04-25 05:00:00,2026-04-25 01:00:00,RFC,WEST,AEP,AEPKPT,455.682,True
2026-04-25 05:00:00,2026-04-25 01:00:00,RFC,WEST,AEP,AEPOPT,6964.768,True
2026-04-25 06:00:00,2026-04-25 02:00:00,RFC,WEST,AEP,AEPAPT,3032.814,True
2026-04-25 06:00:00,2026-04-25 02:00:00,RFC,WEST,AEP,AEPIMP,2815.986,True
2026-04-25 06:00:00,2026-04-25 02:00:00,RFC,WEST,AEP,AEPKPT,447.185,True
2026-04-25 06:00:00,2026-04-25 02:00:00,RFC,WEST,AEP,AEPOPT,6847.767,True
2026-04-25 07:00:00,2026-04-25 03:00:00,RFC,WEST,AEP,AEPAPT,2993.892,True
2026-04-25 07:00:00,2026-04-25 03:00:00,RFC,WEST,AEP,AEPIMP,2791.444,True
2026-04-25 07:00:00,2026-04-25 03:00:00,RFC,WEST,AEP,AEPKPT,441.318,True
2026-04-25 07:00:00,2026-04-25 03:00:00,RFC,WEST,AEP,AEPOPT,6757.783,True
2026-04-25 08:00:00,2026-04-25 04:00:00,RFC,WEST,AEP,AEPAPT,3009.249,True
2026-04-25 08:00:00,2026-04-25 04:00:00,RFC,WEST,AEP,AEPIMP,2754.872,True
2026-04-25 08:00:00,2026-04-25 04:00:00,RFC,WEST,AEP,AEPKPT,440.308,True
2026-04-25 08:00:00,2026-04-25 04:00:00,RFC,WEST,AEP,AEPOPT,6755.545,True
2026-04-25 09:00:00,2026-04-25 05:00:00,RFC,WEST,AEP,AEPAPT,3045.458,True
2026-04-25 09:00:00,2026-04-25 05:00:00,RFC,WEST,AEP,AEPIMP,2810.458,True
2026-04-25 09:00:00,2026-04-25 05:00:00,RFC,WEST,AEP,AEPKPT,451.696,True
2026-04-25 09:00:00,2026-04-25 05:00:00,RFC,WEST,AEP,AEPOPT,6792.795,True
2026-04-25 10:00:00,2026-04-25 06:00:00,RFC,WEST,AEP,AEPAPT,3124.404,True
2026-04-25 10:00:00,2026-04-25 06:00:00,RFC,WEST,AEP,AEPIMP,2854.799,True
2026-04-25 10:00:00,2026-04-25 06:00:00,RFC,WEST,AEP,AEPKPT,459.434,True
2026-04-25 10:00:00,2026-04-25 06:00:00,RFC,WEST,AEP,AEPOPT,6899.154,True
2026-04-25 11:00:00,2026-04-25 07:00:00,RFC,WEST,AEP,AEPAPT,3200.317,True
2026-04-25 11:00:00,2026-04-25 07:00:00,RFC,WEST,AEP,AEPIMP,2977.477,True
2026-04-25 11:00:00,2026-04-25 07:00:00,RFC,WEST,AEP,AEPKPT,458.173,True
2026-04-25 11:00:00,2026-04-25 07:00:00,RFC,WEST,AEP,AEPOPT,7055.622,True
2026-04-25 12:00:00,2026-04-25 08:00:00,RFC,WEST,AEP,AEPAPT,3308.829,True
2026-04-25 12:00:00,2026-04-25 08:00:00,RFC,WEST,AEP,AEPIMP,3026.848,True
2026-04-25 12:00:00,2026-04-25 08:00:00,RFC,WEST,AEP,AEPKPT,476.097,True
2026-04-25 12:00:00,2026-04-25 08:00:00,RFC,WEST,AEP,AEPOPT,7243.044,True
2026-04-25 13:00:00,2026-04-25 09:00:00,RFC,WEST,AEP,AEPAPT,3355.599,True
2026-04-25 13:00:00,2026-04-25 09:00:00,RFC,WEST,AEP,AEPIMP,3113.315,True
2026-04-25 13:00:00,2026-04-25 09:00:00,RFC,WEST,AEP,AEPKPT,494.378,True
2026-04-25 13:00:00,2026-04-25 09:00:00,RFC,WEST,AEP,AEPOPT,7370.057,True
2026-04-25 14:00:00,2026-04-25 10:00:00,RFC,WEST,AEP,AEPAPT,3434.845,True
2026-04-25 14:00:00,2026-04-25 10:00:00,RFC,WEST,AEP,AEPIMP,3031.65,True
2026-04-25 14:00:00,2026-04-25 10:00:00,RFC,WEST,AEP,AEPKPT,511.284,True
2026-04-25 14:00:00,2026-04-25 10:00:00,RFC,WEST,AEP,AEPOPT,7485.013,True
2026-04-25 15:00:00,2026-04-25 11:00:00,RFC,WEST,AEP,AEPAPT,3542.717,True
2026-04-25 15:00:00,2026-04-25 11:00:00,RFC,WEST,AEP,AEPIMP,3042.282,True
2026-04-25 15:00:00,2026-04-25 11:00:00,RFC,WEST,AEP,AEPKPT,528.362,True
2026-04-25 15:00:00,2026-04-25 11:00:00,RFC,WEST,AEP,AEPOPT,7527.52,True
2026-04-25 16:00:00,2026-04-25 12:00:00,RFC,WEST,AEP,AEPAPT,3649.542,True
2026-04-25 16:00:00,2026-04-25 12:00:00,RFC,WEST,AEP,AEPIMP,2996.241,True
2026-04-25 16:00:00,2026-04-25 12:00:00,RFC,WEST,AEP,AEPKPT,533.835,True
2026-04-25 16:00:00,2026-04-25 12:00:00,RFC,WEST,AEP,AEPOPT,7553.966,True
2026-04-25 17:00:00,2026-04-25 13:00:00,RFC,WEST,AEP,AEPAPT,3716.779,True
2026-04-25 17:00:00,2026-04-25 13:00:00,RFC,WEST,AEP,AEPIMP,3066.226,True
2026-04-25 17:00:00,2026-04-25 13:00:00,RFC,WEST,AEP,AEPKPT,533.986,True
2026-04-25 17:00:00,2026-04-25 13:00:00,RFC,WEST,AEP,AEPOPT,7582.873,True
2026-04-25 18:00:00,2026-04-25 14:00:00,RFC,WEST,AEP,AEPAPT,3743.628,True
2026-04-25 18:00:00,2026-04-25 14:00:00,RFC,WEST,AEP,AEPIMP,3066.969,True
2026-04-25 18:00:00,2026-04-25 14:00:00,RFC,WEST,AEP,AEPKPT,541.301,True
2026-04-25 18:00:00,2026-04-25 14:00:00,RFC,WEST,AEP,AEPOPT,7602.728,True
2026-04-25 19:00:00,2026-04-25 15:00:00,RFC,WEST,AEP,AEPAPT,3737.584,True
2026-04-25 19:00:00,2026-04-25 15:00:00,RFC,WEST,AEP,AEPIMP,3086.689,True
2026-04-25 19:00:00,2026-04-25 15:00:00,RFC,WEST,AEP,AEPKPT,548.023,True
2026-04-25 19:00:00,2026-04-25 15:00:00,RFC,WEST,AEP,AEPOPT,7569.599,True
2026-04-25 20:00:00,2026-04-25 16:00:00,RFC,WEST,AEP,AEPAPT,3774.246,True
2026-04-25 20:00:00,2026-04-25 16:00:00,RFC,WEST,AEP,AEPIMP,3083.288,True
2026-04-25 20:00:00,2026-04-25 16:00:00,RFC,WEST,AEP,AEPKPT,558.139,True
2026-04-25 20:00:00,2026-04-25 16:00:00,RFC,WEST,AEP,AEPOPT,7683.397,True
2026-04-25 21:00:00,2026-04-25 17:00:00,RFC,WEST,AEP,AEPAPT,3753.512,True
2026-04-25 21:00:00,2026-04-25 17:00:00,RFC,WEST,AEP,AEPIMP,3116.958,True
2026-04-25 21:00:00,2026-04-25 17:00:00,RFC,WEST,AEP,AEPKPT,566.907,True
2026-04-25 21:00:00,2026-04-25 17:00:00,RFC,WEST,AEP,AEPOPT,7821.347,True
2026-04-25 22:00:00,2026-04-25 18:00:00,RFC,WEST,AEP,AEPAPT,3718.013,True
2026-04-25 22:00:00,2026-04-25 18:00:00,RFC,WEST,AEP,AEPIMP,3184.526,True
2026-04-25 22:00:00,2026-04-25 18:00:00,RFC,WEST,AEP,AEPKPT,567.264,True
2026-04-25 22:00:00,2026-04-25 18:00:00,RFC,WEST,AEP,AEPOPT,7770.491,True
2026-04-25 23:00:00,2026-04-25 19:00:00,RFC,WEST,AEP,AEPAPT,3671.495,True
2026-04-25 23:00:00,2026-04-25 19:00:00,RFC,WEST,AEP,AEPIMP,3180.674,True
2026-04-25 23:00:00,2026-04-25 19:00:00,RFC,WEST,AEP,AEPKPT,553.945,True
2026-04-25 23:00:00,2026-04-25 19:00:00,RFC,WEST,AEP,AEPOPT,7715.652,True
2026-04-26 00:00:00,2026-04-25 20:00:00,RFC,WEST,AEP,AEPAPT,3645.623,True
2026-04-26 00:00:00,2026-04-25 20:00:00,RFC,WEST,AEP,AEPIMP,3094.61,True
2026-04-26 00:00:00,2026-04-25 20:00:00,RFC,WEST,AEP,AEPKPT,555.183,True
2026-04-26 00:00:00,2026-04-25 20:00:00,RFC,WEST,AEP,AEPOPT,7670.53,True
2026-04-26 01:00:00,2026-04-25 21:00:00,RFC,WEST,AEP,AEPAPT,3591.303,True
2026-04-26 01:00:00,2026-04-25 21:00:00,RFC,WEST,AEP,AEPIMP,3120.757,True
2026-04-26 01:00:00,2026-04-25 21:00:00,RFC,WEST,AEP,AEPKPT,541.522,True
2026-04-26 01:00:00,2026-04-25 21:00:00,RFC,WEST,AEP,AEPOPT,7483.769,True
2026-04-26 02:00:00,2026-04-25 22:00:00,RFC,WEST,AEP,AEPAPT,3410.632,True
2026-04-26 02:00:00,2026-04-25 22:00:00,RFC,WEST,AEP,AEPIMP,3032.863,True
2026-04-26 02:00:00,2026-04-25 22:00:00,RFC,WEST,AEP,AEPKPT,515.875,True
2026-04-26 02:00:00,2026-04-25 22:00:00,RFC,WEST,AEP,AEPOPT,7153.825,True
2026-04-26 03:00:00,2026-04-25 23:00:00,RFC,WEST,AEP,AEPAPT,3238.365,True
2026-04-26 03:00:00,2026-04-25 23:00:00,RFC,WEST,AEP,AEPIMP,2875.011,True
2026-04-26 03:00:00,2026-04-25 23:00:00,RFC,WEST,AEP,AEPKPT,494.106,True
2026-04-26 03:00:00,2026-04-25 23:00:00,RFC,WEST,AEP,AEPOPT,6888.928,True
2026-04-26 04:00:00,2026-04-26 00:00:00,RFC,WEST,AEP,AEPAPT,3068.811,True
2026-04-26 04:00:00,2026-04-26 00:00:00,RFC,WEST,AEP,AEPIMP,2800.204,True
2026-04-26 04:00:00,2026-04-26 00:00:00,RFC,WEST,AEP,AEPKPT,468.367,True
2026-04-26 04:00:00,2026-04-26 00:00:00,RFC,WEST,AEP,AEPOPT,6732.541,True
2026-04-26 05:00:00,2026-04-26 01:00:00,RFC,WEST,AEP,AEPAPT,2978.57,True
2026-04-26 05:00:00,2026-04-26 01:00:00,RFC,WEST,AEP,AEPIMP,2728.03,True
2026-04-26 05:00:00,2026-04-26 01:00:00,RFC,WEST,AEP,AEPKPT,454.451,True
2026-04-26 05:00:00,2026-04-26 01:00:00,RFC,WEST,AEP,AEPOPT,6614.014,True
2026-04-26 06:00:00,2026-04-26 02:00:00,RFC,WEST,AEP,AEPAPT,2931.483,True
2026-04-26 06:00:00,2026-04-26 02:00:00,RFC,WEST,AEP,AEPIMP,2697.265,True
2026-04-26 06:00:00,2026-04-26 02:00:00,RFC,WEST,AEP,AEPKPT,443.699,True
2026-04-26 06:00:00,2026-04-26 02:00:00,RFC,WEST,AEP,AEPOPT,6469.303,True
2026-04-26 07:00:00,2026-04-26 03:00:00,RFC,WEST,AEP,AEPAPT,2892.871,True
2026-04-26 07:00:00,2026-04-26 03:00:00,RFC,WEST,AEP,AEPIMP,2724.591,True
2026-04-26 07:00:00,2026-04-26 03:00:00,RFC,WEST,AEP,AEPKPT,437.1,True
2026-04-26 07:00:00,2026-04-26 03:00:00,RFC,WEST,AEP,AEPOPT,6449.737,True
2026-04-26 08:00:00,2026-04-26 04:00:00,RFC,WEST,AEP,AEPAPT,2898.475,True
2026-04-26 08:00:00,2026-04-26 04:00:00,RFC,WEST,AEP,AEPIMP,2716.089,True
2026-04-26 08:00:00,2026-04-26 04:00:00,RFC,WEST,AEP,AEPKPT,435.518,True
2026-04-26 08:00:00,2026-04-26 04:00:00,RFC,WEST,AEP,AEPOPT,6468.879,True
2026-04-26 09:00:00,2026-04-26 05:00:00,RFC,WEST,AEP,AEPAPT,2934.66,True
2026-04-26 09:00:00,2026-04-26 05:00:00,RFC,WEST,AEP,AEPIMP,2732.549,True
2026-04-26 09:00:00,2026-04-26 05:00:00,RFC,WEST,AEP,AEPKPT,439.262,True
2026-04-26 09:00:00,2026-04-26 05:00:00,RFC,WEST,AEP,AEPOPT,6465.089,True
2026-04-26 10:00:00,2026-04-26 06:00:00,RFC,WEST,AEP,AEPAPT,2988.372,True
2026-04-26 10:00:00,2026-04-26 06:00:00,RFC,WEST,AEP,AEPIMP,2803.296,True
2026-04-26 10:00:00,2026-04-26 06:00:00,RFC,WEST,AEP,AEPKPT,443.813,True
2026-04-26 10:00:00,2026-04-26 06:00:00,RFC,WEST,AEP,AEPOPT,6657.188,True
2026-04-26 11:00:00,2026-04-26 07:00:00,RFC,WEST,AEP,AEPAPT,3082.358,True
2026-04-26 11:00:00,2026-04-26 07:00:00,RFC,WEST,AEP,AEPIMP,2816.9,True
2026-04-26 11:00:00,2026-04-26 07:00:00,RFC,WEST,AEP,AEPKPT,451.031,True
2026-04-26 11:00:00,2026-04-26 07:00:00,RFC,WEST,AEP,AEPOPT,6799.941,True
2026-04-26 12:00:00,2026-04-26 08:00:00,RFC,WEST,AEP,AEPAPT,3216.618,True
2026-04-26 12:00:00,2026-04-26 08:00:00,RFC,WEST,AEP,AEPIMP,2954.686,True
2026-04-26 12:00:00,2026-04-26 08:00:00,RFC,WEST,AEP,AEPKPT,469.613,True
2026-04-26 12:00:00,2026-04-26 08:00:00,RFC,WEST,AEP,AEPOPT,7012.925,True
2026-04-26 13:00:00,2026-04-26 09:00:00,RFC,WEST,AEP,AEPAPT,3297.329,True
2026-04-26 13:00:00,2026-04-26 09:00:00,RFC,WEST,AEP,AEPIMP,3041.706,True
2026-04-26 13:00:00,2026-04-26 09:00:00,RFC,WEST,AEP,AEPKPT,490.071,True
2026-04-26 13:00:00,2026-04-26 09:00:00,RFC,WEST,AEP,AEPOPT,7217.785,True
2026-04-26 14:00:00,2026-04-26 10:00:00,RFC,WEST,AEP,AEPAPT,3302.408,True
2026-04-26 14:00:00,2026-04-26 10:00:00,RFC,WEST,AEP,AEPIMP,3033.077,True
2026-04-26 14:00:00,2026-04-26 10:00:00,RFC,WEST,AEP,AEPKPT,490.438,True
2026-04-26 14:00:00,2026-04-26 10:00:00,RFC,WEST,AEP,AEPOPT,7292.051,True
2026-04-26 15:00:00,2026-04-26 11:00:00,RFC,WEST,AEP,AEPAPT,3297.54,True
2026-04-26 15:00:00,2026-04-26 11:00:00,RFC,WEST,AEP,AEPIMP,3072.409,True
2026-04-26 15:00:00,2026-04-26 11:00:00,RFC,WEST,AEP,AEPKPT,489.349,True
2026-04-26 15:00:00,2026-04-26 11:00:00,RFC,WEST,AEP,AEPOPT,7405.789,True
2026-04-26 16:00:00,2026-04-26 12:00:00,RFC,WEST,AEP,AEPAPT,3343.846,True
2026-04-26 16:00:00,2026-04-26 12:00:00,RFC,WEST,AEP,AEPIMP,3062.37,True
2026-04-26 16:00:00,2026-04-26 12:00:00,RFC,WEST,AEP,AEPKPT,505.474,True
2026-04-26 16:00:00,2026-04-26 12:00:00,RFC,WEST,AEP,AEPOPT,7406.271,True
2026-04-26 17:00:00,2026-04-26 13:00:00,RFC,WEST,AEP,AEPAPT,3376.901,True
2026-04-26 17:00:00,2026-04-26 13:00:00,RFC,WEST,AEP,AEPIMP,3025.171,True
2026-04-26 17:00:00,2026-04-26 13:00:00,RFC,WEST,AEP,AEPKPT,510.808,True
2026-04-26 17:00:00,2026-04-26 13:00:00,RFC,WEST,AEP,AEPOPT,7327.747,True
2026-04-26 18:00:00,2026-04-26 14:00:00,RFC,WEST,AEP,AEPAPT,3346.426,True
2026-04-26 18:00:00,2026-04-26 14:00:00,RFC,WEST,AEP,AEPIMP,2993.875,True
2026-04-26 18:00:00,2026-04-26 14:00:00,RFC,WEST,AEP,AEPKPT,524.339,True
2026-04-26 18:00:00,2026-04-26 14:00:00,RFC,WEST,AEP,AEPOPT,7368.421,True
2026-04-26 19:00:00,2026-04-26 15:00:00,RFC,WEST,AEP,AEPAPT,3361.064,True
2026-04-26 19:00:00,2026-04-26 15:00:00,RFC,WEST,AEP,AEPIMP,2940.267,True
2026-04-26 19:00:00,2026-04-26 15:00:00,RFC,WEST,AEP,AEPKPT,533.176,True
2026-04-26 19:00:00,2026-04-26 15:00:00,RFC,WEST,AEP,AEPOPT,7282.212,True
2026-04-26 20:00:00,2026-04-26 16:00:00,RFC,WEST,AEP,AEPAPT,3461.375,True
2026-04-26 20:00:00,2026-04-26 16:00:00,RFC,WEST,AEP,AEPIMP,2956.884,True
2026-04-26 20:00:00,2026-04-26 16:00:00,RFC,WEST,AEP,AEPKPT,547.717,True
2026-04-26 20:00:00,2026-04-26 16:00:00,RFC,WEST,AEP,AEPOPT,7392.095,True
2026-04-26 21:00:00,2026-04-26 17:00:00,RFC,WEST,AEP,AEPAPT,3577.971,True
2026-04-26 21:00:00,2026-04-26 17:00:00,RFC,WEST,AEP,AEPIMP,3021.943,True
2026-04-26 21:00:00,2026-04-26 17:00:00,RFC,WEST,AEP,AEPKPT,558.399,True
2026-04-26 21:00:00,2026-04-26 17:00:00,RFC,WEST,AEP,AEPOPT,7483.019,True
2026-04-26 22:00:00,2026-04-26 18:00:00,RFC,WEST,AEP,AEPAPT,3622.562,True
2026-04-26 22:00:00,2026-04-26 18:00:00,RFC,WEST,AEP,AEPIMP,2985.615,True
2026-04-26 22:00:00,2026-04-26 18:00:00,RFC,WEST,AEP,AEPKPT,557.951,True
2026-04-26 22:00:00,2026-04-26 18:00:00,RFC,WEST,AEP,AEPOPT,7541.476,True
2026-04-26 23:00:00,2026-04-26 19:00:00,RFC,WEST,AEP,AEPAPT,3644.792,True
2026-04-26 23:00:00,2026-04-26 19:00:00,RFC,WEST,AEP,AEPIMP,2945.487,True
2026-04-26 23:00:00,2026-04-26 19:00:00,RFC,WEST,AEP,AEPKPT,546.327,True
2026-04-26 23:00:00,2026-04-26 19:00:00,RFC,WEST,AEP,AEPOPT,7515.618,True
2026-04-27 00:00:00,2026-04-26 20:00:00,RFC,WEST,AEP,AEPAPT,3682.247,True
2026-04-27 00:00:00,2026-04-26 20:00:00,RFC,WEST,AEP,AEPIMP,2993.009,True
2026-04-27 00:00:00,2026-04-26 20:00:00,RFC,WEST,AEP,AEPKPT,551.83,True
2026-04-27 00:00:00,2026-04-26 20:00:00,RFC,WEST,AEP,AEPOPT,7698.632,True
2026-04-27 01:00:00,2026-04-26 21:00:00,RFC,WEST,AEP,AEPAPT,3606.744,True
2026-04-27 01:00:00,2026-04-26 21:00:00,RFC,WEST,AEP,AEPIMP,3012.154,True
2026-04-27 01:00:00,2026-04-26 21:00:00,RFC,WEST,AEP,AEPKPT,543.544,True
2026-04-27 01:00:00,2026-04-26 21:00:00,RFC,WEST,AEP,AEPOPT,7667.333,True
2026-04-27 02:00:00,2026-04-26 22:00:00,RFC,WEST,AEP,AEPAPT,3408.886,True
2026-04-27 02:00:00,2026-04-26 22:00:00,RFC,WEST,AEP,AEPIMP,2898.327,True
2026-04-27 02:00:00,2026-04-26 22:00:00,RFC,WEST,AEP,AEPKPT,511.914,True
2026-04-27 02:00:00,2026-04-26 22:00:00,RFC,WEST,AEP,AEPOPT,7444.667,True
2026-04-27 03:00:00,2026-04-26 23:00:00,RFC,WEST,AEP,AEPAPT,3234.069,True
2026-04-27 03:00:00,2026-04-26 23:00:00,RFC,WEST,AEP,AEPIMP,2777.757,True
2026-04-27 03:00:00,2026-04-26 23:00:00,RFC,WEST,AEP,AEPKPT,477.106,True
2026-04-27 03:00:00,2026-04-26 23:00:00,RFC,WEST,AEP,AEPOPT,7138.964,True
2026-04-27 04:00:00,2026-04-27 00:00:00,RFC,WEST,AEP,AEPAPT,3092.715,True
2026-04-27 04:00:00,2026-04-27 00:00:00,RFC,WEST,AEP,AEPIMP,2720.818,True
2026-04-27 04:00:00,2026-04-27 00:00:00,RFC,WEST,AEP,AEPKPT,454.888,True
2026-04-27 04:00:00,2026-04-27 00:00:00,RFC,WEST,AEP,AEPOPT,6966.099,True
2026-04-27 05:00:00,2026-04-27 01:00:00,RFC,WEST,AEP,AEPAPT,2999.121,True
2026-04-27 05:00:00,2026-04-27 01:00:00,RFC,WEST,AEP,AEPIMP,2683.679,True
2026-04-27 05:00:00,2026-04-27 01:00:00,RFC,WEST,AEP,AEPKPT,446.758,True
2026-04-27 05:00:00,2026-04-27 01:00:00,RFC,WEST,AEP,AEPOPT,6902.187,True
2026-04-27 06:00:00,2026-04-27 02:00:00,RFC,WEST,AEP,AEPAPT,2998.314,True
2026-04-27 06:00:00,2026-04-27 02:00:00,RFC,WEST,AEP,AEPIMP,2649.615,True
2026-04-27 06:00:00,2026-04-27 02:00:00,RFC,WEST,AEP,AEPKPT,442.391,True
2026-04-27 06:00:00,2026-04-27 02:00:00,RFC,WEST,AEP,AEPOPT,6863.311,True
2026-04-27 07:00:00,2026-04-27 03:00:00,RFC,WEST,AEP,AEPAPT,3017.286,True
2026-04-27 07:00:00,2026-04-27 03:00:00,RFC,WEST,AEP,AEPIMP,2720.143,True
2026-04-27 07:00:00,2026-04-27 03:00:00,RFC,WEST,AEP,AEPKPT,441.003,True
2026-04-27 07:00:00,2026-04-27 03:00:00,RFC,WEST,AEP,AEPOPT,6798.332,True
2026-04-27 08:00:00,2026-04-27 04:00:00,RFC,WEST,AEP,AEPAPT,3107.759,True
2026-04-27 08:00:00,2026-04-27 04:00:00,RFC,WEST,AEP,AEPIMP,2758.303,True
2026-04-27 08:00:00,2026-04-27 04:00:00,RFC,WEST,AEP,AEPKPT,448.657,True
2026-04-27 08:00:00,2026-04-27 04:00:00,RFC,WEST,AEP,AEPOPT,6986.848,True
2026-04-27 09:00:00,2026-04-27 05:00:00,RFC,WEST,AEP,AEPAPT,3304.558,True
2026-04-27 09:00:00,2026-04-27 05:00:00,RFC,WEST,AEP,AEPIMP,2919.675,True
2026-04-27 09:00:00,2026-04-27 05:00:00,RFC,WEST,AEP,AEPKPT,473.217,True
2026-04-27 09:00:00,2026-04-27 05:00:00,RFC,WEST,AEP,AEPOPT,7254.859,True
2026-04-27 10:00:00,2026-04-27 06:00:00,RFC,WEST,AEP,AEPAPT,3603.964,True
2026-04-27 10:00:00,2026-04-27 06:00:00,RFC,WEST,AEP,AEPIMP,3081.846,True
2026-04-27 10:00:00,2026-04-27 06:00:00,RFC,WEST,AEP,AEPKPT,515.098,True
2026-04-27 10:00:00,2026-04-27 06:00:00,RFC,WEST,AEP,AEPOPT,7665.55,True
2026-04-27 11:00:00,2026-04-27 07:00:00,RFC,WEST,AEP,AEPAPT,3741.439,True
2026-04-27 11:00:00,2026-04-27 07:00:00,RFC,WEST,AEP,AEPIMP,3139.502,True
2026-04-27 11:00:00,2026-04-27 07:00:00,RFC,WEST,AEP,AEPKPT,531.572,True
2026-04-27 11:00:00,2026-04-27 07:00:00,RFC,WEST,AEP,AEPOPT,7885.737,True
2026-04-27 12:00:00,2026-04-27 08:00:00,RFC,WEST,AEP,AEPAPT,3719.667,True
2026-04-27 12:00:00,2026-04-27 08:00:00,RFC,WEST,AEP,AEPIMP,3190.661,True
2026-04-27 12:00:00,2026-04-27 08:00:00,RFC,WEST,AEP,AEPKPT,535.149,True
2026-04-27 12:00:00,2026-04-27 08:00:00,RFC,WEST,AEP,AEPOPT,7987.41,True
2026-04-27 13:00:00,2026-04-27 09:00:00,RFC,WEST,AEP,AEPAPT,3661.594,True
2026-04-27 13:00:00,2026-04-27 09:00:00,RFC,WEST,AEP,AEPIMP,3224.56,True
2026-04-27 13:00:00,2026-04-27 09:00:00,RFC,WEST,AEP,AEPKPT,536.358,True
2026-04-27 13:00:00,2026-04-27 09:00:00,RFC,WEST,AEP,AEPOPT,7939.485,True
2026-04-27 14:00:00,2026-04-27 10:00:00,RFC,WEST,AEP,AEPAPT,3613.044,True
2026-04-27 14:00:00,2026-04-27 10:00:00,RFC,WEST,AEP,AEPIMP,3248.107,True
2026-04-27 14:00:00,2026-04-27 10:00:00,RFC,WEST,AEP,AEPKPT,536.465,True
2026-04-27 14:00:00,2026-04-27 10:00:00,RFC,WEST,AEP,AEPOPT,8065.254,True
2026-04-27 15:00:00,2026-04-27 11:00:00,RFC,WEST,AEP,AEPAPT,3608.408,True
2026-04-27 15:00:00,2026-04-27 11:00:00,RFC,WEST,AEP,AEPIMP,3285.147,True
2026-04-27 15:00:00,2026-04-27 11:00:00,RFC,WEST,AEP,AEPKPT,542.747,True
2026-04-27 15:00:00,2026-04-27 11:00:00,RFC,WEST,AEP,AEPOPT,8020.131,True
2026-04-27 16:00:00,2026-04-27 12:00:00,RFC,WEST,AEP,AEPAPT,3638.255,True
2026-04-27 16:00:00,2026-04-27 12:00:00,RFC,WEST,AEP,AEPIMP,3243.937,True
2026-04-27 16:00:00,2026-04-27 12:00:00,RFC,WEST,AEP,AEPKPT,555.648,True
2026-04-27 16:00:00,2026-04-27 12:00:00,RFC,WEST,AEP,AEPOPT,8092.528,True
2026-04-27 17:00:00,2026-04-27 13:00:00,RFC,WEST,AEP,AEPAPT,3697.138,True
2026-04-27 17:00:00,2026-04-27 13:00:00,RFC,WEST,AEP,AEPIMP,3267.479,True
2026-04-27 17:00:00,2026-04-27 13:00:00,RFC,WEST,AEP,AEPKPT,577.52,True
2026-04-27 17:00:00,2026-04-27 13:00:00,RFC,WEST,AEP,AEPOPT,8162.243,True
2026-04-27 18:00:00,2026-04-27 14:00:00,RFC,WEST,AEP,AEPAPT,3751.391,True
2026-04-27 18:00:00,2026-04-27 14:00:00,RFC,WEST,AEP,AEPIMP,3359.743,True
2026-04-27 18:00:00,2026-04-27 14:00:00,RFC,WEST,AEP,AEPKPT,596.686,True
2026-04-27 18:00:00,2026-04-27 14:00:00,RFC,WEST,AEP,AEPOPT,8273.026,True
2026-04-27 19:00:00,2026-04-27 15:00:00,RFC,WEST,AEP,AEPAPT,3833.606,True
2026-04-27 19:00:00,2026-04-27 15:00:00,RFC,WEST,AEP,AEPIMP,3378.077,True
2026-04-27 19:00:00,2026-04-27 15:00:00,RFC,WEST,AEP,AEPKPT,619.872,True
2026-04-27 19:00:00,2026-04-27 15:00:00,RFC,WEST,AEP,AEPOPT,8291.602,True
2026-04-27 20:00:00,2026-04-27 16:00:00,RFC,WEST,AEP,AEPAPT,3959.627,True
2026-04-27 20:00:00,2026-04-27 16:00:00,RFC,WEST,AEP,AEPIMP,3377.129,True
2026-04-27 20:00:00,2026-04-27 16:00:00,RFC,WEST,AEP,AEPKPT,627.789,True
2026-04-27 20:00:00,2026-04-27 16:00:00,RFC,WEST,AEP,AEPOPT,8406.185,True
2026-04-27 21:00:00,2026-04-27 17:00:00,RFC,WEST,AEP,AEPAPT,4043.141,True
2026-04-27 21:00:00,2026-04-27 17:00:00,RFC,WEST,AEP,AEPIMP,3365.734,True
2026-04-27 21:00:00,2026-04-27 17:00:00,RFC,WEST,AEP,AEPKPT,624.534,True
2026-04-27 21:00:00,2026-04-27 17:00:00,RFC,WEST,AEP,AEPOPT,8492.344,True
2026-04-27 22:00:00,2026-04-27 18:00:00,RFC,WEST,AEP,AEPAPT,4068.662,True
2026-04-27 22:00:00,2026-04-27 18:00:00,RFC,WEST,AEP,AEPIMP,3275.781,True
2026-04-27 22:00:00,2026-04-27 18:00:00,RFC,WEST,AEP,AEPKPT,624.189,True
2026-04-27 22:00:00,2026-04-27 18:00:00,RFC,WEST,AEP,AEPOPT,8423.462,True
2026-04-27 23:00:00,2026-04-27 19:00:00,RFC,WEST,AEP,AEPAPT,4018.939,True
2026-04-27 23:00:00,2026-04-27 19:00:00,RFC,WEST,AEP,AEPIMP,3245.34,True
2026-04-27 23:00:00,2026-04-27 19:00:00,RFC,WEST,AEP,AEPKPT,613.069,True
2026-04-27 23:00:00,2026-04-27 19:00:00,RFC,WEST,AEP,AEPOPT,8475.752,True
2026-04-28 00:00:00,2026-04-27 20:00:00,RFC,WEST,AEP,AEPAPT,4069.223,True
2026-04-28 00:00:00,2026-04-27 20:00:00,RFC,WEST,AEP,AEPIMP,3235.135,True
2026-04-28 00:00:00,2026-04-27 20:00:00,RFC,WEST,AEP,AEPKPT,599.412,True
2026-04-28 00:00:00,2026-04-27 20:00:00,RFC,WEST,AEP,AEPOPT,8395.88,True
2026-04-28 01:00:00,2026-04-27 21:00:00,RFC,WEST,AEP,AEPAPT,3942.194,True
2026-04-28 01:00:00,2026-04-27 21:00:00,RFC,WEST,AEP,AEPIMP,3215.929,True
2026-04-28 01:00:00,2026-04-27 21:00:00,RFC,WEST,AEP,AEPKPT,581.449,True
2026-04-28 01:00:00,2026-04-27 21:00:00,RFC,WEST,AEP,AEPOPT,8115.2,True
2026-04-28 02:00:00,2026-04-27 22:00:00,RFC,WEST,AEP,AEPAPT,3685.372,True
2026-04-28 02:00:00,2026-04-27 22:00:00,RFC,WEST,AEP,AEPIMP,3129.385,True
2026-04-28 02:00:00,2026-04-27 22:00:00,RFC,WEST,AEP,AEPKPT,549.601,True
2026-04-28 02:00:00,2026-04-27 22:00:00,RFC,WEST,AEP,AEPOPT,7838.799,True
2026-04-28 03:00:00,2026-04-27 23:00:00,RFC,WEST,AEP,AEPAPT,3435.261,True
2026-04-28 03:00:00,2026-04-27 23:00:00,RFC,WEST,AEP,AEPIMP,3019.923,True
2026-04-28 03:00:00,2026-04-27 23:00:00,RFC,WEST,AEP,AEPKPT,519.051,True
2026-04-28 03:00:00,2026-04-27 23:00:00,RFC,WEST,AEP,AEPOPT,7527.61,True
2026-04-28 04:00:00,2026-04-28 00:00:00,RFC,WEST,AEP,AEPAPT,3299.995,True
2026-04-28 04:00:00,2026-04-28 00:00:00,RFC,WEST,AEP,AEPIMP,2915.413,True
2026-04-28 04:00:00,2026-04-28 00:00:00,RFC,WEST,AEP,AEPKPT,499.212,True
2026-04-28 04:00:00,2026-04-28 00:00:00,RFC,WEST,AEP,AEPOPT,7316.328,True
2026-04-28 05:00:00,2026-04-28 01:00:00,RFC,WEST,AEP,AEPAPT,3212.193,True
2026-04-28 05:00:00,2026-04-28 01:00:00,RFC,WEST,AEP,AEPIMP,2824.266,True
2026-04-28 05:00:00,2026-04-28 01:00:00,RFC,WEST,AEP,AEPKPT,465.454,True
2026-04-28 05:00:00,2026-04-28 01:00:00,RFC,WEST,AEP,AEPOPT,7113.12,True
2026-04-28 06:00:00,2026-04-28 02:00:00,RFC,WEST,AEP,AEPAPT,3111.165,True
2026-04-28 06:00:00,2026-04-28 02:00:00,RFC,WEST,AEP,AEPIMP,2783.018,True
2026-04-28 06:00:00,2026-04-28 02:00:00,RFC,WEST,AEP,AEPKPT,446.237,True
2026-04-28 06:00:00,2026-04-28 02:00:00,RFC,WEST,AEP,AEPOPT,6995.959,True
2026-04-28 07:00:00,2026-04-28 03:00:00,RFC,WEST,AEP,AEPAPT,3111.474,True
2026-04-28 07:00:00,2026-04-28 03:00:00,RFC,WEST,AEP,AEPIMP,2772.842,True
2026-04-28 07:00:00,2026-04-28 03:00:00,RFC,WEST,AEP,AEPKPT,452.056,True
2026-04-28 07:00:00,2026-04-28 03:00:00,RFC,WEST,AEP,AEPOPT,6963.752,True
2026-04-28 08:00:00,2026-04-28 04:00:00,RFC,WEST,AEP,AEPAPT,3178.984,True
2026-04-28 08:00:00,2026-04-28 04:00:00,RFC,WEST,AEP,AEPIMP,2773.269,True
2026-04-28 08:00:00,2026-04-28 04:00:00,RFC,WEST,AEP,AEPKPT,452.756,True
2026-04-28 08:00:00,2026-04-28 04:00:00,RFC,WEST,AEP,AEPOPT,6995.421,True
2026-04-28 09:00:00,2026-04-28 05:00:00,RFC,WEST,AEP,AEPAPT,3343.619,True
2026-04-28 09:00:00,2026-04-28 05:00:00,RFC,WEST,AEP,AEPIMP,2972.195,True
2026-04-28 09:00:00,2026-04-28 05:00:00,RFC,WEST,AEP,AEPKPT,457.406,True
2026-04-28 09:00:00,2026-04-28 05:00:00,RFC,WEST,AEP,AEPOPT,7146.622,True
2026-04-28 10:00:00,2026-04-28 06:00:00,RFC,WEST,AEP,AEPAPT,3627.889,True
2026-04-28 10:00:00,2026-04-28 06:00:00,RFC,WEST,AEP,AEPIMP,3168.873,True
2026-04-28 10:00:00,2026-04-28 06:00:00,RFC,WEST,AEP,AEPKPT,496.416,True
2026-04-28 10:00:00,2026-04-28 06:00:00,RFC,WEST,AEP,AEPOPT,7598.624,True
2026-04-28 11:00:00,2026-04-28 07:00:00,RFC,WEST,AEP,AEPAPT,3767.383,True
2026-04-28 11:00:00,2026-04-28 07:00:00,RFC,WEST,AEP,AEPIMP,3269.054,True
2026-04-28 11:00:00,2026-04-28 07:00:00,RFC,WEST,AEP,AEPKPT,517.506,True
2026-04-28 11:00:00,2026-04-28 07:00:00,RFC,WEST,AEP,AEPOPT,7822.035,True
2026-04-28 12:00:00,2026-04-28 08:00:00,RFC,WEST,AEP,AEPAPT,3792.281,True
2026-04-28 12:00:00,2026-04-28 08:00:00,RFC,WEST,AEP,AEPIMP,3285.75,True
2026-04-28 12:00:00,2026-04-28 08:00:00,RFC,WEST,AEP,AEPKPT,520.135,True
2026-04-28 12:00:00,2026-04-28 08:00:00,RFC,WEST,AEP,AEPOPT,7826.284,True
2026-04-28 13:00:00,2026-04-28 09:00:00,RFC,WEST,AEP,AEPAPT,3791.205,True
2026-04-28 13:00:00,2026-04-28 09:00:00,RFC,WEST,AEP,AEPIMP,3338.623,True
2026-04-28 13:00:00,2026-04-28 09:00:00,RFC,WEST,AEP,AEPKPT,531.784,True
2026-04-28 13:00:00,2026-04-28 09:00:00,RFC,WEST,AEP,AEPOPT,7978.342,True
2026-04-28 14:00:00,2026-04-28 10:00:00,RFC,WEST,AEP,AEPAPT,3830.817,True
2026-04-28 14:00:00,2026-04-28 10:00:00,RFC,WEST,AEP,AEPIMP,3308.865,True
2026-04-28 14:00:00,2026-04-28 10:00:00,RFC,WEST,AEP,AEPKPT,537.924,True
2026-04-28 14:00:00,2026-04-28 10:00:00,RFC,WEST,AEP,AEPOPT,8041.927,True
2026-04-28 15:00:00,2026-04-28 11:00:00,RFC,WEST,AEP,AEPAPT,3850.969,True
2026-04-28 15:00:00,2026-04-28 11:00:00,RFC,WEST,AEP,AEPIMP,3273.339,True
2026-04-28 15:00:00,2026-04-28 11:00:00,RFC,WEST,AEP,AEPKPT,552.077,True
2026-04-28 15:00:00,2026-04-28 11:00:00,RFC,WEST,AEP,AEPOPT,8082.907,True
2026-04-28 16:00:00,2026-04-28 12:00:00,RFC,WEST,AEP,AEPAPT,3861.671,True
2026-04-28 16:00:00,2026-04-28 12:00:00,RFC,WEST,AEP,AEPIMP,3316.677,True
2026-04-28 16:00:00,2026-04-28 12:00:00,RFC,WEST,AEP,AEPKPT,565.48,True
2026-04-28 16:00:00,2026-04-28 12:00:00,RFC,WEST,AEP,AEPOPT,8118.085,True
2026-04-28 17:00:00,2026-04-28 13:00:00,RFC,WEST,AEP,AEPAPT,3857.988,True
2026-04-28 17:00:00,2026-04-28 13:00:00,RFC,WEST,AEP,AEPIMP,3297.342,True
2026-04-28 17:00:00,2026-04-28 13:00:00,RFC,WEST,AEP,AEPKPT,576.363,True
2026-04-28 17:00:00,2026-04-28 13:00:00,RFC,WEST,AEP,AEPOPT,8168.08,True
2026-04-28 18:00:00,2026-04-28 14:00:00,RFC,WEST,AEP,AEPAPT,3836.878,True
2026-04-28 18:00:00,2026-04-28 14:00:00,RFC,WEST,AEP,AEPIMP,3247.498,True
2026-04-28 18:00:00,2026-04-28 14:00:00,RFC,WEST,AEP,AEPKPT,586.552,True
2026-04-28 18:00:00,2026-04-28 14:00:00,RFC,WEST,AEP,AEPOPT,8227.252,True
2026-04-28 19:00:00,2026-04-28 15:00:00,RFC,WEST,AEP,AEPAPT,3827.554,True
2026-04-28 19:00:00,2026-04-28 15:00:00,RFC,WEST,AEP,AEPIMP,3184.728,True
2026-04-28 19:00:00,2026-04-28 15:00:00,RFC,WEST,AEP,AEPKPT,592.871,True
2026-04-28 19:00:00,2026-04-28 15:00:00,RFC,WEST,AEP,AEPOPT,8285.945,True
2026-04-28 20:00:00,2026-04-28 16:00:00,RFC,WEST,AEP,AEPAPT,3904.5,True
2026-04-28 20:00:00,2026-04-28 16:00:00,RFC,WEST,AEP,AEPIMP,3092.376,True
2026-04-28 20:00:00,2026-04-28 16:00:00,RFC,WEST,AEP,AEPKPT,615.647,True
2026-04-28 20:00:00,2026-04-28 16:00:00,RFC,WEST,AEP,AEPOPT,8344.095,True
2026-04-28 21:00:00,2026-04-28 17:00:00,RFC,WEST,AEP,AEPAPT,3985.746,True
2026-04-28 21:00:00,2026-04-28 17:00:00,RFC,WEST,AEP,AEPIMP,3112.805,True
2026-04-28 21:00:00,2026-04-28 17:00:00,RFC,WEST,AEP,AEPKPT,622.438,True
2026-04-28 21:00:00,2026-04-28 17:00:00,RFC,WEST,AEP,AEPOPT,8451.797,True
2026-04-28 22:00:00,2026-04-28 18:00:00,RFC,WEST,AEP,AEPAPT,4046.899,True
2026-04-28 22:00:00,2026-04-28 18:00:00,RFC,WEST,AEP,AEPIMP,3110.304,True
2026-04-28 22:00:00,2026-04-28 18:00:00,RFC,WEST,AEP,AEPKPT,617.955,True
2026-04-28 22:00:00,2026-04-28 18:00:00,RFC,WEST,AEP,AEPOPT,8446.409,True
2026-04-28 23:00:00,2026-04-28 19:00:00,RFC,WEST,AEP,AEPAPT,4034.926,True
2026-04-28 23:00:00,2026-04-28 19:00:00,RFC,WEST,AEP,AEPIMP,3072.876,True
2026-04-28 23:00:00,2026-04-28 19:00:00,RFC,WEST,AEP,AEPKPT,611.853,True
2026-04-28 23:00:00,2026-04-28 19:00:00,RFC,WEST,AEP,AEPOPT,8350.703,True
2026-04-29 00:00:00,2026-04-28 20:00:00,RFC,WEST,AEP,AEPAPT,4049.466,True
2026-04-29 00:00:00,2026-04-28 20:00:00,RFC,WEST,AEP,AEPIMP,3122.423,True
2026-04-29 00:00:00,2026-04-28 20:00:00,RFC,WEST,AEP,AEPKPT,610.385,True
2026-04-29 00:00:00,2026-04-28 20:00:00,RFC,WEST,AEP,AEPOPT,8330.524,True
2026-04-29 01:00:00,2026-04-28 21:00:00,RFC,WEST,AEP,AEPAPT,3939.652,True
2026-04-29 01:00:00,2026-04-28 21:00:00,RFC,WEST,AEP,AEPIMP,3122.756,True
2026-04-29 01:00:00,2026-04-28 21:00:00,RFC,WEST,AEP,AEPKPT,594.539,True
2026-04-29 01:00:00,2026-04-28 21:00:00,RFC,WEST,AEP,AEPOPT,8191.478,True
2026-04-29 02:00:00,2026-04-28 22:00:00,RFC,WEST,AEP,AEPAPT,3668.895,True
2026-04-29 02:00:00,2026-04-28 22:00:00,RFC,WEST,AEP,AEPIMP,3040.396,True
2026-04-29 02:00:00,2026-04-28 22:00:00,RFC,WEST,AEP,AEPKPT,555.369,True
2026-04-29 02:00:00,2026-04-28 22:00:00,RFC,WEST,AEP,AEPOPT,7760.769,True
2026-04-29 03:00:00,2026-04-28 23:00:00,RFC,WEST,AEP,AEPAPT,3416.449,True
2026-04-29 03:00:00,2026-04-28 23:00:00,RFC,WEST,AEP,AEPIMP,2871.619,True
2026-04-29 03:00:00,2026-04-28 23:00:00,RFC,WEST,AEP,AEPKPT,518.098,True
2026-04-29 03:00:00,2026-04-28 23:00:00,RFC,WEST,AEP,AEPOPT,7419.437,True
2026-04-29 04:00:00,2026-04-29 00:00:00,RFC,WEST,AEP,AEPAPT,3233.34,True
2026-04-29 04:00:00,2026-04-29 00:00:00,RFC,WEST,AEP,AEPIMP,2809.488,True
2026-04-29 04:00:00,2026-04-29 00:00:00,RFC,WEST,AEP,AEPKPT,491.41,True
2026-04-29 04:00:00,2026-04-29 00:00:00,RFC,WEST,AEP,AEPOPT,7113.221,True
2026-04-29 05:00:00,2026-04-29 01:00:00,RFC,WEST,AEP,AEPAPT,3139.157,True
2026-04-29 05:00:00,2026-04-29 01:00:00,RFC,WEST,AEP,AEPIMP,2745.067,True
2026-04-29 05:00:00,2026-04-29 01:00:00,RFC,WEST,AEP,AEPKPT,473.483,True
2026-04-29 05:00:00,2026-04-29 01:00:00,RFC,WEST,AEP,AEPOPT,6957.458,True
2026-04-29 06:00:00,2026-04-29 02:00:00,RFC,WEST,AEP,AEPAPT,3074.365,True
2026-04-29 06:00:00,2026-04-29 02:00:00,RFC,WEST,AEP,AEPIMP,2761.71,True
2026-04-29 06:00:00,2026-04-29 02:00:00,RFC,WEST,AEP,AEPKPT,459.47,True
2026-04-29 06:00:00,2026-04-29 02:00:00,RFC,WEST,AEP,AEPOPT,6818.113,True
2026-04-29 07:00:00,2026-04-29 03:00:00,RFC,WEST,AEP,AEPAPT,3072.302,True
2026-04-29 07:00:00,2026-04-29 03:00:00,RFC,WEST,AEP,AEPIMP,2732.033,True
2026-04-29 07:00:00,2026-04-29 03:00:00,RFC,WEST,AEP,AEPKPT,462.716,True
2026-04-29 07:00:00,2026-04-29 03:00:00,RFC,WEST,AEP,AEPOPT,6791.219,True
2026-04-29 08:00:00,2026-04-29 04:00:00,RFC,WEST,AEP,AEPAPT,3116.87,True
2026-04-29 08:00:00,2026-04-29 04:00:00,RFC,WEST,AEP,AEPIMP,2843.612,True
2026-04-29 08:00:00,2026-04-29 04:00:00,RFC,WEST,AEP,AEPKPT,465.163,True
2026-04-29 08:00:00,2026-04-29 04:00:00,RFC,WEST,AEP,AEPOPT,6870.869,True
2026-04-29 09:00:00,2026-04-29 05:00:00,RFC,WEST,AEP,AEPAPT,3266.334,True
2026-04-29 09:00:00,2026-04-29 05:00:00,RFC,WEST,AEP,AEPIMP,2888.441,True
2026-04-29 09:00:00,2026-04-29 05:00:00,RFC,WEST,AEP,AEPKPT,474.039,True
2026-04-29 09:00:00,2026-04-29 05:00:00,RFC,WEST,AEP,AEPOPT,7117.813,True
2026-04-29 10:00:00,2026-04-29 06:00:00,RFC,WEST,AEP,AEPAPT,3502.298,True
2026-04-29 10:00:00,2026-04-29 06:00:00,RFC,WEST,AEP,AEPIMP,3079.847,True
2026-04-29 10:00:00,2026-04-29 06:00:00,RFC,WEST,AEP,AEPKPT,514.05,True
2026-04-29 10:00:00,2026-04-29 06:00:00,RFC,WEST,AEP,AEPOPT,7498.106,True
2026-04-29 11:00:00,2026-04-29 07:00:00,RFC,WEST,AEP,AEPAPT,3623.49,True
2026-04-29 11:00:00,2026-04-29 07:00:00,RFC,WEST,AEP,AEPIMP,3224.461,True
2026-04-29 11:00:00,2026-04-29 07:00:00,RFC,WEST,AEP,AEPKPT,536.4,True
2026-04-29 11:00:00,2026-04-29 07:00:00,RFC,WEST,AEP,AEPOPT,7713.286,True
2026-04-29 12:00:00,2026-04-29 08:00:00,RFC,WEST,AEP,AEPAPT,3653.427,True
2026-04-29 12:00:00,2026-04-29 08:00:00,RFC,WEST,AEP,AEPIMP,3355.36,True
2026-04-29 12:00:00,2026-04-29 08:00:00,RFC,WEST,AEP,AEPKPT,542.42,True
2026-04-29 12:00:00,2026-04-29 08:00:00,RFC,WEST,AEP,AEPOPT,7807.142,True
2026-04-29 13:00:00,2026-04-29 09:00:00,RFC,WEST,AEP,AEPAPT,3708.565,True
2026-04-29 13:00:00,2026-04-29 09:00:00,RFC,WEST,AEP,AEPIMP,3294.294,True
2026-04-29 13:00:00,2026-04-29 09:00:00,RFC,WEST,AEP,AEPKPT,553.524,True
2026-04-29 13:00:00,2026-04-29 09:00:00,RFC,WEST,AEP,AEPOPT,7951.617,True
2026-04-29 14:00:00,2026-04-29 10:00:00,RFC,WEST,AEP,AEPAPT,3753.109,True
2026-04-29 14:00:00,2026-04-29 10:00:00,RFC,WEST,AEP,AEPIMP,3399.046,True
2026-04-29 14:00:00,2026-04-29 10:00:00,RFC,WEST,AEP,AEPKPT,557.638,True
2026-04-29 14:00:00,2026-04-29 10:00:00,RFC,WEST,AEP,AEPOPT,8071.047,True
2026-04-29 15:00:00,2026-04-29 11:00:00,RFC,WEST,AEP,AEPAPT,3797.379,True
2026-04-29 15:00:00,2026-04-29 11:00:00,RFC,WEST,AEP,AEPIMP,3363.244,True
2026-04-29 15:00:00,2026-04-29 11:00:00,RFC,WEST,AEP,AEPKPT,571.969,True
2026-04-29 15:00:00,2026-04-29 11:00:00,RFC,WEST,AEP,AEPOPT,8133.621,True
2026-04-29 16:00:00,2026-04-29 12:00:00,RFC,WEST,AEP,AEPAPT,3796.402,True
2026-04-29 16:00:00,2026-04-29 12:00:00,RFC,WEST,AEP,AEPIMP,3331.987,True
2026-04-29 16:00:00,2026-04-29 12:00:00,RFC,WEST,AEP,AEPKPT,576.419,True
2026-04-29 16:00:00,2026-04-29 12:00:00,RFC,WEST,AEP,AEPOPT,8174.132,True
2026-04-29 17:00:00,2026-04-29 13:00:00,RFC,WEST,AEP,AEPAPT,3808.42,True
2026-04-29 17:00:00,2026-04-29 13:00:00,RFC,WEST,AEP,AEPIMP,3285.227,True
2026-04-29 17:00:00,2026-04-29 13:00:00,RFC,WEST,AEP,AEPKPT,579.253,True
2026-04-29 17:00:00,2026-04-29 13:00:00,RFC,WEST,AEP,AEPOPT,8194.952,True
2026-04-29 18:00:00,2026-04-29 14:00:00,RFC,WEST,AEP,AEPAPT,3828.553,True
2026-04-29 18:00:00,2026-04-29 14:00:00,RFC,WEST,AEP,AEPIMP,3264.571,True
2026-04-29 18:00:00,2026-04-29 14:00:00,RFC,WEST,AEP,AEPKPT,584.234,True
2026-04-29 18:00:00,2026-04-29 14:00:00,RFC,WEST,AEP,AEPOPT,8196.534,True
2026-04-29 19:00:00,2026-04-29 15:00:00,RFC,WEST,AEP,AEPAPT,3828.628,True
2026-04-29 19:00:00,2026-04-29 15:00:00,RFC,WEST,AEP,AEPIMP,3223.134,True
2026-04-29 19:00:00,2026-04-29 15:00:00,RFC,WEST,AEP,AEPKPT,586.158,True
2026-04-29 19:00:00,2026-04-29 15:00:00,RFC,WEST,AEP,AEPOPT,8111.423,True
2026-04-29 20:00:00,2026-04-29 16:00:00,RFC,WEST,AEP,AEPAPT,3884.761,True
2026-04-29 20:00:00,2026-04-29 16:00:00,RFC,WEST,AEP,AEPIMP,3246.187,True
2026-04-29 20:00:00,2026-04-29 16:00:00,RFC,WEST,AEP,AEPKPT,584.894,True
2026-04-29 20:00:00,2026-04-29 16:00:00,RFC,WEST,AEP,AEPOPT,7983.527,True
2026-04-29 21:00:00,2026-04-29 17:00:00,RFC,WEST,AEP,AEPAPT,3927.535,True
2026-04-29 21:00:00,2026-04-29 17:00:00,RFC,WEST,AEP,AEPIMP,3218.853,True
2026-04-29 21:00:00,2026-04-29 17:00:00,RFC,WEST,AEP,AEPKPT,578.756,True
2026-04-29 21:00:00,2026-04-29 17:00:00,RFC,WEST,AEP,AEPOPT,7970.057,True
2026-04-29 22:00:00,2026-04-29 18:00:00,RFC,WEST,AEP,AEPAPT,3911.371,True
2026-04-29 22:00:00,2026-04-29 18:00:00,RFC,WEST,AEP,AEPIMP,3171.18,True
2026-04-29 22:00:00,2026-04-29 18:00:00,RFC,WEST,AEP,AEPKPT,573.288,True
2026-04-29 22:00:00,2026-04-29 18:00:00,RFC,WEST,AEP,AEPOPT,8012.22,True
2026-04-29 23:00:00,2026-04-29 19:00:00,RFC,WEST,AEP,AEPAPT,3904.836,True
2026-04-29 23:00:00,2026-04-29 19:00:00,RFC,WEST,AEP,AEPIMP,3205.327,True
2026-04-29 23:00:00,2026-04-29 19:00:00,RFC,WEST,AEP,AEPKPT,561.453,True
2026-04-29 23:00:00,2026-04-29 19:00:00,RFC,WEST,AEP,AEPOPT,7910.896,True
2026-04-30 00:00:00,2026-04-29 20:00:00,RFC,WEST,AEP,AEPAPT,3908.419,True
2026-04-30 00:00:00,2026-04-29 20:00:00,RFC,WEST,AEP,AEPIMP,3226.33,True
2026-04-30 00:00:00,2026-04-29 20:00:00,RFC,WEST,AEP,AEPKPT,565.546,True
2026-04-30 00:00:00,2026-04-29 20:00:00,RFC,WEST,AEP,AEPOPT,7965.172,True
2026-04-30 01:00:00,2026-04-29 21:00:00,RFC,WEST,AEP,AEPAPT,3815.392,True
2026-04-30 01:00:00,2026-04-29 21:00:00,RFC,WEST,AEP,AEPIMP,3185.781,True
2026-04-30 01:00:00,2026-04-29 21:00:00,RFC,WEST,AEP,AEPKPT,558.393,True
2026-04-30 01:00:00,2026-04-29 21:00:00,RFC,WEST,AEP,AEPOPT,7891.139,True
2026-04-30 02:00:00,2026-04-29 22:00:00,RFC,WEST,AEP,AEPAPT,3603.831,True
2026-04-30 02:00:00,2026-04-29 22:00:00,RFC,WEST,AEP,AEPIMP,3055.12,True
2026-04-30 02:00:00,2026-04-29 22:00:00,RFC,WEST,AEP,AEPKPT,532.414,True
2026-04-30 02:00:00,2026-04-29 22:00:00,RFC,WEST,AEP,AEPOPT,7570.301,True
2026-04-30 03:00:00,2026-04-29 23:00:00,RFC,WEST,AEP,AEPAPT,3386.369,True
2026-04-30 03:00:00,2026-04-29 23:00:00,RFC,WEST,AEP,AEPIMP,2926.106,True
2026-04-30 03:00:00,2026-04-29 23:00:00,RFC,WEST,AEP,AEPKPT,501.431,True
2026-04-30 03:00:00,2026-04-29 23:00:00,RFC,WEST,AEP,AEPOPT,7266.165,True
2026-04-30 04:00:00,2026-04-30 00:00:00,RFC,WEST,AEP,AEPAPT,3215.536,True
2026-04-30 04:00:00,2026-04-30 00:00:00,RFC,WEST,AEP,AEPIMP,2845.788,True
2026-04-30 04:00:00,2026-04-30 00:00:00,RFC,WEST,AEP,AEPKPT,479.171,True
2026-04-30 04:00:00,2026-04-30 00:00:00,RFC,WEST,AEP,AEPOPT,7126.028,True
2026-04-30 05:00:00,2026-04-30 01:00:00,RFC,WEST,AEP,AEPAPT,3119.958,True
2026-04-30 05:00:00,2026-04-30 01:00:00,RFC,WEST,AEP,AEPIMP,2745.73,True
2026-04-30 05:00:00,2026-04-30 01:00:00,RFC,WEST,AEP,AEPKPT,463.757,True
2026-04-30 05:00:00,2026-04-30 01:00:00,RFC,WEST,AEP,AEPOPT,7015.924,True
2026-04-30 06:00:00,2026-04-30 02:00:00,RFC,WEST,AEP,AEPAPT,3082.474,True
2026-04-30 06:00:00,2026-04-30 02:00:00,RFC,WEST,AEP,AEPIMP,2752.436,True
2026-04-30 06:00:00,2026-04-30 02:00:00,RFC,WEST,AEP,AEPKPT,460.165,True
2026-04-30 06:00:00,2026-04-30 02:00:00,RFC,WEST,AEP,AEPOPT,6986.623,True
2026-04-30 07:00:00,2026-04-30 03:00:00,RFC,WEST,AEP,AEPAPT,3071.566,True
2026-04-30 07:00:00,2026-04-30 03:00:00,RFC,WEST,AEP,AEPIMP,2794.444,True
2026-04-30 07:00:00,2026-04-30 03:00:00,RFC,WEST,AEP,AEPKPT,456.937,True
2026-04-30 07:00:00,2026-04-30 03:00:00,RFC,WEST,AEP,AEPOPT,6905.909,True
2026-04-30 08:00:00,2026-04-30 04:00:00,RFC,WEST,AEP,AEPAPT,3097.47,True
2026-04-30 08:00:00,2026-04-30 04:00:00,RFC,WEST,AEP,AEPIMP,2842.446,True
2026-04-30 08:00:00,2026-04-30 04:00:00,RFC,WEST,AEP,AEPKPT,463.336,True
2026-04-30 08:00:00,2026-04-30 04:00:00,RFC,WEST,AEP,AEPOPT,7112.354,True
2026-04-30 09:00:00,2026-04-30 05:00:00,RFC,WEST,AEP,AEPAPT,3234.95,True
2026-04-30 09:00:00,2026-04-30 05:00:00,RFC,WEST,AEP,AEPIMP,2967.443,True
2026-04-30 09:00:00,2026-04-30 05:00:00,RFC,WEST,AEP,AEPKPT,474.918,True
2026-04-30 09:00:00,2026-04-30 05:00:00,RFC,WEST,AEP,AEPOPT,7368.158,True
2026-04-30 10:00:00,2026-04-30 06:00:00,RFC,WEST,AEP,AEPAPT,3532.991,True
2026-04-30 10:00:00,2026-04-30 06:00:00,RFC,WEST,AEP,AEPIMP,3192.464,True
2026-04-30 10:00:00,2026-04-30 06:00:00,RFC,WEST,AEP,AEPKPT,521.93,True
2026-04-30 10:00:00,2026-04-30 06:00:00,RFC,WEST,AEP,AEPOPT,7778.01,True
2026-04-30 11:00:00,2026-04-30 07:00:00,RFC,WEST,AEP,AEPAPT,3694.184,True
2026-04-30 11:00:00,2026-04-30 07:00:00,RFC,WEST,AEP,AEPIMP,3272.346,True
2026-04-30 11:00:00,2026-04-30 07:00:00,RFC,WEST,AEP,AEPKPT,537.819,True
2026-04-30 11:00:00,2026-04-30 07:00:00,RFC,WEST,AEP,AEPOPT,8014.957,True
2026-04-30 12:00:00,2026-04-30 08:00:00,RFC,WEST,AEP,AEPAPT,3739.111,True
2026-04-30 12:00:00,2026-04-30 08:00:00,RFC,WEST,AEP,AEPIMP,3271.929,True
2026-04-30 12:00:00,2026-04-30 08:00:00,RFC,WEST,AEP,AEPKPT,549.546,True
2026-04-30 12:00:00,2026-04-30 08:00:00,RFC,WEST,AEP,AEPOPT,8215.659,True
2026-04-30 13:00:00,2026-04-30 09:00:00,RFC,WEST,AEP,AEPAPT,3711.267,True
2026-04-30 13:00:00,2026-04-30 09:00:00,RFC,WEST,AEP,AEPIMP,3234.071,True
2026-04-30 13:00:00,2026-04-30 09:00:00,RFC,WEST,AEP,AEPKPT,552.987,True
2026-04-30 13:00:00,2026-04-30 09:00:00,RFC,WEST,AEP,AEPOPT,8205.15,True
2026-04-30 14:00:00,2026-04-30 10:00:00,RFC,WEST,AEP,AEPAPT,3627.858,True
2026-04-30 14:00:00,2026-04-30 10:00:00,RFC,WEST,AEP,AEPIMP,3261.671,True
2026-04-30 14:00:00,2026-04-30 10:00:00,RFC,WEST,AEP,AEPKPT,557.041,True
2026-04-30 14:00:00,2026-04-30 10:00:00,RFC,WEST,AEP,AEPOPT,8276.144,True
2026-04-30 15:00:00,2026-04-30 11:00:00,RFC,WEST,AEP,AEPAPT,3567.955,True
2026-04-30 15:00:00,2026-04-30 11:00:00,RFC,WEST,AEP,AEPIMP,3244.503,True
2026-04-30 15:00:00,2026-04-30 11:00:00,RFC,WEST,AEP,AEPKPT,553.373,True
2026-04-30 15:00:00,2026-04-30 11:00:00,RFC,WEST,AEP,AEPOPT,8234.462,True
2026-04-30 16:00:00,2026-04-30 12:00:00,RFC,WEST,AEP,AEPAPT,3565.498,True
2026-04-30 16:00:00,2026-04-30 12:00:00,RFC,WEST,AEP,AEPIMP,3275.862,True
2026-04-30 16:00:00,2026-04-30 12:00:00,RFC,WEST,AEP,AEPKPT,553.404,True
2026-04-30 16:00:00,2026-04-30 12:00:00,RFC,WEST,AEP,AEPOPT,8136.727,True
2026-04-30 17:00:00,2026-04-30 13:00:00,RFC,WEST,AEP,AEPAPT,3538.59,True
2026-04-30 17:00:00,2026-04-30 13:00:00,RFC,WEST,AEP,AEPIMP,3226.087,True
2026-04-30 17:00:00,2026-04-30 13:00:00,RFC,WEST,AEP,AEPKPT,551.751,True
2026-04-30 17:00:00,2026-04-30 13:00:00,RFC,WEST,AEP,AEPOPT,8078.391,True
2026-04-30 18:00:00,2026-04-30 14:00:00,RFC,WEST,AEP,AEPAPT,3499.666,True
2026-04-30 18:00:00,2026-04-30 14:00:00,RFC,WEST,AEP,AEPIMP,3159.486,True
2026-04-30 18:00:00,2026-04-30 14:00:00,RFC,WEST,AEP,AEPKPT,550.433,True
2026-04-30 18:00:00,2026-04-30 14:00:00,RFC,WEST,AEP,AEPOPT,7959.501,True
2026-04-30 19:00:00,2026-04-30 15:00:00,RFC,WEST,AEP,AEPAPT,3488.406,True
2026-04-30 19:00:00,2026-04-30 15:00:00,RFC,WEST,AEP,AEPIMP,3136.358,True
2026-04-30 19:00:00,2026-04-30 15:00:00,RFC,WEST,AEP,AEPKPT,550.261,True
2026-04-30 19:00:00,2026-04-30 15:00:00,RFC,WEST,AEP,AEPOPT,7852.382,True
2026-04-30 20:00:00,2026-04-30 16:00:00,RFC,WEST,AEP,AEPAPT,3542.081,True
2026-04-30 20:00:00,2026-04-30 16:00:00,RFC,WEST,AEP,AEPIMP,3058.414,True
2026-04-30 20:00:00,2026-04-30 16:00:00,RFC,WEST,AEP,AEPKPT,548.561,True
2026-04-30 20:00:00,2026-04-30 16:00:00,RFC,WEST,AEP,AEPOPT,7840.039,True
2026-04-30 21:00:00,2026-04-30 17:00:00,RFC,WEST,AEP,AEPAPT,3599.098,True
2026-04-30 21:00:00,2026-04-30 17:00:00,RFC,WEST,AEP,AEPIMP,3057.958,True
2026-04-30 21:00:00,2026-04-30 17:00:00,RFC,WEST,AEP,AEPKPT,545.753,True
2026-04-30 21:00:00,2026-04-30 17:00:00,RFC,WEST,AEP,AEPOPT,7801.287,True
2026-04-30 22:00:00,2026-04-30 18:00:00,RFC,WEST,AEP,AEPAPT,3640.067,True
2026-04-30 22:00:00,2026-04-30 18:00:00,RFC,WEST,AEP,AEPIMP,3046.812,True
2026-04-30 22:00:00,2026-04-30 18:00:00,RFC,WEST,AEP,AEPKPT,544.416,True
2026-04-30 22:00:00,2026-04-30 18:00:00,RFC,WEST,AEP,AEPOPT,7797.104,True
2026-04-30 23:00:00,2026-04-30 19:00:00,RFC,WEST,AEP,AEPAPT,3707.27,True
2026-04-30 23:00:00,2026-04-30 19:00:00,RFC,WEST,AEP,AEPIMP,3105.536,True
2026-04-30 23:00:00,2026-04-30 19:00:00,RFC,WEST,AEP,AEPKPT,542.424,True
2026-04-30 23:00:00,2026-04-30 19:00:00,RFC,WEST,AEP,AEPOPT,7848.882,True
2026-05-01 00:00:00,2026-04-30 20:00:00,RFC,WEST,AEP,AEPAPT,3787.395,True
2026-05-01 00:00:00,2026-04-30 20:00:00,RFC,WEST,AEP,AEPIMP,3118.51,True
2026-05-01 00:00:00,2026-04-30 20:00:00,RFC,WEST,AEP,AEPKPT,559.659,True
2026-05-01 00:00:00,2026-04-30 20:00:00,RFC,WEST,AEP,AEPOPT,7931.007,True
2026-05-01 01:00:00,2026-04-30 21:00:00,RFC,WEST,AEP,AEPAPT,3773.567,True
2026-05-01 01:00:00,2026-04-30 21:00:00,RFC,WEST,AEP,AEPIMP,3151.209,True
2026-05-01 01:00:00,2026-04-30 21:00:00,RFC,WEST,AEP,AEPKPT,565.93,True
2026-05-01 01:00:00,2026-04-30 21:00:00,RFC,WEST,AEP,AEPOPT,7970.205,True
2026-05-01 02:00:00,2026-04-30 22:00:00,RFC,WEST,AEP,AEPAPT,3616.022,True
2026-05-01 02:00:00,2026-04-30 22:00:00,RFC,WEST,AEP,AEPIMP,3020.912,True
2026-05-01 02:00:00,2026-04-30 22:00:00,RFC,WEST,AEP,AEPKPT,545.234,True
2026-05-01 02:00:00,2026-04-30 22:00:00,RFC,WEST,AEP,AEPOPT,7719.362,True
2026-05-01 03:00:00,2026-04-30 23:00:00,RFC,WEST,AEP,AEPAPT,3434.85,True
2026-05-01 03:00:00,2026-04-30 23:00:00,RFC,WEST,AEP,AEPIMP,2946.093,True
2026-05-01 03:00:00,2026-04-30 23:00:00,RFC,WEST,AEP,AEPKPT,524.881,True
2026-05-01 03:00:00,2026-04-30 23:00:00,RFC,WEST,AEP,AEPOPT,7517.047,True
