datetime_beginning_utc,datetime_beginning_ept,nerc_region,mkt_region,zone,load_area,mw,is_verified
6/1/2022 4:00:00 AM,6/1/2022 12:00:00 AM,SERC,WEST,EKPC,EKPC,1267.255,True
6/1/2022 5:00:00 AM,6/1/2022 1:00:00 AM,SERC,WEST,EKPC,EKPC,1156.178,True
6/1/2022 6:00:00 AM,6/1/2022 2:00:00 AM,SERC,WEST,EKPC,EKPC,1080.879,True
6/1/2022 7:00:00 AM,6/1/2022 3:00:00 AM,SERC,WEST,EKPC,EKPC,1029.698,True
6/1/2022 8:00:00 AM,6/1/2022 4:00:00 AM,SERC,WEST,EKPC,EKPC,1006.406,True
6/1/2022 9:00:00 AM,6/1/2022 5:00:00 AM,SERC,WEST,EKPC,EKPC,1043.037,True
6/1/2022 10:00:00 AM,6/1/2022 6:00:00 AM,SERC,WEST,EKPC,EKPC,1107.551,True
6/1/2022 11:00:00 AM,6/1/2022 7:00:00 AM,SERC,WEST,EKPC,EKPC,1196.487,True
6/1/2022 12:00:00 PM,6/1/2022 8:00:00 AM,SERC,WEST,EKPC,EKPC,1302.114,True
6/1/2022 1:00:00 PM,6/1/2022 9:00:00 AM,SERC,WEST,EKPC,EKPC,1417.312,True
6/1/2022 2:00:00 PM,6/1/2022 10:00:00 AM,SERC,WEST,EKPC,EKPC,1586.326,True
6/1/2022 3:00:00 PM,6/1/2022 11:00:00 AM,SERC,WEST,EKPC,EKPC,1719.298,True
6/1/2022 4:00:00 PM,6/1/2022 12:00:00 PM,SERC,WEST,EKPC,EKPC,1822.288,True
6/1/2022 5:00:00 PM,6/1/2022 1:00:00 PM,SERC,WEST,EKPC,EKPC,1903.167,True
6/1/2022 6:00:00 PM,6/1/2022 2:00:00 PM,SERC,WEST,EKPC,EKPC,1951.776,True
6/1/2022 7:00:00 PM,6/1/2022 3:00:00 PM,SERC,WEST,EKPC,EKPC,2001.837,True
6/1/2022 8:00:00 PM,6/1/2022 4:00:00 PM,SERC,WEST,EKPC,EKPC,2064.740,True
6/1/2022 9:00:00 PM,6/1/2022 5:00:00 PM,SERC,WEST,EKPC,EKPC,2067.803,True
6/1/2022 10:00:00 PM,6/1/2022 6:00:00 PM,SERC,WEST,EKPC,EKPC,2072.111,True
6/1/2022 11:00:00 PM,6/1/2022 7:00:00 PM,SERC,WEST,EKPC,EKPC,2008.094,True
6/2/2022 12:00:00 AM,6/1/2022 8:00:00 PM,SERC,WEST,EKPC,EKPC,1861.122,True
6/2/2022 1:00:00 AM,6/1/2022 9:00:00 PM,SERC,WEST,EKPC,EKPC,1821.977,True
6/2/2022 2:00:00 AM,6/1/2022 10:00:00 PM,SERC,WEST,EKPC,EKPC,1655.817,True
6/2/2022 3:00:00 AM,6/1/2022 11:00:00 PM,SERC,WEST,EKPC,EKPC,1460.850,True
6/2/2022 4:00:00 AM,6/2/2022 12:00:00 AM,SERC,WEST,EKPC,EKPC,1313.067,True
6/2/2022 5:00:00 AM,6/2/2022 1:00:00 AM,SERC,WEST,EKPC,EKPC,1187.928,True
6/2/2022 6:00:00 AM,6/2/2022 2:00:00 AM,SERC,WEST,EKPC,EKPC,1117.840,True
6/2/2022 7:00:00 AM,6/2/2022 3:00:00 AM,SERC,WEST,EKPC,EKPC,1061.087,True
6/2/2022 8:00:00 AM,6/2/2022 4:00:00 AM,SERC,WEST,EKPC,EKPC,1061.446,True
6/2/2022 9:00:00 AM,6/2/2022 5:00:00 AM,SERC,WEST,EKPC,EKPC,1068.138,True
6/2/2022 10:00:00 AM,6/2/2022 6:00:00 AM,SERC,WEST,EKPC,EKPC,1151.872,True
6/2/2022 11:00:00 AM,6/2/2022 7:00:00 AM,SERC,WEST,EKPC,EKPC,1203.792,True
6/2/2022 12:00:00 PM,6/2/2022 8:00:00 AM,SERC,WEST,EKPC,EKPC,1250.727,True
6/2/2022 1:00:00 PM,6/2/2022 9:00:00 AM,SERC,WEST,EKPC,EKPC,1317.514,True
6/2/2022 2:00:00 PM,6/2/2022 10:00:00 AM,SERC,WEST,EKPC,EKPC,1399.523,True
6/2/2022 3:00:00 PM,6/2/2022 11:00:00 AM,SERC,WEST,EKPC,EKPC,1457.056,True
6/2/2022 4:00:00 PM,6/2/2022 12:00:00 PM,SERC,WEST,EKPC,EKPC,1550.412,True
6/2/2022 5:00:00 PM,6/2/2022 1:00:00 PM,SERC,WEST,EKPC,EKPC,1621.724,True
6/2/2022 6:00:00 PM,6/2/2022 2:00:00 PM,SERC,WEST,EKPC,EKPC,1634.502,True
6/2/2022 7:00:00 PM,6/2/2022 3:00:00 PM,SERC,WEST,EKPC,EKPC,1660.721,True
6/2/2022 8:00:00 PM,6/2/2022 4:00:00 PM,SERC,WEST,EKPC,EKPC,1660.125,True
6/2/2022 9:00:00 PM,6/2/2022 5:00:00 PM,SERC,WEST,EKPC,EKPC,1661.796,True
6/2/2022 10:00:00 PM,6/2/2022 6:00:00 PM,SERC,WEST,EKPC,EKPC,1627.438,True
6/2/2022 11:00:00 PM,6/2/2022 7:00:00 PM,SERC,WEST,EKPC,EKPC,1552.434,True
6/3/2022 12:00:00 AM,6/2/2022 8:00:00 PM,SERC,WEST,EKPC,EKPC,1497.051,True
6/3/2022 1:00:00 AM,6/2/2022 9:00:00 PM,SERC,WEST,EKPC,EKPC,1443.158,True
6/3/2022 2:00:00 AM,6/2/2022 10:00:00 PM,SERC,WEST,EKPC,EKPC,1362.673,True
6/3/2022 3:00:00 AM,6/2/2022 11:00:00 PM,SERC,WEST,EKPC,EKPC,1192.124,True
6/3/2022 4:00:00 AM,6/3/2022 12:00:00 AM,SERC,WEST,EKPC,EKPC,1083.589,True
6/3/2022 5:00:00 AM,6/3/2022 1:00:00 AM,SERC,WEST,EKPC,EKPC,998.673,True
6/3/2022 6:00:00 AM,6/3/2022 2:00:00 AM,SERC,WEST,EKPC,EKPC,954.009,True
6/3/2022 7:00:00 AM,6/3/2022 3:00:00 AM,SERC,WEST,EKPC,EKPC,918.632,True
6/3/2022 8:00:00 AM,6/3/2022 4:00:00 AM,SERC,WEST,EKPC,EKPC,908.299,True
6/3/2022 9:00:00 AM,6/3/2022 5:00:00 AM,SERC,WEST,EKPC,EKPC,932.087,True
6/3/2022 10:00:00 AM,6/3/2022 6:00:00 AM,SERC,WEST,EKPC,EKPC,997.778,True
6/3/2022 11:00:00 AM,6/3/2022 7:00:00 AM,SERC,WEST,EKPC,EKPC,1051.754,True
6/3/2022 12:00:00 PM,6/3/2022 8:00:00 AM,SERC,WEST,EKPC,EKPC,1083.788,True
6/3/2022 1:00:00 PM,6/3/2022 9:00:00 AM,SERC,WEST,EKPC,EKPC,1159.645,True
6/3/2022 2:00:00 PM,6/3/2022 10:00:00 AM,SERC,WEST,EKPC,EKPC,1228.620,True
6/3/2022 3:00:00 PM,6/3/2022 11:00:00 AM,SERC,WEST,EKPC,EKPC,1308.131,True
6/3/2022 4:00:00 PM,6/3/2022 12:00:00 PM,SERC,WEST,EKPC,EKPC,1369.142,True
6/3/2022 5:00:00 PM,6/3/2022 1:00:00 PM,SERC,WEST,EKPC,EKPC,1431.255,True
6/3/2022 6:00:00 PM,6/3/2022 2:00:00 PM,SERC,WEST,EKPC,EKPC,1482.944,True
6/3/2022 7:00:00 PM,6/3/2022 3:00:00 PM,SERC,WEST,EKPC,EKPC,1524.451,True
6/3/2022 8:00:00 PM,6/3/2022 4:00:00 PM,SERC,WEST,EKPC,EKPC,1577.021,True
6/3/2022 9:00:00 PM,6/3/2022 5:00:00 PM,SERC,WEST,EKPC,EKPC,1616.044,True
6/3/2022 10:00:00 PM,6/3/2022 6:00:00 PM,SERC,WEST,EKPC,EKPC,1590.569,True
6/3/2022 11:00:00 PM,6/3/2022 7:00:00 PM,SERC,WEST,EKPC,EKPC,1533.097,True
6/4/2022 12:00:00 AM,6/3/2022 8:00:00 PM,SERC,WEST,EKPC,EKPC,1433.122,True
6/4/2022 1:00:00 AM,6/3/2022 9:00:00 PM,SERC,WEST,EKPC,EKPC,1371.680,True
6/4/2022 2:00:00 AM,6/3/2022 10:00:00 PM,SERC,WEST,EKPC,EKPC,1237.553,True
6/4/2022 3:00:00 AM,6/3/2022 11:00:00 PM,SERC,WEST,EKPC,EKPC,1126.016,True
6/4/2022 4:00:00 AM,6/4/2022 12:00:00 AM,SERC,WEST,EKPC,EKPC,997.996,True
6/4/2022 5:00:00 AM,6/4/2022 1:00:00 AM,SERC,WEST,EKPC,EKPC,925.598,True
6/4/2022 6:00:00 AM,6/4/2022 2:00:00 AM,SERC,WEST,EKPC,EKPC,868.811,True
6/4/2022 7:00:00 AM,6/4/2022 3:00:00 AM,SERC,WEST,EKPC,EKPC,843.356,True
6/4/2022 8:00:00 AM,6/4/2022 4:00:00 AM,SERC,WEST,EKPC,EKPC,823.696,True
6/4/2022 9:00:00 AM,6/4/2022 5:00:00 AM,SERC,WEST,EKPC,EKPC,854.768,True
6/4/2022 10:00:00 AM,6/4/2022 6:00:00 AM,SERC,WEST,EKPC,EKPC,845.508,True
6/4/2022 11:00:00 AM,6/4/2022 7:00:00 AM,SERC,WEST,EKPC,EKPC,907.147,True
6/4/2022 12:00:00 PM,6/4/2022 8:00:00 AM,SERC,WEST,EKPC,EKPC,973.325,True
6/4/2022 1:00:00 PM,6/4/2022 9:00:00 AM,SERC,WEST,EKPC,EKPC,1055.147,True
6/4/2022 2:00:00 PM,6/4/2022 10:00:00 AM,SERC,WEST,EKPC,EKPC,1115.331,True
6/4/2022 3:00:00 PM,6/4/2022 11:00:00 AM,SERC,WEST,EKPC,EKPC,1202.844,True
6/4/2022 4:00:00 PM,6/4/2022 12:00:00 PM,SERC,WEST,EKPC,EKPC,1285.395,True
6/4/2022 5:00:00 PM,6/4/2022 1:00:00 PM,SERC,WEST,EKPC,EKPC,1353.255,True
6/4/2022 6:00:00 PM,6/4/2022 2:00:00 PM,SERC,WEST,EKPC,EKPC,1429.122,True
6/4/2022 7:00:00 PM,6/4/2022 3:00:00 PM,SERC,WEST,EKPC,EKPC,1501.034,True
6/4/2022 8:00:00 PM,6/4/2022 4:00:00 PM,SERC,WEST,EKPC,EKPC,1566.859,True
6/4/2022 9:00:00 PM,6/4/2022 5:00:00 PM,SERC,WEST,EKPC,EKPC,1599.304,True
6/4/2022 10:00:00 PM,6/4/2022 6:00:00 PM,SERC,WEST,EKPC,EKPC,1611.809,True
6/4/2022 11:00:00 PM,6/4/2022 7:00:00 PM,SERC,WEST,EKPC,EKPC,1548.268,True
6/5/2022 12:00:00 AM,6/4/2022 8:00:00 PM,SERC,WEST,EKPC,EKPC,1436.374,True
6/5/2022 1:00:00 AM,6/4/2022 9:00:00 PM,SERC,WEST,EKPC,EKPC,1364.414,True
6/5/2022 2:00:00 AM,6/4/2022 10:00:00 PM,SERC,WEST,EKPC,EKPC,1256.368,True
6/5/2022 3:00:00 AM,6/4/2022 11:00:00 PM,SERC,WEST,EKPC,EKPC,1115.558,True
6/5/2022 4:00:00 AM,6/5/2022 12:00:00 AM,SERC,WEST,EKPC,EKPC,1003.814,True
6/5/2022 5:00:00 AM,6/5/2022 1:00:00 AM,SERC,WEST,EKPC,EKPC,910.498,True
6/5/2022 6:00:00 AM,6/5/2022 2:00:00 AM,SERC,WEST,EKPC,EKPC,870.656,True
6/5/2022 7:00:00 AM,6/5/2022 3:00:00 AM,SERC,WEST,EKPC,EKPC,832.780,True
6/5/2022 8:00:00 AM,6/5/2022 4:00:00 AM,SERC,WEST,EKPC,EKPC,809.169,True
6/5/2022 9:00:00 AM,6/5/2022 5:00:00 AM,SERC,WEST,EKPC,EKPC,813.856,True
6/5/2022 10:00:00 AM,6/5/2022 6:00:00 AM,SERC,WEST,EKPC,EKPC,826.457,True
6/5/2022 11:00:00 AM,6/5/2022 7:00:00 AM,SERC,WEST,EKPC,EKPC,888.260,True
6/5/2022 12:00:00 PM,6/5/2022 8:00:00 AM,SERC,WEST,EKPC,EKPC,971.546,True
6/5/2022 1:00:00 PM,6/5/2022 9:00:00 AM,SERC,WEST,EKPC,EKPC,1075.046,True
6/5/2022 2:00:00 PM,6/5/2022 10:00:00 AM,SERC,WEST,EKPC,EKPC,1147.394,True
6/5/2022 3:00:00 PM,6/5/2022 11:00:00 AM,SERC,WEST,EKPC,EKPC,1242.087,True
6/5/2022 4:00:00 PM,6/5/2022 12:00:00 PM,SERC,WEST,EKPC,EKPC,1364.279,True
6/5/2022 5:00:00 PM,6/5/2022 1:00:00 PM,SERC,WEST,EKPC,EKPC,1456.602,True
6/5/2022 6:00:00 PM,6/5/2022 2:00:00 PM,SERC,WEST,EKPC,EKPC,1519.958,True
6/5/2022 7:00:00 PM,6/5/2022 3:00:00 PM,SERC,WEST,EKPC,EKPC,1610.293,True
6/5/2022 8:00:00 PM,6/5/2022 4:00:00 PM,SERC,WEST,EKPC,EKPC,1659.006,True
6/5/2022 9:00:00 PM,6/5/2022 5:00:00 PM,SERC,WEST,EKPC,EKPC,1731.901,True
6/5/2022 10:00:00 PM,6/5/2022 6:00:00 PM,SERC,WEST,EKPC,EKPC,1705.976,True
6/5/2022 11:00:00 PM,6/5/2022 7:00:00 PM,SERC,WEST,EKPC,EKPC,1679.232,True
6/6/2022 12:00:00 AM,6/5/2022 8:00:00 PM,SERC,WEST,EKPC,EKPC,1583.319,True
6/6/2022 1:00:00 AM,6/5/2022 9:00:00 PM,SERC,WEST,EKPC,EKPC,1520.509,True
6/6/2022 2:00:00 AM,6/5/2022 10:00:00 PM,SERC,WEST,EKPC,EKPC,1391.945,True
6/6/2022 3:00:00 AM,6/5/2022 11:00:00 PM,SERC,WEST,EKPC,EKPC,1218.876,True
6/6/2022 4:00:00 AM,6/6/2022 12:00:00 AM,SERC,WEST,EKPC,EKPC,1094.242,True
6/6/2022 5:00:00 AM,6/6/2022 1:00:00 AM,SERC,WEST,EKPC,EKPC,1005.978,True
6/6/2022 6:00:00 AM,6/6/2022 2:00:00 AM,SERC,WEST,EKPC,EKPC,955.460,True
6/6/2022 7:00:00 AM,6/6/2022 3:00:00 AM,SERC,WEST,EKPC,EKPC,924.277,True
6/6/2022 8:00:00 AM,6/6/2022 4:00:00 AM,SERC,WEST,EKPC,EKPC,931.148,True
6/6/2022 9:00:00 AM,6/6/2022 5:00:00 AM,SERC,WEST,EKPC,EKPC,984.431,True
6/6/2022 10:00:00 AM,6/6/2022 6:00:00 AM,SERC,WEST,EKPC,EKPC,1040.419,True
6/6/2022 11:00:00 AM,6/6/2022 7:00:00 AM,SERC,WEST,EKPC,EKPC,1129.301,True
6/6/2022 12:00:00 PM,6/6/2022 8:00:00 AM,SERC,WEST,EKPC,EKPC,1226.408,True
6/6/2022 1:00:00 PM,6/6/2022 9:00:00 AM,SERC,WEST,EKPC,EKPC,1280.548,True
6/6/2022 2:00:00 PM,6/6/2022 10:00:00 AM,SERC,WEST,EKPC,EKPC,1382.065,True
6/6/2022 3:00:00 PM,6/6/2022 11:00:00 AM,SERC,WEST,EKPC,EKPC,1491.608,True
6/6/2022 4:00:00 PM,6/6/2022 12:00:00 PM,SERC,WEST,EKPC,EKPC,1570.287,True
6/6/2022 5:00:00 PM,6/6/2022 1:00:00 PM,SERC,WEST,EKPC,EKPC,1649.914,True
6/6/2022 6:00:00 PM,6/6/2022 2:00:00 PM,SERC,WEST,EKPC,EKPC,1721.195,True
6/6/2022 7:00:00 PM,6/6/2022 3:00:00 PM,SERC,WEST,EKPC,EKPC,1758.403,True
6/6/2022 8:00:00 PM,6/6/2022 4:00:00 PM,SERC,WEST,EKPC,EKPC,1751.132,True
6/6/2022 9:00:00 PM,6/6/2022 5:00:00 PM,SERC,WEST,EKPC,EKPC,1728.195,True
6/6/2022 10:00:00 PM,6/6/2022 6:00:00 PM,SERC,WEST,EKPC,EKPC,1673.753,True
6/6/2022 11:00:00 PM,6/6/2022 7:00:00 PM,SERC,WEST,EKPC,EKPC,1581.199,True
6/7/2022 12:00:00 AM,6/6/2022 8:00:00 PM,SERC,WEST,EKPC,EKPC,1524.256,True
6/7/2022 1:00:00 AM,6/6/2022 9:00:00 PM,SERC,WEST,EKPC,EKPC,1475.689,True
6/7/2022 2:00:00 AM,6/6/2022 10:00:00 PM,SERC,WEST,EKPC,EKPC,1358.067,True
6/7/2022 3:00:00 AM,6/6/2022 11:00:00 PM,SERC,WEST,EKPC,EKPC,1220.724,True
6/7/2022 4:00:00 AM,6/7/2022 12:00:00 AM,SERC,WEST,EKPC,EKPC,1132.440,True
6/7/2022 5:00:00 AM,6/7/2022 1:00:00 AM,SERC,WEST,EKPC,EKPC,1067.295,True
6/7/2022 6:00:00 AM,6/7/2022 2:00:00 AM,SERC,WEST,EKPC,EKPC,1039.218,True
6/7/2022 7:00:00 AM,6/7/2022 3:00:00 AM,SERC,WEST,EKPC,EKPC,1008.378,True
6/7/2022 8:00:00 AM,6/7/2022 4:00:00 AM,SERC,WEST,EKPC,EKPC,1011.677,True
6/7/2022 9:00:00 AM,6/7/2022 5:00:00 AM,SERC,WEST,EKPC,EKPC,1049.430,True
6/7/2022 10:00:00 AM,6/7/2022 6:00:00 AM,SERC,WEST,EKPC,EKPC,1134.917,True
6/7/2022 11:00:00 AM,6/7/2022 7:00:00 AM,SERC,WEST,EKPC,EKPC,1181.376,True
6/7/2022 12:00:00 PM,6/7/2022 8:00:00 AM,SERC,WEST,EKPC,EKPC,1220.199,True
6/7/2022 1:00:00 PM,6/7/2022 9:00:00 AM,SERC,WEST,EKPC,EKPC,1305.418,True
6/7/2022 2:00:00 PM,6/7/2022 10:00:00 AM,SERC,WEST,EKPC,EKPC,1372.578,True
6/7/2022 3:00:00 PM,6/7/2022 11:00:00 AM,SERC,WEST,EKPC,EKPC,1471.699,True
6/7/2022 4:00:00 PM,6/7/2022 12:00:00 PM,SERC,WEST,EKPC,EKPC,1539.733,True
6/7/2022 5:00:00 PM,6/7/2022 1:00:00 PM,SERC,WEST,EKPC,EKPC,1662.609,True
6/7/2022 6:00:00 PM,6/7/2022 2:00:00 PM,SERC,WEST,EKPC,EKPC,1724.175,True
6/7/2022 7:00:00 PM,6/7/2022 3:00:00 PM,SERC,WEST,EKPC,EKPC,1793.287,True
6/7/2022 8:00:00 PM,6/7/2022 4:00:00 PM,SERC,WEST,EKPC,EKPC,1862.259,True
6/7/2022 9:00:00 PM,6/7/2022 5:00:00 PM,SERC,WEST,EKPC,EKPC,1901.817,True
6/7/2022 10:00:00 PM,6/7/2022 6:00:00 PM,SERC,WEST,EKPC,EKPC,1911.831,True
6/7/2022 11:00:00 PM,6/7/2022 7:00:00 PM,SERC,WEST,EKPC,EKPC,1836.776,True
6/8/2022 12:00:00 AM,6/7/2022 8:00:00 PM,SERC,WEST,EKPC,EKPC,1743.013,True
6/8/2022 1:00:00 AM,6/7/2022 9:00:00 PM,SERC,WEST,EKPC,EKPC,1677.157,True
6/8/2022 2:00:00 AM,6/7/2022 10:00:00 PM,SERC,WEST,EKPC,EKPC,1541.289,True
6/8/2022 3:00:00 AM,6/7/2022 11:00:00 PM,SERC,WEST,EKPC,EKPC,1379.968,True
6/8/2022 4:00:00 AM,6/8/2022 12:00:00 AM,SERC,WEST,EKPC,EKPC,1224.743,True
6/8/2022 5:00:00 AM,6/8/2022 1:00:00 AM,SERC,WEST,EKPC,EKPC,1149.671,True
6/8/2022 6:00:00 AM,6/8/2022 2:00:00 AM,SERC,WEST,EKPC,EKPC,1081.556,True
6/8/2022 7:00:00 AM,6/8/2022 3:00:00 AM,SERC,WEST,EKPC,EKPC,1035.251,True
6/8/2022 8:00:00 AM,6/8/2022 4:00:00 AM,SERC,WEST,EKPC,EKPC,1037.185,True
6/8/2022 9:00:00 AM,6/8/2022 5:00:00 AM,SERC,WEST,EKPC,EKPC,1069.318,True
6/8/2022 10:00:00 AM,6/8/2022 6:00:00 AM,SERC,WEST,EKPC,EKPC,1125.909,True
6/8/2022 11:00:00 AM,6/8/2022 7:00:00 AM,SERC,WEST,EKPC,EKPC,1265.666,True
6/8/2022 12:00:00 PM,6/8/2022 8:00:00 AM,SERC,WEST,EKPC,EKPC,1315.588,True
6/8/2022 1:00:00 PM,6/8/2022 9:00:00 AM,SERC,WEST,EKPC,EKPC,1426.729,True
6/8/2022 2:00:00 PM,6/8/2022 10:00:00 AM,SERC,WEST,EKPC,EKPC,1464.912,True
6/8/2022 3:00:00 PM,6/8/2022 11:00:00 AM,SERC,WEST,EKPC,EKPC,1617.542,True
6/8/2022 4:00:00 PM,6/8/2022 12:00:00 PM,SERC,WEST,EKPC,EKPC,1716.979,True
6/8/2022 5:00:00 PM,6/8/2022 1:00:00 PM,SERC,WEST,EKPC,EKPC,1805.145,True
6/8/2022 6:00:00 PM,6/8/2022 2:00:00 PM,SERC,WEST,EKPC,EKPC,1860.830,True
6/8/2022 7:00:00 PM,6/8/2022 3:00:00 PM,SERC,WEST,EKPC,EKPC,1899.537,True
6/8/2022 8:00:00 PM,6/8/2022 4:00:00 PM,SERC,WEST,EKPC,EKPC,1931.965,True
6/8/2022 9:00:00 PM,6/8/2022 5:00:00 PM,SERC,WEST,EKPC,EKPC,1984.364,True
6/8/2022 10:00:00 PM,6/8/2022 6:00:00 PM,SERC,WEST,EKPC,EKPC,1938.943,True
6/8/2022 11:00:00 PM,6/8/2022 7:00:00 PM,SERC,WEST,EKPC,EKPC,1867.250,True
6/9/2022 12:00:00 AM,6/8/2022 8:00:00 PM,SERC,WEST,EKPC,EKPC,1772.158,True
6/9/2022 1:00:00 AM,6/8/2022 9:00:00 PM,SERC,WEST,EKPC,EKPC,1717.430,True
6/9/2022 2:00:00 AM,6/8/2022 10:00:00 PM,SERC,WEST,EKPC,EKPC,1584.015,True
6/9/2022 3:00:00 AM,6/8/2022 11:00:00 PM,SERC,WEST,EKPC,EKPC,1410.964,True
6/9/2022 4:00:00 AM,6/9/2022 12:00:00 AM,SERC,WEST,EKPC,EKPC,1269.997,True
6/9/2022 5:00:00 AM,6/9/2022 1:00:00 AM,SERC,WEST,EKPC,EKPC,1155.124,True
6/9/2022 6:00:00 AM,6/9/2022 2:00:00 AM,SERC,WEST,EKPC,EKPC,1079.606,True
6/9/2022 7:00:00 AM,6/9/2022 3:00:00 AM,SERC,WEST,EKPC,EKPC,1037.711,True
6/9/2022 8:00:00 AM,6/9/2022 4:00:00 AM,SERC,WEST,EKPC,EKPC,1009.556,True
6/9/2022 9:00:00 AM,6/9/2022 5:00:00 AM,SERC,WEST,EKPC,EKPC,1032.907,True
6/9/2022 10:00:00 AM,6/9/2022 6:00:00 AM,SERC,WEST,EKPC,EKPC,1098.065,True
6/9/2022 11:00:00 AM,6/9/2022 7:00:00 AM,SERC,WEST,EKPC,EKPC,1241.606,True
6/9/2022 12:00:00 PM,6/9/2022 8:00:00 AM,SERC,WEST,EKPC,EKPC,1249.163,True
6/9/2022 1:00:00 PM,6/9/2022 9:00:00 AM,SERC,WEST,EKPC,EKPC,1275.615,True
6/9/2022 2:00:00 PM,6/9/2022 10:00:00 AM,SERC,WEST,EKPC,EKPC,1406.864,True
6/9/2022 3:00:00 PM,6/9/2022 11:00:00 AM,SERC,WEST,EKPC,EKPC,1415.229,True
6/9/2022 4:00:00 PM,6/9/2022 12:00:00 PM,SERC,WEST,EKPC,EKPC,1500.605,True
6/9/2022 5:00:00 PM,6/9/2022 1:00:00 PM,SERC,WEST,EKPC,EKPC,1536.430,True
6/9/2022 6:00:00 PM,6/9/2022 2:00:00 PM,SERC,WEST,EKPC,EKPC,1593.763,True
6/9/2022 7:00:00 PM,6/9/2022 3:00:00 PM,SERC,WEST,EKPC,EKPC,1588.967,True
6/9/2022 8:00:00 PM,6/9/2022 4:00:00 PM,SERC,WEST,EKPC,EKPC,1642.670,True
6/9/2022 9:00:00 PM,6/9/2022 5:00:00 PM,SERC,WEST,EKPC,EKPC,1727.465,True
6/9/2022 10:00:00 PM,6/9/2022 6:00:00 PM,SERC,WEST,EKPC,EKPC,1703.871,True
6/9/2022 11:00:00 PM,6/9/2022 7:00:00 PM,SERC,WEST,EKPC,EKPC,1619.454,True
6/10/2022 12:00:00 AM,6/9/2022 8:00:00 PM,SERC,WEST,EKPC,EKPC,1533.257,True
6/10/2022 1:00:00 AM,6/9/2022 9:00:00 PM,SERC,WEST,EKPC,EKPC,1564.801,True
6/10/2022 2:00:00 AM,6/9/2022 10:00:00 PM,SERC,WEST,EKPC,EKPC,1358.399,True
6/10/2022 3:00:00 AM,6/9/2022 11:00:00 PM,SERC,WEST,EKPC,EKPC,1228.309,True
6/10/2022 4:00:00 AM,6/10/2022 12:00:00 AM,SERC,WEST,EKPC,EKPC,1181.189,True
6/10/2022 5:00:00 AM,6/10/2022 1:00:00 AM,SERC,WEST,EKPC,EKPC,1010.592,True
6/10/2022 6:00:00 AM,6/10/2022 2:00:00 AM,SERC,WEST,EKPC,EKPC,1049.393,True
6/10/2022 7:00:00 AM,6/10/2022 3:00:00 AM,SERC,WEST,EKPC,EKPC,937.590,True
6/10/2022 8:00:00 AM,6/10/2022 4:00:00 AM,SERC,WEST,EKPC,EKPC,984.066,True
6/10/2022 9:00:00 AM,6/10/2022 5:00:00 AM,SERC,WEST,EKPC,EKPC,1033.345,True
6/10/2022 10:00:00 AM,6/10/2022 6:00:00 AM,SERC,WEST,EKPC,EKPC,1044.592,True
6/10/2022 11:00:00 AM,6/10/2022 7:00:00 AM,SERC,WEST,EKPC,EKPC,1099.320,True
6/10/2022 12:00:00 PM,6/10/2022 8:00:00 AM,SERC,WEST,EKPC,EKPC,1202.185,True
6/10/2022 1:00:00 PM,6/10/2022 9:00:00 AM,SERC,WEST,EKPC,EKPC,1215.968,True
6/10/2022 2:00:00 PM,6/10/2022 10:00:00 AM,SERC,WEST,EKPC,EKPC,1250.848,True
6/10/2022 3:00:00 PM,6/10/2022 11:00:00 AM,SERC,WEST,EKPC,EKPC,1346.563,True
6/10/2022 4:00:00 PM,6/10/2022 12:00:00 PM,SERC,WEST,EKPC,EKPC,1428.952,True
6/10/2022 5:00:00 PM,6/10/2022 1:00:00 PM,SERC,WEST,EKPC,EKPC,1487.122,True
6/10/2022 6:00:00 PM,6/10/2022 2:00:00 PM,SERC,WEST,EKPC,EKPC,1459.040,True
6/10/2022 7:00:00 PM,6/10/2022 3:00:00 PM,SERC,WEST,EKPC,EKPC,1358.506,True
6/10/2022 8:00:00 PM,6/10/2022 4:00:00 PM,SERC,WEST,EKPC,EKPC,1405.580,True
6/10/2022 9:00:00 PM,6/10/2022 5:00:00 PM,SERC,WEST,EKPC,EKPC,1327.433,True
6/10/2022 10:00:00 PM,6/10/2022 6:00:00 PM,SERC,WEST,EKPC,EKPC,1295.179,True
6/10/2022 11:00:00 PM,6/10/2022 7:00:00 PM,SERC,WEST,EKPC,EKPC,1280.546,True
6/11/2022 12:00:00 AM,6/10/2022 8:00:00 PM,SERC,WEST,EKPC,EKPC,1259.280,True
6/11/2022 1:00:00 AM,6/10/2022 9:00:00 PM,SERC,WEST,EKPC,EKPC,1292.508,True
6/11/2022 2:00:00 AM,6/10/2022 10:00:00 PM,SERC,WEST,EKPC,EKPC,1288.371,True
6/11/2022 3:00:00 AM,6/10/2022 11:00:00 PM,SERC,WEST,EKPC,EKPC,1195.731,True
6/11/2022 4:00:00 AM,6/11/2022 12:00:00 AM,SERC,WEST,EKPC,EKPC,1112.723,True
6/11/2022 5:00:00 AM,6/11/2022 1:00:00 AM,SERC,WEST,EKPC,EKPC,1052.077,True
6/11/2022 6:00:00 AM,6/11/2022 2:00:00 AM,SERC,WEST,EKPC,EKPC,927.540,True
6/11/2022 7:00:00 AM,6/11/2022 3:00:00 AM,SERC,WEST,EKPC,EKPC,916.437,True
6/11/2022 8:00:00 AM,6/11/2022 4:00:00 AM,SERC,WEST,EKPC,EKPC,961.356,True
6/11/2022 9:00:00 AM,6/11/2022 5:00:00 AM,SERC,WEST,EKPC,EKPC,982.163,True
6/11/2022 10:00:00 AM,6/11/2022 6:00:00 AM,SERC,WEST,EKPC,EKPC,1000.764,True
6/11/2022 11:00:00 AM,6/11/2022 7:00:00 AM,SERC,WEST,EKPC,EKPC,1044.434,True
6/11/2022 12:00:00 PM,6/11/2022 8:00:00 AM,SERC,WEST,EKPC,EKPC,1087.629,True
6/11/2022 1:00:00 PM,6/11/2022 9:00:00 AM,SERC,WEST,EKPC,EKPC,1186.995,True
6/11/2022 2:00:00 PM,6/11/2022 10:00:00 AM,SERC,WEST,EKPC,EKPC,1209.117,True
6/11/2022 3:00:00 PM,6/11/2022 11:00:00 AM,SERC,WEST,EKPC,EKPC,1268.636,True
6/11/2022 4:00:00 PM,6/11/2022 12:00:00 PM,SERC,WEST,EKPC,EKPC,1362.790,True
6/11/2022 5:00:00 PM,6/11/2022 1:00:00 PM,SERC,WEST,EKPC,EKPC,1471.457,True
6/11/2022 6:00:00 PM,6/11/2022 2:00:00 PM,SERC,WEST,EKPC,EKPC,1507.814,True
6/11/2022 7:00:00 PM,6/11/2022 3:00:00 PM,SERC,WEST,EKPC,EKPC,1587.829,True
6/11/2022 8:00:00 PM,6/11/2022 4:00:00 PM,SERC,WEST,EKPC,EKPC,1620.878,True
6/11/2022 9:00:00 PM,6/11/2022 5:00:00 PM,SERC,WEST,EKPC,EKPC,1689.801,True
6/11/2022 10:00:00 PM,6/11/2022 6:00:00 PM,SERC,WEST,EKPC,EKPC,1659.163,True
6/11/2022 11:00:00 PM,6/11/2022 7:00:00 PM,SERC,WEST,EKPC,EKPC,1635.677,True
6/12/2022 12:00:00 AM,6/11/2022 8:00:00 PM,SERC,WEST,EKPC,EKPC,1574.476,True
6/12/2022 1:00:00 AM,6/11/2022 9:00:00 PM,SERC,WEST,EKPC,EKPC,1492.991,True
6/12/2022 2:00:00 AM,6/11/2022 10:00:00 PM,SERC,WEST,EKPC,EKPC,1411.961,True
6/12/2022 3:00:00 AM,6/11/2022 11:00:00 PM,SERC,WEST,EKPC,EKPC,1299.173,True
6/12/2022 4:00:00 AM,6/12/2022 12:00:00 AM,SERC,WEST,EKPC,EKPC,1158.682,True
6/12/2022 5:00:00 AM,6/12/2022 1:00:00 AM,SERC,WEST,EKPC,EKPC,1109.367,True
6/12/2022 6:00:00 AM,6/12/2022 2:00:00 AM,SERC,WEST,EKPC,EKPC,1074.472,True
6/12/2022 7:00:00 AM,6/12/2022 3:00:00 AM,SERC,WEST,EKPC,EKPC,1037.779,True
6/12/2022 8:00:00 AM,6/12/2022 4:00:00 AM,SERC,WEST,EKPC,EKPC,969.958,True
6/12/2022 9:00:00 AM,6/12/2022 5:00:00 AM,SERC,WEST,EKPC,EKPC,970.209,True
6/12/2022 10:00:00 AM,6/12/2022 6:00:00 AM,SERC,WEST,EKPC,EKPC,1016.889,True
6/12/2022 11:00:00 AM,6/12/2022 7:00:00 AM,SERC,WEST,EKPC,EKPC,1066.023,True
6/12/2022 12:00:00 PM,6/12/2022 8:00:00 AM,SERC,WEST,EKPC,EKPC,1083.659,True
6/12/2022 1:00:00 PM,6/12/2022 9:00:00 AM,SERC,WEST,EKPC,EKPC,1280.819,True
6/12/2022 2:00:00 PM,6/12/2022 10:00:00 AM,SERC,WEST,EKPC,EKPC,1414.314,True
6/12/2022 3:00:00 PM,6/12/2022 11:00:00 AM,SERC,WEST,EKPC,EKPC,1447.442,True
6/12/2022 4:00:00 PM,6/12/2022 12:00:00 PM,SERC,WEST,EKPC,EKPC,1571.583,True
6/12/2022 5:00:00 PM,6/12/2022 1:00:00 PM,SERC,WEST,EKPC,EKPC,1643.524,True
6/12/2022 6:00:00 PM,6/12/2022 2:00:00 PM,SERC,WEST,EKPC,EKPC,1689.789,True
6/12/2022 7:00:00 PM,6/12/2022 3:00:00 PM,SERC,WEST,EKPC,EKPC,1738.262,True
6/12/2022 8:00:00 PM,6/12/2022 4:00:00 PM,SERC,WEST,EKPC,EKPC,1848.256,True
6/12/2022 9:00:00 PM,6/12/2022 5:00:00 PM,SERC,WEST,EKPC,EKPC,1967.369,True
6/12/2022 10:00:00 PM,6/12/2022 6:00:00 PM,SERC,WEST,EKPC,EKPC,1910.045,True
6/12/2022 11:00:00 PM,6/12/2022 7:00:00 PM,SERC,WEST,EKPC,EKPC,1921.023,True
6/13/2022 12:00:00 AM,6/12/2022 8:00:00 PM,SERC,WEST,EKPC,EKPC,1836.223,True
6/13/2022 1:00:00 AM,6/12/2022 9:00:00 PM,SERC,WEST,EKPC,EKPC,1802.502,True
6/13/2022 2:00:00 AM,6/12/2022 10:00:00 PM,SERC,WEST,EKPC,EKPC,1626.392,True
6/13/2022 3:00:00 AM,6/12/2022 11:00:00 PM,SERC,WEST,EKPC,EKPC,1470.244,True
6/13/2022 4:00:00 AM,6/13/2022 12:00:00 AM,SERC,WEST,EKPC,EKPC,1354.034,True
6/13/2022 5:00:00 AM,6/13/2022 1:00:00 AM,SERC,WEST,EKPC,EKPC,1245.947,True
6/13/2022 6:00:00 AM,6/13/2022 2:00:00 AM,SERC,WEST,EKPC,EKPC,1257.283,True
6/13/2022 7:00:00 AM,6/13/2022 3:00:00 AM,SERC,WEST,EKPC,EKPC,1153.652,True
6/13/2022 8:00:00 AM,6/13/2022 4:00:00 AM,SERC,WEST,EKPC,EKPC,1183.877,True
6/13/2022 9:00:00 AM,6/13/2022 5:00:00 AM,SERC,WEST,EKPC,EKPC,1190.165,True
6/13/2022 10:00:00 AM,6/13/2022 6:00:00 AM,SERC,WEST,EKPC,EKPC,1320.957,True
6/13/2022 11:00:00 AM,6/13/2022 7:00:00 AM,SERC,WEST,EKPC,EKPC,1408.584,True
6/13/2022 12:00:00 PM,6/13/2022 8:00:00 AM,SERC,WEST,EKPC,EKPC,1463.915,True
6/13/2022 1:00:00 PM,6/13/2022 9:00:00 AM,SERC,WEST,EKPC,EKPC,1655.738,True
6/13/2022 2:00:00 PM,6/13/2022 10:00:00 AM,SERC,WEST,EKPC,EKPC,1863.322,True
6/13/2022 3:00:00 PM,6/13/2022 11:00:00 AM,SERC,WEST,EKPC,EKPC,2006.233,True
6/13/2022 4:00:00 PM,6/13/2022 12:00:00 PM,SERC,WEST,EKPC,EKPC,2155.592,True
6/13/2022 5:00:00 PM,6/13/2022 1:00:00 PM,SERC,WEST,EKPC,EKPC,2219.195,True
6/13/2022 6:00:00 PM,6/13/2022 2:00:00 PM,SERC,WEST,EKPC,EKPC,2305.336,True
6/13/2022 7:00:00 PM,6/13/2022 3:00:00 PM,SERC,WEST,EKPC,EKPC,2305.301,True
6/13/2022 8:00:00 PM,6/13/2022 4:00:00 PM,SERC,WEST,EKPC,EKPC,2297.268,True
6/13/2022 9:00:00 PM,6/13/2022 5:00:00 PM,SERC,WEST,EKPC,EKPC,2293.772,True
6/13/2022 10:00:00 PM,6/13/2022 6:00:00 PM,SERC,WEST,EKPC,EKPC,2290.774,True
6/13/2022 11:00:00 PM,6/13/2022 7:00:00 PM,SERC,WEST,EKPC,EKPC,2306.147,True
6/14/2022 12:00:00 AM,6/13/2022 8:00:00 PM,SERC,WEST,EKPC,EKPC,2138.751,True
6/14/2022 1:00:00 AM,6/13/2022 9:00:00 PM,SERC,WEST,EKPC,EKPC,2133.993,True
6/14/2022 2:00:00 AM,6/13/2022 10:00:00 PM,SERC,WEST,EKPC,EKPC,1961.781,True
6/14/2022 3:00:00 AM,6/13/2022 11:00:00 PM,SERC,WEST,EKPC,EKPC,1795.585,True
6/14/2022 4:00:00 AM,6/14/2022 12:00:00 AM,SERC,WEST,EKPC,EKPC,1674.748,True
6/14/2022 5:00:00 AM,6/14/2022 1:00:00 AM,SERC,WEST,EKPC,EKPC,1519.713,True
6/14/2022 6:00:00 AM,6/14/2022 2:00:00 AM,SERC,WEST,EKPC,EKPC,1467.834,True
6/14/2022 7:00:00 AM,6/14/2022 3:00:00 AM,SERC,WEST,EKPC,EKPC,1449.569,True
6/14/2022 8:00:00 AM,6/14/2022 4:00:00 AM,SERC,WEST,EKPC,EKPC,1420.289,True
6/14/2022 9:00:00 AM,6/14/2022 5:00:00 AM,SERC,WEST,EKPC,EKPC,1430.344,True
6/14/2022 10:00:00 AM,6/14/2022 6:00:00 AM,SERC,WEST,EKPC,EKPC,1404.119,True
6/14/2022 11:00:00 AM,6/14/2022 7:00:00 AM,SERC,WEST,EKPC,EKPC,1470.918,True
6/14/2022 12:00:00 PM,6/14/2022 8:00:00 AM,SERC,WEST,EKPC,EKPC,1583.042,True
6/14/2022 1:00:00 PM,6/14/2022 9:00:00 AM,SERC,WEST,EKPC,EKPC,1689.151,True
6/14/2022 2:00:00 PM,6/14/2022 10:00:00 AM,SERC,WEST,EKPC,EKPC,1852.957,True
6/14/2022 3:00:00 PM,6/14/2022 11:00:00 AM,SERC,WEST,EKPC,EKPC,2074.857,True
6/14/2022 4:00:00 PM,6/14/2022 12:00:00 PM,SERC,WEST,EKPC,EKPC,2163.929,True
6/14/2022 5:00:00 PM,6/14/2022 1:00:00 PM,SERC,WEST,EKPC,EKPC,2169.714,True
6/14/2022 6:00:00 PM,6/14/2022 2:00:00 PM,SERC,WEST,EKPC,EKPC,2249.113,True
6/14/2022 7:00:00 PM,6/14/2022 3:00:00 PM,SERC,WEST,EKPC,EKPC,2333.911,True
6/14/2022 8:00:00 PM,6/14/2022 4:00:00 PM,SERC,WEST,EKPC,EKPC,2329.191,True
6/14/2022 9:00:00 PM,6/14/2022 5:00:00 PM,SERC,WEST,EKPC,EKPC,2384.554,True
6/14/2022 10:00:00 PM,6/14/2022 6:00:00 PM,SERC,WEST,EKPC,EKPC,2394.471,True
6/14/2022 11:00:00 PM,6/14/2022 7:00:00 PM,SERC,WEST,EKPC,EKPC,2307.111,True
6/15/2022 12:00:00 AM,6/14/2022 8:00:00 PM,SERC,WEST,EKPC,EKPC,2258.324,True
6/15/2022 1:00:00 AM,6/14/2022 9:00:00 PM,SERC,WEST,EKPC,EKPC,2144.135,True
6/15/2022 2:00:00 AM,6/14/2022 10:00:00 PM,SERC,WEST,EKPC,EKPC,2052.867,True
6/15/2022 3:00:00 AM,6/14/2022 11:00:00 PM,SERC,WEST,EKPC,EKPC,1887.174,True
6/15/2022 4:00:00 AM,6/15/2022 12:00:00 AM,SERC,WEST,EKPC,EKPC,1661.271,True
6/15/2022 5:00:00 AM,6/15/2022 1:00:00 AM,SERC,WEST,EKPC,EKPC,1578.603,True
6/15/2022 6:00:00 AM,6/15/2022 2:00:00 AM,SERC,WEST,EKPC,EKPC,1404.067,True
6/15/2022 7:00:00 AM,6/15/2022 3:00:00 AM,SERC,WEST,EKPC,EKPC,1417.814,True
6/15/2022 8:00:00 AM,6/15/2022 4:00:00 AM,SERC,WEST,EKPC,EKPC,1342.386,True
6/15/2022 9:00:00 AM,6/15/2022 5:00:00 AM,SERC,WEST,EKPC,EKPC,1369.126,True
6/15/2022 10:00:00 AM,6/15/2022 6:00:00 AM,SERC,WEST,EKPC,EKPC,1434.637,True
6/15/2022 11:00:00 AM,6/15/2022 7:00:00 AM,SERC,WEST,EKPC,EKPC,1523.698,True
6/15/2022 12:00:00 PM,6/15/2022 8:00:00 AM,SERC,WEST,EKPC,EKPC,1632.273,True
6/15/2022 1:00:00 PM,6/15/2022 9:00:00 AM,SERC,WEST,EKPC,EKPC,1737.205,True
6/15/2022 2:00:00 PM,6/15/2022 10:00:00 AM,SERC,WEST,EKPC,EKPC,1955.819,True
6/15/2022 3:00:00 PM,6/15/2022 11:00:00 AM,SERC,WEST,EKPC,EKPC,2120.876,True
6/15/2022 4:00:00 PM,6/15/2022 12:00:00 PM,SERC,WEST,EKPC,EKPC,2213.302,True
6/15/2022 5:00:00 PM,6/15/2022 1:00:00 PM,SERC,WEST,EKPC,EKPC,2306.778,True
6/15/2022 6:00:00 PM,6/15/2022 2:00:00 PM,SERC,WEST,EKPC,EKPC,2346.558,True
6/15/2022 7:00:00 PM,6/15/2022 3:00:00 PM,SERC,WEST,EKPC,EKPC,2411.770,True
6/15/2022 8:00:00 PM,6/15/2022 4:00:00 PM,SERC,WEST,EKPC,EKPC,2397.276,True
6/15/2022 9:00:00 PM,6/15/2022 5:00:00 PM,SERC,WEST,EKPC,EKPC,2406.161,True
6/15/2022 10:00:00 PM,6/15/2022 6:00:00 PM,SERC,WEST,EKPC,EKPC,2468.209,True
6/15/2022 11:00:00 PM,6/15/2022 7:00:00 PM,SERC,WEST,EKPC,EKPC,2375.074,True
6/16/2022 12:00:00 AM,6/15/2022 8:00:00 PM,SERC,WEST,EKPC,EKPC,2322.146,True
6/16/2022 1:00:00 AM,6/15/2022 9:00:00 PM,SERC,WEST,EKPC,EKPC,2172.322,True
6/16/2022 2:00:00 AM,6/15/2022 10:00:00 PM,SERC,WEST,EKPC,EKPC,2014.988,True
6/16/2022 3:00:00 AM,6/15/2022 11:00:00 PM,SERC,WEST,EKPC,EKPC,1863.428,True
6/16/2022 4:00:00 AM,6/16/2022 12:00:00 AM,SERC,WEST,EKPC,EKPC,1731.520,True
6/16/2022 5:00:00 AM,6/16/2022 1:00:00 AM,SERC,WEST,EKPC,EKPC,1615.766,True
6/16/2022 6:00:00 AM,6/16/2022 2:00:00 AM,SERC,WEST,EKPC,EKPC,1512.930,True
6/16/2022 7:00:00 AM,6/16/2022 3:00:00 AM,SERC,WEST,EKPC,EKPC,1458.416,True
6/16/2022 8:00:00 AM,6/16/2022 4:00:00 AM,SERC,WEST,EKPC,EKPC,1437.388,True
6/16/2022 9:00:00 AM,6/16/2022 5:00:00 AM,SERC,WEST,EKPC,EKPC,1463.925,True
6/16/2022 10:00:00 AM,6/16/2022 6:00:00 AM,SERC,WEST,EKPC,EKPC,1507.854,True
6/16/2022 11:00:00 AM,6/16/2022 7:00:00 AM,SERC,WEST,EKPC,EKPC,1590.161,True
6/16/2022 12:00:00 PM,6/16/2022 8:00:00 AM,SERC,WEST,EKPC,EKPC,1725.373,True
6/16/2022 1:00:00 PM,6/16/2022 9:00:00 AM,SERC,WEST,EKPC,EKPC,1886.236,True
6/16/2022 2:00:00 PM,6/16/2022 10:00:00 AM,SERC,WEST,EKPC,EKPC,2013.230,True
6/16/2022 3:00:00 PM,6/16/2022 11:00:00 AM,SERC,WEST,EKPC,EKPC,2106.157,True
6/16/2022 4:00:00 PM,6/16/2022 12:00:00 PM,SERC,WEST,EKPC,EKPC,2244.016,True
6/16/2022 5:00:00 PM,6/16/2022 1:00:00 PM,SERC,WEST,EKPC,EKPC,2293.850,True
6/16/2022 6:00:00 PM,6/16/2022 2:00:00 PM,SERC,WEST,EKPC,EKPC,2385.525,True
6/16/2022 7:00:00 PM,6/16/2022 3:00:00 PM,SERC,WEST,EKPC,EKPC,2388.269,True
6/16/2022 8:00:00 PM,6/16/2022 4:00:00 PM,SERC,WEST,EKPC,EKPC,2378.725,True
6/16/2022 9:00:00 PM,6/16/2022 5:00:00 PM,SERC,WEST,EKPC,EKPC,2417.677,True
6/16/2022 10:00:00 PM,6/16/2022 6:00:00 PM,SERC,WEST,EKPC,EKPC,2442.702,True
6/16/2022 11:00:00 PM,6/16/2022 7:00:00 PM,SERC,WEST,EKPC,EKPC,2392.965,True
6/17/2022 12:00:00 AM,6/16/2022 8:00:00 PM,SERC,WEST,EKPC,EKPC,2318.833,True
6/17/2022 1:00:00 AM,6/16/2022 9:00:00 PM,SERC,WEST,EKPC,EKPC,2232.233,True
6/17/2022 2:00:00 AM,6/16/2022 10:00:00 PM,SERC,WEST,EKPC,EKPC,2074.536,True
6/17/2022 3:00:00 AM,6/16/2022 11:00:00 PM,SERC,WEST,EKPC,EKPC,1899.832,True
6/17/2022 4:00:00 AM,6/17/2022 12:00:00 AM,SERC,WEST,EKPC,EKPC,1723.334,True
6/17/2022 5:00:00 AM,6/17/2022 1:00:00 AM,SERC,WEST,EKPC,EKPC,1608.214,True
6/17/2022 6:00:00 AM,6/17/2022 2:00:00 AM,SERC,WEST,EKPC,EKPC,1531.200,True
6/17/2022 7:00:00 AM,6/17/2022 3:00:00 AM,SERC,WEST,EKPC,EKPC,1452.749,True
6/17/2022 8:00:00 AM,6/17/2022 4:00:00 AM,SERC,WEST,EKPC,EKPC,1329.446,True
6/17/2022 9:00:00 AM,6/17/2022 5:00:00 AM,SERC,WEST,EKPC,EKPC,1435.505,True
6/17/2022 10:00:00 AM,6/17/2022 6:00:00 AM,SERC,WEST,EKPC,EKPC,1459.245,True
6/17/2022 11:00:00 AM,6/17/2022 7:00:00 AM,SERC,WEST,EKPC,EKPC,1539.134,True
6/17/2022 12:00:00 PM,6/17/2022 8:00:00 AM,SERC,WEST,EKPC,EKPC,1687.526,True
6/17/2022 1:00:00 PM,6/17/2022 9:00:00 AM,SERC,WEST,EKPC,EKPC,1812.621,True
6/17/2022 2:00:00 PM,6/17/2022 10:00:00 AM,SERC,WEST,EKPC,EKPC,1923.809,True
6/17/2022 3:00:00 PM,6/17/2022 11:00:00 AM,SERC,WEST,EKPC,EKPC,1947.710,True
6/17/2022 4:00:00 PM,6/17/2022 12:00:00 PM,SERC,WEST,EKPC,EKPC,1837.062,True
6/17/2022 5:00:00 PM,6/17/2022 1:00:00 PM,SERC,WEST,EKPC,EKPC,1723.646,True
6/17/2022 6:00:00 PM,6/17/2022 2:00:00 PM,SERC,WEST,EKPC,EKPC,1694.820,True
6/17/2022 7:00:00 PM,6/17/2022 3:00:00 PM,SERC,WEST,EKPC,EKPC,1753.714,True
6/17/2022 8:00:00 PM,6/17/2022 4:00:00 PM,SERC,WEST,EKPC,EKPC,1873.978,True
6/17/2022 9:00:00 PM,6/17/2022 5:00:00 PM,SERC,WEST,EKPC,EKPC,1908.270,True
6/17/2022 10:00:00 PM,6/17/2022 6:00:00 PM,SERC,WEST,EKPC,EKPC,1975.174,True
6/17/2022 11:00:00 PM,6/17/2022 7:00:00 PM,SERC,WEST,EKPC,EKPC,1942.557,True
6/18/2022 12:00:00 AM,6/17/2022 8:00:00 PM,SERC,WEST,EKPC,EKPC,1832.831,True
6/18/2022 1:00:00 AM,6/17/2022 9:00:00 PM,SERC,WEST,EKPC,EKPC,1799.692,True
6/18/2022 2:00:00 AM,6/17/2022 10:00:00 PM,SERC,WEST,EKPC,EKPC,1627.159,True
6/18/2022 3:00:00 AM,6/17/2022 11:00:00 PM,SERC,WEST,EKPC,EKPC,1549.508,True
6/18/2022 4:00:00 AM,6/18/2022 12:00:00 AM,SERC,WEST,EKPC,EKPC,1403.323,True
6/18/2022 5:00:00 AM,6/18/2022 1:00:00 AM,SERC,WEST,EKPC,EKPC,1276.258,True
6/18/2022 6:00:00 AM,6/18/2022 2:00:00 AM,SERC,WEST,EKPC,EKPC,1211.663,True
6/18/2022 7:00:00 AM,6/18/2022 3:00:00 AM,SERC,WEST,EKPC,EKPC,1172.600,True
6/18/2022 8:00:00 AM,6/18/2022 4:00:00 AM,SERC,WEST,EKPC,EKPC,1127.336,True
6/18/2022 9:00:00 AM,6/18/2022 5:00:00 AM,SERC,WEST,EKPC,EKPC,1141.151,True
6/18/2022 10:00:00 AM,6/18/2022 6:00:00 AM,SERC,WEST,EKPC,EKPC,1121.471,True
6/18/2022 11:00:00 AM,6/18/2022 7:00:00 AM,SERC,WEST,EKPC,EKPC,1158.890,True
6/18/2022 12:00:00 PM,6/18/2022 8:00:00 AM,SERC,WEST,EKPC,EKPC,1275.544,True
6/18/2022 1:00:00 PM,6/18/2022 9:00:00 AM,SERC,WEST,EKPC,EKPC,1391.939,True
6/18/2022 2:00:00 PM,6/18/2022 10:00:00 AM,SERC,WEST,EKPC,EKPC,1467.370,True
6/18/2022 3:00:00 PM,6/18/2022 11:00:00 AM,SERC,WEST,EKPC,EKPC,1513.568,True
6/18/2022 4:00:00 PM,6/18/2022 12:00:00 PM,SERC,WEST,EKPC,EKPC,1518.212,True
6/18/2022 5:00:00 PM,6/18/2022 1:00:00 PM,SERC,WEST,EKPC,EKPC,1513.827,True
6/18/2022 6:00:00 PM,6/18/2022 2:00:00 PM,SERC,WEST,EKPC,EKPC,1523.486,True
6/18/2022 7:00:00 PM,6/18/2022 3:00:00 PM,SERC,WEST,EKPC,EKPC,1580.587,True
6/18/2022 8:00:00 PM,6/18/2022 4:00:00 PM,SERC,WEST,EKPC,EKPC,1620.368,True
6/18/2022 9:00:00 PM,6/18/2022 5:00:00 PM,SERC,WEST,EKPC,EKPC,1662.641,True
6/18/2022 10:00:00 PM,6/18/2022 6:00:00 PM,SERC,WEST,EKPC,EKPC,1642.592,True
6/18/2022 11:00:00 PM,6/18/2022 7:00:00 PM,SERC,WEST,EKPC,EKPC,1591.830,True
6/19/2022 12:00:00 AM,6/18/2022 8:00:00 PM,SERC,WEST,EKPC,EKPC,1485.262,True
6/19/2022 1:00:00 AM,6/18/2022 9:00:00 PM,SERC,WEST,EKPC,EKPC,1408.506,True
6/19/2022 2:00:00 AM,6/18/2022 10:00:00 PM,SERC,WEST,EKPC,EKPC,1329.173,True
6/19/2022 3:00:00 AM,6/18/2022 11:00:00 PM,SERC,WEST,EKPC,EKPC,1224.435,True
6/19/2022 4:00:00 AM,6/19/2022 12:00:00 AM,SERC,WEST,EKPC,EKPC,1160.912,True
6/19/2022 5:00:00 AM,6/19/2022 1:00:00 AM,SERC,WEST,EKPC,EKPC,1060.683,True
6/19/2022 6:00:00 AM,6/19/2022 2:00:00 AM,SERC,WEST,EKPC,EKPC,945.277,True
6/19/2022 7:00:00 AM,6/19/2022 3:00:00 AM,SERC,WEST,EKPC,EKPC,984.529,True
6/19/2022 8:00:00 AM,6/19/2022 4:00:00 AM,SERC,WEST,EKPC,EKPC,947.385,True
6/19/2022 9:00:00 AM,6/19/2022 5:00:00 AM,SERC,WEST,EKPC,EKPC,981.788,True
6/19/2022 10:00:00 AM,6/19/2022 6:00:00 AM,SERC,WEST,EKPC,EKPC,1007.551,True
6/19/2022 11:00:00 AM,6/19/2022 7:00:00 AM,SERC,WEST,EKPC,EKPC,1006.524,True
6/19/2022 12:00:00 PM,6/19/2022 8:00:00 AM,SERC,WEST,EKPC,EKPC,1097.836,True
6/19/2022 1:00:00 PM,6/19/2022 9:00:00 AM,SERC,WEST,EKPC,EKPC,1149.462,True
6/19/2022 2:00:00 PM,6/19/2022 10:00:00 AM,SERC,WEST,EKPC,EKPC,1149.718,True
6/19/2022 3:00:00 PM,6/19/2022 11:00:00 AM,SERC,WEST,EKPC,EKPC,1202.696,True
6/19/2022 4:00:00 PM,6/19/2022 12:00:00 PM,SERC,WEST,EKPC,EKPC,1319.907,True
6/19/2022 5:00:00 PM,6/19/2022 1:00:00 PM,SERC,WEST,EKPC,EKPC,1397.289,True
6/19/2022 6:00:00 PM,6/19/2022 2:00:00 PM,SERC,WEST,EKPC,EKPC,1475.445,True
6/19/2022 7:00:00 PM,6/19/2022 3:00:00 PM,SERC,WEST,EKPC,EKPC,1541.994,True
6/19/2022 8:00:00 PM,6/19/2022 4:00:00 PM,SERC,WEST,EKPC,EKPC,1614.902,True
6/19/2022 9:00:00 PM,6/19/2022 5:00:00 PM,SERC,WEST,EKPC,EKPC,1692.826,True
6/19/2022 10:00:00 PM,6/19/2022 6:00:00 PM,SERC,WEST,EKPC,EKPC,1634.454,True
6/19/2022 11:00:00 PM,6/19/2022 7:00:00 PM,SERC,WEST,EKPC,EKPC,1581.482,True
6/20/2022 12:00:00 AM,6/19/2022 8:00:00 PM,SERC,WEST,EKPC,EKPC,1602.682,True
6/20/2022 1:00:00 AM,6/19/2022 9:00:00 PM,SERC,WEST,EKPC,EKPC,1564.000,True
6/20/2022 2:00:00 AM,6/19/2022 10:00:00 PM,SERC,WEST,EKPC,EKPC,1460.397,True
6/20/2022 3:00:00 AM,6/19/2022 11:00:00 PM,SERC,WEST,EKPC,EKPC,1282.986,True
6/20/2022 4:00:00 AM,6/20/2022 12:00:00 AM,SERC,WEST,EKPC,EKPC,1179.653,True
6/20/2022 5:00:00 AM,6/20/2022 1:00:00 AM,SERC,WEST,EKPC,EKPC,1004.533,True
6/20/2022 6:00:00 AM,6/20/2022 2:00:00 AM,SERC,WEST,EKPC,EKPC,994.959,True
6/20/2022 7:00:00 AM,6/20/2022 3:00:00 AM,SERC,WEST,EKPC,EKPC,1010.140,True
6/20/2022 8:00:00 AM,6/20/2022 4:00:00 AM,SERC,WEST,EKPC,EKPC,959.318,True
6/20/2022 9:00:00 AM,6/20/2022 5:00:00 AM,SERC,WEST,EKPC,EKPC,1050.881,True
6/20/2022 10:00:00 AM,6/20/2022 6:00:00 AM,SERC,WEST,EKPC,EKPC,1124.148,True
6/20/2022 11:00:00 AM,6/20/2022 7:00:00 AM,SERC,WEST,EKPC,EKPC,1186.378,True
6/20/2022 12:00:00 PM,6/20/2022 8:00:00 AM,SERC,WEST,EKPC,EKPC,1241.235,True
6/20/2022 1:00:00 PM,6/20/2022 9:00:00 AM,SERC,WEST,EKPC,EKPC,1311.878,True
6/20/2022 2:00:00 PM,6/20/2022 10:00:00 AM,SERC,WEST,EKPC,EKPC,1386.387,True
6/20/2022 3:00:00 PM,6/20/2022 11:00:00 AM,SERC,WEST,EKPC,EKPC,1504.478,True
6/20/2022 4:00:00 PM,6/20/2022 12:00:00 PM,SERC,WEST,EKPC,EKPC,1593.657,True
6/20/2022 5:00:00 PM,6/20/2022 1:00:00 PM,SERC,WEST,EKPC,EKPC,1723.463,True
6/20/2022 6:00:00 PM,6/20/2022 2:00:00 PM,SERC,WEST,EKPC,EKPC,1762.464,True
6/20/2022 7:00:00 PM,6/20/2022 3:00:00 PM,SERC,WEST,EKPC,EKPC,1833.177,True
6/20/2022 8:00:00 PM,6/20/2022 4:00:00 PM,SERC,WEST,EKPC,EKPC,1912.067,True
6/20/2022 9:00:00 PM,6/20/2022 5:00:00 PM,SERC,WEST,EKPC,EKPC,2024.648,True
6/20/2022 10:00:00 PM,6/20/2022 6:00:00 PM,SERC,WEST,EKPC,EKPC,2059.296,True
6/20/2022 11:00:00 PM,6/20/2022 7:00:00 PM,SERC,WEST,EKPC,EKPC,1957.086,True
6/21/2022 12:00:00 AM,6/20/2022 8:00:00 PM,SERC,WEST,EKPC,EKPC,1788.720,True
6/21/2022 1:00:00 AM,6/20/2022 9:00:00 PM,SERC,WEST,EKPC,EKPC,1706.249,True
6/21/2022 2:00:00 AM,6/20/2022 10:00:00 PM,SERC,WEST,EKPC,EKPC,1533.895,True
6/21/2022 3:00:00 AM,6/20/2022 11:00:00 PM,SERC,WEST,EKPC,EKPC,1431.079,True
6/21/2022 4:00:00 AM,6/21/2022 12:00:00 AM,SERC,WEST,EKPC,EKPC,1274.320,True
6/21/2022 5:00:00 AM,6/21/2022 1:00:00 AM,SERC,WEST,EKPC,EKPC,1176.462,True
6/21/2022 6:00:00 AM,6/21/2022 2:00:00 AM,SERC,WEST,EKPC,EKPC,1128.204,True
6/21/2022 7:00:00 AM,6/21/2022 3:00:00 AM,SERC,WEST,EKPC,EKPC,1093.276,True
6/21/2022 8:00:00 AM,6/21/2022 4:00:00 AM,SERC,WEST,EKPC,EKPC,1005.973,True
6/21/2022 9:00:00 AM,6/21/2022 5:00:00 AM,SERC,WEST,EKPC,EKPC,1041.487,True
6/21/2022 10:00:00 AM,6/21/2022 6:00:00 AM,SERC,WEST,EKPC,EKPC,1115.807,True
6/21/2022 11:00:00 AM,6/21/2022 7:00:00 AM,SERC,WEST,EKPC,EKPC,1168.180,True
6/21/2022 12:00:00 PM,6/21/2022 8:00:00 AM,SERC,WEST,EKPC,EKPC,1223.753,True
6/21/2022 1:00:00 PM,6/21/2022 9:00:00 AM,SERC,WEST,EKPC,EKPC,1304.261,True
6/21/2022 2:00:00 PM,6/21/2022 10:00:00 AM,SERC,WEST,EKPC,EKPC,1407.419,True
6/21/2022 3:00:00 PM,6/21/2022 11:00:00 AM,SERC,WEST,EKPC,EKPC,1558.304,True
6/21/2022 4:00:00 PM,6/21/2022 12:00:00 PM,SERC,WEST,EKPC,EKPC,1725.046,True
6/21/2022 5:00:00 PM,6/21/2022 1:00:00 PM,SERC,WEST,EKPC,EKPC,1878.340,True
6/21/2022 6:00:00 PM,6/21/2022 2:00:00 PM,SERC,WEST,EKPC,EKPC,1981.015,True
6/21/2022 7:00:00 PM,6/21/2022 3:00:00 PM,SERC,WEST,EKPC,EKPC,2079.885,True
6/21/2022 8:00:00 PM,6/21/2022 4:00:00 PM,SERC,WEST,EKPC,EKPC,2141.437,True
6/21/2022 9:00:00 PM,6/21/2022 5:00:00 PM,SERC,WEST,EKPC,EKPC,2186.487,True
6/21/2022 10:00:00 PM,6/21/2022 6:00:00 PM,SERC,WEST,EKPC,EKPC,2198.969,True
6/21/2022 11:00:00 PM,6/21/2022 7:00:00 PM,SERC,WEST,EKPC,EKPC,2177.887,True
6/22/2022 12:00:00 AM,6/21/2022 8:00:00 PM,SERC,WEST,EKPC,EKPC,2057.573,True
6/22/2022 1:00:00 AM,6/21/2022 9:00:00 PM,SERC,WEST,EKPC,EKPC,1948.301,True
6/22/2022 2:00:00 AM,6/21/2022 10:00:00 PM,SERC,WEST,EKPC,EKPC,1725.989,True
6/22/2022 3:00:00 AM,6/21/2022 11:00:00 PM,SERC,WEST,EKPC,EKPC,1533.145,True
6/22/2022 4:00:00 AM,6/22/2022 12:00:00 AM,SERC,WEST,EKPC,EKPC,1378.427,True
6/22/2022 5:00:00 AM,6/22/2022 1:00:00 AM,SERC,WEST,EKPC,EKPC,1246.302,True
6/22/2022 6:00:00 AM,6/22/2022 2:00:00 AM,SERC,WEST,EKPC,EKPC,1178.516,True
6/22/2022 7:00:00 AM,6/22/2022 3:00:00 AM,SERC,WEST,EKPC,EKPC,1122.225,True
6/22/2022 8:00:00 AM,6/22/2022 4:00:00 AM,SERC,WEST,EKPC,EKPC,1098.221,True
6/22/2022 9:00:00 AM,6/22/2022 5:00:00 AM,SERC,WEST,EKPC,EKPC,1120.281,True
6/22/2022 10:00:00 AM,6/22/2022 6:00:00 AM,SERC,WEST,EKPC,EKPC,1185.508,True
6/22/2022 11:00:00 AM,6/22/2022 7:00:00 AM,SERC,WEST,EKPC,EKPC,1246.606,True
6/22/2022 12:00:00 PM,6/22/2022 8:00:00 AM,SERC,WEST,EKPC,EKPC,1367.613,True
6/22/2022 1:00:00 PM,6/22/2022 9:00:00 AM,SERC,WEST,EKPC,EKPC,1514.050,True
6/22/2022 2:00:00 PM,6/22/2022 10:00:00 AM,SERC,WEST,EKPC,EKPC,1699.096,True
6/22/2022 3:00:00 PM,6/22/2022 11:00:00 AM,SERC,WEST,EKPC,EKPC,1874.334,True
6/22/2022 4:00:00 PM,6/22/2022 12:00:00 PM,SERC,WEST,EKPC,EKPC,2037.752,True
6/22/2022 5:00:00 PM,6/22/2022 1:00:00 PM,SERC,WEST,EKPC,EKPC,2158.369,True
6/22/2022 6:00:00 PM,6/22/2022 2:00:00 PM,SERC,WEST,EKPC,EKPC,2230.929,True
6/22/2022 7:00:00 PM,6/22/2022 3:00:00 PM,SERC,WEST,EKPC,EKPC,2325.370,True
6/22/2022 8:00:00 PM,6/22/2022 4:00:00 PM,SERC,WEST,EKPC,EKPC,2346.698,True
6/22/2022 9:00:00 PM,6/22/2022 5:00:00 PM,SERC,WEST,EKPC,EKPC,2274.703,True
6/22/2022 10:00:00 PM,6/22/2022 6:00:00 PM,SERC,WEST,EKPC,EKPC,2181.459,True
6/22/2022 11:00:00 PM,6/22/2022 7:00:00 PM,SERC,WEST,EKPC,EKPC,1998.847,True
6/23/2022 12:00:00 AM,6/22/2022 8:00:00 PM,SERC,WEST,EKPC,EKPC,1876.748,True
6/23/2022 1:00:00 AM,6/22/2022 9:00:00 PM,SERC,WEST,EKPC,EKPC,1820.767,True
6/23/2022 2:00:00 AM,6/22/2022 10:00:00 PM,SERC,WEST,EKPC,EKPC,1693.591,True
6/23/2022 3:00:00 AM,6/22/2022 11:00:00 PM,SERC,WEST,EKPC,EKPC,1514.142,True
6/23/2022 4:00:00 AM,6/23/2022 12:00:00 AM,SERC,WEST,EKPC,EKPC,1383.662,True
6/23/2022 5:00:00 AM,6/23/2022 1:00:00 AM,SERC,WEST,EKPC,EKPC,1285.759,True
6/23/2022 6:00:00 AM,6/23/2022 2:00:00 AM,SERC,WEST,EKPC,EKPC,1202.575,True
6/23/2022 7:00:00 AM,6/23/2022 3:00:00 AM,SERC,WEST,EKPC,EKPC,1149.305,True
6/23/2022 8:00:00 AM,6/23/2022 4:00:00 AM,SERC,WEST,EKPC,EKPC,1125.069,True
6/23/2022 9:00:00 AM,6/23/2022 5:00:00 AM,SERC,WEST,EKPC,EKPC,1129.239,True
6/23/2022 10:00:00 AM,6/23/2022 6:00:00 AM,SERC,WEST,EKPC,EKPC,1177.419,True
6/23/2022 11:00:00 AM,6/23/2022 7:00:00 AM,SERC,WEST,EKPC,EKPC,1258.746,True
6/23/2022 12:00:00 PM,6/23/2022 8:00:00 AM,SERC,WEST,EKPC,EKPC,1387.684,True
6/23/2022 1:00:00 PM,6/23/2022 9:00:00 AM,SERC,WEST,EKPC,EKPC,1507.667,True
6/23/2022 2:00:00 PM,6/23/2022 10:00:00 AM,SERC,WEST,EKPC,EKPC,1634.446,True
6/23/2022 3:00:00 PM,6/23/2022 11:00:00 AM,SERC,WEST,EKPC,EKPC,1758.695,True
6/23/2022 4:00:00 PM,6/23/2022 12:00:00 PM,SERC,WEST,EKPC,EKPC,1838.980,True
6/23/2022 5:00:00 PM,6/23/2022 1:00:00 PM,SERC,WEST,EKPC,EKPC,1916.354,True
6/23/2022 6:00:00 PM,6/23/2022 2:00:00 PM,SERC,WEST,EKPC,EKPC,1993.538,True
6/23/2022 7:00:00 PM,6/23/2022 3:00:00 PM,SERC,WEST,EKPC,EKPC,2090.634,True
6/23/2022 8:00:00 PM,6/23/2022 4:00:00 PM,SERC,WEST,EKPC,EKPC,2134.916,True
6/23/2022 9:00:00 PM,6/23/2022 5:00:00 PM,SERC,WEST,EKPC,EKPC,2189.363,True
6/23/2022 10:00:00 PM,6/23/2022 6:00:00 PM,SERC,WEST,EKPC,EKPC,2141.948,True
6/23/2022 11:00:00 PM,6/23/2022 7:00:00 PM,SERC,WEST,EKPC,EKPC,2078.926,True
6/24/2022 12:00:00 AM,6/23/2022 8:00:00 PM,SERC,WEST,EKPC,EKPC,1923.715,True
6/24/2022 1:00:00 AM,6/23/2022 9:00:00 PM,SERC,WEST,EKPC,EKPC,1823.626,True
6/24/2022 2:00:00 AM,6/23/2022 10:00:00 PM,SERC,WEST,EKPC,EKPC,1681.616,True
6/24/2022 3:00:00 AM,6/23/2022 11:00:00 PM,SERC,WEST,EKPC,EKPC,1544.760,True
6/24/2022 4:00:00 AM,6/24/2022 12:00:00 AM,SERC,WEST,EKPC,EKPC,1311.709,True
6/24/2022 5:00:00 AM,6/24/2022 1:00:00 AM,SERC,WEST,EKPC,EKPC,1274.171,True
6/24/2022 6:00:00 AM,6/24/2022 2:00:00 AM,SERC,WEST,EKPC,EKPC,1193.935,True
6/24/2022 7:00:00 AM,6/24/2022 3:00:00 AM,SERC,WEST,EKPC,EKPC,1149.755,True
6/24/2022 8:00:00 AM,6/24/2022 4:00:00 AM,SERC,WEST,EKPC,EKPC,1104.801,True
6/24/2022 9:00:00 AM,6/24/2022 5:00:00 AM,SERC,WEST,EKPC,EKPC,1103.672,True
6/24/2022 10:00:00 AM,6/24/2022 6:00:00 AM,SERC,WEST,EKPC,EKPC,1184.669,True
6/24/2022 11:00:00 AM,6/24/2022 7:00:00 AM,SERC,WEST,EKPC,EKPC,1175.614,True
6/24/2022 12:00:00 PM,6/24/2022 8:00:00 AM,SERC,WEST,EKPC,EKPC,1350.618,True
6/24/2022 1:00:00 PM,6/24/2022 9:00:00 AM,SERC,WEST,EKPC,EKPC,1473.971,True
6/24/2022 2:00:00 PM,6/24/2022 10:00:00 AM,SERC,WEST,EKPC,EKPC,1616.492,True
6/24/2022 3:00:00 PM,6/24/2022 11:00:00 AM,SERC,WEST,EKPC,EKPC,1757.157,True
6/24/2022 4:00:00 PM,6/24/2022 12:00:00 PM,SERC,WEST,EKPC,EKPC,1883.022,True
6/24/2022 5:00:00 PM,6/24/2022 1:00:00 PM,SERC,WEST,EKPC,EKPC,1976.079,True
6/24/2022 6:00:00 PM,6/24/2022 2:00:00 PM,SERC,WEST,EKPC,EKPC,2050.997,True
6/24/2022 7:00:00 PM,6/24/2022 3:00:00 PM,SERC,WEST,EKPC,EKPC,2114.449,True
6/24/2022 8:00:00 PM,6/24/2022 4:00:00 PM,SERC,WEST,EKPC,EKPC,2167.650,True
6/24/2022 9:00:00 PM,6/24/2022 5:00:00 PM,SERC,WEST,EKPC,EKPC,2119.106,True
6/24/2022 10:00:00 PM,6/24/2022 6:00:00 PM,SERC,WEST,EKPC,EKPC,2098.373,True
6/24/2022 11:00:00 PM,6/24/2022 7:00:00 PM,SERC,WEST,EKPC,EKPC,2092.737,True
6/25/2022 12:00:00 AM,6/24/2022 8:00:00 PM,SERC,WEST,EKPC,EKPC,1927.322,True
6/25/2022 1:00:00 AM,6/24/2022 9:00:00 PM,SERC,WEST,EKPC,EKPC,1815.498,True
6/25/2022 2:00:00 AM,6/24/2022 10:00:00 PM,SERC,WEST,EKPC,EKPC,1706.754,True
6/25/2022 3:00:00 AM,6/24/2022 11:00:00 PM,SERC,WEST,EKPC,EKPC,1559.447,True
6/25/2022 4:00:00 AM,6/25/2022 12:00:00 AM,SERC,WEST,EKPC,EKPC,1384.178,True
6/25/2022 5:00:00 AM,6/25/2022 1:00:00 AM,SERC,WEST,EKPC,EKPC,1270.159,True
6/25/2022 6:00:00 AM,6/25/2022 2:00:00 AM,SERC,WEST,EKPC,EKPC,1218.974,True
6/25/2022 7:00:00 AM,6/25/2022 3:00:00 AM,SERC,WEST,EKPC,EKPC,1138.058,True
6/25/2022 8:00:00 AM,6/25/2022 4:00:00 AM,SERC,WEST,EKPC,EKPC,1107.407,True
6/25/2022 9:00:00 AM,6/25/2022 5:00:00 AM,SERC,WEST,EKPC,EKPC,1095.370,True
6/25/2022 10:00:00 AM,6/25/2022 6:00:00 AM,SERC,WEST,EKPC,EKPC,1134.805,True
6/25/2022 11:00:00 AM,6/25/2022 7:00:00 AM,SERC,WEST,EKPC,EKPC,1189.598,True
6/25/2022 12:00:00 PM,6/25/2022 8:00:00 AM,SERC,WEST,EKPC,EKPC,1306.964,True
6/25/2022 1:00:00 PM,6/25/2022 9:00:00 AM,SERC,WEST,EKPC,EKPC,1471.203,True
6/25/2022 2:00:00 PM,6/25/2022 10:00:00 AM,SERC,WEST,EKPC,EKPC,1546.119,True
6/25/2022 3:00:00 PM,6/25/2022 11:00:00 AM,SERC,WEST,EKPC,EKPC,1693.709,True
6/25/2022 4:00:00 PM,6/25/2022 12:00:00 PM,SERC,WEST,EKPC,EKPC,1832.842,True
6/25/2022 5:00:00 PM,6/25/2022 1:00:00 PM,SERC,WEST,EKPC,EKPC,2052.735,True
6/25/2022 6:00:00 PM,6/25/2022 2:00:00 PM,SERC,WEST,EKPC,EKPC,2104.939,True
6/25/2022 7:00:00 PM,6/25/2022 3:00:00 PM,SERC,WEST,EKPC,EKPC,2170.949,True
6/25/2022 8:00:00 PM,6/25/2022 4:00:00 PM,SERC,WEST,EKPC,EKPC,2207.095,True
6/25/2022 9:00:00 PM,6/25/2022 5:00:00 PM,SERC,WEST,EKPC,EKPC,2175.289,True
6/25/2022 10:00:00 PM,6/25/2022 6:00:00 PM,SERC,WEST,EKPC,EKPC,2113.950,True
6/25/2022 11:00:00 PM,6/25/2022 7:00:00 PM,SERC,WEST,EKPC,EKPC,2026.687,True
6/26/2022 12:00:00 AM,6/25/2022 8:00:00 PM,SERC,WEST,EKPC,EKPC,1849.919,True
6/26/2022 1:00:00 AM,6/25/2022 9:00:00 PM,SERC,WEST,EKPC,EKPC,1746.115,True
6/26/2022 2:00:00 AM,6/25/2022 10:00:00 PM,SERC,WEST,EKPC,EKPC,1723.815,True
6/26/2022 3:00:00 AM,6/25/2022 11:00:00 PM,SERC,WEST,EKPC,EKPC,1653.635,True
6/26/2022 4:00:00 AM,6/26/2022 12:00:00 AM,SERC,WEST,EKPC,EKPC,1499.179,True
6/26/2022 5:00:00 AM,6/26/2022 1:00:00 AM,SERC,WEST,EKPC,EKPC,1416.483,True
6/26/2022 6:00:00 AM,6/26/2022 2:00:00 AM,SERC,WEST,EKPC,EKPC,1331.251,True
6/26/2022 7:00:00 AM,6/26/2022 3:00:00 AM,SERC,WEST,EKPC,EKPC,1304.870,True
6/26/2022 8:00:00 AM,6/26/2022 4:00:00 AM,SERC,WEST,EKPC,EKPC,1235.615,True
6/26/2022 9:00:00 AM,6/26/2022 5:00:00 AM,SERC,WEST,EKPC,EKPC,1234.951,True
6/26/2022 10:00:00 AM,6/26/2022 6:00:00 AM,SERC,WEST,EKPC,EKPC,1258.914,True
6/26/2022 11:00:00 AM,6/26/2022 7:00:00 AM,SERC,WEST,EKPC,EKPC,1287.047,True
6/26/2022 12:00:00 PM,6/26/2022 8:00:00 AM,SERC,WEST,EKPC,EKPC,1430.954,True
6/26/2022 1:00:00 PM,6/26/2022 9:00:00 AM,SERC,WEST,EKPC,EKPC,1572.650,True
6/26/2022 2:00:00 PM,6/26/2022 10:00:00 AM,SERC,WEST,EKPC,EKPC,1706.137,True
6/26/2022 3:00:00 PM,6/26/2022 11:00:00 AM,SERC,WEST,EKPC,EKPC,1817.258,True
6/26/2022 4:00:00 PM,6/26/2022 12:00:00 PM,SERC,WEST,EKPC,EKPC,1912.394,True
6/26/2022 5:00:00 PM,6/26/2022 1:00:00 PM,SERC,WEST,EKPC,EKPC,1966.920,True
6/26/2022 6:00:00 PM,6/26/2022 2:00:00 PM,SERC,WEST,EKPC,EKPC,2038.435,True
6/26/2022 7:00:00 PM,6/26/2022 3:00:00 PM,SERC,WEST,EKPC,EKPC,2059.269,True
6/26/2022 8:00:00 PM,6/26/2022 4:00:00 PM,SERC,WEST,EKPC,EKPC,2078.098,True
6/26/2022 9:00:00 PM,6/26/2022 5:00:00 PM,SERC,WEST,EKPC,EKPC,2069.517,True
6/26/2022 10:00:00 PM,6/26/2022 6:00:00 PM,SERC,WEST,EKPC,EKPC,2044.156,True
6/26/2022 11:00:00 PM,6/26/2022 7:00:00 PM,SERC,WEST,EKPC,EKPC,1900.462,True
6/27/2022 12:00:00 AM,6/26/2022 8:00:00 PM,SERC,WEST,EKPC,EKPC,1796.367,True
6/27/2022 1:00:00 AM,6/26/2022 9:00:00 PM,SERC,WEST,EKPC,EKPC,1783.078,True
6/27/2022 2:00:00 AM,6/26/2022 10:00:00 PM,SERC,WEST,EKPC,EKPC,1674.322,True
6/27/2022 3:00:00 AM,6/26/2022 11:00:00 PM,SERC,WEST,EKPC,EKPC,1542.603,True
6/27/2022 4:00:00 AM,6/27/2022 12:00:00 AM,SERC,WEST,EKPC,EKPC,1447.086,True
6/27/2022 5:00:00 AM,6/27/2022 1:00:00 AM,SERC,WEST,EKPC,EKPC,1352.631,True
6/27/2022 6:00:00 AM,6/27/2022 2:00:00 AM,SERC,WEST,EKPC,EKPC,1272.058,True
6/27/2022 7:00:00 AM,6/27/2022 3:00:00 AM,SERC,WEST,EKPC,EKPC,1241.986,True
6/27/2022 8:00:00 AM,6/27/2022 4:00:00 AM,SERC,WEST,EKPC,EKPC,1216.701,True
6/27/2022 9:00:00 AM,6/27/2022 5:00:00 AM,SERC,WEST,EKPC,EKPC,1249.906,True
6/27/2022 10:00:00 AM,6/27/2022 6:00:00 AM,SERC,WEST,EKPC,EKPC,1286.018,True
6/27/2022 11:00:00 AM,6/27/2022 7:00:00 AM,SERC,WEST,EKPC,EKPC,1358.978,True
6/27/2022 12:00:00 PM,6/27/2022 8:00:00 AM,SERC,WEST,EKPC,EKPC,1444.484,True
6/27/2022 1:00:00 PM,6/27/2022 9:00:00 AM,SERC,WEST,EKPC,EKPC,1505.921,True
6/27/2022 2:00:00 PM,6/27/2022 10:00:00 AM,SERC,WEST,EKPC,EKPC,1561.557,True
6/27/2022 3:00:00 PM,6/27/2022 11:00:00 AM,SERC,WEST,EKPC,EKPC,1702.714,True
6/27/2022 4:00:00 PM,6/27/2022 12:00:00 PM,SERC,WEST,EKPC,EKPC,1675.948,True
6/27/2022 5:00:00 PM,6/27/2022 1:00:00 PM,SERC,WEST,EKPC,EKPC,1746.925,True
6/27/2022 6:00:00 PM,6/27/2022 2:00:00 PM,SERC,WEST,EKPC,EKPC,1853.730,True
6/27/2022 7:00:00 PM,6/27/2022 3:00:00 PM,SERC,WEST,EKPC,EKPC,1953.693,True
6/27/2022 8:00:00 PM,6/27/2022 4:00:00 PM,SERC,WEST,EKPC,EKPC,1983.763,True
6/27/2022 9:00:00 PM,6/27/2022 5:00:00 PM,SERC,WEST,EKPC,EKPC,2022.897,True
6/27/2022 10:00:00 PM,6/27/2022 6:00:00 PM,SERC,WEST,EKPC,EKPC,1991.373,True
6/27/2022 11:00:00 PM,6/27/2022 7:00:00 PM,SERC,WEST,EKPC,EKPC,1892.153,True
6/28/2022 12:00:00 AM,6/27/2022 8:00:00 PM,SERC,WEST,EKPC,EKPC,1721.295,True
6/28/2022 1:00:00 AM,6/27/2022 9:00:00 PM,SERC,WEST,EKPC,EKPC,1606.334,True
6/28/2022 2:00:00 AM,6/27/2022 10:00:00 PM,SERC,WEST,EKPC,EKPC,1474.249,True
6/28/2022 3:00:00 AM,6/27/2022 11:00:00 PM,SERC,WEST,EKPC,EKPC,1302.770,True
6/28/2022 4:00:00 AM,6/28/2022 12:00:00 AM,SERC,WEST,EKPC,EKPC,1161.507,True
6/28/2022 5:00:00 AM,6/28/2022 1:00:00 AM,SERC,WEST,EKPC,EKPC,1079.483,True
6/28/2022 6:00:00 AM,6/28/2022 2:00:00 AM,SERC,WEST,EKPC,EKPC,1025.907,True
6/28/2022 7:00:00 AM,6/28/2022 3:00:00 AM,SERC,WEST,EKPC,EKPC,969.347,True
6/28/2022 8:00:00 AM,6/28/2022 4:00:00 AM,SERC,WEST,EKPC,EKPC,989.446,True
6/28/2022 9:00:00 AM,6/28/2022 5:00:00 AM,SERC,WEST,EKPC,EKPC,1029.662,True
6/28/2022 10:00:00 AM,6/28/2022 6:00:00 AM,SERC,WEST,EKPC,EKPC,1143.531,True
6/28/2022 11:00:00 AM,6/28/2022 7:00:00 AM,SERC,WEST,EKPC,EKPC,1181.702,True
6/28/2022 12:00:00 PM,6/28/2022 8:00:00 AM,SERC,WEST,EKPC,EKPC,1173.911,True
6/28/2022 1:00:00 PM,6/28/2022 9:00:00 AM,SERC,WEST,EKPC,EKPC,1222.089,True
6/28/2022 2:00:00 PM,6/28/2022 10:00:00 AM,SERC,WEST,EKPC,EKPC,1340.148,True
6/28/2022 3:00:00 PM,6/28/2022 11:00:00 AM,SERC,WEST,EKPC,EKPC,1431.809,True
6/28/2022 4:00:00 PM,6/28/2022 12:00:00 PM,SERC,WEST,EKPC,EKPC,1539.750,True
6/28/2022 5:00:00 PM,6/28/2022 1:00:00 PM,SERC,WEST,EKPC,EKPC,1619.032,True
6/28/2022 6:00:00 PM,6/28/2022 2:00:00 PM,SERC,WEST,EKPC,EKPC,1708.265,True
6/28/2022 7:00:00 PM,6/28/2022 3:00:00 PM,SERC,WEST,EKPC,EKPC,1705.477,True
6/28/2022 8:00:00 PM,6/28/2022 4:00:00 PM,SERC,WEST,EKPC,EKPC,1784.264,True
6/28/2022 9:00:00 PM,6/28/2022 5:00:00 PM,SERC,WEST,EKPC,EKPC,1804.226,True
6/28/2022 10:00:00 PM,6/28/2022 6:00:00 PM,SERC,WEST,EKPC,EKPC,1777.424,True
6/28/2022 11:00:00 PM,6/28/2022 7:00:00 PM,SERC,WEST,EKPC,EKPC,1750.740,True
6/29/2022 12:00:00 AM,6/28/2022 8:00:00 PM,SERC,WEST,EKPC,EKPC,1589.543,True
6/29/2022 1:00:00 AM,6/28/2022 9:00:00 PM,SERC,WEST,EKPC,EKPC,1489.065,True
6/29/2022 2:00:00 AM,6/28/2022 10:00:00 PM,SERC,WEST,EKPC,EKPC,1477.097,True
6/29/2022 3:00:00 AM,6/28/2022 11:00:00 PM,SERC,WEST,EKPC,EKPC,1309.174,True
6/29/2022 4:00:00 AM,6/29/2022 12:00:00 AM,SERC,WEST,EKPC,EKPC,1225.401,True
6/29/2022 5:00:00 AM,6/29/2022 1:00:00 AM,SERC,WEST,EKPC,EKPC,1155.544,True
6/29/2022 6:00:00 AM,6/29/2022 2:00:00 AM,SERC,WEST,EKPC,EKPC,1111.521,True
6/29/2022 7:00:00 AM,6/29/2022 3:00:00 AM,SERC,WEST,EKPC,EKPC,1079.610,True
6/29/2022 8:00:00 AM,6/29/2022 4:00:00 AM,SERC,WEST,EKPC,EKPC,1080.863,True
6/29/2022 9:00:00 AM,6/29/2022 5:00:00 AM,SERC,WEST,EKPC,EKPC,1124.507,True
6/29/2022 10:00:00 AM,6/29/2022 6:00:00 AM,SERC,WEST,EKPC,EKPC,1175.012,True
6/29/2022 11:00:00 AM,6/29/2022 7:00:00 AM,SERC,WEST,EKPC,EKPC,1135.771,True
6/29/2022 12:00:00 PM,6/29/2022 8:00:00 AM,SERC,WEST,EKPC,EKPC,1280.391,True
6/29/2022 1:00:00 PM,6/29/2022 9:00:00 AM,SERC,WEST,EKPC,EKPC,1355.872,True
6/29/2022 2:00:00 PM,6/29/2022 10:00:00 AM,SERC,WEST,EKPC,EKPC,1455.435,True
6/29/2022 3:00:00 PM,6/29/2022 11:00:00 AM,SERC,WEST,EKPC,EKPC,1477.760,True
6/29/2022 4:00:00 PM,6/29/2022 12:00:00 PM,SERC,WEST,EKPC,EKPC,1608.044,True
6/29/2022 5:00:00 PM,6/29/2022 1:00:00 PM,SERC,WEST,EKPC,EKPC,1699.749,True
6/29/2022 6:00:00 PM,6/29/2022 2:00:00 PM,SERC,WEST,EKPC,EKPC,1866.044,True
6/29/2022 7:00:00 PM,6/29/2022 3:00:00 PM,SERC,WEST,EKPC,EKPC,1984.516,True
6/29/2022 8:00:00 PM,6/29/2022 4:00:00 PM,SERC,WEST,EKPC,EKPC,2054.527,True
6/29/2022 9:00:00 PM,6/29/2022 5:00:00 PM,SERC,WEST,EKPC,EKPC,2130.719,True
6/29/2022 10:00:00 PM,6/29/2022 6:00:00 PM,SERC,WEST,EKPC,EKPC,2129.173,True
6/29/2022 11:00:00 PM,6/29/2022 7:00:00 PM,SERC,WEST,EKPC,EKPC,2083.918,True
6/30/2022 12:00:00 AM,6/29/2022 8:00:00 PM,SERC,WEST,EKPC,EKPC,1898.513,True
6/30/2022 1:00:00 AM,6/29/2022 9:00:00 PM,SERC,WEST,EKPC,EKPC,1746.010,True
6/30/2022 2:00:00 AM,6/29/2022 10:00:00 PM,SERC,WEST,EKPC,EKPC,1653.500,True
6/30/2022 3:00:00 AM,6/29/2022 11:00:00 PM,SERC,WEST,EKPC,EKPC,1453.773,True
6/30/2022 4:00:00 AM,6/30/2022 12:00:00 AM,SERC,WEST,EKPC,EKPC,1313.522,True
6/30/2022 5:00:00 AM,6/30/2022 1:00:00 AM,SERC,WEST,EKPC,EKPC,1195.629,True
6/30/2022 6:00:00 AM,6/30/2022 2:00:00 AM,SERC,WEST,EKPC,EKPC,1177.374,True
6/30/2022 7:00:00 AM,6/30/2022 3:00:00 AM,SERC,WEST,EKPC,EKPC,1073.436,True
6/30/2022 8:00:00 AM,6/30/2022 4:00:00 AM,SERC,WEST,EKPC,EKPC,1145.636,True
6/30/2022 9:00:00 AM,6/30/2022 5:00:00 AM,SERC,WEST,EKPC,EKPC,1157.090,True
6/30/2022 10:00:00 AM,6/30/2022 6:00:00 AM,SERC,WEST,EKPC,EKPC,1147.588,True
6/30/2022 11:00:00 AM,6/30/2022 7:00:00 AM,SERC,WEST,EKPC,EKPC,1166.060,True
6/30/2022 12:00:00 PM,6/30/2022 8:00:00 AM,SERC,WEST,EKPC,EKPC,1245.939,True
6/30/2022 1:00:00 PM,6/30/2022 9:00:00 AM,SERC,WEST,EKPC,EKPC,1383.284,True
6/30/2022 2:00:00 PM,6/30/2022 10:00:00 AM,SERC,WEST,EKPC,EKPC,1556.803,True
6/30/2022 3:00:00 PM,6/30/2022 11:00:00 AM,SERC,WEST,EKPC,EKPC,1687.160,True
6/30/2022 4:00:00 PM,6/30/2022 12:00:00 PM,SERC,WEST,EKPC,EKPC,1865.866,True
6/30/2022 5:00:00 PM,6/30/2022 1:00:00 PM,SERC,WEST,EKPC,EKPC,1969.818,True
6/30/2022 6:00:00 PM,6/30/2022 2:00:00 PM,SERC,WEST,EKPC,EKPC,2078.721,True
6/30/2022 7:00:00 PM,6/30/2022 3:00:00 PM,SERC,WEST,EKPC,EKPC,2191.033,True
6/30/2022 8:00:00 PM,6/30/2022 4:00:00 PM,SERC,WEST,EKPC,EKPC,2221.146,True
6/30/2022 9:00:00 PM,6/30/2022 5:00:00 PM,SERC,WEST,EKPC,EKPC,2239.611,True
6/30/2022 10:00:00 PM,6/30/2022 6:00:00 PM,SERC,WEST,EKPC,EKPC,2264.855,True
6/30/2022 11:00:00 PM,6/30/2022 7:00:00 PM,SERC,WEST,EKPC,EKPC,2222.413,True
7/1/2022 12:00:00 AM,6/30/2022 8:00:00 PM,SERC,WEST,EKPC,EKPC,2121.693,True
7/1/2022 1:00:00 AM,6/30/2022 9:00:00 PM,SERC,WEST,EKPC,EKPC,1955.927,True
7/1/2022 2:00:00 AM,6/30/2022 10:00:00 PM,SERC,WEST,EKPC,EKPC,1793.305,True
7/1/2022 3:00:00 AM,6/30/2022 11:00:00 PM,SERC,WEST,EKPC,EKPC,1662.114,True
7/1/2022 4:00:00 AM,7/1/2022 12:00:00 AM,SERC,WEST,EKPC,EKPC,1568.154,True
7/1/2022 5:00:00 AM,7/1/2022 1:00:00 AM,SERC,WEST,EKPC,EKPC,1396.474,True
7/1/2022 6:00:00 AM,7/1/2022 2:00:00 AM,SERC,WEST,EKPC,EKPC,1319.371,True
7/1/2022 7:00:00 AM,7/1/2022 3:00:00 AM,SERC,WEST,EKPC,EKPC,1314.476,True
7/1/2022 8:00:00 AM,7/1/2022 4:00:00 AM,SERC,WEST,EKPC,EKPC,1285.502,True
7/1/2022 9:00:00 AM,7/1/2022 5:00:00 AM,SERC,WEST,EKPC,EKPC,1335.353,True
7/1/2022 10:00:00 AM,7/1/2022 6:00:00 AM,SERC,WEST,EKPC,EKPC,1346.726,True
7/1/2022 11:00:00 AM,7/1/2022 7:00:00 AM,SERC,WEST,EKPC,EKPC,1417.881,True
7/1/2022 12:00:00 PM,7/1/2022 8:00:00 AM,SERC,WEST,EKPC,EKPC,1532.775,True
7/1/2022 1:00:00 PM,7/1/2022 9:00:00 AM,SERC,WEST,EKPC,EKPC,1689.438,True
7/1/2022 2:00:00 PM,7/1/2022 10:00:00 AM,SERC,WEST,EKPC,EKPC,1779.691,True
7/1/2022 3:00:00 PM,7/1/2022 11:00:00 AM,SERC,WEST,EKPC,EKPC,1927.020,True
7/1/2022 4:00:00 PM,7/1/2022 12:00:00 PM,SERC,WEST,EKPC,EKPC,2057.882,True
7/1/2022 5:00:00 PM,7/1/2022 1:00:00 PM,SERC,WEST,EKPC,EKPC,2060.380,True
7/1/2022 6:00:00 PM,7/1/2022 2:00:00 PM,SERC,WEST,EKPC,EKPC,2134.106,True
7/1/2022 7:00:00 PM,7/1/2022 3:00:00 PM,SERC,WEST,EKPC,EKPC,2156.038,True
7/1/2022 8:00:00 PM,7/1/2022 4:00:00 PM,SERC,WEST,EKPC,EKPC,2251.598,True
7/1/2022 9:00:00 PM,7/1/2022 5:00:00 PM,SERC,WEST,EKPC,EKPC,2230.400,True
7/1/2022 10:00:00 PM,7/1/2022 6:00:00 PM,SERC,WEST,EKPC,EKPC,2270.048,True
7/1/2022 11:00:00 PM,7/1/2022 7:00:00 PM,SERC,WEST,EKPC,EKPC,2233.789,True
7/2/2022 12:00:00 AM,7/1/2022 8:00:00 PM,SERC,WEST,EKPC,EKPC,2117.915,True
7/2/2022 1:00:00 AM,7/1/2022 9:00:00 PM,SERC,WEST,EKPC,EKPC,2029.510,True
7/2/2022 2:00:00 AM,7/1/2022 10:00:00 PM,SERC,WEST,EKPC,EKPC,1896.043,True
7/2/2022 3:00:00 AM,7/1/2022 11:00:00 PM,SERC,WEST,EKPC,EKPC,1731.142,True
7/2/2022 4:00:00 AM,7/2/2022 12:00:00 AM,SERC,WEST,EKPC,EKPC,1578.048,True
7/2/2022 5:00:00 AM,7/2/2022 1:00:00 AM,SERC,WEST,EKPC,EKPC,1460.167,True
7/2/2022 6:00:00 AM,7/2/2022 2:00:00 AM,SERC,WEST,EKPC,EKPC,1291.148,True
7/2/2022 7:00:00 AM,7/2/2022 3:00:00 AM,SERC,WEST,EKPC,EKPC,1204.810,True
7/2/2022 8:00:00 AM,7/2/2022 4:00:00 AM,SERC,WEST,EKPC,EKPC,1234.246,True
7/2/2022 9:00:00 AM,7/2/2022 5:00:00 AM,SERC,WEST,EKPC,EKPC,1222.246,True
7/2/2022 10:00:00 AM,7/2/2022 6:00:00 AM,SERC,WEST,EKPC,EKPC,1149.142,True
7/2/2022 11:00:00 AM,7/2/2022 7:00:00 AM,SERC,WEST,EKPC,EKPC,1184.797,True
7/2/2022 12:00:00 PM,7/2/2022 8:00:00 AM,SERC,WEST,EKPC,EKPC,1309.748,True
7/2/2022 1:00:00 PM,7/2/2022 9:00:00 AM,SERC,WEST,EKPC,EKPC,1453.765,True
7/2/2022 2:00:00 PM,7/2/2022 10:00:00 AM,SERC,WEST,EKPC,EKPC,1605.004,True
7/2/2022 3:00:00 PM,7/2/2022 11:00:00 AM,SERC,WEST,EKPC,EKPC,1797.530,True
7/2/2022 4:00:00 PM,7/2/2022 12:00:00 PM,SERC,WEST,EKPC,EKPC,1911.054,True
7/2/2022 5:00:00 PM,7/2/2022 1:00:00 PM,SERC,WEST,EKPC,EKPC,2051.797,True
7/2/2022 6:00:00 PM,7/2/2022 2:00:00 PM,SERC,WEST,EKPC,EKPC,2103.121,True
7/2/2022 7:00:00 PM,7/2/2022 3:00:00 PM,SERC,WEST,EKPC,EKPC,2011.822,True
7/2/2022 8:00:00 PM,7/2/2022 4:00:00 PM,SERC,WEST,EKPC,EKPC,1962.595,True
7/2/2022 9:00:00 PM,7/2/2022 5:00:00 PM,SERC,WEST,EKPC,EKPC,1937.960,True
7/2/2022 10:00:00 PM,7/2/2022 6:00:00 PM,SERC,WEST,EKPC,EKPC,1993.425,True
7/2/2022 11:00:00 PM,7/2/2022 7:00:00 PM,SERC,WEST,EKPC,EKPC,1911.705,True
7/3/2022 12:00:00 AM,7/2/2022 8:00:00 PM,SERC,WEST,EKPC,EKPC,1791.284,True
7/3/2022 1:00:00 AM,7/2/2022 9:00:00 PM,SERC,WEST,EKPC,EKPC,1732.166,True
7/3/2022 2:00:00 AM,7/2/2022 10:00:00 PM,SERC,WEST,EKPC,EKPC,1594.192,True
7/3/2022 3:00:00 AM,7/2/2022 11:00:00 PM,SERC,WEST,EKPC,EKPC,1450.788,True
7/3/2022 4:00:00 AM,7/3/2022 12:00:00 AM,SERC,WEST,EKPC,EKPC,1416.964,True
7/3/2022 5:00:00 AM,7/3/2022 1:00:00 AM,SERC,WEST,EKPC,EKPC,1362.239,True
7/3/2022 6:00:00 AM,7/3/2022 2:00:00 AM,SERC,WEST,EKPC,EKPC,1179.233,True
7/3/2022 7:00:00 AM,7/3/2022 3:00:00 AM,SERC,WEST,EKPC,EKPC,1176.768,True
7/3/2022 8:00:00 AM,7/3/2022 4:00:00 AM,SERC,WEST,EKPC,EKPC,1098.423,True
7/3/2022 9:00:00 AM,7/3/2022 5:00:00 AM,SERC,WEST,EKPC,EKPC,1061.172,True
7/3/2022 10:00:00 AM,7/3/2022 6:00:00 AM,SERC,WEST,EKPC,EKPC,1084.777,True
7/3/2022 11:00:00 AM,7/3/2022 7:00:00 AM,SERC,WEST,EKPC,EKPC,1120.250,True
7/3/2022 12:00:00 PM,7/3/2022 8:00:00 AM,SERC,WEST,EKPC,EKPC,1179.895,True
7/3/2022 1:00:00 PM,7/3/2022 9:00:00 AM,SERC,WEST,EKPC,EKPC,1356.544,True
7/3/2022 2:00:00 PM,7/3/2022 10:00:00 AM,SERC,WEST,EKPC,EKPC,1450.361,True
7/3/2022 3:00:00 PM,7/3/2022 11:00:00 AM,SERC,WEST,EKPC,EKPC,1593.783,True
7/3/2022 4:00:00 PM,7/3/2022 12:00:00 PM,SERC,WEST,EKPC,EKPC,1706.608,True
7/3/2022 5:00:00 PM,7/3/2022 1:00:00 PM,SERC,WEST,EKPC,EKPC,1781.816,True
7/3/2022 6:00:00 PM,7/3/2022 2:00:00 PM,SERC,WEST,EKPC,EKPC,1874.915,True
7/3/2022 7:00:00 PM,7/3/2022 3:00:00 PM,SERC,WEST,EKPC,EKPC,1979.154,True
7/3/2022 8:00:00 PM,7/3/2022 4:00:00 PM,SERC,WEST,EKPC,EKPC,2025.138,True
7/3/2022 9:00:00 PM,7/3/2022 5:00:00 PM,SERC,WEST,EKPC,EKPC,1969.882,True
7/3/2022 10:00:00 PM,7/3/2022 6:00:00 PM,SERC,WEST,EKPC,EKPC,1968.892,True
7/3/2022 11:00:00 PM,7/3/2022 7:00:00 PM,SERC,WEST,EKPC,EKPC,1882.456,True
7/4/2022 12:00:00 AM,7/3/2022 8:00:00 PM,SERC,WEST,EKPC,EKPC,1764.792,True
7/4/2022 1:00:00 AM,7/3/2022 9:00:00 PM,SERC,WEST,EKPC,EKPC,1677.450,True
7/4/2022 2:00:00 AM,7/3/2022 10:00:00 PM,SERC,WEST,EKPC,EKPC,1545.589,True
7/4/2022 3:00:00 AM,7/3/2022 11:00:00 PM,SERC,WEST,EKPC,EKPC,1434.545,True
7/4/2022 4:00:00 AM,7/4/2022 12:00:00 AM,SERC,WEST,EKPC,EKPC,1281.895,True
7/4/2022 5:00:00 AM,7/4/2022 1:00:00 AM,SERC,WEST,EKPC,EKPC,1180.703,True
7/4/2022 6:00:00 AM,7/4/2022 2:00:00 AM,SERC,WEST,EKPC,EKPC,1097.839,True
7/4/2022 7:00:00 AM,7/4/2022 3:00:00 AM,SERC,WEST,EKPC,EKPC,1056.767,True
7/4/2022 8:00:00 AM,7/4/2022 4:00:00 AM,SERC,WEST,EKPC,EKPC,1005.803,True
7/4/2022 9:00:00 AM,7/4/2022 5:00:00 AM,SERC,WEST,EKPC,EKPC,1042.904,True
7/4/2022 10:00:00 AM,7/4/2022 6:00:00 AM,SERC,WEST,EKPC,EKPC,1015.820,True
7/4/2022 11:00:00 AM,7/4/2022 7:00:00 AM,SERC,WEST,EKPC,EKPC,1108.427,True
7/4/2022 12:00:00 PM,7/4/2022 8:00:00 AM,SERC,WEST,EKPC,EKPC,1189.296,True
7/4/2022 1:00:00 PM,7/4/2022 9:00:00 AM,SERC,WEST,EKPC,EKPC,1372.912,True
7/4/2022 2:00:00 PM,7/4/2022 10:00:00 AM,SERC,WEST,EKPC,EKPC,1573.063,True
7/4/2022 3:00:00 PM,7/4/2022 11:00:00 AM,SERC,WEST,EKPC,EKPC,1753.657,True
7/4/2022 4:00:00 PM,7/4/2022 12:00:00 PM,SERC,WEST,EKPC,EKPC,1895.516,True
7/4/2022 5:00:00 PM,7/4/2022 1:00:00 PM,SERC,WEST,EKPC,EKPC,1984.129,True
7/4/2022 6:00:00 PM,7/4/2022 2:00:00 PM,SERC,WEST,EKPC,EKPC,2100.382,True
7/4/2022 7:00:00 PM,7/4/2022 3:00:00 PM,SERC,WEST,EKPC,EKPC,2150.838,True
7/4/2022 8:00:00 PM,7/4/2022 4:00:00 PM,SERC,WEST,EKPC,EKPC,2223.987,True
7/4/2022 9:00:00 PM,7/4/2022 5:00:00 PM,SERC,WEST,EKPC,EKPC,2301.255,True
7/4/2022 10:00:00 PM,7/4/2022 6:00:00 PM,SERC,WEST,EKPC,EKPC,2273.428,True
7/4/2022 11:00:00 PM,7/4/2022 7:00:00 PM,SERC,WEST,EKPC,EKPC,2152.727,True
7/5/2022 12:00:00 AM,7/4/2022 8:00:00 PM,SERC,WEST,EKPC,EKPC,2017.023,True
7/5/2022 1:00:00 AM,7/4/2022 9:00:00 PM,SERC,WEST,EKPC,EKPC,1925.761,True
7/5/2022 2:00:00 AM,7/4/2022 10:00:00 PM,SERC,WEST,EKPC,EKPC,1805.747,True
7/5/2022 3:00:00 AM,7/4/2022 11:00:00 PM,SERC,WEST,EKPC,EKPC,1651.313,True
7/5/2022 4:00:00 AM,7/5/2022 12:00:00 AM,SERC,WEST,EKPC,EKPC,1540.025,True
7/5/2022 5:00:00 AM,7/5/2022 1:00:00 AM,SERC,WEST,EKPC,EKPC,1488.205,True
7/5/2022 6:00:00 AM,7/5/2022 2:00:00 AM,SERC,WEST,EKPC,EKPC,1330.615,True
7/5/2022 7:00:00 AM,7/5/2022 3:00:00 AM,SERC,WEST,EKPC,EKPC,1246.357,True
7/5/2022 8:00:00 AM,7/5/2022 4:00:00 AM,SERC,WEST,EKPC,EKPC,1211.897,True
7/5/2022 9:00:00 AM,7/5/2022 5:00:00 AM,SERC,WEST,EKPC,EKPC,1241.624,True
7/5/2022 10:00:00 AM,7/5/2022 6:00:00 AM,SERC,WEST,EKPC,EKPC,1363.254,True
7/5/2022 11:00:00 AM,7/5/2022 7:00:00 AM,SERC,WEST,EKPC,EKPC,1453.808,True
7/5/2022 12:00:00 PM,7/5/2022 8:00:00 AM,SERC,WEST,EKPC,EKPC,1508.173,True
7/5/2022 1:00:00 PM,7/5/2022 9:00:00 AM,SERC,WEST,EKPC,EKPC,1690.749,True
7/5/2022 2:00:00 PM,7/5/2022 10:00:00 AM,SERC,WEST,EKPC,EKPC,1928.032,True
7/5/2022 3:00:00 PM,7/5/2022 11:00:00 AM,SERC,WEST,EKPC,EKPC,2047.502,True
7/5/2022 4:00:00 PM,7/5/2022 12:00:00 PM,SERC,WEST,EKPC,EKPC,2167.216,True
7/5/2022 5:00:00 PM,7/5/2022 1:00:00 PM,SERC,WEST,EKPC,EKPC,2195.220,True
7/5/2022 6:00:00 PM,7/5/2022 2:00:00 PM,SERC,WEST,EKPC,EKPC,2294.847,True
7/5/2022 7:00:00 PM,7/5/2022 3:00:00 PM,SERC,WEST,EKPC,EKPC,2240.832,True
7/5/2022 8:00:00 PM,7/5/2022 4:00:00 PM,SERC,WEST,EKPC,EKPC,2195.520,True
7/5/2022 9:00:00 PM,7/5/2022 5:00:00 PM,SERC,WEST,EKPC,EKPC,2161.681,True
7/5/2022 10:00:00 PM,7/5/2022 6:00:00 PM,SERC,WEST,EKPC,EKPC,2156.604,True
7/5/2022 11:00:00 PM,7/5/2022 7:00:00 PM,SERC,WEST,EKPC,EKPC,2234.853,True
7/6/2022 12:00:00 AM,7/5/2022 8:00:00 PM,SERC,WEST,EKPC,EKPC,2167.586,True
7/6/2022 1:00:00 AM,7/5/2022 9:00:00 PM,SERC,WEST,EKPC,EKPC,2090.530,True
7/6/2022 2:00:00 AM,7/5/2022 10:00:00 PM,SERC,WEST,EKPC,EKPC,1945.727,True
7/6/2022 3:00:00 AM,7/5/2022 11:00:00 PM,SERC,WEST,EKPC,EKPC,1782.941,True
7/6/2022 4:00:00 AM,7/6/2022 12:00:00 AM,SERC,WEST,EKPC,EKPC,1622.159,True
7/6/2022 5:00:00 AM,7/6/2022 1:00:00 AM,SERC,WEST,EKPC,EKPC,1536.597,True
7/6/2022 6:00:00 AM,7/6/2022 2:00:00 AM,SERC,WEST,EKPC,EKPC,1395.972,True
7/6/2022 7:00:00 AM,7/6/2022 3:00:00 AM,SERC,WEST,EKPC,EKPC,1281.263,True
7/6/2022 8:00:00 AM,7/6/2022 4:00:00 AM,SERC,WEST,EKPC,EKPC,1261.997,True
7/6/2022 9:00:00 AM,7/6/2022 5:00:00 AM,SERC,WEST,EKPC,EKPC,1319.301,True
7/6/2022 10:00:00 AM,7/6/2022 6:00:00 AM,SERC,WEST,EKPC,EKPC,1326.618,True
7/6/2022 11:00:00 AM,7/6/2022 7:00:00 AM,SERC,WEST,EKPC,EKPC,1421.375,True
7/6/2022 12:00:00 PM,7/6/2022 8:00:00 AM,SERC,WEST,EKPC,EKPC,1554.187,True
7/6/2022 1:00:00 PM,7/6/2022 9:00:00 AM,SERC,WEST,EKPC,EKPC,1664.450,True
7/6/2022 2:00:00 PM,7/6/2022 10:00:00 AM,SERC,WEST,EKPC,EKPC,1868.871,True
7/6/2022 3:00:00 PM,7/6/2022 11:00:00 AM,SERC,WEST,EKPC,EKPC,1996.562,True
7/6/2022 4:00:00 PM,7/6/2022 12:00:00 PM,SERC,WEST,EKPC,EKPC,2119.391,True
7/6/2022 5:00:00 PM,7/6/2022 1:00:00 PM,SERC,WEST,EKPC,EKPC,2260.059,True
7/6/2022 6:00:00 PM,7/6/2022 2:00:00 PM,SERC,WEST,EKPC,EKPC,2291.945,True
7/6/2022 7:00:00 PM,7/6/2022 3:00:00 PM,SERC,WEST,EKPC,EKPC,2278.007,True
7/6/2022 8:00:00 PM,7/6/2022 4:00:00 PM,SERC,WEST,EKPC,EKPC,2217.683,True
7/6/2022 9:00:00 PM,7/6/2022 5:00:00 PM,SERC,WEST,EKPC,EKPC,2144.032,True
7/6/2022 10:00:00 PM,7/6/2022 6:00:00 PM,SERC,WEST,EKPC,EKPC,2082.460,True
7/6/2022 11:00:00 PM,7/6/2022 7:00:00 PM,SERC,WEST,EKPC,EKPC,1986.584,True
7/7/2022 12:00:00 AM,7/6/2022 8:00:00 PM,SERC,WEST,EKPC,EKPC,1907.275,True
7/7/2022 1:00:00 AM,7/6/2022 9:00:00 PM,SERC,WEST,EKPC,EKPC,1832.729,True
7/7/2022 2:00:00 AM,7/6/2022 10:00:00 PM,SERC,WEST,EKPC,EKPC,1743.794,True
7/7/2022 3:00:00 AM,7/6/2022 11:00:00 PM,SERC,WEST,EKPC,EKPC,1571.603,True
7/7/2022 4:00:00 AM,7/7/2022 12:00:00 AM,SERC,WEST,EKPC,EKPC,1433.146,True
7/7/2022 5:00:00 AM,7/7/2022 1:00:00 AM,SERC,WEST,EKPC,EKPC,1389.795,True
7/7/2022 6:00:00 AM,7/7/2022 2:00:00 AM,SERC,WEST,EKPC,EKPC,1234.482,True
7/7/2022 7:00:00 AM,7/7/2022 3:00:00 AM,SERC,WEST,EKPC,EKPC,1197.736,True
7/7/2022 8:00:00 AM,7/7/2022 4:00:00 AM,SERC,WEST,EKPC,EKPC,1202.259,True
7/7/2022 9:00:00 AM,7/7/2022 5:00:00 AM,SERC,WEST,EKPC,EKPC,1211.690,True
7/7/2022 10:00:00 AM,7/7/2022 6:00:00 AM,SERC,WEST,EKPC,EKPC,1271.627,True
7/7/2022 11:00:00 AM,7/7/2022 7:00:00 AM,SERC,WEST,EKPC,EKPC,1316.908,True
7/7/2022 12:00:00 PM,7/7/2022 8:00:00 AM,SERC,WEST,EKPC,EKPC,1402.186,True
7/7/2022 1:00:00 PM,7/7/2022 9:00:00 AM,SERC,WEST,EKPC,EKPC,1515.091,True
7/7/2022 2:00:00 PM,7/7/2022 10:00:00 AM,SERC,WEST,EKPC,EKPC,1626.415,True
7/7/2022 3:00:00 PM,7/7/2022 11:00:00 AM,SERC,WEST,EKPC,EKPC,1743.144,True
7/7/2022 4:00:00 PM,7/7/2022 12:00:00 PM,SERC,WEST,EKPC,EKPC,1889.420,True
7/7/2022 5:00:00 PM,7/7/2022 1:00:00 PM,SERC,WEST,EKPC,EKPC,1992.602,True
7/7/2022 6:00:00 PM,7/7/2022 2:00:00 PM,SERC,WEST,EKPC,EKPC,2044.269,True
7/7/2022 7:00:00 PM,7/7/2022 3:00:00 PM,SERC,WEST,EKPC,EKPC,2147.565,True
7/7/2022 8:00:00 PM,7/7/2022 4:00:00 PM,SERC,WEST,EKPC,EKPC,2192.769,True
7/7/2022 9:00:00 PM,7/7/2022 5:00:00 PM,SERC,WEST,EKPC,EKPC,2144.663,True
7/7/2022 10:00:00 PM,7/7/2022 6:00:00 PM,SERC,WEST,EKPC,EKPC,2079.910,True
7/7/2022 11:00:00 PM,7/7/2022 7:00:00 PM,SERC,WEST,EKPC,EKPC,1958.048,True
7/8/2022 12:00:00 AM,7/7/2022 8:00:00 PM,SERC,WEST,EKPC,EKPC,1856.416,True
7/8/2022 1:00:00 AM,7/7/2022 9:00:00 PM,SERC,WEST,EKPC,EKPC,1778.757,True
7/8/2022 2:00:00 AM,7/7/2022 10:00:00 PM,SERC,WEST,EKPC,EKPC,1635.994,True
7/8/2022 3:00:00 AM,7/7/2022 11:00:00 PM,SERC,WEST,EKPC,EKPC,1507.198,True
7/8/2022 4:00:00 AM,7/8/2022 12:00:00 AM,SERC,WEST,EKPC,EKPC,1385.329,True
7/8/2022 5:00:00 AM,7/8/2022 1:00:00 AM,SERC,WEST,EKPC,EKPC,1367.591,True
7/8/2022 6:00:00 AM,7/8/2022 2:00:00 AM,SERC,WEST,EKPC,EKPC,1320.549,True
7/8/2022 7:00:00 AM,7/8/2022 3:00:00 AM,SERC,WEST,EKPC,EKPC,1292.858,True
7/8/2022 8:00:00 AM,7/8/2022 4:00:00 AM,SERC,WEST,EKPC,EKPC,1241.330,True
7/8/2022 9:00:00 AM,7/8/2022 5:00:00 AM,SERC,WEST,EKPC,EKPC,1266.984,True
7/8/2022 10:00:00 AM,7/8/2022 6:00:00 AM,SERC,WEST,EKPC,EKPC,1245.485,True
7/8/2022 11:00:00 AM,7/8/2022 7:00:00 AM,SERC,WEST,EKPC,EKPC,1343.640,True
7/8/2022 12:00:00 PM,7/8/2022 8:00:00 AM,SERC,WEST,EKPC,EKPC,1425.491,True
7/8/2022 1:00:00 PM,7/8/2022 9:00:00 AM,SERC,WEST,EKPC,EKPC,1508.615,True
7/8/2022 2:00:00 PM,7/8/2022 10:00:00 AM,SERC,WEST,EKPC,EKPC,1635.134,True
7/8/2022 3:00:00 PM,7/8/2022 11:00:00 AM,SERC,WEST,EKPC,EKPC,1761.388,True
7/8/2022 4:00:00 PM,7/8/2022 12:00:00 PM,SERC,WEST,EKPC,EKPC,1867.220,True
7/8/2022 5:00:00 PM,7/8/2022 1:00:00 PM,SERC,WEST,EKPC,EKPC,1886.617,True
7/8/2022 6:00:00 PM,7/8/2022 2:00:00 PM,SERC,WEST,EKPC,EKPC,1881.382,True
7/8/2022 7:00:00 PM,7/8/2022 3:00:00 PM,SERC,WEST,EKPC,EKPC,1791.424,True
7/8/2022 8:00:00 PM,7/8/2022 4:00:00 PM,SERC,WEST,EKPC,EKPC,1701.833,True
7/8/2022 9:00:00 PM,7/8/2022 5:00:00 PM,SERC,WEST,EKPC,EKPC,1691.076,True
7/8/2022 10:00:00 PM,7/8/2022 6:00:00 PM,SERC,WEST,EKPC,EKPC,1662.803,True
7/8/2022 11:00:00 PM,7/8/2022 7:00:00 PM,SERC,WEST,EKPC,EKPC,1621.896,True
7/9/2022 12:00:00 AM,7/8/2022 8:00:00 PM,SERC,WEST,EKPC,EKPC,1595.176,True
7/9/2022 1:00:00 AM,7/8/2022 9:00:00 PM,SERC,WEST,EKPC,EKPC,1626.232,True
7/9/2022 2:00:00 AM,7/8/2022 10:00:00 PM,SERC,WEST,EKPC,EKPC,1506.869,True
7/9/2022 3:00:00 AM,7/8/2022 11:00:00 PM,SERC,WEST,EKPC,EKPC,1437.525,True
7/9/2022 4:00:00 AM,7/9/2022 12:00:00 AM,SERC,WEST,EKPC,EKPC,1363.579,True
7/9/2022 5:00:00 AM,7/9/2022 1:00:00 AM,SERC,WEST,EKPC,EKPC,1239.943,True
7/9/2022 6:00:00 AM,7/9/2022 2:00:00 AM,SERC,WEST,EKPC,EKPC,1237.297,True
7/9/2022 7:00:00 AM,7/9/2022 3:00:00 AM,SERC,WEST,EKPC,EKPC,1173.995,True
7/9/2022 8:00:00 AM,7/9/2022 4:00:00 AM,SERC,WEST,EKPC,EKPC,1143.080,True
7/9/2022 9:00:00 AM,7/9/2022 5:00:00 AM,SERC,WEST,EKPC,EKPC,1122.080,True
7/9/2022 10:00:00 AM,7/9/2022 6:00:00 AM,SERC,WEST,EKPC,EKPC,1125.172,True
7/9/2022 11:00:00 AM,7/9/2022 7:00:00 AM,SERC,WEST,EKPC,EKPC,1197.716,True
7/9/2022 12:00:00 PM,7/9/2022 8:00:00 AM,SERC,WEST,EKPC,EKPC,1297.725,True
7/9/2022 1:00:00 PM,7/9/2022 9:00:00 AM,SERC,WEST,EKPC,EKPC,1399.804,True
7/9/2022 2:00:00 PM,7/9/2022 10:00:00 AM,SERC,WEST,EKPC,EKPC,1422.476,True
7/9/2022 3:00:00 PM,7/9/2022 11:00:00 AM,SERC,WEST,EKPC,EKPC,1451.228,True
7/9/2022 4:00:00 PM,7/9/2022 12:00:00 PM,SERC,WEST,EKPC,EKPC,1501.094,True
7/9/2022 5:00:00 PM,7/9/2022 1:00:00 PM,SERC,WEST,EKPC,EKPC,1511.732,True
7/9/2022 6:00:00 PM,7/9/2022 2:00:00 PM,SERC,WEST,EKPC,EKPC,1536.901,True
7/9/2022 7:00:00 PM,7/9/2022 3:00:00 PM,SERC,WEST,EKPC,EKPC,1548.741,True
7/9/2022 8:00:00 PM,7/9/2022 4:00:00 PM,SERC,WEST,EKPC,EKPC,1538.439,True
7/9/2022 9:00:00 PM,7/9/2022 5:00:00 PM,SERC,WEST,EKPC,EKPC,1570.413,True
7/9/2022 10:00:00 PM,7/9/2022 6:00:00 PM,SERC,WEST,EKPC,EKPC,1612.415,True
7/9/2022 11:00:00 PM,7/9/2022 7:00:00 PM,SERC,WEST,EKPC,EKPC,1529.898,True
7/10/2022 12:00:00 AM,7/9/2022 8:00:00 PM,SERC,WEST,EKPC,EKPC,1549.774,True
7/10/2022 1:00:00 AM,7/9/2022 9:00:00 PM,SERC,WEST,EKPC,EKPC,1508.373,True
7/10/2022 2:00:00 AM,7/9/2022 10:00:00 PM,SERC,WEST,EKPC,EKPC,1408.986,True
7/10/2022 3:00:00 AM,7/9/2022 11:00:00 PM,SERC,WEST,EKPC,EKPC,1288.299,True
7/10/2022 4:00:00 AM,7/10/2022 12:00:00 AM,SERC,WEST,EKPC,EKPC,1180.667,True
7/10/2022 5:00:00 AM,7/10/2022 1:00:00 AM,SERC,WEST,EKPC,EKPC,1099.134,True
7/10/2022 6:00:00 AM,7/10/2022 2:00:00 AM,SERC,WEST,EKPC,EKPC,1051.305,True
7/10/2022 7:00:00 AM,7/10/2022 3:00:00 AM,SERC,WEST,EKPC,EKPC,1050.590,True
7/10/2022 8:00:00 AM,7/10/2022 4:00:00 AM,SERC,WEST,EKPC,EKPC,1058.856,True
7/10/2022 9:00:00 AM,7/10/2022 5:00:00 AM,SERC,WEST,EKPC,EKPC,1089.392,True
7/10/2022 10:00:00 AM,7/10/2022 6:00:00 AM,SERC,WEST,EKPC,EKPC,1108.778,True
7/10/2022 11:00:00 AM,7/10/2022 7:00:00 AM,SERC,WEST,EKPC,EKPC,1134.866,True
7/10/2022 12:00:00 PM,7/10/2022 8:00:00 AM,SERC,WEST,EKPC,EKPC,1249.823,True
7/10/2022 1:00:00 PM,7/10/2022 9:00:00 AM,SERC,WEST,EKPC,EKPC,1318.918,True
7/10/2022 2:00:00 PM,7/10/2022 10:00:00 AM,SERC,WEST,EKPC,EKPC,1444.603,True
7/10/2022 3:00:00 PM,7/10/2022 11:00:00 AM,SERC,WEST,EKPC,EKPC,1540.499,True
7/10/2022 4:00:00 PM,7/10/2022 12:00:00 PM,SERC,WEST,EKPC,EKPC,1632.300,True
7/10/2022 5:00:00 PM,7/10/2022 1:00:00 PM,SERC,WEST,EKPC,EKPC,1742.817,True
7/10/2022 6:00:00 PM,7/10/2022 2:00:00 PM,SERC,WEST,EKPC,EKPC,1817.840,True
7/10/2022 7:00:00 PM,7/10/2022 3:00:00 PM,SERC,WEST,EKPC,EKPC,1921.653,True
7/10/2022 8:00:00 PM,7/10/2022 4:00:00 PM,SERC,WEST,EKPC,EKPC,2006.995,True
7/10/2022 9:00:00 PM,7/10/2022 5:00:00 PM,SERC,WEST,EKPC,EKPC,2046.343,True
7/10/2022 10:00:00 PM,7/10/2022 6:00:00 PM,SERC,WEST,EKPC,EKPC,2063.894,True
7/10/2022 11:00:00 PM,7/10/2022 7:00:00 PM,SERC,WEST,EKPC,EKPC,2004.755,True
7/11/2022 12:00:00 AM,7/10/2022 8:00:00 PM,SERC,WEST,EKPC,EKPC,1918.246,True
7/11/2022 1:00:00 AM,7/10/2022 9:00:00 PM,SERC,WEST,EKPC,EKPC,1819.061,True
7/11/2022 2:00:00 AM,7/10/2022 10:00:00 PM,SERC,WEST,EKPC,EKPC,1668.671,True
7/11/2022 3:00:00 AM,7/10/2022 11:00:00 PM,SERC,WEST,EKPC,EKPC,1474.282,True
7/11/2022 4:00:00 AM,7/11/2022 12:00:00 AM,SERC,WEST,EKPC,EKPC,1300.318,True
7/11/2022 5:00:00 AM,7/11/2022 1:00:00 AM,SERC,WEST,EKPC,EKPC,1179.850,True
7/11/2022 6:00:00 AM,7/11/2022 2:00:00 AM,SERC,WEST,EKPC,EKPC,1163.137,True
7/11/2022 7:00:00 AM,7/11/2022 3:00:00 AM,SERC,WEST,EKPC,EKPC,1128.366,True
7/11/2022 8:00:00 AM,7/11/2022 4:00:00 AM,SERC,WEST,EKPC,EKPC,1159.098,True
7/11/2022 9:00:00 AM,7/11/2022 5:00:00 AM,SERC,WEST,EKPC,EKPC,1166.408,True
7/11/2022 10:00:00 AM,7/11/2022 6:00:00 AM,SERC,WEST,EKPC,EKPC,1246.595,True
7/11/2022 11:00:00 AM,7/11/2022 7:00:00 AM,SERC,WEST,EKPC,EKPC,1215.595,True
7/11/2022 12:00:00 PM,7/11/2022 8:00:00 AM,SERC,WEST,EKPC,EKPC,1302.654,True
7/11/2022 1:00:00 PM,7/11/2022 9:00:00 AM,SERC,WEST,EKPC,EKPC,1442.382,True
7/11/2022 2:00:00 PM,7/11/2022 10:00:00 AM,SERC,WEST,EKPC,EKPC,1576.329,True
7/11/2022 3:00:00 PM,7/11/2022 11:00:00 AM,SERC,WEST,EKPC,EKPC,1732.980,True
7/11/2022 4:00:00 PM,7/11/2022 12:00:00 PM,SERC,WEST,EKPC,EKPC,1848.676,True
7/11/2022 5:00:00 PM,7/11/2022 1:00:00 PM,SERC,WEST,EKPC,EKPC,2014.100,True
7/11/2022 6:00:00 PM,7/11/2022 2:00:00 PM,SERC,WEST,EKPC,EKPC,2041.026,True
7/11/2022 7:00:00 PM,7/11/2022 3:00:00 PM,SERC,WEST,EKPC,EKPC,2116.576,True
7/11/2022 8:00:00 PM,7/11/2022 4:00:00 PM,SERC,WEST,EKPC,EKPC,2246.289,True
7/11/2022 9:00:00 PM,7/11/2022 5:00:00 PM,SERC,WEST,EKPC,EKPC,2235.364,True
7/11/2022 10:00:00 PM,7/11/2022 6:00:00 PM,SERC,WEST,EKPC,EKPC,2251.324,True
7/11/2022 11:00:00 PM,7/11/2022 7:00:00 PM,SERC,WEST,EKPC,EKPC,2177.730,True
7/12/2022 12:00:00 AM,7/11/2022 8:00:00 PM,SERC,WEST,EKPC,EKPC,2020.407,True
7/12/2022 1:00:00 AM,7/11/2022 9:00:00 PM,SERC,WEST,EKPC,EKPC,1953.885,True
7/12/2022 2:00:00 AM,7/11/2022 10:00:00 PM,SERC,WEST,EKPC,EKPC,1835.255,True
7/12/2022 3:00:00 AM,7/11/2022 11:00:00 PM,SERC,WEST,EKPC,EKPC,1637.084,True
7/12/2022 4:00:00 AM,7/12/2022 12:00:00 AM,SERC,WEST,EKPC,EKPC,1512.709,True
7/12/2022 5:00:00 AM,7/12/2022 1:00:00 AM,SERC,WEST,EKPC,EKPC,1332.187,True
7/12/2022 6:00:00 AM,7/12/2022 2:00:00 AM,SERC,WEST,EKPC,EKPC,1260.798,True
7/12/2022 7:00:00 AM,7/12/2022 3:00:00 AM,SERC,WEST,EKPC,EKPC,1159.548,True
7/12/2022 8:00:00 AM,7/12/2022 4:00:00 AM,SERC,WEST,EKPC,EKPC,1148.466,True
7/12/2022 9:00:00 AM,7/12/2022 5:00:00 AM,SERC,WEST,EKPC,EKPC,1236.008,True
7/12/2022 10:00:00 AM,7/12/2022 6:00:00 AM,SERC,WEST,EKPC,EKPC,1286.256,True
7/12/2022 11:00:00 AM,7/12/2022 7:00:00 AM,SERC,WEST,EKPC,EKPC,1410.268,True
7/12/2022 12:00:00 PM,7/12/2022 8:00:00 AM,SERC,WEST,EKPC,EKPC,1501.717,True
7/12/2022 1:00:00 PM,7/12/2022 9:00:00 AM,SERC,WEST,EKPC,EKPC,1578.377,True
7/12/2022 2:00:00 PM,7/12/2022 10:00:00 AM,SERC,WEST,EKPC,EKPC,1728.368,True
7/12/2022 3:00:00 PM,7/12/2022 11:00:00 AM,SERC,WEST,EKPC,EKPC,1932.298,True
7/12/2022 4:00:00 PM,7/12/2022 12:00:00 PM,SERC,WEST,EKPC,EKPC,2073.187,True
7/12/2022 5:00:00 PM,7/12/2022 1:00:00 PM,SERC,WEST,EKPC,EKPC,2188.537,True
7/12/2022 6:00:00 PM,7/12/2022 2:00:00 PM,SERC,WEST,EKPC,EKPC,2164.936,True
7/12/2022 7:00:00 PM,7/12/2022 3:00:00 PM,SERC,WEST,EKPC,EKPC,2161.913,True
7/12/2022 8:00:00 PM,7/12/2022 4:00:00 PM,SERC,WEST,EKPC,EKPC,2170.271,True
7/12/2022 9:00:00 PM,7/12/2022 5:00:00 PM,SERC,WEST,EKPC,EKPC,2135.642,True
7/12/2022 10:00:00 PM,7/12/2022 6:00:00 PM,SERC,WEST,EKPC,EKPC,2067.497,True
7/12/2022 11:00:00 PM,7/12/2022 7:00:00 PM,SERC,WEST,EKPC,EKPC,2061.859,True
7/13/2022 12:00:00 AM,7/12/2022 8:00:00 PM,SERC,WEST,EKPC,EKPC,1981.546,True
7/13/2022 1:00:00 AM,7/12/2022 9:00:00 PM,SERC,WEST,EKPC,EKPC,1888.195,True
7/13/2022 2:00:00 AM,7/12/2022 10:00:00 PM,SERC,WEST,EKPC,EKPC,1668.518,True
7/13/2022 3:00:00 AM,7/12/2022 11:00:00 PM,SERC,WEST,EKPC,EKPC,1497.508,True
7/13/2022 4:00:00 AM,7/13/2022 12:00:00 AM,SERC,WEST,EKPC,EKPC,1424.075,True
7/13/2022 5:00:00 AM,7/13/2022 1:00:00 AM,SERC,WEST,EKPC,EKPC,1307.087,True
7/13/2022 6:00:00 AM,7/13/2022 2:00:00 AM,SERC,WEST,EKPC,EKPC,1260.288,True
7/13/2022 7:00:00 AM,7/13/2022 3:00:00 AM,SERC,WEST,EKPC,EKPC,1225.076,True
7/13/2022 8:00:00 AM,7/13/2022 4:00:00 AM,SERC,WEST,EKPC,EKPC,1182.638,True
7/13/2022 9:00:00 AM,7/13/2022 5:00:00 AM,SERC,WEST,EKPC,EKPC,1201.243,True
7/13/2022 10:00:00 AM,7/13/2022 6:00:00 AM,SERC,WEST,EKPC,EKPC,1277.143,True
7/13/2022 11:00:00 AM,7/13/2022 7:00:00 AM,SERC,WEST,EKPC,EKPC,1341.942,True
7/13/2022 12:00:00 PM,7/13/2022 8:00:00 AM,SERC,WEST,EKPC,EKPC,1432.926,True
7/13/2022 1:00:00 PM,7/13/2022 9:00:00 AM,SERC,WEST,EKPC,EKPC,1553.223,True
7/13/2022 2:00:00 PM,7/13/2022 10:00:00 AM,SERC,WEST,EKPC,EKPC,1633.780,True
7/13/2022 3:00:00 PM,7/13/2022 11:00:00 AM,SERC,WEST,EKPC,EKPC,1787.519,True
7/13/2022 4:00:00 PM,7/13/2022 12:00:00 PM,SERC,WEST,EKPC,EKPC,1916.937,True
7/13/2022 5:00:00 PM,7/13/2022 1:00:00 PM,SERC,WEST,EKPC,EKPC,1982.860,True
7/13/2022 6:00:00 PM,7/13/2022 2:00:00 PM,SERC,WEST,EKPC,EKPC,2023.758,True
7/13/2022 7:00:00 PM,7/13/2022 3:00:00 PM,SERC,WEST,EKPC,EKPC,2085.434,True
7/13/2022 8:00:00 PM,7/13/2022 4:00:00 PM,SERC,WEST,EKPC,EKPC,2142.952,True
7/13/2022 9:00:00 PM,7/13/2022 5:00:00 PM,SERC,WEST,EKPC,EKPC,2185.314,True
7/13/2022 10:00:00 PM,7/13/2022 6:00:00 PM,SERC,WEST,EKPC,EKPC,2159.375,True
7/13/2022 11:00:00 PM,7/13/2022 7:00:00 PM,SERC,WEST,EKPC,EKPC,2113.515,True
7/14/2022 12:00:00 AM,7/13/2022 8:00:00 PM,SERC,WEST,EKPC,EKPC,2007.209,True
7/14/2022 1:00:00 AM,7/13/2022 9:00:00 PM,SERC,WEST,EKPC,EKPC,1898.080,True
7/14/2022 2:00:00 AM,7/13/2022 10:00:00 PM,SERC,WEST,EKPC,EKPC,1773.374,True
7/14/2022 3:00:00 AM,7/13/2022 11:00:00 PM,SERC,WEST,EKPC,EKPC,1527.400,True
7/14/2022 4:00:00 AM,7/14/2022 12:00:00 AM,SERC,WEST,EKPC,EKPC,1443.599,True
7/14/2022 5:00:00 AM,7/14/2022 1:00:00 AM,SERC,WEST,EKPC,EKPC,1294.674,True
7/14/2022 6:00:00 AM,7/14/2022 2:00:00 AM,SERC,WEST,EKPC,EKPC,1238.632,True
7/14/2022 7:00:00 AM,7/14/2022 3:00:00 AM,SERC,WEST,EKPC,EKPC,1127.510,True
7/14/2022 8:00:00 AM,7/14/2022 4:00:00 AM,SERC,WEST,EKPC,EKPC,1083.869,True
7/14/2022 9:00:00 AM,7/14/2022 5:00:00 AM,SERC,WEST,EKPC,EKPC,1109.942,True
7/14/2022 10:00:00 AM,7/14/2022 6:00:00 AM,SERC,WEST,EKPC,EKPC,1181.286,True
7/14/2022 11:00:00 AM,7/14/2022 7:00:00 AM,SERC,WEST,EKPC,EKPC,1264.901,True
7/14/2022 12:00:00 PM,7/14/2022 8:00:00 AM,SERC,WEST,EKPC,EKPC,1395.199,True
7/14/2022 1:00:00 PM,7/14/2022 9:00:00 AM,SERC,WEST,EKPC,EKPC,1487.791,True
7/14/2022 2:00:00 PM,7/14/2022 10:00:00 AM,SERC,WEST,EKPC,EKPC,1652.915,True
7/14/2022 3:00:00 PM,7/14/2022 11:00:00 AM,SERC,WEST,EKPC,EKPC,1785.484,True
7/14/2022 4:00:00 PM,7/14/2022 12:00:00 PM,SERC,WEST,EKPC,EKPC,1916.197,True
7/14/2022 5:00:00 PM,7/14/2022 1:00:00 PM,SERC,WEST,EKPC,EKPC,2018.273,True
7/14/2022 6:00:00 PM,7/14/2022 2:00:00 PM,SERC,WEST,EKPC,EKPC,2048.728,True
7/14/2022 7:00:00 PM,7/14/2022 3:00:00 PM,SERC,WEST,EKPC,EKPC,2157.231,True
7/14/2022 8:00:00 PM,7/14/2022 4:00:00 PM,SERC,WEST,EKPC,EKPC,2185.367,True
7/14/2022 9:00:00 PM,7/14/2022 5:00:00 PM,SERC,WEST,EKPC,EKPC,2217.582,True
7/14/2022 10:00:00 PM,7/14/2022 6:00:00 PM,SERC,WEST,EKPC,EKPC,2176.899,True
7/14/2022 11:00:00 PM,7/14/2022 7:00:00 PM,SERC,WEST,EKPC,EKPC,2123.197,True
7/15/2022 12:00:00 AM,7/14/2022 8:00:00 PM,SERC,WEST,EKPC,EKPC,1986.106,True
7/15/2022 1:00:00 AM,7/14/2022 9:00:00 PM,SERC,WEST,EKPC,EKPC,1876.238,True
7/15/2022 2:00:00 AM,7/14/2022 10:00:00 PM,SERC,WEST,EKPC,EKPC,1731.488,True
7/15/2022 3:00:00 AM,7/14/2022 11:00:00 PM,SERC,WEST,EKPC,EKPC,1574.049,True
7/15/2022 4:00:00 AM,7/15/2022 12:00:00 AM,SERC,WEST,EKPC,EKPC,1424.565,True
7/15/2022 5:00:00 AM,7/15/2022 1:00:00 AM,SERC,WEST,EKPC,EKPC,1259.958,True
7/15/2022 6:00:00 AM,7/15/2022 2:00:00 AM,SERC,WEST,EKPC,EKPC,1151.990,True
7/15/2022 7:00:00 AM,7/15/2022 3:00:00 AM,SERC,WEST,EKPC,EKPC,1092.823,True
7/15/2022 8:00:00 AM,7/15/2022 4:00:00 AM,SERC,WEST,EKPC,EKPC,1085.632,True
7/15/2022 9:00:00 AM,7/15/2022 5:00:00 AM,SERC,WEST,EKPC,EKPC,1097.242,True
7/15/2022 10:00:00 AM,7/15/2022 6:00:00 AM,SERC,WEST,EKPC,EKPC,1148.200,True
7/15/2022 11:00:00 AM,7/15/2022 7:00:00 AM,SERC,WEST,EKPC,EKPC,1188.919,True
7/15/2022 12:00:00 PM,7/15/2022 8:00:00 AM,SERC,WEST,EKPC,EKPC,1285.225,True
7/15/2022 1:00:00 PM,7/15/2022 9:00:00 AM,SERC,WEST,EKPC,EKPC,1396.471,True
7/15/2022 2:00:00 PM,7/15/2022 10:00:00 AM,SERC,WEST,EKPC,EKPC,1566.177,True
7/15/2022 3:00:00 PM,7/15/2022 11:00:00 AM,SERC,WEST,EKPC,EKPC,1769.349,True
7/15/2022 4:00:00 PM,7/15/2022 12:00:00 PM,SERC,WEST,EKPC,EKPC,1889.504,True
7/15/2022 5:00:00 PM,7/15/2022 1:00:00 PM,SERC,WEST,EKPC,EKPC,1931.117,True
7/15/2022 6:00:00 PM,7/15/2022 2:00:00 PM,SERC,WEST,EKPC,EKPC,2061.332,True
7/15/2022 7:00:00 PM,7/15/2022 3:00:00 PM,SERC,WEST,EKPC,EKPC,2126.043,True
7/15/2022 8:00:00 PM,7/15/2022 4:00:00 PM,SERC,WEST,EKPC,EKPC,2137.636,True
7/15/2022 9:00:00 PM,7/15/2022 5:00:00 PM,SERC,WEST,EKPC,EKPC,2081.878,True
7/15/2022 10:00:00 PM,7/15/2022 6:00:00 PM,SERC,WEST,EKPC,EKPC,2024.160,True
7/15/2022 11:00:00 PM,7/15/2022 7:00:00 PM,SERC,WEST,EKPC,EKPC,2006.022,True
7/16/2022 12:00:00 AM,7/15/2022 8:00:00 PM,SERC,WEST,EKPC,EKPC,1849.590,True
7/16/2022 1:00:00 AM,7/15/2022 9:00:00 PM,SERC,WEST,EKPC,EKPC,1737.763,True
7/16/2022 2:00:00 AM,7/15/2022 10:00:00 PM,SERC,WEST,EKPC,EKPC,1615.620,True
7/16/2022 3:00:00 AM,7/15/2022 11:00:00 PM,SERC,WEST,EKPC,EKPC,1559.696,True
7/16/2022 4:00:00 AM,7/16/2022 12:00:00 AM,SERC,WEST,EKPC,EKPC,1345.108,True
7/16/2022 5:00:00 AM,7/16/2022 1:00:00 AM,SERC,WEST,EKPC,EKPC,1305.583,True
7/16/2022 6:00:00 AM,7/16/2022 2:00:00 AM,SERC,WEST,EKPC,EKPC,1267.292,True
7/16/2022 7:00:00 AM,7/16/2022 3:00:00 AM,SERC,WEST,EKPC,EKPC,1229.663,True
7/16/2022 8:00:00 AM,7/16/2022 4:00:00 AM,SERC,WEST,EKPC,EKPC,1186.785,True
7/16/2022 9:00:00 AM,7/16/2022 5:00:00 AM,SERC,WEST,EKPC,EKPC,1189.330,True
7/16/2022 10:00:00 AM,7/16/2022 6:00:00 AM,SERC,WEST,EKPC,EKPC,1188.663,True
7/16/2022 11:00:00 AM,7/16/2022 7:00:00 AM,SERC,WEST,EKPC,EKPC,1206.839,True
7/16/2022 12:00:00 PM,7/16/2022 8:00:00 AM,SERC,WEST,EKPC,EKPC,1309.366,True
7/16/2022 1:00:00 PM,7/16/2022 9:00:00 AM,SERC,WEST,EKPC,EKPC,1441.385,True
7/16/2022 2:00:00 PM,7/16/2022 10:00:00 AM,SERC,WEST,EKPC,EKPC,1572.409,True
7/16/2022 3:00:00 PM,7/16/2022 11:00:00 AM,SERC,WEST,EKPC,EKPC,1675.233,True
7/16/2022 4:00:00 PM,7/16/2022 12:00:00 PM,SERC,WEST,EKPC,EKPC,1858.901,True
7/16/2022 5:00:00 PM,7/16/2022 1:00:00 PM,SERC,WEST,EKPC,EKPC,1973.310,True
7/16/2022 6:00:00 PM,7/16/2022 2:00:00 PM,SERC,WEST,EKPC,EKPC,2104.225,True
7/16/2022 7:00:00 PM,7/16/2022 3:00:00 PM,SERC,WEST,EKPC,EKPC,2166.744,True
7/16/2022 8:00:00 PM,7/16/2022 4:00:00 PM,SERC,WEST,EKPC,EKPC,2248.505,True
7/16/2022 9:00:00 PM,7/16/2022 5:00:00 PM,SERC,WEST,EKPC,EKPC,2266.804,True
7/16/2022 10:00:00 PM,7/16/2022 6:00:00 PM,SERC,WEST,EKPC,EKPC,2199.604,True
7/16/2022 11:00:00 PM,7/16/2022 7:00:00 PM,SERC,WEST,EKPC,EKPC,2178.708,True
7/17/2022 12:00:00 AM,7/16/2022 8:00:00 PM,SERC,WEST,EKPC,EKPC,2049.503,True
7/17/2022 1:00:00 AM,7/16/2022 9:00:00 PM,SERC,WEST,EKPC,EKPC,1958.733,True
7/17/2022 2:00:00 AM,7/16/2022 10:00:00 PM,SERC,WEST,EKPC,EKPC,1845.353,True
7/17/2022 3:00:00 AM,7/16/2022 11:00:00 PM,SERC,WEST,EKPC,EKPC,1678.984,True
7/17/2022 4:00:00 AM,7/17/2022 12:00:00 AM,SERC,WEST,EKPC,EKPC,1537.670,True
7/17/2022 5:00:00 AM,7/17/2022 1:00:00 AM,SERC,WEST,EKPC,EKPC,1439.337,True
7/17/2022 6:00:00 AM,7/17/2022 2:00:00 AM,SERC,WEST,EKPC,EKPC,1356.117,True
7/17/2022 7:00:00 AM,7/17/2022 3:00:00 AM,SERC,WEST,EKPC,EKPC,1309.564,True
7/17/2022 8:00:00 AM,7/17/2022 4:00:00 AM,SERC,WEST,EKPC,EKPC,1298.432,True
7/17/2022 9:00:00 AM,7/17/2022 5:00:00 AM,SERC,WEST,EKPC,EKPC,1274.194,True
7/17/2022 10:00:00 AM,7/17/2022 6:00:00 AM,SERC,WEST,EKPC,EKPC,1288.244,True
7/17/2022 11:00:00 AM,7/17/2022 7:00:00 AM,SERC,WEST,EKPC,EKPC,1310.218,True
7/17/2022 12:00:00 PM,7/17/2022 8:00:00 AM,SERC,WEST,EKPC,EKPC,1411.864,True
7/17/2022 1:00:00 PM,7/17/2022 9:00:00 AM,SERC,WEST,EKPC,EKPC,1505.393,True
7/17/2022 2:00:00 PM,7/17/2022 10:00:00 AM,SERC,WEST,EKPC,EKPC,1604.702,True
7/17/2022 3:00:00 PM,7/17/2022 11:00:00 AM,SERC,WEST,EKPC,EKPC,1620.829,True
7/17/2022 4:00:00 PM,7/17/2022 12:00:00 PM,SERC,WEST,EKPC,EKPC,1737.852,True
7/17/2022 5:00:00 PM,7/17/2022 1:00:00 PM,SERC,WEST,EKPC,EKPC,1821.987,True
7/17/2022 6:00:00 PM,7/17/2022 2:00:00 PM,SERC,WEST,EKPC,EKPC,1860.792,True
7/17/2022 7:00:00 PM,7/17/2022 3:00:00 PM,SERC,WEST,EKPC,EKPC,1901.032,True
7/17/2022 8:00:00 PM,7/17/2022 4:00:00 PM,SERC,WEST,EKPC,EKPC,1885.204,True
7/17/2022 9:00:00 PM,7/17/2022 5:00:00 PM,SERC,WEST,EKPC,EKPC,1852.635,True
7/17/2022 10:00:00 PM,7/17/2022 6:00:00 PM,SERC,WEST,EKPC,EKPC,1781.049,True
7/17/2022 11:00:00 PM,7/17/2022 7:00:00 PM,SERC,WEST,EKPC,EKPC,1717.255,True
7/18/2022 12:00:00 AM,7/17/2022 8:00:00 PM,SERC,WEST,EKPC,EKPC,1670.276,True
7/18/2022 1:00:00 AM,7/17/2022 9:00:00 PM,SERC,WEST,EKPC,EKPC,1670.475,True
7/18/2022 2:00:00 AM,7/17/2022 10:00:00 PM,SERC,WEST,EKPC,EKPC,1576.222,True
7/18/2022 3:00:00 AM,7/17/2022 11:00:00 PM,SERC,WEST,EKPC,EKPC,1465.885,True
7/18/2022 4:00:00 AM,7/18/2022 12:00:00 AM,SERC,WEST,EKPC,EKPC,1355.231,True
7/18/2022 5:00:00 AM,7/18/2022 1:00:00 AM,SERC,WEST,EKPC,EKPC,1294.467,True
7/18/2022 6:00:00 AM,7/18/2022 2:00:00 AM,SERC,WEST,EKPC,EKPC,1243.723,True
7/18/2022 7:00:00 AM,7/18/2022 3:00:00 AM,SERC,WEST,EKPC,EKPC,1211.882,True
7/18/2022 8:00:00 AM,7/18/2022 4:00:00 AM,SERC,WEST,EKPC,EKPC,1216.315,True
7/18/2022 9:00:00 AM,7/18/2022 5:00:00 AM,SERC,WEST,EKPC,EKPC,1198.871,True
7/18/2022 10:00:00 AM,7/18/2022 6:00:00 AM,SERC,WEST,EKPC,EKPC,1243.921,True
7/18/2022 11:00:00 AM,7/18/2022 7:00:00 AM,SERC,WEST,EKPC,EKPC,1379.739,True
7/18/2022 12:00:00 PM,7/18/2022 8:00:00 AM,SERC,WEST,EKPC,EKPC,1390.781,True
7/18/2022 1:00:00 PM,7/18/2022 9:00:00 AM,SERC,WEST,EKPC,EKPC,1442.186,True
7/18/2022 2:00:00 PM,7/18/2022 10:00:00 AM,SERC,WEST,EKPC,EKPC,1512.078,True
7/18/2022 3:00:00 PM,7/18/2022 11:00:00 AM,SERC,WEST,EKPC,EKPC,1545.933,True
7/18/2022 4:00:00 PM,7/18/2022 12:00:00 PM,SERC,WEST,EKPC,EKPC,1600.115,True
7/18/2022 5:00:00 PM,7/18/2022 1:00:00 PM,SERC,WEST,EKPC,EKPC,1583.203,True
7/18/2022 6:00:00 PM,7/18/2022 2:00:00 PM,SERC,WEST,EKPC,EKPC,1652.764,True
7/18/2022 7:00:00 PM,7/18/2022 3:00:00 PM,SERC,WEST,EKPC,EKPC,1689.444,True
7/18/2022 8:00:00 PM,7/18/2022 4:00:00 PM,SERC,WEST,EKPC,EKPC,1754.261,True
7/18/2022 9:00:00 PM,7/18/2022 5:00:00 PM,SERC,WEST,EKPC,EKPC,1827.697,True
7/18/2022 10:00:00 PM,7/18/2022 6:00:00 PM,SERC,WEST,EKPC,EKPC,1821.713,True
7/18/2022 11:00:00 PM,7/18/2022 7:00:00 PM,SERC,WEST,EKPC,EKPC,1824.439,True
7/19/2022 12:00:00 AM,7/18/2022 8:00:00 PM,SERC,WEST,EKPC,EKPC,1794.085,True
7/19/2022 1:00:00 AM,7/18/2022 9:00:00 PM,SERC,WEST,EKPC,EKPC,1725.224,True
7/19/2022 2:00:00 AM,7/18/2022 10:00:00 PM,SERC,WEST,EKPC,EKPC,1605.857,True
7/19/2022 3:00:00 AM,7/18/2022 11:00:00 PM,SERC,WEST,EKPC,EKPC,1403.846,True
7/19/2022 4:00:00 AM,7/19/2022 12:00:00 AM,SERC,WEST,EKPC,EKPC,1210.084,True
7/19/2022 5:00:00 AM,7/19/2022 1:00:00 AM,SERC,WEST,EKPC,EKPC,1124.349,True
7/19/2022 6:00:00 AM,7/19/2022 2:00:00 AM,SERC,WEST,EKPC,EKPC,1082.459,True
7/19/2022 7:00:00 AM,7/19/2022 3:00:00 AM,SERC,WEST,EKPC,EKPC,1117.979,True
7/19/2022 8:00:00 AM,7/19/2022 4:00:00 AM,SERC,WEST,EKPC,EKPC,1122.686,True
7/19/2022 9:00:00 AM,7/19/2022 5:00:00 AM,SERC,WEST,EKPC,EKPC,1170.879,True
7/19/2022 10:00:00 AM,7/19/2022 6:00:00 AM,SERC,WEST,EKPC,EKPC,1220.220,True
7/19/2022 11:00:00 AM,7/19/2022 7:00:00 AM,SERC,WEST,EKPC,EKPC,1288.196,True
7/19/2022 12:00:00 PM,7/19/2022 8:00:00 AM,SERC,WEST,EKPC,EKPC,1371.057,True
7/19/2022 1:00:00 PM,7/19/2022 9:00:00 AM,SERC,WEST,EKPC,EKPC,1457.504,True
7/19/2022 2:00:00 PM,7/19/2022 10:00:00 AM,SERC,WEST,EKPC,EKPC,1594.496,True
7/19/2022 3:00:00 PM,7/19/2022 11:00:00 AM,SERC,WEST,EKPC,EKPC,1693.429,True
7/19/2022 4:00:00 PM,7/19/2022 12:00:00 PM,SERC,WEST,EKPC,EKPC,1782.957,True
7/19/2022 5:00:00 PM,7/19/2022 1:00:00 PM,SERC,WEST,EKPC,EKPC,1898.482,True
7/19/2022 6:00:00 PM,7/19/2022 2:00:00 PM,SERC,WEST,EKPC,EKPC,1910.118,True
7/19/2022 7:00:00 PM,7/19/2022 3:00:00 PM,SERC,WEST,EKPC,EKPC,2007.258,True
7/19/2022 8:00:00 PM,7/19/2022 4:00:00 PM,SERC,WEST,EKPC,EKPC,2115.131,True
7/19/2022 9:00:00 PM,7/19/2022 5:00:00 PM,SERC,WEST,EKPC,EKPC,2176.325,True
7/19/2022 10:00:00 PM,7/19/2022 6:00:00 PM,SERC,WEST,EKPC,EKPC,2154.291,True
7/19/2022 11:00:00 PM,7/19/2022 7:00:00 PM,SERC,WEST,EKPC,EKPC,2141.200,True
7/20/2022 12:00:00 AM,7/19/2022 8:00:00 PM,SERC,WEST,EKPC,EKPC,2024.645,True
7/20/2022 1:00:00 AM,7/19/2022 9:00:00 PM,SERC,WEST,EKPC,EKPC,1935.924,True
7/20/2022 2:00:00 AM,7/19/2022 10:00:00 PM,SERC,WEST,EKPC,EKPC,1745.832,True
7/20/2022 3:00:00 AM,7/19/2022 11:00:00 PM,SERC,WEST,EKPC,EKPC,1585.374,True
7/20/2022 4:00:00 AM,7/20/2022 12:00:00 AM,SERC,WEST,EKPC,EKPC,1411.130,True
7/20/2022 5:00:00 AM,7/20/2022 1:00:00 AM,SERC,WEST,EKPC,EKPC,1306.767,True
7/20/2022 6:00:00 AM,7/20/2022 2:00:00 AM,SERC,WEST,EKPC,EKPC,1280.027,True
7/20/2022 7:00:00 AM,7/20/2022 3:00:00 AM,SERC,WEST,EKPC,EKPC,1220.748,True
7/20/2022 8:00:00 AM,7/20/2022 4:00:00 AM,SERC,WEST,EKPC,EKPC,1220.470,True
7/20/2022 9:00:00 AM,7/20/2022 5:00:00 AM,SERC,WEST,EKPC,EKPC,1247.430,True
7/20/2022 10:00:00 AM,7/20/2022 6:00:00 AM,SERC,WEST,EKPC,EKPC,1296.702,True
7/20/2022 11:00:00 AM,7/20/2022 7:00:00 AM,SERC,WEST,EKPC,EKPC,1348.612,True
7/20/2022 12:00:00 PM,7/20/2022 8:00:00 AM,SERC,WEST,EKPC,EKPC,1466.158,True
7/20/2022 1:00:00 PM,7/20/2022 9:00:00 AM,SERC,WEST,EKPC,EKPC,1600.118,True
7/20/2022 2:00:00 PM,7/20/2022 10:00:00 AM,SERC,WEST,EKPC,EKPC,1705.880,True
7/20/2022 3:00:00 PM,7/20/2022 11:00:00 AM,SERC,WEST,EKPC,EKPC,1827.590,True
7/20/2022 4:00:00 PM,7/20/2022 12:00:00 PM,SERC,WEST,EKPC,EKPC,1995.982,True
7/20/2022 5:00:00 PM,7/20/2022 1:00:00 PM,SERC,WEST,EKPC,EKPC,2005.915,True
7/20/2022 6:00:00 PM,7/20/2022 2:00:00 PM,SERC,WEST,EKPC,EKPC,2176.421,True
7/20/2022 7:00:00 PM,7/20/2022 3:00:00 PM,SERC,WEST,EKPC,EKPC,2196.197,True
7/20/2022 8:00:00 PM,7/20/2022 4:00:00 PM,SERC,WEST,EKPC,EKPC,2291.191,True
7/20/2022 9:00:00 PM,7/20/2022 5:00:00 PM,SERC,WEST,EKPC,EKPC,2323.137,True
7/20/2022 10:00:00 PM,7/20/2022 6:00:00 PM,SERC,WEST,EKPC,EKPC,2300.075,True
7/20/2022 11:00:00 PM,7/20/2022 7:00:00 PM,SERC,WEST,EKPC,EKPC,2278.328,True
7/21/2022 12:00:00 AM,7/20/2022 8:00:00 PM,SERC,WEST,EKPC,EKPC,2218.898,True
7/21/2022 1:00:00 AM,7/20/2022 9:00:00 PM,SERC,WEST,EKPC,EKPC,2120.344,True
7/21/2022 2:00:00 AM,7/20/2022 10:00:00 PM,SERC,WEST,EKPC,EKPC,1945.413,True
7/21/2022 3:00:00 AM,7/20/2022 11:00:00 PM,SERC,WEST,EKPC,EKPC,1769.128,True
7/21/2022 4:00:00 AM,7/21/2022 12:00:00 AM,SERC,WEST,EKPC,EKPC,1639.445,True
7/21/2022 5:00:00 AM,7/21/2022 1:00:00 AM,SERC,WEST,EKPC,EKPC,1552.188,True
7/21/2022 6:00:00 AM,7/21/2022 2:00:00 AM,SERC,WEST,EKPC,EKPC,1401.936,True
7/21/2022 7:00:00 AM,7/21/2022 3:00:00 AM,SERC,WEST,EKPC,EKPC,1380.997,True
7/21/2022 8:00:00 AM,7/21/2022 4:00:00 AM,SERC,WEST,EKPC,EKPC,1321.870,True
7/21/2022 9:00:00 AM,7/21/2022 5:00:00 AM,SERC,WEST,EKPC,EKPC,1307.480,True
7/21/2022 10:00:00 AM,7/21/2022 6:00:00 AM,SERC,WEST,EKPC,EKPC,1376.926,True
7/21/2022 11:00:00 AM,7/21/2022 7:00:00 AM,SERC,WEST,EKPC,EKPC,1419.217,True
7/21/2022 12:00:00 PM,7/21/2022 8:00:00 AM,SERC,WEST,EKPC,EKPC,1520.994,True
7/21/2022 1:00:00 PM,7/21/2022 9:00:00 AM,SERC,WEST,EKPC,EKPC,1603.969,True
7/21/2022 2:00:00 PM,7/21/2022 10:00:00 AM,SERC,WEST,EKPC,EKPC,1698.633,True
7/21/2022 3:00:00 PM,7/21/2022 11:00:00 AM,SERC,WEST,EKPC,EKPC,1784.310,True
7/21/2022 4:00:00 PM,7/21/2022 12:00:00 PM,SERC,WEST,EKPC,EKPC,1888.440,True
7/21/2022 5:00:00 PM,7/21/2022 1:00:00 PM,SERC,WEST,EKPC,EKPC,1961.401,True
7/21/2022 6:00:00 PM,7/21/2022 2:00:00 PM,SERC,WEST,EKPC,EKPC,2024.135,True
7/21/2022 7:00:00 PM,7/21/2022 3:00:00 PM,SERC,WEST,EKPC,EKPC,2141.053,True
7/21/2022 8:00:00 PM,7/21/2022 4:00:00 PM,SERC,WEST,EKPC,EKPC,2199.196,True
7/21/2022 9:00:00 PM,7/21/2022 5:00:00 PM,SERC,WEST,EKPC,EKPC,2243.562,True
7/21/2022 10:00:00 PM,7/21/2022 6:00:00 PM,SERC,WEST,EKPC,EKPC,2154.150,True
7/21/2022 11:00:00 PM,7/21/2022 7:00:00 PM,SERC,WEST,EKPC,EKPC,2157.228,True
7/22/2022 12:00:00 AM,7/21/2022 8:00:00 PM,SERC,WEST,EKPC,EKPC,1993.361,True
7/22/2022 1:00:00 AM,7/21/2022 9:00:00 PM,SERC,WEST,EKPC,EKPC,1871.967,True
7/22/2022 2:00:00 AM,7/21/2022 10:00:00 PM,SERC,WEST,EKPC,EKPC,1816.332,True
7/22/2022 3:00:00 AM,7/21/2022 11:00:00 PM,SERC,WEST,EKPC,EKPC,1601.513,True
7/22/2022 4:00:00 AM,7/22/2022 12:00:00 AM,SERC,WEST,EKPC,EKPC,1444.035,True
7/22/2022 5:00:00 AM,7/22/2022 1:00:00 AM,SERC,WEST,EKPC,EKPC,1348.349,True
7/22/2022 6:00:00 AM,7/22/2022 2:00:00 AM,SERC,WEST,EKPC,EKPC,1259.005,True
7/22/2022 7:00:00 AM,7/22/2022 3:00:00 AM,SERC,WEST,EKPC,EKPC,1143.165,True
7/22/2022 8:00:00 AM,7/22/2022 4:00:00 AM,SERC,WEST,EKPC,EKPC,1089.287,True
7/22/2022 9:00:00 AM,7/22/2022 5:00:00 AM,SERC,WEST,EKPC,EKPC,1110.402,True
7/22/2022 10:00:00 AM,7/22/2022 6:00:00 AM,SERC,WEST,EKPC,EKPC,1188.767,True
7/22/2022 11:00:00 AM,7/22/2022 7:00:00 AM,SERC,WEST,EKPC,EKPC,1269.835,True
7/22/2022 12:00:00 PM,7/22/2022 8:00:00 AM,SERC,WEST,EKPC,EKPC,1334.448,True
7/22/2022 1:00:00 PM,7/22/2022 9:00:00 AM,SERC,WEST,EKPC,EKPC,1570.899,True
7/22/2022 2:00:00 PM,7/22/2022 10:00:00 AM,SERC,WEST,EKPC,EKPC,1717.592,True
7/22/2022 3:00:00 PM,7/22/2022 11:00:00 AM,SERC,WEST,EKPC,EKPC,1843.277,True
7/22/2022 4:00:00 PM,7/22/2022 12:00:00 PM,SERC,WEST,EKPC,EKPC,2007.354,True
7/22/2022 5:00:00 PM,7/22/2022 1:00:00 PM,SERC,WEST,EKPC,EKPC,2067.826,True
7/22/2022 6:00:00 PM,7/22/2022 2:00:00 PM,SERC,WEST,EKPC,EKPC,2123.264,True
7/22/2022 7:00:00 PM,7/22/2022 3:00:00 PM,SERC,WEST,EKPC,EKPC,2252.283,True
7/22/2022 8:00:00 PM,7/22/2022 4:00:00 PM,SERC,WEST,EKPC,EKPC,2335.440,True
7/22/2022 9:00:00 PM,7/22/2022 5:00:00 PM,SERC,WEST,EKPC,EKPC,2348.993,True
7/22/2022 10:00:00 PM,7/22/2022 6:00:00 PM,SERC,WEST,EKPC,EKPC,2334.171,True
7/22/2022 11:00:00 PM,7/22/2022 7:00:00 PM,SERC,WEST,EKPC,EKPC,2196.922,True
7/23/2022 12:00:00 AM,7/22/2022 8:00:00 PM,SERC,WEST,EKPC,EKPC,2066.799,True
7/23/2022 1:00:00 AM,7/22/2022 9:00:00 PM,SERC,WEST,EKPC,EKPC,2011.118,True
7/23/2022 2:00:00 AM,7/22/2022 10:00:00 PM,SERC,WEST,EKPC,EKPC,1900.094,True
7/23/2022 3:00:00 AM,7/22/2022 11:00:00 PM,SERC,WEST,EKPC,EKPC,1748.033,True
7/23/2022 4:00:00 AM,7/23/2022 12:00:00 AM,SERC,WEST,EKPC,EKPC,1564.921,True
7/23/2022 5:00:00 AM,7/23/2022 1:00:00 AM,SERC,WEST,EKPC,EKPC,1424.690,True
7/23/2022 6:00:00 AM,7/23/2022 2:00:00 AM,SERC,WEST,EKPC,EKPC,1323.242,True
7/23/2022 7:00:00 AM,7/23/2022 3:00:00 AM,SERC,WEST,EKPC,EKPC,1190.399,True
7/23/2022 8:00:00 AM,7/23/2022 4:00:00 AM,SERC,WEST,EKPC,EKPC,1150.101,True
7/23/2022 9:00:00 AM,7/23/2022 5:00:00 AM,SERC,WEST,EKPC,EKPC,1195.076,True
7/23/2022 10:00:00 AM,7/23/2022 6:00:00 AM,SERC,WEST,EKPC,EKPC,1123.622,True
7/23/2022 11:00:00 AM,7/23/2022 7:00:00 AM,SERC,WEST,EKPC,EKPC,1174.947,True
7/23/2022 12:00:00 PM,7/23/2022 8:00:00 AM,SERC,WEST,EKPC,EKPC,1325.739,True
7/23/2022 1:00:00 PM,7/23/2022 9:00:00 AM,SERC,WEST,EKPC,EKPC,1517.716,True
7/23/2022 2:00:00 PM,7/23/2022 10:00:00 AM,SERC,WEST,EKPC,EKPC,1700.457,True
7/23/2022 3:00:00 PM,7/23/2022 11:00:00 AM,SERC,WEST,EKPC,EKPC,1869.044,True
7/23/2022 4:00:00 PM,7/23/2022 12:00:00 PM,SERC,WEST,EKPC,EKPC,2090.521,True
7/23/2022 5:00:00 PM,7/23/2022 1:00:00 PM,SERC,WEST,EKPC,EKPC,2179.435,True
7/23/2022 6:00:00 PM,7/23/2022 2:00:00 PM,SERC,WEST,EKPC,EKPC,2246.155,True
7/23/2022 7:00:00 PM,7/23/2022 3:00:00 PM,SERC,WEST,EKPC,EKPC,2293.337,True
7/23/2022 8:00:00 PM,7/23/2022 4:00:00 PM,SERC,WEST,EKPC,EKPC,2330.464,True
7/23/2022 9:00:00 PM,7/23/2022 5:00:00 PM,SERC,WEST,EKPC,EKPC,2341.984,True
7/23/2022 10:00:00 PM,7/23/2022 6:00:00 PM,SERC,WEST,EKPC,EKPC,2317.894,True
7/23/2022 11:00:00 PM,7/23/2022 7:00:00 PM,SERC,WEST,EKPC,EKPC,2142.165,True
7/24/2022 12:00:00 AM,7/23/2022 8:00:00 PM,SERC,WEST,EKPC,EKPC,2054.919,True
7/24/2022 1:00:00 AM,7/23/2022 9:00:00 PM,SERC,WEST,EKPC,EKPC,1987.301,True
7/24/2022 2:00:00 AM,7/23/2022 10:00:00 PM,SERC,WEST,EKPC,EKPC,1821.072,True
7/24/2022 3:00:00 AM,7/23/2022 11:00:00 PM,SERC,WEST,EKPC,EKPC,1712.965,True
7/24/2022 4:00:00 AM,7/24/2022 12:00:00 AM,SERC,WEST,EKPC,EKPC,1511.485,True
7/24/2022 5:00:00 AM,7/24/2022 1:00:00 AM,SERC,WEST,EKPC,EKPC,1450.039,True
7/24/2022 6:00:00 AM,7/24/2022 2:00:00 AM,SERC,WEST,EKPC,EKPC,1376.015,True
7/24/2022 7:00:00 AM,7/24/2022 3:00:00 AM,SERC,WEST,EKPC,EKPC,1305.765,True
7/24/2022 8:00:00 AM,7/24/2022 4:00:00 AM,SERC,WEST,EKPC,EKPC,1268.566,True
7/24/2022 9:00:00 AM,7/24/2022 5:00:00 AM,SERC,WEST,EKPC,EKPC,1241.076,True
7/24/2022 10:00:00 AM,7/24/2022 6:00:00 AM,SERC,WEST,EKPC,EKPC,1239.286,True
7/24/2022 11:00:00 AM,7/24/2022 7:00:00 AM,SERC,WEST,EKPC,EKPC,1272.516,True
7/24/2022 12:00:00 PM,7/24/2022 8:00:00 AM,SERC,WEST,EKPC,EKPC,1403.848,True
7/24/2022 1:00:00 PM,7/24/2022 9:00:00 AM,SERC,WEST,EKPC,EKPC,1568.729,True
7/24/2022 2:00:00 PM,7/24/2022 10:00:00 AM,SERC,WEST,EKPC,EKPC,1760.780,True
7/24/2022 3:00:00 PM,7/24/2022 11:00:00 AM,SERC,WEST,EKPC,EKPC,1927.367,True
7/24/2022 4:00:00 PM,7/24/2022 12:00:00 PM,SERC,WEST,EKPC,EKPC,2009.684,True
7/24/2022 5:00:00 PM,7/24/2022 1:00:00 PM,SERC,WEST,EKPC,EKPC,2151.502,True
7/24/2022 6:00:00 PM,7/24/2022 2:00:00 PM,SERC,WEST,EKPC,EKPC,2213.091,True
7/24/2022 7:00:00 PM,7/24/2022 3:00:00 PM,SERC,WEST,EKPC,EKPC,2213.958,True
7/24/2022 8:00:00 PM,7/24/2022 4:00:00 PM,SERC,WEST,EKPC,EKPC,2219.757,True
7/24/2022 9:00:00 PM,7/24/2022 5:00:00 PM,SERC,WEST,EKPC,EKPC,2191.484,True
7/24/2022 10:00:00 PM,7/24/2022 6:00:00 PM,SERC,WEST,EKPC,EKPC,2179.428,True
7/24/2022 11:00:00 PM,7/24/2022 7:00:00 PM,SERC,WEST,EKPC,EKPC,2111.575,True
7/25/2022 12:00:00 AM,7/24/2022 8:00:00 PM,SERC,WEST,EKPC,EKPC,2032.347,True
7/25/2022 1:00:00 AM,7/24/2022 9:00:00 PM,SERC,WEST,EKPC,EKPC,1924.799,True
7/25/2022 2:00:00 AM,7/24/2022 10:00:00 PM,SERC,WEST,EKPC,EKPC,1810.904,True
7/25/2022 3:00:00 AM,7/24/2022 11:00:00 PM,SERC,WEST,EKPC,EKPC,1651.638,True
7/25/2022 4:00:00 AM,7/25/2022 12:00:00 AM,SERC,WEST,EKPC,EKPC,1511.575,True
7/25/2022 5:00:00 AM,7/25/2022 1:00:00 AM,SERC,WEST,EKPC,EKPC,1433.020,True
7/25/2022 6:00:00 AM,7/25/2022 2:00:00 AM,SERC,WEST,EKPC,EKPC,1369.996,True
7/25/2022 7:00:00 AM,7/25/2022 3:00:00 AM,SERC,WEST,EKPC,EKPC,1333.293,True
7/25/2022 8:00:00 AM,7/25/2022 4:00:00 AM,SERC,WEST,EKPC,EKPC,1316.549,True
7/25/2022 9:00:00 AM,7/25/2022 5:00:00 AM,SERC,WEST,EKPC,EKPC,1406.547,True
7/25/2022 10:00:00 AM,7/25/2022 6:00:00 AM,SERC,WEST,EKPC,EKPC,1478.956,True
7/25/2022 11:00:00 AM,7/25/2022 7:00:00 AM,SERC,WEST,EKPC,EKPC,1551.263,True
7/25/2022 12:00:00 PM,7/25/2022 8:00:00 AM,SERC,WEST,EKPC,EKPC,1592.055,True
7/25/2022 1:00:00 PM,7/25/2022 9:00:00 AM,SERC,WEST,EKPC,EKPC,1682.421,True
7/25/2022 2:00:00 PM,7/25/2022 10:00:00 AM,SERC,WEST,EKPC,EKPC,1755.680,True
7/25/2022 3:00:00 PM,7/25/2022 11:00:00 AM,SERC,WEST,EKPC,EKPC,1876.772,True
7/25/2022 4:00:00 PM,7/25/2022 12:00:00 PM,SERC,WEST,EKPC,EKPC,1940.348,True
7/25/2022 5:00:00 PM,7/25/2022 1:00:00 PM,SERC,WEST,EKPC,EKPC,1939.071,True
7/25/2022 6:00:00 PM,7/25/2022 2:00:00 PM,SERC,WEST,EKPC,EKPC,1956.458,True
7/25/2022 7:00:00 PM,7/25/2022 3:00:00 PM,SERC,WEST,EKPC,EKPC,1987.249,True
7/25/2022 8:00:00 PM,7/25/2022 4:00:00 PM,SERC,WEST,EKPC,EKPC,1969.976,True
7/25/2022 9:00:00 PM,7/25/2022 5:00:00 PM,SERC,WEST,EKPC,EKPC,2007.182,True
7/25/2022 10:00:00 PM,7/25/2022 6:00:00 PM,SERC,WEST,EKPC,EKPC,2023.255,True
7/25/2022 11:00:00 PM,7/25/2022 7:00:00 PM,SERC,WEST,EKPC,EKPC,1954.410,True
7/26/2022 12:00:00 AM,7/25/2022 8:00:00 PM,SERC,WEST,EKPC,EKPC,1918.927,True
7/26/2022 1:00:00 AM,7/25/2022 9:00:00 PM,SERC,WEST,EKPC,EKPC,1839.779,True
7/26/2022 2:00:00 AM,7/25/2022 10:00:00 PM,SERC,WEST,EKPC,EKPC,1707.281,True
7/26/2022 3:00:00 AM,7/25/2022 11:00:00 PM,SERC,WEST,EKPC,EKPC,1518.803,True
7/26/2022 4:00:00 AM,7/26/2022 12:00:00 AM,SERC,WEST,EKPC,EKPC,1396.266,True
7/26/2022 5:00:00 AM,7/26/2022 1:00:00 AM,SERC,WEST,EKPC,EKPC,1305.494,True
7/26/2022 6:00:00 AM,7/26/2022 2:00:00 AM,SERC,WEST,EKPC,EKPC,1317.694,True
7/26/2022 7:00:00 AM,7/26/2022 3:00:00 AM,SERC,WEST,EKPC,EKPC,1296.228,True
7/26/2022 8:00:00 AM,7/26/2022 4:00:00 AM,SERC,WEST,EKPC,EKPC,1284.585,True
7/26/2022 9:00:00 AM,7/26/2022 5:00:00 AM,SERC,WEST,EKPC,EKPC,1319.231,True
7/26/2022 10:00:00 AM,7/26/2022 6:00:00 AM,SERC,WEST,EKPC,EKPC,1398.526,True
7/26/2022 11:00:00 AM,7/26/2022 7:00:00 AM,SERC,WEST,EKPC,EKPC,1443.317,True
7/26/2022 12:00:00 PM,7/26/2022 8:00:00 AM,SERC,WEST,EKPC,EKPC,1487.154,True
7/26/2022 1:00:00 PM,7/26/2022 9:00:00 AM,SERC,WEST,EKPC,EKPC,1463.070,True
7/26/2022 2:00:00 PM,7/26/2022 10:00:00 AM,SERC,WEST,EKPC,EKPC,1472.753,True
7/26/2022 3:00:00 PM,7/26/2022 11:00:00 AM,SERC,WEST,EKPC,EKPC,1535.012,True
7/26/2022 4:00:00 PM,7/26/2022 12:00:00 PM,SERC,WEST,EKPC,EKPC,1549.150,True
7/26/2022 5:00:00 PM,7/26/2022 1:00:00 PM,SERC,WEST,EKPC,EKPC,1601.321,True
7/26/2022 6:00:00 PM,7/26/2022 2:00:00 PM,SERC,WEST,EKPC,EKPC,1672.069,True
7/26/2022 7:00:00 PM,7/26/2022 3:00:00 PM,SERC,WEST,EKPC,EKPC,1710.804,True
7/26/2022 8:00:00 PM,7/26/2022 4:00:00 PM,SERC,WEST,EKPC,EKPC,1799.162,True
7/26/2022 9:00:00 PM,7/26/2022 5:00:00 PM,SERC,WEST,EKPC,EKPC,1841.452,True
7/26/2022 10:00:00 PM,7/26/2022 6:00:00 PM,SERC,WEST,EKPC,EKPC,1827.133,True
7/26/2022 11:00:00 PM,7/26/2022 7:00:00 PM,SERC,WEST,EKPC,EKPC,1761.139,True
7/27/2022 12:00:00 AM,7/26/2022 8:00:00 PM,SERC,WEST,EKPC,EKPC,1726.987,True
7/27/2022 1:00:00 AM,7/26/2022 9:00:00 PM,SERC,WEST,EKPC,EKPC,1741.115,True
7/27/2022 2:00:00 AM,7/26/2022 10:00:00 PM,SERC,WEST,EKPC,EKPC,1637.023,True
7/27/2022 3:00:00 AM,7/26/2022 11:00:00 PM,SERC,WEST,EKPC,EKPC,1497.152,True
7/27/2022 4:00:00 AM,7/27/2022 12:00:00 AM,SERC,WEST,EKPC,EKPC,1367.483,True
7/27/2022 5:00:00 AM,7/27/2022 1:00:00 AM,SERC,WEST,EKPC,EKPC,1323.573,True
7/27/2022 6:00:00 AM,7/27/2022 2:00:00 AM,SERC,WEST,EKPC,EKPC,1275.741,True
7/27/2022 7:00:00 AM,7/27/2022 3:00:00 AM,SERC,WEST,EKPC,EKPC,1238.646,True
7/27/2022 8:00:00 AM,7/27/2022 4:00:00 AM,SERC,WEST,EKPC,EKPC,1256.532,True
7/27/2022 9:00:00 AM,7/27/2022 5:00:00 AM,SERC,WEST,EKPC,EKPC,1199.474,True
7/27/2022 10:00:00 AM,7/27/2022 6:00:00 AM,SERC,WEST,EKPC,EKPC,1263.407,True
7/27/2022 11:00:00 AM,7/27/2022 7:00:00 AM,SERC,WEST,EKPC,EKPC,1331.512,True
7/27/2022 12:00:00 PM,7/27/2022 8:00:00 AM,SERC,WEST,EKPC,EKPC,1396.098,True
7/27/2022 1:00:00 PM,7/27/2022 9:00:00 AM,SERC,WEST,EKPC,EKPC,1504.589,True
7/27/2022 2:00:00 PM,7/27/2022 10:00:00 AM,SERC,WEST,EKPC,EKPC,1568.716,True
7/27/2022 3:00:00 PM,7/27/2022 11:00:00 AM,SERC,WEST,EKPC,EKPC,1642.227,True
7/27/2022 4:00:00 PM,7/27/2022 12:00:00 PM,SERC,WEST,EKPC,EKPC,1729.250,True
7/27/2022 5:00:00 PM,7/27/2022 1:00:00 PM,SERC,WEST,EKPC,EKPC,1844.805,True
7/27/2022 6:00:00 PM,7/27/2022 2:00:00 PM,SERC,WEST,EKPC,EKPC,1960.369,True
7/27/2022 7:00:00 PM,7/27/2022 3:00:00 PM,SERC,WEST,EKPC,EKPC,2009.180,True
7/27/2022 8:00:00 PM,7/27/2022 4:00:00 PM,SERC,WEST,EKPC,EKPC,2136.401,True
7/27/2022 9:00:00 PM,7/27/2022 5:00:00 PM,SERC,WEST,EKPC,EKPC,2146.385,True
7/27/2022 10:00:00 PM,7/27/2022 6:00:00 PM,SERC,WEST,EKPC,EKPC,2142.762,True
7/27/2022 11:00:00 PM,7/27/2022 7:00:00 PM,SERC,WEST,EKPC,EKPC,2048.731,True
7/28/2022 12:00:00 AM,7/27/2022 8:00:00 PM,SERC,WEST,EKPC,EKPC,1955.700,True
7/28/2022 1:00:00 AM,7/27/2022 9:00:00 PM,SERC,WEST,EKPC,EKPC,1869.690,True
7/28/2022 2:00:00 AM,7/27/2022 10:00:00 PM,SERC,WEST,EKPC,EKPC,1723.194,True
7/28/2022 3:00:00 AM,7/27/2022 11:00:00 PM,SERC,WEST,EKPC,EKPC,1597.895,True
7/28/2022 4:00:00 AM,7/28/2022 12:00:00 AM,SERC,WEST,EKPC,EKPC,1440.700,True
7/28/2022 5:00:00 AM,7/28/2022 1:00:00 AM,SERC,WEST,EKPC,EKPC,1318.742,True
7/28/2022 6:00:00 AM,7/28/2022 2:00:00 AM,SERC,WEST,EKPC,EKPC,1287.912,True
7/28/2022 7:00:00 AM,7/28/2022 3:00:00 AM,SERC,WEST,EKPC,EKPC,1276.257,True
7/28/2022 8:00:00 AM,7/28/2022 4:00:00 AM,SERC,WEST,EKPC,EKPC,1269.783,True
7/28/2022 9:00:00 AM,7/28/2022 5:00:00 AM,SERC,WEST,EKPC,EKPC,1264.186,True
7/28/2022 10:00:00 AM,7/28/2022 6:00:00 AM,SERC,WEST,EKPC,EKPC,1344.427,True
7/28/2022 11:00:00 AM,7/28/2022 7:00:00 AM,SERC,WEST,EKPC,EKPC,1410.903,True
7/28/2022 12:00:00 PM,7/28/2022 8:00:00 AM,SERC,WEST,EKPC,EKPC,1374.869,True
7/28/2022 1:00:00 PM,7/28/2022 9:00:00 AM,SERC,WEST,EKPC,EKPC,1451.279,True
7/28/2022 2:00:00 PM,7/28/2022 10:00:00 AM,SERC,WEST,EKPC,EKPC,1590.068,True
7/28/2022 3:00:00 PM,7/28/2022 11:00:00 AM,SERC,WEST,EKPC,EKPC,1736.507,True
7/28/2022 4:00:00 PM,7/28/2022 12:00:00 PM,SERC,WEST,EKPC,EKPC,1791.900,True
7/28/2022 5:00:00 PM,7/28/2022 1:00:00 PM,SERC,WEST,EKPC,EKPC,1882.647,True
7/28/2022 6:00:00 PM,7/28/2022 2:00:00 PM,SERC,WEST,EKPC,EKPC,1929.295,True
7/28/2022 7:00:00 PM,7/28/2022 3:00:00 PM,SERC,WEST,EKPC,EKPC,2003.025,True
7/28/2022 8:00:00 PM,7/28/2022 4:00:00 PM,SERC,WEST,EKPC,EKPC,2130.711,True
7/28/2022 9:00:00 PM,7/28/2022 5:00:00 PM,SERC,WEST,EKPC,EKPC,2176.431,True
7/28/2022 10:00:00 PM,7/28/2022 6:00:00 PM,SERC,WEST,EKPC,EKPC,2170.136,True
7/28/2022 11:00:00 PM,7/28/2022 7:00:00 PM,SERC,WEST,EKPC,EKPC,2037.023,True
7/29/2022 12:00:00 AM,7/28/2022 8:00:00 PM,SERC,WEST,EKPC,EKPC,1921.652,True
7/29/2022 1:00:00 AM,7/28/2022 9:00:00 PM,SERC,WEST,EKPC,EKPC,1913.771,True
7/29/2022 2:00:00 AM,7/28/2022 10:00:00 PM,SERC,WEST,EKPC,EKPC,1741.775,True
7/29/2022 3:00:00 AM,7/28/2022 11:00:00 PM,SERC,WEST,EKPC,EKPC,1619.510,True
7/29/2022 4:00:00 AM,7/29/2022 12:00:00 AM,SERC,WEST,EKPC,EKPC,1479.052,True
7/29/2022 5:00:00 AM,7/29/2022 1:00:00 AM,SERC,WEST,EKPC,EKPC,1380.578,True
7/29/2022 6:00:00 AM,7/29/2022 2:00:00 AM,SERC,WEST,EKPC,EKPC,1291.012,True
7/29/2022 7:00:00 AM,7/29/2022 3:00:00 AM,SERC,WEST,EKPC,EKPC,1240.309,True
7/29/2022 8:00:00 AM,7/29/2022 4:00:00 AM,SERC,WEST,EKPC,EKPC,1222.289,True
7/29/2022 9:00:00 AM,7/29/2022 5:00:00 AM,SERC,WEST,EKPC,EKPC,1217.820,True
7/29/2022 10:00:00 AM,7/29/2022 6:00:00 AM,SERC,WEST,EKPC,EKPC,1292.933,True
7/29/2022 11:00:00 AM,7/29/2022 7:00:00 AM,SERC,WEST,EKPC,EKPC,1325.855,True
7/29/2022 12:00:00 PM,7/29/2022 8:00:00 AM,SERC,WEST,EKPC,EKPC,1380.809,True
7/29/2022 1:00:00 PM,7/29/2022 9:00:00 AM,SERC,WEST,EKPC,EKPC,1400.796,True
7/29/2022 2:00:00 PM,7/29/2022 10:00:00 AM,SERC,WEST,EKPC,EKPC,1477.914,True
7/29/2022 3:00:00 PM,7/29/2022 11:00:00 AM,SERC,WEST,EKPC,EKPC,1601.109,True
7/29/2022 4:00:00 PM,7/29/2022 12:00:00 PM,SERC,WEST,EKPC,EKPC,1724.440,True
7/29/2022 5:00:00 PM,7/29/2022 1:00:00 PM,SERC,WEST,EKPC,EKPC,1800.290,True
7/29/2022 6:00:00 PM,7/29/2022 2:00:00 PM,SERC,WEST,EKPC,EKPC,1862.069,True
7/29/2022 7:00:00 PM,7/29/2022 3:00:00 PM,SERC,WEST,EKPC,EKPC,1936.070,True
7/29/2022 8:00:00 PM,7/29/2022 4:00:00 PM,SERC,WEST,EKPC,EKPC,1945.590,True
7/29/2022 9:00:00 PM,7/29/2022 5:00:00 PM,SERC,WEST,EKPC,EKPC,1989.194,True
7/29/2022 10:00:00 PM,7/29/2022 6:00:00 PM,SERC,WEST,EKPC,EKPC,1910.796,True
7/29/2022 11:00:00 PM,7/29/2022 7:00:00 PM,SERC,WEST,EKPC,EKPC,1916.564,True
7/30/2022 12:00:00 AM,7/29/2022 8:00:00 PM,SERC,WEST,EKPC,EKPC,1816.953,True
7/30/2022 1:00:00 AM,7/29/2022 9:00:00 PM,SERC,WEST,EKPC,EKPC,1743.737,True
7/30/2022 2:00:00 AM,7/29/2022 10:00:00 PM,SERC,WEST,EKPC,EKPC,1603.410,True
7/30/2022 3:00:00 AM,7/29/2022 11:00:00 PM,SERC,WEST,EKPC,EKPC,1454.051,True
7/30/2022 4:00:00 AM,7/30/2022 12:00:00 AM,SERC,WEST,EKPC,EKPC,1320.911,True
7/30/2022 5:00:00 AM,7/30/2022 1:00:00 AM,SERC,WEST,EKPC,EKPC,1127.360,True
7/30/2022 6:00:00 AM,7/30/2022 2:00:00 AM,SERC,WEST,EKPC,EKPC,1054.877,True
7/30/2022 7:00:00 AM,7/30/2022 3:00:00 AM,SERC,WEST,EKPC,EKPC,1015.701,True
7/30/2022 8:00:00 AM,7/30/2022 4:00:00 AM,SERC,WEST,EKPC,EKPC,1000.293,True
7/30/2022 9:00:00 AM,7/30/2022 5:00:00 AM,SERC,WEST,EKPC,EKPC,1002.529,True
7/30/2022 10:00:00 AM,7/30/2022 6:00:00 AM,SERC,WEST,EKPC,EKPC,1069.959,True
7/30/2022 11:00:00 AM,7/30/2022 7:00:00 AM,SERC,WEST,EKPC,EKPC,1047.336,True
7/30/2022 12:00:00 PM,7/30/2022 8:00:00 AM,SERC,WEST,EKPC,EKPC,1102.524,True
7/30/2022 1:00:00 PM,7/30/2022 9:00:00 AM,SERC,WEST,EKPC,EKPC,1179.955,True
7/30/2022 2:00:00 PM,7/30/2022 10:00:00 AM,SERC,WEST,EKPC,EKPC,1300.867,True
7/30/2022 3:00:00 PM,7/30/2022 11:00:00 AM,SERC,WEST,EKPC,EKPC,1408.900,True
7/30/2022 4:00:00 PM,7/30/2022 12:00:00 PM,SERC,WEST,EKPC,EKPC,1544.201,True
7/30/2022 5:00:00 PM,7/30/2022 1:00:00 PM,SERC,WEST,EKPC,EKPC,1692.972,True
7/30/2022 6:00:00 PM,7/30/2022 2:00:00 PM,SERC,WEST,EKPC,EKPC,1748.641,True
7/30/2022 7:00:00 PM,7/30/2022 3:00:00 PM,SERC,WEST,EKPC,EKPC,1815.280,True
7/30/2022 8:00:00 PM,7/30/2022 4:00:00 PM,SERC,WEST,EKPC,EKPC,1849.037,True
7/30/2022 9:00:00 PM,7/30/2022 5:00:00 PM,SERC,WEST,EKPC,EKPC,1816.942,True
7/30/2022 10:00:00 PM,7/30/2022 6:00:00 PM,SERC,WEST,EKPC,EKPC,1808.361,True
7/30/2022 11:00:00 PM,7/30/2022 7:00:00 PM,SERC,WEST,EKPC,EKPC,1721.921,True
7/31/2022 12:00:00 AM,7/30/2022 8:00:00 PM,SERC,WEST,EKPC,EKPC,1527.001,True
7/31/2022 1:00:00 AM,7/30/2022 9:00:00 PM,SERC,WEST,EKPC,EKPC,1545.655,True
7/31/2022 2:00:00 AM,7/30/2022 10:00:00 PM,SERC,WEST,EKPC,EKPC,1497.359,True
7/31/2022 3:00:00 AM,7/30/2022 11:00:00 PM,SERC,WEST,EKPC,EKPC,1311.403,True
7/31/2022 4:00:00 AM,7/31/2022 12:00:00 AM,SERC,WEST,EKPC,EKPC,1256.401,True
7/31/2022 5:00:00 AM,7/31/2022 1:00:00 AM,SERC,WEST,EKPC,EKPC,1180.283,True
7/31/2022 6:00:00 AM,7/31/2022 2:00:00 AM,SERC,WEST,EKPC,EKPC,1175.149,True
7/31/2022 7:00:00 AM,7/31/2022 3:00:00 AM,SERC,WEST,EKPC,EKPC,1140.051,True
7/31/2022 8:00:00 AM,7/31/2022 4:00:00 AM,SERC,WEST,EKPC,EKPC,1093.429,True
7/31/2022 9:00:00 AM,7/31/2022 5:00:00 AM,SERC,WEST,EKPC,EKPC,1101.775,True
7/31/2022 10:00:00 AM,7/31/2022 6:00:00 AM,SERC,WEST,EKPC,EKPC,1133.842,True
7/31/2022 11:00:00 AM,7/31/2022 7:00:00 AM,SERC,WEST,EKPC,EKPC,1168.829,True
7/31/2022 12:00:00 PM,7/31/2022 8:00:00 AM,SERC,WEST,EKPC,EKPC,1209.954,True
7/31/2022 1:00:00 PM,7/31/2022 9:00:00 AM,SERC,WEST,EKPC,EKPC,1266.241,True
7/31/2022 2:00:00 PM,7/31/2022 10:00:00 AM,SERC,WEST,EKPC,EKPC,1276.946,True
7/31/2022 3:00:00 PM,7/31/2022 11:00:00 AM,SERC,WEST,EKPC,EKPC,1333.402,True
7/31/2022 4:00:00 PM,7/31/2022 12:00:00 PM,SERC,WEST,EKPC,EKPC,1407.750,True
7/31/2022 5:00:00 PM,7/31/2022 1:00:00 PM,SERC,WEST,EKPC,EKPC,1473.278,True
7/31/2022 6:00:00 PM,7/31/2022 2:00:00 PM,SERC,WEST,EKPC,EKPC,1460.829,True
7/31/2022 7:00:00 PM,7/31/2022 3:00:00 PM,SERC,WEST,EKPC,EKPC,1574.073,True
7/31/2022 8:00:00 PM,7/31/2022 4:00:00 PM,SERC,WEST,EKPC,EKPC,1654.797,True
7/31/2022 9:00:00 PM,7/31/2022 5:00:00 PM,SERC,WEST,EKPC,EKPC,1714.730,True
7/31/2022 10:00:00 PM,7/31/2022 6:00:00 PM,SERC,WEST,EKPC,EKPC,1716.945,True
7/31/2022 11:00:00 PM,7/31/2022 7:00:00 PM,SERC,WEST,EKPC,EKPC,1700.170,True
8/1/2022 12:00:00 AM,7/31/2022 8:00:00 PM,SERC,WEST,EKPC,EKPC,1685.226,True
8/1/2022 1:00:00 AM,7/31/2022 9:00:00 PM,SERC,WEST,EKPC,EKPC,1549.473,True
8/1/2022 2:00:00 AM,7/31/2022 10:00:00 PM,SERC,WEST,EKPC,EKPC,1508.061,True
8/1/2022 3:00:00 AM,7/31/2022 11:00:00 PM,SERC,WEST,EKPC,EKPC,1419.678,True
8/1/2022 4:00:00 AM,8/1/2022 12:00:00 AM,SERC,WEST,EKPC,EKPC,1316.399,True
8/1/2022 5:00:00 AM,8/1/2022 1:00:00 AM,SERC,WEST,EKPC,EKPC,1256.232,True
8/1/2022 6:00:00 AM,8/1/2022 2:00:00 AM,SERC,WEST,EKPC,EKPC,1221.835,True
8/1/2022 7:00:00 AM,8/1/2022 3:00:00 AM,SERC,WEST,EKPC,EKPC,1223.427,True
8/1/2022 8:00:00 AM,8/1/2022 4:00:00 AM,SERC,WEST,EKPC,EKPC,1228.305,True
8/1/2022 9:00:00 AM,8/1/2022 5:00:00 AM,SERC,WEST,EKPC,EKPC,1288.737,True
8/1/2022 10:00:00 AM,8/1/2022 6:00:00 AM,SERC,WEST,EKPC,EKPC,1361.396,True
8/1/2022 11:00:00 AM,8/1/2022 7:00:00 AM,SERC,WEST,EKPC,EKPC,1380.514,True
8/1/2022 12:00:00 PM,8/1/2022 8:00:00 AM,SERC,WEST,EKPC,EKPC,1421.106,True
8/1/2022 1:00:00 PM,8/1/2022 9:00:00 AM,SERC,WEST,EKPC,EKPC,1525.787,True
8/1/2022 2:00:00 PM,8/1/2022 10:00:00 AM,SERC,WEST,EKPC,EKPC,1622.908,True
8/1/2022 3:00:00 PM,8/1/2022 11:00:00 AM,SERC,WEST,EKPC,EKPC,1716.197,True
8/1/2022 4:00:00 PM,8/1/2022 12:00:00 PM,SERC,WEST,EKPC,EKPC,1764.272,True
8/1/2022 5:00:00 PM,8/1/2022 1:00:00 PM,SERC,WEST,EKPC,EKPC,1916.944,True
8/1/2022 6:00:00 PM,8/1/2022 2:00:00 PM,SERC,WEST,EKPC,EKPC,2006.398,True
8/1/2022 7:00:00 PM,8/1/2022 3:00:00 PM,SERC,WEST,EKPC,EKPC,2072.369,True
8/1/2022 8:00:00 PM,8/1/2022 4:00:00 PM,SERC,WEST,EKPC,EKPC,2098.287,True
8/1/2022 9:00:00 PM,8/1/2022 5:00:00 PM,SERC,WEST,EKPC,EKPC,2165.019,True
8/1/2022 10:00:00 PM,8/1/2022 6:00:00 PM,SERC,WEST,EKPC,EKPC,2199.870,True
8/1/2022 11:00:00 PM,8/1/2022 7:00:00 PM,SERC,WEST,EKPC,EKPC,2048.630,True
8/2/2022 12:00:00 AM,8/1/2022 8:00:00 PM,SERC,WEST,EKPC,EKPC,1954.866,True
8/2/2022 1:00:00 AM,8/1/2022 9:00:00 PM,SERC,WEST,EKPC,EKPC,1885.942,True
8/2/2022 2:00:00 AM,8/1/2022 10:00:00 PM,SERC,WEST,EKPC,EKPC,1787.401,True
8/2/2022 3:00:00 AM,8/1/2022 11:00:00 PM,SERC,WEST,EKPC,EKPC,1640.335,True
8/2/2022 4:00:00 AM,8/2/2022 12:00:00 AM,SERC,WEST,EKPC,EKPC,1468.292,True
8/2/2022 5:00:00 AM,8/2/2022 1:00:00 AM,SERC,WEST,EKPC,EKPC,1448.691,True
8/2/2022 6:00:00 AM,8/2/2022 2:00:00 AM,SERC,WEST,EKPC,EKPC,1420.736,True
8/2/2022 7:00:00 AM,8/2/2022 3:00:00 AM,SERC,WEST,EKPC,EKPC,1354.143,True
8/2/2022 8:00:00 AM,8/2/2022 4:00:00 AM,SERC,WEST,EKPC,EKPC,1335.712,True
8/2/2022 9:00:00 AM,8/2/2022 5:00:00 AM,SERC,WEST,EKPC,EKPC,1367.683,True
8/2/2022 10:00:00 AM,8/2/2022 6:00:00 AM,SERC,WEST,EKPC,EKPC,1415.116,True
8/2/2022 11:00:00 AM,8/2/2022 7:00:00 AM,SERC,WEST,EKPC,EKPC,1390.597,True
8/2/2022 12:00:00 PM,8/2/2022 8:00:00 AM,SERC,WEST,EKPC,EKPC,1430.545,True
8/2/2022 1:00:00 PM,8/2/2022 9:00:00 AM,SERC,WEST,EKPC,EKPC,1592.768,True
8/2/2022 2:00:00 PM,8/2/2022 10:00:00 AM,SERC,WEST,EKPC,EKPC,1732.429,True
8/2/2022 3:00:00 PM,8/2/2022 11:00:00 AM,SERC,WEST,EKPC,EKPC,1810.490,True
8/2/2022 4:00:00 PM,8/2/2022 12:00:00 PM,SERC,WEST,EKPC,EKPC,1907.949,True
8/2/2022 5:00:00 PM,8/2/2022 1:00:00 PM,SERC,WEST,EKPC,EKPC,2028.768,True
8/2/2022 6:00:00 PM,8/2/2022 2:00:00 PM,SERC,WEST,EKPC,EKPC,2093.860,True
8/2/2022 7:00:00 PM,8/2/2022 3:00:00 PM,SERC,WEST,EKPC,EKPC,2134.928,True
8/2/2022 8:00:00 PM,8/2/2022 4:00:00 PM,SERC,WEST,EKPC,EKPC,2108.873,True
8/2/2022 9:00:00 PM,8/2/2022 5:00:00 PM,SERC,WEST,EKPC,EKPC,2166.909,True
8/2/2022 10:00:00 PM,8/2/2022 6:00:00 PM,SERC,WEST,EKPC,EKPC,2215.577,True
8/2/2022 11:00:00 PM,8/2/2022 7:00:00 PM,SERC,WEST,EKPC,EKPC,2131.685,True
8/3/2022 12:00:00 AM,8/2/2022 8:00:00 PM,SERC,WEST,EKPC,EKPC,2042.127,True
8/3/2022 1:00:00 AM,8/2/2022 9:00:00 PM,SERC,WEST,EKPC,EKPC,1926.110,True
8/3/2022 2:00:00 AM,8/2/2022 10:00:00 PM,SERC,WEST,EKPC,EKPC,1774.272,True
8/3/2022 3:00:00 AM,8/2/2022 11:00:00 PM,SERC,WEST,EKPC,EKPC,1549.807,True
8/3/2022 4:00:00 AM,8/3/2022 12:00:00 AM,SERC,WEST,EKPC,EKPC,1430.888,True
8/3/2022 5:00:00 AM,8/3/2022 1:00:00 AM,SERC,WEST,EKPC,EKPC,1347.980,True
8/3/2022 6:00:00 AM,8/3/2022 2:00:00 AM,SERC,WEST,EKPC,EKPC,1280.016,True
8/3/2022 7:00:00 AM,8/3/2022 3:00:00 AM,SERC,WEST,EKPC,EKPC,1225.593,True
8/3/2022 8:00:00 AM,8/3/2022 4:00:00 AM,SERC,WEST,EKPC,EKPC,1146.048,True
8/3/2022 9:00:00 AM,8/3/2022 5:00:00 AM,SERC,WEST,EKPC,EKPC,1203.442,True
8/3/2022 10:00:00 AM,8/3/2022 6:00:00 AM,SERC,WEST,EKPC,EKPC,1330.798,True
8/3/2022 11:00:00 AM,8/3/2022 7:00:00 AM,SERC,WEST,EKPC,EKPC,1384.501,True
8/3/2022 12:00:00 PM,8/3/2022 8:00:00 AM,SERC,WEST,EKPC,EKPC,1478.649,True
8/3/2022 1:00:00 PM,8/3/2022 9:00:00 AM,SERC,WEST,EKPC,EKPC,1631.916,True
8/3/2022 2:00:00 PM,8/3/2022 10:00:00 AM,SERC,WEST,EKPC,EKPC,1760.830,True
8/3/2022 3:00:00 PM,8/3/2022 11:00:00 AM,SERC,WEST,EKPC,EKPC,1950.197,True
8/3/2022 4:00:00 PM,8/3/2022 12:00:00 PM,SERC,WEST,EKPC,EKPC,2100.241,True
8/3/2022 5:00:00 PM,8/3/2022 1:00:00 PM,SERC,WEST,EKPC,EKPC,2152.552,True
8/3/2022 6:00:00 PM,8/3/2022 2:00:00 PM,SERC,WEST,EKPC,EKPC,2268.098,True
8/3/2022 7:00:00 PM,8/3/2022 3:00:00 PM,SERC,WEST,EKPC,EKPC,2334.839,True
8/3/2022 8:00:00 PM,8/3/2022 4:00:00 PM,SERC,WEST,EKPC,EKPC,2371.880,True
8/3/2022 9:00:00 PM,8/3/2022 5:00:00 PM,SERC,WEST,EKPC,EKPC,2283.976,True
8/3/2022 10:00:00 PM,8/3/2022 6:00:00 PM,SERC,WEST,EKPC,EKPC,2272.116,True
8/3/2022 11:00:00 PM,8/3/2022 7:00:00 PM,SERC,WEST,EKPC,EKPC,2245.135,True
8/4/2022 12:00:00 AM,8/3/2022 8:00:00 PM,SERC,WEST,EKPC,EKPC,2197.374,True
8/4/2022 1:00:00 AM,8/3/2022 9:00:00 PM,SERC,WEST,EKPC,EKPC,2116.804,True
8/4/2022 2:00:00 AM,8/3/2022 10:00:00 PM,SERC,WEST,EKPC,EKPC,1981.820,True
8/4/2022 3:00:00 AM,8/3/2022 11:00:00 PM,SERC,WEST,EKPC,EKPC,1783.800,True
8/4/2022 4:00:00 AM,8/4/2022 12:00:00 AM,SERC,WEST,EKPC,EKPC,1615.883,True
8/4/2022 5:00:00 AM,8/4/2022 1:00:00 AM,SERC,WEST,EKPC,EKPC,1493.974,True
8/4/2022 6:00:00 AM,8/4/2022 2:00:00 AM,SERC,WEST,EKPC,EKPC,1421.841,True
8/4/2022 7:00:00 AM,8/4/2022 3:00:00 AM,SERC,WEST,EKPC,EKPC,1361.434,True
8/4/2022 8:00:00 AM,8/4/2022 4:00:00 AM,SERC,WEST,EKPC,EKPC,1337.170,True
8/4/2022 9:00:00 AM,8/4/2022 5:00:00 AM,SERC,WEST,EKPC,EKPC,1266.847,True
8/4/2022 10:00:00 AM,8/4/2022 6:00:00 AM,SERC,WEST,EKPC,EKPC,1304.118,True
8/4/2022 11:00:00 AM,8/4/2022 7:00:00 AM,SERC,WEST,EKPC,EKPC,1350.500,True
8/4/2022 12:00:00 PM,8/4/2022 8:00:00 AM,SERC,WEST,EKPC,EKPC,1456.926,True
8/4/2022 1:00:00 PM,8/4/2022 9:00:00 AM,SERC,WEST,EKPC,EKPC,1584.894,True
8/4/2022 2:00:00 PM,8/4/2022 10:00:00 AM,SERC,WEST,EKPC,EKPC,1705.930,True
8/4/2022 3:00:00 PM,8/4/2022 11:00:00 AM,SERC,WEST,EKPC,EKPC,1840.697,True
8/4/2022 4:00:00 PM,8/4/2022 12:00:00 PM,SERC,WEST,EKPC,EKPC,1975.485,True
8/4/2022 5:00:00 PM,8/4/2022 1:00:00 PM,SERC,WEST,EKPC,EKPC,2052.246,True
8/4/2022 6:00:00 PM,8/4/2022 2:00:00 PM,SERC,WEST,EKPC,EKPC,2132.831,True
8/4/2022 7:00:00 PM,8/4/2022 3:00:00 PM,SERC,WEST,EKPC,EKPC,2117.384,True
8/4/2022 8:00:00 PM,8/4/2022 4:00:00 PM,SERC,WEST,EKPC,EKPC,2175.371,True
8/4/2022 9:00:00 PM,8/4/2022 5:00:00 PM,SERC,WEST,EKPC,EKPC,2096.832,True
8/4/2022 10:00:00 PM,8/4/2022 6:00:00 PM,SERC,WEST,EKPC,EKPC,2006.921,True
8/4/2022 11:00:00 PM,8/4/2022 7:00:00 PM,SERC,WEST,EKPC,EKPC,1926.548,True
8/5/2022 12:00:00 AM,8/4/2022 8:00:00 PM,SERC,WEST,EKPC,EKPC,1880.294,True
8/5/2022 1:00:00 AM,8/4/2022 9:00:00 PM,SERC,WEST,EKPC,EKPC,1802.541,True
8/5/2022 2:00:00 AM,8/4/2022 10:00:00 PM,SERC,WEST,EKPC,EKPC,1700.088,True
8/5/2022 3:00:00 AM,8/4/2022 11:00:00 PM,SERC,WEST,EKPC,EKPC,1600.109,True
8/5/2022 4:00:00 AM,8/5/2022 12:00:00 AM,SERC,WEST,EKPC,EKPC,1452.612,True
8/5/2022 5:00:00 AM,8/5/2022 1:00:00 AM,SERC,WEST,EKPC,EKPC,1370.459,True
8/5/2022 6:00:00 AM,8/5/2022 2:00:00 AM,SERC,WEST,EKPC,EKPC,1325.908,True
8/5/2022 7:00:00 AM,8/5/2022 3:00:00 AM,SERC,WEST,EKPC,EKPC,1268.939,True
8/5/2022 8:00:00 AM,8/5/2022 4:00:00 AM,SERC,WEST,EKPC,EKPC,1276.401,True
8/5/2022 9:00:00 AM,8/5/2022 5:00:00 AM,SERC,WEST,EKPC,EKPC,1233.513,True
8/5/2022 10:00:00 AM,8/5/2022 6:00:00 AM,SERC,WEST,EKPC,EKPC,1294.733,True
8/5/2022 11:00:00 AM,8/5/2022 7:00:00 AM,SERC,WEST,EKPC,EKPC,1324.022,True
8/5/2022 12:00:00 PM,8/5/2022 8:00:00 AM,SERC,WEST,EKPC,EKPC,1356.204,True
8/5/2022 1:00:00 PM,8/5/2022 9:00:00 AM,SERC,WEST,EKPC,EKPC,1417.787,True
8/5/2022 2:00:00 PM,8/5/2022 10:00:00 AM,SERC,WEST,EKPC,EKPC,1534.726,True
8/5/2022 3:00:00 PM,8/5/2022 11:00:00 AM,SERC,WEST,EKPC,EKPC,1573.516,True
8/5/2022 4:00:00 PM,8/5/2022 12:00:00 PM,SERC,WEST,EKPC,EKPC,1642.253,True
8/5/2022 5:00:00 PM,8/5/2022 1:00:00 PM,SERC,WEST,EKPC,EKPC,1660.352,True
8/5/2022 6:00:00 PM,8/5/2022 2:00:00 PM,SERC,WEST,EKPC,EKPC,1660.120,True
8/5/2022 7:00:00 PM,8/5/2022 3:00:00 PM,SERC,WEST,EKPC,EKPC,1680.016,True
8/5/2022 8:00:00 PM,8/5/2022 4:00:00 PM,SERC,WEST,EKPC,EKPC,1725.812,True
8/5/2022 9:00:00 PM,8/5/2022 5:00:00 PM,SERC,WEST,EKPC,EKPC,1794.237,True
8/5/2022 10:00:00 PM,8/5/2022 6:00:00 PM,SERC,WEST,EKPC,EKPC,1818.924,True
8/5/2022 11:00:00 PM,8/5/2022 7:00:00 PM,SERC,WEST,EKPC,EKPC,1793.082,True
8/6/2022 12:00:00 AM,8/5/2022 8:00:00 PM,SERC,WEST,EKPC,EKPC,1757.305,True
8/6/2022 1:00:00 AM,8/5/2022 9:00:00 PM,SERC,WEST,EKPC,EKPC,1747.790,True
8/6/2022 2:00:00 AM,8/5/2022 10:00:00 PM,SERC,WEST,EKPC,EKPC,1659.539,True
8/6/2022 3:00:00 AM,8/5/2022 11:00:00 PM,SERC,WEST,EKPC,EKPC,1480.546,True
8/6/2022 4:00:00 AM,8/6/2022 12:00:00 AM,SERC,WEST,EKPC,EKPC,1314.917,True
8/6/2022 5:00:00 AM,8/6/2022 1:00:00 AM,SERC,WEST,EKPC,EKPC,1254.286,True
8/6/2022 6:00:00 AM,8/6/2022 2:00:00 AM,SERC,WEST,EKPC,EKPC,1198.046,True
8/6/2022 7:00:00 AM,8/6/2022 3:00:00 AM,SERC,WEST,EKPC,EKPC,1219.192,True
8/6/2022 8:00:00 AM,8/6/2022 4:00:00 AM,SERC,WEST,EKPC,EKPC,1217.091,True
8/6/2022 9:00:00 AM,8/6/2022 5:00:00 AM,SERC,WEST,EKPC,EKPC,1211.391,True
8/6/2022 10:00:00 AM,8/6/2022 6:00:00 AM,SERC,WEST,EKPC,EKPC,1224.604,True
8/6/2022 11:00:00 AM,8/6/2022 7:00:00 AM,SERC,WEST,EKPC,EKPC,1208.234,True
8/6/2022 12:00:00 PM,8/6/2022 8:00:00 AM,SERC,WEST,EKPC,EKPC,1264.496,True
8/6/2022 1:00:00 PM,8/6/2022 9:00:00 AM,SERC,WEST,EKPC,EKPC,1416.183,True
8/6/2022 2:00:00 PM,8/6/2022 10:00:00 AM,SERC,WEST,EKPC,EKPC,1527.731,True
8/6/2022 3:00:00 PM,8/6/2022 11:00:00 AM,SERC,WEST,EKPC,EKPC,1657.502,True
8/6/2022 4:00:00 PM,8/6/2022 12:00:00 PM,SERC,WEST,EKPC,EKPC,1713.452,True
8/6/2022 5:00:00 PM,8/6/2022 1:00:00 PM,SERC,WEST,EKPC,EKPC,1795.580,True
8/6/2022 6:00:00 PM,8/6/2022 2:00:00 PM,SERC,WEST,EKPC,EKPC,1855.358,True
8/6/2022 7:00:00 PM,8/6/2022 3:00:00 PM,SERC,WEST,EKPC,EKPC,1872.290,True
8/6/2022 8:00:00 PM,8/6/2022 4:00:00 PM,SERC,WEST,EKPC,EKPC,1887.531,True
8/6/2022 9:00:00 PM,8/6/2022 5:00:00 PM,SERC,WEST,EKPC,EKPC,1862.778,True
8/6/2022 10:00:00 PM,8/6/2022 6:00:00 PM,SERC,WEST,EKPC,EKPC,1801.268,True
8/6/2022 11:00:00 PM,8/6/2022 7:00:00 PM,SERC,WEST,EKPC,EKPC,1728.351,True
8/7/2022 12:00:00 AM,8/6/2022 8:00:00 PM,SERC,WEST,EKPC,EKPC,1693.413,True
8/7/2022 1:00:00 AM,8/6/2022 9:00:00 PM,SERC,WEST,EKPC,EKPC,1630.580,True
8/7/2022 2:00:00 AM,8/6/2022 10:00:00 PM,SERC,WEST,EKPC,EKPC,1540.884,True
8/7/2022 3:00:00 AM,8/6/2022 11:00:00 PM,SERC,WEST,EKPC,EKPC,1417.431,True
8/7/2022 4:00:00 AM,8/7/2022 12:00:00 AM,SERC,WEST,EKPC,EKPC,1304.470,True
8/7/2022 5:00:00 AM,8/7/2022 1:00:00 AM,SERC,WEST,EKPC,EKPC,1226.040,True
8/7/2022 6:00:00 AM,8/7/2022 2:00:00 AM,SERC,WEST,EKPC,EKPC,1168.439,True
8/7/2022 7:00:00 AM,8/7/2022 3:00:00 AM,SERC,WEST,EKPC,EKPC,1128.593,True
8/7/2022 8:00:00 AM,8/7/2022 4:00:00 AM,SERC,WEST,EKPC,EKPC,1098.982,True
8/7/2022 9:00:00 AM,8/7/2022 5:00:00 AM,SERC,WEST,EKPC,EKPC,1108.332,True
8/7/2022 10:00:00 AM,8/7/2022 6:00:00 AM,SERC,WEST,EKPC,EKPC,1112.082,True
8/7/2022 11:00:00 AM,8/7/2022 7:00:00 AM,SERC,WEST,EKPC,EKPC,1150.313,True
8/7/2022 12:00:00 PM,8/7/2022 8:00:00 AM,SERC,WEST,EKPC,EKPC,1293.446,True
8/7/2022 1:00:00 PM,8/7/2022 9:00:00 AM,SERC,WEST,EKPC,EKPC,1487.409,True
8/7/2022 2:00:00 PM,8/7/2022 10:00:00 AM,SERC,WEST,EKPC,EKPC,1642.009,True
8/7/2022 3:00:00 PM,8/7/2022 11:00:00 AM,SERC,WEST,EKPC,EKPC,1743.930,True
8/7/2022 4:00:00 PM,8/7/2022 12:00:00 PM,SERC,WEST,EKPC,EKPC,1869.416,True
8/7/2022 5:00:00 PM,8/7/2022 1:00:00 PM,SERC,WEST,EKPC,EKPC,1957.726,True
8/7/2022 6:00:00 PM,8/7/2022 2:00:00 PM,SERC,WEST,EKPC,EKPC,2056.668,True
8/7/2022 7:00:00 PM,8/7/2022 3:00:00 PM,SERC,WEST,EKPC,EKPC,1990.418,True
8/7/2022 8:00:00 PM,8/7/2022 4:00:00 PM,SERC,WEST,EKPC,EKPC,2021.923,True
8/7/2022 9:00:00 PM,8/7/2022 5:00:00 PM,SERC,WEST,EKPC,EKPC,2116.442,True
8/7/2022 10:00:00 PM,8/7/2022 6:00:00 PM,SERC,WEST,EKPC,EKPC,2074.391,True
8/7/2022 11:00:00 PM,8/7/2022 7:00:00 PM,SERC,WEST,EKPC,EKPC,1946.163,True
8/8/2022 12:00:00 AM,8/7/2022 8:00:00 PM,SERC,WEST,EKPC,EKPC,1900.440,True
8/8/2022 1:00:00 AM,8/7/2022 9:00:00 PM,SERC,WEST,EKPC,EKPC,1822.249,True
8/8/2022 2:00:00 AM,8/7/2022 10:00:00 PM,SERC,WEST,EKPC,EKPC,1672.987,True
8/8/2022 3:00:00 AM,8/7/2022 11:00:00 PM,SERC,WEST,EKPC,EKPC,1499.966,True
8/8/2022 4:00:00 AM,8/8/2022 12:00:00 AM,SERC,WEST,EKPC,EKPC,1375.066,True
8/8/2022 5:00:00 AM,8/8/2022 1:00:00 AM,SERC,WEST,EKPC,EKPC,1233.563,True
8/8/2022 6:00:00 AM,8/8/2022 2:00:00 AM,SERC,WEST,EKPC,EKPC,1144.610,True
8/8/2022 7:00:00 AM,8/8/2022 3:00:00 AM,SERC,WEST,EKPC,EKPC,1120.242,True
8/8/2022 8:00:00 AM,8/8/2022 4:00:00 AM,SERC,WEST,EKPC,EKPC,1104.042,True
8/8/2022 9:00:00 AM,8/8/2022 5:00:00 AM,SERC,WEST,EKPC,EKPC,1160.535,True
8/8/2022 10:00:00 AM,8/8/2022 6:00:00 AM,SERC,WEST,EKPC,EKPC,1220.217,True
8/8/2022 11:00:00 AM,8/8/2022 7:00:00 AM,SERC,WEST,EKPC,EKPC,1291.843,True
8/8/2022 12:00:00 PM,8/8/2022 8:00:00 AM,SERC,WEST,EKPC,EKPC,1384.783,True
8/8/2022 1:00:00 PM,8/8/2022 9:00:00 AM,SERC,WEST,EKPC,EKPC,1511.923,True
8/8/2022 2:00:00 PM,8/8/2022 10:00:00 AM,SERC,WEST,EKPC,EKPC,1712.780,True
8/8/2022 3:00:00 PM,8/8/2022 11:00:00 AM,SERC,WEST,EKPC,EKPC,1837.240,True
8/8/2022 4:00:00 PM,8/8/2022 12:00:00 PM,SERC,WEST,EKPC,EKPC,2062.076,True
8/8/2022 5:00:00 PM,8/8/2022 1:00:00 PM,SERC,WEST,EKPC,EKPC,2153.177,True
8/8/2022 6:00:00 PM,8/8/2022 2:00:00 PM,SERC,WEST,EKPC,EKPC,2119.355,True
8/8/2022 7:00:00 PM,8/8/2022 3:00:00 PM,SERC,WEST,EKPC,EKPC,2216.494,True
8/8/2022 8:00:00 PM,8/8/2022 4:00:00 PM,SERC,WEST,EKPC,EKPC,2289.491,True
8/8/2022 9:00:00 PM,8/8/2022 5:00:00 PM,SERC,WEST,EKPC,EKPC,2263.023,True
8/8/2022 10:00:00 PM,8/8/2022 6:00:00 PM,SERC,WEST,EKPC,EKPC,2278.208,True
8/8/2022 11:00:00 PM,8/8/2022 7:00:00 PM,SERC,WEST,EKPC,EKPC,2279.758,True
8/9/2022 12:00:00 AM,8/8/2022 8:00:00 PM,SERC,WEST,EKPC,EKPC,2217.152,True
8/9/2022 1:00:00 AM,8/8/2022 9:00:00 PM,SERC,WEST,EKPC,EKPC,2119.151,True
8/9/2022 2:00:00 AM,8/8/2022 10:00:00 PM,SERC,WEST,EKPC,EKPC,1919.310,True
8/9/2022 3:00:00 AM,8/8/2022 11:00:00 PM,SERC,WEST,EKPC,EKPC,1737.451,True
8/9/2022 4:00:00 AM,8/9/2022 12:00:00 AM,SERC,WEST,EKPC,EKPC,1601.986,True
8/9/2022 5:00:00 AM,8/9/2022 1:00:00 AM,SERC,WEST,EKPC,EKPC,1507.200,True
8/9/2022 6:00:00 AM,8/9/2022 2:00:00 AM,SERC,WEST,EKPC,EKPC,1436.712,True
8/9/2022 7:00:00 AM,8/9/2022 3:00:00 AM,SERC,WEST,EKPC,EKPC,1379.118,True
8/9/2022 8:00:00 AM,8/9/2022 4:00:00 AM,SERC,WEST,EKPC,EKPC,1354.484,True
8/9/2022 9:00:00 AM,8/9/2022 5:00:00 AM,SERC,WEST,EKPC,EKPC,1377.392,True
8/9/2022 10:00:00 AM,8/9/2022 6:00:00 AM,SERC,WEST,EKPC,EKPC,1441.191,True
8/9/2022 11:00:00 AM,8/9/2022 7:00:00 AM,SERC,WEST,EKPC,EKPC,1500.073,True
8/9/2022 12:00:00 PM,8/9/2022 8:00:00 AM,SERC,WEST,EKPC,EKPC,1531.815,True
8/9/2022 1:00:00 PM,8/9/2022 9:00:00 AM,SERC,WEST,EKPC,EKPC,1648.018,True
8/9/2022 2:00:00 PM,8/9/2022 10:00:00 AM,SERC,WEST,EKPC,EKPC,1768.620,True
8/9/2022 3:00:00 PM,8/9/2022 11:00:00 AM,SERC,WEST,EKPC,EKPC,1956.273,True
8/9/2022 4:00:00 PM,8/9/2022 12:00:00 PM,SERC,WEST,EKPC,EKPC,2055.474,True
8/9/2022 5:00:00 PM,8/9/2022 1:00:00 PM,SERC,WEST,EKPC,EKPC,2152.540,True
8/9/2022 6:00:00 PM,8/9/2022 2:00:00 PM,SERC,WEST,EKPC,EKPC,2184.959,True
8/9/2022 7:00:00 PM,8/9/2022 3:00:00 PM,SERC,WEST,EKPC,EKPC,2232.319,True
8/9/2022 8:00:00 PM,8/9/2022 4:00:00 PM,SERC,WEST,EKPC,EKPC,2286.430,True
8/9/2022 9:00:00 PM,8/9/2022 5:00:00 PM,SERC,WEST,EKPC,EKPC,2276.065,True
8/9/2022 10:00:00 PM,8/9/2022 6:00:00 PM,SERC,WEST,EKPC,EKPC,2246.294,True
8/9/2022 11:00:00 PM,8/9/2022 7:00:00 PM,SERC,WEST,EKPC,EKPC,2119.441,True
8/10/2022 12:00:00 AM,8/9/2022 8:00:00 PM,SERC,WEST,EKPC,EKPC,2088.896,True
8/10/2022 1:00:00 AM,8/9/2022 9:00:00 PM,SERC,WEST,EKPC,EKPC,2007.316,True
8/10/2022 2:00:00 AM,8/9/2022 10:00:00 PM,SERC,WEST,EKPC,EKPC,1805.608,True
8/10/2022 3:00:00 AM,8/9/2022 11:00:00 PM,SERC,WEST,EKPC,EKPC,1580.529,True
8/10/2022 4:00:00 AM,8/10/2022 12:00:00 AM,SERC,WEST,EKPC,EKPC,1469.719,True
8/10/2022 5:00:00 AM,8/10/2022 1:00:00 AM,SERC,WEST,EKPC,EKPC,1353.337,True
8/10/2022 6:00:00 AM,8/10/2022 2:00:00 AM,SERC,WEST,EKPC,EKPC,1267.013,True
8/10/2022 7:00:00 AM,8/10/2022 3:00:00 AM,SERC,WEST,EKPC,EKPC,1263.492,True
8/10/2022 8:00:00 AM,8/10/2022 4:00:00 AM,SERC,WEST,EKPC,EKPC,1307.148,True
8/10/2022 9:00:00 AM,8/10/2022 5:00:00 AM,SERC,WEST,EKPC,EKPC,1344.640,True
8/10/2022 10:00:00 AM,8/10/2022 6:00:00 AM,SERC,WEST,EKPC,EKPC,1381.794,True
8/10/2022 11:00:00 AM,8/10/2022 7:00:00 AM,SERC,WEST,EKPC,EKPC,1420.272,True
8/10/2022 12:00:00 PM,8/10/2022 8:00:00 AM,SERC,WEST,EKPC,EKPC,1498.943,True
8/10/2022 1:00:00 PM,8/10/2022 9:00:00 AM,SERC,WEST,EKPC,EKPC,1554.973,True
8/10/2022 2:00:00 PM,8/10/2022 10:00:00 AM,SERC,WEST,EKPC,EKPC,1689.446,True
8/10/2022 3:00:00 PM,8/10/2022 11:00:00 AM,SERC,WEST,EKPC,EKPC,1825.472,True
8/10/2022 4:00:00 PM,8/10/2022 12:00:00 PM,SERC,WEST,EKPC,EKPC,1850.835,True
8/10/2022 5:00:00 PM,8/10/2022 1:00:00 PM,SERC,WEST,EKPC,EKPC,1967.132,True
8/10/2022 6:00:00 PM,8/10/2022 2:00:00 PM,SERC,WEST,EKPC,EKPC,2040.530,True
8/10/2022 7:00:00 PM,8/10/2022 3:00:00 PM,SERC,WEST,EKPC,EKPC,2079.038,True
8/10/2022 8:00:00 PM,8/10/2022 4:00:00 PM,SERC,WEST,EKPC,EKPC,2048.902,True
8/10/2022 9:00:00 PM,8/10/2022 5:00:00 PM,SERC,WEST,EKPC,EKPC,2008.687,True
8/10/2022 10:00:00 PM,8/10/2022 6:00:00 PM,SERC,WEST,EKPC,EKPC,1913.176,True
8/10/2022 11:00:00 PM,8/10/2022 7:00:00 PM,SERC,WEST,EKPC,EKPC,1905.932,True
8/11/2022 12:00:00 AM,8/10/2022 8:00:00 PM,SERC,WEST,EKPC,EKPC,1835.548,True
8/11/2022 1:00:00 AM,8/10/2022 9:00:00 PM,SERC,WEST,EKPC,EKPC,1783.675,True
8/11/2022 2:00:00 AM,8/10/2022 10:00:00 PM,SERC,WEST,EKPC,EKPC,1620.498,True
8/11/2022 3:00:00 AM,8/10/2022 11:00:00 PM,SERC,WEST,EKPC,EKPC,1459.146,True
8/11/2022 4:00:00 AM,8/11/2022 12:00:00 AM,SERC,WEST,EKPC,EKPC,1379.369,True
8/11/2022 5:00:00 AM,8/11/2022 1:00:00 AM,SERC,WEST,EKPC,EKPC,1225.505,True
8/11/2022 6:00:00 AM,8/11/2022 2:00:00 AM,SERC,WEST,EKPC,EKPC,1181.006,True
8/11/2022 7:00:00 AM,8/11/2022 3:00:00 AM,SERC,WEST,EKPC,EKPC,1155.071,True
8/11/2022 8:00:00 AM,8/11/2022 4:00:00 AM,SERC,WEST,EKPC,EKPC,1165.133,True
8/11/2022 9:00:00 AM,8/11/2022 5:00:00 AM,SERC,WEST,EKPC,EKPC,1198.838,True
8/11/2022 10:00:00 AM,8/11/2022 6:00:00 AM,SERC,WEST,EKPC,EKPC,1375.365,True
8/11/2022 11:00:00 AM,8/11/2022 7:00:00 AM,SERC,WEST,EKPC,EKPC,1388.580,True
8/11/2022 12:00:00 PM,8/11/2022 8:00:00 AM,SERC,WEST,EKPC,EKPC,1406.705,True
8/11/2022 1:00:00 PM,8/11/2022 9:00:00 AM,SERC,WEST,EKPC,EKPC,1465.026,True
8/11/2022 2:00:00 PM,8/11/2022 10:00:00 AM,SERC,WEST,EKPC,EKPC,1512.737,True
8/11/2022 3:00:00 PM,8/11/2022 11:00:00 AM,SERC,WEST,EKPC,EKPC,1641.797,True
8/11/2022 4:00:00 PM,8/11/2022 12:00:00 PM,SERC,WEST,EKPC,EKPC,1764.979,True
8/11/2022 5:00:00 PM,8/11/2022 1:00:00 PM,SERC,WEST,EKPC,EKPC,1817.222,True
8/11/2022 6:00:00 PM,8/11/2022 2:00:00 PM,SERC,WEST,EKPC,EKPC,1947.574,True
8/11/2022 7:00:00 PM,8/11/2022 3:00:00 PM,SERC,WEST,EKPC,EKPC,2069.171,True
8/11/2022 8:00:00 PM,8/11/2022 4:00:00 PM,SERC,WEST,EKPC,EKPC,2049.873,True
8/11/2022 9:00:00 PM,8/11/2022 5:00:00 PM,SERC,WEST,EKPC,EKPC,2059.509,True
8/11/2022 10:00:00 PM,8/11/2022 6:00:00 PM,SERC,WEST,EKPC,EKPC,2079.380,True
8/11/2022 11:00:00 PM,8/11/2022 7:00:00 PM,SERC,WEST,EKPC,EKPC,2062.961,True
8/12/2022 12:00:00 AM,8/11/2022 8:00:00 PM,SERC,WEST,EKPC,EKPC,1938.675,True
8/12/2022 1:00:00 AM,8/11/2022 9:00:00 PM,SERC,WEST,EKPC,EKPC,1774.658,True
8/12/2022 2:00:00 AM,8/11/2022 10:00:00 PM,SERC,WEST,EKPC,EKPC,1621.049,True
8/12/2022 3:00:00 AM,8/11/2022 11:00:00 PM,SERC,WEST,EKPC,EKPC,1522.874,True
8/12/2022 4:00:00 AM,8/12/2022 12:00:00 AM,SERC,WEST,EKPC,EKPC,1377.824,True
8/12/2022 5:00:00 AM,8/12/2022 1:00:00 AM,SERC,WEST,EKPC,EKPC,1281.727,True
8/12/2022 6:00:00 AM,8/12/2022 2:00:00 AM,SERC,WEST,EKPC,EKPC,1153.219,True
8/12/2022 7:00:00 AM,8/12/2022 3:00:00 AM,SERC,WEST,EKPC,EKPC,1124.900,True
8/12/2022 8:00:00 AM,8/12/2022 4:00:00 AM,SERC,WEST,EKPC,EKPC,1148.127,True
8/12/2022 9:00:00 AM,8/12/2022 5:00:00 AM,SERC,WEST,EKPC,EKPC,1175.792,True
8/12/2022 10:00:00 AM,8/12/2022 6:00:00 AM,SERC,WEST,EKPC,EKPC,1299.065,True
8/12/2022 11:00:00 AM,8/12/2022 7:00:00 AM,SERC,WEST,EKPC,EKPC,1291.137,True
8/12/2022 12:00:00 PM,8/12/2022 8:00:00 AM,SERC,WEST,EKPC,EKPC,1282.633,True
8/12/2022 1:00:00 PM,8/12/2022 9:00:00 AM,SERC,WEST,EKPC,EKPC,1338.451,True
8/12/2022 2:00:00 PM,8/12/2022 10:00:00 AM,SERC,WEST,EKPC,EKPC,1417.423,True
8/12/2022 3:00:00 PM,8/12/2022 11:00:00 AM,SERC,WEST,EKPC,EKPC,1526.331,True
8/12/2022 4:00:00 PM,8/12/2022 12:00:00 PM,SERC,WEST,EKPC,EKPC,1629.644,True
8/12/2022 5:00:00 PM,8/12/2022 1:00:00 PM,SERC,WEST,EKPC,EKPC,1704.844,True
8/12/2022 6:00:00 PM,8/12/2022 2:00:00 PM,SERC,WEST,EKPC,EKPC,1779.666,True
8/12/2022 7:00:00 PM,8/12/2022 3:00:00 PM,SERC,WEST,EKPC,EKPC,1770.088,True
8/12/2022 8:00:00 PM,8/12/2022 4:00:00 PM,SERC,WEST,EKPC,EKPC,1767.735,True
8/12/2022 9:00:00 PM,8/12/2022 5:00:00 PM,SERC,WEST,EKPC,EKPC,1856.651,True
8/12/2022 10:00:00 PM,8/12/2022 6:00:00 PM,SERC,WEST,EKPC,EKPC,1830.870,True
8/12/2022 11:00:00 PM,8/12/2022 7:00:00 PM,SERC,WEST,EKPC,EKPC,1641.394,True
8/13/2022 12:00:00 AM,8/12/2022 8:00:00 PM,SERC,WEST,EKPC,EKPC,1540.714,True
8/13/2022 1:00:00 AM,8/12/2022 9:00:00 PM,SERC,WEST,EKPC,EKPC,1571.814,True
8/13/2022 2:00:00 AM,8/12/2022 10:00:00 PM,SERC,WEST,EKPC,EKPC,1473.908,True
8/13/2022 3:00:00 AM,8/12/2022 11:00:00 PM,SERC,WEST,EKPC,EKPC,1240.583,True
8/13/2022 4:00:00 AM,8/13/2022 12:00:00 AM,SERC,WEST,EKPC,EKPC,1142.387,True
8/13/2022 5:00:00 AM,8/13/2022 1:00:00 AM,SERC,WEST,EKPC,EKPC,1099.668,True
8/13/2022 6:00:00 AM,8/13/2022 2:00:00 AM,SERC,WEST,EKPC,EKPC,1104.201,True
8/13/2022 7:00:00 AM,8/13/2022 3:00:00 AM,SERC,WEST,EKPC,EKPC,1068.673,True
8/13/2022 8:00:00 AM,8/13/2022 4:00:00 AM,SERC,WEST,EKPC,EKPC,1054.773,True
8/13/2022 9:00:00 AM,8/13/2022 5:00:00 AM,SERC,WEST,EKPC,EKPC,1044.179,True
8/13/2022 10:00:00 AM,8/13/2022 6:00:00 AM,SERC,WEST,EKPC,EKPC,970.052,True
8/13/2022 11:00:00 AM,8/13/2022 7:00:00 AM,SERC,WEST,EKPC,EKPC,1004.953,True
8/13/2022 12:00:00 PM,8/13/2022 8:00:00 AM,SERC,WEST,EKPC,EKPC,1149.380,True
8/13/2022 1:00:00 PM,8/13/2022 9:00:00 AM,SERC,WEST,EKPC,EKPC,1284.300,True
8/13/2022 2:00:00 PM,8/13/2022 10:00:00 AM,SERC,WEST,EKPC,EKPC,1361.938,True
8/13/2022 3:00:00 PM,8/13/2022 11:00:00 AM,SERC,WEST,EKPC,EKPC,1478.549,True
8/13/2022 4:00:00 PM,8/13/2022 12:00:00 PM,SERC,WEST,EKPC,EKPC,1577.134,True
8/13/2022 5:00:00 PM,8/13/2022 1:00:00 PM,SERC,WEST,EKPC,EKPC,1693.113,True
8/13/2022 6:00:00 PM,8/13/2022 2:00:00 PM,SERC,WEST,EKPC,EKPC,1766.309,True
8/13/2022 7:00:00 PM,8/13/2022 3:00:00 PM,SERC,WEST,EKPC,EKPC,1829.493,True
8/13/2022 8:00:00 PM,8/13/2022 4:00:00 PM,SERC,WEST,EKPC,EKPC,1914.250,True
8/13/2022 9:00:00 PM,8/13/2022 5:00:00 PM,SERC,WEST,EKPC,EKPC,1921.738,True
8/13/2022 10:00:00 PM,8/13/2022 6:00:00 PM,SERC,WEST,EKPC,EKPC,1826.778,True
8/13/2022 11:00:00 PM,8/13/2022 7:00:00 PM,SERC,WEST,EKPC,EKPC,1710.817,True
8/14/2022 12:00:00 AM,8/13/2022 8:00:00 PM,SERC,WEST,EKPC,EKPC,1677.561,True
8/14/2022 1:00:00 AM,8/13/2022 9:00:00 PM,SERC,WEST,EKPC,EKPC,1652.273,True
8/14/2022 2:00:00 AM,8/13/2022 10:00:00 PM,SERC,WEST,EKPC,EKPC,1541.014,True
8/14/2022 3:00:00 AM,8/13/2022 11:00:00 PM,SERC,WEST,EKPC,EKPC,1403.532,True
8/14/2022 4:00:00 AM,8/14/2022 12:00:00 AM,SERC,WEST,EKPC,EKPC,1293.634,True
8/14/2022 5:00:00 AM,8/14/2022 1:00:00 AM,SERC,WEST,EKPC,EKPC,1205.307,True
8/14/2022 6:00:00 AM,8/14/2022 2:00:00 AM,SERC,WEST,EKPC,EKPC,1125.977,True
8/14/2022 7:00:00 AM,8/14/2022 3:00:00 AM,SERC,WEST,EKPC,EKPC,1118.222,True
8/14/2022 8:00:00 AM,8/14/2022 4:00:00 AM,SERC,WEST,EKPC,EKPC,1075.259,True
8/14/2022 9:00:00 AM,8/14/2022 5:00:00 AM,SERC,WEST,EKPC,EKPC,1063.769,True
8/14/2022 10:00:00 AM,8/14/2022 6:00:00 AM,SERC,WEST,EKPC,EKPC,1091.643,True
8/14/2022 11:00:00 AM,8/14/2022 7:00:00 AM,SERC,WEST,EKPC,EKPC,1127.028,True
8/14/2022 12:00:00 PM,8/14/2022 8:00:00 AM,SERC,WEST,EKPC,EKPC,1205.938,True
8/14/2022 1:00:00 PM,8/14/2022 9:00:00 AM,SERC,WEST,EKPC,EKPC,1290.762,True
8/14/2022 2:00:00 PM,8/14/2022 10:00:00 AM,SERC,WEST,EKPC,EKPC,1297.718,True
8/14/2022 3:00:00 PM,8/14/2022 11:00:00 AM,SERC,WEST,EKPC,EKPC,1350.472,True
8/14/2022 4:00:00 PM,8/14/2022 12:00:00 PM,SERC,WEST,EKPC,EKPC,1476.460,True
8/14/2022 5:00:00 PM,8/14/2022 1:00:00 PM,SERC,WEST,EKPC,EKPC,1609.380,True
8/14/2022 6:00:00 PM,8/14/2022 2:00:00 PM,SERC,WEST,EKPC,EKPC,1644.557,True
8/14/2022 7:00:00 PM,8/14/2022 3:00:00 PM,SERC,WEST,EKPC,EKPC,1749.753,True
8/14/2022 8:00:00 PM,8/14/2022 4:00:00 PM,SERC,WEST,EKPC,EKPC,1802.654,True
8/14/2022 9:00:00 PM,8/14/2022 5:00:00 PM,SERC,WEST,EKPC,EKPC,1803.239,True
8/14/2022 10:00:00 PM,8/14/2022 6:00:00 PM,SERC,WEST,EKPC,EKPC,1780.106,True
8/14/2022 11:00:00 PM,8/14/2022 7:00:00 PM,SERC,WEST,EKPC,EKPC,1755.863,True
8/15/2022 12:00:00 AM,8/14/2022 8:00:00 PM,SERC,WEST,EKPC,EKPC,1814.549,True
8/15/2022 1:00:00 AM,8/14/2022 9:00:00 PM,SERC,WEST,EKPC,EKPC,1763.495,True
8/15/2022 2:00:00 AM,8/14/2022 10:00:00 PM,SERC,WEST,EKPC,EKPC,1621.991,True
8/15/2022 3:00:00 AM,8/14/2022 11:00:00 PM,SERC,WEST,EKPC,EKPC,1438.218,True
8/15/2022 4:00:00 AM,8/15/2022 12:00:00 AM,SERC,WEST,EKPC,EKPC,1306.051,True
8/15/2022 5:00:00 AM,8/15/2022 1:00:00 AM,SERC,WEST,EKPC,EKPC,1228.815,True
8/15/2022 6:00:00 AM,8/15/2022 2:00:00 AM,SERC,WEST,EKPC,EKPC,1187.799,True
8/15/2022 7:00:00 AM,8/15/2022 3:00:00 AM,SERC,WEST,EKPC,EKPC,1150.097,True
8/15/2022 8:00:00 AM,8/15/2022 4:00:00 AM,SERC,WEST,EKPC,EKPC,1163.909,True
8/15/2022 9:00:00 AM,8/15/2022 5:00:00 AM,SERC,WEST,EKPC,EKPC,1208.377,True
8/15/2022 10:00:00 AM,8/15/2022 6:00:00 AM,SERC,WEST,EKPC,EKPC,1311.868,True
8/15/2022 11:00:00 AM,8/15/2022 7:00:00 AM,SERC,WEST,EKPC,EKPC,1320.368,True
8/15/2022 12:00:00 PM,8/15/2022 8:00:00 AM,SERC,WEST,EKPC,EKPC,1348.546,True
8/15/2022 1:00:00 PM,8/15/2022 9:00:00 AM,SERC,WEST,EKPC,EKPC,1427.903,True
8/15/2022 2:00:00 PM,8/15/2022 10:00:00 AM,SERC,WEST,EKPC,EKPC,1540.325,True
8/15/2022 3:00:00 PM,8/15/2022 11:00:00 AM,SERC,WEST,EKPC,EKPC,1525.787,True
8/15/2022 4:00:00 PM,8/15/2022 12:00:00 PM,SERC,WEST,EKPC,EKPC,1608.128,True
8/15/2022 5:00:00 PM,8/15/2022 1:00:00 PM,SERC,WEST,EKPC,EKPC,1677.817,True
8/15/2022 6:00:00 PM,8/15/2022 2:00:00 PM,SERC,WEST,EKPC,EKPC,1715.395,True
8/15/2022 7:00:00 PM,8/15/2022 3:00:00 PM,SERC,WEST,EKPC,EKPC,1771.756,True
8/15/2022 8:00:00 PM,8/15/2022 4:00:00 PM,SERC,WEST,EKPC,EKPC,1948.953,True
8/15/2022 9:00:00 PM,8/15/2022 5:00:00 PM,SERC,WEST,EKPC,EKPC,1955.349,True
8/15/2022 10:00:00 PM,8/15/2022 6:00:00 PM,SERC,WEST,EKPC,EKPC,1908.066,True
8/15/2022 11:00:00 PM,8/15/2022 7:00:00 PM,SERC,WEST,EKPC,EKPC,1855.785,True
8/16/2022 12:00:00 AM,8/15/2022 8:00:00 PM,SERC,WEST,EKPC,EKPC,1810.500,True
8/16/2022 1:00:00 AM,8/15/2022 9:00:00 PM,SERC,WEST,EKPC,EKPC,1746.633,True
8/16/2022 2:00:00 AM,8/15/2022 10:00:00 PM,SERC,WEST,EKPC,EKPC,1582.617,True
8/16/2022 3:00:00 AM,8/15/2022 11:00:00 PM,SERC,WEST,EKPC,EKPC,1387.507,True
8/16/2022 4:00:00 AM,8/16/2022 12:00:00 AM,SERC,WEST,EKPC,EKPC,1231.146,True
8/16/2022 5:00:00 AM,8/16/2022 1:00:00 AM,SERC,WEST,EKPC,EKPC,1223.146,True
8/16/2022 6:00:00 AM,8/16/2022 2:00:00 AM,SERC,WEST,EKPC,EKPC,1235.021,True
8/16/2022 7:00:00 AM,8/16/2022 3:00:00 AM,SERC,WEST,EKPC,EKPC,1108.756,True
8/16/2022 8:00:00 AM,8/16/2022 4:00:00 AM,SERC,WEST,EKPC,EKPC,1061.570,True
8/16/2022 9:00:00 AM,8/16/2022 5:00:00 AM,SERC,WEST,EKPC,EKPC,1149.858,True
8/16/2022 10:00:00 AM,8/16/2022 6:00:00 AM,SERC,WEST,EKPC,EKPC,1299.176,True
8/16/2022 11:00:00 AM,8/16/2022 7:00:00 AM,SERC,WEST,EKPC,EKPC,1333.407,True
8/16/2022 12:00:00 PM,8/16/2022 8:00:00 AM,SERC,WEST,EKPC,EKPC,1366.579,True
8/16/2022 1:00:00 PM,8/16/2022 9:00:00 AM,SERC,WEST,EKPC,EKPC,1431.540,True
8/16/2022 2:00:00 PM,8/16/2022 10:00:00 AM,SERC,WEST,EKPC,EKPC,1423.349,True
8/16/2022 3:00:00 PM,8/16/2022 11:00:00 AM,SERC,WEST,EKPC,EKPC,1578.389,True
8/16/2022 4:00:00 PM,8/16/2022 12:00:00 PM,SERC,WEST,EKPC,EKPC,1659.872,True
8/16/2022 5:00:00 PM,8/16/2022 1:00:00 PM,SERC,WEST,EKPC,EKPC,1684.240,True
8/16/2022 6:00:00 PM,8/16/2022 2:00:00 PM,SERC,WEST,EKPC,EKPC,1745.675,True
8/16/2022 7:00:00 PM,8/16/2022 3:00:00 PM,SERC,WEST,EKPC,EKPC,1879.014,True
8/16/2022 8:00:00 PM,8/16/2022 4:00:00 PM,SERC,WEST,EKPC,EKPC,1922.872,True
8/16/2022 9:00:00 PM,8/16/2022 5:00:00 PM,SERC,WEST,EKPC,EKPC,2024.731,True
8/16/2022 10:00:00 PM,8/16/2022 6:00:00 PM,SERC,WEST,EKPC,EKPC,1876.899,True
8/16/2022 11:00:00 PM,8/16/2022 7:00:00 PM,SERC,WEST,EKPC,EKPC,1829.996,True
8/17/2022 12:00:00 AM,8/16/2022 8:00:00 PM,SERC,WEST,EKPC,EKPC,1744.187,True
8/17/2022 1:00:00 AM,8/16/2022 9:00:00 PM,SERC,WEST,EKPC,EKPC,1664.677,True
8/17/2022 2:00:00 AM,8/16/2022 10:00:00 PM,SERC,WEST,EKPC,EKPC,1482.377,True
8/17/2022 3:00:00 AM,8/16/2022 11:00:00 PM,SERC,WEST,EKPC,EKPC,1347.240,True
8/17/2022 4:00:00 AM,8/17/2022 12:00:00 AM,SERC,WEST,EKPC,EKPC,1179.377,True
8/17/2022 5:00:00 AM,8/17/2022 1:00:00 AM,SERC,WEST,EKPC,EKPC,1121.644,True
8/17/2022 6:00:00 AM,8/17/2022 2:00:00 AM,SERC,WEST,EKPC,EKPC,1141.816,True
8/17/2022 7:00:00 AM,8/17/2022 3:00:00 AM,SERC,WEST,EKPC,EKPC,1107.919,True
8/17/2022 8:00:00 AM,8/17/2022 4:00:00 AM,SERC,WEST,EKPC,EKPC,1074.305,True
8/17/2022 9:00:00 AM,8/17/2022 5:00:00 AM,SERC,WEST,EKPC,EKPC,1093.865,True
8/17/2022 10:00:00 AM,8/17/2022 6:00:00 AM,SERC,WEST,EKPC,EKPC,1179.163,True
8/17/2022 11:00:00 AM,8/17/2022 7:00:00 AM,SERC,WEST,EKPC,EKPC,1225.748,True
8/17/2022 12:00:00 PM,8/17/2022 8:00:00 AM,SERC,WEST,EKPC,EKPC,1260.197,True
8/17/2022 1:00:00 PM,8/17/2022 9:00:00 AM,SERC,WEST,EKPC,EKPC,1312.261,True
8/17/2022 2:00:00 PM,8/17/2022 10:00:00 AM,SERC,WEST,EKPC,EKPC,1358.712,True
8/17/2022 3:00:00 PM,8/17/2022 11:00:00 AM,SERC,WEST,EKPC,EKPC,1445.134,True
8/17/2022 4:00:00 PM,8/17/2022 12:00:00 PM,SERC,WEST,EKPC,EKPC,1533.419,True
8/17/2022 5:00:00 PM,8/17/2022 1:00:00 PM,SERC,WEST,EKPC,EKPC,1614.635,True
8/17/2022 6:00:00 PM,8/17/2022 2:00:00 PM,SERC,WEST,EKPC,EKPC,1686.118,True
8/17/2022 7:00:00 PM,8/17/2022 3:00:00 PM,SERC,WEST,EKPC,EKPC,1765.211,True
8/17/2022 8:00:00 PM,8/17/2022 4:00:00 PM,SERC,WEST,EKPC,EKPC,1842.407,True
8/17/2022 9:00:00 PM,8/17/2022 5:00:00 PM,SERC,WEST,EKPC,EKPC,1885.864,True
8/17/2022 10:00:00 PM,8/17/2022 6:00:00 PM,SERC,WEST,EKPC,EKPC,1944.204,True
8/17/2022 11:00:00 PM,8/17/2022 7:00:00 PM,SERC,WEST,EKPC,EKPC,1885.181,True
8/18/2022 12:00:00 AM,8/17/2022 8:00:00 PM,SERC,WEST,EKPC,EKPC,1843.882,True
8/18/2022 1:00:00 AM,8/17/2022 9:00:00 PM,SERC,WEST,EKPC,EKPC,1769.131,True
8/18/2022 2:00:00 AM,8/17/2022 10:00:00 PM,SERC,WEST,EKPC,EKPC,1552.920,True
8/18/2022 3:00:00 AM,8/17/2022 11:00:00 PM,SERC,WEST,EKPC,EKPC,1326.882,True
8/18/2022 4:00:00 AM,8/18/2022 12:00:00 AM,SERC,WEST,EKPC,EKPC,1195.104,True
8/18/2022 5:00:00 AM,8/18/2022 1:00:00 AM,SERC,WEST,EKPC,EKPC,1149.357,True
8/18/2022 6:00:00 AM,8/18/2022 2:00:00 AM,SERC,WEST,EKPC,EKPC,1066.613,True
8/18/2022 7:00:00 AM,8/18/2022 3:00:00 AM,SERC,WEST,EKPC,EKPC,1054.858,True
8/18/2022 8:00:00 AM,8/18/2022 4:00:00 AM,SERC,WEST,EKPC,EKPC,1065.743,True
8/18/2022 9:00:00 AM,8/18/2022 5:00:00 AM,SERC,WEST,EKPC,EKPC,1154.956,True
8/18/2022 10:00:00 AM,8/18/2022 6:00:00 AM,SERC,WEST,EKPC,EKPC,1205.983,True
8/18/2022 11:00:00 AM,8/18/2022 7:00:00 AM,SERC,WEST,EKPC,EKPC,1291.165,True
8/18/2022 12:00:00 PM,8/18/2022 8:00:00 AM,SERC,WEST,EKPC,EKPC,1238.161,True
8/18/2022 1:00:00 PM,8/18/2022 9:00:00 AM,SERC,WEST,EKPC,EKPC,1317.576,True
8/18/2022 2:00:00 PM,8/18/2022 10:00:00 AM,SERC,WEST,EKPC,EKPC,1407.693,True
8/18/2022 3:00:00 PM,8/18/2022 11:00:00 AM,SERC,WEST,EKPC,EKPC,1510.182,True
8/18/2022 4:00:00 PM,8/18/2022 12:00:00 PM,SERC,WEST,EKPC,EKPC,1680.390,True
8/18/2022 5:00:00 PM,8/18/2022 1:00:00 PM,SERC,WEST,EKPC,EKPC,1773.383,True
8/18/2022 6:00:00 PM,8/18/2022 2:00:00 PM,SERC,WEST,EKPC,EKPC,1820.816,True
8/18/2022 7:00:00 PM,8/18/2022 3:00:00 PM,SERC,WEST,EKPC,EKPC,1928.482,True
8/18/2022 8:00:00 PM,8/18/2022 4:00:00 PM,SERC,WEST,EKPC,EKPC,2054.174,True
8/18/2022 9:00:00 PM,8/18/2022 5:00:00 PM,SERC,WEST,EKPC,EKPC,2026.117,True
8/18/2022 10:00:00 PM,8/18/2022 6:00:00 PM,SERC,WEST,EKPC,EKPC,1970.982,True
8/18/2022 11:00:00 PM,8/18/2022 7:00:00 PM,SERC,WEST,EKPC,EKPC,1953.515,True
8/19/2022 12:00:00 AM,8/18/2022 8:00:00 PM,SERC,WEST,EKPC,EKPC,1761.215,True
8/19/2022 1:00:00 AM,8/18/2022 9:00:00 PM,SERC,WEST,EKPC,EKPC,1686.331,True
8/19/2022 2:00:00 AM,8/18/2022 10:00:00 PM,SERC,WEST,EKPC,EKPC,1508.608,True
8/19/2022 3:00:00 AM,8/18/2022 11:00:00 PM,SERC,WEST,EKPC,EKPC,1425.952,True
8/19/2022 4:00:00 AM,8/19/2022 12:00:00 AM,SERC,WEST,EKPC,EKPC,1263.342,True
8/19/2022 5:00:00 AM,8/19/2022 1:00:00 AM,SERC,WEST,EKPC,EKPC,1204.027,True
8/19/2022 6:00:00 AM,8/19/2022 2:00:00 AM,SERC,WEST,EKPC,EKPC,1112.072,True
8/19/2022 7:00:00 AM,8/19/2022 3:00:00 AM,SERC,WEST,EKPC,EKPC,1106.756,True
8/19/2022 8:00:00 AM,8/19/2022 4:00:00 AM,SERC,WEST,EKPC,EKPC,1105.223,True
8/19/2022 9:00:00 AM,8/19/2022 5:00:00 AM,SERC,WEST,EKPC,EKPC,1189.875,True
8/19/2022 10:00:00 AM,8/19/2022 6:00:00 AM,SERC,WEST,EKPC,EKPC,1220.198,True
8/19/2022 11:00:00 AM,8/19/2022 7:00:00 AM,SERC,WEST,EKPC,EKPC,1188.086,True
8/19/2022 12:00:00 PM,8/19/2022 8:00:00 AM,SERC,WEST,EKPC,EKPC,1297.550,True
8/19/2022 1:00:00 PM,8/19/2022 9:00:00 AM,SERC,WEST,EKPC,EKPC,1368.798,True
8/19/2022 2:00:00 PM,8/19/2022 10:00:00 AM,SERC,WEST,EKPC,EKPC,1473.869,True
8/19/2022 3:00:00 PM,8/19/2022 11:00:00 AM,SERC,WEST,EKPC,EKPC,1557.267,True
8/19/2022 4:00:00 PM,8/19/2022 12:00:00 PM,SERC,WEST,EKPC,EKPC,1690.116,True
8/19/2022 5:00:00 PM,8/19/2022 1:00:00 PM,SERC,WEST,EKPC,EKPC,1813.964,True
8/19/2022 6:00:00 PM,8/19/2022 2:00:00 PM,SERC,WEST,EKPC,EKPC,1929.530,True
8/19/2022 7:00:00 PM,8/19/2022 3:00:00 PM,SERC,WEST,EKPC,EKPC,1976.945,True
8/19/2022 8:00:00 PM,8/19/2022 4:00:00 PM,SERC,WEST,EKPC,EKPC,2017.423,True
8/19/2022 9:00:00 PM,8/19/2022 5:00:00 PM,SERC,WEST,EKPC,EKPC,2092.216,True
8/19/2022 10:00:00 PM,8/19/2022 6:00:00 PM,SERC,WEST,EKPC,EKPC,2031.708,True
8/19/2022 11:00:00 PM,8/19/2022 7:00:00 PM,SERC,WEST,EKPC,EKPC,1983.447,True
8/20/2022 12:00:00 AM,8/19/2022 8:00:00 PM,SERC,WEST,EKPC,EKPC,1860.042,True
8/20/2022 1:00:00 AM,8/19/2022 9:00:00 PM,SERC,WEST,EKPC,EKPC,1754.446,True
8/20/2022 2:00:00 AM,8/19/2022 10:00:00 PM,SERC,WEST,EKPC,EKPC,1531.607,True
8/20/2022 3:00:00 AM,8/19/2022 11:00:00 PM,SERC,WEST,EKPC,EKPC,1458.056,True
8/20/2022 4:00:00 AM,8/20/2022 12:00:00 AM,SERC,WEST,EKPC,EKPC,1423.632,True
8/20/2022 5:00:00 AM,8/20/2022 1:00:00 AM,SERC,WEST,EKPC,EKPC,1267.885,True
8/20/2022 6:00:00 AM,8/20/2022 2:00:00 AM,SERC,WEST,EKPC,EKPC,1158.392,True
8/20/2022 7:00:00 AM,8/20/2022 3:00:00 AM,SERC,WEST,EKPC,EKPC,1140.921,True
8/20/2022 8:00:00 AM,8/20/2022 4:00:00 AM,SERC,WEST,EKPC,EKPC,1131.825,True
8/20/2022 9:00:00 AM,8/20/2022 5:00:00 AM,SERC,WEST,EKPC,EKPC,1127.670,True
8/20/2022 10:00:00 AM,8/20/2022 6:00:00 AM,SERC,WEST,EKPC,EKPC,1142.358,True
8/20/2022 11:00:00 AM,8/20/2022 7:00:00 AM,SERC,WEST,EKPC,EKPC,1184.580,True
8/20/2022 12:00:00 PM,8/20/2022 8:00:00 AM,SERC,WEST,EKPC,EKPC,1269.195,True
8/20/2022 1:00:00 PM,8/20/2022 9:00:00 AM,SERC,WEST,EKPC,EKPC,1393.850,True
8/20/2022 2:00:00 PM,8/20/2022 10:00:00 AM,SERC,WEST,EKPC,EKPC,1550.707,True
8/20/2022 3:00:00 PM,8/20/2022 11:00:00 AM,SERC,WEST,EKPC,EKPC,1653.367,True
8/20/2022 4:00:00 PM,8/20/2022 12:00:00 PM,SERC,WEST,EKPC,EKPC,1742.809,True
8/20/2022 5:00:00 PM,8/20/2022 1:00:00 PM,SERC,WEST,EKPC,EKPC,1872.140,True
8/20/2022 6:00:00 PM,8/20/2022 2:00:00 PM,SERC,WEST,EKPC,EKPC,1946.046,True
8/20/2022 7:00:00 PM,8/20/2022 3:00:00 PM,SERC,WEST,EKPC,EKPC,1960.970,True
8/20/2022 8:00:00 PM,8/20/2022 4:00:00 PM,SERC,WEST,EKPC,EKPC,1936.996,True
8/20/2022 9:00:00 PM,8/20/2022 5:00:00 PM,SERC,WEST,EKPC,EKPC,1889.497,True
8/20/2022 10:00:00 PM,8/20/2022 6:00:00 PM,SERC,WEST,EKPC,EKPC,1808.547,True
8/20/2022 11:00:00 PM,8/20/2022 7:00:00 PM,SERC,WEST,EKPC,EKPC,1774.263,True
8/21/2022 12:00:00 AM,8/20/2022 8:00:00 PM,SERC,WEST,EKPC,EKPC,1727.923,True
8/21/2022 1:00:00 AM,8/20/2022 9:00:00 PM,SERC,WEST,EKPC,EKPC,1666.262,True
8/21/2022 2:00:00 AM,8/20/2022 10:00:00 PM,SERC,WEST,EKPC,EKPC,1554.396,True
8/21/2022 3:00:00 AM,8/20/2022 11:00:00 PM,SERC,WEST,EKPC,EKPC,1406.434,True
8/21/2022 4:00:00 AM,8/21/2022 12:00:00 AM,SERC,WEST,EKPC,EKPC,1298.334,True
8/21/2022 5:00:00 AM,8/21/2022 1:00:00 AM,SERC,WEST,EKPC,EKPC,1165.859,True
8/21/2022 6:00:00 AM,8/21/2022 2:00:00 AM,SERC,WEST,EKPC,EKPC,1090.361,True
8/21/2022 7:00:00 AM,8/21/2022 3:00:00 AM,SERC,WEST,EKPC,EKPC,1059.231,True
8/21/2022 8:00:00 AM,8/21/2022 4:00:00 AM,SERC,WEST,EKPC,EKPC,1102.522,True
8/21/2022 9:00:00 AM,8/21/2022 5:00:00 AM,SERC,WEST,EKPC,EKPC,1109.669,True
8/21/2022 10:00:00 AM,8/21/2022 6:00:00 AM,SERC,WEST,EKPC,EKPC,1159.190,True
8/21/2022 11:00:00 AM,8/21/2022 7:00:00 AM,SERC,WEST,EKPC,EKPC,1225.535,True
8/21/2022 12:00:00 PM,8/21/2022 8:00:00 AM,SERC,WEST,EKPC,EKPC,1276.769,True
8/21/2022 1:00:00 PM,8/21/2022 9:00:00 AM,SERC,WEST,EKPC,EKPC,1401.998,True
8/21/2022 2:00:00 PM,8/21/2022 10:00:00 AM,SERC,WEST,EKPC,EKPC,1480.847,True
8/21/2022 3:00:00 PM,8/21/2022 11:00:00 AM,SERC,WEST,EKPC,EKPC,1572.200,True
8/21/2022 4:00:00 PM,8/21/2022 12:00:00 PM,SERC,WEST,EKPC,EKPC,1579.586,True
8/21/2022 5:00:00 PM,8/21/2022 1:00:00 PM,SERC,WEST,EKPC,EKPC,1562.571,True
8/21/2022 6:00:00 PM,8/21/2022 2:00:00 PM,SERC,WEST,EKPC,EKPC,1623.087,True
8/21/2022 7:00:00 PM,8/21/2022 3:00:00 PM,SERC,WEST,EKPC,EKPC,1685.907,True
8/21/2022 8:00:00 PM,8/21/2022 4:00:00 PM,SERC,WEST,EKPC,EKPC,1737.828,True
8/21/2022 9:00:00 PM,8/21/2022 5:00:00 PM,SERC,WEST,EKPC,EKPC,1771.961,True
8/21/2022 10:00:00 PM,8/21/2022 6:00:00 PM,SERC,WEST,EKPC,EKPC,1799.535,True
8/21/2022 11:00:00 PM,8/21/2022 7:00:00 PM,SERC,WEST,EKPC,EKPC,1765.769,True
8/22/2022 12:00:00 AM,8/21/2022 8:00:00 PM,SERC,WEST,EKPC,EKPC,1710.587,True
8/22/2022 1:00:00 AM,8/21/2022 9:00:00 PM,SERC,WEST,EKPC,EKPC,1670.099,True
8/22/2022 2:00:00 AM,8/21/2022 10:00:00 PM,SERC,WEST,EKPC,EKPC,1460.386,True
8/22/2022 3:00:00 AM,8/21/2022 11:00:00 PM,SERC,WEST,EKPC,EKPC,1336.397,True
8/22/2022 4:00:00 AM,8/22/2022 12:00:00 AM,SERC,WEST,EKPC,EKPC,1259.377,True
8/22/2022 5:00:00 AM,8/22/2022 1:00:00 AM,SERC,WEST,EKPC,EKPC,1201.756,True
8/22/2022 6:00:00 AM,8/22/2022 2:00:00 AM,SERC,WEST,EKPC,EKPC,1097.766,True
8/22/2022 7:00:00 AM,8/22/2022 3:00:00 AM,SERC,WEST,EKPC,EKPC,1100.896,True
8/22/2022 8:00:00 AM,8/22/2022 4:00:00 AM,SERC,WEST,EKPC,EKPC,1155.752,True
8/22/2022 9:00:00 AM,8/22/2022 5:00:00 AM,SERC,WEST,EKPC,EKPC,1216.111,True
8/22/2022 10:00:00 AM,8/22/2022 6:00:00 AM,SERC,WEST,EKPC,EKPC,1343.667,True
8/22/2022 11:00:00 AM,8/22/2022 7:00:00 AM,SERC,WEST,EKPC,EKPC,1363.692,True
8/22/2022 12:00:00 PM,8/22/2022 8:00:00 AM,SERC,WEST,EKPC,EKPC,1386.770,True
8/22/2022 1:00:00 PM,8/22/2022 9:00:00 AM,SERC,WEST,EKPC,EKPC,1464.976,True
8/22/2022 2:00:00 PM,8/22/2022 10:00:00 AM,SERC,WEST,EKPC,EKPC,1524.051,True
8/22/2022 3:00:00 PM,8/22/2022 11:00:00 AM,SERC,WEST,EKPC,EKPC,1638.350,True
8/22/2022 4:00:00 PM,8/22/2022 12:00:00 PM,SERC,WEST,EKPC,EKPC,1722.247,True
8/22/2022 5:00:00 PM,8/22/2022 1:00:00 PM,SERC,WEST,EKPC,EKPC,1733.890,True
8/22/2022 6:00:00 PM,8/22/2022 2:00:00 PM,SERC,WEST,EKPC,EKPC,1791.274,True
8/22/2022 7:00:00 PM,8/22/2022 3:00:00 PM,SERC,WEST,EKPC,EKPC,1909.419,True
8/22/2022 8:00:00 PM,8/22/2022 4:00:00 PM,SERC,WEST,EKPC,EKPC,2039.785,True
8/22/2022 9:00:00 PM,8/22/2022 5:00:00 PM,SERC,WEST,EKPC,EKPC,1985.441,True
8/22/2022 10:00:00 PM,8/22/2022 6:00:00 PM,SERC,WEST,EKPC,EKPC,1966.776,True
8/22/2022 11:00:00 PM,8/22/2022 7:00:00 PM,SERC,WEST,EKPC,EKPC,1860.989,True
8/23/2022 12:00:00 AM,8/22/2022 8:00:00 PM,SERC,WEST,EKPC,EKPC,1785.564,True
8/23/2022 1:00:00 AM,8/22/2022 9:00:00 PM,SERC,WEST,EKPC,EKPC,1702.748,True
8/23/2022 2:00:00 AM,8/22/2022 10:00:00 PM,SERC,WEST,EKPC,EKPC,1489.811,True
8/23/2022 3:00:00 AM,8/22/2022 11:00:00 PM,SERC,WEST,EKPC,EKPC,1399.663,True
8/23/2022 4:00:00 AM,8/23/2022 12:00:00 AM,SERC,WEST,EKPC,EKPC,1297.835,True
8/23/2022 5:00:00 AM,8/23/2022 1:00:00 AM,SERC,WEST,EKPC,EKPC,1215.010,True
8/23/2022 6:00:00 AM,8/23/2022 2:00:00 AM,SERC,WEST,EKPC,EKPC,1139.332,True
8/23/2022 7:00:00 AM,8/23/2022 3:00:00 AM,SERC,WEST,EKPC,EKPC,1033.548,True
8/23/2022 8:00:00 AM,8/23/2022 4:00:00 AM,SERC,WEST,EKPC,EKPC,1072.829,True
8/23/2022 9:00:00 AM,8/23/2022 5:00:00 AM,SERC,WEST,EKPC,EKPC,1090.551,True
8/23/2022 10:00:00 AM,8/23/2022 6:00:00 AM,SERC,WEST,EKPC,EKPC,1211.033,True
8/23/2022 11:00:00 AM,8/23/2022 7:00:00 AM,SERC,WEST,EKPC,EKPC,1212.611,True
8/23/2022 12:00:00 PM,8/23/2022 8:00:00 AM,SERC,WEST,EKPC,EKPC,1285.252,True
8/23/2022 1:00:00 PM,8/23/2022 9:00:00 AM,SERC,WEST,EKPC,EKPC,1337.900,True
8/23/2022 2:00:00 PM,8/23/2022 10:00:00 AM,SERC,WEST,EKPC,EKPC,1445.913,True
8/23/2022 3:00:00 PM,8/23/2022 11:00:00 AM,SERC,WEST,EKPC,EKPC,1550.648,True
8/23/2022 4:00:00 PM,8/23/2022 12:00:00 PM,SERC,WEST,EKPC,EKPC,1710.319,True
8/23/2022 5:00:00 PM,8/23/2022 1:00:00 PM,SERC,WEST,EKPC,EKPC,1828.564,True
8/23/2022 6:00:00 PM,8/23/2022 2:00:00 PM,SERC,WEST,EKPC,EKPC,1866.471,True
8/23/2022 7:00:00 PM,8/23/2022 3:00:00 PM,SERC,WEST,EKPC,EKPC,1859.003,True
8/23/2022 8:00:00 PM,8/23/2022 4:00:00 PM,SERC,WEST,EKPC,EKPC,1990.842,True
8/23/2022 9:00:00 PM,8/23/2022 5:00:00 PM,SERC,WEST,EKPC,EKPC,2105.744,True
8/23/2022 10:00:00 PM,8/23/2022 6:00:00 PM,SERC,WEST,EKPC,EKPC,2080.436,True
8/23/2022 11:00:00 PM,8/23/2022 7:00:00 PM,SERC,WEST,EKPC,EKPC,1963.589,True
8/24/2022 12:00:00 AM,8/23/2022 8:00:00 PM,SERC,WEST,EKPC,EKPC,1846.251,True
8/24/2022 1:00:00 AM,8/23/2022 9:00:00 PM,SERC,WEST,EKPC,EKPC,1777.781,True
8/24/2022 2:00:00 AM,8/23/2022 10:00:00 PM,SERC,WEST,EKPC,EKPC,1517.533,True
8/24/2022 3:00:00 AM,8/23/2022 11:00:00 PM,SERC,WEST,EKPC,EKPC,1327.507,True
8/24/2022 4:00:00 AM,8/24/2022 12:00:00 AM,SERC,WEST,EKPC,EKPC,1290.188,True
8/24/2022 5:00:00 AM,8/24/2022 1:00:00 AM,SERC,WEST,EKPC,EKPC,1211.078,True
8/24/2022 6:00:00 AM,8/24/2022 2:00:00 AM,SERC,WEST,EKPC,EKPC,1050.200,True
8/24/2022 7:00:00 AM,8/24/2022 3:00:00 AM,SERC,WEST,EKPC,EKPC,1016.029,True
8/24/2022 8:00:00 AM,8/24/2022 4:00:00 AM,SERC,WEST,EKPC,EKPC,1131.101,True
8/24/2022 9:00:00 AM,8/24/2022 5:00:00 AM,SERC,WEST,EKPC,EKPC,1140.062,True
8/24/2022 10:00:00 AM,8/24/2022 6:00:00 AM,SERC,WEST,EKPC,EKPC,1234.091,True
8/24/2022 11:00:00 AM,8/24/2022 7:00:00 AM,SERC,WEST,EKPC,EKPC,1322.559,True
8/24/2022 12:00:00 PM,8/24/2022 8:00:00 AM,SERC,WEST,EKPC,EKPC,1320.601,True
8/24/2022 1:00:00 PM,8/24/2022 9:00:00 AM,SERC,WEST,EKPC,EKPC,1411.340,True
8/24/2022 2:00:00 PM,8/24/2022 10:00:00 AM,SERC,WEST,EKPC,EKPC,1484.936,True
8/24/2022 3:00:00 PM,8/24/2022 11:00:00 AM,SERC,WEST,EKPC,EKPC,1635.742,True
8/24/2022 4:00:00 PM,8/24/2022 12:00:00 PM,SERC,WEST,EKPC,EKPC,1779.416,True
8/24/2022 5:00:00 PM,8/24/2022 1:00:00 PM,SERC,WEST,EKPC,EKPC,1901.641,True
8/24/2022 6:00:00 PM,8/24/2022 2:00:00 PM,SERC,WEST,EKPC,EKPC,1962.980,True
8/24/2022 7:00:00 PM,8/24/2022 3:00:00 PM,SERC,WEST,EKPC,EKPC,2069.317,True
8/24/2022 8:00:00 PM,8/24/2022 4:00:00 PM,SERC,WEST,EKPC,EKPC,2045.233,True
8/24/2022 9:00:00 PM,8/24/2022 5:00:00 PM,SERC,WEST,EKPC,EKPC,1999.612,True
8/24/2022 10:00:00 PM,8/24/2022 6:00:00 PM,SERC,WEST,EKPC,EKPC,2006.740,True
8/24/2022 11:00:00 PM,8/24/2022 7:00:00 PM,SERC,WEST,EKPC,EKPC,1911.207,True
8/25/2022 12:00:00 AM,8/24/2022 8:00:00 PM,SERC,WEST,EKPC,EKPC,1881.348,True
8/25/2022 1:00:00 AM,8/24/2022 9:00:00 PM,SERC,WEST,EKPC,EKPC,1796.694,True
8/25/2022 2:00:00 AM,8/24/2022 10:00:00 PM,SERC,WEST,EKPC,EKPC,1619.558,True
8/25/2022 3:00:00 AM,8/24/2022 11:00:00 PM,SERC,WEST,EKPC,EKPC,1417.718,True
8/25/2022 4:00:00 AM,8/25/2022 12:00:00 AM,SERC,WEST,EKPC,EKPC,1268.828,True
8/25/2022 5:00:00 AM,8/25/2022 1:00:00 AM,SERC,WEST,EKPC,EKPC,1219.511,True
8/25/2022 6:00:00 AM,8/25/2022 2:00:00 AM,SERC,WEST,EKPC,EKPC,1129.588,True
8/25/2022 7:00:00 AM,8/25/2022 3:00:00 AM,SERC,WEST,EKPC,EKPC,1140.087,True
8/25/2022 8:00:00 AM,8/25/2022 4:00:00 AM,SERC,WEST,EKPC,EKPC,1135.049,True
8/25/2022 9:00:00 AM,8/25/2022 5:00:00 AM,SERC,WEST,EKPC,EKPC,1143.817,True
8/25/2022 10:00:00 AM,8/25/2022 6:00:00 AM,SERC,WEST,EKPC,EKPC,1268.757,True
8/25/2022 11:00:00 AM,8/25/2022 7:00:00 AM,SERC,WEST,EKPC,EKPC,1316.989,True
8/25/2022 12:00:00 PM,8/25/2022 8:00:00 AM,SERC,WEST,EKPC,EKPC,1363.798,True
8/25/2022 1:00:00 PM,8/25/2022 9:00:00 AM,SERC,WEST,EKPC,EKPC,1398.751,True
8/25/2022 2:00:00 PM,8/25/2022 10:00:00 AM,SERC,WEST,EKPC,EKPC,1528.768,True
8/25/2022 3:00:00 PM,8/25/2022 11:00:00 AM,SERC,WEST,EKPC,EKPC,1579.823,True
8/25/2022 4:00:00 PM,8/25/2022 12:00:00 PM,SERC,WEST,EKPC,EKPC,1701.350,True
8/25/2022 5:00:00 PM,8/25/2022 1:00:00 PM,SERC,WEST,EKPC,EKPC,1922.522,True
8/25/2022 6:00:00 PM,8/25/2022 2:00:00 PM,SERC,WEST,EKPC,EKPC,2010.672,True
8/25/2022 7:00:00 PM,8/25/2022 3:00:00 PM,SERC,WEST,EKPC,EKPC,2110.735,True
8/25/2022 8:00:00 PM,8/25/2022 4:00:00 PM,SERC,WEST,EKPC,EKPC,2120.294,True
8/25/2022 9:00:00 PM,8/25/2022 5:00:00 PM,SERC,WEST,EKPC,EKPC,2164.131,True
8/25/2022 10:00:00 PM,8/25/2022 6:00:00 PM,SERC,WEST,EKPC,EKPC,2148.317,True
8/25/2022 11:00:00 PM,8/25/2022 7:00:00 PM,SERC,WEST,EKPC,EKPC,2079.274,True
8/26/2022 12:00:00 AM,8/25/2022 8:00:00 PM,SERC,WEST,EKPC,EKPC,1988.450,True
8/26/2022 1:00:00 AM,8/25/2022 9:00:00 PM,SERC,WEST,EKPC,EKPC,1861.596,True
8/26/2022 2:00:00 AM,8/25/2022 10:00:00 PM,SERC,WEST,EKPC,EKPC,1623.007,True
8/26/2022 3:00:00 AM,8/25/2022 11:00:00 PM,SERC,WEST,EKPC,EKPC,1423.351,True
8/26/2022 4:00:00 AM,8/26/2022 12:00:00 AM,SERC,WEST,EKPC,EKPC,1359.613,True
8/26/2022 5:00:00 AM,8/26/2022 1:00:00 AM,SERC,WEST,EKPC,EKPC,1296.902,True
8/26/2022 6:00:00 AM,8/26/2022 2:00:00 AM,SERC,WEST,EKPC,EKPC,1228.685,True
8/26/2022 7:00:00 AM,8/26/2022 3:00:00 AM,SERC,WEST,EKPC,EKPC,1229.078,True
8/26/2022 8:00:00 AM,8/26/2022 4:00:00 AM,SERC,WEST,EKPC,EKPC,1179.261,True
8/26/2022 9:00:00 AM,8/26/2022 5:00:00 AM,SERC,WEST,EKPC,EKPC,1247.209,True
8/26/2022 10:00:00 AM,8/26/2022 6:00:00 AM,SERC,WEST,EKPC,EKPC,1344.175,True
8/26/2022 11:00:00 AM,8/26/2022 7:00:00 AM,SERC,WEST,EKPC,EKPC,1342.004,True
8/26/2022 12:00:00 PM,8/26/2022 8:00:00 AM,SERC,WEST,EKPC,EKPC,1383.076,True
8/26/2022 1:00:00 PM,8/26/2022 9:00:00 AM,SERC,WEST,EKPC,EKPC,1497.065,True
8/26/2022 2:00:00 PM,8/26/2022 10:00:00 AM,SERC,WEST,EKPC,EKPC,1638.295,True
8/26/2022 3:00:00 PM,8/26/2022 11:00:00 AM,SERC,WEST,EKPC,EKPC,1761.812,True
8/26/2022 4:00:00 PM,8/26/2022 12:00:00 PM,SERC,WEST,EKPC,EKPC,1955.366,True
8/26/2022 5:00:00 PM,8/26/2022 1:00:00 PM,SERC,WEST,EKPC,EKPC,1985.443,True
8/26/2022 6:00:00 PM,8/26/2022 2:00:00 PM,SERC,WEST,EKPC,EKPC,2083.392,True
8/26/2022 7:00:00 PM,8/26/2022 3:00:00 PM,SERC,WEST,EKPC,EKPC,2118.196,True
8/26/2022 8:00:00 PM,8/26/2022 4:00:00 PM,SERC,WEST,EKPC,EKPC,2138.748,True
8/26/2022 9:00:00 PM,8/26/2022 5:00:00 PM,SERC,WEST,EKPC,EKPC,2151.342,True
8/26/2022 10:00:00 PM,8/26/2022 6:00:00 PM,SERC,WEST,EKPC,EKPC,2107.751,True
8/26/2022 11:00:00 PM,8/26/2022 7:00:00 PM,SERC,WEST,EKPC,EKPC,1993.888,True
8/27/2022 12:00:00 AM,8/26/2022 8:00:00 PM,SERC,WEST,EKPC,EKPC,1865.614,True
8/27/2022 1:00:00 AM,8/26/2022 9:00:00 PM,SERC,WEST,EKPC,EKPC,1784.374,True
8/27/2022 2:00:00 AM,8/26/2022 10:00:00 PM,SERC,WEST,EKPC,EKPC,1639.827,True
8/27/2022 3:00:00 AM,8/26/2022 11:00:00 PM,SERC,WEST,EKPC,EKPC,1511.329,True
8/27/2022 4:00:00 AM,8/27/2022 12:00:00 AM,SERC,WEST,EKPC,EKPC,1422.108,True
8/27/2022 5:00:00 AM,8/27/2022 1:00:00 AM,SERC,WEST,EKPC,EKPC,1268.621,True
8/27/2022 6:00:00 AM,8/27/2022 2:00:00 AM,SERC,WEST,EKPC,EKPC,1203.920,True
8/27/2022 7:00:00 AM,8/27/2022 3:00:00 AM,SERC,WEST,EKPC,EKPC,1120.144,True
8/27/2022 8:00:00 AM,8/27/2022 4:00:00 AM,SERC,WEST,EKPC,EKPC,1217.229,True
8/27/2022 9:00:00 AM,8/27/2022 5:00:00 AM,SERC,WEST,EKPC,EKPC,1144.450,True
8/27/2022 10:00:00 AM,8/27/2022 6:00:00 AM,SERC,WEST,EKPC,EKPC,1136.370,True
8/27/2022 11:00:00 AM,8/27/2022 7:00:00 AM,SERC,WEST,EKPC,EKPC,1102.695,True
8/27/2022 12:00:00 PM,8/27/2022 8:00:00 AM,SERC,WEST,EKPC,EKPC,1211.467,True
8/27/2022 1:00:00 PM,8/27/2022 9:00:00 AM,SERC,WEST,EKPC,EKPC,1323.347,True
8/27/2022 2:00:00 PM,8/27/2022 10:00:00 AM,SERC,WEST,EKPC,EKPC,1528.239,True
8/27/2022 3:00:00 PM,8/27/2022 11:00:00 AM,SERC,WEST,EKPC,EKPC,1682.909,True
8/27/2022 4:00:00 PM,8/27/2022 12:00:00 PM,SERC,WEST,EKPC,EKPC,1830.840,True
8/27/2022 5:00:00 PM,8/27/2022 1:00:00 PM,SERC,WEST,EKPC,EKPC,1969.912,True
8/27/2022 6:00:00 PM,8/27/2022 2:00:00 PM,SERC,WEST,EKPC,EKPC,2044.175,True
8/27/2022 7:00:00 PM,8/27/2022 3:00:00 PM,SERC,WEST,EKPC,EKPC,2111.379,True
8/27/2022 8:00:00 PM,8/27/2022 4:00:00 PM,SERC,WEST,EKPC,EKPC,2153.489,True
8/27/2022 9:00:00 PM,8/27/2022 5:00:00 PM,SERC,WEST,EKPC,EKPC,2162.982,True
8/27/2022 10:00:00 PM,8/27/2022 6:00:00 PM,SERC,WEST,EKPC,EKPC,2126.440,True
8/27/2022 11:00:00 PM,8/27/2022 7:00:00 PM,SERC,WEST,EKPC,EKPC,2035.163,True
8/28/2022 12:00:00 AM,8/27/2022 8:00:00 PM,SERC,WEST,EKPC,EKPC,1942.903,True
8/28/2022 1:00:00 AM,8/27/2022 9:00:00 PM,SERC,WEST,EKPC,EKPC,1829.455,True
8/28/2022 2:00:00 AM,8/27/2022 10:00:00 PM,SERC,WEST,EKPC,EKPC,1582.676,True
8/28/2022 3:00:00 AM,8/27/2022 11:00:00 PM,SERC,WEST,EKPC,EKPC,1527.856,True
8/28/2022 4:00:00 AM,8/28/2022 12:00:00 AM,SERC,WEST,EKPC,EKPC,1398.723,True
8/28/2022 5:00:00 AM,8/28/2022 1:00:00 AM,SERC,WEST,EKPC,EKPC,1304.365,True
8/28/2022 6:00:00 AM,8/28/2022 2:00:00 AM,SERC,WEST,EKPC,EKPC,1208.819,True
8/28/2022 7:00:00 AM,8/28/2022 3:00:00 AM,SERC,WEST,EKPC,EKPC,1088.794,True
8/28/2022 8:00:00 AM,8/28/2022 4:00:00 AM,SERC,WEST,EKPC,EKPC,1089.082,True
8/28/2022 9:00:00 AM,8/28/2022 5:00:00 AM,SERC,WEST,EKPC,EKPC,1133.742,True
8/28/2022 10:00:00 AM,8/28/2022 6:00:00 AM,SERC,WEST,EKPC,EKPC,1088.469,True
8/28/2022 11:00:00 AM,8/28/2022 7:00:00 AM,SERC,WEST,EKPC,EKPC,1174.818,True
8/28/2022 12:00:00 PM,8/28/2022 8:00:00 AM,SERC,WEST,EKPC,EKPC,1325.773,True
8/28/2022 1:00:00 PM,8/28/2022 9:00:00 AM,SERC,WEST,EKPC,EKPC,1505.645,True
8/28/2022 2:00:00 PM,8/28/2022 10:00:00 AM,SERC,WEST,EKPC,EKPC,1691.584,True
8/28/2022 3:00:00 PM,8/28/2022 11:00:00 AM,SERC,WEST,EKPC,EKPC,1845.092,True
8/28/2022 4:00:00 PM,8/28/2022 12:00:00 PM,SERC,WEST,EKPC,EKPC,2015.567,True
8/28/2022 5:00:00 PM,8/28/2022 1:00:00 PM,SERC,WEST,EKPC,EKPC,2114.035,True
8/28/2022 6:00:00 PM,8/28/2022 2:00:00 PM,SERC,WEST,EKPC,EKPC,2216.664,True
8/28/2022 7:00:00 PM,8/28/2022 3:00:00 PM,SERC,WEST,EKPC,EKPC,2271.034,True
8/28/2022 8:00:00 PM,8/28/2022 4:00:00 PM,SERC,WEST,EKPC,EKPC,2370.169,True
8/28/2022 9:00:00 PM,8/28/2022 5:00:00 PM,SERC,WEST,EKPC,EKPC,2344.030,True
8/28/2022 10:00:00 PM,8/28/2022 6:00:00 PM,SERC,WEST,EKPC,EKPC,2268.491,True
8/28/2022 11:00:00 PM,8/28/2022 7:00:00 PM,SERC,WEST,EKPC,EKPC,2167.758,True
8/29/2022 12:00:00 AM,8/28/2022 8:00:00 PM,SERC,WEST,EKPC,EKPC,2149.417,True
8/29/2022 1:00:00 AM,8/28/2022 9:00:00 PM,SERC,WEST,EKPC,EKPC,1936.581,True
8/29/2022 2:00:00 AM,8/28/2022 10:00:00 PM,SERC,WEST,EKPC,EKPC,1763.445,True
8/29/2022 3:00:00 AM,8/28/2022 11:00:00 PM,SERC,WEST,EKPC,EKPC,1647.833,True
8/29/2022 4:00:00 AM,8/29/2022 12:00:00 AM,SERC,WEST,EKPC,EKPC,1542.183,True
8/29/2022 5:00:00 AM,8/29/2022 1:00:00 AM,SERC,WEST,EKPC,EKPC,1439.980,True
8/29/2022 6:00:00 AM,8/29/2022 2:00:00 AM,SERC,WEST,EKPC,EKPC,1367.693,True
8/29/2022 7:00:00 AM,8/29/2022 3:00:00 AM,SERC,WEST,EKPC,EKPC,1303.596,True
8/29/2022 8:00:00 AM,8/29/2022 4:00:00 AM,SERC,WEST,EKPC,EKPC,1310.332,True
8/29/2022 9:00:00 AM,8/29/2022 5:00:00 AM,SERC,WEST,EKPC,EKPC,1262.157,True
8/29/2022 10:00:00 AM,8/29/2022 6:00:00 AM,SERC,WEST,EKPC,EKPC,1455.567,True
8/29/2022 11:00:00 AM,8/29/2022 7:00:00 AM,SERC,WEST,EKPC,EKPC,1489.107,True
8/29/2022 12:00:00 PM,8/29/2022 8:00:00 AM,SERC,WEST,EKPC,EKPC,1499.184,True
8/29/2022 1:00:00 PM,8/29/2022 9:00:00 AM,SERC,WEST,EKPC,EKPC,1629.519,True
8/29/2022 2:00:00 PM,8/29/2022 10:00:00 AM,SERC,WEST,EKPC,EKPC,1746.116,True
8/29/2022 3:00:00 PM,8/29/2022 11:00:00 AM,SERC,WEST,EKPC,EKPC,1964.827,True
8/29/2022 4:00:00 PM,8/29/2022 12:00:00 PM,SERC,WEST,EKPC,EKPC,2041.634,True
8/29/2022 5:00:00 PM,8/29/2022 1:00:00 PM,SERC,WEST,EKPC,EKPC,2143.960,True
8/29/2022 6:00:00 PM,8/29/2022 2:00:00 PM,SERC,WEST,EKPC,EKPC,2110.438,True
8/29/2022 7:00:00 PM,8/29/2022 3:00:00 PM,SERC,WEST,EKPC,EKPC,2085.504,True
8/29/2022 8:00:00 PM,8/29/2022 4:00:00 PM,SERC,WEST,EKPC,EKPC,2073.481,True
8/29/2022 9:00:00 PM,8/29/2022 5:00:00 PM,SERC,WEST,EKPC,EKPC,2062.759,True
8/29/2022 10:00:00 PM,8/29/2022 6:00:00 PM,SERC,WEST,EKPC,EKPC,2048.068,True
8/29/2022 11:00:00 PM,8/29/2022 7:00:00 PM,SERC,WEST,EKPC,EKPC,1979.773,True
8/30/2022 12:00:00 AM,8/29/2022 8:00:00 PM,SERC,WEST,EKPC,EKPC,1927.844,True
8/30/2022 1:00:00 AM,8/29/2022 9:00:00 PM,SERC,WEST,EKPC,EKPC,1788.044,True
8/30/2022 2:00:00 AM,8/29/2022 10:00:00 PM,SERC,WEST,EKPC,EKPC,1681.601,True
8/30/2022 3:00:00 AM,8/29/2022 11:00:00 PM,SERC,WEST,EKPC,EKPC,1491.324,True
8/30/2022 4:00:00 AM,8/30/2022 12:00:00 AM,SERC,WEST,EKPC,EKPC,1313.879,True
8/30/2022 5:00:00 AM,8/30/2022 1:00:00 AM,SERC,WEST,EKPC,EKPC,1241.277,True
8/30/2022 6:00:00 AM,8/30/2022 2:00:00 AM,SERC,WEST,EKPC,EKPC,1215.501,True
8/30/2022 7:00:00 AM,8/30/2022 3:00:00 AM,SERC,WEST,EKPC,EKPC,1265.258,True
8/30/2022 8:00:00 AM,8/30/2022 4:00:00 AM,SERC,WEST,EKPC,EKPC,1279.464,True
8/30/2022 9:00:00 AM,8/30/2022 5:00:00 AM,SERC,WEST,EKPC,EKPC,1308.586,True
8/30/2022 10:00:00 AM,8/30/2022 6:00:00 AM,SERC,WEST,EKPC,EKPC,1447.064,True
8/30/2022 11:00:00 AM,8/30/2022 7:00:00 AM,SERC,WEST,EKPC,EKPC,1483.840,True
8/30/2022 12:00:00 PM,8/30/2022 8:00:00 AM,SERC,WEST,EKPC,EKPC,1449.405,True
8/30/2022 1:00:00 PM,8/30/2022 9:00:00 AM,SERC,WEST,EKPC,EKPC,1490.313,True
8/30/2022 2:00:00 PM,8/30/2022 10:00:00 AM,SERC,WEST,EKPC,EKPC,1550.833,True
8/30/2022 3:00:00 PM,8/30/2022 11:00:00 AM,SERC,WEST,EKPC,EKPC,1670.964,True
8/30/2022 4:00:00 PM,8/30/2022 12:00:00 PM,SERC,WEST,EKPC,EKPC,1721.242,True
8/30/2022 5:00:00 PM,8/30/2022 1:00:00 PM,SERC,WEST,EKPC,EKPC,1844.978,True
8/30/2022 6:00:00 PM,8/30/2022 2:00:00 PM,SERC,WEST,EKPC,EKPC,1927.127,True
8/30/2022 7:00:00 PM,8/30/2022 3:00:00 PM,SERC,WEST,EKPC,EKPC,1956.408,True
8/30/2022 8:00:00 PM,8/30/2022 4:00:00 PM,SERC,WEST,EKPC,EKPC,2016.258,True
8/30/2022 9:00:00 PM,8/30/2022 5:00:00 PM,SERC,WEST,EKPC,EKPC,2051.472,True
8/30/2022 10:00:00 PM,8/30/2022 6:00:00 PM,SERC,WEST,EKPC,EKPC,1975.757,True
8/30/2022 11:00:00 PM,8/30/2022 7:00:00 PM,SERC,WEST,EKPC,EKPC,1940.996,True
8/31/2022 12:00:00 AM,8/30/2022 8:00:00 PM,SERC,WEST,EKPC,EKPC,1881.192,True
8/31/2022 1:00:00 AM,8/30/2022 9:00:00 PM,SERC,WEST,EKPC,EKPC,1792.642,True
8/31/2022 2:00:00 AM,8/30/2022 10:00:00 PM,SERC,WEST,EKPC,EKPC,1603.027,True
8/31/2022 3:00:00 AM,8/30/2022 11:00:00 PM,SERC,WEST,EKPC,EKPC,1412.949,True
8/31/2022 4:00:00 AM,8/31/2022 12:00:00 AM,SERC,WEST,EKPC,EKPC,1299.189,True
8/31/2022 5:00:00 AM,8/31/2022 1:00:00 AM,SERC,WEST,EKPC,EKPC,1193.132,True
8/31/2022 6:00:00 AM,8/31/2022 2:00:00 AM,SERC,WEST,EKPC,EKPC,1164.015,True
8/31/2022 7:00:00 AM,8/31/2022 3:00:00 AM,SERC,WEST,EKPC,EKPC,1137.110,True
8/31/2022 8:00:00 AM,8/31/2022 4:00:00 AM,SERC,WEST,EKPC,EKPC,1058.327,True
8/31/2022 9:00:00 AM,8/31/2022 5:00:00 AM,SERC,WEST,EKPC,EKPC,1087.864,True
8/31/2022 10:00:00 AM,8/31/2022 6:00:00 AM,SERC,WEST,EKPC,EKPC,1190.611,True
8/31/2022 11:00:00 AM,8/31/2022 7:00:00 AM,SERC,WEST,EKPC,EKPC,1215.434,True
8/31/2022 12:00:00 PM,8/31/2022 8:00:00 AM,SERC,WEST,EKPC,EKPC,1217.324,True
8/31/2022 1:00:00 PM,8/31/2022 9:00:00 AM,SERC,WEST,EKPC,EKPC,1278.499,True
8/31/2022 2:00:00 PM,8/31/2022 10:00:00 AM,SERC,WEST,EKPC,EKPC,1359.523,True
8/31/2022 3:00:00 PM,8/31/2022 11:00:00 AM,SERC,WEST,EKPC,EKPC,1451.484,True
8/31/2022 4:00:00 PM,8/31/2022 12:00:00 PM,SERC,WEST,EKPC,EKPC,1554.932,True
8/31/2022 5:00:00 PM,8/31/2022 1:00:00 PM,SERC,WEST,EKPC,EKPC,1646.159,True
8/31/2022 6:00:00 PM,8/31/2022 2:00:00 PM,SERC,WEST,EKPC,EKPC,1720.894,True
8/31/2022 7:00:00 PM,8/31/2022 3:00:00 PM,SERC,WEST,EKPC,EKPC,1801.237,True
8/31/2022 8:00:00 PM,8/31/2022 4:00:00 PM,SERC,WEST,EKPC,EKPC,1948.772,True
8/31/2022 9:00:00 PM,8/31/2022 5:00:00 PM,SERC,WEST,EKPC,EKPC,1981.430,True
8/31/2022 10:00:00 PM,8/31/2022 6:00:00 PM,SERC,WEST,EKPC,EKPC,1986.851,True
8/31/2022 11:00:00 PM,8/31/2022 7:00:00 PM,SERC,WEST,EKPC,EKPC,1812.614,True
9/1/2022 12:00:00 AM,8/31/2022 8:00:00 PM,SERC,WEST,EKPC,EKPC,1725.025,True
9/1/2022 1:00:00 AM,8/31/2022 9:00:00 PM,SERC,WEST,EKPC,EKPC,1661.899,True
9/1/2022 2:00:00 AM,8/31/2022 10:00:00 PM,SERC,WEST,EKPC,EKPC,1499.414,True
9/1/2022 3:00:00 AM,8/31/2022 11:00:00 PM,SERC,WEST,EKPC,EKPC,1269.847,True
9/1/2022 4:00:00 AM,9/1/2022 12:00:00 AM,SERC,WEST,EKPC,EKPC,1157.186,True
9/1/2022 5:00:00 AM,9/1/2022 1:00:00 AM,SERC,WEST,EKPC,EKPC,1098.009,True
9/1/2022 6:00:00 AM,9/1/2022 2:00:00 AM,SERC,WEST,EKPC,EKPC,1050.359,True
9/1/2022 7:00:00 AM,9/1/2022 3:00:00 AM,SERC,WEST,EKPC,EKPC,1106.045,True
9/1/2022 8:00:00 AM,9/1/2022 4:00:00 AM,SERC,WEST,EKPC,EKPC,1034.962,True
9/1/2022 9:00:00 AM,9/1/2022 5:00:00 AM,SERC,WEST,EKPC,EKPC,1067.847,True
9/1/2022 10:00:00 AM,9/1/2022 6:00:00 AM,SERC,WEST,EKPC,EKPC,1182.275,True
9/1/2022 11:00:00 AM,9/1/2022 7:00:00 AM,SERC,WEST,EKPC,EKPC,1212.722,True
9/1/2022 12:00:00 PM,9/1/2022 8:00:00 AM,SERC,WEST,EKPC,EKPC,1308.901,True
9/1/2022 1:00:00 PM,9/1/2022 9:00:00 AM,SERC,WEST,EKPC,EKPC,1370.319,True
9/1/2022 2:00:00 PM,9/1/2022 10:00:00 AM,SERC,WEST,EKPC,EKPC,1472.461,True
9/1/2022 3:00:00 PM,9/1/2022 11:00:00 AM,SERC,WEST,EKPC,EKPC,1582.141,True
9/1/2022 4:00:00 PM,9/1/2022 12:00:00 PM,SERC,WEST,EKPC,EKPC,1687.052,True
9/1/2022 5:00:00 PM,9/1/2022 1:00:00 PM,SERC,WEST,EKPC,EKPC,1814.073,True
9/1/2022 6:00:00 PM,9/1/2022 2:00:00 PM,SERC,WEST,EKPC,EKPC,1900.157,True
9/1/2022 7:00:00 PM,9/1/2022 3:00:00 PM,SERC,WEST,EKPC,EKPC,1937.033,True
9/1/2022 8:00:00 PM,9/1/2022 4:00:00 PM,SERC,WEST,EKPC,EKPC,2042.036,True
9/1/2022 9:00:00 PM,9/1/2022 5:00:00 PM,SERC,WEST,EKPC,EKPC,2061.636,True
9/1/2022 10:00:00 PM,9/1/2022 6:00:00 PM,SERC,WEST,EKPC,EKPC,2025.052,True
9/1/2022 11:00:00 PM,9/1/2022 7:00:00 PM,SERC,WEST,EKPC,EKPC,1935.009,True
9/2/2022 12:00:00 AM,9/1/2022 8:00:00 PM,SERC,WEST,EKPC,EKPC,1875.895,True
9/2/2022 1:00:00 AM,9/1/2022 9:00:00 PM,SERC,WEST,EKPC,EKPC,1725.964,True
9/2/2022 2:00:00 AM,9/1/2022 10:00:00 PM,SERC,WEST,EKPC,EKPC,1570.029,True
9/2/2022 3:00:00 AM,9/1/2022 11:00:00 PM,SERC,WEST,EKPC,EKPC,1435.865,True
9/2/2022 4:00:00 AM,9/2/2022 12:00:00 AM,SERC,WEST,EKPC,EKPC,1306.512,True
9/2/2022 5:00:00 AM,9/2/2022 1:00:00 AM,SERC,WEST,EKPC,EKPC,1216.032,True
9/2/2022 6:00:00 AM,9/2/2022 2:00:00 AM,SERC,WEST,EKPC,EKPC,1167.797,True
9/2/2022 7:00:00 AM,9/2/2022 3:00:00 AM,SERC,WEST,EKPC,EKPC,1115.535,True
9/2/2022 8:00:00 AM,9/2/2022 4:00:00 AM,SERC,WEST,EKPC,EKPC,1138.081,True
9/2/2022 9:00:00 AM,9/2/2022 5:00:00 AM,SERC,WEST,EKPC,EKPC,1163.077,True
9/2/2022 10:00:00 AM,9/2/2022 6:00:00 AM,SERC,WEST,EKPC,EKPC,1286.305,True
9/2/2022 11:00:00 AM,9/2/2022 7:00:00 AM,SERC,WEST,EKPC,EKPC,1213.282,True
9/2/2022 12:00:00 PM,9/2/2022 8:00:00 AM,SERC,WEST,EKPC,EKPC,1311.909,True
9/2/2022 1:00:00 PM,9/2/2022 9:00:00 AM,SERC,WEST,EKPC,EKPC,1316.489,True
9/2/2022 2:00:00 PM,9/2/2022 10:00:00 AM,SERC,WEST,EKPC,EKPC,1396.722,True
9/2/2022 3:00:00 PM,9/2/2022 11:00:00 AM,SERC,WEST,EKPC,EKPC,1579.643,True
9/2/2022 4:00:00 PM,9/2/2022 12:00:00 PM,SERC,WEST,EKPC,EKPC,1688.201,True
9/2/2022 5:00:00 PM,9/2/2022 1:00:00 PM,SERC,WEST,EKPC,EKPC,1787.019,True
9/2/2022 6:00:00 PM,9/2/2022 2:00:00 PM,SERC,WEST,EKPC,EKPC,1867.931,True
9/2/2022 7:00:00 PM,9/2/2022 3:00:00 PM,SERC,WEST,EKPC,EKPC,2043.720,True
9/2/2022 8:00:00 PM,9/2/2022 4:00:00 PM,SERC,WEST,EKPC,EKPC,2092.217,True
9/2/2022 9:00:00 PM,9/2/2022 5:00:00 PM,SERC,WEST,EKPC,EKPC,2033.289,True
9/2/2022 10:00:00 PM,9/2/2022 6:00:00 PM,SERC,WEST,EKPC,EKPC,1941.652,True
9/2/2022 11:00:00 PM,9/2/2022 7:00:00 PM,SERC,WEST,EKPC,EKPC,1854.969,True
9/3/2022 12:00:00 AM,9/2/2022 8:00:00 PM,SERC,WEST,EKPC,EKPC,1878.003,True
9/3/2022 1:00:00 AM,9/2/2022 9:00:00 PM,SERC,WEST,EKPC,EKPC,1724.416,True
9/3/2022 2:00:00 AM,9/2/2022 10:00:00 PM,SERC,WEST,EKPC,EKPC,1658.730,True
9/3/2022 3:00:00 AM,9/2/2022 11:00:00 PM,SERC,WEST,EKPC,EKPC,1515.855,True
9/3/2022 4:00:00 AM,9/3/2022 12:00:00 AM,SERC,WEST,EKPC,EKPC,1346.847,True
9/3/2022 5:00:00 AM,9/3/2022 1:00:00 AM,SERC,WEST,EKPC,EKPC,1318.952,True
9/3/2022 6:00:00 AM,9/3/2022 2:00:00 AM,SERC,WEST,EKPC,EKPC,1259.639,True
9/3/2022 7:00:00 AM,9/3/2022 3:00:00 AM,SERC,WEST,EKPC,EKPC,1218.608,True
9/3/2022 8:00:00 AM,9/3/2022 4:00:00 AM,SERC,WEST,EKPC,EKPC,1240.856,True
9/3/2022 9:00:00 AM,9/3/2022 5:00:00 AM,SERC,WEST,EKPC,EKPC,1206.873,True
9/3/2022 10:00:00 AM,9/3/2022 6:00:00 AM,SERC,WEST,EKPC,EKPC,1268.542,True
9/3/2022 11:00:00 AM,9/3/2022 7:00:00 AM,SERC,WEST,EKPC,EKPC,1209.330,True
9/3/2022 12:00:00 PM,9/3/2022 8:00:00 AM,SERC,WEST,EKPC,EKPC,1257.138,True
9/3/2022 1:00:00 PM,9/3/2022 9:00:00 AM,SERC,WEST,EKPC,EKPC,1338.723,True
9/3/2022 2:00:00 PM,9/3/2022 10:00:00 AM,SERC,WEST,EKPC,EKPC,1446.920,True
9/3/2022 3:00:00 PM,9/3/2022 11:00:00 AM,SERC,WEST,EKPC,EKPC,1573.200,True
9/3/2022 4:00:00 PM,9/3/2022 12:00:00 PM,SERC,WEST,EKPC,EKPC,1590.947,True
9/3/2022 5:00:00 PM,9/3/2022 1:00:00 PM,SERC,WEST,EKPC,EKPC,1661.455,True
9/3/2022 6:00:00 PM,9/3/2022 2:00:00 PM,SERC,WEST,EKPC,EKPC,1786.890,True
9/3/2022 7:00:00 PM,9/3/2022 3:00:00 PM,SERC,WEST,EKPC,EKPC,1884.213,True
9/3/2022 8:00:00 PM,9/3/2022 4:00:00 PM,SERC,WEST,EKPC,EKPC,1896.751,True
9/3/2022 9:00:00 PM,9/3/2022 5:00:00 PM,SERC,WEST,EKPC,EKPC,1855.146,True
9/3/2022 10:00:00 PM,9/3/2022 6:00:00 PM,SERC,WEST,EKPC,EKPC,1829.631,True
9/3/2022 11:00:00 PM,9/3/2022 7:00:00 PM,SERC,WEST,EKPC,EKPC,1758.397,True
9/4/2022 12:00:00 AM,9/3/2022 8:00:00 PM,SERC,WEST,EKPC,EKPC,1704.122,True
9/4/2022 1:00:00 AM,9/3/2022 9:00:00 PM,SERC,WEST,EKPC,EKPC,1599.917,True
9/4/2022 2:00:00 AM,9/3/2022 10:00:00 PM,SERC,WEST,EKPC,EKPC,1578.815,True
9/4/2022 3:00:00 AM,9/3/2022 11:00:00 PM,SERC,WEST,EKPC,EKPC,1375.698,True
9/4/2022 4:00:00 AM,9/4/2022 12:00:00 AM,SERC,WEST,EKPC,EKPC,1319.032,True
9/4/2022 5:00:00 AM,9/4/2022 1:00:00 AM,SERC,WEST,EKPC,EKPC,1185.579,True
9/4/2022 6:00:00 AM,9/4/2022 2:00:00 AM,SERC,WEST,EKPC,EKPC,1136.134,True
9/4/2022 7:00:00 AM,9/4/2022 3:00:00 AM,SERC,WEST,EKPC,EKPC,1113.417,True
9/4/2022 8:00:00 AM,9/4/2022 4:00:00 AM,SERC,WEST,EKPC,EKPC,1151.608,True
9/4/2022 9:00:00 AM,9/4/2022 5:00:00 AM,SERC,WEST,EKPC,EKPC,1139.514,True
9/4/2022 10:00:00 AM,9/4/2022 6:00:00 AM,SERC,WEST,EKPC,EKPC,1196.000,True
9/4/2022 11:00:00 AM,9/4/2022 7:00:00 AM,SERC,WEST,EKPC,EKPC,1242.738,True
9/4/2022 12:00:00 PM,9/4/2022 8:00:00 AM,SERC,WEST,EKPC,EKPC,1218.396,True
9/4/2022 1:00:00 PM,9/4/2022 9:00:00 AM,SERC,WEST,EKPC,EKPC,1379.070,True
9/4/2022 2:00:00 PM,9/4/2022 10:00:00 AM,SERC,WEST,EKPC,EKPC,1464.763,True
9/4/2022 3:00:00 PM,9/4/2022 11:00:00 AM,SERC,WEST,EKPC,EKPC,1589.904,True
9/4/2022 4:00:00 PM,9/4/2022 12:00:00 PM,SERC,WEST,EKPC,EKPC,1618.852,True
9/4/2022 5:00:00 PM,9/4/2022 1:00:00 PM,SERC,WEST,EKPC,EKPC,1698.907,True
9/4/2022 6:00:00 PM,9/4/2022 2:00:00 PM,SERC,WEST,EKPC,EKPC,1742.596,True
9/4/2022 7:00:00 PM,9/4/2022 3:00:00 PM,SERC,WEST,EKPC,EKPC,1814.474,True
9/4/2022 8:00:00 PM,9/4/2022 4:00:00 PM,SERC,WEST,EKPC,EKPC,1900.571,True
9/4/2022 9:00:00 PM,9/4/2022 5:00:00 PM,SERC,WEST,EKPC,EKPC,1910.979,True
9/4/2022 10:00:00 PM,9/4/2022 6:00:00 PM,SERC,WEST,EKPC,EKPC,1796.453,True
9/4/2022 11:00:00 PM,9/4/2022 7:00:00 PM,SERC,WEST,EKPC,EKPC,1744.383,True
9/5/2022 12:00:00 AM,9/4/2022 8:00:00 PM,SERC,WEST,EKPC,EKPC,1710.151,True
9/5/2022 1:00:00 AM,9/4/2022 9:00:00 PM,SERC,WEST,EKPC,EKPC,1657.647,True
9/5/2022 2:00:00 AM,9/4/2022 10:00:00 PM,SERC,WEST,EKPC,EKPC,1527.002,True
9/5/2022 3:00:00 AM,9/4/2022 11:00:00 PM,SERC,WEST,EKPC,EKPC,1424.771,True
9/5/2022 4:00:00 AM,9/5/2022 12:00:00 AM,SERC,WEST,EKPC,EKPC,1397.857,True
9/5/2022 5:00:00 AM,9/5/2022 1:00:00 AM,SERC,WEST,EKPC,EKPC,1182.856,True
9/5/2022 6:00:00 AM,9/5/2022 2:00:00 AM,SERC,WEST,EKPC,EKPC,1096.766,True
9/5/2022 7:00:00 AM,9/5/2022 3:00:00 AM,SERC,WEST,EKPC,EKPC,1095.111,True
9/5/2022 8:00:00 AM,9/5/2022 4:00:00 AM,SERC,WEST,EKPC,EKPC,1053.017,True
9/5/2022 9:00:00 AM,9/5/2022 5:00:00 AM,SERC,WEST,EKPC,EKPC,1077.374,True
9/5/2022 10:00:00 AM,9/5/2022 6:00:00 AM,SERC,WEST,EKPC,EKPC,1093.023,True
9/5/2022 11:00:00 AM,9/5/2022 7:00:00 AM,SERC,WEST,EKPC,EKPC,1220.850,True
9/5/2022 12:00:00 PM,9/5/2022 8:00:00 AM,SERC,WEST,EKPC,EKPC,1232.317,True
9/5/2022 1:00:00 PM,9/5/2022 9:00:00 AM,SERC,WEST,EKPC,EKPC,1341.006,True
9/5/2022 2:00:00 PM,9/5/2022 10:00:00 AM,SERC,WEST,EKPC,EKPC,1428.363,True
9/5/2022 3:00:00 PM,9/5/2022 11:00:00 AM,SERC,WEST,EKPC,EKPC,1527.607,True
9/5/2022 4:00:00 PM,9/5/2022 12:00:00 PM,SERC,WEST,EKPC,EKPC,1627.637,True
9/5/2022 5:00:00 PM,9/5/2022 1:00:00 PM,SERC,WEST,EKPC,EKPC,1811.625,True
9/5/2022 6:00:00 PM,9/5/2022 2:00:00 PM,SERC,WEST,EKPC,EKPC,1789.451,True
9/5/2022 7:00:00 PM,9/5/2022 3:00:00 PM,SERC,WEST,EKPC,EKPC,1839.711,True
9/5/2022 8:00:00 PM,9/5/2022 4:00:00 PM,SERC,WEST,EKPC,EKPC,1860.054,True
9/5/2022 9:00:00 PM,9/5/2022 5:00:00 PM,SERC,WEST,EKPC,EKPC,1844.191,True
9/5/2022 10:00:00 PM,9/5/2022 6:00:00 PM,SERC,WEST,EKPC,EKPC,1853.500,True
9/5/2022 11:00:00 PM,9/5/2022 7:00:00 PM,SERC,WEST,EKPC,EKPC,1761.519,True
9/6/2022 12:00:00 AM,9/5/2022 8:00:00 PM,SERC,WEST,EKPC,EKPC,1774.177,True
9/6/2022 1:00:00 AM,9/5/2022 9:00:00 PM,SERC,WEST,EKPC,EKPC,1646.839,True
9/6/2022 2:00:00 AM,9/5/2022 10:00:00 PM,SERC,WEST,EKPC,EKPC,1461.603,True
9/6/2022 3:00:00 AM,9/5/2022 11:00:00 PM,SERC,WEST,EKPC,EKPC,1358.625,True
9/6/2022 4:00:00 AM,9/6/2022 12:00:00 AM,SERC,WEST,EKPC,EKPC,1285.699,True
9/6/2022 5:00:00 AM,9/6/2022 1:00:00 AM,SERC,WEST,EKPC,EKPC,1212.963,True
9/6/2022 6:00:00 AM,9/6/2022 2:00:00 AM,SERC,WEST,EKPC,EKPC,1195.318,True
9/6/2022 7:00:00 AM,9/6/2022 3:00:00 AM,SERC,WEST,EKPC,EKPC,1126.622,True
9/6/2022 8:00:00 AM,9/6/2022 4:00:00 AM,SERC,WEST,EKPC,EKPC,1243.244,True
9/6/2022 9:00:00 AM,9/6/2022 5:00:00 AM,SERC,WEST,EKPC,EKPC,1279.444,True
9/6/2022 10:00:00 AM,9/6/2022 6:00:00 AM,SERC,WEST,EKPC,EKPC,1364.270,True
9/6/2022 11:00:00 AM,9/6/2022 7:00:00 AM,SERC,WEST,EKPC,EKPC,1378.541,True
9/6/2022 12:00:00 PM,9/6/2022 8:00:00 AM,SERC,WEST,EKPC,EKPC,1400.487,True
9/6/2022 1:00:00 PM,9/6/2022 9:00:00 AM,SERC,WEST,EKPC,EKPC,1457.617,True
9/6/2022 2:00:00 PM,9/6/2022 10:00:00 AM,SERC,WEST,EKPC,EKPC,1479.891,True
9/6/2022 3:00:00 PM,9/6/2022 11:00:00 AM,SERC,WEST,EKPC,EKPC,1684.159,True
9/6/2022 4:00:00 PM,9/6/2022 12:00:00 PM,SERC,WEST,EKPC,EKPC,1645.351,True
9/6/2022 5:00:00 PM,9/6/2022 1:00:00 PM,SERC,WEST,EKPC,EKPC,1785.910,True
9/6/2022 6:00:00 PM,9/6/2022 2:00:00 PM,SERC,WEST,EKPC,EKPC,1822.742,True
9/6/2022 7:00:00 PM,9/6/2022 3:00:00 PM,SERC,WEST,EKPC,EKPC,1895.690,True
9/6/2022 8:00:00 PM,9/6/2022 4:00:00 PM,SERC,WEST,EKPC,EKPC,1928.525,True
9/6/2022 9:00:00 PM,9/6/2022 5:00:00 PM,SERC,WEST,EKPC,EKPC,1949.505,True
9/6/2022 10:00:00 PM,9/6/2022 6:00:00 PM,SERC,WEST,EKPC,EKPC,1899.851,True
9/6/2022 11:00:00 PM,9/6/2022 7:00:00 PM,SERC,WEST,EKPC,EKPC,1744.178,True
9/7/2022 12:00:00 AM,9/6/2022 8:00:00 PM,SERC,WEST,EKPC,EKPC,1760.199,True
9/7/2022 1:00:00 AM,9/6/2022 9:00:00 PM,SERC,WEST,EKPC,EKPC,1722.743,True
9/7/2022 2:00:00 AM,9/6/2022 10:00:00 PM,SERC,WEST,EKPC,EKPC,1552.940,True
9/7/2022 3:00:00 AM,9/6/2022 11:00:00 PM,SERC,WEST,EKPC,EKPC,1376.212,True
9/7/2022 4:00:00 AM,9/7/2022 12:00:00 AM,SERC,WEST,EKPC,EKPC,1302.726,True
9/7/2022 5:00:00 AM,9/7/2022 1:00:00 AM,SERC,WEST,EKPC,EKPC,1189.863,True
9/7/2022 6:00:00 AM,9/7/2022 2:00:00 AM,SERC,WEST,EKPC,EKPC,1137.697,True
9/7/2022 7:00:00 AM,9/7/2022 3:00:00 AM,SERC,WEST,EKPC,EKPC,1181.725,True
9/7/2022 8:00:00 AM,9/7/2022 4:00:00 AM,SERC,WEST,EKPC,EKPC,1063.004,True
9/7/2022 9:00:00 AM,9/7/2022 5:00:00 AM,SERC,WEST,EKPC,EKPC,1141.413,True
9/7/2022 10:00:00 AM,9/7/2022 6:00:00 AM,SERC,WEST,EKPC,EKPC,1313.924,True
9/7/2022 11:00:00 AM,9/7/2022 7:00:00 AM,SERC,WEST,EKPC,EKPC,1270.778,True
9/7/2022 12:00:00 PM,9/7/2022 8:00:00 AM,SERC,WEST,EKPC,EKPC,1360.072,True
9/7/2022 1:00:00 PM,9/7/2022 9:00:00 AM,SERC,WEST,EKPC,EKPC,1379.153,True
9/7/2022 2:00:00 PM,9/7/2022 10:00:00 AM,SERC,WEST,EKPC,EKPC,1464.516,True
9/7/2022 3:00:00 PM,9/7/2022 11:00:00 AM,SERC,WEST,EKPC,EKPC,1511.363,True
9/7/2022 4:00:00 PM,9/7/2022 12:00:00 PM,SERC,WEST,EKPC,EKPC,1549.376,True
9/7/2022 5:00:00 PM,9/7/2022 1:00:00 PM,SERC,WEST,EKPC,EKPC,1656.686,True
9/7/2022 6:00:00 PM,9/7/2022 2:00:00 PM,SERC,WEST,EKPC,EKPC,1726.506,True
9/7/2022 7:00:00 PM,9/7/2022 3:00:00 PM,SERC,WEST,EKPC,EKPC,1783.827,True
9/7/2022 8:00:00 PM,9/7/2022 4:00:00 PM,SERC,WEST,EKPC,EKPC,1831.706,True
9/7/2022 9:00:00 PM,9/7/2022 5:00:00 PM,SERC,WEST,EKPC,EKPC,1769.129,True
9/7/2022 10:00:00 PM,9/7/2022 6:00:00 PM,SERC,WEST,EKPC,EKPC,1730.666,True
9/7/2022 11:00:00 PM,9/7/2022 7:00:00 PM,SERC,WEST,EKPC,EKPC,1656.107,True
9/8/2022 12:00:00 AM,9/7/2022 8:00:00 PM,SERC,WEST,EKPC,EKPC,1623.621,True
9/8/2022 1:00:00 AM,9/7/2022 9:00:00 PM,SERC,WEST,EKPC,EKPC,1570.950,True
9/8/2022 2:00:00 AM,9/7/2022 10:00:00 PM,SERC,WEST,EKPC,EKPC,1473.467,True
9/8/2022 3:00:00 AM,9/7/2022 11:00:00 PM,SERC,WEST,EKPC,EKPC,1248.355,True
9/8/2022 4:00:00 AM,9/8/2022 12:00:00 AM,SERC,WEST,EKPC,EKPC,1181.607,True
9/8/2022 5:00:00 AM,9/8/2022 1:00:00 AM,SERC,WEST,EKPC,EKPC,1133.305,True
9/8/2022 6:00:00 AM,9/8/2022 2:00:00 AM,SERC,WEST,EKPC,EKPC,1154.872,True
9/8/2022 7:00:00 AM,9/8/2022 3:00:00 AM,SERC,WEST,EKPC,EKPC,1084.249,True
9/8/2022 8:00:00 AM,9/8/2022 4:00:00 AM,SERC,WEST,EKPC,EKPC,1012.768,True
9/8/2022 9:00:00 AM,9/8/2022 5:00:00 AM,SERC,WEST,EKPC,EKPC,1165.030,True
9/8/2022 10:00:00 AM,9/8/2022 6:00:00 AM,SERC,WEST,EKPC,EKPC,1198.606,True
9/8/2022 11:00:00 AM,9/8/2022 7:00:00 AM,SERC,WEST,EKPC,EKPC,1273.085,True
9/8/2022 12:00:00 PM,9/8/2022 8:00:00 AM,SERC,WEST,EKPC,EKPC,1286.714,True
9/8/2022 1:00:00 PM,9/8/2022 9:00:00 AM,SERC,WEST,EKPC,EKPC,1302.240,True
9/8/2022 2:00:00 PM,9/8/2022 10:00:00 AM,SERC,WEST,EKPC,EKPC,1400.628,True
9/8/2022 3:00:00 PM,9/8/2022 11:00:00 AM,SERC,WEST,EKPC,EKPC,1440.705,True
9/8/2022 4:00:00 PM,9/8/2022 12:00:00 PM,SERC,WEST,EKPC,EKPC,1454.417,True
9/8/2022 5:00:00 PM,9/8/2022 1:00:00 PM,SERC,WEST,EKPC,EKPC,1572.051,True
9/8/2022 6:00:00 PM,9/8/2022 2:00:00 PM,SERC,WEST,EKPC,EKPC,1687.764,True
9/8/2022 7:00:00 PM,9/8/2022 3:00:00 PM,SERC,WEST,EKPC,EKPC,1681.066,True
9/8/2022 8:00:00 PM,9/8/2022 4:00:00 PM,SERC,WEST,EKPC,EKPC,1737.449,True
9/8/2022 9:00:00 PM,9/8/2022 5:00:00 PM,SERC,WEST,EKPC,EKPC,1783.755,True
9/8/2022 10:00:00 PM,9/8/2022 6:00:00 PM,SERC,WEST,EKPC,EKPC,1760.881,True
9/8/2022 11:00:00 PM,9/8/2022 7:00:00 PM,SERC,WEST,EKPC,EKPC,1665.375,True
9/9/2022 12:00:00 AM,9/8/2022 8:00:00 PM,SERC,WEST,EKPC,EKPC,1723.928,True
9/9/2022 1:00:00 AM,9/8/2022 9:00:00 PM,SERC,WEST,EKPC,EKPC,1665.059,True
9/9/2022 2:00:00 AM,9/8/2022 10:00:00 PM,SERC,WEST,EKPC,EKPC,1403.690,True
9/9/2022 3:00:00 AM,9/8/2022 11:00:00 PM,SERC,WEST,EKPC,EKPC,1378.629,True
9/9/2022 4:00:00 AM,9/9/2022 12:00:00 AM,SERC,WEST,EKPC,EKPC,1139.431,True
9/9/2022 5:00:00 AM,9/9/2022 1:00:00 AM,SERC,WEST,EKPC,EKPC,1093.761,True
9/9/2022 6:00:00 AM,9/9/2022 2:00:00 AM,SERC,WEST,EKPC,EKPC,1142.846,True
9/9/2022 7:00:00 AM,9/9/2022 3:00:00 AM,SERC,WEST,EKPC,EKPC,1027.359,True
9/9/2022 8:00:00 AM,9/9/2022 4:00:00 AM,SERC,WEST,EKPC,EKPC,1065.590,True
9/9/2022 9:00:00 AM,9/9/2022 5:00:00 AM,SERC,WEST,EKPC,EKPC,1027.116,True
9/9/2022 10:00:00 AM,9/9/2022 6:00:00 AM,SERC,WEST,EKPC,EKPC,1187.326,True
9/9/2022 11:00:00 AM,9/9/2022 7:00:00 AM,SERC,WEST,EKPC,EKPC,1229.166,True
9/9/2022 12:00:00 PM,9/9/2022 8:00:00 AM,SERC,WEST,EKPC,EKPC,1298.420,True
9/9/2022 1:00:00 PM,9/9/2022 9:00:00 AM,SERC,WEST,EKPC,EKPC,1342.364,True
9/9/2022 2:00:00 PM,9/9/2022 10:00:00 AM,SERC,WEST,EKPC,EKPC,1384.217,True
9/9/2022 3:00:00 PM,9/9/2022 11:00:00 AM,SERC,WEST,EKPC,EKPC,1470.257,True
9/9/2022 4:00:00 PM,9/9/2022 12:00:00 PM,SERC,WEST,EKPC,EKPC,1555.349,True
9/9/2022 5:00:00 PM,9/9/2022 1:00:00 PM,SERC,WEST,EKPC,EKPC,1749.586,True
9/9/2022 6:00:00 PM,9/9/2022 2:00:00 PM,SERC,WEST,EKPC,EKPC,1805.909,True
9/9/2022 7:00:00 PM,9/9/2022 3:00:00 PM,SERC,WEST,EKPC,EKPC,1833.563,True
9/9/2022 8:00:00 PM,9/9/2022 4:00:00 PM,SERC,WEST,EKPC,EKPC,1860.241,True
9/9/2022 9:00:00 PM,9/9/2022 5:00:00 PM,SERC,WEST,EKPC,EKPC,1968.745,True
9/9/2022 10:00:00 PM,9/9/2022 6:00:00 PM,SERC,WEST,EKPC,EKPC,1977.032,True
9/9/2022 11:00:00 PM,9/9/2022 7:00:00 PM,SERC,WEST,EKPC,EKPC,1873.890,True
9/10/2022 12:00:00 AM,9/9/2022 8:00:00 PM,SERC,WEST,EKPC,EKPC,1772.664,True
9/10/2022 1:00:00 AM,9/9/2022 9:00:00 PM,SERC,WEST,EKPC,EKPC,1685.408,True
9/10/2022 2:00:00 AM,9/9/2022 10:00:00 PM,SERC,WEST,EKPC,EKPC,1543.481,True
9/10/2022 3:00:00 AM,9/9/2022 11:00:00 PM,SERC,WEST,EKPC,EKPC,1376.872,True
9/10/2022 4:00:00 AM,9/10/2022 12:00:00 AM,SERC,WEST,EKPC,EKPC,1313.358,True
9/10/2022 5:00:00 AM,9/10/2022 1:00:00 AM,SERC,WEST,EKPC,EKPC,1242.693,True
9/10/2022 6:00:00 AM,9/10/2022 2:00:00 AM,SERC,WEST,EKPC,EKPC,1192.663,True
9/10/2022 7:00:00 AM,9/10/2022 3:00:00 AM,SERC,WEST,EKPC,EKPC,1109.341,True
9/10/2022 8:00:00 AM,9/10/2022 4:00:00 AM,SERC,WEST,EKPC,EKPC,1074.967,True
9/10/2022 9:00:00 AM,9/10/2022 5:00:00 AM,SERC,WEST,EKPC,EKPC,1099.070,True
9/10/2022 10:00:00 AM,9/10/2022 6:00:00 AM,SERC,WEST,EKPC,EKPC,1137.531,True
9/10/2022 11:00:00 AM,9/10/2022 7:00:00 AM,SERC,WEST,EKPC,EKPC,1191.146,True
9/10/2022 12:00:00 PM,9/10/2022 8:00:00 AM,SERC,WEST,EKPC,EKPC,1226.466,True
9/10/2022 1:00:00 PM,9/10/2022 9:00:00 AM,SERC,WEST,EKPC,EKPC,1348.431,True
9/10/2022 2:00:00 PM,9/10/2022 10:00:00 AM,SERC,WEST,EKPC,EKPC,1401.623,True
9/10/2022 3:00:00 PM,9/10/2022 11:00:00 AM,SERC,WEST,EKPC,EKPC,1502.756,True
9/10/2022 4:00:00 PM,9/10/2022 12:00:00 PM,SERC,WEST,EKPC,EKPC,1543.666,True
9/10/2022 5:00:00 PM,9/10/2022 1:00:00 PM,SERC,WEST,EKPC,EKPC,1547.787,True
9/10/2022 6:00:00 PM,9/10/2022 2:00:00 PM,SERC,WEST,EKPC,EKPC,1625.502,True
9/10/2022 7:00:00 PM,9/10/2022 3:00:00 PM,SERC,WEST,EKPC,EKPC,1664.706,True
9/10/2022 8:00:00 PM,9/10/2022 4:00:00 PM,SERC,WEST,EKPC,EKPC,1672.596,True
9/10/2022 9:00:00 PM,9/10/2022 5:00:00 PM,SERC,WEST,EKPC,EKPC,1641.456,True
9/10/2022 10:00:00 PM,9/10/2022 6:00:00 PM,SERC,WEST,EKPC,EKPC,1623.261,True
9/10/2022 11:00:00 PM,9/10/2022 7:00:00 PM,SERC,WEST,EKPC,EKPC,1607.712,True
9/11/2022 12:00:00 AM,9/10/2022 8:00:00 PM,SERC,WEST,EKPC,EKPC,1613.099,True
9/11/2022 1:00:00 AM,9/10/2022 9:00:00 PM,SERC,WEST,EKPC,EKPC,1540.463,True
9/11/2022 2:00:00 AM,9/10/2022 10:00:00 PM,SERC,WEST,EKPC,EKPC,1424.055,True
9/11/2022 3:00:00 AM,9/10/2022 11:00:00 PM,SERC,WEST,EKPC,EKPC,1394.009,True
9/11/2022 4:00:00 AM,9/11/2022 12:00:00 AM,SERC,WEST,EKPC,EKPC,1187.275,True
9/11/2022 5:00:00 AM,9/11/2022 1:00:00 AM,SERC,WEST,EKPC,EKPC,1213.956,True
9/11/2022 6:00:00 AM,9/11/2022 2:00:00 AM,SERC,WEST,EKPC,EKPC,1109.532,True
9/11/2022 7:00:00 AM,9/11/2022 3:00:00 AM,SERC,WEST,EKPC,EKPC,1134.781,True
9/11/2022 8:00:00 AM,9/11/2022 4:00:00 AM,SERC,WEST,EKPC,EKPC,1043.825,True
9/11/2022 9:00:00 AM,9/11/2022 5:00:00 AM,SERC,WEST,EKPC,EKPC,1054.904,True
9/11/2022 10:00:00 AM,9/11/2022 6:00:00 AM,SERC,WEST,EKPC,EKPC,1161.423,True
9/11/2022 11:00:00 AM,9/11/2022 7:00:00 AM,SERC,WEST,EKPC,EKPC,1173.906,True
9/11/2022 12:00:00 PM,9/11/2022 8:00:00 AM,SERC,WEST,EKPC,EKPC,1215.998,True
9/11/2022 1:00:00 PM,9/11/2022 9:00:00 AM,SERC,WEST,EKPC,EKPC,1321.266,True
9/11/2022 2:00:00 PM,9/11/2022 10:00:00 AM,SERC,WEST,EKPC,EKPC,1391.058,True
9/11/2022 3:00:00 PM,9/11/2022 11:00:00 AM,SERC,WEST,EKPC,EKPC,1457.216,True
9/11/2022 4:00:00 PM,9/11/2022 12:00:00 PM,SERC,WEST,EKPC,EKPC,1474.152,True
9/11/2022 5:00:00 PM,9/11/2022 1:00:00 PM,SERC,WEST,EKPC,EKPC,1517.282,True
9/11/2022 6:00:00 PM,9/11/2022 2:00:00 PM,SERC,WEST,EKPC,EKPC,1554.492,True
9/11/2022 7:00:00 PM,9/11/2022 3:00:00 PM,SERC,WEST,EKPC,EKPC,1550.953,True
9/11/2022 8:00:00 PM,9/11/2022 4:00:00 PM,SERC,WEST,EKPC,EKPC,1641.712,True
9/11/2022 9:00:00 PM,9/11/2022 5:00:00 PM,SERC,WEST,EKPC,EKPC,1717.796,True
9/11/2022 10:00:00 PM,9/11/2022 6:00:00 PM,SERC,WEST,EKPC,EKPC,1671.251,True
9/11/2022 11:00:00 PM,9/11/2022 7:00:00 PM,SERC,WEST,EKPC,EKPC,1618.573,True
9/12/2022 12:00:00 AM,9/11/2022 8:00:00 PM,SERC,WEST,EKPC,EKPC,1636.270,True
9/12/2022 1:00:00 AM,9/11/2022 9:00:00 PM,SERC,WEST,EKPC,EKPC,1575.916,True
9/12/2022 2:00:00 AM,9/11/2022 10:00:00 PM,SERC,WEST,EKPC,EKPC,1484.937,True
9/12/2022 3:00:00 AM,9/11/2022 11:00:00 PM,SERC,WEST,EKPC,EKPC,1262.215,True
9/12/2022 4:00:00 AM,9/12/2022 12:00:00 AM,SERC,WEST,EKPC,EKPC,1111.634,True
9/12/2022 5:00:00 AM,9/12/2022 1:00:00 AM,SERC,WEST,EKPC,EKPC,1177.370,True
9/12/2022 6:00:00 AM,9/12/2022 2:00:00 AM,SERC,WEST,EKPC,EKPC,1074.571,True
9/12/2022 7:00:00 AM,9/12/2022 3:00:00 AM,SERC,WEST,EKPC,EKPC,1099.730,True
9/12/2022 8:00:00 AM,9/12/2022 4:00:00 AM,SERC,WEST,EKPC,EKPC,1027.994,True
9/12/2022 9:00:00 AM,9/12/2022 5:00:00 AM,SERC,WEST,EKPC,EKPC,1137.674,True
9/12/2022 10:00:00 AM,9/12/2022 6:00:00 AM,SERC,WEST,EKPC,EKPC,1340.618,True
9/12/2022 11:00:00 AM,9/12/2022 7:00:00 AM,SERC,WEST,EKPC,EKPC,1356.208,True
9/12/2022 12:00:00 PM,9/12/2022 8:00:00 AM,SERC,WEST,EKPC,EKPC,1331.251,True
9/12/2022 1:00:00 PM,9/12/2022 9:00:00 AM,SERC,WEST,EKPC,EKPC,1248.357,True
9/12/2022 2:00:00 PM,9/12/2022 10:00:00 AM,SERC,WEST,EKPC,EKPC,1321.017,True
9/12/2022 3:00:00 PM,9/12/2022 11:00:00 AM,SERC,WEST,EKPC,EKPC,1344.265,True
9/12/2022 4:00:00 PM,9/12/2022 12:00:00 PM,SERC,WEST,EKPC,EKPC,1401.881,True
9/12/2022 5:00:00 PM,9/12/2022 1:00:00 PM,SERC,WEST,EKPC,EKPC,1462.838,True
9/12/2022 6:00:00 PM,9/12/2022 2:00:00 PM,SERC,WEST,EKPC,EKPC,1451.646,True
9/12/2022 7:00:00 PM,9/12/2022 3:00:00 PM,SERC,WEST,EKPC,EKPC,1514.782,True
9/12/2022 8:00:00 PM,9/12/2022 4:00:00 PM,SERC,WEST,EKPC,EKPC,1541.945,True
9/12/2022 9:00:00 PM,9/12/2022 5:00:00 PM,SERC,WEST,EKPC,EKPC,1652.913,True
9/12/2022 10:00:00 PM,9/12/2022 6:00:00 PM,SERC,WEST,EKPC,EKPC,1632.203,True
9/12/2022 11:00:00 PM,9/12/2022 7:00:00 PM,SERC,WEST,EKPC,EKPC,1606.121,True
9/13/2022 12:00:00 AM,9/12/2022 8:00:00 PM,SERC,WEST,EKPC,EKPC,1570.931,True
9/13/2022 1:00:00 AM,9/12/2022 9:00:00 PM,SERC,WEST,EKPC,EKPC,1437.171,True
9/13/2022 2:00:00 AM,9/12/2022 10:00:00 PM,SERC,WEST,EKPC,EKPC,1332.012,True
9/13/2022 3:00:00 AM,9/12/2022 11:00:00 PM,SERC,WEST,EKPC,EKPC,1203.519,True
9/13/2022 4:00:00 AM,9/13/2022 12:00:00 AM,SERC,WEST,EKPC,EKPC,1129.545,True
9/13/2022 5:00:00 AM,9/13/2022 1:00:00 AM,SERC,WEST,EKPC,EKPC,1103.521,True
9/13/2022 6:00:00 AM,9/13/2022 2:00:00 AM,SERC,WEST,EKPC,EKPC,1045.714,True
9/13/2022 7:00:00 AM,9/13/2022 3:00:00 AM,SERC,WEST,EKPC,EKPC,1040.023,True
9/13/2022 8:00:00 AM,9/13/2022 4:00:00 AM,SERC,WEST,EKPC,EKPC,1000.563,True
9/13/2022 9:00:00 AM,9/13/2022 5:00:00 AM,SERC,WEST,EKPC,EKPC,1130.475,True
9/13/2022 10:00:00 AM,9/13/2022 6:00:00 AM,SERC,WEST,EKPC,EKPC,1191.975,True
9/13/2022 11:00:00 AM,9/13/2022 7:00:00 AM,SERC,WEST,EKPC,EKPC,1263.171,True
9/13/2022 12:00:00 PM,9/13/2022 8:00:00 AM,SERC,WEST,EKPC,EKPC,1263.151,True
9/13/2022 1:00:00 PM,9/13/2022 9:00:00 AM,SERC,WEST,EKPC,EKPC,1271.360,True
9/13/2022 2:00:00 PM,9/13/2022 10:00:00 AM,SERC,WEST,EKPC,EKPC,1216.586,True
9/13/2022 3:00:00 PM,9/13/2022 11:00:00 AM,SERC,WEST,EKPC,EKPC,1253.075,True
9/13/2022 4:00:00 PM,9/13/2022 12:00:00 PM,SERC,WEST,EKPC,EKPC,1297.659,True
9/13/2022 5:00:00 PM,9/13/2022 1:00:00 PM,SERC,WEST,EKPC,EKPC,1321.554,True
9/13/2022 6:00:00 PM,9/13/2022 2:00:00 PM,SERC,WEST,EKPC,EKPC,1347.997,True
9/13/2022 7:00:00 PM,9/13/2022 3:00:00 PM,SERC,WEST,EKPC,EKPC,1387.714,True
9/13/2022 8:00:00 PM,9/13/2022 4:00:00 PM,SERC,WEST,EKPC,EKPC,1405.840,True
9/13/2022 9:00:00 PM,9/13/2022 5:00:00 PM,SERC,WEST,EKPC,EKPC,1452.744,True
9/13/2022 10:00:00 PM,9/13/2022 6:00:00 PM,SERC,WEST,EKPC,EKPC,1445.341,True
9/13/2022 11:00:00 PM,9/13/2022 7:00:00 PM,SERC,WEST,EKPC,EKPC,1424.438,True
9/14/2022 12:00:00 AM,9/13/2022 8:00:00 PM,SERC,WEST,EKPC,EKPC,1451.284,True
9/14/2022 1:00:00 AM,9/13/2022 9:00:00 PM,SERC,WEST,EKPC,EKPC,1374.747,True
9/14/2022 2:00:00 AM,9/13/2022 10:00:00 PM,SERC,WEST,EKPC,EKPC,1246.616,True
9/14/2022 3:00:00 AM,9/13/2022 11:00:00 PM,SERC,WEST,EKPC,EKPC,1133.062,True
9/14/2022 4:00:00 AM,9/14/2022 12:00:00 AM,SERC,WEST,EKPC,EKPC,1062.630,True
9/14/2022 5:00:00 AM,9/14/2022 1:00:00 AM,SERC,WEST,EKPC,EKPC,1016.146,True
9/14/2022 6:00:00 AM,9/14/2022 2:00:00 AM,SERC,WEST,EKPC,EKPC,1044.443,True
9/14/2022 7:00:00 AM,9/14/2022 3:00:00 AM,SERC,WEST,EKPC,EKPC,1044.830,True
9/14/2022 8:00:00 AM,9/14/2022 4:00:00 AM,SERC,WEST,EKPC,EKPC,1061.221,True
9/14/2022 9:00:00 AM,9/14/2022 5:00:00 AM,SERC,WEST,EKPC,EKPC,1140.100,True
9/14/2022 10:00:00 AM,9/14/2022 6:00:00 AM,SERC,WEST,EKPC,EKPC,1222.265,True
9/14/2022 11:00:00 AM,9/14/2022 7:00:00 AM,SERC,WEST,EKPC,EKPC,1272.561,True
9/14/2022 12:00:00 PM,9/14/2022 8:00:00 AM,SERC,WEST,EKPC,EKPC,1251.322,True
9/14/2022 1:00:00 PM,9/14/2022 9:00:00 AM,SERC,WEST,EKPC,EKPC,1302.601,True
9/14/2022 2:00:00 PM,9/14/2022 10:00:00 AM,SERC,WEST,EKPC,EKPC,1266.043,True
9/14/2022 3:00:00 PM,9/14/2022 11:00:00 AM,SERC,WEST,EKPC,EKPC,1377.548,True
9/14/2022 4:00:00 PM,9/14/2022 12:00:00 PM,SERC,WEST,EKPC,EKPC,1427.438,True
9/14/2022 5:00:00 PM,9/14/2022 1:00:00 PM,SERC,WEST,EKPC,EKPC,1483.993,True
9/14/2022 6:00:00 PM,9/14/2022 2:00:00 PM,SERC,WEST,EKPC,EKPC,1547.589,True
9/14/2022 7:00:00 PM,9/14/2022 3:00:00 PM,SERC,WEST,EKPC,EKPC,1612.234,True
9/14/2022 8:00:00 PM,9/14/2022 4:00:00 PM,SERC,WEST,EKPC,EKPC,1718.348,True
9/14/2022 9:00:00 PM,9/14/2022 5:00:00 PM,SERC,WEST,EKPC,EKPC,1740.739,True
9/14/2022 10:00:00 PM,9/14/2022 6:00:00 PM,SERC,WEST,EKPC,EKPC,1701.021,True
9/14/2022 11:00:00 PM,9/14/2022 7:00:00 PM,SERC,WEST,EKPC,EKPC,1687.290,True
9/15/2022 12:00:00 AM,9/14/2022 8:00:00 PM,SERC,WEST,EKPC,EKPC,1634.874,True
9/15/2022 1:00:00 AM,9/14/2022 9:00:00 PM,SERC,WEST,EKPC,EKPC,1478.793,True
9/15/2022 2:00:00 AM,9/14/2022 10:00:00 PM,SERC,WEST,EKPC,EKPC,1288.192,True
9/15/2022 3:00:00 AM,9/14/2022 11:00:00 PM,SERC,WEST,EKPC,EKPC,1215.017,True
9/15/2022 4:00:00 AM,9/15/2022 12:00:00 AM,SERC,WEST,EKPC,EKPC,1147.903,True
9/15/2022 5:00:00 AM,9/15/2022 1:00:00 AM,SERC,WEST,EKPC,EKPC,1113.820,True
9/15/2022 6:00:00 AM,9/15/2022 2:00:00 AM,SERC,WEST,EKPC,EKPC,977.357,True
9/15/2022 7:00:00 AM,9/15/2022 3:00:00 AM,SERC,WEST,EKPC,EKPC,984.353,True
9/15/2022 8:00:00 AM,9/15/2022 4:00:00 AM,SERC,WEST,EKPC,EKPC,952.937,True
9/15/2022 9:00:00 AM,9/15/2022 5:00:00 AM,SERC,WEST,EKPC,EKPC,1024.530,True
9/15/2022 10:00:00 AM,9/15/2022 6:00:00 AM,SERC,WEST,EKPC,EKPC,1145.505,True
9/15/2022 11:00:00 AM,9/15/2022 7:00:00 AM,SERC,WEST,EKPC,EKPC,1156.810,True
9/15/2022 12:00:00 PM,9/15/2022 8:00:00 AM,SERC,WEST,EKPC,EKPC,1184.888,True
9/15/2022 1:00:00 PM,9/15/2022 9:00:00 AM,SERC,WEST,EKPC,EKPC,1257.983,True
9/15/2022 2:00:00 PM,9/15/2022 10:00:00 AM,SERC,WEST,EKPC,EKPC,1241.072,True
9/15/2022 3:00:00 PM,9/15/2022 11:00:00 AM,SERC,WEST,EKPC,EKPC,1328.932,True
9/15/2022 4:00:00 PM,9/15/2022 12:00:00 PM,SERC,WEST,EKPC,EKPC,1353.827,True
9/15/2022 5:00:00 PM,9/15/2022 1:00:00 PM,SERC,WEST,EKPC,EKPC,1490.930,True
9/15/2022 6:00:00 PM,9/15/2022 2:00:00 PM,SERC,WEST,EKPC,EKPC,1574.127,True
9/15/2022 7:00:00 PM,9/15/2022 3:00:00 PM,SERC,WEST,EKPC,EKPC,1702.153,True
9/15/2022 8:00:00 PM,9/15/2022 4:00:00 PM,SERC,WEST,EKPC,EKPC,1773.999,True
9/15/2022 9:00:00 PM,9/15/2022 5:00:00 PM,SERC,WEST,EKPC,EKPC,1812.801,True
9/15/2022 10:00:00 PM,9/15/2022 6:00:00 PM,SERC,WEST,EKPC,EKPC,1782.904,True
9/15/2022 11:00:00 PM,9/15/2022 7:00:00 PM,SERC,WEST,EKPC,EKPC,1701.407,True
9/16/2022 12:00:00 AM,9/15/2022 8:00:00 PM,SERC,WEST,EKPC,EKPC,1687.237,True
9/16/2022 1:00:00 AM,9/15/2022 9:00:00 PM,SERC,WEST,EKPC,EKPC,1490.901,True
9/16/2022 2:00:00 AM,9/15/2022 10:00:00 PM,SERC,WEST,EKPC,EKPC,1337.915,True
9/16/2022 3:00:00 AM,9/15/2022 11:00:00 PM,SERC,WEST,EKPC,EKPC,1245.901,True
9/16/2022 4:00:00 AM,9/16/2022 12:00:00 AM,SERC,WEST,EKPC,EKPC,1136.968,True
9/16/2022 5:00:00 AM,9/16/2022 1:00:00 AM,SERC,WEST,EKPC,EKPC,1097.683,True
9/16/2022 6:00:00 AM,9/16/2022 2:00:00 AM,SERC,WEST,EKPC,EKPC,1074.210,True
9/16/2022 7:00:00 AM,9/16/2022 3:00:00 AM,SERC,WEST,EKPC,EKPC,1046.200,True
9/16/2022 8:00:00 AM,9/16/2022 4:00:00 AM,SERC,WEST,EKPC,EKPC,1038.410,True
9/16/2022 9:00:00 AM,9/16/2022 5:00:00 AM,SERC,WEST,EKPC,EKPC,1086.563,True
9/16/2022 10:00:00 AM,9/16/2022 6:00:00 AM,SERC,WEST,EKPC,EKPC,1186.456,True
9/16/2022 11:00:00 AM,9/16/2022 7:00:00 AM,SERC,WEST,EKPC,EKPC,1158.549,True
9/16/2022 12:00:00 PM,9/16/2022 8:00:00 AM,SERC,WEST,EKPC,EKPC,1168.842,True
9/16/2022 1:00:00 PM,9/16/2022 9:00:00 AM,SERC,WEST,EKPC,EKPC,1260.702,True
9/16/2022 2:00:00 PM,9/16/2022 10:00:00 AM,SERC,WEST,EKPC,EKPC,1307.000,True
9/16/2022 3:00:00 PM,9/16/2022 11:00:00 AM,SERC,WEST,EKPC,EKPC,1372.965,True
9/16/2022 4:00:00 PM,9/16/2022 12:00:00 PM,SERC,WEST,EKPC,EKPC,1448.019,True
9/16/2022 5:00:00 PM,9/16/2022 1:00:00 PM,SERC,WEST,EKPC,EKPC,1543.707,True
9/16/2022 6:00:00 PM,9/16/2022 2:00:00 PM,SERC,WEST,EKPC,EKPC,1705.614,True
9/16/2022 7:00:00 PM,9/16/2022 3:00:00 PM,SERC,WEST,EKPC,EKPC,1712.681,True
9/16/2022 8:00:00 PM,9/16/2022 4:00:00 PM,SERC,WEST,EKPC,EKPC,1755.489,True
9/16/2022 9:00:00 PM,9/16/2022 5:00:00 PM,SERC,WEST,EKPC,EKPC,1780.783,True
9/16/2022 10:00:00 PM,9/16/2022 6:00:00 PM,SERC,WEST,EKPC,EKPC,1790.076,True
9/16/2022 11:00:00 PM,9/16/2022 7:00:00 PM,SERC,WEST,EKPC,EKPC,1679.425,True
9/17/2022 12:00:00 AM,9/16/2022 8:00:00 PM,SERC,WEST,EKPC,EKPC,1613.162,True
9/17/2022 1:00:00 AM,9/16/2022 9:00:00 PM,SERC,WEST,EKPC,EKPC,1507.157,True
9/17/2022 2:00:00 AM,9/16/2022 10:00:00 PM,SERC,WEST,EKPC,EKPC,1361.245,True
9/17/2022 3:00:00 AM,9/16/2022 11:00:00 PM,SERC,WEST,EKPC,EKPC,1284.218,True
9/17/2022 4:00:00 AM,9/17/2022 12:00:00 AM,SERC,WEST,EKPC,EKPC,1180.141,True
9/17/2022 5:00:00 AM,9/17/2022 1:00:00 AM,SERC,WEST,EKPC,EKPC,1134.586,True
9/17/2022 6:00:00 AM,9/17/2022 2:00:00 AM,SERC,WEST,EKPC,EKPC,1056.190,True
9/17/2022 7:00:00 AM,9/17/2022 3:00:00 AM,SERC,WEST,EKPC,EKPC,1036.111,True
9/17/2022 8:00:00 AM,9/17/2022 4:00:00 AM,SERC,WEST,EKPC,EKPC,1014.817,True
9/17/2022 9:00:00 AM,9/17/2022 5:00:00 AM,SERC,WEST,EKPC,EKPC,1021.724,True
9/17/2022 10:00:00 AM,9/17/2022 6:00:00 AM,SERC,WEST,EKPC,EKPC,1049.707,True
9/17/2022 11:00:00 AM,9/17/2022 7:00:00 AM,SERC,WEST,EKPC,EKPC,1075.169,True
9/17/2022 12:00:00 PM,9/17/2022 8:00:00 AM,SERC,WEST,EKPC,EKPC,1163.227,True
9/17/2022 1:00:00 PM,9/17/2022 9:00:00 AM,SERC,WEST,EKPC,EKPC,1241.706,True
9/17/2022 2:00:00 PM,9/17/2022 10:00:00 AM,SERC,WEST,EKPC,EKPC,1322.079,True
9/17/2022 3:00:00 PM,9/17/2022 11:00:00 AM,SERC,WEST,EKPC,EKPC,1431.653,True
9/17/2022 4:00:00 PM,9/17/2022 12:00:00 PM,SERC,WEST,EKPC,EKPC,1536.908,True
9/17/2022 5:00:00 PM,9/17/2022 1:00:00 PM,SERC,WEST,EKPC,EKPC,1635.655,True
9/17/2022 6:00:00 PM,9/17/2022 2:00:00 PM,SERC,WEST,EKPC,EKPC,1668.710,True
9/17/2022 7:00:00 PM,9/17/2022 3:00:00 PM,SERC,WEST,EKPC,EKPC,1761.632,True
9/17/2022 8:00:00 PM,9/17/2022 4:00:00 PM,SERC,WEST,EKPC,EKPC,1741.735,True
9/17/2022 9:00:00 PM,9/17/2022 5:00:00 PM,SERC,WEST,EKPC,EKPC,1775.346,True
9/17/2022 10:00:00 PM,9/17/2022 6:00:00 PM,SERC,WEST,EKPC,EKPC,1676.426,True
9/17/2022 11:00:00 PM,9/17/2022 7:00:00 PM,SERC,WEST,EKPC,EKPC,1550.735,True
9/18/2022 12:00:00 AM,9/17/2022 8:00:00 PM,SERC,WEST,EKPC,EKPC,1570.464,True
9/18/2022 1:00:00 AM,9/17/2022 9:00:00 PM,SERC,WEST,EKPC,EKPC,1476.433,True
9/18/2022 2:00:00 AM,9/17/2022 10:00:00 PM,SERC,WEST,EKPC,EKPC,1369.044,True
9/18/2022 3:00:00 AM,9/17/2022 11:00:00 PM,SERC,WEST,EKPC,EKPC,1162.949,True
9/18/2022 4:00:00 AM,9/18/2022 12:00:00 AM,SERC,WEST,EKPC,EKPC,1090.532,True
9/18/2022 5:00:00 AM,9/18/2022 1:00:00 AM,SERC,WEST,EKPC,EKPC,1074.576,True
9/18/2022 6:00:00 AM,9/18/2022 2:00:00 AM,SERC,WEST,EKPC,EKPC,1051.827,True
9/18/2022 7:00:00 AM,9/18/2022 3:00:00 AM,SERC,WEST,EKPC,EKPC,1007.139,True
9/18/2022 8:00:00 AM,9/18/2022 4:00:00 AM,SERC,WEST,EKPC,EKPC,1018.019,True
9/18/2022 9:00:00 AM,9/18/2022 5:00:00 AM,SERC,WEST,EKPC,EKPC,902.535,True
9/18/2022 10:00:00 AM,9/18/2022 6:00:00 AM,SERC,WEST,EKPC,EKPC,919.196,True
9/18/2022 11:00:00 AM,9/18/2022 7:00:00 AM,SERC,WEST,EKPC,EKPC,1048.288,True
9/18/2022 12:00:00 PM,9/18/2022 8:00:00 AM,SERC,WEST,EKPC,EKPC,1098.016,True
9/18/2022 1:00:00 PM,9/18/2022 9:00:00 AM,SERC,WEST,EKPC,EKPC,1174.333,True
9/18/2022 2:00:00 PM,9/18/2022 10:00:00 AM,SERC,WEST,EKPC,EKPC,1222.743,True
9/18/2022 3:00:00 PM,9/18/2022 11:00:00 AM,SERC,WEST,EKPC,EKPC,1321.333,True
9/18/2022 4:00:00 PM,9/18/2022 12:00:00 PM,SERC,WEST,EKPC,EKPC,1523.892,True
9/18/2022 5:00:00 PM,9/18/2022 1:00:00 PM,SERC,WEST,EKPC,EKPC,1627.269,True
9/18/2022 6:00:00 PM,9/18/2022 2:00:00 PM,SERC,WEST,EKPC,EKPC,1689.529,True
9/18/2022 7:00:00 PM,9/18/2022 3:00:00 PM,SERC,WEST,EKPC,EKPC,1795.563,True
9/18/2022 8:00:00 PM,9/18/2022 4:00:00 PM,SERC,WEST,EKPC,EKPC,1874.975,True
9/18/2022 9:00:00 PM,9/18/2022 5:00:00 PM,SERC,WEST,EKPC,EKPC,1908.261,True
9/18/2022 10:00:00 PM,9/18/2022 6:00:00 PM,SERC,WEST,EKPC,EKPC,1882.177,True
9/18/2022 11:00:00 PM,9/18/2022 7:00:00 PM,SERC,WEST,EKPC,EKPC,1758.062,True
9/19/2022 12:00:00 AM,9/18/2022 8:00:00 PM,SERC,WEST,EKPC,EKPC,1729.345,True
9/19/2022 1:00:00 AM,9/18/2022 9:00:00 PM,SERC,WEST,EKPC,EKPC,1592.243,True
9/19/2022 2:00:00 AM,9/18/2022 10:00:00 PM,SERC,WEST,EKPC,EKPC,1398.904,True
9/19/2022 3:00:00 AM,9/18/2022 11:00:00 PM,SERC,WEST,EKPC,EKPC,1237.128,True
9/19/2022 4:00:00 AM,9/19/2022 12:00:00 AM,SERC,WEST,EKPC,EKPC,1144.791,True
9/19/2022 5:00:00 AM,9/19/2022 1:00:00 AM,SERC,WEST,EKPC,EKPC,1096.106,True
9/19/2022 6:00:00 AM,9/19/2022 2:00:00 AM,SERC,WEST,EKPC,EKPC,1055.154,True
9/19/2022 7:00:00 AM,9/19/2022 3:00:00 AM,SERC,WEST,EKPC,EKPC,1089.433,True
9/19/2022 8:00:00 AM,9/19/2022 4:00:00 AM,SERC,WEST,EKPC,EKPC,1040.473,True
9/19/2022 9:00:00 AM,9/19/2022 5:00:00 AM,SERC,WEST,EKPC,EKPC,1114.561,True
9/19/2022 10:00:00 AM,9/19/2022 6:00:00 AM,SERC,WEST,EKPC,EKPC,1246.327,True
9/19/2022 11:00:00 AM,9/19/2022 7:00:00 AM,SERC,WEST,EKPC,EKPC,1320.771,True
9/19/2022 12:00:00 PM,9/19/2022 8:00:00 AM,SERC,WEST,EKPC,EKPC,1337.956,True
9/19/2022 1:00:00 PM,9/19/2022 9:00:00 AM,SERC,WEST,EKPC,EKPC,1381.710,True
9/19/2022 2:00:00 PM,9/19/2022 10:00:00 AM,SERC,WEST,EKPC,EKPC,1437.406,True
9/19/2022 3:00:00 PM,9/19/2022 11:00:00 AM,SERC,WEST,EKPC,EKPC,1406.062,True
9/19/2022 4:00:00 PM,9/19/2022 12:00:00 PM,SERC,WEST,EKPC,EKPC,1546.166,True
9/19/2022 5:00:00 PM,9/19/2022 1:00:00 PM,SERC,WEST,EKPC,EKPC,1658.720,True
9/19/2022 6:00:00 PM,9/19/2022 2:00:00 PM,SERC,WEST,EKPC,EKPC,1693.102,True
9/19/2022 7:00:00 PM,9/19/2022 3:00:00 PM,SERC,WEST,EKPC,EKPC,1798.320,True
9/19/2022 8:00:00 PM,9/19/2022 4:00:00 PM,SERC,WEST,EKPC,EKPC,1897.465,True
9/19/2022 9:00:00 PM,9/19/2022 5:00:00 PM,SERC,WEST,EKPC,EKPC,1952.898,True
9/19/2022 10:00:00 PM,9/19/2022 6:00:00 PM,SERC,WEST,EKPC,EKPC,1934.361,True
9/19/2022 11:00:00 PM,9/19/2022 7:00:00 PM,SERC,WEST,EKPC,EKPC,1808.421,True
9/20/2022 12:00:00 AM,9/19/2022 8:00:00 PM,SERC,WEST,EKPC,EKPC,1766.674,True
9/20/2022 1:00:00 AM,9/19/2022 9:00:00 PM,SERC,WEST,EKPC,EKPC,1643.613,True
9/20/2022 2:00:00 AM,9/19/2022 10:00:00 PM,SERC,WEST,EKPC,EKPC,1477.890,True
9/20/2022 3:00:00 AM,9/19/2022 11:00:00 PM,SERC,WEST,EKPC,EKPC,1379.263,True
9/20/2022 4:00:00 AM,9/20/2022 12:00:00 AM,SERC,WEST,EKPC,EKPC,1198.230,True
9/20/2022 5:00:00 AM,9/20/2022 1:00:00 AM,SERC,WEST,EKPC,EKPC,1121.016,True
9/20/2022 6:00:00 AM,9/20/2022 2:00:00 AM,SERC,WEST,EKPC,EKPC,1057.521,True
9/20/2022 7:00:00 AM,9/20/2022 3:00:00 AM,SERC,WEST,EKPC,EKPC,1012.126,True
9/20/2022 8:00:00 AM,9/20/2022 4:00:00 AM,SERC,WEST,EKPC,EKPC,1018.367,True
9/20/2022 9:00:00 AM,9/20/2022 5:00:00 AM,SERC,WEST,EKPC,EKPC,1063.149,True
9/20/2022 10:00:00 AM,9/20/2022 6:00:00 AM,SERC,WEST,EKPC,EKPC,1167.155,True
9/20/2022 11:00:00 AM,9/20/2022 7:00:00 AM,SERC,WEST,EKPC,EKPC,1212.027,True
9/20/2022 12:00:00 PM,9/20/2022 8:00:00 AM,SERC,WEST,EKPC,EKPC,1209.490,True
9/20/2022 1:00:00 PM,9/20/2022 9:00:00 AM,SERC,WEST,EKPC,EKPC,1290.923,True
9/20/2022 2:00:00 PM,9/20/2022 10:00:00 AM,SERC,WEST,EKPC,EKPC,1394.630,True
9/20/2022 3:00:00 PM,9/20/2022 11:00:00 AM,SERC,WEST,EKPC,EKPC,1530.788,True
9/20/2022 4:00:00 PM,9/20/2022 12:00:00 PM,SERC,WEST,EKPC,EKPC,1664.163,True
9/20/2022 5:00:00 PM,9/20/2022 1:00:00 PM,SERC,WEST,EKPC,EKPC,1797.758,True
9/20/2022 6:00:00 PM,9/20/2022 2:00:00 PM,SERC,WEST,EKPC,EKPC,1911.968,True
9/20/2022 7:00:00 PM,9/20/2022 3:00:00 PM,SERC,WEST,EKPC,EKPC,1990.709,True
9/20/2022 8:00:00 PM,9/20/2022 4:00:00 PM,SERC,WEST,EKPC,EKPC,2036.093,True
9/20/2022 9:00:00 PM,9/20/2022 5:00:00 PM,SERC,WEST,EKPC,EKPC,2072.271,True
9/20/2022 10:00:00 PM,9/20/2022 6:00:00 PM,SERC,WEST,EKPC,EKPC,1992.854,True
9/20/2022 11:00:00 PM,9/20/2022 7:00:00 PM,SERC,WEST,EKPC,EKPC,1888.342,True
9/21/2022 12:00:00 AM,9/20/2022 8:00:00 PM,SERC,WEST,EKPC,EKPC,1817.419,True
9/21/2022 1:00:00 AM,9/20/2022 9:00:00 PM,SERC,WEST,EKPC,EKPC,1647.394,True
9/21/2022 2:00:00 AM,9/20/2022 10:00:00 PM,SERC,WEST,EKPC,EKPC,1465.091,True
9/21/2022 3:00:00 AM,9/20/2022 11:00:00 PM,SERC,WEST,EKPC,EKPC,1299.557,True
9/21/2022 4:00:00 AM,9/21/2022 12:00:00 AM,SERC,WEST,EKPC,EKPC,1163.623,True
9/21/2022 5:00:00 AM,9/21/2022 1:00:00 AM,SERC,WEST,EKPC,EKPC,1087.306,True
9/21/2022 6:00:00 AM,9/21/2022 2:00:00 AM,SERC,WEST,EKPC,EKPC,1026.242,True
9/21/2022 7:00:00 AM,9/21/2022 3:00:00 AM,SERC,WEST,EKPC,EKPC,1011.861,True
9/21/2022 8:00:00 AM,9/21/2022 4:00:00 AM,SERC,WEST,EKPC,EKPC,989.611,True
9/21/2022 9:00:00 AM,9/21/2022 5:00:00 AM,SERC,WEST,EKPC,EKPC,1045.896,True
9/21/2022 10:00:00 AM,9/21/2022 6:00:00 AM,SERC,WEST,EKPC,EKPC,1171.244,True
9/21/2022 11:00:00 AM,9/21/2022 7:00:00 AM,SERC,WEST,EKPC,EKPC,1203.839,True
9/21/2022 12:00:00 PM,9/21/2022 8:00:00 AM,SERC,WEST,EKPC,EKPC,1277.201,True
9/21/2022 1:00:00 PM,9/21/2022 9:00:00 AM,SERC,WEST,EKPC,EKPC,1345.729,True
9/21/2022 2:00:00 PM,9/21/2022 10:00:00 AM,SERC,WEST,EKPC,EKPC,1484.176,True
9/21/2022 3:00:00 PM,9/21/2022 11:00:00 AM,SERC,WEST,EKPC,EKPC,1603.037,True
9/21/2022 4:00:00 PM,9/21/2022 12:00:00 PM,SERC,WEST,EKPC,EKPC,1769.941,True
9/21/2022 5:00:00 PM,9/21/2022 1:00:00 PM,SERC,WEST,EKPC,EKPC,1964.581,True
9/21/2022 6:00:00 PM,9/21/2022 2:00:00 PM,SERC,WEST,EKPC,EKPC,2086.181,True
9/21/2022 7:00:00 PM,9/21/2022 3:00:00 PM,SERC,WEST,EKPC,EKPC,2167.006,True
9/21/2022 8:00:00 PM,9/21/2022 4:00:00 PM,SERC,WEST,EKPC,EKPC,2165.535,True
9/21/2022 9:00:00 PM,9/21/2022 5:00:00 PM,SERC,WEST,EKPC,EKPC,2235.957,True
9/21/2022 10:00:00 PM,9/21/2022 6:00:00 PM,SERC,WEST,EKPC,EKPC,2172.074,True
9/21/2022 11:00:00 PM,9/21/2022 7:00:00 PM,SERC,WEST,EKPC,EKPC,2094.106,True
9/22/2022 12:00:00 AM,9/21/2022 8:00:00 PM,SERC,WEST,EKPC,EKPC,1983.099,True
9/22/2022 1:00:00 AM,9/21/2022 9:00:00 PM,SERC,WEST,EKPC,EKPC,1876.996,True
9/22/2022 2:00:00 AM,9/21/2022 10:00:00 PM,SERC,WEST,EKPC,EKPC,1691.460,True
9/22/2022 3:00:00 AM,9/21/2022 11:00:00 PM,SERC,WEST,EKPC,EKPC,1562.005,True
9/22/2022 4:00:00 AM,9/22/2022 12:00:00 AM,SERC,WEST,EKPC,EKPC,1393.000,True
9/22/2022 5:00:00 AM,9/22/2022 1:00:00 AM,SERC,WEST,EKPC,EKPC,1303.484,True
9/22/2022 6:00:00 AM,9/22/2022 2:00:00 AM,SERC,WEST,EKPC,EKPC,1334.032,True
9/22/2022 7:00:00 AM,9/22/2022 3:00:00 AM,SERC,WEST,EKPC,EKPC,1142.312,True
9/22/2022 8:00:00 AM,9/22/2022 4:00:00 AM,SERC,WEST,EKPC,EKPC,1207.511,True
9/22/2022 9:00:00 AM,9/22/2022 5:00:00 AM,SERC,WEST,EKPC,EKPC,1221.314,True
9/22/2022 10:00:00 AM,9/22/2022 6:00:00 AM,SERC,WEST,EKPC,EKPC,1369.062,True
9/22/2022 11:00:00 AM,9/22/2022 7:00:00 AM,SERC,WEST,EKPC,EKPC,1379.979,True
9/22/2022 12:00:00 PM,9/22/2022 8:00:00 AM,SERC,WEST,EKPC,EKPC,1338.246,True
9/22/2022 1:00:00 PM,9/22/2022 9:00:00 AM,SERC,WEST,EKPC,EKPC,1437.043,True
9/22/2022 2:00:00 PM,9/22/2022 10:00:00 AM,SERC,WEST,EKPC,EKPC,1441.116,True
9/22/2022 3:00:00 PM,9/22/2022 11:00:00 AM,SERC,WEST,EKPC,EKPC,1498.580,True
9/22/2022 4:00:00 PM,9/22/2022 12:00:00 PM,SERC,WEST,EKPC,EKPC,1531.041,True
9/22/2022 5:00:00 PM,9/22/2022 1:00:00 PM,SERC,WEST,EKPC,EKPC,1545.921,True
9/22/2022 6:00:00 PM,9/22/2022 2:00:00 PM,SERC,WEST,EKPC,EKPC,1592.033,True
9/22/2022 7:00:00 PM,9/22/2022 3:00:00 PM,SERC,WEST,EKPC,EKPC,1596.589,True
9/22/2022 8:00:00 PM,9/22/2022 4:00:00 PM,SERC,WEST,EKPC,EKPC,1612.731,True
9/22/2022 9:00:00 PM,9/22/2022 5:00:00 PM,SERC,WEST,EKPC,EKPC,1621.596,True
9/22/2022 10:00:00 PM,9/22/2022 6:00:00 PM,SERC,WEST,EKPC,EKPC,1484.819,True
9/22/2022 11:00:00 PM,9/22/2022 7:00:00 PM,SERC,WEST,EKPC,EKPC,1444.135,True
9/23/2022 12:00:00 AM,9/22/2022 8:00:00 PM,SERC,WEST,EKPC,EKPC,1435.499,True
9/23/2022 1:00:00 AM,9/22/2022 9:00:00 PM,SERC,WEST,EKPC,EKPC,1387.443,True
9/23/2022 2:00:00 AM,9/22/2022 10:00:00 PM,SERC,WEST,EKPC,EKPC,1259.718,True
9/23/2022 3:00:00 AM,9/22/2022 11:00:00 PM,SERC,WEST,EKPC,EKPC,1094.926,True
9/23/2022 4:00:00 AM,9/23/2022 12:00:00 AM,SERC,WEST,EKPC,EKPC,1050.057,True
9/23/2022 5:00:00 AM,9/23/2022 1:00:00 AM,SERC,WEST,EKPC,EKPC,1090.580,True
9/23/2022 6:00:00 AM,9/23/2022 2:00:00 AM,SERC,WEST,EKPC,EKPC,977.330,True
9/23/2022 7:00:00 AM,9/23/2022 3:00:00 AM,SERC,WEST,EKPC,EKPC,1012.754,True
9/23/2022 8:00:00 AM,9/23/2022 4:00:00 AM,SERC,WEST,EKPC,EKPC,1005.023,True
9/23/2022 9:00:00 AM,9/23/2022 5:00:00 AM,SERC,WEST,EKPC,EKPC,1040.439,True
9/23/2022 10:00:00 AM,9/23/2022 6:00:00 AM,SERC,WEST,EKPC,EKPC,1142.399,True
9/23/2022 11:00:00 AM,9/23/2022 7:00:00 AM,SERC,WEST,EKPC,EKPC,1112.046,True
9/23/2022 12:00:00 PM,9/23/2022 8:00:00 AM,SERC,WEST,EKPC,EKPC,1121.206,True
9/23/2022 1:00:00 PM,9/23/2022 9:00:00 AM,SERC,WEST,EKPC,EKPC,1186.060,True
9/23/2022 2:00:00 PM,9/23/2022 10:00:00 AM,SERC,WEST,EKPC,EKPC,1255.106,True
9/23/2022 3:00:00 PM,9/23/2022 11:00:00 AM,SERC,WEST,EKPC,EKPC,1197.401,True
9/23/2022 4:00:00 PM,9/23/2022 12:00:00 PM,SERC,WEST,EKPC,EKPC,1236.089,True
9/23/2022 5:00:00 PM,9/23/2022 1:00:00 PM,SERC,WEST,EKPC,EKPC,1178.887,True
9/23/2022 6:00:00 PM,9/23/2022 2:00:00 PM,SERC,WEST,EKPC,EKPC,1201.450,True
9/23/2022 7:00:00 PM,9/23/2022 3:00:00 PM,SERC,WEST,EKPC,EKPC,1230.926,True
9/23/2022 8:00:00 PM,9/23/2022 4:00:00 PM,SERC,WEST,EKPC,EKPC,1235.348,True
9/23/2022 9:00:00 PM,9/23/2022 5:00:00 PM,SERC,WEST,EKPC,EKPC,1238.163,True
9/23/2022 10:00:00 PM,9/23/2022 6:00:00 PM,SERC,WEST,EKPC,EKPC,1210.239,True
9/23/2022 11:00:00 PM,9/23/2022 7:00:00 PM,SERC,WEST,EKPC,EKPC,1259.145,True
9/24/2022 12:00:00 AM,9/23/2022 8:00:00 PM,SERC,WEST,EKPC,EKPC,1295.914,True
9/24/2022 1:00:00 AM,9/23/2022 9:00:00 PM,SERC,WEST,EKPC,EKPC,1246.406,True
9/24/2022 2:00:00 AM,9/23/2022 10:00:00 PM,SERC,WEST,EKPC,EKPC,1227.248,True
9/24/2022 3:00:00 AM,9/23/2022 11:00:00 PM,SERC,WEST,EKPC,EKPC,1173.391,True
9/24/2022 4:00:00 AM,9/24/2022 12:00:00 AM,SERC,WEST,EKPC,EKPC,1107.506,True
9/24/2022 5:00:00 AM,9/24/2022 1:00:00 AM,SERC,WEST,EKPC,EKPC,1015.335,True
9/24/2022 6:00:00 AM,9/24/2022 2:00:00 AM,SERC,WEST,EKPC,EKPC,913.607,True
9/24/2022 7:00:00 AM,9/24/2022 3:00:00 AM,SERC,WEST,EKPC,EKPC,932.517,True
9/24/2022 8:00:00 AM,9/24/2022 4:00:00 AM,SERC,WEST,EKPC,EKPC,963.479,True
9/24/2022 9:00:00 AM,9/24/2022 5:00:00 AM,SERC,WEST,EKPC,EKPC,991.513,True
9/24/2022 10:00:00 AM,9/24/2022 6:00:00 AM,SERC,WEST,EKPC,EKPC,1016.415,True
9/24/2022 11:00:00 AM,9/24/2022 7:00:00 AM,SERC,WEST,EKPC,EKPC,1040.970,True
9/24/2022 12:00:00 PM,9/24/2022 8:00:00 AM,SERC,WEST,EKPC,EKPC,1053.385,True
9/24/2022 1:00:00 PM,9/24/2022 9:00:00 AM,SERC,WEST,EKPC,EKPC,1105.532,True
9/24/2022 2:00:00 PM,9/24/2022 10:00:00 AM,SERC,WEST,EKPC,EKPC,1132.234,True
9/24/2022 3:00:00 PM,9/24/2022 11:00:00 AM,SERC,WEST,EKPC,EKPC,1147.109,True
9/24/2022 4:00:00 PM,9/24/2022 12:00:00 PM,SERC,WEST,EKPC,EKPC,1168.040,True
9/24/2022 5:00:00 PM,9/24/2022 1:00:00 PM,SERC,WEST,EKPC,EKPC,1270.005,True
9/24/2022 6:00:00 PM,9/24/2022 2:00:00 PM,SERC,WEST,EKPC,EKPC,1311.574,True
9/24/2022 7:00:00 PM,9/24/2022 3:00:00 PM,SERC,WEST,EKPC,EKPC,1249.706,True
9/24/2022 8:00:00 PM,9/24/2022 4:00:00 PM,SERC,WEST,EKPC,EKPC,1266.399,True
9/24/2022 9:00:00 PM,9/24/2022 5:00:00 PM,SERC,WEST,EKPC,EKPC,1327.352,True
9/24/2022 10:00:00 PM,9/24/2022 6:00:00 PM,SERC,WEST,EKPC,EKPC,1462.567,True
9/24/2022 11:00:00 PM,9/24/2022 7:00:00 PM,SERC,WEST,EKPC,EKPC,1408.582,True
9/25/2022 12:00:00 AM,9/24/2022 8:00:00 PM,SERC,WEST,EKPC,EKPC,1369.475,True
9/25/2022 1:00:00 AM,9/24/2022 9:00:00 PM,SERC,WEST,EKPC,EKPC,1263.186,True
9/25/2022 2:00:00 AM,9/24/2022 10:00:00 PM,SERC,WEST,EKPC,EKPC,1189.829,True
9/25/2022 3:00:00 AM,9/24/2022 11:00:00 PM,SERC,WEST,EKPC,EKPC,1096.940,True
9/25/2022 4:00:00 AM,9/25/2022 12:00:00 AM,SERC,WEST,EKPC,EKPC,994.676,True
9/25/2022 5:00:00 AM,9/25/2022 1:00:00 AM,SERC,WEST,EKPC,EKPC,978.079,True
9/25/2022 6:00:00 AM,9/25/2022 2:00:00 AM,SERC,WEST,EKPC,EKPC,994.146,True
9/25/2022 7:00:00 AM,9/25/2022 3:00:00 AM,SERC,WEST,EKPC,EKPC,933.162,True
9/25/2022 8:00:00 AM,9/25/2022 4:00:00 AM,SERC,WEST,EKPC,EKPC,884.753,True
9/25/2022 9:00:00 AM,9/25/2022 5:00:00 AM,SERC,WEST,EKPC,EKPC,898.094,True
9/25/2022 10:00:00 AM,9/25/2022 6:00:00 AM,SERC,WEST,EKPC,EKPC,936.339,True
9/25/2022 11:00:00 AM,9/25/2022 7:00:00 AM,SERC,WEST,EKPC,EKPC,1095.136,True
9/25/2022 12:00:00 PM,9/25/2022 8:00:00 AM,SERC,WEST,EKPC,EKPC,1119.502,True
9/25/2022 1:00:00 PM,9/25/2022 9:00:00 AM,SERC,WEST,EKPC,EKPC,1219.824,True
9/25/2022 2:00:00 PM,9/25/2022 10:00:00 AM,SERC,WEST,EKPC,EKPC,1188.856,True
9/25/2022 3:00:00 PM,9/25/2022 11:00:00 AM,SERC,WEST,EKPC,EKPC,1253.838,True
9/25/2022 4:00:00 PM,9/25/2022 12:00:00 PM,SERC,WEST,EKPC,EKPC,1307.448,True
9/25/2022 5:00:00 PM,9/25/2022 1:00:00 PM,SERC,WEST,EKPC,EKPC,1340.805,True
9/25/2022 6:00:00 PM,9/25/2022 2:00:00 PM,SERC,WEST,EKPC,EKPC,1408.259,True
9/25/2022 7:00:00 PM,9/25/2022 3:00:00 PM,SERC,WEST,EKPC,EKPC,1461.563,True
9/25/2022 8:00:00 PM,9/25/2022 4:00:00 PM,SERC,WEST,EKPC,EKPC,1499.210,True
9/25/2022 9:00:00 PM,9/25/2022 5:00:00 PM,SERC,WEST,EKPC,EKPC,1468.119,True
9/25/2022 10:00:00 PM,9/25/2022 6:00:00 PM,SERC,WEST,EKPC,EKPC,1527.846,True
9/25/2022 11:00:00 PM,9/25/2022 7:00:00 PM,SERC,WEST,EKPC,EKPC,1462.677,True
9/26/2022 12:00:00 AM,9/25/2022 8:00:00 PM,SERC,WEST,EKPC,EKPC,1464.034,True
9/26/2022 1:00:00 AM,9/25/2022 9:00:00 PM,SERC,WEST,EKPC,EKPC,1396.580,True
9/26/2022 2:00:00 AM,9/25/2022 10:00:00 PM,SERC,WEST,EKPC,EKPC,1208.563,True
9/26/2022 3:00:00 AM,9/25/2022 11:00:00 PM,SERC,WEST,EKPC,EKPC,1104.839,True
9/26/2022 4:00:00 AM,9/26/2022 12:00:00 AM,SERC,WEST,EKPC,EKPC,1062.427,True
9/26/2022 5:00:00 AM,9/26/2022 1:00:00 AM,SERC,WEST,EKPC,EKPC,982.616,True
9/26/2022 6:00:00 AM,9/26/2022 2:00:00 AM,SERC,WEST,EKPC,EKPC,977.636,True
9/26/2022 7:00:00 AM,9/26/2022 3:00:00 AM,SERC,WEST,EKPC,EKPC,975.998,True
9/26/2022 8:00:00 AM,9/26/2022 4:00:00 AM,SERC,WEST,EKPC,EKPC,949.905,True
9/26/2022 9:00:00 AM,9/26/2022 5:00:00 AM,SERC,WEST,EKPC,EKPC,1079.328,True
9/26/2022 10:00:00 AM,9/26/2022 6:00:00 AM,SERC,WEST,EKPC,EKPC,1149.760,True
9/26/2022 11:00:00 AM,9/26/2022 7:00:00 AM,SERC,WEST,EKPC,EKPC,1182.839,True
9/26/2022 12:00:00 PM,9/26/2022 8:00:00 AM,SERC,WEST,EKPC,EKPC,1251.785,True
9/26/2022 1:00:00 PM,9/26/2022 9:00:00 AM,SERC,WEST,EKPC,EKPC,1289.830,True
9/26/2022 2:00:00 PM,9/26/2022 10:00:00 AM,SERC,WEST,EKPC,EKPC,1265.767,True
9/26/2022 3:00:00 PM,9/26/2022 11:00:00 AM,SERC,WEST,EKPC,EKPC,1240.346,True
9/26/2022 4:00:00 PM,9/26/2022 12:00:00 PM,SERC,WEST,EKPC,EKPC,1250.985,True
9/26/2022 5:00:00 PM,9/26/2022 1:00:00 PM,SERC,WEST,EKPC,EKPC,1317.558,True
9/26/2022 6:00:00 PM,9/26/2022 2:00:00 PM,SERC,WEST,EKPC,EKPC,1407.968,True
9/26/2022 7:00:00 PM,9/26/2022 3:00:00 PM,SERC,WEST,EKPC,EKPC,1408.326,True
9/26/2022 8:00:00 PM,9/26/2022 4:00:00 PM,SERC,WEST,EKPC,EKPC,1423.097,True
9/26/2022 9:00:00 PM,9/26/2022 5:00:00 PM,SERC,WEST,EKPC,EKPC,1462.078,True
9/26/2022 10:00:00 PM,9/26/2022 6:00:00 PM,SERC,WEST,EKPC,EKPC,1428.744,True
9/26/2022 11:00:00 PM,9/26/2022 7:00:00 PM,SERC,WEST,EKPC,EKPC,1339.527,True
9/27/2022 12:00:00 AM,9/26/2022 8:00:00 PM,SERC,WEST,EKPC,EKPC,1373.007,True
9/27/2022 1:00:00 AM,9/26/2022 9:00:00 PM,SERC,WEST,EKPC,EKPC,1328.546,True
9/27/2022 2:00:00 AM,9/26/2022 10:00:00 PM,SERC,WEST,EKPC,EKPC,1197.382,True
9/27/2022 3:00:00 AM,9/26/2022 11:00:00 PM,SERC,WEST,EKPC,EKPC,1075.214,True
9/27/2022 4:00:00 AM,9/27/2022 12:00:00 AM,SERC,WEST,EKPC,EKPC,1038.801,True
9/27/2022 5:00:00 AM,9/27/2022 1:00:00 AM,SERC,WEST,EKPC,EKPC,1008.317,True
9/27/2022 6:00:00 AM,9/27/2022 2:00:00 AM,SERC,WEST,EKPC,EKPC,941.293,True
9/27/2022 7:00:00 AM,9/27/2022 3:00:00 AM,SERC,WEST,EKPC,EKPC,942.822,True
9/27/2022 8:00:00 AM,9/27/2022 4:00:00 AM,SERC,WEST,EKPC,EKPC,956.035,True
9/27/2022 9:00:00 AM,9/27/2022 5:00:00 AM,SERC,WEST,EKPC,EKPC,1074.368,True
9/27/2022 10:00:00 AM,9/27/2022 6:00:00 AM,SERC,WEST,EKPC,EKPC,1234.011,True
9/27/2022 11:00:00 AM,9/27/2022 7:00:00 AM,SERC,WEST,EKPC,EKPC,1348.394,True
9/27/2022 12:00:00 PM,9/27/2022 8:00:00 AM,SERC,WEST,EKPC,EKPC,1228.702,True
9/27/2022 1:00:00 PM,9/27/2022 9:00:00 AM,SERC,WEST,EKPC,EKPC,1240.273,True
9/27/2022 2:00:00 PM,9/27/2022 10:00:00 AM,SERC,WEST,EKPC,EKPC,1262.976,True
9/27/2022 3:00:00 PM,9/27/2022 11:00:00 AM,SERC,WEST,EKPC,EKPC,1194.063,True
9/27/2022 4:00:00 PM,9/27/2022 12:00:00 PM,SERC,WEST,EKPC,EKPC,1176.657,True
9/27/2022 5:00:00 PM,9/27/2022 1:00:00 PM,SERC,WEST,EKPC,EKPC,1208.905,True
9/27/2022 6:00:00 PM,9/27/2022 2:00:00 PM,SERC,WEST,EKPC,EKPC,1224.332,True
9/27/2022 7:00:00 PM,9/27/2022 3:00:00 PM,SERC,WEST,EKPC,EKPC,1219.458,True
9/27/2022 8:00:00 PM,9/27/2022 4:00:00 PM,SERC,WEST,EKPC,EKPC,1252.858,True
9/27/2022 9:00:00 PM,9/27/2022 5:00:00 PM,SERC,WEST,EKPC,EKPC,1369.300,True
9/27/2022 10:00:00 PM,9/27/2022 6:00:00 PM,SERC,WEST,EKPC,EKPC,1370.908,True
9/27/2022 11:00:00 PM,9/27/2022 7:00:00 PM,SERC,WEST,EKPC,EKPC,1356.336,True
9/28/2022 12:00:00 AM,9/27/2022 8:00:00 PM,SERC,WEST,EKPC,EKPC,1380.045,True
9/28/2022 1:00:00 AM,9/27/2022 9:00:00 PM,SERC,WEST,EKPC,EKPC,1274.322,True
9/28/2022 2:00:00 AM,9/27/2022 10:00:00 PM,SERC,WEST,EKPC,EKPC,1277.321,True
9/28/2022 3:00:00 AM,9/27/2022 11:00:00 PM,SERC,WEST,EKPC,EKPC,1180.950,True
9/28/2022 4:00:00 AM,9/28/2022 12:00:00 AM,SERC,WEST,EKPC,EKPC,1084.840,True
9/28/2022 5:00:00 AM,9/28/2022 1:00:00 AM,SERC,WEST,EKPC,EKPC,1015.756,True
9/28/2022 6:00:00 AM,9/28/2022 2:00:00 AM,SERC,WEST,EKPC,EKPC,1017.013,True
9/28/2022 7:00:00 AM,9/28/2022 3:00:00 AM,SERC,WEST,EKPC,EKPC,1067.392,True
9/28/2022 8:00:00 AM,9/28/2022 4:00:00 AM,SERC,WEST,EKPC,EKPC,1171.269,True
9/28/2022 9:00:00 AM,9/28/2022 5:00:00 AM,SERC,WEST,EKPC,EKPC,1198.165,True
9/28/2022 10:00:00 AM,9/28/2022 6:00:00 AM,SERC,WEST,EKPC,EKPC,1307.489,True
9/28/2022 11:00:00 AM,9/28/2022 7:00:00 AM,SERC,WEST,EKPC,EKPC,1343.044,True
9/28/2022 12:00:00 PM,9/28/2022 8:00:00 AM,SERC,WEST,EKPC,EKPC,1324.957,True
9/28/2022 1:00:00 PM,9/28/2022 9:00:00 AM,SERC,WEST,EKPC,EKPC,1300.167,True
9/28/2022 2:00:00 PM,9/28/2022 10:00:00 AM,SERC,WEST,EKPC,EKPC,1259.304,True
9/28/2022 3:00:00 PM,9/28/2022 11:00:00 AM,SERC,WEST,EKPC,EKPC,1270.952,True
9/28/2022 4:00:00 PM,9/28/2022 12:00:00 PM,SERC,WEST,EKPC,EKPC,1336.650,True
9/28/2022 5:00:00 PM,9/28/2022 1:00:00 PM,SERC,WEST,EKPC,EKPC,1343.861,True
9/28/2022 6:00:00 PM,9/28/2022 2:00:00 PM,SERC,WEST,EKPC,EKPC,1342.150,True
9/28/2022 7:00:00 PM,9/28/2022 3:00:00 PM,SERC,WEST,EKPC,EKPC,1376.213,True
9/28/2022 8:00:00 PM,9/28/2022 4:00:00 PM,SERC,WEST,EKPC,EKPC,1375.966,True
9/28/2022 9:00:00 PM,9/28/2022 5:00:00 PM,SERC,WEST,EKPC,EKPC,1453.744,True
9/28/2022 10:00:00 PM,9/28/2022 6:00:00 PM,SERC,WEST,EKPC,EKPC,1396.614,True
9/28/2022 11:00:00 PM,9/28/2022 7:00:00 PM,SERC,WEST,EKPC,EKPC,1390.525,True
9/29/2022 12:00:00 AM,9/28/2022 8:00:00 PM,SERC,WEST,EKPC,EKPC,1422.081,True
9/29/2022 1:00:00 AM,9/28/2022 9:00:00 PM,SERC,WEST,EKPC,EKPC,1414.688,True
9/29/2022 2:00:00 AM,9/28/2022 10:00:00 PM,SERC,WEST,EKPC,EKPC,1244.505,True
9/29/2022 3:00:00 AM,9/28/2022 11:00:00 PM,SERC,WEST,EKPC,EKPC,1151.299,True
9/29/2022 4:00:00 AM,9/29/2022 12:00:00 AM,SERC,WEST,EKPC,EKPC,1080.916,True
9/29/2022 5:00:00 AM,9/29/2022 1:00:00 AM,SERC,WEST,EKPC,EKPC,1095.384,True
9/29/2022 6:00:00 AM,9/29/2022 2:00:00 AM,SERC,WEST,EKPC,EKPC,1133.690,True
9/29/2022 7:00:00 AM,9/29/2022 3:00:00 AM,SERC,WEST,EKPC,EKPC,1163.803,True
9/29/2022 8:00:00 AM,9/29/2022 4:00:00 AM,SERC,WEST,EKPC,EKPC,1170.009,True
9/29/2022 9:00:00 AM,9/29/2022 5:00:00 AM,SERC,WEST,EKPC,EKPC,1250.182,True
9/29/2022 10:00:00 AM,9/29/2022 6:00:00 AM,SERC,WEST,EKPC,EKPC,1413.078,True
9/29/2022 11:00:00 AM,9/29/2022 7:00:00 AM,SERC,WEST,EKPC,EKPC,1534.180,True
9/29/2022 12:00:00 PM,9/29/2022 8:00:00 AM,SERC,WEST,EKPC,EKPC,1442.648,True
9/29/2022 1:00:00 PM,9/29/2022 9:00:00 AM,SERC,WEST,EKPC,EKPC,1429.441,True
9/29/2022 2:00:00 PM,9/29/2022 10:00:00 AM,SERC,WEST,EKPC,EKPC,1400.240,True
9/29/2022 3:00:00 PM,9/29/2022 11:00:00 AM,SERC,WEST,EKPC,EKPC,1384.272,True
9/29/2022 4:00:00 PM,9/29/2022 12:00:00 PM,SERC,WEST,EKPC,EKPC,1346.836,True
9/29/2022 5:00:00 PM,9/29/2022 1:00:00 PM,SERC,WEST,EKPC,EKPC,1347.473,True
9/29/2022 6:00:00 PM,9/29/2022 2:00:00 PM,SERC,WEST,EKPC,EKPC,1305.255,True
9/29/2022 7:00:00 PM,9/29/2022 3:00:00 PM,SERC,WEST,EKPC,EKPC,1304.240,True
9/29/2022 8:00:00 PM,9/29/2022 4:00:00 PM,SERC,WEST,EKPC,EKPC,1321.268,True
9/29/2022 9:00:00 PM,9/29/2022 5:00:00 PM,SERC,WEST,EKPC,EKPC,1361.088,True
9/29/2022 10:00:00 PM,9/29/2022 6:00:00 PM,SERC,WEST,EKPC,EKPC,1314.919,True
9/29/2022 11:00:00 PM,9/29/2022 7:00:00 PM,SERC,WEST,EKPC,EKPC,1307.896,True
9/30/2022 12:00:00 AM,9/29/2022 8:00:00 PM,SERC,WEST,EKPC,EKPC,1339.533,True
9/30/2022 1:00:00 AM,9/29/2022 9:00:00 PM,SERC,WEST,EKPC,EKPC,1294.808,True
9/30/2022 2:00:00 AM,9/29/2022 10:00:00 PM,SERC,WEST,EKPC,EKPC,1203.892,True
9/30/2022 3:00:00 AM,9/29/2022 11:00:00 PM,SERC,WEST,EKPC,EKPC,1122.891,True
9/30/2022 4:00:00 AM,9/30/2022 12:00:00 AM,SERC,WEST,EKPC,EKPC,1115.785,True
9/30/2022 5:00:00 AM,9/30/2022 1:00:00 AM,SERC,WEST,EKPC,EKPC,1067.473,True
9/30/2022 6:00:00 AM,9/30/2022 2:00:00 AM,SERC,WEST,EKPC,EKPC,1014.244,True
9/30/2022 7:00:00 AM,9/30/2022 3:00:00 AM,SERC,WEST,EKPC,EKPC,1026.795,True
9/30/2022 8:00:00 AM,9/30/2022 4:00:00 AM,SERC,WEST,EKPC,EKPC,1055.342,True
9/30/2022 9:00:00 AM,9/30/2022 5:00:00 AM,SERC,WEST,EKPC,EKPC,1122.332,True
9/30/2022 10:00:00 AM,9/30/2022 6:00:00 AM,SERC,WEST,EKPC,EKPC,1268.144,True
9/30/2022 11:00:00 AM,9/30/2022 7:00:00 AM,SERC,WEST,EKPC,EKPC,1319.667,True
9/30/2022 12:00:00 PM,9/30/2022 8:00:00 AM,SERC,WEST,EKPC,EKPC,1309.349,True
9/30/2022 1:00:00 PM,9/30/2022 9:00:00 AM,SERC,WEST,EKPC,EKPC,1374.874,True
9/30/2022 2:00:00 PM,9/30/2022 10:00:00 AM,SERC,WEST,EKPC,EKPC,1316.493,True
9/30/2022 3:00:00 PM,9/30/2022 11:00:00 AM,SERC,WEST,EKPC,EKPC,1249.891,True
9/30/2022 4:00:00 PM,9/30/2022 12:00:00 PM,SERC,WEST,EKPC,EKPC,1228.765,True
9/30/2022 5:00:00 PM,9/30/2022 1:00:00 PM,SERC,WEST,EKPC,EKPC,1286.562,True
9/30/2022 6:00:00 PM,9/30/2022 2:00:00 PM,SERC,WEST,EKPC,EKPC,1318.715,True
9/30/2022 7:00:00 PM,9/30/2022 3:00:00 PM,SERC,WEST,EKPC,EKPC,1307.378,True
9/30/2022 8:00:00 PM,9/30/2022 4:00:00 PM,SERC,WEST,EKPC,EKPC,1302.121,True
9/30/2022 9:00:00 PM,9/30/2022 5:00:00 PM,SERC,WEST,EKPC,EKPC,1210.215,True
9/30/2022 10:00:00 PM,9/30/2022 6:00:00 PM,SERC,WEST,EKPC,EKPC,1190.144,True
9/30/2022 11:00:00 PM,9/30/2022 7:00:00 PM,SERC,WEST,EKPC,EKPC,1218.796,True
10/1/2022 12:00:00 AM,9/30/2022 8:00:00 PM,SERC,WEST,EKPC,EKPC,1237.680,True
10/1/2022 1:00:00 AM,9/30/2022 9:00:00 PM,SERC,WEST,EKPC,EKPC,1213.355,True
10/1/2022 2:00:00 AM,9/30/2022 10:00:00 PM,SERC,WEST,EKPC,EKPC,1136.114,True
10/1/2022 3:00:00 AM,9/30/2022 11:00:00 PM,SERC,WEST,EKPC,EKPC,1051.812,True
10/1/2022 4:00:00 AM,10/1/2022 12:00:00 AM,SERC,WEST,EKPC,EKPC,1003.354,True
10/1/2022 5:00:00 AM,10/1/2022 1:00:00 AM,SERC,WEST,EKPC,EKPC,973.966,True
10/1/2022 6:00:00 AM,10/1/2022 2:00:00 AM,SERC,WEST,EKPC,EKPC,970.061,True
10/1/2022 7:00:00 AM,10/1/2022 3:00:00 AM,SERC,WEST,EKPC,EKPC,997.702,True
10/1/2022 8:00:00 AM,10/1/2022 4:00:00 AM,SERC,WEST,EKPC,EKPC,1047.312,True
10/1/2022 9:00:00 AM,10/1/2022 5:00:00 AM,SERC,WEST,EKPC,EKPC,1120.366,True
10/1/2022 10:00:00 AM,10/1/2022 6:00:00 AM,SERC,WEST,EKPC,EKPC,1129.284,True
10/1/2022 11:00:00 AM,10/1/2022 7:00:00 AM,SERC,WEST,EKPC,EKPC,1138.663,True
10/1/2022 12:00:00 PM,10/1/2022 8:00:00 AM,SERC,WEST,EKPC,EKPC,1157.499,True
10/1/2022 1:00:00 PM,10/1/2022 9:00:00 AM,SERC,WEST,EKPC,EKPC,1186.324,True
10/1/2022 2:00:00 PM,10/1/2022 10:00:00 AM,SERC,WEST,EKPC,EKPC,1176.242,True
10/1/2022 3:00:00 PM,10/1/2022 11:00:00 AM,SERC,WEST,EKPC,EKPC,1296.022,True
10/1/2022 4:00:00 PM,10/1/2022 12:00:00 PM,SERC,WEST,EKPC,EKPC,1252.201,True
10/1/2022 5:00:00 PM,10/1/2022 1:00:00 PM,SERC,WEST,EKPC,EKPC,1301.372,True
10/1/2022 6:00:00 PM,10/1/2022 2:00:00 PM,SERC,WEST,EKPC,EKPC,1276.445,True
10/1/2022 7:00:00 PM,10/1/2022 3:00:00 PM,SERC,WEST,EKPC,EKPC,1235.608,True
10/1/2022 8:00:00 PM,10/1/2022 4:00:00 PM,SERC,WEST,EKPC,EKPC,1334.077,True
10/1/2022 9:00:00 PM,10/1/2022 5:00:00 PM,SERC,WEST,EKPC,EKPC,1311.012,True
10/1/2022 10:00:00 PM,10/1/2022 6:00:00 PM,SERC,WEST,EKPC,EKPC,1348.198,True
10/1/2022 11:00:00 PM,10/1/2022 7:00:00 PM,SERC,WEST,EKPC,EKPC,1305.372,True
10/2/2022 12:00:00 AM,10/1/2022 8:00:00 PM,SERC,WEST,EKPC,EKPC,1383.192,True
10/2/2022 1:00:00 AM,10/1/2022 9:00:00 PM,SERC,WEST,EKPC,EKPC,1274.941,True
10/2/2022 2:00:00 AM,10/1/2022 10:00:00 PM,SERC,WEST,EKPC,EKPC,1185.845,True
10/2/2022 3:00:00 AM,10/1/2022 11:00:00 PM,SERC,WEST,EKPC,EKPC,1180.489,True
10/2/2022 4:00:00 AM,10/2/2022 12:00:00 AM,SERC,WEST,EKPC,EKPC,1084.052,True
10/2/2022 5:00:00 AM,10/2/2022 1:00:00 AM,SERC,WEST,EKPC,EKPC,1086.432,True
10/2/2022 6:00:00 AM,10/2/2022 2:00:00 AM,SERC,WEST,EKPC,EKPC,1021.591,True
10/2/2022 7:00:00 AM,10/2/2022 3:00:00 AM,SERC,WEST,EKPC,EKPC,1003.255,True
10/2/2022 8:00:00 AM,10/2/2022 4:00:00 AM,SERC,WEST,EKPC,EKPC,984.966,True
10/2/2022 9:00:00 AM,10/2/2022 5:00:00 AM,SERC,WEST,EKPC,EKPC,970.425,True
10/2/2022 10:00:00 AM,10/2/2022 6:00:00 AM,SERC,WEST,EKPC,EKPC,1041.147,True
10/2/2022 11:00:00 AM,10/2/2022 7:00:00 AM,SERC,WEST,EKPC,EKPC,1084.587,True
10/2/2022 12:00:00 PM,10/2/2022 8:00:00 AM,SERC,WEST,EKPC,EKPC,1159.988,True
10/2/2022 1:00:00 PM,10/2/2022 9:00:00 AM,SERC,WEST,EKPC,EKPC,1246.715,True
10/2/2022 2:00:00 PM,10/2/2022 10:00:00 AM,SERC,WEST,EKPC,EKPC,1237.591,True
10/2/2022 3:00:00 PM,10/2/2022 11:00:00 AM,SERC,WEST,EKPC,EKPC,1143.987,True
10/2/2022 4:00:00 PM,10/2/2022 12:00:00 PM,SERC,WEST,EKPC,EKPC,1159.750,True
10/2/2022 5:00:00 PM,10/2/2022 1:00:00 PM,SERC,WEST,EKPC,EKPC,1159.807,True
10/2/2022 6:00:00 PM,10/2/2022 2:00:00 PM,SERC,WEST,EKPC,EKPC,1217.323,True
10/2/2022 7:00:00 PM,10/2/2022 3:00:00 PM,SERC,WEST,EKPC,EKPC,1308.310,True
10/2/2022 8:00:00 PM,10/2/2022 4:00:00 PM,SERC,WEST,EKPC,EKPC,1219.958,True
10/2/2022 9:00:00 PM,10/2/2022 5:00:00 PM,SERC,WEST,EKPC,EKPC,1226.082,True
10/2/2022 10:00:00 PM,10/2/2022 6:00:00 PM,SERC,WEST,EKPC,EKPC,1254.711,True
10/2/2022 11:00:00 PM,10/2/2022 7:00:00 PM,SERC,WEST,EKPC,EKPC,1266.044,True
10/3/2022 12:00:00 AM,10/2/2022 8:00:00 PM,SERC,WEST,EKPC,EKPC,1282.344,True
10/3/2022 1:00:00 AM,10/2/2022 9:00:00 PM,SERC,WEST,EKPC,EKPC,1291.378,True
10/3/2022 2:00:00 AM,10/2/2022 10:00:00 PM,SERC,WEST,EKPC,EKPC,1198.447,True
10/3/2022 3:00:00 AM,10/2/2022 11:00:00 PM,SERC,WEST,EKPC,EKPC,1130.777,True
10/3/2022 4:00:00 AM,10/3/2022 12:00:00 AM,SERC,WEST,EKPC,EKPC,1062.934,True
10/3/2022 5:00:00 AM,10/3/2022 1:00:00 AM,SERC,WEST,EKPC,EKPC,1021.968,True
10/3/2022 6:00:00 AM,10/3/2022 2:00:00 AM,SERC,WEST,EKPC,EKPC,1013.888,True
10/3/2022 7:00:00 AM,10/3/2022 3:00:00 AM,SERC,WEST,EKPC,EKPC,999.672,True
10/3/2022 8:00:00 AM,10/3/2022 4:00:00 AM,SERC,WEST,EKPC,EKPC,1014.110,True
10/3/2022 9:00:00 AM,10/3/2022 5:00:00 AM,SERC,WEST,EKPC,EKPC,1120.186,True
10/3/2022 10:00:00 AM,10/3/2022 6:00:00 AM,SERC,WEST,EKPC,EKPC,1240.611,True
10/3/2022 11:00:00 AM,10/3/2022 7:00:00 AM,SERC,WEST,EKPC,EKPC,1272.906,True
10/3/2022 12:00:00 PM,10/3/2022 8:00:00 AM,SERC,WEST,EKPC,EKPC,1207.866,True
10/3/2022 1:00:00 PM,10/3/2022 9:00:00 AM,SERC,WEST,EKPC,EKPC,1271.104,True
10/3/2022 2:00:00 PM,10/3/2022 10:00:00 AM,SERC,WEST,EKPC,EKPC,1304.397,True
10/3/2022 3:00:00 PM,10/3/2022 11:00:00 AM,SERC,WEST,EKPC,EKPC,1287.675,True
10/3/2022 4:00:00 PM,10/3/2022 12:00:00 PM,SERC,WEST,EKPC,EKPC,1289.409,True
10/3/2022 5:00:00 PM,10/3/2022 1:00:00 PM,SERC,WEST,EKPC,EKPC,1308.717,True
10/3/2022 6:00:00 PM,10/3/2022 2:00:00 PM,SERC,WEST,EKPC,EKPC,1283.849,True
10/3/2022 7:00:00 PM,10/3/2022 3:00:00 PM,SERC,WEST,EKPC,EKPC,1303.696,True
10/3/2022 8:00:00 PM,10/3/2022 4:00:00 PM,SERC,WEST,EKPC,EKPC,1335.923,True
10/3/2022 9:00:00 PM,10/3/2022 5:00:00 PM,SERC,WEST,EKPC,EKPC,1401.224,True
10/3/2022 10:00:00 PM,10/3/2022 6:00:00 PM,SERC,WEST,EKPC,EKPC,1378.993,True
10/3/2022 11:00:00 PM,10/3/2022 7:00:00 PM,SERC,WEST,EKPC,EKPC,1397.699,True
10/4/2022 12:00:00 AM,10/3/2022 8:00:00 PM,SERC,WEST,EKPC,EKPC,1420.809,True
10/4/2022 1:00:00 AM,10/3/2022 9:00:00 PM,SERC,WEST,EKPC,EKPC,1331.516,True
10/4/2022 2:00:00 AM,10/3/2022 10:00:00 PM,SERC,WEST,EKPC,EKPC,1252.588,True
10/4/2022 3:00:00 AM,10/3/2022 11:00:00 PM,SERC,WEST,EKPC,EKPC,1184.019,True
10/4/2022 4:00:00 AM,10/4/2022 12:00:00 AM,SERC,WEST,EKPC,EKPC,1090.284,True
10/4/2022 5:00:00 AM,10/4/2022 1:00:00 AM,SERC,WEST,EKPC,EKPC,1016.689,True
10/4/2022 6:00:00 AM,10/4/2022 2:00:00 AM,SERC,WEST,EKPC,EKPC,1091.867,True
10/4/2022 7:00:00 AM,10/4/2022 3:00:00 AM,SERC,WEST,EKPC,EKPC,1105.674,True
10/4/2022 8:00:00 AM,10/4/2022 4:00:00 AM,SERC,WEST,EKPC,EKPC,1154.927,True
10/4/2022 9:00:00 AM,10/4/2022 5:00:00 AM,SERC,WEST,EKPC,EKPC,1235.061,True
10/4/2022 10:00:00 AM,10/4/2022 6:00:00 AM,SERC,WEST,EKPC,EKPC,1363.478,True
10/4/2022 11:00:00 AM,10/4/2022 7:00:00 AM,SERC,WEST,EKPC,EKPC,1470.477,True
10/4/2022 12:00:00 PM,10/4/2022 8:00:00 AM,SERC,WEST,EKPC,EKPC,1473.505,True
10/4/2022 1:00:00 PM,10/4/2022 9:00:00 AM,SERC,WEST,EKPC,EKPC,1442.815,True
10/4/2022 2:00:00 PM,10/4/2022 10:00:00 AM,SERC,WEST,EKPC,EKPC,1356.314,True
10/4/2022 3:00:00 PM,10/4/2022 11:00:00 AM,SERC,WEST,EKPC,EKPC,1318.001,True
10/4/2022 4:00:00 PM,10/4/2022 12:00:00 PM,SERC,WEST,EKPC,EKPC,1303.403,True
10/4/2022 5:00:00 PM,10/4/2022 1:00:00 PM,SERC,WEST,EKPC,EKPC,1258.211,True
10/4/2022 6:00:00 PM,10/4/2022 2:00:00 PM,SERC,WEST,EKPC,EKPC,1187.773,True
10/4/2022 7:00:00 PM,10/4/2022 3:00:00 PM,SERC,WEST,EKPC,EKPC,1185.399,True
10/4/2022 8:00:00 PM,10/4/2022 4:00:00 PM,SERC,WEST,EKPC,EKPC,1256.106,True
10/4/2022 9:00:00 PM,10/4/2022 5:00:00 PM,SERC,WEST,EKPC,EKPC,1334.760,True
10/4/2022 10:00:00 PM,10/4/2022 6:00:00 PM,SERC,WEST,EKPC,EKPC,1382.493,True
10/4/2022 11:00:00 PM,10/4/2022 7:00:00 PM,SERC,WEST,EKPC,EKPC,1391.023,True
10/5/2022 12:00:00 AM,10/4/2022 8:00:00 PM,SERC,WEST,EKPC,EKPC,1388.264,True
10/5/2022 1:00:00 AM,10/4/2022 9:00:00 PM,SERC,WEST,EKPC,EKPC,1304.908,True
10/5/2022 2:00:00 AM,10/4/2022 10:00:00 PM,SERC,WEST,EKPC,EKPC,1246.439,True
10/5/2022 3:00:00 AM,10/4/2022 11:00:00 PM,SERC,WEST,EKPC,EKPC,1159.323,True
10/5/2022 4:00:00 AM,10/5/2022 12:00:00 AM,SERC,WEST,EKPC,EKPC,1166.201,True
10/5/2022 5:00:00 AM,10/5/2022 1:00:00 AM,SERC,WEST,EKPC,EKPC,1126.890,True
10/5/2022 6:00:00 AM,10/5/2022 2:00:00 AM,SERC,WEST,EKPC,EKPC,1129.243,True
10/5/2022 7:00:00 AM,10/5/2022 3:00:00 AM,SERC,WEST,EKPC,EKPC,1112.743,True
10/5/2022 8:00:00 AM,10/5/2022 4:00:00 AM,SERC,WEST,EKPC,EKPC,1168.575,True
10/5/2022 9:00:00 AM,10/5/2022 5:00:00 AM,SERC,WEST,EKPC,EKPC,1219.277,True
10/5/2022 10:00:00 AM,10/5/2022 6:00:00 AM,SERC,WEST,EKPC,EKPC,1347.126,True
10/5/2022 11:00:00 AM,10/5/2022 7:00:00 AM,SERC,WEST,EKPC,EKPC,1377.968,True
10/5/2022 12:00:00 PM,10/5/2022 8:00:00 AM,SERC,WEST,EKPC,EKPC,1429.737,True
10/5/2022 1:00:00 PM,10/5/2022 9:00:00 AM,SERC,WEST,EKPC,EKPC,1340.325,True
10/5/2022 2:00:00 PM,10/5/2022 10:00:00 AM,SERC,WEST,EKPC,EKPC,1302.339,True
10/5/2022 3:00:00 PM,10/5/2022 11:00:00 AM,SERC,WEST,EKPC,EKPC,1287.566,True
10/5/2022 4:00:00 PM,10/5/2022 12:00:00 PM,SERC,WEST,EKPC,EKPC,1219.375,True
10/5/2022 5:00:00 PM,10/5/2022 1:00:00 PM,SERC,WEST,EKPC,EKPC,1311.511,True
10/5/2022 6:00:00 PM,10/5/2022 2:00:00 PM,SERC,WEST,EKPC,EKPC,1315.557,True
10/5/2022 7:00:00 PM,10/5/2022 3:00:00 PM,SERC,WEST,EKPC,EKPC,1353.378,True
10/5/2022 8:00:00 PM,10/5/2022 4:00:00 PM,SERC,WEST,EKPC,EKPC,1379.799,True
10/5/2022 9:00:00 PM,10/5/2022 5:00:00 PM,SERC,WEST,EKPC,EKPC,1415.409,True
10/5/2022 10:00:00 PM,10/5/2022 6:00:00 PM,SERC,WEST,EKPC,EKPC,1400.518,True
10/5/2022 11:00:00 PM,10/5/2022 7:00:00 PM,SERC,WEST,EKPC,EKPC,1420.428,True
10/6/2022 12:00:00 AM,10/5/2022 8:00:00 PM,SERC,WEST,EKPC,EKPC,1405.850,True
10/6/2022 1:00:00 AM,10/5/2022 9:00:00 PM,SERC,WEST,EKPC,EKPC,1345.092,True
10/6/2022 2:00:00 AM,10/5/2022 10:00:00 PM,SERC,WEST,EKPC,EKPC,1258.546,True
10/6/2022 3:00:00 AM,10/5/2022 11:00:00 PM,SERC,WEST,EKPC,EKPC,1141.251,True
10/6/2022 4:00:00 AM,10/6/2022 12:00:00 AM,SERC,WEST,EKPC,EKPC,1114.761,True
10/6/2022 5:00:00 AM,10/6/2022 1:00:00 AM,SERC,WEST,EKPC,EKPC,1049.153,True
10/6/2022 6:00:00 AM,10/6/2022 2:00:00 AM,SERC,WEST,EKPC,EKPC,1060.717,True
10/6/2022 7:00:00 AM,10/6/2022 3:00:00 AM,SERC,WEST,EKPC,EKPC,1022.685,True
10/6/2022 8:00:00 AM,10/6/2022 4:00:00 AM,SERC,WEST,EKPC,EKPC,1053.552,True
10/6/2022 9:00:00 AM,10/6/2022 5:00:00 AM,SERC,WEST,EKPC,EKPC,1207.719,True
10/6/2022 10:00:00 AM,10/6/2022 6:00:00 AM,SERC,WEST,EKPC,EKPC,1403.639,True
10/6/2022 11:00:00 AM,10/6/2022 7:00:00 AM,SERC,WEST,EKPC,EKPC,1385.676,True
10/6/2022 12:00:00 PM,10/6/2022 8:00:00 AM,SERC,WEST,EKPC,EKPC,1423.126,True
10/6/2022 1:00:00 PM,10/6/2022 9:00:00 AM,SERC,WEST,EKPC,EKPC,1378.034,True
10/6/2022 2:00:00 PM,10/6/2022 10:00:00 AM,SERC,WEST,EKPC,EKPC,1321.700,True
10/6/2022 3:00:00 PM,10/6/2022 11:00:00 AM,SERC,WEST,EKPC,EKPC,1330.872,True
10/6/2022 4:00:00 PM,10/6/2022 12:00:00 PM,SERC,WEST,EKPC,EKPC,1302.576,True
10/6/2022 5:00:00 PM,10/6/2022 1:00:00 PM,SERC,WEST,EKPC,EKPC,1307.864,True
10/6/2022 6:00:00 PM,10/6/2022 2:00:00 PM,SERC,WEST,EKPC,EKPC,1288.446,True
10/6/2022 7:00:00 PM,10/6/2022 3:00:00 PM,SERC,WEST,EKPC,EKPC,1334.107,True
10/6/2022 8:00:00 PM,10/6/2022 4:00:00 PM,SERC,WEST,EKPC,EKPC,1344.392,True
10/6/2022 9:00:00 PM,10/6/2022 5:00:00 PM,SERC,WEST,EKPC,EKPC,1419.225,True
10/6/2022 10:00:00 PM,10/6/2022 6:00:00 PM,SERC,WEST,EKPC,EKPC,1405.560,True
10/6/2022 11:00:00 PM,10/6/2022 7:00:00 PM,SERC,WEST,EKPC,EKPC,1430.683,True
10/7/2022 12:00:00 AM,10/6/2022 8:00:00 PM,SERC,WEST,EKPC,EKPC,1483.682,True
10/7/2022 1:00:00 AM,10/6/2022 9:00:00 PM,SERC,WEST,EKPC,EKPC,1425.488,True
10/7/2022 2:00:00 AM,10/6/2022 10:00:00 PM,SERC,WEST,EKPC,EKPC,1172.416,True
10/7/2022 3:00:00 AM,10/6/2022 11:00:00 PM,SERC,WEST,EKPC,EKPC,1104.091,True
10/7/2022 4:00:00 AM,10/7/2022 12:00:00 AM,SERC,WEST,EKPC,EKPC,1102.867,True
10/7/2022 5:00:00 AM,10/7/2022 1:00:00 AM,SERC,WEST,EKPC,EKPC,1080.690,True
10/7/2022 6:00:00 AM,10/7/2022 2:00:00 AM,SERC,WEST,EKPC,EKPC,956.645,True
10/7/2022 7:00:00 AM,10/7/2022 3:00:00 AM,SERC,WEST,EKPC,EKPC,986.599,True
10/7/2022 8:00:00 AM,10/7/2022 4:00:00 AM,SERC,WEST,EKPC,EKPC,1002.176,True
10/7/2022 9:00:00 AM,10/7/2022 5:00:00 AM,SERC,WEST,EKPC,EKPC,1031.553,True
10/7/2022 10:00:00 AM,10/7/2022 6:00:00 AM,SERC,WEST,EKPC,EKPC,1254.082,True
10/7/2022 11:00:00 AM,10/7/2022 7:00:00 AM,SERC,WEST,EKPC,EKPC,1294.900,True
10/7/2022 12:00:00 PM,10/7/2022 8:00:00 AM,SERC,WEST,EKPC,EKPC,1311.395,True
10/7/2022 1:00:00 PM,10/7/2022 9:00:00 AM,SERC,WEST,EKPC,EKPC,1329.305,True
10/7/2022 2:00:00 PM,10/7/2022 10:00:00 AM,SERC,WEST,EKPC,EKPC,1320.049,True
10/7/2022 3:00:00 PM,10/7/2022 11:00:00 AM,SERC,WEST,EKPC,EKPC,1328.914,True
10/7/2022 4:00:00 PM,10/7/2022 12:00:00 PM,SERC,WEST,EKPC,EKPC,1269.834,True
10/7/2022 5:00:00 PM,10/7/2022 1:00:00 PM,SERC,WEST,EKPC,EKPC,1331.432,True
10/7/2022 6:00:00 PM,10/7/2022 2:00:00 PM,SERC,WEST,EKPC,EKPC,1262.510,True
10/7/2022 7:00:00 PM,10/7/2022 3:00:00 PM,SERC,WEST,EKPC,EKPC,1276.447,True
10/7/2022 8:00:00 PM,10/7/2022 4:00:00 PM,SERC,WEST,EKPC,EKPC,1245.888,True
10/7/2022 9:00:00 PM,10/7/2022 5:00:00 PM,SERC,WEST,EKPC,EKPC,1284.432,True
10/7/2022 10:00:00 PM,10/7/2022 6:00:00 PM,SERC,WEST,EKPC,EKPC,1366.801,True
10/7/2022 11:00:00 PM,10/7/2022 7:00:00 PM,SERC,WEST,EKPC,EKPC,1267.715,True
10/8/2022 12:00:00 AM,10/7/2022 8:00:00 PM,SERC,WEST,EKPC,EKPC,1316.075,True
10/8/2022 1:00:00 AM,10/7/2022 9:00:00 PM,SERC,WEST,EKPC,EKPC,1184.297,True
10/8/2022 2:00:00 AM,10/7/2022 10:00:00 PM,SERC,WEST,EKPC,EKPC,1173.037,True
10/8/2022 3:00:00 AM,10/7/2022 11:00:00 PM,SERC,WEST,EKPC,EKPC,1179.465,True
10/8/2022 4:00:00 AM,10/8/2022 12:00:00 AM,SERC,WEST,EKPC,EKPC,1113.019,True
10/8/2022 5:00:00 AM,10/8/2022 1:00:00 AM,SERC,WEST,EKPC,EKPC,1008.850,True
10/8/2022 6:00:00 AM,10/8/2022 2:00:00 AM,SERC,WEST,EKPC,EKPC,1016.484,True
10/8/2022 7:00:00 AM,10/8/2022 3:00:00 AM,SERC,WEST,EKPC,EKPC,1055.966,True
10/8/2022 8:00:00 AM,10/8/2022 4:00:00 AM,SERC,WEST,EKPC,EKPC,1059.384,True
10/8/2022 9:00:00 AM,10/8/2022 5:00:00 AM,SERC,WEST,EKPC,EKPC,1132.561,True
10/8/2022 10:00:00 AM,10/8/2022 6:00:00 AM,SERC,WEST,EKPC,EKPC,1267.057,True
10/8/2022 11:00:00 AM,10/8/2022 7:00:00 AM,SERC,WEST,EKPC,EKPC,1271.373,True
10/8/2022 12:00:00 PM,10/8/2022 8:00:00 AM,SERC,WEST,EKPC,EKPC,1417.215,True
10/8/2022 1:00:00 PM,10/8/2022 9:00:00 AM,SERC,WEST,EKPC,EKPC,1381.842,True
10/8/2022 2:00:00 PM,10/8/2022 10:00:00 AM,SERC,WEST,EKPC,EKPC,1283.122,True
10/8/2022 3:00:00 PM,10/8/2022 11:00:00 AM,SERC,WEST,EKPC,EKPC,1243.586,True
10/8/2022 4:00:00 PM,10/8/2022 12:00:00 PM,SERC,WEST,EKPC,EKPC,1276.045,True
10/8/2022 5:00:00 PM,10/8/2022 1:00:00 PM,SERC,WEST,EKPC,EKPC,1234.472,True
10/8/2022 6:00:00 PM,10/8/2022 2:00:00 PM,SERC,WEST,EKPC,EKPC,1222.646,True
10/8/2022 7:00:00 PM,10/8/2022 3:00:00 PM,SERC,WEST,EKPC,EKPC,1236.054,True
10/8/2022 8:00:00 PM,10/8/2022 4:00:00 PM,SERC,WEST,EKPC,EKPC,1184.776,True
10/8/2022 9:00:00 PM,10/8/2022 5:00:00 PM,SERC,WEST,EKPC,EKPC,1118.071,True
10/8/2022 10:00:00 PM,10/8/2022 6:00:00 PM,SERC,WEST,EKPC,EKPC,1126.996,True
10/8/2022 11:00:00 PM,10/8/2022 7:00:00 PM,SERC,WEST,EKPC,EKPC,1341.022,True
10/9/2022 12:00:00 AM,10/8/2022 8:00:00 PM,SERC,WEST,EKPC,EKPC,1365.101,True
10/9/2022 1:00:00 AM,10/8/2022 9:00:00 PM,SERC,WEST,EKPC,EKPC,1304.627,True
10/9/2022 2:00:00 AM,10/8/2022 10:00:00 PM,SERC,WEST,EKPC,EKPC,1324.954,True
10/9/2022 3:00:00 AM,10/8/2022 11:00:00 PM,SERC,WEST,EKPC,EKPC,1282.504,True
10/9/2022 4:00:00 AM,10/9/2022 12:00:00 AM,SERC,WEST,EKPC,EKPC,1247.557,True
10/9/2022 5:00:00 AM,10/9/2022 1:00:00 AM,SERC,WEST,EKPC,EKPC,1230.138,True
10/9/2022 6:00:00 AM,10/9/2022 2:00:00 AM,SERC,WEST,EKPC,EKPC,1292.699,True
10/9/2022 7:00:00 AM,10/9/2022 3:00:00 AM,SERC,WEST,EKPC,EKPC,1319.987,True
10/9/2022 8:00:00 AM,10/9/2022 4:00:00 AM,SERC,WEST,EKPC,EKPC,1364.513,True
10/9/2022 9:00:00 AM,10/9/2022 5:00:00 AM,SERC,WEST,EKPC,EKPC,1414.923,True
10/9/2022 10:00:00 AM,10/9/2022 6:00:00 AM,SERC,WEST,EKPC,EKPC,1341.032,True
10/9/2022 11:00:00 AM,10/9/2022 7:00:00 AM,SERC,WEST,EKPC,EKPC,1437.954,True
10/9/2022 12:00:00 PM,10/9/2022 8:00:00 AM,SERC,WEST,EKPC,EKPC,1598.488,True
10/9/2022 1:00:00 PM,10/9/2022 9:00:00 AM,SERC,WEST,EKPC,EKPC,1472.943,True
10/9/2022 2:00:00 PM,10/9/2022 10:00:00 AM,SERC,WEST,EKPC,EKPC,1360.241,True
10/9/2022 3:00:00 PM,10/9/2022 11:00:00 AM,SERC,WEST,EKPC,EKPC,1307.127,True
10/9/2022 4:00:00 PM,10/9/2022 12:00:00 PM,SERC,WEST,EKPC,EKPC,1322.405,True
10/9/2022 5:00:00 PM,10/9/2022 1:00:00 PM,SERC,WEST,EKPC,EKPC,1269.170,True
10/9/2022 6:00:00 PM,10/9/2022 2:00:00 PM,SERC,WEST,EKPC,EKPC,1165.905,True
10/9/2022 7:00:00 PM,10/9/2022 3:00:00 PM,SERC,WEST,EKPC,EKPC,1112.639,True
10/9/2022 8:00:00 PM,10/9/2022 4:00:00 PM,SERC,WEST,EKPC,EKPC,1202.122,True
10/9/2022 9:00:00 PM,10/9/2022 5:00:00 PM,SERC,WEST,EKPC,EKPC,1198.221,True
10/9/2022 10:00:00 PM,10/9/2022 6:00:00 PM,SERC,WEST,EKPC,EKPC,1294.785,True
10/9/2022 11:00:00 PM,10/9/2022 7:00:00 PM,SERC,WEST,EKPC,EKPC,1388.040,True
10/10/2022 12:00:00 AM,10/9/2022 8:00:00 PM,SERC,WEST,EKPC,EKPC,1409.538,True
10/10/2022 1:00:00 AM,10/9/2022 9:00:00 PM,SERC,WEST,EKPC,EKPC,1375.338,True
10/10/2022 2:00:00 AM,10/9/2022 10:00:00 PM,SERC,WEST,EKPC,EKPC,1312.851,True
10/10/2022 3:00:00 AM,10/9/2022 11:00:00 PM,SERC,WEST,EKPC,EKPC,1297.985,True
10/10/2022 4:00:00 AM,10/10/2022 12:00:00 AM,SERC,WEST,EKPC,EKPC,1193.702,True
10/10/2022 5:00:00 AM,10/10/2022 1:00:00 AM,SERC,WEST,EKPC,EKPC,1242.735,True
10/10/2022 6:00:00 AM,10/10/2022 2:00:00 AM,SERC,WEST,EKPC,EKPC,1243.723,True
10/10/2022 7:00:00 AM,10/10/2022 3:00:00 AM,SERC,WEST,EKPC,EKPC,1181.264,True
10/10/2022 8:00:00 AM,10/10/2022 4:00:00 AM,SERC,WEST,EKPC,EKPC,1247.271,True
10/10/2022 9:00:00 AM,10/10/2022 5:00:00 AM,SERC,WEST,EKPC,EKPC,1352.869,True
10/10/2022 10:00:00 AM,10/10/2022 6:00:00 AM,SERC,WEST,EKPC,EKPC,1461.039,True
10/10/2022 11:00:00 AM,10/10/2022 7:00:00 AM,SERC,WEST,EKPC,EKPC,1560.615,True
10/10/2022 12:00:00 PM,10/10/2022 8:00:00 AM,SERC,WEST,EKPC,EKPC,1553.837,True
10/10/2022 1:00:00 PM,10/10/2022 9:00:00 AM,SERC,WEST,EKPC,EKPC,1587.666,True
10/10/2022 2:00:00 PM,10/10/2022 10:00:00 AM,SERC,WEST,EKPC,EKPC,1468.966,True
10/10/2022 3:00:00 PM,10/10/2022 11:00:00 AM,SERC,WEST,EKPC,EKPC,1316.286,True
10/10/2022 4:00:00 PM,10/10/2022 12:00:00 PM,SERC,WEST,EKPC,EKPC,1263.407,True
10/10/2022 5:00:00 PM,10/10/2022 1:00:00 PM,SERC,WEST,EKPC,EKPC,1233.656,True
10/10/2022 6:00:00 PM,10/10/2022 2:00:00 PM,SERC,WEST,EKPC,EKPC,1218.506,True
10/10/2022 7:00:00 PM,10/10/2022 3:00:00 PM,SERC,WEST,EKPC,EKPC,1228.343,True
10/10/2022 8:00:00 PM,10/10/2022 4:00:00 PM,SERC,WEST,EKPC,EKPC,1226.416,True
10/10/2022 9:00:00 PM,10/10/2022 5:00:00 PM,SERC,WEST,EKPC,EKPC,1312.112,True
10/10/2022 10:00:00 PM,10/10/2022 6:00:00 PM,SERC,WEST,EKPC,EKPC,1384.688,True
10/10/2022 11:00:00 PM,10/10/2022 7:00:00 PM,SERC,WEST,EKPC,EKPC,1447.358,True
10/11/2022 12:00:00 AM,10/10/2022 8:00:00 PM,SERC,WEST,EKPC,EKPC,1428.282,True
10/11/2022 1:00:00 AM,10/10/2022 9:00:00 PM,SERC,WEST,EKPC,EKPC,1324.488,True
10/11/2022 2:00:00 AM,10/10/2022 10:00:00 PM,SERC,WEST,EKPC,EKPC,1278.023,True
10/11/2022 3:00:00 AM,10/10/2022 11:00:00 PM,SERC,WEST,EKPC,EKPC,1260.223,True
10/11/2022 4:00:00 AM,10/11/2022 12:00:00 AM,SERC,WEST,EKPC,EKPC,1167.247,True
10/11/2022 5:00:00 AM,10/11/2022 1:00:00 AM,SERC,WEST,EKPC,EKPC,1146.743,True
10/11/2022 6:00:00 AM,10/11/2022 2:00:00 AM,SERC,WEST,EKPC,EKPC,1179.299,True
10/11/2022 7:00:00 AM,10/11/2022 3:00:00 AM,SERC,WEST,EKPC,EKPC,1091.597,True
10/11/2022 8:00:00 AM,10/11/2022 4:00:00 AM,SERC,WEST,EKPC,EKPC,1144.427,True
10/11/2022 9:00:00 AM,10/11/2022 5:00:00 AM,SERC,WEST,EKPC,EKPC,1282.544,True
10/11/2022 10:00:00 AM,10/11/2022 6:00:00 AM,SERC,WEST,EKPC,EKPC,1450.784,True
10/11/2022 11:00:00 AM,10/11/2022 7:00:00 AM,SERC,WEST,EKPC,EKPC,1534.849,True
10/11/2022 12:00:00 PM,10/11/2022 8:00:00 AM,SERC,WEST,EKPC,EKPC,1485.486,True
10/11/2022 1:00:00 PM,10/11/2022 9:00:00 AM,SERC,WEST,EKPC,EKPC,1366.058,True
10/11/2022 2:00:00 PM,10/11/2022 10:00:00 AM,SERC,WEST,EKPC,EKPC,1310.593,True
10/11/2022 3:00:00 PM,10/11/2022 11:00:00 AM,SERC,WEST,EKPC,EKPC,1213.231,True
10/11/2022 4:00:00 PM,10/11/2022 12:00:00 PM,SERC,WEST,EKPC,EKPC,1199.909,True
10/11/2022 5:00:00 PM,10/11/2022 1:00:00 PM,SERC,WEST,EKPC,EKPC,1180.477,True
10/11/2022 6:00:00 PM,10/11/2022 2:00:00 PM,SERC,WEST,EKPC,EKPC,1168.697,True
10/11/2022 7:00:00 PM,10/11/2022 3:00:00 PM,SERC,WEST,EKPC,EKPC,1182.286,True
10/11/2022 8:00:00 PM,10/11/2022 4:00:00 PM,SERC,WEST,EKPC,EKPC,1225.156,True
10/11/2022 9:00:00 PM,10/11/2022 5:00:00 PM,SERC,WEST,EKPC,EKPC,1250.045,True
10/11/2022 10:00:00 PM,10/11/2022 6:00:00 PM,SERC,WEST,EKPC,EKPC,1274.349,True
10/11/2022 11:00:00 PM,10/11/2022 7:00:00 PM,SERC,WEST,EKPC,EKPC,1321.900,True
10/12/2022 12:00:00 AM,10/11/2022 8:00:00 PM,SERC,WEST,EKPC,EKPC,1366.985,True
10/12/2022 1:00:00 AM,10/11/2022 9:00:00 PM,SERC,WEST,EKPC,EKPC,1304.402,True
10/12/2022 2:00:00 AM,10/11/2022 10:00:00 PM,SERC,WEST,EKPC,EKPC,1308.428,True
10/12/2022 3:00:00 AM,10/11/2022 11:00:00 PM,SERC,WEST,EKPC,EKPC,1130.801,True
10/12/2022 4:00:00 AM,10/12/2022 12:00:00 AM,SERC,WEST,EKPC,EKPC,1069.780,True
10/12/2022 5:00:00 AM,10/12/2022 1:00:00 AM,SERC,WEST,EKPC,EKPC,1074.565,True
10/12/2022 6:00:00 AM,10/12/2022 2:00:00 AM,SERC,WEST,EKPC,EKPC,1046.783,True
10/12/2022 7:00:00 AM,10/12/2022 3:00:00 AM,SERC,WEST,EKPC,EKPC,1050.227,True
10/12/2022 8:00:00 AM,10/12/2022 4:00:00 AM,SERC,WEST,EKPC,EKPC,1080.588,True
10/12/2022 9:00:00 AM,10/12/2022 5:00:00 AM,SERC,WEST,EKPC,EKPC,1107.733,True
10/12/2022 10:00:00 AM,10/12/2022 6:00:00 AM,SERC,WEST,EKPC,EKPC,1191.289,True
10/12/2022 11:00:00 AM,10/12/2022 7:00:00 AM,SERC,WEST,EKPC,EKPC,1254.077,True
10/12/2022 12:00:00 PM,10/12/2022 8:00:00 AM,SERC,WEST,EKPC,EKPC,1228.219,True
10/12/2022 1:00:00 PM,10/12/2022 9:00:00 AM,SERC,WEST,EKPC,EKPC,1215.836,True
10/12/2022 2:00:00 PM,10/12/2022 10:00:00 AM,SERC,WEST,EKPC,EKPC,1204.441,True
10/12/2022 3:00:00 PM,10/12/2022 11:00:00 AM,SERC,WEST,EKPC,EKPC,1187.848,True
10/12/2022 4:00:00 PM,10/12/2022 12:00:00 PM,SERC,WEST,EKPC,EKPC,1189.133,True
10/12/2022 5:00:00 PM,10/12/2022 1:00:00 PM,SERC,WEST,EKPC,EKPC,1196.372,True
10/12/2022 6:00:00 PM,10/12/2022 2:00:00 PM,SERC,WEST,EKPC,EKPC,1208.069,True
10/12/2022 7:00:00 PM,10/12/2022 3:00:00 PM,SERC,WEST,EKPC,EKPC,1218.589,True
10/12/2022 8:00:00 PM,10/12/2022 4:00:00 PM,SERC,WEST,EKPC,EKPC,1231.391,True
10/12/2022 9:00:00 PM,10/12/2022 5:00:00 PM,SERC,WEST,EKPC,EKPC,1303.361,True
10/12/2022 10:00:00 PM,10/12/2022 6:00:00 PM,SERC,WEST,EKPC,EKPC,1338.745,True
10/12/2022 11:00:00 PM,10/12/2022 7:00:00 PM,SERC,WEST,EKPC,EKPC,1377.306,True
10/13/2022 12:00:00 AM,10/12/2022 8:00:00 PM,SERC,WEST,EKPC,EKPC,1386.638,True
10/13/2022 1:00:00 AM,10/12/2022 9:00:00 PM,SERC,WEST,EKPC,EKPC,1385.197,True
10/13/2022 2:00:00 AM,10/12/2022 10:00:00 PM,SERC,WEST,EKPC,EKPC,1186.353,True
10/13/2022 3:00:00 AM,10/12/2022 11:00:00 PM,SERC,WEST,EKPC,EKPC,1176.689,True
10/13/2022 4:00:00 AM,10/13/2022 12:00:00 AM,SERC,WEST,EKPC,EKPC,1025.691,True
10/13/2022 5:00:00 AM,10/13/2022 1:00:00 AM,SERC,WEST,EKPC,EKPC,962.531,True
10/13/2022 6:00:00 AM,10/13/2022 2:00:00 AM,SERC,WEST,EKPC,EKPC,987.501,True
10/13/2022 7:00:00 AM,10/13/2022 3:00:00 AM,SERC,WEST,EKPC,EKPC,1011.453,True
10/13/2022 8:00:00 AM,10/13/2022 4:00:00 AM,SERC,WEST,EKPC,EKPC,1056.676,True
10/13/2022 9:00:00 AM,10/13/2022 5:00:00 AM,SERC,WEST,EKPC,EKPC,1065.269,True
10/13/2022 10:00:00 AM,10/13/2022 6:00:00 AM,SERC,WEST,EKPC,EKPC,1179.260,True
10/13/2022 11:00:00 AM,10/13/2022 7:00:00 AM,SERC,WEST,EKPC,EKPC,1265.508,True
10/13/2022 12:00:00 PM,10/13/2022 8:00:00 AM,SERC,WEST,EKPC,EKPC,1156.911,True
10/13/2022 1:00:00 PM,10/13/2022 9:00:00 AM,SERC,WEST,EKPC,EKPC,1168.589,True
10/13/2022 2:00:00 PM,10/13/2022 10:00:00 AM,SERC,WEST,EKPC,EKPC,1173.486,True
10/13/2022 3:00:00 PM,10/13/2022 11:00:00 AM,SERC,WEST,EKPC,EKPC,1147.365,True
10/13/2022 4:00:00 PM,10/13/2022 12:00:00 PM,SERC,WEST,EKPC,EKPC,1219.449,True
10/13/2022 5:00:00 PM,10/13/2022 1:00:00 PM,SERC,WEST,EKPC,EKPC,1152.628,True
10/13/2022 6:00:00 PM,10/13/2022 2:00:00 PM,SERC,WEST,EKPC,EKPC,1145.917,True
10/13/2022 7:00:00 PM,10/13/2022 3:00:00 PM,SERC,WEST,EKPC,EKPC,1139.389,True
10/13/2022 8:00:00 PM,10/13/2022 4:00:00 PM,SERC,WEST,EKPC,EKPC,1171.013,True
10/13/2022 9:00:00 PM,10/13/2022 5:00:00 PM,SERC,WEST,EKPC,EKPC,1167.515,True
10/13/2022 10:00:00 PM,10/13/2022 6:00:00 PM,SERC,WEST,EKPC,EKPC,1195.626,True
10/13/2022 11:00:00 PM,10/13/2022 7:00:00 PM,SERC,WEST,EKPC,EKPC,1267.860,True
10/14/2022 12:00:00 AM,10/13/2022 8:00:00 PM,SERC,WEST,EKPC,EKPC,1274.724,True
10/14/2022 1:00:00 AM,10/13/2022 9:00:00 PM,SERC,WEST,EKPC,EKPC,1232.918,True
10/14/2022 2:00:00 AM,10/13/2022 10:00:00 PM,SERC,WEST,EKPC,EKPC,1165.267,True
10/14/2022 3:00:00 AM,10/13/2022 11:00:00 PM,SERC,WEST,EKPC,EKPC,1099.064,True
10/14/2022 4:00:00 AM,10/14/2022 12:00:00 AM,SERC,WEST,EKPC,EKPC,1043.118,True
10/14/2022 5:00:00 AM,10/14/2022 1:00:00 AM,SERC,WEST,EKPC,EKPC,1023.805,True
10/14/2022 6:00:00 AM,10/14/2022 2:00:00 AM,SERC,WEST,EKPC,EKPC,1033.484,True
10/14/2022 7:00:00 AM,10/14/2022 3:00:00 AM,SERC,WEST,EKPC,EKPC,1049.392,True
10/14/2022 8:00:00 AM,10/14/2022 4:00:00 AM,SERC,WEST,EKPC,EKPC,1091.081,True
10/14/2022 9:00:00 AM,10/14/2022 5:00:00 AM,SERC,WEST,EKPC,EKPC,1162.423,True
10/14/2022 10:00:00 AM,10/14/2022 6:00:00 AM,SERC,WEST,EKPC,EKPC,1327.767,True
10/14/2022 11:00:00 AM,10/14/2022 7:00:00 AM,SERC,WEST,EKPC,EKPC,1400.310,True
10/14/2022 12:00:00 PM,10/14/2022 8:00:00 AM,SERC,WEST,EKPC,EKPC,1405.638,True
10/14/2022 1:00:00 PM,10/14/2022 9:00:00 AM,SERC,WEST,EKPC,EKPC,1318.811,True
10/14/2022 2:00:00 PM,10/14/2022 10:00:00 AM,SERC,WEST,EKPC,EKPC,1268.152,True
10/14/2022 3:00:00 PM,10/14/2022 11:00:00 AM,SERC,WEST,EKPC,EKPC,1202.780,True
10/14/2022 4:00:00 PM,10/14/2022 12:00:00 PM,SERC,WEST,EKPC,EKPC,1171.113,True
10/14/2022 5:00:00 PM,10/14/2022 1:00:00 PM,SERC,WEST,EKPC,EKPC,1141.333,True
10/14/2022 6:00:00 PM,10/14/2022 2:00:00 PM,SERC,WEST,EKPC,EKPC,1122.148,True
10/14/2022 7:00:00 PM,10/14/2022 3:00:00 PM,SERC,WEST,EKPC,EKPC,1085.994,True
10/14/2022 8:00:00 PM,10/14/2022 4:00:00 PM,SERC,WEST,EKPC,EKPC,1110.192,True
10/14/2022 9:00:00 PM,10/14/2022 5:00:00 PM,SERC,WEST,EKPC,EKPC,1123.730,True
10/14/2022 10:00:00 PM,10/14/2022 6:00:00 PM,SERC,WEST,EKPC,EKPC,1121.939,True
10/14/2022 11:00:00 PM,10/14/2022 7:00:00 PM,SERC,WEST,EKPC,EKPC,1182.204,True
10/15/2022 12:00:00 AM,10/14/2022 8:00:00 PM,SERC,WEST,EKPC,EKPC,1177.661,True
10/15/2022 1:00:00 AM,10/14/2022 9:00:00 PM,SERC,WEST,EKPC,EKPC,1168.910,True
10/15/2022 2:00:00 AM,10/14/2022 10:00:00 PM,SERC,WEST,EKPC,EKPC,1132.532,True
10/15/2022 3:00:00 AM,10/14/2022 11:00:00 PM,SERC,WEST,EKPC,EKPC,1160.859,True
10/15/2022 4:00:00 AM,10/15/2022 12:00:00 AM,SERC,WEST,EKPC,EKPC,1088.479,True
10/15/2022 5:00:00 AM,10/15/2022 1:00:00 AM,SERC,WEST,EKPC,EKPC,1075.492,True
10/15/2022 6:00:00 AM,10/15/2022 2:00:00 AM,SERC,WEST,EKPC,EKPC,990.235,True
10/15/2022 7:00:00 AM,10/15/2022 3:00:00 AM,SERC,WEST,EKPC,EKPC,1017.746,True
10/15/2022 8:00:00 AM,10/15/2022 4:00:00 AM,SERC,WEST,EKPC,EKPC,1028.266,True
10/15/2022 9:00:00 AM,10/15/2022 5:00:00 AM,SERC,WEST,EKPC,EKPC,1131.844,True
10/15/2022 10:00:00 AM,10/15/2022 6:00:00 AM,SERC,WEST,EKPC,EKPC,1078.430,True
10/15/2022 11:00:00 AM,10/15/2022 7:00:00 AM,SERC,WEST,EKPC,EKPC,1163.208,True
10/15/2022 12:00:00 PM,10/15/2022 8:00:00 AM,SERC,WEST,EKPC,EKPC,1199.995,True
10/15/2022 1:00:00 PM,10/15/2022 9:00:00 AM,SERC,WEST,EKPC,EKPC,1192.298,True
10/15/2022 2:00:00 PM,10/15/2022 10:00:00 AM,SERC,WEST,EKPC,EKPC,1154.722,True
10/15/2022 3:00:00 PM,10/15/2022 11:00:00 AM,SERC,WEST,EKPC,EKPC,1113.297,True
10/15/2022 4:00:00 PM,10/15/2022 12:00:00 PM,SERC,WEST,EKPC,EKPC,1094.510,True
10/15/2022 5:00:00 PM,10/15/2022 1:00:00 PM,SERC,WEST,EKPC,EKPC,1105.441,True
10/15/2022 6:00:00 PM,10/15/2022 2:00:00 PM,SERC,WEST,EKPC,EKPC,1100.235,True
10/15/2022 7:00:00 PM,10/15/2022 3:00:00 PM,SERC,WEST,EKPC,EKPC,1089.662,True
10/15/2022 8:00:00 PM,10/15/2022 4:00:00 PM,SERC,WEST,EKPC,EKPC,1129.827,True
10/15/2022 9:00:00 PM,10/15/2022 5:00:00 PM,SERC,WEST,EKPC,EKPC,1196.544,True
10/15/2022 10:00:00 PM,10/15/2022 6:00:00 PM,SERC,WEST,EKPC,EKPC,1234.330,True
10/15/2022 11:00:00 PM,10/15/2022 7:00:00 PM,SERC,WEST,EKPC,EKPC,1279.280,True
10/16/2022 12:00:00 AM,10/15/2022 8:00:00 PM,SERC,WEST,EKPC,EKPC,1253.932,True
10/16/2022 1:00:00 AM,10/15/2022 9:00:00 PM,SERC,WEST,EKPC,EKPC,1124.757,True
10/16/2022 2:00:00 AM,10/15/2022 10:00:00 PM,SERC,WEST,EKPC,EKPC,1132.086,True
10/16/2022 3:00:00 AM,10/15/2022 11:00:00 PM,SERC,WEST,EKPC,EKPC,1088.512,True
10/16/2022 4:00:00 AM,10/16/2022 12:00:00 AM,SERC,WEST,EKPC,EKPC,1093.490,True
10/16/2022 5:00:00 AM,10/16/2022 1:00:00 AM,SERC,WEST,EKPC,EKPC,1052.644,True
10/16/2022 6:00:00 AM,10/16/2022 2:00:00 AM,SERC,WEST,EKPC,EKPC,1066.626,True
10/16/2022 7:00:00 AM,10/16/2022 3:00:00 AM,SERC,WEST,EKPC,EKPC,1042.460,True
10/16/2022 8:00:00 AM,10/16/2022 4:00:00 AM,SERC,WEST,EKPC,EKPC,1143.583,True
10/16/2022 9:00:00 AM,10/16/2022 5:00:00 AM,SERC,WEST,EKPC,EKPC,1105.837,True
10/16/2022 10:00:00 AM,10/16/2022 6:00:00 AM,SERC,WEST,EKPC,EKPC,1177.312,True
10/16/2022 11:00:00 AM,10/16/2022 7:00:00 AM,SERC,WEST,EKPC,EKPC,1138.067,True
10/16/2022 12:00:00 PM,10/16/2022 8:00:00 AM,SERC,WEST,EKPC,EKPC,1308.176,True
10/16/2022 1:00:00 PM,10/16/2022 9:00:00 AM,SERC,WEST,EKPC,EKPC,1371.547,True
10/16/2022 2:00:00 PM,10/16/2022 10:00:00 AM,SERC,WEST,EKPC,EKPC,1319.047,True
10/16/2022 3:00:00 PM,10/16/2022 11:00:00 AM,SERC,WEST,EKPC,EKPC,1275.842,True
10/16/2022 4:00:00 PM,10/16/2022 12:00:00 PM,SERC,WEST,EKPC,EKPC,1237.397,True
10/16/2022 5:00:00 PM,10/16/2022 1:00:00 PM,SERC,WEST,EKPC,EKPC,1254.239,True
10/16/2022 6:00:00 PM,10/16/2022 2:00:00 PM,SERC,WEST,EKPC,EKPC,1149.427,True
10/16/2022 7:00:00 PM,10/16/2022 3:00:00 PM,SERC,WEST,EKPC,EKPC,1201.788,True
10/16/2022 8:00:00 PM,10/16/2022 4:00:00 PM,SERC,WEST,EKPC,EKPC,1303.711,True
10/16/2022 9:00:00 PM,10/16/2022 5:00:00 PM,SERC,WEST,EKPC,EKPC,1299.972,True
10/16/2022 10:00:00 PM,10/16/2022 6:00:00 PM,SERC,WEST,EKPC,EKPC,1334.365,True
10/16/2022 11:00:00 PM,10/16/2022 7:00:00 PM,SERC,WEST,EKPC,EKPC,1394.714,True
10/17/2022 12:00:00 AM,10/16/2022 8:00:00 PM,SERC,WEST,EKPC,EKPC,1292.968,True
10/17/2022 1:00:00 AM,10/16/2022 9:00:00 PM,SERC,WEST,EKPC,EKPC,1222.699,True
10/17/2022 2:00:00 AM,10/16/2022 10:00:00 PM,SERC,WEST,EKPC,EKPC,1129.621,True
10/17/2022 3:00:00 AM,10/16/2022 11:00:00 PM,SERC,WEST,EKPC,EKPC,1093.678,True
10/17/2022 4:00:00 AM,10/17/2022 12:00:00 AM,SERC,WEST,EKPC,EKPC,995.317,True
10/17/2022 5:00:00 AM,10/17/2022 1:00:00 AM,SERC,WEST,EKPC,EKPC,979.035,True
10/17/2022 6:00:00 AM,10/17/2022 2:00:00 AM,SERC,WEST,EKPC,EKPC,966.386,True
10/17/2022 7:00:00 AM,10/17/2022 3:00:00 AM,SERC,WEST,EKPC,EKPC,988.305,True
10/17/2022 8:00:00 AM,10/17/2022 4:00:00 AM,SERC,WEST,EKPC,EKPC,1022.605,True
10/17/2022 9:00:00 AM,10/17/2022 5:00:00 AM,SERC,WEST,EKPC,EKPC,1186.382,True
10/17/2022 10:00:00 AM,10/17/2022 6:00:00 AM,SERC,WEST,EKPC,EKPC,1395.800,True
10/17/2022 11:00:00 AM,10/17/2022 7:00:00 AM,SERC,WEST,EKPC,EKPC,1411.512,True
10/17/2022 12:00:00 PM,10/17/2022 8:00:00 AM,SERC,WEST,EKPC,EKPC,1384.568,True
10/17/2022 1:00:00 PM,10/17/2022 9:00:00 AM,SERC,WEST,EKPC,EKPC,1435.593,True
10/17/2022 2:00:00 PM,10/17/2022 10:00:00 AM,SERC,WEST,EKPC,EKPC,1384.584,True
10/17/2022 3:00:00 PM,10/17/2022 11:00:00 AM,SERC,WEST,EKPC,EKPC,1283.920,True
10/17/2022 4:00:00 PM,10/17/2022 12:00:00 PM,SERC,WEST,EKPC,EKPC,1372.316,True
10/17/2022 5:00:00 PM,10/17/2022 1:00:00 PM,SERC,WEST,EKPC,EKPC,1367.538,True
10/17/2022 6:00:00 PM,10/17/2022 2:00:00 PM,SERC,WEST,EKPC,EKPC,1289.036,True
10/17/2022 7:00:00 PM,10/17/2022 3:00:00 PM,SERC,WEST,EKPC,EKPC,1337.120,True
10/17/2022 8:00:00 PM,10/17/2022 4:00:00 PM,SERC,WEST,EKPC,EKPC,1346.264,True
10/17/2022 9:00:00 PM,10/17/2022 5:00:00 PM,SERC,WEST,EKPC,EKPC,1384.964,True
10/17/2022 10:00:00 PM,10/17/2022 6:00:00 PM,SERC,WEST,EKPC,EKPC,1416.142,True
10/17/2022 11:00:00 PM,10/17/2022 7:00:00 PM,SERC,WEST,EKPC,EKPC,1546.445,True
10/18/2022 12:00:00 AM,10/17/2022 8:00:00 PM,SERC,WEST,EKPC,EKPC,1628.357,True
10/18/2022 1:00:00 AM,10/17/2022 9:00:00 PM,SERC,WEST,EKPC,EKPC,1616.942,True
10/18/2022 2:00:00 AM,10/17/2022 10:00:00 PM,SERC,WEST,EKPC,EKPC,1544.118,True
10/18/2022 3:00:00 AM,10/17/2022 11:00:00 PM,SERC,WEST,EKPC,EKPC,1541.800,True
10/18/2022 4:00:00 AM,10/18/2022 12:00:00 AM,SERC,WEST,EKPC,EKPC,1450.724,True
10/18/2022 5:00:00 AM,10/18/2022 1:00:00 AM,SERC,WEST,EKPC,EKPC,1426.692,True
10/18/2022 6:00:00 AM,10/18/2022 2:00:00 AM,SERC,WEST,EKPC,EKPC,1444.230,True
10/18/2022 7:00:00 AM,10/18/2022 3:00:00 AM,SERC,WEST,EKPC,EKPC,1431.680,True
10/18/2022 8:00:00 AM,10/18/2022 4:00:00 AM,SERC,WEST,EKPC,EKPC,1404.308,True
10/18/2022 9:00:00 AM,10/18/2022 5:00:00 AM,SERC,WEST,EKPC,EKPC,1470.979,True
10/18/2022 10:00:00 AM,10/18/2022 6:00:00 AM,SERC,WEST,EKPC,EKPC,1662.188,True
10/18/2022 11:00:00 AM,10/18/2022 7:00:00 AM,SERC,WEST,EKPC,EKPC,1810.192,True
10/18/2022 12:00:00 PM,10/18/2022 8:00:00 AM,SERC,WEST,EKPC,EKPC,1704.239,True
10/18/2022 1:00:00 PM,10/18/2022 9:00:00 AM,SERC,WEST,EKPC,EKPC,1726.120,True
10/18/2022 2:00:00 PM,10/18/2022 10:00:00 AM,SERC,WEST,EKPC,EKPC,1747.466,True
10/18/2022 3:00:00 PM,10/18/2022 11:00:00 AM,SERC,WEST,EKPC,EKPC,1703.815,True
10/18/2022 4:00:00 PM,10/18/2022 12:00:00 PM,SERC,WEST,EKPC,EKPC,1640.058,True
10/18/2022 5:00:00 PM,10/18/2022 1:00:00 PM,SERC,WEST,EKPC,EKPC,1528.120,True
10/18/2022 6:00:00 PM,10/18/2022 2:00:00 PM,SERC,WEST,EKPC,EKPC,1525.488,True
10/18/2022 7:00:00 PM,10/18/2022 3:00:00 PM,SERC,WEST,EKPC,EKPC,1505.886,True
10/18/2022 8:00:00 PM,10/18/2022 4:00:00 PM,SERC,WEST,EKPC,EKPC,1543.341,True
10/18/2022 9:00:00 PM,10/18/2022 5:00:00 PM,SERC,WEST,EKPC,EKPC,1595.798,True
10/18/2022 10:00:00 PM,10/18/2022 6:00:00 PM,SERC,WEST,EKPC,EKPC,1592.157,True
10/18/2022 11:00:00 PM,10/18/2022 7:00:00 PM,SERC,WEST,EKPC,EKPC,1656.286,True
10/19/2022 12:00:00 AM,10/18/2022 8:00:00 PM,SERC,WEST,EKPC,EKPC,1637.338,True
10/19/2022 1:00:00 AM,10/18/2022 9:00:00 PM,SERC,WEST,EKPC,EKPC,1676.451,True
10/19/2022 2:00:00 AM,10/18/2022 10:00:00 PM,SERC,WEST,EKPC,EKPC,1570.556,True
10/19/2022 3:00:00 AM,10/18/2022 11:00:00 PM,SERC,WEST,EKPC,EKPC,1528.107,True
10/19/2022 4:00:00 AM,10/19/2022 12:00:00 AM,SERC,WEST,EKPC,EKPC,1436.406,True
10/19/2022 5:00:00 AM,10/19/2022 1:00:00 AM,SERC,WEST,EKPC,EKPC,1448.189,True
10/19/2022 6:00:00 AM,10/19/2022 2:00:00 AM,SERC,WEST,EKPC,EKPC,1457.048,True
10/19/2022 7:00:00 AM,10/19/2022 3:00:00 AM,SERC,WEST,EKPC,EKPC,1489.208,True
10/19/2022 8:00:00 AM,10/19/2022 4:00:00 AM,SERC,WEST,EKPC,EKPC,1547.222,True
10/19/2022 9:00:00 AM,10/19/2022 5:00:00 AM,SERC,WEST,EKPC,EKPC,1638.857,True
10/19/2022 10:00:00 AM,10/19/2022 6:00:00 AM,SERC,WEST,EKPC,EKPC,1695.425,True
10/19/2022 11:00:00 AM,10/19/2022 7:00:00 AM,SERC,WEST,EKPC,EKPC,1762.486,True
10/19/2022 12:00:00 PM,10/19/2022 8:00:00 AM,SERC,WEST,EKPC,EKPC,1731.269,True
10/19/2022 1:00:00 PM,10/19/2022 9:00:00 AM,SERC,WEST,EKPC,EKPC,1695.827,True
10/19/2022 2:00:00 PM,10/19/2022 10:00:00 AM,SERC,WEST,EKPC,EKPC,1698.252,True
10/19/2022 3:00:00 PM,10/19/2022 11:00:00 AM,SERC,WEST,EKPC,EKPC,1510.553,True
10/19/2022 4:00:00 PM,10/19/2022 12:00:00 PM,SERC,WEST,EKPC,EKPC,1419.444,True
10/19/2022 5:00:00 PM,10/19/2022 1:00:00 PM,SERC,WEST,EKPC,EKPC,1339.181,True
10/19/2022 6:00:00 PM,10/19/2022 2:00:00 PM,SERC,WEST,EKPC,EKPC,1303.642,True
10/19/2022 7:00:00 PM,10/19/2022 3:00:00 PM,SERC,WEST,EKPC,EKPC,1268.288,True
10/19/2022 8:00:00 PM,10/19/2022 4:00:00 PM,SERC,WEST,EKPC,EKPC,1251.800,True
10/19/2022 9:00:00 PM,10/19/2022 5:00:00 PM,SERC,WEST,EKPC,EKPC,1279.885,True
10/19/2022 10:00:00 PM,10/19/2022 6:00:00 PM,SERC,WEST,EKPC,EKPC,1350.425,True
10/19/2022 11:00:00 PM,10/19/2022 7:00:00 PM,SERC,WEST,EKPC,EKPC,1470.828,True
10/20/2022 12:00:00 AM,10/19/2022 8:00:00 PM,SERC,WEST,EKPC,EKPC,1523.894,True
10/20/2022 1:00:00 AM,10/19/2022 9:00:00 PM,SERC,WEST,EKPC,EKPC,1596.711,True
10/20/2022 2:00:00 AM,10/19/2022 10:00:00 PM,SERC,WEST,EKPC,EKPC,1545.787,True
10/20/2022 3:00:00 AM,10/19/2022 11:00:00 PM,SERC,WEST,EKPC,EKPC,1533.580,True
10/20/2022 4:00:00 AM,10/20/2022 12:00:00 AM,SERC,WEST,EKPC,EKPC,1553.969,True
10/20/2022 5:00:00 AM,10/20/2022 1:00:00 AM,SERC,WEST,EKPC,EKPC,1504.839,True
10/20/2022 6:00:00 AM,10/20/2022 2:00:00 AM,SERC,WEST,EKPC,EKPC,1569.064,True
10/20/2022 7:00:00 AM,10/20/2022 3:00:00 AM,SERC,WEST,EKPC,EKPC,1593.931,True
10/20/2022 8:00:00 AM,10/20/2022 4:00:00 AM,SERC,WEST,EKPC,EKPC,1699.264,True
10/20/2022 9:00:00 AM,10/20/2022 5:00:00 AM,SERC,WEST,EKPC,EKPC,1790.441,True
10/20/2022 10:00:00 AM,10/20/2022 6:00:00 AM,SERC,WEST,EKPC,EKPC,1985.299,True
10/20/2022 11:00:00 AM,10/20/2022 7:00:00 AM,SERC,WEST,EKPC,EKPC,1985.908,True
10/20/2022 12:00:00 PM,10/20/2022 8:00:00 AM,SERC,WEST,EKPC,EKPC,1983.973,True
10/20/2022 1:00:00 PM,10/20/2022 9:00:00 AM,SERC,WEST,EKPC,EKPC,1844.793,True
10/20/2022 2:00:00 PM,10/20/2022 10:00:00 AM,SERC,WEST,EKPC,EKPC,1620.655,True
10/20/2022 3:00:00 PM,10/20/2022 11:00:00 AM,SERC,WEST,EKPC,EKPC,1467.449,True
10/20/2022 4:00:00 PM,10/20/2022 12:00:00 PM,SERC,WEST,EKPC,EKPC,1382.519,True
10/20/2022 5:00:00 PM,10/20/2022 1:00:00 PM,SERC,WEST,EKPC,EKPC,1339.229,True
10/20/2022 6:00:00 PM,10/20/2022 2:00:00 PM,SERC,WEST,EKPC,EKPC,1320.601,True
10/20/2022 7:00:00 PM,10/20/2022 3:00:00 PM,SERC,WEST,EKPC,EKPC,1279.792,True
10/20/2022 8:00:00 PM,10/20/2022 4:00:00 PM,SERC,WEST,EKPC,EKPC,1280.548,True
10/20/2022 9:00:00 PM,10/20/2022 5:00:00 PM,SERC,WEST,EKPC,EKPC,1290.624,True
10/20/2022 10:00:00 PM,10/20/2022 6:00:00 PM,SERC,WEST,EKPC,EKPC,1338.180,True
10/20/2022 11:00:00 PM,10/20/2022 7:00:00 PM,SERC,WEST,EKPC,EKPC,1461.752,True
10/21/2022 12:00:00 AM,10/20/2022 8:00:00 PM,SERC,WEST,EKPC,EKPC,1498.977,True
10/21/2022 1:00:00 AM,10/20/2022 9:00:00 PM,SERC,WEST,EKPC,EKPC,1477.143,True
10/21/2022 2:00:00 AM,10/20/2022 10:00:00 PM,SERC,WEST,EKPC,EKPC,1468.547,True
10/21/2022 3:00:00 AM,10/20/2022 11:00:00 PM,SERC,WEST,EKPC,EKPC,1369.927,True
10/21/2022 4:00:00 AM,10/21/2022 12:00:00 AM,SERC,WEST,EKPC,EKPC,1363.862,True
10/21/2022 5:00:00 AM,10/21/2022 1:00:00 AM,SERC,WEST,EKPC,EKPC,1349.661,True
10/21/2022 6:00:00 AM,10/21/2022 2:00:00 AM,SERC,WEST,EKPC,EKPC,1354.422,True
10/21/2022 7:00:00 AM,10/21/2022 3:00:00 AM,SERC,WEST,EKPC,EKPC,1397.367,True
10/21/2022 8:00:00 AM,10/21/2022 4:00:00 AM,SERC,WEST,EKPC,EKPC,1436.566,True
10/21/2022 9:00:00 AM,10/21/2022 5:00:00 AM,SERC,WEST,EKPC,EKPC,1546.606,True
10/21/2022 10:00:00 AM,10/21/2022 6:00:00 AM,SERC,WEST,EKPC,EKPC,1702.634,True
10/21/2022 11:00:00 AM,10/21/2022 7:00:00 AM,SERC,WEST,EKPC,EKPC,1752.352,True
10/21/2022 12:00:00 PM,10/21/2022 8:00:00 AM,SERC,WEST,EKPC,EKPC,1721.790,True
10/21/2022 1:00:00 PM,10/21/2022 9:00:00 AM,SERC,WEST,EKPC,EKPC,1633.656,True
10/21/2022 2:00:00 PM,10/21/2022 10:00:00 AM,SERC,WEST,EKPC,EKPC,1456.560,True
10/21/2022 3:00:00 PM,10/21/2022 11:00:00 AM,SERC,WEST,EKPC,EKPC,1345.112,True
10/21/2022 4:00:00 PM,10/21/2022 12:00:00 PM,SERC,WEST,EKPC,EKPC,1336.972,True
10/21/2022 5:00:00 PM,10/21/2022 1:00:00 PM,SERC,WEST,EKPC,EKPC,1278.606,True
10/21/2022 6:00:00 PM,10/21/2022 2:00:00 PM,SERC,WEST,EKPC,EKPC,1262.657,True
10/21/2022 7:00:00 PM,10/21/2022 3:00:00 PM,SERC,WEST,EKPC,EKPC,1220.925,True
10/21/2022 8:00:00 PM,10/21/2022 4:00:00 PM,SERC,WEST,EKPC,EKPC,1215.431,True
10/21/2022 9:00:00 PM,10/21/2022 5:00:00 PM,SERC,WEST,EKPC,EKPC,1184.944,True
10/21/2022 10:00:00 PM,10/21/2022 6:00:00 PM,SERC,WEST,EKPC,EKPC,1218.912,True
10/21/2022 11:00:00 PM,10/21/2022 7:00:00 PM,SERC,WEST,EKPC,EKPC,1231.622,True
10/22/2022 12:00:00 AM,10/21/2022 8:00:00 PM,SERC,WEST,EKPC,EKPC,1280.532,True
10/22/2022 1:00:00 AM,10/21/2022 9:00:00 PM,SERC,WEST,EKPC,EKPC,1302.573,True
10/22/2022 2:00:00 AM,10/21/2022 10:00:00 PM,SERC,WEST,EKPC,EKPC,1291.429,True
10/22/2022 3:00:00 AM,10/21/2022 11:00:00 PM,SERC,WEST,EKPC,EKPC,1251.084,True
10/22/2022 4:00:00 AM,10/22/2022 12:00:00 AM,SERC,WEST,EKPC,EKPC,1202.428,True
10/22/2022 5:00:00 AM,10/22/2022 1:00:00 AM,SERC,WEST,EKPC,EKPC,1204.499,True
10/22/2022 6:00:00 AM,10/22/2022 2:00:00 AM,SERC,WEST,EKPC,EKPC,1185.368,True
10/22/2022 7:00:00 AM,10/22/2022 3:00:00 AM,SERC,WEST,EKPC,EKPC,1188.188,True
10/22/2022 8:00:00 AM,10/22/2022 4:00:00 AM,SERC,WEST,EKPC,EKPC,1201.234,True
10/22/2022 9:00:00 AM,10/22/2022 5:00:00 AM,SERC,WEST,EKPC,EKPC,1209.002,True
10/22/2022 10:00:00 AM,10/22/2022 6:00:00 AM,SERC,WEST,EKPC,EKPC,1310.950,True
10/22/2022 11:00:00 AM,10/22/2022 7:00:00 AM,SERC,WEST,EKPC,EKPC,1365.964,True
10/22/2022 12:00:00 PM,10/22/2022 8:00:00 AM,SERC,WEST,EKPC,EKPC,1394.967,True
10/22/2022 1:00:00 PM,10/22/2022 9:00:00 AM,SERC,WEST,EKPC,EKPC,1320.051,True
10/22/2022 2:00:00 PM,10/22/2022 10:00:00 AM,SERC,WEST,EKPC,EKPC,1287.546,True
10/22/2022 3:00:00 PM,10/22/2022 11:00:00 AM,SERC,WEST,EKPC,EKPC,1299.661,True
10/22/2022 4:00:00 PM,10/22/2022 12:00:00 PM,SERC,WEST,EKPC,EKPC,1270.052,True
10/22/2022 5:00:00 PM,10/22/2022 1:00:00 PM,SERC,WEST,EKPC,EKPC,1250.727,True
10/22/2022 6:00:00 PM,10/22/2022 2:00:00 PM,SERC,WEST,EKPC,EKPC,1180.580,True
10/22/2022 7:00:00 PM,10/22/2022 3:00:00 PM,SERC,WEST,EKPC,EKPC,1188.140,True
10/22/2022 8:00:00 PM,10/22/2022 4:00:00 PM,SERC,WEST,EKPC,EKPC,1226.449,True
10/22/2022 9:00:00 PM,10/22/2022 5:00:00 PM,SERC,WEST,EKPC,EKPC,1256.343,True
10/22/2022 10:00:00 PM,10/22/2022 6:00:00 PM,SERC,WEST,EKPC,EKPC,1291.201,True
10/22/2022 11:00:00 PM,10/22/2022 7:00:00 PM,SERC,WEST,EKPC,EKPC,1356.269,True
10/23/2022 12:00:00 AM,10/22/2022 8:00:00 PM,SERC,WEST,EKPC,EKPC,1302.592,True
10/23/2022 1:00:00 AM,10/22/2022 9:00:00 PM,SERC,WEST,EKPC,EKPC,1169.722,True
10/23/2022 2:00:00 AM,10/22/2022 10:00:00 PM,SERC,WEST,EKPC,EKPC,1070.554,True
10/23/2022 3:00:00 AM,10/22/2022 11:00:00 PM,SERC,WEST,EKPC,EKPC,1038.173,True
10/23/2022 4:00:00 AM,10/23/2022 12:00:00 AM,SERC,WEST,EKPC,EKPC,1005.130,True
10/23/2022 5:00:00 AM,10/23/2022 1:00:00 AM,SERC,WEST,EKPC,EKPC,989.770,True
10/23/2022 6:00:00 AM,10/23/2022 2:00:00 AM,SERC,WEST,EKPC,EKPC,925.624,True
10/23/2022 7:00:00 AM,10/23/2022 3:00:00 AM,SERC,WEST,EKPC,EKPC,995.806,True
10/23/2022 8:00:00 AM,10/23/2022 4:00:00 AM,SERC,WEST,EKPC,EKPC,1004.551,True
10/23/2022 9:00:00 AM,10/23/2022 5:00:00 AM,SERC,WEST,EKPC,EKPC,1087.046,True
10/23/2022 10:00:00 AM,10/23/2022 6:00:00 AM,SERC,WEST,EKPC,EKPC,1169.581,True
10/23/2022 11:00:00 AM,10/23/2022 7:00:00 AM,SERC,WEST,EKPC,EKPC,1193.496,True
10/23/2022 12:00:00 PM,10/23/2022 8:00:00 AM,SERC,WEST,EKPC,EKPC,1249.411,True
10/23/2022 1:00:00 PM,10/23/2022 9:00:00 AM,SERC,WEST,EKPC,EKPC,1190.786,True
10/23/2022 2:00:00 PM,10/23/2022 10:00:00 AM,SERC,WEST,EKPC,EKPC,1163.500,True
10/23/2022 3:00:00 PM,10/23/2022 11:00:00 AM,SERC,WEST,EKPC,EKPC,1245.283,True
10/23/2022 4:00:00 PM,10/23/2022 12:00:00 PM,SERC,WEST,EKPC,EKPC,1138.122,True
10/23/2022 5:00:00 PM,10/23/2022 1:00:00 PM,SERC,WEST,EKPC,EKPC,1126.351,True
10/23/2022 6:00:00 PM,10/23/2022 2:00:00 PM,SERC,WEST,EKPC,EKPC,1144.271,True
10/23/2022 7:00:00 PM,10/23/2022 3:00:00 PM,SERC,WEST,EKPC,EKPC,1251.804,True
10/23/2022 8:00:00 PM,10/23/2022 4:00:00 PM,SERC,WEST,EKPC,EKPC,1337.544,True
10/23/2022 9:00:00 PM,10/23/2022 5:00:00 PM,SERC,WEST,EKPC,EKPC,1392.807,True
10/23/2022 10:00:00 PM,10/23/2022 6:00:00 PM,SERC,WEST,EKPC,EKPC,1260.426,True
10/23/2022 11:00:00 PM,10/23/2022 7:00:00 PM,SERC,WEST,EKPC,EKPC,1302.550,True
10/24/2022 12:00:00 AM,10/23/2022 8:00:00 PM,SERC,WEST,EKPC,EKPC,1331.558,True
10/24/2022 1:00:00 AM,10/23/2022 9:00:00 PM,SERC,WEST,EKPC,EKPC,1261.178,True
10/24/2022 2:00:00 AM,10/23/2022 10:00:00 PM,SERC,WEST,EKPC,EKPC,1111.820,True
10/24/2022 3:00:00 AM,10/23/2022 11:00:00 PM,SERC,WEST,EKPC,EKPC,1032.758,True
10/24/2022 4:00:00 AM,10/24/2022 12:00:00 AM,SERC,WEST,EKPC,EKPC,997.816,True
10/24/2022 5:00:00 AM,10/24/2022 1:00:00 AM,SERC,WEST,EKPC,EKPC,928.334,True
10/24/2022 6:00:00 AM,10/24/2022 2:00:00 AM,SERC,WEST,EKPC,EKPC,928.859,True
10/24/2022 7:00:00 AM,10/24/2022 3:00:00 AM,SERC,WEST,EKPC,EKPC,1001.986,True
10/24/2022 8:00:00 AM,10/24/2022 4:00:00 AM,SERC,WEST,EKPC,EKPC,980.255,True
10/24/2022 9:00:00 AM,10/24/2022 5:00:00 AM,SERC,WEST,EKPC,EKPC,1153.080,True
10/24/2022 10:00:00 AM,10/24/2022 6:00:00 AM,SERC,WEST,EKPC,EKPC,1327.606,True
10/24/2022 11:00:00 AM,10/24/2022 7:00:00 AM,SERC,WEST,EKPC,EKPC,1405.705,True
10/24/2022 12:00:00 PM,10/24/2022 8:00:00 AM,SERC,WEST,EKPC,EKPC,1409.200,True
10/24/2022 1:00:00 PM,10/24/2022 9:00:00 AM,SERC,WEST,EKPC,EKPC,1351.239,True
10/24/2022 2:00:00 PM,10/24/2022 10:00:00 AM,SERC,WEST,EKPC,EKPC,1363.787,True
10/24/2022 3:00:00 PM,10/24/2022 11:00:00 AM,SERC,WEST,EKPC,EKPC,1307.363,True
10/24/2022 4:00:00 PM,10/24/2022 12:00:00 PM,SERC,WEST,EKPC,EKPC,1297.535,True
10/24/2022 5:00:00 PM,10/24/2022 1:00:00 PM,SERC,WEST,EKPC,EKPC,1278.917,True
10/24/2022 6:00:00 PM,10/24/2022 2:00:00 PM,SERC,WEST,EKPC,EKPC,1285.270,True
10/24/2022 7:00:00 PM,10/24/2022 3:00:00 PM,SERC,WEST,EKPC,EKPC,1255.186,True
10/24/2022 8:00:00 PM,10/24/2022 4:00:00 PM,SERC,WEST,EKPC,EKPC,1263.234,True
10/24/2022 9:00:00 PM,10/24/2022 5:00:00 PM,SERC,WEST,EKPC,EKPC,1280.514,True
10/24/2022 10:00:00 PM,10/24/2022 6:00:00 PM,SERC,WEST,EKPC,EKPC,1365.944,True
10/24/2022 11:00:00 PM,10/24/2022 7:00:00 PM,SERC,WEST,EKPC,EKPC,1483.572,True
10/25/2022 12:00:00 AM,10/24/2022 8:00:00 PM,SERC,WEST,EKPC,EKPC,1493.667,True
10/25/2022 1:00:00 AM,10/24/2022 9:00:00 PM,SERC,WEST,EKPC,EKPC,1391.916,True
10/25/2022 2:00:00 AM,10/24/2022 10:00:00 PM,SERC,WEST,EKPC,EKPC,1224.406,True
10/25/2022 3:00:00 AM,10/24/2022 11:00:00 PM,SERC,WEST,EKPC,EKPC,1190.353,True
10/25/2022 4:00:00 AM,10/25/2022 12:00:00 AM,SERC,WEST,EKPC,EKPC,1059.945,True
10/25/2022 5:00:00 AM,10/25/2022 1:00:00 AM,SERC,WEST,EKPC,EKPC,1069.748,True
10/25/2022 6:00:00 AM,10/25/2022 2:00:00 AM,SERC,WEST,EKPC,EKPC,998.401,True
10/25/2022 7:00:00 AM,10/25/2022 3:00:00 AM,SERC,WEST,EKPC,EKPC,971.803,True
10/25/2022 8:00:00 AM,10/25/2022 4:00:00 AM,SERC,WEST,EKPC,EKPC,1050.029,True
10/25/2022 9:00:00 AM,10/25/2022 5:00:00 AM,SERC,WEST,EKPC,EKPC,1206.535,True
10/25/2022 10:00:00 AM,10/25/2022 6:00:00 AM,SERC,WEST,EKPC,EKPC,1277.942,True
10/25/2022 11:00:00 AM,10/25/2022 7:00:00 AM,SERC,WEST,EKPC,EKPC,1310.993,True
10/25/2022 12:00:00 PM,10/25/2022 8:00:00 AM,SERC,WEST,EKPC,EKPC,1274.375,True
10/25/2022 1:00:00 PM,10/25/2022 9:00:00 AM,SERC,WEST,EKPC,EKPC,1288.612,True
10/25/2022 2:00:00 PM,10/25/2022 10:00:00 AM,SERC,WEST,EKPC,EKPC,1246.935,True
10/25/2022 3:00:00 PM,10/25/2022 11:00:00 AM,SERC,WEST,EKPC,EKPC,1278.436,True
10/25/2022 4:00:00 PM,10/25/2022 12:00:00 PM,SERC,WEST,EKPC,EKPC,1313.544,True
10/25/2022 5:00:00 PM,10/25/2022 1:00:00 PM,SERC,WEST,EKPC,EKPC,1236.856,True
10/25/2022 6:00:00 PM,10/25/2022 2:00:00 PM,SERC,WEST,EKPC,EKPC,1197.630,True
10/25/2022 7:00:00 PM,10/25/2022 3:00:00 PM,SERC,WEST,EKPC,EKPC,1224.159,True
10/25/2022 8:00:00 PM,10/25/2022 4:00:00 PM,SERC,WEST,EKPC,EKPC,1331.816,True
10/25/2022 9:00:00 PM,10/25/2022 5:00:00 PM,SERC,WEST,EKPC,EKPC,1407.198,True
10/25/2022 10:00:00 PM,10/25/2022 6:00:00 PM,SERC,WEST,EKPC,EKPC,1420.108,True
10/25/2022 11:00:00 PM,10/25/2022 7:00:00 PM,SERC,WEST,EKPC,EKPC,1467.456,True
10/26/2022 12:00:00 AM,10/25/2022 8:00:00 PM,SERC,WEST,EKPC,EKPC,1476.310,True
10/26/2022 1:00:00 AM,10/25/2022 9:00:00 PM,SERC,WEST,EKPC,EKPC,1395.712,True
10/26/2022 2:00:00 AM,10/25/2022 10:00:00 PM,SERC,WEST,EKPC,EKPC,1273.931,True
10/26/2022 3:00:00 AM,10/25/2022 11:00:00 PM,SERC,WEST,EKPC,EKPC,1190.101,True
10/26/2022 4:00:00 AM,10/26/2022 12:00:00 AM,SERC,WEST,EKPC,EKPC,1098.475,True
10/26/2022 5:00:00 AM,10/26/2022 1:00:00 AM,SERC,WEST,EKPC,EKPC,1053.075,True
10/26/2022 6:00:00 AM,10/26/2022 2:00:00 AM,SERC,WEST,EKPC,EKPC,937.116,True
10/26/2022 7:00:00 AM,10/26/2022 3:00:00 AM,SERC,WEST,EKPC,EKPC,950.706,True
10/26/2022 8:00:00 AM,10/26/2022 4:00:00 AM,SERC,WEST,EKPC,EKPC,980.427,True
10/26/2022 9:00:00 AM,10/26/2022 5:00:00 AM,SERC,WEST,EKPC,EKPC,1107.416,True
10/26/2022 10:00:00 AM,10/26/2022 6:00:00 AM,SERC,WEST,EKPC,EKPC,1202.070,True
10/26/2022 11:00:00 AM,10/26/2022 7:00:00 AM,SERC,WEST,EKPC,EKPC,1274.499,True
10/26/2022 12:00:00 PM,10/26/2022 8:00:00 AM,SERC,WEST,EKPC,EKPC,1261.631,True
10/26/2022 1:00:00 PM,10/26/2022 9:00:00 AM,SERC,WEST,EKPC,EKPC,1266.250,True
10/26/2022 2:00:00 PM,10/26/2022 10:00:00 AM,SERC,WEST,EKPC,EKPC,1277.002,True
10/26/2022 3:00:00 PM,10/26/2022 11:00:00 AM,SERC,WEST,EKPC,EKPC,1328.546,True
10/26/2022 4:00:00 PM,10/26/2022 12:00:00 PM,SERC,WEST,EKPC,EKPC,1338.126,True
10/26/2022 5:00:00 PM,10/26/2022 1:00:00 PM,SERC,WEST,EKPC,EKPC,1410.266,True
10/26/2022 6:00:00 PM,10/26/2022 2:00:00 PM,SERC,WEST,EKPC,EKPC,1443.183,True
10/26/2022 7:00:00 PM,10/26/2022 3:00:00 PM,SERC,WEST,EKPC,EKPC,1450.638,True
10/26/2022 8:00:00 PM,10/26/2022 4:00:00 PM,SERC,WEST,EKPC,EKPC,1475.905,True
10/26/2022 9:00:00 PM,10/26/2022 5:00:00 PM,SERC,WEST,EKPC,EKPC,1507.748,True
10/26/2022 10:00:00 PM,10/26/2022 6:00:00 PM,SERC,WEST,EKPC,EKPC,1537.158,True
10/26/2022 11:00:00 PM,10/26/2022 7:00:00 PM,SERC,WEST,EKPC,EKPC,1550.206,True
10/27/2022 12:00:00 AM,10/26/2022 8:00:00 PM,SERC,WEST,EKPC,EKPC,1546.467,True
10/27/2022 1:00:00 AM,10/26/2022 9:00:00 PM,SERC,WEST,EKPC,EKPC,1528.724,True
10/27/2022 2:00:00 AM,10/26/2022 10:00:00 PM,SERC,WEST,EKPC,EKPC,1426.729,True
10/27/2022 3:00:00 AM,10/26/2022 11:00:00 PM,SERC,WEST,EKPC,EKPC,1368.008,True
10/27/2022 4:00:00 AM,10/27/2022 12:00:00 AM,SERC,WEST,EKPC,EKPC,1302.622,True
10/27/2022 5:00:00 AM,10/27/2022 1:00:00 AM,SERC,WEST,EKPC,EKPC,1237.645,True
10/27/2022 6:00:00 AM,10/27/2022 2:00:00 AM,SERC,WEST,EKPC,EKPC,1205.319,True
10/27/2022 7:00:00 AM,10/27/2022 3:00:00 AM,SERC,WEST,EKPC,EKPC,1220.293,True
10/27/2022 8:00:00 AM,10/27/2022 4:00:00 AM,SERC,WEST,EKPC,EKPC,1300.981,True
10/27/2022 9:00:00 AM,10/27/2022 5:00:00 AM,SERC,WEST,EKPC,EKPC,1397.440,True
10/27/2022 10:00:00 AM,10/27/2022 6:00:00 AM,SERC,WEST,EKPC,EKPC,1552.524,True
10/27/2022 11:00:00 AM,10/27/2022 7:00:00 AM,SERC,WEST,EKPC,EKPC,1594.077,True
10/27/2022 12:00:00 PM,10/27/2022 8:00:00 AM,SERC,WEST,EKPC,EKPC,1600.095,True
10/27/2022 1:00:00 PM,10/27/2022 9:00:00 AM,SERC,WEST,EKPC,EKPC,1511.450,True
10/27/2022 2:00:00 PM,10/27/2022 10:00:00 AM,SERC,WEST,EKPC,EKPC,1399.292,True
10/27/2022 3:00:00 PM,10/27/2022 11:00:00 AM,SERC,WEST,EKPC,EKPC,1313.154,True
10/27/2022 4:00:00 PM,10/27/2022 12:00:00 PM,SERC,WEST,EKPC,EKPC,1252.567,True
10/27/2022 5:00:00 PM,10/27/2022 1:00:00 PM,SERC,WEST,EKPC,EKPC,1203.865,True
10/27/2022 6:00:00 PM,10/27/2022 2:00:00 PM,SERC,WEST,EKPC,EKPC,1168.473,True
10/27/2022 7:00:00 PM,10/27/2022 3:00:00 PM,SERC,WEST,EKPC,EKPC,1148.388,True
10/27/2022 8:00:00 PM,10/27/2022 4:00:00 PM,SERC,WEST,EKPC,EKPC,1168.480,True
10/27/2022 9:00:00 PM,10/27/2022 5:00:00 PM,SERC,WEST,EKPC,EKPC,1212.174,True
10/27/2022 10:00:00 PM,10/27/2022 6:00:00 PM,SERC,WEST,EKPC,EKPC,1310.921,True
10/27/2022 11:00:00 PM,10/27/2022 7:00:00 PM,SERC,WEST,EKPC,EKPC,1363.301,True
10/28/2022 12:00:00 AM,10/27/2022 8:00:00 PM,SERC,WEST,EKPC,EKPC,1389.761,True
10/28/2022 1:00:00 AM,10/27/2022 9:00:00 PM,SERC,WEST,EKPC,EKPC,1420.644,True
10/28/2022 2:00:00 AM,10/27/2022 10:00:00 PM,SERC,WEST,EKPC,EKPC,1375.603,True
10/28/2022 3:00:00 AM,10/27/2022 11:00:00 PM,SERC,WEST,EKPC,EKPC,1229.866,True
10/28/2022 4:00:00 AM,10/28/2022 12:00:00 AM,SERC,WEST,EKPC,EKPC,1208.442,True
10/28/2022 5:00:00 AM,10/28/2022 1:00:00 AM,SERC,WEST,EKPC,EKPC,1267.234,True
10/28/2022 6:00:00 AM,10/28/2022 2:00:00 AM,SERC,WEST,EKPC,EKPC,1239.051,True
10/28/2022 7:00:00 AM,10/28/2022 3:00:00 AM,SERC,WEST,EKPC,EKPC,1262.097,True
10/28/2022 8:00:00 AM,10/28/2022 4:00:00 AM,SERC,WEST,EKPC,EKPC,1280.731,True
10/28/2022 9:00:00 AM,10/28/2022 5:00:00 AM,SERC,WEST,EKPC,EKPC,1359.310,True
10/28/2022 10:00:00 AM,10/28/2022 6:00:00 AM,SERC,WEST,EKPC,EKPC,1518.336,True
10/28/2022 11:00:00 AM,10/28/2022 7:00:00 AM,SERC,WEST,EKPC,EKPC,1621.609,True
10/28/2022 12:00:00 PM,10/28/2022 8:00:00 AM,SERC,WEST,EKPC,EKPC,1658.454,True
10/28/2022 1:00:00 PM,10/28/2022 9:00:00 AM,SERC,WEST,EKPC,EKPC,1587.449,True
10/28/2022 2:00:00 PM,10/28/2022 10:00:00 AM,SERC,WEST,EKPC,EKPC,1473.129,True
10/28/2022 3:00:00 PM,10/28/2022 11:00:00 AM,SERC,WEST,EKPC,EKPC,1366.435,True
10/28/2022 4:00:00 PM,10/28/2022 12:00:00 PM,SERC,WEST,EKPC,EKPC,1360.711,True
10/28/2022 5:00:00 PM,10/28/2022 1:00:00 PM,SERC,WEST,EKPC,EKPC,1192.516,True
10/28/2022 6:00:00 PM,10/28/2022 2:00:00 PM,SERC,WEST,EKPC,EKPC,1163.440,True
10/28/2022 7:00:00 PM,10/28/2022 3:00:00 PM,SERC,WEST,EKPC,EKPC,1172.016,True
10/28/2022 8:00:00 PM,10/28/2022 4:00:00 PM,SERC,WEST,EKPC,EKPC,1274.325,True
10/28/2022 9:00:00 PM,10/28/2022 5:00:00 PM,SERC,WEST,EKPC,EKPC,1326.981,True
10/28/2022 10:00:00 PM,10/28/2022 6:00:00 PM,SERC,WEST,EKPC,EKPC,1303.740,True
10/28/2022 11:00:00 PM,10/28/2022 7:00:00 PM,SERC,WEST,EKPC,EKPC,1287.911,True
10/29/2022 12:00:00 AM,10/28/2022 8:00:00 PM,SERC,WEST,EKPC,EKPC,1268.055,True
10/29/2022 1:00:00 AM,10/28/2022 9:00:00 PM,SERC,WEST,EKPC,EKPC,1225.696,True
10/29/2022 2:00:00 AM,10/28/2022 10:00:00 PM,SERC,WEST,EKPC,EKPC,1177.592,True
10/29/2022 3:00:00 AM,10/28/2022 11:00:00 PM,SERC,WEST,EKPC,EKPC,1245.423,True
10/29/2022 4:00:00 AM,10/29/2022 12:00:00 AM,SERC,WEST,EKPC,EKPC,1235.163,True
10/29/2022 5:00:00 AM,10/29/2022 1:00:00 AM,SERC,WEST,EKPC,EKPC,1211.803,True
10/29/2022 6:00:00 AM,10/29/2022 2:00:00 AM,SERC,WEST,EKPC,EKPC,1230.528,True
10/29/2022 7:00:00 AM,10/29/2022 3:00:00 AM,SERC,WEST,EKPC,EKPC,1179.576,True
10/29/2022 8:00:00 AM,10/29/2022 4:00:00 AM,SERC,WEST,EKPC,EKPC,1230.590,True
10/29/2022 9:00:00 AM,10/29/2022 5:00:00 AM,SERC,WEST,EKPC,EKPC,1324.737,True
10/29/2022 10:00:00 AM,10/29/2022 6:00:00 AM,SERC,WEST,EKPC,EKPC,1396.976,True
10/29/2022 11:00:00 AM,10/29/2022 7:00:00 AM,SERC,WEST,EKPC,EKPC,1438.554,True
10/29/2022 12:00:00 PM,10/29/2022 8:00:00 AM,SERC,WEST,EKPC,EKPC,1523.706,True
10/29/2022 1:00:00 PM,10/29/2022 9:00:00 AM,SERC,WEST,EKPC,EKPC,1502.659,True
10/29/2022 2:00:00 PM,10/29/2022 10:00:00 AM,SERC,WEST,EKPC,EKPC,1353.824,True
10/29/2022 3:00:00 PM,10/29/2022 11:00:00 AM,SERC,WEST,EKPC,EKPC,1240.256,True
10/29/2022 4:00:00 PM,10/29/2022 12:00:00 PM,SERC,WEST,EKPC,EKPC,1169.577,True
10/29/2022 5:00:00 PM,10/29/2022 1:00:00 PM,SERC,WEST,EKPC,EKPC,1161.508,True
10/29/2022 6:00:00 PM,10/29/2022 2:00:00 PM,SERC,WEST,EKPC,EKPC,1205.687,True
10/29/2022 7:00:00 PM,10/29/2022 3:00:00 PM,SERC,WEST,EKPC,EKPC,1237.335,True
10/29/2022 8:00:00 PM,10/29/2022 4:00:00 PM,SERC,WEST,EKPC,EKPC,1246.018,True
10/29/2022 9:00:00 PM,10/29/2022 5:00:00 PM,SERC,WEST,EKPC,EKPC,1215.211,True
10/29/2022 10:00:00 PM,10/29/2022 6:00:00 PM,SERC,WEST,EKPC,EKPC,1210.707,True
10/29/2022 11:00:00 PM,10/29/2022 7:00:00 PM,SERC,WEST,EKPC,EKPC,1272.567,True
10/30/2022 12:00:00 AM,10/29/2022 8:00:00 PM,SERC,WEST,EKPC,EKPC,1256.242,True
10/30/2022 1:00:00 AM,10/29/2022 9:00:00 PM,SERC,WEST,EKPC,EKPC,1192.567,True
10/30/2022 2:00:00 AM,10/29/2022 10:00:00 PM,SERC,WEST,EKPC,EKPC,1168.604,True
10/30/2022 3:00:00 AM,10/29/2022 11:00:00 PM,SERC,WEST,EKPC,EKPC,1109.691,True
10/30/2022 4:00:00 AM,10/30/2022 12:00:00 AM,SERC,WEST,EKPC,EKPC,1111.853,True
10/30/2022 5:00:00 AM,10/30/2022 1:00:00 AM,SERC,WEST,EKPC,EKPC,1100.366,True
10/30/2022 6:00:00 AM,10/30/2022 2:00:00 AM,SERC,WEST,EKPC,EKPC,1043.357,True
10/30/2022 7:00:00 AM,10/30/2022 3:00:00 AM,SERC,WEST,EKPC,EKPC,990.900,True
10/30/2022 8:00:00 AM,10/30/2022 4:00:00 AM,SERC,WEST,EKPC,EKPC,1065.687,True
10/30/2022 9:00:00 AM,10/30/2022 5:00:00 AM,SERC,WEST,EKPC,EKPC,1129.427,True
10/30/2022 10:00:00 AM,10/30/2022 6:00:00 AM,SERC,WEST,EKPC,EKPC,1199.766,True
10/30/2022 11:00:00 AM,10/30/2022 7:00:00 AM,SERC,WEST,EKPC,EKPC,1260.173,True
10/30/2022 12:00:00 PM,10/30/2022 8:00:00 AM,SERC,WEST,EKPC,EKPC,1306.828,True
10/30/2022 1:00:00 PM,10/30/2022 9:00:00 AM,SERC,WEST,EKPC,EKPC,1425.578,True
10/30/2022 2:00:00 PM,10/30/2022 10:00:00 AM,SERC,WEST,EKPC,EKPC,1432.725,True
10/30/2022 3:00:00 PM,10/30/2022 11:00:00 AM,SERC,WEST,EKPC,EKPC,1400.511,True
10/30/2022 4:00:00 PM,10/30/2022 12:00:00 PM,SERC,WEST,EKPC,EKPC,1214.988,True
10/30/2022 5:00:00 PM,10/30/2022 1:00:00 PM,SERC,WEST,EKPC,EKPC,1270.836,True
10/30/2022 6:00:00 PM,10/30/2022 2:00:00 PM,SERC,WEST,EKPC,EKPC,1213.354,True
10/30/2022 7:00:00 PM,10/30/2022 3:00:00 PM,SERC,WEST,EKPC,EKPC,1287.324,True
10/30/2022 8:00:00 PM,10/30/2022 4:00:00 PM,SERC,WEST,EKPC,EKPC,1233.601,True
10/30/2022 9:00:00 PM,10/30/2022 5:00:00 PM,SERC,WEST,EKPC,EKPC,1246.541,True
10/30/2022 10:00:00 PM,10/30/2022 6:00:00 PM,SERC,WEST,EKPC,EKPC,1280.037,True
10/30/2022 11:00:00 PM,10/30/2022 7:00:00 PM,SERC,WEST,EKPC,EKPC,1360.178,True
10/31/2022 12:00:00 AM,10/30/2022 8:00:00 PM,SERC,WEST,EKPC,EKPC,1283.630,True
10/31/2022 1:00:00 AM,10/30/2022 9:00:00 PM,SERC,WEST,EKPC,EKPC,1211.739,True
10/31/2022 2:00:00 AM,10/30/2022 10:00:00 PM,SERC,WEST,EKPC,EKPC,1148.227,True
10/31/2022 3:00:00 AM,10/30/2022 11:00:00 PM,SERC,WEST,EKPC,EKPC,1063.867,True
10/31/2022 4:00:00 AM,10/31/2022 12:00:00 AM,SERC,WEST,EKPC,EKPC,1018.314,True
10/31/2022 5:00:00 AM,10/31/2022 1:00:00 AM,SERC,WEST,EKPC,EKPC,975.816,True
10/31/2022 6:00:00 AM,10/31/2022 2:00:00 AM,SERC,WEST,EKPC,EKPC,960.125,True
10/31/2022 7:00:00 AM,10/31/2022 3:00:00 AM,SERC,WEST,EKPC,EKPC,936.340,True
10/31/2022 8:00:00 AM,10/31/2022 4:00:00 AM,SERC,WEST,EKPC,EKPC,942.599,True
10/31/2022 9:00:00 AM,10/31/2022 5:00:00 AM,SERC,WEST,EKPC,EKPC,1031.286,True
10/31/2022 10:00:00 AM,10/31/2022 6:00:00 AM,SERC,WEST,EKPC,EKPC,1166.575,True
10/31/2022 11:00:00 AM,10/31/2022 7:00:00 AM,SERC,WEST,EKPC,EKPC,1216.498,True
10/31/2022 12:00:00 PM,10/31/2022 8:00:00 AM,SERC,WEST,EKPC,EKPC,1203.120,True
10/31/2022 1:00:00 PM,10/31/2022 9:00:00 AM,SERC,WEST,EKPC,EKPC,1205.185,True
10/31/2022 2:00:00 PM,10/31/2022 10:00:00 AM,SERC,WEST,EKPC,EKPC,1209.462,True
10/31/2022 3:00:00 PM,10/31/2022 11:00:00 AM,SERC,WEST,EKPC,EKPC,1213.968,True
10/31/2022 4:00:00 PM,10/31/2022 12:00:00 PM,SERC,WEST,EKPC,EKPC,1215.038,True
10/31/2022 5:00:00 PM,10/31/2022 1:00:00 PM,SERC,WEST,EKPC,EKPC,1211.398,True
10/31/2022 6:00:00 PM,10/31/2022 2:00:00 PM,SERC,WEST,EKPC,EKPC,1192.424,True
10/31/2022 7:00:00 PM,10/31/2022 3:00:00 PM,SERC,WEST,EKPC,EKPC,1195.737,True
10/31/2022 8:00:00 PM,10/31/2022 4:00:00 PM,SERC,WEST,EKPC,EKPC,1209.910,True
10/31/2022 9:00:00 PM,10/31/2022 5:00:00 PM,SERC,WEST,EKPC,EKPC,1177.535,True
10/31/2022 10:00:00 PM,10/31/2022 6:00:00 PM,SERC,WEST,EKPC,EKPC,1176.760,True
10/31/2022 11:00:00 PM,10/31/2022 7:00:00 PM,SERC,WEST,EKPC,EKPC,1218.721,True
11/1/2022 12:00:00 AM,10/31/2022 8:00:00 PM,SERC,WEST,EKPC,EKPC,1244.556,True
11/1/2022 1:00:00 AM,10/31/2022 9:00:00 PM,SERC,WEST,EKPC,EKPC,1216.232,True
11/1/2022 2:00:00 AM,10/31/2022 10:00:00 PM,SERC,WEST,EKPC,EKPC,1140.551,True
11/1/2022 3:00:00 AM,10/31/2022 11:00:00 PM,SERC,WEST,EKPC,EKPC,1066.091,True
11/1/2022 4:00:00 AM,11/1/2022 12:00:00 AM,SERC,WEST,EKPC,EKPC,999.400,True
11/1/2022 5:00:00 AM,11/1/2022 1:00:00 AM,SERC,WEST,EKPC,EKPC,948.314,True
11/1/2022 6:00:00 AM,11/1/2022 2:00:00 AM,SERC,WEST,EKPC,EKPC,968.535,True
11/1/2022 7:00:00 AM,11/1/2022 3:00:00 AM,SERC,WEST,EKPC,EKPC,1033.441,True
11/1/2022 8:00:00 AM,11/1/2022 4:00:00 AM,SERC,WEST,EKPC,EKPC,1093.051,True
11/1/2022 9:00:00 AM,11/1/2022 5:00:00 AM,SERC,WEST,EKPC,EKPC,1092.223,True
11/1/2022 10:00:00 AM,11/1/2022 6:00:00 AM,SERC,WEST,EKPC,EKPC,1184.042,True
11/1/2022 11:00:00 AM,11/1/2022 7:00:00 AM,SERC,WEST,EKPC,EKPC,1234.413,True
11/1/2022 12:00:00 PM,11/1/2022 8:00:00 AM,SERC,WEST,EKPC,EKPC,1224.940,True
11/1/2022 1:00:00 PM,11/1/2022 9:00:00 AM,SERC,WEST,EKPC,EKPC,1249.152,True
11/1/2022 2:00:00 PM,11/1/2022 10:00:00 AM,SERC,WEST,EKPC,EKPC,1317.084,True
11/1/2022 3:00:00 PM,11/1/2022 11:00:00 AM,SERC,WEST,EKPC,EKPC,1344.623,True
11/1/2022 4:00:00 PM,11/1/2022 12:00:00 PM,SERC,WEST,EKPC,EKPC,1372.520,True
11/1/2022 5:00:00 PM,11/1/2022 1:00:00 PM,SERC,WEST,EKPC,EKPC,1348.040,True
11/1/2022 6:00:00 PM,11/1/2022 2:00:00 PM,SERC,WEST,EKPC,EKPC,1294.208,True
11/1/2022 7:00:00 PM,11/1/2022 3:00:00 PM,SERC,WEST,EKPC,EKPC,1342.398,True
11/1/2022 8:00:00 PM,11/1/2022 4:00:00 PM,SERC,WEST,EKPC,EKPC,1299.231,True
11/1/2022 9:00:00 PM,11/1/2022 5:00:00 PM,SERC,WEST,EKPC,EKPC,1341.208,True
11/1/2022 10:00:00 PM,11/1/2022 6:00:00 PM,SERC,WEST,EKPC,EKPC,1358.697,True
11/1/2022 11:00:00 PM,11/1/2022 7:00:00 PM,SERC,WEST,EKPC,EKPC,1449.815,True
11/2/2022 12:00:00 AM,11/1/2022 8:00:00 PM,SERC,WEST,EKPC,EKPC,1385.963,True
11/2/2022 1:00:00 AM,11/1/2022 9:00:00 PM,SERC,WEST,EKPC,EKPC,1310.718,True
11/2/2022 2:00:00 AM,11/1/2022 10:00:00 PM,SERC,WEST,EKPC,EKPC,1220.799,True
11/2/2022 3:00:00 AM,11/1/2022 11:00:00 PM,SERC,WEST,EKPC,EKPC,1169.921,True
11/2/2022 4:00:00 AM,11/2/2022 12:00:00 AM,SERC,WEST,EKPC,EKPC,1147.008,True
11/2/2022 5:00:00 AM,11/2/2022 1:00:00 AM,SERC,WEST,EKPC,EKPC,1152.960,True
11/2/2022 6:00:00 AM,11/2/2022 2:00:00 AM,SERC,WEST,EKPC,EKPC,1177.159,True
11/2/2022 7:00:00 AM,11/2/2022 3:00:00 AM,SERC,WEST,EKPC,EKPC,1175.097,True
11/2/2022 8:00:00 AM,11/2/2022 4:00:00 AM,SERC,WEST,EKPC,EKPC,1221.358,True
11/2/2022 9:00:00 AM,11/2/2022 5:00:00 AM,SERC,WEST,EKPC,EKPC,1291.069,True
11/2/2022 10:00:00 AM,11/2/2022 6:00:00 AM,SERC,WEST,EKPC,EKPC,1409.875,True
11/2/2022 11:00:00 AM,11/2/2022 7:00:00 AM,SERC,WEST,EKPC,EKPC,1369.336,True
11/2/2022 12:00:00 PM,11/2/2022 8:00:00 AM,SERC,WEST,EKPC,EKPC,1372.452,True
11/2/2022 1:00:00 PM,11/2/2022 9:00:00 AM,SERC,WEST,EKPC,EKPC,1396.249,True
11/2/2022 2:00:00 PM,11/2/2022 10:00:00 AM,SERC,WEST,EKPC,EKPC,1411.481,True
11/2/2022 3:00:00 PM,11/2/2022 11:00:00 AM,SERC,WEST,EKPC,EKPC,1424.797,True
11/2/2022 4:00:00 PM,11/2/2022 12:00:00 PM,SERC,WEST,EKPC,EKPC,1360.269,True
11/2/2022 5:00:00 PM,11/2/2022 1:00:00 PM,SERC,WEST,EKPC,EKPC,1335.499,True
11/2/2022 6:00:00 PM,11/2/2022 2:00:00 PM,SERC,WEST,EKPC,EKPC,1310.867,True
11/2/2022 7:00:00 PM,11/2/2022 3:00:00 PM,SERC,WEST,EKPC,EKPC,1302.991,True
11/2/2022 8:00:00 PM,11/2/2022 4:00:00 PM,SERC,WEST,EKPC,EKPC,1310.397,True
11/2/2022 9:00:00 PM,11/2/2022 5:00:00 PM,SERC,WEST,EKPC,EKPC,1258.124,True
11/2/2022 10:00:00 PM,11/2/2022 6:00:00 PM,SERC,WEST,EKPC,EKPC,1369.954,True
11/2/2022 11:00:00 PM,11/2/2022 7:00:00 PM,SERC,WEST,EKPC,EKPC,1342.498,True
11/3/2022 12:00:00 AM,11/2/2022 8:00:00 PM,SERC,WEST,EKPC,EKPC,1382.042,True
11/3/2022 1:00:00 AM,11/2/2022 9:00:00 PM,SERC,WEST,EKPC,EKPC,1354.068,True
11/3/2022 2:00:00 AM,11/2/2022 10:00:00 PM,SERC,WEST,EKPC,EKPC,1288.364,True
11/3/2022 3:00:00 AM,11/2/2022 11:00:00 PM,SERC,WEST,EKPC,EKPC,1209.290,True
11/3/2022 4:00:00 AM,11/3/2022 12:00:00 AM,SERC,WEST,EKPC,EKPC,1113.184,True
11/3/2022 5:00:00 AM,11/3/2022 1:00:00 AM,SERC,WEST,EKPC,EKPC,1070.921,True
11/3/2022 6:00:00 AM,11/3/2022 2:00:00 AM,SERC,WEST,EKPC,EKPC,1137.380,True
11/3/2022 7:00:00 AM,11/3/2022 3:00:00 AM,SERC,WEST,EKPC,EKPC,1142.232,True
11/3/2022 8:00:00 AM,11/3/2022 4:00:00 AM,SERC,WEST,EKPC,EKPC,1222.603,True
11/3/2022 9:00:00 AM,11/3/2022 5:00:00 AM,SERC,WEST,EKPC,EKPC,1311.317,True
11/3/2022 10:00:00 AM,11/3/2022 6:00:00 AM,SERC,WEST,EKPC,EKPC,1460.351,True
11/3/2022 11:00:00 AM,11/3/2022 7:00:00 AM,SERC,WEST,EKPC,EKPC,1537.529,True
11/3/2022 12:00:00 PM,11/3/2022 8:00:00 AM,SERC,WEST,EKPC,EKPC,1516.455,True
11/3/2022 1:00:00 PM,11/3/2022 9:00:00 AM,SERC,WEST,EKPC,EKPC,1461.505,True
11/3/2022 2:00:00 PM,11/3/2022 10:00:00 AM,SERC,WEST,EKPC,EKPC,1267.966,True
11/3/2022 3:00:00 PM,11/3/2022 11:00:00 AM,SERC,WEST,EKPC,EKPC,1213.722,True
11/3/2022 4:00:00 PM,11/3/2022 12:00:00 PM,SERC,WEST,EKPC,EKPC,1263.779,True
11/3/2022 5:00:00 PM,11/3/2022 1:00:00 PM,SERC,WEST,EKPC,EKPC,1276.312,True
11/3/2022 6:00:00 PM,11/3/2022 2:00:00 PM,SERC,WEST,EKPC,EKPC,1291.075,True
11/3/2022 7:00:00 PM,11/3/2022 3:00:00 PM,SERC,WEST,EKPC,EKPC,1292.806,True
11/3/2022 8:00:00 PM,11/3/2022 4:00:00 PM,SERC,WEST,EKPC,EKPC,1314.518,True
11/3/2022 9:00:00 PM,11/3/2022 5:00:00 PM,SERC,WEST,EKPC,EKPC,1307.374,True
11/3/2022 10:00:00 PM,11/3/2022 6:00:00 PM,SERC,WEST,EKPC,EKPC,1246.914,True
11/3/2022 11:00:00 PM,11/3/2022 7:00:00 PM,SERC,WEST,EKPC,EKPC,1375.469,True
11/4/2022 12:00:00 AM,11/3/2022 8:00:00 PM,SERC,WEST,EKPC,EKPC,1382.317,True
11/4/2022 1:00:00 AM,11/3/2022 9:00:00 PM,SERC,WEST,EKPC,EKPC,1356.270,True
11/4/2022 2:00:00 AM,11/3/2022 10:00:00 PM,SERC,WEST,EKPC,EKPC,1246.007,True
11/4/2022 3:00:00 AM,11/3/2022 11:00:00 PM,SERC,WEST,EKPC,EKPC,1172.115,True
11/4/2022 4:00:00 AM,11/4/2022 12:00:00 AM,SERC,WEST,EKPC,EKPC,1101.894,True
11/4/2022 5:00:00 AM,11/4/2022 1:00:00 AM,SERC,WEST,EKPC,EKPC,1074.450,True
11/4/2022 6:00:00 AM,11/4/2022 2:00:00 AM,SERC,WEST,EKPC,EKPC,1071.604,True
11/4/2022 7:00:00 AM,11/4/2022 3:00:00 AM,SERC,WEST,EKPC,EKPC,990.664,True
11/4/2022 8:00:00 AM,11/4/2022 4:00:00 AM,SERC,WEST,EKPC,EKPC,998.484,True
11/4/2022 9:00:00 AM,11/4/2022 5:00:00 AM,SERC,WEST,EKPC,EKPC,1165.381,True
11/4/2022 10:00:00 AM,11/4/2022 6:00:00 AM,SERC,WEST,EKPC,EKPC,1321.237,True
11/4/2022 11:00:00 AM,11/4/2022 7:00:00 AM,SERC,WEST,EKPC,EKPC,1371.500,True
11/4/2022 12:00:00 PM,11/4/2022 8:00:00 AM,SERC,WEST,EKPC,EKPC,1288.668,True
11/4/2022 1:00:00 PM,11/4/2022 9:00:00 AM,SERC,WEST,EKPC,EKPC,1294.524,True
11/4/2022 2:00:00 PM,11/4/2022 10:00:00 AM,SERC,WEST,EKPC,EKPC,1242.400,True
11/4/2022 3:00:00 PM,11/4/2022 11:00:00 AM,SERC,WEST,EKPC,EKPC,1233.308,True
11/4/2022 4:00:00 PM,11/4/2022 12:00:00 PM,SERC,WEST,EKPC,EKPC,1257.516,True
11/4/2022 5:00:00 PM,11/4/2022 1:00:00 PM,SERC,WEST,EKPC,EKPC,1245.171,True
11/4/2022 6:00:00 PM,11/4/2022 2:00:00 PM,SERC,WEST,EKPC,EKPC,1271.554,True
11/4/2022 7:00:00 PM,11/4/2022 3:00:00 PM,SERC,WEST,EKPC,EKPC,1279.698,True
11/4/2022 8:00:00 PM,11/4/2022 4:00:00 PM,SERC,WEST,EKPC,EKPC,1302.466,True
11/4/2022 9:00:00 PM,11/4/2022 5:00:00 PM,SERC,WEST,EKPC,EKPC,1327.804,True
11/4/2022 10:00:00 PM,11/4/2022 6:00:00 PM,SERC,WEST,EKPC,EKPC,1319.234,True
11/4/2022 11:00:00 PM,11/4/2022 7:00:00 PM,SERC,WEST,EKPC,EKPC,1341.671,True
11/5/2022 12:00:00 AM,11/4/2022 8:00:00 PM,SERC,WEST,EKPC,EKPC,1323.972,True
11/5/2022 1:00:00 AM,11/4/2022 9:00:00 PM,SERC,WEST,EKPC,EKPC,1186.708,True
11/5/2022 2:00:00 AM,11/4/2022 10:00:00 PM,SERC,WEST,EKPC,EKPC,1152.270,True
11/5/2022 3:00:00 AM,11/4/2022 11:00:00 PM,SERC,WEST,EKPC,EKPC,1100.671,True
11/5/2022 4:00:00 AM,11/5/2022 12:00:00 AM,SERC,WEST,EKPC,EKPC,1041.564,True
11/5/2022 5:00:00 AM,11/5/2022 1:00:00 AM,SERC,WEST,EKPC,EKPC,1036.017,True
11/5/2022 6:00:00 AM,11/5/2022 2:00:00 AM,SERC,WEST,EKPC,EKPC,1030.040,True
11/5/2022 7:00:00 AM,11/5/2022 3:00:00 AM,SERC,WEST,EKPC,EKPC,1012.264,True
11/5/2022 8:00:00 AM,11/5/2022 4:00:00 AM,SERC,WEST,EKPC,EKPC,1020.109,True
11/5/2022 9:00:00 AM,11/5/2022 5:00:00 AM,SERC,WEST,EKPC,EKPC,1056.415,True
11/5/2022 10:00:00 AM,11/5/2022 6:00:00 AM,SERC,WEST,EKPC,EKPC,1091.779,True
11/5/2022 11:00:00 AM,11/5/2022 7:00:00 AM,SERC,WEST,EKPC,EKPC,1113.333,True
11/5/2022 12:00:00 PM,11/5/2022 8:00:00 AM,SERC,WEST,EKPC,EKPC,1114.973,True
11/5/2022 1:00:00 PM,11/5/2022 9:00:00 AM,SERC,WEST,EKPC,EKPC,1139.132,True
11/5/2022 2:00:00 PM,11/5/2022 10:00:00 AM,SERC,WEST,EKPC,EKPC,1187.311,True
11/5/2022 3:00:00 PM,11/5/2022 11:00:00 AM,SERC,WEST,EKPC,EKPC,1223.477,True
11/5/2022 4:00:00 PM,11/5/2022 12:00:00 PM,SERC,WEST,EKPC,EKPC,1245.492,True
11/5/2022 5:00:00 PM,11/5/2022 1:00:00 PM,SERC,WEST,EKPC,EKPC,1287.979,True
11/5/2022 6:00:00 PM,11/5/2022 2:00:00 PM,SERC,WEST,EKPC,EKPC,1250.881,True
11/5/2022 7:00:00 PM,11/5/2022 3:00:00 PM,SERC,WEST,EKPC,EKPC,1267.235,True
11/5/2022 8:00:00 PM,11/5/2022 4:00:00 PM,SERC,WEST,EKPC,EKPC,1286.116,True
11/5/2022 9:00:00 PM,11/5/2022 5:00:00 PM,SERC,WEST,EKPC,EKPC,1285.975,True
11/5/2022 10:00:00 PM,11/5/2022 6:00:00 PM,SERC,WEST,EKPC,EKPC,1309.348,True
11/5/2022 11:00:00 PM,11/5/2022 7:00:00 PM,SERC,WEST,EKPC,EKPC,1286.133,True
11/6/2022 12:00:00 AM,11/5/2022 8:00:00 PM,SERC,WEST,EKPC,EKPC,1305.160,True
11/6/2022 1:00:00 AM,11/5/2022 9:00:00 PM,SERC,WEST,EKPC,EKPC,1265.290,True
11/6/2022 2:00:00 AM,11/5/2022 10:00:00 PM,SERC,WEST,EKPC,EKPC,1189.172,True
11/6/2022 3:00:00 AM,11/5/2022 11:00:00 PM,SERC,WEST,EKPC,EKPC,1103.974,True
11/6/2022 4:00:00 AM,11/6/2022 12:00:00 AM,SERC,WEST,EKPC,EKPC,1063.328,True
11/6/2022 5:00:00 AM,11/6/2022 1:00:00 AM,SERC,WEST,EKPC,EKPC,1007.222,True
11/6/2022 6:00:00 AM,11/6/2022 1:00:00 AM,SERC,WEST,EKPC,EKPC,991.942,True
11/6/2022 7:00:00 AM,11/6/2022 2:00:00 AM,SERC,WEST,EKPC,EKPC,999.418,True
11/6/2022 8:00:00 AM,11/6/2022 3:00:00 AM,SERC,WEST,EKPC,EKPC,922.846,True
11/6/2022 9:00:00 AM,11/6/2022 4:00:00 AM,SERC,WEST,EKPC,EKPC,887.564,True
11/6/2022 10:00:00 AM,11/6/2022 5:00:00 AM,SERC,WEST,EKPC,EKPC,931.416,True
11/6/2022 11:00:00 AM,11/6/2022 6:00:00 AM,SERC,WEST,EKPC,EKPC,948.037,True
11/6/2022 12:00:00 PM,11/6/2022 7:00:00 AM,SERC,WEST,EKPC,EKPC,1067.693,True
11/6/2022 1:00:00 PM,11/6/2022 8:00:00 AM,SERC,WEST,EKPC,EKPC,1189.423,True
11/6/2022 2:00:00 PM,11/6/2022 9:00:00 AM,SERC,WEST,EKPC,EKPC,1265.841,True
11/6/2022 3:00:00 PM,11/6/2022 10:00:00 AM,SERC,WEST,EKPC,EKPC,1264.989,True
11/6/2022 4:00:00 PM,11/6/2022 11:00:00 AM,SERC,WEST,EKPC,EKPC,1269.103,True
11/6/2022 5:00:00 PM,11/6/2022 12:00:00 PM,SERC,WEST,EKPC,EKPC,1288.662,True
11/6/2022 6:00:00 PM,11/6/2022 1:00:00 PM,SERC,WEST,EKPC,EKPC,1290.341,True
11/6/2022 7:00:00 PM,11/6/2022 2:00:00 PM,SERC,WEST,EKPC,EKPC,1297.762,True
11/6/2022 8:00:00 PM,11/6/2022 3:00:00 PM,SERC,WEST,EKPC,EKPC,1233.935,True
11/6/2022 9:00:00 PM,11/6/2022 4:00:00 PM,SERC,WEST,EKPC,EKPC,1253.784,True
11/6/2022 10:00:00 PM,11/6/2022 5:00:00 PM,SERC,WEST,EKPC,EKPC,1323.449,True
11/6/2022 11:00:00 PM,11/6/2022 6:00:00 PM,SERC,WEST,EKPC,EKPC,1377.093,True
11/7/2022 12:00:00 AM,11/6/2022 7:00:00 PM,SERC,WEST,EKPC,EKPC,1297.935,True
11/7/2022 1:00:00 AM,11/6/2022 8:00:00 PM,SERC,WEST,EKPC,EKPC,1224.788,True
11/7/2022 2:00:00 AM,11/6/2022 9:00:00 PM,SERC,WEST,EKPC,EKPC,1190.036,True
11/7/2022 3:00:00 AM,11/6/2022 10:00:00 PM,SERC,WEST,EKPC,EKPC,1182.040,True
11/7/2022 4:00:00 AM,11/6/2022 11:00:00 PM,SERC,WEST,EKPC,EKPC,1100.200,True
11/7/2022 5:00:00 AM,11/7/2022 12:00:00 AM,SERC,WEST,EKPC,EKPC,1011.485,True
11/7/2022 6:00:00 AM,11/7/2022 1:00:00 AM,SERC,WEST,EKPC,EKPC,921.996,True
11/7/2022 7:00:00 AM,11/7/2022 2:00:00 AM,SERC,WEST,EKPC,EKPC,984.480,True
11/7/2022 8:00:00 AM,11/7/2022 3:00:00 AM,SERC,WEST,EKPC,EKPC,1000.904,True
11/7/2022 9:00:00 AM,11/7/2022 4:00:00 AM,SERC,WEST,EKPC,EKPC,1050.514,True
11/7/2022 10:00:00 AM,11/7/2022 5:00:00 AM,SERC,WEST,EKPC,EKPC,1116.567,True
11/7/2022 11:00:00 AM,11/7/2022 6:00:00 AM,SERC,WEST,EKPC,EKPC,1164.044,True
11/7/2022 12:00:00 PM,11/7/2022 7:00:00 AM,SERC,WEST,EKPC,EKPC,1197.656,True
11/7/2022 1:00:00 PM,11/7/2022 8:00:00 AM,SERC,WEST,EKPC,EKPC,1275.534,True
11/7/2022 2:00:00 PM,11/7/2022 9:00:00 AM,SERC,WEST,EKPC,EKPC,1277.390,True
11/7/2022 3:00:00 PM,11/7/2022 10:00:00 AM,SERC,WEST,EKPC,EKPC,1327.278,True
11/7/2022 4:00:00 PM,11/7/2022 11:00:00 AM,SERC,WEST,EKPC,EKPC,1222.021,True
11/7/2022 5:00:00 PM,11/7/2022 12:00:00 PM,SERC,WEST,EKPC,EKPC,1255.702,True
11/7/2022 6:00:00 PM,11/7/2022 1:00:00 PM,SERC,WEST,EKPC,EKPC,1241.877,True
11/7/2022 7:00:00 PM,11/7/2022 2:00:00 PM,SERC,WEST,EKPC,EKPC,1308.122,True
11/7/2022 8:00:00 PM,11/7/2022 3:00:00 PM,SERC,WEST,EKPC,EKPC,1349.912,True
11/7/2022 9:00:00 PM,11/7/2022 4:00:00 PM,SERC,WEST,EKPC,EKPC,1353.432,True
11/7/2022 10:00:00 PM,11/7/2022 5:00:00 PM,SERC,WEST,EKPC,EKPC,1400.394,True
11/7/2022 11:00:00 PM,11/7/2022 6:00:00 PM,SERC,WEST,EKPC,EKPC,1452.657,True
11/8/2022 12:00:00 AM,11/7/2022 7:00:00 PM,SERC,WEST,EKPC,EKPC,1426.845,True
11/8/2022 1:00:00 AM,11/7/2022 8:00:00 PM,SERC,WEST,EKPC,EKPC,1393.122,True
11/8/2022 2:00:00 AM,11/7/2022 9:00:00 PM,SERC,WEST,EKPC,EKPC,1280.344,True
11/8/2022 3:00:00 AM,11/7/2022 10:00:00 PM,SERC,WEST,EKPC,EKPC,1234.371,True
11/8/2022 4:00:00 AM,11/7/2022 11:00:00 PM,SERC,WEST,EKPC,EKPC,1115.839,True
11/8/2022 5:00:00 AM,11/8/2022 12:00:00 AM,SERC,WEST,EKPC,EKPC,1076.078,True
11/8/2022 6:00:00 AM,11/8/2022 1:00:00 AM,SERC,WEST,EKPC,EKPC,1047.896,True
11/8/2022 7:00:00 AM,11/8/2022 2:00:00 AM,SERC,WEST,EKPC,EKPC,1059.839,True
11/8/2022 8:00:00 AM,11/8/2022 3:00:00 AM,SERC,WEST,EKPC,EKPC,1118.679,True
11/8/2022 9:00:00 AM,11/8/2022 4:00:00 AM,SERC,WEST,EKPC,EKPC,1178.798,True
11/8/2022 10:00:00 AM,11/8/2022 5:00:00 AM,SERC,WEST,EKPC,EKPC,1264.166,True
11/8/2022 11:00:00 AM,11/8/2022 6:00:00 AM,SERC,WEST,EKPC,EKPC,1393.703,True
11/8/2022 12:00:00 PM,11/8/2022 7:00:00 AM,SERC,WEST,EKPC,EKPC,1465.210,True
11/8/2022 1:00:00 PM,11/8/2022 8:00:00 AM,SERC,WEST,EKPC,EKPC,1418.829,True
11/8/2022 2:00:00 PM,11/8/2022 9:00:00 AM,SERC,WEST,EKPC,EKPC,1376.040,True
11/8/2022 3:00:00 PM,11/8/2022 10:00:00 AM,SERC,WEST,EKPC,EKPC,1323.092,True
11/8/2022 4:00:00 PM,11/8/2022 11:00:00 AM,SERC,WEST,EKPC,EKPC,1254.667,True
11/8/2022 5:00:00 PM,11/8/2022 12:00:00 PM,SERC,WEST,EKPC,EKPC,1245.348,True
11/8/2022 6:00:00 PM,11/8/2022 1:00:00 PM,SERC,WEST,EKPC,EKPC,1180.982,True
11/8/2022 7:00:00 PM,11/8/2022 2:00:00 PM,SERC,WEST,EKPC,EKPC,1178.948,True
11/8/2022 8:00:00 PM,11/8/2022 3:00:00 PM,SERC,WEST,EKPC,EKPC,1194.255,True
11/8/2022 9:00:00 PM,11/8/2022 4:00:00 PM,SERC,WEST,EKPC,EKPC,1300.602,True
11/8/2022 10:00:00 PM,11/8/2022 5:00:00 PM,SERC,WEST,EKPC,EKPC,1332.272,True
11/8/2022 11:00:00 PM,11/8/2022 6:00:00 PM,SERC,WEST,EKPC,EKPC,1399.344,True
11/9/2022 12:00:00 AM,11/8/2022 7:00:00 PM,SERC,WEST,EKPC,EKPC,1360.332,True
11/9/2022 1:00:00 AM,11/8/2022 8:00:00 PM,SERC,WEST,EKPC,EKPC,1327.386,True
11/9/2022 2:00:00 AM,11/8/2022 9:00:00 PM,SERC,WEST,EKPC,EKPC,1291.951,True
11/9/2022 3:00:00 AM,11/8/2022 10:00:00 PM,SERC,WEST,EKPC,EKPC,1275.100,True
11/9/2022 4:00:00 AM,11/8/2022 11:00:00 PM,SERC,WEST,EKPC,EKPC,1236.098,True
11/9/2022 5:00:00 AM,11/9/2022 12:00:00 AM,SERC,WEST,EKPC,EKPC,1186.791,True
11/9/2022 6:00:00 AM,11/9/2022 1:00:00 AM,SERC,WEST,EKPC,EKPC,1151.283,True
11/9/2022 7:00:00 AM,11/9/2022 2:00:00 AM,SERC,WEST,EKPC,EKPC,1122.368,True
11/9/2022 8:00:00 AM,11/9/2022 3:00:00 AM,SERC,WEST,EKPC,EKPC,1139.191,True
11/9/2022 9:00:00 AM,11/9/2022 4:00:00 AM,SERC,WEST,EKPC,EKPC,1187.109,True
11/9/2022 10:00:00 AM,11/9/2022 5:00:00 AM,SERC,WEST,EKPC,EKPC,1348.607,True
11/9/2022 11:00:00 AM,11/9/2022 6:00:00 AM,SERC,WEST,EKPC,EKPC,1542.392,True
11/9/2022 12:00:00 PM,11/9/2022 7:00:00 AM,SERC,WEST,EKPC,EKPC,1585.329,True
11/9/2022 1:00:00 PM,11/9/2022 8:00:00 AM,SERC,WEST,EKPC,EKPC,1513.410,True
11/9/2022 2:00:00 PM,11/9/2022 9:00:00 AM,SERC,WEST,EKPC,EKPC,1428.570,True
11/9/2022 3:00:00 PM,11/9/2022 10:00:00 AM,SERC,WEST,EKPC,EKPC,1328.352,True
11/9/2022 4:00:00 PM,11/9/2022 11:00:00 AM,SERC,WEST,EKPC,EKPC,1278.149,True
11/9/2022 5:00:00 PM,11/9/2022 12:00:00 PM,SERC,WEST,EKPC,EKPC,1270.374,True
11/9/2022 6:00:00 PM,11/9/2022 1:00:00 PM,SERC,WEST,EKPC,EKPC,1279.754,True
11/9/2022 7:00:00 PM,11/9/2022 2:00:00 PM,SERC,WEST,EKPC,EKPC,1271.054,True
11/9/2022 8:00:00 PM,11/9/2022 3:00:00 PM,SERC,WEST,EKPC,EKPC,1265.962,True
11/9/2022 9:00:00 PM,11/9/2022 4:00:00 PM,SERC,WEST,EKPC,EKPC,1289.626,True
11/9/2022 10:00:00 PM,11/9/2022 5:00:00 PM,SERC,WEST,EKPC,EKPC,1346.512,True
11/9/2022 11:00:00 PM,11/9/2022 6:00:00 PM,SERC,WEST,EKPC,EKPC,1429.615,True
11/10/2022 12:00:00 AM,11/9/2022 7:00:00 PM,SERC,WEST,EKPC,EKPC,1396.113,True
11/10/2022 1:00:00 AM,11/9/2022 8:00:00 PM,SERC,WEST,EKPC,EKPC,1366.951,True
11/10/2022 2:00:00 AM,11/9/2022 9:00:00 PM,SERC,WEST,EKPC,EKPC,1331.552,True
11/10/2022 3:00:00 AM,11/9/2022 10:00:00 PM,SERC,WEST,EKPC,EKPC,1232.676,True
11/10/2022 4:00:00 AM,11/9/2022 11:00:00 PM,SERC,WEST,EKPC,EKPC,1154.702,True
11/10/2022 5:00:00 AM,11/10/2022 12:00:00 AM,SERC,WEST,EKPC,EKPC,1135.590,True
11/10/2022 6:00:00 AM,11/10/2022 1:00:00 AM,SERC,WEST,EKPC,EKPC,1137.162,True
11/10/2022 7:00:00 AM,11/10/2022 2:00:00 AM,SERC,WEST,EKPC,EKPC,1160.554,True
11/10/2022 8:00:00 AM,11/10/2022 3:00:00 AM,SERC,WEST,EKPC,EKPC,1132.299,True
11/10/2022 9:00:00 AM,11/10/2022 4:00:00 AM,SERC,WEST,EKPC,EKPC,1172.383,True
11/10/2022 10:00:00 AM,11/10/2022 5:00:00 AM,SERC,WEST,EKPC,EKPC,1304.496,True
11/10/2022 11:00:00 AM,11/10/2022 6:00:00 AM,SERC,WEST,EKPC,EKPC,1402.342,True
11/10/2022 12:00:00 PM,11/10/2022 7:00:00 AM,SERC,WEST,EKPC,EKPC,1482.804,True
11/10/2022 1:00:00 PM,11/10/2022 8:00:00 AM,SERC,WEST,EKPC,EKPC,1452.713,True
11/10/2022 2:00:00 PM,11/10/2022 9:00:00 AM,SERC,WEST,EKPC,EKPC,1404.750,True
11/10/2022 3:00:00 PM,11/10/2022 10:00:00 AM,SERC,WEST,EKPC,EKPC,1255.369,True
11/10/2022 4:00:00 PM,11/10/2022 11:00:00 AM,SERC,WEST,EKPC,EKPC,1265.856,True
11/10/2022 5:00:00 PM,11/10/2022 12:00:00 PM,SERC,WEST,EKPC,EKPC,1275.035,True
11/10/2022 6:00:00 PM,11/10/2022 1:00:00 PM,SERC,WEST,EKPC,EKPC,1274.154,True
11/10/2022 7:00:00 PM,11/10/2022 2:00:00 PM,SERC,WEST,EKPC,EKPC,1269.924,True
11/10/2022 8:00:00 PM,11/10/2022 3:00:00 PM,SERC,WEST,EKPC,EKPC,1279.502,True
11/10/2022 9:00:00 PM,11/10/2022 4:00:00 PM,SERC,WEST,EKPC,EKPC,1311.531,True
11/10/2022 10:00:00 PM,11/10/2022 5:00:00 PM,SERC,WEST,EKPC,EKPC,1352.946,True
11/10/2022 11:00:00 PM,11/10/2022 6:00:00 PM,SERC,WEST,EKPC,EKPC,1427.199,True
11/11/2022 12:00:00 AM,11/10/2022 7:00:00 PM,SERC,WEST,EKPC,EKPC,1409.155,True
11/11/2022 1:00:00 AM,11/10/2022 8:00:00 PM,SERC,WEST,EKPC,EKPC,1387.140,True
11/11/2022 2:00:00 AM,11/10/2022 9:00:00 PM,SERC,WEST,EKPC,EKPC,1340.802,True
11/11/2022 3:00:00 AM,11/10/2022 10:00:00 PM,SERC,WEST,EKPC,EKPC,1233.327,True
11/11/2022 4:00:00 AM,11/10/2022 11:00:00 PM,SERC,WEST,EKPC,EKPC,1129.618,True
11/11/2022 5:00:00 AM,11/11/2022 12:00:00 AM,SERC,WEST,EKPC,EKPC,1084.984,True
11/11/2022 6:00:00 AM,11/11/2022 1:00:00 AM,SERC,WEST,EKPC,EKPC,1083.413,True
11/11/2022 7:00:00 AM,11/11/2022 2:00:00 AM,SERC,WEST,EKPC,EKPC,1070.262,True
11/11/2022 8:00:00 AM,11/11/2022 3:00:00 AM,SERC,WEST,EKPC,EKPC,1075.320,True
11/11/2022 9:00:00 AM,11/11/2022 4:00:00 AM,SERC,WEST,EKPC,EKPC,1080.934,True
11/11/2022 10:00:00 AM,11/11/2022 5:00:00 AM,SERC,WEST,EKPC,EKPC,1081.958,True
11/11/2022 11:00:00 AM,11/11/2022 6:00:00 AM,SERC,WEST,EKPC,EKPC,1188.428,True
11/11/2022 12:00:00 PM,11/11/2022 7:00:00 AM,SERC,WEST,EKPC,EKPC,1273.896,True
11/11/2022 1:00:00 PM,11/11/2022 8:00:00 AM,SERC,WEST,EKPC,EKPC,1241.225,True
11/11/2022 2:00:00 PM,11/11/2022 9:00:00 AM,SERC,WEST,EKPC,EKPC,1325.389,True
11/11/2022 3:00:00 PM,11/11/2022 10:00:00 AM,SERC,WEST,EKPC,EKPC,1316.364,True
11/11/2022 4:00:00 PM,11/11/2022 11:00:00 AM,SERC,WEST,EKPC,EKPC,1332.944,True
11/11/2022 5:00:00 PM,11/11/2022 12:00:00 PM,SERC,WEST,EKPC,EKPC,1353.363,True
11/11/2022 6:00:00 PM,11/11/2022 1:00:00 PM,SERC,WEST,EKPC,EKPC,1336.790,True
11/11/2022 7:00:00 PM,11/11/2022 2:00:00 PM,SERC,WEST,EKPC,EKPC,1313.503,True
11/11/2022 8:00:00 PM,11/11/2022 3:00:00 PM,SERC,WEST,EKPC,EKPC,1332.274,True
11/11/2022 9:00:00 PM,11/11/2022 4:00:00 PM,SERC,WEST,EKPC,EKPC,1330.186,True
11/11/2022 10:00:00 PM,11/11/2022 5:00:00 PM,SERC,WEST,EKPC,EKPC,1361.175,True
11/11/2022 11:00:00 PM,11/11/2022 6:00:00 PM,SERC,WEST,EKPC,EKPC,1338.650,True
11/12/2022 12:00:00 AM,11/11/2022 7:00:00 PM,SERC,WEST,EKPC,EKPC,1350.859,True
11/12/2022 1:00:00 AM,11/11/2022 8:00:00 PM,SERC,WEST,EKPC,EKPC,1316.792,True
11/12/2022 2:00:00 AM,11/11/2022 9:00:00 PM,SERC,WEST,EKPC,EKPC,1312.215,True
11/12/2022 3:00:00 AM,11/11/2022 10:00:00 PM,SERC,WEST,EKPC,EKPC,1275.233,True
11/12/2022 4:00:00 AM,11/11/2022 11:00:00 PM,SERC,WEST,EKPC,EKPC,1207.277,True
11/12/2022 5:00:00 AM,11/12/2022 12:00:00 AM,SERC,WEST,EKPC,EKPC,1155.628,True
11/12/2022 6:00:00 AM,11/12/2022 1:00:00 AM,SERC,WEST,EKPC,EKPC,1096.001,True
11/12/2022 7:00:00 AM,11/12/2022 2:00:00 AM,SERC,WEST,EKPC,EKPC,1124.631,True
11/12/2022 8:00:00 AM,11/12/2022 3:00:00 AM,SERC,WEST,EKPC,EKPC,1139.389,True
11/12/2022 9:00:00 AM,11/12/2022 4:00:00 AM,SERC,WEST,EKPC,EKPC,1209.001,True
11/12/2022 10:00:00 AM,11/12/2022 5:00:00 AM,SERC,WEST,EKPC,EKPC,1258.286,True
11/12/2022 11:00:00 AM,11/12/2022 6:00:00 AM,SERC,WEST,EKPC,EKPC,1331.367,True
11/12/2022 12:00:00 PM,11/12/2022 7:00:00 AM,SERC,WEST,EKPC,EKPC,1424.826,True
11/12/2022 1:00:00 PM,11/12/2022 8:00:00 AM,SERC,WEST,EKPC,EKPC,1543.331,True
11/12/2022 2:00:00 PM,11/12/2022 9:00:00 AM,SERC,WEST,EKPC,EKPC,1648.224,True
11/12/2022 3:00:00 PM,11/12/2022 10:00:00 AM,SERC,WEST,EKPC,EKPC,1713.497,True
11/12/2022 4:00:00 PM,11/12/2022 11:00:00 AM,SERC,WEST,EKPC,EKPC,1655.908,True
11/12/2022 5:00:00 PM,11/12/2022 12:00:00 PM,SERC,WEST,EKPC,EKPC,1701.553,True
11/12/2022 6:00:00 PM,11/12/2022 1:00:00 PM,SERC,WEST,EKPC,EKPC,1760.640,True
11/12/2022 7:00:00 PM,11/12/2022 2:00:00 PM,SERC,WEST,EKPC,EKPC,1787.776,True
11/12/2022 8:00:00 PM,11/12/2022 3:00:00 PM,SERC,WEST,EKPC,EKPC,1808.304,True
11/12/2022 9:00:00 PM,11/12/2022 4:00:00 PM,SERC,WEST,EKPC,EKPC,1836.355,True
11/12/2022 10:00:00 PM,11/12/2022 5:00:00 PM,SERC,WEST,EKPC,EKPC,1849.699,True
11/12/2022 11:00:00 PM,11/12/2022 6:00:00 PM,SERC,WEST,EKPC,EKPC,1800.127,True
11/13/2022 12:00:00 AM,11/12/2022 7:00:00 PM,SERC,WEST,EKPC,EKPC,1854.453,True
11/13/2022 1:00:00 AM,11/12/2022 8:00:00 PM,SERC,WEST,EKPC,EKPC,1790.657,True
11/13/2022 2:00:00 AM,11/12/2022 9:00:00 PM,SERC,WEST,EKPC,EKPC,1779.399,True
11/13/2022 3:00:00 AM,11/12/2022 10:00:00 PM,SERC,WEST,EKPC,EKPC,1786.205,True
11/13/2022 4:00:00 AM,11/12/2022 11:00:00 PM,SERC,WEST,EKPC,EKPC,1742.107,True
11/13/2022 5:00:00 AM,11/13/2022 12:00:00 AM,SERC,WEST,EKPC,EKPC,1605.661,True
11/13/2022 6:00:00 AM,11/13/2022 1:00:00 AM,SERC,WEST,EKPC,EKPC,1601.377,True
11/13/2022 7:00:00 AM,11/13/2022 2:00:00 AM,SERC,WEST,EKPC,EKPC,1681.724,True
11/13/2022 8:00:00 AM,11/13/2022 3:00:00 AM,SERC,WEST,EKPC,EKPC,1718.845,True
11/13/2022 9:00:00 AM,11/13/2022 4:00:00 AM,SERC,WEST,EKPC,EKPC,1673.303,True
11/13/2022 10:00:00 AM,11/13/2022 5:00:00 AM,SERC,WEST,EKPC,EKPC,1709.868,True
11/13/2022 11:00:00 AM,11/13/2022 6:00:00 AM,SERC,WEST,EKPC,EKPC,1771.237,True
11/13/2022 12:00:00 PM,11/13/2022 7:00:00 AM,SERC,WEST,EKPC,EKPC,1835.631,True
11/13/2022 1:00:00 PM,11/13/2022 8:00:00 AM,SERC,WEST,EKPC,EKPC,1933.794,True
11/13/2022 2:00:00 PM,11/13/2022 9:00:00 AM,SERC,WEST,EKPC,EKPC,1877.153,True
11/13/2022 3:00:00 PM,11/13/2022 10:00:00 AM,SERC,WEST,EKPC,EKPC,1846.140,True
11/13/2022 4:00:00 PM,11/13/2022 11:00:00 AM,SERC,WEST,EKPC,EKPC,1849.320,True
11/13/2022 5:00:00 PM,11/13/2022 12:00:00 PM,SERC,WEST,EKPC,EKPC,1845.947,True
11/13/2022 6:00:00 PM,11/13/2022 1:00:00 PM,SERC,WEST,EKPC,EKPC,1751.450,True
11/13/2022 7:00:00 PM,11/13/2022 2:00:00 PM,SERC,WEST,EKPC,EKPC,1810.089,True
11/13/2022 8:00:00 PM,11/13/2022 3:00:00 PM,SERC,WEST,EKPC,EKPC,1808.284,True
11/13/2022 9:00:00 PM,11/13/2022 4:00:00 PM,SERC,WEST,EKPC,EKPC,1815.327,True
11/13/2022 10:00:00 PM,11/13/2022 5:00:00 PM,SERC,WEST,EKPC,EKPC,1813.846,True
11/13/2022 11:00:00 PM,11/13/2022 6:00:00 PM,SERC,WEST,EKPC,EKPC,1852.670,True
11/14/2022 12:00:00 AM,11/13/2022 7:00:00 PM,SERC,WEST,EKPC,EKPC,1901.215,True
11/14/2022 1:00:00 AM,11/13/2022 8:00:00 PM,SERC,WEST,EKPC,EKPC,1800.345,True
11/14/2022 2:00:00 AM,11/13/2022 9:00:00 PM,SERC,WEST,EKPC,EKPC,1766.869,True
11/14/2022 3:00:00 AM,11/13/2022 10:00:00 PM,SERC,WEST,EKPC,EKPC,1789.231,True
11/14/2022 4:00:00 AM,11/13/2022 11:00:00 PM,SERC,WEST,EKPC,EKPC,1734.557,True
11/14/2022 5:00:00 AM,11/14/2022 12:00:00 AM,SERC,WEST,EKPC,EKPC,1689.351,True
11/14/2022 6:00:00 AM,11/14/2022 1:00:00 AM,SERC,WEST,EKPC,EKPC,1711.348,True
11/14/2022 7:00:00 AM,11/14/2022 2:00:00 AM,SERC,WEST,EKPC,EKPC,1745.930,True
11/14/2022 8:00:00 AM,11/14/2022 3:00:00 AM,SERC,WEST,EKPC,EKPC,1807.715,True
11/14/2022 9:00:00 AM,11/14/2022 4:00:00 AM,SERC,WEST,EKPC,EKPC,1843.095,True
11/14/2022 10:00:00 AM,11/14/2022 5:00:00 AM,SERC,WEST,EKPC,EKPC,1978.207,True
11/14/2022 11:00:00 AM,11/14/2022 6:00:00 AM,SERC,WEST,EKPC,EKPC,2182.148,True
11/14/2022 12:00:00 PM,11/14/2022 7:00:00 AM,SERC,WEST,EKPC,EKPC,2224.170,True
11/14/2022 1:00:00 PM,11/14/2022 8:00:00 AM,SERC,WEST,EKPC,EKPC,2127.605,True
11/14/2022 2:00:00 PM,11/14/2022 9:00:00 AM,SERC,WEST,EKPC,EKPC,1945.989,True
11/14/2022 3:00:00 PM,11/14/2022 10:00:00 AM,SERC,WEST,EKPC,EKPC,1792.551,True
11/14/2022 4:00:00 PM,11/14/2022 11:00:00 AM,SERC,WEST,EKPC,EKPC,1684.876,True
11/14/2022 5:00:00 PM,11/14/2022 12:00:00 PM,SERC,WEST,EKPC,EKPC,1618.652,True
11/14/2022 6:00:00 PM,11/14/2022 1:00:00 PM,SERC,WEST,EKPC,EKPC,1554.191,True
11/14/2022 7:00:00 PM,11/14/2022 2:00:00 PM,SERC,WEST,EKPC,EKPC,1471.929,True
11/14/2022 8:00:00 PM,11/14/2022 3:00:00 PM,SERC,WEST,EKPC,EKPC,1476.317,True
11/14/2022 9:00:00 PM,11/14/2022 4:00:00 PM,SERC,WEST,EKPC,EKPC,1556.812,True
11/14/2022 10:00:00 PM,11/14/2022 5:00:00 PM,SERC,WEST,EKPC,EKPC,1686.257,True
11/14/2022 11:00:00 PM,11/14/2022 6:00:00 PM,SERC,WEST,EKPC,EKPC,1806.345,True
11/15/2022 12:00:00 AM,11/14/2022 7:00:00 PM,SERC,WEST,EKPC,EKPC,1830.098,True
11/15/2022 1:00:00 AM,11/14/2022 8:00:00 PM,SERC,WEST,EKPC,EKPC,1872.528,True
11/15/2022 2:00:00 AM,11/14/2022 9:00:00 PM,SERC,WEST,EKPC,EKPC,1736.475,True
11/15/2022 3:00:00 AM,11/14/2022 10:00:00 PM,SERC,WEST,EKPC,EKPC,1762.124,True
11/15/2022 4:00:00 AM,11/14/2022 11:00:00 PM,SERC,WEST,EKPC,EKPC,1688.667,True
11/15/2022 5:00:00 AM,11/15/2022 12:00:00 AM,SERC,WEST,EKPC,EKPC,1529.627,True
11/15/2022 6:00:00 AM,11/15/2022 1:00:00 AM,SERC,WEST,EKPC,EKPC,1523.578,True
11/15/2022 7:00:00 AM,11/15/2022 2:00:00 AM,SERC,WEST,EKPC,EKPC,1572.085,True
11/15/2022 8:00:00 AM,11/15/2022 3:00:00 AM,SERC,WEST,EKPC,EKPC,1571.076,True
11/15/2022 9:00:00 AM,11/15/2022 4:00:00 AM,SERC,WEST,EKPC,EKPC,1620.772,True
11/15/2022 10:00:00 AM,11/15/2022 5:00:00 AM,SERC,WEST,EKPC,EKPC,1619.656,True
11/15/2022 11:00:00 AM,11/15/2022 6:00:00 AM,SERC,WEST,EKPC,EKPC,1746.654,True
11/15/2022 12:00:00 PM,11/15/2022 7:00:00 AM,SERC,WEST,EKPC,EKPC,1763.546,True
11/15/2022 1:00:00 PM,11/15/2022 8:00:00 AM,SERC,WEST,EKPC,EKPC,1731.304,True
11/15/2022 2:00:00 PM,11/15/2022 9:00:00 AM,SERC,WEST,EKPC,EKPC,1713.920,True
11/15/2022 3:00:00 PM,11/15/2022 10:00:00 AM,SERC,WEST,EKPC,EKPC,1693.264,True
11/15/2022 4:00:00 PM,11/15/2022 11:00:00 AM,SERC,WEST,EKPC,EKPC,1615.461,True
11/15/2022 5:00:00 PM,11/15/2022 12:00:00 PM,SERC,WEST,EKPC,EKPC,1638.763,True
11/15/2022 6:00:00 PM,11/15/2022 1:00:00 PM,SERC,WEST,EKPC,EKPC,1625.359,True
11/15/2022 7:00:00 PM,11/15/2022 2:00:00 PM,SERC,WEST,EKPC,EKPC,1598.358,True
11/15/2022 8:00:00 PM,11/15/2022 3:00:00 PM,SERC,WEST,EKPC,EKPC,1588.734,True
11/15/2022 9:00:00 PM,11/15/2022 4:00:00 PM,SERC,WEST,EKPC,EKPC,1617.200,True
11/15/2022 10:00:00 PM,11/15/2022 5:00:00 PM,SERC,WEST,EKPC,EKPC,1682.104,True
11/15/2022 11:00:00 PM,11/15/2022 6:00:00 PM,SERC,WEST,EKPC,EKPC,1693.129,True
11/16/2022 12:00:00 AM,11/15/2022 7:00:00 PM,SERC,WEST,EKPC,EKPC,1685.423,True
11/16/2022 1:00:00 AM,11/15/2022 8:00:00 PM,SERC,WEST,EKPC,EKPC,1657.983,True
11/16/2022 2:00:00 AM,11/15/2022 9:00:00 PM,SERC,WEST,EKPC,EKPC,1614.118,True
11/16/2022 3:00:00 AM,11/15/2022 10:00:00 PM,SERC,WEST,EKPC,EKPC,1526.655,True
11/16/2022 4:00:00 AM,11/15/2022 11:00:00 PM,SERC,WEST,EKPC,EKPC,1464.903,True
11/16/2022 5:00:00 AM,11/16/2022 12:00:00 AM,SERC,WEST,EKPC,EKPC,1421.416,True
11/16/2022 6:00:00 AM,11/16/2022 1:00:00 AM,SERC,WEST,EKPC,EKPC,1431.544,True
11/16/2022 7:00:00 AM,11/16/2022 2:00:00 AM,SERC,WEST,EKPC,EKPC,1452.168,True
11/16/2022 8:00:00 AM,11/16/2022 3:00:00 AM,SERC,WEST,EKPC,EKPC,1464.754,True
11/16/2022 9:00:00 AM,11/16/2022 4:00:00 AM,SERC,WEST,EKPC,EKPC,1512.072,True
11/16/2022 10:00:00 AM,11/16/2022 5:00:00 AM,SERC,WEST,EKPC,EKPC,1592.758,True
11/16/2022 11:00:00 AM,11/16/2022 6:00:00 AM,SERC,WEST,EKPC,EKPC,1748.869,True
11/16/2022 12:00:00 PM,11/16/2022 7:00:00 AM,SERC,WEST,EKPC,EKPC,1800.934,True
11/16/2022 1:00:00 PM,11/16/2022 8:00:00 AM,SERC,WEST,EKPC,EKPC,1767.814,True
11/16/2022 2:00:00 PM,11/16/2022 9:00:00 AM,SERC,WEST,EKPC,EKPC,1753.455,True
11/16/2022 3:00:00 PM,11/16/2022 10:00:00 AM,SERC,WEST,EKPC,EKPC,1733.197,True
11/16/2022 4:00:00 PM,11/16/2022 11:00:00 AM,SERC,WEST,EKPC,EKPC,1701.588,True
11/16/2022 5:00:00 PM,11/16/2022 12:00:00 PM,SERC,WEST,EKPC,EKPC,1703.318,True
11/16/2022 6:00:00 PM,11/16/2022 1:00:00 PM,SERC,WEST,EKPC,EKPC,1674.408,True
11/16/2022 7:00:00 PM,11/16/2022 2:00:00 PM,SERC,WEST,EKPC,EKPC,1626.519,True
11/16/2022 8:00:00 PM,11/16/2022 3:00:00 PM,SERC,WEST,EKPC,EKPC,1661.032,True
11/16/2022 9:00:00 PM,11/16/2022 4:00:00 PM,SERC,WEST,EKPC,EKPC,1734.199,True
11/16/2022 10:00:00 PM,11/16/2022 5:00:00 PM,SERC,WEST,EKPC,EKPC,1813.590,True
11/16/2022 11:00:00 PM,11/16/2022 6:00:00 PM,SERC,WEST,EKPC,EKPC,1852.687,True
11/17/2022 12:00:00 AM,11/16/2022 7:00:00 PM,SERC,WEST,EKPC,EKPC,1855.802,True
11/17/2022 1:00:00 AM,11/16/2022 8:00:00 PM,SERC,WEST,EKPC,EKPC,1853.647,True
11/17/2022 2:00:00 AM,11/16/2022 9:00:00 PM,SERC,WEST,EKPC,EKPC,1825.575,True
11/17/2022 3:00:00 AM,11/16/2022 10:00:00 PM,SERC,WEST,EKPC,EKPC,1745.536,True
11/17/2022 4:00:00 AM,11/16/2022 11:00:00 PM,SERC,WEST,EKPC,EKPC,1724.247,True
11/17/2022 5:00:00 AM,11/17/2022 12:00:00 AM,SERC,WEST,EKPC,EKPC,1709.580,True
11/17/2022 6:00:00 AM,11/17/2022 1:00:00 AM,SERC,WEST,EKPC,EKPC,1720.377,True
11/17/2022 7:00:00 AM,11/17/2022 2:00:00 AM,SERC,WEST,EKPC,EKPC,1753.144,True
11/17/2022 8:00:00 AM,11/17/2022 3:00:00 AM,SERC,WEST,EKPC,EKPC,1783.553,True
11/17/2022 9:00:00 AM,11/17/2022 4:00:00 AM,SERC,WEST,EKPC,EKPC,1844.427,True
11/17/2022 10:00:00 AM,11/17/2022 5:00:00 AM,SERC,WEST,EKPC,EKPC,1981.444,True
11/17/2022 11:00:00 AM,11/17/2022 6:00:00 AM,SERC,WEST,EKPC,EKPC,2108.791,True
11/17/2022 12:00:00 PM,11/17/2022 7:00:00 AM,SERC,WEST,EKPC,EKPC,2134.695,True
11/17/2022 1:00:00 PM,11/17/2022 8:00:00 AM,SERC,WEST,EKPC,EKPC,2119.908,True
11/17/2022 2:00:00 PM,11/17/2022 9:00:00 AM,SERC,WEST,EKPC,EKPC,2045.220,True
11/17/2022 3:00:00 PM,11/17/2022 10:00:00 AM,SERC,WEST,EKPC,EKPC,1930.333,True
11/17/2022 4:00:00 PM,11/17/2022 11:00:00 AM,SERC,WEST,EKPC,EKPC,1886.479,True
11/17/2022 5:00:00 PM,11/17/2022 12:00:00 PM,SERC,WEST,EKPC,EKPC,1882.308,True
11/17/2022 6:00:00 PM,11/17/2022 1:00:00 PM,SERC,WEST,EKPC,EKPC,1837.013,True
11/17/2022 7:00:00 PM,11/17/2022 2:00:00 PM,SERC,WEST,EKPC,EKPC,1808.126,True
11/17/2022 8:00:00 PM,11/17/2022 3:00:00 PM,SERC,WEST,EKPC,EKPC,1802.961,True
11/17/2022 9:00:00 PM,11/17/2022 4:00:00 PM,SERC,WEST,EKPC,EKPC,1881.185,True
11/17/2022 10:00:00 PM,11/17/2022 5:00:00 PM,SERC,WEST,EKPC,EKPC,2014.795,True
11/17/2022 11:00:00 PM,11/17/2022 6:00:00 PM,SERC,WEST,EKPC,EKPC,2113.588,True
11/18/2022 12:00:00 AM,11/17/2022 7:00:00 PM,SERC,WEST,EKPC,EKPC,2156.040,True
11/18/2022 1:00:00 AM,11/17/2022 8:00:00 PM,SERC,WEST,EKPC,EKPC,2119.196,True
11/18/2022 2:00:00 AM,11/17/2022 9:00:00 PM,SERC,WEST,EKPC,EKPC,2135.964,True
11/18/2022 3:00:00 AM,11/17/2022 10:00:00 PM,SERC,WEST,EKPC,EKPC,2101.386,True
11/18/2022 4:00:00 AM,11/17/2022 11:00:00 PM,SERC,WEST,EKPC,EKPC,2083.263,True
11/18/2022 5:00:00 AM,11/18/2022 12:00:00 AM,SERC,WEST,EKPC,EKPC,2045.035,True
11/18/2022 6:00:00 AM,11/18/2022 1:00:00 AM,SERC,WEST,EKPC,EKPC,2073.337,True
11/18/2022 7:00:00 AM,11/18/2022 2:00:00 AM,SERC,WEST,EKPC,EKPC,1998.714,True
11/18/2022 8:00:00 AM,11/18/2022 3:00:00 AM,SERC,WEST,EKPC,EKPC,2042.269,True
11/18/2022 9:00:00 AM,11/18/2022 4:00:00 AM,SERC,WEST,EKPC,EKPC,2044.689,True
11/18/2022 10:00:00 AM,11/18/2022 5:00:00 AM,SERC,WEST,EKPC,EKPC,2106.709,True
11/18/2022 11:00:00 AM,11/18/2022 6:00:00 AM,SERC,WEST,EKPC,EKPC,2189.686,True
11/18/2022 12:00:00 PM,11/18/2022 7:00:00 AM,SERC,WEST,EKPC,EKPC,2151.625,True
11/18/2022 1:00:00 PM,11/18/2022 8:00:00 AM,SERC,WEST,EKPC,EKPC,2082.854,True
11/18/2022 2:00:00 PM,11/18/2022 9:00:00 AM,SERC,WEST,EKPC,EKPC,2052.980,True
11/18/2022 3:00:00 PM,11/18/2022 10:00:00 AM,SERC,WEST,EKPC,EKPC,2013.851,True
11/18/2022 4:00:00 PM,11/18/2022 11:00:00 AM,SERC,WEST,EKPC,EKPC,2034.131,True
11/18/2022 5:00:00 PM,11/18/2022 12:00:00 PM,SERC,WEST,EKPC,EKPC,1990.431,True
11/18/2022 6:00:00 PM,11/18/2022 1:00:00 PM,SERC,WEST,EKPC,EKPC,1893.906,True
11/18/2022 7:00:00 PM,11/18/2022 2:00:00 PM,SERC,WEST,EKPC,EKPC,1827.110,True
11/18/2022 8:00:00 PM,11/18/2022 3:00:00 PM,SERC,WEST,EKPC,EKPC,1796.869,True
11/18/2022 9:00:00 PM,11/18/2022 4:00:00 PM,SERC,WEST,EKPC,EKPC,1825.349,True
11/18/2022 10:00:00 PM,11/18/2022 5:00:00 PM,SERC,WEST,EKPC,EKPC,2006.641,True
11/18/2022 11:00:00 PM,11/18/2022 6:00:00 PM,SERC,WEST,EKPC,EKPC,2042.756,True
11/19/2022 12:00:00 AM,11/18/2022 7:00:00 PM,SERC,WEST,EKPC,EKPC,2037.296,True
11/19/2022 1:00:00 AM,11/18/2022 8:00:00 PM,SERC,WEST,EKPC,EKPC,2035.609,True
11/19/2022 2:00:00 AM,11/18/2022 9:00:00 PM,SERC,WEST,EKPC,EKPC,2142.071,True
11/19/2022 3:00:00 AM,11/18/2022 10:00:00 PM,SERC,WEST,EKPC,EKPC,2096.066,True
11/19/2022 4:00:00 AM,11/18/2022 11:00:00 PM,SERC,WEST,EKPC,EKPC,2072.641,True
11/19/2022 5:00:00 AM,11/19/2022 12:00:00 AM,SERC,WEST,EKPC,EKPC,2057.445,True
11/19/2022 6:00:00 AM,11/19/2022 1:00:00 AM,SERC,WEST,EKPC,EKPC,2088.292,True
11/19/2022 7:00:00 AM,11/19/2022 2:00:00 AM,SERC,WEST,EKPC,EKPC,2105.253,True
11/19/2022 8:00:00 AM,11/19/2022 3:00:00 AM,SERC,WEST,EKPC,EKPC,2109.200,True
11/19/2022 9:00:00 AM,11/19/2022 4:00:00 AM,SERC,WEST,EKPC,EKPC,2135.407,True
11/19/2022 10:00:00 AM,11/19/2022 5:00:00 AM,SERC,WEST,EKPC,EKPC,2284.459,True
11/19/2022 11:00:00 AM,11/19/2022 6:00:00 AM,SERC,WEST,EKPC,EKPC,2395.718,True
11/19/2022 12:00:00 PM,11/19/2022 7:00:00 AM,SERC,WEST,EKPC,EKPC,2451.342,True
11/19/2022 1:00:00 PM,11/19/2022 8:00:00 AM,SERC,WEST,EKPC,EKPC,2362.197,True
11/19/2022 2:00:00 PM,11/19/2022 9:00:00 AM,SERC,WEST,EKPC,EKPC,2200.684,True
11/19/2022 3:00:00 PM,11/19/2022 10:00:00 AM,SERC,WEST,EKPC,EKPC,2038.763,True
11/19/2022 4:00:00 PM,11/19/2022 11:00:00 AM,SERC,WEST,EKPC,EKPC,1927.232,True
11/19/2022 5:00:00 PM,11/19/2022 12:00:00 PM,SERC,WEST,EKPC,EKPC,1768.223,True
11/19/2022 6:00:00 PM,11/19/2022 1:00:00 PM,SERC,WEST,EKPC,EKPC,1694.687,True
11/19/2022 7:00:00 PM,11/19/2022 2:00:00 PM,SERC,WEST,EKPC,EKPC,1614.497,True
11/19/2022 8:00:00 PM,11/19/2022 3:00:00 PM,SERC,WEST,EKPC,EKPC,1602.596,True
11/19/2022 9:00:00 PM,11/19/2022 4:00:00 PM,SERC,WEST,EKPC,EKPC,1668.627,True
11/19/2022 10:00:00 PM,11/19/2022 5:00:00 PM,SERC,WEST,EKPC,EKPC,1863.823,True
11/19/2022 11:00:00 PM,11/19/2022 6:00:00 PM,SERC,WEST,EKPC,EKPC,1954.192,True
11/20/2022 12:00:00 AM,11/19/2022 7:00:00 PM,SERC,WEST,EKPC,EKPC,1981.035,True
11/20/2022 1:00:00 AM,11/19/2022 8:00:00 PM,SERC,WEST,EKPC,EKPC,1947.602,True
11/20/2022 2:00:00 AM,11/19/2022 9:00:00 PM,SERC,WEST,EKPC,EKPC,1930.490,True
11/20/2022 3:00:00 AM,11/19/2022 10:00:00 PM,SERC,WEST,EKPC,EKPC,1919.061,True
11/20/2022 4:00:00 AM,11/19/2022 11:00:00 PM,SERC,WEST,EKPC,EKPC,1862.762,True
11/20/2022 5:00:00 AM,11/20/2022 12:00:00 AM,SERC,WEST,EKPC,EKPC,1915.679,True
11/20/2022 6:00:00 AM,11/20/2022 1:00:00 AM,SERC,WEST,EKPC,EKPC,1921.449,True
11/20/2022 7:00:00 AM,11/20/2022 2:00:00 AM,SERC,WEST,EKPC,EKPC,1980.146,True
11/20/2022 8:00:00 AM,11/20/2022 3:00:00 AM,SERC,WEST,EKPC,EKPC,1999.745,True
11/20/2022 9:00:00 AM,11/20/2022 4:00:00 AM,SERC,WEST,EKPC,EKPC,2001.168,True
11/20/2022 10:00:00 AM,11/20/2022 5:00:00 AM,SERC,WEST,EKPC,EKPC,2042.245,True
11/20/2022 11:00:00 AM,11/20/2022 6:00:00 AM,SERC,WEST,EKPC,EKPC,2131.349,True
11/20/2022 12:00:00 PM,11/20/2022 7:00:00 AM,SERC,WEST,EKPC,EKPC,2228.801,True
11/20/2022 1:00:00 PM,11/20/2022 8:00:00 AM,SERC,WEST,EKPC,EKPC,2240.136,True
11/20/2022 2:00:00 PM,11/20/2022 9:00:00 AM,SERC,WEST,EKPC,EKPC,2146.617,True
11/20/2022 3:00:00 PM,11/20/2022 10:00:00 AM,SERC,WEST,EKPC,EKPC,2020.717,True
11/20/2022 4:00:00 PM,11/20/2022 11:00:00 AM,SERC,WEST,EKPC,EKPC,1864.121,True
11/20/2022 5:00:00 PM,11/20/2022 12:00:00 PM,SERC,WEST,EKPC,EKPC,1829.425,True
11/20/2022 6:00:00 PM,11/20/2022 1:00:00 PM,SERC,WEST,EKPC,EKPC,1749.312,True
11/20/2022 7:00:00 PM,11/20/2022 2:00:00 PM,SERC,WEST,EKPC,EKPC,1702.738,True
11/20/2022 8:00:00 PM,11/20/2022 3:00:00 PM,SERC,WEST,EKPC,EKPC,1686.963,True
11/20/2022 9:00:00 PM,11/20/2022 4:00:00 PM,SERC,WEST,EKPC,EKPC,1645.777,True
11/20/2022 10:00:00 PM,11/20/2022 5:00:00 PM,SERC,WEST,EKPC,EKPC,1824.871,True
11/20/2022 11:00:00 PM,11/20/2022 6:00:00 PM,SERC,WEST,EKPC,EKPC,1997.954,True
11/21/2022 12:00:00 AM,11/20/2022 7:00:00 PM,SERC,WEST,EKPC,EKPC,2112.545,True
11/21/2022 1:00:00 AM,11/20/2022 8:00:00 PM,SERC,WEST,EKPC,EKPC,2162.852,True
11/21/2022 2:00:00 AM,11/20/2022 9:00:00 PM,SERC,WEST,EKPC,EKPC,2178.629,True
11/21/2022 3:00:00 AM,11/20/2022 10:00:00 PM,SERC,WEST,EKPC,EKPC,2134.389,True
11/21/2022 4:00:00 AM,11/20/2022 11:00:00 PM,SERC,WEST,EKPC,EKPC,2119.031,True
11/21/2022 5:00:00 AM,11/21/2022 12:00:00 AM,SERC,WEST,EKPC,EKPC,2084.976,True
11/21/2022 6:00:00 AM,11/21/2022 1:00:00 AM,SERC,WEST,EKPC,EKPC,2107.204,True
11/21/2022 7:00:00 AM,11/21/2022 2:00:00 AM,SERC,WEST,EKPC,EKPC,2160.388,True
11/21/2022 8:00:00 AM,11/21/2022 3:00:00 AM,SERC,WEST,EKPC,EKPC,2193.438,True
11/21/2022 9:00:00 AM,11/21/2022 4:00:00 AM,SERC,WEST,EKPC,EKPC,2310.988,True
11/21/2022 10:00:00 AM,11/21/2022 5:00:00 AM,SERC,WEST,EKPC,EKPC,2407.375,True
11/21/2022 11:00:00 AM,11/21/2022 6:00:00 AM,SERC,WEST,EKPC,EKPC,2584.585,True
11/21/2022 12:00:00 PM,11/21/2022 7:00:00 AM,SERC,WEST,EKPC,EKPC,2624.379,True
11/21/2022 1:00:00 PM,11/21/2022 8:00:00 AM,SERC,WEST,EKPC,EKPC,2494.830,True
11/21/2022 2:00:00 PM,11/21/2022 9:00:00 AM,SERC,WEST,EKPC,EKPC,2261.763,True
11/21/2022 3:00:00 PM,11/21/2022 10:00:00 AM,SERC,WEST,EKPC,EKPC,2038.457,True
11/21/2022 4:00:00 PM,11/21/2022 11:00:00 AM,SERC,WEST,EKPC,EKPC,1893.765,True
11/21/2022 5:00:00 PM,11/21/2022 12:00:00 PM,SERC,WEST,EKPC,EKPC,1736.388,True
11/21/2022 6:00:00 PM,11/21/2022 1:00:00 PM,SERC,WEST,EKPC,EKPC,1598.727,True
11/21/2022 7:00:00 PM,11/21/2022 2:00:00 PM,SERC,WEST,EKPC,EKPC,1577.767,True
11/21/2022 8:00:00 PM,11/21/2022 3:00:00 PM,SERC,WEST,EKPC,EKPC,1538.862,True
11/21/2022 9:00:00 PM,11/21/2022 4:00:00 PM,SERC,WEST,EKPC,EKPC,1612.818,True
11/21/2022 10:00:00 PM,11/21/2022 5:00:00 PM,SERC,WEST,EKPC,EKPC,1776.629,True
11/21/2022 11:00:00 PM,11/21/2022 6:00:00 PM,SERC,WEST,EKPC,EKPC,1926.845,True
11/22/2022 12:00:00 AM,11/21/2022 7:00:00 PM,SERC,WEST,EKPC,EKPC,1918.302,True
11/22/2022 1:00:00 AM,11/21/2022 8:00:00 PM,SERC,WEST,EKPC,EKPC,1917.853,True
11/22/2022 2:00:00 AM,11/21/2022 9:00:00 PM,SERC,WEST,EKPC,EKPC,1969.289,True
11/22/2022 3:00:00 AM,11/21/2022 10:00:00 PM,SERC,WEST,EKPC,EKPC,1948.673,True
11/22/2022 4:00:00 AM,11/21/2022 11:00:00 PM,SERC,WEST,EKPC,EKPC,1938.202,True
11/22/2022 5:00:00 AM,11/22/2022 12:00:00 AM,SERC,WEST,EKPC,EKPC,1921.191,True
11/22/2022 6:00:00 AM,11/22/2022 1:00:00 AM,SERC,WEST,EKPC,EKPC,1943.541,True
11/22/2022 7:00:00 AM,11/22/2022 2:00:00 AM,SERC,WEST,EKPC,EKPC,1988.297,True
11/22/2022 8:00:00 AM,11/22/2022 3:00:00 AM,SERC,WEST,EKPC,EKPC,1974.499,True
11/22/2022 9:00:00 AM,11/22/2022 4:00:00 AM,SERC,WEST,EKPC,EKPC,1989.097,True
11/22/2022 10:00:00 AM,11/22/2022 5:00:00 AM,SERC,WEST,EKPC,EKPC,2159.667,True
11/22/2022 11:00:00 AM,11/22/2022 6:00:00 AM,SERC,WEST,EKPC,EKPC,2363.468,True
11/22/2022 12:00:00 PM,11/22/2022 7:00:00 AM,SERC,WEST,EKPC,EKPC,2432.872,True
11/22/2022 1:00:00 PM,11/22/2022 8:00:00 AM,SERC,WEST,EKPC,EKPC,2295.086,True
11/22/2022 2:00:00 PM,11/22/2022 9:00:00 AM,SERC,WEST,EKPC,EKPC,2093.908,True
11/22/2022 3:00:00 PM,11/22/2022 10:00:00 AM,SERC,WEST,EKPC,EKPC,1870.909,True
11/22/2022 4:00:00 PM,11/22/2022 11:00:00 AM,SERC,WEST,EKPC,EKPC,1593.763,True
11/22/2022 5:00:00 PM,11/22/2022 12:00:00 PM,SERC,WEST,EKPC,EKPC,1544.415,True
11/22/2022 6:00:00 PM,11/22/2022 1:00:00 PM,SERC,WEST,EKPC,EKPC,1503.234,True
11/22/2022 7:00:00 PM,11/22/2022 2:00:00 PM,SERC,WEST,EKPC,EKPC,1366.383,True
11/22/2022 8:00:00 PM,11/22/2022 3:00:00 PM,SERC,WEST,EKPC,EKPC,1325.866,True
11/22/2022 9:00:00 PM,11/22/2022 4:00:00 PM,SERC,WEST,EKPC,EKPC,1425.395,True
11/22/2022 10:00:00 PM,11/22/2022 5:00:00 PM,SERC,WEST,EKPC,EKPC,1556.191,True
11/22/2022 11:00:00 PM,11/22/2022 6:00:00 PM,SERC,WEST,EKPC,EKPC,1718.062,True
11/23/2022 12:00:00 AM,11/22/2022 7:00:00 PM,SERC,WEST,EKPC,EKPC,1785.666,True
11/23/2022 1:00:00 AM,11/22/2022 8:00:00 PM,SERC,WEST,EKPC,EKPC,1824.591,True
11/23/2022 2:00:00 AM,11/22/2022 9:00:00 PM,SERC,WEST,EKPC,EKPC,1725.678,True
11/23/2022 3:00:00 AM,11/22/2022 10:00:00 PM,SERC,WEST,EKPC,EKPC,1704.341,True
11/23/2022 4:00:00 AM,11/22/2022 11:00:00 PM,SERC,WEST,EKPC,EKPC,1698.996,True
11/23/2022 5:00:00 AM,11/23/2022 12:00:00 AM,SERC,WEST,EKPC,EKPC,1754.882,True
11/23/2022 6:00:00 AM,11/23/2022 1:00:00 AM,SERC,WEST,EKPC,EKPC,1795.927,True
11/23/2022 7:00:00 AM,11/23/2022 2:00:00 AM,SERC,WEST,EKPC,EKPC,1820.129,True
11/23/2022 8:00:00 AM,11/23/2022 3:00:00 AM,SERC,WEST,EKPC,EKPC,1860.599,True
11/23/2022 9:00:00 AM,11/23/2022 4:00:00 AM,SERC,WEST,EKPC,EKPC,1925.778,True
11/23/2022 10:00:00 AM,11/23/2022 5:00:00 AM,SERC,WEST,EKPC,EKPC,2005.303,True
11/23/2022 11:00:00 AM,11/23/2022 6:00:00 AM,SERC,WEST,EKPC,EKPC,2111.520,True
11/23/2022 12:00:00 PM,11/23/2022 7:00:00 AM,SERC,WEST,EKPC,EKPC,2070.653,True
11/23/2022 1:00:00 PM,11/23/2022 8:00:00 AM,SERC,WEST,EKPC,EKPC,2090.972,True
11/23/2022 2:00:00 PM,11/23/2022 9:00:00 AM,SERC,WEST,EKPC,EKPC,1940.282,True
11/23/2022 3:00:00 PM,11/23/2022 10:00:00 AM,SERC,WEST,EKPC,EKPC,1678.518,True
11/23/2022 4:00:00 PM,11/23/2022 11:00:00 AM,SERC,WEST,EKPC,EKPC,1527.373,True
11/23/2022 5:00:00 PM,11/23/2022 12:00:00 PM,SERC,WEST,EKPC,EKPC,1495.600,True
11/23/2022 6:00:00 PM,11/23/2022 1:00:00 PM,SERC,WEST,EKPC,EKPC,1438.990,True
11/23/2022 7:00:00 PM,11/23/2022 2:00:00 PM,SERC,WEST,EKPC,EKPC,1408.926,True
11/23/2022 8:00:00 PM,11/23/2022 3:00:00 PM,SERC,WEST,EKPC,EKPC,1342.701,True
11/23/2022 9:00:00 PM,11/23/2022 4:00:00 PM,SERC,WEST,EKPC,EKPC,1372.903,True
11/23/2022 10:00:00 PM,11/23/2022 5:00:00 PM,SERC,WEST,EKPC,EKPC,1468.328,True
11/23/2022 11:00:00 PM,11/23/2022 6:00:00 PM,SERC,WEST,EKPC,EKPC,1467.600,True
11/24/2022 12:00:00 AM,11/23/2022 7:00:00 PM,SERC,WEST,EKPC,EKPC,1499.512,True
11/24/2022 1:00:00 AM,11/23/2022 8:00:00 PM,SERC,WEST,EKPC,EKPC,1580.879,True
11/24/2022 2:00:00 AM,11/23/2022 9:00:00 PM,SERC,WEST,EKPC,EKPC,1607.460,True
11/24/2022 3:00:00 AM,11/23/2022 10:00:00 PM,SERC,WEST,EKPC,EKPC,1524.040,True
11/24/2022 4:00:00 AM,11/23/2022 11:00:00 PM,SERC,WEST,EKPC,EKPC,1430.895,True
11/24/2022 5:00:00 AM,11/24/2022 12:00:00 AM,SERC,WEST,EKPC,EKPC,1511.649,True
11/24/2022 6:00:00 AM,11/24/2022 1:00:00 AM,SERC,WEST,EKPC,EKPC,1527.454,True
11/24/2022 7:00:00 AM,11/24/2022 2:00:00 AM,SERC,WEST,EKPC,EKPC,1559.524,True
11/24/2022 8:00:00 AM,11/24/2022 3:00:00 AM,SERC,WEST,EKPC,EKPC,1587.175,True
11/24/2022 9:00:00 AM,11/24/2022 4:00:00 AM,SERC,WEST,EKPC,EKPC,1617.221,True
11/24/2022 10:00:00 AM,11/24/2022 5:00:00 AM,SERC,WEST,EKPC,EKPC,1684.489,True
11/24/2022 11:00:00 AM,11/24/2022 6:00:00 AM,SERC,WEST,EKPC,EKPC,1758.101,True
11/24/2022 12:00:00 PM,11/24/2022 7:00:00 AM,SERC,WEST,EKPC,EKPC,1836.141,True
11/24/2022 1:00:00 PM,11/24/2022 8:00:00 AM,SERC,WEST,EKPC,EKPC,1841.055,True
11/24/2022 2:00:00 PM,11/24/2022 9:00:00 AM,SERC,WEST,EKPC,EKPC,1811.624,True
11/24/2022 3:00:00 PM,11/24/2022 10:00:00 AM,SERC,WEST,EKPC,EKPC,1712.063,True
11/24/2022 4:00:00 PM,11/24/2022 11:00:00 AM,SERC,WEST,EKPC,EKPC,1619.697,True
11/24/2022 5:00:00 PM,11/24/2022 12:00:00 PM,SERC,WEST,EKPC,EKPC,1487.333,True
11/24/2022 6:00:00 PM,11/24/2022 1:00:00 PM,SERC,WEST,EKPC,EKPC,1357.865,True
11/24/2022 7:00:00 PM,11/24/2022 2:00:00 PM,SERC,WEST,EKPC,EKPC,1279.093,True
11/24/2022 8:00:00 PM,11/24/2022 3:00:00 PM,SERC,WEST,EKPC,EKPC,1241.437,True
11/24/2022 9:00:00 PM,11/24/2022 4:00:00 PM,SERC,WEST,EKPC,EKPC,1202.138,True
11/24/2022 10:00:00 PM,11/24/2022 5:00:00 PM,SERC,WEST,EKPC,EKPC,1227.521,True
11/24/2022 11:00:00 PM,11/24/2022 6:00:00 PM,SERC,WEST,EKPC,EKPC,1245.455,True
11/25/2022 12:00:00 AM,11/24/2022 7:00:00 PM,SERC,WEST,EKPC,EKPC,1271.307,True
11/25/2022 1:00:00 AM,11/24/2022 8:00:00 PM,SERC,WEST,EKPC,EKPC,1273.443,True
11/25/2022 2:00:00 AM,11/24/2022 9:00:00 PM,SERC,WEST,EKPC,EKPC,1247.072,True
11/25/2022 3:00:00 AM,11/24/2022 10:00:00 PM,SERC,WEST,EKPC,EKPC,1224.102,True
11/25/2022 4:00:00 AM,11/24/2022 11:00:00 PM,SERC,WEST,EKPC,EKPC,1160.217,True
11/25/2022 5:00:00 AM,11/25/2022 12:00:00 AM,SERC,WEST,EKPC,EKPC,1118.374,True
11/25/2022 6:00:00 AM,11/25/2022 1:00:00 AM,SERC,WEST,EKPC,EKPC,1014.403,True
11/25/2022 7:00:00 AM,11/25/2022 2:00:00 AM,SERC,WEST,EKPC,EKPC,1097.229,True
11/25/2022 8:00:00 AM,11/25/2022 3:00:00 AM,SERC,WEST,EKPC,EKPC,1093.657,True
11/25/2022 9:00:00 AM,11/25/2022 4:00:00 AM,SERC,WEST,EKPC,EKPC,1126.965,True
11/25/2022 10:00:00 AM,11/25/2022 5:00:00 AM,SERC,WEST,EKPC,EKPC,1151.196,True
11/25/2022 11:00:00 AM,11/25/2022 6:00:00 AM,SERC,WEST,EKPC,EKPC,1199.921,True
11/25/2022 12:00:00 PM,11/25/2022 7:00:00 AM,SERC,WEST,EKPC,EKPC,1208.610,True
11/25/2022 1:00:00 PM,11/25/2022 8:00:00 AM,SERC,WEST,EKPC,EKPC,1299.545,True
11/25/2022 2:00:00 PM,11/25/2022 9:00:00 AM,SERC,WEST,EKPC,EKPC,1353.344,True
11/25/2022 3:00:00 PM,11/25/2022 10:00:00 AM,SERC,WEST,EKPC,EKPC,1390.656,True
11/25/2022 4:00:00 PM,11/25/2022 11:00:00 AM,SERC,WEST,EKPC,EKPC,1370.119,True
11/25/2022 5:00:00 PM,11/25/2022 12:00:00 PM,SERC,WEST,EKPC,EKPC,1369.869,True
11/25/2022 6:00:00 PM,11/25/2022 1:00:00 PM,SERC,WEST,EKPC,EKPC,1310.604,True
11/25/2022 7:00:00 PM,11/25/2022 2:00:00 PM,SERC,WEST,EKPC,EKPC,1229.716,True
11/25/2022 8:00:00 PM,11/25/2022 3:00:00 PM,SERC,WEST,EKPC,EKPC,1144.106,True
11/25/2022 9:00:00 PM,11/25/2022 4:00:00 PM,SERC,WEST,EKPC,EKPC,1221.283,True
11/25/2022 10:00:00 PM,11/25/2022 5:00:00 PM,SERC,WEST,EKPC,EKPC,1342.131,True
11/25/2022 11:00:00 PM,11/25/2022 6:00:00 PM,SERC,WEST,EKPC,EKPC,1421.618,True
11/26/2022 12:00:00 AM,11/25/2022 7:00:00 PM,SERC,WEST,EKPC,EKPC,1454.504,True
11/26/2022 1:00:00 AM,11/25/2022 8:00:00 PM,SERC,WEST,EKPC,EKPC,1491.227,True
11/26/2022 2:00:00 AM,11/25/2022 9:00:00 PM,SERC,WEST,EKPC,EKPC,1450.282,True
11/26/2022 3:00:00 AM,11/25/2022 10:00:00 PM,SERC,WEST,EKPC,EKPC,1423.938,True
11/26/2022 4:00:00 AM,11/25/2022 11:00:00 PM,SERC,WEST,EKPC,EKPC,1422.548,True
11/26/2022 5:00:00 AM,11/26/2022 12:00:00 AM,SERC,WEST,EKPC,EKPC,1416.463,True
11/26/2022 6:00:00 AM,11/26/2022 1:00:00 AM,SERC,WEST,EKPC,EKPC,1398.355,True
11/26/2022 7:00:00 AM,11/26/2022 2:00:00 AM,SERC,WEST,EKPC,EKPC,1450.687,True
11/26/2022 8:00:00 AM,11/26/2022 3:00:00 AM,SERC,WEST,EKPC,EKPC,1478.985,True
11/26/2022 9:00:00 AM,11/26/2022 4:00:00 AM,SERC,WEST,EKPC,EKPC,1551.660,True
11/26/2022 10:00:00 AM,11/26/2022 5:00:00 AM,SERC,WEST,EKPC,EKPC,1651.564,True
11/26/2022 11:00:00 AM,11/26/2022 6:00:00 AM,SERC,WEST,EKPC,EKPC,1760.735,True
11/26/2022 12:00:00 PM,11/26/2022 7:00:00 AM,SERC,WEST,EKPC,EKPC,1822.390,True
11/26/2022 1:00:00 PM,11/26/2022 8:00:00 AM,SERC,WEST,EKPC,EKPC,1906.148,True
11/26/2022 2:00:00 PM,11/26/2022 9:00:00 AM,SERC,WEST,EKPC,EKPC,1810.734,True
11/26/2022 3:00:00 PM,11/26/2022 10:00:00 AM,SERC,WEST,EKPC,EKPC,1651.241,True
11/26/2022 4:00:00 PM,11/26/2022 11:00:00 AM,SERC,WEST,EKPC,EKPC,1456.006,True
11/26/2022 5:00:00 PM,11/26/2022 12:00:00 PM,SERC,WEST,EKPC,EKPC,1342.561,True
11/26/2022 6:00:00 PM,11/26/2022 1:00:00 PM,SERC,WEST,EKPC,EKPC,1286.757,True
11/26/2022 7:00:00 PM,11/26/2022 2:00:00 PM,SERC,WEST,EKPC,EKPC,1242.845,True
11/26/2022 8:00:00 PM,11/26/2022 3:00:00 PM,SERC,WEST,EKPC,EKPC,1217.329,True
11/26/2022 9:00:00 PM,11/26/2022 4:00:00 PM,SERC,WEST,EKPC,EKPC,1284.830,True
11/26/2022 10:00:00 PM,11/26/2022 5:00:00 PM,SERC,WEST,EKPC,EKPC,1400.540,True
11/26/2022 11:00:00 PM,11/26/2022 6:00:00 PM,SERC,WEST,EKPC,EKPC,1362.747,True
11/27/2022 12:00:00 AM,11/26/2022 7:00:00 PM,SERC,WEST,EKPC,EKPC,1359.941,True
11/27/2022 1:00:00 AM,11/26/2022 8:00:00 PM,SERC,WEST,EKPC,EKPC,1336.379,True
11/27/2022 2:00:00 AM,11/26/2022 9:00:00 PM,SERC,WEST,EKPC,EKPC,1316.924,True
11/27/2022 3:00:00 AM,11/26/2022 10:00:00 PM,SERC,WEST,EKPC,EKPC,1294.026,True
11/27/2022 4:00:00 AM,11/26/2022 11:00:00 PM,SERC,WEST,EKPC,EKPC,1245.981,True
11/27/2022 5:00:00 AM,11/27/2022 12:00:00 AM,SERC,WEST,EKPC,EKPC,1215.152,True
11/27/2022 6:00:00 AM,11/27/2022 1:00:00 AM,SERC,WEST,EKPC,EKPC,1185.675,True
11/27/2022 7:00:00 AM,11/27/2022 2:00:00 AM,SERC,WEST,EKPC,EKPC,1180.158,True
11/27/2022 8:00:00 AM,11/27/2022 3:00:00 AM,SERC,WEST,EKPC,EKPC,1160.059,True
11/27/2022 9:00:00 AM,11/27/2022 4:00:00 AM,SERC,WEST,EKPC,EKPC,1146.275,True
11/27/2022 10:00:00 AM,11/27/2022 5:00:00 AM,SERC,WEST,EKPC,EKPC,1177.680,True
11/27/2022 11:00:00 AM,11/27/2022 6:00:00 AM,SERC,WEST,EKPC,EKPC,1179.335,True
11/27/2022 12:00:00 PM,11/27/2022 7:00:00 AM,SERC,WEST,EKPC,EKPC,1220.943,True
11/27/2022 1:00:00 PM,11/27/2022 8:00:00 AM,SERC,WEST,EKPC,EKPC,1259.385,True
11/27/2022 2:00:00 PM,11/27/2022 9:00:00 AM,SERC,WEST,EKPC,EKPC,1305.775,True
11/27/2022 3:00:00 PM,11/27/2022 10:00:00 AM,SERC,WEST,EKPC,EKPC,1253.985,True
11/27/2022 4:00:00 PM,11/27/2022 11:00:00 AM,SERC,WEST,EKPC,EKPC,1262.634,True
11/27/2022 5:00:00 PM,11/27/2022 12:00:00 PM,SERC,WEST,EKPC,EKPC,1282.420,True
11/27/2022 6:00:00 PM,11/27/2022 1:00:00 PM,SERC,WEST,EKPC,EKPC,1279.880,True
11/27/2022 7:00:00 PM,11/27/2022 2:00:00 PM,SERC,WEST,EKPC,EKPC,1287.752,True
11/27/2022 8:00:00 PM,11/27/2022 3:00:00 PM,SERC,WEST,EKPC,EKPC,1259.467,True
11/27/2022 9:00:00 PM,11/27/2022 4:00:00 PM,SERC,WEST,EKPC,EKPC,1368.612,True
11/27/2022 10:00:00 PM,11/27/2022 5:00:00 PM,SERC,WEST,EKPC,EKPC,1425.983,True
11/27/2022 11:00:00 PM,11/27/2022 6:00:00 PM,SERC,WEST,EKPC,EKPC,1460.071,True
11/28/2022 12:00:00 AM,11/27/2022 7:00:00 PM,SERC,WEST,EKPC,EKPC,1483.272,True
11/28/2022 1:00:00 AM,11/27/2022 8:00:00 PM,SERC,WEST,EKPC,EKPC,1432.046,True
11/28/2022 2:00:00 AM,11/27/2022 9:00:00 PM,SERC,WEST,EKPC,EKPC,1426.343,True
11/28/2022 3:00:00 AM,11/27/2022 10:00:00 PM,SERC,WEST,EKPC,EKPC,1375.946,True
11/28/2022 4:00:00 AM,11/27/2022 11:00:00 PM,SERC,WEST,EKPC,EKPC,1311.083,True
11/28/2022 5:00:00 AM,11/28/2022 12:00:00 AM,SERC,WEST,EKPC,EKPC,1265.683,True
11/28/2022 6:00:00 AM,11/28/2022 1:00:00 AM,SERC,WEST,EKPC,EKPC,1267.132,True
11/28/2022 7:00:00 AM,11/28/2022 2:00:00 AM,SERC,WEST,EKPC,EKPC,1262.863,True
11/28/2022 8:00:00 AM,11/28/2022 3:00:00 AM,SERC,WEST,EKPC,EKPC,1294.689,True
11/28/2022 9:00:00 AM,11/28/2022 4:00:00 AM,SERC,WEST,EKPC,EKPC,1323.467,True
11/28/2022 10:00:00 AM,11/28/2022 5:00:00 AM,SERC,WEST,EKPC,EKPC,1436.651,True
11/28/2022 11:00:00 AM,11/28/2022 6:00:00 AM,SERC,WEST,EKPC,EKPC,1584.252,True
11/28/2022 12:00:00 PM,11/28/2022 7:00:00 AM,SERC,WEST,EKPC,EKPC,1613.251,True
11/28/2022 1:00:00 PM,11/28/2022 8:00:00 AM,SERC,WEST,EKPC,EKPC,1585.588,True
11/28/2022 2:00:00 PM,11/28/2022 9:00:00 AM,SERC,WEST,EKPC,EKPC,1617.080,True
11/28/2022 3:00:00 PM,11/28/2022 10:00:00 AM,SERC,WEST,EKPC,EKPC,1600.777,True
11/28/2022 4:00:00 PM,11/28/2022 11:00:00 AM,SERC,WEST,EKPC,EKPC,1503.790,True
11/28/2022 5:00:00 PM,11/28/2022 12:00:00 PM,SERC,WEST,EKPC,EKPC,1523.378,True
11/28/2022 6:00:00 PM,11/28/2022 1:00:00 PM,SERC,WEST,EKPC,EKPC,1526.752,True
11/28/2022 7:00:00 PM,11/28/2022 2:00:00 PM,SERC,WEST,EKPC,EKPC,1473.391,True
11/28/2022 8:00:00 PM,11/28/2022 3:00:00 PM,SERC,WEST,EKPC,EKPC,1541.892,True
11/28/2022 9:00:00 PM,11/28/2022 4:00:00 PM,SERC,WEST,EKPC,EKPC,1630.693,True
11/28/2022 10:00:00 PM,11/28/2022 5:00:00 PM,SERC,WEST,EKPC,EKPC,1672.521,True
11/28/2022 11:00:00 PM,11/28/2022 6:00:00 PM,SERC,WEST,EKPC,EKPC,1628.206,True
11/29/2022 12:00:00 AM,11/28/2022 7:00:00 PM,SERC,WEST,EKPC,EKPC,1651.743,True
11/29/2022 1:00:00 AM,11/28/2022 8:00:00 PM,SERC,WEST,EKPC,EKPC,1568.367,True
11/29/2022 2:00:00 AM,11/28/2022 9:00:00 PM,SERC,WEST,EKPC,EKPC,1612.388,True
11/29/2022 3:00:00 AM,11/28/2022 10:00:00 PM,SERC,WEST,EKPC,EKPC,1501.087,True
11/29/2022 4:00:00 AM,11/28/2022 11:00:00 PM,SERC,WEST,EKPC,EKPC,1434.094,True
11/29/2022 5:00:00 AM,11/29/2022 12:00:00 AM,SERC,WEST,EKPC,EKPC,1390.887,True
11/29/2022 6:00:00 AM,11/29/2022 1:00:00 AM,SERC,WEST,EKPC,EKPC,1368.888,True
11/29/2022 7:00:00 AM,11/29/2022 2:00:00 AM,SERC,WEST,EKPC,EKPC,1458.578,True
11/29/2022 8:00:00 AM,11/29/2022 3:00:00 AM,SERC,WEST,EKPC,EKPC,1474.214,True
11/29/2022 9:00:00 AM,11/29/2022 4:00:00 AM,SERC,WEST,EKPC,EKPC,1485.900,True
11/29/2022 10:00:00 AM,11/29/2022 5:00:00 AM,SERC,WEST,EKPC,EKPC,1617.092,True
11/29/2022 11:00:00 AM,11/29/2022 6:00:00 AM,SERC,WEST,EKPC,EKPC,1741.555,True
11/29/2022 12:00:00 PM,11/29/2022 7:00:00 AM,SERC,WEST,EKPC,EKPC,1808.692,True
11/29/2022 1:00:00 PM,11/29/2022 8:00:00 AM,SERC,WEST,EKPC,EKPC,1700.171,True
11/29/2022 2:00:00 PM,11/29/2022 9:00:00 AM,SERC,WEST,EKPC,EKPC,1642.198,True
11/29/2022 3:00:00 PM,11/29/2022 10:00:00 AM,SERC,WEST,EKPC,EKPC,1522.232,True
11/29/2022 4:00:00 PM,11/29/2022 11:00:00 AM,SERC,WEST,EKPC,EKPC,1484.792,True
11/29/2022 5:00:00 PM,11/29/2022 12:00:00 PM,SERC,WEST,EKPC,EKPC,1390.583,True
11/29/2022 6:00:00 PM,11/29/2022 1:00:00 PM,SERC,WEST,EKPC,EKPC,1280.019,True
11/29/2022 7:00:00 PM,11/29/2022 2:00:00 PM,SERC,WEST,EKPC,EKPC,1283.760,True
11/29/2022 8:00:00 PM,11/29/2022 3:00:00 PM,SERC,WEST,EKPC,EKPC,1304.056,True
11/29/2022 9:00:00 PM,11/29/2022 4:00:00 PM,SERC,WEST,EKPC,EKPC,1425.373,True
11/29/2022 10:00:00 PM,11/29/2022 5:00:00 PM,SERC,WEST,EKPC,EKPC,1540.583,True
11/29/2022 11:00:00 PM,11/29/2022 6:00:00 PM,SERC,WEST,EKPC,EKPC,1586.748,True
11/30/2022 12:00:00 AM,11/29/2022 7:00:00 PM,SERC,WEST,EKPC,EKPC,1585.269,True
11/30/2022 1:00:00 AM,11/29/2022 8:00:00 PM,SERC,WEST,EKPC,EKPC,1518.361,True
11/30/2022 2:00:00 AM,11/29/2022 9:00:00 PM,SERC,WEST,EKPC,EKPC,1496.348,True
11/30/2022 3:00:00 AM,11/29/2022 10:00:00 PM,SERC,WEST,EKPC,EKPC,1390.585,True
11/30/2022 4:00:00 AM,11/29/2022 11:00:00 PM,SERC,WEST,EKPC,EKPC,1310.473,True
11/30/2022 5:00:00 AM,11/30/2022 12:00:00 AM,SERC,WEST,EKPC,EKPC,1110.539,True
11/30/2022 6:00:00 AM,11/30/2022 1:00:00 AM,SERC,WEST,EKPC,EKPC,1094.911,True
11/30/2022 7:00:00 AM,11/30/2022 2:00:00 AM,SERC,WEST,EKPC,EKPC,1150.613,True
11/30/2022 8:00:00 AM,11/30/2022 3:00:00 AM,SERC,WEST,EKPC,EKPC,1130.086,True
11/30/2022 9:00:00 AM,11/30/2022 4:00:00 AM,SERC,WEST,EKPC,EKPC,1114.794,True
11/30/2022 10:00:00 AM,11/30/2022 5:00:00 AM,SERC,WEST,EKPC,EKPC,1236.218,True
11/30/2022 11:00:00 AM,11/30/2022 6:00:00 AM,SERC,WEST,EKPC,EKPC,1468.046,True
11/30/2022 12:00:00 PM,11/30/2022 7:00:00 AM,SERC,WEST,EKPC,EKPC,1624.990,True
11/30/2022 1:00:00 PM,11/30/2022 8:00:00 AM,SERC,WEST,EKPC,EKPC,1670.145,True
11/30/2022 2:00:00 PM,11/30/2022 9:00:00 AM,SERC,WEST,EKPC,EKPC,1645.182,True
11/30/2022 3:00:00 PM,11/30/2022 10:00:00 AM,SERC,WEST,EKPC,EKPC,1647.872,True
11/30/2022 4:00:00 PM,11/30/2022 11:00:00 AM,SERC,WEST,EKPC,EKPC,1613.763,True
11/30/2022 5:00:00 PM,11/30/2022 12:00:00 PM,SERC,WEST,EKPC,EKPC,1582.451,True
11/30/2022 6:00:00 PM,11/30/2022 1:00:00 PM,SERC,WEST,EKPC,EKPC,1460.124,True
11/30/2022 7:00:00 PM,11/30/2022 2:00:00 PM,SERC,WEST,EKPC,EKPC,1424.716,True
11/30/2022 8:00:00 PM,11/30/2022 3:00:00 PM,SERC,WEST,EKPC,EKPC,1471.740,True
11/30/2022 9:00:00 PM,11/30/2022 4:00:00 PM,SERC,WEST,EKPC,EKPC,1542.043,True
11/30/2022 10:00:00 PM,11/30/2022 5:00:00 PM,SERC,WEST,EKPC,EKPC,1768.499,True
11/30/2022 11:00:00 PM,11/30/2022 6:00:00 PM,SERC,WEST,EKPC,EKPC,1946.857,True
12/1/2022 12:00:00 AM,11/30/2022 7:00:00 PM,SERC,WEST,EKPC,EKPC,1993.472,True
12/1/2022 1:00:00 AM,11/30/2022 8:00:00 PM,SERC,WEST,EKPC,EKPC,1930.573,True
12/1/2022 2:00:00 AM,11/30/2022 9:00:00 PM,SERC,WEST,EKPC,EKPC,1901.193,True
12/1/2022 3:00:00 AM,11/30/2022 10:00:00 PM,SERC,WEST,EKPC,EKPC,1873.635,True
12/1/2022 4:00:00 AM,11/30/2022 11:00:00 PM,SERC,WEST,EKPC,EKPC,1870.315,True
12/1/2022 5:00:00 AM,12/1/2022 12:00:00 AM,SERC,WEST,EKPC,EKPC,1838.182,True
12/1/2022 6:00:00 AM,12/1/2022 1:00:00 AM,SERC,WEST,EKPC,EKPC,1889.877,True
12/1/2022 7:00:00 AM,12/1/2022 2:00:00 AM,SERC,WEST,EKPC,EKPC,1920.464,True
12/1/2022 8:00:00 AM,12/1/2022 3:00:00 AM,SERC,WEST,EKPC,EKPC,1975.420,True
12/1/2022 9:00:00 AM,12/1/2022 4:00:00 AM,SERC,WEST,EKPC,EKPC,2051.799,True
12/1/2022 10:00:00 AM,12/1/2022 5:00:00 AM,SERC,WEST,EKPC,EKPC,2160.460,True
12/1/2022 11:00:00 AM,12/1/2022 6:00:00 AM,SERC,WEST,EKPC,EKPC,2378.262,True
12/1/2022 12:00:00 PM,12/1/2022 7:00:00 AM,SERC,WEST,EKPC,EKPC,2438.230,True
12/1/2022 1:00:00 PM,12/1/2022 8:00:00 AM,SERC,WEST,EKPC,EKPC,2347.683,True
12/1/2022 2:00:00 PM,12/1/2022 9:00:00 AM,SERC,WEST,EKPC,EKPC,2132.297,True
12/1/2022 3:00:00 PM,12/1/2022 10:00:00 AM,SERC,WEST,EKPC,EKPC,1941.820,True
12/1/2022 4:00:00 PM,12/1/2022 11:00:00 AM,SERC,WEST,EKPC,EKPC,1863.465,True
12/1/2022 5:00:00 PM,12/1/2022 12:00:00 PM,SERC,WEST,EKPC,EKPC,1792.935,True
12/1/2022 6:00:00 PM,12/1/2022 1:00:00 PM,SERC,WEST,EKPC,EKPC,1713.699,True
12/1/2022 7:00:00 PM,12/1/2022 2:00:00 PM,SERC,WEST,EKPC,EKPC,1660.372,True
12/1/2022 8:00:00 PM,12/1/2022 3:00:00 PM,SERC,WEST,EKPC,EKPC,1567.583,True
12/1/2022 9:00:00 PM,12/1/2022 4:00:00 PM,SERC,WEST,EKPC,EKPC,1577.569,True
12/1/2022 10:00:00 PM,12/1/2022 5:00:00 PM,SERC,WEST,EKPC,EKPC,1794.325,True
12/1/2022 11:00:00 PM,12/1/2022 6:00:00 PM,SERC,WEST,EKPC,EKPC,1962.185,True
12/2/2022 12:00:00 AM,12/1/2022 7:00:00 PM,SERC,WEST,EKPC,EKPC,1990.009,True
12/2/2022 1:00:00 AM,12/1/2022 8:00:00 PM,SERC,WEST,EKPC,EKPC,2087.641,True
12/2/2022 2:00:00 AM,12/1/2022 9:00:00 PM,SERC,WEST,EKPC,EKPC,2088.909,True
12/2/2022 3:00:00 AM,12/1/2022 10:00:00 PM,SERC,WEST,EKPC,EKPC,2054.736,True
12/2/2022 4:00:00 AM,12/1/2022 11:00:00 PM,SERC,WEST,EKPC,EKPC,1979.650,True
12/2/2022 5:00:00 AM,12/2/2022 12:00:00 AM,SERC,WEST,EKPC,EKPC,1971.092,True
12/2/2022 6:00:00 AM,12/2/2022 1:00:00 AM,SERC,WEST,EKPC,EKPC,1964.548,True
12/2/2022 7:00:00 AM,12/2/2022 2:00:00 AM,SERC,WEST,EKPC,EKPC,1988.763,True
12/2/2022 8:00:00 AM,12/2/2022 3:00:00 AM,SERC,WEST,EKPC,EKPC,1968.401,True
12/2/2022 9:00:00 AM,12/2/2022 4:00:00 AM,SERC,WEST,EKPC,EKPC,1979.355,True
12/2/2022 10:00:00 AM,12/2/2022 5:00:00 AM,SERC,WEST,EKPC,EKPC,2007.757,True
12/2/2022 11:00:00 AM,12/2/2022 6:00:00 AM,SERC,WEST,EKPC,EKPC,2103.328,True
12/2/2022 12:00:00 PM,12/2/2022 7:00:00 AM,SERC,WEST,EKPC,EKPC,2052.627,True
12/2/2022 1:00:00 PM,12/2/2022 8:00:00 AM,SERC,WEST,EKPC,EKPC,1995.214,True
12/2/2022 2:00:00 PM,12/2/2022 9:00:00 AM,SERC,WEST,EKPC,EKPC,1894.114,True
12/2/2022 3:00:00 PM,12/2/2022 10:00:00 AM,SERC,WEST,EKPC,EKPC,1733.631,True
12/2/2022 4:00:00 PM,12/2/2022 11:00:00 AM,SERC,WEST,EKPC,EKPC,1659.687,True
12/2/2022 5:00:00 PM,12/2/2022 12:00:00 PM,SERC,WEST,EKPC,EKPC,1539.951,True
12/2/2022 6:00:00 PM,12/2/2022 1:00:00 PM,SERC,WEST,EKPC,EKPC,1518.618,True
12/2/2022 7:00:00 PM,12/2/2022 2:00:00 PM,SERC,WEST,EKPC,EKPC,1500.028,True
12/2/2022 8:00:00 PM,12/2/2022 3:00:00 PM,SERC,WEST,EKPC,EKPC,1488.093,True
12/2/2022 9:00:00 PM,12/2/2022 4:00:00 PM,SERC,WEST,EKPC,EKPC,1501.404,True
12/2/2022 10:00:00 PM,12/2/2022 5:00:00 PM,SERC,WEST,EKPC,EKPC,1503.280,True
12/2/2022 11:00:00 PM,12/2/2022 6:00:00 PM,SERC,WEST,EKPC,EKPC,1508.713,True
12/3/2022 12:00:00 AM,12/2/2022 7:00:00 PM,SERC,WEST,EKPC,EKPC,1475.483,True
12/3/2022 1:00:00 AM,12/2/2022 8:00:00 PM,SERC,WEST,EKPC,EKPC,1525.598,True
12/3/2022 2:00:00 AM,12/2/2022 9:00:00 PM,SERC,WEST,EKPC,EKPC,1457.527,True
12/3/2022 3:00:00 AM,12/2/2022 10:00:00 PM,SERC,WEST,EKPC,EKPC,1428.082,True
12/3/2022 4:00:00 AM,12/2/2022 11:00:00 PM,SERC,WEST,EKPC,EKPC,1384.411,True
12/3/2022 5:00:00 AM,12/3/2022 12:00:00 AM,SERC,WEST,EKPC,EKPC,1314.090,True
12/3/2022 6:00:00 AM,12/3/2022 1:00:00 AM,SERC,WEST,EKPC,EKPC,1256.976,True
12/3/2022 7:00:00 AM,12/3/2022 2:00:00 AM,SERC,WEST,EKPC,EKPC,1239.462,True
12/3/2022 8:00:00 AM,12/3/2022 3:00:00 AM,SERC,WEST,EKPC,EKPC,1234.782,True
12/3/2022 9:00:00 AM,12/3/2022 4:00:00 AM,SERC,WEST,EKPC,EKPC,1198.336,True
12/3/2022 10:00:00 AM,12/3/2022 5:00:00 AM,SERC,WEST,EKPC,EKPC,1166.670,True
12/3/2022 11:00:00 AM,12/3/2022 6:00:00 AM,SERC,WEST,EKPC,EKPC,1214.090,True
12/3/2022 12:00:00 PM,12/3/2022 7:00:00 AM,SERC,WEST,EKPC,EKPC,1263.387,True
12/3/2022 1:00:00 PM,12/3/2022 8:00:00 AM,SERC,WEST,EKPC,EKPC,1347.658,True
12/3/2022 2:00:00 PM,12/3/2022 9:00:00 AM,SERC,WEST,EKPC,EKPC,1405.552,True
12/3/2022 3:00:00 PM,12/3/2022 10:00:00 AM,SERC,WEST,EKPC,EKPC,1427.580,True
12/3/2022 4:00:00 PM,12/3/2022 11:00:00 AM,SERC,WEST,EKPC,EKPC,1391.496,True
12/3/2022 5:00:00 PM,12/3/2022 12:00:00 PM,SERC,WEST,EKPC,EKPC,1328.873,True
12/3/2022 6:00:00 PM,12/3/2022 1:00:00 PM,SERC,WEST,EKPC,EKPC,1349.532,True
12/3/2022 7:00:00 PM,12/3/2022 2:00:00 PM,SERC,WEST,EKPC,EKPC,1361.796,True
12/3/2022 8:00:00 PM,12/3/2022 3:00:00 PM,SERC,WEST,EKPC,EKPC,1389.839,True
12/3/2022 9:00:00 PM,12/3/2022 4:00:00 PM,SERC,WEST,EKPC,EKPC,1448.416,True
12/3/2022 10:00:00 PM,12/3/2022 5:00:00 PM,SERC,WEST,EKPC,EKPC,1566.489,True
12/3/2022 11:00:00 PM,12/3/2022 6:00:00 PM,SERC,WEST,EKPC,EKPC,1640.584,True
12/4/2022 12:00:00 AM,12/3/2022 7:00:00 PM,SERC,WEST,EKPC,EKPC,1670.387,True
12/4/2022 1:00:00 AM,12/3/2022 8:00:00 PM,SERC,WEST,EKPC,EKPC,1737.726,True
12/4/2022 2:00:00 AM,12/3/2022 9:00:00 PM,SERC,WEST,EKPC,EKPC,1766.791,True
12/4/2022 3:00:00 AM,12/3/2022 10:00:00 PM,SERC,WEST,EKPC,EKPC,1756.238,True
12/4/2022 4:00:00 AM,12/3/2022 11:00:00 PM,SERC,WEST,EKPC,EKPC,1741.155,True
12/4/2022 5:00:00 AM,12/4/2022 12:00:00 AM,SERC,WEST,EKPC,EKPC,1767.552,True
12/4/2022 6:00:00 AM,12/4/2022 1:00:00 AM,SERC,WEST,EKPC,EKPC,1774.034,True
12/4/2022 7:00:00 AM,12/4/2022 2:00:00 AM,SERC,WEST,EKPC,EKPC,1826.734,True
12/4/2022 8:00:00 AM,12/4/2022 3:00:00 AM,SERC,WEST,EKPC,EKPC,1854.290,True
12/4/2022 9:00:00 AM,12/4/2022 4:00:00 AM,SERC,WEST,EKPC,EKPC,1879.195,True
12/4/2022 10:00:00 AM,12/4/2022 5:00:00 AM,SERC,WEST,EKPC,EKPC,1931.545,True
12/4/2022 11:00:00 AM,12/4/2022 6:00:00 AM,SERC,WEST,EKPC,EKPC,2004.551,True
12/4/2022 12:00:00 PM,12/4/2022 7:00:00 AM,SERC,WEST,EKPC,EKPC,2097.545,True
12/4/2022 1:00:00 PM,12/4/2022 8:00:00 AM,SERC,WEST,EKPC,EKPC,2173.078,True
12/4/2022 2:00:00 PM,12/4/2022 9:00:00 AM,SERC,WEST,EKPC,EKPC,2149.645,True
12/4/2022 3:00:00 PM,12/4/2022 10:00:00 AM,SERC,WEST,EKPC,EKPC,2016.763,True
12/4/2022 4:00:00 PM,12/4/2022 11:00:00 AM,SERC,WEST,EKPC,EKPC,1866.120,True
12/4/2022 5:00:00 PM,12/4/2022 12:00:00 PM,SERC,WEST,EKPC,EKPC,1783.125,True
12/4/2022 6:00:00 PM,12/4/2022 1:00:00 PM,SERC,WEST,EKPC,EKPC,1709.459,True
12/4/2022 7:00:00 PM,12/4/2022 2:00:00 PM,SERC,WEST,EKPC,EKPC,1604.422,True
12/4/2022 8:00:00 PM,12/4/2022 3:00:00 PM,SERC,WEST,EKPC,EKPC,1671.001,True
12/4/2022 9:00:00 PM,12/4/2022 4:00:00 PM,SERC,WEST,EKPC,EKPC,1718.160,True
12/4/2022 10:00:00 PM,12/4/2022 5:00:00 PM,SERC,WEST,EKPC,EKPC,1872.189,True
12/4/2022 11:00:00 PM,12/4/2022 6:00:00 PM,SERC,WEST,EKPC,EKPC,1954.170,True
12/5/2022 12:00:00 AM,12/4/2022 7:00:00 PM,SERC,WEST,EKPC,EKPC,2022.914,True
12/5/2022 1:00:00 AM,12/4/2022 8:00:00 PM,SERC,WEST,EKPC,EKPC,2083.356,True
12/5/2022 2:00:00 AM,12/4/2022 9:00:00 PM,SERC,WEST,EKPC,EKPC,2083.202,True
12/5/2022 3:00:00 AM,12/4/2022 10:00:00 PM,SERC,WEST,EKPC,EKPC,2033.415,True
12/5/2022 4:00:00 AM,12/4/2022 11:00:00 PM,SERC,WEST,EKPC,EKPC,1962.857,True
12/5/2022 5:00:00 AM,12/5/2022 12:00:00 AM,SERC,WEST,EKPC,EKPC,1959.515,True
12/5/2022 6:00:00 AM,12/5/2022 1:00:00 AM,SERC,WEST,EKPC,EKPC,1929.506,True
12/5/2022 7:00:00 AM,12/5/2022 2:00:00 AM,SERC,WEST,EKPC,EKPC,1950.437,True
12/5/2022 8:00:00 AM,12/5/2022 3:00:00 AM,SERC,WEST,EKPC,EKPC,1942.242,True
12/5/2022 9:00:00 AM,12/5/2022 4:00:00 AM,SERC,WEST,EKPC,EKPC,2019.325,True
12/5/2022 10:00:00 AM,12/5/2022 5:00:00 AM,SERC,WEST,EKPC,EKPC,2169.966,True
12/5/2022 11:00:00 AM,12/5/2022 6:00:00 AM,SERC,WEST,EKPC,EKPC,2231.405,True
12/5/2022 12:00:00 PM,12/5/2022 7:00:00 AM,SERC,WEST,EKPC,EKPC,2223.136,True
12/5/2022 1:00:00 PM,12/5/2022 8:00:00 AM,SERC,WEST,EKPC,EKPC,2150.781,True
12/5/2022 2:00:00 PM,12/5/2022 9:00:00 AM,SERC,WEST,EKPC,EKPC,2065.263,True
12/5/2022 3:00:00 PM,12/5/2022 10:00:00 AM,SERC,WEST,EKPC,EKPC,1935.027,True
12/5/2022 4:00:00 PM,12/5/2022 11:00:00 AM,SERC,WEST,EKPC,EKPC,1851.488,True
12/5/2022 5:00:00 PM,12/5/2022 12:00:00 PM,SERC,WEST,EKPC,EKPC,1774.639,True
12/5/2022 6:00:00 PM,12/5/2022 1:00:00 PM,SERC,WEST,EKPC,EKPC,1734.292,True
12/5/2022 7:00:00 PM,12/5/2022 2:00:00 PM,SERC,WEST,EKPC,EKPC,1693.666,True
12/5/2022 8:00:00 PM,12/5/2022 3:00:00 PM,SERC,WEST,EKPC,EKPC,1770.634,True
12/5/2022 9:00:00 PM,12/5/2022 4:00:00 PM,SERC,WEST,EKPC,EKPC,1813.252,True
12/5/2022 10:00:00 PM,12/5/2022 5:00:00 PM,SERC,WEST,EKPC,EKPC,1849.624,True
12/5/2022 11:00:00 PM,12/5/2022 6:00:00 PM,SERC,WEST,EKPC,EKPC,1878.142,True
12/6/2022 12:00:00 AM,12/5/2022 7:00:00 PM,SERC,WEST,EKPC,EKPC,1836.744,True
12/6/2022 1:00:00 AM,12/5/2022 8:00:00 PM,SERC,WEST,EKPC,EKPC,1821.425,True
12/6/2022 2:00:00 AM,12/5/2022 9:00:00 PM,SERC,WEST,EKPC,EKPC,1709.760,True
12/6/2022 3:00:00 AM,12/5/2022 10:00:00 PM,SERC,WEST,EKPC,EKPC,1634.415,True
12/6/2022 4:00:00 AM,12/5/2022 11:00:00 PM,SERC,WEST,EKPC,EKPC,1518.582,True
12/6/2022 5:00:00 AM,12/6/2022 12:00:00 AM,SERC,WEST,EKPC,EKPC,1445.485,True
12/6/2022 6:00:00 AM,12/6/2022 1:00:00 AM,SERC,WEST,EKPC,EKPC,1398.229,True
12/6/2022 7:00:00 AM,12/6/2022 2:00:00 AM,SERC,WEST,EKPC,EKPC,1392.797,True
12/6/2022 8:00:00 AM,12/6/2022 3:00:00 AM,SERC,WEST,EKPC,EKPC,1361.802,True
12/6/2022 9:00:00 AM,12/6/2022 4:00:00 AM,SERC,WEST,EKPC,EKPC,1370.746,True
12/6/2022 10:00:00 AM,12/6/2022 5:00:00 AM,SERC,WEST,EKPC,EKPC,1429.153,True
12/6/2022 11:00:00 AM,12/6/2022 6:00:00 AM,SERC,WEST,EKPC,EKPC,1540.468,True
12/6/2022 12:00:00 PM,12/6/2022 7:00:00 AM,SERC,WEST,EKPC,EKPC,1551.376,True
12/6/2022 1:00:00 PM,12/6/2022 8:00:00 AM,SERC,WEST,EKPC,EKPC,1489.930,True
12/6/2022 2:00:00 PM,12/6/2022 9:00:00 AM,SERC,WEST,EKPC,EKPC,1467.625,True
12/6/2022 3:00:00 PM,12/6/2022 10:00:00 AM,SERC,WEST,EKPC,EKPC,1510.098,True
12/6/2022 4:00:00 PM,12/6/2022 11:00:00 AM,SERC,WEST,EKPC,EKPC,1486.016,True
12/6/2022 5:00:00 PM,12/6/2022 12:00:00 PM,SERC,WEST,EKPC,EKPC,1477.889,True
12/6/2022 6:00:00 PM,12/6/2022 1:00:00 PM,SERC,WEST,EKPC,EKPC,1442.075,True
12/6/2022 7:00:00 PM,12/6/2022 2:00:00 PM,SERC,WEST,EKPC,EKPC,1413.762,True
12/6/2022 8:00:00 PM,12/6/2022 3:00:00 PM,SERC,WEST,EKPC,EKPC,1416.431,True
12/6/2022 9:00:00 PM,12/6/2022 4:00:00 PM,SERC,WEST,EKPC,EKPC,1455.882,True
12/6/2022 10:00:00 PM,12/6/2022 5:00:00 PM,SERC,WEST,EKPC,EKPC,1540.408,True
12/6/2022 11:00:00 PM,12/6/2022 6:00:00 PM,SERC,WEST,EKPC,EKPC,1548.392,True
12/7/2022 12:00:00 AM,12/6/2022 7:00:00 PM,SERC,WEST,EKPC,EKPC,1521.948,True
12/7/2022 1:00:00 AM,12/6/2022 8:00:00 PM,SERC,WEST,EKPC,EKPC,1455.358,True
12/7/2022 2:00:00 AM,12/6/2022 9:00:00 PM,SERC,WEST,EKPC,EKPC,1383.648,True
12/7/2022 3:00:00 AM,12/6/2022 10:00:00 PM,SERC,WEST,EKPC,EKPC,1262.633,True
12/7/2022 4:00:00 AM,12/6/2022 11:00:00 PM,SERC,WEST,EKPC,EKPC,1186.615,True
12/7/2022 5:00:00 AM,12/7/2022 12:00:00 AM,SERC,WEST,EKPC,EKPC,1120.101,True
12/7/2022 6:00:00 AM,12/7/2022 1:00:00 AM,SERC,WEST,EKPC,EKPC,1100.021,True
12/7/2022 7:00:00 AM,12/7/2022 2:00:00 AM,SERC,WEST,EKPC,EKPC,1076.076,True
12/7/2022 8:00:00 AM,12/7/2022 3:00:00 AM,SERC,WEST,EKPC,EKPC,1080.561,True
12/7/2022 9:00:00 AM,12/7/2022 4:00:00 AM,SERC,WEST,EKPC,EKPC,1081.647,True
12/7/2022 10:00:00 AM,12/7/2022 5:00:00 AM,SERC,WEST,EKPC,EKPC,1092.163,True
12/7/2022 11:00:00 AM,12/7/2022 6:00:00 AM,SERC,WEST,EKPC,EKPC,1231.683,True
12/7/2022 12:00:00 PM,12/7/2022 7:00:00 AM,SERC,WEST,EKPC,EKPC,1254.835,True
12/7/2022 1:00:00 PM,12/7/2022 8:00:00 AM,SERC,WEST,EKPC,EKPC,1216.738,True
12/7/2022 2:00:00 PM,12/7/2022 9:00:00 AM,SERC,WEST,EKPC,EKPC,1233.062,True
12/7/2022 3:00:00 PM,12/7/2022 10:00:00 AM,SERC,WEST,EKPC,EKPC,1232.814,True
12/7/2022 4:00:00 PM,12/7/2022 11:00:00 AM,SERC,WEST,EKPC,EKPC,1220.991,True
12/7/2022 5:00:00 PM,12/7/2022 12:00:00 PM,SERC,WEST,EKPC,EKPC,1219.383,True
12/7/2022 6:00:00 PM,12/7/2022 1:00:00 PM,SERC,WEST,EKPC,EKPC,1225.777,True
12/7/2022 7:00:00 PM,12/7/2022 2:00:00 PM,SERC,WEST,EKPC,EKPC,1218.782,True
12/7/2022 8:00:00 PM,12/7/2022 3:00:00 PM,SERC,WEST,EKPC,EKPC,1266.044,True
12/7/2022 9:00:00 PM,12/7/2022 4:00:00 PM,SERC,WEST,EKPC,EKPC,1321.527,True
12/7/2022 10:00:00 PM,12/7/2022 5:00:00 PM,SERC,WEST,EKPC,EKPC,1420.228,True
12/7/2022 11:00:00 PM,12/7/2022 6:00:00 PM,SERC,WEST,EKPC,EKPC,1470.696,True
12/8/2022 12:00:00 AM,12/7/2022 7:00:00 PM,SERC,WEST,EKPC,EKPC,1467.116,True
12/8/2022 1:00:00 AM,12/7/2022 8:00:00 PM,SERC,WEST,EKPC,EKPC,1393.197,True
12/8/2022 2:00:00 AM,12/7/2022 9:00:00 PM,SERC,WEST,EKPC,EKPC,1337.697,True
12/8/2022 3:00:00 AM,12/7/2022 10:00:00 PM,SERC,WEST,EKPC,EKPC,1265.329,True
12/8/2022 4:00:00 AM,12/7/2022 11:00:00 PM,SERC,WEST,EKPC,EKPC,1180.327,True
12/8/2022 5:00:00 AM,12/8/2022 12:00:00 AM,SERC,WEST,EKPC,EKPC,1191.886,True
12/8/2022 6:00:00 AM,12/8/2022 1:00:00 AM,SERC,WEST,EKPC,EKPC,1159.262,True
12/8/2022 7:00:00 AM,12/8/2022 2:00:00 AM,SERC,WEST,EKPC,EKPC,1144.875,True
12/8/2022 8:00:00 AM,12/8/2022 3:00:00 AM,SERC,WEST,EKPC,EKPC,1202.754,True
12/8/2022 9:00:00 AM,12/8/2022 4:00:00 AM,SERC,WEST,EKPC,EKPC,1301.243,True
12/8/2022 10:00:00 AM,12/8/2022 5:00:00 AM,SERC,WEST,EKPC,EKPC,1326.242,True
12/8/2022 11:00:00 AM,12/8/2022 6:00:00 AM,SERC,WEST,EKPC,EKPC,1465.770,True
12/8/2022 12:00:00 PM,12/8/2022 7:00:00 AM,SERC,WEST,EKPC,EKPC,1518.274,True
12/8/2022 1:00:00 PM,12/8/2022 8:00:00 AM,SERC,WEST,EKPC,EKPC,1514.763,True
12/8/2022 2:00:00 PM,12/8/2022 9:00:00 AM,SERC,WEST,EKPC,EKPC,1524.475,True
12/8/2022 3:00:00 PM,12/8/2022 10:00:00 AM,SERC,WEST,EKPC,EKPC,1482.479,True
12/8/2022 4:00:00 PM,12/8/2022 11:00:00 AM,SERC,WEST,EKPC,EKPC,1493.602,True
12/8/2022 5:00:00 PM,12/8/2022 12:00:00 PM,SERC,WEST,EKPC,EKPC,1629.182,True
12/8/2022 6:00:00 PM,12/8/2022 1:00:00 PM,SERC,WEST,EKPC,EKPC,1499.682,True
12/8/2022 7:00:00 PM,12/8/2022 2:00:00 PM,SERC,WEST,EKPC,EKPC,1466.199,True
12/8/2022 8:00:00 PM,12/8/2022 3:00:00 PM,SERC,WEST,EKPC,EKPC,1523.528,True
12/8/2022 9:00:00 PM,12/8/2022 4:00:00 PM,SERC,WEST,EKPC,EKPC,1581.596,True
12/8/2022 10:00:00 PM,12/8/2022 5:00:00 PM,SERC,WEST,EKPC,EKPC,1647.814,True
12/8/2022 11:00:00 PM,12/8/2022 6:00:00 PM,SERC,WEST,EKPC,EKPC,1677.048,True
12/9/2022 12:00:00 AM,12/8/2022 7:00:00 PM,SERC,WEST,EKPC,EKPC,1646.505,True
12/9/2022 1:00:00 AM,12/8/2022 8:00:00 PM,SERC,WEST,EKPC,EKPC,1608.457,True
12/9/2022 2:00:00 AM,12/8/2022 9:00:00 PM,SERC,WEST,EKPC,EKPC,1669.338,True
12/9/2022 3:00:00 AM,12/8/2022 10:00:00 PM,SERC,WEST,EKPC,EKPC,1556.979,True
12/9/2022 4:00:00 AM,12/8/2022 11:00:00 PM,SERC,WEST,EKPC,EKPC,1442.599,True
12/9/2022 5:00:00 AM,12/9/2022 12:00:00 AM,SERC,WEST,EKPC,EKPC,1374.636,True
12/9/2022 6:00:00 AM,12/9/2022 1:00:00 AM,SERC,WEST,EKPC,EKPC,1342.186,True
12/9/2022 7:00:00 AM,12/9/2022 2:00:00 AM,SERC,WEST,EKPC,EKPC,1369.247,True
12/9/2022 8:00:00 AM,12/9/2022 3:00:00 AM,SERC,WEST,EKPC,EKPC,1358.865,True
12/9/2022 9:00:00 AM,12/9/2022 4:00:00 AM,SERC,WEST,EKPC,EKPC,1332.951,True
12/9/2022 10:00:00 AM,12/9/2022 5:00:00 AM,SERC,WEST,EKPC,EKPC,1442.766,True
12/9/2022 11:00:00 AM,12/9/2022 6:00:00 AM,SERC,WEST,EKPC,EKPC,1539.069,True
12/9/2022 12:00:00 PM,12/9/2022 7:00:00 AM,SERC,WEST,EKPC,EKPC,1652.683,True
12/9/2022 1:00:00 PM,12/9/2022 8:00:00 AM,SERC,WEST,EKPC,EKPC,1523.931,True
12/9/2022 2:00:00 PM,12/9/2022 9:00:00 AM,SERC,WEST,EKPC,EKPC,1507.489,True
12/9/2022 3:00:00 PM,12/9/2022 10:00:00 AM,SERC,WEST,EKPC,EKPC,1554.403,True
12/9/2022 4:00:00 PM,12/9/2022 11:00:00 AM,SERC,WEST,EKPC,EKPC,1514.085,True
12/9/2022 5:00:00 PM,12/9/2022 12:00:00 PM,SERC,WEST,EKPC,EKPC,1584.772,True
12/9/2022 6:00:00 PM,12/9/2022 1:00:00 PM,SERC,WEST,EKPC,EKPC,1449.660,True
12/9/2022 7:00:00 PM,12/9/2022 2:00:00 PM,SERC,WEST,EKPC,EKPC,1503.569,True
12/9/2022 8:00:00 PM,12/9/2022 3:00:00 PM,SERC,WEST,EKPC,EKPC,1413.944,True
12/9/2022 9:00:00 PM,12/9/2022 4:00:00 PM,SERC,WEST,EKPC,EKPC,1440.332,True
12/9/2022 10:00:00 PM,12/9/2022 5:00:00 PM,SERC,WEST,EKPC,EKPC,1445.394,True
12/9/2022 11:00:00 PM,12/9/2022 6:00:00 PM,SERC,WEST,EKPC,EKPC,1481.528,True
12/10/2022 12:00:00 AM,12/9/2022 7:00:00 PM,SERC,WEST,EKPC,EKPC,1505.508,True
12/10/2022 1:00:00 AM,12/9/2022 8:00:00 PM,SERC,WEST,EKPC,EKPC,1502.177,True
12/10/2022 2:00:00 AM,12/9/2022 9:00:00 PM,SERC,WEST,EKPC,EKPC,1424.342,True
12/10/2022 3:00:00 AM,12/9/2022 10:00:00 PM,SERC,WEST,EKPC,EKPC,1424.431,True
12/10/2022 4:00:00 AM,12/9/2022 11:00:00 PM,SERC,WEST,EKPC,EKPC,1362.166,True
12/10/2022 5:00:00 AM,12/10/2022 12:00:00 AM,SERC,WEST,EKPC,EKPC,1210.731,True
12/10/2022 6:00:00 AM,12/10/2022 1:00:00 AM,SERC,WEST,EKPC,EKPC,1185.357,True
12/10/2022 7:00:00 AM,12/10/2022 2:00:00 AM,SERC,WEST,EKPC,EKPC,1171.614,True
12/10/2022 8:00:00 AM,12/10/2022 3:00:00 AM,SERC,WEST,EKPC,EKPC,1193.174,True
12/10/2022 9:00:00 AM,12/10/2022 4:00:00 AM,SERC,WEST,EKPC,EKPC,1217.571,True
12/10/2022 10:00:00 AM,12/10/2022 5:00:00 AM,SERC,WEST,EKPC,EKPC,1353.755,True
12/10/2022 11:00:00 AM,12/10/2022 6:00:00 AM,SERC,WEST,EKPC,EKPC,1394.754,True
12/10/2022 12:00:00 PM,12/10/2022 7:00:00 AM,SERC,WEST,EKPC,EKPC,1470.758,True
12/10/2022 1:00:00 PM,12/10/2022 8:00:00 AM,SERC,WEST,EKPC,EKPC,1613.922,True
12/10/2022 2:00:00 PM,12/10/2022 9:00:00 AM,SERC,WEST,EKPC,EKPC,1582.061,True
12/10/2022 3:00:00 PM,12/10/2022 10:00:00 AM,SERC,WEST,EKPC,EKPC,1595.628,True
12/10/2022 4:00:00 PM,12/10/2022 11:00:00 AM,SERC,WEST,EKPC,EKPC,1467.461,True
12/10/2022 5:00:00 PM,12/10/2022 12:00:00 PM,SERC,WEST,EKPC,EKPC,1430.141,True
12/10/2022 6:00:00 PM,12/10/2022 1:00:00 PM,SERC,WEST,EKPC,EKPC,1385.938,True
12/10/2022 7:00:00 PM,12/10/2022 2:00:00 PM,SERC,WEST,EKPC,EKPC,1437.017,True
12/10/2022 8:00:00 PM,12/10/2022 3:00:00 PM,SERC,WEST,EKPC,EKPC,1496.867,True
12/10/2022 9:00:00 PM,12/10/2022 4:00:00 PM,SERC,WEST,EKPC,EKPC,1571.008,True
12/10/2022 10:00:00 PM,12/10/2022 5:00:00 PM,SERC,WEST,EKPC,EKPC,1574.404,True
12/10/2022 11:00:00 PM,12/10/2022 6:00:00 PM,SERC,WEST,EKPC,EKPC,1565.458,True
12/11/2022 12:00:00 AM,12/10/2022 7:00:00 PM,SERC,WEST,EKPC,EKPC,1579.152,True
12/11/2022 1:00:00 AM,12/10/2022 8:00:00 PM,SERC,WEST,EKPC,EKPC,1538.940,True
12/11/2022 2:00:00 AM,12/10/2022 9:00:00 PM,SERC,WEST,EKPC,EKPC,1510.875,True
12/11/2022 3:00:00 AM,12/10/2022 10:00:00 PM,SERC,WEST,EKPC,EKPC,1394.678,True
12/11/2022 4:00:00 AM,12/10/2022 11:00:00 PM,SERC,WEST,EKPC,EKPC,1375.492,True
12/11/2022 5:00:00 AM,12/11/2022 12:00:00 AM,SERC,WEST,EKPC,EKPC,1358.310,True
12/11/2022 6:00:00 AM,12/11/2022 1:00:00 AM,SERC,WEST,EKPC,EKPC,1362.140,True
12/11/2022 7:00:00 AM,12/11/2022 2:00:00 AM,SERC,WEST,EKPC,EKPC,1317.984,True
12/11/2022 8:00:00 AM,12/11/2022 3:00:00 AM,SERC,WEST,EKPC,EKPC,1353.851,True
12/11/2022 9:00:00 AM,12/11/2022 4:00:00 AM,SERC,WEST,EKPC,EKPC,1290.382,True
12/11/2022 10:00:00 AM,12/11/2022 5:00:00 AM,SERC,WEST,EKPC,EKPC,1349.955,True
12/11/2022 11:00:00 AM,12/11/2022 6:00:00 AM,SERC,WEST,EKPC,EKPC,1396.874,True
12/11/2022 12:00:00 PM,12/11/2022 7:00:00 AM,SERC,WEST,EKPC,EKPC,1446.060,True
12/11/2022 1:00:00 PM,12/11/2022 8:00:00 AM,SERC,WEST,EKPC,EKPC,1486.055,True
12/11/2022 2:00:00 PM,12/11/2022 9:00:00 AM,SERC,WEST,EKPC,EKPC,1556.508,True
12/11/2022 3:00:00 PM,12/11/2022 10:00:00 AM,SERC,WEST,EKPC,EKPC,1622.103,True
12/11/2022 4:00:00 PM,12/11/2022 11:00:00 AM,SERC,WEST,EKPC,EKPC,1586.670,True
12/11/2022 5:00:00 PM,12/11/2022 12:00:00 PM,SERC,WEST,EKPC,EKPC,1566.473,True
12/11/2022 6:00:00 PM,12/11/2022 1:00:00 PM,SERC,WEST,EKPC,EKPC,1579.219,True
12/11/2022 7:00:00 PM,12/11/2022 2:00:00 PM,SERC,WEST,EKPC,EKPC,1628.695,True
12/11/2022 8:00:00 PM,12/11/2022 3:00:00 PM,SERC,WEST,EKPC,EKPC,1581.709,True
12/11/2022 9:00:00 PM,12/11/2022 4:00:00 PM,SERC,WEST,EKPC,EKPC,1649.907,True
12/11/2022 10:00:00 PM,12/11/2022 5:00:00 PM,SERC,WEST,EKPC,EKPC,1677.398,True
12/11/2022 11:00:00 PM,12/11/2022 6:00:00 PM,SERC,WEST,EKPC,EKPC,1626.419,True
12/12/2022 12:00:00 AM,12/11/2022 7:00:00 PM,SERC,WEST,EKPC,EKPC,1624.047,True
12/12/2022 1:00:00 AM,12/11/2022 8:00:00 PM,SERC,WEST,EKPC,EKPC,1604.428,True
12/12/2022 2:00:00 AM,12/11/2022 9:00:00 PM,SERC,WEST,EKPC,EKPC,1551.659,True
12/12/2022 3:00:00 AM,12/11/2022 10:00:00 PM,SERC,WEST,EKPC,EKPC,1564.137,True
12/12/2022 4:00:00 AM,12/11/2022 11:00:00 PM,SERC,WEST,EKPC,EKPC,1416.288,True
12/12/2022 5:00:00 AM,12/12/2022 12:00:00 AM,SERC,WEST,EKPC,EKPC,1354.980,True
12/12/2022 6:00:00 AM,12/12/2022 1:00:00 AM,SERC,WEST,EKPC,EKPC,1364.648,True
12/12/2022 7:00:00 AM,12/12/2022 2:00:00 AM,SERC,WEST,EKPC,EKPC,1489.799,True
12/12/2022 8:00:00 AM,12/12/2022 3:00:00 AM,SERC,WEST,EKPC,EKPC,1519.666,True
12/12/2022 9:00:00 AM,12/12/2022 4:00:00 AM,SERC,WEST,EKPC,EKPC,1574.268,True
12/12/2022 10:00:00 AM,12/12/2022 5:00:00 AM,SERC,WEST,EKPC,EKPC,1722.333,True
12/12/2022 11:00:00 AM,12/12/2022 6:00:00 AM,SERC,WEST,EKPC,EKPC,1829.423,True
12/12/2022 12:00:00 PM,12/12/2022 7:00:00 AM,SERC,WEST,EKPC,EKPC,1934.662,True
12/12/2022 1:00:00 PM,12/12/2022 8:00:00 AM,SERC,WEST,EKPC,EKPC,1882.857,True
12/12/2022 2:00:00 PM,12/12/2022 9:00:00 AM,SERC,WEST,EKPC,EKPC,1799.114,True
12/12/2022 3:00:00 PM,12/12/2022 10:00:00 AM,SERC,WEST,EKPC,EKPC,1757.939,True
12/12/2022 4:00:00 PM,12/12/2022 11:00:00 AM,SERC,WEST,EKPC,EKPC,1675.948,True
12/12/2022 5:00:00 PM,12/12/2022 12:00:00 PM,SERC,WEST,EKPC,EKPC,1571.566,True
12/12/2022 6:00:00 PM,12/12/2022 1:00:00 PM,SERC,WEST,EKPC,EKPC,1557.068,True
12/12/2022 7:00:00 PM,12/12/2022 2:00:00 PM,SERC,WEST,EKPC,EKPC,1531.372,True
12/12/2022 8:00:00 PM,12/12/2022 3:00:00 PM,SERC,WEST,EKPC,EKPC,1511.489,True
12/12/2022 9:00:00 PM,12/12/2022 4:00:00 PM,SERC,WEST,EKPC,EKPC,1579.606,True
12/12/2022 10:00:00 PM,12/12/2022 5:00:00 PM,SERC,WEST,EKPC,EKPC,1620.758,True
12/12/2022 11:00:00 PM,12/12/2022 6:00:00 PM,SERC,WEST,EKPC,EKPC,1729.402,True
12/13/2022 12:00:00 AM,12/12/2022 7:00:00 PM,SERC,WEST,EKPC,EKPC,1782.965,True
12/13/2022 1:00:00 AM,12/12/2022 8:00:00 PM,SERC,WEST,EKPC,EKPC,1960.239,True
12/13/2022 2:00:00 AM,12/12/2022 9:00:00 PM,SERC,WEST,EKPC,EKPC,1899.078,True
12/13/2022 3:00:00 AM,12/12/2022 10:00:00 PM,SERC,WEST,EKPC,EKPC,1843.269,True
12/13/2022 4:00:00 AM,12/12/2022 11:00:00 PM,SERC,WEST,EKPC,EKPC,1782.017,True
12/13/2022 5:00:00 AM,12/13/2022 12:00:00 AM,SERC,WEST,EKPC,EKPC,1807.989,True
12/13/2022 6:00:00 AM,12/13/2022 1:00:00 AM,SERC,WEST,EKPC,EKPC,1754.244,True
12/13/2022 7:00:00 AM,12/13/2022 2:00:00 AM,SERC,WEST,EKPC,EKPC,1808.619,True
12/13/2022 8:00:00 AM,12/13/2022 3:00:00 AM,SERC,WEST,EKPC,EKPC,1823.391,True
12/13/2022 9:00:00 AM,12/13/2022 4:00:00 AM,SERC,WEST,EKPC,EKPC,1871.153,True
12/13/2022 10:00:00 AM,12/13/2022 5:00:00 AM,SERC,WEST,EKPC,EKPC,2031.762,True
12/13/2022 11:00:00 AM,12/13/2022 6:00:00 AM,SERC,WEST,EKPC,EKPC,2115.181,True
12/13/2022 12:00:00 PM,12/13/2022 7:00:00 AM,SERC,WEST,EKPC,EKPC,2169.734,True
12/13/2022 1:00:00 PM,12/13/2022 8:00:00 AM,SERC,WEST,EKPC,EKPC,2054.907,True
12/13/2022 2:00:00 PM,12/13/2022 9:00:00 AM,SERC,WEST,EKPC,EKPC,1956.407,True
12/13/2022 3:00:00 PM,12/13/2022 10:00:00 AM,SERC,WEST,EKPC,EKPC,1823.122,True
12/13/2022 4:00:00 PM,12/13/2022 11:00:00 AM,SERC,WEST,EKPC,EKPC,1768.031,True
12/13/2022 5:00:00 PM,12/13/2022 12:00:00 PM,SERC,WEST,EKPC,EKPC,1643.843,True
12/13/2022 6:00:00 PM,12/13/2022 1:00:00 PM,SERC,WEST,EKPC,EKPC,1646.856,True
12/13/2022 7:00:00 PM,12/13/2022 2:00:00 PM,SERC,WEST,EKPC,EKPC,1499.734,True
12/13/2022 8:00:00 PM,12/13/2022 3:00:00 PM,SERC,WEST,EKPC,EKPC,1535.272,True
12/13/2022 9:00:00 PM,12/13/2022 4:00:00 PM,SERC,WEST,EKPC,EKPC,1646.144,True
12/13/2022 10:00:00 PM,12/13/2022 5:00:00 PM,SERC,WEST,EKPC,EKPC,1755.752,True
12/13/2022 11:00:00 PM,12/13/2022 6:00:00 PM,SERC,WEST,EKPC,EKPC,1772.849,True
12/14/2022 12:00:00 AM,12/13/2022 7:00:00 PM,SERC,WEST,EKPC,EKPC,1760.843,True
12/14/2022 1:00:00 AM,12/13/2022 8:00:00 PM,SERC,WEST,EKPC,EKPC,1844.901,True
12/14/2022 2:00:00 AM,12/13/2022 9:00:00 PM,SERC,WEST,EKPC,EKPC,1710.675,True
12/14/2022 3:00:00 AM,12/13/2022 10:00:00 PM,SERC,WEST,EKPC,EKPC,1545.614,True
12/14/2022 4:00:00 AM,12/13/2022 11:00:00 PM,SERC,WEST,EKPC,EKPC,1590.848,True
12/14/2022 5:00:00 AM,12/14/2022 12:00:00 AM,SERC,WEST,EKPC,EKPC,1506.778,True
12/14/2022 6:00:00 AM,12/14/2022 1:00:00 AM,SERC,WEST,EKPC,EKPC,1547.012,True
12/14/2022 7:00:00 AM,12/14/2022 2:00:00 AM,SERC,WEST,EKPC,EKPC,1471.257,True
12/14/2022 8:00:00 AM,12/14/2022 3:00:00 AM,SERC,WEST,EKPC,EKPC,1528.311,True
12/14/2022 9:00:00 AM,12/14/2022 4:00:00 AM,SERC,WEST,EKPC,EKPC,1492.686,True
12/14/2022 10:00:00 AM,12/14/2022 5:00:00 AM,SERC,WEST,EKPC,EKPC,1592.674,True
12/14/2022 11:00:00 AM,12/14/2022 6:00:00 AM,SERC,WEST,EKPC,EKPC,1697.297,True
12/14/2022 12:00:00 PM,12/14/2022 7:00:00 AM,SERC,WEST,EKPC,EKPC,1745.409,True
12/14/2022 1:00:00 PM,12/14/2022 8:00:00 AM,SERC,WEST,EKPC,EKPC,1759.707,True
12/14/2022 2:00:00 PM,12/14/2022 9:00:00 AM,SERC,WEST,EKPC,EKPC,1704.572,True
12/14/2022 3:00:00 PM,12/14/2022 10:00:00 AM,SERC,WEST,EKPC,EKPC,1665.970,True
12/14/2022 4:00:00 PM,12/14/2022 11:00:00 AM,SERC,WEST,EKPC,EKPC,1659.564,True
12/14/2022 5:00:00 PM,12/14/2022 12:00:00 PM,SERC,WEST,EKPC,EKPC,1643.429,True
12/14/2022 6:00:00 PM,12/14/2022 1:00:00 PM,SERC,WEST,EKPC,EKPC,1642.325,True
12/14/2022 7:00:00 PM,12/14/2022 2:00:00 PM,SERC,WEST,EKPC,EKPC,1632.354,True
12/14/2022 8:00:00 PM,12/14/2022 3:00:00 PM,SERC,WEST,EKPC,EKPC,1653.359,True
12/14/2022 9:00:00 PM,12/14/2022 4:00:00 PM,SERC,WEST,EKPC,EKPC,1650.294,True
12/14/2022 10:00:00 PM,12/14/2022 5:00:00 PM,SERC,WEST,EKPC,EKPC,1715.560,True
12/14/2022 11:00:00 PM,12/14/2022 6:00:00 PM,SERC,WEST,EKPC,EKPC,1797.784,True
12/15/2022 12:00:00 AM,12/14/2022 7:00:00 PM,SERC,WEST,EKPC,EKPC,1704.737,True
12/15/2022 1:00:00 AM,12/14/2022 8:00:00 PM,SERC,WEST,EKPC,EKPC,1732.227,True
12/15/2022 2:00:00 AM,12/14/2022 9:00:00 PM,SERC,WEST,EKPC,EKPC,1650.726,True
12/15/2022 3:00:00 AM,12/14/2022 10:00:00 PM,SERC,WEST,EKPC,EKPC,1495.507,True
12/15/2022 4:00:00 AM,12/14/2022 11:00:00 PM,SERC,WEST,EKPC,EKPC,1365.368,True
12/15/2022 5:00:00 AM,12/15/2022 12:00:00 AM,SERC,WEST,EKPC,EKPC,1312.667,True
12/15/2022 6:00:00 AM,12/15/2022 1:00:00 AM,SERC,WEST,EKPC,EKPC,1203.064,True
12/15/2022 7:00:00 AM,12/15/2022 2:00:00 AM,SERC,WEST,EKPC,EKPC,1166.243,True
12/15/2022 8:00:00 AM,12/15/2022 3:00:00 AM,SERC,WEST,EKPC,EKPC,1173.250,True
12/15/2022 9:00:00 AM,12/15/2022 4:00:00 AM,SERC,WEST,EKPC,EKPC,1264.454,True
12/15/2022 10:00:00 AM,12/15/2022 5:00:00 AM,SERC,WEST,EKPC,EKPC,1311.514,True
12/15/2022 11:00:00 AM,12/15/2022 6:00:00 AM,SERC,WEST,EKPC,EKPC,1471.198,True
12/15/2022 12:00:00 PM,12/15/2022 7:00:00 AM,SERC,WEST,EKPC,EKPC,1582.164,True
12/15/2022 1:00:00 PM,12/15/2022 8:00:00 AM,SERC,WEST,EKPC,EKPC,1579.603,True
12/15/2022 2:00:00 PM,12/15/2022 9:00:00 AM,SERC,WEST,EKPC,EKPC,1647.822,True
12/15/2022 3:00:00 PM,12/15/2022 10:00:00 AM,SERC,WEST,EKPC,EKPC,1540.527,True
12/15/2022 4:00:00 PM,12/15/2022 11:00:00 AM,SERC,WEST,EKPC,EKPC,1518.061,True
12/15/2022 5:00:00 PM,12/15/2022 12:00:00 PM,SERC,WEST,EKPC,EKPC,1508.541,True
12/15/2022 6:00:00 PM,12/15/2022 1:00:00 PM,SERC,WEST,EKPC,EKPC,1488.748,True
12/15/2022 7:00:00 PM,12/15/2022 2:00:00 PM,SERC,WEST,EKPC,EKPC,1489.423,True
12/15/2022 8:00:00 PM,12/15/2022 3:00:00 PM,SERC,WEST,EKPC,EKPC,1450.556,True
12/15/2022 9:00:00 PM,12/15/2022 4:00:00 PM,SERC,WEST,EKPC,EKPC,1477.221,True
12/15/2022 10:00:00 PM,12/15/2022 5:00:00 PM,SERC,WEST,EKPC,EKPC,1670.597,True
12/15/2022 11:00:00 PM,12/15/2022 6:00:00 PM,SERC,WEST,EKPC,EKPC,1824.263,True
12/16/2022 12:00:00 AM,12/15/2022 7:00:00 PM,SERC,WEST,EKPC,EKPC,1714.322,True
12/16/2022 1:00:00 AM,12/15/2022 8:00:00 PM,SERC,WEST,EKPC,EKPC,1717.231,True
12/16/2022 2:00:00 AM,12/15/2022 9:00:00 PM,SERC,WEST,EKPC,EKPC,1676.346,True
12/16/2022 3:00:00 AM,12/15/2022 10:00:00 PM,SERC,WEST,EKPC,EKPC,1640.391,True
12/16/2022 4:00:00 AM,12/15/2022 11:00:00 PM,SERC,WEST,EKPC,EKPC,1636.401,True
12/16/2022 5:00:00 AM,12/16/2022 12:00:00 AM,SERC,WEST,EKPC,EKPC,1558.470,True
12/16/2022 6:00:00 AM,12/16/2022 1:00:00 AM,SERC,WEST,EKPC,EKPC,1501.448,True
12/16/2022 7:00:00 AM,12/16/2022 2:00:00 AM,SERC,WEST,EKPC,EKPC,1503.326,True
12/16/2022 8:00:00 AM,12/16/2022 3:00:00 AM,SERC,WEST,EKPC,EKPC,1581.664,True
12/16/2022 9:00:00 AM,12/16/2022 4:00:00 AM,SERC,WEST,EKPC,EKPC,1662.534,True
12/16/2022 10:00:00 AM,12/16/2022 5:00:00 AM,SERC,WEST,EKPC,EKPC,1743.960,True
12/16/2022 11:00:00 AM,12/16/2022 6:00:00 AM,SERC,WEST,EKPC,EKPC,1919.564,True
12/16/2022 12:00:00 PM,12/16/2022 7:00:00 AM,SERC,WEST,EKPC,EKPC,2005.516,True
12/16/2022 1:00:00 PM,12/16/2022 8:00:00 AM,SERC,WEST,EKPC,EKPC,1954.556,True
12/16/2022 2:00:00 PM,12/16/2022 9:00:00 AM,SERC,WEST,EKPC,EKPC,1895.357,True
12/16/2022 3:00:00 PM,12/16/2022 10:00:00 AM,SERC,WEST,EKPC,EKPC,1775.981,True
12/16/2022 4:00:00 PM,12/16/2022 11:00:00 AM,SERC,WEST,EKPC,EKPC,1760.201,True
12/16/2022 5:00:00 PM,12/16/2022 12:00:00 PM,SERC,WEST,EKPC,EKPC,1704.227,True
12/16/2022 6:00:00 PM,12/16/2022 1:00:00 PM,SERC,WEST,EKPC,EKPC,1670.784,True
12/16/2022 7:00:00 PM,12/16/2022 2:00:00 PM,SERC,WEST,EKPC,EKPC,1653.094,True
12/16/2022 8:00:00 PM,12/16/2022 3:00:00 PM,SERC,WEST,EKPC,EKPC,1634.825,True
12/16/2022 9:00:00 PM,12/16/2022 4:00:00 PM,SERC,WEST,EKPC,EKPC,1684.473,True
12/16/2022 10:00:00 PM,12/16/2022 5:00:00 PM,SERC,WEST,EKPC,EKPC,1849.938,True
12/16/2022 11:00:00 PM,12/16/2022 6:00:00 PM,SERC,WEST,EKPC,EKPC,1836.383,True
12/17/2022 12:00:00 AM,12/16/2022 7:00:00 PM,SERC,WEST,EKPC,EKPC,1941.477,True
12/17/2022 1:00:00 AM,12/16/2022 8:00:00 PM,SERC,WEST,EKPC,EKPC,1935.443,True
12/17/2022 2:00:00 AM,12/16/2022 9:00:00 PM,SERC,WEST,EKPC,EKPC,1954.470,True
12/17/2022 3:00:00 AM,12/16/2022 10:00:00 PM,SERC,WEST,EKPC,EKPC,1829.121,True
12/17/2022 4:00:00 AM,12/16/2022 11:00:00 PM,SERC,WEST,EKPC,EKPC,1813.381,True
12/17/2022 5:00:00 AM,12/17/2022 12:00:00 AM,SERC,WEST,EKPC,EKPC,1763.071,True
12/17/2022 6:00:00 AM,12/17/2022 1:00:00 AM,SERC,WEST,EKPC,EKPC,1774.604,True
12/17/2022 7:00:00 AM,12/17/2022 2:00:00 AM,SERC,WEST,EKPC,EKPC,1730.463,True
12/17/2022 8:00:00 AM,12/17/2022 3:00:00 AM,SERC,WEST,EKPC,EKPC,1791.714,True
12/17/2022 9:00:00 AM,12/17/2022 4:00:00 AM,SERC,WEST,EKPC,EKPC,1733.793,True
12/17/2022 10:00:00 AM,12/17/2022 5:00:00 AM,SERC,WEST,EKPC,EKPC,1927.276,True
12/17/2022 11:00:00 AM,12/17/2022 6:00:00 AM,SERC,WEST,EKPC,EKPC,1872.239,True
12/17/2022 12:00:00 PM,12/17/2022 7:00:00 AM,SERC,WEST,EKPC,EKPC,2003.600,True
12/17/2022 1:00:00 PM,12/17/2022 8:00:00 AM,SERC,WEST,EKPC,EKPC,2012.268,True
12/17/2022 2:00:00 PM,12/17/2022 9:00:00 AM,SERC,WEST,EKPC,EKPC,1916.760,True
12/17/2022 3:00:00 PM,12/17/2022 10:00:00 AM,SERC,WEST,EKPC,EKPC,1849.298,True
12/17/2022 4:00:00 PM,12/17/2022 11:00:00 AM,SERC,WEST,EKPC,EKPC,1883.293,True
12/17/2022 5:00:00 PM,12/17/2022 12:00:00 PM,SERC,WEST,EKPC,EKPC,1860.872,True
12/17/2022 6:00:00 PM,12/17/2022 1:00:00 PM,SERC,WEST,EKPC,EKPC,1821.225,True
12/17/2022 7:00:00 PM,12/17/2022 2:00:00 PM,SERC,WEST,EKPC,EKPC,1741.800,True
12/17/2022 8:00:00 PM,12/17/2022 3:00:00 PM,SERC,WEST,EKPC,EKPC,1810.308,True
12/17/2022 9:00:00 PM,12/17/2022 4:00:00 PM,SERC,WEST,EKPC,EKPC,1893.232,True
12/17/2022 10:00:00 PM,12/17/2022 5:00:00 PM,SERC,WEST,EKPC,EKPC,1896.145,True
12/17/2022 11:00:00 PM,12/17/2022 6:00:00 PM,SERC,WEST,EKPC,EKPC,2027.597,True
12/18/2022 12:00:00 AM,12/17/2022 7:00:00 PM,SERC,WEST,EKPC,EKPC,1923.575,True
12/18/2022 1:00:00 AM,12/17/2022 8:00:00 PM,SERC,WEST,EKPC,EKPC,1919.864,True
12/18/2022 2:00:00 AM,12/17/2022 9:00:00 PM,SERC,WEST,EKPC,EKPC,1956.684,True
12/18/2022 3:00:00 AM,12/17/2022 10:00:00 PM,SERC,WEST,EKPC,EKPC,1940.028,True
12/18/2022 4:00:00 AM,12/17/2022 11:00:00 PM,SERC,WEST,EKPC,EKPC,1905.275,True
12/18/2022 5:00:00 AM,12/18/2022 12:00:00 AM,SERC,WEST,EKPC,EKPC,1858.579,True
12/18/2022 6:00:00 AM,12/18/2022 1:00:00 AM,SERC,WEST,EKPC,EKPC,1758.807,True
12/18/2022 7:00:00 AM,12/18/2022 2:00:00 AM,SERC,WEST,EKPC,EKPC,1838.459,True
12/18/2022 8:00:00 AM,12/18/2022 3:00:00 AM,SERC,WEST,EKPC,EKPC,1847.674,True
12/18/2022 9:00:00 AM,12/18/2022 4:00:00 AM,SERC,WEST,EKPC,EKPC,1923.091,True
12/18/2022 10:00:00 AM,12/18/2022 5:00:00 AM,SERC,WEST,EKPC,EKPC,1945.804,True
12/18/2022 11:00:00 AM,12/18/2022 6:00:00 AM,SERC,WEST,EKPC,EKPC,1990.762,True
12/18/2022 12:00:00 PM,12/18/2022 7:00:00 AM,SERC,WEST,EKPC,EKPC,2070.673,True
12/18/2022 1:00:00 PM,12/18/2022 8:00:00 AM,SERC,WEST,EKPC,EKPC,2173.531,True
12/18/2022 2:00:00 PM,12/18/2022 9:00:00 AM,SERC,WEST,EKPC,EKPC,2127.128,True
12/18/2022 3:00:00 PM,12/18/2022 10:00:00 AM,SERC,WEST,EKPC,EKPC,2077.419,True
12/18/2022 4:00:00 PM,12/18/2022 11:00:00 AM,SERC,WEST,EKPC,EKPC,2054.733,True
12/18/2022 5:00:00 PM,12/18/2022 12:00:00 PM,SERC,WEST,EKPC,EKPC,2012.406,True
12/18/2022 6:00:00 PM,12/18/2022 1:00:00 PM,SERC,WEST,EKPC,EKPC,1936.251,True
12/18/2022 7:00:00 PM,12/18/2022 2:00:00 PM,SERC,WEST,EKPC,EKPC,1803.548,True
12/18/2022 8:00:00 PM,12/18/2022 3:00:00 PM,SERC,WEST,EKPC,EKPC,1761.111,True
12/18/2022 9:00:00 PM,12/18/2022 4:00:00 PM,SERC,WEST,EKPC,EKPC,1838.363,True
12/18/2022 10:00:00 PM,12/18/2022 5:00:00 PM,SERC,WEST,EKPC,EKPC,1992.522,True
12/18/2022 11:00:00 PM,12/18/2022 6:00:00 PM,SERC,WEST,EKPC,EKPC,2090.793,True
12/19/2022 12:00:00 AM,12/18/2022 7:00:00 PM,SERC,WEST,EKPC,EKPC,2147.659,True
12/19/2022 1:00:00 AM,12/18/2022 8:00:00 PM,SERC,WEST,EKPC,EKPC,2244.123,True
12/19/2022 2:00:00 AM,12/18/2022 9:00:00 PM,SERC,WEST,EKPC,EKPC,2170.604,True
12/19/2022 3:00:00 AM,12/18/2022 10:00:00 PM,SERC,WEST,EKPC,EKPC,2161.428,True
12/19/2022 4:00:00 AM,12/18/2022 11:00:00 PM,SERC,WEST,EKPC,EKPC,2097.318,True
12/19/2022 5:00:00 AM,12/19/2022 12:00:00 AM,SERC,WEST,EKPC,EKPC,2123.671,True
12/19/2022 6:00:00 AM,12/19/2022 1:00:00 AM,SERC,WEST,EKPC,EKPC,2060.875,True
12/19/2022 7:00:00 AM,12/19/2022 2:00:00 AM,SERC,WEST,EKPC,EKPC,2158.493,True
12/19/2022 8:00:00 AM,12/19/2022 3:00:00 AM,SERC,WEST,EKPC,EKPC,2171.334,True
12/19/2022 9:00:00 AM,12/19/2022 4:00:00 AM,SERC,WEST,EKPC,EKPC,2223.887,True
12/19/2022 10:00:00 AM,12/19/2022 5:00:00 AM,SERC,WEST,EKPC,EKPC,2319.765,True
12/19/2022 11:00:00 AM,12/19/2022 6:00:00 AM,SERC,WEST,EKPC,EKPC,2625.895,True
12/19/2022 12:00:00 PM,12/19/2022 7:00:00 AM,SERC,WEST,EKPC,EKPC,2597.264,True
12/19/2022 1:00:00 PM,12/19/2022 8:00:00 AM,SERC,WEST,EKPC,EKPC,2612.295,True
12/19/2022 2:00:00 PM,12/19/2022 9:00:00 AM,SERC,WEST,EKPC,EKPC,2521.144,True
12/19/2022 3:00:00 PM,12/19/2022 10:00:00 AM,SERC,WEST,EKPC,EKPC,2373.186,True
12/19/2022 4:00:00 PM,12/19/2022 11:00:00 AM,SERC,WEST,EKPC,EKPC,2284.696,True
12/19/2022 5:00:00 PM,12/19/2022 12:00:00 PM,SERC,WEST,EKPC,EKPC,2073.237,True
12/19/2022 6:00:00 PM,12/19/2022 1:00:00 PM,SERC,WEST,EKPC,EKPC,1895.810,True
12/19/2022 7:00:00 PM,12/19/2022 2:00:00 PM,SERC,WEST,EKPC,EKPC,1838.102,True
12/19/2022 8:00:00 PM,12/19/2022 3:00:00 PM,SERC,WEST,EKPC,EKPC,1862.423,True
12/19/2022 9:00:00 PM,12/19/2022 4:00:00 PM,SERC,WEST,EKPC,EKPC,1879.342,True
12/19/2022 10:00:00 PM,12/19/2022 5:00:00 PM,SERC,WEST,EKPC,EKPC,2010.550,True
12/19/2022 11:00:00 PM,12/19/2022 6:00:00 PM,SERC,WEST,EKPC,EKPC,2078.604,True
12/20/2022 12:00:00 AM,12/19/2022 7:00:00 PM,SERC,WEST,EKPC,EKPC,2169.860,True
12/20/2022 1:00:00 AM,12/19/2022 8:00:00 PM,SERC,WEST,EKPC,EKPC,2065.802,True
12/20/2022 2:00:00 AM,12/19/2022 9:00:00 PM,SERC,WEST,EKPC,EKPC,2037.452,True
12/20/2022 3:00:00 AM,12/19/2022 10:00:00 PM,SERC,WEST,EKPC,EKPC,2001.981,True
12/20/2022 4:00:00 AM,12/19/2022 11:00:00 PM,SERC,WEST,EKPC,EKPC,1935.058,True
12/20/2022 5:00:00 AM,12/20/2022 12:00:00 AM,SERC,WEST,EKPC,EKPC,1922.230,True
12/20/2022 6:00:00 AM,12/20/2022 1:00:00 AM,SERC,WEST,EKPC,EKPC,1993.946,True
12/20/2022 7:00:00 AM,12/20/2022 2:00:00 AM,SERC,WEST,EKPC,EKPC,1942.782,True
12/20/2022 8:00:00 AM,12/20/2022 3:00:00 AM,SERC,WEST,EKPC,EKPC,1950.676,True
12/20/2022 9:00:00 AM,12/20/2022 4:00:00 AM,SERC,WEST,EKPC,EKPC,2029.704,True
12/20/2022 10:00:00 AM,12/20/2022 5:00:00 AM,SERC,WEST,EKPC,EKPC,1989.607,True
12/20/2022 11:00:00 AM,12/20/2022 6:00:00 AM,SERC,WEST,EKPC,EKPC,2081.994,True
12/20/2022 12:00:00 PM,12/20/2022 7:00:00 AM,SERC,WEST,EKPC,EKPC,2164.056,True
12/20/2022 1:00:00 PM,12/20/2022 8:00:00 AM,SERC,WEST,EKPC,EKPC,2210.986,True
12/20/2022 2:00:00 PM,12/20/2022 9:00:00 AM,SERC,WEST,EKPC,EKPC,2108.304,True
12/20/2022 3:00:00 PM,12/20/2022 10:00:00 AM,SERC,WEST,EKPC,EKPC,1980.906,True
12/20/2022 4:00:00 PM,12/20/2022 11:00:00 AM,SERC,WEST,EKPC,EKPC,1854.264,True
12/20/2022 5:00:00 PM,12/20/2022 12:00:00 PM,SERC,WEST,EKPC,EKPC,1801.292,True
12/20/2022 6:00:00 PM,12/20/2022 1:00:00 PM,SERC,WEST,EKPC,EKPC,1686.445,True
12/20/2022 7:00:00 PM,12/20/2022 2:00:00 PM,SERC,WEST,EKPC,EKPC,1675.153,True
12/20/2022 8:00:00 PM,12/20/2022 3:00:00 PM,SERC,WEST,EKPC,EKPC,1665.838,True
12/20/2022 9:00:00 PM,12/20/2022 4:00:00 PM,SERC,WEST,EKPC,EKPC,1709.247,True
12/20/2022 10:00:00 PM,12/20/2022 5:00:00 PM,SERC,WEST,EKPC,EKPC,1878.622,True
12/20/2022 11:00:00 PM,12/20/2022 6:00:00 PM,SERC,WEST,EKPC,EKPC,1947.071,True
12/21/2022 12:00:00 AM,12/20/2022 7:00:00 PM,SERC,WEST,EKPC,EKPC,1908.622,True
12/21/2022 1:00:00 AM,12/20/2022 8:00:00 PM,SERC,WEST,EKPC,EKPC,1925.839,True
12/21/2022 2:00:00 AM,12/20/2022 9:00:00 PM,SERC,WEST,EKPC,EKPC,2072.386,True
12/21/2022 3:00:00 AM,12/20/2022 10:00:00 PM,SERC,WEST,EKPC,EKPC,1924.076,True
12/21/2022 4:00:00 AM,12/20/2022 11:00:00 PM,SERC,WEST,EKPC,EKPC,1984.619,True
12/21/2022 5:00:00 AM,12/21/2022 12:00:00 AM,SERC,WEST,EKPC,EKPC,1979.284,True
12/21/2022 6:00:00 AM,12/21/2022 1:00:00 AM,SERC,WEST,EKPC,EKPC,1930.165,True
12/21/2022 7:00:00 AM,12/21/2022 2:00:00 AM,SERC,WEST,EKPC,EKPC,1950.800,True
12/21/2022 8:00:00 AM,12/21/2022 3:00:00 AM,SERC,WEST,EKPC,EKPC,2001.351,True
12/21/2022 9:00:00 AM,12/21/2022 4:00:00 AM,SERC,WEST,EKPC,EKPC,2099.225,True
12/21/2022 10:00:00 AM,12/21/2022 5:00:00 AM,SERC,WEST,EKPC,EKPC,2173.234,True
12/21/2022 11:00:00 AM,12/21/2022 6:00:00 AM,SERC,WEST,EKPC,EKPC,2382.137,True
12/21/2022 12:00:00 PM,12/21/2022 7:00:00 AM,SERC,WEST,EKPC,EKPC,2432.714,True
12/21/2022 1:00:00 PM,12/21/2022 8:00:00 AM,SERC,WEST,EKPC,EKPC,2470.332,True
12/21/2022 2:00:00 PM,12/21/2022 9:00:00 AM,SERC,WEST,EKPC,EKPC,2273.752,True
12/21/2022 3:00:00 PM,12/21/2022 10:00:00 AM,SERC,WEST,EKPC,EKPC,2084.570,True
12/21/2022 4:00:00 PM,12/21/2022 11:00:00 AM,SERC,WEST,EKPC,EKPC,1891.359,True
12/21/2022 5:00:00 PM,12/21/2022 12:00:00 PM,SERC,WEST,EKPC,EKPC,1818.563,True
12/21/2022 6:00:00 PM,12/21/2022 1:00:00 PM,SERC,WEST,EKPC,EKPC,1712.006,True
12/21/2022 7:00:00 PM,12/21/2022 2:00:00 PM,SERC,WEST,EKPC,EKPC,1655.065,True
12/21/2022 8:00:00 PM,12/21/2022 3:00:00 PM,SERC,WEST,EKPC,EKPC,1566.280,True
12/21/2022 9:00:00 PM,12/21/2022 4:00:00 PM,SERC,WEST,EKPC,EKPC,1597.076,True
12/21/2022 10:00:00 PM,12/21/2022 5:00:00 PM,SERC,WEST,EKPC,EKPC,1782.871,True
12/21/2022 11:00:00 PM,12/21/2022 6:00:00 PM,SERC,WEST,EKPC,EKPC,1887.820,True
12/22/2022 12:00:00 AM,12/21/2022 7:00:00 PM,SERC,WEST,EKPC,EKPC,1882.431,True
12/22/2022 1:00:00 AM,12/21/2022 8:00:00 PM,SERC,WEST,EKPC,EKPC,1935.180,True
12/22/2022 2:00:00 AM,12/21/2022 9:00:00 PM,SERC,WEST,EKPC,EKPC,1900.351,True
12/22/2022 3:00:00 AM,12/21/2022 10:00:00 PM,SERC,WEST,EKPC,EKPC,1717.512,True
12/22/2022 4:00:00 AM,12/21/2022 11:00:00 PM,SERC,WEST,EKPC,EKPC,1748.515,True
12/22/2022 5:00:00 AM,12/22/2022 12:00:00 AM,SERC,WEST,EKPC,EKPC,1697.141,True
12/22/2022 6:00:00 AM,12/22/2022 1:00:00 AM,SERC,WEST,EKPC,EKPC,1670.226,True
12/22/2022 7:00:00 AM,12/22/2022 2:00:00 AM,SERC,WEST,EKPC,EKPC,1565.643,True
12/22/2022 8:00:00 AM,12/22/2022 3:00:00 AM,SERC,WEST,EKPC,EKPC,1628.147,True
12/22/2022 9:00:00 AM,12/22/2022 4:00:00 AM,SERC,WEST,EKPC,EKPC,1604.242,True
12/22/2022 10:00:00 AM,12/22/2022 5:00:00 AM,SERC,WEST,EKPC,EKPC,1644.828,True
12/22/2022 11:00:00 AM,12/22/2022 6:00:00 AM,SERC,WEST,EKPC,EKPC,1731.836,True
12/22/2022 12:00:00 PM,12/22/2022 7:00:00 AM,SERC,WEST,EKPC,EKPC,1765.527,True
12/22/2022 1:00:00 PM,12/22/2022 8:00:00 AM,SERC,WEST,EKPC,EKPC,1785.802,True
12/22/2022 2:00:00 PM,12/22/2022 9:00:00 AM,SERC,WEST,EKPC,EKPC,1788.927,True
12/22/2022 3:00:00 PM,12/22/2022 10:00:00 AM,SERC,WEST,EKPC,EKPC,1760.092,True
12/22/2022 4:00:00 PM,12/22/2022 11:00:00 AM,SERC,WEST,EKPC,EKPC,1648.105,True
12/22/2022 5:00:00 PM,12/22/2022 12:00:00 PM,SERC,WEST,EKPC,EKPC,1636.080,True
12/22/2022 6:00:00 PM,12/22/2022 1:00:00 PM,SERC,WEST,EKPC,EKPC,1693.537,True
12/22/2022 7:00:00 PM,12/22/2022 2:00:00 PM,SERC,WEST,EKPC,EKPC,1676.314,True
12/22/2022 8:00:00 PM,12/22/2022 3:00:00 PM,SERC,WEST,EKPC,EKPC,1643.613,True
12/22/2022 9:00:00 PM,12/22/2022 4:00:00 PM,SERC,WEST,EKPC,EKPC,1688.332,True
12/22/2022 10:00:00 PM,12/22/2022 5:00:00 PM,SERC,WEST,EKPC,EKPC,1835.153,True
12/22/2022 11:00:00 PM,12/22/2022 6:00:00 PM,SERC,WEST,EKPC,EKPC,1747.475,True
12/23/2022 12:00:00 AM,12/22/2022 7:00:00 PM,SERC,WEST,EKPC,EKPC,1814.370,True
12/23/2022 1:00:00 AM,12/22/2022 8:00:00 PM,SERC,WEST,EKPC,EKPC,1801.550,True
12/23/2022 2:00:00 AM,12/22/2022 9:00:00 PM,SERC,WEST,EKPC,EKPC,1818.333,True
12/23/2022 3:00:00 AM,12/22/2022 10:00:00 PM,SERC,WEST,EKPC,EKPC,1917.892,True
12/23/2022 4:00:00 AM,12/22/2022 11:00:00 PM,SERC,WEST,EKPC,EKPC,2059.598,True
12/23/2022 5:00:00 AM,12/23/2022 12:00:00 AM,SERC,WEST,EKPC,EKPC,2217.381,True
12/23/2022 6:00:00 AM,12/23/2022 1:00:00 AM,SERC,WEST,EKPC,EKPC,2459.351,True
12/23/2022 7:00:00 AM,12/23/2022 2:00:00 AM,SERC,WEST,EKPC,EKPC,2709.524,True
12/23/2022 8:00:00 AM,12/23/2022 3:00:00 AM,SERC,WEST,EKPC,EKPC,2912.463,True
12/23/2022 9:00:00 AM,12/23/2022 4:00:00 AM,SERC,WEST,EKPC,EKPC,3097.927,True
12/23/2022 10:00:00 AM,12/23/2022 5:00:00 AM,SERC,WEST,EKPC,EKPC,3261.343,True
12/23/2022 11:00:00 AM,12/23/2022 6:00:00 AM,SERC,WEST,EKPC,EKPC,3429.219,True
12/23/2022 12:00:00 PM,12/23/2022 7:00:00 AM,SERC,WEST,EKPC,EKPC,3492.812,True
12/23/2022 1:00:00 PM,12/23/2022 8:00:00 AM,SERC,WEST,EKPC,EKPC,3610.170,True
12/23/2022 2:00:00 PM,12/23/2022 9:00:00 AM,SERC,WEST,EKPC,EKPC,3641.575,True
12/23/2022 3:00:00 PM,12/23/2022 10:00:00 AM,SERC,WEST,EKPC,EKPC,3657.432,True
12/23/2022 4:00:00 PM,12/23/2022 11:00:00 AM,SERC,WEST,EKPC,EKPC,3623.879,True
12/23/2022 5:00:00 PM,12/23/2022 12:00:00 PM,SERC,WEST,EKPC,EKPC,3601.889,True
12/23/2022 6:00:00 PM,12/23/2022 1:00:00 PM,SERC,WEST,EKPC,EKPC,3575.745,True
12/23/2022 7:00:00 PM,12/23/2022 2:00:00 PM,SERC,WEST,EKPC,EKPC,3554.185,True
12/23/2022 8:00:00 PM,12/23/2022 3:00:00 PM,SERC,WEST,EKPC,EKPC,3597.553,True
12/23/2022 9:00:00 PM,12/23/2022 4:00:00 PM,SERC,WEST,EKPC,EKPC,3651.001,True
12/23/2022 10:00:00 PM,12/23/2022 5:00:00 PM,SERC,WEST,EKPC,EKPC,3754.848,True
12/23/2022 11:00:00 PM,12/23/2022 6:00:00 PM,SERC,WEST,EKPC,EKPC,3727.067,True
12/24/2022 12:00:00 AM,12/23/2022 7:00:00 PM,SERC,WEST,EKPC,EKPC,3662.184,True
12/24/2022 1:00:00 AM,12/23/2022 8:00:00 PM,SERC,WEST,EKPC,EKPC,3619.149,True
12/24/2022 2:00:00 AM,12/23/2022 9:00:00 PM,SERC,WEST,EKPC,EKPC,3590.043,True
12/24/2022 3:00:00 AM,12/23/2022 10:00:00 PM,SERC,WEST,EKPC,EKPC,3531.016,True
12/24/2022 4:00:00 AM,12/23/2022 11:00:00 PM,SERC,WEST,EKPC,EKPC,3476.581,True
12/24/2022 5:00:00 AM,12/24/2022 12:00:00 AM,SERC,WEST,EKPC,EKPC,3452.391,True
12/24/2022 6:00:00 AM,12/24/2022 1:00:00 AM,SERC,WEST,EKPC,EKPC,3421.349,True
12/24/2022 7:00:00 AM,12/24/2022 2:00:00 AM,SERC,WEST,EKPC,EKPC,3434.178,True
12/24/2022 8:00:00 AM,12/24/2022 3:00:00 AM,SERC,WEST,EKPC,EKPC,3413.467,True
12/24/2022 9:00:00 AM,12/24/2022 4:00:00 AM,SERC,WEST,EKPC,EKPC,3411.102,True
12/24/2022 10:00:00 AM,12/24/2022 5:00:00 AM,SERC,WEST,EKPC,EKPC,3395.875,True
12/24/2022 11:00:00 AM,12/24/2022 6:00:00 AM,SERC,WEST,EKPC,EKPC,3381.423,True
12/24/2022 12:00:00 PM,12/24/2022 7:00:00 AM,SERC,WEST,EKPC,EKPC,3425.552,True
12/24/2022 1:00:00 PM,12/24/2022 8:00:00 AM,SERC,WEST,EKPC,EKPC,3445.947,True
12/24/2022 2:00:00 PM,12/24/2022 9:00:00 AM,SERC,WEST,EKPC,EKPC,3410.111,True
12/24/2022 3:00:00 PM,12/24/2022 10:00:00 AM,SERC,WEST,EKPC,EKPC,3324.070,True
12/24/2022 4:00:00 PM,12/24/2022 11:00:00 AM,SERC,WEST,EKPC,EKPC,3212.996,True
12/24/2022 5:00:00 PM,12/24/2022 12:00:00 PM,SERC,WEST,EKPC,EKPC,3113.735,True
12/24/2022 6:00:00 PM,12/24/2022 1:00:00 PM,SERC,WEST,EKPC,EKPC,2997.905,True
12/24/2022 7:00:00 PM,12/24/2022 2:00:00 PM,SERC,WEST,EKPC,EKPC,2904.447,True
12/24/2022 8:00:00 PM,12/24/2022 3:00:00 PM,SERC,WEST,EKPC,EKPC,2771.363,True
12/24/2022 9:00:00 PM,12/24/2022 4:00:00 PM,SERC,WEST,EKPC,EKPC,2740.322,True
12/24/2022 10:00:00 PM,12/24/2022 5:00:00 PM,SERC,WEST,EKPC,EKPC,2825.856,True
12/24/2022 11:00:00 PM,12/24/2022 6:00:00 PM,SERC,WEST,EKPC,EKPC,2868.038,True
12/25/2022 12:00:00 AM,12/24/2022 7:00:00 PM,SERC,WEST,EKPC,EKPC,2849.686,True
12/25/2022 1:00:00 AM,12/24/2022 8:00:00 PM,SERC,WEST,EKPC,EKPC,2854.547,True
12/25/2022 2:00:00 AM,12/24/2022 9:00:00 PM,SERC,WEST,EKPC,EKPC,2851.296,True
12/25/2022 3:00:00 AM,12/24/2022 10:00:00 PM,SERC,WEST,EKPC,EKPC,2800.806,True
12/25/2022 4:00:00 AM,12/24/2022 11:00:00 PM,SERC,WEST,EKPC,EKPC,2767.702,True
12/25/2022 5:00:00 AM,12/25/2022 12:00:00 AM,SERC,WEST,EKPC,EKPC,2762.711,True
12/25/2022 6:00:00 AM,12/25/2022 1:00:00 AM,SERC,WEST,EKPC,EKPC,2749.168,True
12/25/2022 7:00:00 AM,12/25/2022 2:00:00 AM,SERC,WEST,EKPC,EKPC,2756.210,True
12/25/2022 8:00:00 AM,12/25/2022 3:00:00 AM,SERC,WEST,EKPC,EKPC,2779.354,True
12/25/2022 9:00:00 AM,12/25/2022 4:00:00 AM,SERC,WEST,EKPC,EKPC,2789.265,True
12/25/2022 10:00:00 AM,12/25/2022 5:00:00 AM,SERC,WEST,EKPC,EKPC,2824.995,True
12/25/2022 11:00:00 AM,12/25/2022 6:00:00 AM,SERC,WEST,EKPC,EKPC,2879.351,True
12/25/2022 12:00:00 PM,12/25/2022 7:00:00 AM,SERC,WEST,EKPC,EKPC,2940.272,True
12/25/2022 1:00:00 PM,12/25/2022 8:00:00 AM,SERC,WEST,EKPC,EKPC,2985.420,True
12/25/2022 2:00:00 PM,12/25/2022 9:00:00 AM,SERC,WEST,EKPC,EKPC,2841.243,True
12/25/2022 3:00:00 PM,12/25/2022 10:00:00 AM,SERC,WEST,EKPC,EKPC,2677.340,True
12/25/2022 4:00:00 PM,12/25/2022 11:00:00 AM,SERC,WEST,EKPC,EKPC,2515.649,True
12/25/2022 5:00:00 PM,12/25/2022 12:00:00 PM,SERC,WEST,EKPC,EKPC,2373.404,True
12/25/2022 6:00:00 PM,12/25/2022 1:00:00 PM,SERC,WEST,EKPC,EKPC,2242.545,True
12/25/2022 7:00:00 PM,12/25/2022 2:00:00 PM,SERC,WEST,EKPC,EKPC,2129.636,True
12/25/2022 8:00:00 PM,12/25/2022 3:00:00 PM,SERC,WEST,EKPC,EKPC,2105.326,True
12/25/2022 9:00:00 PM,12/25/2022 4:00:00 PM,SERC,WEST,EKPC,EKPC,2149.931,True
12/25/2022 10:00:00 PM,12/25/2022 5:00:00 PM,SERC,WEST,EKPC,EKPC,2307.357,True
12/25/2022 11:00:00 PM,12/25/2022 6:00:00 PM,SERC,WEST,EKPC,EKPC,2431.127,True
12/26/2022 12:00:00 AM,12/25/2022 7:00:00 PM,SERC,WEST,EKPC,EKPC,2495.827,True
12/26/2022 1:00:00 AM,12/25/2022 8:00:00 PM,SERC,WEST,EKPC,EKPC,2544.920,True
12/26/2022 2:00:00 AM,12/25/2022 9:00:00 PM,SERC,WEST,EKPC,EKPC,2565.585,True
12/26/2022 3:00:00 AM,12/25/2022 10:00:00 PM,SERC,WEST,EKPC,EKPC,2569.711,True
12/26/2022 4:00:00 AM,12/25/2022 11:00:00 PM,SERC,WEST,EKPC,EKPC,2557.595,True
12/26/2022 5:00:00 AM,12/26/2022 12:00:00 AM,SERC,WEST,EKPC,EKPC,2579.040,True
12/26/2022 6:00:00 AM,12/26/2022 1:00:00 AM,SERC,WEST,EKPC,EKPC,2594.927,True
12/26/2022 7:00:00 AM,12/26/2022 2:00:00 AM,SERC,WEST,EKPC,EKPC,2574.026,True
12/26/2022 8:00:00 AM,12/26/2022 3:00:00 AM,SERC,WEST,EKPC,EKPC,2577.434,True
12/26/2022 9:00:00 AM,12/26/2022 4:00:00 AM,SERC,WEST,EKPC,EKPC,2584.251,True
12/26/2022 10:00:00 AM,12/26/2022 5:00:00 AM,SERC,WEST,EKPC,EKPC,2592.286,True
12/26/2022 11:00:00 AM,12/26/2022 6:00:00 AM,SERC,WEST,EKPC,EKPC,2559.294,True
12/26/2022 12:00:00 PM,12/26/2022 7:00:00 AM,SERC,WEST,EKPC,EKPC,2561.613,True
12/26/2022 1:00:00 PM,12/26/2022 8:00:00 AM,SERC,WEST,EKPC,EKPC,2569.261,True
12/26/2022 2:00:00 PM,12/26/2022 9:00:00 AM,SERC,WEST,EKPC,EKPC,2552.115,True
12/26/2022 3:00:00 PM,12/26/2022 10:00:00 AM,SERC,WEST,EKPC,EKPC,2514.256,True
12/26/2022 4:00:00 PM,12/26/2022 11:00:00 AM,SERC,WEST,EKPC,EKPC,2492.224,True
12/26/2022 5:00:00 PM,12/26/2022 12:00:00 PM,SERC,WEST,EKPC,EKPC,2454.974,True
12/26/2022 6:00:00 PM,12/26/2022 1:00:00 PM,SERC,WEST,EKPC,EKPC,2388.546,True
12/26/2022 7:00:00 PM,12/26/2022 2:00:00 PM,SERC,WEST,EKPC,EKPC,2342.270,True
12/26/2022 8:00:00 PM,12/26/2022 3:00:00 PM,SERC,WEST,EKPC,EKPC,2305.552,True
12/26/2022 9:00:00 PM,12/26/2022 4:00:00 PM,SERC,WEST,EKPC,EKPC,2320.907,True
12/26/2022 10:00:00 PM,12/26/2022 5:00:00 PM,SERC,WEST,EKPC,EKPC,2312.020,True
12/26/2022 11:00:00 PM,12/26/2022 6:00:00 PM,SERC,WEST,EKPC,EKPC,2302.761,True
12/27/2022 12:00:00 AM,12/26/2022 7:00:00 PM,SERC,WEST,EKPC,EKPC,2260.007,True
12/27/2022 1:00:00 AM,12/26/2022 8:00:00 PM,SERC,WEST,EKPC,EKPC,2232.138,True
12/27/2022 2:00:00 AM,12/26/2022 9:00:00 PM,SERC,WEST,EKPC,EKPC,2173.815,True
12/27/2022 3:00:00 AM,12/26/2022 10:00:00 PM,SERC,WEST,EKPC,EKPC,2083.897,True
12/27/2022 4:00:00 AM,12/26/2022 11:00:00 PM,SERC,WEST,EKPC,EKPC,2029.040,True
12/27/2022 5:00:00 AM,12/27/2022 12:00:00 AM,SERC,WEST,EKPC,EKPC,1975.594,True
12/27/2022 6:00:00 AM,12/27/2022 1:00:00 AM,SERC,WEST,EKPC,EKPC,1963.219,True
12/27/2022 7:00:00 AM,12/27/2022 2:00:00 AM,SERC,WEST,EKPC,EKPC,1949.126,True
12/27/2022 8:00:00 AM,12/27/2022 3:00:00 AM,SERC,WEST,EKPC,EKPC,1954.988,True
12/27/2022 9:00:00 AM,12/27/2022 4:00:00 AM,SERC,WEST,EKPC,EKPC,1960.955,True
12/27/2022 10:00:00 AM,12/27/2022 5:00:00 AM,SERC,WEST,EKPC,EKPC,2020.111,True
12/27/2022 11:00:00 AM,12/27/2022 6:00:00 AM,SERC,WEST,EKPC,EKPC,2073.564,True
12/27/2022 12:00:00 PM,12/27/2022 7:00:00 AM,SERC,WEST,EKPC,EKPC,2119.116,True
12/27/2022 1:00:00 PM,12/27/2022 8:00:00 AM,SERC,WEST,EKPC,EKPC,2131.791,True
12/27/2022 2:00:00 PM,12/27/2022 9:00:00 AM,SERC,WEST,EKPC,EKPC,2117.687,True
12/27/2022 3:00:00 PM,12/27/2022 10:00:00 AM,SERC,WEST,EKPC,EKPC,2071.582,True
12/27/2022 4:00:00 PM,12/27/2022 11:00:00 AM,SERC,WEST,EKPC,EKPC,2020.769,True
12/27/2022 5:00:00 PM,12/27/2022 12:00:00 PM,SERC,WEST,EKPC,EKPC,1972.408,True
12/27/2022 6:00:00 PM,12/27/2022 1:00:00 PM,SERC,WEST,EKPC,EKPC,1910.506,True
12/27/2022 7:00:00 PM,12/27/2022 2:00:00 PM,SERC,WEST,EKPC,EKPC,1930.038,True
12/27/2022 8:00:00 PM,12/27/2022 3:00:00 PM,SERC,WEST,EKPC,EKPC,1892.074,True
12/27/2022 9:00:00 PM,12/27/2022 4:00:00 PM,SERC,WEST,EKPC,EKPC,1924.031,True
12/27/2022 10:00:00 PM,12/27/2022 5:00:00 PM,SERC,WEST,EKPC,EKPC,2028.755,True
12/27/2022 11:00:00 PM,12/27/2022 6:00:00 PM,SERC,WEST,EKPC,EKPC,2104.073,True
12/28/2022 12:00:00 AM,12/27/2022 7:00:00 PM,SERC,WEST,EKPC,EKPC,2177.630,True
12/28/2022 1:00:00 AM,12/27/2022 8:00:00 PM,SERC,WEST,EKPC,EKPC,2206.190,True
12/28/2022 2:00:00 AM,12/27/2022 9:00:00 PM,SERC,WEST,EKPC,EKPC,2214.496,True
12/28/2022 3:00:00 AM,12/27/2022 10:00:00 PM,SERC,WEST,EKPC,EKPC,2181.659,True
12/28/2022 4:00:00 AM,12/27/2022 11:00:00 PM,SERC,WEST,EKPC,EKPC,2162.712,True
12/28/2022 5:00:00 AM,12/28/2022 12:00:00 AM,SERC,WEST,EKPC,EKPC,2173.362,True
12/28/2022 6:00:00 AM,12/28/2022 1:00:00 AM,SERC,WEST,EKPC,EKPC,2204.503,True
12/28/2022 7:00:00 AM,12/28/2022 2:00:00 AM,SERC,WEST,EKPC,EKPC,2187.795,True
12/28/2022 8:00:00 AM,12/28/2022 3:00:00 AM,SERC,WEST,EKPC,EKPC,2169.132,True
12/28/2022 9:00:00 AM,12/28/2022 4:00:00 AM,SERC,WEST,EKPC,EKPC,2250.587,True
12/28/2022 10:00:00 AM,12/28/2022 5:00:00 AM,SERC,WEST,EKPC,EKPC,2269.988,True
12/28/2022 11:00:00 AM,12/28/2022 6:00:00 AM,SERC,WEST,EKPC,EKPC,2236.321,True
12/28/2022 12:00:00 PM,12/28/2022 7:00:00 AM,SERC,WEST,EKPC,EKPC,2323.857,True
12/28/2022 1:00:00 PM,12/28/2022 8:00:00 AM,SERC,WEST,EKPC,EKPC,2304.270,True
12/28/2022 2:00:00 PM,12/28/2022 9:00:00 AM,SERC,WEST,EKPC,EKPC,2135.218,True
12/28/2022 3:00:00 PM,12/28/2022 10:00:00 AM,SERC,WEST,EKPC,EKPC,1897.955,True
12/28/2022 4:00:00 PM,12/28/2022 11:00:00 AM,SERC,WEST,EKPC,EKPC,1813.912,True
12/28/2022 5:00:00 PM,12/28/2022 12:00:00 PM,SERC,WEST,EKPC,EKPC,1744.097,True
12/28/2022 6:00:00 PM,12/28/2022 1:00:00 PM,SERC,WEST,EKPC,EKPC,1622.351,True
12/28/2022 7:00:00 PM,12/28/2022 2:00:00 PM,SERC,WEST,EKPC,EKPC,1556.844,True
12/28/2022 8:00:00 PM,12/28/2022 3:00:00 PM,SERC,WEST,EKPC,EKPC,1527.835,True
12/28/2022 9:00:00 PM,12/28/2022 4:00:00 PM,SERC,WEST,EKPC,EKPC,1577.846,True
12/28/2022 10:00:00 PM,12/28/2022 5:00:00 PM,SERC,WEST,EKPC,EKPC,1712.247,True
12/28/2022 11:00:00 PM,12/28/2022 6:00:00 PM,SERC,WEST,EKPC,EKPC,1822.266,True
12/29/2022 12:00:00 AM,12/28/2022 7:00:00 PM,SERC,WEST,EKPC,EKPC,1876.945,True
12/29/2022 1:00:00 AM,12/28/2022 8:00:00 PM,SERC,WEST,EKPC,EKPC,1878.393,True
12/29/2022 2:00:00 AM,12/28/2022 9:00:00 PM,SERC,WEST,EKPC,EKPC,1847.839,True
12/29/2022 3:00:00 AM,12/28/2022 10:00:00 PM,SERC,WEST,EKPC,EKPC,1806.495,True
12/29/2022 4:00:00 AM,12/28/2022 11:00:00 PM,SERC,WEST,EKPC,EKPC,1720.727,True
12/29/2022 5:00:00 AM,12/29/2022 12:00:00 AM,SERC,WEST,EKPC,EKPC,1667.894,True
12/29/2022 6:00:00 AM,12/29/2022 1:00:00 AM,SERC,WEST,EKPC,EKPC,1635.034,True
12/29/2022 7:00:00 AM,12/29/2022 2:00:00 AM,SERC,WEST,EKPC,EKPC,1704.054,True
12/29/2022 8:00:00 AM,12/29/2022 3:00:00 AM,SERC,WEST,EKPC,EKPC,1619.794,True
12/29/2022 9:00:00 AM,12/29/2022 4:00:00 AM,SERC,WEST,EKPC,EKPC,1737.529,True
12/29/2022 10:00:00 AM,12/29/2022 5:00:00 AM,SERC,WEST,EKPC,EKPC,1731.589,True
12/29/2022 11:00:00 AM,12/29/2022 6:00:00 AM,SERC,WEST,EKPC,EKPC,1767.840,True
12/29/2022 12:00:00 PM,12/29/2022 7:00:00 AM,SERC,WEST,EKPC,EKPC,1815.910,True
12/29/2022 1:00:00 PM,12/29/2022 8:00:00 AM,SERC,WEST,EKPC,EKPC,1773.599,True
12/29/2022 2:00:00 PM,12/29/2022 9:00:00 AM,SERC,WEST,EKPC,EKPC,1722.699,True
12/29/2022 3:00:00 PM,12/29/2022 10:00:00 AM,SERC,WEST,EKPC,EKPC,1547.931,True
12/29/2022 4:00:00 PM,12/29/2022 11:00:00 AM,SERC,WEST,EKPC,EKPC,1456.488,True
12/29/2022 5:00:00 PM,12/29/2022 12:00:00 PM,SERC,WEST,EKPC,EKPC,1369.832,True
12/29/2022 6:00:00 PM,12/29/2022 1:00:00 PM,SERC,WEST,EKPC,EKPC,1384.820,True
12/29/2022 7:00:00 PM,12/29/2022 2:00:00 PM,SERC,WEST,EKPC,EKPC,1329.634,True
12/29/2022 8:00:00 PM,12/29/2022 3:00:00 PM,SERC,WEST,EKPC,EKPC,1336.935,True
12/29/2022 9:00:00 PM,12/29/2022 4:00:00 PM,SERC,WEST,EKPC,EKPC,1397.205,True
12/29/2022 10:00:00 PM,12/29/2022 5:00:00 PM,SERC,WEST,EKPC,EKPC,1440.084,True
12/29/2022 11:00:00 PM,12/29/2022 6:00:00 PM,SERC,WEST,EKPC,EKPC,1452.496,True
12/30/2022 12:00:00 AM,12/29/2022 7:00:00 PM,SERC,WEST,EKPC,EKPC,1413.636,True
12/30/2022 1:00:00 AM,12/29/2022 8:00:00 PM,SERC,WEST,EKPC,EKPC,1448.001,True
12/30/2022 2:00:00 AM,12/29/2022 9:00:00 PM,SERC,WEST,EKPC,EKPC,1342.027,True
12/30/2022 3:00:00 AM,12/29/2022 10:00:00 PM,SERC,WEST,EKPC,EKPC,1275.550,True
12/30/2022 4:00:00 AM,12/29/2022 11:00:00 PM,SERC,WEST,EKPC,EKPC,1196.038,True
12/30/2022 5:00:00 AM,12/30/2022 12:00:00 AM,SERC,WEST,EKPC,EKPC,1194.170,True
12/30/2022 6:00:00 AM,12/30/2022 1:00:00 AM,SERC,WEST,EKPC,EKPC,1260.263,True
12/30/2022 7:00:00 AM,12/30/2022 2:00:00 AM,SERC,WEST,EKPC,EKPC,1248.579,True
12/30/2022 8:00:00 AM,12/30/2022 3:00:00 AM,SERC,WEST,EKPC,EKPC,1284.955,True
12/30/2022 9:00:00 AM,12/30/2022 4:00:00 AM,SERC,WEST,EKPC,EKPC,1281.227,True
12/30/2022 10:00:00 AM,12/30/2022 5:00:00 AM,SERC,WEST,EKPC,EKPC,1310.287,True
12/30/2022 11:00:00 AM,12/30/2022 6:00:00 AM,SERC,WEST,EKPC,EKPC,1422.688,True
12/30/2022 12:00:00 PM,12/30/2022 7:00:00 AM,SERC,WEST,EKPC,EKPC,1440.757,True
12/30/2022 1:00:00 PM,12/30/2022 8:00:00 AM,SERC,WEST,EKPC,EKPC,1463.559,True
12/30/2022 2:00:00 PM,12/30/2022 9:00:00 AM,SERC,WEST,EKPC,EKPC,1502.456,True
12/30/2022 3:00:00 PM,12/30/2022 10:00:00 AM,SERC,WEST,EKPC,EKPC,1372.865,True
12/30/2022 4:00:00 PM,12/30/2022 11:00:00 AM,SERC,WEST,EKPC,EKPC,1321.741,True
12/30/2022 5:00:00 PM,12/30/2022 12:00:00 PM,SERC,WEST,EKPC,EKPC,1289.528,True
12/30/2022 6:00:00 PM,12/30/2022 1:00:00 PM,SERC,WEST,EKPC,EKPC,1267.051,True
12/30/2022 7:00:00 PM,12/30/2022 2:00:00 PM,SERC,WEST,EKPC,EKPC,1288.355,True
12/30/2022 8:00:00 PM,12/30/2022 3:00:00 PM,SERC,WEST,EKPC,EKPC,1253.512,True
12/30/2022 9:00:00 PM,12/30/2022 4:00:00 PM,SERC,WEST,EKPC,EKPC,1306.353,True
12/30/2022 10:00:00 PM,12/30/2022 5:00:00 PM,SERC,WEST,EKPC,EKPC,1350.458,True
12/30/2022 11:00:00 PM,12/30/2022 6:00:00 PM,SERC,WEST,EKPC,EKPC,1378.642,True
12/31/2022 12:00:00 AM,12/30/2022 7:00:00 PM,SERC,WEST,EKPC,EKPC,1358.773,True
12/31/2022 1:00:00 AM,12/30/2022 8:00:00 PM,SERC,WEST,EKPC,EKPC,1321.969,True
12/31/2022 2:00:00 AM,12/30/2022 9:00:00 PM,SERC,WEST,EKPC,EKPC,1266.105,True
12/31/2022 3:00:00 AM,12/30/2022 10:00:00 PM,SERC,WEST,EKPC,EKPC,1290.502,True
12/31/2022 4:00:00 AM,12/30/2022 11:00:00 PM,SERC,WEST,EKPC,EKPC,1111.702,True
12/31/2022 5:00:00 AM,12/31/2022 12:00:00 AM,SERC,WEST,EKPC,EKPC,1140.877,True
12/31/2022 6:00:00 AM,12/31/2022 1:00:00 AM,SERC,WEST,EKPC,EKPC,1152.839,True
12/31/2022 7:00:00 AM,12/31/2022 2:00:00 AM,SERC,WEST,EKPC,EKPC,1063.911,True
12/31/2022 8:00:00 AM,12/31/2022 3:00:00 AM,SERC,WEST,EKPC,EKPC,1118.084,True
12/31/2022 9:00:00 AM,12/31/2022 4:00:00 AM,SERC,WEST,EKPC,EKPC,1020.646,True
12/31/2022 10:00:00 AM,12/31/2022 5:00:00 AM,SERC,WEST,EKPC,EKPC,1050.948,True
12/31/2022 11:00:00 AM,12/31/2022 6:00:00 AM,SERC,WEST,EKPC,EKPC,1058.635,True
12/31/2022 12:00:00 PM,12/31/2022 7:00:00 AM,SERC,WEST,EKPC,EKPC,1098.049,True
12/31/2022 1:00:00 PM,12/31/2022 8:00:00 AM,SERC,WEST,EKPC,EKPC,1166.377,True
12/31/2022 2:00:00 PM,12/31/2022 9:00:00 AM,SERC,WEST,EKPC,EKPC,1282.558,True
12/31/2022 3:00:00 PM,12/31/2022 10:00:00 AM,SERC,WEST,EKPC,EKPC,1333.487,True
12/31/2022 4:00:00 PM,12/31/2022 11:00:00 AM,SERC,WEST,EKPC,EKPC,1387.106,True
12/31/2022 5:00:00 PM,12/31/2022 12:00:00 PM,SERC,WEST,EKPC,EKPC,1320.478,True
12/31/2022 6:00:00 PM,12/31/2022 1:00:00 PM,SERC,WEST,EKPC,EKPC,1292.058,True
12/31/2022 7:00:00 PM,12/31/2022 2:00:00 PM,SERC,WEST,EKPC,EKPC,1259.725,True
12/31/2022 8:00:00 PM,12/31/2022 3:00:00 PM,SERC,WEST,EKPC,EKPC,1254.823,True
12/31/2022 9:00:00 PM,12/31/2022 4:00:00 PM,SERC,WEST,EKPC,EKPC,1307.174,True
12/31/2022 10:00:00 PM,12/31/2022 5:00:00 PM,SERC,WEST,EKPC,EKPC,1361.948,True
12/31/2022 11:00:00 PM,12/31/2022 6:00:00 PM,SERC,WEST,EKPC,EKPC,1435.345,True
1/1/2023 12:00:00 AM,12/31/2022 7:00:00 PM,SERC,WEST,EKPC,EKPC,1371.891,True
1/1/2023 1:00:00 AM,12/31/2022 8:00:00 PM,SERC,WEST,EKPC,EKPC,1387.652,True
1/1/2023 2:00:00 AM,12/31/2022 9:00:00 PM,SERC,WEST,EKPC,EKPC,1362.721,True
1/1/2023 3:00:00 AM,12/31/2022 10:00:00 PM,SERC,WEST,EKPC,EKPC,1290.373,True
1/1/2023 4:00:00 AM,12/31/2022 11:00:00 PM,SERC,WEST,EKPC,EKPC,1244.995,True
1/1/2023 5:00:00 AM,1/1/2023 12:00:00 AM,SERC,WEST,EKPC,EKPC,1312.086,True
1/1/2023 6:00:00 AM,1/1/2023 1:00:00 AM,SERC,WEST,EKPC,EKPC,1338.307,True
1/1/2023 7:00:00 AM,1/1/2023 2:00:00 AM,SERC,WEST,EKPC,EKPC,1307.304,True
1/1/2023 8:00:00 AM,1/1/2023 3:00:00 AM,SERC,WEST,EKPC,EKPC,1345.372,True
1/1/2023 9:00:00 AM,1/1/2023 4:00:00 AM,SERC,WEST,EKPC,EKPC,1331.811,True
1/1/2023 10:00:00 AM,1/1/2023 5:00:00 AM,SERC,WEST,EKPC,EKPC,1372.165,True
1/1/2023 11:00:00 AM,1/1/2023 6:00:00 AM,SERC,WEST,EKPC,EKPC,1384.338,True
1/1/2023 12:00:00 PM,1/1/2023 7:00:00 AM,SERC,WEST,EKPC,EKPC,1417.030,True
1/1/2023 1:00:00 PM,1/1/2023 8:00:00 AM,SERC,WEST,EKPC,EKPC,1466.704,True
1/1/2023 2:00:00 PM,1/1/2023 9:00:00 AM,SERC,WEST,EKPC,EKPC,1497.073,True
1/1/2023 3:00:00 PM,1/1/2023 10:00:00 AM,SERC,WEST,EKPC,EKPC,1431.682,True
1/1/2023 4:00:00 PM,1/1/2023 11:00:00 AM,SERC,WEST,EKPC,EKPC,1390.032,True
1/1/2023 5:00:00 PM,1/1/2023 12:00:00 PM,SERC,WEST,EKPC,EKPC,1415.036,True
1/1/2023 6:00:00 PM,1/1/2023 1:00:00 PM,SERC,WEST,EKPC,EKPC,1333.726,True
1/1/2023 7:00:00 PM,1/1/2023 2:00:00 PM,SERC,WEST,EKPC,EKPC,1281.187,True
1/1/2023 8:00:00 PM,1/1/2023 3:00:00 PM,SERC,WEST,EKPC,EKPC,1205.964,True
1/1/2023 9:00:00 PM,1/1/2023 4:00:00 PM,SERC,WEST,EKPC,EKPC,1221.749,True
1/1/2023 10:00:00 PM,1/1/2023 5:00:00 PM,SERC,WEST,EKPC,EKPC,1261.350,True
1/1/2023 11:00:00 PM,1/1/2023 6:00:00 PM,SERC,WEST,EKPC,EKPC,1409.418,True
1/2/2023 12:00:00 AM,1/1/2023 7:00:00 PM,SERC,WEST,EKPC,EKPC,1442.495,True
1/2/2023 1:00:00 AM,1/1/2023 8:00:00 PM,SERC,WEST,EKPC,EKPC,1429.283,True
1/2/2023 2:00:00 AM,1/1/2023 9:00:00 PM,SERC,WEST,EKPC,EKPC,1415.371,True
1/2/2023 3:00:00 AM,1/1/2023 10:00:00 PM,SERC,WEST,EKPC,EKPC,1366.626,True
1/2/2023 4:00:00 AM,1/1/2023 11:00:00 PM,SERC,WEST,EKPC,EKPC,1308.786,True
1/2/2023 5:00:00 AM,1/2/2023 12:00:00 AM,SERC,WEST,EKPC,EKPC,1293.398,True
1/2/2023 6:00:00 AM,1/2/2023 1:00:00 AM,SERC,WEST,EKPC,EKPC,1210.186,True
1/2/2023 7:00:00 AM,1/2/2023 2:00:00 AM,SERC,WEST,EKPC,EKPC,1190.114,True
1/2/2023 8:00:00 AM,1/2/2023 3:00:00 AM,SERC,WEST,EKPC,EKPC,1214.708,True
1/2/2023 9:00:00 AM,1/2/2023 4:00:00 AM,SERC,WEST,EKPC,EKPC,1253.178,True
1/2/2023 10:00:00 AM,1/2/2023 5:00:00 AM,SERC,WEST,EKPC,EKPC,1219.182,True
1/2/2023 11:00:00 AM,1/2/2023 6:00:00 AM,SERC,WEST,EKPC,EKPC,1269.549,True
1/2/2023 12:00:00 PM,1/2/2023 7:00:00 AM,SERC,WEST,EKPC,EKPC,1276.300,True
1/2/2023 1:00:00 PM,1/2/2023 8:00:00 AM,SERC,WEST,EKPC,EKPC,1315.811,True
1/2/2023 2:00:00 PM,1/2/2023 9:00:00 AM,SERC,WEST,EKPC,EKPC,1364.480,True
1/2/2023 3:00:00 PM,1/2/2023 10:00:00 AM,SERC,WEST,EKPC,EKPC,1414.676,True
1/2/2023 4:00:00 PM,1/2/2023 11:00:00 AM,SERC,WEST,EKPC,EKPC,1357.352,True
1/2/2023 5:00:00 PM,1/2/2023 12:00:00 PM,SERC,WEST,EKPC,EKPC,1404.601,True
1/2/2023 6:00:00 PM,1/2/2023 1:00:00 PM,SERC,WEST,EKPC,EKPC,1431.758,True
1/2/2023 7:00:00 PM,1/2/2023 2:00:00 PM,SERC,WEST,EKPC,EKPC,1330.922,True
1/2/2023 8:00:00 PM,1/2/2023 3:00:00 PM,SERC,WEST,EKPC,EKPC,1272.233,True
1/2/2023 9:00:00 PM,1/2/2023 4:00:00 PM,SERC,WEST,EKPC,EKPC,1289.769,True
1/2/2023 10:00:00 PM,1/2/2023 5:00:00 PM,SERC,WEST,EKPC,EKPC,1342.444,True
1/2/2023 11:00:00 PM,1/2/2023 6:00:00 PM,SERC,WEST,EKPC,EKPC,1412.629,True
1/3/2023 12:00:00 AM,1/2/2023 7:00:00 PM,SERC,WEST,EKPC,EKPC,1377.160,True
1/3/2023 1:00:00 AM,1/2/2023 8:00:00 PM,SERC,WEST,EKPC,EKPC,1341.637,True
1/3/2023 2:00:00 AM,1/2/2023 9:00:00 PM,SERC,WEST,EKPC,EKPC,1268.824,True
1/3/2023 3:00:00 AM,1/2/2023 10:00:00 PM,SERC,WEST,EKPC,EKPC,1191.866,True
1/3/2023 4:00:00 AM,1/2/2023 11:00:00 PM,SERC,WEST,EKPC,EKPC,1104.066,True
1/3/2023 5:00:00 AM,1/3/2023 12:00:00 AM,SERC,WEST,EKPC,EKPC,1029.677,True
1/3/2023 6:00:00 AM,1/3/2023 1:00:00 AM,SERC,WEST,EKPC,EKPC,1015.937,True
1/3/2023 7:00:00 AM,1/3/2023 2:00:00 AM,SERC,WEST,EKPC,EKPC,1005.547,True
1/3/2023 8:00:00 AM,1/3/2023 3:00:00 AM,SERC,WEST,EKPC,EKPC,992.178,True
1/3/2023 9:00:00 AM,1/3/2023 4:00:00 AM,SERC,WEST,EKPC,EKPC,1061.027,True
1/3/2023 10:00:00 AM,1/3/2023 5:00:00 AM,SERC,WEST,EKPC,EKPC,1168.613,True
1/3/2023 11:00:00 AM,1/3/2023 6:00:00 AM,SERC,WEST,EKPC,EKPC,1295.083,True
1/3/2023 12:00:00 PM,1/3/2023 7:00:00 AM,SERC,WEST,EKPC,EKPC,1280.346,True
1/3/2023 1:00:00 PM,1/3/2023 8:00:00 AM,SERC,WEST,EKPC,EKPC,1253.024,True
1/3/2023 2:00:00 PM,1/3/2023 9:00:00 AM,SERC,WEST,EKPC,EKPC,1256.202,True
1/3/2023 3:00:00 PM,1/3/2023 10:00:00 AM,SERC,WEST,EKPC,EKPC,1305.897,True
1/3/2023 4:00:00 PM,1/3/2023 11:00:00 AM,SERC,WEST,EKPC,EKPC,1333.220,True
1/3/2023 5:00:00 PM,1/3/2023 12:00:00 PM,SERC,WEST,EKPC,EKPC,1394.766,True
1/3/2023 6:00:00 PM,1/3/2023 1:00:00 PM,SERC,WEST,EKPC,EKPC,1323.892,True
1/3/2023 7:00:00 PM,1/3/2023 2:00:00 PM,SERC,WEST,EKPC,EKPC,1301.570,True
1/3/2023 8:00:00 PM,1/3/2023 3:00:00 PM,SERC,WEST,EKPC,EKPC,1352.319,True
1/3/2023 9:00:00 PM,1/3/2023 4:00:00 PM,SERC,WEST,EKPC,EKPC,1466.484,True
1/3/2023 10:00:00 PM,1/3/2023 5:00:00 PM,SERC,WEST,EKPC,EKPC,1445.557,True
1/3/2023 11:00:00 PM,1/3/2023 6:00:00 PM,SERC,WEST,EKPC,EKPC,1534.686,True
1/4/2023 12:00:00 AM,1/3/2023 7:00:00 PM,SERC,WEST,EKPC,EKPC,1571.007,True
1/4/2023 1:00:00 AM,1/3/2023 8:00:00 PM,SERC,WEST,EKPC,EKPC,1446.362,True
1/4/2023 2:00:00 AM,1/3/2023 9:00:00 PM,SERC,WEST,EKPC,EKPC,1418.620,True
1/4/2023 3:00:00 AM,1/3/2023 10:00:00 PM,SERC,WEST,EKPC,EKPC,1302.451,True
1/4/2023 4:00:00 AM,1/3/2023 11:00:00 PM,SERC,WEST,EKPC,EKPC,1231.442,True
1/4/2023 5:00:00 AM,1/4/2023 12:00:00 AM,SERC,WEST,EKPC,EKPC,1178.237,True
1/4/2023 6:00:00 AM,1/4/2023 1:00:00 AM,SERC,WEST,EKPC,EKPC,1088.090,True
1/4/2023 7:00:00 AM,1/4/2023 2:00:00 AM,SERC,WEST,EKPC,EKPC,1071.487,True
1/4/2023 8:00:00 AM,1/4/2023 3:00:00 AM,SERC,WEST,EKPC,EKPC,1060.834,True
1/4/2023 9:00:00 AM,1/4/2023 4:00:00 AM,SERC,WEST,EKPC,EKPC,1119.715,True
1/4/2023 10:00:00 AM,1/4/2023 5:00:00 AM,SERC,WEST,EKPC,EKPC,1229.631,True
1/4/2023 11:00:00 AM,1/4/2023 6:00:00 AM,SERC,WEST,EKPC,EKPC,1356.759,True
1/4/2023 12:00:00 PM,1/4/2023 7:00:00 AM,SERC,WEST,EKPC,EKPC,1345.504,True
1/4/2023 1:00:00 PM,1/4/2023 8:00:00 AM,SERC,WEST,EKPC,EKPC,1266.234,True
1/4/2023 2:00:00 PM,1/4/2023 9:00:00 AM,SERC,WEST,EKPC,EKPC,1283.402,True
1/4/2023 3:00:00 PM,1/4/2023 10:00:00 AM,SERC,WEST,EKPC,EKPC,1269.050,True
1/4/2023 4:00:00 PM,1/4/2023 11:00:00 AM,SERC,WEST,EKPC,EKPC,1298.575,True
1/4/2023 5:00:00 PM,1/4/2023 12:00:00 PM,SERC,WEST,EKPC,EKPC,1334.942,True
1/4/2023 6:00:00 PM,1/4/2023 1:00:00 PM,SERC,WEST,EKPC,EKPC,1324.120,True
1/4/2023 7:00:00 PM,1/4/2023 2:00:00 PM,SERC,WEST,EKPC,EKPC,1381.198,True
1/4/2023 8:00:00 PM,1/4/2023 3:00:00 PM,SERC,WEST,EKPC,EKPC,1251.489,True
1/4/2023 9:00:00 PM,1/4/2023 4:00:00 PM,SERC,WEST,EKPC,EKPC,1282.402,True
1/4/2023 10:00:00 PM,1/4/2023 5:00:00 PM,SERC,WEST,EKPC,EKPC,1330.028,True
1/4/2023 11:00:00 PM,1/4/2023 6:00:00 PM,SERC,WEST,EKPC,EKPC,1501.627,True
1/5/2023 12:00:00 AM,1/4/2023 7:00:00 PM,SERC,WEST,EKPC,EKPC,1624.392,True
1/5/2023 1:00:00 AM,1/4/2023 8:00:00 PM,SERC,WEST,EKPC,EKPC,1582.715,True
1/5/2023 2:00:00 AM,1/4/2023 9:00:00 PM,SERC,WEST,EKPC,EKPC,1594.005,True
1/5/2023 3:00:00 AM,1/4/2023 10:00:00 PM,SERC,WEST,EKPC,EKPC,1464.977,True
1/5/2023 4:00:00 AM,1/4/2023 11:00:00 PM,SERC,WEST,EKPC,EKPC,1422.341,True
1/5/2023 5:00:00 AM,1/5/2023 12:00:00 AM,SERC,WEST,EKPC,EKPC,1382.995,True
1/5/2023 6:00:00 AM,1/5/2023 1:00:00 AM,SERC,WEST,EKPC,EKPC,1333.236,True
1/5/2023 7:00:00 AM,1/5/2023 2:00:00 AM,SERC,WEST,EKPC,EKPC,1440.962,True
1/5/2023 8:00:00 AM,1/5/2023 3:00:00 AM,SERC,WEST,EKPC,EKPC,1549.424,True
1/5/2023 9:00:00 AM,1/5/2023 4:00:00 AM,SERC,WEST,EKPC,EKPC,1523.604,True
1/5/2023 10:00:00 AM,1/5/2023 5:00:00 AM,SERC,WEST,EKPC,EKPC,1700.310,True
1/5/2023 11:00:00 AM,1/5/2023 6:00:00 AM,SERC,WEST,EKPC,EKPC,1931.654,True
1/5/2023 12:00:00 PM,1/5/2023 7:00:00 AM,SERC,WEST,EKPC,EKPC,1998.655,True
1/5/2023 1:00:00 PM,1/5/2023 8:00:00 AM,SERC,WEST,EKPC,EKPC,2013.040,True
1/5/2023 2:00:00 PM,1/5/2023 9:00:00 AM,SERC,WEST,EKPC,EKPC,1847.274,True
1/5/2023 3:00:00 PM,1/5/2023 10:00:00 AM,SERC,WEST,EKPC,EKPC,1731.177,True
1/5/2023 4:00:00 PM,1/5/2023 11:00:00 AM,SERC,WEST,EKPC,EKPC,1644.968,True
1/5/2023 5:00:00 PM,1/5/2023 12:00:00 PM,SERC,WEST,EKPC,EKPC,1617.784,True
1/5/2023 6:00:00 PM,1/5/2023 1:00:00 PM,SERC,WEST,EKPC,EKPC,1595.609,True
1/5/2023 7:00:00 PM,1/5/2023 2:00:00 PM,SERC,WEST,EKPC,EKPC,1616.877,True
1/5/2023 8:00:00 PM,1/5/2023 3:00:00 PM,SERC,WEST,EKPC,EKPC,1629.230,True
1/5/2023 9:00:00 PM,1/5/2023 4:00:00 PM,SERC,WEST,EKPC,EKPC,1581.604,True
1/5/2023 10:00:00 PM,1/5/2023 5:00:00 PM,SERC,WEST,EKPC,EKPC,1674.149,True
1/5/2023 11:00:00 PM,1/5/2023 6:00:00 PM,SERC,WEST,EKPC,EKPC,1851.157,True
1/6/2023 12:00:00 AM,1/5/2023 7:00:00 PM,SERC,WEST,EKPC,EKPC,1695.637,True
1/6/2023 1:00:00 AM,1/5/2023 8:00:00 PM,SERC,WEST,EKPC,EKPC,1724.243,True
1/6/2023 2:00:00 AM,1/5/2023 9:00:00 PM,SERC,WEST,EKPC,EKPC,1770.456,True
1/6/2023 3:00:00 AM,1/5/2023 10:00:00 PM,SERC,WEST,EKPC,EKPC,1767.453,True
1/6/2023 4:00:00 AM,1/5/2023 11:00:00 PM,SERC,WEST,EKPC,EKPC,1575.270,True
1/6/2023 5:00:00 AM,1/6/2023 12:00:00 AM,SERC,WEST,EKPC,EKPC,1485.256,True
1/6/2023 6:00:00 AM,1/6/2023 1:00:00 AM,SERC,WEST,EKPC,EKPC,1542.485,True
1/6/2023 7:00:00 AM,1/6/2023 2:00:00 AM,SERC,WEST,EKPC,EKPC,1609.078,True
1/6/2023 8:00:00 AM,1/6/2023 3:00:00 AM,SERC,WEST,EKPC,EKPC,1655.356,True
1/6/2023 9:00:00 AM,1/6/2023 4:00:00 AM,SERC,WEST,EKPC,EKPC,1688.823,True
1/6/2023 10:00:00 AM,1/6/2023 5:00:00 AM,SERC,WEST,EKPC,EKPC,1837.033,True
1/6/2023 11:00:00 AM,1/6/2023 6:00:00 AM,SERC,WEST,EKPC,EKPC,1975.457,True
1/6/2023 12:00:00 PM,1/6/2023 7:00:00 AM,SERC,WEST,EKPC,EKPC,2068.917,True
1/6/2023 1:00:00 PM,1/6/2023 8:00:00 AM,SERC,WEST,EKPC,EKPC,2085.623,True
1/6/2023 2:00:00 PM,1/6/2023 9:00:00 AM,SERC,WEST,EKPC,EKPC,1938.690,True
1/6/2023 3:00:00 PM,1/6/2023 10:00:00 AM,SERC,WEST,EKPC,EKPC,1858.330,True
1/6/2023 4:00:00 PM,1/6/2023 11:00:00 AM,SERC,WEST,EKPC,EKPC,1783.890,True
1/6/2023 5:00:00 PM,1/6/2023 12:00:00 PM,SERC,WEST,EKPC,EKPC,1679.277,True
1/6/2023 6:00:00 PM,1/6/2023 1:00:00 PM,SERC,WEST,EKPC,EKPC,1634.812,True
1/6/2023 7:00:00 PM,1/6/2023 2:00:00 PM,SERC,WEST,EKPC,EKPC,1604.832,True
1/6/2023 8:00:00 PM,1/6/2023 3:00:00 PM,SERC,WEST,EKPC,EKPC,1579.289,True
1/6/2023 9:00:00 PM,1/6/2023 4:00:00 PM,SERC,WEST,EKPC,EKPC,1613.470,True
1/6/2023 10:00:00 PM,1/6/2023 5:00:00 PM,SERC,WEST,EKPC,EKPC,1663.179,True
1/6/2023 11:00:00 PM,1/6/2023 6:00:00 PM,SERC,WEST,EKPC,EKPC,1839.204,True
1/7/2023 12:00:00 AM,1/6/2023 7:00:00 PM,SERC,WEST,EKPC,EKPC,1838.589,True
1/7/2023 1:00:00 AM,1/6/2023 8:00:00 PM,SERC,WEST,EKPC,EKPC,1866.913,True
1/7/2023 2:00:00 AM,1/6/2023 9:00:00 PM,SERC,WEST,EKPC,EKPC,1815.764,True
1/7/2023 3:00:00 AM,1/6/2023 10:00:00 PM,SERC,WEST,EKPC,EKPC,1888.369,True
1/7/2023 4:00:00 AM,1/6/2023 11:00:00 PM,SERC,WEST,EKPC,EKPC,1857.505,True
1/7/2023 5:00:00 AM,1/7/2023 12:00:00 AM,SERC,WEST,EKPC,EKPC,1824.824,True
1/7/2023 6:00:00 AM,1/7/2023 1:00:00 AM,SERC,WEST,EKPC,EKPC,1824.466,True
1/7/2023 7:00:00 AM,1/7/2023 2:00:00 AM,SERC,WEST,EKPC,EKPC,1764.357,True
1/7/2023 8:00:00 AM,1/7/2023 3:00:00 AM,SERC,WEST,EKPC,EKPC,1724.446,True
1/7/2023 9:00:00 AM,1/7/2023 4:00:00 AM,SERC,WEST,EKPC,EKPC,1712.695,True
1/7/2023 10:00:00 AM,1/7/2023 5:00:00 AM,SERC,WEST,EKPC,EKPC,1891.279,True
1/7/2023 11:00:00 AM,1/7/2023 6:00:00 AM,SERC,WEST,EKPC,EKPC,1875.207,True
1/7/2023 12:00:00 PM,1/7/2023 7:00:00 AM,SERC,WEST,EKPC,EKPC,1993.187,True
1/7/2023 1:00:00 PM,1/7/2023 8:00:00 AM,SERC,WEST,EKPC,EKPC,2014.307,True
1/7/2023 2:00:00 PM,1/7/2023 9:00:00 AM,SERC,WEST,EKPC,EKPC,2009.434,True
1/7/2023 3:00:00 PM,1/7/2023 10:00:00 AM,SERC,WEST,EKPC,EKPC,1933.414,True
1/7/2023 4:00:00 PM,1/7/2023 11:00:00 AM,SERC,WEST,EKPC,EKPC,1746.719,True
1/7/2023 5:00:00 PM,1/7/2023 12:00:00 PM,SERC,WEST,EKPC,EKPC,1642.660,True
1/7/2023 6:00:00 PM,1/7/2023 1:00:00 PM,SERC,WEST,EKPC,EKPC,1593.240,True
1/7/2023 7:00:00 PM,1/7/2023 2:00:00 PM,SERC,WEST,EKPC,EKPC,1512.467,True
1/7/2023 8:00:00 PM,1/7/2023 3:00:00 PM,SERC,WEST,EKPC,EKPC,1364.890,True
1/7/2023 9:00:00 PM,1/7/2023 4:00:00 PM,SERC,WEST,EKPC,EKPC,1384.264,True
1/7/2023 10:00:00 PM,1/7/2023 5:00:00 PM,SERC,WEST,EKPC,EKPC,1608.102,True
1/7/2023 11:00:00 PM,1/7/2023 6:00:00 PM,SERC,WEST,EKPC,EKPC,1687.065,True
1/8/2023 12:00:00 AM,1/7/2023 7:00:00 PM,SERC,WEST,EKPC,EKPC,1726.937,True
1/8/2023 1:00:00 AM,1/7/2023 8:00:00 PM,SERC,WEST,EKPC,EKPC,1728.110,True
1/8/2023 2:00:00 AM,1/7/2023 9:00:00 PM,SERC,WEST,EKPC,EKPC,1741.719,True
1/8/2023 3:00:00 AM,1/7/2023 10:00:00 PM,SERC,WEST,EKPC,EKPC,1566.628,True
1/8/2023 4:00:00 AM,1/7/2023 11:00:00 PM,SERC,WEST,EKPC,EKPC,1499.461,True
1/8/2023 5:00:00 AM,1/8/2023 12:00:00 AM,SERC,WEST,EKPC,EKPC,1491.190,True
1/8/2023 6:00:00 AM,1/8/2023 1:00:00 AM,SERC,WEST,EKPC,EKPC,1586.053,True
1/8/2023 7:00:00 AM,1/8/2023 2:00:00 AM,SERC,WEST,EKPC,EKPC,1528.530,True
1/8/2023 8:00:00 AM,1/8/2023 3:00:00 AM,SERC,WEST,EKPC,EKPC,1582.729,True
1/8/2023 9:00:00 AM,1/8/2023 4:00:00 AM,SERC,WEST,EKPC,EKPC,1541.323,True
1/8/2023 10:00:00 AM,1/8/2023 5:00:00 AM,SERC,WEST,EKPC,EKPC,1583.318,True
1/8/2023 11:00:00 AM,1/8/2023 6:00:00 AM,SERC,WEST,EKPC,EKPC,1658.861,True
1/8/2023 12:00:00 PM,1/8/2023 7:00:00 AM,SERC,WEST,EKPC,EKPC,1699.610,True
1/8/2023 1:00:00 PM,1/8/2023 8:00:00 AM,SERC,WEST,EKPC,EKPC,1724.751,True
1/8/2023 2:00:00 PM,1/8/2023 9:00:00 AM,SERC,WEST,EKPC,EKPC,1734.017,True
1/8/2023 3:00:00 PM,1/8/2023 10:00:00 AM,SERC,WEST,EKPC,EKPC,1730.007,True
1/8/2023 4:00:00 PM,1/8/2023 11:00:00 AM,SERC,WEST,EKPC,EKPC,1695.185,True
1/8/2023 5:00:00 PM,1/8/2023 12:00:00 PM,SERC,WEST,EKPC,EKPC,1711.916,True
1/8/2023 6:00:00 PM,1/8/2023 1:00:00 PM,SERC,WEST,EKPC,EKPC,1713.368,True
1/8/2023 7:00:00 PM,1/8/2023 2:00:00 PM,SERC,WEST,EKPC,EKPC,1691.032,True
1/8/2023 8:00:00 PM,1/8/2023 3:00:00 PM,SERC,WEST,EKPC,EKPC,1697.649,True
1/8/2023 9:00:00 PM,1/8/2023 4:00:00 PM,SERC,WEST,EKPC,EKPC,1814.491,True
1/8/2023 10:00:00 PM,1/8/2023 5:00:00 PM,SERC,WEST,EKPC,EKPC,1803.769,True
1/8/2023 11:00:00 PM,1/8/2023 6:00:00 PM,SERC,WEST,EKPC,EKPC,1842.806,True
1/9/2023 12:00:00 AM,1/8/2023 7:00:00 PM,SERC,WEST,EKPC,EKPC,1904.430,True
1/9/2023 1:00:00 AM,1/8/2023 8:00:00 PM,SERC,WEST,EKPC,EKPC,1855.153,True
1/9/2023 2:00:00 AM,1/8/2023 9:00:00 PM,SERC,WEST,EKPC,EKPC,1824.106,True
1/9/2023 3:00:00 AM,1/8/2023 10:00:00 PM,SERC,WEST,EKPC,EKPC,1646.378,True
1/9/2023 4:00:00 AM,1/8/2023 11:00:00 PM,SERC,WEST,EKPC,EKPC,1586.069,True
1/9/2023 5:00:00 AM,1/9/2023 12:00:00 AM,SERC,WEST,EKPC,EKPC,1582.323,True
1/9/2023 6:00:00 AM,1/9/2023 1:00:00 AM,SERC,WEST,EKPC,EKPC,1508.135,True
1/9/2023 7:00:00 AM,1/9/2023 2:00:00 AM,SERC,WEST,EKPC,EKPC,1512.123,True
1/9/2023 8:00:00 AM,1/9/2023 3:00:00 AM,SERC,WEST,EKPC,EKPC,1528.133,True
1/9/2023 9:00:00 AM,1/9/2023 4:00:00 AM,SERC,WEST,EKPC,EKPC,1565.059,True
1/9/2023 10:00:00 AM,1/9/2023 5:00:00 AM,SERC,WEST,EKPC,EKPC,1743.223,True
1/9/2023 11:00:00 AM,1/9/2023 6:00:00 AM,SERC,WEST,EKPC,EKPC,1875.148,True
1/9/2023 12:00:00 PM,1/9/2023 7:00:00 AM,SERC,WEST,EKPC,EKPC,1986.361,True
1/9/2023 1:00:00 PM,1/9/2023 8:00:00 AM,SERC,WEST,EKPC,EKPC,1964.787,True
1/9/2023 2:00:00 PM,1/9/2023 9:00:00 AM,SERC,WEST,EKPC,EKPC,1967.950,True
1/9/2023 3:00:00 PM,1/9/2023 10:00:00 AM,SERC,WEST,EKPC,EKPC,1966.217,True
1/9/2023 4:00:00 PM,1/9/2023 11:00:00 AM,SERC,WEST,EKPC,EKPC,1867.554,True
1/9/2023 5:00:00 PM,1/9/2023 12:00:00 PM,SERC,WEST,EKPC,EKPC,1844.454,True
1/9/2023 6:00:00 PM,1/9/2023 1:00:00 PM,SERC,WEST,EKPC,EKPC,1740.006,True
1/9/2023 7:00:00 PM,1/9/2023 2:00:00 PM,SERC,WEST,EKPC,EKPC,1673.300,True
1/9/2023 8:00:00 PM,1/9/2023 3:00:00 PM,SERC,WEST,EKPC,EKPC,1598.843,True
1/9/2023 9:00:00 PM,1/9/2023 4:00:00 PM,SERC,WEST,EKPC,EKPC,1692.933,True
1/9/2023 10:00:00 PM,1/9/2023 5:00:00 PM,SERC,WEST,EKPC,EKPC,1664.602,True
1/9/2023 11:00:00 PM,1/9/2023 6:00:00 PM,SERC,WEST,EKPC,EKPC,1811.004,True
1/10/2023 12:00:00 AM,1/9/2023 7:00:00 PM,SERC,WEST,EKPC,EKPC,1945.753,True
1/10/2023 1:00:00 AM,1/9/2023 8:00:00 PM,SERC,WEST,EKPC,EKPC,2034.285,True
1/10/2023 2:00:00 AM,1/9/2023 9:00:00 PM,SERC,WEST,EKPC,EKPC,2011.125,True
1/10/2023 3:00:00 AM,1/9/2023 10:00:00 PM,SERC,WEST,EKPC,EKPC,1959.731,True
1/10/2023 4:00:00 AM,1/9/2023 11:00:00 PM,SERC,WEST,EKPC,EKPC,1925.059,True
1/10/2023 5:00:00 AM,1/10/2023 12:00:00 AM,SERC,WEST,EKPC,EKPC,1932.168,True
1/10/2023 6:00:00 AM,1/10/2023 1:00:00 AM,SERC,WEST,EKPC,EKPC,1899.207,True
1/10/2023 7:00:00 AM,1/10/2023 2:00:00 AM,SERC,WEST,EKPC,EKPC,1985.414,True
1/10/2023 8:00:00 AM,1/10/2023 3:00:00 AM,SERC,WEST,EKPC,EKPC,1998.985,True
1/10/2023 9:00:00 AM,1/10/2023 4:00:00 AM,SERC,WEST,EKPC,EKPC,1971.676,True
1/10/2023 10:00:00 AM,1/10/2023 5:00:00 AM,SERC,WEST,EKPC,EKPC,2013.351,True
1/10/2023 11:00:00 AM,1/10/2023 6:00:00 AM,SERC,WEST,EKPC,EKPC,2177.671,True
1/10/2023 12:00:00 PM,1/10/2023 7:00:00 AM,SERC,WEST,EKPC,EKPC,2301.456,True
1/10/2023 1:00:00 PM,1/10/2023 8:00:00 AM,SERC,WEST,EKPC,EKPC,2125.556,True
1/10/2023 2:00:00 PM,1/10/2023 9:00:00 AM,SERC,WEST,EKPC,EKPC,1975.527,True
1/10/2023 3:00:00 PM,1/10/2023 10:00:00 AM,SERC,WEST,EKPC,EKPC,1878.374,True
1/10/2023 4:00:00 PM,1/10/2023 11:00:00 AM,SERC,WEST,EKPC,EKPC,1659.067,True
1/10/2023 5:00:00 PM,1/10/2023 12:00:00 PM,SERC,WEST,EKPC,EKPC,1572.727,True
1/10/2023 6:00:00 PM,1/10/2023 1:00:00 PM,SERC,WEST,EKPC,EKPC,1475.541,True
1/10/2023 7:00:00 PM,1/10/2023 2:00:00 PM,SERC,WEST,EKPC,EKPC,1506.330,True
1/10/2023 8:00:00 PM,1/10/2023 3:00:00 PM,SERC,WEST,EKPC,EKPC,1444.646,True
1/10/2023 9:00:00 PM,1/10/2023 4:00:00 PM,SERC,WEST,EKPC,EKPC,1572.781,True
1/10/2023 10:00:00 PM,1/10/2023 5:00:00 PM,SERC,WEST,EKPC,EKPC,1620.876,True
1/10/2023 11:00:00 PM,1/10/2023 6:00:00 PM,SERC,WEST,EKPC,EKPC,1781.710,True
1/11/2023 12:00:00 AM,1/10/2023 7:00:00 PM,SERC,WEST,EKPC,EKPC,1812.876,True
1/11/2023 1:00:00 AM,1/10/2023 8:00:00 PM,SERC,WEST,EKPC,EKPC,1793.884,True
1/11/2023 2:00:00 AM,1/10/2023 9:00:00 PM,SERC,WEST,EKPC,EKPC,1809.692,True
1/11/2023 3:00:00 AM,1/10/2023 10:00:00 PM,SERC,WEST,EKPC,EKPC,1803.131,True
1/11/2023 4:00:00 AM,1/10/2023 11:00:00 PM,SERC,WEST,EKPC,EKPC,1635.342,True
1/11/2023 5:00:00 AM,1/11/2023 12:00:00 AM,SERC,WEST,EKPC,EKPC,1707.568,True
1/11/2023 6:00:00 AM,1/11/2023 1:00:00 AM,SERC,WEST,EKPC,EKPC,1680.652,True
1/11/2023 7:00:00 AM,1/11/2023 2:00:00 AM,SERC,WEST,EKPC,EKPC,1781.815,True
1/11/2023 8:00:00 AM,1/11/2023 3:00:00 AM,SERC,WEST,EKPC,EKPC,1698.667,True
1/11/2023 9:00:00 AM,1/11/2023 4:00:00 AM,SERC,WEST,EKPC,EKPC,1777.625,True
1/11/2023 10:00:00 AM,1/11/2023 5:00:00 AM,SERC,WEST,EKPC,EKPC,1819.992,True
1/11/2023 11:00:00 AM,1/11/2023 6:00:00 AM,SERC,WEST,EKPC,EKPC,1950.306,True
1/11/2023 12:00:00 PM,1/11/2023 7:00:00 AM,SERC,WEST,EKPC,EKPC,1934.595,True
1/11/2023 1:00:00 PM,1/11/2023 8:00:00 AM,SERC,WEST,EKPC,EKPC,1840.468,True
1/11/2023 2:00:00 PM,1/11/2023 9:00:00 AM,SERC,WEST,EKPC,EKPC,1761.976,True
1/11/2023 3:00:00 PM,1/11/2023 10:00:00 AM,SERC,WEST,EKPC,EKPC,1698.191,True
1/11/2023 4:00:00 PM,1/11/2023 11:00:00 AM,SERC,WEST,EKPC,EKPC,1622.945,True
1/11/2023 5:00:00 PM,1/11/2023 12:00:00 PM,SERC,WEST,EKPC,EKPC,1629.859,True
1/11/2023 6:00:00 PM,1/11/2023 1:00:00 PM,SERC,WEST,EKPC,EKPC,1638.210,True
1/11/2023 7:00:00 PM,1/11/2023 2:00:00 PM,SERC,WEST,EKPC,EKPC,1651.884,True
1/11/2023 8:00:00 PM,1/11/2023 3:00:00 PM,SERC,WEST,EKPC,EKPC,1615.059,True
1/11/2023 9:00:00 PM,1/11/2023 4:00:00 PM,SERC,WEST,EKPC,EKPC,1592.639,True
1/11/2023 10:00:00 PM,1/11/2023 5:00:00 PM,SERC,WEST,EKPC,EKPC,1633.841,True
1/11/2023 11:00:00 PM,1/11/2023 6:00:00 PM,SERC,WEST,EKPC,EKPC,1686.005,True
1/12/2023 12:00:00 AM,1/11/2023 7:00:00 PM,SERC,WEST,EKPC,EKPC,1688.724,True
1/12/2023 1:00:00 AM,1/11/2023 8:00:00 PM,SERC,WEST,EKPC,EKPC,1626.915,True
1/12/2023 2:00:00 AM,1/11/2023 9:00:00 PM,SERC,WEST,EKPC,EKPC,1573.544,True
1/12/2023 3:00:00 AM,1/11/2023 10:00:00 PM,SERC,WEST,EKPC,EKPC,1500.227,True
1/12/2023 4:00:00 AM,1/11/2023 11:00:00 PM,SERC,WEST,EKPC,EKPC,1378.024,True
1/12/2023 5:00:00 AM,1/12/2023 12:00:00 AM,SERC,WEST,EKPC,EKPC,1302.319,True
1/12/2023 6:00:00 AM,1/12/2023 1:00:00 AM,SERC,WEST,EKPC,EKPC,1314.062,True
1/12/2023 7:00:00 AM,1/12/2023 2:00:00 AM,SERC,WEST,EKPC,EKPC,1293.706,True
1/12/2023 8:00:00 AM,1/12/2023 3:00:00 AM,SERC,WEST,EKPC,EKPC,1285.866,True
1/12/2023 9:00:00 AM,1/12/2023 4:00:00 AM,SERC,WEST,EKPC,EKPC,1229.193,True
1/12/2023 10:00:00 AM,1/12/2023 5:00:00 AM,SERC,WEST,EKPC,EKPC,1326.484,True
1/12/2023 11:00:00 AM,1/12/2023 6:00:00 AM,SERC,WEST,EKPC,EKPC,1396.851,True
1/12/2023 12:00:00 PM,1/12/2023 7:00:00 AM,SERC,WEST,EKPC,EKPC,1421.171,True
1/12/2023 1:00:00 PM,1/12/2023 8:00:00 AM,SERC,WEST,EKPC,EKPC,1366.505,True
1/12/2023 2:00:00 PM,1/12/2023 9:00:00 AM,SERC,WEST,EKPC,EKPC,1329.387,True
1/12/2023 3:00:00 PM,1/12/2023 10:00:00 AM,SERC,WEST,EKPC,EKPC,1339.002,True
1/12/2023 4:00:00 PM,1/12/2023 11:00:00 AM,SERC,WEST,EKPC,EKPC,1323.017,True
1/12/2023 5:00:00 PM,1/12/2023 12:00:00 PM,SERC,WEST,EKPC,EKPC,1366.533,True
1/12/2023 6:00:00 PM,1/12/2023 1:00:00 PM,SERC,WEST,EKPC,EKPC,1371.438,True
1/12/2023 7:00:00 PM,1/12/2023 2:00:00 PM,SERC,WEST,EKPC,EKPC,1368.412,True
1/12/2023 8:00:00 PM,1/12/2023 3:00:00 PM,SERC,WEST,EKPC,EKPC,1419.754,True
1/12/2023 9:00:00 PM,1/12/2023 4:00:00 PM,SERC,WEST,EKPC,EKPC,1465.823,True
1/12/2023 10:00:00 PM,1/12/2023 5:00:00 PM,SERC,WEST,EKPC,EKPC,1590.569,True
1/12/2023 11:00:00 PM,1/12/2023 6:00:00 PM,SERC,WEST,EKPC,EKPC,1575.414,True
1/13/2023 12:00:00 AM,1/12/2023 7:00:00 PM,SERC,WEST,EKPC,EKPC,1625.414,True
1/13/2023 1:00:00 AM,1/12/2023 8:00:00 PM,SERC,WEST,EKPC,EKPC,1659.200,True
1/13/2023 2:00:00 AM,1/12/2023 9:00:00 PM,SERC,WEST,EKPC,EKPC,1611.280,True
1/13/2023 3:00:00 AM,1/12/2023 10:00:00 PM,SERC,WEST,EKPC,EKPC,1546.432,True
1/13/2023 4:00:00 AM,1/12/2023 11:00:00 PM,SERC,WEST,EKPC,EKPC,1516.540,True
1/13/2023 5:00:00 AM,1/13/2023 12:00:00 AM,SERC,WEST,EKPC,EKPC,1491.062,True
1/13/2023 6:00:00 AM,1/13/2023 1:00:00 AM,SERC,WEST,EKPC,EKPC,1574.636,True
1/13/2023 7:00:00 AM,1/13/2023 2:00:00 AM,SERC,WEST,EKPC,EKPC,1605.327,True
1/13/2023 8:00:00 AM,1/13/2023 3:00:00 AM,SERC,WEST,EKPC,EKPC,1643.954,True
1/13/2023 9:00:00 AM,1/13/2023 4:00:00 AM,SERC,WEST,EKPC,EKPC,1676.342,True
1/13/2023 10:00:00 AM,1/13/2023 5:00:00 AM,SERC,WEST,EKPC,EKPC,1776.919,True
1/13/2023 11:00:00 AM,1/13/2023 6:00:00 AM,SERC,WEST,EKPC,EKPC,1927.070,True
1/13/2023 12:00:00 PM,1/13/2023 7:00:00 AM,SERC,WEST,EKPC,EKPC,1975.997,True
1/13/2023 1:00:00 PM,1/13/2023 8:00:00 AM,SERC,WEST,EKPC,EKPC,1973.167,True
1/13/2023 2:00:00 PM,1/13/2023 9:00:00 AM,SERC,WEST,EKPC,EKPC,1977.417,True
1/13/2023 3:00:00 PM,1/13/2023 10:00:00 AM,SERC,WEST,EKPC,EKPC,1994.122,True
1/13/2023 4:00:00 PM,1/13/2023 11:00:00 AM,SERC,WEST,EKPC,EKPC,2004.473,True
1/13/2023 5:00:00 PM,1/13/2023 12:00:00 PM,SERC,WEST,EKPC,EKPC,1991.831,True
1/13/2023 6:00:00 PM,1/13/2023 1:00:00 PM,SERC,WEST,EKPC,EKPC,2013.376,True
1/13/2023 7:00:00 PM,1/13/2023 2:00:00 PM,SERC,WEST,EKPC,EKPC,2021.851,True
1/13/2023 8:00:00 PM,1/13/2023 3:00:00 PM,SERC,WEST,EKPC,EKPC,2042.238,True
1/13/2023 9:00:00 PM,1/13/2023 4:00:00 PM,SERC,WEST,EKPC,EKPC,2081.882,True
1/13/2023 10:00:00 PM,1/13/2023 5:00:00 PM,SERC,WEST,EKPC,EKPC,2123.783,True
1/13/2023 11:00:00 PM,1/13/2023 6:00:00 PM,SERC,WEST,EKPC,EKPC,2154.334,True
1/14/2023 12:00:00 AM,1/13/2023 7:00:00 PM,SERC,WEST,EKPC,EKPC,2138.088,True
1/14/2023 1:00:00 AM,1/13/2023 8:00:00 PM,SERC,WEST,EKPC,EKPC,2127.875,True
1/14/2023 2:00:00 AM,1/13/2023 9:00:00 PM,SERC,WEST,EKPC,EKPC,2089.434,True
1/14/2023 3:00:00 AM,1/13/2023 10:00:00 PM,SERC,WEST,EKPC,EKPC,2062.355,True
1/14/2023 4:00:00 AM,1/13/2023 11:00:00 PM,SERC,WEST,EKPC,EKPC,1968.447,True
1/14/2023 5:00:00 AM,1/14/2023 12:00:00 AM,SERC,WEST,EKPC,EKPC,1936.329,True
1/14/2023 6:00:00 AM,1/14/2023 1:00:00 AM,SERC,WEST,EKPC,EKPC,1930.613,True
1/14/2023 7:00:00 AM,1/14/2023 2:00:00 AM,SERC,WEST,EKPC,EKPC,1923.883,True
1/14/2023 8:00:00 AM,1/14/2023 3:00:00 AM,SERC,WEST,EKPC,EKPC,1925.442,True
1/14/2023 9:00:00 AM,1/14/2023 4:00:00 AM,SERC,WEST,EKPC,EKPC,1961.368,True
1/14/2023 10:00:00 AM,1/14/2023 5:00:00 AM,SERC,WEST,EKPC,EKPC,1959.818,True
1/14/2023 11:00:00 AM,1/14/2023 6:00:00 AM,SERC,WEST,EKPC,EKPC,2022.665,True
1/14/2023 12:00:00 PM,1/14/2023 7:00:00 AM,SERC,WEST,EKPC,EKPC,2076.118,True
1/14/2023 1:00:00 PM,1/14/2023 8:00:00 AM,SERC,WEST,EKPC,EKPC,2148.546,True
1/14/2023 2:00:00 PM,1/14/2023 9:00:00 AM,SERC,WEST,EKPC,EKPC,2226.300,True
1/14/2023 3:00:00 PM,1/14/2023 10:00:00 AM,SERC,WEST,EKPC,EKPC,2164.258,True
1/14/2023 4:00:00 PM,1/14/2023 11:00:00 AM,SERC,WEST,EKPC,EKPC,2152.309,True
1/14/2023 5:00:00 PM,1/14/2023 12:00:00 PM,SERC,WEST,EKPC,EKPC,2073.308,True
1/14/2023 6:00:00 PM,1/14/2023 1:00:00 PM,SERC,WEST,EKPC,EKPC,1994.288,True
1/14/2023 7:00:00 PM,1/14/2023 2:00:00 PM,SERC,WEST,EKPC,EKPC,1941.757,True
1/14/2023 8:00:00 PM,1/14/2023 3:00:00 PM,SERC,WEST,EKPC,EKPC,1881.616,True
1/14/2023 9:00:00 PM,1/14/2023 4:00:00 PM,SERC,WEST,EKPC,EKPC,1880.053,True
1/14/2023 10:00:00 PM,1/14/2023 5:00:00 PM,SERC,WEST,EKPC,EKPC,1967.388,True
1/14/2023 11:00:00 PM,1/14/2023 6:00:00 PM,SERC,WEST,EKPC,EKPC,2092.160,True
1/15/2023 12:00:00 AM,1/14/2023 7:00:00 PM,SERC,WEST,EKPC,EKPC,2138.016,True
1/15/2023 1:00:00 AM,1/14/2023 8:00:00 PM,SERC,WEST,EKPC,EKPC,2132.634,True
1/15/2023 2:00:00 AM,1/14/2023 9:00:00 PM,SERC,WEST,EKPC,EKPC,2208.900,True
1/15/2023 3:00:00 AM,1/14/2023 10:00:00 PM,SERC,WEST,EKPC,EKPC,2210.599,True
1/15/2023 4:00:00 AM,1/14/2023 11:00:00 PM,SERC,WEST,EKPC,EKPC,2097.708,True
1/15/2023 5:00:00 AM,1/15/2023 12:00:00 AM,SERC,WEST,EKPC,EKPC,2110.816,True
1/15/2023 6:00:00 AM,1/15/2023 1:00:00 AM,SERC,WEST,EKPC,EKPC,2209.863,True
1/15/2023 7:00:00 AM,1/15/2023 2:00:00 AM,SERC,WEST,EKPC,EKPC,2120.645,True
1/15/2023 8:00:00 AM,1/15/2023 3:00:00 AM,SERC,WEST,EKPC,EKPC,2127.163,True
1/15/2023 9:00:00 AM,1/15/2023 4:00:00 AM,SERC,WEST,EKPC,EKPC,2169.799,True
1/15/2023 10:00:00 AM,1/15/2023 5:00:00 AM,SERC,WEST,EKPC,EKPC,2252.444,True
1/15/2023 11:00:00 AM,1/15/2023 6:00:00 AM,SERC,WEST,EKPC,EKPC,2351.814,True
1/15/2023 12:00:00 PM,1/15/2023 7:00:00 AM,SERC,WEST,EKPC,EKPC,2386.543,True
1/15/2023 1:00:00 PM,1/15/2023 8:00:00 AM,SERC,WEST,EKPC,EKPC,2487.007,True
1/15/2023 2:00:00 PM,1/15/2023 9:00:00 AM,SERC,WEST,EKPC,EKPC,2392.534,True
1/15/2023 3:00:00 PM,1/15/2023 10:00:00 AM,SERC,WEST,EKPC,EKPC,2180.415,True
1/15/2023 4:00:00 PM,1/15/2023 11:00:00 AM,SERC,WEST,EKPC,EKPC,2016.265,True
1/15/2023 5:00:00 PM,1/15/2023 12:00:00 PM,SERC,WEST,EKPC,EKPC,1892.435,True
1/15/2023 6:00:00 PM,1/15/2023 1:00:00 PM,SERC,WEST,EKPC,EKPC,1769.663,True
1/15/2023 7:00:00 PM,1/15/2023 2:00:00 PM,SERC,WEST,EKPC,EKPC,1630.181,True
1/15/2023 8:00:00 PM,1/15/2023 3:00:00 PM,SERC,WEST,EKPC,EKPC,1565.553,True
1/15/2023 9:00:00 PM,1/15/2023 4:00:00 PM,SERC,WEST,EKPC,EKPC,1626.025,True
1/15/2023 10:00:00 PM,1/15/2023 5:00:00 PM,SERC,WEST,EKPC,EKPC,1787.360,True
1/15/2023 11:00:00 PM,1/15/2023 6:00:00 PM,SERC,WEST,EKPC,EKPC,1971.272,True
1/16/2023 12:00:00 AM,1/15/2023 7:00:00 PM,SERC,WEST,EKPC,EKPC,1973.353,True
1/16/2023 1:00:00 AM,1/15/2023 8:00:00 PM,SERC,WEST,EKPC,EKPC,2035.903,True
1/16/2023 2:00:00 AM,1/15/2023 9:00:00 PM,SERC,WEST,EKPC,EKPC,1909.822,True
1/16/2023 3:00:00 AM,1/15/2023 10:00:00 PM,SERC,WEST,EKPC,EKPC,1830.320,True
1/16/2023 4:00:00 AM,1/15/2023 11:00:00 PM,SERC,WEST,EKPC,EKPC,1871.731,True
1/16/2023 5:00:00 AM,1/16/2023 12:00:00 AM,SERC,WEST,EKPC,EKPC,1886.067,True
1/16/2023 6:00:00 AM,1/16/2023 1:00:00 AM,SERC,WEST,EKPC,EKPC,1940.210,True
1/16/2023 7:00:00 AM,1/16/2023 2:00:00 AM,SERC,WEST,EKPC,EKPC,1936.754,True
1/16/2023 8:00:00 AM,1/16/2023 3:00:00 AM,SERC,WEST,EKPC,EKPC,1938.315,True
1/16/2023 9:00:00 AM,1/16/2023 4:00:00 AM,SERC,WEST,EKPC,EKPC,2016.819,True
1/16/2023 10:00:00 AM,1/16/2023 5:00:00 AM,SERC,WEST,EKPC,EKPC,2116.215,True
1/16/2023 11:00:00 AM,1/16/2023 6:00:00 AM,SERC,WEST,EKPC,EKPC,2184.496,True
1/16/2023 12:00:00 PM,1/16/2023 7:00:00 AM,SERC,WEST,EKPC,EKPC,2123.697,True
1/16/2023 1:00:00 PM,1/16/2023 8:00:00 AM,SERC,WEST,EKPC,EKPC,2111.249,True
1/16/2023 2:00:00 PM,1/16/2023 9:00:00 AM,SERC,WEST,EKPC,EKPC,2061.855,True
1/16/2023 3:00:00 PM,1/16/2023 10:00:00 AM,SERC,WEST,EKPC,EKPC,1980.087,True
1/16/2023 4:00:00 PM,1/16/2023 11:00:00 AM,SERC,WEST,EKPC,EKPC,1978.020,True
1/16/2023 5:00:00 PM,1/16/2023 12:00:00 PM,SERC,WEST,EKPC,EKPC,1980.671,True
1/16/2023 6:00:00 PM,1/16/2023 1:00:00 PM,SERC,WEST,EKPC,EKPC,1943.412,True
1/16/2023 7:00:00 PM,1/16/2023 2:00:00 PM,SERC,WEST,EKPC,EKPC,1851.438,True
1/16/2023 8:00:00 PM,1/16/2023 3:00:00 PM,SERC,WEST,EKPC,EKPC,1799.352,True
1/16/2023 9:00:00 PM,1/16/2023 4:00:00 PM,SERC,WEST,EKPC,EKPC,1875.293,True
1/16/2023 10:00:00 PM,1/16/2023 5:00:00 PM,SERC,WEST,EKPC,EKPC,1887.605,True
1/16/2023 11:00:00 PM,1/16/2023 6:00:00 PM,SERC,WEST,EKPC,EKPC,1869.532,True
1/17/2023 12:00:00 AM,1/16/2023 7:00:00 PM,SERC,WEST,EKPC,EKPC,1910.510,True
1/17/2023 1:00:00 AM,1/16/2023 8:00:00 PM,SERC,WEST,EKPC,EKPC,1789.843,True
1/17/2023 2:00:00 AM,1/16/2023 9:00:00 PM,SERC,WEST,EKPC,EKPC,1696.589,True
1/17/2023 3:00:00 AM,1/16/2023 10:00:00 PM,SERC,WEST,EKPC,EKPC,1598.853,True
1/17/2023 4:00:00 AM,1/16/2023 11:00:00 PM,SERC,WEST,EKPC,EKPC,1541.065,True
1/17/2023 5:00:00 AM,1/17/2023 12:00:00 AM,SERC,WEST,EKPC,EKPC,1467.520,True
1/17/2023 6:00:00 AM,1/17/2023 1:00:00 AM,SERC,WEST,EKPC,EKPC,1484.894,True
1/17/2023 7:00:00 AM,1/17/2023 2:00:00 AM,SERC,WEST,EKPC,EKPC,1377.670,True
1/17/2023 8:00:00 AM,1/17/2023 3:00:00 AM,SERC,WEST,EKPC,EKPC,1327.876,True
1/17/2023 9:00:00 AM,1/17/2023 4:00:00 AM,SERC,WEST,EKPC,EKPC,1327.669,True
1/17/2023 10:00:00 AM,1/17/2023 5:00:00 AM,SERC,WEST,EKPC,EKPC,1345.532,True
1/17/2023 11:00:00 AM,1/17/2023 6:00:00 AM,SERC,WEST,EKPC,EKPC,1481.739,True
1/17/2023 12:00:00 PM,1/17/2023 7:00:00 AM,SERC,WEST,EKPC,EKPC,1502.951,True
1/17/2023 1:00:00 PM,1/17/2023 8:00:00 AM,SERC,WEST,EKPC,EKPC,1471.157,True
1/17/2023 2:00:00 PM,1/17/2023 9:00:00 AM,SERC,WEST,EKPC,EKPC,1534.131,True
1/17/2023 3:00:00 PM,1/17/2023 10:00:00 AM,SERC,WEST,EKPC,EKPC,1487.090,True
1/17/2023 4:00:00 PM,1/17/2023 11:00:00 AM,SERC,WEST,EKPC,EKPC,1499.258,True
1/17/2023 5:00:00 PM,1/17/2023 12:00:00 PM,SERC,WEST,EKPC,EKPC,1382.542,True
1/17/2023 6:00:00 PM,1/17/2023 1:00:00 PM,SERC,WEST,EKPC,EKPC,1406.549,True
1/17/2023 7:00:00 PM,1/17/2023 2:00:00 PM,SERC,WEST,EKPC,EKPC,1270.118,True
1/17/2023 8:00:00 PM,1/17/2023 3:00:00 PM,SERC,WEST,EKPC,EKPC,1255.164,True
1/17/2023 9:00:00 PM,1/17/2023 4:00:00 PM,SERC,WEST,EKPC,EKPC,1282.119,True
1/17/2023 10:00:00 PM,1/17/2023 5:00:00 PM,SERC,WEST,EKPC,EKPC,1311.891,True
1/17/2023 11:00:00 PM,1/17/2023 6:00:00 PM,SERC,WEST,EKPC,EKPC,1432.270,True
1/18/2023 12:00:00 AM,1/17/2023 7:00:00 PM,SERC,WEST,EKPC,EKPC,1450.656,True
1/18/2023 1:00:00 AM,1/17/2023 8:00:00 PM,SERC,WEST,EKPC,EKPC,1457.314,True
1/18/2023 2:00:00 AM,1/17/2023 9:00:00 PM,SERC,WEST,EKPC,EKPC,1511.219,True
1/18/2023 3:00:00 AM,1/17/2023 10:00:00 PM,SERC,WEST,EKPC,EKPC,1460.275,True
1/18/2023 4:00:00 AM,1/17/2023 11:00:00 PM,SERC,WEST,EKPC,EKPC,1432.920,True
1/18/2023 5:00:00 AM,1/18/2023 12:00:00 AM,SERC,WEST,EKPC,EKPC,1396.394,True
1/18/2023 6:00:00 AM,1/18/2023 1:00:00 AM,SERC,WEST,EKPC,EKPC,1384.442,True
1/18/2023 7:00:00 AM,1/18/2023 2:00:00 AM,SERC,WEST,EKPC,EKPC,1457.410,True
1/18/2023 8:00:00 AM,1/18/2023 3:00:00 AM,SERC,WEST,EKPC,EKPC,1490.767,True
1/18/2023 9:00:00 AM,1/18/2023 4:00:00 AM,SERC,WEST,EKPC,EKPC,1541.916,True
1/18/2023 10:00:00 AM,1/18/2023 5:00:00 AM,SERC,WEST,EKPC,EKPC,1653.008,True
1/18/2023 11:00:00 AM,1/18/2023 6:00:00 AM,SERC,WEST,EKPC,EKPC,1834.551,True
1/18/2023 12:00:00 PM,1/18/2023 7:00:00 AM,SERC,WEST,EKPC,EKPC,1919.804,True
1/18/2023 1:00:00 PM,1/18/2023 8:00:00 AM,SERC,WEST,EKPC,EKPC,1890.695,True
1/18/2023 2:00:00 PM,1/18/2023 9:00:00 AM,SERC,WEST,EKPC,EKPC,1875.826,True
1/18/2023 3:00:00 PM,1/18/2023 10:00:00 AM,SERC,WEST,EKPC,EKPC,1653.807,True
1/18/2023 4:00:00 PM,1/18/2023 11:00:00 AM,SERC,WEST,EKPC,EKPC,1515.659,True
1/18/2023 5:00:00 PM,1/18/2023 12:00:00 PM,SERC,WEST,EKPC,EKPC,1437.993,True
1/18/2023 6:00:00 PM,1/18/2023 1:00:00 PM,SERC,WEST,EKPC,EKPC,1408.754,True
1/18/2023 7:00:00 PM,1/18/2023 2:00:00 PM,SERC,WEST,EKPC,EKPC,1456.464,True
1/18/2023 8:00:00 PM,1/18/2023 3:00:00 PM,SERC,WEST,EKPC,EKPC,1497.754,True
1/18/2023 9:00:00 PM,1/18/2023 4:00:00 PM,SERC,WEST,EKPC,EKPC,1619.152,True
1/18/2023 10:00:00 PM,1/18/2023 5:00:00 PM,SERC,WEST,EKPC,EKPC,1624.194,True
1/18/2023 11:00:00 PM,1/18/2023 6:00:00 PM,SERC,WEST,EKPC,EKPC,1689.107,True
1/19/2023 12:00:00 AM,1/18/2023 7:00:00 PM,SERC,WEST,EKPC,EKPC,1636.299,True
1/19/2023 1:00:00 AM,1/18/2023 8:00:00 PM,SERC,WEST,EKPC,EKPC,1622.294,True
1/19/2023 2:00:00 AM,1/18/2023 9:00:00 PM,SERC,WEST,EKPC,EKPC,1557.521,True
1/19/2023 3:00:00 AM,1/18/2023 10:00:00 PM,SERC,WEST,EKPC,EKPC,1430.057,True
1/19/2023 4:00:00 AM,1/18/2023 11:00:00 PM,SERC,WEST,EKPC,EKPC,1337.072,True
1/19/2023 5:00:00 AM,1/19/2023 12:00:00 AM,SERC,WEST,EKPC,EKPC,1272.942,True
1/19/2023 6:00:00 AM,1/19/2023 1:00:00 AM,SERC,WEST,EKPC,EKPC,1268.149,True
1/19/2023 7:00:00 AM,1/19/2023 2:00:00 AM,SERC,WEST,EKPC,EKPC,1278.428,True
1/19/2023 8:00:00 AM,1/19/2023 3:00:00 AM,SERC,WEST,EKPC,EKPC,1231.147,True
1/19/2023 9:00:00 AM,1/19/2023 4:00:00 AM,SERC,WEST,EKPC,EKPC,1256.089,True
1/19/2023 10:00:00 AM,1/19/2023 5:00:00 AM,SERC,WEST,EKPC,EKPC,1298.086,True
1/19/2023 11:00:00 AM,1/19/2023 6:00:00 AM,SERC,WEST,EKPC,EKPC,1483.916,True
1/19/2023 12:00:00 PM,1/19/2023 7:00:00 AM,SERC,WEST,EKPC,EKPC,1422.924,True
1/19/2023 1:00:00 PM,1/19/2023 8:00:00 AM,SERC,WEST,EKPC,EKPC,1485.525,True
1/19/2023 2:00:00 PM,1/19/2023 9:00:00 AM,SERC,WEST,EKPC,EKPC,1486.032,True
1/19/2023 3:00:00 PM,1/19/2023 10:00:00 AM,SERC,WEST,EKPC,EKPC,1380.334,True
1/19/2023 4:00:00 PM,1/19/2023 11:00:00 AM,SERC,WEST,EKPC,EKPC,1298.442,True
1/19/2023 5:00:00 PM,1/19/2023 12:00:00 PM,SERC,WEST,EKPC,EKPC,1349.916,True
1/19/2023 6:00:00 PM,1/19/2023 1:00:00 PM,SERC,WEST,EKPC,EKPC,1240.246,True
1/19/2023 7:00:00 PM,1/19/2023 2:00:00 PM,SERC,WEST,EKPC,EKPC,1215.847,True
1/19/2023 8:00:00 PM,1/19/2023 3:00:00 PM,SERC,WEST,EKPC,EKPC,1243.719,True
1/19/2023 9:00:00 PM,1/19/2023 4:00:00 PM,SERC,WEST,EKPC,EKPC,1353.511,True
1/19/2023 10:00:00 PM,1/19/2023 5:00:00 PM,SERC,WEST,EKPC,EKPC,1353.145,True
1/19/2023 11:00:00 PM,1/19/2023 6:00:00 PM,SERC,WEST,EKPC,EKPC,1540.127,True
1/20/2023 12:00:00 AM,1/19/2023 7:00:00 PM,SERC,WEST,EKPC,EKPC,1608.874,True
1/20/2023 1:00:00 AM,1/19/2023 8:00:00 PM,SERC,WEST,EKPC,EKPC,1633.516,True
1/20/2023 2:00:00 AM,1/19/2023 9:00:00 PM,SERC,WEST,EKPC,EKPC,1721.967,True
1/20/2023 3:00:00 AM,1/19/2023 10:00:00 PM,SERC,WEST,EKPC,EKPC,1630.161,True
1/20/2023 4:00:00 AM,1/19/2023 11:00:00 PM,SERC,WEST,EKPC,EKPC,1571.379,True
1/20/2023 5:00:00 AM,1/20/2023 12:00:00 AM,SERC,WEST,EKPC,EKPC,1424.127,True
1/20/2023 6:00:00 AM,1/20/2023 1:00:00 AM,SERC,WEST,EKPC,EKPC,1431.778,True
1/20/2023 7:00:00 AM,1/20/2023 2:00:00 AM,SERC,WEST,EKPC,EKPC,1526.415,True
1/20/2023 8:00:00 AM,1/20/2023 3:00:00 AM,SERC,WEST,EKPC,EKPC,1574.078,True
1/20/2023 9:00:00 AM,1/20/2023 4:00:00 AM,SERC,WEST,EKPC,EKPC,1603.882,True
1/20/2023 10:00:00 AM,1/20/2023 5:00:00 AM,SERC,WEST,EKPC,EKPC,1766.313,True
1/20/2023 11:00:00 AM,1/20/2023 6:00:00 AM,SERC,WEST,EKPC,EKPC,1835.899,True
1/20/2023 12:00:00 PM,1/20/2023 7:00:00 AM,SERC,WEST,EKPC,EKPC,1953.612,True
1/20/2023 1:00:00 PM,1/20/2023 8:00:00 AM,SERC,WEST,EKPC,EKPC,1905.243,True
1/20/2023 2:00:00 PM,1/20/2023 9:00:00 AM,SERC,WEST,EKPC,EKPC,1965.552,True
1/20/2023 3:00:00 PM,1/20/2023 10:00:00 AM,SERC,WEST,EKPC,EKPC,1952.337,True
1/20/2023 4:00:00 PM,1/20/2023 11:00:00 AM,SERC,WEST,EKPC,EKPC,1909.257,True
1/20/2023 5:00:00 PM,1/20/2023 12:00:00 PM,SERC,WEST,EKPC,EKPC,1964.296,True
1/20/2023 6:00:00 PM,1/20/2023 1:00:00 PM,SERC,WEST,EKPC,EKPC,1940.458,True
1/20/2023 7:00:00 PM,1/20/2023 2:00:00 PM,SERC,WEST,EKPC,EKPC,1926.613,True
1/20/2023 8:00:00 PM,1/20/2023 3:00:00 PM,SERC,WEST,EKPC,EKPC,1962.465,True
1/20/2023 9:00:00 PM,1/20/2023 4:00:00 PM,SERC,WEST,EKPC,EKPC,1832.725,True
1/20/2023 10:00:00 PM,1/20/2023 5:00:00 PM,SERC,WEST,EKPC,EKPC,1848.518,True
1/20/2023 11:00:00 PM,1/20/2023 6:00:00 PM,SERC,WEST,EKPC,EKPC,1900.708,True
1/21/2023 12:00:00 AM,1/20/2023 7:00:00 PM,SERC,WEST,EKPC,EKPC,1846.103,True
1/21/2023 1:00:00 AM,1/20/2023 8:00:00 PM,SERC,WEST,EKPC,EKPC,1832.320,True
1/21/2023 2:00:00 AM,1/20/2023 9:00:00 PM,SERC,WEST,EKPC,EKPC,1890.618,True
1/21/2023 3:00:00 AM,1/20/2023 10:00:00 PM,SERC,WEST,EKPC,EKPC,1776.776,True
1/21/2023 4:00:00 AM,1/20/2023 11:00:00 PM,SERC,WEST,EKPC,EKPC,1681.265,True
1/21/2023 5:00:00 AM,1/21/2023 12:00:00 AM,SERC,WEST,EKPC,EKPC,1672.195,True
1/21/2023 6:00:00 AM,1/21/2023 1:00:00 AM,SERC,WEST,EKPC,EKPC,1759.585,True
1/21/2023 7:00:00 AM,1/21/2023 2:00:00 AM,SERC,WEST,EKPC,EKPC,1771.488,True
1/21/2023 8:00:00 AM,1/21/2023 3:00:00 AM,SERC,WEST,EKPC,EKPC,1714.012,True
1/21/2023 9:00:00 AM,1/21/2023 4:00:00 AM,SERC,WEST,EKPC,EKPC,1771.713,True
1/21/2023 10:00:00 AM,1/21/2023 5:00:00 AM,SERC,WEST,EKPC,EKPC,1839.264,True
1/21/2023 11:00:00 AM,1/21/2023 6:00:00 AM,SERC,WEST,EKPC,EKPC,1883.193,True
1/21/2023 12:00:00 PM,1/21/2023 7:00:00 AM,SERC,WEST,EKPC,EKPC,1892.390,True
1/21/2023 1:00:00 PM,1/21/2023 8:00:00 AM,SERC,WEST,EKPC,EKPC,1999.891,True
1/21/2023 2:00:00 PM,1/21/2023 9:00:00 AM,SERC,WEST,EKPC,EKPC,2023.794,True
1/21/2023 3:00:00 PM,1/21/2023 10:00:00 AM,SERC,WEST,EKPC,EKPC,1969.554,True
1/21/2023 4:00:00 PM,1/21/2023 11:00:00 AM,SERC,WEST,EKPC,EKPC,1862.609,True
1/21/2023 5:00:00 PM,1/21/2023 12:00:00 PM,SERC,WEST,EKPC,EKPC,1827.437,True
1/21/2023 6:00:00 PM,1/21/2023 1:00:00 PM,SERC,WEST,EKPC,EKPC,1736.126,True
1/21/2023 7:00:00 PM,1/21/2023 2:00:00 PM,SERC,WEST,EKPC,EKPC,1606.770,True
1/21/2023 8:00:00 PM,1/21/2023 3:00:00 PM,SERC,WEST,EKPC,EKPC,1566.262,True
1/21/2023 9:00:00 PM,1/21/2023 4:00:00 PM,SERC,WEST,EKPC,EKPC,1579.248,True
1/21/2023 10:00:00 PM,1/21/2023 5:00:00 PM,SERC,WEST,EKPC,EKPC,1643.380,True
1/21/2023 11:00:00 PM,1/21/2023 6:00:00 PM,SERC,WEST,EKPC,EKPC,1762.014,True
1/22/2023 12:00:00 AM,1/21/2023 7:00:00 PM,SERC,WEST,EKPC,EKPC,1872.881,True
1/22/2023 1:00:00 AM,1/21/2023 8:00:00 PM,SERC,WEST,EKPC,EKPC,1927.519,True
1/22/2023 2:00:00 AM,1/21/2023 9:00:00 PM,SERC,WEST,EKPC,EKPC,1920.557,True
1/22/2023 3:00:00 AM,1/21/2023 10:00:00 PM,SERC,WEST,EKPC,EKPC,1817.579,True
1/22/2023 4:00:00 AM,1/21/2023 11:00:00 PM,SERC,WEST,EKPC,EKPC,1776.427,True
1/22/2023 5:00:00 AM,1/22/2023 12:00:00 AM,SERC,WEST,EKPC,EKPC,1806.614,True
1/22/2023 6:00:00 AM,1/22/2023 1:00:00 AM,SERC,WEST,EKPC,EKPC,1757.753,True
1/22/2023 7:00:00 AM,1/22/2023 2:00:00 AM,SERC,WEST,EKPC,EKPC,1813.783,True
1/22/2023 8:00:00 AM,1/22/2023 3:00:00 AM,SERC,WEST,EKPC,EKPC,1718.548,True
1/22/2023 9:00:00 AM,1/22/2023 4:00:00 AM,SERC,WEST,EKPC,EKPC,1778.480,True
1/22/2023 10:00:00 AM,1/22/2023 5:00:00 AM,SERC,WEST,EKPC,EKPC,1707.919,True
1/22/2023 11:00:00 AM,1/22/2023 6:00:00 AM,SERC,WEST,EKPC,EKPC,1839.225,True
1/22/2023 12:00:00 PM,1/22/2023 7:00:00 AM,SERC,WEST,EKPC,EKPC,1856.379,True
1/22/2023 1:00:00 PM,1/22/2023 8:00:00 AM,SERC,WEST,EKPC,EKPC,1894.449,True
1/22/2023 2:00:00 PM,1/22/2023 9:00:00 AM,SERC,WEST,EKPC,EKPC,1938.570,True
1/22/2023 3:00:00 PM,1/22/2023 10:00:00 AM,SERC,WEST,EKPC,EKPC,1826.822,True
1/22/2023 4:00:00 PM,1/22/2023 11:00:00 AM,SERC,WEST,EKPC,EKPC,1869.677,True
1/22/2023 5:00:00 PM,1/22/2023 12:00:00 PM,SERC,WEST,EKPC,EKPC,1861.137,True
1/22/2023 6:00:00 PM,1/22/2023 1:00:00 PM,SERC,WEST,EKPC,EKPC,1836.197,True
1/22/2023 7:00:00 PM,1/22/2023 2:00:00 PM,SERC,WEST,EKPC,EKPC,1905.758,True
1/22/2023 8:00:00 PM,1/22/2023 3:00:00 PM,SERC,WEST,EKPC,EKPC,1885.575,True
1/22/2023 9:00:00 PM,1/22/2023 4:00:00 PM,SERC,WEST,EKPC,EKPC,1884.748,True
1/22/2023 10:00:00 PM,1/22/2023 5:00:00 PM,SERC,WEST,EKPC,EKPC,1883.805,True
1/22/2023 11:00:00 PM,1/22/2023 6:00:00 PM,SERC,WEST,EKPC,EKPC,1939.639,True
1/23/2023 12:00:00 AM,1/22/2023 7:00:00 PM,SERC,WEST,EKPC,EKPC,1906.326,True
1/23/2023 1:00:00 AM,1/22/2023 8:00:00 PM,SERC,WEST,EKPC,EKPC,1779.292,True
1/23/2023 2:00:00 AM,1/22/2023 9:00:00 PM,SERC,WEST,EKPC,EKPC,1753.462,True
1/23/2023 3:00:00 AM,1/22/2023 10:00:00 PM,SERC,WEST,EKPC,EKPC,1780.912,True
1/23/2023 4:00:00 AM,1/22/2023 11:00:00 PM,SERC,WEST,EKPC,EKPC,1774.877,True
1/23/2023 5:00:00 AM,1/23/2023 12:00:00 AM,SERC,WEST,EKPC,EKPC,1704.532,True
1/23/2023 6:00:00 AM,1/23/2023 1:00:00 AM,SERC,WEST,EKPC,EKPC,1718.776,True
1/23/2023 7:00:00 AM,1/23/2023 2:00:00 AM,SERC,WEST,EKPC,EKPC,1795.650,True
1/23/2023 8:00:00 AM,1/23/2023 3:00:00 AM,SERC,WEST,EKPC,EKPC,1810.750,True
1/23/2023 9:00:00 AM,1/23/2023 4:00:00 AM,SERC,WEST,EKPC,EKPC,1818.388,True
1/23/2023 10:00:00 AM,1/23/2023 5:00:00 AM,SERC,WEST,EKPC,EKPC,1934.468,True
1/23/2023 11:00:00 AM,1/23/2023 6:00:00 AM,SERC,WEST,EKPC,EKPC,2084.486,True
1/23/2023 12:00:00 PM,1/23/2023 7:00:00 AM,SERC,WEST,EKPC,EKPC,2146.948,True
1/23/2023 1:00:00 PM,1/23/2023 8:00:00 AM,SERC,WEST,EKPC,EKPC,2138.785,True
1/23/2023 2:00:00 PM,1/23/2023 9:00:00 AM,SERC,WEST,EKPC,EKPC,2124.299,True
1/23/2023 3:00:00 PM,1/23/2023 10:00:00 AM,SERC,WEST,EKPC,EKPC,2106.240,True
1/23/2023 4:00:00 PM,1/23/2023 11:00:00 AM,SERC,WEST,EKPC,EKPC,2061.499,True
1/23/2023 5:00:00 PM,1/23/2023 12:00:00 PM,SERC,WEST,EKPC,EKPC,2065.134,True
1/23/2023 6:00:00 PM,1/23/2023 1:00:00 PM,SERC,WEST,EKPC,EKPC,2049.639,True
1/23/2023 7:00:00 PM,1/23/2023 2:00:00 PM,SERC,WEST,EKPC,EKPC,1991.074,True
1/23/2023 8:00:00 PM,1/23/2023 3:00:00 PM,SERC,WEST,EKPC,EKPC,2000.321,True
1/23/2023 9:00:00 PM,1/23/2023 4:00:00 PM,SERC,WEST,EKPC,EKPC,1979.110,True
1/23/2023 10:00:00 PM,1/23/2023 5:00:00 PM,SERC,WEST,EKPC,EKPC,1994.902,True
1/23/2023 11:00:00 PM,1/23/2023 6:00:00 PM,SERC,WEST,EKPC,EKPC,2129.517,True
1/24/2023 12:00:00 AM,1/23/2023 7:00:00 PM,SERC,WEST,EKPC,EKPC,2183.788,True
1/24/2023 1:00:00 AM,1/23/2023 8:00:00 PM,SERC,WEST,EKPC,EKPC,2235.145,True
1/24/2023 2:00:00 AM,1/23/2023 9:00:00 PM,SERC,WEST,EKPC,EKPC,2146.467,True
1/24/2023 3:00:00 AM,1/23/2023 10:00:00 PM,SERC,WEST,EKPC,EKPC,2144.673,True
1/24/2023 4:00:00 AM,1/23/2023 11:00:00 PM,SERC,WEST,EKPC,EKPC,1979.354,True
1/24/2023 5:00:00 AM,1/24/2023 12:00:00 AM,SERC,WEST,EKPC,EKPC,2032.325,True
1/24/2023 6:00:00 AM,1/24/2023 1:00:00 AM,SERC,WEST,EKPC,EKPC,2083.981,True
1/24/2023 7:00:00 AM,1/24/2023 2:00:00 AM,SERC,WEST,EKPC,EKPC,2130.324,True
1/24/2023 8:00:00 AM,1/24/2023 3:00:00 AM,SERC,WEST,EKPC,EKPC,2196.440,True
1/24/2023 9:00:00 AM,1/24/2023 4:00:00 AM,SERC,WEST,EKPC,EKPC,2185.339,True
1/24/2023 10:00:00 AM,1/24/2023 5:00:00 AM,SERC,WEST,EKPC,EKPC,2299.761,True
1/24/2023 11:00:00 AM,1/24/2023 6:00:00 AM,SERC,WEST,EKPC,EKPC,2484.283,True
1/24/2023 12:00:00 PM,1/24/2023 7:00:00 AM,SERC,WEST,EKPC,EKPC,2522.680,True
1/24/2023 1:00:00 PM,1/24/2023 8:00:00 AM,SERC,WEST,EKPC,EKPC,2448.167,True
1/24/2023 2:00:00 PM,1/24/2023 9:00:00 AM,SERC,WEST,EKPC,EKPC,2286.983,True
1/24/2023 3:00:00 PM,1/24/2023 10:00:00 AM,SERC,WEST,EKPC,EKPC,2004.861,True
1/24/2023 4:00:00 PM,1/24/2023 11:00:00 AM,SERC,WEST,EKPC,EKPC,1895.951,True
1/24/2023 5:00:00 PM,1/24/2023 12:00:00 PM,SERC,WEST,EKPC,EKPC,1710.069,True
1/24/2023 6:00:00 PM,1/24/2023 1:00:00 PM,SERC,WEST,EKPC,EKPC,1618.911,True
1/24/2023 7:00:00 PM,1/24/2023 2:00:00 PM,SERC,WEST,EKPC,EKPC,1560.642,True
1/24/2023 8:00:00 PM,1/24/2023 3:00:00 PM,SERC,WEST,EKPC,EKPC,1518.836,True
1/24/2023 9:00:00 PM,1/24/2023 4:00:00 PM,SERC,WEST,EKPC,EKPC,1675.562,True
1/24/2023 10:00:00 PM,1/24/2023 5:00:00 PM,SERC,WEST,EKPC,EKPC,1719.603,True
1/24/2023 11:00:00 PM,1/24/2023 6:00:00 PM,SERC,WEST,EKPC,EKPC,1850.924,True
1/25/2023 12:00:00 AM,1/24/2023 7:00:00 PM,SERC,WEST,EKPC,EKPC,1907.861,True
1/25/2023 1:00:00 AM,1/24/2023 8:00:00 PM,SERC,WEST,EKPC,EKPC,1896.127,True
1/25/2023 2:00:00 AM,1/24/2023 9:00:00 PM,SERC,WEST,EKPC,EKPC,1807.834,True
1/25/2023 3:00:00 AM,1/24/2023 10:00:00 PM,SERC,WEST,EKPC,EKPC,1726.613,True
1/25/2023 4:00:00 AM,1/24/2023 11:00:00 PM,SERC,WEST,EKPC,EKPC,1721.737,True
1/25/2023 5:00:00 AM,1/25/2023 12:00:00 AM,SERC,WEST,EKPC,EKPC,1627.595,True
1/25/2023 6:00:00 AM,1/25/2023 1:00:00 AM,SERC,WEST,EKPC,EKPC,1682.001,True
1/25/2023 7:00:00 AM,1/25/2023 2:00:00 AM,SERC,WEST,EKPC,EKPC,1633.944,True
1/25/2023 8:00:00 AM,1/25/2023 3:00:00 AM,SERC,WEST,EKPC,EKPC,1578.405,True
1/25/2023 9:00:00 AM,1/25/2023 4:00:00 AM,SERC,WEST,EKPC,EKPC,1631.823,True
1/25/2023 10:00:00 AM,1/25/2023 5:00:00 AM,SERC,WEST,EKPC,EKPC,1721.058,True
1/25/2023 11:00:00 AM,1/25/2023 6:00:00 AM,SERC,WEST,EKPC,EKPC,1845.899,True
1/25/2023 12:00:00 PM,1/25/2023 7:00:00 AM,SERC,WEST,EKPC,EKPC,1888.827,True
1/25/2023 1:00:00 PM,1/25/2023 8:00:00 AM,SERC,WEST,EKPC,EKPC,1809.643,True
1/25/2023 2:00:00 PM,1/25/2023 9:00:00 AM,SERC,WEST,EKPC,EKPC,1774.294,True
1/25/2023 3:00:00 PM,1/25/2023 10:00:00 AM,SERC,WEST,EKPC,EKPC,1668.559,True
1/25/2023 4:00:00 PM,1/25/2023 11:00:00 AM,SERC,WEST,EKPC,EKPC,1613.782,True
1/25/2023 5:00:00 PM,1/25/2023 12:00:00 PM,SERC,WEST,EKPC,EKPC,1594.807,True
1/25/2023 6:00:00 PM,1/25/2023 1:00:00 PM,SERC,WEST,EKPC,EKPC,1611.353,True
1/25/2023 7:00:00 PM,1/25/2023 2:00:00 PM,SERC,WEST,EKPC,EKPC,1642.993,True
1/25/2023 8:00:00 PM,1/25/2023 3:00:00 PM,SERC,WEST,EKPC,EKPC,1719.884,True
1/25/2023 9:00:00 PM,1/25/2023 4:00:00 PM,SERC,WEST,EKPC,EKPC,1767.920,True
1/25/2023 10:00:00 PM,1/25/2023 5:00:00 PM,SERC,WEST,EKPC,EKPC,1904.810,True
1/25/2023 11:00:00 PM,1/25/2023 6:00:00 PM,SERC,WEST,EKPC,EKPC,1943.677,True
1/26/2023 12:00:00 AM,1/25/2023 7:00:00 PM,SERC,WEST,EKPC,EKPC,1913.637,True
1/26/2023 1:00:00 AM,1/25/2023 8:00:00 PM,SERC,WEST,EKPC,EKPC,1917.430,True
1/26/2023 2:00:00 AM,1/25/2023 9:00:00 PM,SERC,WEST,EKPC,EKPC,1864.356,True
1/26/2023 3:00:00 AM,1/25/2023 10:00:00 PM,SERC,WEST,EKPC,EKPC,1818.229,True
1/26/2023 4:00:00 AM,1/25/2023 11:00:00 PM,SERC,WEST,EKPC,EKPC,1838.755,True
1/26/2023 5:00:00 AM,1/26/2023 12:00:00 AM,SERC,WEST,EKPC,EKPC,1751.507,True
1/26/2023 6:00:00 AM,1/26/2023 1:00:00 AM,SERC,WEST,EKPC,EKPC,1748.426,True
1/26/2023 7:00:00 AM,1/26/2023 2:00:00 AM,SERC,WEST,EKPC,EKPC,1784.314,True
1/26/2023 8:00:00 AM,1/26/2023 3:00:00 AM,SERC,WEST,EKPC,EKPC,1809.717,True
1/26/2023 9:00:00 AM,1/26/2023 4:00:00 AM,SERC,WEST,EKPC,EKPC,1868.757,True
1/26/2023 10:00:00 AM,1/26/2023 5:00:00 AM,SERC,WEST,EKPC,EKPC,1937.152,True
1/26/2023 11:00:00 AM,1/26/2023 6:00:00 AM,SERC,WEST,EKPC,EKPC,2082.724,True
1/26/2023 12:00:00 PM,1/26/2023 7:00:00 AM,SERC,WEST,EKPC,EKPC,2074.749,True
1/26/2023 1:00:00 PM,1/26/2023 8:00:00 AM,SERC,WEST,EKPC,EKPC,2099.758,True
1/26/2023 2:00:00 PM,1/26/2023 9:00:00 AM,SERC,WEST,EKPC,EKPC,2087.097,True
1/26/2023 3:00:00 PM,1/26/2023 10:00:00 AM,SERC,WEST,EKPC,EKPC,2084.898,True
1/26/2023 4:00:00 PM,1/26/2023 11:00:00 AM,SERC,WEST,EKPC,EKPC,2017.912,True
1/26/2023 5:00:00 PM,1/26/2023 12:00:00 PM,SERC,WEST,EKPC,EKPC,2093.557,True
1/26/2023 6:00:00 PM,1/26/2023 1:00:00 PM,SERC,WEST,EKPC,EKPC,2076.373,True
1/26/2023 7:00:00 PM,1/26/2023 2:00:00 PM,SERC,WEST,EKPC,EKPC,2082.155,True
1/26/2023 8:00:00 PM,1/26/2023 3:00:00 PM,SERC,WEST,EKPC,EKPC,2122.133,True
1/26/2023 9:00:00 PM,1/26/2023 4:00:00 PM,SERC,WEST,EKPC,EKPC,2131.910,True
1/26/2023 10:00:00 PM,1/26/2023 5:00:00 PM,SERC,WEST,EKPC,EKPC,2185.775,True
1/26/2023 11:00:00 PM,1/26/2023 6:00:00 PM,SERC,WEST,EKPC,EKPC,2249.701,True
1/27/2023 12:00:00 AM,1/26/2023 7:00:00 PM,SERC,WEST,EKPC,EKPC,2235.016,True
1/27/2023 1:00:00 AM,1/26/2023 8:00:00 PM,SERC,WEST,EKPC,EKPC,2181.758,True
1/27/2023 2:00:00 AM,1/26/2023 9:00:00 PM,SERC,WEST,EKPC,EKPC,2188.694,True
1/27/2023 3:00:00 AM,1/26/2023 10:00:00 PM,SERC,WEST,EKPC,EKPC,2077.600,True
1/27/2023 4:00:00 AM,1/26/2023 11:00:00 PM,SERC,WEST,EKPC,EKPC,1997.882,True
1/27/2023 5:00:00 AM,1/27/2023 12:00:00 AM,SERC,WEST,EKPC,EKPC,2011.239,True
1/27/2023 6:00:00 AM,1/27/2023 1:00:00 AM,SERC,WEST,EKPC,EKPC,1965.305,True
1/27/2023 7:00:00 AM,1/27/2023 2:00:00 AM,SERC,WEST,EKPC,EKPC,2090.659,True
1/27/2023 8:00:00 AM,1/27/2023 3:00:00 AM,SERC,WEST,EKPC,EKPC,1957.538,True
1/27/2023 9:00:00 AM,1/27/2023 4:00:00 AM,SERC,WEST,EKPC,EKPC,2091.916,True
1/27/2023 10:00:00 AM,1/27/2023 5:00:00 AM,SERC,WEST,EKPC,EKPC,2189.738,True
1/27/2023 11:00:00 AM,1/27/2023 6:00:00 AM,SERC,WEST,EKPC,EKPC,2426.147,True
1/27/2023 12:00:00 PM,1/27/2023 7:00:00 AM,SERC,WEST,EKPC,EKPC,2362.293,True
1/27/2023 1:00:00 PM,1/27/2023 8:00:00 AM,SERC,WEST,EKPC,EKPC,2353.576,True
1/27/2023 2:00:00 PM,1/27/2023 9:00:00 AM,SERC,WEST,EKPC,EKPC,2260.926,True
1/27/2023 3:00:00 PM,1/27/2023 10:00:00 AM,SERC,WEST,EKPC,EKPC,2115.371,True
1/27/2023 4:00:00 PM,1/27/2023 11:00:00 AM,SERC,WEST,EKPC,EKPC,2040.890,True
1/27/2023 5:00:00 PM,1/27/2023 12:00:00 PM,SERC,WEST,EKPC,EKPC,1901.236,True
1/27/2023 6:00:00 PM,1/27/2023 1:00:00 PM,SERC,WEST,EKPC,EKPC,1803.906,True
1/27/2023 7:00:00 PM,1/27/2023 2:00:00 PM,SERC,WEST,EKPC,EKPC,1747.050,True
1/27/2023 8:00:00 PM,1/27/2023 3:00:00 PM,SERC,WEST,EKPC,EKPC,1555.619,True
1/27/2023 9:00:00 PM,1/27/2023 4:00:00 PM,SERC,WEST,EKPC,EKPC,1643.519,True
1/27/2023 10:00:00 PM,1/27/2023 5:00:00 PM,SERC,WEST,EKPC,EKPC,1751.557,True
1/27/2023 11:00:00 PM,1/27/2023 6:00:00 PM,SERC,WEST,EKPC,EKPC,1829.371,True
1/28/2023 12:00:00 AM,1/27/2023 7:00:00 PM,SERC,WEST,EKPC,EKPC,1863.351,True
1/28/2023 1:00:00 AM,1/27/2023 8:00:00 PM,SERC,WEST,EKPC,EKPC,1840.236,True
1/28/2023 2:00:00 AM,1/27/2023 9:00:00 PM,SERC,WEST,EKPC,EKPC,1880.904,True
1/28/2023 3:00:00 AM,1/27/2023 10:00:00 PM,SERC,WEST,EKPC,EKPC,1751.633,True
1/28/2023 4:00:00 AM,1/27/2023 11:00:00 PM,SERC,WEST,EKPC,EKPC,1706.385,True
1/28/2023 5:00:00 AM,1/28/2023 12:00:00 AM,SERC,WEST,EKPC,EKPC,1664.159,True
1/28/2023 6:00:00 AM,1/28/2023 1:00:00 AM,SERC,WEST,EKPC,EKPC,1643.887,True
1/28/2023 7:00:00 AM,1/28/2023 2:00:00 AM,SERC,WEST,EKPC,EKPC,1597.930,True
1/28/2023 8:00:00 AM,1/28/2023 3:00:00 AM,SERC,WEST,EKPC,EKPC,1630.994,True
1/28/2023 9:00:00 AM,1/28/2023 4:00:00 AM,SERC,WEST,EKPC,EKPC,1557.929,True
1/28/2023 10:00:00 AM,1/28/2023 5:00:00 AM,SERC,WEST,EKPC,EKPC,1679.942,True
1/28/2023 11:00:00 AM,1/28/2023 6:00:00 AM,SERC,WEST,EKPC,EKPC,1786.192,True
1/28/2023 12:00:00 PM,1/28/2023 7:00:00 AM,SERC,WEST,EKPC,EKPC,1885.547,True
1/28/2023 1:00:00 PM,1/28/2023 8:00:00 AM,SERC,WEST,EKPC,EKPC,1855.725,True
1/28/2023 2:00:00 PM,1/28/2023 9:00:00 AM,SERC,WEST,EKPC,EKPC,1840.747,True
1/28/2023 3:00:00 PM,1/28/2023 10:00:00 AM,SERC,WEST,EKPC,EKPC,1738.728,True
1/28/2023 4:00:00 PM,1/28/2023 11:00:00 AM,SERC,WEST,EKPC,EKPC,1553.898,True
1/28/2023 5:00:00 PM,1/28/2023 12:00:00 PM,SERC,WEST,EKPC,EKPC,1499.870,True
1/28/2023 6:00:00 PM,1/28/2023 1:00:00 PM,SERC,WEST,EKPC,EKPC,1331.161,True
1/28/2023 7:00:00 PM,1/28/2023 2:00:00 PM,SERC,WEST,EKPC,EKPC,1296.325,True
1/28/2023 8:00:00 PM,1/28/2023 3:00:00 PM,SERC,WEST,EKPC,EKPC,1268.335,True
1/28/2023 9:00:00 PM,1/28/2023 4:00:00 PM,SERC,WEST,EKPC,EKPC,1343.568,True
1/28/2023 10:00:00 PM,1/28/2023 5:00:00 PM,SERC,WEST,EKPC,EKPC,1538.689,True
1/28/2023 11:00:00 PM,1/28/2023 6:00:00 PM,SERC,WEST,EKPC,EKPC,1536.733,True
1/29/2023 12:00:00 AM,1/28/2023 7:00:00 PM,SERC,WEST,EKPC,EKPC,1674.167,True
1/29/2023 1:00:00 AM,1/28/2023 8:00:00 PM,SERC,WEST,EKPC,EKPC,1577.727,True
1/29/2023 2:00:00 AM,1/28/2023 9:00:00 PM,SERC,WEST,EKPC,EKPC,1542.331,True
1/29/2023 3:00:00 AM,1/28/2023 10:00:00 PM,SERC,WEST,EKPC,EKPC,1491.533,True
1/29/2023 4:00:00 AM,1/28/2023 11:00:00 PM,SERC,WEST,EKPC,EKPC,1429.211,True
1/29/2023 5:00:00 AM,1/29/2023 12:00:00 AM,SERC,WEST,EKPC,EKPC,1415.331,True
1/29/2023 6:00:00 AM,1/29/2023 1:00:00 AM,SERC,WEST,EKPC,EKPC,1473.015,True
1/29/2023 7:00:00 AM,1/29/2023 2:00:00 AM,SERC,WEST,EKPC,EKPC,1484.469,True
1/29/2023 8:00:00 AM,1/29/2023 3:00:00 AM,SERC,WEST,EKPC,EKPC,1429.137,True
1/29/2023 9:00:00 AM,1/29/2023 4:00:00 AM,SERC,WEST,EKPC,EKPC,1465.172,True
1/29/2023 10:00:00 AM,1/29/2023 5:00:00 AM,SERC,WEST,EKPC,EKPC,1573.326,True
1/29/2023 11:00:00 AM,1/29/2023 6:00:00 AM,SERC,WEST,EKPC,EKPC,1528.595,True
1/29/2023 12:00:00 PM,1/29/2023 7:00:00 AM,SERC,WEST,EKPC,EKPC,1597.165,True
1/29/2023 1:00:00 PM,1/29/2023 8:00:00 AM,SERC,WEST,EKPC,EKPC,1661.150,True
1/29/2023 2:00:00 PM,1/29/2023 9:00:00 AM,SERC,WEST,EKPC,EKPC,1731.128,True
1/29/2023 3:00:00 PM,1/29/2023 10:00:00 AM,SERC,WEST,EKPC,EKPC,1696.901,True
1/29/2023 4:00:00 PM,1/29/2023 11:00:00 AM,SERC,WEST,EKPC,EKPC,1694.211,True
1/29/2023 5:00:00 PM,1/29/2023 12:00:00 PM,SERC,WEST,EKPC,EKPC,1815.308,True
1/29/2023 6:00:00 PM,1/29/2023 1:00:00 PM,SERC,WEST,EKPC,EKPC,1794.872,True
1/29/2023 7:00:00 PM,1/29/2023 2:00:00 PM,SERC,WEST,EKPC,EKPC,1672.359,True
1/29/2023 8:00:00 PM,1/29/2023 3:00:00 PM,SERC,WEST,EKPC,EKPC,1759.910,True
1/29/2023 9:00:00 PM,1/29/2023 4:00:00 PM,SERC,WEST,EKPC,EKPC,1632.770,True
1/29/2023 10:00:00 PM,1/29/2023 5:00:00 PM,SERC,WEST,EKPC,EKPC,1631.376,True
1/29/2023 11:00:00 PM,1/29/2023 6:00:00 PM,SERC,WEST,EKPC,EKPC,1675.360,True
1/30/2023 12:00:00 AM,1/29/2023 7:00:00 PM,SERC,WEST,EKPC,EKPC,1656.246,True
1/30/2023 1:00:00 AM,1/29/2023 8:00:00 PM,SERC,WEST,EKPC,EKPC,1615.364,True
1/30/2023 2:00:00 AM,1/29/2023 9:00:00 PM,SERC,WEST,EKPC,EKPC,1535.856,True
1/30/2023 3:00:00 AM,1/29/2023 10:00:00 PM,SERC,WEST,EKPC,EKPC,1476.790,True
1/30/2023 4:00:00 AM,1/29/2023 11:00:00 PM,SERC,WEST,EKPC,EKPC,1392.710,True
1/30/2023 5:00:00 AM,1/30/2023 12:00:00 AM,SERC,WEST,EKPC,EKPC,1348.338,True
1/30/2023 6:00:00 AM,1/30/2023 1:00:00 AM,SERC,WEST,EKPC,EKPC,1336.163,True
1/30/2023 7:00:00 AM,1/30/2023 2:00:00 AM,SERC,WEST,EKPC,EKPC,1326.194,True
1/30/2023 8:00:00 AM,1/30/2023 3:00:00 AM,SERC,WEST,EKPC,EKPC,1344.608,True
1/30/2023 9:00:00 AM,1/30/2023 4:00:00 AM,SERC,WEST,EKPC,EKPC,1378.380,True
1/30/2023 10:00:00 AM,1/30/2023 5:00:00 AM,SERC,WEST,EKPC,EKPC,1469.549,True
1/30/2023 11:00:00 AM,1/30/2023 6:00:00 AM,SERC,WEST,EKPC,EKPC,1625.337,True
1/30/2023 12:00:00 PM,1/30/2023 7:00:00 AM,SERC,WEST,EKPC,EKPC,1644.211,True
1/30/2023 1:00:00 PM,1/30/2023 8:00:00 AM,SERC,WEST,EKPC,EKPC,1634.190,True
1/30/2023 2:00:00 PM,1/30/2023 9:00:00 AM,SERC,WEST,EKPC,EKPC,1624.163,True
1/30/2023 3:00:00 PM,1/30/2023 10:00:00 AM,SERC,WEST,EKPC,EKPC,1616.984,True
1/30/2023 4:00:00 PM,1/30/2023 11:00:00 AM,SERC,WEST,EKPC,EKPC,1587.828,True
1/30/2023 5:00:00 PM,1/30/2023 12:00:00 PM,SERC,WEST,EKPC,EKPC,1582.415,True
1/30/2023 6:00:00 PM,1/30/2023 1:00:00 PM,SERC,WEST,EKPC,EKPC,1592.894,True
1/30/2023 7:00:00 PM,1/30/2023 2:00:00 PM,SERC,WEST,EKPC,EKPC,1588.074,True
1/30/2023 8:00:00 PM,1/30/2023 3:00:00 PM,SERC,WEST,EKPC,EKPC,1598.796,True
1/30/2023 9:00:00 PM,1/30/2023 4:00:00 PM,SERC,WEST,EKPC,EKPC,1658.950,True
1/30/2023 10:00:00 PM,1/30/2023 5:00:00 PM,SERC,WEST,EKPC,EKPC,1737.941,True
1/30/2023 11:00:00 PM,1/30/2023 6:00:00 PM,SERC,WEST,EKPC,EKPC,1796.105,True
1/31/2023 12:00:00 AM,1/30/2023 7:00:00 PM,SERC,WEST,EKPC,EKPC,1822.745,True
1/31/2023 1:00:00 AM,1/30/2023 8:00:00 PM,SERC,WEST,EKPC,EKPC,1836.076,True
1/31/2023 2:00:00 AM,1/30/2023 9:00:00 PM,SERC,WEST,EKPC,EKPC,1778.983,True
1/31/2023 3:00:00 AM,1/30/2023 10:00:00 PM,SERC,WEST,EKPC,EKPC,1726.921,True
1/31/2023 4:00:00 AM,1/30/2023 11:00:00 PM,SERC,WEST,EKPC,EKPC,1697.540,True
1/31/2023 5:00:00 AM,1/31/2023 12:00:00 AM,SERC,WEST,EKPC,EKPC,1678.208,True
1/31/2023 6:00:00 AM,1/31/2023 1:00:00 AM,SERC,WEST,EKPC,EKPC,1692.858,True
1/31/2023 7:00:00 AM,1/31/2023 2:00:00 AM,SERC,WEST,EKPC,EKPC,1731.313,True
1/31/2023 8:00:00 AM,1/31/2023 3:00:00 AM,SERC,WEST,EKPC,EKPC,1811.388,True
1/31/2023 9:00:00 AM,1/31/2023 4:00:00 AM,SERC,WEST,EKPC,EKPC,1830.696,True
1/31/2023 10:00:00 AM,1/31/2023 5:00:00 AM,SERC,WEST,EKPC,EKPC,1920.211,True
1/31/2023 11:00:00 AM,1/31/2023 6:00:00 AM,SERC,WEST,EKPC,EKPC,2029.968,True
1/31/2023 12:00:00 PM,1/31/2023 7:00:00 AM,SERC,WEST,EKPC,EKPC,2106.463,True
1/31/2023 1:00:00 PM,1/31/2023 8:00:00 AM,SERC,WEST,EKPC,EKPC,2254.732,True
1/31/2023 2:00:00 PM,1/31/2023 9:00:00 AM,SERC,WEST,EKPC,EKPC,2252.645,True
1/31/2023 3:00:00 PM,1/31/2023 10:00:00 AM,SERC,WEST,EKPC,EKPC,2326.613,True
1/31/2023 4:00:00 PM,1/31/2023 11:00:00 AM,SERC,WEST,EKPC,EKPC,2285.679,True
1/31/2023 5:00:00 PM,1/31/2023 12:00:00 PM,SERC,WEST,EKPC,EKPC,2314.066,True
1/31/2023 6:00:00 PM,1/31/2023 1:00:00 PM,SERC,WEST,EKPC,EKPC,2309.428,True
1/31/2023 7:00:00 PM,1/31/2023 2:00:00 PM,SERC,WEST,EKPC,EKPC,2302.068,True
1/31/2023 8:00:00 PM,1/31/2023 3:00:00 PM,SERC,WEST,EKPC,EKPC,2213.086,True
1/31/2023 9:00:00 PM,1/31/2023 4:00:00 PM,SERC,WEST,EKPC,EKPC,2249.718,True
1/31/2023 10:00:00 PM,1/31/2023 5:00:00 PM,SERC,WEST,EKPC,EKPC,2305.977,True
1/31/2023 11:00:00 PM,1/31/2023 6:00:00 PM,SERC,WEST,EKPC,EKPC,2244.873,True
2/1/2023 12:00:00 AM,1/31/2023 7:00:00 PM,SERC,WEST,EKPC,EKPC,2315.593,True
2/1/2023 1:00:00 AM,1/31/2023 8:00:00 PM,SERC,WEST,EKPC,EKPC,2321.614,True
2/1/2023 2:00:00 AM,1/31/2023 9:00:00 PM,SERC,WEST,EKPC,EKPC,2351.344,True
2/1/2023 3:00:00 AM,1/31/2023 10:00:00 PM,SERC,WEST,EKPC,EKPC,2208.516,True
2/1/2023 4:00:00 AM,1/31/2023 11:00:00 PM,SERC,WEST,EKPC,EKPC,2211.518,True
2/1/2023 5:00:00 AM,2/1/2023 12:00:00 AM,SERC,WEST,EKPC,EKPC,2168.955,True
2/1/2023 6:00:00 AM,2/1/2023 1:00:00 AM,SERC,WEST,EKPC,EKPC,2086.504,True
2/1/2023 7:00:00 AM,2/1/2023 2:00:00 AM,SERC,WEST,EKPC,EKPC,2147.679,True
2/1/2023 8:00:00 AM,2/1/2023 3:00:00 AM,SERC,WEST,EKPC,EKPC,2190.274,True
2/1/2023 9:00:00 AM,2/1/2023 4:00:00 AM,SERC,WEST,EKPC,EKPC,2221.573,True
2/1/2023 10:00:00 AM,2/1/2023 5:00:00 AM,SERC,WEST,EKPC,EKPC,2322.062,True
2/1/2023 11:00:00 AM,2/1/2023 6:00:00 AM,SERC,WEST,EKPC,EKPC,2453.044,True
2/1/2023 12:00:00 PM,2/1/2023 7:00:00 AM,SERC,WEST,EKPC,EKPC,2442.266,True
2/1/2023 1:00:00 PM,2/1/2023 8:00:00 AM,SERC,WEST,EKPC,EKPC,2450.023,True
2/1/2023 2:00:00 PM,2/1/2023 9:00:00 AM,SERC,WEST,EKPC,EKPC,2401.808,True
2/1/2023 3:00:00 PM,2/1/2023 10:00:00 AM,SERC,WEST,EKPC,EKPC,2321.199,True
2/1/2023 4:00:00 PM,2/1/2023 11:00:00 AM,SERC,WEST,EKPC,EKPC,2248.906,True
2/1/2023 5:00:00 PM,2/1/2023 12:00:00 PM,SERC,WEST,EKPC,EKPC,2163.404,True
2/1/2023 6:00:00 PM,2/1/2023 1:00:00 PM,SERC,WEST,EKPC,EKPC,2127.727,True
2/1/2023 7:00:00 PM,2/1/2023 2:00:00 PM,SERC,WEST,EKPC,EKPC,2076.898,True
2/1/2023 8:00:00 PM,2/1/2023 3:00:00 PM,SERC,WEST,EKPC,EKPC,2069.201,True
2/1/2023 9:00:00 PM,2/1/2023 4:00:00 PM,SERC,WEST,EKPC,EKPC,2081.695,True
2/1/2023 10:00:00 PM,2/1/2023 5:00:00 PM,SERC,WEST,EKPC,EKPC,2156.207,True
2/1/2023 11:00:00 PM,2/1/2023 6:00:00 PM,SERC,WEST,EKPC,EKPC,2237.023,True
2/2/2023 12:00:00 AM,2/1/2023 7:00:00 PM,SERC,WEST,EKPC,EKPC,2273.548,True
2/2/2023 1:00:00 AM,2/1/2023 8:00:00 PM,SERC,WEST,EKPC,EKPC,2256.752,True
2/2/2023 2:00:00 AM,2/1/2023 9:00:00 PM,SERC,WEST,EKPC,EKPC,2228.333,True
2/2/2023 3:00:00 AM,2/1/2023 10:00:00 PM,SERC,WEST,EKPC,EKPC,2129.505,True
2/2/2023 4:00:00 AM,2/1/2023 11:00:00 PM,SERC,WEST,EKPC,EKPC,2064.083,True
2/2/2023 5:00:00 AM,2/2/2023 12:00:00 AM,SERC,WEST,EKPC,EKPC,2018.387,True
2/2/2023 6:00:00 AM,2/2/2023 1:00:00 AM,SERC,WEST,EKPC,EKPC,1986.460,True
2/2/2023 7:00:00 AM,2/2/2023 2:00:00 AM,SERC,WEST,EKPC,EKPC,1969.898,True
2/2/2023 8:00:00 AM,2/2/2023 3:00:00 AM,SERC,WEST,EKPC,EKPC,1961.340,True
2/2/2023 9:00:00 AM,2/2/2023 4:00:00 AM,SERC,WEST,EKPC,EKPC,1938.475,True
2/2/2023 10:00:00 AM,2/2/2023 5:00:00 AM,SERC,WEST,EKPC,EKPC,2060.474,True
2/2/2023 11:00:00 AM,2/2/2023 6:00:00 AM,SERC,WEST,EKPC,EKPC,2285.636,True
2/2/2023 12:00:00 PM,2/2/2023 7:00:00 AM,SERC,WEST,EKPC,EKPC,2319.255,True
2/2/2023 1:00:00 PM,2/2/2023 8:00:00 AM,SERC,WEST,EKPC,EKPC,2325.520,True
2/2/2023 2:00:00 PM,2/2/2023 9:00:00 AM,SERC,WEST,EKPC,EKPC,2247.407,True
2/2/2023 3:00:00 PM,2/2/2023 10:00:00 AM,SERC,WEST,EKPC,EKPC,2164.056,True
2/2/2023 4:00:00 PM,2/2/2023 11:00:00 AM,SERC,WEST,EKPC,EKPC,2096.875,True
2/2/2023 5:00:00 PM,2/2/2023 12:00:00 PM,SERC,WEST,EKPC,EKPC,2054.447,True
2/2/2023 6:00:00 PM,2/2/2023 1:00:00 PM,SERC,WEST,EKPC,EKPC,2020.255,True
2/2/2023 7:00:00 PM,2/2/2023 2:00:00 PM,SERC,WEST,EKPC,EKPC,1964.644,True
2/2/2023 8:00:00 PM,2/2/2023 3:00:00 PM,SERC,WEST,EKPC,EKPC,1959.196,True
2/2/2023 9:00:00 PM,2/2/2023 4:00:00 PM,SERC,WEST,EKPC,EKPC,2004.498,True
2/2/2023 10:00:00 PM,2/2/2023 5:00:00 PM,SERC,WEST,EKPC,EKPC,2051.429,True
2/2/2023 11:00:00 PM,2/2/2023 6:00:00 PM,SERC,WEST,EKPC,EKPC,2086.501,True
2/3/2023 12:00:00 AM,2/2/2023 7:00:00 PM,SERC,WEST,EKPC,EKPC,2106.374,True
2/3/2023 1:00:00 AM,2/2/2023 8:00:00 PM,SERC,WEST,EKPC,EKPC,2087.179,True
2/3/2023 2:00:00 AM,2/2/2023 9:00:00 PM,SERC,WEST,EKPC,EKPC,2168.753,True
2/3/2023 3:00:00 AM,2/2/2023 10:00:00 PM,SERC,WEST,EKPC,EKPC,2048.813,True
2/3/2023 4:00:00 AM,2/2/2023 11:00:00 PM,SERC,WEST,EKPC,EKPC,1936.949,True
2/3/2023 5:00:00 AM,2/3/2023 12:00:00 AM,SERC,WEST,EKPC,EKPC,1918.730,True
2/3/2023 6:00:00 AM,2/3/2023 1:00:00 AM,SERC,WEST,EKPC,EKPC,1945.465,True
2/3/2023 7:00:00 AM,2/3/2023 2:00:00 AM,SERC,WEST,EKPC,EKPC,1952.885,True
2/3/2023 8:00:00 AM,2/3/2023 3:00:00 AM,SERC,WEST,EKPC,EKPC,2077.184,True
2/3/2023 9:00:00 AM,2/3/2023 4:00:00 AM,SERC,WEST,EKPC,EKPC,2063.254,True
2/3/2023 10:00:00 AM,2/3/2023 5:00:00 AM,SERC,WEST,EKPC,EKPC,2228.050,True
2/3/2023 11:00:00 AM,2/3/2023 6:00:00 AM,SERC,WEST,EKPC,EKPC,2337.624,True
2/3/2023 12:00:00 PM,2/3/2023 7:00:00 AM,SERC,WEST,EKPC,EKPC,2369.816,True
2/3/2023 1:00:00 PM,2/3/2023 8:00:00 AM,SERC,WEST,EKPC,EKPC,2341.704,True
2/3/2023 2:00:00 PM,2/3/2023 9:00:00 AM,SERC,WEST,EKPC,EKPC,2220.598,True
2/3/2023 3:00:00 PM,2/3/2023 10:00:00 AM,SERC,WEST,EKPC,EKPC,2123.646,True
2/3/2023 4:00:00 PM,2/3/2023 11:00:00 AM,SERC,WEST,EKPC,EKPC,2012.740,True
2/3/2023 5:00:00 PM,2/3/2023 12:00:00 PM,SERC,WEST,EKPC,EKPC,1937.367,True
2/3/2023 6:00:00 PM,2/3/2023 1:00:00 PM,SERC,WEST,EKPC,EKPC,1849.448,True
2/3/2023 7:00:00 PM,2/3/2023 2:00:00 PM,SERC,WEST,EKPC,EKPC,1780.450,True
2/3/2023 8:00:00 PM,2/3/2023 3:00:00 PM,SERC,WEST,EKPC,EKPC,1746.382,True
2/3/2023 9:00:00 PM,2/3/2023 4:00:00 PM,SERC,WEST,EKPC,EKPC,1767.860,True
2/3/2023 10:00:00 PM,2/3/2023 5:00:00 PM,SERC,WEST,EKPC,EKPC,1881.742,True
2/3/2023 11:00:00 PM,2/3/2023 6:00:00 PM,SERC,WEST,EKPC,EKPC,2092.076,True
2/4/2023 12:00:00 AM,2/3/2023 7:00:00 PM,SERC,WEST,EKPC,EKPC,2143.713,True
2/4/2023 1:00:00 AM,2/3/2023 8:00:00 PM,SERC,WEST,EKPC,EKPC,2190.550,True
2/4/2023 2:00:00 AM,2/3/2023 9:00:00 PM,SERC,WEST,EKPC,EKPC,2227.068,True
2/4/2023 3:00:00 AM,2/3/2023 10:00:00 PM,SERC,WEST,EKPC,EKPC,2218.508,True
2/4/2023 4:00:00 AM,2/3/2023 11:00:00 PM,SERC,WEST,EKPC,EKPC,2208.933,True
2/4/2023 5:00:00 AM,2/4/2023 12:00:00 AM,SERC,WEST,EKPC,EKPC,2223.407,True
2/4/2023 6:00:00 AM,2/4/2023 1:00:00 AM,SERC,WEST,EKPC,EKPC,2257.987,True
2/4/2023 7:00:00 AM,2/4/2023 2:00:00 AM,SERC,WEST,EKPC,EKPC,2340.168,True
2/4/2023 8:00:00 AM,2/4/2023 3:00:00 AM,SERC,WEST,EKPC,EKPC,2371.147,True
2/4/2023 9:00:00 AM,2/4/2023 4:00:00 AM,SERC,WEST,EKPC,EKPC,2434.982,True
2/4/2023 10:00:00 AM,2/4/2023 5:00:00 AM,SERC,WEST,EKPC,EKPC,2509.559,True
2/4/2023 11:00:00 AM,2/4/2023 6:00:00 AM,SERC,WEST,EKPC,EKPC,2530.644,True
2/4/2023 12:00:00 PM,2/4/2023 7:00:00 AM,SERC,WEST,EKPC,EKPC,2557.904,True
2/4/2023 1:00:00 PM,2/4/2023 8:00:00 AM,SERC,WEST,EKPC,EKPC,2490.091,True
2/4/2023 2:00:00 PM,2/4/2023 9:00:00 AM,SERC,WEST,EKPC,EKPC,2301.239,True
2/4/2023 3:00:00 PM,2/4/2023 10:00:00 AM,SERC,WEST,EKPC,EKPC,2103.947,True
2/4/2023 4:00:00 PM,2/4/2023 11:00:00 AM,SERC,WEST,EKPC,EKPC,1940.214,True
2/4/2023 5:00:00 PM,2/4/2023 12:00:00 PM,SERC,WEST,EKPC,EKPC,1816.486,True
2/4/2023 6:00:00 PM,2/4/2023 1:00:00 PM,SERC,WEST,EKPC,EKPC,1707.839,True
2/4/2023 7:00:00 PM,2/4/2023 2:00:00 PM,SERC,WEST,EKPC,EKPC,1575.931,True
2/4/2023 8:00:00 PM,2/4/2023 3:00:00 PM,SERC,WEST,EKPC,EKPC,1581.384,True
2/4/2023 9:00:00 PM,2/4/2023 4:00:00 PM,SERC,WEST,EKPC,EKPC,1564.215,True
2/4/2023 10:00:00 PM,2/4/2023 5:00:00 PM,SERC,WEST,EKPC,EKPC,1625.079,True
2/4/2023 11:00:00 PM,2/4/2023 6:00:00 PM,SERC,WEST,EKPC,EKPC,1749.693,True
2/5/2023 12:00:00 AM,2/4/2023 7:00:00 PM,SERC,WEST,EKPC,EKPC,1903.366,True
2/5/2023 1:00:00 AM,2/4/2023 8:00:00 PM,SERC,WEST,EKPC,EKPC,1831.340,True
2/5/2023 2:00:00 AM,2/4/2023 9:00:00 PM,SERC,WEST,EKPC,EKPC,1891.666,True
2/5/2023 3:00:00 AM,2/4/2023 10:00:00 PM,SERC,WEST,EKPC,EKPC,1872.211,True
2/5/2023 4:00:00 AM,2/4/2023 11:00:00 PM,SERC,WEST,EKPC,EKPC,1833.975,True
2/5/2023 5:00:00 AM,2/5/2023 12:00:00 AM,SERC,WEST,EKPC,EKPC,1710.522,True
2/5/2023 6:00:00 AM,2/5/2023 1:00:00 AM,SERC,WEST,EKPC,EKPC,1600.026,True
2/5/2023 7:00:00 AM,2/5/2023 2:00:00 AM,SERC,WEST,EKPC,EKPC,1605.006,True
2/5/2023 8:00:00 AM,2/5/2023 3:00:00 AM,SERC,WEST,EKPC,EKPC,1627.344,True
2/5/2023 9:00:00 AM,2/5/2023 4:00:00 AM,SERC,WEST,EKPC,EKPC,1688.483,True
2/5/2023 10:00:00 AM,2/5/2023 5:00:00 AM,SERC,WEST,EKPC,EKPC,1831.641,True
2/5/2023 11:00:00 AM,2/5/2023 6:00:00 AM,SERC,WEST,EKPC,EKPC,1778.755,True
2/5/2023 12:00:00 PM,2/5/2023 7:00:00 AM,SERC,WEST,EKPC,EKPC,1824.296,True
2/5/2023 1:00:00 PM,2/5/2023 8:00:00 AM,SERC,WEST,EKPC,EKPC,1896.311,True
2/5/2023 2:00:00 PM,2/5/2023 9:00:00 AM,SERC,WEST,EKPC,EKPC,1873.952,True
2/5/2023 3:00:00 PM,2/5/2023 10:00:00 AM,SERC,WEST,EKPC,EKPC,1675.086,True
2/5/2023 4:00:00 PM,2/5/2023 11:00:00 AM,SERC,WEST,EKPC,EKPC,1559.767,True
2/5/2023 5:00:00 PM,2/5/2023 12:00:00 PM,SERC,WEST,EKPC,EKPC,1512.261,True
2/5/2023 6:00:00 PM,2/5/2023 1:00:00 PM,SERC,WEST,EKPC,EKPC,1466.215,True
2/5/2023 7:00:00 PM,2/5/2023 2:00:00 PM,SERC,WEST,EKPC,EKPC,1490.486,True
2/5/2023 8:00:00 PM,2/5/2023 3:00:00 PM,SERC,WEST,EKPC,EKPC,1447.274,True
2/5/2023 9:00:00 PM,2/5/2023 4:00:00 PM,SERC,WEST,EKPC,EKPC,1504.398,True
2/5/2023 10:00:00 PM,2/5/2023 5:00:00 PM,SERC,WEST,EKPC,EKPC,1462.470,True
2/5/2023 11:00:00 PM,2/5/2023 6:00:00 PM,SERC,WEST,EKPC,EKPC,1644.641,True
2/6/2023 12:00:00 AM,2/5/2023 7:00:00 PM,SERC,WEST,EKPC,EKPC,1703.674,True
2/6/2023 1:00:00 AM,2/5/2023 8:00:00 PM,SERC,WEST,EKPC,EKPC,1717.902,True
2/6/2023 2:00:00 AM,2/5/2023 9:00:00 PM,SERC,WEST,EKPC,EKPC,1672.642,True
2/6/2023 3:00:00 AM,2/5/2023 10:00:00 PM,SERC,WEST,EKPC,EKPC,1622.541,True
2/6/2023 4:00:00 AM,2/5/2023 11:00:00 PM,SERC,WEST,EKPC,EKPC,1594.186,True
2/6/2023 5:00:00 AM,2/6/2023 12:00:00 AM,SERC,WEST,EKPC,EKPC,1529.644,True
2/6/2023 6:00:00 AM,2/6/2023 1:00:00 AM,SERC,WEST,EKPC,EKPC,1516.460,True
2/6/2023 7:00:00 AM,2/6/2023 2:00:00 AM,SERC,WEST,EKPC,EKPC,1481.016,True
2/6/2023 8:00:00 AM,2/6/2023 3:00:00 AM,SERC,WEST,EKPC,EKPC,1601.333,True
2/6/2023 9:00:00 AM,2/6/2023 4:00:00 AM,SERC,WEST,EKPC,EKPC,1670.391,True
2/6/2023 10:00:00 AM,2/6/2023 5:00:00 AM,SERC,WEST,EKPC,EKPC,1785.957,True
2/6/2023 11:00:00 AM,2/6/2023 6:00:00 AM,SERC,WEST,EKPC,EKPC,2004.824,True
2/6/2023 12:00:00 PM,2/6/2023 7:00:00 AM,SERC,WEST,EKPC,EKPC,2133.966,True
2/6/2023 1:00:00 PM,2/6/2023 8:00:00 AM,SERC,WEST,EKPC,EKPC,2024.465,True
2/6/2023 2:00:00 PM,2/6/2023 9:00:00 AM,SERC,WEST,EKPC,EKPC,1835.958,True
2/6/2023 3:00:00 PM,2/6/2023 10:00:00 AM,SERC,WEST,EKPC,EKPC,1661.261,True
2/6/2023 4:00:00 PM,2/6/2023 11:00:00 AM,SERC,WEST,EKPC,EKPC,1630.842,True
2/6/2023 5:00:00 PM,2/6/2023 12:00:00 PM,SERC,WEST,EKPC,EKPC,1564.547,True
2/6/2023 6:00:00 PM,2/6/2023 1:00:00 PM,SERC,WEST,EKPC,EKPC,1413.966,True
2/6/2023 7:00:00 PM,2/6/2023 2:00:00 PM,SERC,WEST,EKPC,EKPC,1298.122,True
2/6/2023 8:00:00 PM,2/6/2023 3:00:00 PM,SERC,WEST,EKPC,EKPC,1334.179,True
2/6/2023 9:00:00 PM,2/6/2023 4:00:00 PM,SERC,WEST,EKPC,EKPC,1467.694,True
2/6/2023 10:00:00 PM,2/6/2023 5:00:00 PM,SERC,WEST,EKPC,EKPC,1530.728,True
2/6/2023 11:00:00 PM,2/6/2023 6:00:00 PM,SERC,WEST,EKPC,EKPC,1669.232,True
2/7/2023 12:00:00 AM,2/6/2023 7:00:00 PM,SERC,WEST,EKPC,EKPC,1705.274,True
2/7/2023 1:00:00 AM,2/6/2023 8:00:00 PM,SERC,WEST,EKPC,EKPC,1715.860,True
2/7/2023 2:00:00 AM,2/6/2023 9:00:00 PM,SERC,WEST,EKPC,EKPC,1652.040,True
2/7/2023 3:00:00 AM,2/6/2023 10:00:00 PM,SERC,WEST,EKPC,EKPC,1630.434,True
2/7/2023 4:00:00 AM,2/6/2023 11:00:00 PM,SERC,WEST,EKPC,EKPC,1520.081,True
2/7/2023 5:00:00 AM,2/7/2023 12:00:00 AM,SERC,WEST,EKPC,EKPC,1591.308,True
2/7/2023 6:00:00 AM,2/7/2023 1:00:00 AM,SERC,WEST,EKPC,EKPC,1588.580,True
2/7/2023 7:00:00 AM,2/7/2023 2:00:00 AM,SERC,WEST,EKPC,EKPC,1590.007,True
2/7/2023 8:00:00 AM,2/7/2023 3:00:00 AM,SERC,WEST,EKPC,EKPC,1608.572,True
2/7/2023 9:00:00 AM,2/7/2023 4:00:00 AM,SERC,WEST,EKPC,EKPC,1614.834,True
2/7/2023 10:00:00 AM,2/7/2023 5:00:00 AM,SERC,WEST,EKPC,EKPC,1693.450,True
2/7/2023 11:00:00 AM,2/7/2023 6:00:00 AM,SERC,WEST,EKPC,EKPC,1864.664,True
2/7/2023 12:00:00 PM,2/7/2023 7:00:00 AM,SERC,WEST,EKPC,EKPC,1880.881,True
2/7/2023 1:00:00 PM,2/7/2023 8:00:00 AM,SERC,WEST,EKPC,EKPC,1828.350,True
2/7/2023 2:00:00 PM,2/7/2023 9:00:00 AM,SERC,WEST,EKPC,EKPC,1708.182,True
2/7/2023 3:00:00 PM,2/7/2023 10:00:00 AM,SERC,WEST,EKPC,EKPC,1607.739,True
2/7/2023 4:00:00 PM,2/7/2023 11:00:00 AM,SERC,WEST,EKPC,EKPC,1424.590,True
2/7/2023 5:00:00 PM,2/7/2023 12:00:00 PM,SERC,WEST,EKPC,EKPC,1365.643,True
2/7/2023 6:00:00 PM,2/7/2023 1:00:00 PM,SERC,WEST,EKPC,EKPC,1307.665,True
2/7/2023 7:00:00 PM,2/7/2023 2:00:00 PM,SERC,WEST,EKPC,EKPC,1265.850,True
2/7/2023 8:00:00 PM,2/7/2023 3:00:00 PM,SERC,WEST,EKPC,EKPC,1263.506,True
2/7/2023 9:00:00 PM,2/7/2023 4:00:00 PM,SERC,WEST,EKPC,EKPC,1275.169,True
2/7/2023 10:00:00 PM,2/7/2023 5:00:00 PM,SERC,WEST,EKPC,EKPC,1376.345,True
2/7/2023 11:00:00 PM,2/7/2023 6:00:00 PM,SERC,WEST,EKPC,EKPC,1432.007,True
2/8/2023 12:00:00 AM,2/7/2023 7:00:00 PM,SERC,WEST,EKPC,EKPC,1510.269,True
2/8/2023 1:00:00 AM,2/7/2023 8:00:00 PM,SERC,WEST,EKPC,EKPC,1484.906,True
2/8/2023 2:00:00 AM,2/7/2023 9:00:00 PM,SERC,WEST,EKPC,EKPC,1424.547,True
2/8/2023 3:00:00 AM,2/7/2023 10:00:00 PM,SERC,WEST,EKPC,EKPC,1391.248,True
2/8/2023 4:00:00 AM,2/7/2023 11:00:00 PM,SERC,WEST,EKPC,EKPC,1309.094,True
2/8/2023 5:00:00 AM,2/8/2023 12:00:00 AM,SERC,WEST,EKPC,EKPC,1231.377,True
2/8/2023 6:00:00 AM,2/8/2023 1:00:00 AM,SERC,WEST,EKPC,EKPC,1267.653,True
2/8/2023 7:00:00 AM,2/8/2023 2:00:00 AM,SERC,WEST,EKPC,EKPC,1177.516,True
2/8/2023 8:00:00 AM,2/8/2023 3:00:00 AM,SERC,WEST,EKPC,EKPC,1222.946,True
2/8/2023 9:00:00 AM,2/8/2023 4:00:00 AM,SERC,WEST,EKPC,EKPC,1259.628,True
2/8/2023 10:00:00 AM,2/8/2023 5:00:00 AM,SERC,WEST,EKPC,EKPC,1358.533,True
2/8/2023 11:00:00 AM,2/8/2023 6:00:00 AM,SERC,WEST,EKPC,EKPC,1582.921,True
2/8/2023 12:00:00 PM,2/8/2023 7:00:00 AM,SERC,WEST,EKPC,EKPC,1598.862,True
2/8/2023 1:00:00 PM,2/8/2023 8:00:00 AM,SERC,WEST,EKPC,EKPC,1621.351,True
2/8/2023 2:00:00 PM,2/8/2023 9:00:00 AM,SERC,WEST,EKPC,EKPC,1604.101,True
2/8/2023 3:00:00 PM,2/8/2023 10:00:00 AM,SERC,WEST,EKPC,EKPC,1462.872,True
2/8/2023 4:00:00 PM,2/8/2023 11:00:00 AM,SERC,WEST,EKPC,EKPC,1550.618,True
2/8/2023 5:00:00 PM,2/8/2023 12:00:00 PM,SERC,WEST,EKPC,EKPC,1518.310,True
2/8/2023 6:00:00 PM,2/8/2023 1:00:00 PM,SERC,WEST,EKPC,EKPC,1469.386,True
2/8/2023 7:00:00 PM,2/8/2023 2:00:00 PM,SERC,WEST,EKPC,EKPC,1465.863,True
2/8/2023 8:00:00 PM,2/8/2023 3:00:00 PM,SERC,WEST,EKPC,EKPC,1467.663,True
2/8/2023 9:00:00 PM,2/8/2023 4:00:00 PM,SERC,WEST,EKPC,EKPC,1436.811,True
2/8/2023 10:00:00 PM,2/8/2023 5:00:00 PM,SERC,WEST,EKPC,EKPC,1550.206,True
2/8/2023 11:00:00 PM,2/8/2023 6:00:00 PM,SERC,WEST,EKPC,EKPC,1650.795,True
2/9/2023 12:00:00 AM,2/8/2023 7:00:00 PM,SERC,WEST,EKPC,EKPC,1640.853,True
2/9/2023 1:00:00 AM,2/8/2023 8:00:00 PM,SERC,WEST,EKPC,EKPC,1548.532,True
2/9/2023 2:00:00 AM,2/8/2023 9:00:00 PM,SERC,WEST,EKPC,EKPC,1558.082,True
2/9/2023 3:00:00 AM,2/8/2023 10:00:00 PM,SERC,WEST,EKPC,EKPC,1440.437,True
2/9/2023 4:00:00 AM,2/8/2023 11:00:00 PM,SERC,WEST,EKPC,EKPC,1374.684,True
2/9/2023 5:00:00 AM,2/9/2023 12:00:00 AM,SERC,WEST,EKPC,EKPC,1175.567,True
2/9/2023 6:00:00 AM,2/9/2023 1:00:00 AM,SERC,WEST,EKPC,EKPC,1177.301,True
2/9/2023 7:00:00 AM,2/9/2023 2:00:00 AM,SERC,WEST,EKPC,EKPC,1205.809,True
2/9/2023 8:00:00 AM,2/9/2023 3:00:00 AM,SERC,WEST,EKPC,EKPC,1173.609,True
2/9/2023 9:00:00 AM,2/9/2023 4:00:00 AM,SERC,WEST,EKPC,EKPC,1287.217,True
2/9/2023 10:00:00 AM,2/9/2023 5:00:00 AM,SERC,WEST,EKPC,EKPC,1267.858,True
2/9/2023 11:00:00 AM,2/9/2023 6:00:00 AM,SERC,WEST,EKPC,EKPC,1445.788,True
2/9/2023 12:00:00 PM,2/9/2023 7:00:00 AM,SERC,WEST,EKPC,EKPC,1425.266,True
2/9/2023 1:00:00 PM,2/9/2023 8:00:00 AM,SERC,WEST,EKPC,EKPC,1422.161,True
2/9/2023 2:00:00 PM,2/9/2023 9:00:00 AM,SERC,WEST,EKPC,EKPC,1283.763,True
2/9/2023 3:00:00 PM,2/9/2023 10:00:00 AM,SERC,WEST,EKPC,EKPC,1267.085,True
2/9/2023 4:00:00 PM,2/9/2023 11:00:00 AM,SERC,WEST,EKPC,EKPC,1225.659,True
2/9/2023 5:00:00 PM,2/9/2023 12:00:00 PM,SERC,WEST,EKPC,EKPC,1199.559,True
2/9/2023 6:00:00 PM,2/9/2023 1:00:00 PM,SERC,WEST,EKPC,EKPC,1159.260,True
2/9/2023 7:00:00 PM,2/9/2023 2:00:00 PM,SERC,WEST,EKPC,EKPC,1192.960,True
2/9/2023 8:00:00 PM,2/9/2023 3:00:00 PM,SERC,WEST,EKPC,EKPC,1230.793,True
2/9/2023 9:00:00 PM,2/9/2023 4:00:00 PM,SERC,WEST,EKPC,EKPC,1229.860,True
2/9/2023 10:00:00 PM,2/9/2023 5:00:00 PM,SERC,WEST,EKPC,EKPC,1316.761,True
2/9/2023 11:00:00 PM,2/9/2023 6:00:00 PM,SERC,WEST,EKPC,EKPC,1345.965,True
2/10/2023 12:00:00 AM,2/9/2023 7:00:00 PM,SERC,WEST,EKPC,EKPC,1485.936,True
2/10/2023 1:00:00 AM,2/9/2023 8:00:00 PM,SERC,WEST,EKPC,EKPC,1465.257,True
2/10/2023 2:00:00 AM,2/9/2023 9:00:00 PM,SERC,WEST,EKPC,EKPC,1522.923,True
2/10/2023 3:00:00 AM,2/9/2023 10:00:00 PM,SERC,WEST,EKPC,EKPC,1340.319,True
2/10/2023 4:00:00 AM,2/9/2023 11:00:00 PM,SERC,WEST,EKPC,EKPC,1286.243,True
2/10/2023 5:00:00 AM,2/10/2023 12:00:00 AM,SERC,WEST,EKPC,EKPC,1270.259,True
2/10/2023 6:00:00 AM,2/10/2023 1:00:00 AM,SERC,WEST,EKPC,EKPC,1304.991,True
2/10/2023 7:00:00 AM,2/10/2023 2:00:00 AM,SERC,WEST,EKPC,EKPC,1265.871,True
2/10/2023 8:00:00 AM,2/10/2023 3:00:00 AM,SERC,WEST,EKPC,EKPC,1274.647,True
2/10/2023 9:00:00 AM,2/10/2023 4:00:00 AM,SERC,WEST,EKPC,EKPC,1393.943,True
2/10/2023 10:00:00 AM,2/10/2023 5:00:00 AM,SERC,WEST,EKPC,EKPC,1519.734,True
2/10/2023 11:00:00 AM,2/10/2023 6:00:00 AM,SERC,WEST,EKPC,EKPC,1633.334,True
2/10/2023 12:00:00 PM,2/10/2023 7:00:00 AM,SERC,WEST,EKPC,EKPC,1763.435,True
2/10/2023 1:00:00 PM,2/10/2023 8:00:00 AM,SERC,WEST,EKPC,EKPC,1623.902,True
2/10/2023 2:00:00 PM,2/10/2023 9:00:00 AM,SERC,WEST,EKPC,EKPC,1589.954,True
2/10/2023 3:00:00 PM,2/10/2023 10:00:00 AM,SERC,WEST,EKPC,EKPC,1574.556,True
2/10/2023 4:00:00 PM,2/10/2023 11:00:00 AM,SERC,WEST,EKPC,EKPC,1597.801,True
2/10/2023 5:00:00 PM,2/10/2023 12:00:00 PM,SERC,WEST,EKPC,EKPC,1531.307,True
2/10/2023 6:00:00 PM,2/10/2023 1:00:00 PM,SERC,WEST,EKPC,EKPC,1406.511,True
2/10/2023 7:00:00 PM,2/10/2023 2:00:00 PM,SERC,WEST,EKPC,EKPC,1386.610,True
2/10/2023 8:00:00 PM,2/10/2023 3:00:00 PM,SERC,WEST,EKPC,EKPC,1426.607,True
2/10/2023 9:00:00 PM,2/10/2023 4:00:00 PM,SERC,WEST,EKPC,EKPC,1582.177,True
2/10/2023 10:00:00 PM,2/10/2023 5:00:00 PM,SERC,WEST,EKPC,EKPC,1631.756,True
2/10/2023 11:00:00 PM,2/10/2023 6:00:00 PM,SERC,WEST,EKPC,EKPC,1711.563,True
2/11/2023 12:00:00 AM,2/10/2023 7:00:00 PM,SERC,WEST,EKPC,EKPC,1684.597,True
2/11/2023 1:00:00 AM,2/10/2023 8:00:00 PM,SERC,WEST,EKPC,EKPC,1700.186,True
2/11/2023 2:00:00 AM,2/10/2023 9:00:00 PM,SERC,WEST,EKPC,EKPC,1654.094,True
2/11/2023 3:00:00 AM,2/10/2023 10:00:00 PM,SERC,WEST,EKPC,EKPC,1580.232,True
2/11/2023 4:00:00 AM,2/10/2023 11:00:00 PM,SERC,WEST,EKPC,EKPC,1592.482,True
2/11/2023 5:00:00 AM,2/11/2023 12:00:00 AM,SERC,WEST,EKPC,EKPC,1693.493,True
2/11/2023 6:00:00 AM,2/11/2023 1:00:00 AM,SERC,WEST,EKPC,EKPC,1760.151,True
2/11/2023 7:00:00 AM,2/11/2023 2:00:00 AM,SERC,WEST,EKPC,EKPC,1779.641,True
2/11/2023 8:00:00 AM,2/11/2023 3:00:00 AM,SERC,WEST,EKPC,EKPC,1866.661,True
2/11/2023 9:00:00 AM,2/11/2023 4:00:00 AM,SERC,WEST,EKPC,EKPC,1924.594,True
2/11/2023 10:00:00 AM,2/11/2023 5:00:00 AM,SERC,WEST,EKPC,EKPC,1957.033,True
2/11/2023 11:00:00 AM,2/11/2023 6:00:00 AM,SERC,WEST,EKPC,EKPC,2066.157,True
2/11/2023 12:00:00 PM,2/11/2023 7:00:00 AM,SERC,WEST,EKPC,EKPC,2152.013,True
2/11/2023 1:00:00 PM,2/11/2023 8:00:00 AM,SERC,WEST,EKPC,EKPC,2142.100,True
2/11/2023 2:00:00 PM,2/11/2023 9:00:00 AM,SERC,WEST,EKPC,EKPC,1958.746,True
2/11/2023 3:00:00 PM,2/11/2023 10:00:00 AM,SERC,WEST,EKPC,EKPC,1862.488,True
2/11/2023 4:00:00 PM,2/11/2023 11:00:00 AM,SERC,WEST,EKPC,EKPC,1720.391,True
2/11/2023 5:00:00 PM,2/11/2023 12:00:00 PM,SERC,WEST,EKPC,EKPC,1679.483,True
2/11/2023 6:00:00 PM,2/11/2023 1:00:00 PM,SERC,WEST,EKPC,EKPC,1621.682,True
2/11/2023 7:00:00 PM,2/11/2023 2:00:00 PM,SERC,WEST,EKPC,EKPC,1552.066,True
2/11/2023 8:00:00 PM,2/11/2023 3:00:00 PM,SERC,WEST,EKPC,EKPC,1567.616,True
2/11/2023 9:00:00 PM,2/11/2023 4:00:00 PM,SERC,WEST,EKPC,EKPC,1600.837,True
2/11/2023 10:00:00 PM,2/11/2023 5:00:00 PM,SERC,WEST,EKPC,EKPC,1643.263,True
2/11/2023 11:00:00 PM,2/11/2023 6:00:00 PM,SERC,WEST,EKPC,EKPC,1598.588,True
2/12/2023 12:00:00 AM,2/11/2023 7:00:00 PM,SERC,WEST,EKPC,EKPC,1672.288,True
2/12/2023 1:00:00 AM,2/11/2023 8:00:00 PM,SERC,WEST,EKPC,EKPC,1762.580,True
2/12/2023 2:00:00 AM,2/11/2023 9:00:00 PM,SERC,WEST,EKPC,EKPC,1801.006,True
2/12/2023 3:00:00 AM,2/11/2023 10:00:00 PM,SERC,WEST,EKPC,EKPC,1798.069,True
2/12/2023 4:00:00 AM,2/11/2023 11:00:00 PM,SERC,WEST,EKPC,EKPC,1749.971,True
2/12/2023 5:00:00 AM,2/12/2023 12:00:00 AM,SERC,WEST,EKPC,EKPC,1636.904,True
2/12/2023 6:00:00 AM,2/12/2023 1:00:00 AM,SERC,WEST,EKPC,EKPC,1662.190,True
2/12/2023 7:00:00 AM,2/12/2023 2:00:00 AM,SERC,WEST,EKPC,EKPC,1550.892,True
2/12/2023 8:00:00 AM,2/12/2023 3:00:00 AM,SERC,WEST,EKPC,EKPC,1570.238,True
2/12/2023 9:00:00 AM,2/12/2023 4:00:00 AM,SERC,WEST,EKPC,EKPC,1602.917,True
2/12/2023 10:00:00 AM,2/12/2023 5:00:00 AM,SERC,WEST,EKPC,EKPC,1642.094,True
2/12/2023 11:00:00 AM,2/12/2023 6:00:00 AM,SERC,WEST,EKPC,EKPC,1668.660,True
2/12/2023 12:00:00 PM,2/12/2023 7:00:00 AM,SERC,WEST,EKPC,EKPC,1758.577,True
2/12/2023 1:00:00 PM,2/12/2023 8:00:00 AM,SERC,WEST,EKPC,EKPC,1930.466,True
2/12/2023 2:00:00 PM,2/12/2023 9:00:00 AM,SERC,WEST,EKPC,EKPC,1911.472,True
2/12/2023 3:00:00 PM,2/12/2023 10:00:00 AM,SERC,WEST,EKPC,EKPC,1840.413,True
2/12/2023 4:00:00 PM,2/12/2023 11:00:00 AM,SERC,WEST,EKPC,EKPC,1719.169,True
2/12/2023 5:00:00 PM,2/12/2023 12:00:00 PM,SERC,WEST,EKPC,EKPC,1515.663,True
2/12/2023 6:00:00 PM,2/12/2023 1:00:00 PM,SERC,WEST,EKPC,EKPC,1445.069,True
2/12/2023 7:00:00 PM,2/12/2023 2:00:00 PM,SERC,WEST,EKPC,EKPC,1355.767,True
2/12/2023 8:00:00 PM,2/12/2023 3:00:00 PM,SERC,WEST,EKPC,EKPC,1317.512,True
2/12/2023 9:00:00 PM,2/12/2023 4:00:00 PM,SERC,WEST,EKPC,EKPC,1329.064,True
2/12/2023 10:00:00 PM,2/12/2023 5:00:00 PM,SERC,WEST,EKPC,EKPC,1356.410,True
2/12/2023 11:00:00 PM,2/12/2023 6:00:00 PM,SERC,WEST,EKPC,EKPC,1465.851,True
2/13/2023 12:00:00 AM,2/12/2023 7:00:00 PM,SERC,WEST,EKPC,EKPC,1539.620,True
2/13/2023 1:00:00 AM,2/12/2023 8:00:00 PM,SERC,WEST,EKPC,EKPC,1571.623,True
2/13/2023 2:00:00 AM,2/12/2023 9:00:00 PM,SERC,WEST,EKPC,EKPC,1609.015,True
2/13/2023 3:00:00 AM,2/12/2023 10:00:00 PM,SERC,WEST,EKPC,EKPC,1611.900,True
2/13/2023 4:00:00 AM,2/12/2023 11:00:00 PM,SERC,WEST,EKPC,EKPC,1638.994,True
2/13/2023 5:00:00 AM,2/13/2023 12:00:00 AM,SERC,WEST,EKPC,EKPC,1610.421,True
2/13/2023 6:00:00 AM,2/13/2023 1:00:00 AM,SERC,WEST,EKPC,EKPC,1625.286,True
2/13/2023 7:00:00 AM,2/13/2023 2:00:00 AM,SERC,WEST,EKPC,EKPC,1647.472,True
2/13/2023 8:00:00 AM,2/13/2023 3:00:00 AM,SERC,WEST,EKPC,EKPC,1720.404,True
2/13/2023 9:00:00 AM,2/13/2023 4:00:00 AM,SERC,WEST,EKPC,EKPC,1775.949,True
2/13/2023 10:00:00 AM,2/13/2023 5:00:00 AM,SERC,WEST,EKPC,EKPC,1910.231,True
2/13/2023 11:00:00 AM,2/13/2023 6:00:00 AM,SERC,WEST,EKPC,EKPC,2094.277,True
2/13/2023 12:00:00 PM,2/13/2023 7:00:00 AM,SERC,WEST,EKPC,EKPC,2116.120,True
2/13/2023 1:00:00 PM,2/13/2023 8:00:00 AM,SERC,WEST,EKPC,EKPC,2081.500,True
2/13/2023 2:00:00 PM,2/13/2023 9:00:00 AM,SERC,WEST,EKPC,EKPC,1975.772,True
2/13/2023 3:00:00 PM,2/13/2023 10:00:00 AM,SERC,WEST,EKPC,EKPC,1783.421,True
2/13/2023 4:00:00 PM,2/13/2023 11:00:00 AM,SERC,WEST,EKPC,EKPC,1659.272,True
2/13/2023 5:00:00 PM,2/13/2023 12:00:00 PM,SERC,WEST,EKPC,EKPC,1539.849,True
2/13/2023 6:00:00 PM,2/13/2023 1:00:00 PM,SERC,WEST,EKPC,EKPC,1442.556,True
2/13/2023 7:00:00 PM,2/13/2023 2:00:00 PM,SERC,WEST,EKPC,EKPC,1305.320,True
2/13/2023 8:00:00 PM,2/13/2023 3:00:00 PM,SERC,WEST,EKPC,EKPC,1229.076,True
2/13/2023 9:00:00 PM,2/13/2023 4:00:00 PM,SERC,WEST,EKPC,EKPC,1242.923,True
2/13/2023 10:00:00 PM,2/13/2023 5:00:00 PM,SERC,WEST,EKPC,EKPC,1363.066,True
2/13/2023 11:00:00 PM,2/13/2023 6:00:00 PM,SERC,WEST,EKPC,EKPC,1523.456,True
2/14/2023 12:00:00 AM,2/13/2023 7:00:00 PM,SERC,WEST,EKPC,EKPC,1615.057,True
2/14/2023 1:00:00 AM,2/13/2023 8:00:00 PM,SERC,WEST,EKPC,EKPC,1590.518,True
2/14/2023 2:00:00 AM,2/13/2023 9:00:00 PM,SERC,WEST,EKPC,EKPC,1616.450,True
2/14/2023 3:00:00 AM,2/13/2023 10:00:00 PM,SERC,WEST,EKPC,EKPC,1589.712,True
2/14/2023 4:00:00 AM,2/13/2023 11:00:00 PM,SERC,WEST,EKPC,EKPC,1564.791,True
2/14/2023 5:00:00 AM,2/14/2023 12:00:00 AM,SERC,WEST,EKPC,EKPC,1554.109,True
2/14/2023 6:00:00 AM,2/14/2023 1:00:00 AM,SERC,WEST,EKPC,EKPC,1547.007,True
2/14/2023 7:00:00 AM,2/14/2023 2:00:00 AM,SERC,WEST,EKPC,EKPC,1596.838,True
2/14/2023 8:00:00 AM,2/14/2023 3:00:00 AM,SERC,WEST,EKPC,EKPC,1673.353,True
2/14/2023 9:00:00 AM,2/14/2023 4:00:00 AM,SERC,WEST,EKPC,EKPC,1753.527,True
2/14/2023 10:00:00 AM,2/14/2023 5:00:00 AM,SERC,WEST,EKPC,EKPC,1877.503,True
2/14/2023 11:00:00 AM,2/14/2023 6:00:00 AM,SERC,WEST,EKPC,EKPC,2065.616,True
2/14/2023 12:00:00 PM,2/14/2023 7:00:00 AM,SERC,WEST,EKPC,EKPC,2076.288,True
2/14/2023 1:00:00 PM,2/14/2023 8:00:00 AM,SERC,WEST,EKPC,EKPC,1936.250,True
2/14/2023 2:00:00 PM,2/14/2023 9:00:00 AM,SERC,WEST,EKPC,EKPC,1698.446,True
2/14/2023 3:00:00 PM,2/14/2023 10:00:00 AM,SERC,WEST,EKPC,EKPC,1516.846,True
2/14/2023 4:00:00 PM,2/14/2023 11:00:00 AM,SERC,WEST,EKPC,EKPC,1450.681,True
2/14/2023 5:00:00 PM,2/14/2023 12:00:00 PM,SERC,WEST,EKPC,EKPC,1408.880,True
2/14/2023 6:00:00 PM,2/14/2023 1:00:00 PM,SERC,WEST,EKPC,EKPC,1393.279,True
2/14/2023 7:00:00 PM,2/14/2023 2:00:00 PM,SERC,WEST,EKPC,EKPC,1364.117,True
2/14/2023 8:00:00 PM,2/14/2023 3:00:00 PM,SERC,WEST,EKPC,EKPC,1416.352,True
2/14/2023 9:00:00 PM,2/14/2023 4:00:00 PM,SERC,WEST,EKPC,EKPC,1437.699,True
2/14/2023 10:00:00 PM,2/14/2023 5:00:00 PM,SERC,WEST,EKPC,EKPC,1483.192,True
2/14/2023 11:00:00 PM,2/14/2023 6:00:00 PM,SERC,WEST,EKPC,EKPC,1536.880,True
2/15/2023 12:00:00 AM,2/14/2023 7:00:00 PM,SERC,WEST,EKPC,EKPC,1569.225,True
2/15/2023 1:00:00 AM,2/14/2023 8:00:00 PM,SERC,WEST,EKPC,EKPC,1514.004,True
2/15/2023 2:00:00 AM,2/14/2023 9:00:00 PM,SERC,WEST,EKPC,EKPC,1422.369,True
2/15/2023 3:00:00 AM,2/14/2023 10:00:00 PM,SERC,WEST,EKPC,EKPC,1418.520,True
2/15/2023 4:00:00 AM,2/14/2023 11:00:00 PM,SERC,WEST,EKPC,EKPC,1343.847,True
2/15/2023 5:00:00 AM,2/15/2023 12:00:00 AM,SERC,WEST,EKPC,EKPC,1290.244,True
2/15/2023 6:00:00 AM,2/15/2023 1:00:00 AM,SERC,WEST,EKPC,EKPC,1290.748,True
2/15/2023 7:00:00 AM,2/15/2023 2:00:00 AM,SERC,WEST,EKPC,EKPC,1280.230,True
2/15/2023 8:00:00 AM,2/15/2023 3:00:00 AM,SERC,WEST,EKPC,EKPC,1277.502,True
2/15/2023 9:00:00 AM,2/15/2023 4:00:00 AM,SERC,WEST,EKPC,EKPC,1194.925,True
2/15/2023 10:00:00 AM,2/15/2023 5:00:00 AM,SERC,WEST,EKPC,EKPC,1259.541,True
2/15/2023 11:00:00 AM,2/15/2023 6:00:00 AM,SERC,WEST,EKPC,EKPC,1444.525,True
2/15/2023 12:00:00 PM,2/15/2023 7:00:00 AM,SERC,WEST,EKPC,EKPC,1423.865,True
2/15/2023 1:00:00 PM,2/15/2023 8:00:00 AM,SERC,WEST,EKPC,EKPC,1436.939,True
2/15/2023 2:00:00 PM,2/15/2023 9:00:00 AM,SERC,WEST,EKPC,EKPC,1381.771,True
2/15/2023 3:00:00 PM,2/15/2023 10:00:00 AM,SERC,WEST,EKPC,EKPC,1334.152,True
2/15/2023 4:00:00 PM,2/15/2023 11:00:00 AM,SERC,WEST,EKPC,EKPC,1273.133,True
2/15/2023 5:00:00 PM,2/15/2023 12:00:00 PM,SERC,WEST,EKPC,EKPC,1260.608,True
2/15/2023 6:00:00 PM,2/15/2023 1:00:00 PM,SERC,WEST,EKPC,EKPC,1227.345,True
2/15/2023 7:00:00 PM,2/15/2023 2:00:00 PM,SERC,WEST,EKPC,EKPC,1155.602,True
2/15/2023 8:00:00 PM,2/15/2023 3:00:00 PM,SERC,WEST,EKPC,EKPC,1221.516,True
2/15/2023 9:00:00 PM,2/15/2023 4:00:00 PM,SERC,WEST,EKPC,EKPC,1150.576,True
2/15/2023 10:00:00 PM,2/15/2023 5:00:00 PM,SERC,WEST,EKPC,EKPC,1200.886,True
2/15/2023 11:00:00 PM,2/15/2023 6:00:00 PM,SERC,WEST,EKPC,EKPC,1355.915,True
2/16/2023 12:00:00 AM,2/15/2023 7:00:00 PM,SERC,WEST,EKPC,EKPC,1445.996,True
2/16/2023 1:00:00 AM,2/15/2023 8:00:00 PM,SERC,WEST,EKPC,EKPC,1408.542,True
2/16/2023 2:00:00 AM,2/15/2023 9:00:00 PM,SERC,WEST,EKPC,EKPC,1394.426,True
2/16/2023 3:00:00 AM,2/15/2023 10:00:00 PM,SERC,WEST,EKPC,EKPC,1284.880,True
2/16/2023 4:00:00 AM,2/15/2023 11:00:00 PM,SERC,WEST,EKPC,EKPC,1209.891,True
2/16/2023 5:00:00 AM,2/16/2023 12:00:00 AM,SERC,WEST,EKPC,EKPC,1142.417,True
2/16/2023 6:00:00 AM,2/16/2023 1:00:00 AM,SERC,WEST,EKPC,EKPC,1126.276,True
2/16/2023 7:00:00 AM,2/16/2023 2:00:00 AM,SERC,WEST,EKPC,EKPC,1102.681,True
2/16/2023 8:00:00 AM,2/16/2023 3:00:00 AM,SERC,WEST,EKPC,EKPC,1134.673,True
2/16/2023 9:00:00 AM,2/16/2023 4:00:00 AM,SERC,WEST,EKPC,EKPC,1158.988,True
2/16/2023 10:00:00 AM,2/16/2023 5:00:00 AM,SERC,WEST,EKPC,EKPC,1195.555,True
2/16/2023 11:00:00 AM,2/16/2023 6:00:00 AM,SERC,WEST,EKPC,EKPC,1353.156,True
2/16/2023 12:00:00 PM,2/16/2023 7:00:00 AM,SERC,WEST,EKPC,EKPC,1374.209,True
2/16/2023 1:00:00 PM,2/16/2023 8:00:00 AM,SERC,WEST,EKPC,EKPC,1365.600,True
2/16/2023 2:00:00 PM,2/16/2023 9:00:00 AM,SERC,WEST,EKPC,EKPC,1388.544,True
2/16/2023 3:00:00 PM,2/16/2023 10:00:00 AM,SERC,WEST,EKPC,EKPC,1397.186,True
2/16/2023 4:00:00 PM,2/16/2023 11:00:00 AM,SERC,WEST,EKPC,EKPC,1397.639,True
2/16/2023 5:00:00 PM,2/16/2023 12:00:00 PM,SERC,WEST,EKPC,EKPC,1390.064,True
2/16/2023 6:00:00 PM,2/16/2023 1:00:00 PM,SERC,WEST,EKPC,EKPC,1405.662,True
2/16/2023 7:00:00 PM,2/16/2023 2:00:00 PM,SERC,WEST,EKPC,EKPC,1363.456,True
2/16/2023 8:00:00 PM,2/16/2023 3:00:00 PM,SERC,WEST,EKPC,EKPC,1390.491,True
2/16/2023 9:00:00 PM,2/16/2023 4:00:00 PM,SERC,WEST,EKPC,EKPC,1416.634,True
2/16/2023 10:00:00 PM,2/16/2023 5:00:00 PM,SERC,WEST,EKPC,EKPC,1435.531,True
2/16/2023 11:00:00 PM,2/16/2023 6:00:00 PM,SERC,WEST,EKPC,EKPC,1501.051,True
2/17/2023 12:00:00 AM,2/16/2023 7:00:00 PM,SERC,WEST,EKPC,EKPC,1502.055,True
2/17/2023 1:00:00 AM,2/16/2023 8:00:00 PM,SERC,WEST,EKPC,EKPC,1482.299,True
2/17/2023 2:00:00 AM,2/16/2023 9:00:00 PM,SERC,WEST,EKPC,EKPC,1416.961,True
2/17/2023 3:00:00 AM,2/16/2023 10:00:00 PM,SERC,WEST,EKPC,EKPC,1361.813,True
2/17/2023 4:00:00 AM,2/16/2023 11:00:00 PM,SERC,WEST,EKPC,EKPC,1287.914,True
2/17/2023 5:00:00 AM,2/17/2023 12:00:00 AM,SERC,WEST,EKPC,EKPC,1286.469,True
2/17/2023 6:00:00 AM,2/17/2023 1:00:00 AM,SERC,WEST,EKPC,EKPC,1308.821,True
2/17/2023 7:00:00 AM,2/17/2023 2:00:00 AM,SERC,WEST,EKPC,EKPC,1366.492,True
2/17/2023 8:00:00 AM,2/17/2023 3:00:00 AM,SERC,WEST,EKPC,EKPC,1416.050,True
2/17/2023 9:00:00 AM,2/17/2023 4:00:00 AM,SERC,WEST,EKPC,EKPC,1489.647,True
2/17/2023 10:00:00 AM,2/17/2023 5:00:00 AM,SERC,WEST,EKPC,EKPC,1589.038,True
2/17/2023 11:00:00 AM,2/17/2023 6:00:00 AM,SERC,WEST,EKPC,EKPC,1760.272,True
2/17/2023 12:00:00 PM,2/17/2023 7:00:00 AM,SERC,WEST,EKPC,EKPC,1870.705,True
2/17/2023 1:00:00 PM,2/17/2023 8:00:00 AM,SERC,WEST,EKPC,EKPC,1909.595,True
2/17/2023 2:00:00 PM,2/17/2023 9:00:00 AM,SERC,WEST,EKPC,EKPC,1943.299,True
2/17/2023 3:00:00 PM,2/17/2023 10:00:00 AM,SERC,WEST,EKPC,EKPC,1979.632,True
2/17/2023 4:00:00 PM,2/17/2023 11:00:00 AM,SERC,WEST,EKPC,EKPC,2039.584,True
2/17/2023 5:00:00 PM,2/17/2023 12:00:00 PM,SERC,WEST,EKPC,EKPC,2062.337,True
2/17/2023 6:00:00 PM,2/17/2023 1:00:00 PM,SERC,WEST,EKPC,EKPC,2062.693,True
2/17/2023 7:00:00 PM,2/17/2023 2:00:00 PM,SERC,WEST,EKPC,EKPC,2050.694,True
2/17/2023 8:00:00 PM,2/17/2023 3:00:00 PM,SERC,WEST,EKPC,EKPC,2068.478,True
2/17/2023 9:00:00 PM,2/17/2023 4:00:00 PM,SERC,WEST,EKPC,EKPC,2101.595,True
2/17/2023 10:00:00 PM,2/17/2023 5:00:00 PM,SERC,WEST,EKPC,EKPC,2117.362,True
2/17/2023 11:00:00 PM,2/17/2023 6:00:00 PM,SERC,WEST,EKPC,EKPC,2148.111,True
2/18/2023 12:00:00 AM,2/17/2023 7:00:00 PM,SERC,WEST,EKPC,EKPC,2155.344,True
2/18/2023 1:00:00 AM,2/17/2023 8:00:00 PM,SERC,WEST,EKPC,EKPC,2108.119,True
2/18/2023 2:00:00 AM,2/17/2023 9:00:00 PM,SERC,WEST,EKPC,EKPC,2043.259,True
2/18/2023 3:00:00 AM,2/17/2023 10:00:00 PM,SERC,WEST,EKPC,EKPC,1996.552,True
2/18/2023 4:00:00 AM,2/17/2023 11:00:00 PM,SERC,WEST,EKPC,EKPC,1915.475,True
2/18/2023 5:00:00 AM,2/18/2023 12:00:00 AM,SERC,WEST,EKPC,EKPC,1920.934,True
2/18/2023 6:00:00 AM,2/18/2023 1:00:00 AM,SERC,WEST,EKPC,EKPC,1923.893,True
2/18/2023 7:00:00 AM,2/18/2023 2:00:00 AM,SERC,WEST,EKPC,EKPC,1975.796,True
2/18/2023 8:00:00 AM,2/18/2023 3:00:00 AM,SERC,WEST,EKPC,EKPC,1955.058,True
2/18/2023 9:00:00 AM,2/18/2023 4:00:00 AM,SERC,WEST,EKPC,EKPC,1980.149,True
2/18/2023 10:00:00 AM,2/18/2023 5:00:00 AM,SERC,WEST,EKPC,EKPC,2076.044,True
2/18/2023 11:00:00 AM,2/18/2023 6:00:00 AM,SERC,WEST,EKPC,EKPC,2238.141,True
2/18/2023 12:00:00 PM,2/18/2023 7:00:00 AM,SERC,WEST,EKPC,EKPC,2228.248,True
2/18/2023 1:00:00 PM,2/18/2023 8:00:00 AM,SERC,WEST,EKPC,EKPC,2196.624,True
2/18/2023 2:00:00 PM,2/18/2023 9:00:00 AM,SERC,WEST,EKPC,EKPC,2128.261,True
2/18/2023 3:00:00 PM,2/18/2023 10:00:00 AM,SERC,WEST,EKPC,EKPC,1895.740,True
2/18/2023 4:00:00 PM,2/18/2023 11:00:00 AM,SERC,WEST,EKPC,EKPC,1746.281,True
2/18/2023 5:00:00 PM,2/18/2023 12:00:00 PM,SERC,WEST,EKPC,EKPC,1700.642,True
2/18/2023 6:00:00 PM,2/18/2023 1:00:00 PM,SERC,WEST,EKPC,EKPC,1588.436,True
2/18/2023 7:00:00 PM,2/18/2023 2:00:00 PM,SERC,WEST,EKPC,EKPC,1504.965,True
2/18/2023 8:00:00 PM,2/18/2023 3:00:00 PM,SERC,WEST,EKPC,EKPC,1446.824,True
2/18/2023 9:00:00 PM,2/18/2023 4:00:00 PM,SERC,WEST,EKPC,EKPC,1457.356,True
2/18/2023 10:00:00 PM,2/18/2023 5:00:00 PM,SERC,WEST,EKPC,EKPC,1468.563,True
2/18/2023 11:00:00 PM,2/18/2023 6:00:00 PM,SERC,WEST,EKPC,EKPC,1617.566,True
2/19/2023 12:00:00 AM,2/18/2023 7:00:00 PM,SERC,WEST,EKPC,EKPC,1694.109,True
2/19/2023 1:00:00 AM,2/18/2023 8:00:00 PM,SERC,WEST,EKPC,EKPC,1767.190,True
2/19/2023 2:00:00 AM,2/18/2023 9:00:00 PM,SERC,WEST,EKPC,EKPC,1717.501,True
2/19/2023 3:00:00 AM,2/18/2023 10:00:00 PM,SERC,WEST,EKPC,EKPC,1648.165,True
2/19/2023 4:00:00 AM,2/18/2023 11:00:00 PM,SERC,WEST,EKPC,EKPC,1664.793,True
2/19/2023 5:00:00 AM,2/19/2023 12:00:00 AM,SERC,WEST,EKPC,EKPC,1622.684,True
2/19/2023 6:00:00 AM,2/19/2023 1:00:00 AM,SERC,WEST,EKPC,EKPC,1576.450,True
2/19/2023 7:00:00 AM,2/19/2023 2:00:00 AM,SERC,WEST,EKPC,EKPC,1573.405,True
2/19/2023 8:00:00 AM,2/19/2023 3:00:00 AM,SERC,WEST,EKPC,EKPC,1581.413,True
2/19/2023 9:00:00 AM,2/19/2023 4:00:00 AM,SERC,WEST,EKPC,EKPC,1579.836,True
2/19/2023 10:00:00 AM,2/19/2023 5:00:00 AM,SERC,WEST,EKPC,EKPC,1603.421,True
2/19/2023 11:00:00 AM,2/19/2023 6:00:00 AM,SERC,WEST,EKPC,EKPC,1654.209,True
2/19/2023 12:00:00 PM,2/19/2023 7:00:00 AM,SERC,WEST,EKPC,EKPC,1692.075,True
2/19/2023 1:00:00 PM,2/19/2023 8:00:00 AM,SERC,WEST,EKPC,EKPC,1687.006,True
2/19/2023 2:00:00 PM,2/19/2023 9:00:00 AM,SERC,WEST,EKPC,EKPC,1633.249,True
2/19/2023 3:00:00 PM,2/19/2023 10:00:00 AM,SERC,WEST,EKPC,EKPC,1575.423,True
2/19/2023 4:00:00 PM,2/19/2023 11:00:00 AM,SERC,WEST,EKPC,EKPC,1499.832,True
2/19/2023 5:00:00 PM,2/19/2023 12:00:00 PM,SERC,WEST,EKPC,EKPC,1430.707,True
2/19/2023 6:00:00 PM,2/19/2023 1:00:00 PM,SERC,WEST,EKPC,EKPC,1330.160,True
2/19/2023 7:00:00 PM,2/19/2023 2:00:00 PM,SERC,WEST,EKPC,EKPC,1299.981,True
2/19/2023 8:00:00 PM,2/19/2023 3:00:00 PM,SERC,WEST,EKPC,EKPC,1314.527,True
2/19/2023 9:00:00 PM,2/19/2023 4:00:00 PM,SERC,WEST,EKPC,EKPC,1328.130,True
2/19/2023 10:00:00 PM,2/19/2023 5:00:00 PM,SERC,WEST,EKPC,EKPC,1386.346,True
2/19/2023 11:00:00 PM,2/19/2023 6:00:00 PM,SERC,WEST,EKPC,EKPC,1481.162,True
2/20/2023 12:00:00 AM,2/19/2023 7:00:00 PM,SERC,WEST,EKPC,EKPC,1565.317,True
2/20/2023 1:00:00 AM,2/19/2023 8:00:00 PM,SERC,WEST,EKPC,EKPC,1549.916,True
2/20/2023 2:00:00 AM,2/19/2023 9:00:00 PM,SERC,WEST,EKPC,EKPC,1469.449,True
2/20/2023 3:00:00 AM,2/19/2023 10:00:00 PM,SERC,WEST,EKPC,EKPC,1449.286,True
2/20/2023 4:00:00 AM,2/19/2023 11:00:00 PM,SERC,WEST,EKPC,EKPC,1355.939,True
2/20/2023 5:00:00 AM,2/20/2023 12:00:00 AM,SERC,WEST,EKPC,EKPC,1330.289,True
2/20/2023 6:00:00 AM,2/20/2023 1:00:00 AM,SERC,WEST,EKPC,EKPC,1318.964,True
2/20/2023 7:00:00 AM,2/20/2023 2:00:00 AM,SERC,WEST,EKPC,EKPC,1330.129,True
2/20/2023 8:00:00 AM,2/20/2023 3:00:00 AM,SERC,WEST,EKPC,EKPC,1312.388,True
2/20/2023 9:00:00 AM,2/20/2023 4:00:00 AM,SERC,WEST,EKPC,EKPC,1397.986,True
2/20/2023 10:00:00 AM,2/20/2023 5:00:00 AM,SERC,WEST,EKPC,EKPC,1453.959,True
2/20/2023 11:00:00 AM,2/20/2023 6:00:00 AM,SERC,WEST,EKPC,EKPC,1565.572,True
2/20/2023 12:00:00 PM,2/20/2023 7:00:00 AM,SERC,WEST,EKPC,EKPC,1570.882,True
2/20/2023 1:00:00 PM,2/20/2023 8:00:00 AM,SERC,WEST,EKPC,EKPC,1569.162,True
2/20/2023 2:00:00 PM,2/20/2023 9:00:00 AM,SERC,WEST,EKPC,EKPC,1528.608,True
2/20/2023 3:00:00 PM,2/20/2023 10:00:00 AM,SERC,WEST,EKPC,EKPC,1590.440,True
2/20/2023 4:00:00 PM,2/20/2023 11:00:00 AM,SERC,WEST,EKPC,EKPC,1526.844,True
2/20/2023 5:00:00 PM,2/20/2023 12:00:00 PM,SERC,WEST,EKPC,EKPC,1468.653,True
2/20/2023 6:00:00 PM,2/20/2023 1:00:00 PM,SERC,WEST,EKPC,EKPC,1457.896,True
2/20/2023 7:00:00 PM,2/20/2023 2:00:00 PM,SERC,WEST,EKPC,EKPC,1417.586,True
2/20/2023 8:00:00 PM,2/20/2023 3:00:00 PM,SERC,WEST,EKPC,EKPC,1407.935,True
2/20/2023 9:00:00 PM,2/20/2023 4:00:00 PM,SERC,WEST,EKPC,EKPC,1323.659,True
2/20/2023 10:00:00 PM,2/20/2023 5:00:00 PM,SERC,WEST,EKPC,EKPC,1559.382,True
2/20/2023 11:00:00 PM,2/20/2023 6:00:00 PM,SERC,WEST,EKPC,EKPC,1616.976,True
2/21/2023 12:00:00 AM,2/20/2023 7:00:00 PM,SERC,WEST,EKPC,EKPC,1652.763,True
2/21/2023 1:00:00 AM,2/20/2023 8:00:00 PM,SERC,WEST,EKPC,EKPC,1626.128,True
2/21/2023 2:00:00 AM,2/20/2023 9:00:00 PM,SERC,WEST,EKPC,EKPC,1571.611,True
2/21/2023 3:00:00 AM,2/20/2023 10:00:00 PM,SERC,WEST,EKPC,EKPC,1495.404,True
2/21/2023 4:00:00 AM,2/20/2023 11:00:00 PM,SERC,WEST,EKPC,EKPC,1393.753,True
2/21/2023 5:00:00 AM,2/21/2023 12:00:00 AM,SERC,WEST,EKPC,EKPC,1363.932,True
2/21/2023 6:00:00 AM,2/21/2023 1:00:00 AM,SERC,WEST,EKPC,EKPC,1424.048,True
2/21/2023 7:00:00 AM,2/21/2023 2:00:00 AM,SERC,WEST,EKPC,EKPC,1371.347,True
2/21/2023 8:00:00 AM,2/21/2023 3:00:00 AM,SERC,WEST,EKPC,EKPC,1307.214,True
2/21/2023 9:00:00 AM,2/21/2023 4:00:00 AM,SERC,WEST,EKPC,EKPC,1352.109,True
2/21/2023 10:00:00 AM,2/21/2023 5:00:00 AM,SERC,WEST,EKPC,EKPC,1447.289,True
2/21/2023 11:00:00 AM,2/21/2023 6:00:00 AM,SERC,WEST,EKPC,EKPC,1640.524,True
2/21/2023 12:00:00 PM,2/21/2023 7:00:00 AM,SERC,WEST,EKPC,EKPC,1687.393,True
2/21/2023 1:00:00 PM,2/21/2023 8:00:00 AM,SERC,WEST,EKPC,EKPC,1641.981,True
2/21/2023 2:00:00 PM,2/21/2023 9:00:00 AM,SERC,WEST,EKPC,EKPC,1587.673,True
2/21/2023 3:00:00 PM,2/21/2023 10:00:00 AM,SERC,WEST,EKPC,EKPC,1501.419,True
2/21/2023 4:00:00 PM,2/21/2023 11:00:00 AM,SERC,WEST,EKPC,EKPC,1468.788,True
2/21/2023 5:00:00 PM,2/21/2023 12:00:00 PM,SERC,WEST,EKPC,EKPC,1349.524,True
2/21/2023 6:00:00 PM,2/21/2023 1:00:00 PM,SERC,WEST,EKPC,EKPC,1329.440,True
2/21/2023 7:00:00 PM,2/21/2023 2:00:00 PM,SERC,WEST,EKPC,EKPC,1317.729,True
2/21/2023 8:00:00 PM,2/21/2023 3:00:00 PM,SERC,WEST,EKPC,EKPC,1301.795,True
2/21/2023 9:00:00 PM,2/21/2023 4:00:00 PM,SERC,WEST,EKPC,EKPC,1326.932,True
2/21/2023 10:00:00 PM,2/21/2023 5:00:00 PM,SERC,WEST,EKPC,EKPC,1304.858,True
2/21/2023 11:00:00 PM,2/21/2023 6:00:00 PM,SERC,WEST,EKPC,EKPC,1378.854,True
2/22/2023 12:00:00 AM,2/21/2023 7:00:00 PM,SERC,WEST,EKPC,EKPC,1533.344,True
2/22/2023 1:00:00 AM,2/21/2023 8:00:00 PM,SERC,WEST,EKPC,EKPC,1537.540,True
2/22/2023 2:00:00 AM,2/21/2023 9:00:00 PM,SERC,WEST,EKPC,EKPC,1521.001,True
2/22/2023 3:00:00 AM,2/21/2023 10:00:00 PM,SERC,WEST,EKPC,EKPC,1507.754,True
2/22/2023 4:00:00 AM,2/21/2023 11:00:00 PM,SERC,WEST,EKPC,EKPC,1426.135,True
2/22/2023 5:00:00 AM,2/22/2023 12:00:00 AM,SERC,WEST,EKPC,EKPC,1369.905,True
2/22/2023 6:00:00 AM,2/22/2023 1:00:00 AM,SERC,WEST,EKPC,EKPC,1360.747,True
2/22/2023 7:00:00 AM,2/22/2023 2:00:00 AM,SERC,WEST,EKPC,EKPC,1350.759,True
2/22/2023 8:00:00 AM,2/22/2023 3:00:00 AM,SERC,WEST,EKPC,EKPC,1351.046,True
2/22/2023 9:00:00 AM,2/22/2023 4:00:00 AM,SERC,WEST,EKPC,EKPC,1362.839,True
2/22/2023 10:00:00 AM,2/22/2023 5:00:00 AM,SERC,WEST,EKPC,EKPC,1400.136,True
2/22/2023 11:00:00 AM,2/22/2023 6:00:00 AM,SERC,WEST,EKPC,EKPC,1488.277,True
2/22/2023 12:00:00 PM,2/22/2023 7:00:00 AM,SERC,WEST,EKPC,EKPC,1483.781,True
2/22/2023 1:00:00 PM,2/22/2023 8:00:00 AM,SERC,WEST,EKPC,EKPC,1391.046,True
2/22/2023 2:00:00 PM,2/22/2023 9:00:00 AM,SERC,WEST,EKPC,EKPC,1315.214,True
2/22/2023 3:00:00 PM,2/22/2023 10:00:00 AM,SERC,WEST,EKPC,EKPC,1255.786,True
2/22/2023 4:00:00 PM,2/22/2023 11:00:00 AM,SERC,WEST,EKPC,EKPC,1204.258,True
2/22/2023 5:00:00 PM,2/22/2023 12:00:00 PM,SERC,WEST,EKPC,EKPC,1203.126,True
2/22/2023 6:00:00 PM,2/22/2023 1:00:00 PM,SERC,WEST,EKPC,EKPC,1181.734,True
2/22/2023 7:00:00 PM,2/22/2023 2:00:00 PM,SERC,WEST,EKPC,EKPC,1166.083,True
2/22/2023 8:00:00 PM,2/22/2023 3:00:00 PM,SERC,WEST,EKPC,EKPC,1178.693,True
2/22/2023 9:00:00 PM,2/22/2023 4:00:00 PM,SERC,WEST,EKPC,EKPC,1217.432,True
2/22/2023 10:00:00 PM,2/22/2023 5:00:00 PM,SERC,WEST,EKPC,EKPC,1244.074,True
2/22/2023 11:00:00 PM,2/22/2023 6:00:00 PM,SERC,WEST,EKPC,EKPC,1304.338,True
2/23/2023 12:00:00 AM,2/22/2023 7:00:00 PM,SERC,WEST,EKPC,EKPC,1350.499,True
2/23/2023 1:00:00 AM,2/22/2023 8:00:00 PM,SERC,WEST,EKPC,EKPC,1339.488,True
2/23/2023 2:00:00 AM,2/22/2023 9:00:00 PM,SERC,WEST,EKPC,EKPC,1282.223,True
2/23/2023 3:00:00 AM,2/22/2023 10:00:00 PM,SERC,WEST,EKPC,EKPC,1244.871,True
2/23/2023 4:00:00 AM,2/22/2023 11:00:00 PM,SERC,WEST,EKPC,EKPC,1142.314,True
2/23/2023 5:00:00 AM,2/23/2023 12:00:00 AM,SERC,WEST,EKPC,EKPC,1123.723,True
2/23/2023 6:00:00 AM,2/23/2023 1:00:00 AM,SERC,WEST,EKPC,EKPC,1064.070,True
2/23/2023 7:00:00 AM,2/23/2023 2:00:00 AM,SERC,WEST,EKPC,EKPC,984.082,True
2/23/2023 8:00:00 AM,2/23/2023 3:00:00 AM,SERC,WEST,EKPC,EKPC,1074.042,True
2/23/2023 9:00:00 AM,2/23/2023 4:00:00 AM,SERC,WEST,EKPC,EKPC,1080.303,True
2/23/2023 10:00:00 AM,2/23/2023 5:00:00 AM,SERC,WEST,EKPC,EKPC,1176.687,True
2/23/2023 11:00:00 AM,2/23/2023 6:00:00 AM,SERC,WEST,EKPC,EKPC,1305.758,True
2/23/2023 12:00:00 PM,2/23/2023 7:00:00 AM,SERC,WEST,EKPC,EKPC,1372.726,True
2/23/2023 1:00:00 PM,2/23/2023 8:00:00 AM,SERC,WEST,EKPC,EKPC,1351.699,True
2/23/2023 2:00:00 PM,2/23/2023 9:00:00 AM,SERC,WEST,EKPC,EKPC,1333.106,True
2/23/2023 3:00:00 PM,2/23/2023 10:00:00 AM,SERC,WEST,EKPC,EKPC,1314.172,True
2/23/2023 4:00:00 PM,2/23/2023 11:00:00 AM,SERC,WEST,EKPC,EKPC,1287.322,True
2/23/2023 5:00:00 PM,2/23/2023 12:00:00 PM,SERC,WEST,EKPC,EKPC,1306.308,True
2/23/2023 6:00:00 PM,2/23/2023 1:00:00 PM,SERC,WEST,EKPC,EKPC,1324.706,True
2/23/2023 7:00:00 PM,2/23/2023 2:00:00 PM,SERC,WEST,EKPC,EKPC,1313.235,True
2/23/2023 8:00:00 PM,2/23/2023 3:00:00 PM,SERC,WEST,EKPC,EKPC,1316.351,True
2/23/2023 9:00:00 PM,2/23/2023 4:00:00 PM,SERC,WEST,EKPC,EKPC,1340.772,True
2/23/2023 10:00:00 PM,2/23/2023 5:00:00 PM,SERC,WEST,EKPC,EKPC,1352.109,True
2/23/2023 11:00:00 PM,2/23/2023 6:00:00 PM,SERC,WEST,EKPC,EKPC,1323.004,True
2/24/2023 12:00:00 AM,2/23/2023 7:00:00 PM,SERC,WEST,EKPC,EKPC,1465.586,True
2/24/2023 1:00:00 AM,2/23/2023 8:00:00 PM,SERC,WEST,EKPC,EKPC,1463.536,True
2/24/2023 2:00:00 AM,2/23/2023 9:00:00 PM,SERC,WEST,EKPC,EKPC,1392.738,True
2/24/2023 3:00:00 AM,2/23/2023 10:00:00 PM,SERC,WEST,EKPC,EKPC,1312.528,True
2/24/2023 4:00:00 AM,2/23/2023 11:00:00 PM,SERC,WEST,EKPC,EKPC,1240.432,True
2/24/2023 5:00:00 AM,2/24/2023 12:00:00 AM,SERC,WEST,EKPC,EKPC,1154.114,True
2/24/2023 6:00:00 AM,2/24/2023 1:00:00 AM,SERC,WEST,EKPC,EKPC,1151.873,True
2/24/2023 7:00:00 AM,2/24/2023 2:00:00 AM,SERC,WEST,EKPC,EKPC,1164.255,True
2/24/2023 8:00:00 AM,2/24/2023 3:00:00 AM,SERC,WEST,EKPC,EKPC,1213.848,True
2/24/2023 9:00:00 AM,2/24/2023 4:00:00 AM,SERC,WEST,EKPC,EKPC,1263.028,True
2/24/2023 10:00:00 AM,2/24/2023 5:00:00 AM,SERC,WEST,EKPC,EKPC,1377.110,True
2/24/2023 11:00:00 AM,2/24/2023 6:00:00 AM,SERC,WEST,EKPC,EKPC,1559.817,True
2/24/2023 12:00:00 PM,2/24/2023 7:00:00 AM,SERC,WEST,EKPC,EKPC,1598.758,True
2/24/2023 1:00:00 PM,2/24/2023 8:00:00 AM,SERC,WEST,EKPC,EKPC,1609.671,True
2/24/2023 2:00:00 PM,2/24/2023 9:00:00 AM,SERC,WEST,EKPC,EKPC,1552.103,True
2/24/2023 3:00:00 PM,2/24/2023 10:00:00 AM,SERC,WEST,EKPC,EKPC,1589.497,True
2/24/2023 4:00:00 PM,2/24/2023 11:00:00 AM,SERC,WEST,EKPC,EKPC,1581.056,True
2/24/2023 5:00:00 PM,2/24/2023 12:00:00 PM,SERC,WEST,EKPC,EKPC,1585.571,True
2/24/2023 6:00:00 PM,2/24/2023 1:00:00 PM,SERC,WEST,EKPC,EKPC,1553.742,True
2/24/2023 7:00:00 PM,2/24/2023 2:00:00 PM,SERC,WEST,EKPC,EKPC,1504.515,True
2/24/2023 8:00:00 PM,2/24/2023 3:00:00 PM,SERC,WEST,EKPC,EKPC,1481.185,True
2/24/2023 9:00:00 PM,2/24/2023 4:00:00 PM,SERC,WEST,EKPC,EKPC,1531.738,True
2/24/2023 10:00:00 PM,2/24/2023 5:00:00 PM,SERC,WEST,EKPC,EKPC,1593.033,True
2/24/2023 11:00:00 PM,2/24/2023 6:00:00 PM,SERC,WEST,EKPC,EKPC,1685.695,True
2/25/2023 12:00:00 AM,2/24/2023 7:00:00 PM,SERC,WEST,EKPC,EKPC,1678.862,True
2/25/2023 1:00:00 AM,2/24/2023 8:00:00 PM,SERC,WEST,EKPC,EKPC,1752.645,True
2/25/2023 2:00:00 AM,2/24/2023 9:00:00 PM,SERC,WEST,EKPC,EKPC,1708.879,True
2/25/2023 3:00:00 AM,2/24/2023 10:00:00 PM,SERC,WEST,EKPC,EKPC,1660.080,True
2/25/2023 4:00:00 AM,2/24/2023 11:00:00 PM,SERC,WEST,EKPC,EKPC,1616.136,True
2/25/2023 5:00:00 AM,2/25/2023 12:00:00 AM,SERC,WEST,EKPC,EKPC,1588.913,True
2/25/2023 6:00:00 AM,2/25/2023 1:00:00 AM,SERC,WEST,EKPC,EKPC,1622.815,True
2/25/2023 7:00:00 AM,2/25/2023 2:00:00 AM,SERC,WEST,EKPC,EKPC,1604.452,True
2/25/2023 8:00:00 AM,2/25/2023 3:00:00 AM,SERC,WEST,EKPC,EKPC,1641.733,True
2/25/2023 9:00:00 AM,2/25/2023 4:00:00 AM,SERC,WEST,EKPC,EKPC,1665.662,True
2/25/2023 10:00:00 AM,2/25/2023 5:00:00 AM,SERC,WEST,EKPC,EKPC,1628.935,True
2/25/2023 11:00:00 AM,2/25/2023 6:00:00 AM,SERC,WEST,EKPC,EKPC,1657.794,True
2/25/2023 12:00:00 PM,2/25/2023 7:00:00 AM,SERC,WEST,EKPC,EKPC,1766.224,True
2/25/2023 1:00:00 PM,2/25/2023 8:00:00 AM,SERC,WEST,EKPC,EKPC,1781.421,True
2/25/2023 2:00:00 PM,2/25/2023 9:00:00 AM,SERC,WEST,EKPC,EKPC,1798.550,True
2/25/2023 3:00:00 PM,2/25/2023 10:00:00 AM,SERC,WEST,EKPC,EKPC,1759.069,True
2/25/2023 4:00:00 PM,2/25/2023 11:00:00 AM,SERC,WEST,EKPC,EKPC,1731.006,True
2/25/2023 5:00:00 PM,2/25/2023 12:00:00 PM,SERC,WEST,EKPC,EKPC,1672.054,True
2/25/2023 6:00:00 PM,2/25/2023 1:00:00 PM,SERC,WEST,EKPC,EKPC,1623.939,True
2/25/2023 7:00:00 PM,2/25/2023 2:00:00 PM,SERC,WEST,EKPC,EKPC,1465.665,True
2/25/2023 8:00:00 PM,2/25/2023 3:00:00 PM,SERC,WEST,EKPC,EKPC,1553.647,True
2/25/2023 9:00:00 PM,2/25/2023 4:00:00 PM,SERC,WEST,EKPC,EKPC,1526.996,True
2/25/2023 10:00:00 PM,2/25/2023 5:00:00 PM,SERC,WEST,EKPC,EKPC,1529.663,True
2/25/2023 11:00:00 PM,2/25/2023 6:00:00 PM,SERC,WEST,EKPC,EKPC,1612.521,True
2/26/2023 12:00:00 AM,2/25/2023 7:00:00 PM,SERC,WEST,EKPC,EKPC,1595.850,True
2/26/2023 1:00:00 AM,2/25/2023 8:00:00 PM,SERC,WEST,EKPC,EKPC,1681.436,True
2/26/2023 2:00:00 AM,2/25/2023 9:00:00 PM,SERC,WEST,EKPC,EKPC,1637.759,True
2/26/2023 3:00:00 AM,2/25/2023 10:00:00 PM,SERC,WEST,EKPC,EKPC,1552.885,True
2/26/2023 4:00:00 AM,2/25/2023 11:00:00 PM,SERC,WEST,EKPC,EKPC,1526.027,True
2/26/2023 5:00:00 AM,2/26/2023 12:00:00 AM,SERC,WEST,EKPC,EKPC,1582.923,True
2/26/2023 6:00:00 AM,2/26/2023 1:00:00 AM,SERC,WEST,EKPC,EKPC,1558.091,True
2/26/2023 7:00:00 AM,2/26/2023 2:00:00 AM,SERC,WEST,EKPC,EKPC,1611.889,True
2/26/2023 8:00:00 AM,2/26/2023 3:00:00 AM,SERC,WEST,EKPC,EKPC,1600.342,True
2/26/2023 9:00:00 AM,2/26/2023 4:00:00 AM,SERC,WEST,EKPC,EKPC,1609.063,True
2/26/2023 10:00:00 AM,2/26/2023 5:00:00 AM,SERC,WEST,EKPC,EKPC,1595.077,True
2/26/2023 11:00:00 AM,2/26/2023 6:00:00 AM,SERC,WEST,EKPC,EKPC,1698.189,True
2/26/2023 12:00:00 PM,2/26/2023 7:00:00 AM,SERC,WEST,EKPC,EKPC,1704.369,True
2/26/2023 1:00:00 PM,2/26/2023 8:00:00 AM,SERC,WEST,EKPC,EKPC,1670.691,True
2/26/2023 2:00:00 PM,2/26/2023 9:00:00 AM,SERC,WEST,EKPC,EKPC,1607.727,True
2/26/2023 3:00:00 PM,2/26/2023 10:00:00 AM,SERC,WEST,EKPC,EKPC,1646.685,True
2/26/2023 4:00:00 PM,2/26/2023 11:00:00 AM,SERC,WEST,EKPC,EKPC,1554.251,True
2/26/2023 5:00:00 PM,2/26/2023 12:00:00 PM,SERC,WEST,EKPC,EKPC,1501.826,True
2/26/2023 6:00:00 PM,2/26/2023 1:00:00 PM,SERC,WEST,EKPC,EKPC,1399.658,True
2/26/2023 7:00:00 PM,2/26/2023 2:00:00 PM,SERC,WEST,EKPC,EKPC,1386.085,True
2/26/2023 8:00:00 PM,2/26/2023 3:00:00 PM,SERC,WEST,EKPC,EKPC,1324.878,True
2/26/2023 9:00:00 PM,2/26/2023 4:00:00 PM,SERC,WEST,EKPC,EKPC,1377.929,True
2/26/2023 10:00:00 PM,2/26/2023 5:00:00 PM,SERC,WEST,EKPC,EKPC,1392.532,True
2/26/2023 11:00:00 PM,2/26/2023 6:00:00 PM,SERC,WEST,EKPC,EKPC,1502.143,True
2/27/2023 12:00:00 AM,2/26/2023 7:00:00 PM,SERC,WEST,EKPC,EKPC,1509.221,True
2/27/2023 1:00:00 AM,2/26/2023 8:00:00 PM,SERC,WEST,EKPC,EKPC,1575.079,True
2/27/2023 2:00:00 AM,2/26/2023 9:00:00 PM,SERC,WEST,EKPC,EKPC,1529.729,True
2/27/2023 3:00:00 AM,2/26/2023 10:00:00 PM,SERC,WEST,EKPC,EKPC,1454.413,True
2/27/2023 4:00:00 AM,2/26/2023 11:00:00 PM,SERC,WEST,EKPC,EKPC,1380.470,True
2/27/2023 5:00:00 AM,2/27/2023 12:00:00 AM,SERC,WEST,EKPC,EKPC,1340.360,True
2/27/2023 6:00:00 AM,2/27/2023 1:00:00 AM,SERC,WEST,EKPC,EKPC,1312.429,True
2/27/2023 7:00:00 AM,2/27/2023 2:00:00 AM,SERC,WEST,EKPC,EKPC,1324.757,True
2/27/2023 8:00:00 AM,2/27/2023 3:00:00 AM,SERC,WEST,EKPC,EKPC,1350.152,True
2/27/2023 9:00:00 AM,2/27/2023 4:00:00 AM,SERC,WEST,EKPC,EKPC,1361.210,True
2/27/2023 10:00:00 AM,2/27/2023 5:00:00 AM,SERC,WEST,EKPC,EKPC,1308.463,True
2/27/2023 11:00:00 AM,2/27/2023 6:00:00 AM,SERC,WEST,EKPC,EKPC,1571.486,True
2/27/2023 12:00:00 PM,2/27/2023 7:00:00 AM,SERC,WEST,EKPC,EKPC,1627.577,True
2/27/2023 1:00:00 PM,2/27/2023 8:00:00 AM,SERC,WEST,EKPC,EKPC,1597.729,True
2/27/2023 2:00:00 PM,2/27/2023 9:00:00 AM,SERC,WEST,EKPC,EKPC,1516.667,True
2/27/2023 3:00:00 PM,2/27/2023 10:00:00 AM,SERC,WEST,EKPC,EKPC,1505.495,True
2/27/2023 4:00:00 PM,2/27/2023 11:00:00 AM,SERC,WEST,EKPC,EKPC,1470.600,True
2/27/2023 5:00:00 PM,2/27/2023 12:00:00 PM,SERC,WEST,EKPC,EKPC,1521.808,True
2/27/2023 6:00:00 PM,2/27/2023 1:00:00 PM,SERC,WEST,EKPC,EKPC,1454.831,True
2/27/2023 7:00:00 PM,2/27/2023 2:00:00 PM,SERC,WEST,EKPC,EKPC,1348.211,True
2/27/2023 8:00:00 PM,2/27/2023 3:00:00 PM,SERC,WEST,EKPC,EKPC,1314.911,True
2/27/2023 9:00:00 PM,2/27/2023 4:00:00 PM,SERC,WEST,EKPC,EKPC,1338.891,True
2/27/2023 10:00:00 PM,2/27/2023 5:00:00 PM,SERC,WEST,EKPC,EKPC,1345.371,True
2/27/2023 11:00:00 PM,2/27/2023 6:00:00 PM,SERC,WEST,EKPC,EKPC,1416.327,True
2/28/2023 12:00:00 AM,2/27/2023 7:00:00 PM,SERC,WEST,EKPC,EKPC,1460.869,True
2/28/2023 1:00:00 AM,2/27/2023 8:00:00 PM,SERC,WEST,EKPC,EKPC,1495.110,True
2/28/2023 2:00:00 AM,2/27/2023 9:00:00 PM,SERC,WEST,EKPC,EKPC,1436.439,True
2/28/2023 3:00:00 AM,2/27/2023 10:00:00 PM,SERC,WEST,EKPC,EKPC,1325.240,True
2/28/2023 4:00:00 AM,2/27/2023 11:00:00 PM,SERC,WEST,EKPC,EKPC,1284.561,True
2/28/2023 5:00:00 AM,2/28/2023 12:00:00 AM,SERC,WEST,EKPC,EKPC,1258.948,True
2/28/2023 6:00:00 AM,2/28/2023 1:00:00 AM,SERC,WEST,EKPC,EKPC,1183.088,True
2/28/2023 7:00:00 AM,2/28/2023 2:00:00 AM,SERC,WEST,EKPC,EKPC,1128.181,True
2/28/2023 8:00:00 AM,2/28/2023 3:00:00 AM,SERC,WEST,EKPC,EKPC,1237.314,True
2/28/2023 9:00:00 AM,2/28/2023 4:00:00 AM,SERC,WEST,EKPC,EKPC,1272.482,True
2/28/2023 10:00:00 AM,2/28/2023 5:00:00 AM,SERC,WEST,EKPC,EKPC,1416.279,True
2/28/2023 11:00:00 AM,2/28/2023 6:00:00 AM,SERC,WEST,EKPC,EKPC,1449.702,True
2/28/2023 12:00:00 PM,2/28/2023 7:00:00 AM,SERC,WEST,EKPC,EKPC,1601.308,True
2/28/2023 1:00:00 PM,2/28/2023 8:00:00 AM,SERC,WEST,EKPC,EKPC,1590.020,True
2/28/2023 2:00:00 PM,2/28/2023 9:00:00 AM,SERC,WEST,EKPC,EKPC,1516.816,True
2/28/2023 3:00:00 PM,2/28/2023 10:00:00 AM,SERC,WEST,EKPC,EKPC,1440.455,True
2/28/2023 4:00:00 PM,2/28/2023 11:00:00 AM,SERC,WEST,EKPC,EKPC,1421.667,True
2/28/2023 5:00:00 PM,2/28/2023 12:00:00 PM,SERC,WEST,EKPC,EKPC,1407.215,True
2/28/2023 6:00:00 PM,2/28/2023 1:00:00 PM,SERC,WEST,EKPC,EKPC,1343.713,True
2/28/2023 7:00:00 PM,2/28/2023 2:00:00 PM,SERC,WEST,EKPC,EKPC,1325.923,True
2/28/2023 8:00:00 PM,2/28/2023 3:00:00 PM,SERC,WEST,EKPC,EKPC,1312.830,True
2/28/2023 9:00:00 PM,2/28/2023 4:00:00 PM,SERC,WEST,EKPC,EKPC,1340.345,True
2/28/2023 10:00:00 PM,2/28/2023 5:00:00 PM,SERC,WEST,EKPC,EKPC,1390.150,True
2/28/2023 11:00:00 PM,2/28/2023 6:00:00 PM,SERC,WEST,EKPC,EKPC,1450.240,True
3/1/2023 12:00:00 AM,2/28/2023 7:00:00 PM,SERC,WEST,EKPC,EKPC,1404.377,True
3/1/2023 1:00:00 AM,2/28/2023 8:00:00 PM,SERC,WEST,EKPC,EKPC,1381.168,True
3/1/2023 2:00:00 AM,2/28/2023 9:00:00 PM,SERC,WEST,EKPC,EKPC,1347.345,True
3/1/2023 3:00:00 AM,2/28/2023 10:00:00 PM,SERC,WEST,EKPC,EKPC,1287.303,True
3/1/2023 4:00:00 AM,2/28/2023 11:00:00 PM,SERC,WEST,EKPC,EKPC,1208.350,True
3/1/2023 5:00:00 AM,3/1/2023 12:00:00 AM,SERC,WEST,EKPC,EKPC,1170.150,True
3/1/2023 6:00:00 AM,3/1/2023 1:00:00 AM,SERC,WEST,EKPC,EKPC,1265.051,True
3/1/2023 7:00:00 AM,3/1/2023 2:00:00 AM,SERC,WEST,EKPC,EKPC,1247.018,True
3/1/2023 8:00:00 AM,3/1/2023 3:00:00 AM,SERC,WEST,EKPC,EKPC,1275.974,True
3/1/2023 9:00:00 AM,3/1/2023 4:00:00 AM,SERC,WEST,EKPC,EKPC,1314.028,True
3/1/2023 10:00:00 AM,3/1/2023 5:00:00 AM,SERC,WEST,EKPC,EKPC,1419.120,True
3/1/2023 11:00:00 AM,3/1/2023 6:00:00 AM,SERC,WEST,EKPC,EKPC,1616.664,True
3/1/2023 12:00:00 PM,3/1/2023 7:00:00 AM,SERC,WEST,EKPC,EKPC,1616.872,True
3/1/2023 1:00:00 PM,3/1/2023 8:00:00 AM,SERC,WEST,EKPC,EKPC,1474.862,True
3/1/2023 2:00:00 PM,3/1/2023 9:00:00 AM,SERC,WEST,EKPC,EKPC,1341.039,True
3/1/2023 3:00:00 PM,3/1/2023 10:00:00 AM,SERC,WEST,EKPC,EKPC,1315.074,True
3/1/2023 4:00:00 PM,3/1/2023 11:00:00 AM,SERC,WEST,EKPC,EKPC,1244.500,True
3/1/2023 5:00:00 PM,3/1/2023 12:00:00 PM,SERC,WEST,EKPC,EKPC,1235.211,True
3/1/2023 6:00:00 PM,3/1/2023 1:00:00 PM,SERC,WEST,EKPC,EKPC,1220.718,True
3/1/2023 7:00:00 PM,3/1/2023 2:00:00 PM,SERC,WEST,EKPC,EKPC,1224.226,True
3/1/2023 8:00:00 PM,3/1/2023 3:00:00 PM,SERC,WEST,EKPC,EKPC,1222.057,True
3/1/2023 9:00:00 PM,3/1/2023 4:00:00 PM,SERC,WEST,EKPC,EKPC,1245.274,True
3/1/2023 10:00:00 PM,3/1/2023 5:00:00 PM,SERC,WEST,EKPC,EKPC,1277.729,True
3/1/2023 11:00:00 PM,3/1/2023 6:00:00 PM,SERC,WEST,EKPC,EKPC,1348.348,True
3/2/2023 12:00:00 AM,3/1/2023 7:00:00 PM,SERC,WEST,EKPC,EKPC,1361.337,True
3/2/2023 1:00:00 AM,3/1/2023 8:00:00 PM,SERC,WEST,EKPC,EKPC,1416.017,True
3/2/2023 2:00:00 AM,3/1/2023 9:00:00 PM,SERC,WEST,EKPC,EKPC,1380.369,True
3/2/2023 3:00:00 AM,3/1/2023 10:00:00 PM,SERC,WEST,EKPC,EKPC,1275.343,True
3/2/2023 4:00:00 AM,3/1/2023 11:00:00 PM,SERC,WEST,EKPC,EKPC,1185.114,True
3/2/2023 5:00:00 AM,3/2/2023 12:00:00 AM,SERC,WEST,EKPC,EKPC,1080.767,True
3/2/2023 6:00:00 AM,3/2/2023 1:00:00 AM,SERC,WEST,EKPC,EKPC,1063.869,True
3/2/2023 7:00:00 AM,3/2/2023 2:00:00 AM,SERC,WEST,EKPC,EKPC,1021.182,True
3/2/2023 8:00:00 AM,3/2/2023 3:00:00 AM,SERC,WEST,EKPC,EKPC,938.886,True
3/2/2023 9:00:00 AM,3/2/2023 4:00:00 AM,SERC,WEST,EKPC,EKPC,958.050,True
3/2/2023 10:00:00 AM,3/2/2023 5:00:00 AM,SERC,WEST,EKPC,EKPC,1029.249,True
3/2/2023 11:00:00 AM,3/2/2023 6:00:00 AM,SERC,WEST,EKPC,EKPC,1211.540,True
3/2/2023 12:00:00 PM,3/2/2023 7:00:00 AM,SERC,WEST,EKPC,EKPC,1241.949,True
3/2/2023 1:00:00 PM,3/2/2023 8:00:00 AM,SERC,WEST,EKPC,EKPC,1249.511,True
3/2/2023 2:00:00 PM,3/2/2023 9:00:00 AM,SERC,WEST,EKPC,EKPC,1261.642,True
3/2/2023 3:00:00 PM,3/2/2023 10:00:00 AM,SERC,WEST,EKPC,EKPC,1341.551,True
3/2/2023 4:00:00 PM,3/2/2023 11:00:00 AM,SERC,WEST,EKPC,EKPC,1409.088,True
3/2/2023 5:00:00 PM,3/2/2023 12:00:00 PM,SERC,WEST,EKPC,EKPC,1311.260,True
3/2/2023 6:00:00 PM,3/2/2023 1:00:00 PM,SERC,WEST,EKPC,EKPC,1321.928,True
3/2/2023 7:00:00 PM,3/2/2023 2:00:00 PM,SERC,WEST,EKPC,EKPC,1240.510,True
3/2/2023 8:00:00 PM,3/2/2023 3:00:00 PM,SERC,WEST,EKPC,EKPC,1314.606,True
3/2/2023 9:00:00 PM,3/2/2023 4:00:00 PM,SERC,WEST,EKPC,EKPC,1228.290,True
3/2/2023 10:00:00 PM,3/2/2023 5:00:00 PM,SERC,WEST,EKPC,EKPC,1254.552,True
3/2/2023 11:00:00 PM,3/2/2023 6:00:00 PM,SERC,WEST,EKPC,EKPC,1334.527,True
3/3/2023 12:00:00 AM,3/2/2023 7:00:00 PM,SERC,WEST,EKPC,EKPC,1397.112,True
3/3/2023 1:00:00 AM,3/2/2023 8:00:00 PM,SERC,WEST,EKPC,EKPC,1451.813,True
3/3/2023 2:00:00 AM,3/2/2023 9:00:00 PM,SERC,WEST,EKPC,EKPC,1393.916,True
3/3/2023 3:00:00 AM,3/2/2023 10:00:00 PM,SERC,WEST,EKPC,EKPC,1343.310,True
3/3/2023 4:00:00 AM,3/2/2023 11:00:00 PM,SERC,WEST,EKPC,EKPC,1320.885,True
3/3/2023 5:00:00 AM,3/3/2023 12:00:00 AM,SERC,WEST,EKPC,EKPC,1237.606,True
3/3/2023 6:00:00 AM,3/3/2023 1:00:00 AM,SERC,WEST,EKPC,EKPC,1188.933,True
3/3/2023 7:00:00 AM,3/3/2023 2:00:00 AM,SERC,WEST,EKPC,EKPC,1263.685,True
3/3/2023 8:00:00 AM,3/3/2023 3:00:00 AM,SERC,WEST,EKPC,EKPC,1205.245,True
3/3/2023 9:00:00 AM,3/3/2023 4:00:00 AM,SERC,WEST,EKPC,EKPC,1324.621,True
3/3/2023 10:00:00 AM,3/3/2023 5:00:00 AM,SERC,WEST,EKPC,EKPC,1333.225,True
3/3/2023 11:00:00 AM,3/3/2023 6:00:00 AM,SERC,WEST,EKPC,EKPC,1483.136,True
3/3/2023 12:00:00 PM,3/3/2023 7:00:00 AM,SERC,WEST,EKPC,EKPC,1510.709,True
3/3/2023 1:00:00 PM,3/3/2023 8:00:00 AM,SERC,WEST,EKPC,EKPC,1511.667,True
3/3/2023 2:00:00 PM,3/3/2023 9:00:00 AM,SERC,WEST,EKPC,EKPC,1541.637,True
3/3/2023 3:00:00 PM,3/3/2023 10:00:00 AM,SERC,WEST,EKPC,EKPC,1512.881,True
3/3/2023 4:00:00 PM,3/3/2023 11:00:00 AM,SERC,WEST,EKPC,EKPC,1473.798,True
3/3/2023 5:00:00 PM,3/3/2023 12:00:00 PM,SERC,WEST,EKPC,EKPC,1417.787,True
3/3/2023 6:00:00 PM,3/3/2023 1:00:00 PM,SERC,WEST,EKPC,EKPC,1466.795,True
3/3/2023 7:00:00 PM,3/3/2023 2:00:00 PM,SERC,WEST,EKPC,EKPC,1357.480,True
3/3/2023 8:00:00 PM,3/3/2023 3:00:00 PM,SERC,WEST,EKPC,EKPC,1218.506,True
3/3/2023 9:00:00 PM,3/3/2023 4:00:00 PM,SERC,WEST,EKPC,EKPC,1167.737,True
3/3/2023 10:00:00 PM,3/3/2023 5:00:00 PM,SERC,WEST,EKPC,EKPC,1067.289,True
3/3/2023 11:00:00 PM,3/3/2023 6:00:00 PM,SERC,WEST,EKPC,EKPC,1027.470,True
3/4/2023 12:00:00 AM,3/3/2023 7:00:00 PM,SERC,WEST,EKPC,EKPC,1114.767,True
3/4/2023 1:00:00 AM,3/3/2023 8:00:00 PM,SERC,WEST,EKPC,EKPC,1105.605,True
3/4/2023 2:00:00 AM,3/3/2023 9:00:00 PM,SERC,WEST,EKPC,EKPC,1108.784,True
3/4/2023 3:00:00 AM,3/3/2023 10:00:00 PM,SERC,WEST,EKPC,EKPC,1125.671,True
3/4/2023 4:00:00 AM,3/3/2023 11:00:00 PM,SERC,WEST,EKPC,EKPC,1113.123,True
3/4/2023 5:00:00 AM,3/4/2023 12:00:00 AM,SERC,WEST,EKPC,EKPC,1095.638,True
3/4/2023 6:00:00 AM,3/4/2023 1:00:00 AM,SERC,WEST,EKPC,EKPC,1137.077,True
3/4/2023 7:00:00 AM,3/4/2023 2:00:00 AM,SERC,WEST,EKPC,EKPC,1193.227,True
3/4/2023 8:00:00 AM,3/4/2023 3:00:00 AM,SERC,WEST,EKPC,EKPC,1182.497,True
3/4/2023 9:00:00 AM,3/4/2023 4:00:00 AM,SERC,WEST,EKPC,EKPC,1163.414,True
3/4/2023 10:00:00 AM,3/4/2023 5:00:00 AM,SERC,WEST,EKPC,EKPC,1234.106,True
3/4/2023 11:00:00 AM,3/4/2023 6:00:00 AM,SERC,WEST,EKPC,EKPC,1258.540,True
3/4/2023 12:00:00 PM,3/4/2023 7:00:00 AM,SERC,WEST,EKPC,EKPC,1302.910,True
3/4/2023 1:00:00 PM,3/4/2023 8:00:00 AM,SERC,WEST,EKPC,EKPC,1406.406,True
3/4/2023 2:00:00 PM,3/4/2023 9:00:00 AM,SERC,WEST,EKPC,EKPC,1432.992,True
3/4/2023 3:00:00 PM,3/4/2023 10:00:00 AM,SERC,WEST,EKPC,EKPC,1325.553,True
3/4/2023 4:00:00 PM,3/4/2023 11:00:00 AM,SERC,WEST,EKPC,EKPC,1224.006,True
3/4/2023 5:00:00 PM,3/4/2023 12:00:00 PM,SERC,WEST,EKPC,EKPC,1183.285,True
3/4/2023 6:00:00 PM,3/4/2023 1:00:00 PM,SERC,WEST,EKPC,EKPC,1171.124,True
3/4/2023 7:00:00 PM,3/4/2023 2:00:00 PM,SERC,WEST,EKPC,EKPC,1133.358,True
3/4/2023 8:00:00 PM,3/4/2023 3:00:00 PM,SERC,WEST,EKPC,EKPC,1120.133,True
3/4/2023 9:00:00 PM,3/4/2023 4:00:00 PM,SERC,WEST,EKPC,EKPC,1154.519,True
3/4/2023 10:00:00 PM,3/4/2023 5:00:00 PM,SERC,WEST,EKPC,EKPC,1264.101,True
3/4/2023 11:00:00 PM,3/4/2023 6:00:00 PM,SERC,WEST,EKPC,EKPC,1264.242,True
3/5/2023 12:00:00 AM,3/4/2023 7:00:00 PM,SERC,WEST,EKPC,EKPC,1377.438,True
3/5/2023 1:00:00 AM,3/4/2023 8:00:00 PM,SERC,WEST,EKPC,EKPC,1388.114,True
3/5/2023 2:00:00 AM,3/4/2023 9:00:00 PM,SERC,WEST,EKPC,EKPC,1414.967,True
3/5/2023 3:00:00 AM,3/4/2023 10:00:00 PM,SERC,WEST,EKPC,EKPC,1387.378,True
3/5/2023 4:00:00 AM,3/4/2023 11:00:00 PM,SERC,WEST,EKPC,EKPC,1251.254,True
3/5/2023 5:00:00 AM,3/5/2023 12:00:00 AM,SERC,WEST,EKPC,EKPC,1239.506,True
3/5/2023 6:00:00 AM,3/5/2023 1:00:00 AM,SERC,WEST,EKPC,EKPC,1226.878,True
3/5/2023 7:00:00 AM,3/5/2023 2:00:00 AM,SERC,WEST,EKPC,EKPC,1277.611,True
3/5/2023 8:00:00 AM,3/5/2023 3:00:00 AM,SERC,WEST,EKPC,EKPC,1363.325,True
3/5/2023 9:00:00 AM,3/5/2023 4:00:00 AM,SERC,WEST,EKPC,EKPC,1488.456,True
3/5/2023 10:00:00 AM,3/5/2023 5:00:00 AM,SERC,WEST,EKPC,EKPC,1584.865,True
3/5/2023 11:00:00 AM,3/5/2023 6:00:00 AM,SERC,WEST,EKPC,EKPC,1644.783,True
3/5/2023 12:00:00 PM,3/5/2023 7:00:00 AM,SERC,WEST,EKPC,EKPC,1717.530,True
3/5/2023 1:00:00 PM,3/5/2023 8:00:00 AM,SERC,WEST,EKPC,EKPC,1726.610,True
3/5/2023 2:00:00 PM,3/5/2023 9:00:00 AM,SERC,WEST,EKPC,EKPC,1544.532,True
3/5/2023 3:00:00 PM,3/5/2023 10:00:00 AM,SERC,WEST,EKPC,EKPC,1415.255,True
3/5/2023 4:00:00 PM,3/5/2023 11:00:00 AM,SERC,WEST,EKPC,EKPC,1385.489,True
3/5/2023 5:00:00 PM,3/5/2023 12:00:00 PM,SERC,WEST,EKPC,EKPC,1326.556,True
3/5/2023 6:00:00 PM,3/5/2023 1:00:00 PM,SERC,WEST,EKPC,EKPC,1232.953,True
3/5/2023 7:00:00 PM,3/5/2023 2:00:00 PM,SERC,WEST,EKPC,EKPC,1188.074,True
3/5/2023 8:00:00 PM,3/5/2023 3:00:00 PM,SERC,WEST,EKPC,EKPC,1161.235,True
3/5/2023 9:00:00 PM,3/5/2023 4:00:00 PM,SERC,WEST,EKPC,EKPC,1177.401,True
3/5/2023 10:00:00 PM,3/5/2023 5:00:00 PM,SERC,WEST,EKPC,EKPC,1222.705,True
3/5/2023 11:00:00 PM,3/5/2023 6:00:00 PM,SERC,WEST,EKPC,EKPC,1298.119,True
3/6/2023 12:00:00 AM,3/5/2023 7:00:00 PM,SERC,WEST,EKPC,EKPC,1411.512,True
3/6/2023 1:00:00 AM,3/5/2023 8:00:00 PM,SERC,WEST,EKPC,EKPC,1409.214,True
3/6/2023 2:00:00 AM,3/5/2023 9:00:00 PM,SERC,WEST,EKPC,EKPC,1363.204,True
3/6/2023 3:00:00 AM,3/5/2023 10:00:00 PM,SERC,WEST,EKPC,EKPC,1315.118,True
3/6/2023 4:00:00 AM,3/5/2023 11:00:00 PM,SERC,WEST,EKPC,EKPC,1314.639,True
3/6/2023 5:00:00 AM,3/6/2023 12:00:00 AM,SERC,WEST,EKPC,EKPC,1289.347,True
3/6/2023 6:00:00 AM,3/6/2023 1:00:00 AM,SERC,WEST,EKPC,EKPC,1247.551,True
3/6/2023 7:00:00 AM,3/6/2023 2:00:00 AM,SERC,WEST,EKPC,EKPC,1262.051,True
3/6/2023 8:00:00 AM,3/6/2023 3:00:00 AM,SERC,WEST,EKPC,EKPC,1283.359,True
3/6/2023 9:00:00 AM,3/6/2023 4:00:00 AM,SERC,WEST,EKPC,EKPC,1337.455,True
3/6/2023 10:00:00 AM,3/6/2023 5:00:00 AM,SERC,WEST,EKPC,EKPC,1445.772,True
3/6/2023 11:00:00 AM,3/6/2023 6:00:00 AM,SERC,WEST,EKPC,EKPC,1615.747,True
3/6/2023 12:00:00 PM,3/6/2023 7:00:00 AM,SERC,WEST,EKPC,EKPC,1639.575,True
3/6/2023 1:00:00 PM,3/6/2023 8:00:00 AM,SERC,WEST,EKPC,EKPC,1547.311,True
3/6/2023 2:00:00 PM,3/6/2023 9:00:00 AM,SERC,WEST,EKPC,EKPC,1365.548,True
3/6/2023 3:00:00 PM,3/6/2023 10:00:00 AM,SERC,WEST,EKPC,EKPC,1334.126,True
3/6/2023 4:00:00 PM,3/6/2023 11:00:00 AM,SERC,WEST,EKPC,EKPC,1340.557,True
3/6/2023 5:00:00 PM,3/6/2023 12:00:00 PM,SERC,WEST,EKPC,EKPC,1345.275,True
3/6/2023 6:00:00 PM,3/6/2023 1:00:00 PM,SERC,WEST,EKPC,EKPC,1195.863,True
3/6/2023 7:00:00 PM,3/6/2023 2:00:00 PM,SERC,WEST,EKPC,EKPC,1272.113,True
3/6/2023 8:00:00 PM,3/6/2023 3:00:00 PM,SERC,WEST,EKPC,EKPC,1269.496,True
3/6/2023 9:00:00 PM,3/6/2023 4:00:00 PM,SERC,WEST,EKPC,EKPC,1373.739,True
3/6/2023 10:00:00 PM,3/6/2023 5:00:00 PM,SERC,WEST,EKPC,EKPC,1338.179,True
3/6/2023 11:00:00 PM,3/6/2023 6:00:00 PM,SERC,WEST,EKPC,EKPC,1424.855,True
3/7/2023 12:00:00 AM,3/6/2023 7:00:00 PM,SERC,WEST,EKPC,EKPC,1506.868,True
3/7/2023 1:00:00 AM,3/6/2023 8:00:00 PM,SERC,WEST,EKPC,EKPC,1493.312,True
3/7/2023 2:00:00 AM,3/6/2023 9:00:00 PM,SERC,WEST,EKPC,EKPC,1403.858,True
3/7/2023 3:00:00 AM,3/6/2023 10:00:00 PM,SERC,WEST,EKPC,EKPC,1198.738,True
3/7/2023 4:00:00 AM,3/6/2023 11:00:00 PM,SERC,WEST,EKPC,EKPC,1095.190,True
3/7/2023 5:00:00 AM,3/7/2023 12:00:00 AM,SERC,WEST,EKPC,EKPC,1092.092,True
3/7/2023 6:00:00 AM,3/7/2023 1:00:00 AM,SERC,WEST,EKPC,EKPC,1080.168,True
3/7/2023 7:00:00 AM,3/7/2023 2:00:00 AM,SERC,WEST,EKPC,EKPC,1069.117,True
3/7/2023 8:00:00 AM,3/7/2023 3:00:00 AM,SERC,WEST,EKPC,EKPC,1086.604,True
3/7/2023 9:00:00 AM,3/7/2023 4:00:00 AM,SERC,WEST,EKPC,EKPC,1192.240,True
3/7/2023 10:00:00 AM,3/7/2023 5:00:00 AM,SERC,WEST,EKPC,EKPC,1300.069,True
3/7/2023 11:00:00 AM,3/7/2023 6:00:00 AM,SERC,WEST,EKPC,EKPC,1471.955,True
3/7/2023 12:00:00 PM,3/7/2023 7:00:00 AM,SERC,WEST,EKPC,EKPC,1419.110,True
3/7/2023 1:00:00 PM,3/7/2023 8:00:00 AM,SERC,WEST,EKPC,EKPC,1464.922,True
3/7/2023 2:00:00 PM,3/7/2023 9:00:00 AM,SERC,WEST,EKPC,EKPC,1462.365,True
3/7/2023 3:00:00 PM,3/7/2023 10:00:00 AM,SERC,WEST,EKPC,EKPC,1491.000,True
3/7/2023 4:00:00 PM,3/7/2023 11:00:00 AM,SERC,WEST,EKPC,EKPC,1483.726,True
3/7/2023 5:00:00 PM,3/7/2023 12:00:00 PM,SERC,WEST,EKPC,EKPC,1469.345,True
3/7/2023 6:00:00 PM,3/7/2023 1:00:00 PM,SERC,WEST,EKPC,EKPC,1433.983,True
3/7/2023 7:00:00 PM,3/7/2023 2:00:00 PM,SERC,WEST,EKPC,EKPC,1360.768,True
3/7/2023 8:00:00 PM,3/7/2023 3:00:00 PM,SERC,WEST,EKPC,EKPC,1316.435,True
3/7/2023 9:00:00 PM,3/7/2023 4:00:00 PM,SERC,WEST,EKPC,EKPC,1314.510,True
3/7/2023 10:00:00 PM,3/7/2023 5:00:00 PM,SERC,WEST,EKPC,EKPC,1389.692,True
3/7/2023 11:00:00 PM,3/7/2023 6:00:00 PM,SERC,WEST,EKPC,EKPC,1538.388,True
3/8/2023 12:00:00 AM,3/7/2023 7:00:00 PM,SERC,WEST,EKPC,EKPC,1701.418,True
3/8/2023 1:00:00 AM,3/7/2023 8:00:00 PM,SERC,WEST,EKPC,EKPC,1657.011,True
3/8/2023 2:00:00 AM,3/7/2023 9:00:00 PM,SERC,WEST,EKPC,EKPC,1665.522,True
3/8/2023 3:00:00 AM,3/7/2023 10:00:00 PM,SERC,WEST,EKPC,EKPC,1591.256,True
3/8/2023 4:00:00 AM,3/7/2023 11:00:00 PM,SERC,WEST,EKPC,EKPC,1536.917,True
3/8/2023 5:00:00 AM,3/8/2023 12:00:00 AM,SERC,WEST,EKPC,EKPC,1516.620,True
3/8/2023 6:00:00 AM,3/8/2023 1:00:00 AM,SERC,WEST,EKPC,EKPC,1507.837,True
3/8/2023 7:00:00 AM,3/8/2023 2:00:00 AM,SERC,WEST,EKPC,EKPC,1547.887,True
3/8/2023 8:00:00 AM,3/8/2023 3:00:00 AM,SERC,WEST,EKPC,EKPC,1608.422,True
3/8/2023 9:00:00 AM,3/8/2023 4:00:00 AM,SERC,WEST,EKPC,EKPC,1657.193,True
3/8/2023 10:00:00 AM,3/8/2023 5:00:00 AM,SERC,WEST,EKPC,EKPC,1775.725,True
3/8/2023 11:00:00 AM,3/8/2023 6:00:00 AM,SERC,WEST,EKPC,EKPC,1951.510,True
3/8/2023 12:00:00 PM,3/8/2023 7:00:00 AM,SERC,WEST,EKPC,EKPC,1984.819,True
3/8/2023 1:00:00 PM,3/8/2023 8:00:00 AM,SERC,WEST,EKPC,EKPC,1961.750,True
3/8/2023 2:00:00 PM,3/8/2023 9:00:00 AM,SERC,WEST,EKPC,EKPC,1918.143,True
3/8/2023 3:00:00 PM,3/8/2023 10:00:00 AM,SERC,WEST,EKPC,EKPC,1837.987,True
3/8/2023 4:00:00 PM,3/8/2023 11:00:00 AM,SERC,WEST,EKPC,EKPC,1745.369,True
3/8/2023 5:00:00 PM,3/8/2023 12:00:00 PM,SERC,WEST,EKPC,EKPC,1637.860,True
3/8/2023 6:00:00 PM,3/8/2023 1:00:00 PM,SERC,WEST,EKPC,EKPC,1612.239,True
3/8/2023 7:00:00 PM,3/8/2023 2:00:00 PM,SERC,WEST,EKPC,EKPC,1586.228,True
3/8/2023 8:00:00 PM,3/8/2023 3:00:00 PM,SERC,WEST,EKPC,EKPC,1573.212,True
3/8/2023 9:00:00 PM,3/8/2023 4:00:00 PM,SERC,WEST,EKPC,EKPC,1596.593,True
3/8/2023 10:00:00 PM,3/8/2023 5:00:00 PM,SERC,WEST,EKPC,EKPC,1647.371,True
3/8/2023 11:00:00 PM,3/8/2023 6:00:00 PM,SERC,WEST,EKPC,EKPC,1732.172,True
3/9/2023 12:00:00 AM,3/8/2023 7:00:00 PM,SERC,WEST,EKPC,EKPC,1823.050,True
3/9/2023 1:00:00 AM,3/8/2023 8:00:00 PM,SERC,WEST,EKPC,EKPC,1836.246,True
3/9/2023 2:00:00 AM,3/8/2023 9:00:00 PM,SERC,WEST,EKPC,EKPC,1802.363,True
3/9/2023 3:00:00 AM,3/8/2023 10:00:00 PM,SERC,WEST,EKPC,EKPC,1718.150,True
3/9/2023 4:00:00 AM,3/8/2023 11:00:00 PM,SERC,WEST,EKPC,EKPC,1640.294,True
3/9/2023 5:00:00 AM,3/9/2023 12:00:00 AM,SERC,WEST,EKPC,EKPC,1603.995,True
3/9/2023 6:00:00 AM,3/9/2023 1:00:00 AM,SERC,WEST,EKPC,EKPC,1520.885,True
3/9/2023 7:00:00 AM,3/9/2023 2:00:00 AM,SERC,WEST,EKPC,EKPC,1562.201,True
3/9/2023 8:00:00 AM,3/9/2023 3:00:00 AM,SERC,WEST,EKPC,EKPC,1492.859,True
3/9/2023 9:00:00 AM,3/9/2023 4:00:00 AM,SERC,WEST,EKPC,EKPC,1506.332,True
3/9/2023 10:00:00 AM,3/9/2023 5:00:00 AM,SERC,WEST,EKPC,EKPC,1616.864,True
3/9/2023 11:00:00 AM,3/9/2023 6:00:00 AM,SERC,WEST,EKPC,EKPC,1796.989,True
3/9/2023 12:00:00 PM,3/9/2023 7:00:00 AM,SERC,WEST,EKPC,EKPC,1867.999,True
3/9/2023 1:00:00 PM,3/9/2023 8:00:00 AM,SERC,WEST,EKPC,EKPC,1824.105,True
3/9/2023 2:00:00 PM,3/9/2023 9:00:00 AM,SERC,WEST,EKPC,EKPC,1722.216,True
3/9/2023 3:00:00 PM,3/9/2023 10:00:00 AM,SERC,WEST,EKPC,EKPC,1585.551,True
3/9/2023 4:00:00 PM,3/9/2023 11:00:00 AM,SERC,WEST,EKPC,EKPC,1501.098,True
3/9/2023 5:00:00 PM,3/9/2023 12:00:00 PM,SERC,WEST,EKPC,EKPC,1413.324,True
3/9/2023 6:00:00 PM,3/9/2023 1:00:00 PM,SERC,WEST,EKPC,EKPC,1364.105,True
3/9/2023 7:00:00 PM,3/9/2023 2:00:00 PM,SERC,WEST,EKPC,EKPC,1293.858,True
3/9/2023 8:00:00 PM,3/9/2023 3:00:00 PM,SERC,WEST,EKPC,EKPC,1324.864,True
3/9/2023 9:00:00 PM,3/9/2023 4:00:00 PM,SERC,WEST,EKPC,EKPC,1352.122,True
3/9/2023 10:00:00 PM,3/9/2023 5:00:00 PM,SERC,WEST,EKPC,EKPC,1402.082,True
3/9/2023 11:00:00 PM,3/9/2023 6:00:00 PM,SERC,WEST,EKPC,EKPC,1458.575,True
3/10/2023 12:00:00 AM,3/9/2023 7:00:00 PM,SERC,WEST,EKPC,EKPC,1539.484,True
3/10/2023 1:00:00 AM,3/9/2023 8:00:00 PM,SERC,WEST,EKPC,EKPC,1520.932,True
3/10/2023 2:00:00 AM,3/9/2023 9:00:00 PM,SERC,WEST,EKPC,EKPC,1492.331,True
3/10/2023 3:00:00 AM,3/9/2023 10:00:00 PM,SERC,WEST,EKPC,EKPC,1426.221,True
3/10/2023 4:00:00 AM,3/9/2023 11:00:00 PM,SERC,WEST,EKPC,EKPC,1363.091,True
3/10/2023 5:00:00 AM,3/10/2023 12:00:00 AM,SERC,WEST,EKPC,EKPC,1301.587,True
3/10/2023 6:00:00 AM,3/10/2023 1:00:00 AM,SERC,WEST,EKPC,EKPC,1279.386,True
3/10/2023 7:00:00 AM,3/10/2023 2:00:00 AM,SERC,WEST,EKPC,EKPC,1274.851,True
3/10/2023 8:00:00 AM,3/10/2023 3:00:00 AM,SERC,WEST,EKPC,EKPC,1299.897,True
3/10/2023 9:00:00 AM,3/10/2023 4:00:00 AM,SERC,WEST,EKPC,EKPC,1336.557,True
3/10/2023 10:00:00 AM,3/10/2023 5:00:00 AM,SERC,WEST,EKPC,EKPC,1423.664,True
3/10/2023 11:00:00 AM,3/10/2023 6:00:00 AM,SERC,WEST,EKPC,EKPC,1549.292,True
3/10/2023 12:00:00 PM,3/10/2023 7:00:00 AM,SERC,WEST,EKPC,EKPC,1605.737,True
3/10/2023 1:00:00 PM,3/10/2023 8:00:00 AM,SERC,WEST,EKPC,EKPC,1650.326,True
3/10/2023 2:00:00 PM,3/10/2023 9:00:00 AM,SERC,WEST,EKPC,EKPC,1665.066,True
3/10/2023 3:00:00 PM,3/10/2023 10:00:00 AM,SERC,WEST,EKPC,EKPC,1655.661,True
3/10/2023 4:00:00 PM,3/10/2023 11:00:00 AM,SERC,WEST,EKPC,EKPC,1690.992,True
3/10/2023 5:00:00 PM,3/10/2023 12:00:00 PM,SERC,WEST,EKPC,EKPC,1728.799,True
3/10/2023 6:00:00 PM,3/10/2023 1:00:00 PM,SERC,WEST,EKPC,EKPC,1727.394,True
3/10/2023 7:00:00 PM,3/10/2023 2:00:00 PM,SERC,WEST,EKPC,EKPC,1755.631,True
3/10/2023 8:00:00 PM,3/10/2023 3:00:00 PM,SERC,WEST,EKPC,EKPC,1771.510,True
3/10/2023 9:00:00 PM,3/10/2023 4:00:00 PM,SERC,WEST,EKPC,EKPC,1758.901,True
3/10/2023 10:00:00 PM,3/10/2023 5:00:00 PM,SERC,WEST,EKPC,EKPC,1807.525,True
3/10/2023 11:00:00 PM,3/10/2023 6:00:00 PM,SERC,WEST,EKPC,EKPC,1832.616,True
3/11/2023 12:00:00 AM,3/10/2023 7:00:00 PM,SERC,WEST,EKPC,EKPC,1860.819,True
3/11/2023 1:00:00 AM,3/10/2023 8:00:00 PM,SERC,WEST,EKPC,EKPC,1811.438,True
3/11/2023 2:00:00 AM,3/10/2023 9:00:00 PM,SERC,WEST,EKPC,EKPC,1830.258,True
3/11/2023 3:00:00 AM,3/10/2023 10:00:00 PM,SERC,WEST,EKPC,EKPC,1741.956,True
3/11/2023 4:00:00 AM,3/10/2023 11:00:00 PM,SERC,WEST,EKPC,EKPC,1653.054,True
3/11/2023 5:00:00 AM,3/11/2023 12:00:00 AM,SERC,WEST,EKPC,EKPC,1631.280,True
3/11/2023 6:00:00 AM,3/11/2023 1:00:00 AM,SERC,WEST,EKPC,EKPC,1548.573,True
3/11/2023 7:00:00 AM,3/11/2023 2:00:00 AM,SERC,WEST,EKPC,EKPC,1528.956,True
3/11/2023 8:00:00 AM,3/11/2023 3:00:00 AM,SERC,WEST,EKPC,EKPC,1594.186,True
3/11/2023 9:00:00 AM,3/11/2023 4:00:00 AM,SERC,WEST,EKPC,EKPC,1634.598,True
3/11/2023 10:00:00 AM,3/11/2023 5:00:00 AM,SERC,WEST,EKPC,EKPC,1635.768,True
3/11/2023 11:00:00 AM,3/11/2023 6:00:00 AM,SERC,WEST,EKPC,EKPC,1707.085,True
3/11/2023 12:00:00 PM,3/11/2023 7:00:00 AM,SERC,WEST,EKPC,EKPC,1760.293,True
3/11/2023 1:00:00 PM,3/11/2023 8:00:00 AM,SERC,WEST,EKPC,EKPC,1762.925,True
3/11/2023 2:00:00 PM,3/11/2023 9:00:00 AM,SERC,WEST,EKPC,EKPC,1695.640,True
3/11/2023 3:00:00 PM,3/11/2023 10:00:00 AM,SERC,WEST,EKPC,EKPC,1695.425,True
3/11/2023 4:00:00 PM,3/11/2023 11:00:00 AM,SERC,WEST,EKPC,EKPC,1554.990,True
3/11/2023 5:00:00 PM,3/11/2023 12:00:00 PM,SERC,WEST,EKPC,EKPC,1524.087,True
3/11/2023 6:00:00 PM,3/11/2023 1:00:00 PM,SERC,WEST,EKPC,EKPC,1385.383,True
3/11/2023 7:00:00 PM,3/11/2023 2:00:00 PM,SERC,WEST,EKPC,EKPC,1412.052,True
3/11/2023 8:00:00 PM,3/11/2023 3:00:00 PM,SERC,WEST,EKPC,EKPC,1372.657,True
3/11/2023 9:00:00 PM,3/11/2023 4:00:00 PM,SERC,WEST,EKPC,EKPC,1381.311,True
3/11/2023 10:00:00 PM,3/11/2023 5:00:00 PM,SERC,WEST,EKPC,EKPC,1443.435,True
3/11/2023 11:00:00 PM,3/11/2023 6:00:00 PM,SERC,WEST,EKPC,EKPC,1488.744,True
3/12/2023 12:00:00 AM,3/11/2023 7:00:00 PM,SERC,WEST,EKPC,EKPC,1605.312,True
3/12/2023 1:00:00 AM,3/11/2023 8:00:00 PM,SERC,WEST,EKPC,EKPC,1607.346,True
3/12/2023 2:00:00 AM,3/11/2023 9:00:00 PM,SERC,WEST,EKPC,EKPC,1601.566,True
3/12/2023 3:00:00 AM,3/11/2023 10:00:00 PM,SERC,WEST,EKPC,EKPC,1550.339,True
3/12/2023 4:00:00 AM,3/11/2023 11:00:00 PM,SERC,WEST,EKPC,EKPC,1469.983,True
3/12/2023 5:00:00 AM,3/12/2023 12:00:00 AM,SERC,WEST,EKPC,EKPC,1561.409,True
3/12/2023 6:00:00 AM,3/12/2023 1:00:00 AM,SERC,WEST,EKPC,EKPC,1493.776,True
3/12/2023 7:00:00 AM,3/12/2023 3:00:00 AM,SERC,WEST,EKPC,EKPC,1472.801,True
3/12/2023 8:00:00 AM,3/12/2023 4:00:00 AM,SERC,WEST,EKPC,EKPC,1573.646,True
3/12/2023 9:00:00 AM,3/12/2023 5:00:00 AM,SERC,WEST,EKPC,EKPC,1552.593,True
3/12/2023 10:00:00 AM,3/12/2023 6:00:00 AM,SERC,WEST,EKPC,EKPC,1595.319,True
3/12/2023 11:00:00 AM,3/12/2023 7:00:00 AM,SERC,WEST,EKPC,EKPC,1748.535,True
3/12/2023 12:00:00 PM,3/12/2023 8:00:00 AM,SERC,WEST,EKPC,EKPC,1757.595,True
3/12/2023 1:00:00 PM,3/12/2023 9:00:00 AM,SERC,WEST,EKPC,EKPC,1748.570,True
3/12/2023 2:00:00 PM,3/12/2023 10:00:00 AM,SERC,WEST,EKPC,EKPC,1770.647,True
3/12/2023 3:00:00 PM,3/12/2023 11:00:00 AM,SERC,WEST,EKPC,EKPC,1773.386,True
3/12/2023 4:00:00 PM,3/12/2023 12:00:00 PM,SERC,WEST,EKPC,EKPC,1754.606,True
3/12/2023 5:00:00 PM,3/12/2023 1:00:00 PM,SERC,WEST,EKPC,EKPC,1757.858,True
3/12/2023 6:00:00 PM,3/12/2023 2:00:00 PM,SERC,WEST,EKPC,EKPC,1833.746,True
3/12/2023 7:00:00 PM,3/12/2023 3:00:00 PM,SERC,WEST,EKPC,EKPC,1786.628,True
3/12/2023 8:00:00 PM,3/12/2023 4:00:00 PM,SERC,WEST,EKPC,EKPC,1818.966,True
3/12/2023 9:00:00 PM,3/12/2023 5:00:00 PM,SERC,WEST,EKPC,EKPC,1784.848,True
3/12/2023 10:00:00 PM,3/12/2023 6:00:00 PM,SERC,WEST,EKPC,EKPC,1790.531,True
3/12/2023 11:00:00 PM,3/12/2023 7:00:00 PM,SERC,WEST,EKPC,EKPC,1780.993,True
3/13/2023 12:00:00 AM,3/12/2023 8:00:00 PM,SERC,WEST,EKPC,EKPC,1758.066,True
3/13/2023 1:00:00 AM,3/12/2023 9:00:00 PM,SERC,WEST,EKPC,EKPC,1801.825,True
3/13/2023 2:00:00 AM,3/12/2023 10:00:00 PM,SERC,WEST,EKPC,EKPC,1704.256,True
3/13/2023 3:00:00 AM,3/12/2023 11:00:00 PM,SERC,WEST,EKPC,EKPC,1612.153,True
3/13/2023 4:00:00 AM,3/13/2023 12:00:00 AM,SERC,WEST,EKPC,EKPC,1565.204,True
3/13/2023 5:00:00 AM,3/13/2023 1:00:00 AM,SERC,WEST,EKPC,EKPC,1536.333,True
3/13/2023 6:00:00 AM,3/13/2023 2:00:00 AM,SERC,WEST,EKPC,EKPC,1528.573,True
3/13/2023 7:00:00 AM,3/13/2023 3:00:00 AM,SERC,WEST,EKPC,EKPC,1541.503,True
3/13/2023 8:00:00 AM,3/13/2023 4:00:00 AM,SERC,WEST,EKPC,EKPC,1595.291,True
3/13/2023 9:00:00 AM,3/13/2023 5:00:00 AM,SERC,WEST,EKPC,EKPC,1706.936,True
3/13/2023 10:00:00 AM,3/13/2023 6:00:00 AM,SERC,WEST,EKPC,EKPC,1924.264,True
3/13/2023 11:00:00 AM,3/13/2023 7:00:00 AM,SERC,WEST,EKPC,EKPC,1972.774,True
3/13/2023 12:00:00 PM,3/13/2023 8:00:00 AM,SERC,WEST,EKPC,EKPC,1945.812,True
3/13/2023 1:00:00 PM,3/13/2023 9:00:00 AM,SERC,WEST,EKPC,EKPC,1938.547,True
3/13/2023 2:00:00 PM,3/13/2023 10:00:00 AM,SERC,WEST,EKPC,EKPC,1934.365,True
3/13/2023 3:00:00 PM,3/13/2023 11:00:00 AM,SERC,WEST,EKPC,EKPC,1956.680,True
3/13/2023 4:00:00 PM,3/13/2023 12:00:00 PM,SERC,WEST,EKPC,EKPC,2065.409,True
3/13/2023 5:00:00 PM,3/13/2023 1:00:00 PM,SERC,WEST,EKPC,EKPC,2010.438,True
3/13/2023 6:00:00 PM,3/13/2023 2:00:00 PM,SERC,WEST,EKPC,EKPC,1968.135,True
3/13/2023 7:00:00 PM,3/13/2023 3:00:00 PM,SERC,WEST,EKPC,EKPC,2014.749,True
3/13/2023 8:00:00 PM,3/13/2023 4:00:00 PM,SERC,WEST,EKPC,EKPC,2033.700,True
3/13/2023 9:00:00 PM,3/13/2023 5:00:00 PM,SERC,WEST,EKPC,EKPC,2047.539,True
3/13/2023 10:00:00 PM,3/13/2023 6:00:00 PM,SERC,WEST,EKPC,EKPC,2107.559,True
3/13/2023 11:00:00 PM,3/13/2023 7:00:00 PM,SERC,WEST,EKPC,EKPC,2144.533,True
3/14/2023 12:00:00 AM,3/13/2023 8:00:00 PM,SERC,WEST,EKPC,EKPC,2185.273,True
3/14/2023 1:00:00 AM,3/13/2023 9:00:00 PM,SERC,WEST,EKPC,EKPC,2159.715,True
3/14/2023 2:00:00 AM,3/13/2023 10:00:00 PM,SERC,WEST,EKPC,EKPC,2051.821,True
3/14/2023 3:00:00 AM,3/13/2023 11:00:00 PM,SERC,WEST,EKPC,EKPC,1851.347,True
3/14/2023 4:00:00 AM,3/14/2023 12:00:00 AM,SERC,WEST,EKPC,EKPC,1769.561,True
3/14/2023 5:00:00 AM,3/14/2023 1:00:00 AM,SERC,WEST,EKPC,EKPC,1788.228,True
3/14/2023 6:00:00 AM,3/14/2023 2:00:00 AM,SERC,WEST,EKPC,EKPC,1869.912,True
3/14/2023 7:00:00 AM,3/14/2023 3:00:00 AM,SERC,WEST,EKPC,EKPC,1837.604,True
3/14/2023 8:00:00 AM,3/14/2023 4:00:00 AM,SERC,WEST,EKPC,EKPC,1932.646,True
3/14/2023 9:00:00 AM,3/14/2023 5:00:00 AM,SERC,WEST,EKPC,EKPC,2057.518,True
3/14/2023 10:00:00 AM,3/14/2023 6:00:00 AM,SERC,WEST,EKPC,EKPC,2194.691,True
3/14/2023 11:00:00 AM,3/14/2023 7:00:00 AM,SERC,WEST,EKPC,EKPC,2270.480,True
3/14/2023 12:00:00 PM,3/14/2023 8:00:00 AM,SERC,WEST,EKPC,EKPC,2171.598,True
3/14/2023 1:00:00 PM,3/14/2023 9:00:00 AM,SERC,WEST,EKPC,EKPC,2112.448,True
3/14/2023 2:00:00 PM,3/14/2023 10:00:00 AM,SERC,WEST,EKPC,EKPC,2112.795,True
3/14/2023 3:00:00 PM,3/14/2023 11:00:00 AM,SERC,WEST,EKPC,EKPC,2058.914,True
3/14/2023 4:00:00 PM,3/14/2023 12:00:00 PM,SERC,WEST,EKPC,EKPC,2032.217,True
3/14/2023 5:00:00 PM,3/14/2023 1:00:00 PM,SERC,WEST,EKPC,EKPC,1998.152,True
3/14/2023 6:00:00 PM,3/14/2023 2:00:00 PM,SERC,WEST,EKPC,EKPC,1893.369,True
3/14/2023 7:00:00 PM,3/14/2023 3:00:00 PM,SERC,WEST,EKPC,EKPC,1823.106,True
3/14/2023 8:00:00 PM,3/14/2023 4:00:00 PM,SERC,WEST,EKPC,EKPC,1807.622,True
3/14/2023 9:00:00 PM,3/14/2023 5:00:00 PM,SERC,WEST,EKPC,EKPC,1774.563,True
3/14/2023 10:00:00 PM,3/14/2023 6:00:00 PM,SERC,WEST,EKPC,EKPC,1813.610,True
3/14/2023 11:00:00 PM,3/14/2023 7:00:00 PM,SERC,WEST,EKPC,EKPC,1918.003,True
3/15/2023 12:00:00 AM,3/14/2023 8:00:00 PM,SERC,WEST,EKPC,EKPC,2022.070,True
3/15/2023 1:00:00 AM,3/14/2023 9:00:00 PM,SERC,WEST,EKPC,EKPC,1970.077,True
3/15/2023 2:00:00 AM,3/14/2023 10:00:00 PM,SERC,WEST,EKPC,EKPC,1888.200,True
3/15/2023 3:00:00 AM,3/14/2023 11:00:00 PM,SERC,WEST,EKPC,EKPC,1894.978,True
3/15/2023 4:00:00 AM,3/15/2023 12:00:00 AM,SERC,WEST,EKPC,EKPC,1914.678,True
3/15/2023 5:00:00 AM,3/15/2023 1:00:00 AM,SERC,WEST,EKPC,EKPC,1994.802,True
3/15/2023 6:00:00 AM,3/15/2023 2:00:00 AM,SERC,WEST,EKPC,EKPC,1972.641,True
3/15/2023 7:00:00 AM,3/15/2023 3:00:00 AM,SERC,WEST,EKPC,EKPC,2047.083,True
3/15/2023 8:00:00 AM,3/15/2023 4:00:00 AM,SERC,WEST,EKPC,EKPC,2157.421,True
3/15/2023 9:00:00 AM,3/15/2023 5:00:00 AM,SERC,WEST,EKPC,EKPC,2253.178,True
3/15/2023 10:00:00 AM,3/15/2023 6:00:00 AM,SERC,WEST,EKPC,EKPC,2404.982,True
3/15/2023 11:00:00 AM,3/15/2023 7:00:00 AM,SERC,WEST,EKPC,EKPC,2441.778,True
3/15/2023 12:00:00 PM,3/15/2023 8:00:00 AM,SERC,WEST,EKPC,EKPC,2356.199,True
3/15/2023 1:00:00 PM,3/15/2023 9:00:00 AM,SERC,WEST,EKPC,EKPC,2116.215,True
3/15/2023 2:00:00 PM,3/15/2023 10:00:00 AM,SERC,WEST,EKPC,EKPC,1872.838,True
3/15/2023 3:00:00 PM,3/15/2023 11:00:00 AM,SERC,WEST,EKPC,EKPC,1687.620,True
3/15/2023 4:00:00 PM,3/15/2023 12:00:00 PM,SERC,WEST,EKPC,EKPC,1568.134,True
3/15/2023 5:00:00 PM,3/15/2023 1:00:00 PM,SERC,WEST,EKPC,EKPC,1460.721,True
3/15/2023 6:00:00 PM,3/15/2023 2:00:00 PM,SERC,WEST,EKPC,EKPC,1354.467,True
3/15/2023 7:00:00 PM,3/15/2023 3:00:00 PM,SERC,WEST,EKPC,EKPC,1352.989,True
3/15/2023 8:00:00 PM,3/15/2023 4:00:00 PM,SERC,WEST,EKPC,EKPC,1394.499,True
3/15/2023 9:00:00 PM,3/15/2023 5:00:00 PM,SERC,WEST,EKPC,EKPC,1371.495,True
3/15/2023 10:00:00 PM,3/15/2023 6:00:00 PM,SERC,WEST,EKPC,EKPC,1386.294,True
3/15/2023 11:00:00 PM,3/15/2023 7:00:00 PM,SERC,WEST,EKPC,EKPC,1494.783,True
3/16/2023 12:00:00 AM,3/15/2023 8:00:00 PM,SERC,WEST,EKPC,EKPC,1603.211,True
3/16/2023 1:00:00 AM,3/15/2023 9:00:00 PM,SERC,WEST,EKPC,EKPC,1716.827,True
3/16/2023 2:00:00 AM,3/15/2023 10:00:00 PM,SERC,WEST,EKPC,EKPC,1666.740,True
3/16/2023 3:00:00 AM,3/15/2023 11:00:00 PM,SERC,WEST,EKPC,EKPC,1561.254,True
3/16/2023 4:00:00 AM,3/16/2023 12:00:00 AM,SERC,WEST,EKPC,EKPC,1560.064,True
3/16/2023 5:00:00 AM,3/16/2023 1:00:00 AM,SERC,WEST,EKPC,EKPC,1585.350,True
3/16/2023 6:00:00 AM,3/16/2023 2:00:00 AM,SERC,WEST,EKPC,EKPC,1662.633,True
3/16/2023 7:00:00 AM,3/16/2023 3:00:00 AM,SERC,WEST,EKPC,EKPC,1784.730,True
3/16/2023 8:00:00 AM,3/16/2023 4:00:00 AM,SERC,WEST,EKPC,EKPC,1842.770,True
3/16/2023 9:00:00 AM,3/16/2023 5:00:00 AM,SERC,WEST,EKPC,EKPC,1949.716,True
3/16/2023 10:00:00 AM,3/16/2023 6:00:00 AM,SERC,WEST,EKPC,EKPC,2163.020,True
3/16/2023 11:00:00 AM,3/16/2023 7:00:00 AM,SERC,WEST,EKPC,EKPC,2089.774,True
3/16/2023 12:00:00 PM,3/16/2023 8:00:00 AM,SERC,WEST,EKPC,EKPC,2092.821,True
3/16/2023 1:00:00 PM,3/16/2023 9:00:00 AM,SERC,WEST,EKPC,EKPC,1908.014,True
3/16/2023 2:00:00 PM,3/16/2023 10:00:00 AM,SERC,WEST,EKPC,EKPC,1700.605,True
3/16/2023 3:00:00 PM,3/16/2023 11:00:00 AM,SERC,WEST,EKPC,EKPC,1570.977,True
3/16/2023 4:00:00 PM,3/16/2023 12:00:00 PM,SERC,WEST,EKPC,EKPC,1508.966,True
3/16/2023 5:00:00 PM,3/16/2023 1:00:00 PM,SERC,WEST,EKPC,EKPC,1347.635,True
3/16/2023 6:00:00 PM,3/16/2023 2:00:00 PM,SERC,WEST,EKPC,EKPC,1374.014,True
3/16/2023 7:00:00 PM,3/16/2023 3:00:00 PM,SERC,WEST,EKPC,EKPC,1346.152,True
3/16/2023 8:00:00 PM,3/16/2023 4:00:00 PM,SERC,WEST,EKPC,EKPC,1329.195,True
3/16/2023 9:00:00 PM,3/16/2023 5:00:00 PM,SERC,WEST,EKPC,EKPC,1383.189,True
3/16/2023 10:00:00 PM,3/16/2023 6:00:00 PM,SERC,WEST,EKPC,EKPC,1466.344,True
3/16/2023 11:00:00 PM,3/16/2023 7:00:00 PM,SERC,WEST,EKPC,EKPC,1466.294,True
3/17/2023 12:00:00 AM,3/16/2023 8:00:00 PM,SERC,WEST,EKPC,EKPC,1540.796,True
3/17/2023 1:00:00 AM,3/16/2023 9:00:00 PM,SERC,WEST,EKPC,EKPC,1515.159,True
3/17/2023 2:00:00 AM,3/16/2023 10:00:00 PM,SERC,WEST,EKPC,EKPC,1416.638,True
3/17/2023 3:00:00 AM,3/16/2023 11:00:00 PM,SERC,WEST,EKPC,EKPC,1223.490,True
3/17/2023 4:00:00 AM,3/17/2023 12:00:00 AM,SERC,WEST,EKPC,EKPC,1152.860,True
3/17/2023 5:00:00 AM,3/17/2023 1:00:00 AM,SERC,WEST,EKPC,EKPC,1176.289,True
3/17/2023 6:00:00 AM,3/17/2023 2:00:00 AM,SERC,WEST,EKPC,EKPC,1126.962,True
3/17/2023 7:00:00 AM,3/17/2023 3:00:00 AM,SERC,WEST,EKPC,EKPC,1249.258,True
3/17/2023 8:00:00 AM,3/17/2023 4:00:00 AM,SERC,WEST,EKPC,EKPC,1351.548,True
3/17/2023 9:00:00 AM,3/17/2023 5:00:00 AM,SERC,WEST,EKPC,EKPC,1400.533,True
3/17/2023 10:00:00 AM,3/17/2023 6:00:00 AM,SERC,WEST,EKPC,EKPC,1515.738,True
3/17/2023 11:00:00 AM,3/17/2023 7:00:00 AM,SERC,WEST,EKPC,EKPC,1576.426,True
3/17/2023 12:00:00 PM,3/17/2023 8:00:00 AM,SERC,WEST,EKPC,EKPC,1539.697,True
3/17/2023 1:00:00 PM,3/17/2023 9:00:00 AM,SERC,WEST,EKPC,EKPC,1583.653,True
3/17/2023 2:00:00 PM,3/17/2023 10:00:00 AM,SERC,WEST,EKPC,EKPC,1578.517,True
3/17/2023 3:00:00 PM,3/17/2023 11:00:00 AM,SERC,WEST,EKPC,EKPC,1653.875,True
3/17/2023 4:00:00 PM,3/17/2023 12:00:00 PM,SERC,WEST,EKPC,EKPC,1690.516,True
3/17/2023 5:00:00 PM,3/17/2023 1:00:00 PM,SERC,WEST,EKPC,EKPC,1645.196,True
3/17/2023 6:00:00 PM,3/17/2023 2:00:00 PM,SERC,WEST,EKPC,EKPC,1606.509,True
3/17/2023 7:00:00 PM,3/17/2023 3:00:00 PM,SERC,WEST,EKPC,EKPC,1747.159,True
3/17/2023 8:00:00 PM,3/17/2023 4:00:00 PM,SERC,WEST,EKPC,EKPC,1720.204,True
3/17/2023 9:00:00 PM,3/17/2023 5:00:00 PM,SERC,WEST,EKPC,EKPC,1783.765,True
3/17/2023 10:00:00 PM,3/17/2023 6:00:00 PM,SERC,WEST,EKPC,EKPC,1815.019,True
3/17/2023 11:00:00 PM,3/17/2023 7:00:00 PM,SERC,WEST,EKPC,EKPC,1840.234,True
3/18/2023 12:00:00 AM,3/17/2023 8:00:00 PM,SERC,WEST,EKPC,EKPC,1871.487,True
3/18/2023 1:00:00 AM,3/17/2023 9:00:00 PM,SERC,WEST,EKPC,EKPC,1914.446,True
3/18/2023 2:00:00 AM,3/17/2023 10:00:00 PM,SERC,WEST,EKPC,EKPC,1936.280,True
3/18/2023 3:00:00 AM,3/17/2023 11:00:00 PM,SERC,WEST,EKPC,EKPC,1888.997,True
3/18/2023 4:00:00 AM,3/18/2023 12:00:00 AM,SERC,WEST,EKPC,EKPC,1842.585,True
3/18/2023 5:00:00 AM,3/18/2023 1:00:00 AM,SERC,WEST,EKPC,EKPC,1833.724,True
3/18/2023 6:00:00 AM,3/18/2023 2:00:00 AM,SERC,WEST,EKPC,EKPC,1850.566,True
3/18/2023 7:00:00 AM,3/18/2023 3:00:00 AM,SERC,WEST,EKPC,EKPC,1862.543,True
3/18/2023 8:00:00 AM,3/18/2023 4:00:00 AM,SERC,WEST,EKPC,EKPC,1903.746,True
3/18/2023 9:00:00 AM,3/18/2023 5:00:00 AM,SERC,WEST,EKPC,EKPC,1932.315,True
3/18/2023 10:00:00 AM,3/18/2023 6:00:00 AM,SERC,WEST,EKPC,EKPC,1959.115,True
3/18/2023 11:00:00 AM,3/18/2023 7:00:00 AM,SERC,WEST,EKPC,EKPC,2074.738,True
3/18/2023 12:00:00 PM,3/18/2023 8:00:00 AM,SERC,WEST,EKPC,EKPC,2148.443,True
3/18/2023 1:00:00 PM,3/18/2023 9:00:00 AM,SERC,WEST,EKPC,EKPC,2063.718,True
3/18/2023 2:00:00 PM,3/18/2023 10:00:00 AM,SERC,WEST,EKPC,EKPC,1932.027,True
3/18/2023 3:00:00 PM,3/18/2023 11:00:00 AM,SERC,WEST,EKPC,EKPC,1857.647,True
3/18/2023 4:00:00 PM,3/18/2023 12:00:00 PM,SERC,WEST,EKPC,EKPC,1783.122,True
3/18/2023 5:00:00 PM,3/18/2023 1:00:00 PM,SERC,WEST,EKPC,EKPC,1717.062,True
3/18/2023 6:00:00 PM,3/18/2023 2:00:00 PM,SERC,WEST,EKPC,EKPC,1683.130,True
3/18/2023 7:00:00 PM,3/18/2023 3:00:00 PM,SERC,WEST,EKPC,EKPC,1593.895,True
3/18/2023 8:00:00 PM,3/18/2023 4:00:00 PM,SERC,WEST,EKPC,EKPC,1603.956,True
3/18/2023 9:00:00 PM,3/18/2023 5:00:00 PM,SERC,WEST,EKPC,EKPC,1586.458,True
3/18/2023 10:00:00 PM,3/18/2023 6:00:00 PM,SERC,WEST,EKPC,EKPC,1638.692,True
3/18/2023 11:00:00 PM,3/18/2023 7:00:00 PM,SERC,WEST,EKPC,EKPC,1773.237,True
3/19/2023 12:00:00 AM,3/18/2023 8:00:00 PM,SERC,WEST,EKPC,EKPC,1975.743,True
3/19/2023 1:00:00 AM,3/18/2023 9:00:00 PM,SERC,WEST,EKPC,EKPC,1995.005,True
3/19/2023 2:00:00 AM,3/18/2023 10:00:00 PM,SERC,WEST,EKPC,EKPC,2032.987,True
3/19/2023 3:00:00 AM,3/18/2023 11:00:00 PM,SERC,WEST,EKPC,EKPC,1939.203,True
3/19/2023 4:00:00 AM,3/19/2023 12:00:00 AM,SERC,WEST,EKPC,EKPC,2012.337,True
3/19/2023 5:00:00 AM,3/19/2023 1:00:00 AM,SERC,WEST,EKPC,EKPC,2009.505,True
3/19/2023 6:00:00 AM,3/19/2023 2:00:00 AM,SERC,WEST,EKPC,EKPC,2034.625,True
3/19/2023 7:00:00 AM,3/19/2023 3:00:00 AM,SERC,WEST,EKPC,EKPC,2050.537,True
3/19/2023 8:00:00 AM,3/19/2023 4:00:00 AM,SERC,WEST,EKPC,EKPC,2074.730,True
3/19/2023 9:00:00 AM,3/19/2023 5:00:00 AM,SERC,WEST,EKPC,EKPC,2041.682,True
3/19/2023 10:00:00 AM,3/19/2023 6:00:00 AM,SERC,WEST,EKPC,EKPC,2145.770,True
3/19/2023 11:00:00 AM,3/19/2023 7:00:00 AM,SERC,WEST,EKPC,EKPC,2236.100,True
3/19/2023 12:00:00 PM,3/19/2023 8:00:00 AM,SERC,WEST,EKPC,EKPC,2329.154,True
3/19/2023 1:00:00 PM,3/19/2023 9:00:00 AM,SERC,WEST,EKPC,EKPC,2345.959,True
3/19/2023 2:00:00 PM,3/19/2023 10:00:00 AM,SERC,WEST,EKPC,EKPC,2265.793,True
3/19/2023 3:00:00 PM,3/19/2023 11:00:00 AM,SERC,WEST,EKPC,EKPC,2235.677,True
3/19/2023 4:00:00 PM,3/19/2023 12:00:00 PM,SERC,WEST,EKPC,EKPC,2031.870,True
3/19/2023 5:00:00 PM,3/19/2023 1:00:00 PM,SERC,WEST,EKPC,EKPC,1989.221,True
3/19/2023 6:00:00 PM,3/19/2023 2:00:00 PM,SERC,WEST,EKPC,EKPC,1910.326,True
3/19/2023 7:00:00 PM,3/19/2023 3:00:00 PM,SERC,WEST,EKPC,EKPC,1777.984,True
3/19/2023 8:00:00 PM,3/19/2023 4:00:00 PM,SERC,WEST,EKPC,EKPC,1787.539,True
3/19/2023 9:00:00 PM,3/19/2023 5:00:00 PM,SERC,WEST,EKPC,EKPC,1688.580,True
3/19/2023 10:00:00 PM,3/19/2023 6:00:00 PM,SERC,WEST,EKPC,EKPC,1745.214,True
3/19/2023 11:00:00 PM,3/19/2023 7:00:00 PM,SERC,WEST,EKPC,EKPC,1854.978,True
3/20/2023 12:00:00 AM,3/19/2023 8:00:00 PM,SERC,WEST,EKPC,EKPC,2056.103,True
3/20/2023 1:00:00 AM,3/19/2023 9:00:00 PM,SERC,WEST,EKPC,EKPC,2090.703,True
3/20/2023 2:00:00 AM,3/19/2023 10:00:00 PM,SERC,WEST,EKPC,EKPC,2015.309,True
3/20/2023 3:00:00 AM,3/19/2023 11:00:00 PM,SERC,WEST,EKPC,EKPC,2006.308,True
3/20/2023 4:00:00 AM,3/20/2023 12:00:00 AM,SERC,WEST,EKPC,EKPC,2040.987,True
3/20/2023 5:00:00 AM,3/20/2023 1:00:00 AM,SERC,WEST,EKPC,EKPC,1945.544,True
3/20/2023 6:00:00 AM,3/20/2023 2:00:00 AM,SERC,WEST,EKPC,EKPC,2029.073,True
3/20/2023 7:00:00 AM,3/20/2023 3:00:00 AM,SERC,WEST,EKPC,EKPC,2157.451,True
3/20/2023 8:00:00 AM,3/20/2023 4:00:00 AM,SERC,WEST,EKPC,EKPC,2253.755,True
3/20/2023 9:00:00 AM,3/20/2023 5:00:00 AM,SERC,WEST,EKPC,EKPC,2436.233,True
3/20/2023 10:00:00 AM,3/20/2023 6:00:00 AM,SERC,WEST,EKPC,EKPC,2668.621,True
3/20/2023 11:00:00 AM,3/20/2023 7:00:00 AM,SERC,WEST,EKPC,EKPC,2693.595,True
3/20/2023 12:00:00 PM,3/20/2023 8:00:00 AM,SERC,WEST,EKPC,EKPC,2569.878,True
3/20/2023 1:00:00 PM,3/20/2023 9:00:00 AM,SERC,WEST,EKPC,EKPC,2241.943,True
3/20/2023 2:00:00 PM,3/20/2023 10:00:00 AM,SERC,WEST,EKPC,EKPC,1950.875,True
3/20/2023 3:00:00 PM,3/20/2023 11:00:00 AM,SERC,WEST,EKPC,EKPC,1847.826,True
3/20/2023 4:00:00 PM,3/20/2023 12:00:00 PM,SERC,WEST,EKPC,EKPC,1736.965,True
3/20/2023 5:00:00 PM,3/20/2023 1:00:00 PM,SERC,WEST,EKPC,EKPC,1653.175,True
3/20/2023 6:00:00 PM,3/20/2023 2:00:00 PM,SERC,WEST,EKPC,EKPC,1537.767,True
3/20/2023 7:00:00 PM,3/20/2023 3:00:00 PM,SERC,WEST,EKPC,EKPC,1414.653,True
3/20/2023 8:00:00 PM,3/20/2023 4:00:00 PM,SERC,WEST,EKPC,EKPC,1375.036,True
3/20/2023 9:00:00 PM,3/20/2023 5:00:00 PM,SERC,WEST,EKPC,EKPC,1367.305,True
3/20/2023 10:00:00 PM,3/20/2023 6:00:00 PM,SERC,WEST,EKPC,EKPC,1448.605,True
3/20/2023 11:00:00 PM,3/20/2023 7:00:00 PM,SERC,WEST,EKPC,EKPC,1492.282,True
3/21/2023 12:00:00 AM,3/20/2023 8:00:00 PM,SERC,WEST,EKPC,EKPC,1678.882,True
3/21/2023 1:00:00 AM,3/20/2023 9:00:00 PM,SERC,WEST,EKPC,EKPC,1695.616,True
3/21/2023 2:00:00 AM,3/20/2023 10:00:00 PM,SERC,WEST,EKPC,EKPC,1760.108,True
3/21/2023 3:00:00 AM,3/20/2023 11:00:00 PM,SERC,WEST,EKPC,EKPC,1728.845,True
3/21/2023 4:00:00 AM,3/21/2023 12:00:00 AM,SERC,WEST,EKPC,EKPC,1693.642,True
3/21/2023 5:00:00 AM,3/21/2023 1:00:00 AM,SERC,WEST,EKPC,EKPC,1671.963,True
3/21/2023 6:00:00 AM,3/21/2023 2:00:00 AM,SERC,WEST,EKPC,EKPC,1748.804,True
3/21/2023 7:00:00 AM,3/21/2023 3:00:00 AM,SERC,WEST,EKPC,EKPC,1849.652,True
3/21/2023 8:00:00 AM,3/21/2023 4:00:00 AM,SERC,WEST,EKPC,EKPC,1952.395,True
3/21/2023 9:00:00 AM,3/21/2023 5:00:00 AM,SERC,WEST,EKPC,EKPC,2028.993,True
3/21/2023 10:00:00 AM,3/21/2023 6:00:00 AM,SERC,WEST,EKPC,EKPC,2265.603,True
3/21/2023 11:00:00 AM,3/21/2023 7:00:00 AM,SERC,WEST,EKPC,EKPC,2322.396,True
3/21/2023 12:00:00 PM,3/21/2023 8:00:00 AM,SERC,WEST,EKPC,EKPC,2250.095,True
3/21/2023 1:00:00 PM,3/21/2023 9:00:00 AM,SERC,WEST,EKPC,EKPC,2053.520,True
3/21/2023 2:00:00 PM,3/21/2023 10:00:00 AM,SERC,WEST,EKPC,EKPC,1857.092,True
3/21/2023 3:00:00 PM,3/21/2023 11:00:00 AM,SERC,WEST,EKPC,EKPC,1686.690,True
3/21/2023 4:00:00 PM,3/21/2023 12:00:00 PM,SERC,WEST,EKPC,EKPC,1578.607,True
3/21/2023 5:00:00 PM,3/21/2023 1:00:00 PM,SERC,WEST,EKPC,EKPC,1451.995,True
3/21/2023 6:00:00 PM,3/21/2023 2:00:00 PM,SERC,WEST,EKPC,EKPC,1369.575,True
3/21/2023 7:00:00 PM,3/21/2023 3:00:00 PM,SERC,WEST,EKPC,EKPC,1375.927,True
3/21/2023 8:00:00 PM,3/21/2023 4:00:00 PM,SERC,WEST,EKPC,EKPC,1389.896,True
3/21/2023 9:00:00 PM,3/21/2023 5:00:00 PM,SERC,WEST,EKPC,EKPC,1451.863,True
3/21/2023 10:00:00 PM,3/21/2023 6:00:00 PM,SERC,WEST,EKPC,EKPC,1505.128,True
3/21/2023 11:00:00 PM,3/21/2023 7:00:00 PM,SERC,WEST,EKPC,EKPC,1584.623,True
3/22/2023 12:00:00 AM,3/21/2023 8:00:00 PM,SERC,WEST,EKPC,EKPC,1624.991,True
3/22/2023 1:00:00 AM,3/21/2023 9:00:00 PM,SERC,WEST,EKPC,EKPC,1500.820,True
3/22/2023 2:00:00 AM,3/21/2023 10:00:00 PM,SERC,WEST,EKPC,EKPC,1444.466,True
3/22/2023 3:00:00 AM,3/21/2023 11:00:00 PM,SERC,WEST,EKPC,EKPC,1412.383,True
3/22/2023 4:00:00 AM,3/22/2023 12:00:00 AM,SERC,WEST,EKPC,EKPC,1341.773,True
3/22/2023 5:00:00 AM,3/22/2023 1:00:00 AM,SERC,WEST,EKPC,EKPC,1319.619,True
3/22/2023 6:00:00 AM,3/22/2023 2:00:00 AM,SERC,WEST,EKPC,EKPC,1355.877,True
3/22/2023 7:00:00 AM,3/22/2023 3:00:00 AM,SERC,WEST,EKPC,EKPC,1368.869,True
3/22/2023 8:00:00 AM,3/22/2023 4:00:00 AM,SERC,WEST,EKPC,EKPC,1416.834,True
3/22/2023 9:00:00 AM,3/22/2023 5:00:00 AM,SERC,WEST,EKPC,EKPC,1455.750,True
3/22/2023 10:00:00 AM,3/22/2023 6:00:00 AM,SERC,WEST,EKPC,EKPC,1598.486,True
3/22/2023 11:00:00 AM,3/22/2023 7:00:00 AM,SERC,WEST,EKPC,EKPC,1680.675,True
3/22/2023 12:00:00 PM,3/22/2023 8:00:00 AM,SERC,WEST,EKPC,EKPC,1695.716,True
3/22/2023 1:00:00 PM,3/22/2023 9:00:00 AM,SERC,WEST,EKPC,EKPC,1699.865,True
3/22/2023 2:00:00 PM,3/22/2023 10:00:00 AM,SERC,WEST,EKPC,EKPC,1721.277,True
3/22/2023 3:00:00 PM,3/22/2023 11:00:00 AM,SERC,WEST,EKPC,EKPC,1709.171,True
3/22/2023 4:00:00 PM,3/22/2023 12:00:00 PM,SERC,WEST,EKPC,EKPC,1704.597,True
3/22/2023 5:00:00 PM,3/22/2023 1:00:00 PM,SERC,WEST,EKPC,EKPC,1680.192,True
3/22/2023 6:00:00 PM,3/22/2023 2:00:00 PM,SERC,WEST,EKPC,EKPC,1616.143,True
3/22/2023 7:00:00 PM,3/22/2023 3:00:00 PM,SERC,WEST,EKPC,EKPC,1577.131,True
3/22/2023 8:00:00 PM,3/22/2023 4:00:00 PM,SERC,WEST,EKPC,EKPC,1517.438,True
3/22/2023 9:00:00 PM,3/22/2023 5:00:00 PM,SERC,WEST,EKPC,EKPC,1584.842,True
3/22/2023 10:00:00 PM,3/22/2023 6:00:00 PM,SERC,WEST,EKPC,EKPC,1641.476,True
3/22/2023 11:00:00 PM,3/22/2023 7:00:00 PM,SERC,WEST,EKPC,EKPC,1622.146,True
3/23/2023 12:00:00 AM,3/22/2023 8:00:00 PM,SERC,WEST,EKPC,EKPC,1663.215,True
3/23/2023 1:00:00 AM,3/22/2023 9:00:00 PM,SERC,WEST,EKPC,EKPC,1532.470,True
3/23/2023 2:00:00 AM,3/22/2023 10:00:00 PM,SERC,WEST,EKPC,EKPC,1482.712,True
3/23/2023 3:00:00 AM,3/22/2023 11:00:00 PM,SERC,WEST,EKPC,EKPC,1289.948,True
3/23/2023 4:00:00 AM,3/23/2023 12:00:00 AM,SERC,WEST,EKPC,EKPC,1220.721,True
3/23/2023 5:00:00 AM,3/23/2023 1:00:00 AM,SERC,WEST,EKPC,EKPC,1222.957,True
3/23/2023 6:00:00 AM,3/23/2023 2:00:00 AM,SERC,WEST,EKPC,EKPC,1135.604,True
3/23/2023 7:00:00 AM,3/23/2023 3:00:00 AM,SERC,WEST,EKPC,EKPC,1121.710,True
3/23/2023 8:00:00 AM,3/23/2023 4:00:00 AM,SERC,WEST,EKPC,EKPC,1170.141,True
3/23/2023 9:00:00 AM,3/23/2023 5:00:00 AM,SERC,WEST,EKPC,EKPC,1275.183,True
3/23/2023 10:00:00 AM,3/23/2023 6:00:00 AM,SERC,WEST,EKPC,EKPC,1351.503,True
3/23/2023 11:00:00 AM,3/23/2023 7:00:00 AM,SERC,WEST,EKPC,EKPC,1403.442,True
3/23/2023 12:00:00 PM,3/23/2023 8:00:00 AM,SERC,WEST,EKPC,EKPC,1372.740,True
3/23/2023 1:00:00 PM,3/23/2023 9:00:00 AM,SERC,WEST,EKPC,EKPC,1350.162,True
3/23/2023 2:00:00 PM,3/23/2023 10:00:00 AM,SERC,WEST,EKPC,EKPC,1237.890,True
3/23/2023 3:00:00 PM,3/23/2023 11:00:00 AM,SERC,WEST,EKPC,EKPC,1249.669,True
3/23/2023 4:00:00 PM,3/23/2023 12:00:00 PM,SERC,WEST,EKPC,EKPC,1296.907,True
3/23/2023 5:00:00 PM,3/23/2023 1:00:00 PM,SERC,WEST,EKPC,EKPC,1276.899,True
3/23/2023 6:00:00 PM,3/23/2023 2:00:00 PM,SERC,WEST,EKPC,EKPC,1229.003,True
3/23/2023 7:00:00 PM,3/23/2023 3:00:00 PM,SERC,WEST,EKPC,EKPC,1182.747,True
3/23/2023 8:00:00 PM,3/23/2023 4:00:00 PM,SERC,WEST,EKPC,EKPC,1256.096,True
3/23/2023 9:00:00 PM,3/23/2023 5:00:00 PM,SERC,WEST,EKPC,EKPC,1318.160,True
3/23/2023 10:00:00 PM,3/23/2023 6:00:00 PM,SERC,WEST,EKPC,EKPC,1330.064,True
3/23/2023 11:00:00 PM,3/23/2023 7:00:00 PM,SERC,WEST,EKPC,EKPC,1372.533,True
3/24/2023 12:00:00 AM,3/23/2023 8:00:00 PM,SERC,WEST,EKPC,EKPC,1413.402,True
3/24/2023 1:00:00 AM,3/23/2023 9:00:00 PM,SERC,WEST,EKPC,EKPC,1398.981,True
3/24/2023 2:00:00 AM,3/23/2023 10:00:00 PM,SERC,WEST,EKPC,EKPC,1303.196,True
3/24/2023 3:00:00 AM,3/23/2023 11:00:00 PM,SERC,WEST,EKPC,EKPC,1177.217,True
3/24/2023 4:00:00 AM,3/24/2023 12:00:00 AM,SERC,WEST,EKPC,EKPC,1089.082,True
3/24/2023 5:00:00 AM,3/24/2023 1:00:00 AM,SERC,WEST,EKPC,EKPC,1058.576,True
3/24/2023 6:00:00 AM,3/24/2023 2:00:00 AM,SERC,WEST,EKPC,EKPC,1027.930,True
3/24/2023 7:00:00 AM,3/24/2023 3:00:00 AM,SERC,WEST,EKPC,EKPC,1013.042,True
3/24/2023 8:00:00 AM,3/24/2023 4:00:00 AM,SERC,WEST,EKPC,EKPC,1059.210,True
3/24/2023 9:00:00 AM,3/24/2023 5:00:00 AM,SERC,WEST,EKPC,EKPC,1116.529,True
3/24/2023 10:00:00 AM,3/24/2023 6:00:00 AM,SERC,WEST,EKPC,EKPC,1253.354,True
3/24/2023 11:00:00 AM,3/24/2023 7:00:00 AM,SERC,WEST,EKPC,EKPC,1280.126,True
3/24/2023 12:00:00 PM,3/24/2023 8:00:00 AM,SERC,WEST,EKPC,EKPC,1236.607,True
3/24/2023 1:00:00 PM,3/24/2023 9:00:00 AM,SERC,WEST,EKPC,EKPC,1298.859,True
3/24/2023 2:00:00 PM,3/24/2023 10:00:00 AM,SERC,WEST,EKPC,EKPC,1298.358,True
3/24/2023 3:00:00 PM,3/24/2023 11:00:00 AM,SERC,WEST,EKPC,EKPC,1292.423,True
3/24/2023 4:00:00 PM,3/24/2023 12:00:00 PM,SERC,WEST,EKPC,EKPC,1264.743,True
3/24/2023 5:00:00 PM,3/24/2023 1:00:00 PM,SERC,WEST,EKPC,EKPC,1246.542,True
3/24/2023 6:00:00 PM,3/24/2023 2:00:00 PM,SERC,WEST,EKPC,EKPC,1224.031,True
3/24/2023 7:00:00 PM,3/24/2023 3:00:00 PM,SERC,WEST,EKPC,EKPC,1292.796,True
3/24/2023 8:00:00 PM,3/24/2023 4:00:00 PM,SERC,WEST,EKPC,EKPC,1309.554,True
3/24/2023 9:00:00 PM,3/24/2023 5:00:00 PM,SERC,WEST,EKPC,EKPC,1354.858,True
3/24/2023 10:00:00 PM,3/24/2023 6:00:00 PM,SERC,WEST,EKPC,EKPC,1359.064,True
3/24/2023 11:00:00 PM,3/24/2023 7:00:00 PM,SERC,WEST,EKPC,EKPC,1375.854,True
3/25/2023 12:00:00 AM,3/24/2023 8:00:00 PM,SERC,WEST,EKPC,EKPC,1389.312,True
3/25/2023 1:00:00 AM,3/24/2023 9:00:00 PM,SERC,WEST,EKPC,EKPC,1376.076,True
3/25/2023 2:00:00 AM,3/24/2023 10:00:00 PM,SERC,WEST,EKPC,EKPC,1294.024,True
3/25/2023 3:00:00 AM,3/24/2023 11:00:00 PM,SERC,WEST,EKPC,EKPC,1232.964,True
3/25/2023 4:00:00 AM,3/25/2023 12:00:00 AM,SERC,WEST,EKPC,EKPC,1169.422,True
3/25/2023 5:00:00 AM,3/25/2023 1:00:00 AM,SERC,WEST,EKPC,EKPC,1116.653,True
3/25/2023 6:00:00 AM,3/25/2023 2:00:00 AM,SERC,WEST,EKPC,EKPC,1111.647,True
3/25/2023 7:00:00 AM,3/25/2023 3:00:00 AM,SERC,WEST,EKPC,EKPC,1071.006,True
3/25/2023 8:00:00 AM,3/25/2023 4:00:00 AM,SERC,WEST,EKPC,EKPC,1121.646,True
3/25/2023 9:00:00 AM,3/25/2023 5:00:00 AM,SERC,WEST,EKPC,EKPC,1087.391,True
3/25/2023 10:00:00 AM,3/25/2023 6:00:00 AM,SERC,WEST,EKPC,EKPC,1127.648,True
3/25/2023 11:00:00 AM,3/25/2023 7:00:00 AM,SERC,WEST,EKPC,EKPC,1196.619,True
3/25/2023 12:00:00 PM,3/25/2023 8:00:00 AM,SERC,WEST,EKPC,EKPC,1262.216,True
3/25/2023 1:00:00 PM,3/25/2023 9:00:00 AM,SERC,WEST,EKPC,EKPC,1296.564,True
3/25/2023 2:00:00 PM,3/25/2023 10:00:00 AM,SERC,WEST,EKPC,EKPC,1312.243,True
3/25/2023 3:00:00 PM,3/25/2023 11:00:00 AM,SERC,WEST,EKPC,EKPC,1236.082,True
3/25/2023 4:00:00 PM,3/25/2023 12:00:00 PM,SERC,WEST,EKPC,EKPC,1257.229,True
3/25/2023 5:00:00 PM,3/25/2023 1:00:00 PM,SERC,WEST,EKPC,EKPC,1254.029,True
3/25/2023 6:00:00 PM,3/25/2023 2:00:00 PM,SERC,WEST,EKPC,EKPC,1213.875,True
3/25/2023 7:00:00 PM,3/25/2023 3:00:00 PM,SERC,WEST,EKPC,EKPC,1189.672,True
3/25/2023 8:00:00 PM,3/25/2023 4:00:00 PM,SERC,WEST,EKPC,EKPC,1216.099,True
3/25/2023 9:00:00 PM,3/25/2023 5:00:00 PM,SERC,WEST,EKPC,EKPC,1242.547,True
3/25/2023 10:00:00 PM,3/25/2023 6:00:00 PM,SERC,WEST,EKPC,EKPC,1233.212,True
3/25/2023 11:00:00 PM,3/25/2023 7:00:00 PM,SERC,WEST,EKPC,EKPC,1265.070,True
3/26/2023 12:00:00 AM,3/25/2023 8:00:00 PM,SERC,WEST,EKPC,EKPC,1349.148,True
3/26/2023 1:00:00 AM,3/25/2023 9:00:00 PM,SERC,WEST,EKPC,EKPC,1293.664,True
3/26/2023 2:00:00 AM,3/25/2023 10:00:00 PM,SERC,WEST,EKPC,EKPC,1257.870,True
3/26/2023 3:00:00 AM,3/25/2023 11:00:00 PM,SERC,WEST,EKPC,EKPC,1233.699,True
3/26/2023 4:00:00 AM,3/26/2023 12:00:00 AM,SERC,WEST,EKPC,EKPC,1174.101,True
3/26/2023 5:00:00 AM,3/26/2023 1:00:00 AM,SERC,WEST,EKPC,EKPC,1161.140,True
3/26/2023 6:00:00 AM,3/26/2023 2:00:00 AM,SERC,WEST,EKPC,EKPC,1189.362,True
3/26/2023 7:00:00 AM,3/26/2023 3:00:00 AM,SERC,WEST,EKPC,EKPC,1239.420,True
3/26/2023 8:00:00 AM,3/26/2023 4:00:00 AM,SERC,WEST,EKPC,EKPC,1284.331,True
3/26/2023 9:00:00 AM,3/26/2023 5:00:00 AM,SERC,WEST,EKPC,EKPC,1346.168,True
3/26/2023 10:00:00 AM,3/26/2023 6:00:00 AM,SERC,WEST,EKPC,EKPC,1421.608,True
3/26/2023 11:00:00 AM,3/26/2023 7:00:00 AM,SERC,WEST,EKPC,EKPC,1540.810,True
3/26/2023 12:00:00 PM,3/26/2023 8:00:00 AM,SERC,WEST,EKPC,EKPC,1631.886,True
3/26/2023 1:00:00 PM,3/26/2023 9:00:00 AM,SERC,WEST,EKPC,EKPC,1521.640,True
3/26/2023 2:00:00 PM,3/26/2023 10:00:00 AM,SERC,WEST,EKPC,EKPC,1422.514,True
3/26/2023 3:00:00 PM,3/26/2023 11:00:00 AM,SERC,WEST,EKPC,EKPC,1354.837,True
3/26/2023 4:00:00 PM,3/26/2023 12:00:00 PM,SERC,WEST,EKPC,EKPC,1269.226,True
3/26/2023 5:00:00 PM,3/26/2023 1:00:00 PM,SERC,WEST,EKPC,EKPC,1229.030,True
3/26/2023 6:00:00 PM,3/26/2023 2:00:00 PM,SERC,WEST,EKPC,EKPC,1189.811,True
3/26/2023 7:00:00 PM,3/26/2023 3:00:00 PM,SERC,WEST,EKPC,EKPC,1126.487,True
3/26/2023 8:00:00 PM,3/26/2023 4:00:00 PM,SERC,WEST,EKPC,EKPC,1171.719,True
3/26/2023 9:00:00 PM,3/26/2023 5:00:00 PM,SERC,WEST,EKPC,EKPC,1210.071,True
3/26/2023 10:00:00 PM,3/26/2023 6:00:00 PM,SERC,WEST,EKPC,EKPC,1255.156,True
3/26/2023 11:00:00 PM,3/26/2023 7:00:00 PM,SERC,WEST,EKPC,EKPC,1290.099,True
3/27/2023 12:00:00 AM,3/26/2023 8:00:00 PM,SERC,WEST,EKPC,EKPC,1426.059,True
3/27/2023 1:00:00 AM,3/26/2023 9:00:00 PM,SERC,WEST,EKPC,EKPC,1412.459,True
3/27/2023 2:00:00 AM,3/26/2023 10:00:00 PM,SERC,WEST,EKPC,EKPC,1278.797,True
3/27/2023 3:00:00 AM,3/26/2023 11:00:00 PM,SERC,WEST,EKPC,EKPC,1140.094,True
3/27/2023 4:00:00 AM,3/27/2023 12:00:00 AM,SERC,WEST,EKPC,EKPC,1015.751,True
3/27/2023 5:00:00 AM,3/27/2023 1:00:00 AM,SERC,WEST,EKPC,EKPC,1007.230,True
3/27/2023 6:00:00 AM,3/27/2023 2:00:00 AM,SERC,WEST,EKPC,EKPC,1109.677,True
3/27/2023 7:00:00 AM,3/27/2023 3:00:00 AM,SERC,WEST,EKPC,EKPC,1126.197,True
3/27/2023 8:00:00 AM,3/27/2023 4:00:00 AM,SERC,WEST,EKPC,EKPC,1154.453,True
3/27/2023 9:00:00 AM,3/27/2023 5:00:00 AM,SERC,WEST,EKPC,EKPC,1320.691,True
3/27/2023 10:00:00 AM,3/27/2023 6:00:00 AM,SERC,WEST,EKPC,EKPC,1379.566,True
3/27/2023 11:00:00 AM,3/27/2023 7:00:00 AM,SERC,WEST,EKPC,EKPC,1474.262,True
3/27/2023 12:00:00 PM,3/27/2023 8:00:00 AM,SERC,WEST,EKPC,EKPC,1458.850,True
3/27/2023 1:00:00 PM,3/27/2023 9:00:00 AM,SERC,WEST,EKPC,EKPC,1323.520,True
3/27/2023 2:00:00 PM,3/27/2023 10:00:00 AM,SERC,WEST,EKPC,EKPC,1246.067,True
3/27/2023 3:00:00 PM,3/27/2023 11:00:00 AM,SERC,WEST,EKPC,EKPC,1223.639,True
3/27/2023 4:00:00 PM,3/27/2023 12:00:00 PM,SERC,WEST,EKPC,EKPC,1190.588,True
3/27/2023 5:00:00 PM,3/27/2023 1:00:00 PM,SERC,WEST,EKPC,EKPC,1186.115,True
3/27/2023 6:00:00 PM,3/27/2023 2:00:00 PM,SERC,WEST,EKPC,EKPC,1162.250,True
3/27/2023 7:00:00 PM,3/27/2023 3:00:00 PM,SERC,WEST,EKPC,EKPC,1198.751,True
3/27/2023 8:00:00 PM,3/27/2023 4:00:00 PM,SERC,WEST,EKPC,EKPC,1239.062,True
3/27/2023 9:00:00 PM,3/27/2023 5:00:00 PM,SERC,WEST,EKPC,EKPC,1296.921,True
3/27/2023 10:00:00 PM,3/27/2023 6:00:00 PM,SERC,WEST,EKPC,EKPC,1322.854,True
3/27/2023 11:00:00 PM,3/27/2023 7:00:00 PM,SERC,WEST,EKPC,EKPC,1326.647,True
3/28/2023 12:00:00 AM,3/27/2023 8:00:00 PM,SERC,WEST,EKPC,EKPC,1443.684,True
3/28/2023 1:00:00 AM,3/27/2023 9:00:00 PM,SERC,WEST,EKPC,EKPC,1380.110,True
3/28/2023 2:00:00 AM,3/27/2023 10:00:00 PM,SERC,WEST,EKPC,EKPC,1293.305,True
3/28/2023 3:00:00 AM,3/27/2023 11:00:00 PM,SERC,WEST,EKPC,EKPC,1229.402,True
3/28/2023 4:00:00 AM,3/28/2023 12:00:00 AM,SERC,WEST,EKPC,EKPC,1197.133,True
3/28/2023 5:00:00 AM,3/28/2023 1:00:00 AM,SERC,WEST,EKPC,EKPC,1200.192,True
3/28/2023 6:00:00 AM,3/28/2023 2:00:00 AM,SERC,WEST,EKPC,EKPC,1199.749,True
3/28/2023 7:00:00 AM,3/28/2023 3:00:00 AM,SERC,WEST,EKPC,EKPC,1281.748,True
3/28/2023 8:00:00 AM,3/28/2023 4:00:00 AM,SERC,WEST,EKPC,EKPC,1283.528,True
3/28/2023 9:00:00 AM,3/28/2023 5:00:00 AM,SERC,WEST,EKPC,EKPC,1414.580,True
3/28/2023 10:00:00 AM,3/28/2023 6:00:00 AM,SERC,WEST,EKPC,EKPC,1613.979,True
3/28/2023 11:00:00 AM,3/28/2023 7:00:00 AM,SERC,WEST,EKPC,EKPC,1673.644,True
3/28/2023 12:00:00 PM,3/28/2023 8:00:00 AM,SERC,WEST,EKPC,EKPC,1609.232,True
3/28/2023 1:00:00 PM,3/28/2023 9:00:00 AM,SERC,WEST,EKPC,EKPC,1567.497,True
3/28/2023 2:00:00 PM,3/28/2023 10:00:00 AM,SERC,WEST,EKPC,EKPC,1491.149,True
3/28/2023 3:00:00 PM,3/28/2023 11:00:00 AM,SERC,WEST,EKPC,EKPC,1400.671,True
3/28/2023 4:00:00 PM,3/28/2023 12:00:00 PM,SERC,WEST,EKPC,EKPC,1321.825,True
3/28/2023 5:00:00 PM,3/28/2023 1:00:00 PM,SERC,WEST,EKPC,EKPC,1279.698,True
3/28/2023 6:00:00 PM,3/28/2023 2:00:00 PM,SERC,WEST,EKPC,EKPC,1224.997,True
3/28/2023 7:00:00 PM,3/28/2023 3:00:00 PM,SERC,WEST,EKPC,EKPC,1228.809,True
3/28/2023 8:00:00 PM,3/28/2023 4:00:00 PM,SERC,WEST,EKPC,EKPC,1244.066,True
3/28/2023 9:00:00 PM,3/28/2023 5:00:00 PM,SERC,WEST,EKPC,EKPC,1292.016,True
3/28/2023 10:00:00 PM,3/28/2023 6:00:00 PM,SERC,WEST,EKPC,EKPC,1331.882,True
3/28/2023 11:00:00 PM,3/28/2023 7:00:00 PM,SERC,WEST,EKPC,EKPC,1388.454,True
3/29/2023 12:00:00 AM,3/28/2023 8:00:00 PM,SERC,WEST,EKPC,EKPC,1490.735,True
3/29/2023 1:00:00 AM,3/28/2023 9:00:00 PM,SERC,WEST,EKPC,EKPC,1498.779,True
3/29/2023 2:00:00 AM,3/28/2023 10:00:00 PM,SERC,WEST,EKPC,EKPC,1466.643,True
3/29/2023 3:00:00 AM,3/28/2023 11:00:00 PM,SERC,WEST,EKPC,EKPC,1383.840,True
3/29/2023 4:00:00 AM,3/29/2023 12:00:00 AM,SERC,WEST,EKPC,EKPC,1360.537,True
3/29/2023 5:00:00 AM,3/29/2023 1:00:00 AM,SERC,WEST,EKPC,EKPC,1388.030,True
3/29/2023 6:00:00 AM,3/29/2023 2:00:00 AM,SERC,WEST,EKPC,EKPC,1421.028,True
3/29/2023 7:00:00 AM,3/29/2023 3:00:00 AM,SERC,WEST,EKPC,EKPC,1484.820,True
3/29/2023 8:00:00 AM,3/29/2023 4:00:00 AM,SERC,WEST,EKPC,EKPC,1574.813,True
3/29/2023 9:00:00 AM,3/29/2023 5:00:00 AM,SERC,WEST,EKPC,EKPC,1708.925,True
3/29/2023 10:00:00 AM,3/29/2023 6:00:00 AM,SERC,WEST,EKPC,EKPC,1897.266,True
3/29/2023 11:00:00 AM,3/29/2023 7:00:00 AM,SERC,WEST,EKPC,EKPC,1990.926,True
3/29/2023 12:00:00 PM,3/29/2023 8:00:00 AM,SERC,WEST,EKPC,EKPC,1889.889,True
3/29/2023 1:00:00 PM,3/29/2023 9:00:00 AM,SERC,WEST,EKPC,EKPC,1691.359,True
3/29/2023 2:00:00 PM,3/29/2023 10:00:00 AM,SERC,WEST,EKPC,EKPC,1493.845,True
3/29/2023 3:00:00 PM,3/29/2023 11:00:00 AM,SERC,WEST,EKPC,EKPC,1358.996,True
3/29/2023 4:00:00 PM,3/29/2023 12:00:00 PM,SERC,WEST,EKPC,EKPC,1301.726,True
3/29/2023 5:00:00 PM,3/29/2023 1:00:00 PM,SERC,WEST,EKPC,EKPC,1251.783,True
3/29/2023 6:00:00 PM,3/29/2023 2:00:00 PM,SERC,WEST,EKPC,EKPC,1187.438,True
3/29/2023 7:00:00 PM,3/29/2023 3:00:00 PM,SERC,WEST,EKPC,EKPC,1170.351,True
3/29/2023 8:00:00 PM,3/29/2023 4:00:00 PM,SERC,WEST,EKPC,EKPC,1165.954,True
3/29/2023 9:00:00 PM,3/29/2023 5:00:00 PM,SERC,WEST,EKPC,EKPC,1201.004,True
3/29/2023 10:00:00 PM,3/29/2023 6:00:00 PM,SERC,WEST,EKPC,EKPC,1222.281,True
3/29/2023 11:00:00 PM,3/29/2023 7:00:00 PM,SERC,WEST,EKPC,EKPC,1277.994,True
3/30/2023 12:00:00 AM,3/29/2023 8:00:00 PM,SERC,WEST,EKPC,EKPC,1385.859,True
3/30/2023 1:00:00 AM,3/29/2023 9:00:00 PM,SERC,WEST,EKPC,EKPC,1392.829,True
3/30/2023 2:00:00 AM,3/29/2023 10:00:00 PM,SERC,WEST,EKPC,EKPC,1339.105,True
3/30/2023 3:00:00 AM,3/29/2023 11:00:00 PM,SERC,WEST,EKPC,EKPC,1304.876,True
3/30/2023 4:00:00 AM,3/30/2023 12:00:00 AM,SERC,WEST,EKPC,EKPC,1299.949,True
3/30/2023 5:00:00 AM,3/30/2023 1:00:00 AM,SERC,WEST,EKPC,EKPC,1355.823,True
3/30/2023 6:00:00 AM,3/30/2023 2:00:00 AM,SERC,WEST,EKPC,EKPC,1418.540,True
3/30/2023 7:00:00 AM,3/30/2023 3:00:00 AM,SERC,WEST,EKPC,EKPC,1435.616,True
3/30/2023 8:00:00 AM,3/30/2023 4:00:00 AM,SERC,WEST,EKPC,EKPC,1536.265,True
3/30/2023 9:00:00 AM,3/30/2023 5:00:00 AM,SERC,WEST,EKPC,EKPC,1611.969,True
3/30/2023 10:00:00 AM,3/30/2023 6:00:00 AM,SERC,WEST,EKPC,EKPC,1840.076,True
3/30/2023 11:00:00 AM,3/30/2023 7:00:00 AM,SERC,WEST,EKPC,EKPC,1922.541,True
3/30/2023 12:00:00 PM,3/30/2023 8:00:00 AM,SERC,WEST,EKPC,EKPC,1814.963,True
3/30/2023 1:00:00 PM,3/30/2023 9:00:00 AM,SERC,WEST,EKPC,EKPC,1765.456,True
3/30/2023 2:00:00 PM,3/30/2023 10:00:00 AM,SERC,WEST,EKPC,EKPC,1544.273,True
3/30/2023 3:00:00 PM,3/30/2023 11:00:00 AM,SERC,WEST,EKPC,EKPC,1390.024,True
3/30/2023 4:00:00 PM,3/30/2023 12:00:00 PM,SERC,WEST,EKPC,EKPC,1282.674,True
3/30/2023 5:00:00 PM,3/30/2023 1:00:00 PM,SERC,WEST,EKPC,EKPC,1292.765,True
3/30/2023 6:00:00 PM,3/30/2023 2:00:00 PM,SERC,WEST,EKPC,EKPC,1267.128,True
3/30/2023 7:00:00 PM,3/30/2023 3:00:00 PM,SERC,WEST,EKPC,EKPC,1278.896,True
3/30/2023 8:00:00 PM,3/30/2023 4:00:00 PM,SERC,WEST,EKPC,EKPC,1270.355,True
3/30/2023 9:00:00 PM,3/30/2023 5:00:00 PM,SERC,WEST,EKPC,EKPC,1322.778,True
3/30/2023 10:00:00 PM,3/30/2023 6:00:00 PM,SERC,WEST,EKPC,EKPC,1323.107,True
3/30/2023 11:00:00 PM,3/30/2023 7:00:00 PM,SERC,WEST,EKPC,EKPC,1324.615,True
3/31/2023 12:00:00 AM,3/30/2023 8:00:00 PM,SERC,WEST,EKPC,EKPC,1466.120,True
3/31/2023 1:00:00 AM,3/30/2023 9:00:00 PM,SERC,WEST,EKPC,EKPC,1339.332,True
3/31/2023 2:00:00 AM,3/30/2023 10:00:00 PM,SERC,WEST,EKPC,EKPC,1389.324,True
3/31/2023 3:00:00 AM,3/30/2023 11:00:00 PM,SERC,WEST,EKPC,EKPC,1262.321,True
3/31/2023 4:00:00 AM,3/31/2023 12:00:00 AM,SERC,WEST,EKPC,EKPC,1230.469,True
3/31/2023 5:00:00 AM,3/31/2023 1:00:00 AM,SERC,WEST,EKPC,EKPC,1247.968,True
3/31/2023 6:00:00 AM,3/31/2023 2:00:00 AM,SERC,WEST,EKPC,EKPC,1104.524,True
3/31/2023 7:00:00 AM,3/31/2023 3:00:00 AM,SERC,WEST,EKPC,EKPC,1203.999,True
3/31/2023 8:00:00 AM,3/31/2023 4:00:00 AM,SERC,WEST,EKPC,EKPC,1281.188,True
3/31/2023 9:00:00 AM,3/31/2023 5:00:00 AM,SERC,WEST,EKPC,EKPC,1258.062,True
3/31/2023 10:00:00 AM,3/31/2023 6:00:00 AM,SERC,WEST,EKPC,EKPC,1463.409,True
3/31/2023 11:00:00 AM,3/31/2023 7:00:00 AM,SERC,WEST,EKPC,EKPC,1415.481,True
3/31/2023 12:00:00 PM,3/31/2023 8:00:00 AM,SERC,WEST,EKPC,EKPC,1486.838,True
3/31/2023 1:00:00 PM,3/31/2023 9:00:00 AM,SERC,WEST,EKPC,EKPC,1533.047,True
3/31/2023 2:00:00 PM,3/31/2023 10:00:00 AM,SERC,WEST,EKPC,EKPC,1424.822,True
3/31/2023 3:00:00 PM,3/31/2023 11:00:00 AM,SERC,WEST,EKPC,EKPC,1502.610,True
3/31/2023 4:00:00 PM,3/31/2023 12:00:00 PM,SERC,WEST,EKPC,EKPC,1423.525,True
3/31/2023 5:00:00 PM,3/31/2023 1:00:00 PM,SERC,WEST,EKPC,EKPC,1482.919,True
3/31/2023 6:00:00 PM,3/31/2023 2:00:00 PM,SERC,WEST,EKPC,EKPC,1410.874,True
3/31/2023 7:00:00 PM,3/31/2023 3:00:00 PM,SERC,WEST,EKPC,EKPC,1347.771,True
3/31/2023 8:00:00 PM,3/31/2023 4:00:00 PM,SERC,WEST,EKPC,EKPC,1388.254,True
3/31/2023 9:00:00 PM,3/31/2023 5:00:00 PM,SERC,WEST,EKPC,EKPC,1401.988,True
3/31/2023 10:00:00 PM,3/31/2023 6:00:00 PM,SERC,WEST,EKPC,EKPC,1423.764,True
3/31/2023 11:00:00 PM,3/31/2023 7:00:00 PM,SERC,WEST,EKPC,EKPC,1301.447,True
4/1/2023 12:00:00 AM,3/31/2023 8:00:00 PM,SERC,WEST,EKPC,EKPC,1316.782,True
4/1/2023 1:00:00 AM,3/31/2023 9:00:00 PM,SERC,WEST,EKPC,EKPC,1261.465,True
4/1/2023 2:00:00 AM,3/31/2023 10:00:00 PM,SERC,WEST,EKPC,EKPC,1313.928,True
4/1/2023 3:00:00 AM,3/31/2023 11:00:00 PM,SERC,WEST,EKPC,EKPC,1205.783,True
4/1/2023 4:00:00 AM,4/1/2023 12:00:00 AM,SERC,WEST,EKPC,EKPC,1135.249,True
4/1/2023 5:00:00 AM,4/1/2023 1:00:00 AM,SERC,WEST,EKPC,EKPC,1073.429,True
4/1/2023 6:00:00 AM,4/1/2023 2:00:00 AM,SERC,WEST,EKPC,EKPC,1114.061,True
4/1/2023 7:00:00 AM,4/1/2023 3:00:00 AM,SERC,WEST,EKPC,EKPC,1017.129,True
4/1/2023 8:00:00 AM,4/1/2023 4:00:00 AM,SERC,WEST,EKPC,EKPC,1052.071,True
4/1/2023 9:00:00 AM,4/1/2023 5:00:00 AM,SERC,WEST,EKPC,EKPC,1121.012,True
4/1/2023 10:00:00 AM,4/1/2023 6:00:00 AM,SERC,WEST,EKPC,EKPC,1133.516,True
4/1/2023 11:00:00 AM,4/1/2023 7:00:00 AM,SERC,WEST,EKPC,EKPC,1229.071,True
4/1/2023 12:00:00 PM,4/1/2023 8:00:00 AM,SERC,WEST,EKPC,EKPC,1169.403,True
4/1/2023 1:00:00 PM,4/1/2023 9:00:00 AM,SERC,WEST,EKPC,EKPC,1163.262,True
4/1/2023 2:00:00 PM,4/1/2023 10:00:00 AM,SERC,WEST,EKPC,EKPC,1250.472,True
4/1/2023 3:00:00 PM,4/1/2023 11:00:00 AM,SERC,WEST,EKPC,EKPC,1242.703,True
4/1/2023 4:00:00 PM,4/1/2023 12:00:00 PM,SERC,WEST,EKPC,EKPC,1307.427,True
4/1/2023 5:00:00 PM,4/1/2023 1:00:00 PM,SERC,WEST,EKPC,EKPC,1269.125,True
4/1/2023 6:00:00 PM,4/1/2023 2:00:00 PM,SERC,WEST,EKPC,EKPC,1213.066,True
4/1/2023 7:00:00 PM,4/1/2023 3:00:00 PM,SERC,WEST,EKPC,EKPC,1243.114,True
4/1/2023 8:00:00 PM,4/1/2023 4:00:00 PM,SERC,WEST,EKPC,EKPC,1271.676,True
4/1/2023 9:00:00 PM,4/1/2023 5:00:00 PM,SERC,WEST,EKPC,EKPC,1332.746,True
4/1/2023 10:00:00 PM,4/1/2023 6:00:00 PM,SERC,WEST,EKPC,EKPC,1378.513,True
4/1/2023 11:00:00 PM,4/1/2023 7:00:00 PM,SERC,WEST,EKPC,EKPC,1404.901,True
4/2/2023 12:00:00 AM,4/1/2023 8:00:00 PM,SERC,WEST,EKPC,EKPC,1472.180,True
4/2/2023 1:00:00 AM,4/1/2023 9:00:00 PM,SERC,WEST,EKPC,EKPC,1416.636,True
4/2/2023 2:00:00 AM,4/1/2023 10:00:00 PM,SERC,WEST,EKPC,EKPC,1426.345,True
4/2/2023 3:00:00 AM,4/1/2023 11:00:00 PM,SERC,WEST,EKPC,EKPC,1402.457,True
4/2/2023 4:00:00 AM,4/2/2023 12:00:00 AM,SERC,WEST,EKPC,EKPC,1315.595,True
4/2/2023 5:00:00 AM,4/2/2023 1:00:00 AM,SERC,WEST,EKPC,EKPC,1289.856,True
4/2/2023 6:00:00 AM,4/2/2023 2:00:00 AM,SERC,WEST,EKPC,EKPC,1361.564,True
4/2/2023 7:00:00 AM,4/2/2023 3:00:00 AM,SERC,WEST,EKPC,EKPC,1373.348,True
4/2/2023 8:00:00 AM,4/2/2023 4:00:00 AM,SERC,WEST,EKPC,EKPC,1355.799,True
4/2/2023 9:00:00 AM,4/2/2023 5:00:00 AM,SERC,WEST,EKPC,EKPC,1433.957,True
4/2/2023 10:00:00 AM,4/2/2023 6:00:00 AM,SERC,WEST,EKPC,EKPC,1428.532,True
4/2/2023 11:00:00 AM,4/2/2023 7:00:00 AM,SERC,WEST,EKPC,EKPC,1501.349,True
4/2/2023 12:00:00 PM,4/2/2023 8:00:00 AM,SERC,WEST,EKPC,EKPC,1651.224,True
4/2/2023 1:00:00 PM,4/2/2023 9:00:00 AM,SERC,WEST,EKPC,EKPC,1616.976,True
4/2/2023 2:00:00 PM,4/2/2023 10:00:00 AM,SERC,WEST,EKPC,EKPC,1484.551,True
4/2/2023 3:00:00 PM,4/2/2023 11:00:00 AM,SERC,WEST,EKPC,EKPC,1393.798,True
4/2/2023 4:00:00 PM,4/2/2023 12:00:00 PM,SERC,WEST,EKPC,EKPC,1338.679,True
4/2/2023 5:00:00 PM,4/2/2023 1:00:00 PM,SERC,WEST,EKPC,EKPC,1288.610,True
4/2/2023 6:00:00 PM,4/2/2023 2:00:00 PM,SERC,WEST,EKPC,EKPC,1251.230,True
4/2/2023 7:00:00 PM,4/2/2023 3:00:00 PM,SERC,WEST,EKPC,EKPC,1158.295,True
4/2/2023 8:00:00 PM,4/2/2023 4:00:00 PM,SERC,WEST,EKPC,EKPC,1178.241,True
4/2/2023 9:00:00 PM,4/2/2023 5:00:00 PM,SERC,WEST,EKPC,EKPC,1169.879,True
4/2/2023 10:00:00 PM,4/2/2023 6:00:00 PM,SERC,WEST,EKPC,EKPC,1238.247,True
4/2/2023 11:00:00 PM,4/2/2023 7:00:00 PM,SERC,WEST,EKPC,EKPC,1183.287,True
4/3/2023 12:00:00 AM,4/2/2023 8:00:00 PM,SERC,WEST,EKPC,EKPC,1304.847,True
4/3/2023 1:00:00 AM,4/2/2023 9:00:00 PM,SERC,WEST,EKPC,EKPC,1412.901,True
4/3/2023 2:00:00 AM,4/2/2023 10:00:00 PM,SERC,WEST,EKPC,EKPC,1369.352,True
4/3/2023 3:00:00 AM,4/2/2023 11:00:00 PM,SERC,WEST,EKPC,EKPC,1250.394,True
4/3/2023 4:00:00 AM,4/3/2023 12:00:00 AM,SERC,WEST,EKPC,EKPC,1253.055,True
4/3/2023 5:00:00 AM,4/3/2023 1:00:00 AM,SERC,WEST,EKPC,EKPC,1279.290,True
4/3/2023 6:00:00 AM,4/3/2023 2:00:00 AM,SERC,WEST,EKPC,EKPC,1260.767,True
4/3/2023 7:00:00 AM,4/3/2023 3:00:00 AM,SERC,WEST,EKPC,EKPC,1238.899,True
4/3/2023 8:00:00 AM,4/3/2023 4:00:00 AM,SERC,WEST,EKPC,EKPC,1349.939,True
4/3/2023 9:00:00 AM,4/3/2023 5:00:00 AM,SERC,WEST,EKPC,EKPC,1415.369,True
4/3/2023 10:00:00 AM,4/3/2023 6:00:00 AM,SERC,WEST,EKPC,EKPC,1537.582,True
4/3/2023 11:00:00 AM,4/3/2023 7:00:00 AM,SERC,WEST,EKPC,EKPC,1606.160,True
4/3/2023 12:00:00 PM,4/3/2023 8:00:00 AM,SERC,WEST,EKPC,EKPC,1554.192,True
4/3/2023 1:00:00 PM,4/3/2023 9:00:00 AM,SERC,WEST,EKPC,EKPC,1470.362,True
4/3/2023 2:00:00 PM,4/3/2023 10:00:00 AM,SERC,WEST,EKPC,EKPC,1418.011,True
4/3/2023 3:00:00 PM,4/3/2023 11:00:00 AM,SERC,WEST,EKPC,EKPC,1380.195,True
4/3/2023 4:00:00 PM,4/3/2023 12:00:00 PM,SERC,WEST,EKPC,EKPC,1384.967,True
4/3/2023 5:00:00 PM,4/3/2023 1:00:00 PM,SERC,WEST,EKPC,EKPC,1372.991,True
4/3/2023 6:00:00 PM,4/3/2023 2:00:00 PM,SERC,WEST,EKPC,EKPC,1322.289,True
4/3/2023 7:00:00 PM,4/3/2023 3:00:00 PM,SERC,WEST,EKPC,EKPC,1285.088,True
4/3/2023 8:00:00 PM,4/3/2023 4:00:00 PM,SERC,WEST,EKPC,EKPC,1279.140,True
4/3/2023 9:00:00 PM,4/3/2023 5:00:00 PM,SERC,WEST,EKPC,EKPC,1293.874,True
4/3/2023 10:00:00 PM,4/3/2023 6:00:00 PM,SERC,WEST,EKPC,EKPC,1249.556,True
4/3/2023 11:00:00 PM,4/3/2023 7:00:00 PM,SERC,WEST,EKPC,EKPC,1258.484,True
4/4/2023 12:00:00 AM,4/3/2023 8:00:00 PM,SERC,WEST,EKPC,EKPC,1337.616,True
4/4/2023 1:00:00 AM,4/3/2023 9:00:00 PM,SERC,WEST,EKPC,EKPC,1362.321,True
4/4/2023 2:00:00 AM,4/3/2023 10:00:00 PM,SERC,WEST,EKPC,EKPC,1215.998,True
4/4/2023 3:00:00 AM,4/3/2023 11:00:00 PM,SERC,WEST,EKPC,EKPC,1226.147,True
4/4/2023 4:00:00 AM,4/4/2023 12:00:00 AM,SERC,WEST,EKPC,EKPC,1175.043,True
4/4/2023 5:00:00 AM,4/4/2023 1:00:00 AM,SERC,WEST,EKPC,EKPC,1159.072,True
4/4/2023 6:00:00 AM,4/4/2023 2:00:00 AM,SERC,WEST,EKPC,EKPC,1130.182,True
4/4/2023 7:00:00 AM,4/4/2023 3:00:00 AM,SERC,WEST,EKPC,EKPC,1106.205,True
4/4/2023 8:00:00 AM,4/4/2023 4:00:00 AM,SERC,WEST,EKPC,EKPC,1095.238,True
4/4/2023 9:00:00 AM,4/4/2023 5:00:00 AM,SERC,WEST,EKPC,EKPC,1139.787,True
4/4/2023 10:00:00 AM,4/4/2023 6:00:00 AM,SERC,WEST,EKPC,EKPC,1238.780,True
4/4/2023 11:00:00 AM,4/4/2023 7:00:00 AM,SERC,WEST,EKPC,EKPC,1288.098,True
4/4/2023 12:00:00 PM,4/4/2023 8:00:00 AM,SERC,WEST,EKPC,EKPC,1281.536,True
4/4/2023 1:00:00 PM,4/4/2023 9:00:00 AM,SERC,WEST,EKPC,EKPC,1277.024,True
4/4/2023 2:00:00 PM,4/4/2023 10:00:00 AM,SERC,WEST,EKPC,EKPC,1238.686,True
4/4/2023 3:00:00 PM,4/4/2023 11:00:00 AM,SERC,WEST,EKPC,EKPC,1302.787,True
4/4/2023 4:00:00 PM,4/4/2023 12:00:00 PM,SERC,WEST,EKPC,EKPC,1284.337,True
4/4/2023 5:00:00 PM,4/4/2023 1:00:00 PM,SERC,WEST,EKPC,EKPC,1294.569,True
4/4/2023 6:00:00 PM,4/4/2023 2:00:00 PM,SERC,WEST,EKPC,EKPC,1312.634,True
4/4/2023 7:00:00 PM,4/4/2023 3:00:00 PM,SERC,WEST,EKPC,EKPC,1320.480,True
4/4/2023 8:00:00 PM,4/4/2023 4:00:00 PM,SERC,WEST,EKPC,EKPC,1355.699,True
4/4/2023 9:00:00 PM,4/4/2023 5:00:00 PM,SERC,WEST,EKPC,EKPC,1437.780,True
4/4/2023 10:00:00 PM,4/4/2023 6:00:00 PM,SERC,WEST,EKPC,EKPC,1493.034,True
4/4/2023 11:00:00 PM,4/4/2023 7:00:00 PM,SERC,WEST,EKPC,EKPC,1519.905,True
4/5/2023 12:00:00 AM,4/4/2023 8:00:00 PM,SERC,WEST,EKPC,EKPC,1514.314,True
4/5/2023 1:00:00 AM,4/4/2023 9:00:00 PM,SERC,WEST,EKPC,EKPC,1542.992,True
4/5/2023 2:00:00 AM,4/4/2023 10:00:00 PM,SERC,WEST,EKPC,EKPC,1354.134,True
4/5/2023 3:00:00 AM,4/4/2023 11:00:00 PM,SERC,WEST,EKPC,EKPC,1260.926,True
4/5/2023 4:00:00 AM,4/5/2023 12:00:00 AM,SERC,WEST,EKPC,EKPC,1162.748,True
4/5/2023 5:00:00 AM,4/5/2023 1:00:00 AM,SERC,WEST,EKPC,EKPC,1046.650,True
4/5/2023 6:00:00 AM,4/5/2023 2:00:00 AM,SERC,WEST,EKPC,EKPC,1083.728,True
4/5/2023 7:00:00 AM,4/5/2023 3:00:00 AM,SERC,WEST,EKPC,EKPC,1132.189,True
4/5/2023 8:00:00 AM,4/5/2023 4:00:00 AM,SERC,WEST,EKPC,EKPC,1109.158,True
4/5/2023 9:00:00 AM,4/5/2023 5:00:00 AM,SERC,WEST,EKPC,EKPC,1183.611,True
4/5/2023 10:00:00 AM,4/5/2023 6:00:00 AM,SERC,WEST,EKPC,EKPC,1158.920,True
4/5/2023 11:00:00 AM,4/5/2023 7:00:00 AM,SERC,WEST,EKPC,EKPC,1205.208,True
4/5/2023 12:00:00 PM,4/5/2023 8:00:00 AM,SERC,WEST,EKPC,EKPC,1207.977,True
4/5/2023 1:00:00 PM,4/5/2023 9:00:00 AM,SERC,WEST,EKPC,EKPC,1245.517,True
4/5/2023 2:00:00 PM,4/5/2023 10:00:00 AM,SERC,WEST,EKPC,EKPC,1392.662,True
4/5/2023 3:00:00 PM,4/5/2023 11:00:00 AM,SERC,WEST,EKPC,EKPC,1399.077,True
4/5/2023 4:00:00 PM,4/5/2023 12:00:00 PM,SERC,WEST,EKPC,EKPC,1384.647,True
4/5/2023 5:00:00 PM,4/5/2023 1:00:00 PM,SERC,WEST,EKPC,EKPC,1402.505,True
4/5/2023 6:00:00 PM,4/5/2023 2:00:00 PM,SERC,WEST,EKPC,EKPC,1459.647,True
4/5/2023 7:00:00 PM,4/5/2023 3:00:00 PM,SERC,WEST,EKPC,EKPC,1497.811,True
4/5/2023 8:00:00 PM,4/5/2023 4:00:00 PM,SERC,WEST,EKPC,EKPC,1471.817,True
4/5/2023 9:00:00 PM,4/5/2023 5:00:00 PM,SERC,WEST,EKPC,EKPC,1476.854,True
4/5/2023 10:00:00 PM,4/5/2023 6:00:00 PM,SERC,WEST,EKPC,EKPC,1442.638,True
4/5/2023 11:00:00 PM,4/5/2023 7:00:00 PM,SERC,WEST,EKPC,EKPC,1383.352,True
4/6/2023 12:00:00 AM,4/5/2023 8:00:00 PM,SERC,WEST,EKPC,EKPC,1363.500,True
4/6/2023 1:00:00 AM,4/5/2023 9:00:00 PM,SERC,WEST,EKPC,EKPC,1315.214,True
4/6/2023 2:00:00 AM,4/5/2023 10:00:00 PM,SERC,WEST,EKPC,EKPC,1208.071,True
4/6/2023 3:00:00 AM,4/5/2023 11:00:00 PM,SERC,WEST,EKPC,EKPC,1095.043,True
4/6/2023 4:00:00 AM,4/6/2023 12:00:00 AM,SERC,WEST,EKPC,EKPC,994.610,True
4/6/2023 5:00:00 AM,4/6/2023 1:00:00 AM,SERC,WEST,EKPC,EKPC,996.046,True
4/6/2023 6:00:00 AM,4/6/2023 2:00:00 AM,SERC,WEST,EKPC,EKPC,941.711,True
4/6/2023 7:00:00 AM,4/6/2023 3:00:00 AM,SERC,WEST,EKPC,EKPC,971.493,True
4/6/2023 8:00:00 AM,4/6/2023 4:00:00 AM,SERC,WEST,EKPC,EKPC,1109.840,True
4/6/2023 9:00:00 AM,4/6/2023 5:00:00 AM,SERC,WEST,EKPC,EKPC,1104.128,True
4/6/2023 10:00:00 AM,4/6/2023 6:00:00 AM,SERC,WEST,EKPC,EKPC,1180.031,True
4/6/2023 11:00:00 AM,4/6/2023 7:00:00 AM,SERC,WEST,EKPC,EKPC,1237.471,True
4/6/2023 12:00:00 PM,4/6/2023 8:00:00 AM,SERC,WEST,EKPC,EKPC,1269.976,True
4/6/2023 1:00:00 PM,4/6/2023 9:00:00 AM,SERC,WEST,EKPC,EKPC,1347.890,True
4/6/2023 2:00:00 PM,4/6/2023 10:00:00 AM,SERC,WEST,EKPC,EKPC,1377.915,True
4/6/2023 3:00:00 PM,4/6/2023 11:00:00 AM,SERC,WEST,EKPC,EKPC,1427.722,True
4/6/2023 4:00:00 PM,4/6/2023 12:00:00 PM,SERC,WEST,EKPC,EKPC,1401.340,True
4/6/2023 5:00:00 PM,4/6/2023 1:00:00 PM,SERC,WEST,EKPC,EKPC,1430.820,True
4/6/2023 6:00:00 PM,4/6/2023 2:00:00 PM,SERC,WEST,EKPC,EKPC,1401.427,True
4/6/2023 7:00:00 PM,4/6/2023 3:00:00 PM,SERC,WEST,EKPC,EKPC,1370.706,True
4/6/2023 8:00:00 PM,4/6/2023 4:00:00 PM,SERC,WEST,EKPC,EKPC,1313.095,True
4/6/2023 9:00:00 PM,4/6/2023 5:00:00 PM,SERC,WEST,EKPC,EKPC,1360.305,True
4/6/2023 10:00:00 PM,4/6/2023 6:00:00 PM,SERC,WEST,EKPC,EKPC,1531.332,True
4/6/2023 11:00:00 PM,4/6/2023 7:00:00 PM,SERC,WEST,EKPC,EKPC,1549.716,True
4/7/2023 12:00:00 AM,4/6/2023 8:00:00 PM,SERC,WEST,EKPC,EKPC,1487.422,True
4/7/2023 1:00:00 AM,4/6/2023 9:00:00 PM,SERC,WEST,EKPC,EKPC,1425.163,True
4/7/2023 2:00:00 AM,4/6/2023 10:00:00 PM,SERC,WEST,EKPC,EKPC,1359.072,True
4/7/2023 3:00:00 AM,4/6/2023 11:00:00 PM,SERC,WEST,EKPC,EKPC,1318.937,True
4/7/2023 4:00:00 AM,4/7/2023 12:00:00 AM,SERC,WEST,EKPC,EKPC,1246.728,True
4/7/2023 5:00:00 AM,4/7/2023 1:00:00 AM,SERC,WEST,EKPC,EKPC,1195.818,True
4/7/2023 6:00:00 AM,4/7/2023 2:00:00 AM,SERC,WEST,EKPC,EKPC,1193.208,True
4/7/2023 7:00:00 AM,4/7/2023 3:00:00 AM,SERC,WEST,EKPC,EKPC,1189.267,True
4/7/2023 8:00:00 AM,4/7/2023 4:00:00 AM,SERC,WEST,EKPC,EKPC,1224.186,True
4/7/2023 9:00:00 AM,4/7/2023 5:00:00 AM,SERC,WEST,EKPC,EKPC,1366.185,True
4/7/2023 10:00:00 AM,4/7/2023 6:00:00 AM,SERC,WEST,EKPC,EKPC,1490.948,True
4/7/2023 11:00:00 AM,4/7/2023 7:00:00 AM,SERC,WEST,EKPC,EKPC,1590.740,True
4/7/2023 12:00:00 PM,4/7/2023 8:00:00 AM,SERC,WEST,EKPC,EKPC,1595.794,True
4/7/2023 1:00:00 PM,4/7/2023 9:00:00 AM,SERC,WEST,EKPC,EKPC,1579.539,True
4/7/2023 2:00:00 PM,4/7/2023 10:00:00 AM,SERC,WEST,EKPC,EKPC,1513.591,True
4/7/2023 3:00:00 PM,4/7/2023 11:00:00 AM,SERC,WEST,EKPC,EKPC,1460.916,True
4/7/2023 4:00:00 PM,4/7/2023 12:00:00 PM,SERC,WEST,EKPC,EKPC,1504.365,True
4/7/2023 5:00:00 PM,4/7/2023 1:00:00 PM,SERC,WEST,EKPC,EKPC,1449.566,True
4/7/2023 6:00:00 PM,4/7/2023 2:00:00 PM,SERC,WEST,EKPC,EKPC,1416.976,True
4/7/2023 7:00:00 PM,4/7/2023 3:00:00 PM,SERC,WEST,EKPC,EKPC,1314.916,True
4/7/2023 8:00:00 PM,4/7/2023 4:00:00 PM,SERC,WEST,EKPC,EKPC,1374.760,True
4/7/2023 9:00:00 PM,4/7/2023 5:00:00 PM,SERC,WEST,EKPC,EKPC,1385.715,True
4/7/2023 10:00:00 PM,4/7/2023 6:00:00 PM,SERC,WEST,EKPC,EKPC,1401.378,True
4/7/2023 11:00:00 PM,4/7/2023 7:00:00 PM,SERC,WEST,EKPC,EKPC,1432.216,True
4/8/2023 12:00:00 AM,4/7/2023 8:00:00 PM,SERC,WEST,EKPC,EKPC,1420.203,True
4/8/2023 1:00:00 AM,4/7/2023 9:00:00 PM,SERC,WEST,EKPC,EKPC,1402.201,True
4/8/2023 2:00:00 AM,4/7/2023 10:00:00 PM,SERC,WEST,EKPC,EKPC,1475.024,True
4/8/2023 3:00:00 AM,4/7/2023 11:00:00 PM,SERC,WEST,EKPC,EKPC,1424.752,True
4/8/2023 4:00:00 AM,4/8/2023 12:00:00 AM,SERC,WEST,EKPC,EKPC,1410.615,True
4/8/2023 5:00:00 AM,4/8/2023 1:00:00 AM,SERC,WEST,EKPC,EKPC,1329.631,True
4/8/2023 6:00:00 AM,4/8/2023 2:00:00 AM,SERC,WEST,EKPC,EKPC,1335.340,True
4/8/2023 7:00:00 AM,4/8/2023 3:00:00 AM,SERC,WEST,EKPC,EKPC,1408.715,True
4/8/2023 8:00:00 AM,4/8/2023 4:00:00 AM,SERC,WEST,EKPC,EKPC,1324.027,True
4/8/2023 9:00:00 AM,4/8/2023 5:00:00 AM,SERC,WEST,EKPC,EKPC,1413.314,True
4/8/2023 10:00:00 AM,4/8/2023 6:00:00 AM,SERC,WEST,EKPC,EKPC,1449.920,True
4/8/2023 11:00:00 AM,4/8/2023 7:00:00 AM,SERC,WEST,EKPC,EKPC,1533.508,True
4/8/2023 12:00:00 PM,4/8/2023 8:00:00 AM,SERC,WEST,EKPC,EKPC,1671.589,True
4/8/2023 1:00:00 PM,4/8/2023 9:00:00 AM,SERC,WEST,EKPC,EKPC,1650.899,True
4/8/2023 2:00:00 PM,4/8/2023 10:00:00 AM,SERC,WEST,EKPC,EKPC,1679.437,True
4/8/2023 3:00:00 PM,4/8/2023 11:00:00 AM,SERC,WEST,EKPC,EKPC,1630.975,True
4/8/2023 4:00:00 PM,4/8/2023 12:00:00 PM,SERC,WEST,EKPC,EKPC,1553.882,True
4/8/2023 5:00:00 PM,4/8/2023 1:00:00 PM,SERC,WEST,EKPC,EKPC,1490.936,True
4/8/2023 6:00:00 PM,4/8/2023 2:00:00 PM,SERC,WEST,EKPC,EKPC,1363.580,True
4/8/2023 7:00:00 PM,4/8/2023 3:00:00 PM,SERC,WEST,EKPC,EKPC,1435.785,True
4/8/2023 8:00:00 PM,4/8/2023 4:00:00 PM,SERC,WEST,EKPC,EKPC,1345.627,True
4/8/2023 9:00:00 PM,4/8/2023 5:00:00 PM,SERC,WEST,EKPC,EKPC,1356.902,True
4/8/2023 10:00:00 PM,4/8/2023 6:00:00 PM,SERC,WEST,EKPC,EKPC,1416.888,True
4/8/2023 11:00:00 PM,4/8/2023 7:00:00 PM,SERC,WEST,EKPC,EKPC,1387.089,True
4/9/2023 12:00:00 AM,4/8/2023 8:00:00 PM,SERC,WEST,EKPC,EKPC,1543.759,True
4/9/2023 1:00:00 AM,4/8/2023 9:00:00 PM,SERC,WEST,EKPC,EKPC,1526.120,True
4/9/2023 2:00:00 AM,4/8/2023 10:00:00 PM,SERC,WEST,EKPC,EKPC,1485.950,True
4/9/2023 3:00:00 AM,4/8/2023 11:00:00 PM,SERC,WEST,EKPC,EKPC,1450.166,True
4/9/2023 4:00:00 AM,4/9/2023 12:00:00 AM,SERC,WEST,EKPC,EKPC,1430.288,True
4/9/2023 5:00:00 AM,4/9/2023 1:00:00 AM,SERC,WEST,EKPC,EKPC,1375.474,True
4/9/2023 6:00:00 AM,4/9/2023 2:00:00 AM,SERC,WEST,EKPC,EKPC,1301.388,True
4/9/2023 7:00:00 AM,4/9/2023 3:00:00 AM,SERC,WEST,EKPC,EKPC,1379.667,True
4/9/2023 8:00:00 AM,4/9/2023 4:00:00 AM,SERC,WEST,EKPC,EKPC,1477.933,True
4/9/2023 9:00:00 AM,4/9/2023 5:00:00 AM,SERC,WEST,EKPC,EKPC,1503.993,True
4/9/2023 10:00:00 AM,4/9/2023 6:00:00 AM,SERC,WEST,EKPC,EKPC,1638.698,True
4/9/2023 11:00:00 AM,4/9/2023 7:00:00 AM,SERC,WEST,EKPC,EKPC,1728.411,True
4/9/2023 12:00:00 PM,4/9/2023 8:00:00 AM,SERC,WEST,EKPC,EKPC,1749.671,True
4/9/2023 1:00:00 PM,4/9/2023 9:00:00 AM,SERC,WEST,EKPC,EKPC,1708.844,True
4/9/2023 2:00:00 PM,4/9/2023 10:00:00 AM,SERC,WEST,EKPC,EKPC,1602.086,True
4/9/2023 3:00:00 PM,4/9/2023 11:00:00 AM,SERC,WEST,EKPC,EKPC,1400.020,True
4/9/2023 4:00:00 PM,4/9/2023 12:00:00 PM,SERC,WEST,EKPC,EKPC,1329.509,True
4/9/2023 5:00:00 PM,4/9/2023 1:00:00 PM,SERC,WEST,EKPC,EKPC,1272.584,True
4/9/2023 6:00:00 PM,4/9/2023 2:00:00 PM,SERC,WEST,EKPC,EKPC,1279.997,True
4/9/2023 7:00:00 PM,4/9/2023 3:00:00 PM,SERC,WEST,EKPC,EKPC,1222.793,True
4/9/2023 8:00:00 PM,4/9/2023 4:00:00 PM,SERC,WEST,EKPC,EKPC,1165.840,True
4/9/2023 9:00:00 PM,4/9/2023 5:00:00 PM,SERC,WEST,EKPC,EKPC,1237.698,True
4/9/2023 10:00:00 PM,4/9/2023 6:00:00 PM,SERC,WEST,EKPC,EKPC,1297.471,True
4/9/2023 11:00:00 PM,4/9/2023 7:00:00 PM,SERC,WEST,EKPC,EKPC,1353.205,True
4/10/2023 12:00:00 AM,4/9/2023 8:00:00 PM,SERC,WEST,EKPC,EKPC,1388.149,True
4/10/2023 1:00:00 AM,4/9/2023 9:00:00 PM,SERC,WEST,EKPC,EKPC,1414.677,True
4/10/2023 2:00:00 AM,4/9/2023 10:00:00 PM,SERC,WEST,EKPC,EKPC,1364.576,True
4/10/2023 3:00:00 AM,4/9/2023 11:00:00 PM,SERC,WEST,EKPC,EKPC,1225.641,True
4/10/2023 4:00:00 AM,4/10/2023 12:00:00 AM,SERC,WEST,EKPC,EKPC,1096.719,True
4/10/2023 5:00:00 AM,4/10/2023 1:00:00 AM,SERC,WEST,EKPC,EKPC,1192.559,True
4/10/2023 6:00:00 AM,4/10/2023 2:00:00 AM,SERC,WEST,EKPC,EKPC,1281.775,True
4/10/2023 7:00:00 AM,4/10/2023 3:00:00 AM,SERC,WEST,EKPC,EKPC,1339.344,True
4/10/2023 8:00:00 AM,4/10/2023 4:00:00 AM,SERC,WEST,EKPC,EKPC,1393.313,True
4/10/2023 9:00:00 AM,4/10/2023 5:00:00 AM,SERC,WEST,EKPC,EKPC,1519.308,True
4/10/2023 10:00:00 AM,4/10/2023 6:00:00 AM,SERC,WEST,EKPC,EKPC,1689.238,True
4/10/2023 11:00:00 AM,4/10/2023 7:00:00 AM,SERC,WEST,EKPC,EKPC,1801.957,True
4/10/2023 12:00:00 PM,4/10/2023 8:00:00 AM,SERC,WEST,EKPC,EKPC,1634.661,True
4/10/2023 1:00:00 PM,4/10/2023 9:00:00 AM,SERC,WEST,EKPC,EKPC,1547.597,True
4/10/2023 2:00:00 PM,4/10/2023 10:00:00 AM,SERC,WEST,EKPC,EKPC,1497.354,True
4/10/2023 3:00:00 PM,4/10/2023 11:00:00 AM,SERC,WEST,EKPC,EKPC,1442.507,True
4/10/2023 4:00:00 PM,4/10/2023 12:00:00 PM,SERC,WEST,EKPC,EKPC,1346.481,True
4/10/2023 5:00:00 PM,4/10/2023 1:00:00 PM,SERC,WEST,EKPC,EKPC,1381.032,True
4/10/2023 6:00:00 PM,4/10/2023 2:00:00 PM,SERC,WEST,EKPC,EKPC,1315.232,True
4/10/2023 7:00:00 PM,4/10/2023 3:00:00 PM,SERC,WEST,EKPC,EKPC,1244.896,True
4/10/2023 8:00:00 PM,4/10/2023 4:00:00 PM,SERC,WEST,EKPC,EKPC,1327.276,True
4/10/2023 9:00:00 PM,4/10/2023 5:00:00 PM,SERC,WEST,EKPC,EKPC,1379.452,True
4/10/2023 10:00:00 PM,4/10/2023 6:00:00 PM,SERC,WEST,EKPC,EKPC,1283.736,True
4/10/2023 11:00:00 PM,4/10/2023 7:00:00 PM,SERC,WEST,EKPC,EKPC,1300.401,True
4/11/2023 12:00:00 AM,4/10/2023 8:00:00 PM,SERC,WEST,EKPC,EKPC,1425.217,True
4/11/2023 1:00:00 AM,4/10/2023 9:00:00 PM,SERC,WEST,EKPC,EKPC,1443.989,True
4/11/2023 2:00:00 AM,4/10/2023 10:00:00 PM,SERC,WEST,EKPC,EKPC,1350.699,True
4/11/2023 3:00:00 AM,4/10/2023 11:00:00 PM,SERC,WEST,EKPC,EKPC,1299.638,True
4/11/2023 4:00:00 AM,4/11/2023 12:00:00 AM,SERC,WEST,EKPC,EKPC,1196.892,True
4/11/2023 5:00:00 AM,4/11/2023 1:00:00 AM,SERC,WEST,EKPC,EKPC,1155.298,True
4/11/2023 6:00:00 AM,4/11/2023 2:00:00 AM,SERC,WEST,EKPC,EKPC,1146.586,True
4/11/2023 7:00:00 AM,4/11/2023 3:00:00 AM,SERC,WEST,EKPC,EKPC,1218.540,True
4/11/2023 8:00:00 AM,4/11/2023 4:00:00 AM,SERC,WEST,EKPC,EKPC,1240.421,True
4/11/2023 9:00:00 AM,4/11/2023 5:00:00 AM,SERC,WEST,EKPC,EKPC,1307.593,True
4/11/2023 10:00:00 AM,4/11/2023 6:00:00 AM,SERC,WEST,EKPC,EKPC,1555.149,True
4/11/2023 11:00:00 AM,4/11/2023 7:00:00 AM,SERC,WEST,EKPC,EKPC,1513.167,True
4/11/2023 12:00:00 PM,4/11/2023 8:00:00 AM,SERC,WEST,EKPC,EKPC,1516.222,True
4/11/2023 1:00:00 PM,4/11/2023 9:00:00 AM,SERC,WEST,EKPC,EKPC,1367.718,True
4/11/2023 2:00:00 PM,4/11/2023 10:00:00 AM,SERC,WEST,EKPC,EKPC,1395.758,True
4/11/2023 3:00:00 PM,4/11/2023 11:00:00 AM,SERC,WEST,EKPC,EKPC,1336.996,True
4/11/2023 4:00:00 PM,4/11/2023 12:00:00 PM,SERC,WEST,EKPC,EKPC,1298.530,True
4/11/2023 5:00:00 PM,4/11/2023 1:00:00 PM,SERC,WEST,EKPC,EKPC,1260.024,True
4/11/2023 6:00:00 PM,4/11/2023 2:00:00 PM,SERC,WEST,EKPC,EKPC,1298.463,True
4/11/2023 7:00:00 PM,4/11/2023 3:00:00 PM,SERC,WEST,EKPC,EKPC,1355.256,True
4/11/2023 8:00:00 PM,4/11/2023 4:00:00 PM,SERC,WEST,EKPC,EKPC,1369.976,True
4/11/2023 9:00:00 PM,4/11/2023 5:00:00 PM,SERC,WEST,EKPC,EKPC,1365.675,True
4/11/2023 10:00:00 PM,4/11/2023 6:00:00 PM,SERC,WEST,EKPC,EKPC,1317.014,True
4/11/2023 11:00:00 PM,4/11/2023 7:00:00 PM,SERC,WEST,EKPC,EKPC,1312.811,True
4/12/2023 12:00:00 AM,4/11/2023 8:00:00 PM,SERC,WEST,EKPC,EKPC,1361.366,True
4/12/2023 1:00:00 AM,4/11/2023 9:00:00 PM,SERC,WEST,EKPC,EKPC,1378.741,True
4/12/2023 2:00:00 AM,4/11/2023 10:00:00 PM,SERC,WEST,EKPC,EKPC,1323.496,True
4/12/2023 3:00:00 AM,4/11/2023 11:00:00 PM,SERC,WEST,EKPC,EKPC,1223.402,True
4/12/2023 4:00:00 AM,4/12/2023 12:00:00 AM,SERC,WEST,EKPC,EKPC,1107.980,True
4/12/2023 5:00:00 AM,4/12/2023 1:00:00 AM,SERC,WEST,EKPC,EKPC,1106.257,True
4/12/2023 6:00:00 AM,4/12/2023 2:00:00 AM,SERC,WEST,EKPC,EKPC,1032.801,True
4/12/2023 7:00:00 AM,4/12/2023 3:00:00 AM,SERC,WEST,EKPC,EKPC,1098.549,True
4/12/2023 8:00:00 AM,4/12/2023 4:00:00 AM,SERC,WEST,EKPC,EKPC,1082.433,True
4/12/2023 9:00:00 AM,4/12/2023 5:00:00 AM,SERC,WEST,EKPC,EKPC,1120.153,True
4/12/2023 10:00:00 AM,4/12/2023 6:00:00 AM,SERC,WEST,EKPC,EKPC,1291.077,True
4/12/2023 11:00:00 AM,4/12/2023 7:00:00 AM,SERC,WEST,EKPC,EKPC,1362.356,True
4/12/2023 12:00:00 PM,4/12/2023 8:00:00 AM,SERC,WEST,EKPC,EKPC,1285.920,True
4/12/2023 1:00:00 PM,4/12/2023 9:00:00 AM,SERC,WEST,EKPC,EKPC,1219.706,True
4/12/2023 2:00:00 PM,4/12/2023 10:00:00 AM,SERC,WEST,EKPC,EKPC,1171.071,True
4/12/2023 3:00:00 PM,4/12/2023 11:00:00 AM,SERC,WEST,EKPC,EKPC,1149.713,True
4/12/2023 4:00:00 PM,4/12/2023 12:00:00 PM,SERC,WEST,EKPC,EKPC,1143.225,True
4/12/2023 5:00:00 PM,4/12/2023 1:00:00 PM,SERC,WEST,EKPC,EKPC,1148.633,True
4/12/2023 6:00:00 PM,4/12/2023 2:00:00 PM,SERC,WEST,EKPC,EKPC,1159.412,True
4/12/2023 7:00:00 PM,4/12/2023 3:00:00 PM,SERC,WEST,EKPC,EKPC,1265.078,True
4/12/2023 8:00:00 PM,4/12/2023 4:00:00 PM,SERC,WEST,EKPC,EKPC,1327.882,True
4/12/2023 9:00:00 PM,4/12/2023 5:00:00 PM,SERC,WEST,EKPC,EKPC,1384.998,True
4/12/2023 10:00:00 PM,4/12/2023 6:00:00 PM,SERC,WEST,EKPC,EKPC,1436.485,True
4/12/2023 11:00:00 PM,4/12/2023 7:00:00 PM,SERC,WEST,EKPC,EKPC,1370.138,True
4/13/2023 12:00:00 AM,4/12/2023 8:00:00 PM,SERC,WEST,EKPC,EKPC,1390.633,True
4/13/2023 1:00:00 AM,4/12/2023 9:00:00 PM,SERC,WEST,EKPC,EKPC,1492.306,True
4/13/2023 2:00:00 AM,4/12/2023 10:00:00 PM,SERC,WEST,EKPC,EKPC,1329.854,True
4/13/2023 3:00:00 AM,4/12/2023 11:00:00 PM,SERC,WEST,EKPC,EKPC,1205.935,True
4/13/2023 4:00:00 AM,4/13/2023 12:00:00 AM,SERC,WEST,EKPC,EKPC,1187.034,True
4/13/2023 5:00:00 AM,4/13/2023 1:00:00 AM,SERC,WEST,EKPC,EKPC,1089.620,True
4/13/2023 6:00:00 AM,4/13/2023 2:00:00 AM,SERC,WEST,EKPC,EKPC,1060.248,True
4/13/2023 7:00:00 AM,4/13/2023 3:00:00 AM,SERC,WEST,EKPC,EKPC,1056.321,True
4/13/2023 8:00:00 AM,4/13/2023 4:00:00 AM,SERC,WEST,EKPC,EKPC,1146.354,True
4/13/2023 9:00:00 AM,4/13/2023 5:00:00 AM,SERC,WEST,EKPC,EKPC,1239.171,True
4/13/2023 10:00:00 AM,4/13/2023 6:00:00 AM,SERC,WEST,EKPC,EKPC,1353.747,True
4/13/2023 11:00:00 AM,4/13/2023 7:00:00 AM,SERC,WEST,EKPC,EKPC,1400.754,True
4/13/2023 12:00:00 PM,4/13/2023 8:00:00 AM,SERC,WEST,EKPC,EKPC,1377.765,True
4/13/2023 1:00:00 PM,4/13/2023 9:00:00 AM,SERC,WEST,EKPC,EKPC,1227.328,True
4/13/2023 2:00:00 PM,4/13/2023 10:00:00 AM,SERC,WEST,EKPC,EKPC,1187.918,True
4/13/2023 3:00:00 PM,4/13/2023 11:00:00 AM,SERC,WEST,EKPC,EKPC,1167.869,True
4/13/2023 4:00:00 PM,4/13/2023 12:00:00 PM,SERC,WEST,EKPC,EKPC,1178.140,True
4/13/2023 5:00:00 PM,4/13/2023 1:00:00 PM,SERC,WEST,EKPC,EKPC,1277.765,True
4/13/2023 6:00:00 PM,4/13/2023 2:00:00 PM,SERC,WEST,EKPC,EKPC,1397.243,True
4/13/2023 7:00:00 PM,4/13/2023 3:00:00 PM,SERC,WEST,EKPC,EKPC,1465.149,True
4/13/2023 8:00:00 PM,4/13/2023 4:00:00 PM,SERC,WEST,EKPC,EKPC,1472.041,True
4/13/2023 9:00:00 PM,4/13/2023 5:00:00 PM,SERC,WEST,EKPC,EKPC,1538.792,True
4/13/2023 10:00:00 PM,4/13/2023 6:00:00 PM,SERC,WEST,EKPC,EKPC,1580.856,True
4/13/2023 11:00:00 PM,4/13/2023 7:00:00 PM,SERC,WEST,EKPC,EKPC,1577.892,True
4/14/2023 12:00:00 AM,4/13/2023 8:00:00 PM,SERC,WEST,EKPC,EKPC,1502.959,True
4/14/2023 1:00:00 AM,4/13/2023 9:00:00 PM,SERC,WEST,EKPC,EKPC,1378.870,True
4/14/2023 2:00:00 AM,4/13/2023 10:00:00 PM,SERC,WEST,EKPC,EKPC,1270.225,True
4/14/2023 3:00:00 AM,4/13/2023 11:00:00 PM,SERC,WEST,EKPC,EKPC,1170.725,True
4/14/2023 4:00:00 AM,4/14/2023 12:00:00 AM,SERC,WEST,EKPC,EKPC,1031.357,True
4/14/2023 5:00:00 AM,4/14/2023 1:00:00 AM,SERC,WEST,EKPC,EKPC,1045.041,True
4/14/2023 6:00:00 AM,4/14/2023 2:00:00 AM,SERC,WEST,EKPC,EKPC,1062.204,True
4/14/2023 7:00:00 AM,4/14/2023 3:00:00 AM,SERC,WEST,EKPC,EKPC,1052.345,True
4/14/2023 8:00:00 AM,4/14/2023 4:00:00 AM,SERC,WEST,EKPC,EKPC,1082.895,True
4/14/2023 9:00:00 AM,4/14/2023 5:00:00 AM,SERC,WEST,EKPC,EKPC,1127.239,True
4/14/2023 10:00:00 AM,4/14/2023 6:00:00 AM,SERC,WEST,EKPC,EKPC,1248.651,True
4/14/2023 11:00:00 AM,4/14/2023 7:00:00 AM,SERC,WEST,EKPC,EKPC,1293.505,True
4/14/2023 12:00:00 PM,4/14/2023 8:00:00 AM,SERC,WEST,EKPC,EKPC,1182.345,True
4/14/2023 1:00:00 PM,4/14/2023 9:00:00 AM,SERC,WEST,EKPC,EKPC,1162.015,True
4/14/2023 2:00:00 PM,4/14/2023 10:00:00 AM,SERC,WEST,EKPC,EKPC,1256.947,True
4/14/2023 3:00:00 PM,4/14/2023 11:00:00 AM,SERC,WEST,EKPC,EKPC,1263.832,True
4/14/2023 4:00:00 PM,4/14/2023 12:00:00 PM,SERC,WEST,EKPC,EKPC,1415.920,True
4/14/2023 5:00:00 PM,4/14/2023 1:00:00 PM,SERC,WEST,EKPC,EKPC,1395.616,True
4/14/2023 6:00:00 PM,4/14/2023 2:00:00 PM,SERC,WEST,EKPC,EKPC,1382.596,True
4/14/2023 7:00:00 PM,4/14/2023 3:00:00 PM,SERC,WEST,EKPC,EKPC,1401.998,True
4/14/2023 8:00:00 PM,4/14/2023 4:00:00 PM,SERC,WEST,EKPC,EKPC,1425.873,True
4/14/2023 9:00:00 PM,4/14/2023 5:00:00 PM,SERC,WEST,EKPC,EKPC,1429.541,True
4/14/2023 10:00:00 PM,4/14/2023 6:00:00 PM,SERC,WEST,EKPC,EKPC,1375.514,True
4/14/2023 11:00:00 PM,4/14/2023 7:00:00 PM,SERC,WEST,EKPC,EKPC,1277.410,True
4/15/2023 12:00:00 AM,4/14/2023 8:00:00 PM,SERC,WEST,EKPC,EKPC,1408.317,True
4/15/2023 1:00:00 AM,4/14/2023 9:00:00 PM,SERC,WEST,EKPC,EKPC,1376.686,True
4/15/2023 2:00:00 AM,4/14/2023 10:00:00 PM,SERC,WEST,EKPC,EKPC,1278.651,True
4/15/2023 3:00:00 AM,4/14/2023 11:00:00 PM,SERC,WEST,EKPC,EKPC,1080.454,True
4/15/2023 4:00:00 AM,4/15/2023 12:00:00 AM,SERC,WEST,EKPC,EKPC,1063.956,True
4/15/2023 5:00:00 AM,4/15/2023 1:00:00 AM,SERC,WEST,EKPC,EKPC,1086.937,True
4/15/2023 6:00:00 AM,4/15/2023 2:00:00 AM,SERC,WEST,EKPC,EKPC,1046.516,True
4/15/2023 7:00:00 AM,4/15/2023 3:00:00 AM,SERC,WEST,EKPC,EKPC,1007.852,True
4/15/2023 8:00:00 AM,4/15/2023 4:00:00 AM,SERC,WEST,EKPC,EKPC,989.081,True
4/15/2023 9:00:00 AM,4/15/2023 5:00:00 AM,SERC,WEST,EKPC,EKPC,977.036,True
4/15/2023 10:00:00 AM,4/15/2023 6:00:00 AM,SERC,WEST,EKPC,EKPC,965.593,True
4/15/2023 11:00:00 AM,4/15/2023 7:00:00 AM,SERC,WEST,EKPC,EKPC,1140.275,True
4/15/2023 12:00:00 PM,4/15/2023 8:00:00 AM,SERC,WEST,EKPC,EKPC,1194.443,True
4/15/2023 1:00:00 PM,4/15/2023 9:00:00 AM,SERC,WEST,EKPC,EKPC,1232.374,True
4/15/2023 2:00:00 PM,4/15/2023 10:00:00 AM,SERC,WEST,EKPC,EKPC,1262.336,True
4/15/2023 3:00:00 PM,4/15/2023 11:00:00 AM,SERC,WEST,EKPC,EKPC,1308.554,True
4/15/2023 4:00:00 PM,4/15/2023 12:00:00 PM,SERC,WEST,EKPC,EKPC,1248.290,True
4/15/2023 5:00:00 PM,4/15/2023 1:00:00 PM,SERC,WEST,EKPC,EKPC,1299.832,True
4/15/2023 6:00:00 PM,4/15/2023 2:00:00 PM,SERC,WEST,EKPC,EKPC,1283.546,True
4/15/2023 7:00:00 PM,4/15/2023 3:00:00 PM,SERC,WEST,EKPC,EKPC,1339.179,True
4/15/2023 8:00:00 PM,4/15/2023 4:00:00 PM,SERC,WEST,EKPC,EKPC,1472.932,True
4/15/2023 9:00:00 PM,4/15/2023 5:00:00 PM,SERC,WEST,EKPC,EKPC,1450.613,True
4/15/2023 10:00:00 PM,4/15/2023 6:00:00 PM,SERC,WEST,EKPC,EKPC,1561.144,True
4/15/2023 11:00:00 PM,4/15/2023 7:00:00 PM,SERC,WEST,EKPC,EKPC,1452.161,True
4/16/2023 12:00:00 AM,4/15/2023 8:00:00 PM,SERC,WEST,EKPC,EKPC,1347.493,True
4/16/2023 1:00:00 AM,4/15/2023 9:00:00 PM,SERC,WEST,EKPC,EKPC,1325.370,True
4/16/2023 2:00:00 AM,4/15/2023 10:00:00 PM,SERC,WEST,EKPC,EKPC,1329.152,True
4/16/2023 3:00:00 AM,4/15/2023 11:00:00 PM,SERC,WEST,EKPC,EKPC,1217.111,True
4/16/2023 4:00:00 AM,4/16/2023 12:00:00 AM,SERC,WEST,EKPC,EKPC,1163.456,True
4/16/2023 5:00:00 AM,4/16/2023 1:00:00 AM,SERC,WEST,EKPC,EKPC,1084.985,True
4/16/2023 6:00:00 AM,4/16/2023 2:00:00 AM,SERC,WEST,EKPC,EKPC,1059.859,True
4/16/2023 7:00:00 AM,4/16/2023 3:00:00 AM,SERC,WEST,EKPC,EKPC,964.293,True
4/16/2023 8:00:00 AM,4/16/2023 4:00:00 AM,SERC,WEST,EKPC,EKPC,993.206,True
4/16/2023 9:00:00 AM,4/16/2023 5:00:00 AM,SERC,WEST,EKPC,EKPC,1080.782,True
4/16/2023 10:00:00 AM,4/16/2023 6:00:00 AM,SERC,WEST,EKPC,EKPC,1033.392,True
4/16/2023 11:00:00 AM,4/16/2023 7:00:00 AM,SERC,WEST,EKPC,EKPC,1002.044,True
4/16/2023 12:00:00 PM,4/16/2023 8:00:00 AM,SERC,WEST,EKPC,EKPC,1216.483,True
4/16/2023 1:00:00 PM,4/16/2023 9:00:00 AM,SERC,WEST,EKPC,EKPC,1267.090,True
4/16/2023 2:00:00 PM,4/16/2023 10:00:00 AM,SERC,WEST,EKPC,EKPC,1276.024,True
4/16/2023 3:00:00 PM,4/16/2023 11:00:00 AM,SERC,WEST,EKPC,EKPC,1256.215,True
4/16/2023 4:00:00 PM,4/16/2023 12:00:00 PM,SERC,WEST,EKPC,EKPC,1356.104,True
4/16/2023 5:00:00 PM,4/16/2023 1:00:00 PM,SERC,WEST,EKPC,EKPC,1302.964,True
4/16/2023 6:00:00 PM,4/16/2023 2:00:00 PM,SERC,WEST,EKPC,EKPC,1275.085,True
4/16/2023 7:00:00 PM,4/16/2023 3:00:00 PM,SERC,WEST,EKPC,EKPC,1307.318,True
4/16/2023 8:00:00 PM,4/16/2023 4:00:00 PM,SERC,WEST,EKPC,EKPC,1268.220,True
4/16/2023 9:00:00 PM,4/16/2023 5:00:00 PM,SERC,WEST,EKPC,EKPC,1316.431,True
4/16/2023 10:00:00 PM,4/16/2023 6:00:00 PM,SERC,WEST,EKPC,EKPC,1316.339,True
4/16/2023 11:00:00 PM,4/16/2023 7:00:00 PM,SERC,WEST,EKPC,EKPC,1374.479,True
4/17/2023 12:00:00 AM,4/16/2023 8:00:00 PM,SERC,WEST,EKPC,EKPC,1466.790,True
4/17/2023 1:00:00 AM,4/16/2023 9:00:00 PM,SERC,WEST,EKPC,EKPC,1465.391,True
4/17/2023 2:00:00 AM,4/16/2023 10:00:00 PM,SERC,WEST,EKPC,EKPC,1317.003,True
4/17/2023 3:00:00 AM,4/16/2023 11:00:00 PM,SERC,WEST,EKPC,EKPC,1279.135,True
4/17/2023 4:00:00 AM,4/17/2023 12:00:00 AM,SERC,WEST,EKPC,EKPC,1217.989,True
4/17/2023 5:00:00 AM,4/17/2023 1:00:00 AM,SERC,WEST,EKPC,EKPC,1154.060,True
4/17/2023 6:00:00 AM,4/17/2023 2:00:00 AM,SERC,WEST,EKPC,EKPC,1184.986,True
4/17/2023 7:00:00 AM,4/17/2023 3:00:00 AM,SERC,WEST,EKPC,EKPC,1064.196,True
4/17/2023 8:00:00 AM,4/17/2023 4:00:00 AM,SERC,WEST,EKPC,EKPC,1214.871,True
4/17/2023 9:00:00 AM,4/17/2023 5:00:00 AM,SERC,WEST,EKPC,EKPC,1360.311,True
4/17/2023 10:00:00 AM,4/17/2023 6:00:00 AM,SERC,WEST,EKPC,EKPC,1551.536,True
4/17/2023 11:00:00 AM,4/17/2023 7:00:00 AM,SERC,WEST,EKPC,EKPC,1598.006,True
4/17/2023 12:00:00 PM,4/17/2023 8:00:00 AM,SERC,WEST,EKPC,EKPC,1591.434,True
4/17/2023 1:00:00 PM,4/17/2023 9:00:00 AM,SERC,WEST,EKPC,EKPC,1577.238,True
4/17/2023 2:00:00 PM,4/17/2023 10:00:00 AM,SERC,WEST,EKPC,EKPC,1492.588,True
4/17/2023 3:00:00 PM,4/17/2023 11:00:00 AM,SERC,WEST,EKPC,EKPC,1493.375,True
4/17/2023 4:00:00 PM,4/17/2023 12:00:00 PM,SERC,WEST,EKPC,EKPC,1399.076,True
4/17/2023 5:00:00 PM,4/17/2023 1:00:00 PM,SERC,WEST,EKPC,EKPC,1309.743,True
4/17/2023 6:00:00 PM,4/17/2023 2:00:00 PM,SERC,WEST,EKPC,EKPC,1335.442,True
4/17/2023 7:00:00 PM,4/17/2023 3:00:00 PM,SERC,WEST,EKPC,EKPC,1340.220,True
4/17/2023 8:00:00 PM,4/17/2023 4:00:00 PM,SERC,WEST,EKPC,EKPC,1317.109,True
4/17/2023 9:00:00 PM,4/17/2023 5:00:00 PM,SERC,WEST,EKPC,EKPC,1242.400,True
4/17/2023 10:00:00 PM,4/17/2023 6:00:00 PM,SERC,WEST,EKPC,EKPC,1330.951,True
4/17/2023 11:00:00 PM,4/17/2023 7:00:00 PM,SERC,WEST,EKPC,EKPC,1375.312,True
4/18/2023 12:00:00 AM,4/17/2023 8:00:00 PM,SERC,WEST,EKPC,EKPC,1485.327,True
4/18/2023 1:00:00 AM,4/17/2023 9:00:00 PM,SERC,WEST,EKPC,EKPC,1499.235,True
4/18/2023 2:00:00 AM,4/17/2023 10:00:00 PM,SERC,WEST,EKPC,EKPC,1415.267,True
4/18/2023 3:00:00 AM,4/17/2023 11:00:00 PM,SERC,WEST,EKPC,EKPC,1330.434,True
4/18/2023 4:00:00 AM,4/18/2023 12:00:00 AM,SERC,WEST,EKPC,EKPC,1233.247,True
4/18/2023 5:00:00 AM,4/18/2023 1:00:00 AM,SERC,WEST,EKPC,EKPC,1277.061,True
4/18/2023 6:00:00 AM,4/18/2023 2:00:00 AM,SERC,WEST,EKPC,EKPC,1278.051,True
4/18/2023 7:00:00 AM,4/18/2023 3:00:00 AM,SERC,WEST,EKPC,EKPC,1270.405,True
4/18/2023 8:00:00 AM,4/18/2023 4:00:00 AM,SERC,WEST,EKPC,EKPC,1323.750,True
4/18/2023 9:00:00 AM,4/18/2023 5:00:00 AM,SERC,WEST,EKPC,EKPC,1436.317,True
4/18/2023 10:00:00 AM,4/18/2023 6:00:00 AM,SERC,WEST,EKPC,EKPC,1639.021,True
4/18/2023 11:00:00 AM,4/18/2023 7:00:00 AM,SERC,WEST,EKPC,EKPC,1581.421,True
4/18/2023 12:00:00 PM,4/18/2023 8:00:00 AM,SERC,WEST,EKPC,EKPC,1537.358,True
4/18/2023 1:00:00 PM,4/18/2023 9:00:00 AM,SERC,WEST,EKPC,EKPC,1432.820,True
4/18/2023 2:00:00 PM,4/18/2023 10:00:00 AM,SERC,WEST,EKPC,EKPC,1382.763,True
4/18/2023 3:00:00 PM,4/18/2023 11:00:00 AM,SERC,WEST,EKPC,EKPC,1363.965,True
4/18/2023 4:00:00 PM,4/18/2023 12:00:00 PM,SERC,WEST,EKPC,EKPC,1287.695,True
4/18/2023 5:00:00 PM,4/18/2023 1:00:00 PM,SERC,WEST,EKPC,EKPC,1279.015,True
4/18/2023 6:00:00 PM,4/18/2023 2:00:00 PM,SERC,WEST,EKPC,EKPC,1294.616,True
4/18/2023 7:00:00 PM,4/18/2023 3:00:00 PM,SERC,WEST,EKPC,EKPC,1309.614,True
4/18/2023 8:00:00 PM,4/18/2023 4:00:00 PM,SERC,WEST,EKPC,EKPC,1345.190,True
4/18/2023 9:00:00 PM,4/18/2023 5:00:00 PM,SERC,WEST,EKPC,EKPC,1360.817,True
4/18/2023 10:00:00 PM,4/18/2023 6:00:00 PM,SERC,WEST,EKPC,EKPC,1333.859,True
4/18/2023 11:00:00 PM,4/18/2023 7:00:00 PM,SERC,WEST,EKPC,EKPC,1392.337,True
4/19/2023 12:00:00 AM,4/18/2023 8:00:00 PM,SERC,WEST,EKPC,EKPC,1441.179,True
4/19/2023 1:00:00 AM,4/18/2023 9:00:00 PM,SERC,WEST,EKPC,EKPC,1403.763,True
4/19/2023 2:00:00 AM,4/18/2023 10:00:00 PM,SERC,WEST,EKPC,EKPC,1319.942,True
4/19/2023 3:00:00 AM,4/18/2023 11:00:00 PM,SERC,WEST,EKPC,EKPC,1176.047,True
4/19/2023 4:00:00 AM,4/19/2023 12:00:00 AM,SERC,WEST,EKPC,EKPC,1119.050,True
4/19/2023 5:00:00 AM,4/19/2023 1:00:00 AM,SERC,WEST,EKPC,EKPC,1063.016,True
4/19/2023 6:00:00 AM,4/19/2023 2:00:00 AM,SERC,WEST,EKPC,EKPC,1092.639,True
4/19/2023 7:00:00 AM,4/19/2023 3:00:00 AM,SERC,WEST,EKPC,EKPC,1137.817,True
4/19/2023 8:00:00 AM,4/19/2023 4:00:00 AM,SERC,WEST,EKPC,EKPC,1175.770,True
4/19/2023 9:00:00 AM,4/19/2023 5:00:00 AM,SERC,WEST,EKPC,EKPC,1319.835,True
4/19/2023 10:00:00 AM,4/19/2023 6:00:00 AM,SERC,WEST,EKPC,EKPC,1472.952,True
4/19/2023 11:00:00 AM,4/19/2023 7:00:00 AM,SERC,WEST,EKPC,EKPC,1498.190,True
4/19/2023 12:00:00 PM,4/19/2023 8:00:00 AM,SERC,WEST,EKPC,EKPC,1395.506,True
4/19/2023 1:00:00 PM,4/19/2023 9:00:00 AM,SERC,WEST,EKPC,EKPC,1344.106,True
4/19/2023 2:00:00 PM,4/19/2023 10:00:00 AM,SERC,WEST,EKPC,EKPC,1289.369,True
4/19/2023 3:00:00 PM,4/19/2023 11:00:00 AM,SERC,WEST,EKPC,EKPC,1232.606,True
4/19/2023 4:00:00 PM,4/19/2023 12:00:00 PM,SERC,WEST,EKPC,EKPC,1275.083,True
4/19/2023 5:00:00 PM,4/19/2023 1:00:00 PM,SERC,WEST,EKPC,EKPC,1275.499,True
4/19/2023 6:00:00 PM,4/19/2023 2:00:00 PM,SERC,WEST,EKPC,EKPC,1362.932,True
4/19/2023 7:00:00 PM,4/19/2023 3:00:00 PM,SERC,WEST,EKPC,EKPC,1363.240,True
4/19/2023 8:00:00 PM,4/19/2023 4:00:00 PM,SERC,WEST,EKPC,EKPC,1515.497,True
4/19/2023 9:00:00 PM,4/19/2023 5:00:00 PM,SERC,WEST,EKPC,EKPC,1509.625,True
4/19/2023 10:00:00 PM,4/19/2023 6:00:00 PM,SERC,WEST,EKPC,EKPC,1581.551,True
4/19/2023 11:00:00 PM,4/19/2023 7:00:00 PM,SERC,WEST,EKPC,EKPC,1484.904,True
4/20/2023 12:00:00 AM,4/19/2023 8:00:00 PM,SERC,WEST,EKPC,EKPC,1512.215,True
4/20/2023 1:00:00 AM,4/19/2023 9:00:00 PM,SERC,WEST,EKPC,EKPC,1482.660,True
4/20/2023 2:00:00 AM,4/19/2023 10:00:00 PM,SERC,WEST,EKPC,EKPC,1358.180,True
4/20/2023 3:00:00 AM,4/19/2023 11:00:00 PM,SERC,WEST,EKPC,EKPC,1220.416,True
4/20/2023 4:00:00 AM,4/20/2023 12:00:00 AM,SERC,WEST,EKPC,EKPC,1091.859,True
4/20/2023 5:00:00 AM,4/20/2023 1:00:00 AM,SERC,WEST,EKPC,EKPC,1052.532,True
4/20/2023 6:00:00 AM,4/20/2023 2:00:00 AM,SERC,WEST,EKPC,EKPC,1029.130,True
4/20/2023 7:00:00 AM,4/20/2023 3:00:00 AM,SERC,WEST,EKPC,EKPC,992.252,True
4/20/2023 8:00:00 AM,4/20/2023 4:00:00 AM,SERC,WEST,EKPC,EKPC,1126.290,True
4/20/2023 9:00:00 AM,4/20/2023 5:00:00 AM,SERC,WEST,EKPC,EKPC,1157.844,True
4/20/2023 10:00:00 AM,4/20/2023 6:00:00 AM,SERC,WEST,EKPC,EKPC,1320.767,True
4/20/2023 11:00:00 AM,4/20/2023 7:00:00 AM,SERC,WEST,EKPC,EKPC,1381.700,True
4/20/2023 12:00:00 PM,4/20/2023 8:00:00 AM,SERC,WEST,EKPC,EKPC,1284.282,True
4/20/2023 1:00:00 PM,4/20/2023 9:00:00 AM,SERC,WEST,EKPC,EKPC,1298.635,True
4/20/2023 2:00:00 PM,4/20/2023 10:00:00 AM,SERC,WEST,EKPC,EKPC,1273.277,True
4/20/2023 3:00:00 PM,4/20/2023 11:00:00 AM,SERC,WEST,EKPC,EKPC,1307.159,True
4/20/2023 4:00:00 PM,4/20/2023 12:00:00 PM,SERC,WEST,EKPC,EKPC,1376.849,True
4/20/2023 5:00:00 PM,4/20/2023 1:00:00 PM,SERC,WEST,EKPC,EKPC,1356.994,True
4/20/2023 6:00:00 PM,4/20/2023 2:00:00 PM,SERC,WEST,EKPC,EKPC,1316.368,True
4/20/2023 7:00:00 PM,4/20/2023 3:00:00 PM,SERC,WEST,EKPC,EKPC,1426.197,True
4/20/2023 8:00:00 PM,4/20/2023 4:00:00 PM,SERC,WEST,EKPC,EKPC,1499.681,True
4/20/2023 9:00:00 PM,4/20/2023 5:00:00 PM,SERC,WEST,EKPC,EKPC,1471.040,True
4/20/2023 10:00:00 PM,4/20/2023 6:00:00 PM,SERC,WEST,EKPC,EKPC,1512.734,True
4/20/2023 11:00:00 PM,4/20/2023 7:00:00 PM,SERC,WEST,EKPC,EKPC,1501.301,True
4/21/2023 12:00:00 AM,4/20/2023 8:00:00 PM,SERC,WEST,EKPC,EKPC,1553.989,True
4/21/2023 1:00:00 AM,4/20/2023 9:00:00 PM,SERC,WEST,EKPC,EKPC,1511.047,True
4/21/2023 2:00:00 AM,4/20/2023 10:00:00 PM,SERC,WEST,EKPC,EKPC,1477.710,True
4/21/2023 3:00:00 AM,4/20/2023 11:00:00 PM,SERC,WEST,EKPC,EKPC,1197.280,True
4/21/2023 4:00:00 AM,4/21/2023 12:00:00 AM,SERC,WEST,EKPC,EKPC,1066.050,True
4/21/2023 5:00:00 AM,4/21/2023 1:00:00 AM,SERC,WEST,EKPC,EKPC,1012.446,True
4/21/2023 6:00:00 AM,4/21/2023 2:00:00 AM,SERC,WEST,EKPC,EKPC,1079.951,True
4/21/2023 7:00:00 AM,4/21/2023 3:00:00 AM,SERC,WEST,EKPC,EKPC,1131.720,True
4/21/2023 8:00:00 AM,4/21/2023 4:00:00 AM,SERC,WEST,EKPC,EKPC,1089.748,True
4/21/2023 9:00:00 AM,4/21/2023 5:00:00 AM,SERC,WEST,EKPC,EKPC,1131.175,True
4/21/2023 10:00:00 AM,4/21/2023 6:00:00 AM,SERC,WEST,EKPC,EKPC,1238.395,True
4/21/2023 11:00:00 AM,4/21/2023 7:00:00 AM,SERC,WEST,EKPC,EKPC,1324.728,True
4/21/2023 12:00:00 PM,4/21/2023 8:00:00 AM,SERC,WEST,EKPC,EKPC,1282.631,True
4/21/2023 1:00:00 PM,4/21/2023 9:00:00 AM,SERC,WEST,EKPC,EKPC,1341.307,True
4/21/2023 2:00:00 PM,4/21/2023 10:00:00 AM,SERC,WEST,EKPC,EKPC,1319.304,True
4/21/2023 3:00:00 PM,4/21/2023 11:00:00 AM,SERC,WEST,EKPC,EKPC,1315.229,True
4/21/2023 4:00:00 PM,4/21/2023 12:00:00 PM,SERC,WEST,EKPC,EKPC,1125.900,True
4/21/2023 5:00:00 PM,4/21/2023 1:00:00 PM,SERC,WEST,EKPC,EKPC,1737.251,True
4/21/2023 6:00:00 PM,4/21/2023 2:00:00 PM,SERC,WEST,EKPC,EKPC,1267.639,True
4/21/2023 7:00:00 PM,4/21/2023 3:00:00 PM,SERC,WEST,EKPC,EKPC,1326.360,True
4/21/2023 8:00:00 PM,4/21/2023 4:00:00 PM,SERC,WEST,EKPC,EKPC,1389.642,True
4/21/2023 9:00:00 PM,4/21/2023 5:00:00 PM,SERC,WEST,EKPC,EKPC,1378.835,True
4/21/2023 10:00:00 PM,4/21/2023 6:00:00 PM,SERC,WEST,EKPC,EKPC,1394.274,True
4/21/2023 11:00:00 PM,4/21/2023 7:00:00 PM,SERC,WEST,EKPC,EKPC,1409.926,True
4/22/2023 12:00:00 AM,4/21/2023 8:00:00 PM,SERC,WEST,EKPC,EKPC,1418.234,True
4/22/2023 1:00:00 AM,4/21/2023 9:00:00 PM,SERC,WEST,EKPC,EKPC,1363.093,True
4/22/2023 2:00:00 AM,4/21/2023 10:00:00 PM,SERC,WEST,EKPC,EKPC,1201.733,True
4/22/2023 3:00:00 AM,4/21/2023 11:00:00 PM,SERC,WEST,EKPC,EKPC,1167.548,True
4/22/2023 4:00:00 AM,4/22/2023 12:00:00 AM,SERC,WEST,EKPC,EKPC,1102.980,True
4/22/2023 5:00:00 AM,4/22/2023 1:00:00 AM,SERC,WEST,EKPC,EKPC,1085.058,True
4/22/2023 6:00:00 AM,4/22/2023 2:00:00 AM,SERC,WEST,EKPC,EKPC,1054.971,True
4/22/2023 7:00:00 AM,4/22/2023 3:00:00 AM,SERC,WEST,EKPC,EKPC,1115.738,True
4/22/2023 8:00:00 AM,4/22/2023 4:00:00 AM,SERC,WEST,EKPC,EKPC,983.591,True
4/22/2023 9:00:00 AM,4/22/2023 5:00:00 AM,SERC,WEST,EKPC,EKPC,1140.909,True
4/22/2023 10:00:00 AM,4/22/2023 6:00:00 AM,SERC,WEST,EKPC,EKPC,1089.499,True
4/22/2023 11:00:00 AM,4/22/2023 7:00:00 AM,SERC,WEST,EKPC,EKPC,1270.942,True
4/22/2023 12:00:00 PM,4/22/2023 8:00:00 AM,SERC,WEST,EKPC,EKPC,1329.076,True
4/22/2023 1:00:00 PM,4/22/2023 9:00:00 AM,SERC,WEST,EKPC,EKPC,1280.357,True
4/22/2023 2:00:00 PM,4/22/2023 10:00:00 AM,SERC,WEST,EKPC,EKPC,1349.060,True
4/22/2023 3:00:00 PM,4/22/2023 11:00:00 AM,SERC,WEST,EKPC,EKPC,1246.983,True
4/22/2023 4:00:00 PM,4/22/2023 12:00:00 PM,SERC,WEST,EKPC,EKPC,1230.708,True
4/22/2023 5:00:00 PM,4/22/2023 1:00:00 PM,SERC,WEST,EKPC,EKPC,1277.169,True
4/22/2023 6:00:00 PM,4/22/2023 2:00:00 PM,SERC,WEST,EKPC,EKPC,1250.527,True
4/22/2023 7:00:00 PM,4/22/2023 3:00:00 PM,SERC,WEST,EKPC,EKPC,1202.263,True
4/22/2023 8:00:00 PM,4/22/2023 4:00:00 PM,SERC,WEST,EKPC,EKPC,1140.877,True
4/22/2023 9:00:00 PM,4/22/2023 5:00:00 PM,SERC,WEST,EKPC,EKPC,1251.392,True
4/22/2023 10:00:00 PM,4/22/2023 6:00:00 PM,SERC,WEST,EKPC,EKPC,1309.442,True
4/22/2023 11:00:00 PM,4/22/2023 7:00:00 PM,SERC,WEST,EKPC,EKPC,1355.339,True
4/23/2023 12:00:00 AM,4/22/2023 8:00:00 PM,SERC,WEST,EKPC,EKPC,1374.828,True
4/23/2023 1:00:00 AM,4/22/2023 9:00:00 PM,SERC,WEST,EKPC,EKPC,1426.406,True
4/23/2023 2:00:00 AM,4/22/2023 10:00:00 PM,SERC,WEST,EKPC,EKPC,1274.049,True
4/23/2023 3:00:00 AM,4/22/2023 11:00:00 PM,SERC,WEST,EKPC,EKPC,1324.770,True
4/23/2023 4:00:00 AM,4/23/2023 12:00:00 AM,SERC,WEST,EKPC,EKPC,1297.037,True
4/23/2023 5:00:00 AM,4/23/2023 1:00:00 AM,SERC,WEST,EKPC,EKPC,1231.154,True
4/23/2023 6:00:00 AM,4/23/2023 2:00:00 AM,SERC,WEST,EKPC,EKPC,1104.647,True
4/23/2023 7:00:00 AM,4/23/2023 3:00:00 AM,SERC,WEST,EKPC,EKPC,1207.987,True
4/23/2023 8:00:00 AM,4/23/2023 4:00:00 AM,SERC,WEST,EKPC,EKPC,1252.364,True
4/23/2023 9:00:00 AM,4/23/2023 5:00:00 AM,SERC,WEST,EKPC,EKPC,1375.313,True
4/23/2023 10:00:00 AM,4/23/2023 6:00:00 AM,SERC,WEST,EKPC,EKPC,1377.806,True
4/23/2023 11:00:00 AM,4/23/2023 7:00:00 AM,SERC,WEST,EKPC,EKPC,1522.670,True
4/23/2023 12:00:00 PM,4/23/2023 8:00:00 AM,SERC,WEST,EKPC,EKPC,1560.737,True
4/23/2023 1:00:00 PM,4/23/2023 9:00:00 AM,SERC,WEST,EKPC,EKPC,1570.008,True
4/23/2023 2:00:00 PM,4/23/2023 10:00:00 AM,SERC,WEST,EKPC,EKPC,1541.412,True
4/23/2023 3:00:00 PM,4/23/2023 11:00:00 AM,SERC,WEST,EKPC,EKPC,1418.369,True
4/23/2023 4:00:00 PM,4/23/2023 12:00:00 PM,SERC,WEST,EKPC,EKPC,1448.568,True
4/23/2023 5:00:00 PM,4/23/2023 1:00:00 PM,SERC,WEST,EKPC,EKPC,1395.788,True
4/23/2023 6:00:00 PM,4/23/2023 2:00:00 PM,SERC,WEST,EKPC,EKPC,1302.261,True
4/23/2023 7:00:00 PM,4/23/2023 3:00:00 PM,SERC,WEST,EKPC,EKPC,1354.131,True
4/23/2023 8:00:00 PM,4/23/2023 4:00:00 PM,SERC,WEST,EKPC,EKPC,1306.827,True
4/23/2023 9:00:00 PM,4/23/2023 5:00:00 PM,SERC,WEST,EKPC,EKPC,1361.132,True
4/23/2023 10:00:00 PM,4/23/2023 6:00:00 PM,SERC,WEST,EKPC,EKPC,1402.127,True
4/23/2023 11:00:00 PM,4/23/2023 7:00:00 PM,SERC,WEST,EKPC,EKPC,1447.623,True
4/24/2023 12:00:00 AM,4/23/2023 8:00:00 PM,SERC,WEST,EKPC,EKPC,1513.600,True
4/24/2023 1:00:00 AM,4/23/2023 9:00:00 PM,SERC,WEST,EKPC,EKPC,1582.587,True
4/24/2023 2:00:00 AM,4/23/2023 10:00:00 PM,SERC,WEST,EKPC,EKPC,1495.137,True
4/24/2023 3:00:00 AM,4/23/2023 11:00:00 PM,SERC,WEST,EKPC,EKPC,1493.702,True
4/24/2023 4:00:00 AM,4/24/2023 12:00:00 AM,SERC,WEST,EKPC,EKPC,1354.589,True
4/24/2023 5:00:00 AM,4/24/2023 1:00:00 AM,SERC,WEST,EKPC,EKPC,1458.965,True
4/24/2023 6:00:00 AM,4/24/2023 2:00:00 AM,SERC,WEST,EKPC,EKPC,1391.393,True
4/24/2023 7:00:00 AM,4/24/2023 3:00:00 AM,SERC,WEST,EKPC,EKPC,1437.641,True
4/24/2023 8:00:00 AM,4/24/2023 4:00:00 AM,SERC,WEST,EKPC,EKPC,1552.672,True
4/24/2023 9:00:00 AM,4/24/2023 5:00:00 AM,SERC,WEST,EKPC,EKPC,1644.032,True
4/24/2023 10:00:00 AM,4/24/2023 6:00:00 AM,SERC,WEST,EKPC,EKPC,1895.578,True
4/24/2023 11:00:00 AM,4/24/2023 7:00:00 AM,SERC,WEST,EKPC,EKPC,1930.554,True
4/24/2023 12:00:00 PM,4/24/2023 8:00:00 AM,SERC,WEST,EKPC,EKPC,1766.093,True
4/24/2023 1:00:00 PM,4/24/2023 9:00:00 AM,SERC,WEST,EKPC,EKPC,1723.078,True
4/24/2023 2:00:00 PM,4/24/2023 10:00:00 AM,SERC,WEST,EKPC,EKPC,1613.778,True
4/24/2023 3:00:00 PM,4/24/2023 11:00:00 AM,SERC,WEST,EKPC,EKPC,1505.596,True
4/24/2023 4:00:00 PM,4/24/2023 12:00:00 PM,SERC,WEST,EKPC,EKPC,1480.918,True
4/24/2023 5:00:00 PM,4/24/2023 1:00:00 PM,SERC,WEST,EKPC,EKPC,1442.040,True
4/24/2023 6:00:00 PM,4/24/2023 2:00:00 PM,SERC,WEST,EKPC,EKPC,1398.330,True
4/24/2023 7:00:00 PM,4/24/2023 3:00:00 PM,SERC,WEST,EKPC,EKPC,1380.912,True
4/24/2023 8:00:00 PM,4/24/2023 4:00:00 PM,SERC,WEST,EKPC,EKPC,1296.117,True
4/24/2023 9:00:00 PM,4/24/2023 5:00:00 PM,SERC,WEST,EKPC,EKPC,1332.809,True
4/24/2023 10:00:00 PM,4/24/2023 6:00:00 PM,SERC,WEST,EKPC,EKPC,1420.193,True
4/24/2023 11:00:00 PM,4/24/2023 7:00:00 PM,SERC,WEST,EKPC,EKPC,1496.444,True
4/25/2023 12:00:00 AM,4/24/2023 8:00:00 PM,SERC,WEST,EKPC,EKPC,1567.678,True
4/25/2023 1:00:00 AM,4/24/2023 9:00:00 PM,SERC,WEST,EKPC,EKPC,1628.058,True
4/25/2023 2:00:00 AM,4/24/2023 10:00:00 PM,SERC,WEST,EKPC,EKPC,1510.873,True
4/25/2023 3:00:00 AM,4/24/2023 11:00:00 PM,SERC,WEST,EKPC,EKPC,1519.820,True
4/25/2023 4:00:00 AM,4/25/2023 12:00:00 AM,SERC,WEST,EKPC,EKPC,1518.915,True
4/25/2023 5:00:00 AM,4/25/2023 1:00:00 AM,SERC,WEST,EKPC,EKPC,1514.559,True
4/25/2023 6:00:00 AM,4/25/2023 2:00:00 AM,SERC,WEST,EKPC,EKPC,1525.685,True
4/25/2023 7:00:00 AM,4/25/2023 3:00:00 AM,SERC,WEST,EKPC,EKPC,1494.665,True
4/25/2023 8:00:00 AM,4/25/2023 4:00:00 AM,SERC,WEST,EKPC,EKPC,1624.823,True
4/25/2023 9:00:00 AM,4/25/2023 5:00:00 AM,SERC,WEST,EKPC,EKPC,1709.631,True
4/25/2023 10:00:00 AM,4/25/2023 6:00:00 AM,SERC,WEST,EKPC,EKPC,1965.203,True
4/25/2023 11:00:00 AM,4/25/2023 7:00:00 AM,SERC,WEST,EKPC,EKPC,1820.133,True
4/25/2023 12:00:00 PM,4/25/2023 8:00:00 AM,SERC,WEST,EKPC,EKPC,1680.119,True
4/25/2023 1:00:00 PM,4/25/2023 9:00:00 AM,SERC,WEST,EKPC,EKPC,1582.308,True
4/25/2023 2:00:00 PM,4/25/2023 10:00:00 AM,SERC,WEST,EKPC,EKPC,1602.068,True
4/25/2023 3:00:00 PM,4/25/2023 11:00:00 AM,SERC,WEST,EKPC,EKPC,1565.837,True
4/25/2023 4:00:00 PM,4/25/2023 12:00:00 PM,SERC,WEST,EKPC,EKPC,1474.311,True
4/25/2023 5:00:00 PM,4/25/2023 1:00:00 PM,SERC,WEST,EKPC,EKPC,1382.433,True
4/25/2023 6:00:00 PM,4/25/2023 2:00:00 PM,SERC,WEST,EKPC,EKPC,1365.021,True
4/25/2023 7:00:00 PM,4/25/2023 3:00:00 PM,SERC,WEST,EKPC,EKPC,1314.790,True
4/25/2023 8:00:00 PM,4/25/2023 4:00:00 PM,SERC,WEST,EKPC,EKPC,1359.337,True
4/25/2023 9:00:00 PM,4/25/2023 5:00:00 PM,SERC,WEST,EKPC,EKPC,1374.581,True
4/25/2023 10:00:00 PM,4/25/2023 6:00:00 PM,SERC,WEST,EKPC,EKPC,1402.007,True
4/25/2023 11:00:00 PM,4/25/2023 7:00:00 PM,SERC,WEST,EKPC,EKPC,1432.225,True
4/26/2023 12:00:00 AM,4/25/2023 8:00:00 PM,SERC,WEST,EKPC,EKPC,1423.127,True
4/26/2023 1:00:00 AM,4/25/2023 9:00:00 PM,SERC,WEST,EKPC,EKPC,1507.457,True
4/26/2023 2:00:00 AM,4/25/2023 10:00:00 PM,SERC,WEST,EKPC,EKPC,1296.484,True
4/26/2023 3:00:00 AM,4/25/2023 11:00:00 PM,SERC,WEST,EKPC,EKPC,1192.954,True
4/26/2023 4:00:00 AM,4/26/2023 12:00:00 AM,SERC,WEST,EKPC,EKPC,1203.999,True
4/26/2023 5:00:00 AM,4/26/2023 1:00:00 AM,SERC,WEST,EKPC,EKPC,1260.086,True
4/26/2023 6:00:00 AM,4/26/2023 2:00:00 AM,SERC,WEST,EKPC,EKPC,1232.029,True
4/26/2023 7:00:00 AM,4/26/2023 3:00:00 AM,SERC,WEST,EKPC,EKPC,1217.333,True
4/26/2023 8:00:00 AM,4/26/2023 4:00:00 AM,SERC,WEST,EKPC,EKPC,1298.732,True
4/26/2023 9:00:00 AM,4/26/2023 5:00:00 AM,SERC,WEST,EKPC,EKPC,1527.258,True
4/26/2023 10:00:00 AM,4/26/2023 6:00:00 AM,SERC,WEST,EKPC,EKPC,1712.823,True
4/26/2023 11:00:00 AM,4/26/2023 7:00:00 AM,SERC,WEST,EKPC,EKPC,1727.071,True
4/26/2023 12:00:00 PM,4/26/2023 8:00:00 AM,SERC,WEST,EKPC,EKPC,1614.795,True
4/26/2023 1:00:00 PM,4/26/2023 9:00:00 AM,SERC,WEST,EKPC,EKPC,1510.660,True
4/26/2023 2:00:00 PM,4/26/2023 10:00:00 AM,SERC,WEST,EKPC,EKPC,1443.559,True
4/26/2023 3:00:00 PM,4/26/2023 11:00:00 AM,SERC,WEST,EKPC,EKPC,1380.618,True
4/26/2023 4:00:00 PM,4/26/2023 12:00:00 PM,SERC,WEST,EKPC,EKPC,1238.710,True
4/26/2023 5:00:00 PM,4/26/2023 1:00:00 PM,SERC,WEST,EKPC,EKPC,1357.142,True
4/26/2023 6:00:00 PM,4/26/2023 2:00:00 PM,SERC,WEST,EKPC,EKPC,1258.087,True
4/26/2023 7:00:00 PM,4/26/2023 3:00:00 PM,SERC,WEST,EKPC,EKPC,1341.574,True
4/26/2023 8:00:00 PM,4/26/2023 4:00:00 PM,SERC,WEST,EKPC,EKPC,1364.036,True
4/26/2023 9:00:00 PM,4/26/2023 5:00:00 PM,SERC,WEST,EKPC,EKPC,1402.549,True
4/26/2023 10:00:00 PM,4/26/2023 6:00:00 PM,SERC,WEST,EKPC,EKPC,1340.481,True
4/26/2023 11:00:00 PM,4/26/2023 7:00:00 PM,SERC,WEST,EKPC,EKPC,1438.041,True
4/27/2023 12:00:00 AM,4/26/2023 8:00:00 PM,SERC,WEST,EKPC,EKPC,1419.905,True
4/27/2023 1:00:00 AM,4/26/2023 9:00:00 PM,SERC,WEST,EKPC,EKPC,1452.836,True
4/27/2023 2:00:00 AM,4/26/2023 10:00:00 PM,SERC,WEST,EKPC,EKPC,1291.492,True
4/27/2023 3:00:00 AM,4/26/2023 11:00:00 PM,SERC,WEST,EKPC,EKPC,1114.769,True
4/27/2023 4:00:00 AM,4/27/2023 12:00:00 AM,SERC,WEST,EKPC,EKPC,1047.458,True
4/27/2023 5:00:00 AM,4/27/2023 1:00:00 AM,SERC,WEST,EKPC,EKPC,1170.823,True
4/27/2023 6:00:00 AM,4/27/2023 2:00:00 AM,SERC,WEST,EKPC,EKPC,1103.387,True
4/27/2023 7:00:00 AM,4/27/2023 3:00:00 AM,SERC,WEST,EKPC,EKPC,1148.701,True
4/27/2023 8:00:00 AM,4/27/2023 4:00:00 AM,SERC,WEST,EKPC,EKPC,1186.503,True
4/27/2023 9:00:00 AM,4/27/2023 5:00:00 AM,SERC,WEST,EKPC,EKPC,1277.394,True
4/27/2023 10:00:00 AM,4/27/2023 6:00:00 AM,SERC,WEST,EKPC,EKPC,1372.952,True
4/27/2023 11:00:00 AM,4/27/2023 7:00:00 AM,SERC,WEST,EKPC,EKPC,1406.938,True
4/27/2023 12:00:00 PM,4/27/2023 8:00:00 AM,SERC,WEST,EKPC,EKPC,1333.190,True
4/27/2023 1:00:00 PM,4/27/2023 9:00:00 AM,SERC,WEST,EKPC,EKPC,1255.054,True
4/27/2023 2:00:00 PM,4/27/2023 10:00:00 AM,SERC,WEST,EKPC,EKPC,1197.552,True
4/27/2023 3:00:00 PM,4/27/2023 11:00:00 AM,SERC,WEST,EKPC,EKPC,1186.633,True
4/27/2023 4:00:00 PM,4/27/2023 12:00:00 PM,SERC,WEST,EKPC,EKPC,1146.249,True
4/27/2023 5:00:00 PM,4/27/2023 1:00:00 PM,SERC,WEST,EKPC,EKPC,1164.473,True
4/27/2023 6:00:00 PM,4/27/2023 2:00:00 PM,SERC,WEST,EKPC,EKPC,1141.159,True
4/27/2023 7:00:00 PM,4/27/2023 3:00:00 PM,SERC,WEST,EKPC,EKPC,1166.251,True
4/27/2023 8:00:00 PM,4/27/2023 4:00:00 PM,SERC,WEST,EKPC,EKPC,1255.073,True
4/27/2023 9:00:00 PM,4/27/2023 5:00:00 PM,SERC,WEST,EKPC,EKPC,1269.898,True
4/27/2023 10:00:00 PM,4/27/2023 6:00:00 PM,SERC,WEST,EKPC,EKPC,1287.464,True
4/27/2023 11:00:00 PM,4/27/2023 7:00:00 PM,SERC,WEST,EKPC,EKPC,1287.543,True
4/28/2023 12:00:00 AM,4/27/2023 8:00:00 PM,SERC,WEST,EKPC,EKPC,1325.020,True
4/28/2023 1:00:00 AM,4/27/2023 9:00:00 PM,SERC,WEST,EKPC,EKPC,1353.216,True
4/28/2023 2:00:00 AM,4/27/2023 10:00:00 PM,SERC,WEST,EKPC,EKPC,1231.660,True
4/28/2023 3:00:00 AM,4/27/2023 11:00:00 PM,SERC,WEST,EKPC,EKPC,1111.394,True
4/28/2023 4:00:00 AM,4/28/2023 12:00:00 AM,SERC,WEST,EKPC,EKPC,1045.007,True
4/28/2023 5:00:00 AM,4/28/2023 1:00:00 AM,SERC,WEST,EKPC,EKPC,1057.110,True
4/28/2023 6:00:00 AM,4/28/2023 2:00:00 AM,SERC,WEST,EKPC,EKPC,1067.612,True
4/28/2023 7:00:00 AM,4/28/2023 3:00:00 AM,SERC,WEST,EKPC,EKPC,1096.775,True
4/28/2023 8:00:00 AM,4/28/2023 4:00:00 AM,SERC,WEST,EKPC,EKPC,1110.786,True
4/28/2023 9:00:00 AM,4/28/2023 5:00:00 AM,SERC,WEST,EKPC,EKPC,1147.654,True
4/28/2023 10:00:00 AM,4/28/2023 6:00:00 AM,SERC,WEST,EKPC,EKPC,1240.832,True
4/28/2023 11:00:00 AM,4/28/2023 7:00:00 AM,SERC,WEST,EKPC,EKPC,1313.217,True
4/28/2023 12:00:00 PM,4/28/2023 8:00:00 AM,SERC,WEST,EKPC,EKPC,1328.950,True
4/28/2023 1:00:00 PM,4/28/2023 9:00:00 AM,SERC,WEST,EKPC,EKPC,1290.585,True
4/28/2023 2:00:00 PM,4/28/2023 10:00:00 AM,SERC,WEST,EKPC,EKPC,1304.362,True
4/28/2023 3:00:00 PM,4/28/2023 11:00:00 AM,SERC,WEST,EKPC,EKPC,1308.381,True
4/28/2023 4:00:00 PM,4/28/2023 12:00:00 PM,SERC,WEST,EKPC,EKPC,1193.246,True
4/28/2023 5:00:00 PM,4/28/2023 1:00:00 PM,SERC,WEST,EKPC,EKPC,1161.606,True
4/28/2023 6:00:00 PM,4/28/2023 2:00:00 PM,SERC,WEST,EKPC,EKPC,1184.017,True
4/28/2023 7:00:00 PM,4/28/2023 3:00:00 PM,SERC,WEST,EKPC,EKPC,1218.801,True
4/28/2023 8:00:00 PM,4/28/2023 4:00:00 PM,SERC,WEST,EKPC,EKPC,1234.805,True
4/28/2023 9:00:00 PM,4/28/2023 5:00:00 PM,SERC,WEST,EKPC,EKPC,1324.941,True
4/28/2023 10:00:00 PM,4/28/2023 6:00:00 PM,SERC,WEST,EKPC,EKPC,1199.534,True
4/28/2023 11:00:00 PM,4/28/2023 7:00:00 PM,SERC,WEST,EKPC,EKPC,1191.383,True
4/29/2023 12:00:00 AM,4/28/2023 8:00:00 PM,SERC,WEST,EKPC,EKPC,1340.476,True
4/29/2023 1:00:00 AM,4/28/2023 9:00:00 PM,SERC,WEST,EKPC,EKPC,1303.498,True
4/29/2023 2:00:00 AM,4/28/2023 10:00:00 PM,SERC,WEST,EKPC,EKPC,1292.605,True
4/29/2023 3:00:00 AM,4/28/2023 11:00:00 PM,SERC,WEST,EKPC,EKPC,1228.109,True
4/29/2023 4:00:00 AM,4/29/2023 12:00:00 AM,SERC,WEST,EKPC,EKPC,1174.634,True
4/29/2023 5:00:00 AM,4/29/2023 1:00:00 AM,SERC,WEST,EKPC,EKPC,1136.539,True
4/29/2023 6:00:00 AM,4/29/2023 2:00:00 AM,SERC,WEST,EKPC,EKPC,1120.784,True
4/29/2023 7:00:00 AM,4/29/2023 3:00:00 AM,SERC,WEST,EKPC,EKPC,1107.051,True
4/29/2023 8:00:00 AM,4/29/2023 4:00:00 AM,SERC,WEST,EKPC,EKPC,1130.251,True
4/29/2023 9:00:00 AM,4/29/2023 5:00:00 AM,SERC,WEST,EKPC,EKPC,1081.154,True
4/29/2023 10:00:00 AM,4/29/2023 6:00:00 AM,SERC,WEST,EKPC,EKPC,1193.931,True
4/29/2023 11:00:00 AM,4/29/2023 7:00:00 AM,SERC,WEST,EKPC,EKPC,1308.158,True
4/29/2023 12:00:00 PM,4/29/2023 8:00:00 AM,SERC,WEST,EKPC,EKPC,1349.118,True
4/29/2023 1:00:00 PM,4/29/2023 9:00:00 AM,SERC,WEST,EKPC,EKPC,1386.952,True
4/29/2023 2:00:00 PM,4/29/2023 10:00:00 AM,SERC,WEST,EKPC,EKPC,1374.127,True
4/29/2023 3:00:00 PM,4/29/2023 11:00:00 AM,SERC,WEST,EKPC,EKPC,1325.546,True
4/29/2023 4:00:00 PM,4/29/2023 12:00:00 PM,SERC,WEST,EKPC,EKPC,1181.343,True
4/29/2023 5:00:00 PM,4/29/2023 1:00:00 PM,SERC,WEST,EKPC,EKPC,1150.615,True
4/29/2023 6:00:00 PM,4/29/2023 2:00:00 PM,SERC,WEST,EKPC,EKPC,1132.462,True
4/29/2023 7:00:00 PM,4/29/2023 3:00:00 PM,SERC,WEST,EKPC,EKPC,1256.406,True
4/29/2023 8:00:00 PM,4/29/2023 4:00:00 PM,SERC,WEST,EKPC,EKPC,1269.091,True
4/29/2023 9:00:00 PM,4/29/2023 5:00:00 PM,SERC,WEST,EKPC,EKPC,1277.466,True
4/29/2023 10:00:00 PM,4/29/2023 6:00:00 PM,SERC,WEST,EKPC,EKPC,1320.838,True
4/29/2023 11:00:00 PM,4/29/2023 7:00:00 PM,SERC,WEST,EKPC,EKPC,1265.272,True
4/30/2023 12:00:00 AM,4/29/2023 8:00:00 PM,SERC,WEST,EKPC,EKPC,1221.326,True
4/30/2023 1:00:00 AM,4/29/2023 9:00:00 PM,SERC,WEST,EKPC,EKPC,1206.844,True
4/30/2023 2:00:00 AM,4/29/2023 10:00:00 PM,SERC,WEST,EKPC,EKPC,1129.014,True
4/30/2023 3:00:00 AM,4/29/2023 11:00:00 PM,SERC,WEST,EKPC,EKPC,1056.745,True
4/30/2023 4:00:00 AM,4/30/2023 12:00:00 AM,SERC,WEST,EKPC,EKPC,1013.770,True
4/30/2023 5:00:00 AM,4/30/2023 1:00:00 AM,SERC,WEST,EKPC,EKPC,1004.314,True
4/30/2023 6:00:00 AM,4/30/2023 2:00:00 AM,SERC,WEST,EKPC,EKPC,999.891,True
4/30/2023 7:00:00 AM,4/30/2023 3:00:00 AM,SERC,WEST,EKPC,EKPC,1075.969,True
4/30/2023 8:00:00 AM,4/30/2023 4:00:00 AM,SERC,WEST,EKPC,EKPC,1117.557,True
4/30/2023 9:00:00 AM,4/30/2023 5:00:00 AM,SERC,WEST,EKPC,EKPC,1052.396,True
4/30/2023 10:00:00 AM,4/30/2023 6:00:00 AM,SERC,WEST,EKPC,EKPC,1183.831,True
4/30/2023 11:00:00 AM,4/30/2023 7:00:00 AM,SERC,WEST,EKPC,EKPC,1178.933,True
4/30/2023 12:00:00 PM,4/30/2023 8:00:00 AM,SERC,WEST,EKPC,EKPC,1269.863,True
4/30/2023 1:00:00 PM,4/30/2023 9:00:00 AM,SERC,WEST,EKPC,EKPC,1341.279,True
4/30/2023 2:00:00 PM,4/30/2023 10:00:00 AM,SERC,WEST,EKPC,EKPC,1292.684,True
4/30/2023 3:00:00 PM,4/30/2023 11:00:00 AM,SERC,WEST,EKPC,EKPC,1247.458,True
4/30/2023 4:00:00 PM,4/30/2023 12:00:00 PM,SERC,WEST,EKPC,EKPC,1222.400,True
4/30/2023 5:00:00 PM,4/30/2023 1:00:00 PM,SERC,WEST,EKPC,EKPC,1175.307,True
4/30/2023 6:00:00 PM,4/30/2023 2:00:00 PM,SERC,WEST,EKPC,EKPC,1213.808,True
4/30/2023 7:00:00 PM,4/30/2023 3:00:00 PM,SERC,WEST,EKPC,EKPC,1231.481,True
4/30/2023 8:00:00 PM,4/30/2023 4:00:00 PM,SERC,WEST,EKPC,EKPC,1302.465,True
4/30/2023 9:00:00 PM,4/30/2023 5:00:00 PM,SERC,WEST,EKPC,EKPC,1388.742,True
4/30/2023 10:00:00 PM,4/30/2023 6:00:00 PM,SERC,WEST,EKPC,EKPC,1408.618,True
4/30/2023 11:00:00 PM,4/30/2023 7:00:00 PM,SERC,WEST,EKPC,EKPC,1429.566,True
5/1/2023 12:00:00 AM,4/30/2023 8:00:00 PM,SERC,WEST,EKPC,EKPC,1503.047,True
5/1/2023 1:00:00 AM,4/30/2023 9:00:00 PM,SERC,WEST,EKPC,EKPC,1472.359,True
5/1/2023 2:00:00 AM,4/30/2023 10:00:00 PM,SERC,WEST,EKPC,EKPC,1464.356,True
5/1/2023 3:00:00 AM,4/30/2023 11:00:00 PM,SERC,WEST,EKPC,EKPC,1328.936,True
5/1/2023 4:00:00 AM,5/1/2023 12:00:00 AM,SERC,WEST,EKPC,EKPC,1250.196,True
5/1/2023 5:00:00 AM,5/1/2023 1:00:00 AM,SERC,WEST,EKPC,EKPC,1297.227,True
5/1/2023 6:00:00 AM,5/1/2023 2:00:00 AM,SERC,WEST,EKPC,EKPC,1172.450,True
5/1/2023 7:00:00 AM,5/1/2023 3:00:00 AM,SERC,WEST,EKPC,EKPC,1143.448,True
5/1/2023 8:00:00 AM,5/1/2023 4:00:00 AM,SERC,WEST,EKPC,EKPC,1161.427,True
5/1/2023 9:00:00 AM,5/1/2023 5:00:00 AM,SERC,WEST,EKPC,EKPC,1256.193,True
5/1/2023 10:00:00 AM,5/1/2023 6:00:00 AM,SERC,WEST,EKPC,EKPC,1419.000,True
5/1/2023 11:00:00 AM,5/1/2023 7:00:00 AM,SERC,WEST,EKPC,EKPC,1506.142,True
5/1/2023 12:00:00 PM,5/1/2023 8:00:00 AM,SERC,WEST,EKPC,EKPC,1493.055,True
5/1/2023 1:00:00 PM,5/1/2023 9:00:00 AM,SERC,WEST,EKPC,EKPC,1474.392,True
5/1/2023 2:00:00 PM,5/1/2023 10:00:00 AM,SERC,WEST,EKPC,EKPC,1534.454,True
5/1/2023 3:00:00 PM,5/1/2023 11:00:00 AM,SERC,WEST,EKPC,EKPC,1496.565,True
5/1/2023 4:00:00 PM,5/1/2023 12:00:00 PM,SERC,WEST,EKPC,EKPC,1435.437,True
5/1/2023 5:00:00 PM,5/1/2023 1:00:00 PM,SERC,WEST,EKPC,EKPC,1482.405,True
5/1/2023 6:00:00 PM,5/1/2023 2:00:00 PM,SERC,WEST,EKPC,EKPC,1533.407,True
5/1/2023 7:00:00 PM,5/1/2023 3:00:00 PM,SERC,WEST,EKPC,EKPC,1484.005,True
5/1/2023 8:00:00 PM,5/1/2023 4:00:00 PM,SERC,WEST,EKPC,EKPC,1569.813,True
5/1/2023 9:00:00 PM,5/1/2023 5:00:00 PM,SERC,WEST,EKPC,EKPC,1586.882,True
5/1/2023 10:00:00 PM,5/1/2023 6:00:00 PM,SERC,WEST,EKPC,EKPC,1610.106,True
5/1/2023 11:00:00 PM,5/1/2023 7:00:00 PM,SERC,WEST,EKPC,EKPC,1605.324,True
5/2/2023 12:00:00 AM,5/1/2023 8:00:00 PM,SERC,WEST,EKPC,EKPC,1652.531,True
5/2/2023 1:00:00 AM,5/1/2023 9:00:00 PM,SERC,WEST,EKPC,EKPC,1575.767,True
5/2/2023 2:00:00 AM,5/1/2023 10:00:00 PM,SERC,WEST,EKPC,EKPC,1397.777,True
5/2/2023 3:00:00 AM,5/1/2023 11:00:00 PM,SERC,WEST,EKPC,EKPC,1410.488,True
5/2/2023 4:00:00 AM,5/2/2023 12:00:00 AM,SERC,WEST,EKPC,EKPC,1401.068,True
5/2/2023 5:00:00 AM,5/2/2023 1:00:00 AM,SERC,WEST,EKPC,EKPC,1361.050,True
5/2/2023 6:00:00 AM,5/2/2023 2:00:00 AM,SERC,WEST,EKPC,EKPC,1367.086,True
5/2/2023 7:00:00 AM,5/2/2023 3:00:00 AM,SERC,WEST,EKPC,EKPC,1383.021,True
5/2/2023 8:00:00 AM,5/2/2023 4:00:00 AM,SERC,WEST,EKPC,EKPC,1483.813,True
5/2/2023 9:00:00 AM,5/2/2023 5:00:00 AM,SERC,WEST,EKPC,EKPC,1550.421,True
5/2/2023 10:00:00 AM,5/2/2023 6:00:00 AM,SERC,WEST,EKPC,EKPC,1688.453,True
5/2/2023 11:00:00 AM,5/2/2023 7:00:00 AM,SERC,WEST,EKPC,EKPC,1634.879,True
5/2/2023 12:00:00 PM,5/2/2023 8:00:00 AM,SERC,WEST,EKPC,EKPC,1538.581,True
5/2/2023 1:00:00 PM,5/2/2023 9:00:00 AM,SERC,WEST,EKPC,EKPC,1455.044,True
5/2/2023 2:00:00 PM,5/2/2023 10:00:00 AM,SERC,WEST,EKPC,EKPC,1418.689,True
5/2/2023 3:00:00 PM,5/2/2023 11:00:00 AM,SERC,WEST,EKPC,EKPC,1403.591,True
5/2/2023 4:00:00 PM,5/2/2023 12:00:00 PM,SERC,WEST,EKPC,EKPC,1386.925,True
5/2/2023 5:00:00 PM,5/2/2023 1:00:00 PM,SERC,WEST,EKPC,EKPC,1362.165,True
5/2/2023 6:00:00 PM,5/2/2023 2:00:00 PM,SERC,WEST,EKPC,EKPC,1346.644,True
5/2/2023 7:00:00 PM,5/2/2023 3:00:00 PM,SERC,WEST,EKPC,EKPC,1348.031,True
5/2/2023 8:00:00 PM,5/2/2023 4:00:00 PM,SERC,WEST,EKPC,EKPC,1440.054,True
5/2/2023 9:00:00 PM,5/2/2023 5:00:00 PM,SERC,WEST,EKPC,EKPC,1430.040,True
5/2/2023 10:00:00 PM,5/2/2023 6:00:00 PM,SERC,WEST,EKPC,EKPC,1470.153,True
5/2/2023 11:00:00 PM,5/2/2023 7:00:00 PM,SERC,WEST,EKPC,EKPC,1504.921,True
5/3/2023 12:00:00 AM,5/2/2023 8:00:00 PM,SERC,WEST,EKPC,EKPC,1540.697,True
5/3/2023 1:00:00 AM,5/2/2023 9:00:00 PM,SERC,WEST,EKPC,EKPC,1547.435,True
5/3/2023 2:00:00 AM,5/2/2023 10:00:00 PM,SERC,WEST,EKPC,EKPC,1454.403,True
5/3/2023 3:00:00 AM,5/2/2023 11:00:00 PM,SERC,WEST,EKPC,EKPC,1336.055,True
5/3/2023 4:00:00 AM,5/3/2023 12:00:00 AM,SERC,WEST,EKPC,EKPC,1187.093,True
5/3/2023 5:00:00 AM,5/3/2023 1:00:00 AM,SERC,WEST,EKPC,EKPC,1244.669,True
5/3/2023 6:00:00 AM,5/3/2023 2:00:00 AM,SERC,WEST,EKPC,EKPC,1295.713,True
5/3/2023 7:00:00 AM,5/3/2023 3:00:00 AM,SERC,WEST,EKPC,EKPC,1282.653,True
5/3/2023 8:00:00 AM,5/3/2023 4:00:00 AM,SERC,WEST,EKPC,EKPC,1302.557,True
5/3/2023 9:00:00 AM,5/3/2023 5:00:00 AM,SERC,WEST,EKPC,EKPC,1391.180,True
5/3/2023 10:00:00 AM,5/3/2023 6:00:00 AM,SERC,WEST,EKPC,EKPC,1593.715,True
5/3/2023 11:00:00 AM,5/3/2023 7:00:00 AM,SERC,WEST,EKPC,EKPC,1613.651,True
5/3/2023 12:00:00 PM,5/3/2023 8:00:00 AM,SERC,WEST,EKPC,EKPC,1546.055,True
5/3/2023 1:00:00 PM,5/3/2023 9:00:00 AM,SERC,WEST,EKPC,EKPC,1514.340,True
5/3/2023 2:00:00 PM,5/3/2023 10:00:00 AM,SERC,WEST,EKPC,EKPC,1469.303,True
5/3/2023 3:00:00 PM,5/3/2023 11:00:00 AM,SERC,WEST,EKPC,EKPC,1432.249,True
5/3/2023 4:00:00 PM,5/3/2023 12:00:00 PM,SERC,WEST,EKPC,EKPC,1389.165,True
5/3/2023 5:00:00 PM,5/3/2023 1:00:00 PM,SERC,WEST,EKPC,EKPC,1373.973,True
5/3/2023 6:00:00 PM,5/3/2023 2:00:00 PM,SERC,WEST,EKPC,EKPC,1332.314,True
5/3/2023 7:00:00 PM,5/3/2023 3:00:00 PM,SERC,WEST,EKPC,EKPC,1358.566,True
5/3/2023 8:00:00 PM,5/3/2023 4:00:00 PM,SERC,WEST,EKPC,EKPC,1304.738,True
5/3/2023 9:00:00 PM,5/3/2023 5:00:00 PM,SERC,WEST,EKPC,EKPC,1356.025,True
5/3/2023 10:00:00 PM,5/3/2023 6:00:00 PM,SERC,WEST,EKPC,EKPC,1371.035,True
5/3/2023 11:00:00 PM,5/3/2023 7:00:00 PM,SERC,WEST,EKPC,EKPC,1360.308,True
5/4/2023 12:00:00 AM,5/3/2023 8:00:00 PM,SERC,WEST,EKPC,EKPC,1436.380,True
5/4/2023 1:00:00 AM,5/3/2023 9:00:00 PM,SERC,WEST,EKPC,EKPC,1462.874,True
5/4/2023 2:00:00 AM,5/3/2023 10:00:00 PM,SERC,WEST,EKPC,EKPC,1391.137,True
5/4/2023 3:00:00 AM,5/3/2023 11:00:00 PM,SERC,WEST,EKPC,EKPC,1312.074,True
5/4/2023 4:00:00 AM,5/4/2023 12:00:00 AM,SERC,WEST,EKPC,EKPC,1246.493,True
5/4/2023 5:00:00 AM,5/4/2023 1:00:00 AM,SERC,WEST,EKPC,EKPC,1266.268,True
5/4/2023 6:00:00 AM,5/4/2023 2:00:00 AM,SERC,WEST,EKPC,EKPC,1325.383,True
5/4/2023 7:00:00 AM,5/4/2023 3:00:00 AM,SERC,WEST,EKPC,EKPC,1349.093,True
5/4/2023 8:00:00 AM,5/4/2023 4:00:00 AM,SERC,WEST,EKPC,EKPC,1479.859,True
5/4/2023 9:00:00 AM,5/4/2023 5:00:00 AM,SERC,WEST,EKPC,EKPC,1638.306,True
5/4/2023 10:00:00 AM,5/4/2023 6:00:00 AM,SERC,WEST,EKPC,EKPC,1671.984,True
5/4/2023 11:00:00 AM,5/4/2023 7:00:00 AM,SERC,WEST,EKPC,EKPC,1614.819,True
5/4/2023 12:00:00 PM,5/4/2023 8:00:00 AM,SERC,WEST,EKPC,EKPC,1489.133,True
5/4/2023 1:00:00 PM,5/4/2023 9:00:00 AM,SERC,WEST,EKPC,EKPC,1409.481,True
5/4/2023 2:00:00 PM,5/4/2023 10:00:00 AM,SERC,WEST,EKPC,EKPC,1321.257,True
5/4/2023 3:00:00 PM,5/4/2023 11:00:00 AM,SERC,WEST,EKPC,EKPC,1230.227,True
5/4/2023 4:00:00 PM,5/4/2023 12:00:00 PM,SERC,WEST,EKPC,EKPC,1188.323,True
5/4/2023 5:00:00 PM,5/4/2023 1:00:00 PM,SERC,WEST,EKPC,EKPC,1349.481,True
5/4/2023 6:00:00 PM,5/4/2023 2:00:00 PM,SERC,WEST,EKPC,EKPC,1303.630,True
5/4/2023 7:00:00 PM,5/4/2023 3:00:00 PM,SERC,WEST,EKPC,EKPC,1304.593,True
5/4/2023 8:00:00 PM,5/4/2023 4:00:00 PM,SERC,WEST,EKPC,EKPC,1368.251,True
5/4/2023 9:00:00 PM,5/4/2023 5:00:00 PM,SERC,WEST,EKPC,EKPC,1373.840,True
5/4/2023 10:00:00 PM,5/4/2023 6:00:00 PM,SERC,WEST,EKPC,EKPC,1372.429,True
5/4/2023 11:00:00 PM,5/4/2023 7:00:00 PM,SERC,WEST,EKPC,EKPC,1378.213,True
5/5/2023 12:00:00 AM,5/4/2023 8:00:00 PM,SERC,WEST,EKPC,EKPC,1359.687,True
5/5/2023 1:00:00 AM,5/4/2023 9:00:00 PM,SERC,WEST,EKPC,EKPC,1386.974,True
5/5/2023 2:00:00 AM,5/4/2023 10:00:00 PM,SERC,WEST,EKPC,EKPC,1352.009,True
5/5/2023 3:00:00 AM,5/4/2023 11:00:00 PM,SERC,WEST,EKPC,EKPC,1259.121,True
5/5/2023 4:00:00 AM,5/5/2023 12:00:00 AM,SERC,WEST,EKPC,EKPC,1199.330,True
5/5/2023 5:00:00 AM,5/5/2023 1:00:00 AM,SERC,WEST,EKPC,EKPC,1191.927,True
5/5/2023 6:00:00 AM,5/5/2023 2:00:00 AM,SERC,WEST,EKPC,EKPC,1174.588,True
5/5/2023 7:00:00 AM,5/5/2023 3:00:00 AM,SERC,WEST,EKPC,EKPC,1116.732,True
5/5/2023 8:00:00 AM,5/5/2023 4:00:00 AM,SERC,WEST,EKPC,EKPC,1090.333,True
5/5/2023 9:00:00 AM,5/5/2023 5:00:00 AM,SERC,WEST,EKPC,EKPC,1240.595,True
5/5/2023 10:00:00 AM,5/5/2023 6:00:00 AM,SERC,WEST,EKPC,EKPC,1395.921,True
5/5/2023 11:00:00 AM,5/5/2023 7:00:00 AM,SERC,WEST,EKPC,EKPC,1491.046,True
5/5/2023 12:00:00 PM,5/5/2023 8:00:00 AM,SERC,WEST,EKPC,EKPC,1478.589,True
5/5/2023 1:00:00 PM,5/5/2023 9:00:00 AM,SERC,WEST,EKPC,EKPC,1334.061,True
5/5/2023 2:00:00 PM,5/5/2023 10:00:00 AM,SERC,WEST,EKPC,EKPC,1198.320,True
5/5/2023 3:00:00 PM,5/5/2023 11:00:00 AM,SERC,WEST,EKPC,EKPC,1175.383,True
5/5/2023 4:00:00 PM,5/5/2023 12:00:00 PM,SERC,WEST,EKPC,EKPC,1198.760,True
5/5/2023 5:00:00 PM,5/5/2023 1:00:00 PM,SERC,WEST,EKPC,EKPC,1304.317,True
5/5/2023 6:00:00 PM,5/5/2023 2:00:00 PM,SERC,WEST,EKPC,EKPC,1273.699,True
5/5/2023 7:00:00 PM,5/5/2023 3:00:00 PM,SERC,WEST,EKPC,EKPC,1341.742,True
5/5/2023 8:00:00 PM,5/5/2023 4:00:00 PM,SERC,WEST,EKPC,EKPC,1341.129,True
5/5/2023 9:00:00 PM,5/5/2023 5:00:00 PM,SERC,WEST,EKPC,EKPC,1427.141,True
5/5/2023 10:00:00 PM,5/5/2023 6:00:00 PM,SERC,WEST,EKPC,EKPC,1350.895,True
5/5/2023 11:00:00 PM,5/5/2023 7:00:00 PM,SERC,WEST,EKPC,EKPC,1243.312,True
5/6/2023 12:00:00 AM,5/5/2023 8:00:00 PM,SERC,WEST,EKPC,EKPC,995.124,True
5/6/2023 1:00:00 AM,5/5/2023 9:00:00 PM,SERC,WEST,EKPC,EKPC,1379.957,True
5/6/2023 2:00:00 AM,5/5/2023 10:00:00 PM,SERC,WEST,EKPC,EKPC,1337.403,True
5/6/2023 3:00:00 AM,5/5/2023 11:00:00 PM,SERC,WEST,EKPC,EKPC,1233.653,True
5/6/2023 4:00:00 AM,5/6/2023 12:00:00 AM,SERC,WEST,EKPC,EKPC,1114.887,True
5/6/2023 5:00:00 AM,5/6/2023 1:00:00 AM,SERC,WEST,EKPC,EKPC,1055.522,True
5/6/2023 6:00:00 AM,5/6/2023 2:00:00 AM,SERC,WEST,EKPC,EKPC,1007.794,True
5/6/2023 7:00:00 AM,5/6/2023 3:00:00 AM,SERC,WEST,EKPC,EKPC,1006.433,True
5/6/2023 8:00:00 AM,5/6/2023 4:00:00 AM,SERC,WEST,EKPC,EKPC,1009.148,True
5/6/2023 9:00:00 AM,5/6/2023 5:00:00 AM,SERC,WEST,EKPC,EKPC,1028.550,True
5/6/2023 10:00:00 AM,5/6/2023 6:00:00 AM,SERC,WEST,EKPC,EKPC,1068.299,True
5/6/2023 11:00:00 AM,5/6/2023 7:00:00 AM,SERC,WEST,EKPC,EKPC,1133.245,True
5/6/2023 12:00:00 PM,5/6/2023 8:00:00 AM,SERC,WEST,EKPC,EKPC,1210.089,True
5/6/2023 1:00:00 PM,5/6/2023 9:00:00 AM,SERC,WEST,EKPC,EKPC,1243.421,True
5/6/2023 2:00:00 PM,5/6/2023 10:00:00 AM,SERC,WEST,EKPC,EKPC,1248.321,True
5/6/2023 3:00:00 PM,5/6/2023 11:00:00 AM,SERC,WEST,EKPC,EKPC,1257.392,True
5/6/2023 4:00:00 PM,5/6/2023 12:00:00 PM,SERC,WEST,EKPC,EKPC,1289.624,True
5/6/2023 5:00:00 PM,5/6/2023 1:00:00 PM,SERC,WEST,EKPC,EKPC,1345.622,True
5/6/2023 6:00:00 PM,5/6/2023 2:00:00 PM,SERC,WEST,EKPC,EKPC,1382.817,True
5/6/2023 7:00:00 PM,5/6/2023 3:00:00 PM,SERC,WEST,EKPC,EKPC,1232.763,True
5/6/2023 8:00:00 PM,5/6/2023 4:00:00 PM,SERC,WEST,EKPC,EKPC,1292.765,True
5/6/2023 9:00:00 PM,5/6/2023 5:00:00 PM,SERC,WEST,EKPC,EKPC,1303.633,True
5/6/2023 10:00:00 PM,5/6/2023 6:00:00 PM,SERC,WEST,EKPC,EKPC,1292.078,True
5/6/2023 11:00:00 PM,5/6/2023 7:00:00 PM,SERC,WEST,EKPC,EKPC,1296.554,True
5/7/2023 12:00:00 AM,5/6/2023 8:00:00 PM,SERC,WEST,EKPC,EKPC,1350.248,True
5/7/2023 1:00:00 AM,5/6/2023 9:00:00 PM,SERC,WEST,EKPC,EKPC,1278.014,True
5/7/2023 2:00:00 AM,5/6/2023 10:00:00 PM,SERC,WEST,EKPC,EKPC,1211.775,True
5/7/2023 3:00:00 AM,5/6/2023 11:00:00 PM,SERC,WEST,EKPC,EKPC,1205.277,True
5/7/2023 4:00:00 AM,5/7/2023 12:00:00 AM,SERC,WEST,EKPC,EKPC,1026.874,True
5/7/2023 5:00:00 AM,5/7/2023 1:00:00 AM,SERC,WEST,EKPC,EKPC,947.040,True
5/7/2023 6:00:00 AM,5/7/2023 2:00:00 AM,SERC,WEST,EKPC,EKPC,933.679,True
5/7/2023 7:00:00 AM,5/7/2023 3:00:00 AM,SERC,WEST,EKPC,EKPC,951.342,True
5/7/2023 8:00:00 AM,5/7/2023 4:00:00 AM,SERC,WEST,EKPC,EKPC,983.457,True
5/7/2023 9:00:00 AM,5/7/2023 5:00:00 AM,SERC,WEST,EKPC,EKPC,985.497,True
5/7/2023 10:00:00 AM,5/7/2023 6:00:00 AM,SERC,WEST,EKPC,EKPC,945.711,True
5/7/2023 11:00:00 AM,5/7/2023 7:00:00 AM,SERC,WEST,EKPC,EKPC,951.437,True
5/7/2023 12:00:00 PM,5/7/2023 8:00:00 AM,SERC,WEST,EKPC,EKPC,746.210,True
5/7/2023 1:00:00 PM,5/7/2023 9:00:00 AM,SERC,WEST,EKPC,EKPC,1135.003,True
5/7/2023 2:00:00 PM,5/7/2023 10:00:00 AM,SERC,WEST,EKPC,EKPC,1158.718,True
5/7/2023 3:00:00 PM,5/7/2023 11:00:00 AM,SERC,WEST,EKPC,EKPC,1174.021,True
5/7/2023 4:00:00 PM,5/7/2023 12:00:00 PM,SERC,WEST,EKPC,EKPC,1188.256,True
5/7/2023 5:00:00 PM,5/7/2023 1:00:00 PM,SERC,WEST,EKPC,EKPC,1195.230,True
5/7/2023 6:00:00 PM,5/7/2023 2:00:00 PM,SERC,WEST,EKPC,EKPC,1202.443,True
5/7/2023 7:00:00 PM,5/7/2023 3:00:00 PM,SERC,WEST,EKPC,EKPC,1191.130,True
5/7/2023 8:00:00 PM,5/7/2023 4:00:00 PM,SERC,WEST,EKPC,EKPC,1198.804,True
5/7/2023 9:00:00 PM,5/7/2023 5:00:00 PM,SERC,WEST,EKPC,EKPC,1251.017,True
5/7/2023 10:00:00 PM,5/7/2023 6:00:00 PM,SERC,WEST,EKPC,EKPC,1253.804,True
5/7/2023 11:00:00 PM,5/7/2023 7:00:00 PM,SERC,WEST,EKPC,EKPC,1307.789,True
5/8/2023 12:00:00 AM,5/7/2023 8:00:00 PM,SERC,WEST,EKPC,EKPC,1319.463,True
5/8/2023 1:00:00 AM,5/7/2023 9:00:00 PM,SERC,WEST,EKPC,EKPC,1257.409,True
5/8/2023 2:00:00 AM,5/7/2023 10:00:00 PM,SERC,WEST,EKPC,EKPC,1160.692,True
5/8/2023 3:00:00 AM,5/7/2023 11:00:00 PM,SERC,WEST,EKPC,EKPC,1086.119,True
5/8/2023 4:00:00 AM,5/8/2023 12:00:00 AM,SERC,WEST,EKPC,EKPC,995.867,True
5/8/2023 5:00:00 AM,5/8/2023 1:00:00 AM,SERC,WEST,EKPC,EKPC,918.271,True
5/8/2023 6:00:00 AM,5/8/2023 2:00:00 AM,SERC,WEST,EKPC,EKPC,985.402,True
5/8/2023 7:00:00 AM,5/8/2023 3:00:00 AM,SERC,WEST,EKPC,EKPC,991.712,True
5/8/2023 8:00:00 AM,5/8/2023 4:00:00 AM,SERC,WEST,EKPC,EKPC,1055.241,True
5/8/2023 9:00:00 AM,5/8/2023 5:00:00 AM,SERC,WEST,EKPC,EKPC,1042.965,True
5/8/2023 10:00:00 AM,5/8/2023 6:00:00 AM,SERC,WEST,EKPC,EKPC,1149.816,True
5/8/2023 11:00:00 AM,5/8/2023 7:00:00 AM,SERC,WEST,EKPC,EKPC,1301.217,True
5/8/2023 12:00:00 PM,5/8/2023 8:00:00 AM,SERC,WEST,EKPC,EKPC,1198.561,True
5/8/2023 1:00:00 PM,5/8/2023 9:00:00 AM,SERC,WEST,EKPC,EKPC,1241.365,True
5/8/2023 2:00:00 PM,5/8/2023 10:00:00 AM,SERC,WEST,EKPC,EKPC,1229.871,True
5/8/2023 3:00:00 PM,5/8/2023 11:00:00 AM,SERC,WEST,EKPC,EKPC,1288.944,True
5/8/2023 4:00:00 PM,5/8/2023 12:00:00 PM,SERC,WEST,EKPC,EKPC,1383.526,True
5/8/2023 5:00:00 PM,5/8/2023 1:00:00 PM,SERC,WEST,EKPC,EKPC,1410.058,True
5/8/2023 6:00:00 PM,5/8/2023 2:00:00 PM,SERC,WEST,EKPC,EKPC,1431.234,True
5/8/2023 7:00:00 PM,5/8/2023 3:00:00 PM,SERC,WEST,EKPC,EKPC,1423.771,True
5/8/2023 8:00:00 PM,5/8/2023 4:00:00 PM,SERC,WEST,EKPC,EKPC,1470.981,True
5/8/2023 9:00:00 PM,5/8/2023 5:00:00 PM,SERC,WEST,EKPC,EKPC,1546.680,True
5/8/2023 10:00:00 PM,5/8/2023 6:00:00 PM,SERC,WEST,EKPC,EKPC,1572.856,True
5/8/2023 11:00:00 PM,5/8/2023 7:00:00 PM,SERC,WEST,EKPC,EKPC,1583.668,True
5/9/2023 12:00:00 AM,5/8/2023 8:00:00 PM,SERC,WEST,EKPC,EKPC,1468.788,True
5/9/2023 1:00:00 AM,5/8/2023 9:00:00 PM,SERC,WEST,EKPC,EKPC,1447.686,True
5/9/2023 2:00:00 AM,5/8/2023 10:00:00 PM,SERC,WEST,EKPC,EKPC,1413.096,True
5/9/2023 3:00:00 AM,5/8/2023 11:00:00 PM,SERC,WEST,EKPC,EKPC,1284.281,True
5/9/2023 4:00:00 AM,5/9/2023 12:00:00 AM,SERC,WEST,EKPC,EKPC,1165.851,True
5/9/2023 5:00:00 AM,5/9/2023 1:00:00 AM,SERC,WEST,EKPC,EKPC,1113.495,True
5/9/2023 6:00:00 AM,5/9/2023 2:00:00 AM,SERC,WEST,EKPC,EKPC,1092.082,True
5/9/2023 7:00:00 AM,5/9/2023 3:00:00 AM,SERC,WEST,EKPC,EKPC,1079.234,True
5/9/2023 8:00:00 AM,5/9/2023 4:00:00 AM,SERC,WEST,EKPC,EKPC,1070.441,True
5/9/2023 9:00:00 AM,5/9/2023 5:00:00 AM,SERC,WEST,EKPC,EKPC,1117.947,True
5/9/2023 10:00:00 AM,5/9/2023 6:00:00 AM,SERC,WEST,EKPC,EKPC,1266.219,True
5/9/2023 11:00:00 AM,5/9/2023 7:00:00 AM,SERC,WEST,EKPC,EKPC,1305.575,True
5/9/2023 12:00:00 PM,5/9/2023 8:00:00 AM,SERC,WEST,EKPC,EKPC,1295.299,True
5/9/2023 1:00:00 PM,5/9/2023 9:00:00 AM,SERC,WEST,EKPC,EKPC,1278.657,True
5/9/2023 2:00:00 PM,5/9/2023 10:00:00 AM,SERC,WEST,EKPC,EKPC,1292.504,True
5/9/2023 3:00:00 PM,5/9/2023 11:00:00 AM,SERC,WEST,EKPC,EKPC,1327.145,True
5/9/2023 4:00:00 PM,5/9/2023 12:00:00 PM,SERC,WEST,EKPC,EKPC,1333.435,True
5/9/2023 5:00:00 PM,5/9/2023 1:00:00 PM,SERC,WEST,EKPC,EKPC,1391.299,True
5/9/2023 6:00:00 PM,5/9/2023 2:00:00 PM,SERC,WEST,EKPC,EKPC,1433.410,True
5/9/2023 7:00:00 PM,5/9/2023 3:00:00 PM,SERC,WEST,EKPC,EKPC,1463.876,True
5/9/2023 8:00:00 PM,5/9/2023 4:00:00 PM,SERC,WEST,EKPC,EKPC,1546.484,True
5/9/2023 9:00:00 PM,5/9/2023 5:00:00 PM,SERC,WEST,EKPC,EKPC,1615.139,True
5/9/2023 10:00:00 PM,5/9/2023 6:00:00 PM,SERC,WEST,EKPC,EKPC,1524.320,True
5/9/2023 11:00:00 PM,5/9/2023 7:00:00 PM,SERC,WEST,EKPC,EKPC,1568.432,True
5/10/2023 12:00:00 AM,5/9/2023 8:00:00 PM,SERC,WEST,EKPC,EKPC,1523.336,True
5/10/2023 1:00:00 AM,5/9/2023 9:00:00 PM,SERC,WEST,EKPC,EKPC,1431.678,True
5/10/2023 2:00:00 AM,5/9/2023 10:00:00 PM,SERC,WEST,EKPC,EKPC,1279.721,True
5/10/2023 3:00:00 AM,5/9/2023 11:00:00 PM,SERC,WEST,EKPC,EKPC,1205.473,True
5/10/2023 4:00:00 AM,5/10/2023 12:00:00 AM,SERC,WEST,EKPC,EKPC,1199.252,True
5/10/2023 5:00:00 AM,5/10/2023 1:00:00 AM,SERC,WEST,EKPC,EKPC,1103.165,True
5/10/2023 6:00:00 AM,5/10/2023 2:00:00 AM,SERC,WEST,EKPC,EKPC,1069.246,True
5/10/2023 7:00:00 AM,5/10/2023 3:00:00 AM,SERC,WEST,EKPC,EKPC,1038.594,True
5/10/2023 8:00:00 AM,5/10/2023 4:00:00 AM,SERC,WEST,EKPC,EKPC,1049.708,True
5/10/2023 9:00:00 AM,5/10/2023 5:00:00 AM,SERC,WEST,EKPC,EKPC,1062.490,True
5/10/2023 10:00:00 AM,5/10/2023 6:00:00 AM,SERC,WEST,EKPC,EKPC,1155.999,True
5/10/2023 11:00:00 AM,5/10/2023 7:00:00 AM,SERC,WEST,EKPC,EKPC,1187.532,True
5/10/2023 12:00:00 PM,5/10/2023 8:00:00 AM,SERC,WEST,EKPC,EKPC,1169.305,True
5/10/2023 1:00:00 PM,5/10/2023 9:00:00 AM,SERC,WEST,EKPC,EKPC,1191.252,True
5/10/2023 2:00:00 PM,5/10/2023 10:00:00 AM,SERC,WEST,EKPC,EKPC,1177.953,True
5/10/2023 3:00:00 PM,5/10/2023 11:00:00 AM,SERC,WEST,EKPC,EKPC,1193.118,True
5/10/2023 4:00:00 PM,5/10/2023 12:00:00 PM,SERC,WEST,EKPC,EKPC,1217.094,True
5/10/2023 5:00:00 PM,5/10/2023 1:00:00 PM,SERC,WEST,EKPC,EKPC,1257.357,True
5/10/2023 6:00:00 PM,5/10/2023 2:00:00 PM,SERC,WEST,EKPC,EKPC,1393.134,True
5/10/2023 7:00:00 PM,5/10/2023 3:00:00 PM,SERC,WEST,EKPC,EKPC,1442.987,True
5/10/2023 8:00:00 PM,5/10/2023 4:00:00 PM,SERC,WEST,EKPC,EKPC,1612.581,True
5/10/2023 9:00:00 PM,5/10/2023 5:00:00 PM,SERC,WEST,EKPC,EKPC,1643.770,True
5/10/2023 10:00:00 PM,5/10/2023 6:00:00 PM,SERC,WEST,EKPC,EKPC,1573.057,True
5/10/2023 11:00:00 PM,5/10/2023 7:00:00 PM,SERC,WEST,EKPC,EKPC,1627.389,True
5/11/2023 12:00:00 AM,5/10/2023 8:00:00 PM,SERC,WEST,EKPC,EKPC,1611.222,True
5/11/2023 1:00:00 AM,5/10/2023 9:00:00 PM,SERC,WEST,EKPC,EKPC,1493.244,True
5/11/2023 2:00:00 AM,5/10/2023 10:00:00 PM,SERC,WEST,EKPC,EKPC,1303.928,True
5/11/2023 3:00:00 AM,5/10/2023 11:00:00 PM,SERC,WEST,EKPC,EKPC,1173.697,True
5/11/2023 4:00:00 AM,5/11/2023 12:00:00 AM,SERC,WEST,EKPC,EKPC,1198.751,True
5/11/2023 5:00:00 AM,5/11/2023 1:00:00 AM,SERC,WEST,EKPC,EKPC,1102.225,True
5/11/2023 6:00:00 AM,5/11/2023 2:00:00 AM,SERC,WEST,EKPC,EKPC,1115.973,True
5/11/2023 7:00:00 AM,5/11/2023 3:00:00 AM,SERC,WEST,EKPC,EKPC,1082.453,True
5/11/2023 8:00:00 AM,5/11/2023 4:00:00 AM,SERC,WEST,EKPC,EKPC,1102.497,True
5/11/2023 9:00:00 AM,5/11/2023 5:00:00 AM,SERC,WEST,EKPC,EKPC,1174.931,True
5/11/2023 10:00:00 AM,5/11/2023 6:00:00 AM,SERC,WEST,EKPC,EKPC,1279.515,True
5/11/2023 11:00:00 AM,5/11/2023 7:00:00 AM,SERC,WEST,EKPC,EKPC,1302.495,True
5/11/2023 12:00:00 PM,5/11/2023 8:00:00 AM,SERC,WEST,EKPC,EKPC,1255.499,True
5/11/2023 1:00:00 PM,5/11/2023 9:00:00 AM,SERC,WEST,EKPC,EKPC,1327.194,True
5/11/2023 2:00:00 PM,5/11/2023 10:00:00 AM,SERC,WEST,EKPC,EKPC,1331.297,True
5/11/2023 3:00:00 PM,5/11/2023 11:00:00 AM,SERC,WEST,EKPC,EKPC,1338.616,True
5/11/2023 4:00:00 PM,5/11/2023 12:00:00 PM,SERC,WEST,EKPC,EKPC,1375.469,True
5/11/2023 5:00:00 PM,5/11/2023 1:00:00 PM,SERC,WEST,EKPC,EKPC,1477.092,True
5/11/2023 6:00:00 PM,5/11/2023 2:00:00 PM,SERC,WEST,EKPC,EKPC,1605.025,True
5/11/2023 7:00:00 PM,5/11/2023 3:00:00 PM,SERC,WEST,EKPC,EKPC,1538.492,True
5/11/2023 8:00:00 PM,5/11/2023 4:00:00 PM,SERC,WEST,EKPC,EKPC,1682.726,True
5/11/2023 9:00:00 PM,5/11/2023 5:00:00 PM,SERC,WEST,EKPC,EKPC,1681.004,True
5/11/2023 10:00:00 PM,5/11/2023 6:00:00 PM,SERC,WEST,EKPC,EKPC,1594.337,True
5/11/2023 11:00:00 PM,5/11/2023 7:00:00 PM,SERC,WEST,EKPC,EKPC,1542.058,True
5/12/2023 12:00:00 AM,5/11/2023 8:00:00 PM,SERC,WEST,EKPC,EKPC,1665.976,True
5/12/2023 1:00:00 AM,5/11/2023 9:00:00 PM,SERC,WEST,EKPC,EKPC,1622.880,True
5/12/2023 2:00:00 AM,5/11/2023 10:00:00 PM,SERC,WEST,EKPC,EKPC,1456.575,True
5/12/2023 3:00:00 AM,5/11/2023 11:00:00 PM,SERC,WEST,EKPC,EKPC,1249.589,True
5/12/2023 4:00:00 AM,5/12/2023 12:00:00 AM,SERC,WEST,EKPC,EKPC,1200.296,True
5/12/2023 5:00:00 AM,5/12/2023 1:00:00 AM,SERC,WEST,EKPC,EKPC,1176.449,True
5/12/2023 6:00:00 AM,5/12/2023 2:00:00 AM,SERC,WEST,EKPC,EKPC,1085.342,True
5/12/2023 7:00:00 AM,5/12/2023 3:00:00 AM,SERC,WEST,EKPC,EKPC,1057.620,True
5/12/2023 8:00:00 AM,5/12/2023 4:00:00 AM,SERC,WEST,EKPC,EKPC,1046.513,True
5/12/2023 9:00:00 AM,5/12/2023 5:00:00 AM,SERC,WEST,EKPC,EKPC,1120.911,True
5/12/2023 10:00:00 AM,5/12/2023 6:00:00 AM,SERC,WEST,EKPC,EKPC,1237.226,True
5/12/2023 11:00:00 AM,5/12/2023 7:00:00 AM,SERC,WEST,EKPC,EKPC,1237.059,True
5/12/2023 12:00:00 PM,5/12/2023 8:00:00 AM,SERC,WEST,EKPC,EKPC,1200.554,True
5/12/2023 1:00:00 PM,5/12/2023 9:00:00 AM,SERC,WEST,EKPC,EKPC,1304.123,True
5/12/2023 2:00:00 PM,5/12/2023 10:00:00 AM,SERC,WEST,EKPC,EKPC,1305.478,True
5/12/2023 3:00:00 PM,5/12/2023 11:00:00 AM,SERC,WEST,EKPC,EKPC,1365.756,True
5/12/2023 4:00:00 PM,5/12/2023 12:00:00 PM,SERC,WEST,EKPC,EKPC,1392.697,True
5/12/2023 5:00:00 PM,5/12/2023 1:00:00 PM,SERC,WEST,EKPC,EKPC,1371.702,True
5/12/2023 6:00:00 PM,5/12/2023 2:00:00 PM,SERC,WEST,EKPC,EKPC,1411.628,True
5/12/2023 7:00:00 PM,5/12/2023 3:00:00 PM,SERC,WEST,EKPC,EKPC,1347.759,True
5/12/2023 8:00:00 PM,5/12/2023 4:00:00 PM,SERC,WEST,EKPC,EKPC,1404.495,True
5/12/2023 9:00:00 PM,5/12/2023 5:00:00 PM,SERC,WEST,EKPC,EKPC,1379.875,True
5/12/2023 10:00:00 PM,5/12/2023 6:00:00 PM,SERC,WEST,EKPC,EKPC,1408.504,True
5/12/2023 11:00:00 PM,5/12/2023 7:00:00 PM,SERC,WEST,EKPC,EKPC,1370.317,True
5/13/2023 12:00:00 AM,5/12/2023 8:00:00 PM,SERC,WEST,EKPC,EKPC,1412.593,True
5/13/2023 1:00:00 AM,5/12/2023 9:00:00 PM,SERC,WEST,EKPC,EKPC,1408.172,True
5/13/2023 2:00:00 AM,5/12/2023 10:00:00 PM,SERC,WEST,EKPC,EKPC,1304.987,True
5/13/2023 3:00:00 AM,5/12/2023 11:00:00 PM,SERC,WEST,EKPC,EKPC,1246.036,True
5/13/2023 4:00:00 AM,5/13/2023 12:00:00 AM,SERC,WEST,EKPC,EKPC,1178.237,True
5/13/2023 5:00:00 AM,5/13/2023 1:00:00 AM,SERC,WEST,EKPC,EKPC,1105.049,True
5/13/2023 6:00:00 AM,5/13/2023 2:00:00 AM,SERC,WEST,EKPC,EKPC,1025.323,True
5/13/2023 7:00:00 AM,5/13/2023 3:00:00 AM,SERC,WEST,EKPC,EKPC,975.010,True
5/13/2023 8:00:00 AM,5/13/2023 4:00:00 AM,SERC,WEST,EKPC,EKPC,1028.830,True
5/13/2023 9:00:00 AM,5/13/2023 5:00:00 AM,SERC,WEST,EKPC,EKPC,1029.171,True
5/13/2023 10:00:00 AM,5/13/2023 6:00:00 AM,SERC,WEST,EKPC,EKPC,1066.480,True
5/13/2023 11:00:00 AM,5/13/2023 7:00:00 AM,SERC,WEST,EKPC,EKPC,1103.405,True
5/13/2023 12:00:00 PM,5/13/2023 8:00:00 AM,SERC,WEST,EKPC,EKPC,1190.086,True
5/13/2023 1:00:00 PM,5/13/2023 9:00:00 AM,SERC,WEST,EKPC,EKPC,1278.227,True
5/13/2023 2:00:00 PM,5/13/2023 10:00:00 AM,SERC,WEST,EKPC,EKPC,1359.571,True
5/13/2023 3:00:00 PM,5/13/2023 11:00:00 AM,SERC,WEST,EKPC,EKPC,1379.561,True
5/13/2023 4:00:00 PM,5/13/2023 12:00:00 PM,SERC,WEST,EKPC,EKPC,1448.507,True
5/13/2023 5:00:00 PM,5/13/2023 1:00:00 PM,SERC,WEST,EKPC,EKPC,1528.795,True
5/13/2023 6:00:00 PM,5/13/2023 2:00:00 PM,SERC,WEST,EKPC,EKPC,1567.735,True
5/13/2023 7:00:00 PM,5/13/2023 3:00:00 PM,SERC,WEST,EKPC,EKPC,1579.961,True
5/13/2023 8:00:00 PM,5/13/2023 4:00:00 PM,SERC,WEST,EKPC,EKPC,1587.871,True
5/13/2023 9:00:00 PM,5/13/2023 5:00:00 PM,SERC,WEST,EKPC,EKPC,1731.174,True
5/13/2023 10:00:00 PM,5/13/2023 6:00:00 PM,SERC,WEST,EKPC,EKPC,1664.398,True
5/13/2023 11:00:00 PM,5/13/2023 7:00:00 PM,SERC,WEST,EKPC,EKPC,1678.523,True
5/14/2023 12:00:00 AM,5/13/2023 8:00:00 PM,SERC,WEST,EKPC,EKPC,1677.875,True
5/14/2023 1:00:00 AM,5/13/2023 9:00:00 PM,SERC,WEST,EKPC,EKPC,1639.839,True
5/14/2023 2:00:00 AM,5/13/2023 10:00:00 PM,SERC,WEST,EKPC,EKPC,1503.840,True
5/14/2023 3:00:00 AM,5/13/2023 11:00:00 PM,SERC,WEST,EKPC,EKPC,1406.942,True
5/14/2023 4:00:00 AM,5/14/2023 12:00:00 AM,SERC,WEST,EKPC,EKPC,1238.616,True
5/14/2023 5:00:00 AM,5/14/2023 1:00:00 AM,SERC,WEST,EKPC,EKPC,1241.462,True
5/14/2023 6:00:00 AM,5/14/2023 2:00:00 AM,SERC,WEST,EKPC,EKPC,1121.115,True
5/14/2023 7:00:00 AM,5/14/2023 3:00:00 AM,SERC,WEST,EKPC,EKPC,1124.432,True
5/14/2023 8:00:00 AM,5/14/2023 4:00:00 AM,SERC,WEST,EKPC,EKPC,1014.916,True
5/14/2023 9:00:00 AM,5/14/2023 5:00:00 AM,SERC,WEST,EKPC,EKPC,1106.604,True
5/14/2023 10:00:00 AM,5/14/2023 6:00:00 AM,SERC,WEST,EKPC,EKPC,1132.037,True
5/14/2023 11:00:00 AM,5/14/2023 7:00:00 AM,SERC,WEST,EKPC,EKPC,1147.787,True
5/14/2023 12:00:00 PM,5/14/2023 8:00:00 AM,SERC,WEST,EKPC,EKPC,1228.722,True
5/14/2023 1:00:00 PM,5/14/2023 9:00:00 AM,SERC,WEST,EKPC,EKPC,1304.566,True
5/14/2023 2:00:00 PM,5/14/2023 10:00:00 AM,SERC,WEST,EKPC,EKPC,1318.788,True
5/14/2023 3:00:00 PM,5/14/2023 11:00:00 AM,SERC,WEST,EKPC,EKPC,1379.690,True
5/14/2023 4:00:00 PM,5/14/2023 12:00:00 PM,SERC,WEST,EKPC,EKPC,1470.700,True
5/14/2023 5:00:00 PM,5/14/2023 1:00:00 PM,SERC,WEST,EKPC,EKPC,1543.790,True
5/14/2023 6:00:00 PM,5/14/2023 2:00:00 PM,SERC,WEST,EKPC,EKPC,1639.376,True
5/14/2023 7:00:00 PM,5/14/2023 3:00:00 PM,SERC,WEST,EKPC,EKPC,1717.190,True
5/14/2023 8:00:00 PM,5/14/2023 4:00:00 PM,SERC,WEST,EKPC,EKPC,1745.324,True
5/14/2023 9:00:00 PM,5/14/2023 5:00:00 PM,SERC,WEST,EKPC,EKPC,1809.926,True
5/14/2023 10:00:00 PM,5/14/2023 6:00:00 PM,SERC,WEST,EKPC,EKPC,1708.218,True
5/14/2023 11:00:00 PM,5/14/2023 7:00:00 PM,SERC,WEST,EKPC,EKPC,1635.316,True
5/15/2023 12:00:00 AM,5/14/2023 8:00:00 PM,SERC,WEST,EKPC,EKPC,1695.919,True
5/15/2023 1:00:00 AM,5/14/2023 9:00:00 PM,SERC,WEST,EKPC,EKPC,1679.795,True
5/15/2023 2:00:00 AM,5/14/2023 10:00:00 PM,SERC,WEST,EKPC,EKPC,1565.385,True
5/15/2023 3:00:00 AM,5/14/2023 11:00:00 PM,SERC,WEST,EKPC,EKPC,1374.269,True
5/15/2023 4:00:00 AM,5/15/2023 12:00:00 AM,SERC,WEST,EKPC,EKPC,1256.997,True
5/15/2023 5:00:00 AM,5/15/2023 1:00:00 AM,SERC,WEST,EKPC,EKPC,1169.083,True
5/15/2023 6:00:00 AM,5/15/2023 2:00:00 AM,SERC,WEST,EKPC,EKPC,1029.223,True
5/15/2023 7:00:00 AM,5/15/2023 3:00:00 AM,SERC,WEST,EKPC,EKPC,1019.118,True
5/15/2023 8:00:00 AM,5/15/2023 4:00:00 AM,SERC,WEST,EKPC,EKPC,1077.443,True
5/15/2023 9:00:00 AM,5/15/2023 5:00:00 AM,SERC,WEST,EKPC,EKPC,1042.939,True
5/15/2023 10:00:00 AM,5/15/2023 6:00:00 AM,SERC,WEST,EKPC,EKPC,1232.957,True
5/15/2023 11:00:00 AM,5/15/2023 7:00:00 AM,SERC,WEST,EKPC,EKPC,1327.837,True
5/15/2023 12:00:00 PM,5/15/2023 8:00:00 AM,SERC,WEST,EKPC,EKPC,1367.754,True
5/15/2023 1:00:00 PM,5/15/2023 9:00:00 AM,SERC,WEST,EKPC,EKPC,1368.594,True
5/15/2023 2:00:00 PM,5/15/2023 10:00:00 AM,SERC,WEST,EKPC,EKPC,1381.074,True
5/15/2023 3:00:00 PM,5/15/2023 11:00:00 AM,SERC,WEST,EKPC,EKPC,1400.142,True
5/15/2023 4:00:00 PM,5/15/2023 12:00:00 PM,SERC,WEST,EKPC,EKPC,1433.024,True
5/15/2023 5:00:00 PM,5/15/2023 1:00:00 PM,SERC,WEST,EKPC,EKPC,1536.007,True
5/15/2023 6:00:00 PM,5/15/2023 2:00:00 PM,SERC,WEST,EKPC,EKPC,1587.436,True
5/15/2023 7:00:00 PM,5/15/2023 3:00:00 PM,SERC,WEST,EKPC,EKPC,1641.646,True
5/15/2023 8:00:00 PM,5/15/2023 4:00:00 PM,SERC,WEST,EKPC,EKPC,1639.523,True
5/15/2023 9:00:00 PM,5/15/2023 5:00:00 PM,SERC,WEST,EKPC,EKPC,1599.206,True
5/15/2023 10:00:00 PM,5/15/2023 6:00:00 PM,SERC,WEST,EKPC,EKPC,1673.415,True
5/15/2023 11:00:00 PM,5/15/2023 7:00:00 PM,SERC,WEST,EKPC,EKPC,1641.783,True
5/16/2023 12:00:00 AM,5/15/2023 8:00:00 PM,SERC,WEST,EKPC,EKPC,1679.307,True
5/16/2023 1:00:00 AM,5/15/2023 9:00:00 PM,SERC,WEST,EKPC,EKPC,1665.049,True
5/16/2023 2:00:00 AM,5/15/2023 10:00:00 PM,SERC,WEST,EKPC,EKPC,1502.780,True
5/16/2023 3:00:00 AM,5/15/2023 11:00:00 PM,SERC,WEST,EKPC,EKPC,1379.938,True
5/16/2023 4:00:00 AM,5/16/2023 12:00:00 AM,SERC,WEST,EKPC,EKPC,1228.378,True
5/16/2023 5:00:00 AM,5/16/2023 1:00:00 AM,SERC,WEST,EKPC,EKPC,1174.228,True
5/16/2023 6:00:00 AM,5/16/2023 2:00:00 AM,SERC,WEST,EKPC,EKPC,1122.371,True
5/16/2023 7:00:00 AM,5/16/2023 3:00:00 AM,SERC,WEST,EKPC,EKPC,1095.453,True
5/16/2023 8:00:00 AM,5/16/2023 4:00:00 AM,SERC,WEST,EKPC,EKPC,960.547,True
5/16/2023 9:00:00 AM,5/16/2023 5:00:00 AM,SERC,WEST,EKPC,EKPC,1054.763,True
5/16/2023 10:00:00 AM,5/16/2023 6:00:00 AM,SERC,WEST,EKPC,EKPC,1267.570,True
5/16/2023 11:00:00 AM,5/16/2023 7:00:00 AM,SERC,WEST,EKPC,EKPC,1186.500,True
5/16/2023 12:00:00 PM,5/16/2023 8:00:00 AM,SERC,WEST,EKPC,EKPC,1200.455,True
5/16/2023 1:00:00 PM,5/16/2023 9:00:00 AM,SERC,WEST,EKPC,EKPC,1337.645,True
5/16/2023 2:00:00 PM,5/16/2023 10:00:00 AM,SERC,WEST,EKPC,EKPC,1444.756,True
5/16/2023 3:00:00 PM,5/16/2023 11:00:00 AM,SERC,WEST,EKPC,EKPC,1544.950,True
5/16/2023 4:00:00 PM,5/16/2023 12:00:00 PM,SERC,WEST,EKPC,EKPC,1551.743,True
5/16/2023 5:00:00 PM,5/16/2023 1:00:00 PM,SERC,WEST,EKPC,EKPC,1566.594,True
5/16/2023 6:00:00 PM,5/16/2023 2:00:00 PM,SERC,WEST,EKPC,EKPC,1604.187,True
5/16/2023 7:00:00 PM,5/16/2023 3:00:00 PM,SERC,WEST,EKPC,EKPC,1503.640,True
5/16/2023 8:00:00 PM,5/16/2023 4:00:00 PM,SERC,WEST,EKPC,EKPC,1546.753,True
5/16/2023 9:00:00 PM,5/16/2023 5:00:00 PM,SERC,WEST,EKPC,EKPC,1562.821,True
5/16/2023 10:00:00 PM,5/16/2023 6:00:00 PM,SERC,WEST,EKPC,EKPC,1535.507,True
5/16/2023 11:00:00 PM,5/16/2023 7:00:00 PM,SERC,WEST,EKPC,EKPC,1560.226,True
5/17/2023 12:00:00 AM,5/16/2023 8:00:00 PM,SERC,WEST,EKPC,EKPC,1549.939,True
5/17/2023 1:00:00 AM,5/16/2023 9:00:00 PM,SERC,WEST,EKPC,EKPC,1516.891,True
5/17/2023 2:00:00 AM,5/16/2023 10:00:00 PM,SERC,WEST,EKPC,EKPC,1375.589,True
5/17/2023 3:00:00 AM,5/16/2023 11:00:00 PM,SERC,WEST,EKPC,EKPC,1165.108,True
5/17/2023 4:00:00 AM,5/17/2023 12:00:00 AM,SERC,WEST,EKPC,EKPC,1138.364,True
5/17/2023 5:00:00 AM,5/17/2023 1:00:00 AM,SERC,WEST,EKPC,EKPC,1121.399,True
5/17/2023 6:00:00 AM,5/17/2023 2:00:00 AM,SERC,WEST,EKPC,EKPC,1120.036,True
5/17/2023 7:00:00 AM,5/17/2023 3:00:00 AM,SERC,WEST,EKPC,EKPC,992.400,True
5/17/2023 8:00:00 AM,5/17/2023 4:00:00 AM,SERC,WEST,EKPC,EKPC,1035.355,True
5/17/2023 9:00:00 AM,5/17/2023 5:00:00 AM,SERC,WEST,EKPC,EKPC,1027.037,True
5/17/2023 10:00:00 AM,5/17/2023 6:00:00 AM,SERC,WEST,EKPC,EKPC,1155.027,True
5/17/2023 11:00:00 AM,5/17/2023 7:00:00 AM,SERC,WEST,EKPC,EKPC,1170.015,True
5/17/2023 12:00:00 PM,5/17/2023 8:00:00 AM,SERC,WEST,EKPC,EKPC,1174.219,True
5/17/2023 1:00:00 PM,5/17/2023 9:00:00 AM,SERC,WEST,EKPC,EKPC,1185.547,True
5/17/2023 2:00:00 PM,5/17/2023 10:00:00 AM,SERC,WEST,EKPC,EKPC,1229.765,True
5/17/2023 3:00:00 PM,5/17/2023 11:00:00 AM,SERC,WEST,EKPC,EKPC,1234.359,True
5/17/2023 4:00:00 PM,5/17/2023 12:00:00 PM,SERC,WEST,EKPC,EKPC,1269.972,True
5/17/2023 5:00:00 PM,5/17/2023 1:00:00 PM,SERC,WEST,EKPC,EKPC,1329.055,True
5/17/2023 6:00:00 PM,5/17/2023 2:00:00 PM,SERC,WEST,EKPC,EKPC,1392.254,True
5/17/2023 7:00:00 PM,5/17/2023 3:00:00 PM,SERC,WEST,EKPC,EKPC,1496.033,True
5/17/2023 8:00:00 PM,5/17/2023 4:00:00 PM,SERC,WEST,EKPC,EKPC,1530.989,True
5/17/2023 9:00:00 PM,5/17/2023 5:00:00 PM,SERC,WEST,EKPC,EKPC,1606.387,True
5/17/2023 10:00:00 PM,5/17/2023 6:00:00 PM,SERC,WEST,EKPC,EKPC,1605.333,True
5/17/2023 11:00:00 PM,5/17/2023 7:00:00 PM,SERC,WEST,EKPC,EKPC,1545.223,True
5/18/2023 12:00:00 AM,5/17/2023 8:00:00 PM,SERC,WEST,EKPC,EKPC,1440.863,True
5/18/2023 1:00:00 AM,5/17/2023 9:00:00 PM,SERC,WEST,EKPC,EKPC,1402.144,True
5/18/2023 2:00:00 AM,5/17/2023 10:00:00 PM,SERC,WEST,EKPC,EKPC,1323.366,True
5/18/2023 3:00:00 AM,5/17/2023 11:00:00 PM,SERC,WEST,EKPC,EKPC,1249.610,True
5/18/2023 4:00:00 AM,5/18/2023 12:00:00 AM,SERC,WEST,EKPC,EKPC,1137.628,True
5/18/2023 5:00:00 AM,5/18/2023 1:00:00 AM,SERC,WEST,EKPC,EKPC,1105.091,True
5/18/2023 6:00:00 AM,5/18/2023 2:00:00 AM,SERC,WEST,EKPC,EKPC,1091.957,True
5/18/2023 7:00:00 AM,5/18/2023 3:00:00 AM,SERC,WEST,EKPC,EKPC,1114.578,True
5/18/2023 8:00:00 AM,5/18/2023 4:00:00 AM,SERC,WEST,EKPC,EKPC,1077.071,True
5/18/2023 9:00:00 AM,5/18/2023 5:00:00 AM,SERC,WEST,EKPC,EKPC,1136.738,True
5/18/2023 10:00:00 AM,5/18/2023 6:00:00 AM,SERC,WEST,EKPC,EKPC,1275.989,True
5/18/2023 11:00:00 AM,5/18/2023 7:00:00 AM,SERC,WEST,EKPC,EKPC,1404.467,True
5/18/2023 12:00:00 PM,5/18/2023 8:00:00 AM,SERC,WEST,EKPC,EKPC,1247.214,True
5/18/2023 1:00:00 PM,5/18/2023 9:00:00 AM,SERC,WEST,EKPC,EKPC,1278.402,True
5/18/2023 2:00:00 PM,5/18/2023 10:00:00 AM,SERC,WEST,EKPC,EKPC,1279.424,True
5/18/2023 3:00:00 PM,5/18/2023 11:00:00 AM,SERC,WEST,EKPC,EKPC,1236.032,True
5/18/2023 4:00:00 PM,5/18/2023 12:00:00 PM,SERC,WEST,EKPC,EKPC,1317.270,True
5/18/2023 5:00:00 PM,5/18/2023 1:00:00 PM,SERC,WEST,EKPC,EKPC,1383.529,True
5/18/2023 6:00:00 PM,5/18/2023 2:00:00 PM,SERC,WEST,EKPC,EKPC,1353.239,True
5/18/2023 7:00:00 PM,5/18/2023 3:00:00 PM,SERC,WEST,EKPC,EKPC,1479.703,True
5/18/2023 8:00:00 PM,5/18/2023 4:00:00 PM,SERC,WEST,EKPC,EKPC,1586.873,True
5/18/2023 9:00:00 PM,5/18/2023 5:00:00 PM,SERC,WEST,EKPC,EKPC,1644.847,True
5/18/2023 10:00:00 PM,5/18/2023 6:00:00 PM,SERC,WEST,EKPC,EKPC,1654.016,True
5/18/2023 11:00:00 PM,5/18/2023 7:00:00 PM,SERC,WEST,EKPC,EKPC,1651.206,True
5/19/2023 12:00:00 AM,5/18/2023 8:00:00 PM,SERC,WEST,EKPC,EKPC,1632.295,True
5/19/2023 1:00:00 AM,5/18/2023 9:00:00 PM,SERC,WEST,EKPC,EKPC,1605.785,True
5/19/2023 2:00:00 AM,5/18/2023 10:00:00 PM,SERC,WEST,EKPC,EKPC,1493.723,True
5/19/2023 3:00:00 AM,5/18/2023 11:00:00 PM,SERC,WEST,EKPC,EKPC,1327.378,True
5/19/2023 4:00:00 AM,5/19/2023 12:00:00 AM,SERC,WEST,EKPC,EKPC,1294.136,True
5/19/2023 5:00:00 AM,5/19/2023 1:00:00 AM,SERC,WEST,EKPC,EKPC,1150.070,True
5/19/2023 6:00:00 AM,5/19/2023 2:00:00 AM,SERC,WEST,EKPC,EKPC,1122.306,True
5/19/2023 7:00:00 AM,5/19/2023 3:00:00 AM,SERC,WEST,EKPC,EKPC,1092.593,True
5/19/2023 8:00:00 AM,5/19/2023 4:00:00 AM,SERC,WEST,EKPC,EKPC,1163.044,True
5/19/2023 9:00:00 AM,5/19/2023 5:00:00 AM,SERC,WEST,EKPC,EKPC,1169.333,True
5/19/2023 10:00:00 AM,5/19/2023 6:00:00 AM,SERC,WEST,EKPC,EKPC,1280.342,True
5/19/2023 11:00:00 AM,5/19/2023 7:00:00 AM,SERC,WEST,EKPC,EKPC,1306.875,True
5/19/2023 12:00:00 PM,5/19/2023 8:00:00 AM,SERC,WEST,EKPC,EKPC,1286.696,True
5/19/2023 1:00:00 PM,5/19/2023 9:00:00 AM,SERC,WEST,EKPC,EKPC,1405.735,True
5/19/2023 2:00:00 PM,5/19/2023 10:00:00 AM,SERC,WEST,EKPC,EKPC,1378.126,True
5/19/2023 3:00:00 PM,5/19/2023 11:00:00 AM,SERC,WEST,EKPC,EKPC,1431.759,True
5/19/2023 4:00:00 PM,5/19/2023 12:00:00 PM,SERC,WEST,EKPC,EKPC,1353.831,True
5/19/2023 5:00:00 PM,5/19/2023 1:00:00 PM,SERC,WEST,EKPC,EKPC,1425.467,True
5/19/2023 6:00:00 PM,5/19/2023 2:00:00 PM,SERC,WEST,EKPC,EKPC,1444.060,True
5/19/2023 7:00:00 PM,5/19/2023 3:00:00 PM,SERC,WEST,EKPC,EKPC,1460.389,True
5/19/2023 8:00:00 PM,5/19/2023 4:00:00 PM,SERC,WEST,EKPC,EKPC,1548.591,True
5/19/2023 9:00:00 PM,5/19/2023 5:00:00 PM,SERC,WEST,EKPC,EKPC,1698.417,True
5/19/2023 10:00:00 PM,5/19/2023 6:00:00 PM,SERC,WEST,EKPC,EKPC,1618.889,True
5/19/2023 11:00:00 PM,5/19/2023 7:00:00 PM,SERC,WEST,EKPC,EKPC,1659.952,True
5/20/2023 12:00:00 AM,5/19/2023 8:00:00 PM,SERC,WEST,EKPC,EKPC,1598.010,True
5/20/2023 1:00:00 AM,5/19/2023 9:00:00 PM,SERC,WEST,EKPC,EKPC,1487.832,True
5/20/2023 2:00:00 AM,5/19/2023 10:00:00 PM,SERC,WEST,EKPC,EKPC,1480.945,True
5/20/2023 3:00:00 AM,5/19/2023 11:00:00 PM,SERC,WEST,EKPC,EKPC,1301.117,True
5/20/2023 4:00:00 AM,5/20/2023 12:00:00 AM,SERC,WEST,EKPC,EKPC,1266.105,True
5/20/2023 5:00:00 AM,5/20/2023 1:00:00 AM,SERC,WEST,EKPC,EKPC,1100.585,True
5/20/2023 6:00:00 AM,5/20/2023 2:00:00 AM,SERC,WEST,EKPC,EKPC,1119.056,True
5/20/2023 7:00:00 AM,5/20/2023 3:00:00 AM,SERC,WEST,EKPC,EKPC,1095.836,True
5/20/2023 8:00:00 AM,5/20/2023 4:00:00 AM,SERC,WEST,EKPC,EKPC,1065.628,True
5/20/2023 9:00:00 AM,5/20/2023 5:00:00 AM,SERC,WEST,EKPC,EKPC,1065.884,True
5/20/2023 10:00:00 AM,5/20/2023 6:00:00 AM,SERC,WEST,EKPC,EKPC,1136.209,True
5/20/2023 11:00:00 AM,5/20/2023 7:00:00 AM,SERC,WEST,EKPC,EKPC,1096.350,True
5/20/2023 12:00:00 PM,5/20/2023 8:00:00 AM,SERC,WEST,EKPC,EKPC,1247.742,True
5/20/2023 1:00:00 PM,5/20/2023 9:00:00 AM,SERC,WEST,EKPC,EKPC,1171.321,True
5/20/2023 2:00:00 PM,5/20/2023 10:00:00 AM,SERC,WEST,EKPC,EKPC,1187.211,True
5/20/2023 3:00:00 PM,5/20/2023 11:00:00 AM,SERC,WEST,EKPC,EKPC,1205.708,True
5/20/2023 4:00:00 PM,5/20/2023 12:00:00 PM,SERC,WEST,EKPC,EKPC,1218.196,True
5/20/2023 5:00:00 PM,5/20/2023 1:00:00 PM,SERC,WEST,EKPC,EKPC,1269.287,True
5/20/2023 6:00:00 PM,5/20/2023 2:00:00 PM,SERC,WEST,EKPC,EKPC,1242.450,True
5/20/2023 7:00:00 PM,5/20/2023 3:00:00 PM,SERC,WEST,EKPC,EKPC,1291.277,True
5/20/2023 8:00:00 PM,5/20/2023 4:00:00 PM,SERC,WEST,EKPC,EKPC,1400.471,True
5/20/2023 9:00:00 PM,5/20/2023 5:00:00 PM,SERC,WEST,EKPC,EKPC,1446.337,True
5/20/2023 10:00:00 PM,5/20/2023 6:00:00 PM,SERC,WEST,EKPC,EKPC,1452.643,True
5/20/2023 11:00:00 PM,5/20/2023 7:00:00 PM,SERC,WEST,EKPC,EKPC,1447.215,True
5/21/2023 12:00:00 AM,5/20/2023 8:00:00 PM,SERC,WEST,EKPC,EKPC,1369.146,True
5/21/2023 1:00:00 AM,5/20/2023 9:00:00 PM,SERC,WEST,EKPC,EKPC,1431.969,True
5/21/2023 2:00:00 AM,5/20/2023 10:00:00 PM,SERC,WEST,EKPC,EKPC,1308.150,True
5/21/2023 3:00:00 AM,5/20/2023 11:00:00 PM,SERC,WEST,EKPC,EKPC,1194.419,True
5/21/2023 4:00:00 AM,5/21/2023 12:00:00 AM,SERC,WEST,EKPC,EKPC,1155.576,True
5/21/2023 5:00:00 AM,5/21/2023 1:00:00 AM,SERC,WEST,EKPC,EKPC,1081.275,True
5/21/2023 6:00:00 AM,5/21/2023 2:00:00 AM,SERC,WEST,EKPC,EKPC,1060.677,True
5/21/2023 7:00:00 AM,5/21/2023 3:00:00 AM,SERC,WEST,EKPC,EKPC,1017.600,True
5/21/2023 8:00:00 AM,5/21/2023 4:00:00 AM,SERC,WEST,EKPC,EKPC,981.112,True
5/21/2023 9:00:00 AM,5/21/2023 5:00:00 AM,SERC,WEST,EKPC,EKPC,1040.569,True
5/21/2023 10:00:00 AM,5/21/2023 6:00:00 AM,SERC,WEST,EKPC,EKPC,1008.817,True
5/21/2023 11:00:00 AM,5/21/2023 7:00:00 AM,SERC,WEST,EKPC,EKPC,1129.816,True
5/21/2023 12:00:00 PM,5/21/2023 8:00:00 AM,SERC,WEST,EKPC,EKPC,1211.387,True
5/21/2023 1:00:00 PM,5/21/2023 9:00:00 AM,SERC,WEST,EKPC,EKPC,1226.942,True
5/21/2023 2:00:00 PM,5/21/2023 10:00:00 AM,SERC,WEST,EKPC,EKPC,1137.582,True
5/21/2023 3:00:00 PM,5/21/2023 11:00:00 AM,SERC,WEST,EKPC,EKPC,1234.751,True
5/21/2023 4:00:00 PM,5/21/2023 12:00:00 PM,SERC,WEST,EKPC,EKPC,1314.892,True
5/21/2023 5:00:00 PM,5/21/2023 1:00:00 PM,SERC,WEST,EKPC,EKPC,1296.229,True
5/21/2023 6:00:00 PM,5/21/2023 2:00:00 PM,SERC,WEST,EKPC,EKPC,1203.983,True
5/21/2023 7:00:00 PM,5/21/2023 3:00:00 PM,SERC,WEST,EKPC,EKPC,1250.986,True
5/21/2023 8:00:00 PM,5/21/2023 4:00:00 PM,SERC,WEST,EKPC,EKPC,1338.006,True
5/21/2023 9:00:00 PM,5/21/2023 5:00:00 PM,SERC,WEST,EKPC,EKPC,1541.657,True
5/21/2023 10:00:00 PM,5/21/2023 6:00:00 PM,SERC,WEST,EKPC,EKPC,1566.149,True
5/21/2023 11:00:00 PM,5/21/2023 7:00:00 PM,SERC,WEST,EKPC,EKPC,1526.409,True
5/22/2023 12:00:00 AM,5/21/2023 8:00:00 PM,SERC,WEST,EKPC,EKPC,1504.615,True
5/22/2023 1:00:00 AM,5/21/2023 9:00:00 PM,SERC,WEST,EKPC,EKPC,1423.952,True
5/22/2023 2:00:00 AM,5/21/2023 10:00:00 PM,SERC,WEST,EKPC,EKPC,1378.190,True
5/22/2023 3:00:00 AM,5/21/2023 11:00:00 PM,SERC,WEST,EKPC,EKPC,1255.836,True
5/22/2023 4:00:00 AM,5/22/2023 12:00:00 AM,SERC,WEST,EKPC,EKPC,1124.864,True
5/22/2023 5:00:00 AM,5/22/2023 1:00:00 AM,SERC,WEST,EKPC,EKPC,1002.468,True
5/22/2023 6:00:00 AM,5/22/2023 2:00:00 AM,SERC,WEST,EKPC,EKPC,911.865,True
5/22/2023 7:00:00 AM,5/22/2023 3:00:00 AM,SERC,WEST,EKPC,EKPC,971.796,True
5/22/2023 8:00:00 AM,5/22/2023 4:00:00 AM,SERC,WEST,EKPC,EKPC,1072.133,True
5/22/2023 9:00:00 AM,5/22/2023 5:00:00 AM,SERC,WEST,EKPC,EKPC,1156.307,True
5/22/2023 10:00:00 AM,5/22/2023 6:00:00 AM,SERC,WEST,EKPC,EKPC,1237.917,True
5/22/2023 11:00:00 AM,5/22/2023 7:00:00 AM,SERC,WEST,EKPC,EKPC,1291.307,True
5/22/2023 12:00:00 PM,5/22/2023 8:00:00 AM,SERC,WEST,EKPC,EKPC,1307.155,True
5/22/2023 1:00:00 PM,5/22/2023 9:00:00 AM,SERC,WEST,EKPC,EKPC,1371.772,True
5/22/2023 2:00:00 PM,5/22/2023 10:00:00 AM,SERC,WEST,EKPC,EKPC,1251.087,True
5/22/2023 3:00:00 PM,5/22/2023 11:00:00 AM,SERC,WEST,EKPC,EKPC,1299.450,True
5/22/2023 4:00:00 PM,5/22/2023 12:00:00 PM,SERC,WEST,EKPC,EKPC,1312.472,True
5/22/2023 5:00:00 PM,5/22/2023 1:00:00 PM,SERC,WEST,EKPC,EKPC,1415.900,True
5/22/2023 6:00:00 PM,5/22/2023 2:00:00 PM,SERC,WEST,EKPC,EKPC,1486.652,True
5/22/2023 7:00:00 PM,5/22/2023 3:00:00 PM,SERC,WEST,EKPC,EKPC,1533.854,True
5/22/2023 8:00:00 PM,5/22/2023 4:00:00 PM,SERC,WEST,EKPC,EKPC,1614.951,True
5/22/2023 9:00:00 PM,5/22/2023 5:00:00 PM,SERC,WEST,EKPC,EKPC,1726.820,True
5/22/2023 10:00:00 PM,5/22/2023 6:00:00 PM,SERC,WEST,EKPC,EKPC,1709.993,True
5/22/2023 11:00:00 PM,5/22/2023 7:00:00 PM,SERC,WEST,EKPC,EKPC,1684.007,True
5/23/2023 12:00:00 AM,5/22/2023 8:00:00 PM,SERC,WEST,EKPC,EKPC,1616.906,True
5/23/2023 1:00:00 AM,5/22/2023 9:00:00 PM,SERC,WEST,EKPC,EKPC,1527.738,True
5/23/2023 2:00:00 AM,5/22/2023 10:00:00 PM,SERC,WEST,EKPC,EKPC,1394.156,True
5/23/2023 3:00:00 AM,5/22/2023 11:00:00 PM,SERC,WEST,EKPC,EKPC,1301.431,True
5/23/2023 4:00:00 AM,5/23/2023 12:00:00 AM,SERC,WEST,EKPC,EKPC,1177.718,True
5/23/2023 5:00:00 AM,5/23/2023 1:00:00 AM,SERC,WEST,EKPC,EKPC,1114.938,True
5/23/2023 6:00:00 AM,5/23/2023 2:00:00 AM,SERC,WEST,EKPC,EKPC,1082.554,True
5/23/2023 7:00:00 AM,5/23/2023 3:00:00 AM,SERC,WEST,EKPC,EKPC,1124.938,True
5/23/2023 8:00:00 AM,5/23/2023 4:00:00 AM,SERC,WEST,EKPC,EKPC,1049.950,True
5/23/2023 9:00:00 AM,5/23/2023 5:00:00 AM,SERC,WEST,EKPC,EKPC,1110.710,True
5/23/2023 10:00:00 AM,5/23/2023 6:00:00 AM,SERC,WEST,EKPC,EKPC,1220.646,True
5/23/2023 11:00:00 AM,5/23/2023 7:00:00 AM,SERC,WEST,EKPC,EKPC,1199.680,True
5/23/2023 12:00:00 PM,5/23/2023 8:00:00 AM,SERC,WEST,EKPC,EKPC,1192.733,True
5/23/2023 1:00:00 PM,5/23/2023 9:00:00 AM,SERC,WEST,EKPC,EKPC,1204.407,True
5/23/2023 2:00:00 PM,5/23/2023 10:00:00 AM,SERC,WEST,EKPC,EKPC,1301.618,True
5/23/2023 3:00:00 PM,5/23/2023 11:00:00 AM,SERC,WEST,EKPC,EKPC,1379.641,True
5/23/2023 4:00:00 PM,5/23/2023 12:00:00 PM,SERC,WEST,EKPC,EKPC,1489.932,True
5/23/2023 5:00:00 PM,5/23/2023 1:00:00 PM,SERC,WEST,EKPC,EKPC,1522.834,True
5/23/2023 6:00:00 PM,5/23/2023 2:00:00 PM,SERC,WEST,EKPC,EKPC,1474.160,True
5/23/2023 7:00:00 PM,5/23/2023 3:00:00 PM,SERC,WEST,EKPC,EKPC,1545.179,True
5/23/2023 8:00:00 PM,5/23/2023 4:00:00 PM,SERC,WEST,EKPC,EKPC,1750.995,True
5/23/2023 9:00:00 PM,5/23/2023 5:00:00 PM,SERC,WEST,EKPC,EKPC,1709.406,True
5/23/2023 10:00:00 PM,5/23/2023 6:00:00 PM,SERC,WEST,EKPC,EKPC,1668.772,True
5/23/2023 11:00:00 PM,5/23/2023 7:00:00 PM,SERC,WEST,EKPC,EKPC,1613.800,True
5/24/2023 12:00:00 AM,5/23/2023 8:00:00 PM,SERC,WEST,EKPC,EKPC,1603.785,True
5/24/2023 1:00:00 AM,5/23/2023 9:00:00 PM,SERC,WEST,EKPC,EKPC,1498.249,True
5/24/2023 2:00:00 AM,5/23/2023 10:00:00 PM,SERC,WEST,EKPC,EKPC,1352.072,True
5/24/2023 3:00:00 AM,5/23/2023 11:00:00 PM,SERC,WEST,EKPC,EKPC,1203.547,True
5/24/2023 4:00:00 AM,5/24/2023 12:00:00 AM,SERC,WEST,EKPC,EKPC,1041.875,True
5/24/2023 5:00:00 AM,5/24/2023 1:00:00 AM,SERC,WEST,EKPC,EKPC,1087.873,True
5/24/2023 6:00:00 AM,5/24/2023 2:00:00 AM,SERC,WEST,EKPC,EKPC,1095.808,True
5/24/2023 7:00:00 AM,5/24/2023 3:00:00 AM,SERC,WEST,EKPC,EKPC,1078.268,True
5/24/2023 8:00:00 AM,5/24/2023 4:00:00 AM,SERC,WEST,EKPC,EKPC,924.867,True
5/24/2023 9:00:00 AM,5/24/2023 5:00:00 AM,SERC,WEST,EKPC,EKPC,993.124,True
5/24/2023 10:00:00 AM,5/24/2023 6:00:00 AM,SERC,WEST,EKPC,EKPC,1192.729,True
5/24/2023 11:00:00 AM,5/24/2023 7:00:00 AM,SERC,WEST,EKPC,EKPC,1258.698,True
5/24/2023 12:00:00 PM,5/24/2023 8:00:00 AM,SERC,WEST,EKPC,EKPC,1295.573,True
5/24/2023 1:00:00 PM,5/24/2023 9:00:00 AM,SERC,WEST,EKPC,EKPC,1370.619,True
5/24/2023 2:00:00 PM,5/24/2023 10:00:00 AM,SERC,WEST,EKPC,EKPC,1340.857,True
5/24/2023 3:00:00 PM,5/24/2023 11:00:00 AM,SERC,WEST,EKPC,EKPC,1349.536,True
5/24/2023 4:00:00 PM,5/24/2023 12:00:00 PM,SERC,WEST,EKPC,EKPC,1544.368,True
5/24/2023 5:00:00 PM,5/24/2023 1:00:00 PM,SERC,WEST,EKPC,EKPC,1572.797,True
5/24/2023 6:00:00 PM,5/24/2023 2:00:00 PM,SERC,WEST,EKPC,EKPC,1557.363,True
5/24/2023 7:00:00 PM,5/24/2023 3:00:00 PM,SERC,WEST,EKPC,EKPC,1602.528,True
5/24/2023 8:00:00 PM,5/24/2023 4:00:00 PM,SERC,WEST,EKPC,EKPC,1692.387,True
5/24/2023 9:00:00 PM,5/24/2023 5:00:00 PM,SERC,WEST,EKPC,EKPC,1750.420,True
5/24/2023 10:00:00 PM,5/24/2023 6:00:00 PM,SERC,WEST,EKPC,EKPC,1728.530,True
5/24/2023 11:00:00 PM,5/24/2023 7:00:00 PM,SERC,WEST,EKPC,EKPC,1611.836,True
5/25/2023 12:00:00 AM,5/24/2023 8:00:00 PM,SERC,WEST,EKPC,EKPC,1585.541,True
5/25/2023 1:00:00 AM,5/24/2023 9:00:00 PM,SERC,WEST,EKPC,EKPC,1474.495,True
5/25/2023 2:00:00 AM,5/24/2023 10:00:00 PM,SERC,WEST,EKPC,EKPC,1308.321,True
5/25/2023 3:00:00 AM,5/24/2023 11:00:00 PM,SERC,WEST,EKPC,EKPC,1194.247,True
5/25/2023 4:00:00 AM,5/25/2023 12:00:00 AM,SERC,WEST,EKPC,EKPC,1055.596,True
5/25/2023 5:00:00 AM,5/25/2023 1:00:00 AM,SERC,WEST,EKPC,EKPC,999.414,True
5/25/2023 6:00:00 AM,5/25/2023 2:00:00 AM,SERC,WEST,EKPC,EKPC,955.570,True
5/25/2023 7:00:00 AM,5/25/2023 3:00:00 AM,SERC,WEST,EKPC,EKPC,936.389,True
5/25/2023 8:00:00 AM,5/25/2023 4:00:00 AM,SERC,WEST,EKPC,EKPC,940.061,True
5/25/2023 9:00:00 AM,5/25/2023 5:00:00 AM,SERC,WEST,EKPC,EKPC,991.574,True
5/25/2023 10:00:00 AM,5/25/2023 6:00:00 AM,SERC,WEST,EKPC,EKPC,1080.640,True
5/25/2023 11:00:00 AM,5/25/2023 7:00:00 AM,SERC,WEST,EKPC,EKPC,1130.248,True
5/25/2023 12:00:00 PM,5/25/2023 8:00:00 AM,SERC,WEST,EKPC,EKPC,1170.931,True
5/25/2023 1:00:00 PM,5/25/2023 9:00:00 AM,SERC,WEST,EKPC,EKPC,1172.844,True
5/25/2023 2:00:00 PM,5/25/2023 10:00:00 AM,SERC,WEST,EKPC,EKPC,1199.788,True
5/25/2023 3:00:00 PM,5/25/2023 11:00:00 AM,SERC,WEST,EKPC,EKPC,1239.218,True
5/25/2023 4:00:00 PM,5/25/2023 12:00:00 PM,SERC,WEST,EKPC,EKPC,1275.053,True
5/25/2023 5:00:00 PM,5/25/2023 1:00:00 PM,SERC,WEST,EKPC,EKPC,1331.509,True
5/25/2023 6:00:00 PM,5/25/2023 2:00:00 PM,SERC,WEST,EKPC,EKPC,1379.483,True
5/25/2023 7:00:00 PM,5/25/2023 3:00:00 PM,SERC,WEST,EKPC,EKPC,1429.830,True
5/25/2023 8:00:00 PM,5/25/2023 4:00:00 PM,SERC,WEST,EKPC,EKPC,1480.755,True
5/25/2023 9:00:00 PM,5/25/2023 5:00:00 PM,SERC,WEST,EKPC,EKPC,1490.176,True
5/25/2023 10:00:00 PM,5/25/2023 6:00:00 PM,SERC,WEST,EKPC,EKPC,1483.467,True
5/25/2023 11:00:00 PM,5/25/2023 7:00:00 PM,SERC,WEST,EKPC,EKPC,1441.040,True
5/26/2023 12:00:00 AM,5/25/2023 8:00:00 PM,SERC,WEST,EKPC,EKPC,1380.858,True
5/26/2023 1:00:00 AM,5/25/2023 9:00:00 PM,SERC,WEST,EKPC,EKPC,1367.772,True
5/26/2023 2:00:00 AM,5/25/2023 10:00:00 PM,SERC,WEST,EKPC,EKPC,1257.698,True
5/26/2023 3:00:00 AM,5/25/2023 11:00:00 PM,SERC,WEST,EKPC,EKPC,1116.107,True
5/26/2023 4:00:00 AM,5/26/2023 12:00:00 AM,SERC,WEST,EKPC,EKPC,1067.250,True
5/26/2023 5:00:00 AM,5/26/2023 1:00:00 AM,SERC,WEST,EKPC,EKPC,1099.372,True
5/26/2023 6:00:00 AM,5/26/2023 2:00:00 AM,SERC,WEST,EKPC,EKPC,1057.870,True
5/26/2023 7:00:00 AM,5/26/2023 3:00:00 AM,SERC,WEST,EKPC,EKPC,1013.160,True
5/26/2023 8:00:00 AM,5/26/2023 4:00:00 AM,SERC,WEST,EKPC,EKPC,929.306,True
5/26/2023 9:00:00 AM,5/26/2023 5:00:00 AM,SERC,WEST,EKPC,EKPC,1074.719,True
5/26/2023 10:00:00 AM,5/26/2023 6:00:00 AM,SERC,WEST,EKPC,EKPC,1194.606,True
5/26/2023 11:00:00 AM,5/26/2023 7:00:00 AM,SERC,WEST,EKPC,EKPC,1205.120,True
5/26/2023 12:00:00 PM,5/26/2023 8:00:00 AM,SERC,WEST,EKPC,EKPC,1161.006,True
5/26/2023 1:00:00 PM,5/26/2023 9:00:00 AM,SERC,WEST,EKPC,EKPC,1156.502,True
5/26/2023 2:00:00 PM,5/26/2023 10:00:00 AM,SERC,WEST,EKPC,EKPC,1250.839,True
5/26/2023 3:00:00 PM,5/26/2023 11:00:00 AM,SERC,WEST,EKPC,EKPC,1280.404,True
5/26/2023 4:00:00 PM,5/26/2023 12:00:00 PM,SERC,WEST,EKPC,EKPC,1299.690,True
5/26/2023 5:00:00 PM,5/26/2023 1:00:00 PM,SERC,WEST,EKPC,EKPC,1365.141,True
5/26/2023 6:00:00 PM,5/26/2023 2:00:00 PM,SERC,WEST,EKPC,EKPC,1364.927,True
5/26/2023 7:00:00 PM,5/26/2023 3:00:00 PM,SERC,WEST,EKPC,EKPC,1508.115,True
5/26/2023 8:00:00 PM,5/26/2023 4:00:00 PM,SERC,WEST,EKPC,EKPC,1491.994,True
5/26/2023 9:00:00 PM,5/26/2023 5:00:00 PM,SERC,WEST,EKPC,EKPC,1601.169,True
5/26/2023 10:00:00 PM,5/26/2023 6:00:00 PM,SERC,WEST,EKPC,EKPC,1598.338,True
5/26/2023 11:00:00 PM,5/26/2023 7:00:00 PM,SERC,WEST,EKPC,EKPC,1548.681,True
5/27/2023 12:00:00 AM,5/26/2023 8:00:00 PM,SERC,WEST,EKPC,EKPC,1433.919,True
5/27/2023 1:00:00 AM,5/26/2023 9:00:00 PM,SERC,WEST,EKPC,EKPC,1344.277,True
5/27/2023 2:00:00 AM,5/26/2023 10:00:00 PM,SERC,WEST,EKPC,EKPC,1277.529,True
5/27/2023 3:00:00 AM,5/26/2023 11:00:00 PM,SERC,WEST,EKPC,EKPC,1214.065,True
5/27/2023 4:00:00 AM,5/27/2023 12:00:00 AM,SERC,WEST,EKPC,EKPC,1102.429,True
5/27/2023 5:00:00 AM,5/27/2023 1:00:00 AM,SERC,WEST,EKPC,EKPC,1023.383,True
5/27/2023 6:00:00 AM,5/27/2023 2:00:00 AM,SERC,WEST,EKPC,EKPC,989.150,True
5/27/2023 7:00:00 AM,5/27/2023 3:00:00 AM,SERC,WEST,EKPC,EKPC,929.726,True
5/27/2023 8:00:00 AM,5/27/2023 4:00:00 AM,SERC,WEST,EKPC,EKPC,1005.257,True
5/27/2023 9:00:00 AM,5/27/2023 5:00:00 AM,SERC,WEST,EKPC,EKPC,1042.145,True
5/27/2023 10:00:00 AM,5/27/2023 6:00:00 AM,SERC,WEST,EKPC,EKPC,1070.030,True
5/27/2023 11:00:00 AM,5/27/2023 7:00:00 AM,SERC,WEST,EKPC,EKPC,1108.664,True
5/27/2023 12:00:00 PM,5/27/2023 8:00:00 AM,SERC,WEST,EKPC,EKPC,1198.626,True
5/27/2023 1:00:00 PM,5/27/2023 9:00:00 AM,SERC,WEST,EKPC,EKPC,1270.667,True
5/27/2023 2:00:00 PM,5/27/2023 10:00:00 AM,SERC,WEST,EKPC,EKPC,1266.552,True
5/27/2023 3:00:00 PM,5/27/2023 11:00:00 AM,SERC,WEST,EKPC,EKPC,1302.918,True
5/27/2023 4:00:00 PM,5/27/2023 12:00:00 PM,SERC,WEST,EKPC,EKPC,1303.778,True
5/27/2023 5:00:00 PM,5/27/2023 1:00:00 PM,SERC,WEST,EKPC,EKPC,1339.619,True
5/27/2023 6:00:00 PM,5/27/2023 2:00:00 PM,SERC,WEST,EKPC,EKPC,1206.858,True
5/27/2023 7:00:00 PM,5/27/2023 3:00:00 PM,SERC,WEST,EKPC,EKPC,1197.148,True
5/27/2023 8:00:00 PM,5/27/2023 4:00:00 PM,SERC,WEST,EKPC,EKPC,1262.673,True
5/27/2023 9:00:00 PM,5/27/2023 5:00:00 PM,SERC,WEST,EKPC,EKPC,1333.702,True
5/27/2023 10:00:00 PM,5/27/2023 6:00:00 PM,SERC,WEST,EKPC,EKPC,1355.091,True
5/27/2023 11:00:00 PM,5/27/2023 7:00:00 PM,SERC,WEST,EKPC,EKPC,1357.247,True
5/28/2023 12:00:00 AM,5/27/2023 8:00:00 PM,SERC,WEST,EKPC,EKPC,1326.742,True
5/28/2023 1:00:00 AM,5/27/2023 9:00:00 PM,SERC,WEST,EKPC,EKPC,1349.479,True
5/28/2023 2:00:00 AM,5/27/2023 10:00:00 PM,SERC,WEST,EKPC,EKPC,1261.439,True
5/28/2023 3:00:00 AM,5/27/2023 11:00:00 PM,SERC,WEST,EKPC,EKPC,1219.171,True
5/28/2023 4:00:00 AM,5/28/2023 12:00:00 AM,SERC,WEST,EKPC,EKPC,1134.757,True
5/28/2023 5:00:00 AM,5/28/2023 1:00:00 AM,SERC,WEST,EKPC,EKPC,1087.589,True
5/28/2023 6:00:00 AM,5/28/2023 2:00:00 AM,SERC,WEST,EKPC,EKPC,1095.429,True
5/28/2023 7:00:00 AM,5/28/2023 3:00:00 AM,SERC,WEST,EKPC,EKPC,1055.743,True
5/28/2023 8:00:00 AM,5/28/2023 4:00:00 AM,SERC,WEST,EKPC,EKPC,977.729,True
5/28/2023 9:00:00 AM,5/28/2023 5:00:00 AM,SERC,WEST,EKPC,EKPC,993.813,True
5/28/2023 10:00:00 AM,5/28/2023 6:00:00 AM,SERC,WEST,EKPC,EKPC,1001.139,True
5/28/2023 11:00:00 AM,5/28/2023 7:00:00 AM,SERC,WEST,EKPC,EKPC,1027.718,True
5/28/2023 12:00:00 PM,5/28/2023 8:00:00 AM,SERC,WEST,EKPC,EKPC,1071.135,True
5/28/2023 1:00:00 PM,5/28/2023 9:00:00 AM,SERC,WEST,EKPC,EKPC,1258.392,True
5/28/2023 2:00:00 PM,5/28/2023 10:00:00 AM,SERC,WEST,EKPC,EKPC,1261.393,True
5/28/2023 3:00:00 PM,5/28/2023 11:00:00 AM,SERC,WEST,EKPC,EKPC,1291.643,True
5/28/2023 4:00:00 PM,5/28/2023 12:00:00 PM,SERC,WEST,EKPC,EKPC,1288.542,True
5/28/2023 5:00:00 PM,5/28/2023 1:00:00 PM,SERC,WEST,EKPC,EKPC,1330.493,True
5/28/2023 6:00:00 PM,5/28/2023 2:00:00 PM,SERC,WEST,EKPC,EKPC,1305.047,True
5/28/2023 7:00:00 PM,5/28/2023 3:00:00 PM,SERC,WEST,EKPC,EKPC,1309.662,True
5/28/2023 8:00:00 PM,5/28/2023 4:00:00 PM,SERC,WEST,EKPC,EKPC,1286.926,True
5/28/2023 9:00:00 PM,5/28/2023 5:00:00 PM,SERC,WEST,EKPC,EKPC,1302.487,True
5/28/2023 10:00:00 PM,5/28/2023 6:00:00 PM,SERC,WEST,EKPC,EKPC,1360.242,True
5/28/2023 11:00:00 PM,5/28/2023 7:00:00 PM,SERC,WEST,EKPC,EKPC,1354.004,True
5/29/2023 12:00:00 AM,5/28/2023 8:00:00 PM,SERC,WEST,EKPC,EKPC,1302.520,True
5/29/2023 1:00:00 AM,5/28/2023 9:00:00 PM,SERC,WEST,EKPC,EKPC,1189.567,True
5/29/2023 2:00:00 AM,5/28/2023 10:00:00 PM,SERC,WEST,EKPC,EKPC,1244.519,True
5/29/2023 3:00:00 AM,5/28/2023 11:00:00 PM,SERC,WEST,EKPC,EKPC,1217.915,True
5/29/2023 4:00:00 AM,5/29/2023 12:00:00 AM,SERC,WEST,EKPC,EKPC,1145.408,True
5/29/2023 5:00:00 AM,5/29/2023 1:00:00 AM,SERC,WEST,EKPC,EKPC,1069.154,True
5/29/2023 6:00:00 AM,5/29/2023 2:00:00 AM,SERC,WEST,EKPC,EKPC,986.337,True
5/29/2023 7:00:00 AM,5/29/2023 3:00:00 AM,SERC,WEST,EKPC,EKPC,981.849,True
5/29/2023 8:00:00 AM,5/29/2023 4:00:00 AM,SERC,WEST,EKPC,EKPC,976.781,True
5/29/2023 9:00:00 AM,5/29/2023 5:00:00 AM,SERC,WEST,EKPC,EKPC,940.456,True
5/29/2023 10:00:00 AM,5/29/2023 6:00:00 AM,SERC,WEST,EKPC,EKPC,1018.335,True
5/29/2023 11:00:00 AM,5/29/2023 7:00:00 AM,SERC,WEST,EKPC,EKPC,1033.025,True
5/29/2023 12:00:00 PM,5/29/2023 8:00:00 AM,SERC,WEST,EKPC,EKPC,1161.534,True
5/29/2023 1:00:00 PM,5/29/2023 9:00:00 AM,SERC,WEST,EKPC,EKPC,1264.706,True
5/29/2023 2:00:00 PM,5/29/2023 10:00:00 AM,SERC,WEST,EKPC,EKPC,1290.264,True
5/29/2023 3:00:00 PM,5/29/2023 11:00:00 AM,SERC,WEST,EKPC,EKPC,1316.664,True
5/29/2023 4:00:00 PM,5/29/2023 12:00:00 PM,SERC,WEST,EKPC,EKPC,1339.336,True
5/29/2023 5:00:00 PM,5/29/2023 1:00:00 PM,SERC,WEST,EKPC,EKPC,1317.476,True
5/29/2023 6:00:00 PM,5/29/2023 2:00:00 PM,SERC,WEST,EKPC,EKPC,1445.980,True
5/29/2023 7:00:00 PM,5/29/2023 3:00:00 PM,SERC,WEST,EKPC,EKPC,1556.363,True
5/29/2023 8:00:00 PM,5/29/2023 4:00:00 PM,SERC,WEST,EKPC,EKPC,1602.791,True
5/29/2023 9:00:00 PM,5/29/2023 5:00:00 PM,SERC,WEST,EKPC,EKPC,1606.400,True
5/29/2023 10:00:00 PM,5/29/2023 6:00:00 PM,SERC,WEST,EKPC,EKPC,1651.740,True
5/29/2023 11:00:00 PM,5/29/2023 7:00:00 PM,SERC,WEST,EKPC,EKPC,1673.770,True
5/30/2023 12:00:00 AM,5/29/2023 8:00:00 PM,SERC,WEST,EKPC,EKPC,1620.972,True
5/30/2023 1:00:00 AM,5/29/2023 9:00:00 PM,SERC,WEST,EKPC,EKPC,1580.746,True
5/30/2023 2:00:00 AM,5/29/2023 10:00:00 PM,SERC,WEST,EKPC,EKPC,1441.364,True
5/30/2023 3:00:00 AM,5/29/2023 11:00:00 PM,SERC,WEST,EKPC,EKPC,1282.048,True
5/30/2023 4:00:00 AM,5/30/2023 12:00:00 AM,SERC,WEST,EKPC,EKPC,1167.119,True
5/30/2023 5:00:00 AM,5/30/2023 1:00:00 AM,SERC,WEST,EKPC,EKPC,1086.655,True
5/30/2023 6:00:00 AM,5/30/2023 2:00:00 AM,SERC,WEST,EKPC,EKPC,1053.909,True
5/30/2023 7:00:00 AM,5/30/2023 3:00:00 AM,SERC,WEST,EKPC,EKPC,984.702,True
5/30/2023 8:00:00 AM,5/30/2023 4:00:00 AM,SERC,WEST,EKPC,EKPC,1026.497,True
5/30/2023 9:00:00 AM,5/30/2023 5:00:00 AM,SERC,WEST,EKPC,EKPC,1090.014,True
5/30/2023 10:00:00 AM,5/30/2023 6:00:00 AM,SERC,WEST,EKPC,EKPC,1167.814,True
5/30/2023 11:00:00 AM,5/30/2023 7:00:00 AM,SERC,WEST,EKPC,EKPC,1289.282,True
5/30/2023 12:00:00 PM,5/30/2023 8:00:00 AM,SERC,WEST,EKPC,EKPC,1329.972,True
5/30/2023 1:00:00 PM,5/30/2023 9:00:00 AM,SERC,WEST,EKPC,EKPC,1375.704,True
5/30/2023 2:00:00 PM,5/30/2023 10:00:00 AM,SERC,WEST,EKPC,EKPC,1473.962,True
5/30/2023 3:00:00 PM,5/30/2023 11:00:00 AM,SERC,WEST,EKPC,EKPC,1494.778,True
5/30/2023 4:00:00 PM,5/30/2023 12:00:00 PM,SERC,WEST,EKPC,EKPC,1544.470,True
5/30/2023 5:00:00 PM,5/30/2023 1:00:00 PM,SERC,WEST,EKPC,EKPC,1596.564,True
5/30/2023 6:00:00 PM,5/30/2023 2:00:00 PM,SERC,WEST,EKPC,EKPC,1791.494,True
5/30/2023 7:00:00 PM,5/30/2023 3:00:00 PM,SERC,WEST,EKPC,EKPC,1808.741,True
5/30/2023 8:00:00 PM,5/30/2023 4:00:00 PM,SERC,WEST,EKPC,EKPC,1876.222,True
5/30/2023 9:00:00 PM,5/30/2023 5:00:00 PM,SERC,WEST,EKPC,EKPC,1951.627,True
5/30/2023 10:00:00 PM,5/30/2023 6:00:00 PM,SERC,WEST,EKPC,EKPC,1925.456,True
5/30/2023 11:00:00 PM,5/30/2023 7:00:00 PM,SERC,WEST,EKPC,EKPC,1846.209,True
5/31/2023 12:00:00 AM,5/30/2023 8:00:00 PM,SERC,WEST,EKPC,EKPC,1767.229,True
5/31/2023 1:00:00 AM,5/30/2023 9:00:00 PM,SERC,WEST,EKPC,EKPC,1750.597,True
5/31/2023 2:00:00 AM,5/30/2023 10:00:00 PM,SERC,WEST,EKPC,EKPC,1615.720,True
5/31/2023 3:00:00 AM,5/30/2023 11:00:00 PM,SERC,WEST,EKPC,EKPC,1413.352,True
5/31/2023 4:00:00 AM,5/31/2023 12:00:00 AM,SERC,WEST,EKPC,EKPC,1257.310,True
5/31/2023 5:00:00 AM,5/31/2023 1:00:00 AM,SERC,WEST,EKPC,EKPC,1227.241,True
5/31/2023 6:00:00 AM,5/31/2023 2:00:00 AM,SERC,WEST,EKPC,EKPC,1156.392,True
5/31/2023 7:00:00 AM,5/31/2023 3:00:00 AM,SERC,WEST,EKPC,EKPC,1128.735,True
5/31/2023 8:00:00 AM,5/31/2023 4:00:00 AM,SERC,WEST,EKPC,EKPC,1126.207,True
5/31/2023 9:00:00 AM,5/31/2023 5:00:00 AM,SERC,WEST,EKPC,EKPC,1105.485,True
5/31/2023 10:00:00 AM,5/31/2023 6:00:00 AM,SERC,WEST,EKPC,EKPC,1245.580,True
5/31/2023 11:00:00 AM,5/31/2023 7:00:00 AM,SERC,WEST,EKPC,EKPC,1280.735,True
5/31/2023 12:00:00 PM,5/31/2023 8:00:00 AM,SERC,WEST,EKPC,EKPC,1391.055,True
5/31/2023 1:00:00 PM,5/31/2023 9:00:00 AM,SERC,WEST,EKPC,EKPC,1371.447,True
5/31/2023 2:00:00 PM,5/31/2023 10:00:00 AM,SERC,WEST,EKPC,EKPC,1475.483,True
5/31/2023 3:00:00 PM,5/31/2023 11:00:00 AM,SERC,WEST,EKPC,EKPC,1653.563,True
5/31/2023 4:00:00 PM,5/31/2023 12:00:00 PM,SERC,WEST,EKPC,EKPC,1707.097,True
5/31/2023 5:00:00 PM,5/31/2023 1:00:00 PM,SERC,WEST,EKPC,EKPC,1835.547,True
5/31/2023 6:00:00 PM,5/31/2023 2:00:00 PM,SERC,WEST,EKPC,EKPC,1895.209,True
5/31/2023 7:00:00 PM,5/31/2023 3:00:00 PM,SERC,WEST,EKPC,EKPC,1929.171,True
5/31/2023 8:00:00 PM,5/31/2023 4:00:00 PM,SERC,WEST,EKPC,EKPC,1938.130,True
5/31/2023 9:00:00 PM,5/31/2023 5:00:00 PM,SERC,WEST,EKPC,EKPC,1987.859,True
5/31/2023 10:00:00 PM,5/31/2023 6:00:00 PM,SERC,WEST,EKPC,EKPC,2004.580,True
5/31/2023 11:00:00 PM,5/31/2023 7:00:00 PM,SERC,WEST,EKPC,EKPC,1811.589,True
6/1/2023 12:00:00 AM,5/31/2023 8:00:00 PM,SERC,WEST,EKPC,EKPC,1840.238,True
6/1/2023 1:00:00 AM,5/31/2023 9:00:00 PM,SERC,WEST,EKPC,EKPC,1770.911,True
6/1/2023 2:00:00 AM,5/31/2023 10:00:00 PM,SERC,WEST,EKPC,EKPC,1548.922,True
6/1/2023 3:00:00 AM,5/31/2023 11:00:00 PM,SERC,WEST,EKPC,EKPC,1386.429,True
