datetime_beginning_utc,datetime_beginning_ept,nerc_region,mkt_region,zone,load_area,mw,is_verified
6/1/2023 4:00:00 AM,6/1/2023 12:00:00 AM,SERC,WEST,EKPC,EKPC,1257.410,True
6/1/2023 5:00:00 AM,6/1/2023 1:00:00 AM,SERC,WEST,EKPC,EKPC,1182.033,True
6/1/2023 6:00:00 AM,6/1/2023 2:00:00 AM,SERC,WEST,EKPC,EKPC,1111.959,True
6/1/2023 7:00:00 AM,6/1/2023 3:00:00 AM,SERC,WEST,EKPC,EKPC,1041.061,True
6/1/2023 8:00:00 AM,6/1/2023 4:00:00 AM,SERC,WEST,EKPC,EKPC,1073.152,True
6/1/2023 9:00:00 AM,6/1/2023 5:00:00 AM,SERC,WEST,EKPC,EKPC,1110.060,True
6/1/2023 10:00:00 AM,6/1/2023 6:00:00 AM,SERC,WEST,EKPC,EKPC,1170.302,True
6/1/2023 11:00:00 AM,6/1/2023 7:00:00 AM,SERC,WEST,EKPC,EKPC,1176.000,True
6/1/2023 12:00:00 PM,6/1/2023 8:00:00 AM,SERC,WEST,EKPC,EKPC,1269.299,True
6/1/2023 1:00:00 PM,6/1/2023 9:00:00 AM,SERC,WEST,EKPC,EKPC,1345.201,True
6/1/2023 2:00:00 PM,6/1/2023 10:00:00 AM,SERC,WEST,EKPC,EKPC,1410.472,True
6/1/2023 3:00:00 PM,6/1/2023 11:00:00 AM,SERC,WEST,EKPC,EKPC,1566.282,True
6/1/2023 4:00:00 PM,6/1/2023 12:00:00 PM,SERC,WEST,EKPC,EKPC,1667.079,True
6/1/2023 5:00:00 PM,6/1/2023 1:00:00 PM,SERC,WEST,EKPC,EKPC,1808.437,True
6/1/2023 6:00:00 PM,6/1/2023 2:00:00 PM,SERC,WEST,EKPC,EKPC,1924.003,True
6/1/2023 7:00:00 PM,6/1/2023 3:00:00 PM,SERC,WEST,EKPC,EKPC,1922.026,True
6/1/2023 8:00:00 PM,6/1/2023 4:00:00 PM,SERC,WEST,EKPC,EKPC,1889.112,True
6/1/2023 9:00:00 PM,6/1/2023 5:00:00 PM,SERC,WEST,EKPC,EKPC,2008.127,True
6/1/2023 10:00:00 PM,6/1/2023 6:00:00 PM,SERC,WEST,EKPC,EKPC,1998.856,True
6/1/2023 11:00:00 PM,6/1/2023 7:00:00 PM,SERC,WEST,EKPC,EKPC,1840.344,True
6/2/2023 12:00:00 AM,6/1/2023 8:00:00 PM,SERC,WEST,EKPC,EKPC,1735.788,True
6/2/2023 1:00:00 AM,6/1/2023 9:00:00 PM,SERC,WEST,EKPC,EKPC,1668.105,True
6/2/2023 2:00:00 AM,6/1/2023 10:00:00 PM,SERC,WEST,EKPC,EKPC,1553.164,True
6/2/2023 3:00:00 AM,6/1/2023 11:00:00 PM,SERC,WEST,EKPC,EKPC,1396.651,True
6/2/2023 4:00:00 AM,6/2/2023 12:00:00 AM,SERC,WEST,EKPC,EKPC,1328.130,True
6/2/2023 5:00:00 AM,6/2/2023 1:00:00 AM,SERC,WEST,EKPC,EKPC,1270.835,True
6/2/2023 6:00:00 AM,6/2/2023 2:00:00 AM,SERC,WEST,EKPC,EKPC,1212.987,True
6/2/2023 7:00:00 AM,6/2/2023 3:00:00 AM,SERC,WEST,EKPC,EKPC,1112.884,True
6/2/2023 8:00:00 AM,6/2/2023 4:00:00 AM,SERC,WEST,EKPC,EKPC,1156.295,True
6/2/2023 9:00:00 AM,6/2/2023 5:00:00 AM,SERC,WEST,EKPC,EKPC,1173.936,True
6/2/2023 10:00:00 AM,6/2/2023 6:00:00 AM,SERC,WEST,EKPC,EKPC,1250.828,True
6/2/2023 11:00:00 AM,6/2/2023 7:00:00 AM,SERC,WEST,EKPC,EKPC,1222.791,True
6/2/2023 12:00:00 PM,6/2/2023 8:00:00 AM,SERC,WEST,EKPC,EKPC,1294.849,True
6/2/2023 1:00:00 PM,6/2/2023 9:00:00 AM,SERC,WEST,EKPC,EKPC,1314.322,True
6/2/2023 2:00:00 PM,6/2/2023 10:00:00 AM,SERC,WEST,EKPC,EKPC,1447.220,True
6/2/2023 3:00:00 PM,6/2/2023 11:00:00 AM,SERC,WEST,EKPC,EKPC,1697.872,True
6/2/2023 4:00:00 PM,6/2/2023 12:00:00 PM,SERC,WEST,EKPC,EKPC,1775.729,True
6/2/2023 5:00:00 PM,6/2/2023 1:00:00 PM,SERC,WEST,EKPC,EKPC,1860.021,True
6/2/2023 6:00:00 PM,6/2/2023 2:00:00 PM,SERC,WEST,EKPC,EKPC,1956.627,True
6/2/2023 7:00:00 PM,6/2/2023 3:00:00 PM,SERC,WEST,EKPC,EKPC,1976.426,True
6/2/2023 8:00:00 PM,6/2/2023 4:00:00 PM,SERC,WEST,EKPC,EKPC,2028.887,True
6/2/2023 9:00:00 PM,6/2/2023 5:00:00 PM,SERC,WEST,EKPC,EKPC,2053.837,True
6/2/2023 10:00:00 PM,6/2/2023 6:00:00 PM,SERC,WEST,EKPC,EKPC,2045.450,True
6/2/2023 11:00:00 PM,6/2/2023 7:00:00 PM,SERC,WEST,EKPC,EKPC,1953.607,True
6/3/2023 12:00:00 AM,6/2/2023 8:00:00 PM,SERC,WEST,EKPC,EKPC,1835.260,True
6/3/2023 1:00:00 AM,6/2/2023 9:00:00 PM,SERC,WEST,EKPC,EKPC,1757.350,True
6/3/2023 2:00:00 AM,6/2/2023 10:00:00 PM,SERC,WEST,EKPC,EKPC,1618.826,True
6/3/2023 3:00:00 AM,6/2/2023 11:00:00 PM,SERC,WEST,EKPC,EKPC,1497.250,True
6/3/2023 4:00:00 AM,6/3/2023 12:00:00 AM,SERC,WEST,EKPC,EKPC,1295.067,True
6/3/2023 5:00:00 AM,6/3/2023 1:00:00 AM,SERC,WEST,EKPC,EKPC,1220.099,True
6/3/2023 6:00:00 AM,6/3/2023 2:00:00 AM,SERC,WEST,EKPC,EKPC,1177.805,True
6/3/2023 7:00:00 AM,6/3/2023 3:00:00 AM,SERC,WEST,EKPC,EKPC,1171.274,True
6/3/2023 8:00:00 AM,6/3/2023 4:00:00 AM,SERC,WEST,EKPC,EKPC,1011.299,True
6/3/2023 9:00:00 AM,6/3/2023 5:00:00 AM,SERC,WEST,EKPC,EKPC,1084.024,True
6/3/2023 10:00:00 AM,6/3/2023 6:00:00 AM,SERC,WEST,EKPC,EKPC,1094.483,True
6/3/2023 11:00:00 AM,6/3/2023 7:00:00 AM,SERC,WEST,EKPC,EKPC,1108.200,True
6/3/2023 12:00:00 PM,6/3/2023 8:00:00 AM,SERC,WEST,EKPC,EKPC,1168.714,True
6/3/2023 1:00:00 PM,6/3/2023 9:00:00 AM,SERC,WEST,EKPC,EKPC,1290.412,True
6/3/2023 2:00:00 PM,6/3/2023 10:00:00 AM,SERC,WEST,EKPC,EKPC,1490.075,True
6/3/2023 3:00:00 PM,6/3/2023 11:00:00 AM,SERC,WEST,EKPC,EKPC,1552.157,True
6/3/2023 4:00:00 PM,6/3/2023 12:00:00 PM,SERC,WEST,EKPC,EKPC,1737.811,True
6/3/2023 5:00:00 PM,6/3/2023 1:00:00 PM,SERC,WEST,EKPC,EKPC,1899.122,True
6/3/2023 6:00:00 PM,6/3/2023 2:00:00 PM,SERC,WEST,EKPC,EKPC,1954.570,True
6/3/2023 7:00:00 PM,6/3/2023 3:00:00 PM,SERC,WEST,EKPC,EKPC,2033.243,True
6/3/2023 8:00:00 PM,6/3/2023 4:00:00 PM,SERC,WEST,EKPC,EKPC,2014.337,True
6/3/2023 9:00:00 PM,6/3/2023 5:00:00 PM,SERC,WEST,EKPC,EKPC,2036.056,True
6/3/2023 10:00:00 PM,6/3/2023 6:00:00 PM,SERC,WEST,EKPC,EKPC,2018.969,True
6/3/2023 11:00:00 PM,6/3/2023 7:00:00 PM,SERC,WEST,EKPC,EKPC,1989.210,True
6/4/2023 12:00:00 AM,6/3/2023 8:00:00 PM,SERC,WEST,EKPC,EKPC,1895.228,True
6/4/2023 1:00:00 AM,6/3/2023 9:00:00 PM,SERC,WEST,EKPC,EKPC,1680.722,True
6/4/2023 2:00:00 AM,6/3/2023 10:00:00 PM,SERC,WEST,EKPC,EKPC,1643.415,True
6/4/2023 3:00:00 AM,6/3/2023 11:00:00 PM,SERC,WEST,EKPC,EKPC,1434.191,True
6/4/2023 4:00:00 AM,6/4/2023 12:00:00 AM,SERC,WEST,EKPC,EKPC,1226.720,True
6/4/2023 5:00:00 AM,6/4/2023 1:00:00 AM,SERC,WEST,EKPC,EKPC,1124.010,True
6/4/2023 6:00:00 AM,6/4/2023 2:00:00 AM,SERC,WEST,EKPC,EKPC,1077.893,True
6/4/2023 7:00:00 AM,6/4/2023 3:00:00 AM,SERC,WEST,EKPC,EKPC,1093.558,True
6/4/2023 8:00:00 AM,6/4/2023 4:00:00 AM,SERC,WEST,EKPC,EKPC,981.136,True
6/4/2023 9:00:00 AM,6/4/2023 5:00:00 AM,SERC,WEST,EKPC,EKPC,947.699,True
6/4/2023 10:00:00 AM,6/4/2023 6:00:00 AM,SERC,WEST,EKPC,EKPC,1023.617,True
6/4/2023 11:00:00 AM,6/4/2023 7:00:00 AM,SERC,WEST,EKPC,EKPC,1141.566,True
6/4/2023 12:00:00 PM,6/4/2023 8:00:00 AM,SERC,WEST,EKPC,EKPC,1236.010,True
6/4/2023 1:00:00 PM,6/4/2023 9:00:00 AM,SERC,WEST,EKPC,EKPC,1402.094,True
6/4/2023 2:00:00 PM,6/4/2023 10:00:00 AM,SERC,WEST,EKPC,EKPC,1510.856,True
6/4/2023 3:00:00 PM,6/4/2023 11:00:00 AM,SERC,WEST,EKPC,EKPC,1621.908,True
6/4/2023 4:00:00 PM,6/4/2023 12:00:00 PM,SERC,WEST,EKPC,EKPC,1754.467,True
6/4/2023 5:00:00 PM,6/4/2023 1:00:00 PM,SERC,WEST,EKPC,EKPC,1841.690,True
6/4/2023 6:00:00 PM,6/4/2023 2:00:00 PM,SERC,WEST,EKPC,EKPC,1936.631,True
6/4/2023 7:00:00 PM,6/4/2023 3:00:00 PM,SERC,WEST,EKPC,EKPC,2018.704,True
6/4/2023 8:00:00 PM,6/4/2023 4:00:00 PM,SERC,WEST,EKPC,EKPC,2053.466,True
6/4/2023 9:00:00 PM,6/4/2023 5:00:00 PM,SERC,WEST,EKPC,EKPC,2077.734,True
6/4/2023 10:00:00 PM,6/4/2023 6:00:00 PM,SERC,WEST,EKPC,EKPC,2046.725,True
6/4/2023 11:00:00 PM,6/4/2023 7:00:00 PM,SERC,WEST,EKPC,EKPC,1965.761,True
6/5/2023 12:00:00 AM,6/4/2023 8:00:00 PM,SERC,WEST,EKPC,EKPC,1877.738,True
6/5/2023 1:00:00 AM,6/4/2023 9:00:00 PM,SERC,WEST,EKPC,EKPC,1784.844,True
6/5/2023 2:00:00 AM,6/4/2023 10:00:00 PM,SERC,WEST,EKPC,EKPC,1630.660,True
6/5/2023 3:00:00 AM,6/4/2023 11:00:00 PM,SERC,WEST,EKPC,EKPC,1445.131,True
6/5/2023 4:00:00 AM,6/5/2023 12:00:00 AM,SERC,WEST,EKPC,EKPC,1241.689,True
6/5/2023 5:00:00 AM,6/5/2023 1:00:00 AM,SERC,WEST,EKPC,EKPC,1205.781,True
6/5/2023 6:00:00 AM,6/5/2023 2:00:00 AM,SERC,WEST,EKPC,EKPC,1154.842,True
6/5/2023 7:00:00 AM,6/5/2023 3:00:00 AM,SERC,WEST,EKPC,EKPC,1079.687,True
6/5/2023 8:00:00 AM,6/5/2023 4:00:00 AM,SERC,WEST,EKPC,EKPC,1081.329,True
6/5/2023 9:00:00 AM,6/5/2023 5:00:00 AM,SERC,WEST,EKPC,EKPC,1046.993,True
6/5/2023 10:00:00 AM,6/5/2023 6:00:00 AM,SERC,WEST,EKPC,EKPC,1110.470,True
6/5/2023 11:00:00 AM,6/5/2023 7:00:00 AM,SERC,WEST,EKPC,EKPC,1171.790,True
6/5/2023 12:00:00 PM,6/5/2023 8:00:00 AM,SERC,WEST,EKPC,EKPC,1240.943,True
6/5/2023 1:00:00 PM,6/5/2023 9:00:00 AM,SERC,WEST,EKPC,EKPC,1362.849,True
6/5/2023 2:00:00 PM,6/5/2023 10:00:00 AM,SERC,WEST,EKPC,EKPC,1492.978,True
6/5/2023 3:00:00 PM,6/5/2023 11:00:00 AM,SERC,WEST,EKPC,EKPC,1614.023,True
6/5/2023 4:00:00 PM,6/5/2023 12:00:00 PM,SERC,WEST,EKPC,EKPC,1726.645,True
6/5/2023 5:00:00 PM,6/5/2023 1:00:00 PM,SERC,WEST,EKPC,EKPC,1848.364,True
6/5/2023 6:00:00 PM,6/5/2023 2:00:00 PM,SERC,WEST,EKPC,EKPC,1914.832,True
6/5/2023 7:00:00 PM,6/5/2023 3:00:00 PM,SERC,WEST,EKPC,EKPC,1957.544,True
6/5/2023 8:00:00 PM,6/5/2023 4:00:00 PM,SERC,WEST,EKPC,EKPC,2008.741,True
6/5/2023 9:00:00 PM,6/5/2023 5:00:00 PM,SERC,WEST,EKPC,EKPC,1999.093,True
6/5/2023 10:00:00 PM,6/5/2023 6:00:00 PM,SERC,WEST,EKPC,EKPC,1996.402,True
6/5/2023 11:00:00 PM,6/5/2023 7:00:00 PM,SERC,WEST,EKPC,EKPC,1975.027,True
6/6/2023 12:00:00 AM,6/5/2023 8:00:00 PM,SERC,WEST,EKPC,EKPC,1778.756,True
6/6/2023 1:00:00 AM,6/5/2023 9:00:00 PM,SERC,WEST,EKPC,EKPC,1708.438,True
6/6/2023 2:00:00 AM,6/5/2023 10:00:00 PM,SERC,WEST,EKPC,EKPC,1537.603,True
6/6/2023 3:00:00 AM,6/5/2023 11:00:00 PM,SERC,WEST,EKPC,EKPC,1385.575,True
6/6/2023 4:00:00 AM,6/6/2023 12:00:00 AM,SERC,WEST,EKPC,EKPC,1181.492,True
6/6/2023 5:00:00 AM,6/6/2023 1:00:00 AM,SERC,WEST,EKPC,EKPC,1085.822,True
6/6/2023 6:00:00 AM,6/6/2023 2:00:00 AM,SERC,WEST,EKPC,EKPC,1010.631,True
6/6/2023 7:00:00 AM,6/6/2023 3:00:00 AM,SERC,WEST,EKPC,EKPC,1028.948,True
6/6/2023 8:00:00 AM,6/6/2023 4:00:00 AM,SERC,WEST,EKPC,EKPC,995.134,True
6/6/2023 9:00:00 AM,6/6/2023 5:00:00 AM,SERC,WEST,EKPC,EKPC,1110.774,True
6/6/2023 10:00:00 AM,6/6/2023 6:00:00 AM,SERC,WEST,EKPC,EKPC,1159.565,True
6/6/2023 11:00:00 AM,6/6/2023 7:00:00 AM,SERC,WEST,EKPC,EKPC,1261.468,True
6/6/2023 12:00:00 PM,6/6/2023 8:00:00 AM,SERC,WEST,EKPC,EKPC,1240.146,True
6/6/2023 1:00:00 PM,6/6/2023 9:00:00 AM,SERC,WEST,EKPC,EKPC,1229.016,True
6/6/2023 2:00:00 PM,6/6/2023 10:00:00 AM,SERC,WEST,EKPC,EKPC,1274.048,True
6/6/2023 3:00:00 PM,6/6/2023 11:00:00 AM,SERC,WEST,EKPC,EKPC,1347.528,True
6/6/2023 4:00:00 PM,6/6/2023 12:00:00 PM,SERC,WEST,EKPC,EKPC,1520.265,True
6/6/2023 5:00:00 PM,6/6/2023 1:00:00 PM,SERC,WEST,EKPC,EKPC,1597.383,True
6/6/2023 6:00:00 PM,6/6/2023 2:00:00 PM,SERC,WEST,EKPC,EKPC,1740.687,True
6/6/2023 7:00:00 PM,6/6/2023 3:00:00 PM,SERC,WEST,EKPC,EKPC,1779.509,True
6/6/2023 8:00:00 PM,6/6/2023 4:00:00 PM,SERC,WEST,EKPC,EKPC,1865.192,True
6/6/2023 9:00:00 PM,6/6/2023 5:00:00 PM,SERC,WEST,EKPC,EKPC,1918.726,True
6/6/2023 10:00:00 PM,6/6/2023 6:00:00 PM,SERC,WEST,EKPC,EKPC,1876.807,True
6/6/2023 11:00:00 PM,6/6/2023 7:00:00 PM,SERC,WEST,EKPC,EKPC,1839.271,True
6/7/2023 12:00:00 AM,6/6/2023 8:00:00 PM,SERC,WEST,EKPC,EKPC,1748.564,True
6/7/2023 1:00:00 AM,6/6/2023 9:00:00 PM,SERC,WEST,EKPC,EKPC,1682.593,True
6/7/2023 2:00:00 AM,6/6/2023 10:00:00 PM,SERC,WEST,EKPC,EKPC,1519.061,True
6/7/2023 3:00:00 AM,6/6/2023 11:00:00 PM,SERC,WEST,EKPC,EKPC,1290.167,True
6/7/2023 4:00:00 AM,6/7/2023 12:00:00 AM,SERC,WEST,EKPC,EKPC,1306.208,True
6/7/2023 5:00:00 AM,6/7/2023 1:00:00 AM,SERC,WEST,EKPC,EKPC,1240.886,True
6/7/2023 6:00:00 AM,6/7/2023 2:00:00 AM,SERC,WEST,EKPC,EKPC,1211.148,True
6/7/2023 7:00:00 AM,6/7/2023 3:00:00 AM,SERC,WEST,EKPC,EKPC,1177.076,True
6/7/2023 8:00:00 AM,6/7/2023 4:00:00 AM,SERC,WEST,EKPC,EKPC,1179.265,True
6/7/2023 9:00:00 AM,6/7/2023 5:00:00 AM,SERC,WEST,EKPC,EKPC,1204.385,True
6/7/2023 10:00:00 AM,6/7/2023 6:00:00 AM,SERC,WEST,EKPC,EKPC,1238.367,True
6/7/2023 11:00:00 AM,6/7/2023 7:00:00 AM,SERC,WEST,EKPC,EKPC,1281.545,True
6/7/2023 12:00:00 PM,6/7/2023 8:00:00 AM,SERC,WEST,EKPC,EKPC,1322.027,True
6/7/2023 1:00:00 PM,6/7/2023 9:00:00 AM,SERC,WEST,EKPC,EKPC,1339.745,True
6/7/2023 2:00:00 PM,6/7/2023 10:00:00 AM,SERC,WEST,EKPC,EKPC,1363.619,True
6/7/2023 3:00:00 PM,6/7/2023 11:00:00 AM,SERC,WEST,EKPC,EKPC,1380.711,True
6/7/2023 4:00:00 PM,6/7/2023 12:00:00 PM,SERC,WEST,EKPC,EKPC,1343.840,True
6/7/2023 5:00:00 PM,6/7/2023 1:00:00 PM,SERC,WEST,EKPC,EKPC,1407.613,True
6/7/2023 6:00:00 PM,6/7/2023 2:00:00 PM,SERC,WEST,EKPC,EKPC,1471.697,True
6/7/2023 7:00:00 PM,6/7/2023 3:00:00 PM,SERC,WEST,EKPC,EKPC,1463.138,True
6/7/2023 8:00:00 PM,6/7/2023 4:00:00 PM,SERC,WEST,EKPC,EKPC,1524.283,True
6/7/2023 9:00:00 PM,6/7/2023 5:00:00 PM,SERC,WEST,EKPC,EKPC,1600.811,True
6/7/2023 10:00:00 PM,6/7/2023 6:00:00 PM,SERC,WEST,EKPC,EKPC,1589.408,True
6/7/2023 11:00:00 PM,6/7/2023 7:00:00 PM,SERC,WEST,EKPC,EKPC,1556.825,True
6/8/2023 12:00:00 AM,6/7/2023 8:00:00 PM,SERC,WEST,EKPC,EKPC,1519.103,True
6/8/2023 1:00:00 AM,6/7/2023 9:00:00 PM,SERC,WEST,EKPC,EKPC,1517.213,True
6/8/2023 2:00:00 AM,6/7/2023 10:00:00 PM,SERC,WEST,EKPC,EKPC,1429.499,True
6/8/2023 3:00:00 AM,6/7/2023 11:00:00 PM,SERC,WEST,EKPC,EKPC,1199.650,True
6/8/2023 4:00:00 AM,6/8/2023 12:00:00 AM,SERC,WEST,EKPC,EKPC,1176.129,True
6/8/2023 5:00:00 AM,6/8/2023 1:00:00 AM,SERC,WEST,EKPC,EKPC,1156.759,True
6/8/2023 6:00:00 AM,6/8/2023 2:00:00 AM,SERC,WEST,EKPC,EKPC,1112.366,True
6/8/2023 7:00:00 AM,6/8/2023 3:00:00 AM,SERC,WEST,EKPC,EKPC,1130.505,True
6/8/2023 8:00:00 AM,6/8/2023 4:00:00 AM,SERC,WEST,EKPC,EKPC,1035.586,True
6/8/2023 9:00:00 AM,6/8/2023 5:00:00 AM,SERC,WEST,EKPC,EKPC,1116.269,True
6/8/2023 10:00:00 AM,6/8/2023 6:00:00 AM,SERC,WEST,EKPC,EKPC,1225.068,True
6/8/2023 11:00:00 AM,6/8/2023 7:00:00 AM,SERC,WEST,EKPC,EKPC,1304.411,True
6/8/2023 12:00:00 PM,6/8/2023 8:00:00 AM,SERC,WEST,EKPC,EKPC,1289.337,True
6/8/2023 1:00:00 PM,6/8/2023 9:00:00 AM,SERC,WEST,EKPC,EKPC,1285.406,True
6/8/2023 2:00:00 PM,6/8/2023 10:00:00 AM,SERC,WEST,EKPC,EKPC,1236.339,True
6/8/2023 3:00:00 PM,6/8/2023 11:00:00 AM,SERC,WEST,EKPC,EKPC,1292.299,True
6/8/2023 4:00:00 PM,6/8/2023 12:00:00 PM,SERC,WEST,EKPC,EKPC,1435.337,True
6/8/2023 5:00:00 PM,6/8/2023 1:00:00 PM,SERC,WEST,EKPC,EKPC,1443.436,True
6/8/2023 6:00:00 PM,6/8/2023 2:00:00 PM,SERC,WEST,EKPC,EKPC,1584.547,True
6/8/2023 7:00:00 PM,6/8/2023 3:00:00 PM,SERC,WEST,EKPC,EKPC,1600.541,True
6/8/2023 8:00:00 PM,6/8/2023 4:00:00 PM,SERC,WEST,EKPC,EKPC,1643.473,True
6/8/2023 9:00:00 PM,6/8/2023 5:00:00 PM,SERC,WEST,EKPC,EKPC,1695.881,True
6/8/2023 10:00:00 PM,6/8/2023 6:00:00 PM,SERC,WEST,EKPC,EKPC,1690.972,True
6/8/2023 11:00:00 PM,6/8/2023 7:00:00 PM,SERC,WEST,EKPC,EKPC,1522.136,True
6/9/2023 12:00:00 AM,6/8/2023 8:00:00 PM,SERC,WEST,EKPC,EKPC,1563.729,True
6/9/2023 1:00:00 AM,6/8/2023 9:00:00 PM,SERC,WEST,EKPC,EKPC,1576.518,True
6/9/2023 2:00:00 AM,6/8/2023 10:00:00 PM,SERC,WEST,EKPC,EKPC,1467.004,True
6/9/2023 3:00:00 AM,6/8/2023 11:00:00 PM,SERC,WEST,EKPC,EKPC,1272.254,True
6/9/2023 4:00:00 AM,6/9/2023 12:00:00 AM,SERC,WEST,EKPC,EKPC,1196.681,True
6/9/2023 5:00:00 AM,6/9/2023 1:00:00 AM,SERC,WEST,EKPC,EKPC,1131.833,True
6/9/2023 6:00:00 AM,6/9/2023 2:00:00 AM,SERC,WEST,EKPC,EKPC,1103.949,True
6/9/2023 7:00:00 AM,6/9/2023 3:00:00 AM,SERC,WEST,EKPC,EKPC,931.935,True
6/9/2023 8:00:00 AM,6/9/2023 4:00:00 AM,SERC,WEST,EKPC,EKPC,937.574,True
6/9/2023 9:00:00 AM,6/9/2023 5:00:00 AM,SERC,WEST,EKPC,EKPC,1003.831,True
6/9/2023 10:00:00 AM,6/9/2023 6:00:00 AM,SERC,WEST,EKPC,EKPC,1157.990,True
6/9/2023 11:00:00 AM,6/9/2023 7:00:00 AM,SERC,WEST,EKPC,EKPC,1279.218,True
6/9/2023 12:00:00 PM,6/9/2023 8:00:00 AM,SERC,WEST,EKPC,EKPC,1268.651,True
6/9/2023 1:00:00 PM,6/9/2023 9:00:00 AM,SERC,WEST,EKPC,EKPC,1292.888,True
6/9/2023 2:00:00 PM,6/9/2023 10:00:00 AM,SERC,WEST,EKPC,EKPC,1276.286,True
6/9/2023 3:00:00 PM,6/9/2023 11:00:00 AM,SERC,WEST,EKPC,EKPC,1311.014,True
6/9/2023 4:00:00 PM,6/9/2023 12:00:00 PM,SERC,WEST,EKPC,EKPC,1396.241,True
6/9/2023 5:00:00 PM,6/9/2023 1:00:00 PM,SERC,WEST,EKPC,EKPC,1425.116,True
6/9/2023 6:00:00 PM,6/9/2023 2:00:00 PM,SERC,WEST,EKPC,EKPC,1548.420,True
6/9/2023 7:00:00 PM,6/9/2023 3:00:00 PM,SERC,WEST,EKPC,EKPC,1626.166,True
6/9/2023 8:00:00 PM,6/9/2023 4:00:00 PM,SERC,WEST,EKPC,EKPC,1646.960,True
6/9/2023 9:00:00 PM,6/9/2023 5:00:00 PM,SERC,WEST,EKPC,EKPC,1721.904,True
6/9/2023 10:00:00 PM,6/9/2023 6:00:00 PM,SERC,WEST,EKPC,EKPC,1736.539,True
6/9/2023 11:00:00 PM,6/9/2023 7:00:00 PM,SERC,WEST,EKPC,EKPC,1623.178,True
6/10/2023 12:00:00 AM,6/9/2023 8:00:00 PM,SERC,WEST,EKPC,EKPC,1599.543,True
6/10/2023 1:00:00 AM,6/9/2023 9:00:00 PM,SERC,WEST,EKPC,EKPC,1535.750,True
6/10/2023 2:00:00 AM,6/9/2023 10:00:00 PM,SERC,WEST,EKPC,EKPC,1374.458,True
6/10/2023 3:00:00 AM,6/9/2023 11:00:00 PM,SERC,WEST,EKPC,EKPC,1318.982,True
6/10/2023 4:00:00 AM,6/10/2023 12:00:00 AM,SERC,WEST,EKPC,EKPC,1176.377,True
6/10/2023 5:00:00 AM,6/10/2023 1:00:00 AM,SERC,WEST,EKPC,EKPC,1124.937,True
6/10/2023 6:00:00 AM,6/10/2023 2:00:00 AM,SERC,WEST,EKPC,EKPC,1026.942,True
6/10/2023 7:00:00 AM,6/10/2023 3:00:00 AM,SERC,WEST,EKPC,EKPC,986.967,True
6/10/2023 8:00:00 AM,6/10/2023 4:00:00 AM,SERC,WEST,EKPC,EKPC,987.697,True
6/10/2023 9:00:00 AM,6/10/2023 5:00:00 AM,SERC,WEST,EKPC,EKPC,982.011,True
6/10/2023 10:00:00 AM,6/10/2023 6:00:00 AM,SERC,WEST,EKPC,EKPC,943.547,True
6/10/2023 11:00:00 AM,6/10/2023 7:00:00 AM,SERC,WEST,EKPC,EKPC,1151.428,True
6/10/2023 12:00:00 PM,6/10/2023 8:00:00 AM,SERC,WEST,EKPC,EKPC,1163.597,True
6/10/2023 1:00:00 PM,6/10/2023 9:00:00 AM,SERC,WEST,EKPC,EKPC,1242.169,True
6/10/2023 2:00:00 PM,6/10/2023 10:00:00 AM,SERC,WEST,EKPC,EKPC,1319.680,True
6/10/2023 3:00:00 PM,6/10/2023 11:00:00 AM,SERC,WEST,EKPC,EKPC,1407.915,True
6/10/2023 4:00:00 PM,6/10/2023 12:00:00 PM,SERC,WEST,EKPC,EKPC,1342.208,True
6/10/2023 5:00:00 PM,6/10/2023 1:00:00 PM,SERC,WEST,EKPC,EKPC,1528.861,True
6/10/2023 6:00:00 PM,6/10/2023 2:00:00 PM,SERC,WEST,EKPC,EKPC,1589.540,True
6/10/2023 7:00:00 PM,6/10/2023 3:00:00 PM,SERC,WEST,EKPC,EKPC,1681.211,True
6/10/2023 8:00:00 PM,6/10/2023 4:00:00 PM,SERC,WEST,EKPC,EKPC,1766.738,True
6/10/2023 9:00:00 PM,6/10/2023 5:00:00 PM,SERC,WEST,EKPC,EKPC,1764.327,True
6/10/2023 10:00:00 PM,6/10/2023 6:00:00 PM,SERC,WEST,EKPC,EKPC,1771.816,True
6/10/2023 11:00:00 PM,6/10/2023 7:00:00 PM,SERC,WEST,EKPC,EKPC,1766.433,True
6/11/2023 12:00:00 AM,6/10/2023 8:00:00 PM,SERC,WEST,EKPC,EKPC,1654.462,True
6/11/2023 1:00:00 AM,6/10/2023 9:00:00 PM,SERC,WEST,EKPC,EKPC,1562.573,True
6/11/2023 2:00:00 AM,6/10/2023 10:00:00 PM,SERC,WEST,EKPC,EKPC,1496.004,True
6/11/2023 3:00:00 AM,6/10/2023 11:00:00 PM,SERC,WEST,EKPC,EKPC,1368.245,True
6/11/2023 4:00:00 AM,6/11/2023 12:00:00 AM,SERC,WEST,EKPC,EKPC,1199.469,True
6/11/2023 5:00:00 AM,6/11/2023 1:00:00 AM,SERC,WEST,EKPC,EKPC,1187.115,True
6/11/2023 6:00:00 AM,6/11/2023 2:00:00 AM,SERC,WEST,EKPC,EKPC,1118.941,True
6/11/2023 7:00:00 AM,6/11/2023 3:00:00 AM,SERC,WEST,EKPC,EKPC,1118.369,True
6/11/2023 8:00:00 AM,6/11/2023 4:00:00 AM,SERC,WEST,EKPC,EKPC,1060.544,True
6/11/2023 9:00:00 AM,6/11/2023 5:00:00 AM,SERC,WEST,EKPC,EKPC,1109.308,True
6/11/2023 10:00:00 AM,6/11/2023 6:00:00 AM,SERC,WEST,EKPC,EKPC,1140.711,True
6/11/2023 11:00:00 AM,6/11/2023 7:00:00 AM,SERC,WEST,EKPC,EKPC,1119.928,True
6/11/2023 12:00:00 PM,6/11/2023 8:00:00 AM,SERC,WEST,EKPC,EKPC,1253.659,True
6/11/2023 1:00:00 PM,6/11/2023 9:00:00 AM,SERC,WEST,EKPC,EKPC,1297.997,True
6/11/2023 2:00:00 PM,6/11/2023 10:00:00 AM,SERC,WEST,EKPC,EKPC,1338.122,True
6/11/2023 3:00:00 PM,6/11/2023 11:00:00 AM,SERC,WEST,EKPC,EKPC,1419.909,True
6/11/2023 4:00:00 PM,6/11/2023 12:00:00 PM,SERC,WEST,EKPC,EKPC,1470.026,True
6/11/2023 5:00:00 PM,6/11/2023 1:00:00 PM,SERC,WEST,EKPC,EKPC,1568.595,True
6/11/2023 6:00:00 PM,6/11/2023 2:00:00 PM,SERC,WEST,EKPC,EKPC,1591.002,True
6/11/2023 7:00:00 PM,6/11/2023 3:00:00 PM,SERC,WEST,EKPC,EKPC,1702.003,True
6/11/2023 8:00:00 PM,6/11/2023 4:00:00 PM,SERC,WEST,EKPC,EKPC,1691.205,True
6/11/2023 9:00:00 PM,6/11/2023 5:00:00 PM,SERC,WEST,EKPC,EKPC,1690.618,True
6/11/2023 10:00:00 PM,6/11/2023 6:00:00 PM,SERC,WEST,EKPC,EKPC,1546.497,True
6/11/2023 11:00:00 PM,6/11/2023 7:00:00 PM,SERC,WEST,EKPC,EKPC,1592.553,True
6/12/2023 12:00:00 AM,6/11/2023 8:00:00 PM,SERC,WEST,EKPC,EKPC,1487.523,True
6/12/2023 1:00:00 AM,6/11/2023 9:00:00 PM,SERC,WEST,EKPC,EKPC,1424.967,True
6/12/2023 2:00:00 AM,6/11/2023 10:00:00 PM,SERC,WEST,EKPC,EKPC,1413.970,True
6/12/2023 3:00:00 AM,6/11/2023 11:00:00 PM,SERC,WEST,EKPC,EKPC,1307.710,True
6/12/2023 4:00:00 AM,6/12/2023 12:00:00 AM,SERC,WEST,EKPC,EKPC,1238.812,True
6/12/2023 5:00:00 AM,6/12/2023 1:00:00 AM,SERC,WEST,EKPC,EKPC,1200.121,True
6/12/2023 6:00:00 AM,6/12/2023 2:00:00 AM,SERC,WEST,EKPC,EKPC,1064.286,True
6/12/2023 7:00:00 AM,6/12/2023 3:00:00 AM,SERC,WEST,EKPC,EKPC,1145.798,True
6/12/2023 8:00:00 AM,6/12/2023 4:00:00 AM,SERC,WEST,EKPC,EKPC,1156.683,True
6/12/2023 9:00:00 AM,6/12/2023 5:00:00 AM,SERC,WEST,EKPC,EKPC,1168.112,True
6/12/2023 10:00:00 AM,6/12/2023 6:00:00 AM,SERC,WEST,EKPC,EKPC,1261.254,True
6/12/2023 11:00:00 AM,6/12/2023 7:00:00 AM,SERC,WEST,EKPC,EKPC,1319.284,True
6/12/2023 12:00:00 PM,6/12/2023 8:00:00 AM,SERC,WEST,EKPC,EKPC,1339.516,True
6/12/2023 1:00:00 PM,6/12/2023 9:00:00 AM,SERC,WEST,EKPC,EKPC,1385.935,True
6/12/2023 2:00:00 PM,6/12/2023 10:00:00 AM,SERC,WEST,EKPC,EKPC,1324.108,True
6/12/2023 3:00:00 PM,6/12/2023 11:00:00 AM,SERC,WEST,EKPC,EKPC,1383.571,True
6/12/2023 4:00:00 PM,6/12/2023 12:00:00 PM,SERC,WEST,EKPC,EKPC,1327.041,True
6/12/2023 5:00:00 PM,6/12/2023 1:00:00 PM,SERC,WEST,EKPC,EKPC,1421.981,True
6/12/2023 6:00:00 PM,6/12/2023 2:00:00 PM,SERC,WEST,EKPC,EKPC,1434.566,True
6/12/2023 7:00:00 PM,6/12/2023 3:00:00 PM,SERC,WEST,EKPC,EKPC,1475.083,True
6/12/2023 8:00:00 PM,6/12/2023 4:00:00 PM,SERC,WEST,EKPC,EKPC,1500.074,True
6/12/2023 9:00:00 PM,6/12/2023 5:00:00 PM,SERC,WEST,EKPC,EKPC,1530.473,True
6/12/2023 10:00:00 PM,6/12/2023 6:00:00 PM,SERC,WEST,EKPC,EKPC,1524.220,True
6/12/2023 11:00:00 PM,6/12/2023 7:00:00 PM,SERC,WEST,EKPC,EKPC,1515.690,True
6/13/2023 12:00:00 AM,6/12/2023 8:00:00 PM,SERC,WEST,EKPC,EKPC,1470.420,True
6/13/2023 1:00:00 AM,6/12/2023 9:00:00 PM,SERC,WEST,EKPC,EKPC,1462.562,True
6/13/2023 2:00:00 AM,6/12/2023 10:00:00 PM,SERC,WEST,EKPC,EKPC,1377.765,True
6/13/2023 3:00:00 AM,6/12/2023 11:00:00 PM,SERC,WEST,EKPC,EKPC,1263.929,True
6/13/2023 4:00:00 AM,6/13/2023 12:00:00 AM,SERC,WEST,EKPC,EKPC,1224.551,True
6/13/2023 5:00:00 AM,6/13/2023 1:00:00 AM,SERC,WEST,EKPC,EKPC,1138.867,True
6/13/2023 6:00:00 AM,6/13/2023 2:00:00 AM,SERC,WEST,EKPC,EKPC,1114.141,True
6/13/2023 7:00:00 AM,6/13/2023 3:00:00 AM,SERC,WEST,EKPC,EKPC,1120.949,True
6/13/2023 8:00:00 AM,6/13/2023 4:00:00 AM,SERC,WEST,EKPC,EKPC,1107.900,True
6/13/2023 9:00:00 AM,6/13/2023 5:00:00 AM,SERC,WEST,EKPC,EKPC,1122.854,True
6/13/2023 10:00:00 AM,6/13/2023 6:00:00 AM,SERC,WEST,EKPC,EKPC,1192.928,True
6/13/2023 11:00:00 AM,6/13/2023 7:00:00 AM,SERC,WEST,EKPC,EKPC,1240.401,True
6/13/2023 12:00:00 PM,6/13/2023 8:00:00 AM,SERC,WEST,EKPC,EKPC,1285.457,True
6/13/2023 1:00:00 PM,6/13/2023 9:00:00 AM,SERC,WEST,EKPC,EKPC,1294.652,True
6/13/2023 2:00:00 PM,6/13/2023 10:00:00 AM,SERC,WEST,EKPC,EKPC,1193.836,True
6/13/2023 3:00:00 PM,6/13/2023 11:00:00 AM,SERC,WEST,EKPC,EKPC,1294.744,True
6/13/2023 4:00:00 PM,6/13/2023 12:00:00 PM,SERC,WEST,EKPC,EKPC,1279.194,True
6/13/2023 5:00:00 PM,6/13/2023 1:00:00 PM,SERC,WEST,EKPC,EKPC,1304.228,True
6/13/2023 6:00:00 PM,6/13/2023 2:00:00 PM,SERC,WEST,EKPC,EKPC,1411.335,True
6/13/2023 7:00:00 PM,6/13/2023 3:00:00 PM,SERC,WEST,EKPC,EKPC,1443.436,True
6/13/2023 8:00:00 PM,6/13/2023 4:00:00 PM,SERC,WEST,EKPC,EKPC,1576.258,True
6/13/2023 9:00:00 PM,6/13/2023 5:00:00 PM,SERC,WEST,EKPC,EKPC,1676.889,True
6/13/2023 10:00:00 PM,6/13/2023 6:00:00 PM,SERC,WEST,EKPC,EKPC,1603.024,True
6/13/2023 11:00:00 PM,6/13/2023 7:00:00 PM,SERC,WEST,EKPC,EKPC,1570.587,True
6/14/2023 12:00:00 AM,6/13/2023 8:00:00 PM,SERC,WEST,EKPC,EKPC,1603.207,True
6/14/2023 1:00:00 AM,6/13/2023 9:00:00 PM,SERC,WEST,EKPC,EKPC,1576.067,True
6/14/2023 2:00:00 AM,6/13/2023 10:00:00 PM,SERC,WEST,EKPC,EKPC,1487.616,True
6/14/2023 3:00:00 AM,6/13/2023 11:00:00 PM,SERC,WEST,EKPC,EKPC,1285.600,True
6/14/2023 4:00:00 AM,6/14/2023 12:00:00 AM,SERC,WEST,EKPC,EKPC,1097.319,True
6/14/2023 5:00:00 AM,6/14/2023 1:00:00 AM,SERC,WEST,EKPC,EKPC,1120.835,True
6/14/2023 6:00:00 AM,6/14/2023 2:00:00 AM,SERC,WEST,EKPC,EKPC,1094.251,True
6/14/2023 7:00:00 AM,6/14/2023 3:00:00 AM,SERC,WEST,EKPC,EKPC,1064.329,True
6/14/2023 8:00:00 AM,6/14/2023 4:00:00 AM,SERC,WEST,EKPC,EKPC,1037.162,True
6/14/2023 9:00:00 AM,6/14/2023 5:00:00 AM,SERC,WEST,EKPC,EKPC,1013.720,True
6/14/2023 10:00:00 AM,6/14/2023 6:00:00 AM,SERC,WEST,EKPC,EKPC,1067.073,True
6/14/2023 11:00:00 AM,6/14/2023 7:00:00 AM,SERC,WEST,EKPC,EKPC,1141.745,True
6/14/2023 12:00:00 PM,6/14/2023 8:00:00 AM,SERC,WEST,EKPC,EKPC,1145.289,True
6/14/2023 1:00:00 PM,6/14/2023 9:00:00 AM,SERC,WEST,EKPC,EKPC,1175.222,True
6/14/2023 2:00:00 PM,6/14/2023 10:00:00 AM,SERC,WEST,EKPC,EKPC,1236.425,True
6/14/2023 3:00:00 PM,6/14/2023 11:00:00 AM,SERC,WEST,EKPC,EKPC,1306.707,True
6/14/2023 4:00:00 PM,6/14/2023 12:00:00 PM,SERC,WEST,EKPC,EKPC,1365.561,True
6/14/2023 5:00:00 PM,6/14/2023 1:00:00 PM,SERC,WEST,EKPC,EKPC,1466.775,True
6/14/2023 6:00:00 PM,6/14/2023 2:00:00 PM,SERC,WEST,EKPC,EKPC,1521.346,True
6/14/2023 7:00:00 PM,6/14/2023 3:00:00 PM,SERC,WEST,EKPC,EKPC,1659.080,True
6/14/2023 8:00:00 PM,6/14/2023 4:00:00 PM,SERC,WEST,EKPC,EKPC,1699.824,True
6/14/2023 9:00:00 PM,6/14/2023 5:00:00 PM,SERC,WEST,EKPC,EKPC,1733.094,True
6/14/2023 10:00:00 PM,6/14/2023 6:00:00 PM,SERC,WEST,EKPC,EKPC,1717.734,True
6/14/2023 11:00:00 PM,6/14/2023 7:00:00 PM,SERC,WEST,EKPC,EKPC,1654.623,True
6/15/2023 12:00:00 AM,6/14/2023 8:00:00 PM,SERC,WEST,EKPC,EKPC,1519.181,True
6/15/2023 1:00:00 AM,6/14/2023 9:00:00 PM,SERC,WEST,EKPC,EKPC,1491.472,True
6/15/2023 2:00:00 AM,6/14/2023 10:00:00 PM,SERC,WEST,EKPC,EKPC,1411.609,True
6/15/2023 3:00:00 AM,6/14/2023 11:00:00 PM,SERC,WEST,EKPC,EKPC,1335.688,True
6/15/2023 4:00:00 AM,6/15/2023 12:00:00 AM,SERC,WEST,EKPC,EKPC,1245.147,True
6/15/2023 5:00:00 AM,6/15/2023 1:00:00 AM,SERC,WEST,EKPC,EKPC,1148.250,True
6/15/2023 6:00:00 AM,6/15/2023 2:00:00 AM,SERC,WEST,EKPC,EKPC,1085.876,True
6/15/2023 7:00:00 AM,6/15/2023 3:00:00 AM,SERC,WEST,EKPC,EKPC,1053.831,True
6/15/2023 8:00:00 AM,6/15/2023 4:00:00 AM,SERC,WEST,EKPC,EKPC,1072.295,True
6/15/2023 9:00:00 AM,6/15/2023 5:00:00 AM,SERC,WEST,EKPC,EKPC,1097.313,True
6/15/2023 10:00:00 AM,6/15/2023 6:00:00 AM,SERC,WEST,EKPC,EKPC,1164.639,True
6/15/2023 11:00:00 AM,6/15/2023 7:00:00 AM,SERC,WEST,EKPC,EKPC,1236.684,True
6/15/2023 12:00:00 PM,6/15/2023 8:00:00 AM,SERC,WEST,EKPC,EKPC,1287.921,True
6/15/2023 1:00:00 PM,6/15/2023 9:00:00 AM,SERC,WEST,EKPC,EKPC,1348.908,True
6/15/2023 2:00:00 PM,6/15/2023 10:00:00 AM,SERC,WEST,EKPC,EKPC,1415.070,True
6/15/2023 3:00:00 PM,6/15/2023 11:00:00 AM,SERC,WEST,EKPC,EKPC,1527.242,True
6/15/2023 4:00:00 PM,6/15/2023 12:00:00 PM,SERC,WEST,EKPC,EKPC,1624.509,True
6/15/2023 5:00:00 PM,6/15/2023 1:00:00 PM,SERC,WEST,EKPC,EKPC,1696.234,True
6/15/2023 6:00:00 PM,6/15/2023 2:00:00 PM,SERC,WEST,EKPC,EKPC,1704.708,True
6/15/2023 7:00:00 PM,6/15/2023 3:00:00 PM,SERC,WEST,EKPC,EKPC,1798.462,True
6/15/2023 8:00:00 PM,6/15/2023 4:00:00 PM,SERC,WEST,EKPC,EKPC,1871.695,True
6/15/2023 9:00:00 PM,6/15/2023 5:00:00 PM,SERC,WEST,EKPC,EKPC,1980.604,True
6/15/2023 10:00:00 PM,6/15/2023 6:00:00 PM,SERC,WEST,EKPC,EKPC,1933.180,True
6/15/2023 11:00:00 PM,6/15/2023 7:00:00 PM,SERC,WEST,EKPC,EKPC,1890.952,True
6/16/2023 12:00:00 AM,6/15/2023 8:00:00 PM,SERC,WEST,EKPC,EKPC,1743.568,True
6/16/2023 1:00:00 AM,6/15/2023 9:00:00 PM,SERC,WEST,EKPC,EKPC,1649.981,True
6/16/2023 2:00:00 AM,6/15/2023 10:00:00 PM,SERC,WEST,EKPC,EKPC,1588.070,True
6/16/2023 3:00:00 AM,6/15/2023 11:00:00 PM,SERC,WEST,EKPC,EKPC,1426.196,True
6/16/2023 4:00:00 AM,6/16/2023 12:00:00 AM,SERC,WEST,EKPC,EKPC,1211.295,True
6/16/2023 5:00:00 AM,6/16/2023 1:00:00 AM,SERC,WEST,EKPC,EKPC,1114.195,True
6/16/2023 6:00:00 AM,6/16/2023 2:00:00 AM,SERC,WEST,EKPC,EKPC,1058.576,True
6/16/2023 7:00:00 AM,6/16/2023 3:00:00 AM,SERC,WEST,EKPC,EKPC,1019.798,True
6/16/2023 8:00:00 AM,6/16/2023 4:00:00 AM,SERC,WEST,EKPC,EKPC,1056.842,True
6/16/2023 9:00:00 AM,6/16/2023 5:00:00 AM,SERC,WEST,EKPC,EKPC,1125.670,True
6/16/2023 10:00:00 AM,6/16/2023 6:00:00 AM,SERC,WEST,EKPC,EKPC,1200.187,True
6/16/2023 11:00:00 AM,6/16/2023 7:00:00 AM,SERC,WEST,EKPC,EKPC,1272.566,True
6/16/2023 12:00:00 PM,6/16/2023 8:00:00 AM,SERC,WEST,EKPC,EKPC,1325.858,True
6/16/2023 1:00:00 PM,6/16/2023 9:00:00 AM,SERC,WEST,EKPC,EKPC,1386.157,True
6/16/2023 2:00:00 PM,6/16/2023 10:00:00 AM,SERC,WEST,EKPC,EKPC,1455.042,True
6/16/2023 3:00:00 PM,6/16/2023 11:00:00 AM,SERC,WEST,EKPC,EKPC,1546.793,True
6/16/2023 4:00:00 PM,6/16/2023 12:00:00 PM,SERC,WEST,EKPC,EKPC,1605.042,True
6/16/2023 5:00:00 PM,6/16/2023 1:00:00 PM,SERC,WEST,EKPC,EKPC,1684.813,True
6/16/2023 6:00:00 PM,6/16/2023 2:00:00 PM,SERC,WEST,EKPC,EKPC,1706.179,True
6/16/2023 7:00:00 PM,6/16/2023 3:00:00 PM,SERC,WEST,EKPC,EKPC,1754.068,True
6/16/2023 8:00:00 PM,6/16/2023 4:00:00 PM,SERC,WEST,EKPC,EKPC,1732.875,True
6/16/2023 9:00:00 PM,6/16/2023 5:00:00 PM,SERC,WEST,EKPC,EKPC,1705.462,True
6/16/2023 10:00:00 PM,6/16/2023 6:00:00 PM,SERC,WEST,EKPC,EKPC,1658.822,True
6/16/2023 11:00:00 PM,6/16/2023 7:00:00 PM,SERC,WEST,EKPC,EKPC,1632.652,True
6/17/2023 12:00:00 AM,6/16/2023 8:00:00 PM,SERC,WEST,EKPC,EKPC,1584.407,True
6/17/2023 1:00:00 AM,6/16/2023 9:00:00 PM,SERC,WEST,EKPC,EKPC,1475.532,True
6/17/2023 2:00:00 AM,6/16/2023 10:00:00 PM,SERC,WEST,EKPC,EKPC,1344.975,True
6/17/2023 3:00:00 AM,6/16/2023 11:00:00 PM,SERC,WEST,EKPC,EKPC,1256.541,True
6/17/2023 4:00:00 AM,6/17/2023 12:00:00 AM,SERC,WEST,EKPC,EKPC,1201.437,True
6/17/2023 5:00:00 AM,6/17/2023 1:00:00 AM,SERC,WEST,EKPC,EKPC,1127.240,True
6/17/2023 6:00:00 AM,6/17/2023 2:00:00 AM,SERC,WEST,EKPC,EKPC,1010.702,True
6/17/2023 7:00:00 AM,6/17/2023 3:00:00 AM,SERC,WEST,EKPC,EKPC,977.831,True
6/17/2023 8:00:00 AM,6/17/2023 4:00:00 AM,SERC,WEST,EKPC,EKPC,1060.780,True
6/17/2023 9:00:00 AM,6/17/2023 5:00:00 AM,SERC,WEST,EKPC,EKPC,1018.930,True
6/17/2023 10:00:00 AM,6/17/2023 6:00:00 AM,SERC,WEST,EKPC,EKPC,1077.883,True
6/17/2023 11:00:00 AM,6/17/2023 7:00:00 AM,SERC,WEST,EKPC,EKPC,1125.342,True
6/17/2023 12:00:00 PM,6/17/2023 8:00:00 AM,SERC,WEST,EKPC,EKPC,1158.446,True
6/17/2023 1:00:00 PM,6/17/2023 9:00:00 AM,SERC,WEST,EKPC,EKPC,1244.460,True
6/17/2023 2:00:00 PM,6/17/2023 10:00:00 AM,SERC,WEST,EKPC,EKPC,1304.686,True
6/17/2023 3:00:00 PM,6/17/2023 11:00:00 AM,SERC,WEST,EKPC,EKPC,1373.475,True
6/17/2023 4:00:00 PM,6/17/2023 12:00:00 PM,SERC,WEST,EKPC,EKPC,1452.576,True
6/17/2023 5:00:00 PM,6/17/2023 1:00:00 PM,SERC,WEST,EKPC,EKPC,1567.640,True
6/17/2023 6:00:00 PM,6/17/2023 2:00:00 PM,SERC,WEST,EKPC,EKPC,1482.658,True
6/17/2023 7:00:00 PM,6/17/2023 3:00:00 PM,SERC,WEST,EKPC,EKPC,1538.409,True
6/17/2023 8:00:00 PM,6/17/2023 4:00:00 PM,SERC,WEST,EKPC,EKPC,1608.004,True
6/17/2023 9:00:00 PM,6/17/2023 5:00:00 PM,SERC,WEST,EKPC,EKPC,1650.918,True
6/17/2023 10:00:00 PM,6/17/2023 6:00:00 PM,SERC,WEST,EKPC,EKPC,1783.390,True
6/17/2023 11:00:00 PM,6/17/2023 7:00:00 PM,SERC,WEST,EKPC,EKPC,1710.477,True
6/18/2023 12:00:00 AM,6/17/2023 8:00:00 PM,SERC,WEST,EKPC,EKPC,1615.275,True
6/18/2023 1:00:00 AM,6/17/2023 9:00:00 PM,SERC,WEST,EKPC,EKPC,1544.271,True
6/18/2023 2:00:00 AM,6/17/2023 10:00:00 PM,SERC,WEST,EKPC,EKPC,1449.165,True
6/18/2023 3:00:00 AM,6/17/2023 11:00:00 PM,SERC,WEST,EKPC,EKPC,1301.154,True
6/18/2023 4:00:00 AM,6/18/2023 12:00:00 AM,SERC,WEST,EKPC,EKPC,1228.210,True
6/18/2023 5:00:00 AM,6/18/2023 1:00:00 AM,SERC,WEST,EKPC,EKPC,1128.487,True
6/18/2023 6:00:00 AM,6/18/2023 2:00:00 AM,SERC,WEST,EKPC,EKPC,1070.839,True
6/18/2023 7:00:00 AM,6/18/2023 3:00:00 AM,SERC,WEST,EKPC,EKPC,1072.356,True
6/18/2023 8:00:00 AM,6/18/2023 4:00:00 AM,SERC,WEST,EKPC,EKPC,1009.615,True
6/18/2023 9:00:00 AM,6/18/2023 5:00:00 AM,SERC,WEST,EKPC,EKPC,1010.426,True
6/18/2023 10:00:00 AM,6/18/2023 6:00:00 AM,SERC,WEST,EKPC,EKPC,1016.153,True
6/18/2023 11:00:00 AM,6/18/2023 7:00:00 AM,SERC,WEST,EKPC,EKPC,1083.170,True
6/18/2023 12:00:00 PM,6/18/2023 8:00:00 AM,SERC,WEST,EKPC,EKPC,1174.399,True
6/18/2023 1:00:00 PM,6/18/2023 9:00:00 AM,SERC,WEST,EKPC,EKPC,1251.353,True
6/18/2023 2:00:00 PM,6/18/2023 10:00:00 AM,SERC,WEST,EKPC,EKPC,1388.823,True
6/18/2023 3:00:00 PM,6/18/2023 11:00:00 AM,SERC,WEST,EKPC,EKPC,1383.745,True
6/18/2023 4:00:00 PM,6/18/2023 12:00:00 PM,SERC,WEST,EKPC,EKPC,1487.496,True
6/18/2023 5:00:00 PM,6/18/2023 1:00:00 PM,SERC,WEST,EKPC,EKPC,1580.155,True
6/18/2023 6:00:00 PM,6/18/2023 2:00:00 PM,SERC,WEST,EKPC,EKPC,1650.210,True
6/18/2023 7:00:00 PM,6/18/2023 3:00:00 PM,SERC,WEST,EKPC,EKPC,1732.944,True
6/18/2023 8:00:00 PM,6/18/2023 4:00:00 PM,SERC,WEST,EKPC,EKPC,1814.403,True
6/18/2023 9:00:00 PM,6/18/2023 5:00:00 PM,SERC,WEST,EKPC,EKPC,1852.906,True
6/18/2023 10:00:00 PM,6/18/2023 6:00:00 PM,SERC,WEST,EKPC,EKPC,1837.323,True
6/18/2023 11:00:00 PM,6/18/2023 7:00:00 PM,SERC,WEST,EKPC,EKPC,1748.889,True
6/19/2023 12:00:00 AM,6/18/2023 8:00:00 PM,SERC,WEST,EKPC,EKPC,1712.038,True
6/19/2023 1:00:00 AM,6/18/2023 9:00:00 PM,SERC,WEST,EKPC,EKPC,1651.324,True
6/19/2023 2:00:00 AM,6/18/2023 10:00:00 PM,SERC,WEST,EKPC,EKPC,1583.898,True
6/19/2023 3:00:00 AM,6/18/2023 11:00:00 PM,SERC,WEST,EKPC,EKPC,1419.949,True
6/19/2023 4:00:00 AM,6/19/2023 12:00:00 AM,SERC,WEST,EKPC,EKPC,1311.096,True
6/19/2023 5:00:00 AM,6/19/2023 1:00:00 AM,SERC,WEST,EKPC,EKPC,1212.749,True
6/19/2023 6:00:00 AM,6/19/2023 2:00:00 AM,SERC,WEST,EKPC,EKPC,1146.908,True
6/19/2023 7:00:00 AM,6/19/2023 3:00:00 AM,SERC,WEST,EKPC,EKPC,1007.558,True
6/19/2023 8:00:00 AM,6/19/2023 4:00:00 AM,SERC,WEST,EKPC,EKPC,1018.827,True
6/19/2023 9:00:00 AM,6/19/2023 5:00:00 AM,SERC,WEST,EKPC,EKPC,1035.344,True
6/19/2023 10:00:00 AM,6/19/2023 6:00:00 AM,SERC,WEST,EKPC,EKPC,1146.333,True
6/19/2023 11:00:00 AM,6/19/2023 7:00:00 AM,SERC,WEST,EKPC,EKPC,1221.507,True
6/19/2023 12:00:00 PM,6/19/2023 8:00:00 AM,SERC,WEST,EKPC,EKPC,1237.832,True
6/19/2023 1:00:00 PM,6/19/2023 9:00:00 AM,SERC,WEST,EKPC,EKPC,1290.614,True
6/19/2023 2:00:00 PM,6/19/2023 10:00:00 AM,SERC,WEST,EKPC,EKPC,1405.798,True
6/19/2023 3:00:00 PM,6/19/2023 11:00:00 AM,SERC,WEST,EKPC,EKPC,1528.737,True
6/19/2023 4:00:00 PM,6/19/2023 12:00:00 PM,SERC,WEST,EKPC,EKPC,1568.776,True
6/19/2023 5:00:00 PM,6/19/2023 1:00:00 PM,SERC,WEST,EKPC,EKPC,1651.319,True
6/19/2023 6:00:00 PM,6/19/2023 2:00:00 PM,SERC,WEST,EKPC,EKPC,1654.554,True
6/19/2023 7:00:00 PM,6/19/2023 3:00:00 PM,SERC,WEST,EKPC,EKPC,1635.232,True
6/19/2023 8:00:00 PM,6/19/2023 4:00:00 PM,SERC,WEST,EKPC,EKPC,1598.368,True
6/19/2023 9:00:00 PM,6/19/2023 5:00:00 PM,SERC,WEST,EKPC,EKPC,1642.431,True
6/19/2023 10:00:00 PM,6/19/2023 6:00:00 PM,SERC,WEST,EKPC,EKPC,1733.402,True
6/19/2023 11:00:00 PM,6/19/2023 7:00:00 PM,SERC,WEST,EKPC,EKPC,1674.546,True
6/20/2023 12:00:00 AM,6/19/2023 8:00:00 PM,SERC,WEST,EKPC,EKPC,1632.303,True
6/20/2023 1:00:00 AM,6/19/2023 9:00:00 PM,SERC,WEST,EKPC,EKPC,1609.256,True
6/20/2023 2:00:00 AM,6/19/2023 10:00:00 PM,SERC,WEST,EKPC,EKPC,1429.502,True
6/20/2023 3:00:00 AM,6/19/2023 11:00:00 PM,SERC,WEST,EKPC,EKPC,1252.574,True
6/20/2023 4:00:00 AM,6/20/2023 12:00:00 AM,SERC,WEST,EKPC,EKPC,1174.777,True
6/20/2023 5:00:00 AM,6/20/2023 1:00:00 AM,SERC,WEST,EKPC,EKPC,1206.539,True
6/20/2023 6:00:00 AM,6/20/2023 2:00:00 AM,SERC,WEST,EKPC,EKPC,1116.402,True
6/20/2023 7:00:00 AM,6/20/2023 3:00:00 AM,SERC,WEST,EKPC,EKPC,1091.638,True
6/20/2023 8:00:00 AM,6/20/2023 4:00:00 AM,SERC,WEST,EKPC,EKPC,1203.738,True
6/20/2023 9:00:00 AM,6/20/2023 5:00:00 AM,SERC,WEST,EKPC,EKPC,1187.921,True
6/20/2023 10:00:00 AM,6/20/2023 6:00:00 AM,SERC,WEST,EKPC,EKPC,1260.062,True
6/20/2023 11:00:00 AM,6/20/2023 7:00:00 AM,SERC,WEST,EKPC,EKPC,1321.985,True
6/20/2023 12:00:00 PM,6/20/2023 8:00:00 AM,SERC,WEST,EKPC,EKPC,1262.235,True
6/20/2023 1:00:00 PM,6/20/2023 9:00:00 AM,SERC,WEST,EKPC,EKPC,1316.622,True
6/20/2023 2:00:00 PM,6/20/2023 10:00:00 AM,SERC,WEST,EKPC,EKPC,1462.162,True
6/20/2023 3:00:00 PM,6/20/2023 11:00:00 AM,SERC,WEST,EKPC,EKPC,1580.510,True
6/20/2023 4:00:00 PM,6/20/2023 12:00:00 PM,SERC,WEST,EKPC,EKPC,1566.017,True
6/20/2023 5:00:00 PM,6/20/2023 1:00:00 PM,SERC,WEST,EKPC,EKPC,1577.807,True
6/20/2023 6:00:00 PM,6/20/2023 2:00:00 PM,SERC,WEST,EKPC,EKPC,1682.536,True
6/20/2023 7:00:00 PM,6/20/2023 3:00:00 PM,SERC,WEST,EKPC,EKPC,1754.030,True
6/20/2023 8:00:00 PM,6/20/2023 4:00:00 PM,SERC,WEST,EKPC,EKPC,1731.708,True
6/20/2023 9:00:00 PM,6/20/2023 5:00:00 PM,SERC,WEST,EKPC,EKPC,1816.500,True
6/20/2023 10:00:00 PM,6/20/2023 6:00:00 PM,SERC,WEST,EKPC,EKPC,1753.862,True
6/20/2023 11:00:00 PM,6/20/2023 7:00:00 PM,SERC,WEST,EKPC,EKPC,1711.267,True
6/21/2023 12:00:00 AM,6/20/2023 8:00:00 PM,SERC,WEST,EKPC,EKPC,1696.609,True
6/21/2023 1:00:00 AM,6/20/2023 9:00:00 PM,SERC,WEST,EKPC,EKPC,1602.153,True
6/21/2023 2:00:00 AM,6/20/2023 10:00:00 PM,SERC,WEST,EKPC,EKPC,1569.352,True
6/21/2023 3:00:00 AM,6/20/2023 11:00:00 PM,SERC,WEST,EKPC,EKPC,1450.176,True
6/21/2023 4:00:00 AM,6/21/2023 12:00:00 AM,SERC,WEST,EKPC,EKPC,1307.266,True
6/21/2023 5:00:00 AM,6/21/2023 1:00:00 AM,SERC,WEST,EKPC,EKPC,1285.028,True
6/21/2023 6:00:00 AM,6/21/2023 2:00:00 AM,SERC,WEST,EKPC,EKPC,1227.902,True
6/21/2023 7:00:00 AM,6/21/2023 3:00:00 AM,SERC,WEST,EKPC,EKPC,1134.675,True
6/21/2023 8:00:00 AM,6/21/2023 4:00:00 AM,SERC,WEST,EKPC,EKPC,1104.482,True
6/21/2023 9:00:00 AM,6/21/2023 5:00:00 AM,SERC,WEST,EKPC,EKPC,1205.324,True
6/21/2023 10:00:00 AM,6/21/2023 6:00:00 AM,SERC,WEST,EKPC,EKPC,1316.693,True
6/21/2023 11:00:00 AM,6/21/2023 7:00:00 AM,SERC,WEST,EKPC,EKPC,1260.560,True
6/21/2023 12:00:00 PM,6/21/2023 8:00:00 AM,SERC,WEST,EKPC,EKPC,1358.094,True
6/21/2023 1:00:00 PM,6/21/2023 9:00:00 AM,SERC,WEST,EKPC,EKPC,1378.424,True
6/21/2023 2:00:00 PM,6/21/2023 10:00:00 AM,SERC,WEST,EKPC,EKPC,1303.994,True
6/21/2023 3:00:00 PM,6/21/2023 11:00:00 AM,SERC,WEST,EKPC,EKPC,1353.639,True
6/21/2023 4:00:00 PM,6/21/2023 12:00:00 PM,SERC,WEST,EKPC,EKPC,1404.431,True
6/21/2023 5:00:00 PM,6/21/2023 1:00:00 PM,SERC,WEST,EKPC,EKPC,1413.543,True
6/21/2023 6:00:00 PM,6/21/2023 2:00:00 PM,SERC,WEST,EKPC,EKPC,1550.675,True
6/21/2023 7:00:00 PM,6/21/2023 3:00:00 PM,SERC,WEST,EKPC,EKPC,1602.245,True
6/21/2023 8:00:00 PM,6/21/2023 4:00:00 PM,SERC,WEST,EKPC,EKPC,1715.086,True
6/21/2023 9:00:00 PM,6/21/2023 5:00:00 PM,SERC,WEST,EKPC,EKPC,1756.532,True
6/21/2023 10:00:00 PM,6/21/2023 6:00:00 PM,SERC,WEST,EKPC,EKPC,1757.225,True
6/21/2023 11:00:00 PM,6/21/2023 7:00:00 PM,SERC,WEST,EKPC,EKPC,1637.192,True
6/22/2023 12:00:00 AM,6/21/2023 8:00:00 PM,SERC,WEST,EKPC,EKPC,1522.454,True
6/22/2023 1:00:00 AM,6/21/2023 9:00:00 PM,SERC,WEST,EKPC,EKPC,1615.301,True
6/22/2023 2:00:00 AM,6/21/2023 10:00:00 PM,SERC,WEST,EKPC,EKPC,1526.435,True
6/22/2023 3:00:00 AM,6/21/2023 11:00:00 PM,SERC,WEST,EKPC,EKPC,1364.791,True
6/22/2023 4:00:00 AM,6/22/2023 12:00:00 AM,SERC,WEST,EKPC,EKPC,1279.295,True
6/22/2023 5:00:00 AM,6/22/2023 1:00:00 AM,SERC,WEST,EKPC,EKPC,1155.062,True
6/22/2023 6:00:00 AM,6/22/2023 2:00:00 AM,SERC,WEST,EKPC,EKPC,1136.705,True
6/22/2023 7:00:00 AM,6/22/2023 3:00:00 AM,SERC,WEST,EKPC,EKPC,1096.094,True
6/22/2023 8:00:00 AM,6/22/2023 4:00:00 AM,SERC,WEST,EKPC,EKPC,1077.256,True
6/22/2023 9:00:00 AM,6/22/2023 5:00:00 AM,SERC,WEST,EKPC,EKPC,1115.618,True
6/22/2023 10:00:00 AM,6/22/2023 6:00:00 AM,SERC,WEST,EKPC,EKPC,1206.632,True
6/22/2023 11:00:00 AM,6/22/2023 7:00:00 AM,SERC,WEST,EKPC,EKPC,1248.367,True
6/22/2023 12:00:00 PM,6/22/2023 8:00:00 AM,SERC,WEST,EKPC,EKPC,1250.082,True
6/22/2023 1:00:00 PM,6/22/2023 9:00:00 AM,SERC,WEST,EKPC,EKPC,1294.004,True
6/22/2023 2:00:00 PM,6/22/2023 10:00:00 AM,SERC,WEST,EKPC,EKPC,1415.001,True
6/22/2023 3:00:00 PM,6/22/2023 11:00:00 AM,SERC,WEST,EKPC,EKPC,1441.502,True
6/22/2023 4:00:00 PM,6/22/2023 12:00:00 PM,SERC,WEST,EKPC,EKPC,1410.149,True
6/22/2023 5:00:00 PM,6/22/2023 1:00:00 PM,SERC,WEST,EKPC,EKPC,1351.568,True
6/22/2023 6:00:00 PM,6/22/2023 2:00:00 PM,SERC,WEST,EKPC,EKPC,1384.914,True
6/22/2023 7:00:00 PM,6/22/2023 3:00:00 PM,SERC,WEST,EKPC,EKPC,1492.504,True
6/22/2023 8:00:00 PM,6/22/2023 4:00:00 PM,SERC,WEST,EKPC,EKPC,1483.018,True
6/22/2023 9:00:00 PM,6/22/2023 5:00:00 PM,SERC,WEST,EKPC,EKPC,1389.570,True
6/22/2023 10:00:00 PM,6/22/2023 6:00:00 PM,SERC,WEST,EKPC,EKPC,1495.675,True
6/22/2023 11:00:00 PM,6/22/2023 7:00:00 PM,SERC,WEST,EKPC,EKPC,1491.873,True
6/23/2023 12:00:00 AM,6/22/2023 8:00:00 PM,SERC,WEST,EKPC,EKPC,1504.894,True
6/23/2023 1:00:00 AM,6/22/2023 9:00:00 PM,SERC,WEST,EKPC,EKPC,1481.991,True
6/23/2023 2:00:00 AM,6/22/2023 10:00:00 PM,SERC,WEST,EKPC,EKPC,1377.738,True
6/23/2023 3:00:00 AM,6/22/2023 11:00:00 PM,SERC,WEST,EKPC,EKPC,1334.153,True
6/23/2023 4:00:00 AM,6/23/2023 12:00:00 AM,SERC,WEST,EKPC,EKPC,1179.562,True
6/23/2023 5:00:00 AM,6/23/2023 1:00:00 AM,SERC,WEST,EKPC,EKPC,1125.505,True
6/23/2023 6:00:00 AM,6/23/2023 2:00:00 AM,SERC,WEST,EKPC,EKPC,1050.700,True
6/23/2023 7:00:00 AM,6/23/2023 3:00:00 AM,SERC,WEST,EKPC,EKPC,1068.793,True
6/23/2023 8:00:00 AM,6/23/2023 4:00:00 AM,SERC,WEST,EKPC,EKPC,1071.668,True
6/23/2023 9:00:00 AM,6/23/2023 5:00:00 AM,SERC,WEST,EKPC,EKPC,1176.060,True
6/23/2023 10:00:00 AM,6/23/2023 6:00:00 AM,SERC,WEST,EKPC,EKPC,1201.331,True
6/23/2023 11:00:00 AM,6/23/2023 7:00:00 AM,SERC,WEST,EKPC,EKPC,1312.186,True
6/23/2023 12:00:00 PM,6/23/2023 8:00:00 AM,SERC,WEST,EKPC,EKPC,1296.107,True
6/23/2023 1:00:00 PM,6/23/2023 9:00:00 AM,SERC,WEST,EKPC,EKPC,1275.431,True
6/23/2023 2:00:00 PM,6/23/2023 10:00:00 AM,SERC,WEST,EKPC,EKPC,1385.796,True
6/23/2023 3:00:00 PM,6/23/2023 11:00:00 AM,SERC,WEST,EKPC,EKPC,1403.494,True
6/23/2023 4:00:00 PM,6/23/2023 12:00:00 PM,SERC,WEST,EKPC,EKPC,1476.051,True
6/23/2023 5:00:00 PM,6/23/2023 1:00:00 PM,SERC,WEST,EKPC,EKPC,1506.901,True
6/23/2023 6:00:00 PM,6/23/2023 2:00:00 PM,SERC,WEST,EKPC,EKPC,1570.525,True
6/23/2023 7:00:00 PM,6/23/2023 3:00:00 PM,SERC,WEST,EKPC,EKPC,1614.652,True
6/23/2023 8:00:00 PM,6/23/2023 4:00:00 PM,SERC,WEST,EKPC,EKPC,1617.649,True
6/23/2023 9:00:00 PM,6/23/2023 5:00:00 PM,SERC,WEST,EKPC,EKPC,1571.174,True
6/23/2023 10:00:00 PM,6/23/2023 6:00:00 PM,SERC,WEST,EKPC,EKPC,1607.392,True
6/23/2023 11:00:00 PM,6/23/2023 7:00:00 PM,SERC,WEST,EKPC,EKPC,1420.691,True
6/24/2023 12:00:00 AM,6/23/2023 8:00:00 PM,SERC,WEST,EKPC,EKPC,1458.708,True
6/24/2023 1:00:00 AM,6/23/2023 9:00:00 PM,SERC,WEST,EKPC,EKPC,1456.586,True
6/24/2023 2:00:00 AM,6/23/2023 10:00:00 PM,SERC,WEST,EKPC,EKPC,1342.291,True
6/24/2023 3:00:00 AM,6/23/2023 11:00:00 PM,SERC,WEST,EKPC,EKPC,1274.948,True
6/24/2023 4:00:00 AM,6/24/2023 12:00:00 AM,SERC,WEST,EKPC,EKPC,1293.184,True
6/24/2023 5:00:00 AM,6/24/2023 1:00:00 AM,SERC,WEST,EKPC,EKPC,1221.661,True
6/24/2023 6:00:00 AM,6/24/2023 2:00:00 AM,SERC,WEST,EKPC,EKPC,1167.236,True
6/24/2023 7:00:00 AM,6/24/2023 3:00:00 AM,SERC,WEST,EKPC,EKPC,1170.486,True
6/24/2023 8:00:00 AM,6/24/2023 4:00:00 AM,SERC,WEST,EKPC,EKPC,1152.890,True
6/24/2023 9:00:00 AM,6/24/2023 5:00:00 AM,SERC,WEST,EKPC,EKPC,1148.325,True
6/24/2023 10:00:00 AM,6/24/2023 6:00:00 AM,SERC,WEST,EKPC,EKPC,1199.486,True
6/24/2023 11:00:00 AM,6/24/2023 7:00:00 AM,SERC,WEST,EKPC,EKPC,1211.260,True
6/24/2023 12:00:00 PM,6/24/2023 8:00:00 AM,SERC,WEST,EKPC,EKPC,1306.677,True
6/24/2023 1:00:00 PM,6/24/2023 9:00:00 AM,SERC,WEST,EKPC,EKPC,1398.629,True
6/24/2023 2:00:00 PM,6/24/2023 10:00:00 AM,SERC,WEST,EKPC,EKPC,1395.270,True
6/24/2023 3:00:00 PM,6/24/2023 11:00:00 AM,SERC,WEST,EKPC,EKPC,1587.007,True
6/24/2023 4:00:00 PM,6/24/2023 12:00:00 PM,SERC,WEST,EKPC,EKPC,1692.178,True
6/24/2023 5:00:00 PM,6/24/2023 1:00:00 PM,SERC,WEST,EKPC,EKPC,1713.959,True
6/24/2023 6:00:00 PM,6/24/2023 2:00:00 PM,SERC,WEST,EKPC,EKPC,1686.516,True
6/24/2023 7:00:00 PM,6/24/2023 3:00:00 PM,SERC,WEST,EKPC,EKPC,1822.282,True
6/24/2023 8:00:00 PM,6/24/2023 4:00:00 PM,SERC,WEST,EKPC,EKPC,1787.241,True
6/24/2023 9:00:00 PM,6/24/2023 5:00:00 PM,SERC,WEST,EKPC,EKPC,1851.572,True
6/24/2023 10:00:00 PM,6/24/2023 6:00:00 PM,SERC,WEST,EKPC,EKPC,1869.276,True
6/24/2023 11:00:00 PM,6/24/2023 7:00:00 PM,SERC,WEST,EKPC,EKPC,1889.565,True
6/25/2023 12:00:00 AM,6/24/2023 8:00:00 PM,SERC,WEST,EKPC,EKPC,1847.294,True
6/25/2023 1:00:00 AM,6/24/2023 9:00:00 PM,SERC,WEST,EKPC,EKPC,1770.005,True
6/25/2023 2:00:00 AM,6/24/2023 10:00:00 PM,SERC,WEST,EKPC,EKPC,1619.751,True
6/25/2023 3:00:00 AM,6/24/2023 11:00:00 PM,SERC,WEST,EKPC,EKPC,1387.724,True
6/25/2023 4:00:00 AM,6/25/2023 12:00:00 AM,SERC,WEST,EKPC,EKPC,1291.756,True
6/25/2023 5:00:00 AM,6/25/2023 1:00:00 AM,SERC,WEST,EKPC,EKPC,1205.590,True
6/25/2023 6:00:00 AM,6/25/2023 2:00:00 AM,SERC,WEST,EKPC,EKPC,1170.921,True
6/25/2023 7:00:00 AM,6/25/2023 3:00:00 AM,SERC,WEST,EKPC,EKPC,1173.603,True
6/25/2023 8:00:00 AM,6/25/2023 4:00:00 AM,SERC,WEST,EKPC,EKPC,1147.525,True
6/25/2023 9:00:00 AM,6/25/2023 5:00:00 AM,SERC,WEST,EKPC,EKPC,962.612,True
6/25/2023 10:00:00 AM,6/25/2023 6:00:00 AM,SERC,WEST,EKPC,EKPC,1044.805,True
6/25/2023 11:00:00 AM,6/25/2023 7:00:00 AM,SERC,WEST,EKPC,EKPC,1179.132,True
6/25/2023 12:00:00 PM,6/25/2023 8:00:00 AM,SERC,WEST,EKPC,EKPC,1290.656,True
6/25/2023 1:00:00 PM,6/25/2023 9:00:00 AM,SERC,WEST,EKPC,EKPC,1384.227,True
6/25/2023 2:00:00 PM,6/25/2023 10:00:00 AM,SERC,WEST,EKPC,EKPC,1387.536,True
6/25/2023 3:00:00 PM,6/25/2023 11:00:00 AM,SERC,WEST,EKPC,EKPC,1458.902,True
6/25/2023 4:00:00 PM,6/25/2023 12:00:00 PM,SERC,WEST,EKPC,EKPC,1473.391,True
6/25/2023 5:00:00 PM,6/25/2023 1:00:00 PM,SERC,WEST,EKPC,EKPC,1578.263,True
6/25/2023 6:00:00 PM,6/25/2023 2:00:00 PM,SERC,WEST,EKPC,EKPC,1657.387,True
6/25/2023 7:00:00 PM,6/25/2023 3:00:00 PM,SERC,WEST,EKPC,EKPC,1754.740,True
6/25/2023 8:00:00 PM,6/25/2023 4:00:00 PM,SERC,WEST,EKPC,EKPC,1878.439,True
6/25/2023 9:00:00 PM,6/25/2023 5:00:00 PM,SERC,WEST,EKPC,EKPC,1859.714,True
6/25/2023 10:00:00 PM,6/25/2023 6:00:00 PM,SERC,WEST,EKPC,EKPC,1908.075,True
6/25/2023 11:00:00 PM,6/25/2023 7:00:00 PM,SERC,WEST,EKPC,EKPC,1864.236,True
6/26/2023 12:00:00 AM,6/25/2023 8:00:00 PM,SERC,WEST,EKPC,EKPC,1725.734,True
6/26/2023 1:00:00 AM,6/25/2023 9:00:00 PM,SERC,WEST,EKPC,EKPC,1638.775,True
6/26/2023 2:00:00 AM,6/25/2023 10:00:00 PM,SERC,WEST,EKPC,EKPC,1472.657,True
6/26/2023 3:00:00 AM,6/25/2023 11:00:00 PM,SERC,WEST,EKPC,EKPC,1311.605,True
6/26/2023 4:00:00 AM,6/26/2023 12:00:00 AM,SERC,WEST,EKPC,EKPC,1166.908,True
6/26/2023 5:00:00 AM,6/26/2023 1:00:00 AM,SERC,WEST,EKPC,EKPC,1060.304,True
6/26/2023 6:00:00 AM,6/26/2023 2:00:00 AM,SERC,WEST,EKPC,EKPC,1035.631,True
6/26/2023 7:00:00 AM,6/26/2023 3:00:00 AM,SERC,WEST,EKPC,EKPC,966.822,True
6/26/2023 8:00:00 AM,6/26/2023 4:00:00 AM,SERC,WEST,EKPC,EKPC,968.600,True
6/26/2023 9:00:00 AM,6/26/2023 5:00:00 AM,SERC,WEST,EKPC,EKPC,1002.438,True
6/26/2023 10:00:00 AM,6/26/2023 6:00:00 AM,SERC,WEST,EKPC,EKPC,1172.814,True
6/26/2023 11:00:00 AM,6/26/2023 7:00:00 AM,SERC,WEST,EKPC,EKPC,1232.262,True
6/26/2023 12:00:00 PM,6/26/2023 8:00:00 AM,SERC,WEST,EKPC,EKPC,1341.962,True
6/26/2023 1:00:00 PM,6/26/2023 9:00:00 AM,SERC,WEST,EKPC,EKPC,1379.375,True
6/26/2023 2:00:00 PM,6/26/2023 10:00:00 AM,SERC,WEST,EKPC,EKPC,1532.759,True
6/26/2023 3:00:00 PM,6/26/2023 11:00:00 AM,SERC,WEST,EKPC,EKPC,1588.941,True
6/26/2023 4:00:00 PM,6/26/2023 12:00:00 PM,SERC,WEST,EKPC,EKPC,1698.694,True
6/26/2023 5:00:00 PM,6/26/2023 1:00:00 PM,SERC,WEST,EKPC,EKPC,1757.865,True
6/26/2023 6:00:00 PM,6/26/2023 2:00:00 PM,SERC,WEST,EKPC,EKPC,1818.745,True
6/26/2023 7:00:00 PM,6/26/2023 3:00:00 PM,SERC,WEST,EKPC,EKPC,1804.908,True
6/26/2023 8:00:00 PM,6/26/2023 4:00:00 PM,SERC,WEST,EKPC,EKPC,1759.363,True
6/26/2023 9:00:00 PM,6/26/2023 5:00:00 PM,SERC,WEST,EKPC,EKPC,1833.139,True
6/26/2023 10:00:00 PM,6/26/2023 6:00:00 PM,SERC,WEST,EKPC,EKPC,1916.403,True
6/26/2023 11:00:00 PM,6/26/2023 7:00:00 PM,SERC,WEST,EKPC,EKPC,1864.787,True
6/27/2023 12:00:00 AM,6/26/2023 8:00:00 PM,SERC,WEST,EKPC,EKPC,1765.232,True
6/27/2023 1:00:00 AM,6/26/2023 9:00:00 PM,SERC,WEST,EKPC,EKPC,1689.226,True
6/27/2023 2:00:00 AM,6/26/2023 10:00:00 PM,SERC,WEST,EKPC,EKPC,1558.093,True
6/27/2023 3:00:00 AM,6/26/2023 11:00:00 PM,SERC,WEST,EKPC,EKPC,1421.351,True
6/27/2023 4:00:00 AM,6/27/2023 12:00:00 AM,SERC,WEST,EKPC,EKPC,1310.765,True
6/27/2023 5:00:00 AM,6/27/2023 1:00:00 AM,SERC,WEST,EKPC,EKPC,1176.815,True
6/27/2023 6:00:00 AM,6/27/2023 2:00:00 AM,SERC,WEST,EKPC,EKPC,999.644,True
6/27/2023 7:00:00 AM,6/27/2023 3:00:00 AM,SERC,WEST,EKPC,EKPC,1045.823,True
6/27/2023 8:00:00 AM,6/27/2023 4:00:00 AM,SERC,WEST,EKPC,EKPC,1075.598,True
6/27/2023 9:00:00 AM,6/27/2023 5:00:00 AM,SERC,WEST,EKPC,EKPC,1103.041,True
6/27/2023 10:00:00 AM,6/27/2023 6:00:00 AM,SERC,WEST,EKPC,EKPC,1171.289,True
6/27/2023 11:00:00 AM,6/27/2023 7:00:00 AM,SERC,WEST,EKPC,EKPC,1230.885,True
6/27/2023 12:00:00 PM,6/27/2023 8:00:00 AM,SERC,WEST,EKPC,EKPC,1307.476,True
6/27/2023 1:00:00 PM,6/27/2023 9:00:00 AM,SERC,WEST,EKPC,EKPC,1360.181,True
6/27/2023 2:00:00 PM,6/27/2023 10:00:00 AM,SERC,WEST,EKPC,EKPC,1405.457,True
6/27/2023 3:00:00 PM,6/27/2023 11:00:00 AM,SERC,WEST,EKPC,EKPC,1513.896,True
6/27/2023 4:00:00 PM,6/27/2023 12:00:00 PM,SERC,WEST,EKPC,EKPC,1604.394,True
6/27/2023 5:00:00 PM,6/27/2023 1:00:00 PM,SERC,WEST,EKPC,EKPC,1676.758,True
6/27/2023 6:00:00 PM,6/27/2023 2:00:00 PM,SERC,WEST,EKPC,EKPC,1725.276,True
6/27/2023 7:00:00 PM,6/27/2023 3:00:00 PM,SERC,WEST,EKPC,EKPC,1778.328,True
6/27/2023 8:00:00 PM,6/27/2023 4:00:00 PM,SERC,WEST,EKPC,EKPC,1796.710,True
6/27/2023 9:00:00 PM,6/27/2023 5:00:00 PM,SERC,WEST,EKPC,EKPC,1853.730,True
6/27/2023 10:00:00 PM,6/27/2023 6:00:00 PM,SERC,WEST,EKPC,EKPC,1834.899,True
6/27/2023 11:00:00 PM,6/27/2023 7:00:00 PM,SERC,WEST,EKPC,EKPC,1804.997,True
6/28/2023 12:00:00 AM,6/27/2023 8:00:00 PM,SERC,WEST,EKPC,EKPC,1746.149,True
6/28/2023 1:00:00 AM,6/27/2023 9:00:00 PM,SERC,WEST,EKPC,EKPC,1668.080,True
6/28/2023 2:00:00 AM,6/27/2023 10:00:00 PM,SERC,WEST,EKPC,EKPC,1559.046,True
6/28/2023 3:00:00 AM,6/27/2023 11:00:00 PM,SERC,WEST,EKPC,EKPC,1417.609,True
6/28/2023 4:00:00 AM,6/28/2023 12:00:00 AM,SERC,WEST,EKPC,EKPC,1270.547,True
6/28/2023 5:00:00 AM,6/28/2023 1:00:00 AM,SERC,WEST,EKPC,EKPC,1180.153,True
6/28/2023 6:00:00 AM,6/28/2023 2:00:00 AM,SERC,WEST,EKPC,EKPC,1173.516,True
6/28/2023 7:00:00 AM,6/28/2023 3:00:00 AM,SERC,WEST,EKPC,EKPC,1143.633,True
6/28/2023 8:00:00 AM,6/28/2023 4:00:00 AM,SERC,WEST,EKPC,EKPC,1094.920,True
6/28/2023 9:00:00 AM,6/28/2023 5:00:00 AM,SERC,WEST,EKPC,EKPC,1116.609,True
6/28/2023 10:00:00 AM,6/28/2023 6:00:00 AM,SERC,WEST,EKPC,EKPC,1194.437,True
6/28/2023 11:00:00 AM,6/28/2023 7:00:00 AM,SERC,WEST,EKPC,EKPC,1219.344,True
6/28/2023 12:00:00 PM,6/28/2023 8:00:00 AM,SERC,WEST,EKPC,EKPC,1289.204,True
6/28/2023 1:00:00 PM,6/28/2023 9:00:00 AM,SERC,WEST,EKPC,EKPC,1360.569,True
6/28/2023 2:00:00 PM,6/28/2023 10:00:00 AM,SERC,WEST,EKPC,EKPC,1416.784,True
6/28/2023 3:00:00 PM,6/28/2023 11:00:00 AM,SERC,WEST,EKPC,EKPC,1430.185,True
6/28/2023 4:00:00 PM,6/28/2023 12:00:00 PM,SERC,WEST,EKPC,EKPC,1593.630,True
6/28/2023 5:00:00 PM,6/28/2023 1:00:00 PM,SERC,WEST,EKPC,EKPC,1643.391,True
6/28/2023 6:00:00 PM,6/28/2023 2:00:00 PM,SERC,WEST,EKPC,EKPC,1764.335,True
6/28/2023 7:00:00 PM,6/28/2023 3:00:00 PM,SERC,WEST,EKPC,EKPC,1863.675,True
6/28/2023 8:00:00 PM,6/28/2023 4:00:00 PM,SERC,WEST,EKPC,EKPC,1862.071,True
6/28/2023 9:00:00 PM,6/28/2023 5:00:00 PM,SERC,WEST,EKPC,EKPC,1928.681,True
6/28/2023 10:00:00 PM,6/28/2023 6:00:00 PM,SERC,WEST,EKPC,EKPC,1913.315,True
6/28/2023 11:00:00 PM,6/28/2023 7:00:00 PM,SERC,WEST,EKPC,EKPC,1927.376,True
6/29/2023 12:00:00 AM,6/28/2023 8:00:00 PM,SERC,WEST,EKPC,EKPC,1847.348,True
6/29/2023 1:00:00 AM,6/28/2023 9:00:00 PM,SERC,WEST,EKPC,EKPC,1778.799,True
6/29/2023 2:00:00 AM,6/28/2023 10:00:00 PM,SERC,WEST,EKPC,EKPC,1671.641,True
6/29/2023 3:00:00 AM,6/28/2023 11:00:00 PM,SERC,WEST,EKPC,EKPC,1486.574,True
6/29/2023 4:00:00 AM,6/29/2023 12:00:00 AM,SERC,WEST,EKPC,EKPC,1380.419,True
6/29/2023 5:00:00 AM,6/29/2023 1:00:00 AM,SERC,WEST,EKPC,EKPC,1290.340,True
6/29/2023 6:00:00 AM,6/29/2023 2:00:00 AM,SERC,WEST,EKPC,EKPC,1203.362,True
6/29/2023 7:00:00 AM,6/29/2023 3:00:00 AM,SERC,WEST,EKPC,EKPC,1147.044,True
6/29/2023 8:00:00 AM,6/29/2023 4:00:00 AM,SERC,WEST,EKPC,EKPC,1070.332,True
6/29/2023 9:00:00 AM,6/29/2023 5:00:00 AM,SERC,WEST,EKPC,EKPC,1096.819,True
6/29/2023 10:00:00 AM,6/29/2023 6:00:00 AM,SERC,WEST,EKPC,EKPC,1162.342,True
6/29/2023 11:00:00 AM,6/29/2023 7:00:00 AM,SERC,WEST,EKPC,EKPC,1228.497,True
6/29/2023 12:00:00 PM,6/29/2023 8:00:00 AM,SERC,WEST,EKPC,EKPC,1262.817,True
6/29/2023 1:00:00 PM,6/29/2023 9:00:00 AM,SERC,WEST,EKPC,EKPC,1270.363,True
6/29/2023 2:00:00 PM,6/29/2023 10:00:00 AM,SERC,WEST,EKPC,EKPC,1315.785,True
6/29/2023 3:00:00 PM,6/29/2023 11:00:00 AM,SERC,WEST,EKPC,EKPC,1366.780,True
6/29/2023 4:00:00 PM,6/29/2023 12:00:00 PM,SERC,WEST,EKPC,EKPC,1402.538,True
6/29/2023 5:00:00 PM,6/29/2023 1:00:00 PM,SERC,WEST,EKPC,EKPC,1429.589,True
6/29/2023 6:00:00 PM,6/29/2023 2:00:00 PM,SERC,WEST,EKPC,EKPC,1488.932,True
6/29/2023 7:00:00 PM,6/29/2023 3:00:00 PM,SERC,WEST,EKPC,EKPC,1601.684,True
6/29/2023 8:00:00 PM,6/29/2023 4:00:00 PM,SERC,WEST,EKPC,EKPC,1707.473,True
6/29/2023 9:00:00 PM,6/29/2023 5:00:00 PM,SERC,WEST,EKPC,EKPC,1753.071,True
6/29/2023 10:00:00 PM,6/29/2023 6:00:00 PM,SERC,WEST,EKPC,EKPC,1692.678,True
6/29/2023 11:00:00 PM,6/29/2023 7:00:00 PM,SERC,WEST,EKPC,EKPC,1602.140,True
6/30/2023 12:00:00 AM,6/29/2023 8:00:00 PM,SERC,WEST,EKPC,EKPC,1529.918,True
6/30/2023 1:00:00 AM,6/29/2023 9:00:00 PM,SERC,WEST,EKPC,EKPC,1584.702,True
6/30/2023 2:00:00 AM,6/29/2023 10:00:00 PM,SERC,WEST,EKPC,EKPC,1497.964,True
6/30/2023 3:00:00 AM,6/29/2023 11:00:00 PM,SERC,WEST,EKPC,EKPC,1376.497,True
6/30/2023 4:00:00 AM,6/30/2023 12:00:00 AM,SERC,WEST,EKPC,EKPC,1275.037,True
6/30/2023 5:00:00 AM,6/30/2023 1:00:00 AM,SERC,WEST,EKPC,EKPC,1218.512,True
6/30/2023 6:00:00 AM,6/30/2023 2:00:00 AM,SERC,WEST,EKPC,EKPC,1207.355,True
6/30/2023 7:00:00 AM,6/30/2023 3:00:00 AM,SERC,WEST,EKPC,EKPC,1161.283,True
6/30/2023 8:00:00 AM,6/30/2023 4:00:00 AM,SERC,WEST,EKPC,EKPC,1193.630,True
6/30/2023 9:00:00 AM,6/30/2023 5:00:00 AM,SERC,WEST,EKPC,EKPC,1216.045,True
6/30/2023 10:00:00 AM,6/30/2023 6:00:00 AM,SERC,WEST,EKPC,EKPC,1244.275,True
6/30/2023 11:00:00 AM,6/30/2023 7:00:00 AM,SERC,WEST,EKPC,EKPC,1245.556,True
6/30/2023 12:00:00 PM,6/30/2023 8:00:00 AM,SERC,WEST,EKPC,EKPC,1215.164,True
6/30/2023 1:00:00 PM,6/30/2023 9:00:00 AM,SERC,WEST,EKPC,EKPC,1279.520,True
6/30/2023 2:00:00 PM,6/30/2023 10:00:00 AM,SERC,WEST,EKPC,EKPC,1372.627,True
6/30/2023 3:00:00 PM,6/30/2023 11:00:00 AM,SERC,WEST,EKPC,EKPC,1634.836,True
6/30/2023 4:00:00 PM,6/30/2023 12:00:00 PM,SERC,WEST,EKPC,EKPC,1719.970,True
6/30/2023 5:00:00 PM,6/30/2023 1:00:00 PM,SERC,WEST,EKPC,EKPC,1812.633,True
6/30/2023 6:00:00 PM,6/30/2023 2:00:00 PM,SERC,WEST,EKPC,EKPC,1907.038,True
6/30/2023 7:00:00 PM,6/30/2023 3:00:00 PM,SERC,WEST,EKPC,EKPC,1975.335,True
6/30/2023 8:00:00 PM,6/30/2023 4:00:00 PM,SERC,WEST,EKPC,EKPC,1991.396,True
6/30/2023 9:00:00 PM,6/30/2023 5:00:00 PM,SERC,WEST,EKPC,EKPC,2069.178,True
6/30/2023 10:00:00 PM,6/30/2023 6:00:00 PM,SERC,WEST,EKPC,EKPC,2077.388,True
6/30/2023 11:00:00 PM,6/30/2023 7:00:00 PM,SERC,WEST,EKPC,EKPC,2007.199,True
7/1/2023 12:00:00 AM,6/30/2023 8:00:00 PM,SERC,WEST,EKPC,EKPC,1939.590,True
7/1/2023 1:00:00 AM,6/30/2023 9:00:00 PM,SERC,WEST,EKPC,EKPC,1881.236,True
7/1/2023 2:00:00 AM,6/30/2023 10:00:00 PM,SERC,WEST,EKPC,EKPC,1746.353,True
7/1/2023 3:00:00 AM,6/30/2023 11:00:00 PM,SERC,WEST,EKPC,EKPC,1636.915,True
7/1/2023 4:00:00 AM,7/1/2023 12:00:00 AM,SERC,WEST,EKPC,EKPC,1473.173,True
7/1/2023 5:00:00 AM,7/1/2023 1:00:00 AM,SERC,WEST,EKPC,EKPC,1367.428,True
7/1/2023 6:00:00 AM,7/1/2023 2:00:00 AM,SERC,WEST,EKPC,EKPC,1354.021,True
7/1/2023 7:00:00 AM,7/1/2023 3:00:00 AM,SERC,WEST,EKPC,EKPC,1237.337,True
7/1/2023 8:00:00 AM,7/1/2023 4:00:00 AM,SERC,WEST,EKPC,EKPC,1195.788,True
7/1/2023 9:00:00 AM,7/1/2023 5:00:00 AM,SERC,WEST,EKPC,EKPC,1196.956,True
7/1/2023 10:00:00 AM,7/1/2023 6:00:00 AM,SERC,WEST,EKPC,EKPC,1209.028,True
7/1/2023 11:00:00 AM,7/1/2023 7:00:00 AM,SERC,WEST,EKPC,EKPC,1188.786,True
7/1/2023 12:00:00 PM,7/1/2023 8:00:00 AM,SERC,WEST,EKPC,EKPC,1184.130,True
7/1/2023 1:00:00 PM,7/1/2023 9:00:00 AM,SERC,WEST,EKPC,EKPC,1278.375,True
7/1/2023 2:00:00 PM,7/1/2023 10:00:00 AM,SERC,WEST,EKPC,EKPC,1462.858,True
7/1/2023 3:00:00 PM,7/1/2023 11:00:00 AM,SERC,WEST,EKPC,EKPC,1544.859,True
7/1/2023 4:00:00 PM,7/1/2023 12:00:00 PM,SERC,WEST,EKPC,EKPC,1674.351,True
7/1/2023 5:00:00 PM,7/1/2023 1:00:00 PM,SERC,WEST,EKPC,EKPC,1647.590,True
7/1/2023 6:00:00 PM,7/1/2023 2:00:00 PM,SERC,WEST,EKPC,EKPC,1648.766,True
7/1/2023 7:00:00 PM,7/1/2023 3:00:00 PM,SERC,WEST,EKPC,EKPC,1765.446,True
7/1/2023 8:00:00 PM,7/1/2023 4:00:00 PM,SERC,WEST,EKPC,EKPC,1879.606,True
7/1/2023 9:00:00 PM,7/1/2023 5:00:00 PM,SERC,WEST,EKPC,EKPC,1915.751,True
7/1/2023 10:00:00 PM,7/1/2023 6:00:00 PM,SERC,WEST,EKPC,EKPC,1879.799,True
7/1/2023 11:00:00 PM,7/1/2023 7:00:00 PM,SERC,WEST,EKPC,EKPC,1818.010,True
7/2/2023 12:00:00 AM,7/1/2023 8:00:00 PM,SERC,WEST,EKPC,EKPC,1775.691,True
7/2/2023 1:00:00 AM,7/1/2023 9:00:00 PM,SERC,WEST,EKPC,EKPC,1696.975,True
7/2/2023 2:00:00 AM,7/1/2023 10:00:00 PM,SERC,WEST,EKPC,EKPC,1503.432,True
7/2/2023 3:00:00 AM,7/1/2023 11:00:00 PM,SERC,WEST,EKPC,EKPC,1548.961,True
7/2/2023 4:00:00 AM,7/2/2023 12:00:00 AM,SERC,WEST,EKPC,EKPC,1406.988,True
7/2/2023 5:00:00 AM,7/2/2023 1:00:00 AM,SERC,WEST,EKPC,EKPC,1281.263,True
7/2/2023 6:00:00 AM,7/2/2023 2:00:00 AM,SERC,WEST,EKPC,EKPC,1201.160,True
7/2/2023 7:00:00 AM,7/2/2023 3:00:00 AM,SERC,WEST,EKPC,EKPC,1194.397,True
7/2/2023 8:00:00 AM,7/2/2023 4:00:00 AM,SERC,WEST,EKPC,EKPC,1185.795,True
7/2/2023 9:00:00 AM,7/2/2023 5:00:00 AM,SERC,WEST,EKPC,EKPC,1041.189,True
7/2/2023 10:00:00 AM,7/2/2023 6:00:00 AM,SERC,WEST,EKPC,EKPC,1020.761,True
7/2/2023 11:00:00 AM,7/2/2023 7:00:00 AM,SERC,WEST,EKPC,EKPC,1123.551,True
7/2/2023 12:00:00 PM,7/2/2023 8:00:00 AM,SERC,WEST,EKPC,EKPC,1239.096,True
7/2/2023 1:00:00 PM,7/2/2023 9:00:00 AM,SERC,WEST,EKPC,EKPC,1310.438,True
7/2/2023 2:00:00 PM,7/2/2023 10:00:00 AM,SERC,WEST,EKPC,EKPC,1550.543,True
7/2/2023 3:00:00 PM,7/2/2023 11:00:00 AM,SERC,WEST,EKPC,EKPC,1570.899,True
7/2/2023 4:00:00 PM,7/2/2023 12:00:00 PM,SERC,WEST,EKPC,EKPC,1685.985,True
7/2/2023 5:00:00 PM,7/2/2023 1:00:00 PM,SERC,WEST,EKPC,EKPC,1824.871,True
7/2/2023 6:00:00 PM,7/2/2023 2:00:00 PM,SERC,WEST,EKPC,EKPC,1879.306,True
7/2/2023 7:00:00 PM,7/2/2023 3:00:00 PM,SERC,WEST,EKPC,EKPC,1962.788,True
7/2/2023 8:00:00 PM,7/2/2023 4:00:00 PM,SERC,WEST,EKPC,EKPC,1974.835,True
7/2/2023 9:00:00 PM,7/2/2023 5:00:00 PM,SERC,WEST,EKPC,EKPC,1916.557,True
7/2/2023 10:00:00 PM,7/2/2023 6:00:00 PM,SERC,WEST,EKPC,EKPC,1862.190,True
7/2/2023 11:00:00 PM,7/2/2023 7:00:00 PM,SERC,WEST,EKPC,EKPC,1821.375,True
7/3/2023 12:00:00 AM,7/2/2023 8:00:00 PM,SERC,WEST,EKPC,EKPC,1721.675,True
7/3/2023 1:00:00 AM,7/2/2023 9:00:00 PM,SERC,WEST,EKPC,EKPC,1631.623,True
7/3/2023 2:00:00 AM,7/2/2023 10:00:00 PM,SERC,WEST,EKPC,EKPC,1560.897,True
7/3/2023 3:00:00 AM,7/2/2023 11:00:00 PM,SERC,WEST,EKPC,EKPC,1424.942,True
7/3/2023 4:00:00 AM,7/3/2023 12:00:00 AM,SERC,WEST,EKPC,EKPC,1289.656,True
7/3/2023 5:00:00 AM,7/3/2023 1:00:00 AM,SERC,WEST,EKPC,EKPC,1196.563,True
7/3/2023 6:00:00 AM,7/3/2023 2:00:00 AM,SERC,WEST,EKPC,EKPC,1177.800,True
7/3/2023 7:00:00 AM,7/3/2023 3:00:00 AM,SERC,WEST,EKPC,EKPC,1179.827,True
7/3/2023 8:00:00 AM,7/3/2023 4:00:00 AM,SERC,WEST,EKPC,EKPC,1149.706,True
7/3/2023 9:00:00 AM,7/3/2023 5:00:00 AM,SERC,WEST,EKPC,EKPC,1037.438,True
7/3/2023 10:00:00 AM,7/3/2023 6:00:00 AM,SERC,WEST,EKPC,EKPC,1122.363,True
7/3/2023 11:00:00 AM,7/3/2023 7:00:00 AM,SERC,WEST,EKPC,EKPC,1131.582,True
7/3/2023 12:00:00 PM,7/3/2023 8:00:00 AM,SERC,WEST,EKPC,EKPC,1239.954,True
7/3/2023 1:00:00 PM,7/3/2023 9:00:00 AM,SERC,WEST,EKPC,EKPC,1326.830,True
7/3/2023 2:00:00 PM,7/3/2023 10:00:00 AM,SERC,WEST,EKPC,EKPC,1444.169,True
7/3/2023 3:00:00 PM,7/3/2023 11:00:00 AM,SERC,WEST,EKPC,EKPC,1561.770,True
7/3/2023 4:00:00 PM,7/3/2023 12:00:00 PM,SERC,WEST,EKPC,EKPC,1710.324,True
7/3/2023 5:00:00 PM,7/3/2023 1:00:00 PM,SERC,WEST,EKPC,EKPC,1833.655,True
7/3/2023 6:00:00 PM,7/3/2023 2:00:00 PM,SERC,WEST,EKPC,EKPC,1830.206,True
7/3/2023 7:00:00 PM,7/3/2023 3:00:00 PM,SERC,WEST,EKPC,EKPC,1815.585,True
7/3/2023 8:00:00 PM,7/3/2023 4:00:00 PM,SERC,WEST,EKPC,EKPC,1909.413,True
7/3/2023 9:00:00 PM,7/3/2023 5:00:00 PM,SERC,WEST,EKPC,EKPC,1939.872,True
7/3/2023 10:00:00 PM,7/3/2023 6:00:00 PM,SERC,WEST,EKPC,EKPC,1952.998,True
7/3/2023 11:00:00 PM,7/3/2023 7:00:00 PM,SERC,WEST,EKPC,EKPC,1860.835,True
7/4/2023 12:00:00 AM,7/3/2023 8:00:00 PM,SERC,WEST,EKPC,EKPC,1768.759,True
7/4/2023 1:00:00 AM,7/3/2023 9:00:00 PM,SERC,WEST,EKPC,EKPC,1712.511,True
7/4/2023 2:00:00 AM,7/3/2023 10:00:00 PM,SERC,WEST,EKPC,EKPC,1676.518,True
7/4/2023 3:00:00 AM,7/3/2023 11:00:00 PM,SERC,WEST,EKPC,EKPC,1596.162,True
7/4/2023 4:00:00 AM,7/4/2023 12:00:00 AM,SERC,WEST,EKPC,EKPC,1468.566,True
7/4/2023 5:00:00 AM,7/4/2023 1:00:00 AM,SERC,WEST,EKPC,EKPC,1370.685,True
7/4/2023 6:00:00 AM,7/4/2023 2:00:00 AM,SERC,WEST,EKPC,EKPC,1268.919,True
7/4/2023 7:00:00 AM,7/4/2023 3:00:00 AM,SERC,WEST,EKPC,EKPC,1247.674,True
7/4/2023 8:00:00 AM,7/4/2023 4:00:00 AM,SERC,WEST,EKPC,EKPC,1183.279,True
7/4/2023 9:00:00 AM,7/4/2023 5:00:00 AM,SERC,WEST,EKPC,EKPC,1190.022,True
7/4/2023 10:00:00 AM,7/4/2023 6:00:00 AM,SERC,WEST,EKPC,EKPC,1198.991,True
7/4/2023 11:00:00 AM,7/4/2023 7:00:00 AM,SERC,WEST,EKPC,EKPC,1177.046,True
7/4/2023 12:00:00 PM,7/4/2023 8:00:00 AM,SERC,WEST,EKPC,EKPC,1186.104,True
7/4/2023 1:00:00 PM,7/4/2023 9:00:00 AM,SERC,WEST,EKPC,EKPC,1349.004,True
7/4/2023 2:00:00 PM,7/4/2023 10:00:00 AM,SERC,WEST,EKPC,EKPC,1522.776,True
7/4/2023 3:00:00 PM,7/4/2023 11:00:00 AM,SERC,WEST,EKPC,EKPC,1691.902,True
7/4/2023 4:00:00 PM,7/4/2023 12:00:00 PM,SERC,WEST,EKPC,EKPC,1893.964,True
7/4/2023 5:00:00 PM,7/4/2023 1:00:00 PM,SERC,WEST,EKPC,EKPC,1975.107,True
7/4/2023 6:00:00 PM,7/4/2023 2:00:00 PM,SERC,WEST,EKPC,EKPC,2038.964,True
7/4/2023 7:00:00 PM,7/4/2023 3:00:00 PM,SERC,WEST,EKPC,EKPC,2062.781,True
7/4/2023 8:00:00 PM,7/4/2023 4:00:00 PM,SERC,WEST,EKPC,EKPC,2169.364,True
7/4/2023 9:00:00 PM,7/4/2023 5:00:00 PM,SERC,WEST,EKPC,EKPC,2185.869,True
7/4/2023 10:00:00 PM,7/4/2023 6:00:00 PM,SERC,WEST,EKPC,EKPC,2145.722,True
7/4/2023 11:00:00 PM,7/4/2023 7:00:00 PM,SERC,WEST,EKPC,EKPC,1935.624,True
7/5/2023 12:00:00 AM,7/4/2023 8:00:00 PM,SERC,WEST,EKPC,EKPC,1827.060,True
7/5/2023 1:00:00 AM,7/4/2023 9:00:00 PM,SERC,WEST,EKPC,EKPC,1699.201,True
7/5/2023 2:00:00 AM,7/4/2023 10:00:00 PM,SERC,WEST,EKPC,EKPC,1608.929,True
7/5/2023 3:00:00 AM,7/4/2023 11:00:00 PM,SERC,WEST,EKPC,EKPC,1462.694,True
7/5/2023 4:00:00 AM,7/5/2023 12:00:00 AM,SERC,WEST,EKPC,EKPC,1338.008,True
7/5/2023 5:00:00 AM,7/5/2023 1:00:00 AM,SERC,WEST,EKPC,EKPC,1360.643,True
7/5/2023 6:00:00 AM,7/5/2023 2:00:00 AM,SERC,WEST,EKPC,EKPC,1312.899,True
7/5/2023 7:00:00 AM,7/5/2023 3:00:00 AM,SERC,WEST,EKPC,EKPC,1277.035,True
7/5/2023 8:00:00 AM,7/5/2023 4:00:00 AM,SERC,WEST,EKPC,EKPC,1236.109,True
7/5/2023 9:00:00 AM,7/5/2023 5:00:00 AM,SERC,WEST,EKPC,EKPC,1264.013,True
7/5/2023 10:00:00 AM,7/5/2023 6:00:00 AM,SERC,WEST,EKPC,EKPC,1289.610,True
7/5/2023 11:00:00 AM,7/5/2023 7:00:00 AM,SERC,WEST,EKPC,EKPC,1396.648,True
7/5/2023 12:00:00 PM,7/5/2023 8:00:00 AM,SERC,WEST,EKPC,EKPC,1492.355,True
7/5/2023 1:00:00 PM,7/5/2023 9:00:00 AM,SERC,WEST,EKPC,EKPC,1665.982,True
7/5/2023 2:00:00 PM,7/5/2023 10:00:00 AM,SERC,WEST,EKPC,EKPC,1818.115,True
7/5/2023 3:00:00 PM,7/5/2023 11:00:00 AM,SERC,WEST,EKPC,EKPC,1847.811,True
7/5/2023 4:00:00 PM,7/5/2023 12:00:00 PM,SERC,WEST,EKPC,EKPC,1907.764,True
7/5/2023 5:00:00 PM,7/5/2023 1:00:00 PM,SERC,WEST,EKPC,EKPC,1991.381,True
7/5/2023 6:00:00 PM,7/5/2023 2:00:00 PM,SERC,WEST,EKPC,EKPC,2071.445,True
7/5/2023 7:00:00 PM,7/5/2023 3:00:00 PM,SERC,WEST,EKPC,EKPC,2120.764,True
7/5/2023 8:00:00 PM,7/5/2023 4:00:00 PM,SERC,WEST,EKPC,EKPC,2221.506,True
7/5/2023 9:00:00 PM,7/5/2023 5:00:00 PM,SERC,WEST,EKPC,EKPC,2299.297,True
7/5/2023 10:00:00 PM,7/5/2023 6:00:00 PM,SERC,WEST,EKPC,EKPC,2330.681,True
7/5/2023 11:00:00 PM,7/5/2023 7:00:00 PM,SERC,WEST,EKPC,EKPC,2300.903,True
7/6/2023 12:00:00 AM,7/5/2023 8:00:00 PM,SERC,WEST,EKPC,EKPC,2203.368,True
7/6/2023 1:00:00 AM,7/5/2023 9:00:00 PM,SERC,WEST,EKPC,EKPC,2024.024,True
7/6/2023 2:00:00 AM,7/5/2023 10:00:00 PM,SERC,WEST,EKPC,EKPC,1903.002,True
7/6/2023 3:00:00 AM,7/5/2023 11:00:00 PM,SERC,WEST,EKPC,EKPC,1728.070,True
7/6/2023 4:00:00 AM,7/6/2023 12:00:00 AM,SERC,WEST,EKPC,EKPC,1524.661,True
7/6/2023 5:00:00 AM,7/6/2023 1:00:00 AM,SERC,WEST,EKPC,EKPC,1450.106,True
7/6/2023 6:00:00 AM,7/6/2023 2:00:00 AM,SERC,WEST,EKPC,EKPC,1236.153,True
7/6/2023 7:00:00 AM,7/6/2023 3:00:00 AM,SERC,WEST,EKPC,EKPC,1190.685,True
7/6/2023 8:00:00 AM,7/6/2023 4:00:00 AM,SERC,WEST,EKPC,EKPC,1295.928,True
7/6/2023 9:00:00 AM,7/6/2023 5:00:00 AM,SERC,WEST,EKPC,EKPC,1310.170,True
7/6/2023 10:00:00 AM,7/6/2023 6:00:00 AM,SERC,WEST,EKPC,EKPC,1348.874,True
7/6/2023 11:00:00 AM,7/6/2023 7:00:00 AM,SERC,WEST,EKPC,EKPC,1474.700,True
7/6/2023 12:00:00 PM,7/6/2023 8:00:00 AM,SERC,WEST,EKPC,EKPC,1480.260,True
7/6/2023 1:00:00 PM,7/6/2023 9:00:00 AM,SERC,WEST,EKPC,EKPC,1628.827,True
7/6/2023 2:00:00 PM,7/6/2023 10:00:00 AM,SERC,WEST,EKPC,EKPC,1647.092,True
7/6/2023 3:00:00 PM,7/6/2023 11:00:00 AM,SERC,WEST,EKPC,EKPC,1764.572,True
7/6/2023 4:00:00 PM,7/6/2023 12:00:00 PM,SERC,WEST,EKPC,EKPC,1884.085,True
7/6/2023 5:00:00 PM,7/6/2023 1:00:00 PM,SERC,WEST,EKPC,EKPC,2064.068,True
7/6/2023 6:00:00 PM,7/6/2023 2:00:00 PM,SERC,WEST,EKPC,EKPC,2089.211,True
7/6/2023 7:00:00 PM,7/6/2023 3:00:00 PM,SERC,WEST,EKPC,EKPC,2135.419,True
7/6/2023 8:00:00 PM,7/6/2023 4:00:00 PM,SERC,WEST,EKPC,EKPC,2057.017,True
7/6/2023 9:00:00 PM,7/6/2023 5:00:00 PM,SERC,WEST,EKPC,EKPC,2089.987,True
7/6/2023 10:00:00 PM,7/6/2023 6:00:00 PM,SERC,WEST,EKPC,EKPC,2084.198,True
7/6/2023 11:00:00 PM,7/6/2023 7:00:00 PM,SERC,WEST,EKPC,EKPC,2025.904,True
7/7/2023 12:00:00 AM,7/6/2023 8:00:00 PM,SERC,WEST,EKPC,EKPC,1951.620,True
7/7/2023 1:00:00 AM,7/6/2023 9:00:00 PM,SERC,WEST,EKPC,EKPC,1879.210,True
7/7/2023 2:00:00 AM,7/6/2023 10:00:00 PM,SERC,WEST,EKPC,EKPC,1722.092,True
7/7/2023 3:00:00 AM,7/6/2023 11:00:00 PM,SERC,WEST,EKPC,EKPC,1578.294,True
7/7/2023 4:00:00 AM,7/7/2023 12:00:00 AM,SERC,WEST,EKPC,EKPC,1426.092,True
7/7/2023 5:00:00 AM,7/7/2023 1:00:00 AM,SERC,WEST,EKPC,EKPC,1413.801,True
7/7/2023 6:00:00 AM,7/7/2023 2:00:00 AM,SERC,WEST,EKPC,EKPC,1381.177,True
7/7/2023 7:00:00 AM,7/7/2023 3:00:00 AM,SERC,WEST,EKPC,EKPC,1328.868,True
7/7/2023 8:00:00 AM,7/7/2023 4:00:00 AM,SERC,WEST,EKPC,EKPC,1289.033,True
7/7/2023 9:00:00 AM,7/7/2023 5:00:00 AM,SERC,WEST,EKPC,EKPC,1226.187,True
7/7/2023 10:00:00 AM,7/7/2023 6:00:00 AM,SERC,WEST,EKPC,EKPC,1226.423,True
7/7/2023 11:00:00 AM,7/7/2023 7:00:00 AM,SERC,WEST,EKPC,EKPC,1272.381,True
7/7/2023 12:00:00 PM,7/7/2023 8:00:00 AM,SERC,WEST,EKPC,EKPC,1365.840,True
7/7/2023 1:00:00 PM,7/7/2023 9:00:00 AM,SERC,WEST,EKPC,EKPC,1477.647,True
7/7/2023 2:00:00 PM,7/7/2023 10:00:00 AM,SERC,WEST,EKPC,EKPC,1579.235,True
7/7/2023 3:00:00 PM,7/7/2023 11:00:00 AM,SERC,WEST,EKPC,EKPC,1726.272,True
7/7/2023 4:00:00 PM,7/7/2023 12:00:00 PM,SERC,WEST,EKPC,EKPC,1939.531,True
7/7/2023 5:00:00 PM,7/7/2023 1:00:00 PM,SERC,WEST,EKPC,EKPC,2036.964,True
7/7/2023 6:00:00 PM,7/7/2023 2:00:00 PM,SERC,WEST,EKPC,EKPC,2114.401,True
7/7/2023 7:00:00 PM,7/7/2023 3:00:00 PM,SERC,WEST,EKPC,EKPC,2197.958,True
7/7/2023 8:00:00 PM,7/7/2023 4:00:00 PM,SERC,WEST,EKPC,EKPC,2230.340,True
7/7/2023 9:00:00 PM,7/7/2023 5:00:00 PM,SERC,WEST,EKPC,EKPC,2244.855,True
7/7/2023 10:00:00 PM,7/7/2023 6:00:00 PM,SERC,WEST,EKPC,EKPC,2147.224,True
7/7/2023 11:00:00 PM,7/7/2023 7:00:00 PM,SERC,WEST,EKPC,EKPC,2026.525,True
7/8/2023 12:00:00 AM,7/7/2023 8:00:00 PM,SERC,WEST,EKPC,EKPC,1951.584,True
7/8/2023 1:00:00 AM,7/7/2023 9:00:00 PM,SERC,WEST,EKPC,EKPC,1875.279,True
7/8/2023 2:00:00 AM,7/7/2023 10:00:00 PM,SERC,WEST,EKPC,EKPC,1682.646,True
7/8/2023 3:00:00 AM,7/7/2023 11:00:00 PM,SERC,WEST,EKPC,EKPC,1499.339,True
7/8/2023 4:00:00 AM,7/8/2023 12:00:00 AM,SERC,WEST,EKPC,EKPC,1332.584,True
7/8/2023 5:00:00 AM,7/8/2023 1:00:00 AM,SERC,WEST,EKPC,EKPC,1259.751,True
7/8/2023 6:00:00 AM,7/8/2023 2:00:00 AM,SERC,WEST,EKPC,EKPC,1149.302,True
7/8/2023 7:00:00 AM,7/8/2023 3:00:00 AM,SERC,WEST,EKPC,EKPC,1160.137,True
7/8/2023 8:00:00 AM,7/8/2023 4:00:00 AM,SERC,WEST,EKPC,EKPC,1241.021,True
7/8/2023 9:00:00 AM,7/8/2023 5:00:00 AM,SERC,WEST,EKPC,EKPC,1236.755,True
7/8/2023 10:00:00 AM,7/8/2023 6:00:00 AM,SERC,WEST,EKPC,EKPC,1085.706,True
7/8/2023 11:00:00 AM,7/8/2023 7:00:00 AM,SERC,WEST,EKPC,EKPC,1247.031,True
7/8/2023 12:00:00 PM,7/8/2023 8:00:00 AM,SERC,WEST,EKPC,EKPC,1249.677,True
7/8/2023 1:00:00 PM,7/8/2023 9:00:00 AM,SERC,WEST,EKPC,EKPC,1421.342,True
7/8/2023 2:00:00 PM,7/8/2023 10:00:00 AM,SERC,WEST,EKPC,EKPC,1624.337,True
7/8/2023 3:00:00 PM,7/8/2023 11:00:00 AM,SERC,WEST,EKPC,EKPC,1768.330,True
7/8/2023 4:00:00 PM,7/8/2023 12:00:00 PM,SERC,WEST,EKPC,EKPC,1832.150,True
7/8/2023 5:00:00 PM,7/8/2023 1:00:00 PM,SERC,WEST,EKPC,EKPC,1810.646,True
7/8/2023 6:00:00 PM,7/8/2023 2:00:00 PM,SERC,WEST,EKPC,EKPC,1812.613,True
7/8/2023 7:00:00 PM,7/8/2023 3:00:00 PM,SERC,WEST,EKPC,EKPC,1772.749,True
7/8/2023 8:00:00 PM,7/8/2023 4:00:00 PM,SERC,WEST,EKPC,EKPC,1820.982,True
7/8/2023 9:00:00 PM,7/8/2023 5:00:00 PM,SERC,WEST,EKPC,EKPC,1924.426,True
7/8/2023 10:00:00 PM,7/8/2023 6:00:00 PM,SERC,WEST,EKPC,EKPC,1872.252,True
7/8/2023 11:00:00 PM,7/8/2023 7:00:00 PM,SERC,WEST,EKPC,EKPC,1834.765,True
7/9/2023 12:00:00 AM,7/8/2023 8:00:00 PM,SERC,WEST,EKPC,EKPC,1736.759,True
7/9/2023 1:00:00 AM,7/8/2023 9:00:00 PM,SERC,WEST,EKPC,EKPC,1711.281,True
7/9/2023 2:00:00 AM,7/8/2023 10:00:00 PM,SERC,WEST,EKPC,EKPC,1586.583,True
7/9/2023 3:00:00 AM,7/8/2023 11:00:00 PM,SERC,WEST,EKPC,EKPC,1402.472,True
7/9/2023 4:00:00 AM,7/9/2023 12:00:00 AM,SERC,WEST,EKPC,EKPC,1350.325,True
7/9/2023 5:00:00 AM,7/9/2023 1:00:00 AM,SERC,WEST,EKPC,EKPC,1300.553,True
7/9/2023 6:00:00 AM,7/9/2023 2:00:00 AM,SERC,WEST,EKPC,EKPC,1222.876,True
7/9/2023 7:00:00 AM,7/9/2023 3:00:00 AM,SERC,WEST,EKPC,EKPC,1157.533,True
7/9/2023 8:00:00 AM,7/9/2023 4:00:00 AM,SERC,WEST,EKPC,EKPC,1221.554,True
7/9/2023 9:00:00 AM,7/9/2023 5:00:00 AM,SERC,WEST,EKPC,EKPC,1203.579,True
7/9/2023 10:00:00 AM,7/9/2023 6:00:00 AM,SERC,WEST,EKPC,EKPC,1198.241,True
7/9/2023 11:00:00 AM,7/9/2023 7:00:00 AM,SERC,WEST,EKPC,EKPC,1262.224,True
7/9/2023 12:00:00 PM,7/9/2023 8:00:00 AM,SERC,WEST,EKPC,EKPC,1340.055,True
7/9/2023 1:00:00 PM,7/9/2023 9:00:00 AM,SERC,WEST,EKPC,EKPC,1416.424,True
7/9/2023 2:00:00 PM,7/9/2023 10:00:00 AM,SERC,WEST,EKPC,EKPC,1514.409,True
7/9/2023 3:00:00 PM,7/9/2023 11:00:00 AM,SERC,WEST,EKPC,EKPC,1540.215,True
7/9/2023 4:00:00 PM,7/9/2023 12:00:00 PM,SERC,WEST,EKPC,EKPC,1639.731,True
7/9/2023 5:00:00 PM,7/9/2023 1:00:00 PM,SERC,WEST,EKPC,EKPC,1724.370,True
7/9/2023 6:00:00 PM,7/9/2023 2:00:00 PM,SERC,WEST,EKPC,EKPC,1830.757,True
7/9/2023 7:00:00 PM,7/9/2023 3:00:00 PM,SERC,WEST,EKPC,EKPC,1832.396,True
7/9/2023 8:00:00 PM,7/9/2023 4:00:00 PM,SERC,WEST,EKPC,EKPC,1810.743,True
7/9/2023 9:00:00 PM,7/9/2023 5:00:00 PM,SERC,WEST,EKPC,EKPC,1754.050,True
7/9/2023 10:00:00 PM,7/9/2023 6:00:00 PM,SERC,WEST,EKPC,EKPC,1729.256,True
7/9/2023 11:00:00 PM,7/9/2023 7:00:00 PM,SERC,WEST,EKPC,EKPC,1704.894,True
7/10/2023 12:00:00 AM,7/9/2023 8:00:00 PM,SERC,WEST,EKPC,EKPC,1680.184,True
7/10/2023 1:00:00 AM,7/9/2023 9:00:00 PM,SERC,WEST,EKPC,EKPC,1543.562,True
7/10/2023 2:00:00 AM,7/9/2023 10:00:00 PM,SERC,WEST,EKPC,EKPC,1402.658,True
7/10/2023 3:00:00 AM,7/9/2023 11:00:00 PM,SERC,WEST,EKPC,EKPC,1265.382,True
7/10/2023 4:00:00 AM,7/10/2023 12:00:00 AM,SERC,WEST,EKPC,EKPC,1170.630,True
7/10/2023 5:00:00 AM,7/10/2023 1:00:00 AM,SERC,WEST,EKPC,EKPC,1205.705,True
7/10/2023 6:00:00 AM,7/10/2023 2:00:00 AM,SERC,WEST,EKPC,EKPC,1027.928,True
7/10/2023 7:00:00 AM,7/10/2023 3:00:00 AM,SERC,WEST,EKPC,EKPC,981.412,True
7/10/2023 8:00:00 AM,7/10/2023 4:00:00 AM,SERC,WEST,EKPC,EKPC,994.173,True
7/10/2023 9:00:00 AM,7/10/2023 5:00:00 AM,SERC,WEST,EKPC,EKPC,1124.811,True
7/10/2023 10:00:00 AM,7/10/2023 6:00:00 AM,SERC,WEST,EKPC,EKPC,1238.882,True
7/10/2023 11:00:00 AM,7/10/2023 7:00:00 AM,SERC,WEST,EKPC,EKPC,1312.963,True
7/10/2023 12:00:00 PM,7/10/2023 8:00:00 AM,SERC,WEST,EKPC,EKPC,1360.808,True
7/10/2023 1:00:00 PM,7/10/2023 9:00:00 AM,SERC,WEST,EKPC,EKPC,1447.692,True
7/10/2023 2:00:00 PM,7/10/2023 10:00:00 AM,SERC,WEST,EKPC,EKPC,1459.219,True
7/10/2023 3:00:00 PM,7/10/2023 11:00:00 AM,SERC,WEST,EKPC,EKPC,1670.069,True
7/10/2023 4:00:00 PM,7/10/2023 12:00:00 PM,SERC,WEST,EKPC,EKPC,1740.633,True
7/10/2023 5:00:00 PM,7/10/2023 1:00:00 PM,SERC,WEST,EKPC,EKPC,1835.023,True
7/10/2023 6:00:00 PM,7/10/2023 2:00:00 PM,SERC,WEST,EKPC,EKPC,1874.314,True
7/10/2023 7:00:00 PM,7/10/2023 3:00:00 PM,SERC,WEST,EKPC,EKPC,1824.847,True
7/10/2023 8:00:00 PM,7/10/2023 4:00:00 PM,SERC,WEST,EKPC,EKPC,1954.896,True
7/10/2023 9:00:00 PM,7/10/2023 5:00:00 PM,SERC,WEST,EKPC,EKPC,2092.602,True
7/10/2023 10:00:00 PM,7/10/2023 6:00:00 PM,SERC,WEST,EKPC,EKPC,2089.261,True
7/10/2023 11:00:00 PM,7/10/2023 7:00:00 PM,SERC,WEST,EKPC,EKPC,2049.133,True
7/11/2023 12:00:00 AM,7/10/2023 8:00:00 PM,SERC,WEST,EKPC,EKPC,1921.697,True
7/11/2023 1:00:00 AM,7/10/2023 9:00:00 PM,SERC,WEST,EKPC,EKPC,1661.927,True
7/11/2023 2:00:00 AM,7/10/2023 10:00:00 PM,SERC,WEST,EKPC,EKPC,1530.458,True
7/11/2023 3:00:00 AM,7/10/2023 11:00:00 PM,SERC,WEST,EKPC,EKPC,1450.965,True
7/11/2023 4:00:00 AM,7/11/2023 12:00:00 AM,SERC,WEST,EKPC,EKPC,1382.923,True
7/11/2023 5:00:00 AM,7/11/2023 1:00:00 AM,SERC,WEST,EKPC,EKPC,1274.048,True
7/11/2023 6:00:00 AM,7/11/2023 2:00:00 AM,SERC,WEST,EKPC,EKPC,1153.406,True
7/11/2023 7:00:00 AM,7/11/2023 3:00:00 AM,SERC,WEST,EKPC,EKPC,1128.000,True
7/11/2023 8:00:00 AM,7/11/2023 4:00:00 AM,SERC,WEST,EKPC,EKPC,1132.805,True
7/11/2023 9:00:00 AM,7/11/2023 5:00:00 AM,SERC,WEST,EKPC,EKPC,1170.944,True
7/11/2023 10:00:00 AM,7/11/2023 6:00:00 AM,SERC,WEST,EKPC,EKPC,1266.807,True
7/11/2023 11:00:00 AM,7/11/2023 7:00:00 AM,SERC,WEST,EKPC,EKPC,1166.697,True
7/11/2023 12:00:00 PM,7/11/2023 8:00:00 AM,SERC,WEST,EKPC,EKPC,1216.175,True
7/11/2023 1:00:00 PM,7/11/2023 9:00:00 AM,SERC,WEST,EKPC,EKPC,1296.935,True
7/11/2023 2:00:00 PM,7/11/2023 10:00:00 AM,SERC,WEST,EKPC,EKPC,1444.254,True
7/11/2023 3:00:00 PM,7/11/2023 11:00:00 AM,SERC,WEST,EKPC,EKPC,1590.364,True
7/11/2023 4:00:00 PM,7/11/2023 12:00:00 PM,SERC,WEST,EKPC,EKPC,1696.249,True
7/11/2023 5:00:00 PM,7/11/2023 1:00:00 PM,SERC,WEST,EKPC,EKPC,1771.847,True
7/11/2023 6:00:00 PM,7/11/2023 2:00:00 PM,SERC,WEST,EKPC,EKPC,1850.264,True
7/11/2023 7:00:00 PM,7/11/2023 3:00:00 PM,SERC,WEST,EKPC,EKPC,1920.506,True
7/11/2023 8:00:00 PM,7/11/2023 4:00:00 PM,SERC,WEST,EKPC,EKPC,2022.271,True
7/11/2023 9:00:00 PM,7/11/2023 5:00:00 PM,SERC,WEST,EKPC,EKPC,2118.548,True
7/11/2023 10:00:00 PM,7/11/2023 6:00:00 PM,SERC,WEST,EKPC,EKPC,2187.134,True
7/11/2023 11:00:00 PM,7/11/2023 7:00:00 PM,SERC,WEST,EKPC,EKPC,2136.238,True
7/12/2023 12:00:00 AM,7/11/2023 8:00:00 PM,SERC,WEST,EKPC,EKPC,1866.866,True
7/12/2023 1:00:00 AM,7/11/2023 9:00:00 PM,SERC,WEST,EKPC,EKPC,1805.231,True
7/12/2023 2:00:00 AM,7/11/2023 10:00:00 PM,SERC,WEST,EKPC,EKPC,1743.660,True
7/12/2023 3:00:00 AM,7/11/2023 11:00:00 PM,SERC,WEST,EKPC,EKPC,1517.209,True
7/12/2023 4:00:00 AM,7/12/2023 12:00:00 AM,SERC,WEST,EKPC,EKPC,1377.379,True
7/12/2023 5:00:00 AM,7/12/2023 1:00:00 AM,SERC,WEST,EKPC,EKPC,1324.099,True
7/12/2023 6:00:00 AM,7/12/2023 2:00:00 AM,SERC,WEST,EKPC,EKPC,1207.844,True
7/12/2023 7:00:00 AM,7/12/2023 3:00:00 AM,SERC,WEST,EKPC,EKPC,1048.319,True
7/12/2023 8:00:00 AM,7/12/2023 4:00:00 AM,SERC,WEST,EKPC,EKPC,1078.312,True
7/12/2023 9:00:00 AM,7/12/2023 5:00:00 AM,SERC,WEST,EKPC,EKPC,1099.357,True
7/12/2023 10:00:00 AM,7/12/2023 6:00:00 AM,SERC,WEST,EKPC,EKPC,1111.725,True
7/12/2023 11:00:00 AM,7/12/2023 7:00:00 AM,SERC,WEST,EKPC,EKPC,1163.894,True
7/12/2023 12:00:00 PM,7/12/2023 8:00:00 AM,SERC,WEST,EKPC,EKPC,1241.107,True
7/12/2023 1:00:00 PM,7/12/2023 9:00:00 AM,SERC,WEST,EKPC,EKPC,1329.216,True
7/12/2023 2:00:00 PM,7/12/2023 10:00:00 AM,SERC,WEST,EKPC,EKPC,1469.715,True
7/12/2023 3:00:00 PM,7/12/2023 11:00:00 AM,SERC,WEST,EKPC,EKPC,1603.922,True
7/12/2023 4:00:00 PM,7/12/2023 12:00:00 PM,SERC,WEST,EKPC,EKPC,1710.521,True
7/12/2023 5:00:00 PM,7/12/2023 1:00:00 PM,SERC,WEST,EKPC,EKPC,1817.956,True
7/12/2023 6:00:00 PM,7/12/2023 2:00:00 PM,SERC,WEST,EKPC,EKPC,1918.613,True
7/12/2023 7:00:00 PM,7/12/2023 3:00:00 PM,SERC,WEST,EKPC,EKPC,2033.722,True
7/12/2023 8:00:00 PM,7/12/2023 4:00:00 PM,SERC,WEST,EKPC,EKPC,2054.773,True
7/12/2023 9:00:00 PM,7/12/2023 5:00:00 PM,SERC,WEST,EKPC,EKPC,2159.732,True
7/12/2023 10:00:00 PM,7/12/2023 6:00:00 PM,SERC,WEST,EKPC,EKPC,2156.156,True
7/12/2023 11:00:00 PM,7/12/2023 7:00:00 PM,SERC,WEST,EKPC,EKPC,2039.547,True
7/13/2023 12:00:00 AM,7/12/2023 8:00:00 PM,SERC,WEST,EKPC,EKPC,1924.361,True
7/13/2023 1:00:00 AM,7/12/2023 9:00:00 PM,SERC,WEST,EKPC,EKPC,1875.092,True
7/13/2023 2:00:00 AM,7/12/2023 10:00:00 PM,SERC,WEST,EKPC,EKPC,1855.661,True
7/13/2023 3:00:00 AM,7/12/2023 11:00:00 PM,SERC,WEST,EKPC,EKPC,1557.729,True
7/13/2023 4:00:00 AM,7/13/2023 12:00:00 AM,SERC,WEST,EKPC,EKPC,1355.560,True
7/13/2023 5:00:00 AM,7/13/2023 1:00:00 AM,SERC,WEST,EKPC,EKPC,1306.825,True
7/13/2023 6:00:00 AM,7/13/2023 2:00:00 AM,SERC,WEST,EKPC,EKPC,1316.087,True
7/13/2023 7:00:00 AM,7/13/2023 3:00:00 AM,SERC,WEST,EKPC,EKPC,1285.733,True
7/13/2023 8:00:00 AM,7/13/2023 4:00:00 AM,SERC,WEST,EKPC,EKPC,1314.009,True
7/13/2023 9:00:00 AM,7/13/2023 5:00:00 AM,SERC,WEST,EKPC,EKPC,1343.757,True
7/13/2023 10:00:00 AM,7/13/2023 6:00:00 AM,SERC,WEST,EKPC,EKPC,1424.777,True
7/13/2023 11:00:00 AM,7/13/2023 7:00:00 AM,SERC,WEST,EKPC,EKPC,1449.835,True
7/13/2023 12:00:00 PM,7/13/2023 8:00:00 AM,SERC,WEST,EKPC,EKPC,1581.810,True
7/13/2023 1:00:00 PM,7/13/2023 9:00:00 AM,SERC,WEST,EKPC,EKPC,1658.361,True
7/13/2023 2:00:00 PM,7/13/2023 10:00:00 AM,SERC,WEST,EKPC,EKPC,1693.942,True
7/13/2023 3:00:00 PM,7/13/2023 11:00:00 AM,SERC,WEST,EKPC,EKPC,1829.954,True
7/13/2023 4:00:00 PM,7/13/2023 12:00:00 PM,SERC,WEST,EKPC,EKPC,2059.282,True
7/13/2023 5:00:00 PM,7/13/2023 1:00:00 PM,SERC,WEST,EKPC,EKPC,2115.254,True
7/13/2023 6:00:00 PM,7/13/2023 2:00:00 PM,SERC,WEST,EKPC,EKPC,2242.423,True
7/13/2023 7:00:00 PM,7/13/2023 3:00:00 PM,SERC,WEST,EKPC,EKPC,2259.732,True
7/13/2023 8:00:00 PM,7/13/2023 4:00:00 PM,SERC,WEST,EKPC,EKPC,2248.458,True
7/13/2023 9:00:00 PM,7/13/2023 5:00:00 PM,SERC,WEST,EKPC,EKPC,2258.409,True
7/13/2023 10:00:00 PM,7/13/2023 6:00:00 PM,SERC,WEST,EKPC,EKPC,2242.652,True
7/13/2023 11:00:00 PM,7/13/2023 7:00:00 PM,SERC,WEST,EKPC,EKPC,2043.758,True
7/14/2023 12:00:00 AM,7/13/2023 8:00:00 PM,SERC,WEST,EKPC,EKPC,2047.578,True
7/14/2023 1:00:00 AM,7/13/2023 9:00:00 PM,SERC,WEST,EKPC,EKPC,2033.794,True
7/14/2023 2:00:00 AM,7/13/2023 10:00:00 PM,SERC,WEST,EKPC,EKPC,1939.582,True
7/14/2023 3:00:00 AM,7/13/2023 11:00:00 PM,SERC,WEST,EKPC,EKPC,1717.779,True
7/14/2023 4:00:00 AM,7/14/2023 12:00:00 AM,SERC,WEST,EKPC,EKPC,1582.902,True
7/14/2023 5:00:00 AM,7/14/2023 1:00:00 AM,SERC,WEST,EKPC,EKPC,1481.127,True
7/14/2023 6:00:00 AM,7/14/2023 2:00:00 AM,SERC,WEST,EKPC,EKPC,1424.233,True
7/14/2023 7:00:00 AM,7/14/2023 3:00:00 AM,SERC,WEST,EKPC,EKPC,1309.699,True
7/14/2023 8:00:00 AM,7/14/2023 4:00:00 AM,SERC,WEST,EKPC,EKPC,1268.745,True
7/14/2023 9:00:00 AM,7/14/2023 5:00:00 AM,SERC,WEST,EKPC,EKPC,1286.583,True
7/14/2023 10:00:00 AM,7/14/2023 6:00:00 AM,SERC,WEST,EKPC,EKPC,1396.052,True
7/14/2023 11:00:00 AM,7/14/2023 7:00:00 AM,SERC,WEST,EKPC,EKPC,1390.449,True
7/14/2023 12:00:00 PM,7/14/2023 8:00:00 AM,SERC,WEST,EKPC,EKPC,1508.410,True
7/14/2023 1:00:00 PM,7/14/2023 9:00:00 AM,SERC,WEST,EKPC,EKPC,1558.833,True
7/14/2023 2:00:00 PM,7/14/2023 10:00:00 AM,SERC,WEST,EKPC,EKPC,1717.285,True
7/14/2023 3:00:00 PM,7/14/2023 11:00:00 AM,SERC,WEST,EKPC,EKPC,1848.416,True
7/14/2023 4:00:00 PM,7/14/2023 12:00:00 PM,SERC,WEST,EKPC,EKPC,1989.001,True
7/14/2023 5:00:00 PM,7/14/2023 1:00:00 PM,SERC,WEST,EKPC,EKPC,2177.948,True
7/14/2023 6:00:00 PM,7/14/2023 2:00:00 PM,SERC,WEST,EKPC,EKPC,2285.506,True
7/14/2023 7:00:00 PM,7/14/2023 3:00:00 PM,SERC,WEST,EKPC,EKPC,2317.624,True
7/14/2023 8:00:00 PM,7/14/2023 4:00:00 PM,SERC,WEST,EKPC,EKPC,2380.240,True
7/14/2023 9:00:00 PM,7/14/2023 5:00:00 PM,SERC,WEST,EKPC,EKPC,2398.870,True
7/14/2023 10:00:00 PM,7/14/2023 6:00:00 PM,SERC,WEST,EKPC,EKPC,2412.987,True
7/14/2023 11:00:00 PM,7/14/2023 7:00:00 PM,SERC,WEST,EKPC,EKPC,2263.419,True
7/15/2023 12:00:00 AM,7/14/2023 8:00:00 PM,SERC,WEST,EKPC,EKPC,2139.503,True
7/15/2023 1:00:00 AM,7/14/2023 9:00:00 PM,SERC,WEST,EKPC,EKPC,2110.282,True
7/15/2023 2:00:00 AM,7/14/2023 10:00:00 PM,SERC,WEST,EKPC,EKPC,1841.628,True
7/15/2023 3:00:00 AM,7/14/2023 11:00:00 PM,SERC,WEST,EKPC,EKPC,1778.944,True
7/15/2023 4:00:00 AM,7/15/2023 12:00:00 AM,SERC,WEST,EKPC,EKPC,1552.332,True
7/15/2023 5:00:00 AM,7/15/2023 1:00:00 AM,SERC,WEST,EKPC,EKPC,1396.484,True
7/15/2023 6:00:00 AM,7/15/2023 2:00:00 AM,SERC,WEST,EKPC,EKPC,1431.604,True
7/15/2023 7:00:00 AM,7/15/2023 3:00:00 AM,SERC,WEST,EKPC,EKPC,1324.964,True
7/15/2023 8:00:00 AM,7/15/2023 4:00:00 AM,SERC,WEST,EKPC,EKPC,1310.925,True
7/15/2023 9:00:00 AM,7/15/2023 5:00:00 AM,SERC,WEST,EKPC,EKPC,1329.774,True
7/15/2023 10:00:00 AM,7/15/2023 6:00:00 AM,SERC,WEST,EKPC,EKPC,1357.386,True
7/15/2023 11:00:00 AM,7/15/2023 7:00:00 AM,SERC,WEST,EKPC,EKPC,1316.609,True
7/15/2023 12:00:00 PM,7/15/2023 8:00:00 AM,SERC,WEST,EKPC,EKPC,1434.793,True
7/15/2023 1:00:00 PM,7/15/2023 9:00:00 AM,SERC,WEST,EKPC,EKPC,1576.960,True
7/15/2023 2:00:00 PM,7/15/2023 10:00:00 AM,SERC,WEST,EKPC,EKPC,1655.273,True
7/15/2023 3:00:00 PM,7/15/2023 11:00:00 AM,SERC,WEST,EKPC,EKPC,1583.038,True
7/15/2023 4:00:00 PM,7/15/2023 12:00:00 PM,SERC,WEST,EKPC,EKPC,1679.589,True
7/15/2023 5:00:00 PM,7/15/2023 1:00:00 PM,SERC,WEST,EKPC,EKPC,1767.866,True
7/15/2023 6:00:00 PM,7/15/2023 2:00:00 PM,SERC,WEST,EKPC,EKPC,1746.419,True
7/15/2023 7:00:00 PM,7/15/2023 3:00:00 PM,SERC,WEST,EKPC,EKPC,1751.120,True
7/15/2023 8:00:00 PM,7/15/2023 4:00:00 PM,SERC,WEST,EKPC,EKPC,1879.057,True
7/15/2023 9:00:00 PM,7/15/2023 5:00:00 PM,SERC,WEST,EKPC,EKPC,1937.858,True
7/15/2023 10:00:00 PM,7/15/2023 6:00:00 PM,SERC,WEST,EKPC,EKPC,1964.492,True
7/15/2023 11:00:00 PM,7/15/2023 7:00:00 PM,SERC,WEST,EKPC,EKPC,1943.348,True
7/16/2023 12:00:00 AM,7/15/2023 8:00:00 PM,SERC,WEST,EKPC,EKPC,1860.316,True
7/16/2023 1:00:00 AM,7/15/2023 9:00:00 PM,SERC,WEST,EKPC,EKPC,1792.400,True
7/16/2023 2:00:00 AM,7/15/2023 10:00:00 PM,SERC,WEST,EKPC,EKPC,1698.779,True
7/16/2023 3:00:00 AM,7/15/2023 11:00:00 PM,SERC,WEST,EKPC,EKPC,1616.858,True
7/16/2023 4:00:00 AM,7/16/2023 12:00:00 AM,SERC,WEST,EKPC,EKPC,1400.345,True
7/16/2023 5:00:00 AM,7/16/2023 1:00:00 AM,SERC,WEST,EKPC,EKPC,1204.764,True
7/16/2023 6:00:00 AM,7/16/2023 2:00:00 AM,SERC,WEST,EKPC,EKPC,1217.843,True
7/16/2023 7:00:00 AM,7/16/2023 3:00:00 AM,SERC,WEST,EKPC,EKPC,1203.306,True
7/16/2023 8:00:00 AM,7/16/2023 4:00:00 AM,SERC,WEST,EKPC,EKPC,1174.455,True
7/16/2023 9:00:00 AM,7/16/2023 5:00:00 AM,SERC,WEST,EKPC,EKPC,1175.077,True
7/16/2023 10:00:00 AM,7/16/2023 6:00:00 AM,SERC,WEST,EKPC,EKPC,1161.646,True
7/16/2023 11:00:00 AM,7/16/2023 7:00:00 AM,SERC,WEST,EKPC,EKPC,1230.157,True
7/16/2023 12:00:00 PM,7/16/2023 8:00:00 AM,SERC,WEST,EKPC,EKPC,1322.974,True
7/16/2023 1:00:00 PM,7/16/2023 9:00:00 AM,SERC,WEST,EKPC,EKPC,1421.987,True
7/16/2023 2:00:00 PM,7/16/2023 10:00:00 AM,SERC,WEST,EKPC,EKPC,1547.908,True
7/16/2023 3:00:00 PM,7/16/2023 11:00:00 AM,SERC,WEST,EKPC,EKPC,1741.931,True
7/16/2023 4:00:00 PM,7/16/2023 12:00:00 PM,SERC,WEST,EKPC,EKPC,1754.044,True
7/16/2023 5:00:00 PM,7/16/2023 1:00:00 PM,SERC,WEST,EKPC,EKPC,1899.635,True
7/16/2023 6:00:00 PM,7/16/2023 2:00:00 PM,SERC,WEST,EKPC,EKPC,1989.340,True
7/16/2023 7:00:00 PM,7/16/2023 3:00:00 PM,SERC,WEST,EKPC,EKPC,2006.055,True
7/16/2023 8:00:00 PM,7/16/2023 4:00:00 PM,SERC,WEST,EKPC,EKPC,2121.466,True
7/16/2023 9:00:00 PM,7/16/2023 5:00:00 PM,SERC,WEST,EKPC,EKPC,2116.902,True
7/16/2023 10:00:00 PM,7/16/2023 6:00:00 PM,SERC,WEST,EKPC,EKPC,2092.494,True
7/16/2023 11:00:00 PM,7/16/2023 7:00:00 PM,SERC,WEST,EKPC,EKPC,1987.925,True
7/17/2023 12:00:00 AM,7/16/2023 8:00:00 PM,SERC,WEST,EKPC,EKPC,1859.264,True
7/17/2023 1:00:00 AM,7/16/2023 9:00:00 PM,SERC,WEST,EKPC,EKPC,1790.981,True
7/17/2023 2:00:00 AM,7/16/2023 10:00:00 PM,SERC,WEST,EKPC,EKPC,1723.296,True
7/17/2023 3:00:00 AM,7/16/2023 11:00:00 PM,SERC,WEST,EKPC,EKPC,1582.776,True
7/17/2023 4:00:00 AM,7/17/2023 12:00:00 AM,SERC,WEST,EKPC,EKPC,1283.499,True
7/17/2023 5:00:00 AM,7/17/2023 1:00:00 AM,SERC,WEST,EKPC,EKPC,1156.375,True
7/17/2023 6:00:00 AM,7/17/2023 2:00:00 AM,SERC,WEST,EKPC,EKPC,1161.580,True
7/17/2023 7:00:00 AM,7/17/2023 3:00:00 AM,SERC,WEST,EKPC,EKPC,1103.289,True
7/17/2023 8:00:00 AM,7/17/2023 4:00:00 AM,SERC,WEST,EKPC,EKPC,1095.685,True
7/17/2023 9:00:00 AM,7/17/2023 5:00:00 AM,SERC,WEST,EKPC,EKPC,1109.686,True
7/17/2023 10:00:00 AM,7/17/2023 6:00:00 AM,SERC,WEST,EKPC,EKPC,1286.495,True
7/17/2023 11:00:00 AM,7/17/2023 7:00:00 AM,SERC,WEST,EKPC,EKPC,1396.184,True
7/17/2023 12:00:00 PM,7/17/2023 8:00:00 AM,SERC,WEST,EKPC,EKPC,1479.935,True
7/17/2023 1:00:00 PM,7/17/2023 9:00:00 AM,SERC,WEST,EKPC,EKPC,1574.142,True
7/17/2023 2:00:00 PM,7/17/2023 10:00:00 AM,SERC,WEST,EKPC,EKPC,1641.113,True
7/17/2023 3:00:00 PM,7/17/2023 11:00:00 AM,SERC,WEST,EKPC,EKPC,1716.253,True
7/17/2023 4:00:00 PM,7/17/2023 12:00:00 PM,SERC,WEST,EKPC,EKPC,1840.902,True
7/17/2023 5:00:00 PM,7/17/2023 1:00:00 PM,SERC,WEST,EKPC,EKPC,1961.609,True
7/17/2023 6:00:00 PM,7/17/2023 2:00:00 PM,SERC,WEST,EKPC,EKPC,2064.598,True
7/17/2023 7:00:00 PM,7/17/2023 3:00:00 PM,SERC,WEST,EKPC,EKPC,2053.577,True
7/17/2023 8:00:00 PM,7/17/2023 4:00:00 PM,SERC,WEST,EKPC,EKPC,2203.297,True
7/17/2023 9:00:00 PM,7/17/2023 5:00:00 PM,SERC,WEST,EKPC,EKPC,2107.627,True
7/17/2023 10:00:00 PM,7/17/2023 6:00:00 PM,SERC,WEST,EKPC,EKPC,2122.394,True
7/17/2023 11:00:00 PM,7/17/2023 7:00:00 PM,SERC,WEST,EKPC,EKPC,2147.026,True
7/18/2023 12:00:00 AM,7/17/2023 8:00:00 PM,SERC,WEST,EKPC,EKPC,2026.506,True
7/18/2023 1:00:00 AM,7/17/2023 9:00:00 PM,SERC,WEST,EKPC,EKPC,1966.586,True
7/18/2023 2:00:00 AM,7/17/2023 10:00:00 PM,SERC,WEST,EKPC,EKPC,1825.352,True
7/18/2023 3:00:00 AM,7/17/2023 11:00:00 PM,SERC,WEST,EKPC,EKPC,1603.247,True
7/18/2023 4:00:00 AM,7/18/2023 12:00:00 AM,SERC,WEST,EKPC,EKPC,1435.180,True
7/18/2023 5:00:00 AM,7/18/2023 1:00:00 AM,SERC,WEST,EKPC,EKPC,1376.980,True
7/18/2023 6:00:00 AM,7/18/2023 2:00:00 AM,SERC,WEST,EKPC,EKPC,1290.608,True
7/18/2023 7:00:00 AM,7/18/2023 3:00:00 AM,SERC,WEST,EKPC,EKPC,1217.373,True
7/18/2023 8:00:00 AM,7/18/2023 4:00:00 AM,SERC,WEST,EKPC,EKPC,1180.109,True
7/18/2023 9:00:00 AM,7/18/2023 5:00:00 AM,SERC,WEST,EKPC,EKPC,1232.899,True
7/18/2023 10:00:00 AM,7/18/2023 6:00:00 AM,SERC,WEST,EKPC,EKPC,1293.926,True
7/18/2023 11:00:00 AM,7/18/2023 7:00:00 AM,SERC,WEST,EKPC,EKPC,1336.464,True
7/18/2023 12:00:00 PM,7/18/2023 8:00:00 AM,SERC,WEST,EKPC,EKPC,1409.293,True
7/18/2023 1:00:00 PM,7/18/2023 9:00:00 AM,SERC,WEST,EKPC,EKPC,1509.950,True
7/18/2023 2:00:00 PM,7/18/2023 10:00:00 AM,SERC,WEST,EKPC,EKPC,1633.051,True
7/18/2023 3:00:00 PM,7/18/2023 11:00:00 AM,SERC,WEST,EKPC,EKPC,1756.251,True
7/18/2023 4:00:00 PM,7/18/2023 12:00:00 PM,SERC,WEST,EKPC,EKPC,1898.793,True
7/18/2023 5:00:00 PM,7/18/2023 1:00:00 PM,SERC,WEST,EKPC,EKPC,2042.085,True
7/18/2023 6:00:00 PM,7/18/2023 2:00:00 PM,SERC,WEST,EKPC,EKPC,2058.600,True
7/18/2023 7:00:00 PM,7/18/2023 3:00:00 PM,SERC,WEST,EKPC,EKPC,2104.261,True
7/18/2023 8:00:00 PM,7/18/2023 4:00:00 PM,SERC,WEST,EKPC,EKPC,1965.291,True
7/18/2023 9:00:00 PM,7/18/2023 5:00:00 PM,SERC,WEST,EKPC,EKPC,1963.205,True
7/18/2023 10:00:00 PM,7/18/2023 6:00:00 PM,SERC,WEST,EKPC,EKPC,1923.406,True
7/18/2023 11:00:00 PM,7/18/2023 7:00:00 PM,SERC,WEST,EKPC,EKPC,1873.407,True
7/19/2023 12:00:00 AM,7/18/2023 8:00:00 PM,SERC,WEST,EKPC,EKPC,1783.746,True
7/19/2023 1:00:00 AM,7/18/2023 9:00:00 PM,SERC,WEST,EKPC,EKPC,1650.013,True
7/19/2023 2:00:00 AM,7/18/2023 10:00:00 PM,SERC,WEST,EKPC,EKPC,1530.633,True
7/19/2023 3:00:00 AM,7/18/2023 11:00:00 PM,SERC,WEST,EKPC,EKPC,1400.644,True
7/19/2023 4:00:00 AM,7/19/2023 12:00:00 AM,SERC,WEST,EKPC,EKPC,1345.460,True
7/19/2023 5:00:00 AM,7/19/2023 1:00:00 AM,SERC,WEST,EKPC,EKPC,1279.125,True
7/19/2023 6:00:00 AM,7/19/2023 2:00:00 AM,SERC,WEST,EKPC,EKPC,1239.513,True
7/19/2023 7:00:00 AM,7/19/2023 3:00:00 AM,SERC,WEST,EKPC,EKPC,1212.408,True
7/19/2023 8:00:00 AM,7/19/2023 4:00:00 AM,SERC,WEST,EKPC,EKPC,1255.267,True
7/19/2023 9:00:00 AM,7/19/2023 5:00:00 AM,SERC,WEST,EKPC,EKPC,1265.061,True
7/19/2023 10:00:00 AM,7/19/2023 6:00:00 AM,SERC,WEST,EKPC,EKPC,1365.248,True
7/19/2023 11:00:00 AM,7/19/2023 7:00:00 AM,SERC,WEST,EKPC,EKPC,1392.661,True
7/19/2023 12:00:00 PM,7/19/2023 8:00:00 AM,SERC,WEST,EKPC,EKPC,1451.944,True
7/19/2023 1:00:00 PM,7/19/2023 9:00:00 AM,SERC,WEST,EKPC,EKPC,1486.892,True
7/19/2023 2:00:00 PM,7/19/2023 10:00:00 AM,SERC,WEST,EKPC,EKPC,1525.483,True
7/19/2023 3:00:00 PM,7/19/2023 11:00:00 AM,SERC,WEST,EKPC,EKPC,1548.257,True
7/19/2023 4:00:00 PM,7/19/2023 12:00:00 PM,SERC,WEST,EKPC,EKPC,1582.689,True
7/19/2023 5:00:00 PM,7/19/2023 1:00:00 PM,SERC,WEST,EKPC,EKPC,1690.644,True
7/19/2023 6:00:00 PM,7/19/2023 2:00:00 PM,SERC,WEST,EKPC,EKPC,1711.665,True
7/19/2023 7:00:00 PM,7/19/2023 3:00:00 PM,SERC,WEST,EKPC,EKPC,1822.743,True
7/19/2023 8:00:00 PM,7/19/2023 4:00:00 PM,SERC,WEST,EKPC,EKPC,1907.578,True
7/19/2023 9:00:00 PM,7/19/2023 5:00:00 PM,SERC,WEST,EKPC,EKPC,2033.232,True
7/19/2023 10:00:00 PM,7/19/2023 6:00:00 PM,SERC,WEST,EKPC,EKPC,2072.373,True
7/19/2023 11:00:00 PM,7/19/2023 7:00:00 PM,SERC,WEST,EKPC,EKPC,1982.715,True
7/20/2023 12:00:00 AM,7/19/2023 8:00:00 PM,SERC,WEST,EKPC,EKPC,1954.413,True
7/20/2023 1:00:00 AM,7/19/2023 9:00:00 PM,SERC,WEST,EKPC,EKPC,1931.513,True
7/20/2023 2:00:00 AM,7/19/2023 10:00:00 PM,SERC,WEST,EKPC,EKPC,1782.293,True
7/20/2023 3:00:00 AM,7/19/2023 11:00:00 PM,SERC,WEST,EKPC,EKPC,1648.537,True
7/20/2023 4:00:00 AM,7/20/2023 12:00:00 AM,SERC,WEST,EKPC,EKPC,1450.001,True
7/20/2023 5:00:00 AM,7/20/2023 1:00:00 AM,SERC,WEST,EKPC,EKPC,1414.959,True
7/20/2023 6:00:00 AM,7/20/2023 2:00:00 AM,SERC,WEST,EKPC,EKPC,1362.835,True
7/20/2023 7:00:00 AM,7/20/2023 3:00:00 AM,SERC,WEST,EKPC,EKPC,1249.762,True
7/20/2023 8:00:00 AM,7/20/2023 4:00:00 AM,SERC,WEST,EKPC,EKPC,1267.600,True
7/20/2023 9:00:00 AM,7/20/2023 5:00:00 AM,SERC,WEST,EKPC,EKPC,1384.666,True
7/20/2023 10:00:00 AM,7/20/2023 6:00:00 AM,SERC,WEST,EKPC,EKPC,1448.979,True
7/20/2023 11:00:00 AM,7/20/2023 7:00:00 AM,SERC,WEST,EKPC,EKPC,1462.426,True
7/20/2023 12:00:00 PM,7/20/2023 8:00:00 AM,SERC,WEST,EKPC,EKPC,1388.961,True
7/20/2023 1:00:00 PM,7/20/2023 9:00:00 AM,SERC,WEST,EKPC,EKPC,1475.587,True
7/20/2023 2:00:00 PM,7/20/2023 10:00:00 AM,SERC,WEST,EKPC,EKPC,1648.079,True
7/20/2023 3:00:00 PM,7/20/2023 11:00:00 AM,SERC,WEST,EKPC,EKPC,1816.449,True
7/20/2023 4:00:00 PM,7/20/2023 12:00:00 PM,SERC,WEST,EKPC,EKPC,1918.345,True
7/20/2023 5:00:00 PM,7/20/2023 1:00:00 PM,SERC,WEST,EKPC,EKPC,2091.614,True
7/20/2023 6:00:00 PM,7/20/2023 2:00:00 PM,SERC,WEST,EKPC,EKPC,1981.803,True
7/20/2023 7:00:00 PM,7/20/2023 3:00:00 PM,SERC,WEST,EKPC,EKPC,2003.185,True
7/20/2023 8:00:00 PM,7/20/2023 4:00:00 PM,SERC,WEST,EKPC,EKPC,2021.656,True
7/20/2023 9:00:00 PM,7/20/2023 5:00:00 PM,SERC,WEST,EKPC,EKPC,1932.561,True
7/20/2023 10:00:00 PM,7/20/2023 6:00:00 PM,SERC,WEST,EKPC,EKPC,1988.841,True
7/20/2023 11:00:00 PM,7/20/2023 7:00:00 PM,SERC,WEST,EKPC,EKPC,1937.495,True
7/21/2023 12:00:00 AM,7/20/2023 8:00:00 PM,SERC,WEST,EKPC,EKPC,1947.669,True
7/21/2023 1:00:00 AM,7/20/2023 9:00:00 PM,SERC,WEST,EKPC,EKPC,1923.133,True
7/21/2023 2:00:00 AM,7/20/2023 10:00:00 PM,SERC,WEST,EKPC,EKPC,1775.791,True
7/21/2023 3:00:00 AM,7/20/2023 11:00:00 PM,SERC,WEST,EKPC,EKPC,1524.446,True
7/21/2023 4:00:00 AM,7/21/2023 12:00:00 AM,SERC,WEST,EKPC,EKPC,1384.226,True
7/21/2023 5:00:00 AM,7/21/2023 1:00:00 AM,SERC,WEST,EKPC,EKPC,1368.356,True
7/21/2023 6:00:00 AM,7/21/2023 2:00:00 AM,SERC,WEST,EKPC,EKPC,1355.036,True
7/21/2023 7:00:00 AM,7/21/2023 3:00:00 AM,SERC,WEST,EKPC,EKPC,1226.813,True
7/21/2023 8:00:00 AM,7/21/2023 4:00:00 AM,SERC,WEST,EKPC,EKPC,1186.778,True
7/21/2023 9:00:00 AM,7/21/2023 5:00:00 AM,SERC,WEST,EKPC,EKPC,1266.373,True
7/21/2023 10:00:00 AM,7/21/2023 6:00:00 AM,SERC,WEST,EKPC,EKPC,1375.669,True
7/21/2023 11:00:00 AM,7/21/2023 7:00:00 AM,SERC,WEST,EKPC,EKPC,1461.964,True
7/21/2023 12:00:00 PM,7/21/2023 8:00:00 AM,SERC,WEST,EKPC,EKPC,1541.165,True
7/21/2023 1:00:00 PM,7/21/2023 9:00:00 AM,SERC,WEST,EKPC,EKPC,1617.380,True
7/21/2023 2:00:00 PM,7/21/2023 10:00:00 AM,SERC,WEST,EKPC,EKPC,1706.360,True
7/21/2023 3:00:00 PM,7/21/2023 11:00:00 AM,SERC,WEST,EKPC,EKPC,1826.073,True
7/21/2023 4:00:00 PM,7/21/2023 12:00:00 PM,SERC,WEST,EKPC,EKPC,1825.999,True
7/21/2023 5:00:00 PM,7/21/2023 1:00:00 PM,SERC,WEST,EKPC,EKPC,1992.088,True
7/21/2023 6:00:00 PM,7/21/2023 2:00:00 PM,SERC,WEST,EKPC,EKPC,2039.227,True
7/21/2023 7:00:00 PM,7/21/2023 3:00:00 PM,SERC,WEST,EKPC,EKPC,2136.070,True
7/21/2023 8:00:00 PM,7/21/2023 4:00:00 PM,SERC,WEST,EKPC,EKPC,2143.675,True
7/21/2023 9:00:00 PM,7/21/2023 5:00:00 PM,SERC,WEST,EKPC,EKPC,2157.326,True
7/21/2023 10:00:00 PM,7/21/2023 6:00:00 PM,SERC,WEST,EKPC,EKPC,2098.042,True
7/21/2023 11:00:00 PM,7/21/2023 7:00:00 PM,SERC,WEST,EKPC,EKPC,2005.595,True
7/22/2023 12:00:00 AM,7/21/2023 8:00:00 PM,SERC,WEST,EKPC,EKPC,1894.097,True
7/22/2023 1:00:00 AM,7/21/2023 9:00:00 PM,SERC,WEST,EKPC,EKPC,1786.880,True
7/22/2023 2:00:00 AM,7/21/2023 10:00:00 PM,SERC,WEST,EKPC,EKPC,1663.945,True
7/22/2023 3:00:00 AM,7/21/2023 11:00:00 PM,SERC,WEST,EKPC,EKPC,1626.717,True
7/22/2023 4:00:00 AM,7/22/2023 12:00:00 AM,SERC,WEST,EKPC,EKPC,1440.171,True
7/22/2023 5:00:00 AM,7/22/2023 1:00:00 AM,SERC,WEST,EKPC,EKPC,1298.657,True
7/22/2023 6:00:00 AM,7/22/2023 2:00:00 AM,SERC,WEST,EKPC,EKPC,1263.485,True
7/22/2023 7:00:00 AM,7/22/2023 3:00:00 AM,SERC,WEST,EKPC,EKPC,1205.350,True
7/22/2023 8:00:00 AM,7/22/2023 4:00:00 AM,SERC,WEST,EKPC,EKPC,1080.571,True
7/22/2023 9:00:00 AM,7/22/2023 5:00:00 AM,SERC,WEST,EKPC,EKPC,1078.643,True
7/22/2023 10:00:00 AM,7/22/2023 6:00:00 AM,SERC,WEST,EKPC,EKPC,1130.066,True
7/22/2023 11:00:00 AM,7/22/2023 7:00:00 AM,SERC,WEST,EKPC,EKPC,1209.423,True
7/22/2023 12:00:00 PM,7/22/2023 8:00:00 AM,SERC,WEST,EKPC,EKPC,1292.513,True
7/22/2023 1:00:00 PM,7/22/2023 9:00:00 AM,SERC,WEST,EKPC,EKPC,1508.111,True
7/22/2023 2:00:00 PM,7/22/2023 10:00:00 AM,SERC,WEST,EKPC,EKPC,1598.728,True
7/22/2023 3:00:00 PM,7/22/2023 11:00:00 AM,SERC,WEST,EKPC,EKPC,1700.095,True
7/22/2023 4:00:00 PM,7/22/2023 12:00:00 PM,SERC,WEST,EKPC,EKPC,1807.601,True
7/22/2023 5:00:00 PM,7/22/2023 1:00:00 PM,SERC,WEST,EKPC,EKPC,1850.692,True
7/22/2023 6:00:00 PM,7/22/2023 2:00:00 PM,SERC,WEST,EKPC,EKPC,1976.836,True
7/22/2023 7:00:00 PM,7/22/2023 3:00:00 PM,SERC,WEST,EKPC,EKPC,1960.268,True
7/22/2023 8:00:00 PM,7/22/2023 4:00:00 PM,SERC,WEST,EKPC,EKPC,2060.466,True
7/22/2023 9:00:00 PM,7/22/2023 5:00:00 PM,SERC,WEST,EKPC,EKPC,2008.914,True
7/22/2023 10:00:00 PM,7/22/2023 6:00:00 PM,SERC,WEST,EKPC,EKPC,1981.892,True
7/22/2023 11:00:00 PM,7/22/2023 7:00:00 PM,SERC,WEST,EKPC,EKPC,1993.424,True
7/23/2023 12:00:00 AM,7/22/2023 8:00:00 PM,SERC,WEST,EKPC,EKPC,1762.708,True
7/23/2023 1:00:00 AM,7/22/2023 9:00:00 PM,SERC,WEST,EKPC,EKPC,1771.788,True
7/23/2023 2:00:00 AM,7/22/2023 10:00:00 PM,SERC,WEST,EKPC,EKPC,1711.532,True
7/23/2023 3:00:00 AM,7/22/2023 11:00:00 PM,SERC,WEST,EKPC,EKPC,1564.139,True
7/23/2023 4:00:00 AM,7/23/2023 12:00:00 AM,SERC,WEST,EKPC,EKPC,1370.300,True
7/23/2023 5:00:00 AM,7/23/2023 1:00:00 AM,SERC,WEST,EKPC,EKPC,1305.103,True
7/23/2023 6:00:00 AM,7/23/2023 2:00:00 AM,SERC,WEST,EKPC,EKPC,1199.807,True
7/23/2023 7:00:00 AM,7/23/2023 3:00:00 AM,SERC,WEST,EKPC,EKPC,1174.663,True
7/23/2023 8:00:00 AM,7/23/2023 4:00:00 AM,SERC,WEST,EKPC,EKPC,1053.322,True
7/23/2023 9:00:00 AM,7/23/2023 5:00:00 AM,SERC,WEST,EKPC,EKPC,1018.720,True
7/23/2023 10:00:00 AM,7/23/2023 6:00:00 AM,SERC,WEST,EKPC,EKPC,1037.977,True
7/23/2023 11:00:00 AM,7/23/2023 7:00:00 AM,SERC,WEST,EKPC,EKPC,1036.346,True
7/23/2023 12:00:00 PM,7/23/2023 8:00:00 AM,SERC,WEST,EKPC,EKPC,1213.118,True
7/23/2023 1:00:00 PM,7/23/2023 9:00:00 AM,SERC,WEST,EKPC,EKPC,1336.526,True
7/23/2023 2:00:00 PM,7/23/2023 10:00:00 AM,SERC,WEST,EKPC,EKPC,1427.036,True
7/23/2023 3:00:00 PM,7/23/2023 11:00:00 AM,SERC,WEST,EKPC,EKPC,1581.730,True
7/23/2023 4:00:00 PM,7/23/2023 12:00:00 PM,SERC,WEST,EKPC,EKPC,1680.634,True
7/23/2023 5:00:00 PM,7/23/2023 1:00:00 PM,SERC,WEST,EKPC,EKPC,1747.726,True
7/23/2023 6:00:00 PM,7/23/2023 2:00:00 PM,SERC,WEST,EKPC,EKPC,1911.475,True
7/23/2023 7:00:00 PM,7/23/2023 3:00:00 PM,SERC,WEST,EKPC,EKPC,1985.114,True
7/23/2023 8:00:00 PM,7/23/2023 4:00:00 PM,SERC,WEST,EKPC,EKPC,2096.618,True
7/23/2023 9:00:00 PM,7/23/2023 5:00:00 PM,SERC,WEST,EKPC,EKPC,2162.623,True
7/23/2023 10:00:00 PM,7/23/2023 6:00:00 PM,SERC,WEST,EKPC,EKPC,2153.286,True
7/23/2023 11:00:00 PM,7/23/2023 7:00:00 PM,SERC,WEST,EKPC,EKPC,2116.146,True
7/24/2023 12:00:00 AM,7/23/2023 8:00:00 PM,SERC,WEST,EKPC,EKPC,1909.985,True
7/24/2023 1:00:00 AM,7/23/2023 9:00:00 PM,SERC,WEST,EKPC,EKPC,1849.820,True
7/24/2023 2:00:00 AM,7/23/2023 10:00:00 PM,SERC,WEST,EKPC,EKPC,1679.754,True
7/24/2023 3:00:00 AM,7/23/2023 11:00:00 PM,SERC,WEST,EKPC,EKPC,1525.362,True
7/24/2023 4:00:00 AM,7/24/2023 12:00:00 AM,SERC,WEST,EKPC,EKPC,1393.741,True
7/24/2023 5:00:00 AM,7/24/2023 1:00:00 AM,SERC,WEST,EKPC,EKPC,1279.324,True
7/24/2023 6:00:00 AM,7/24/2023 2:00:00 AM,SERC,WEST,EKPC,EKPC,1231.866,True
7/24/2023 7:00:00 AM,7/24/2023 3:00:00 AM,SERC,WEST,EKPC,EKPC,1196.911,True
7/24/2023 8:00:00 AM,7/24/2023 4:00:00 AM,SERC,WEST,EKPC,EKPC,1118.202,True
7/24/2023 9:00:00 AM,7/24/2023 5:00:00 AM,SERC,WEST,EKPC,EKPC,1176.284,True
7/24/2023 10:00:00 AM,7/24/2023 6:00:00 AM,SERC,WEST,EKPC,EKPC,1256.461,True
7/24/2023 11:00:00 AM,7/24/2023 7:00:00 AM,SERC,WEST,EKPC,EKPC,1331.175,True
7/24/2023 12:00:00 PM,7/24/2023 8:00:00 AM,SERC,WEST,EKPC,EKPC,1402.199,True
7/24/2023 1:00:00 PM,7/24/2023 9:00:00 AM,SERC,WEST,EKPC,EKPC,1490.009,True
7/24/2023 2:00:00 PM,7/24/2023 10:00:00 AM,SERC,WEST,EKPC,EKPC,1644.672,True
7/24/2023 3:00:00 PM,7/24/2023 11:00:00 AM,SERC,WEST,EKPC,EKPC,1730.615,True
7/24/2023 4:00:00 PM,7/24/2023 12:00:00 PM,SERC,WEST,EKPC,EKPC,1867.971,True
7/24/2023 5:00:00 PM,7/24/2023 1:00:00 PM,SERC,WEST,EKPC,EKPC,1987.291,True
7/24/2023 6:00:00 PM,7/24/2023 2:00:00 PM,SERC,WEST,EKPC,EKPC,2107.144,True
7/24/2023 7:00:00 PM,7/24/2023 3:00:00 PM,SERC,WEST,EKPC,EKPC,2187.899,True
7/24/2023 8:00:00 PM,7/24/2023 4:00:00 PM,SERC,WEST,EKPC,EKPC,2246.733,True
7/24/2023 9:00:00 PM,7/24/2023 5:00:00 PM,SERC,WEST,EKPC,EKPC,2186.444,True
7/24/2023 10:00:00 PM,7/24/2023 6:00:00 PM,SERC,WEST,EKPC,EKPC,2096.182,True
7/24/2023 11:00:00 PM,7/24/2023 7:00:00 PM,SERC,WEST,EKPC,EKPC,2013.951,True
7/25/2023 12:00:00 AM,7/24/2023 8:00:00 PM,SERC,WEST,EKPC,EKPC,1935.166,True
7/25/2023 1:00:00 AM,7/24/2023 9:00:00 PM,SERC,WEST,EKPC,EKPC,1851.406,True
7/25/2023 2:00:00 AM,7/24/2023 10:00:00 PM,SERC,WEST,EKPC,EKPC,1700.281,True
7/25/2023 3:00:00 AM,7/24/2023 11:00:00 PM,SERC,WEST,EKPC,EKPC,1552.140,True
7/25/2023 4:00:00 AM,7/25/2023 12:00:00 AM,SERC,WEST,EKPC,EKPC,1379.989,True
7/25/2023 5:00:00 AM,7/25/2023 1:00:00 AM,SERC,WEST,EKPC,EKPC,1317.314,True
7/25/2023 6:00:00 AM,7/25/2023 2:00:00 AM,SERC,WEST,EKPC,EKPC,1215.050,True
7/25/2023 7:00:00 AM,7/25/2023 3:00:00 AM,SERC,WEST,EKPC,EKPC,1184.984,True
7/25/2023 8:00:00 AM,7/25/2023 4:00:00 AM,SERC,WEST,EKPC,EKPC,1187.813,True
7/25/2023 9:00:00 AM,7/25/2023 5:00:00 AM,SERC,WEST,EKPC,EKPC,1216.425,True
7/25/2023 10:00:00 AM,7/25/2023 6:00:00 AM,SERC,WEST,EKPC,EKPC,1298.939,True
7/25/2023 11:00:00 AM,7/25/2023 7:00:00 AM,SERC,WEST,EKPC,EKPC,1393.428,True
7/25/2023 12:00:00 PM,7/25/2023 8:00:00 AM,SERC,WEST,EKPC,EKPC,1425.404,True
7/25/2023 1:00:00 PM,7/25/2023 9:00:00 AM,SERC,WEST,EKPC,EKPC,1566.184,True
7/25/2023 2:00:00 PM,7/25/2023 10:00:00 AM,SERC,WEST,EKPC,EKPC,1703.061,True
7/25/2023 3:00:00 PM,7/25/2023 11:00:00 AM,SERC,WEST,EKPC,EKPC,1852.396,True
7/25/2023 4:00:00 PM,7/25/2023 12:00:00 PM,SERC,WEST,EKPC,EKPC,2000.267,True
7/25/2023 5:00:00 PM,7/25/2023 1:00:00 PM,SERC,WEST,EKPC,EKPC,2121.094,True
7/25/2023 6:00:00 PM,7/25/2023 2:00:00 PM,SERC,WEST,EKPC,EKPC,2186.925,True
7/25/2023 7:00:00 PM,7/25/2023 3:00:00 PM,SERC,WEST,EKPC,EKPC,2299.700,True
7/25/2023 8:00:00 PM,7/25/2023 4:00:00 PM,SERC,WEST,EKPC,EKPC,2332.812,True
7/25/2023 9:00:00 PM,7/25/2023 5:00:00 PM,SERC,WEST,EKPC,EKPC,2365.971,True
7/25/2023 10:00:00 PM,7/25/2023 6:00:00 PM,SERC,WEST,EKPC,EKPC,2294.705,True
7/25/2023 11:00:00 PM,7/25/2023 7:00:00 PM,SERC,WEST,EKPC,EKPC,2254.491,True
7/26/2023 12:00:00 AM,7/25/2023 8:00:00 PM,SERC,WEST,EKPC,EKPC,2100.965,True
7/26/2023 1:00:00 AM,7/25/2023 9:00:00 PM,SERC,WEST,EKPC,EKPC,2015.893,True
7/26/2023 2:00:00 AM,7/25/2023 10:00:00 PM,SERC,WEST,EKPC,EKPC,1823.310,True
7/26/2023 3:00:00 AM,7/25/2023 11:00:00 PM,SERC,WEST,EKPC,EKPC,1617.478,True
7/26/2023 4:00:00 AM,7/26/2023 12:00:00 AM,SERC,WEST,EKPC,EKPC,1531.964,True
7/26/2023 5:00:00 AM,7/26/2023 1:00:00 AM,SERC,WEST,EKPC,EKPC,1368.595,True
7/26/2023 6:00:00 AM,7/26/2023 2:00:00 AM,SERC,WEST,EKPC,EKPC,1305.886,True
7/26/2023 7:00:00 AM,7/26/2023 3:00:00 AM,SERC,WEST,EKPC,EKPC,1242.905,True
7/26/2023 8:00:00 AM,7/26/2023 4:00:00 AM,SERC,WEST,EKPC,EKPC,1241.051,True
7/26/2023 9:00:00 AM,7/26/2023 5:00:00 AM,SERC,WEST,EKPC,EKPC,1371.289,True
7/26/2023 10:00:00 AM,7/26/2023 6:00:00 AM,SERC,WEST,EKPC,EKPC,1397.725,True
7/26/2023 11:00:00 AM,7/26/2023 7:00:00 AM,SERC,WEST,EKPC,EKPC,1488.139,True
7/26/2023 12:00:00 PM,7/26/2023 8:00:00 AM,SERC,WEST,EKPC,EKPC,1566.236,True
7/26/2023 1:00:00 PM,7/26/2023 9:00:00 AM,SERC,WEST,EKPC,EKPC,1660.250,True
7/26/2023 2:00:00 PM,7/26/2023 10:00:00 AM,SERC,WEST,EKPC,EKPC,1824.868,True
7/26/2023 3:00:00 PM,7/26/2023 11:00:00 AM,SERC,WEST,EKPC,EKPC,2043.979,True
7/26/2023 4:00:00 PM,7/26/2023 12:00:00 PM,SERC,WEST,EKPC,EKPC,2192.779,True
7/26/2023 5:00:00 PM,7/26/2023 1:00:00 PM,SERC,WEST,EKPC,EKPC,2280.423,True
7/26/2023 6:00:00 PM,7/26/2023 2:00:00 PM,SERC,WEST,EKPC,EKPC,2335.004,True
7/26/2023 7:00:00 PM,7/26/2023 3:00:00 PM,SERC,WEST,EKPC,EKPC,2420.915,True
7/26/2023 8:00:00 PM,7/26/2023 4:00:00 PM,SERC,WEST,EKPC,EKPC,2421.844,True
7/26/2023 9:00:00 PM,7/26/2023 5:00:00 PM,SERC,WEST,EKPC,EKPC,2429.752,True
7/26/2023 10:00:00 PM,7/26/2023 6:00:00 PM,SERC,WEST,EKPC,EKPC,2253.566,True
7/26/2023 11:00:00 PM,7/26/2023 7:00:00 PM,SERC,WEST,EKPC,EKPC,2158.519,True
7/27/2023 12:00:00 AM,7/26/2023 8:00:00 PM,SERC,WEST,EKPC,EKPC,2103.009,True
7/27/2023 1:00:00 AM,7/26/2023 9:00:00 PM,SERC,WEST,EKPC,EKPC,2042.282,True
7/27/2023 2:00:00 AM,7/26/2023 10:00:00 PM,SERC,WEST,EKPC,EKPC,1917.388,True
7/27/2023 3:00:00 AM,7/26/2023 11:00:00 PM,SERC,WEST,EKPC,EKPC,1851.315,True
7/27/2023 4:00:00 AM,7/27/2023 12:00:00 AM,SERC,WEST,EKPC,EKPC,1612.893,True
7/27/2023 5:00:00 AM,7/27/2023 1:00:00 AM,SERC,WEST,EKPC,EKPC,1574.234,True
7/27/2023 6:00:00 AM,7/27/2023 2:00:00 AM,SERC,WEST,EKPC,EKPC,1543.789,True
7/27/2023 7:00:00 AM,7/27/2023 3:00:00 AM,SERC,WEST,EKPC,EKPC,1542.090,True
7/27/2023 8:00:00 AM,7/27/2023 4:00:00 AM,SERC,WEST,EKPC,EKPC,1503.312,True
7/27/2023 9:00:00 AM,7/27/2023 5:00:00 AM,SERC,WEST,EKPC,EKPC,1557.798,True
7/27/2023 10:00:00 AM,7/27/2023 6:00:00 AM,SERC,WEST,EKPC,EKPC,1603.225,True
7/27/2023 11:00:00 AM,7/27/2023 7:00:00 AM,SERC,WEST,EKPC,EKPC,1611.378,True
7/27/2023 12:00:00 PM,7/27/2023 8:00:00 AM,SERC,WEST,EKPC,EKPC,1591.489,True
7/27/2023 1:00:00 PM,7/27/2023 9:00:00 AM,SERC,WEST,EKPC,EKPC,1758.545,True
7/27/2023 2:00:00 PM,7/27/2023 10:00:00 AM,SERC,WEST,EKPC,EKPC,1997.336,True
7/27/2023 3:00:00 PM,7/27/2023 11:00:00 AM,SERC,WEST,EKPC,EKPC,2138.233,True
7/27/2023 4:00:00 PM,7/27/2023 12:00:00 PM,SERC,WEST,EKPC,EKPC,2325.305,True
7/27/2023 5:00:00 PM,7/27/2023 1:00:00 PM,SERC,WEST,EKPC,EKPC,2289.826,True
7/27/2023 6:00:00 PM,7/27/2023 2:00:00 PM,SERC,WEST,EKPC,EKPC,2274.405,True
7/27/2023 7:00:00 PM,7/27/2023 3:00:00 PM,SERC,WEST,EKPC,EKPC,2296.863,True
7/27/2023 8:00:00 PM,7/27/2023 4:00:00 PM,SERC,WEST,EKPC,EKPC,2356.856,True
7/27/2023 9:00:00 PM,7/27/2023 5:00:00 PM,SERC,WEST,EKPC,EKPC,2480.813,True
7/27/2023 10:00:00 PM,7/27/2023 6:00:00 PM,SERC,WEST,EKPC,EKPC,2499.105,True
7/27/2023 11:00:00 PM,7/27/2023 7:00:00 PM,SERC,WEST,EKPC,EKPC,2444.981,True
7/28/2023 12:00:00 AM,7/27/2023 8:00:00 PM,SERC,WEST,EKPC,EKPC,2360.406,True
7/28/2023 1:00:00 AM,7/27/2023 9:00:00 PM,SERC,WEST,EKPC,EKPC,2283.110,True
7/28/2023 2:00:00 AM,7/27/2023 10:00:00 PM,SERC,WEST,EKPC,EKPC,2100.861,True
7/28/2023 3:00:00 AM,7/27/2023 11:00:00 PM,SERC,WEST,EKPC,EKPC,1951.946,True
7/28/2023 4:00:00 AM,7/28/2023 12:00:00 AM,SERC,WEST,EKPC,EKPC,1773.917,True
7/28/2023 5:00:00 AM,7/28/2023 1:00:00 AM,SERC,WEST,EKPC,EKPC,1678.199,True
7/28/2023 6:00:00 AM,7/28/2023 2:00:00 AM,SERC,WEST,EKPC,EKPC,1519.491,True
7/28/2023 7:00:00 AM,7/28/2023 3:00:00 AM,SERC,WEST,EKPC,EKPC,1376.075,True
7/28/2023 8:00:00 AM,7/28/2023 4:00:00 AM,SERC,WEST,EKPC,EKPC,1347.995,True
7/28/2023 9:00:00 AM,7/28/2023 5:00:00 AM,SERC,WEST,EKPC,EKPC,1366.942,True
7/28/2023 10:00:00 AM,7/28/2023 6:00:00 AM,SERC,WEST,EKPC,EKPC,1479.527,True
7/28/2023 11:00:00 AM,7/28/2023 7:00:00 AM,SERC,WEST,EKPC,EKPC,1456.339,True
7/28/2023 12:00:00 PM,7/28/2023 8:00:00 AM,SERC,WEST,EKPC,EKPC,1559.727,True
7/28/2023 1:00:00 PM,7/28/2023 9:00:00 AM,SERC,WEST,EKPC,EKPC,1722.798,True
7/28/2023 2:00:00 PM,7/28/2023 10:00:00 AM,SERC,WEST,EKPC,EKPC,1914.670,True
7/28/2023 3:00:00 PM,7/28/2023 11:00:00 AM,SERC,WEST,EKPC,EKPC,2048.505,True
7/28/2023 4:00:00 PM,7/28/2023 12:00:00 PM,SERC,WEST,EKPC,EKPC,2196.492,True
7/28/2023 5:00:00 PM,7/28/2023 1:00:00 PM,SERC,WEST,EKPC,EKPC,2277.681,True
7/28/2023 6:00:00 PM,7/28/2023 2:00:00 PM,SERC,WEST,EKPC,EKPC,2230.940,True
7/28/2023 7:00:00 PM,7/28/2023 3:00:00 PM,SERC,WEST,EKPC,EKPC,2274.397,True
7/28/2023 8:00:00 PM,7/28/2023 4:00:00 PM,SERC,WEST,EKPC,EKPC,2352.965,True
7/28/2023 9:00:00 PM,7/28/2023 5:00:00 PM,SERC,WEST,EKPC,EKPC,2452.152,True
7/28/2023 10:00:00 PM,7/28/2023 6:00:00 PM,SERC,WEST,EKPC,EKPC,2443.510,True
7/28/2023 11:00:00 PM,7/28/2023 7:00:00 PM,SERC,WEST,EKPC,EKPC,2403.306,True
7/29/2023 12:00:00 AM,7/28/2023 8:00:00 PM,SERC,WEST,EKPC,EKPC,2254.297,True
7/29/2023 1:00:00 AM,7/28/2023 9:00:00 PM,SERC,WEST,EKPC,EKPC,2113.678,True
7/29/2023 2:00:00 AM,7/28/2023 10:00:00 PM,SERC,WEST,EKPC,EKPC,2044.068,True
7/29/2023 3:00:00 AM,7/28/2023 11:00:00 PM,SERC,WEST,EKPC,EKPC,1919.004,True
7/29/2023 4:00:00 AM,7/29/2023 12:00:00 AM,SERC,WEST,EKPC,EKPC,1833.807,True
7/29/2023 5:00:00 AM,7/29/2023 1:00:00 AM,SERC,WEST,EKPC,EKPC,1675.257,True
7/29/2023 6:00:00 AM,7/29/2023 2:00:00 AM,SERC,WEST,EKPC,EKPC,1462.367,True
7/29/2023 7:00:00 AM,7/29/2023 3:00:00 AM,SERC,WEST,EKPC,EKPC,1410.495,True
7/29/2023 8:00:00 AM,7/29/2023 4:00:00 AM,SERC,WEST,EKPC,EKPC,1441.356,True
7/29/2023 9:00:00 AM,7/29/2023 5:00:00 AM,SERC,WEST,EKPC,EKPC,1415.773,True
7/29/2023 10:00:00 AM,7/29/2023 6:00:00 AM,SERC,WEST,EKPC,EKPC,1510.019,True
7/29/2023 11:00:00 AM,7/29/2023 7:00:00 AM,SERC,WEST,EKPC,EKPC,1456.386,True
7/29/2023 12:00:00 PM,7/29/2023 8:00:00 AM,SERC,WEST,EKPC,EKPC,1532.952,True
7/29/2023 1:00:00 PM,7/29/2023 9:00:00 AM,SERC,WEST,EKPC,EKPC,1727.439,True
7/29/2023 2:00:00 PM,7/29/2023 10:00:00 AM,SERC,WEST,EKPC,EKPC,1903.948,True
7/29/2023 3:00:00 PM,7/29/2023 11:00:00 AM,SERC,WEST,EKPC,EKPC,1938.290,True
7/29/2023 4:00:00 PM,7/29/2023 12:00:00 PM,SERC,WEST,EKPC,EKPC,2058.512,True
7/29/2023 5:00:00 PM,7/29/2023 1:00:00 PM,SERC,WEST,EKPC,EKPC,2247.670,True
7/29/2023 6:00:00 PM,7/29/2023 2:00:00 PM,SERC,WEST,EKPC,EKPC,2289.394,True
7/29/2023 7:00:00 PM,7/29/2023 3:00:00 PM,SERC,WEST,EKPC,EKPC,2259.982,True
7/29/2023 8:00:00 PM,7/29/2023 4:00:00 PM,SERC,WEST,EKPC,EKPC,2315.122,True
7/29/2023 9:00:00 PM,7/29/2023 5:00:00 PM,SERC,WEST,EKPC,EKPC,2120.580,True
7/29/2023 10:00:00 PM,7/29/2023 6:00:00 PM,SERC,WEST,EKPC,EKPC,2090.434,True
7/29/2023 11:00:00 PM,7/29/2023 7:00:00 PM,SERC,WEST,EKPC,EKPC,2053.775,True
7/30/2023 12:00:00 AM,7/29/2023 8:00:00 PM,SERC,WEST,EKPC,EKPC,1959.416,True
7/30/2023 1:00:00 AM,7/29/2023 9:00:00 PM,SERC,WEST,EKPC,EKPC,1866.673,True
7/30/2023 2:00:00 AM,7/29/2023 10:00:00 PM,SERC,WEST,EKPC,EKPC,1759.004,True
7/30/2023 3:00:00 AM,7/29/2023 11:00:00 PM,SERC,WEST,EKPC,EKPC,1584.579,True
7/30/2023 4:00:00 AM,7/30/2023 12:00:00 AM,SERC,WEST,EKPC,EKPC,1457.087,True
7/30/2023 5:00:00 AM,7/30/2023 1:00:00 AM,SERC,WEST,EKPC,EKPC,1392.153,True
7/30/2023 6:00:00 AM,7/30/2023 2:00:00 AM,SERC,WEST,EKPC,EKPC,1393.994,True
7/30/2023 7:00:00 AM,7/30/2023 3:00:00 AM,SERC,WEST,EKPC,EKPC,1283.886,True
7/30/2023 8:00:00 AM,7/30/2023 4:00:00 AM,SERC,WEST,EKPC,EKPC,1297.329,True
7/30/2023 9:00:00 AM,7/30/2023 5:00:00 AM,SERC,WEST,EKPC,EKPC,1236.286,True
7/30/2023 10:00:00 AM,7/30/2023 6:00:00 AM,SERC,WEST,EKPC,EKPC,1260.173,True
7/30/2023 11:00:00 AM,7/30/2023 7:00:00 AM,SERC,WEST,EKPC,EKPC,1275.508,True
7/30/2023 12:00:00 PM,7/30/2023 8:00:00 AM,SERC,WEST,EKPC,EKPC,1397.220,True
7/30/2023 1:00:00 PM,7/30/2023 9:00:00 AM,SERC,WEST,EKPC,EKPC,1594.775,True
7/30/2023 2:00:00 PM,7/30/2023 10:00:00 AM,SERC,WEST,EKPC,EKPC,1685.507,True
7/30/2023 3:00:00 PM,7/30/2023 11:00:00 AM,SERC,WEST,EKPC,EKPC,1811.623,True
7/30/2023 4:00:00 PM,7/30/2023 12:00:00 PM,SERC,WEST,EKPC,EKPC,1879.706,True
7/30/2023 5:00:00 PM,7/30/2023 1:00:00 PM,SERC,WEST,EKPC,EKPC,1963.690,True
7/30/2023 6:00:00 PM,7/30/2023 2:00:00 PM,SERC,WEST,EKPC,EKPC,2087.857,True
7/30/2023 7:00:00 PM,7/30/2023 3:00:00 PM,SERC,WEST,EKPC,EKPC,2117.903,True
7/30/2023 8:00:00 PM,7/30/2023 4:00:00 PM,SERC,WEST,EKPC,EKPC,2238.686,True
7/30/2023 9:00:00 PM,7/30/2023 5:00:00 PM,SERC,WEST,EKPC,EKPC,2226.844,True
7/30/2023 10:00:00 PM,7/30/2023 6:00:00 PM,SERC,WEST,EKPC,EKPC,2240.307,True
7/30/2023 11:00:00 PM,7/30/2023 7:00:00 PM,SERC,WEST,EKPC,EKPC,2200.484,True
7/31/2023 12:00:00 AM,7/30/2023 8:00:00 PM,SERC,WEST,EKPC,EKPC,2096.844,True
7/31/2023 1:00:00 AM,7/30/2023 9:00:00 PM,SERC,WEST,EKPC,EKPC,1950.620,True
7/31/2023 2:00:00 AM,7/30/2023 10:00:00 PM,SERC,WEST,EKPC,EKPC,1766.043,True
7/31/2023 3:00:00 AM,7/30/2023 11:00:00 PM,SERC,WEST,EKPC,EKPC,1528.302,True
7/31/2023 4:00:00 AM,7/31/2023 12:00:00 AM,SERC,WEST,EKPC,EKPC,1321.123,True
7/31/2023 5:00:00 AM,7/31/2023 1:00:00 AM,SERC,WEST,EKPC,EKPC,1223.095,True
7/31/2023 6:00:00 AM,7/31/2023 2:00:00 AM,SERC,WEST,EKPC,EKPC,1146.957,True
7/31/2023 7:00:00 AM,7/31/2023 3:00:00 AM,SERC,WEST,EKPC,EKPC,1171.122,True
7/31/2023 8:00:00 AM,7/31/2023 4:00:00 AM,SERC,WEST,EKPC,EKPC,1211.597,True
7/31/2023 9:00:00 AM,7/31/2023 5:00:00 AM,SERC,WEST,EKPC,EKPC,1266.977,True
7/31/2023 10:00:00 AM,7/31/2023 6:00:00 AM,SERC,WEST,EKPC,EKPC,1363.680,True
7/31/2023 11:00:00 AM,7/31/2023 7:00:00 AM,SERC,WEST,EKPC,EKPC,1409.983,True
7/31/2023 12:00:00 PM,7/31/2023 8:00:00 AM,SERC,WEST,EKPC,EKPC,1494.031,True
7/31/2023 1:00:00 PM,7/31/2023 9:00:00 AM,SERC,WEST,EKPC,EKPC,1630.616,True
7/31/2023 2:00:00 PM,7/31/2023 10:00:00 AM,SERC,WEST,EKPC,EKPC,1718.479,True
7/31/2023 3:00:00 PM,7/31/2023 11:00:00 AM,SERC,WEST,EKPC,EKPC,1844.128,True
7/31/2023 4:00:00 PM,7/31/2023 12:00:00 PM,SERC,WEST,EKPC,EKPC,2016.771,True
7/31/2023 5:00:00 PM,7/31/2023 1:00:00 PM,SERC,WEST,EKPC,EKPC,2038.931,True
7/31/2023 6:00:00 PM,7/31/2023 2:00:00 PM,SERC,WEST,EKPC,EKPC,2078.115,True
7/31/2023 7:00:00 PM,7/31/2023 3:00:00 PM,SERC,WEST,EKPC,EKPC,2115.060,True
7/31/2023 8:00:00 PM,7/31/2023 4:00:00 PM,SERC,WEST,EKPC,EKPC,2117.282,True
7/31/2023 9:00:00 PM,7/31/2023 5:00:00 PM,SERC,WEST,EKPC,EKPC,2119.976,True
7/31/2023 10:00:00 PM,7/31/2023 6:00:00 PM,SERC,WEST,EKPC,EKPC,2111.417,True
7/31/2023 11:00:00 PM,7/31/2023 7:00:00 PM,SERC,WEST,EKPC,EKPC,2111.540,True
8/1/2023 12:00:00 AM,7/31/2023 8:00:00 PM,SERC,WEST,EKPC,EKPC,2021.963,True
8/1/2023 1:00:00 AM,7/31/2023 9:00:00 PM,SERC,WEST,EKPC,EKPC,1911.735,True
8/1/2023 2:00:00 AM,7/31/2023 10:00:00 PM,SERC,WEST,EKPC,EKPC,1760.707,True
8/1/2023 3:00:00 AM,7/31/2023 11:00:00 PM,SERC,WEST,EKPC,EKPC,1579.613,True
8/1/2023 4:00:00 AM,8/1/2023 12:00:00 AM,SERC,WEST,EKPC,EKPC,1379.186,True
8/1/2023 5:00:00 AM,8/1/2023 1:00:00 AM,SERC,WEST,EKPC,EKPC,1358.752,True
8/1/2023 6:00:00 AM,8/1/2023 2:00:00 AM,SERC,WEST,EKPC,EKPC,1222.738,True
8/1/2023 7:00:00 AM,8/1/2023 3:00:00 AM,SERC,WEST,EKPC,EKPC,1232.973,True
8/1/2023 8:00:00 AM,8/1/2023 4:00:00 AM,SERC,WEST,EKPC,EKPC,1213.300,True
8/1/2023 9:00:00 AM,8/1/2023 5:00:00 AM,SERC,WEST,EKPC,EKPC,1170.669,True
8/1/2023 10:00:00 AM,8/1/2023 6:00:00 AM,SERC,WEST,EKPC,EKPC,1145.774,True
8/1/2023 11:00:00 AM,8/1/2023 7:00:00 AM,SERC,WEST,EKPC,EKPC,1249.431,True
8/1/2023 12:00:00 PM,8/1/2023 8:00:00 AM,SERC,WEST,EKPC,EKPC,1378.928,True
8/1/2023 1:00:00 PM,8/1/2023 9:00:00 AM,SERC,WEST,EKPC,EKPC,1446.099,True
8/1/2023 2:00:00 PM,8/1/2023 10:00:00 AM,SERC,WEST,EKPC,EKPC,1558.475,True
8/1/2023 3:00:00 PM,8/1/2023 11:00:00 AM,SERC,WEST,EKPC,EKPC,1675.357,True
8/1/2023 4:00:00 PM,8/1/2023 12:00:00 PM,SERC,WEST,EKPC,EKPC,1789.004,True
8/1/2023 5:00:00 PM,8/1/2023 1:00:00 PM,SERC,WEST,EKPC,EKPC,1825.080,True
8/1/2023 6:00:00 PM,8/1/2023 2:00:00 PM,SERC,WEST,EKPC,EKPC,1974.413,True
8/1/2023 7:00:00 PM,8/1/2023 3:00:00 PM,SERC,WEST,EKPC,EKPC,1915.066,True
8/1/2023 8:00:00 PM,8/1/2023 4:00:00 PM,SERC,WEST,EKPC,EKPC,2052.645,True
8/1/2023 9:00:00 PM,8/1/2023 5:00:00 PM,SERC,WEST,EKPC,EKPC,2045.177,True
8/1/2023 10:00:00 PM,8/1/2023 6:00:00 PM,SERC,WEST,EKPC,EKPC,1990.982,True
8/1/2023 11:00:00 PM,8/1/2023 7:00:00 PM,SERC,WEST,EKPC,EKPC,1925.069,True
8/2/2023 12:00:00 AM,8/1/2023 8:00:00 PM,SERC,WEST,EKPC,EKPC,1906.687,True
8/2/2023 1:00:00 AM,8/1/2023 9:00:00 PM,SERC,WEST,EKPC,EKPC,1773.213,True
8/2/2023 2:00:00 AM,8/1/2023 10:00:00 PM,SERC,WEST,EKPC,EKPC,1540.576,True
8/2/2023 3:00:00 AM,8/1/2023 11:00:00 PM,SERC,WEST,EKPC,EKPC,1359.058,True
8/2/2023 4:00:00 AM,8/2/2023 12:00:00 AM,SERC,WEST,EKPC,EKPC,1234.456,True
8/2/2023 5:00:00 AM,8/2/2023 1:00:00 AM,SERC,WEST,EKPC,EKPC,1146.312,True
8/2/2023 6:00:00 AM,8/2/2023 2:00:00 AM,SERC,WEST,EKPC,EKPC,1094.201,True
8/2/2023 7:00:00 AM,8/2/2023 3:00:00 AM,SERC,WEST,EKPC,EKPC,1069.719,True
8/2/2023 8:00:00 AM,8/2/2023 4:00:00 AM,SERC,WEST,EKPC,EKPC,1047.307,True
8/2/2023 9:00:00 AM,8/2/2023 5:00:00 AM,SERC,WEST,EKPC,EKPC,1079.231,True
8/2/2023 10:00:00 AM,8/2/2023 6:00:00 AM,SERC,WEST,EKPC,EKPC,1155.340,True
8/2/2023 11:00:00 AM,8/2/2023 7:00:00 AM,SERC,WEST,EKPC,EKPC,1204.563,True
8/2/2023 12:00:00 PM,8/2/2023 8:00:00 AM,SERC,WEST,EKPC,EKPC,1252.835,True
8/2/2023 1:00:00 PM,8/2/2023 9:00:00 AM,SERC,WEST,EKPC,EKPC,1323.339,True
8/2/2023 2:00:00 PM,8/2/2023 10:00:00 AM,SERC,WEST,EKPC,EKPC,1465.663,True
8/2/2023 3:00:00 PM,8/2/2023 11:00:00 AM,SERC,WEST,EKPC,EKPC,1586.520,True
8/2/2023 4:00:00 PM,8/2/2023 12:00:00 PM,SERC,WEST,EKPC,EKPC,1738.552,True
8/2/2023 5:00:00 PM,8/2/2023 1:00:00 PM,SERC,WEST,EKPC,EKPC,1801.523,True
8/2/2023 6:00:00 PM,8/2/2023 2:00:00 PM,SERC,WEST,EKPC,EKPC,1905.901,True
8/2/2023 7:00:00 PM,8/2/2023 3:00:00 PM,SERC,WEST,EKPC,EKPC,1854.590,True
8/2/2023 8:00:00 PM,8/2/2023 4:00:00 PM,SERC,WEST,EKPC,EKPC,1894.746,True
8/2/2023 9:00:00 PM,8/2/2023 5:00:00 PM,SERC,WEST,EKPC,EKPC,1900.173,True
8/2/2023 10:00:00 PM,8/2/2023 6:00:00 PM,SERC,WEST,EKPC,EKPC,1977.937,True
8/2/2023 11:00:00 PM,8/2/2023 7:00:00 PM,SERC,WEST,EKPC,EKPC,1925.239,True
8/3/2023 12:00:00 AM,8/2/2023 8:00:00 PM,SERC,WEST,EKPC,EKPC,1885.655,True
8/3/2023 1:00:00 AM,8/2/2023 9:00:00 PM,SERC,WEST,EKPC,EKPC,1807.334,True
8/3/2023 2:00:00 AM,8/2/2023 10:00:00 PM,SERC,WEST,EKPC,EKPC,1672.825,True
8/3/2023 3:00:00 AM,8/2/2023 11:00:00 PM,SERC,WEST,EKPC,EKPC,1504.572,True
8/3/2023 4:00:00 AM,8/3/2023 12:00:00 AM,SERC,WEST,EKPC,EKPC,1319.540,True
8/3/2023 5:00:00 AM,8/3/2023 1:00:00 AM,SERC,WEST,EKPC,EKPC,1350.689,True
8/3/2023 6:00:00 AM,8/3/2023 2:00:00 AM,SERC,WEST,EKPC,EKPC,1257.569,True
8/3/2023 7:00:00 AM,8/3/2023 3:00:00 AM,SERC,WEST,EKPC,EKPC,1139.778,True
8/3/2023 8:00:00 AM,8/3/2023 4:00:00 AM,SERC,WEST,EKPC,EKPC,1163.896,True
8/3/2023 9:00:00 AM,8/3/2023 5:00:00 AM,SERC,WEST,EKPC,EKPC,1205.821,True
8/3/2023 10:00:00 AM,8/3/2023 6:00:00 AM,SERC,WEST,EKPC,EKPC,1285.616,True
8/3/2023 11:00:00 AM,8/3/2023 7:00:00 AM,SERC,WEST,EKPC,EKPC,1322.168,True
8/3/2023 12:00:00 PM,8/3/2023 8:00:00 AM,SERC,WEST,EKPC,EKPC,1309.205,True
8/3/2023 1:00:00 PM,8/3/2023 9:00:00 AM,SERC,WEST,EKPC,EKPC,1345.329,True
8/3/2023 2:00:00 PM,8/3/2023 10:00:00 AM,SERC,WEST,EKPC,EKPC,1392.165,True
8/3/2023 3:00:00 PM,8/3/2023 11:00:00 AM,SERC,WEST,EKPC,EKPC,1452.226,True
8/3/2023 4:00:00 PM,8/3/2023 12:00:00 PM,SERC,WEST,EKPC,EKPC,1498.034,True
8/3/2023 5:00:00 PM,8/3/2023 1:00:00 PM,SERC,WEST,EKPC,EKPC,1540.106,True
8/3/2023 6:00:00 PM,8/3/2023 2:00:00 PM,SERC,WEST,EKPC,EKPC,1585.437,True
8/3/2023 7:00:00 PM,8/3/2023 3:00:00 PM,SERC,WEST,EKPC,EKPC,1635.711,True
8/3/2023 8:00:00 PM,8/3/2023 4:00:00 PM,SERC,WEST,EKPC,EKPC,1666.399,True
8/3/2023 9:00:00 PM,8/3/2023 5:00:00 PM,SERC,WEST,EKPC,EKPC,1730.268,True
8/3/2023 10:00:00 PM,8/3/2023 6:00:00 PM,SERC,WEST,EKPC,EKPC,1756.379,True
8/3/2023 11:00:00 PM,8/3/2023 7:00:00 PM,SERC,WEST,EKPC,EKPC,1740.899,True
8/4/2023 12:00:00 AM,8/3/2023 8:00:00 PM,SERC,WEST,EKPC,EKPC,1698.831,True
8/4/2023 1:00:00 AM,8/3/2023 9:00:00 PM,SERC,WEST,EKPC,EKPC,1680.977,True
8/4/2023 2:00:00 AM,8/3/2023 10:00:00 PM,SERC,WEST,EKPC,EKPC,1550.704,True
8/4/2023 3:00:00 AM,8/3/2023 11:00:00 PM,SERC,WEST,EKPC,EKPC,1392.781,True
8/4/2023 4:00:00 AM,8/4/2023 12:00:00 AM,SERC,WEST,EKPC,EKPC,1276.725,True
8/4/2023 5:00:00 AM,8/4/2023 1:00:00 AM,SERC,WEST,EKPC,EKPC,1205.997,True
8/4/2023 6:00:00 AM,8/4/2023 2:00:00 AM,SERC,WEST,EKPC,EKPC,1140.303,True
8/4/2023 7:00:00 AM,8/4/2023 3:00:00 AM,SERC,WEST,EKPC,EKPC,1120.795,True
8/4/2023 8:00:00 AM,8/4/2023 4:00:00 AM,SERC,WEST,EKPC,EKPC,1105.746,True
8/4/2023 9:00:00 AM,8/4/2023 5:00:00 AM,SERC,WEST,EKPC,EKPC,1174.605,True
8/4/2023 10:00:00 AM,8/4/2023 6:00:00 AM,SERC,WEST,EKPC,EKPC,1222.959,True
8/4/2023 11:00:00 AM,8/4/2023 7:00:00 AM,SERC,WEST,EKPC,EKPC,1334.326,True
8/4/2023 12:00:00 PM,8/4/2023 8:00:00 AM,SERC,WEST,EKPC,EKPC,1389.901,True
8/4/2023 1:00:00 PM,8/4/2023 9:00:00 AM,SERC,WEST,EKPC,EKPC,1510.523,True
8/4/2023 2:00:00 PM,8/4/2023 10:00:00 AM,SERC,WEST,EKPC,EKPC,1565.466,True
8/4/2023 3:00:00 PM,8/4/2023 11:00:00 AM,SERC,WEST,EKPC,EKPC,1699.495,True
8/4/2023 4:00:00 PM,8/4/2023 12:00:00 PM,SERC,WEST,EKPC,EKPC,1823.597,True
8/4/2023 5:00:00 PM,8/4/2023 1:00:00 PM,SERC,WEST,EKPC,EKPC,1930.741,True
8/4/2023 6:00:00 PM,8/4/2023 2:00:00 PM,SERC,WEST,EKPC,EKPC,2052.882,True
8/4/2023 7:00:00 PM,8/4/2023 3:00:00 PM,SERC,WEST,EKPC,EKPC,2067.929,True
8/4/2023 8:00:00 PM,8/4/2023 4:00:00 PM,SERC,WEST,EKPC,EKPC,2159.712,True
8/4/2023 9:00:00 PM,8/4/2023 5:00:00 PM,SERC,WEST,EKPC,EKPC,2113.314,True
8/4/2023 10:00:00 PM,8/4/2023 6:00:00 PM,SERC,WEST,EKPC,EKPC,2103.729,True
8/4/2023 11:00:00 PM,8/4/2023 7:00:00 PM,SERC,WEST,EKPC,EKPC,2036.147,True
8/5/2023 12:00:00 AM,8/4/2023 8:00:00 PM,SERC,WEST,EKPC,EKPC,1918.096,True
8/5/2023 1:00:00 AM,8/4/2023 9:00:00 PM,SERC,WEST,EKPC,EKPC,1834.399,True
8/5/2023 2:00:00 AM,8/4/2023 10:00:00 PM,SERC,WEST,EKPC,EKPC,1677.531,True
8/5/2023 3:00:00 AM,8/4/2023 11:00:00 PM,SERC,WEST,EKPC,EKPC,1506.996,True
8/5/2023 4:00:00 AM,8/5/2023 12:00:00 AM,SERC,WEST,EKPC,EKPC,1371.188,True
8/5/2023 5:00:00 AM,8/5/2023 1:00:00 AM,SERC,WEST,EKPC,EKPC,1246.430,True
8/5/2023 6:00:00 AM,8/5/2023 2:00:00 AM,SERC,WEST,EKPC,EKPC,1180.186,True
8/5/2023 7:00:00 AM,8/5/2023 3:00:00 AM,SERC,WEST,EKPC,EKPC,1129.982,True
8/5/2023 8:00:00 AM,8/5/2023 4:00:00 AM,SERC,WEST,EKPC,EKPC,1086.404,True
8/5/2023 9:00:00 AM,8/5/2023 5:00:00 AM,SERC,WEST,EKPC,EKPC,1103.335,True
8/5/2023 10:00:00 AM,8/5/2023 6:00:00 AM,SERC,WEST,EKPC,EKPC,1092.356,True
8/5/2023 11:00:00 AM,8/5/2023 7:00:00 AM,SERC,WEST,EKPC,EKPC,1128.816,True
8/5/2023 12:00:00 PM,8/5/2023 8:00:00 AM,SERC,WEST,EKPC,EKPC,1225.665,True
8/5/2023 1:00:00 PM,8/5/2023 9:00:00 AM,SERC,WEST,EKPC,EKPC,1377.037,True
8/5/2023 2:00:00 PM,8/5/2023 10:00:00 AM,SERC,WEST,EKPC,EKPC,1519.110,True
8/5/2023 3:00:00 PM,8/5/2023 11:00:00 AM,SERC,WEST,EKPC,EKPC,1697.730,True
8/5/2023 4:00:00 PM,8/5/2023 12:00:00 PM,SERC,WEST,EKPC,EKPC,1862.794,True
8/5/2023 5:00:00 PM,8/5/2023 1:00:00 PM,SERC,WEST,EKPC,EKPC,1972.878,True
8/5/2023 6:00:00 PM,8/5/2023 2:00:00 PM,SERC,WEST,EKPC,EKPC,2041.311,True
8/5/2023 7:00:00 PM,8/5/2023 3:00:00 PM,SERC,WEST,EKPC,EKPC,2073.082,True
8/5/2023 8:00:00 PM,8/5/2023 4:00:00 PM,SERC,WEST,EKPC,EKPC,2110.618,True
8/5/2023 9:00:00 PM,8/5/2023 5:00:00 PM,SERC,WEST,EKPC,EKPC,2105.720,True
8/5/2023 10:00:00 PM,8/5/2023 6:00:00 PM,SERC,WEST,EKPC,EKPC,2071.355,True
8/5/2023 11:00:00 PM,8/5/2023 7:00:00 PM,SERC,WEST,EKPC,EKPC,2016.869,True
8/6/2023 12:00:00 AM,8/5/2023 8:00:00 PM,SERC,WEST,EKPC,EKPC,1930.283,True
8/6/2023 1:00:00 AM,8/5/2023 9:00:00 PM,SERC,WEST,EKPC,EKPC,1902.736,True
8/6/2023 2:00:00 AM,8/5/2023 10:00:00 PM,SERC,WEST,EKPC,EKPC,1786.964,True
8/6/2023 3:00:00 AM,8/5/2023 11:00:00 PM,SERC,WEST,EKPC,EKPC,1586.804,True
8/6/2023 4:00:00 AM,8/6/2023 12:00:00 AM,SERC,WEST,EKPC,EKPC,1444.470,True
8/6/2023 5:00:00 AM,8/6/2023 1:00:00 AM,SERC,WEST,EKPC,EKPC,1321.836,True
8/6/2023 6:00:00 AM,8/6/2023 2:00:00 AM,SERC,WEST,EKPC,EKPC,1338.737,True
8/6/2023 7:00:00 AM,8/6/2023 3:00:00 AM,SERC,WEST,EKPC,EKPC,1206.778,True
8/6/2023 8:00:00 AM,8/6/2023 4:00:00 AM,SERC,WEST,EKPC,EKPC,1216.208,True
8/6/2023 9:00:00 AM,8/6/2023 5:00:00 AM,SERC,WEST,EKPC,EKPC,1315.902,True
8/6/2023 10:00:00 AM,8/6/2023 6:00:00 AM,SERC,WEST,EKPC,EKPC,1337.242,True
8/6/2023 11:00:00 AM,8/6/2023 7:00:00 AM,SERC,WEST,EKPC,EKPC,1345.147,True
8/6/2023 12:00:00 PM,8/6/2023 8:00:00 AM,SERC,WEST,EKPC,EKPC,1450.690,True
8/6/2023 1:00:00 PM,8/6/2023 9:00:00 AM,SERC,WEST,EKPC,EKPC,1554.478,True
8/6/2023 2:00:00 PM,8/6/2023 10:00:00 AM,SERC,WEST,EKPC,EKPC,1684.649,True
8/6/2023 3:00:00 PM,8/6/2023 11:00:00 AM,SERC,WEST,EKPC,EKPC,1701.902,True
8/6/2023 4:00:00 PM,8/6/2023 12:00:00 PM,SERC,WEST,EKPC,EKPC,1828.840,True
8/6/2023 5:00:00 PM,8/6/2023 1:00:00 PM,SERC,WEST,EKPC,EKPC,1819.528,True
8/6/2023 6:00:00 PM,8/6/2023 2:00:00 PM,SERC,WEST,EKPC,EKPC,2001.994,True
8/6/2023 7:00:00 PM,8/6/2023 3:00:00 PM,SERC,WEST,EKPC,EKPC,2075.110,True
8/6/2023 8:00:00 PM,8/6/2023 4:00:00 PM,SERC,WEST,EKPC,EKPC,2190.386,True
8/6/2023 9:00:00 PM,8/6/2023 5:00:00 PM,SERC,WEST,EKPC,EKPC,2229.728,True
8/6/2023 10:00:00 PM,8/6/2023 6:00:00 PM,SERC,WEST,EKPC,EKPC,2222.863,True
8/6/2023 11:00:00 PM,8/6/2023 7:00:00 PM,SERC,WEST,EKPC,EKPC,2222.515,True
8/7/2023 12:00:00 AM,8/6/2023 8:00:00 PM,SERC,WEST,EKPC,EKPC,2122.283,True
8/7/2023 1:00:00 AM,8/6/2023 9:00:00 PM,SERC,WEST,EKPC,EKPC,2064.103,True
8/7/2023 2:00:00 AM,8/6/2023 10:00:00 PM,SERC,WEST,EKPC,EKPC,1870.535,True
8/7/2023 3:00:00 AM,8/6/2023 11:00:00 PM,SERC,WEST,EKPC,EKPC,1737.787,True
8/7/2023 4:00:00 AM,8/7/2023 12:00:00 AM,SERC,WEST,EKPC,EKPC,1531.193,True
8/7/2023 5:00:00 AM,8/7/2023 1:00:00 AM,SERC,WEST,EKPC,EKPC,1464.117,True
8/7/2023 6:00:00 AM,8/7/2023 2:00:00 AM,SERC,WEST,EKPC,EKPC,1388.161,True
8/7/2023 7:00:00 AM,8/7/2023 3:00:00 AM,SERC,WEST,EKPC,EKPC,1348.255,True
8/7/2023 8:00:00 AM,8/7/2023 4:00:00 AM,SERC,WEST,EKPC,EKPC,1305.728,True
8/7/2023 9:00:00 AM,8/7/2023 5:00:00 AM,SERC,WEST,EKPC,EKPC,1389.561,True
8/7/2023 10:00:00 AM,8/7/2023 6:00:00 AM,SERC,WEST,EKPC,EKPC,1408.875,True
8/7/2023 11:00:00 AM,8/7/2023 7:00:00 AM,SERC,WEST,EKPC,EKPC,1416.424,True
8/7/2023 12:00:00 PM,8/7/2023 8:00:00 AM,SERC,WEST,EKPC,EKPC,1455.887,True
8/7/2023 1:00:00 PM,8/7/2023 9:00:00 AM,SERC,WEST,EKPC,EKPC,1555.156,True
8/7/2023 2:00:00 PM,8/7/2023 10:00:00 AM,SERC,WEST,EKPC,EKPC,1671.585,True
8/7/2023 3:00:00 PM,8/7/2023 11:00:00 AM,SERC,WEST,EKPC,EKPC,1764.912,True
8/7/2023 4:00:00 PM,8/7/2023 12:00:00 PM,SERC,WEST,EKPC,EKPC,1896.462,True
8/7/2023 5:00:00 PM,8/7/2023 1:00:00 PM,SERC,WEST,EKPC,EKPC,2014.273,True
8/7/2023 6:00:00 PM,8/7/2023 2:00:00 PM,SERC,WEST,EKPC,EKPC,2030.004,True
8/7/2023 7:00:00 PM,8/7/2023 3:00:00 PM,SERC,WEST,EKPC,EKPC,2055.414,True
8/7/2023 8:00:00 PM,8/7/2023 4:00:00 PM,SERC,WEST,EKPC,EKPC,2138.693,True
8/7/2023 9:00:00 PM,8/7/2023 5:00:00 PM,SERC,WEST,EKPC,EKPC,2136.404,True
8/7/2023 10:00:00 PM,8/7/2023 6:00:00 PM,SERC,WEST,EKPC,EKPC,2109.428,True
8/7/2023 11:00:00 PM,8/7/2023 7:00:00 PM,SERC,WEST,EKPC,EKPC,2089.649,True
8/8/2023 12:00:00 AM,8/7/2023 8:00:00 PM,SERC,WEST,EKPC,EKPC,1953.256,True
8/8/2023 1:00:00 AM,8/7/2023 9:00:00 PM,SERC,WEST,EKPC,EKPC,1923.475,True
8/8/2023 2:00:00 AM,8/7/2023 10:00:00 PM,SERC,WEST,EKPC,EKPC,1752.565,True
8/8/2023 3:00:00 AM,8/7/2023 11:00:00 PM,SERC,WEST,EKPC,EKPC,1601.991,True
8/8/2023 4:00:00 AM,8/8/2023 12:00:00 AM,SERC,WEST,EKPC,EKPC,1448.497,True
8/8/2023 5:00:00 AM,8/8/2023 1:00:00 AM,SERC,WEST,EKPC,EKPC,1335.556,True
8/8/2023 6:00:00 AM,8/8/2023 2:00:00 AM,SERC,WEST,EKPC,EKPC,1345.814,True
8/8/2023 7:00:00 AM,8/8/2023 3:00:00 AM,SERC,WEST,EKPC,EKPC,1145.558,True
8/8/2023 8:00:00 AM,8/8/2023 4:00:00 AM,SERC,WEST,EKPC,EKPC,1276.832,True
8/8/2023 9:00:00 AM,8/8/2023 5:00:00 AM,SERC,WEST,EKPC,EKPC,1287.843,True
8/8/2023 10:00:00 AM,8/8/2023 6:00:00 AM,SERC,WEST,EKPC,EKPC,1342.360,True
8/8/2023 11:00:00 AM,8/8/2023 7:00:00 AM,SERC,WEST,EKPC,EKPC,1342.592,True
8/8/2023 12:00:00 PM,8/8/2023 8:00:00 AM,SERC,WEST,EKPC,EKPC,1329.716,True
8/8/2023 1:00:00 PM,8/8/2023 9:00:00 AM,SERC,WEST,EKPC,EKPC,1461.746,True
8/8/2023 2:00:00 PM,8/8/2023 10:00:00 AM,SERC,WEST,EKPC,EKPC,1586.417,True
8/8/2023 3:00:00 PM,8/8/2023 11:00:00 AM,SERC,WEST,EKPC,EKPC,1658.623,True
8/8/2023 4:00:00 PM,8/8/2023 12:00:00 PM,SERC,WEST,EKPC,EKPC,1818.939,True
8/8/2023 5:00:00 PM,8/8/2023 1:00:00 PM,SERC,WEST,EKPC,EKPC,1862.512,True
8/8/2023 6:00:00 PM,8/8/2023 2:00:00 PM,SERC,WEST,EKPC,EKPC,1903.941,True
8/8/2023 7:00:00 PM,8/8/2023 3:00:00 PM,SERC,WEST,EKPC,EKPC,1863.670,True
8/8/2023 8:00:00 PM,8/8/2023 4:00:00 PM,SERC,WEST,EKPC,EKPC,1896.136,True
8/8/2023 9:00:00 PM,8/8/2023 5:00:00 PM,SERC,WEST,EKPC,EKPC,1954.928,True
8/8/2023 10:00:00 PM,8/8/2023 6:00:00 PM,SERC,WEST,EKPC,EKPC,2043.153,True
8/8/2023 11:00:00 PM,8/8/2023 7:00:00 PM,SERC,WEST,EKPC,EKPC,1966.618,True
8/9/2023 12:00:00 AM,8/8/2023 8:00:00 PM,SERC,WEST,EKPC,EKPC,1906.602,True
8/9/2023 1:00:00 AM,8/8/2023 9:00:00 PM,SERC,WEST,EKPC,EKPC,1769.358,True
8/9/2023 2:00:00 AM,8/8/2023 10:00:00 PM,SERC,WEST,EKPC,EKPC,1605.915,True
8/9/2023 3:00:00 AM,8/8/2023 11:00:00 PM,SERC,WEST,EKPC,EKPC,1455.349,True
8/9/2023 4:00:00 AM,8/9/2023 12:00:00 AM,SERC,WEST,EKPC,EKPC,1357.958,True
8/9/2023 5:00:00 AM,8/9/2023 1:00:00 AM,SERC,WEST,EKPC,EKPC,1157.890,True
8/9/2023 6:00:00 AM,8/9/2023 2:00:00 AM,SERC,WEST,EKPC,EKPC,1126.734,True
8/9/2023 7:00:00 AM,8/9/2023 3:00:00 AM,SERC,WEST,EKPC,EKPC,1164.393,True
8/9/2023 8:00:00 AM,8/9/2023 4:00:00 AM,SERC,WEST,EKPC,EKPC,1179.581,True
8/9/2023 9:00:00 AM,8/9/2023 5:00:00 AM,SERC,WEST,EKPC,EKPC,1234.924,True
8/9/2023 10:00:00 AM,8/9/2023 6:00:00 AM,SERC,WEST,EKPC,EKPC,1378.345,True
8/9/2023 11:00:00 AM,8/9/2023 7:00:00 AM,SERC,WEST,EKPC,EKPC,1412.915,True
8/9/2023 12:00:00 PM,8/9/2023 8:00:00 AM,SERC,WEST,EKPC,EKPC,1309.132,True
8/9/2023 1:00:00 PM,8/9/2023 9:00:00 AM,SERC,WEST,EKPC,EKPC,1355.655,True
8/9/2023 2:00:00 PM,8/9/2023 10:00:00 AM,SERC,WEST,EKPC,EKPC,1482.030,True
8/9/2023 3:00:00 PM,8/9/2023 11:00:00 AM,SERC,WEST,EKPC,EKPC,1619.526,True
8/9/2023 4:00:00 PM,8/9/2023 12:00:00 PM,SERC,WEST,EKPC,EKPC,1672.715,True
8/9/2023 5:00:00 PM,8/9/2023 1:00:00 PM,SERC,WEST,EKPC,EKPC,1799.112,True
8/9/2023 6:00:00 PM,8/9/2023 2:00:00 PM,SERC,WEST,EKPC,EKPC,1932.518,True
8/9/2023 7:00:00 PM,8/9/2023 3:00:00 PM,SERC,WEST,EKPC,EKPC,1872.016,True
8/9/2023 8:00:00 PM,8/9/2023 4:00:00 PM,SERC,WEST,EKPC,EKPC,1848.729,True
8/9/2023 9:00:00 PM,8/9/2023 5:00:00 PM,SERC,WEST,EKPC,EKPC,1892.883,True
8/9/2023 10:00:00 PM,8/9/2023 6:00:00 PM,SERC,WEST,EKPC,EKPC,1852.303,True
8/9/2023 11:00:00 PM,8/9/2023 7:00:00 PM,SERC,WEST,EKPC,EKPC,1855.773,True
8/10/2023 12:00:00 AM,8/9/2023 8:00:00 PM,SERC,WEST,EKPC,EKPC,1839.025,True
8/10/2023 1:00:00 AM,8/9/2023 9:00:00 PM,SERC,WEST,EKPC,EKPC,1815.735,True
8/10/2023 2:00:00 AM,8/9/2023 10:00:00 PM,SERC,WEST,EKPC,EKPC,1664.046,True
8/10/2023 3:00:00 AM,8/9/2023 11:00:00 PM,SERC,WEST,EKPC,EKPC,1494.745,True
8/10/2023 4:00:00 AM,8/10/2023 12:00:00 AM,SERC,WEST,EKPC,EKPC,1396.112,True
8/10/2023 5:00:00 AM,8/10/2023 1:00:00 AM,SERC,WEST,EKPC,EKPC,1316.712,True
8/10/2023 6:00:00 AM,8/10/2023 2:00:00 AM,SERC,WEST,EKPC,EKPC,1312.474,True
8/10/2023 7:00:00 AM,8/10/2023 3:00:00 AM,SERC,WEST,EKPC,EKPC,1335.217,True
8/10/2023 8:00:00 AM,8/10/2023 4:00:00 AM,SERC,WEST,EKPC,EKPC,1271.356,True
8/10/2023 9:00:00 AM,8/10/2023 5:00:00 AM,SERC,WEST,EKPC,EKPC,1244.524,True
8/10/2023 10:00:00 AM,8/10/2023 6:00:00 AM,SERC,WEST,EKPC,EKPC,1337.316,True
8/10/2023 11:00:00 AM,8/10/2023 7:00:00 AM,SERC,WEST,EKPC,EKPC,1407.815,True
8/10/2023 12:00:00 PM,8/10/2023 8:00:00 AM,SERC,WEST,EKPC,EKPC,1437.892,True
8/10/2023 1:00:00 PM,8/10/2023 9:00:00 AM,SERC,WEST,EKPC,EKPC,1496.587,True
8/10/2023 2:00:00 PM,8/10/2023 10:00:00 AM,SERC,WEST,EKPC,EKPC,1539.569,True
8/10/2023 3:00:00 PM,8/10/2023 11:00:00 AM,SERC,WEST,EKPC,EKPC,1593.472,True
8/10/2023 4:00:00 PM,8/10/2023 12:00:00 PM,SERC,WEST,EKPC,EKPC,1674.946,True
8/10/2023 5:00:00 PM,8/10/2023 1:00:00 PM,SERC,WEST,EKPC,EKPC,1753.119,True
8/10/2023 6:00:00 PM,8/10/2023 2:00:00 PM,SERC,WEST,EKPC,EKPC,1824.969,True
8/10/2023 7:00:00 PM,8/10/2023 3:00:00 PM,SERC,WEST,EKPC,EKPC,1863.609,True
8/10/2023 8:00:00 PM,8/10/2023 4:00:00 PM,SERC,WEST,EKPC,EKPC,1907.260,True
8/10/2023 9:00:00 PM,8/10/2023 5:00:00 PM,SERC,WEST,EKPC,EKPC,2003.468,True
8/10/2023 10:00:00 PM,8/10/2023 6:00:00 PM,SERC,WEST,EKPC,EKPC,2004.624,True
8/10/2023 11:00:00 PM,8/10/2023 7:00:00 PM,SERC,WEST,EKPC,EKPC,1997.798,True
8/11/2023 12:00:00 AM,8/10/2023 8:00:00 PM,SERC,WEST,EKPC,EKPC,1808.591,True
8/11/2023 1:00:00 AM,8/10/2023 9:00:00 PM,SERC,WEST,EKPC,EKPC,1718.325,True
8/11/2023 2:00:00 AM,8/10/2023 10:00:00 PM,SERC,WEST,EKPC,EKPC,1555.418,True
8/11/2023 3:00:00 AM,8/10/2023 11:00:00 PM,SERC,WEST,EKPC,EKPC,1382.904,True
8/11/2023 4:00:00 AM,8/11/2023 12:00:00 AM,SERC,WEST,EKPC,EKPC,1249.608,True
8/11/2023 5:00:00 AM,8/11/2023 1:00:00 AM,SERC,WEST,EKPC,EKPC,1169.318,True
8/11/2023 6:00:00 AM,8/11/2023 2:00:00 AM,SERC,WEST,EKPC,EKPC,1153.175,True
8/11/2023 7:00:00 AM,8/11/2023 3:00:00 AM,SERC,WEST,EKPC,EKPC,1212.364,True
8/11/2023 8:00:00 AM,8/11/2023 4:00:00 AM,SERC,WEST,EKPC,EKPC,1121.581,True
8/11/2023 9:00:00 AM,8/11/2023 5:00:00 AM,SERC,WEST,EKPC,EKPC,1240.873,True
8/11/2023 10:00:00 AM,8/11/2023 6:00:00 AM,SERC,WEST,EKPC,EKPC,1303.803,True
8/11/2023 11:00:00 AM,8/11/2023 7:00:00 AM,SERC,WEST,EKPC,EKPC,1394.785,True
8/11/2023 12:00:00 PM,8/11/2023 8:00:00 AM,SERC,WEST,EKPC,EKPC,1469.369,True
8/11/2023 1:00:00 PM,8/11/2023 9:00:00 AM,SERC,WEST,EKPC,EKPC,1582.870,True
8/11/2023 2:00:00 PM,8/11/2023 10:00:00 AM,SERC,WEST,EKPC,EKPC,1607.842,True
8/11/2023 3:00:00 PM,8/11/2023 11:00:00 AM,SERC,WEST,EKPC,EKPC,1755.553,True
8/11/2023 4:00:00 PM,8/11/2023 12:00:00 PM,SERC,WEST,EKPC,EKPC,1890.015,True
8/11/2023 5:00:00 PM,8/11/2023 1:00:00 PM,SERC,WEST,EKPC,EKPC,1953.890,True
8/11/2023 6:00:00 PM,8/11/2023 2:00:00 PM,SERC,WEST,EKPC,EKPC,2029.764,True
8/11/2023 7:00:00 PM,8/11/2023 3:00:00 PM,SERC,WEST,EKPC,EKPC,2110.467,True
8/11/2023 8:00:00 PM,8/11/2023 4:00:00 PM,SERC,WEST,EKPC,EKPC,2164.522,True
8/11/2023 9:00:00 PM,8/11/2023 5:00:00 PM,SERC,WEST,EKPC,EKPC,2268.573,True
8/11/2023 10:00:00 PM,8/11/2023 6:00:00 PM,SERC,WEST,EKPC,EKPC,2206.535,True
8/11/2023 11:00:00 PM,8/11/2023 7:00:00 PM,SERC,WEST,EKPC,EKPC,2164.353,True
8/12/2023 12:00:00 AM,8/11/2023 8:00:00 PM,SERC,WEST,EKPC,EKPC,2062.364,True
8/12/2023 1:00:00 AM,8/11/2023 9:00:00 PM,SERC,WEST,EKPC,EKPC,1936.107,True
8/12/2023 2:00:00 AM,8/11/2023 10:00:00 PM,SERC,WEST,EKPC,EKPC,1773.114,True
8/12/2023 3:00:00 AM,8/11/2023 11:00:00 PM,SERC,WEST,EKPC,EKPC,1671.580,True
8/12/2023 4:00:00 AM,8/12/2023 12:00:00 AM,SERC,WEST,EKPC,EKPC,1413.413,True
8/12/2023 5:00:00 AM,8/12/2023 1:00:00 AM,SERC,WEST,EKPC,EKPC,1259.349,True
8/12/2023 6:00:00 AM,8/12/2023 2:00:00 AM,SERC,WEST,EKPC,EKPC,1181.275,True
8/12/2023 7:00:00 AM,8/12/2023 3:00:00 AM,SERC,WEST,EKPC,EKPC,1249.095,True
8/12/2023 8:00:00 AM,8/12/2023 4:00:00 AM,SERC,WEST,EKPC,EKPC,1181.901,True
8/12/2023 9:00:00 AM,8/12/2023 5:00:00 AM,SERC,WEST,EKPC,EKPC,1270.746,True
8/12/2023 10:00:00 AM,8/12/2023 6:00:00 AM,SERC,WEST,EKPC,EKPC,1251.569,True
8/12/2023 11:00:00 AM,8/12/2023 7:00:00 AM,SERC,WEST,EKPC,EKPC,1292.268,True
8/12/2023 12:00:00 PM,8/12/2023 8:00:00 AM,SERC,WEST,EKPC,EKPC,1278.462,True
8/12/2023 1:00:00 PM,8/12/2023 9:00:00 AM,SERC,WEST,EKPC,EKPC,1386.396,True
8/12/2023 2:00:00 PM,8/12/2023 10:00:00 AM,SERC,WEST,EKPC,EKPC,1533.096,True
8/12/2023 3:00:00 PM,8/12/2023 11:00:00 AM,SERC,WEST,EKPC,EKPC,1650.150,True
8/12/2023 4:00:00 PM,8/12/2023 12:00:00 PM,SERC,WEST,EKPC,EKPC,1756.850,True
8/12/2023 5:00:00 PM,8/12/2023 1:00:00 PM,SERC,WEST,EKPC,EKPC,1752.295,True
8/12/2023 6:00:00 PM,8/12/2023 2:00:00 PM,SERC,WEST,EKPC,EKPC,1875.224,True
8/12/2023 7:00:00 PM,8/12/2023 3:00:00 PM,SERC,WEST,EKPC,EKPC,1909.276,True
8/12/2023 8:00:00 PM,8/12/2023 4:00:00 PM,SERC,WEST,EKPC,EKPC,2018.867,True
8/12/2023 9:00:00 PM,8/12/2023 5:00:00 PM,SERC,WEST,EKPC,EKPC,2127.233,True
8/12/2023 10:00:00 PM,8/12/2023 6:00:00 PM,SERC,WEST,EKPC,EKPC,2112.417,True
8/12/2023 11:00:00 PM,8/12/2023 7:00:00 PM,SERC,WEST,EKPC,EKPC,2003.348,True
8/13/2023 12:00:00 AM,8/12/2023 8:00:00 PM,SERC,WEST,EKPC,EKPC,1954.499,True
8/13/2023 1:00:00 AM,8/12/2023 9:00:00 PM,SERC,WEST,EKPC,EKPC,1893.312,True
8/13/2023 2:00:00 AM,8/12/2023 10:00:00 PM,SERC,WEST,EKPC,EKPC,1779.397,True
8/13/2023 3:00:00 AM,8/12/2023 11:00:00 PM,SERC,WEST,EKPC,EKPC,1646.008,True
8/13/2023 4:00:00 AM,8/13/2023 12:00:00 AM,SERC,WEST,EKPC,EKPC,1449.568,True
8/13/2023 5:00:00 AM,8/13/2023 1:00:00 AM,SERC,WEST,EKPC,EKPC,1311.290,True
8/13/2023 6:00:00 AM,8/13/2023 2:00:00 AM,SERC,WEST,EKPC,EKPC,1273.586,True
8/13/2023 7:00:00 AM,8/13/2023 3:00:00 AM,SERC,WEST,EKPC,EKPC,1272.797,True
8/13/2023 8:00:00 AM,8/13/2023 4:00:00 AM,SERC,WEST,EKPC,EKPC,1276.030,True
8/13/2023 9:00:00 AM,8/13/2023 5:00:00 AM,SERC,WEST,EKPC,EKPC,1305.085,True
8/13/2023 10:00:00 AM,8/13/2023 6:00:00 AM,SERC,WEST,EKPC,EKPC,1283.803,True
8/13/2023 11:00:00 AM,8/13/2023 7:00:00 AM,SERC,WEST,EKPC,EKPC,1270.759,True
8/13/2023 12:00:00 PM,8/13/2023 8:00:00 AM,SERC,WEST,EKPC,EKPC,1459.910,True
8/13/2023 1:00:00 PM,8/13/2023 9:00:00 AM,SERC,WEST,EKPC,EKPC,1603.607,True
8/13/2023 2:00:00 PM,8/13/2023 10:00:00 AM,SERC,WEST,EKPC,EKPC,1581.696,True
8/13/2023 3:00:00 PM,8/13/2023 11:00:00 AM,SERC,WEST,EKPC,EKPC,1732.571,True
8/13/2023 4:00:00 PM,8/13/2023 12:00:00 PM,SERC,WEST,EKPC,EKPC,1956.668,True
8/13/2023 5:00:00 PM,8/13/2023 1:00:00 PM,SERC,WEST,EKPC,EKPC,2082.037,True
8/13/2023 6:00:00 PM,8/13/2023 2:00:00 PM,SERC,WEST,EKPC,EKPC,2223.757,True
8/13/2023 7:00:00 PM,8/13/2023 3:00:00 PM,SERC,WEST,EKPC,EKPC,2198.305,True
8/13/2023 8:00:00 PM,8/13/2023 4:00:00 PM,SERC,WEST,EKPC,EKPC,2323.754,True
8/13/2023 9:00:00 PM,8/13/2023 5:00:00 PM,SERC,WEST,EKPC,EKPC,2325.885,True
8/13/2023 10:00:00 PM,8/13/2023 6:00:00 PM,SERC,WEST,EKPC,EKPC,2267.783,True
8/13/2023 11:00:00 PM,8/13/2023 7:00:00 PM,SERC,WEST,EKPC,EKPC,2000.414,True
8/14/2023 12:00:00 AM,8/13/2023 8:00:00 PM,SERC,WEST,EKPC,EKPC,1931.133,True
8/14/2023 1:00:00 AM,8/13/2023 9:00:00 PM,SERC,WEST,EKPC,EKPC,1886.735,True
8/14/2023 2:00:00 AM,8/13/2023 10:00:00 PM,SERC,WEST,EKPC,EKPC,1778.380,True
8/14/2023 3:00:00 AM,8/13/2023 11:00:00 PM,SERC,WEST,EKPC,EKPC,1603.942,True
8/14/2023 4:00:00 AM,8/14/2023 12:00:00 AM,SERC,WEST,EKPC,EKPC,1510.823,True
8/14/2023 5:00:00 AM,8/14/2023 1:00:00 AM,SERC,WEST,EKPC,EKPC,1355.008,True
8/14/2023 6:00:00 AM,8/14/2023 2:00:00 AM,SERC,WEST,EKPC,EKPC,1251.684,True
8/14/2023 7:00:00 AM,8/14/2023 3:00:00 AM,SERC,WEST,EKPC,EKPC,1221.274,True
8/14/2023 8:00:00 AM,8/14/2023 4:00:00 AM,SERC,WEST,EKPC,EKPC,1212.732,True
8/14/2023 9:00:00 AM,8/14/2023 5:00:00 AM,SERC,WEST,EKPC,EKPC,1304.007,True
8/14/2023 10:00:00 AM,8/14/2023 6:00:00 AM,SERC,WEST,EKPC,EKPC,1368.525,True
8/14/2023 11:00:00 AM,8/14/2023 7:00:00 AM,SERC,WEST,EKPC,EKPC,1421.142,True
8/14/2023 12:00:00 PM,8/14/2023 8:00:00 AM,SERC,WEST,EKPC,EKPC,1424.378,True
8/14/2023 1:00:00 PM,8/14/2023 9:00:00 AM,SERC,WEST,EKPC,EKPC,1524.779,True
8/14/2023 2:00:00 PM,8/14/2023 10:00:00 AM,SERC,WEST,EKPC,EKPC,1617.274,True
8/14/2023 3:00:00 PM,8/14/2023 11:00:00 AM,SERC,WEST,EKPC,EKPC,1626.123,True
8/14/2023 4:00:00 PM,8/14/2023 12:00:00 PM,SERC,WEST,EKPC,EKPC,1749.272,True
8/14/2023 5:00:00 PM,8/14/2023 1:00:00 PM,SERC,WEST,EKPC,EKPC,1847.119,True
8/14/2023 6:00:00 PM,8/14/2023 2:00:00 PM,SERC,WEST,EKPC,EKPC,1784.613,True
8/14/2023 7:00:00 PM,8/14/2023 3:00:00 PM,SERC,WEST,EKPC,EKPC,1858.326,True
8/14/2023 8:00:00 PM,8/14/2023 4:00:00 PM,SERC,WEST,EKPC,EKPC,2084.040,True
8/14/2023 9:00:00 PM,8/14/2023 5:00:00 PM,SERC,WEST,EKPC,EKPC,2177.579,True
8/14/2023 10:00:00 PM,8/14/2023 6:00:00 PM,SERC,WEST,EKPC,EKPC,2202.666,True
8/14/2023 11:00:00 PM,8/14/2023 7:00:00 PM,SERC,WEST,EKPC,EKPC,2171.243,True
8/15/2023 12:00:00 AM,8/14/2023 8:00:00 PM,SERC,WEST,EKPC,EKPC,2092.591,True
8/15/2023 1:00:00 AM,8/14/2023 9:00:00 PM,SERC,WEST,EKPC,EKPC,1976.750,True
8/15/2023 2:00:00 AM,8/14/2023 10:00:00 PM,SERC,WEST,EKPC,EKPC,1804.594,True
8/15/2023 3:00:00 AM,8/14/2023 11:00:00 PM,SERC,WEST,EKPC,EKPC,1680.690,True
8/15/2023 4:00:00 AM,8/15/2023 12:00:00 AM,SERC,WEST,EKPC,EKPC,1533.972,True
8/15/2023 5:00:00 AM,8/15/2023 1:00:00 AM,SERC,WEST,EKPC,EKPC,1370.269,True
8/15/2023 6:00:00 AM,8/15/2023 2:00:00 AM,SERC,WEST,EKPC,EKPC,1333.629,True
8/15/2023 7:00:00 AM,8/15/2023 3:00:00 AM,SERC,WEST,EKPC,EKPC,1302.830,True
8/15/2023 8:00:00 AM,8/15/2023 4:00:00 AM,SERC,WEST,EKPC,EKPC,1249.507,True
8/15/2023 9:00:00 AM,8/15/2023 5:00:00 AM,SERC,WEST,EKPC,EKPC,1232.495,True
8/15/2023 10:00:00 AM,8/15/2023 6:00:00 AM,SERC,WEST,EKPC,EKPC,1265.094,True
8/15/2023 11:00:00 AM,8/15/2023 7:00:00 AM,SERC,WEST,EKPC,EKPC,1301.823,True
8/15/2023 12:00:00 PM,8/15/2023 8:00:00 AM,SERC,WEST,EKPC,EKPC,1462.858,True
8/15/2023 1:00:00 PM,8/15/2023 9:00:00 AM,SERC,WEST,EKPC,EKPC,1560.070,True
8/15/2023 2:00:00 PM,8/15/2023 10:00:00 AM,SERC,WEST,EKPC,EKPC,1641.110,True
8/15/2023 3:00:00 PM,8/15/2023 11:00:00 AM,SERC,WEST,EKPC,EKPC,1715.806,True
8/15/2023 4:00:00 PM,8/15/2023 12:00:00 PM,SERC,WEST,EKPC,EKPC,1753.799,True
8/15/2023 5:00:00 PM,8/15/2023 1:00:00 PM,SERC,WEST,EKPC,EKPC,1760.171,True
8/15/2023 6:00:00 PM,8/15/2023 2:00:00 PM,SERC,WEST,EKPC,EKPC,1830.907,True
8/15/2023 7:00:00 PM,8/15/2023 3:00:00 PM,SERC,WEST,EKPC,EKPC,1842.781,True
8/15/2023 8:00:00 PM,8/15/2023 4:00:00 PM,SERC,WEST,EKPC,EKPC,1850.026,True
8/15/2023 9:00:00 PM,8/15/2023 5:00:00 PM,SERC,WEST,EKPC,EKPC,1868.135,True
8/15/2023 10:00:00 PM,8/15/2023 6:00:00 PM,SERC,WEST,EKPC,EKPC,1816.271,True
8/15/2023 11:00:00 PM,8/15/2023 7:00:00 PM,SERC,WEST,EKPC,EKPC,1815.649,True
8/16/2023 12:00:00 AM,8/15/2023 8:00:00 PM,SERC,WEST,EKPC,EKPC,1715.647,True
8/16/2023 1:00:00 AM,8/15/2023 9:00:00 PM,SERC,WEST,EKPC,EKPC,1723.399,True
8/16/2023 2:00:00 AM,8/15/2023 10:00:00 PM,SERC,WEST,EKPC,EKPC,1576.810,True
8/16/2023 3:00:00 AM,8/15/2023 11:00:00 PM,SERC,WEST,EKPC,EKPC,1444.320,True
8/16/2023 4:00:00 AM,8/16/2023 12:00:00 AM,SERC,WEST,EKPC,EKPC,1336.109,True
8/16/2023 5:00:00 AM,8/16/2023 1:00:00 AM,SERC,WEST,EKPC,EKPC,1273.242,True
8/16/2023 6:00:00 AM,8/16/2023 2:00:00 AM,SERC,WEST,EKPC,EKPC,1180.532,True
8/16/2023 7:00:00 AM,8/16/2023 3:00:00 AM,SERC,WEST,EKPC,EKPC,1094.530,True
8/16/2023 8:00:00 AM,8/16/2023 4:00:00 AM,SERC,WEST,EKPC,EKPC,1044.872,True
8/16/2023 9:00:00 AM,8/16/2023 5:00:00 AM,SERC,WEST,EKPC,EKPC,1094.842,True
8/16/2023 10:00:00 AM,8/16/2023 6:00:00 AM,SERC,WEST,EKPC,EKPC,1313.501,True
8/16/2023 11:00:00 AM,8/16/2023 7:00:00 AM,SERC,WEST,EKPC,EKPC,1280.137,True
8/16/2023 12:00:00 PM,8/16/2023 8:00:00 AM,SERC,WEST,EKPC,EKPC,1276.375,True
8/16/2023 1:00:00 PM,8/16/2023 9:00:00 AM,SERC,WEST,EKPC,EKPC,1313.241,True
8/16/2023 2:00:00 PM,8/16/2023 10:00:00 AM,SERC,WEST,EKPC,EKPC,1381.035,True
8/16/2023 3:00:00 PM,8/16/2023 11:00:00 AM,SERC,WEST,EKPC,EKPC,1430.860,True
8/16/2023 4:00:00 PM,8/16/2023 12:00:00 PM,SERC,WEST,EKPC,EKPC,1495.599,True
8/16/2023 5:00:00 PM,8/16/2023 1:00:00 PM,SERC,WEST,EKPC,EKPC,1561.868,True
8/16/2023 6:00:00 PM,8/16/2023 2:00:00 PM,SERC,WEST,EKPC,EKPC,1600.232,True
8/16/2023 7:00:00 PM,8/16/2023 3:00:00 PM,SERC,WEST,EKPC,EKPC,1647.645,True
8/16/2023 8:00:00 PM,8/16/2023 4:00:00 PM,SERC,WEST,EKPC,EKPC,1772.675,True
8/16/2023 9:00:00 PM,8/16/2023 5:00:00 PM,SERC,WEST,EKPC,EKPC,1839.607,True
8/16/2023 10:00:00 PM,8/16/2023 6:00:00 PM,SERC,WEST,EKPC,EKPC,1739.456,True
8/16/2023 11:00:00 PM,8/16/2023 7:00:00 PM,SERC,WEST,EKPC,EKPC,1746.977,True
8/17/2023 12:00:00 AM,8/16/2023 8:00:00 PM,SERC,WEST,EKPC,EKPC,1754.044,True
8/17/2023 1:00:00 AM,8/16/2023 9:00:00 PM,SERC,WEST,EKPC,EKPC,1761.461,True
8/17/2023 2:00:00 AM,8/16/2023 10:00:00 PM,SERC,WEST,EKPC,EKPC,1519.889,True
8/17/2023 3:00:00 AM,8/16/2023 11:00:00 PM,SERC,WEST,EKPC,EKPC,1412.304,True
8/17/2023 4:00:00 AM,8/17/2023 12:00:00 AM,SERC,WEST,EKPC,EKPC,1334.645,True
8/17/2023 5:00:00 AM,8/17/2023 1:00:00 AM,SERC,WEST,EKPC,EKPC,1207.716,True
8/17/2023 6:00:00 AM,8/17/2023 2:00:00 AM,SERC,WEST,EKPC,EKPC,1153.803,True
8/17/2023 7:00:00 AM,8/17/2023 3:00:00 AM,SERC,WEST,EKPC,EKPC,1126.680,True
8/17/2023 8:00:00 AM,8/17/2023 4:00:00 AM,SERC,WEST,EKPC,EKPC,1101.856,True
8/17/2023 9:00:00 AM,8/17/2023 5:00:00 AM,SERC,WEST,EKPC,EKPC,1191.169,True
8/17/2023 10:00:00 AM,8/17/2023 6:00:00 AM,SERC,WEST,EKPC,EKPC,1285.034,True
8/17/2023 11:00:00 AM,8/17/2023 7:00:00 AM,SERC,WEST,EKPC,EKPC,1288.140,True
8/17/2023 12:00:00 PM,8/17/2023 8:00:00 AM,SERC,WEST,EKPC,EKPC,1342.393,True
8/17/2023 1:00:00 PM,8/17/2023 9:00:00 AM,SERC,WEST,EKPC,EKPC,1397.283,True
8/17/2023 2:00:00 PM,8/17/2023 10:00:00 AM,SERC,WEST,EKPC,EKPC,1550.621,True
8/17/2023 3:00:00 PM,8/17/2023 11:00:00 AM,SERC,WEST,EKPC,EKPC,1618.592,True
8/17/2023 4:00:00 PM,8/17/2023 12:00:00 PM,SERC,WEST,EKPC,EKPC,1764.309,True
8/17/2023 5:00:00 PM,8/17/2023 1:00:00 PM,SERC,WEST,EKPC,EKPC,1844.271,True
8/17/2023 6:00:00 PM,8/17/2023 2:00:00 PM,SERC,WEST,EKPC,EKPC,1869.739,True
8/17/2023 7:00:00 PM,8/17/2023 3:00:00 PM,SERC,WEST,EKPC,EKPC,1894.682,True
8/17/2023 8:00:00 PM,8/17/2023 4:00:00 PM,SERC,WEST,EKPC,EKPC,1979.157,True
8/17/2023 9:00:00 PM,8/17/2023 5:00:00 PM,SERC,WEST,EKPC,EKPC,1906.542,True
8/17/2023 10:00:00 PM,8/17/2023 6:00:00 PM,SERC,WEST,EKPC,EKPC,1811.501,True
8/17/2023 11:00:00 PM,8/17/2023 7:00:00 PM,SERC,WEST,EKPC,EKPC,1739.247,True
8/18/2023 12:00:00 AM,8/17/2023 8:00:00 PM,SERC,WEST,EKPC,EKPC,1698.558,True
8/18/2023 1:00:00 AM,8/17/2023 9:00:00 PM,SERC,WEST,EKPC,EKPC,1682.319,True
8/18/2023 2:00:00 AM,8/17/2023 10:00:00 PM,SERC,WEST,EKPC,EKPC,1593.331,True
8/18/2023 3:00:00 AM,8/17/2023 11:00:00 PM,SERC,WEST,EKPC,EKPC,1501.667,True
8/18/2023 4:00:00 AM,8/18/2023 12:00:00 AM,SERC,WEST,EKPC,EKPC,1269.070,True
8/18/2023 5:00:00 AM,8/18/2023 1:00:00 AM,SERC,WEST,EKPC,EKPC,1157.604,True
8/18/2023 6:00:00 AM,8/18/2023 2:00:00 AM,SERC,WEST,EKPC,EKPC,1116.473,True
8/18/2023 7:00:00 AM,8/18/2023 3:00:00 AM,SERC,WEST,EKPC,EKPC,1081.534,True
8/18/2023 8:00:00 AM,8/18/2023 4:00:00 AM,SERC,WEST,EKPC,EKPC,1198.406,True
8/18/2023 9:00:00 AM,8/18/2023 5:00:00 AM,SERC,WEST,EKPC,EKPC,1218.947,True
8/18/2023 10:00:00 AM,8/18/2023 6:00:00 AM,SERC,WEST,EKPC,EKPC,1258.814,True
8/18/2023 11:00:00 AM,8/18/2023 7:00:00 AM,SERC,WEST,EKPC,EKPC,1315.476,True
8/18/2023 12:00:00 PM,8/18/2023 8:00:00 AM,SERC,WEST,EKPC,EKPC,1323.512,True
8/18/2023 1:00:00 PM,8/18/2023 9:00:00 AM,SERC,WEST,EKPC,EKPC,1403.070,True
8/18/2023 2:00:00 PM,8/18/2023 10:00:00 AM,SERC,WEST,EKPC,EKPC,1486.892,True
8/18/2023 3:00:00 PM,8/18/2023 11:00:00 AM,SERC,WEST,EKPC,EKPC,1507.802,True
8/18/2023 4:00:00 PM,8/18/2023 12:00:00 PM,SERC,WEST,EKPC,EKPC,1620.134,True
8/18/2023 5:00:00 PM,8/18/2023 1:00:00 PM,SERC,WEST,EKPC,EKPC,1660.764,True
8/18/2023 6:00:00 PM,8/18/2023 2:00:00 PM,SERC,WEST,EKPC,EKPC,1759.617,True
8/18/2023 7:00:00 PM,8/18/2023 3:00:00 PM,SERC,WEST,EKPC,EKPC,1833.141,True
8/18/2023 8:00:00 PM,8/18/2023 4:00:00 PM,SERC,WEST,EKPC,EKPC,1907.502,True
8/18/2023 9:00:00 PM,8/18/2023 5:00:00 PM,SERC,WEST,EKPC,EKPC,1974.861,True
8/18/2023 10:00:00 PM,8/18/2023 6:00:00 PM,SERC,WEST,EKPC,EKPC,1956.649,True
8/18/2023 11:00:00 PM,8/18/2023 7:00:00 PM,SERC,WEST,EKPC,EKPC,1824.793,True
8/19/2023 12:00:00 AM,8/18/2023 8:00:00 PM,SERC,WEST,EKPC,EKPC,1664.766,True
8/19/2023 1:00:00 AM,8/18/2023 9:00:00 PM,SERC,WEST,EKPC,EKPC,1593.883,True
8/19/2023 2:00:00 AM,8/18/2023 10:00:00 PM,SERC,WEST,EKPC,EKPC,1426.673,True
8/19/2023 3:00:00 AM,8/18/2023 11:00:00 PM,SERC,WEST,EKPC,EKPC,1246.278,True
8/19/2023 4:00:00 AM,8/19/2023 12:00:00 AM,SERC,WEST,EKPC,EKPC,1112.879,True
8/19/2023 5:00:00 AM,8/19/2023 1:00:00 AM,SERC,WEST,EKPC,EKPC,1038.713,True
8/19/2023 6:00:00 AM,8/19/2023 2:00:00 AM,SERC,WEST,EKPC,EKPC,1152.055,True
8/19/2023 7:00:00 AM,8/19/2023 3:00:00 AM,SERC,WEST,EKPC,EKPC,1133.683,True
8/19/2023 8:00:00 AM,8/19/2023 4:00:00 AM,SERC,WEST,EKPC,EKPC,1085.068,True
8/19/2023 9:00:00 AM,8/19/2023 5:00:00 AM,SERC,WEST,EKPC,EKPC,1080.496,True
8/19/2023 10:00:00 AM,8/19/2023 6:00:00 AM,SERC,WEST,EKPC,EKPC,1149.674,True
8/19/2023 11:00:00 AM,8/19/2023 7:00:00 AM,SERC,WEST,EKPC,EKPC,1094.888,True
8/19/2023 12:00:00 PM,8/19/2023 8:00:00 AM,SERC,WEST,EKPC,EKPC,1233.357,True
8/19/2023 1:00:00 PM,8/19/2023 9:00:00 AM,SERC,WEST,EKPC,EKPC,1314.709,True
8/19/2023 2:00:00 PM,8/19/2023 10:00:00 AM,SERC,WEST,EKPC,EKPC,1416.050,True
8/19/2023 3:00:00 PM,8/19/2023 11:00:00 AM,SERC,WEST,EKPC,EKPC,1502.506,True
8/19/2023 4:00:00 PM,8/19/2023 12:00:00 PM,SERC,WEST,EKPC,EKPC,1543.899,True
8/19/2023 5:00:00 PM,8/19/2023 1:00:00 PM,SERC,WEST,EKPC,EKPC,1628.352,True
8/19/2023 6:00:00 PM,8/19/2023 2:00:00 PM,SERC,WEST,EKPC,EKPC,1757.323,True
8/19/2023 7:00:00 PM,8/19/2023 3:00:00 PM,SERC,WEST,EKPC,EKPC,1884.682,True
8/19/2023 8:00:00 PM,8/19/2023 4:00:00 PM,SERC,WEST,EKPC,EKPC,1965.816,True
8/19/2023 9:00:00 PM,8/19/2023 5:00:00 PM,SERC,WEST,EKPC,EKPC,1939.729,True
8/19/2023 10:00:00 PM,8/19/2023 6:00:00 PM,SERC,WEST,EKPC,EKPC,1980.723,True
8/19/2023 11:00:00 PM,8/19/2023 7:00:00 PM,SERC,WEST,EKPC,EKPC,1905.071,True
8/20/2023 12:00:00 AM,8/19/2023 8:00:00 PM,SERC,WEST,EKPC,EKPC,1743.584,True
8/20/2023 1:00:00 AM,8/19/2023 9:00:00 PM,SERC,WEST,EKPC,EKPC,1715.337,True
8/20/2023 2:00:00 AM,8/19/2023 10:00:00 PM,SERC,WEST,EKPC,EKPC,1538.390,True
8/20/2023 3:00:00 AM,8/19/2023 11:00:00 PM,SERC,WEST,EKPC,EKPC,1307.513,True
8/20/2023 4:00:00 AM,8/20/2023 12:00:00 AM,SERC,WEST,EKPC,EKPC,1167.753,True
8/20/2023 5:00:00 AM,8/20/2023 1:00:00 AM,SERC,WEST,EKPC,EKPC,1144.837,True
8/20/2023 6:00:00 AM,8/20/2023 2:00:00 AM,SERC,WEST,EKPC,EKPC,1236.749,True
8/20/2023 7:00:00 AM,8/20/2023 3:00:00 AM,SERC,WEST,EKPC,EKPC,1142.744,True
8/20/2023 8:00:00 AM,8/20/2023 4:00:00 AM,SERC,WEST,EKPC,EKPC,1144.151,True
8/20/2023 9:00:00 AM,8/20/2023 5:00:00 AM,SERC,WEST,EKPC,EKPC,991.786,True
8/20/2023 10:00:00 AM,8/20/2023 6:00:00 AM,SERC,WEST,EKPC,EKPC,984.828,True
8/20/2023 11:00:00 AM,8/20/2023 7:00:00 AM,SERC,WEST,EKPC,EKPC,1033.110,True
8/20/2023 12:00:00 PM,8/20/2023 8:00:00 AM,SERC,WEST,EKPC,EKPC,1167.515,True
8/20/2023 1:00:00 PM,8/20/2023 9:00:00 AM,SERC,WEST,EKPC,EKPC,1313.263,True
8/20/2023 2:00:00 PM,8/20/2023 10:00:00 AM,SERC,WEST,EKPC,EKPC,1531.486,True
8/20/2023 3:00:00 PM,8/20/2023 11:00:00 AM,SERC,WEST,EKPC,EKPC,1690.908,True
8/20/2023 4:00:00 PM,8/20/2023 12:00:00 PM,SERC,WEST,EKPC,EKPC,1889.705,True
8/20/2023 5:00:00 PM,8/20/2023 1:00:00 PM,SERC,WEST,EKPC,EKPC,1978.271,True
8/20/2023 6:00:00 PM,8/20/2023 2:00:00 PM,SERC,WEST,EKPC,EKPC,2130.028,True
8/20/2023 7:00:00 PM,8/20/2023 3:00:00 PM,SERC,WEST,EKPC,EKPC,2220.758,True
8/20/2023 8:00:00 PM,8/20/2023 4:00:00 PM,SERC,WEST,EKPC,EKPC,2319.771,True
8/20/2023 9:00:00 PM,8/20/2023 5:00:00 PM,SERC,WEST,EKPC,EKPC,2254.450,True
8/20/2023 10:00:00 PM,8/20/2023 6:00:00 PM,SERC,WEST,EKPC,EKPC,2332.626,True
8/20/2023 11:00:00 PM,8/20/2023 7:00:00 PM,SERC,WEST,EKPC,EKPC,2278.672,True
8/21/2023 12:00:00 AM,8/20/2023 8:00:00 PM,SERC,WEST,EKPC,EKPC,2135.290,True
8/21/2023 1:00:00 AM,8/20/2023 9:00:00 PM,SERC,WEST,EKPC,EKPC,2014.329,True
8/21/2023 2:00:00 AM,8/20/2023 10:00:00 PM,SERC,WEST,EKPC,EKPC,1844.796,True
8/21/2023 3:00:00 AM,8/20/2023 11:00:00 PM,SERC,WEST,EKPC,EKPC,1670.557,True
8/21/2023 4:00:00 AM,8/21/2023 12:00:00 AM,SERC,WEST,EKPC,EKPC,1541.470,True
8/21/2023 5:00:00 AM,8/21/2023 1:00:00 AM,SERC,WEST,EKPC,EKPC,1425.468,True
8/21/2023 6:00:00 AM,8/21/2023 2:00:00 AM,SERC,WEST,EKPC,EKPC,1327.051,True
8/21/2023 7:00:00 AM,8/21/2023 3:00:00 AM,SERC,WEST,EKPC,EKPC,1275.469,True
8/21/2023 8:00:00 AM,8/21/2023 4:00:00 AM,SERC,WEST,EKPC,EKPC,1236.913,True
8/21/2023 9:00:00 AM,8/21/2023 5:00:00 AM,SERC,WEST,EKPC,EKPC,1291.285,True
8/21/2023 10:00:00 AM,8/21/2023 6:00:00 AM,SERC,WEST,EKPC,EKPC,1406.104,True
8/21/2023 11:00:00 AM,8/21/2023 7:00:00 AM,SERC,WEST,EKPC,EKPC,1425.142,True
8/21/2023 12:00:00 PM,8/21/2023 8:00:00 AM,SERC,WEST,EKPC,EKPC,1505.905,True
8/21/2023 1:00:00 PM,8/21/2023 9:00:00 AM,SERC,WEST,EKPC,EKPC,1687.386,True
8/21/2023 2:00:00 PM,8/21/2023 10:00:00 AM,SERC,WEST,EKPC,EKPC,1678.376,True
8/21/2023 3:00:00 PM,8/21/2023 11:00:00 AM,SERC,WEST,EKPC,EKPC,1839.212,True
8/21/2023 4:00:00 PM,8/21/2023 12:00:00 PM,SERC,WEST,EKPC,EKPC,2040.686,True
8/21/2023 5:00:00 PM,8/21/2023 1:00:00 PM,SERC,WEST,EKPC,EKPC,2298.905,True
8/21/2023 6:00:00 PM,8/21/2023 2:00:00 PM,SERC,WEST,EKPC,EKPC,2342.630,True
8/21/2023 7:00:00 PM,8/21/2023 3:00:00 PM,SERC,WEST,EKPC,EKPC,2349.869,True
8/21/2023 8:00:00 PM,8/21/2023 4:00:00 PM,SERC,WEST,EKPC,EKPC,2311.131,True
8/21/2023 9:00:00 PM,8/21/2023 5:00:00 PM,SERC,WEST,EKPC,EKPC,2302.542,True
8/21/2023 10:00:00 PM,8/21/2023 6:00:00 PM,SERC,WEST,EKPC,EKPC,2413.616,True
8/21/2023 11:00:00 PM,8/21/2023 7:00:00 PM,SERC,WEST,EKPC,EKPC,2336.516,True
8/22/2023 12:00:00 AM,8/21/2023 8:00:00 PM,SERC,WEST,EKPC,EKPC,2204.738,True
8/22/2023 1:00:00 AM,8/21/2023 9:00:00 PM,SERC,WEST,EKPC,EKPC,2079.664,True
8/22/2023 2:00:00 AM,8/21/2023 10:00:00 PM,SERC,WEST,EKPC,EKPC,1997.606,True
8/22/2023 3:00:00 AM,8/21/2023 11:00:00 PM,SERC,WEST,EKPC,EKPC,1840.388,True
8/22/2023 4:00:00 AM,8/22/2023 12:00:00 AM,SERC,WEST,EKPC,EKPC,1689.897,True
8/22/2023 5:00:00 AM,8/22/2023 1:00:00 AM,SERC,WEST,EKPC,EKPC,1620.773,True
8/22/2023 6:00:00 AM,8/22/2023 2:00:00 AM,SERC,WEST,EKPC,EKPC,1493.244,True
8/22/2023 7:00:00 AM,8/22/2023 3:00:00 AM,SERC,WEST,EKPC,EKPC,1403.636,True
8/22/2023 8:00:00 AM,8/22/2023 4:00:00 AM,SERC,WEST,EKPC,EKPC,1292.485,True
8/22/2023 9:00:00 AM,8/22/2023 5:00:00 AM,SERC,WEST,EKPC,EKPC,1322.334,True
8/22/2023 10:00:00 AM,8/22/2023 6:00:00 AM,SERC,WEST,EKPC,EKPC,1493.180,True
8/22/2023 11:00:00 AM,8/22/2023 7:00:00 AM,SERC,WEST,EKPC,EKPC,1573.972,True
8/22/2023 12:00:00 PM,8/22/2023 8:00:00 AM,SERC,WEST,EKPC,EKPC,1642.291,True
8/22/2023 1:00:00 PM,8/22/2023 9:00:00 AM,SERC,WEST,EKPC,EKPC,1716.915,True
8/22/2023 2:00:00 PM,8/22/2023 10:00:00 AM,SERC,WEST,EKPC,EKPC,1899.981,True
8/22/2023 3:00:00 PM,8/22/2023 11:00:00 AM,SERC,WEST,EKPC,EKPC,2065.888,True
8/22/2023 4:00:00 PM,8/22/2023 12:00:00 PM,SERC,WEST,EKPC,EKPC,2196.338,True
8/22/2023 5:00:00 PM,8/22/2023 1:00:00 PM,SERC,WEST,EKPC,EKPC,2311.401,True
8/22/2023 6:00:00 PM,8/22/2023 2:00:00 PM,SERC,WEST,EKPC,EKPC,2337.654,True
8/22/2023 7:00:00 PM,8/22/2023 3:00:00 PM,SERC,WEST,EKPC,EKPC,2365.394,True
8/22/2023 8:00:00 PM,8/22/2023 4:00:00 PM,SERC,WEST,EKPC,EKPC,2442.124,True
8/22/2023 9:00:00 PM,8/22/2023 5:00:00 PM,SERC,WEST,EKPC,EKPC,2433.309,True
8/22/2023 10:00:00 PM,8/22/2023 6:00:00 PM,SERC,WEST,EKPC,EKPC,2411.234,True
8/22/2023 11:00:00 PM,8/22/2023 7:00:00 PM,SERC,WEST,EKPC,EKPC,2292.931,True
8/23/2023 12:00:00 AM,8/22/2023 8:00:00 PM,SERC,WEST,EKPC,EKPC,2209.765,True
8/23/2023 1:00:00 AM,8/22/2023 9:00:00 PM,SERC,WEST,EKPC,EKPC,2075.104,True
8/23/2023 2:00:00 AM,8/22/2023 10:00:00 PM,SERC,WEST,EKPC,EKPC,1909.286,True
8/23/2023 3:00:00 AM,8/22/2023 11:00:00 PM,SERC,WEST,EKPC,EKPC,1685.091,True
8/23/2023 4:00:00 AM,8/23/2023 12:00:00 AM,SERC,WEST,EKPC,EKPC,1480.706,True
8/23/2023 5:00:00 AM,8/23/2023 1:00:00 AM,SERC,WEST,EKPC,EKPC,1363.583,True
8/23/2023 6:00:00 AM,8/23/2023 2:00:00 AM,SERC,WEST,EKPC,EKPC,1281.380,True
8/23/2023 7:00:00 AM,8/23/2023 3:00:00 AM,SERC,WEST,EKPC,EKPC,1223.868,True
8/23/2023 8:00:00 AM,8/23/2023 4:00:00 AM,SERC,WEST,EKPC,EKPC,1208.986,True
8/23/2023 9:00:00 AM,8/23/2023 5:00:00 AM,SERC,WEST,EKPC,EKPC,1228.989,True
8/23/2023 10:00:00 AM,8/23/2023 6:00:00 AM,SERC,WEST,EKPC,EKPC,1315.858,True
8/23/2023 11:00:00 AM,8/23/2023 7:00:00 AM,SERC,WEST,EKPC,EKPC,1340.253,True
8/23/2023 12:00:00 PM,8/23/2023 8:00:00 AM,SERC,WEST,EKPC,EKPC,1380.760,True
8/23/2023 1:00:00 PM,8/23/2023 9:00:00 AM,SERC,WEST,EKPC,EKPC,1492.276,True
8/23/2023 2:00:00 PM,8/23/2023 10:00:00 AM,SERC,WEST,EKPC,EKPC,1638.690,True
8/23/2023 3:00:00 PM,8/23/2023 11:00:00 AM,SERC,WEST,EKPC,EKPC,1793.470,True
8/23/2023 4:00:00 PM,8/23/2023 12:00:00 PM,SERC,WEST,EKPC,EKPC,1967.015,True
8/23/2023 5:00:00 PM,8/23/2023 1:00:00 PM,SERC,WEST,EKPC,EKPC,2113.719,True
8/23/2023 6:00:00 PM,8/23/2023 2:00:00 PM,SERC,WEST,EKPC,EKPC,2215.610,True
8/23/2023 7:00:00 PM,8/23/2023 3:00:00 PM,SERC,WEST,EKPC,EKPC,2270.306,True
8/23/2023 8:00:00 PM,8/23/2023 4:00:00 PM,SERC,WEST,EKPC,EKPC,2339.569,True
8/23/2023 9:00:00 PM,8/23/2023 5:00:00 PM,SERC,WEST,EKPC,EKPC,2373.173,True
8/23/2023 10:00:00 PM,8/23/2023 6:00:00 PM,SERC,WEST,EKPC,EKPC,2361.191,True
8/23/2023 11:00:00 PM,8/23/2023 7:00:00 PM,SERC,WEST,EKPC,EKPC,2298.332,True
8/24/2023 12:00:00 AM,8/23/2023 8:00:00 PM,SERC,WEST,EKPC,EKPC,2219.329,True
8/24/2023 1:00:00 AM,8/23/2023 9:00:00 PM,SERC,WEST,EKPC,EKPC,2089.831,True
8/24/2023 2:00:00 AM,8/23/2023 10:00:00 PM,SERC,WEST,EKPC,EKPC,1966.812,True
8/24/2023 3:00:00 AM,8/23/2023 11:00:00 PM,SERC,WEST,EKPC,EKPC,1768.204,True
8/24/2023 4:00:00 AM,8/24/2023 12:00:00 AM,SERC,WEST,EKPC,EKPC,1600.099,True
8/24/2023 5:00:00 AM,8/24/2023 1:00:00 AM,SERC,WEST,EKPC,EKPC,1422.882,True
8/24/2023 6:00:00 AM,8/24/2023 2:00:00 AM,SERC,WEST,EKPC,EKPC,1340.090,True
8/24/2023 7:00:00 AM,8/24/2023 3:00:00 AM,SERC,WEST,EKPC,EKPC,1301.554,True
8/24/2023 8:00:00 AM,8/24/2023 4:00:00 AM,SERC,WEST,EKPC,EKPC,1290.774,True
8/24/2023 9:00:00 AM,8/24/2023 5:00:00 AM,SERC,WEST,EKPC,EKPC,1325.909,True
8/24/2023 10:00:00 AM,8/24/2023 6:00:00 AM,SERC,WEST,EKPC,EKPC,1411.067,True
8/24/2023 11:00:00 AM,8/24/2023 7:00:00 AM,SERC,WEST,EKPC,EKPC,1438.355,True
8/24/2023 12:00:00 PM,8/24/2023 8:00:00 AM,SERC,WEST,EKPC,EKPC,1462.346,True
8/24/2023 1:00:00 PM,8/24/2023 9:00:00 AM,SERC,WEST,EKPC,EKPC,1519.822,True
8/24/2023 2:00:00 PM,8/24/2023 10:00:00 AM,SERC,WEST,EKPC,EKPC,1593.361,True
8/24/2023 3:00:00 PM,8/24/2023 11:00:00 AM,SERC,WEST,EKPC,EKPC,1687.820,True
8/24/2023 4:00:00 PM,8/24/2023 12:00:00 PM,SERC,WEST,EKPC,EKPC,1762.353,True
8/24/2023 5:00:00 PM,8/24/2023 1:00:00 PM,SERC,WEST,EKPC,EKPC,1861.654,True
8/24/2023 6:00:00 PM,8/24/2023 2:00:00 PM,SERC,WEST,EKPC,EKPC,1972.864,True
8/24/2023 7:00:00 PM,8/24/2023 3:00:00 PM,SERC,WEST,EKPC,EKPC,2085.628,True
8/24/2023 8:00:00 PM,8/24/2023 4:00:00 PM,SERC,WEST,EKPC,EKPC,2166.050,True
8/24/2023 9:00:00 PM,8/24/2023 5:00:00 PM,SERC,WEST,EKPC,EKPC,2225.227,True
8/24/2023 10:00:00 PM,8/24/2023 6:00:00 PM,SERC,WEST,EKPC,EKPC,2209.642,True
8/24/2023 11:00:00 PM,8/24/2023 7:00:00 PM,SERC,WEST,EKPC,EKPC,2194.430,True
8/25/2023 12:00:00 AM,8/24/2023 8:00:00 PM,SERC,WEST,EKPC,EKPC,2188.860,True
8/25/2023 1:00:00 AM,8/24/2023 9:00:00 PM,SERC,WEST,EKPC,EKPC,2116.848,True
8/25/2023 2:00:00 AM,8/24/2023 10:00:00 PM,SERC,WEST,EKPC,EKPC,1923.676,True
8/25/2023 3:00:00 AM,8/24/2023 11:00:00 PM,SERC,WEST,EKPC,EKPC,1803.369,True
8/25/2023 4:00:00 AM,8/25/2023 12:00:00 AM,SERC,WEST,EKPC,EKPC,1678.923,True
8/25/2023 5:00:00 AM,8/25/2023 1:00:00 AM,SERC,WEST,EKPC,EKPC,1581.328,True
8/25/2023 6:00:00 AM,8/25/2023 2:00:00 AM,SERC,WEST,EKPC,EKPC,1457.012,True
8/25/2023 7:00:00 AM,8/25/2023 3:00:00 AM,SERC,WEST,EKPC,EKPC,1439.196,True
8/25/2023 8:00:00 AM,8/25/2023 4:00:00 AM,SERC,WEST,EKPC,EKPC,1386.105,True
8/25/2023 9:00:00 AM,8/25/2023 5:00:00 AM,SERC,WEST,EKPC,EKPC,1480.144,True
8/25/2023 10:00:00 AM,8/25/2023 6:00:00 AM,SERC,WEST,EKPC,EKPC,1581.849,True
8/25/2023 11:00:00 AM,8/25/2023 7:00:00 AM,SERC,WEST,EKPC,EKPC,1607.737,True
8/25/2023 12:00:00 PM,8/25/2023 8:00:00 AM,SERC,WEST,EKPC,EKPC,1673.094,True
8/25/2023 1:00:00 PM,8/25/2023 9:00:00 AM,SERC,WEST,EKPC,EKPC,1771.225,True
8/25/2023 2:00:00 PM,8/25/2023 10:00:00 AM,SERC,WEST,EKPC,EKPC,2004.779,True
8/25/2023 3:00:00 PM,8/25/2023 11:00:00 AM,SERC,WEST,EKPC,EKPC,2148.063,True
8/25/2023 4:00:00 PM,8/25/2023 12:00:00 PM,SERC,WEST,EKPC,EKPC,2208.597,True
8/25/2023 5:00:00 PM,8/25/2023 1:00:00 PM,SERC,WEST,EKPC,EKPC,2281.871,True
8/25/2023 6:00:00 PM,8/25/2023 2:00:00 PM,SERC,WEST,EKPC,EKPC,2320.971,True
8/25/2023 7:00:00 PM,8/25/2023 3:00:00 PM,SERC,WEST,EKPC,EKPC,2490.667,True
8/25/2023 8:00:00 PM,8/25/2023 4:00:00 PM,SERC,WEST,EKPC,EKPC,2472.591,True
8/25/2023 9:00:00 PM,8/25/2023 5:00:00 PM,SERC,WEST,EKPC,EKPC,2451.082,True
8/25/2023 10:00:00 PM,8/25/2023 6:00:00 PM,SERC,WEST,EKPC,EKPC,2380.326,True
8/25/2023 11:00:00 PM,8/25/2023 7:00:00 PM,SERC,WEST,EKPC,EKPC,2271.636,True
8/26/2023 12:00:00 AM,8/25/2023 8:00:00 PM,SERC,WEST,EKPC,EKPC,2100.489,True
8/26/2023 1:00:00 AM,8/25/2023 9:00:00 PM,SERC,WEST,EKPC,EKPC,1965.790,True
8/26/2023 2:00:00 AM,8/25/2023 10:00:00 PM,SERC,WEST,EKPC,EKPC,1844.584,True
8/26/2023 3:00:00 AM,8/25/2023 11:00:00 PM,SERC,WEST,EKPC,EKPC,1681.641,True
8/26/2023 4:00:00 AM,8/26/2023 12:00:00 AM,SERC,WEST,EKPC,EKPC,1499.203,True
8/26/2023 5:00:00 AM,8/26/2023 1:00:00 AM,SERC,WEST,EKPC,EKPC,1483.689,True
8/26/2023 6:00:00 AM,8/26/2023 2:00:00 AM,SERC,WEST,EKPC,EKPC,1341.122,True
8/26/2023 7:00:00 AM,8/26/2023 3:00:00 AM,SERC,WEST,EKPC,EKPC,1317.488,True
8/26/2023 8:00:00 AM,8/26/2023 4:00:00 AM,SERC,WEST,EKPC,EKPC,1218.276,True
8/26/2023 9:00:00 AM,8/26/2023 5:00:00 AM,SERC,WEST,EKPC,EKPC,1234.445,True
8/26/2023 10:00:00 AM,8/26/2023 6:00:00 AM,SERC,WEST,EKPC,EKPC,1186.500,True
8/26/2023 11:00:00 AM,8/26/2023 7:00:00 AM,SERC,WEST,EKPC,EKPC,1232.376,True
8/26/2023 12:00:00 PM,8/26/2023 8:00:00 AM,SERC,WEST,EKPC,EKPC,1422.469,True
8/26/2023 1:00:00 PM,8/26/2023 9:00:00 AM,SERC,WEST,EKPC,EKPC,1431.775,True
8/26/2023 2:00:00 PM,8/26/2023 10:00:00 AM,SERC,WEST,EKPC,EKPC,1518.355,True
8/26/2023 3:00:00 PM,8/26/2023 11:00:00 AM,SERC,WEST,EKPC,EKPC,1604.976,True
8/26/2023 4:00:00 PM,8/26/2023 12:00:00 PM,SERC,WEST,EKPC,EKPC,1847.659,True
8/26/2023 5:00:00 PM,8/26/2023 1:00:00 PM,SERC,WEST,EKPC,EKPC,2021.633,True
8/26/2023 6:00:00 PM,8/26/2023 2:00:00 PM,SERC,WEST,EKPC,EKPC,2134.291,True
8/26/2023 7:00:00 PM,8/26/2023 3:00:00 PM,SERC,WEST,EKPC,EKPC,2193.375,True
8/26/2023 8:00:00 PM,8/26/2023 4:00:00 PM,SERC,WEST,EKPC,EKPC,2172.245,True
8/26/2023 9:00:00 PM,8/26/2023 5:00:00 PM,SERC,WEST,EKPC,EKPC,2127.563,True
8/26/2023 10:00:00 PM,8/26/2023 6:00:00 PM,SERC,WEST,EKPC,EKPC,2128.102,True
8/26/2023 11:00:00 PM,8/26/2023 7:00:00 PM,SERC,WEST,EKPC,EKPC,2036.523,True
8/27/2023 12:00:00 AM,8/26/2023 8:00:00 PM,SERC,WEST,EKPC,EKPC,1965.699,True
8/27/2023 1:00:00 AM,8/26/2023 9:00:00 PM,SERC,WEST,EKPC,EKPC,1854.994,True
8/27/2023 2:00:00 AM,8/26/2023 10:00:00 PM,SERC,WEST,EKPC,EKPC,1722.211,True
8/27/2023 3:00:00 AM,8/26/2023 11:00:00 PM,SERC,WEST,EKPC,EKPC,1523.619,True
8/27/2023 4:00:00 AM,8/27/2023 12:00:00 AM,SERC,WEST,EKPC,EKPC,1529.096,True
8/27/2023 5:00:00 AM,8/27/2023 1:00:00 AM,SERC,WEST,EKPC,EKPC,1469.133,True
8/27/2023 6:00:00 AM,8/27/2023 2:00:00 AM,SERC,WEST,EKPC,EKPC,1324.908,True
8/27/2023 7:00:00 AM,8/27/2023 3:00:00 AM,SERC,WEST,EKPC,EKPC,1302.306,True
8/27/2023 8:00:00 AM,8/27/2023 4:00:00 AM,SERC,WEST,EKPC,EKPC,1318.522,True
8/27/2023 9:00:00 AM,8/27/2023 5:00:00 AM,SERC,WEST,EKPC,EKPC,1334.998,True
8/27/2023 10:00:00 AM,8/27/2023 6:00:00 AM,SERC,WEST,EKPC,EKPC,1280.123,True
8/27/2023 11:00:00 AM,8/27/2023 7:00:00 AM,SERC,WEST,EKPC,EKPC,1367.343,True
8/27/2023 12:00:00 PM,8/27/2023 8:00:00 AM,SERC,WEST,EKPC,EKPC,1457.894,True
8/27/2023 1:00:00 PM,8/27/2023 9:00:00 AM,SERC,WEST,EKPC,EKPC,1538.436,True
8/27/2023 2:00:00 PM,8/27/2023 10:00:00 AM,SERC,WEST,EKPC,EKPC,1578.218,True
8/27/2023 3:00:00 PM,8/27/2023 11:00:00 AM,SERC,WEST,EKPC,EKPC,1589.112,True
8/27/2023 4:00:00 PM,8/27/2023 12:00:00 PM,SERC,WEST,EKPC,EKPC,1656.738,True
8/27/2023 5:00:00 PM,8/27/2023 1:00:00 PM,SERC,WEST,EKPC,EKPC,1739.873,True
8/27/2023 6:00:00 PM,8/27/2023 2:00:00 PM,SERC,WEST,EKPC,EKPC,1701.028,True
8/27/2023 7:00:00 PM,8/27/2023 3:00:00 PM,SERC,WEST,EKPC,EKPC,1717.275,True
8/27/2023 8:00:00 PM,8/27/2023 4:00:00 PM,SERC,WEST,EKPC,EKPC,1638.799,True
8/27/2023 9:00:00 PM,8/27/2023 5:00:00 PM,SERC,WEST,EKPC,EKPC,1692.382,True
8/27/2023 10:00:00 PM,8/27/2023 6:00:00 PM,SERC,WEST,EKPC,EKPC,1717.232,True
8/27/2023 11:00:00 PM,8/27/2023 7:00:00 PM,SERC,WEST,EKPC,EKPC,1827.307,True
8/28/2023 12:00:00 AM,8/27/2023 8:00:00 PM,SERC,WEST,EKPC,EKPC,1791.798,True
8/28/2023 1:00:00 AM,8/27/2023 9:00:00 PM,SERC,WEST,EKPC,EKPC,1740.992,True
8/28/2023 2:00:00 AM,8/27/2023 10:00:00 PM,SERC,WEST,EKPC,EKPC,1599.630,True
8/28/2023 3:00:00 AM,8/27/2023 11:00:00 PM,SERC,WEST,EKPC,EKPC,1454.351,True
8/28/2023 4:00:00 AM,8/28/2023 12:00:00 AM,SERC,WEST,EKPC,EKPC,1333.377,True
8/28/2023 5:00:00 AM,8/28/2023 1:00:00 AM,SERC,WEST,EKPC,EKPC,1286.929,True
8/28/2023 6:00:00 AM,8/28/2023 2:00:00 AM,SERC,WEST,EKPC,EKPC,1248.160,True
8/28/2023 7:00:00 AM,8/28/2023 3:00:00 AM,SERC,WEST,EKPC,EKPC,1228.005,True
8/28/2023 8:00:00 AM,8/28/2023 4:00:00 AM,SERC,WEST,EKPC,EKPC,1228.696,True
8/28/2023 9:00:00 AM,8/28/2023 5:00:00 AM,SERC,WEST,EKPC,EKPC,1274.356,True
8/28/2023 10:00:00 AM,8/28/2023 6:00:00 AM,SERC,WEST,EKPC,EKPC,1388.865,True
8/28/2023 11:00:00 AM,8/28/2023 7:00:00 AM,SERC,WEST,EKPC,EKPC,1352.618,True
8/28/2023 12:00:00 PM,8/28/2023 8:00:00 AM,SERC,WEST,EKPC,EKPC,1447.586,True
8/28/2023 1:00:00 PM,8/28/2023 9:00:00 AM,SERC,WEST,EKPC,EKPC,1543.207,True
8/28/2023 2:00:00 PM,8/28/2023 10:00:00 AM,SERC,WEST,EKPC,EKPC,1578.972,True
8/28/2023 3:00:00 PM,8/28/2023 11:00:00 AM,SERC,WEST,EKPC,EKPC,1679.696,True
8/28/2023 4:00:00 PM,8/28/2023 12:00:00 PM,SERC,WEST,EKPC,EKPC,1772.501,True
8/28/2023 5:00:00 PM,8/28/2023 1:00:00 PM,SERC,WEST,EKPC,EKPC,1833.088,True
8/28/2023 6:00:00 PM,8/28/2023 2:00:00 PM,SERC,WEST,EKPC,EKPC,1880.960,True
8/28/2023 7:00:00 PM,8/28/2023 3:00:00 PM,SERC,WEST,EKPC,EKPC,1937.709,True
8/28/2023 8:00:00 PM,8/28/2023 4:00:00 PM,SERC,WEST,EKPC,EKPC,2012.132,True
8/28/2023 9:00:00 PM,8/28/2023 5:00:00 PM,SERC,WEST,EKPC,EKPC,2101.508,True
8/28/2023 10:00:00 PM,8/28/2023 6:00:00 PM,SERC,WEST,EKPC,EKPC,2062.232,True
8/28/2023 11:00:00 PM,8/28/2023 7:00:00 PM,SERC,WEST,EKPC,EKPC,1978.836,True
8/29/2023 12:00:00 AM,8/28/2023 8:00:00 PM,SERC,WEST,EKPC,EKPC,1888.349,True
8/29/2023 1:00:00 AM,8/28/2023 9:00:00 PM,SERC,WEST,EKPC,EKPC,1789.788,True
8/29/2023 2:00:00 AM,8/28/2023 10:00:00 PM,SERC,WEST,EKPC,EKPC,1643.040,True
8/29/2023 3:00:00 AM,8/28/2023 11:00:00 PM,SERC,WEST,EKPC,EKPC,1491.599,True
8/29/2023 4:00:00 AM,8/29/2023 12:00:00 AM,SERC,WEST,EKPC,EKPC,1423.080,True
8/29/2023 5:00:00 AM,8/29/2023 1:00:00 AM,SERC,WEST,EKPC,EKPC,1357.722,True
8/29/2023 6:00:00 AM,8/29/2023 2:00:00 AM,SERC,WEST,EKPC,EKPC,1263.524,True
8/29/2023 7:00:00 AM,8/29/2023 3:00:00 AM,SERC,WEST,EKPC,EKPC,1108.811,True
8/29/2023 8:00:00 AM,8/29/2023 4:00:00 AM,SERC,WEST,EKPC,EKPC,1162.656,True
8/29/2023 9:00:00 AM,8/29/2023 5:00:00 AM,SERC,WEST,EKPC,EKPC,1156.790,True
8/29/2023 10:00:00 AM,8/29/2023 6:00:00 AM,SERC,WEST,EKPC,EKPC,1310.126,True
8/29/2023 11:00:00 AM,8/29/2023 7:00:00 AM,SERC,WEST,EKPC,EKPC,1339.593,True
8/29/2023 12:00:00 PM,8/29/2023 8:00:00 AM,SERC,WEST,EKPC,EKPC,1314.186,True
8/29/2023 1:00:00 PM,8/29/2023 9:00:00 AM,SERC,WEST,EKPC,EKPC,1334.217,True
8/29/2023 2:00:00 PM,8/29/2023 10:00:00 AM,SERC,WEST,EKPC,EKPC,1459.432,True
8/29/2023 3:00:00 PM,8/29/2023 11:00:00 AM,SERC,WEST,EKPC,EKPC,1453.109,True
8/29/2023 4:00:00 PM,8/29/2023 12:00:00 PM,SERC,WEST,EKPC,EKPC,1514.040,True
8/29/2023 5:00:00 PM,8/29/2023 1:00:00 PM,SERC,WEST,EKPC,EKPC,1633.671,True
8/29/2023 6:00:00 PM,8/29/2023 2:00:00 PM,SERC,WEST,EKPC,EKPC,1785.832,True
8/29/2023 7:00:00 PM,8/29/2023 3:00:00 PM,SERC,WEST,EKPC,EKPC,1874.427,True
8/29/2023 8:00:00 PM,8/29/2023 4:00:00 PM,SERC,WEST,EKPC,EKPC,1886.673,True
8/29/2023 9:00:00 PM,8/29/2023 5:00:00 PM,SERC,WEST,EKPC,EKPC,1965.664,True
8/29/2023 10:00:00 PM,8/29/2023 6:00:00 PM,SERC,WEST,EKPC,EKPC,1866.070,True
8/29/2023 11:00:00 PM,8/29/2023 7:00:00 PM,SERC,WEST,EKPC,EKPC,1791.485,True
8/30/2023 12:00:00 AM,8/29/2023 8:00:00 PM,SERC,WEST,EKPC,EKPC,1691.824,True
8/30/2023 1:00:00 AM,8/29/2023 9:00:00 PM,SERC,WEST,EKPC,EKPC,1610.220,True
8/30/2023 2:00:00 AM,8/29/2023 10:00:00 PM,SERC,WEST,EKPC,EKPC,1494.564,True
8/30/2023 3:00:00 AM,8/29/2023 11:00:00 PM,SERC,WEST,EKPC,EKPC,1450.121,True
8/30/2023 4:00:00 AM,8/30/2023 12:00:00 AM,SERC,WEST,EKPC,EKPC,1293.678,True
8/30/2023 5:00:00 AM,8/30/2023 1:00:00 AM,SERC,WEST,EKPC,EKPC,1275.557,True
8/30/2023 6:00:00 AM,8/30/2023 2:00:00 AM,SERC,WEST,EKPC,EKPC,1208.052,True
8/30/2023 7:00:00 AM,8/30/2023 3:00:00 AM,SERC,WEST,EKPC,EKPC,1198.646,True
8/30/2023 8:00:00 AM,8/30/2023 4:00:00 AM,SERC,WEST,EKPC,EKPC,1107.261,True
8/30/2023 9:00:00 AM,8/30/2023 5:00:00 AM,SERC,WEST,EKPC,EKPC,1084.813,True
8/30/2023 10:00:00 AM,8/30/2023 6:00:00 AM,SERC,WEST,EKPC,EKPC,1305.202,True
8/30/2023 11:00:00 AM,8/30/2023 7:00:00 AM,SERC,WEST,EKPC,EKPC,1360.313,True
8/30/2023 12:00:00 PM,8/30/2023 8:00:00 AM,SERC,WEST,EKPC,EKPC,1235.057,True
8/30/2023 1:00:00 PM,8/30/2023 9:00:00 AM,SERC,WEST,EKPC,EKPC,1298.386,True
8/30/2023 2:00:00 PM,8/30/2023 10:00:00 AM,SERC,WEST,EKPC,EKPC,1333.131,True
8/30/2023 3:00:00 PM,8/30/2023 11:00:00 AM,SERC,WEST,EKPC,EKPC,1397.442,True
8/30/2023 4:00:00 PM,8/30/2023 12:00:00 PM,SERC,WEST,EKPC,EKPC,1471.102,True
8/30/2023 5:00:00 PM,8/30/2023 1:00:00 PM,SERC,WEST,EKPC,EKPC,1566.341,True
8/30/2023 6:00:00 PM,8/30/2023 2:00:00 PM,SERC,WEST,EKPC,EKPC,1627.474,True
8/30/2023 7:00:00 PM,8/30/2023 3:00:00 PM,SERC,WEST,EKPC,EKPC,1694.790,True
8/30/2023 8:00:00 PM,8/30/2023 4:00:00 PM,SERC,WEST,EKPC,EKPC,1765.028,True
8/30/2023 9:00:00 PM,8/30/2023 5:00:00 PM,SERC,WEST,EKPC,EKPC,1795.830,True
8/30/2023 10:00:00 PM,8/30/2023 6:00:00 PM,SERC,WEST,EKPC,EKPC,1896.967,True
8/30/2023 11:00:00 PM,8/30/2023 7:00:00 PM,SERC,WEST,EKPC,EKPC,1778.407,True
8/31/2023 12:00:00 AM,8/30/2023 8:00:00 PM,SERC,WEST,EKPC,EKPC,1754.176,True
8/31/2023 1:00:00 AM,8/30/2023 9:00:00 PM,SERC,WEST,EKPC,EKPC,1655.659,True
8/31/2023 2:00:00 AM,8/30/2023 10:00:00 PM,SERC,WEST,EKPC,EKPC,1495.031,True
8/31/2023 3:00:00 AM,8/30/2023 11:00:00 PM,SERC,WEST,EKPC,EKPC,1311.198,True
8/31/2023 4:00:00 AM,8/31/2023 12:00:00 AM,SERC,WEST,EKPC,EKPC,1301.718,True
8/31/2023 5:00:00 AM,8/31/2023 1:00:00 AM,SERC,WEST,EKPC,EKPC,1231.466,True
8/31/2023 6:00:00 AM,8/31/2023 2:00:00 AM,SERC,WEST,EKPC,EKPC,1137.611,True
8/31/2023 7:00:00 AM,8/31/2023 3:00:00 AM,SERC,WEST,EKPC,EKPC,1139.411,True
8/31/2023 8:00:00 AM,8/31/2023 4:00:00 AM,SERC,WEST,EKPC,EKPC,1155.350,True
8/31/2023 9:00:00 AM,8/31/2023 5:00:00 AM,SERC,WEST,EKPC,EKPC,1121.854,True
8/31/2023 10:00:00 AM,8/31/2023 6:00:00 AM,SERC,WEST,EKPC,EKPC,1165.715,True
8/31/2023 11:00:00 AM,8/31/2023 7:00:00 AM,SERC,WEST,EKPC,EKPC,1239.209,True
8/31/2023 12:00:00 PM,8/31/2023 8:00:00 AM,SERC,WEST,EKPC,EKPC,1217.318,True
8/31/2023 1:00:00 PM,8/31/2023 9:00:00 AM,SERC,WEST,EKPC,EKPC,1207.992,True
8/31/2023 2:00:00 PM,8/31/2023 10:00:00 AM,SERC,WEST,EKPC,EKPC,1249.350,True
8/31/2023 3:00:00 PM,8/31/2023 11:00:00 AM,SERC,WEST,EKPC,EKPC,1279.188,True
8/31/2023 4:00:00 PM,8/31/2023 12:00:00 PM,SERC,WEST,EKPC,EKPC,1328.002,True
8/31/2023 5:00:00 PM,8/31/2023 1:00:00 PM,SERC,WEST,EKPC,EKPC,1361.746,True
8/31/2023 6:00:00 PM,8/31/2023 2:00:00 PM,SERC,WEST,EKPC,EKPC,1401.214,True
8/31/2023 7:00:00 PM,8/31/2023 3:00:00 PM,SERC,WEST,EKPC,EKPC,1499.726,True
8/31/2023 8:00:00 PM,8/31/2023 4:00:00 PM,SERC,WEST,EKPC,EKPC,1669.292,True
8/31/2023 9:00:00 PM,8/31/2023 5:00:00 PM,SERC,WEST,EKPC,EKPC,1717.179,True
8/31/2023 10:00:00 PM,8/31/2023 6:00:00 PM,SERC,WEST,EKPC,EKPC,1659.225,True
8/31/2023 11:00:00 PM,8/31/2023 7:00:00 PM,SERC,WEST,EKPC,EKPC,1659.366,True
9/1/2023 12:00:00 AM,8/31/2023 8:00:00 PM,SERC,WEST,EKPC,EKPC,1669.801,True
9/1/2023 1:00:00 AM,8/31/2023 9:00:00 PM,SERC,WEST,EKPC,EKPC,1574.752,True
9/1/2023 2:00:00 AM,8/31/2023 10:00:00 PM,SERC,WEST,EKPC,EKPC,1337.316,True
9/1/2023 3:00:00 AM,8/31/2023 11:00:00 PM,SERC,WEST,EKPC,EKPC,1215.396,True
9/1/2023 4:00:00 AM,9/1/2023 12:00:00 AM,SERC,WEST,EKPC,EKPC,1226.651,True
9/1/2023 5:00:00 AM,9/1/2023 1:00:00 AM,SERC,WEST,EKPC,EKPC,1177.045,True
9/1/2023 6:00:00 AM,9/1/2023 2:00:00 AM,SERC,WEST,EKPC,EKPC,1159.241,True
9/1/2023 7:00:00 AM,9/1/2023 3:00:00 AM,SERC,WEST,EKPC,EKPC,1122.495,True
9/1/2023 8:00:00 AM,9/1/2023 4:00:00 AM,SERC,WEST,EKPC,EKPC,1074.004,True
9/1/2023 9:00:00 AM,9/1/2023 5:00:00 AM,SERC,WEST,EKPC,EKPC,1161.312,True
9/1/2023 10:00:00 AM,9/1/2023 6:00:00 AM,SERC,WEST,EKPC,EKPC,1273.619,True
9/1/2023 11:00:00 AM,9/1/2023 7:00:00 AM,SERC,WEST,EKPC,EKPC,1274.360,True
9/1/2023 12:00:00 PM,9/1/2023 8:00:00 AM,SERC,WEST,EKPC,EKPC,1335.479,True
9/1/2023 1:00:00 PM,9/1/2023 9:00:00 AM,SERC,WEST,EKPC,EKPC,1364.395,True
9/1/2023 2:00:00 PM,9/1/2023 10:00:00 AM,SERC,WEST,EKPC,EKPC,1346.315,True
9/1/2023 3:00:00 PM,9/1/2023 11:00:00 AM,SERC,WEST,EKPC,EKPC,1402.889,True
9/1/2023 4:00:00 PM,9/1/2023 12:00:00 PM,SERC,WEST,EKPC,EKPC,1577.753,True
9/1/2023 5:00:00 PM,9/1/2023 1:00:00 PM,SERC,WEST,EKPC,EKPC,1654.049,True
9/1/2023 6:00:00 PM,9/1/2023 2:00:00 PM,SERC,WEST,EKPC,EKPC,1872.320,True
9/1/2023 7:00:00 PM,9/1/2023 3:00:00 PM,SERC,WEST,EKPC,EKPC,1971.699,True
9/1/2023 8:00:00 PM,9/1/2023 4:00:00 PM,SERC,WEST,EKPC,EKPC,1990.878,True
9/1/2023 9:00:00 PM,9/1/2023 5:00:00 PM,SERC,WEST,EKPC,EKPC,2048.981,True
9/1/2023 10:00:00 PM,9/1/2023 6:00:00 PM,SERC,WEST,EKPC,EKPC,1945.991,True
9/1/2023 11:00:00 PM,9/1/2023 7:00:00 PM,SERC,WEST,EKPC,EKPC,1891.062,True
9/2/2023 12:00:00 AM,9/1/2023 8:00:00 PM,SERC,WEST,EKPC,EKPC,1884.913,True
9/2/2023 1:00:00 AM,9/1/2023 9:00:00 PM,SERC,WEST,EKPC,EKPC,1709.997,True
9/2/2023 2:00:00 AM,9/1/2023 10:00:00 PM,SERC,WEST,EKPC,EKPC,1579.069,True
9/2/2023 3:00:00 AM,9/1/2023 11:00:00 PM,SERC,WEST,EKPC,EKPC,1528.021,True
9/2/2023 4:00:00 AM,9/2/2023 12:00:00 AM,SERC,WEST,EKPC,EKPC,1349.731,True
9/2/2023 5:00:00 AM,9/2/2023 1:00:00 AM,SERC,WEST,EKPC,EKPC,1282.139,True
9/2/2023 6:00:00 AM,9/2/2023 2:00:00 AM,SERC,WEST,EKPC,EKPC,1249.980,True
9/2/2023 7:00:00 AM,9/2/2023 3:00:00 AM,SERC,WEST,EKPC,EKPC,1187.868,True
9/2/2023 8:00:00 AM,9/2/2023 4:00:00 AM,SERC,WEST,EKPC,EKPC,1131.973,True
9/2/2023 9:00:00 AM,9/2/2023 5:00:00 AM,SERC,WEST,EKPC,EKPC,1115.953,True
9/2/2023 10:00:00 AM,9/2/2023 6:00:00 AM,SERC,WEST,EKPC,EKPC,1095.727,True
9/2/2023 11:00:00 AM,9/2/2023 7:00:00 AM,SERC,WEST,EKPC,EKPC,1205.582,True
9/2/2023 12:00:00 PM,9/2/2023 8:00:00 AM,SERC,WEST,EKPC,EKPC,1310.573,True
9/2/2023 1:00:00 PM,9/2/2023 9:00:00 AM,SERC,WEST,EKPC,EKPC,1458.916,True
9/2/2023 2:00:00 PM,9/2/2023 10:00:00 AM,SERC,WEST,EKPC,EKPC,1624.873,True
9/2/2023 3:00:00 PM,9/2/2023 11:00:00 AM,SERC,WEST,EKPC,EKPC,1760.522,True
9/2/2023 4:00:00 PM,9/2/2023 12:00:00 PM,SERC,WEST,EKPC,EKPC,1890.981,True
9/2/2023 5:00:00 PM,9/2/2023 1:00:00 PM,SERC,WEST,EKPC,EKPC,1863.688,True
9/2/2023 6:00:00 PM,9/2/2023 2:00:00 PM,SERC,WEST,EKPC,EKPC,1915.179,True
9/2/2023 7:00:00 PM,9/2/2023 3:00:00 PM,SERC,WEST,EKPC,EKPC,2060.181,True
9/2/2023 8:00:00 PM,9/2/2023 4:00:00 PM,SERC,WEST,EKPC,EKPC,2151.128,True
9/2/2023 9:00:00 PM,9/2/2023 5:00:00 PM,SERC,WEST,EKPC,EKPC,2155.981,True
9/2/2023 10:00:00 PM,9/2/2023 6:00:00 PM,SERC,WEST,EKPC,EKPC,2187.256,True
9/2/2023 11:00:00 PM,9/2/2023 7:00:00 PM,SERC,WEST,EKPC,EKPC,2026.590,True
9/3/2023 12:00:00 AM,9/2/2023 8:00:00 PM,SERC,WEST,EKPC,EKPC,1925.141,True
9/3/2023 1:00:00 AM,9/2/2023 9:00:00 PM,SERC,WEST,EKPC,EKPC,1866.592,True
9/3/2023 2:00:00 AM,9/2/2023 10:00:00 PM,SERC,WEST,EKPC,EKPC,1599.793,True
9/3/2023 3:00:00 AM,9/2/2023 11:00:00 PM,SERC,WEST,EKPC,EKPC,1549.614,True
9/3/2023 4:00:00 AM,9/3/2023 12:00:00 AM,SERC,WEST,EKPC,EKPC,1401.459,True
9/3/2023 5:00:00 AM,9/3/2023 1:00:00 AM,SERC,WEST,EKPC,EKPC,1228.012,True
9/3/2023 6:00:00 AM,9/3/2023 2:00:00 AM,SERC,WEST,EKPC,EKPC,1204.714,True
9/3/2023 7:00:00 AM,9/3/2023 3:00:00 AM,SERC,WEST,EKPC,EKPC,1206.860,True
9/3/2023 8:00:00 AM,9/3/2023 4:00:00 AM,SERC,WEST,EKPC,EKPC,1155.620,True
9/3/2023 9:00:00 AM,9/3/2023 5:00:00 AM,SERC,WEST,EKPC,EKPC,1159.763,True
9/3/2023 10:00:00 AM,9/3/2023 6:00:00 AM,SERC,WEST,EKPC,EKPC,1198.241,True
9/3/2023 11:00:00 AM,9/3/2023 7:00:00 AM,SERC,WEST,EKPC,EKPC,1209.496,True
9/3/2023 12:00:00 PM,9/3/2023 8:00:00 AM,SERC,WEST,EKPC,EKPC,1245.983,True
9/3/2023 1:00:00 PM,9/3/2023 9:00:00 AM,SERC,WEST,EKPC,EKPC,1341.302,True
9/3/2023 2:00:00 PM,9/3/2023 10:00:00 AM,SERC,WEST,EKPC,EKPC,1513.098,True
9/3/2023 3:00:00 PM,9/3/2023 11:00:00 AM,SERC,WEST,EKPC,EKPC,1645.563,True
9/3/2023 4:00:00 PM,9/3/2023 12:00:00 PM,SERC,WEST,EKPC,EKPC,1875.329,True
9/3/2023 5:00:00 PM,9/3/2023 1:00:00 PM,SERC,WEST,EKPC,EKPC,1987.091,True
9/3/2023 6:00:00 PM,9/3/2023 2:00:00 PM,SERC,WEST,EKPC,EKPC,2115.147,True
9/3/2023 7:00:00 PM,9/3/2023 3:00:00 PM,SERC,WEST,EKPC,EKPC,2159.962,True
9/3/2023 8:00:00 PM,9/3/2023 4:00:00 PM,SERC,WEST,EKPC,EKPC,2150.628,True
9/3/2023 9:00:00 PM,9/3/2023 5:00:00 PM,SERC,WEST,EKPC,EKPC,2246.663,True
9/3/2023 10:00:00 PM,9/3/2023 6:00:00 PM,SERC,WEST,EKPC,EKPC,2216.197,True
9/3/2023 11:00:00 PM,9/3/2023 7:00:00 PM,SERC,WEST,EKPC,EKPC,2043.870,True
9/4/2023 12:00:00 AM,9/3/2023 8:00:00 PM,SERC,WEST,EKPC,EKPC,1860.972,True
9/4/2023 1:00:00 AM,9/3/2023 9:00:00 PM,SERC,WEST,EKPC,EKPC,1719.788,True
9/4/2023 2:00:00 AM,9/3/2023 10:00:00 PM,SERC,WEST,EKPC,EKPC,1561.370,True
9/4/2023 3:00:00 AM,9/3/2023 11:00:00 PM,SERC,WEST,EKPC,EKPC,1528.791,True
9/4/2023 4:00:00 AM,9/4/2023 12:00:00 AM,SERC,WEST,EKPC,EKPC,1366.428,True
9/4/2023 5:00:00 AM,9/4/2023 1:00:00 AM,SERC,WEST,EKPC,EKPC,1234.726,True
9/4/2023 6:00:00 AM,9/4/2023 2:00:00 AM,SERC,WEST,EKPC,EKPC,1234.546,True
9/4/2023 7:00:00 AM,9/4/2023 3:00:00 AM,SERC,WEST,EKPC,EKPC,1186.045,True
9/4/2023 8:00:00 AM,9/4/2023 4:00:00 AM,SERC,WEST,EKPC,EKPC,1184.897,True
9/4/2023 9:00:00 AM,9/4/2023 5:00:00 AM,SERC,WEST,EKPC,EKPC,1180.518,True
9/4/2023 10:00:00 AM,9/4/2023 6:00:00 AM,SERC,WEST,EKPC,EKPC,1142.868,True
9/4/2023 11:00:00 AM,9/4/2023 7:00:00 AM,SERC,WEST,EKPC,EKPC,1111.001,True
9/4/2023 12:00:00 PM,9/4/2023 8:00:00 AM,SERC,WEST,EKPC,EKPC,1237.714,True
9/4/2023 1:00:00 PM,9/4/2023 9:00:00 AM,SERC,WEST,EKPC,EKPC,1399.961,True
9/4/2023 2:00:00 PM,9/4/2023 10:00:00 AM,SERC,WEST,EKPC,EKPC,1599.364,True
9/4/2023 3:00:00 PM,9/4/2023 11:00:00 AM,SERC,WEST,EKPC,EKPC,1780.512,True
9/4/2023 4:00:00 PM,9/4/2023 12:00:00 PM,SERC,WEST,EKPC,EKPC,1874.636,True
9/4/2023 5:00:00 PM,9/4/2023 1:00:00 PM,SERC,WEST,EKPC,EKPC,1989.973,True
9/4/2023 6:00:00 PM,9/4/2023 2:00:00 PM,SERC,WEST,EKPC,EKPC,2190.864,True
9/4/2023 7:00:00 PM,9/4/2023 3:00:00 PM,SERC,WEST,EKPC,EKPC,2176.907,True
9/4/2023 8:00:00 PM,9/4/2023 4:00:00 PM,SERC,WEST,EKPC,EKPC,2281.236,True
9/4/2023 9:00:00 PM,9/4/2023 5:00:00 PM,SERC,WEST,EKPC,EKPC,2242.797,True
9/4/2023 10:00:00 PM,9/4/2023 6:00:00 PM,SERC,WEST,EKPC,EKPC,2165.909,True
9/4/2023 11:00:00 PM,9/4/2023 7:00:00 PM,SERC,WEST,EKPC,EKPC,2233.532,True
9/5/2023 12:00:00 AM,9/4/2023 8:00:00 PM,SERC,WEST,EKPC,EKPC,2139.287,True
9/5/2023 1:00:00 AM,9/4/2023 9:00:00 PM,SERC,WEST,EKPC,EKPC,2031.942,True
9/5/2023 2:00:00 AM,9/4/2023 10:00:00 PM,SERC,WEST,EKPC,EKPC,1810.984,True
9/5/2023 3:00:00 AM,9/4/2023 11:00:00 PM,SERC,WEST,EKPC,EKPC,1632.551,True
9/5/2023 4:00:00 AM,9/5/2023 12:00:00 AM,SERC,WEST,EKPC,EKPC,1474.729,True
9/5/2023 5:00:00 AM,9/5/2023 1:00:00 AM,SERC,WEST,EKPC,EKPC,1375.260,True
9/5/2023 6:00:00 AM,9/5/2023 2:00:00 AM,SERC,WEST,EKPC,EKPC,1282.765,True
9/5/2023 7:00:00 AM,9/5/2023 3:00:00 AM,SERC,WEST,EKPC,EKPC,1287.593,True
9/5/2023 8:00:00 AM,9/5/2023 4:00:00 AM,SERC,WEST,EKPC,EKPC,1274.412,True
9/5/2023 9:00:00 AM,9/5/2023 5:00:00 AM,SERC,WEST,EKPC,EKPC,1301.014,True
9/5/2023 10:00:00 AM,9/5/2023 6:00:00 AM,SERC,WEST,EKPC,EKPC,1343.207,True
9/5/2023 11:00:00 AM,9/5/2023 7:00:00 AM,SERC,WEST,EKPC,EKPC,1354.871,True
9/5/2023 12:00:00 PM,9/5/2023 8:00:00 AM,SERC,WEST,EKPC,EKPC,1366.595,True
9/5/2023 1:00:00 PM,9/5/2023 9:00:00 AM,SERC,WEST,EKPC,EKPC,1442.891,True
9/5/2023 2:00:00 PM,9/5/2023 10:00:00 AM,SERC,WEST,EKPC,EKPC,1569.894,True
9/5/2023 3:00:00 PM,9/5/2023 11:00:00 AM,SERC,WEST,EKPC,EKPC,1734.949,True
9/5/2023 4:00:00 PM,9/5/2023 12:00:00 PM,SERC,WEST,EKPC,EKPC,1872.309,True
9/5/2023 5:00:00 PM,9/5/2023 1:00:00 PM,SERC,WEST,EKPC,EKPC,2039.695,True
9/5/2023 6:00:00 PM,9/5/2023 2:00:00 PM,SERC,WEST,EKPC,EKPC,2112.438,True
9/5/2023 7:00:00 PM,9/5/2023 3:00:00 PM,SERC,WEST,EKPC,EKPC,2218.005,True
9/5/2023 8:00:00 PM,9/5/2023 4:00:00 PM,SERC,WEST,EKPC,EKPC,2177.405,True
9/5/2023 9:00:00 PM,9/5/2023 5:00:00 PM,SERC,WEST,EKPC,EKPC,2204.048,True
9/5/2023 10:00:00 PM,9/5/2023 6:00:00 PM,SERC,WEST,EKPC,EKPC,2189.295,True
9/5/2023 11:00:00 PM,9/5/2023 7:00:00 PM,SERC,WEST,EKPC,EKPC,2157.062,True
9/6/2023 12:00:00 AM,9/5/2023 8:00:00 PM,SERC,WEST,EKPC,EKPC,2068.147,True
9/6/2023 1:00:00 AM,9/5/2023 9:00:00 PM,SERC,WEST,EKPC,EKPC,1954.541,True
9/6/2023 2:00:00 AM,9/5/2023 10:00:00 PM,SERC,WEST,EKPC,EKPC,1814.499,True
9/6/2023 3:00:00 AM,9/5/2023 11:00:00 PM,SERC,WEST,EKPC,EKPC,1658.316,True
9/6/2023 4:00:00 AM,9/6/2023 12:00:00 AM,SERC,WEST,EKPC,EKPC,1518.025,True
9/6/2023 5:00:00 AM,9/6/2023 1:00:00 AM,SERC,WEST,EKPC,EKPC,1328.591,True
9/6/2023 6:00:00 AM,9/6/2023 2:00:00 AM,SERC,WEST,EKPC,EKPC,1369.879,True
9/6/2023 7:00:00 AM,9/6/2023 3:00:00 AM,SERC,WEST,EKPC,EKPC,1283.115,True
9/6/2023 8:00:00 AM,9/6/2023 4:00:00 AM,SERC,WEST,EKPC,EKPC,1206.949,True
9/6/2023 9:00:00 AM,9/6/2023 5:00:00 AM,SERC,WEST,EKPC,EKPC,1287.337,True
9/6/2023 10:00:00 AM,9/6/2023 6:00:00 AM,SERC,WEST,EKPC,EKPC,1320.887,True
9/6/2023 11:00:00 AM,9/6/2023 7:00:00 AM,SERC,WEST,EKPC,EKPC,1351.462,True
9/6/2023 12:00:00 PM,9/6/2023 8:00:00 AM,SERC,WEST,EKPC,EKPC,1351.876,True
9/6/2023 1:00:00 PM,9/6/2023 9:00:00 AM,SERC,WEST,EKPC,EKPC,1420.327,True
9/6/2023 2:00:00 PM,9/6/2023 10:00:00 AM,SERC,WEST,EKPC,EKPC,1525.947,True
9/6/2023 3:00:00 PM,9/6/2023 11:00:00 AM,SERC,WEST,EKPC,EKPC,1612.734,True
9/6/2023 4:00:00 PM,9/6/2023 12:00:00 PM,SERC,WEST,EKPC,EKPC,1701.929,True
9/6/2023 5:00:00 PM,9/6/2023 1:00:00 PM,SERC,WEST,EKPC,EKPC,1754.229,True
9/6/2023 6:00:00 PM,9/6/2023 2:00:00 PM,SERC,WEST,EKPC,EKPC,1791.683,True
9/6/2023 7:00:00 PM,9/6/2023 3:00:00 PM,SERC,WEST,EKPC,EKPC,1829.063,True
9/6/2023 8:00:00 PM,9/6/2023 4:00:00 PM,SERC,WEST,EKPC,EKPC,1855.723,True
9/6/2023 9:00:00 PM,9/6/2023 5:00:00 PM,SERC,WEST,EKPC,EKPC,1873.946,True
9/6/2023 10:00:00 PM,9/6/2023 6:00:00 PM,SERC,WEST,EKPC,EKPC,1862.594,True
9/6/2023 11:00:00 PM,9/6/2023 7:00:00 PM,SERC,WEST,EKPC,EKPC,1873.201,True
9/7/2023 12:00:00 AM,9/6/2023 8:00:00 PM,SERC,WEST,EKPC,EKPC,1831.744,True
9/7/2023 1:00:00 AM,9/6/2023 9:00:00 PM,SERC,WEST,EKPC,EKPC,1793.682,True
9/7/2023 2:00:00 AM,9/6/2023 10:00:00 PM,SERC,WEST,EKPC,EKPC,1601.830,True
9/7/2023 3:00:00 AM,9/6/2023 11:00:00 PM,SERC,WEST,EKPC,EKPC,1433.436,True
9/7/2023 4:00:00 AM,9/7/2023 12:00:00 AM,SERC,WEST,EKPC,EKPC,1287.024,True
9/7/2023 5:00:00 AM,9/7/2023 1:00:00 AM,SERC,WEST,EKPC,EKPC,1219.484,True
9/7/2023 6:00:00 AM,9/7/2023 2:00:00 AM,SERC,WEST,EKPC,EKPC,1152.429,True
9/7/2023 7:00:00 AM,9/7/2023 3:00:00 AM,SERC,WEST,EKPC,EKPC,1125.966,True
9/7/2023 8:00:00 AM,9/7/2023 4:00:00 AM,SERC,WEST,EKPC,EKPC,1143.220,True
9/7/2023 9:00:00 AM,9/7/2023 5:00:00 AM,SERC,WEST,EKPC,EKPC,1169.330,True
9/7/2023 10:00:00 AM,9/7/2023 6:00:00 AM,SERC,WEST,EKPC,EKPC,1274.254,True
9/7/2023 11:00:00 AM,9/7/2023 7:00:00 AM,SERC,WEST,EKPC,EKPC,1323.323,True
9/7/2023 12:00:00 PM,9/7/2023 8:00:00 AM,SERC,WEST,EKPC,EKPC,1384.810,True
9/7/2023 1:00:00 PM,9/7/2023 9:00:00 AM,SERC,WEST,EKPC,EKPC,1470.291,True
9/7/2023 2:00:00 PM,9/7/2023 10:00:00 AM,SERC,WEST,EKPC,EKPC,1409.340,True
9/7/2023 3:00:00 PM,9/7/2023 11:00:00 AM,SERC,WEST,EKPC,EKPC,1513.724,True
9/7/2023 4:00:00 PM,9/7/2023 12:00:00 PM,SERC,WEST,EKPC,EKPC,1549.951,True
9/7/2023 5:00:00 PM,9/7/2023 1:00:00 PM,SERC,WEST,EKPC,EKPC,1614.703,True
9/7/2023 6:00:00 PM,9/7/2023 2:00:00 PM,SERC,WEST,EKPC,EKPC,1657.599,True
9/7/2023 7:00:00 PM,9/7/2023 3:00:00 PM,SERC,WEST,EKPC,EKPC,1691.197,True
9/7/2023 8:00:00 PM,9/7/2023 4:00:00 PM,SERC,WEST,EKPC,EKPC,1726.811,True
9/7/2023 9:00:00 PM,9/7/2023 5:00:00 PM,SERC,WEST,EKPC,EKPC,1746.253,True
9/7/2023 10:00:00 PM,9/7/2023 6:00:00 PM,SERC,WEST,EKPC,EKPC,1724.595,True
9/7/2023 11:00:00 PM,9/7/2023 7:00:00 PM,SERC,WEST,EKPC,EKPC,1675.260,True
9/8/2023 12:00:00 AM,9/7/2023 8:00:00 PM,SERC,WEST,EKPC,EKPC,1653.601,True
9/8/2023 1:00:00 AM,9/7/2023 9:00:00 PM,SERC,WEST,EKPC,EKPC,1563.189,True
9/8/2023 2:00:00 AM,9/7/2023 10:00:00 PM,SERC,WEST,EKPC,EKPC,1422.201,True
9/8/2023 3:00:00 AM,9/7/2023 11:00:00 PM,SERC,WEST,EKPC,EKPC,1311.775,True
9/8/2023 4:00:00 AM,9/8/2023 12:00:00 AM,SERC,WEST,EKPC,EKPC,1191.002,True
9/8/2023 5:00:00 AM,9/8/2023 1:00:00 AM,SERC,WEST,EKPC,EKPC,1118.037,True
9/8/2023 6:00:00 AM,9/8/2023 2:00:00 AM,SERC,WEST,EKPC,EKPC,1067.348,True
9/8/2023 7:00:00 AM,9/8/2023 3:00:00 AM,SERC,WEST,EKPC,EKPC,1039.444,True
9/8/2023 8:00:00 AM,9/8/2023 4:00:00 AM,SERC,WEST,EKPC,EKPC,1037.397,True
9/8/2023 9:00:00 AM,9/8/2023 5:00:00 AM,SERC,WEST,EKPC,EKPC,1151.082,True
9/8/2023 10:00:00 AM,9/8/2023 6:00:00 AM,SERC,WEST,EKPC,EKPC,1243.166,True
9/8/2023 11:00:00 AM,9/8/2023 7:00:00 AM,SERC,WEST,EKPC,EKPC,1264.487,True
9/8/2023 12:00:00 PM,9/8/2023 8:00:00 AM,SERC,WEST,EKPC,EKPC,1327.620,True
9/8/2023 1:00:00 PM,9/8/2023 9:00:00 AM,SERC,WEST,EKPC,EKPC,1281.493,True
9/8/2023 2:00:00 PM,9/8/2023 10:00:00 AM,SERC,WEST,EKPC,EKPC,1302.510,True
9/8/2023 3:00:00 PM,9/8/2023 11:00:00 AM,SERC,WEST,EKPC,EKPC,1381.992,True
9/8/2023 4:00:00 PM,9/8/2023 12:00:00 PM,SERC,WEST,EKPC,EKPC,1535.538,True
9/8/2023 5:00:00 PM,9/8/2023 1:00:00 PM,SERC,WEST,EKPC,EKPC,1642.398,True
9/8/2023 6:00:00 PM,9/8/2023 2:00:00 PM,SERC,WEST,EKPC,EKPC,1717.391,True
9/8/2023 7:00:00 PM,9/8/2023 3:00:00 PM,SERC,WEST,EKPC,EKPC,1786.337,True
9/8/2023 8:00:00 PM,9/8/2023 4:00:00 PM,SERC,WEST,EKPC,EKPC,1880.708,True
9/8/2023 9:00:00 PM,9/8/2023 5:00:00 PM,SERC,WEST,EKPC,EKPC,1752.610,True
9/8/2023 10:00:00 PM,9/8/2023 6:00:00 PM,SERC,WEST,EKPC,EKPC,1759.131,True
9/8/2023 11:00:00 PM,9/8/2023 7:00:00 PM,SERC,WEST,EKPC,EKPC,1635.732,True
9/9/2023 12:00:00 AM,9/8/2023 8:00:00 PM,SERC,WEST,EKPC,EKPC,1665.571,True
9/9/2023 1:00:00 AM,9/8/2023 9:00:00 PM,SERC,WEST,EKPC,EKPC,1628.688,True
9/9/2023 2:00:00 AM,9/8/2023 10:00:00 PM,SERC,WEST,EKPC,EKPC,1513.400,True
9/9/2023 3:00:00 AM,9/8/2023 11:00:00 PM,SERC,WEST,EKPC,EKPC,1419.104,True
9/9/2023 4:00:00 AM,9/9/2023 12:00:00 AM,SERC,WEST,EKPC,EKPC,1329.967,True
9/9/2023 5:00:00 AM,9/9/2023 1:00:00 AM,SERC,WEST,EKPC,EKPC,1207.278,True
9/9/2023 6:00:00 AM,9/9/2023 2:00:00 AM,SERC,WEST,EKPC,EKPC,1083.451,True
9/9/2023 7:00:00 AM,9/9/2023 3:00:00 AM,SERC,WEST,EKPC,EKPC,1061.079,True
9/9/2023 8:00:00 AM,9/9/2023 4:00:00 AM,SERC,WEST,EKPC,EKPC,1132.528,True
9/9/2023 9:00:00 AM,9/9/2023 5:00:00 AM,SERC,WEST,EKPC,EKPC,1123.150,True
9/9/2023 10:00:00 AM,9/9/2023 6:00:00 AM,SERC,WEST,EKPC,EKPC,1164.263,True
9/9/2023 11:00:00 AM,9/9/2023 7:00:00 AM,SERC,WEST,EKPC,EKPC,1219.530,True
9/9/2023 12:00:00 PM,9/9/2023 8:00:00 AM,SERC,WEST,EKPC,EKPC,1260.580,True
9/9/2023 1:00:00 PM,9/9/2023 9:00:00 AM,SERC,WEST,EKPC,EKPC,1296.361,True
9/9/2023 2:00:00 PM,9/9/2023 10:00:00 AM,SERC,WEST,EKPC,EKPC,1395.950,True
9/9/2023 3:00:00 PM,9/9/2023 11:00:00 AM,SERC,WEST,EKPC,EKPC,1360.078,True
9/9/2023 4:00:00 PM,9/9/2023 12:00:00 PM,SERC,WEST,EKPC,EKPC,1447.581,True
9/9/2023 5:00:00 PM,9/9/2023 1:00:00 PM,SERC,WEST,EKPC,EKPC,1514.912,True
9/9/2023 6:00:00 PM,9/9/2023 2:00:00 PM,SERC,WEST,EKPC,EKPC,1619.382,True
9/9/2023 7:00:00 PM,9/9/2023 3:00:00 PM,SERC,WEST,EKPC,EKPC,1670.167,True
9/9/2023 8:00:00 PM,9/9/2023 4:00:00 PM,SERC,WEST,EKPC,EKPC,1707.172,True
9/9/2023 9:00:00 PM,9/9/2023 5:00:00 PM,SERC,WEST,EKPC,EKPC,1726.551,True
9/9/2023 10:00:00 PM,9/9/2023 6:00:00 PM,SERC,WEST,EKPC,EKPC,1692.827,True
9/9/2023 11:00:00 PM,9/9/2023 7:00:00 PM,SERC,WEST,EKPC,EKPC,1640.269,True
9/10/2023 12:00:00 AM,9/9/2023 8:00:00 PM,SERC,WEST,EKPC,EKPC,1640.062,True
9/10/2023 1:00:00 AM,9/9/2023 9:00:00 PM,SERC,WEST,EKPC,EKPC,1590.291,True
9/10/2023 2:00:00 AM,9/9/2023 10:00:00 PM,SERC,WEST,EKPC,EKPC,1475.855,True
9/10/2023 3:00:00 AM,9/9/2023 11:00:00 PM,SERC,WEST,EKPC,EKPC,1327.176,True
9/10/2023 4:00:00 AM,9/10/2023 12:00:00 AM,SERC,WEST,EKPC,EKPC,1290.098,True
9/10/2023 5:00:00 AM,9/10/2023 1:00:00 AM,SERC,WEST,EKPC,EKPC,1224.510,True
9/10/2023 6:00:00 AM,9/10/2023 2:00:00 AM,SERC,WEST,EKPC,EKPC,1140.566,True
9/10/2023 7:00:00 AM,9/10/2023 3:00:00 AM,SERC,WEST,EKPC,EKPC,1090.995,True
9/10/2023 8:00:00 AM,9/10/2023 4:00:00 AM,SERC,WEST,EKPC,EKPC,1152.657,True
9/10/2023 9:00:00 AM,9/10/2023 5:00:00 AM,SERC,WEST,EKPC,EKPC,1095.310,True
9/10/2023 10:00:00 AM,9/10/2023 6:00:00 AM,SERC,WEST,EKPC,EKPC,1157.801,True
9/10/2023 11:00:00 AM,9/10/2023 7:00:00 AM,SERC,WEST,EKPC,EKPC,1201.567,True
9/10/2023 12:00:00 PM,9/10/2023 8:00:00 AM,SERC,WEST,EKPC,EKPC,1276.473,True
9/10/2023 1:00:00 PM,9/10/2023 9:00:00 AM,SERC,WEST,EKPC,EKPC,1352.123,True
9/10/2023 2:00:00 PM,9/10/2023 10:00:00 AM,SERC,WEST,EKPC,EKPC,1334.212,True
9/10/2023 3:00:00 PM,9/10/2023 11:00:00 AM,SERC,WEST,EKPC,EKPC,1401.706,True
9/10/2023 4:00:00 PM,9/10/2023 12:00:00 PM,SERC,WEST,EKPC,EKPC,1582.829,True
9/10/2023 5:00:00 PM,9/10/2023 1:00:00 PM,SERC,WEST,EKPC,EKPC,1643.473,True
9/10/2023 6:00:00 PM,9/10/2023 2:00:00 PM,SERC,WEST,EKPC,EKPC,1730.852,True
9/10/2023 7:00:00 PM,9/10/2023 3:00:00 PM,SERC,WEST,EKPC,EKPC,1812.905,True
9/10/2023 8:00:00 PM,9/10/2023 4:00:00 PM,SERC,WEST,EKPC,EKPC,1829.307,True
9/10/2023 9:00:00 PM,9/10/2023 5:00:00 PM,SERC,WEST,EKPC,EKPC,1794.166,True
9/10/2023 10:00:00 PM,9/10/2023 6:00:00 PM,SERC,WEST,EKPC,EKPC,1770.999,True
9/10/2023 11:00:00 PM,9/10/2023 7:00:00 PM,SERC,WEST,EKPC,EKPC,1740.356,True
9/11/2023 12:00:00 AM,9/10/2023 8:00:00 PM,SERC,WEST,EKPC,EKPC,1765.388,True
9/11/2023 1:00:00 AM,9/10/2023 9:00:00 PM,SERC,WEST,EKPC,EKPC,1688.729,True
9/11/2023 2:00:00 AM,9/10/2023 10:00:00 PM,SERC,WEST,EKPC,EKPC,1524.015,True
9/11/2023 3:00:00 AM,9/10/2023 11:00:00 PM,SERC,WEST,EKPC,EKPC,1389.149,True
9/11/2023 4:00:00 AM,9/11/2023 12:00:00 AM,SERC,WEST,EKPC,EKPC,1280.235,True
9/11/2023 5:00:00 AM,9/11/2023 1:00:00 AM,SERC,WEST,EKPC,EKPC,1241.393,True
9/11/2023 6:00:00 AM,9/11/2023 2:00:00 AM,SERC,WEST,EKPC,EKPC,1178.190,True
9/11/2023 7:00:00 AM,9/11/2023 3:00:00 AM,SERC,WEST,EKPC,EKPC,1162.032,True
9/11/2023 8:00:00 AM,9/11/2023 4:00:00 AM,SERC,WEST,EKPC,EKPC,1168.428,True
9/11/2023 9:00:00 AM,9/11/2023 5:00:00 AM,SERC,WEST,EKPC,EKPC,1223.944,True
9/11/2023 10:00:00 AM,9/11/2023 6:00:00 AM,SERC,WEST,EKPC,EKPC,1317.772,True
9/11/2023 11:00:00 AM,9/11/2023 7:00:00 AM,SERC,WEST,EKPC,EKPC,1320.705,True
9/11/2023 12:00:00 PM,9/11/2023 8:00:00 AM,SERC,WEST,EKPC,EKPC,1318.127,True
9/11/2023 1:00:00 PM,9/11/2023 9:00:00 AM,SERC,WEST,EKPC,EKPC,1383.279,True
9/11/2023 2:00:00 PM,9/11/2023 10:00:00 AM,SERC,WEST,EKPC,EKPC,1451.274,True
9/11/2023 3:00:00 PM,9/11/2023 11:00:00 AM,SERC,WEST,EKPC,EKPC,1530.405,True
9/11/2023 4:00:00 PM,9/11/2023 12:00:00 PM,SERC,WEST,EKPC,EKPC,1736.087,True
9/11/2023 5:00:00 PM,9/11/2023 1:00:00 PM,SERC,WEST,EKPC,EKPC,1843.388,True
9/11/2023 6:00:00 PM,9/11/2023 2:00:00 PM,SERC,WEST,EKPC,EKPC,1953.766,True
9/11/2023 7:00:00 PM,9/11/2023 3:00:00 PM,SERC,WEST,EKPC,EKPC,1952.933,True
9/11/2023 8:00:00 PM,9/11/2023 4:00:00 PM,SERC,WEST,EKPC,EKPC,1935.808,True
9/11/2023 9:00:00 PM,9/11/2023 5:00:00 PM,SERC,WEST,EKPC,EKPC,1967.704,True
9/11/2023 10:00:00 PM,9/11/2023 6:00:00 PM,SERC,WEST,EKPC,EKPC,1941.218,True
9/11/2023 11:00:00 PM,9/11/2023 7:00:00 PM,SERC,WEST,EKPC,EKPC,1925.137,True
9/12/2023 12:00:00 AM,9/11/2023 8:00:00 PM,SERC,WEST,EKPC,EKPC,1914.079,True
9/12/2023 1:00:00 AM,9/11/2023 9:00:00 PM,SERC,WEST,EKPC,EKPC,1759.279,True
9/12/2023 2:00:00 AM,9/11/2023 10:00:00 PM,SERC,WEST,EKPC,EKPC,1606.871,True
9/12/2023 3:00:00 AM,9/11/2023 11:00:00 PM,SERC,WEST,EKPC,EKPC,1455.457,True
9/12/2023 4:00:00 AM,9/12/2023 12:00:00 AM,SERC,WEST,EKPC,EKPC,1362.053,True
9/12/2023 5:00:00 AM,9/12/2023 1:00:00 AM,SERC,WEST,EKPC,EKPC,1294.025,True
9/12/2023 6:00:00 AM,9/12/2023 2:00:00 AM,SERC,WEST,EKPC,EKPC,1149.097,True
9/12/2023 7:00:00 AM,9/12/2023 3:00:00 AM,SERC,WEST,EKPC,EKPC,1131.606,True
9/12/2023 8:00:00 AM,9/12/2023 4:00:00 AM,SERC,WEST,EKPC,EKPC,1162.998,True
9/12/2023 9:00:00 AM,9/12/2023 5:00:00 AM,SERC,WEST,EKPC,EKPC,1224.104,True
9/12/2023 10:00:00 AM,9/12/2023 6:00:00 AM,SERC,WEST,EKPC,EKPC,1376.172,True
9/12/2023 11:00:00 AM,9/12/2023 7:00:00 AM,SERC,WEST,EKPC,EKPC,1426.540,True
9/12/2023 12:00:00 PM,9/12/2023 8:00:00 AM,SERC,WEST,EKPC,EKPC,1371.890,True
9/12/2023 1:00:00 PM,9/12/2023 9:00:00 AM,SERC,WEST,EKPC,EKPC,1313.242,True
9/12/2023 2:00:00 PM,9/12/2023 10:00:00 AM,SERC,WEST,EKPC,EKPC,1482.887,True
9/12/2023 3:00:00 PM,9/12/2023 11:00:00 AM,SERC,WEST,EKPC,EKPC,1513.956,True
9/12/2023 4:00:00 PM,9/12/2023 12:00:00 PM,SERC,WEST,EKPC,EKPC,1464.634,True
9/12/2023 5:00:00 PM,9/12/2023 1:00:00 PM,SERC,WEST,EKPC,EKPC,1470.432,True
9/12/2023 6:00:00 PM,9/12/2023 2:00:00 PM,SERC,WEST,EKPC,EKPC,1556.689,True
9/12/2023 7:00:00 PM,9/12/2023 3:00:00 PM,SERC,WEST,EKPC,EKPC,1644.544,True
9/12/2023 8:00:00 PM,9/12/2023 4:00:00 PM,SERC,WEST,EKPC,EKPC,1601.419,True
9/12/2023 9:00:00 PM,9/12/2023 5:00:00 PM,SERC,WEST,EKPC,EKPC,1599.054,True
9/12/2023 10:00:00 PM,9/12/2023 6:00:00 PM,SERC,WEST,EKPC,EKPC,1595.906,True
9/12/2023 11:00:00 PM,9/12/2023 7:00:00 PM,SERC,WEST,EKPC,EKPC,1678.768,True
9/13/2023 12:00:00 AM,9/12/2023 8:00:00 PM,SERC,WEST,EKPC,EKPC,1677.079,True
9/13/2023 1:00:00 AM,9/12/2023 9:00:00 PM,SERC,WEST,EKPC,EKPC,1632.193,True
9/13/2023 2:00:00 AM,9/12/2023 10:00:00 PM,SERC,WEST,EKPC,EKPC,1496.899,True
9/13/2023 3:00:00 AM,9/12/2023 11:00:00 PM,SERC,WEST,EKPC,EKPC,1360.072,True
9/13/2023 4:00:00 AM,9/13/2023 12:00:00 AM,SERC,WEST,EKPC,EKPC,1241.929,True
9/13/2023 5:00:00 AM,9/13/2023 1:00:00 AM,SERC,WEST,EKPC,EKPC,1120.479,True
9/13/2023 6:00:00 AM,9/13/2023 2:00:00 AM,SERC,WEST,EKPC,EKPC,1107.452,True
9/13/2023 7:00:00 AM,9/13/2023 3:00:00 AM,SERC,WEST,EKPC,EKPC,1109.043,True
9/13/2023 8:00:00 AM,9/13/2023 4:00:00 AM,SERC,WEST,EKPC,EKPC,1087.258,True
9/13/2023 9:00:00 AM,9/13/2023 5:00:00 AM,SERC,WEST,EKPC,EKPC,1076.659,True
9/13/2023 10:00:00 AM,9/13/2023 6:00:00 AM,SERC,WEST,EKPC,EKPC,1182.905,True
9/13/2023 11:00:00 AM,9/13/2023 7:00:00 AM,SERC,WEST,EKPC,EKPC,1223.146,True
9/13/2023 12:00:00 PM,9/13/2023 8:00:00 AM,SERC,WEST,EKPC,EKPC,1215.315,True
9/13/2023 1:00:00 PM,9/13/2023 9:00:00 AM,SERC,WEST,EKPC,EKPC,1248.428,True
9/13/2023 2:00:00 PM,9/13/2023 10:00:00 AM,SERC,WEST,EKPC,EKPC,1247.081,True
9/13/2023 3:00:00 PM,9/13/2023 11:00:00 AM,SERC,WEST,EKPC,EKPC,1265.647,True
9/13/2023 4:00:00 PM,9/13/2023 12:00:00 PM,SERC,WEST,EKPC,EKPC,1354.786,True
9/13/2023 5:00:00 PM,9/13/2023 1:00:00 PM,SERC,WEST,EKPC,EKPC,1408.525,True
9/13/2023 6:00:00 PM,9/13/2023 2:00:00 PM,SERC,WEST,EKPC,EKPC,1482.491,True
9/13/2023 7:00:00 PM,9/13/2023 3:00:00 PM,SERC,WEST,EKPC,EKPC,1531.131,True
9/13/2023 8:00:00 PM,9/13/2023 4:00:00 PM,SERC,WEST,EKPC,EKPC,1590.563,True
9/13/2023 9:00:00 PM,9/13/2023 5:00:00 PM,SERC,WEST,EKPC,EKPC,1614.975,True
9/13/2023 10:00:00 PM,9/13/2023 6:00:00 PM,SERC,WEST,EKPC,EKPC,1608.018,True
9/13/2023 11:00:00 PM,9/13/2023 7:00:00 PM,SERC,WEST,EKPC,EKPC,1491.331,True
9/14/2023 12:00:00 AM,9/13/2023 8:00:00 PM,SERC,WEST,EKPC,EKPC,1501.835,True
9/14/2023 1:00:00 AM,9/13/2023 9:00:00 PM,SERC,WEST,EKPC,EKPC,1431.710,True
9/14/2023 2:00:00 AM,9/13/2023 10:00:00 PM,SERC,WEST,EKPC,EKPC,1252.402,True
9/14/2023 3:00:00 AM,9/13/2023 11:00:00 PM,SERC,WEST,EKPC,EKPC,1110.981,True
9/14/2023 4:00:00 AM,9/14/2023 12:00:00 AM,SERC,WEST,EKPC,EKPC,1036.545,True
9/14/2023 5:00:00 AM,9/14/2023 1:00:00 AM,SERC,WEST,EKPC,EKPC,984.994,True
9/14/2023 6:00:00 AM,9/14/2023 2:00:00 AM,SERC,WEST,EKPC,EKPC,953.255,True
9/14/2023 7:00:00 AM,9/14/2023 3:00:00 AM,SERC,WEST,EKPC,EKPC,946.010,True
9/14/2023 8:00:00 AM,9/14/2023 4:00:00 AM,SERC,WEST,EKPC,EKPC,959.298,True
9/14/2023 9:00:00 AM,9/14/2023 5:00:00 AM,SERC,WEST,EKPC,EKPC,1013.698,True
9/14/2023 10:00:00 AM,9/14/2023 6:00:00 AM,SERC,WEST,EKPC,EKPC,1130.612,True
9/14/2023 11:00:00 AM,9/14/2023 7:00:00 AM,SERC,WEST,EKPC,EKPC,1167.352,True
9/14/2023 12:00:00 PM,9/14/2023 8:00:00 AM,SERC,WEST,EKPC,EKPC,1157.513,True
9/14/2023 1:00:00 PM,9/14/2023 9:00:00 AM,SERC,WEST,EKPC,EKPC,1170.404,True
9/14/2023 2:00:00 PM,9/14/2023 10:00:00 AM,SERC,WEST,EKPC,EKPC,1205.998,True
9/14/2023 3:00:00 PM,9/14/2023 11:00:00 AM,SERC,WEST,EKPC,EKPC,1235.302,True
9/14/2023 4:00:00 PM,9/14/2023 12:00:00 PM,SERC,WEST,EKPC,EKPC,1296.146,True
9/14/2023 5:00:00 PM,9/14/2023 1:00:00 PM,SERC,WEST,EKPC,EKPC,1336.359,True
9/14/2023 6:00:00 PM,9/14/2023 2:00:00 PM,SERC,WEST,EKPC,EKPC,1402.377,True
9/14/2023 7:00:00 PM,9/14/2023 3:00:00 PM,SERC,WEST,EKPC,EKPC,1475.194,True
9/14/2023 8:00:00 PM,9/14/2023 4:00:00 PM,SERC,WEST,EKPC,EKPC,1596.835,True
9/14/2023 9:00:00 PM,9/14/2023 5:00:00 PM,SERC,WEST,EKPC,EKPC,1652.030,True
9/14/2023 10:00:00 PM,9/14/2023 6:00:00 PM,SERC,WEST,EKPC,EKPC,1625.669,True
9/14/2023 11:00:00 PM,9/14/2023 7:00:00 PM,SERC,WEST,EKPC,EKPC,1576.256,True
9/15/2023 12:00:00 AM,9/14/2023 8:00:00 PM,SERC,WEST,EKPC,EKPC,1499.410,True
9/15/2023 1:00:00 AM,9/14/2023 9:00:00 PM,SERC,WEST,EKPC,EKPC,1499.945,True
9/15/2023 2:00:00 AM,9/14/2023 10:00:00 PM,SERC,WEST,EKPC,EKPC,1341.018,True
9/15/2023 3:00:00 AM,9/14/2023 11:00:00 PM,SERC,WEST,EKPC,EKPC,1205.670,True
9/15/2023 4:00:00 AM,9/15/2023 12:00:00 AM,SERC,WEST,EKPC,EKPC,1127.961,True
9/15/2023 5:00:00 AM,9/15/2023 1:00:00 AM,SERC,WEST,EKPC,EKPC,1065.538,True
9/15/2023 6:00:00 AM,9/15/2023 2:00:00 AM,SERC,WEST,EKPC,EKPC,1026.225,True
9/15/2023 7:00:00 AM,9/15/2023 3:00:00 AM,SERC,WEST,EKPC,EKPC,1022.519,True
9/15/2023 8:00:00 AM,9/15/2023 4:00:00 AM,SERC,WEST,EKPC,EKPC,1036.567,True
9/15/2023 9:00:00 AM,9/15/2023 5:00:00 AM,SERC,WEST,EKPC,EKPC,1089.464,True
9/15/2023 10:00:00 AM,9/15/2023 6:00:00 AM,SERC,WEST,EKPC,EKPC,1205.375,True
9/15/2023 11:00:00 AM,9/15/2023 7:00:00 AM,SERC,WEST,EKPC,EKPC,1261.349,True
9/15/2023 12:00:00 PM,9/15/2023 8:00:00 AM,SERC,WEST,EKPC,EKPC,1259.271,True
9/15/2023 1:00:00 PM,9/15/2023 9:00:00 AM,SERC,WEST,EKPC,EKPC,1217.805,True
9/15/2023 2:00:00 PM,9/15/2023 10:00:00 AM,SERC,WEST,EKPC,EKPC,1274.634,True
9/15/2023 3:00:00 PM,9/15/2023 11:00:00 AM,SERC,WEST,EKPC,EKPC,1310.902,True
9/15/2023 4:00:00 PM,9/15/2023 12:00:00 PM,SERC,WEST,EKPC,EKPC,1395.970,True
9/15/2023 5:00:00 PM,9/15/2023 1:00:00 PM,SERC,WEST,EKPC,EKPC,1393.219,True
9/15/2023 6:00:00 PM,9/15/2023 2:00:00 PM,SERC,WEST,EKPC,EKPC,1406.307,True
9/15/2023 7:00:00 PM,9/15/2023 3:00:00 PM,SERC,WEST,EKPC,EKPC,1494.007,True
9/15/2023 8:00:00 PM,9/15/2023 4:00:00 PM,SERC,WEST,EKPC,EKPC,1640.275,True
9/15/2023 9:00:00 PM,9/15/2023 5:00:00 PM,SERC,WEST,EKPC,EKPC,1698.336,True
9/15/2023 10:00:00 PM,9/15/2023 6:00:00 PM,SERC,WEST,EKPC,EKPC,1666.696,True
9/15/2023 11:00:00 PM,9/15/2023 7:00:00 PM,SERC,WEST,EKPC,EKPC,1589.445,True
9/16/2023 12:00:00 AM,9/15/2023 8:00:00 PM,SERC,WEST,EKPC,EKPC,1518.182,True
9/16/2023 1:00:00 AM,9/15/2023 9:00:00 PM,SERC,WEST,EKPC,EKPC,1456.764,True
9/16/2023 2:00:00 AM,9/15/2023 10:00:00 PM,SERC,WEST,EKPC,EKPC,1359.256,True
9/16/2023 3:00:00 AM,9/15/2023 11:00:00 PM,SERC,WEST,EKPC,EKPC,1251.729,True
9/16/2023 4:00:00 AM,9/16/2023 12:00:00 AM,SERC,WEST,EKPC,EKPC,1204.492,True
9/16/2023 5:00:00 AM,9/16/2023 1:00:00 AM,SERC,WEST,EKPC,EKPC,1148.478,True
9/16/2023 6:00:00 AM,9/16/2023 2:00:00 AM,SERC,WEST,EKPC,EKPC,1033.490,True
9/16/2023 7:00:00 AM,9/16/2023 3:00:00 AM,SERC,WEST,EKPC,EKPC,943.159,True
9/16/2023 8:00:00 AM,9/16/2023 4:00:00 AM,SERC,WEST,EKPC,EKPC,997.747,True
9/16/2023 9:00:00 AM,9/16/2023 5:00:00 AM,SERC,WEST,EKPC,EKPC,976.634,True
9/16/2023 10:00:00 AM,9/16/2023 6:00:00 AM,SERC,WEST,EKPC,EKPC,1042.228,True
9/16/2023 11:00:00 AM,9/16/2023 7:00:00 AM,SERC,WEST,EKPC,EKPC,1127.072,True
9/16/2023 12:00:00 PM,9/16/2023 8:00:00 AM,SERC,WEST,EKPC,EKPC,1242.353,True
9/16/2023 1:00:00 PM,9/16/2023 9:00:00 AM,SERC,WEST,EKPC,EKPC,1222.175,True
9/16/2023 2:00:00 PM,9/16/2023 10:00:00 AM,SERC,WEST,EKPC,EKPC,1253.111,True
9/16/2023 3:00:00 PM,9/16/2023 11:00:00 AM,SERC,WEST,EKPC,EKPC,1326.228,True
9/16/2023 4:00:00 PM,9/16/2023 12:00:00 PM,SERC,WEST,EKPC,EKPC,1416.866,True
9/16/2023 5:00:00 PM,9/16/2023 1:00:00 PM,SERC,WEST,EKPC,EKPC,1447.692,True
9/16/2023 6:00:00 PM,9/16/2023 2:00:00 PM,SERC,WEST,EKPC,EKPC,1551.385,True
9/16/2023 7:00:00 PM,9/16/2023 3:00:00 PM,SERC,WEST,EKPC,EKPC,1579.021,True
9/16/2023 8:00:00 PM,9/16/2023 4:00:00 PM,SERC,WEST,EKPC,EKPC,1623.390,True
9/16/2023 9:00:00 PM,9/16/2023 5:00:00 PM,SERC,WEST,EKPC,EKPC,1611.290,True
9/16/2023 10:00:00 PM,9/16/2023 6:00:00 PM,SERC,WEST,EKPC,EKPC,1582.747,True
9/16/2023 11:00:00 PM,9/16/2023 7:00:00 PM,SERC,WEST,EKPC,EKPC,1468.208,True
9/17/2023 12:00:00 AM,9/16/2023 8:00:00 PM,SERC,WEST,EKPC,EKPC,1406.931,True
9/17/2023 1:00:00 AM,9/16/2023 9:00:00 PM,SERC,WEST,EKPC,EKPC,1394.629,True
9/17/2023 2:00:00 AM,9/16/2023 10:00:00 PM,SERC,WEST,EKPC,EKPC,1279.136,True
9/17/2023 3:00:00 AM,9/16/2023 11:00:00 PM,SERC,WEST,EKPC,EKPC,1167.670,True
9/17/2023 4:00:00 AM,9/17/2023 12:00:00 AM,SERC,WEST,EKPC,EKPC,1090.001,True
9/17/2023 5:00:00 AM,9/17/2023 1:00:00 AM,SERC,WEST,EKPC,EKPC,1028.126,True
9/17/2023 6:00:00 AM,9/17/2023 2:00:00 AM,SERC,WEST,EKPC,EKPC,977.909,True
9/17/2023 7:00:00 AM,9/17/2023 3:00:00 AM,SERC,WEST,EKPC,EKPC,1000.578,True
9/17/2023 8:00:00 AM,9/17/2023 4:00:00 AM,SERC,WEST,EKPC,EKPC,1005.381,True
9/17/2023 9:00:00 AM,9/17/2023 5:00:00 AM,SERC,WEST,EKPC,EKPC,978.307,True
9/17/2023 10:00:00 AM,9/17/2023 6:00:00 AM,SERC,WEST,EKPC,EKPC,1097.095,True
9/17/2023 11:00:00 AM,9/17/2023 7:00:00 AM,SERC,WEST,EKPC,EKPC,1105.024,True
9/17/2023 12:00:00 PM,9/17/2023 8:00:00 AM,SERC,WEST,EKPC,EKPC,1211.518,True
9/17/2023 1:00:00 PM,9/17/2023 9:00:00 AM,SERC,WEST,EKPC,EKPC,1261.544,True
9/17/2023 2:00:00 PM,9/17/2023 10:00:00 AM,SERC,WEST,EKPC,EKPC,1302.962,True
9/17/2023 3:00:00 PM,9/17/2023 11:00:00 AM,SERC,WEST,EKPC,EKPC,1337.913,True
9/17/2023 4:00:00 PM,9/17/2023 12:00:00 PM,SERC,WEST,EKPC,EKPC,1427.829,True
9/17/2023 5:00:00 PM,9/17/2023 1:00:00 PM,SERC,WEST,EKPC,EKPC,1441.296,True
9/17/2023 6:00:00 PM,9/17/2023 2:00:00 PM,SERC,WEST,EKPC,EKPC,1347.143,True
9/17/2023 7:00:00 PM,9/17/2023 3:00:00 PM,SERC,WEST,EKPC,EKPC,1329.993,True
9/17/2023 8:00:00 PM,9/17/2023 4:00:00 PM,SERC,WEST,EKPC,EKPC,1408.722,True
9/17/2023 9:00:00 PM,9/17/2023 5:00:00 PM,SERC,WEST,EKPC,EKPC,1394.267,True
9/17/2023 10:00:00 PM,9/17/2023 6:00:00 PM,SERC,WEST,EKPC,EKPC,1530.453,True
9/17/2023 11:00:00 PM,9/17/2023 7:00:00 PM,SERC,WEST,EKPC,EKPC,1488.518,True
9/18/2023 12:00:00 AM,9/17/2023 8:00:00 PM,SERC,WEST,EKPC,EKPC,1576.913,True
9/18/2023 1:00:00 AM,9/17/2023 9:00:00 PM,SERC,WEST,EKPC,EKPC,1467.166,True
9/18/2023 2:00:00 AM,9/17/2023 10:00:00 PM,SERC,WEST,EKPC,EKPC,1379.959,True
9/18/2023 3:00:00 AM,9/17/2023 11:00:00 PM,SERC,WEST,EKPC,EKPC,1227.616,True
9/18/2023 4:00:00 AM,9/18/2023 12:00:00 AM,SERC,WEST,EKPC,EKPC,1106.014,True
9/18/2023 5:00:00 AM,9/18/2023 1:00:00 AM,SERC,WEST,EKPC,EKPC,1071.481,True
9/18/2023 6:00:00 AM,9/18/2023 2:00:00 AM,SERC,WEST,EKPC,EKPC,1058.887,True
9/18/2023 7:00:00 AM,9/18/2023 3:00:00 AM,SERC,WEST,EKPC,EKPC,1031.978,True
9/18/2023 8:00:00 AM,9/18/2023 4:00:00 AM,SERC,WEST,EKPC,EKPC,1088.055,True
9/18/2023 9:00:00 AM,9/18/2023 5:00:00 AM,SERC,WEST,EKPC,EKPC,1036.134,True
9/18/2023 10:00:00 AM,9/18/2023 6:00:00 AM,SERC,WEST,EKPC,EKPC,1228.498,True
9/18/2023 11:00:00 AM,9/18/2023 7:00:00 AM,SERC,WEST,EKPC,EKPC,1174.344,True
9/18/2023 12:00:00 PM,9/18/2023 8:00:00 AM,SERC,WEST,EKPC,EKPC,1238.987,True
9/18/2023 1:00:00 PM,9/18/2023 9:00:00 AM,SERC,WEST,EKPC,EKPC,1278.588,True
9/18/2023 2:00:00 PM,9/18/2023 10:00:00 AM,SERC,WEST,EKPC,EKPC,1318.540,True
9/18/2023 3:00:00 PM,9/18/2023 11:00:00 AM,SERC,WEST,EKPC,EKPC,1334.777,True
9/18/2023 4:00:00 PM,9/18/2023 12:00:00 PM,SERC,WEST,EKPC,EKPC,1369.870,True
9/18/2023 5:00:00 PM,9/18/2023 1:00:00 PM,SERC,WEST,EKPC,EKPC,1470.316,True
9/18/2023 6:00:00 PM,9/18/2023 2:00:00 PM,SERC,WEST,EKPC,EKPC,1448.978,True
9/18/2023 7:00:00 PM,9/18/2023 3:00:00 PM,SERC,WEST,EKPC,EKPC,1505.327,True
9/18/2023 8:00:00 PM,9/18/2023 4:00:00 PM,SERC,WEST,EKPC,EKPC,1548.236,True
9/18/2023 9:00:00 PM,9/18/2023 5:00:00 PM,SERC,WEST,EKPC,EKPC,1603.941,True
9/18/2023 10:00:00 PM,9/18/2023 6:00:00 PM,SERC,WEST,EKPC,EKPC,1537.265,True
9/18/2023 11:00:00 PM,9/18/2023 7:00:00 PM,SERC,WEST,EKPC,EKPC,1605.247,True
9/19/2023 12:00:00 AM,9/18/2023 8:00:00 PM,SERC,WEST,EKPC,EKPC,1636.011,True
9/19/2023 1:00:00 AM,9/18/2023 9:00:00 PM,SERC,WEST,EKPC,EKPC,1530.888,True
9/19/2023 2:00:00 AM,9/18/2023 10:00:00 PM,SERC,WEST,EKPC,EKPC,1417.498,True
9/19/2023 3:00:00 AM,9/18/2023 11:00:00 PM,SERC,WEST,EKPC,EKPC,1267.232,True
9/19/2023 4:00:00 AM,9/19/2023 12:00:00 AM,SERC,WEST,EKPC,EKPC,1173.284,True
9/19/2023 5:00:00 AM,9/19/2023 1:00:00 AM,SERC,WEST,EKPC,EKPC,1120.981,True
9/19/2023 6:00:00 AM,9/19/2023 2:00:00 AM,SERC,WEST,EKPC,EKPC,1084.084,True
9/19/2023 7:00:00 AM,9/19/2023 3:00:00 AM,SERC,WEST,EKPC,EKPC,1106.794,True
9/19/2023 8:00:00 AM,9/19/2023 4:00:00 AM,SERC,WEST,EKPC,EKPC,1046.335,True
9/19/2023 9:00:00 AM,9/19/2023 5:00:00 AM,SERC,WEST,EKPC,EKPC,1124.286,True
9/19/2023 10:00:00 AM,9/19/2023 6:00:00 AM,SERC,WEST,EKPC,EKPC,1164.241,True
9/19/2023 11:00:00 AM,9/19/2023 7:00:00 AM,SERC,WEST,EKPC,EKPC,1165.179,True
9/19/2023 12:00:00 PM,9/19/2023 8:00:00 AM,SERC,WEST,EKPC,EKPC,1286.066,True
9/19/2023 1:00:00 PM,9/19/2023 9:00:00 AM,SERC,WEST,EKPC,EKPC,1283.128,True
9/19/2023 2:00:00 PM,9/19/2023 10:00:00 AM,SERC,WEST,EKPC,EKPC,1321.101,True
9/19/2023 3:00:00 PM,9/19/2023 11:00:00 AM,SERC,WEST,EKPC,EKPC,1384.488,True
9/19/2023 4:00:00 PM,9/19/2023 12:00:00 PM,SERC,WEST,EKPC,EKPC,1390.209,True
9/19/2023 5:00:00 PM,9/19/2023 1:00:00 PM,SERC,WEST,EKPC,EKPC,1443.986,True
9/19/2023 6:00:00 PM,9/19/2023 2:00:00 PM,SERC,WEST,EKPC,EKPC,1573.424,True
9/19/2023 7:00:00 PM,9/19/2023 3:00:00 PM,SERC,WEST,EKPC,EKPC,1621.131,True
9/19/2023 8:00:00 PM,9/19/2023 4:00:00 PM,SERC,WEST,EKPC,EKPC,1659.318,True
9/19/2023 9:00:00 PM,9/19/2023 5:00:00 PM,SERC,WEST,EKPC,EKPC,1696.921,True
9/19/2023 10:00:00 PM,9/19/2023 6:00:00 PM,SERC,WEST,EKPC,EKPC,1699.621,True
9/19/2023 11:00:00 PM,9/19/2023 7:00:00 PM,SERC,WEST,EKPC,EKPC,1505.795,True
9/20/2023 12:00:00 AM,9/19/2023 8:00:00 PM,SERC,WEST,EKPC,EKPC,1512.510,True
9/20/2023 1:00:00 AM,9/19/2023 9:00:00 PM,SERC,WEST,EKPC,EKPC,1523.098,True
9/20/2023 2:00:00 AM,9/19/2023 10:00:00 PM,SERC,WEST,EKPC,EKPC,1356.322,True
9/20/2023 3:00:00 AM,9/19/2023 11:00:00 PM,SERC,WEST,EKPC,EKPC,1245.741,True
9/20/2023 4:00:00 AM,9/20/2023 12:00:00 AM,SERC,WEST,EKPC,EKPC,1179.878,True
9/20/2023 5:00:00 AM,9/20/2023 1:00:00 AM,SERC,WEST,EKPC,EKPC,979.749,True
9/20/2023 6:00:00 AM,9/20/2023 2:00:00 AM,SERC,WEST,EKPC,EKPC,948.036,True
9/20/2023 7:00:00 AM,9/20/2023 3:00:00 AM,SERC,WEST,EKPC,EKPC,1058.327,True
9/20/2023 8:00:00 AM,9/20/2023 4:00:00 AM,SERC,WEST,EKPC,EKPC,1078.926,True
9/20/2023 9:00:00 AM,9/20/2023 5:00:00 AM,SERC,WEST,EKPC,EKPC,1111.233,True
9/20/2023 10:00:00 AM,9/20/2023 6:00:00 AM,SERC,WEST,EKPC,EKPC,1272.362,True
9/20/2023 11:00:00 AM,9/20/2023 7:00:00 AM,SERC,WEST,EKPC,EKPC,1336.041,True
9/20/2023 12:00:00 PM,9/20/2023 8:00:00 AM,SERC,WEST,EKPC,EKPC,1305.258,True
9/20/2023 1:00:00 PM,9/20/2023 9:00:00 AM,SERC,WEST,EKPC,EKPC,1293.251,True
9/20/2023 2:00:00 PM,9/20/2023 10:00:00 AM,SERC,WEST,EKPC,EKPC,1322.814,True
9/20/2023 3:00:00 PM,9/20/2023 11:00:00 AM,SERC,WEST,EKPC,EKPC,1426.909,True
9/20/2023 4:00:00 PM,9/20/2023 12:00:00 PM,SERC,WEST,EKPC,EKPC,1498.813,True
9/20/2023 5:00:00 PM,9/20/2023 1:00:00 PM,SERC,WEST,EKPC,EKPC,1542.809,True
9/20/2023 6:00:00 PM,9/20/2023 2:00:00 PM,SERC,WEST,EKPC,EKPC,1636.581,True
9/20/2023 7:00:00 PM,9/20/2023 3:00:00 PM,SERC,WEST,EKPC,EKPC,1668.077,True
9/20/2023 8:00:00 PM,9/20/2023 4:00:00 PM,SERC,WEST,EKPC,EKPC,1694.988,True
9/20/2023 9:00:00 PM,9/20/2023 5:00:00 PM,SERC,WEST,EKPC,EKPC,1805.119,True
9/20/2023 10:00:00 PM,9/20/2023 6:00:00 PM,SERC,WEST,EKPC,EKPC,1773.996,True
9/20/2023 11:00:00 PM,9/20/2023 7:00:00 PM,SERC,WEST,EKPC,EKPC,1741.436,True
9/21/2023 12:00:00 AM,9/20/2023 8:00:00 PM,SERC,WEST,EKPC,EKPC,1703.348,True
9/21/2023 1:00:00 AM,9/20/2023 9:00:00 PM,SERC,WEST,EKPC,EKPC,1585.879,True
9/21/2023 2:00:00 AM,9/20/2023 10:00:00 PM,SERC,WEST,EKPC,EKPC,1321.955,True
9/21/2023 3:00:00 AM,9/20/2023 11:00:00 PM,SERC,WEST,EKPC,EKPC,1194.501,True
9/21/2023 4:00:00 AM,9/21/2023 12:00:00 AM,SERC,WEST,EKPC,EKPC,1203.475,True
9/21/2023 5:00:00 AM,9/21/2023 1:00:00 AM,SERC,WEST,EKPC,EKPC,1203.175,True
9/21/2023 6:00:00 AM,9/21/2023 2:00:00 AM,SERC,WEST,EKPC,EKPC,1132.596,True
9/21/2023 7:00:00 AM,9/21/2023 3:00:00 AM,SERC,WEST,EKPC,EKPC,1078.152,True
9/21/2023 8:00:00 AM,9/21/2023 4:00:00 AM,SERC,WEST,EKPC,EKPC,1132.084,True
9/21/2023 9:00:00 AM,9/21/2023 5:00:00 AM,SERC,WEST,EKPC,EKPC,1158.135,True
9/21/2023 10:00:00 AM,9/21/2023 6:00:00 AM,SERC,WEST,EKPC,EKPC,1296.286,True
9/21/2023 11:00:00 AM,9/21/2023 7:00:00 AM,SERC,WEST,EKPC,EKPC,1292.676,True
9/21/2023 12:00:00 PM,9/21/2023 8:00:00 AM,SERC,WEST,EKPC,EKPC,1304.847,True
9/21/2023 1:00:00 PM,9/21/2023 9:00:00 AM,SERC,WEST,EKPC,EKPC,1316.844,True
9/21/2023 2:00:00 PM,9/21/2023 10:00:00 AM,SERC,WEST,EKPC,EKPC,1341.290,True
9/21/2023 3:00:00 PM,9/21/2023 11:00:00 AM,SERC,WEST,EKPC,EKPC,1393.323,True
9/21/2023 4:00:00 PM,9/21/2023 12:00:00 PM,SERC,WEST,EKPC,EKPC,1532.357,True
9/21/2023 5:00:00 PM,9/21/2023 1:00:00 PM,SERC,WEST,EKPC,EKPC,1600.857,True
9/21/2023 6:00:00 PM,9/21/2023 2:00:00 PM,SERC,WEST,EKPC,EKPC,1616.955,True
9/21/2023 7:00:00 PM,9/21/2023 3:00:00 PM,SERC,WEST,EKPC,EKPC,1703.938,True
9/21/2023 8:00:00 PM,9/21/2023 4:00:00 PM,SERC,WEST,EKPC,EKPC,1720.788,True
9/21/2023 9:00:00 PM,9/21/2023 5:00:00 PM,SERC,WEST,EKPC,EKPC,1671.965,True
9/21/2023 10:00:00 PM,9/21/2023 6:00:00 PM,SERC,WEST,EKPC,EKPC,1630.511,True
9/21/2023 11:00:00 PM,9/21/2023 7:00:00 PM,SERC,WEST,EKPC,EKPC,1576.040,True
9/22/2023 12:00:00 AM,9/21/2023 8:00:00 PM,SERC,WEST,EKPC,EKPC,1557.388,True
9/22/2023 1:00:00 AM,9/21/2023 9:00:00 PM,SERC,WEST,EKPC,EKPC,1428.306,True
9/22/2023 2:00:00 AM,9/21/2023 10:00:00 PM,SERC,WEST,EKPC,EKPC,1301.674,True
9/22/2023 3:00:00 AM,9/21/2023 11:00:00 PM,SERC,WEST,EKPC,EKPC,1158.800,True
9/22/2023 4:00:00 AM,9/22/2023 12:00:00 AM,SERC,WEST,EKPC,EKPC,1037.779,True
9/22/2023 5:00:00 AM,9/22/2023 1:00:00 AM,SERC,WEST,EKPC,EKPC,987.910,True
9/22/2023 6:00:00 AM,9/22/2023 2:00:00 AM,SERC,WEST,EKPC,EKPC,940.660,True
9/22/2023 7:00:00 AM,9/22/2023 3:00:00 AM,SERC,WEST,EKPC,EKPC,919.085,True
9/22/2023 8:00:00 AM,9/22/2023 4:00:00 AM,SERC,WEST,EKPC,EKPC,935.533,True
9/22/2023 9:00:00 AM,9/22/2023 5:00:00 AM,SERC,WEST,EKPC,EKPC,976.476,True
9/22/2023 10:00:00 AM,9/22/2023 6:00:00 AM,SERC,WEST,EKPC,EKPC,1080.549,True
9/22/2023 11:00:00 AM,9/22/2023 7:00:00 AM,SERC,WEST,EKPC,EKPC,1116.995,True
9/22/2023 12:00:00 PM,9/22/2023 8:00:00 AM,SERC,WEST,EKPC,EKPC,1114.268,True
9/22/2023 1:00:00 PM,9/22/2023 9:00:00 AM,SERC,WEST,EKPC,EKPC,1152.253,True
9/22/2023 2:00:00 PM,9/22/2023 10:00:00 AM,SERC,WEST,EKPC,EKPC,1206.039,True
9/22/2023 3:00:00 PM,9/22/2023 11:00:00 AM,SERC,WEST,EKPC,EKPC,1284.507,True
9/22/2023 4:00:00 PM,9/22/2023 12:00:00 PM,SERC,WEST,EKPC,EKPC,1385.131,True
9/22/2023 5:00:00 PM,9/22/2023 1:00:00 PM,SERC,WEST,EKPC,EKPC,1467.456,True
9/22/2023 6:00:00 PM,9/22/2023 2:00:00 PM,SERC,WEST,EKPC,EKPC,1553.585,True
9/22/2023 7:00:00 PM,9/22/2023 3:00:00 PM,SERC,WEST,EKPC,EKPC,1606.384,True
9/22/2023 8:00:00 PM,9/22/2023 4:00:00 PM,SERC,WEST,EKPC,EKPC,1649.997,True
9/22/2023 9:00:00 PM,9/22/2023 5:00:00 PM,SERC,WEST,EKPC,EKPC,1658.891,True
9/22/2023 10:00:00 PM,9/22/2023 6:00:00 PM,SERC,WEST,EKPC,EKPC,1609.652,True
9/22/2023 11:00:00 PM,9/22/2023 7:00:00 PM,SERC,WEST,EKPC,EKPC,1513.235,True
9/23/2023 12:00:00 AM,9/22/2023 8:00:00 PM,SERC,WEST,EKPC,EKPC,1432.424,True
9/23/2023 1:00:00 AM,9/22/2023 9:00:00 PM,SERC,WEST,EKPC,EKPC,1336.158,True
9/23/2023 2:00:00 AM,9/22/2023 10:00:00 PM,SERC,WEST,EKPC,EKPC,1230.013,True
9/23/2023 3:00:00 AM,9/22/2023 11:00:00 PM,SERC,WEST,EKPC,EKPC,1107.135,True
9/23/2023 4:00:00 AM,9/23/2023 12:00:00 AM,SERC,WEST,EKPC,EKPC,1019.911,True
9/23/2023 5:00:00 AM,9/23/2023 1:00:00 AM,SERC,WEST,EKPC,EKPC,936.808,True
9/23/2023 6:00:00 AM,9/23/2023 2:00:00 AM,SERC,WEST,EKPC,EKPC,904.641,True
9/23/2023 7:00:00 AM,9/23/2023 3:00:00 AM,SERC,WEST,EKPC,EKPC,872.294,True
9/23/2023 8:00:00 AM,9/23/2023 4:00:00 AM,SERC,WEST,EKPC,EKPC,866.216,True
9/23/2023 9:00:00 AM,9/23/2023 5:00:00 AM,SERC,WEST,EKPC,EKPC,870.727,True
9/23/2023 10:00:00 AM,9/23/2023 6:00:00 AM,SERC,WEST,EKPC,EKPC,883.646,True
9/23/2023 11:00:00 AM,9/23/2023 7:00:00 AM,SERC,WEST,EKPC,EKPC,931.228,True
9/23/2023 12:00:00 PM,9/23/2023 8:00:00 AM,SERC,WEST,EKPC,EKPC,1008.192,True
9/23/2023 1:00:00 PM,9/23/2023 9:00:00 AM,SERC,WEST,EKPC,EKPC,1043.007,True
9/23/2023 2:00:00 PM,9/23/2023 10:00:00 AM,SERC,WEST,EKPC,EKPC,1109.061,True
9/23/2023 3:00:00 PM,9/23/2023 11:00:00 AM,SERC,WEST,EKPC,EKPC,1151.687,True
9/23/2023 4:00:00 PM,9/23/2023 12:00:00 PM,SERC,WEST,EKPC,EKPC,1206.497,True
9/23/2023 5:00:00 PM,9/23/2023 1:00:00 PM,SERC,WEST,EKPC,EKPC,1254.615,True
9/23/2023 6:00:00 PM,9/23/2023 2:00:00 PM,SERC,WEST,EKPC,EKPC,1326.283,True
9/23/2023 7:00:00 PM,9/23/2023 3:00:00 PM,SERC,WEST,EKPC,EKPC,1393.897,True
9/23/2023 8:00:00 PM,9/23/2023 4:00:00 PM,SERC,WEST,EKPC,EKPC,1438.200,True
9/23/2023 9:00:00 PM,9/23/2023 5:00:00 PM,SERC,WEST,EKPC,EKPC,1470.584,True
9/23/2023 10:00:00 PM,9/23/2023 6:00:00 PM,SERC,WEST,EKPC,EKPC,1439.211,True
9/23/2023 11:00:00 PM,9/23/2023 7:00:00 PM,SERC,WEST,EKPC,EKPC,1346.205,True
9/24/2023 12:00:00 AM,9/23/2023 8:00:00 PM,SERC,WEST,EKPC,EKPC,1303.471,True
9/24/2023 1:00:00 AM,9/23/2023 9:00:00 PM,SERC,WEST,EKPC,EKPC,1197.740,True
9/24/2023 2:00:00 AM,9/23/2023 10:00:00 PM,SERC,WEST,EKPC,EKPC,1122.536,True
9/24/2023 3:00:00 AM,9/23/2023 11:00:00 PM,SERC,WEST,EKPC,EKPC,1022.732,True
9/24/2023 4:00:00 AM,9/24/2023 12:00:00 AM,SERC,WEST,EKPC,EKPC,937.821,True
9/24/2023 5:00:00 AM,9/24/2023 1:00:00 AM,SERC,WEST,EKPC,EKPC,868.257,True
9/24/2023 6:00:00 AM,9/24/2023 2:00:00 AM,SERC,WEST,EKPC,EKPC,844.346,True
9/24/2023 7:00:00 AM,9/24/2023 3:00:00 AM,SERC,WEST,EKPC,EKPC,833.492,True
9/24/2023 8:00:00 AM,9/24/2023 4:00:00 AM,SERC,WEST,EKPC,EKPC,830.928,True
9/24/2023 9:00:00 AM,9/24/2023 5:00:00 AM,SERC,WEST,EKPC,EKPC,832.770,True
9/24/2023 10:00:00 AM,9/24/2023 6:00:00 AM,SERC,WEST,EKPC,EKPC,847.656,True
9/24/2023 11:00:00 AM,9/24/2023 7:00:00 AM,SERC,WEST,EKPC,EKPC,901.227,True
9/24/2023 12:00:00 PM,9/24/2023 8:00:00 AM,SERC,WEST,EKPC,EKPC,980.430,True
9/24/2023 1:00:00 PM,9/24/2023 9:00:00 AM,SERC,WEST,EKPC,EKPC,1055.404,True
9/24/2023 2:00:00 PM,9/24/2023 10:00:00 AM,SERC,WEST,EKPC,EKPC,1090.609,True
9/24/2023 3:00:00 PM,9/24/2023 11:00:00 AM,SERC,WEST,EKPC,EKPC,1118.789,True
9/24/2023 4:00:00 PM,9/24/2023 12:00:00 PM,SERC,WEST,EKPC,EKPC,1203.173,True
9/24/2023 5:00:00 PM,9/24/2023 1:00:00 PM,SERC,WEST,EKPC,EKPC,1263.586,True
9/24/2023 6:00:00 PM,9/24/2023 2:00:00 PM,SERC,WEST,EKPC,EKPC,1342.953,True
9/24/2023 7:00:00 PM,9/24/2023 3:00:00 PM,SERC,WEST,EKPC,EKPC,1400.096,True
9/24/2023 8:00:00 PM,9/24/2023 4:00:00 PM,SERC,WEST,EKPC,EKPC,1442.626,True
9/24/2023 9:00:00 PM,9/24/2023 5:00:00 PM,SERC,WEST,EKPC,EKPC,1473.315,True
9/24/2023 10:00:00 PM,9/24/2023 6:00:00 PM,SERC,WEST,EKPC,EKPC,1443.958,True
9/24/2023 11:00:00 PM,9/24/2023 7:00:00 PM,SERC,WEST,EKPC,EKPC,1445.003,True
9/25/2023 12:00:00 AM,9/24/2023 8:00:00 PM,SERC,WEST,EKPC,EKPC,1437.789,True
9/25/2023 1:00:00 AM,9/24/2023 9:00:00 PM,SERC,WEST,EKPC,EKPC,1310.148,True
9/25/2023 2:00:00 AM,9/24/2023 10:00:00 PM,SERC,WEST,EKPC,EKPC,1196.340,True
9/25/2023 3:00:00 AM,9/24/2023 11:00:00 PM,SERC,WEST,EKPC,EKPC,1068.998,True
9/25/2023 4:00:00 AM,9/25/2023 12:00:00 AM,SERC,WEST,EKPC,EKPC,953.217,True
9/25/2023 5:00:00 AM,9/25/2023 1:00:00 AM,SERC,WEST,EKPC,EKPC,908.984,True
9/25/2023 6:00:00 AM,9/25/2023 2:00:00 AM,SERC,WEST,EKPC,EKPC,870.673,True
9/25/2023 7:00:00 AM,9/25/2023 3:00:00 AM,SERC,WEST,EKPC,EKPC,870.085,True
9/25/2023 8:00:00 AM,9/25/2023 4:00:00 AM,SERC,WEST,EKPC,EKPC,881.741,True
9/25/2023 9:00:00 AM,9/25/2023 5:00:00 AM,SERC,WEST,EKPC,EKPC,948.789,True
9/25/2023 10:00:00 AM,9/25/2023 6:00:00 AM,SERC,WEST,EKPC,EKPC,1066.485,True
9/25/2023 11:00:00 AM,9/25/2023 7:00:00 AM,SERC,WEST,EKPC,EKPC,1122.686,True
9/25/2023 12:00:00 PM,9/25/2023 8:00:00 AM,SERC,WEST,EKPC,EKPC,1123.917,True
9/25/2023 1:00:00 PM,9/25/2023 9:00:00 AM,SERC,WEST,EKPC,EKPC,1145.468,True
9/25/2023 2:00:00 PM,9/25/2023 10:00:00 AM,SERC,WEST,EKPC,EKPC,1195.797,True
9/25/2023 3:00:00 PM,9/25/2023 11:00:00 AM,SERC,WEST,EKPC,EKPC,1271.857,True
9/25/2023 4:00:00 PM,9/25/2023 12:00:00 PM,SERC,WEST,EKPC,EKPC,1331.141,True
9/25/2023 5:00:00 PM,9/25/2023 1:00:00 PM,SERC,WEST,EKPC,EKPC,1416.849,True
9/25/2023 6:00:00 PM,9/25/2023 2:00:00 PM,SERC,WEST,EKPC,EKPC,1463.268,True
9/25/2023 7:00:00 PM,9/25/2023 3:00:00 PM,SERC,WEST,EKPC,EKPC,1555.240,True
9/25/2023 8:00:00 PM,9/25/2023 4:00:00 PM,SERC,WEST,EKPC,EKPC,1618.891,True
9/25/2023 9:00:00 PM,9/25/2023 5:00:00 PM,SERC,WEST,EKPC,EKPC,1679.812,True
9/25/2023 10:00:00 PM,9/25/2023 6:00:00 PM,SERC,WEST,EKPC,EKPC,1650.707,True
9/25/2023 11:00:00 PM,9/25/2023 7:00:00 PM,SERC,WEST,EKPC,EKPC,1590.338,True
9/26/2023 12:00:00 AM,9/25/2023 8:00:00 PM,SERC,WEST,EKPC,EKPC,1552.114,True
9/26/2023 1:00:00 AM,9/25/2023 9:00:00 PM,SERC,WEST,EKPC,EKPC,1453.591,True
9/26/2023 2:00:00 AM,9/25/2023 10:00:00 PM,SERC,WEST,EKPC,EKPC,1298.561,True
9/26/2023 3:00:00 AM,9/25/2023 11:00:00 PM,SERC,WEST,EKPC,EKPC,1158.927,True
9/26/2023 4:00:00 AM,9/26/2023 12:00:00 AM,SERC,WEST,EKPC,EKPC,1065.903,True
9/26/2023 5:00:00 AM,9/26/2023 1:00:00 AM,SERC,WEST,EKPC,EKPC,998.304,True
9/26/2023 6:00:00 AM,9/26/2023 2:00:00 AM,SERC,WEST,EKPC,EKPC,950.605,True
9/26/2023 7:00:00 AM,9/26/2023 3:00:00 AM,SERC,WEST,EKPC,EKPC,944.406,True
9/26/2023 8:00:00 AM,9/26/2023 4:00:00 AM,SERC,WEST,EKPC,EKPC,939.278,True
9/26/2023 9:00:00 AM,9/26/2023 5:00:00 AM,SERC,WEST,EKPC,EKPC,992.339,True
9/26/2023 10:00:00 AM,9/26/2023 6:00:00 AM,SERC,WEST,EKPC,EKPC,1106.088,True
9/26/2023 11:00:00 AM,9/26/2023 7:00:00 AM,SERC,WEST,EKPC,EKPC,1153.205,True
9/26/2023 12:00:00 PM,9/26/2023 8:00:00 AM,SERC,WEST,EKPC,EKPC,1126.678,True
9/26/2023 1:00:00 PM,9/26/2023 9:00:00 AM,SERC,WEST,EKPC,EKPC,1180.484,True
9/26/2023 2:00:00 PM,9/26/2023 10:00:00 AM,SERC,WEST,EKPC,EKPC,1228.047,True
9/26/2023 3:00:00 PM,9/26/2023 11:00:00 AM,SERC,WEST,EKPC,EKPC,1299.207,True
9/26/2023 4:00:00 PM,9/26/2023 12:00:00 PM,SERC,WEST,EKPC,EKPC,1397.290,True
9/26/2023 5:00:00 PM,9/26/2023 1:00:00 PM,SERC,WEST,EKPC,EKPC,1512.447,True
9/26/2023 6:00:00 PM,9/26/2023 2:00:00 PM,SERC,WEST,EKPC,EKPC,1606.378,True
9/26/2023 7:00:00 PM,9/26/2023 3:00:00 PM,SERC,WEST,EKPC,EKPC,1721.833,True
9/26/2023 8:00:00 PM,9/26/2023 4:00:00 PM,SERC,WEST,EKPC,EKPC,1848.206,True
9/26/2023 9:00:00 PM,9/26/2023 5:00:00 PM,SERC,WEST,EKPC,EKPC,1865.155,True
9/26/2023 10:00:00 PM,9/26/2023 6:00:00 PM,SERC,WEST,EKPC,EKPC,1832.975,True
9/26/2023 11:00:00 PM,9/26/2023 7:00:00 PM,SERC,WEST,EKPC,EKPC,1758.941,True
9/27/2023 12:00:00 AM,9/26/2023 8:00:00 PM,SERC,WEST,EKPC,EKPC,1674.001,True
9/27/2023 1:00:00 AM,9/26/2023 9:00:00 PM,SERC,WEST,EKPC,EKPC,1576.192,True
9/27/2023 2:00:00 AM,9/26/2023 10:00:00 PM,SERC,WEST,EKPC,EKPC,1411.335,True
9/27/2023 3:00:00 AM,9/26/2023 11:00:00 PM,SERC,WEST,EKPC,EKPC,1287.760,True
9/27/2023 4:00:00 AM,9/27/2023 12:00:00 AM,SERC,WEST,EKPC,EKPC,1141.394,True
9/27/2023 5:00:00 AM,9/27/2023 1:00:00 AM,SERC,WEST,EKPC,EKPC,1071.059,True
9/27/2023 6:00:00 AM,9/27/2023 2:00:00 AM,SERC,WEST,EKPC,EKPC,1038.996,True
9/27/2023 7:00:00 AM,9/27/2023 3:00:00 AM,SERC,WEST,EKPC,EKPC,1012.082,True
9/27/2023 8:00:00 AM,9/27/2023 4:00:00 AM,SERC,WEST,EKPC,EKPC,1023.881,True
9/27/2023 9:00:00 AM,9/27/2023 5:00:00 AM,SERC,WEST,EKPC,EKPC,1062.804,True
9/27/2023 10:00:00 AM,9/27/2023 6:00:00 AM,SERC,WEST,EKPC,EKPC,1174.765,True
9/27/2023 11:00:00 AM,9/27/2023 7:00:00 AM,SERC,WEST,EKPC,EKPC,1231.743,True
9/27/2023 12:00:00 PM,9/27/2023 8:00:00 AM,SERC,WEST,EKPC,EKPC,1219.882,True
9/27/2023 1:00:00 PM,9/27/2023 9:00:00 AM,SERC,WEST,EKPC,EKPC,1238.752,True
9/27/2023 2:00:00 PM,9/27/2023 10:00:00 AM,SERC,WEST,EKPC,EKPC,1280.530,True
9/27/2023 3:00:00 PM,9/27/2023 11:00:00 AM,SERC,WEST,EKPC,EKPC,1312.996,True
9/27/2023 4:00:00 PM,9/27/2023 12:00:00 PM,SERC,WEST,EKPC,EKPC,1339.464,True
9/27/2023 5:00:00 PM,9/27/2023 1:00:00 PM,SERC,WEST,EKPC,EKPC,1364.358,True
9/27/2023 6:00:00 PM,9/27/2023 2:00:00 PM,SERC,WEST,EKPC,EKPC,1436.379,True
9/27/2023 7:00:00 PM,9/27/2023 3:00:00 PM,SERC,WEST,EKPC,EKPC,1514.860,True
9/27/2023 8:00:00 PM,9/27/2023 4:00:00 PM,SERC,WEST,EKPC,EKPC,1523.947,True
9/27/2023 9:00:00 PM,9/27/2023 5:00:00 PM,SERC,WEST,EKPC,EKPC,1585.119,True
9/27/2023 10:00:00 PM,9/27/2023 6:00:00 PM,SERC,WEST,EKPC,EKPC,1590.792,True
9/27/2023 11:00:00 PM,9/27/2023 7:00:00 PM,SERC,WEST,EKPC,EKPC,1563.367,True
9/28/2023 12:00:00 AM,9/27/2023 8:00:00 PM,SERC,WEST,EKPC,EKPC,1602.923,True
9/28/2023 1:00:00 AM,9/27/2023 9:00:00 PM,SERC,WEST,EKPC,EKPC,1449.962,True
9/28/2023 2:00:00 AM,9/27/2023 10:00:00 PM,SERC,WEST,EKPC,EKPC,1394.581,True
9/28/2023 3:00:00 AM,9/27/2023 11:00:00 PM,SERC,WEST,EKPC,EKPC,1235.114,True
9/28/2023 4:00:00 AM,9/28/2023 12:00:00 AM,SERC,WEST,EKPC,EKPC,1156.525,True
9/28/2023 5:00:00 AM,9/28/2023 1:00:00 AM,SERC,WEST,EKPC,EKPC,1074.126,True
9/28/2023 6:00:00 AM,9/28/2023 2:00:00 AM,SERC,WEST,EKPC,EKPC,1051.149,True
9/28/2023 7:00:00 AM,9/28/2023 3:00:00 AM,SERC,WEST,EKPC,EKPC,1040.004,True
9/28/2023 8:00:00 AM,9/28/2023 4:00:00 AM,SERC,WEST,EKPC,EKPC,1053.153,True
9/28/2023 9:00:00 AM,9/28/2023 5:00:00 AM,SERC,WEST,EKPC,EKPC,1058.719,True
9/28/2023 10:00:00 AM,9/28/2023 6:00:00 AM,SERC,WEST,EKPC,EKPC,1196.232,True
9/28/2023 11:00:00 AM,9/28/2023 7:00:00 AM,SERC,WEST,EKPC,EKPC,1234.847,True
9/28/2023 12:00:00 PM,9/28/2023 8:00:00 AM,SERC,WEST,EKPC,EKPC,1258.722,True
9/28/2023 1:00:00 PM,9/28/2023 9:00:00 AM,SERC,WEST,EKPC,EKPC,1311.127,True
9/28/2023 2:00:00 PM,9/28/2023 10:00:00 AM,SERC,WEST,EKPC,EKPC,1303.569,True
9/28/2023 3:00:00 PM,9/28/2023 11:00:00 AM,SERC,WEST,EKPC,EKPC,1380.168,True
9/28/2023 4:00:00 PM,9/28/2023 12:00:00 PM,SERC,WEST,EKPC,EKPC,1378.722,True
9/28/2023 5:00:00 PM,9/28/2023 1:00:00 PM,SERC,WEST,EKPC,EKPC,1411.245,True
9/28/2023 6:00:00 PM,9/28/2023 2:00:00 PM,SERC,WEST,EKPC,EKPC,1430.416,True
9/28/2023 7:00:00 PM,9/28/2023 3:00:00 PM,SERC,WEST,EKPC,EKPC,1480.821,True
9/28/2023 8:00:00 PM,9/28/2023 4:00:00 PM,SERC,WEST,EKPC,EKPC,1546.407,True
9/28/2023 9:00:00 PM,9/28/2023 5:00:00 PM,SERC,WEST,EKPC,EKPC,1605.224,True
9/28/2023 10:00:00 PM,9/28/2023 6:00:00 PM,SERC,WEST,EKPC,EKPC,1627.737,True
9/28/2023 11:00:00 PM,9/28/2023 7:00:00 PM,SERC,WEST,EKPC,EKPC,1519.497,True
9/29/2023 12:00:00 AM,9/28/2023 8:00:00 PM,SERC,WEST,EKPC,EKPC,1558.254,True
9/29/2023 1:00:00 AM,9/28/2023 9:00:00 PM,SERC,WEST,EKPC,EKPC,1484.620,True
9/29/2023 2:00:00 AM,9/28/2023 10:00:00 PM,SERC,WEST,EKPC,EKPC,1381.143,True
9/29/2023 3:00:00 AM,9/28/2023 11:00:00 PM,SERC,WEST,EKPC,EKPC,1237.495,True
9/29/2023 4:00:00 AM,9/29/2023 12:00:00 AM,SERC,WEST,EKPC,EKPC,1231.696,True
9/29/2023 5:00:00 AM,9/29/2023 1:00:00 AM,SERC,WEST,EKPC,EKPC,1132.812,True
9/29/2023 6:00:00 AM,9/29/2023 2:00:00 AM,SERC,WEST,EKPC,EKPC,1106.068,True
9/29/2023 7:00:00 AM,9/29/2023 3:00:00 AM,SERC,WEST,EKPC,EKPC,1033.700,True
9/29/2023 8:00:00 AM,9/29/2023 4:00:00 AM,SERC,WEST,EKPC,EKPC,1032.015,True
9/29/2023 9:00:00 AM,9/29/2023 5:00:00 AM,SERC,WEST,EKPC,EKPC,1106.524,True
9/29/2023 10:00:00 AM,9/29/2023 6:00:00 AM,SERC,WEST,EKPC,EKPC,1185.805,True
9/29/2023 11:00:00 AM,9/29/2023 7:00:00 AM,SERC,WEST,EKPC,EKPC,1326.171,True
9/29/2023 12:00:00 PM,9/29/2023 8:00:00 AM,SERC,WEST,EKPC,EKPC,1261.730,True
9/29/2023 1:00:00 PM,9/29/2023 9:00:00 AM,SERC,WEST,EKPC,EKPC,1229.561,True
9/29/2023 2:00:00 PM,9/29/2023 10:00:00 AM,SERC,WEST,EKPC,EKPC,1314.842,True
9/29/2023 3:00:00 PM,9/29/2023 11:00:00 AM,SERC,WEST,EKPC,EKPC,1356.697,True
9/29/2023 4:00:00 PM,9/29/2023 12:00:00 PM,SERC,WEST,EKPC,EKPC,1391.451,True
9/29/2023 5:00:00 PM,9/29/2023 1:00:00 PM,SERC,WEST,EKPC,EKPC,1529.835,True
9/29/2023 6:00:00 PM,9/29/2023 2:00:00 PM,SERC,WEST,EKPC,EKPC,1638.598,True
9/29/2023 7:00:00 PM,9/29/2023 3:00:00 PM,SERC,WEST,EKPC,EKPC,1698.153,True
9/29/2023 8:00:00 PM,9/29/2023 4:00:00 PM,SERC,WEST,EKPC,EKPC,1758.205,True
9/29/2023 9:00:00 PM,9/29/2023 5:00:00 PM,SERC,WEST,EKPC,EKPC,1794.840,True
9/29/2023 10:00:00 PM,9/29/2023 6:00:00 PM,SERC,WEST,EKPC,EKPC,1754.959,True
9/29/2023 11:00:00 PM,9/29/2023 7:00:00 PM,SERC,WEST,EKPC,EKPC,1671.959,True
9/30/2023 12:00:00 AM,9/29/2023 8:00:00 PM,SERC,WEST,EKPC,EKPC,1589.380,True
9/30/2023 1:00:00 AM,9/29/2023 9:00:00 PM,SERC,WEST,EKPC,EKPC,1538.840,True
9/30/2023 2:00:00 AM,9/29/2023 10:00:00 PM,SERC,WEST,EKPC,EKPC,1417.868,True
9/30/2023 3:00:00 AM,9/29/2023 11:00:00 PM,SERC,WEST,EKPC,EKPC,1313.053,True
9/30/2023 4:00:00 AM,9/30/2023 12:00:00 AM,SERC,WEST,EKPC,EKPC,1186.969,True
9/30/2023 5:00:00 AM,9/30/2023 1:00:00 AM,SERC,WEST,EKPC,EKPC,1001.978,True
9/30/2023 6:00:00 AM,9/30/2023 2:00:00 AM,SERC,WEST,EKPC,EKPC,976.278,True
9/30/2023 7:00:00 AM,9/30/2023 3:00:00 AM,SERC,WEST,EKPC,EKPC,976.065,True
9/30/2023 8:00:00 AM,9/30/2023 4:00:00 AM,SERC,WEST,EKPC,EKPC,983.371,True
9/30/2023 9:00:00 AM,9/30/2023 5:00:00 AM,SERC,WEST,EKPC,EKPC,1121.989,True
9/30/2023 10:00:00 AM,9/30/2023 6:00:00 AM,SERC,WEST,EKPC,EKPC,1068.889,True
9/30/2023 11:00:00 AM,9/30/2023 7:00:00 AM,SERC,WEST,EKPC,EKPC,1210.961,True
9/30/2023 12:00:00 PM,9/30/2023 8:00:00 AM,SERC,WEST,EKPC,EKPC,1201.736,True
9/30/2023 1:00:00 PM,9/30/2023 9:00:00 AM,SERC,WEST,EKPC,EKPC,1274.856,True
9/30/2023 2:00:00 PM,9/30/2023 10:00:00 AM,SERC,WEST,EKPC,EKPC,1354.829,True
9/30/2023 3:00:00 PM,9/30/2023 11:00:00 AM,SERC,WEST,EKPC,EKPC,1427.754,True
9/30/2023 4:00:00 PM,9/30/2023 12:00:00 PM,SERC,WEST,EKPC,EKPC,1488.277,True
9/30/2023 5:00:00 PM,9/30/2023 1:00:00 PM,SERC,WEST,EKPC,EKPC,1655.399,True
9/30/2023 6:00:00 PM,9/30/2023 2:00:00 PM,SERC,WEST,EKPC,EKPC,1610.696,True
9/30/2023 7:00:00 PM,9/30/2023 3:00:00 PM,SERC,WEST,EKPC,EKPC,1608.113,True
9/30/2023 8:00:00 PM,9/30/2023 4:00:00 PM,SERC,WEST,EKPC,EKPC,1691.443,True
9/30/2023 9:00:00 PM,9/30/2023 5:00:00 PM,SERC,WEST,EKPC,EKPC,1772.430,True
9/30/2023 10:00:00 PM,9/30/2023 6:00:00 PM,SERC,WEST,EKPC,EKPC,1691.897,True
9/30/2023 11:00:00 PM,9/30/2023 7:00:00 PM,SERC,WEST,EKPC,EKPC,1666.065,True
10/1/2023 12:00:00 AM,9/30/2023 8:00:00 PM,SERC,WEST,EKPC,EKPC,1623.596,True
10/1/2023 1:00:00 AM,9/30/2023 9:00:00 PM,SERC,WEST,EKPC,EKPC,1363.636,True
10/1/2023 2:00:00 AM,9/30/2023 10:00:00 PM,SERC,WEST,EKPC,EKPC,1242.224,True
10/1/2023 3:00:00 AM,9/30/2023 11:00:00 PM,SERC,WEST,EKPC,EKPC,1156.875,True
10/1/2023 4:00:00 AM,10/1/2023 12:00:00 AM,SERC,WEST,EKPC,EKPC,1023.943,False
10/1/2023 5:00:00 AM,10/1/2023 1:00:00 AM,SERC,WEST,EKPC,EKPC,986.779,False
10/1/2023 6:00:00 AM,10/1/2023 2:00:00 AM,SERC,WEST,EKPC,EKPC,949.533,False
10/1/2023 7:00:00 AM,10/1/2023 3:00:00 AM,SERC,WEST,EKPC,EKPC,995.030,False
10/1/2023 8:00:00 AM,10/1/2023 4:00:00 AM,SERC,WEST,EKPC,EKPC,1019.518,False
10/1/2023 9:00:00 AM,10/1/2023 5:00:00 AM,SERC,WEST,EKPC,EKPC,1053.048,False
10/1/2023 10:00:00 AM,10/1/2023 6:00:00 AM,SERC,WEST,EKPC,EKPC,1111.926,False
10/1/2023 11:00:00 AM,10/1/2023 7:00:00 AM,SERC,WEST,EKPC,EKPC,1095.212,False
10/1/2023 12:00:00 PM,10/1/2023 8:00:00 AM,SERC,WEST,EKPC,EKPC,1196.846,False
10/1/2023 1:00:00 PM,10/1/2023 9:00:00 AM,SERC,WEST,EKPC,EKPC,1302.990,False
10/1/2023 2:00:00 PM,10/1/2023 10:00:00 AM,SERC,WEST,EKPC,EKPC,1347.298,False
10/1/2023 3:00:00 PM,10/1/2023 11:00:00 AM,SERC,WEST,EKPC,EKPC,1430.049,False
10/1/2023 4:00:00 PM,10/1/2023 12:00:00 PM,SERC,WEST,EKPC,EKPC,1447.264,False
10/1/2023 5:00:00 PM,10/1/2023 1:00:00 PM,SERC,WEST,EKPC,EKPC,1476.905,False
10/1/2023 6:00:00 PM,10/1/2023 2:00:00 PM,SERC,WEST,EKPC,EKPC,1574.275,False
10/1/2023 7:00:00 PM,10/1/2023 3:00:00 PM,SERC,WEST,EKPC,EKPC,1636.619,False
10/1/2023 8:00:00 PM,10/1/2023 4:00:00 PM,SERC,WEST,EKPC,EKPC,1721.512,False
10/1/2023 9:00:00 PM,10/1/2023 5:00:00 PM,SERC,WEST,EKPC,EKPC,1849.995,False
10/1/2023 10:00:00 PM,10/1/2023 6:00:00 PM,SERC,WEST,EKPC,EKPC,1813.991,False
10/1/2023 11:00:00 PM,10/1/2023 7:00:00 PM,SERC,WEST,EKPC,EKPC,1767.023,False
10/2/2023 12:00:00 AM,10/1/2023 8:00:00 PM,SERC,WEST,EKPC,EKPC,1593.569,False
10/2/2023 1:00:00 AM,10/1/2023 9:00:00 PM,SERC,WEST,EKPC,EKPC,1464.617,False
10/2/2023 2:00:00 AM,10/1/2023 10:00:00 PM,SERC,WEST,EKPC,EKPC,1412.330,False
10/2/2023 3:00:00 AM,10/1/2023 11:00:00 PM,SERC,WEST,EKPC,EKPC,1307.673,False
10/2/2023 4:00:00 AM,10/2/2023 12:00:00 AM,SERC,WEST,EKPC,EKPC,1215.354,False
10/2/2023 5:00:00 AM,10/2/2023 1:00:00 AM,SERC,WEST,EKPC,EKPC,1152.877,False
10/2/2023 6:00:00 AM,10/2/2023 2:00:00 AM,SERC,WEST,EKPC,EKPC,1158.039,False
10/2/2023 7:00:00 AM,10/2/2023 3:00:00 AM,SERC,WEST,EKPC,EKPC,1087.247,False
10/2/2023 8:00:00 AM,10/2/2023 4:00:00 AM,SERC,WEST,EKPC,EKPC,1131.180,False
10/2/2023 9:00:00 AM,10/2/2023 5:00:00 AM,SERC,WEST,EKPC,EKPC,1159.653,False
10/2/2023 10:00:00 AM,10/2/2023 6:00:00 AM,SERC,WEST,EKPC,EKPC,1267.145,False
10/2/2023 11:00:00 AM,10/2/2023 7:00:00 AM,SERC,WEST,EKPC,EKPC,1274.247,False
10/2/2023 12:00:00 PM,10/2/2023 8:00:00 AM,SERC,WEST,EKPC,EKPC,1312.022,False
10/2/2023 1:00:00 PM,10/2/2023 9:00:00 AM,SERC,WEST,EKPC,EKPC,1340.215,False
10/2/2023 2:00:00 PM,10/2/2023 10:00:00 AM,SERC,WEST,EKPC,EKPC,1426.072,False
10/2/2023 3:00:00 PM,10/2/2023 11:00:00 AM,SERC,WEST,EKPC,EKPC,1511.652,False
10/2/2023 4:00:00 PM,10/2/2023 12:00:00 PM,SERC,WEST,EKPC,EKPC,1597.286,False
10/2/2023 5:00:00 PM,10/2/2023 1:00:00 PM,SERC,WEST,EKPC,EKPC,1699.356,False
10/2/2023 6:00:00 PM,10/2/2023 2:00:00 PM,SERC,WEST,EKPC,EKPC,1747.303,False
10/2/2023 7:00:00 PM,10/2/2023 3:00:00 PM,SERC,WEST,EKPC,EKPC,1892.935,False
10/2/2023 8:00:00 PM,10/2/2023 4:00:00 PM,SERC,WEST,EKPC,EKPC,1808.296,False
10/2/2023 9:00:00 PM,10/2/2023 5:00:00 PM,SERC,WEST,EKPC,EKPC,1842.379,False
10/2/2023 10:00:00 PM,10/2/2023 6:00:00 PM,SERC,WEST,EKPC,EKPC,1851.724,False
10/2/2023 11:00:00 PM,10/2/2023 7:00:00 PM,SERC,WEST,EKPC,EKPC,1842.497,False
10/3/2023 12:00:00 AM,10/2/2023 8:00:00 PM,SERC,WEST,EKPC,EKPC,1669.322,False
10/3/2023 1:00:00 AM,10/2/2023 9:00:00 PM,SERC,WEST,EKPC,EKPC,1504.621,False
10/3/2023 2:00:00 AM,10/2/2023 10:00:00 PM,SERC,WEST,EKPC,EKPC,1473.753,False
10/3/2023 3:00:00 AM,10/2/2023 11:00:00 PM,SERC,WEST,EKPC,EKPC,1352.686,False
10/3/2023 4:00:00 AM,10/3/2023 12:00:00 AM,SERC,WEST,EKPC,EKPC,1255.777,False
10/3/2023 5:00:00 AM,10/3/2023 1:00:00 AM,SERC,WEST,EKPC,EKPC,1184.536,False
10/3/2023 6:00:00 AM,10/3/2023 2:00:00 AM,SERC,WEST,EKPC,EKPC,1164.934,False
10/3/2023 7:00:00 AM,10/3/2023 3:00:00 AM,SERC,WEST,EKPC,EKPC,1136.191,False
10/3/2023 8:00:00 AM,10/3/2023 4:00:00 AM,SERC,WEST,EKPC,EKPC,1157.744,False
10/3/2023 9:00:00 AM,10/3/2023 5:00:00 AM,SERC,WEST,EKPC,EKPC,1220.223,False
10/3/2023 10:00:00 AM,10/3/2023 6:00:00 AM,SERC,WEST,EKPC,EKPC,1299.440,False
10/3/2023 11:00:00 AM,10/3/2023 7:00:00 AM,SERC,WEST,EKPC,EKPC,1257.215,False
10/3/2023 12:00:00 PM,10/3/2023 8:00:00 AM,SERC,WEST,EKPC,EKPC,1380.697,False
10/3/2023 1:00:00 PM,10/3/2023 9:00:00 AM,SERC,WEST,EKPC,EKPC,1342.834,False
10/3/2023 2:00:00 PM,10/3/2023 10:00:00 AM,SERC,WEST,EKPC,EKPC,1303.471,False
10/3/2023 3:00:00 PM,10/3/2023 11:00:00 AM,SERC,WEST,EKPC,EKPC,1453.509,False
10/3/2023 4:00:00 PM,10/3/2023 12:00:00 PM,SERC,WEST,EKPC,EKPC,1629.086,False
10/3/2023 5:00:00 PM,10/3/2023 1:00:00 PM,SERC,WEST,EKPC,EKPC,1762.808,False
10/3/2023 6:00:00 PM,10/3/2023 2:00:00 PM,SERC,WEST,EKPC,EKPC,1870.639,False
10/3/2023 7:00:00 PM,10/3/2023 3:00:00 PM,SERC,WEST,EKPC,EKPC,1869.837,False
10/3/2023 8:00:00 PM,10/3/2023 4:00:00 PM,SERC,WEST,EKPC,EKPC,1985.924,False
10/3/2023 9:00:00 PM,10/3/2023 5:00:00 PM,SERC,WEST,EKPC,EKPC,1994.000,False
10/3/2023 10:00:00 PM,10/3/2023 6:00:00 PM,SERC,WEST,EKPC,EKPC,1898.360,False
10/3/2023 11:00:00 PM,10/3/2023 7:00:00 PM,SERC,WEST,EKPC,EKPC,1768.047,False
10/4/2023 12:00:00 AM,10/3/2023 8:00:00 PM,SERC,WEST,EKPC,EKPC,1727.455,False
10/4/2023 1:00:00 AM,10/3/2023 9:00:00 PM,SERC,WEST,EKPC,EKPC,1620.570,False
10/4/2023 2:00:00 AM,10/3/2023 10:00:00 PM,SERC,WEST,EKPC,EKPC,1464.417,False
10/4/2023 3:00:00 AM,10/3/2023 11:00:00 PM,SERC,WEST,EKPC,EKPC,1317.053,False
10/4/2023 4:00:00 AM,10/4/2023 12:00:00 AM,SERC,WEST,EKPC,EKPC,1287.548,False
10/4/2023 5:00:00 AM,10/4/2023 1:00:00 AM,SERC,WEST,EKPC,EKPC,1198.953,False
10/4/2023 6:00:00 AM,10/4/2023 2:00:00 AM,SERC,WEST,EKPC,EKPC,1151.945,False
10/4/2023 7:00:00 AM,10/4/2023 3:00:00 AM,SERC,WEST,EKPC,EKPC,1150.411,False
10/4/2023 8:00:00 AM,10/4/2023 4:00:00 AM,SERC,WEST,EKPC,EKPC,1160.281,False
10/4/2023 9:00:00 AM,10/4/2023 5:00:00 AM,SERC,WEST,EKPC,EKPC,1153.598,False
10/4/2023 10:00:00 AM,10/4/2023 6:00:00 AM,SERC,WEST,EKPC,EKPC,1303.944,False
10/4/2023 11:00:00 AM,10/4/2023 7:00:00 AM,SERC,WEST,EKPC,EKPC,1271.968,False
10/4/2023 12:00:00 PM,10/4/2023 8:00:00 AM,SERC,WEST,EKPC,EKPC,1337.970,False
10/4/2023 1:00:00 PM,10/4/2023 9:00:00 AM,SERC,WEST,EKPC,EKPC,1335.981,False
10/4/2023 2:00:00 PM,10/4/2023 10:00:00 AM,SERC,WEST,EKPC,EKPC,1481.293,False
10/4/2023 3:00:00 PM,10/4/2023 11:00:00 AM,SERC,WEST,EKPC,EKPC,1509.501,False
10/4/2023 4:00:00 PM,10/4/2023 12:00:00 PM,SERC,WEST,EKPC,EKPC,1592.198,False
10/4/2023 5:00:00 PM,10/4/2023 1:00:00 PM,SERC,WEST,EKPC,EKPC,1669.722,False
10/4/2023 6:00:00 PM,10/4/2023 2:00:00 PM,SERC,WEST,EKPC,EKPC,1704.604,False
10/4/2023 7:00:00 PM,10/4/2023 3:00:00 PM,SERC,WEST,EKPC,EKPC,1815.343,False
10/4/2023 8:00:00 PM,10/4/2023 4:00:00 PM,SERC,WEST,EKPC,EKPC,1870.742,False
10/4/2023 9:00:00 PM,10/4/2023 5:00:00 PM,SERC,WEST,EKPC,EKPC,1747.605,False
10/4/2023 10:00:00 PM,10/4/2023 6:00:00 PM,SERC,WEST,EKPC,EKPC,1655.992,False
10/4/2023 11:00:00 PM,10/4/2023 7:00:00 PM,SERC,WEST,EKPC,EKPC,1602.128,False
10/5/2023 12:00:00 AM,10/4/2023 8:00:00 PM,SERC,WEST,EKPC,EKPC,1612.006,False
10/5/2023 1:00:00 AM,10/4/2023 9:00:00 PM,SERC,WEST,EKPC,EKPC,1638.898,False
10/5/2023 2:00:00 AM,10/4/2023 10:00:00 PM,SERC,WEST,EKPC,EKPC,1387.870,False
10/5/2023 3:00:00 AM,10/4/2023 11:00:00 PM,SERC,WEST,EKPC,EKPC,1251.547,False
10/5/2023 4:00:00 AM,10/5/2023 12:00:00 AM,SERC,WEST,EKPC,EKPC,1238.329,False
10/5/2023 5:00:00 AM,10/5/2023 1:00:00 AM,SERC,WEST,EKPC,EKPC,1191.193,False
10/5/2023 6:00:00 AM,10/5/2023 2:00:00 AM,SERC,WEST,EKPC,EKPC,1128.547,False
10/5/2023 7:00:00 AM,10/5/2023 3:00:00 AM,SERC,WEST,EKPC,EKPC,1127.809,False
10/5/2023 8:00:00 AM,10/5/2023 4:00:00 AM,SERC,WEST,EKPC,EKPC,1044.233,False
10/5/2023 9:00:00 AM,10/5/2023 5:00:00 AM,SERC,WEST,EKPC,EKPC,1092.650,False
10/5/2023 10:00:00 AM,10/5/2023 6:00:00 AM,SERC,WEST,EKPC,EKPC,1326.050,False
10/5/2023 11:00:00 AM,10/5/2023 7:00:00 AM,SERC,WEST,EKPC,EKPC,1368.997,False
10/5/2023 12:00:00 PM,10/5/2023 8:00:00 AM,SERC,WEST,EKPC,EKPC,1367.048,False
10/5/2023 1:00:00 PM,10/5/2023 9:00:00 AM,SERC,WEST,EKPC,EKPC,1429.343,False
10/5/2023 2:00:00 PM,10/5/2023 10:00:00 AM,SERC,WEST,EKPC,EKPC,1364.148,False
10/5/2023 3:00:00 PM,10/5/2023 11:00:00 AM,SERC,WEST,EKPC,EKPC,1475.940,False
10/5/2023 4:00:00 PM,10/5/2023 12:00:00 PM,SERC,WEST,EKPC,EKPC,1477.515,False
10/5/2023 5:00:00 PM,10/5/2023 1:00:00 PM,SERC,WEST,EKPC,EKPC,1561.050,False
10/5/2023 6:00:00 PM,10/5/2023 2:00:00 PM,SERC,WEST,EKPC,EKPC,1575.063,False
10/5/2023 7:00:00 PM,10/5/2023 3:00:00 PM,SERC,WEST,EKPC,EKPC,1583.203,False
10/5/2023 8:00:00 PM,10/5/2023 4:00:00 PM,SERC,WEST,EKPC,EKPC,1528.587,False
10/5/2023 9:00:00 PM,10/5/2023 5:00:00 PM,SERC,WEST,EKPC,EKPC,1526.039,False
10/5/2023 10:00:00 PM,10/5/2023 6:00:00 PM,SERC,WEST,EKPC,EKPC,1475.559,False
10/5/2023 11:00:00 PM,10/5/2023 7:00:00 PM,SERC,WEST,EKPC,EKPC,1450.635,False
10/6/2023 12:00:00 AM,10/5/2023 8:00:00 PM,SERC,WEST,EKPC,EKPC,1477.453,False
10/6/2023 1:00:00 AM,10/5/2023 9:00:00 PM,SERC,WEST,EKPC,EKPC,1490.665,False
10/6/2023 2:00:00 AM,10/5/2023 10:00:00 PM,SERC,WEST,EKPC,EKPC,1402.879,False
10/6/2023 3:00:00 AM,10/5/2023 11:00:00 PM,SERC,WEST,EKPC,EKPC,1192.863,False
10/6/2023 4:00:00 AM,10/6/2023 12:00:00 AM,SERC,WEST,EKPC,EKPC,1085.369,False
10/6/2023 5:00:00 AM,10/6/2023 1:00:00 AM,SERC,WEST,EKPC,EKPC,1034.900,False
10/6/2023 6:00:00 AM,10/6/2023 2:00:00 AM,SERC,WEST,EKPC,EKPC,1068.354,False
10/6/2023 7:00:00 AM,10/6/2023 3:00:00 AM,SERC,WEST,EKPC,EKPC,1073.338,False
10/6/2023 8:00:00 AM,10/6/2023 4:00:00 AM,SERC,WEST,EKPC,EKPC,1173.145,False
10/6/2023 9:00:00 AM,10/6/2023 5:00:00 AM,SERC,WEST,EKPC,EKPC,1161.746,False
10/6/2023 10:00:00 AM,10/6/2023 6:00:00 AM,SERC,WEST,EKPC,EKPC,1187.732,False
10/6/2023 11:00:00 AM,10/6/2023 7:00:00 AM,SERC,WEST,EKPC,EKPC,1206.665,False
10/6/2023 12:00:00 PM,10/6/2023 8:00:00 AM,SERC,WEST,EKPC,EKPC,1230.544,False
10/6/2023 1:00:00 PM,10/6/2023 9:00:00 AM,SERC,WEST,EKPC,EKPC,1373.816,False
10/6/2023 2:00:00 PM,10/6/2023 10:00:00 AM,SERC,WEST,EKPC,EKPC,1354.157,False
10/6/2023 3:00:00 PM,10/6/2023 11:00:00 AM,SERC,WEST,EKPC,EKPC,1411.782,False
10/6/2023 4:00:00 PM,10/6/2023 12:00:00 PM,SERC,WEST,EKPC,EKPC,1458.778,False
10/6/2023 5:00:00 PM,10/6/2023 1:00:00 PM,SERC,WEST,EKPC,EKPC,1508.923,False
10/6/2023 6:00:00 PM,10/6/2023 2:00:00 PM,SERC,WEST,EKPC,EKPC,1465.681,False
10/6/2023 7:00:00 PM,10/6/2023 3:00:00 PM,SERC,WEST,EKPC,EKPC,1604.241,False
10/6/2023 8:00:00 PM,10/6/2023 4:00:00 PM,SERC,WEST,EKPC,EKPC,1631.244,False
10/6/2023 9:00:00 PM,10/6/2023 5:00:00 PM,SERC,WEST,EKPC,EKPC,1605.227,False
10/6/2023 10:00:00 PM,10/6/2023 6:00:00 PM,SERC,WEST,EKPC,EKPC,1588.798,False
10/6/2023 11:00:00 PM,10/6/2023 7:00:00 PM,SERC,WEST,EKPC,EKPC,1501.344,False
10/7/2023 12:00:00 AM,10/6/2023 8:00:00 PM,SERC,WEST,EKPC,EKPC,1423.347,False
10/7/2023 1:00:00 AM,10/6/2023 9:00:00 PM,SERC,WEST,EKPC,EKPC,1257.938,False
10/7/2023 2:00:00 AM,10/6/2023 10:00:00 PM,SERC,WEST,EKPC,EKPC,1181.794,False
10/7/2023 3:00:00 AM,10/6/2023 11:00:00 PM,SERC,WEST,EKPC,EKPC,1101.048,False
10/7/2023 4:00:00 AM,10/7/2023 12:00:00 AM,SERC,WEST,EKPC,EKPC,1013.017,False
10/7/2023 5:00:00 AM,10/7/2023 1:00:00 AM,SERC,WEST,EKPC,EKPC,971.514,False
10/7/2023 6:00:00 AM,10/7/2023 2:00:00 AM,SERC,WEST,EKPC,EKPC,931.519,False
10/7/2023 7:00:00 AM,10/7/2023 3:00:00 AM,SERC,WEST,EKPC,EKPC,919.668,False
10/7/2023 8:00:00 AM,10/7/2023 4:00:00 AM,SERC,WEST,EKPC,EKPC,1008.355,False
10/7/2023 9:00:00 AM,10/7/2023 5:00:00 AM,SERC,WEST,EKPC,EKPC,950.799,False
10/7/2023 10:00:00 AM,10/7/2023 6:00:00 AM,SERC,WEST,EKPC,EKPC,983.033,False
10/7/2023 11:00:00 AM,10/7/2023 7:00:00 AM,SERC,WEST,EKPC,EKPC,1045.122,False
10/7/2023 12:00:00 PM,10/7/2023 8:00:00 AM,SERC,WEST,EKPC,EKPC,1159.506,False
10/7/2023 1:00:00 PM,10/7/2023 9:00:00 AM,SERC,WEST,EKPC,EKPC,1227.325,False
10/7/2023 2:00:00 PM,10/7/2023 10:00:00 AM,SERC,WEST,EKPC,EKPC,1276.944,False
10/7/2023 3:00:00 PM,10/7/2023 11:00:00 AM,SERC,WEST,EKPC,EKPC,1269.899,False
10/7/2023 4:00:00 PM,10/7/2023 12:00:00 PM,SERC,WEST,EKPC,EKPC,1225.073,False
10/7/2023 5:00:00 PM,10/7/2023 1:00:00 PM,SERC,WEST,EKPC,EKPC,1128.668,False
10/7/2023 6:00:00 PM,10/7/2023 2:00:00 PM,SERC,WEST,EKPC,EKPC,1110.111,False
10/7/2023 7:00:00 PM,10/7/2023 3:00:00 PM,SERC,WEST,EKPC,EKPC,1122.144,False
10/7/2023 8:00:00 PM,10/7/2023 4:00:00 PM,SERC,WEST,EKPC,EKPC,1137.171,False
10/7/2023 9:00:00 PM,10/7/2023 5:00:00 PM,SERC,WEST,EKPC,EKPC,1142.275,False
10/7/2023 10:00:00 PM,10/7/2023 6:00:00 PM,SERC,WEST,EKPC,EKPC,1150.381,False
10/7/2023 11:00:00 PM,10/7/2023 7:00:00 PM,SERC,WEST,EKPC,EKPC,1189.282,False
10/8/2023 12:00:00 AM,10/7/2023 8:00:00 PM,SERC,WEST,EKPC,EKPC,1196.545,False
10/8/2023 1:00:00 AM,10/7/2023 9:00:00 PM,SERC,WEST,EKPC,EKPC,1172.294,False
10/8/2023 2:00:00 AM,10/7/2023 10:00:00 PM,SERC,WEST,EKPC,EKPC,1132.622,False
10/8/2023 3:00:00 AM,10/7/2023 11:00:00 PM,SERC,WEST,EKPC,EKPC,1098.746,False
10/8/2023 4:00:00 AM,10/8/2023 12:00:00 AM,SERC,WEST,EKPC,EKPC,1043.382,False
10/8/2023 5:00:00 AM,10/8/2023 1:00:00 AM,SERC,WEST,EKPC,EKPC,999.924,False
10/8/2023 6:00:00 AM,10/8/2023 2:00:00 AM,SERC,WEST,EKPC,EKPC,1005.397,False
10/8/2023 7:00:00 AM,10/8/2023 3:00:00 AM,SERC,WEST,EKPC,EKPC,997.548,False
10/8/2023 8:00:00 AM,10/8/2023 4:00:00 AM,SERC,WEST,EKPC,EKPC,1008.365,False
10/8/2023 9:00:00 AM,10/8/2023 5:00:00 AM,SERC,WEST,EKPC,EKPC,1036.569,False
10/8/2023 10:00:00 AM,10/8/2023 6:00:00 AM,SERC,WEST,EKPC,EKPC,1072.115,False
10/8/2023 11:00:00 AM,10/8/2023 7:00:00 AM,SERC,WEST,EKPC,EKPC,1172.078,False
10/8/2023 12:00:00 PM,10/8/2023 8:00:00 AM,SERC,WEST,EKPC,EKPC,1256.766,False
10/8/2023 1:00:00 PM,10/8/2023 9:00:00 AM,SERC,WEST,EKPC,EKPC,1288.772,False
10/8/2023 2:00:00 PM,10/8/2023 10:00:00 AM,SERC,WEST,EKPC,EKPC,1261.916,False
10/8/2023 3:00:00 PM,10/8/2023 11:00:00 AM,SERC,WEST,EKPC,EKPC,1273.479,False
10/8/2023 4:00:00 PM,10/8/2023 12:00:00 PM,SERC,WEST,EKPC,EKPC,1240.635,False
10/8/2023 5:00:00 PM,10/8/2023 1:00:00 PM,SERC,WEST,EKPC,EKPC,1216.270,False
10/8/2023 6:00:00 PM,10/8/2023 2:00:00 PM,SERC,WEST,EKPC,EKPC,1223.636,False
10/8/2023 7:00:00 PM,10/8/2023 3:00:00 PM,SERC,WEST,EKPC,EKPC,1221.667,False
10/8/2023 8:00:00 PM,10/8/2023 4:00:00 PM,SERC,WEST,EKPC,EKPC,1261.997,False
10/8/2023 9:00:00 PM,10/8/2023 5:00:00 PM,SERC,WEST,EKPC,EKPC,1241.099,False
10/8/2023 10:00:00 PM,10/8/2023 6:00:00 PM,SERC,WEST,EKPC,EKPC,1251.950,False
10/8/2023 11:00:00 PM,10/8/2023 7:00:00 PM,SERC,WEST,EKPC,EKPC,1350.825,False
10/9/2023 12:00:00 AM,10/8/2023 8:00:00 PM,SERC,WEST,EKPC,EKPC,1387.834,False
10/9/2023 1:00:00 AM,10/8/2023 9:00:00 PM,SERC,WEST,EKPC,EKPC,1270.831,False
10/9/2023 2:00:00 AM,10/8/2023 10:00:00 PM,SERC,WEST,EKPC,EKPC,1253.316,False
10/9/2023 3:00:00 AM,10/8/2023 11:00:00 PM,SERC,WEST,EKPC,EKPC,1229.384,False
10/9/2023 4:00:00 AM,10/9/2023 12:00:00 AM,SERC,WEST,EKPC,EKPC,1196.456,False
10/9/2023 5:00:00 AM,10/9/2023 1:00:00 AM,SERC,WEST,EKPC,EKPC,1093.110,False
10/9/2023 6:00:00 AM,10/9/2023 2:00:00 AM,SERC,WEST,EKPC,EKPC,1149.808,False
10/9/2023 7:00:00 AM,10/9/2023 3:00:00 AM,SERC,WEST,EKPC,EKPC,1148.044,False
10/9/2023 8:00:00 AM,10/9/2023 4:00:00 AM,SERC,WEST,EKPC,EKPC,1172.027,False
10/9/2023 9:00:00 AM,10/9/2023 5:00:00 AM,SERC,WEST,EKPC,EKPC,1282.165,False
10/9/2023 10:00:00 AM,10/9/2023 6:00:00 AM,SERC,WEST,EKPC,EKPC,1397.016,False
10/9/2023 11:00:00 AM,10/9/2023 7:00:00 AM,SERC,WEST,EKPC,EKPC,1434.038,False
10/9/2023 12:00:00 PM,10/9/2023 8:00:00 AM,SERC,WEST,EKPC,EKPC,1474.356,False
10/9/2023 1:00:00 PM,10/9/2023 9:00:00 AM,SERC,WEST,EKPC,EKPC,1483.235,False
10/9/2023 2:00:00 PM,10/9/2023 10:00:00 AM,SERC,WEST,EKPC,EKPC,1488.002,False
10/9/2023 3:00:00 PM,10/9/2023 11:00:00 AM,SERC,WEST,EKPC,EKPC,1455.921,False
10/9/2023 4:00:00 PM,10/9/2023 12:00:00 PM,SERC,WEST,EKPC,EKPC,1359.006,False
10/9/2023 5:00:00 PM,10/9/2023 1:00:00 PM,SERC,WEST,EKPC,EKPC,1356.976,False
10/9/2023 6:00:00 PM,10/9/2023 2:00:00 PM,SERC,WEST,EKPC,EKPC,1305.603,False
10/9/2023 7:00:00 PM,10/9/2023 3:00:00 PM,SERC,WEST,EKPC,EKPC,1304.802,False
10/9/2023 8:00:00 PM,10/9/2023 4:00:00 PM,SERC,WEST,EKPC,EKPC,1369.775,False
10/9/2023 9:00:00 PM,10/9/2023 5:00:00 PM,SERC,WEST,EKPC,EKPC,1303.445,False
10/9/2023 10:00:00 PM,10/9/2023 6:00:00 PM,SERC,WEST,EKPC,EKPC,1397.007,False
10/9/2023 11:00:00 PM,10/9/2023 7:00:00 PM,SERC,WEST,EKPC,EKPC,1498.478,False
10/10/2023 12:00:00 AM,10/9/2023 8:00:00 PM,SERC,WEST,EKPC,EKPC,1513.837,False
10/10/2023 1:00:00 AM,10/9/2023 9:00:00 PM,SERC,WEST,EKPC,EKPC,1437.112,False
10/10/2023 2:00:00 AM,10/9/2023 10:00:00 PM,SERC,WEST,EKPC,EKPC,1345.442,False
10/10/2023 3:00:00 AM,10/9/2023 11:00:00 PM,SERC,WEST,EKPC,EKPC,1313.255,False
10/10/2023 4:00:00 AM,10/10/2023 12:00:00 AM,SERC,WEST,EKPC,EKPC,1238.811,False
10/10/2023 5:00:00 AM,10/10/2023 1:00:00 AM,SERC,WEST,EKPC,EKPC,1151.779,False
10/10/2023 6:00:00 AM,10/10/2023 2:00:00 AM,SERC,WEST,EKPC,EKPC,1115.430,False
10/10/2023 7:00:00 AM,10/10/2023 3:00:00 AM,SERC,WEST,EKPC,EKPC,1218.668,False
10/10/2023 8:00:00 AM,10/10/2023 4:00:00 AM,SERC,WEST,EKPC,EKPC,1248.844,False
10/10/2023 9:00:00 AM,10/10/2023 5:00:00 AM,SERC,WEST,EKPC,EKPC,1327.780,False
10/10/2023 10:00:00 AM,10/10/2023 6:00:00 AM,SERC,WEST,EKPC,EKPC,1496.678,False
10/10/2023 11:00:00 AM,10/10/2023 7:00:00 AM,SERC,WEST,EKPC,EKPC,1573.494,False
10/10/2023 12:00:00 PM,10/10/2023 8:00:00 AM,SERC,WEST,EKPC,EKPC,1566.364,False
10/10/2023 1:00:00 PM,10/10/2023 9:00:00 AM,SERC,WEST,EKPC,EKPC,1498.275,False
10/10/2023 2:00:00 PM,10/10/2023 10:00:00 AM,SERC,WEST,EKPC,EKPC,1363.822,False
10/10/2023 3:00:00 PM,10/10/2023 11:00:00 AM,SERC,WEST,EKPC,EKPC,1379.980,False
10/10/2023 4:00:00 PM,10/10/2023 12:00:00 PM,SERC,WEST,EKPC,EKPC,1366.050,False
10/10/2023 5:00:00 PM,10/10/2023 1:00:00 PM,SERC,WEST,EKPC,EKPC,1363.084,False
10/10/2023 6:00:00 PM,10/10/2023 2:00:00 PM,SERC,WEST,EKPC,EKPC,1368.023,False
10/10/2023 7:00:00 PM,10/10/2023 3:00:00 PM,SERC,WEST,EKPC,EKPC,1243.624,False
10/10/2023 8:00:00 PM,10/10/2023 4:00:00 PM,SERC,WEST,EKPC,EKPC,1220.013,False
10/10/2023 9:00:00 PM,10/10/2023 5:00:00 PM,SERC,WEST,EKPC,EKPC,1257.564,False
10/10/2023 10:00:00 PM,10/10/2023 6:00:00 PM,SERC,WEST,EKPC,EKPC,1313.427,False
10/10/2023 11:00:00 PM,10/10/2023 7:00:00 PM,SERC,WEST,EKPC,EKPC,1393.819,False
10/11/2023 12:00:00 AM,10/10/2023 8:00:00 PM,SERC,WEST,EKPC,EKPC,1444.086,False
10/11/2023 1:00:00 AM,10/10/2023 9:00:00 PM,SERC,WEST,EKPC,EKPC,1288.768,False
10/11/2023 2:00:00 AM,10/10/2023 10:00:00 PM,SERC,WEST,EKPC,EKPC,1216.637,False
10/11/2023 3:00:00 AM,10/10/2023 11:00:00 PM,SERC,WEST,EKPC,EKPC,1195.719,False
10/11/2023 4:00:00 AM,10/11/2023 12:00:00 AM,SERC,WEST,EKPC,EKPC,1193.119,False
10/11/2023 5:00:00 AM,10/11/2023 1:00:00 AM,SERC,WEST,EKPC,EKPC,1196.388,False
10/11/2023 6:00:00 AM,10/11/2023 2:00:00 AM,SERC,WEST,EKPC,EKPC,1089.865,False
10/11/2023 7:00:00 AM,10/11/2023 3:00:00 AM,SERC,WEST,EKPC,EKPC,1118.553,False
10/11/2023 8:00:00 AM,10/11/2023 4:00:00 AM,SERC,WEST,EKPC,EKPC,1167.449,False
10/11/2023 9:00:00 AM,10/11/2023 5:00:00 AM,SERC,WEST,EKPC,EKPC,1269.763,False
10/11/2023 10:00:00 AM,10/11/2023 6:00:00 AM,SERC,WEST,EKPC,EKPC,1398.288,False
10/11/2023 11:00:00 AM,10/11/2023 7:00:00 AM,SERC,WEST,EKPC,EKPC,1524.254,False
10/11/2023 12:00:00 PM,10/11/2023 8:00:00 AM,SERC,WEST,EKPC,EKPC,1484.156,False
10/11/2023 1:00:00 PM,10/11/2023 9:00:00 AM,SERC,WEST,EKPC,EKPC,1396.815,False
10/11/2023 2:00:00 PM,10/11/2023 10:00:00 AM,SERC,WEST,EKPC,EKPC,1409.611,False
10/11/2023 3:00:00 PM,10/11/2023 11:00:00 AM,SERC,WEST,EKPC,EKPC,1317.468,False
10/11/2023 4:00:00 PM,10/11/2023 12:00:00 PM,SERC,WEST,EKPC,EKPC,1283.040,False
10/11/2023 5:00:00 PM,10/11/2023 1:00:00 PM,SERC,WEST,EKPC,EKPC,1296.257,False
10/11/2023 6:00:00 PM,10/11/2023 2:00:00 PM,SERC,WEST,EKPC,EKPC,1298.733,False
10/11/2023 7:00:00 PM,10/11/2023 3:00:00 PM,SERC,WEST,EKPC,EKPC,1352.406,False
10/11/2023 8:00:00 PM,10/11/2023 4:00:00 PM,SERC,WEST,EKPC,EKPC,1349.422,False
10/11/2023 9:00:00 PM,10/11/2023 5:00:00 PM,SERC,WEST,EKPC,EKPC,1405.133,False
10/11/2023 10:00:00 PM,10/11/2023 6:00:00 PM,SERC,WEST,EKPC,EKPC,1415.296,False
10/11/2023 11:00:00 PM,10/11/2023 7:00:00 PM,SERC,WEST,EKPC,EKPC,1412.737,False
10/12/2023 12:00:00 AM,10/11/2023 8:00:00 PM,SERC,WEST,EKPC,EKPC,1435.233,False
10/12/2023 1:00:00 AM,10/11/2023 9:00:00 PM,SERC,WEST,EKPC,EKPC,1461.038,False
10/12/2023 2:00:00 AM,10/11/2023 10:00:00 PM,SERC,WEST,EKPC,EKPC,1358.877,False
10/12/2023 3:00:00 AM,10/11/2023 11:00:00 PM,SERC,WEST,EKPC,EKPC,1292.286,False
10/12/2023 4:00:00 AM,10/12/2023 12:00:00 AM,SERC,WEST,EKPC,EKPC,1220.263,False
10/12/2023 5:00:00 AM,10/12/2023 1:00:00 AM,SERC,WEST,EKPC,EKPC,1150.938,False
10/12/2023 6:00:00 AM,10/12/2023 2:00:00 AM,SERC,WEST,EKPC,EKPC,1159.498,False
10/12/2023 7:00:00 AM,10/12/2023 3:00:00 AM,SERC,WEST,EKPC,EKPC,1111.578,False
10/12/2023 8:00:00 AM,10/12/2023 4:00:00 AM,SERC,WEST,EKPC,EKPC,1224.136,False
10/12/2023 9:00:00 AM,10/12/2023 5:00:00 AM,SERC,WEST,EKPC,EKPC,1144.570,False
10/12/2023 10:00:00 AM,10/12/2023 6:00:00 AM,SERC,WEST,EKPC,EKPC,1265.261,False
10/12/2023 11:00:00 AM,10/12/2023 7:00:00 AM,SERC,WEST,EKPC,EKPC,1363.118,False
10/12/2023 12:00:00 PM,10/12/2023 8:00:00 AM,SERC,WEST,EKPC,EKPC,1410.059,False
10/12/2023 1:00:00 PM,10/12/2023 9:00:00 AM,SERC,WEST,EKPC,EKPC,1412.965,False
10/12/2023 2:00:00 PM,10/12/2023 10:00:00 AM,SERC,WEST,EKPC,EKPC,1365.356,False
10/12/2023 3:00:00 PM,10/12/2023 11:00:00 AM,SERC,WEST,EKPC,EKPC,1290.876,False
10/12/2023 4:00:00 PM,10/12/2023 12:00:00 PM,SERC,WEST,EKPC,EKPC,1223.190,False
10/12/2023 5:00:00 PM,10/12/2023 1:00:00 PM,SERC,WEST,EKPC,EKPC,1167.892,False
10/12/2023 6:00:00 PM,10/12/2023 2:00:00 PM,SERC,WEST,EKPC,EKPC,1154.842,False
10/12/2023 7:00:00 PM,10/12/2023 3:00:00 PM,SERC,WEST,EKPC,EKPC,1179.025,False
10/12/2023 8:00:00 PM,10/12/2023 4:00:00 PM,SERC,WEST,EKPC,EKPC,1365.137,False
10/12/2023 9:00:00 PM,10/12/2023 5:00:00 PM,SERC,WEST,EKPC,EKPC,1373.867,False
10/12/2023 10:00:00 PM,10/12/2023 6:00:00 PM,SERC,WEST,EKPC,EKPC,1376.508,False
10/12/2023 11:00:00 PM,10/12/2023 7:00:00 PM,SERC,WEST,EKPC,EKPC,1514.303,False
10/13/2023 12:00:00 AM,10/12/2023 8:00:00 PM,SERC,WEST,EKPC,EKPC,1547.112,False
10/13/2023 1:00:00 AM,10/12/2023 9:00:00 PM,SERC,WEST,EKPC,EKPC,1457.935,False
10/13/2023 2:00:00 AM,10/12/2023 10:00:00 PM,SERC,WEST,EKPC,EKPC,1224.717,False
10/13/2023 3:00:00 AM,10/12/2023 11:00:00 PM,SERC,WEST,EKPC,EKPC,1125.330,False
10/13/2023 4:00:00 AM,10/13/2023 12:00:00 AM,SERC,WEST,EKPC,EKPC,1031.381,False
10/13/2023 5:00:00 AM,10/13/2023 1:00:00 AM,SERC,WEST,EKPC,EKPC,1058.767,False
10/13/2023 6:00:00 AM,10/13/2023 2:00:00 AM,SERC,WEST,EKPC,EKPC,1102.748,False
10/13/2023 7:00:00 AM,10/13/2023 3:00:00 AM,SERC,WEST,EKPC,EKPC,1127.323,False
10/13/2023 8:00:00 AM,10/13/2023 4:00:00 AM,SERC,WEST,EKPC,EKPC,1100.575,False
10/13/2023 9:00:00 AM,10/13/2023 5:00:00 AM,SERC,WEST,EKPC,EKPC,1193.078,False
10/13/2023 10:00:00 AM,10/13/2023 6:00:00 AM,SERC,WEST,EKPC,EKPC,1294.610,False
10/13/2023 11:00:00 AM,10/13/2023 7:00:00 AM,SERC,WEST,EKPC,EKPC,1342.199,False
10/13/2023 12:00:00 PM,10/13/2023 8:00:00 AM,SERC,WEST,EKPC,EKPC,1273.366,False
10/13/2023 1:00:00 PM,10/13/2023 9:00:00 AM,SERC,WEST,EKPC,EKPC,1192.207,False
10/13/2023 2:00:00 PM,10/13/2023 10:00:00 AM,SERC,WEST,EKPC,EKPC,1206.507,False
10/13/2023 3:00:00 PM,10/13/2023 11:00:00 AM,SERC,WEST,EKPC,EKPC,1205.742,False
10/13/2023 4:00:00 PM,10/13/2023 12:00:00 PM,SERC,WEST,EKPC,EKPC,1422.262,False
10/13/2023 5:00:00 PM,10/13/2023 1:00:00 PM,SERC,WEST,EKPC,EKPC,1356.929,False
10/13/2023 6:00:00 PM,10/13/2023 2:00:00 PM,SERC,WEST,EKPC,EKPC,1422.669,False
10/13/2023 7:00:00 PM,10/13/2023 3:00:00 PM,SERC,WEST,EKPC,EKPC,1486.300,False
10/13/2023 8:00:00 PM,10/13/2023 4:00:00 PM,SERC,WEST,EKPC,EKPC,1439.730,False
10/13/2023 9:00:00 PM,10/13/2023 5:00:00 PM,SERC,WEST,EKPC,EKPC,1362.825,False
10/13/2023 10:00:00 PM,10/13/2023 6:00:00 PM,SERC,WEST,EKPC,EKPC,1411.494,False
10/13/2023 11:00:00 PM,10/13/2023 7:00:00 PM,SERC,WEST,EKPC,EKPC,1440.398,False
10/14/2023 12:00:00 AM,10/13/2023 8:00:00 PM,SERC,WEST,EKPC,EKPC,1417.086,False
10/14/2023 1:00:00 AM,10/13/2023 9:00:00 PM,SERC,WEST,EKPC,EKPC,1466.681,False
10/14/2023 2:00:00 AM,10/13/2023 10:00:00 PM,SERC,WEST,EKPC,EKPC,1394.458,False
10/14/2023 3:00:00 AM,10/13/2023 11:00:00 PM,SERC,WEST,EKPC,EKPC,1240.213,False
10/14/2023 4:00:00 AM,10/14/2023 12:00:00 AM,SERC,WEST,EKPC,EKPC,1172.086,False
10/14/2023 5:00:00 AM,10/14/2023 1:00:00 AM,SERC,WEST,EKPC,EKPC,1133.043,False
10/14/2023 6:00:00 AM,10/14/2023 2:00:00 AM,SERC,WEST,EKPC,EKPC,1161.511,False
10/14/2023 7:00:00 AM,10/14/2023 3:00:00 AM,SERC,WEST,EKPC,EKPC,1119.242,False
10/14/2023 8:00:00 AM,10/14/2023 4:00:00 AM,SERC,WEST,EKPC,EKPC,1074.997,False
10/14/2023 9:00:00 AM,10/14/2023 5:00:00 AM,SERC,WEST,EKPC,EKPC,1005.975,False
10/14/2023 10:00:00 AM,10/14/2023 6:00:00 AM,SERC,WEST,EKPC,EKPC,1090.080,False
10/14/2023 11:00:00 AM,10/14/2023 7:00:00 AM,SERC,WEST,EKPC,EKPC,1132.787,False
10/14/2023 12:00:00 PM,10/14/2023 8:00:00 AM,SERC,WEST,EKPC,EKPC,1184.355,False
10/14/2023 1:00:00 PM,10/14/2023 9:00:00 AM,SERC,WEST,EKPC,EKPC,1265.205,False
10/14/2023 2:00:00 PM,10/14/2023 10:00:00 AM,SERC,WEST,EKPC,EKPC,1296.538,False
10/14/2023 3:00:00 PM,10/14/2023 11:00:00 AM,SERC,WEST,EKPC,EKPC,1324.387,False
10/14/2023 4:00:00 PM,10/14/2023 12:00:00 PM,SERC,WEST,EKPC,EKPC,1360.384,False
10/14/2023 5:00:00 PM,10/14/2023 1:00:00 PM,SERC,WEST,EKPC,EKPC,1356.767,False
10/14/2023 6:00:00 PM,10/14/2023 2:00:00 PM,SERC,WEST,EKPC,EKPC,1381.769,False
10/14/2023 7:00:00 PM,10/14/2023 3:00:00 PM,SERC,WEST,EKPC,EKPC,1359.779,False
10/14/2023 8:00:00 PM,10/14/2023 4:00:00 PM,SERC,WEST,EKPC,EKPC,1366.921,False
10/14/2023 9:00:00 PM,10/14/2023 5:00:00 PM,SERC,WEST,EKPC,EKPC,1346.335,False
10/14/2023 10:00:00 PM,10/14/2023 6:00:00 PM,SERC,WEST,EKPC,EKPC,1325.674,False
10/14/2023 11:00:00 PM,10/14/2023 7:00:00 PM,SERC,WEST,EKPC,EKPC,1341.436,False
10/15/2023 12:00:00 AM,10/14/2023 8:00:00 PM,SERC,WEST,EKPC,EKPC,1344.567,False
10/15/2023 1:00:00 AM,10/14/2023 9:00:00 PM,SERC,WEST,EKPC,EKPC,1377.178,False
10/15/2023 2:00:00 AM,10/14/2023 10:00:00 PM,SERC,WEST,EKPC,EKPC,1321.888,False
10/15/2023 3:00:00 AM,10/14/2023 11:00:00 PM,SERC,WEST,EKPC,EKPC,1129.179,False
10/15/2023 4:00:00 AM,10/15/2023 12:00:00 AM,SERC,WEST,EKPC,EKPC,1005.244,False
10/15/2023 5:00:00 AM,10/15/2023 1:00:00 AM,SERC,WEST,EKPC,EKPC,997.139,False
10/15/2023 6:00:00 AM,10/15/2023 2:00:00 AM,SERC,WEST,EKPC,EKPC,973.788,False
10/15/2023 7:00:00 AM,10/15/2023 3:00:00 AM,SERC,WEST,EKPC,EKPC,984.243,False
10/15/2023 8:00:00 AM,10/15/2023 4:00:00 AM,SERC,WEST,EKPC,EKPC,1048.376,False
10/15/2023 9:00:00 AM,10/15/2023 5:00:00 AM,SERC,WEST,EKPC,EKPC,1011.057,False
10/15/2023 10:00:00 AM,10/15/2023 6:00:00 AM,SERC,WEST,EKPC,EKPC,1066.555,False
10/15/2023 11:00:00 AM,10/15/2023 7:00:00 AM,SERC,WEST,EKPC,EKPC,1167.014,False
10/15/2023 12:00:00 PM,10/15/2023 8:00:00 AM,SERC,WEST,EKPC,EKPC,1312.712,False
10/15/2023 1:00:00 PM,10/15/2023 9:00:00 AM,SERC,WEST,EKPC,EKPC,1284.869,False
10/15/2023 2:00:00 PM,10/15/2023 10:00:00 AM,SERC,WEST,EKPC,EKPC,1264.490,False
10/15/2023 3:00:00 PM,10/15/2023 11:00:00 AM,SERC,WEST,EKPC,EKPC,1235.871,False
10/15/2023 4:00:00 PM,10/15/2023 12:00:00 PM,SERC,WEST,EKPC,EKPC,1344.945,False
10/15/2023 5:00:00 PM,10/15/2023 1:00:00 PM,SERC,WEST,EKPC,EKPC,1352.711,False
10/15/2023 6:00:00 PM,10/15/2023 2:00:00 PM,SERC,WEST,EKPC,EKPC,1346.387,False
10/15/2023 7:00:00 PM,10/15/2023 3:00:00 PM,SERC,WEST,EKPC,EKPC,1363.300,False
10/15/2023 8:00:00 PM,10/15/2023 4:00:00 PM,SERC,WEST,EKPC,EKPC,1366.470,False
10/15/2023 9:00:00 PM,10/15/2023 5:00:00 PM,SERC,WEST,EKPC,EKPC,1384.286,False
10/15/2023 10:00:00 PM,10/15/2023 6:00:00 PM,SERC,WEST,EKPC,EKPC,1418.510,False
10/15/2023 11:00:00 PM,10/15/2023 7:00:00 PM,SERC,WEST,EKPC,EKPC,1511.947,False
10/16/2023 12:00:00 AM,10/15/2023 8:00:00 PM,SERC,WEST,EKPC,EKPC,1564.561,False
10/16/2023 1:00:00 AM,10/15/2023 9:00:00 PM,SERC,WEST,EKPC,EKPC,1467.948,False
10/16/2023 2:00:00 AM,10/15/2023 10:00:00 PM,SERC,WEST,EKPC,EKPC,1388.753,False
10/16/2023 3:00:00 AM,10/15/2023 11:00:00 PM,SERC,WEST,EKPC,EKPC,1263.411,False
10/16/2023 4:00:00 AM,10/16/2023 12:00:00 AM,SERC,WEST,EKPC,EKPC,1211.804,False
10/16/2023 5:00:00 AM,10/16/2023 1:00:00 AM,SERC,WEST,EKPC,EKPC,1202.992,False
10/16/2023 6:00:00 AM,10/16/2023 2:00:00 AM,SERC,WEST,EKPC,EKPC,1249.273,False
10/16/2023 7:00:00 AM,10/16/2023 3:00:00 AM,SERC,WEST,EKPC,EKPC,1228.688,False
10/16/2023 8:00:00 AM,10/16/2023 4:00:00 AM,SERC,WEST,EKPC,EKPC,1265.541,False
10/16/2023 9:00:00 AM,10/16/2023 5:00:00 AM,SERC,WEST,EKPC,EKPC,1365.240,False
10/16/2023 10:00:00 AM,10/16/2023 6:00:00 AM,SERC,WEST,EKPC,EKPC,1505.458,False
10/16/2023 11:00:00 AM,10/16/2023 7:00:00 AM,SERC,WEST,EKPC,EKPC,1508.584,False
10/16/2023 12:00:00 PM,10/16/2023 8:00:00 AM,SERC,WEST,EKPC,EKPC,1531.921,False
10/16/2023 1:00:00 PM,10/16/2023 9:00:00 AM,SERC,WEST,EKPC,EKPC,1495.441,False
10/16/2023 2:00:00 PM,10/16/2023 10:00:00 AM,SERC,WEST,EKPC,EKPC,1491.567,False
10/16/2023 3:00:00 PM,10/16/2023 11:00:00 AM,SERC,WEST,EKPC,EKPC,1431.906,False
10/16/2023 4:00:00 PM,10/16/2023 12:00:00 PM,SERC,WEST,EKPC,EKPC,1413.354,False
10/16/2023 5:00:00 PM,10/16/2023 1:00:00 PM,SERC,WEST,EKPC,EKPC,1373.900,False
10/16/2023 6:00:00 PM,10/16/2023 2:00:00 PM,SERC,WEST,EKPC,EKPC,1420.047,False
10/16/2023 7:00:00 PM,10/16/2023 3:00:00 PM,SERC,WEST,EKPC,EKPC,1458.880,False
10/16/2023 8:00:00 PM,10/16/2023 4:00:00 PM,SERC,WEST,EKPC,EKPC,1515.026,False
10/16/2023 9:00:00 PM,10/16/2023 5:00:00 PM,SERC,WEST,EKPC,EKPC,1524.652,False
10/16/2023 10:00:00 PM,10/16/2023 6:00:00 PM,SERC,WEST,EKPC,EKPC,1538.418,False
10/16/2023 11:00:00 PM,10/16/2023 7:00:00 PM,SERC,WEST,EKPC,EKPC,1609.153,False
10/17/2023 12:00:00 AM,10/16/2023 8:00:00 PM,SERC,WEST,EKPC,EKPC,1608.547,False
10/17/2023 1:00:00 AM,10/16/2023 9:00:00 PM,SERC,WEST,EKPC,EKPC,1451.489,False
10/17/2023 2:00:00 AM,10/16/2023 10:00:00 PM,SERC,WEST,EKPC,EKPC,1292.141,False
10/17/2023 3:00:00 AM,10/16/2023 11:00:00 PM,SERC,WEST,EKPC,EKPC,1221.487,False
10/17/2023 4:00:00 AM,10/17/2023 12:00:00 AM,SERC,WEST,EKPC,EKPC,1310.014,False
10/17/2023 5:00:00 AM,10/17/2023 1:00:00 AM,SERC,WEST,EKPC,EKPC,1297.874,False
10/17/2023 6:00:00 AM,10/17/2023 2:00:00 AM,SERC,WEST,EKPC,EKPC,1299.781,False
10/17/2023 7:00:00 AM,10/17/2023 3:00:00 AM,SERC,WEST,EKPC,EKPC,1299.689,False
10/17/2023 8:00:00 AM,10/17/2023 4:00:00 AM,SERC,WEST,EKPC,EKPC,1336.085,False
10/17/2023 9:00:00 AM,10/17/2023 5:00:00 AM,SERC,WEST,EKPC,EKPC,1381.264,False
10/17/2023 10:00:00 AM,10/17/2023 6:00:00 AM,SERC,WEST,EKPC,EKPC,1470.950,False
10/17/2023 11:00:00 AM,10/17/2023 7:00:00 AM,SERC,WEST,EKPC,EKPC,1421.490,False
10/17/2023 12:00:00 PM,10/17/2023 8:00:00 AM,SERC,WEST,EKPC,EKPC,1405.791,False
10/17/2023 1:00:00 PM,10/17/2023 9:00:00 AM,SERC,WEST,EKPC,EKPC,1390.906,False
10/17/2023 2:00:00 PM,10/17/2023 10:00:00 AM,SERC,WEST,EKPC,EKPC,1382.944,False
10/17/2023 3:00:00 PM,10/17/2023 11:00:00 AM,SERC,WEST,EKPC,EKPC,1345.557,False
10/17/2023 4:00:00 PM,10/17/2023 12:00:00 PM,SERC,WEST,EKPC,EKPC,1354.791,False
10/17/2023 5:00:00 PM,10/17/2023 1:00:00 PM,SERC,WEST,EKPC,EKPC,1358.004,False
10/17/2023 6:00:00 PM,10/17/2023 2:00:00 PM,SERC,WEST,EKPC,EKPC,1363.157,False
10/17/2023 7:00:00 PM,10/17/2023 3:00:00 PM,SERC,WEST,EKPC,EKPC,1342.276,False
10/17/2023 8:00:00 PM,10/17/2023 4:00:00 PM,SERC,WEST,EKPC,EKPC,1351.997,False
10/17/2023 9:00:00 PM,10/17/2023 5:00:00 PM,SERC,WEST,EKPC,EKPC,1383.156,False
10/17/2023 10:00:00 PM,10/17/2023 6:00:00 PM,SERC,WEST,EKPC,EKPC,1406.393,False
10/17/2023 11:00:00 PM,10/17/2023 7:00:00 PM,SERC,WEST,EKPC,EKPC,1474.634,False
10/18/2023 12:00:00 AM,10/17/2023 8:00:00 PM,SERC,WEST,EKPC,EKPC,1504.932,False
10/18/2023 1:00:00 AM,10/17/2023 9:00:00 PM,SERC,WEST,EKPC,EKPC,1455.016,False
10/18/2023 2:00:00 AM,10/17/2023 10:00:00 PM,SERC,WEST,EKPC,EKPC,1385.668,False
10/18/2023 3:00:00 AM,10/17/2023 11:00:00 PM,SERC,WEST,EKPC,EKPC,1294.978,False
10/18/2023 4:00:00 AM,10/18/2023 12:00:00 AM,SERC,WEST,EKPC,EKPC,1281.447,False
10/18/2023 5:00:00 AM,10/18/2023 1:00:00 AM,SERC,WEST,EKPC,EKPC,1203.932,False
10/18/2023 6:00:00 AM,10/18/2023 2:00:00 AM,SERC,WEST,EKPC,EKPC,1317.768,False
10/18/2023 7:00:00 AM,10/18/2023 3:00:00 AM,SERC,WEST,EKPC,EKPC,1346.395,False
10/18/2023 8:00:00 AM,10/18/2023 4:00:00 AM,SERC,WEST,EKPC,EKPC,1267.591,False
10/18/2023 9:00:00 AM,10/18/2023 5:00:00 AM,SERC,WEST,EKPC,EKPC,1320.250,False
10/18/2023 10:00:00 AM,10/18/2023 6:00:00 AM,SERC,WEST,EKPC,EKPC,1527.726,False
10/18/2023 11:00:00 AM,10/18/2023 7:00:00 AM,SERC,WEST,EKPC,EKPC,1650.514,False
10/18/2023 12:00:00 PM,10/18/2023 8:00:00 AM,SERC,WEST,EKPC,EKPC,1639.584,False
10/18/2023 1:00:00 PM,10/18/2023 9:00:00 AM,SERC,WEST,EKPC,EKPC,1604.359,False
10/18/2023 2:00:00 PM,10/18/2023 10:00:00 AM,SERC,WEST,EKPC,EKPC,1520.151,False
10/18/2023 3:00:00 PM,10/18/2023 11:00:00 AM,SERC,WEST,EKPC,EKPC,1408.714,False
10/18/2023 4:00:00 PM,10/18/2023 12:00:00 PM,SERC,WEST,EKPC,EKPC,1456.681,False
10/18/2023 5:00:00 PM,10/18/2023 1:00:00 PM,SERC,WEST,EKPC,EKPC,1357.886,False
10/18/2023 6:00:00 PM,10/18/2023 2:00:00 PM,SERC,WEST,EKPC,EKPC,1358.030,False
10/18/2023 7:00:00 PM,10/18/2023 3:00:00 PM,SERC,WEST,EKPC,EKPC,1323.913,False
10/18/2023 8:00:00 PM,10/18/2023 4:00:00 PM,SERC,WEST,EKPC,EKPC,1254.305,False
10/18/2023 9:00:00 PM,10/18/2023 5:00:00 PM,SERC,WEST,EKPC,EKPC,1417.428,False
10/18/2023 10:00:00 PM,10/18/2023 6:00:00 PM,SERC,WEST,EKPC,EKPC,1475.119,False
10/18/2023 11:00:00 PM,10/18/2023 7:00:00 PM,SERC,WEST,EKPC,EKPC,1539.896,False
10/19/2023 12:00:00 AM,10/18/2023 8:00:00 PM,SERC,WEST,EKPC,EKPC,1564.023,False
10/19/2023 1:00:00 AM,10/18/2023 9:00:00 PM,SERC,WEST,EKPC,EKPC,1530.535,False
10/19/2023 2:00:00 AM,10/18/2023 10:00:00 PM,SERC,WEST,EKPC,EKPC,1429.566,False
10/19/2023 3:00:00 AM,10/18/2023 11:00:00 PM,SERC,WEST,EKPC,EKPC,1332.747,False
10/19/2023 4:00:00 AM,10/19/2023 12:00:00 AM,SERC,WEST,EKPC,EKPC,1274.523,False
10/19/2023 5:00:00 AM,10/19/2023 1:00:00 AM,SERC,WEST,EKPC,EKPC,1188.799,False
10/19/2023 6:00:00 AM,10/19/2023 2:00:00 AM,SERC,WEST,EKPC,EKPC,1140.182,False
10/19/2023 7:00:00 AM,10/19/2023 3:00:00 AM,SERC,WEST,EKPC,EKPC,1224.450,False
10/19/2023 8:00:00 AM,10/19/2023 4:00:00 AM,SERC,WEST,EKPC,EKPC,1307.234,False
10/19/2023 9:00:00 AM,10/19/2023 5:00:00 AM,SERC,WEST,EKPC,EKPC,1418.044,False
10/19/2023 10:00:00 AM,10/19/2023 6:00:00 AM,SERC,WEST,EKPC,EKPC,1496.437,False
10/19/2023 11:00:00 AM,10/19/2023 7:00:00 AM,SERC,WEST,EKPC,EKPC,1570.732,False
10/19/2023 12:00:00 PM,10/19/2023 8:00:00 AM,SERC,WEST,EKPC,EKPC,1549.387,False
10/19/2023 1:00:00 PM,10/19/2023 9:00:00 AM,SERC,WEST,EKPC,EKPC,1426.593,False
10/19/2023 2:00:00 PM,10/19/2023 10:00:00 AM,SERC,WEST,EKPC,EKPC,1350.869,False
10/19/2023 3:00:00 PM,10/19/2023 11:00:00 AM,SERC,WEST,EKPC,EKPC,1434.404,False
10/19/2023 4:00:00 PM,10/19/2023 12:00:00 PM,SERC,WEST,EKPC,EKPC,1434.450,False
10/19/2023 5:00:00 PM,10/19/2023 1:00:00 PM,SERC,WEST,EKPC,EKPC,1441.666,False
10/19/2023 6:00:00 PM,10/19/2023 2:00:00 PM,SERC,WEST,EKPC,EKPC,1427.653,False
10/19/2023 7:00:00 PM,10/19/2023 3:00:00 PM,SERC,WEST,EKPC,EKPC,1456.954,False
10/19/2023 8:00:00 PM,10/19/2023 4:00:00 PM,SERC,WEST,EKPC,EKPC,1444.988,False
10/19/2023 9:00:00 PM,10/19/2023 5:00:00 PM,SERC,WEST,EKPC,EKPC,1426.286,False
10/19/2023 10:00:00 PM,10/19/2023 6:00:00 PM,SERC,WEST,EKPC,EKPC,1492.831,False
10/19/2023 11:00:00 PM,10/19/2023 7:00:00 PM,SERC,WEST,EKPC,EKPC,1520.385,False
10/20/2023 12:00:00 AM,10/19/2023 8:00:00 PM,SERC,WEST,EKPC,EKPC,1490.339,False
10/20/2023 1:00:00 AM,10/19/2023 9:00:00 PM,SERC,WEST,EKPC,EKPC,1266.007,False
10/20/2023 2:00:00 AM,10/19/2023 10:00:00 PM,SERC,WEST,EKPC,EKPC,1162.315,False
10/20/2023 3:00:00 AM,10/19/2023 11:00:00 PM,SERC,WEST,EKPC,EKPC,1082.853,False
10/20/2023 4:00:00 AM,10/20/2023 12:00:00 AM,SERC,WEST,EKPC,EKPC,1032.769,False
10/20/2023 5:00:00 AM,10/20/2023 1:00:00 AM,SERC,WEST,EKPC,EKPC,1011.916,False
10/20/2023 6:00:00 AM,10/20/2023 2:00:00 AM,SERC,WEST,EKPC,EKPC,1015.482,False
10/20/2023 7:00:00 AM,10/20/2023 3:00:00 AM,SERC,WEST,EKPC,EKPC,1011.566,False
10/20/2023 8:00:00 AM,10/20/2023 4:00:00 AM,SERC,WEST,EKPC,EKPC,1040.634,False
10/20/2023 9:00:00 AM,10/20/2023 5:00:00 AM,SERC,WEST,EKPC,EKPC,1101.510,False
10/20/2023 10:00:00 AM,10/20/2023 6:00:00 AM,SERC,WEST,EKPC,EKPC,1232.710,False
10/20/2023 11:00:00 AM,10/20/2023 7:00:00 AM,SERC,WEST,EKPC,EKPC,1260.022,False
10/20/2023 12:00:00 PM,10/20/2023 8:00:00 AM,SERC,WEST,EKPC,EKPC,1304.955,False
10/20/2023 1:00:00 PM,10/20/2023 9:00:00 AM,SERC,WEST,EKPC,EKPC,1313.543,False
10/20/2023 2:00:00 PM,10/20/2023 10:00:00 AM,SERC,WEST,EKPC,EKPC,1280.774,False
10/20/2023 3:00:00 PM,10/20/2023 11:00:00 AM,SERC,WEST,EKPC,EKPC,1268.821,False
10/20/2023 4:00:00 PM,10/20/2023 12:00:00 PM,SERC,WEST,EKPC,EKPC,1273.335,False
10/20/2023 5:00:00 PM,10/20/2023 1:00:00 PM,SERC,WEST,EKPC,EKPC,1262.959,False
10/20/2023 6:00:00 PM,10/20/2023 2:00:00 PM,SERC,WEST,EKPC,EKPC,1271.180,False
10/20/2023 7:00:00 PM,10/20/2023 3:00:00 PM,SERC,WEST,EKPC,EKPC,1290.084,False
10/20/2023 8:00:00 PM,10/20/2023 4:00:00 PM,SERC,WEST,EKPC,EKPC,1313.734,False
10/20/2023 9:00:00 PM,10/20/2023 5:00:00 PM,SERC,WEST,EKPC,EKPC,1284.706,False
10/20/2023 10:00:00 PM,10/20/2023 6:00:00 PM,SERC,WEST,EKPC,EKPC,1301.546,False
10/20/2023 11:00:00 PM,10/20/2023 7:00:00 PM,SERC,WEST,EKPC,EKPC,1342.024,False
10/21/2023 12:00:00 AM,10/20/2023 8:00:00 PM,SERC,WEST,EKPC,EKPC,1340.742,False
10/21/2023 1:00:00 AM,10/20/2023 9:00:00 PM,SERC,WEST,EKPC,EKPC,1322.625,False
10/21/2023 2:00:00 AM,10/20/2023 10:00:00 PM,SERC,WEST,EKPC,EKPC,1264.057,False
10/21/2023 3:00:00 AM,10/20/2023 11:00:00 PM,SERC,WEST,EKPC,EKPC,1210.552,False
10/21/2023 4:00:00 AM,10/21/2023 12:00:00 AM,SERC,WEST,EKPC,EKPC,1179.253,False
10/21/2023 5:00:00 AM,10/21/2023 1:00:00 AM,SERC,WEST,EKPC,EKPC,1175.624,False
10/21/2023 6:00:00 AM,10/21/2023 2:00:00 AM,SERC,WEST,EKPC,EKPC,1175.517,False
10/21/2023 7:00:00 AM,10/21/2023 3:00:00 AM,SERC,WEST,EKPC,EKPC,1211.183,False
10/21/2023 8:00:00 AM,10/21/2023 4:00:00 AM,SERC,WEST,EKPC,EKPC,1218.023,False
10/21/2023 9:00:00 AM,10/21/2023 5:00:00 AM,SERC,WEST,EKPC,EKPC,1271.662,False
10/21/2023 10:00:00 AM,10/21/2023 6:00:00 AM,SERC,WEST,EKPC,EKPC,1344.492,False
10/21/2023 11:00:00 AM,10/21/2023 7:00:00 AM,SERC,WEST,EKPC,EKPC,1408.665,False
10/21/2023 12:00:00 PM,10/21/2023 8:00:00 AM,SERC,WEST,EKPC,EKPC,1456.190,False
10/21/2023 1:00:00 PM,10/21/2023 9:00:00 AM,SERC,WEST,EKPC,EKPC,1442.843,False
10/21/2023 2:00:00 PM,10/21/2023 10:00:00 AM,SERC,WEST,EKPC,EKPC,1362.451,False
10/21/2023 3:00:00 PM,10/21/2023 11:00:00 AM,SERC,WEST,EKPC,EKPC,1323.587,False
10/21/2023 4:00:00 PM,10/21/2023 12:00:00 PM,SERC,WEST,EKPC,EKPC,1301.059,False
10/21/2023 5:00:00 PM,10/21/2023 1:00:00 PM,SERC,WEST,EKPC,EKPC,1247.145,False
10/21/2023 6:00:00 PM,10/21/2023 2:00:00 PM,SERC,WEST,EKPC,EKPC,1199.151,False
10/21/2023 7:00:00 PM,10/21/2023 3:00:00 PM,SERC,WEST,EKPC,EKPC,1189.270,False
10/21/2023 8:00:00 PM,10/21/2023 4:00:00 PM,SERC,WEST,EKPC,EKPC,1266.065,False
10/21/2023 9:00:00 PM,10/21/2023 5:00:00 PM,SERC,WEST,EKPC,EKPC,1303.411,False
10/21/2023 10:00:00 PM,10/21/2023 6:00:00 PM,SERC,WEST,EKPC,EKPC,1313.795,False
10/21/2023 11:00:00 PM,10/21/2023 7:00:00 PM,SERC,WEST,EKPC,EKPC,1411.647,False
10/22/2023 12:00:00 AM,10/21/2023 8:00:00 PM,SERC,WEST,EKPC,EKPC,1288.968,False
10/22/2023 1:00:00 AM,10/21/2023 9:00:00 PM,SERC,WEST,EKPC,EKPC,1322.189,False
10/22/2023 2:00:00 AM,10/21/2023 10:00:00 PM,SERC,WEST,EKPC,EKPC,1281.220,False
10/22/2023 3:00:00 AM,10/21/2023 11:00:00 PM,SERC,WEST,EKPC,EKPC,1152.118,False
10/22/2023 4:00:00 AM,10/22/2023 12:00:00 AM,SERC,WEST,EKPC,EKPC,1145.341,False
10/22/2023 5:00:00 AM,10/22/2023 1:00:00 AM,SERC,WEST,EKPC,EKPC,1138.087,False
10/22/2023 6:00:00 AM,10/22/2023 2:00:00 AM,SERC,WEST,EKPC,EKPC,1122.419,False
10/22/2023 7:00:00 AM,10/22/2023 3:00:00 AM,SERC,WEST,EKPC,EKPC,1132.908,False
10/22/2023 8:00:00 AM,10/22/2023 4:00:00 AM,SERC,WEST,EKPC,EKPC,1081.229,False
10/22/2023 9:00:00 AM,10/22/2023 5:00:00 AM,SERC,WEST,EKPC,EKPC,1088.341,False
10/22/2023 10:00:00 AM,10/22/2023 6:00:00 AM,SERC,WEST,EKPC,EKPC,1128.064,False
10/22/2023 11:00:00 AM,10/22/2023 7:00:00 AM,SERC,WEST,EKPC,EKPC,1198.215,False
10/22/2023 12:00:00 PM,10/22/2023 8:00:00 AM,SERC,WEST,EKPC,EKPC,1289.263,False
10/22/2023 1:00:00 PM,10/22/2023 9:00:00 AM,SERC,WEST,EKPC,EKPC,1332.073,False
10/22/2023 2:00:00 PM,10/22/2023 10:00:00 AM,SERC,WEST,EKPC,EKPC,1321.478,False
10/22/2023 3:00:00 PM,10/22/2023 11:00:00 AM,SERC,WEST,EKPC,EKPC,1282.488,False
10/22/2023 4:00:00 PM,10/22/2023 12:00:00 PM,SERC,WEST,EKPC,EKPC,1280.066,False
10/22/2023 5:00:00 PM,10/22/2023 1:00:00 PM,SERC,WEST,EKPC,EKPC,1252.951,False
10/22/2023 6:00:00 PM,10/22/2023 2:00:00 PM,SERC,WEST,EKPC,EKPC,1232.364,False
10/22/2023 7:00:00 PM,10/22/2023 3:00:00 PM,SERC,WEST,EKPC,EKPC,1222.501,False
10/22/2023 8:00:00 PM,10/22/2023 4:00:00 PM,SERC,WEST,EKPC,EKPC,1234.842,False
10/22/2023 9:00:00 PM,10/22/2023 5:00:00 PM,SERC,WEST,EKPC,EKPC,1239.086,False
10/22/2023 10:00:00 PM,10/22/2023 6:00:00 PM,SERC,WEST,EKPC,EKPC,1304.841,False
10/22/2023 11:00:00 PM,10/22/2023 7:00:00 PM,SERC,WEST,EKPC,EKPC,1377.029,False
10/23/2023 12:00:00 AM,10/22/2023 8:00:00 PM,SERC,WEST,EKPC,EKPC,1382.889,False
10/23/2023 1:00:00 AM,10/22/2023 9:00:00 PM,SERC,WEST,EKPC,EKPC,1421.375,False
10/23/2023 2:00:00 AM,10/22/2023 10:00:00 PM,SERC,WEST,EKPC,EKPC,1309.630,False
10/23/2023 3:00:00 AM,10/22/2023 11:00:00 PM,SERC,WEST,EKPC,EKPC,1264.788,False
10/23/2023 4:00:00 AM,10/23/2023 12:00:00 AM,SERC,WEST,EKPC,EKPC,1273.126,False
10/23/2023 5:00:00 AM,10/23/2023 1:00:00 AM,SERC,WEST,EKPC,EKPC,1286.234,False
10/23/2023 6:00:00 AM,10/23/2023 2:00:00 AM,SERC,WEST,EKPC,EKPC,1362.007,False
10/23/2023 7:00:00 AM,10/23/2023 3:00:00 AM,SERC,WEST,EKPC,EKPC,1372.554,False
10/23/2023 8:00:00 AM,10/23/2023 4:00:00 AM,SERC,WEST,EKPC,EKPC,1464.516,False
10/23/2023 9:00:00 AM,10/23/2023 5:00:00 AM,SERC,WEST,EKPC,EKPC,1594.052,False
10/23/2023 10:00:00 AM,10/23/2023 6:00:00 AM,SERC,WEST,EKPC,EKPC,1730.967,False
10/23/2023 11:00:00 AM,10/23/2023 7:00:00 AM,SERC,WEST,EKPC,EKPC,1836.398,False
10/23/2023 12:00:00 PM,10/23/2023 8:00:00 AM,SERC,WEST,EKPC,EKPC,1825.286,False
10/23/2023 1:00:00 PM,10/23/2023 9:00:00 AM,SERC,WEST,EKPC,EKPC,1758.929,False
10/23/2023 2:00:00 PM,10/23/2023 10:00:00 AM,SERC,WEST,EKPC,EKPC,1656.841,False
10/23/2023 3:00:00 PM,10/23/2023 11:00:00 AM,SERC,WEST,EKPC,EKPC,1566.316,False
10/23/2023 4:00:00 PM,10/23/2023 12:00:00 PM,SERC,WEST,EKPC,EKPC,1485.332,False
10/23/2023 5:00:00 PM,10/23/2023 1:00:00 PM,SERC,WEST,EKPC,EKPC,1365.680,False
10/23/2023 6:00:00 PM,10/23/2023 2:00:00 PM,SERC,WEST,EKPC,EKPC,1394.562,False
10/23/2023 7:00:00 PM,10/23/2023 3:00:00 PM,SERC,WEST,EKPC,EKPC,1444.994,False
10/23/2023 8:00:00 PM,10/23/2023 4:00:00 PM,SERC,WEST,EKPC,EKPC,1469.733,False
10/23/2023 9:00:00 PM,10/23/2023 5:00:00 PM,SERC,WEST,EKPC,EKPC,1517.177,False
10/23/2023 10:00:00 PM,10/23/2023 6:00:00 PM,SERC,WEST,EKPC,EKPC,1551.527,False
10/23/2023 11:00:00 PM,10/23/2023 7:00:00 PM,SERC,WEST,EKPC,EKPC,1599.920,False
10/24/2023 12:00:00 AM,10/23/2023 8:00:00 PM,SERC,WEST,EKPC,EKPC,1513.241,False
10/24/2023 1:00:00 AM,10/23/2023 9:00:00 PM,SERC,WEST,EKPC,EKPC,1412.261,False
10/24/2023 2:00:00 AM,10/23/2023 10:00:00 PM,SERC,WEST,EKPC,EKPC,1373.670,False
10/24/2023 3:00:00 AM,10/23/2023 11:00:00 PM,SERC,WEST,EKPC,EKPC,1359.001,False
10/24/2023 4:00:00 AM,10/24/2023 12:00:00 AM,SERC,WEST,EKPC,EKPC,1324.995,False
10/24/2023 5:00:00 AM,10/24/2023 1:00:00 AM,SERC,WEST,EKPC,EKPC,1308.574,False
10/24/2023 6:00:00 AM,10/24/2023 2:00:00 AM,SERC,WEST,EKPC,EKPC,1320.293,False
10/24/2023 7:00:00 AM,10/24/2023 3:00:00 AM,SERC,WEST,EKPC,EKPC,1351.936,False
10/24/2023 8:00:00 AM,10/24/2023 4:00:00 AM,SERC,WEST,EKPC,EKPC,1343.018,False
10/24/2023 9:00:00 AM,10/24/2023 5:00:00 AM,SERC,WEST,EKPC,EKPC,1489.575,False
10/24/2023 10:00:00 AM,10/24/2023 6:00:00 AM,SERC,WEST,EKPC,EKPC,1622.605,False
10/24/2023 11:00:00 AM,10/24/2023 7:00:00 AM,SERC,WEST,EKPC,EKPC,1531.757,False
10/24/2023 12:00:00 PM,10/24/2023 8:00:00 AM,SERC,WEST,EKPC,EKPC,1490.468,False
10/24/2023 1:00:00 PM,10/24/2023 9:00:00 AM,SERC,WEST,EKPC,EKPC,1457.887,False
10/24/2023 2:00:00 PM,10/24/2023 10:00:00 AM,SERC,WEST,EKPC,EKPC,1470.539,False
10/24/2023 3:00:00 PM,10/24/2023 11:00:00 AM,SERC,WEST,EKPC,EKPC,1453.403,False
10/24/2023 4:00:00 PM,10/24/2023 12:00:00 PM,SERC,WEST,EKPC,EKPC,1436.958,False
10/24/2023 5:00:00 PM,10/24/2023 1:00:00 PM,SERC,WEST,EKPC,EKPC,1430.377,False
10/24/2023 6:00:00 PM,10/24/2023 2:00:00 PM,SERC,WEST,EKPC,EKPC,1408.055,False
10/24/2023 7:00:00 PM,10/24/2023 3:00:00 PM,SERC,WEST,EKPC,EKPC,1439.447,False
10/24/2023 8:00:00 PM,10/24/2023 4:00:00 PM,SERC,WEST,EKPC,EKPC,1451.499,False
10/24/2023 9:00:00 PM,10/24/2023 5:00:00 PM,SERC,WEST,EKPC,EKPC,1493.502,False
10/24/2023 10:00:00 PM,10/24/2023 6:00:00 PM,SERC,WEST,EKPC,EKPC,1538.397,False
10/24/2023 11:00:00 PM,10/24/2023 7:00:00 PM,SERC,WEST,EKPC,EKPC,1575.785,False
10/25/2023 12:00:00 AM,10/24/2023 8:00:00 PM,SERC,WEST,EKPC,EKPC,1514.130,False
10/25/2023 1:00:00 AM,10/24/2023 9:00:00 PM,SERC,WEST,EKPC,EKPC,1382.105,False
10/25/2023 2:00:00 AM,10/24/2023 10:00:00 PM,SERC,WEST,EKPC,EKPC,1259.019,False
10/25/2023 3:00:00 AM,10/24/2023 11:00:00 PM,SERC,WEST,EKPC,EKPC,1154.446,False
10/25/2023 4:00:00 AM,10/25/2023 12:00:00 AM,SERC,WEST,EKPC,EKPC,1092.261,False
10/25/2023 5:00:00 AM,10/25/2023 1:00:00 AM,SERC,WEST,EKPC,EKPC,1069.060,False
10/25/2023 6:00:00 AM,10/25/2023 2:00:00 AM,SERC,WEST,EKPC,EKPC,1161.131,False
10/25/2023 7:00:00 AM,10/25/2023 3:00:00 AM,SERC,WEST,EKPC,EKPC,1161.517,False
10/25/2023 8:00:00 AM,10/25/2023 4:00:00 AM,SERC,WEST,EKPC,EKPC,1190.652,False
10/25/2023 9:00:00 AM,10/25/2023 5:00:00 AM,SERC,WEST,EKPC,EKPC,1173.827,False
10/25/2023 10:00:00 AM,10/25/2023 6:00:00 AM,SERC,WEST,EKPC,EKPC,1345.830,False
10/25/2023 11:00:00 AM,10/25/2023 7:00:00 AM,SERC,WEST,EKPC,EKPC,1421.074,False
10/25/2023 12:00:00 PM,10/25/2023 8:00:00 AM,SERC,WEST,EKPC,EKPC,1467.347,False
10/25/2023 1:00:00 PM,10/25/2023 9:00:00 AM,SERC,WEST,EKPC,EKPC,1523.275,False
10/25/2023 2:00:00 PM,10/25/2023 10:00:00 AM,SERC,WEST,EKPC,EKPC,1432.872,False
10/25/2023 3:00:00 PM,10/25/2023 11:00:00 AM,SERC,WEST,EKPC,EKPC,1411.937,False
10/25/2023 4:00:00 PM,10/25/2023 12:00:00 PM,SERC,WEST,EKPC,EKPC,1359.504,False
10/25/2023 5:00:00 PM,10/25/2023 1:00:00 PM,SERC,WEST,EKPC,EKPC,1415.946,False
10/25/2023 6:00:00 PM,10/25/2023 2:00:00 PM,SERC,WEST,EKPC,EKPC,1449.862,False
10/25/2023 7:00:00 PM,10/25/2023 3:00:00 PM,SERC,WEST,EKPC,EKPC,1450.566,False
10/25/2023 8:00:00 PM,10/25/2023 4:00:00 PM,SERC,WEST,EKPC,EKPC,1385.318,False
10/25/2023 9:00:00 PM,10/25/2023 5:00:00 PM,SERC,WEST,EKPC,EKPC,1412.569,False
10/25/2023 10:00:00 PM,10/25/2023 6:00:00 PM,SERC,WEST,EKPC,EKPC,1418.329,False
10/25/2023 11:00:00 PM,10/25/2023 7:00:00 PM,SERC,WEST,EKPC,EKPC,1445.261,False
10/26/2023 12:00:00 AM,10/25/2023 8:00:00 PM,SERC,WEST,EKPC,EKPC,1419.261,False
10/26/2023 1:00:00 AM,10/25/2023 9:00:00 PM,SERC,WEST,EKPC,EKPC,1499.422,False
10/26/2023 2:00:00 AM,10/25/2023 10:00:00 PM,SERC,WEST,EKPC,EKPC,1344.852,False
10/26/2023 3:00:00 AM,10/25/2023 11:00:00 PM,SERC,WEST,EKPC,EKPC,1285.579,False
10/26/2023 4:00:00 AM,10/26/2023 12:00:00 AM,SERC,WEST,EKPC,EKPC,1219.072,False
10/26/2023 5:00:00 AM,10/26/2023 1:00:00 AM,SERC,WEST,EKPC,EKPC,1200.221,False
10/26/2023 6:00:00 AM,10/26/2023 2:00:00 AM,SERC,WEST,EKPC,EKPC,1202.968,False
10/26/2023 7:00:00 AM,10/26/2023 3:00:00 AM,SERC,WEST,EKPC,EKPC,1146.418,False
10/26/2023 8:00:00 AM,10/26/2023 4:00:00 AM,SERC,WEST,EKPC,EKPC,1147.352,False
10/26/2023 9:00:00 AM,10/26/2023 5:00:00 AM,SERC,WEST,EKPC,EKPC,1232.638,False
10/26/2023 10:00:00 AM,10/26/2023 6:00:00 AM,SERC,WEST,EKPC,EKPC,1303.602,False
10/26/2023 11:00:00 AM,10/26/2023 7:00:00 AM,SERC,WEST,EKPC,EKPC,1339.475,False
10/26/2023 12:00:00 PM,10/26/2023 8:00:00 AM,SERC,WEST,EKPC,EKPC,1303.868,False
10/26/2023 1:00:00 PM,10/26/2023 9:00:00 AM,SERC,WEST,EKPC,EKPC,1300.728,False
10/26/2023 2:00:00 PM,10/26/2023 10:00:00 AM,SERC,WEST,EKPC,EKPC,1269.117,False
10/26/2023 3:00:00 PM,10/26/2023 11:00:00 AM,SERC,WEST,EKPC,EKPC,1262.302,False
10/26/2023 4:00:00 PM,10/26/2023 12:00:00 PM,SERC,WEST,EKPC,EKPC,1284.406,False
10/26/2023 5:00:00 PM,10/26/2023 1:00:00 PM,SERC,WEST,EKPC,EKPC,1298.758,False
10/26/2023 6:00:00 PM,10/26/2023 2:00:00 PM,SERC,WEST,EKPC,EKPC,1304.849,False
10/26/2023 7:00:00 PM,10/26/2023 3:00:00 PM,SERC,WEST,EKPC,EKPC,1358.781,False
10/26/2023 8:00:00 PM,10/26/2023 4:00:00 PM,SERC,WEST,EKPC,EKPC,1368.943,False
10/26/2023 9:00:00 PM,10/26/2023 5:00:00 PM,SERC,WEST,EKPC,EKPC,1347.225,False
10/26/2023 10:00:00 PM,10/26/2023 6:00:00 PM,SERC,WEST,EKPC,EKPC,1371.103,False
10/26/2023 11:00:00 PM,10/26/2023 7:00:00 PM,SERC,WEST,EKPC,EKPC,1487.630,False
10/27/2023 12:00:00 AM,10/26/2023 8:00:00 PM,SERC,WEST,EKPC,EKPC,1523.675,False
10/27/2023 1:00:00 AM,10/26/2023 9:00:00 PM,SERC,WEST,EKPC,EKPC,1477.234,False
10/27/2023 2:00:00 AM,10/26/2023 10:00:00 PM,SERC,WEST,EKPC,EKPC,1293.236,False
10/27/2023 3:00:00 AM,10/26/2023 11:00:00 PM,SERC,WEST,EKPC,EKPC,1260.581,False
10/27/2023 4:00:00 AM,10/27/2023 12:00:00 AM,SERC,WEST,EKPC,EKPC,1082.959,False
10/27/2023 5:00:00 AM,10/27/2023 1:00:00 AM,SERC,WEST,EKPC,EKPC,1051.539,False
10/27/2023 6:00:00 AM,10/27/2023 2:00:00 AM,SERC,WEST,EKPC,EKPC,1052.575,False
10/27/2023 7:00:00 AM,10/27/2023 3:00:00 AM,SERC,WEST,EKPC,EKPC,1057.364,False
10/27/2023 8:00:00 AM,10/27/2023 4:00:00 AM,SERC,WEST,EKPC,EKPC,1093.785,False
10/27/2023 9:00:00 AM,10/27/2023 5:00:00 AM,SERC,WEST,EKPC,EKPC,1294.725,False
10/27/2023 10:00:00 AM,10/27/2023 6:00:00 AM,SERC,WEST,EKPC,EKPC,1368.268,False
10/27/2023 11:00:00 AM,10/27/2023 7:00:00 AM,SERC,WEST,EKPC,EKPC,1428.152,False
10/27/2023 12:00:00 PM,10/27/2023 8:00:00 AM,SERC,WEST,EKPC,EKPC,1407.519,False
10/27/2023 1:00:00 PM,10/27/2023 9:00:00 AM,SERC,WEST,EKPC,EKPC,1331.160,False
10/27/2023 2:00:00 PM,10/27/2023 10:00:00 AM,SERC,WEST,EKPC,EKPC,1307.517,False
10/27/2023 3:00:00 PM,10/27/2023 11:00:00 AM,SERC,WEST,EKPC,EKPC,1305.229,False
10/27/2023 4:00:00 PM,10/27/2023 12:00:00 PM,SERC,WEST,EKPC,EKPC,1307.588,False
10/27/2023 5:00:00 PM,10/27/2023 1:00:00 PM,SERC,WEST,EKPC,EKPC,1431.302,False
10/27/2023 6:00:00 PM,10/27/2023 2:00:00 PM,SERC,WEST,EKPC,EKPC,1424.926,False
10/27/2023 7:00:00 PM,10/27/2023 3:00:00 PM,SERC,WEST,EKPC,EKPC,1474.749,False
10/27/2023 8:00:00 PM,10/27/2023 4:00:00 PM,SERC,WEST,EKPC,EKPC,1463.432,False
10/27/2023 9:00:00 PM,10/27/2023 5:00:00 PM,SERC,WEST,EKPC,EKPC,1452.103,False
10/27/2023 10:00:00 PM,10/27/2023 6:00:00 PM,SERC,WEST,EKPC,EKPC,1472.111,False
10/27/2023 11:00:00 PM,10/27/2023 7:00:00 PM,SERC,WEST,EKPC,EKPC,1435.174,False
10/28/2023 12:00:00 AM,10/27/2023 8:00:00 PM,SERC,WEST,EKPC,EKPC,1480.540,False
10/28/2023 1:00:00 AM,10/27/2023 9:00:00 PM,SERC,WEST,EKPC,EKPC,1424.000,False
10/28/2023 2:00:00 AM,10/27/2023 10:00:00 PM,SERC,WEST,EKPC,EKPC,1323.997,False
10/28/2023 3:00:00 AM,10/27/2023 11:00:00 PM,SERC,WEST,EKPC,EKPC,1220.752,False
10/28/2023 4:00:00 AM,10/28/2023 12:00:00 AM,SERC,WEST,EKPC,EKPC,1099.344,False
10/28/2023 5:00:00 AM,10/28/2023 1:00:00 AM,SERC,WEST,EKPC,EKPC,1153.565,False
10/28/2023 6:00:00 AM,10/28/2023 2:00:00 AM,SERC,WEST,EKPC,EKPC,1105.833,False
10/28/2023 7:00:00 AM,10/28/2023 3:00:00 AM,SERC,WEST,EKPC,EKPC,1020.872,False
10/28/2023 8:00:00 AM,10/28/2023 4:00:00 AM,SERC,WEST,EKPC,EKPC,1057.343,False
10/28/2023 9:00:00 AM,10/28/2023 5:00:00 AM,SERC,WEST,EKPC,EKPC,1174.351,False
10/28/2023 10:00:00 AM,10/28/2023 6:00:00 AM,SERC,WEST,EKPC,EKPC,1228.358,False
10/28/2023 11:00:00 AM,10/28/2023 7:00:00 AM,SERC,WEST,EKPC,EKPC,1268.875,False
10/28/2023 12:00:00 PM,10/28/2023 8:00:00 AM,SERC,WEST,EKPC,EKPC,1288.062,False
10/28/2023 1:00:00 PM,10/28/2023 9:00:00 AM,SERC,WEST,EKPC,EKPC,1353.869,False
10/28/2023 2:00:00 PM,10/28/2023 10:00:00 AM,SERC,WEST,EKPC,EKPC,1395.166,False
10/28/2023 3:00:00 PM,10/28/2023 11:00:00 AM,SERC,WEST,EKPC,EKPC,1427.442,False
10/28/2023 4:00:00 PM,10/28/2023 12:00:00 PM,SERC,WEST,EKPC,EKPC,1452.777,False
10/28/2023 5:00:00 PM,10/28/2023 1:00:00 PM,SERC,WEST,EKPC,EKPC,1441.022,False
10/28/2023 6:00:00 PM,10/28/2023 2:00:00 PM,SERC,WEST,EKPC,EKPC,1411.413,False
10/28/2023 7:00:00 PM,10/28/2023 3:00:00 PM,SERC,WEST,EKPC,EKPC,1352.843,False
10/28/2023 8:00:00 PM,10/28/2023 4:00:00 PM,SERC,WEST,EKPC,EKPC,1436.900,False
10/28/2023 9:00:00 PM,10/28/2023 5:00:00 PM,SERC,WEST,EKPC,EKPC,1345.427,False
10/28/2023 10:00:00 PM,10/28/2023 6:00:00 PM,SERC,WEST,EKPC,EKPC,1316.512,False
10/28/2023 11:00:00 PM,10/28/2023 7:00:00 PM,SERC,WEST,EKPC,EKPC,1425.721,False
10/29/2023 12:00:00 AM,10/28/2023 8:00:00 PM,SERC,WEST,EKPC,EKPC,1284.221,False
10/29/2023 1:00:00 AM,10/28/2023 9:00:00 PM,SERC,WEST,EKPC,EKPC,1238.745,False
10/29/2023 2:00:00 AM,10/28/2023 10:00:00 PM,SERC,WEST,EKPC,EKPC,1210.703,False
10/29/2023 3:00:00 AM,10/28/2023 11:00:00 PM,SERC,WEST,EKPC,EKPC,1252.414,False
10/29/2023 4:00:00 AM,10/29/2023 12:00:00 AM,SERC,WEST,EKPC,EKPC,1221.864,False
10/29/2023 5:00:00 AM,10/29/2023 1:00:00 AM,SERC,WEST,EKPC,EKPC,1198.362,False
10/29/2023 6:00:00 AM,10/29/2023 2:00:00 AM,SERC,WEST,EKPC,EKPC,1158.682,False
10/29/2023 7:00:00 AM,10/29/2023 3:00:00 AM,SERC,WEST,EKPC,EKPC,1154.064,False
10/29/2023 8:00:00 AM,10/29/2023 4:00:00 AM,SERC,WEST,EKPC,EKPC,1169.096,False
10/29/2023 9:00:00 AM,10/29/2023 5:00:00 AM,SERC,WEST,EKPC,EKPC,1180.818,False
10/29/2023 10:00:00 AM,10/29/2023 6:00:00 AM,SERC,WEST,EKPC,EKPC,1223.003,False
10/29/2023 11:00:00 AM,10/29/2023 7:00:00 AM,SERC,WEST,EKPC,EKPC,1245.744,False
10/29/2023 12:00:00 PM,10/29/2023 8:00:00 AM,SERC,WEST,EKPC,EKPC,1206.255,False
10/29/2023 1:00:00 PM,10/29/2023 9:00:00 AM,SERC,WEST,EKPC,EKPC,1304.199,False
10/29/2023 2:00:00 PM,10/29/2023 10:00:00 AM,SERC,WEST,EKPC,EKPC,1323.344,False
10/29/2023 3:00:00 PM,10/29/2023 11:00:00 AM,SERC,WEST,EKPC,EKPC,1399.479,False
10/29/2023 4:00:00 PM,10/29/2023 12:00:00 PM,SERC,WEST,EKPC,EKPC,1360.376,False
10/29/2023 5:00:00 PM,10/29/2023 1:00:00 PM,SERC,WEST,EKPC,EKPC,1401.393,False
10/29/2023 6:00:00 PM,10/29/2023 2:00:00 PM,SERC,WEST,EKPC,EKPC,1453.564,False
10/29/2023 7:00:00 PM,10/29/2023 3:00:00 PM,SERC,WEST,EKPC,EKPC,1436.059,False
10/29/2023 8:00:00 PM,10/29/2023 4:00:00 PM,SERC,WEST,EKPC,EKPC,1479.659,False
10/29/2023 9:00:00 PM,10/29/2023 5:00:00 PM,SERC,WEST,EKPC,EKPC,1473.678,False
10/29/2023 10:00:00 PM,10/29/2023 6:00:00 PM,SERC,WEST,EKPC,EKPC,1483.487,False
10/29/2023 11:00:00 PM,10/29/2023 7:00:00 PM,SERC,WEST,EKPC,EKPC,1538.487,False
10/30/2023 12:00:00 AM,10/29/2023 8:00:00 PM,SERC,WEST,EKPC,EKPC,1508.361,False
10/30/2023 1:00:00 AM,10/29/2023 9:00:00 PM,SERC,WEST,EKPC,EKPC,1451.402,False
10/30/2023 2:00:00 AM,10/29/2023 10:00:00 PM,SERC,WEST,EKPC,EKPC,1287.411,False
10/30/2023 3:00:00 AM,10/29/2023 11:00:00 PM,SERC,WEST,EKPC,EKPC,1158.305,False
10/30/2023 4:00:00 AM,10/30/2023 12:00:00 AM,SERC,WEST,EKPC,EKPC,1096.857,False
10/30/2023 5:00:00 AM,10/30/2023 1:00:00 AM,SERC,WEST,EKPC,EKPC,1131.312,False
10/30/2023 6:00:00 AM,10/30/2023 2:00:00 AM,SERC,WEST,EKPC,EKPC,1079.582,False
10/30/2023 7:00:00 AM,10/30/2023 3:00:00 AM,SERC,WEST,EKPC,EKPC,982.071,False
10/30/2023 8:00:00 AM,10/30/2023 4:00:00 AM,SERC,WEST,EKPC,EKPC,1086.656,False
10/30/2023 9:00:00 AM,10/30/2023 5:00:00 AM,SERC,WEST,EKPC,EKPC,1241.535,False
10/30/2023 10:00:00 AM,10/30/2023 6:00:00 AM,SERC,WEST,EKPC,EKPC,1415.913,False
10/30/2023 11:00:00 AM,10/30/2023 7:00:00 AM,SERC,WEST,EKPC,EKPC,1461.655,False
10/30/2023 12:00:00 PM,10/30/2023 8:00:00 AM,SERC,WEST,EKPC,EKPC,1479.362,False
10/30/2023 1:00:00 PM,10/30/2023 9:00:00 AM,SERC,WEST,EKPC,EKPC,1520.688,False
10/30/2023 2:00:00 PM,10/30/2023 10:00:00 AM,SERC,WEST,EKPC,EKPC,1548.894,False
10/30/2023 3:00:00 PM,10/30/2023 11:00:00 AM,SERC,WEST,EKPC,EKPC,1549.279,False
10/30/2023 4:00:00 PM,10/30/2023 12:00:00 PM,SERC,WEST,EKPC,EKPC,1484.121,False
10/30/2023 5:00:00 PM,10/30/2023 1:00:00 PM,SERC,WEST,EKPC,EKPC,1443.047,False
10/30/2023 6:00:00 PM,10/30/2023 2:00:00 PM,SERC,WEST,EKPC,EKPC,1446.162,False
10/30/2023 7:00:00 PM,10/30/2023 3:00:00 PM,SERC,WEST,EKPC,EKPC,1499.040,False
10/30/2023 8:00:00 PM,10/30/2023 4:00:00 PM,SERC,WEST,EKPC,EKPC,1543.769,False
10/30/2023 9:00:00 PM,10/30/2023 5:00:00 PM,SERC,WEST,EKPC,EKPC,1548.318,False
10/30/2023 10:00:00 PM,10/30/2023 6:00:00 PM,SERC,WEST,EKPC,EKPC,1592.887,False
10/30/2023 11:00:00 PM,10/30/2023 7:00:00 PM,SERC,WEST,EKPC,EKPC,1665.499,False
10/31/2023 12:00:00 AM,10/30/2023 8:00:00 PM,SERC,WEST,EKPC,EKPC,1625.551,False
10/31/2023 1:00:00 AM,10/30/2023 9:00:00 PM,SERC,WEST,EKPC,EKPC,1582.236,False
10/31/2023 2:00:00 AM,10/30/2023 10:00:00 PM,SERC,WEST,EKPC,EKPC,1592.453,False
10/31/2023 3:00:00 AM,10/30/2023 11:00:00 PM,SERC,WEST,EKPC,EKPC,1490.351,False
10/31/2023 4:00:00 AM,10/31/2023 12:00:00 AM,SERC,WEST,EKPC,EKPC,1374.263,False
10/31/2023 5:00:00 AM,10/31/2023 1:00:00 AM,SERC,WEST,EKPC,EKPC,1529.873,False
10/31/2023 6:00:00 AM,10/31/2023 2:00:00 AM,SERC,WEST,EKPC,EKPC,1552.393,False
10/31/2023 7:00:00 AM,10/31/2023 3:00:00 AM,SERC,WEST,EKPC,EKPC,1579.276,False
10/31/2023 8:00:00 AM,10/31/2023 4:00:00 AM,SERC,WEST,EKPC,EKPC,1691.870,False
10/31/2023 9:00:00 AM,10/31/2023 5:00:00 AM,SERC,WEST,EKPC,EKPC,1816.799,False
10/31/2023 10:00:00 AM,10/31/2023 6:00:00 AM,SERC,WEST,EKPC,EKPC,1966.516,False
10/31/2023 11:00:00 AM,10/31/2023 7:00:00 AM,SERC,WEST,EKPC,EKPC,1952.726,False
10/31/2023 12:00:00 PM,10/31/2023 8:00:00 AM,SERC,WEST,EKPC,EKPC,2007.123,False
10/31/2023 1:00:00 PM,10/31/2023 9:00:00 AM,SERC,WEST,EKPC,EKPC,1964.412,False
10/31/2023 2:00:00 PM,10/31/2023 10:00:00 AM,SERC,WEST,EKPC,EKPC,1830.116,False
10/31/2023 3:00:00 PM,10/31/2023 11:00:00 AM,SERC,WEST,EKPC,EKPC,1754.263,False
10/31/2023 4:00:00 PM,10/31/2023 12:00:00 PM,SERC,WEST,EKPC,EKPC,1635.628,False
10/31/2023 5:00:00 PM,10/31/2023 1:00:00 PM,SERC,WEST,EKPC,EKPC,1584.599,False
10/31/2023 6:00:00 PM,10/31/2023 2:00:00 PM,SERC,WEST,EKPC,EKPC,1520.245,False
10/31/2023 7:00:00 PM,10/31/2023 3:00:00 PM,SERC,WEST,EKPC,EKPC,1425.759,False
10/31/2023 8:00:00 PM,10/31/2023 4:00:00 PM,SERC,WEST,EKPC,EKPC,1462.521,False
10/31/2023 9:00:00 PM,10/31/2023 5:00:00 PM,SERC,WEST,EKPC,EKPC,1540.154,False
10/31/2023 10:00:00 PM,10/31/2023 6:00:00 PM,SERC,WEST,EKPC,EKPC,1650.977,False
10/31/2023 11:00:00 PM,10/31/2023 7:00:00 PM,SERC,WEST,EKPC,EKPC,1726.521,False
11/1/2023 12:00:00 AM,10/31/2023 8:00:00 PM,SERC,WEST,EKPC,EKPC,1892.231,False
11/1/2023 1:00:00 AM,10/31/2023 9:00:00 PM,SERC,WEST,EKPC,EKPC,1873.148,False
11/1/2023 2:00:00 AM,10/31/2023 10:00:00 PM,SERC,WEST,EKPC,EKPC,1727.571,False
11/1/2023 3:00:00 AM,10/31/2023 11:00:00 PM,SERC,WEST,EKPC,EKPC,1747.652,False
11/1/2023 4:00:00 AM,11/1/2023 12:00:00 AM,SERC,WEST,EKPC,EKPC,1686.862,True
11/1/2023 5:00:00 AM,11/1/2023 1:00:00 AM,SERC,WEST,EKPC,EKPC,1671.332,True
11/1/2023 6:00:00 AM,11/1/2023 2:00:00 AM,SERC,WEST,EKPC,EKPC,1696.070,True
11/1/2023 7:00:00 AM,11/1/2023 3:00:00 AM,SERC,WEST,EKPC,EKPC,1747.786,True
11/1/2023 8:00:00 AM,11/1/2023 4:00:00 AM,SERC,WEST,EKPC,EKPC,1778.658,True
11/1/2023 9:00:00 AM,11/1/2023 5:00:00 AM,SERC,WEST,EKPC,EKPC,1885.612,True
11/1/2023 10:00:00 AM,11/1/2023 6:00:00 AM,SERC,WEST,EKPC,EKPC,2007.841,True
11/1/2023 11:00:00 AM,11/1/2023 7:00:00 AM,SERC,WEST,EKPC,EKPC,2044.537,True
11/1/2023 12:00:00 PM,11/1/2023 8:00:00 AM,SERC,WEST,EKPC,EKPC,2005.061,True
11/1/2023 1:00:00 PM,11/1/2023 9:00:00 AM,SERC,WEST,EKPC,EKPC,1943.631,True
11/1/2023 2:00:00 PM,11/1/2023 10:00:00 AM,SERC,WEST,EKPC,EKPC,1820.678,True
11/1/2023 3:00:00 PM,11/1/2023 11:00:00 AM,SERC,WEST,EKPC,EKPC,1686.784,True
11/1/2023 4:00:00 PM,11/1/2023 12:00:00 PM,SERC,WEST,EKPC,EKPC,1555.126,True
11/1/2023 5:00:00 PM,11/1/2023 1:00:00 PM,SERC,WEST,EKPC,EKPC,1448.830,True
11/1/2023 6:00:00 PM,11/1/2023 2:00:00 PM,SERC,WEST,EKPC,EKPC,1388.626,True
11/1/2023 7:00:00 PM,11/1/2023 3:00:00 PM,SERC,WEST,EKPC,EKPC,1362.805,True
11/1/2023 8:00:00 PM,11/1/2023 4:00:00 PM,SERC,WEST,EKPC,EKPC,1372.965,True
11/1/2023 9:00:00 PM,11/1/2023 5:00:00 PM,SERC,WEST,EKPC,EKPC,1463.798,True
11/1/2023 10:00:00 PM,11/1/2023 6:00:00 PM,SERC,WEST,EKPC,EKPC,1589.062,True
11/1/2023 11:00:00 PM,11/1/2023 7:00:00 PM,SERC,WEST,EKPC,EKPC,1714.482,True
11/2/2023 12:00:00 AM,11/1/2023 8:00:00 PM,SERC,WEST,EKPC,EKPC,1804.664,True
11/2/2023 1:00:00 AM,11/1/2023 9:00:00 PM,SERC,WEST,EKPC,EKPC,1790.319,True
11/2/2023 2:00:00 AM,11/1/2023 10:00:00 PM,SERC,WEST,EKPC,EKPC,1777.806,True
11/2/2023 3:00:00 AM,11/1/2023 11:00:00 PM,SERC,WEST,EKPC,EKPC,1797.561,True
11/2/2023 4:00:00 AM,11/2/2023 12:00:00 AM,SERC,WEST,EKPC,EKPC,1781.691,True
11/2/2023 5:00:00 AM,11/2/2023 1:00:00 AM,SERC,WEST,EKPC,EKPC,1802.036,True
11/2/2023 6:00:00 AM,11/2/2023 2:00:00 AM,SERC,WEST,EKPC,EKPC,1933.697,True
11/2/2023 7:00:00 AM,11/2/2023 3:00:00 AM,SERC,WEST,EKPC,EKPC,1957.717,True
11/2/2023 8:00:00 AM,11/2/2023 4:00:00 AM,SERC,WEST,EKPC,EKPC,1989.908,True
11/2/2023 9:00:00 AM,11/2/2023 5:00:00 AM,SERC,WEST,EKPC,EKPC,2172.075,True
11/2/2023 10:00:00 AM,11/2/2023 6:00:00 AM,SERC,WEST,EKPC,EKPC,2362.122,True
11/2/2023 11:00:00 AM,11/2/2023 7:00:00 AM,SERC,WEST,EKPC,EKPC,2369.834,True
11/2/2023 12:00:00 PM,11/2/2023 8:00:00 AM,SERC,WEST,EKPC,EKPC,2306.401,True
11/2/2023 1:00:00 PM,11/2/2023 9:00:00 AM,SERC,WEST,EKPC,EKPC,2172.001,True
11/2/2023 2:00:00 PM,11/2/2023 10:00:00 AM,SERC,WEST,EKPC,EKPC,2005.481,True
11/2/2023 3:00:00 PM,11/2/2023 11:00:00 AM,SERC,WEST,EKPC,EKPC,1739.676,True
11/2/2023 4:00:00 PM,11/2/2023 12:00:00 PM,SERC,WEST,EKPC,EKPC,1669.663,True
11/2/2023 5:00:00 PM,11/2/2023 1:00:00 PM,SERC,WEST,EKPC,EKPC,1532.882,True
11/2/2023 6:00:00 PM,11/2/2023 2:00:00 PM,SERC,WEST,EKPC,EKPC,1375.139,True
11/2/2023 7:00:00 PM,11/2/2023 3:00:00 PM,SERC,WEST,EKPC,EKPC,1422.560,True
11/2/2023 8:00:00 PM,11/2/2023 4:00:00 PM,SERC,WEST,EKPC,EKPC,1351.874,True
11/2/2023 9:00:00 PM,11/2/2023 5:00:00 PM,SERC,WEST,EKPC,EKPC,1386.516,True
11/2/2023 10:00:00 PM,11/2/2023 6:00:00 PM,SERC,WEST,EKPC,EKPC,1542.664,True
11/2/2023 11:00:00 PM,11/2/2023 7:00:00 PM,SERC,WEST,EKPC,EKPC,1720.024,True
11/3/2023 12:00:00 AM,11/2/2023 8:00:00 PM,SERC,WEST,EKPC,EKPC,1806.655,True
11/3/2023 1:00:00 AM,11/2/2023 9:00:00 PM,SERC,WEST,EKPC,EKPC,1767.154,True
11/3/2023 2:00:00 AM,11/2/2023 10:00:00 PM,SERC,WEST,EKPC,EKPC,1772.487,True
11/3/2023 3:00:00 AM,11/2/2023 11:00:00 PM,SERC,WEST,EKPC,EKPC,1718.956,True
11/3/2023 4:00:00 AM,11/3/2023 12:00:00 AM,SERC,WEST,EKPC,EKPC,1703.239,True
11/3/2023 5:00:00 AM,11/3/2023 1:00:00 AM,SERC,WEST,EKPC,EKPC,1713.323,True
11/3/2023 6:00:00 AM,11/3/2023 2:00:00 AM,SERC,WEST,EKPC,EKPC,1703.195,True
11/3/2023 7:00:00 AM,11/3/2023 3:00:00 AM,SERC,WEST,EKPC,EKPC,1722.502,True
11/3/2023 8:00:00 AM,11/3/2023 4:00:00 AM,SERC,WEST,EKPC,EKPC,1801.717,True
11/3/2023 9:00:00 AM,11/3/2023 5:00:00 AM,SERC,WEST,EKPC,EKPC,1926.727,True
11/3/2023 10:00:00 AM,11/3/2023 6:00:00 AM,SERC,WEST,EKPC,EKPC,1993.718,True
11/3/2023 11:00:00 AM,11/3/2023 7:00:00 AM,SERC,WEST,EKPC,EKPC,1948.115,True
11/3/2023 12:00:00 PM,11/3/2023 8:00:00 AM,SERC,WEST,EKPC,EKPC,1915.233,True
11/3/2023 1:00:00 PM,11/3/2023 9:00:00 AM,SERC,WEST,EKPC,EKPC,1816.163,True
11/3/2023 2:00:00 PM,11/3/2023 10:00:00 AM,SERC,WEST,EKPC,EKPC,1727.134,True
11/3/2023 3:00:00 PM,11/3/2023 11:00:00 AM,SERC,WEST,EKPC,EKPC,1632.109,True
11/3/2023 4:00:00 PM,11/3/2023 12:00:00 PM,SERC,WEST,EKPC,EKPC,1464.645,True
11/3/2023 5:00:00 PM,11/3/2023 1:00:00 PM,SERC,WEST,EKPC,EKPC,1377.674,True
11/3/2023 6:00:00 PM,11/3/2023 2:00:00 PM,SERC,WEST,EKPC,EKPC,1271.598,True
11/3/2023 7:00:00 PM,11/3/2023 3:00:00 PM,SERC,WEST,EKPC,EKPC,1231.119,True
11/3/2023 8:00:00 PM,11/3/2023 4:00:00 PM,SERC,WEST,EKPC,EKPC,1294.301,True
11/3/2023 9:00:00 PM,11/3/2023 5:00:00 PM,SERC,WEST,EKPC,EKPC,1430.278,True
11/3/2023 10:00:00 PM,11/3/2023 6:00:00 PM,SERC,WEST,EKPC,EKPC,1440.382,True
11/3/2023 11:00:00 PM,11/3/2023 7:00:00 PM,SERC,WEST,EKPC,EKPC,1517.829,True
11/4/2023 12:00:00 AM,11/3/2023 8:00:00 PM,SERC,WEST,EKPC,EKPC,1604.882,True
11/4/2023 1:00:00 AM,11/3/2023 9:00:00 PM,SERC,WEST,EKPC,EKPC,1565.183,True
11/4/2023 2:00:00 AM,11/3/2023 10:00:00 PM,SERC,WEST,EKPC,EKPC,1552.805,True
11/4/2023 3:00:00 AM,11/3/2023 11:00:00 PM,SERC,WEST,EKPC,EKPC,1525.728,True
11/4/2023 4:00:00 AM,11/4/2023 12:00:00 AM,SERC,WEST,EKPC,EKPC,1416.935,True
11/4/2023 5:00:00 AM,11/4/2023 1:00:00 AM,SERC,WEST,EKPC,EKPC,1408.314,True
11/4/2023 6:00:00 AM,11/4/2023 2:00:00 AM,SERC,WEST,EKPC,EKPC,1446.130,True
11/4/2023 7:00:00 AM,11/4/2023 3:00:00 AM,SERC,WEST,EKPC,EKPC,1522.640,True
11/4/2023 8:00:00 AM,11/4/2023 4:00:00 AM,SERC,WEST,EKPC,EKPC,1516.605,True
11/4/2023 9:00:00 AM,11/4/2023 5:00:00 AM,SERC,WEST,EKPC,EKPC,1494.870,True
11/4/2023 10:00:00 AM,11/4/2023 6:00:00 AM,SERC,WEST,EKPC,EKPC,1557.820,True
11/4/2023 11:00:00 AM,11/4/2023 7:00:00 AM,SERC,WEST,EKPC,EKPC,1523.633,True
11/4/2023 12:00:00 PM,11/4/2023 8:00:00 AM,SERC,WEST,EKPC,EKPC,1545.678,True
11/4/2023 1:00:00 PM,11/4/2023 9:00:00 AM,SERC,WEST,EKPC,EKPC,1484.610,True
11/4/2023 2:00:00 PM,11/4/2023 10:00:00 AM,SERC,WEST,EKPC,EKPC,1533.956,True
11/4/2023 3:00:00 PM,11/4/2023 11:00:00 AM,SERC,WEST,EKPC,EKPC,1543.548,True
11/4/2023 4:00:00 PM,11/4/2023 12:00:00 PM,SERC,WEST,EKPC,EKPC,1451.689,True
11/4/2023 5:00:00 PM,11/4/2023 1:00:00 PM,SERC,WEST,EKPC,EKPC,1362.958,True
11/4/2023 6:00:00 PM,11/4/2023 2:00:00 PM,SERC,WEST,EKPC,EKPC,1335.122,True
11/4/2023 7:00:00 PM,11/4/2023 3:00:00 PM,SERC,WEST,EKPC,EKPC,1287.399,True
11/4/2023 8:00:00 PM,11/4/2023 4:00:00 PM,SERC,WEST,EKPC,EKPC,1352.216,True
11/4/2023 9:00:00 PM,11/4/2023 5:00:00 PM,SERC,WEST,EKPC,EKPC,1363.369,True
11/4/2023 10:00:00 PM,11/4/2023 6:00:00 PM,SERC,WEST,EKPC,EKPC,1369.227,True
11/4/2023 11:00:00 PM,11/4/2023 7:00:00 PM,SERC,WEST,EKPC,EKPC,1438.427,True
11/5/2023 12:00:00 AM,11/4/2023 8:00:00 PM,SERC,WEST,EKPC,EKPC,1415.930,True
11/5/2023 1:00:00 AM,11/4/2023 9:00:00 PM,SERC,WEST,EKPC,EKPC,1326.330,True
11/5/2023 2:00:00 AM,11/4/2023 10:00:00 PM,SERC,WEST,EKPC,EKPC,1333.521,True
11/5/2023 3:00:00 AM,11/4/2023 11:00:00 PM,SERC,WEST,EKPC,EKPC,1307.017,True
11/5/2023 4:00:00 AM,11/5/2023 12:00:00 AM,SERC,WEST,EKPC,EKPC,1241.661,True
11/5/2023 5:00:00 AM,11/5/2023 1:00:00 AM,SERC,WEST,EKPC,EKPC,1179.060,True
11/5/2023 6:00:00 AM,11/5/2023 1:00:00 AM,SERC,WEST,EKPC,EKPC,1185.789,True
11/5/2023 7:00:00 AM,11/5/2023 2:00:00 AM,SERC,WEST,EKPC,EKPC,1103.537,True
11/5/2023 8:00:00 AM,11/5/2023 3:00:00 AM,SERC,WEST,EKPC,EKPC,1118.136,True
11/5/2023 9:00:00 AM,11/5/2023 4:00:00 AM,SERC,WEST,EKPC,EKPC,1140.595,True
11/5/2023 10:00:00 AM,11/5/2023 5:00:00 AM,SERC,WEST,EKPC,EKPC,1200.459,True
11/5/2023 11:00:00 AM,11/5/2023 6:00:00 AM,SERC,WEST,EKPC,EKPC,1252.197,True
11/5/2023 12:00:00 PM,11/5/2023 7:00:00 AM,SERC,WEST,EKPC,EKPC,1345.110,True
11/5/2023 1:00:00 PM,11/5/2023 8:00:00 AM,SERC,WEST,EKPC,EKPC,1365.513,True
11/5/2023 2:00:00 PM,11/5/2023 9:00:00 AM,SERC,WEST,EKPC,EKPC,1337.737,True
11/5/2023 3:00:00 PM,11/5/2023 10:00:00 AM,SERC,WEST,EKPC,EKPC,1271.375,True
11/5/2023 4:00:00 PM,11/5/2023 11:00:00 AM,SERC,WEST,EKPC,EKPC,1210.488,True
11/5/2023 5:00:00 PM,11/5/2023 12:00:00 PM,SERC,WEST,EKPC,EKPC,1300.849,True
11/5/2023 6:00:00 PM,11/5/2023 1:00:00 PM,SERC,WEST,EKPC,EKPC,1308.730,True
11/5/2023 7:00:00 PM,11/5/2023 2:00:00 PM,SERC,WEST,EKPC,EKPC,1295.557,True
11/5/2023 8:00:00 PM,11/5/2023 3:00:00 PM,SERC,WEST,EKPC,EKPC,1351.895,True
11/5/2023 9:00:00 PM,11/5/2023 4:00:00 PM,SERC,WEST,EKPC,EKPC,1381.394,True
11/5/2023 10:00:00 PM,11/5/2023 5:00:00 PM,SERC,WEST,EKPC,EKPC,1448.991,True
11/5/2023 11:00:00 PM,11/5/2023 6:00:00 PM,SERC,WEST,EKPC,EKPC,1471.659,True
11/6/2023 12:00:00 AM,11/5/2023 7:00:00 PM,SERC,WEST,EKPC,EKPC,1518.811,True
11/6/2023 1:00:00 AM,11/5/2023 8:00:00 PM,SERC,WEST,EKPC,EKPC,1451.419,True
11/6/2023 2:00:00 AM,11/5/2023 9:00:00 PM,SERC,WEST,EKPC,EKPC,1464.449,True
11/6/2023 3:00:00 AM,11/5/2023 10:00:00 PM,SERC,WEST,EKPC,EKPC,1366.426,True
11/6/2023 4:00:00 AM,11/5/2023 11:00:00 PM,SERC,WEST,EKPC,EKPC,1410.142,True
11/6/2023 5:00:00 AM,11/6/2023 12:00:00 AM,SERC,WEST,EKPC,EKPC,1391.206,True
11/6/2023 6:00:00 AM,11/6/2023 1:00:00 AM,SERC,WEST,EKPC,EKPC,1357.585,True
11/6/2023 7:00:00 AM,11/6/2023 2:00:00 AM,SERC,WEST,EKPC,EKPC,1444.008,True
11/6/2023 8:00:00 AM,11/6/2023 3:00:00 AM,SERC,WEST,EKPC,EKPC,1543.738,True
11/6/2023 9:00:00 AM,11/6/2023 4:00:00 AM,SERC,WEST,EKPC,EKPC,1598.290,True
11/6/2023 10:00:00 AM,11/6/2023 5:00:00 AM,SERC,WEST,EKPC,EKPC,1708.074,True
11/6/2023 11:00:00 AM,11/6/2023 6:00:00 AM,SERC,WEST,EKPC,EKPC,1839.374,True
11/6/2023 12:00:00 PM,11/6/2023 7:00:00 AM,SERC,WEST,EKPC,EKPC,1886.435,True
11/6/2023 1:00:00 PM,11/6/2023 8:00:00 AM,SERC,WEST,EKPC,EKPC,1828.841,True
11/6/2023 2:00:00 PM,11/6/2023 9:00:00 AM,SERC,WEST,EKPC,EKPC,1683.863,True
11/6/2023 3:00:00 PM,11/6/2023 10:00:00 AM,SERC,WEST,EKPC,EKPC,1574.417,True
11/6/2023 4:00:00 PM,11/6/2023 11:00:00 AM,SERC,WEST,EKPC,EKPC,1475.253,True
11/6/2023 5:00:00 PM,11/6/2023 12:00:00 PM,SERC,WEST,EKPC,EKPC,1328.034,True
11/6/2023 6:00:00 PM,11/6/2023 1:00:00 PM,SERC,WEST,EKPC,EKPC,1277.245,True
11/6/2023 7:00:00 PM,11/6/2023 2:00:00 PM,SERC,WEST,EKPC,EKPC,1311.030,True
11/6/2023 8:00:00 PM,11/6/2023 3:00:00 PM,SERC,WEST,EKPC,EKPC,1407.927,True
11/6/2023 9:00:00 PM,11/6/2023 4:00:00 PM,SERC,WEST,EKPC,EKPC,1392.789,True
11/6/2023 10:00:00 PM,11/6/2023 5:00:00 PM,SERC,WEST,EKPC,EKPC,1484.060,True
11/6/2023 11:00:00 PM,11/6/2023 6:00:00 PM,SERC,WEST,EKPC,EKPC,1447.601,True
11/7/2023 12:00:00 AM,11/6/2023 7:00:00 PM,SERC,WEST,EKPC,EKPC,1532.968,True
11/7/2023 1:00:00 AM,11/6/2023 8:00:00 PM,SERC,WEST,EKPC,EKPC,1493.177,True
11/7/2023 2:00:00 AM,11/6/2023 9:00:00 PM,SERC,WEST,EKPC,EKPC,1381.152,True
11/7/2023 3:00:00 AM,11/6/2023 10:00:00 PM,SERC,WEST,EKPC,EKPC,1336.055,True
11/7/2023 4:00:00 AM,11/6/2023 11:00:00 PM,SERC,WEST,EKPC,EKPC,1302.147,True
11/7/2023 5:00:00 AM,11/7/2023 12:00:00 AM,SERC,WEST,EKPC,EKPC,1259.925,True
11/7/2023 6:00:00 AM,11/7/2023 1:00:00 AM,SERC,WEST,EKPC,EKPC,1187.540,True
11/7/2023 7:00:00 AM,11/7/2023 2:00:00 AM,SERC,WEST,EKPC,EKPC,1095.980,True
11/7/2023 8:00:00 AM,11/7/2023 3:00:00 AM,SERC,WEST,EKPC,EKPC,1241.121,True
11/7/2023 9:00:00 AM,11/7/2023 4:00:00 AM,SERC,WEST,EKPC,EKPC,1234.897,True
11/7/2023 10:00:00 AM,11/7/2023 5:00:00 AM,SERC,WEST,EKPC,EKPC,1301.032,True
11/7/2023 11:00:00 AM,11/7/2023 6:00:00 AM,SERC,WEST,EKPC,EKPC,1387.303,True
11/7/2023 12:00:00 PM,11/7/2023 7:00:00 AM,SERC,WEST,EKPC,EKPC,1428.501,True
11/7/2023 1:00:00 PM,11/7/2023 8:00:00 AM,SERC,WEST,EKPC,EKPC,1405.405,True
11/7/2023 2:00:00 PM,11/7/2023 9:00:00 AM,SERC,WEST,EKPC,EKPC,1431.820,True
11/7/2023 3:00:00 PM,11/7/2023 10:00:00 AM,SERC,WEST,EKPC,EKPC,1360.645,True
11/7/2023 4:00:00 PM,11/7/2023 11:00:00 AM,SERC,WEST,EKPC,EKPC,1411.414,True
11/7/2023 5:00:00 PM,11/7/2023 12:00:00 PM,SERC,WEST,EKPC,EKPC,1445.095,True
11/7/2023 6:00:00 PM,11/7/2023 1:00:00 PM,SERC,WEST,EKPC,EKPC,1440.648,True
11/7/2023 7:00:00 PM,11/7/2023 2:00:00 PM,SERC,WEST,EKPC,EKPC,1369.580,True
11/7/2023 8:00:00 PM,11/7/2023 3:00:00 PM,SERC,WEST,EKPC,EKPC,1315.537,True
11/7/2023 9:00:00 PM,11/7/2023 4:00:00 PM,SERC,WEST,EKPC,EKPC,1421.651,True
11/7/2023 10:00:00 PM,11/7/2023 5:00:00 PM,SERC,WEST,EKPC,EKPC,1511.647,True
11/7/2023 11:00:00 PM,11/7/2023 6:00:00 PM,SERC,WEST,EKPC,EKPC,1558.933,True
11/8/2023 12:00:00 AM,11/7/2023 7:00:00 PM,SERC,WEST,EKPC,EKPC,1572.101,True
11/8/2023 1:00:00 AM,11/7/2023 8:00:00 PM,SERC,WEST,EKPC,EKPC,1510.935,True
11/8/2023 2:00:00 AM,11/7/2023 9:00:00 PM,SERC,WEST,EKPC,EKPC,1427.614,True
11/8/2023 3:00:00 AM,11/7/2023 10:00:00 PM,SERC,WEST,EKPC,EKPC,1285.720,True
11/8/2023 4:00:00 AM,11/7/2023 11:00:00 PM,SERC,WEST,EKPC,EKPC,1121.843,True
11/8/2023 5:00:00 AM,11/8/2023 12:00:00 AM,SERC,WEST,EKPC,EKPC,1039.237,True
11/8/2023 6:00:00 AM,11/8/2023 1:00:00 AM,SERC,WEST,EKPC,EKPC,1065.828,True
11/8/2023 7:00:00 AM,11/8/2023 2:00:00 AM,SERC,WEST,EKPC,EKPC,1080.364,True
11/8/2023 8:00:00 AM,11/8/2023 3:00:00 AM,SERC,WEST,EKPC,EKPC,1051.096,True
11/8/2023 9:00:00 AM,11/8/2023 4:00:00 AM,SERC,WEST,EKPC,EKPC,1072.222,True
11/8/2023 10:00:00 AM,11/8/2023 5:00:00 AM,SERC,WEST,EKPC,EKPC,1163.935,True
11/8/2023 11:00:00 AM,11/8/2023 6:00:00 AM,SERC,WEST,EKPC,EKPC,1293.232,True
11/8/2023 12:00:00 PM,11/8/2023 7:00:00 AM,SERC,WEST,EKPC,EKPC,1306.728,True
11/8/2023 1:00:00 PM,11/8/2023 8:00:00 AM,SERC,WEST,EKPC,EKPC,1298.970,True
11/8/2023 2:00:00 PM,11/8/2023 9:00:00 AM,SERC,WEST,EKPC,EKPC,1278.235,True
11/8/2023 3:00:00 PM,11/8/2023 10:00:00 AM,SERC,WEST,EKPC,EKPC,1240.536,True
11/8/2023 4:00:00 PM,11/8/2023 11:00:00 AM,SERC,WEST,EKPC,EKPC,1258.303,True
11/8/2023 5:00:00 PM,11/8/2023 12:00:00 PM,SERC,WEST,EKPC,EKPC,1273.208,True
11/8/2023 6:00:00 PM,11/8/2023 1:00:00 PM,SERC,WEST,EKPC,EKPC,1326.222,True
11/8/2023 7:00:00 PM,11/8/2023 2:00:00 PM,SERC,WEST,EKPC,EKPC,1336.472,True
11/8/2023 8:00:00 PM,11/8/2023 3:00:00 PM,SERC,WEST,EKPC,EKPC,1375.420,True
11/8/2023 9:00:00 PM,11/8/2023 4:00:00 PM,SERC,WEST,EKPC,EKPC,1412.488,True
11/8/2023 10:00:00 PM,11/8/2023 5:00:00 PM,SERC,WEST,EKPC,EKPC,1476.050,True
11/8/2023 11:00:00 PM,11/8/2023 6:00:00 PM,SERC,WEST,EKPC,EKPC,1564.644,True
11/9/2023 12:00:00 AM,11/8/2023 7:00:00 PM,SERC,WEST,EKPC,EKPC,1618.588,True
11/9/2023 1:00:00 AM,11/8/2023 8:00:00 PM,SERC,WEST,EKPC,EKPC,1541.483,True
11/9/2023 2:00:00 AM,11/8/2023 9:00:00 PM,SERC,WEST,EKPC,EKPC,1378.243,True
11/9/2023 3:00:00 AM,11/8/2023 10:00:00 PM,SERC,WEST,EKPC,EKPC,1277.915,True
11/9/2023 4:00:00 AM,11/8/2023 11:00:00 PM,SERC,WEST,EKPC,EKPC,1236.084,True
11/9/2023 5:00:00 AM,11/9/2023 12:00:00 AM,SERC,WEST,EKPC,EKPC,1219.099,True
11/9/2023 6:00:00 AM,11/9/2023 1:00:00 AM,SERC,WEST,EKPC,EKPC,1206.665,True
11/9/2023 7:00:00 AM,11/9/2023 2:00:00 AM,SERC,WEST,EKPC,EKPC,1184.195,True
11/9/2023 8:00:00 AM,11/9/2023 3:00:00 AM,SERC,WEST,EKPC,EKPC,1049.290,True
11/9/2023 9:00:00 AM,11/9/2023 4:00:00 AM,SERC,WEST,EKPC,EKPC,1175.337,True
11/9/2023 10:00:00 AM,11/9/2023 5:00:00 AM,SERC,WEST,EKPC,EKPC,1268.017,True
11/9/2023 11:00:00 AM,11/9/2023 6:00:00 AM,SERC,WEST,EKPC,EKPC,1421.461,True
11/9/2023 12:00:00 PM,11/9/2023 7:00:00 AM,SERC,WEST,EKPC,EKPC,1316.988,True
11/9/2023 1:00:00 PM,11/9/2023 8:00:00 AM,SERC,WEST,EKPC,EKPC,1270.518,True
11/9/2023 2:00:00 PM,11/9/2023 9:00:00 AM,SERC,WEST,EKPC,EKPC,1292.053,True
11/9/2023 3:00:00 PM,11/9/2023 10:00:00 AM,SERC,WEST,EKPC,EKPC,1266.260,True
11/9/2023 4:00:00 PM,11/9/2023 11:00:00 AM,SERC,WEST,EKPC,EKPC,1278.542,True
11/9/2023 5:00:00 PM,11/9/2023 12:00:00 PM,SERC,WEST,EKPC,EKPC,1285.780,True
11/9/2023 6:00:00 PM,11/9/2023 1:00:00 PM,SERC,WEST,EKPC,EKPC,1275.841,True
11/9/2023 7:00:00 PM,11/9/2023 2:00:00 PM,SERC,WEST,EKPC,EKPC,1236.742,True
11/9/2023 8:00:00 PM,11/9/2023 3:00:00 PM,SERC,WEST,EKPC,EKPC,1296.102,True
11/9/2023 9:00:00 PM,11/9/2023 4:00:00 PM,SERC,WEST,EKPC,EKPC,1366.741,True
11/9/2023 10:00:00 PM,11/9/2023 5:00:00 PM,SERC,WEST,EKPC,EKPC,1426.446,True
11/9/2023 11:00:00 PM,11/9/2023 6:00:00 PM,SERC,WEST,EKPC,EKPC,1498.433,True
11/10/2023 12:00:00 AM,11/9/2023 7:00:00 PM,SERC,WEST,EKPC,EKPC,1375.910,True
11/10/2023 1:00:00 AM,11/9/2023 8:00:00 PM,SERC,WEST,EKPC,EKPC,1375.066,True
11/10/2023 2:00:00 AM,11/9/2023 9:00:00 PM,SERC,WEST,EKPC,EKPC,1412.250,True
11/10/2023 3:00:00 AM,11/9/2023 10:00:00 PM,SERC,WEST,EKPC,EKPC,1322.413,True
11/10/2023 4:00:00 AM,11/9/2023 11:00:00 PM,SERC,WEST,EKPC,EKPC,1229.153,True
11/10/2023 5:00:00 AM,11/10/2023 12:00:00 AM,SERC,WEST,EKPC,EKPC,1182.714,True
11/10/2023 6:00:00 AM,11/10/2023 1:00:00 AM,SERC,WEST,EKPC,EKPC,1175.079,True
11/10/2023 7:00:00 AM,11/10/2023 2:00:00 AM,SERC,WEST,EKPC,EKPC,1181.370,True
11/10/2023 8:00:00 AM,11/10/2023 3:00:00 AM,SERC,WEST,EKPC,EKPC,1199.494,True
11/10/2023 9:00:00 AM,11/10/2023 4:00:00 AM,SERC,WEST,EKPC,EKPC,1181.252,True
11/10/2023 10:00:00 AM,11/10/2023 5:00:00 AM,SERC,WEST,EKPC,EKPC,1298.299,True
11/10/2023 11:00:00 AM,11/10/2023 6:00:00 AM,SERC,WEST,EKPC,EKPC,1457.197,True
11/10/2023 12:00:00 PM,11/10/2023 7:00:00 AM,SERC,WEST,EKPC,EKPC,1471.724,True
11/10/2023 1:00:00 PM,11/10/2023 8:00:00 AM,SERC,WEST,EKPC,EKPC,1501.758,True
11/10/2023 2:00:00 PM,11/10/2023 9:00:00 AM,SERC,WEST,EKPC,EKPC,1537.499,True
11/10/2023 3:00:00 PM,11/10/2023 10:00:00 AM,SERC,WEST,EKPC,EKPC,1479.200,True
11/10/2023 4:00:00 PM,11/10/2023 11:00:00 AM,SERC,WEST,EKPC,EKPC,1454.050,True
11/10/2023 5:00:00 PM,11/10/2023 12:00:00 PM,SERC,WEST,EKPC,EKPC,1401.801,True
11/10/2023 6:00:00 PM,11/10/2023 1:00:00 PM,SERC,WEST,EKPC,EKPC,1360.141,True
11/10/2023 7:00:00 PM,11/10/2023 2:00:00 PM,SERC,WEST,EKPC,EKPC,1311.612,True
11/10/2023 8:00:00 PM,11/10/2023 3:00:00 PM,SERC,WEST,EKPC,EKPC,1259.469,True
11/10/2023 9:00:00 PM,11/10/2023 4:00:00 PM,SERC,WEST,EKPC,EKPC,1253.589,True
11/10/2023 10:00:00 PM,11/10/2023 5:00:00 PM,SERC,WEST,EKPC,EKPC,1313.755,True
11/10/2023 11:00:00 PM,11/10/2023 6:00:00 PM,SERC,WEST,EKPC,EKPC,1366.685,True
11/11/2023 12:00:00 AM,11/10/2023 7:00:00 PM,SERC,WEST,EKPC,EKPC,1396.477,True
11/11/2023 1:00:00 AM,11/10/2023 8:00:00 PM,SERC,WEST,EKPC,EKPC,1387.411,True
11/11/2023 2:00:00 AM,11/10/2023 9:00:00 PM,SERC,WEST,EKPC,EKPC,1461.082,True
11/11/2023 3:00:00 AM,11/10/2023 10:00:00 PM,SERC,WEST,EKPC,EKPC,1439.568,True
11/11/2023 4:00:00 AM,11/10/2023 11:00:00 PM,SERC,WEST,EKPC,EKPC,1381.899,True
11/11/2023 5:00:00 AM,11/11/2023 12:00:00 AM,SERC,WEST,EKPC,EKPC,1391.220,True
11/11/2023 6:00:00 AM,11/11/2023 1:00:00 AM,SERC,WEST,EKPC,EKPC,1410.332,True
11/11/2023 7:00:00 AM,11/11/2023 2:00:00 AM,SERC,WEST,EKPC,EKPC,1445.989,True
11/11/2023 8:00:00 AM,11/11/2023 3:00:00 AM,SERC,WEST,EKPC,EKPC,1464.945,True
11/11/2023 9:00:00 AM,11/11/2023 4:00:00 AM,SERC,WEST,EKPC,EKPC,1508.015,True
11/11/2023 10:00:00 AM,11/11/2023 5:00:00 AM,SERC,WEST,EKPC,EKPC,1540.067,True
11/11/2023 11:00:00 AM,11/11/2023 6:00:00 AM,SERC,WEST,EKPC,EKPC,1623.370,True
11/11/2023 12:00:00 PM,11/11/2023 7:00:00 AM,SERC,WEST,EKPC,EKPC,1657.461,True
11/11/2023 1:00:00 PM,11/11/2023 8:00:00 AM,SERC,WEST,EKPC,EKPC,1702.704,True
11/11/2023 2:00:00 PM,11/11/2023 9:00:00 AM,SERC,WEST,EKPC,EKPC,1620.887,True
11/11/2023 3:00:00 PM,11/11/2023 10:00:00 AM,SERC,WEST,EKPC,EKPC,1534.844,True
11/11/2023 4:00:00 PM,11/11/2023 11:00:00 AM,SERC,WEST,EKPC,EKPC,1461.256,True
11/11/2023 5:00:00 PM,11/11/2023 12:00:00 PM,SERC,WEST,EKPC,EKPC,1424.478,True
11/11/2023 6:00:00 PM,11/11/2023 1:00:00 PM,SERC,WEST,EKPC,EKPC,1351.667,True
11/11/2023 7:00:00 PM,11/11/2023 2:00:00 PM,SERC,WEST,EKPC,EKPC,1294.148,True
11/11/2023 8:00:00 PM,11/11/2023 3:00:00 PM,SERC,WEST,EKPC,EKPC,1373.871,True
11/11/2023 9:00:00 PM,11/11/2023 4:00:00 PM,SERC,WEST,EKPC,EKPC,1360.160,True
11/11/2023 10:00:00 PM,11/11/2023 5:00:00 PM,SERC,WEST,EKPC,EKPC,1460.676,True
11/11/2023 11:00:00 PM,11/11/2023 6:00:00 PM,SERC,WEST,EKPC,EKPC,1582.279,True
11/12/2023 12:00:00 AM,11/11/2023 7:00:00 PM,SERC,WEST,EKPC,EKPC,1501.849,True
11/12/2023 1:00:00 AM,11/11/2023 8:00:00 PM,SERC,WEST,EKPC,EKPC,1522.438,True
11/12/2023 2:00:00 AM,11/11/2023 9:00:00 PM,SERC,WEST,EKPC,EKPC,1535.460,True
11/12/2023 3:00:00 AM,11/11/2023 10:00:00 PM,SERC,WEST,EKPC,EKPC,1525.823,True
11/12/2023 4:00:00 AM,11/11/2023 11:00:00 PM,SERC,WEST,EKPC,EKPC,1483.776,True
11/12/2023 5:00:00 AM,11/12/2023 12:00:00 AM,SERC,WEST,EKPC,EKPC,1447.844,True
11/12/2023 6:00:00 AM,11/12/2023 1:00:00 AM,SERC,WEST,EKPC,EKPC,1482.750,True
11/12/2023 7:00:00 AM,11/12/2023 2:00:00 AM,SERC,WEST,EKPC,EKPC,1457.097,True
11/12/2023 8:00:00 AM,11/12/2023 3:00:00 AM,SERC,WEST,EKPC,EKPC,1524.509,True
11/12/2023 9:00:00 AM,11/12/2023 4:00:00 AM,SERC,WEST,EKPC,EKPC,1506.417,True
11/12/2023 10:00:00 AM,11/12/2023 5:00:00 AM,SERC,WEST,EKPC,EKPC,1617.621,True
11/12/2023 11:00:00 AM,11/12/2023 6:00:00 AM,SERC,WEST,EKPC,EKPC,1728.200,True
11/12/2023 12:00:00 PM,11/12/2023 7:00:00 AM,SERC,WEST,EKPC,EKPC,1811.117,True
11/12/2023 1:00:00 PM,11/12/2023 8:00:00 AM,SERC,WEST,EKPC,EKPC,1818.264,True
11/12/2023 2:00:00 PM,11/12/2023 9:00:00 AM,SERC,WEST,EKPC,EKPC,1686.139,True
11/12/2023 3:00:00 PM,11/12/2023 10:00:00 AM,SERC,WEST,EKPC,EKPC,1560.234,True
11/12/2023 4:00:00 PM,11/12/2023 11:00:00 AM,SERC,WEST,EKPC,EKPC,1438.589,True
11/12/2023 5:00:00 PM,11/12/2023 12:00:00 PM,SERC,WEST,EKPC,EKPC,1430.113,True
11/12/2023 6:00:00 PM,11/12/2023 1:00:00 PM,SERC,WEST,EKPC,EKPC,1261.213,True
11/12/2023 7:00:00 PM,11/12/2023 2:00:00 PM,SERC,WEST,EKPC,EKPC,1350.357,True
11/12/2023 8:00:00 PM,11/12/2023 3:00:00 PM,SERC,WEST,EKPC,EKPC,1378.239,True
11/12/2023 9:00:00 PM,11/12/2023 4:00:00 PM,SERC,WEST,EKPC,EKPC,1374.164,True
11/12/2023 10:00:00 PM,11/12/2023 5:00:00 PM,SERC,WEST,EKPC,EKPC,1485.948,True
11/12/2023 11:00:00 PM,11/12/2023 6:00:00 PM,SERC,WEST,EKPC,EKPC,1594.051,True
11/13/2023 12:00:00 AM,11/12/2023 7:00:00 PM,SERC,WEST,EKPC,EKPC,1628.382,True
11/13/2023 1:00:00 AM,11/12/2023 8:00:00 PM,SERC,WEST,EKPC,EKPC,1538.552,True
11/13/2023 2:00:00 AM,11/12/2023 9:00:00 PM,SERC,WEST,EKPC,EKPC,1613.584,True
11/13/2023 3:00:00 AM,11/12/2023 10:00:00 PM,SERC,WEST,EKPC,EKPC,1558.677,True
11/13/2023 4:00:00 AM,11/12/2023 11:00:00 PM,SERC,WEST,EKPC,EKPC,1515.439,True
11/13/2023 5:00:00 AM,11/13/2023 12:00:00 AM,SERC,WEST,EKPC,EKPC,1491.979,True
11/13/2023 6:00:00 AM,11/13/2023 1:00:00 AM,SERC,WEST,EKPC,EKPC,1602.356,True
11/13/2023 7:00:00 AM,11/13/2023 2:00:00 AM,SERC,WEST,EKPC,EKPC,1548.187,True
11/13/2023 8:00:00 AM,11/13/2023 3:00:00 AM,SERC,WEST,EKPC,EKPC,1575.789,True
11/13/2023 9:00:00 AM,11/13/2023 4:00:00 AM,SERC,WEST,EKPC,EKPC,1689.900,True
11/13/2023 10:00:00 AM,11/13/2023 5:00:00 AM,SERC,WEST,EKPC,EKPC,1815.930,True
11/13/2023 11:00:00 AM,11/13/2023 6:00:00 AM,SERC,WEST,EKPC,EKPC,2077.097,True
11/13/2023 12:00:00 PM,11/13/2023 7:00:00 AM,SERC,WEST,EKPC,EKPC,2080.436,True
11/13/2023 1:00:00 PM,11/13/2023 8:00:00 AM,SERC,WEST,EKPC,EKPC,1972.918,True
11/13/2023 2:00:00 PM,11/13/2023 9:00:00 AM,SERC,WEST,EKPC,EKPC,1818.338,True
11/13/2023 3:00:00 PM,11/13/2023 10:00:00 AM,SERC,WEST,EKPC,EKPC,1678.007,True
11/13/2023 4:00:00 PM,11/13/2023 11:00:00 AM,SERC,WEST,EKPC,EKPC,1595.608,True
11/13/2023 5:00:00 PM,11/13/2023 12:00:00 PM,SERC,WEST,EKPC,EKPC,1506.424,True
11/13/2023 6:00:00 PM,11/13/2023 1:00:00 PM,SERC,WEST,EKPC,EKPC,1471.770,True
11/13/2023 7:00:00 PM,11/13/2023 2:00:00 PM,SERC,WEST,EKPC,EKPC,1484.333,True
11/13/2023 8:00:00 PM,11/13/2023 3:00:00 PM,SERC,WEST,EKPC,EKPC,1337.083,True
11/13/2023 9:00:00 PM,11/13/2023 4:00:00 PM,SERC,WEST,EKPC,EKPC,1285.032,True
11/13/2023 10:00:00 PM,11/13/2023 5:00:00 PM,SERC,WEST,EKPC,EKPC,1523.998,True
11/13/2023 11:00:00 PM,11/13/2023 6:00:00 PM,SERC,WEST,EKPC,EKPC,1605.446,True
11/14/2023 12:00:00 AM,11/13/2023 7:00:00 PM,SERC,WEST,EKPC,EKPC,1574.470,True
11/14/2023 1:00:00 AM,11/13/2023 8:00:00 PM,SERC,WEST,EKPC,EKPC,1589.718,True
11/14/2023 2:00:00 AM,11/13/2023 9:00:00 PM,SERC,WEST,EKPC,EKPC,1564.596,True
11/14/2023 3:00:00 AM,11/13/2023 10:00:00 PM,SERC,WEST,EKPC,EKPC,1564.049,True
11/14/2023 4:00:00 AM,11/13/2023 11:00:00 PM,SERC,WEST,EKPC,EKPC,1506.786,True
11/14/2023 5:00:00 AM,11/14/2023 12:00:00 AM,SERC,WEST,EKPC,EKPC,1479.862,True
11/14/2023 6:00:00 AM,11/14/2023 1:00:00 AM,SERC,WEST,EKPC,EKPC,1549.367,True
11/14/2023 7:00:00 AM,11/14/2023 2:00:00 AM,SERC,WEST,EKPC,EKPC,1581.070,True
11/14/2023 8:00:00 AM,11/14/2023 3:00:00 AM,SERC,WEST,EKPC,EKPC,1666.503,True
11/14/2023 9:00:00 AM,11/14/2023 4:00:00 AM,SERC,WEST,EKPC,EKPC,1702.003,True
11/14/2023 10:00:00 AM,11/14/2023 5:00:00 AM,SERC,WEST,EKPC,EKPC,1877.146,True
11/14/2023 11:00:00 AM,11/14/2023 6:00:00 AM,SERC,WEST,EKPC,EKPC,2062.849,True
11/14/2023 12:00:00 PM,11/14/2023 7:00:00 AM,SERC,WEST,EKPC,EKPC,2075.092,True
11/14/2023 1:00:00 PM,11/14/2023 8:00:00 AM,SERC,WEST,EKPC,EKPC,2003.401,True
11/14/2023 2:00:00 PM,11/14/2023 9:00:00 AM,SERC,WEST,EKPC,EKPC,1852.624,True
11/14/2023 3:00:00 PM,11/14/2023 10:00:00 AM,SERC,WEST,EKPC,EKPC,1662.062,True
11/14/2023 4:00:00 PM,11/14/2023 11:00:00 AM,SERC,WEST,EKPC,EKPC,1553.681,True
11/14/2023 5:00:00 PM,11/14/2023 12:00:00 PM,SERC,WEST,EKPC,EKPC,1467.912,True
11/14/2023 6:00:00 PM,11/14/2023 1:00:00 PM,SERC,WEST,EKPC,EKPC,1468.448,True
11/14/2023 7:00:00 PM,11/14/2023 2:00:00 PM,SERC,WEST,EKPC,EKPC,1449.931,True
11/14/2023 8:00:00 PM,11/14/2023 3:00:00 PM,SERC,WEST,EKPC,EKPC,1489.024,True
11/14/2023 9:00:00 PM,11/14/2023 4:00:00 PM,SERC,WEST,EKPC,EKPC,1500.154,True
11/14/2023 10:00:00 PM,11/14/2023 5:00:00 PM,SERC,WEST,EKPC,EKPC,1644.300,True
11/14/2023 11:00:00 PM,11/14/2023 6:00:00 PM,SERC,WEST,EKPC,EKPC,1721.275,True
11/15/2023 12:00:00 AM,11/14/2023 7:00:00 PM,SERC,WEST,EKPC,EKPC,1744.881,True
11/15/2023 1:00:00 AM,11/14/2023 8:00:00 PM,SERC,WEST,EKPC,EKPC,1741.470,True
11/15/2023 2:00:00 AM,11/14/2023 9:00:00 PM,SERC,WEST,EKPC,EKPC,1731.130,True
11/15/2023 3:00:00 AM,11/14/2023 10:00:00 PM,SERC,WEST,EKPC,EKPC,1643.941,True
11/15/2023 4:00:00 AM,11/14/2023 11:00:00 PM,SERC,WEST,EKPC,EKPC,1563.092,True
11/15/2023 5:00:00 AM,11/15/2023 12:00:00 AM,SERC,WEST,EKPC,EKPC,1509.313,True
11/15/2023 6:00:00 AM,11/15/2023 1:00:00 AM,SERC,WEST,EKPC,EKPC,1546.520,True
11/15/2023 7:00:00 AM,11/15/2023 2:00:00 AM,SERC,WEST,EKPC,EKPC,1438.964,True
11/15/2023 8:00:00 AM,11/15/2023 3:00:00 AM,SERC,WEST,EKPC,EKPC,1462.794,True
11/15/2023 9:00:00 AM,11/15/2023 4:00:00 AM,SERC,WEST,EKPC,EKPC,1537.008,True
11/15/2023 10:00:00 AM,11/15/2023 5:00:00 AM,SERC,WEST,EKPC,EKPC,1595.619,True
11/15/2023 11:00:00 AM,11/15/2023 6:00:00 AM,SERC,WEST,EKPC,EKPC,1722.168,True
11/15/2023 12:00:00 PM,11/15/2023 7:00:00 AM,SERC,WEST,EKPC,EKPC,1732.417,True
11/15/2023 1:00:00 PM,11/15/2023 8:00:00 AM,SERC,WEST,EKPC,EKPC,1650.604,True
11/15/2023 2:00:00 PM,11/15/2023 9:00:00 AM,SERC,WEST,EKPC,EKPC,1521.993,True
11/15/2023 3:00:00 PM,11/15/2023 10:00:00 AM,SERC,WEST,EKPC,EKPC,1397.459,True
11/15/2023 4:00:00 PM,11/15/2023 11:00:00 AM,SERC,WEST,EKPC,EKPC,1307.013,True
11/15/2023 5:00:00 PM,11/15/2023 12:00:00 PM,SERC,WEST,EKPC,EKPC,1254.783,True
11/15/2023 6:00:00 PM,11/15/2023 1:00:00 PM,SERC,WEST,EKPC,EKPC,1218.672,True
11/15/2023 7:00:00 PM,11/15/2023 2:00:00 PM,SERC,WEST,EKPC,EKPC,1225.276,True
11/15/2023 8:00:00 PM,11/15/2023 3:00:00 PM,SERC,WEST,EKPC,EKPC,1263.810,True
11/15/2023 9:00:00 PM,11/15/2023 4:00:00 PM,SERC,WEST,EKPC,EKPC,1269.039,True
11/15/2023 10:00:00 PM,11/15/2023 5:00:00 PM,SERC,WEST,EKPC,EKPC,1406.811,True
11/15/2023 11:00:00 PM,11/15/2023 6:00:00 PM,SERC,WEST,EKPC,EKPC,1511.390,True
11/16/2023 12:00:00 AM,11/15/2023 7:00:00 PM,SERC,WEST,EKPC,EKPC,1495.848,True
11/16/2023 1:00:00 AM,11/15/2023 8:00:00 PM,SERC,WEST,EKPC,EKPC,1482.666,True
11/16/2023 2:00:00 AM,11/15/2023 9:00:00 PM,SERC,WEST,EKPC,EKPC,1460.882,True
11/16/2023 3:00:00 AM,11/15/2023 10:00:00 PM,SERC,WEST,EKPC,EKPC,1325.359,True
11/16/2023 4:00:00 AM,11/15/2023 11:00:00 PM,SERC,WEST,EKPC,EKPC,1387.243,True
11/16/2023 5:00:00 AM,11/16/2023 12:00:00 AM,SERC,WEST,EKPC,EKPC,1410.253,True
11/16/2023 6:00:00 AM,11/16/2023 1:00:00 AM,SERC,WEST,EKPC,EKPC,1422.947,True
11/16/2023 7:00:00 AM,11/16/2023 2:00:00 AM,SERC,WEST,EKPC,EKPC,1493.734,True
11/16/2023 8:00:00 AM,11/16/2023 3:00:00 AM,SERC,WEST,EKPC,EKPC,1504.898,True
11/16/2023 9:00:00 AM,11/16/2023 4:00:00 AM,SERC,WEST,EKPC,EKPC,1550.299,True
11/16/2023 10:00:00 AM,11/16/2023 5:00:00 AM,SERC,WEST,EKPC,EKPC,1670.203,True
11/16/2023 11:00:00 AM,11/16/2023 6:00:00 AM,SERC,WEST,EKPC,EKPC,1833.865,True
11/16/2023 12:00:00 PM,11/16/2023 7:00:00 AM,SERC,WEST,EKPC,EKPC,1808.538,True
11/16/2023 1:00:00 PM,11/16/2023 8:00:00 AM,SERC,WEST,EKPC,EKPC,1740.238,True
11/16/2023 2:00:00 PM,11/16/2023 9:00:00 AM,SERC,WEST,EKPC,EKPC,1625.481,True
11/16/2023 3:00:00 PM,11/16/2023 10:00:00 AM,SERC,WEST,EKPC,EKPC,1522.964,True
11/16/2023 4:00:00 PM,11/16/2023 11:00:00 AM,SERC,WEST,EKPC,EKPC,1440.579,True
11/16/2023 5:00:00 PM,11/16/2023 12:00:00 PM,SERC,WEST,EKPC,EKPC,1407.081,True
11/16/2023 6:00:00 PM,11/16/2023 1:00:00 PM,SERC,WEST,EKPC,EKPC,1410.585,True
11/16/2023 7:00:00 PM,11/16/2023 2:00:00 PM,SERC,WEST,EKPC,EKPC,1405.086,True
11/16/2023 8:00:00 PM,11/16/2023 3:00:00 PM,SERC,WEST,EKPC,EKPC,1438.222,True
11/16/2023 9:00:00 PM,11/16/2023 4:00:00 PM,SERC,WEST,EKPC,EKPC,1440.439,True
11/16/2023 10:00:00 PM,11/16/2023 5:00:00 PM,SERC,WEST,EKPC,EKPC,1423.011,True
11/16/2023 11:00:00 PM,11/16/2023 6:00:00 PM,SERC,WEST,EKPC,EKPC,1395.700,True
11/17/2023 12:00:00 AM,11/16/2023 7:00:00 PM,SERC,WEST,EKPC,EKPC,1393.097,True
11/17/2023 1:00:00 AM,11/16/2023 8:00:00 PM,SERC,WEST,EKPC,EKPC,1470.177,True
11/17/2023 2:00:00 AM,11/16/2023 9:00:00 PM,SERC,WEST,EKPC,EKPC,1445.885,True
11/17/2023 3:00:00 AM,11/16/2023 10:00:00 PM,SERC,WEST,EKPC,EKPC,1442.006,True
11/17/2023 4:00:00 AM,11/16/2023 11:00:00 PM,SERC,WEST,EKPC,EKPC,1347.828,True
11/17/2023 5:00:00 AM,11/17/2023 12:00:00 AM,SERC,WEST,EKPC,EKPC,1306.691,True
11/17/2023 6:00:00 AM,11/17/2023 1:00:00 AM,SERC,WEST,EKPC,EKPC,1299.050,True
11/17/2023 7:00:00 AM,11/17/2023 2:00:00 AM,SERC,WEST,EKPC,EKPC,1251.542,True
11/17/2023 8:00:00 AM,11/17/2023 3:00:00 AM,SERC,WEST,EKPC,EKPC,1238.043,True
11/17/2023 9:00:00 AM,11/17/2023 4:00:00 AM,SERC,WEST,EKPC,EKPC,1243.726,True
11/17/2023 10:00:00 AM,11/17/2023 5:00:00 AM,SERC,WEST,EKPC,EKPC,1371.453,True
11/17/2023 11:00:00 AM,11/17/2023 6:00:00 AM,SERC,WEST,EKPC,EKPC,1482.667,True
11/17/2023 12:00:00 PM,11/17/2023 7:00:00 AM,SERC,WEST,EKPC,EKPC,1484.972,True
11/17/2023 1:00:00 PM,11/17/2023 8:00:00 AM,SERC,WEST,EKPC,EKPC,1443.132,True
11/17/2023 2:00:00 PM,11/17/2023 9:00:00 AM,SERC,WEST,EKPC,EKPC,1445.323,True
11/17/2023 3:00:00 PM,11/17/2023 10:00:00 AM,SERC,WEST,EKPC,EKPC,1400.956,True
11/17/2023 4:00:00 PM,11/17/2023 11:00:00 AM,SERC,WEST,EKPC,EKPC,1290.883,True
11/17/2023 5:00:00 PM,11/17/2023 12:00:00 PM,SERC,WEST,EKPC,EKPC,1287.977,True
11/17/2023 6:00:00 PM,11/17/2023 1:00:00 PM,SERC,WEST,EKPC,EKPC,1431.501,True
11/17/2023 7:00:00 PM,11/17/2023 2:00:00 PM,SERC,WEST,EKPC,EKPC,1434.130,True
11/17/2023 8:00:00 PM,11/17/2023 3:00:00 PM,SERC,WEST,EKPC,EKPC,1436.347,True
11/17/2023 9:00:00 PM,11/17/2023 4:00:00 PM,SERC,WEST,EKPC,EKPC,1431.721,True
11/17/2023 10:00:00 PM,11/17/2023 5:00:00 PM,SERC,WEST,EKPC,EKPC,1422.199,True
11/17/2023 11:00:00 PM,11/17/2023 6:00:00 PM,SERC,WEST,EKPC,EKPC,1405.932,True
11/18/2023 12:00:00 AM,11/17/2023 7:00:00 PM,SERC,WEST,EKPC,EKPC,1359.846,True
11/18/2023 1:00:00 AM,11/17/2023 8:00:00 PM,SERC,WEST,EKPC,EKPC,1281.259,True
11/18/2023 2:00:00 AM,11/17/2023 9:00:00 PM,SERC,WEST,EKPC,EKPC,1258.876,True
11/18/2023 3:00:00 AM,11/17/2023 10:00:00 PM,SERC,WEST,EKPC,EKPC,1202.354,True
11/18/2023 4:00:00 AM,11/17/2023 11:00:00 PM,SERC,WEST,EKPC,EKPC,1254.808,True
11/18/2023 5:00:00 AM,11/18/2023 12:00:00 AM,SERC,WEST,EKPC,EKPC,1265.869,True
11/18/2023 6:00:00 AM,11/18/2023 1:00:00 AM,SERC,WEST,EKPC,EKPC,1273.718,True
11/18/2023 7:00:00 AM,11/18/2023 2:00:00 AM,SERC,WEST,EKPC,EKPC,1298.573,True
11/18/2023 8:00:00 AM,11/18/2023 3:00:00 AM,SERC,WEST,EKPC,EKPC,1280.797,True
11/18/2023 9:00:00 AM,11/18/2023 4:00:00 AM,SERC,WEST,EKPC,EKPC,1295.210,True
11/18/2023 10:00:00 AM,11/18/2023 5:00:00 AM,SERC,WEST,EKPC,EKPC,1344.953,True
11/18/2023 11:00:00 AM,11/18/2023 6:00:00 AM,SERC,WEST,EKPC,EKPC,1424.610,True
11/18/2023 12:00:00 PM,11/18/2023 7:00:00 AM,SERC,WEST,EKPC,EKPC,1467.282,True
11/18/2023 1:00:00 PM,11/18/2023 8:00:00 AM,SERC,WEST,EKPC,EKPC,1538.920,True
11/18/2023 2:00:00 PM,11/18/2023 9:00:00 AM,SERC,WEST,EKPC,EKPC,1475.533,True
11/18/2023 3:00:00 PM,11/18/2023 10:00:00 AM,SERC,WEST,EKPC,EKPC,1466.471,True
11/18/2023 4:00:00 PM,11/18/2023 11:00:00 AM,SERC,WEST,EKPC,EKPC,1456.520,True
11/18/2023 5:00:00 PM,11/18/2023 12:00:00 PM,SERC,WEST,EKPC,EKPC,1444.393,True
11/18/2023 6:00:00 PM,11/18/2023 1:00:00 PM,SERC,WEST,EKPC,EKPC,1370.667,True
11/18/2023 7:00:00 PM,11/18/2023 2:00:00 PM,SERC,WEST,EKPC,EKPC,1364.040,True
11/18/2023 8:00:00 PM,11/18/2023 3:00:00 PM,SERC,WEST,EKPC,EKPC,1365.830,True
11/18/2023 9:00:00 PM,11/18/2023 4:00:00 PM,SERC,WEST,EKPC,EKPC,1389.594,True
11/18/2023 10:00:00 PM,11/18/2023 5:00:00 PM,SERC,WEST,EKPC,EKPC,1514.012,True
11/18/2023 11:00:00 PM,11/18/2023 6:00:00 PM,SERC,WEST,EKPC,EKPC,1578.196,True
11/19/2023 12:00:00 AM,11/18/2023 7:00:00 PM,SERC,WEST,EKPC,EKPC,1570.732,True
11/19/2023 1:00:00 AM,11/18/2023 8:00:00 PM,SERC,WEST,EKPC,EKPC,1630.793,True
11/19/2023 2:00:00 AM,11/18/2023 9:00:00 PM,SERC,WEST,EKPC,EKPC,1621.084,True
11/19/2023 3:00:00 AM,11/18/2023 10:00:00 PM,SERC,WEST,EKPC,EKPC,1625.879,True
11/19/2023 4:00:00 AM,11/18/2023 11:00:00 PM,SERC,WEST,EKPC,EKPC,1594.333,True
11/19/2023 5:00:00 AM,11/19/2023 12:00:00 AM,SERC,WEST,EKPC,EKPC,1594.594,True
11/19/2023 6:00:00 AM,11/19/2023 1:00:00 AM,SERC,WEST,EKPC,EKPC,1566.340,True
11/19/2023 7:00:00 AM,11/19/2023 2:00:00 AM,SERC,WEST,EKPC,EKPC,1665.157,True
11/19/2023 8:00:00 AM,11/19/2023 3:00:00 AM,SERC,WEST,EKPC,EKPC,1741.560,True
11/19/2023 9:00:00 AM,11/19/2023 4:00:00 AM,SERC,WEST,EKPC,EKPC,1805.591,True
11/19/2023 10:00:00 AM,11/19/2023 5:00:00 AM,SERC,WEST,EKPC,EKPC,1866.626,True
11/19/2023 11:00:00 AM,11/19/2023 6:00:00 AM,SERC,WEST,EKPC,EKPC,1940.857,True
11/19/2023 12:00:00 PM,11/19/2023 7:00:00 AM,SERC,WEST,EKPC,EKPC,2000.491,True
11/19/2023 1:00:00 PM,11/19/2023 8:00:00 AM,SERC,WEST,EKPC,EKPC,1999.273,True
11/19/2023 2:00:00 PM,11/19/2023 9:00:00 AM,SERC,WEST,EKPC,EKPC,1770.747,True
11/19/2023 3:00:00 PM,11/19/2023 10:00:00 AM,SERC,WEST,EKPC,EKPC,1614.591,True
11/19/2023 4:00:00 PM,11/19/2023 11:00:00 AM,SERC,WEST,EKPC,EKPC,1543.103,True
11/19/2023 5:00:00 PM,11/19/2023 12:00:00 PM,SERC,WEST,EKPC,EKPC,1478.823,True
11/19/2023 6:00:00 PM,11/19/2023 1:00:00 PM,SERC,WEST,EKPC,EKPC,1462.829,True
11/19/2023 7:00:00 PM,11/19/2023 2:00:00 PM,SERC,WEST,EKPC,EKPC,1396.479,True
11/19/2023 8:00:00 PM,11/19/2023 3:00:00 PM,SERC,WEST,EKPC,EKPC,1391.850,True
11/19/2023 9:00:00 PM,11/19/2023 4:00:00 PM,SERC,WEST,EKPC,EKPC,1346.206,True
11/19/2023 10:00:00 PM,11/19/2023 5:00:00 PM,SERC,WEST,EKPC,EKPC,1568.642,True
11/19/2023 11:00:00 PM,11/19/2023 6:00:00 PM,SERC,WEST,EKPC,EKPC,1642.484,True
11/20/2023 12:00:00 AM,11/19/2023 7:00:00 PM,SERC,WEST,EKPC,EKPC,1606.392,True
11/20/2023 1:00:00 AM,11/19/2023 8:00:00 PM,SERC,WEST,EKPC,EKPC,1535.674,True
11/20/2023 2:00:00 AM,11/19/2023 9:00:00 PM,SERC,WEST,EKPC,EKPC,1589.852,True
11/20/2023 3:00:00 AM,11/19/2023 10:00:00 PM,SERC,WEST,EKPC,EKPC,1619.072,True
11/20/2023 4:00:00 AM,11/19/2023 11:00:00 PM,SERC,WEST,EKPC,EKPC,1537.044,True
11/20/2023 5:00:00 AM,11/20/2023 12:00:00 AM,SERC,WEST,EKPC,EKPC,1546.577,True
11/20/2023 6:00:00 AM,11/20/2023 1:00:00 AM,SERC,WEST,EKPC,EKPC,1534.115,True
11/20/2023 7:00:00 AM,11/20/2023 2:00:00 AM,SERC,WEST,EKPC,EKPC,1561.779,True
11/20/2023 8:00:00 AM,11/20/2023 3:00:00 AM,SERC,WEST,EKPC,EKPC,1605.606,True
11/20/2023 9:00:00 AM,11/20/2023 4:00:00 AM,SERC,WEST,EKPC,EKPC,1594.736,True
11/20/2023 10:00:00 AM,11/20/2023 5:00:00 AM,SERC,WEST,EKPC,EKPC,1696.978,True
11/20/2023 11:00:00 AM,11/20/2023 6:00:00 AM,SERC,WEST,EKPC,EKPC,1813.521,True
11/20/2023 12:00:00 PM,11/20/2023 7:00:00 AM,SERC,WEST,EKPC,EKPC,1752.288,True
11/20/2023 1:00:00 PM,11/20/2023 8:00:00 AM,SERC,WEST,EKPC,EKPC,1635.522,True
11/20/2023 2:00:00 PM,11/20/2023 9:00:00 AM,SERC,WEST,EKPC,EKPC,1628.091,True
11/20/2023 3:00:00 PM,11/20/2023 10:00:00 AM,SERC,WEST,EKPC,EKPC,1600.605,True
11/20/2023 4:00:00 PM,11/20/2023 11:00:00 AM,SERC,WEST,EKPC,EKPC,1621.951,True
11/20/2023 5:00:00 PM,11/20/2023 12:00:00 PM,SERC,WEST,EKPC,EKPC,1622.932,True
11/20/2023 6:00:00 PM,11/20/2023 1:00:00 PM,SERC,WEST,EKPC,EKPC,1600.958,True
11/20/2023 7:00:00 PM,11/20/2023 2:00:00 PM,SERC,WEST,EKPC,EKPC,1585.086,True
11/20/2023 8:00:00 PM,11/20/2023 3:00:00 PM,SERC,WEST,EKPC,EKPC,1443.754,True
11/20/2023 9:00:00 PM,11/20/2023 4:00:00 PM,SERC,WEST,EKPC,EKPC,1461.731,True
11/20/2023 10:00:00 PM,11/20/2023 5:00:00 PM,SERC,WEST,EKPC,EKPC,1589.649,True
11/20/2023 11:00:00 PM,11/20/2023 6:00:00 PM,SERC,WEST,EKPC,EKPC,1639.838,True
11/21/2023 12:00:00 AM,11/20/2023 7:00:00 PM,SERC,WEST,EKPC,EKPC,1688.883,True
11/21/2023 1:00:00 AM,11/20/2023 8:00:00 PM,SERC,WEST,EKPC,EKPC,1654.675,True
11/21/2023 2:00:00 AM,11/20/2023 9:00:00 PM,SERC,WEST,EKPC,EKPC,1566.163,True
11/21/2023 3:00:00 AM,11/20/2023 10:00:00 PM,SERC,WEST,EKPC,EKPC,1496.601,True
11/21/2023 4:00:00 AM,11/20/2023 11:00:00 PM,SERC,WEST,EKPC,EKPC,1424.517,True
11/21/2023 5:00:00 AM,11/21/2023 12:00:00 AM,SERC,WEST,EKPC,EKPC,1362.450,True
11/21/2023 6:00:00 AM,11/21/2023 1:00:00 AM,SERC,WEST,EKPC,EKPC,1364.316,True
11/21/2023 7:00:00 AM,11/21/2023 2:00:00 AM,SERC,WEST,EKPC,EKPC,1308.220,True
11/21/2023 8:00:00 AM,11/21/2023 3:00:00 AM,SERC,WEST,EKPC,EKPC,1273.395,True
11/21/2023 9:00:00 AM,11/21/2023 4:00:00 AM,SERC,WEST,EKPC,EKPC,1280.642,True
11/21/2023 10:00:00 AM,11/21/2023 5:00:00 AM,SERC,WEST,EKPC,EKPC,1327.648,True
11/21/2023 11:00:00 AM,11/21/2023 6:00:00 AM,SERC,WEST,EKPC,EKPC,1433.404,True
11/21/2023 12:00:00 PM,11/21/2023 7:00:00 AM,SERC,WEST,EKPC,EKPC,1453.418,True
11/21/2023 1:00:00 PM,11/21/2023 8:00:00 AM,SERC,WEST,EKPC,EKPC,1425.075,True
11/21/2023 2:00:00 PM,11/21/2023 9:00:00 AM,SERC,WEST,EKPC,EKPC,1436.764,True
11/21/2023 3:00:00 PM,11/21/2023 10:00:00 AM,SERC,WEST,EKPC,EKPC,1451.088,True
11/21/2023 4:00:00 PM,11/21/2023 11:00:00 AM,SERC,WEST,EKPC,EKPC,1448.148,True
11/21/2023 5:00:00 PM,11/21/2023 12:00:00 PM,SERC,WEST,EKPC,EKPC,1451.341,True
11/21/2023 6:00:00 PM,11/21/2023 1:00:00 PM,SERC,WEST,EKPC,EKPC,1461.806,True
11/21/2023 7:00:00 PM,11/21/2023 2:00:00 PM,SERC,WEST,EKPC,EKPC,1524.969,True
11/21/2023 8:00:00 PM,11/21/2023 3:00:00 PM,SERC,WEST,EKPC,EKPC,1470.608,True
11/21/2023 9:00:00 PM,11/21/2023 4:00:00 PM,SERC,WEST,EKPC,EKPC,1562.239,True
11/21/2023 10:00:00 PM,11/21/2023 5:00:00 PM,SERC,WEST,EKPC,EKPC,1549.719,True
11/21/2023 11:00:00 PM,11/21/2023 6:00:00 PM,SERC,WEST,EKPC,EKPC,1650.743,True
11/22/2023 12:00:00 AM,11/21/2023 7:00:00 PM,SERC,WEST,EKPC,EKPC,1620.330,True
11/22/2023 1:00:00 AM,11/21/2023 8:00:00 PM,SERC,WEST,EKPC,EKPC,1659.524,True
11/22/2023 2:00:00 AM,11/21/2023 9:00:00 PM,SERC,WEST,EKPC,EKPC,1662.266,True
11/22/2023 3:00:00 AM,11/21/2023 10:00:00 PM,SERC,WEST,EKPC,EKPC,1603.737,True
11/22/2023 4:00:00 AM,11/21/2023 11:00:00 PM,SERC,WEST,EKPC,EKPC,1550.923,True
11/22/2023 5:00:00 AM,11/22/2023 12:00:00 AM,SERC,WEST,EKPC,EKPC,1504.739,True
11/22/2023 6:00:00 AM,11/22/2023 1:00:00 AM,SERC,WEST,EKPC,EKPC,1449.449,True
11/22/2023 7:00:00 AM,11/22/2023 2:00:00 AM,SERC,WEST,EKPC,EKPC,1474.044,True
11/22/2023 8:00:00 AM,11/22/2023 3:00:00 AM,SERC,WEST,EKPC,EKPC,1480.002,True
11/22/2023 9:00:00 AM,11/22/2023 4:00:00 AM,SERC,WEST,EKPC,EKPC,1472.014,True
11/22/2023 10:00:00 AM,11/22/2023 5:00:00 AM,SERC,WEST,EKPC,EKPC,1420.553,True
11/22/2023 11:00:00 AM,11/22/2023 6:00:00 AM,SERC,WEST,EKPC,EKPC,1578.535,True
11/22/2023 12:00:00 PM,11/22/2023 7:00:00 AM,SERC,WEST,EKPC,EKPC,1730.681,True
11/22/2023 1:00:00 PM,11/22/2023 8:00:00 AM,SERC,WEST,EKPC,EKPC,1765.501,True
11/22/2023 2:00:00 PM,11/22/2023 9:00:00 AM,SERC,WEST,EKPC,EKPC,1840.827,True
11/22/2023 3:00:00 PM,11/22/2023 10:00:00 AM,SERC,WEST,EKPC,EKPC,1861.541,True
11/22/2023 4:00:00 PM,11/22/2023 11:00:00 AM,SERC,WEST,EKPC,EKPC,1849.628,True
11/22/2023 5:00:00 PM,11/22/2023 12:00:00 PM,SERC,WEST,EKPC,EKPC,1869.822,True
11/22/2023 6:00:00 PM,11/22/2023 1:00:00 PM,SERC,WEST,EKPC,EKPC,1820.582,True
11/22/2023 7:00:00 PM,11/22/2023 2:00:00 PM,SERC,WEST,EKPC,EKPC,1645.595,True
11/22/2023 8:00:00 PM,11/22/2023 3:00:00 PM,SERC,WEST,EKPC,EKPC,1650.349,True
11/22/2023 9:00:00 PM,11/22/2023 4:00:00 PM,SERC,WEST,EKPC,EKPC,1769.565,True
11/22/2023 10:00:00 PM,11/22/2023 5:00:00 PM,SERC,WEST,EKPC,EKPC,1826.931,True
11/22/2023 11:00:00 PM,11/22/2023 6:00:00 PM,SERC,WEST,EKPC,EKPC,1916.793,True
11/23/2023 12:00:00 AM,11/22/2023 7:00:00 PM,SERC,WEST,EKPC,EKPC,1898.443,True
11/23/2023 1:00:00 AM,11/22/2023 8:00:00 PM,SERC,WEST,EKPC,EKPC,1894.626,True
11/23/2023 2:00:00 AM,11/22/2023 9:00:00 PM,SERC,WEST,EKPC,EKPC,1888.501,True
11/23/2023 3:00:00 AM,11/22/2023 10:00:00 PM,SERC,WEST,EKPC,EKPC,1787.530,True
11/23/2023 4:00:00 AM,11/22/2023 11:00:00 PM,SERC,WEST,EKPC,EKPC,1688.039,True
11/23/2023 5:00:00 AM,11/23/2023 12:00:00 AM,SERC,WEST,EKPC,EKPC,1741.604,True
11/23/2023 6:00:00 AM,11/23/2023 1:00:00 AM,SERC,WEST,EKPC,EKPC,1801.600,True
11/23/2023 7:00:00 AM,11/23/2023 2:00:00 AM,SERC,WEST,EKPC,EKPC,1854.794,True
11/23/2023 8:00:00 AM,11/23/2023 3:00:00 AM,SERC,WEST,EKPC,EKPC,1829.389,True
11/23/2023 9:00:00 AM,11/23/2023 4:00:00 AM,SERC,WEST,EKPC,EKPC,1846.213,True
11/23/2023 10:00:00 AM,11/23/2023 5:00:00 AM,SERC,WEST,EKPC,EKPC,1869.170,True
11/23/2023 11:00:00 AM,11/23/2023 6:00:00 AM,SERC,WEST,EKPC,EKPC,1999.328,True
11/23/2023 12:00:00 PM,11/23/2023 7:00:00 AM,SERC,WEST,EKPC,EKPC,2037.158,True
11/23/2023 1:00:00 PM,11/23/2023 8:00:00 AM,SERC,WEST,EKPC,EKPC,2121.023,True
11/23/2023 2:00:00 PM,11/23/2023 9:00:00 AM,SERC,WEST,EKPC,EKPC,1908.341,True
11/23/2023 3:00:00 PM,11/23/2023 10:00:00 AM,SERC,WEST,EKPC,EKPC,1814.537,True
11/23/2023 4:00:00 PM,11/23/2023 11:00:00 AM,SERC,WEST,EKPC,EKPC,1848.428,True
11/23/2023 5:00:00 PM,11/23/2023 12:00:00 PM,SERC,WEST,EKPC,EKPC,1737.728,True
11/23/2023 6:00:00 PM,11/23/2023 1:00:00 PM,SERC,WEST,EKPC,EKPC,1610.123,True
11/23/2023 7:00:00 PM,11/23/2023 2:00:00 PM,SERC,WEST,EKPC,EKPC,1499.848,True
11/23/2023 8:00:00 PM,11/23/2023 3:00:00 PM,SERC,WEST,EKPC,EKPC,1461.781,True
11/23/2023 9:00:00 PM,11/23/2023 4:00:00 PM,SERC,WEST,EKPC,EKPC,1394.455,True
11/23/2023 10:00:00 PM,11/23/2023 5:00:00 PM,SERC,WEST,EKPC,EKPC,1503.200,True
11/23/2023 11:00:00 PM,11/23/2023 6:00:00 PM,SERC,WEST,EKPC,EKPC,1585.329,True
11/24/2023 12:00:00 AM,11/23/2023 7:00:00 PM,SERC,WEST,EKPC,EKPC,1618.687,True
11/24/2023 1:00:00 AM,11/23/2023 8:00:00 PM,SERC,WEST,EKPC,EKPC,1638.341,True
11/24/2023 2:00:00 AM,11/23/2023 9:00:00 PM,SERC,WEST,EKPC,EKPC,1684.571,True
11/24/2023 3:00:00 AM,11/23/2023 10:00:00 PM,SERC,WEST,EKPC,EKPC,1699.938,True
11/24/2023 4:00:00 AM,11/23/2023 11:00:00 PM,SERC,WEST,EKPC,EKPC,1731.684,True
11/24/2023 5:00:00 AM,11/24/2023 12:00:00 AM,SERC,WEST,EKPC,EKPC,1703.721,True
11/24/2023 6:00:00 AM,11/24/2023 1:00:00 AM,SERC,WEST,EKPC,EKPC,1767.829,True
11/24/2023 7:00:00 AM,11/24/2023 2:00:00 AM,SERC,WEST,EKPC,EKPC,1642.072,True
11/24/2023 8:00:00 AM,11/24/2023 3:00:00 AM,SERC,WEST,EKPC,EKPC,1610.223,True
11/24/2023 9:00:00 AM,11/24/2023 4:00:00 AM,SERC,WEST,EKPC,EKPC,1722.752,True
11/24/2023 10:00:00 AM,11/24/2023 5:00:00 AM,SERC,WEST,EKPC,EKPC,1855.681,True
11/24/2023 11:00:00 AM,11/24/2023 6:00:00 AM,SERC,WEST,EKPC,EKPC,1935.738,True
11/24/2023 12:00:00 PM,11/24/2023 7:00:00 AM,SERC,WEST,EKPC,EKPC,1826.299,True
11/24/2023 1:00:00 PM,11/24/2023 8:00:00 AM,SERC,WEST,EKPC,EKPC,1809.842,True
11/24/2023 2:00:00 PM,11/24/2023 9:00:00 AM,SERC,WEST,EKPC,EKPC,1827.982,True
11/24/2023 3:00:00 PM,11/24/2023 10:00:00 AM,SERC,WEST,EKPC,EKPC,1761.765,True
11/24/2023 4:00:00 PM,11/24/2023 11:00:00 AM,SERC,WEST,EKPC,EKPC,1518.393,True
11/24/2023 5:00:00 PM,11/24/2023 12:00:00 PM,SERC,WEST,EKPC,EKPC,1509.625,True
11/24/2023 6:00:00 PM,11/24/2023 1:00:00 PM,SERC,WEST,EKPC,EKPC,1548.989,True
11/24/2023 7:00:00 PM,11/24/2023 2:00:00 PM,SERC,WEST,EKPC,EKPC,1534.821,True
11/24/2023 8:00:00 PM,11/24/2023 3:00:00 PM,SERC,WEST,EKPC,EKPC,1588.967,True
11/24/2023 9:00:00 PM,11/24/2023 4:00:00 PM,SERC,WEST,EKPC,EKPC,1673.994,True
11/24/2023 10:00:00 PM,11/24/2023 5:00:00 PM,SERC,WEST,EKPC,EKPC,1647.688,True
11/24/2023 11:00:00 PM,11/24/2023 6:00:00 PM,SERC,WEST,EKPC,EKPC,1781.755,True
11/25/2023 12:00:00 AM,11/24/2023 7:00:00 PM,SERC,WEST,EKPC,EKPC,1820.104,True
11/25/2023 1:00:00 AM,11/24/2023 8:00:00 PM,SERC,WEST,EKPC,EKPC,1828.267,True
11/25/2023 2:00:00 AM,11/24/2023 9:00:00 PM,SERC,WEST,EKPC,EKPC,1824.601,True
11/25/2023 3:00:00 AM,11/24/2023 10:00:00 PM,SERC,WEST,EKPC,EKPC,1815.878,True
11/25/2023 4:00:00 AM,11/24/2023 11:00:00 PM,SERC,WEST,EKPC,EKPC,1685.788,True
11/25/2023 5:00:00 AM,11/25/2023 12:00:00 AM,SERC,WEST,EKPC,EKPC,1610.666,True
11/25/2023 6:00:00 AM,11/25/2023 1:00:00 AM,SERC,WEST,EKPC,EKPC,1658.335,True
11/25/2023 7:00:00 AM,11/25/2023 2:00:00 AM,SERC,WEST,EKPC,EKPC,1621.340,True
11/25/2023 8:00:00 AM,11/25/2023 3:00:00 AM,SERC,WEST,EKPC,EKPC,1623.137,True
11/25/2023 9:00:00 AM,11/25/2023 4:00:00 AM,SERC,WEST,EKPC,EKPC,1737.834,True
11/25/2023 10:00:00 AM,11/25/2023 5:00:00 AM,SERC,WEST,EKPC,EKPC,1877.153,True
11/25/2023 11:00:00 AM,11/25/2023 6:00:00 AM,SERC,WEST,EKPC,EKPC,1931.189,True
11/25/2023 12:00:00 PM,11/25/2023 7:00:00 AM,SERC,WEST,EKPC,EKPC,2016.064,True
11/25/2023 1:00:00 PM,11/25/2023 8:00:00 AM,SERC,WEST,EKPC,EKPC,2038.966,True
11/25/2023 2:00:00 PM,11/25/2023 9:00:00 AM,SERC,WEST,EKPC,EKPC,1956.004,True
11/25/2023 3:00:00 PM,11/25/2023 10:00:00 AM,SERC,WEST,EKPC,EKPC,1870.773,True
11/25/2023 4:00:00 PM,11/25/2023 11:00:00 AM,SERC,WEST,EKPC,EKPC,1724.704,True
11/25/2023 5:00:00 PM,11/25/2023 12:00:00 PM,SERC,WEST,EKPC,EKPC,1651.176,True
11/25/2023 6:00:00 PM,11/25/2023 1:00:00 PM,SERC,WEST,EKPC,EKPC,1448.987,True
11/25/2023 7:00:00 PM,11/25/2023 2:00:00 PM,SERC,WEST,EKPC,EKPC,1474.964,True
11/25/2023 8:00:00 PM,11/25/2023 3:00:00 PM,SERC,WEST,EKPC,EKPC,1378.404,True
11/25/2023 9:00:00 PM,11/25/2023 4:00:00 PM,SERC,WEST,EKPC,EKPC,1430.812,True
11/25/2023 10:00:00 PM,11/25/2023 5:00:00 PM,SERC,WEST,EKPC,EKPC,1564.342,True
11/25/2023 11:00:00 PM,11/25/2023 6:00:00 PM,SERC,WEST,EKPC,EKPC,1665.591,True
11/26/2023 12:00:00 AM,11/25/2023 7:00:00 PM,SERC,WEST,EKPC,EKPC,1741.162,True
11/26/2023 1:00:00 AM,11/25/2023 8:00:00 PM,SERC,WEST,EKPC,EKPC,1766.016,True
11/26/2023 2:00:00 AM,11/25/2023 9:00:00 PM,SERC,WEST,EKPC,EKPC,1753.512,True
11/26/2023 3:00:00 AM,11/25/2023 10:00:00 PM,SERC,WEST,EKPC,EKPC,1570.882,True
11/26/2023 4:00:00 AM,11/25/2023 11:00:00 PM,SERC,WEST,EKPC,EKPC,1537.460,True
11/26/2023 5:00:00 AM,11/26/2023 12:00:00 AM,SERC,WEST,EKPC,EKPC,1680.177,True
11/26/2023 6:00:00 AM,11/26/2023 1:00:00 AM,SERC,WEST,EKPC,EKPC,1693.875,True
11/26/2023 7:00:00 AM,11/26/2023 2:00:00 AM,SERC,WEST,EKPC,EKPC,1720.277,True
11/26/2023 8:00:00 AM,11/26/2023 3:00:00 AM,SERC,WEST,EKPC,EKPC,1733.541,True
11/26/2023 9:00:00 AM,11/26/2023 4:00:00 AM,SERC,WEST,EKPC,EKPC,1715.943,True
11/26/2023 10:00:00 AM,11/26/2023 5:00:00 AM,SERC,WEST,EKPC,EKPC,1772.688,True
11/26/2023 11:00:00 AM,11/26/2023 6:00:00 AM,SERC,WEST,EKPC,EKPC,1764.847,True
11/26/2023 12:00:00 PM,11/26/2023 7:00:00 AM,SERC,WEST,EKPC,EKPC,1796.500,True
11/26/2023 1:00:00 PM,11/26/2023 8:00:00 AM,SERC,WEST,EKPC,EKPC,1847.733,True
11/26/2023 2:00:00 PM,11/26/2023 9:00:00 AM,SERC,WEST,EKPC,EKPC,1802.921,True
11/26/2023 3:00:00 PM,11/26/2023 10:00:00 AM,SERC,WEST,EKPC,EKPC,1728.421,True
11/26/2023 4:00:00 PM,11/26/2023 11:00:00 AM,SERC,WEST,EKPC,EKPC,1683.525,True
11/26/2023 5:00:00 PM,11/26/2023 12:00:00 PM,SERC,WEST,EKPC,EKPC,1776.701,True
11/26/2023 6:00:00 PM,11/26/2023 1:00:00 PM,SERC,WEST,EKPC,EKPC,1770.137,True
11/26/2023 7:00:00 PM,11/26/2023 2:00:00 PM,SERC,WEST,EKPC,EKPC,1677.863,True
11/26/2023 8:00:00 PM,11/26/2023 3:00:00 PM,SERC,WEST,EKPC,EKPC,1582.207,True
11/26/2023 9:00:00 PM,11/26/2023 4:00:00 PM,SERC,WEST,EKPC,EKPC,1698.066,True
11/26/2023 10:00:00 PM,11/26/2023 5:00:00 PM,SERC,WEST,EKPC,EKPC,1677.764,True
11/26/2023 11:00:00 PM,11/26/2023 6:00:00 PM,SERC,WEST,EKPC,EKPC,1809.792,True
11/27/2023 12:00:00 AM,11/26/2023 7:00:00 PM,SERC,WEST,EKPC,EKPC,1826.229,True
11/27/2023 1:00:00 AM,11/26/2023 8:00:00 PM,SERC,WEST,EKPC,EKPC,1830.433,True
11/27/2023 2:00:00 AM,11/26/2023 9:00:00 PM,SERC,WEST,EKPC,EKPC,1774.354,True
11/27/2023 3:00:00 AM,11/26/2023 10:00:00 PM,SERC,WEST,EKPC,EKPC,1688.506,True
11/27/2023 4:00:00 AM,11/26/2023 11:00:00 PM,SERC,WEST,EKPC,EKPC,1668.522,True
11/27/2023 5:00:00 AM,11/27/2023 12:00:00 AM,SERC,WEST,EKPC,EKPC,1689.039,True
11/27/2023 6:00:00 AM,11/27/2023 1:00:00 AM,SERC,WEST,EKPC,EKPC,1687.986,True
11/27/2023 7:00:00 AM,11/27/2023 2:00:00 AM,SERC,WEST,EKPC,EKPC,1743.680,True
11/27/2023 8:00:00 AM,11/27/2023 3:00:00 AM,SERC,WEST,EKPC,EKPC,1756.900,True
11/27/2023 9:00:00 AM,11/27/2023 4:00:00 AM,SERC,WEST,EKPC,EKPC,1900.016,True
11/27/2023 10:00:00 AM,11/27/2023 5:00:00 AM,SERC,WEST,EKPC,EKPC,1994.961,True
11/27/2023 11:00:00 AM,11/27/2023 6:00:00 AM,SERC,WEST,EKPC,EKPC,2166.717,True
11/27/2023 12:00:00 PM,11/27/2023 7:00:00 AM,SERC,WEST,EKPC,EKPC,2192.553,True
11/27/2023 1:00:00 PM,11/27/2023 8:00:00 AM,SERC,WEST,EKPC,EKPC,2020.357,True
11/27/2023 2:00:00 PM,11/27/2023 9:00:00 AM,SERC,WEST,EKPC,EKPC,1991.541,True
11/27/2023 3:00:00 PM,11/27/2023 10:00:00 AM,SERC,WEST,EKPC,EKPC,2087.743,True
11/27/2023 4:00:00 PM,11/27/2023 11:00:00 AM,SERC,WEST,EKPC,EKPC,2036.116,True
11/27/2023 5:00:00 PM,11/27/2023 12:00:00 PM,SERC,WEST,EKPC,EKPC,1941.072,True
11/27/2023 6:00:00 PM,11/27/2023 1:00:00 PM,SERC,WEST,EKPC,EKPC,1956.593,True
11/27/2023 7:00:00 PM,11/27/2023 2:00:00 PM,SERC,WEST,EKPC,EKPC,1818.324,True
11/27/2023 8:00:00 PM,11/27/2023 3:00:00 PM,SERC,WEST,EKPC,EKPC,1940.047,True
11/27/2023 9:00:00 PM,11/27/2023 4:00:00 PM,SERC,WEST,EKPC,EKPC,2007.606,True
11/27/2023 10:00:00 PM,11/27/2023 5:00:00 PM,SERC,WEST,EKPC,EKPC,2079.241,True
11/27/2023 11:00:00 PM,11/27/2023 6:00:00 PM,SERC,WEST,EKPC,EKPC,2212.942,True
11/28/2023 12:00:00 AM,11/27/2023 7:00:00 PM,SERC,WEST,EKPC,EKPC,2242.137,True
11/28/2023 1:00:00 AM,11/27/2023 8:00:00 PM,SERC,WEST,EKPC,EKPC,2097.165,True
11/28/2023 2:00:00 AM,11/27/2023 9:00:00 PM,SERC,WEST,EKPC,EKPC,2055.951,True
11/28/2023 3:00:00 AM,11/27/2023 10:00:00 PM,SERC,WEST,EKPC,EKPC,2064.528,True
11/28/2023 4:00:00 AM,11/27/2023 11:00:00 PM,SERC,WEST,EKPC,EKPC,2042.450,True
11/28/2023 5:00:00 AM,11/28/2023 12:00:00 AM,SERC,WEST,EKPC,EKPC,2070.601,True
11/28/2023 6:00:00 AM,11/28/2023 1:00:00 AM,SERC,WEST,EKPC,EKPC,2027.547,True
11/28/2023 7:00:00 AM,11/28/2023 2:00:00 AM,SERC,WEST,EKPC,EKPC,2037.280,True
11/28/2023 8:00:00 AM,11/28/2023 3:00:00 AM,SERC,WEST,EKPC,EKPC,2000.317,True
11/28/2023 9:00:00 AM,11/28/2023 4:00:00 AM,SERC,WEST,EKPC,EKPC,1902.728,True
11/28/2023 10:00:00 AM,11/28/2023 5:00:00 AM,SERC,WEST,EKPC,EKPC,2096.360,True
11/28/2023 11:00:00 AM,11/28/2023 6:00:00 AM,SERC,WEST,EKPC,EKPC,2343.551,True
11/28/2023 12:00:00 PM,11/28/2023 7:00:00 AM,SERC,WEST,EKPC,EKPC,2398.776,True
11/28/2023 1:00:00 PM,11/28/2023 8:00:00 AM,SERC,WEST,EKPC,EKPC,2365.636,True
11/28/2023 2:00:00 PM,11/28/2023 9:00:00 AM,SERC,WEST,EKPC,EKPC,2280.150,True
11/28/2023 3:00:00 PM,11/28/2023 10:00:00 AM,SERC,WEST,EKPC,EKPC,2195.076,True
11/28/2023 4:00:00 PM,11/28/2023 11:00:00 AM,SERC,WEST,EKPC,EKPC,2078.368,True
11/28/2023 5:00:00 PM,11/28/2023 12:00:00 PM,SERC,WEST,EKPC,EKPC,2005.847,True
11/28/2023 6:00:00 PM,11/28/2023 1:00:00 PM,SERC,WEST,EKPC,EKPC,1946.564,True
11/28/2023 7:00:00 PM,11/28/2023 2:00:00 PM,SERC,WEST,EKPC,EKPC,1776.340,True
11/28/2023 8:00:00 PM,11/28/2023 3:00:00 PM,SERC,WEST,EKPC,EKPC,1937.991,True
11/28/2023 9:00:00 PM,11/28/2023 4:00:00 PM,SERC,WEST,EKPC,EKPC,2018.631,True
11/28/2023 10:00:00 PM,11/28/2023 5:00:00 PM,SERC,WEST,EKPC,EKPC,2204.947,True
11/28/2023 11:00:00 PM,11/28/2023 6:00:00 PM,SERC,WEST,EKPC,EKPC,2385.143,True
11/29/2023 12:00:00 AM,11/28/2023 7:00:00 PM,SERC,WEST,EKPC,EKPC,2372.165,True
11/29/2023 1:00:00 AM,11/28/2023 8:00:00 PM,SERC,WEST,EKPC,EKPC,2428.117,True
11/29/2023 2:00:00 AM,11/28/2023 9:00:00 PM,SERC,WEST,EKPC,EKPC,2433.237,True
11/29/2023 3:00:00 AM,11/28/2023 10:00:00 PM,SERC,WEST,EKPC,EKPC,2475.819,True
11/29/2023 4:00:00 AM,11/28/2023 11:00:00 PM,SERC,WEST,EKPC,EKPC,2407.236,True
11/29/2023 5:00:00 AM,11/29/2023 12:00:00 AM,SERC,WEST,EKPC,EKPC,2413.252,True
11/29/2023 6:00:00 AM,11/29/2023 1:00:00 AM,SERC,WEST,EKPC,EKPC,2350.939,True
11/29/2023 7:00:00 AM,11/29/2023 2:00:00 AM,SERC,WEST,EKPC,EKPC,2466.102,True
11/29/2023 8:00:00 AM,11/29/2023 3:00:00 AM,SERC,WEST,EKPC,EKPC,2422.357,True
11/29/2023 9:00:00 AM,11/29/2023 4:00:00 AM,SERC,WEST,EKPC,EKPC,2470.202,True
11/29/2023 10:00:00 AM,11/29/2023 5:00:00 AM,SERC,WEST,EKPC,EKPC,2543.295,True
11/29/2023 11:00:00 AM,11/29/2023 6:00:00 AM,SERC,WEST,EKPC,EKPC,2662.504,True
11/29/2023 12:00:00 PM,11/29/2023 7:00:00 AM,SERC,WEST,EKPC,EKPC,2615.298,True
11/29/2023 1:00:00 PM,11/29/2023 8:00:00 AM,SERC,WEST,EKPC,EKPC,2459.121,True
11/29/2023 2:00:00 PM,11/29/2023 9:00:00 AM,SERC,WEST,EKPC,EKPC,2247.638,True
11/29/2023 3:00:00 PM,11/29/2023 10:00:00 AM,SERC,WEST,EKPC,EKPC,2038.257,True
11/29/2023 4:00:00 PM,11/29/2023 11:00:00 AM,SERC,WEST,EKPC,EKPC,1858.358,True
11/29/2023 5:00:00 PM,11/29/2023 12:00:00 PM,SERC,WEST,EKPC,EKPC,1731.689,True
11/29/2023 6:00:00 PM,11/29/2023 1:00:00 PM,SERC,WEST,EKPC,EKPC,1634.928,True
11/29/2023 7:00:00 PM,11/29/2023 2:00:00 PM,SERC,WEST,EKPC,EKPC,1553.856,True
11/29/2023 8:00:00 PM,11/29/2023 3:00:00 PM,SERC,WEST,EKPC,EKPC,1534.287,True
11/29/2023 9:00:00 PM,11/29/2023 4:00:00 PM,SERC,WEST,EKPC,EKPC,1574.760,True
11/29/2023 10:00:00 PM,11/29/2023 5:00:00 PM,SERC,WEST,EKPC,EKPC,1737.423,True
11/29/2023 11:00:00 PM,11/29/2023 6:00:00 PM,SERC,WEST,EKPC,EKPC,1859.756,True
11/30/2023 12:00:00 AM,11/29/2023 7:00:00 PM,SERC,WEST,EKPC,EKPC,1930.834,True
11/30/2023 1:00:00 AM,11/29/2023 8:00:00 PM,SERC,WEST,EKPC,EKPC,1961.744,True
11/30/2023 2:00:00 AM,11/29/2023 9:00:00 PM,SERC,WEST,EKPC,EKPC,1976.306,True
11/30/2023 3:00:00 AM,11/29/2023 10:00:00 PM,SERC,WEST,EKPC,EKPC,2003.237,True
11/30/2023 4:00:00 AM,11/29/2023 11:00:00 PM,SERC,WEST,EKPC,EKPC,1896.646,True
11/30/2023 5:00:00 AM,11/30/2023 12:00:00 AM,SERC,WEST,EKPC,EKPC,1892.017,True
11/30/2023 6:00:00 AM,11/30/2023 1:00:00 AM,SERC,WEST,EKPC,EKPC,1930.648,True
11/30/2023 7:00:00 AM,11/30/2023 2:00:00 AM,SERC,WEST,EKPC,EKPC,1953.226,True
11/30/2023 8:00:00 AM,11/30/2023 3:00:00 AM,SERC,WEST,EKPC,EKPC,1960.118,True
11/30/2023 9:00:00 AM,11/30/2023 4:00:00 AM,SERC,WEST,EKPC,EKPC,1947.738,True
11/30/2023 10:00:00 AM,11/30/2023 5:00:00 AM,SERC,WEST,EKPC,EKPC,2036.989,True
11/30/2023 11:00:00 AM,11/30/2023 6:00:00 AM,SERC,WEST,EKPC,EKPC,2192.294,True
11/30/2023 12:00:00 PM,11/30/2023 7:00:00 AM,SERC,WEST,EKPC,EKPC,2265.299,True
11/30/2023 1:00:00 PM,11/30/2023 8:00:00 AM,SERC,WEST,EKPC,EKPC,2122.393,True
11/30/2023 2:00:00 PM,11/30/2023 9:00:00 AM,SERC,WEST,EKPC,EKPC,2014.771,True
11/30/2023 3:00:00 PM,11/30/2023 10:00:00 AM,SERC,WEST,EKPC,EKPC,1796.183,True
11/30/2023 4:00:00 PM,11/30/2023 11:00:00 AM,SERC,WEST,EKPC,EKPC,1694.604,True
11/30/2023 5:00:00 PM,11/30/2023 12:00:00 PM,SERC,WEST,EKPC,EKPC,1577.210,True
11/30/2023 6:00:00 PM,11/30/2023 1:00:00 PM,SERC,WEST,EKPC,EKPC,1543.227,True
11/30/2023 7:00:00 PM,11/30/2023 2:00:00 PM,SERC,WEST,EKPC,EKPC,1387.965,True
11/30/2023 8:00:00 PM,11/30/2023 3:00:00 PM,SERC,WEST,EKPC,EKPC,1469.050,True
11/30/2023 9:00:00 PM,11/30/2023 4:00:00 PM,SERC,WEST,EKPC,EKPC,1549.876,True
11/30/2023 10:00:00 PM,11/30/2023 5:00:00 PM,SERC,WEST,EKPC,EKPC,1628.414,True
11/30/2023 11:00:00 PM,11/30/2023 6:00:00 PM,SERC,WEST,EKPC,EKPC,1736.404,True
12/1/2023 12:00:00 AM,11/30/2023 7:00:00 PM,SERC,WEST,EKPC,EKPC,1760.723,True
12/1/2023 1:00:00 AM,11/30/2023 8:00:00 PM,SERC,WEST,EKPC,EKPC,1763.998,True
12/1/2023 2:00:00 AM,11/30/2023 9:00:00 PM,SERC,WEST,EKPC,EKPC,1773.774,True
12/1/2023 3:00:00 AM,11/30/2023 10:00:00 PM,SERC,WEST,EKPC,EKPC,1719.322,True
12/1/2023 4:00:00 AM,11/30/2023 11:00:00 PM,SERC,WEST,EKPC,EKPC,1614.888,True
12/1/2023 5:00:00 AM,12/1/2023 12:00:00 AM,SERC,WEST,EKPC,EKPC,1576.040,True
12/1/2023 6:00:00 AM,12/1/2023 1:00:00 AM,SERC,WEST,EKPC,EKPC,1555.005,True
12/1/2023 7:00:00 AM,12/1/2023 2:00:00 AM,SERC,WEST,EKPC,EKPC,1537.489,True
12/1/2023 8:00:00 AM,12/1/2023 3:00:00 AM,SERC,WEST,EKPC,EKPC,1594.700,True
12/1/2023 9:00:00 AM,12/1/2023 4:00:00 AM,SERC,WEST,EKPC,EKPC,1519.869,True
12/1/2023 10:00:00 AM,12/1/2023 5:00:00 AM,SERC,WEST,EKPC,EKPC,1656.446,True
12/1/2023 11:00:00 AM,12/1/2023 6:00:00 AM,SERC,WEST,EKPC,EKPC,1882.215,True
12/1/2023 12:00:00 PM,12/1/2023 7:00:00 AM,SERC,WEST,EKPC,EKPC,1736.523,True
12/1/2023 1:00:00 PM,12/1/2023 8:00:00 AM,SERC,WEST,EKPC,EKPC,1681.977,True
12/1/2023 2:00:00 PM,12/1/2023 9:00:00 AM,SERC,WEST,EKPC,EKPC,1781.589,True
12/1/2023 3:00:00 PM,12/1/2023 10:00:00 AM,SERC,WEST,EKPC,EKPC,1799.085,True
12/1/2023 4:00:00 PM,12/1/2023 11:00:00 AM,SERC,WEST,EKPC,EKPC,1792.017,True
12/1/2023 5:00:00 PM,12/1/2023 12:00:00 PM,SERC,WEST,EKPC,EKPC,1763.237,True
12/1/2023 6:00:00 PM,12/1/2023 1:00:00 PM,SERC,WEST,EKPC,EKPC,1713.261,True
12/1/2023 7:00:00 PM,12/1/2023 2:00:00 PM,SERC,WEST,EKPC,EKPC,1712.592,True
12/1/2023 8:00:00 PM,12/1/2023 3:00:00 PM,SERC,WEST,EKPC,EKPC,1653.810,True
12/1/2023 9:00:00 PM,12/1/2023 4:00:00 PM,SERC,WEST,EKPC,EKPC,1649.457,True
12/1/2023 10:00:00 PM,12/1/2023 5:00:00 PM,SERC,WEST,EKPC,EKPC,1642.993,True
12/1/2023 11:00:00 PM,12/1/2023 6:00:00 PM,SERC,WEST,EKPC,EKPC,1633.897,True
12/2/2023 12:00:00 AM,12/1/2023 7:00:00 PM,SERC,WEST,EKPC,EKPC,1589.566,True
12/2/2023 1:00:00 AM,12/1/2023 8:00:00 PM,SERC,WEST,EKPC,EKPC,1559.796,True
12/2/2023 2:00:00 AM,12/1/2023 9:00:00 PM,SERC,WEST,EKPC,EKPC,1506.480,True
12/2/2023 3:00:00 AM,12/1/2023 10:00:00 PM,SERC,WEST,EKPC,EKPC,1470.391,True
12/2/2023 4:00:00 AM,12/1/2023 11:00:00 PM,SERC,WEST,EKPC,EKPC,1395.763,True
12/2/2023 5:00:00 AM,12/2/2023 12:00:00 AM,SERC,WEST,EKPC,EKPC,1328.273,True
12/2/2023 6:00:00 AM,12/2/2023 1:00:00 AM,SERC,WEST,EKPC,EKPC,1320.390,True
12/2/2023 7:00:00 AM,12/2/2023 2:00:00 AM,SERC,WEST,EKPC,EKPC,1322.022,True
12/2/2023 8:00:00 AM,12/2/2023 3:00:00 AM,SERC,WEST,EKPC,EKPC,1308.038,True
12/2/2023 9:00:00 AM,12/2/2023 4:00:00 AM,SERC,WEST,EKPC,EKPC,1302.761,True
12/2/2023 10:00:00 AM,12/2/2023 5:00:00 AM,SERC,WEST,EKPC,EKPC,1338.175,True
12/2/2023 11:00:00 AM,12/2/2023 6:00:00 AM,SERC,WEST,EKPC,EKPC,1373.373,True
12/2/2023 12:00:00 PM,12/2/2023 7:00:00 AM,SERC,WEST,EKPC,EKPC,1418.517,True
12/2/2023 1:00:00 PM,12/2/2023 8:00:00 AM,SERC,WEST,EKPC,EKPC,1497.301,True
12/2/2023 2:00:00 PM,12/2/2023 9:00:00 AM,SERC,WEST,EKPC,EKPC,1524.111,True
12/2/2023 3:00:00 PM,12/2/2023 10:00:00 AM,SERC,WEST,EKPC,EKPC,1535.875,True
12/2/2023 4:00:00 PM,12/2/2023 11:00:00 AM,SERC,WEST,EKPC,EKPC,1455.281,True
12/2/2023 5:00:00 PM,12/2/2023 12:00:00 PM,SERC,WEST,EKPC,EKPC,1459.905,True
12/2/2023 6:00:00 PM,12/2/2023 1:00:00 PM,SERC,WEST,EKPC,EKPC,1450.920,True
12/2/2023 7:00:00 PM,12/2/2023 2:00:00 PM,SERC,WEST,EKPC,EKPC,1379.526,True
12/2/2023 8:00:00 PM,12/2/2023 3:00:00 PM,SERC,WEST,EKPC,EKPC,1352.409,True
12/2/2023 9:00:00 PM,12/2/2023 4:00:00 PM,SERC,WEST,EKPC,EKPC,1429.163,True
12/2/2023 10:00:00 PM,12/2/2023 5:00:00 PM,SERC,WEST,EKPC,EKPC,1392.601,True
12/2/2023 11:00:00 PM,12/2/2023 6:00:00 PM,SERC,WEST,EKPC,EKPC,1389.616,True
12/3/2023 12:00:00 AM,12/2/2023 7:00:00 PM,SERC,WEST,EKPC,EKPC,1464.882,True
12/3/2023 1:00:00 AM,12/2/2023 8:00:00 PM,SERC,WEST,EKPC,EKPC,1505.155,True
12/3/2023 2:00:00 AM,12/2/2023 9:00:00 PM,SERC,WEST,EKPC,EKPC,1456.842,True
12/3/2023 3:00:00 AM,12/2/2023 10:00:00 PM,SERC,WEST,EKPC,EKPC,1365.979,True
12/3/2023 4:00:00 AM,12/2/2023 11:00:00 PM,SERC,WEST,EKPC,EKPC,1303.703,True
12/3/2023 5:00:00 AM,12/3/2023 12:00:00 AM,SERC,WEST,EKPC,EKPC,1277.910,True
12/3/2023 6:00:00 AM,12/3/2023 1:00:00 AM,SERC,WEST,EKPC,EKPC,1289.793,True
12/3/2023 7:00:00 AM,12/3/2023 2:00:00 AM,SERC,WEST,EKPC,EKPC,1215.528,True
12/3/2023 8:00:00 AM,12/3/2023 3:00:00 AM,SERC,WEST,EKPC,EKPC,1246.962,True
12/3/2023 9:00:00 AM,12/3/2023 4:00:00 AM,SERC,WEST,EKPC,EKPC,1267.315,True
12/3/2023 10:00:00 AM,12/3/2023 5:00:00 AM,SERC,WEST,EKPC,EKPC,1286.992,True
12/3/2023 11:00:00 AM,12/3/2023 6:00:00 AM,SERC,WEST,EKPC,EKPC,1273.896,True
12/3/2023 12:00:00 PM,12/3/2023 7:00:00 AM,SERC,WEST,EKPC,EKPC,1402.799,True
12/3/2023 1:00:00 PM,12/3/2023 8:00:00 AM,SERC,WEST,EKPC,EKPC,1469.139,True
12/3/2023 2:00:00 PM,12/3/2023 9:00:00 AM,SERC,WEST,EKPC,EKPC,1531.943,True
12/3/2023 3:00:00 PM,12/3/2023 10:00:00 AM,SERC,WEST,EKPC,EKPC,1510.443,True
12/3/2023 4:00:00 PM,12/3/2023 11:00:00 AM,SERC,WEST,EKPC,EKPC,1512.140,True
12/3/2023 5:00:00 PM,12/3/2023 12:00:00 PM,SERC,WEST,EKPC,EKPC,1538.831,True
12/3/2023 6:00:00 PM,12/3/2023 1:00:00 PM,SERC,WEST,EKPC,EKPC,1485.363,True
12/3/2023 7:00:00 PM,12/3/2023 2:00:00 PM,SERC,WEST,EKPC,EKPC,1476.493,True
12/3/2023 8:00:00 PM,12/3/2023 3:00:00 PM,SERC,WEST,EKPC,EKPC,1407.370,True
12/3/2023 9:00:00 PM,12/3/2023 4:00:00 PM,SERC,WEST,EKPC,EKPC,1474.759,True
12/3/2023 10:00:00 PM,12/3/2023 5:00:00 PM,SERC,WEST,EKPC,EKPC,1620.513,True
12/3/2023 11:00:00 PM,12/3/2023 6:00:00 PM,SERC,WEST,EKPC,EKPC,1693.060,True
12/4/2023 12:00:00 AM,12/3/2023 7:00:00 PM,SERC,WEST,EKPC,EKPC,1722.301,True
12/4/2023 1:00:00 AM,12/3/2023 8:00:00 PM,SERC,WEST,EKPC,EKPC,1762.058,True
12/4/2023 2:00:00 AM,12/3/2023 9:00:00 PM,SERC,WEST,EKPC,EKPC,1737.409,True
12/4/2023 3:00:00 AM,12/3/2023 10:00:00 PM,SERC,WEST,EKPC,EKPC,1695.170,True
12/4/2023 4:00:00 AM,12/3/2023 11:00:00 PM,SERC,WEST,EKPC,EKPC,1675.748,True
12/4/2023 5:00:00 AM,12/4/2023 12:00:00 AM,SERC,WEST,EKPC,EKPC,1615.663,True
12/4/2023 6:00:00 AM,12/4/2023 1:00:00 AM,SERC,WEST,EKPC,EKPC,1663.144,True
12/4/2023 7:00:00 AM,12/4/2023 2:00:00 AM,SERC,WEST,EKPC,EKPC,1704.758,True
12/4/2023 8:00:00 AM,12/4/2023 3:00:00 AM,SERC,WEST,EKPC,EKPC,1702.154,True
12/4/2023 9:00:00 AM,12/4/2023 4:00:00 AM,SERC,WEST,EKPC,EKPC,1775.189,True
12/4/2023 10:00:00 AM,12/4/2023 5:00:00 AM,SERC,WEST,EKPC,EKPC,1877.884,True
12/4/2023 11:00:00 AM,12/4/2023 6:00:00 AM,SERC,WEST,EKPC,EKPC,2005.083,True
12/4/2023 12:00:00 PM,12/4/2023 7:00:00 AM,SERC,WEST,EKPC,EKPC,1950.055,True
12/4/2023 1:00:00 PM,12/4/2023 8:00:00 AM,SERC,WEST,EKPC,EKPC,1898.782,True
12/4/2023 2:00:00 PM,12/4/2023 9:00:00 AM,SERC,WEST,EKPC,EKPC,1928.119,True
12/4/2023 3:00:00 PM,12/4/2023 10:00:00 AM,SERC,WEST,EKPC,EKPC,1880.447,True
12/4/2023 4:00:00 PM,12/4/2023 11:00:00 AM,SERC,WEST,EKPC,EKPC,1832.931,True
12/4/2023 5:00:00 PM,12/4/2023 12:00:00 PM,SERC,WEST,EKPC,EKPC,1792.975,True
12/4/2023 6:00:00 PM,12/4/2023 1:00:00 PM,SERC,WEST,EKPC,EKPC,1746.460,True
12/4/2023 7:00:00 PM,12/4/2023 2:00:00 PM,SERC,WEST,EKPC,EKPC,1704.629,True
12/4/2023 8:00:00 PM,12/4/2023 3:00:00 PM,SERC,WEST,EKPC,EKPC,1691.369,True
12/4/2023 9:00:00 PM,12/4/2023 4:00:00 PM,SERC,WEST,EKPC,EKPC,1753.985,True
12/4/2023 10:00:00 PM,12/4/2023 5:00:00 PM,SERC,WEST,EKPC,EKPC,1831.335,True
12/4/2023 11:00:00 PM,12/4/2023 6:00:00 PM,SERC,WEST,EKPC,EKPC,1893.236,True
12/5/2023 12:00:00 AM,12/4/2023 7:00:00 PM,SERC,WEST,EKPC,EKPC,1849.079,True
12/5/2023 1:00:00 AM,12/4/2023 8:00:00 PM,SERC,WEST,EKPC,EKPC,1931.842,True
12/5/2023 2:00:00 AM,12/4/2023 9:00:00 PM,SERC,WEST,EKPC,EKPC,1759.125,True
12/5/2023 3:00:00 AM,12/4/2023 10:00:00 PM,SERC,WEST,EKPC,EKPC,1772.077,True
12/5/2023 4:00:00 AM,12/4/2023 11:00:00 PM,SERC,WEST,EKPC,EKPC,1745.269,True
12/5/2023 5:00:00 AM,12/5/2023 12:00:00 AM,SERC,WEST,EKPC,EKPC,1722.661,True
12/5/2023 6:00:00 AM,12/5/2023 1:00:00 AM,SERC,WEST,EKPC,EKPC,1783.071,True
12/5/2023 7:00:00 AM,12/5/2023 2:00:00 AM,SERC,WEST,EKPC,EKPC,1762.061,True
12/5/2023 8:00:00 AM,12/5/2023 3:00:00 AM,SERC,WEST,EKPC,EKPC,1880.270,True
12/5/2023 9:00:00 AM,12/5/2023 4:00:00 AM,SERC,WEST,EKPC,EKPC,1819.968,True
12/5/2023 10:00:00 AM,12/5/2023 5:00:00 AM,SERC,WEST,EKPC,EKPC,1947.001,True
12/5/2023 11:00:00 AM,12/5/2023 6:00:00 AM,SERC,WEST,EKPC,EKPC,2092.331,True
12/5/2023 12:00:00 PM,12/5/2023 7:00:00 AM,SERC,WEST,EKPC,EKPC,2071.347,True
12/5/2023 1:00:00 PM,12/5/2023 8:00:00 AM,SERC,WEST,EKPC,EKPC,1984.417,True
12/5/2023 2:00:00 PM,12/5/2023 9:00:00 AM,SERC,WEST,EKPC,EKPC,1991.763,True
12/5/2023 3:00:00 PM,12/5/2023 10:00:00 AM,SERC,WEST,EKPC,EKPC,1892.795,True
12/5/2023 4:00:00 PM,12/5/2023 11:00:00 AM,SERC,WEST,EKPC,EKPC,1799.886,True
12/5/2023 5:00:00 PM,12/5/2023 12:00:00 PM,SERC,WEST,EKPC,EKPC,1797.308,True
12/5/2023 6:00:00 PM,12/5/2023 1:00:00 PM,SERC,WEST,EKPC,EKPC,1713.204,True
12/5/2023 7:00:00 PM,12/5/2023 2:00:00 PM,SERC,WEST,EKPC,EKPC,1640.701,True
12/5/2023 8:00:00 PM,12/5/2023 3:00:00 PM,SERC,WEST,EKPC,EKPC,1725.351,True
12/5/2023 9:00:00 PM,12/5/2023 4:00:00 PM,SERC,WEST,EKPC,EKPC,1747.193,True
12/5/2023 10:00:00 PM,12/5/2023 5:00:00 PM,SERC,WEST,EKPC,EKPC,1841.759,True
12/5/2023 11:00:00 PM,12/5/2023 6:00:00 PM,SERC,WEST,EKPC,EKPC,1912.573,True
12/6/2023 12:00:00 AM,12/5/2023 7:00:00 PM,SERC,WEST,EKPC,EKPC,1917.253,True
12/6/2023 1:00:00 AM,12/5/2023 8:00:00 PM,SERC,WEST,EKPC,EKPC,1894.926,True
12/6/2023 2:00:00 AM,12/5/2023 9:00:00 PM,SERC,WEST,EKPC,EKPC,1857.667,True
12/6/2023 3:00:00 AM,12/5/2023 10:00:00 PM,SERC,WEST,EKPC,EKPC,1746.861,True
12/6/2023 4:00:00 AM,12/5/2023 11:00:00 PM,SERC,WEST,EKPC,EKPC,1631.035,True
12/6/2023 5:00:00 AM,12/6/2023 12:00:00 AM,SERC,WEST,EKPC,EKPC,1595.284,True
12/6/2023 6:00:00 AM,12/6/2023 1:00:00 AM,SERC,WEST,EKPC,EKPC,1554.532,True
12/6/2023 7:00:00 AM,12/6/2023 2:00:00 AM,SERC,WEST,EKPC,EKPC,1622.867,True
12/6/2023 8:00:00 AM,12/6/2023 3:00:00 AM,SERC,WEST,EKPC,EKPC,1598.416,True
12/6/2023 9:00:00 AM,12/6/2023 4:00:00 AM,SERC,WEST,EKPC,EKPC,1599.566,True
12/6/2023 10:00:00 AM,12/6/2023 5:00:00 AM,SERC,WEST,EKPC,EKPC,1698.187,True
12/6/2023 11:00:00 AM,12/6/2023 6:00:00 AM,SERC,WEST,EKPC,EKPC,1857.185,True
12/6/2023 12:00:00 PM,12/6/2023 7:00:00 AM,SERC,WEST,EKPC,EKPC,1888.253,True
12/6/2023 1:00:00 PM,12/6/2023 8:00:00 AM,SERC,WEST,EKPC,EKPC,1857.005,True
12/6/2023 2:00:00 PM,12/6/2023 9:00:00 AM,SERC,WEST,EKPC,EKPC,1827.093,True
12/6/2023 3:00:00 PM,12/6/2023 10:00:00 AM,SERC,WEST,EKPC,EKPC,1777.588,True
12/6/2023 4:00:00 PM,12/6/2023 11:00:00 AM,SERC,WEST,EKPC,EKPC,1746.215,True
12/6/2023 5:00:00 PM,12/6/2023 12:00:00 PM,SERC,WEST,EKPC,EKPC,1712.936,True
12/6/2023 6:00:00 PM,12/6/2023 1:00:00 PM,SERC,WEST,EKPC,EKPC,1705.598,True
12/6/2023 7:00:00 PM,12/6/2023 2:00:00 PM,SERC,WEST,EKPC,EKPC,1722.544,True
12/6/2023 8:00:00 PM,12/6/2023 3:00:00 PM,SERC,WEST,EKPC,EKPC,1721.592,True
12/6/2023 9:00:00 PM,12/6/2023 4:00:00 PM,SERC,WEST,EKPC,EKPC,1774.889,True
12/6/2023 10:00:00 PM,12/6/2023 5:00:00 PM,SERC,WEST,EKPC,EKPC,1888.736,True
12/6/2023 11:00:00 PM,12/6/2023 6:00:00 PM,SERC,WEST,EKPC,EKPC,2007.905,True
12/7/2023 12:00:00 AM,12/6/2023 7:00:00 PM,SERC,WEST,EKPC,EKPC,2050.662,True
12/7/2023 1:00:00 AM,12/6/2023 8:00:00 PM,SERC,WEST,EKPC,EKPC,2110.022,True
12/7/2023 2:00:00 AM,12/6/2023 9:00:00 PM,SERC,WEST,EKPC,EKPC,2090.642,True
12/7/2023 3:00:00 AM,12/6/2023 10:00:00 PM,SERC,WEST,EKPC,EKPC,1960.940,True
12/7/2023 4:00:00 AM,12/6/2023 11:00:00 PM,SERC,WEST,EKPC,EKPC,1946.679,True
12/7/2023 5:00:00 AM,12/7/2023 12:00:00 AM,SERC,WEST,EKPC,EKPC,1962.554,True
12/7/2023 6:00:00 AM,12/7/2023 1:00:00 AM,SERC,WEST,EKPC,EKPC,1985.521,True
12/7/2023 7:00:00 AM,12/7/2023 2:00:00 AM,SERC,WEST,EKPC,EKPC,1996.191,True
12/7/2023 8:00:00 AM,12/7/2023 3:00:00 AM,SERC,WEST,EKPC,EKPC,2008.512,True
12/7/2023 9:00:00 AM,12/7/2023 4:00:00 AM,SERC,WEST,EKPC,EKPC,2003.608,True
12/7/2023 10:00:00 AM,12/7/2023 5:00:00 AM,SERC,WEST,EKPC,EKPC,2108.527,True
12/7/2023 11:00:00 AM,12/7/2023 6:00:00 AM,SERC,WEST,EKPC,EKPC,2221.331,True
12/7/2023 12:00:00 PM,12/7/2023 7:00:00 AM,SERC,WEST,EKPC,EKPC,2219.875,True
12/7/2023 1:00:00 PM,12/7/2023 8:00:00 AM,SERC,WEST,EKPC,EKPC,2203.001,True
12/7/2023 2:00:00 PM,12/7/2023 9:00:00 AM,SERC,WEST,EKPC,EKPC,1986.156,True
12/7/2023 3:00:00 PM,12/7/2023 10:00:00 AM,SERC,WEST,EKPC,EKPC,1894.410,True
12/7/2023 4:00:00 PM,12/7/2023 11:00:00 AM,SERC,WEST,EKPC,EKPC,1744.745,True
12/7/2023 5:00:00 PM,12/7/2023 12:00:00 PM,SERC,WEST,EKPC,EKPC,1655.731,True
12/7/2023 6:00:00 PM,12/7/2023 1:00:00 PM,SERC,WEST,EKPC,EKPC,1572.603,True
12/7/2023 7:00:00 PM,12/7/2023 2:00:00 PM,SERC,WEST,EKPC,EKPC,1582.218,True
12/7/2023 8:00:00 PM,12/7/2023 3:00:00 PM,SERC,WEST,EKPC,EKPC,1514.779,True
12/7/2023 9:00:00 PM,12/7/2023 4:00:00 PM,SERC,WEST,EKPC,EKPC,1559.606,True
12/7/2023 10:00:00 PM,12/7/2023 5:00:00 PM,SERC,WEST,EKPC,EKPC,1713.126,True
12/7/2023 11:00:00 PM,12/7/2023 6:00:00 PM,SERC,WEST,EKPC,EKPC,1777.489,True
12/8/2023 12:00:00 AM,12/7/2023 7:00:00 PM,SERC,WEST,EKPC,EKPC,1807.287,True
12/8/2023 1:00:00 AM,12/7/2023 8:00:00 PM,SERC,WEST,EKPC,EKPC,1835.251,True
12/8/2023 2:00:00 AM,12/7/2023 9:00:00 PM,SERC,WEST,EKPC,EKPC,1816.460,True
12/8/2023 3:00:00 AM,12/7/2023 10:00:00 PM,SERC,WEST,EKPC,EKPC,1713.376,True
12/8/2023 4:00:00 AM,12/7/2023 11:00:00 PM,SERC,WEST,EKPC,EKPC,1590.794,True
12/8/2023 5:00:00 AM,12/8/2023 12:00:00 AM,SERC,WEST,EKPC,EKPC,1574.437,True
12/8/2023 6:00:00 AM,12/8/2023 1:00:00 AM,SERC,WEST,EKPC,EKPC,1617.575,True
12/8/2023 7:00:00 AM,12/8/2023 2:00:00 AM,SERC,WEST,EKPC,EKPC,1604.569,True
12/8/2023 8:00:00 AM,12/8/2023 3:00:00 AM,SERC,WEST,EKPC,EKPC,1632.146,True
12/8/2023 9:00:00 AM,12/8/2023 4:00:00 AM,SERC,WEST,EKPC,EKPC,1710.122,True
12/8/2023 10:00:00 AM,12/8/2023 5:00:00 AM,SERC,WEST,EKPC,EKPC,1818.781,True
12/8/2023 11:00:00 AM,12/8/2023 6:00:00 AM,SERC,WEST,EKPC,EKPC,1926.824,True
12/8/2023 12:00:00 PM,12/8/2023 7:00:00 AM,SERC,WEST,EKPC,EKPC,1971.511,True
12/8/2023 1:00:00 PM,12/8/2023 8:00:00 AM,SERC,WEST,EKPC,EKPC,1892.265,True
12/8/2023 2:00:00 PM,12/8/2023 9:00:00 AM,SERC,WEST,EKPC,EKPC,1816.404,True
12/8/2023 3:00:00 PM,12/8/2023 10:00:00 AM,SERC,WEST,EKPC,EKPC,1658.815,True
12/8/2023 4:00:00 PM,12/8/2023 11:00:00 AM,SERC,WEST,EKPC,EKPC,1581.661,True
12/8/2023 5:00:00 PM,12/8/2023 12:00:00 PM,SERC,WEST,EKPC,EKPC,1508.267,True
12/8/2023 6:00:00 PM,12/8/2023 1:00:00 PM,SERC,WEST,EKPC,EKPC,1422.112,True
12/8/2023 7:00:00 PM,12/8/2023 2:00:00 PM,SERC,WEST,EKPC,EKPC,1316.533,True
12/8/2023 8:00:00 PM,12/8/2023 3:00:00 PM,SERC,WEST,EKPC,EKPC,1375.645,True
12/8/2023 9:00:00 PM,12/8/2023 4:00:00 PM,SERC,WEST,EKPC,EKPC,1442.473,True
12/8/2023 10:00:00 PM,12/8/2023 5:00:00 PM,SERC,WEST,EKPC,EKPC,1451.924,True
12/8/2023 11:00:00 PM,12/8/2023 6:00:00 PM,SERC,WEST,EKPC,EKPC,1485.914,True
12/9/2023 12:00:00 AM,12/8/2023 7:00:00 PM,SERC,WEST,EKPC,EKPC,1581.536,True
12/9/2023 1:00:00 AM,12/8/2023 8:00:00 PM,SERC,WEST,EKPC,EKPC,1480.085,True
12/9/2023 2:00:00 AM,12/8/2023 9:00:00 PM,SERC,WEST,EKPC,EKPC,1462.442,True
12/9/2023 3:00:00 AM,12/8/2023 10:00:00 PM,SERC,WEST,EKPC,EKPC,1491.164,True
12/9/2023 4:00:00 AM,12/8/2023 11:00:00 PM,SERC,WEST,EKPC,EKPC,1423.428,True
12/9/2023 5:00:00 AM,12/9/2023 12:00:00 AM,SERC,WEST,EKPC,EKPC,1368.142,True
12/9/2023 6:00:00 AM,12/9/2023 1:00:00 AM,SERC,WEST,EKPC,EKPC,1365.286,True
12/9/2023 7:00:00 AM,12/9/2023 2:00:00 AM,SERC,WEST,EKPC,EKPC,1346.479,True
12/9/2023 8:00:00 AM,12/9/2023 3:00:00 AM,SERC,WEST,EKPC,EKPC,1314.240,True
12/9/2023 9:00:00 AM,12/9/2023 4:00:00 AM,SERC,WEST,EKPC,EKPC,1324.154,True
12/9/2023 10:00:00 AM,12/9/2023 5:00:00 AM,SERC,WEST,EKPC,EKPC,1296.831,True
12/9/2023 11:00:00 AM,12/9/2023 6:00:00 AM,SERC,WEST,EKPC,EKPC,1389.225,True
12/9/2023 12:00:00 PM,12/9/2023 7:00:00 AM,SERC,WEST,EKPC,EKPC,1419.802,True
12/9/2023 1:00:00 PM,12/9/2023 8:00:00 AM,SERC,WEST,EKPC,EKPC,1491.190,True
12/9/2023 2:00:00 PM,12/9/2023 9:00:00 AM,SERC,WEST,EKPC,EKPC,1464.205,True
12/9/2023 3:00:00 PM,12/9/2023 10:00:00 AM,SERC,WEST,EKPC,EKPC,1449.930,True
12/9/2023 4:00:00 PM,12/9/2023 11:00:00 AM,SERC,WEST,EKPC,EKPC,1465.624,True
12/9/2023 5:00:00 PM,12/9/2023 12:00:00 PM,SERC,WEST,EKPC,EKPC,1402.065,True
12/9/2023 6:00:00 PM,12/9/2023 1:00:00 PM,SERC,WEST,EKPC,EKPC,1476.655,True
12/9/2023 7:00:00 PM,12/9/2023 2:00:00 PM,SERC,WEST,EKPC,EKPC,1465.502,True
12/9/2023 8:00:00 PM,12/9/2023 3:00:00 PM,SERC,WEST,EKPC,EKPC,1481.507,True
12/9/2023 9:00:00 PM,12/9/2023 4:00:00 PM,SERC,WEST,EKPC,EKPC,1396.356,True
12/9/2023 10:00:00 PM,12/9/2023 5:00:00 PM,SERC,WEST,EKPC,EKPC,1450.316,True
12/9/2023 11:00:00 PM,12/9/2023 6:00:00 PM,SERC,WEST,EKPC,EKPC,1478.913,True
12/10/2023 12:00:00 AM,12/9/2023 7:00:00 PM,SERC,WEST,EKPC,EKPC,1449.154,True
12/10/2023 1:00:00 AM,12/9/2023 8:00:00 PM,SERC,WEST,EKPC,EKPC,1451.085,True
12/10/2023 2:00:00 AM,12/9/2023 9:00:00 PM,SERC,WEST,EKPC,EKPC,1364.748,True
12/10/2023 3:00:00 AM,12/9/2023 10:00:00 PM,SERC,WEST,EKPC,EKPC,1352.344,True
12/10/2023 4:00:00 AM,12/9/2023 11:00:00 PM,SERC,WEST,EKPC,EKPC,1316.564,True
12/10/2023 5:00:00 AM,12/10/2023 12:00:00 AM,SERC,WEST,EKPC,EKPC,1231.054,True
12/10/2023 6:00:00 AM,12/10/2023 1:00:00 AM,SERC,WEST,EKPC,EKPC,1198.859,True
12/10/2023 7:00:00 AM,12/10/2023 2:00:00 AM,SERC,WEST,EKPC,EKPC,1210.552,True
12/10/2023 8:00:00 AM,12/10/2023 3:00:00 AM,SERC,WEST,EKPC,EKPC,1230.544,True
12/10/2023 9:00:00 AM,12/10/2023 4:00:00 AM,SERC,WEST,EKPC,EKPC,1334.340,True
12/10/2023 10:00:00 AM,12/10/2023 5:00:00 AM,SERC,WEST,EKPC,EKPC,1367.075,True
12/10/2023 11:00:00 AM,12/10/2023 6:00:00 AM,SERC,WEST,EKPC,EKPC,1497.082,True
12/10/2023 12:00:00 PM,12/10/2023 7:00:00 AM,SERC,WEST,EKPC,EKPC,1540.297,True
12/10/2023 1:00:00 PM,12/10/2023 8:00:00 AM,SERC,WEST,EKPC,EKPC,1687.470,True
12/10/2023 2:00:00 PM,12/10/2023 9:00:00 AM,SERC,WEST,EKPC,EKPC,1788.319,True
12/10/2023 3:00:00 PM,12/10/2023 10:00:00 AM,SERC,WEST,EKPC,EKPC,1713.864,True
12/10/2023 4:00:00 PM,12/10/2023 11:00:00 AM,SERC,WEST,EKPC,EKPC,1776.977,True
12/10/2023 5:00:00 PM,12/10/2023 12:00:00 PM,SERC,WEST,EKPC,EKPC,1774.342,True
12/10/2023 6:00:00 PM,12/10/2023 1:00:00 PM,SERC,WEST,EKPC,EKPC,1802.389,True
12/10/2023 7:00:00 PM,12/10/2023 2:00:00 PM,SERC,WEST,EKPC,EKPC,1822.060,True
12/10/2023 8:00:00 PM,12/10/2023 3:00:00 PM,SERC,WEST,EKPC,EKPC,1850.501,True
12/10/2023 9:00:00 PM,12/10/2023 4:00:00 PM,SERC,WEST,EKPC,EKPC,1883.240,True
12/10/2023 10:00:00 PM,12/10/2023 5:00:00 PM,SERC,WEST,EKPC,EKPC,1993.040,True
12/10/2023 11:00:00 PM,12/10/2023 6:00:00 PM,SERC,WEST,EKPC,EKPC,1993.209,True
12/11/2023 12:00:00 AM,12/10/2023 7:00:00 PM,SERC,WEST,EKPC,EKPC,2039.420,True
12/11/2023 1:00:00 AM,12/10/2023 8:00:00 PM,SERC,WEST,EKPC,EKPC,1996.868,True
12/11/2023 2:00:00 AM,12/10/2023 9:00:00 PM,SERC,WEST,EKPC,EKPC,1908.301,True
12/11/2023 3:00:00 AM,12/10/2023 10:00:00 PM,SERC,WEST,EKPC,EKPC,1904.006,True
12/11/2023 4:00:00 AM,12/10/2023 11:00:00 PM,SERC,WEST,EKPC,EKPC,1852.863,True
12/11/2023 5:00:00 AM,12/11/2023 12:00:00 AM,SERC,WEST,EKPC,EKPC,1798.933,True
12/11/2023 6:00:00 AM,12/11/2023 1:00:00 AM,SERC,WEST,EKPC,EKPC,1796.255,True
12/11/2023 7:00:00 AM,12/11/2023 2:00:00 AM,SERC,WEST,EKPC,EKPC,1764.287,True
12/11/2023 8:00:00 AM,12/11/2023 3:00:00 AM,SERC,WEST,EKPC,EKPC,1820.360,True
12/11/2023 9:00:00 AM,12/11/2023 4:00:00 AM,SERC,WEST,EKPC,EKPC,1838.632,True
12/11/2023 10:00:00 AM,12/11/2023 5:00:00 AM,SERC,WEST,EKPC,EKPC,1935.892,True
12/11/2023 11:00:00 AM,12/11/2023 6:00:00 AM,SERC,WEST,EKPC,EKPC,2095.294,True
12/11/2023 12:00:00 PM,12/11/2023 7:00:00 AM,SERC,WEST,EKPC,EKPC,2145.434,True
12/11/2023 1:00:00 PM,12/11/2023 8:00:00 AM,SERC,WEST,EKPC,EKPC,2141.560,True
12/11/2023 2:00:00 PM,12/11/2023 9:00:00 AM,SERC,WEST,EKPC,EKPC,2077.479,True
12/11/2023 3:00:00 PM,12/11/2023 10:00:00 AM,SERC,WEST,EKPC,EKPC,2024.476,True
12/11/2023 4:00:00 PM,12/11/2023 11:00:00 AM,SERC,WEST,EKPC,EKPC,1957.910,True
12/11/2023 5:00:00 PM,12/11/2023 12:00:00 PM,SERC,WEST,EKPC,EKPC,1901.781,True
12/11/2023 6:00:00 PM,12/11/2023 1:00:00 PM,SERC,WEST,EKPC,EKPC,1831.042,True
12/11/2023 7:00:00 PM,12/11/2023 2:00:00 PM,SERC,WEST,EKPC,EKPC,1754.377,True
12/11/2023 8:00:00 PM,12/11/2023 3:00:00 PM,SERC,WEST,EKPC,EKPC,1737.284,True
12/11/2023 9:00:00 PM,12/11/2023 4:00:00 PM,SERC,WEST,EKPC,EKPC,1782.753,True
12/11/2023 10:00:00 PM,12/11/2023 5:00:00 PM,SERC,WEST,EKPC,EKPC,1938.419,True
12/11/2023 11:00:00 PM,12/11/2023 6:00:00 PM,SERC,WEST,EKPC,EKPC,2091.809,True
12/12/2023 12:00:00 AM,12/11/2023 7:00:00 PM,SERC,WEST,EKPC,EKPC,2109.700,True
12/12/2023 1:00:00 AM,12/11/2023 8:00:00 PM,SERC,WEST,EKPC,EKPC,2150.521,True
12/12/2023 2:00:00 AM,12/11/2023 9:00:00 PM,SERC,WEST,EKPC,EKPC,2157.190,True
12/12/2023 3:00:00 AM,12/11/2023 10:00:00 PM,SERC,WEST,EKPC,EKPC,2023.575,True
12/12/2023 4:00:00 AM,12/11/2023 11:00:00 PM,SERC,WEST,EKPC,EKPC,2004.480,True
12/12/2023 5:00:00 AM,12/12/2023 12:00:00 AM,SERC,WEST,EKPC,EKPC,1995.844,True
12/12/2023 6:00:00 AM,12/12/2023 1:00:00 AM,SERC,WEST,EKPC,EKPC,2107.409,True
12/12/2023 7:00:00 AM,12/12/2023 2:00:00 AM,SERC,WEST,EKPC,EKPC,2129.508,True
12/12/2023 8:00:00 AM,12/12/2023 3:00:00 AM,SERC,WEST,EKPC,EKPC,2167.019,True
12/12/2023 9:00:00 AM,12/12/2023 4:00:00 AM,SERC,WEST,EKPC,EKPC,2210.012,True
12/12/2023 10:00:00 AM,12/12/2023 5:00:00 AM,SERC,WEST,EKPC,EKPC,2328.377,True
12/12/2023 11:00:00 AM,12/12/2023 6:00:00 AM,SERC,WEST,EKPC,EKPC,2445.941,True
12/12/2023 12:00:00 PM,12/12/2023 7:00:00 AM,SERC,WEST,EKPC,EKPC,2458.565,True
12/12/2023 1:00:00 PM,12/12/2023 8:00:00 AM,SERC,WEST,EKPC,EKPC,2369.616,True
12/12/2023 2:00:00 PM,12/12/2023 9:00:00 AM,SERC,WEST,EKPC,EKPC,2188.639,True
12/12/2023 3:00:00 PM,12/12/2023 10:00:00 AM,SERC,WEST,EKPC,EKPC,1997.799,True
12/12/2023 4:00:00 PM,12/12/2023 11:00:00 AM,SERC,WEST,EKPC,EKPC,1771.136,True
12/12/2023 5:00:00 PM,12/12/2023 12:00:00 PM,SERC,WEST,EKPC,EKPC,1696.210,True
12/12/2023 6:00:00 PM,12/12/2023 1:00:00 PM,SERC,WEST,EKPC,EKPC,1617.017,True
12/12/2023 7:00:00 PM,12/12/2023 2:00:00 PM,SERC,WEST,EKPC,EKPC,1543.623,True
12/12/2023 8:00:00 PM,12/12/2023 3:00:00 PM,SERC,WEST,EKPC,EKPC,1557.456,True
12/12/2023 9:00:00 PM,12/12/2023 4:00:00 PM,SERC,WEST,EKPC,EKPC,1618.239,True
12/12/2023 10:00:00 PM,12/12/2023 5:00:00 PM,SERC,WEST,EKPC,EKPC,1781.357,True
12/12/2023 11:00:00 PM,12/12/2023 6:00:00 PM,SERC,WEST,EKPC,EKPC,1912.636,True
12/13/2023 12:00:00 AM,12/12/2023 7:00:00 PM,SERC,WEST,EKPC,EKPC,1959.110,True
12/13/2023 1:00:00 AM,12/12/2023 8:00:00 PM,SERC,WEST,EKPC,EKPC,1990.480,True
12/13/2023 2:00:00 AM,12/12/2023 9:00:00 PM,SERC,WEST,EKPC,EKPC,1933.850,True
12/13/2023 3:00:00 AM,12/12/2023 10:00:00 PM,SERC,WEST,EKPC,EKPC,1879.627,True
12/13/2023 4:00:00 AM,12/12/2023 11:00:00 PM,SERC,WEST,EKPC,EKPC,1855.984,True
12/13/2023 5:00:00 AM,12/13/2023 12:00:00 AM,SERC,WEST,EKPC,EKPC,1881.610,True
12/13/2023 6:00:00 AM,12/13/2023 1:00:00 AM,SERC,WEST,EKPC,EKPC,1853.674,True
12/13/2023 7:00:00 AM,12/13/2023 2:00:00 AM,SERC,WEST,EKPC,EKPC,1809.411,True
12/13/2023 8:00:00 AM,12/13/2023 3:00:00 AM,SERC,WEST,EKPC,EKPC,1868.230,True
12/13/2023 9:00:00 AM,12/13/2023 4:00:00 AM,SERC,WEST,EKPC,EKPC,1912.607,True
12/13/2023 10:00:00 AM,12/13/2023 5:00:00 AM,SERC,WEST,EKPC,EKPC,2013.243,True
12/13/2023 11:00:00 AM,12/13/2023 6:00:00 AM,SERC,WEST,EKPC,EKPC,2180.495,True
12/13/2023 12:00:00 PM,12/13/2023 7:00:00 AM,SERC,WEST,EKPC,EKPC,2208.515,True
12/13/2023 1:00:00 PM,12/13/2023 8:00:00 AM,SERC,WEST,EKPC,EKPC,2155.545,True
12/13/2023 2:00:00 PM,12/13/2023 9:00:00 AM,SERC,WEST,EKPC,EKPC,1974.236,True
12/13/2023 3:00:00 PM,12/13/2023 10:00:00 AM,SERC,WEST,EKPC,EKPC,1811.420,True
12/13/2023 4:00:00 PM,12/13/2023 11:00:00 AM,SERC,WEST,EKPC,EKPC,1629.875,True
12/13/2023 5:00:00 PM,12/13/2023 12:00:00 PM,SERC,WEST,EKPC,EKPC,1543.042,True
12/13/2023 6:00:00 PM,12/13/2023 1:00:00 PM,SERC,WEST,EKPC,EKPC,1532.941,True
12/13/2023 7:00:00 PM,12/13/2023 2:00:00 PM,SERC,WEST,EKPC,EKPC,1400.243,True
12/13/2023 8:00:00 PM,12/13/2023 3:00:00 PM,SERC,WEST,EKPC,EKPC,1471.490,True
12/13/2023 9:00:00 PM,12/13/2023 4:00:00 PM,SERC,WEST,EKPC,EKPC,1560.994,True
12/13/2023 10:00:00 PM,12/13/2023 5:00:00 PM,SERC,WEST,EKPC,EKPC,1663.844,True
12/13/2023 11:00:00 PM,12/13/2023 6:00:00 PM,SERC,WEST,EKPC,EKPC,1797.185,True
12/14/2023 12:00:00 AM,12/13/2023 7:00:00 PM,SERC,WEST,EKPC,EKPC,1853.754,True
12/14/2023 1:00:00 AM,12/13/2023 8:00:00 PM,SERC,WEST,EKPC,EKPC,1934.245,True
12/14/2023 2:00:00 AM,12/13/2023 9:00:00 PM,SERC,WEST,EKPC,EKPC,2004.211,True
12/14/2023 3:00:00 AM,12/13/2023 10:00:00 PM,SERC,WEST,EKPC,EKPC,1960.316,True
12/14/2023 4:00:00 AM,12/13/2023 11:00:00 PM,SERC,WEST,EKPC,EKPC,1892.187,True
12/14/2023 5:00:00 AM,12/14/2023 12:00:00 AM,SERC,WEST,EKPC,EKPC,1929.743,True
12/14/2023 6:00:00 AM,12/14/2023 1:00:00 AM,SERC,WEST,EKPC,EKPC,2000.992,True
12/14/2023 7:00:00 AM,12/14/2023 2:00:00 AM,SERC,WEST,EKPC,EKPC,2020.953,True
12/14/2023 8:00:00 AM,12/14/2023 3:00:00 AM,SERC,WEST,EKPC,EKPC,2046.531,True
12/14/2023 9:00:00 AM,12/14/2023 4:00:00 AM,SERC,WEST,EKPC,EKPC,2159.174,True
12/14/2023 10:00:00 AM,12/14/2023 5:00:00 AM,SERC,WEST,EKPC,EKPC,2179.876,True
12/14/2023 11:00:00 AM,12/14/2023 6:00:00 AM,SERC,WEST,EKPC,EKPC,2365.018,True
12/14/2023 12:00:00 PM,12/14/2023 7:00:00 AM,SERC,WEST,EKPC,EKPC,2393.201,True
12/14/2023 1:00:00 PM,12/14/2023 8:00:00 AM,SERC,WEST,EKPC,EKPC,2303.342,True
12/14/2023 2:00:00 PM,12/14/2023 9:00:00 AM,SERC,WEST,EKPC,EKPC,2113.264,True
12/14/2023 3:00:00 PM,12/14/2023 10:00:00 AM,SERC,WEST,EKPC,EKPC,1899.148,True
12/14/2023 4:00:00 PM,12/14/2023 11:00:00 AM,SERC,WEST,EKPC,EKPC,1779.244,True
12/14/2023 5:00:00 PM,12/14/2023 12:00:00 PM,SERC,WEST,EKPC,EKPC,1687.079,True
12/14/2023 6:00:00 PM,12/14/2023 1:00:00 PM,SERC,WEST,EKPC,EKPC,1569.329,True
12/14/2023 7:00:00 PM,12/14/2023 2:00:00 PM,SERC,WEST,EKPC,EKPC,1442.659,True
12/14/2023 8:00:00 PM,12/14/2023 3:00:00 PM,SERC,WEST,EKPC,EKPC,1502.113,True
12/14/2023 9:00:00 PM,12/14/2023 4:00:00 PM,SERC,WEST,EKPC,EKPC,1579.558,True
12/14/2023 10:00:00 PM,12/14/2023 5:00:00 PM,SERC,WEST,EKPC,EKPC,1754.735,True
12/14/2023 11:00:00 PM,12/14/2023 6:00:00 PM,SERC,WEST,EKPC,EKPC,1847.719,True
12/15/2023 12:00:00 AM,12/14/2023 7:00:00 PM,SERC,WEST,EKPC,EKPC,1984.458,True
12/15/2023 1:00:00 AM,12/14/2023 8:00:00 PM,SERC,WEST,EKPC,EKPC,1967.249,True
12/15/2023 2:00:00 AM,12/14/2023 9:00:00 PM,SERC,WEST,EKPC,EKPC,1990.620,True
12/15/2023 3:00:00 AM,12/14/2023 10:00:00 PM,SERC,WEST,EKPC,EKPC,1980.882,True
12/15/2023 4:00:00 AM,12/14/2023 11:00:00 PM,SERC,WEST,EKPC,EKPC,1798.413,True
12/15/2023 5:00:00 AM,12/15/2023 12:00:00 AM,SERC,WEST,EKPC,EKPC,1777.351,True
12/15/2023 6:00:00 AM,12/15/2023 1:00:00 AM,SERC,WEST,EKPC,EKPC,1811.887,True
12/15/2023 7:00:00 AM,12/15/2023 2:00:00 AM,SERC,WEST,EKPC,EKPC,1859.242,True
12/15/2023 8:00:00 AM,12/15/2023 3:00:00 AM,SERC,WEST,EKPC,EKPC,2029.252,True
12/15/2023 9:00:00 AM,12/15/2023 4:00:00 AM,SERC,WEST,EKPC,EKPC,2104.584,True
12/15/2023 10:00:00 AM,12/15/2023 5:00:00 AM,SERC,WEST,EKPC,EKPC,2244.874,True
12/15/2023 11:00:00 AM,12/15/2023 6:00:00 AM,SERC,WEST,EKPC,EKPC,2282.945,True
12/15/2023 12:00:00 PM,12/15/2023 7:00:00 AM,SERC,WEST,EKPC,EKPC,2417.920,True
12/15/2023 1:00:00 PM,12/15/2023 8:00:00 AM,SERC,WEST,EKPC,EKPC,2365.333,True
12/15/2023 2:00:00 PM,12/15/2023 9:00:00 AM,SERC,WEST,EKPC,EKPC,2182.301,True
12/15/2023 3:00:00 PM,12/15/2023 10:00:00 AM,SERC,WEST,EKPC,EKPC,1975.990,True
12/15/2023 4:00:00 PM,12/15/2023 11:00:00 AM,SERC,WEST,EKPC,EKPC,1775.101,True
12/15/2023 5:00:00 PM,12/15/2023 12:00:00 PM,SERC,WEST,EKPC,EKPC,1591.895,True
12/15/2023 6:00:00 PM,12/15/2023 1:00:00 PM,SERC,WEST,EKPC,EKPC,1440.983,True
12/15/2023 7:00:00 PM,12/15/2023 2:00:00 PM,SERC,WEST,EKPC,EKPC,1460.570,True
12/15/2023 8:00:00 PM,12/15/2023 3:00:00 PM,SERC,WEST,EKPC,EKPC,1488.885,True
12/15/2023 9:00:00 PM,12/15/2023 4:00:00 PM,SERC,WEST,EKPC,EKPC,1543.099,True
12/15/2023 10:00:00 PM,12/15/2023 5:00:00 PM,SERC,WEST,EKPC,EKPC,1645.709,True
12/15/2023 11:00:00 PM,12/15/2023 6:00:00 PM,SERC,WEST,EKPC,EKPC,1736.941,True
12/16/2023 12:00:00 AM,12/15/2023 7:00:00 PM,SERC,WEST,EKPC,EKPC,1773.579,True
12/16/2023 1:00:00 AM,12/15/2023 8:00:00 PM,SERC,WEST,EKPC,EKPC,1823.113,True
12/16/2023 2:00:00 AM,12/15/2023 9:00:00 PM,SERC,WEST,EKPC,EKPC,1819.392,True
12/16/2023 3:00:00 AM,12/15/2023 10:00:00 PM,SERC,WEST,EKPC,EKPC,1821.969,True
12/16/2023 4:00:00 AM,12/15/2023 11:00:00 PM,SERC,WEST,EKPC,EKPC,1687.652,True
12/16/2023 5:00:00 AM,12/16/2023 12:00:00 AM,SERC,WEST,EKPC,EKPC,1675.362,True
12/16/2023 6:00:00 AM,12/16/2023 1:00:00 AM,SERC,WEST,EKPC,EKPC,1822.632,True
12/16/2023 7:00:00 AM,12/16/2023 2:00:00 AM,SERC,WEST,EKPC,EKPC,1831.494,True
12/16/2023 8:00:00 AM,12/16/2023 3:00:00 AM,SERC,WEST,EKPC,EKPC,1838.887,True
12/16/2023 9:00:00 AM,12/16/2023 4:00:00 AM,SERC,WEST,EKPC,EKPC,1897.500,True
12/16/2023 10:00:00 AM,12/16/2023 5:00:00 AM,SERC,WEST,EKPC,EKPC,1928.694,True
12/16/2023 11:00:00 AM,12/16/2023 6:00:00 AM,SERC,WEST,EKPC,EKPC,2007.115,True
12/16/2023 12:00:00 PM,12/16/2023 7:00:00 AM,SERC,WEST,EKPC,EKPC,2036.362,True
12/16/2023 1:00:00 PM,12/16/2023 8:00:00 AM,SERC,WEST,EKPC,EKPC,2071.010,True
12/16/2023 2:00:00 PM,12/16/2023 9:00:00 AM,SERC,WEST,EKPC,EKPC,1988.746,True
12/16/2023 3:00:00 PM,12/16/2023 10:00:00 AM,SERC,WEST,EKPC,EKPC,1804.753,True
12/16/2023 4:00:00 PM,12/16/2023 11:00:00 AM,SERC,WEST,EKPC,EKPC,1754.930,True
12/16/2023 5:00:00 PM,12/16/2023 12:00:00 PM,SERC,WEST,EKPC,EKPC,1650.868,True
12/16/2023 6:00:00 PM,12/16/2023 1:00:00 PM,SERC,WEST,EKPC,EKPC,1606.132,True
12/16/2023 7:00:00 PM,12/16/2023 2:00:00 PM,SERC,WEST,EKPC,EKPC,1488.977,True
12/16/2023 8:00:00 PM,12/16/2023 3:00:00 PM,SERC,WEST,EKPC,EKPC,1383.418,True
12/16/2023 9:00:00 PM,12/16/2023 4:00:00 PM,SERC,WEST,EKPC,EKPC,1496.526,True
12/16/2023 10:00:00 PM,12/16/2023 5:00:00 PM,SERC,WEST,EKPC,EKPC,1595.534,True
12/16/2023 11:00:00 PM,12/16/2023 6:00:00 PM,SERC,WEST,EKPC,EKPC,1487.010,True
12/17/2023 12:00:00 AM,12/16/2023 7:00:00 PM,SERC,WEST,EKPC,EKPC,1480.651,True
12/17/2023 1:00:00 AM,12/16/2023 8:00:00 PM,SERC,WEST,EKPC,EKPC,1534.492,True
12/17/2023 2:00:00 AM,12/16/2023 9:00:00 PM,SERC,WEST,EKPC,EKPC,1452.796,True
12/17/2023 3:00:00 AM,12/16/2023 10:00:00 PM,SERC,WEST,EKPC,EKPC,1417.122,True
12/17/2023 4:00:00 AM,12/16/2023 11:00:00 PM,SERC,WEST,EKPC,EKPC,1447.575,True
12/17/2023 5:00:00 AM,12/17/2023 12:00:00 AM,SERC,WEST,EKPC,EKPC,1416.661,True
12/17/2023 6:00:00 AM,12/17/2023 1:00:00 AM,SERC,WEST,EKPC,EKPC,1406.061,True
12/17/2023 7:00:00 AM,12/17/2023 2:00:00 AM,SERC,WEST,EKPC,EKPC,1358.731,True
12/17/2023 8:00:00 AM,12/17/2023 3:00:00 AM,SERC,WEST,EKPC,EKPC,1345.076,True
12/17/2023 9:00:00 AM,12/17/2023 4:00:00 AM,SERC,WEST,EKPC,EKPC,1399.999,True
12/17/2023 10:00:00 AM,12/17/2023 5:00:00 AM,SERC,WEST,EKPC,EKPC,1447.770,True
12/17/2023 11:00:00 AM,12/17/2023 6:00:00 AM,SERC,WEST,EKPC,EKPC,1491.067,True
12/17/2023 12:00:00 PM,12/17/2023 7:00:00 AM,SERC,WEST,EKPC,EKPC,1546.598,True
12/17/2023 1:00:00 PM,12/17/2023 8:00:00 AM,SERC,WEST,EKPC,EKPC,1589.068,True
12/17/2023 2:00:00 PM,12/17/2023 9:00:00 AM,SERC,WEST,EKPC,EKPC,1641.756,True
12/17/2023 3:00:00 PM,12/17/2023 10:00:00 AM,SERC,WEST,EKPC,EKPC,1553.153,True
12/17/2023 4:00:00 PM,12/17/2023 11:00:00 AM,SERC,WEST,EKPC,EKPC,1458.740,True
12/17/2023 5:00:00 PM,12/17/2023 12:00:00 PM,SERC,WEST,EKPC,EKPC,1510.632,True
12/17/2023 6:00:00 PM,12/17/2023 1:00:00 PM,SERC,WEST,EKPC,EKPC,1504.831,True
12/17/2023 7:00:00 PM,12/17/2023 2:00:00 PM,SERC,WEST,EKPC,EKPC,1562.660,True
12/17/2023 8:00:00 PM,12/17/2023 3:00:00 PM,SERC,WEST,EKPC,EKPC,1644.044,True
12/17/2023 9:00:00 PM,12/17/2023 4:00:00 PM,SERC,WEST,EKPC,EKPC,1658.630,True
12/17/2023 10:00:00 PM,12/17/2023 5:00:00 PM,SERC,WEST,EKPC,EKPC,1715.501,True
12/17/2023 11:00:00 PM,12/17/2023 6:00:00 PM,SERC,WEST,EKPC,EKPC,1775.738,True
12/18/2023 12:00:00 AM,12/17/2023 7:00:00 PM,SERC,WEST,EKPC,EKPC,1799.371,True
12/18/2023 1:00:00 AM,12/17/2023 8:00:00 PM,SERC,WEST,EKPC,EKPC,1653.321,True
12/18/2023 2:00:00 AM,12/17/2023 9:00:00 PM,SERC,WEST,EKPC,EKPC,1569.365,True
12/18/2023 3:00:00 AM,12/17/2023 10:00:00 PM,SERC,WEST,EKPC,EKPC,1526.367,True
12/18/2023 4:00:00 AM,12/17/2023 11:00:00 PM,SERC,WEST,EKPC,EKPC,1467.517,True
12/18/2023 5:00:00 AM,12/18/2023 12:00:00 AM,SERC,WEST,EKPC,EKPC,1432.256,True
12/18/2023 6:00:00 AM,12/18/2023 1:00:00 AM,SERC,WEST,EKPC,EKPC,1591.465,True
12/18/2023 7:00:00 AM,12/18/2023 2:00:00 AM,SERC,WEST,EKPC,EKPC,1637.924,True
12/18/2023 8:00:00 AM,12/18/2023 3:00:00 AM,SERC,WEST,EKPC,EKPC,1663.741,True
12/18/2023 9:00:00 AM,12/18/2023 4:00:00 AM,SERC,WEST,EKPC,EKPC,1591.818,True
12/18/2023 10:00:00 AM,12/18/2023 5:00:00 AM,SERC,WEST,EKPC,EKPC,1705.821,True
12/18/2023 11:00:00 AM,12/18/2023 6:00:00 AM,SERC,WEST,EKPC,EKPC,1920.179,True
12/18/2023 12:00:00 PM,12/18/2023 7:00:00 AM,SERC,WEST,EKPC,EKPC,1996.296,True
12/18/2023 1:00:00 PM,12/18/2023 8:00:00 AM,SERC,WEST,EKPC,EKPC,2003.418,True
12/18/2023 2:00:00 PM,12/18/2023 9:00:00 AM,SERC,WEST,EKPC,EKPC,2010.701,True
12/18/2023 3:00:00 PM,12/18/2023 10:00:00 AM,SERC,WEST,EKPC,EKPC,2030.461,True
12/18/2023 4:00:00 PM,12/18/2023 11:00:00 AM,SERC,WEST,EKPC,EKPC,2097.306,True
12/18/2023 5:00:00 PM,12/18/2023 12:00:00 PM,SERC,WEST,EKPC,EKPC,2134.238,True
12/18/2023 6:00:00 PM,12/18/2023 1:00:00 PM,SERC,WEST,EKPC,EKPC,2144.771,True
12/18/2023 7:00:00 PM,12/18/2023 2:00:00 PM,SERC,WEST,EKPC,EKPC,2141.782,True
12/18/2023 8:00:00 PM,12/18/2023 3:00:00 PM,SERC,WEST,EKPC,EKPC,2203.648,True
12/18/2023 9:00:00 PM,12/18/2023 4:00:00 PM,SERC,WEST,EKPC,EKPC,2196.152,True
12/18/2023 10:00:00 PM,12/18/2023 5:00:00 PM,SERC,WEST,EKPC,EKPC,2303.857,True
12/18/2023 11:00:00 PM,12/18/2023 6:00:00 PM,SERC,WEST,EKPC,EKPC,2339.415,True
12/19/2023 12:00:00 AM,12/18/2023 7:00:00 PM,SERC,WEST,EKPC,EKPC,2471.900,True
12/19/2023 1:00:00 AM,12/18/2023 8:00:00 PM,SERC,WEST,EKPC,EKPC,2420.462,True
12/19/2023 2:00:00 AM,12/18/2023 9:00:00 PM,SERC,WEST,EKPC,EKPC,2322.401,True
12/19/2023 3:00:00 AM,12/18/2023 10:00:00 PM,SERC,WEST,EKPC,EKPC,2245.228,True
12/19/2023 4:00:00 AM,12/18/2023 11:00:00 PM,SERC,WEST,EKPC,EKPC,2203.166,True
12/19/2023 5:00:00 AM,12/19/2023 12:00:00 AM,SERC,WEST,EKPC,EKPC,2179.228,True
12/19/2023 6:00:00 AM,12/19/2023 1:00:00 AM,SERC,WEST,EKPC,EKPC,2191.303,True
12/19/2023 7:00:00 AM,12/19/2023 2:00:00 AM,SERC,WEST,EKPC,EKPC,2146.166,True
12/19/2023 8:00:00 AM,12/19/2023 3:00:00 AM,SERC,WEST,EKPC,EKPC,2157.808,True
12/19/2023 9:00:00 AM,12/19/2023 4:00:00 AM,SERC,WEST,EKPC,EKPC,2318.908,True
12/19/2023 10:00:00 AM,12/19/2023 5:00:00 AM,SERC,WEST,EKPC,EKPC,2419.934,True
12/19/2023 11:00:00 AM,12/19/2023 6:00:00 AM,SERC,WEST,EKPC,EKPC,2604.469,True
12/19/2023 12:00:00 PM,12/19/2023 7:00:00 AM,SERC,WEST,EKPC,EKPC,2671.545,True
12/19/2023 1:00:00 PM,12/19/2023 8:00:00 AM,SERC,WEST,EKPC,EKPC,2664.902,True
12/19/2023 2:00:00 PM,12/19/2023 9:00:00 AM,SERC,WEST,EKPC,EKPC,2449.791,True
12/19/2023 3:00:00 PM,12/19/2023 10:00:00 AM,SERC,WEST,EKPC,EKPC,2253.405,True
12/19/2023 4:00:00 PM,12/19/2023 11:00:00 AM,SERC,WEST,EKPC,EKPC,2076.211,True
12/19/2023 5:00:00 PM,12/19/2023 12:00:00 PM,SERC,WEST,EKPC,EKPC,2012.110,True
12/19/2023 6:00:00 PM,12/19/2023 1:00:00 PM,SERC,WEST,EKPC,EKPC,1929.408,True
12/19/2023 7:00:00 PM,12/19/2023 2:00:00 PM,SERC,WEST,EKPC,EKPC,1885.856,True
12/19/2023 8:00:00 PM,12/19/2023 3:00:00 PM,SERC,WEST,EKPC,EKPC,1891.657,True
12/19/2023 9:00:00 PM,12/19/2023 4:00:00 PM,SERC,WEST,EKPC,EKPC,1960.262,True
12/19/2023 10:00:00 PM,12/19/2023 5:00:00 PM,SERC,WEST,EKPC,EKPC,2092.628,True
12/19/2023 11:00:00 PM,12/19/2023 6:00:00 PM,SERC,WEST,EKPC,EKPC,2254.198,True
12/20/2023 12:00:00 AM,12/19/2023 7:00:00 PM,SERC,WEST,EKPC,EKPC,2329.942,True
12/20/2023 1:00:00 AM,12/19/2023 8:00:00 PM,SERC,WEST,EKPC,EKPC,2342.750,True
12/20/2023 2:00:00 AM,12/19/2023 9:00:00 PM,SERC,WEST,EKPC,EKPC,2335.392,True
12/20/2023 3:00:00 AM,12/19/2023 10:00:00 PM,SERC,WEST,EKPC,EKPC,2249.944,True
12/20/2023 4:00:00 AM,12/19/2023 11:00:00 PM,SERC,WEST,EKPC,EKPC,2178.794,True
12/20/2023 5:00:00 AM,12/20/2023 12:00:00 AM,SERC,WEST,EKPC,EKPC,2168.138,True
12/20/2023 6:00:00 AM,12/20/2023 1:00:00 AM,SERC,WEST,EKPC,EKPC,2217.011,True
12/20/2023 7:00:00 AM,12/20/2023 2:00:00 AM,SERC,WEST,EKPC,EKPC,2247.369,True
12/20/2023 8:00:00 AM,12/20/2023 3:00:00 AM,SERC,WEST,EKPC,EKPC,2249.654,True
12/20/2023 9:00:00 AM,12/20/2023 4:00:00 AM,SERC,WEST,EKPC,EKPC,2239.064,True
12/20/2023 10:00:00 AM,12/20/2023 5:00:00 AM,SERC,WEST,EKPC,EKPC,2328.153,True
12/20/2023 11:00:00 AM,12/20/2023 6:00:00 AM,SERC,WEST,EKPC,EKPC,2439.029,True
12/20/2023 12:00:00 PM,12/20/2023 7:00:00 AM,SERC,WEST,EKPC,EKPC,2466.441,True
12/20/2023 1:00:00 PM,12/20/2023 8:00:00 AM,SERC,WEST,EKPC,EKPC,2428.371,True
12/20/2023 2:00:00 PM,12/20/2023 9:00:00 AM,SERC,WEST,EKPC,EKPC,2256.406,True
12/20/2023 3:00:00 PM,12/20/2023 10:00:00 AM,SERC,WEST,EKPC,EKPC,2042.106,True
12/20/2023 4:00:00 PM,12/20/2023 11:00:00 AM,SERC,WEST,EKPC,EKPC,1860.825,True
12/20/2023 5:00:00 PM,12/20/2023 12:00:00 PM,SERC,WEST,EKPC,EKPC,1708.052,True
12/20/2023 6:00:00 PM,12/20/2023 1:00:00 PM,SERC,WEST,EKPC,EKPC,1614.444,True
12/20/2023 7:00:00 PM,12/20/2023 2:00:00 PM,SERC,WEST,EKPC,EKPC,1538.666,True
12/20/2023 8:00:00 PM,12/20/2023 3:00:00 PM,SERC,WEST,EKPC,EKPC,1527.467,True
12/20/2023 9:00:00 PM,12/20/2023 4:00:00 PM,SERC,WEST,EKPC,EKPC,1572.845,True
12/20/2023 10:00:00 PM,12/20/2023 5:00:00 PM,SERC,WEST,EKPC,EKPC,1794.149,True
12/20/2023 11:00:00 PM,12/20/2023 6:00:00 PM,SERC,WEST,EKPC,EKPC,2018.503,True
12/21/2023 12:00:00 AM,12/20/2023 7:00:00 PM,SERC,WEST,EKPC,EKPC,1980.783,True
12/21/2023 1:00:00 AM,12/20/2023 8:00:00 PM,SERC,WEST,EKPC,EKPC,2113.758,True
12/21/2023 2:00:00 AM,12/20/2023 9:00:00 PM,SERC,WEST,EKPC,EKPC,1990.365,True
12/21/2023 3:00:00 AM,12/20/2023 10:00:00 PM,SERC,WEST,EKPC,EKPC,2009.110,True
12/21/2023 4:00:00 AM,12/20/2023 11:00:00 PM,SERC,WEST,EKPC,EKPC,2000.610,True
12/21/2023 5:00:00 AM,12/21/2023 12:00:00 AM,SERC,WEST,EKPC,EKPC,1960.436,True
12/21/2023 6:00:00 AM,12/21/2023 1:00:00 AM,SERC,WEST,EKPC,EKPC,1968.197,True
12/21/2023 7:00:00 AM,12/21/2023 2:00:00 AM,SERC,WEST,EKPC,EKPC,1980.908,True
12/21/2023 8:00:00 AM,12/21/2023 3:00:00 AM,SERC,WEST,EKPC,EKPC,1998.529,True
12/21/2023 9:00:00 AM,12/21/2023 4:00:00 AM,SERC,WEST,EKPC,EKPC,2057.030,True
12/21/2023 10:00:00 AM,12/21/2023 5:00:00 AM,SERC,WEST,EKPC,EKPC,2131.422,True
12/21/2023 11:00:00 AM,12/21/2023 6:00:00 AM,SERC,WEST,EKPC,EKPC,2216.462,True
12/21/2023 12:00:00 PM,12/21/2023 7:00:00 AM,SERC,WEST,EKPC,EKPC,2283.547,True
12/21/2023 1:00:00 PM,12/21/2023 8:00:00 AM,SERC,WEST,EKPC,EKPC,2152.172,True
12/21/2023 2:00:00 PM,12/21/2023 9:00:00 AM,SERC,WEST,EKPC,EKPC,2172.100,True
12/21/2023 3:00:00 PM,12/21/2023 10:00:00 AM,SERC,WEST,EKPC,EKPC,2015.739,True
12/21/2023 4:00:00 PM,12/21/2023 11:00:00 AM,SERC,WEST,EKPC,EKPC,1757.483,True
12/21/2023 5:00:00 PM,12/21/2023 12:00:00 PM,SERC,WEST,EKPC,EKPC,1629.520,True
12/21/2023 6:00:00 PM,12/21/2023 1:00:00 PM,SERC,WEST,EKPC,EKPC,1700.218,True
12/21/2023 7:00:00 PM,12/21/2023 2:00:00 PM,SERC,WEST,EKPC,EKPC,1718.714,True
12/21/2023 8:00:00 PM,12/21/2023 3:00:00 PM,SERC,WEST,EKPC,EKPC,1742.454,True
12/21/2023 9:00:00 PM,12/21/2023 4:00:00 PM,SERC,WEST,EKPC,EKPC,1754.470,True
12/21/2023 10:00:00 PM,12/21/2023 5:00:00 PM,SERC,WEST,EKPC,EKPC,1874.423,True
12/21/2023 11:00:00 PM,12/21/2023 6:00:00 PM,SERC,WEST,EKPC,EKPC,1911.863,True
12/22/2023 12:00:00 AM,12/21/2023 7:00:00 PM,SERC,WEST,EKPC,EKPC,1942.076,True
12/22/2023 1:00:00 AM,12/21/2023 8:00:00 PM,SERC,WEST,EKPC,EKPC,1902.776,True
12/22/2023 2:00:00 AM,12/21/2023 9:00:00 PM,SERC,WEST,EKPC,EKPC,1922.043,True
12/22/2023 3:00:00 AM,12/21/2023 10:00:00 PM,SERC,WEST,EKPC,EKPC,1869.606,True
12/22/2023 4:00:00 AM,12/21/2023 11:00:00 PM,SERC,WEST,EKPC,EKPC,1879.269,True
12/22/2023 5:00:00 AM,12/22/2023 12:00:00 AM,SERC,WEST,EKPC,EKPC,1871.910,True
12/22/2023 6:00:00 AM,12/22/2023 1:00:00 AM,SERC,WEST,EKPC,EKPC,1926.188,True
12/22/2023 7:00:00 AM,12/22/2023 2:00:00 AM,SERC,WEST,EKPC,EKPC,1949.495,True
12/22/2023 8:00:00 AM,12/22/2023 3:00:00 AM,SERC,WEST,EKPC,EKPC,1890.859,True
12/22/2023 9:00:00 AM,12/22/2023 4:00:00 AM,SERC,WEST,EKPC,EKPC,1975.058,True
12/22/2023 10:00:00 AM,12/22/2023 5:00:00 AM,SERC,WEST,EKPC,EKPC,1906.642,True
12/22/2023 11:00:00 AM,12/22/2023 6:00:00 AM,SERC,WEST,EKPC,EKPC,2001.710,True
12/22/2023 12:00:00 PM,12/22/2023 7:00:00 AM,SERC,WEST,EKPC,EKPC,2189.212,True
12/22/2023 1:00:00 PM,12/22/2023 8:00:00 AM,SERC,WEST,EKPC,EKPC,2171.462,True
12/22/2023 2:00:00 PM,12/22/2023 9:00:00 AM,SERC,WEST,EKPC,EKPC,2169.108,True
12/22/2023 3:00:00 PM,12/22/2023 10:00:00 AM,SERC,WEST,EKPC,EKPC,1972.892,True
12/22/2023 4:00:00 PM,12/22/2023 11:00:00 AM,SERC,WEST,EKPC,EKPC,1734.641,True
12/22/2023 5:00:00 PM,12/22/2023 12:00:00 PM,SERC,WEST,EKPC,EKPC,1640.558,True
12/22/2023 6:00:00 PM,12/22/2023 1:00:00 PM,SERC,WEST,EKPC,EKPC,1661.372,True
12/22/2023 7:00:00 PM,12/22/2023 2:00:00 PM,SERC,WEST,EKPC,EKPC,1615.870,True
12/22/2023 8:00:00 PM,12/22/2023 3:00:00 PM,SERC,WEST,EKPC,EKPC,1586.895,True
12/22/2023 9:00:00 PM,12/22/2023 4:00:00 PM,SERC,WEST,EKPC,EKPC,1616.377,True
12/22/2023 10:00:00 PM,12/22/2023 5:00:00 PM,SERC,WEST,EKPC,EKPC,1699.118,True
12/22/2023 11:00:00 PM,12/22/2023 6:00:00 PM,SERC,WEST,EKPC,EKPC,1747.158,True
12/23/2023 12:00:00 AM,12/22/2023 7:00:00 PM,SERC,WEST,EKPC,EKPC,1774.290,True
12/23/2023 1:00:00 AM,12/22/2023 8:00:00 PM,SERC,WEST,EKPC,EKPC,1714.367,True
12/23/2023 2:00:00 AM,12/22/2023 9:00:00 PM,SERC,WEST,EKPC,EKPC,1689.335,True
12/23/2023 3:00:00 AM,12/22/2023 10:00:00 PM,SERC,WEST,EKPC,EKPC,1626.270,True
12/23/2023 4:00:00 AM,12/22/2023 11:00:00 PM,SERC,WEST,EKPC,EKPC,1587.043,True
12/23/2023 5:00:00 AM,12/23/2023 12:00:00 AM,SERC,WEST,EKPC,EKPC,1498.518,True
12/23/2023 6:00:00 AM,12/23/2023 1:00:00 AM,SERC,WEST,EKPC,EKPC,1520.006,True
12/23/2023 7:00:00 AM,12/23/2023 2:00:00 AM,SERC,WEST,EKPC,EKPC,1503.444,True
12/23/2023 8:00:00 AM,12/23/2023 3:00:00 AM,SERC,WEST,EKPC,EKPC,1622.919,True
12/23/2023 9:00:00 AM,12/23/2023 4:00:00 AM,SERC,WEST,EKPC,EKPC,1666.672,True
12/23/2023 10:00:00 AM,12/23/2023 5:00:00 AM,SERC,WEST,EKPC,EKPC,1713.053,True
12/23/2023 11:00:00 AM,12/23/2023 6:00:00 AM,SERC,WEST,EKPC,EKPC,1612.561,True
12/23/2023 12:00:00 PM,12/23/2023 7:00:00 AM,SERC,WEST,EKPC,EKPC,1620.569,True
12/23/2023 1:00:00 PM,12/23/2023 8:00:00 AM,SERC,WEST,EKPC,EKPC,1787.325,True
12/23/2023 2:00:00 PM,12/23/2023 9:00:00 AM,SERC,WEST,EKPC,EKPC,1823.392,True
12/23/2023 3:00:00 PM,12/23/2023 10:00:00 AM,SERC,WEST,EKPC,EKPC,1834.472,True
12/23/2023 4:00:00 PM,12/23/2023 11:00:00 AM,SERC,WEST,EKPC,EKPC,1741.657,True
12/23/2023 5:00:00 PM,12/23/2023 12:00:00 PM,SERC,WEST,EKPC,EKPC,1673.960,True
12/23/2023 6:00:00 PM,12/23/2023 1:00:00 PM,SERC,WEST,EKPC,EKPC,1612.772,True
12/23/2023 7:00:00 PM,12/23/2023 2:00:00 PM,SERC,WEST,EKPC,EKPC,1602.853,True
12/23/2023 8:00:00 PM,12/23/2023 3:00:00 PM,SERC,WEST,EKPC,EKPC,1619.187,True
12/23/2023 9:00:00 PM,12/23/2023 4:00:00 PM,SERC,WEST,EKPC,EKPC,1440.822,True
12/23/2023 10:00:00 PM,12/23/2023 5:00:00 PM,SERC,WEST,EKPC,EKPC,1597.188,True
12/23/2023 11:00:00 PM,12/23/2023 6:00:00 PM,SERC,WEST,EKPC,EKPC,1623.711,True
12/24/2023 12:00:00 AM,12/23/2023 7:00:00 PM,SERC,WEST,EKPC,EKPC,1667.645,True
12/24/2023 1:00:00 AM,12/23/2023 8:00:00 PM,SERC,WEST,EKPC,EKPC,1590.263,True
12/24/2023 2:00:00 AM,12/23/2023 9:00:00 PM,SERC,WEST,EKPC,EKPC,1585.177,True
12/24/2023 3:00:00 AM,12/23/2023 10:00:00 PM,SERC,WEST,EKPC,EKPC,1478.550,True
12/24/2023 4:00:00 AM,12/23/2023 11:00:00 PM,SERC,WEST,EKPC,EKPC,1457.811,True
12/24/2023 5:00:00 AM,12/24/2023 12:00:00 AM,SERC,WEST,EKPC,EKPC,1431.830,True
12/24/2023 6:00:00 AM,12/24/2023 1:00:00 AM,SERC,WEST,EKPC,EKPC,1413.905,True
12/24/2023 7:00:00 AM,12/24/2023 2:00:00 AM,SERC,WEST,EKPC,EKPC,1459.696,True
12/24/2023 8:00:00 AM,12/24/2023 3:00:00 AM,SERC,WEST,EKPC,EKPC,1346.677,True
12/24/2023 9:00:00 AM,12/24/2023 4:00:00 AM,SERC,WEST,EKPC,EKPC,1338.370,True
12/24/2023 10:00:00 AM,12/24/2023 5:00:00 AM,SERC,WEST,EKPC,EKPC,1438.757,True
12/24/2023 11:00:00 AM,12/24/2023 6:00:00 AM,SERC,WEST,EKPC,EKPC,1472.203,True
12/24/2023 12:00:00 PM,12/24/2023 7:00:00 AM,SERC,WEST,EKPC,EKPC,1495.207,True
12/24/2023 1:00:00 PM,12/24/2023 8:00:00 AM,SERC,WEST,EKPC,EKPC,1546.787,True
12/24/2023 2:00:00 PM,12/24/2023 9:00:00 AM,SERC,WEST,EKPC,EKPC,1585.479,True
12/24/2023 3:00:00 PM,12/24/2023 10:00:00 AM,SERC,WEST,EKPC,EKPC,1542.393,True
12/24/2023 4:00:00 PM,12/24/2023 11:00:00 AM,SERC,WEST,EKPC,EKPC,1409.661,True
12/24/2023 5:00:00 PM,12/24/2023 12:00:00 PM,SERC,WEST,EKPC,EKPC,1267.048,True
12/24/2023 6:00:00 PM,12/24/2023 1:00:00 PM,SERC,WEST,EKPC,EKPC,1316.307,True
12/24/2023 7:00:00 PM,12/24/2023 2:00:00 PM,SERC,WEST,EKPC,EKPC,1274.450,True
12/24/2023 8:00:00 PM,12/24/2023 3:00:00 PM,SERC,WEST,EKPC,EKPC,1258.320,True
12/24/2023 9:00:00 PM,12/24/2023 4:00:00 PM,SERC,WEST,EKPC,EKPC,1224.922,True
12/24/2023 10:00:00 PM,12/24/2023 5:00:00 PM,SERC,WEST,EKPC,EKPC,1227.193,True
12/24/2023 11:00:00 PM,12/24/2023 6:00:00 PM,SERC,WEST,EKPC,EKPC,1264.105,True
12/25/2023 12:00:00 AM,12/24/2023 7:00:00 PM,SERC,WEST,EKPC,EKPC,1261.173,True
12/25/2023 1:00:00 AM,12/24/2023 8:00:00 PM,SERC,WEST,EKPC,EKPC,1266.728,True
12/25/2023 2:00:00 AM,12/24/2023 9:00:00 PM,SERC,WEST,EKPC,EKPC,1275.054,True
12/25/2023 3:00:00 AM,12/24/2023 10:00:00 PM,SERC,WEST,EKPC,EKPC,1247.024,True
12/25/2023 4:00:00 AM,12/24/2023 11:00:00 PM,SERC,WEST,EKPC,EKPC,1220.101,True
12/25/2023 5:00:00 AM,12/25/2023 12:00:00 AM,SERC,WEST,EKPC,EKPC,1185.800,True
12/25/2023 6:00:00 AM,12/25/2023 1:00:00 AM,SERC,WEST,EKPC,EKPC,1191.364,True
12/25/2023 7:00:00 AM,12/25/2023 2:00:00 AM,SERC,WEST,EKPC,EKPC,1171.866,True
12/25/2023 8:00:00 AM,12/25/2023 3:00:00 AM,SERC,WEST,EKPC,EKPC,1185.684,True
12/25/2023 9:00:00 AM,12/25/2023 4:00:00 AM,SERC,WEST,EKPC,EKPC,1186.035,True
12/25/2023 10:00:00 AM,12/25/2023 5:00:00 AM,SERC,WEST,EKPC,EKPC,1207.435,True
12/25/2023 11:00:00 AM,12/25/2023 6:00:00 AM,SERC,WEST,EKPC,EKPC,1257.153,True
12/25/2023 12:00:00 PM,12/25/2023 7:00:00 AM,SERC,WEST,EKPC,EKPC,1289.515,True
12/25/2023 1:00:00 PM,12/25/2023 8:00:00 AM,SERC,WEST,EKPC,EKPC,1362.261,True
12/25/2023 2:00:00 PM,12/25/2023 9:00:00 AM,SERC,WEST,EKPC,EKPC,1431.252,True
12/25/2023 3:00:00 PM,12/25/2023 10:00:00 AM,SERC,WEST,EKPC,EKPC,1443.002,True
12/25/2023 4:00:00 PM,12/25/2023 11:00:00 AM,SERC,WEST,EKPC,EKPC,1440.655,True
12/25/2023 5:00:00 PM,12/25/2023 12:00:00 PM,SERC,WEST,EKPC,EKPC,1423.416,True
12/25/2023 6:00:00 PM,12/25/2023 1:00:00 PM,SERC,WEST,EKPC,EKPC,1404.205,True
12/25/2023 7:00:00 PM,12/25/2023 2:00:00 PM,SERC,WEST,EKPC,EKPC,1373.620,True
12/25/2023 8:00:00 PM,12/25/2023 3:00:00 PM,SERC,WEST,EKPC,EKPC,1321.311,True
12/25/2023 9:00:00 PM,12/25/2023 4:00:00 PM,SERC,WEST,EKPC,EKPC,1366.114,True
12/25/2023 10:00:00 PM,12/25/2023 5:00:00 PM,SERC,WEST,EKPC,EKPC,1429.434,True
12/25/2023 11:00:00 PM,12/25/2023 6:00:00 PM,SERC,WEST,EKPC,EKPC,1464.933,True
12/26/2023 12:00:00 AM,12/25/2023 7:00:00 PM,SERC,WEST,EKPC,EKPC,1438.500,True
12/26/2023 1:00:00 AM,12/25/2023 8:00:00 PM,SERC,WEST,EKPC,EKPC,1347.819,True
12/26/2023 2:00:00 AM,12/25/2023 9:00:00 PM,SERC,WEST,EKPC,EKPC,1392.367,True
12/26/2023 3:00:00 AM,12/25/2023 10:00:00 PM,SERC,WEST,EKPC,EKPC,1242.889,True
12/26/2023 4:00:00 AM,12/25/2023 11:00:00 PM,SERC,WEST,EKPC,EKPC,1143.922,True
12/26/2023 5:00:00 AM,12/26/2023 12:00:00 AM,SERC,WEST,EKPC,EKPC,1117.690,True
12/26/2023 6:00:00 AM,12/26/2023 1:00:00 AM,SERC,WEST,EKPC,EKPC,1126.069,True
12/26/2023 7:00:00 AM,12/26/2023 2:00:00 AM,SERC,WEST,EKPC,EKPC,1094.293,True
12/26/2023 8:00:00 AM,12/26/2023 3:00:00 AM,SERC,WEST,EKPC,EKPC,1208.042,True
12/26/2023 9:00:00 AM,12/26/2023 4:00:00 AM,SERC,WEST,EKPC,EKPC,1255.902,True
12/26/2023 10:00:00 AM,12/26/2023 5:00:00 AM,SERC,WEST,EKPC,EKPC,1321.059,True
12/26/2023 11:00:00 AM,12/26/2023 6:00:00 AM,SERC,WEST,EKPC,EKPC,1367.458,True
12/26/2023 12:00:00 PM,12/26/2023 7:00:00 AM,SERC,WEST,EKPC,EKPC,1398.041,True
12/26/2023 1:00:00 PM,12/26/2023 8:00:00 AM,SERC,WEST,EKPC,EKPC,1483.560,True
12/26/2023 2:00:00 PM,12/26/2023 9:00:00 AM,SERC,WEST,EKPC,EKPC,1513.005,True
12/26/2023 3:00:00 PM,12/26/2023 10:00:00 AM,SERC,WEST,EKPC,EKPC,1516.129,True
12/26/2023 4:00:00 PM,12/26/2023 11:00:00 AM,SERC,WEST,EKPC,EKPC,1511.306,True
12/26/2023 5:00:00 PM,12/26/2023 12:00:00 PM,SERC,WEST,EKPC,EKPC,1507.509,True
12/26/2023 6:00:00 PM,12/26/2023 1:00:00 PM,SERC,WEST,EKPC,EKPC,1525.163,True
12/26/2023 7:00:00 PM,12/26/2023 2:00:00 PM,SERC,WEST,EKPC,EKPC,1531.549,True
12/26/2023 8:00:00 PM,12/26/2023 3:00:00 PM,SERC,WEST,EKPC,EKPC,1435.963,True
12/26/2023 9:00:00 PM,12/26/2023 4:00:00 PM,SERC,WEST,EKPC,EKPC,1409.360,True
12/26/2023 10:00:00 PM,12/26/2023 5:00:00 PM,SERC,WEST,EKPC,EKPC,1494.514,True
12/26/2023 11:00:00 PM,12/26/2023 6:00:00 PM,SERC,WEST,EKPC,EKPC,1688.623,True
12/27/2023 12:00:00 AM,12/26/2023 7:00:00 PM,SERC,WEST,EKPC,EKPC,1687.653,True
12/27/2023 1:00:00 AM,12/26/2023 8:00:00 PM,SERC,WEST,EKPC,EKPC,1690.089,True
12/27/2023 2:00:00 AM,12/26/2023 9:00:00 PM,SERC,WEST,EKPC,EKPC,1665.488,True
12/27/2023 3:00:00 AM,12/26/2023 10:00:00 PM,SERC,WEST,EKPC,EKPC,1623.365,True
12/27/2023 4:00:00 AM,12/26/2023 11:00:00 PM,SERC,WEST,EKPC,EKPC,1569.561,True
12/27/2023 5:00:00 AM,12/27/2023 12:00:00 AM,SERC,WEST,EKPC,EKPC,1515.302,True
12/27/2023 6:00:00 AM,12/27/2023 1:00:00 AM,SERC,WEST,EKPC,EKPC,1546.928,True
12/27/2023 7:00:00 AM,12/27/2023 2:00:00 AM,SERC,WEST,EKPC,EKPC,1591.660,True
12/27/2023 8:00:00 AM,12/27/2023 3:00:00 AM,SERC,WEST,EKPC,EKPC,1498.466,True
12/27/2023 9:00:00 AM,12/27/2023 4:00:00 AM,SERC,WEST,EKPC,EKPC,1450.893,True
12/27/2023 10:00:00 AM,12/27/2023 5:00:00 AM,SERC,WEST,EKPC,EKPC,1651.780,True
12/27/2023 11:00:00 AM,12/27/2023 6:00:00 AM,SERC,WEST,EKPC,EKPC,1760.840,True
12/27/2023 12:00:00 PM,12/27/2023 7:00:00 AM,SERC,WEST,EKPC,EKPC,1829.529,True
12/27/2023 1:00:00 PM,12/27/2023 8:00:00 AM,SERC,WEST,EKPC,EKPC,1877.213,True
12/27/2023 2:00:00 PM,12/27/2023 9:00:00 AM,SERC,WEST,EKPC,EKPC,1870.956,True
12/27/2023 3:00:00 PM,12/27/2023 10:00:00 AM,SERC,WEST,EKPC,EKPC,1780.055,True
12/27/2023 4:00:00 PM,12/27/2023 11:00:00 AM,SERC,WEST,EKPC,EKPC,1682.217,True
12/27/2023 5:00:00 PM,12/27/2023 12:00:00 PM,SERC,WEST,EKPC,EKPC,1695.464,True
12/27/2023 6:00:00 PM,12/27/2023 1:00:00 PM,SERC,WEST,EKPC,EKPC,1657.977,True
12/27/2023 7:00:00 PM,12/27/2023 2:00:00 PM,SERC,WEST,EKPC,EKPC,1569.662,True
12/27/2023 8:00:00 PM,12/27/2023 3:00:00 PM,SERC,WEST,EKPC,EKPC,1484.276,True
12/27/2023 9:00:00 PM,12/27/2023 4:00:00 PM,SERC,WEST,EKPC,EKPC,1472.871,True
12/27/2023 10:00:00 PM,12/27/2023 5:00:00 PM,SERC,WEST,EKPC,EKPC,1621.314,True
12/27/2023 11:00:00 PM,12/27/2023 6:00:00 PM,SERC,WEST,EKPC,EKPC,1730.805,True
12/28/2023 12:00:00 AM,12/27/2023 7:00:00 PM,SERC,WEST,EKPC,EKPC,1692.506,True
12/28/2023 1:00:00 AM,12/27/2023 8:00:00 PM,SERC,WEST,EKPC,EKPC,1664.516,True
12/28/2023 2:00:00 AM,12/27/2023 9:00:00 PM,SERC,WEST,EKPC,EKPC,1623.023,True
12/28/2023 3:00:00 AM,12/27/2023 10:00:00 PM,SERC,WEST,EKPC,EKPC,1558.753,True
12/28/2023 4:00:00 AM,12/27/2023 11:00:00 PM,SERC,WEST,EKPC,EKPC,1582.493,True
12/28/2023 5:00:00 AM,12/28/2023 12:00:00 AM,SERC,WEST,EKPC,EKPC,1592.608,True
12/28/2023 6:00:00 AM,12/28/2023 1:00:00 AM,SERC,WEST,EKPC,EKPC,1649.538,True
12/28/2023 7:00:00 AM,12/28/2023 2:00:00 AM,SERC,WEST,EKPC,EKPC,1588.526,True
12/28/2023 8:00:00 AM,12/28/2023 3:00:00 AM,SERC,WEST,EKPC,EKPC,1624.673,True
12/28/2023 9:00:00 AM,12/28/2023 4:00:00 AM,SERC,WEST,EKPC,EKPC,1613.690,True
12/28/2023 10:00:00 AM,12/28/2023 5:00:00 AM,SERC,WEST,EKPC,EKPC,1707.587,True
12/28/2023 11:00:00 AM,12/28/2023 6:00:00 AM,SERC,WEST,EKPC,EKPC,1834.017,True
12/28/2023 12:00:00 PM,12/28/2023 7:00:00 AM,SERC,WEST,EKPC,EKPC,1910.689,True
12/28/2023 1:00:00 PM,12/28/2023 8:00:00 AM,SERC,WEST,EKPC,EKPC,1857.452,True
12/28/2023 2:00:00 PM,12/28/2023 9:00:00 AM,SERC,WEST,EKPC,EKPC,1923.259,True
12/28/2023 3:00:00 PM,12/28/2023 10:00:00 AM,SERC,WEST,EKPC,EKPC,1898.256,True
12/28/2023 4:00:00 PM,12/28/2023 11:00:00 AM,SERC,WEST,EKPC,EKPC,1898.593,True
12/28/2023 5:00:00 PM,12/28/2023 12:00:00 PM,SERC,WEST,EKPC,EKPC,1857.919,True
12/28/2023 6:00:00 PM,12/28/2023 1:00:00 PM,SERC,WEST,EKPC,EKPC,1869.074,True
12/28/2023 7:00:00 PM,12/28/2023 2:00:00 PM,SERC,WEST,EKPC,EKPC,1903.279,True
12/28/2023 8:00:00 PM,12/28/2023 3:00:00 PM,SERC,WEST,EKPC,EKPC,1864.651,True
12/28/2023 9:00:00 PM,12/28/2023 4:00:00 PM,SERC,WEST,EKPC,EKPC,1926.821,True
12/28/2023 10:00:00 PM,12/28/2023 5:00:00 PM,SERC,WEST,EKPC,EKPC,1980.669,True
12/28/2023 11:00:00 PM,12/28/2023 6:00:00 PM,SERC,WEST,EKPC,EKPC,1992.831,True
12/29/2023 12:00:00 AM,12/28/2023 7:00:00 PM,SERC,WEST,EKPC,EKPC,2027.989,True
12/29/2023 1:00:00 AM,12/28/2023 8:00:00 PM,SERC,WEST,EKPC,EKPC,2013.401,True
12/29/2023 2:00:00 AM,12/28/2023 9:00:00 PM,SERC,WEST,EKPC,EKPC,1978.341,True
12/29/2023 3:00:00 AM,12/28/2023 10:00:00 PM,SERC,WEST,EKPC,EKPC,1861.630,True
12/29/2023 4:00:00 AM,12/28/2023 11:00:00 PM,SERC,WEST,EKPC,EKPC,1879.091,True
12/29/2023 5:00:00 AM,12/29/2023 12:00:00 AM,SERC,WEST,EKPC,EKPC,1869.076,True
12/29/2023 6:00:00 AM,12/29/2023 1:00:00 AM,SERC,WEST,EKPC,EKPC,1781.267,True
12/29/2023 7:00:00 AM,12/29/2023 2:00:00 AM,SERC,WEST,EKPC,EKPC,1760.601,True
12/29/2023 8:00:00 AM,12/29/2023 3:00:00 AM,SERC,WEST,EKPC,EKPC,1804.400,True
12/29/2023 9:00:00 AM,12/29/2023 4:00:00 AM,SERC,WEST,EKPC,EKPC,1919.731,True
12/29/2023 10:00:00 AM,12/29/2023 5:00:00 AM,SERC,WEST,EKPC,EKPC,1937.261,True
12/29/2023 11:00:00 AM,12/29/2023 6:00:00 AM,SERC,WEST,EKPC,EKPC,1961.305,True
12/29/2023 12:00:00 PM,12/29/2023 7:00:00 AM,SERC,WEST,EKPC,EKPC,2066.340,True
12/29/2023 1:00:00 PM,12/29/2023 8:00:00 AM,SERC,WEST,EKPC,EKPC,2056.110,True
12/29/2023 2:00:00 PM,12/29/2023 9:00:00 AM,SERC,WEST,EKPC,EKPC,2047.802,True
12/29/2023 3:00:00 PM,12/29/2023 10:00:00 AM,SERC,WEST,EKPC,EKPC,2085.160,True
12/29/2023 4:00:00 PM,12/29/2023 11:00:00 AM,SERC,WEST,EKPC,EKPC,2098.105,True
12/29/2023 5:00:00 PM,12/29/2023 12:00:00 PM,SERC,WEST,EKPC,EKPC,2095.399,True
12/29/2023 6:00:00 PM,12/29/2023 1:00:00 PM,SERC,WEST,EKPC,EKPC,2005.741,True
12/29/2023 7:00:00 PM,12/29/2023 2:00:00 PM,SERC,WEST,EKPC,EKPC,2074.356,True
12/29/2023 8:00:00 PM,12/29/2023 3:00:00 PM,SERC,WEST,EKPC,EKPC,1980.077,True
12/29/2023 9:00:00 PM,12/29/2023 4:00:00 PM,SERC,WEST,EKPC,EKPC,2091.366,True
12/29/2023 10:00:00 PM,12/29/2023 5:00:00 PM,SERC,WEST,EKPC,EKPC,2095.792,True
12/29/2023 11:00:00 PM,12/29/2023 6:00:00 PM,SERC,WEST,EKPC,EKPC,2137.861,True
12/30/2023 12:00:00 AM,12/29/2023 7:00:00 PM,SERC,WEST,EKPC,EKPC,2072.416,True
12/30/2023 1:00:00 AM,12/29/2023 8:00:00 PM,SERC,WEST,EKPC,EKPC,2053.117,True
12/30/2023 2:00:00 AM,12/29/2023 9:00:00 PM,SERC,WEST,EKPC,EKPC,1988.144,True
12/30/2023 3:00:00 AM,12/29/2023 10:00:00 PM,SERC,WEST,EKPC,EKPC,1931.981,True
12/30/2023 4:00:00 AM,12/29/2023 11:00:00 PM,SERC,WEST,EKPC,EKPC,1916.973,True
12/30/2023 5:00:00 AM,12/30/2023 12:00:00 AM,SERC,WEST,EKPC,EKPC,1855.846,True
12/30/2023 6:00:00 AM,12/30/2023 1:00:00 AM,SERC,WEST,EKPC,EKPC,1851.537,True
12/30/2023 7:00:00 AM,12/30/2023 2:00:00 AM,SERC,WEST,EKPC,EKPC,1828.538,True
12/30/2023 8:00:00 AM,12/30/2023 3:00:00 AM,SERC,WEST,EKPC,EKPC,1766.493,True
12/30/2023 9:00:00 AM,12/30/2023 4:00:00 AM,SERC,WEST,EKPC,EKPC,1728.606,True
12/30/2023 10:00:00 AM,12/30/2023 5:00:00 AM,SERC,WEST,EKPC,EKPC,1731.294,True
12/30/2023 11:00:00 AM,12/30/2023 6:00:00 AM,SERC,WEST,EKPC,EKPC,1863.453,True
12/30/2023 12:00:00 PM,12/30/2023 7:00:00 AM,SERC,WEST,EKPC,EKPC,1789.311,True
12/30/2023 1:00:00 PM,12/30/2023 8:00:00 AM,SERC,WEST,EKPC,EKPC,1802.706,True
12/30/2023 2:00:00 PM,12/30/2023 9:00:00 AM,SERC,WEST,EKPC,EKPC,1913.897,True
12/30/2023 3:00:00 PM,12/30/2023 10:00:00 AM,SERC,WEST,EKPC,EKPC,1999.684,True
12/30/2023 4:00:00 PM,12/30/2023 11:00:00 AM,SERC,WEST,EKPC,EKPC,2030.132,True
12/30/2023 5:00:00 PM,12/30/2023 12:00:00 PM,SERC,WEST,EKPC,EKPC,2027.280,True
12/30/2023 6:00:00 PM,12/30/2023 1:00:00 PM,SERC,WEST,EKPC,EKPC,1968.709,True
12/30/2023 7:00:00 PM,12/30/2023 2:00:00 PM,SERC,WEST,EKPC,EKPC,1928.515,True
12/30/2023 8:00:00 PM,12/30/2023 3:00:00 PM,SERC,WEST,EKPC,EKPC,2007.199,True
12/30/2023 9:00:00 PM,12/30/2023 4:00:00 PM,SERC,WEST,EKPC,EKPC,1975.383,True
12/30/2023 10:00:00 PM,12/30/2023 5:00:00 PM,SERC,WEST,EKPC,EKPC,2006.935,True
12/30/2023 11:00:00 PM,12/30/2023 6:00:00 PM,SERC,WEST,EKPC,EKPC,1998.780,True
12/31/2023 12:00:00 AM,12/30/2023 7:00:00 PM,SERC,WEST,EKPC,EKPC,2006.749,True
12/31/2023 1:00:00 AM,12/30/2023 8:00:00 PM,SERC,WEST,EKPC,EKPC,1978.753,True
12/31/2023 2:00:00 AM,12/30/2023 9:00:00 PM,SERC,WEST,EKPC,EKPC,1886.346,True
12/31/2023 3:00:00 AM,12/30/2023 10:00:00 PM,SERC,WEST,EKPC,EKPC,1760.096,True
12/31/2023 4:00:00 AM,12/30/2023 11:00:00 PM,SERC,WEST,EKPC,EKPC,1697.752,True
12/31/2023 5:00:00 AM,12/31/2023 12:00:00 AM,SERC,WEST,EKPC,EKPC,1646.319,True
12/31/2023 6:00:00 AM,12/31/2023 1:00:00 AM,SERC,WEST,EKPC,EKPC,1663.999,True
12/31/2023 7:00:00 AM,12/31/2023 2:00:00 AM,SERC,WEST,EKPC,EKPC,1653.418,True
12/31/2023 8:00:00 AM,12/31/2023 3:00:00 AM,SERC,WEST,EKPC,EKPC,1653.790,True
12/31/2023 9:00:00 AM,12/31/2023 4:00:00 AM,SERC,WEST,EKPC,EKPC,1644.587,True
12/31/2023 10:00:00 AM,12/31/2023 5:00:00 AM,SERC,WEST,EKPC,EKPC,1779.384,True
12/31/2023 11:00:00 AM,12/31/2023 6:00:00 AM,SERC,WEST,EKPC,EKPC,1802.067,True
12/31/2023 12:00:00 PM,12/31/2023 7:00:00 AM,SERC,WEST,EKPC,EKPC,1870.225,True
12/31/2023 1:00:00 PM,12/31/2023 8:00:00 AM,SERC,WEST,EKPC,EKPC,1938.706,True
12/31/2023 2:00:00 PM,12/31/2023 9:00:00 AM,SERC,WEST,EKPC,EKPC,1882.325,True
12/31/2023 3:00:00 PM,12/31/2023 10:00:00 AM,SERC,WEST,EKPC,EKPC,1936.054,True
12/31/2023 4:00:00 PM,12/31/2023 11:00:00 AM,SERC,WEST,EKPC,EKPC,1700.048,True
12/31/2023 5:00:00 PM,12/31/2023 12:00:00 PM,SERC,WEST,EKPC,EKPC,1620.175,True
12/31/2023 6:00:00 PM,12/31/2023 1:00:00 PM,SERC,WEST,EKPC,EKPC,1604.052,True
12/31/2023 7:00:00 PM,12/31/2023 2:00:00 PM,SERC,WEST,EKPC,EKPC,1625.340,True
12/31/2023 8:00:00 PM,12/31/2023 3:00:00 PM,SERC,WEST,EKPC,EKPC,1684.416,True
12/31/2023 9:00:00 PM,12/31/2023 4:00:00 PM,SERC,WEST,EKPC,EKPC,1744.571,True
12/31/2023 10:00:00 PM,12/31/2023 5:00:00 PM,SERC,WEST,EKPC,EKPC,1865.778,True
12/31/2023 11:00:00 PM,12/31/2023 6:00:00 PM,SERC,WEST,EKPC,EKPC,1935.077,True
1/1/2024 12:00:00 AM,12/31/2023 7:00:00 PM,SERC,WEST,EKPC,EKPC,1904.961,True
1/1/2024 1:00:00 AM,12/31/2023 8:00:00 PM,SERC,WEST,EKPC,EKPC,1868.010,True
1/1/2024 2:00:00 AM,12/31/2023 9:00:00 PM,SERC,WEST,EKPC,EKPC,1869.876,True
1/1/2024 3:00:00 AM,12/31/2023 10:00:00 PM,SERC,WEST,EKPC,EKPC,1867.931,True
1/1/2024 4:00:00 AM,12/31/2023 11:00:00 PM,SERC,WEST,EKPC,EKPC,1826.518,True
1/1/2024 5:00:00 AM,1/1/2024 12:00:00 AM,SERC,WEST,EKPC,EKPC,1773.568,True
1/1/2024 6:00:00 AM,1/1/2024 1:00:00 AM,SERC,WEST,EKPC,EKPC,1823.288,True
1/1/2024 7:00:00 AM,1/1/2024 2:00:00 AM,SERC,WEST,EKPC,EKPC,1786.905,True
1/1/2024 8:00:00 AM,1/1/2024 3:00:00 AM,SERC,WEST,EKPC,EKPC,1789.212,True
1/1/2024 9:00:00 AM,1/1/2024 4:00:00 AM,SERC,WEST,EKPC,EKPC,1776.374,True
1/1/2024 10:00:00 AM,1/1/2024 5:00:00 AM,SERC,WEST,EKPC,EKPC,1844.975,True
1/1/2024 11:00:00 AM,1/1/2024 6:00:00 AM,SERC,WEST,EKPC,EKPC,1913.533,True
1/1/2024 12:00:00 PM,1/1/2024 7:00:00 AM,SERC,WEST,EKPC,EKPC,1853.616,True
1/1/2024 1:00:00 PM,1/1/2024 8:00:00 AM,SERC,WEST,EKPC,EKPC,1922.030,True
1/1/2024 2:00:00 PM,1/1/2024 9:00:00 AM,SERC,WEST,EKPC,EKPC,2022.115,True
1/1/2024 3:00:00 PM,1/1/2024 10:00:00 AM,SERC,WEST,EKPC,EKPC,2041.286,True
1/1/2024 4:00:00 PM,1/1/2024 11:00:00 AM,SERC,WEST,EKPC,EKPC,2065.121,True
1/1/2024 5:00:00 PM,1/1/2024 12:00:00 PM,SERC,WEST,EKPC,EKPC,2116.012,True
1/1/2024 6:00:00 PM,1/1/2024 1:00:00 PM,SERC,WEST,EKPC,EKPC,2084.287,True
1/1/2024 7:00:00 PM,1/1/2024 2:00:00 PM,SERC,WEST,EKPC,EKPC,2120.230,True
1/1/2024 8:00:00 PM,1/1/2024 3:00:00 PM,SERC,WEST,EKPC,EKPC,2073.844,True
1/1/2024 9:00:00 PM,1/1/2024 4:00:00 PM,SERC,WEST,EKPC,EKPC,2089.935,True
1/1/2024 10:00:00 PM,1/1/2024 5:00:00 PM,SERC,WEST,EKPC,EKPC,2096.800,True
1/1/2024 11:00:00 PM,1/1/2024 6:00:00 PM,SERC,WEST,EKPC,EKPC,2148.844,True
1/2/2024 12:00:00 AM,1/1/2024 7:00:00 PM,SERC,WEST,EKPC,EKPC,2106.205,True
1/2/2024 1:00:00 AM,1/1/2024 8:00:00 PM,SERC,WEST,EKPC,EKPC,1953.120,True
1/2/2024 2:00:00 AM,1/1/2024 9:00:00 PM,SERC,WEST,EKPC,EKPC,2023.393,True
1/2/2024 3:00:00 AM,1/1/2024 10:00:00 PM,SERC,WEST,EKPC,EKPC,1967.466,True
1/2/2024 4:00:00 AM,1/1/2024 11:00:00 PM,SERC,WEST,EKPC,EKPC,1894.111,True
1/2/2024 5:00:00 AM,1/2/2024 12:00:00 AM,SERC,WEST,EKPC,EKPC,1838.832,True
1/2/2024 6:00:00 AM,1/2/2024 1:00:00 AM,SERC,WEST,EKPC,EKPC,1874.244,True
1/2/2024 7:00:00 AM,1/2/2024 2:00:00 AM,SERC,WEST,EKPC,EKPC,1867.158,True
1/2/2024 8:00:00 AM,1/2/2024 3:00:00 AM,SERC,WEST,EKPC,EKPC,1881.597,True
1/2/2024 9:00:00 AM,1/2/2024 4:00:00 AM,SERC,WEST,EKPC,EKPC,1912.918,True
1/2/2024 10:00:00 AM,1/2/2024 5:00:00 AM,SERC,WEST,EKPC,EKPC,2041.218,True
1/2/2024 11:00:00 AM,1/2/2024 6:00:00 AM,SERC,WEST,EKPC,EKPC,2164.826,True
1/2/2024 12:00:00 PM,1/2/2024 7:00:00 AM,SERC,WEST,EKPC,EKPC,2203.615,True
1/2/2024 1:00:00 PM,1/2/2024 8:00:00 AM,SERC,WEST,EKPC,EKPC,2212.089,True
1/2/2024 2:00:00 PM,1/2/2024 9:00:00 AM,SERC,WEST,EKPC,EKPC,2179.067,True
1/2/2024 3:00:00 PM,1/2/2024 10:00:00 AM,SERC,WEST,EKPC,EKPC,2111.876,True
1/2/2024 4:00:00 PM,1/2/2024 11:00:00 AM,SERC,WEST,EKPC,EKPC,1973.493,True
1/2/2024 5:00:00 PM,1/2/2024 12:00:00 PM,SERC,WEST,EKPC,EKPC,1905.055,True
1/2/2024 6:00:00 PM,1/2/2024 1:00:00 PM,SERC,WEST,EKPC,EKPC,1911.192,True
1/2/2024 7:00:00 PM,1/2/2024 2:00:00 PM,SERC,WEST,EKPC,EKPC,1865.158,True
1/2/2024 8:00:00 PM,1/2/2024 3:00:00 PM,SERC,WEST,EKPC,EKPC,1781.245,True
1/2/2024 9:00:00 PM,1/2/2024 4:00:00 PM,SERC,WEST,EKPC,EKPC,1823.476,True
1/2/2024 10:00:00 PM,1/2/2024 5:00:00 PM,SERC,WEST,EKPC,EKPC,1944.182,True
1/2/2024 11:00:00 PM,1/2/2024 6:00:00 PM,SERC,WEST,EKPC,EKPC,2198.609,True
1/3/2024 12:00:00 AM,1/2/2024 7:00:00 PM,SERC,WEST,EKPC,EKPC,2170.952,True
1/3/2024 1:00:00 AM,1/2/2024 8:00:00 PM,SERC,WEST,EKPC,EKPC,2131.095,True
1/3/2024 2:00:00 AM,1/2/2024 9:00:00 PM,SERC,WEST,EKPC,EKPC,2106.481,True
1/3/2024 3:00:00 AM,1/2/2024 10:00:00 PM,SERC,WEST,EKPC,EKPC,2170.875,True
1/3/2024 4:00:00 AM,1/2/2024 11:00:00 PM,SERC,WEST,EKPC,EKPC,2166.064,True
1/3/2024 5:00:00 AM,1/3/2024 12:00:00 AM,SERC,WEST,EKPC,EKPC,2146.812,True
1/3/2024 6:00:00 AM,1/3/2024 1:00:00 AM,SERC,WEST,EKPC,EKPC,2159.708,True
1/3/2024 7:00:00 AM,1/3/2024 2:00:00 AM,SERC,WEST,EKPC,EKPC,2170.953,True
1/3/2024 8:00:00 AM,1/3/2024 3:00:00 AM,SERC,WEST,EKPC,EKPC,2206.145,True
1/3/2024 9:00:00 AM,1/3/2024 4:00:00 AM,SERC,WEST,EKPC,EKPC,2228.009,True
1/3/2024 10:00:00 AM,1/3/2024 5:00:00 AM,SERC,WEST,EKPC,EKPC,2324.441,True
1/3/2024 11:00:00 AM,1/3/2024 6:00:00 AM,SERC,WEST,EKPC,EKPC,2472.897,True
1/3/2024 12:00:00 PM,1/3/2024 7:00:00 AM,SERC,WEST,EKPC,EKPC,2504.270,True
1/3/2024 1:00:00 PM,1/3/2024 8:00:00 AM,SERC,WEST,EKPC,EKPC,2435.591,True
1/3/2024 2:00:00 PM,1/3/2024 9:00:00 AM,SERC,WEST,EKPC,EKPC,2315.084,True
1/3/2024 3:00:00 PM,1/3/2024 10:00:00 AM,SERC,WEST,EKPC,EKPC,2146.037,True
1/3/2024 4:00:00 PM,1/3/2024 11:00:00 AM,SERC,WEST,EKPC,EKPC,1986.016,True
1/3/2024 5:00:00 PM,1/3/2024 12:00:00 PM,SERC,WEST,EKPC,EKPC,1923.743,True
1/3/2024 6:00:00 PM,1/3/2024 1:00:00 PM,SERC,WEST,EKPC,EKPC,1898.910,True
1/3/2024 7:00:00 PM,1/3/2024 2:00:00 PM,SERC,WEST,EKPC,EKPC,1866.676,True
1/3/2024 8:00:00 PM,1/3/2024 3:00:00 PM,SERC,WEST,EKPC,EKPC,1874.822,True
1/3/2024 9:00:00 PM,1/3/2024 4:00:00 PM,SERC,WEST,EKPC,EKPC,1915.695,True
1/3/2024 10:00:00 PM,1/3/2024 5:00:00 PM,SERC,WEST,EKPC,EKPC,2026.102,True
1/3/2024 11:00:00 PM,1/3/2024 6:00:00 PM,SERC,WEST,EKPC,EKPC,2124.649,True
1/4/2024 12:00:00 AM,1/3/2024 7:00:00 PM,SERC,WEST,EKPC,EKPC,2143.753,True
1/4/2024 1:00:00 AM,1/3/2024 8:00:00 PM,SERC,WEST,EKPC,EKPC,2159.714,True
1/4/2024 2:00:00 AM,1/3/2024 9:00:00 PM,SERC,WEST,EKPC,EKPC,2122.904,True
1/4/2024 3:00:00 AM,1/3/2024 10:00:00 PM,SERC,WEST,EKPC,EKPC,2032.367,True
1/4/2024 4:00:00 AM,1/3/2024 11:00:00 PM,SERC,WEST,EKPC,EKPC,1961.827,True
1/4/2024 5:00:00 AM,1/4/2024 12:00:00 AM,SERC,WEST,EKPC,EKPC,1883.347,True
1/4/2024 6:00:00 AM,1/4/2024 1:00:00 AM,SERC,WEST,EKPC,EKPC,1984.308,True
1/4/2024 7:00:00 AM,1/4/2024 2:00:00 AM,SERC,WEST,EKPC,EKPC,1978.581,True
1/4/2024 8:00:00 AM,1/4/2024 3:00:00 AM,SERC,WEST,EKPC,EKPC,1957.664,True
1/4/2024 9:00:00 AM,1/4/2024 4:00:00 AM,SERC,WEST,EKPC,EKPC,1913.518,True
1/4/2024 10:00:00 AM,1/4/2024 5:00:00 AM,SERC,WEST,EKPC,EKPC,2137.441,True
1/4/2024 11:00:00 AM,1/4/2024 6:00:00 AM,SERC,WEST,EKPC,EKPC,2246.319,True
1/4/2024 12:00:00 PM,1/4/2024 7:00:00 AM,SERC,WEST,EKPC,EKPC,2289.153,True
1/4/2024 1:00:00 PM,1/4/2024 8:00:00 AM,SERC,WEST,EKPC,EKPC,2245.383,True
1/4/2024 2:00:00 PM,1/4/2024 9:00:00 AM,SERC,WEST,EKPC,EKPC,2220.978,True
1/4/2024 3:00:00 PM,1/4/2024 10:00:00 AM,SERC,WEST,EKPC,EKPC,2123.186,True
1/4/2024 4:00:00 PM,1/4/2024 11:00:00 AM,SERC,WEST,EKPC,EKPC,2031.538,True
1/4/2024 5:00:00 PM,1/4/2024 12:00:00 PM,SERC,WEST,EKPC,EKPC,1985.087,True
1/4/2024 6:00:00 PM,1/4/2024 1:00:00 PM,SERC,WEST,EKPC,EKPC,1957.260,True
1/4/2024 7:00:00 PM,1/4/2024 2:00:00 PM,SERC,WEST,EKPC,EKPC,1939.451,True
1/4/2024 8:00:00 PM,1/4/2024 3:00:00 PM,SERC,WEST,EKPC,EKPC,1770.698,True
1/4/2024 9:00:00 PM,1/4/2024 4:00:00 PM,SERC,WEST,EKPC,EKPC,1841.616,True
1/4/2024 10:00:00 PM,1/4/2024 5:00:00 PM,SERC,WEST,EKPC,EKPC,2001.724,True
1/4/2024 11:00:00 PM,1/4/2024 6:00:00 PM,SERC,WEST,EKPC,EKPC,2260.017,True
1/5/2024 12:00:00 AM,1/4/2024 7:00:00 PM,SERC,WEST,EKPC,EKPC,2345.278,True
1/5/2024 1:00:00 AM,1/4/2024 8:00:00 PM,SERC,WEST,EKPC,EKPC,2384.521,True
1/5/2024 2:00:00 AM,1/4/2024 9:00:00 PM,SERC,WEST,EKPC,EKPC,2396.102,True
1/5/2024 3:00:00 AM,1/4/2024 10:00:00 PM,SERC,WEST,EKPC,EKPC,2401.856,True
1/5/2024 4:00:00 AM,1/4/2024 11:00:00 PM,SERC,WEST,EKPC,EKPC,2327.085,True
1/5/2024 5:00:00 AM,1/5/2024 12:00:00 AM,SERC,WEST,EKPC,EKPC,2328.614,True
1/5/2024 6:00:00 AM,1/5/2024 1:00:00 AM,SERC,WEST,EKPC,EKPC,2353.508,True
1/5/2024 7:00:00 AM,1/5/2024 2:00:00 AM,SERC,WEST,EKPC,EKPC,2366.509,True
1/5/2024 8:00:00 AM,1/5/2024 3:00:00 AM,SERC,WEST,EKPC,EKPC,2393.741,True
1/5/2024 9:00:00 AM,1/5/2024 4:00:00 AM,SERC,WEST,EKPC,EKPC,2438.798,True
1/5/2024 10:00:00 AM,1/5/2024 5:00:00 AM,SERC,WEST,EKPC,EKPC,2560.505,True
1/5/2024 11:00:00 AM,1/5/2024 6:00:00 AM,SERC,WEST,EKPC,EKPC,2722.046,True
1/5/2024 12:00:00 PM,1/5/2024 7:00:00 AM,SERC,WEST,EKPC,EKPC,2768.277,True
1/5/2024 1:00:00 PM,1/5/2024 8:00:00 AM,SERC,WEST,EKPC,EKPC,2632.660,True
1/5/2024 2:00:00 PM,1/5/2024 9:00:00 AM,SERC,WEST,EKPC,EKPC,2428.224,True
1/5/2024 3:00:00 PM,1/5/2024 10:00:00 AM,SERC,WEST,EKPC,EKPC,2228.180,True
1/5/2024 4:00:00 PM,1/5/2024 11:00:00 AM,SERC,WEST,EKPC,EKPC,2096.778,True
1/5/2024 5:00:00 PM,1/5/2024 12:00:00 PM,SERC,WEST,EKPC,EKPC,2021.333,True
1/5/2024 6:00:00 PM,1/5/2024 1:00:00 PM,SERC,WEST,EKPC,EKPC,1931.700,True
1/5/2024 7:00:00 PM,1/5/2024 2:00:00 PM,SERC,WEST,EKPC,EKPC,1855.063,True
1/5/2024 8:00:00 PM,1/5/2024 3:00:00 PM,SERC,WEST,EKPC,EKPC,1877.073,True
1/5/2024 9:00:00 PM,1/5/2024 4:00:00 PM,SERC,WEST,EKPC,EKPC,1981.128,True
1/5/2024 10:00:00 PM,1/5/2024 5:00:00 PM,SERC,WEST,EKPC,EKPC,2000.524,True
1/5/2024 11:00:00 PM,1/5/2024 6:00:00 PM,SERC,WEST,EKPC,EKPC,2088.459,True
1/6/2024 12:00:00 AM,1/5/2024 7:00:00 PM,SERC,WEST,EKPC,EKPC,2062.630,True
1/6/2024 1:00:00 AM,1/5/2024 8:00:00 PM,SERC,WEST,EKPC,EKPC,2046.255,True
1/6/2024 2:00:00 AM,1/5/2024 9:00:00 PM,SERC,WEST,EKPC,EKPC,1993.616,True
1/6/2024 3:00:00 AM,1/5/2024 10:00:00 PM,SERC,WEST,EKPC,EKPC,1893.312,True
1/6/2024 4:00:00 AM,1/5/2024 11:00:00 PM,SERC,WEST,EKPC,EKPC,1864.959,True
1/6/2024 5:00:00 AM,1/6/2024 12:00:00 AM,SERC,WEST,EKPC,EKPC,1828.371,True
1/6/2024 6:00:00 AM,1/6/2024 1:00:00 AM,SERC,WEST,EKPC,EKPC,1792.015,True
1/6/2024 7:00:00 AM,1/6/2024 2:00:00 AM,SERC,WEST,EKPC,EKPC,1796.196,True
1/6/2024 8:00:00 AM,1/6/2024 3:00:00 AM,SERC,WEST,EKPC,EKPC,1836.109,True
1/6/2024 9:00:00 AM,1/6/2024 4:00:00 AM,SERC,WEST,EKPC,EKPC,1863.332,True
1/6/2024 10:00:00 AM,1/6/2024 5:00:00 AM,SERC,WEST,EKPC,EKPC,1923.578,True
1/6/2024 11:00:00 AM,1/6/2024 6:00:00 AM,SERC,WEST,EKPC,EKPC,1969.619,True
1/6/2024 12:00:00 PM,1/6/2024 7:00:00 AM,SERC,WEST,EKPC,EKPC,1984.098,True
1/6/2024 1:00:00 PM,1/6/2024 8:00:00 AM,SERC,WEST,EKPC,EKPC,2069.498,True
1/6/2024 2:00:00 PM,1/6/2024 9:00:00 AM,SERC,WEST,EKPC,EKPC,2103.799,True
1/6/2024 3:00:00 PM,1/6/2024 10:00:00 AM,SERC,WEST,EKPC,EKPC,2065.673,True
1/6/2024 4:00:00 PM,1/6/2024 11:00:00 AM,SERC,WEST,EKPC,EKPC,2002.325,True
1/6/2024 5:00:00 PM,1/6/2024 12:00:00 PM,SERC,WEST,EKPC,EKPC,2027.112,True
1/6/2024 6:00:00 PM,1/6/2024 1:00:00 PM,SERC,WEST,EKPC,EKPC,1964.630,True
1/6/2024 7:00:00 PM,1/6/2024 2:00:00 PM,SERC,WEST,EKPC,EKPC,1947.644,True
1/6/2024 8:00:00 PM,1/6/2024 3:00:00 PM,SERC,WEST,EKPC,EKPC,1888.356,True
1/6/2024 9:00:00 PM,1/6/2024 4:00:00 PM,SERC,WEST,EKPC,EKPC,1931.829,True
1/6/2024 10:00:00 PM,1/6/2024 5:00:00 PM,SERC,WEST,EKPC,EKPC,1964.469,True
1/6/2024 11:00:00 PM,1/6/2024 6:00:00 PM,SERC,WEST,EKPC,EKPC,2020.479,True
1/7/2024 12:00:00 AM,1/6/2024 7:00:00 PM,SERC,WEST,EKPC,EKPC,1971.130,True
1/7/2024 1:00:00 AM,1/6/2024 8:00:00 PM,SERC,WEST,EKPC,EKPC,1908.280,True
1/7/2024 2:00:00 AM,1/6/2024 9:00:00 PM,SERC,WEST,EKPC,EKPC,1802.779,True
1/7/2024 3:00:00 AM,1/6/2024 10:00:00 PM,SERC,WEST,EKPC,EKPC,1822.020,True
1/7/2024 4:00:00 AM,1/6/2024 11:00:00 PM,SERC,WEST,EKPC,EKPC,1790.471,True
1/7/2024 5:00:00 AM,1/7/2024 12:00:00 AM,SERC,WEST,EKPC,EKPC,1756.591,True
1/7/2024 6:00:00 AM,1/7/2024 1:00:00 AM,SERC,WEST,EKPC,EKPC,1750.920,True
1/7/2024 7:00:00 AM,1/7/2024 2:00:00 AM,SERC,WEST,EKPC,EKPC,1758.604,True
1/7/2024 8:00:00 AM,1/7/2024 3:00:00 AM,SERC,WEST,EKPC,EKPC,1709.074,True
1/7/2024 9:00:00 AM,1/7/2024 4:00:00 AM,SERC,WEST,EKPC,EKPC,1765.225,True
1/7/2024 10:00:00 AM,1/7/2024 5:00:00 AM,SERC,WEST,EKPC,EKPC,1782.369,True
1/7/2024 11:00:00 AM,1/7/2024 6:00:00 AM,SERC,WEST,EKPC,EKPC,1770.593,True
1/7/2024 12:00:00 PM,1/7/2024 7:00:00 AM,SERC,WEST,EKPC,EKPC,1858.754,True
1/7/2024 1:00:00 PM,1/7/2024 8:00:00 AM,SERC,WEST,EKPC,EKPC,2000.639,True
1/7/2024 2:00:00 PM,1/7/2024 9:00:00 AM,SERC,WEST,EKPC,EKPC,2089.594,True
1/7/2024 3:00:00 PM,1/7/2024 10:00:00 AM,SERC,WEST,EKPC,EKPC,2135.527,True
1/7/2024 4:00:00 PM,1/7/2024 11:00:00 AM,SERC,WEST,EKPC,EKPC,2110.266,True
1/7/2024 5:00:00 PM,1/7/2024 12:00:00 PM,SERC,WEST,EKPC,EKPC,2142.271,True
1/7/2024 6:00:00 PM,1/7/2024 1:00:00 PM,SERC,WEST,EKPC,EKPC,2009.508,True
1/7/2024 7:00:00 PM,1/7/2024 2:00:00 PM,SERC,WEST,EKPC,EKPC,1941.513,True
1/7/2024 8:00:00 PM,1/7/2024 3:00:00 PM,SERC,WEST,EKPC,EKPC,1946.017,True
1/7/2024 9:00:00 PM,1/7/2024 4:00:00 PM,SERC,WEST,EKPC,EKPC,2007.651,True
1/7/2024 10:00:00 PM,1/7/2024 5:00:00 PM,SERC,WEST,EKPC,EKPC,1981.358,True
1/7/2024 11:00:00 PM,1/7/2024 6:00:00 PM,SERC,WEST,EKPC,EKPC,2012.667,True
1/8/2024 12:00:00 AM,1/7/2024 7:00:00 PM,SERC,WEST,EKPC,EKPC,2037.565,True
1/8/2024 1:00:00 AM,1/7/2024 8:00:00 PM,SERC,WEST,EKPC,EKPC,2100.635,True
1/8/2024 2:00:00 AM,1/7/2024 9:00:00 PM,SERC,WEST,EKPC,EKPC,1905.809,True
1/8/2024 3:00:00 AM,1/7/2024 10:00:00 PM,SERC,WEST,EKPC,EKPC,1864.591,True
1/8/2024 4:00:00 AM,1/7/2024 11:00:00 PM,SERC,WEST,EKPC,EKPC,1929.393,True
1/8/2024 5:00:00 AM,1/8/2024 12:00:00 AM,SERC,WEST,EKPC,EKPC,1867.616,True
1/8/2024 6:00:00 AM,1/8/2024 1:00:00 AM,SERC,WEST,EKPC,EKPC,1928.071,True
1/8/2024 7:00:00 AM,1/8/2024 2:00:00 AM,SERC,WEST,EKPC,EKPC,1999.520,True
1/8/2024 8:00:00 AM,1/8/2024 3:00:00 AM,SERC,WEST,EKPC,EKPC,2060.483,True
1/8/2024 9:00:00 AM,1/8/2024 4:00:00 AM,SERC,WEST,EKPC,EKPC,2146.422,True
1/8/2024 10:00:00 AM,1/8/2024 5:00:00 AM,SERC,WEST,EKPC,EKPC,2199.140,True
1/8/2024 11:00:00 AM,1/8/2024 6:00:00 AM,SERC,WEST,EKPC,EKPC,2465.663,True
1/8/2024 12:00:00 PM,1/8/2024 7:00:00 AM,SERC,WEST,EKPC,EKPC,2484.123,True
1/8/2024 1:00:00 PM,1/8/2024 8:00:00 AM,SERC,WEST,EKPC,EKPC,2451.254,True
1/8/2024 2:00:00 PM,1/8/2024 9:00:00 AM,SERC,WEST,EKPC,EKPC,2351.836,True
1/8/2024 3:00:00 PM,1/8/2024 10:00:00 AM,SERC,WEST,EKPC,EKPC,2150.580,True
1/8/2024 4:00:00 PM,1/8/2024 11:00:00 AM,SERC,WEST,EKPC,EKPC,1979.849,True
1/8/2024 5:00:00 PM,1/8/2024 12:00:00 PM,SERC,WEST,EKPC,EKPC,1826.703,True
1/8/2024 6:00:00 PM,1/8/2024 1:00:00 PM,SERC,WEST,EKPC,EKPC,1825.971,True
1/8/2024 7:00:00 PM,1/8/2024 2:00:00 PM,SERC,WEST,EKPC,EKPC,1869.201,True
1/8/2024 8:00:00 PM,1/8/2024 3:00:00 PM,SERC,WEST,EKPC,EKPC,1902.706,True
1/8/2024 9:00:00 PM,1/8/2024 4:00:00 PM,SERC,WEST,EKPC,EKPC,1963.301,True
1/8/2024 10:00:00 PM,1/8/2024 5:00:00 PM,SERC,WEST,EKPC,EKPC,2029.250,True
1/8/2024 11:00:00 PM,1/8/2024 6:00:00 PM,SERC,WEST,EKPC,EKPC,2102.326,True
1/9/2024 12:00:00 AM,1/8/2024 7:00:00 PM,SERC,WEST,EKPC,EKPC,2131.269,True
1/9/2024 1:00:00 AM,1/8/2024 8:00:00 PM,SERC,WEST,EKPC,EKPC,2053.584,True
1/9/2024 2:00:00 AM,1/8/2024 9:00:00 PM,SERC,WEST,EKPC,EKPC,2021.573,True
1/9/2024 3:00:00 AM,1/8/2024 10:00:00 PM,SERC,WEST,EKPC,EKPC,1873.196,True
1/9/2024 4:00:00 AM,1/8/2024 11:00:00 PM,SERC,WEST,EKPC,EKPC,1853.177,True
1/9/2024 5:00:00 AM,1/9/2024 12:00:00 AM,SERC,WEST,EKPC,EKPC,1775.605,True
1/9/2024 6:00:00 AM,1/9/2024 1:00:00 AM,SERC,WEST,EKPC,EKPC,1710.744,True
1/9/2024 7:00:00 AM,1/9/2024 2:00:00 AM,SERC,WEST,EKPC,EKPC,1745.041,True
1/9/2024 8:00:00 AM,1/9/2024 3:00:00 AM,SERC,WEST,EKPC,EKPC,1708.483,True
1/9/2024 9:00:00 AM,1/9/2024 4:00:00 AM,SERC,WEST,EKPC,EKPC,1750.607,True
1/9/2024 10:00:00 AM,1/9/2024 5:00:00 AM,SERC,WEST,EKPC,EKPC,1812.949,True
1/9/2024 11:00:00 AM,1/9/2024 6:00:00 AM,SERC,WEST,EKPC,EKPC,1892.512,True
1/9/2024 12:00:00 PM,1/9/2024 7:00:00 AM,SERC,WEST,EKPC,EKPC,1968.819,True
1/9/2024 1:00:00 PM,1/9/2024 8:00:00 AM,SERC,WEST,EKPC,EKPC,1918.937,True
1/9/2024 2:00:00 PM,1/9/2024 9:00:00 AM,SERC,WEST,EKPC,EKPC,1862.179,True
1/9/2024 3:00:00 PM,1/9/2024 10:00:00 AM,SERC,WEST,EKPC,EKPC,1823.553,True
1/9/2024 4:00:00 PM,1/9/2024 11:00:00 AM,SERC,WEST,EKPC,EKPC,1809.488,True
1/9/2024 5:00:00 PM,1/9/2024 12:00:00 PM,SERC,WEST,EKPC,EKPC,1834.732,True
1/9/2024 6:00:00 PM,1/9/2024 1:00:00 PM,SERC,WEST,EKPC,EKPC,1848.559,True
1/9/2024 7:00:00 PM,1/9/2024 2:00:00 PM,SERC,WEST,EKPC,EKPC,1740.761,True
1/9/2024 8:00:00 PM,1/9/2024 3:00:00 PM,SERC,WEST,EKPC,EKPC,1798.020,True
1/9/2024 9:00:00 PM,1/9/2024 4:00:00 PM,SERC,WEST,EKPC,EKPC,1887.497,True
1/9/2024 10:00:00 PM,1/9/2024 5:00:00 PM,SERC,WEST,EKPC,EKPC,1962.168,True
1/9/2024 11:00:00 PM,1/9/2024 6:00:00 PM,SERC,WEST,EKPC,EKPC,2043.842,True
1/10/2024 12:00:00 AM,1/9/2024 7:00:00 PM,SERC,WEST,EKPC,EKPC,2108.890,True
1/10/2024 1:00:00 AM,1/9/2024 8:00:00 PM,SERC,WEST,EKPC,EKPC,2011.589,True
1/10/2024 2:00:00 AM,1/9/2024 9:00:00 PM,SERC,WEST,EKPC,EKPC,1991.241,True
1/10/2024 3:00:00 AM,1/9/2024 10:00:00 PM,SERC,WEST,EKPC,EKPC,2006.235,True
1/10/2024 4:00:00 AM,1/9/2024 11:00:00 PM,SERC,WEST,EKPC,EKPC,1921.611,True
1/10/2024 5:00:00 AM,1/10/2024 12:00:00 AM,SERC,WEST,EKPC,EKPC,2046.561,True
1/10/2024 6:00:00 AM,1/10/2024 1:00:00 AM,SERC,WEST,EKPC,EKPC,2058.469,True
1/10/2024 7:00:00 AM,1/10/2024 2:00:00 AM,SERC,WEST,EKPC,EKPC,2052.170,True
1/10/2024 8:00:00 AM,1/10/2024 3:00:00 AM,SERC,WEST,EKPC,EKPC,2099.284,True
1/10/2024 9:00:00 AM,1/10/2024 4:00:00 AM,SERC,WEST,EKPC,EKPC,2151.156,True
1/10/2024 10:00:00 AM,1/10/2024 5:00:00 AM,SERC,WEST,EKPC,EKPC,2169.612,True
1/10/2024 11:00:00 AM,1/10/2024 6:00:00 AM,SERC,WEST,EKPC,EKPC,2241.404,True
1/10/2024 12:00:00 PM,1/10/2024 7:00:00 AM,SERC,WEST,EKPC,EKPC,2236.797,True
1/10/2024 1:00:00 PM,1/10/2024 8:00:00 AM,SERC,WEST,EKPC,EKPC,2190.409,True
1/10/2024 2:00:00 PM,1/10/2024 9:00:00 AM,SERC,WEST,EKPC,EKPC,2163.230,True
1/10/2024 3:00:00 PM,1/10/2024 10:00:00 AM,SERC,WEST,EKPC,EKPC,2129.102,True
1/10/2024 4:00:00 PM,1/10/2024 11:00:00 AM,SERC,WEST,EKPC,EKPC,2127.050,True
1/10/2024 5:00:00 PM,1/10/2024 12:00:00 PM,SERC,WEST,EKPC,EKPC,2148.673,True
1/10/2024 6:00:00 PM,1/10/2024 1:00:00 PM,SERC,WEST,EKPC,EKPC,2133.182,True
1/10/2024 7:00:00 PM,1/10/2024 2:00:00 PM,SERC,WEST,EKPC,EKPC,2095.221,True
1/10/2024 8:00:00 PM,1/10/2024 3:00:00 PM,SERC,WEST,EKPC,EKPC,2103.628,True
1/10/2024 9:00:00 PM,1/10/2024 4:00:00 PM,SERC,WEST,EKPC,EKPC,2092.488,True
1/10/2024 10:00:00 PM,1/10/2024 5:00:00 PM,SERC,WEST,EKPC,EKPC,2080.135,True
1/10/2024 11:00:00 PM,1/10/2024 6:00:00 PM,SERC,WEST,EKPC,EKPC,2144.571,True
1/11/2024 12:00:00 AM,1/10/2024 7:00:00 PM,SERC,WEST,EKPC,EKPC,2209.984,True
1/11/2024 1:00:00 AM,1/10/2024 8:00:00 PM,SERC,WEST,EKPC,EKPC,2215.656,True
1/11/2024 2:00:00 AM,1/10/2024 9:00:00 PM,SERC,WEST,EKPC,EKPC,2244.647,True
1/11/2024 3:00:00 AM,1/10/2024 10:00:00 PM,SERC,WEST,EKPC,EKPC,2157.796,True
1/11/2024 4:00:00 AM,1/10/2024 11:00:00 PM,SERC,WEST,EKPC,EKPC,2119.953,True
1/11/2024 5:00:00 AM,1/11/2024 12:00:00 AM,SERC,WEST,EKPC,EKPC,2072.227,True
1/11/2024 6:00:00 AM,1/11/2024 1:00:00 AM,SERC,WEST,EKPC,EKPC,2054.914,True
1/11/2024 7:00:00 AM,1/11/2024 2:00:00 AM,SERC,WEST,EKPC,EKPC,2117.092,True
1/11/2024 8:00:00 AM,1/11/2024 3:00:00 AM,SERC,WEST,EKPC,EKPC,2046.595,True
1/11/2024 9:00:00 AM,1/11/2024 4:00:00 AM,SERC,WEST,EKPC,EKPC,1970.474,True
1/11/2024 10:00:00 AM,1/11/2024 5:00:00 AM,SERC,WEST,EKPC,EKPC,2093.760,True
1/11/2024 11:00:00 AM,1/11/2024 6:00:00 AM,SERC,WEST,EKPC,EKPC,2268.639,True
1/11/2024 12:00:00 PM,1/11/2024 7:00:00 AM,SERC,WEST,EKPC,EKPC,2333.214,True
1/11/2024 1:00:00 PM,1/11/2024 8:00:00 AM,SERC,WEST,EKPC,EKPC,2241.920,True
1/11/2024 2:00:00 PM,1/11/2024 9:00:00 AM,SERC,WEST,EKPC,EKPC,2026.945,True
1/11/2024 3:00:00 PM,1/11/2024 10:00:00 AM,SERC,WEST,EKPC,EKPC,1831.705,True
1/11/2024 4:00:00 PM,1/11/2024 11:00:00 AM,SERC,WEST,EKPC,EKPC,1810.043,True
1/11/2024 5:00:00 PM,1/11/2024 12:00:00 PM,SERC,WEST,EKPC,EKPC,1755.211,True
1/11/2024 6:00:00 PM,1/11/2024 1:00:00 PM,SERC,WEST,EKPC,EKPC,1697.174,True
1/11/2024 7:00:00 PM,1/11/2024 2:00:00 PM,SERC,WEST,EKPC,EKPC,1635.618,True
1/11/2024 8:00:00 PM,1/11/2024 3:00:00 PM,SERC,WEST,EKPC,EKPC,1609.299,True
1/11/2024 9:00:00 PM,1/11/2024 4:00:00 PM,SERC,WEST,EKPC,EKPC,1653.241,True
1/11/2024 10:00:00 PM,1/11/2024 5:00:00 PM,SERC,WEST,EKPC,EKPC,1745.941,True
1/11/2024 11:00:00 PM,1/11/2024 6:00:00 PM,SERC,WEST,EKPC,EKPC,1919.863,True
1/12/2024 12:00:00 AM,1/11/2024 7:00:00 PM,SERC,WEST,EKPC,EKPC,2012.414,True
1/12/2024 1:00:00 AM,1/11/2024 8:00:00 PM,SERC,WEST,EKPC,EKPC,2047.895,True
1/12/2024 2:00:00 AM,1/11/2024 9:00:00 PM,SERC,WEST,EKPC,EKPC,2030.062,True
1/12/2024 3:00:00 AM,1/11/2024 10:00:00 PM,SERC,WEST,EKPC,EKPC,1932.534,True
1/12/2024 4:00:00 AM,1/11/2024 11:00:00 PM,SERC,WEST,EKPC,EKPC,1938.690,True
1/12/2024 5:00:00 AM,1/12/2024 12:00:00 AM,SERC,WEST,EKPC,EKPC,1992.930,True
1/12/2024 6:00:00 AM,1/12/2024 1:00:00 AM,SERC,WEST,EKPC,EKPC,2000.058,True
1/12/2024 7:00:00 AM,1/12/2024 2:00:00 AM,SERC,WEST,EKPC,EKPC,1963.691,True
1/12/2024 8:00:00 AM,1/12/2024 3:00:00 AM,SERC,WEST,EKPC,EKPC,1916.714,True
1/12/2024 9:00:00 AM,1/12/2024 4:00:00 AM,SERC,WEST,EKPC,EKPC,1921.685,True
1/12/2024 10:00:00 AM,1/12/2024 5:00:00 AM,SERC,WEST,EKPC,EKPC,1952.170,True
1/12/2024 11:00:00 AM,1/12/2024 6:00:00 AM,SERC,WEST,EKPC,EKPC,2133.871,True
1/12/2024 12:00:00 PM,1/12/2024 7:00:00 AM,SERC,WEST,EKPC,EKPC,2136.298,True
1/12/2024 1:00:00 PM,1/12/2024 8:00:00 AM,SERC,WEST,EKPC,EKPC,2072.279,True
1/12/2024 2:00:00 PM,1/12/2024 9:00:00 AM,SERC,WEST,EKPC,EKPC,2015.840,True
1/12/2024 3:00:00 PM,1/12/2024 10:00:00 AM,SERC,WEST,EKPC,EKPC,2013.732,True
1/12/2024 4:00:00 PM,1/12/2024 11:00:00 AM,SERC,WEST,EKPC,EKPC,1888.822,True
1/12/2024 5:00:00 PM,1/12/2024 12:00:00 PM,SERC,WEST,EKPC,EKPC,2047.217,True
1/12/2024 6:00:00 PM,1/12/2024 1:00:00 PM,SERC,WEST,EKPC,EKPC,2068.744,True
1/12/2024 7:00:00 PM,1/12/2024 2:00:00 PM,SERC,WEST,EKPC,EKPC,2011.236,True
1/12/2024 8:00:00 PM,1/12/2024 3:00:00 PM,SERC,WEST,EKPC,EKPC,1990.213,True
1/12/2024 9:00:00 PM,1/12/2024 4:00:00 PM,SERC,WEST,EKPC,EKPC,1991.414,True
1/12/2024 10:00:00 PM,1/12/2024 5:00:00 PM,SERC,WEST,EKPC,EKPC,1955.243,True
1/12/2024 11:00:00 PM,1/12/2024 6:00:00 PM,SERC,WEST,EKPC,EKPC,1973.278,True
1/13/2024 12:00:00 AM,1/12/2024 7:00:00 PM,SERC,WEST,EKPC,EKPC,1917.117,True
1/13/2024 1:00:00 AM,1/12/2024 8:00:00 PM,SERC,WEST,EKPC,EKPC,1825.822,True
1/13/2024 2:00:00 AM,1/12/2024 9:00:00 PM,SERC,WEST,EKPC,EKPC,1782.648,True
1/13/2024 3:00:00 AM,1/12/2024 10:00:00 PM,SERC,WEST,EKPC,EKPC,1764.694,True
1/13/2024 4:00:00 AM,1/12/2024 11:00:00 PM,SERC,WEST,EKPC,EKPC,1761.070,True
1/13/2024 5:00:00 AM,1/13/2024 12:00:00 AM,SERC,WEST,EKPC,EKPC,1769.884,True
1/13/2024 6:00:00 AM,1/13/2024 1:00:00 AM,SERC,WEST,EKPC,EKPC,1901.706,True
1/13/2024 7:00:00 AM,1/13/2024 2:00:00 AM,SERC,WEST,EKPC,EKPC,2016.446,True
1/13/2024 8:00:00 AM,1/13/2024 3:00:00 AM,SERC,WEST,EKPC,EKPC,2070.814,True
1/13/2024 9:00:00 AM,1/13/2024 4:00:00 AM,SERC,WEST,EKPC,EKPC,2220.905,True
1/13/2024 10:00:00 AM,1/13/2024 5:00:00 AM,SERC,WEST,EKPC,EKPC,2203.479,True
1/13/2024 11:00:00 AM,1/13/2024 6:00:00 AM,SERC,WEST,EKPC,EKPC,2309.539,True
1/13/2024 12:00:00 PM,1/13/2024 7:00:00 AM,SERC,WEST,EKPC,EKPC,2452.231,True
1/13/2024 1:00:00 PM,1/13/2024 8:00:00 AM,SERC,WEST,EKPC,EKPC,2526.335,True
1/13/2024 2:00:00 PM,1/13/2024 9:00:00 AM,SERC,WEST,EKPC,EKPC,2524.328,True
1/13/2024 3:00:00 PM,1/13/2024 10:00:00 AM,SERC,WEST,EKPC,EKPC,2584.873,True
1/13/2024 4:00:00 PM,1/13/2024 11:00:00 AM,SERC,WEST,EKPC,EKPC,2515.868,True
1/13/2024 5:00:00 PM,1/13/2024 12:00:00 PM,SERC,WEST,EKPC,EKPC,2589.231,True
1/13/2024 6:00:00 PM,1/13/2024 1:00:00 PM,SERC,WEST,EKPC,EKPC,2303.006,True
1/13/2024 7:00:00 PM,1/13/2024 2:00:00 PM,SERC,WEST,EKPC,EKPC,2248.563,True
1/13/2024 8:00:00 PM,1/13/2024 3:00:00 PM,SERC,WEST,EKPC,EKPC,2229.407,True
1/13/2024 9:00:00 PM,1/13/2024 4:00:00 PM,SERC,WEST,EKPC,EKPC,2210.685,True
1/13/2024 10:00:00 PM,1/13/2024 5:00:00 PM,SERC,WEST,EKPC,EKPC,2207.363,True
1/13/2024 11:00:00 PM,1/13/2024 6:00:00 PM,SERC,WEST,EKPC,EKPC,2318.345,True
1/14/2024 12:00:00 AM,1/13/2024 7:00:00 PM,SERC,WEST,EKPC,EKPC,2340.507,True
1/14/2024 1:00:00 AM,1/13/2024 8:00:00 PM,SERC,WEST,EKPC,EKPC,2399.612,True
1/14/2024 2:00:00 AM,1/13/2024 9:00:00 PM,SERC,WEST,EKPC,EKPC,2376.853,True
1/14/2024 3:00:00 AM,1/13/2024 10:00:00 PM,SERC,WEST,EKPC,EKPC,2333.901,True
1/14/2024 4:00:00 AM,1/13/2024 11:00:00 PM,SERC,WEST,EKPC,EKPC,2309.894,True
1/14/2024 5:00:00 AM,1/14/2024 12:00:00 AM,SERC,WEST,EKPC,EKPC,2256.470,True
1/14/2024 6:00:00 AM,1/14/2024 1:00:00 AM,SERC,WEST,EKPC,EKPC,2143.867,True
1/14/2024 7:00:00 AM,1/14/2024 2:00:00 AM,SERC,WEST,EKPC,EKPC,2104.992,True
1/14/2024 8:00:00 AM,1/14/2024 3:00:00 AM,SERC,WEST,EKPC,EKPC,2215.180,True
1/14/2024 9:00:00 AM,1/14/2024 4:00:00 AM,SERC,WEST,EKPC,EKPC,2296.324,True
1/14/2024 10:00:00 AM,1/14/2024 5:00:00 AM,SERC,WEST,EKPC,EKPC,2383.348,True
1/14/2024 11:00:00 AM,1/14/2024 6:00:00 AM,SERC,WEST,EKPC,EKPC,2492.583,True
1/14/2024 12:00:00 PM,1/14/2024 7:00:00 AM,SERC,WEST,EKPC,EKPC,2607.451,True
1/14/2024 1:00:00 PM,1/14/2024 8:00:00 AM,SERC,WEST,EKPC,EKPC,2741.807,True
1/14/2024 2:00:00 PM,1/14/2024 9:00:00 AM,SERC,WEST,EKPC,EKPC,2729.291,True
1/14/2024 3:00:00 PM,1/14/2024 10:00:00 AM,SERC,WEST,EKPC,EKPC,2701.850,True
1/14/2024 4:00:00 PM,1/14/2024 11:00:00 AM,SERC,WEST,EKPC,EKPC,2307.538,True
1/14/2024 5:00:00 PM,1/14/2024 12:00:00 PM,SERC,WEST,EKPC,EKPC,2500.800,True
1/14/2024 6:00:00 PM,1/14/2024 1:00:00 PM,SERC,WEST,EKPC,EKPC,2393.414,True
1/14/2024 7:00:00 PM,1/14/2024 2:00:00 PM,SERC,WEST,EKPC,EKPC,2475.786,True
1/14/2024 8:00:00 PM,1/14/2024 3:00:00 PM,SERC,WEST,EKPC,EKPC,2461.045,True
1/14/2024 9:00:00 PM,1/14/2024 4:00:00 PM,SERC,WEST,EKPC,EKPC,2546.330,True
1/14/2024 10:00:00 PM,1/14/2024 5:00:00 PM,SERC,WEST,EKPC,EKPC,2569.081,True
1/14/2024 11:00:00 PM,1/14/2024 6:00:00 PM,SERC,WEST,EKPC,EKPC,2638.563,True
1/15/2024 12:00:00 AM,1/14/2024 7:00:00 PM,SERC,WEST,EKPC,EKPC,2575.400,True
1/15/2024 1:00:00 AM,1/14/2024 8:00:00 PM,SERC,WEST,EKPC,EKPC,2619.091,True
1/15/2024 2:00:00 AM,1/14/2024 9:00:00 PM,SERC,WEST,EKPC,EKPC,2785.564,True
1/15/2024 3:00:00 AM,1/14/2024 10:00:00 PM,SERC,WEST,EKPC,EKPC,2757.074,True
1/15/2024 4:00:00 AM,1/14/2024 11:00:00 PM,SERC,WEST,EKPC,EKPC,2701.637,True
1/15/2024 5:00:00 AM,1/15/2024 12:00:00 AM,SERC,WEST,EKPC,EKPC,2750.248,True
1/15/2024 6:00:00 AM,1/15/2024 1:00:00 AM,SERC,WEST,EKPC,EKPC,2794.254,True
1/15/2024 7:00:00 AM,1/15/2024 2:00:00 AM,SERC,WEST,EKPC,EKPC,2792.995,True
1/15/2024 8:00:00 AM,1/15/2024 3:00:00 AM,SERC,WEST,EKPC,EKPC,2830.894,True
1/15/2024 9:00:00 AM,1/15/2024 4:00:00 AM,SERC,WEST,EKPC,EKPC,2890.152,True
1/15/2024 10:00:00 AM,1/15/2024 5:00:00 AM,SERC,WEST,EKPC,EKPC,2906.075,True
1/15/2024 11:00:00 AM,1/15/2024 6:00:00 AM,SERC,WEST,EKPC,EKPC,2857.796,True
1/15/2024 12:00:00 PM,1/15/2024 7:00:00 AM,SERC,WEST,EKPC,EKPC,2974.553,True
1/15/2024 1:00:00 PM,1/15/2024 8:00:00 AM,SERC,WEST,EKPC,EKPC,2949.874,True
1/15/2024 2:00:00 PM,1/15/2024 9:00:00 AM,SERC,WEST,EKPC,EKPC,2973.867,True
1/15/2024 3:00:00 PM,1/15/2024 10:00:00 AM,SERC,WEST,EKPC,EKPC,3021.346,True
1/15/2024 4:00:00 PM,1/15/2024 11:00:00 AM,SERC,WEST,EKPC,EKPC,2915.109,True
1/15/2024 5:00:00 PM,1/15/2024 12:00:00 PM,SERC,WEST,EKPC,EKPC,2916.399,True
1/15/2024 6:00:00 PM,1/15/2024 1:00:00 PM,SERC,WEST,EKPC,EKPC,2904.121,True
1/15/2024 7:00:00 PM,1/15/2024 2:00:00 PM,SERC,WEST,EKPC,EKPC,2807.492,True
1/15/2024 8:00:00 PM,1/15/2024 3:00:00 PM,SERC,WEST,EKPC,EKPC,2879.304,True
1/15/2024 9:00:00 PM,1/15/2024 4:00:00 PM,SERC,WEST,EKPC,EKPC,2850.351,True
1/15/2024 10:00:00 PM,1/15/2024 5:00:00 PM,SERC,WEST,EKPC,EKPC,2892.728,True
1/15/2024 11:00:00 PM,1/15/2024 6:00:00 PM,SERC,WEST,EKPC,EKPC,2966.985,True
1/16/2024 12:00:00 AM,1/15/2024 7:00:00 PM,SERC,WEST,EKPC,EKPC,2957.191,True
1/16/2024 1:00:00 AM,1/15/2024 8:00:00 PM,SERC,WEST,EKPC,EKPC,2862.557,True
1/16/2024 2:00:00 AM,1/15/2024 9:00:00 PM,SERC,WEST,EKPC,EKPC,2875.324,True
1/16/2024 3:00:00 AM,1/15/2024 10:00:00 PM,SERC,WEST,EKPC,EKPC,2835.047,True
1/16/2024 4:00:00 AM,1/15/2024 11:00:00 PM,SERC,WEST,EKPC,EKPC,2722.440,True
1/16/2024 5:00:00 AM,1/16/2024 12:00:00 AM,SERC,WEST,EKPC,EKPC,2680.204,True
1/16/2024 6:00:00 AM,1/16/2024 1:00:00 AM,SERC,WEST,EKPC,EKPC,2693.494,True
1/16/2024 7:00:00 AM,1/16/2024 2:00:00 AM,SERC,WEST,EKPC,EKPC,2725.242,True
1/16/2024 8:00:00 AM,1/16/2024 3:00:00 AM,SERC,WEST,EKPC,EKPC,2785.058,True
1/16/2024 9:00:00 AM,1/16/2024 4:00:00 AM,SERC,WEST,EKPC,EKPC,2816.805,True
1/16/2024 10:00:00 AM,1/16/2024 5:00:00 AM,SERC,WEST,EKPC,EKPC,2919.463,True
1/16/2024 11:00:00 AM,1/16/2024 6:00:00 AM,SERC,WEST,EKPC,EKPC,2963.833,True
1/16/2024 12:00:00 PM,1/16/2024 7:00:00 AM,SERC,WEST,EKPC,EKPC,3063.849,True
1/16/2024 1:00:00 PM,1/16/2024 8:00:00 AM,SERC,WEST,EKPC,EKPC,3148.084,True
1/16/2024 2:00:00 PM,1/16/2024 9:00:00 AM,SERC,WEST,EKPC,EKPC,3084.122,True
1/16/2024 3:00:00 PM,1/16/2024 10:00:00 AM,SERC,WEST,EKPC,EKPC,3065.953,True
1/16/2024 4:00:00 PM,1/16/2024 11:00:00 AM,SERC,WEST,EKPC,EKPC,2972.550,True
1/16/2024 5:00:00 PM,1/16/2024 12:00:00 PM,SERC,WEST,EKPC,EKPC,2789.494,True
1/16/2024 6:00:00 PM,1/16/2024 1:00:00 PM,SERC,WEST,EKPC,EKPC,2713.130,True
1/16/2024 7:00:00 PM,1/16/2024 2:00:00 PM,SERC,WEST,EKPC,EKPC,2666.597,True
1/16/2024 8:00:00 PM,1/16/2024 3:00:00 PM,SERC,WEST,EKPC,EKPC,2664.502,True
1/16/2024 9:00:00 PM,1/16/2024 4:00:00 PM,SERC,WEST,EKPC,EKPC,2777.176,True
1/16/2024 10:00:00 PM,1/16/2024 5:00:00 PM,SERC,WEST,EKPC,EKPC,2899.602,True
1/16/2024 11:00:00 PM,1/16/2024 6:00:00 PM,SERC,WEST,EKPC,EKPC,3067.047,True
1/17/2024 12:00:00 AM,1/16/2024 7:00:00 PM,SERC,WEST,EKPC,EKPC,3149.535,True
1/17/2024 1:00:00 AM,1/16/2024 8:00:00 PM,SERC,WEST,EKPC,EKPC,3099.584,True
1/17/2024 2:00:00 AM,1/16/2024 9:00:00 PM,SERC,WEST,EKPC,EKPC,3094.960,True
1/17/2024 3:00:00 AM,1/16/2024 10:00:00 PM,SERC,WEST,EKPC,EKPC,3036.681,True
1/17/2024 4:00:00 AM,1/16/2024 11:00:00 PM,SERC,WEST,EKPC,EKPC,3030.943,True
1/17/2024 5:00:00 AM,1/17/2024 12:00:00 AM,SERC,WEST,EKPC,EKPC,3091.746,True
1/17/2024 6:00:00 AM,1/17/2024 1:00:00 AM,SERC,WEST,EKPC,EKPC,3211.550,True
1/17/2024 7:00:00 AM,1/17/2024 2:00:00 AM,SERC,WEST,EKPC,EKPC,3341.420,True
1/17/2024 8:00:00 AM,1/17/2024 3:00:00 AM,SERC,WEST,EKPC,EKPC,3384.384,True
1/17/2024 9:00:00 AM,1/17/2024 4:00:00 AM,SERC,WEST,EKPC,EKPC,3488.897,True
1/17/2024 10:00:00 AM,1/17/2024 5:00:00 AM,SERC,WEST,EKPC,EKPC,3580.302,True
1/17/2024 11:00:00 AM,1/17/2024 6:00:00 AM,SERC,WEST,EKPC,EKPC,3688.081,True
1/17/2024 12:00:00 PM,1/17/2024 7:00:00 AM,SERC,WEST,EKPC,EKPC,3748.287,True
1/17/2024 1:00:00 PM,1/17/2024 8:00:00 AM,SERC,WEST,EKPC,EKPC,3705.145,True
1/17/2024 2:00:00 PM,1/17/2024 9:00:00 AM,SERC,WEST,EKPC,EKPC,3486.213,True
1/17/2024 3:00:00 PM,1/17/2024 10:00:00 AM,SERC,WEST,EKPC,EKPC,3102.128,True
1/17/2024 4:00:00 PM,1/17/2024 11:00:00 AM,SERC,WEST,EKPC,EKPC,2988.586,True
1/17/2024 5:00:00 PM,1/17/2024 12:00:00 PM,SERC,WEST,EKPC,EKPC,2910.229,True
1/17/2024 6:00:00 PM,1/17/2024 1:00:00 PM,SERC,WEST,EKPC,EKPC,2795.747,True
1/17/2024 7:00:00 PM,1/17/2024 2:00:00 PM,SERC,WEST,EKPC,EKPC,2675.563,True
1/17/2024 8:00:00 PM,1/17/2024 3:00:00 PM,SERC,WEST,EKPC,EKPC,2643.955,True
1/17/2024 9:00:00 PM,1/17/2024 4:00:00 PM,SERC,WEST,EKPC,EKPC,2661.762,True
1/17/2024 10:00:00 PM,1/17/2024 5:00:00 PM,SERC,WEST,EKPC,EKPC,2731.327,True
1/17/2024 11:00:00 PM,1/17/2024 6:00:00 PM,SERC,WEST,EKPC,EKPC,2832.393,True
1/18/2024 12:00:00 AM,1/17/2024 7:00:00 PM,SERC,WEST,EKPC,EKPC,2858.549,True
1/18/2024 1:00:00 AM,1/17/2024 8:00:00 PM,SERC,WEST,EKPC,EKPC,2869.658,True
1/18/2024 2:00:00 AM,1/17/2024 9:00:00 PM,SERC,WEST,EKPC,EKPC,2851.079,True
1/18/2024 3:00:00 AM,1/17/2024 10:00:00 PM,SERC,WEST,EKPC,EKPC,2888.016,True
1/18/2024 4:00:00 AM,1/17/2024 11:00:00 PM,SERC,WEST,EKPC,EKPC,2818.189,True
1/18/2024 5:00:00 AM,1/18/2024 12:00:00 AM,SERC,WEST,EKPC,EKPC,2762.194,True
1/18/2024 6:00:00 AM,1/18/2024 1:00:00 AM,SERC,WEST,EKPC,EKPC,2815.408,True
1/18/2024 7:00:00 AM,1/18/2024 2:00:00 AM,SERC,WEST,EKPC,EKPC,2848.126,True
1/18/2024 8:00:00 AM,1/18/2024 3:00:00 AM,SERC,WEST,EKPC,EKPC,2871.217,True
1/18/2024 9:00:00 AM,1/18/2024 4:00:00 AM,SERC,WEST,EKPC,EKPC,2877.482,True
1/18/2024 10:00:00 AM,1/18/2024 5:00:00 AM,SERC,WEST,EKPC,EKPC,2894.152,True
1/18/2024 11:00:00 AM,1/18/2024 6:00:00 AM,SERC,WEST,EKPC,EKPC,2930.676,True
1/18/2024 12:00:00 PM,1/18/2024 7:00:00 AM,SERC,WEST,EKPC,EKPC,2941.016,True
1/18/2024 1:00:00 PM,1/18/2024 8:00:00 AM,SERC,WEST,EKPC,EKPC,2763.006,True
1/18/2024 2:00:00 PM,1/18/2024 9:00:00 AM,SERC,WEST,EKPC,EKPC,2667.998,True
1/18/2024 3:00:00 PM,1/18/2024 10:00:00 AM,SERC,WEST,EKPC,EKPC,2574.387,True
1/18/2024 4:00:00 PM,1/18/2024 11:00:00 AM,SERC,WEST,EKPC,EKPC,2543.432,True
1/18/2024 5:00:00 PM,1/18/2024 12:00:00 PM,SERC,WEST,EKPC,EKPC,2455.106,True
1/18/2024 6:00:00 PM,1/18/2024 1:00:00 PM,SERC,WEST,EKPC,EKPC,2425.923,True
1/18/2024 7:00:00 PM,1/18/2024 2:00:00 PM,SERC,WEST,EKPC,EKPC,2402.769,True
1/18/2024 8:00:00 PM,1/18/2024 3:00:00 PM,SERC,WEST,EKPC,EKPC,2390.037,True
1/18/2024 9:00:00 PM,1/18/2024 4:00:00 PM,SERC,WEST,EKPC,EKPC,2375.894,True
1/18/2024 10:00:00 PM,1/18/2024 5:00:00 PM,SERC,WEST,EKPC,EKPC,2417.742,True
1/18/2024 11:00:00 PM,1/18/2024 6:00:00 PM,SERC,WEST,EKPC,EKPC,2481.865,True
1/19/2024 12:00:00 AM,1/18/2024 7:00:00 PM,SERC,WEST,EKPC,EKPC,2426.967,True
1/19/2024 1:00:00 AM,1/18/2024 8:00:00 PM,SERC,WEST,EKPC,EKPC,2432.012,True
1/19/2024 2:00:00 AM,1/18/2024 9:00:00 PM,SERC,WEST,EKPC,EKPC,2361.545,True
1/19/2024 3:00:00 AM,1/18/2024 10:00:00 PM,SERC,WEST,EKPC,EKPC,2316.784,True
1/19/2024 4:00:00 AM,1/18/2024 11:00:00 PM,SERC,WEST,EKPC,EKPC,2295.789,True
1/19/2024 5:00:00 AM,1/19/2024 12:00:00 AM,SERC,WEST,EKPC,EKPC,2275.936,True
1/19/2024 6:00:00 AM,1/19/2024 1:00:00 AM,SERC,WEST,EKPC,EKPC,2286.151,True
1/19/2024 7:00:00 AM,1/19/2024 2:00:00 AM,SERC,WEST,EKPC,EKPC,2283.172,True
1/19/2024 8:00:00 AM,1/19/2024 3:00:00 AM,SERC,WEST,EKPC,EKPC,2267.541,True
1/19/2024 9:00:00 AM,1/19/2024 4:00:00 AM,SERC,WEST,EKPC,EKPC,2342.201,True
1/19/2024 10:00:00 AM,1/19/2024 5:00:00 AM,SERC,WEST,EKPC,EKPC,2389.957,True
1/19/2024 11:00:00 AM,1/19/2024 6:00:00 AM,SERC,WEST,EKPC,EKPC,2469.705,True
1/19/2024 12:00:00 PM,1/19/2024 7:00:00 AM,SERC,WEST,EKPC,EKPC,2551.416,True
1/19/2024 1:00:00 PM,1/19/2024 8:00:00 AM,SERC,WEST,EKPC,EKPC,2523.444,True
1/19/2024 2:00:00 PM,1/19/2024 9:00:00 AM,SERC,WEST,EKPC,EKPC,2525.476,True
1/19/2024 3:00:00 PM,1/19/2024 10:00:00 AM,SERC,WEST,EKPC,EKPC,2625.238,True
1/19/2024 4:00:00 PM,1/19/2024 11:00:00 AM,SERC,WEST,EKPC,EKPC,2554.978,True
1/19/2024 5:00:00 PM,1/19/2024 12:00:00 PM,SERC,WEST,EKPC,EKPC,2655.543,True
1/19/2024 6:00:00 PM,1/19/2024 1:00:00 PM,SERC,WEST,EKPC,EKPC,2584.055,True
1/19/2024 7:00:00 PM,1/19/2024 2:00:00 PM,SERC,WEST,EKPC,EKPC,2591.140,True
1/19/2024 8:00:00 PM,1/19/2024 3:00:00 PM,SERC,WEST,EKPC,EKPC,2633.332,True
1/19/2024 9:00:00 PM,1/19/2024 4:00:00 PM,SERC,WEST,EKPC,EKPC,2794.718,True
1/19/2024 10:00:00 PM,1/19/2024 5:00:00 PM,SERC,WEST,EKPC,EKPC,2922.102,True
1/19/2024 11:00:00 PM,1/19/2024 6:00:00 PM,SERC,WEST,EKPC,EKPC,2991.629,True
1/20/2024 12:00:00 AM,1/19/2024 7:00:00 PM,SERC,WEST,EKPC,EKPC,2921.341,True
1/20/2024 1:00:00 AM,1/19/2024 8:00:00 PM,SERC,WEST,EKPC,EKPC,2797.866,True
1/20/2024 2:00:00 AM,1/19/2024 9:00:00 PM,SERC,WEST,EKPC,EKPC,2818.142,True
1/20/2024 3:00:00 AM,1/19/2024 10:00:00 PM,SERC,WEST,EKPC,EKPC,2777.373,True
1/20/2024 4:00:00 AM,1/19/2024 11:00:00 PM,SERC,WEST,EKPC,EKPC,2761.785,True
1/20/2024 5:00:00 AM,1/20/2024 12:00:00 AM,SERC,WEST,EKPC,EKPC,2804.963,True
1/20/2024 6:00:00 AM,1/20/2024 1:00:00 AM,SERC,WEST,EKPC,EKPC,2897.895,True
1/20/2024 7:00:00 AM,1/20/2024 2:00:00 AM,SERC,WEST,EKPC,EKPC,3001.231,True
1/20/2024 8:00:00 AM,1/20/2024 3:00:00 AM,SERC,WEST,EKPC,EKPC,3085.631,True
1/20/2024 9:00:00 AM,1/20/2024 4:00:00 AM,SERC,WEST,EKPC,EKPC,3197.679,True
1/20/2024 10:00:00 AM,1/20/2024 5:00:00 AM,SERC,WEST,EKPC,EKPC,3147.472,True
1/20/2024 11:00:00 AM,1/20/2024 6:00:00 AM,SERC,WEST,EKPC,EKPC,3317.388,True
1/20/2024 12:00:00 PM,1/20/2024 7:00:00 AM,SERC,WEST,EKPC,EKPC,3418.353,True
1/20/2024 1:00:00 PM,1/20/2024 8:00:00 AM,SERC,WEST,EKPC,EKPC,3457.135,True
1/20/2024 2:00:00 PM,1/20/2024 9:00:00 AM,SERC,WEST,EKPC,EKPC,3390.805,True
1/20/2024 3:00:00 PM,1/20/2024 10:00:00 AM,SERC,WEST,EKPC,EKPC,3308.284,True
1/20/2024 4:00:00 PM,1/20/2024 11:00:00 AM,SERC,WEST,EKPC,EKPC,3164.283,True
1/20/2024 5:00:00 PM,1/20/2024 12:00:00 PM,SERC,WEST,EKPC,EKPC,3041.555,True
1/20/2024 6:00:00 PM,1/20/2024 1:00:00 PM,SERC,WEST,EKPC,EKPC,2850.316,True
1/20/2024 7:00:00 PM,1/20/2024 2:00:00 PM,SERC,WEST,EKPC,EKPC,2822.388,True
1/20/2024 8:00:00 PM,1/20/2024 3:00:00 PM,SERC,WEST,EKPC,EKPC,2701.411,True
1/20/2024 9:00:00 PM,1/20/2024 4:00:00 PM,SERC,WEST,EKPC,EKPC,2711.382,True
1/20/2024 10:00:00 PM,1/20/2024 5:00:00 PM,SERC,WEST,EKPC,EKPC,2838.062,True
1/20/2024 11:00:00 PM,1/20/2024 6:00:00 PM,SERC,WEST,EKPC,EKPC,3084.641,True
1/21/2024 12:00:00 AM,1/20/2024 7:00:00 PM,SERC,WEST,EKPC,EKPC,3157.504,True
1/21/2024 1:00:00 AM,1/20/2024 8:00:00 PM,SERC,WEST,EKPC,EKPC,3166.369,True
1/21/2024 2:00:00 AM,1/20/2024 9:00:00 PM,SERC,WEST,EKPC,EKPC,3238.637,True
1/21/2024 3:00:00 AM,1/20/2024 10:00:00 PM,SERC,WEST,EKPC,EKPC,3261.955,True
1/21/2024 4:00:00 AM,1/20/2024 11:00:00 PM,SERC,WEST,EKPC,EKPC,3253.865,True
1/21/2024 5:00:00 AM,1/21/2024 12:00:00 AM,SERC,WEST,EKPC,EKPC,3150.384,True
1/21/2024 6:00:00 AM,1/21/2024 1:00:00 AM,SERC,WEST,EKPC,EKPC,3350.784,True
1/21/2024 7:00:00 AM,1/21/2024 2:00:00 AM,SERC,WEST,EKPC,EKPC,3315.451,True
1/21/2024 8:00:00 AM,1/21/2024 3:00:00 AM,SERC,WEST,EKPC,EKPC,3443.570,True
1/21/2024 9:00:00 AM,1/21/2024 4:00:00 AM,SERC,WEST,EKPC,EKPC,3527.030,True
1/21/2024 10:00:00 AM,1/21/2024 5:00:00 AM,SERC,WEST,EKPC,EKPC,3545.274,True
1/21/2024 11:00:00 AM,1/21/2024 6:00:00 AM,SERC,WEST,EKPC,EKPC,3607.015,True
1/21/2024 12:00:00 PM,1/21/2024 7:00:00 AM,SERC,WEST,EKPC,EKPC,3722.340,True
1/21/2024 1:00:00 PM,1/21/2024 8:00:00 AM,SERC,WEST,EKPC,EKPC,3672.305,True
1/21/2024 2:00:00 PM,1/21/2024 9:00:00 AM,SERC,WEST,EKPC,EKPC,3431.584,True
1/21/2024 3:00:00 PM,1/21/2024 10:00:00 AM,SERC,WEST,EKPC,EKPC,3106.241,True
1/21/2024 4:00:00 PM,1/21/2024 11:00:00 AM,SERC,WEST,EKPC,EKPC,2880.795,True
1/21/2024 5:00:00 PM,1/21/2024 12:00:00 PM,SERC,WEST,EKPC,EKPC,2718.190,True
1/21/2024 6:00:00 PM,1/21/2024 1:00:00 PM,SERC,WEST,EKPC,EKPC,2516.289,True
1/21/2024 7:00:00 PM,1/21/2024 2:00:00 PM,SERC,WEST,EKPC,EKPC,2386.519,True
1/21/2024 8:00:00 PM,1/21/2024 3:00:00 PM,SERC,WEST,EKPC,EKPC,2391.322,True
1/21/2024 9:00:00 PM,1/21/2024 4:00:00 PM,SERC,WEST,EKPC,EKPC,2470.319,True
1/21/2024 10:00:00 PM,1/21/2024 5:00:00 PM,SERC,WEST,EKPC,EKPC,2603.512,True
1/21/2024 11:00:00 PM,1/21/2024 6:00:00 PM,SERC,WEST,EKPC,EKPC,2736.013,True
1/22/2024 12:00:00 AM,1/21/2024 7:00:00 PM,SERC,WEST,EKPC,EKPC,2790.090,True
1/22/2024 1:00:00 AM,1/21/2024 8:00:00 PM,SERC,WEST,EKPC,EKPC,2782.750,True
1/22/2024 2:00:00 AM,1/21/2024 9:00:00 PM,SERC,WEST,EKPC,EKPC,2813.823,True
1/22/2024 3:00:00 AM,1/21/2024 10:00:00 PM,SERC,WEST,EKPC,EKPC,2781.109,True
1/22/2024 4:00:00 AM,1/21/2024 11:00:00 PM,SERC,WEST,EKPC,EKPC,2801.968,True
1/22/2024 5:00:00 AM,1/22/2024 12:00:00 AM,SERC,WEST,EKPC,EKPC,2812.273,True
1/22/2024 6:00:00 AM,1/22/2024 1:00:00 AM,SERC,WEST,EKPC,EKPC,2788.804,True
1/22/2024 7:00:00 AM,1/22/2024 2:00:00 AM,SERC,WEST,EKPC,EKPC,2841.852,True
1/22/2024 8:00:00 AM,1/22/2024 3:00:00 AM,SERC,WEST,EKPC,EKPC,2862.045,True
1/22/2024 9:00:00 AM,1/22/2024 4:00:00 AM,SERC,WEST,EKPC,EKPC,2887.334,True
1/22/2024 10:00:00 AM,1/22/2024 5:00:00 AM,SERC,WEST,EKPC,EKPC,2944.573,True
1/22/2024 11:00:00 AM,1/22/2024 6:00:00 AM,SERC,WEST,EKPC,EKPC,2952.263,True
1/22/2024 12:00:00 PM,1/22/2024 7:00:00 AM,SERC,WEST,EKPC,EKPC,3060.616,True
1/22/2024 1:00:00 PM,1/22/2024 8:00:00 AM,SERC,WEST,EKPC,EKPC,2969.217,True
1/22/2024 2:00:00 PM,1/22/2024 9:00:00 AM,SERC,WEST,EKPC,EKPC,2795.592,True
1/22/2024 3:00:00 PM,1/22/2024 10:00:00 AM,SERC,WEST,EKPC,EKPC,2577.155,True
1/22/2024 4:00:00 PM,1/22/2024 11:00:00 AM,SERC,WEST,EKPC,EKPC,2422.362,True
1/22/2024 5:00:00 PM,1/22/2024 12:00:00 PM,SERC,WEST,EKPC,EKPC,2233.963,True
1/22/2024 6:00:00 PM,1/22/2024 1:00:00 PM,SERC,WEST,EKPC,EKPC,2100.460,True
1/22/2024 7:00:00 PM,1/22/2024 2:00:00 PM,SERC,WEST,EKPC,EKPC,2026.689,True
1/22/2024 8:00:00 PM,1/22/2024 3:00:00 PM,SERC,WEST,EKPC,EKPC,1987.431,True
1/22/2024 9:00:00 PM,1/22/2024 4:00:00 PM,SERC,WEST,EKPC,EKPC,1943.049,True
1/22/2024 10:00:00 PM,1/22/2024 5:00:00 PM,SERC,WEST,EKPC,EKPC,2044.146,True
1/22/2024 11:00:00 PM,1/22/2024 6:00:00 PM,SERC,WEST,EKPC,EKPC,2177.876,True
1/23/2024 12:00:00 AM,1/22/2024 7:00:00 PM,SERC,WEST,EKPC,EKPC,2219.950,True
1/23/2024 1:00:00 AM,1/22/2024 8:00:00 PM,SERC,WEST,EKPC,EKPC,2083.280,True
1/23/2024 2:00:00 AM,1/22/2024 9:00:00 PM,SERC,WEST,EKPC,EKPC,2035.434,True
1/23/2024 3:00:00 AM,1/22/2024 10:00:00 PM,SERC,WEST,EKPC,EKPC,1955.599,True
1/23/2024 4:00:00 AM,1/22/2024 11:00:00 PM,SERC,WEST,EKPC,EKPC,1894.513,True
1/23/2024 5:00:00 AM,1/23/2024 12:00:00 AM,SERC,WEST,EKPC,EKPC,1875.256,True
1/23/2024 6:00:00 AM,1/23/2024 1:00:00 AM,SERC,WEST,EKPC,EKPC,1886.664,True
1/23/2024 7:00:00 AM,1/23/2024 2:00:00 AM,SERC,WEST,EKPC,EKPC,1928.250,True
1/23/2024 8:00:00 AM,1/23/2024 3:00:00 AM,SERC,WEST,EKPC,EKPC,1846.766,True
1/23/2024 9:00:00 AM,1/23/2024 4:00:00 AM,SERC,WEST,EKPC,EKPC,1849.023,True
1/23/2024 10:00:00 AM,1/23/2024 5:00:00 AM,SERC,WEST,EKPC,EKPC,1976.226,True
1/23/2024 11:00:00 AM,1/23/2024 6:00:00 AM,SERC,WEST,EKPC,EKPC,2118.257,True
1/23/2024 12:00:00 PM,1/23/2024 7:00:00 AM,SERC,WEST,EKPC,EKPC,2147.840,True
1/23/2024 1:00:00 PM,1/23/2024 8:00:00 AM,SERC,WEST,EKPC,EKPC,2102.214,True
1/23/2024 2:00:00 PM,1/23/2024 9:00:00 AM,SERC,WEST,EKPC,EKPC,2050.236,True
1/23/2024 3:00:00 PM,1/23/2024 10:00:00 AM,SERC,WEST,EKPC,EKPC,2021.329,True
1/23/2024 4:00:00 PM,1/23/2024 11:00:00 AM,SERC,WEST,EKPC,EKPC,1982.009,True
1/23/2024 5:00:00 PM,1/23/2024 12:00:00 PM,SERC,WEST,EKPC,EKPC,1937.638,True
1/23/2024 6:00:00 PM,1/23/2024 1:00:00 PM,SERC,WEST,EKPC,EKPC,1876.772,True
1/23/2024 7:00:00 PM,1/23/2024 2:00:00 PM,SERC,WEST,EKPC,EKPC,1812.223,True
1/23/2024 8:00:00 PM,1/23/2024 3:00:00 PM,SERC,WEST,EKPC,EKPC,1847.262,True
1/23/2024 9:00:00 PM,1/23/2024 4:00:00 PM,SERC,WEST,EKPC,EKPC,1848.710,True
1/23/2024 10:00:00 PM,1/23/2024 5:00:00 PM,SERC,WEST,EKPC,EKPC,1911.795,True
1/23/2024 11:00:00 PM,1/23/2024 6:00:00 PM,SERC,WEST,EKPC,EKPC,1933.270,True
1/24/2024 12:00:00 AM,1/23/2024 7:00:00 PM,SERC,WEST,EKPC,EKPC,1938.468,True
1/24/2024 1:00:00 AM,1/23/2024 8:00:00 PM,SERC,WEST,EKPC,EKPC,1865.543,True
1/24/2024 2:00:00 AM,1/23/2024 9:00:00 PM,SERC,WEST,EKPC,EKPC,1844.146,True
1/24/2024 3:00:00 AM,1/23/2024 10:00:00 PM,SERC,WEST,EKPC,EKPC,1766.881,True
1/24/2024 4:00:00 AM,1/23/2024 11:00:00 PM,SERC,WEST,EKPC,EKPC,1693.897,True
1/24/2024 5:00:00 AM,1/24/2024 12:00:00 AM,SERC,WEST,EKPC,EKPC,1641.840,True
1/24/2024 6:00:00 AM,1/24/2024 1:00:00 AM,SERC,WEST,EKPC,EKPC,1632.078,True
1/24/2024 7:00:00 AM,1/24/2024 2:00:00 AM,SERC,WEST,EKPC,EKPC,1639.934,True
1/24/2024 8:00:00 AM,1/24/2024 3:00:00 AM,SERC,WEST,EKPC,EKPC,1614.545,True
1/24/2024 9:00:00 AM,1/24/2024 4:00:00 AM,SERC,WEST,EKPC,EKPC,1619.691,True
1/24/2024 10:00:00 AM,1/24/2024 5:00:00 AM,SERC,WEST,EKPC,EKPC,1614.832,True
1/24/2024 11:00:00 AM,1/24/2024 6:00:00 AM,SERC,WEST,EKPC,EKPC,1795.976,True
1/24/2024 12:00:00 PM,1/24/2024 7:00:00 AM,SERC,WEST,EKPC,EKPC,1699.353,True
1/24/2024 1:00:00 PM,1/24/2024 8:00:00 AM,SERC,WEST,EKPC,EKPC,1721.369,True
1/24/2024 2:00:00 PM,1/24/2024 9:00:00 AM,SERC,WEST,EKPC,EKPC,1684.528,True
1/24/2024 3:00:00 PM,1/24/2024 10:00:00 AM,SERC,WEST,EKPC,EKPC,1675.349,True
1/24/2024 4:00:00 PM,1/24/2024 11:00:00 AM,SERC,WEST,EKPC,EKPC,1650.179,True
1/24/2024 5:00:00 PM,1/24/2024 12:00:00 PM,SERC,WEST,EKPC,EKPC,1661.604,True
1/24/2024 6:00:00 PM,1/24/2024 1:00:00 PM,SERC,WEST,EKPC,EKPC,1472.331,True
1/24/2024 7:00:00 PM,1/24/2024 2:00:00 PM,SERC,WEST,EKPC,EKPC,1456.599,True
1/24/2024 8:00:00 PM,1/24/2024 3:00:00 PM,SERC,WEST,EKPC,EKPC,1452.885,True
1/24/2024 9:00:00 PM,1/24/2024 4:00:00 PM,SERC,WEST,EKPC,EKPC,1469.044,True
1/24/2024 10:00:00 PM,1/24/2024 5:00:00 PM,SERC,WEST,EKPC,EKPC,1496.989,True
1/24/2024 11:00:00 PM,1/24/2024 6:00:00 PM,SERC,WEST,EKPC,EKPC,1537.529,True
1/25/2024 12:00:00 AM,1/24/2024 7:00:00 PM,SERC,WEST,EKPC,EKPC,1518.799,True
1/25/2024 1:00:00 AM,1/24/2024 8:00:00 PM,SERC,WEST,EKPC,EKPC,1474.496,True
1/25/2024 2:00:00 AM,1/24/2024 9:00:00 PM,SERC,WEST,EKPC,EKPC,1409.499,True
1/25/2024 3:00:00 AM,1/24/2024 10:00:00 PM,SERC,WEST,EKPC,EKPC,1321.637,True
1/25/2024 4:00:00 AM,1/24/2024 11:00:00 PM,SERC,WEST,EKPC,EKPC,1203.428,True
1/25/2024 5:00:00 AM,1/25/2024 12:00:00 AM,SERC,WEST,EKPC,EKPC,1159.946,True
1/25/2024 6:00:00 AM,1/25/2024 1:00:00 AM,SERC,WEST,EKPC,EKPC,1113.806,True
1/25/2024 7:00:00 AM,1/25/2024 2:00:00 AM,SERC,WEST,EKPC,EKPC,1105.481,True
1/25/2024 8:00:00 AM,1/25/2024 3:00:00 AM,SERC,WEST,EKPC,EKPC,1117.610,True
1/25/2024 9:00:00 AM,1/25/2024 4:00:00 AM,SERC,WEST,EKPC,EKPC,1140.192,True
1/25/2024 10:00:00 AM,1/25/2024 5:00:00 AM,SERC,WEST,EKPC,EKPC,1230.093,True
1/25/2024 11:00:00 AM,1/25/2024 6:00:00 AM,SERC,WEST,EKPC,EKPC,1360.505,True
1/25/2024 12:00:00 PM,1/25/2024 7:00:00 AM,SERC,WEST,EKPC,EKPC,1402.966,True
1/25/2024 1:00:00 PM,1/25/2024 8:00:00 AM,SERC,WEST,EKPC,EKPC,1371.018,True
1/25/2024 2:00:00 PM,1/25/2024 9:00:00 AM,SERC,WEST,EKPC,EKPC,1362.660,True
1/25/2024 3:00:00 PM,1/25/2024 10:00:00 AM,SERC,WEST,EKPC,EKPC,1348.248,True
1/25/2024 4:00:00 PM,1/25/2024 11:00:00 AM,SERC,WEST,EKPC,EKPC,1354.352,True
1/25/2024 5:00:00 PM,1/25/2024 12:00:00 PM,SERC,WEST,EKPC,EKPC,1354.362,True
1/25/2024 6:00:00 PM,1/25/2024 1:00:00 PM,SERC,WEST,EKPC,EKPC,1346.503,True
1/25/2024 7:00:00 PM,1/25/2024 2:00:00 PM,SERC,WEST,EKPC,EKPC,1323.647,True
1/25/2024 8:00:00 PM,1/25/2024 3:00:00 PM,SERC,WEST,EKPC,EKPC,1327.604,True
1/25/2024 9:00:00 PM,1/25/2024 4:00:00 PM,SERC,WEST,EKPC,EKPC,1357.225,True
1/25/2024 10:00:00 PM,1/25/2024 5:00:00 PM,SERC,WEST,EKPC,EKPC,1394.712,True
1/25/2024 11:00:00 PM,1/25/2024 6:00:00 PM,SERC,WEST,EKPC,EKPC,1432.056,True
1/26/2024 12:00:00 AM,1/25/2024 7:00:00 PM,SERC,WEST,EKPC,EKPC,1431.268,True
1/26/2024 1:00:00 AM,1/25/2024 8:00:00 PM,SERC,WEST,EKPC,EKPC,1399.095,True
1/26/2024 2:00:00 AM,1/25/2024 9:00:00 PM,SERC,WEST,EKPC,EKPC,1356.148,True
1/26/2024 3:00:00 AM,1/25/2024 10:00:00 PM,SERC,WEST,EKPC,EKPC,1237.493,True
1/26/2024 4:00:00 AM,1/25/2024 11:00:00 PM,SERC,WEST,EKPC,EKPC,1159.717,True
1/26/2024 5:00:00 AM,1/26/2024 12:00:00 AM,SERC,WEST,EKPC,EKPC,1126.782,True
1/26/2024 6:00:00 AM,1/26/2024 1:00:00 AM,SERC,WEST,EKPC,EKPC,1084.975,True
1/26/2024 7:00:00 AM,1/26/2024 2:00:00 AM,SERC,WEST,EKPC,EKPC,1081.327,True
1/26/2024 8:00:00 AM,1/26/2024 3:00:00 AM,SERC,WEST,EKPC,EKPC,1091.271,True
1/26/2024 9:00:00 AM,1/26/2024 4:00:00 AM,SERC,WEST,EKPC,EKPC,1136.541,True
1/26/2024 10:00:00 AM,1/26/2024 5:00:00 AM,SERC,WEST,EKPC,EKPC,1212.877,True
1/26/2024 11:00:00 AM,1/26/2024 6:00:00 AM,SERC,WEST,EKPC,EKPC,1355.312,True
1/26/2024 12:00:00 PM,1/26/2024 7:00:00 AM,SERC,WEST,EKPC,EKPC,1406.167,True
1/26/2024 1:00:00 PM,1/26/2024 8:00:00 AM,SERC,WEST,EKPC,EKPC,1410.298,True
1/26/2024 2:00:00 PM,1/26/2024 9:00:00 AM,SERC,WEST,EKPC,EKPC,1407.542,True
1/26/2024 3:00:00 PM,1/26/2024 10:00:00 AM,SERC,WEST,EKPC,EKPC,1406.257,True
1/26/2024 4:00:00 PM,1/26/2024 11:00:00 AM,SERC,WEST,EKPC,EKPC,1377.740,True
1/26/2024 5:00:00 PM,1/26/2024 12:00:00 PM,SERC,WEST,EKPC,EKPC,1394.689,True
1/26/2024 6:00:00 PM,1/26/2024 1:00:00 PM,SERC,WEST,EKPC,EKPC,1371.827,True
1/26/2024 7:00:00 PM,1/26/2024 2:00:00 PM,SERC,WEST,EKPC,EKPC,1364.800,True
1/26/2024 8:00:00 PM,1/26/2024 3:00:00 PM,SERC,WEST,EKPC,EKPC,1369.411,True
1/26/2024 9:00:00 PM,1/26/2024 4:00:00 PM,SERC,WEST,EKPC,EKPC,1375.633,True
1/26/2024 10:00:00 PM,1/26/2024 5:00:00 PM,SERC,WEST,EKPC,EKPC,1401.605,True
1/26/2024 11:00:00 PM,1/26/2024 6:00:00 PM,SERC,WEST,EKPC,EKPC,1485.989,True
1/27/2024 12:00:00 AM,1/26/2024 7:00:00 PM,SERC,WEST,EKPC,EKPC,1466.516,True
1/27/2024 1:00:00 AM,1/26/2024 8:00:00 PM,SERC,WEST,EKPC,EKPC,1475.575,True
1/27/2024 2:00:00 AM,1/26/2024 9:00:00 PM,SERC,WEST,EKPC,EKPC,1458.941,True
1/27/2024 3:00:00 AM,1/26/2024 10:00:00 PM,SERC,WEST,EKPC,EKPC,1430.841,True
1/27/2024 4:00:00 AM,1/26/2024 11:00:00 PM,SERC,WEST,EKPC,EKPC,1389.724,True
1/27/2024 5:00:00 AM,1/27/2024 12:00:00 AM,SERC,WEST,EKPC,EKPC,1365.569,True
1/27/2024 6:00:00 AM,1/27/2024 1:00:00 AM,SERC,WEST,EKPC,EKPC,1357.167,True
1/27/2024 7:00:00 AM,1/27/2024 2:00:00 AM,SERC,WEST,EKPC,EKPC,1341.221,True
1/27/2024 8:00:00 AM,1/27/2024 3:00:00 AM,SERC,WEST,EKPC,EKPC,1343.150,True
1/27/2024 9:00:00 AM,1/27/2024 4:00:00 AM,SERC,WEST,EKPC,EKPC,1348.548,True
1/27/2024 10:00:00 AM,1/27/2024 5:00:00 AM,SERC,WEST,EKPC,EKPC,1373.509,True
1/27/2024 11:00:00 AM,1/27/2024 6:00:00 AM,SERC,WEST,EKPC,EKPC,1429.638,True
1/27/2024 12:00:00 PM,1/27/2024 7:00:00 AM,SERC,WEST,EKPC,EKPC,1476.314,True
1/27/2024 1:00:00 PM,1/27/2024 8:00:00 AM,SERC,WEST,EKPC,EKPC,1543.325,True
1/27/2024 2:00:00 PM,1/27/2024 9:00:00 AM,SERC,WEST,EKPC,EKPC,1606.351,True
1/27/2024 3:00:00 PM,1/27/2024 10:00:00 AM,SERC,WEST,EKPC,EKPC,1623.623,True
1/27/2024 4:00:00 PM,1/27/2024 11:00:00 AM,SERC,WEST,EKPC,EKPC,1642.702,True
1/27/2024 5:00:00 PM,1/27/2024 12:00:00 PM,SERC,WEST,EKPC,EKPC,1657.343,True
1/27/2024 6:00:00 PM,1/27/2024 1:00:00 PM,SERC,WEST,EKPC,EKPC,1649.579,True
1/27/2024 7:00:00 PM,1/27/2024 2:00:00 PM,SERC,WEST,EKPC,EKPC,1703.110,True
1/27/2024 8:00:00 PM,1/27/2024 3:00:00 PM,SERC,WEST,EKPC,EKPC,1689.048,True
1/27/2024 9:00:00 PM,1/27/2024 4:00:00 PM,SERC,WEST,EKPC,EKPC,1663.810,True
1/27/2024 10:00:00 PM,1/27/2024 5:00:00 PM,SERC,WEST,EKPC,EKPC,1642.099,True
1/27/2024 11:00:00 PM,1/27/2024 6:00:00 PM,SERC,WEST,EKPC,EKPC,1658.028,True
1/28/2024 12:00:00 AM,1/27/2024 7:00:00 PM,SERC,WEST,EKPC,EKPC,1654.692,True
1/28/2024 1:00:00 AM,1/27/2024 8:00:00 PM,SERC,WEST,EKPC,EKPC,1610.368,True
1/28/2024 2:00:00 AM,1/27/2024 9:00:00 PM,SERC,WEST,EKPC,EKPC,1659.245,True
1/28/2024 3:00:00 AM,1/27/2024 10:00:00 PM,SERC,WEST,EKPC,EKPC,1613.120,True
1/28/2024 4:00:00 AM,1/27/2024 11:00:00 PM,SERC,WEST,EKPC,EKPC,1444.320,True
1/28/2024 5:00:00 AM,1/28/2024 12:00:00 AM,SERC,WEST,EKPC,EKPC,1481.274,True
1/28/2024 6:00:00 AM,1/28/2024 1:00:00 AM,SERC,WEST,EKPC,EKPC,1476.690,True
1/28/2024 7:00:00 AM,1/28/2024 2:00:00 AM,SERC,WEST,EKPC,EKPC,1485.741,True
1/28/2024 8:00:00 AM,1/28/2024 3:00:00 AM,SERC,WEST,EKPC,EKPC,1505.465,True
1/28/2024 9:00:00 AM,1/28/2024 4:00:00 AM,SERC,WEST,EKPC,EKPC,1550.999,True
1/28/2024 10:00:00 AM,1/28/2024 5:00:00 AM,SERC,WEST,EKPC,EKPC,1599.991,True
1/28/2024 11:00:00 AM,1/28/2024 6:00:00 AM,SERC,WEST,EKPC,EKPC,1654.522,True
1/28/2024 12:00:00 PM,1/28/2024 7:00:00 AM,SERC,WEST,EKPC,EKPC,1746.480,True
1/28/2024 1:00:00 PM,1/28/2024 8:00:00 AM,SERC,WEST,EKPC,EKPC,1863.750,True
1/28/2024 2:00:00 PM,1/28/2024 9:00:00 AM,SERC,WEST,EKPC,EKPC,1941.834,True
1/28/2024 3:00:00 PM,1/28/2024 10:00:00 AM,SERC,WEST,EKPC,EKPC,1943.074,True
1/28/2024 4:00:00 PM,1/28/2024 11:00:00 AM,SERC,WEST,EKPC,EKPC,1955.559,True
1/28/2024 5:00:00 PM,1/28/2024 12:00:00 PM,SERC,WEST,EKPC,EKPC,1990.894,True
1/28/2024 6:00:00 PM,1/28/2024 1:00:00 PM,SERC,WEST,EKPC,EKPC,2002.019,True
1/28/2024 7:00:00 PM,1/28/2024 2:00:00 PM,SERC,WEST,EKPC,EKPC,1989.062,True
1/28/2024 8:00:00 PM,1/28/2024 3:00:00 PM,SERC,WEST,EKPC,EKPC,2000.921,True
1/28/2024 9:00:00 PM,1/28/2024 4:00:00 PM,SERC,WEST,EKPC,EKPC,2001.712,True
1/28/2024 10:00:00 PM,1/28/2024 5:00:00 PM,SERC,WEST,EKPC,EKPC,2047.959,True
1/28/2024 11:00:00 PM,1/28/2024 6:00:00 PM,SERC,WEST,EKPC,EKPC,2119.136,True
1/29/2024 12:00:00 AM,1/28/2024 7:00:00 PM,SERC,WEST,EKPC,EKPC,2150.137,True
1/29/2024 1:00:00 AM,1/28/2024 8:00:00 PM,SERC,WEST,EKPC,EKPC,2111.795,True
1/29/2024 2:00:00 AM,1/28/2024 9:00:00 PM,SERC,WEST,EKPC,EKPC,2038.395,True
1/29/2024 3:00:00 AM,1/28/2024 10:00:00 PM,SERC,WEST,EKPC,EKPC,1963.920,True
1/29/2024 4:00:00 AM,1/28/2024 11:00:00 PM,SERC,WEST,EKPC,EKPC,1883.620,True
1/29/2024 5:00:00 AM,1/29/2024 12:00:00 AM,SERC,WEST,EKPC,EKPC,1823.150,True
1/29/2024 6:00:00 AM,1/29/2024 1:00:00 AM,SERC,WEST,EKPC,EKPC,1824.519,True
1/29/2024 7:00:00 AM,1/29/2024 2:00:00 AM,SERC,WEST,EKPC,EKPC,1829.356,True
1/29/2024 8:00:00 AM,1/29/2024 3:00:00 AM,SERC,WEST,EKPC,EKPC,1813.187,True
1/29/2024 9:00:00 AM,1/29/2024 4:00:00 AM,SERC,WEST,EKPC,EKPC,1869.756,True
1/29/2024 10:00:00 AM,1/29/2024 5:00:00 AM,SERC,WEST,EKPC,EKPC,1983.148,True
1/29/2024 11:00:00 AM,1/29/2024 6:00:00 AM,SERC,WEST,EKPC,EKPC,2132.657,True
1/29/2024 12:00:00 PM,1/29/2024 7:00:00 AM,SERC,WEST,EKPC,EKPC,2088.283,True
1/29/2024 1:00:00 PM,1/29/2024 8:00:00 AM,SERC,WEST,EKPC,EKPC,2132.481,True
1/29/2024 2:00:00 PM,1/29/2024 9:00:00 AM,SERC,WEST,EKPC,EKPC,2152.096,True
1/29/2024 3:00:00 PM,1/29/2024 10:00:00 AM,SERC,WEST,EKPC,EKPC,2015.076,True
1/29/2024 4:00:00 PM,1/29/2024 11:00:00 AM,SERC,WEST,EKPC,EKPC,2057.848,True
1/29/2024 5:00:00 PM,1/29/2024 12:00:00 PM,SERC,WEST,EKPC,EKPC,2083.622,True
1/29/2024 6:00:00 PM,1/29/2024 1:00:00 PM,SERC,WEST,EKPC,EKPC,2122.647,True
1/29/2024 7:00:00 PM,1/29/2024 2:00:00 PM,SERC,WEST,EKPC,EKPC,2106.341,True
1/29/2024 8:00:00 PM,1/29/2024 3:00:00 PM,SERC,WEST,EKPC,EKPC,1972.808,True
1/29/2024 9:00:00 PM,1/29/2024 4:00:00 PM,SERC,WEST,EKPC,EKPC,1946.237,True
1/29/2024 10:00:00 PM,1/29/2024 5:00:00 PM,SERC,WEST,EKPC,EKPC,1979.329,True
1/29/2024 11:00:00 PM,1/29/2024 6:00:00 PM,SERC,WEST,EKPC,EKPC,2167.711,True
1/30/2024 12:00:00 AM,1/29/2024 7:00:00 PM,SERC,WEST,EKPC,EKPC,2188.564,True
1/30/2024 1:00:00 AM,1/29/2024 8:00:00 PM,SERC,WEST,EKPC,EKPC,2200.739,True
1/30/2024 2:00:00 AM,1/29/2024 9:00:00 PM,SERC,WEST,EKPC,EKPC,2111.295,True
1/30/2024 3:00:00 AM,1/29/2024 10:00:00 PM,SERC,WEST,EKPC,EKPC,2081.793,True
1/30/2024 4:00:00 AM,1/29/2024 11:00:00 PM,SERC,WEST,EKPC,EKPC,2000.290,True
1/30/2024 5:00:00 AM,1/30/2024 12:00:00 AM,SERC,WEST,EKPC,EKPC,1995.816,True
1/30/2024 6:00:00 AM,1/30/2024 1:00:00 AM,SERC,WEST,EKPC,EKPC,1961.320,True
1/30/2024 7:00:00 AM,1/30/2024 2:00:00 AM,SERC,WEST,EKPC,EKPC,1992.351,True
1/30/2024 8:00:00 AM,1/30/2024 3:00:00 AM,SERC,WEST,EKPC,EKPC,1985.597,True
1/30/2024 9:00:00 AM,1/30/2024 4:00:00 AM,SERC,WEST,EKPC,EKPC,1920.152,True
1/30/2024 10:00:00 AM,1/30/2024 5:00:00 AM,SERC,WEST,EKPC,EKPC,2075.764,True
1/30/2024 11:00:00 AM,1/30/2024 6:00:00 AM,SERC,WEST,EKPC,EKPC,2284.788,True
1/30/2024 12:00:00 PM,1/30/2024 7:00:00 AM,SERC,WEST,EKPC,EKPC,2361.668,True
1/30/2024 1:00:00 PM,1/30/2024 8:00:00 AM,SERC,WEST,EKPC,EKPC,2284.207,True
1/30/2024 2:00:00 PM,1/30/2024 9:00:00 AM,SERC,WEST,EKPC,EKPC,2269.091,True
1/30/2024 3:00:00 PM,1/30/2024 10:00:00 AM,SERC,WEST,EKPC,EKPC,2148.220,True
1/30/2024 4:00:00 PM,1/30/2024 11:00:00 AM,SERC,WEST,EKPC,EKPC,1929.472,True
1/30/2024 5:00:00 PM,1/30/2024 12:00:00 PM,SERC,WEST,EKPC,EKPC,1962.390,True
1/30/2024 6:00:00 PM,1/30/2024 1:00:00 PM,SERC,WEST,EKPC,EKPC,1972.115,True
1/30/2024 7:00:00 PM,1/30/2024 2:00:00 PM,SERC,WEST,EKPC,EKPC,1926.273,True
1/30/2024 8:00:00 PM,1/30/2024 3:00:00 PM,SERC,WEST,EKPC,EKPC,1779.588,True
1/30/2024 9:00:00 PM,1/30/2024 4:00:00 PM,SERC,WEST,EKPC,EKPC,1811.708,True
1/30/2024 10:00:00 PM,1/30/2024 5:00:00 PM,SERC,WEST,EKPC,EKPC,1953.733,True
1/30/2024 11:00:00 PM,1/30/2024 6:00:00 PM,SERC,WEST,EKPC,EKPC,2012.751,True
1/31/2024 12:00:00 AM,1/30/2024 7:00:00 PM,SERC,WEST,EKPC,EKPC,2083.048,True
1/31/2024 1:00:00 AM,1/30/2024 8:00:00 PM,SERC,WEST,EKPC,EKPC,2055.100,True
1/31/2024 2:00:00 AM,1/30/2024 9:00:00 PM,SERC,WEST,EKPC,EKPC,2015.555,True
1/31/2024 3:00:00 AM,1/30/2024 10:00:00 PM,SERC,WEST,EKPC,EKPC,1923.343,True
1/31/2024 4:00:00 AM,1/30/2024 11:00:00 PM,SERC,WEST,EKPC,EKPC,1821.641,True
1/31/2024 5:00:00 AM,1/31/2024 12:00:00 AM,SERC,WEST,EKPC,EKPC,1820.692,True
1/31/2024 6:00:00 AM,1/31/2024 1:00:00 AM,SERC,WEST,EKPC,EKPC,1792.860,True
1/31/2024 7:00:00 AM,1/31/2024 2:00:00 AM,SERC,WEST,EKPC,EKPC,1813.031,True
1/31/2024 8:00:00 AM,1/31/2024 3:00:00 AM,SERC,WEST,EKPC,EKPC,1737.524,True
1/31/2024 9:00:00 AM,1/31/2024 4:00:00 AM,SERC,WEST,EKPC,EKPC,1790.023,True
1/31/2024 10:00:00 AM,1/31/2024 5:00:00 AM,SERC,WEST,EKPC,EKPC,1859.777,True
1/31/2024 11:00:00 AM,1/31/2024 6:00:00 AM,SERC,WEST,EKPC,EKPC,2026.276,True
1/31/2024 12:00:00 PM,1/31/2024 7:00:00 AM,SERC,WEST,EKPC,EKPC,2032.033,True
1/31/2024 1:00:00 PM,1/31/2024 8:00:00 AM,SERC,WEST,EKPC,EKPC,2084.740,True
1/31/2024 2:00:00 PM,1/31/2024 9:00:00 AM,SERC,WEST,EKPC,EKPC,1975.803,True
1/31/2024 3:00:00 PM,1/31/2024 10:00:00 AM,SERC,WEST,EKPC,EKPC,1888.688,True
1/31/2024 4:00:00 PM,1/31/2024 11:00:00 AM,SERC,WEST,EKPC,EKPC,1800.720,True
1/31/2024 5:00:00 PM,1/31/2024 12:00:00 PM,SERC,WEST,EKPC,EKPC,1906.955,True
1/31/2024 6:00:00 PM,1/31/2024 1:00:00 PM,SERC,WEST,EKPC,EKPC,1939.428,True
1/31/2024 7:00:00 PM,1/31/2024 2:00:00 PM,SERC,WEST,EKPC,EKPC,1979.433,True
1/31/2024 8:00:00 PM,1/31/2024 3:00:00 PM,SERC,WEST,EKPC,EKPC,1939.114,True
1/31/2024 9:00:00 PM,1/31/2024 4:00:00 PM,SERC,WEST,EKPC,EKPC,1999.357,True
1/31/2024 10:00:00 PM,1/31/2024 5:00:00 PM,SERC,WEST,EKPC,EKPC,2047.184,True
1/31/2024 11:00:00 PM,1/31/2024 6:00:00 PM,SERC,WEST,EKPC,EKPC,2000.592,True
2/1/2024 12:00:00 AM,1/31/2024 7:00:00 PM,SERC,WEST,EKPC,EKPC,2014.324,True
2/1/2024 1:00:00 AM,1/31/2024 8:00:00 PM,SERC,WEST,EKPC,EKPC,2057.361,True
2/1/2024 2:00:00 AM,1/31/2024 9:00:00 PM,SERC,WEST,EKPC,EKPC,2030.747,True
2/1/2024 3:00:00 AM,1/31/2024 10:00:00 PM,SERC,WEST,EKPC,EKPC,1970.577,True
2/1/2024 4:00:00 AM,1/31/2024 11:00:00 PM,SERC,WEST,EKPC,EKPC,1933.542,True
2/1/2024 5:00:00 AM,2/1/2024 12:00:00 AM,SERC,WEST,EKPC,EKPC,1821.137,True
2/1/2024 6:00:00 AM,2/1/2024 1:00:00 AM,SERC,WEST,EKPC,EKPC,1957.519,True
2/1/2024 7:00:00 AM,2/1/2024 2:00:00 AM,SERC,WEST,EKPC,EKPC,1988.006,True
2/1/2024 8:00:00 AM,2/1/2024 3:00:00 AM,SERC,WEST,EKPC,EKPC,2047.875,True
2/1/2024 9:00:00 AM,2/1/2024 4:00:00 AM,SERC,WEST,EKPC,EKPC,2130.241,True
2/1/2024 10:00:00 AM,2/1/2024 5:00:00 AM,SERC,WEST,EKPC,EKPC,2252.471,True
2/1/2024 11:00:00 AM,2/1/2024 6:00:00 AM,SERC,WEST,EKPC,EKPC,2403.585,True
2/1/2024 12:00:00 PM,2/1/2024 7:00:00 AM,SERC,WEST,EKPC,EKPC,2438.088,True
2/1/2024 1:00:00 PM,2/1/2024 8:00:00 AM,SERC,WEST,EKPC,EKPC,2325.822,True
2/1/2024 2:00:00 PM,2/1/2024 9:00:00 AM,SERC,WEST,EKPC,EKPC,2192.865,True
2/1/2024 3:00:00 PM,2/1/2024 10:00:00 AM,SERC,WEST,EKPC,EKPC,1972.140,True
2/1/2024 4:00:00 PM,2/1/2024 11:00:00 AM,SERC,WEST,EKPC,EKPC,1795.427,True
2/1/2024 5:00:00 PM,2/1/2024 12:00:00 PM,SERC,WEST,EKPC,EKPC,1763.569,True
2/1/2024 6:00:00 PM,2/1/2024 1:00:00 PM,SERC,WEST,EKPC,EKPC,1506.492,True
2/1/2024 7:00:00 PM,2/1/2024 2:00:00 PM,SERC,WEST,EKPC,EKPC,1446.272,True
2/1/2024 8:00:00 PM,2/1/2024 3:00:00 PM,SERC,WEST,EKPC,EKPC,1531.242,True
2/1/2024 9:00:00 PM,2/1/2024 4:00:00 PM,SERC,WEST,EKPC,EKPC,1602.237,True
2/1/2024 10:00:00 PM,2/1/2024 5:00:00 PM,SERC,WEST,EKPC,EKPC,1649.108,True
2/1/2024 11:00:00 PM,2/1/2024 6:00:00 PM,SERC,WEST,EKPC,EKPC,1769.263,True
2/2/2024 12:00:00 AM,2/1/2024 7:00:00 PM,SERC,WEST,EKPC,EKPC,1734.358,True
2/2/2024 1:00:00 AM,2/1/2024 8:00:00 PM,SERC,WEST,EKPC,EKPC,1794.697,True
2/2/2024 2:00:00 AM,2/1/2024 9:00:00 PM,SERC,WEST,EKPC,EKPC,1689.398,True
2/2/2024 3:00:00 AM,2/1/2024 10:00:00 PM,SERC,WEST,EKPC,EKPC,1695.240,True
2/2/2024 4:00:00 AM,2/1/2024 11:00:00 PM,SERC,WEST,EKPC,EKPC,1593.992,True
2/2/2024 5:00:00 AM,2/2/2024 12:00:00 AM,SERC,WEST,EKPC,EKPC,1652.428,True
2/2/2024 6:00:00 AM,2/2/2024 1:00:00 AM,SERC,WEST,EKPC,EKPC,1659.763,True
2/2/2024 7:00:00 AM,2/2/2024 2:00:00 AM,SERC,WEST,EKPC,EKPC,1699.424,True
2/2/2024 8:00:00 AM,2/2/2024 3:00:00 AM,SERC,WEST,EKPC,EKPC,1722.134,True
2/2/2024 9:00:00 AM,2/2/2024 4:00:00 AM,SERC,WEST,EKPC,EKPC,1686.942,True
2/2/2024 10:00:00 AM,2/2/2024 5:00:00 AM,SERC,WEST,EKPC,EKPC,1695.842,True
2/2/2024 11:00:00 AM,2/2/2024 6:00:00 AM,SERC,WEST,EKPC,EKPC,1915.949,True
2/2/2024 12:00:00 PM,2/2/2024 7:00:00 AM,SERC,WEST,EKPC,EKPC,2064.664,True
2/2/2024 1:00:00 PM,2/2/2024 8:00:00 AM,SERC,WEST,EKPC,EKPC,2038.740,True
2/2/2024 2:00:00 PM,2/2/2024 9:00:00 AM,SERC,WEST,EKPC,EKPC,1915.963,True
2/2/2024 3:00:00 PM,2/2/2024 10:00:00 AM,SERC,WEST,EKPC,EKPC,1799.161,True
2/2/2024 4:00:00 PM,2/2/2024 11:00:00 AM,SERC,WEST,EKPC,EKPC,1676.001,True
2/2/2024 5:00:00 PM,2/2/2024 12:00:00 PM,SERC,WEST,EKPC,EKPC,1588.585,True
2/2/2024 6:00:00 PM,2/2/2024 1:00:00 PM,SERC,WEST,EKPC,EKPC,1478.873,True
2/2/2024 7:00:00 PM,2/2/2024 2:00:00 PM,SERC,WEST,EKPC,EKPC,1353.996,True
2/2/2024 8:00:00 PM,2/2/2024 3:00:00 PM,SERC,WEST,EKPC,EKPC,1340.527,True
2/2/2024 9:00:00 PM,2/2/2024 4:00:00 PM,SERC,WEST,EKPC,EKPC,1356.318,True
2/2/2024 10:00:00 PM,2/2/2024 5:00:00 PM,SERC,WEST,EKPC,EKPC,1383.386,True
2/2/2024 11:00:00 PM,2/2/2024 6:00:00 PM,SERC,WEST,EKPC,EKPC,1598.331,True
2/3/2024 12:00:00 AM,2/2/2024 7:00:00 PM,SERC,WEST,EKPC,EKPC,1647.392,True
2/3/2024 1:00:00 AM,2/2/2024 8:00:00 PM,SERC,WEST,EKPC,EKPC,1795.521,True
2/3/2024 2:00:00 AM,2/2/2024 9:00:00 PM,SERC,WEST,EKPC,EKPC,1786.774,True
2/3/2024 3:00:00 AM,2/2/2024 10:00:00 PM,SERC,WEST,EKPC,EKPC,1790.587,True
2/3/2024 4:00:00 AM,2/2/2024 11:00:00 PM,SERC,WEST,EKPC,EKPC,1729.897,True
2/3/2024 5:00:00 AM,2/3/2024 12:00:00 AM,SERC,WEST,EKPC,EKPC,1788.140,True
2/3/2024 6:00:00 AM,2/3/2024 1:00:00 AM,SERC,WEST,EKPC,EKPC,1815.491,True
2/3/2024 7:00:00 AM,2/3/2024 2:00:00 AM,SERC,WEST,EKPC,EKPC,1859.287,True
2/3/2024 8:00:00 AM,2/3/2024 3:00:00 AM,SERC,WEST,EKPC,EKPC,1885.380,True
2/3/2024 9:00:00 AM,2/3/2024 4:00:00 AM,SERC,WEST,EKPC,EKPC,1786.131,True
2/3/2024 10:00:00 AM,2/3/2024 5:00:00 AM,SERC,WEST,EKPC,EKPC,1843.374,True
2/3/2024 11:00:00 AM,2/3/2024 6:00:00 AM,SERC,WEST,EKPC,EKPC,1936.057,True
2/3/2024 12:00:00 PM,2/3/2024 7:00:00 AM,SERC,WEST,EKPC,EKPC,1987.945,True
2/3/2024 1:00:00 PM,2/3/2024 8:00:00 AM,SERC,WEST,EKPC,EKPC,2030.571,True
2/3/2024 2:00:00 PM,2/3/2024 9:00:00 AM,SERC,WEST,EKPC,EKPC,1934.213,True
2/3/2024 3:00:00 PM,2/3/2024 10:00:00 AM,SERC,WEST,EKPC,EKPC,1871.637,True
2/3/2024 4:00:00 PM,2/3/2024 11:00:00 AM,SERC,WEST,EKPC,EKPC,1790.830,True
2/3/2024 5:00:00 PM,2/3/2024 12:00:00 PM,SERC,WEST,EKPC,EKPC,1629.566,True
2/3/2024 6:00:00 PM,2/3/2024 1:00:00 PM,SERC,WEST,EKPC,EKPC,1551.366,True
2/3/2024 7:00:00 PM,2/3/2024 2:00:00 PM,SERC,WEST,EKPC,EKPC,1481.098,True
2/3/2024 8:00:00 PM,2/3/2024 3:00:00 PM,SERC,WEST,EKPC,EKPC,1490.037,True
2/3/2024 9:00:00 PM,2/3/2024 4:00:00 PM,SERC,WEST,EKPC,EKPC,1498.705,True
2/3/2024 10:00:00 PM,2/3/2024 5:00:00 PM,SERC,WEST,EKPC,EKPC,1529.529,True
2/3/2024 11:00:00 PM,2/3/2024 6:00:00 PM,SERC,WEST,EKPC,EKPC,1677.903,True
2/4/2024 12:00:00 AM,2/3/2024 7:00:00 PM,SERC,WEST,EKPC,EKPC,1670.115,True
2/4/2024 1:00:00 AM,2/3/2024 8:00:00 PM,SERC,WEST,EKPC,EKPC,1756.049,True
2/4/2024 2:00:00 AM,2/3/2024 9:00:00 PM,SERC,WEST,EKPC,EKPC,1766.092,True
2/4/2024 3:00:00 AM,2/3/2024 10:00:00 PM,SERC,WEST,EKPC,EKPC,1745.644,True
2/4/2024 4:00:00 AM,2/3/2024 11:00:00 PM,SERC,WEST,EKPC,EKPC,1709.637,True
2/4/2024 5:00:00 AM,2/4/2024 12:00:00 AM,SERC,WEST,EKPC,EKPC,1718.831,True
2/4/2024 6:00:00 AM,2/4/2024 1:00:00 AM,SERC,WEST,EKPC,EKPC,1692.042,True
2/4/2024 7:00:00 AM,2/4/2024 2:00:00 AM,SERC,WEST,EKPC,EKPC,1726.877,True
2/4/2024 8:00:00 AM,2/4/2024 3:00:00 AM,SERC,WEST,EKPC,EKPC,1758.826,True
2/4/2024 9:00:00 AM,2/4/2024 4:00:00 AM,SERC,WEST,EKPC,EKPC,1817.079,True
2/4/2024 10:00:00 AM,2/4/2024 5:00:00 AM,SERC,WEST,EKPC,EKPC,1897.506,True
2/4/2024 11:00:00 AM,2/4/2024 6:00:00 AM,SERC,WEST,EKPC,EKPC,1966.825,True
2/4/2024 12:00:00 PM,2/4/2024 7:00:00 AM,SERC,WEST,EKPC,EKPC,2000.466,True
2/4/2024 1:00:00 PM,2/4/2024 8:00:00 AM,SERC,WEST,EKPC,EKPC,1946.424,True
2/4/2024 2:00:00 PM,2/4/2024 9:00:00 AM,SERC,WEST,EKPC,EKPC,1978.895,True
2/4/2024 3:00:00 PM,2/4/2024 10:00:00 AM,SERC,WEST,EKPC,EKPC,1891.011,True
2/4/2024 4:00:00 PM,2/4/2024 11:00:00 AM,SERC,WEST,EKPC,EKPC,1659.084,True
2/4/2024 5:00:00 PM,2/4/2024 12:00:00 PM,SERC,WEST,EKPC,EKPC,1441.673,True
2/4/2024 6:00:00 PM,2/4/2024 1:00:00 PM,SERC,WEST,EKPC,EKPC,1380.822,True
2/4/2024 7:00:00 PM,2/4/2024 2:00:00 PM,SERC,WEST,EKPC,EKPC,1417.093,True
2/4/2024 8:00:00 PM,2/4/2024 3:00:00 PM,SERC,WEST,EKPC,EKPC,1493.883,True
2/4/2024 9:00:00 PM,2/4/2024 4:00:00 PM,SERC,WEST,EKPC,EKPC,1555.977,True
2/4/2024 10:00:00 PM,2/4/2024 5:00:00 PM,SERC,WEST,EKPC,EKPC,1609.474,True
2/4/2024 11:00:00 PM,2/4/2024 6:00:00 PM,SERC,WEST,EKPC,EKPC,1738.009,True
2/5/2024 12:00:00 AM,2/4/2024 7:00:00 PM,SERC,WEST,EKPC,EKPC,1810.630,True
2/5/2024 1:00:00 AM,2/4/2024 8:00:00 PM,SERC,WEST,EKPC,EKPC,1790.689,True
2/5/2024 2:00:00 AM,2/4/2024 9:00:00 PM,SERC,WEST,EKPC,EKPC,1720.815,True
2/5/2024 3:00:00 AM,2/4/2024 10:00:00 PM,SERC,WEST,EKPC,EKPC,1701.244,True
2/5/2024 4:00:00 AM,2/4/2024 11:00:00 PM,SERC,WEST,EKPC,EKPC,1643.744,True
2/5/2024 5:00:00 AM,2/5/2024 12:00:00 AM,SERC,WEST,EKPC,EKPC,1667.766,True
2/5/2024 6:00:00 AM,2/5/2024 1:00:00 AM,SERC,WEST,EKPC,EKPC,1642.498,True
2/5/2024 7:00:00 AM,2/5/2024 2:00:00 AM,SERC,WEST,EKPC,EKPC,1618.313,True
2/5/2024 8:00:00 AM,2/5/2024 3:00:00 AM,SERC,WEST,EKPC,EKPC,1677.710,True
2/5/2024 9:00:00 AM,2/5/2024 4:00:00 AM,SERC,WEST,EKPC,EKPC,1783.344,True
2/5/2024 10:00:00 AM,2/5/2024 5:00:00 AM,SERC,WEST,EKPC,EKPC,1959.009,True
2/5/2024 11:00:00 AM,2/5/2024 6:00:00 AM,SERC,WEST,EKPC,EKPC,2136.463,True
2/5/2024 12:00:00 PM,2/5/2024 7:00:00 AM,SERC,WEST,EKPC,EKPC,2230.256,True
2/5/2024 1:00:00 PM,2/5/2024 8:00:00 AM,SERC,WEST,EKPC,EKPC,2173.665,True
2/5/2024 2:00:00 PM,2/5/2024 9:00:00 AM,SERC,WEST,EKPC,EKPC,1999.690,True
2/5/2024 3:00:00 PM,2/5/2024 10:00:00 AM,SERC,WEST,EKPC,EKPC,1834.228,True
2/5/2024 4:00:00 PM,2/5/2024 11:00:00 AM,SERC,WEST,EKPC,EKPC,1725.154,True
2/5/2024 5:00:00 PM,2/5/2024 12:00:00 PM,SERC,WEST,EKPC,EKPC,1592.939,True
2/5/2024 6:00:00 PM,2/5/2024 1:00:00 PM,SERC,WEST,EKPC,EKPC,1541.166,True
2/5/2024 7:00:00 PM,2/5/2024 2:00:00 PM,SERC,WEST,EKPC,EKPC,1401.315,True
2/5/2024 8:00:00 PM,2/5/2024 3:00:00 PM,SERC,WEST,EKPC,EKPC,1366.042,True
2/5/2024 9:00:00 PM,2/5/2024 4:00:00 PM,SERC,WEST,EKPC,EKPC,1510.689,True
2/5/2024 10:00:00 PM,2/5/2024 5:00:00 PM,SERC,WEST,EKPC,EKPC,1558.254,True
2/5/2024 11:00:00 PM,2/5/2024 6:00:00 PM,SERC,WEST,EKPC,EKPC,1683.659,True
2/6/2024 12:00:00 AM,2/5/2024 7:00:00 PM,SERC,WEST,EKPC,EKPC,1770.529,True
2/6/2024 1:00:00 AM,2/5/2024 8:00:00 PM,SERC,WEST,EKPC,EKPC,1803.204,True
2/6/2024 2:00:00 AM,2/5/2024 9:00:00 PM,SERC,WEST,EKPC,EKPC,1761.025,True
2/6/2024 3:00:00 AM,2/5/2024 10:00:00 PM,SERC,WEST,EKPC,EKPC,1677.954,True
2/6/2024 4:00:00 AM,2/5/2024 11:00:00 PM,SERC,WEST,EKPC,EKPC,1650.112,True
2/6/2024 5:00:00 AM,2/6/2024 12:00:00 AM,SERC,WEST,EKPC,EKPC,1689.697,True
2/6/2024 6:00:00 AM,2/6/2024 1:00:00 AM,SERC,WEST,EKPC,EKPC,1721.409,True
2/6/2024 7:00:00 AM,2/6/2024 2:00:00 AM,SERC,WEST,EKPC,EKPC,1708.935,True
2/6/2024 8:00:00 AM,2/6/2024 3:00:00 AM,SERC,WEST,EKPC,EKPC,1812.037,True
2/6/2024 9:00:00 AM,2/6/2024 4:00:00 AM,SERC,WEST,EKPC,EKPC,1853.272,True
2/6/2024 10:00:00 AM,2/6/2024 5:00:00 AM,SERC,WEST,EKPC,EKPC,1944.877,True
2/6/2024 11:00:00 AM,2/6/2024 6:00:00 AM,SERC,WEST,EKPC,EKPC,2121.381,True
2/6/2024 12:00:00 PM,2/6/2024 7:00:00 AM,SERC,WEST,EKPC,EKPC,2138.213,True
2/6/2024 1:00:00 PM,2/6/2024 8:00:00 AM,SERC,WEST,EKPC,EKPC,2106.229,True
2/6/2024 2:00:00 PM,2/6/2024 9:00:00 AM,SERC,WEST,EKPC,EKPC,2066.705,True
2/6/2024 3:00:00 PM,2/6/2024 10:00:00 AM,SERC,WEST,EKPC,EKPC,1998.274,True
2/6/2024 4:00:00 PM,2/6/2024 11:00:00 AM,SERC,WEST,EKPC,EKPC,1901.677,True
2/6/2024 5:00:00 PM,2/6/2024 12:00:00 PM,SERC,WEST,EKPC,EKPC,1804.123,True
2/6/2024 6:00:00 PM,2/6/2024 1:00:00 PM,SERC,WEST,EKPC,EKPC,1678.298,True
2/6/2024 7:00:00 PM,2/6/2024 2:00:00 PM,SERC,WEST,EKPC,EKPC,1630.680,True
2/6/2024 8:00:00 PM,2/6/2024 3:00:00 PM,SERC,WEST,EKPC,EKPC,1577.114,True
2/6/2024 9:00:00 PM,2/6/2024 4:00:00 PM,SERC,WEST,EKPC,EKPC,1611.853,True
2/6/2024 10:00:00 PM,2/6/2024 5:00:00 PM,SERC,WEST,EKPC,EKPC,1681.055,True
2/6/2024 11:00:00 PM,2/6/2024 6:00:00 PM,SERC,WEST,EKPC,EKPC,1849.526,True
2/7/2024 12:00:00 AM,2/6/2024 7:00:00 PM,SERC,WEST,EKPC,EKPC,1939.070,True
2/7/2024 1:00:00 AM,2/6/2024 8:00:00 PM,SERC,WEST,EKPC,EKPC,1968.058,True
2/7/2024 2:00:00 AM,2/6/2024 9:00:00 PM,SERC,WEST,EKPC,EKPC,1940.157,True
2/7/2024 3:00:00 AM,2/6/2024 10:00:00 PM,SERC,WEST,EKPC,EKPC,1873.768,True
2/7/2024 4:00:00 AM,2/6/2024 11:00:00 PM,SERC,WEST,EKPC,EKPC,1846.236,True
2/7/2024 5:00:00 AM,2/7/2024 12:00:00 AM,SERC,WEST,EKPC,EKPC,1881.132,True
2/7/2024 6:00:00 AM,2/7/2024 1:00:00 AM,SERC,WEST,EKPC,EKPC,1930.986,True
2/7/2024 7:00:00 AM,2/7/2024 2:00:00 AM,SERC,WEST,EKPC,EKPC,2012.515,True
2/7/2024 8:00:00 AM,2/7/2024 3:00:00 AM,SERC,WEST,EKPC,EKPC,2016.412,True
2/7/2024 9:00:00 AM,2/7/2024 4:00:00 AM,SERC,WEST,EKPC,EKPC,2025.536,True
2/7/2024 10:00:00 AM,2/7/2024 5:00:00 AM,SERC,WEST,EKPC,EKPC,2123.820,True
2/7/2024 11:00:00 AM,2/7/2024 6:00:00 AM,SERC,WEST,EKPC,EKPC,2327.672,True
2/7/2024 12:00:00 PM,2/7/2024 7:00:00 AM,SERC,WEST,EKPC,EKPC,2335.374,True
2/7/2024 1:00:00 PM,2/7/2024 8:00:00 AM,SERC,WEST,EKPC,EKPC,2216.784,True
2/7/2024 2:00:00 PM,2/7/2024 9:00:00 AM,SERC,WEST,EKPC,EKPC,1969.108,True
2/7/2024 3:00:00 PM,2/7/2024 10:00:00 AM,SERC,WEST,EKPC,EKPC,1748.857,True
2/7/2024 4:00:00 PM,2/7/2024 11:00:00 AM,SERC,WEST,EKPC,EKPC,1558.816,True
2/7/2024 5:00:00 PM,2/7/2024 12:00:00 PM,SERC,WEST,EKPC,EKPC,1436.312,True
2/7/2024 6:00:00 PM,2/7/2024 1:00:00 PM,SERC,WEST,EKPC,EKPC,1357.178,True
2/7/2024 7:00:00 PM,2/7/2024 2:00:00 PM,SERC,WEST,EKPC,EKPC,1304.258,True
2/7/2024 8:00:00 PM,2/7/2024 3:00:00 PM,SERC,WEST,EKPC,EKPC,1282.804,True
2/7/2024 9:00:00 PM,2/7/2024 4:00:00 PM,SERC,WEST,EKPC,EKPC,1297.877,True
2/7/2024 10:00:00 PM,2/7/2024 5:00:00 PM,SERC,WEST,EKPC,EKPC,1376.737,True
2/7/2024 11:00:00 PM,2/7/2024 6:00:00 PM,SERC,WEST,EKPC,EKPC,1528.459,True
2/8/2024 12:00:00 AM,2/7/2024 7:00:00 PM,SERC,WEST,EKPC,EKPC,1630.228,True
2/8/2024 1:00:00 AM,2/7/2024 8:00:00 PM,SERC,WEST,EKPC,EKPC,1614.469,True
2/8/2024 2:00:00 AM,2/7/2024 9:00:00 PM,SERC,WEST,EKPC,EKPC,1620.884,True
2/8/2024 3:00:00 AM,2/7/2024 10:00:00 PM,SERC,WEST,EKPC,EKPC,1643.281,True
2/8/2024 4:00:00 AM,2/7/2024 11:00:00 PM,SERC,WEST,EKPC,EKPC,1501.777,True
2/8/2024 5:00:00 AM,2/8/2024 12:00:00 AM,SERC,WEST,EKPC,EKPC,1464.452,True
2/8/2024 6:00:00 AM,2/8/2024 1:00:00 AM,SERC,WEST,EKPC,EKPC,1520.216,True
2/8/2024 7:00:00 AM,2/8/2024 2:00:00 AM,SERC,WEST,EKPC,EKPC,1494.077,True
2/8/2024 8:00:00 AM,2/8/2024 3:00:00 AM,SERC,WEST,EKPC,EKPC,1537.208,True
2/8/2024 9:00:00 AM,2/8/2024 4:00:00 AM,SERC,WEST,EKPC,EKPC,1716.902,True
2/8/2024 10:00:00 AM,2/8/2024 5:00:00 AM,SERC,WEST,EKPC,EKPC,1831.605,True
2/8/2024 11:00:00 AM,2/8/2024 6:00:00 AM,SERC,WEST,EKPC,EKPC,2003.618,True
2/8/2024 12:00:00 PM,2/8/2024 7:00:00 AM,SERC,WEST,EKPC,EKPC,2076.293,True
2/8/2024 1:00:00 PM,2/8/2024 8:00:00 AM,SERC,WEST,EKPC,EKPC,1985.553,True
2/8/2024 2:00:00 PM,2/8/2024 9:00:00 AM,SERC,WEST,EKPC,EKPC,1880.075,True
2/8/2024 3:00:00 PM,2/8/2024 10:00:00 AM,SERC,WEST,EKPC,EKPC,1755.042,True
2/8/2024 4:00:00 PM,2/8/2024 11:00:00 AM,SERC,WEST,EKPC,EKPC,1631.350,True
2/8/2024 5:00:00 PM,2/8/2024 12:00:00 PM,SERC,WEST,EKPC,EKPC,1629.935,True
2/8/2024 6:00:00 PM,2/8/2024 1:00:00 PM,SERC,WEST,EKPC,EKPC,1514.747,True
2/8/2024 7:00:00 PM,2/8/2024 2:00:00 PM,SERC,WEST,EKPC,EKPC,1517.646,True
2/8/2024 8:00:00 PM,2/8/2024 3:00:00 PM,SERC,WEST,EKPC,EKPC,1362.168,True
2/8/2024 9:00:00 PM,2/8/2024 4:00:00 PM,SERC,WEST,EKPC,EKPC,1412.639,True
2/8/2024 10:00:00 PM,2/8/2024 5:00:00 PM,SERC,WEST,EKPC,EKPC,1581.081,True
2/8/2024 11:00:00 PM,2/8/2024 6:00:00 PM,SERC,WEST,EKPC,EKPC,1575.163,True
2/9/2024 12:00:00 AM,2/8/2024 7:00:00 PM,SERC,WEST,EKPC,EKPC,1581.059,True
2/9/2024 1:00:00 AM,2/8/2024 8:00:00 PM,SERC,WEST,EKPC,EKPC,1562.945,True
2/9/2024 2:00:00 AM,2/8/2024 9:00:00 PM,SERC,WEST,EKPC,EKPC,1528.111,True
2/9/2024 3:00:00 AM,2/8/2024 10:00:00 PM,SERC,WEST,EKPC,EKPC,1435.383,True
2/9/2024 4:00:00 AM,2/8/2024 11:00:00 PM,SERC,WEST,EKPC,EKPC,1355.107,True
2/9/2024 5:00:00 AM,2/9/2024 12:00:00 AM,SERC,WEST,EKPC,EKPC,1287.830,True
2/9/2024 6:00:00 AM,2/9/2024 1:00:00 AM,SERC,WEST,EKPC,EKPC,1253.647,True
2/9/2024 7:00:00 AM,2/9/2024 2:00:00 AM,SERC,WEST,EKPC,EKPC,1257.531,True
2/9/2024 8:00:00 AM,2/9/2024 3:00:00 AM,SERC,WEST,EKPC,EKPC,1265.439,True
2/9/2024 9:00:00 AM,2/9/2024 4:00:00 AM,SERC,WEST,EKPC,EKPC,1304.712,True
2/9/2024 10:00:00 AM,2/9/2024 5:00:00 AM,SERC,WEST,EKPC,EKPC,1461.333,True
2/9/2024 11:00:00 AM,2/9/2024 6:00:00 AM,SERC,WEST,EKPC,EKPC,1647.923,True
2/9/2024 12:00:00 PM,2/9/2024 7:00:00 AM,SERC,WEST,EKPC,EKPC,1721.547,True
2/9/2024 1:00:00 PM,2/9/2024 8:00:00 AM,SERC,WEST,EKPC,EKPC,1599.468,True
2/9/2024 2:00:00 PM,2/9/2024 9:00:00 AM,SERC,WEST,EKPC,EKPC,1666.760,True
2/9/2024 3:00:00 PM,2/9/2024 10:00:00 AM,SERC,WEST,EKPC,EKPC,1633.953,True
2/9/2024 4:00:00 PM,2/9/2024 11:00:00 AM,SERC,WEST,EKPC,EKPC,1606.234,True
2/9/2024 5:00:00 PM,2/9/2024 12:00:00 PM,SERC,WEST,EKPC,EKPC,1554.296,True
2/9/2024 6:00:00 PM,2/9/2024 1:00:00 PM,SERC,WEST,EKPC,EKPC,1570.402,True
2/9/2024 7:00:00 PM,2/9/2024 2:00:00 PM,SERC,WEST,EKPC,EKPC,1526.587,True
2/9/2024 8:00:00 PM,2/9/2024 3:00:00 PM,SERC,WEST,EKPC,EKPC,1543.126,True
2/9/2024 9:00:00 PM,2/9/2024 4:00:00 PM,SERC,WEST,EKPC,EKPC,1516.749,True
2/9/2024 10:00:00 PM,2/9/2024 5:00:00 PM,SERC,WEST,EKPC,EKPC,1563.424,True
2/9/2024 11:00:00 PM,2/9/2024 6:00:00 PM,SERC,WEST,EKPC,EKPC,1635.221,True
2/10/2024 12:00:00 AM,2/9/2024 7:00:00 PM,SERC,WEST,EKPC,EKPC,1667.036,True
2/10/2024 1:00:00 AM,2/9/2024 8:00:00 PM,SERC,WEST,EKPC,EKPC,1608.002,True
2/10/2024 2:00:00 AM,2/9/2024 9:00:00 PM,SERC,WEST,EKPC,EKPC,1528.705,True
2/10/2024 3:00:00 AM,2/9/2024 10:00:00 PM,SERC,WEST,EKPC,EKPC,1419.891,True
2/10/2024 4:00:00 AM,2/9/2024 11:00:00 PM,SERC,WEST,EKPC,EKPC,1373.619,True
2/10/2024 5:00:00 AM,2/10/2024 12:00:00 AM,SERC,WEST,EKPC,EKPC,1381.136,True
2/10/2024 6:00:00 AM,2/10/2024 1:00:00 AM,SERC,WEST,EKPC,EKPC,1323.940,True
2/10/2024 7:00:00 AM,2/10/2024 2:00:00 AM,SERC,WEST,EKPC,EKPC,1346.012,True
2/10/2024 8:00:00 AM,2/10/2024 3:00:00 AM,SERC,WEST,EKPC,EKPC,1331.303,True
2/10/2024 9:00:00 AM,2/10/2024 4:00:00 AM,SERC,WEST,EKPC,EKPC,1302.834,True
2/10/2024 10:00:00 AM,2/10/2024 5:00:00 AM,SERC,WEST,EKPC,EKPC,1372.127,True
2/10/2024 11:00:00 AM,2/10/2024 6:00:00 AM,SERC,WEST,EKPC,EKPC,1328.524,True
2/10/2024 12:00:00 PM,2/10/2024 7:00:00 AM,SERC,WEST,EKPC,EKPC,1319.209,True
2/10/2024 1:00:00 PM,2/10/2024 8:00:00 AM,SERC,WEST,EKPC,EKPC,1344.317,True
2/10/2024 2:00:00 PM,2/10/2024 9:00:00 AM,SERC,WEST,EKPC,EKPC,1517.172,True
2/10/2024 3:00:00 PM,2/10/2024 10:00:00 AM,SERC,WEST,EKPC,EKPC,1456.724,True
2/10/2024 4:00:00 PM,2/10/2024 11:00:00 AM,SERC,WEST,EKPC,EKPC,1467.505,True
2/10/2024 5:00:00 PM,2/10/2024 12:00:00 PM,SERC,WEST,EKPC,EKPC,1463.733,True
2/10/2024 6:00:00 PM,2/10/2024 1:00:00 PM,SERC,WEST,EKPC,EKPC,1445.514,True
2/10/2024 7:00:00 PM,2/10/2024 2:00:00 PM,SERC,WEST,EKPC,EKPC,1434.296,True
2/10/2024 8:00:00 PM,2/10/2024 3:00:00 PM,SERC,WEST,EKPC,EKPC,1470.421,True
2/10/2024 9:00:00 PM,2/10/2024 4:00:00 PM,SERC,WEST,EKPC,EKPC,1538.781,True
2/10/2024 10:00:00 PM,2/10/2024 5:00:00 PM,SERC,WEST,EKPC,EKPC,1383.771,True
2/10/2024 11:00:00 PM,2/10/2024 6:00:00 PM,SERC,WEST,EKPC,EKPC,1453.055,True
2/11/2024 12:00:00 AM,2/10/2024 7:00:00 PM,SERC,WEST,EKPC,EKPC,1579.207,True
2/11/2024 1:00:00 AM,2/10/2024 8:00:00 PM,SERC,WEST,EKPC,EKPC,1545.220,True
2/11/2024 2:00:00 AM,2/10/2024 9:00:00 PM,SERC,WEST,EKPC,EKPC,1519.696,True
2/11/2024 3:00:00 AM,2/10/2024 10:00:00 PM,SERC,WEST,EKPC,EKPC,1473.383,True
2/11/2024 4:00:00 AM,2/10/2024 11:00:00 PM,SERC,WEST,EKPC,EKPC,1385.796,True
2/11/2024 5:00:00 AM,2/11/2024 12:00:00 AM,SERC,WEST,EKPC,EKPC,1378.704,True
2/11/2024 6:00:00 AM,2/11/2024 1:00:00 AM,SERC,WEST,EKPC,EKPC,1382.233,True
2/11/2024 7:00:00 AM,2/11/2024 2:00:00 AM,SERC,WEST,EKPC,EKPC,1382.212,True
2/11/2024 8:00:00 AM,2/11/2024 3:00:00 AM,SERC,WEST,EKPC,EKPC,1346.182,True
2/11/2024 9:00:00 AM,2/11/2024 4:00:00 AM,SERC,WEST,EKPC,EKPC,1441.650,True
2/11/2024 10:00:00 AM,2/11/2024 5:00:00 AM,SERC,WEST,EKPC,EKPC,1496.600,True
2/11/2024 11:00:00 AM,2/11/2024 6:00:00 AM,SERC,WEST,EKPC,EKPC,1483.095,True
2/11/2024 12:00:00 PM,2/11/2024 7:00:00 AM,SERC,WEST,EKPC,EKPC,1513.687,True
2/11/2024 1:00:00 PM,2/11/2024 8:00:00 AM,SERC,WEST,EKPC,EKPC,1563.966,True
2/11/2024 2:00:00 PM,2/11/2024 9:00:00 AM,SERC,WEST,EKPC,EKPC,1604.773,True
2/11/2024 3:00:00 PM,2/11/2024 10:00:00 AM,SERC,WEST,EKPC,EKPC,1743.783,True
2/11/2024 4:00:00 PM,2/11/2024 11:00:00 AM,SERC,WEST,EKPC,EKPC,1678.865,True
2/11/2024 5:00:00 PM,2/11/2024 12:00:00 PM,SERC,WEST,EKPC,EKPC,1500.496,True
2/11/2024 6:00:00 PM,2/11/2024 1:00:00 PM,SERC,WEST,EKPC,EKPC,1475.846,True
2/11/2024 7:00:00 PM,2/11/2024 2:00:00 PM,SERC,WEST,EKPC,EKPC,1439.170,True
2/11/2024 8:00:00 PM,2/11/2024 3:00:00 PM,SERC,WEST,EKPC,EKPC,1437.156,True
2/11/2024 9:00:00 PM,2/11/2024 4:00:00 PM,SERC,WEST,EKPC,EKPC,1588.248,True
2/11/2024 10:00:00 PM,2/11/2024 5:00:00 PM,SERC,WEST,EKPC,EKPC,1605.544,True
2/11/2024 11:00:00 PM,2/11/2024 6:00:00 PM,SERC,WEST,EKPC,EKPC,1658.325,True
2/12/2024 12:00:00 AM,2/11/2024 7:00:00 PM,SERC,WEST,EKPC,EKPC,1662.812,True
2/12/2024 1:00:00 AM,2/11/2024 8:00:00 PM,SERC,WEST,EKPC,EKPC,1609.395,True
2/12/2024 2:00:00 AM,2/11/2024 9:00:00 PM,SERC,WEST,EKPC,EKPC,1595.646,True
2/12/2024 3:00:00 AM,2/11/2024 10:00:00 PM,SERC,WEST,EKPC,EKPC,1527.852,True
2/12/2024 4:00:00 AM,2/11/2024 11:00:00 PM,SERC,WEST,EKPC,EKPC,1538.356,True
2/12/2024 5:00:00 AM,2/12/2024 12:00:00 AM,SERC,WEST,EKPC,EKPC,1459.636,True
2/12/2024 6:00:00 AM,2/12/2024 1:00:00 AM,SERC,WEST,EKPC,EKPC,1457.241,True
2/12/2024 7:00:00 AM,2/12/2024 2:00:00 AM,SERC,WEST,EKPC,EKPC,1525.664,True
2/12/2024 8:00:00 AM,2/12/2024 3:00:00 AM,SERC,WEST,EKPC,EKPC,1503.579,True
2/12/2024 9:00:00 AM,2/12/2024 4:00:00 AM,SERC,WEST,EKPC,EKPC,1584.657,True
2/12/2024 10:00:00 AM,2/12/2024 5:00:00 AM,SERC,WEST,EKPC,EKPC,1688.720,True
2/12/2024 11:00:00 AM,2/12/2024 6:00:00 AM,SERC,WEST,EKPC,EKPC,1813.186,True
2/12/2024 12:00:00 PM,2/12/2024 7:00:00 AM,SERC,WEST,EKPC,EKPC,1952.988,True
2/12/2024 1:00:00 PM,2/12/2024 8:00:00 AM,SERC,WEST,EKPC,EKPC,1945.224,True
2/12/2024 2:00:00 PM,2/12/2024 9:00:00 AM,SERC,WEST,EKPC,EKPC,1903.196,True
2/12/2024 3:00:00 PM,2/12/2024 10:00:00 AM,SERC,WEST,EKPC,EKPC,1829.800,True
2/12/2024 4:00:00 PM,2/12/2024 11:00:00 AM,SERC,WEST,EKPC,EKPC,1746.243,True
2/12/2024 5:00:00 PM,2/12/2024 12:00:00 PM,SERC,WEST,EKPC,EKPC,1753.741,True
2/12/2024 6:00:00 PM,2/12/2024 1:00:00 PM,SERC,WEST,EKPC,EKPC,1758.114,True
2/12/2024 7:00:00 PM,2/12/2024 2:00:00 PM,SERC,WEST,EKPC,EKPC,1683.290,True
2/12/2024 8:00:00 PM,2/12/2024 3:00:00 PM,SERC,WEST,EKPC,EKPC,1712.418,True
2/12/2024 9:00:00 PM,2/12/2024 4:00:00 PM,SERC,WEST,EKPC,EKPC,1786.736,True
2/12/2024 10:00:00 PM,2/12/2024 5:00:00 PM,SERC,WEST,EKPC,EKPC,1855.700,True
2/12/2024 11:00:00 PM,2/12/2024 6:00:00 PM,SERC,WEST,EKPC,EKPC,1930.466,True
2/13/2024 12:00:00 AM,2/12/2024 7:00:00 PM,SERC,WEST,EKPC,EKPC,1912.497,True
2/13/2024 1:00:00 AM,2/12/2024 8:00:00 PM,SERC,WEST,EKPC,EKPC,1910.167,True
2/13/2024 2:00:00 AM,2/12/2024 9:00:00 PM,SERC,WEST,EKPC,EKPC,1884.810,True
2/13/2024 3:00:00 AM,2/12/2024 10:00:00 PM,SERC,WEST,EKPC,EKPC,1774.798,True
2/13/2024 4:00:00 AM,2/12/2024 11:00:00 PM,SERC,WEST,EKPC,EKPC,1572.748,True
2/13/2024 5:00:00 AM,2/13/2024 12:00:00 AM,SERC,WEST,EKPC,EKPC,1576.806,True
2/13/2024 6:00:00 AM,2/13/2024 1:00:00 AM,SERC,WEST,EKPC,EKPC,1697.310,True
2/13/2024 7:00:00 AM,2/13/2024 2:00:00 AM,SERC,WEST,EKPC,EKPC,1787.082,True
2/13/2024 8:00:00 AM,2/13/2024 3:00:00 AM,SERC,WEST,EKPC,EKPC,1848.948,True
2/13/2024 9:00:00 AM,2/13/2024 4:00:00 AM,SERC,WEST,EKPC,EKPC,1867.926,True
2/13/2024 10:00:00 AM,2/13/2024 5:00:00 AM,SERC,WEST,EKPC,EKPC,1947.238,True
2/13/2024 11:00:00 AM,2/13/2024 6:00:00 AM,SERC,WEST,EKPC,EKPC,2121.232,True
2/13/2024 12:00:00 PM,2/13/2024 7:00:00 AM,SERC,WEST,EKPC,EKPC,2115.442,True
2/13/2024 1:00:00 PM,2/13/2024 8:00:00 AM,SERC,WEST,EKPC,EKPC,2050.504,True
2/13/2024 2:00:00 PM,2/13/2024 9:00:00 AM,SERC,WEST,EKPC,EKPC,1896.110,True
2/13/2024 3:00:00 PM,2/13/2024 10:00:00 AM,SERC,WEST,EKPC,EKPC,1752.708,True
2/13/2024 4:00:00 PM,2/13/2024 11:00:00 AM,SERC,WEST,EKPC,EKPC,1657.239,True
2/13/2024 5:00:00 PM,2/13/2024 12:00:00 PM,SERC,WEST,EKPC,EKPC,1647.072,True
2/13/2024 6:00:00 PM,2/13/2024 1:00:00 PM,SERC,WEST,EKPC,EKPC,1590.437,True
2/13/2024 7:00:00 PM,2/13/2024 2:00:00 PM,SERC,WEST,EKPC,EKPC,1617.754,True
2/13/2024 8:00:00 PM,2/13/2024 3:00:00 PM,SERC,WEST,EKPC,EKPC,1589.487,True
2/13/2024 9:00:00 PM,2/13/2024 4:00:00 PM,SERC,WEST,EKPC,EKPC,1625.776,True
2/13/2024 10:00:00 PM,2/13/2024 5:00:00 PM,SERC,WEST,EKPC,EKPC,1666.550,True
2/13/2024 11:00:00 PM,2/13/2024 6:00:00 PM,SERC,WEST,EKPC,EKPC,1846.734,True
2/14/2024 12:00:00 AM,2/13/2024 7:00:00 PM,SERC,WEST,EKPC,EKPC,1892.307,True
2/14/2024 1:00:00 AM,2/13/2024 8:00:00 PM,SERC,WEST,EKPC,EKPC,1921.806,True
2/14/2024 2:00:00 AM,2/13/2024 9:00:00 PM,SERC,WEST,EKPC,EKPC,1903.479,True
2/14/2024 3:00:00 AM,2/13/2024 10:00:00 PM,SERC,WEST,EKPC,EKPC,1824.135,True
2/14/2024 4:00:00 AM,2/13/2024 11:00:00 PM,SERC,WEST,EKPC,EKPC,1736.198,True
2/14/2024 5:00:00 AM,2/14/2024 12:00:00 AM,SERC,WEST,EKPC,EKPC,1712.378,True
2/14/2024 6:00:00 AM,2/14/2024 1:00:00 AM,SERC,WEST,EKPC,EKPC,1726.360,True
2/14/2024 7:00:00 AM,2/14/2024 2:00:00 AM,SERC,WEST,EKPC,EKPC,1728.954,True
2/14/2024 8:00:00 AM,2/14/2024 3:00:00 AM,SERC,WEST,EKPC,EKPC,1731.857,True
2/14/2024 9:00:00 AM,2/14/2024 4:00:00 AM,SERC,WEST,EKPC,EKPC,1785.361,True
2/14/2024 10:00:00 AM,2/14/2024 5:00:00 AM,SERC,WEST,EKPC,EKPC,1911.754,True
2/14/2024 11:00:00 AM,2/14/2024 6:00:00 AM,SERC,WEST,EKPC,EKPC,2069.582,True
2/14/2024 12:00:00 PM,2/14/2024 7:00:00 AM,SERC,WEST,EKPC,EKPC,2065.037,True
2/14/2024 1:00:00 PM,2/14/2024 8:00:00 AM,SERC,WEST,EKPC,EKPC,1943.573,True
2/14/2024 2:00:00 PM,2/14/2024 9:00:00 AM,SERC,WEST,EKPC,EKPC,1777.502,True
2/14/2024 3:00:00 PM,2/14/2024 10:00:00 AM,SERC,WEST,EKPC,EKPC,1609.285,True
2/14/2024 4:00:00 PM,2/14/2024 11:00:00 AM,SERC,WEST,EKPC,EKPC,1476.442,True
2/14/2024 5:00:00 PM,2/14/2024 12:00:00 PM,SERC,WEST,EKPC,EKPC,1389.026,True
2/14/2024 6:00:00 PM,2/14/2024 1:00:00 PM,SERC,WEST,EKPC,EKPC,1322.709,True
2/14/2024 7:00:00 PM,2/14/2024 2:00:00 PM,SERC,WEST,EKPC,EKPC,1278.090,True
2/14/2024 8:00:00 PM,2/14/2024 3:00:00 PM,SERC,WEST,EKPC,EKPC,1320.054,True
2/14/2024 9:00:00 PM,2/14/2024 4:00:00 PM,SERC,WEST,EKPC,EKPC,1292.607,True
2/14/2024 10:00:00 PM,2/14/2024 5:00:00 PM,SERC,WEST,EKPC,EKPC,1418.305,True
2/14/2024 11:00:00 PM,2/14/2024 6:00:00 PM,SERC,WEST,EKPC,EKPC,1522.137,True
2/15/2024 12:00:00 AM,2/14/2024 7:00:00 PM,SERC,WEST,EKPC,EKPC,1608.860,True
2/15/2024 1:00:00 AM,2/14/2024 8:00:00 PM,SERC,WEST,EKPC,EKPC,1656.492,True
2/15/2024 2:00:00 AM,2/14/2024 9:00:00 PM,SERC,WEST,EKPC,EKPC,1666.899,True
2/15/2024 3:00:00 AM,2/14/2024 10:00:00 PM,SERC,WEST,EKPC,EKPC,1562.955,True
2/15/2024 4:00:00 AM,2/14/2024 11:00:00 PM,SERC,WEST,EKPC,EKPC,1509.288,True
2/15/2024 5:00:00 AM,2/15/2024 12:00:00 AM,SERC,WEST,EKPC,EKPC,1528.525,True
2/15/2024 6:00:00 AM,2/15/2024 1:00:00 AM,SERC,WEST,EKPC,EKPC,1604.397,True
2/15/2024 7:00:00 AM,2/15/2024 2:00:00 AM,SERC,WEST,EKPC,EKPC,1615.149,True
2/15/2024 8:00:00 AM,2/15/2024 3:00:00 AM,SERC,WEST,EKPC,EKPC,1664.938,True
2/15/2024 9:00:00 AM,2/15/2024 4:00:00 AM,SERC,WEST,EKPC,EKPC,1746.896,True
2/15/2024 10:00:00 AM,2/15/2024 5:00:00 AM,SERC,WEST,EKPC,EKPC,1975.662,True
2/15/2024 11:00:00 AM,2/15/2024 6:00:00 AM,SERC,WEST,EKPC,EKPC,1956.097,True
2/15/2024 12:00:00 PM,2/15/2024 7:00:00 AM,SERC,WEST,EKPC,EKPC,1975.288,True
2/15/2024 1:00:00 PM,2/15/2024 8:00:00 AM,SERC,WEST,EKPC,EKPC,1948.594,True
2/15/2024 2:00:00 PM,2/15/2024 9:00:00 AM,SERC,WEST,EKPC,EKPC,1772.395,True
2/15/2024 3:00:00 PM,2/15/2024 10:00:00 AM,SERC,WEST,EKPC,EKPC,1619.207,True
2/15/2024 4:00:00 PM,2/15/2024 11:00:00 AM,SERC,WEST,EKPC,EKPC,1493.530,True
2/15/2024 5:00:00 PM,2/15/2024 12:00:00 PM,SERC,WEST,EKPC,EKPC,1401.574,True
2/15/2024 6:00:00 PM,2/15/2024 1:00:00 PM,SERC,WEST,EKPC,EKPC,1353.412,True
2/15/2024 7:00:00 PM,2/15/2024 2:00:00 PM,SERC,WEST,EKPC,EKPC,1314.972,True
2/15/2024 8:00:00 PM,2/15/2024 3:00:00 PM,SERC,WEST,EKPC,EKPC,1292.669,True
2/15/2024 9:00:00 PM,2/15/2024 4:00:00 PM,SERC,WEST,EKPC,EKPC,1325.111,True
2/15/2024 10:00:00 PM,2/15/2024 5:00:00 PM,SERC,WEST,EKPC,EKPC,1363.837,True
2/15/2024 11:00:00 PM,2/15/2024 6:00:00 PM,SERC,WEST,EKPC,EKPC,1475.692,True
2/16/2024 12:00:00 AM,2/15/2024 7:00:00 PM,SERC,WEST,EKPC,EKPC,1552.078,True
2/16/2024 1:00:00 AM,2/15/2024 8:00:00 PM,SERC,WEST,EKPC,EKPC,1567.302,True
2/16/2024 2:00:00 AM,2/15/2024 9:00:00 PM,SERC,WEST,EKPC,EKPC,1550.010,True
2/16/2024 3:00:00 AM,2/15/2024 10:00:00 PM,SERC,WEST,EKPC,EKPC,1617.627,True
2/16/2024 4:00:00 AM,2/15/2024 11:00:00 PM,SERC,WEST,EKPC,EKPC,1605.777,True
2/16/2024 5:00:00 AM,2/16/2024 12:00:00 AM,SERC,WEST,EKPC,EKPC,1598.199,True
2/16/2024 6:00:00 AM,2/16/2024 1:00:00 AM,SERC,WEST,EKPC,EKPC,1643.378,True
2/16/2024 7:00:00 AM,2/16/2024 2:00:00 AM,SERC,WEST,EKPC,EKPC,1693.567,True
2/16/2024 8:00:00 AM,2/16/2024 3:00:00 AM,SERC,WEST,EKPC,EKPC,1770.176,True
2/16/2024 9:00:00 AM,2/16/2024 4:00:00 AM,SERC,WEST,EKPC,EKPC,1826.224,True
2/16/2024 10:00:00 AM,2/16/2024 5:00:00 AM,SERC,WEST,EKPC,EKPC,1994.160,True
2/16/2024 11:00:00 AM,2/16/2024 6:00:00 AM,SERC,WEST,EKPC,EKPC,2148.330,True
2/16/2024 12:00:00 PM,2/16/2024 7:00:00 AM,SERC,WEST,EKPC,EKPC,2225.115,True
2/16/2024 1:00:00 PM,2/16/2024 8:00:00 AM,SERC,WEST,EKPC,EKPC,2194.764,True
2/16/2024 2:00:00 PM,2/16/2024 9:00:00 AM,SERC,WEST,EKPC,EKPC,2073.089,True
2/16/2024 3:00:00 PM,2/16/2024 10:00:00 AM,SERC,WEST,EKPC,EKPC,2020.244,True
2/16/2024 4:00:00 PM,2/16/2024 11:00:00 AM,SERC,WEST,EKPC,EKPC,1839.035,True
2/16/2024 5:00:00 PM,2/16/2024 12:00:00 PM,SERC,WEST,EKPC,EKPC,1827.164,True
2/16/2024 6:00:00 PM,2/16/2024 1:00:00 PM,SERC,WEST,EKPC,EKPC,1762.426,True
2/16/2024 7:00:00 PM,2/16/2024 2:00:00 PM,SERC,WEST,EKPC,EKPC,1708.136,True
2/16/2024 8:00:00 PM,2/16/2024 3:00:00 PM,SERC,WEST,EKPC,EKPC,1759.014,True
2/16/2024 9:00:00 PM,2/16/2024 4:00:00 PM,SERC,WEST,EKPC,EKPC,1806.890,True
2/16/2024 10:00:00 PM,2/16/2024 5:00:00 PM,SERC,WEST,EKPC,EKPC,1877.331,True
2/16/2024 11:00:00 PM,2/16/2024 6:00:00 PM,SERC,WEST,EKPC,EKPC,1935.502,True
2/17/2024 12:00:00 AM,2/16/2024 7:00:00 PM,SERC,WEST,EKPC,EKPC,1941.190,True
2/17/2024 1:00:00 AM,2/16/2024 8:00:00 PM,SERC,WEST,EKPC,EKPC,1904.241,True
2/17/2024 2:00:00 AM,2/16/2024 9:00:00 PM,SERC,WEST,EKPC,EKPC,1947.228,True
2/17/2024 3:00:00 AM,2/16/2024 10:00:00 PM,SERC,WEST,EKPC,EKPC,2012.895,True
2/17/2024 4:00:00 AM,2/16/2024 11:00:00 PM,SERC,WEST,EKPC,EKPC,2018.588,True
2/17/2024 5:00:00 AM,2/17/2024 12:00:00 AM,SERC,WEST,EKPC,EKPC,1994.855,True
2/17/2024 6:00:00 AM,2/17/2024 1:00:00 AM,SERC,WEST,EKPC,EKPC,2013.429,True
2/17/2024 7:00:00 AM,2/17/2024 2:00:00 AM,SERC,WEST,EKPC,EKPC,2044.521,True
2/17/2024 8:00:00 AM,2/17/2024 3:00:00 AM,SERC,WEST,EKPC,EKPC,2102.361,True
2/17/2024 9:00:00 AM,2/17/2024 4:00:00 AM,SERC,WEST,EKPC,EKPC,2123.545,True
2/17/2024 10:00:00 AM,2/17/2024 5:00:00 AM,SERC,WEST,EKPC,EKPC,2161.899,True
2/17/2024 11:00:00 AM,2/17/2024 6:00:00 AM,SERC,WEST,EKPC,EKPC,2258.717,True
2/17/2024 12:00:00 PM,2/17/2024 7:00:00 AM,SERC,WEST,EKPC,EKPC,2268.552,True
2/17/2024 1:00:00 PM,2/17/2024 8:00:00 AM,SERC,WEST,EKPC,EKPC,2309.904,True
2/17/2024 2:00:00 PM,2/17/2024 9:00:00 AM,SERC,WEST,EKPC,EKPC,2405.781,True
2/17/2024 3:00:00 PM,2/17/2024 10:00:00 AM,SERC,WEST,EKPC,EKPC,2275.101,True
2/17/2024 4:00:00 PM,2/17/2024 11:00:00 AM,SERC,WEST,EKPC,EKPC,2213.781,True
2/17/2024 5:00:00 PM,2/17/2024 12:00:00 PM,SERC,WEST,EKPC,EKPC,2230.650,True
2/17/2024 6:00:00 PM,2/17/2024 1:00:00 PM,SERC,WEST,EKPC,EKPC,2279.039,True
2/17/2024 7:00:00 PM,2/17/2024 2:00:00 PM,SERC,WEST,EKPC,EKPC,2244.768,True
2/17/2024 8:00:00 PM,2/17/2024 3:00:00 PM,SERC,WEST,EKPC,EKPC,2176.541,True
2/17/2024 9:00:00 PM,2/17/2024 4:00:00 PM,SERC,WEST,EKPC,EKPC,2087.565,True
2/17/2024 10:00:00 PM,2/17/2024 5:00:00 PM,SERC,WEST,EKPC,EKPC,1977.298,True
2/17/2024 11:00:00 PM,2/17/2024 6:00:00 PM,SERC,WEST,EKPC,EKPC,2199.812,True
2/18/2024 12:00:00 AM,2/17/2024 7:00:00 PM,SERC,WEST,EKPC,EKPC,2214.213,True
2/18/2024 1:00:00 AM,2/17/2024 8:00:00 PM,SERC,WEST,EKPC,EKPC,2398.279,True
2/18/2024 2:00:00 AM,2/17/2024 9:00:00 PM,SERC,WEST,EKPC,EKPC,2442.640,True
2/18/2024 3:00:00 AM,2/17/2024 10:00:00 PM,SERC,WEST,EKPC,EKPC,2446.259,True
2/18/2024 4:00:00 AM,2/17/2024 11:00:00 PM,SERC,WEST,EKPC,EKPC,2404.318,True
2/18/2024 5:00:00 AM,2/18/2024 12:00:00 AM,SERC,WEST,EKPC,EKPC,2386.078,True
2/18/2024 6:00:00 AM,2/18/2024 1:00:00 AM,SERC,WEST,EKPC,EKPC,2409.531,True
2/18/2024 7:00:00 AM,2/18/2024 2:00:00 AM,SERC,WEST,EKPC,EKPC,2426.792,True
2/18/2024 8:00:00 AM,2/18/2024 3:00:00 AM,SERC,WEST,EKPC,EKPC,2429.901,True
2/18/2024 9:00:00 AM,2/18/2024 4:00:00 AM,SERC,WEST,EKPC,EKPC,2486.713,True
2/18/2024 10:00:00 AM,2/18/2024 5:00:00 AM,SERC,WEST,EKPC,EKPC,2575.882,True
2/18/2024 11:00:00 AM,2/18/2024 6:00:00 AM,SERC,WEST,EKPC,EKPC,2642.012,True
2/18/2024 12:00:00 PM,2/18/2024 7:00:00 AM,SERC,WEST,EKPC,EKPC,2649.412,True
2/18/2024 1:00:00 PM,2/18/2024 8:00:00 AM,SERC,WEST,EKPC,EKPC,2722.807,True
2/18/2024 2:00:00 PM,2/18/2024 9:00:00 AM,SERC,WEST,EKPC,EKPC,2557.139,True
2/18/2024 3:00:00 PM,2/18/2024 10:00:00 AM,SERC,WEST,EKPC,EKPC,2351.110,True
2/18/2024 4:00:00 PM,2/18/2024 11:00:00 AM,SERC,WEST,EKPC,EKPC,2145.544,True
2/18/2024 5:00:00 PM,2/18/2024 12:00:00 PM,SERC,WEST,EKPC,EKPC,2043.676,True
2/18/2024 6:00:00 PM,2/18/2024 1:00:00 PM,SERC,WEST,EKPC,EKPC,1886.734,True
2/18/2024 7:00:00 PM,2/18/2024 2:00:00 PM,SERC,WEST,EKPC,EKPC,1812.649,True
2/18/2024 8:00:00 PM,2/18/2024 3:00:00 PM,SERC,WEST,EKPC,EKPC,1680.701,True
2/18/2024 9:00:00 PM,2/18/2024 4:00:00 PM,SERC,WEST,EKPC,EKPC,1669.758,True
2/18/2024 10:00:00 PM,2/18/2024 5:00:00 PM,SERC,WEST,EKPC,EKPC,1764.781,True
2/18/2024 11:00:00 PM,2/18/2024 6:00:00 PM,SERC,WEST,EKPC,EKPC,1948.308,True
2/19/2024 12:00:00 AM,2/18/2024 7:00:00 PM,SERC,WEST,EKPC,EKPC,2089.446,True
2/19/2024 1:00:00 AM,2/18/2024 8:00:00 PM,SERC,WEST,EKPC,EKPC,2138.627,True
2/19/2024 2:00:00 AM,2/18/2024 9:00:00 PM,SERC,WEST,EKPC,EKPC,2161.305,True
2/19/2024 3:00:00 AM,2/18/2024 10:00:00 PM,SERC,WEST,EKPC,EKPC,2107.675,True
2/19/2024 4:00:00 AM,2/18/2024 11:00:00 PM,SERC,WEST,EKPC,EKPC,2066.630,True
2/19/2024 5:00:00 AM,2/19/2024 12:00:00 AM,SERC,WEST,EKPC,EKPC,2032.134,True
2/19/2024 6:00:00 AM,2/19/2024 1:00:00 AM,SERC,WEST,EKPC,EKPC,2105.885,True
2/19/2024 7:00:00 AM,2/19/2024 2:00:00 AM,SERC,WEST,EKPC,EKPC,2154.859,True
2/19/2024 8:00:00 AM,2/19/2024 3:00:00 AM,SERC,WEST,EKPC,EKPC,2188.255,True
2/19/2024 9:00:00 AM,2/19/2024 4:00:00 AM,SERC,WEST,EKPC,EKPC,2272.827,True
2/19/2024 10:00:00 AM,2/19/2024 5:00:00 AM,SERC,WEST,EKPC,EKPC,2419.783,True
2/19/2024 11:00:00 AM,2/19/2024 6:00:00 AM,SERC,WEST,EKPC,EKPC,2467.361,True
2/19/2024 12:00:00 PM,2/19/2024 7:00:00 AM,SERC,WEST,EKPC,EKPC,2477.044,True
2/19/2024 1:00:00 PM,2/19/2024 8:00:00 AM,SERC,WEST,EKPC,EKPC,2446.826,True
2/19/2024 2:00:00 PM,2/19/2024 9:00:00 AM,SERC,WEST,EKPC,EKPC,2251.484,True
2/19/2024 3:00:00 PM,2/19/2024 10:00:00 AM,SERC,WEST,EKPC,EKPC,2051.571,True
2/19/2024 4:00:00 PM,2/19/2024 11:00:00 AM,SERC,WEST,EKPC,EKPC,1783.185,True
2/19/2024 5:00:00 PM,2/19/2024 12:00:00 PM,SERC,WEST,EKPC,EKPC,1625.520,True
2/19/2024 6:00:00 PM,2/19/2024 1:00:00 PM,SERC,WEST,EKPC,EKPC,1560.768,True
2/19/2024 7:00:00 PM,2/19/2024 2:00:00 PM,SERC,WEST,EKPC,EKPC,1558.306,True
2/19/2024 8:00:00 PM,2/19/2024 3:00:00 PM,SERC,WEST,EKPC,EKPC,1446.827,True
2/19/2024 9:00:00 PM,2/19/2024 4:00:00 PM,SERC,WEST,EKPC,EKPC,1418.431,True
2/19/2024 10:00:00 PM,2/19/2024 5:00:00 PM,SERC,WEST,EKPC,EKPC,1502.762,True
2/19/2024 11:00:00 PM,2/19/2024 6:00:00 PM,SERC,WEST,EKPC,EKPC,1717.548,True
2/20/2024 12:00:00 AM,2/19/2024 7:00:00 PM,SERC,WEST,EKPC,EKPC,1752.039,True
2/20/2024 1:00:00 AM,2/19/2024 8:00:00 PM,SERC,WEST,EKPC,EKPC,1809.135,True
2/20/2024 2:00:00 AM,2/19/2024 9:00:00 PM,SERC,WEST,EKPC,EKPC,1909.188,True
2/20/2024 3:00:00 AM,2/19/2024 10:00:00 PM,SERC,WEST,EKPC,EKPC,1875.384,True
2/20/2024 4:00:00 AM,2/19/2024 11:00:00 PM,SERC,WEST,EKPC,EKPC,1955.926,True
2/20/2024 5:00:00 AM,2/20/2024 12:00:00 AM,SERC,WEST,EKPC,EKPC,1906.352,True
2/20/2024 6:00:00 AM,2/20/2024 1:00:00 AM,SERC,WEST,EKPC,EKPC,1774.371,True
2/20/2024 7:00:00 AM,2/20/2024 2:00:00 AM,SERC,WEST,EKPC,EKPC,1865.389,True
2/20/2024 8:00:00 AM,2/20/2024 3:00:00 AM,SERC,WEST,EKPC,EKPC,1965.916,True
2/20/2024 9:00:00 AM,2/20/2024 4:00:00 AM,SERC,WEST,EKPC,EKPC,1946.674,True
2/20/2024 10:00:00 AM,2/20/2024 5:00:00 AM,SERC,WEST,EKPC,EKPC,2097.711,True
2/20/2024 11:00:00 AM,2/20/2024 6:00:00 AM,SERC,WEST,EKPC,EKPC,2295.254,True
2/20/2024 12:00:00 PM,2/20/2024 7:00:00 AM,SERC,WEST,EKPC,EKPC,2393.931,True
2/20/2024 1:00:00 PM,2/20/2024 8:00:00 AM,SERC,WEST,EKPC,EKPC,2222.692,True
2/20/2024 2:00:00 PM,2/20/2024 9:00:00 AM,SERC,WEST,EKPC,EKPC,1936.463,True
2/20/2024 3:00:00 PM,2/20/2024 10:00:00 AM,SERC,WEST,EKPC,EKPC,1709.952,True
2/20/2024 4:00:00 PM,2/20/2024 11:00:00 AM,SERC,WEST,EKPC,EKPC,1612.305,True
2/20/2024 5:00:00 PM,2/20/2024 12:00:00 PM,SERC,WEST,EKPC,EKPC,1602.702,True
2/20/2024 6:00:00 PM,2/20/2024 1:00:00 PM,SERC,WEST,EKPC,EKPC,1538.447,True
2/20/2024 7:00:00 PM,2/20/2024 2:00:00 PM,SERC,WEST,EKPC,EKPC,1499.802,True
2/20/2024 8:00:00 PM,2/20/2024 3:00:00 PM,SERC,WEST,EKPC,EKPC,1335.421,True
2/20/2024 9:00:00 PM,2/20/2024 4:00:00 PM,SERC,WEST,EKPC,EKPC,1365.336,True
2/20/2024 10:00:00 PM,2/20/2024 5:00:00 PM,SERC,WEST,EKPC,EKPC,1360.442,True
2/20/2024 11:00:00 PM,2/20/2024 6:00:00 PM,SERC,WEST,EKPC,EKPC,1549.799,True
2/21/2024 12:00:00 AM,2/20/2024 7:00:00 PM,SERC,WEST,EKPC,EKPC,1636.297,True
2/21/2024 1:00:00 AM,2/20/2024 8:00:00 PM,SERC,WEST,EKPC,EKPC,1716.062,True
2/21/2024 2:00:00 AM,2/20/2024 9:00:00 PM,SERC,WEST,EKPC,EKPC,1775.885,True
2/21/2024 3:00:00 AM,2/20/2024 10:00:00 PM,SERC,WEST,EKPC,EKPC,1661.323,True
2/21/2024 4:00:00 AM,2/20/2024 11:00:00 PM,SERC,WEST,EKPC,EKPC,1636.336,True
2/21/2024 5:00:00 AM,2/21/2024 12:00:00 AM,SERC,WEST,EKPC,EKPC,1584.320,True
2/21/2024 6:00:00 AM,2/21/2024 1:00:00 AM,SERC,WEST,EKPC,EKPC,1724.508,True
2/21/2024 7:00:00 AM,2/21/2024 2:00:00 AM,SERC,WEST,EKPC,EKPC,1767.820,True
2/21/2024 8:00:00 AM,2/21/2024 3:00:00 AM,SERC,WEST,EKPC,EKPC,1855.075,True
2/21/2024 9:00:00 AM,2/21/2024 4:00:00 AM,SERC,WEST,EKPC,EKPC,1929.368,True
2/21/2024 10:00:00 AM,2/21/2024 5:00:00 AM,SERC,WEST,EKPC,EKPC,2095.941,True
2/21/2024 11:00:00 AM,2/21/2024 6:00:00 AM,SERC,WEST,EKPC,EKPC,2193.920,True
2/21/2024 12:00:00 PM,2/21/2024 7:00:00 AM,SERC,WEST,EKPC,EKPC,2250.977,True
2/21/2024 1:00:00 PM,2/21/2024 8:00:00 AM,SERC,WEST,EKPC,EKPC,2178.191,True
2/21/2024 2:00:00 PM,2/21/2024 9:00:00 AM,SERC,WEST,EKPC,EKPC,1933.216,True
2/21/2024 3:00:00 PM,2/21/2024 10:00:00 AM,SERC,WEST,EKPC,EKPC,1760.855,True
2/21/2024 4:00:00 PM,2/21/2024 11:00:00 AM,SERC,WEST,EKPC,EKPC,1662.837,True
2/21/2024 5:00:00 PM,2/21/2024 12:00:00 PM,SERC,WEST,EKPC,EKPC,1496.612,True
2/21/2024 6:00:00 PM,2/21/2024 1:00:00 PM,SERC,WEST,EKPC,EKPC,1365.882,True
2/21/2024 7:00:00 PM,2/21/2024 2:00:00 PM,SERC,WEST,EKPC,EKPC,1393.748,True
2/21/2024 8:00:00 PM,2/21/2024 3:00:00 PM,SERC,WEST,EKPC,EKPC,1388.951,True
2/21/2024 9:00:00 PM,2/21/2024 4:00:00 PM,SERC,WEST,EKPC,EKPC,1354.650,True
2/21/2024 10:00:00 PM,2/21/2024 5:00:00 PM,SERC,WEST,EKPC,EKPC,1510.797,True
2/21/2024 11:00:00 PM,2/21/2024 6:00:00 PM,SERC,WEST,EKPC,EKPC,1581.841,True
2/22/2024 12:00:00 AM,2/21/2024 7:00:00 PM,SERC,WEST,EKPC,EKPC,1543.589,True
2/22/2024 1:00:00 AM,2/21/2024 8:00:00 PM,SERC,WEST,EKPC,EKPC,1678.228,True
2/22/2024 2:00:00 AM,2/21/2024 9:00:00 PM,SERC,WEST,EKPC,EKPC,1628.858,True
2/22/2024 3:00:00 AM,2/21/2024 10:00:00 PM,SERC,WEST,EKPC,EKPC,1562.791,True
2/22/2024 4:00:00 AM,2/21/2024 11:00:00 PM,SERC,WEST,EKPC,EKPC,1492.700,True
2/22/2024 5:00:00 AM,2/22/2024 12:00:00 AM,SERC,WEST,EKPC,EKPC,1392.352,True
2/22/2024 6:00:00 AM,2/22/2024 1:00:00 AM,SERC,WEST,EKPC,EKPC,1400.242,True
2/22/2024 7:00:00 AM,2/22/2024 2:00:00 AM,SERC,WEST,EKPC,EKPC,1390.385,True
2/22/2024 8:00:00 AM,2/22/2024 3:00:00 AM,SERC,WEST,EKPC,EKPC,1315.552,True
2/22/2024 9:00:00 AM,2/22/2024 4:00:00 AM,SERC,WEST,EKPC,EKPC,1381.220,True
2/22/2024 10:00:00 AM,2/22/2024 5:00:00 AM,SERC,WEST,EKPC,EKPC,1505.195,True
2/22/2024 11:00:00 AM,2/22/2024 6:00:00 AM,SERC,WEST,EKPC,EKPC,1488.194,True
2/22/2024 12:00:00 PM,2/22/2024 7:00:00 AM,SERC,WEST,EKPC,EKPC,1661.415,True
2/22/2024 1:00:00 PM,2/22/2024 8:00:00 AM,SERC,WEST,EKPC,EKPC,1649.366,True
2/22/2024 2:00:00 PM,2/22/2024 9:00:00 AM,SERC,WEST,EKPC,EKPC,1586.997,True
2/22/2024 3:00:00 PM,2/22/2024 10:00:00 AM,SERC,WEST,EKPC,EKPC,1509.334,True
2/22/2024 4:00:00 PM,2/22/2024 11:00:00 AM,SERC,WEST,EKPC,EKPC,1561.730,True
2/22/2024 5:00:00 PM,2/22/2024 12:00:00 PM,SERC,WEST,EKPC,EKPC,1597.378,True
2/22/2024 6:00:00 PM,2/22/2024 1:00:00 PM,SERC,WEST,EKPC,EKPC,1587.135,True
2/22/2024 7:00:00 PM,2/22/2024 2:00:00 PM,SERC,WEST,EKPC,EKPC,1553.633,True
2/22/2024 8:00:00 PM,2/22/2024 3:00:00 PM,SERC,WEST,EKPC,EKPC,1586.486,True
2/22/2024 9:00:00 PM,2/22/2024 4:00:00 PM,SERC,WEST,EKPC,EKPC,1620.916,True
2/22/2024 10:00:00 PM,2/22/2024 5:00:00 PM,SERC,WEST,EKPC,EKPC,1599.691,True
2/22/2024 11:00:00 PM,2/22/2024 6:00:00 PM,SERC,WEST,EKPC,EKPC,1697.029,True
2/23/2024 12:00:00 AM,2/22/2024 7:00:00 PM,SERC,WEST,EKPC,EKPC,1621.115,True
2/23/2024 1:00:00 AM,2/22/2024 8:00:00 PM,SERC,WEST,EKPC,EKPC,1688.811,True
2/23/2024 2:00:00 AM,2/22/2024 9:00:00 PM,SERC,WEST,EKPC,EKPC,1551.269,True
2/23/2024 3:00:00 AM,2/22/2024 10:00:00 PM,SERC,WEST,EKPC,EKPC,1432.258,True
2/23/2024 4:00:00 AM,2/22/2024 11:00:00 PM,SERC,WEST,EKPC,EKPC,1384.674,True
2/23/2024 5:00:00 AM,2/23/2024 12:00:00 AM,SERC,WEST,EKPC,EKPC,1278.475,True
2/23/2024 6:00:00 AM,2/23/2024 1:00:00 AM,SERC,WEST,EKPC,EKPC,1304.279,True
2/23/2024 7:00:00 AM,2/23/2024 2:00:00 AM,SERC,WEST,EKPC,EKPC,1338.300,True
2/23/2024 8:00:00 AM,2/23/2024 3:00:00 AM,SERC,WEST,EKPC,EKPC,1300.468,True
2/23/2024 9:00:00 AM,2/23/2024 4:00:00 AM,SERC,WEST,EKPC,EKPC,1383.426,True
2/23/2024 10:00:00 AM,2/23/2024 5:00:00 AM,SERC,WEST,EKPC,EKPC,1470.533,True
2/23/2024 11:00:00 AM,2/23/2024 6:00:00 AM,SERC,WEST,EKPC,EKPC,1688.862,True
2/23/2024 12:00:00 PM,2/23/2024 7:00:00 AM,SERC,WEST,EKPC,EKPC,1773.691,True
2/23/2024 1:00:00 PM,2/23/2024 8:00:00 AM,SERC,WEST,EKPC,EKPC,1711.918,True
2/23/2024 2:00:00 PM,2/23/2024 9:00:00 AM,SERC,WEST,EKPC,EKPC,1642.220,True
2/23/2024 3:00:00 PM,2/23/2024 10:00:00 AM,SERC,WEST,EKPC,EKPC,1550.377,True
2/23/2024 4:00:00 PM,2/23/2024 11:00:00 AM,SERC,WEST,EKPC,EKPC,1475.772,True
2/23/2024 5:00:00 PM,2/23/2024 12:00:00 PM,SERC,WEST,EKPC,EKPC,1409.450,True
2/23/2024 6:00:00 PM,2/23/2024 1:00:00 PM,SERC,WEST,EKPC,EKPC,1396.939,True
2/23/2024 7:00:00 PM,2/23/2024 2:00:00 PM,SERC,WEST,EKPC,EKPC,1286.296,True
2/23/2024 8:00:00 PM,2/23/2024 3:00:00 PM,SERC,WEST,EKPC,EKPC,1345.881,True
2/23/2024 9:00:00 PM,2/23/2024 4:00:00 PM,SERC,WEST,EKPC,EKPC,1379.896,True
2/23/2024 10:00:00 PM,2/23/2024 5:00:00 PM,SERC,WEST,EKPC,EKPC,1350.106,True
2/23/2024 11:00:00 PM,2/23/2024 6:00:00 PM,SERC,WEST,EKPC,EKPC,1458.690,True
2/24/2024 12:00:00 AM,2/23/2024 7:00:00 PM,SERC,WEST,EKPC,EKPC,1562.232,True
2/24/2024 1:00:00 AM,2/23/2024 8:00:00 PM,SERC,WEST,EKPC,EKPC,1610.568,True
2/24/2024 2:00:00 AM,2/23/2024 9:00:00 PM,SERC,WEST,EKPC,EKPC,1623.602,True
2/24/2024 3:00:00 AM,2/23/2024 10:00:00 PM,SERC,WEST,EKPC,EKPC,1590.574,True
2/24/2024 4:00:00 AM,2/23/2024 11:00:00 PM,SERC,WEST,EKPC,EKPC,1553.018,True
2/24/2024 5:00:00 AM,2/24/2024 12:00:00 AM,SERC,WEST,EKPC,EKPC,1537.760,True
2/24/2024 6:00:00 AM,2/24/2024 1:00:00 AM,SERC,WEST,EKPC,EKPC,1535.943,True
2/24/2024 7:00:00 AM,2/24/2024 2:00:00 AM,SERC,WEST,EKPC,EKPC,1522.467,True
2/24/2024 8:00:00 AM,2/24/2024 3:00:00 AM,SERC,WEST,EKPC,EKPC,1509.181,True
2/24/2024 9:00:00 AM,2/24/2024 4:00:00 AM,SERC,WEST,EKPC,EKPC,1465.840,True
2/24/2024 10:00:00 AM,2/24/2024 5:00:00 AM,SERC,WEST,EKPC,EKPC,1519.215,True
2/24/2024 11:00:00 AM,2/24/2024 6:00:00 AM,SERC,WEST,EKPC,EKPC,1564.695,True
2/24/2024 12:00:00 PM,2/24/2024 7:00:00 AM,SERC,WEST,EKPC,EKPC,1633.958,True
2/24/2024 1:00:00 PM,2/24/2024 8:00:00 AM,SERC,WEST,EKPC,EKPC,1706.388,True
2/24/2024 2:00:00 PM,2/24/2024 9:00:00 AM,SERC,WEST,EKPC,EKPC,1828.139,True
2/24/2024 3:00:00 PM,2/24/2024 10:00:00 AM,SERC,WEST,EKPC,EKPC,1886.597,True
2/24/2024 4:00:00 PM,2/24/2024 11:00:00 AM,SERC,WEST,EKPC,EKPC,1914.217,True
2/24/2024 5:00:00 PM,2/24/2024 12:00:00 PM,SERC,WEST,EKPC,EKPC,1932.343,True
2/24/2024 6:00:00 PM,2/24/2024 1:00:00 PM,SERC,WEST,EKPC,EKPC,1868.574,True
2/24/2024 7:00:00 PM,2/24/2024 2:00:00 PM,SERC,WEST,EKPC,EKPC,1808.836,True
2/24/2024 8:00:00 PM,2/24/2024 3:00:00 PM,SERC,WEST,EKPC,EKPC,1709.529,True
2/24/2024 9:00:00 PM,2/24/2024 4:00:00 PM,SERC,WEST,EKPC,EKPC,1789.891,True
2/24/2024 10:00:00 PM,2/24/2024 5:00:00 PM,SERC,WEST,EKPC,EKPC,1830.299,True
2/24/2024 11:00:00 PM,2/24/2024 6:00:00 PM,SERC,WEST,EKPC,EKPC,1822.709,True
2/25/2024 12:00:00 AM,2/24/2024 7:00:00 PM,SERC,WEST,EKPC,EKPC,1955.636,True
2/25/2024 1:00:00 AM,2/24/2024 8:00:00 PM,SERC,WEST,EKPC,EKPC,1968.467,True
2/25/2024 2:00:00 AM,2/24/2024 9:00:00 PM,SERC,WEST,EKPC,EKPC,1965.702,True
2/25/2024 3:00:00 AM,2/24/2024 10:00:00 PM,SERC,WEST,EKPC,EKPC,1948.885,True
2/25/2024 4:00:00 AM,2/24/2024 11:00:00 PM,SERC,WEST,EKPC,EKPC,1937.813,True
2/25/2024 5:00:00 AM,2/25/2024 12:00:00 AM,SERC,WEST,EKPC,EKPC,1931.831,True
2/25/2024 6:00:00 AM,2/25/2024 1:00:00 AM,SERC,WEST,EKPC,EKPC,1979.673,True
2/25/2024 7:00:00 AM,2/25/2024 2:00:00 AM,SERC,WEST,EKPC,EKPC,1981.024,True
2/25/2024 8:00:00 AM,2/25/2024 3:00:00 AM,SERC,WEST,EKPC,EKPC,1952.188,True
2/25/2024 9:00:00 AM,2/25/2024 4:00:00 AM,SERC,WEST,EKPC,EKPC,2004.047,True
2/25/2024 10:00:00 AM,2/25/2024 5:00:00 AM,SERC,WEST,EKPC,EKPC,2102.435,True
2/25/2024 11:00:00 AM,2/25/2024 6:00:00 AM,SERC,WEST,EKPC,EKPC,2222.051,True
2/25/2024 12:00:00 PM,2/25/2024 7:00:00 AM,SERC,WEST,EKPC,EKPC,2260.166,True
2/25/2024 1:00:00 PM,2/25/2024 8:00:00 AM,SERC,WEST,EKPC,EKPC,2184.444,True
2/25/2024 2:00:00 PM,2/25/2024 9:00:00 AM,SERC,WEST,EKPC,EKPC,1997.864,True
2/25/2024 3:00:00 PM,2/25/2024 10:00:00 AM,SERC,WEST,EKPC,EKPC,1867.127,True
2/25/2024 4:00:00 PM,2/25/2024 11:00:00 AM,SERC,WEST,EKPC,EKPC,1715.970,True
2/25/2024 5:00:00 PM,2/25/2024 12:00:00 PM,SERC,WEST,EKPC,EKPC,1511.643,True
2/25/2024 6:00:00 PM,2/25/2024 1:00:00 PM,SERC,WEST,EKPC,EKPC,1530.881,True
2/25/2024 7:00:00 PM,2/25/2024 2:00:00 PM,SERC,WEST,EKPC,EKPC,1483.224,True
2/25/2024 8:00:00 PM,2/25/2024 3:00:00 PM,SERC,WEST,EKPC,EKPC,1441.376,True
2/25/2024 9:00:00 PM,2/25/2024 4:00:00 PM,SERC,WEST,EKPC,EKPC,1368.468,True
2/25/2024 10:00:00 PM,2/25/2024 5:00:00 PM,SERC,WEST,EKPC,EKPC,1452.548,True
2/25/2024 11:00:00 PM,2/25/2024 6:00:00 PM,SERC,WEST,EKPC,EKPC,1543.744,True
2/26/2024 12:00:00 AM,2/25/2024 7:00:00 PM,SERC,WEST,EKPC,EKPC,1595.471,True
2/26/2024 1:00:00 AM,2/25/2024 8:00:00 PM,SERC,WEST,EKPC,EKPC,1661.214,True
2/26/2024 2:00:00 AM,2/25/2024 9:00:00 PM,SERC,WEST,EKPC,EKPC,1607.768,True
2/26/2024 3:00:00 AM,2/25/2024 10:00:00 PM,SERC,WEST,EKPC,EKPC,1584.863,True
2/26/2024 4:00:00 AM,2/25/2024 11:00:00 PM,SERC,WEST,EKPC,EKPC,1507.525,True
2/26/2024 5:00:00 AM,2/26/2024 12:00:00 AM,SERC,WEST,EKPC,EKPC,1447.557,True
2/26/2024 6:00:00 AM,2/26/2024 1:00:00 AM,SERC,WEST,EKPC,EKPC,1476.178,True
2/26/2024 7:00:00 AM,2/26/2024 2:00:00 AM,SERC,WEST,EKPC,EKPC,1453.854,True
2/26/2024 8:00:00 AM,2/26/2024 3:00:00 AM,SERC,WEST,EKPC,EKPC,1455.510,True
2/26/2024 9:00:00 AM,2/26/2024 4:00:00 AM,SERC,WEST,EKPC,EKPC,1480.446,True
2/26/2024 10:00:00 AM,2/26/2024 5:00:00 AM,SERC,WEST,EKPC,EKPC,1613.774,True
2/26/2024 11:00:00 AM,2/26/2024 6:00:00 AM,SERC,WEST,EKPC,EKPC,1809.825,True
2/26/2024 12:00:00 PM,2/26/2024 7:00:00 AM,SERC,WEST,EKPC,EKPC,1775.763,True
2/26/2024 1:00:00 PM,2/26/2024 8:00:00 AM,SERC,WEST,EKPC,EKPC,1643.232,True
2/26/2024 2:00:00 PM,2/26/2024 9:00:00 AM,SERC,WEST,EKPC,EKPC,1625.768,True
2/26/2024 3:00:00 PM,2/26/2024 10:00:00 AM,SERC,WEST,EKPC,EKPC,1510.487,True
2/26/2024 4:00:00 PM,2/26/2024 11:00:00 AM,SERC,WEST,EKPC,EKPC,1381.908,True
2/26/2024 5:00:00 PM,2/26/2024 12:00:00 PM,SERC,WEST,EKPC,EKPC,1306.106,True
2/26/2024 6:00:00 PM,2/26/2024 1:00:00 PM,SERC,WEST,EKPC,EKPC,1360.876,True
2/26/2024 7:00:00 PM,2/26/2024 2:00:00 PM,SERC,WEST,EKPC,EKPC,1350.646,True
2/26/2024 8:00:00 PM,2/26/2024 3:00:00 PM,SERC,WEST,EKPC,EKPC,1372.096,True
2/26/2024 9:00:00 PM,2/26/2024 4:00:00 PM,SERC,WEST,EKPC,EKPC,1375.353,True
2/26/2024 10:00:00 PM,2/26/2024 5:00:00 PM,SERC,WEST,EKPC,EKPC,1425.109,True
2/26/2024 11:00:00 PM,2/26/2024 6:00:00 PM,SERC,WEST,EKPC,EKPC,1469.597,True
2/27/2024 12:00:00 AM,2/26/2024 7:00:00 PM,SERC,WEST,EKPC,EKPC,1570.858,True
2/27/2024 1:00:00 AM,2/26/2024 8:00:00 PM,SERC,WEST,EKPC,EKPC,1483.390,True
2/27/2024 2:00:00 AM,2/26/2024 9:00:00 PM,SERC,WEST,EKPC,EKPC,1460.686,True
2/27/2024 3:00:00 AM,2/26/2024 10:00:00 PM,SERC,WEST,EKPC,EKPC,1313.390,True
2/27/2024 4:00:00 AM,2/26/2024 11:00:00 PM,SERC,WEST,EKPC,EKPC,1151.975,True
2/27/2024 5:00:00 AM,2/27/2024 12:00:00 AM,SERC,WEST,EKPC,EKPC,1206.276,True
2/27/2024 6:00:00 AM,2/27/2024 1:00:00 AM,SERC,WEST,EKPC,EKPC,1216.109,True
2/27/2024 7:00:00 AM,2/27/2024 2:00:00 AM,SERC,WEST,EKPC,EKPC,1202.168,True
2/27/2024 8:00:00 AM,2/27/2024 3:00:00 AM,SERC,WEST,EKPC,EKPC,1209.496,True
2/27/2024 9:00:00 AM,2/27/2024 4:00:00 AM,SERC,WEST,EKPC,EKPC,1166.674,True
2/27/2024 10:00:00 AM,2/27/2024 5:00:00 AM,SERC,WEST,EKPC,EKPC,1263.400,True
2/27/2024 11:00:00 AM,2/27/2024 6:00:00 AM,SERC,WEST,EKPC,EKPC,1422.073,True
2/27/2024 12:00:00 PM,2/27/2024 7:00:00 AM,SERC,WEST,EKPC,EKPC,1491.868,True
2/27/2024 1:00:00 PM,2/27/2024 8:00:00 AM,SERC,WEST,EKPC,EKPC,1368.259,True
2/27/2024 2:00:00 PM,2/27/2024 9:00:00 AM,SERC,WEST,EKPC,EKPC,1403.087,True
2/27/2024 3:00:00 PM,2/27/2024 10:00:00 AM,SERC,WEST,EKPC,EKPC,1408.513,True
2/27/2024 4:00:00 PM,2/27/2024 11:00:00 AM,SERC,WEST,EKPC,EKPC,1469.747,True
2/27/2024 5:00:00 PM,2/27/2024 12:00:00 PM,SERC,WEST,EKPC,EKPC,1408.282,True
2/27/2024 6:00:00 PM,2/27/2024 1:00:00 PM,SERC,WEST,EKPC,EKPC,1509.393,True
2/27/2024 7:00:00 PM,2/27/2024 2:00:00 PM,SERC,WEST,EKPC,EKPC,1398.159,True
2/27/2024 8:00:00 PM,2/27/2024 3:00:00 PM,SERC,WEST,EKPC,EKPC,1422.345,True
2/27/2024 9:00:00 PM,2/27/2024 4:00:00 PM,SERC,WEST,EKPC,EKPC,1401.949,True
2/27/2024 10:00:00 PM,2/27/2024 5:00:00 PM,SERC,WEST,EKPC,EKPC,1438.820,True
2/27/2024 11:00:00 PM,2/27/2024 6:00:00 PM,SERC,WEST,EKPC,EKPC,1515.720,True
2/28/2024 12:00:00 AM,2/27/2024 7:00:00 PM,SERC,WEST,EKPC,EKPC,1542.823,True
2/28/2024 1:00:00 AM,2/27/2024 8:00:00 PM,SERC,WEST,EKPC,EKPC,1563.167,True
2/28/2024 2:00:00 AM,2/27/2024 9:00:00 PM,SERC,WEST,EKPC,EKPC,1473.033,True
2/28/2024 3:00:00 AM,2/27/2024 10:00:00 PM,SERC,WEST,EKPC,EKPC,1241.905,True
2/28/2024 4:00:00 AM,2/27/2024 11:00:00 PM,SERC,WEST,EKPC,EKPC,1137.456,True
2/28/2024 5:00:00 AM,2/28/2024 12:00:00 AM,SERC,WEST,EKPC,EKPC,1065.417,True
2/28/2024 6:00:00 AM,2/28/2024 1:00:00 AM,SERC,WEST,EKPC,EKPC,1044.591,True
2/28/2024 7:00:00 AM,2/28/2024 2:00:00 AM,SERC,WEST,EKPC,EKPC,1095.605,True
2/28/2024 8:00:00 AM,2/28/2024 3:00:00 AM,SERC,WEST,EKPC,EKPC,1015.174,True
2/28/2024 9:00:00 AM,2/28/2024 4:00:00 AM,SERC,WEST,EKPC,EKPC,1021.549,True
2/28/2024 10:00:00 AM,2/28/2024 5:00:00 AM,SERC,WEST,EKPC,EKPC,1088.134,True
2/28/2024 11:00:00 AM,2/28/2024 6:00:00 AM,SERC,WEST,EKPC,EKPC,1196.570,True
2/28/2024 12:00:00 PM,2/28/2024 7:00:00 AM,SERC,WEST,EKPC,EKPC,1200.264,True
2/28/2024 1:00:00 PM,2/28/2024 8:00:00 AM,SERC,WEST,EKPC,EKPC,1205.726,True
2/28/2024 2:00:00 PM,2/28/2024 9:00:00 AM,SERC,WEST,EKPC,EKPC,1240.741,True
2/28/2024 3:00:00 PM,2/28/2024 10:00:00 AM,SERC,WEST,EKPC,EKPC,1304.507,True
2/28/2024 4:00:00 PM,2/28/2024 11:00:00 AM,SERC,WEST,EKPC,EKPC,1358.298,True
2/28/2024 5:00:00 PM,2/28/2024 12:00:00 PM,SERC,WEST,EKPC,EKPC,1457.356,True
2/28/2024 6:00:00 PM,2/28/2024 1:00:00 PM,SERC,WEST,EKPC,EKPC,1504.139,True
2/28/2024 7:00:00 PM,2/28/2024 2:00:00 PM,SERC,WEST,EKPC,EKPC,1538.467,True
2/28/2024 8:00:00 PM,2/28/2024 3:00:00 PM,SERC,WEST,EKPC,EKPC,1630.690,True
2/28/2024 9:00:00 PM,2/28/2024 4:00:00 PM,SERC,WEST,EKPC,EKPC,1707.169,True
2/28/2024 10:00:00 PM,2/28/2024 5:00:00 PM,SERC,WEST,EKPC,EKPC,1726.992,True
2/28/2024 11:00:00 PM,2/28/2024 6:00:00 PM,SERC,WEST,EKPC,EKPC,1848.623,True
2/29/2024 12:00:00 AM,2/28/2024 7:00:00 PM,SERC,WEST,EKPC,EKPC,1962.448,True
2/29/2024 1:00:00 AM,2/28/2024 8:00:00 PM,SERC,WEST,EKPC,EKPC,1948.363,True
2/29/2024 2:00:00 AM,2/28/2024 9:00:00 PM,SERC,WEST,EKPC,EKPC,1922.769,True
2/29/2024 3:00:00 AM,2/28/2024 10:00:00 PM,SERC,WEST,EKPC,EKPC,1944.590,True
2/29/2024 4:00:00 AM,2/28/2024 11:00:00 PM,SERC,WEST,EKPC,EKPC,1937.514,True
2/29/2024 5:00:00 AM,2/29/2024 12:00:00 AM,SERC,WEST,EKPC,EKPC,1928.134,True
2/29/2024 6:00:00 AM,2/29/2024 1:00:00 AM,SERC,WEST,EKPC,EKPC,1969.755,True
2/29/2024 7:00:00 AM,2/29/2024 2:00:00 AM,SERC,WEST,EKPC,EKPC,1992.606,True
2/29/2024 8:00:00 AM,2/29/2024 3:00:00 AM,SERC,WEST,EKPC,EKPC,2059.912,True
2/29/2024 9:00:00 AM,2/29/2024 4:00:00 AM,SERC,WEST,EKPC,EKPC,2110.256,True
2/29/2024 10:00:00 AM,2/29/2024 5:00:00 AM,SERC,WEST,EKPC,EKPC,2256.769,True
2/29/2024 11:00:00 AM,2/29/2024 6:00:00 AM,SERC,WEST,EKPC,EKPC,2451.316,True
2/29/2024 12:00:00 PM,2/29/2024 7:00:00 AM,SERC,WEST,EKPC,EKPC,2524.649,True
2/29/2024 1:00:00 PM,2/29/2024 8:00:00 AM,SERC,WEST,EKPC,EKPC,2311.597,True
2/29/2024 2:00:00 PM,2/29/2024 9:00:00 AM,SERC,WEST,EKPC,EKPC,2115.171,True
2/29/2024 3:00:00 PM,2/29/2024 10:00:00 AM,SERC,WEST,EKPC,EKPC,1950.714,True
2/29/2024 4:00:00 PM,2/29/2024 11:00:00 AM,SERC,WEST,EKPC,EKPC,1811.650,True
2/29/2024 5:00:00 PM,2/29/2024 12:00:00 PM,SERC,WEST,EKPC,EKPC,1695.056,True
2/29/2024 6:00:00 PM,2/29/2024 1:00:00 PM,SERC,WEST,EKPC,EKPC,1596.059,True
2/29/2024 7:00:00 PM,2/29/2024 2:00:00 PM,SERC,WEST,EKPC,EKPC,1518.603,True
2/29/2024 8:00:00 PM,2/29/2024 3:00:00 PM,SERC,WEST,EKPC,EKPC,1518.399,True
2/29/2024 9:00:00 PM,2/29/2024 4:00:00 PM,SERC,WEST,EKPC,EKPC,1620.806,True
2/29/2024 10:00:00 PM,2/29/2024 5:00:00 PM,SERC,WEST,EKPC,EKPC,1588.242,True
2/29/2024 11:00:00 PM,2/29/2024 6:00:00 PM,SERC,WEST,EKPC,EKPC,1702.457,True
3/1/2024 12:00:00 AM,2/29/2024 7:00:00 PM,SERC,WEST,EKPC,EKPC,1828.857,True
3/1/2024 1:00:00 AM,2/29/2024 8:00:00 PM,SERC,WEST,EKPC,EKPC,1947.282,True
3/1/2024 2:00:00 AM,2/29/2024 9:00:00 PM,SERC,WEST,EKPC,EKPC,1978.758,True
3/1/2024 3:00:00 AM,2/29/2024 10:00:00 PM,SERC,WEST,EKPC,EKPC,1945.408,True
3/1/2024 4:00:00 AM,2/29/2024 11:00:00 PM,SERC,WEST,EKPC,EKPC,1879.047,True
3/1/2024 5:00:00 AM,3/1/2024 12:00:00 AM,SERC,WEST,EKPC,EKPC,1935.361,True
3/1/2024 6:00:00 AM,3/1/2024 1:00:00 AM,SERC,WEST,EKPC,EKPC,1851.932,True
3/1/2024 7:00:00 AM,3/1/2024 2:00:00 AM,SERC,WEST,EKPC,EKPC,1870.755,True
3/1/2024 8:00:00 AM,3/1/2024 3:00:00 AM,SERC,WEST,EKPC,EKPC,1973.957,True
3/1/2024 9:00:00 AM,3/1/2024 4:00:00 AM,SERC,WEST,EKPC,EKPC,1970.011,True
3/1/2024 10:00:00 AM,3/1/2024 5:00:00 AM,SERC,WEST,EKPC,EKPC,2104.720,True
3/1/2024 11:00:00 AM,3/1/2024 6:00:00 AM,SERC,WEST,EKPC,EKPC,2213.628,True
3/1/2024 12:00:00 PM,3/1/2024 7:00:00 AM,SERC,WEST,EKPC,EKPC,2160.570,True
3/1/2024 1:00:00 PM,3/1/2024 8:00:00 AM,SERC,WEST,EKPC,EKPC,2126.506,True
3/1/2024 2:00:00 PM,3/1/2024 9:00:00 AM,SERC,WEST,EKPC,EKPC,2116.142,True
3/1/2024 3:00:00 PM,3/1/2024 10:00:00 AM,SERC,WEST,EKPC,EKPC,2045.093,True
3/1/2024 4:00:00 PM,3/1/2024 11:00:00 AM,SERC,WEST,EKPC,EKPC,1975.638,True
3/1/2024 5:00:00 PM,3/1/2024 12:00:00 PM,SERC,WEST,EKPC,EKPC,1998.927,True
3/1/2024 6:00:00 PM,3/1/2024 1:00:00 PM,SERC,WEST,EKPC,EKPC,1958.459,True
3/1/2024 7:00:00 PM,3/1/2024 2:00:00 PM,SERC,WEST,EKPC,EKPC,1816.027,True
3/1/2024 8:00:00 PM,3/1/2024 3:00:00 PM,SERC,WEST,EKPC,EKPC,1842.561,True
3/1/2024 9:00:00 PM,3/1/2024 4:00:00 PM,SERC,WEST,EKPC,EKPC,1916.478,True
3/1/2024 10:00:00 PM,3/1/2024 5:00:00 PM,SERC,WEST,EKPC,EKPC,1876.398,True
3/1/2024 11:00:00 PM,3/1/2024 6:00:00 PM,SERC,WEST,EKPC,EKPC,1913.713,True
3/2/2024 12:00:00 AM,3/1/2024 7:00:00 PM,SERC,WEST,EKPC,EKPC,1891.177,True
3/2/2024 1:00:00 AM,3/1/2024 8:00:00 PM,SERC,WEST,EKPC,EKPC,1857.166,True
3/2/2024 2:00:00 AM,3/1/2024 9:00:00 PM,SERC,WEST,EKPC,EKPC,1739.907,True
3/2/2024 3:00:00 AM,3/1/2024 10:00:00 PM,SERC,WEST,EKPC,EKPC,1686.108,True
3/2/2024 4:00:00 AM,3/1/2024 11:00:00 PM,SERC,WEST,EKPC,EKPC,1576.996,True
3/2/2024 5:00:00 AM,3/2/2024 12:00:00 AM,SERC,WEST,EKPC,EKPC,1593.689,True
3/2/2024 6:00:00 AM,3/2/2024 1:00:00 AM,SERC,WEST,EKPC,EKPC,1590.721,True
3/2/2024 7:00:00 AM,3/2/2024 2:00:00 AM,SERC,WEST,EKPC,EKPC,1563.604,True
3/2/2024 8:00:00 AM,3/2/2024 3:00:00 AM,SERC,WEST,EKPC,EKPC,1502.572,True
3/2/2024 9:00:00 AM,3/2/2024 4:00:00 AM,SERC,WEST,EKPC,EKPC,1471.727,True
3/2/2024 10:00:00 AM,3/2/2024 5:00:00 AM,SERC,WEST,EKPC,EKPC,1564.492,True
3/2/2024 11:00:00 AM,3/2/2024 6:00:00 AM,SERC,WEST,EKPC,EKPC,1579.294,True
3/2/2024 12:00:00 PM,3/2/2024 7:00:00 AM,SERC,WEST,EKPC,EKPC,1593.182,True
3/2/2024 1:00:00 PM,3/2/2024 8:00:00 AM,SERC,WEST,EKPC,EKPC,1645.139,True
3/2/2024 2:00:00 PM,3/2/2024 9:00:00 AM,SERC,WEST,EKPC,EKPC,1755.892,True
3/2/2024 3:00:00 PM,3/2/2024 10:00:00 AM,SERC,WEST,EKPC,EKPC,1683.223,True
3/2/2024 4:00:00 PM,3/2/2024 11:00:00 AM,SERC,WEST,EKPC,EKPC,1675.983,True
3/2/2024 5:00:00 PM,3/2/2024 12:00:00 PM,SERC,WEST,EKPC,EKPC,1649.450,True
3/2/2024 6:00:00 PM,3/2/2024 1:00:00 PM,SERC,WEST,EKPC,EKPC,1603.424,True
3/2/2024 7:00:00 PM,3/2/2024 2:00:00 PM,SERC,WEST,EKPC,EKPC,1415.825,True
3/2/2024 8:00:00 PM,3/2/2024 3:00:00 PM,SERC,WEST,EKPC,EKPC,1392.847,True
3/2/2024 9:00:00 PM,3/2/2024 4:00:00 PM,SERC,WEST,EKPC,EKPC,1527.887,True
3/2/2024 10:00:00 PM,3/2/2024 5:00:00 PM,SERC,WEST,EKPC,EKPC,1521.118,True
3/2/2024 11:00:00 PM,3/2/2024 6:00:00 PM,SERC,WEST,EKPC,EKPC,1566.182,True
3/3/2024 12:00:00 AM,3/2/2024 7:00:00 PM,SERC,WEST,EKPC,EKPC,1614.411,True
3/3/2024 1:00:00 AM,3/2/2024 8:00:00 PM,SERC,WEST,EKPC,EKPC,1577.688,True
3/3/2024 2:00:00 AM,3/2/2024 9:00:00 PM,SERC,WEST,EKPC,EKPC,1563.962,True
3/3/2024 3:00:00 AM,3/2/2024 10:00:00 PM,SERC,WEST,EKPC,EKPC,1515.389,True
3/3/2024 4:00:00 AM,3/2/2024 11:00:00 PM,SERC,WEST,EKPC,EKPC,1464.949,True
3/3/2024 5:00:00 AM,3/3/2024 12:00:00 AM,SERC,WEST,EKPC,EKPC,1453.507,True
3/3/2024 6:00:00 AM,3/3/2024 1:00:00 AM,SERC,WEST,EKPC,EKPC,1473.685,True
3/3/2024 7:00:00 AM,3/3/2024 2:00:00 AM,SERC,WEST,EKPC,EKPC,1388.926,True
3/3/2024 8:00:00 AM,3/3/2024 3:00:00 AM,SERC,WEST,EKPC,EKPC,1386.149,True
3/3/2024 9:00:00 AM,3/3/2024 4:00:00 AM,SERC,WEST,EKPC,EKPC,1477.847,True
3/3/2024 10:00:00 AM,3/3/2024 5:00:00 AM,SERC,WEST,EKPC,EKPC,1538.539,True
3/3/2024 11:00:00 AM,3/3/2024 6:00:00 AM,SERC,WEST,EKPC,EKPC,1590.939,True
3/3/2024 12:00:00 PM,3/3/2024 7:00:00 AM,SERC,WEST,EKPC,EKPC,1680.135,True
3/3/2024 1:00:00 PM,3/3/2024 8:00:00 AM,SERC,WEST,EKPC,EKPC,1729.477,True
3/3/2024 2:00:00 PM,3/3/2024 9:00:00 AM,SERC,WEST,EKPC,EKPC,1703.659,True
3/3/2024 3:00:00 PM,3/3/2024 10:00:00 AM,SERC,WEST,EKPC,EKPC,1511.948,True
3/3/2024 4:00:00 PM,3/3/2024 11:00:00 AM,SERC,WEST,EKPC,EKPC,1489.738,True
3/3/2024 5:00:00 PM,3/3/2024 12:00:00 PM,SERC,WEST,EKPC,EKPC,1388.515,True
3/3/2024 6:00:00 PM,3/3/2024 1:00:00 PM,SERC,WEST,EKPC,EKPC,1317.123,True
3/3/2024 7:00:00 PM,3/3/2024 2:00:00 PM,SERC,WEST,EKPC,EKPC,1315.403,True
3/3/2024 8:00:00 PM,3/3/2024 3:00:00 PM,SERC,WEST,EKPC,EKPC,1258.081,True
3/3/2024 9:00:00 PM,3/3/2024 4:00:00 PM,SERC,WEST,EKPC,EKPC,1207.470,True
3/3/2024 10:00:00 PM,3/3/2024 5:00:00 PM,SERC,WEST,EKPC,EKPC,1336.746,True
3/3/2024 11:00:00 PM,3/3/2024 6:00:00 PM,SERC,WEST,EKPC,EKPC,1409.174,True
3/4/2024 12:00:00 AM,3/3/2024 7:00:00 PM,SERC,WEST,EKPC,EKPC,1507.174,True
3/4/2024 1:00:00 AM,3/3/2024 8:00:00 PM,SERC,WEST,EKPC,EKPC,1525.048,True
3/4/2024 2:00:00 AM,3/3/2024 9:00:00 PM,SERC,WEST,EKPC,EKPC,1483.507,True
3/4/2024 3:00:00 AM,3/3/2024 10:00:00 PM,SERC,WEST,EKPC,EKPC,1356.670,True
3/4/2024 4:00:00 AM,3/3/2024 11:00:00 PM,SERC,WEST,EKPC,EKPC,1245.565,True
3/4/2024 5:00:00 AM,3/4/2024 12:00:00 AM,SERC,WEST,EKPC,EKPC,1194.784,True
3/4/2024 6:00:00 AM,3/4/2024 1:00:00 AM,SERC,WEST,EKPC,EKPC,1211.897,True
3/4/2024 7:00:00 AM,3/4/2024 2:00:00 AM,SERC,WEST,EKPC,EKPC,1157.975,True
3/4/2024 8:00:00 AM,3/4/2024 3:00:00 AM,SERC,WEST,EKPC,EKPC,1180.440,True
3/4/2024 9:00:00 AM,3/4/2024 4:00:00 AM,SERC,WEST,EKPC,EKPC,1229.920,True
3/4/2024 10:00:00 AM,3/4/2024 5:00:00 AM,SERC,WEST,EKPC,EKPC,1328.363,True
3/4/2024 11:00:00 AM,3/4/2024 6:00:00 AM,SERC,WEST,EKPC,EKPC,1444.090,True
3/4/2024 12:00:00 PM,3/4/2024 7:00:00 AM,SERC,WEST,EKPC,EKPC,1522.318,True
3/4/2024 1:00:00 PM,3/4/2024 8:00:00 AM,SERC,WEST,EKPC,EKPC,1494.591,True
3/4/2024 2:00:00 PM,3/4/2024 9:00:00 AM,SERC,WEST,EKPC,EKPC,1457.875,True
3/4/2024 3:00:00 PM,3/4/2024 10:00:00 AM,SERC,WEST,EKPC,EKPC,1342.077,True
3/4/2024 4:00:00 PM,3/4/2024 11:00:00 AM,SERC,WEST,EKPC,EKPC,1400.315,True
3/4/2024 5:00:00 PM,3/4/2024 12:00:00 PM,SERC,WEST,EKPC,EKPC,1361.028,True
3/4/2024 6:00:00 PM,3/4/2024 1:00:00 PM,SERC,WEST,EKPC,EKPC,1413.050,True
3/4/2024 7:00:00 PM,3/4/2024 2:00:00 PM,SERC,WEST,EKPC,EKPC,1358.712,True
3/4/2024 8:00:00 PM,3/4/2024 3:00:00 PM,SERC,WEST,EKPC,EKPC,1349.295,True
3/4/2024 9:00:00 PM,3/4/2024 4:00:00 PM,SERC,WEST,EKPC,EKPC,1314.301,True
3/4/2024 10:00:00 PM,3/4/2024 5:00:00 PM,SERC,WEST,EKPC,EKPC,1433.205,True
3/4/2024 11:00:00 PM,3/4/2024 6:00:00 PM,SERC,WEST,EKPC,EKPC,1471.816,True
3/5/2024 12:00:00 AM,3/4/2024 7:00:00 PM,SERC,WEST,EKPC,EKPC,1522.477,True
3/5/2024 1:00:00 AM,3/4/2024 8:00:00 PM,SERC,WEST,EKPC,EKPC,1483.710,True
3/5/2024 2:00:00 AM,3/4/2024 9:00:00 PM,SERC,WEST,EKPC,EKPC,1406.804,True
3/5/2024 3:00:00 AM,3/4/2024 10:00:00 PM,SERC,WEST,EKPC,EKPC,1380.831,True
3/5/2024 4:00:00 AM,3/4/2024 11:00:00 PM,SERC,WEST,EKPC,EKPC,1264.894,True
3/5/2024 5:00:00 AM,3/5/2024 12:00:00 AM,SERC,WEST,EKPC,EKPC,1036.463,True
3/5/2024 6:00:00 AM,3/5/2024 1:00:00 AM,SERC,WEST,EKPC,EKPC,1179.523,True
3/5/2024 7:00:00 AM,3/5/2024 2:00:00 AM,SERC,WEST,EKPC,EKPC,1172.653,True
3/5/2024 8:00:00 AM,3/5/2024 3:00:00 AM,SERC,WEST,EKPC,EKPC,1121.997,True
3/5/2024 9:00:00 AM,3/5/2024 4:00:00 AM,SERC,WEST,EKPC,EKPC,1107.230,True
3/5/2024 10:00:00 AM,3/5/2024 5:00:00 AM,SERC,WEST,EKPC,EKPC,1169.433,True
3/5/2024 11:00:00 AM,3/5/2024 6:00:00 AM,SERC,WEST,EKPC,EKPC,1373.312,True
3/5/2024 12:00:00 PM,3/5/2024 7:00:00 AM,SERC,WEST,EKPC,EKPC,1381.609,True
3/5/2024 1:00:00 PM,3/5/2024 8:00:00 AM,SERC,WEST,EKPC,EKPC,1263.289,True
3/5/2024 2:00:00 PM,3/5/2024 9:00:00 AM,SERC,WEST,EKPC,EKPC,1363.962,True
3/5/2024 3:00:00 PM,3/5/2024 10:00:00 AM,SERC,WEST,EKPC,EKPC,1320.143,True
3/5/2024 4:00:00 PM,3/5/2024 11:00:00 AM,SERC,WEST,EKPC,EKPC,1313.021,True
3/5/2024 5:00:00 PM,3/5/2024 12:00:00 PM,SERC,WEST,EKPC,EKPC,1374.601,True
3/5/2024 6:00:00 PM,3/5/2024 1:00:00 PM,SERC,WEST,EKPC,EKPC,1378.830,True
3/5/2024 7:00:00 PM,3/5/2024 2:00:00 PM,SERC,WEST,EKPC,EKPC,1347.320,True
3/5/2024 8:00:00 PM,3/5/2024 3:00:00 PM,SERC,WEST,EKPC,EKPC,1376.071,True
3/5/2024 9:00:00 PM,3/5/2024 4:00:00 PM,SERC,WEST,EKPC,EKPC,1362.002,True
3/5/2024 10:00:00 PM,3/5/2024 5:00:00 PM,SERC,WEST,EKPC,EKPC,1428.895,True
3/5/2024 11:00:00 PM,3/5/2024 6:00:00 PM,SERC,WEST,EKPC,EKPC,1461.771,True
3/6/2024 12:00:00 AM,3/5/2024 7:00:00 PM,SERC,WEST,EKPC,EKPC,1496.568,True
3/6/2024 1:00:00 AM,3/5/2024 8:00:00 PM,SERC,WEST,EKPC,EKPC,1470.017,True
3/6/2024 2:00:00 AM,3/5/2024 9:00:00 PM,SERC,WEST,EKPC,EKPC,1349.069,True
3/6/2024 3:00:00 AM,3/5/2024 10:00:00 PM,SERC,WEST,EKPC,EKPC,1322.612,True
3/6/2024 4:00:00 AM,3/5/2024 11:00:00 PM,SERC,WEST,EKPC,EKPC,1238.928,True
3/6/2024 5:00:00 AM,3/6/2024 12:00:00 AM,SERC,WEST,EKPC,EKPC,1193.987,True
3/6/2024 6:00:00 AM,3/6/2024 1:00:00 AM,SERC,WEST,EKPC,EKPC,1140.552,True
3/6/2024 7:00:00 AM,3/6/2024 2:00:00 AM,SERC,WEST,EKPC,EKPC,1135.607,True
3/6/2024 8:00:00 AM,3/6/2024 3:00:00 AM,SERC,WEST,EKPC,EKPC,1074.421,True
3/6/2024 9:00:00 AM,3/6/2024 4:00:00 AM,SERC,WEST,EKPC,EKPC,1040.937,True
3/6/2024 10:00:00 AM,3/6/2024 5:00:00 AM,SERC,WEST,EKPC,EKPC,1133.858,True
3/6/2024 11:00:00 AM,3/6/2024 6:00:00 AM,SERC,WEST,EKPC,EKPC,1250.032,True
3/6/2024 12:00:00 PM,3/6/2024 7:00:00 AM,SERC,WEST,EKPC,EKPC,1302.749,True
3/6/2024 1:00:00 PM,3/6/2024 8:00:00 AM,SERC,WEST,EKPC,EKPC,1268.055,True
3/6/2024 2:00:00 PM,3/6/2024 9:00:00 AM,SERC,WEST,EKPC,EKPC,1279.888,True
3/6/2024 3:00:00 PM,3/6/2024 10:00:00 AM,SERC,WEST,EKPC,EKPC,1285.749,True
3/6/2024 4:00:00 PM,3/6/2024 11:00:00 AM,SERC,WEST,EKPC,EKPC,1285.758,True
3/6/2024 5:00:00 PM,3/6/2024 12:00:00 PM,SERC,WEST,EKPC,EKPC,1280.344,True
3/6/2024 6:00:00 PM,3/6/2024 1:00:00 PM,SERC,WEST,EKPC,EKPC,1261.104,True
3/6/2024 7:00:00 PM,3/6/2024 2:00:00 PM,SERC,WEST,EKPC,EKPC,1289.419,True
3/6/2024 8:00:00 PM,3/6/2024 3:00:00 PM,SERC,WEST,EKPC,EKPC,1325.357,True
3/6/2024 9:00:00 PM,3/6/2024 4:00:00 PM,SERC,WEST,EKPC,EKPC,1426.840,True
3/6/2024 10:00:00 PM,3/6/2024 5:00:00 PM,SERC,WEST,EKPC,EKPC,1439.786,True
3/6/2024 11:00:00 PM,3/6/2024 6:00:00 PM,SERC,WEST,EKPC,EKPC,1376.132,True
3/7/2024 12:00:00 AM,3/6/2024 7:00:00 PM,SERC,WEST,EKPC,EKPC,1421.656,True
3/7/2024 1:00:00 AM,3/6/2024 8:00:00 PM,SERC,WEST,EKPC,EKPC,1523.482,True
3/7/2024 2:00:00 AM,3/6/2024 9:00:00 PM,SERC,WEST,EKPC,EKPC,1394.740,True
3/7/2024 3:00:00 AM,3/6/2024 10:00:00 PM,SERC,WEST,EKPC,EKPC,1366.602,True
3/7/2024 4:00:00 AM,3/6/2024 11:00:00 PM,SERC,WEST,EKPC,EKPC,1307.877,True
3/7/2024 5:00:00 AM,3/7/2024 12:00:00 AM,SERC,WEST,EKPC,EKPC,1279.904,True
3/7/2024 6:00:00 AM,3/7/2024 1:00:00 AM,SERC,WEST,EKPC,EKPC,1235.163,True
3/7/2024 7:00:00 AM,3/7/2024 2:00:00 AM,SERC,WEST,EKPC,EKPC,1244.193,True
3/7/2024 8:00:00 AM,3/7/2024 3:00:00 AM,SERC,WEST,EKPC,EKPC,1240.458,True
3/7/2024 9:00:00 AM,3/7/2024 4:00:00 AM,SERC,WEST,EKPC,EKPC,1292.570,True
3/7/2024 10:00:00 AM,3/7/2024 5:00:00 AM,SERC,WEST,EKPC,EKPC,1367.432,True
3/7/2024 11:00:00 AM,3/7/2024 6:00:00 AM,SERC,WEST,EKPC,EKPC,1543.200,True
3/7/2024 12:00:00 PM,3/7/2024 7:00:00 AM,SERC,WEST,EKPC,EKPC,1590.867,True
3/7/2024 1:00:00 PM,3/7/2024 8:00:00 AM,SERC,WEST,EKPC,EKPC,1609.654,True
3/7/2024 2:00:00 PM,3/7/2024 9:00:00 AM,SERC,WEST,EKPC,EKPC,1575.386,True
3/7/2024 3:00:00 PM,3/7/2024 10:00:00 AM,SERC,WEST,EKPC,EKPC,1573.271,True
3/7/2024 4:00:00 PM,3/7/2024 11:00:00 AM,SERC,WEST,EKPC,EKPC,1448.316,True
3/7/2024 5:00:00 PM,3/7/2024 12:00:00 PM,SERC,WEST,EKPC,EKPC,1356.426,True
3/7/2024 6:00:00 PM,3/7/2024 1:00:00 PM,SERC,WEST,EKPC,EKPC,1312.670,True
3/7/2024 7:00:00 PM,3/7/2024 2:00:00 PM,SERC,WEST,EKPC,EKPC,1414.770,True
3/7/2024 8:00:00 PM,3/7/2024 3:00:00 PM,SERC,WEST,EKPC,EKPC,1455.251,True
3/7/2024 9:00:00 PM,3/7/2024 4:00:00 PM,SERC,WEST,EKPC,EKPC,1444.734,True
3/7/2024 10:00:00 PM,3/7/2024 5:00:00 PM,SERC,WEST,EKPC,EKPC,1442.170,True
3/7/2024 11:00:00 PM,3/7/2024 6:00:00 PM,SERC,WEST,EKPC,EKPC,1513.173,True
3/8/2024 12:00:00 AM,3/7/2024 7:00:00 PM,SERC,WEST,EKPC,EKPC,1588.827,True
3/8/2024 1:00:00 AM,3/7/2024 8:00:00 PM,SERC,WEST,EKPC,EKPC,1634.154,True
3/8/2024 2:00:00 AM,3/7/2024 9:00:00 PM,SERC,WEST,EKPC,EKPC,1552.448,True
3/8/2024 3:00:00 AM,3/7/2024 10:00:00 PM,SERC,WEST,EKPC,EKPC,1488.465,True
3/8/2024 4:00:00 AM,3/7/2024 11:00:00 PM,SERC,WEST,EKPC,EKPC,1420.753,True
3/8/2024 5:00:00 AM,3/8/2024 12:00:00 AM,SERC,WEST,EKPC,EKPC,1356.985,True
3/8/2024 6:00:00 AM,3/8/2024 1:00:00 AM,SERC,WEST,EKPC,EKPC,1290.263,True
3/8/2024 7:00:00 AM,3/8/2024 2:00:00 AM,SERC,WEST,EKPC,EKPC,1324.137,True
3/8/2024 8:00:00 AM,3/8/2024 3:00:00 AM,SERC,WEST,EKPC,EKPC,1231.703,True
3/8/2024 9:00:00 AM,3/8/2024 4:00:00 AM,SERC,WEST,EKPC,EKPC,1234.031,True
3/8/2024 10:00:00 AM,3/8/2024 5:00:00 AM,SERC,WEST,EKPC,EKPC,1403.849,True
3/8/2024 11:00:00 AM,3/8/2024 6:00:00 AM,SERC,WEST,EKPC,EKPC,1580.221,True
3/8/2024 12:00:00 PM,3/8/2024 7:00:00 AM,SERC,WEST,EKPC,EKPC,1635.872,True
3/8/2024 1:00:00 PM,3/8/2024 8:00:00 AM,SERC,WEST,EKPC,EKPC,1546.128,True
3/8/2024 2:00:00 PM,3/8/2024 9:00:00 AM,SERC,WEST,EKPC,EKPC,1545.821,True
3/8/2024 3:00:00 PM,3/8/2024 10:00:00 AM,SERC,WEST,EKPC,EKPC,1539.818,True
3/8/2024 4:00:00 PM,3/8/2024 11:00:00 AM,SERC,WEST,EKPC,EKPC,1524.479,True
3/8/2024 5:00:00 PM,3/8/2024 12:00:00 PM,SERC,WEST,EKPC,EKPC,1533.238,True
3/8/2024 6:00:00 PM,3/8/2024 1:00:00 PM,SERC,WEST,EKPC,EKPC,1458.225,True
3/8/2024 7:00:00 PM,3/8/2024 2:00:00 PM,SERC,WEST,EKPC,EKPC,1435.211,True
3/8/2024 8:00:00 PM,3/8/2024 3:00:00 PM,SERC,WEST,EKPC,EKPC,1432.931,True
3/8/2024 9:00:00 PM,3/8/2024 4:00:00 PM,SERC,WEST,EKPC,EKPC,1484.266,True
3/8/2024 10:00:00 PM,3/8/2024 5:00:00 PM,SERC,WEST,EKPC,EKPC,1514.600,True
3/8/2024 11:00:00 PM,3/8/2024 6:00:00 PM,SERC,WEST,EKPC,EKPC,1493.814,True
3/9/2024 12:00:00 AM,3/8/2024 7:00:00 PM,SERC,WEST,EKPC,EKPC,1495.101,True
3/9/2024 1:00:00 AM,3/8/2024 8:00:00 PM,SERC,WEST,EKPC,EKPC,1468.911,True
3/9/2024 2:00:00 AM,3/8/2024 9:00:00 PM,SERC,WEST,EKPC,EKPC,1449.626,True
3/9/2024 3:00:00 AM,3/8/2024 10:00:00 PM,SERC,WEST,EKPC,EKPC,1402.929,True
3/9/2024 4:00:00 AM,3/8/2024 11:00:00 PM,SERC,WEST,EKPC,EKPC,1270.242,True
3/9/2024 5:00:00 AM,3/9/2024 12:00:00 AM,SERC,WEST,EKPC,EKPC,1249.603,True
3/9/2024 6:00:00 AM,3/9/2024 1:00:00 AM,SERC,WEST,EKPC,EKPC,1227.643,True
3/9/2024 7:00:00 AM,3/9/2024 2:00:00 AM,SERC,WEST,EKPC,EKPC,1230.060,True
3/9/2024 8:00:00 AM,3/9/2024 3:00:00 AM,SERC,WEST,EKPC,EKPC,1205.437,True
3/9/2024 9:00:00 AM,3/9/2024 4:00:00 AM,SERC,WEST,EKPC,EKPC,1124.553,True
3/9/2024 10:00:00 AM,3/9/2024 5:00:00 AM,SERC,WEST,EKPC,EKPC,1216.298,True
3/9/2024 11:00:00 AM,3/9/2024 6:00:00 AM,SERC,WEST,EKPC,EKPC,1357.939,True
3/9/2024 12:00:00 PM,3/9/2024 7:00:00 AM,SERC,WEST,EKPC,EKPC,1394.035,True
3/9/2024 1:00:00 PM,3/9/2024 8:00:00 AM,SERC,WEST,EKPC,EKPC,1400.047,True
3/9/2024 2:00:00 PM,3/9/2024 9:00:00 AM,SERC,WEST,EKPC,EKPC,1571.294,True
3/9/2024 3:00:00 PM,3/9/2024 10:00:00 AM,SERC,WEST,EKPC,EKPC,1533.789,True
3/9/2024 4:00:00 PM,3/9/2024 11:00:00 AM,SERC,WEST,EKPC,EKPC,1550.721,True
3/9/2024 5:00:00 PM,3/9/2024 12:00:00 PM,SERC,WEST,EKPC,EKPC,1558.728,True
3/9/2024 6:00:00 PM,3/9/2024 1:00:00 PM,SERC,WEST,EKPC,EKPC,1584.656,True
3/9/2024 7:00:00 PM,3/9/2024 2:00:00 PM,SERC,WEST,EKPC,EKPC,1555.971,True
3/9/2024 8:00:00 PM,3/9/2024 3:00:00 PM,SERC,WEST,EKPC,EKPC,1550.511,True
3/9/2024 9:00:00 PM,3/9/2024 4:00:00 PM,SERC,WEST,EKPC,EKPC,1489.555,True
3/9/2024 10:00:00 PM,3/9/2024 5:00:00 PM,SERC,WEST,EKPC,EKPC,1536.548,True
3/9/2024 11:00:00 PM,3/9/2024 6:00:00 PM,SERC,WEST,EKPC,EKPC,1685.244,True
3/10/2024 12:00:00 AM,3/9/2024 7:00:00 PM,SERC,WEST,EKPC,EKPC,1723.281,True
3/10/2024 1:00:00 AM,3/9/2024 8:00:00 PM,SERC,WEST,EKPC,EKPC,1676.613,True
3/10/2024 2:00:00 AM,3/9/2024 9:00:00 PM,SERC,WEST,EKPC,EKPC,1684.532,True
3/10/2024 3:00:00 AM,3/9/2024 10:00:00 PM,SERC,WEST,EKPC,EKPC,1667.861,True
3/10/2024 4:00:00 AM,3/9/2024 11:00:00 PM,SERC,WEST,EKPC,EKPC,1595.686,True
3/10/2024 5:00:00 AM,3/10/2024 12:00:00 AM,SERC,WEST,EKPC,EKPC,1553.575,True
3/10/2024 6:00:00 AM,3/10/2024 1:00:00 AM,SERC,WEST,EKPC,EKPC,1500.114,True
3/10/2024 7:00:00 AM,3/10/2024 3:00:00 AM,SERC,WEST,EKPC,EKPC,1447.981,True
3/10/2024 8:00:00 AM,3/10/2024 4:00:00 AM,SERC,WEST,EKPC,EKPC,1496.839,True
3/10/2024 9:00:00 AM,3/10/2024 5:00:00 AM,SERC,WEST,EKPC,EKPC,1556.882,True
3/10/2024 10:00:00 AM,3/10/2024 6:00:00 AM,SERC,WEST,EKPC,EKPC,1714.748,True
3/10/2024 11:00:00 AM,3/10/2024 7:00:00 AM,SERC,WEST,EKPC,EKPC,1825.335,True
3/10/2024 12:00:00 PM,3/10/2024 8:00:00 AM,SERC,WEST,EKPC,EKPC,1898.322,True
3/10/2024 1:00:00 PM,3/10/2024 9:00:00 AM,SERC,WEST,EKPC,EKPC,1827.307,True
3/10/2024 2:00:00 PM,3/10/2024 10:00:00 AM,SERC,WEST,EKPC,EKPC,1797.229,True
3/10/2024 3:00:00 PM,3/10/2024 11:00:00 AM,SERC,WEST,EKPC,EKPC,1737.664,True
3/10/2024 4:00:00 PM,3/10/2024 12:00:00 PM,SERC,WEST,EKPC,EKPC,1556.717,True
3/10/2024 5:00:00 PM,3/10/2024 1:00:00 PM,SERC,WEST,EKPC,EKPC,1498.974,True
3/10/2024 6:00:00 PM,3/10/2024 2:00:00 PM,SERC,WEST,EKPC,EKPC,1567.535,True
3/10/2024 7:00:00 PM,3/10/2024 3:00:00 PM,SERC,WEST,EKPC,EKPC,1546.339,True
3/10/2024 8:00:00 PM,3/10/2024 4:00:00 PM,SERC,WEST,EKPC,EKPC,1542.999,True
3/10/2024 9:00:00 PM,3/10/2024 5:00:00 PM,SERC,WEST,EKPC,EKPC,1577.035,True
3/10/2024 10:00:00 PM,3/10/2024 6:00:00 PM,SERC,WEST,EKPC,EKPC,1543.421,True
3/10/2024 11:00:00 PM,3/10/2024 7:00:00 PM,SERC,WEST,EKPC,EKPC,1778.450,True
3/11/2024 12:00:00 AM,3/10/2024 8:00:00 PM,SERC,WEST,EKPC,EKPC,1890.215,True
3/11/2024 1:00:00 AM,3/10/2024 9:00:00 PM,SERC,WEST,EKPC,EKPC,1909.530,True
3/11/2024 2:00:00 AM,3/10/2024 10:00:00 PM,SERC,WEST,EKPC,EKPC,1834.514,True
3/11/2024 3:00:00 AM,3/10/2024 11:00:00 PM,SERC,WEST,EKPC,EKPC,1750.027,True
3/11/2024 4:00:00 AM,3/11/2024 12:00:00 AM,SERC,WEST,EKPC,EKPC,1696.391,True
3/11/2024 5:00:00 AM,3/11/2024 1:00:00 AM,SERC,WEST,EKPC,EKPC,1615.875,True
3/11/2024 6:00:00 AM,3/11/2024 2:00:00 AM,SERC,WEST,EKPC,EKPC,1641.472,True
3/11/2024 7:00:00 AM,3/11/2024 3:00:00 AM,SERC,WEST,EKPC,EKPC,1816.454,True
3/11/2024 8:00:00 AM,3/11/2024 4:00:00 AM,SERC,WEST,EKPC,EKPC,1930.236,True
3/11/2024 9:00:00 AM,3/11/2024 5:00:00 AM,SERC,WEST,EKPC,EKPC,2093.983,True
3/11/2024 10:00:00 AM,3/11/2024 6:00:00 AM,SERC,WEST,EKPC,EKPC,2308.506,True
3/11/2024 11:00:00 AM,3/11/2024 7:00:00 AM,SERC,WEST,EKPC,EKPC,2338.156,True
3/11/2024 12:00:00 PM,3/11/2024 8:00:00 AM,SERC,WEST,EKPC,EKPC,2237.382,True
3/11/2024 1:00:00 PM,3/11/2024 9:00:00 AM,SERC,WEST,EKPC,EKPC,2033.706,True
3/11/2024 2:00:00 PM,3/11/2024 10:00:00 AM,SERC,WEST,EKPC,EKPC,1891.561,True
3/11/2024 3:00:00 PM,3/11/2024 11:00:00 AM,SERC,WEST,EKPC,EKPC,1765.872,True
3/11/2024 4:00:00 PM,3/11/2024 12:00:00 PM,SERC,WEST,EKPC,EKPC,1657.738,True
3/11/2024 5:00:00 PM,3/11/2024 1:00:00 PM,SERC,WEST,EKPC,EKPC,1610.962,True
3/11/2024 6:00:00 PM,3/11/2024 2:00:00 PM,SERC,WEST,EKPC,EKPC,1533.620,True
3/11/2024 7:00:00 PM,3/11/2024 3:00:00 PM,SERC,WEST,EKPC,EKPC,1453.595,True
3/11/2024 8:00:00 PM,3/11/2024 4:00:00 PM,SERC,WEST,EKPC,EKPC,1477.760,True
3/11/2024 9:00:00 PM,3/11/2024 5:00:00 PM,SERC,WEST,EKPC,EKPC,1462.418,True
3/11/2024 10:00:00 PM,3/11/2024 6:00:00 PM,SERC,WEST,EKPC,EKPC,1410.056,True
3/11/2024 11:00:00 PM,3/11/2024 7:00:00 PM,SERC,WEST,EKPC,EKPC,1578.825,True
3/12/2024 12:00:00 AM,3/11/2024 8:00:00 PM,SERC,WEST,EKPC,EKPC,1714.689,True
3/12/2024 1:00:00 AM,3/11/2024 9:00:00 PM,SERC,WEST,EKPC,EKPC,1708.535,True
3/12/2024 2:00:00 AM,3/11/2024 10:00:00 PM,SERC,WEST,EKPC,EKPC,1696.585,True
3/12/2024 3:00:00 AM,3/11/2024 11:00:00 PM,SERC,WEST,EKPC,EKPC,1638.186,True
3/12/2024 4:00:00 AM,3/12/2024 12:00:00 AM,SERC,WEST,EKPC,EKPC,1591.689,True
3/12/2024 5:00:00 AM,3/12/2024 1:00:00 AM,SERC,WEST,EKPC,EKPC,1633.207,True
3/12/2024 6:00:00 AM,3/12/2024 2:00:00 AM,SERC,WEST,EKPC,EKPC,1656.729,True
3/12/2024 7:00:00 AM,3/12/2024 3:00:00 AM,SERC,WEST,EKPC,EKPC,1652.027,True
3/12/2024 8:00:00 AM,3/12/2024 4:00:00 AM,SERC,WEST,EKPC,EKPC,1726.870,True
3/12/2024 9:00:00 AM,3/12/2024 5:00:00 AM,SERC,WEST,EKPC,EKPC,1798.183,True
3/12/2024 10:00:00 AM,3/12/2024 6:00:00 AM,SERC,WEST,EKPC,EKPC,1951.107,True
3/12/2024 11:00:00 AM,3/12/2024 7:00:00 AM,SERC,WEST,EKPC,EKPC,2037.163,True
3/12/2024 12:00:00 PM,3/12/2024 8:00:00 AM,SERC,WEST,EKPC,EKPC,1932.199,True
3/12/2024 1:00:00 PM,3/12/2024 9:00:00 AM,SERC,WEST,EKPC,EKPC,1879.931,True
3/12/2024 2:00:00 PM,3/12/2024 10:00:00 AM,SERC,WEST,EKPC,EKPC,1706.666,True
3/12/2024 3:00:00 PM,3/12/2024 11:00:00 AM,SERC,WEST,EKPC,EKPC,1548.019,True
3/12/2024 4:00:00 PM,3/12/2024 12:00:00 PM,SERC,WEST,EKPC,EKPC,1472.165,True
3/12/2024 5:00:00 PM,3/12/2024 1:00:00 PM,SERC,WEST,EKPC,EKPC,1347.861,True
3/12/2024 6:00:00 PM,3/12/2024 2:00:00 PM,SERC,WEST,EKPC,EKPC,1350.283,True
3/12/2024 7:00:00 PM,3/12/2024 3:00:00 PM,SERC,WEST,EKPC,EKPC,1258.986,True
3/12/2024 8:00:00 PM,3/12/2024 4:00:00 PM,SERC,WEST,EKPC,EKPC,1185.899,True
3/12/2024 9:00:00 PM,3/12/2024 5:00:00 PM,SERC,WEST,EKPC,EKPC,1344.719,True
3/12/2024 10:00:00 PM,3/12/2024 6:00:00 PM,SERC,WEST,EKPC,EKPC,1306.359,True
3/12/2024 11:00:00 PM,3/12/2024 7:00:00 PM,SERC,WEST,EKPC,EKPC,1318.726,True
3/13/2024 12:00:00 AM,3/12/2024 8:00:00 PM,SERC,WEST,EKPC,EKPC,1434.566,True
3/13/2024 1:00:00 AM,3/12/2024 9:00:00 PM,SERC,WEST,EKPC,EKPC,1431.773,True
3/13/2024 2:00:00 AM,3/12/2024 10:00:00 PM,SERC,WEST,EKPC,EKPC,1389.300,True
3/13/2024 3:00:00 AM,3/12/2024 11:00:00 PM,SERC,WEST,EKPC,EKPC,1308.203,True
3/13/2024 4:00:00 AM,3/13/2024 12:00:00 AM,SERC,WEST,EKPC,EKPC,1245.626,True
3/13/2024 5:00:00 AM,3/13/2024 1:00:00 AM,SERC,WEST,EKPC,EKPC,1253.139,True
3/13/2024 6:00:00 AM,3/13/2024 2:00:00 AM,SERC,WEST,EKPC,EKPC,1260.841,True
3/13/2024 7:00:00 AM,3/13/2024 3:00:00 AM,SERC,WEST,EKPC,EKPC,1295.153,True
3/13/2024 8:00:00 AM,3/13/2024 4:00:00 AM,SERC,WEST,EKPC,EKPC,1297.994,True
3/13/2024 9:00:00 AM,3/13/2024 5:00:00 AM,SERC,WEST,EKPC,EKPC,1363.281,True
3/13/2024 10:00:00 AM,3/13/2024 6:00:00 AM,SERC,WEST,EKPC,EKPC,1528.186,True
3/13/2024 11:00:00 AM,3/13/2024 7:00:00 AM,SERC,WEST,EKPC,EKPC,1581.712,True
3/13/2024 12:00:00 PM,3/13/2024 8:00:00 AM,SERC,WEST,EKPC,EKPC,1551.517,True
3/13/2024 1:00:00 PM,3/13/2024 9:00:00 AM,SERC,WEST,EKPC,EKPC,1443.989,True
3/13/2024 2:00:00 PM,3/13/2024 10:00:00 AM,SERC,WEST,EKPC,EKPC,1324.083,True
3/13/2024 3:00:00 PM,3/13/2024 11:00:00 AM,SERC,WEST,EKPC,EKPC,1237.293,True
3/13/2024 4:00:00 PM,3/13/2024 12:00:00 PM,SERC,WEST,EKPC,EKPC,1183.827,True
3/13/2024 5:00:00 PM,3/13/2024 1:00:00 PM,SERC,WEST,EKPC,EKPC,1167.956,True
3/13/2024 6:00:00 PM,3/13/2024 2:00:00 PM,SERC,WEST,EKPC,EKPC,1243.819,True
3/13/2024 7:00:00 PM,3/13/2024 3:00:00 PM,SERC,WEST,EKPC,EKPC,1221.345,True
3/13/2024 8:00:00 PM,3/13/2024 4:00:00 PM,SERC,WEST,EKPC,EKPC,1249.079,True
3/13/2024 9:00:00 PM,3/13/2024 5:00:00 PM,SERC,WEST,EKPC,EKPC,1309.612,True
3/13/2024 10:00:00 PM,3/13/2024 6:00:00 PM,SERC,WEST,EKPC,EKPC,1337.806,True
3/13/2024 11:00:00 PM,3/13/2024 7:00:00 PM,SERC,WEST,EKPC,EKPC,1352.823,True
3/14/2024 12:00:00 AM,3/13/2024 8:00:00 PM,SERC,WEST,EKPC,EKPC,1490.842,True
3/14/2024 1:00:00 AM,3/13/2024 9:00:00 PM,SERC,WEST,EKPC,EKPC,1435.684,True
3/14/2024 2:00:00 AM,3/13/2024 10:00:00 PM,SERC,WEST,EKPC,EKPC,1362.437,True
3/14/2024 3:00:00 AM,3/13/2024 11:00:00 PM,SERC,WEST,EKPC,EKPC,1265.119,True
3/14/2024 4:00:00 AM,3/14/2024 12:00:00 AM,SERC,WEST,EKPC,EKPC,1188.763,True
3/14/2024 5:00:00 AM,3/14/2024 1:00:00 AM,SERC,WEST,EKPC,EKPC,1128.859,True
3/14/2024 6:00:00 AM,3/14/2024 2:00:00 AM,SERC,WEST,EKPC,EKPC,1151.459,True
3/14/2024 7:00:00 AM,3/14/2024 3:00:00 AM,SERC,WEST,EKPC,EKPC,1195.661,True
3/14/2024 8:00:00 AM,3/14/2024 4:00:00 AM,SERC,WEST,EKPC,EKPC,1202.108,True
3/14/2024 9:00:00 AM,3/14/2024 5:00:00 AM,SERC,WEST,EKPC,EKPC,1260.340,True
3/14/2024 10:00:00 AM,3/14/2024 6:00:00 AM,SERC,WEST,EKPC,EKPC,1374.178,True
3/14/2024 11:00:00 AM,3/14/2024 7:00:00 AM,SERC,WEST,EKPC,EKPC,1537.811,True
3/14/2024 12:00:00 PM,3/14/2024 8:00:00 AM,SERC,WEST,EKPC,EKPC,1473.356,True
3/14/2024 1:00:00 PM,3/14/2024 9:00:00 AM,SERC,WEST,EKPC,EKPC,1429.482,True
3/14/2024 2:00:00 PM,3/14/2024 10:00:00 AM,SERC,WEST,EKPC,EKPC,1342.452,True
3/14/2024 3:00:00 PM,3/14/2024 11:00:00 AM,SERC,WEST,EKPC,EKPC,1316.592,True
3/14/2024 4:00:00 PM,3/14/2024 12:00:00 PM,SERC,WEST,EKPC,EKPC,1298.129,True
3/14/2024 5:00:00 PM,3/14/2024 1:00:00 PM,SERC,WEST,EKPC,EKPC,1232.475,True
3/14/2024 6:00:00 PM,3/14/2024 2:00:00 PM,SERC,WEST,EKPC,EKPC,1181.825,True
3/14/2024 7:00:00 PM,3/14/2024 3:00:00 PM,SERC,WEST,EKPC,EKPC,1233.316,True
3/14/2024 8:00:00 PM,3/14/2024 4:00:00 PM,SERC,WEST,EKPC,EKPC,1233.772,True
3/14/2024 9:00:00 PM,3/14/2024 5:00:00 PM,SERC,WEST,EKPC,EKPC,1298.651,True
3/14/2024 10:00:00 PM,3/14/2024 6:00:00 PM,SERC,WEST,EKPC,EKPC,1290.748,True
3/14/2024 11:00:00 PM,3/14/2024 7:00:00 PM,SERC,WEST,EKPC,EKPC,1296.058,True
3/15/2024 12:00:00 AM,3/14/2024 8:00:00 PM,SERC,WEST,EKPC,EKPC,1377.003,True
3/15/2024 1:00:00 AM,3/14/2024 9:00:00 PM,SERC,WEST,EKPC,EKPC,1328.202,True
3/15/2024 2:00:00 AM,3/14/2024 10:00:00 PM,SERC,WEST,EKPC,EKPC,1289.763,True
3/15/2024 3:00:00 AM,3/14/2024 11:00:00 PM,SERC,WEST,EKPC,EKPC,1235.319,True
3/15/2024 4:00:00 AM,3/15/2024 12:00:00 AM,SERC,WEST,EKPC,EKPC,1177.727,True
3/15/2024 5:00:00 AM,3/15/2024 1:00:00 AM,SERC,WEST,EKPC,EKPC,1126.444,True
3/15/2024 6:00:00 AM,3/15/2024 2:00:00 AM,SERC,WEST,EKPC,EKPC,1103.342,True
3/15/2024 7:00:00 AM,3/15/2024 3:00:00 AM,SERC,WEST,EKPC,EKPC,1073.717,True
3/15/2024 8:00:00 AM,3/15/2024 4:00:00 AM,SERC,WEST,EKPC,EKPC,1072.407,True
3/15/2024 9:00:00 AM,3/15/2024 5:00:00 AM,SERC,WEST,EKPC,EKPC,1128.695,True
3/15/2024 10:00:00 AM,3/15/2024 6:00:00 AM,SERC,WEST,EKPC,EKPC,1271.078,True
3/15/2024 11:00:00 AM,3/15/2024 7:00:00 AM,SERC,WEST,EKPC,EKPC,1308.749,True
3/15/2024 12:00:00 PM,3/15/2024 8:00:00 AM,SERC,WEST,EKPC,EKPC,1336.803,True
3/15/2024 1:00:00 PM,3/15/2024 9:00:00 AM,SERC,WEST,EKPC,EKPC,1297.553,True
3/15/2024 2:00:00 PM,3/15/2024 10:00:00 AM,SERC,WEST,EKPC,EKPC,1337.834,True
3/15/2024 3:00:00 PM,3/15/2024 11:00:00 AM,SERC,WEST,EKPC,EKPC,1300.278,True
3/15/2024 4:00:00 PM,3/15/2024 12:00:00 PM,SERC,WEST,EKPC,EKPC,1320.366,True
3/15/2024 5:00:00 PM,3/15/2024 1:00:00 PM,SERC,WEST,EKPC,EKPC,1308.429,True
3/15/2024 6:00:00 PM,3/15/2024 2:00:00 PM,SERC,WEST,EKPC,EKPC,1355.697,True
3/15/2024 7:00:00 PM,3/15/2024 3:00:00 PM,SERC,WEST,EKPC,EKPC,1359.868,True
3/15/2024 8:00:00 PM,3/15/2024 4:00:00 PM,SERC,WEST,EKPC,EKPC,1242.623,True
3/15/2024 9:00:00 PM,3/15/2024 5:00:00 PM,SERC,WEST,EKPC,EKPC,1337.413,True
3/15/2024 10:00:00 PM,3/15/2024 6:00:00 PM,SERC,WEST,EKPC,EKPC,1341.714,True
3/15/2024 11:00:00 PM,3/15/2024 7:00:00 PM,SERC,WEST,EKPC,EKPC,1424.064,True
3/16/2024 12:00:00 AM,3/15/2024 8:00:00 PM,SERC,WEST,EKPC,EKPC,1335.105,True
3/16/2024 1:00:00 AM,3/15/2024 9:00:00 PM,SERC,WEST,EKPC,EKPC,1300.944,True
3/16/2024 2:00:00 AM,3/15/2024 10:00:00 PM,SERC,WEST,EKPC,EKPC,1284.916,True
3/16/2024 3:00:00 AM,3/15/2024 11:00:00 PM,SERC,WEST,EKPC,EKPC,1269.109,True
3/16/2024 4:00:00 AM,3/16/2024 12:00:00 AM,SERC,WEST,EKPC,EKPC,1296.486,True
3/16/2024 5:00:00 AM,3/16/2024 1:00:00 AM,SERC,WEST,EKPC,EKPC,1255.501,True
3/16/2024 6:00:00 AM,3/16/2024 2:00:00 AM,SERC,WEST,EKPC,EKPC,1142.205,True
3/16/2024 7:00:00 AM,3/16/2024 3:00:00 AM,SERC,WEST,EKPC,EKPC,1296.719,True
3/16/2024 8:00:00 AM,3/16/2024 4:00:00 AM,SERC,WEST,EKPC,EKPC,1328.847,True
3/16/2024 9:00:00 AM,3/16/2024 5:00:00 AM,SERC,WEST,EKPC,EKPC,1383.676,True
3/16/2024 10:00:00 AM,3/16/2024 6:00:00 AM,SERC,WEST,EKPC,EKPC,1487.194,True
3/16/2024 11:00:00 AM,3/16/2024 7:00:00 AM,SERC,WEST,EKPC,EKPC,1537.311,True
3/16/2024 12:00:00 PM,3/16/2024 8:00:00 AM,SERC,WEST,EKPC,EKPC,1659.913,True
3/16/2024 1:00:00 PM,3/16/2024 9:00:00 AM,SERC,WEST,EKPC,EKPC,1643.182,True
3/16/2024 2:00:00 PM,3/16/2024 10:00:00 AM,SERC,WEST,EKPC,EKPC,1578.804,True
3/16/2024 3:00:00 PM,3/16/2024 11:00:00 AM,SERC,WEST,EKPC,EKPC,1467.694,True
3/16/2024 4:00:00 PM,3/16/2024 12:00:00 PM,SERC,WEST,EKPC,EKPC,1365.632,True
3/16/2024 5:00:00 PM,3/16/2024 1:00:00 PM,SERC,WEST,EKPC,EKPC,1345.735,True
3/16/2024 6:00:00 PM,3/16/2024 2:00:00 PM,SERC,WEST,EKPC,EKPC,1258.241,True
3/16/2024 7:00:00 PM,3/16/2024 3:00:00 PM,SERC,WEST,EKPC,EKPC,1274.198,True
3/16/2024 8:00:00 PM,3/16/2024 4:00:00 PM,SERC,WEST,EKPC,EKPC,1320.500,True
3/16/2024 9:00:00 PM,3/16/2024 5:00:00 PM,SERC,WEST,EKPC,EKPC,1319.865,True
3/16/2024 10:00:00 PM,3/16/2024 6:00:00 PM,SERC,WEST,EKPC,EKPC,1302.244,True
3/16/2024 11:00:00 PM,3/16/2024 7:00:00 PM,SERC,WEST,EKPC,EKPC,1368.359,True
3/17/2024 12:00:00 AM,3/16/2024 8:00:00 PM,SERC,WEST,EKPC,EKPC,1421.982,True
3/17/2024 1:00:00 AM,3/16/2024 9:00:00 PM,SERC,WEST,EKPC,EKPC,1406.298,True
3/17/2024 2:00:00 AM,3/16/2024 10:00:00 PM,SERC,WEST,EKPC,EKPC,1338.160,True
3/17/2024 3:00:00 AM,3/16/2024 11:00:00 PM,SERC,WEST,EKPC,EKPC,1284.286,True
3/17/2024 4:00:00 AM,3/17/2024 12:00:00 AM,SERC,WEST,EKPC,EKPC,1219.768,True
3/17/2024 5:00:00 AM,3/17/2024 1:00:00 AM,SERC,WEST,EKPC,EKPC,1153.033,True
3/17/2024 6:00:00 AM,3/17/2024 2:00:00 AM,SERC,WEST,EKPC,EKPC,1097.852,True
3/17/2024 7:00:00 AM,3/17/2024 3:00:00 AM,SERC,WEST,EKPC,EKPC,1233.828,True
3/17/2024 8:00:00 AM,3/17/2024 4:00:00 AM,SERC,WEST,EKPC,EKPC,1248.538,True
3/17/2024 9:00:00 AM,3/17/2024 5:00:00 AM,SERC,WEST,EKPC,EKPC,1324.991,True
3/17/2024 10:00:00 AM,3/17/2024 6:00:00 AM,SERC,WEST,EKPC,EKPC,1348.097,True
3/17/2024 11:00:00 AM,3/17/2024 7:00:00 AM,SERC,WEST,EKPC,EKPC,1457.155,True
3/17/2024 12:00:00 PM,3/17/2024 8:00:00 AM,SERC,WEST,EKPC,EKPC,1582.971,True
3/17/2024 1:00:00 PM,3/17/2024 9:00:00 AM,SERC,WEST,EKPC,EKPC,1573.230,True
3/17/2024 2:00:00 PM,3/17/2024 10:00:00 AM,SERC,WEST,EKPC,EKPC,1521.303,True
3/17/2024 3:00:00 PM,3/17/2024 11:00:00 AM,SERC,WEST,EKPC,EKPC,1442.391,True
3/17/2024 4:00:00 PM,3/17/2024 12:00:00 PM,SERC,WEST,EKPC,EKPC,1433.502,True
3/17/2024 5:00:00 PM,3/17/2024 1:00:00 PM,SERC,WEST,EKPC,EKPC,1380.888,True
3/17/2024 6:00:00 PM,3/17/2024 2:00:00 PM,SERC,WEST,EKPC,EKPC,1383.301,True
3/17/2024 7:00:00 PM,3/17/2024 3:00:00 PM,SERC,WEST,EKPC,EKPC,1272.995,True
3/17/2024 8:00:00 PM,3/17/2024 4:00:00 PM,SERC,WEST,EKPC,EKPC,1320.678,True
3/17/2024 9:00:00 PM,3/17/2024 5:00:00 PM,SERC,WEST,EKPC,EKPC,1393.595,True
3/17/2024 10:00:00 PM,3/17/2024 6:00:00 PM,SERC,WEST,EKPC,EKPC,1435.984,True
3/17/2024 11:00:00 PM,3/17/2024 7:00:00 PM,SERC,WEST,EKPC,EKPC,1529.427,True
3/18/2024 12:00:00 AM,3/17/2024 8:00:00 PM,SERC,WEST,EKPC,EKPC,1689.648,True
3/18/2024 1:00:00 AM,3/17/2024 9:00:00 PM,SERC,WEST,EKPC,EKPC,1685.253,True
3/18/2024 2:00:00 AM,3/17/2024 10:00:00 PM,SERC,WEST,EKPC,EKPC,1611.565,True
3/18/2024 3:00:00 AM,3/17/2024 11:00:00 PM,SERC,WEST,EKPC,EKPC,1593.501,True
3/18/2024 4:00:00 AM,3/18/2024 12:00:00 AM,SERC,WEST,EKPC,EKPC,1547.739,True
3/18/2024 5:00:00 AM,3/18/2024 1:00:00 AM,SERC,WEST,EKPC,EKPC,1581.319,True
3/18/2024 6:00:00 AM,3/18/2024 2:00:00 AM,SERC,WEST,EKPC,EKPC,1586.435,True
3/18/2024 7:00:00 AM,3/18/2024 3:00:00 AM,SERC,WEST,EKPC,EKPC,1653.501,True
3/18/2024 8:00:00 AM,3/18/2024 4:00:00 AM,SERC,WEST,EKPC,EKPC,1701.063,True
3/18/2024 9:00:00 AM,3/18/2024 5:00:00 AM,SERC,WEST,EKPC,EKPC,1808.705,True
3/18/2024 10:00:00 AM,3/18/2024 6:00:00 AM,SERC,WEST,EKPC,EKPC,2010.167,True
3/18/2024 11:00:00 AM,3/18/2024 7:00:00 AM,SERC,WEST,EKPC,EKPC,2082.819,True
3/18/2024 12:00:00 PM,3/18/2024 8:00:00 AM,SERC,WEST,EKPC,EKPC,2042.169,True
3/18/2024 1:00:00 PM,3/18/2024 9:00:00 AM,SERC,WEST,EKPC,EKPC,2033.378,True
3/18/2024 2:00:00 PM,3/18/2024 10:00:00 AM,SERC,WEST,EKPC,EKPC,1788.225,True
3/18/2024 3:00:00 PM,3/18/2024 11:00:00 AM,SERC,WEST,EKPC,EKPC,1811.698,True
3/18/2024 4:00:00 PM,3/18/2024 12:00:00 PM,SERC,WEST,EKPC,EKPC,1841.617,True
3/18/2024 5:00:00 PM,3/18/2024 1:00:00 PM,SERC,WEST,EKPC,EKPC,1772.259,True
3/18/2024 6:00:00 PM,3/18/2024 2:00:00 PM,SERC,WEST,EKPC,EKPC,1835.915,True
3/18/2024 7:00:00 PM,3/18/2024 3:00:00 PM,SERC,WEST,EKPC,EKPC,1909.577,True
3/18/2024 8:00:00 PM,3/18/2024 4:00:00 PM,SERC,WEST,EKPC,EKPC,1969.795,True
3/18/2024 9:00:00 PM,3/18/2024 5:00:00 PM,SERC,WEST,EKPC,EKPC,2000.661,True
3/18/2024 10:00:00 PM,3/18/2024 6:00:00 PM,SERC,WEST,EKPC,EKPC,2058.487,True
3/18/2024 11:00:00 PM,3/18/2024 7:00:00 PM,SERC,WEST,EKPC,EKPC,2131.421,True
3/19/2024 12:00:00 AM,3/18/2024 8:00:00 PM,SERC,WEST,EKPC,EKPC,2155.090,True
3/19/2024 1:00:00 AM,3/18/2024 9:00:00 PM,SERC,WEST,EKPC,EKPC,2111.981,True
3/19/2024 2:00:00 AM,3/18/2024 10:00:00 PM,SERC,WEST,EKPC,EKPC,2032.077,True
3/19/2024 3:00:00 AM,3/18/2024 11:00:00 PM,SERC,WEST,EKPC,EKPC,1957.787,True
3/19/2024 4:00:00 AM,3/19/2024 12:00:00 AM,SERC,WEST,EKPC,EKPC,1821.325,True
3/19/2024 5:00:00 AM,3/19/2024 1:00:00 AM,SERC,WEST,EKPC,EKPC,1801.920,True
3/19/2024 6:00:00 AM,3/19/2024 2:00:00 AM,SERC,WEST,EKPC,EKPC,1887.369,True
3/19/2024 7:00:00 AM,3/19/2024 3:00:00 AM,SERC,WEST,EKPC,EKPC,1911.804,True
3/19/2024 8:00:00 AM,3/19/2024 4:00:00 AM,SERC,WEST,EKPC,EKPC,1915.079,True
3/19/2024 9:00:00 AM,3/19/2024 5:00:00 AM,SERC,WEST,EKPC,EKPC,2038.199,True
3/19/2024 10:00:00 AM,3/19/2024 6:00:00 AM,SERC,WEST,EKPC,EKPC,2241.779,True
3/19/2024 11:00:00 AM,3/19/2024 7:00:00 AM,SERC,WEST,EKPC,EKPC,2310.485,True
3/19/2024 12:00:00 PM,3/19/2024 8:00:00 AM,SERC,WEST,EKPC,EKPC,2164.037,True
3/19/2024 1:00:00 PM,3/19/2024 9:00:00 AM,SERC,WEST,EKPC,EKPC,2047.772,True
3/19/2024 2:00:00 PM,3/19/2024 10:00:00 AM,SERC,WEST,EKPC,EKPC,1908.453,True
3/19/2024 3:00:00 PM,3/19/2024 11:00:00 AM,SERC,WEST,EKPC,EKPC,1809.243,True
3/19/2024 4:00:00 PM,3/19/2024 12:00:00 PM,SERC,WEST,EKPC,EKPC,1713.886,True
3/19/2024 5:00:00 PM,3/19/2024 1:00:00 PM,SERC,WEST,EKPC,EKPC,1678.928,True
3/19/2024 6:00:00 PM,3/19/2024 2:00:00 PM,SERC,WEST,EKPC,EKPC,1644.047,True
3/19/2024 7:00:00 PM,3/19/2024 3:00:00 PM,SERC,WEST,EKPC,EKPC,1598.441,True
3/19/2024 8:00:00 PM,3/19/2024 4:00:00 PM,SERC,WEST,EKPC,EKPC,1533.619,True
3/19/2024 9:00:00 PM,3/19/2024 5:00:00 PM,SERC,WEST,EKPC,EKPC,1578.474,True
3/19/2024 10:00:00 PM,3/19/2024 6:00:00 PM,SERC,WEST,EKPC,EKPC,1595.749,True
3/19/2024 11:00:00 PM,3/19/2024 7:00:00 PM,SERC,WEST,EKPC,EKPC,1646.188,True
3/20/2024 12:00:00 AM,3/19/2024 8:00:00 PM,SERC,WEST,EKPC,EKPC,1778.550,True
3/20/2024 1:00:00 AM,3/19/2024 9:00:00 PM,SERC,WEST,EKPC,EKPC,1729.885,True
3/20/2024 2:00:00 AM,3/19/2024 10:00:00 PM,SERC,WEST,EKPC,EKPC,1680.032,True
3/20/2024 3:00:00 AM,3/19/2024 11:00:00 PM,SERC,WEST,EKPC,EKPC,1630.465,True
3/20/2024 4:00:00 AM,3/20/2024 12:00:00 AM,SERC,WEST,EKPC,EKPC,1612.505,True
3/20/2024 5:00:00 AM,3/20/2024 1:00:00 AM,SERC,WEST,EKPC,EKPC,1522.868,True
3/20/2024 6:00:00 AM,3/20/2024 2:00:00 AM,SERC,WEST,EKPC,EKPC,1555.931,True
3/20/2024 7:00:00 AM,3/20/2024 3:00:00 AM,SERC,WEST,EKPC,EKPC,1594.176,True
3/20/2024 8:00:00 AM,3/20/2024 4:00:00 AM,SERC,WEST,EKPC,EKPC,1634.257,True
3/20/2024 9:00:00 AM,3/20/2024 5:00:00 AM,SERC,WEST,EKPC,EKPC,1737.235,True
3/20/2024 10:00:00 AM,3/20/2024 6:00:00 AM,SERC,WEST,EKPC,EKPC,1818.830,True
3/20/2024 11:00:00 AM,3/20/2024 7:00:00 AM,SERC,WEST,EKPC,EKPC,1882.013,True
3/20/2024 12:00:00 PM,3/20/2024 8:00:00 AM,SERC,WEST,EKPC,EKPC,1722.052,True
3/20/2024 1:00:00 PM,3/20/2024 9:00:00 AM,SERC,WEST,EKPC,EKPC,1592.468,True
3/20/2024 2:00:00 PM,3/20/2024 10:00:00 AM,SERC,WEST,EKPC,EKPC,1486.668,True
3/20/2024 3:00:00 PM,3/20/2024 11:00:00 AM,SERC,WEST,EKPC,EKPC,1377.458,True
3/20/2024 4:00:00 PM,3/20/2024 12:00:00 PM,SERC,WEST,EKPC,EKPC,1400.070,True
3/20/2024 5:00:00 PM,3/20/2024 1:00:00 PM,SERC,WEST,EKPC,EKPC,1369.889,True
3/20/2024 6:00:00 PM,3/20/2024 2:00:00 PM,SERC,WEST,EKPC,EKPC,1315.849,True
3/20/2024 7:00:00 PM,3/20/2024 3:00:00 PM,SERC,WEST,EKPC,EKPC,1315.186,True
3/20/2024 8:00:00 PM,3/20/2024 4:00:00 PM,SERC,WEST,EKPC,EKPC,1405.251,True
3/20/2024 9:00:00 PM,3/20/2024 5:00:00 PM,SERC,WEST,EKPC,EKPC,1418.807,True
3/20/2024 10:00:00 PM,3/20/2024 6:00:00 PM,SERC,WEST,EKPC,EKPC,1481.769,True
3/20/2024 11:00:00 PM,3/20/2024 7:00:00 PM,SERC,WEST,EKPC,EKPC,1406.497,True
3/21/2024 12:00:00 AM,3/20/2024 8:00:00 PM,SERC,WEST,EKPC,EKPC,1495.928,True
3/21/2024 1:00:00 AM,3/20/2024 9:00:00 PM,SERC,WEST,EKPC,EKPC,1570.975,True
3/21/2024 2:00:00 AM,3/20/2024 10:00:00 PM,SERC,WEST,EKPC,EKPC,1533.626,True
3/21/2024 3:00:00 AM,3/20/2024 11:00:00 PM,SERC,WEST,EKPC,EKPC,1484.170,True
3/21/2024 4:00:00 AM,3/21/2024 12:00:00 AM,SERC,WEST,EKPC,EKPC,1474.902,True
3/21/2024 5:00:00 AM,3/21/2024 1:00:00 AM,SERC,WEST,EKPC,EKPC,1505.080,True
3/21/2024 6:00:00 AM,3/21/2024 2:00:00 AM,SERC,WEST,EKPC,EKPC,1546.858,True
3/21/2024 7:00:00 AM,3/21/2024 3:00:00 AM,SERC,WEST,EKPC,EKPC,1606.989,True
3/21/2024 8:00:00 AM,3/21/2024 4:00:00 AM,SERC,WEST,EKPC,EKPC,1683.365,True
3/21/2024 9:00:00 AM,3/21/2024 5:00:00 AM,SERC,WEST,EKPC,EKPC,1833.069,True
3/21/2024 10:00:00 AM,3/21/2024 6:00:00 AM,SERC,WEST,EKPC,EKPC,1898.751,True
3/21/2024 11:00:00 AM,3/21/2024 7:00:00 AM,SERC,WEST,EKPC,EKPC,2003.812,True
3/21/2024 12:00:00 PM,3/21/2024 8:00:00 AM,SERC,WEST,EKPC,EKPC,2045.384,True
3/21/2024 1:00:00 PM,3/21/2024 9:00:00 AM,SERC,WEST,EKPC,EKPC,1908.946,True
3/21/2024 2:00:00 PM,3/21/2024 10:00:00 AM,SERC,WEST,EKPC,EKPC,1736.458,True
3/21/2024 3:00:00 PM,3/21/2024 11:00:00 AM,SERC,WEST,EKPC,EKPC,1630.584,True
3/21/2024 4:00:00 PM,3/21/2024 12:00:00 PM,SERC,WEST,EKPC,EKPC,1666.554,True
3/21/2024 5:00:00 PM,3/21/2024 1:00:00 PM,SERC,WEST,EKPC,EKPC,1493.745,True
3/21/2024 6:00:00 PM,3/21/2024 2:00:00 PM,SERC,WEST,EKPC,EKPC,1341.810,True
3/21/2024 7:00:00 PM,3/21/2024 3:00:00 PM,SERC,WEST,EKPC,EKPC,1376.348,True
3/21/2024 8:00:00 PM,3/21/2024 4:00:00 PM,SERC,WEST,EKPC,EKPC,1442.909,True
3/21/2024 9:00:00 PM,3/21/2024 5:00:00 PM,SERC,WEST,EKPC,EKPC,1452.920,True
3/21/2024 10:00:00 PM,3/21/2024 6:00:00 PM,SERC,WEST,EKPC,EKPC,1469.223,True
3/21/2024 11:00:00 PM,3/21/2024 7:00:00 PM,SERC,WEST,EKPC,EKPC,1552.117,True
3/22/2024 12:00:00 AM,3/21/2024 8:00:00 PM,SERC,WEST,EKPC,EKPC,1649.259,True
3/22/2024 1:00:00 AM,3/21/2024 9:00:00 PM,SERC,WEST,EKPC,EKPC,1674.411,True
3/22/2024 2:00:00 AM,3/21/2024 10:00:00 PM,SERC,WEST,EKPC,EKPC,1540.340,True
3/22/2024 3:00:00 AM,3/21/2024 11:00:00 PM,SERC,WEST,EKPC,EKPC,1412.887,True
3/22/2024 4:00:00 AM,3/22/2024 12:00:00 AM,SERC,WEST,EKPC,EKPC,1393.011,True
3/22/2024 5:00:00 AM,3/22/2024 1:00:00 AM,SERC,WEST,EKPC,EKPC,1489.167,True
3/22/2024 6:00:00 AM,3/22/2024 2:00:00 AM,SERC,WEST,EKPC,EKPC,1521.423,True
3/22/2024 7:00:00 AM,3/22/2024 3:00:00 AM,SERC,WEST,EKPC,EKPC,1559.497,True
3/22/2024 8:00:00 AM,3/22/2024 4:00:00 AM,SERC,WEST,EKPC,EKPC,1563.270,True
3/22/2024 9:00:00 AM,3/22/2024 5:00:00 AM,SERC,WEST,EKPC,EKPC,1718.574,True
3/22/2024 10:00:00 AM,3/22/2024 6:00:00 AM,SERC,WEST,EKPC,EKPC,1845.050,True
3/22/2024 11:00:00 AM,3/22/2024 7:00:00 AM,SERC,WEST,EKPC,EKPC,1902.111,True
3/22/2024 12:00:00 PM,3/22/2024 8:00:00 AM,SERC,WEST,EKPC,EKPC,1845.220,True
3/22/2024 1:00:00 PM,3/22/2024 9:00:00 AM,SERC,WEST,EKPC,EKPC,1799.926,True
3/22/2024 2:00:00 PM,3/22/2024 10:00:00 AM,SERC,WEST,EKPC,EKPC,1700.375,True
3/22/2024 3:00:00 PM,3/22/2024 11:00:00 AM,SERC,WEST,EKPC,EKPC,1631.078,True
3/22/2024 4:00:00 PM,3/22/2024 12:00:00 PM,SERC,WEST,EKPC,EKPC,1520.923,True
3/22/2024 5:00:00 PM,3/22/2024 1:00:00 PM,SERC,WEST,EKPC,EKPC,1487.932,True
3/22/2024 6:00:00 PM,3/22/2024 2:00:00 PM,SERC,WEST,EKPC,EKPC,1447.537,True
3/22/2024 7:00:00 PM,3/22/2024 3:00:00 PM,SERC,WEST,EKPC,EKPC,1462.340,True
3/22/2024 8:00:00 PM,3/22/2024 4:00:00 PM,SERC,WEST,EKPC,EKPC,1430.800,True
3/22/2024 9:00:00 PM,3/22/2024 5:00:00 PM,SERC,WEST,EKPC,EKPC,1448.659,True
3/22/2024 10:00:00 PM,3/22/2024 6:00:00 PM,SERC,WEST,EKPC,EKPC,1421.497,True
3/22/2024 11:00:00 PM,3/22/2024 7:00:00 PM,SERC,WEST,EKPC,EKPC,1465.558,True
3/23/2024 12:00:00 AM,3/22/2024 8:00:00 PM,SERC,WEST,EKPC,EKPC,1514.745,True
3/23/2024 1:00:00 AM,3/22/2024 9:00:00 PM,SERC,WEST,EKPC,EKPC,1483.828,True
3/23/2024 2:00:00 AM,3/22/2024 10:00:00 PM,SERC,WEST,EKPC,EKPC,1412.732,True
3/23/2024 3:00:00 AM,3/22/2024 11:00:00 PM,SERC,WEST,EKPC,EKPC,1297.303,True
3/23/2024 4:00:00 AM,3/23/2024 12:00:00 AM,SERC,WEST,EKPC,EKPC,1326.661,True
3/23/2024 5:00:00 AM,3/23/2024 1:00:00 AM,SERC,WEST,EKPC,EKPC,1208.754,True
3/23/2024 6:00:00 AM,3/23/2024 2:00:00 AM,SERC,WEST,EKPC,EKPC,1208.502,True
3/23/2024 7:00:00 AM,3/23/2024 3:00:00 AM,SERC,WEST,EKPC,EKPC,1271.780,True
3/23/2024 8:00:00 AM,3/23/2024 4:00:00 AM,SERC,WEST,EKPC,EKPC,1283.956,True
3/23/2024 9:00:00 AM,3/23/2024 5:00:00 AM,SERC,WEST,EKPC,EKPC,1351.382,True
3/23/2024 10:00:00 AM,3/23/2024 6:00:00 AM,SERC,WEST,EKPC,EKPC,1488.889,True
3/23/2024 11:00:00 AM,3/23/2024 7:00:00 AM,SERC,WEST,EKPC,EKPC,1517.455,True
3/23/2024 12:00:00 PM,3/23/2024 8:00:00 AM,SERC,WEST,EKPC,EKPC,1662.481,True
3/23/2024 1:00:00 PM,3/23/2024 9:00:00 AM,SERC,WEST,EKPC,EKPC,1712.350,True
3/23/2024 2:00:00 PM,3/23/2024 10:00:00 AM,SERC,WEST,EKPC,EKPC,1716.615,True
3/23/2024 3:00:00 PM,3/23/2024 11:00:00 AM,SERC,WEST,EKPC,EKPC,1569.664,True
3/23/2024 4:00:00 PM,3/23/2024 12:00:00 PM,SERC,WEST,EKPC,EKPC,1423.317,True
3/23/2024 5:00:00 PM,3/23/2024 1:00:00 PM,SERC,WEST,EKPC,EKPC,1435.593,True
3/23/2024 6:00:00 PM,3/23/2024 2:00:00 PM,SERC,WEST,EKPC,EKPC,1314.411,True
3/23/2024 7:00:00 PM,3/23/2024 3:00:00 PM,SERC,WEST,EKPC,EKPC,1433.686,True
3/23/2024 8:00:00 PM,3/23/2024 4:00:00 PM,SERC,WEST,EKPC,EKPC,1425.260,True
3/23/2024 9:00:00 PM,3/23/2024 5:00:00 PM,SERC,WEST,EKPC,EKPC,1456.897,True
3/23/2024 10:00:00 PM,3/23/2024 6:00:00 PM,SERC,WEST,EKPC,EKPC,1463.641,True
3/23/2024 11:00:00 PM,3/23/2024 7:00:00 PM,SERC,WEST,EKPC,EKPC,1548.632,True
3/24/2024 12:00:00 AM,3/23/2024 8:00:00 PM,SERC,WEST,EKPC,EKPC,1550.405,True
3/24/2024 1:00:00 AM,3/23/2024 9:00:00 PM,SERC,WEST,EKPC,EKPC,1549.548,True
3/24/2024 2:00:00 AM,3/23/2024 10:00:00 PM,SERC,WEST,EKPC,EKPC,1702.676,True
3/24/2024 3:00:00 AM,3/23/2024 11:00:00 PM,SERC,WEST,EKPC,EKPC,1676.162,True
3/24/2024 4:00:00 AM,3/24/2024 12:00:00 AM,SERC,WEST,EKPC,EKPC,1654.973,True
3/24/2024 5:00:00 AM,3/24/2024 1:00:00 AM,SERC,WEST,EKPC,EKPC,1690.830,True
3/24/2024 6:00:00 AM,3/24/2024 2:00:00 AM,SERC,WEST,EKPC,EKPC,1710.190,True
3/24/2024 7:00:00 AM,3/24/2024 3:00:00 AM,SERC,WEST,EKPC,EKPC,1755.705,True
3/24/2024 8:00:00 AM,3/24/2024 4:00:00 AM,SERC,WEST,EKPC,EKPC,1784.743,True
3/24/2024 9:00:00 AM,3/24/2024 5:00:00 AM,SERC,WEST,EKPC,EKPC,1737.904,True
3/24/2024 10:00:00 AM,3/24/2024 6:00:00 AM,SERC,WEST,EKPC,EKPC,1826.108,True
3/24/2024 11:00:00 AM,3/24/2024 7:00:00 AM,SERC,WEST,EKPC,EKPC,1908.335,True
3/24/2024 12:00:00 PM,3/24/2024 8:00:00 AM,SERC,WEST,EKPC,EKPC,2039.494,True
3/24/2024 1:00:00 PM,3/24/2024 9:00:00 AM,SERC,WEST,EKPC,EKPC,1996.311,True
3/24/2024 2:00:00 PM,3/24/2024 10:00:00 AM,SERC,WEST,EKPC,EKPC,1854.953,True
3/24/2024 3:00:00 PM,3/24/2024 11:00:00 AM,SERC,WEST,EKPC,EKPC,1717.712,True
3/24/2024 4:00:00 PM,3/24/2024 12:00:00 PM,SERC,WEST,EKPC,EKPC,1615.915,True
3/24/2024 5:00:00 PM,3/24/2024 1:00:00 PM,SERC,WEST,EKPC,EKPC,1475.238,True
3/24/2024 6:00:00 PM,3/24/2024 2:00:00 PM,SERC,WEST,EKPC,EKPC,1464.565,True
3/24/2024 7:00:00 PM,3/24/2024 3:00:00 PM,SERC,WEST,EKPC,EKPC,1297.034,True
3/24/2024 8:00:00 PM,3/24/2024 4:00:00 PM,SERC,WEST,EKPC,EKPC,1291.027,True
3/24/2024 9:00:00 PM,3/24/2024 5:00:00 PM,SERC,WEST,EKPC,EKPC,1380.566,True
3/24/2024 10:00:00 PM,3/24/2024 6:00:00 PM,SERC,WEST,EKPC,EKPC,1403.016,True
3/24/2024 11:00:00 PM,3/24/2024 7:00:00 PM,SERC,WEST,EKPC,EKPC,1500.299,True
3/25/2024 12:00:00 AM,3/24/2024 8:00:00 PM,SERC,WEST,EKPC,EKPC,1598.552,True
3/25/2024 1:00:00 AM,3/24/2024 9:00:00 PM,SERC,WEST,EKPC,EKPC,1561.330,True
3/25/2024 2:00:00 AM,3/24/2024 10:00:00 PM,SERC,WEST,EKPC,EKPC,1466.541,True
3/25/2024 3:00:00 AM,3/24/2024 11:00:00 PM,SERC,WEST,EKPC,EKPC,1403.495,True
3/25/2024 4:00:00 AM,3/25/2024 12:00:00 AM,SERC,WEST,EKPC,EKPC,1374.535,True
3/25/2024 5:00:00 AM,3/25/2024 1:00:00 AM,SERC,WEST,EKPC,EKPC,1380.586,True
3/25/2024 6:00:00 AM,3/25/2024 2:00:00 AM,SERC,WEST,EKPC,EKPC,1369.359,True
3/25/2024 7:00:00 AM,3/25/2024 3:00:00 AM,SERC,WEST,EKPC,EKPC,1396.101,True
3/25/2024 8:00:00 AM,3/25/2024 4:00:00 AM,SERC,WEST,EKPC,EKPC,1415.847,True
3/25/2024 9:00:00 AM,3/25/2024 5:00:00 AM,SERC,WEST,EKPC,EKPC,1463.311,True
3/25/2024 10:00:00 AM,3/25/2024 6:00:00 AM,SERC,WEST,EKPC,EKPC,1692.900,True
3/25/2024 11:00:00 AM,3/25/2024 7:00:00 AM,SERC,WEST,EKPC,EKPC,1746.271,True
3/25/2024 12:00:00 PM,3/25/2024 8:00:00 AM,SERC,WEST,EKPC,EKPC,1692.488,True
3/25/2024 1:00:00 PM,3/25/2024 9:00:00 AM,SERC,WEST,EKPC,EKPC,1657.201,True
3/25/2024 2:00:00 PM,3/25/2024 10:00:00 AM,SERC,WEST,EKPC,EKPC,1565.007,True
3/25/2024 3:00:00 PM,3/25/2024 11:00:00 AM,SERC,WEST,EKPC,EKPC,1470.406,True
3/25/2024 4:00:00 PM,3/25/2024 12:00:00 PM,SERC,WEST,EKPC,EKPC,1388.888,True
3/25/2024 5:00:00 PM,3/25/2024 1:00:00 PM,SERC,WEST,EKPC,EKPC,1371.628,True
3/25/2024 6:00:00 PM,3/25/2024 2:00:00 PM,SERC,WEST,EKPC,EKPC,1352.768,True
3/25/2024 7:00:00 PM,3/25/2024 3:00:00 PM,SERC,WEST,EKPC,EKPC,1306.662,True
3/25/2024 8:00:00 PM,3/25/2024 4:00:00 PM,SERC,WEST,EKPC,EKPC,1282.589,True
3/25/2024 9:00:00 PM,3/25/2024 5:00:00 PM,SERC,WEST,EKPC,EKPC,1319.513,True
3/25/2024 10:00:00 PM,3/25/2024 6:00:00 PM,SERC,WEST,EKPC,EKPC,1347.085,True
3/25/2024 11:00:00 PM,3/25/2024 7:00:00 PM,SERC,WEST,EKPC,EKPC,1370.925,True
3/26/2024 12:00:00 AM,3/25/2024 8:00:00 PM,SERC,WEST,EKPC,EKPC,1491.602,True
3/26/2024 1:00:00 AM,3/25/2024 9:00:00 PM,SERC,WEST,EKPC,EKPC,1455.563,True
3/26/2024 2:00:00 AM,3/25/2024 10:00:00 PM,SERC,WEST,EKPC,EKPC,1375.334,True
3/26/2024 3:00:00 AM,3/25/2024 11:00:00 PM,SERC,WEST,EKPC,EKPC,1259.596,True
3/26/2024 4:00:00 AM,3/26/2024 12:00:00 AM,SERC,WEST,EKPC,EKPC,1184.822,True
3/26/2024 5:00:00 AM,3/26/2024 1:00:00 AM,SERC,WEST,EKPC,EKPC,1162.215,True
3/26/2024 6:00:00 AM,3/26/2024 2:00:00 AM,SERC,WEST,EKPC,EKPC,1151.013,True
3/26/2024 7:00:00 AM,3/26/2024 3:00:00 AM,SERC,WEST,EKPC,EKPC,1187.180,True
3/26/2024 8:00:00 AM,3/26/2024 4:00:00 AM,SERC,WEST,EKPC,EKPC,1182.389,True
3/26/2024 9:00:00 AM,3/26/2024 5:00:00 AM,SERC,WEST,EKPC,EKPC,1237.354,True
3/26/2024 10:00:00 AM,3/26/2024 6:00:00 AM,SERC,WEST,EKPC,EKPC,1443.662,True
3/26/2024 11:00:00 AM,3/26/2024 7:00:00 AM,SERC,WEST,EKPC,EKPC,1486.624,True
3/26/2024 12:00:00 PM,3/26/2024 8:00:00 AM,SERC,WEST,EKPC,EKPC,1474.231,True
3/26/2024 1:00:00 PM,3/26/2024 9:00:00 AM,SERC,WEST,EKPC,EKPC,1493.898,True
3/26/2024 2:00:00 PM,3/26/2024 10:00:00 AM,SERC,WEST,EKPC,EKPC,1479.204,True
3/26/2024 3:00:00 PM,3/26/2024 11:00:00 AM,SERC,WEST,EKPC,EKPC,1502.365,True
3/26/2024 4:00:00 PM,3/26/2024 12:00:00 PM,SERC,WEST,EKPC,EKPC,1472.136,True
3/26/2024 5:00:00 PM,3/26/2024 1:00:00 PM,SERC,WEST,EKPC,EKPC,1379.983,True
3/26/2024 6:00:00 PM,3/26/2024 2:00:00 PM,SERC,WEST,EKPC,EKPC,1311.071,True
3/26/2024 7:00:00 PM,3/26/2024 3:00:00 PM,SERC,WEST,EKPC,EKPC,1266.304,True
3/26/2024 8:00:00 PM,3/26/2024 4:00:00 PM,SERC,WEST,EKPC,EKPC,1337.010,True
3/26/2024 9:00:00 PM,3/26/2024 5:00:00 PM,SERC,WEST,EKPC,EKPC,1278.096,True
3/26/2024 10:00:00 PM,3/26/2024 6:00:00 PM,SERC,WEST,EKPC,EKPC,1285.494,True
3/26/2024 11:00:00 PM,3/26/2024 7:00:00 PM,SERC,WEST,EKPC,EKPC,1328.800,True
3/27/2024 12:00:00 AM,3/26/2024 8:00:00 PM,SERC,WEST,EKPC,EKPC,1391.904,True
3/27/2024 1:00:00 AM,3/26/2024 9:00:00 PM,SERC,WEST,EKPC,EKPC,1355.664,True
3/27/2024 2:00:00 AM,3/26/2024 10:00:00 PM,SERC,WEST,EKPC,EKPC,1383.384,True
3/27/2024 3:00:00 AM,3/26/2024 11:00:00 PM,SERC,WEST,EKPC,EKPC,1206.921,True
3/27/2024 4:00:00 AM,3/27/2024 12:00:00 AM,SERC,WEST,EKPC,EKPC,1106.762,True
3/27/2024 5:00:00 AM,3/27/2024 1:00:00 AM,SERC,WEST,EKPC,EKPC,1112.051,True
3/27/2024 6:00:00 AM,3/27/2024 2:00:00 AM,SERC,WEST,EKPC,EKPC,1073.960,True
3/27/2024 7:00:00 AM,3/27/2024 3:00:00 AM,SERC,WEST,EKPC,EKPC,1102.978,True
3/27/2024 8:00:00 AM,3/27/2024 4:00:00 AM,SERC,WEST,EKPC,EKPC,1149.667,True
3/27/2024 9:00:00 AM,3/27/2024 5:00:00 AM,SERC,WEST,EKPC,EKPC,1237.303,True
3/27/2024 10:00:00 AM,3/27/2024 6:00:00 AM,SERC,WEST,EKPC,EKPC,1441.637,True
3/27/2024 11:00:00 AM,3/27/2024 7:00:00 AM,SERC,WEST,EKPC,EKPC,1520.024,True
3/27/2024 12:00:00 PM,3/27/2024 8:00:00 AM,SERC,WEST,EKPC,EKPC,1474.751,True
3/27/2024 1:00:00 PM,3/27/2024 9:00:00 AM,SERC,WEST,EKPC,EKPC,1373.364,True
3/27/2024 2:00:00 PM,3/27/2024 10:00:00 AM,SERC,WEST,EKPC,EKPC,1314.342,True
3/27/2024 3:00:00 PM,3/27/2024 11:00:00 AM,SERC,WEST,EKPC,EKPC,1275.219,True
3/27/2024 4:00:00 PM,3/27/2024 12:00:00 PM,SERC,WEST,EKPC,EKPC,1238.191,True
3/27/2024 5:00:00 PM,3/27/2024 1:00:00 PM,SERC,WEST,EKPC,EKPC,1232.170,True
3/27/2024 6:00:00 PM,3/27/2024 2:00:00 PM,SERC,WEST,EKPC,EKPC,1197.402,True
3/27/2024 7:00:00 PM,3/27/2024 3:00:00 PM,SERC,WEST,EKPC,EKPC,1153.911,True
3/27/2024 8:00:00 PM,3/27/2024 4:00:00 PM,SERC,WEST,EKPC,EKPC,1156.520,True
3/27/2024 9:00:00 PM,3/27/2024 5:00:00 PM,SERC,WEST,EKPC,EKPC,1181.570,True
3/27/2024 10:00:00 PM,3/27/2024 6:00:00 PM,SERC,WEST,EKPC,EKPC,1204.617,True
3/27/2024 11:00:00 PM,3/27/2024 7:00:00 PM,SERC,WEST,EKPC,EKPC,1271.003,True
3/28/2024 12:00:00 AM,3/27/2024 8:00:00 PM,SERC,WEST,EKPC,EKPC,1374.527,True
3/28/2024 1:00:00 AM,3/27/2024 9:00:00 PM,SERC,WEST,EKPC,EKPC,1423.986,True
3/28/2024 2:00:00 AM,3/27/2024 10:00:00 PM,SERC,WEST,EKPC,EKPC,1375.447,True
3/28/2024 3:00:00 AM,3/27/2024 11:00:00 PM,SERC,WEST,EKPC,EKPC,1337.819,True
3/28/2024 4:00:00 AM,3/28/2024 12:00:00 AM,SERC,WEST,EKPC,EKPC,1322.580,True
3/28/2024 5:00:00 AM,3/28/2024 1:00:00 AM,SERC,WEST,EKPC,EKPC,1342.637,True
3/28/2024 6:00:00 AM,3/28/2024 2:00:00 AM,SERC,WEST,EKPC,EKPC,1381.479,True
3/28/2024 7:00:00 AM,3/28/2024 3:00:00 AM,SERC,WEST,EKPC,EKPC,1422.724,True
3/28/2024 8:00:00 AM,3/28/2024 4:00:00 AM,SERC,WEST,EKPC,EKPC,1509.412,True
3/28/2024 9:00:00 AM,3/28/2024 5:00:00 AM,SERC,WEST,EKPC,EKPC,1662.185,True
3/28/2024 10:00:00 AM,3/28/2024 6:00:00 AM,SERC,WEST,EKPC,EKPC,1894.502,True
3/28/2024 11:00:00 AM,3/28/2024 7:00:00 AM,SERC,WEST,EKPC,EKPC,1972.732,True
3/28/2024 12:00:00 PM,3/28/2024 8:00:00 AM,SERC,WEST,EKPC,EKPC,1926.221,True
3/28/2024 1:00:00 PM,3/28/2024 9:00:00 AM,SERC,WEST,EKPC,EKPC,1696.580,True
3/28/2024 2:00:00 PM,3/28/2024 10:00:00 AM,SERC,WEST,EKPC,EKPC,1524.138,True
3/28/2024 3:00:00 PM,3/28/2024 11:00:00 AM,SERC,WEST,EKPC,EKPC,1409.535,True
3/28/2024 4:00:00 PM,3/28/2024 12:00:00 PM,SERC,WEST,EKPC,EKPC,1348.058,True
3/28/2024 5:00:00 PM,3/28/2024 1:00:00 PM,SERC,WEST,EKPC,EKPC,1342.817,True
3/28/2024 6:00:00 PM,3/28/2024 2:00:00 PM,SERC,WEST,EKPC,EKPC,1270.025,True
3/28/2024 7:00:00 PM,3/28/2024 3:00:00 PM,SERC,WEST,EKPC,EKPC,1238.957,True
3/28/2024 8:00:00 PM,3/28/2024 4:00:00 PM,SERC,WEST,EKPC,EKPC,1193.993,True
3/28/2024 9:00:00 PM,3/28/2024 5:00:00 PM,SERC,WEST,EKPC,EKPC,1223.279,True
3/28/2024 10:00:00 PM,3/28/2024 6:00:00 PM,SERC,WEST,EKPC,EKPC,1289.120,True
3/28/2024 11:00:00 PM,3/28/2024 7:00:00 PM,SERC,WEST,EKPC,EKPC,1307.713,True
3/29/2024 12:00:00 AM,3/28/2024 8:00:00 PM,SERC,WEST,EKPC,EKPC,1421.655,True
3/29/2024 1:00:00 AM,3/28/2024 9:00:00 PM,SERC,WEST,EKPC,EKPC,1514.721,True
3/29/2024 2:00:00 AM,3/28/2024 10:00:00 PM,SERC,WEST,EKPC,EKPC,1496.444,True
3/29/2024 3:00:00 AM,3/28/2024 11:00:00 PM,SERC,WEST,EKPC,EKPC,1487.627,True
3/29/2024 4:00:00 AM,3/29/2024 12:00:00 AM,SERC,WEST,EKPC,EKPC,1446.211,True
3/29/2024 5:00:00 AM,3/29/2024 1:00:00 AM,SERC,WEST,EKPC,EKPC,1490.422,True
3/29/2024 6:00:00 AM,3/29/2024 2:00:00 AM,SERC,WEST,EKPC,EKPC,1473.601,True
3/29/2024 7:00:00 AM,3/29/2024 3:00:00 AM,SERC,WEST,EKPC,EKPC,1489.729,True
3/29/2024 8:00:00 AM,3/29/2024 4:00:00 AM,SERC,WEST,EKPC,EKPC,1541.534,True
3/29/2024 9:00:00 AM,3/29/2024 5:00:00 AM,SERC,WEST,EKPC,EKPC,1623.847,True
3/29/2024 10:00:00 AM,3/29/2024 6:00:00 AM,SERC,WEST,EKPC,EKPC,1754.200,True
3/29/2024 11:00:00 AM,3/29/2024 7:00:00 AM,SERC,WEST,EKPC,EKPC,1843.354,True
3/29/2024 12:00:00 PM,3/29/2024 8:00:00 AM,SERC,WEST,EKPC,EKPC,1718.606,True
3/29/2024 1:00:00 PM,3/29/2024 9:00:00 AM,SERC,WEST,EKPC,EKPC,1521.220,True
3/29/2024 2:00:00 PM,3/29/2024 10:00:00 AM,SERC,WEST,EKPC,EKPC,1346.852,True
3/29/2024 3:00:00 PM,3/29/2024 11:00:00 AM,SERC,WEST,EKPC,EKPC,1256.682,True
3/29/2024 4:00:00 PM,3/29/2024 12:00:00 PM,SERC,WEST,EKPC,EKPC,1186.281,True
3/29/2024 5:00:00 PM,3/29/2024 1:00:00 PM,SERC,WEST,EKPC,EKPC,1146.472,True
3/29/2024 6:00:00 PM,3/29/2024 2:00:00 PM,SERC,WEST,EKPC,EKPC,1261.007,True
3/29/2024 7:00:00 PM,3/29/2024 3:00:00 PM,SERC,WEST,EKPC,EKPC,1209.246,True
3/29/2024 8:00:00 PM,3/29/2024 4:00:00 PM,SERC,WEST,EKPC,EKPC,1273.617,True
3/29/2024 9:00:00 PM,3/29/2024 5:00:00 PM,SERC,WEST,EKPC,EKPC,1322.706,True
3/29/2024 10:00:00 PM,3/29/2024 6:00:00 PM,SERC,WEST,EKPC,EKPC,1326.372,True
3/29/2024 11:00:00 PM,3/29/2024 7:00:00 PM,SERC,WEST,EKPC,EKPC,1219.802,True
3/30/2024 12:00:00 AM,3/29/2024 8:00:00 PM,SERC,WEST,EKPC,EKPC,1340.570,True
3/30/2024 1:00:00 AM,3/29/2024 9:00:00 PM,SERC,WEST,EKPC,EKPC,1360.212,True
3/30/2024 2:00:00 AM,3/29/2024 10:00:00 PM,SERC,WEST,EKPC,EKPC,1329.499,True
3/30/2024 3:00:00 AM,3/29/2024 11:00:00 PM,SERC,WEST,EKPC,EKPC,1258.638,True
3/30/2024 4:00:00 AM,3/30/2024 12:00:00 AM,SERC,WEST,EKPC,EKPC,1181.833,True
3/30/2024 5:00:00 AM,3/30/2024 1:00:00 AM,SERC,WEST,EKPC,EKPC,1141.070,True
3/30/2024 6:00:00 AM,3/30/2024 2:00:00 AM,SERC,WEST,EKPC,EKPC,1162.110,True
3/30/2024 7:00:00 AM,3/30/2024 3:00:00 AM,SERC,WEST,EKPC,EKPC,1143.067,True
3/30/2024 8:00:00 AM,3/30/2024 4:00:00 AM,SERC,WEST,EKPC,EKPC,1225.120,True
3/30/2024 9:00:00 AM,3/30/2024 5:00:00 AM,SERC,WEST,EKPC,EKPC,1151.554,True
3/30/2024 10:00:00 AM,3/30/2024 6:00:00 AM,SERC,WEST,EKPC,EKPC,1205.519,True
3/30/2024 11:00:00 AM,3/30/2024 7:00:00 AM,SERC,WEST,EKPC,EKPC,1334.599,True
3/30/2024 12:00:00 PM,3/30/2024 8:00:00 AM,SERC,WEST,EKPC,EKPC,1441.744,True
3/30/2024 1:00:00 PM,3/30/2024 9:00:00 AM,SERC,WEST,EKPC,EKPC,1449.767,True
3/30/2024 2:00:00 PM,3/30/2024 10:00:00 AM,SERC,WEST,EKPC,EKPC,1437.072,True
3/30/2024 3:00:00 PM,3/30/2024 11:00:00 AM,SERC,WEST,EKPC,EKPC,1381.955,True
3/30/2024 4:00:00 PM,3/30/2024 12:00:00 PM,SERC,WEST,EKPC,EKPC,1291.236,True
3/30/2024 5:00:00 PM,3/30/2024 1:00:00 PM,SERC,WEST,EKPC,EKPC,1251.447,True
3/30/2024 6:00:00 PM,3/30/2024 2:00:00 PM,SERC,WEST,EKPC,EKPC,1255.927,True
3/30/2024 7:00:00 PM,3/30/2024 3:00:00 PM,SERC,WEST,EKPC,EKPC,1260.681,True
3/30/2024 8:00:00 PM,3/30/2024 4:00:00 PM,SERC,WEST,EKPC,EKPC,1299.793,True
3/30/2024 9:00:00 PM,3/30/2024 5:00:00 PM,SERC,WEST,EKPC,EKPC,1288.361,True
3/30/2024 10:00:00 PM,3/30/2024 6:00:00 PM,SERC,WEST,EKPC,EKPC,1340.216,True
3/30/2024 11:00:00 PM,3/30/2024 7:00:00 PM,SERC,WEST,EKPC,EKPC,1378.534,True
3/31/2024 12:00:00 AM,3/30/2024 8:00:00 PM,SERC,WEST,EKPC,EKPC,1374.656,True
3/31/2024 1:00:00 AM,3/30/2024 9:00:00 PM,SERC,WEST,EKPC,EKPC,1312.156,True
3/31/2024 2:00:00 AM,3/30/2024 10:00:00 PM,SERC,WEST,EKPC,EKPC,1242.486,True
3/31/2024 3:00:00 AM,3/30/2024 11:00:00 PM,SERC,WEST,EKPC,EKPC,1207.402,True
3/31/2024 4:00:00 AM,3/31/2024 12:00:00 AM,SERC,WEST,EKPC,EKPC,1160.029,True
3/31/2024 5:00:00 AM,3/31/2024 1:00:00 AM,SERC,WEST,EKPC,EKPC,1085.376,True
3/31/2024 6:00:00 AM,3/31/2024 2:00:00 AM,SERC,WEST,EKPC,EKPC,1049.909,True
3/31/2024 7:00:00 AM,3/31/2024 3:00:00 AM,SERC,WEST,EKPC,EKPC,1018.258,True
3/31/2024 8:00:00 AM,3/31/2024 4:00:00 AM,SERC,WEST,EKPC,EKPC,1048.122,True
3/31/2024 9:00:00 AM,3/31/2024 5:00:00 AM,SERC,WEST,EKPC,EKPC,968.011,True
3/31/2024 10:00:00 AM,3/31/2024 6:00:00 AM,SERC,WEST,EKPC,EKPC,945.571,True
3/31/2024 11:00:00 AM,3/31/2024 7:00:00 AM,SERC,WEST,EKPC,EKPC,988.451,True
3/31/2024 12:00:00 PM,3/31/2024 8:00:00 AM,SERC,WEST,EKPC,EKPC,1104.266,True
3/31/2024 1:00:00 PM,3/31/2024 9:00:00 AM,SERC,WEST,EKPC,EKPC,1296.393,True
3/31/2024 2:00:00 PM,3/31/2024 10:00:00 AM,SERC,WEST,EKPC,EKPC,1350.599,True
3/31/2024 3:00:00 PM,3/31/2024 11:00:00 AM,SERC,WEST,EKPC,EKPC,1218.046,True
3/31/2024 4:00:00 PM,3/31/2024 12:00:00 PM,SERC,WEST,EKPC,EKPC,1157.147,True
3/31/2024 5:00:00 PM,3/31/2024 1:00:00 PM,SERC,WEST,EKPC,EKPC,1148.093,True
3/31/2024 6:00:00 PM,3/31/2024 2:00:00 PM,SERC,WEST,EKPC,EKPC,1131.178,True
3/31/2024 7:00:00 PM,3/31/2024 3:00:00 PM,SERC,WEST,EKPC,EKPC,1191.452,True
3/31/2024 8:00:00 PM,3/31/2024 4:00:00 PM,SERC,WEST,EKPC,EKPC,1145.645,True
3/31/2024 9:00:00 PM,3/31/2024 5:00:00 PM,SERC,WEST,EKPC,EKPC,1149.784,True
3/31/2024 10:00:00 PM,3/31/2024 6:00:00 PM,SERC,WEST,EKPC,EKPC,1324.856,True
3/31/2024 11:00:00 PM,3/31/2024 7:00:00 PM,SERC,WEST,EKPC,EKPC,1226.016,True
4/1/2024 12:00:00 AM,3/31/2024 8:00:00 PM,SERC,WEST,EKPC,EKPC,1297.095,True
4/1/2024 1:00:00 AM,3/31/2024 9:00:00 PM,SERC,WEST,EKPC,EKPC,1291.225,True
4/1/2024 2:00:00 AM,3/31/2024 10:00:00 PM,SERC,WEST,EKPC,EKPC,1255.979,True
4/1/2024 3:00:00 AM,3/31/2024 11:00:00 PM,SERC,WEST,EKPC,EKPC,1178.987,True
4/1/2024 4:00:00 AM,4/1/2024 12:00:00 AM,SERC,WEST,EKPC,EKPC,1050.767,True
4/1/2024 5:00:00 AM,4/1/2024 1:00:00 AM,SERC,WEST,EKPC,EKPC,1012.772,True
4/1/2024 6:00:00 AM,4/1/2024 2:00:00 AM,SERC,WEST,EKPC,EKPC,985.517,True
4/1/2024 7:00:00 AM,4/1/2024 3:00:00 AM,SERC,WEST,EKPC,EKPC,971.421,True
4/1/2024 8:00:00 AM,4/1/2024 4:00:00 AM,SERC,WEST,EKPC,EKPC,1022.985,True
4/1/2024 9:00:00 AM,4/1/2024 5:00:00 AM,SERC,WEST,EKPC,EKPC,1063.750,True
4/1/2024 10:00:00 AM,4/1/2024 6:00:00 AM,SERC,WEST,EKPC,EKPC,1176.164,True
4/1/2024 11:00:00 AM,4/1/2024 7:00:00 AM,SERC,WEST,EKPC,EKPC,1276.654,True
4/1/2024 12:00:00 PM,4/1/2024 8:00:00 AM,SERC,WEST,EKPC,EKPC,1306.890,True
4/1/2024 1:00:00 PM,4/1/2024 9:00:00 AM,SERC,WEST,EKPC,EKPC,1352.923,True
4/1/2024 2:00:00 PM,4/1/2024 10:00:00 AM,SERC,WEST,EKPC,EKPC,1369.816,True
4/1/2024 3:00:00 PM,4/1/2024 11:00:00 AM,SERC,WEST,EKPC,EKPC,1385.830,True
4/1/2024 4:00:00 PM,4/1/2024 12:00:00 PM,SERC,WEST,EKPC,EKPC,1399.629,True
4/1/2024 5:00:00 PM,4/1/2024 1:00:00 PM,SERC,WEST,EKPC,EKPC,1412.309,True
4/1/2024 6:00:00 PM,4/1/2024 2:00:00 PM,SERC,WEST,EKPC,EKPC,1378.685,True
4/1/2024 7:00:00 PM,4/1/2024 3:00:00 PM,SERC,WEST,EKPC,EKPC,1414.119,True
4/1/2024 8:00:00 PM,4/1/2024 4:00:00 PM,SERC,WEST,EKPC,EKPC,1440.257,True
4/1/2024 9:00:00 PM,4/1/2024 5:00:00 PM,SERC,WEST,EKPC,EKPC,1462.631,True
4/1/2024 10:00:00 PM,4/1/2024 6:00:00 PM,SERC,WEST,EKPC,EKPC,1527.533,True
4/1/2024 11:00:00 PM,4/1/2024 7:00:00 PM,SERC,WEST,EKPC,EKPC,1489.954,True
4/2/2024 12:00:00 AM,4/1/2024 8:00:00 PM,SERC,WEST,EKPC,EKPC,1531.049,True
4/2/2024 1:00:00 AM,4/1/2024 9:00:00 PM,SERC,WEST,EKPC,EKPC,1459.091,True
4/2/2024 2:00:00 AM,4/1/2024 10:00:00 PM,SERC,WEST,EKPC,EKPC,1377.524,True
4/2/2024 3:00:00 AM,4/1/2024 11:00:00 PM,SERC,WEST,EKPC,EKPC,1306.458,True
4/2/2024 4:00:00 AM,4/2/2024 12:00:00 AM,SERC,WEST,EKPC,EKPC,1210.331,True
4/2/2024 5:00:00 AM,4/2/2024 1:00:00 AM,SERC,WEST,EKPC,EKPC,1166.063,True
4/2/2024 6:00:00 AM,4/2/2024 2:00:00 AM,SERC,WEST,EKPC,EKPC,1104.030,True
4/2/2024 7:00:00 AM,4/2/2024 3:00:00 AM,SERC,WEST,EKPC,EKPC,1035.852,True
4/2/2024 8:00:00 AM,4/2/2024 4:00:00 AM,SERC,WEST,EKPC,EKPC,1111.972,True
4/2/2024 9:00:00 AM,4/2/2024 5:00:00 AM,SERC,WEST,EKPC,EKPC,1136.775,True
4/2/2024 10:00:00 AM,4/2/2024 6:00:00 AM,SERC,WEST,EKPC,EKPC,1140.745,True
4/2/2024 11:00:00 AM,4/2/2024 7:00:00 AM,SERC,WEST,EKPC,EKPC,1152.949,True
4/2/2024 12:00:00 PM,4/2/2024 8:00:00 AM,SERC,WEST,EKPC,EKPC,1232.541,True
4/2/2024 1:00:00 PM,4/2/2024 9:00:00 AM,SERC,WEST,EKPC,EKPC,1203.005,True
4/2/2024 2:00:00 PM,4/2/2024 10:00:00 AM,SERC,WEST,EKPC,EKPC,1277.487,True
4/2/2024 3:00:00 PM,4/2/2024 11:00:00 AM,SERC,WEST,EKPC,EKPC,1336.710,True
4/2/2024 4:00:00 PM,4/2/2024 12:00:00 PM,SERC,WEST,EKPC,EKPC,1385.233,True
4/2/2024 5:00:00 PM,4/2/2024 1:00:00 PM,SERC,WEST,EKPC,EKPC,1386.835,True
4/2/2024 6:00:00 PM,4/2/2024 2:00:00 PM,SERC,WEST,EKPC,EKPC,1390.040,True
4/2/2024 7:00:00 PM,4/2/2024 3:00:00 PM,SERC,WEST,EKPC,EKPC,1401.457,True
4/2/2024 8:00:00 PM,4/2/2024 4:00:00 PM,SERC,WEST,EKPC,EKPC,1447.293,True
4/2/2024 9:00:00 PM,4/2/2024 5:00:00 PM,SERC,WEST,EKPC,EKPC,1464.475,True
4/2/2024 10:00:00 PM,4/2/2024 6:00:00 PM,SERC,WEST,EKPC,EKPC,1464.467,True
4/2/2024 11:00:00 PM,4/2/2024 7:00:00 PM,SERC,WEST,EKPC,EKPC,1475.404,True
4/3/2024 12:00:00 AM,4/2/2024 8:00:00 PM,SERC,WEST,EKPC,EKPC,1366.207,True
4/3/2024 1:00:00 AM,4/2/2024 9:00:00 PM,SERC,WEST,EKPC,EKPC,1409.765,True
4/3/2024 2:00:00 AM,4/2/2024 10:00:00 PM,SERC,WEST,EKPC,EKPC,1312.123,True
4/3/2024 3:00:00 AM,4/2/2024 11:00:00 PM,SERC,WEST,EKPC,EKPC,1184.666,True
4/3/2024 4:00:00 AM,4/3/2024 12:00:00 AM,SERC,WEST,EKPC,EKPC,1166.900,True
4/3/2024 5:00:00 AM,4/3/2024 1:00:00 AM,SERC,WEST,EKPC,EKPC,1065.134,True
4/3/2024 6:00:00 AM,4/3/2024 2:00:00 AM,SERC,WEST,EKPC,EKPC,1076.905,True
4/3/2024 7:00:00 AM,4/3/2024 3:00:00 AM,SERC,WEST,EKPC,EKPC,1102.448,True
4/3/2024 8:00:00 AM,4/3/2024 4:00:00 AM,SERC,WEST,EKPC,EKPC,1117.202,True
4/3/2024 9:00:00 AM,4/3/2024 5:00:00 AM,SERC,WEST,EKPC,EKPC,1208.373,True
4/3/2024 10:00:00 AM,4/3/2024 6:00:00 AM,SERC,WEST,EKPC,EKPC,1333.602,True
4/3/2024 11:00:00 AM,4/3/2024 7:00:00 AM,SERC,WEST,EKPC,EKPC,1443.042,True
4/3/2024 12:00:00 PM,4/3/2024 8:00:00 AM,SERC,WEST,EKPC,EKPC,1454.857,True
4/3/2024 1:00:00 PM,4/3/2024 9:00:00 AM,SERC,WEST,EKPC,EKPC,1391.562,True
4/3/2024 2:00:00 PM,4/3/2024 10:00:00 AM,SERC,WEST,EKPC,EKPC,1383.706,True
4/3/2024 3:00:00 PM,4/3/2024 11:00:00 AM,SERC,WEST,EKPC,EKPC,1421.793,True
4/3/2024 4:00:00 PM,4/3/2024 12:00:00 PM,SERC,WEST,EKPC,EKPC,1488.139,True
4/3/2024 5:00:00 PM,4/3/2024 1:00:00 PM,SERC,WEST,EKPC,EKPC,1485.269,True
4/3/2024 6:00:00 PM,4/3/2024 2:00:00 PM,SERC,WEST,EKPC,EKPC,1478.788,True
4/3/2024 7:00:00 PM,4/3/2024 3:00:00 PM,SERC,WEST,EKPC,EKPC,1448.372,True
4/3/2024 8:00:00 PM,4/3/2024 4:00:00 PM,SERC,WEST,EKPC,EKPC,1464.033,True
4/3/2024 9:00:00 PM,4/3/2024 5:00:00 PM,SERC,WEST,EKPC,EKPC,1534.744,True
4/3/2024 10:00:00 PM,4/3/2024 6:00:00 PM,SERC,WEST,EKPC,EKPC,1592.113,True
4/3/2024 11:00:00 PM,4/3/2024 7:00:00 PM,SERC,WEST,EKPC,EKPC,1649.732,True
4/4/2024 12:00:00 AM,4/3/2024 8:00:00 PM,SERC,WEST,EKPC,EKPC,1714.228,True
4/4/2024 1:00:00 AM,4/3/2024 9:00:00 PM,SERC,WEST,EKPC,EKPC,1634.818,True
4/4/2024 2:00:00 AM,4/3/2024 10:00:00 PM,SERC,WEST,EKPC,EKPC,1560.895,True
4/4/2024 3:00:00 AM,4/3/2024 11:00:00 PM,SERC,WEST,EKPC,EKPC,1525.427,True
4/4/2024 4:00:00 AM,4/4/2024 12:00:00 AM,SERC,WEST,EKPC,EKPC,1490.355,True
4/4/2024 5:00:00 AM,4/4/2024 1:00:00 AM,SERC,WEST,EKPC,EKPC,1477.644,True
4/4/2024 6:00:00 AM,4/4/2024 2:00:00 AM,SERC,WEST,EKPC,EKPC,1527.014,True
4/4/2024 7:00:00 AM,4/4/2024 3:00:00 AM,SERC,WEST,EKPC,EKPC,1463.708,True
4/4/2024 8:00:00 AM,4/4/2024 4:00:00 AM,SERC,WEST,EKPC,EKPC,1526.840,True
4/4/2024 9:00:00 AM,4/4/2024 5:00:00 AM,SERC,WEST,EKPC,EKPC,1686.232,True
4/4/2024 10:00:00 AM,4/4/2024 6:00:00 AM,SERC,WEST,EKPC,EKPC,1790.331,True
4/4/2024 11:00:00 AM,4/4/2024 7:00:00 AM,SERC,WEST,EKPC,EKPC,1902.940,True
4/4/2024 12:00:00 PM,4/4/2024 8:00:00 AM,SERC,WEST,EKPC,EKPC,1914.374,True
4/4/2024 1:00:00 PM,4/4/2024 9:00:00 AM,SERC,WEST,EKPC,EKPC,1907.556,True
4/4/2024 2:00:00 PM,4/4/2024 10:00:00 AM,SERC,WEST,EKPC,EKPC,1856.381,True
4/4/2024 3:00:00 PM,4/4/2024 11:00:00 AM,SERC,WEST,EKPC,EKPC,1827.588,True
4/4/2024 4:00:00 PM,4/4/2024 12:00:00 PM,SERC,WEST,EKPC,EKPC,1711.416,True
4/4/2024 5:00:00 PM,4/4/2024 1:00:00 PM,SERC,WEST,EKPC,EKPC,1557.531,True
4/4/2024 6:00:00 PM,4/4/2024 2:00:00 PM,SERC,WEST,EKPC,EKPC,1520.228,True
4/4/2024 7:00:00 PM,4/4/2024 3:00:00 PM,SERC,WEST,EKPC,EKPC,1671.006,True
4/4/2024 8:00:00 PM,4/4/2024 4:00:00 PM,SERC,WEST,EKPC,EKPC,1669.700,True
4/4/2024 9:00:00 PM,4/4/2024 5:00:00 PM,SERC,WEST,EKPC,EKPC,1674.870,True
4/4/2024 10:00:00 PM,4/4/2024 6:00:00 PM,SERC,WEST,EKPC,EKPC,1768.190,True
4/4/2024 11:00:00 PM,4/4/2024 7:00:00 PM,SERC,WEST,EKPC,EKPC,1777.518,True
4/5/2024 12:00:00 AM,4/4/2024 8:00:00 PM,SERC,WEST,EKPC,EKPC,1795.449,True
4/5/2024 1:00:00 AM,4/4/2024 9:00:00 PM,SERC,WEST,EKPC,EKPC,1722.476,True
4/5/2024 2:00:00 AM,4/4/2024 10:00:00 PM,SERC,WEST,EKPC,EKPC,1614.488,True
4/5/2024 3:00:00 AM,4/4/2024 11:00:00 PM,SERC,WEST,EKPC,EKPC,1681.934,True
4/5/2024 4:00:00 AM,4/5/2024 12:00:00 AM,SERC,WEST,EKPC,EKPC,1614.549,True
4/5/2024 5:00:00 AM,4/5/2024 1:00:00 AM,SERC,WEST,EKPC,EKPC,1475.002,True
4/5/2024 6:00:00 AM,4/5/2024 2:00:00 AM,SERC,WEST,EKPC,EKPC,1544.774,True
4/5/2024 7:00:00 AM,4/5/2024 3:00:00 AM,SERC,WEST,EKPC,EKPC,1616.569,True
4/5/2024 8:00:00 AM,4/5/2024 4:00:00 AM,SERC,WEST,EKPC,EKPC,1634.667,True
4/5/2024 9:00:00 AM,4/5/2024 5:00:00 AM,SERC,WEST,EKPC,EKPC,1710.737,True
4/5/2024 10:00:00 AM,4/5/2024 6:00:00 AM,SERC,WEST,EKPC,EKPC,1796.064,True
4/5/2024 11:00:00 AM,4/5/2024 7:00:00 AM,SERC,WEST,EKPC,EKPC,1862.400,True
4/5/2024 12:00:00 PM,4/5/2024 8:00:00 AM,SERC,WEST,EKPC,EKPC,1849.354,True
4/5/2024 1:00:00 PM,4/5/2024 9:00:00 AM,SERC,WEST,EKPC,EKPC,1780.820,True
4/5/2024 2:00:00 PM,4/5/2024 10:00:00 AM,SERC,WEST,EKPC,EKPC,1782.239,True
4/5/2024 3:00:00 PM,4/5/2024 11:00:00 AM,SERC,WEST,EKPC,EKPC,1776.498,True
4/5/2024 4:00:00 PM,4/5/2024 12:00:00 PM,SERC,WEST,EKPC,EKPC,1651.197,True
4/5/2024 5:00:00 PM,4/5/2024 1:00:00 PM,SERC,WEST,EKPC,EKPC,1622.628,True
4/5/2024 6:00:00 PM,4/5/2024 2:00:00 PM,SERC,WEST,EKPC,EKPC,1610.335,True
4/5/2024 7:00:00 PM,4/5/2024 3:00:00 PM,SERC,WEST,EKPC,EKPC,1567.599,True
4/5/2024 8:00:00 PM,4/5/2024 4:00:00 PM,SERC,WEST,EKPC,EKPC,1501.462,True
4/5/2024 9:00:00 PM,4/5/2024 5:00:00 PM,SERC,WEST,EKPC,EKPC,1515.813,True
4/5/2024 10:00:00 PM,4/5/2024 6:00:00 PM,SERC,WEST,EKPC,EKPC,1672.277,True
4/5/2024 11:00:00 PM,4/5/2024 7:00:00 PM,SERC,WEST,EKPC,EKPC,1701.719,True
4/6/2024 12:00:00 AM,4/5/2024 8:00:00 PM,SERC,WEST,EKPC,EKPC,1728.045,True
4/6/2024 1:00:00 AM,4/5/2024 9:00:00 PM,SERC,WEST,EKPC,EKPC,1714.917,True
4/6/2024 2:00:00 AM,4/5/2024 10:00:00 PM,SERC,WEST,EKPC,EKPC,1693.185,True
4/6/2024 3:00:00 AM,4/5/2024 11:00:00 PM,SERC,WEST,EKPC,EKPC,1601.093,True
4/6/2024 4:00:00 AM,4/6/2024 12:00:00 AM,SERC,WEST,EKPC,EKPC,1582.873,True
4/6/2024 5:00:00 AM,4/6/2024 1:00:00 AM,SERC,WEST,EKPC,EKPC,1556.624,True
4/6/2024 6:00:00 AM,4/6/2024 2:00:00 AM,SERC,WEST,EKPC,EKPC,1510.014,True
4/6/2024 7:00:00 AM,4/6/2024 3:00:00 AM,SERC,WEST,EKPC,EKPC,1495.485,True
4/6/2024 8:00:00 AM,4/6/2024 4:00:00 AM,SERC,WEST,EKPC,EKPC,1600.979,True
4/6/2024 9:00:00 AM,4/6/2024 5:00:00 AM,SERC,WEST,EKPC,EKPC,1783.596,True
4/6/2024 10:00:00 AM,4/6/2024 6:00:00 AM,SERC,WEST,EKPC,EKPC,1856.626,True
4/6/2024 11:00:00 AM,4/6/2024 7:00:00 AM,SERC,WEST,EKPC,EKPC,1952.474,True
4/6/2024 12:00:00 PM,4/6/2024 8:00:00 AM,SERC,WEST,EKPC,EKPC,1881.875,True
4/6/2024 1:00:00 PM,4/6/2024 9:00:00 AM,SERC,WEST,EKPC,EKPC,1728.851,True
4/6/2024 2:00:00 PM,4/6/2024 10:00:00 AM,SERC,WEST,EKPC,EKPC,1645.809,True
4/6/2024 3:00:00 PM,4/6/2024 11:00:00 AM,SERC,WEST,EKPC,EKPC,1517.527,True
4/6/2024 4:00:00 PM,4/6/2024 12:00:00 PM,SERC,WEST,EKPC,EKPC,1409.740,True
4/6/2024 5:00:00 PM,4/6/2024 1:00:00 PM,SERC,WEST,EKPC,EKPC,1280.523,True
4/6/2024 6:00:00 PM,4/6/2024 2:00:00 PM,SERC,WEST,EKPC,EKPC,1157.606,True
4/6/2024 7:00:00 PM,4/6/2024 3:00:00 PM,SERC,WEST,EKPC,EKPC,1118.424,True
4/6/2024 8:00:00 PM,4/6/2024 4:00:00 PM,SERC,WEST,EKPC,EKPC,1128.652,True
4/6/2024 9:00:00 PM,4/6/2024 5:00:00 PM,SERC,WEST,EKPC,EKPC,1132.885,True
4/6/2024 10:00:00 PM,4/6/2024 6:00:00 PM,SERC,WEST,EKPC,EKPC,1136.173,True
4/6/2024 11:00:00 PM,4/6/2024 7:00:00 PM,SERC,WEST,EKPC,EKPC,1157.289,True
4/7/2024 12:00:00 AM,4/6/2024 8:00:00 PM,SERC,WEST,EKPC,EKPC,1271.319,True
4/7/2024 1:00:00 AM,4/6/2024 9:00:00 PM,SERC,WEST,EKPC,EKPC,1303.048,True
4/7/2024 2:00:00 AM,4/6/2024 10:00:00 PM,SERC,WEST,EKPC,EKPC,1297.357,True
4/7/2024 3:00:00 AM,4/6/2024 11:00:00 PM,SERC,WEST,EKPC,EKPC,1285.492,True
4/7/2024 4:00:00 AM,4/7/2024 12:00:00 AM,SERC,WEST,EKPC,EKPC,1300.247,True
4/7/2024 5:00:00 AM,4/7/2024 1:00:00 AM,SERC,WEST,EKPC,EKPC,1297.554,True
4/7/2024 6:00:00 AM,4/7/2024 2:00:00 AM,SERC,WEST,EKPC,EKPC,1402.997,True
4/7/2024 7:00:00 AM,4/7/2024 3:00:00 AM,SERC,WEST,EKPC,EKPC,1456.127,True
4/7/2024 8:00:00 AM,4/7/2024 4:00:00 AM,SERC,WEST,EKPC,EKPC,1526.393,True
4/7/2024 9:00:00 AM,4/7/2024 5:00:00 AM,SERC,WEST,EKPC,EKPC,1585.649,True
4/7/2024 10:00:00 AM,4/7/2024 6:00:00 AM,SERC,WEST,EKPC,EKPC,1669.191,True
4/7/2024 11:00:00 AM,4/7/2024 7:00:00 AM,SERC,WEST,EKPC,EKPC,1718.520,True
4/7/2024 12:00:00 PM,4/7/2024 8:00:00 AM,SERC,WEST,EKPC,EKPC,1661.542,True
4/7/2024 1:00:00 PM,4/7/2024 9:00:00 AM,SERC,WEST,EKPC,EKPC,1510.749,True
4/7/2024 2:00:00 PM,4/7/2024 10:00:00 AM,SERC,WEST,EKPC,EKPC,1489.621,True
4/7/2024 3:00:00 PM,4/7/2024 11:00:00 AM,SERC,WEST,EKPC,EKPC,1248.657,True
4/7/2024 4:00:00 PM,4/7/2024 12:00:00 PM,SERC,WEST,EKPC,EKPC,1192.304,True
4/7/2024 5:00:00 PM,4/7/2024 1:00:00 PM,SERC,WEST,EKPC,EKPC,1139.844,True
4/7/2024 6:00:00 PM,4/7/2024 2:00:00 PM,SERC,WEST,EKPC,EKPC,1113.820,True
4/7/2024 7:00:00 PM,4/7/2024 3:00:00 PM,SERC,WEST,EKPC,EKPC,1124.023,True
4/7/2024 8:00:00 PM,4/7/2024 4:00:00 PM,SERC,WEST,EKPC,EKPC,1195.696,True
4/7/2024 9:00:00 PM,4/7/2024 5:00:00 PM,SERC,WEST,EKPC,EKPC,1289.060,True
4/7/2024 10:00:00 PM,4/7/2024 6:00:00 PM,SERC,WEST,EKPC,EKPC,1284.378,True
4/7/2024 11:00:00 PM,4/7/2024 7:00:00 PM,SERC,WEST,EKPC,EKPC,1311.364,True
4/8/2024 12:00:00 AM,4/7/2024 8:00:00 PM,SERC,WEST,EKPC,EKPC,1357.710,True
4/8/2024 1:00:00 AM,4/7/2024 9:00:00 PM,SERC,WEST,EKPC,EKPC,1419.541,True
4/8/2024 2:00:00 AM,4/7/2024 10:00:00 PM,SERC,WEST,EKPC,EKPC,1319.564,True
4/8/2024 3:00:00 AM,4/7/2024 11:00:00 PM,SERC,WEST,EKPC,EKPC,1112.329,True
4/8/2024 4:00:00 AM,4/8/2024 12:00:00 AM,SERC,WEST,EKPC,EKPC,1017.101,True
4/8/2024 5:00:00 AM,4/8/2024 1:00:00 AM,SERC,WEST,EKPC,EKPC,968.127,True
4/8/2024 6:00:00 AM,4/8/2024 2:00:00 AM,SERC,WEST,EKPC,EKPC,950.413,True
4/8/2024 7:00:00 AM,4/8/2024 3:00:00 AM,SERC,WEST,EKPC,EKPC,1009.429,True
4/8/2024 8:00:00 AM,4/8/2024 4:00:00 AM,SERC,WEST,EKPC,EKPC,1095.393,True
4/8/2024 9:00:00 AM,4/8/2024 5:00:00 AM,SERC,WEST,EKPC,EKPC,1233.278,True
4/8/2024 10:00:00 AM,4/8/2024 6:00:00 AM,SERC,WEST,EKPC,EKPC,1331.593,True
4/8/2024 11:00:00 AM,4/8/2024 7:00:00 AM,SERC,WEST,EKPC,EKPC,1368.009,True
4/8/2024 12:00:00 PM,4/8/2024 8:00:00 AM,SERC,WEST,EKPC,EKPC,1370.235,True
4/8/2024 1:00:00 PM,4/8/2024 9:00:00 AM,SERC,WEST,EKPC,EKPC,1303.684,True
4/8/2024 2:00:00 PM,4/8/2024 10:00:00 AM,SERC,WEST,EKPC,EKPC,1266.674,True
4/8/2024 3:00:00 PM,4/8/2024 11:00:00 AM,SERC,WEST,EKPC,EKPC,1286.089,True
4/8/2024 4:00:00 PM,4/8/2024 12:00:00 PM,SERC,WEST,EKPC,EKPC,1325.945,True
4/8/2024 5:00:00 PM,4/8/2024 1:00:00 PM,SERC,WEST,EKPC,EKPC,1323.815,True
4/8/2024 6:00:00 PM,4/8/2024 2:00:00 PM,SERC,WEST,EKPC,EKPC,1289.929,True
4/8/2024 7:00:00 PM,4/8/2024 3:00:00 PM,SERC,WEST,EKPC,EKPC,1324.094,True
4/8/2024 8:00:00 PM,4/8/2024 4:00:00 PM,SERC,WEST,EKPC,EKPC,1353.949,True
4/8/2024 9:00:00 PM,4/8/2024 5:00:00 PM,SERC,WEST,EKPC,EKPC,1342.375,True
4/8/2024 10:00:00 PM,4/8/2024 6:00:00 PM,SERC,WEST,EKPC,EKPC,1402.653,True
4/8/2024 11:00:00 PM,4/8/2024 7:00:00 PM,SERC,WEST,EKPC,EKPC,1456.004,True
4/9/2024 12:00:00 AM,4/8/2024 8:00:00 PM,SERC,WEST,EKPC,EKPC,1507.172,True
4/9/2024 1:00:00 AM,4/8/2024 9:00:00 PM,SERC,WEST,EKPC,EKPC,1472.326,True
4/9/2024 2:00:00 AM,4/8/2024 10:00:00 PM,SERC,WEST,EKPC,EKPC,1345.326,True
4/9/2024 3:00:00 AM,4/8/2024 11:00:00 PM,SERC,WEST,EKPC,EKPC,1249.497,True
4/9/2024 4:00:00 AM,4/9/2024 12:00:00 AM,SERC,WEST,EKPC,EKPC,1136.478,True
4/9/2024 5:00:00 AM,4/9/2024 1:00:00 AM,SERC,WEST,EKPC,EKPC,1041.389,True
4/9/2024 6:00:00 AM,4/9/2024 2:00:00 AM,SERC,WEST,EKPC,EKPC,1030.133,True
4/9/2024 7:00:00 AM,4/9/2024 3:00:00 AM,SERC,WEST,EKPC,EKPC,1075.091,True
4/9/2024 8:00:00 AM,4/9/2024 4:00:00 AM,SERC,WEST,EKPC,EKPC,1100.942,True
4/9/2024 9:00:00 AM,4/9/2024 5:00:00 AM,SERC,WEST,EKPC,EKPC,1165.505,True
4/9/2024 10:00:00 AM,4/9/2024 6:00:00 AM,SERC,WEST,EKPC,EKPC,1264.094,True
4/9/2024 11:00:00 AM,4/9/2024 7:00:00 AM,SERC,WEST,EKPC,EKPC,1324.906,True
4/9/2024 12:00:00 PM,4/9/2024 8:00:00 AM,SERC,WEST,EKPC,EKPC,1356.518,True
4/9/2024 1:00:00 PM,4/9/2024 9:00:00 AM,SERC,WEST,EKPC,EKPC,1348.154,True
4/9/2024 2:00:00 PM,4/9/2024 10:00:00 AM,SERC,WEST,EKPC,EKPC,1355.841,True
4/9/2024 3:00:00 PM,4/9/2024 11:00:00 AM,SERC,WEST,EKPC,EKPC,1232.908,True
4/9/2024 4:00:00 PM,4/9/2024 12:00:00 PM,SERC,WEST,EKPC,EKPC,1235.878,True
4/9/2024 5:00:00 PM,4/9/2024 1:00:00 PM,SERC,WEST,EKPC,EKPC,1399.549,True
4/9/2024 6:00:00 PM,4/9/2024 2:00:00 PM,SERC,WEST,EKPC,EKPC,1398.503,True
4/9/2024 7:00:00 PM,4/9/2024 3:00:00 PM,SERC,WEST,EKPC,EKPC,1389.821,True
4/9/2024 8:00:00 PM,4/9/2024 4:00:00 PM,SERC,WEST,EKPC,EKPC,1417.753,True
4/9/2024 9:00:00 PM,4/9/2024 5:00:00 PM,SERC,WEST,EKPC,EKPC,1421.415,True
4/9/2024 10:00:00 PM,4/9/2024 6:00:00 PM,SERC,WEST,EKPC,EKPC,1509.065,True
4/9/2024 11:00:00 PM,4/9/2024 7:00:00 PM,SERC,WEST,EKPC,EKPC,1503.941,True
4/10/2024 12:00:00 AM,4/9/2024 8:00:00 PM,SERC,WEST,EKPC,EKPC,1530.168,True
4/10/2024 1:00:00 AM,4/9/2024 9:00:00 PM,SERC,WEST,EKPC,EKPC,1490.047,True
4/10/2024 2:00:00 AM,4/9/2024 10:00:00 PM,SERC,WEST,EKPC,EKPC,1253.965,True
4/10/2024 3:00:00 AM,4/9/2024 11:00:00 PM,SERC,WEST,EKPC,EKPC,1183.199,True
4/10/2024 4:00:00 AM,4/10/2024 12:00:00 AM,SERC,WEST,EKPC,EKPC,1147.883,True
4/10/2024 5:00:00 AM,4/10/2024 1:00:00 AM,SERC,WEST,EKPC,EKPC,1143.731,True
4/10/2024 6:00:00 AM,4/10/2024 2:00:00 AM,SERC,WEST,EKPC,EKPC,1010.375,True
4/10/2024 7:00:00 AM,4/10/2024 3:00:00 AM,SERC,WEST,EKPC,EKPC,997.285,True
4/10/2024 8:00:00 AM,4/10/2024 4:00:00 AM,SERC,WEST,EKPC,EKPC,1042.385,True
4/10/2024 9:00:00 AM,4/10/2024 5:00:00 AM,SERC,WEST,EKPC,EKPC,1098.679,True
4/10/2024 10:00:00 AM,4/10/2024 6:00:00 AM,SERC,WEST,EKPC,EKPC,1227.509,True
4/10/2024 11:00:00 AM,4/10/2024 7:00:00 AM,SERC,WEST,EKPC,EKPC,1256.732,True
4/10/2024 12:00:00 PM,4/10/2024 8:00:00 AM,SERC,WEST,EKPC,EKPC,1246.385,True
4/10/2024 1:00:00 PM,4/10/2024 9:00:00 AM,SERC,WEST,EKPC,EKPC,1220.034,True
4/10/2024 2:00:00 PM,4/10/2024 10:00:00 AM,SERC,WEST,EKPC,EKPC,1226.368,True
4/10/2024 3:00:00 PM,4/10/2024 11:00:00 AM,SERC,WEST,EKPC,EKPC,1192.933,True
4/10/2024 4:00:00 PM,4/10/2024 12:00:00 PM,SERC,WEST,EKPC,EKPC,1184.219,True
4/10/2024 5:00:00 PM,4/10/2024 1:00:00 PM,SERC,WEST,EKPC,EKPC,1214.403,True
4/10/2024 6:00:00 PM,4/10/2024 2:00:00 PM,SERC,WEST,EKPC,EKPC,1271.065,True
4/10/2024 7:00:00 PM,4/10/2024 3:00:00 PM,SERC,WEST,EKPC,EKPC,1281.474,True
4/10/2024 8:00:00 PM,4/10/2024 4:00:00 PM,SERC,WEST,EKPC,EKPC,1345.306,True
4/10/2024 9:00:00 PM,4/10/2024 5:00:00 PM,SERC,WEST,EKPC,EKPC,1316.170,True
4/10/2024 10:00:00 PM,4/10/2024 6:00:00 PM,SERC,WEST,EKPC,EKPC,1298.005,True
4/10/2024 11:00:00 PM,4/10/2024 7:00:00 PM,SERC,WEST,EKPC,EKPC,1376.283,True
4/11/2024 12:00:00 AM,4/10/2024 8:00:00 PM,SERC,WEST,EKPC,EKPC,1498.173,True
4/11/2024 1:00:00 AM,4/10/2024 9:00:00 PM,SERC,WEST,EKPC,EKPC,1456.732,True
4/11/2024 2:00:00 AM,4/10/2024 10:00:00 PM,SERC,WEST,EKPC,EKPC,1374.767,True
4/11/2024 3:00:00 AM,4/10/2024 11:00:00 PM,SERC,WEST,EKPC,EKPC,1283.134,True
4/11/2024 4:00:00 AM,4/11/2024 12:00:00 AM,SERC,WEST,EKPC,EKPC,1191.950,True
4/11/2024 5:00:00 AM,4/11/2024 1:00:00 AM,SERC,WEST,EKPC,EKPC,1159.442,True
4/11/2024 6:00:00 AM,4/11/2024 2:00:00 AM,SERC,WEST,EKPC,EKPC,1090.147,True
4/11/2024 7:00:00 AM,4/11/2024 3:00:00 AM,SERC,WEST,EKPC,EKPC,1050.643,True
4/11/2024 8:00:00 AM,4/11/2024 4:00:00 AM,SERC,WEST,EKPC,EKPC,1068.976,True
4/11/2024 9:00:00 AM,4/11/2024 5:00:00 AM,SERC,WEST,EKPC,EKPC,1170.429,True
4/11/2024 10:00:00 AM,4/11/2024 6:00:00 AM,SERC,WEST,EKPC,EKPC,1316.170,True
4/11/2024 11:00:00 AM,4/11/2024 7:00:00 AM,SERC,WEST,EKPC,EKPC,1384.460,True
4/11/2024 12:00:00 PM,4/11/2024 8:00:00 AM,SERC,WEST,EKPC,EKPC,1243.711,True
4/11/2024 1:00:00 PM,4/11/2024 9:00:00 AM,SERC,WEST,EKPC,EKPC,1309.523,True
4/11/2024 2:00:00 PM,4/11/2024 10:00:00 AM,SERC,WEST,EKPC,EKPC,1349.523,True
4/11/2024 3:00:00 PM,4/11/2024 11:00:00 AM,SERC,WEST,EKPC,EKPC,1391.954,True
4/11/2024 4:00:00 PM,4/11/2024 12:00:00 PM,SERC,WEST,EKPC,EKPC,1355.834,True
4/11/2024 5:00:00 PM,4/11/2024 1:00:00 PM,SERC,WEST,EKPC,EKPC,1369.420,True
4/11/2024 6:00:00 PM,4/11/2024 2:00:00 PM,SERC,WEST,EKPC,EKPC,1373.772,True
4/11/2024 7:00:00 PM,4/11/2024 3:00:00 PM,SERC,WEST,EKPC,EKPC,1385.469,True
4/11/2024 8:00:00 PM,4/11/2024 4:00:00 PM,SERC,WEST,EKPC,EKPC,1272.794,True
4/11/2024 9:00:00 PM,4/11/2024 5:00:00 PM,SERC,WEST,EKPC,EKPC,1269.259,True
4/11/2024 10:00:00 PM,4/11/2024 6:00:00 PM,SERC,WEST,EKPC,EKPC,1414.534,True
4/11/2024 11:00:00 PM,4/11/2024 7:00:00 PM,SERC,WEST,EKPC,EKPC,1420.992,True
4/12/2024 12:00:00 AM,4/11/2024 8:00:00 PM,SERC,WEST,EKPC,EKPC,1509.058,True
4/12/2024 1:00:00 AM,4/11/2024 9:00:00 PM,SERC,WEST,EKPC,EKPC,1470.624,True
4/12/2024 2:00:00 AM,4/11/2024 10:00:00 PM,SERC,WEST,EKPC,EKPC,1412.385,True
4/12/2024 3:00:00 AM,4/11/2024 11:00:00 PM,SERC,WEST,EKPC,EKPC,1313.420,True
4/12/2024 4:00:00 AM,4/12/2024 12:00:00 AM,SERC,WEST,EKPC,EKPC,1244.854,True
4/12/2024 5:00:00 AM,4/12/2024 1:00:00 AM,SERC,WEST,EKPC,EKPC,1196.572,True
4/12/2024 6:00:00 AM,4/12/2024 2:00:00 AM,SERC,WEST,EKPC,EKPC,1125.452,True
4/12/2024 7:00:00 AM,4/12/2024 3:00:00 AM,SERC,WEST,EKPC,EKPC,1179.066,True
4/12/2024 8:00:00 AM,4/12/2024 4:00:00 AM,SERC,WEST,EKPC,EKPC,1190.684,True
4/12/2024 9:00:00 AM,4/12/2024 5:00:00 AM,SERC,WEST,EKPC,EKPC,1330.422,True
4/12/2024 10:00:00 AM,4/12/2024 6:00:00 AM,SERC,WEST,EKPC,EKPC,1453.879,True
4/12/2024 11:00:00 AM,4/12/2024 7:00:00 AM,SERC,WEST,EKPC,EKPC,1517.235,True
4/12/2024 12:00:00 PM,4/12/2024 8:00:00 AM,SERC,WEST,EKPC,EKPC,1502.101,True
4/12/2024 1:00:00 PM,4/12/2024 9:00:00 AM,SERC,WEST,EKPC,EKPC,1564.469,True
4/12/2024 2:00:00 PM,4/12/2024 10:00:00 AM,SERC,WEST,EKPC,EKPC,1476.967,True
4/12/2024 3:00:00 PM,4/12/2024 11:00:00 AM,SERC,WEST,EKPC,EKPC,1433.950,True
4/12/2024 4:00:00 PM,4/12/2024 12:00:00 PM,SERC,WEST,EKPC,EKPC,1413.279,True
4/12/2024 5:00:00 PM,4/12/2024 1:00:00 PM,SERC,WEST,EKPC,EKPC,1515.617,True
4/12/2024 6:00:00 PM,4/12/2024 2:00:00 PM,SERC,WEST,EKPC,EKPC,1574.176,True
4/12/2024 7:00:00 PM,4/12/2024 3:00:00 PM,SERC,WEST,EKPC,EKPC,1550.393,True
4/12/2024 8:00:00 PM,4/12/2024 4:00:00 PM,SERC,WEST,EKPC,EKPC,1536.952,True
4/12/2024 9:00:00 PM,4/12/2024 5:00:00 PM,SERC,WEST,EKPC,EKPC,1496.100,True
4/12/2024 10:00:00 PM,4/12/2024 6:00:00 PM,SERC,WEST,EKPC,EKPC,1503.953,True
4/12/2024 11:00:00 PM,4/12/2024 7:00:00 PM,SERC,WEST,EKPC,EKPC,1513.267,True
4/13/2024 12:00:00 AM,4/12/2024 8:00:00 PM,SERC,WEST,EKPC,EKPC,1526.937,True
4/13/2024 1:00:00 AM,4/12/2024 9:00:00 PM,SERC,WEST,EKPC,EKPC,1555.168,True
4/13/2024 2:00:00 AM,4/12/2024 10:00:00 PM,SERC,WEST,EKPC,EKPC,1525.737,True
4/13/2024 3:00:00 AM,4/12/2024 11:00:00 PM,SERC,WEST,EKPC,EKPC,1419.018,True
4/13/2024 4:00:00 AM,4/13/2024 12:00:00 AM,SERC,WEST,EKPC,EKPC,1396.279,True
4/13/2024 5:00:00 AM,4/13/2024 1:00:00 AM,SERC,WEST,EKPC,EKPC,1361.295,True
4/13/2024 6:00:00 AM,4/13/2024 2:00:00 AM,SERC,WEST,EKPC,EKPC,1307.566,True
4/13/2024 7:00:00 AM,4/13/2024 3:00:00 AM,SERC,WEST,EKPC,EKPC,1210.701,True
4/13/2024 8:00:00 AM,4/13/2024 4:00:00 AM,SERC,WEST,EKPC,EKPC,1320.881,True
4/13/2024 9:00:00 AM,4/13/2024 5:00:00 AM,SERC,WEST,EKPC,EKPC,1423.877,True
4/13/2024 10:00:00 AM,4/13/2024 6:00:00 AM,SERC,WEST,EKPC,EKPC,1489.555,True
4/13/2024 11:00:00 AM,4/13/2024 7:00:00 AM,SERC,WEST,EKPC,EKPC,1528.866,True
4/13/2024 12:00:00 PM,4/13/2024 8:00:00 AM,SERC,WEST,EKPC,EKPC,1519.046,True
4/13/2024 1:00:00 PM,4/13/2024 9:00:00 AM,SERC,WEST,EKPC,EKPC,1475.208,True
4/13/2024 2:00:00 PM,4/13/2024 10:00:00 AM,SERC,WEST,EKPC,EKPC,1407.682,True
4/13/2024 3:00:00 PM,4/13/2024 11:00:00 AM,SERC,WEST,EKPC,EKPC,1360.838,True
4/13/2024 4:00:00 PM,4/13/2024 12:00:00 PM,SERC,WEST,EKPC,EKPC,1301.635,True
4/13/2024 5:00:00 PM,4/13/2024 1:00:00 PM,SERC,WEST,EKPC,EKPC,1288.503,True
4/13/2024 6:00:00 PM,4/13/2024 2:00:00 PM,SERC,WEST,EKPC,EKPC,1261.782,True
4/13/2024 7:00:00 PM,4/13/2024 3:00:00 PM,SERC,WEST,EKPC,EKPC,1170.290,True
4/13/2024 8:00:00 PM,4/13/2024 4:00:00 PM,SERC,WEST,EKPC,EKPC,1180.630,True
4/13/2024 9:00:00 PM,4/13/2024 5:00:00 PM,SERC,WEST,EKPC,EKPC,1253.150,True
4/13/2024 10:00:00 PM,4/13/2024 6:00:00 PM,SERC,WEST,EKPC,EKPC,1327.856,True
4/13/2024 11:00:00 PM,4/13/2024 7:00:00 PM,SERC,WEST,EKPC,EKPC,1291.954,True
4/14/2024 12:00:00 AM,4/13/2024 8:00:00 PM,SERC,WEST,EKPC,EKPC,1218.068,True
4/14/2024 1:00:00 AM,4/13/2024 9:00:00 PM,SERC,WEST,EKPC,EKPC,1249.152,True
4/14/2024 2:00:00 AM,4/13/2024 10:00:00 PM,SERC,WEST,EKPC,EKPC,1206.473,True
4/14/2024 3:00:00 AM,4/13/2024 11:00:00 PM,SERC,WEST,EKPC,EKPC,1077.648,True
4/14/2024 4:00:00 AM,4/14/2024 12:00:00 AM,SERC,WEST,EKPC,EKPC,1036.384,True
4/14/2024 5:00:00 AM,4/14/2024 1:00:00 AM,SERC,WEST,EKPC,EKPC,965.051,True
4/14/2024 6:00:00 AM,4/14/2024 2:00:00 AM,SERC,WEST,EKPC,EKPC,994.336,True
4/14/2024 7:00:00 AM,4/14/2024 3:00:00 AM,SERC,WEST,EKPC,EKPC,1021.699,True
4/14/2024 8:00:00 AM,4/14/2024 4:00:00 AM,SERC,WEST,EKPC,EKPC,1016.661,True
4/14/2024 9:00:00 AM,4/14/2024 5:00:00 AM,SERC,WEST,EKPC,EKPC,1126.369,True
4/14/2024 10:00:00 AM,4/14/2024 6:00:00 AM,SERC,WEST,EKPC,EKPC,1145.912,True
4/14/2024 11:00:00 AM,4/14/2024 7:00:00 AM,SERC,WEST,EKPC,EKPC,1168.816,True
4/14/2024 12:00:00 PM,4/14/2024 8:00:00 AM,SERC,WEST,EKPC,EKPC,1270.956,True
4/14/2024 1:00:00 PM,4/14/2024 9:00:00 AM,SERC,WEST,EKPC,EKPC,1339.491,True
4/14/2024 2:00:00 PM,4/14/2024 10:00:00 AM,SERC,WEST,EKPC,EKPC,1314.970,True
4/14/2024 3:00:00 PM,4/14/2024 11:00:00 AM,SERC,WEST,EKPC,EKPC,1242.559,True
4/14/2024 4:00:00 PM,4/14/2024 12:00:00 PM,SERC,WEST,EKPC,EKPC,1285.192,True
4/14/2024 5:00:00 PM,4/14/2024 1:00:00 PM,SERC,WEST,EKPC,EKPC,1281.236,True
4/14/2024 6:00:00 PM,4/14/2024 2:00:00 PM,SERC,WEST,EKPC,EKPC,1349.983,True
4/14/2024 7:00:00 PM,4/14/2024 3:00:00 PM,SERC,WEST,EKPC,EKPC,1305.763,True
4/14/2024 8:00:00 PM,4/14/2024 4:00:00 PM,SERC,WEST,EKPC,EKPC,1325.738,True
4/14/2024 9:00:00 PM,4/14/2024 5:00:00 PM,SERC,WEST,EKPC,EKPC,1416.216,True
4/14/2024 10:00:00 PM,4/14/2024 6:00:00 PM,SERC,WEST,EKPC,EKPC,1424.587,True
4/14/2024 11:00:00 PM,4/14/2024 7:00:00 PM,SERC,WEST,EKPC,EKPC,1467.817,True
4/15/2024 12:00:00 AM,4/14/2024 8:00:00 PM,SERC,WEST,EKPC,EKPC,1463.665,True
4/15/2024 1:00:00 AM,4/14/2024 9:00:00 PM,SERC,WEST,EKPC,EKPC,1460.539,True
4/15/2024 2:00:00 AM,4/14/2024 10:00:00 PM,SERC,WEST,EKPC,EKPC,1274.260,True
4/15/2024 3:00:00 AM,4/14/2024 11:00:00 PM,SERC,WEST,EKPC,EKPC,1221.425,True
4/15/2024 4:00:00 AM,4/15/2024 12:00:00 AM,SERC,WEST,EKPC,EKPC,1140.547,True
4/15/2024 5:00:00 AM,4/15/2024 1:00:00 AM,SERC,WEST,EKPC,EKPC,1005.474,True
4/15/2024 6:00:00 AM,4/15/2024 2:00:00 AM,SERC,WEST,EKPC,EKPC,877.265,True
4/15/2024 7:00:00 AM,4/15/2024 3:00:00 AM,SERC,WEST,EKPC,EKPC,878.745,True
4/15/2024 8:00:00 AM,4/15/2024 4:00:00 AM,SERC,WEST,EKPC,EKPC,920.802,True
4/15/2024 9:00:00 AM,4/15/2024 5:00:00 AM,SERC,WEST,EKPC,EKPC,971.709,True
4/15/2024 10:00:00 AM,4/15/2024 6:00:00 AM,SERC,WEST,EKPC,EKPC,1139.743,True
4/15/2024 11:00:00 AM,4/15/2024 7:00:00 AM,SERC,WEST,EKPC,EKPC,1224.645,True
4/15/2024 12:00:00 PM,4/15/2024 8:00:00 AM,SERC,WEST,EKPC,EKPC,1243.322,True
4/15/2024 1:00:00 PM,4/15/2024 9:00:00 AM,SERC,WEST,EKPC,EKPC,1253.844,True
4/15/2024 2:00:00 PM,4/15/2024 10:00:00 AM,SERC,WEST,EKPC,EKPC,1308.459,True
4/15/2024 3:00:00 PM,4/15/2024 11:00:00 AM,SERC,WEST,EKPC,EKPC,1390.535,True
4/15/2024 4:00:00 PM,4/15/2024 12:00:00 PM,SERC,WEST,EKPC,EKPC,1371.484,True
4/15/2024 5:00:00 PM,4/15/2024 1:00:00 PM,SERC,WEST,EKPC,EKPC,1459.826,True
4/15/2024 6:00:00 PM,4/15/2024 2:00:00 PM,SERC,WEST,EKPC,EKPC,1494.400,True
4/15/2024 7:00:00 PM,4/15/2024 3:00:00 PM,SERC,WEST,EKPC,EKPC,1548.910,True
4/15/2024 8:00:00 PM,4/15/2024 4:00:00 PM,SERC,WEST,EKPC,EKPC,1634.132,True
4/15/2024 9:00:00 PM,4/15/2024 5:00:00 PM,SERC,WEST,EKPC,EKPC,1700.081,True
4/15/2024 10:00:00 PM,4/15/2024 6:00:00 PM,SERC,WEST,EKPC,EKPC,1769.168,True
4/15/2024 11:00:00 PM,4/15/2024 7:00:00 PM,SERC,WEST,EKPC,EKPC,1734.741,True
4/16/2024 12:00:00 AM,4/15/2024 8:00:00 PM,SERC,WEST,EKPC,EKPC,1774.560,True
4/16/2024 1:00:00 AM,4/15/2024 9:00:00 PM,SERC,WEST,EKPC,EKPC,1720.975,True
4/16/2024 2:00:00 AM,4/15/2024 10:00:00 PM,SERC,WEST,EKPC,EKPC,1569.783,True
4/16/2024 3:00:00 AM,4/15/2024 11:00:00 PM,SERC,WEST,EKPC,EKPC,1373.631,True
4/16/2024 4:00:00 AM,4/16/2024 12:00:00 AM,SERC,WEST,EKPC,EKPC,1278.473,True
4/16/2024 5:00:00 AM,4/16/2024 1:00:00 AM,SERC,WEST,EKPC,EKPC,1232.253,True
4/16/2024 6:00:00 AM,4/16/2024 2:00:00 AM,SERC,WEST,EKPC,EKPC,1130.481,True
4/16/2024 7:00:00 AM,4/16/2024 3:00:00 AM,SERC,WEST,EKPC,EKPC,964.642,True
4/16/2024 8:00:00 AM,4/16/2024 4:00:00 AM,SERC,WEST,EKPC,EKPC,1032.001,True
4/16/2024 9:00:00 AM,4/16/2024 5:00:00 AM,SERC,WEST,EKPC,EKPC,1153.448,True
4/16/2024 10:00:00 AM,4/16/2024 6:00:00 AM,SERC,WEST,EKPC,EKPC,1305.682,True
4/16/2024 11:00:00 AM,4/16/2024 7:00:00 AM,SERC,WEST,EKPC,EKPC,1332.874,True
4/16/2024 12:00:00 PM,4/16/2024 8:00:00 AM,SERC,WEST,EKPC,EKPC,1338.378,True
4/16/2024 1:00:00 PM,4/16/2024 9:00:00 AM,SERC,WEST,EKPC,EKPC,1358.530,True
4/16/2024 2:00:00 PM,4/16/2024 10:00:00 AM,SERC,WEST,EKPC,EKPC,1271.294,True
4/16/2024 3:00:00 PM,4/16/2024 11:00:00 AM,SERC,WEST,EKPC,EKPC,1374.157,True
4/16/2024 4:00:00 PM,4/16/2024 12:00:00 PM,SERC,WEST,EKPC,EKPC,1382.137,True
4/16/2024 5:00:00 PM,4/16/2024 1:00:00 PM,SERC,WEST,EKPC,EKPC,1390.265,True
4/16/2024 6:00:00 PM,4/16/2024 2:00:00 PM,SERC,WEST,EKPC,EKPC,1448.712,True
4/16/2024 7:00:00 PM,4/16/2024 3:00:00 PM,SERC,WEST,EKPC,EKPC,1506.467,True
4/16/2024 8:00:00 PM,4/16/2024 4:00:00 PM,SERC,WEST,EKPC,EKPC,1623.270,True
4/16/2024 9:00:00 PM,4/16/2024 5:00:00 PM,SERC,WEST,EKPC,EKPC,1719.985,True
4/16/2024 10:00:00 PM,4/16/2024 6:00:00 PM,SERC,WEST,EKPC,EKPC,1695.586,True
4/16/2024 11:00:00 PM,4/16/2024 7:00:00 PM,SERC,WEST,EKPC,EKPC,1576.122,True
4/17/2024 12:00:00 AM,4/16/2024 8:00:00 PM,SERC,WEST,EKPC,EKPC,1603.055,True
4/17/2024 1:00:00 AM,4/16/2024 9:00:00 PM,SERC,WEST,EKPC,EKPC,1668.468,True
4/17/2024 2:00:00 AM,4/16/2024 10:00:00 PM,SERC,WEST,EKPC,EKPC,1553.176,True
4/17/2024 3:00:00 AM,4/16/2024 11:00:00 PM,SERC,WEST,EKPC,EKPC,1390.567,True
4/17/2024 4:00:00 AM,4/17/2024 12:00:00 AM,SERC,WEST,EKPC,EKPC,1273.303,True
4/17/2024 5:00:00 AM,4/17/2024 1:00:00 AM,SERC,WEST,EKPC,EKPC,1217.420,True
4/17/2024 6:00:00 AM,4/17/2024 2:00:00 AM,SERC,WEST,EKPC,EKPC,1170.128,True
4/17/2024 7:00:00 AM,4/17/2024 3:00:00 AM,SERC,WEST,EKPC,EKPC,1125.055,True
4/17/2024 8:00:00 AM,4/17/2024 4:00:00 AM,SERC,WEST,EKPC,EKPC,1090.488,True
4/17/2024 9:00:00 AM,4/17/2024 5:00:00 AM,SERC,WEST,EKPC,EKPC,1096.921,True
4/17/2024 10:00:00 AM,4/17/2024 6:00:00 AM,SERC,WEST,EKPC,EKPC,1253.831,True
4/17/2024 11:00:00 AM,4/17/2024 7:00:00 AM,SERC,WEST,EKPC,EKPC,1264.988,True
4/17/2024 12:00:00 PM,4/17/2024 8:00:00 AM,SERC,WEST,EKPC,EKPC,1212.578,True
4/17/2024 1:00:00 PM,4/17/2024 9:00:00 AM,SERC,WEST,EKPC,EKPC,1277.549,True
4/17/2024 2:00:00 PM,4/17/2024 10:00:00 AM,SERC,WEST,EKPC,EKPC,1305.507,True
4/17/2024 3:00:00 PM,4/17/2024 11:00:00 AM,SERC,WEST,EKPC,EKPC,1324.118,True
4/17/2024 4:00:00 PM,4/17/2024 12:00:00 PM,SERC,WEST,EKPC,EKPC,1351.323,True
4/17/2024 5:00:00 PM,4/17/2024 1:00:00 PM,SERC,WEST,EKPC,EKPC,1412.201,True
4/17/2024 6:00:00 PM,4/17/2024 2:00:00 PM,SERC,WEST,EKPC,EKPC,1436.657,True
4/17/2024 7:00:00 PM,4/17/2024 3:00:00 PM,SERC,WEST,EKPC,EKPC,1468.442,True
4/17/2024 8:00:00 PM,4/17/2024 4:00:00 PM,SERC,WEST,EKPC,EKPC,1544.170,True
4/17/2024 9:00:00 PM,4/17/2024 5:00:00 PM,SERC,WEST,EKPC,EKPC,1605.144,True
4/17/2024 10:00:00 PM,4/17/2024 6:00:00 PM,SERC,WEST,EKPC,EKPC,1636.518,True
4/17/2024 11:00:00 PM,4/17/2024 7:00:00 PM,SERC,WEST,EKPC,EKPC,1642.971,True
4/18/2024 12:00:00 AM,4/17/2024 8:00:00 PM,SERC,WEST,EKPC,EKPC,1620.818,True
4/18/2024 1:00:00 AM,4/17/2024 9:00:00 PM,SERC,WEST,EKPC,EKPC,1608.648,True
4/18/2024 2:00:00 AM,4/17/2024 10:00:00 PM,SERC,WEST,EKPC,EKPC,1490.264,True
4/18/2024 3:00:00 AM,4/17/2024 11:00:00 PM,SERC,WEST,EKPC,EKPC,1277.469,True
4/18/2024 4:00:00 AM,4/18/2024 12:00:00 AM,SERC,WEST,EKPC,EKPC,1207.732,True
4/18/2024 5:00:00 AM,4/18/2024 1:00:00 AM,SERC,WEST,EKPC,EKPC,1150.035,True
4/18/2024 6:00:00 AM,4/18/2024 2:00:00 AM,SERC,WEST,EKPC,EKPC,1024.509,True
4/18/2024 7:00:00 AM,4/18/2024 3:00:00 AM,SERC,WEST,EKPC,EKPC,1003.403,True
4/18/2024 8:00:00 AM,4/18/2024 4:00:00 AM,SERC,WEST,EKPC,EKPC,1015.575,True
4/18/2024 9:00:00 AM,4/18/2024 5:00:00 AM,SERC,WEST,EKPC,EKPC,1057.534,True
4/18/2024 10:00:00 AM,4/18/2024 6:00:00 AM,SERC,WEST,EKPC,EKPC,1207.499,True
4/18/2024 11:00:00 AM,4/18/2024 7:00:00 AM,SERC,WEST,EKPC,EKPC,1313.849,True
4/18/2024 12:00:00 PM,4/18/2024 8:00:00 AM,SERC,WEST,EKPC,EKPC,1292.661,True
4/18/2024 1:00:00 PM,4/18/2024 9:00:00 AM,SERC,WEST,EKPC,EKPC,1310.257,True
4/18/2024 2:00:00 PM,4/18/2024 10:00:00 AM,SERC,WEST,EKPC,EKPC,1306.908,True
4/18/2024 3:00:00 PM,4/18/2024 11:00:00 AM,SERC,WEST,EKPC,EKPC,1297.452,True
4/18/2024 4:00:00 PM,4/18/2024 12:00:00 PM,SERC,WEST,EKPC,EKPC,1413.854,True
4/18/2024 5:00:00 PM,4/18/2024 1:00:00 PM,SERC,WEST,EKPC,EKPC,1513.578,True
4/18/2024 6:00:00 PM,4/18/2024 2:00:00 PM,SERC,WEST,EKPC,EKPC,1593.161,True
4/18/2024 7:00:00 PM,4/18/2024 3:00:00 PM,SERC,WEST,EKPC,EKPC,1650.439,True
4/18/2024 8:00:00 PM,4/18/2024 4:00:00 PM,SERC,WEST,EKPC,EKPC,1757.234,True
4/18/2024 9:00:00 PM,4/18/2024 5:00:00 PM,SERC,WEST,EKPC,EKPC,1785.586,True
4/18/2024 10:00:00 PM,4/18/2024 6:00:00 PM,SERC,WEST,EKPC,EKPC,1701.775,True
4/18/2024 11:00:00 PM,4/18/2024 7:00:00 PM,SERC,WEST,EKPC,EKPC,1707.892,True
4/19/2024 12:00:00 AM,4/18/2024 8:00:00 PM,SERC,WEST,EKPC,EKPC,1746.978,True
4/19/2024 1:00:00 AM,4/18/2024 9:00:00 PM,SERC,WEST,EKPC,EKPC,1679.230,True
4/19/2024 2:00:00 AM,4/18/2024 10:00:00 PM,SERC,WEST,EKPC,EKPC,1466.507,True
4/19/2024 3:00:00 AM,4/18/2024 11:00:00 PM,SERC,WEST,EKPC,EKPC,1302.635,True
4/19/2024 4:00:00 AM,4/19/2024 12:00:00 AM,SERC,WEST,EKPC,EKPC,1250.352,True
4/19/2024 5:00:00 AM,4/19/2024 1:00:00 AM,SERC,WEST,EKPC,EKPC,1187.672,True
4/19/2024 6:00:00 AM,4/19/2024 2:00:00 AM,SERC,WEST,EKPC,EKPC,1068.365,True
4/19/2024 7:00:00 AM,4/19/2024 3:00:00 AM,SERC,WEST,EKPC,EKPC,1087.874,True
4/19/2024 8:00:00 AM,4/19/2024 4:00:00 AM,SERC,WEST,EKPC,EKPC,1130.214,True
4/19/2024 9:00:00 AM,4/19/2024 5:00:00 AM,SERC,WEST,EKPC,EKPC,1171.713,True
4/19/2024 10:00:00 AM,4/19/2024 6:00:00 AM,SERC,WEST,EKPC,EKPC,1266.085,True
4/19/2024 11:00:00 AM,4/19/2024 7:00:00 AM,SERC,WEST,EKPC,EKPC,1321.085,True
4/19/2024 12:00:00 PM,4/19/2024 8:00:00 AM,SERC,WEST,EKPC,EKPC,1310.989,True
4/19/2024 1:00:00 PM,4/19/2024 9:00:00 AM,SERC,WEST,EKPC,EKPC,1319.664,True
4/19/2024 2:00:00 PM,4/19/2024 10:00:00 AM,SERC,WEST,EKPC,EKPC,1304.979,True
4/19/2024 3:00:00 PM,4/19/2024 11:00:00 AM,SERC,WEST,EKPC,EKPC,1276.250,True
4/19/2024 4:00:00 PM,4/19/2024 12:00:00 PM,SERC,WEST,EKPC,EKPC,1225.396,True
4/19/2024 5:00:00 PM,4/19/2024 1:00:00 PM,SERC,WEST,EKPC,EKPC,1254.495,True
4/19/2024 6:00:00 PM,4/19/2024 2:00:00 PM,SERC,WEST,EKPC,EKPC,1325.291,True
4/19/2024 7:00:00 PM,4/19/2024 3:00:00 PM,SERC,WEST,EKPC,EKPC,1302.074,True
4/19/2024 8:00:00 PM,4/19/2024 4:00:00 PM,SERC,WEST,EKPC,EKPC,1205.267,True
4/19/2024 9:00:00 PM,4/19/2024 5:00:00 PM,SERC,WEST,EKPC,EKPC,1197.007,True
4/19/2024 10:00:00 PM,4/19/2024 6:00:00 PM,SERC,WEST,EKPC,EKPC,1289.499,True
4/19/2024 11:00:00 PM,4/19/2024 7:00:00 PM,SERC,WEST,EKPC,EKPC,1360.013,True
4/20/2024 12:00:00 AM,4/19/2024 8:00:00 PM,SERC,WEST,EKPC,EKPC,1376.651,True
4/20/2024 1:00:00 AM,4/19/2024 9:00:00 PM,SERC,WEST,EKPC,EKPC,1371.151,True
4/20/2024 2:00:00 AM,4/19/2024 10:00:00 PM,SERC,WEST,EKPC,EKPC,1319.567,True
4/20/2024 3:00:00 AM,4/19/2024 11:00:00 PM,SERC,WEST,EKPC,EKPC,1243.161,True
4/20/2024 4:00:00 AM,4/20/2024 12:00:00 AM,SERC,WEST,EKPC,EKPC,1107.922,True
4/20/2024 5:00:00 AM,4/20/2024 1:00:00 AM,SERC,WEST,EKPC,EKPC,1081.709,True
4/20/2024 6:00:00 AM,4/20/2024 2:00:00 AM,SERC,WEST,EKPC,EKPC,1073.940,True
4/20/2024 7:00:00 AM,4/20/2024 3:00:00 AM,SERC,WEST,EKPC,EKPC,1076.621,True
4/20/2024 8:00:00 AM,4/20/2024 4:00:00 AM,SERC,WEST,EKPC,EKPC,1077.929,True
4/20/2024 9:00:00 AM,4/20/2024 5:00:00 AM,SERC,WEST,EKPC,EKPC,1077.507,True
4/20/2024 10:00:00 AM,4/20/2024 6:00:00 AM,SERC,WEST,EKPC,EKPC,1159.458,True
4/20/2024 11:00:00 AM,4/20/2024 7:00:00 AM,SERC,WEST,EKPC,EKPC,1239.989,True
4/20/2024 12:00:00 PM,4/20/2024 8:00:00 AM,SERC,WEST,EKPC,EKPC,1301.650,True
4/20/2024 1:00:00 PM,4/20/2024 9:00:00 AM,SERC,WEST,EKPC,EKPC,1309.101,True
4/20/2024 2:00:00 PM,4/20/2024 10:00:00 AM,SERC,WEST,EKPC,EKPC,1278.457,True
4/20/2024 3:00:00 PM,4/20/2024 11:00:00 AM,SERC,WEST,EKPC,EKPC,1204.030,True
4/20/2024 4:00:00 PM,4/20/2024 12:00:00 PM,SERC,WEST,EKPC,EKPC,1220.248,True
4/20/2024 5:00:00 PM,4/20/2024 1:00:00 PM,SERC,WEST,EKPC,EKPC,1091.242,True
4/20/2024 6:00:00 PM,4/20/2024 2:00:00 PM,SERC,WEST,EKPC,EKPC,1116.467,True
4/20/2024 7:00:00 PM,4/20/2024 3:00:00 PM,SERC,WEST,EKPC,EKPC,1126.328,True
4/20/2024 8:00:00 PM,4/20/2024 4:00:00 PM,SERC,WEST,EKPC,EKPC,1163.246,True
4/20/2024 9:00:00 PM,4/20/2024 5:00:00 PM,SERC,WEST,EKPC,EKPC,1122.648,True
4/20/2024 10:00:00 PM,4/20/2024 6:00:00 PM,SERC,WEST,EKPC,EKPC,1116.885,True
4/20/2024 11:00:00 PM,4/20/2024 7:00:00 PM,SERC,WEST,EKPC,EKPC,1144.354,True
4/21/2024 12:00:00 AM,4/20/2024 8:00:00 PM,SERC,WEST,EKPC,EKPC,1181.969,True
4/21/2024 1:00:00 AM,4/20/2024 9:00:00 PM,SERC,WEST,EKPC,EKPC,1186.074,True
4/21/2024 2:00:00 AM,4/20/2024 10:00:00 PM,SERC,WEST,EKPC,EKPC,1156.625,True
4/21/2024 3:00:00 AM,4/20/2024 11:00:00 PM,SERC,WEST,EKPC,EKPC,1156.042,True
4/21/2024 4:00:00 AM,4/21/2024 12:00:00 AM,SERC,WEST,EKPC,EKPC,1056.732,True
4/21/2024 5:00:00 AM,4/21/2024 1:00:00 AM,SERC,WEST,EKPC,EKPC,1036.561,True
4/21/2024 6:00:00 AM,4/21/2024 2:00:00 AM,SERC,WEST,EKPC,EKPC,997.604,True
4/21/2024 7:00:00 AM,4/21/2024 3:00:00 AM,SERC,WEST,EKPC,EKPC,1019.788,True
4/21/2024 8:00:00 AM,4/21/2024 4:00:00 AM,SERC,WEST,EKPC,EKPC,1167.055,True
4/21/2024 9:00:00 AM,4/21/2024 5:00:00 AM,SERC,WEST,EKPC,EKPC,1165.438,True
4/21/2024 10:00:00 AM,4/21/2024 6:00:00 AM,SERC,WEST,EKPC,EKPC,1253.937,True
4/21/2024 11:00:00 AM,4/21/2024 7:00:00 AM,SERC,WEST,EKPC,EKPC,1343.136,True
4/21/2024 12:00:00 PM,4/21/2024 8:00:00 AM,SERC,WEST,EKPC,EKPC,1526.083,True
4/21/2024 1:00:00 PM,4/21/2024 9:00:00 AM,SERC,WEST,EKPC,EKPC,1554.683,True
4/21/2024 2:00:00 PM,4/21/2024 10:00:00 AM,SERC,WEST,EKPC,EKPC,1473.497,True
4/21/2024 3:00:00 PM,4/21/2024 11:00:00 AM,SERC,WEST,EKPC,EKPC,1399.526,True
4/21/2024 4:00:00 PM,4/21/2024 12:00:00 PM,SERC,WEST,EKPC,EKPC,1367.195,True
4/21/2024 5:00:00 PM,4/21/2024 1:00:00 PM,SERC,WEST,EKPC,EKPC,1328.838,True
4/21/2024 6:00:00 PM,4/21/2024 2:00:00 PM,SERC,WEST,EKPC,EKPC,1297.361,True
4/21/2024 7:00:00 PM,4/21/2024 3:00:00 PM,SERC,WEST,EKPC,EKPC,1186.731,True
4/21/2024 8:00:00 PM,4/21/2024 4:00:00 PM,SERC,WEST,EKPC,EKPC,1338.144,True
4/21/2024 9:00:00 PM,4/21/2024 5:00:00 PM,SERC,WEST,EKPC,EKPC,1237.510,True
4/21/2024 10:00:00 PM,4/21/2024 6:00:00 PM,SERC,WEST,EKPC,EKPC,1233.767,True
4/21/2024 11:00:00 PM,4/21/2024 7:00:00 PM,SERC,WEST,EKPC,EKPC,1362.865,True
4/22/2024 12:00:00 AM,4/21/2024 8:00:00 PM,SERC,WEST,EKPC,EKPC,1482.854,True
4/22/2024 1:00:00 AM,4/21/2024 9:00:00 PM,SERC,WEST,EKPC,EKPC,1504.948,True
4/22/2024 2:00:00 AM,4/21/2024 10:00:00 PM,SERC,WEST,EKPC,EKPC,1458.423,True
4/22/2024 3:00:00 AM,4/21/2024 11:00:00 PM,SERC,WEST,EKPC,EKPC,1350.838,True
4/22/2024 4:00:00 AM,4/22/2024 12:00:00 AM,SERC,WEST,EKPC,EKPC,1348.999,True
4/22/2024 5:00:00 AM,4/22/2024 1:00:00 AM,SERC,WEST,EKPC,EKPC,1267.810,True
4/22/2024 6:00:00 AM,4/22/2024 2:00:00 AM,SERC,WEST,EKPC,EKPC,1350.758,True
4/22/2024 7:00:00 AM,4/22/2024 3:00:00 AM,SERC,WEST,EKPC,EKPC,1416.987,True
4/22/2024 8:00:00 AM,4/22/2024 4:00:00 AM,SERC,WEST,EKPC,EKPC,1496.842,True
4/22/2024 9:00:00 AM,4/22/2024 5:00:00 AM,SERC,WEST,EKPC,EKPC,1622.748,True
4/22/2024 10:00:00 AM,4/22/2024 6:00:00 AM,SERC,WEST,EKPC,EKPC,1833.538,True
4/22/2024 11:00:00 AM,4/22/2024 7:00:00 AM,SERC,WEST,EKPC,EKPC,1874.797,True
4/22/2024 12:00:00 PM,4/22/2024 8:00:00 AM,SERC,WEST,EKPC,EKPC,1740.025,True
4/22/2024 1:00:00 PM,4/22/2024 9:00:00 AM,SERC,WEST,EKPC,EKPC,1595.934,True
4/22/2024 2:00:00 PM,4/22/2024 10:00:00 AM,SERC,WEST,EKPC,EKPC,1488.083,True
4/22/2024 3:00:00 PM,4/22/2024 11:00:00 AM,SERC,WEST,EKPC,EKPC,1398.925,True
4/22/2024 4:00:00 PM,4/22/2024 12:00:00 PM,SERC,WEST,EKPC,EKPC,1361.688,True
4/22/2024 5:00:00 PM,4/22/2024 1:00:00 PM,SERC,WEST,EKPC,EKPC,1207.729,True
4/22/2024 6:00:00 PM,4/22/2024 2:00:00 PM,SERC,WEST,EKPC,EKPC,1245.068,True
4/22/2024 7:00:00 PM,4/22/2024 3:00:00 PM,SERC,WEST,EKPC,EKPC,1217.643,True
4/22/2024 8:00:00 PM,4/22/2024 4:00:00 PM,SERC,WEST,EKPC,EKPC,1253.946,True
4/22/2024 9:00:00 PM,4/22/2024 5:00:00 PM,SERC,WEST,EKPC,EKPC,1302.342,True
4/22/2024 10:00:00 PM,4/22/2024 6:00:00 PM,SERC,WEST,EKPC,EKPC,1352.535,True
4/22/2024 11:00:00 PM,4/22/2024 7:00:00 PM,SERC,WEST,EKPC,EKPC,1400.861,True
4/23/2024 12:00:00 AM,4/22/2024 8:00:00 PM,SERC,WEST,EKPC,EKPC,1452.331,True
4/23/2024 1:00:00 AM,4/22/2024 9:00:00 PM,SERC,WEST,EKPC,EKPC,1404.463,True
4/23/2024 2:00:00 AM,4/22/2024 10:00:00 PM,SERC,WEST,EKPC,EKPC,1372.150,True
4/23/2024 3:00:00 AM,4/22/2024 11:00:00 PM,SERC,WEST,EKPC,EKPC,1280.273,True
4/23/2024 4:00:00 AM,4/23/2024 12:00:00 AM,SERC,WEST,EKPC,EKPC,1200.684,True
4/23/2024 5:00:00 AM,4/23/2024 1:00:00 AM,SERC,WEST,EKPC,EKPC,1237.508,True
4/23/2024 6:00:00 AM,4/23/2024 2:00:00 AM,SERC,WEST,EKPC,EKPC,1218.550,True
4/23/2024 7:00:00 AM,4/23/2024 3:00:00 AM,SERC,WEST,EKPC,EKPC,1281.987,True
4/23/2024 8:00:00 AM,4/23/2024 4:00:00 AM,SERC,WEST,EKPC,EKPC,1309.206,True
4/23/2024 9:00:00 AM,4/23/2024 5:00:00 AM,SERC,WEST,EKPC,EKPC,1386.096,True
4/23/2024 10:00:00 AM,4/23/2024 6:00:00 AM,SERC,WEST,EKPC,EKPC,1595.045,True
4/23/2024 11:00:00 AM,4/23/2024 7:00:00 AM,SERC,WEST,EKPC,EKPC,1642.014,True
4/23/2024 12:00:00 PM,4/23/2024 8:00:00 AM,SERC,WEST,EKPC,EKPC,1584.763,True
4/23/2024 1:00:00 PM,4/23/2024 9:00:00 AM,SERC,WEST,EKPC,EKPC,1385.220,True
4/23/2024 2:00:00 PM,4/23/2024 10:00:00 AM,SERC,WEST,EKPC,EKPC,1389.599,True
4/23/2024 3:00:00 PM,4/23/2024 11:00:00 AM,SERC,WEST,EKPC,EKPC,1369.682,True
4/23/2024 4:00:00 PM,4/23/2024 12:00:00 PM,SERC,WEST,EKPC,EKPC,1293.473,True
4/23/2024 5:00:00 PM,4/23/2024 1:00:00 PM,SERC,WEST,EKPC,EKPC,1327.494,True
4/23/2024 6:00:00 PM,4/23/2024 2:00:00 PM,SERC,WEST,EKPC,EKPC,1325.466,True
4/23/2024 7:00:00 PM,4/23/2024 3:00:00 PM,SERC,WEST,EKPC,EKPC,1300.953,True
4/23/2024 8:00:00 PM,4/23/2024 4:00:00 PM,SERC,WEST,EKPC,EKPC,1287.250,True
4/23/2024 9:00:00 PM,4/23/2024 5:00:00 PM,SERC,WEST,EKPC,EKPC,1355.860,True
4/23/2024 10:00:00 PM,4/23/2024 6:00:00 PM,SERC,WEST,EKPC,EKPC,1385.126,True
4/23/2024 11:00:00 PM,4/23/2024 7:00:00 PM,SERC,WEST,EKPC,EKPC,1333.614,True
4/24/2024 12:00:00 AM,4/23/2024 8:00:00 PM,SERC,WEST,EKPC,EKPC,1473.637,True
4/24/2024 1:00:00 AM,4/23/2024 9:00:00 PM,SERC,WEST,EKPC,EKPC,1462.190,True
4/24/2024 2:00:00 AM,4/23/2024 10:00:00 PM,SERC,WEST,EKPC,EKPC,1352.065,True
4/24/2024 3:00:00 AM,4/23/2024 11:00:00 PM,SERC,WEST,EKPC,EKPC,1191.266,True
4/24/2024 4:00:00 AM,4/24/2024 12:00:00 AM,SERC,WEST,EKPC,EKPC,1178.342,True
4/24/2024 5:00:00 AM,4/24/2024 1:00:00 AM,SERC,WEST,EKPC,EKPC,1119.337,True
4/24/2024 6:00:00 AM,4/24/2024 2:00:00 AM,SERC,WEST,EKPC,EKPC,1044.057,True
4/24/2024 7:00:00 AM,4/24/2024 3:00:00 AM,SERC,WEST,EKPC,EKPC,1012.430,True
4/24/2024 8:00:00 AM,4/24/2024 4:00:00 AM,SERC,WEST,EKPC,EKPC,973.360,True
4/24/2024 9:00:00 AM,4/24/2024 5:00:00 AM,SERC,WEST,EKPC,EKPC,1051.248,True
4/24/2024 10:00:00 AM,4/24/2024 6:00:00 AM,SERC,WEST,EKPC,EKPC,1150.528,True
4/24/2024 11:00:00 AM,4/24/2024 7:00:00 AM,SERC,WEST,EKPC,EKPC,1209.012,True
4/24/2024 12:00:00 PM,4/24/2024 8:00:00 AM,SERC,WEST,EKPC,EKPC,1182.477,True
4/24/2024 1:00:00 PM,4/24/2024 9:00:00 AM,SERC,WEST,EKPC,EKPC,1174.936,True
4/24/2024 2:00:00 PM,4/24/2024 10:00:00 AM,SERC,WEST,EKPC,EKPC,1147.317,True
4/24/2024 3:00:00 PM,4/24/2024 11:00:00 AM,SERC,WEST,EKPC,EKPC,1149.735,True
4/24/2024 4:00:00 PM,4/24/2024 12:00:00 PM,SERC,WEST,EKPC,EKPC,1142.525,True
4/24/2024 5:00:00 PM,4/24/2024 1:00:00 PM,SERC,WEST,EKPC,EKPC,1145.989,True
4/24/2024 6:00:00 PM,4/24/2024 2:00:00 PM,SERC,WEST,EKPC,EKPC,1143.097,True
4/24/2024 7:00:00 PM,4/24/2024 3:00:00 PM,SERC,WEST,EKPC,EKPC,1181.931,True
4/24/2024 8:00:00 PM,4/24/2024 4:00:00 PM,SERC,WEST,EKPC,EKPC,1214.541,True
4/24/2024 9:00:00 PM,4/24/2024 5:00:00 PM,SERC,WEST,EKPC,EKPC,1266.809,True
4/24/2024 10:00:00 PM,4/24/2024 6:00:00 PM,SERC,WEST,EKPC,EKPC,1265.987,True
4/24/2024 11:00:00 PM,4/24/2024 7:00:00 PM,SERC,WEST,EKPC,EKPC,1326.674,True
4/25/2024 12:00:00 AM,4/24/2024 8:00:00 PM,SERC,WEST,EKPC,EKPC,1359.777,True
4/25/2024 1:00:00 AM,4/24/2024 9:00:00 PM,SERC,WEST,EKPC,EKPC,1365.762,True
4/25/2024 2:00:00 AM,4/24/2024 10:00:00 PM,SERC,WEST,EKPC,EKPC,1355.615,True
4/25/2024 3:00:00 AM,4/24/2024 11:00:00 PM,SERC,WEST,EKPC,EKPC,1217.304,True
4/25/2024 4:00:00 AM,4/25/2024 12:00:00 AM,SERC,WEST,EKPC,EKPC,1065.583,True
4/25/2024 5:00:00 AM,4/25/2024 1:00:00 AM,SERC,WEST,EKPC,EKPC,1039.521,True
4/25/2024 6:00:00 AM,4/25/2024 2:00:00 AM,SERC,WEST,EKPC,EKPC,1026.896,True
4/25/2024 7:00:00 AM,4/25/2024 3:00:00 AM,SERC,WEST,EKPC,EKPC,1049.964,True
4/25/2024 8:00:00 AM,4/25/2024 4:00:00 AM,SERC,WEST,EKPC,EKPC,1097.421,True
4/25/2024 9:00:00 AM,4/25/2024 5:00:00 AM,SERC,WEST,EKPC,EKPC,1225.395,True
4/25/2024 10:00:00 AM,4/25/2024 6:00:00 AM,SERC,WEST,EKPC,EKPC,1407.825,True
4/25/2024 11:00:00 AM,4/25/2024 7:00:00 AM,SERC,WEST,EKPC,EKPC,1592.078,True
4/25/2024 12:00:00 PM,4/25/2024 8:00:00 AM,SERC,WEST,EKPC,EKPC,1502.563,True
4/25/2024 1:00:00 PM,4/25/2024 9:00:00 AM,SERC,WEST,EKPC,EKPC,1465.232,True
4/25/2024 2:00:00 PM,4/25/2024 10:00:00 AM,SERC,WEST,EKPC,EKPC,1434.974,True
4/25/2024 3:00:00 PM,4/25/2024 11:00:00 AM,SERC,WEST,EKPC,EKPC,1380.012,True
4/25/2024 4:00:00 PM,4/25/2024 12:00:00 PM,SERC,WEST,EKPC,EKPC,1358.537,True
4/25/2024 5:00:00 PM,4/25/2024 1:00:00 PM,SERC,WEST,EKPC,EKPC,1365.000,True
4/25/2024 6:00:00 PM,4/25/2024 2:00:00 PM,SERC,WEST,EKPC,EKPC,1350.774,True
4/25/2024 7:00:00 PM,4/25/2024 3:00:00 PM,SERC,WEST,EKPC,EKPC,1338.055,True
4/25/2024 8:00:00 PM,4/25/2024 4:00:00 PM,SERC,WEST,EKPC,EKPC,1376.033,True
4/25/2024 9:00:00 PM,4/25/2024 5:00:00 PM,SERC,WEST,EKPC,EKPC,1373.783,True
4/25/2024 10:00:00 PM,4/25/2024 6:00:00 PM,SERC,WEST,EKPC,EKPC,1424.375,True
4/25/2024 11:00:00 PM,4/25/2024 7:00:00 PM,SERC,WEST,EKPC,EKPC,1395.022,True
4/26/2024 12:00:00 AM,4/25/2024 8:00:00 PM,SERC,WEST,EKPC,EKPC,1404.249,True
4/26/2024 1:00:00 AM,4/25/2024 9:00:00 PM,SERC,WEST,EKPC,EKPC,1448.391,True
4/26/2024 2:00:00 AM,4/25/2024 10:00:00 PM,SERC,WEST,EKPC,EKPC,1248.399,True
4/26/2024 3:00:00 AM,4/25/2024 11:00:00 PM,SERC,WEST,EKPC,EKPC,1183.324,True
4/26/2024 4:00:00 AM,4/26/2024 12:00:00 AM,SERC,WEST,EKPC,EKPC,1220.771,True
4/26/2024 5:00:00 AM,4/26/2024 1:00:00 AM,SERC,WEST,EKPC,EKPC,1196.218,True
4/26/2024 6:00:00 AM,4/26/2024 2:00:00 AM,SERC,WEST,EKPC,EKPC,1206.645,True
4/26/2024 7:00:00 AM,4/26/2024 3:00:00 AM,SERC,WEST,EKPC,EKPC,1217.097,True
4/26/2024 8:00:00 AM,4/26/2024 4:00:00 AM,SERC,WEST,EKPC,EKPC,1228.238,True
4/26/2024 9:00:00 AM,4/26/2024 5:00:00 AM,SERC,WEST,EKPC,EKPC,1331.098,True
4/26/2024 10:00:00 AM,4/26/2024 6:00:00 AM,SERC,WEST,EKPC,EKPC,1472.685,True
4/26/2024 11:00:00 AM,4/26/2024 7:00:00 AM,SERC,WEST,EKPC,EKPC,1486.888,True
4/26/2024 12:00:00 PM,4/26/2024 8:00:00 AM,SERC,WEST,EKPC,EKPC,1477.742,True
4/26/2024 1:00:00 PM,4/26/2024 9:00:00 AM,SERC,WEST,EKPC,EKPC,1409.742,True
4/26/2024 2:00:00 PM,4/26/2024 10:00:00 AM,SERC,WEST,EKPC,EKPC,1366.113,True
4/26/2024 3:00:00 PM,4/26/2024 11:00:00 AM,SERC,WEST,EKPC,EKPC,1342.208,True
4/26/2024 4:00:00 PM,4/26/2024 12:00:00 PM,SERC,WEST,EKPC,EKPC,1182.183,True
4/26/2024 5:00:00 PM,4/26/2024 1:00:00 PM,SERC,WEST,EKPC,EKPC,1254.341,True
4/26/2024 6:00:00 PM,4/26/2024 2:00:00 PM,SERC,WEST,EKPC,EKPC,1194.891,True
4/26/2024 7:00:00 PM,4/26/2024 3:00:00 PM,SERC,WEST,EKPC,EKPC,1176.703,True
4/26/2024 8:00:00 PM,4/26/2024 4:00:00 PM,SERC,WEST,EKPC,EKPC,1310.163,True
4/26/2024 9:00:00 PM,4/26/2024 5:00:00 PM,SERC,WEST,EKPC,EKPC,1380.986,True
4/26/2024 10:00:00 PM,4/26/2024 6:00:00 PM,SERC,WEST,EKPC,EKPC,1379.037,True
4/26/2024 11:00:00 PM,4/26/2024 7:00:00 PM,SERC,WEST,EKPC,EKPC,1353.521,True
4/27/2024 12:00:00 AM,4/26/2024 8:00:00 PM,SERC,WEST,EKPC,EKPC,1425.216,True
4/27/2024 1:00:00 AM,4/26/2024 9:00:00 PM,SERC,WEST,EKPC,EKPC,1392.625,True
4/27/2024 2:00:00 AM,4/26/2024 10:00:00 PM,SERC,WEST,EKPC,EKPC,1348.347,True
4/27/2024 3:00:00 AM,4/26/2024 11:00:00 PM,SERC,WEST,EKPC,EKPC,1269.380,True
4/27/2024 4:00:00 AM,4/27/2024 12:00:00 AM,SERC,WEST,EKPC,EKPC,1177.272,True
4/27/2024 5:00:00 AM,4/27/2024 1:00:00 AM,SERC,WEST,EKPC,EKPC,1149.414,True
4/27/2024 6:00:00 AM,4/27/2024 2:00:00 AM,SERC,WEST,EKPC,EKPC,1088.146,True
4/27/2024 7:00:00 AM,4/27/2024 3:00:00 AM,SERC,WEST,EKPC,EKPC,1038.777,True
4/27/2024 8:00:00 AM,4/27/2024 4:00:00 AM,SERC,WEST,EKPC,EKPC,1067.757,True
4/27/2024 9:00:00 AM,4/27/2024 5:00:00 AM,SERC,WEST,EKPC,EKPC,1074.638,True
4/27/2024 10:00:00 AM,4/27/2024 6:00:00 AM,SERC,WEST,EKPC,EKPC,1143.330,True
4/27/2024 11:00:00 AM,4/27/2024 7:00:00 AM,SERC,WEST,EKPC,EKPC,1199.570,True
4/27/2024 12:00:00 PM,4/27/2024 8:00:00 AM,SERC,WEST,EKPC,EKPC,1230.935,True
4/27/2024 1:00:00 PM,4/27/2024 9:00:00 AM,SERC,WEST,EKPC,EKPC,1302.349,True
4/27/2024 2:00:00 PM,4/27/2024 10:00:00 AM,SERC,WEST,EKPC,EKPC,1311.176,True
4/27/2024 3:00:00 PM,4/27/2024 11:00:00 AM,SERC,WEST,EKPC,EKPC,1346.396,True
4/27/2024 4:00:00 PM,4/27/2024 12:00:00 PM,SERC,WEST,EKPC,EKPC,1312.510,True
4/27/2024 5:00:00 PM,4/27/2024 1:00:00 PM,SERC,WEST,EKPC,EKPC,1382.719,True
4/27/2024 6:00:00 PM,4/27/2024 2:00:00 PM,SERC,WEST,EKPC,EKPC,1376.418,True
4/27/2024 7:00:00 PM,4/27/2024 3:00:00 PM,SERC,WEST,EKPC,EKPC,1433.878,True
4/27/2024 8:00:00 PM,4/27/2024 4:00:00 PM,SERC,WEST,EKPC,EKPC,1395.464,True
4/27/2024 9:00:00 PM,4/27/2024 5:00:00 PM,SERC,WEST,EKPC,EKPC,1383.505,True
4/27/2024 10:00:00 PM,4/27/2024 6:00:00 PM,SERC,WEST,EKPC,EKPC,1537.996,True
4/27/2024 11:00:00 PM,4/27/2024 7:00:00 PM,SERC,WEST,EKPC,EKPC,1491.707,True
4/28/2024 12:00:00 AM,4/27/2024 8:00:00 PM,SERC,WEST,EKPC,EKPC,1474.489,True
4/28/2024 1:00:00 AM,4/27/2024 9:00:00 PM,SERC,WEST,EKPC,EKPC,1469.087,True
4/28/2024 2:00:00 AM,4/27/2024 10:00:00 PM,SERC,WEST,EKPC,EKPC,1277.474,True
4/28/2024 3:00:00 AM,4/27/2024 11:00:00 PM,SERC,WEST,EKPC,EKPC,1157.714,True
4/28/2024 4:00:00 AM,4/28/2024 12:00:00 AM,SERC,WEST,EKPC,EKPC,1160.660,True
4/28/2024 5:00:00 AM,4/28/2024 1:00:00 AM,SERC,WEST,EKPC,EKPC,1136.413,True
4/28/2024 6:00:00 AM,4/28/2024 2:00:00 AM,SERC,WEST,EKPC,EKPC,1110.293,True
4/28/2024 7:00:00 AM,4/28/2024 3:00:00 AM,SERC,WEST,EKPC,EKPC,1037.620,True
4/28/2024 8:00:00 AM,4/28/2024 4:00:00 AM,SERC,WEST,EKPC,EKPC,1036.080,True
4/28/2024 9:00:00 AM,4/28/2024 5:00:00 AM,SERC,WEST,EKPC,EKPC,1060.529,True
4/28/2024 10:00:00 AM,4/28/2024 6:00:00 AM,SERC,WEST,EKPC,EKPC,1109.185,True
4/28/2024 11:00:00 AM,4/28/2024 7:00:00 AM,SERC,WEST,EKPC,EKPC,1121.814,True
4/28/2024 12:00:00 PM,4/28/2024 8:00:00 AM,SERC,WEST,EKPC,EKPC,1185.014,True
4/28/2024 1:00:00 PM,4/28/2024 9:00:00 AM,SERC,WEST,EKPC,EKPC,1294.606,True
4/28/2024 2:00:00 PM,4/28/2024 10:00:00 AM,SERC,WEST,EKPC,EKPC,1319.447,True
4/28/2024 3:00:00 PM,4/28/2024 11:00:00 AM,SERC,WEST,EKPC,EKPC,1411.096,True
4/28/2024 4:00:00 PM,4/28/2024 12:00:00 PM,SERC,WEST,EKPC,EKPC,1508.384,True
4/28/2024 5:00:00 PM,4/28/2024 1:00:00 PM,SERC,WEST,EKPC,EKPC,1565.676,True
4/28/2024 6:00:00 PM,4/28/2024 2:00:00 PM,SERC,WEST,EKPC,EKPC,1621.310,True
4/28/2024 7:00:00 PM,4/28/2024 3:00:00 PM,SERC,WEST,EKPC,EKPC,1616.961,True
4/28/2024 8:00:00 PM,4/28/2024 4:00:00 PM,SERC,WEST,EKPC,EKPC,1693.669,True
4/28/2024 9:00:00 PM,4/28/2024 5:00:00 PM,SERC,WEST,EKPC,EKPC,1742.172,True
4/28/2024 10:00:00 PM,4/28/2024 6:00:00 PM,SERC,WEST,EKPC,EKPC,1716.880,True
4/28/2024 11:00:00 PM,4/28/2024 7:00:00 PM,SERC,WEST,EKPC,EKPC,1737.196,True
4/29/2024 12:00:00 AM,4/28/2024 8:00:00 PM,SERC,WEST,EKPC,EKPC,1733.011,True
4/29/2024 1:00:00 AM,4/28/2024 9:00:00 PM,SERC,WEST,EKPC,EKPC,1561.073,True
4/29/2024 2:00:00 AM,4/28/2024 10:00:00 PM,SERC,WEST,EKPC,EKPC,1389.641,True
4/29/2024 3:00:00 AM,4/28/2024 11:00:00 PM,SERC,WEST,EKPC,EKPC,1324.245,True
4/29/2024 4:00:00 AM,4/29/2024 12:00:00 AM,SERC,WEST,EKPC,EKPC,1209.411,True
4/29/2024 5:00:00 AM,4/29/2024 1:00:00 AM,SERC,WEST,EKPC,EKPC,1164.796,True
4/29/2024 6:00:00 AM,4/29/2024 2:00:00 AM,SERC,WEST,EKPC,EKPC,1136.803,True
4/29/2024 7:00:00 AM,4/29/2024 3:00:00 AM,SERC,WEST,EKPC,EKPC,1127.091,True
4/29/2024 8:00:00 AM,4/29/2024 4:00:00 AM,SERC,WEST,EKPC,EKPC,1091.396,True
4/29/2024 9:00:00 AM,4/29/2024 5:00:00 AM,SERC,WEST,EKPC,EKPC,1027.806,True
4/29/2024 10:00:00 AM,4/29/2024 6:00:00 AM,SERC,WEST,EKPC,EKPC,1135.517,True
4/29/2024 11:00:00 AM,4/29/2024 7:00:00 AM,SERC,WEST,EKPC,EKPC,1200.168,True
4/29/2024 12:00:00 PM,4/29/2024 8:00:00 AM,SERC,WEST,EKPC,EKPC,1219.803,True
4/29/2024 1:00:00 PM,4/29/2024 9:00:00 AM,SERC,WEST,EKPC,EKPC,1262.245,True
4/29/2024 2:00:00 PM,4/29/2024 10:00:00 AM,SERC,WEST,EKPC,EKPC,1309.158,True
4/29/2024 3:00:00 PM,4/29/2024 11:00:00 AM,SERC,WEST,EKPC,EKPC,1349.869,True
4/29/2024 4:00:00 PM,4/29/2024 12:00:00 PM,SERC,WEST,EKPC,EKPC,1440.540,True
4/29/2024 5:00:00 PM,4/29/2024 1:00:00 PM,SERC,WEST,EKPC,EKPC,1474.497,True
4/29/2024 6:00:00 PM,4/29/2024 2:00:00 PM,SERC,WEST,EKPC,EKPC,1484.969,True
4/29/2024 7:00:00 PM,4/29/2024 3:00:00 PM,SERC,WEST,EKPC,EKPC,1542.145,True
4/29/2024 8:00:00 PM,4/29/2024 4:00:00 PM,SERC,WEST,EKPC,EKPC,1742.625,True
4/29/2024 9:00:00 PM,4/29/2024 5:00:00 PM,SERC,WEST,EKPC,EKPC,1745.994,True
4/29/2024 10:00:00 PM,4/29/2024 6:00:00 PM,SERC,WEST,EKPC,EKPC,1718.852,True
4/29/2024 11:00:00 PM,4/29/2024 7:00:00 PM,SERC,WEST,EKPC,EKPC,1731.043,True
4/30/2024 12:00:00 AM,4/29/2024 8:00:00 PM,SERC,WEST,EKPC,EKPC,1707.441,True
4/30/2024 1:00:00 AM,4/29/2024 9:00:00 PM,SERC,WEST,EKPC,EKPC,1684.247,True
4/30/2024 2:00:00 AM,4/29/2024 10:00:00 PM,SERC,WEST,EKPC,EKPC,1565.578,True
4/30/2024 3:00:00 AM,4/29/2024 11:00:00 PM,SERC,WEST,EKPC,EKPC,1404.932,True
4/30/2024 4:00:00 AM,4/30/2024 12:00:00 AM,SERC,WEST,EKPC,EKPC,1259.116,True
4/30/2024 5:00:00 AM,4/30/2024 1:00:00 AM,SERC,WEST,EKPC,EKPC,1207.281,True
4/30/2024 6:00:00 AM,4/30/2024 2:00:00 AM,SERC,WEST,EKPC,EKPC,1085.891,True
4/30/2024 7:00:00 AM,4/30/2024 3:00:00 AM,SERC,WEST,EKPC,EKPC,1073.758,True
4/30/2024 8:00:00 AM,4/30/2024 4:00:00 AM,SERC,WEST,EKPC,EKPC,1037.194,True
4/30/2024 9:00:00 AM,4/30/2024 5:00:00 AM,SERC,WEST,EKPC,EKPC,1046.130,True
4/30/2024 10:00:00 AM,4/30/2024 6:00:00 AM,SERC,WEST,EKPC,EKPC,1161.762,True
4/30/2024 11:00:00 AM,4/30/2024 7:00:00 AM,SERC,WEST,EKPC,EKPC,1205.640,True
4/30/2024 12:00:00 PM,4/30/2024 8:00:00 AM,SERC,WEST,EKPC,EKPC,1182.779,True
4/30/2024 1:00:00 PM,4/30/2024 9:00:00 AM,SERC,WEST,EKPC,EKPC,1192.197,True
4/30/2024 2:00:00 PM,4/30/2024 10:00:00 AM,SERC,WEST,EKPC,EKPC,1217.222,True
4/30/2024 3:00:00 PM,4/30/2024 11:00:00 AM,SERC,WEST,EKPC,EKPC,1231.932,True
4/30/2024 4:00:00 PM,4/30/2024 12:00:00 PM,SERC,WEST,EKPC,EKPC,1269.612,True
4/30/2024 5:00:00 PM,4/30/2024 1:00:00 PM,SERC,WEST,EKPC,EKPC,1306.814,True
4/30/2024 6:00:00 PM,4/30/2024 2:00:00 PM,SERC,WEST,EKPC,EKPC,1334.631,True
4/30/2024 7:00:00 PM,4/30/2024 3:00:00 PM,SERC,WEST,EKPC,EKPC,1389.039,True
4/30/2024 8:00:00 PM,4/30/2024 4:00:00 PM,SERC,WEST,EKPC,EKPC,1462.178,True
4/30/2024 9:00:00 PM,4/30/2024 5:00:00 PM,SERC,WEST,EKPC,EKPC,1524.154,True
4/30/2024 10:00:00 PM,4/30/2024 6:00:00 PM,SERC,WEST,EKPC,EKPC,1559.944,True
4/30/2024 11:00:00 PM,4/30/2024 7:00:00 PM,SERC,WEST,EKPC,EKPC,1583.489,True
5/1/2024 12:00:00 AM,4/30/2024 8:00:00 PM,SERC,WEST,EKPC,EKPC,1539.316,True
5/1/2024 1:00:00 AM,4/30/2024 9:00:00 PM,SERC,WEST,EKPC,EKPC,1564.818,True
5/1/2024 2:00:00 AM,4/30/2024 10:00:00 PM,SERC,WEST,EKPC,EKPC,1436.142,True
5/1/2024 3:00:00 AM,4/30/2024 11:00:00 PM,SERC,WEST,EKPC,EKPC,1249.860,True
5/1/2024 4:00:00 AM,5/1/2024 12:00:00 AM,SERC,WEST,EKPC,EKPC,1088.797,True
5/1/2024 5:00:00 AM,5/1/2024 1:00:00 AM,SERC,WEST,EKPC,EKPC,1004.297,True
5/1/2024 6:00:00 AM,5/1/2024 2:00:00 AM,SERC,WEST,EKPC,EKPC,991.171,True
5/1/2024 7:00:00 AM,5/1/2024 3:00:00 AM,SERC,WEST,EKPC,EKPC,948.761,True
5/1/2024 8:00:00 AM,5/1/2024 4:00:00 AM,SERC,WEST,EKPC,EKPC,964.794,True
5/1/2024 9:00:00 AM,5/1/2024 5:00:00 AM,SERC,WEST,EKPC,EKPC,1031.386,True
5/1/2024 10:00:00 AM,5/1/2024 6:00:00 AM,SERC,WEST,EKPC,EKPC,1149.909,True
5/1/2024 11:00:00 AM,5/1/2024 7:00:00 AM,SERC,WEST,EKPC,EKPC,1369.367,True
5/1/2024 12:00:00 PM,5/1/2024 8:00:00 AM,SERC,WEST,EKPC,EKPC,1374.160,True
5/1/2024 1:00:00 PM,5/1/2024 9:00:00 AM,SERC,WEST,EKPC,EKPC,1352.833,True
5/1/2024 2:00:00 PM,5/1/2024 10:00:00 AM,SERC,WEST,EKPC,EKPC,1411.510,True
5/1/2024 3:00:00 PM,5/1/2024 11:00:00 AM,SERC,WEST,EKPC,EKPC,1458.404,True
5/1/2024 4:00:00 PM,5/1/2024 12:00:00 PM,SERC,WEST,EKPC,EKPC,1488.902,True
5/1/2024 5:00:00 PM,5/1/2024 1:00:00 PM,SERC,WEST,EKPC,EKPC,1572.276,True
5/1/2024 6:00:00 PM,5/1/2024 2:00:00 PM,SERC,WEST,EKPC,EKPC,1597.055,True
5/1/2024 7:00:00 PM,5/1/2024 3:00:00 PM,SERC,WEST,EKPC,EKPC,1653.288,True
5/1/2024 8:00:00 PM,5/1/2024 4:00:00 PM,SERC,WEST,EKPC,EKPC,1673.309,True
5/1/2024 9:00:00 PM,5/1/2024 5:00:00 PM,SERC,WEST,EKPC,EKPC,1883.749,True
5/1/2024 10:00:00 PM,5/1/2024 6:00:00 PM,SERC,WEST,EKPC,EKPC,1880.981,True
5/1/2024 11:00:00 PM,5/1/2024 7:00:00 PM,SERC,WEST,EKPC,EKPC,1818.657,True
5/2/2024 12:00:00 AM,5/1/2024 8:00:00 PM,SERC,WEST,EKPC,EKPC,1813.271,True
5/2/2024 1:00:00 AM,5/1/2024 9:00:00 PM,SERC,WEST,EKPC,EKPC,1754.821,True
5/2/2024 2:00:00 AM,5/1/2024 10:00:00 PM,SERC,WEST,EKPC,EKPC,1567.842,True
5/2/2024 3:00:00 AM,5/1/2024 11:00:00 PM,SERC,WEST,EKPC,EKPC,1433.453,True
5/2/2024 4:00:00 AM,5/2/2024 12:00:00 AM,SERC,WEST,EKPC,EKPC,1283.485,True
5/2/2024 5:00:00 AM,5/2/2024 1:00:00 AM,SERC,WEST,EKPC,EKPC,1225.560,True
5/2/2024 6:00:00 AM,5/2/2024 2:00:00 AM,SERC,WEST,EKPC,EKPC,1151.680,True
5/2/2024 7:00:00 AM,5/2/2024 3:00:00 AM,SERC,WEST,EKPC,EKPC,1110.927,True
5/2/2024 8:00:00 AM,5/2/2024 4:00:00 AM,SERC,WEST,EKPC,EKPC,1142.400,True
5/2/2024 9:00:00 AM,5/2/2024 5:00:00 AM,SERC,WEST,EKPC,EKPC,1241.447,True
5/2/2024 10:00:00 AM,5/2/2024 6:00:00 AM,SERC,WEST,EKPC,EKPC,1310.250,True
5/2/2024 11:00:00 AM,5/2/2024 7:00:00 AM,SERC,WEST,EKPC,EKPC,1394.445,True
5/2/2024 12:00:00 PM,5/2/2024 8:00:00 AM,SERC,WEST,EKPC,EKPC,1281.683,True
5/2/2024 1:00:00 PM,5/2/2024 9:00:00 AM,SERC,WEST,EKPC,EKPC,1361.982,True
5/2/2024 2:00:00 PM,5/2/2024 10:00:00 AM,SERC,WEST,EKPC,EKPC,1508.142,True
5/2/2024 3:00:00 PM,5/2/2024 11:00:00 AM,SERC,WEST,EKPC,EKPC,1592.356,True
5/2/2024 4:00:00 PM,5/2/2024 12:00:00 PM,SERC,WEST,EKPC,EKPC,1689.262,True
5/2/2024 5:00:00 PM,5/2/2024 1:00:00 PM,SERC,WEST,EKPC,EKPC,1721.285,True
5/2/2024 6:00:00 PM,5/2/2024 2:00:00 PM,SERC,WEST,EKPC,EKPC,1853.845,True
5/2/2024 7:00:00 PM,5/2/2024 3:00:00 PM,SERC,WEST,EKPC,EKPC,1895.957,True
5/2/2024 8:00:00 PM,5/2/2024 4:00:00 PM,SERC,WEST,EKPC,EKPC,1952.694,True
5/2/2024 9:00:00 PM,5/2/2024 5:00:00 PM,SERC,WEST,EKPC,EKPC,2033.171,True
5/2/2024 10:00:00 PM,5/2/2024 6:00:00 PM,SERC,WEST,EKPC,EKPC,1998.002,True
5/2/2024 11:00:00 PM,5/2/2024 7:00:00 PM,SERC,WEST,EKPC,EKPC,1901.557,True
5/3/2024 12:00:00 AM,5/2/2024 8:00:00 PM,SERC,WEST,EKPC,EKPC,1806.242,True
5/3/2024 1:00:00 AM,5/2/2024 9:00:00 PM,SERC,WEST,EKPC,EKPC,1812.475,True
5/3/2024 2:00:00 AM,5/2/2024 10:00:00 PM,SERC,WEST,EKPC,EKPC,1637.108,True
5/3/2024 3:00:00 AM,5/2/2024 11:00:00 PM,SERC,WEST,EKPC,EKPC,1463.742,True
5/3/2024 4:00:00 AM,5/3/2024 12:00:00 AM,SERC,WEST,EKPC,EKPC,1271.403,True
5/3/2024 5:00:00 AM,5/3/2024 1:00:00 AM,SERC,WEST,EKPC,EKPC,1255.649,True
5/3/2024 6:00:00 AM,5/3/2024 2:00:00 AM,SERC,WEST,EKPC,EKPC,1147.386,True
5/3/2024 7:00:00 AM,5/3/2024 3:00:00 AM,SERC,WEST,EKPC,EKPC,1103.893,True
5/3/2024 8:00:00 AM,5/3/2024 4:00:00 AM,SERC,WEST,EKPC,EKPC,1127.894,True
5/3/2024 9:00:00 AM,5/3/2024 5:00:00 AM,SERC,WEST,EKPC,EKPC,1213.540,True
5/3/2024 10:00:00 AM,5/3/2024 6:00:00 AM,SERC,WEST,EKPC,EKPC,1317.868,True
5/3/2024 11:00:00 AM,5/3/2024 7:00:00 AM,SERC,WEST,EKPC,EKPC,1235.956,True
5/3/2024 12:00:00 PM,5/3/2024 8:00:00 AM,SERC,WEST,EKPC,EKPC,1253.214,True
5/3/2024 1:00:00 PM,5/3/2024 9:00:00 AM,SERC,WEST,EKPC,EKPC,1350.629,True
5/3/2024 2:00:00 PM,5/3/2024 10:00:00 AM,SERC,WEST,EKPC,EKPC,1383.382,True
5/3/2024 3:00:00 PM,5/3/2024 11:00:00 AM,SERC,WEST,EKPC,EKPC,1447.330,True
5/3/2024 4:00:00 PM,5/3/2024 12:00:00 PM,SERC,WEST,EKPC,EKPC,1401.040,True
5/3/2024 5:00:00 PM,5/3/2024 1:00:00 PM,SERC,WEST,EKPC,EKPC,1485.491,True
5/3/2024 6:00:00 PM,5/3/2024 2:00:00 PM,SERC,WEST,EKPC,EKPC,1478.542,True
5/3/2024 7:00:00 PM,5/3/2024 3:00:00 PM,SERC,WEST,EKPC,EKPC,1436.527,True
5/3/2024 8:00:00 PM,5/3/2024 4:00:00 PM,SERC,WEST,EKPC,EKPC,1477.964,True
5/3/2024 9:00:00 PM,5/3/2024 5:00:00 PM,SERC,WEST,EKPC,EKPC,1410.695,True
5/3/2024 10:00:00 PM,5/3/2024 6:00:00 PM,SERC,WEST,EKPC,EKPC,1515.222,True
5/3/2024 11:00:00 PM,5/3/2024 7:00:00 PM,SERC,WEST,EKPC,EKPC,1520.215,True
5/4/2024 12:00:00 AM,5/3/2024 8:00:00 PM,SERC,WEST,EKPC,EKPC,1517.887,True
5/4/2024 1:00:00 AM,5/3/2024 9:00:00 PM,SERC,WEST,EKPC,EKPC,1408.526,True
5/4/2024 2:00:00 AM,5/3/2024 10:00:00 PM,SERC,WEST,EKPC,EKPC,1283.934,True
5/4/2024 3:00:00 AM,5/3/2024 11:00:00 PM,SERC,WEST,EKPC,EKPC,1173.789,True
5/4/2024 4:00:00 AM,5/4/2024 12:00:00 AM,SERC,WEST,EKPC,EKPC,1065.817,True
5/4/2024 5:00:00 AM,5/4/2024 1:00:00 AM,SERC,WEST,EKPC,EKPC,1014.779,True
5/4/2024 6:00:00 AM,5/4/2024 2:00:00 AM,SERC,WEST,EKPC,EKPC,972.546,True
5/4/2024 7:00:00 AM,5/4/2024 3:00:00 AM,SERC,WEST,EKPC,EKPC,947.101,True
5/4/2024 8:00:00 AM,5/4/2024 4:00:00 AM,SERC,WEST,EKPC,EKPC,952.119,True
5/4/2024 9:00:00 AM,5/4/2024 5:00:00 AM,SERC,WEST,EKPC,EKPC,954.990,True
5/4/2024 10:00:00 AM,5/4/2024 6:00:00 AM,SERC,WEST,EKPC,EKPC,1025.098,True
5/4/2024 11:00:00 AM,5/4/2024 7:00:00 AM,SERC,WEST,EKPC,EKPC,1022.381,True
5/4/2024 12:00:00 PM,5/4/2024 8:00:00 AM,SERC,WEST,EKPC,EKPC,1105.758,True
5/4/2024 1:00:00 PM,5/4/2024 9:00:00 AM,SERC,WEST,EKPC,EKPC,1190.271,True
5/4/2024 2:00:00 PM,5/4/2024 10:00:00 AM,SERC,WEST,EKPC,EKPC,1228.501,True
5/4/2024 3:00:00 PM,5/4/2024 11:00:00 AM,SERC,WEST,EKPC,EKPC,1363.644,True
5/4/2024 4:00:00 PM,5/4/2024 12:00:00 PM,SERC,WEST,EKPC,EKPC,1467.901,True
5/4/2024 5:00:00 PM,5/4/2024 1:00:00 PM,SERC,WEST,EKPC,EKPC,1556.911,True
5/4/2024 6:00:00 PM,5/4/2024 2:00:00 PM,SERC,WEST,EKPC,EKPC,1592.605,True
5/4/2024 7:00:00 PM,5/4/2024 3:00:00 PM,SERC,WEST,EKPC,EKPC,1602.233,True
5/4/2024 8:00:00 PM,5/4/2024 4:00:00 PM,SERC,WEST,EKPC,EKPC,1649.365,True
5/4/2024 9:00:00 PM,5/4/2024 5:00:00 PM,SERC,WEST,EKPC,EKPC,1653.254,True
5/4/2024 10:00:00 PM,5/4/2024 6:00:00 PM,SERC,WEST,EKPC,EKPC,1630.908,True
5/4/2024 11:00:00 PM,5/4/2024 7:00:00 PM,SERC,WEST,EKPC,EKPC,1545.490,True
5/5/2024 12:00:00 AM,5/4/2024 8:00:00 PM,SERC,WEST,EKPC,EKPC,1538.743,True
5/5/2024 1:00:00 AM,5/4/2024 9:00:00 PM,SERC,WEST,EKPC,EKPC,1488.625,True
5/5/2024 2:00:00 AM,5/4/2024 10:00:00 PM,SERC,WEST,EKPC,EKPC,1410.330,True
5/5/2024 3:00:00 AM,5/4/2024 11:00:00 PM,SERC,WEST,EKPC,EKPC,1294.364,True
5/5/2024 4:00:00 AM,5/5/2024 12:00:00 AM,SERC,WEST,EKPC,EKPC,1181.999,True
5/5/2024 5:00:00 AM,5/5/2024 1:00:00 AM,SERC,WEST,EKPC,EKPC,1109.744,True
5/5/2024 6:00:00 AM,5/5/2024 2:00:00 AM,SERC,WEST,EKPC,EKPC,1053.555,True
5/5/2024 7:00:00 AM,5/5/2024 3:00:00 AM,SERC,WEST,EKPC,EKPC,972.891,True
5/5/2024 8:00:00 AM,5/5/2024 4:00:00 AM,SERC,WEST,EKPC,EKPC,1016.280,True
5/5/2024 9:00:00 AM,5/5/2024 5:00:00 AM,SERC,WEST,EKPC,EKPC,948.619,True
5/5/2024 10:00:00 AM,5/5/2024 6:00:00 AM,SERC,WEST,EKPC,EKPC,1077.282,True
5/5/2024 11:00:00 AM,5/5/2024 7:00:00 AM,SERC,WEST,EKPC,EKPC,1147.298,True
5/5/2024 12:00:00 PM,5/5/2024 8:00:00 AM,SERC,WEST,EKPC,EKPC,1214.971,True
5/5/2024 1:00:00 PM,5/5/2024 9:00:00 AM,SERC,WEST,EKPC,EKPC,1330.801,True
5/5/2024 2:00:00 PM,5/5/2024 10:00:00 AM,SERC,WEST,EKPC,EKPC,1304.927,True
5/5/2024 3:00:00 PM,5/5/2024 11:00:00 AM,SERC,WEST,EKPC,EKPC,1438.897,True
5/5/2024 4:00:00 PM,5/5/2024 12:00:00 PM,SERC,WEST,EKPC,EKPC,1469.707,True
5/5/2024 5:00:00 PM,5/5/2024 1:00:00 PM,SERC,WEST,EKPC,EKPC,1577.176,True
5/5/2024 6:00:00 PM,5/5/2024 2:00:00 PM,SERC,WEST,EKPC,EKPC,1687.220,True
5/5/2024 7:00:00 PM,5/5/2024 3:00:00 PM,SERC,WEST,EKPC,EKPC,1643.827,True
5/5/2024 8:00:00 PM,5/5/2024 4:00:00 PM,SERC,WEST,EKPC,EKPC,1780.952,True
5/5/2024 9:00:00 PM,5/5/2024 5:00:00 PM,SERC,WEST,EKPC,EKPC,1837.745,True
5/5/2024 10:00:00 PM,5/5/2024 6:00:00 PM,SERC,WEST,EKPC,EKPC,1822.510,True
5/5/2024 11:00:00 PM,5/5/2024 7:00:00 PM,SERC,WEST,EKPC,EKPC,1777.842,True
5/6/2024 12:00:00 AM,5/5/2024 8:00:00 PM,SERC,WEST,EKPC,EKPC,1758.408,True
5/6/2024 1:00:00 AM,5/5/2024 9:00:00 PM,SERC,WEST,EKPC,EKPC,1716.331,True
5/6/2024 2:00:00 AM,5/5/2024 10:00:00 PM,SERC,WEST,EKPC,EKPC,1566.150,True
5/6/2024 3:00:00 AM,5/5/2024 11:00:00 PM,SERC,WEST,EKPC,EKPC,1360.302,True
5/6/2024 4:00:00 AM,5/6/2024 12:00:00 AM,SERC,WEST,EKPC,EKPC,1218.438,True
5/6/2024 5:00:00 AM,5/6/2024 1:00:00 AM,SERC,WEST,EKPC,EKPC,1187.230,True
5/6/2024 6:00:00 AM,5/6/2024 2:00:00 AM,SERC,WEST,EKPC,EKPC,1175.941,True
5/6/2024 7:00:00 AM,5/6/2024 3:00:00 AM,SERC,WEST,EKPC,EKPC,1093.267,True
5/6/2024 8:00:00 AM,5/6/2024 4:00:00 AM,SERC,WEST,EKPC,EKPC,1066.491,True
5/6/2024 9:00:00 AM,5/6/2024 5:00:00 AM,SERC,WEST,EKPC,EKPC,1214.602,True
5/6/2024 10:00:00 AM,5/6/2024 6:00:00 AM,SERC,WEST,EKPC,EKPC,1341.035,True
5/6/2024 11:00:00 AM,5/6/2024 7:00:00 AM,SERC,WEST,EKPC,EKPC,1377.575,True
5/6/2024 12:00:00 PM,5/6/2024 8:00:00 AM,SERC,WEST,EKPC,EKPC,1373.436,True
5/6/2024 1:00:00 PM,5/6/2024 9:00:00 AM,SERC,WEST,EKPC,EKPC,1403.903,True
5/6/2024 2:00:00 PM,5/6/2024 10:00:00 AM,SERC,WEST,EKPC,EKPC,1398.789,True
5/6/2024 3:00:00 PM,5/6/2024 11:00:00 AM,SERC,WEST,EKPC,EKPC,1411.667,True
5/6/2024 4:00:00 PM,5/6/2024 12:00:00 PM,SERC,WEST,EKPC,EKPC,1418.733,True
5/6/2024 5:00:00 PM,5/6/2024 1:00:00 PM,SERC,WEST,EKPC,EKPC,1533.606,True
5/6/2024 6:00:00 PM,5/6/2024 2:00:00 PM,SERC,WEST,EKPC,EKPC,1509.973,True
5/6/2024 7:00:00 PM,5/6/2024 3:00:00 PM,SERC,WEST,EKPC,EKPC,1643.409,True
5/6/2024 8:00:00 PM,5/6/2024 4:00:00 PM,SERC,WEST,EKPC,EKPC,1650.320,True
5/6/2024 9:00:00 PM,5/6/2024 5:00:00 PM,SERC,WEST,EKPC,EKPC,1678.249,True
5/6/2024 10:00:00 PM,5/6/2024 6:00:00 PM,SERC,WEST,EKPC,EKPC,1666.221,True
5/6/2024 11:00:00 PM,5/6/2024 7:00:00 PM,SERC,WEST,EKPC,EKPC,1508.904,True
5/7/2024 12:00:00 AM,5/6/2024 8:00:00 PM,SERC,WEST,EKPC,EKPC,1619.180,True
5/7/2024 1:00:00 AM,5/6/2024 9:00:00 PM,SERC,WEST,EKPC,EKPC,1604.662,True
5/7/2024 2:00:00 AM,5/6/2024 10:00:00 PM,SERC,WEST,EKPC,EKPC,1475.183,True
5/7/2024 3:00:00 AM,5/6/2024 11:00:00 PM,SERC,WEST,EKPC,EKPC,1328.124,True
5/7/2024 4:00:00 AM,5/7/2024 12:00:00 AM,SERC,WEST,EKPC,EKPC,1150.068,True
5/7/2024 5:00:00 AM,5/7/2024 1:00:00 AM,SERC,WEST,EKPC,EKPC,1006.423,True
5/7/2024 6:00:00 AM,5/7/2024 2:00:00 AM,SERC,WEST,EKPC,EKPC,973.956,True
5/7/2024 7:00:00 AM,5/7/2024 3:00:00 AM,SERC,WEST,EKPC,EKPC,1006.639,True
5/7/2024 8:00:00 AM,5/7/2024 4:00:00 AM,SERC,WEST,EKPC,EKPC,1082.618,True
5/7/2024 9:00:00 AM,5/7/2024 5:00:00 AM,SERC,WEST,EKPC,EKPC,1078.885,True
5/7/2024 10:00:00 AM,5/7/2024 6:00:00 AM,SERC,WEST,EKPC,EKPC,1158.213,True
5/7/2024 11:00:00 AM,5/7/2024 7:00:00 AM,SERC,WEST,EKPC,EKPC,1179.759,True
5/7/2024 12:00:00 PM,5/7/2024 8:00:00 AM,SERC,WEST,EKPC,EKPC,1179.443,True
5/7/2024 1:00:00 PM,5/7/2024 9:00:00 AM,SERC,WEST,EKPC,EKPC,1225.374,True
5/7/2024 2:00:00 PM,5/7/2024 10:00:00 AM,SERC,WEST,EKPC,EKPC,1270.438,True
5/7/2024 3:00:00 PM,5/7/2024 11:00:00 AM,SERC,WEST,EKPC,EKPC,1344.213,True
5/7/2024 4:00:00 PM,5/7/2024 12:00:00 PM,SERC,WEST,EKPC,EKPC,1382.079,True
5/7/2024 5:00:00 PM,5/7/2024 1:00:00 PM,SERC,WEST,EKPC,EKPC,1396.202,True
5/7/2024 6:00:00 PM,5/7/2024 2:00:00 PM,SERC,WEST,EKPC,EKPC,1417.674,True
5/7/2024 7:00:00 PM,5/7/2024 3:00:00 PM,SERC,WEST,EKPC,EKPC,1477.286,True
5/7/2024 8:00:00 PM,5/7/2024 4:00:00 PM,SERC,WEST,EKPC,EKPC,1539.700,True
5/7/2024 9:00:00 PM,5/7/2024 5:00:00 PM,SERC,WEST,EKPC,EKPC,1691.186,True
5/7/2024 10:00:00 PM,5/7/2024 6:00:00 PM,SERC,WEST,EKPC,EKPC,1742.785,True
5/7/2024 11:00:00 PM,5/7/2024 7:00:00 PM,SERC,WEST,EKPC,EKPC,1705.893,True
5/8/2024 12:00:00 AM,5/7/2024 8:00:00 PM,SERC,WEST,EKPC,EKPC,1635.483,True
5/8/2024 1:00:00 AM,5/7/2024 9:00:00 PM,SERC,WEST,EKPC,EKPC,1586.445,True
5/8/2024 2:00:00 AM,5/7/2024 10:00:00 PM,SERC,WEST,EKPC,EKPC,1482.456,True
5/8/2024 3:00:00 AM,5/7/2024 11:00:00 PM,SERC,WEST,EKPC,EKPC,1362.889,True
5/8/2024 4:00:00 AM,5/8/2024 12:00:00 AM,SERC,WEST,EKPC,EKPC,1242.517,True
5/8/2024 5:00:00 AM,5/8/2024 1:00:00 AM,SERC,WEST,EKPC,EKPC,1206.310,True
5/8/2024 6:00:00 AM,5/8/2024 2:00:00 AM,SERC,WEST,EKPC,EKPC,1165.783,True
5/8/2024 7:00:00 AM,5/8/2024 3:00:00 AM,SERC,WEST,EKPC,EKPC,1106.109,True
5/8/2024 8:00:00 AM,5/8/2024 4:00:00 AM,SERC,WEST,EKPC,EKPC,1121.804,True
5/8/2024 9:00:00 AM,5/8/2024 5:00:00 AM,SERC,WEST,EKPC,EKPC,1165.688,True
5/8/2024 10:00:00 AM,5/8/2024 6:00:00 AM,SERC,WEST,EKPC,EKPC,1257.470,True
5/8/2024 11:00:00 AM,5/8/2024 7:00:00 AM,SERC,WEST,EKPC,EKPC,1302.338,True
5/8/2024 12:00:00 PM,5/8/2024 8:00:00 AM,SERC,WEST,EKPC,EKPC,1293.611,True
5/8/2024 1:00:00 PM,5/8/2024 9:00:00 AM,SERC,WEST,EKPC,EKPC,1256.966,True
5/8/2024 2:00:00 PM,5/8/2024 10:00:00 AM,SERC,WEST,EKPC,EKPC,1371.716,True
5/8/2024 3:00:00 PM,5/8/2024 11:00:00 AM,SERC,WEST,EKPC,EKPC,1404.016,True
5/8/2024 4:00:00 PM,5/8/2024 12:00:00 PM,SERC,WEST,EKPC,EKPC,1430.919,True
5/8/2024 5:00:00 PM,5/8/2024 1:00:00 PM,SERC,WEST,EKPC,EKPC,1466.159,True
5/8/2024 6:00:00 PM,5/8/2024 2:00:00 PM,SERC,WEST,EKPC,EKPC,1543.245,True
5/8/2024 7:00:00 PM,5/8/2024 3:00:00 PM,SERC,WEST,EKPC,EKPC,1590.970,True
5/8/2024 8:00:00 PM,5/8/2024 4:00:00 PM,SERC,WEST,EKPC,EKPC,1606.995,True
5/8/2024 9:00:00 PM,5/8/2024 5:00:00 PM,SERC,WEST,EKPC,EKPC,1650.297,True
5/8/2024 10:00:00 PM,5/8/2024 6:00:00 PM,SERC,WEST,EKPC,EKPC,1581.145,True
5/8/2024 11:00:00 PM,5/8/2024 7:00:00 PM,SERC,WEST,EKPC,EKPC,1550.255,True
5/9/2024 12:00:00 AM,5/8/2024 8:00:00 PM,SERC,WEST,EKPC,EKPC,1543.642,True
5/9/2024 1:00:00 AM,5/8/2024 9:00:00 PM,SERC,WEST,EKPC,EKPC,1436.666,True
5/9/2024 2:00:00 AM,5/8/2024 10:00:00 PM,SERC,WEST,EKPC,EKPC,1338.100,True
5/9/2024 3:00:00 AM,5/8/2024 11:00:00 PM,SERC,WEST,EKPC,EKPC,1275.834,True
5/9/2024 4:00:00 AM,5/9/2024 12:00:00 AM,SERC,WEST,EKPC,EKPC,1248.172,True
5/9/2024 5:00:00 AM,5/9/2024 1:00:00 AM,SERC,WEST,EKPC,EKPC,1138.930,True
5/9/2024 6:00:00 AM,5/9/2024 2:00:00 AM,SERC,WEST,EKPC,EKPC,1059.427,True
5/9/2024 7:00:00 AM,5/9/2024 3:00:00 AM,SERC,WEST,EKPC,EKPC,1063.841,True
5/9/2024 8:00:00 AM,5/9/2024 4:00:00 AM,SERC,WEST,EKPC,EKPC,1040.160,True
5/9/2024 9:00:00 AM,5/9/2024 5:00:00 AM,SERC,WEST,EKPC,EKPC,1051.214,True
5/9/2024 10:00:00 AM,5/9/2024 6:00:00 AM,SERC,WEST,EKPC,EKPC,1246.554,True
5/9/2024 11:00:00 AM,5/9/2024 7:00:00 AM,SERC,WEST,EKPC,EKPC,1202.906,True
5/9/2024 12:00:00 PM,5/9/2024 8:00:00 AM,SERC,WEST,EKPC,EKPC,1321.968,True
5/9/2024 1:00:00 PM,5/9/2024 9:00:00 AM,SERC,WEST,EKPC,EKPC,1325.732,True
5/9/2024 2:00:00 PM,5/9/2024 10:00:00 AM,SERC,WEST,EKPC,EKPC,1314.858,True
5/9/2024 3:00:00 PM,5/9/2024 11:00:00 AM,SERC,WEST,EKPC,EKPC,1491.092,True
5/9/2024 4:00:00 PM,5/9/2024 12:00:00 PM,SERC,WEST,EKPC,EKPC,1535.194,True
5/9/2024 5:00:00 PM,5/9/2024 1:00:00 PM,SERC,WEST,EKPC,EKPC,1551.162,True
5/9/2024 6:00:00 PM,5/9/2024 2:00:00 PM,SERC,WEST,EKPC,EKPC,1567.385,True
5/9/2024 7:00:00 PM,5/9/2024 3:00:00 PM,SERC,WEST,EKPC,EKPC,1574.929,True
5/9/2024 8:00:00 PM,5/9/2024 4:00:00 PM,SERC,WEST,EKPC,EKPC,1668.242,True
5/9/2024 9:00:00 PM,5/9/2024 5:00:00 PM,SERC,WEST,EKPC,EKPC,1741.123,True
5/9/2024 10:00:00 PM,5/9/2024 6:00:00 PM,SERC,WEST,EKPC,EKPC,1748.357,True
5/9/2024 11:00:00 PM,5/9/2024 7:00:00 PM,SERC,WEST,EKPC,EKPC,1715.365,True
5/10/2024 12:00:00 AM,5/9/2024 8:00:00 PM,SERC,WEST,EKPC,EKPC,1683.749,True
5/10/2024 1:00:00 AM,5/9/2024 9:00:00 PM,SERC,WEST,EKPC,EKPC,1631.600,True
5/10/2024 2:00:00 AM,5/9/2024 10:00:00 PM,SERC,WEST,EKPC,EKPC,1445.261,True
5/10/2024 3:00:00 AM,5/9/2024 11:00:00 PM,SERC,WEST,EKPC,EKPC,1368.423,True
5/10/2024 4:00:00 AM,5/10/2024 12:00:00 AM,SERC,WEST,EKPC,EKPC,1186.987,True
5/10/2024 5:00:00 AM,5/10/2024 1:00:00 AM,SERC,WEST,EKPC,EKPC,1189.301,True
5/10/2024 6:00:00 AM,5/10/2024 2:00:00 AM,SERC,WEST,EKPC,EKPC,1151.716,True
5/10/2024 7:00:00 AM,5/10/2024 3:00:00 AM,SERC,WEST,EKPC,EKPC,1083.457,True
5/10/2024 8:00:00 AM,5/10/2024 4:00:00 AM,SERC,WEST,EKPC,EKPC,1083.557,True
5/10/2024 9:00:00 AM,5/10/2024 5:00:00 AM,SERC,WEST,EKPC,EKPC,1186.472,True
5/10/2024 10:00:00 AM,5/10/2024 6:00:00 AM,SERC,WEST,EKPC,EKPC,1262.215,True
5/10/2024 11:00:00 AM,5/10/2024 7:00:00 AM,SERC,WEST,EKPC,EKPC,1340.876,True
5/10/2024 12:00:00 PM,5/10/2024 8:00:00 AM,SERC,WEST,EKPC,EKPC,1279.359,True
5/10/2024 1:00:00 PM,5/10/2024 9:00:00 AM,SERC,WEST,EKPC,EKPC,1267.237,True
5/10/2024 2:00:00 PM,5/10/2024 10:00:00 AM,SERC,WEST,EKPC,EKPC,1266.986,True
5/10/2024 3:00:00 PM,5/10/2024 11:00:00 AM,SERC,WEST,EKPC,EKPC,1285.907,True
5/10/2024 4:00:00 PM,5/10/2024 12:00:00 PM,SERC,WEST,EKPC,EKPC,1318.647,True
5/10/2024 5:00:00 PM,5/10/2024 1:00:00 PM,SERC,WEST,EKPC,EKPC,1273.123,True
5/10/2024 6:00:00 PM,5/10/2024 2:00:00 PM,SERC,WEST,EKPC,EKPC,1265.244,True
5/10/2024 7:00:00 PM,5/10/2024 3:00:00 PM,SERC,WEST,EKPC,EKPC,1344.087,True
5/10/2024 8:00:00 PM,5/10/2024 4:00:00 PM,SERC,WEST,EKPC,EKPC,1293.454,True
5/10/2024 9:00:00 PM,5/10/2024 5:00:00 PM,SERC,WEST,EKPC,EKPC,1252.631,True
5/10/2024 10:00:00 PM,5/10/2024 6:00:00 PM,SERC,WEST,EKPC,EKPC,1245.785,True
5/10/2024 11:00:00 PM,5/10/2024 7:00:00 PM,SERC,WEST,EKPC,EKPC,1387.896,True
5/11/2024 12:00:00 AM,5/10/2024 8:00:00 PM,SERC,WEST,EKPC,EKPC,1371.896,True
5/11/2024 1:00:00 AM,5/10/2024 9:00:00 PM,SERC,WEST,EKPC,EKPC,1406.642,True
5/11/2024 2:00:00 AM,5/10/2024 10:00:00 PM,SERC,WEST,EKPC,EKPC,1329.025,True
5/11/2024 3:00:00 AM,5/10/2024 11:00:00 PM,SERC,WEST,EKPC,EKPC,1092.072,True
5/11/2024 4:00:00 AM,5/11/2024 12:00:00 AM,SERC,WEST,EKPC,EKPC,1023.438,True
5/11/2024 5:00:00 AM,5/11/2024 1:00:00 AM,SERC,WEST,EKPC,EKPC,993.120,True
5/11/2024 6:00:00 AM,5/11/2024 2:00:00 AM,SERC,WEST,EKPC,EKPC,949.354,True
5/11/2024 7:00:00 AM,5/11/2024 3:00:00 AM,SERC,WEST,EKPC,EKPC,929.511,True
5/11/2024 8:00:00 AM,5/11/2024 4:00:00 AM,SERC,WEST,EKPC,EKPC,970.406,True
5/11/2024 9:00:00 AM,5/11/2024 5:00:00 AM,SERC,WEST,EKPC,EKPC,1104.935,True
5/11/2024 10:00:00 AM,5/11/2024 6:00:00 AM,SERC,WEST,EKPC,EKPC,1131.830,True
5/11/2024 11:00:00 AM,5/11/2024 7:00:00 AM,SERC,WEST,EKPC,EKPC,1217.114,True
5/11/2024 12:00:00 PM,5/11/2024 8:00:00 AM,SERC,WEST,EKPC,EKPC,1237.721,True
5/11/2024 1:00:00 PM,5/11/2024 9:00:00 AM,SERC,WEST,EKPC,EKPC,1138.315,True
5/11/2024 2:00:00 PM,5/11/2024 10:00:00 AM,SERC,WEST,EKPC,EKPC,1247.565,True
5/11/2024 3:00:00 PM,5/11/2024 11:00:00 AM,SERC,WEST,EKPC,EKPC,1234.819,True
5/11/2024 4:00:00 PM,5/11/2024 12:00:00 PM,SERC,WEST,EKPC,EKPC,1267.349,True
5/11/2024 5:00:00 PM,5/11/2024 1:00:00 PM,SERC,WEST,EKPC,EKPC,1321.387,True
5/11/2024 6:00:00 PM,5/11/2024 2:00:00 PM,SERC,WEST,EKPC,EKPC,1309.136,True
5/11/2024 7:00:00 PM,5/11/2024 3:00:00 PM,SERC,WEST,EKPC,EKPC,1326.007,True
5/11/2024 8:00:00 PM,5/11/2024 4:00:00 PM,SERC,WEST,EKPC,EKPC,1342.770,True
5/11/2024 9:00:00 PM,5/11/2024 5:00:00 PM,SERC,WEST,EKPC,EKPC,1390.143,True
5/11/2024 10:00:00 PM,5/11/2024 6:00:00 PM,SERC,WEST,EKPC,EKPC,1411.701,True
5/11/2024 11:00:00 PM,5/11/2024 7:00:00 PM,SERC,WEST,EKPC,EKPC,1403.068,True
5/12/2024 12:00:00 AM,5/11/2024 8:00:00 PM,SERC,WEST,EKPC,EKPC,1380.672,True
5/12/2024 1:00:00 AM,5/11/2024 9:00:00 PM,SERC,WEST,EKPC,EKPC,1332.964,True
5/12/2024 2:00:00 AM,5/11/2024 10:00:00 PM,SERC,WEST,EKPC,EKPC,1317.446,True
5/12/2024 3:00:00 AM,5/11/2024 11:00:00 PM,SERC,WEST,EKPC,EKPC,1112.591,True
5/12/2024 4:00:00 AM,5/12/2024 12:00:00 AM,SERC,WEST,EKPC,EKPC,1010.248,True
5/12/2024 5:00:00 AM,5/12/2024 1:00:00 AM,SERC,WEST,EKPC,EKPC,950.922,True
5/12/2024 6:00:00 AM,5/12/2024 2:00:00 AM,SERC,WEST,EKPC,EKPC,914.692,True
5/12/2024 7:00:00 AM,5/12/2024 3:00:00 AM,SERC,WEST,EKPC,EKPC,914.126,True
5/12/2024 8:00:00 AM,5/12/2024 4:00:00 AM,SERC,WEST,EKPC,EKPC,933.928,True
5/12/2024 9:00:00 AM,5/12/2024 5:00:00 AM,SERC,WEST,EKPC,EKPC,945.029,True
5/12/2024 10:00:00 AM,5/12/2024 6:00:00 AM,SERC,WEST,EKPC,EKPC,1040.201,True
5/12/2024 11:00:00 AM,5/12/2024 7:00:00 AM,SERC,WEST,EKPC,EKPC,1093.303,True
5/12/2024 12:00:00 PM,5/12/2024 8:00:00 AM,SERC,WEST,EKPC,EKPC,1131.261,True
5/12/2024 1:00:00 PM,5/12/2024 9:00:00 AM,SERC,WEST,EKPC,EKPC,1173.791,True
5/12/2024 2:00:00 PM,5/12/2024 10:00:00 AM,SERC,WEST,EKPC,EKPC,1182.720,True
5/12/2024 3:00:00 PM,5/12/2024 11:00:00 AM,SERC,WEST,EKPC,EKPC,1126.272,True
5/12/2024 4:00:00 PM,5/12/2024 12:00:00 PM,SERC,WEST,EKPC,EKPC,1214.896,True
5/12/2024 5:00:00 PM,5/12/2024 1:00:00 PM,SERC,WEST,EKPC,EKPC,1326.566,True
5/12/2024 6:00:00 PM,5/12/2024 2:00:00 PM,SERC,WEST,EKPC,EKPC,1409.388,True
5/12/2024 7:00:00 PM,5/12/2024 3:00:00 PM,SERC,WEST,EKPC,EKPC,1443.577,True
5/12/2024 8:00:00 PM,5/12/2024 4:00:00 PM,SERC,WEST,EKPC,EKPC,1379.775,True
5/12/2024 9:00:00 PM,5/12/2024 5:00:00 PM,SERC,WEST,EKPC,EKPC,1550.136,True
5/12/2024 10:00:00 PM,5/12/2024 6:00:00 PM,SERC,WEST,EKPC,EKPC,1598.960,True
5/12/2024 11:00:00 PM,5/12/2024 7:00:00 PM,SERC,WEST,EKPC,EKPC,1625.230,True
5/13/2024 12:00:00 AM,5/12/2024 8:00:00 PM,SERC,WEST,EKPC,EKPC,1588.079,True
5/13/2024 1:00:00 AM,5/12/2024 9:00:00 PM,SERC,WEST,EKPC,EKPC,1589.736,True
5/13/2024 2:00:00 AM,5/12/2024 10:00:00 PM,SERC,WEST,EKPC,EKPC,1392.423,True
5/13/2024 3:00:00 AM,5/12/2024 11:00:00 PM,SERC,WEST,EKPC,EKPC,1253.353,True
5/13/2024 4:00:00 AM,5/13/2024 12:00:00 AM,SERC,WEST,EKPC,EKPC,1200.851,True
5/13/2024 5:00:00 AM,5/13/2024 1:00:00 AM,SERC,WEST,EKPC,EKPC,1108.322,True
5/13/2024 6:00:00 AM,5/13/2024 2:00:00 AM,SERC,WEST,EKPC,EKPC,1099.973,True
5/13/2024 7:00:00 AM,5/13/2024 3:00:00 AM,SERC,WEST,EKPC,EKPC,1084.591,True
5/13/2024 8:00:00 AM,5/13/2024 4:00:00 AM,SERC,WEST,EKPC,EKPC,1125.056,True
5/13/2024 9:00:00 AM,5/13/2024 5:00:00 AM,SERC,WEST,EKPC,EKPC,1182.503,True
5/13/2024 10:00:00 AM,5/13/2024 6:00:00 AM,SERC,WEST,EKPC,EKPC,1297.752,True
5/13/2024 11:00:00 AM,5/13/2024 7:00:00 AM,SERC,WEST,EKPC,EKPC,1299.674,True
5/13/2024 12:00:00 PM,5/13/2024 8:00:00 AM,SERC,WEST,EKPC,EKPC,1378.412,True
5/13/2024 1:00:00 PM,5/13/2024 9:00:00 AM,SERC,WEST,EKPC,EKPC,1363.652,True
5/13/2024 2:00:00 PM,5/13/2024 10:00:00 AM,SERC,WEST,EKPC,EKPC,1381.947,True
5/13/2024 3:00:00 PM,5/13/2024 11:00:00 AM,SERC,WEST,EKPC,EKPC,1363.755,True
5/13/2024 4:00:00 PM,5/13/2024 12:00:00 PM,SERC,WEST,EKPC,EKPC,1459.341,True
5/13/2024 5:00:00 PM,5/13/2024 1:00:00 PM,SERC,WEST,EKPC,EKPC,1426.551,True
5/13/2024 6:00:00 PM,5/13/2024 2:00:00 PM,SERC,WEST,EKPC,EKPC,1462.622,True
5/13/2024 7:00:00 PM,5/13/2024 3:00:00 PM,SERC,WEST,EKPC,EKPC,1460.890,True
5/13/2024 8:00:00 PM,5/13/2024 4:00:00 PM,SERC,WEST,EKPC,EKPC,1455.491,True
5/13/2024 9:00:00 PM,5/13/2024 5:00:00 PM,SERC,WEST,EKPC,EKPC,1477.563,True
5/13/2024 10:00:00 PM,5/13/2024 6:00:00 PM,SERC,WEST,EKPC,EKPC,1487.215,True
5/13/2024 11:00:00 PM,5/13/2024 7:00:00 PM,SERC,WEST,EKPC,EKPC,1453.570,True
5/14/2024 12:00:00 AM,5/13/2024 8:00:00 PM,SERC,WEST,EKPC,EKPC,1457.913,True
5/14/2024 1:00:00 AM,5/13/2024 9:00:00 PM,SERC,WEST,EKPC,EKPC,1444.219,True
5/14/2024 2:00:00 AM,5/13/2024 10:00:00 PM,SERC,WEST,EKPC,EKPC,1318.280,True
5/14/2024 3:00:00 AM,5/13/2024 11:00:00 PM,SERC,WEST,EKPC,EKPC,1173.899,True
5/14/2024 4:00:00 AM,5/14/2024 12:00:00 AM,SERC,WEST,EKPC,EKPC,1075.944,True
5/14/2024 5:00:00 AM,5/14/2024 1:00:00 AM,SERC,WEST,EKPC,EKPC,1166.728,True
5/14/2024 6:00:00 AM,5/14/2024 2:00:00 AM,SERC,WEST,EKPC,EKPC,1139.173,True
5/14/2024 7:00:00 AM,5/14/2024 3:00:00 AM,SERC,WEST,EKPC,EKPC,1122.051,True
5/14/2024 8:00:00 AM,5/14/2024 4:00:00 AM,SERC,WEST,EKPC,EKPC,1156.517,True
5/14/2024 9:00:00 AM,5/14/2024 5:00:00 AM,SERC,WEST,EKPC,EKPC,1210.863,True
5/14/2024 10:00:00 AM,5/14/2024 6:00:00 AM,SERC,WEST,EKPC,EKPC,1284.532,True
5/14/2024 11:00:00 AM,5/14/2024 7:00:00 AM,SERC,WEST,EKPC,EKPC,1390.213,True
5/14/2024 12:00:00 PM,5/14/2024 8:00:00 AM,SERC,WEST,EKPC,EKPC,1356.048,True
5/14/2024 1:00:00 PM,5/14/2024 9:00:00 AM,SERC,WEST,EKPC,EKPC,1361.361,True
5/14/2024 2:00:00 PM,5/14/2024 10:00:00 AM,SERC,WEST,EKPC,EKPC,1316.921,True
5/14/2024 3:00:00 PM,5/14/2024 11:00:00 AM,SERC,WEST,EKPC,EKPC,1358.590,True
5/14/2024 4:00:00 PM,5/14/2024 12:00:00 PM,SERC,WEST,EKPC,EKPC,1431.493,True
5/14/2024 5:00:00 PM,5/14/2024 1:00:00 PM,SERC,WEST,EKPC,EKPC,1416.790,True
5/14/2024 6:00:00 PM,5/14/2024 2:00:00 PM,SERC,WEST,EKPC,EKPC,1414.215,True
5/14/2024 7:00:00 PM,5/14/2024 3:00:00 PM,SERC,WEST,EKPC,EKPC,1425.645,True
5/14/2024 8:00:00 PM,5/14/2024 4:00:00 PM,SERC,WEST,EKPC,EKPC,1466.798,True
5/14/2024 9:00:00 PM,5/14/2024 5:00:00 PM,SERC,WEST,EKPC,EKPC,1524.348,True
5/14/2024 10:00:00 PM,5/14/2024 6:00:00 PM,SERC,WEST,EKPC,EKPC,1558.232,True
5/14/2024 11:00:00 PM,5/14/2024 7:00:00 PM,SERC,WEST,EKPC,EKPC,1562.123,True
5/15/2024 12:00:00 AM,5/14/2024 8:00:00 PM,SERC,WEST,EKPC,EKPC,1565.220,True
5/15/2024 1:00:00 AM,5/14/2024 9:00:00 PM,SERC,WEST,EKPC,EKPC,1577.173,True
5/15/2024 2:00:00 AM,5/14/2024 10:00:00 PM,SERC,WEST,EKPC,EKPC,1427.576,True
5/15/2024 3:00:00 AM,5/14/2024 11:00:00 PM,SERC,WEST,EKPC,EKPC,1238.547,True
5/15/2024 4:00:00 AM,5/15/2024 12:00:00 AM,SERC,WEST,EKPC,EKPC,1149.205,True
5/15/2024 5:00:00 AM,5/15/2024 1:00:00 AM,SERC,WEST,EKPC,EKPC,1089.851,True
5/15/2024 6:00:00 AM,5/15/2024 2:00:00 AM,SERC,WEST,EKPC,EKPC,1044.467,True
5/15/2024 7:00:00 AM,5/15/2024 3:00:00 AM,SERC,WEST,EKPC,EKPC,1032.800,True
5/15/2024 8:00:00 AM,5/15/2024 4:00:00 AM,SERC,WEST,EKPC,EKPC,1020.692,True
5/15/2024 9:00:00 AM,5/15/2024 5:00:00 AM,SERC,WEST,EKPC,EKPC,1043.444,True
5/15/2024 10:00:00 AM,5/15/2024 6:00:00 AM,SERC,WEST,EKPC,EKPC,1143.319,True
5/15/2024 11:00:00 AM,5/15/2024 7:00:00 AM,SERC,WEST,EKPC,EKPC,1191.596,True
5/15/2024 12:00:00 PM,5/15/2024 8:00:00 AM,SERC,WEST,EKPC,EKPC,1177.476,True
5/15/2024 1:00:00 PM,5/15/2024 9:00:00 AM,SERC,WEST,EKPC,EKPC,1175.948,True
5/15/2024 2:00:00 PM,5/15/2024 10:00:00 AM,SERC,WEST,EKPC,EKPC,1185.708,True
5/15/2024 3:00:00 PM,5/15/2024 11:00:00 AM,SERC,WEST,EKPC,EKPC,1200.342,True
5/15/2024 4:00:00 PM,5/15/2024 12:00:00 PM,SERC,WEST,EKPC,EKPC,1215.081,True
5/15/2024 5:00:00 PM,5/15/2024 1:00:00 PM,SERC,WEST,EKPC,EKPC,1242.620,True
5/15/2024 6:00:00 PM,5/15/2024 2:00:00 PM,SERC,WEST,EKPC,EKPC,1270.334,True
5/15/2024 7:00:00 PM,5/15/2024 3:00:00 PM,SERC,WEST,EKPC,EKPC,1302.343,True
5/15/2024 8:00:00 PM,5/15/2024 4:00:00 PM,SERC,WEST,EKPC,EKPC,1357.200,True
5/15/2024 9:00:00 PM,5/15/2024 5:00:00 PM,SERC,WEST,EKPC,EKPC,1420.677,True
5/15/2024 10:00:00 PM,5/15/2024 6:00:00 PM,SERC,WEST,EKPC,EKPC,1454.223,True
5/15/2024 11:00:00 PM,5/15/2024 7:00:00 PM,SERC,WEST,EKPC,EKPC,1459.734,True
5/16/2024 12:00:00 AM,5/15/2024 8:00:00 PM,SERC,WEST,EKPC,EKPC,1541.976,True
5/16/2024 1:00:00 AM,5/15/2024 9:00:00 PM,SERC,WEST,EKPC,EKPC,1520.513,True
5/16/2024 2:00:00 AM,5/15/2024 10:00:00 PM,SERC,WEST,EKPC,EKPC,1412.077,True
5/16/2024 3:00:00 AM,5/15/2024 11:00:00 PM,SERC,WEST,EKPC,EKPC,1247.890,True
5/16/2024 4:00:00 AM,5/16/2024 12:00:00 AM,SERC,WEST,EKPC,EKPC,1225.217,True
5/16/2024 5:00:00 AM,5/16/2024 1:00:00 AM,SERC,WEST,EKPC,EKPC,1156.398,True
5/16/2024 6:00:00 AM,5/16/2024 2:00:00 AM,SERC,WEST,EKPC,EKPC,1133.463,True
5/16/2024 7:00:00 AM,5/16/2024 3:00:00 AM,SERC,WEST,EKPC,EKPC,1095.737,True
5/16/2024 8:00:00 AM,5/16/2024 4:00:00 AM,SERC,WEST,EKPC,EKPC,1103.657,True
5/16/2024 9:00:00 AM,5/16/2024 5:00:00 AM,SERC,WEST,EKPC,EKPC,1191.351,True
5/16/2024 10:00:00 AM,5/16/2024 6:00:00 AM,SERC,WEST,EKPC,EKPC,1263.430,True
5/16/2024 11:00:00 AM,5/16/2024 7:00:00 AM,SERC,WEST,EKPC,EKPC,1281.637,True
5/16/2024 12:00:00 PM,5/16/2024 8:00:00 AM,SERC,WEST,EKPC,EKPC,1221.603,True
5/16/2024 1:00:00 PM,5/16/2024 9:00:00 AM,SERC,WEST,EKPC,EKPC,1359.569,True
5/16/2024 2:00:00 PM,5/16/2024 10:00:00 AM,SERC,WEST,EKPC,EKPC,1400.694,True
5/16/2024 3:00:00 PM,5/16/2024 11:00:00 AM,SERC,WEST,EKPC,EKPC,1394.748,True
5/16/2024 4:00:00 PM,5/16/2024 12:00:00 PM,SERC,WEST,EKPC,EKPC,1520.330,True
5/16/2024 5:00:00 PM,5/16/2024 1:00:00 PM,SERC,WEST,EKPC,EKPC,1544.885,True
5/16/2024 6:00:00 PM,5/16/2024 2:00:00 PM,SERC,WEST,EKPC,EKPC,1546.468,True
5/16/2024 7:00:00 PM,5/16/2024 3:00:00 PM,SERC,WEST,EKPC,EKPC,1606.874,True
5/16/2024 8:00:00 PM,5/16/2024 4:00:00 PM,SERC,WEST,EKPC,EKPC,1700.969,True
5/16/2024 9:00:00 PM,5/16/2024 5:00:00 PM,SERC,WEST,EKPC,EKPC,1762.406,True
5/16/2024 10:00:00 PM,5/16/2024 6:00:00 PM,SERC,WEST,EKPC,EKPC,1781.322,True
5/16/2024 11:00:00 PM,5/16/2024 7:00:00 PM,SERC,WEST,EKPC,EKPC,1772.950,True
5/17/2024 12:00:00 AM,5/16/2024 8:00:00 PM,SERC,WEST,EKPC,EKPC,1715.059,True
5/17/2024 1:00:00 AM,5/16/2024 9:00:00 PM,SERC,WEST,EKPC,EKPC,1686.745,True
5/17/2024 2:00:00 AM,5/16/2024 10:00:00 PM,SERC,WEST,EKPC,EKPC,1566.586,True
5/17/2024 3:00:00 AM,5/16/2024 11:00:00 PM,SERC,WEST,EKPC,EKPC,1371.058,True
5/17/2024 4:00:00 AM,5/17/2024 12:00:00 AM,SERC,WEST,EKPC,EKPC,1289.735,True
5/17/2024 5:00:00 AM,5/17/2024 1:00:00 AM,SERC,WEST,EKPC,EKPC,1129.056,True
5/17/2024 6:00:00 AM,5/17/2024 2:00:00 AM,SERC,WEST,EKPC,EKPC,1091.161,True
5/17/2024 7:00:00 AM,5/17/2024 3:00:00 AM,SERC,WEST,EKPC,EKPC,1088.340,True
5/17/2024 8:00:00 AM,5/17/2024 4:00:00 AM,SERC,WEST,EKPC,EKPC,1146.662,True
5/17/2024 9:00:00 AM,5/17/2024 5:00:00 AM,SERC,WEST,EKPC,EKPC,1194.710,True
5/17/2024 10:00:00 AM,5/17/2024 6:00:00 AM,SERC,WEST,EKPC,EKPC,1296.935,True
5/17/2024 11:00:00 AM,5/17/2024 7:00:00 AM,SERC,WEST,EKPC,EKPC,1325.866,True
5/17/2024 12:00:00 PM,5/17/2024 8:00:00 AM,SERC,WEST,EKPC,EKPC,1334.262,True
5/17/2024 1:00:00 PM,5/17/2024 9:00:00 AM,SERC,WEST,EKPC,EKPC,1362.295,True
5/17/2024 2:00:00 PM,5/17/2024 10:00:00 AM,SERC,WEST,EKPC,EKPC,1391.091,True
5/17/2024 3:00:00 PM,5/17/2024 11:00:00 AM,SERC,WEST,EKPC,EKPC,1399.109,True
5/17/2024 4:00:00 PM,5/17/2024 12:00:00 PM,SERC,WEST,EKPC,EKPC,1396.873,True
5/17/2024 5:00:00 PM,5/17/2024 1:00:00 PM,SERC,WEST,EKPC,EKPC,1327.489,True
5/17/2024 6:00:00 PM,5/17/2024 2:00:00 PM,SERC,WEST,EKPC,EKPC,1393.331,True
5/17/2024 7:00:00 PM,5/17/2024 3:00:00 PM,SERC,WEST,EKPC,EKPC,1382.467,True
5/17/2024 8:00:00 PM,5/17/2024 4:00:00 PM,SERC,WEST,EKPC,EKPC,1441.536,True
5/17/2024 9:00:00 PM,5/17/2024 5:00:00 PM,SERC,WEST,EKPC,EKPC,1459.736,True
5/17/2024 10:00:00 PM,5/17/2024 6:00:00 PM,SERC,WEST,EKPC,EKPC,1445.133,True
5/17/2024 11:00:00 PM,5/17/2024 7:00:00 PM,SERC,WEST,EKPC,EKPC,1325.952,True
5/18/2024 12:00:00 AM,5/17/2024 8:00:00 PM,SERC,WEST,EKPC,EKPC,1353.498,True
5/18/2024 1:00:00 AM,5/17/2024 9:00:00 PM,SERC,WEST,EKPC,EKPC,1442.009,True
5/18/2024 2:00:00 AM,5/17/2024 10:00:00 PM,SERC,WEST,EKPC,EKPC,1303.624,True
5/18/2024 3:00:00 AM,5/17/2024 11:00:00 PM,SERC,WEST,EKPC,EKPC,1120.840,True
5/18/2024 4:00:00 AM,5/18/2024 12:00:00 AM,SERC,WEST,EKPC,EKPC,1122.097,True
5/18/2024 5:00:00 AM,5/18/2024 1:00:00 AM,SERC,WEST,EKPC,EKPC,1132.593,True
5/18/2024 6:00:00 AM,5/18/2024 2:00:00 AM,SERC,WEST,EKPC,EKPC,1087.627,True
5/18/2024 7:00:00 AM,5/18/2024 3:00:00 AM,SERC,WEST,EKPC,EKPC,1079.230,True
5/18/2024 8:00:00 AM,5/18/2024 4:00:00 AM,SERC,WEST,EKPC,EKPC,1059.443,True
5/18/2024 9:00:00 AM,5/18/2024 5:00:00 AM,SERC,WEST,EKPC,EKPC,1088.988,True
5/18/2024 10:00:00 AM,5/18/2024 6:00:00 AM,SERC,WEST,EKPC,EKPC,1100.791,True
5/18/2024 11:00:00 AM,5/18/2024 7:00:00 AM,SERC,WEST,EKPC,EKPC,1179.918,True
5/18/2024 12:00:00 PM,5/18/2024 8:00:00 AM,SERC,WEST,EKPC,EKPC,1227.447,True
5/18/2024 1:00:00 PM,5/18/2024 9:00:00 AM,SERC,WEST,EKPC,EKPC,1185.405,True
5/18/2024 2:00:00 PM,5/18/2024 10:00:00 AM,SERC,WEST,EKPC,EKPC,1188.483,True
5/18/2024 3:00:00 PM,5/18/2024 11:00:00 AM,SERC,WEST,EKPC,EKPC,1386.578,True
5/18/2024 4:00:00 PM,5/18/2024 12:00:00 PM,SERC,WEST,EKPC,EKPC,1451.234,True
5/18/2024 5:00:00 PM,5/18/2024 1:00:00 PM,SERC,WEST,EKPC,EKPC,1513.297,True
5/18/2024 6:00:00 PM,5/18/2024 2:00:00 PM,SERC,WEST,EKPC,EKPC,1579.424,True
5/18/2024 7:00:00 PM,5/18/2024 3:00:00 PM,SERC,WEST,EKPC,EKPC,1609.726,True
5/18/2024 8:00:00 PM,5/18/2024 4:00:00 PM,SERC,WEST,EKPC,EKPC,1689.273,True
5/18/2024 9:00:00 PM,5/18/2024 5:00:00 PM,SERC,WEST,EKPC,EKPC,1719.821,True
5/18/2024 10:00:00 PM,5/18/2024 6:00:00 PM,SERC,WEST,EKPC,EKPC,1749.668,True
5/18/2024 11:00:00 PM,5/18/2024 7:00:00 PM,SERC,WEST,EKPC,EKPC,1695.087,True
5/19/2024 12:00:00 AM,5/18/2024 8:00:00 PM,SERC,WEST,EKPC,EKPC,1627.745,True
5/19/2024 1:00:00 AM,5/18/2024 9:00:00 PM,SERC,WEST,EKPC,EKPC,1599.680,True
5/19/2024 2:00:00 AM,5/18/2024 10:00:00 PM,SERC,WEST,EKPC,EKPC,1511.250,True
5/19/2024 3:00:00 AM,5/18/2024 11:00:00 PM,SERC,WEST,EKPC,EKPC,1318.170,True
5/19/2024 4:00:00 AM,5/19/2024 12:00:00 AM,SERC,WEST,EKPC,EKPC,1212.660,True
5/19/2024 5:00:00 AM,5/19/2024 1:00:00 AM,SERC,WEST,EKPC,EKPC,1073.110,True
5/19/2024 6:00:00 AM,5/19/2024 2:00:00 AM,SERC,WEST,EKPC,EKPC,947.965,True
5/19/2024 7:00:00 AM,5/19/2024 3:00:00 AM,SERC,WEST,EKPC,EKPC,960.290,True
5/19/2024 8:00:00 AM,5/19/2024 4:00:00 AM,SERC,WEST,EKPC,EKPC,970.146,True
5/19/2024 9:00:00 AM,5/19/2024 5:00:00 AM,SERC,WEST,EKPC,EKPC,1023.174,True
5/19/2024 10:00:00 AM,5/19/2024 6:00:00 AM,SERC,WEST,EKPC,EKPC,1034.939,True
5/19/2024 11:00:00 AM,5/19/2024 7:00:00 AM,SERC,WEST,EKPC,EKPC,1132.076,True
5/19/2024 12:00:00 PM,5/19/2024 8:00:00 AM,SERC,WEST,EKPC,EKPC,1258.615,True
5/19/2024 1:00:00 PM,5/19/2024 9:00:00 AM,SERC,WEST,EKPC,EKPC,1381.701,True
5/19/2024 2:00:00 PM,5/19/2024 10:00:00 AM,SERC,WEST,EKPC,EKPC,1455.681,True
5/19/2024 3:00:00 PM,5/19/2024 11:00:00 AM,SERC,WEST,EKPC,EKPC,1583.046,True
5/19/2024 4:00:00 PM,5/19/2024 12:00:00 PM,SERC,WEST,EKPC,EKPC,1634.920,True
5/19/2024 5:00:00 PM,5/19/2024 1:00:00 PM,SERC,WEST,EKPC,EKPC,1692.572,True
5/19/2024 6:00:00 PM,5/19/2024 2:00:00 PM,SERC,WEST,EKPC,EKPC,1817.098,True
5/19/2024 7:00:00 PM,5/19/2024 3:00:00 PM,SERC,WEST,EKPC,EKPC,1913.407,True
5/19/2024 8:00:00 PM,5/19/2024 4:00:00 PM,SERC,WEST,EKPC,EKPC,1942.710,True
5/19/2024 9:00:00 PM,5/19/2024 5:00:00 PM,SERC,WEST,EKPC,EKPC,1996.888,True
5/19/2024 10:00:00 PM,5/19/2024 6:00:00 PM,SERC,WEST,EKPC,EKPC,1974.481,True
5/19/2024 11:00:00 PM,5/19/2024 7:00:00 PM,SERC,WEST,EKPC,EKPC,1859.411,True
5/20/2024 12:00:00 AM,5/19/2024 8:00:00 PM,SERC,WEST,EKPC,EKPC,1824.102,True
5/20/2024 1:00:00 AM,5/19/2024 9:00:00 PM,SERC,WEST,EKPC,EKPC,1777.183,True
5/20/2024 2:00:00 AM,5/19/2024 10:00:00 PM,SERC,WEST,EKPC,EKPC,1620.566,True
5/20/2024 3:00:00 AM,5/19/2024 11:00:00 PM,SERC,WEST,EKPC,EKPC,1427.796,True
5/20/2024 4:00:00 AM,5/20/2024 12:00:00 AM,SERC,WEST,EKPC,EKPC,1282.575,True
5/20/2024 5:00:00 AM,5/20/2024 1:00:00 AM,SERC,WEST,EKPC,EKPC,1226.662,True
5/20/2024 6:00:00 AM,5/20/2024 2:00:00 AM,SERC,WEST,EKPC,EKPC,1138.371,True
5/20/2024 7:00:00 AM,5/20/2024 3:00:00 AM,SERC,WEST,EKPC,EKPC,1133.548,True
5/20/2024 8:00:00 AM,5/20/2024 4:00:00 AM,SERC,WEST,EKPC,EKPC,1128.185,True
5/20/2024 9:00:00 AM,5/20/2024 5:00:00 AM,SERC,WEST,EKPC,EKPC,1176.690,True
5/20/2024 10:00:00 AM,5/20/2024 6:00:00 AM,SERC,WEST,EKPC,EKPC,1185.574,True
5/20/2024 11:00:00 AM,5/20/2024 7:00:00 AM,SERC,WEST,EKPC,EKPC,1246.689,True
5/20/2024 12:00:00 PM,5/20/2024 8:00:00 AM,SERC,WEST,EKPC,EKPC,1341.438,True
5/20/2024 1:00:00 PM,5/20/2024 9:00:00 AM,SERC,WEST,EKPC,EKPC,1491.829,True
5/20/2024 2:00:00 PM,5/20/2024 10:00:00 AM,SERC,WEST,EKPC,EKPC,1597.242,True
5/20/2024 3:00:00 PM,5/20/2024 11:00:00 AM,SERC,WEST,EKPC,EKPC,1703.766,True
5/20/2024 4:00:00 PM,5/20/2024 12:00:00 PM,SERC,WEST,EKPC,EKPC,1737.917,True
5/20/2024 5:00:00 PM,5/20/2024 1:00:00 PM,SERC,WEST,EKPC,EKPC,1839.313,True
5/20/2024 6:00:00 PM,5/20/2024 2:00:00 PM,SERC,WEST,EKPC,EKPC,1917.576,True
5/20/2024 7:00:00 PM,5/20/2024 3:00:00 PM,SERC,WEST,EKPC,EKPC,1951.618,True
5/20/2024 8:00:00 PM,5/20/2024 4:00:00 PM,SERC,WEST,EKPC,EKPC,2009.390,True
5/20/2024 9:00:00 PM,5/20/2024 5:00:00 PM,SERC,WEST,EKPC,EKPC,1989.309,True
5/20/2024 10:00:00 PM,5/20/2024 6:00:00 PM,SERC,WEST,EKPC,EKPC,2053.335,True
5/20/2024 11:00:00 PM,5/20/2024 7:00:00 PM,SERC,WEST,EKPC,EKPC,2042.653,True
5/21/2024 12:00:00 AM,5/20/2024 8:00:00 PM,SERC,WEST,EKPC,EKPC,1979.307,True
5/21/2024 1:00:00 AM,5/20/2024 9:00:00 PM,SERC,WEST,EKPC,EKPC,1858.125,True
5/21/2024 2:00:00 AM,5/20/2024 10:00:00 PM,SERC,WEST,EKPC,EKPC,1736.210,True
5/21/2024 3:00:00 AM,5/20/2024 11:00:00 PM,SERC,WEST,EKPC,EKPC,1519.860,True
5/21/2024 4:00:00 AM,5/21/2024 12:00:00 AM,SERC,WEST,EKPC,EKPC,1365.361,True
5/21/2024 5:00:00 AM,5/21/2024 1:00:00 AM,SERC,WEST,EKPC,EKPC,1274.396,True
5/21/2024 6:00:00 AM,5/21/2024 2:00:00 AM,SERC,WEST,EKPC,EKPC,1180.514,True
5/21/2024 7:00:00 AM,5/21/2024 3:00:00 AM,SERC,WEST,EKPC,EKPC,1094.276,True
5/21/2024 8:00:00 AM,5/21/2024 4:00:00 AM,SERC,WEST,EKPC,EKPC,1097.065,True
5/21/2024 9:00:00 AM,5/21/2024 5:00:00 AM,SERC,WEST,EKPC,EKPC,1116.304,True
5/21/2024 10:00:00 AM,5/21/2024 6:00:00 AM,SERC,WEST,EKPC,EKPC,1201.642,True
5/21/2024 11:00:00 AM,5/21/2024 7:00:00 AM,SERC,WEST,EKPC,EKPC,1286.017,True
5/21/2024 12:00:00 PM,5/21/2024 8:00:00 AM,SERC,WEST,EKPC,EKPC,1341.585,True
5/21/2024 1:00:00 PM,5/21/2024 9:00:00 AM,SERC,WEST,EKPC,EKPC,1402.521,True
5/21/2024 2:00:00 PM,5/21/2024 10:00:00 AM,SERC,WEST,EKPC,EKPC,1604.444,True
5/21/2024 3:00:00 PM,5/21/2024 11:00:00 AM,SERC,WEST,EKPC,EKPC,1744.463,True
5/21/2024 4:00:00 PM,5/21/2024 12:00:00 PM,SERC,WEST,EKPC,EKPC,1830.062,True
5/21/2024 5:00:00 PM,5/21/2024 1:00:00 PM,SERC,WEST,EKPC,EKPC,1833.451,True
5/21/2024 6:00:00 PM,5/21/2024 2:00:00 PM,SERC,WEST,EKPC,EKPC,1900.747,True
5/21/2024 7:00:00 PM,5/21/2024 3:00:00 PM,SERC,WEST,EKPC,EKPC,2084.901,True
5/21/2024 8:00:00 PM,5/21/2024 4:00:00 PM,SERC,WEST,EKPC,EKPC,2166.463,True
5/21/2024 9:00:00 PM,5/21/2024 5:00:00 PM,SERC,WEST,EKPC,EKPC,2181.868,True
5/21/2024 10:00:00 PM,5/21/2024 6:00:00 PM,SERC,WEST,EKPC,EKPC,2201.249,True
5/21/2024 11:00:00 PM,5/21/2024 7:00:00 PM,SERC,WEST,EKPC,EKPC,2133.064,True
5/22/2024 12:00:00 AM,5/21/2024 8:00:00 PM,SERC,WEST,EKPC,EKPC,2029.641,True
5/22/2024 1:00:00 AM,5/21/2024 9:00:00 PM,SERC,WEST,EKPC,EKPC,1982.961,True
5/22/2024 2:00:00 AM,5/21/2024 10:00:00 PM,SERC,WEST,EKPC,EKPC,1755.801,True
5/22/2024 3:00:00 AM,5/21/2024 11:00:00 PM,SERC,WEST,EKPC,EKPC,1600.227,True
5/22/2024 4:00:00 AM,5/22/2024 12:00:00 AM,SERC,WEST,EKPC,EKPC,1418.202,True
5/22/2024 5:00:00 AM,5/22/2024 1:00:00 AM,SERC,WEST,EKPC,EKPC,1319.767,True
5/22/2024 6:00:00 AM,5/22/2024 2:00:00 AM,SERC,WEST,EKPC,EKPC,1233.993,True
5/22/2024 7:00:00 AM,5/22/2024 3:00:00 AM,SERC,WEST,EKPC,EKPC,1122.008,True
5/22/2024 8:00:00 AM,5/22/2024 4:00:00 AM,SERC,WEST,EKPC,EKPC,1165.879,True
5/22/2024 9:00:00 AM,5/22/2024 5:00:00 AM,SERC,WEST,EKPC,EKPC,1198.043,True
5/22/2024 10:00:00 AM,5/22/2024 6:00:00 AM,SERC,WEST,EKPC,EKPC,1288.256,True
5/22/2024 11:00:00 AM,5/22/2024 7:00:00 AM,SERC,WEST,EKPC,EKPC,1364.293,True
5/22/2024 12:00:00 PM,5/22/2024 8:00:00 AM,SERC,WEST,EKPC,EKPC,1392.505,True
5/22/2024 1:00:00 PM,5/22/2024 9:00:00 AM,SERC,WEST,EKPC,EKPC,1447.740,True
5/22/2024 2:00:00 PM,5/22/2024 10:00:00 AM,SERC,WEST,EKPC,EKPC,1520.616,True
5/22/2024 3:00:00 PM,5/22/2024 11:00:00 AM,SERC,WEST,EKPC,EKPC,1605.761,True
5/22/2024 4:00:00 PM,5/22/2024 12:00:00 PM,SERC,WEST,EKPC,EKPC,1664.040,True
5/22/2024 5:00:00 PM,5/22/2024 1:00:00 PM,SERC,WEST,EKPC,EKPC,1696.702,True
5/22/2024 6:00:00 PM,5/22/2024 2:00:00 PM,SERC,WEST,EKPC,EKPC,1609.450,True
5/22/2024 7:00:00 PM,5/22/2024 3:00:00 PM,SERC,WEST,EKPC,EKPC,1639.031,True
5/22/2024 8:00:00 PM,5/22/2024 4:00:00 PM,SERC,WEST,EKPC,EKPC,1645.109,True
5/22/2024 9:00:00 PM,5/22/2024 5:00:00 PM,SERC,WEST,EKPC,EKPC,1669.117,True
5/22/2024 10:00:00 PM,5/22/2024 6:00:00 PM,SERC,WEST,EKPC,EKPC,1626.460,True
5/22/2024 11:00:00 PM,5/22/2024 7:00:00 PM,SERC,WEST,EKPC,EKPC,1597.395,True
5/23/2024 12:00:00 AM,5/22/2024 8:00:00 PM,SERC,WEST,EKPC,EKPC,1542.322,True
5/23/2024 1:00:00 AM,5/22/2024 9:00:00 PM,SERC,WEST,EKPC,EKPC,1490.492,True
5/23/2024 2:00:00 AM,5/22/2024 10:00:00 PM,SERC,WEST,EKPC,EKPC,1346.562,True
5/23/2024 3:00:00 AM,5/22/2024 11:00:00 PM,SERC,WEST,EKPC,EKPC,1217.588,True
5/23/2024 4:00:00 AM,5/23/2024 12:00:00 AM,SERC,WEST,EKPC,EKPC,1123.643,True
5/23/2024 5:00:00 AM,5/23/2024 1:00:00 AM,SERC,WEST,EKPC,EKPC,1039.887,True
5/23/2024 6:00:00 AM,5/23/2024 2:00:00 AM,SERC,WEST,EKPC,EKPC,1036.452,True
5/23/2024 7:00:00 AM,5/23/2024 3:00:00 AM,SERC,WEST,EKPC,EKPC,1028.403,True
5/23/2024 8:00:00 AM,5/23/2024 4:00:00 AM,SERC,WEST,EKPC,EKPC,1081.249,True
5/23/2024 9:00:00 AM,5/23/2024 5:00:00 AM,SERC,WEST,EKPC,EKPC,1122.656,True
5/23/2024 10:00:00 AM,5/23/2024 6:00:00 AM,SERC,WEST,EKPC,EKPC,1145.005,True
5/23/2024 11:00:00 AM,5/23/2024 7:00:00 AM,SERC,WEST,EKPC,EKPC,1278.874,True
5/23/2024 12:00:00 PM,5/23/2024 8:00:00 AM,SERC,WEST,EKPC,EKPC,1229.709,True
5/23/2024 1:00:00 PM,5/23/2024 9:00:00 AM,SERC,WEST,EKPC,EKPC,1249.935,True
5/23/2024 2:00:00 PM,5/23/2024 10:00:00 AM,SERC,WEST,EKPC,EKPC,1327.141,True
5/23/2024 3:00:00 PM,5/23/2024 11:00:00 AM,SERC,WEST,EKPC,EKPC,1368.027,True
5/23/2024 4:00:00 PM,5/23/2024 12:00:00 PM,SERC,WEST,EKPC,EKPC,1427.492,True
5/23/2024 5:00:00 PM,5/23/2024 1:00:00 PM,SERC,WEST,EKPC,EKPC,1495.933,True
5/23/2024 6:00:00 PM,5/23/2024 2:00:00 PM,SERC,WEST,EKPC,EKPC,1560.440,True
5/23/2024 7:00:00 PM,5/23/2024 3:00:00 PM,SERC,WEST,EKPC,EKPC,1609.581,True
5/23/2024 8:00:00 PM,5/23/2024 4:00:00 PM,SERC,WEST,EKPC,EKPC,1626.028,True
5/23/2024 9:00:00 PM,5/23/2024 5:00:00 PM,SERC,WEST,EKPC,EKPC,1614.488,True
5/23/2024 10:00:00 PM,5/23/2024 6:00:00 PM,SERC,WEST,EKPC,EKPC,1598.903,True
5/23/2024 11:00:00 PM,5/23/2024 7:00:00 PM,SERC,WEST,EKPC,EKPC,1565.049,True
5/24/2024 12:00:00 AM,5/23/2024 8:00:00 PM,SERC,WEST,EKPC,EKPC,1542.920,True
5/24/2024 1:00:00 AM,5/23/2024 9:00:00 PM,SERC,WEST,EKPC,EKPC,1499.847,True
5/24/2024 2:00:00 AM,5/23/2024 10:00:00 PM,SERC,WEST,EKPC,EKPC,1427.235,True
5/24/2024 3:00:00 AM,5/23/2024 11:00:00 PM,SERC,WEST,EKPC,EKPC,1288.035,True
5/24/2024 4:00:00 AM,5/24/2024 12:00:00 AM,SERC,WEST,EKPC,EKPC,1192.080,True
5/24/2024 5:00:00 AM,5/24/2024 1:00:00 AM,SERC,WEST,EKPC,EKPC,1128.083,True
5/24/2024 6:00:00 AM,5/24/2024 2:00:00 AM,SERC,WEST,EKPC,EKPC,1060.093,True
5/24/2024 7:00:00 AM,5/24/2024 3:00:00 AM,SERC,WEST,EKPC,EKPC,1064.017,True
5/24/2024 8:00:00 AM,5/24/2024 4:00:00 AM,SERC,WEST,EKPC,EKPC,1073.680,True
5/24/2024 9:00:00 AM,5/24/2024 5:00:00 AM,SERC,WEST,EKPC,EKPC,1095.996,True
5/24/2024 10:00:00 AM,5/24/2024 6:00:00 AM,SERC,WEST,EKPC,EKPC,1172.446,True
5/24/2024 11:00:00 AM,5/24/2024 7:00:00 AM,SERC,WEST,EKPC,EKPC,1237.203,True
5/24/2024 12:00:00 PM,5/24/2024 8:00:00 AM,SERC,WEST,EKPC,EKPC,1285.897,True
5/24/2024 1:00:00 PM,5/24/2024 9:00:00 AM,SERC,WEST,EKPC,EKPC,1332.533,True
5/24/2024 2:00:00 PM,5/24/2024 10:00:00 AM,SERC,WEST,EKPC,EKPC,1387.631,True
5/24/2024 3:00:00 PM,5/24/2024 11:00:00 AM,SERC,WEST,EKPC,EKPC,1466.372,True
5/24/2024 4:00:00 PM,5/24/2024 12:00:00 PM,SERC,WEST,EKPC,EKPC,1498.135,True
5/24/2024 5:00:00 PM,5/24/2024 1:00:00 PM,SERC,WEST,EKPC,EKPC,1594.855,True
5/24/2024 6:00:00 PM,5/24/2024 2:00:00 PM,SERC,WEST,EKPC,EKPC,1701.736,True
5/24/2024 7:00:00 PM,5/24/2024 3:00:00 PM,SERC,WEST,EKPC,EKPC,1784.269,True
5/24/2024 8:00:00 PM,5/24/2024 4:00:00 PM,SERC,WEST,EKPC,EKPC,1821.129,True
5/24/2024 9:00:00 PM,5/24/2024 5:00:00 PM,SERC,WEST,EKPC,EKPC,1798.134,True
5/24/2024 10:00:00 PM,5/24/2024 6:00:00 PM,SERC,WEST,EKPC,EKPC,1831.040,True
5/24/2024 11:00:00 PM,5/24/2024 7:00:00 PM,SERC,WEST,EKPC,EKPC,1721.287,True
5/25/2024 12:00:00 AM,5/24/2024 8:00:00 PM,SERC,WEST,EKPC,EKPC,1655.376,True
5/25/2024 1:00:00 AM,5/24/2024 9:00:00 PM,SERC,WEST,EKPC,EKPC,1631.896,True
5/25/2024 2:00:00 AM,5/24/2024 10:00:00 PM,SERC,WEST,EKPC,EKPC,1509.814,True
5/25/2024 3:00:00 AM,5/24/2024 11:00:00 PM,SERC,WEST,EKPC,EKPC,1376.495,True
5/25/2024 4:00:00 AM,5/25/2024 12:00:00 AM,SERC,WEST,EKPC,EKPC,1255.410,True
5/25/2024 5:00:00 AM,5/25/2024 1:00:00 AM,SERC,WEST,EKPC,EKPC,1113.737,True
5/25/2024 6:00:00 AM,5/25/2024 2:00:00 AM,SERC,WEST,EKPC,EKPC,1132.706,True
5/25/2024 7:00:00 AM,5/25/2024 3:00:00 AM,SERC,WEST,EKPC,EKPC,1101.105,True
5/25/2024 8:00:00 AM,5/25/2024 4:00:00 AM,SERC,WEST,EKPC,EKPC,984.688,True
5/25/2024 9:00:00 AM,5/25/2024 5:00:00 AM,SERC,WEST,EKPC,EKPC,1069.276,True
5/25/2024 10:00:00 AM,5/25/2024 6:00:00 AM,SERC,WEST,EKPC,EKPC,1086.304,True
5/25/2024 11:00:00 AM,5/25/2024 7:00:00 AM,SERC,WEST,EKPC,EKPC,1100.554,True
5/25/2024 12:00:00 PM,5/25/2024 8:00:00 AM,SERC,WEST,EKPC,EKPC,1192.896,True
5/25/2024 1:00:00 PM,5/25/2024 9:00:00 AM,SERC,WEST,EKPC,EKPC,1259.926,True
5/25/2024 2:00:00 PM,5/25/2024 10:00:00 AM,SERC,WEST,EKPC,EKPC,1298.079,True
5/25/2024 3:00:00 PM,5/25/2024 11:00:00 AM,SERC,WEST,EKPC,EKPC,1429.983,True
5/25/2024 4:00:00 PM,5/25/2024 12:00:00 PM,SERC,WEST,EKPC,EKPC,1522.471,True
5/25/2024 5:00:00 PM,5/25/2024 1:00:00 PM,SERC,WEST,EKPC,EKPC,1615.628,True
5/25/2024 6:00:00 PM,5/25/2024 2:00:00 PM,SERC,WEST,EKPC,EKPC,1643.386,True
5/25/2024 7:00:00 PM,5/25/2024 3:00:00 PM,SERC,WEST,EKPC,EKPC,1705.839,True
5/25/2024 8:00:00 PM,5/25/2024 4:00:00 PM,SERC,WEST,EKPC,EKPC,1813.759,True
5/25/2024 9:00:00 PM,5/25/2024 5:00:00 PM,SERC,WEST,EKPC,EKPC,1881.385,True
5/25/2024 10:00:00 PM,5/25/2024 6:00:00 PM,SERC,WEST,EKPC,EKPC,1871.660,True
5/25/2024 11:00:00 PM,5/25/2024 7:00:00 PM,SERC,WEST,EKPC,EKPC,1810.306,True
5/26/2024 12:00:00 AM,5/25/2024 8:00:00 PM,SERC,WEST,EKPC,EKPC,1719.030,True
5/26/2024 1:00:00 AM,5/25/2024 9:00:00 PM,SERC,WEST,EKPC,EKPC,1689.695,True
5/26/2024 2:00:00 AM,5/25/2024 10:00:00 PM,SERC,WEST,EKPC,EKPC,1552.256,True
5/26/2024 3:00:00 AM,5/25/2024 11:00:00 PM,SERC,WEST,EKPC,EKPC,1429.103,True
5/26/2024 4:00:00 AM,5/26/2024 12:00:00 AM,SERC,WEST,EKPC,EKPC,1298.477,True
5/26/2024 5:00:00 AM,5/26/2024 1:00:00 AM,SERC,WEST,EKPC,EKPC,1211.020,True
5/26/2024 6:00:00 AM,5/26/2024 2:00:00 AM,SERC,WEST,EKPC,EKPC,1199.305,True
5/26/2024 7:00:00 AM,5/26/2024 3:00:00 AM,SERC,WEST,EKPC,EKPC,1128.112,True
5/26/2024 8:00:00 AM,5/26/2024 4:00:00 AM,SERC,WEST,EKPC,EKPC,1113.997,True
5/26/2024 9:00:00 AM,5/26/2024 5:00:00 AM,SERC,WEST,EKPC,EKPC,1123.499,True
5/26/2024 10:00:00 AM,5/26/2024 6:00:00 AM,SERC,WEST,EKPC,EKPC,1121.820,True
5/26/2024 11:00:00 AM,5/26/2024 7:00:00 AM,SERC,WEST,EKPC,EKPC,1175.242,True
5/26/2024 12:00:00 PM,5/26/2024 8:00:00 AM,SERC,WEST,EKPC,EKPC,1308.692,True
5/26/2024 1:00:00 PM,5/26/2024 9:00:00 AM,SERC,WEST,EKPC,EKPC,1433.975,True
5/26/2024 2:00:00 PM,5/26/2024 10:00:00 AM,SERC,WEST,EKPC,EKPC,1547.460,True
5/26/2024 3:00:00 PM,5/26/2024 11:00:00 AM,SERC,WEST,EKPC,EKPC,1502.724,True
5/26/2024 4:00:00 PM,5/26/2024 12:00:00 PM,SERC,WEST,EKPC,EKPC,1590.942,True
5/26/2024 5:00:00 PM,5/26/2024 1:00:00 PM,SERC,WEST,EKPC,EKPC,1375.298,True
5/26/2024 6:00:00 PM,5/26/2024 2:00:00 PM,SERC,WEST,EKPC,EKPC,1427.369,True
5/26/2024 7:00:00 PM,5/26/2024 3:00:00 PM,SERC,WEST,EKPC,EKPC,1408.528,True
5/26/2024 8:00:00 PM,5/26/2024 4:00:00 PM,SERC,WEST,EKPC,EKPC,1387.769,True
5/26/2024 9:00:00 PM,5/26/2024 5:00:00 PM,SERC,WEST,EKPC,EKPC,1413.578,True
5/26/2024 10:00:00 PM,5/26/2024 6:00:00 PM,SERC,WEST,EKPC,EKPC,1446.753,True
5/26/2024 11:00:00 PM,5/26/2024 7:00:00 PM,SERC,WEST,EKPC,EKPC,1438.943,True
5/27/2024 12:00:00 AM,5/26/2024 8:00:00 PM,SERC,WEST,EKPC,EKPC,1470.981,True
5/27/2024 1:00:00 AM,5/26/2024 9:00:00 PM,SERC,WEST,EKPC,EKPC,1467.824,True
5/27/2024 2:00:00 AM,5/26/2024 10:00:00 PM,SERC,WEST,EKPC,EKPC,1396.114,True
5/27/2024 3:00:00 AM,5/26/2024 11:00:00 PM,SERC,WEST,EKPC,EKPC,1297.314,True
5/27/2024 4:00:00 AM,5/27/2024 12:00:00 AM,SERC,WEST,EKPC,EKPC,1166.051,True
5/27/2024 5:00:00 AM,5/27/2024 1:00:00 AM,SERC,WEST,EKPC,EKPC,1097.873,True
5/27/2024 6:00:00 AM,5/27/2024 2:00:00 AM,SERC,WEST,EKPC,EKPC,984.431,True
5/27/2024 7:00:00 AM,5/27/2024 3:00:00 AM,SERC,WEST,EKPC,EKPC,959.193,True
5/27/2024 8:00:00 AM,5/27/2024 4:00:00 AM,SERC,WEST,EKPC,EKPC,959.523,True
5/27/2024 9:00:00 AM,5/27/2024 5:00:00 AM,SERC,WEST,EKPC,EKPC,942.628,True
5/27/2024 10:00:00 AM,5/27/2024 6:00:00 AM,SERC,WEST,EKPC,EKPC,975.910,True
5/27/2024 11:00:00 AM,5/27/2024 7:00:00 AM,SERC,WEST,EKPC,EKPC,1001.570,True
5/27/2024 12:00:00 PM,5/27/2024 8:00:00 AM,SERC,WEST,EKPC,EKPC,1099.955,True
5/27/2024 1:00:00 PM,5/27/2024 9:00:00 AM,SERC,WEST,EKPC,EKPC,1175.299,True
5/27/2024 2:00:00 PM,5/27/2024 10:00:00 AM,SERC,WEST,EKPC,EKPC,1283.107,True
5/27/2024 3:00:00 PM,5/27/2024 11:00:00 AM,SERC,WEST,EKPC,EKPC,1337.923,True
5/27/2024 4:00:00 PM,5/27/2024 12:00:00 PM,SERC,WEST,EKPC,EKPC,1372.894,True
5/27/2024 5:00:00 PM,5/27/2024 1:00:00 PM,SERC,WEST,EKPC,EKPC,1428.954,True
5/27/2024 6:00:00 PM,5/27/2024 2:00:00 PM,SERC,WEST,EKPC,EKPC,1541.935,True
5/27/2024 7:00:00 PM,5/27/2024 3:00:00 PM,SERC,WEST,EKPC,EKPC,1686.590,True
5/27/2024 8:00:00 PM,5/27/2024 4:00:00 PM,SERC,WEST,EKPC,EKPC,1718.990,True
5/27/2024 9:00:00 PM,5/27/2024 5:00:00 PM,SERC,WEST,EKPC,EKPC,1718.661,True
5/27/2024 10:00:00 PM,5/27/2024 6:00:00 PM,SERC,WEST,EKPC,EKPC,1740.085,True
5/27/2024 11:00:00 PM,5/27/2024 7:00:00 PM,SERC,WEST,EKPC,EKPC,1698.285,True
5/28/2024 12:00:00 AM,5/27/2024 8:00:00 PM,SERC,WEST,EKPC,EKPC,1696.647,True
5/28/2024 1:00:00 AM,5/27/2024 9:00:00 PM,SERC,WEST,EKPC,EKPC,1645.142,True
5/28/2024 2:00:00 AM,5/27/2024 10:00:00 PM,SERC,WEST,EKPC,EKPC,1502.263,True
5/28/2024 3:00:00 AM,5/27/2024 11:00:00 PM,SERC,WEST,EKPC,EKPC,1282.161,True
5/28/2024 4:00:00 AM,5/28/2024 12:00:00 AM,SERC,WEST,EKPC,EKPC,1219.664,True
5/28/2024 5:00:00 AM,5/28/2024 1:00:00 AM,SERC,WEST,EKPC,EKPC,1151.979,True
5/28/2024 6:00:00 AM,5/28/2024 2:00:00 AM,SERC,WEST,EKPC,EKPC,1099.818,True
5/28/2024 7:00:00 AM,5/28/2024 3:00:00 AM,SERC,WEST,EKPC,EKPC,1060.026,True
5/28/2024 8:00:00 AM,5/28/2024 4:00:00 AM,SERC,WEST,EKPC,EKPC,1095.536,True
5/28/2024 9:00:00 AM,5/28/2024 5:00:00 AM,SERC,WEST,EKPC,EKPC,1162.689,True
5/28/2024 10:00:00 AM,5/28/2024 6:00:00 AM,SERC,WEST,EKPC,EKPC,1185.707,True
5/28/2024 11:00:00 AM,5/28/2024 7:00:00 AM,SERC,WEST,EKPC,EKPC,1261.568,True
5/28/2024 12:00:00 PM,5/28/2024 8:00:00 AM,SERC,WEST,EKPC,EKPC,1317.319,True
5/28/2024 1:00:00 PM,5/28/2024 9:00:00 AM,SERC,WEST,EKPC,EKPC,1281.910,True
5/28/2024 2:00:00 PM,5/28/2024 10:00:00 AM,SERC,WEST,EKPC,EKPC,1462.298,True
5/28/2024 3:00:00 PM,5/28/2024 11:00:00 AM,SERC,WEST,EKPC,EKPC,1549.194,True
5/28/2024 4:00:00 PM,5/28/2024 12:00:00 PM,SERC,WEST,EKPC,EKPC,1630.436,True
5/28/2024 5:00:00 PM,5/28/2024 1:00:00 PM,SERC,WEST,EKPC,EKPC,1675.572,True
5/28/2024 6:00:00 PM,5/28/2024 2:00:00 PM,SERC,WEST,EKPC,EKPC,1690.559,True
5/28/2024 7:00:00 PM,5/28/2024 3:00:00 PM,SERC,WEST,EKPC,EKPC,1724.758,True
5/28/2024 8:00:00 PM,5/28/2024 4:00:00 PM,SERC,WEST,EKPC,EKPC,1759.067,True
5/28/2024 9:00:00 PM,5/28/2024 5:00:00 PM,SERC,WEST,EKPC,EKPC,1799.381,True
5/28/2024 10:00:00 PM,5/28/2024 6:00:00 PM,SERC,WEST,EKPC,EKPC,1788.760,True
5/28/2024 11:00:00 PM,5/28/2024 7:00:00 PM,SERC,WEST,EKPC,EKPC,1743.637,True
5/29/2024 12:00:00 AM,5/28/2024 8:00:00 PM,SERC,WEST,EKPC,EKPC,1559.026,True
5/29/2024 1:00:00 AM,5/28/2024 9:00:00 PM,SERC,WEST,EKPC,EKPC,1583.580,True
5/29/2024 2:00:00 AM,5/28/2024 10:00:00 PM,SERC,WEST,EKPC,EKPC,1503.253,True
5/29/2024 3:00:00 AM,5/28/2024 11:00:00 PM,SERC,WEST,EKPC,EKPC,1360.497,True
5/29/2024 4:00:00 AM,5/29/2024 12:00:00 AM,SERC,WEST,EKPC,EKPC,1234.019,True
5/29/2024 5:00:00 AM,5/29/2024 1:00:00 AM,SERC,WEST,EKPC,EKPC,1182.943,True
5/29/2024 6:00:00 AM,5/29/2024 2:00:00 AM,SERC,WEST,EKPC,EKPC,1115.492,True
5/29/2024 7:00:00 AM,5/29/2024 3:00:00 AM,SERC,WEST,EKPC,EKPC,1110.099,True
5/29/2024 8:00:00 AM,5/29/2024 4:00:00 AM,SERC,WEST,EKPC,EKPC,1134.359,True
5/29/2024 9:00:00 AM,5/29/2024 5:00:00 AM,SERC,WEST,EKPC,EKPC,1128.529,True
5/29/2024 10:00:00 AM,5/29/2024 6:00:00 AM,SERC,WEST,EKPC,EKPC,1228.630,True
5/29/2024 11:00:00 AM,5/29/2024 7:00:00 AM,SERC,WEST,EKPC,EKPC,1246.068,True
5/29/2024 12:00:00 PM,5/29/2024 8:00:00 AM,SERC,WEST,EKPC,EKPC,1161.738,True
5/29/2024 1:00:00 PM,5/29/2024 9:00:00 AM,SERC,WEST,EKPC,EKPC,1204.421,True
5/29/2024 2:00:00 PM,5/29/2024 10:00:00 AM,SERC,WEST,EKPC,EKPC,1360.832,True
5/29/2024 3:00:00 PM,5/29/2024 11:00:00 AM,SERC,WEST,EKPC,EKPC,1376.351,True
5/29/2024 4:00:00 PM,5/29/2024 12:00:00 PM,SERC,WEST,EKPC,EKPC,1476.980,True
5/29/2024 5:00:00 PM,5/29/2024 1:00:00 PM,SERC,WEST,EKPC,EKPC,1506.217,True
5/29/2024 6:00:00 PM,5/29/2024 2:00:00 PM,SERC,WEST,EKPC,EKPC,1549.404,True
5/29/2024 7:00:00 PM,5/29/2024 3:00:00 PM,SERC,WEST,EKPC,EKPC,1533.897,True
5/29/2024 8:00:00 PM,5/29/2024 4:00:00 PM,SERC,WEST,EKPC,EKPC,1575.236,True
5/29/2024 9:00:00 PM,5/29/2024 5:00:00 PM,SERC,WEST,EKPC,EKPC,1600.695,True
5/29/2024 10:00:00 PM,5/29/2024 6:00:00 PM,SERC,WEST,EKPC,EKPC,1477.850,True
5/29/2024 11:00:00 PM,5/29/2024 7:00:00 PM,SERC,WEST,EKPC,EKPC,1421.326,True
5/30/2024 12:00:00 AM,5/29/2024 8:00:00 PM,SERC,WEST,EKPC,EKPC,1533.198,True
5/30/2024 1:00:00 AM,5/29/2024 9:00:00 PM,SERC,WEST,EKPC,EKPC,1509.084,True
5/30/2024 2:00:00 AM,5/29/2024 10:00:00 PM,SERC,WEST,EKPC,EKPC,1399.766,True
5/30/2024 3:00:00 AM,5/29/2024 11:00:00 PM,SERC,WEST,EKPC,EKPC,1241.944,True
5/30/2024 4:00:00 AM,5/30/2024 12:00:00 AM,SERC,WEST,EKPC,EKPC,1114.949,True
5/30/2024 5:00:00 AM,5/30/2024 1:00:00 AM,SERC,WEST,EKPC,EKPC,1071.867,True
5/30/2024 6:00:00 AM,5/30/2024 2:00:00 AM,SERC,WEST,EKPC,EKPC,1027.969,True
5/30/2024 7:00:00 AM,5/30/2024 3:00:00 AM,SERC,WEST,EKPC,EKPC,1003.925,True
5/30/2024 8:00:00 AM,5/30/2024 4:00:00 AM,SERC,WEST,EKPC,EKPC,944.000,True
5/30/2024 9:00:00 AM,5/30/2024 5:00:00 AM,SERC,WEST,EKPC,EKPC,981.456,True
5/30/2024 10:00:00 AM,5/30/2024 6:00:00 AM,SERC,WEST,EKPC,EKPC,1051.372,True
5/30/2024 11:00:00 AM,5/30/2024 7:00:00 AM,SERC,WEST,EKPC,EKPC,1109.050,True
5/30/2024 12:00:00 PM,5/30/2024 8:00:00 AM,SERC,WEST,EKPC,EKPC,1129.768,True
5/30/2024 1:00:00 PM,5/30/2024 9:00:00 AM,SERC,WEST,EKPC,EKPC,1167.271,True
5/30/2024 2:00:00 PM,5/30/2024 10:00:00 AM,SERC,WEST,EKPC,EKPC,1185.240,True
5/30/2024 3:00:00 PM,5/30/2024 11:00:00 AM,SERC,WEST,EKPC,EKPC,1244.042,True
5/30/2024 4:00:00 PM,5/30/2024 12:00:00 PM,SERC,WEST,EKPC,EKPC,1281.453,True
5/30/2024 5:00:00 PM,5/30/2024 1:00:00 PM,SERC,WEST,EKPC,EKPC,1331.870,True
5/30/2024 6:00:00 PM,5/30/2024 2:00:00 PM,SERC,WEST,EKPC,EKPC,1368.072,True
5/30/2024 7:00:00 PM,5/30/2024 3:00:00 PM,SERC,WEST,EKPC,EKPC,1444.388,True
5/30/2024 8:00:00 PM,5/30/2024 4:00:00 PM,SERC,WEST,EKPC,EKPC,1537.586,True
5/30/2024 9:00:00 PM,5/30/2024 5:00:00 PM,SERC,WEST,EKPC,EKPC,1587.647,True
5/30/2024 10:00:00 PM,5/30/2024 6:00:00 PM,SERC,WEST,EKPC,EKPC,1568.906,True
5/30/2024 11:00:00 PM,5/30/2024 7:00:00 PM,SERC,WEST,EKPC,EKPC,1588.058,True
5/31/2024 12:00:00 AM,5/30/2024 8:00:00 PM,SERC,WEST,EKPC,EKPC,1514.289,True
5/31/2024 1:00:00 AM,5/30/2024 9:00:00 PM,SERC,WEST,EKPC,EKPC,1573.725,True
5/31/2024 2:00:00 AM,5/30/2024 10:00:00 PM,SERC,WEST,EKPC,EKPC,1439.570,True
5/31/2024 3:00:00 AM,5/30/2024 11:00:00 PM,SERC,WEST,EKPC,EKPC,1292.248,True
5/31/2024 4:00:00 AM,5/31/2024 12:00:00 AM,SERC,WEST,EKPC,EKPC,1220.948,True
5/31/2024 5:00:00 AM,5/31/2024 1:00:00 AM,SERC,WEST,EKPC,EKPC,1140.755,True
5/31/2024 6:00:00 AM,5/31/2024 2:00:00 AM,SERC,WEST,EKPC,EKPC,1130.177,True
5/31/2024 7:00:00 AM,5/31/2024 3:00:00 AM,SERC,WEST,EKPC,EKPC,1069.974,True
5/31/2024 8:00:00 AM,5/31/2024 4:00:00 AM,SERC,WEST,EKPC,EKPC,1083.437,True
5/31/2024 9:00:00 AM,5/31/2024 5:00:00 AM,SERC,WEST,EKPC,EKPC,1075.636,True
5/31/2024 10:00:00 AM,5/31/2024 6:00:00 AM,SERC,WEST,EKPC,EKPC,1137.368,True
5/31/2024 11:00:00 AM,5/31/2024 7:00:00 AM,SERC,WEST,EKPC,EKPC,1150.024,True
5/31/2024 12:00:00 PM,5/31/2024 8:00:00 AM,SERC,WEST,EKPC,EKPC,1210.322,True
5/31/2024 1:00:00 PM,5/31/2024 9:00:00 AM,SERC,WEST,EKPC,EKPC,1251.908,True
5/31/2024 2:00:00 PM,5/31/2024 10:00:00 AM,SERC,WEST,EKPC,EKPC,1255.197,True
5/31/2024 3:00:00 PM,5/31/2024 11:00:00 AM,SERC,WEST,EKPC,EKPC,1285.311,True
5/31/2024 4:00:00 PM,5/31/2024 12:00:00 PM,SERC,WEST,EKPC,EKPC,1341.452,True
5/31/2024 5:00:00 PM,5/31/2024 1:00:00 PM,SERC,WEST,EKPC,EKPC,1396.129,True
5/31/2024 6:00:00 PM,5/31/2024 2:00:00 PM,SERC,WEST,EKPC,EKPC,1426.342,True
5/31/2024 7:00:00 PM,5/31/2024 3:00:00 PM,SERC,WEST,EKPC,EKPC,1586.319,True
5/31/2024 8:00:00 PM,5/31/2024 4:00:00 PM,SERC,WEST,EKPC,EKPC,1632.736,True
5/31/2024 9:00:00 PM,5/31/2024 5:00:00 PM,SERC,WEST,EKPC,EKPC,1691.978,True
5/31/2024 10:00:00 PM,5/31/2024 6:00:00 PM,SERC,WEST,EKPC,EKPC,1702.147,True
5/31/2024 11:00:00 PM,5/31/2024 7:00:00 PM,SERC,WEST,EKPC,EKPC,1678.458,True
6/1/2024 12:00:00 AM,5/31/2024 8:00:00 PM,SERC,WEST,EKPC,EKPC,1566.799,True
6/1/2024 1:00:00 AM,5/31/2024 9:00:00 PM,SERC,WEST,EKPC,EKPC,1516.115,True
6/1/2024 2:00:00 AM,5/31/2024 10:00:00 PM,SERC,WEST,EKPC,EKPC,1465.531,True
6/1/2024 3:00:00 AM,5/31/2024 11:00:00 PM,SERC,WEST,EKPC,EKPC,1328.371,True
