datetime_beginning_utc,datetime_beginning_ept,nerc_region,mkt_region,zone,load_area,mw,is_verified
6/1/2024 4:00:00 AM,6/1/2024 12:00:00 AM,SERC,WEST,EKPC,EKPC,1215.537,True
6/1/2024 5:00:00 AM,6/1/2024 1:00:00 AM,SERC,WEST,EKPC,EKPC,1137.894,True
6/1/2024 6:00:00 AM,6/1/2024 2:00:00 AM,SERC,WEST,EKPC,EKPC,998.049,True
6/1/2024 7:00:00 AM,6/1/2024 3:00:00 AM,SERC,WEST,EKPC,EKPC,969.486,True
6/1/2024 8:00:00 AM,6/1/2024 4:00:00 AM,SERC,WEST,EKPC,EKPC,964.783,True
6/1/2024 9:00:00 AM,6/1/2024 5:00:00 AM,SERC,WEST,EKPC,EKPC,941.625,True
6/1/2024 10:00:00 AM,6/1/2024 6:00:00 AM,SERC,WEST,EKPC,EKPC,923.055,True
6/1/2024 11:00:00 AM,6/1/2024 7:00:00 AM,SERC,WEST,EKPC,EKPC,1100.794,True
6/1/2024 12:00:00 PM,6/1/2024 8:00:00 AM,SERC,WEST,EKPC,EKPC,1160.765,True
6/1/2024 1:00:00 PM,6/1/2024 9:00:00 AM,SERC,WEST,EKPC,EKPC,1228.359,True
6/1/2024 2:00:00 PM,6/1/2024 10:00:00 AM,SERC,WEST,EKPC,EKPC,1267.256,True
6/1/2024 3:00:00 PM,6/1/2024 11:00:00 AM,SERC,WEST,EKPC,EKPC,1383.094,True
6/1/2024 4:00:00 PM,6/1/2024 12:00:00 PM,SERC,WEST,EKPC,EKPC,1404.466,True
6/1/2024 5:00:00 PM,6/1/2024 1:00:00 PM,SERC,WEST,EKPC,EKPC,1375.581,True
6/1/2024 6:00:00 PM,6/1/2024 2:00:00 PM,SERC,WEST,EKPC,EKPC,1432.702,True
6/1/2024 7:00:00 PM,6/1/2024 3:00:00 PM,SERC,WEST,EKPC,EKPC,1469.402,True
6/1/2024 8:00:00 PM,6/1/2024 4:00:00 PM,SERC,WEST,EKPC,EKPC,1476.149,True
6/1/2024 9:00:00 PM,6/1/2024 5:00:00 PM,SERC,WEST,EKPC,EKPC,1315.316,True
6/1/2024 10:00:00 PM,6/1/2024 6:00:00 PM,SERC,WEST,EKPC,EKPC,1291.619,True
6/1/2024 11:00:00 PM,6/1/2024 7:00:00 PM,SERC,WEST,EKPC,EKPC,1372.613,True
6/2/2024 12:00:00 AM,6/1/2024 8:00:00 PM,SERC,WEST,EKPC,EKPC,1339.694,True
6/2/2024 1:00:00 AM,6/1/2024 9:00:00 PM,SERC,WEST,EKPC,EKPC,1390.338,True
6/2/2024 2:00:00 AM,6/1/2024 10:00:00 PM,SERC,WEST,EKPC,EKPC,1322.580,True
6/2/2024 3:00:00 AM,6/1/2024 11:00:00 PM,SERC,WEST,EKPC,EKPC,1238.382,True
6/2/2024 4:00:00 AM,6/2/2024 12:00:00 AM,SERC,WEST,EKPC,EKPC,1176.810,True
6/2/2024 5:00:00 AM,6/2/2024 1:00:00 AM,SERC,WEST,EKPC,EKPC,1123.759,True
6/2/2024 6:00:00 AM,6/2/2024 2:00:00 AM,SERC,WEST,EKPC,EKPC,1074.987,True
6/2/2024 7:00:00 AM,6/2/2024 3:00:00 AM,SERC,WEST,EKPC,EKPC,1080.738,True
6/2/2024 8:00:00 AM,6/2/2024 4:00:00 AM,SERC,WEST,EKPC,EKPC,1064.898,True
6/2/2024 9:00:00 AM,6/2/2024 5:00:00 AM,SERC,WEST,EKPC,EKPC,1050.528,True
6/2/2024 10:00:00 AM,6/2/2024 6:00:00 AM,SERC,WEST,EKPC,EKPC,1068.288,True
6/2/2024 11:00:00 AM,6/2/2024 7:00:00 AM,SERC,WEST,EKPC,EKPC,1060.643,True
6/2/2024 12:00:00 PM,6/2/2024 8:00:00 AM,SERC,WEST,EKPC,EKPC,1106.318,True
6/2/2024 1:00:00 PM,6/2/2024 9:00:00 AM,SERC,WEST,EKPC,EKPC,1227.184,True
6/2/2024 2:00:00 PM,6/2/2024 10:00:00 AM,SERC,WEST,EKPC,EKPC,1338.944,True
6/2/2024 3:00:00 PM,6/2/2024 11:00:00 AM,SERC,WEST,EKPC,EKPC,1338.325,True
6/2/2024 4:00:00 PM,6/2/2024 12:00:00 PM,SERC,WEST,EKPC,EKPC,1422.298,True
6/2/2024 5:00:00 PM,6/2/2024 1:00:00 PM,SERC,WEST,EKPC,EKPC,1358.959,True
6/2/2024 6:00:00 PM,6/2/2024 2:00:00 PM,SERC,WEST,EKPC,EKPC,1475.244,True
6/2/2024 7:00:00 PM,6/2/2024 3:00:00 PM,SERC,WEST,EKPC,EKPC,1542.807,True
6/2/2024 8:00:00 PM,6/2/2024 4:00:00 PM,SERC,WEST,EKPC,EKPC,1511.316,True
6/2/2024 9:00:00 PM,6/2/2024 5:00:00 PM,SERC,WEST,EKPC,EKPC,1603.225,True
6/2/2024 10:00:00 PM,6/2/2024 6:00:00 PM,SERC,WEST,EKPC,EKPC,1633.762,True
6/2/2024 11:00:00 PM,6/2/2024 7:00:00 PM,SERC,WEST,EKPC,EKPC,1592.518,True
6/3/2024 12:00:00 AM,6/2/2024 8:00:00 PM,SERC,WEST,EKPC,EKPC,1606.178,True
6/3/2024 1:00:00 AM,6/2/2024 9:00:00 PM,SERC,WEST,EKPC,EKPC,1583.066,True
6/3/2024 2:00:00 AM,6/2/2024 10:00:00 PM,SERC,WEST,EKPC,EKPC,1401.340,True
6/3/2024 3:00:00 AM,6/2/2024 11:00:00 PM,SERC,WEST,EKPC,EKPC,1346.977,True
6/3/2024 4:00:00 AM,6/3/2024 12:00:00 AM,SERC,WEST,EKPC,EKPC,1217.796,True
6/3/2024 5:00:00 AM,6/3/2024 1:00:00 AM,SERC,WEST,EKPC,EKPC,1192.263,True
6/3/2024 6:00:00 AM,6/3/2024 2:00:00 AM,SERC,WEST,EKPC,EKPC,1130.911,True
6/3/2024 7:00:00 AM,6/3/2024 3:00:00 AM,SERC,WEST,EKPC,EKPC,1131.508,True
6/3/2024 8:00:00 AM,6/3/2024 4:00:00 AM,SERC,WEST,EKPC,EKPC,1127.396,True
6/3/2024 9:00:00 AM,6/3/2024 5:00:00 AM,SERC,WEST,EKPC,EKPC,1163.571,True
6/3/2024 10:00:00 AM,6/3/2024 6:00:00 AM,SERC,WEST,EKPC,EKPC,1238.473,True
6/3/2024 11:00:00 AM,6/3/2024 7:00:00 AM,SERC,WEST,EKPC,EKPC,1302.493,True
6/3/2024 12:00:00 PM,6/3/2024 8:00:00 AM,SERC,WEST,EKPC,EKPC,1385.303,True
6/3/2024 1:00:00 PM,6/3/2024 9:00:00 AM,SERC,WEST,EKPC,EKPC,1460.121,True
6/3/2024 2:00:00 PM,6/3/2024 10:00:00 AM,SERC,WEST,EKPC,EKPC,1536.601,True
6/3/2024 3:00:00 PM,6/3/2024 11:00:00 AM,SERC,WEST,EKPC,EKPC,1640.403,True
6/3/2024 4:00:00 PM,6/3/2024 12:00:00 PM,SERC,WEST,EKPC,EKPC,1733.639,True
6/3/2024 5:00:00 PM,6/3/2024 1:00:00 PM,SERC,WEST,EKPC,EKPC,1697.927,True
6/3/2024 6:00:00 PM,6/3/2024 2:00:00 PM,SERC,WEST,EKPC,EKPC,1810.986,True
6/3/2024 7:00:00 PM,6/3/2024 3:00:00 PM,SERC,WEST,EKPC,EKPC,1795.633,True
6/3/2024 8:00:00 PM,6/3/2024 4:00:00 PM,SERC,WEST,EKPC,EKPC,1978.139,True
6/3/2024 9:00:00 PM,6/3/2024 5:00:00 PM,SERC,WEST,EKPC,EKPC,1926.542,True
6/3/2024 10:00:00 PM,6/3/2024 6:00:00 PM,SERC,WEST,EKPC,EKPC,1924.840,True
6/3/2024 11:00:00 PM,6/3/2024 7:00:00 PM,SERC,WEST,EKPC,EKPC,1861.867,True
6/4/2024 12:00:00 AM,6/3/2024 8:00:00 PM,SERC,WEST,EKPC,EKPC,1770.136,True
6/4/2024 1:00:00 AM,6/3/2024 9:00:00 PM,SERC,WEST,EKPC,EKPC,1686.249,True
6/4/2024 2:00:00 AM,6/3/2024 10:00:00 PM,SERC,WEST,EKPC,EKPC,1520.489,True
6/4/2024 3:00:00 AM,6/3/2024 11:00:00 PM,SERC,WEST,EKPC,EKPC,1355.149,True
6/4/2024 4:00:00 AM,6/4/2024 12:00:00 AM,SERC,WEST,EKPC,EKPC,1275.452,True
6/4/2024 5:00:00 AM,6/4/2024 1:00:00 AM,SERC,WEST,EKPC,EKPC,1220.212,True
6/4/2024 6:00:00 AM,6/4/2024 2:00:00 AM,SERC,WEST,EKPC,EKPC,1164.424,True
6/4/2024 7:00:00 AM,6/4/2024 3:00:00 AM,SERC,WEST,EKPC,EKPC,1153.358,True
6/4/2024 8:00:00 AM,6/4/2024 4:00:00 AM,SERC,WEST,EKPC,EKPC,1161.974,True
6/4/2024 9:00:00 AM,6/4/2024 5:00:00 AM,SERC,WEST,EKPC,EKPC,1166.797,True
6/4/2024 10:00:00 AM,6/4/2024 6:00:00 AM,SERC,WEST,EKPC,EKPC,1260.491,True
6/4/2024 11:00:00 AM,6/4/2024 7:00:00 AM,SERC,WEST,EKPC,EKPC,1355.101,True
6/4/2024 12:00:00 PM,6/4/2024 8:00:00 AM,SERC,WEST,EKPC,EKPC,1407.720,True
6/4/2024 1:00:00 PM,6/4/2024 9:00:00 AM,SERC,WEST,EKPC,EKPC,1394.397,True
6/4/2024 2:00:00 PM,6/4/2024 10:00:00 AM,SERC,WEST,EKPC,EKPC,1599.830,True
6/4/2024 3:00:00 PM,6/4/2024 11:00:00 AM,SERC,WEST,EKPC,EKPC,1748.324,True
6/4/2024 4:00:00 PM,6/4/2024 12:00:00 PM,SERC,WEST,EKPC,EKPC,1878.576,True
6/4/2024 5:00:00 PM,6/4/2024 1:00:00 PM,SERC,WEST,EKPC,EKPC,1963.968,True
6/4/2024 6:00:00 PM,6/4/2024 2:00:00 PM,SERC,WEST,EKPC,EKPC,1927.964,True
6/4/2024 7:00:00 PM,6/4/2024 3:00:00 PM,SERC,WEST,EKPC,EKPC,1966.971,True
6/4/2024 8:00:00 PM,6/4/2024 4:00:00 PM,SERC,WEST,EKPC,EKPC,1912.832,True
6/4/2024 9:00:00 PM,6/4/2024 5:00:00 PM,SERC,WEST,EKPC,EKPC,1909.626,True
6/4/2024 10:00:00 PM,6/4/2024 6:00:00 PM,SERC,WEST,EKPC,EKPC,1882.847,True
6/4/2024 11:00:00 PM,6/4/2024 7:00:00 PM,SERC,WEST,EKPC,EKPC,1749.444,True
6/5/2024 12:00:00 AM,6/4/2024 8:00:00 PM,SERC,WEST,EKPC,EKPC,1670.370,True
6/5/2024 1:00:00 AM,6/4/2024 9:00:00 PM,SERC,WEST,EKPC,EKPC,1644.579,True
6/5/2024 2:00:00 AM,6/4/2024 10:00:00 PM,SERC,WEST,EKPC,EKPC,1623.723,True
6/5/2024 3:00:00 AM,6/4/2024 11:00:00 PM,SERC,WEST,EKPC,EKPC,1490.562,True
6/5/2024 4:00:00 AM,6/5/2024 12:00:00 AM,SERC,WEST,EKPC,EKPC,1364.349,True
6/5/2024 5:00:00 AM,6/5/2024 1:00:00 AM,SERC,WEST,EKPC,EKPC,1270.958,True
6/5/2024 6:00:00 AM,6/5/2024 2:00:00 AM,SERC,WEST,EKPC,EKPC,1269.832,True
6/5/2024 7:00:00 AM,6/5/2024 3:00:00 AM,SERC,WEST,EKPC,EKPC,1196.077,True
6/5/2024 8:00:00 AM,6/5/2024 4:00:00 AM,SERC,WEST,EKPC,EKPC,1112.213,True
6/5/2024 9:00:00 AM,6/5/2024 5:00:00 AM,SERC,WEST,EKPC,EKPC,1081.102,True
6/5/2024 10:00:00 AM,6/5/2024 6:00:00 AM,SERC,WEST,EKPC,EKPC,1212.960,True
6/5/2024 11:00:00 AM,6/5/2024 7:00:00 AM,SERC,WEST,EKPC,EKPC,1399.904,True
6/5/2024 12:00:00 PM,6/5/2024 8:00:00 AM,SERC,WEST,EKPC,EKPC,1454.932,True
6/5/2024 1:00:00 PM,6/5/2024 9:00:00 AM,SERC,WEST,EKPC,EKPC,1541.848,True
6/5/2024 2:00:00 PM,6/5/2024 10:00:00 AM,SERC,WEST,EKPC,EKPC,1605.807,True
6/5/2024 3:00:00 PM,6/5/2024 11:00:00 AM,SERC,WEST,EKPC,EKPC,1670.052,True
6/5/2024 4:00:00 PM,6/5/2024 12:00:00 PM,SERC,WEST,EKPC,EKPC,1736.509,True
6/5/2024 5:00:00 PM,6/5/2024 1:00:00 PM,SERC,WEST,EKPC,EKPC,1769.352,True
6/5/2024 6:00:00 PM,6/5/2024 2:00:00 PM,SERC,WEST,EKPC,EKPC,1725.895,True
6/5/2024 7:00:00 PM,6/5/2024 3:00:00 PM,SERC,WEST,EKPC,EKPC,1838.816,True
6/5/2024 8:00:00 PM,6/5/2024 4:00:00 PM,SERC,WEST,EKPC,EKPC,1894.007,True
6/5/2024 9:00:00 PM,6/5/2024 5:00:00 PM,SERC,WEST,EKPC,EKPC,1912.227,True
6/5/2024 10:00:00 PM,6/5/2024 6:00:00 PM,SERC,WEST,EKPC,EKPC,1920.468,True
6/5/2024 11:00:00 PM,6/5/2024 7:00:00 PM,SERC,WEST,EKPC,EKPC,1952.437,True
6/6/2024 12:00:00 AM,6/5/2024 8:00:00 PM,SERC,WEST,EKPC,EKPC,1899.995,True
6/6/2024 1:00:00 AM,6/5/2024 9:00:00 PM,SERC,WEST,EKPC,EKPC,1869.297,True
6/6/2024 2:00:00 AM,6/5/2024 10:00:00 PM,SERC,WEST,EKPC,EKPC,1751.211,True
6/6/2024 3:00:00 AM,6/5/2024 11:00:00 PM,SERC,WEST,EKPC,EKPC,1596.621,True
6/6/2024 4:00:00 AM,6/6/2024 12:00:00 AM,SERC,WEST,EKPC,EKPC,1483.833,True
6/6/2024 5:00:00 AM,6/6/2024 1:00:00 AM,SERC,WEST,EKPC,EKPC,1407.891,True
6/6/2024 6:00:00 AM,6/6/2024 2:00:00 AM,SERC,WEST,EKPC,EKPC,1236.583,True
6/6/2024 7:00:00 AM,6/6/2024 3:00:00 AM,SERC,WEST,EKPC,EKPC,1226.011,True
6/6/2024 8:00:00 AM,6/6/2024 4:00:00 AM,SERC,WEST,EKPC,EKPC,1218.265,True
6/6/2024 9:00:00 AM,6/6/2024 5:00:00 AM,SERC,WEST,EKPC,EKPC,1172.440,True
6/6/2024 10:00:00 AM,6/6/2024 6:00:00 AM,SERC,WEST,EKPC,EKPC,1225.007,True
6/6/2024 11:00:00 AM,6/6/2024 7:00:00 AM,SERC,WEST,EKPC,EKPC,1280.662,True
6/6/2024 12:00:00 PM,6/6/2024 8:00:00 AM,SERC,WEST,EKPC,EKPC,1349.626,True
6/6/2024 1:00:00 PM,6/6/2024 9:00:00 AM,SERC,WEST,EKPC,EKPC,1429.561,True
6/6/2024 2:00:00 PM,6/6/2024 10:00:00 AM,SERC,WEST,EKPC,EKPC,1511.058,True
6/6/2024 3:00:00 PM,6/6/2024 11:00:00 AM,SERC,WEST,EKPC,EKPC,1604.224,True
6/6/2024 4:00:00 PM,6/6/2024 12:00:00 PM,SERC,WEST,EKPC,EKPC,1691.935,True
6/6/2024 5:00:00 PM,6/6/2024 1:00:00 PM,SERC,WEST,EKPC,EKPC,1754.674,True
6/6/2024 6:00:00 PM,6/6/2024 2:00:00 PM,SERC,WEST,EKPC,EKPC,1878.576,True
6/6/2024 7:00:00 PM,6/6/2024 3:00:00 PM,SERC,WEST,EKPC,EKPC,1956.727,True
6/6/2024 8:00:00 PM,6/6/2024 4:00:00 PM,SERC,WEST,EKPC,EKPC,2051.197,True
6/6/2024 9:00:00 PM,6/6/2024 5:00:00 PM,SERC,WEST,EKPC,EKPC,1952.639,True
6/6/2024 10:00:00 PM,6/6/2024 6:00:00 PM,SERC,WEST,EKPC,EKPC,1929.997,True
6/6/2024 11:00:00 PM,6/6/2024 7:00:00 PM,SERC,WEST,EKPC,EKPC,1976.385,True
6/7/2024 12:00:00 AM,6/6/2024 8:00:00 PM,SERC,WEST,EKPC,EKPC,1911.482,True
6/7/2024 1:00:00 AM,6/6/2024 9:00:00 PM,SERC,WEST,EKPC,EKPC,1854.169,True
6/7/2024 2:00:00 AM,6/6/2024 10:00:00 PM,SERC,WEST,EKPC,EKPC,1726.099,True
6/7/2024 3:00:00 AM,6/6/2024 11:00:00 PM,SERC,WEST,EKPC,EKPC,1533.136,True
6/7/2024 4:00:00 AM,6/7/2024 12:00:00 AM,SERC,WEST,EKPC,EKPC,1380.206,True
6/7/2024 5:00:00 AM,6/7/2024 1:00:00 AM,SERC,WEST,EKPC,EKPC,1285.553,True
6/7/2024 6:00:00 AM,6/7/2024 2:00:00 AM,SERC,WEST,EKPC,EKPC,1239.772,True
6/7/2024 7:00:00 AM,6/7/2024 3:00:00 AM,SERC,WEST,EKPC,EKPC,1207.149,True
6/7/2024 8:00:00 AM,6/7/2024 4:00:00 AM,SERC,WEST,EKPC,EKPC,1103.703,True
6/7/2024 9:00:00 AM,6/7/2024 5:00:00 AM,SERC,WEST,EKPC,EKPC,1132.246,True
6/7/2024 10:00:00 AM,6/7/2024 6:00:00 AM,SERC,WEST,EKPC,EKPC,1248.759,True
6/7/2024 11:00:00 AM,6/7/2024 7:00:00 AM,SERC,WEST,EKPC,EKPC,1363.210,True
6/7/2024 12:00:00 PM,6/7/2024 8:00:00 AM,SERC,WEST,EKPC,EKPC,1290.642,True
6/7/2024 1:00:00 PM,6/7/2024 9:00:00 AM,SERC,WEST,EKPC,EKPC,1435.367,True
6/7/2024 2:00:00 PM,6/7/2024 10:00:00 AM,SERC,WEST,EKPC,EKPC,1518.006,True
6/7/2024 3:00:00 PM,6/7/2024 11:00:00 AM,SERC,WEST,EKPC,EKPC,1561.990,True
6/7/2024 4:00:00 PM,6/7/2024 12:00:00 PM,SERC,WEST,EKPC,EKPC,1613.499,True
6/7/2024 5:00:00 PM,6/7/2024 1:00:00 PM,SERC,WEST,EKPC,EKPC,1664.416,True
6/7/2024 6:00:00 PM,6/7/2024 2:00:00 PM,SERC,WEST,EKPC,EKPC,1733.221,True
6/7/2024 7:00:00 PM,6/7/2024 3:00:00 PM,SERC,WEST,EKPC,EKPC,1783.440,True
6/7/2024 8:00:00 PM,6/7/2024 4:00:00 PM,SERC,WEST,EKPC,EKPC,1828.983,True
6/7/2024 9:00:00 PM,6/7/2024 5:00:00 PM,SERC,WEST,EKPC,EKPC,1884.026,True
6/7/2024 10:00:00 PM,6/7/2024 6:00:00 PM,SERC,WEST,EKPC,EKPC,1864.034,True
6/7/2024 11:00:00 PM,6/7/2024 7:00:00 PM,SERC,WEST,EKPC,EKPC,1808.199,True
6/8/2024 12:00:00 AM,6/7/2024 8:00:00 PM,SERC,WEST,EKPC,EKPC,1717.828,True
6/8/2024 1:00:00 AM,6/7/2024 9:00:00 PM,SERC,WEST,EKPC,EKPC,1603.182,True
6/8/2024 2:00:00 AM,6/7/2024 10:00:00 PM,SERC,WEST,EKPC,EKPC,1426.029,True
6/8/2024 3:00:00 AM,6/7/2024 11:00:00 PM,SERC,WEST,EKPC,EKPC,1406.427,True
6/8/2024 4:00:00 AM,6/8/2024 12:00:00 AM,SERC,WEST,EKPC,EKPC,1275.905,True
6/8/2024 5:00:00 AM,6/8/2024 1:00:00 AM,SERC,WEST,EKPC,EKPC,1219.102,True
6/8/2024 6:00:00 AM,6/8/2024 2:00:00 AM,SERC,WEST,EKPC,EKPC,1149.852,True
6/8/2024 7:00:00 AM,6/8/2024 3:00:00 AM,SERC,WEST,EKPC,EKPC,1130.344,True
6/8/2024 8:00:00 AM,6/8/2024 4:00:00 AM,SERC,WEST,EKPC,EKPC,1054.127,True
6/8/2024 9:00:00 AM,6/8/2024 5:00:00 AM,SERC,WEST,EKPC,EKPC,1074.483,True
6/8/2024 10:00:00 AM,6/8/2024 6:00:00 AM,SERC,WEST,EKPC,EKPC,1102.192,True
6/8/2024 11:00:00 AM,6/8/2024 7:00:00 AM,SERC,WEST,EKPC,EKPC,1088.564,True
6/8/2024 12:00:00 PM,6/8/2024 8:00:00 AM,SERC,WEST,EKPC,EKPC,1201.354,True
6/8/2024 1:00:00 PM,6/8/2024 9:00:00 AM,SERC,WEST,EKPC,EKPC,1248.364,True
6/8/2024 2:00:00 PM,6/8/2024 10:00:00 AM,SERC,WEST,EKPC,EKPC,1291.293,True
6/8/2024 3:00:00 PM,6/8/2024 11:00:00 AM,SERC,WEST,EKPC,EKPC,1368.576,True
6/8/2024 4:00:00 PM,6/8/2024 12:00:00 PM,SERC,WEST,EKPC,EKPC,1457.130,True
6/8/2024 5:00:00 PM,6/8/2024 1:00:00 PM,SERC,WEST,EKPC,EKPC,1506.693,True
6/8/2024 6:00:00 PM,6/8/2024 2:00:00 PM,SERC,WEST,EKPC,EKPC,1502.328,True
6/8/2024 7:00:00 PM,6/8/2024 3:00:00 PM,SERC,WEST,EKPC,EKPC,1547.649,True
6/8/2024 8:00:00 PM,6/8/2024 4:00:00 PM,SERC,WEST,EKPC,EKPC,1576.556,True
6/8/2024 9:00:00 PM,6/8/2024 5:00:00 PM,SERC,WEST,EKPC,EKPC,1604.113,True
6/8/2024 10:00:00 PM,6/8/2024 6:00:00 PM,SERC,WEST,EKPC,EKPC,1571.422,True
6/8/2024 11:00:00 PM,6/8/2024 7:00:00 PM,SERC,WEST,EKPC,EKPC,1603.611,True
6/9/2024 12:00:00 AM,6/8/2024 8:00:00 PM,SERC,WEST,EKPC,EKPC,1561.491,True
6/9/2024 1:00:00 AM,6/8/2024 9:00:00 PM,SERC,WEST,EKPC,EKPC,1514.474,True
6/9/2024 2:00:00 AM,6/8/2024 10:00:00 PM,SERC,WEST,EKPC,EKPC,1456.464,True
6/9/2024 3:00:00 AM,6/8/2024 11:00:00 PM,SERC,WEST,EKPC,EKPC,1355.698,True
6/9/2024 4:00:00 AM,6/9/2024 12:00:00 AM,SERC,WEST,EKPC,EKPC,1244.919,True
6/9/2024 5:00:00 AM,6/9/2024 1:00:00 AM,SERC,WEST,EKPC,EKPC,1186.476,True
6/9/2024 6:00:00 AM,6/9/2024 2:00:00 AM,SERC,WEST,EKPC,EKPC,1149.256,True
6/9/2024 7:00:00 AM,6/9/2024 3:00:00 AM,SERC,WEST,EKPC,EKPC,1110.540,True
6/9/2024 8:00:00 AM,6/9/2024 4:00:00 AM,SERC,WEST,EKPC,EKPC,1091.605,True
6/9/2024 9:00:00 AM,6/9/2024 5:00:00 AM,SERC,WEST,EKPC,EKPC,1081.327,True
6/9/2024 10:00:00 AM,6/9/2024 6:00:00 AM,SERC,WEST,EKPC,EKPC,1105.287,True
6/9/2024 11:00:00 AM,6/9/2024 7:00:00 AM,SERC,WEST,EKPC,EKPC,1086.134,True
6/9/2024 12:00:00 PM,6/9/2024 8:00:00 AM,SERC,WEST,EKPC,EKPC,1196.876,True
6/9/2024 1:00:00 PM,6/9/2024 9:00:00 AM,SERC,WEST,EKPC,EKPC,1298.187,True
6/9/2024 2:00:00 PM,6/9/2024 10:00:00 AM,SERC,WEST,EKPC,EKPC,1409.464,True
6/9/2024 3:00:00 PM,6/9/2024 11:00:00 AM,SERC,WEST,EKPC,EKPC,1502.678,True
6/9/2024 4:00:00 PM,6/9/2024 12:00:00 PM,SERC,WEST,EKPC,EKPC,1618.666,True
6/9/2024 5:00:00 PM,6/9/2024 1:00:00 PM,SERC,WEST,EKPC,EKPC,1629.065,True
6/9/2024 6:00:00 PM,6/9/2024 2:00:00 PM,SERC,WEST,EKPC,EKPC,1633.237,True
6/9/2024 7:00:00 PM,6/9/2024 3:00:00 PM,SERC,WEST,EKPC,EKPC,1621.624,True
6/9/2024 8:00:00 PM,6/9/2024 4:00:00 PM,SERC,WEST,EKPC,EKPC,1636.350,True
6/9/2024 9:00:00 PM,6/9/2024 5:00:00 PM,SERC,WEST,EKPC,EKPC,1668.694,True
6/9/2024 10:00:00 PM,6/9/2024 6:00:00 PM,SERC,WEST,EKPC,EKPC,1646.645,True
6/9/2024 11:00:00 PM,6/9/2024 7:00:00 PM,SERC,WEST,EKPC,EKPC,1592.168,True
6/10/2024 12:00:00 AM,6/9/2024 8:00:00 PM,SERC,WEST,EKPC,EKPC,1523.087,True
6/10/2024 1:00:00 AM,6/9/2024 9:00:00 PM,SERC,WEST,EKPC,EKPC,1579.282,True
6/10/2024 2:00:00 AM,6/9/2024 10:00:00 PM,SERC,WEST,EKPC,EKPC,1500.515,True
6/10/2024 3:00:00 AM,6/9/2024 11:00:00 PM,SERC,WEST,EKPC,EKPC,1332.367,True
6/10/2024 4:00:00 AM,6/10/2024 12:00:00 AM,SERC,WEST,EKPC,EKPC,1248.869,True
6/10/2024 5:00:00 AM,6/10/2024 1:00:00 AM,SERC,WEST,EKPC,EKPC,1111.987,True
6/10/2024 6:00:00 AM,6/10/2024 2:00:00 AM,SERC,WEST,EKPC,EKPC,1155.821,True
6/10/2024 7:00:00 AM,6/10/2024 3:00:00 AM,SERC,WEST,EKPC,EKPC,1099.305,True
6/10/2024 8:00:00 AM,6/10/2024 4:00:00 AM,SERC,WEST,EKPC,EKPC,1044.113,True
6/10/2024 9:00:00 AM,6/10/2024 5:00:00 AM,SERC,WEST,EKPC,EKPC,1113.627,True
6/10/2024 10:00:00 AM,6/10/2024 6:00:00 AM,SERC,WEST,EKPC,EKPC,1248.994,True
6/10/2024 11:00:00 AM,6/10/2024 7:00:00 AM,SERC,WEST,EKPC,EKPC,1340.713,True
6/10/2024 12:00:00 PM,6/10/2024 8:00:00 AM,SERC,WEST,EKPC,EKPC,1381.883,True
6/10/2024 1:00:00 PM,6/10/2024 9:00:00 AM,SERC,WEST,EKPC,EKPC,1409.710,True
6/10/2024 2:00:00 PM,6/10/2024 10:00:00 AM,SERC,WEST,EKPC,EKPC,1479.871,True
6/10/2024 3:00:00 PM,6/10/2024 11:00:00 AM,SERC,WEST,EKPC,EKPC,1510.445,True
6/10/2024 4:00:00 PM,6/10/2024 12:00:00 PM,SERC,WEST,EKPC,EKPC,1562.341,True
6/10/2024 5:00:00 PM,6/10/2024 1:00:00 PM,SERC,WEST,EKPC,EKPC,1614.414,True
6/10/2024 6:00:00 PM,6/10/2024 2:00:00 PM,SERC,WEST,EKPC,EKPC,1619.846,True
6/10/2024 7:00:00 PM,6/10/2024 3:00:00 PM,SERC,WEST,EKPC,EKPC,1673.529,True
6/10/2024 8:00:00 PM,6/10/2024 4:00:00 PM,SERC,WEST,EKPC,EKPC,1650.923,True
6/10/2024 9:00:00 PM,6/10/2024 5:00:00 PM,SERC,WEST,EKPC,EKPC,1682.235,True
6/10/2024 10:00:00 PM,6/10/2024 6:00:00 PM,SERC,WEST,EKPC,EKPC,1715.434,True
6/10/2024 11:00:00 PM,6/10/2024 7:00:00 PM,SERC,WEST,EKPC,EKPC,1661.998,True
6/11/2024 12:00:00 AM,6/10/2024 8:00:00 PM,SERC,WEST,EKPC,EKPC,1641.054,True
6/11/2024 1:00:00 AM,6/10/2024 9:00:00 PM,SERC,WEST,EKPC,EKPC,1593.826,True
6/11/2024 2:00:00 AM,6/10/2024 10:00:00 PM,SERC,WEST,EKPC,EKPC,1475.198,True
6/11/2024 3:00:00 AM,6/10/2024 11:00:00 PM,SERC,WEST,EKPC,EKPC,1352.257,True
6/11/2024 4:00:00 AM,6/11/2024 12:00:00 AM,SERC,WEST,EKPC,EKPC,1259.715,True
6/11/2024 5:00:00 AM,6/11/2024 1:00:00 AM,SERC,WEST,EKPC,EKPC,1207.192,True
6/11/2024 6:00:00 AM,6/11/2024 2:00:00 AM,SERC,WEST,EKPC,EKPC,1136.468,True
6/11/2024 7:00:00 AM,6/11/2024 3:00:00 AM,SERC,WEST,EKPC,EKPC,1142.180,True
6/11/2024 8:00:00 AM,6/11/2024 4:00:00 AM,SERC,WEST,EKPC,EKPC,1148.061,True
6/11/2024 9:00:00 AM,6/11/2024 5:00:00 AM,SERC,WEST,EKPC,EKPC,1184.202,True
6/11/2024 10:00:00 AM,6/11/2024 6:00:00 AM,SERC,WEST,EKPC,EKPC,1215.276,True
6/11/2024 11:00:00 AM,6/11/2024 7:00:00 AM,SERC,WEST,EKPC,EKPC,1183.032,True
6/11/2024 12:00:00 PM,6/11/2024 8:00:00 AM,SERC,WEST,EKPC,EKPC,1189.048,True
6/11/2024 1:00:00 PM,6/11/2024 9:00:00 AM,SERC,WEST,EKPC,EKPC,1339.572,True
6/11/2024 2:00:00 PM,6/11/2024 10:00:00 AM,SERC,WEST,EKPC,EKPC,1265.452,True
6/11/2024 3:00:00 PM,6/11/2024 11:00:00 AM,SERC,WEST,EKPC,EKPC,1253.453,True
6/11/2024 4:00:00 PM,6/11/2024 12:00:00 PM,SERC,WEST,EKPC,EKPC,1291.246,True
6/11/2024 5:00:00 PM,6/11/2024 1:00:00 PM,SERC,WEST,EKPC,EKPC,1461.030,True
6/11/2024 6:00:00 PM,6/11/2024 2:00:00 PM,SERC,WEST,EKPC,EKPC,1523.548,True
6/11/2024 7:00:00 PM,6/11/2024 3:00:00 PM,SERC,WEST,EKPC,EKPC,1596.655,True
6/11/2024 8:00:00 PM,6/11/2024 4:00:00 PM,SERC,WEST,EKPC,EKPC,1714.262,True
6/11/2024 9:00:00 PM,6/11/2024 5:00:00 PM,SERC,WEST,EKPC,EKPC,1766.288,True
6/11/2024 10:00:00 PM,6/11/2024 6:00:00 PM,SERC,WEST,EKPC,EKPC,1772.447,True
6/11/2024 11:00:00 PM,6/11/2024 7:00:00 PM,SERC,WEST,EKPC,EKPC,1781.275,True
6/12/2024 12:00:00 AM,6/11/2024 8:00:00 PM,SERC,WEST,EKPC,EKPC,1649.750,True
6/12/2024 1:00:00 AM,6/11/2024 9:00:00 PM,SERC,WEST,EKPC,EKPC,1637.072,True
6/12/2024 2:00:00 AM,6/11/2024 10:00:00 PM,SERC,WEST,EKPC,EKPC,1512.605,True
6/12/2024 3:00:00 AM,6/11/2024 11:00:00 PM,SERC,WEST,EKPC,EKPC,1223.912,True
6/12/2024 4:00:00 AM,6/12/2024 12:00:00 AM,SERC,WEST,EKPC,EKPC,1160.638,True
6/12/2024 5:00:00 AM,6/12/2024 1:00:00 AM,SERC,WEST,EKPC,EKPC,1178.401,True
6/12/2024 6:00:00 AM,6/12/2024 2:00:00 AM,SERC,WEST,EKPC,EKPC,1131.301,True
6/12/2024 7:00:00 AM,6/12/2024 3:00:00 AM,SERC,WEST,EKPC,EKPC,1002.463,True
6/12/2024 8:00:00 AM,6/12/2024 4:00:00 AM,SERC,WEST,EKPC,EKPC,1011.930,True
6/12/2024 9:00:00 AM,6/12/2024 5:00:00 AM,SERC,WEST,EKPC,EKPC,1022.704,True
6/12/2024 10:00:00 AM,6/12/2024 6:00:00 AM,SERC,WEST,EKPC,EKPC,1067.891,True
6/12/2024 11:00:00 AM,6/12/2024 7:00:00 AM,SERC,WEST,EKPC,EKPC,1135.802,True
6/12/2024 12:00:00 PM,6/12/2024 8:00:00 AM,SERC,WEST,EKPC,EKPC,1153.260,True
6/12/2024 1:00:00 PM,6/12/2024 9:00:00 AM,SERC,WEST,EKPC,EKPC,1196.096,True
6/12/2024 2:00:00 PM,6/12/2024 10:00:00 AM,SERC,WEST,EKPC,EKPC,1251.358,True
6/12/2024 3:00:00 PM,6/12/2024 11:00:00 AM,SERC,WEST,EKPC,EKPC,1303.731,True
6/12/2024 4:00:00 PM,6/12/2024 12:00:00 PM,SERC,WEST,EKPC,EKPC,1379.144,True
6/12/2024 5:00:00 PM,6/12/2024 1:00:00 PM,SERC,WEST,EKPC,EKPC,1459.141,True
6/12/2024 6:00:00 PM,6/12/2024 2:00:00 PM,SERC,WEST,EKPC,EKPC,1611.407,True
6/12/2024 7:00:00 PM,6/12/2024 3:00:00 PM,SERC,WEST,EKPC,EKPC,1768.254,True
6/12/2024 8:00:00 PM,6/12/2024 4:00:00 PM,SERC,WEST,EKPC,EKPC,1852.458,True
6/12/2024 9:00:00 PM,6/12/2024 5:00:00 PM,SERC,WEST,EKPC,EKPC,1878.640,True
6/12/2024 10:00:00 PM,6/12/2024 6:00:00 PM,SERC,WEST,EKPC,EKPC,1859.694,True
6/12/2024 11:00:00 PM,6/12/2024 7:00:00 PM,SERC,WEST,EKPC,EKPC,1796.604,True
6/13/2024 12:00:00 AM,6/12/2024 8:00:00 PM,SERC,WEST,EKPC,EKPC,1749.340,True
6/13/2024 1:00:00 AM,6/12/2024 9:00:00 PM,SERC,WEST,EKPC,EKPC,1716.878,True
6/13/2024 2:00:00 AM,6/12/2024 10:00:00 PM,SERC,WEST,EKPC,EKPC,1506.634,True
6/13/2024 3:00:00 AM,6/12/2024 11:00:00 PM,SERC,WEST,EKPC,EKPC,1338.380,True
6/13/2024 4:00:00 AM,6/13/2024 12:00:00 AM,SERC,WEST,EKPC,EKPC,1258.574,True
6/13/2024 5:00:00 AM,6/13/2024 1:00:00 AM,SERC,WEST,EKPC,EKPC,1204.685,True
6/13/2024 6:00:00 AM,6/13/2024 2:00:00 AM,SERC,WEST,EKPC,EKPC,1219.108,True
6/13/2024 7:00:00 AM,6/13/2024 3:00:00 AM,SERC,WEST,EKPC,EKPC,1178.631,True
6/13/2024 8:00:00 AM,6/13/2024 4:00:00 AM,SERC,WEST,EKPC,EKPC,1173.733,True
6/13/2024 9:00:00 AM,6/13/2024 5:00:00 AM,SERC,WEST,EKPC,EKPC,1207.146,True
6/13/2024 10:00:00 AM,6/13/2024 6:00:00 AM,SERC,WEST,EKPC,EKPC,1286.303,True
6/13/2024 11:00:00 AM,6/13/2024 7:00:00 AM,SERC,WEST,EKPC,EKPC,1359.461,True
6/13/2024 12:00:00 PM,6/13/2024 8:00:00 AM,SERC,WEST,EKPC,EKPC,1288.490,True
6/13/2024 1:00:00 PM,6/13/2024 9:00:00 AM,SERC,WEST,EKPC,EKPC,1407.351,True
6/13/2024 2:00:00 PM,6/13/2024 10:00:00 AM,SERC,WEST,EKPC,EKPC,1476.622,True
6/13/2024 3:00:00 PM,6/13/2024 11:00:00 AM,SERC,WEST,EKPC,EKPC,1606.372,True
6/13/2024 4:00:00 PM,6/13/2024 12:00:00 PM,SERC,WEST,EKPC,EKPC,1791.909,True
6/13/2024 5:00:00 PM,6/13/2024 1:00:00 PM,SERC,WEST,EKPC,EKPC,1879.998,True
6/13/2024 6:00:00 PM,6/13/2024 2:00:00 PM,SERC,WEST,EKPC,EKPC,1868.613,True
6/13/2024 7:00:00 PM,6/13/2024 3:00:00 PM,SERC,WEST,EKPC,EKPC,1950.571,True
6/13/2024 8:00:00 PM,6/13/2024 4:00:00 PM,SERC,WEST,EKPC,EKPC,2096.111,True
6/13/2024 9:00:00 PM,6/13/2024 5:00:00 PM,SERC,WEST,EKPC,EKPC,2206.693,True
6/13/2024 10:00:00 PM,6/13/2024 6:00:00 PM,SERC,WEST,EKPC,EKPC,2131.555,True
6/13/2024 11:00:00 PM,6/13/2024 7:00:00 PM,SERC,WEST,EKPC,EKPC,2167.711,True
6/14/2024 12:00:00 AM,6/13/2024 8:00:00 PM,SERC,WEST,EKPC,EKPC,2082.879,True
6/14/2024 1:00:00 AM,6/13/2024 9:00:00 PM,SERC,WEST,EKPC,EKPC,1925.416,True
6/14/2024 2:00:00 AM,6/13/2024 10:00:00 PM,SERC,WEST,EKPC,EKPC,1810.618,True
6/14/2024 3:00:00 AM,6/13/2024 11:00:00 PM,SERC,WEST,EKPC,EKPC,1544.710,True
6/14/2024 4:00:00 AM,6/14/2024 12:00:00 AM,SERC,WEST,EKPC,EKPC,1407.275,True
6/14/2024 5:00:00 AM,6/14/2024 1:00:00 AM,SERC,WEST,EKPC,EKPC,1241.506,True
6/14/2024 6:00:00 AM,6/14/2024 2:00:00 AM,SERC,WEST,EKPC,EKPC,1304.706,True
6/14/2024 7:00:00 AM,6/14/2024 3:00:00 AM,SERC,WEST,EKPC,EKPC,1204.780,True
6/14/2024 8:00:00 AM,6/14/2024 4:00:00 AM,SERC,WEST,EKPC,EKPC,1227.803,True
6/14/2024 9:00:00 AM,6/14/2024 5:00:00 AM,SERC,WEST,EKPC,EKPC,1218.470,True
6/14/2024 10:00:00 AM,6/14/2024 6:00:00 AM,SERC,WEST,EKPC,EKPC,1277.237,True
6/14/2024 11:00:00 AM,6/14/2024 7:00:00 AM,SERC,WEST,EKPC,EKPC,1399.209,True
6/14/2024 12:00:00 PM,6/14/2024 8:00:00 AM,SERC,WEST,EKPC,EKPC,1495.685,True
6/14/2024 1:00:00 PM,6/14/2024 9:00:00 AM,SERC,WEST,EKPC,EKPC,1504.677,True
6/14/2024 2:00:00 PM,6/14/2024 10:00:00 AM,SERC,WEST,EKPC,EKPC,1638.435,True
6/14/2024 3:00:00 PM,6/14/2024 11:00:00 AM,SERC,WEST,EKPC,EKPC,1796.023,True
6/14/2024 4:00:00 PM,6/14/2024 12:00:00 PM,SERC,WEST,EKPC,EKPC,1962.171,True
6/14/2024 5:00:00 PM,6/14/2024 1:00:00 PM,SERC,WEST,EKPC,EKPC,2019.188,True
6/14/2024 6:00:00 PM,6/14/2024 2:00:00 PM,SERC,WEST,EKPC,EKPC,2141.991,True
6/14/2024 7:00:00 PM,6/14/2024 3:00:00 PM,SERC,WEST,EKPC,EKPC,2175.704,True
6/14/2024 8:00:00 PM,6/14/2024 4:00:00 PM,SERC,WEST,EKPC,EKPC,2246.769,True
6/14/2024 9:00:00 PM,6/14/2024 5:00:00 PM,SERC,WEST,EKPC,EKPC,2252.942,True
6/14/2024 10:00:00 PM,6/14/2024 6:00:00 PM,SERC,WEST,EKPC,EKPC,2162.415,True
6/14/2024 11:00:00 PM,6/14/2024 7:00:00 PM,SERC,WEST,EKPC,EKPC,2102.557,True
6/15/2024 12:00:00 AM,6/14/2024 8:00:00 PM,SERC,WEST,EKPC,EKPC,1933.021,True
6/15/2024 1:00:00 AM,6/14/2024 9:00:00 PM,SERC,WEST,EKPC,EKPC,1966.729,True
6/15/2024 2:00:00 AM,6/14/2024 10:00:00 PM,SERC,WEST,EKPC,EKPC,1853.064,True
6/15/2024 3:00:00 AM,6/14/2024 11:00:00 PM,SERC,WEST,EKPC,EKPC,1666.325,True
6/15/2024 4:00:00 AM,6/15/2024 12:00:00 AM,SERC,WEST,EKPC,EKPC,1541.777,True
6/15/2024 5:00:00 AM,6/15/2024 1:00:00 AM,SERC,WEST,EKPC,EKPC,1410.049,True
6/15/2024 6:00:00 AM,6/15/2024 2:00:00 AM,SERC,WEST,EKPC,EKPC,1324.998,True
6/15/2024 7:00:00 AM,6/15/2024 3:00:00 AM,SERC,WEST,EKPC,EKPC,1247.941,True
6/15/2024 8:00:00 AM,6/15/2024 4:00:00 AM,SERC,WEST,EKPC,EKPC,1211.644,True
6/15/2024 9:00:00 AM,6/15/2024 5:00:00 AM,SERC,WEST,EKPC,EKPC,1224.148,True
6/15/2024 10:00:00 AM,6/15/2024 6:00:00 AM,SERC,WEST,EKPC,EKPC,1224.013,True
6/15/2024 11:00:00 AM,6/15/2024 7:00:00 AM,SERC,WEST,EKPC,EKPC,1195.105,True
6/15/2024 12:00:00 PM,6/15/2024 8:00:00 AM,SERC,WEST,EKPC,EKPC,1218.687,True
6/15/2024 1:00:00 PM,6/15/2024 9:00:00 AM,SERC,WEST,EKPC,EKPC,1371.705,True
6/15/2024 2:00:00 PM,6/15/2024 10:00:00 AM,SERC,WEST,EKPC,EKPC,1476.747,True
6/15/2024 3:00:00 PM,6/15/2024 11:00:00 AM,SERC,WEST,EKPC,EKPC,1606.874,True
6/15/2024 4:00:00 PM,6/15/2024 12:00:00 PM,SERC,WEST,EKPC,EKPC,1718.143,True
6/15/2024 5:00:00 PM,6/15/2024 1:00:00 PM,SERC,WEST,EKPC,EKPC,1829.481,True
6/15/2024 6:00:00 PM,6/15/2024 2:00:00 PM,SERC,WEST,EKPC,EKPC,1915.811,True
6/15/2024 7:00:00 PM,6/15/2024 3:00:00 PM,SERC,WEST,EKPC,EKPC,2033.940,True
6/15/2024 8:00:00 PM,6/15/2024 4:00:00 PM,SERC,WEST,EKPC,EKPC,2072.938,True
6/15/2024 9:00:00 PM,6/15/2024 5:00:00 PM,SERC,WEST,EKPC,EKPC,2111.519,True
6/15/2024 10:00:00 PM,6/15/2024 6:00:00 PM,SERC,WEST,EKPC,EKPC,2074.849,True
6/15/2024 11:00:00 PM,6/15/2024 7:00:00 PM,SERC,WEST,EKPC,EKPC,1992.438,True
6/16/2024 12:00:00 AM,6/15/2024 8:00:00 PM,SERC,WEST,EKPC,EKPC,1877.227,True
6/16/2024 1:00:00 AM,6/15/2024 9:00:00 PM,SERC,WEST,EKPC,EKPC,1786.648,True
6/16/2024 2:00:00 AM,6/15/2024 10:00:00 PM,SERC,WEST,EKPC,EKPC,1650.873,True
6/16/2024 3:00:00 AM,6/15/2024 11:00:00 PM,SERC,WEST,EKPC,EKPC,1495.177,True
6/16/2024 4:00:00 AM,6/16/2024 12:00:00 AM,SERC,WEST,EKPC,EKPC,1322.737,True
6/16/2024 5:00:00 AM,6/16/2024 1:00:00 AM,SERC,WEST,EKPC,EKPC,1238.241,True
6/16/2024 6:00:00 AM,6/16/2024 2:00:00 AM,SERC,WEST,EKPC,EKPC,1179.047,True
6/16/2024 7:00:00 AM,6/16/2024 3:00:00 AM,SERC,WEST,EKPC,EKPC,1084.970,True
6/16/2024 8:00:00 AM,6/16/2024 4:00:00 AM,SERC,WEST,EKPC,EKPC,1107.366,True
6/16/2024 9:00:00 AM,6/16/2024 5:00:00 AM,SERC,WEST,EKPC,EKPC,1065.679,True
6/16/2024 10:00:00 AM,6/16/2024 6:00:00 AM,SERC,WEST,EKPC,EKPC,1057.102,True
6/16/2024 11:00:00 AM,6/16/2024 7:00:00 AM,SERC,WEST,EKPC,EKPC,1173.583,True
6/16/2024 12:00:00 PM,6/16/2024 8:00:00 AM,SERC,WEST,EKPC,EKPC,1219.369,True
6/16/2024 1:00:00 PM,6/16/2024 9:00:00 AM,SERC,WEST,EKPC,EKPC,1282.966,True
6/16/2024 2:00:00 PM,6/16/2024 10:00:00 AM,SERC,WEST,EKPC,EKPC,1418.669,True
6/16/2024 3:00:00 PM,6/16/2024 11:00:00 AM,SERC,WEST,EKPC,EKPC,1603.002,True
6/16/2024 4:00:00 PM,6/16/2024 12:00:00 PM,SERC,WEST,EKPC,EKPC,1915.331,True
6/16/2024 5:00:00 PM,6/16/2024 1:00:00 PM,SERC,WEST,EKPC,EKPC,2089.104,True
6/16/2024 6:00:00 PM,6/16/2024 2:00:00 PM,SERC,WEST,EKPC,EKPC,2154.413,True
6/16/2024 7:00:00 PM,6/16/2024 3:00:00 PM,SERC,WEST,EKPC,EKPC,2242.209,True
6/16/2024 8:00:00 PM,6/16/2024 4:00:00 PM,SERC,WEST,EKPC,EKPC,2345.999,True
6/16/2024 9:00:00 PM,6/16/2024 5:00:00 PM,SERC,WEST,EKPC,EKPC,2405.290,True
6/16/2024 10:00:00 PM,6/16/2024 6:00:00 PM,SERC,WEST,EKPC,EKPC,2337.593,True
6/16/2024 11:00:00 PM,6/16/2024 7:00:00 PM,SERC,WEST,EKPC,EKPC,2321.475,True
6/17/2024 12:00:00 AM,6/16/2024 8:00:00 PM,SERC,WEST,EKPC,EKPC,2213.049,True
6/17/2024 1:00:00 AM,6/16/2024 9:00:00 PM,SERC,WEST,EKPC,EKPC,2178.196,True
6/17/2024 2:00:00 AM,6/16/2024 10:00:00 PM,SERC,WEST,EKPC,EKPC,2027.062,True
6/17/2024 3:00:00 AM,6/16/2024 11:00:00 PM,SERC,WEST,EKPC,EKPC,1830.237,True
6/17/2024 4:00:00 AM,6/17/2024 12:00:00 AM,SERC,WEST,EKPC,EKPC,1600.849,True
6/17/2024 5:00:00 AM,6/17/2024 1:00:00 AM,SERC,WEST,EKPC,EKPC,1541.635,True
6/17/2024 6:00:00 AM,6/17/2024 2:00:00 AM,SERC,WEST,EKPC,EKPC,1489.889,True
6/17/2024 7:00:00 AM,6/17/2024 3:00:00 AM,SERC,WEST,EKPC,EKPC,1447.397,True
6/17/2024 8:00:00 AM,6/17/2024 4:00:00 AM,SERC,WEST,EKPC,EKPC,1448.212,True
6/17/2024 9:00:00 AM,6/17/2024 5:00:00 AM,SERC,WEST,EKPC,EKPC,1414.387,True
6/17/2024 10:00:00 AM,6/17/2024 6:00:00 AM,SERC,WEST,EKPC,EKPC,1519.373,True
6/17/2024 11:00:00 AM,6/17/2024 7:00:00 AM,SERC,WEST,EKPC,EKPC,1602.980,True
6/17/2024 12:00:00 PM,6/17/2024 8:00:00 AM,SERC,WEST,EKPC,EKPC,1714.631,True
6/17/2024 1:00:00 PM,6/17/2024 9:00:00 AM,SERC,WEST,EKPC,EKPC,1860.538,True
6/17/2024 2:00:00 PM,6/17/2024 10:00:00 AM,SERC,WEST,EKPC,EKPC,2022.690,True
6/17/2024 3:00:00 PM,6/17/2024 11:00:00 AM,SERC,WEST,EKPC,EKPC,2164.288,True
6/17/2024 4:00:00 PM,6/17/2024 12:00:00 PM,SERC,WEST,EKPC,EKPC,2303.203,True
6/17/2024 5:00:00 PM,6/17/2024 1:00:00 PM,SERC,WEST,EKPC,EKPC,2410.389,True
6/17/2024 6:00:00 PM,6/17/2024 2:00:00 PM,SERC,WEST,EKPC,EKPC,2337.199,True
6/17/2024 7:00:00 PM,6/17/2024 3:00:00 PM,SERC,WEST,EKPC,EKPC,2305.173,True
6/17/2024 8:00:00 PM,6/17/2024 4:00:00 PM,SERC,WEST,EKPC,EKPC,2311.573,True
6/17/2024 9:00:00 PM,6/17/2024 5:00:00 PM,SERC,WEST,EKPC,EKPC,2340.008,True
6/17/2024 10:00:00 PM,6/17/2024 6:00:00 PM,SERC,WEST,EKPC,EKPC,2342.488,True
6/17/2024 11:00:00 PM,6/17/2024 7:00:00 PM,SERC,WEST,EKPC,EKPC,2282.668,True
6/18/2024 12:00:00 AM,6/17/2024 8:00:00 PM,SERC,WEST,EKPC,EKPC,2239.137,True
6/18/2024 1:00:00 AM,6/17/2024 9:00:00 PM,SERC,WEST,EKPC,EKPC,2200.730,True
6/18/2024 2:00:00 AM,6/17/2024 10:00:00 PM,SERC,WEST,EKPC,EKPC,1957.720,True
6/18/2024 3:00:00 AM,6/17/2024 11:00:00 PM,SERC,WEST,EKPC,EKPC,1744.263,True
6/18/2024 4:00:00 AM,6/18/2024 12:00:00 AM,SERC,WEST,EKPC,EKPC,1654.160,True
6/18/2024 5:00:00 AM,6/18/2024 1:00:00 AM,SERC,WEST,EKPC,EKPC,1549.251,True
6/18/2024 6:00:00 AM,6/18/2024 2:00:00 AM,SERC,WEST,EKPC,EKPC,1389.650,True
6/18/2024 7:00:00 AM,6/18/2024 3:00:00 AM,SERC,WEST,EKPC,EKPC,1460.927,True
6/18/2024 8:00:00 AM,6/18/2024 4:00:00 AM,SERC,WEST,EKPC,EKPC,1433.295,True
6/18/2024 9:00:00 AM,6/18/2024 5:00:00 AM,SERC,WEST,EKPC,EKPC,1300.424,True
6/18/2024 10:00:00 AM,6/18/2024 6:00:00 AM,SERC,WEST,EKPC,EKPC,1475.084,True
6/18/2024 11:00:00 AM,6/18/2024 7:00:00 AM,SERC,WEST,EKPC,EKPC,1509.594,True
6/18/2024 12:00:00 PM,6/18/2024 8:00:00 AM,SERC,WEST,EKPC,EKPC,1581.074,True
6/18/2024 1:00:00 PM,6/18/2024 9:00:00 AM,SERC,WEST,EKPC,EKPC,1703.320,True
6/18/2024 2:00:00 PM,6/18/2024 10:00:00 AM,SERC,WEST,EKPC,EKPC,1876.957,True
6/18/2024 3:00:00 PM,6/18/2024 11:00:00 AM,SERC,WEST,EKPC,EKPC,2010.243,True
6/18/2024 4:00:00 PM,6/18/2024 12:00:00 PM,SERC,WEST,EKPC,EKPC,2177.759,True
6/18/2024 5:00:00 PM,6/18/2024 1:00:00 PM,SERC,WEST,EKPC,EKPC,2207.718,True
6/18/2024 6:00:00 PM,6/18/2024 2:00:00 PM,SERC,WEST,EKPC,EKPC,2227.096,True
6/18/2024 7:00:00 PM,6/18/2024 3:00:00 PM,SERC,WEST,EKPC,EKPC,2267.413,True
6/18/2024 8:00:00 PM,6/18/2024 4:00:00 PM,SERC,WEST,EKPC,EKPC,2364.639,True
6/18/2024 9:00:00 PM,6/18/2024 5:00:00 PM,SERC,WEST,EKPC,EKPC,2368.255,True
6/18/2024 10:00:00 PM,6/18/2024 6:00:00 PM,SERC,WEST,EKPC,EKPC,2330.584,True
6/18/2024 11:00:00 PM,6/18/2024 7:00:00 PM,SERC,WEST,EKPC,EKPC,2204.118,True
6/19/2024 12:00:00 AM,6/18/2024 8:00:00 PM,SERC,WEST,EKPC,EKPC,2155.497,True
6/19/2024 1:00:00 AM,6/18/2024 9:00:00 PM,SERC,WEST,EKPC,EKPC,2119.054,True
6/19/2024 2:00:00 AM,6/18/2024 10:00:00 PM,SERC,WEST,EKPC,EKPC,2047.691,True
6/19/2024 3:00:00 AM,6/18/2024 11:00:00 PM,SERC,WEST,EKPC,EKPC,1755.377,True
6/19/2024 4:00:00 AM,6/19/2024 12:00:00 AM,SERC,WEST,EKPC,EKPC,1599.004,True
6/19/2024 5:00:00 AM,6/19/2024 1:00:00 AM,SERC,WEST,EKPC,EKPC,1564.172,True
6/19/2024 6:00:00 AM,6/19/2024 2:00:00 AM,SERC,WEST,EKPC,EKPC,1518.216,True
6/19/2024 7:00:00 AM,6/19/2024 3:00:00 AM,SERC,WEST,EKPC,EKPC,1463.355,True
6/19/2024 8:00:00 AM,6/19/2024 4:00:00 AM,SERC,WEST,EKPC,EKPC,1403.904,True
6/19/2024 9:00:00 AM,6/19/2024 5:00:00 AM,SERC,WEST,EKPC,EKPC,1376.250,True
6/19/2024 10:00:00 AM,6/19/2024 6:00:00 AM,SERC,WEST,EKPC,EKPC,1435.963,True
6/19/2024 11:00:00 AM,6/19/2024 7:00:00 AM,SERC,WEST,EKPC,EKPC,1546.709,True
6/19/2024 12:00:00 PM,6/19/2024 8:00:00 AM,SERC,WEST,EKPC,EKPC,1588.649,True
6/19/2024 1:00:00 PM,6/19/2024 9:00:00 AM,SERC,WEST,EKPC,EKPC,1718.730,True
6/19/2024 2:00:00 PM,6/19/2024 10:00:00 AM,SERC,WEST,EKPC,EKPC,1859.579,True
6/19/2024 3:00:00 PM,6/19/2024 11:00:00 AM,SERC,WEST,EKPC,EKPC,1983.109,True
6/19/2024 4:00:00 PM,6/19/2024 12:00:00 PM,SERC,WEST,EKPC,EKPC,2080.254,True
6/19/2024 5:00:00 PM,6/19/2024 1:00:00 PM,SERC,WEST,EKPC,EKPC,2076.986,True
6/19/2024 6:00:00 PM,6/19/2024 2:00:00 PM,SERC,WEST,EKPC,EKPC,2040.026,True
6/19/2024 7:00:00 PM,6/19/2024 3:00:00 PM,SERC,WEST,EKPC,EKPC,2068.368,True
6/19/2024 8:00:00 PM,6/19/2024 4:00:00 PM,SERC,WEST,EKPC,EKPC,2080.837,True
6/19/2024 9:00:00 PM,6/19/2024 5:00:00 PM,SERC,WEST,EKPC,EKPC,2103.715,True
6/19/2024 10:00:00 PM,6/19/2024 6:00:00 PM,SERC,WEST,EKPC,EKPC,2092.804,True
6/19/2024 11:00:00 PM,6/19/2024 7:00:00 PM,SERC,WEST,EKPC,EKPC,2009.919,True
6/20/2024 12:00:00 AM,6/19/2024 8:00:00 PM,SERC,WEST,EKPC,EKPC,1933.334,True
6/20/2024 1:00:00 AM,6/19/2024 9:00:00 PM,SERC,WEST,EKPC,EKPC,1925.101,True
6/20/2024 2:00:00 AM,6/19/2024 10:00:00 PM,SERC,WEST,EKPC,EKPC,1781.463,True
6/20/2024 3:00:00 AM,6/19/2024 11:00:00 PM,SERC,WEST,EKPC,EKPC,1619.737,True
6/20/2024 4:00:00 AM,6/20/2024 12:00:00 AM,SERC,WEST,EKPC,EKPC,1547.440,True
6/20/2024 5:00:00 AM,6/20/2024 1:00:00 AM,SERC,WEST,EKPC,EKPC,1466.561,True
6/20/2024 6:00:00 AM,6/20/2024 2:00:00 AM,SERC,WEST,EKPC,EKPC,1373.489,True
6/20/2024 7:00:00 AM,6/20/2024 3:00:00 AM,SERC,WEST,EKPC,EKPC,1339.155,True
6/20/2024 8:00:00 AM,6/20/2024 4:00:00 AM,SERC,WEST,EKPC,EKPC,1299.957,True
6/20/2024 9:00:00 AM,6/20/2024 5:00:00 AM,SERC,WEST,EKPC,EKPC,1317.292,True
6/20/2024 10:00:00 AM,6/20/2024 6:00:00 AM,SERC,WEST,EKPC,EKPC,1373.407,True
6/20/2024 11:00:00 AM,6/20/2024 7:00:00 AM,SERC,WEST,EKPC,EKPC,1486.850,True
6/20/2024 12:00:00 PM,6/20/2024 8:00:00 AM,SERC,WEST,EKPC,EKPC,1568.466,True
6/20/2024 1:00:00 PM,6/20/2024 9:00:00 AM,SERC,WEST,EKPC,EKPC,1651.860,True
6/20/2024 2:00:00 PM,6/20/2024 10:00:00 AM,SERC,WEST,EKPC,EKPC,1848.132,True
6/20/2024 3:00:00 PM,6/20/2024 11:00:00 AM,SERC,WEST,EKPC,EKPC,1980.500,True
6/20/2024 4:00:00 PM,6/20/2024 12:00:00 PM,SERC,WEST,EKPC,EKPC,2192.385,True
6/20/2024 5:00:00 PM,6/20/2024 1:00:00 PM,SERC,WEST,EKPC,EKPC,2218.730,True
6/20/2024 6:00:00 PM,6/20/2024 2:00:00 PM,SERC,WEST,EKPC,EKPC,2167.156,True
6/20/2024 7:00:00 PM,6/20/2024 3:00:00 PM,SERC,WEST,EKPC,EKPC,2209.819,True
6/20/2024 8:00:00 PM,6/20/2024 4:00:00 PM,SERC,WEST,EKPC,EKPC,2227.933,True
6/20/2024 9:00:00 PM,6/20/2024 5:00:00 PM,SERC,WEST,EKPC,EKPC,2253.207,True
6/20/2024 10:00:00 PM,6/20/2024 6:00:00 PM,SERC,WEST,EKPC,EKPC,2255.308,True
6/20/2024 11:00:00 PM,6/20/2024 7:00:00 PM,SERC,WEST,EKPC,EKPC,2193.750,True
6/21/2024 12:00:00 AM,6/20/2024 8:00:00 PM,SERC,WEST,EKPC,EKPC,2082.521,True
6/21/2024 1:00:00 AM,6/20/2024 9:00:00 PM,SERC,WEST,EKPC,EKPC,2126.717,True
6/21/2024 2:00:00 AM,6/20/2024 10:00:00 PM,SERC,WEST,EKPC,EKPC,2005.101,True
6/21/2024 3:00:00 AM,6/20/2024 11:00:00 PM,SERC,WEST,EKPC,EKPC,1791.542,True
6/21/2024 4:00:00 AM,6/21/2024 12:00:00 AM,SERC,WEST,EKPC,EKPC,1666.147,True
6/21/2024 5:00:00 AM,6/21/2024 1:00:00 AM,SERC,WEST,EKPC,EKPC,1563.994,True
6/21/2024 6:00:00 AM,6/21/2024 2:00:00 AM,SERC,WEST,EKPC,EKPC,1455.645,True
6/21/2024 7:00:00 AM,6/21/2024 3:00:00 AM,SERC,WEST,EKPC,EKPC,1361.678,True
6/21/2024 8:00:00 AM,6/21/2024 4:00:00 AM,SERC,WEST,EKPC,EKPC,1207.957,True
6/21/2024 9:00:00 AM,6/21/2024 5:00:00 AM,SERC,WEST,EKPC,EKPC,1207.282,True
6/21/2024 10:00:00 AM,6/21/2024 6:00:00 AM,SERC,WEST,EKPC,EKPC,1266.688,True
6/21/2024 11:00:00 AM,6/21/2024 7:00:00 AM,SERC,WEST,EKPC,EKPC,1341.331,True
6/21/2024 12:00:00 PM,6/21/2024 8:00:00 AM,SERC,WEST,EKPC,EKPC,1528.905,True
6/21/2024 1:00:00 PM,6/21/2024 9:00:00 AM,SERC,WEST,EKPC,EKPC,1628.792,True
6/21/2024 2:00:00 PM,6/21/2024 10:00:00 AM,SERC,WEST,EKPC,EKPC,1798.499,True
6/21/2024 3:00:00 PM,6/21/2024 11:00:00 AM,SERC,WEST,EKPC,EKPC,2049.589,True
6/21/2024 4:00:00 PM,6/21/2024 12:00:00 PM,SERC,WEST,EKPC,EKPC,2143.376,True
6/21/2024 5:00:00 PM,6/21/2024 1:00:00 PM,SERC,WEST,EKPC,EKPC,2128.551,True
6/21/2024 6:00:00 PM,6/21/2024 2:00:00 PM,SERC,WEST,EKPC,EKPC,2178.604,True
6/21/2024 7:00:00 PM,6/21/2024 3:00:00 PM,SERC,WEST,EKPC,EKPC,2233.853,True
6/21/2024 8:00:00 PM,6/21/2024 4:00:00 PM,SERC,WEST,EKPC,EKPC,2252.772,True
6/21/2024 9:00:00 PM,6/21/2024 5:00:00 PM,SERC,WEST,EKPC,EKPC,2280.123,True
6/21/2024 10:00:00 PM,6/21/2024 6:00:00 PM,SERC,WEST,EKPC,EKPC,2254.170,True
6/21/2024 11:00:00 PM,6/21/2024 7:00:00 PM,SERC,WEST,EKPC,EKPC,2201.264,True
6/22/2024 12:00:00 AM,6/21/2024 8:00:00 PM,SERC,WEST,EKPC,EKPC,2078.576,True
6/22/2024 1:00:00 AM,6/21/2024 9:00:00 PM,SERC,WEST,EKPC,EKPC,1975.352,True
6/22/2024 2:00:00 AM,6/21/2024 10:00:00 PM,SERC,WEST,EKPC,EKPC,1984.320,True
6/22/2024 3:00:00 AM,6/21/2024 11:00:00 PM,SERC,WEST,EKPC,EKPC,1803.209,True
6/22/2024 4:00:00 AM,6/22/2024 12:00:00 AM,SERC,WEST,EKPC,EKPC,1612.775,True
6/22/2024 5:00:00 AM,6/22/2024 1:00:00 AM,SERC,WEST,EKPC,EKPC,1546.522,True
6/22/2024 6:00:00 AM,6/22/2024 2:00:00 AM,SERC,WEST,EKPC,EKPC,1371.036,True
6/22/2024 7:00:00 AM,6/22/2024 3:00:00 AM,SERC,WEST,EKPC,EKPC,1390.502,True
6/22/2024 8:00:00 AM,6/22/2024 4:00:00 AM,SERC,WEST,EKPC,EKPC,1340.210,True
6/22/2024 9:00:00 AM,6/22/2024 5:00:00 AM,SERC,WEST,EKPC,EKPC,1211.309,True
6/22/2024 10:00:00 AM,6/22/2024 6:00:00 AM,SERC,WEST,EKPC,EKPC,1176.638,True
6/22/2024 11:00:00 AM,6/22/2024 7:00:00 AM,SERC,WEST,EKPC,EKPC,1372.835,True
6/22/2024 12:00:00 PM,6/22/2024 8:00:00 AM,SERC,WEST,EKPC,EKPC,1509.288,True
6/22/2024 1:00:00 PM,6/22/2024 9:00:00 AM,SERC,WEST,EKPC,EKPC,1728.437,True
6/22/2024 2:00:00 PM,6/22/2024 10:00:00 AM,SERC,WEST,EKPC,EKPC,1966.274,True
6/22/2024 3:00:00 PM,6/22/2024 11:00:00 AM,SERC,WEST,EKPC,EKPC,2122.973,True
6/22/2024 4:00:00 PM,6/22/2024 12:00:00 PM,SERC,WEST,EKPC,EKPC,2207.724,True
6/22/2024 5:00:00 PM,6/22/2024 1:00:00 PM,SERC,WEST,EKPC,EKPC,2243.785,True
6/22/2024 6:00:00 PM,6/22/2024 2:00:00 PM,SERC,WEST,EKPC,EKPC,2342.204,True
6/22/2024 7:00:00 PM,6/22/2024 3:00:00 PM,SERC,WEST,EKPC,EKPC,2230.535,True
6/22/2024 8:00:00 PM,6/22/2024 4:00:00 PM,SERC,WEST,EKPC,EKPC,2234.310,True
6/22/2024 9:00:00 PM,6/22/2024 5:00:00 PM,SERC,WEST,EKPC,EKPC,2247.094,True
6/22/2024 10:00:00 PM,6/22/2024 6:00:00 PM,SERC,WEST,EKPC,EKPC,2211.679,True
6/22/2024 11:00:00 PM,6/22/2024 7:00:00 PM,SERC,WEST,EKPC,EKPC,2152.389,True
6/23/2024 12:00:00 AM,6/22/2024 8:00:00 PM,SERC,WEST,EKPC,EKPC,2210.908,True
6/23/2024 1:00:00 AM,6/22/2024 9:00:00 PM,SERC,WEST,EKPC,EKPC,2124.473,True
6/23/2024 2:00:00 AM,6/22/2024 10:00:00 PM,SERC,WEST,EKPC,EKPC,1999.188,True
6/23/2024 3:00:00 AM,6/22/2024 11:00:00 PM,SERC,WEST,EKPC,EKPC,1857.121,True
6/23/2024 4:00:00 AM,6/23/2024 12:00:00 AM,SERC,WEST,EKPC,EKPC,1721.071,True
6/23/2024 5:00:00 AM,6/23/2024 1:00:00 AM,SERC,WEST,EKPC,EKPC,1596.269,True
6/23/2024 6:00:00 AM,6/23/2024 2:00:00 AM,SERC,WEST,EKPC,EKPC,1480.719,True
6/23/2024 7:00:00 AM,6/23/2024 3:00:00 AM,SERC,WEST,EKPC,EKPC,1361.603,True
6/23/2024 8:00:00 AM,6/23/2024 4:00:00 AM,SERC,WEST,EKPC,EKPC,1370.928,True
6/23/2024 9:00:00 AM,6/23/2024 5:00:00 AM,SERC,WEST,EKPC,EKPC,1357.050,True
6/23/2024 10:00:00 AM,6/23/2024 6:00:00 AM,SERC,WEST,EKPC,EKPC,1331.832,True
6/23/2024 11:00:00 AM,6/23/2024 7:00:00 AM,SERC,WEST,EKPC,EKPC,1392.426,True
6/23/2024 12:00:00 PM,6/23/2024 8:00:00 AM,SERC,WEST,EKPC,EKPC,1543.359,True
6/23/2024 1:00:00 PM,6/23/2024 9:00:00 AM,SERC,WEST,EKPC,EKPC,1682.523,True
6/23/2024 2:00:00 PM,6/23/2024 10:00:00 AM,SERC,WEST,EKPC,EKPC,1766.770,True
6/23/2024 3:00:00 PM,6/23/2024 11:00:00 AM,SERC,WEST,EKPC,EKPC,1805.719,True
6/23/2024 4:00:00 PM,6/23/2024 12:00:00 PM,SERC,WEST,EKPC,EKPC,1860.109,True
6/23/2024 5:00:00 PM,6/23/2024 1:00:00 PM,SERC,WEST,EKPC,EKPC,1965.677,True
6/23/2024 6:00:00 PM,6/23/2024 2:00:00 PM,SERC,WEST,EKPC,EKPC,2051.395,True
6/23/2024 7:00:00 PM,6/23/2024 3:00:00 PM,SERC,WEST,EKPC,EKPC,2126.555,True
6/23/2024 8:00:00 PM,6/23/2024 4:00:00 PM,SERC,WEST,EKPC,EKPC,2118.061,True
6/23/2024 9:00:00 PM,6/23/2024 5:00:00 PM,SERC,WEST,EKPC,EKPC,2145.982,True
6/23/2024 10:00:00 PM,6/23/2024 6:00:00 PM,SERC,WEST,EKPC,EKPC,2149.473,True
6/23/2024 11:00:00 PM,6/23/2024 7:00:00 PM,SERC,WEST,EKPC,EKPC,2155.930,True
6/24/2024 12:00:00 AM,6/23/2024 8:00:00 PM,SERC,WEST,EKPC,EKPC,2065.687,True
6/24/2024 1:00:00 AM,6/23/2024 9:00:00 PM,SERC,WEST,EKPC,EKPC,1953.188,True
6/24/2024 2:00:00 AM,6/23/2024 10:00:00 PM,SERC,WEST,EKPC,EKPC,1861.339,True
6/24/2024 3:00:00 AM,6/23/2024 11:00:00 PM,SERC,WEST,EKPC,EKPC,1565.081,True
6/24/2024 4:00:00 AM,6/24/2024 12:00:00 AM,SERC,WEST,EKPC,EKPC,1514.426,True
6/24/2024 5:00:00 AM,6/24/2024 1:00:00 AM,SERC,WEST,EKPC,EKPC,1440.646,True
6/24/2024 6:00:00 AM,6/24/2024 2:00:00 AM,SERC,WEST,EKPC,EKPC,1358.178,True
6/24/2024 7:00:00 AM,6/24/2024 3:00:00 AM,SERC,WEST,EKPC,EKPC,1340.529,True
6/24/2024 8:00:00 AM,6/24/2024 4:00:00 AM,SERC,WEST,EKPC,EKPC,1296.808,True
6/24/2024 9:00:00 AM,6/24/2024 5:00:00 AM,SERC,WEST,EKPC,EKPC,1304.485,True
6/24/2024 10:00:00 AM,6/24/2024 6:00:00 AM,SERC,WEST,EKPC,EKPC,1330.910,True
6/24/2024 11:00:00 AM,6/24/2024 7:00:00 AM,SERC,WEST,EKPC,EKPC,1427.455,True
6/24/2024 12:00:00 PM,6/24/2024 8:00:00 AM,SERC,WEST,EKPC,EKPC,1417.834,True
6/24/2024 1:00:00 PM,6/24/2024 9:00:00 AM,SERC,WEST,EKPC,EKPC,1574.364,True
6/24/2024 2:00:00 PM,6/24/2024 10:00:00 AM,SERC,WEST,EKPC,EKPC,1695.050,True
6/24/2024 3:00:00 PM,6/24/2024 11:00:00 AM,SERC,WEST,EKPC,EKPC,1865.456,True
6/24/2024 4:00:00 PM,6/24/2024 12:00:00 PM,SERC,WEST,EKPC,EKPC,1973.583,True
6/24/2024 5:00:00 PM,6/24/2024 1:00:00 PM,SERC,WEST,EKPC,EKPC,2048.700,True
6/24/2024 6:00:00 PM,6/24/2024 2:00:00 PM,SERC,WEST,EKPC,EKPC,2139.008,True
6/24/2024 7:00:00 PM,6/24/2024 3:00:00 PM,SERC,WEST,EKPC,EKPC,2180.460,True
6/24/2024 8:00:00 PM,6/24/2024 4:00:00 PM,SERC,WEST,EKPC,EKPC,2242.213,True
6/24/2024 9:00:00 PM,6/24/2024 5:00:00 PM,SERC,WEST,EKPC,EKPC,2231.348,True
6/24/2024 10:00:00 PM,6/24/2024 6:00:00 PM,SERC,WEST,EKPC,EKPC,2317.714,True
6/24/2024 11:00:00 PM,6/24/2024 7:00:00 PM,SERC,WEST,EKPC,EKPC,2228.606,True
6/25/2024 12:00:00 AM,6/24/2024 8:00:00 PM,SERC,WEST,EKPC,EKPC,2104.407,True
6/25/2024 1:00:00 AM,6/24/2024 9:00:00 PM,SERC,WEST,EKPC,EKPC,1872.360,True
6/25/2024 2:00:00 AM,6/24/2024 10:00:00 PM,SERC,WEST,EKPC,EKPC,1661.714,True
6/25/2024 3:00:00 AM,6/24/2024 11:00:00 PM,SERC,WEST,EKPC,EKPC,1478.816,True
6/25/2024 4:00:00 AM,6/25/2024 12:00:00 AM,SERC,WEST,EKPC,EKPC,1316.353,True
6/25/2024 5:00:00 AM,6/25/2024 1:00:00 AM,SERC,WEST,EKPC,EKPC,1203.673,True
6/25/2024 6:00:00 AM,6/25/2024 2:00:00 AM,SERC,WEST,EKPC,EKPC,1191.723,True
6/25/2024 7:00:00 AM,6/25/2024 3:00:00 AM,SERC,WEST,EKPC,EKPC,1119.797,True
6/25/2024 8:00:00 AM,6/25/2024 4:00:00 AM,SERC,WEST,EKPC,EKPC,1093.151,True
6/25/2024 9:00:00 AM,6/25/2024 5:00:00 AM,SERC,WEST,EKPC,EKPC,1147.278,True
6/25/2024 10:00:00 AM,6/25/2024 6:00:00 AM,SERC,WEST,EKPC,EKPC,1176.393,True
6/25/2024 11:00:00 AM,6/25/2024 7:00:00 AM,SERC,WEST,EKPC,EKPC,1273.594,True
6/25/2024 12:00:00 PM,6/25/2024 8:00:00 AM,SERC,WEST,EKPC,EKPC,1460.037,True
6/25/2024 1:00:00 PM,6/25/2024 9:00:00 AM,SERC,WEST,EKPC,EKPC,1573.219,True
6/25/2024 2:00:00 PM,6/25/2024 10:00:00 AM,SERC,WEST,EKPC,EKPC,1777.798,True
6/25/2024 3:00:00 PM,6/25/2024 11:00:00 AM,SERC,WEST,EKPC,EKPC,1832.305,True
6/25/2024 4:00:00 PM,6/25/2024 12:00:00 PM,SERC,WEST,EKPC,EKPC,1890.556,True
6/25/2024 5:00:00 PM,6/25/2024 1:00:00 PM,SERC,WEST,EKPC,EKPC,2179.705,True
6/25/2024 6:00:00 PM,6/25/2024 2:00:00 PM,SERC,WEST,EKPC,EKPC,2197.254,True
6/25/2024 7:00:00 PM,6/25/2024 3:00:00 PM,SERC,WEST,EKPC,EKPC,2197.294,True
6/25/2024 8:00:00 PM,6/25/2024 4:00:00 PM,SERC,WEST,EKPC,EKPC,2288.508,True
6/25/2024 9:00:00 PM,6/25/2024 5:00:00 PM,SERC,WEST,EKPC,EKPC,2406.226,True
6/25/2024 10:00:00 PM,6/25/2024 6:00:00 PM,SERC,WEST,EKPC,EKPC,2260.314,True
6/25/2024 11:00:00 PM,6/25/2024 7:00:00 PM,SERC,WEST,EKPC,EKPC,2139.075,True
6/26/2024 12:00:00 AM,6/25/2024 8:00:00 PM,SERC,WEST,EKPC,EKPC,2079.515,True
6/26/2024 1:00:00 AM,6/25/2024 9:00:00 PM,SERC,WEST,EKPC,EKPC,1976.069,True
6/26/2024 2:00:00 AM,6/25/2024 10:00:00 PM,SERC,WEST,EKPC,EKPC,1825.020,True
6/26/2024 3:00:00 AM,6/25/2024 11:00:00 PM,SERC,WEST,EKPC,EKPC,1634.364,True
6/26/2024 4:00:00 AM,6/26/2024 12:00:00 AM,SERC,WEST,EKPC,EKPC,1487.805,True
6/26/2024 5:00:00 AM,6/26/2024 1:00:00 AM,SERC,WEST,EKPC,EKPC,1427.219,True
6/26/2024 6:00:00 AM,6/26/2024 2:00:00 AM,SERC,WEST,EKPC,EKPC,1338.889,True
6/26/2024 7:00:00 AM,6/26/2024 3:00:00 AM,SERC,WEST,EKPC,EKPC,1321.412,True
6/26/2024 8:00:00 AM,6/26/2024 4:00:00 AM,SERC,WEST,EKPC,EKPC,1242.770,True
6/26/2024 9:00:00 AM,6/26/2024 5:00:00 AM,SERC,WEST,EKPC,EKPC,1264.753,True
6/26/2024 10:00:00 AM,6/26/2024 6:00:00 AM,SERC,WEST,EKPC,EKPC,1303.274,True
6/26/2024 11:00:00 AM,6/26/2024 7:00:00 AM,SERC,WEST,EKPC,EKPC,1359.616,True
6/26/2024 12:00:00 PM,6/26/2024 8:00:00 AM,SERC,WEST,EKPC,EKPC,1446.341,True
6/26/2024 1:00:00 PM,6/26/2024 9:00:00 AM,SERC,WEST,EKPC,EKPC,1565.827,True
6/26/2024 2:00:00 PM,6/26/2024 10:00:00 AM,SERC,WEST,EKPC,EKPC,1664.792,True
6/26/2024 3:00:00 PM,6/26/2024 11:00:00 AM,SERC,WEST,EKPC,EKPC,1769.159,True
6/26/2024 4:00:00 PM,6/26/2024 12:00:00 PM,SERC,WEST,EKPC,EKPC,1864.569,True
6/26/2024 5:00:00 PM,6/26/2024 1:00:00 PM,SERC,WEST,EKPC,EKPC,1929.162,True
6/26/2024 6:00:00 PM,6/26/2024 2:00:00 PM,SERC,WEST,EKPC,EKPC,1992.668,True
6/26/2024 7:00:00 PM,6/26/2024 3:00:00 PM,SERC,WEST,EKPC,EKPC,2052.217,True
6/26/2024 8:00:00 PM,6/26/2024 4:00:00 PM,SERC,WEST,EKPC,EKPC,2063.218,True
6/26/2024 9:00:00 PM,6/26/2024 5:00:00 PM,SERC,WEST,EKPC,EKPC,2062.743,True
6/26/2024 10:00:00 PM,6/26/2024 6:00:00 PM,SERC,WEST,EKPC,EKPC,1988.814,True
6/26/2024 11:00:00 PM,6/26/2024 7:00:00 PM,SERC,WEST,EKPC,EKPC,1897.633,True
6/27/2024 12:00:00 AM,6/26/2024 8:00:00 PM,SERC,WEST,EKPC,EKPC,1786.165,True
6/27/2024 1:00:00 AM,6/26/2024 9:00:00 PM,SERC,WEST,EKPC,EKPC,1698.468,True
6/27/2024 2:00:00 AM,6/26/2024 10:00:00 PM,SERC,WEST,EKPC,EKPC,1568.807,True
6/27/2024 3:00:00 AM,6/26/2024 11:00:00 PM,SERC,WEST,EKPC,EKPC,1415.980,True
6/27/2024 4:00:00 AM,6/27/2024 12:00:00 AM,SERC,WEST,EKPC,EKPC,1294.577,True
6/27/2024 5:00:00 AM,6/27/2024 1:00:00 AM,SERC,WEST,EKPC,EKPC,1211.283,True
6/27/2024 6:00:00 AM,6/27/2024 2:00:00 AM,SERC,WEST,EKPC,EKPC,1165.909,True
6/27/2024 7:00:00 AM,6/27/2024 3:00:00 AM,SERC,WEST,EKPC,EKPC,1127.228,True
6/27/2024 8:00:00 AM,6/27/2024 4:00:00 AM,SERC,WEST,EKPC,EKPC,1127.129,True
6/27/2024 9:00:00 AM,6/27/2024 5:00:00 AM,SERC,WEST,EKPC,EKPC,1142.129,True
6/27/2024 10:00:00 AM,6/27/2024 6:00:00 AM,SERC,WEST,EKPC,EKPC,1214.211,True
6/27/2024 11:00:00 AM,6/27/2024 7:00:00 AM,SERC,WEST,EKPC,EKPC,1283.187,True
6/27/2024 12:00:00 PM,6/27/2024 8:00:00 AM,SERC,WEST,EKPC,EKPC,1351.558,True
6/27/2024 1:00:00 PM,6/27/2024 9:00:00 AM,SERC,WEST,EKPC,EKPC,1428.123,True
6/27/2024 2:00:00 PM,6/27/2024 10:00:00 AM,SERC,WEST,EKPC,EKPC,1527.633,True
6/27/2024 3:00:00 PM,6/27/2024 11:00:00 AM,SERC,WEST,EKPC,EKPC,1632.910,True
6/27/2024 4:00:00 PM,6/27/2024 12:00:00 PM,SERC,WEST,EKPC,EKPC,1723.265,True
6/27/2024 5:00:00 PM,6/27/2024 1:00:00 PM,SERC,WEST,EKPC,EKPC,1838.459,True
6/27/2024 6:00:00 PM,6/27/2024 2:00:00 PM,SERC,WEST,EKPC,EKPC,1906.845,True
6/27/2024 7:00:00 PM,6/27/2024 3:00:00 PM,SERC,WEST,EKPC,EKPC,1991.538,True
6/27/2024 8:00:00 PM,6/27/2024 4:00:00 PM,SERC,WEST,EKPC,EKPC,2033.284,True
6/27/2024 9:00:00 PM,6/27/2024 5:00:00 PM,SERC,WEST,EKPC,EKPC,2077.453,True
6/27/2024 10:00:00 PM,6/27/2024 6:00:00 PM,SERC,WEST,EKPC,EKPC,2071.867,True
6/27/2024 11:00:00 PM,6/27/2024 7:00:00 PM,SERC,WEST,EKPC,EKPC,2011.118,True
6/28/2024 12:00:00 AM,6/27/2024 8:00:00 PM,SERC,WEST,EKPC,EKPC,1905.938,True
6/28/2024 1:00:00 AM,6/27/2024 9:00:00 PM,SERC,WEST,EKPC,EKPC,1783.218,True
6/28/2024 2:00:00 AM,6/27/2024 10:00:00 PM,SERC,WEST,EKPC,EKPC,1622.840,True
6/28/2024 3:00:00 AM,6/27/2024 11:00:00 PM,SERC,WEST,EKPC,EKPC,1472.354,True
6/28/2024 4:00:00 AM,6/28/2024 12:00:00 AM,SERC,WEST,EKPC,EKPC,1318.299,True
6/28/2024 5:00:00 AM,6/28/2024 1:00:00 AM,SERC,WEST,EKPC,EKPC,1207.480,True
6/28/2024 6:00:00 AM,6/28/2024 2:00:00 AM,SERC,WEST,EKPC,EKPC,1145.107,True
6/28/2024 7:00:00 AM,6/28/2024 3:00:00 AM,SERC,WEST,EKPC,EKPC,1082.129,True
6/28/2024 8:00:00 AM,6/28/2024 4:00:00 AM,SERC,WEST,EKPC,EKPC,1076.722,True
6/28/2024 9:00:00 AM,6/28/2024 5:00:00 AM,SERC,WEST,EKPC,EKPC,1094.637,True
6/28/2024 10:00:00 AM,6/28/2024 6:00:00 AM,SERC,WEST,EKPC,EKPC,1242.402,True
6/28/2024 11:00:00 AM,6/28/2024 7:00:00 AM,SERC,WEST,EKPC,EKPC,1298.674,True
6/28/2024 12:00:00 PM,6/28/2024 8:00:00 AM,SERC,WEST,EKPC,EKPC,1402.370,True
6/28/2024 1:00:00 PM,6/28/2024 9:00:00 AM,SERC,WEST,EKPC,EKPC,1436.268,True
6/28/2024 2:00:00 PM,6/28/2024 10:00:00 AM,SERC,WEST,EKPC,EKPC,1629.664,True
6/28/2024 3:00:00 PM,6/28/2024 11:00:00 AM,SERC,WEST,EKPC,EKPC,1733.123,True
6/28/2024 4:00:00 PM,6/28/2024 12:00:00 PM,SERC,WEST,EKPC,EKPC,1910.918,True
6/28/2024 5:00:00 PM,6/28/2024 1:00:00 PM,SERC,WEST,EKPC,EKPC,2156.259,True
6/28/2024 6:00:00 PM,6/28/2024 2:00:00 PM,SERC,WEST,EKPC,EKPC,2243.344,True
6/28/2024 7:00:00 PM,6/28/2024 3:00:00 PM,SERC,WEST,EKPC,EKPC,2290.705,True
6/28/2024 8:00:00 PM,6/28/2024 4:00:00 PM,SERC,WEST,EKPC,EKPC,2369.228,True
6/28/2024 9:00:00 PM,6/28/2024 5:00:00 PM,SERC,WEST,EKPC,EKPC,2387.241,True
6/28/2024 10:00:00 PM,6/28/2024 6:00:00 PM,SERC,WEST,EKPC,EKPC,2408.924,True
6/28/2024 11:00:00 PM,6/28/2024 7:00:00 PM,SERC,WEST,EKPC,EKPC,2325.270,True
6/29/2024 12:00:00 AM,6/28/2024 8:00:00 PM,SERC,WEST,EKPC,EKPC,2228.339,True
6/29/2024 1:00:00 AM,6/28/2024 9:00:00 PM,SERC,WEST,EKPC,EKPC,2142.871,True
6/29/2024 2:00:00 AM,6/28/2024 10:00:00 PM,SERC,WEST,EKPC,EKPC,2027.517,True
6/29/2024 3:00:00 AM,6/28/2024 11:00:00 PM,SERC,WEST,EKPC,EKPC,1840.248,True
6/29/2024 4:00:00 AM,6/29/2024 12:00:00 AM,SERC,WEST,EKPC,EKPC,1645.390,True
6/29/2024 5:00:00 AM,6/29/2024 1:00:00 AM,SERC,WEST,EKPC,EKPC,1584.314,True
6/29/2024 6:00:00 AM,6/29/2024 2:00:00 AM,SERC,WEST,EKPC,EKPC,1550.359,True
6/29/2024 7:00:00 AM,6/29/2024 3:00:00 AM,SERC,WEST,EKPC,EKPC,1540.099,True
6/29/2024 8:00:00 AM,6/29/2024 4:00:00 AM,SERC,WEST,EKPC,EKPC,1474.306,True
6/29/2024 9:00:00 AM,6/29/2024 5:00:00 AM,SERC,WEST,EKPC,EKPC,1478.008,True
6/29/2024 10:00:00 AM,6/29/2024 6:00:00 AM,SERC,WEST,EKPC,EKPC,1481.602,True
6/29/2024 11:00:00 AM,6/29/2024 7:00:00 AM,SERC,WEST,EKPC,EKPC,1532.696,True
6/29/2024 12:00:00 PM,6/29/2024 8:00:00 AM,SERC,WEST,EKPC,EKPC,1604.150,True
6/29/2024 1:00:00 PM,6/29/2024 9:00:00 AM,SERC,WEST,EKPC,EKPC,1851.328,True
6/29/2024 2:00:00 PM,6/29/2024 10:00:00 AM,SERC,WEST,EKPC,EKPC,2020.173,True
6/29/2024 3:00:00 PM,6/29/2024 11:00:00 AM,SERC,WEST,EKPC,EKPC,2114.288,True
6/29/2024 4:00:00 PM,6/29/2024 12:00:00 PM,SERC,WEST,EKPC,EKPC,2226.046,True
6/29/2024 5:00:00 PM,6/29/2024 1:00:00 PM,SERC,WEST,EKPC,EKPC,2330.656,True
6/29/2024 6:00:00 PM,6/29/2024 2:00:00 PM,SERC,WEST,EKPC,EKPC,2342.379,True
6/29/2024 7:00:00 PM,6/29/2024 3:00:00 PM,SERC,WEST,EKPC,EKPC,2426.731,True
6/29/2024 8:00:00 PM,6/29/2024 4:00:00 PM,SERC,WEST,EKPC,EKPC,2354.508,True
6/29/2024 9:00:00 PM,6/29/2024 5:00:00 PM,SERC,WEST,EKPC,EKPC,2424.761,True
6/29/2024 10:00:00 PM,6/29/2024 6:00:00 PM,SERC,WEST,EKPC,EKPC,2383.007,True
6/29/2024 11:00:00 PM,6/29/2024 7:00:00 PM,SERC,WEST,EKPC,EKPC,2337.167,True
6/30/2024 12:00:00 AM,6/29/2024 8:00:00 PM,SERC,WEST,EKPC,EKPC,2215.938,True
6/30/2024 1:00:00 AM,6/29/2024 9:00:00 PM,SERC,WEST,EKPC,EKPC,2043.653,True
6/30/2024 2:00:00 AM,6/29/2024 10:00:00 PM,SERC,WEST,EKPC,EKPC,1924.837,True
6/30/2024 3:00:00 AM,6/29/2024 11:00:00 PM,SERC,WEST,EKPC,EKPC,1938.323,True
6/30/2024 4:00:00 AM,6/30/2024 12:00:00 AM,SERC,WEST,EKPC,EKPC,1800.983,True
6/30/2024 5:00:00 AM,6/30/2024 1:00:00 AM,SERC,WEST,EKPC,EKPC,1667.294,True
6/30/2024 6:00:00 AM,6/30/2024 2:00:00 AM,SERC,WEST,EKPC,EKPC,1580.646,True
6/30/2024 7:00:00 AM,6/30/2024 3:00:00 AM,SERC,WEST,EKPC,EKPC,1469.915,True
6/30/2024 8:00:00 AM,6/30/2024 4:00:00 AM,SERC,WEST,EKPC,EKPC,1510.126,True
6/30/2024 9:00:00 AM,6/30/2024 5:00:00 AM,SERC,WEST,EKPC,EKPC,1439.307,True
6/30/2024 10:00:00 AM,6/30/2024 6:00:00 AM,SERC,WEST,EKPC,EKPC,1301.730,True
6/30/2024 11:00:00 AM,6/30/2024 7:00:00 AM,SERC,WEST,EKPC,EKPC,1440.581,True
6/30/2024 12:00:00 PM,6/30/2024 8:00:00 AM,SERC,WEST,EKPC,EKPC,1489.780,True
6/30/2024 1:00:00 PM,6/30/2024 9:00:00 AM,SERC,WEST,EKPC,EKPC,1718.152,True
6/30/2024 2:00:00 PM,6/30/2024 10:00:00 AM,SERC,WEST,EKPC,EKPC,1929.655,True
6/30/2024 3:00:00 PM,6/30/2024 11:00:00 AM,SERC,WEST,EKPC,EKPC,2031.066,True
6/30/2024 4:00:00 PM,6/30/2024 12:00:00 PM,SERC,WEST,EKPC,EKPC,1992.669,True
6/30/2024 5:00:00 PM,6/30/2024 1:00:00 PM,SERC,WEST,EKPC,EKPC,2059.538,True
6/30/2024 6:00:00 PM,6/30/2024 2:00:00 PM,SERC,WEST,EKPC,EKPC,2145.019,True
6/30/2024 7:00:00 PM,6/30/2024 3:00:00 PM,SERC,WEST,EKPC,EKPC,2118.518,True
6/30/2024 8:00:00 PM,6/30/2024 4:00:00 PM,SERC,WEST,EKPC,EKPC,2129.666,True
6/30/2024 9:00:00 PM,6/30/2024 5:00:00 PM,SERC,WEST,EKPC,EKPC,2214.128,True
6/30/2024 10:00:00 PM,6/30/2024 6:00:00 PM,SERC,WEST,EKPC,EKPC,2226.016,True
6/30/2024 11:00:00 PM,6/30/2024 7:00:00 PM,SERC,WEST,EKPC,EKPC,2181.569,True
7/1/2024 12:00:00 AM,6/30/2024 8:00:00 PM,SERC,WEST,EKPC,EKPC,2063.231,True
7/1/2024 1:00:00 AM,6/30/2024 9:00:00 PM,SERC,WEST,EKPC,EKPC,1897.153,True
7/1/2024 2:00:00 AM,6/30/2024 10:00:00 PM,SERC,WEST,EKPC,EKPC,1647.625,True
7/1/2024 3:00:00 AM,6/30/2024 11:00:00 PM,SERC,WEST,EKPC,EKPC,1553.129,True
7/1/2024 4:00:00 AM,7/1/2024 12:00:00 AM,SERC,WEST,EKPC,EKPC,1414.214,True
7/1/2024 5:00:00 AM,7/1/2024 1:00:00 AM,SERC,WEST,EKPC,EKPC,1364.921,True
7/1/2024 6:00:00 AM,7/1/2024 2:00:00 AM,SERC,WEST,EKPC,EKPC,1261.414,True
7/1/2024 7:00:00 AM,7/1/2024 3:00:00 AM,SERC,WEST,EKPC,EKPC,1205.956,True
7/1/2024 8:00:00 AM,7/1/2024 4:00:00 AM,SERC,WEST,EKPC,EKPC,1207.840,True
7/1/2024 9:00:00 AM,7/1/2024 5:00:00 AM,SERC,WEST,EKPC,EKPC,1203.264,True
7/1/2024 10:00:00 AM,7/1/2024 6:00:00 AM,SERC,WEST,EKPC,EKPC,1267.320,True
7/1/2024 11:00:00 AM,7/1/2024 7:00:00 AM,SERC,WEST,EKPC,EKPC,1279.466,True
7/1/2024 12:00:00 PM,7/1/2024 8:00:00 AM,SERC,WEST,EKPC,EKPC,1413.217,True
7/1/2024 1:00:00 PM,7/1/2024 9:00:00 AM,SERC,WEST,EKPC,EKPC,1373.551,True
7/1/2024 2:00:00 PM,7/1/2024 10:00:00 AM,SERC,WEST,EKPC,EKPC,1388.040,True
7/1/2024 3:00:00 PM,7/1/2024 11:00:00 AM,SERC,WEST,EKPC,EKPC,1506.843,True
7/1/2024 4:00:00 PM,7/1/2024 12:00:00 PM,SERC,WEST,EKPC,EKPC,1568.150,True
7/1/2024 5:00:00 PM,7/1/2024 1:00:00 PM,SERC,WEST,EKPC,EKPC,1652.267,True
7/1/2024 6:00:00 PM,7/1/2024 2:00:00 PM,SERC,WEST,EKPC,EKPC,1718.098,True
7/1/2024 7:00:00 PM,7/1/2024 3:00:00 PM,SERC,WEST,EKPC,EKPC,1724.914,True
7/1/2024 8:00:00 PM,7/1/2024 4:00:00 PM,SERC,WEST,EKPC,EKPC,1815.907,True
7/1/2024 9:00:00 PM,7/1/2024 5:00:00 PM,SERC,WEST,EKPC,EKPC,1866.732,True
7/1/2024 10:00:00 PM,7/1/2024 6:00:00 PM,SERC,WEST,EKPC,EKPC,1879.742,True
7/1/2024 11:00:00 PM,7/1/2024 7:00:00 PM,SERC,WEST,EKPC,EKPC,1818.823,True
7/2/2024 12:00:00 AM,7/1/2024 8:00:00 PM,SERC,WEST,EKPC,EKPC,1715.834,True
7/2/2024 1:00:00 AM,7/1/2024 9:00:00 PM,SERC,WEST,EKPC,EKPC,1627.720,True
7/2/2024 2:00:00 AM,7/1/2024 10:00:00 PM,SERC,WEST,EKPC,EKPC,1516.150,True
7/2/2024 3:00:00 AM,7/1/2024 11:00:00 PM,SERC,WEST,EKPC,EKPC,1355.100,True
7/2/2024 4:00:00 AM,7/2/2024 12:00:00 AM,SERC,WEST,EKPC,EKPC,1238.732,True
7/2/2024 5:00:00 AM,7/2/2024 1:00:00 AM,SERC,WEST,EKPC,EKPC,1069.027,True
7/2/2024 6:00:00 AM,7/2/2024 2:00:00 AM,SERC,WEST,EKPC,EKPC,1024.971,True
7/2/2024 7:00:00 AM,7/2/2024 3:00:00 AM,SERC,WEST,EKPC,EKPC,1002.480,True
7/2/2024 8:00:00 AM,7/2/2024 4:00:00 AM,SERC,WEST,EKPC,EKPC,997.996,True
7/2/2024 9:00:00 AM,7/2/2024 5:00:00 AM,SERC,WEST,EKPC,EKPC,1035.329,True
7/2/2024 10:00:00 AM,7/2/2024 6:00:00 AM,SERC,WEST,EKPC,EKPC,1150.828,True
7/2/2024 11:00:00 AM,7/2/2024 7:00:00 AM,SERC,WEST,EKPC,EKPC,1249.458,True
7/2/2024 12:00:00 PM,7/2/2024 8:00:00 AM,SERC,WEST,EKPC,EKPC,1296.072,True
7/2/2024 1:00:00 PM,7/2/2024 9:00:00 AM,SERC,WEST,EKPC,EKPC,1363.723,True
7/2/2024 2:00:00 PM,7/2/2024 10:00:00 AM,SERC,WEST,EKPC,EKPC,1519.226,True
7/2/2024 3:00:00 PM,7/2/2024 11:00:00 AM,SERC,WEST,EKPC,EKPC,1645.841,True
7/2/2024 4:00:00 PM,7/2/2024 12:00:00 PM,SERC,WEST,EKPC,EKPC,1746.893,True
7/2/2024 5:00:00 PM,7/2/2024 1:00:00 PM,SERC,WEST,EKPC,EKPC,1948.604,True
7/2/2024 6:00:00 PM,7/2/2024 2:00:00 PM,SERC,WEST,EKPC,EKPC,2103.973,True
7/2/2024 7:00:00 PM,7/2/2024 3:00:00 PM,SERC,WEST,EKPC,EKPC,2123.805,True
7/2/2024 8:00:00 PM,7/2/2024 4:00:00 PM,SERC,WEST,EKPC,EKPC,2314.123,True
7/2/2024 9:00:00 PM,7/2/2024 5:00:00 PM,SERC,WEST,EKPC,EKPC,2361.001,True
7/2/2024 10:00:00 PM,7/2/2024 6:00:00 PM,SERC,WEST,EKPC,EKPC,2363.562,True
7/2/2024 11:00:00 PM,7/2/2024 7:00:00 PM,SERC,WEST,EKPC,EKPC,2304.825,True
7/3/2024 12:00:00 AM,7/2/2024 8:00:00 PM,SERC,WEST,EKPC,EKPC,2165.675,True
7/3/2024 1:00:00 AM,7/2/2024 9:00:00 PM,SERC,WEST,EKPC,EKPC,1989.412,True
7/3/2024 2:00:00 AM,7/2/2024 10:00:00 PM,SERC,WEST,EKPC,EKPC,1943.582,True
7/3/2024 3:00:00 AM,7/2/2024 11:00:00 PM,SERC,WEST,EKPC,EKPC,1816.259,True
7/3/2024 4:00:00 AM,7/3/2024 12:00:00 AM,SERC,WEST,EKPC,EKPC,1668.705,True
7/3/2024 5:00:00 AM,7/3/2024 1:00:00 AM,SERC,WEST,EKPC,EKPC,1554.342,True
7/3/2024 6:00:00 AM,7/3/2024 2:00:00 AM,SERC,WEST,EKPC,EKPC,1512.667,True
7/3/2024 7:00:00 AM,7/3/2024 3:00:00 AM,SERC,WEST,EKPC,EKPC,1424.355,True
7/3/2024 8:00:00 AM,7/3/2024 4:00:00 AM,SERC,WEST,EKPC,EKPC,1434.379,True
7/3/2024 9:00:00 AM,7/3/2024 5:00:00 AM,SERC,WEST,EKPC,EKPC,1433.522,True
7/3/2024 10:00:00 AM,7/3/2024 6:00:00 AM,SERC,WEST,EKPC,EKPC,1460.545,True
7/3/2024 11:00:00 AM,7/3/2024 7:00:00 AM,SERC,WEST,EKPC,EKPC,1551.985,True
7/3/2024 12:00:00 PM,7/3/2024 8:00:00 AM,SERC,WEST,EKPC,EKPC,1635.343,True
7/3/2024 1:00:00 PM,7/3/2024 9:00:00 AM,SERC,WEST,EKPC,EKPC,1797.288,True
7/3/2024 2:00:00 PM,7/3/2024 10:00:00 AM,SERC,WEST,EKPC,EKPC,1832.763,True
7/3/2024 3:00:00 PM,7/3/2024 11:00:00 AM,SERC,WEST,EKPC,EKPC,1937.616,True
7/3/2024 4:00:00 PM,7/3/2024 12:00:00 PM,SERC,WEST,EKPC,EKPC,2124.949,True
7/3/2024 5:00:00 PM,7/3/2024 1:00:00 PM,SERC,WEST,EKPC,EKPC,2227.068,True
7/3/2024 6:00:00 PM,7/3/2024 2:00:00 PM,SERC,WEST,EKPC,EKPC,2329.394,True
7/3/2024 7:00:00 PM,7/3/2024 3:00:00 PM,SERC,WEST,EKPC,EKPC,2345.763,True
7/3/2024 8:00:00 PM,7/3/2024 4:00:00 PM,SERC,WEST,EKPC,EKPC,2357.996,True
7/3/2024 9:00:00 PM,7/3/2024 5:00:00 PM,SERC,WEST,EKPC,EKPC,2365.295,True
7/3/2024 10:00:00 PM,7/3/2024 6:00:00 PM,SERC,WEST,EKPC,EKPC,2354.389,True
7/3/2024 11:00:00 PM,7/3/2024 7:00:00 PM,SERC,WEST,EKPC,EKPC,2296.861,True
7/4/2024 12:00:00 AM,7/3/2024 8:00:00 PM,SERC,WEST,EKPC,EKPC,2254.968,True
7/4/2024 1:00:00 AM,7/3/2024 9:00:00 PM,SERC,WEST,EKPC,EKPC,2159.192,True
7/4/2024 2:00:00 AM,7/3/2024 10:00:00 PM,SERC,WEST,EKPC,EKPC,1978.462,True
7/4/2024 3:00:00 AM,7/3/2024 11:00:00 PM,SERC,WEST,EKPC,EKPC,1858.086,True
7/4/2024 4:00:00 AM,7/4/2024 12:00:00 AM,SERC,WEST,EKPC,EKPC,1707.943,True
7/4/2024 5:00:00 AM,7/4/2024 1:00:00 AM,SERC,WEST,EKPC,EKPC,1598.570,True
7/4/2024 6:00:00 AM,7/4/2024 2:00:00 AM,SERC,WEST,EKPC,EKPC,1500.757,True
7/4/2024 7:00:00 AM,7/4/2024 3:00:00 AM,SERC,WEST,EKPC,EKPC,1448.513,True
7/4/2024 8:00:00 AM,7/4/2024 4:00:00 AM,SERC,WEST,EKPC,EKPC,1374.159,True
7/4/2024 9:00:00 AM,7/4/2024 5:00:00 AM,SERC,WEST,EKPC,EKPC,1396.090,True
7/4/2024 10:00:00 AM,7/4/2024 6:00:00 AM,SERC,WEST,EKPC,EKPC,1305.359,True
7/4/2024 11:00:00 AM,7/4/2024 7:00:00 AM,SERC,WEST,EKPC,EKPC,1337.216,True
7/4/2024 12:00:00 PM,7/4/2024 8:00:00 AM,SERC,WEST,EKPC,EKPC,1559.487,True
7/4/2024 1:00:00 PM,7/4/2024 9:00:00 AM,SERC,WEST,EKPC,EKPC,1732.406,True
7/4/2024 2:00:00 PM,7/4/2024 10:00:00 AM,SERC,WEST,EKPC,EKPC,1853.417,True
7/4/2024 3:00:00 PM,7/4/2024 11:00:00 AM,SERC,WEST,EKPC,EKPC,1914.564,True
7/4/2024 4:00:00 PM,7/4/2024 12:00:00 PM,SERC,WEST,EKPC,EKPC,2010.928,True
7/4/2024 5:00:00 PM,7/4/2024 1:00:00 PM,SERC,WEST,EKPC,EKPC,2078.514,True
7/4/2024 6:00:00 PM,7/4/2024 2:00:00 PM,SERC,WEST,EKPC,EKPC,2099.796,True
7/4/2024 7:00:00 PM,7/4/2024 3:00:00 PM,SERC,WEST,EKPC,EKPC,2072.819,True
7/4/2024 8:00:00 PM,7/4/2024 4:00:00 PM,SERC,WEST,EKPC,EKPC,2042.654,True
7/4/2024 9:00:00 PM,7/4/2024 5:00:00 PM,SERC,WEST,EKPC,EKPC,2044.629,True
7/4/2024 10:00:00 PM,7/4/2024 6:00:00 PM,SERC,WEST,EKPC,EKPC,2016.275,True
7/4/2024 11:00:00 PM,7/4/2024 7:00:00 PM,SERC,WEST,EKPC,EKPC,2019.051,True
7/5/2024 12:00:00 AM,7/4/2024 8:00:00 PM,SERC,WEST,EKPC,EKPC,1978.421,True
7/5/2024 1:00:00 AM,7/4/2024 9:00:00 PM,SERC,WEST,EKPC,EKPC,1849.166,True
7/5/2024 2:00:00 AM,7/4/2024 10:00:00 PM,SERC,WEST,EKPC,EKPC,1845.561,True
7/5/2024 3:00:00 AM,7/4/2024 11:00:00 PM,SERC,WEST,EKPC,EKPC,1786.076,True
7/5/2024 4:00:00 AM,7/5/2024 12:00:00 AM,SERC,WEST,EKPC,EKPC,1553.960,True
7/5/2024 5:00:00 AM,7/5/2024 1:00:00 AM,SERC,WEST,EKPC,EKPC,1523.588,True
7/5/2024 6:00:00 AM,7/5/2024 2:00:00 AM,SERC,WEST,EKPC,EKPC,1400.504,True
7/5/2024 7:00:00 AM,7/5/2024 3:00:00 AM,SERC,WEST,EKPC,EKPC,1359.486,True
7/5/2024 8:00:00 AM,7/5/2024 4:00:00 AM,SERC,WEST,EKPC,EKPC,1355.443,True
7/5/2024 9:00:00 AM,7/5/2024 5:00:00 AM,SERC,WEST,EKPC,EKPC,1406.589,True
7/5/2024 10:00:00 AM,7/5/2024 6:00:00 AM,SERC,WEST,EKPC,EKPC,1348.301,True
7/5/2024 11:00:00 AM,7/5/2024 7:00:00 AM,SERC,WEST,EKPC,EKPC,1295.493,True
7/5/2024 12:00:00 PM,7/5/2024 8:00:00 AM,SERC,WEST,EKPC,EKPC,1407.305,True
7/5/2024 1:00:00 PM,7/5/2024 9:00:00 AM,SERC,WEST,EKPC,EKPC,1540.092,True
7/5/2024 2:00:00 PM,7/5/2024 10:00:00 AM,SERC,WEST,EKPC,EKPC,1616.590,True
7/5/2024 3:00:00 PM,7/5/2024 11:00:00 AM,SERC,WEST,EKPC,EKPC,1776.147,True
7/5/2024 4:00:00 PM,7/5/2024 12:00:00 PM,SERC,WEST,EKPC,EKPC,1759.105,True
7/5/2024 5:00:00 PM,7/5/2024 1:00:00 PM,SERC,WEST,EKPC,EKPC,1848.338,True
7/5/2024 6:00:00 PM,7/5/2024 2:00:00 PM,SERC,WEST,EKPC,EKPC,1952.853,True
7/5/2024 7:00:00 PM,7/5/2024 3:00:00 PM,SERC,WEST,EKPC,EKPC,1967.624,True
7/5/2024 8:00:00 PM,7/5/2024 4:00:00 PM,SERC,WEST,EKPC,EKPC,2092.087,True
7/5/2024 9:00:00 PM,7/5/2024 5:00:00 PM,SERC,WEST,EKPC,EKPC,2150.850,True
7/5/2024 10:00:00 PM,7/5/2024 6:00:00 PM,SERC,WEST,EKPC,EKPC,2048.242,True
7/5/2024 11:00:00 PM,7/5/2024 7:00:00 PM,SERC,WEST,EKPC,EKPC,2075.115,True
7/6/2024 12:00:00 AM,7/5/2024 8:00:00 PM,SERC,WEST,EKPC,EKPC,1947.652,True
7/6/2024 1:00:00 AM,7/5/2024 9:00:00 PM,SERC,WEST,EKPC,EKPC,1939.168,True
7/6/2024 2:00:00 AM,7/5/2024 10:00:00 PM,SERC,WEST,EKPC,EKPC,1840.087,True
7/6/2024 3:00:00 AM,7/5/2024 11:00:00 PM,SERC,WEST,EKPC,EKPC,1691.106,True
7/6/2024 4:00:00 AM,7/6/2024 12:00:00 AM,SERC,WEST,EKPC,EKPC,1532.881,True
7/6/2024 5:00:00 AM,7/6/2024 1:00:00 AM,SERC,WEST,EKPC,EKPC,1421.854,True
7/6/2024 6:00:00 AM,7/6/2024 2:00:00 AM,SERC,WEST,EKPC,EKPC,1298.043,True
7/6/2024 7:00:00 AM,7/6/2024 3:00:00 AM,SERC,WEST,EKPC,EKPC,1279.960,True
7/6/2024 8:00:00 AM,7/6/2024 4:00:00 AM,SERC,WEST,EKPC,EKPC,1206.215,True
7/6/2024 9:00:00 AM,7/6/2024 5:00:00 AM,SERC,WEST,EKPC,EKPC,1221.771,True
7/6/2024 10:00:00 AM,7/6/2024 6:00:00 AM,SERC,WEST,EKPC,EKPC,1225.405,True
7/6/2024 11:00:00 AM,7/6/2024 7:00:00 AM,SERC,WEST,EKPC,EKPC,1266.297,True
7/6/2024 12:00:00 PM,7/6/2024 8:00:00 AM,SERC,WEST,EKPC,EKPC,1266.989,True
7/6/2024 1:00:00 PM,7/6/2024 9:00:00 AM,SERC,WEST,EKPC,EKPC,1403.007,True
7/6/2024 2:00:00 PM,7/6/2024 10:00:00 AM,SERC,WEST,EKPC,EKPC,1570.044,True
7/6/2024 3:00:00 PM,7/6/2024 11:00:00 AM,SERC,WEST,EKPC,EKPC,1825.417,True
7/6/2024 4:00:00 PM,7/6/2024 12:00:00 PM,SERC,WEST,EKPC,EKPC,1947.606,True
7/6/2024 5:00:00 PM,7/6/2024 1:00:00 PM,SERC,WEST,EKPC,EKPC,1933.118,True
7/6/2024 6:00:00 PM,7/6/2024 2:00:00 PM,SERC,WEST,EKPC,EKPC,2004.808,True
7/6/2024 7:00:00 PM,7/6/2024 3:00:00 PM,SERC,WEST,EKPC,EKPC,2062.895,True
7/6/2024 8:00:00 PM,7/6/2024 4:00:00 PM,SERC,WEST,EKPC,EKPC,2151.576,True
7/6/2024 9:00:00 PM,7/6/2024 5:00:00 PM,SERC,WEST,EKPC,EKPC,2154.229,True
7/6/2024 10:00:00 PM,7/6/2024 6:00:00 PM,SERC,WEST,EKPC,EKPC,2129.964,True
7/6/2024 11:00:00 PM,7/6/2024 7:00:00 PM,SERC,WEST,EKPC,EKPC,2082.814,True
7/7/2024 12:00:00 AM,7/6/2024 8:00:00 PM,SERC,WEST,EKPC,EKPC,1963.072,True
7/7/2024 1:00:00 AM,7/6/2024 9:00:00 PM,SERC,WEST,EKPC,EKPC,1797.004,True
7/7/2024 2:00:00 AM,7/6/2024 10:00:00 PM,SERC,WEST,EKPC,EKPC,1658.030,True
7/7/2024 3:00:00 AM,7/6/2024 11:00:00 PM,SERC,WEST,EKPC,EKPC,1514.741,True
7/7/2024 4:00:00 AM,7/7/2024 12:00:00 AM,SERC,WEST,EKPC,EKPC,1366.570,True
7/7/2024 5:00:00 AM,7/7/2024 1:00:00 AM,SERC,WEST,EKPC,EKPC,1168.714,True
7/7/2024 6:00:00 AM,7/7/2024 2:00:00 AM,SERC,WEST,EKPC,EKPC,1199.267,True
7/7/2024 7:00:00 AM,7/7/2024 3:00:00 AM,SERC,WEST,EKPC,EKPC,1220.031,True
7/7/2024 8:00:00 AM,7/7/2024 4:00:00 AM,SERC,WEST,EKPC,EKPC,1189.331,True
7/7/2024 9:00:00 AM,7/7/2024 5:00:00 AM,SERC,WEST,EKPC,EKPC,1177.804,True
7/7/2024 10:00:00 AM,7/7/2024 6:00:00 AM,SERC,WEST,EKPC,EKPC,1173.560,True
7/7/2024 11:00:00 AM,7/7/2024 7:00:00 AM,SERC,WEST,EKPC,EKPC,1227.125,True
7/7/2024 12:00:00 PM,7/7/2024 8:00:00 AM,SERC,WEST,EKPC,EKPC,1347.507,True
7/7/2024 1:00:00 PM,7/7/2024 9:00:00 AM,SERC,WEST,EKPC,EKPC,1500.219,True
7/7/2024 2:00:00 PM,7/7/2024 10:00:00 AM,SERC,WEST,EKPC,EKPC,1616.532,True
7/7/2024 3:00:00 PM,7/7/2024 11:00:00 AM,SERC,WEST,EKPC,EKPC,1780.903,True
7/7/2024 4:00:00 PM,7/7/2024 12:00:00 PM,SERC,WEST,EKPC,EKPC,1866.365,True
7/7/2024 5:00:00 PM,7/7/2024 1:00:00 PM,SERC,WEST,EKPC,EKPC,1933.062,True
7/7/2024 6:00:00 PM,7/7/2024 2:00:00 PM,SERC,WEST,EKPC,EKPC,2013.647,True
7/7/2024 7:00:00 PM,7/7/2024 3:00:00 PM,SERC,WEST,EKPC,EKPC,2111.731,True
7/7/2024 8:00:00 PM,7/7/2024 4:00:00 PM,SERC,WEST,EKPC,EKPC,2173.590,True
7/7/2024 9:00:00 PM,7/7/2024 5:00:00 PM,SERC,WEST,EKPC,EKPC,2292.677,True
7/7/2024 10:00:00 PM,7/7/2024 6:00:00 PM,SERC,WEST,EKPC,EKPC,2290.704,True
7/7/2024 11:00:00 PM,7/7/2024 7:00:00 PM,SERC,WEST,EKPC,EKPC,2240.022,True
7/8/2024 12:00:00 AM,7/7/2024 8:00:00 PM,SERC,WEST,EKPC,EKPC,2099.755,True
7/8/2024 1:00:00 AM,7/7/2024 9:00:00 PM,SERC,WEST,EKPC,EKPC,2016.288,True
7/8/2024 2:00:00 AM,7/7/2024 10:00:00 PM,SERC,WEST,EKPC,EKPC,1859.869,True
7/8/2024 3:00:00 AM,7/7/2024 11:00:00 PM,SERC,WEST,EKPC,EKPC,1649.201,True
7/8/2024 4:00:00 AM,7/8/2024 12:00:00 AM,SERC,WEST,EKPC,EKPC,1494.846,True
7/8/2024 5:00:00 AM,7/8/2024 1:00:00 AM,SERC,WEST,EKPC,EKPC,1408.916,True
7/8/2024 6:00:00 AM,7/8/2024 2:00:00 AM,SERC,WEST,EKPC,EKPC,1325.703,True
7/8/2024 7:00:00 AM,7/8/2024 3:00:00 AM,SERC,WEST,EKPC,EKPC,1286.233,True
7/8/2024 8:00:00 AM,7/8/2024 4:00:00 AM,SERC,WEST,EKPC,EKPC,1263.253,True
7/8/2024 9:00:00 AM,7/8/2024 5:00:00 AM,SERC,WEST,EKPC,EKPC,1323.319,True
7/8/2024 10:00:00 AM,7/8/2024 6:00:00 AM,SERC,WEST,EKPC,EKPC,1403.124,True
7/8/2024 11:00:00 AM,7/8/2024 7:00:00 AM,SERC,WEST,EKPC,EKPC,1410.237,True
7/8/2024 12:00:00 PM,7/8/2024 8:00:00 AM,SERC,WEST,EKPC,EKPC,1464.919,True
7/8/2024 1:00:00 PM,7/8/2024 9:00:00 AM,SERC,WEST,EKPC,EKPC,1601.260,True
7/8/2024 2:00:00 PM,7/8/2024 10:00:00 AM,SERC,WEST,EKPC,EKPC,1725.468,True
7/8/2024 3:00:00 PM,7/8/2024 11:00:00 AM,SERC,WEST,EKPC,EKPC,1796.142,True
7/8/2024 4:00:00 PM,7/8/2024 12:00:00 PM,SERC,WEST,EKPC,EKPC,2049.505,True
7/8/2024 5:00:00 PM,7/8/2024 1:00:00 PM,SERC,WEST,EKPC,EKPC,2148.297,True
7/8/2024 6:00:00 PM,7/8/2024 2:00:00 PM,SERC,WEST,EKPC,EKPC,2269.423,True
7/8/2024 7:00:00 PM,7/8/2024 3:00:00 PM,SERC,WEST,EKPC,EKPC,2323.881,True
7/8/2024 8:00:00 PM,7/8/2024 4:00:00 PM,SERC,WEST,EKPC,EKPC,2382.716,True
7/8/2024 9:00:00 PM,7/8/2024 5:00:00 PM,SERC,WEST,EKPC,EKPC,2424.987,True
7/8/2024 10:00:00 PM,7/8/2024 6:00:00 PM,SERC,WEST,EKPC,EKPC,2400.293,True
7/8/2024 11:00:00 PM,7/8/2024 7:00:00 PM,SERC,WEST,EKPC,EKPC,2337.409,True
7/9/2024 12:00:00 AM,7/8/2024 8:00:00 PM,SERC,WEST,EKPC,EKPC,2228.370,True
7/9/2024 1:00:00 AM,7/8/2024 9:00:00 PM,SERC,WEST,EKPC,EKPC,2223.524,True
7/9/2024 2:00:00 AM,7/8/2024 10:00:00 PM,SERC,WEST,EKPC,EKPC,1971.637,True
7/9/2024 3:00:00 AM,7/8/2024 11:00:00 PM,SERC,WEST,EKPC,EKPC,1878.870,True
7/9/2024 4:00:00 AM,7/9/2024 12:00:00 AM,SERC,WEST,EKPC,EKPC,1661.605,True
7/9/2024 5:00:00 AM,7/9/2024 1:00:00 AM,SERC,WEST,EKPC,EKPC,1599.185,True
7/9/2024 6:00:00 AM,7/9/2024 2:00:00 AM,SERC,WEST,EKPC,EKPC,1437.511,True
7/9/2024 7:00:00 AM,7/9/2024 3:00:00 AM,SERC,WEST,EKPC,EKPC,1388.183,True
7/9/2024 8:00:00 AM,7/9/2024 4:00:00 AM,SERC,WEST,EKPC,EKPC,1417.641,True
7/9/2024 9:00:00 AM,7/9/2024 5:00:00 AM,SERC,WEST,EKPC,EKPC,1423.778,True
7/9/2024 10:00:00 AM,7/9/2024 6:00:00 AM,SERC,WEST,EKPC,EKPC,1519.796,True
7/9/2024 11:00:00 AM,7/9/2024 7:00:00 AM,SERC,WEST,EKPC,EKPC,1545.623,True
7/9/2024 12:00:00 PM,7/9/2024 8:00:00 AM,SERC,WEST,EKPC,EKPC,1645.754,True
7/9/2024 1:00:00 PM,7/9/2024 9:00:00 AM,SERC,WEST,EKPC,EKPC,1663.538,True
7/9/2024 2:00:00 PM,7/9/2024 10:00:00 AM,SERC,WEST,EKPC,EKPC,1756.378,True
7/9/2024 3:00:00 PM,7/9/2024 11:00:00 AM,SERC,WEST,EKPC,EKPC,1885.867,True
7/9/2024 4:00:00 PM,7/9/2024 12:00:00 PM,SERC,WEST,EKPC,EKPC,2001.885,True
7/9/2024 5:00:00 PM,7/9/2024 1:00:00 PM,SERC,WEST,EKPC,EKPC,2082.214,True
7/9/2024 6:00:00 PM,7/9/2024 2:00:00 PM,SERC,WEST,EKPC,EKPC,2118.346,True
7/9/2024 7:00:00 PM,7/9/2024 3:00:00 PM,SERC,WEST,EKPC,EKPC,2173.129,True
7/9/2024 8:00:00 PM,7/9/2024 4:00:00 PM,SERC,WEST,EKPC,EKPC,2213.809,True
7/9/2024 9:00:00 PM,7/9/2024 5:00:00 PM,SERC,WEST,EKPC,EKPC,2247.890,True
7/9/2024 10:00:00 PM,7/9/2024 6:00:00 PM,SERC,WEST,EKPC,EKPC,2237.637,True
7/9/2024 11:00:00 PM,7/9/2024 7:00:00 PM,SERC,WEST,EKPC,EKPC,2205.946,True
7/10/2024 12:00:00 AM,7/9/2024 8:00:00 PM,SERC,WEST,EKPC,EKPC,2106.005,True
7/10/2024 1:00:00 AM,7/9/2024 9:00:00 PM,SERC,WEST,EKPC,EKPC,2095.537,True
7/10/2024 2:00:00 AM,7/9/2024 10:00:00 PM,SERC,WEST,EKPC,EKPC,1967.594,True
7/10/2024 3:00:00 AM,7/9/2024 11:00:00 PM,SERC,WEST,EKPC,EKPC,1815.032,True
7/10/2024 4:00:00 AM,7/10/2024 12:00:00 AM,SERC,WEST,EKPC,EKPC,1743.069,True
7/10/2024 5:00:00 AM,7/10/2024 1:00:00 AM,SERC,WEST,EKPC,EKPC,1617.378,True
7/10/2024 6:00:00 AM,7/10/2024 2:00:00 AM,SERC,WEST,EKPC,EKPC,1516.206,True
7/10/2024 7:00:00 AM,7/10/2024 3:00:00 AM,SERC,WEST,EKPC,EKPC,1455.528,True
7/10/2024 8:00:00 AM,7/10/2024 4:00:00 AM,SERC,WEST,EKPC,EKPC,1339.164,True
7/10/2024 9:00:00 AM,7/10/2024 5:00:00 AM,SERC,WEST,EKPC,EKPC,1402.933,True
7/10/2024 10:00:00 AM,7/10/2024 6:00:00 AM,SERC,WEST,EKPC,EKPC,1447.861,True
7/10/2024 11:00:00 AM,7/10/2024 7:00:00 AM,SERC,WEST,EKPC,EKPC,1469.841,True
7/10/2024 12:00:00 PM,7/10/2024 8:00:00 AM,SERC,WEST,EKPC,EKPC,1437.827,True
7/10/2024 1:00:00 PM,7/10/2024 9:00:00 AM,SERC,WEST,EKPC,EKPC,1444.493,True
7/10/2024 2:00:00 PM,7/10/2024 10:00:00 AM,SERC,WEST,EKPC,EKPC,1496.117,True
7/10/2024 3:00:00 PM,7/10/2024 11:00:00 AM,SERC,WEST,EKPC,EKPC,1521.163,True
7/10/2024 4:00:00 PM,7/10/2024 12:00:00 PM,SERC,WEST,EKPC,EKPC,1579.089,True
7/10/2024 5:00:00 PM,7/10/2024 1:00:00 PM,SERC,WEST,EKPC,EKPC,1665.716,True
7/10/2024 6:00:00 PM,7/10/2024 2:00:00 PM,SERC,WEST,EKPC,EKPC,1728.483,True
7/10/2024 7:00:00 PM,7/10/2024 3:00:00 PM,SERC,WEST,EKPC,EKPC,1766.762,True
7/10/2024 8:00:00 PM,7/10/2024 4:00:00 PM,SERC,WEST,EKPC,EKPC,1815.344,True
7/10/2024 9:00:00 PM,7/10/2024 5:00:00 PM,SERC,WEST,EKPC,EKPC,1897.853,True
7/10/2024 10:00:00 PM,7/10/2024 6:00:00 PM,SERC,WEST,EKPC,EKPC,1927.238,True
7/10/2024 11:00:00 PM,7/10/2024 7:00:00 PM,SERC,WEST,EKPC,EKPC,1878.565,True
7/11/2024 12:00:00 AM,7/10/2024 8:00:00 PM,SERC,WEST,EKPC,EKPC,1799.615,True
7/11/2024 1:00:00 AM,7/10/2024 9:00:00 PM,SERC,WEST,EKPC,EKPC,1717.454,True
7/11/2024 2:00:00 AM,7/10/2024 10:00:00 PM,SERC,WEST,EKPC,EKPC,1577.387,True
7/11/2024 3:00:00 AM,7/10/2024 11:00:00 PM,SERC,WEST,EKPC,EKPC,1413.145,True
7/11/2024 4:00:00 AM,7/11/2024 12:00:00 AM,SERC,WEST,EKPC,EKPC,1305.549,True
7/11/2024 5:00:00 AM,7/11/2024 1:00:00 AM,SERC,WEST,EKPC,EKPC,1244.246,True
7/11/2024 6:00:00 AM,7/11/2024 2:00:00 AM,SERC,WEST,EKPC,EKPC,1180.669,True
7/11/2024 7:00:00 AM,7/11/2024 3:00:00 AM,SERC,WEST,EKPC,EKPC,1218.982,True
7/11/2024 8:00:00 AM,7/11/2024 4:00:00 AM,SERC,WEST,EKPC,EKPC,1083.351,True
7/11/2024 9:00:00 AM,7/11/2024 5:00:00 AM,SERC,WEST,EKPC,EKPC,1101.483,True
7/11/2024 10:00:00 AM,7/11/2024 6:00:00 AM,SERC,WEST,EKPC,EKPC,1195.153,True
7/11/2024 11:00:00 AM,7/11/2024 7:00:00 AM,SERC,WEST,EKPC,EKPC,1376.135,True
7/11/2024 12:00:00 PM,7/11/2024 8:00:00 AM,SERC,WEST,EKPC,EKPC,1454.790,True
7/11/2024 1:00:00 PM,7/11/2024 9:00:00 AM,SERC,WEST,EKPC,EKPC,1599.028,True
7/11/2024 2:00:00 PM,7/11/2024 10:00:00 AM,SERC,WEST,EKPC,EKPC,1736.271,True
7/11/2024 3:00:00 PM,7/11/2024 11:00:00 AM,SERC,WEST,EKPC,EKPC,1904.650,True
7/11/2024 4:00:00 PM,7/11/2024 12:00:00 PM,SERC,WEST,EKPC,EKPC,2011.479,True
7/11/2024 5:00:00 PM,7/11/2024 1:00:00 PM,SERC,WEST,EKPC,EKPC,2091.106,True
7/11/2024 6:00:00 PM,7/11/2024 2:00:00 PM,SERC,WEST,EKPC,EKPC,2143.415,True
7/11/2024 7:00:00 PM,7/11/2024 3:00:00 PM,SERC,WEST,EKPC,EKPC,2206.229,True
7/11/2024 8:00:00 PM,7/11/2024 4:00:00 PM,SERC,WEST,EKPC,EKPC,2298.172,True
7/11/2024 9:00:00 PM,7/11/2024 5:00:00 PM,SERC,WEST,EKPC,EKPC,2354.432,True
7/11/2024 10:00:00 PM,7/11/2024 6:00:00 PM,SERC,WEST,EKPC,EKPC,2349.402,True
7/11/2024 11:00:00 PM,7/11/2024 7:00:00 PM,SERC,WEST,EKPC,EKPC,2283.629,True
7/12/2024 12:00:00 AM,7/11/2024 8:00:00 PM,SERC,WEST,EKPC,EKPC,2126.955,True
7/12/2024 1:00:00 AM,7/11/2024 9:00:00 PM,SERC,WEST,EKPC,EKPC,1973.805,True
7/12/2024 2:00:00 AM,7/11/2024 10:00:00 PM,SERC,WEST,EKPC,EKPC,1794.983,True
7/12/2024 3:00:00 AM,7/11/2024 11:00:00 PM,SERC,WEST,EKPC,EKPC,1606.932,True
7/12/2024 4:00:00 AM,7/12/2024 12:00:00 AM,SERC,WEST,EKPC,EKPC,1479.533,True
7/12/2024 5:00:00 AM,7/12/2024 1:00:00 AM,SERC,WEST,EKPC,EKPC,1310.933,True
7/12/2024 6:00:00 AM,7/12/2024 2:00:00 AM,SERC,WEST,EKPC,EKPC,1215.996,True
7/12/2024 7:00:00 AM,7/12/2024 3:00:00 AM,SERC,WEST,EKPC,EKPC,1204.642,True
7/12/2024 8:00:00 AM,7/12/2024 4:00:00 AM,SERC,WEST,EKPC,EKPC,1259.276,True
7/12/2024 9:00:00 AM,7/12/2024 5:00:00 AM,SERC,WEST,EKPC,EKPC,1276.884,True
7/12/2024 10:00:00 AM,7/12/2024 6:00:00 AM,SERC,WEST,EKPC,EKPC,1360.471,True
7/12/2024 11:00:00 AM,7/12/2024 7:00:00 AM,SERC,WEST,EKPC,EKPC,1302.935,True
7/12/2024 12:00:00 PM,7/12/2024 8:00:00 AM,SERC,WEST,EKPC,EKPC,1453.657,True
7/12/2024 1:00:00 PM,7/12/2024 9:00:00 AM,SERC,WEST,EKPC,EKPC,1549.775,True
7/12/2024 2:00:00 PM,7/12/2024 10:00:00 AM,SERC,WEST,EKPC,EKPC,1701.266,True
7/12/2024 3:00:00 PM,7/12/2024 11:00:00 AM,SERC,WEST,EKPC,EKPC,1955.184,True
7/12/2024 4:00:00 PM,7/12/2024 12:00:00 PM,SERC,WEST,EKPC,EKPC,2142.781,True
7/12/2024 5:00:00 PM,7/12/2024 1:00:00 PM,SERC,WEST,EKPC,EKPC,2251.188,True
7/12/2024 6:00:00 PM,7/12/2024 2:00:00 PM,SERC,WEST,EKPC,EKPC,2225.239,True
7/12/2024 7:00:00 PM,7/12/2024 3:00:00 PM,SERC,WEST,EKPC,EKPC,2308.289,True
7/12/2024 8:00:00 PM,7/12/2024 4:00:00 PM,SERC,WEST,EKPC,EKPC,2256.573,True
7/12/2024 9:00:00 PM,7/12/2024 5:00:00 PM,SERC,WEST,EKPC,EKPC,2324.875,True
7/12/2024 10:00:00 PM,7/12/2024 6:00:00 PM,SERC,WEST,EKPC,EKPC,2338.916,True
7/12/2024 11:00:00 PM,7/12/2024 7:00:00 PM,SERC,WEST,EKPC,EKPC,2199.856,True
7/13/2024 12:00:00 AM,7/12/2024 8:00:00 PM,SERC,WEST,EKPC,EKPC,2104.527,True
7/13/2024 1:00:00 AM,7/12/2024 9:00:00 PM,SERC,WEST,EKPC,EKPC,2015.861,True
7/13/2024 2:00:00 AM,7/12/2024 10:00:00 PM,SERC,WEST,EKPC,EKPC,1872.373,True
7/13/2024 3:00:00 AM,7/12/2024 11:00:00 PM,SERC,WEST,EKPC,EKPC,1697.871,True
7/13/2024 4:00:00 AM,7/13/2024 12:00:00 AM,SERC,WEST,EKPC,EKPC,1558.665,True
7/13/2024 5:00:00 AM,7/13/2024 1:00:00 AM,SERC,WEST,EKPC,EKPC,1489.171,True
7/13/2024 6:00:00 AM,7/13/2024 2:00:00 AM,SERC,WEST,EKPC,EKPC,1363.793,True
7/13/2024 7:00:00 AM,7/13/2024 3:00:00 AM,SERC,WEST,EKPC,EKPC,1313.010,True
7/13/2024 8:00:00 AM,7/13/2024 4:00:00 AM,SERC,WEST,EKPC,EKPC,1164.387,True
7/13/2024 9:00:00 AM,7/13/2024 5:00:00 AM,SERC,WEST,EKPC,EKPC,1242.129,True
7/13/2024 10:00:00 AM,7/13/2024 6:00:00 AM,SERC,WEST,EKPC,EKPC,1230.935,True
7/13/2024 11:00:00 AM,7/13/2024 7:00:00 AM,SERC,WEST,EKPC,EKPC,1285.678,True
7/13/2024 12:00:00 PM,7/13/2024 8:00:00 AM,SERC,WEST,EKPC,EKPC,1411.866,True
7/13/2024 1:00:00 PM,7/13/2024 9:00:00 AM,SERC,WEST,EKPC,EKPC,1662.198,True
7/13/2024 2:00:00 PM,7/13/2024 10:00:00 AM,SERC,WEST,EKPC,EKPC,1889.208,True
7/13/2024 3:00:00 PM,7/13/2024 11:00:00 AM,SERC,WEST,EKPC,EKPC,1932.603,True
7/13/2024 4:00:00 PM,7/13/2024 12:00:00 PM,SERC,WEST,EKPC,EKPC,2102.267,True
7/13/2024 5:00:00 PM,7/13/2024 1:00:00 PM,SERC,WEST,EKPC,EKPC,2083.593,True
7/13/2024 6:00:00 PM,7/13/2024 2:00:00 PM,SERC,WEST,EKPC,EKPC,2276.930,True
7/13/2024 7:00:00 PM,7/13/2024 3:00:00 PM,SERC,WEST,EKPC,EKPC,2408.253,True
7/13/2024 8:00:00 PM,7/13/2024 4:00:00 PM,SERC,WEST,EKPC,EKPC,2419.516,True
7/13/2024 9:00:00 PM,7/13/2024 5:00:00 PM,SERC,WEST,EKPC,EKPC,2409.549,True
7/13/2024 10:00:00 PM,7/13/2024 6:00:00 PM,SERC,WEST,EKPC,EKPC,2392.983,True
7/13/2024 11:00:00 PM,7/13/2024 7:00:00 PM,SERC,WEST,EKPC,EKPC,2281.915,True
7/14/2024 12:00:00 AM,7/13/2024 8:00:00 PM,SERC,WEST,EKPC,EKPC,2178.724,True
7/14/2024 1:00:00 AM,7/13/2024 9:00:00 PM,SERC,WEST,EKPC,EKPC,2050.325,True
7/14/2024 2:00:00 AM,7/13/2024 10:00:00 PM,SERC,WEST,EKPC,EKPC,1832.783,True
7/14/2024 3:00:00 AM,7/13/2024 11:00:00 PM,SERC,WEST,EKPC,EKPC,1733.378,True
7/14/2024 4:00:00 AM,7/14/2024 12:00:00 AM,SERC,WEST,EKPC,EKPC,1567.949,True
7/14/2024 5:00:00 AM,7/14/2024 1:00:00 AM,SERC,WEST,EKPC,EKPC,1405.504,True
7/14/2024 6:00:00 AM,7/14/2024 2:00:00 AM,SERC,WEST,EKPC,EKPC,1304.177,True
7/14/2024 7:00:00 AM,7/14/2024 3:00:00 AM,SERC,WEST,EKPC,EKPC,1196.218,True
7/14/2024 8:00:00 AM,7/14/2024 4:00:00 AM,SERC,WEST,EKPC,EKPC,1220.983,True
7/14/2024 9:00:00 AM,7/14/2024 5:00:00 AM,SERC,WEST,EKPC,EKPC,1185.873,True
7/14/2024 10:00:00 AM,7/14/2024 6:00:00 AM,SERC,WEST,EKPC,EKPC,1245.045,True
7/14/2024 11:00:00 AM,7/14/2024 7:00:00 AM,SERC,WEST,EKPC,EKPC,1304.281,True
7/14/2024 12:00:00 PM,7/14/2024 8:00:00 AM,SERC,WEST,EKPC,EKPC,1449.798,True
7/14/2024 1:00:00 PM,7/14/2024 9:00:00 AM,SERC,WEST,EKPC,EKPC,1639.120,True
7/14/2024 2:00:00 PM,7/14/2024 10:00:00 AM,SERC,WEST,EKPC,EKPC,1777.853,True
7/14/2024 3:00:00 PM,7/14/2024 11:00:00 AM,SERC,WEST,EKPC,EKPC,1938.440,True
7/14/2024 4:00:00 PM,7/14/2024 12:00:00 PM,SERC,WEST,EKPC,EKPC,2148.483,True
7/14/2024 5:00:00 PM,7/14/2024 1:00:00 PM,SERC,WEST,EKPC,EKPC,2146.580,True
7/14/2024 6:00:00 PM,7/14/2024 2:00:00 PM,SERC,WEST,EKPC,EKPC,2317.447,True
7/14/2024 7:00:00 PM,7/14/2024 3:00:00 PM,SERC,WEST,EKPC,EKPC,2249.370,True
7/14/2024 8:00:00 PM,7/14/2024 4:00:00 PM,SERC,WEST,EKPC,EKPC,2337.715,True
7/14/2024 9:00:00 PM,7/14/2024 5:00:00 PM,SERC,WEST,EKPC,EKPC,2281.933,True
7/14/2024 10:00:00 PM,7/14/2024 6:00:00 PM,SERC,WEST,EKPC,EKPC,2344.815,True
7/14/2024 11:00:00 PM,7/14/2024 7:00:00 PM,SERC,WEST,EKPC,EKPC,2301.151,True
7/15/2024 12:00:00 AM,7/14/2024 8:00:00 PM,SERC,WEST,EKPC,EKPC,2190.018,True
7/15/2024 1:00:00 AM,7/14/2024 9:00:00 PM,SERC,WEST,EKPC,EKPC,2113.925,True
7/15/2024 2:00:00 AM,7/14/2024 10:00:00 PM,SERC,WEST,EKPC,EKPC,1975.527,True
7/15/2024 3:00:00 AM,7/14/2024 11:00:00 PM,SERC,WEST,EKPC,EKPC,1812.774,True
7/15/2024 4:00:00 AM,7/15/2024 12:00:00 AM,SERC,WEST,EKPC,EKPC,1647.912,True
7/15/2024 5:00:00 AM,7/15/2024 1:00:00 AM,SERC,WEST,EKPC,EKPC,1527.650,True
7/15/2024 6:00:00 AM,7/15/2024 2:00:00 AM,SERC,WEST,EKPC,EKPC,1452.825,True
7/15/2024 7:00:00 AM,7/15/2024 3:00:00 AM,SERC,WEST,EKPC,EKPC,1351.863,True
7/15/2024 8:00:00 AM,7/15/2024 4:00:00 AM,SERC,WEST,EKPC,EKPC,1360.694,True
7/15/2024 9:00:00 AM,7/15/2024 5:00:00 AM,SERC,WEST,EKPC,EKPC,1376.571,True
7/15/2024 10:00:00 AM,7/15/2024 6:00:00 AM,SERC,WEST,EKPC,EKPC,1438.183,True
7/15/2024 11:00:00 AM,7/15/2024 7:00:00 AM,SERC,WEST,EKPC,EKPC,1520.924,True
7/15/2024 12:00:00 PM,7/15/2024 8:00:00 AM,SERC,WEST,EKPC,EKPC,1619.615,True
7/15/2024 1:00:00 PM,7/15/2024 9:00:00 AM,SERC,WEST,EKPC,EKPC,1728.887,True
7/15/2024 2:00:00 PM,7/15/2024 10:00:00 AM,SERC,WEST,EKPC,EKPC,1820.484,True
7/15/2024 3:00:00 PM,7/15/2024 11:00:00 AM,SERC,WEST,EKPC,EKPC,2005.625,True
7/15/2024 4:00:00 PM,7/15/2024 12:00:00 PM,SERC,WEST,EKPC,EKPC,2216.914,True
7/15/2024 5:00:00 PM,7/15/2024 1:00:00 PM,SERC,WEST,EKPC,EKPC,2366.136,True
7/15/2024 6:00:00 PM,7/15/2024 2:00:00 PM,SERC,WEST,EKPC,EKPC,2457.613,True
7/15/2024 7:00:00 PM,7/15/2024 3:00:00 PM,SERC,WEST,EKPC,EKPC,2479.970,True
7/15/2024 8:00:00 PM,7/15/2024 4:00:00 PM,SERC,WEST,EKPC,EKPC,2529.121,True
7/15/2024 9:00:00 PM,7/15/2024 5:00:00 PM,SERC,WEST,EKPC,EKPC,2563.362,True
7/15/2024 10:00:00 PM,7/15/2024 6:00:00 PM,SERC,WEST,EKPC,EKPC,2530.444,True
7/15/2024 11:00:00 PM,7/15/2024 7:00:00 PM,SERC,WEST,EKPC,EKPC,2348.113,True
7/16/2024 12:00:00 AM,7/15/2024 8:00:00 PM,SERC,WEST,EKPC,EKPC,2289.379,True
7/16/2024 1:00:00 AM,7/15/2024 9:00:00 PM,SERC,WEST,EKPC,EKPC,2245.909,True
7/16/2024 2:00:00 AM,7/15/2024 10:00:00 PM,SERC,WEST,EKPC,EKPC,2099.957,True
7/16/2024 3:00:00 AM,7/15/2024 11:00:00 PM,SERC,WEST,EKPC,EKPC,1943.670,True
7/16/2024 4:00:00 AM,7/16/2024 12:00:00 AM,SERC,WEST,EKPC,EKPC,1761.707,True
7/16/2024 5:00:00 AM,7/16/2024 1:00:00 AM,SERC,WEST,EKPC,EKPC,1643.015,True
7/16/2024 6:00:00 AM,7/16/2024 2:00:00 AM,SERC,WEST,EKPC,EKPC,1580.069,True
7/16/2024 7:00:00 AM,7/16/2024 3:00:00 AM,SERC,WEST,EKPC,EKPC,1500.637,True
7/16/2024 8:00:00 AM,7/16/2024 4:00:00 AM,SERC,WEST,EKPC,EKPC,1455.830,True
7/16/2024 9:00:00 AM,7/16/2024 5:00:00 AM,SERC,WEST,EKPC,EKPC,1457.002,True
7/16/2024 10:00:00 AM,7/16/2024 6:00:00 AM,SERC,WEST,EKPC,EKPC,1519.696,True
7/16/2024 11:00:00 AM,7/16/2024 7:00:00 AM,SERC,WEST,EKPC,EKPC,1577.841,True
7/16/2024 12:00:00 PM,7/16/2024 8:00:00 AM,SERC,WEST,EKPC,EKPC,1613.843,True
7/16/2024 1:00:00 PM,7/16/2024 9:00:00 AM,SERC,WEST,EKPC,EKPC,1664.132,True
7/16/2024 2:00:00 PM,7/16/2024 10:00:00 AM,SERC,WEST,EKPC,EKPC,1801.912,True
7/16/2024 3:00:00 PM,7/16/2024 11:00:00 AM,SERC,WEST,EKPC,EKPC,1967.437,True
7/16/2024 4:00:00 PM,7/16/2024 12:00:00 PM,SERC,WEST,EKPC,EKPC,2128.701,True
7/16/2024 5:00:00 PM,7/16/2024 1:00:00 PM,SERC,WEST,EKPC,EKPC,2208.749,True
7/16/2024 6:00:00 PM,7/16/2024 2:00:00 PM,SERC,WEST,EKPC,EKPC,2283.568,True
7/16/2024 7:00:00 PM,7/16/2024 3:00:00 PM,SERC,WEST,EKPC,EKPC,2275.320,True
7/16/2024 8:00:00 PM,7/16/2024 4:00:00 PM,SERC,WEST,EKPC,EKPC,2223.192,True
7/16/2024 9:00:00 PM,7/16/2024 5:00:00 PM,SERC,WEST,EKPC,EKPC,2201.446,True
7/16/2024 10:00:00 PM,7/16/2024 6:00:00 PM,SERC,WEST,EKPC,EKPC,2161.299,True
7/16/2024 11:00:00 PM,7/16/2024 7:00:00 PM,SERC,WEST,EKPC,EKPC,2092.820,True
7/17/2024 12:00:00 AM,7/16/2024 8:00:00 PM,SERC,WEST,EKPC,EKPC,1995.412,True
7/17/2024 1:00:00 AM,7/16/2024 9:00:00 PM,SERC,WEST,EKPC,EKPC,1960.331,True
7/17/2024 2:00:00 AM,7/16/2024 10:00:00 PM,SERC,WEST,EKPC,EKPC,1812.888,True
7/17/2024 3:00:00 AM,7/16/2024 11:00:00 PM,SERC,WEST,EKPC,EKPC,1623.083,True
7/17/2024 4:00:00 AM,7/17/2024 12:00:00 AM,SERC,WEST,EKPC,EKPC,1548.837,True
7/17/2024 5:00:00 AM,7/17/2024 1:00:00 AM,SERC,WEST,EKPC,EKPC,1383.272,True
7/17/2024 6:00:00 AM,7/17/2024 2:00:00 AM,SERC,WEST,EKPC,EKPC,1305.483,True
7/17/2024 7:00:00 AM,7/17/2024 3:00:00 AM,SERC,WEST,EKPC,EKPC,1265.460,True
7/17/2024 8:00:00 AM,7/17/2024 4:00:00 AM,SERC,WEST,EKPC,EKPC,1238.303,True
7/17/2024 9:00:00 AM,7/17/2024 5:00:00 AM,SERC,WEST,EKPC,EKPC,1285.601,True
7/17/2024 10:00:00 AM,7/17/2024 6:00:00 AM,SERC,WEST,EKPC,EKPC,1448.641,True
7/17/2024 11:00:00 AM,7/17/2024 7:00:00 AM,SERC,WEST,EKPC,EKPC,1502.403,True
7/17/2024 12:00:00 PM,7/17/2024 8:00:00 AM,SERC,WEST,EKPC,EKPC,1467.121,True
7/17/2024 1:00:00 PM,7/17/2024 9:00:00 AM,SERC,WEST,EKPC,EKPC,1503.861,True
7/17/2024 2:00:00 PM,7/17/2024 10:00:00 AM,SERC,WEST,EKPC,EKPC,1619.118,True
7/17/2024 3:00:00 PM,7/17/2024 11:00:00 AM,SERC,WEST,EKPC,EKPC,1728.901,True
7/17/2024 4:00:00 PM,7/17/2024 12:00:00 PM,SERC,WEST,EKPC,EKPC,1923.489,True
7/17/2024 5:00:00 PM,7/17/2024 1:00:00 PM,SERC,WEST,EKPC,EKPC,2035.903,True
7/17/2024 6:00:00 PM,7/17/2024 2:00:00 PM,SERC,WEST,EKPC,EKPC,2115.727,True
7/17/2024 7:00:00 PM,7/17/2024 3:00:00 PM,SERC,WEST,EKPC,EKPC,2169.382,True
7/17/2024 8:00:00 PM,7/17/2024 4:00:00 PM,SERC,WEST,EKPC,EKPC,2223.320,True
7/17/2024 9:00:00 PM,7/17/2024 5:00:00 PM,SERC,WEST,EKPC,EKPC,2162.346,True
7/17/2024 10:00:00 PM,7/17/2024 6:00:00 PM,SERC,WEST,EKPC,EKPC,2171.989,True
7/17/2024 11:00:00 PM,7/17/2024 7:00:00 PM,SERC,WEST,EKPC,EKPC,2108.104,True
7/18/2024 12:00:00 AM,7/17/2024 8:00:00 PM,SERC,WEST,EKPC,EKPC,1942.025,True
7/18/2024 1:00:00 AM,7/17/2024 9:00:00 PM,SERC,WEST,EKPC,EKPC,1886.810,True
7/18/2024 2:00:00 AM,7/17/2024 10:00:00 PM,SERC,WEST,EKPC,EKPC,1781.265,True
7/18/2024 3:00:00 AM,7/17/2024 11:00:00 PM,SERC,WEST,EKPC,EKPC,1704.446,True
7/18/2024 4:00:00 AM,7/18/2024 12:00:00 AM,SERC,WEST,EKPC,EKPC,1617.386,True
7/18/2024 5:00:00 AM,7/18/2024 1:00:00 AM,SERC,WEST,EKPC,EKPC,1513.684,True
7/18/2024 6:00:00 AM,7/18/2024 2:00:00 AM,SERC,WEST,EKPC,EKPC,1269.388,True
7/18/2024 7:00:00 AM,7/18/2024 3:00:00 AM,SERC,WEST,EKPC,EKPC,1248.034,True
7/18/2024 8:00:00 AM,7/18/2024 4:00:00 AM,SERC,WEST,EKPC,EKPC,1335.473,True
7/18/2024 9:00:00 AM,7/18/2024 5:00:00 AM,SERC,WEST,EKPC,EKPC,1340.037,True
7/18/2024 10:00:00 AM,7/18/2024 6:00:00 AM,SERC,WEST,EKPC,EKPC,1273.878,True
7/18/2024 11:00:00 AM,7/18/2024 7:00:00 AM,SERC,WEST,EKPC,EKPC,1297.709,True
7/18/2024 12:00:00 PM,7/18/2024 8:00:00 AM,SERC,WEST,EKPC,EKPC,1449.734,True
7/18/2024 1:00:00 PM,7/18/2024 9:00:00 AM,SERC,WEST,EKPC,EKPC,1530.235,True
7/18/2024 2:00:00 PM,7/18/2024 10:00:00 AM,SERC,WEST,EKPC,EKPC,1617.222,True
7/18/2024 3:00:00 PM,7/18/2024 11:00:00 AM,SERC,WEST,EKPC,EKPC,1690.616,True
7/18/2024 4:00:00 PM,7/18/2024 12:00:00 PM,SERC,WEST,EKPC,EKPC,1758.981,True
7/18/2024 5:00:00 PM,7/18/2024 1:00:00 PM,SERC,WEST,EKPC,EKPC,1852.851,True
7/18/2024 6:00:00 PM,7/18/2024 2:00:00 PM,SERC,WEST,EKPC,EKPC,1894.091,True
7/18/2024 7:00:00 PM,7/18/2024 3:00:00 PM,SERC,WEST,EKPC,EKPC,1934.785,True
7/18/2024 8:00:00 PM,7/18/2024 4:00:00 PM,SERC,WEST,EKPC,EKPC,2029.980,True
7/18/2024 9:00:00 PM,7/18/2024 5:00:00 PM,SERC,WEST,EKPC,EKPC,2015.818,True
7/18/2024 10:00:00 PM,7/18/2024 6:00:00 PM,SERC,WEST,EKPC,EKPC,1960.001,True
7/18/2024 11:00:00 PM,7/18/2024 7:00:00 PM,SERC,WEST,EKPC,EKPC,1879.805,True
7/19/2024 12:00:00 AM,7/18/2024 8:00:00 PM,SERC,WEST,EKPC,EKPC,1896.372,True
7/19/2024 1:00:00 AM,7/18/2024 9:00:00 PM,SERC,WEST,EKPC,EKPC,1714.074,True
7/19/2024 2:00:00 AM,7/18/2024 10:00:00 PM,SERC,WEST,EKPC,EKPC,1510.459,True
7/19/2024 3:00:00 AM,7/18/2024 11:00:00 PM,SERC,WEST,EKPC,EKPC,1382.644,True
7/19/2024 4:00:00 AM,7/19/2024 12:00:00 AM,SERC,WEST,EKPC,EKPC,1231.954,True
7/19/2024 5:00:00 AM,7/19/2024 1:00:00 AM,SERC,WEST,EKPC,EKPC,1196.441,True
7/19/2024 6:00:00 AM,7/19/2024 2:00:00 AM,SERC,WEST,EKPC,EKPC,1157.394,True
7/19/2024 7:00:00 AM,7/19/2024 3:00:00 AM,SERC,WEST,EKPC,EKPC,1121.043,True
7/19/2024 8:00:00 AM,7/19/2024 4:00:00 AM,SERC,WEST,EKPC,EKPC,1114.905,True
7/19/2024 9:00:00 AM,7/19/2024 5:00:00 AM,SERC,WEST,EKPC,EKPC,1146.609,True
7/19/2024 10:00:00 AM,7/19/2024 6:00:00 AM,SERC,WEST,EKPC,EKPC,1202.681,True
7/19/2024 11:00:00 AM,7/19/2024 7:00:00 AM,SERC,WEST,EKPC,EKPC,1272.616,True
7/19/2024 12:00:00 PM,7/19/2024 8:00:00 AM,SERC,WEST,EKPC,EKPC,1321.870,True
7/19/2024 1:00:00 PM,7/19/2024 9:00:00 AM,SERC,WEST,EKPC,EKPC,1400.722,True
7/19/2024 2:00:00 PM,7/19/2024 10:00:00 AM,SERC,WEST,EKPC,EKPC,1529.053,True
7/19/2024 3:00:00 PM,7/19/2024 11:00:00 AM,SERC,WEST,EKPC,EKPC,1646.780,True
7/19/2024 4:00:00 PM,7/19/2024 12:00:00 PM,SERC,WEST,EKPC,EKPC,1787.925,True
7/19/2024 5:00:00 PM,7/19/2024 1:00:00 PM,SERC,WEST,EKPC,EKPC,1864.189,True
7/19/2024 6:00:00 PM,7/19/2024 2:00:00 PM,SERC,WEST,EKPC,EKPC,1989.912,True
7/19/2024 7:00:00 PM,7/19/2024 3:00:00 PM,SERC,WEST,EKPC,EKPC,2077.460,True
7/19/2024 8:00:00 PM,7/19/2024 4:00:00 PM,SERC,WEST,EKPC,EKPC,2103.902,True
7/19/2024 9:00:00 PM,7/19/2024 5:00:00 PM,SERC,WEST,EKPC,EKPC,2140.798,True
7/19/2024 10:00:00 PM,7/19/2024 6:00:00 PM,SERC,WEST,EKPC,EKPC,2093.683,True
7/19/2024 11:00:00 PM,7/19/2024 7:00:00 PM,SERC,WEST,EKPC,EKPC,1941.864,True
7/20/2024 12:00:00 AM,7/19/2024 8:00:00 PM,SERC,WEST,EKPC,EKPC,1847.110,True
7/20/2024 1:00:00 AM,7/19/2024 9:00:00 PM,SERC,WEST,EKPC,EKPC,1681.923,True
7/20/2024 2:00:00 AM,7/19/2024 10:00:00 PM,SERC,WEST,EKPC,EKPC,1557.083,True
7/20/2024 3:00:00 AM,7/19/2024 11:00:00 PM,SERC,WEST,EKPC,EKPC,1425.175,True
7/20/2024 4:00:00 AM,7/20/2024 12:00:00 AM,SERC,WEST,EKPC,EKPC,1289.008,True
7/20/2024 5:00:00 AM,7/20/2024 1:00:00 AM,SERC,WEST,EKPC,EKPC,1183.353,True
7/20/2024 6:00:00 AM,7/20/2024 2:00:00 AM,SERC,WEST,EKPC,EKPC,1120.978,True
7/20/2024 7:00:00 AM,7/20/2024 3:00:00 AM,SERC,WEST,EKPC,EKPC,1081.492,True
7/20/2024 8:00:00 AM,7/20/2024 4:00:00 AM,SERC,WEST,EKPC,EKPC,1041.364,True
7/20/2024 9:00:00 AM,7/20/2024 5:00:00 AM,SERC,WEST,EKPC,EKPC,1105.612,True
7/20/2024 10:00:00 AM,7/20/2024 6:00:00 AM,SERC,WEST,EKPC,EKPC,1106.036,True
7/20/2024 11:00:00 AM,7/20/2024 7:00:00 AM,SERC,WEST,EKPC,EKPC,1100.228,True
7/20/2024 12:00:00 PM,7/20/2024 8:00:00 AM,SERC,WEST,EKPC,EKPC,1230.916,True
7/20/2024 1:00:00 PM,7/20/2024 9:00:00 AM,SERC,WEST,EKPC,EKPC,1450.576,True
7/20/2024 2:00:00 PM,7/20/2024 10:00:00 AM,SERC,WEST,EKPC,EKPC,1598.743,True
7/20/2024 3:00:00 PM,7/20/2024 11:00:00 AM,SERC,WEST,EKPC,EKPC,1733.956,True
7/20/2024 4:00:00 PM,7/20/2024 12:00:00 PM,SERC,WEST,EKPC,EKPC,1845.811,True
7/20/2024 5:00:00 PM,7/20/2024 1:00:00 PM,SERC,WEST,EKPC,EKPC,1945.062,True
7/20/2024 6:00:00 PM,7/20/2024 2:00:00 PM,SERC,WEST,EKPC,EKPC,2033.764,True
7/20/2024 7:00:00 PM,7/20/2024 3:00:00 PM,SERC,WEST,EKPC,EKPC,2032.137,True
7/20/2024 8:00:00 PM,7/20/2024 4:00:00 PM,SERC,WEST,EKPC,EKPC,2110.332,True
7/20/2024 9:00:00 PM,7/20/2024 5:00:00 PM,SERC,WEST,EKPC,EKPC,2051.450,True
7/20/2024 10:00:00 PM,7/20/2024 6:00:00 PM,SERC,WEST,EKPC,EKPC,2100.234,True
7/20/2024 11:00:00 PM,7/20/2024 7:00:00 PM,SERC,WEST,EKPC,EKPC,2049.687,True
7/21/2024 12:00:00 AM,7/20/2024 8:00:00 PM,SERC,WEST,EKPC,EKPC,1786.046,True
7/21/2024 1:00:00 AM,7/20/2024 9:00:00 PM,SERC,WEST,EKPC,EKPC,1837.803,True
7/21/2024 2:00:00 AM,7/20/2024 10:00:00 PM,SERC,WEST,EKPC,EKPC,1740.743,True
7/21/2024 3:00:00 AM,7/20/2024 11:00:00 PM,SERC,WEST,EKPC,EKPC,1650.870,True
7/21/2024 4:00:00 AM,7/21/2024 12:00:00 AM,SERC,WEST,EKPC,EKPC,1529.719,True
7/21/2024 5:00:00 AM,7/21/2024 1:00:00 AM,SERC,WEST,EKPC,EKPC,1375.898,True
7/21/2024 6:00:00 AM,7/21/2024 2:00:00 AM,SERC,WEST,EKPC,EKPC,1274.226,True
7/21/2024 7:00:00 AM,7/21/2024 3:00:00 AM,SERC,WEST,EKPC,EKPC,1253.164,True
7/21/2024 8:00:00 AM,7/21/2024 4:00:00 AM,SERC,WEST,EKPC,EKPC,1249.243,True
7/21/2024 9:00:00 AM,7/21/2024 5:00:00 AM,SERC,WEST,EKPC,EKPC,1194.632,True
7/21/2024 10:00:00 AM,7/21/2024 6:00:00 AM,SERC,WEST,EKPC,EKPC,1089.231,True
7/21/2024 11:00:00 AM,7/21/2024 7:00:00 AM,SERC,WEST,EKPC,EKPC,1110.954,True
7/21/2024 12:00:00 PM,7/21/2024 8:00:00 AM,SERC,WEST,EKPC,EKPC,1387.335,True
7/21/2024 1:00:00 PM,7/21/2024 9:00:00 AM,SERC,WEST,EKPC,EKPC,1484.008,True
7/21/2024 2:00:00 PM,7/21/2024 10:00:00 AM,SERC,WEST,EKPC,EKPC,1484.714,True
7/21/2024 3:00:00 PM,7/21/2024 11:00:00 AM,SERC,WEST,EKPC,EKPC,1641.676,True
7/21/2024 4:00:00 PM,7/21/2024 12:00:00 PM,SERC,WEST,EKPC,EKPC,1763.466,True
7/21/2024 5:00:00 PM,7/21/2024 1:00:00 PM,SERC,WEST,EKPC,EKPC,1842.301,True
7/21/2024 6:00:00 PM,7/21/2024 2:00:00 PM,SERC,WEST,EKPC,EKPC,1933.348,True
7/21/2024 7:00:00 PM,7/21/2024 3:00:00 PM,SERC,WEST,EKPC,EKPC,2052.325,True
7/21/2024 8:00:00 PM,7/21/2024 4:00:00 PM,SERC,WEST,EKPC,EKPC,2070.605,True
7/21/2024 9:00:00 PM,7/21/2024 5:00:00 PM,SERC,WEST,EKPC,EKPC,2133.520,True
7/21/2024 10:00:00 PM,7/21/2024 6:00:00 PM,SERC,WEST,EKPC,EKPC,2124.052,True
7/21/2024 11:00:00 PM,7/21/2024 7:00:00 PM,SERC,WEST,EKPC,EKPC,2057.494,True
7/22/2024 12:00:00 AM,7/21/2024 8:00:00 PM,SERC,WEST,EKPC,EKPC,2016.707,True
7/22/2024 1:00:00 AM,7/21/2024 9:00:00 PM,SERC,WEST,EKPC,EKPC,1818.807,True
7/22/2024 2:00:00 AM,7/21/2024 10:00:00 PM,SERC,WEST,EKPC,EKPC,1705.472,True
7/22/2024 3:00:00 AM,7/21/2024 11:00:00 PM,SERC,WEST,EKPC,EKPC,1651.823,True
7/22/2024 4:00:00 AM,7/22/2024 12:00:00 AM,SERC,WEST,EKPC,EKPC,1474.415,True
7/22/2024 5:00:00 AM,7/22/2024 1:00:00 AM,SERC,WEST,EKPC,EKPC,1293.057,True
7/22/2024 6:00:00 AM,7/22/2024 2:00:00 AM,SERC,WEST,EKPC,EKPC,1296.716,True
7/22/2024 7:00:00 AM,7/22/2024 3:00:00 AM,SERC,WEST,EKPC,EKPC,1365.407,True
7/22/2024 8:00:00 AM,7/22/2024 4:00:00 AM,SERC,WEST,EKPC,EKPC,1322.861,True
7/22/2024 9:00:00 AM,7/22/2024 5:00:00 AM,SERC,WEST,EKPC,EKPC,1370.372,True
7/22/2024 10:00:00 AM,7/22/2024 6:00:00 AM,SERC,WEST,EKPC,EKPC,1443.331,True
7/22/2024 11:00:00 AM,7/22/2024 7:00:00 AM,SERC,WEST,EKPC,EKPC,1404.283,True
7/22/2024 12:00:00 PM,7/22/2024 8:00:00 AM,SERC,WEST,EKPC,EKPC,1516.043,True
7/22/2024 1:00:00 PM,7/22/2024 9:00:00 AM,SERC,WEST,EKPC,EKPC,1576.123,True
7/22/2024 2:00:00 PM,7/22/2024 10:00:00 AM,SERC,WEST,EKPC,EKPC,1677.294,True
7/22/2024 3:00:00 PM,7/22/2024 11:00:00 AM,SERC,WEST,EKPC,EKPC,1755.133,True
7/22/2024 4:00:00 PM,7/22/2024 12:00:00 PM,SERC,WEST,EKPC,EKPC,1814.374,True
7/22/2024 5:00:00 PM,7/22/2024 1:00:00 PM,SERC,WEST,EKPC,EKPC,1865.907,True
7/22/2024 6:00:00 PM,7/22/2024 2:00:00 PM,SERC,WEST,EKPC,EKPC,2015.245,True
7/22/2024 7:00:00 PM,7/22/2024 3:00:00 PM,SERC,WEST,EKPC,EKPC,2076.633,True
7/22/2024 8:00:00 PM,7/22/2024 4:00:00 PM,SERC,WEST,EKPC,EKPC,2102.446,True
7/22/2024 9:00:00 PM,7/22/2024 5:00:00 PM,SERC,WEST,EKPC,EKPC,2042.623,True
7/22/2024 10:00:00 PM,7/22/2024 6:00:00 PM,SERC,WEST,EKPC,EKPC,2014.804,True
7/22/2024 11:00:00 PM,7/22/2024 7:00:00 PM,SERC,WEST,EKPC,EKPC,1957.567,True
7/23/2024 12:00:00 AM,7/22/2024 8:00:00 PM,SERC,WEST,EKPC,EKPC,1846.428,True
7/23/2024 1:00:00 AM,7/22/2024 9:00:00 PM,SERC,WEST,EKPC,EKPC,1789.081,True
7/23/2024 2:00:00 AM,7/22/2024 10:00:00 PM,SERC,WEST,EKPC,EKPC,1636.087,True
7/23/2024 3:00:00 AM,7/22/2024 11:00:00 PM,SERC,WEST,EKPC,EKPC,1483.758,True
7/23/2024 4:00:00 AM,7/23/2024 12:00:00 AM,SERC,WEST,EKPC,EKPC,1394.304,True
7/23/2024 5:00:00 AM,7/23/2024 1:00:00 AM,SERC,WEST,EKPC,EKPC,1376.072,True
7/23/2024 6:00:00 AM,7/23/2024 2:00:00 AM,SERC,WEST,EKPC,EKPC,1195.049,True
7/23/2024 7:00:00 AM,7/23/2024 3:00:00 AM,SERC,WEST,EKPC,EKPC,1173.760,True
7/23/2024 8:00:00 AM,7/23/2024 4:00:00 AM,SERC,WEST,EKPC,EKPC,1154.570,True
7/23/2024 9:00:00 AM,7/23/2024 5:00:00 AM,SERC,WEST,EKPC,EKPC,1309.404,True
7/23/2024 10:00:00 AM,7/23/2024 6:00:00 AM,SERC,WEST,EKPC,EKPC,1383.400,True
7/23/2024 11:00:00 AM,7/23/2024 7:00:00 AM,SERC,WEST,EKPC,EKPC,1387.288,True
7/23/2024 12:00:00 PM,7/23/2024 8:00:00 AM,SERC,WEST,EKPC,EKPC,1482.038,True
7/23/2024 1:00:00 PM,7/23/2024 9:00:00 AM,SERC,WEST,EKPC,EKPC,1581.700,True
7/23/2024 2:00:00 PM,7/23/2024 10:00:00 AM,SERC,WEST,EKPC,EKPC,1648.898,True
7/23/2024 3:00:00 PM,7/23/2024 11:00:00 AM,SERC,WEST,EKPC,EKPC,1767.630,True
7/23/2024 4:00:00 PM,7/23/2024 12:00:00 PM,SERC,WEST,EKPC,EKPC,1847.497,True
7/23/2024 5:00:00 PM,7/23/2024 1:00:00 PM,SERC,WEST,EKPC,EKPC,1939.571,True
7/23/2024 6:00:00 PM,7/23/2024 2:00:00 PM,SERC,WEST,EKPC,EKPC,2017.052,True
7/23/2024 7:00:00 PM,7/23/2024 3:00:00 PM,SERC,WEST,EKPC,EKPC,2090.579,True
7/23/2024 8:00:00 PM,7/23/2024 4:00:00 PM,SERC,WEST,EKPC,EKPC,2109.646,True
7/23/2024 9:00:00 PM,7/23/2024 5:00:00 PM,SERC,WEST,EKPC,EKPC,2093.437,True
7/23/2024 10:00:00 PM,7/23/2024 6:00:00 PM,SERC,WEST,EKPC,EKPC,2034.325,True
7/23/2024 11:00:00 PM,7/23/2024 7:00:00 PM,SERC,WEST,EKPC,EKPC,1961.827,True
7/24/2024 12:00:00 AM,7/23/2024 8:00:00 PM,SERC,WEST,EKPC,EKPC,1814.533,True
7/24/2024 1:00:00 AM,7/23/2024 9:00:00 PM,SERC,WEST,EKPC,EKPC,1894.124,True
7/24/2024 2:00:00 AM,7/23/2024 10:00:00 PM,SERC,WEST,EKPC,EKPC,1769.070,True
7/24/2024 3:00:00 AM,7/23/2024 11:00:00 PM,SERC,WEST,EKPC,EKPC,1481.263,True
7/24/2024 4:00:00 AM,7/24/2024 12:00:00 AM,SERC,WEST,EKPC,EKPC,1424.478,True
7/24/2024 5:00:00 AM,7/24/2024 1:00:00 AM,SERC,WEST,EKPC,EKPC,1373.823,True
7/24/2024 6:00:00 AM,7/24/2024 2:00:00 AM,SERC,WEST,EKPC,EKPC,1337.890,True
7/24/2024 7:00:00 AM,7/24/2024 3:00:00 AM,SERC,WEST,EKPC,EKPC,1232.401,True
7/24/2024 8:00:00 AM,7/24/2024 4:00:00 AM,SERC,WEST,EKPC,EKPC,1248.910,True
7/24/2024 9:00:00 AM,7/24/2024 5:00:00 AM,SERC,WEST,EKPC,EKPC,1259.006,True
7/24/2024 10:00:00 AM,7/24/2024 6:00:00 AM,SERC,WEST,EKPC,EKPC,1277.625,True
7/24/2024 11:00:00 AM,7/24/2024 7:00:00 AM,SERC,WEST,EKPC,EKPC,1320.346,True
7/24/2024 12:00:00 PM,7/24/2024 8:00:00 AM,SERC,WEST,EKPC,EKPC,1351.956,True
7/24/2024 1:00:00 PM,7/24/2024 9:00:00 AM,SERC,WEST,EKPC,EKPC,1417.909,True
7/24/2024 2:00:00 PM,7/24/2024 10:00:00 AM,SERC,WEST,EKPC,EKPC,1533.824,True
7/24/2024 3:00:00 PM,7/24/2024 11:00:00 AM,SERC,WEST,EKPC,EKPC,1644.783,True
7/24/2024 4:00:00 PM,7/24/2024 12:00:00 PM,SERC,WEST,EKPC,EKPC,1777.891,True
7/24/2024 5:00:00 PM,7/24/2024 1:00:00 PM,SERC,WEST,EKPC,EKPC,1858.048,True
7/24/2024 6:00:00 PM,7/24/2024 2:00:00 PM,SERC,WEST,EKPC,EKPC,1953.902,True
7/24/2024 7:00:00 PM,7/24/2024 3:00:00 PM,SERC,WEST,EKPC,EKPC,1981.736,True
7/24/2024 8:00:00 PM,7/24/2024 4:00:00 PM,SERC,WEST,EKPC,EKPC,2025.296,True
7/24/2024 9:00:00 PM,7/24/2024 5:00:00 PM,SERC,WEST,EKPC,EKPC,2036.653,True
7/24/2024 10:00:00 PM,7/24/2024 6:00:00 PM,SERC,WEST,EKPC,EKPC,2039.083,True
7/24/2024 11:00:00 PM,7/24/2024 7:00:00 PM,SERC,WEST,EKPC,EKPC,2010.721,True
7/25/2024 12:00:00 AM,7/24/2024 8:00:00 PM,SERC,WEST,EKPC,EKPC,1930.536,True
7/25/2024 1:00:00 AM,7/24/2024 9:00:00 PM,SERC,WEST,EKPC,EKPC,1929.258,True
7/25/2024 2:00:00 AM,7/24/2024 10:00:00 PM,SERC,WEST,EKPC,EKPC,1737.911,True
7/25/2024 3:00:00 AM,7/24/2024 11:00:00 PM,SERC,WEST,EKPC,EKPC,1605.938,True
7/25/2024 4:00:00 AM,7/25/2024 12:00:00 AM,SERC,WEST,EKPC,EKPC,1463.235,True
7/25/2024 5:00:00 AM,7/25/2024 1:00:00 AM,SERC,WEST,EKPC,EKPC,1374.037,True
7/25/2024 6:00:00 AM,7/25/2024 2:00:00 AM,SERC,WEST,EKPC,EKPC,1378.566,True
7/25/2024 7:00:00 AM,7/25/2024 3:00:00 AM,SERC,WEST,EKPC,EKPC,1251.720,True
7/25/2024 8:00:00 AM,7/25/2024 4:00:00 AM,SERC,WEST,EKPC,EKPC,1271.095,True
7/25/2024 9:00:00 AM,7/25/2024 5:00:00 AM,SERC,WEST,EKPC,EKPC,1338.981,True
7/25/2024 10:00:00 AM,7/25/2024 6:00:00 AM,SERC,WEST,EKPC,EKPC,1386.153,True
7/25/2024 11:00:00 AM,7/25/2024 7:00:00 AM,SERC,WEST,EKPC,EKPC,1441.732,True
7/25/2024 12:00:00 PM,7/25/2024 8:00:00 AM,SERC,WEST,EKPC,EKPC,1396.980,True
7/25/2024 1:00:00 PM,7/25/2024 9:00:00 AM,SERC,WEST,EKPC,EKPC,1506.510,True
7/25/2024 2:00:00 PM,7/25/2024 10:00:00 AM,SERC,WEST,EKPC,EKPC,1749.726,True
7/25/2024 3:00:00 PM,7/25/2024 11:00:00 AM,SERC,WEST,EKPC,EKPC,1879.081,True
7/25/2024 4:00:00 PM,7/25/2024 12:00:00 PM,SERC,WEST,EKPC,EKPC,2038.506,True
7/25/2024 5:00:00 PM,7/25/2024 1:00:00 PM,SERC,WEST,EKPC,EKPC,2128.163,True
7/25/2024 6:00:00 PM,7/25/2024 2:00:00 PM,SERC,WEST,EKPC,EKPC,2195.053,True
7/25/2024 7:00:00 PM,7/25/2024 3:00:00 PM,SERC,WEST,EKPC,EKPC,2239.175,True
7/25/2024 8:00:00 PM,7/25/2024 4:00:00 PM,SERC,WEST,EKPC,EKPC,2295.709,True
7/25/2024 9:00:00 PM,7/25/2024 5:00:00 PM,SERC,WEST,EKPC,EKPC,2321.162,True
7/25/2024 10:00:00 PM,7/25/2024 6:00:00 PM,SERC,WEST,EKPC,EKPC,2274.843,True
7/25/2024 11:00:00 PM,7/25/2024 7:00:00 PM,SERC,WEST,EKPC,EKPC,2184.420,True
7/26/2024 12:00:00 AM,7/25/2024 8:00:00 PM,SERC,WEST,EKPC,EKPC,2011.898,True
7/26/2024 1:00:00 AM,7/25/2024 9:00:00 PM,SERC,WEST,EKPC,EKPC,1953.523,True
7/26/2024 2:00:00 AM,7/25/2024 10:00:00 PM,SERC,WEST,EKPC,EKPC,1815.078,True
7/26/2024 3:00:00 AM,7/25/2024 11:00:00 PM,SERC,WEST,EKPC,EKPC,1694.719,True
7/26/2024 4:00:00 AM,7/26/2024 12:00:00 AM,SERC,WEST,EKPC,EKPC,1564.485,True
7/26/2024 5:00:00 AM,7/26/2024 1:00:00 AM,SERC,WEST,EKPC,EKPC,1480.380,True
7/26/2024 6:00:00 AM,7/26/2024 2:00:00 AM,SERC,WEST,EKPC,EKPC,1404.640,True
7/26/2024 7:00:00 AM,7/26/2024 3:00:00 AM,SERC,WEST,EKPC,EKPC,1346.571,True
7/26/2024 8:00:00 AM,7/26/2024 4:00:00 AM,SERC,WEST,EKPC,EKPC,1333.267,True
7/26/2024 9:00:00 AM,7/26/2024 5:00:00 AM,SERC,WEST,EKPC,EKPC,1353.947,True
7/26/2024 10:00:00 AM,7/26/2024 6:00:00 AM,SERC,WEST,EKPC,EKPC,1368.616,True
7/26/2024 11:00:00 AM,7/26/2024 7:00:00 AM,SERC,WEST,EKPC,EKPC,1296.003,True
7/26/2024 12:00:00 PM,7/26/2024 8:00:00 AM,SERC,WEST,EKPC,EKPC,1524.332,True
7/26/2024 1:00:00 PM,7/26/2024 9:00:00 AM,SERC,WEST,EKPC,EKPC,1530.549,True
7/26/2024 2:00:00 PM,7/26/2024 10:00:00 AM,SERC,WEST,EKPC,EKPC,1706.286,True
7/26/2024 3:00:00 PM,7/26/2024 11:00:00 AM,SERC,WEST,EKPC,EKPC,1824.140,True
7/26/2024 4:00:00 PM,7/26/2024 12:00:00 PM,SERC,WEST,EKPC,EKPC,1955.936,True
7/26/2024 5:00:00 PM,7/26/2024 1:00:00 PM,SERC,WEST,EKPC,EKPC,2074.191,True
7/26/2024 6:00:00 PM,7/26/2024 2:00:00 PM,SERC,WEST,EKPC,EKPC,2063.010,True
7/26/2024 7:00:00 PM,7/26/2024 3:00:00 PM,SERC,WEST,EKPC,EKPC,2161.441,True
7/26/2024 8:00:00 PM,7/26/2024 4:00:00 PM,SERC,WEST,EKPC,EKPC,2162.697,True
7/26/2024 9:00:00 PM,7/26/2024 5:00:00 PM,SERC,WEST,EKPC,EKPC,2118.644,True
7/26/2024 10:00:00 PM,7/26/2024 6:00:00 PM,SERC,WEST,EKPC,EKPC,2185.413,True
7/26/2024 11:00:00 PM,7/26/2024 7:00:00 PM,SERC,WEST,EKPC,EKPC,2032.788,True
7/27/2024 12:00:00 AM,7/26/2024 8:00:00 PM,SERC,WEST,EKPC,EKPC,1870.918,True
7/27/2024 1:00:00 AM,7/26/2024 9:00:00 PM,SERC,WEST,EKPC,EKPC,1852.786,True
7/27/2024 2:00:00 AM,7/26/2024 10:00:00 PM,SERC,WEST,EKPC,EKPC,1763.906,True
7/27/2024 3:00:00 AM,7/26/2024 11:00:00 PM,SERC,WEST,EKPC,EKPC,1562.110,True
7/27/2024 4:00:00 AM,7/27/2024 12:00:00 AM,SERC,WEST,EKPC,EKPC,1439.401,True
7/27/2024 5:00:00 AM,7/27/2024 1:00:00 AM,SERC,WEST,EKPC,EKPC,1342.390,True
7/27/2024 6:00:00 AM,7/27/2024 2:00:00 AM,SERC,WEST,EKPC,EKPC,1258.103,True
7/27/2024 7:00:00 AM,7/27/2024 3:00:00 AM,SERC,WEST,EKPC,EKPC,1219.229,True
7/27/2024 8:00:00 AM,7/27/2024 4:00:00 AM,SERC,WEST,EKPC,EKPC,1129.766,True
7/27/2024 9:00:00 AM,7/27/2024 5:00:00 AM,SERC,WEST,EKPC,EKPC,1206.126,True
7/27/2024 10:00:00 AM,7/27/2024 6:00:00 AM,SERC,WEST,EKPC,EKPC,1192.047,True
7/27/2024 11:00:00 AM,7/27/2024 7:00:00 AM,SERC,WEST,EKPC,EKPC,1164.949,True
7/27/2024 12:00:00 PM,7/27/2024 8:00:00 AM,SERC,WEST,EKPC,EKPC,1172.088,True
7/27/2024 1:00:00 PM,7/27/2024 9:00:00 AM,SERC,WEST,EKPC,EKPC,1319.215,True
7/27/2024 2:00:00 PM,7/27/2024 10:00:00 AM,SERC,WEST,EKPC,EKPC,1455.723,True
7/27/2024 3:00:00 PM,7/27/2024 11:00:00 AM,SERC,WEST,EKPC,EKPC,1784.901,True
7/27/2024 4:00:00 PM,7/27/2024 12:00:00 PM,SERC,WEST,EKPC,EKPC,1897.219,True
7/27/2024 5:00:00 PM,7/27/2024 1:00:00 PM,SERC,WEST,EKPC,EKPC,1984.052,True
7/27/2024 6:00:00 PM,7/27/2024 2:00:00 PM,SERC,WEST,EKPC,EKPC,2041.210,True
7/27/2024 7:00:00 PM,7/27/2024 3:00:00 PM,SERC,WEST,EKPC,EKPC,2064.498,True
7/27/2024 8:00:00 PM,7/27/2024 4:00:00 PM,SERC,WEST,EKPC,EKPC,2172.561,True
7/27/2024 9:00:00 PM,7/27/2024 5:00:00 PM,SERC,WEST,EKPC,EKPC,2281.786,True
7/27/2024 10:00:00 PM,7/27/2024 6:00:00 PM,SERC,WEST,EKPC,EKPC,2226.579,True
7/27/2024 11:00:00 PM,7/27/2024 7:00:00 PM,SERC,WEST,EKPC,EKPC,2013.112,True
7/28/2024 12:00:00 AM,7/27/2024 8:00:00 PM,SERC,WEST,EKPC,EKPC,1887.146,True
7/28/2024 1:00:00 AM,7/27/2024 9:00:00 PM,SERC,WEST,EKPC,EKPC,1876.082,True
7/28/2024 2:00:00 AM,7/27/2024 10:00:00 PM,SERC,WEST,EKPC,EKPC,1777.529,True
7/28/2024 3:00:00 AM,7/27/2024 11:00:00 PM,SERC,WEST,EKPC,EKPC,1551.835,True
7/28/2024 4:00:00 AM,7/28/2024 12:00:00 AM,SERC,WEST,EKPC,EKPC,1353.243,True
7/28/2024 5:00:00 AM,7/28/2024 1:00:00 AM,SERC,WEST,EKPC,EKPC,1264.309,True
7/28/2024 6:00:00 AM,7/28/2024 2:00:00 AM,SERC,WEST,EKPC,EKPC,1294.633,True
7/28/2024 7:00:00 AM,7/28/2024 3:00:00 AM,SERC,WEST,EKPC,EKPC,1195.480,True
7/28/2024 8:00:00 AM,7/28/2024 4:00:00 AM,SERC,WEST,EKPC,EKPC,1252.517,True
7/28/2024 9:00:00 AM,7/28/2024 5:00:00 AM,SERC,WEST,EKPC,EKPC,1242.024,True
7/28/2024 10:00:00 AM,7/28/2024 6:00:00 AM,SERC,WEST,EKPC,EKPC,1223.682,True
7/28/2024 11:00:00 AM,7/28/2024 7:00:00 AM,SERC,WEST,EKPC,EKPC,1222.847,True
7/28/2024 12:00:00 PM,7/28/2024 8:00:00 AM,SERC,WEST,EKPC,EKPC,1418.050,True
7/28/2024 1:00:00 PM,7/28/2024 9:00:00 AM,SERC,WEST,EKPC,EKPC,1564.419,True
7/28/2024 2:00:00 PM,7/28/2024 10:00:00 AM,SERC,WEST,EKPC,EKPC,1687.237,True
7/28/2024 3:00:00 PM,7/28/2024 11:00:00 AM,SERC,WEST,EKPC,EKPC,1766.746,True
7/28/2024 4:00:00 PM,7/28/2024 12:00:00 PM,SERC,WEST,EKPC,EKPC,1707.233,True
7/28/2024 5:00:00 PM,7/28/2024 1:00:00 PM,SERC,WEST,EKPC,EKPC,1782.418,True
7/28/2024 6:00:00 PM,7/28/2024 2:00:00 PM,SERC,WEST,EKPC,EKPC,1724.174,True
7/28/2024 7:00:00 PM,7/28/2024 3:00:00 PM,SERC,WEST,EKPC,EKPC,1796.553,True
7/28/2024 8:00:00 PM,7/28/2024 4:00:00 PM,SERC,WEST,EKPC,EKPC,1740.583,True
7/28/2024 9:00:00 PM,7/28/2024 5:00:00 PM,SERC,WEST,EKPC,EKPC,1757.106,True
7/28/2024 10:00:00 PM,7/28/2024 6:00:00 PM,SERC,WEST,EKPC,EKPC,1751.177,True
7/28/2024 11:00:00 PM,7/28/2024 7:00:00 PM,SERC,WEST,EKPC,EKPC,1777.117,True
7/29/2024 12:00:00 AM,7/28/2024 8:00:00 PM,SERC,WEST,EKPC,EKPC,1746.010,True
7/29/2024 1:00:00 AM,7/28/2024 9:00:00 PM,SERC,WEST,EKPC,EKPC,1695.477,True
7/29/2024 2:00:00 AM,7/28/2024 10:00:00 PM,SERC,WEST,EKPC,EKPC,1620.770,True
7/29/2024 3:00:00 AM,7/28/2024 11:00:00 PM,SERC,WEST,EKPC,EKPC,1502.303,True
7/29/2024 4:00:00 AM,7/29/2024 12:00:00 AM,SERC,WEST,EKPC,EKPC,1426.034,True
7/29/2024 5:00:00 AM,7/29/2024 1:00:00 AM,SERC,WEST,EKPC,EKPC,1356.385,True
7/29/2024 6:00:00 AM,7/29/2024 2:00:00 AM,SERC,WEST,EKPC,EKPC,1322.131,True
7/29/2024 7:00:00 AM,7/29/2024 3:00:00 AM,SERC,WEST,EKPC,EKPC,1283.095,True
7/29/2024 8:00:00 AM,7/29/2024 4:00:00 AM,SERC,WEST,EKPC,EKPC,1298.991,True
7/29/2024 9:00:00 AM,7/29/2024 5:00:00 AM,SERC,WEST,EKPC,EKPC,1358.799,True
7/29/2024 10:00:00 AM,7/29/2024 6:00:00 AM,SERC,WEST,EKPC,EKPC,1372.651,True
7/29/2024 11:00:00 AM,7/29/2024 7:00:00 AM,SERC,WEST,EKPC,EKPC,1401.903,True
7/29/2024 12:00:00 PM,7/29/2024 8:00:00 AM,SERC,WEST,EKPC,EKPC,1479.812,True
7/29/2024 1:00:00 PM,7/29/2024 9:00:00 AM,SERC,WEST,EKPC,EKPC,1511.134,True
7/29/2024 2:00:00 PM,7/29/2024 10:00:00 AM,SERC,WEST,EKPC,EKPC,1538.977,True
7/29/2024 3:00:00 PM,7/29/2024 11:00:00 AM,SERC,WEST,EKPC,EKPC,1723.383,True
7/29/2024 4:00:00 PM,7/29/2024 12:00:00 PM,SERC,WEST,EKPC,EKPC,1734.037,True
7/29/2024 5:00:00 PM,7/29/2024 1:00:00 PM,SERC,WEST,EKPC,EKPC,1839.871,True
7/29/2024 6:00:00 PM,7/29/2024 2:00:00 PM,SERC,WEST,EKPC,EKPC,1936.247,True
7/29/2024 7:00:00 PM,7/29/2024 3:00:00 PM,SERC,WEST,EKPC,EKPC,2085.877,True
7/29/2024 8:00:00 PM,7/29/2024 4:00:00 PM,SERC,WEST,EKPC,EKPC,2222.977,True
7/29/2024 9:00:00 PM,7/29/2024 5:00:00 PM,SERC,WEST,EKPC,EKPC,2276.200,True
7/29/2024 10:00:00 PM,7/29/2024 6:00:00 PM,SERC,WEST,EKPC,EKPC,2287.521,True
7/29/2024 11:00:00 PM,7/29/2024 7:00:00 PM,SERC,WEST,EKPC,EKPC,2246.386,True
7/30/2024 12:00:00 AM,7/29/2024 8:00:00 PM,SERC,WEST,EKPC,EKPC,2156.413,True
7/30/2024 1:00:00 AM,7/29/2024 9:00:00 PM,SERC,WEST,EKPC,EKPC,2070.359,True
7/30/2024 2:00:00 AM,7/29/2024 10:00:00 PM,SERC,WEST,EKPC,EKPC,1948.805,True
7/30/2024 3:00:00 AM,7/29/2024 11:00:00 PM,SERC,WEST,EKPC,EKPC,1781.301,True
7/30/2024 4:00:00 AM,7/30/2024 12:00:00 AM,SERC,WEST,EKPC,EKPC,1634.505,True
7/30/2024 5:00:00 AM,7/30/2024 1:00:00 AM,SERC,WEST,EKPC,EKPC,1558.677,True
7/30/2024 6:00:00 AM,7/30/2024 2:00:00 AM,SERC,WEST,EKPC,EKPC,1504.359,True
7/30/2024 7:00:00 AM,7/30/2024 3:00:00 AM,SERC,WEST,EKPC,EKPC,1375.131,True
7/30/2024 8:00:00 AM,7/30/2024 4:00:00 AM,SERC,WEST,EKPC,EKPC,1317.125,True
7/30/2024 9:00:00 AM,7/30/2024 5:00:00 AM,SERC,WEST,EKPC,EKPC,1470.968,True
7/30/2024 10:00:00 AM,7/30/2024 6:00:00 AM,SERC,WEST,EKPC,EKPC,1445.569,True
7/30/2024 11:00:00 AM,7/30/2024 7:00:00 AM,SERC,WEST,EKPC,EKPC,1556.212,True
7/30/2024 12:00:00 PM,7/30/2024 8:00:00 AM,SERC,WEST,EKPC,EKPC,1657.456,True
7/30/2024 1:00:00 PM,7/30/2024 9:00:00 AM,SERC,WEST,EKPC,EKPC,1720.945,True
7/30/2024 2:00:00 PM,7/30/2024 10:00:00 AM,SERC,WEST,EKPC,EKPC,1833.249,True
7/30/2024 3:00:00 PM,7/30/2024 11:00:00 AM,SERC,WEST,EKPC,EKPC,1953.557,True
7/30/2024 4:00:00 PM,7/30/2024 12:00:00 PM,SERC,WEST,EKPC,EKPC,2098.115,True
7/30/2024 5:00:00 PM,7/30/2024 1:00:00 PM,SERC,WEST,EKPC,EKPC,2202.845,True
7/30/2024 6:00:00 PM,7/30/2024 2:00:00 PM,SERC,WEST,EKPC,EKPC,2265.102,True
7/30/2024 7:00:00 PM,7/30/2024 3:00:00 PM,SERC,WEST,EKPC,EKPC,2149.494,True
7/30/2024 8:00:00 PM,7/30/2024 4:00:00 PM,SERC,WEST,EKPC,EKPC,2092.972,True
7/30/2024 9:00:00 PM,7/30/2024 5:00:00 PM,SERC,WEST,EKPC,EKPC,2077.663,True
7/30/2024 10:00:00 PM,7/30/2024 6:00:00 PM,SERC,WEST,EKPC,EKPC,2009.394,True
7/30/2024 11:00:00 PM,7/30/2024 7:00:00 PM,SERC,WEST,EKPC,EKPC,1977.192,True
7/31/2024 12:00:00 AM,7/30/2024 8:00:00 PM,SERC,WEST,EKPC,EKPC,1862.798,True
7/31/2024 1:00:00 AM,7/30/2024 9:00:00 PM,SERC,WEST,EKPC,EKPC,1799.802,True
7/31/2024 2:00:00 AM,7/30/2024 10:00:00 PM,SERC,WEST,EKPC,EKPC,1657.479,True
7/31/2024 3:00:00 AM,7/30/2024 11:00:00 PM,SERC,WEST,EKPC,EKPC,1495.647,True
7/31/2024 4:00:00 AM,7/31/2024 12:00:00 AM,SERC,WEST,EKPC,EKPC,1384.533,True
7/31/2024 5:00:00 AM,7/31/2024 1:00:00 AM,SERC,WEST,EKPC,EKPC,1283.565,True
7/31/2024 6:00:00 AM,7/31/2024 2:00:00 AM,SERC,WEST,EKPC,EKPC,1218.755,True
7/31/2024 7:00:00 AM,7/31/2024 3:00:00 AM,SERC,WEST,EKPC,EKPC,1191.660,True
7/31/2024 8:00:00 AM,7/31/2024 4:00:00 AM,SERC,WEST,EKPC,EKPC,1181.804,True
7/31/2024 9:00:00 AM,7/31/2024 5:00:00 AM,SERC,WEST,EKPC,EKPC,1207.107,True
7/31/2024 10:00:00 AM,7/31/2024 6:00:00 AM,SERC,WEST,EKPC,EKPC,1271.391,True
7/31/2024 11:00:00 AM,7/31/2024 7:00:00 AM,SERC,WEST,EKPC,EKPC,1332.281,True
7/31/2024 12:00:00 PM,7/31/2024 8:00:00 AM,SERC,WEST,EKPC,EKPC,1397.242,True
7/31/2024 1:00:00 PM,7/31/2024 9:00:00 AM,SERC,WEST,EKPC,EKPC,1518.289,True
7/31/2024 2:00:00 PM,7/31/2024 10:00:00 AM,SERC,WEST,EKPC,EKPC,1632.864,True
7/31/2024 3:00:00 PM,7/31/2024 11:00:00 AM,SERC,WEST,EKPC,EKPC,1717.526,True
7/31/2024 4:00:00 PM,7/31/2024 12:00:00 PM,SERC,WEST,EKPC,EKPC,1921.067,True
7/31/2024 5:00:00 PM,7/31/2024 1:00:00 PM,SERC,WEST,EKPC,EKPC,1964.970,True
7/31/2024 6:00:00 PM,7/31/2024 2:00:00 PM,SERC,WEST,EKPC,EKPC,1956.292,True
7/31/2024 7:00:00 PM,7/31/2024 3:00:00 PM,SERC,WEST,EKPC,EKPC,2115.747,True
7/31/2024 8:00:00 PM,7/31/2024 4:00:00 PM,SERC,WEST,EKPC,EKPC,2106.327,True
7/31/2024 9:00:00 PM,7/31/2024 5:00:00 PM,SERC,WEST,EKPC,EKPC,2004.160,True
7/31/2024 10:00:00 PM,7/31/2024 6:00:00 PM,SERC,WEST,EKPC,EKPC,1954.833,True
7/31/2024 11:00:00 PM,7/31/2024 7:00:00 PM,SERC,WEST,EKPC,EKPC,1881.448,True
8/1/2024 12:00:00 AM,7/31/2024 8:00:00 PM,SERC,WEST,EKPC,EKPC,1843.477,True
8/1/2024 1:00:00 AM,7/31/2024 9:00:00 PM,SERC,WEST,EKPC,EKPC,1742.643,True
8/1/2024 2:00:00 AM,7/31/2024 10:00:00 PM,SERC,WEST,EKPC,EKPC,1703.855,True
8/1/2024 3:00:00 AM,7/31/2024 11:00:00 PM,SERC,WEST,EKPC,EKPC,1513.398,True
8/1/2024 4:00:00 AM,8/1/2024 12:00:00 AM,SERC,WEST,EKPC,EKPC,1450.333,True
8/1/2024 5:00:00 AM,8/1/2024 1:00:00 AM,SERC,WEST,EKPC,EKPC,1333.178,True
8/1/2024 6:00:00 AM,8/1/2024 2:00:00 AM,SERC,WEST,EKPC,EKPC,1290.154,True
8/1/2024 7:00:00 AM,8/1/2024 3:00:00 AM,SERC,WEST,EKPC,EKPC,1201.167,True
8/1/2024 8:00:00 AM,8/1/2024 4:00:00 AM,SERC,WEST,EKPC,EKPC,1209.609,True
8/1/2024 9:00:00 AM,8/1/2024 5:00:00 AM,SERC,WEST,EKPC,EKPC,1275.094,True
8/1/2024 10:00:00 AM,8/1/2024 6:00:00 AM,SERC,WEST,EKPC,EKPC,1333.746,True
8/1/2024 11:00:00 AM,8/1/2024 7:00:00 AM,SERC,WEST,EKPC,EKPC,1343.477,True
8/1/2024 12:00:00 PM,8/1/2024 8:00:00 AM,SERC,WEST,EKPC,EKPC,1395.774,True
8/1/2024 1:00:00 PM,8/1/2024 9:00:00 AM,SERC,WEST,EKPC,EKPC,1496.585,True
8/1/2024 2:00:00 PM,8/1/2024 10:00:00 AM,SERC,WEST,EKPC,EKPC,1666.425,True
8/1/2024 3:00:00 PM,8/1/2024 11:00:00 AM,SERC,WEST,EKPC,EKPC,1829.769,True
8/1/2024 4:00:00 PM,8/1/2024 12:00:00 PM,SERC,WEST,EKPC,EKPC,1957.163,True
8/1/2024 5:00:00 PM,8/1/2024 1:00:00 PM,SERC,WEST,EKPC,EKPC,2086.851,True
8/1/2024 6:00:00 PM,8/1/2024 2:00:00 PM,SERC,WEST,EKPC,EKPC,2186.417,True
8/1/2024 7:00:00 PM,8/1/2024 3:00:00 PM,SERC,WEST,EKPC,EKPC,2291.991,True
8/1/2024 8:00:00 PM,8/1/2024 4:00:00 PM,SERC,WEST,EKPC,EKPC,2425.559,True
8/1/2024 9:00:00 PM,8/1/2024 5:00:00 PM,SERC,WEST,EKPC,EKPC,2420.247,True
8/1/2024 10:00:00 PM,8/1/2024 6:00:00 PM,SERC,WEST,EKPC,EKPC,2264.694,True
8/1/2024 11:00:00 PM,8/1/2024 7:00:00 PM,SERC,WEST,EKPC,EKPC,2068.398,True
8/2/2024 12:00:00 AM,8/1/2024 8:00:00 PM,SERC,WEST,EKPC,EKPC,1930.083,True
8/2/2024 1:00:00 AM,8/1/2024 9:00:00 PM,SERC,WEST,EKPC,EKPC,1954.787,True
8/2/2024 2:00:00 AM,8/1/2024 10:00:00 PM,SERC,WEST,EKPC,EKPC,1830.514,True
8/2/2024 3:00:00 AM,8/1/2024 11:00:00 PM,SERC,WEST,EKPC,EKPC,1662.998,True
8/2/2024 4:00:00 AM,8/2/2024 12:00:00 AM,SERC,WEST,EKPC,EKPC,1536.427,True
8/2/2024 5:00:00 AM,8/2/2024 1:00:00 AM,SERC,WEST,EKPC,EKPC,1471.765,True
8/2/2024 6:00:00 AM,8/2/2024 2:00:00 AM,SERC,WEST,EKPC,EKPC,1417.328,True
8/2/2024 7:00:00 AM,8/2/2024 3:00:00 AM,SERC,WEST,EKPC,EKPC,1379.794,True
8/2/2024 8:00:00 AM,8/2/2024 4:00:00 AM,SERC,WEST,EKPC,EKPC,1379.984,True
8/2/2024 9:00:00 AM,8/2/2024 5:00:00 AM,SERC,WEST,EKPC,EKPC,1413.275,True
8/2/2024 10:00:00 AM,8/2/2024 6:00:00 AM,SERC,WEST,EKPC,EKPC,1445.960,True
8/2/2024 11:00:00 AM,8/2/2024 7:00:00 AM,SERC,WEST,EKPC,EKPC,1346.103,True
8/2/2024 12:00:00 PM,8/2/2024 8:00:00 AM,SERC,WEST,EKPC,EKPC,1420.324,True
8/2/2024 1:00:00 PM,8/2/2024 9:00:00 AM,SERC,WEST,EKPC,EKPC,1634.638,True
8/2/2024 2:00:00 PM,8/2/2024 10:00:00 AM,SERC,WEST,EKPC,EKPC,1701.951,True
8/2/2024 3:00:00 PM,8/2/2024 11:00:00 AM,SERC,WEST,EKPC,EKPC,1793.355,True
8/2/2024 4:00:00 PM,8/2/2024 12:00:00 PM,SERC,WEST,EKPC,EKPC,1886.612,True
8/2/2024 5:00:00 PM,8/2/2024 1:00:00 PM,SERC,WEST,EKPC,EKPC,2019.566,True
8/2/2024 6:00:00 PM,8/2/2024 2:00:00 PM,SERC,WEST,EKPC,EKPC,2095.305,True
8/2/2024 7:00:00 PM,8/2/2024 3:00:00 PM,SERC,WEST,EKPC,EKPC,2148.847,True
8/2/2024 8:00:00 PM,8/2/2024 4:00:00 PM,SERC,WEST,EKPC,EKPC,2163.077,True
8/2/2024 9:00:00 PM,8/2/2024 5:00:00 PM,SERC,WEST,EKPC,EKPC,2134.464,True
8/2/2024 10:00:00 PM,8/2/2024 6:00:00 PM,SERC,WEST,EKPC,EKPC,1984.377,True
8/2/2024 11:00:00 PM,8/2/2024 7:00:00 PM,SERC,WEST,EKPC,EKPC,1990.848,True
8/3/2024 12:00:00 AM,8/2/2024 8:00:00 PM,SERC,WEST,EKPC,EKPC,1838.775,True
8/3/2024 1:00:00 AM,8/2/2024 9:00:00 PM,SERC,WEST,EKPC,EKPC,1730.091,True
8/3/2024 2:00:00 AM,8/2/2024 10:00:00 PM,SERC,WEST,EKPC,EKPC,1703.745,True
8/3/2024 3:00:00 AM,8/2/2024 11:00:00 PM,SERC,WEST,EKPC,EKPC,1591.591,True
8/3/2024 4:00:00 AM,8/3/2024 12:00:00 AM,SERC,WEST,EKPC,EKPC,1461.749,True
8/3/2024 5:00:00 AM,8/3/2024 1:00:00 AM,SERC,WEST,EKPC,EKPC,1404.113,True
8/3/2024 6:00:00 AM,8/3/2024 2:00:00 AM,SERC,WEST,EKPC,EKPC,1297.159,True
8/3/2024 7:00:00 AM,8/3/2024 3:00:00 AM,SERC,WEST,EKPC,EKPC,1283.765,True
8/3/2024 8:00:00 AM,8/3/2024 4:00:00 AM,SERC,WEST,EKPC,EKPC,1245.877,True
8/3/2024 9:00:00 AM,8/3/2024 5:00:00 AM,SERC,WEST,EKPC,EKPC,1288.120,True
8/3/2024 10:00:00 AM,8/3/2024 6:00:00 AM,SERC,WEST,EKPC,EKPC,1276.407,True
8/3/2024 11:00:00 AM,8/3/2024 7:00:00 AM,SERC,WEST,EKPC,EKPC,1186.126,True
8/3/2024 12:00:00 PM,8/3/2024 8:00:00 AM,SERC,WEST,EKPC,EKPC,1221.729,True
8/3/2024 1:00:00 PM,8/3/2024 9:00:00 AM,SERC,WEST,EKPC,EKPC,1321.560,True
8/3/2024 2:00:00 PM,8/3/2024 10:00:00 AM,SERC,WEST,EKPC,EKPC,1477.529,True
8/3/2024 3:00:00 PM,8/3/2024 11:00:00 AM,SERC,WEST,EKPC,EKPC,1591.327,True
8/3/2024 4:00:00 PM,8/3/2024 12:00:00 PM,SERC,WEST,EKPC,EKPC,1735.682,True
8/3/2024 5:00:00 PM,8/3/2024 1:00:00 PM,SERC,WEST,EKPC,EKPC,1848.329,True
8/3/2024 6:00:00 PM,8/3/2024 2:00:00 PM,SERC,WEST,EKPC,EKPC,1963.069,True
8/3/2024 7:00:00 PM,8/3/2024 3:00:00 PM,SERC,WEST,EKPC,EKPC,2026.000,True
8/3/2024 8:00:00 PM,8/3/2024 4:00:00 PM,SERC,WEST,EKPC,EKPC,2068.553,True
8/3/2024 9:00:00 PM,8/3/2024 5:00:00 PM,SERC,WEST,EKPC,EKPC,2124.019,True
8/3/2024 10:00:00 PM,8/3/2024 6:00:00 PM,SERC,WEST,EKPC,EKPC,2071.675,True
8/3/2024 11:00:00 PM,8/3/2024 7:00:00 PM,SERC,WEST,EKPC,EKPC,1984.406,True
8/4/2024 12:00:00 AM,8/3/2024 8:00:00 PM,SERC,WEST,EKPC,EKPC,1883.316,True
8/4/2024 1:00:00 AM,8/3/2024 9:00:00 PM,SERC,WEST,EKPC,EKPC,1735.743,True
8/4/2024 2:00:00 AM,8/3/2024 10:00:00 PM,SERC,WEST,EKPC,EKPC,1595.467,True
8/4/2024 3:00:00 AM,8/3/2024 11:00:00 PM,SERC,WEST,EKPC,EKPC,1490.891,True
8/4/2024 4:00:00 AM,8/4/2024 12:00:00 AM,SERC,WEST,EKPC,EKPC,1403.131,True
8/4/2024 5:00:00 AM,8/4/2024 1:00:00 AM,SERC,WEST,EKPC,EKPC,1246.132,True
8/4/2024 6:00:00 AM,8/4/2024 2:00:00 AM,SERC,WEST,EKPC,EKPC,1164.123,True
8/4/2024 7:00:00 AM,8/4/2024 3:00:00 AM,SERC,WEST,EKPC,EKPC,1157.764,True
8/4/2024 8:00:00 AM,8/4/2024 4:00:00 AM,SERC,WEST,EKPC,EKPC,1207.734,True
8/4/2024 9:00:00 AM,8/4/2024 5:00:00 AM,SERC,WEST,EKPC,EKPC,1147.640,True
8/4/2024 10:00:00 AM,8/4/2024 6:00:00 AM,SERC,WEST,EKPC,EKPC,1101.947,True
8/4/2024 11:00:00 AM,8/4/2024 7:00:00 AM,SERC,WEST,EKPC,EKPC,1120.954,True
8/4/2024 12:00:00 PM,8/4/2024 8:00:00 AM,SERC,WEST,EKPC,EKPC,1335.530,True
8/4/2024 1:00:00 PM,8/4/2024 9:00:00 AM,SERC,WEST,EKPC,EKPC,1478.324,True
8/4/2024 2:00:00 PM,8/4/2024 10:00:00 AM,SERC,WEST,EKPC,EKPC,1729.033,True
8/4/2024 3:00:00 PM,8/4/2024 11:00:00 AM,SERC,WEST,EKPC,EKPC,1904.857,True
8/4/2024 4:00:00 PM,8/4/2024 12:00:00 PM,SERC,WEST,EKPC,EKPC,2025.443,True
8/4/2024 5:00:00 PM,8/4/2024 1:00:00 PM,SERC,WEST,EKPC,EKPC,2172.813,True
8/4/2024 6:00:00 PM,8/4/2024 2:00:00 PM,SERC,WEST,EKPC,EKPC,2244.251,True
8/4/2024 7:00:00 PM,8/4/2024 3:00:00 PM,SERC,WEST,EKPC,EKPC,2274.539,True
8/4/2024 8:00:00 PM,8/4/2024 4:00:00 PM,SERC,WEST,EKPC,EKPC,2353.755,True
8/4/2024 9:00:00 PM,8/4/2024 5:00:00 PM,SERC,WEST,EKPC,EKPC,2408.857,True
8/4/2024 10:00:00 PM,8/4/2024 6:00:00 PM,SERC,WEST,EKPC,EKPC,2396.522,True
8/4/2024 11:00:00 PM,8/4/2024 7:00:00 PM,SERC,WEST,EKPC,EKPC,2328.701,True
8/5/2024 12:00:00 AM,8/4/2024 8:00:00 PM,SERC,WEST,EKPC,EKPC,2188.152,True
8/5/2024 1:00:00 AM,8/4/2024 9:00:00 PM,SERC,WEST,EKPC,EKPC,2084.107,True
8/5/2024 2:00:00 AM,8/4/2024 10:00:00 PM,SERC,WEST,EKPC,EKPC,1859.130,True
8/5/2024 3:00:00 AM,8/4/2024 11:00:00 PM,SERC,WEST,EKPC,EKPC,1576.436,True
8/5/2024 4:00:00 AM,8/5/2024 12:00:00 AM,SERC,WEST,EKPC,EKPC,1542.170,True
8/5/2024 5:00:00 AM,8/5/2024 1:00:00 AM,SERC,WEST,EKPC,EKPC,1463.251,True
8/5/2024 6:00:00 AM,8/5/2024 2:00:00 AM,SERC,WEST,EKPC,EKPC,1365.035,True
8/5/2024 7:00:00 AM,8/5/2024 3:00:00 AM,SERC,WEST,EKPC,EKPC,1337.536,True
8/5/2024 8:00:00 AM,8/5/2024 4:00:00 AM,SERC,WEST,EKPC,EKPC,1240.828,True
8/5/2024 9:00:00 AM,8/5/2024 5:00:00 AM,SERC,WEST,EKPC,EKPC,1321.533,True
8/5/2024 10:00:00 AM,8/5/2024 6:00:00 AM,SERC,WEST,EKPC,EKPC,1453.667,True
8/5/2024 11:00:00 AM,8/5/2024 7:00:00 AM,SERC,WEST,EKPC,EKPC,1480.854,True
8/5/2024 12:00:00 PM,8/5/2024 8:00:00 AM,SERC,WEST,EKPC,EKPC,1603.669,True
8/5/2024 1:00:00 PM,8/5/2024 9:00:00 AM,SERC,WEST,EKPC,EKPC,1751.771,True
8/5/2024 2:00:00 PM,8/5/2024 10:00:00 AM,SERC,WEST,EKPC,EKPC,1892.534,True
8/5/2024 3:00:00 PM,8/5/2024 11:00:00 AM,SERC,WEST,EKPC,EKPC,2066.896,True
8/5/2024 4:00:00 PM,8/5/2024 12:00:00 PM,SERC,WEST,EKPC,EKPC,2237.002,True
8/5/2024 5:00:00 PM,8/5/2024 1:00:00 PM,SERC,WEST,EKPC,EKPC,2336.403,True
8/5/2024 6:00:00 PM,8/5/2024 2:00:00 PM,SERC,WEST,EKPC,EKPC,2418.667,True
8/5/2024 7:00:00 PM,8/5/2024 3:00:00 PM,SERC,WEST,EKPC,EKPC,2420.898,True
8/5/2024 8:00:00 PM,8/5/2024 4:00:00 PM,SERC,WEST,EKPC,EKPC,2473.894,True
8/5/2024 9:00:00 PM,8/5/2024 5:00:00 PM,SERC,WEST,EKPC,EKPC,2416.538,True
8/5/2024 10:00:00 PM,8/5/2024 6:00:00 PM,SERC,WEST,EKPC,EKPC,2376.965,True
8/5/2024 11:00:00 PM,8/5/2024 7:00:00 PM,SERC,WEST,EKPC,EKPC,2339.183,True
8/6/2024 12:00:00 AM,8/5/2024 8:00:00 PM,SERC,WEST,EKPC,EKPC,2341.562,True
8/6/2024 1:00:00 AM,8/5/2024 9:00:00 PM,SERC,WEST,EKPC,EKPC,2206.432,True
8/6/2024 2:00:00 AM,8/5/2024 10:00:00 PM,SERC,WEST,EKPC,EKPC,2081.329,True
8/6/2024 3:00:00 AM,8/5/2024 11:00:00 PM,SERC,WEST,EKPC,EKPC,1897.070,True
8/6/2024 4:00:00 AM,8/6/2024 12:00:00 AM,SERC,WEST,EKPC,EKPC,1648.426,True
8/6/2024 5:00:00 AM,8/6/2024 1:00:00 AM,SERC,WEST,EKPC,EKPC,1497.665,True
8/6/2024 6:00:00 AM,8/6/2024 2:00:00 AM,SERC,WEST,EKPC,EKPC,1430.180,True
8/6/2024 7:00:00 AM,8/6/2024 3:00:00 AM,SERC,WEST,EKPC,EKPC,1343.909,True
8/6/2024 8:00:00 AM,8/6/2024 4:00:00 AM,SERC,WEST,EKPC,EKPC,1354.515,True
8/6/2024 9:00:00 AM,8/6/2024 5:00:00 AM,SERC,WEST,EKPC,EKPC,1408.856,True
8/6/2024 10:00:00 AM,8/6/2024 6:00:00 AM,SERC,WEST,EKPC,EKPC,1496.328,True
8/6/2024 11:00:00 AM,8/6/2024 7:00:00 AM,SERC,WEST,EKPC,EKPC,1559.702,True
8/6/2024 12:00:00 PM,8/6/2024 8:00:00 AM,SERC,WEST,EKPC,EKPC,1585.002,True
8/6/2024 1:00:00 PM,8/6/2024 9:00:00 AM,SERC,WEST,EKPC,EKPC,1595.894,True
8/6/2024 2:00:00 PM,8/6/2024 10:00:00 AM,SERC,WEST,EKPC,EKPC,1846.068,True
8/6/2024 3:00:00 PM,8/6/2024 11:00:00 AM,SERC,WEST,EKPC,EKPC,1959.265,True
8/6/2024 4:00:00 PM,8/6/2024 12:00:00 PM,SERC,WEST,EKPC,EKPC,2201.482,True
8/6/2024 5:00:00 PM,8/6/2024 1:00:00 PM,SERC,WEST,EKPC,EKPC,2233.966,True
8/6/2024 6:00:00 PM,8/6/2024 2:00:00 PM,SERC,WEST,EKPC,EKPC,2300.738,True
8/6/2024 7:00:00 PM,8/6/2024 3:00:00 PM,SERC,WEST,EKPC,EKPC,2364.187,True
8/6/2024 8:00:00 PM,8/6/2024 4:00:00 PM,SERC,WEST,EKPC,EKPC,2485.577,True
8/6/2024 9:00:00 PM,8/6/2024 5:00:00 PM,SERC,WEST,EKPC,EKPC,2543.209,True
8/6/2024 10:00:00 PM,8/6/2024 6:00:00 PM,SERC,WEST,EKPC,EKPC,2560.031,True
8/6/2024 11:00:00 PM,8/6/2024 7:00:00 PM,SERC,WEST,EKPC,EKPC,2507.986,True
8/7/2024 12:00:00 AM,8/6/2024 8:00:00 PM,SERC,WEST,EKPC,EKPC,2374.584,True
8/7/2024 1:00:00 AM,8/6/2024 9:00:00 PM,SERC,WEST,EKPC,EKPC,2231.191,True
8/7/2024 2:00:00 AM,8/6/2024 10:00:00 PM,SERC,WEST,EKPC,EKPC,2063.386,True
8/7/2024 3:00:00 AM,8/6/2024 11:00:00 PM,SERC,WEST,EKPC,EKPC,1830.625,True
8/7/2024 4:00:00 AM,8/7/2024 12:00:00 AM,SERC,WEST,EKPC,EKPC,1750.190,True
8/7/2024 5:00:00 AM,8/7/2024 1:00:00 AM,SERC,WEST,EKPC,EKPC,1661.600,True
8/7/2024 6:00:00 AM,8/7/2024 2:00:00 AM,SERC,WEST,EKPC,EKPC,1566.068,True
8/7/2024 7:00:00 AM,8/7/2024 3:00:00 AM,SERC,WEST,EKPC,EKPC,1483.310,True
8/7/2024 8:00:00 AM,8/7/2024 4:00:00 AM,SERC,WEST,EKPC,EKPC,1338.810,True
8/7/2024 9:00:00 AM,8/7/2024 5:00:00 AM,SERC,WEST,EKPC,EKPC,1343.136,True
8/7/2024 10:00:00 AM,8/7/2024 6:00:00 AM,SERC,WEST,EKPC,EKPC,1398.284,True
8/7/2024 11:00:00 AM,8/7/2024 7:00:00 AM,SERC,WEST,EKPC,EKPC,1410.714,True
8/7/2024 12:00:00 PM,8/7/2024 8:00:00 AM,SERC,WEST,EKPC,EKPC,1478.160,True
8/7/2024 1:00:00 PM,8/7/2024 9:00:00 AM,SERC,WEST,EKPC,EKPC,1560.338,True
8/7/2024 2:00:00 PM,8/7/2024 10:00:00 AM,SERC,WEST,EKPC,EKPC,1681.573,True
8/7/2024 3:00:00 PM,8/7/2024 11:00:00 AM,SERC,WEST,EKPC,EKPC,1836.564,True
8/7/2024 4:00:00 PM,8/7/2024 12:00:00 PM,SERC,WEST,EKPC,EKPC,1945.821,True
8/7/2024 5:00:00 PM,8/7/2024 1:00:00 PM,SERC,WEST,EKPC,EKPC,2066.425,True
8/7/2024 6:00:00 PM,8/7/2024 2:00:00 PM,SERC,WEST,EKPC,EKPC,2191.712,True
8/7/2024 7:00:00 PM,8/7/2024 3:00:00 PM,SERC,WEST,EKPC,EKPC,2341.385,True
8/7/2024 8:00:00 PM,8/7/2024 4:00:00 PM,SERC,WEST,EKPC,EKPC,2369.414,True
8/7/2024 9:00:00 PM,8/7/2024 5:00:00 PM,SERC,WEST,EKPC,EKPC,2344.834,True
8/7/2024 10:00:00 PM,8/7/2024 6:00:00 PM,SERC,WEST,EKPC,EKPC,2267.090,True
8/7/2024 11:00:00 PM,8/7/2024 7:00:00 PM,SERC,WEST,EKPC,EKPC,2211.932,True
8/8/2024 12:00:00 AM,8/7/2024 8:00:00 PM,SERC,WEST,EKPC,EKPC,2182.531,True
8/8/2024 1:00:00 AM,8/7/2024 9:00:00 PM,SERC,WEST,EKPC,EKPC,2124.875,True
8/8/2024 2:00:00 AM,8/7/2024 10:00:00 PM,SERC,WEST,EKPC,EKPC,1953.342,True
8/8/2024 3:00:00 AM,8/7/2024 11:00:00 PM,SERC,WEST,EKPC,EKPC,1858.183,True
8/8/2024 4:00:00 AM,8/8/2024 12:00:00 AM,SERC,WEST,EKPC,EKPC,1697.513,True
8/8/2024 5:00:00 AM,8/8/2024 1:00:00 AM,SERC,WEST,EKPC,EKPC,1601.047,True
8/8/2024 6:00:00 AM,8/8/2024 2:00:00 AM,SERC,WEST,EKPC,EKPC,1488.547,True
8/8/2024 7:00:00 AM,8/8/2024 3:00:00 AM,SERC,WEST,EKPC,EKPC,1322.634,True
8/8/2024 8:00:00 AM,8/8/2024 4:00:00 AM,SERC,WEST,EKPC,EKPC,1325.831,True
8/8/2024 9:00:00 AM,8/8/2024 5:00:00 AM,SERC,WEST,EKPC,EKPC,1288.428,True
8/8/2024 10:00:00 AM,8/8/2024 6:00:00 AM,SERC,WEST,EKPC,EKPC,1469.427,True
8/8/2024 11:00:00 AM,8/8/2024 7:00:00 AM,SERC,WEST,EKPC,EKPC,1584.779,True
8/8/2024 12:00:00 PM,8/8/2024 8:00:00 AM,SERC,WEST,EKPC,EKPC,1623.597,True
8/8/2024 1:00:00 PM,8/8/2024 9:00:00 AM,SERC,WEST,EKPC,EKPC,1656.412,True
8/8/2024 2:00:00 PM,8/8/2024 10:00:00 AM,SERC,WEST,EKPC,EKPC,1648.106,True
8/8/2024 3:00:00 PM,8/8/2024 11:00:00 AM,SERC,WEST,EKPC,EKPC,1850.717,True
8/8/2024 4:00:00 PM,8/8/2024 12:00:00 PM,SERC,WEST,EKPC,EKPC,2036.051,True
8/8/2024 5:00:00 PM,8/8/2024 1:00:00 PM,SERC,WEST,EKPC,EKPC,2198.776,True
8/8/2024 6:00:00 PM,8/8/2024 2:00:00 PM,SERC,WEST,EKPC,EKPC,2285.917,True
8/8/2024 7:00:00 PM,8/8/2024 3:00:00 PM,SERC,WEST,EKPC,EKPC,2340.545,True
8/8/2024 8:00:00 PM,8/8/2024 4:00:00 PM,SERC,WEST,EKPC,EKPC,2331.562,True
8/8/2024 9:00:00 PM,8/8/2024 5:00:00 PM,SERC,WEST,EKPC,EKPC,2340.650,True
8/8/2024 10:00:00 PM,8/8/2024 6:00:00 PM,SERC,WEST,EKPC,EKPC,2312.670,True
8/8/2024 11:00:00 PM,8/8/2024 7:00:00 PM,SERC,WEST,EKPC,EKPC,2123.846,True
8/9/2024 12:00:00 AM,8/8/2024 8:00:00 PM,SERC,WEST,EKPC,EKPC,2041.731,True
8/9/2024 1:00:00 AM,8/8/2024 9:00:00 PM,SERC,WEST,EKPC,EKPC,2036.094,True
8/9/2024 2:00:00 AM,8/8/2024 10:00:00 PM,SERC,WEST,EKPC,EKPC,1823.211,True
8/9/2024 3:00:00 AM,8/8/2024 11:00:00 PM,SERC,WEST,EKPC,EKPC,1661.209,True
8/9/2024 4:00:00 AM,8/9/2024 12:00:00 AM,SERC,WEST,EKPC,EKPC,1541.674,True
8/9/2024 5:00:00 AM,8/9/2024 1:00:00 AM,SERC,WEST,EKPC,EKPC,1483.585,True
8/9/2024 6:00:00 AM,8/9/2024 2:00:00 AM,SERC,WEST,EKPC,EKPC,1391.676,True
8/9/2024 7:00:00 AM,8/9/2024 3:00:00 AM,SERC,WEST,EKPC,EKPC,1417.250,True
8/9/2024 8:00:00 AM,8/9/2024 4:00:00 AM,SERC,WEST,EKPC,EKPC,1385.163,True
8/9/2024 9:00:00 AM,8/9/2024 5:00:00 AM,SERC,WEST,EKPC,EKPC,1353.399,True
8/9/2024 10:00:00 AM,8/9/2024 6:00:00 AM,SERC,WEST,EKPC,EKPC,1463.197,True
8/9/2024 11:00:00 AM,8/9/2024 7:00:00 AM,SERC,WEST,EKPC,EKPC,1470.566,True
8/9/2024 12:00:00 PM,8/9/2024 8:00:00 AM,SERC,WEST,EKPC,EKPC,1560.348,True
8/9/2024 1:00:00 PM,8/9/2024 9:00:00 AM,SERC,WEST,EKPC,EKPC,1609.795,True
8/9/2024 2:00:00 PM,8/9/2024 10:00:00 AM,SERC,WEST,EKPC,EKPC,1694.533,True
8/9/2024 3:00:00 PM,8/9/2024 11:00:00 AM,SERC,WEST,EKPC,EKPC,1903.269,True
8/9/2024 4:00:00 PM,8/9/2024 12:00:00 PM,SERC,WEST,EKPC,EKPC,1951.105,True
8/9/2024 5:00:00 PM,8/9/2024 1:00:00 PM,SERC,WEST,EKPC,EKPC,2062.469,True
8/9/2024 6:00:00 PM,8/9/2024 2:00:00 PM,SERC,WEST,EKPC,EKPC,2156.582,True
8/9/2024 7:00:00 PM,8/9/2024 3:00:00 PM,SERC,WEST,EKPC,EKPC,2204.256,True
8/9/2024 8:00:00 PM,8/9/2024 4:00:00 PM,SERC,WEST,EKPC,EKPC,2213.907,True
8/9/2024 9:00:00 PM,8/9/2024 5:00:00 PM,SERC,WEST,EKPC,EKPC,2193.779,True
8/9/2024 10:00:00 PM,8/9/2024 6:00:00 PM,SERC,WEST,EKPC,EKPC,2194.591,True
8/9/2024 11:00:00 PM,8/9/2024 7:00:00 PM,SERC,WEST,EKPC,EKPC,2090.622,True
8/10/2024 12:00:00 AM,8/9/2024 8:00:00 PM,SERC,WEST,EKPC,EKPC,1951.930,True
8/10/2024 1:00:00 AM,8/9/2024 9:00:00 PM,SERC,WEST,EKPC,EKPC,1839.434,True
8/10/2024 2:00:00 AM,8/9/2024 10:00:00 PM,SERC,WEST,EKPC,EKPC,1682.013,True
8/10/2024 3:00:00 AM,8/9/2024 11:00:00 PM,SERC,WEST,EKPC,EKPC,1485.235,True
8/10/2024 4:00:00 AM,8/10/2024 12:00:00 AM,SERC,WEST,EKPC,EKPC,1488.337,True
8/10/2024 5:00:00 AM,8/10/2024 1:00:00 AM,SERC,WEST,EKPC,EKPC,1400.986,True
8/10/2024 6:00:00 AM,8/10/2024 2:00:00 AM,SERC,WEST,EKPC,EKPC,1287.533,True
8/10/2024 7:00:00 AM,8/10/2024 3:00:00 AM,SERC,WEST,EKPC,EKPC,1243.356,True
8/10/2024 8:00:00 AM,8/10/2024 4:00:00 AM,SERC,WEST,EKPC,EKPC,1176.852,True
8/10/2024 9:00:00 AM,8/10/2024 5:00:00 AM,SERC,WEST,EKPC,EKPC,1185.471,True
8/10/2024 10:00:00 AM,8/10/2024 6:00:00 AM,SERC,WEST,EKPC,EKPC,1197.822,True
8/10/2024 11:00:00 AM,8/10/2024 7:00:00 AM,SERC,WEST,EKPC,EKPC,1196.013,True
8/10/2024 12:00:00 PM,8/10/2024 8:00:00 AM,SERC,WEST,EKPC,EKPC,1332.055,True
8/10/2024 1:00:00 PM,8/10/2024 9:00:00 AM,SERC,WEST,EKPC,EKPC,1358.611,True
8/10/2024 2:00:00 PM,8/10/2024 10:00:00 AM,SERC,WEST,EKPC,EKPC,1499.058,True
8/10/2024 3:00:00 PM,8/10/2024 11:00:00 AM,SERC,WEST,EKPC,EKPC,1565.434,True
8/10/2024 4:00:00 PM,8/10/2024 12:00:00 PM,SERC,WEST,EKPC,EKPC,1660.076,True
8/10/2024 5:00:00 PM,8/10/2024 1:00:00 PM,SERC,WEST,EKPC,EKPC,1730.249,True
8/10/2024 6:00:00 PM,8/10/2024 2:00:00 PM,SERC,WEST,EKPC,EKPC,1699.552,True
8/10/2024 7:00:00 PM,8/10/2024 3:00:00 PM,SERC,WEST,EKPC,EKPC,1715.381,True
8/10/2024 8:00:00 PM,8/10/2024 4:00:00 PM,SERC,WEST,EKPC,EKPC,1857.798,True
8/10/2024 9:00:00 PM,8/10/2024 5:00:00 PM,SERC,WEST,EKPC,EKPC,1937.115,True
8/10/2024 10:00:00 PM,8/10/2024 6:00:00 PM,SERC,WEST,EKPC,EKPC,1926.338,True
8/10/2024 11:00:00 PM,8/10/2024 7:00:00 PM,SERC,WEST,EKPC,EKPC,1855.207,True
8/11/2024 12:00:00 AM,8/10/2024 8:00:00 PM,SERC,WEST,EKPC,EKPC,1737.609,True
8/11/2024 1:00:00 AM,8/10/2024 9:00:00 PM,SERC,WEST,EKPC,EKPC,1653.713,True
8/11/2024 2:00:00 AM,8/10/2024 10:00:00 PM,SERC,WEST,EKPC,EKPC,1540.400,True
8/11/2024 3:00:00 AM,8/10/2024 11:00:00 PM,SERC,WEST,EKPC,EKPC,1389.418,True
8/11/2024 4:00:00 AM,8/11/2024 12:00:00 AM,SERC,WEST,EKPC,EKPC,1257.023,True
8/11/2024 5:00:00 AM,8/11/2024 1:00:00 AM,SERC,WEST,EKPC,EKPC,1117.388,True
8/11/2024 6:00:00 AM,8/11/2024 2:00:00 AM,SERC,WEST,EKPC,EKPC,1156.639,True
8/11/2024 7:00:00 AM,8/11/2024 3:00:00 AM,SERC,WEST,EKPC,EKPC,1071.853,True
8/11/2024 8:00:00 AM,8/11/2024 4:00:00 AM,SERC,WEST,EKPC,EKPC,1086.966,True
8/11/2024 9:00:00 AM,8/11/2024 5:00:00 AM,SERC,WEST,EKPC,EKPC,1075.504,True
8/11/2024 10:00:00 AM,8/11/2024 6:00:00 AM,SERC,WEST,EKPC,EKPC,1056.849,True
8/11/2024 11:00:00 AM,8/11/2024 7:00:00 AM,SERC,WEST,EKPC,EKPC,1086.936,True
8/11/2024 12:00:00 PM,8/11/2024 8:00:00 AM,SERC,WEST,EKPC,EKPC,1258.569,True
8/11/2024 1:00:00 PM,8/11/2024 9:00:00 AM,SERC,WEST,EKPC,EKPC,1356.594,True
8/11/2024 2:00:00 PM,8/11/2024 10:00:00 AM,SERC,WEST,EKPC,EKPC,1430.975,True
8/11/2024 3:00:00 PM,8/11/2024 11:00:00 AM,SERC,WEST,EKPC,EKPC,1531.731,True
8/11/2024 4:00:00 PM,8/11/2024 12:00:00 PM,SERC,WEST,EKPC,EKPC,1626.642,True
8/11/2024 5:00:00 PM,8/11/2024 1:00:00 PM,SERC,WEST,EKPC,EKPC,1745.783,True
8/11/2024 6:00:00 PM,8/11/2024 2:00:00 PM,SERC,WEST,EKPC,EKPC,1812.014,True
8/11/2024 7:00:00 PM,8/11/2024 3:00:00 PM,SERC,WEST,EKPC,EKPC,1875.213,True
8/11/2024 8:00:00 PM,8/11/2024 4:00:00 PM,SERC,WEST,EKPC,EKPC,1907.301,True
8/11/2024 9:00:00 PM,8/11/2024 5:00:00 PM,SERC,WEST,EKPC,EKPC,1872.224,True
8/11/2024 10:00:00 PM,8/11/2024 6:00:00 PM,SERC,WEST,EKPC,EKPC,1880.011,True
8/11/2024 11:00:00 PM,8/11/2024 7:00:00 PM,SERC,WEST,EKPC,EKPC,1929.644,True
8/12/2024 12:00:00 AM,8/11/2024 8:00:00 PM,SERC,WEST,EKPC,EKPC,1785.689,True
8/12/2024 1:00:00 AM,8/11/2024 9:00:00 PM,SERC,WEST,EKPC,EKPC,1742.336,True
8/12/2024 2:00:00 AM,8/11/2024 10:00:00 PM,SERC,WEST,EKPC,EKPC,1602.790,True
8/12/2024 3:00:00 AM,8/11/2024 11:00:00 PM,SERC,WEST,EKPC,EKPC,1417.189,True
8/12/2024 4:00:00 AM,8/12/2024 12:00:00 AM,SERC,WEST,EKPC,EKPC,1218.253,True
8/12/2024 5:00:00 AM,8/12/2024 1:00:00 AM,SERC,WEST,EKPC,EKPC,1097.076,True
8/12/2024 6:00:00 AM,8/12/2024 2:00:00 AM,SERC,WEST,EKPC,EKPC,1161.665,True
8/12/2024 7:00:00 AM,8/12/2024 3:00:00 AM,SERC,WEST,EKPC,EKPC,1156.519,True
8/12/2024 8:00:00 AM,8/12/2024 4:00:00 AM,SERC,WEST,EKPC,EKPC,1162.762,True
8/12/2024 9:00:00 AM,8/12/2024 5:00:00 AM,SERC,WEST,EKPC,EKPC,1220.487,True
8/12/2024 10:00:00 AM,8/12/2024 6:00:00 AM,SERC,WEST,EKPC,EKPC,1292.065,True
8/12/2024 11:00:00 AM,8/12/2024 7:00:00 AM,SERC,WEST,EKPC,EKPC,1357.337,True
8/12/2024 12:00:00 PM,8/12/2024 8:00:00 AM,SERC,WEST,EKPC,EKPC,1378.361,True
8/12/2024 1:00:00 PM,8/12/2024 9:00:00 AM,SERC,WEST,EKPC,EKPC,1397.596,True
8/12/2024 2:00:00 PM,8/12/2024 10:00:00 AM,SERC,WEST,EKPC,EKPC,1404.383,True
8/12/2024 3:00:00 PM,8/12/2024 11:00:00 AM,SERC,WEST,EKPC,EKPC,1483.994,True
8/12/2024 4:00:00 PM,8/12/2024 12:00:00 PM,SERC,WEST,EKPC,EKPC,1716.282,True
8/12/2024 5:00:00 PM,8/12/2024 1:00:00 PM,SERC,WEST,EKPC,EKPC,1814.995,True
8/12/2024 6:00:00 PM,8/12/2024 2:00:00 PM,SERC,WEST,EKPC,EKPC,1898.209,True
8/12/2024 7:00:00 PM,8/12/2024 3:00:00 PM,SERC,WEST,EKPC,EKPC,1966.222,True
8/12/2024 8:00:00 PM,8/12/2024 4:00:00 PM,SERC,WEST,EKPC,EKPC,2020.443,True
8/12/2024 9:00:00 PM,8/12/2024 5:00:00 PM,SERC,WEST,EKPC,EKPC,2011.501,True
8/12/2024 10:00:00 PM,8/12/2024 6:00:00 PM,SERC,WEST,EKPC,EKPC,2017.927,True
8/12/2024 11:00:00 PM,8/12/2024 7:00:00 PM,SERC,WEST,EKPC,EKPC,1941.423,True
8/13/2024 12:00:00 AM,8/12/2024 8:00:00 PM,SERC,WEST,EKPC,EKPC,1860.589,True
8/13/2024 1:00:00 AM,8/12/2024 9:00:00 PM,SERC,WEST,EKPC,EKPC,1799.240,True
8/13/2024 2:00:00 AM,8/12/2024 10:00:00 PM,SERC,WEST,EKPC,EKPC,1583.923,True
8/13/2024 3:00:00 AM,8/12/2024 11:00:00 PM,SERC,WEST,EKPC,EKPC,1421.915,True
8/13/2024 4:00:00 AM,8/13/2024 12:00:00 AM,SERC,WEST,EKPC,EKPC,1336.574,True
8/13/2024 5:00:00 AM,8/13/2024 1:00:00 AM,SERC,WEST,EKPC,EKPC,1345.959,True
8/13/2024 6:00:00 AM,8/13/2024 2:00:00 AM,SERC,WEST,EKPC,EKPC,1280.085,True
8/13/2024 7:00:00 AM,8/13/2024 3:00:00 AM,SERC,WEST,EKPC,EKPC,1277.983,True
8/13/2024 8:00:00 AM,8/13/2024 4:00:00 AM,SERC,WEST,EKPC,EKPC,1239.979,True
8/13/2024 9:00:00 AM,8/13/2024 5:00:00 AM,SERC,WEST,EKPC,EKPC,1225.926,True
8/13/2024 10:00:00 AM,8/13/2024 6:00:00 AM,SERC,WEST,EKPC,EKPC,1391.218,True
8/13/2024 11:00:00 AM,8/13/2024 7:00:00 AM,SERC,WEST,EKPC,EKPC,1481.003,True
8/13/2024 12:00:00 PM,8/13/2024 8:00:00 AM,SERC,WEST,EKPC,EKPC,1388.183,True
8/13/2024 1:00:00 PM,8/13/2024 9:00:00 AM,SERC,WEST,EKPC,EKPC,1509.970,True
8/13/2024 2:00:00 PM,8/13/2024 10:00:00 AM,SERC,WEST,EKPC,EKPC,1645.880,True
8/13/2024 3:00:00 PM,8/13/2024 11:00:00 AM,SERC,WEST,EKPC,EKPC,1773.795,True
8/13/2024 4:00:00 PM,8/13/2024 12:00:00 PM,SERC,WEST,EKPC,EKPC,1865.559,True
8/13/2024 5:00:00 PM,8/13/2024 1:00:00 PM,SERC,WEST,EKPC,EKPC,1937.203,True
8/13/2024 6:00:00 PM,8/13/2024 2:00:00 PM,SERC,WEST,EKPC,EKPC,2008.498,True
8/13/2024 7:00:00 PM,8/13/2024 3:00:00 PM,SERC,WEST,EKPC,EKPC,2008.653,True
8/13/2024 8:00:00 PM,8/13/2024 4:00:00 PM,SERC,WEST,EKPC,EKPC,2146.284,True
8/13/2024 9:00:00 PM,8/13/2024 5:00:00 PM,SERC,WEST,EKPC,EKPC,2197.920,True
8/13/2024 10:00:00 PM,8/13/2024 6:00:00 PM,SERC,WEST,EKPC,EKPC,2156.014,True
8/13/2024 11:00:00 PM,8/13/2024 7:00:00 PM,SERC,WEST,EKPC,EKPC,2103.316,True
8/14/2024 12:00:00 AM,8/13/2024 8:00:00 PM,SERC,WEST,EKPC,EKPC,2033.862,True
8/14/2024 1:00:00 AM,8/13/2024 9:00:00 PM,SERC,WEST,EKPC,EKPC,1931.145,True
8/14/2024 2:00:00 AM,8/13/2024 10:00:00 PM,SERC,WEST,EKPC,EKPC,1747.748,True
8/14/2024 3:00:00 AM,8/13/2024 11:00:00 PM,SERC,WEST,EKPC,EKPC,1551.485,True
8/14/2024 4:00:00 AM,8/14/2024 12:00:00 AM,SERC,WEST,EKPC,EKPC,1360.758,True
8/14/2024 5:00:00 AM,8/14/2024 1:00:00 AM,SERC,WEST,EKPC,EKPC,1304.080,True
8/14/2024 6:00:00 AM,8/14/2024 2:00:00 AM,SERC,WEST,EKPC,EKPC,1239.202,True
8/14/2024 7:00:00 AM,8/14/2024 3:00:00 AM,SERC,WEST,EKPC,EKPC,1195.151,True
8/14/2024 8:00:00 AM,8/14/2024 4:00:00 AM,SERC,WEST,EKPC,EKPC,1164.183,True
8/14/2024 9:00:00 AM,8/14/2024 5:00:00 AM,SERC,WEST,EKPC,EKPC,1130.420,True
8/14/2024 10:00:00 AM,8/14/2024 6:00:00 AM,SERC,WEST,EKPC,EKPC,1215.027,True
8/14/2024 11:00:00 AM,8/14/2024 7:00:00 AM,SERC,WEST,EKPC,EKPC,1234.880,True
8/14/2024 12:00:00 PM,8/14/2024 8:00:00 AM,SERC,WEST,EKPC,EKPC,1281.292,True
8/14/2024 1:00:00 PM,8/14/2024 9:00:00 AM,SERC,WEST,EKPC,EKPC,1357.877,True
8/14/2024 2:00:00 PM,8/14/2024 10:00:00 AM,SERC,WEST,EKPC,EKPC,1473.068,True
8/14/2024 3:00:00 PM,8/14/2024 11:00:00 AM,SERC,WEST,EKPC,EKPC,1618.496,True
8/14/2024 4:00:00 PM,8/14/2024 12:00:00 PM,SERC,WEST,EKPC,EKPC,1736.246,True
8/14/2024 5:00:00 PM,8/14/2024 1:00:00 PM,SERC,WEST,EKPC,EKPC,1868.987,True
8/14/2024 6:00:00 PM,8/14/2024 2:00:00 PM,SERC,WEST,EKPC,EKPC,1960.487,True
8/14/2024 7:00:00 PM,8/14/2024 3:00:00 PM,SERC,WEST,EKPC,EKPC,2032.163,True
8/14/2024 8:00:00 PM,8/14/2024 4:00:00 PM,SERC,WEST,EKPC,EKPC,2113.663,True
8/14/2024 9:00:00 PM,8/14/2024 5:00:00 PM,SERC,WEST,EKPC,EKPC,2142.409,True
8/14/2024 10:00:00 PM,8/14/2024 6:00:00 PM,SERC,WEST,EKPC,EKPC,2136.320,True
8/14/2024 11:00:00 PM,8/14/2024 7:00:00 PM,SERC,WEST,EKPC,EKPC,2055.282,True
8/15/2024 12:00:00 AM,8/14/2024 8:00:00 PM,SERC,WEST,EKPC,EKPC,2006.945,True
8/15/2024 1:00:00 AM,8/14/2024 9:00:00 PM,SERC,WEST,EKPC,EKPC,1846.847,True
8/15/2024 2:00:00 AM,8/14/2024 10:00:00 PM,SERC,WEST,EKPC,EKPC,1691.744,True
8/15/2024 3:00:00 AM,8/14/2024 11:00:00 PM,SERC,WEST,EKPC,EKPC,1493.586,True
8/15/2024 4:00:00 AM,8/15/2024 12:00:00 AM,SERC,WEST,EKPC,EKPC,1354.916,True
8/15/2024 5:00:00 AM,8/15/2024 1:00:00 AM,SERC,WEST,EKPC,EKPC,1294.643,True
8/15/2024 6:00:00 AM,8/15/2024 2:00:00 AM,SERC,WEST,EKPC,EKPC,1235.741,True
8/15/2024 7:00:00 AM,8/15/2024 3:00:00 AM,SERC,WEST,EKPC,EKPC,1222.173,True
8/15/2024 8:00:00 AM,8/15/2024 4:00:00 AM,SERC,WEST,EKPC,EKPC,1224.747,True
8/15/2024 9:00:00 AM,8/15/2024 5:00:00 AM,SERC,WEST,EKPC,EKPC,1274.188,True
8/15/2024 10:00:00 AM,8/15/2024 6:00:00 AM,SERC,WEST,EKPC,EKPC,1373.460,True
8/15/2024 11:00:00 AM,8/15/2024 7:00:00 AM,SERC,WEST,EKPC,EKPC,1350.104,True
8/15/2024 12:00:00 PM,8/15/2024 8:00:00 AM,SERC,WEST,EKPC,EKPC,1316.896,True
8/15/2024 1:00:00 PM,8/15/2024 9:00:00 AM,SERC,WEST,EKPC,EKPC,1423.960,True
8/15/2024 2:00:00 PM,8/15/2024 10:00:00 AM,SERC,WEST,EKPC,EKPC,1618.501,True
8/15/2024 3:00:00 PM,8/15/2024 11:00:00 AM,SERC,WEST,EKPC,EKPC,1779.785,True
8/15/2024 4:00:00 PM,8/15/2024 12:00:00 PM,SERC,WEST,EKPC,EKPC,1918.341,True
8/15/2024 5:00:00 PM,8/15/2024 1:00:00 PM,SERC,WEST,EKPC,EKPC,2093.801,True
8/15/2024 6:00:00 PM,8/15/2024 2:00:00 PM,SERC,WEST,EKPC,EKPC,2128.591,True
8/15/2024 7:00:00 PM,8/15/2024 3:00:00 PM,SERC,WEST,EKPC,EKPC,2253.871,True
8/15/2024 8:00:00 PM,8/15/2024 4:00:00 PM,SERC,WEST,EKPC,EKPC,2306.147,True
8/15/2024 9:00:00 PM,8/15/2024 5:00:00 PM,SERC,WEST,EKPC,EKPC,2304.093,True
8/15/2024 10:00:00 PM,8/15/2024 6:00:00 PM,SERC,WEST,EKPC,EKPC,2313.550,True
8/15/2024 11:00:00 PM,8/15/2024 7:00:00 PM,SERC,WEST,EKPC,EKPC,2266.411,True
8/16/2024 12:00:00 AM,8/15/2024 8:00:00 PM,SERC,WEST,EKPC,EKPC,2035.721,True
8/16/2024 1:00:00 AM,8/15/2024 9:00:00 PM,SERC,WEST,EKPC,EKPC,1919.520,True
8/16/2024 2:00:00 AM,8/15/2024 10:00:00 PM,SERC,WEST,EKPC,EKPC,1764.826,True
8/16/2024 3:00:00 AM,8/15/2024 11:00:00 PM,SERC,WEST,EKPC,EKPC,1682.016,True
8/16/2024 4:00:00 AM,8/16/2024 12:00:00 AM,SERC,WEST,EKPC,EKPC,1607.452,True
8/16/2024 5:00:00 AM,8/16/2024 1:00:00 AM,SERC,WEST,EKPC,EKPC,1523.871,True
8/16/2024 6:00:00 AM,8/16/2024 2:00:00 AM,SERC,WEST,EKPC,EKPC,1445.921,True
8/16/2024 7:00:00 AM,8/16/2024 3:00:00 AM,SERC,WEST,EKPC,EKPC,1418.880,True
8/16/2024 8:00:00 AM,8/16/2024 4:00:00 AM,SERC,WEST,EKPC,EKPC,1354.117,True
8/16/2024 9:00:00 AM,8/16/2024 5:00:00 AM,SERC,WEST,EKPC,EKPC,1363.873,True
8/16/2024 10:00:00 AM,8/16/2024 6:00:00 AM,SERC,WEST,EKPC,EKPC,1471.272,True
8/16/2024 11:00:00 AM,8/16/2024 7:00:00 AM,SERC,WEST,EKPC,EKPC,1581.924,True
8/16/2024 12:00:00 PM,8/16/2024 8:00:00 AM,SERC,WEST,EKPC,EKPC,1524.574,True
8/16/2024 1:00:00 PM,8/16/2024 9:00:00 AM,SERC,WEST,EKPC,EKPC,1575.785,True
8/16/2024 2:00:00 PM,8/16/2024 10:00:00 AM,SERC,WEST,EKPC,EKPC,1678.910,True
8/16/2024 3:00:00 PM,8/16/2024 11:00:00 AM,SERC,WEST,EKPC,EKPC,1753.094,True
8/16/2024 4:00:00 PM,8/16/2024 12:00:00 PM,SERC,WEST,EKPC,EKPC,1851.705,True
8/16/2024 5:00:00 PM,8/16/2024 1:00:00 PM,SERC,WEST,EKPC,EKPC,1837.315,True
8/16/2024 6:00:00 PM,8/16/2024 2:00:00 PM,SERC,WEST,EKPC,EKPC,1957.337,True
8/16/2024 7:00:00 PM,8/16/2024 3:00:00 PM,SERC,WEST,EKPC,EKPC,2015.801,True
8/16/2024 8:00:00 PM,8/16/2024 4:00:00 PM,SERC,WEST,EKPC,EKPC,2045.486,True
8/16/2024 9:00:00 PM,8/16/2024 5:00:00 PM,SERC,WEST,EKPC,EKPC,2148.410,True
8/16/2024 10:00:00 PM,8/16/2024 6:00:00 PM,SERC,WEST,EKPC,EKPC,2156.459,True
8/16/2024 11:00:00 PM,8/16/2024 7:00:00 PM,SERC,WEST,EKPC,EKPC,2134.641,True
8/17/2024 12:00:00 AM,8/16/2024 8:00:00 PM,SERC,WEST,EKPC,EKPC,2010.829,True
8/17/2024 1:00:00 AM,8/16/2024 9:00:00 PM,SERC,WEST,EKPC,EKPC,1940.007,True
8/17/2024 2:00:00 AM,8/16/2024 10:00:00 PM,SERC,WEST,EKPC,EKPC,1752.019,True
8/17/2024 3:00:00 AM,8/16/2024 11:00:00 PM,SERC,WEST,EKPC,EKPC,1598.010,True
8/17/2024 4:00:00 AM,8/17/2024 12:00:00 AM,SERC,WEST,EKPC,EKPC,1538.477,True
8/17/2024 5:00:00 AM,8/17/2024 1:00:00 AM,SERC,WEST,EKPC,EKPC,1364.823,True
8/17/2024 6:00:00 AM,8/17/2024 2:00:00 AM,SERC,WEST,EKPC,EKPC,1325.932,True
8/17/2024 7:00:00 AM,8/17/2024 3:00:00 AM,SERC,WEST,EKPC,EKPC,1304.448,True
8/17/2024 8:00:00 AM,8/17/2024 4:00:00 AM,SERC,WEST,EKPC,EKPC,1283.190,True
8/17/2024 9:00:00 AM,8/17/2024 5:00:00 AM,SERC,WEST,EKPC,EKPC,1174.966,True
8/17/2024 10:00:00 AM,8/17/2024 6:00:00 AM,SERC,WEST,EKPC,EKPC,1213.987,True
8/17/2024 11:00:00 AM,8/17/2024 7:00:00 AM,SERC,WEST,EKPC,EKPC,1360.228,True
8/17/2024 12:00:00 PM,8/17/2024 8:00:00 AM,SERC,WEST,EKPC,EKPC,1439.311,True
8/17/2024 1:00:00 PM,8/17/2024 9:00:00 AM,SERC,WEST,EKPC,EKPC,1627.502,True
8/17/2024 2:00:00 PM,8/17/2024 10:00:00 AM,SERC,WEST,EKPC,EKPC,1651.517,True
8/17/2024 3:00:00 PM,8/17/2024 11:00:00 AM,SERC,WEST,EKPC,EKPC,1776.576,True
8/17/2024 4:00:00 PM,8/17/2024 12:00:00 PM,SERC,WEST,EKPC,EKPC,2077.040,True
8/17/2024 5:00:00 PM,8/17/2024 1:00:00 PM,SERC,WEST,EKPC,EKPC,2193.672,True
8/17/2024 6:00:00 PM,8/17/2024 2:00:00 PM,SERC,WEST,EKPC,EKPC,2286.822,True
8/17/2024 7:00:00 PM,8/17/2024 3:00:00 PM,SERC,WEST,EKPC,EKPC,2294.994,True
8/17/2024 8:00:00 PM,8/17/2024 4:00:00 PM,SERC,WEST,EKPC,EKPC,2248.259,True
8/17/2024 9:00:00 PM,8/17/2024 5:00:00 PM,SERC,WEST,EKPC,EKPC,2246.466,True
8/17/2024 10:00:00 PM,8/17/2024 6:00:00 PM,SERC,WEST,EKPC,EKPC,2008.860,True
8/17/2024 11:00:00 PM,8/17/2024 7:00:00 PM,SERC,WEST,EKPC,EKPC,1960.416,True
8/18/2024 12:00:00 AM,8/17/2024 8:00:00 PM,SERC,WEST,EKPC,EKPC,1935.786,True
8/18/2024 1:00:00 AM,8/17/2024 9:00:00 PM,SERC,WEST,EKPC,EKPC,1856.640,True
8/18/2024 2:00:00 AM,8/17/2024 10:00:00 PM,SERC,WEST,EKPC,EKPC,1678.806,True
8/18/2024 3:00:00 AM,8/17/2024 11:00:00 PM,SERC,WEST,EKPC,EKPC,1569.276,True
8/18/2024 4:00:00 AM,8/18/2024 12:00:00 AM,SERC,WEST,EKPC,EKPC,1443.243,True
8/18/2024 5:00:00 AM,8/18/2024 1:00:00 AM,SERC,WEST,EKPC,EKPC,1343.646,True
8/18/2024 6:00:00 AM,8/18/2024 2:00:00 AM,SERC,WEST,EKPC,EKPC,1285.373,True
8/18/2024 7:00:00 AM,8/18/2024 3:00:00 AM,SERC,WEST,EKPC,EKPC,1307.422,True
8/18/2024 8:00:00 AM,8/18/2024 4:00:00 AM,SERC,WEST,EKPC,EKPC,1230.965,True
8/18/2024 9:00:00 AM,8/18/2024 5:00:00 AM,SERC,WEST,EKPC,EKPC,1218.510,True
8/18/2024 10:00:00 AM,8/18/2024 6:00:00 AM,SERC,WEST,EKPC,EKPC,1207.514,True
8/18/2024 11:00:00 AM,8/18/2024 7:00:00 AM,SERC,WEST,EKPC,EKPC,1178.086,True
8/18/2024 12:00:00 PM,8/18/2024 8:00:00 AM,SERC,WEST,EKPC,EKPC,1269.998,True
8/18/2024 1:00:00 PM,8/18/2024 9:00:00 AM,SERC,WEST,EKPC,EKPC,1529.041,True
8/18/2024 2:00:00 PM,8/18/2024 10:00:00 AM,SERC,WEST,EKPC,EKPC,1641.820,True
8/18/2024 3:00:00 PM,8/18/2024 11:00:00 AM,SERC,WEST,EKPC,EKPC,1747.483,True
8/18/2024 4:00:00 PM,8/18/2024 12:00:00 PM,SERC,WEST,EKPC,EKPC,1809.019,True
8/18/2024 5:00:00 PM,8/18/2024 1:00:00 PM,SERC,WEST,EKPC,EKPC,1857.152,True
8/18/2024 6:00:00 PM,8/18/2024 2:00:00 PM,SERC,WEST,EKPC,EKPC,1940.926,True
8/18/2024 7:00:00 PM,8/18/2024 3:00:00 PM,SERC,WEST,EKPC,EKPC,1988.738,True
8/18/2024 8:00:00 PM,8/18/2024 4:00:00 PM,SERC,WEST,EKPC,EKPC,2034.278,True
8/18/2024 9:00:00 PM,8/18/2024 5:00:00 PM,SERC,WEST,EKPC,EKPC,2083.799,True
8/18/2024 10:00:00 PM,8/18/2024 6:00:00 PM,SERC,WEST,EKPC,EKPC,2041.004,True
8/18/2024 11:00:00 PM,8/18/2024 7:00:00 PM,SERC,WEST,EKPC,EKPC,1957.157,True
8/19/2024 12:00:00 AM,8/18/2024 8:00:00 PM,SERC,WEST,EKPC,EKPC,1885.300,True
8/19/2024 1:00:00 AM,8/18/2024 9:00:00 PM,SERC,WEST,EKPC,EKPC,1679.133,True
8/19/2024 2:00:00 AM,8/18/2024 10:00:00 PM,SERC,WEST,EKPC,EKPC,1552.520,True
8/19/2024 3:00:00 AM,8/18/2024 11:00:00 PM,SERC,WEST,EKPC,EKPC,1536.711,True
8/19/2024 4:00:00 AM,8/19/2024 12:00:00 AM,SERC,WEST,EKPC,EKPC,1358.782,True
8/19/2024 5:00:00 AM,8/19/2024 1:00:00 AM,SERC,WEST,EKPC,EKPC,1335.064,True
8/19/2024 6:00:00 AM,8/19/2024 2:00:00 AM,SERC,WEST,EKPC,EKPC,1258.725,True
8/19/2024 7:00:00 AM,8/19/2024 3:00:00 AM,SERC,WEST,EKPC,EKPC,1231.210,True
8/19/2024 8:00:00 AM,8/19/2024 4:00:00 AM,SERC,WEST,EKPC,EKPC,1286.946,True
8/19/2024 9:00:00 AM,8/19/2024 5:00:00 AM,SERC,WEST,EKPC,EKPC,1296.625,True
8/19/2024 10:00:00 AM,8/19/2024 6:00:00 AM,SERC,WEST,EKPC,EKPC,1435.552,True
8/19/2024 11:00:00 AM,8/19/2024 7:00:00 AM,SERC,WEST,EKPC,EKPC,1404.126,True
8/19/2024 12:00:00 PM,8/19/2024 8:00:00 AM,SERC,WEST,EKPC,EKPC,1494.076,True
8/19/2024 1:00:00 PM,8/19/2024 9:00:00 AM,SERC,WEST,EKPC,EKPC,1460.304,True
8/19/2024 2:00:00 PM,8/19/2024 10:00:00 AM,SERC,WEST,EKPC,EKPC,1588.081,True
8/19/2024 3:00:00 PM,8/19/2024 11:00:00 AM,SERC,WEST,EKPC,EKPC,1693.546,True
8/19/2024 4:00:00 PM,8/19/2024 12:00:00 PM,SERC,WEST,EKPC,EKPC,1754.405,True
8/19/2024 5:00:00 PM,8/19/2024 1:00:00 PM,SERC,WEST,EKPC,EKPC,1816.720,True
8/19/2024 6:00:00 PM,8/19/2024 2:00:00 PM,SERC,WEST,EKPC,EKPC,1867.221,True
8/19/2024 7:00:00 PM,8/19/2024 3:00:00 PM,SERC,WEST,EKPC,EKPC,1869.616,True
8/19/2024 8:00:00 PM,8/19/2024 4:00:00 PM,SERC,WEST,EKPC,EKPC,1938.157,True
8/19/2024 9:00:00 PM,8/19/2024 5:00:00 PM,SERC,WEST,EKPC,EKPC,1960.293,True
8/19/2024 10:00:00 PM,8/19/2024 6:00:00 PM,SERC,WEST,EKPC,EKPC,1971.260,True
8/19/2024 11:00:00 PM,8/19/2024 7:00:00 PM,SERC,WEST,EKPC,EKPC,1861.616,True
8/20/2024 12:00:00 AM,8/19/2024 8:00:00 PM,SERC,WEST,EKPC,EKPC,1767.960,True
8/20/2024 1:00:00 AM,8/19/2024 9:00:00 PM,SERC,WEST,EKPC,EKPC,1725.412,True
8/20/2024 2:00:00 AM,8/19/2024 10:00:00 PM,SERC,WEST,EKPC,EKPC,1537.601,True
8/20/2024 3:00:00 AM,8/19/2024 11:00:00 PM,SERC,WEST,EKPC,EKPC,1382.116,True
8/20/2024 4:00:00 AM,8/20/2024 12:00:00 AM,SERC,WEST,EKPC,EKPC,1261.763,True
8/20/2024 5:00:00 AM,8/20/2024 1:00:00 AM,SERC,WEST,EKPC,EKPC,1135.418,True
8/20/2024 6:00:00 AM,8/20/2024 2:00:00 AM,SERC,WEST,EKPC,EKPC,1238.651,True
8/20/2024 7:00:00 AM,8/20/2024 3:00:00 AM,SERC,WEST,EKPC,EKPC,1181.070,True
8/20/2024 8:00:00 AM,8/20/2024 4:00:00 AM,SERC,WEST,EKPC,EKPC,1233.113,True
8/20/2024 9:00:00 AM,8/20/2024 5:00:00 AM,SERC,WEST,EKPC,EKPC,1277.807,True
8/20/2024 10:00:00 AM,8/20/2024 6:00:00 AM,SERC,WEST,EKPC,EKPC,1255.244,True
8/20/2024 11:00:00 AM,8/20/2024 7:00:00 AM,SERC,WEST,EKPC,EKPC,1221.053,True
8/20/2024 12:00:00 PM,8/20/2024 8:00:00 AM,SERC,WEST,EKPC,EKPC,1241.990,True
8/20/2024 1:00:00 PM,8/20/2024 9:00:00 AM,SERC,WEST,EKPC,EKPC,1256.775,True
8/20/2024 2:00:00 PM,8/20/2024 10:00:00 AM,SERC,WEST,EKPC,EKPC,1314.421,True
8/20/2024 3:00:00 PM,8/20/2024 11:00:00 AM,SERC,WEST,EKPC,EKPC,1360.143,True
8/20/2024 4:00:00 PM,8/20/2024 12:00:00 PM,SERC,WEST,EKPC,EKPC,1396.939,True
8/20/2024 5:00:00 PM,8/20/2024 1:00:00 PM,SERC,WEST,EKPC,EKPC,1439.313,True
8/20/2024 6:00:00 PM,8/20/2024 2:00:00 PM,SERC,WEST,EKPC,EKPC,1459.291,True
8/20/2024 7:00:00 PM,8/20/2024 3:00:00 PM,SERC,WEST,EKPC,EKPC,1498.457,True
8/20/2024 8:00:00 PM,8/20/2024 4:00:00 PM,SERC,WEST,EKPC,EKPC,1545.684,True
8/20/2024 9:00:00 PM,8/20/2024 5:00:00 PM,SERC,WEST,EKPC,EKPC,1626.615,True
8/20/2024 10:00:00 PM,8/20/2024 6:00:00 PM,SERC,WEST,EKPC,EKPC,1649.586,True
8/20/2024 11:00:00 PM,8/20/2024 7:00:00 PM,SERC,WEST,EKPC,EKPC,1543.657,True
8/21/2024 12:00:00 AM,8/20/2024 8:00:00 PM,SERC,WEST,EKPC,EKPC,1530.184,True
8/21/2024 1:00:00 AM,8/20/2024 9:00:00 PM,SERC,WEST,EKPC,EKPC,1457.377,True
8/21/2024 2:00:00 AM,8/20/2024 10:00:00 PM,SERC,WEST,EKPC,EKPC,1364.416,True
8/21/2024 3:00:00 AM,8/20/2024 11:00:00 PM,SERC,WEST,EKPC,EKPC,1299.172,True
8/21/2024 4:00:00 AM,8/21/2024 12:00:00 AM,SERC,WEST,EKPC,EKPC,1104.734,True
8/21/2024 5:00:00 AM,8/21/2024 1:00:00 AM,SERC,WEST,EKPC,EKPC,1091.911,True
8/21/2024 6:00:00 AM,8/21/2024 2:00:00 AM,SERC,WEST,EKPC,EKPC,1101.747,True
8/21/2024 7:00:00 AM,8/21/2024 3:00:00 AM,SERC,WEST,EKPC,EKPC,1091.169,True
8/21/2024 8:00:00 AM,8/21/2024 4:00:00 AM,SERC,WEST,EKPC,EKPC,1090.355,True
8/21/2024 9:00:00 AM,8/21/2024 5:00:00 AM,SERC,WEST,EKPC,EKPC,1140.504,True
8/21/2024 10:00:00 AM,8/21/2024 6:00:00 AM,SERC,WEST,EKPC,EKPC,1184.255,True
8/21/2024 11:00:00 AM,8/21/2024 7:00:00 AM,SERC,WEST,EKPC,EKPC,1263.449,True
8/21/2024 12:00:00 PM,8/21/2024 8:00:00 AM,SERC,WEST,EKPC,EKPC,1206.600,True
8/21/2024 1:00:00 PM,8/21/2024 9:00:00 AM,SERC,WEST,EKPC,EKPC,1264.382,True
8/21/2024 2:00:00 PM,8/21/2024 10:00:00 AM,SERC,WEST,EKPC,EKPC,1385.448,True
8/21/2024 3:00:00 PM,8/21/2024 11:00:00 AM,SERC,WEST,EKPC,EKPC,1432.243,True
8/21/2024 4:00:00 PM,8/21/2024 12:00:00 PM,SERC,WEST,EKPC,EKPC,1338.261,True
8/21/2024 5:00:00 PM,8/21/2024 1:00:00 PM,SERC,WEST,EKPC,EKPC,1342.355,True
8/21/2024 6:00:00 PM,8/21/2024 2:00:00 PM,SERC,WEST,EKPC,EKPC,1394.030,True
8/21/2024 7:00:00 PM,8/21/2024 3:00:00 PM,SERC,WEST,EKPC,EKPC,1444.156,True
8/21/2024 8:00:00 PM,8/21/2024 4:00:00 PM,SERC,WEST,EKPC,EKPC,1544.035,True
8/21/2024 9:00:00 PM,8/21/2024 5:00:00 PM,SERC,WEST,EKPC,EKPC,1687.220,True
8/21/2024 10:00:00 PM,8/21/2024 6:00:00 PM,SERC,WEST,EKPC,EKPC,1695.605,True
8/21/2024 11:00:00 PM,8/21/2024 7:00:00 PM,SERC,WEST,EKPC,EKPC,1559.375,True
8/22/2024 12:00:00 AM,8/21/2024 8:00:00 PM,SERC,WEST,EKPC,EKPC,1585.710,True
8/22/2024 1:00:00 AM,8/21/2024 9:00:00 PM,SERC,WEST,EKPC,EKPC,1622.290,True
8/22/2024 2:00:00 AM,8/21/2024 10:00:00 PM,SERC,WEST,EKPC,EKPC,1480.959,True
8/22/2024 3:00:00 AM,8/21/2024 11:00:00 PM,SERC,WEST,EKPC,EKPC,1355.805,True
8/22/2024 4:00:00 AM,8/22/2024 12:00:00 AM,SERC,WEST,EKPC,EKPC,1230.175,True
8/22/2024 5:00:00 AM,8/22/2024 1:00:00 AM,SERC,WEST,EKPC,EKPC,1203.558,True
8/22/2024 6:00:00 AM,8/22/2024 2:00:00 AM,SERC,WEST,EKPC,EKPC,1118.164,True
8/22/2024 7:00:00 AM,8/22/2024 3:00:00 AM,SERC,WEST,EKPC,EKPC,1047.624,True
8/22/2024 8:00:00 AM,8/22/2024 4:00:00 AM,SERC,WEST,EKPC,EKPC,1147.623,True
8/22/2024 9:00:00 AM,8/22/2024 5:00:00 AM,SERC,WEST,EKPC,EKPC,1222.680,True
8/22/2024 10:00:00 AM,8/22/2024 6:00:00 AM,SERC,WEST,EKPC,EKPC,1180.458,True
8/22/2024 11:00:00 AM,8/22/2024 7:00:00 AM,SERC,WEST,EKPC,EKPC,1314.082,True
8/22/2024 12:00:00 PM,8/22/2024 8:00:00 AM,SERC,WEST,EKPC,EKPC,1380.169,True
8/22/2024 1:00:00 PM,8/22/2024 9:00:00 AM,SERC,WEST,EKPC,EKPC,1380.314,True
8/22/2024 2:00:00 PM,8/22/2024 10:00:00 AM,SERC,WEST,EKPC,EKPC,1403.082,True
8/22/2024 3:00:00 PM,8/22/2024 11:00:00 AM,SERC,WEST,EKPC,EKPC,1425.327,True
8/22/2024 4:00:00 PM,8/22/2024 12:00:00 PM,SERC,WEST,EKPC,EKPC,1475.427,True
8/22/2024 5:00:00 PM,8/22/2024 1:00:00 PM,SERC,WEST,EKPC,EKPC,1582.700,True
8/22/2024 6:00:00 PM,8/22/2024 2:00:00 PM,SERC,WEST,EKPC,EKPC,1600.153,True
8/22/2024 7:00:00 PM,8/22/2024 3:00:00 PM,SERC,WEST,EKPC,EKPC,1654.453,True
8/22/2024 8:00:00 PM,8/22/2024 4:00:00 PM,SERC,WEST,EKPC,EKPC,1782.396,True
8/22/2024 9:00:00 PM,8/22/2024 5:00:00 PM,SERC,WEST,EKPC,EKPC,1872.799,True
8/22/2024 10:00:00 PM,8/22/2024 6:00:00 PM,SERC,WEST,EKPC,EKPC,1896.839,True
8/22/2024 11:00:00 PM,8/22/2024 7:00:00 PM,SERC,WEST,EKPC,EKPC,1805.123,True
8/23/2024 12:00:00 AM,8/22/2024 8:00:00 PM,SERC,WEST,EKPC,EKPC,1767.364,True
8/23/2024 1:00:00 AM,8/22/2024 9:00:00 PM,SERC,WEST,EKPC,EKPC,1673.651,True
8/23/2024 2:00:00 AM,8/22/2024 10:00:00 PM,SERC,WEST,EKPC,EKPC,1398.850,True
8/23/2024 3:00:00 AM,8/22/2024 11:00:00 PM,SERC,WEST,EKPC,EKPC,1239.002,True
8/23/2024 4:00:00 AM,8/23/2024 12:00:00 AM,SERC,WEST,EKPC,EKPC,1136.756,True
8/23/2024 5:00:00 AM,8/23/2024 1:00:00 AM,SERC,WEST,EKPC,EKPC,1209.011,True
8/23/2024 6:00:00 AM,8/23/2024 2:00:00 AM,SERC,WEST,EKPC,EKPC,1121.653,True
8/23/2024 7:00:00 AM,8/23/2024 3:00:00 AM,SERC,WEST,EKPC,EKPC,1154.299,True
8/23/2024 8:00:00 AM,8/23/2024 4:00:00 AM,SERC,WEST,EKPC,EKPC,1156.607,True
8/23/2024 9:00:00 AM,8/23/2024 5:00:00 AM,SERC,WEST,EKPC,EKPC,1211.264,True
8/23/2024 10:00:00 AM,8/23/2024 6:00:00 AM,SERC,WEST,EKPC,EKPC,1303.464,True
8/23/2024 11:00:00 AM,8/23/2024 7:00:00 AM,SERC,WEST,EKPC,EKPC,1252.468,True
8/23/2024 12:00:00 PM,8/23/2024 8:00:00 AM,SERC,WEST,EKPC,EKPC,1263.303,True
8/23/2024 1:00:00 PM,8/23/2024 9:00:00 AM,SERC,WEST,EKPC,EKPC,1341.606,True
8/23/2024 2:00:00 PM,8/23/2024 10:00:00 AM,SERC,WEST,EKPC,EKPC,1339.884,True
8/23/2024 3:00:00 PM,8/23/2024 11:00:00 AM,SERC,WEST,EKPC,EKPC,1463.237,True
8/23/2024 4:00:00 PM,8/23/2024 12:00:00 PM,SERC,WEST,EKPC,EKPC,1540.375,True
8/23/2024 5:00:00 PM,8/23/2024 1:00:00 PM,SERC,WEST,EKPC,EKPC,1616.631,True
8/23/2024 6:00:00 PM,8/23/2024 2:00:00 PM,SERC,WEST,EKPC,EKPC,1820.733,True
8/23/2024 7:00:00 PM,8/23/2024 3:00:00 PM,SERC,WEST,EKPC,EKPC,1919.000,True
8/23/2024 8:00:00 PM,8/23/2024 4:00:00 PM,SERC,WEST,EKPC,EKPC,2028.903,True
8/23/2024 9:00:00 PM,8/23/2024 5:00:00 PM,SERC,WEST,EKPC,EKPC,2143.954,True
8/23/2024 10:00:00 PM,8/23/2024 6:00:00 PM,SERC,WEST,EKPC,EKPC,2073.569,True
8/23/2024 11:00:00 PM,8/23/2024 7:00:00 PM,SERC,WEST,EKPC,EKPC,2030.712,True
8/24/2024 12:00:00 AM,8/23/2024 8:00:00 PM,SERC,WEST,EKPC,EKPC,1912.674,True
8/24/2024 1:00:00 AM,8/23/2024 9:00:00 PM,SERC,WEST,EKPC,EKPC,1794.462,True
8/24/2024 2:00:00 AM,8/23/2024 10:00:00 PM,SERC,WEST,EKPC,EKPC,1664.933,True
8/24/2024 3:00:00 AM,8/23/2024 11:00:00 PM,SERC,WEST,EKPC,EKPC,1445.823,True
8/24/2024 4:00:00 AM,8/24/2024 12:00:00 AM,SERC,WEST,EKPC,EKPC,1323.243,True
8/24/2024 5:00:00 AM,8/24/2024 1:00:00 AM,SERC,WEST,EKPC,EKPC,1240.442,True
8/24/2024 6:00:00 AM,8/24/2024 2:00:00 AM,SERC,WEST,EKPC,EKPC,1217.742,True
8/24/2024 7:00:00 AM,8/24/2024 3:00:00 AM,SERC,WEST,EKPC,EKPC,1208.226,True
8/24/2024 8:00:00 AM,8/24/2024 4:00:00 AM,SERC,WEST,EKPC,EKPC,1074.279,True
8/24/2024 9:00:00 AM,8/24/2024 5:00:00 AM,SERC,WEST,EKPC,EKPC,1153.035,True
8/24/2024 10:00:00 AM,8/24/2024 6:00:00 AM,SERC,WEST,EKPC,EKPC,1149.659,True
8/24/2024 11:00:00 AM,8/24/2024 7:00:00 AM,SERC,WEST,EKPC,EKPC,1205.769,True
8/24/2024 12:00:00 PM,8/24/2024 8:00:00 AM,SERC,WEST,EKPC,EKPC,1279.222,True
8/24/2024 1:00:00 PM,8/24/2024 9:00:00 AM,SERC,WEST,EKPC,EKPC,1434.433,True
8/24/2024 2:00:00 PM,8/24/2024 10:00:00 AM,SERC,WEST,EKPC,EKPC,1548.796,True
8/24/2024 3:00:00 PM,8/24/2024 11:00:00 AM,SERC,WEST,EKPC,EKPC,1714.027,True
8/24/2024 4:00:00 PM,8/24/2024 12:00:00 PM,SERC,WEST,EKPC,EKPC,1851.504,True
8/24/2024 5:00:00 PM,8/24/2024 1:00:00 PM,SERC,WEST,EKPC,EKPC,1900.216,True
8/24/2024 6:00:00 PM,8/24/2024 2:00:00 PM,SERC,WEST,EKPC,EKPC,1934.205,True
8/24/2024 7:00:00 PM,8/24/2024 3:00:00 PM,SERC,WEST,EKPC,EKPC,1992.637,True
8/24/2024 8:00:00 PM,8/24/2024 4:00:00 PM,SERC,WEST,EKPC,EKPC,2067.564,True
8/24/2024 9:00:00 PM,8/24/2024 5:00:00 PM,SERC,WEST,EKPC,EKPC,2072.630,True
8/24/2024 10:00:00 PM,8/24/2024 6:00:00 PM,SERC,WEST,EKPC,EKPC,2057.537,True
8/24/2024 11:00:00 PM,8/24/2024 7:00:00 PM,SERC,WEST,EKPC,EKPC,1957.093,True
8/25/2024 12:00:00 AM,8/24/2024 8:00:00 PM,SERC,WEST,EKPC,EKPC,1868.432,True
8/25/2024 1:00:00 AM,8/24/2024 9:00:00 PM,SERC,WEST,EKPC,EKPC,1865.551,True
8/25/2024 2:00:00 AM,8/24/2024 10:00:00 PM,SERC,WEST,EKPC,EKPC,1714.372,True
8/25/2024 3:00:00 AM,8/24/2024 11:00:00 PM,SERC,WEST,EKPC,EKPC,1510.325,True
8/25/2024 4:00:00 AM,8/25/2024 12:00:00 AM,SERC,WEST,EKPC,EKPC,1447.565,True
8/25/2024 5:00:00 AM,8/25/2024 1:00:00 AM,SERC,WEST,EKPC,EKPC,1347.068,True
8/25/2024 6:00:00 AM,8/25/2024 2:00:00 AM,SERC,WEST,EKPC,EKPC,1294.477,True
8/25/2024 7:00:00 AM,8/25/2024 3:00:00 AM,SERC,WEST,EKPC,EKPC,1212.881,True
8/25/2024 8:00:00 AM,8/25/2024 4:00:00 AM,SERC,WEST,EKPC,EKPC,1207.838,True
8/25/2024 9:00:00 AM,8/25/2024 5:00:00 AM,SERC,WEST,EKPC,EKPC,1197.206,True
8/25/2024 10:00:00 AM,8/25/2024 6:00:00 AM,SERC,WEST,EKPC,EKPC,1207.909,True
8/25/2024 11:00:00 AM,8/25/2024 7:00:00 AM,SERC,WEST,EKPC,EKPC,1214.848,True
8/25/2024 12:00:00 PM,8/25/2024 8:00:00 AM,SERC,WEST,EKPC,EKPC,1333.803,True
8/25/2024 1:00:00 PM,8/25/2024 9:00:00 AM,SERC,WEST,EKPC,EKPC,1380.844,True
8/25/2024 2:00:00 PM,8/25/2024 10:00:00 AM,SERC,WEST,EKPC,EKPC,1599.372,True
8/25/2024 3:00:00 PM,8/25/2024 11:00:00 AM,SERC,WEST,EKPC,EKPC,1784.253,True
8/25/2024 4:00:00 PM,8/25/2024 12:00:00 PM,SERC,WEST,EKPC,EKPC,1928.287,True
8/25/2024 5:00:00 PM,8/25/2024 1:00:00 PM,SERC,WEST,EKPC,EKPC,2092.771,True
8/25/2024 6:00:00 PM,8/25/2024 2:00:00 PM,SERC,WEST,EKPC,EKPC,2222.619,True
8/25/2024 7:00:00 PM,8/25/2024 3:00:00 PM,SERC,WEST,EKPC,EKPC,2305.557,True
8/25/2024 8:00:00 PM,8/25/2024 4:00:00 PM,SERC,WEST,EKPC,EKPC,2334.168,True
8/25/2024 9:00:00 PM,8/25/2024 5:00:00 PM,SERC,WEST,EKPC,EKPC,2327.901,True
8/25/2024 10:00:00 PM,8/25/2024 6:00:00 PM,SERC,WEST,EKPC,EKPC,2310.780,True
8/25/2024 11:00:00 PM,8/25/2024 7:00:00 PM,SERC,WEST,EKPC,EKPC,2198.676,True
8/26/2024 12:00:00 AM,8/25/2024 8:00:00 PM,SERC,WEST,EKPC,EKPC,2154.435,True
8/26/2024 1:00:00 AM,8/25/2024 9:00:00 PM,SERC,WEST,EKPC,EKPC,1956.548,True
8/26/2024 2:00:00 AM,8/25/2024 10:00:00 PM,SERC,WEST,EKPC,EKPC,1727.634,True
8/26/2024 3:00:00 AM,8/25/2024 11:00:00 PM,SERC,WEST,EKPC,EKPC,1526.057,True
8/26/2024 4:00:00 AM,8/26/2024 12:00:00 AM,SERC,WEST,EKPC,EKPC,1393.197,True
8/26/2024 5:00:00 AM,8/26/2024 1:00:00 AM,SERC,WEST,EKPC,EKPC,1302.697,True
8/26/2024 6:00:00 AM,8/26/2024 2:00:00 AM,SERC,WEST,EKPC,EKPC,1303.128,True
8/26/2024 7:00:00 AM,8/26/2024 3:00:00 AM,SERC,WEST,EKPC,EKPC,1280.150,True
8/26/2024 8:00:00 AM,8/26/2024 4:00:00 AM,SERC,WEST,EKPC,EKPC,1259.478,True
8/26/2024 9:00:00 AM,8/26/2024 5:00:00 AM,SERC,WEST,EKPC,EKPC,1304.664,True
8/26/2024 10:00:00 AM,8/26/2024 6:00:00 AM,SERC,WEST,EKPC,EKPC,1406.838,True
8/26/2024 11:00:00 AM,8/26/2024 7:00:00 AM,SERC,WEST,EKPC,EKPC,1443.090,True
8/26/2024 12:00:00 PM,8/26/2024 8:00:00 AM,SERC,WEST,EKPC,EKPC,1443.425,True
8/26/2024 1:00:00 PM,8/26/2024 9:00:00 AM,SERC,WEST,EKPC,EKPC,1599.803,True
8/26/2024 2:00:00 PM,8/26/2024 10:00:00 AM,SERC,WEST,EKPC,EKPC,1769.735,True
8/26/2024 3:00:00 PM,8/26/2024 11:00:00 AM,SERC,WEST,EKPC,EKPC,1878.687,True
8/26/2024 4:00:00 PM,8/26/2024 12:00:00 PM,SERC,WEST,EKPC,EKPC,1969.536,True
8/26/2024 5:00:00 PM,8/26/2024 1:00:00 PM,SERC,WEST,EKPC,EKPC,2149.903,True
8/26/2024 6:00:00 PM,8/26/2024 2:00:00 PM,SERC,WEST,EKPC,EKPC,2103.724,True
8/26/2024 7:00:00 PM,8/26/2024 3:00:00 PM,SERC,WEST,EKPC,EKPC,2161.586,True
8/26/2024 8:00:00 PM,8/26/2024 4:00:00 PM,SERC,WEST,EKPC,EKPC,2325.737,True
8/26/2024 9:00:00 PM,8/26/2024 5:00:00 PM,SERC,WEST,EKPC,EKPC,2404.324,True
8/26/2024 10:00:00 PM,8/26/2024 6:00:00 PM,SERC,WEST,EKPC,EKPC,2270.905,True
8/26/2024 11:00:00 PM,8/26/2024 7:00:00 PM,SERC,WEST,EKPC,EKPC,2295.980,True
8/27/2024 12:00:00 AM,8/26/2024 8:00:00 PM,SERC,WEST,EKPC,EKPC,2244.575,True
8/27/2024 1:00:00 AM,8/26/2024 9:00:00 PM,SERC,WEST,EKPC,EKPC,2117.872,True
8/27/2024 2:00:00 AM,8/26/2024 10:00:00 PM,SERC,WEST,EKPC,EKPC,1919.420,True
8/27/2024 3:00:00 AM,8/26/2024 11:00:00 PM,SERC,WEST,EKPC,EKPC,1703.255,True
8/27/2024 4:00:00 AM,8/27/2024 12:00:00 AM,SERC,WEST,EKPC,EKPC,1469.707,True
8/27/2024 5:00:00 AM,8/27/2024 1:00:00 AM,SERC,WEST,EKPC,EKPC,1424.639,True
8/27/2024 6:00:00 AM,8/27/2024 2:00:00 AM,SERC,WEST,EKPC,EKPC,1381.191,True
8/27/2024 7:00:00 AM,8/27/2024 3:00:00 AM,SERC,WEST,EKPC,EKPC,1286.143,True
8/27/2024 8:00:00 AM,8/27/2024 4:00:00 AM,SERC,WEST,EKPC,EKPC,1267.286,True
8/27/2024 9:00:00 AM,8/27/2024 5:00:00 AM,SERC,WEST,EKPC,EKPC,1332.398,True
8/27/2024 10:00:00 AM,8/27/2024 6:00:00 AM,SERC,WEST,EKPC,EKPC,1479.483,True
8/27/2024 11:00:00 AM,8/27/2024 7:00:00 AM,SERC,WEST,EKPC,EKPC,1508.252,True
8/27/2024 12:00:00 PM,8/27/2024 8:00:00 AM,SERC,WEST,EKPC,EKPC,1563.069,True
8/27/2024 1:00:00 PM,8/27/2024 9:00:00 AM,SERC,WEST,EKPC,EKPC,1656.965,True
8/27/2024 2:00:00 PM,8/27/2024 10:00:00 AM,SERC,WEST,EKPC,EKPC,1802.742,True
8/27/2024 3:00:00 PM,8/27/2024 11:00:00 AM,SERC,WEST,EKPC,EKPC,1959.006,True
8/27/2024 4:00:00 PM,8/27/2024 12:00:00 PM,SERC,WEST,EKPC,EKPC,2144.103,True
8/27/2024 5:00:00 PM,8/27/2024 1:00:00 PM,SERC,WEST,EKPC,EKPC,2262.572,True
8/27/2024 6:00:00 PM,8/27/2024 2:00:00 PM,SERC,WEST,EKPC,EKPC,2285.538,True
8/27/2024 7:00:00 PM,8/27/2024 3:00:00 PM,SERC,WEST,EKPC,EKPC,2373.637,True
8/27/2024 8:00:00 PM,8/27/2024 4:00:00 PM,SERC,WEST,EKPC,EKPC,2424.620,True
8/27/2024 9:00:00 PM,8/27/2024 5:00:00 PM,SERC,WEST,EKPC,EKPC,2471.020,True
8/27/2024 10:00:00 PM,8/27/2024 6:00:00 PM,SERC,WEST,EKPC,EKPC,2483.351,True
8/27/2024 11:00:00 PM,8/27/2024 7:00:00 PM,SERC,WEST,EKPC,EKPC,2331.968,True
8/28/2024 12:00:00 AM,8/27/2024 8:00:00 PM,SERC,WEST,EKPC,EKPC,2145.536,True
8/28/2024 1:00:00 AM,8/27/2024 9:00:00 PM,SERC,WEST,EKPC,EKPC,2079.829,True
8/28/2024 2:00:00 AM,8/27/2024 10:00:00 PM,SERC,WEST,EKPC,EKPC,1931.459,True
8/28/2024 3:00:00 AM,8/27/2024 11:00:00 PM,SERC,WEST,EKPC,EKPC,1777.000,True
8/28/2024 4:00:00 AM,8/28/2024 12:00:00 AM,SERC,WEST,EKPC,EKPC,1632.899,True
8/28/2024 5:00:00 AM,8/28/2024 1:00:00 AM,SERC,WEST,EKPC,EKPC,1476.399,True
8/28/2024 6:00:00 AM,8/28/2024 2:00:00 AM,SERC,WEST,EKPC,EKPC,1408.459,True
8/28/2024 7:00:00 AM,8/28/2024 3:00:00 AM,SERC,WEST,EKPC,EKPC,1315.417,True
8/28/2024 8:00:00 AM,8/28/2024 4:00:00 AM,SERC,WEST,EKPC,EKPC,1234.587,True
8/28/2024 9:00:00 AM,8/28/2024 5:00:00 AM,SERC,WEST,EKPC,EKPC,1247.339,True
8/28/2024 10:00:00 AM,8/28/2024 6:00:00 AM,SERC,WEST,EKPC,EKPC,1327.665,True
8/28/2024 11:00:00 AM,8/28/2024 7:00:00 AM,SERC,WEST,EKPC,EKPC,1331.072,True
8/28/2024 12:00:00 PM,8/28/2024 8:00:00 AM,SERC,WEST,EKPC,EKPC,1386.438,True
8/28/2024 1:00:00 PM,8/28/2024 9:00:00 AM,SERC,WEST,EKPC,EKPC,1503.992,True
8/28/2024 2:00:00 PM,8/28/2024 10:00:00 AM,SERC,WEST,EKPC,EKPC,1654.083,True
8/28/2024 3:00:00 PM,8/28/2024 11:00:00 AM,SERC,WEST,EKPC,EKPC,1828.318,True
8/28/2024 4:00:00 PM,8/28/2024 12:00:00 PM,SERC,WEST,EKPC,EKPC,2003.184,True
8/28/2024 5:00:00 PM,8/28/2024 1:00:00 PM,SERC,WEST,EKPC,EKPC,2191.756,True
8/28/2024 6:00:00 PM,8/28/2024 2:00:00 PM,SERC,WEST,EKPC,EKPC,2249.723,True
8/28/2024 7:00:00 PM,8/28/2024 3:00:00 PM,SERC,WEST,EKPC,EKPC,2359.606,True
8/28/2024 8:00:00 PM,8/28/2024 4:00:00 PM,SERC,WEST,EKPC,EKPC,2415.157,True
8/28/2024 9:00:00 PM,8/28/2024 5:00:00 PM,SERC,WEST,EKPC,EKPC,2443.389,True
8/28/2024 10:00:00 PM,8/28/2024 6:00:00 PM,SERC,WEST,EKPC,EKPC,2319.066,True
8/28/2024 11:00:00 PM,8/28/2024 7:00:00 PM,SERC,WEST,EKPC,EKPC,2390.280,True
8/29/2024 12:00:00 AM,8/28/2024 8:00:00 PM,SERC,WEST,EKPC,EKPC,2246.463,True
8/29/2024 1:00:00 AM,8/28/2024 9:00:00 PM,SERC,WEST,EKPC,EKPC,2153.840,True
8/29/2024 2:00:00 AM,8/28/2024 10:00:00 PM,SERC,WEST,EKPC,EKPC,1993.334,True
8/29/2024 3:00:00 AM,8/28/2024 11:00:00 PM,SERC,WEST,EKPC,EKPC,1757.570,True
8/29/2024 4:00:00 AM,8/29/2024 12:00:00 AM,SERC,WEST,EKPC,EKPC,1647.685,True
8/29/2024 5:00:00 AM,8/29/2024 1:00:00 AM,SERC,WEST,EKPC,EKPC,1519.295,True
8/29/2024 6:00:00 AM,8/29/2024 2:00:00 AM,SERC,WEST,EKPC,EKPC,1464.257,True
8/29/2024 7:00:00 AM,8/29/2024 3:00:00 AM,SERC,WEST,EKPC,EKPC,1398.576,True
8/29/2024 8:00:00 AM,8/29/2024 4:00:00 AM,SERC,WEST,EKPC,EKPC,1392.643,True
8/29/2024 9:00:00 AM,8/29/2024 5:00:00 AM,SERC,WEST,EKPC,EKPC,1422.416,True
8/29/2024 10:00:00 AM,8/29/2024 6:00:00 AM,SERC,WEST,EKPC,EKPC,1457.602,True
8/29/2024 11:00:00 AM,8/29/2024 7:00:00 AM,SERC,WEST,EKPC,EKPC,1487.999,True
8/29/2024 12:00:00 PM,8/29/2024 8:00:00 AM,SERC,WEST,EKPC,EKPC,1478.281,True
8/29/2024 1:00:00 PM,8/29/2024 9:00:00 AM,SERC,WEST,EKPC,EKPC,1602.432,True
8/29/2024 2:00:00 PM,8/29/2024 10:00:00 AM,SERC,WEST,EKPC,EKPC,1897.238,True
8/29/2024 3:00:00 PM,8/29/2024 11:00:00 AM,SERC,WEST,EKPC,EKPC,2091.596,True
8/29/2024 4:00:00 PM,8/29/2024 12:00:00 PM,SERC,WEST,EKPC,EKPC,2285.915,True
8/29/2024 5:00:00 PM,8/29/2024 1:00:00 PM,SERC,WEST,EKPC,EKPC,2315.142,True
8/29/2024 6:00:00 PM,8/29/2024 2:00:00 PM,SERC,WEST,EKPC,EKPC,2291.496,True
8/29/2024 7:00:00 PM,8/29/2024 3:00:00 PM,SERC,WEST,EKPC,EKPC,2414.396,True
8/29/2024 8:00:00 PM,8/29/2024 4:00:00 PM,SERC,WEST,EKPC,EKPC,2479.759,True
8/29/2024 9:00:00 PM,8/29/2024 5:00:00 PM,SERC,WEST,EKPC,EKPC,2477.721,True
8/29/2024 10:00:00 PM,8/29/2024 6:00:00 PM,SERC,WEST,EKPC,EKPC,2465.649,True
8/29/2024 11:00:00 PM,8/29/2024 7:00:00 PM,SERC,WEST,EKPC,EKPC,2382.934,True
8/30/2024 12:00:00 AM,8/29/2024 8:00:00 PM,SERC,WEST,EKPC,EKPC,2296.444,True
8/30/2024 1:00:00 AM,8/29/2024 9:00:00 PM,SERC,WEST,EKPC,EKPC,2181.193,True
8/30/2024 2:00:00 AM,8/29/2024 10:00:00 PM,SERC,WEST,EKPC,EKPC,2014.093,True
8/30/2024 3:00:00 AM,8/29/2024 11:00:00 PM,SERC,WEST,EKPC,EKPC,1746.797,True
8/30/2024 4:00:00 AM,8/30/2024 12:00:00 AM,SERC,WEST,EKPC,EKPC,1653.217,True
8/30/2024 5:00:00 AM,8/30/2024 1:00:00 AM,SERC,WEST,EKPC,EKPC,1583.652,True
8/30/2024 6:00:00 AM,8/30/2024 2:00:00 AM,SERC,WEST,EKPC,EKPC,1504.833,True
8/30/2024 7:00:00 AM,8/30/2024 3:00:00 AM,SERC,WEST,EKPC,EKPC,1449.010,True
8/30/2024 8:00:00 AM,8/30/2024 4:00:00 AM,SERC,WEST,EKPC,EKPC,1379.538,True
8/30/2024 9:00:00 AM,8/30/2024 5:00:00 AM,SERC,WEST,EKPC,EKPC,1287.498,True
8/30/2024 10:00:00 AM,8/30/2024 6:00:00 AM,SERC,WEST,EKPC,EKPC,1319.373,True
8/30/2024 11:00:00 AM,8/30/2024 7:00:00 AM,SERC,WEST,EKPC,EKPC,1467.604,True
8/30/2024 12:00:00 PM,8/30/2024 8:00:00 AM,SERC,WEST,EKPC,EKPC,1601.828,True
8/30/2024 1:00:00 PM,8/30/2024 9:00:00 AM,SERC,WEST,EKPC,EKPC,1757.420,True
8/30/2024 2:00:00 PM,8/30/2024 10:00:00 AM,SERC,WEST,EKPC,EKPC,1887.620,True
8/30/2024 3:00:00 PM,8/30/2024 11:00:00 AM,SERC,WEST,EKPC,EKPC,2078.974,True
8/30/2024 4:00:00 PM,8/30/2024 12:00:00 PM,SERC,WEST,EKPC,EKPC,2250.202,True
8/30/2024 5:00:00 PM,8/30/2024 1:00:00 PM,SERC,WEST,EKPC,EKPC,2328.032,True
8/30/2024 6:00:00 PM,8/30/2024 2:00:00 PM,SERC,WEST,EKPC,EKPC,2467.933,True
8/30/2024 7:00:00 PM,8/30/2024 3:00:00 PM,SERC,WEST,EKPC,EKPC,2414.948,True
8/30/2024 8:00:00 PM,8/30/2024 4:00:00 PM,SERC,WEST,EKPC,EKPC,2409.195,True
8/30/2024 9:00:00 PM,8/30/2024 5:00:00 PM,SERC,WEST,EKPC,EKPC,2424.710,True
8/30/2024 10:00:00 PM,8/30/2024 6:00:00 PM,SERC,WEST,EKPC,EKPC,2397.000,True
8/30/2024 11:00:00 PM,8/30/2024 7:00:00 PM,SERC,WEST,EKPC,EKPC,2109.159,True
8/31/2024 12:00:00 AM,8/30/2024 8:00:00 PM,SERC,WEST,EKPC,EKPC,2026.629,True
8/31/2024 1:00:00 AM,8/30/2024 9:00:00 PM,SERC,WEST,EKPC,EKPC,1911.346,True
8/31/2024 2:00:00 AM,8/30/2024 10:00:00 PM,SERC,WEST,EKPC,EKPC,1789.272,True
8/31/2024 3:00:00 AM,8/30/2024 11:00:00 PM,SERC,WEST,EKPC,EKPC,1761.998,True
8/31/2024 4:00:00 AM,8/31/2024 12:00:00 AM,SERC,WEST,EKPC,EKPC,1635.772,True
8/31/2024 5:00:00 AM,8/31/2024 1:00:00 AM,SERC,WEST,EKPC,EKPC,1379.616,True
8/31/2024 6:00:00 AM,8/31/2024 2:00:00 AM,SERC,WEST,EKPC,EKPC,1301.494,True
8/31/2024 7:00:00 AM,8/31/2024 3:00:00 AM,SERC,WEST,EKPC,EKPC,1395.223,True
8/31/2024 8:00:00 AM,8/31/2024 4:00:00 AM,SERC,WEST,EKPC,EKPC,1387.774,True
8/31/2024 9:00:00 AM,8/31/2024 5:00:00 AM,SERC,WEST,EKPC,EKPC,1356.909,True
8/31/2024 10:00:00 AM,8/31/2024 6:00:00 AM,SERC,WEST,EKPC,EKPC,1320.230,True
8/31/2024 11:00:00 AM,8/31/2024 7:00:00 AM,SERC,WEST,EKPC,EKPC,1399.877,True
8/31/2024 12:00:00 PM,8/31/2024 8:00:00 AM,SERC,WEST,EKPC,EKPC,1507.043,True
8/31/2024 1:00:00 PM,8/31/2024 9:00:00 AM,SERC,WEST,EKPC,EKPC,1610.063,True
8/31/2024 2:00:00 PM,8/31/2024 10:00:00 AM,SERC,WEST,EKPC,EKPC,1753.168,True
8/31/2024 3:00:00 PM,8/31/2024 11:00:00 AM,SERC,WEST,EKPC,EKPC,1936.129,True
8/31/2024 4:00:00 PM,8/31/2024 12:00:00 PM,SERC,WEST,EKPC,EKPC,2042.593,True
8/31/2024 5:00:00 PM,8/31/2024 1:00:00 PM,SERC,WEST,EKPC,EKPC,2073.168,True
8/31/2024 6:00:00 PM,8/31/2024 2:00:00 PM,SERC,WEST,EKPC,EKPC,2134.992,True
8/31/2024 7:00:00 PM,8/31/2024 3:00:00 PM,SERC,WEST,EKPC,EKPC,2150.418,True
8/31/2024 8:00:00 PM,8/31/2024 4:00:00 PM,SERC,WEST,EKPC,EKPC,2122.919,True
8/31/2024 9:00:00 PM,8/31/2024 5:00:00 PM,SERC,WEST,EKPC,EKPC,2227.454,True
8/31/2024 10:00:00 PM,8/31/2024 6:00:00 PM,SERC,WEST,EKPC,EKPC,2138.317,True
8/31/2024 11:00:00 PM,8/31/2024 7:00:00 PM,SERC,WEST,EKPC,EKPC,2015.751,True
9/1/2024 12:00:00 AM,8/31/2024 8:00:00 PM,SERC,WEST,EKPC,EKPC,1944.443,True
9/1/2024 1:00:00 AM,8/31/2024 9:00:00 PM,SERC,WEST,EKPC,EKPC,1825.660,True
9/1/2024 2:00:00 AM,8/31/2024 10:00:00 PM,SERC,WEST,EKPC,EKPC,1750.515,True
9/1/2024 3:00:00 AM,8/31/2024 11:00:00 PM,SERC,WEST,EKPC,EKPC,1614.949,True
9/1/2024 4:00:00 AM,9/1/2024 12:00:00 AM,SERC,WEST,EKPC,EKPC,1514.251,True
9/1/2024 5:00:00 AM,9/1/2024 1:00:00 AM,SERC,WEST,EKPC,EKPC,1411.861,True
9/1/2024 6:00:00 AM,9/1/2024 2:00:00 AM,SERC,WEST,EKPC,EKPC,1317.738,True
9/1/2024 7:00:00 AM,9/1/2024 3:00:00 AM,SERC,WEST,EKPC,EKPC,1255.476,True
9/1/2024 8:00:00 AM,9/1/2024 4:00:00 AM,SERC,WEST,EKPC,EKPC,1281.966,True
9/1/2024 9:00:00 AM,9/1/2024 5:00:00 AM,SERC,WEST,EKPC,EKPC,1257.516,True
9/1/2024 10:00:00 AM,9/1/2024 6:00:00 AM,SERC,WEST,EKPC,EKPC,1278.757,True
9/1/2024 11:00:00 AM,9/1/2024 7:00:00 AM,SERC,WEST,EKPC,EKPC,1329.047,True
9/1/2024 12:00:00 PM,9/1/2024 8:00:00 AM,SERC,WEST,EKPC,EKPC,1372.155,True
9/1/2024 1:00:00 PM,9/1/2024 9:00:00 AM,SERC,WEST,EKPC,EKPC,1517.507,True
9/1/2024 2:00:00 PM,9/1/2024 10:00:00 AM,SERC,WEST,EKPC,EKPC,1571.201,True
9/1/2024 3:00:00 PM,9/1/2024 11:00:00 AM,SERC,WEST,EKPC,EKPC,1641.760,True
9/1/2024 4:00:00 PM,9/1/2024 12:00:00 PM,SERC,WEST,EKPC,EKPC,1709.423,True
9/1/2024 5:00:00 PM,9/1/2024 1:00:00 PM,SERC,WEST,EKPC,EKPC,1825.706,True
9/1/2024 6:00:00 PM,9/1/2024 2:00:00 PM,SERC,WEST,EKPC,EKPC,1861.823,True
9/1/2024 7:00:00 PM,9/1/2024 3:00:00 PM,SERC,WEST,EKPC,EKPC,1931.120,True
9/1/2024 8:00:00 PM,9/1/2024 4:00:00 PM,SERC,WEST,EKPC,EKPC,1862.220,True
9/1/2024 9:00:00 PM,9/1/2024 5:00:00 PM,SERC,WEST,EKPC,EKPC,1872.249,True
9/1/2024 10:00:00 PM,9/1/2024 6:00:00 PM,SERC,WEST,EKPC,EKPC,1863.060,True
9/1/2024 11:00:00 PM,9/1/2024 7:00:00 PM,SERC,WEST,EKPC,EKPC,1779.049,True
9/2/2024 12:00:00 AM,9/1/2024 8:00:00 PM,SERC,WEST,EKPC,EKPC,1702.749,True
9/2/2024 1:00:00 AM,9/1/2024 9:00:00 PM,SERC,WEST,EKPC,EKPC,1646.407,True
9/2/2024 2:00:00 AM,9/1/2024 10:00:00 PM,SERC,WEST,EKPC,EKPC,1506.205,True
9/2/2024 3:00:00 AM,9/1/2024 11:00:00 PM,SERC,WEST,EKPC,EKPC,1456.848,True
9/2/2024 4:00:00 AM,9/2/2024 12:00:00 AM,SERC,WEST,EKPC,EKPC,1419.017,True
9/2/2024 5:00:00 AM,9/2/2024 1:00:00 AM,SERC,WEST,EKPC,EKPC,1297.534,True
9/2/2024 6:00:00 AM,9/2/2024 2:00:00 AM,SERC,WEST,EKPC,EKPC,1265.985,True
9/2/2024 7:00:00 AM,9/2/2024 3:00:00 AM,SERC,WEST,EKPC,EKPC,1167.067,True
9/2/2024 8:00:00 AM,9/2/2024 4:00:00 AM,SERC,WEST,EKPC,EKPC,1188.343,True
9/2/2024 9:00:00 AM,9/2/2024 5:00:00 AM,SERC,WEST,EKPC,EKPC,1168.867,True
9/2/2024 10:00:00 AM,9/2/2024 6:00:00 AM,SERC,WEST,EKPC,EKPC,1205.512,True
9/2/2024 11:00:00 AM,9/2/2024 7:00:00 AM,SERC,WEST,EKPC,EKPC,1212.952,True
9/2/2024 12:00:00 PM,9/2/2024 8:00:00 AM,SERC,WEST,EKPC,EKPC,1274.818,True
9/2/2024 1:00:00 PM,9/2/2024 9:00:00 AM,SERC,WEST,EKPC,EKPC,1413.421,True
9/2/2024 2:00:00 PM,9/2/2024 10:00:00 AM,SERC,WEST,EKPC,EKPC,1409.041,True
9/2/2024 3:00:00 PM,9/2/2024 11:00:00 AM,SERC,WEST,EKPC,EKPC,1522.591,True
9/2/2024 4:00:00 PM,9/2/2024 12:00:00 PM,SERC,WEST,EKPC,EKPC,1644.993,True
9/2/2024 5:00:00 PM,9/2/2024 1:00:00 PM,SERC,WEST,EKPC,EKPC,1709.331,True
9/2/2024 6:00:00 PM,9/2/2024 2:00:00 PM,SERC,WEST,EKPC,EKPC,1872.541,True
9/2/2024 7:00:00 PM,9/2/2024 3:00:00 PM,SERC,WEST,EKPC,EKPC,1825.127,True
9/2/2024 8:00:00 PM,9/2/2024 4:00:00 PM,SERC,WEST,EKPC,EKPC,1907.861,True
9/2/2024 9:00:00 PM,9/2/2024 5:00:00 PM,SERC,WEST,EKPC,EKPC,1972.515,True
9/2/2024 10:00:00 PM,9/2/2024 6:00:00 PM,SERC,WEST,EKPC,EKPC,1882.321,True
9/2/2024 11:00:00 PM,9/2/2024 7:00:00 PM,SERC,WEST,EKPC,EKPC,1719.877,True
9/3/2024 12:00:00 AM,9/2/2024 8:00:00 PM,SERC,WEST,EKPC,EKPC,1626.291,True
9/3/2024 1:00:00 AM,9/2/2024 9:00:00 PM,SERC,WEST,EKPC,EKPC,1502.156,True
9/3/2024 2:00:00 AM,9/2/2024 10:00:00 PM,SERC,WEST,EKPC,EKPC,1398.306,True
9/3/2024 3:00:00 AM,9/2/2024 11:00:00 PM,SERC,WEST,EKPC,EKPC,1181.267,True
9/3/2024 4:00:00 AM,9/3/2024 12:00:00 AM,SERC,WEST,EKPC,EKPC,1126.689,True
9/3/2024 5:00:00 AM,9/3/2024 1:00:00 AM,SERC,WEST,EKPC,EKPC,1074.148,True
9/3/2024 6:00:00 AM,9/3/2024 2:00:00 AM,SERC,WEST,EKPC,EKPC,1037.880,True
9/3/2024 7:00:00 AM,9/3/2024 3:00:00 AM,SERC,WEST,EKPC,EKPC,1022.389,True
9/3/2024 8:00:00 AM,9/3/2024 4:00:00 AM,SERC,WEST,EKPC,EKPC,1082.078,True
9/3/2024 9:00:00 AM,9/3/2024 5:00:00 AM,SERC,WEST,EKPC,EKPC,1136.465,True
9/3/2024 10:00:00 AM,9/3/2024 6:00:00 AM,SERC,WEST,EKPC,EKPC,1245.525,True
9/3/2024 11:00:00 AM,9/3/2024 7:00:00 AM,SERC,WEST,EKPC,EKPC,1215.440,True
9/3/2024 12:00:00 PM,9/3/2024 8:00:00 AM,SERC,WEST,EKPC,EKPC,1262.282,True
9/3/2024 1:00:00 PM,9/3/2024 9:00:00 AM,SERC,WEST,EKPC,EKPC,1309.129,True
9/3/2024 2:00:00 PM,9/3/2024 10:00:00 AM,SERC,WEST,EKPC,EKPC,1247.292,True
9/3/2024 3:00:00 PM,9/3/2024 11:00:00 AM,SERC,WEST,EKPC,EKPC,1292.943,True
9/3/2024 4:00:00 PM,9/3/2024 12:00:00 PM,SERC,WEST,EKPC,EKPC,1409.213,True
9/3/2024 5:00:00 PM,9/3/2024 1:00:00 PM,SERC,WEST,EKPC,EKPC,1498.900,True
9/3/2024 6:00:00 PM,9/3/2024 2:00:00 PM,SERC,WEST,EKPC,EKPC,1434.451,True
9/3/2024 7:00:00 PM,9/3/2024 3:00:00 PM,SERC,WEST,EKPC,EKPC,1538.848,True
9/3/2024 8:00:00 PM,9/3/2024 4:00:00 PM,SERC,WEST,EKPC,EKPC,1613.201,True
9/3/2024 9:00:00 PM,9/3/2024 5:00:00 PM,SERC,WEST,EKPC,EKPC,1662.546,True
9/3/2024 10:00:00 PM,9/3/2024 6:00:00 PM,SERC,WEST,EKPC,EKPC,1721.541,True
9/3/2024 11:00:00 PM,9/3/2024 7:00:00 PM,SERC,WEST,EKPC,EKPC,1750.671,True
9/4/2024 12:00:00 AM,9/3/2024 8:00:00 PM,SERC,WEST,EKPC,EKPC,1723.318,True
9/4/2024 1:00:00 AM,9/3/2024 9:00:00 PM,SERC,WEST,EKPC,EKPC,1553.370,True
9/4/2024 2:00:00 AM,9/3/2024 10:00:00 PM,SERC,WEST,EKPC,EKPC,1410.056,True
9/4/2024 3:00:00 AM,9/3/2024 11:00:00 PM,SERC,WEST,EKPC,EKPC,1387.433,True
9/4/2024 4:00:00 AM,9/4/2024 12:00:00 AM,SERC,WEST,EKPC,EKPC,1258.870,True
9/4/2024 5:00:00 AM,9/4/2024 1:00:00 AM,SERC,WEST,EKPC,EKPC,1225.508,True
9/4/2024 6:00:00 AM,9/4/2024 2:00:00 AM,SERC,WEST,EKPC,EKPC,1168.967,True
9/4/2024 7:00:00 AM,9/4/2024 3:00:00 AM,SERC,WEST,EKPC,EKPC,1056.504,True
9/4/2024 8:00:00 AM,9/4/2024 4:00:00 AM,SERC,WEST,EKPC,EKPC,1036.509,True
9/4/2024 9:00:00 AM,9/4/2024 5:00:00 AM,SERC,WEST,EKPC,EKPC,1058.570,True
9/4/2024 10:00:00 AM,9/4/2024 6:00:00 AM,SERC,WEST,EKPC,EKPC,1169.281,True
9/4/2024 11:00:00 AM,9/4/2024 7:00:00 AM,SERC,WEST,EKPC,EKPC,1185.971,True
9/4/2024 12:00:00 PM,9/4/2024 8:00:00 AM,SERC,WEST,EKPC,EKPC,1190.651,True
9/4/2024 1:00:00 PM,9/4/2024 9:00:00 AM,SERC,WEST,EKPC,EKPC,1231.422,True
9/4/2024 2:00:00 PM,9/4/2024 10:00:00 AM,SERC,WEST,EKPC,EKPC,1286.982,True
9/4/2024 3:00:00 PM,9/4/2024 11:00:00 AM,SERC,WEST,EKPC,EKPC,1353.362,True
9/4/2024 4:00:00 PM,9/4/2024 12:00:00 PM,SERC,WEST,EKPC,EKPC,1469.660,True
9/4/2024 5:00:00 PM,9/4/2024 1:00:00 PM,SERC,WEST,EKPC,EKPC,1585.235,True
9/4/2024 6:00:00 PM,9/4/2024 2:00:00 PM,SERC,WEST,EKPC,EKPC,1680.541,True
9/4/2024 7:00:00 PM,9/4/2024 3:00:00 PM,SERC,WEST,EKPC,EKPC,1768.032,True
9/4/2024 8:00:00 PM,9/4/2024 4:00:00 PM,SERC,WEST,EKPC,EKPC,1823.364,True
9/4/2024 9:00:00 PM,9/4/2024 5:00:00 PM,SERC,WEST,EKPC,EKPC,1936.062,True
9/4/2024 10:00:00 PM,9/4/2024 6:00:00 PM,SERC,WEST,EKPC,EKPC,1910.380,True
9/4/2024 11:00:00 PM,9/4/2024 7:00:00 PM,SERC,WEST,EKPC,EKPC,1857.294,True
9/5/2024 12:00:00 AM,9/4/2024 8:00:00 PM,SERC,WEST,EKPC,EKPC,1870.073,True
9/5/2024 1:00:00 AM,9/4/2024 9:00:00 PM,SERC,WEST,EKPC,EKPC,1751.384,True
9/5/2024 2:00:00 AM,9/4/2024 10:00:00 PM,SERC,WEST,EKPC,EKPC,1559.531,True
9/5/2024 3:00:00 AM,9/4/2024 11:00:00 PM,SERC,WEST,EKPC,EKPC,1349.155,True
9/5/2024 4:00:00 AM,9/5/2024 12:00:00 AM,SERC,WEST,EKPC,EKPC,1299.026,True
9/5/2024 5:00:00 AM,9/5/2024 1:00:00 AM,SERC,WEST,EKPC,EKPC,1129.605,True
9/5/2024 6:00:00 AM,9/5/2024 2:00:00 AM,SERC,WEST,EKPC,EKPC,1060.129,True
9/5/2024 7:00:00 AM,9/5/2024 3:00:00 AM,SERC,WEST,EKPC,EKPC,1128.927,True
9/5/2024 8:00:00 AM,9/5/2024 4:00:00 AM,SERC,WEST,EKPC,EKPC,1173.721,True
9/5/2024 9:00:00 AM,9/5/2024 5:00:00 AM,SERC,WEST,EKPC,EKPC,1229.118,True
9/5/2024 10:00:00 AM,9/5/2024 6:00:00 AM,SERC,WEST,EKPC,EKPC,1358.769,True
9/5/2024 11:00:00 AM,9/5/2024 7:00:00 AM,SERC,WEST,EKPC,EKPC,1389.108,True
9/5/2024 12:00:00 PM,9/5/2024 8:00:00 AM,SERC,WEST,EKPC,EKPC,1382.849,True
9/5/2024 1:00:00 PM,9/5/2024 9:00:00 AM,SERC,WEST,EKPC,EKPC,1386.758,True
9/5/2024 2:00:00 PM,9/5/2024 10:00:00 AM,SERC,WEST,EKPC,EKPC,1456.438,True
9/5/2024 3:00:00 PM,9/5/2024 11:00:00 AM,SERC,WEST,EKPC,EKPC,1628.916,True
9/5/2024 4:00:00 PM,9/5/2024 12:00:00 PM,SERC,WEST,EKPC,EKPC,1827.347,True
9/5/2024 5:00:00 PM,9/5/2024 1:00:00 PM,SERC,WEST,EKPC,EKPC,1907.951,True
9/5/2024 6:00:00 PM,9/5/2024 2:00:00 PM,SERC,WEST,EKPC,EKPC,2006.733,True
9/5/2024 7:00:00 PM,9/5/2024 3:00:00 PM,SERC,WEST,EKPC,EKPC,2126.268,True
9/5/2024 8:00:00 PM,9/5/2024 4:00:00 PM,SERC,WEST,EKPC,EKPC,2205.141,True
9/5/2024 9:00:00 PM,9/5/2024 5:00:00 PM,SERC,WEST,EKPC,EKPC,2232.192,True
9/5/2024 10:00:00 PM,9/5/2024 6:00:00 PM,SERC,WEST,EKPC,EKPC,2166.293,True
9/5/2024 11:00:00 PM,9/5/2024 7:00:00 PM,SERC,WEST,EKPC,EKPC,2051.746,True
9/6/2024 12:00:00 AM,9/5/2024 8:00:00 PM,SERC,WEST,EKPC,EKPC,1973.051,True
9/6/2024 1:00:00 AM,9/5/2024 9:00:00 PM,SERC,WEST,EKPC,EKPC,1845.546,True
9/6/2024 2:00:00 AM,9/5/2024 10:00:00 PM,SERC,WEST,EKPC,EKPC,1679.961,True
9/6/2024 3:00:00 AM,9/5/2024 11:00:00 PM,SERC,WEST,EKPC,EKPC,1512.536,True
9/6/2024 4:00:00 AM,9/6/2024 12:00:00 AM,SERC,WEST,EKPC,EKPC,1396.492,True
9/6/2024 5:00:00 AM,9/6/2024 1:00:00 AM,SERC,WEST,EKPC,EKPC,1259.605,True
9/6/2024 6:00:00 AM,9/6/2024 2:00:00 AM,SERC,WEST,EKPC,EKPC,1186.448,True
9/6/2024 7:00:00 AM,9/6/2024 3:00:00 AM,SERC,WEST,EKPC,EKPC,1181.313,True
9/6/2024 8:00:00 AM,9/6/2024 4:00:00 AM,SERC,WEST,EKPC,EKPC,1173.724,True
9/6/2024 9:00:00 AM,9/6/2024 5:00:00 AM,SERC,WEST,EKPC,EKPC,1193.761,True
9/6/2024 10:00:00 AM,9/6/2024 6:00:00 AM,SERC,WEST,EKPC,EKPC,1393.330,True
9/6/2024 11:00:00 AM,9/6/2024 7:00:00 AM,SERC,WEST,EKPC,EKPC,1346.204,True
9/6/2024 12:00:00 PM,9/6/2024 8:00:00 AM,SERC,WEST,EKPC,EKPC,1325.730,True
9/6/2024 1:00:00 PM,9/6/2024 9:00:00 AM,SERC,WEST,EKPC,EKPC,1352.599,True
9/6/2024 2:00:00 PM,9/6/2024 10:00:00 AM,SERC,WEST,EKPC,EKPC,1436.467,True
9/6/2024 3:00:00 PM,9/6/2024 11:00:00 AM,SERC,WEST,EKPC,EKPC,1577.684,True
9/6/2024 4:00:00 PM,9/6/2024 12:00:00 PM,SERC,WEST,EKPC,EKPC,1814.606,True
9/6/2024 5:00:00 PM,9/6/2024 1:00:00 PM,SERC,WEST,EKPC,EKPC,1921.498,True
9/6/2024 6:00:00 PM,9/6/2024 2:00:00 PM,SERC,WEST,EKPC,EKPC,2035.953,True
9/6/2024 7:00:00 PM,9/6/2024 3:00:00 PM,SERC,WEST,EKPC,EKPC,2173.175,True
9/6/2024 8:00:00 PM,9/6/2024 4:00:00 PM,SERC,WEST,EKPC,EKPC,2029.776,True
9/6/2024 9:00:00 PM,9/6/2024 5:00:00 PM,SERC,WEST,EKPC,EKPC,1991.997,True
9/6/2024 10:00:00 PM,9/6/2024 6:00:00 PM,SERC,WEST,EKPC,EKPC,1881.132,True
9/6/2024 11:00:00 PM,9/6/2024 7:00:00 PM,SERC,WEST,EKPC,EKPC,1764.455,True
9/7/2024 12:00:00 AM,9/6/2024 8:00:00 PM,SERC,WEST,EKPC,EKPC,1687.802,True
9/7/2024 1:00:00 AM,9/6/2024 9:00:00 PM,SERC,WEST,EKPC,EKPC,1714.904,True
9/7/2024 2:00:00 AM,9/6/2024 10:00:00 PM,SERC,WEST,EKPC,EKPC,1613.266,True
9/7/2024 3:00:00 AM,9/6/2024 11:00:00 PM,SERC,WEST,EKPC,EKPC,1514.145,True
9/7/2024 4:00:00 AM,9/7/2024 12:00:00 AM,SERC,WEST,EKPC,EKPC,1282.996,True
9/7/2024 5:00:00 AM,9/7/2024 1:00:00 AM,SERC,WEST,EKPC,EKPC,1256.443,True
9/7/2024 6:00:00 AM,9/7/2024 2:00:00 AM,SERC,WEST,EKPC,EKPC,1195.324,True
9/7/2024 7:00:00 AM,9/7/2024 3:00:00 AM,SERC,WEST,EKPC,EKPC,1153.181,True
9/7/2024 8:00:00 AM,9/7/2024 4:00:00 AM,SERC,WEST,EKPC,EKPC,1070.983,True
9/7/2024 9:00:00 AM,9/7/2024 5:00:00 AM,SERC,WEST,EKPC,EKPC,1053.163,True
9/7/2024 10:00:00 AM,9/7/2024 6:00:00 AM,SERC,WEST,EKPC,EKPC,1174.172,True
9/7/2024 11:00:00 AM,9/7/2024 7:00:00 AM,SERC,WEST,EKPC,EKPC,1173.624,True
9/7/2024 12:00:00 PM,9/7/2024 8:00:00 AM,SERC,WEST,EKPC,EKPC,1248.103,True
9/7/2024 1:00:00 PM,9/7/2024 9:00:00 AM,SERC,WEST,EKPC,EKPC,1302.696,True
9/7/2024 2:00:00 PM,9/7/2024 10:00:00 AM,SERC,WEST,EKPC,EKPC,1335.917,True
9/7/2024 3:00:00 PM,9/7/2024 11:00:00 AM,SERC,WEST,EKPC,EKPC,1348.936,True
9/7/2024 4:00:00 PM,9/7/2024 12:00:00 PM,SERC,WEST,EKPC,EKPC,1313.096,True
9/7/2024 5:00:00 PM,9/7/2024 1:00:00 PM,SERC,WEST,EKPC,EKPC,1363.043,True
9/7/2024 6:00:00 PM,9/7/2024 2:00:00 PM,SERC,WEST,EKPC,EKPC,1396.599,True
9/7/2024 7:00:00 PM,9/7/2024 3:00:00 PM,SERC,WEST,EKPC,EKPC,1484.375,True
9/7/2024 8:00:00 PM,9/7/2024 4:00:00 PM,SERC,WEST,EKPC,EKPC,1497.088,True
9/7/2024 9:00:00 PM,9/7/2024 5:00:00 PM,SERC,WEST,EKPC,EKPC,1495.741,True
9/7/2024 10:00:00 PM,9/7/2024 6:00:00 PM,SERC,WEST,EKPC,EKPC,1499.917,True
9/7/2024 11:00:00 PM,9/7/2024 7:00:00 PM,SERC,WEST,EKPC,EKPC,1434.830,True
9/8/2024 12:00:00 AM,9/7/2024 8:00:00 PM,SERC,WEST,EKPC,EKPC,1357.285,True
9/8/2024 1:00:00 AM,9/7/2024 9:00:00 PM,SERC,WEST,EKPC,EKPC,1346.398,True
9/8/2024 2:00:00 AM,9/7/2024 10:00:00 PM,SERC,WEST,EKPC,EKPC,1176.930,True
9/8/2024 3:00:00 AM,9/7/2024 11:00:00 PM,SERC,WEST,EKPC,EKPC,1073.600,True
9/8/2024 4:00:00 AM,9/8/2024 12:00:00 AM,SERC,WEST,EKPC,EKPC,1088.138,True
9/8/2024 5:00:00 AM,9/8/2024 1:00:00 AM,SERC,WEST,EKPC,EKPC,1075.510,True
9/8/2024 6:00:00 AM,9/8/2024 2:00:00 AM,SERC,WEST,EKPC,EKPC,1049.679,True
9/8/2024 7:00:00 AM,9/8/2024 3:00:00 AM,SERC,WEST,EKPC,EKPC,1020.833,True
9/8/2024 8:00:00 AM,9/8/2024 4:00:00 AM,SERC,WEST,EKPC,EKPC,1010.995,True
9/8/2024 9:00:00 AM,9/8/2024 5:00:00 AM,SERC,WEST,EKPC,EKPC,1039.912,True
9/8/2024 10:00:00 AM,9/8/2024 6:00:00 AM,SERC,WEST,EKPC,EKPC,1121.154,True
9/8/2024 11:00:00 AM,9/8/2024 7:00:00 AM,SERC,WEST,EKPC,EKPC,1131.163,True
9/8/2024 12:00:00 PM,9/8/2024 8:00:00 AM,SERC,WEST,EKPC,EKPC,1114.699,True
9/8/2024 1:00:00 PM,9/8/2024 9:00:00 AM,SERC,WEST,EKPC,EKPC,1140.514,True
9/8/2024 2:00:00 PM,9/8/2024 10:00:00 AM,SERC,WEST,EKPC,EKPC,1296.588,True
9/8/2024 3:00:00 PM,9/8/2024 11:00:00 AM,SERC,WEST,EKPC,EKPC,1221.714,True
9/8/2024 4:00:00 PM,9/8/2024 12:00:00 PM,SERC,WEST,EKPC,EKPC,1293.344,True
9/8/2024 5:00:00 PM,9/8/2024 1:00:00 PM,SERC,WEST,EKPC,EKPC,1333.271,True
9/8/2024 6:00:00 PM,9/8/2024 2:00:00 PM,SERC,WEST,EKPC,EKPC,1346.757,True
9/8/2024 7:00:00 PM,9/8/2024 3:00:00 PM,SERC,WEST,EKPC,EKPC,1434.529,True
9/8/2024 8:00:00 PM,9/8/2024 4:00:00 PM,SERC,WEST,EKPC,EKPC,1399.154,True
9/8/2024 9:00:00 PM,9/8/2024 5:00:00 PM,SERC,WEST,EKPC,EKPC,1387.786,True
9/8/2024 10:00:00 PM,9/8/2024 6:00:00 PM,SERC,WEST,EKPC,EKPC,1346.626,True
9/8/2024 11:00:00 PM,9/8/2024 7:00:00 PM,SERC,WEST,EKPC,EKPC,1343.682,True
9/9/2024 12:00:00 AM,9/8/2024 8:00:00 PM,SERC,WEST,EKPC,EKPC,1517.125,True
9/9/2024 1:00:00 AM,9/8/2024 9:00:00 PM,SERC,WEST,EKPC,EKPC,1428.415,True
9/9/2024 2:00:00 AM,9/8/2024 10:00:00 PM,SERC,WEST,EKPC,EKPC,1327.579,True
9/9/2024 3:00:00 AM,9/8/2024 11:00:00 PM,SERC,WEST,EKPC,EKPC,1198.746,True
9/9/2024 4:00:00 AM,9/9/2024 12:00:00 AM,SERC,WEST,EKPC,EKPC,1137.273,True
9/9/2024 5:00:00 AM,9/9/2024 1:00:00 AM,SERC,WEST,EKPC,EKPC,1084.635,True
9/9/2024 6:00:00 AM,9/9/2024 2:00:00 AM,SERC,WEST,EKPC,EKPC,1072.901,True
9/9/2024 7:00:00 AM,9/9/2024 3:00:00 AM,SERC,WEST,EKPC,EKPC,1038.293,True
9/9/2024 8:00:00 AM,9/9/2024 4:00:00 AM,SERC,WEST,EKPC,EKPC,1088.217,True
9/9/2024 9:00:00 AM,9/9/2024 5:00:00 AM,SERC,WEST,EKPC,EKPC,1076.269,True
9/9/2024 10:00:00 AM,9/9/2024 6:00:00 AM,SERC,WEST,EKPC,EKPC,1262.065,True
9/9/2024 11:00:00 AM,9/9/2024 7:00:00 AM,SERC,WEST,EKPC,EKPC,1275.938,True
9/9/2024 12:00:00 PM,9/9/2024 8:00:00 AM,SERC,WEST,EKPC,EKPC,1303.634,True
9/9/2024 1:00:00 PM,9/9/2024 9:00:00 AM,SERC,WEST,EKPC,EKPC,1337.916,True
9/9/2024 2:00:00 PM,9/9/2024 10:00:00 AM,SERC,WEST,EKPC,EKPC,1326.436,True
9/9/2024 3:00:00 PM,9/9/2024 11:00:00 AM,SERC,WEST,EKPC,EKPC,1256.259,True
9/9/2024 4:00:00 PM,9/9/2024 12:00:00 PM,SERC,WEST,EKPC,EKPC,1232.731,True
9/9/2024 5:00:00 PM,9/9/2024 1:00:00 PM,SERC,WEST,EKPC,EKPC,1251.694,True
9/9/2024 6:00:00 PM,9/9/2024 2:00:00 PM,SERC,WEST,EKPC,EKPC,1312.273,True
9/9/2024 7:00:00 PM,9/9/2024 3:00:00 PM,SERC,WEST,EKPC,EKPC,1422.440,True
9/9/2024 8:00:00 PM,9/9/2024 4:00:00 PM,SERC,WEST,EKPC,EKPC,1529.416,True
9/9/2024 9:00:00 PM,9/9/2024 5:00:00 PM,SERC,WEST,EKPC,EKPC,1666.416,True
9/9/2024 10:00:00 PM,9/9/2024 6:00:00 PM,SERC,WEST,EKPC,EKPC,1681.461,True
9/9/2024 11:00:00 PM,9/9/2024 7:00:00 PM,SERC,WEST,EKPC,EKPC,1480.224,True
9/10/2024 12:00:00 AM,9/9/2024 8:00:00 PM,SERC,WEST,EKPC,EKPC,1481.385,True
9/10/2024 1:00:00 AM,9/9/2024 9:00:00 PM,SERC,WEST,EKPC,EKPC,1393.246,True
9/10/2024 2:00:00 AM,9/9/2024 10:00:00 PM,SERC,WEST,EKPC,EKPC,1371.456,True
9/10/2024 3:00:00 AM,9/9/2024 11:00:00 PM,SERC,WEST,EKPC,EKPC,1252.530,True
9/10/2024 4:00:00 AM,9/10/2024 12:00:00 AM,SERC,WEST,EKPC,EKPC,1170.155,True
9/10/2024 5:00:00 AM,9/10/2024 1:00:00 AM,SERC,WEST,EKPC,EKPC,1087.561,True
9/10/2024 6:00:00 AM,9/10/2024 2:00:00 AM,SERC,WEST,EKPC,EKPC,1098.675,True
9/10/2024 7:00:00 AM,9/10/2024 3:00:00 AM,SERC,WEST,EKPC,EKPC,1062.973,True
9/10/2024 8:00:00 AM,9/10/2024 4:00:00 AM,SERC,WEST,EKPC,EKPC,1012.038,True
9/10/2024 9:00:00 AM,9/10/2024 5:00:00 AM,SERC,WEST,EKPC,EKPC,1125.986,True
9/10/2024 10:00:00 AM,9/10/2024 6:00:00 AM,SERC,WEST,EKPC,EKPC,1233.838,True
9/10/2024 11:00:00 AM,9/10/2024 7:00:00 AM,SERC,WEST,EKPC,EKPC,1293.300,True
9/10/2024 12:00:00 PM,9/10/2024 8:00:00 AM,SERC,WEST,EKPC,EKPC,1308.095,True
9/10/2024 1:00:00 PM,9/10/2024 9:00:00 AM,SERC,WEST,EKPC,EKPC,1247.530,True
9/10/2024 2:00:00 PM,9/10/2024 10:00:00 AM,SERC,WEST,EKPC,EKPC,1377.878,True
9/10/2024 3:00:00 PM,9/10/2024 11:00:00 AM,SERC,WEST,EKPC,EKPC,1377.926,True
9/10/2024 4:00:00 PM,9/10/2024 12:00:00 PM,SERC,WEST,EKPC,EKPC,1381.011,True
9/10/2024 5:00:00 PM,9/10/2024 1:00:00 PM,SERC,WEST,EKPC,EKPC,1447.124,True
9/10/2024 6:00:00 PM,9/10/2024 2:00:00 PM,SERC,WEST,EKPC,EKPC,1552.439,True
9/10/2024 7:00:00 PM,9/10/2024 3:00:00 PM,SERC,WEST,EKPC,EKPC,1631.366,True
9/10/2024 8:00:00 PM,9/10/2024 4:00:00 PM,SERC,WEST,EKPC,EKPC,1682.984,True
9/10/2024 9:00:00 PM,9/10/2024 5:00:00 PM,SERC,WEST,EKPC,EKPC,1800.366,True
9/10/2024 10:00:00 PM,9/10/2024 6:00:00 PM,SERC,WEST,EKPC,EKPC,1849.713,True
9/10/2024 11:00:00 PM,9/10/2024 7:00:00 PM,SERC,WEST,EKPC,EKPC,1833.559,True
9/11/2024 12:00:00 AM,9/10/2024 8:00:00 PM,SERC,WEST,EKPC,EKPC,1767.525,True
9/11/2024 1:00:00 AM,9/10/2024 9:00:00 PM,SERC,WEST,EKPC,EKPC,1619.405,True
9/11/2024 2:00:00 AM,9/10/2024 10:00:00 PM,SERC,WEST,EKPC,EKPC,1494.635,True
9/11/2024 3:00:00 AM,9/10/2024 11:00:00 PM,SERC,WEST,EKPC,EKPC,1342.929,True
9/11/2024 4:00:00 AM,9/11/2024 12:00:00 AM,SERC,WEST,EKPC,EKPC,1218.805,True
9/11/2024 5:00:00 AM,9/11/2024 1:00:00 AM,SERC,WEST,EKPC,EKPC,1134.645,True
9/11/2024 6:00:00 AM,9/11/2024 2:00:00 AM,SERC,WEST,EKPC,EKPC,1036.318,True
9/11/2024 7:00:00 AM,9/11/2024 3:00:00 AM,SERC,WEST,EKPC,EKPC,945.383,True
9/11/2024 8:00:00 AM,9/11/2024 4:00:00 AM,SERC,WEST,EKPC,EKPC,976.018,True
9/11/2024 9:00:00 AM,9/11/2024 5:00:00 AM,SERC,WEST,EKPC,EKPC,1041.587,True
9/11/2024 10:00:00 AM,9/11/2024 6:00:00 AM,SERC,WEST,EKPC,EKPC,1152.716,True
9/11/2024 11:00:00 AM,9/11/2024 7:00:00 AM,SERC,WEST,EKPC,EKPC,1198.230,True
9/11/2024 12:00:00 PM,9/11/2024 8:00:00 AM,SERC,WEST,EKPC,EKPC,1189.731,True
9/11/2024 1:00:00 PM,9/11/2024 9:00:00 AM,SERC,WEST,EKPC,EKPC,1266.790,True
9/11/2024 2:00:00 PM,9/11/2024 10:00:00 AM,SERC,WEST,EKPC,EKPC,1332.980,True
9/11/2024 3:00:00 PM,9/11/2024 11:00:00 AM,SERC,WEST,EKPC,EKPC,1338.775,True
9/11/2024 4:00:00 PM,9/11/2024 12:00:00 PM,SERC,WEST,EKPC,EKPC,1493.372,True
9/11/2024 5:00:00 PM,9/11/2024 1:00:00 PM,SERC,WEST,EKPC,EKPC,1575.653,True
9/11/2024 6:00:00 PM,9/11/2024 2:00:00 PM,SERC,WEST,EKPC,EKPC,1789.622,True
9/11/2024 7:00:00 PM,9/11/2024 3:00:00 PM,SERC,WEST,EKPC,EKPC,1898.777,True
9/11/2024 8:00:00 PM,9/11/2024 4:00:00 PM,SERC,WEST,EKPC,EKPC,2019.039,True
9/11/2024 9:00:00 PM,9/11/2024 5:00:00 PM,SERC,WEST,EKPC,EKPC,2118.420,True
9/11/2024 10:00:00 PM,9/11/2024 6:00:00 PM,SERC,WEST,EKPC,EKPC,2078.612,True
9/11/2024 11:00:00 PM,9/11/2024 7:00:00 PM,SERC,WEST,EKPC,EKPC,1965.713,True
9/12/2024 12:00:00 AM,9/11/2024 8:00:00 PM,SERC,WEST,EKPC,EKPC,1895.237,True
9/12/2024 1:00:00 AM,9/11/2024 9:00:00 PM,SERC,WEST,EKPC,EKPC,1734.966,True
9/12/2024 2:00:00 AM,9/11/2024 10:00:00 PM,SERC,WEST,EKPC,EKPC,1573.046,True
9/12/2024 3:00:00 AM,9/11/2024 11:00:00 PM,SERC,WEST,EKPC,EKPC,1433.561,True
9/12/2024 4:00:00 AM,9/12/2024 12:00:00 AM,SERC,WEST,EKPC,EKPC,1339.129,True
9/12/2024 5:00:00 AM,9/12/2024 1:00:00 AM,SERC,WEST,EKPC,EKPC,1247.974,True
9/12/2024 6:00:00 AM,9/12/2024 2:00:00 AM,SERC,WEST,EKPC,EKPC,1169.692,True
9/12/2024 7:00:00 AM,9/12/2024 3:00:00 AM,SERC,WEST,EKPC,EKPC,1149.186,True
9/12/2024 8:00:00 AM,9/12/2024 4:00:00 AM,SERC,WEST,EKPC,EKPC,1155.805,True
9/12/2024 9:00:00 AM,9/12/2024 5:00:00 AM,SERC,WEST,EKPC,EKPC,1158.455,True
9/12/2024 10:00:00 AM,9/12/2024 6:00:00 AM,SERC,WEST,EKPC,EKPC,1238.226,True
9/12/2024 11:00:00 AM,9/12/2024 7:00:00 AM,SERC,WEST,EKPC,EKPC,1306.134,True
9/12/2024 12:00:00 PM,9/12/2024 8:00:00 AM,SERC,WEST,EKPC,EKPC,1382.485,True
9/12/2024 1:00:00 PM,9/12/2024 9:00:00 AM,SERC,WEST,EKPC,EKPC,1398.507,True
9/12/2024 2:00:00 PM,9/12/2024 10:00:00 AM,SERC,WEST,EKPC,EKPC,1445.809,True
9/12/2024 3:00:00 PM,9/12/2024 11:00:00 AM,SERC,WEST,EKPC,EKPC,1498.306,True
9/12/2024 4:00:00 PM,9/12/2024 12:00:00 PM,SERC,WEST,EKPC,EKPC,1564.017,True
9/12/2024 5:00:00 PM,9/12/2024 1:00:00 PM,SERC,WEST,EKPC,EKPC,1524.044,True
9/12/2024 6:00:00 PM,9/12/2024 2:00:00 PM,SERC,WEST,EKPC,EKPC,1604.000,True
9/12/2024 7:00:00 PM,9/12/2024 3:00:00 PM,SERC,WEST,EKPC,EKPC,1639.747,True
9/12/2024 8:00:00 PM,9/12/2024 4:00:00 PM,SERC,WEST,EKPC,EKPC,1770.300,True
9/12/2024 9:00:00 PM,9/12/2024 5:00:00 PM,SERC,WEST,EKPC,EKPC,1764.421,True
9/12/2024 10:00:00 PM,9/12/2024 6:00:00 PM,SERC,WEST,EKPC,EKPC,1645.835,True
9/12/2024 11:00:00 PM,9/12/2024 7:00:00 PM,SERC,WEST,EKPC,EKPC,1709.454,True
9/13/2024 12:00:00 AM,9/12/2024 8:00:00 PM,SERC,WEST,EKPC,EKPC,1698.003,True
9/13/2024 1:00:00 AM,9/12/2024 9:00:00 PM,SERC,WEST,EKPC,EKPC,1607.792,True
9/13/2024 2:00:00 AM,9/12/2024 10:00:00 PM,SERC,WEST,EKPC,EKPC,1490.119,True
9/13/2024 3:00:00 AM,9/12/2024 11:00:00 PM,SERC,WEST,EKPC,EKPC,1253.256,True
9/13/2024 4:00:00 AM,9/13/2024 12:00:00 AM,SERC,WEST,EKPC,EKPC,1139.780,True
9/13/2024 5:00:00 AM,9/13/2024 1:00:00 AM,SERC,WEST,EKPC,EKPC,1080.712,True
9/13/2024 6:00:00 AM,9/13/2024 2:00:00 AM,SERC,WEST,EKPC,EKPC,1144.711,True
9/13/2024 7:00:00 AM,9/13/2024 3:00:00 AM,SERC,WEST,EKPC,EKPC,1200.362,True
9/13/2024 8:00:00 AM,9/13/2024 4:00:00 AM,SERC,WEST,EKPC,EKPC,1196.007,True
9/13/2024 9:00:00 AM,9/13/2024 5:00:00 AM,SERC,WEST,EKPC,EKPC,1222.072,True
9/13/2024 10:00:00 AM,9/13/2024 6:00:00 AM,SERC,WEST,EKPC,EKPC,1358.359,True
9/13/2024 11:00:00 AM,9/13/2024 7:00:00 AM,SERC,WEST,EKPC,EKPC,1349.445,True
9/13/2024 12:00:00 PM,9/13/2024 8:00:00 AM,SERC,WEST,EKPC,EKPC,1335.996,True
9/13/2024 1:00:00 PM,9/13/2024 9:00:00 AM,SERC,WEST,EKPC,EKPC,1340.928,True
9/13/2024 2:00:00 PM,9/13/2024 10:00:00 AM,SERC,WEST,EKPC,EKPC,1390.818,True
9/13/2024 3:00:00 PM,9/13/2024 11:00:00 AM,SERC,WEST,EKPC,EKPC,1498.250,True
9/13/2024 4:00:00 PM,9/13/2024 12:00:00 PM,SERC,WEST,EKPC,EKPC,1604.252,True
9/13/2024 5:00:00 PM,9/13/2024 1:00:00 PM,SERC,WEST,EKPC,EKPC,1504.433,True
9/13/2024 6:00:00 PM,9/13/2024 2:00:00 PM,SERC,WEST,EKPC,EKPC,1535.194,True
9/13/2024 7:00:00 PM,9/13/2024 3:00:00 PM,SERC,WEST,EKPC,EKPC,1654.008,True
9/13/2024 8:00:00 PM,9/13/2024 4:00:00 PM,SERC,WEST,EKPC,EKPC,1698.998,True
9/13/2024 9:00:00 PM,9/13/2024 5:00:00 PM,SERC,WEST,EKPC,EKPC,1665.719,True
9/13/2024 10:00:00 PM,9/13/2024 6:00:00 PM,SERC,WEST,EKPC,EKPC,1654.694,True
9/13/2024 11:00:00 PM,9/13/2024 7:00:00 PM,SERC,WEST,EKPC,EKPC,1564.334,True
9/14/2024 12:00:00 AM,9/13/2024 8:00:00 PM,SERC,WEST,EKPC,EKPC,1569.748,True
9/14/2024 1:00:00 AM,9/13/2024 9:00:00 PM,SERC,WEST,EKPC,EKPC,1452.067,True
9/14/2024 2:00:00 AM,9/13/2024 10:00:00 PM,SERC,WEST,EKPC,EKPC,1379.586,True
9/14/2024 3:00:00 AM,9/13/2024 11:00:00 PM,SERC,WEST,EKPC,EKPC,1275.512,True
9/14/2024 4:00:00 AM,9/14/2024 12:00:00 AM,SERC,WEST,EKPC,EKPC,1171.740,True
9/14/2024 5:00:00 AM,9/14/2024 1:00:00 AM,SERC,WEST,EKPC,EKPC,1090.057,True
9/14/2024 6:00:00 AM,9/14/2024 2:00:00 AM,SERC,WEST,EKPC,EKPC,1054.998,True
9/14/2024 7:00:00 AM,9/14/2024 3:00:00 AM,SERC,WEST,EKPC,EKPC,1003.785,True
9/14/2024 8:00:00 AM,9/14/2024 4:00:00 AM,SERC,WEST,EKPC,EKPC,993.710,True
9/14/2024 9:00:00 AM,9/14/2024 5:00:00 AM,SERC,WEST,EKPC,EKPC,979.628,True
9/14/2024 10:00:00 AM,9/14/2024 6:00:00 AM,SERC,WEST,EKPC,EKPC,1002.898,True
9/14/2024 11:00:00 AM,9/14/2024 7:00:00 AM,SERC,WEST,EKPC,EKPC,1045.452,True
9/14/2024 12:00:00 PM,9/14/2024 8:00:00 AM,SERC,WEST,EKPC,EKPC,1128.477,True
9/14/2024 1:00:00 PM,9/14/2024 9:00:00 AM,SERC,WEST,EKPC,EKPC,1273.861,True
9/14/2024 2:00:00 PM,9/14/2024 10:00:00 AM,SERC,WEST,EKPC,EKPC,1386.444,True
9/14/2024 3:00:00 PM,9/14/2024 11:00:00 AM,SERC,WEST,EKPC,EKPC,1526.802,True
9/14/2024 4:00:00 PM,9/14/2024 12:00:00 PM,SERC,WEST,EKPC,EKPC,1614.531,True
9/14/2024 5:00:00 PM,9/14/2024 1:00:00 PM,SERC,WEST,EKPC,EKPC,1712.390,True
9/14/2024 6:00:00 PM,9/14/2024 2:00:00 PM,SERC,WEST,EKPC,EKPC,1790.711,True
9/14/2024 7:00:00 PM,9/14/2024 3:00:00 PM,SERC,WEST,EKPC,EKPC,1854.632,True
9/14/2024 8:00:00 PM,9/14/2024 4:00:00 PM,SERC,WEST,EKPC,EKPC,1910.132,True
9/14/2024 9:00:00 PM,9/14/2024 5:00:00 PM,SERC,WEST,EKPC,EKPC,1996.560,True
9/14/2024 10:00:00 PM,9/14/2024 6:00:00 PM,SERC,WEST,EKPC,EKPC,1885.606,True
9/14/2024 11:00:00 PM,9/14/2024 7:00:00 PM,SERC,WEST,EKPC,EKPC,1782.197,True
9/15/2024 12:00:00 AM,9/14/2024 8:00:00 PM,SERC,WEST,EKPC,EKPC,1701.295,True
9/15/2024 1:00:00 AM,9/14/2024 9:00:00 PM,SERC,WEST,EKPC,EKPC,1549.049,True
9/15/2024 2:00:00 AM,9/14/2024 10:00:00 PM,SERC,WEST,EKPC,EKPC,1420.639,True
9/15/2024 3:00:00 AM,9/14/2024 11:00:00 PM,SERC,WEST,EKPC,EKPC,1275.219,True
9/15/2024 4:00:00 AM,9/15/2024 12:00:00 AM,SERC,WEST,EKPC,EKPC,1192.248,True
9/15/2024 5:00:00 AM,9/15/2024 1:00:00 AM,SERC,WEST,EKPC,EKPC,1077.268,True
9/15/2024 6:00:00 AM,9/15/2024 2:00:00 AM,SERC,WEST,EKPC,EKPC,1061.871,True
9/15/2024 7:00:00 AM,9/15/2024 3:00:00 AM,SERC,WEST,EKPC,EKPC,1059.429,True
9/15/2024 8:00:00 AM,9/15/2024 4:00:00 AM,SERC,WEST,EKPC,EKPC,996.060,True
9/15/2024 9:00:00 AM,9/15/2024 5:00:00 AM,SERC,WEST,EKPC,EKPC,1037.741,True
9/15/2024 10:00:00 AM,9/15/2024 6:00:00 AM,SERC,WEST,EKPC,EKPC,1078.978,True
9/15/2024 11:00:00 AM,9/15/2024 7:00:00 AM,SERC,WEST,EKPC,EKPC,1058.627,True
9/15/2024 12:00:00 PM,9/15/2024 8:00:00 AM,SERC,WEST,EKPC,EKPC,1188.305,True
9/15/2024 1:00:00 PM,9/15/2024 9:00:00 AM,SERC,WEST,EKPC,EKPC,1250.364,True
9/15/2024 2:00:00 PM,9/15/2024 10:00:00 AM,SERC,WEST,EKPC,EKPC,1443.713,True
9/15/2024 3:00:00 PM,9/15/2024 11:00:00 AM,SERC,WEST,EKPC,EKPC,1531.884,True
9/15/2024 4:00:00 PM,9/15/2024 12:00:00 PM,SERC,WEST,EKPC,EKPC,1646.248,True
9/15/2024 5:00:00 PM,9/15/2024 1:00:00 PM,SERC,WEST,EKPC,EKPC,1765.956,True
9/15/2024 6:00:00 PM,9/15/2024 2:00:00 PM,SERC,WEST,EKPC,EKPC,1789.301,True
9/15/2024 7:00:00 PM,9/15/2024 3:00:00 PM,SERC,WEST,EKPC,EKPC,1932.233,True
9/15/2024 8:00:00 PM,9/15/2024 4:00:00 PM,SERC,WEST,EKPC,EKPC,2000.649,True
9/15/2024 9:00:00 PM,9/15/2024 5:00:00 PM,SERC,WEST,EKPC,EKPC,2025.955,True
9/15/2024 10:00:00 PM,9/15/2024 6:00:00 PM,SERC,WEST,EKPC,EKPC,1999.851,True
9/15/2024 11:00:00 PM,9/15/2024 7:00:00 PM,SERC,WEST,EKPC,EKPC,1910.870,True
9/16/2024 12:00:00 AM,9/15/2024 8:00:00 PM,SERC,WEST,EKPC,EKPC,1862.239,True
9/16/2024 1:00:00 AM,9/15/2024 9:00:00 PM,SERC,WEST,EKPC,EKPC,1674.678,True
9/16/2024 2:00:00 AM,9/15/2024 10:00:00 PM,SERC,WEST,EKPC,EKPC,1528.332,True
9/16/2024 3:00:00 AM,9/15/2024 11:00:00 PM,SERC,WEST,EKPC,EKPC,1347.773,True
9/16/2024 4:00:00 AM,9/16/2024 12:00:00 AM,SERC,WEST,EKPC,EKPC,1248.143,True
9/16/2024 5:00:00 AM,9/16/2024 1:00:00 AM,SERC,WEST,EKPC,EKPC,1148.474,True
9/16/2024 6:00:00 AM,9/16/2024 2:00:00 AM,SERC,WEST,EKPC,EKPC,1131.558,True
9/16/2024 7:00:00 AM,9/16/2024 3:00:00 AM,SERC,WEST,EKPC,EKPC,1098.054,True
9/16/2024 8:00:00 AM,9/16/2024 4:00:00 AM,SERC,WEST,EKPC,EKPC,1110.764,True
9/16/2024 9:00:00 AM,9/16/2024 5:00:00 AM,SERC,WEST,EKPC,EKPC,1166.921,True
9/16/2024 10:00:00 AM,9/16/2024 6:00:00 AM,SERC,WEST,EKPC,EKPC,1247.621,True
9/16/2024 11:00:00 AM,9/16/2024 7:00:00 AM,SERC,WEST,EKPC,EKPC,1289.082,True
9/16/2024 12:00:00 PM,9/16/2024 8:00:00 AM,SERC,WEST,EKPC,EKPC,1295.806,True
9/16/2024 1:00:00 PM,9/16/2024 9:00:00 AM,SERC,WEST,EKPC,EKPC,1290.542,True
9/16/2024 2:00:00 PM,9/16/2024 10:00:00 AM,SERC,WEST,EKPC,EKPC,1396.564,True
9/16/2024 3:00:00 PM,9/16/2024 11:00:00 AM,SERC,WEST,EKPC,EKPC,1554.386,True
9/16/2024 4:00:00 PM,9/16/2024 12:00:00 PM,SERC,WEST,EKPC,EKPC,1608.126,True
9/16/2024 5:00:00 PM,9/16/2024 1:00:00 PM,SERC,WEST,EKPC,EKPC,1678.597,True
9/16/2024 6:00:00 PM,9/16/2024 2:00:00 PM,SERC,WEST,EKPC,EKPC,1858.813,True
9/16/2024 7:00:00 PM,9/16/2024 3:00:00 PM,SERC,WEST,EKPC,EKPC,1904.400,True
9/16/2024 8:00:00 PM,9/16/2024 4:00:00 PM,SERC,WEST,EKPC,EKPC,1996.280,True
9/16/2024 9:00:00 PM,9/16/2024 5:00:00 PM,SERC,WEST,EKPC,EKPC,2025.767,True
9/16/2024 10:00:00 PM,9/16/2024 6:00:00 PM,SERC,WEST,EKPC,EKPC,1978.287,True
9/16/2024 11:00:00 PM,9/16/2024 7:00:00 PM,SERC,WEST,EKPC,EKPC,1883.010,True
9/17/2024 12:00:00 AM,9/16/2024 8:00:00 PM,SERC,WEST,EKPC,EKPC,1804.886,True
9/17/2024 1:00:00 AM,9/16/2024 9:00:00 PM,SERC,WEST,EKPC,EKPC,1657.085,True
9/17/2024 2:00:00 AM,9/16/2024 10:00:00 PM,SERC,WEST,EKPC,EKPC,1458.927,True
9/17/2024 3:00:00 AM,9/16/2024 11:00:00 PM,SERC,WEST,EKPC,EKPC,1268.923,True
9/17/2024 4:00:00 AM,9/17/2024 12:00:00 AM,SERC,WEST,EKPC,EKPC,1218.859,True
9/17/2024 5:00:00 AM,9/17/2024 1:00:00 AM,SERC,WEST,EKPC,EKPC,1080.925,True
9/17/2024 6:00:00 AM,9/17/2024 2:00:00 AM,SERC,WEST,EKPC,EKPC,1013.670,True
9/17/2024 7:00:00 AM,9/17/2024 3:00:00 AM,SERC,WEST,EKPC,EKPC,962.503,True
9/17/2024 8:00:00 AM,9/17/2024 4:00:00 AM,SERC,WEST,EKPC,EKPC,974.535,True
9/17/2024 9:00:00 AM,9/17/2024 5:00:00 AM,SERC,WEST,EKPC,EKPC,1003.225,True
9/17/2024 10:00:00 AM,9/17/2024 6:00:00 AM,SERC,WEST,EKPC,EKPC,1129.819,True
9/17/2024 11:00:00 AM,9/17/2024 7:00:00 AM,SERC,WEST,EKPC,EKPC,1162.650,True
9/17/2024 12:00:00 PM,9/17/2024 8:00:00 AM,SERC,WEST,EKPC,EKPC,1164.875,True
9/17/2024 1:00:00 PM,9/17/2024 9:00:00 AM,SERC,WEST,EKPC,EKPC,1177.945,True
9/17/2024 2:00:00 PM,9/17/2024 10:00:00 AM,SERC,WEST,EKPC,EKPC,1203.259,True
9/17/2024 3:00:00 PM,9/17/2024 11:00:00 AM,SERC,WEST,EKPC,EKPC,1231.403,True
9/17/2024 4:00:00 PM,9/17/2024 12:00:00 PM,SERC,WEST,EKPC,EKPC,1285.870,True
9/17/2024 5:00:00 PM,9/17/2024 1:00:00 PM,SERC,WEST,EKPC,EKPC,1313.216,True
9/17/2024 6:00:00 PM,9/17/2024 2:00:00 PM,SERC,WEST,EKPC,EKPC,1344.459,True
9/17/2024 7:00:00 PM,9/17/2024 3:00:00 PM,SERC,WEST,EKPC,EKPC,1356.376,True
9/17/2024 8:00:00 PM,9/17/2024 4:00:00 PM,SERC,WEST,EKPC,EKPC,1395.432,True
9/17/2024 9:00:00 PM,9/17/2024 5:00:00 PM,SERC,WEST,EKPC,EKPC,1392.678,True
9/17/2024 10:00:00 PM,9/17/2024 6:00:00 PM,SERC,WEST,EKPC,EKPC,1411.439,True
9/17/2024 11:00:00 PM,9/17/2024 7:00:00 PM,SERC,WEST,EKPC,EKPC,1425.920,True
9/18/2024 12:00:00 AM,9/17/2024 8:00:00 PM,SERC,WEST,EKPC,EKPC,1431.576,True
9/18/2024 1:00:00 AM,9/17/2024 9:00:00 PM,SERC,WEST,EKPC,EKPC,1375.997,True
9/18/2024 2:00:00 AM,9/17/2024 10:00:00 PM,SERC,WEST,EKPC,EKPC,1268.906,True
9/18/2024 3:00:00 AM,9/17/2024 11:00:00 PM,SERC,WEST,EKPC,EKPC,1130.319,True
9/18/2024 4:00:00 AM,9/18/2024 12:00:00 AM,SERC,WEST,EKPC,EKPC,1064.132,True
9/18/2024 5:00:00 AM,9/18/2024 1:00:00 AM,SERC,WEST,EKPC,EKPC,1002.121,True
9/18/2024 6:00:00 AM,9/18/2024 2:00:00 AM,SERC,WEST,EKPC,EKPC,956.836,True
9/18/2024 7:00:00 AM,9/18/2024 3:00:00 AM,SERC,WEST,EKPC,EKPC,955.687,True
9/18/2024 8:00:00 AM,9/18/2024 4:00:00 AM,SERC,WEST,EKPC,EKPC,946.962,True
9/18/2024 9:00:00 AM,9/18/2024 5:00:00 AM,SERC,WEST,EKPC,EKPC,1004.411,True
9/18/2024 10:00:00 AM,9/18/2024 6:00:00 AM,SERC,WEST,EKPC,EKPC,1140.223,True
9/18/2024 11:00:00 AM,9/18/2024 7:00:00 AM,SERC,WEST,EKPC,EKPC,1182.755,True
9/18/2024 12:00:00 PM,9/18/2024 8:00:00 AM,SERC,WEST,EKPC,EKPC,1179.411,True
9/18/2024 1:00:00 PM,9/18/2024 9:00:00 AM,SERC,WEST,EKPC,EKPC,1223.238,True
9/18/2024 2:00:00 PM,9/18/2024 10:00:00 AM,SERC,WEST,EKPC,EKPC,1287.463,True
9/18/2024 3:00:00 PM,9/18/2024 11:00:00 AM,SERC,WEST,EKPC,EKPC,1370.779,True
9/18/2024 4:00:00 PM,9/18/2024 12:00:00 PM,SERC,WEST,EKPC,EKPC,1455.356,True
9/18/2024 5:00:00 PM,9/18/2024 1:00:00 PM,SERC,WEST,EKPC,EKPC,1543.026,True
9/18/2024 6:00:00 PM,9/18/2024 2:00:00 PM,SERC,WEST,EKPC,EKPC,1591.015,True
9/18/2024 7:00:00 PM,9/18/2024 3:00:00 PM,SERC,WEST,EKPC,EKPC,1662.164,True
9/18/2024 8:00:00 PM,9/18/2024 4:00:00 PM,SERC,WEST,EKPC,EKPC,1735.202,True
9/18/2024 9:00:00 PM,9/18/2024 5:00:00 PM,SERC,WEST,EKPC,EKPC,1803.746,True
9/18/2024 10:00:00 PM,9/18/2024 6:00:00 PM,SERC,WEST,EKPC,EKPC,1798.139,True
9/18/2024 11:00:00 PM,9/18/2024 7:00:00 PM,SERC,WEST,EKPC,EKPC,1735.415,True
9/19/2024 12:00:00 AM,9/18/2024 8:00:00 PM,SERC,WEST,EKPC,EKPC,1697.105,True
9/19/2024 1:00:00 AM,9/18/2024 9:00:00 PM,SERC,WEST,EKPC,EKPC,1552.942,True
9/19/2024 2:00:00 AM,9/18/2024 10:00:00 PM,SERC,WEST,EKPC,EKPC,1415.963,True
9/19/2024 3:00:00 AM,9/18/2024 11:00:00 PM,SERC,WEST,EKPC,EKPC,1243.647,True
9/19/2024 4:00:00 AM,9/19/2024 12:00:00 AM,SERC,WEST,EKPC,EKPC,1151.059,True
9/19/2024 5:00:00 AM,9/19/2024 1:00:00 AM,SERC,WEST,EKPC,EKPC,1071.407,True
9/19/2024 6:00:00 AM,9/19/2024 2:00:00 AM,SERC,WEST,EKPC,EKPC,1011.377,True
9/19/2024 7:00:00 AM,9/19/2024 3:00:00 AM,SERC,WEST,EKPC,EKPC,996.144,True
9/19/2024 8:00:00 AM,9/19/2024 4:00:00 AM,SERC,WEST,EKPC,EKPC,1008.874,True
9/19/2024 9:00:00 AM,9/19/2024 5:00:00 AM,SERC,WEST,EKPC,EKPC,1042.385,True
9/19/2024 10:00:00 AM,9/19/2024 6:00:00 AM,SERC,WEST,EKPC,EKPC,1162.735,True
9/19/2024 11:00:00 AM,9/19/2024 7:00:00 AM,SERC,WEST,EKPC,EKPC,1207.182,True
9/19/2024 12:00:00 PM,9/19/2024 8:00:00 AM,SERC,WEST,EKPC,EKPC,1192.580,True
9/19/2024 1:00:00 PM,9/19/2024 9:00:00 AM,SERC,WEST,EKPC,EKPC,1257.039,True
9/19/2024 2:00:00 PM,9/19/2024 10:00:00 AM,SERC,WEST,EKPC,EKPC,1360.750,True
9/19/2024 3:00:00 PM,9/19/2024 11:00:00 AM,SERC,WEST,EKPC,EKPC,1487.876,True
9/19/2024 4:00:00 PM,9/19/2024 12:00:00 PM,SERC,WEST,EKPC,EKPC,1652.948,True
9/19/2024 5:00:00 PM,9/19/2024 1:00:00 PM,SERC,WEST,EKPC,EKPC,1763.837,True
9/19/2024 6:00:00 PM,9/19/2024 2:00:00 PM,SERC,WEST,EKPC,EKPC,1863.262,True
9/19/2024 7:00:00 PM,9/19/2024 3:00:00 PM,SERC,WEST,EKPC,EKPC,1938.454,True
9/19/2024 8:00:00 PM,9/19/2024 4:00:00 PM,SERC,WEST,EKPC,EKPC,2006.238,True
9/19/2024 9:00:00 PM,9/19/2024 5:00:00 PM,SERC,WEST,EKPC,EKPC,2034.147,True
9/19/2024 10:00:00 PM,9/19/2024 6:00:00 PM,SERC,WEST,EKPC,EKPC,1978.142,True
9/19/2024 11:00:00 PM,9/19/2024 7:00:00 PM,SERC,WEST,EKPC,EKPC,1869.398,True
9/20/2024 12:00:00 AM,9/19/2024 8:00:00 PM,SERC,WEST,EKPC,EKPC,1797.620,True
9/20/2024 1:00:00 AM,9/19/2024 9:00:00 PM,SERC,WEST,EKPC,EKPC,1645.730,True
9/20/2024 2:00:00 AM,9/19/2024 10:00:00 PM,SERC,WEST,EKPC,EKPC,1465.861,True
9/20/2024 3:00:00 AM,9/19/2024 11:00:00 PM,SERC,WEST,EKPC,EKPC,1285.488,True
9/20/2024 4:00:00 AM,9/20/2024 12:00:00 AM,SERC,WEST,EKPC,EKPC,1177.404,True
9/20/2024 5:00:00 AM,9/20/2024 1:00:00 AM,SERC,WEST,EKPC,EKPC,1080.353,True
9/20/2024 6:00:00 AM,9/20/2024 2:00:00 AM,SERC,WEST,EKPC,EKPC,1030.749,True
9/20/2024 7:00:00 AM,9/20/2024 3:00:00 AM,SERC,WEST,EKPC,EKPC,995.645,True
9/20/2024 8:00:00 AM,9/20/2024 4:00:00 AM,SERC,WEST,EKPC,EKPC,985.450,True
9/20/2024 9:00:00 AM,9/20/2024 5:00:00 AM,SERC,WEST,EKPC,EKPC,1018.953,True
9/20/2024 10:00:00 AM,9/20/2024 6:00:00 AM,SERC,WEST,EKPC,EKPC,1107.752,True
9/20/2024 11:00:00 AM,9/20/2024 7:00:00 AM,SERC,WEST,EKPC,EKPC,1145.501,True
9/20/2024 12:00:00 PM,9/20/2024 8:00:00 AM,SERC,WEST,EKPC,EKPC,1158.244,True
9/20/2024 1:00:00 PM,9/20/2024 9:00:00 AM,SERC,WEST,EKPC,EKPC,1237.778,True
9/20/2024 2:00:00 PM,9/20/2024 10:00:00 AM,SERC,WEST,EKPC,EKPC,1356.813,True
9/20/2024 3:00:00 PM,9/20/2024 11:00:00 AM,SERC,WEST,EKPC,EKPC,1489.405,True
9/20/2024 4:00:00 PM,9/20/2024 12:00:00 PM,SERC,WEST,EKPC,EKPC,1651.709,True
9/20/2024 5:00:00 PM,9/20/2024 1:00:00 PM,SERC,WEST,EKPC,EKPC,1783.873,True
9/20/2024 6:00:00 PM,9/20/2024 2:00:00 PM,SERC,WEST,EKPC,EKPC,1869.473,True
9/20/2024 7:00:00 PM,9/20/2024 3:00:00 PM,SERC,WEST,EKPC,EKPC,1944.308,True
9/20/2024 8:00:00 PM,9/20/2024 4:00:00 PM,SERC,WEST,EKPC,EKPC,2007.170,True
9/20/2024 9:00:00 PM,9/20/2024 5:00:00 PM,SERC,WEST,EKPC,EKPC,2009.664,True
9/20/2024 10:00:00 PM,9/20/2024 6:00:00 PM,SERC,WEST,EKPC,EKPC,1974.623,True
9/20/2024 11:00:00 PM,9/20/2024 7:00:00 PM,SERC,WEST,EKPC,EKPC,1826.534,True
9/21/2024 12:00:00 AM,9/20/2024 8:00:00 PM,SERC,WEST,EKPC,EKPC,1715.564,True
9/21/2024 1:00:00 AM,9/20/2024 9:00:00 PM,SERC,WEST,EKPC,EKPC,1580.317,True
9/21/2024 2:00:00 AM,9/20/2024 10:00:00 PM,SERC,WEST,EKPC,EKPC,1448.784,True
9/21/2024 3:00:00 AM,9/20/2024 11:00:00 PM,SERC,WEST,EKPC,EKPC,1324.681,True
9/21/2024 4:00:00 AM,9/21/2024 12:00:00 AM,SERC,WEST,EKPC,EKPC,1189.881,True
9/21/2024 5:00:00 AM,9/21/2024 1:00:00 AM,SERC,WEST,EKPC,EKPC,1115.849,True
9/21/2024 6:00:00 AM,9/21/2024 2:00:00 AM,SERC,WEST,EKPC,EKPC,1036.727,True
9/21/2024 7:00:00 AM,9/21/2024 3:00:00 AM,SERC,WEST,EKPC,EKPC,1002.885,True
9/21/2024 8:00:00 AM,9/21/2024 4:00:00 AM,SERC,WEST,EKPC,EKPC,977.531,True
9/21/2024 9:00:00 AM,9/21/2024 5:00:00 AM,SERC,WEST,EKPC,EKPC,985.159,True
9/21/2024 10:00:00 AM,9/21/2024 6:00:00 AM,SERC,WEST,EKPC,EKPC,1004.606,True
9/21/2024 11:00:00 AM,9/21/2024 7:00:00 AM,SERC,WEST,EKPC,EKPC,1056.298,True
9/21/2024 12:00:00 PM,9/21/2024 8:00:00 AM,SERC,WEST,EKPC,EKPC,1123.983,True
9/21/2024 1:00:00 PM,9/21/2024 9:00:00 AM,SERC,WEST,EKPC,EKPC,1225.600,True
9/21/2024 2:00:00 PM,9/21/2024 10:00:00 AM,SERC,WEST,EKPC,EKPC,1327.520,True
9/21/2024 3:00:00 PM,9/21/2024 11:00:00 AM,SERC,WEST,EKPC,EKPC,1451.266,True
9/21/2024 4:00:00 PM,9/21/2024 12:00:00 PM,SERC,WEST,EKPC,EKPC,1569.174,True
9/21/2024 5:00:00 PM,9/21/2024 1:00:00 PM,SERC,WEST,EKPC,EKPC,1681.499,True
9/21/2024 6:00:00 PM,9/21/2024 2:00:00 PM,SERC,WEST,EKPC,EKPC,1796.029,True
9/21/2024 7:00:00 PM,9/21/2024 3:00:00 PM,SERC,WEST,EKPC,EKPC,1884.468,True
9/21/2024 8:00:00 PM,9/21/2024 4:00:00 PM,SERC,WEST,EKPC,EKPC,1926.409,True
9/21/2024 9:00:00 PM,9/21/2024 5:00:00 PM,SERC,WEST,EKPC,EKPC,1940.902,True
9/21/2024 10:00:00 PM,9/21/2024 6:00:00 PM,SERC,WEST,EKPC,EKPC,1867.420,True
9/21/2024 11:00:00 PM,9/21/2024 7:00:00 PM,SERC,WEST,EKPC,EKPC,1774.729,True
9/22/2024 12:00:00 AM,9/21/2024 8:00:00 PM,SERC,WEST,EKPC,EKPC,1704.613,True
9/22/2024 1:00:00 AM,9/21/2024 9:00:00 PM,SERC,WEST,EKPC,EKPC,1565.541,True
9/22/2024 2:00:00 AM,9/21/2024 10:00:00 PM,SERC,WEST,EKPC,EKPC,1435.416,True
9/22/2024 3:00:00 AM,9/21/2024 11:00:00 PM,SERC,WEST,EKPC,EKPC,1301.071,True
9/22/2024 4:00:00 AM,9/22/2024 12:00:00 AM,SERC,WEST,EKPC,EKPC,1182.263,True
9/22/2024 5:00:00 AM,9/22/2024 1:00:00 AM,SERC,WEST,EKPC,EKPC,1103.891,True
9/22/2024 6:00:00 AM,9/22/2024 2:00:00 AM,SERC,WEST,EKPC,EKPC,1035.342,True
9/22/2024 7:00:00 AM,9/22/2024 3:00:00 AM,SERC,WEST,EKPC,EKPC,991.459,True
9/22/2024 8:00:00 AM,9/22/2024 4:00:00 AM,SERC,WEST,EKPC,EKPC,953.514,True
9/22/2024 9:00:00 AM,9/22/2024 5:00:00 AM,SERC,WEST,EKPC,EKPC,955.315,True
9/22/2024 10:00:00 AM,9/22/2024 6:00:00 AM,SERC,WEST,EKPC,EKPC,961.526,True
9/22/2024 11:00:00 AM,9/22/2024 7:00:00 AM,SERC,WEST,EKPC,EKPC,1008.492,True
9/22/2024 12:00:00 PM,9/22/2024 8:00:00 AM,SERC,WEST,EKPC,EKPC,1111.177,True
9/22/2024 1:00:00 PM,9/22/2024 9:00:00 AM,SERC,WEST,EKPC,EKPC,1272.660,True
9/22/2024 2:00:00 PM,9/22/2024 10:00:00 AM,SERC,WEST,EKPC,EKPC,1392.782,True
9/22/2024 3:00:00 PM,9/22/2024 11:00:00 AM,SERC,WEST,EKPC,EKPC,1527.059,True
9/22/2024 4:00:00 PM,9/22/2024 12:00:00 PM,SERC,WEST,EKPC,EKPC,1666.765,True
9/22/2024 5:00:00 PM,9/22/2024 1:00:00 PM,SERC,WEST,EKPC,EKPC,1787.602,True
9/22/2024 6:00:00 PM,9/22/2024 2:00:00 PM,SERC,WEST,EKPC,EKPC,1808.760,True
9/22/2024 7:00:00 PM,9/22/2024 3:00:00 PM,SERC,WEST,EKPC,EKPC,1849.384,True
9/22/2024 8:00:00 PM,9/22/2024 4:00:00 PM,SERC,WEST,EKPC,EKPC,1824.262,True
9/22/2024 9:00:00 PM,9/22/2024 5:00:00 PM,SERC,WEST,EKPC,EKPC,1826.926,True
9/22/2024 10:00:00 PM,9/22/2024 6:00:00 PM,SERC,WEST,EKPC,EKPC,1780.003,True
9/22/2024 11:00:00 PM,9/22/2024 7:00:00 PM,SERC,WEST,EKPC,EKPC,1740.387,True
9/23/2024 12:00:00 AM,9/22/2024 8:00:00 PM,SERC,WEST,EKPC,EKPC,1722.108,True
9/23/2024 1:00:00 AM,9/22/2024 9:00:00 PM,SERC,WEST,EKPC,EKPC,1577.013,True
9/23/2024 2:00:00 AM,9/22/2024 10:00:00 PM,SERC,WEST,EKPC,EKPC,1439.829,True
9/23/2024 3:00:00 AM,9/22/2024 11:00:00 PM,SERC,WEST,EKPC,EKPC,1299.827,True
9/23/2024 4:00:00 AM,9/23/2024 12:00:00 AM,SERC,WEST,EKPC,EKPC,1197.917,True
9/23/2024 5:00:00 AM,9/23/2024 1:00:00 AM,SERC,WEST,EKPC,EKPC,1111.333,True
9/23/2024 6:00:00 AM,9/23/2024 2:00:00 AM,SERC,WEST,EKPC,EKPC,1063.884,True
9/23/2024 7:00:00 AM,9/23/2024 3:00:00 AM,SERC,WEST,EKPC,EKPC,1038.602,True
9/23/2024 8:00:00 AM,9/23/2024 4:00:00 AM,SERC,WEST,EKPC,EKPC,1040.943,True
9/23/2024 9:00:00 AM,9/23/2024 5:00:00 AM,SERC,WEST,EKPC,EKPC,1093.182,True
9/23/2024 10:00:00 AM,9/23/2024 6:00:00 AM,SERC,WEST,EKPC,EKPC,1206.227,True
9/23/2024 11:00:00 AM,9/23/2024 7:00:00 AM,SERC,WEST,EKPC,EKPC,1244.677,True
9/23/2024 12:00:00 PM,9/23/2024 8:00:00 AM,SERC,WEST,EKPC,EKPC,1259.869,True
9/23/2024 1:00:00 PM,9/23/2024 9:00:00 AM,SERC,WEST,EKPC,EKPC,1308.642,True
9/23/2024 2:00:00 PM,9/23/2024 10:00:00 AM,SERC,WEST,EKPC,EKPC,1421.525,True
9/23/2024 3:00:00 PM,9/23/2024 11:00:00 AM,SERC,WEST,EKPC,EKPC,1497.311,True
9/23/2024 4:00:00 PM,9/23/2024 12:00:00 PM,SERC,WEST,EKPC,EKPC,1607.585,True
9/23/2024 5:00:00 PM,9/23/2024 1:00:00 PM,SERC,WEST,EKPC,EKPC,1701.128,True
9/23/2024 6:00:00 PM,9/23/2024 2:00:00 PM,SERC,WEST,EKPC,EKPC,1745.322,True
9/23/2024 7:00:00 PM,9/23/2024 3:00:00 PM,SERC,WEST,EKPC,EKPC,1784.933,True
9/23/2024 8:00:00 PM,9/23/2024 4:00:00 PM,SERC,WEST,EKPC,EKPC,1767.975,True
9/23/2024 9:00:00 PM,9/23/2024 5:00:00 PM,SERC,WEST,EKPC,EKPC,1746.431,True
9/23/2024 10:00:00 PM,9/23/2024 6:00:00 PM,SERC,WEST,EKPC,EKPC,1691.865,True
9/23/2024 11:00:00 PM,9/23/2024 7:00:00 PM,SERC,WEST,EKPC,EKPC,1647.306,True
9/24/2024 12:00:00 AM,9/23/2024 8:00:00 PM,SERC,WEST,EKPC,EKPC,1605.627,True
9/24/2024 1:00:00 AM,9/23/2024 9:00:00 PM,SERC,WEST,EKPC,EKPC,1510.687,True
9/24/2024 2:00:00 AM,9/23/2024 10:00:00 PM,SERC,WEST,EKPC,EKPC,1429.204,True
9/24/2024 3:00:00 AM,9/23/2024 11:00:00 PM,SERC,WEST,EKPC,EKPC,1311.830,True
9/24/2024 4:00:00 AM,9/24/2024 12:00:00 AM,SERC,WEST,EKPC,EKPC,1153.653,True
9/24/2024 5:00:00 AM,9/24/2024 1:00:00 AM,SERC,WEST,EKPC,EKPC,1091.402,True
9/24/2024 6:00:00 AM,9/24/2024 2:00:00 AM,SERC,WEST,EKPC,EKPC,1052.158,True
9/24/2024 7:00:00 AM,9/24/2024 3:00:00 AM,SERC,WEST,EKPC,EKPC,1030.836,True
9/24/2024 8:00:00 AM,9/24/2024 4:00:00 AM,SERC,WEST,EKPC,EKPC,1061.489,True
9/24/2024 9:00:00 AM,9/24/2024 5:00:00 AM,SERC,WEST,EKPC,EKPC,1089.378,True
9/24/2024 10:00:00 AM,9/24/2024 6:00:00 AM,SERC,WEST,EKPC,EKPC,1219.989,True
9/24/2024 11:00:00 AM,9/24/2024 7:00:00 AM,SERC,WEST,EKPC,EKPC,1278.076,True
9/24/2024 12:00:00 PM,9/24/2024 8:00:00 AM,SERC,WEST,EKPC,EKPC,1278.040,True
9/24/2024 1:00:00 PM,9/24/2024 9:00:00 AM,SERC,WEST,EKPC,EKPC,1287.514,True
9/24/2024 2:00:00 PM,9/24/2024 10:00:00 AM,SERC,WEST,EKPC,EKPC,1321.109,True
9/24/2024 3:00:00 PM,9/24/2024 11:00:00 AM,SERC,WEST,EKPC,EKPC,1362.849,True
9/24/2024 4:00:00 PM,9/24/2024 12:00:00 PM,SERC,WEST,EKPC,EKPC,1398.445,True
9/24/2024 5:00:00 PM,9/24/2024 1:00:00 PM,SERC,WEST,EKPC,EKPC,1464.494,True
9/24/2024 6:00:00 PM,9/24/2024 2:00:00 PM,SERC,WEST,EKPC,EKPC,1500.911,True
9/24/2024 7:00:00 PM,9/24/2024 3:00:00 PM,SERC,WEST,EKPC,EKPC,1541.948,True
9/24/2024 8:00:00 PM,9/24/2024 4:00:00 PM,SERC,WEST,EKPC,EKPC,1561.682,True
9/24/2024 9:00:00 PM,9/24/2024 5:00:00 PM,SERC,WEST,EKPC,EKPC,1559.648,True
9/24/2024 10:00:00 PM,9/24/2024 6:00:00 PM,SERC,WEST,EKPC,EKPC,1542.674,True
9/24/2024 11:00:00 PM,9/24/2024 7:00:00 PM,SERC,WEST,EKPC,EKPC,1520.353,True
9/25/2024 12:00:00 AM,9/24/2024 8:00:00 PM,SERC,WEST,EKPC,EKPC,1532.656,True
9/25/2024 1:00:00 AM,9/24/2024 9:00:00 PM,SERC,WEST,EKPC,EKPC,1509.318,True
9/25/2024 2:00:00 AM,9/24/2024 10:00:00 PM,SERC,WEST,EKPC,EKPC,1345.374,True
9/25/2024 3:00:00 AM,9/24/2024 11:00:00 PM,SERC,WEST,EKPC,EKPC,1268.945,True
9/25/2024 4:00:00 AM,9/25/2024 12:00:00 AM,SERC,WEST,EKPC,EKPC,1165.418,True
9/25/2024 5:00:00 AM,9/25/2024 1:00:00 AM,SERC,WEST,EKPC,EKPC,1123.738,True
9/25/2024 6:00:00 AM,9/25/2024 2:00:00 AM,SERC,WEST,EKPC,EKPC,1069.236,True
9/25/2024 7:00:00 AM,9/25/2024 3:00:00 AM,SERC,WEST,EKPC,EKPC,1123.954,True
9/25/2024 8:00:00 AM,9/25/2024 4:00:00 AM,SERC,WEST,EKPC,EKPC,1100.555,True
9/25/2024 9:00:00 AM,9/25/2024 5:00:00 AM,SERC,WEST,EKPC,EKPC,1190.840,True
9/25/2024 10:00:00 AM,9/25/2024 6:00:00 AM,SERC,WEST,EKPC,EKPC,1281.798,True
9/25/2024 11:00:00 AM,9/25/2024 7:00:00 AM,SERC,WEST,EKPC,EKPC,1239.756,True
9/25/2024 12:00:00 PM,9/25/2024 8:00:00 AM,SERC,WEST,EKPC,EKPC,1270.633,True
9/25/2024 1:00:00 PM,9/25/2024 9:00:00 AM,SERC,WEST,EKPC,EKPC,1264.117,True
9/25/2024 2:00:00 PM,9/25/2024 10:00:00 AM,SERC,WEST,EKPC,EKPC,1286.437,True
9/25/2024 3:00:00 PM,9/25/2024 11:00:00 AM,SERC,WEST,EKPC,EKPC,1326.383,True
9/25/2024 4:00:00 PM,9/25/2024 12:00:00 PM,SERC,WEST,EKPC,EKPC,1397.228,True
9/25/2024 5:00:00 PM,9/25/2024 1:00:00 PM,SERC,WEST,EKPC,EKPC,1438.868,True
9/25/2024 6:00:00 PM,9/25/2024 2:00:00 PM,SERC,WEST,EKPC,EKPC,1472.320,True
9/25/2024 7:00:00 PM,9/25/2024 3:00:00 PM,SERC,WEST,EKPC,EKPC,1463.632,True
9/25/2024 8:00:00 PM,9/25/2024 4:00:00 PM,SERC,WEST,EKPC,EKPC,1510.398,True
9/25/2024 9:00:00 PM,9/25/2024 5:00:00 PM,SERC,WEST,EKPC,EKPC,1551.743,True
9/25/2024 10:00:00 PM,9/25/2024 6:00:00 PM,SERC,WEST,EKPC,EKPC,1547.575,True
9/25/2024 11:00:00 PM,9/25/2024 7:00:00 PM,SERC,WEST,EKPC,EKPC,1552.068,True
9/26/2024 12:00:00 AM,9/25/2024 8:00:00 PM,SERC,WEST,EKPC,EKPC,1490.659,True
9/26/2024 1:00:00 AM,9/25/2024 9:00:00 PM,SERC,WEST,EKPC,EKPC,1446.119,True
9/26/2024 2:00:00 AM,9/25/2024 10:00:00 PM,SERC,WEST,EKPC,EKPC,1400.151,True
9/26/2024 3:00:00 AM,9/25/2024 11:00:00 PM,SERC,WEST,EKPC,EKPC,1271.519,True
9/26/2024 4:00:00 AM,9/26/2024 12:00:00 AM,SERC,WEST,EKPC,EKPC,1149.275,True
9/26/2024 5:00:00 AM,9/26/2024 1:00:00 AM,SERC,WEST,EKPC,EKPC,1144.996,True
9/26/2024 6:00:00 AM,9/26/2024 2:00:00 AM,SERC,WEST,EKPC,EKPC,1049.046,True
9/26/2024 7:00:00 AM,9/26/2024 3:00:00 AM,SERC,WEST,EKPC,EKPC,1044.336,True
9/26/2024 8:00:00 AM,9/26/2024 4:00:00 AM,SERC,WEST,EKPC,EKPC,1099.148,True
9/26/2024 9:00:00 AM,9/26/2024 5:00:00 AM,SERC,WEST,EKPC,EKPC,1124.565,True
9/26/2024 10:00:00 AM,9/26/2024 6:00:00 AM,SERC,WEST,EKPC,EKPC,1208.791,True
9/26/2024 11:00:00 AM,9/26/2024 7:00:00 AM,SERC,WEST,EKPC,EKPC,1298.028,True
9/26/2024 12:00:00 PM,9/26/2024 8:00:00 AM,SERC,WEST,EKPC,EKPC,1282.143,True
9/26/2024 1:00:00 PM,9/26/2024 9:00:00 AM,SERC,WEST,EKPC,EKPC,1326.718,True
9/26/2024 2:00:00 PM,9/26/2024 10:00:00 AM,SERC,WEST,EKPC,EKPC,1272.883,True
9/26/2024 3:00:00 PM,9/26/2024 11:00:00 AM,SERC,WEST,EKPC,EKPC,1365.816,True
9/26/2024 4:00:00 PM,9/26/2024 12:00:00 PM,SERC,WEST,EKPC,EKPC,1408.942,True
9/26/2024 5:00:00 PM,9/26/2024 1:00:00 PM,SERC,WEST,EKPC,EKPC,1427.323,True
9/26/2024 6:00:00 PM,9/26/2024 2:00:00 PM,SERC,WEST,EKPC,EKPC,1402.743,True
9/26/2024 7:00:00 PM,9/26/2024 3:00:00 PM,SERC,WEST,EKPC,EKPC,1451.186,True
9/26/2024 8:00:00 PM,9/26/2024 4:00:00 PM,SERC,WEST,EKPC,EKPC,1479.230,True
9/26/2024 9:00:00 PM,9/26/2024 5:00:00 PM,SERC,WEST,EKPC,EKPC,1490.760,True
9/26/2024 10:00:00 PM,9/26/2024 6:00:00 PM,SERC,WEST,EKPC,EKPC,1502.286,True
9/26/2024 11:00:00 PM,9/26/2024 7:00:00 PM,SERC,WEST,EKPC,EKPC,1498.912,True
9/27/2024 12:00:00 AM,9/26/2024 8:00:00 PM,SERC,WEST,EKPC,EKPC,1503.716,True
9/27/2024 1:00:00 AM,9/26/2024 9:00:00 PM,SERC,WEST,EKPC,EKPC,1478.203,True
9/27/2024 2:00:00 AM,9/26/2024 10:00:00 PM,SERC,WEST,EKPC,EKPC,1368.376,True
9/27/2024 3:00:00 AM,9/26/2024 11:00:00 PM,SERC,WEST,EKPC,EKPC,1269.410,True
9/27/2024 4:00:00 AM,9/27/2024 12:00:00 AM,SERC,WEST,EKPC,EKPC,1203.997,True
9/27/2024 5:00:00 AM,9/27/2024 1:00:00 AM,SERC,WEST,EKPC,EKPC,1154.558,True
9/27/2024 6:00:00 AM,9/27/2024 2:00:00 AM,SERC,WEST,EKPC,EKPC,1115.851,True
9/27/2024 7:00:00 AM,9/27/2024 3:00:00 AM,SERC,WEST,EKPC,EKPC,1104.948,True
9/27/2024 8:00:00 AM,9/27/2024 4:00:00 AM,SERC,WEST,EKPC,EKPC,1147.884,True
9/27/2024 9:00:00 AM,9/27/2024 5:00:00 AM,SERC,WEST,EKPC,EKPC,1117.433,True
9/27/2024 10:00:00 AM,9/27/2024 6:00:00 AM,SERC,WEST,EKPC,EKPC,1174.625,True
9/27/2024 11:00:00 AM,9/27/2024 7:00:00 AM,SERC,WEST,EKPC,EKPC,1223.668,True
9/27/2024 12:00:00 PM,9/27/2024 8:00:00 AM,SERC,WEST,EKPC,EKPC,1291.384,True
9/27/2024 1:00:00 PM,9/27/2024 9:00:00 AM,SERC,WEST,EKPC,EKPC,1308.678,True
9/27/2024 2:00:00 PM,9/27/2024 10:00:00 AM,SERC,WEST,EKPC,EKPC,1368.850,True
9/27/2024 3:00:00 PM,9/27/2024 11:00:00 AM,SERC,WEST,EKPC,EKPC,1359.661,True
9/27/2024 4:00:00 PM,9/27/2024 12:00:00 PM,SERC,WEST,EKPC,EKPC,1325.694,True
9/27/2024 5:00:00 PM,9/27/2024 1:00:00 PM,SERC,WEST,EKPC,EKPC,1328.430,True
9/27/2024 6:00:00 PM,9/27/2024 2:00:00 PM,SERC,WEST,EKPC,EKPC,1351.949,True
9/27/2024 7:00:00 PM,9/27/2024 3:00:00 PM,SERC,WEST,EKPC,EKPC,1338.875,True
9/27/2024 8:00:00 PM,9/27/2024 4:00:00 PM,SERC,WEST,EKPC,EKPC,1330.208,True
9/27/2024 9:00:00 PM,9/27/2024 5:00:00 PM,SERC,WEST,EKPC,EKPC,1285.931,True
9/27/2024 10:00:00 PM,9/27/2024 6:00:00 PM,SERC,WEST,EKPC,EKPC,1322.606,True
9/27/2024 11:00:00 PM,9/27/2024 7:00:00 PM,SERC,WEST,EKPC,EKPC,1350.149,True
9/28/2024 12:00:00 AM,9/27/2024 8:00:00 PM,SERC,WEST,EKPC,EKPC,1319.004,True
9/28/2024 1:00:00 AM,9/27/2024 9:00:00 PM,SERC,WEST,EKPC,EKPC,1287.364,True
9/28/2024 2:00:00 AM,9/27/2024 10:00:00 PM,SERC,WEST,EKPC,EKPC,1219.757,True
9/28/2024 3:00:00 AM,9/27/2024 11:00:00 PM,SERC,WEST,EKPC,EKPC,1171.995,True
9/28/2024 4:00:00 AM,9/28/2024 12:00:00 AM,SERC,WEST,EKPC,EKPC,1141.089,True
9/28/2024 5:00:00 AM,9/28/2024 1:00:00 AM,SERC,WEST,EKPC,EKPC,1113.366,True
9/28/2024 6:00:00 AM,9/28/2024 2:00:00 AM,SERC,WEST,EKPC,EKPC,1025.151,True
9/28/2024 7:00:00 AM,9/28/2024 3:00:00 AM,SERC,WEST,EKPC,EKPC,916.685,True
9/28/2024 8:00:00 AM,9/28/2024 4:00:00 AM,SERC,WEST,EKPC,EKPC,898.273,True
9/28/2024 9:00:00 AM,9/28/2024 5:00:00 AM,SERC,WEST,EKPC,EKPC,981.903,True
9/28/2024 10:00:00 AM,9/28/2024 6:00:00 AM,SERC,WEST,EKPC,EKPC,931.991,True
9/28/2024 11:00:00 AM,9/28/2024 7:00:00 AM,SERC,WEST,EKPC,EKPC,972.244,True
9/28/2024 12:00:00 PM,9/28/2024 8:00:00 AM,SERC,WEST,EKPC,EKPC,1033.126,True
9/28/2024 1:00:00 PM,9/28/2024 9:00:00 AM,SERC,WEST,EKPC,EKPC,1129.103,True
9/28/2024 2:00:00 PM,9/28/2024 10:00:00 AM,SERC,WEST,EKPC,EKPC,1149.516,True
9/28/2024 3:00:00 PM,9/28/2024 11:00:00 AM,SERC,WEST,EKPC,EKPC,1184.552,True
9/28/2024 4:00:00 PM,9/28/2024 12:00:00 PM,SERC,WEST,EKPC,EKPC,1294.461,True
9/28/2024 5:00:00 PM,9/28/2024 1:00:00 PM,SERC,WEST,EKPC,EKPC,1295.264,True
9/28/2024 6:00:00 PM,9/28/2024 2:00:00 PM,SERC,WEST,EKPC,EKPC,1245.010,True
9/28/2024 7:00:00 PM,9/28/2024 3:00:00 PM,SERC,WEST,EKPC,EKPC,1259.228,True
9/28/2024 8:00:00 PM,9/28/2024 4:00:00 PM,SERC,WEST,EKPC,EKPC,1264.397,True
9/28/2024 9:00:00 PM,9/28/2024 5:00:00 PM,SERC,WEST,EKPC,EKPC,1301.486,True
9/28/2024 10:00:00 PM,9/28/2024 6:00:00 PM,SERC,WEST,EKPC,EKPC,1240.761,True
9/28/2024 11:00:00 PM,9/28/2024 7:00:00 PM,SERC,WEST,EKPC,EKPC,1284.886,True
9/29/2024 12:00:00 AM,9/28/2024 8:00:00 PM,SERC,WEST,EKPC,EKPC,1223.877,True
9/29/2024 1:00:00 AM,9/28/2024 9:00:00 PM,SERC,WEST,EKPC,EKPC,1245.300,True
9/29/2024 2:00:00 AM,9/28/2024 10:00:00 PM,SERC,WEST,EKPC,EKPC,1232.400,True
9/29/2024 3:00:00 AM,9/28/2024 11:00:00 PM,SERC,WEST,EKPC,EKPC,1153.990,True
9/29/2024 4:00:00 AM,9/29/2024 12:00:00 AM,SERC,WEST,EKPC,EKPC,1086.102,True
9/29/2024 5:00:00 AM,9/29/2024 1:00:00 AM,SERC,WEST,EKPC,EKPC,1008.487,True
9/29/2024 6:00:00 AM,9/29/2024 2:00:00 AM,SERC,WEST,EKPC,EKPC,1068.256,True
9/29/2024 7:00:00 AM,9/29/2024 3:00:00 AM,SERC,WEST,EKPC,EKPC,1018.263,True
9/29/2024 8:00:00 AM,9/29/2024 4:00:00 AM,SERC,WEST,EKPC,EKPC,980.398,True
9/29/2024 9:00:00 AM,9/29/2024 5:00:00 AM,SERC,WEST,EKPC,EKPC,1030.620,True
9/29/2024 10:00:00 AM,9/29/2024 6:00:00 AM,SERC,WEST,EKPC,EKPC,1041.289,True
9/29/2024 11:00:00 AM,9/29/2024 7:00:00 AM,SERC,WEST,EKPC,EKPC,1142.567,True
9/29/2024 12:00:00 PM,9/29/2024 8:00:00 AM,SERC,WEST,EKPC,EKPC,1169.778,True
9/29/2024 1:00:00 PM,9/29/2024 9:00:00 AM,SERC,WEST,EKPC,EKPC,1123.516,True
9/29/2024 2:00:00 PM,9/29/2024 10:00:00 AM,SERC,WEST,EKPC,EKPC,1141.197,True
9/29/2024 3:00:00 PM,9/29/2024 11:00:00 AM,SERC,WEST,EKPC,EKPC,1212.097,True
9/29/2024 4:00:00 PM,9/29/2024 12:00:00 PM,SERC,WEST,EKPC,EKPC,1247.952,True
9/29/2024 5:00:00 PM,9/29/2024 1:00:00 PM,SERC,WEST,EKPC,EKPC,1358.634,True
9/29/2024 6:00:00 PM,9/29/2024 2:00:00 PM,SERC,WEST,EKPC,EKPC,1283.768,True
9/29/2024 7:00:00 PM,9/29/2024 3:00:00 PM,SERC,WEST,EKPC,EKPC,1346.245,True
9/29/2024 8:00:00 PM,9/29/2024 4:00:00 PM,SERC,WEST,EKPC,EKPC,1421.753,True
9/29/2024 9:00:00 PM,9/29/2024 5:00:00 PM,SERC,WEST,EKPC,EKPC,1482.213,True
9/29/2024 10:00:00 PM,9/29/2024 6:00:00 PM,SERC,WEST,EKPC,EKPC,1507.421,True
9/29/2024 11:00:00 PM,9/29/2024 7:00:00 PM,SERC,WEST,EKPC,EKPC,1498.996,True
9/30/2024 12:00:00 AM,9/29/2024 8:00:00 PM,SERC,WEST,EKPC,EKPC,1514.539,True
9/30/2024 1:00:00 AM,9/29/2024 9:00:00 PM,SERC,WEST,EKPC,EKPC,1359.792,True
9/30/2024 2:00:00 AM,9/29/2024 10:00:00 PM,SERC,WEST,EKPC,EKPC,1332.293,True
9/30/2024 3:00:00 AM,9/29/2024 11:00:00 PM,SERC,WEST,EKPC,EKPC,1262.798,True
9/30/2024 4:00:00 AM,9/30/2024 12:00:00 AM,SERC,WEST,EKPC,EKPC,1159.849,True
9/30/2024 5:00:00 AM,9/30/2024 1:00:00 AM,SERC,WEST,EKPC,EKPC,1138.157,True
9/30/2024 6:00:00 AM,9/30/2024 2:00:00 AM,SERC,WEST,EKPC,EKPC,1037.803,True
9/30/2024 7:00:00 AM,9/30/2024 3:00:00 AM,SERC,WEST,EKPC,EKPC,1028.790,True
9/30/2024 8:00:00 AM,9/30/2024 4:00:00 AM,SERC,WEST,EKPC,EKPC,1119.339,True
9/30/2024 9:00:00 AM,9/30/2024 5:00:00 AM,SERC,WEST,EKPC,EKPC,1144.790,True
9/30/2024 10:00:00 AM,9/30/2024 6:00:00 AM,SERC,WEST,EKPC,EKPC,1263.916,True
9/30/2024 11:00:00 AM,9/30/2024 7:00:00 AM,SERC,WEST,EKPC,EKPC,1349.541,True
9/30/2024 12:00:00 PM,9/30/2024 8:00:00 AM,SERC,WEST,EKPC,EKPC,1310.868,True
9/30/2024 1:00:00 PM,9/30/2024 9:00:00 AM,SERC,WEST,EKPC,EKPC,1301.418,True
9/30/2024 2:00:00 PM,9/30/2024 10:00:00 AM,SERC,WEST,EKPC,EKPC,1378.694,True
9/30/2024 3:00:00 PM,9/30/2024 11:00:00 AM,SERC,WEST,EKPC,EKPC,1435.525,True
9/30/2024 4:00:00 PM,9/30/2024 12:00:00 PM,SERC,WEST,EKPC,EKPC,1472.076,True
9/30/2024 5:00:00 PM,9/30/2024 1:00:00 PM,SERC,WEST,EKPC,EKPC,1554.691,True
9/30/2024 6:00:00 PM,9/30/2024 2:00:00 PM,SERC,WEST,EKPC,EKPC,1559.872,True
9/30/2024 7:00:00 PM,9/30/2024 3:00:00 PM,SERC,WEST,EKPC,EKPC,1566.680,True
9/30/2024 8:00:00 PM,9/30/2024 4:00:00 PM,SERC,WEST,EKPC,EKPC,1678.563,True
9/30/2024 9:00:00 PM,9/30/2024 5:00:00 PM,SERC,WEST,EKPC,EKPC,1699.695,True
9/30/2024 10:00:00 PM,9/30/2024 6:00:00 PM,SERC,WEST,EKPC,EKPC,1672.732,True
9/30/2024 11:00:00 PM,9/30/2024 7:00:00 PM,SERC,WEST,EKPC,EKPC,1696.423,True
10/1/2024 12:00:00 AM,9/30/2024 8:00:00 PM,SERC,WEST,EKPC,EKPC,1655.917,True
10/1/2024 1:00:00 AM,9/30/2024 9:00:00 PM,SERC,WEST,EKPC,EKPC,1485.989,True
10/1/2024 2:00:00 AM,9/30/2024 10:00:00 PM,SERC,WEST,EKPC,EKPC,1346.341,True
10/1/2024 3:00:00 AM,9/30/2024 11:00:00 PM,SERC,WEST,EKPC,EKPC,1269.557,True
10/1/2024 4:00:00 AM,10/1/2024 12:00:00 AM,SERC,WEST,EKPC,EKPC,1203.754,False
10/1/2024 5:00:00 AM,10/1/2024 1:00:00 AM,SERC,WEST,EKPC,EKPC,1141.927,False
10/1/2024 6:00:00 AM,10/1/2024 2:00:00 AM,SERC,WEST,EKPC,EKPC,1056.048,False
10/1/2024 7:00:00 AM,10/1/2024 3:00:00 AM,SERC,WEST,EKPC,EKPC,1079.593,False
10/1/2024 8:00:00 AM,10/1/2024 4:00:00 AM,SERC,WEST,EKPC,EKPC,1071.195,False
10/1/2024 9:00:00 AM,10/1/2024 5:00:00 AM,SERC,WEST,EKPC,EKPC,1073.272,False
10/1/2024 10:00:00 AM,10/1/2024 6:00:00 AM,SERC,WEST,EKPC,EKPC,1210.107,False
10/1/2024 11:00:00 AM,10/1/2024 7:00:00 AM,SERC,WEST,EKPC,EKPC,1292.853,False
10/1/2024 12:00:00 PM,10/1/2024 8:00:00 AM,SERC,WEST,EKPC,EKPC,1321.096,False
10/1/2024 1:00:00 PM,10/1/2024 9:00:00 AM,SERC,WEST,EKPC,EKPC,1312.209,False
10/1/2024 2:00:00 PM,10/1/2024 10:00:00 AM,SERC,WEST,EKPC,EKPC,1324.404,False
10/1/2024 3:00:00 PM,10/1/2024 11:00:00 AM,SERC,WEST,EKPC,EKPC,1433.546,False
10/1/2024 4:00:00 PM,10/1/2024 12:00:00 PM,SERC,WEST,EKPC,EKPC,1485.588,False
10/1/2024 5:00:00 PM,10/1/2024 1:00:00 PM,SERC,WEST,EKPC,EKPC,1541.636,False
10/1/2024 6:00:00 PM,10/1/2024 2:00:00 PM,SERC,WEST,EKPC,EKPC,1549.335,False
10/1/2024 7:00:00 PM,10/1/2024 3:00:00 PM,SERC,WEST,EKPC,EKPC,1544.930,False
10/1/2024 8:00:00 PM,10/1/2024 4:00:00 PM,SERC,WEST,EKPC,EKPC,1688.938,False
10/1/2024 9:00:00 PM,10/1/2024 5:00:00 PM,SERC,WEST,EKPC,EKPC,1682.263,False
10/1/2024 10:00:00 PM,10/1/2024 6:00:00 PM,SERC,WEST,EKPC,EKPC,1707.689,False
10/1/2024 11:00:00 PM,10/1/2024 7:00:00 PM,SERC,WEST,EKPC,EKPC,1632.061,False
10/2/2024 12:00:00 AM,10/1/2024 8:00:00 PM,SERC,WEST,EKPC,EKPC,1659.271,False
10/2/2024 1:00:00 AM,10/1/2024 9:00:00 PM,SERC,WEST,EKPC,EKPC,1567.336,False
10/2/2024 2:00:00 AM,10/1/2024 10:00:00 PM,SERC,WEST,EKPC,EKPC,1474.598,False
10/2/2024 3:00:00 AM,10/1/2024 11:00:00 PM,SERC,WEST,EKPC,EKPC,1182.537,False
10/2/2024 4:00:00 AM,10/2/2024 12:00:00 AM,SERC,WEST,EKPC,EKPC,1073.041,True
10/2/2024 5:00:00 AM,10/2/2024 1:00:00 AM,SERC,WEST,EKPC,EKPC,1176.444,True
10/2/2024 6:00:00 AM,10/2/2024 2:00:00 AM,SERC,WEST,EKPC,EKPC,1061.735,True
10/2/2024 7:00:00 AM,10/2/2024 3:00:00 AM,SERC,WEST,EKPC,EKPC,1030.877,True
10/2/2024 8:00:00 AM,10/2/2024 4:00:00 AM,SERC,WEST,EKPC,EKPC,1020.262,True
10/2/2024 9:00:00 AM,10/2/2024 5:00:00 AM,SERC,WEST,EKPC,EKPC,1003.796,True
10/2/2024 10:00:00 AM,10/2/2024 6:00:00 AM,SERC,WEST,EKPC,EKPC,1110.292,True
10/2/2024 11:00:00 AM,10/2/2024 7:00:00 AM,SERC,WEST,EKPC,EKPC,1114.309,True
10/2/2024 12:00:00 PM,10/2/2024 8:00:00 AM,SERC,WEST,EKPC,EKPC,1130.911,True
10/2/2024 1:00:00 PM,10/2/2024 9:00:00 AM,SERC,WEST,EKPC,EKPC,1144.471,True
10/2/2024 2:00:00 PM,10/2/2024 10:00:00 AM,SERC,WEST,EKPC,EKPC,1171.295,True
10/2/2024 3:00:00 PM,10/2/2024 11:00:00 AM,SERC,WEST,EKPC,EKPC,1171.622,True
10/2/2024 4:00:00 PM,10/2/2024 12:00:00 PM,SERC,WEST,EKPC,EKPC,1218.472,True
10/2/2024 5:00:00 PM,10/2/2024 1:00:00 PM,SERC,WEST,EKPC,EKPC,1244.622,True
10/2/2024 6:00:00 PM,10/2/2024 2:00:00 PM,SERC,WEST,EKPC,EKPC,1281.723,True
10/2/2024 7:00:00 PM,10/2/2024 3:00:00 PM,SERC,WEST,EKPC,EKPC,1314.770,True
10/2/2024 8:00:00 PM,10/2/2024 4:00:00 PM,SERC,WEST,EKPC,EKPC,1398.925,True
10/2/2024 9:00:00 PM,10/2/2024 5:00:00 PM,SERC,WEST,EKPC,EKPC,1435.322,True
10/2/2024 10:00:00 PM,10/2/2024 6:00:00 PM,SERC,WEST,EKPC,EKPC,1502.394,True
10/2/2024 11:00:00 PM,10/2/2024 7:00:00 PM,SERC,WEST,EKPC,EKPC,1386.162,True
10/3/2024 12:00:00 AM,10/2/2024 8:00:00 PM,SERC,WEST,EKPC,EKPC,1426.919,True
10/3/2024 1:00:00 AM,10/2/2024 9:00:00 PM,SERC,WEST,EKPC,EKPC,1378.381,True
10/3/2024 2:00:00 AM,10/2/2024 10:00:00 PM,SERC,WEST,EKPC,EKPC,1238.752,True
10/3/2024 3:00:00 AM,10/2/2024 11:00:00 PM,SERC,WEST,EKPC,EKPC,1163.230,True
10/3/2024 4:00:00 AM,10/3/2024 12:00:00 AM,SERC,WEST,EKPC,EKPC,1042.280,True
10/3/2024 5:00:00 AM,10/3/2024 1:00:00 AM,SERC,WEST,EKPC,EKPC,962.703,True
10/3/2024 6:00:00 AM,10/3/2024 2:00:00 AM,SERC,WEST,EKPC,EKPC,919.410,True
10/3/2024 7:00:00 AM,10/3/2024 3:00:00 AM,SERC,WEST,EKPC,EKPC,898.464,True
10/3/2024 8:00:00 AM,10/3/2024 4:00:00 AM,SERC,WEST,EKPC,EKPC,906.511,True
10/3/2024 9:00:00 AM,10/3/2024 5:00:00 AM,SERC,WEST,EKPC,EKPC,969.852,True
10/3/2024 10:00:00 AM,10/3/2024 6:00:00 AM,SERC,WEST,EKPC,EKPC,1084.502,True
10/3/2024 11:00:00 AM,10/3/2024 7:00:00 AM,SERC,WEST,EKPC,EKPC,1121.975,True
10/3/2024 12:00:00 PM,10/3/2024 8:00:00 AM,SERC,WEST,EKPC,EKPC,1132.539,True
10/3/2024 1:00:00 PM,10/3/2024 9:00:00 AM,SERC,WEST,EKPC,EKPC,1133.779,True
10/3/2024 2:00:00 PM,10/3/2024 10:00:00 AM,SERC,WEST,EKPC,EKPC,1131.988,True
10/3/2024 3:00:00 PM,10/3/2024 11:00:00 AM,SERC,WEST,EKPC,EKPC,1165.491,True
10/3/2024 4:00:00 PM,10/3/2024 12:00:00 PM,SERC,WEST,EKPC,EKPC,1205.758,True
10/3/2024 5:00:00 PM,10/3/2024 1:00:00 PM,SERC,WEST,EKPC,EKPC,1253.137,True
10/3/2024 6:00:00 PM,10/3/2024 2:00:00 PM,SERC,WEST,EKPC,EKPC,1316.052,True
10/3/2024 7:00:00 PM,10/3/2024 3:00:00 PM,SERC,WEST,EKPC,EKPC,1398.924,True
10/3/2024 8:00:00 PM,10/3/2024 4:00:00 PM,SERC,WEST,EKPC,EKPC,1475.959,True
10/3/2024 9:00:00 PM,10/3/2024 5:00:00 PM,SERC,WEST,EKPC,EKPC,1514.100,True
10/3/2024 10:00:00 PM,10/3/2024 6:00:00 PM,SERC,WEST,EKPC,EKPC,1492.787,True
10/3/2024 11:00:00 PM,10/3/2024 7:00:00 PM,SERC,WEST,EKPC,EKPC,1468.852,True
10/4/2024 12:00:00 AM,10/3/2024 8:00:00 PM,SERC,WEST,EKPC,EKPC,1421.479,True
10/4/2024 1:00:00 AM,10/3/2024 9:00:00 PM,SERC,WEST,EKPC,EKPC,1339.084,True
10/4/2024 2:00:00 AM,10/3/2024 10:00:00 PM,SERC,WEST,EKPC,EKPC,1215.484,True
10/4/2024 3:00:00 AM,10/3/2024 11:00:00 PM,SERC,WEST,EKPC,EKPC,1118.123,True
10/4/2024 4:00:00 AM,10/4/2024 12:00:00 AM,SERC,WEST,EKPC,EKPC,1026.772,True
10/4/2024 5:00:00 AM,10/4/2024 1:00:00 AM,SERC,WEST,EKPC,EKPC,958.570,True
10/4/2024 6:00:00 AM,10/4/2024 2:00:00 AM,SERC,WEST,EKPC,EKPC,1007.333,True
10/4/2024 7:00:00 AM,10/4/2024 3:00:00 AM,SERC,WEST,EKPC,EKPC,939.959,True
10/4/2024 8:00:00 AM,10/4/2024 4:00:00 AM,SERC,WEST,EKPC,EKPC,915.479,True
10/4/2024 9:00:00 AM,10/4/2024 5:00:00 AM,SERC,WEST,EKPC,EKPC,971.051,True
10/4/2024 10:00:00 AM,10/4/2024 6:00:00 AM,SERC,WEST,EKPC,EKPC,1076.570,True
10/4/2024 11:00:00 AM,10/4/2024 7:00:00 AM,SERC,WEST,EKPC,EKPC,1104.368,True
10/4/2024 12:00:00 PM,10/4/2024 8:00:00 AM,SERC,WEST,EKPC,EKPC,1125.564,True
10/4/2024 1:00:00 PM,10/4/2024 9:00:00 AM,SERC,WEST,EKPC,EKPC,1166.337,True
10/4/2024 2:00:00 PM,10/4/2024 10:00:00 AM,SERC,WEST,EKPC,EKPC,1305.920,True
10/4/2024 3:00:00 PM,10/4/2024 11:00:00 AM,SERC,WEST,EKPC,EKPC,1390.518,True
10/4/2024 4:00:00 PM,10/4/2024 12:00:00 PM,SERC,WEST,EKPC,EKPC,1535.434,True
10/4/2024 5:00:00 PM,10/4/2024 1:00:00 PM,SERC,WEST,EKPC,EKPC,1583.489,True
10/4/2024 6:00:00 PM,10/4/2024 2:00:00 PM,SERC,WEST,EKPC,EKPC,1564.903,True
10/4/2024 7:00:00 PM,10/4/2024 3:00:00 PM,SERC,WEST,EKPC,EKPC,1642.489,True
10/4/2024 8:00:00 PM,10/4/2024 4:00:00 PM,SERC,WEST,EKPC,EKPC,1719.055,True
10/4/2024 9:00:00 PM,10/4/2024 5:00:00 PM,SERC,WEST,EKPC,EKPC,1798.889,True
10/4/2024 10:00:00 PM,10/4/2024 6:00:00 PM,SERC,WEST,EKPC,EKPC,1697.912,True
10/4/2024 11:00:00 PM,10/4/2024 7:00:00 PM,SERC,WEST,EKPC,EKPC,1619.730,True
10/5/2024 12:00:00 AM,10/4/2024 8:00:00 PM,SERC,WEST,EKPC,EKPC,1636.659,True
10/5/2024 1:00:00 AM,10/4/2024 9:00:00 PM,SERC,WEST,EKPC,EKPC,1486.912,True
10/5/2024 2:00:00 AM,10/4/2024 10:00:00 PM,SERC,WEST,EKPC,EKPC,1390.538,True
10/5/2024 3:00:00 AM,10/4/2024 11:00:00 PM,SERC,WEST,EKPC,EKPC,1291.212,True
10/5/2024 4:00:00 AM,10/5/2024 12:00:00 AM,SERC,WEST,EKPC,EKPC,1188.005,True
10/5/2024 5:00:00 AM,10/5/2024 1:00:00 AM,SERC,WEST,EKPC,EKPC,1091.998,True
10/5/2024 6:00:00 AM,10/5/2024 2:00:00 AM,SERC,WEST,EKPC,EKPC,1064.879,True
10/5/2024 7:00:00 AM,10/5/2024 3:00:00 AM,SERC,WEST,EKPC,EKPC,1074.261,True
10/5/2024 8:00:00 AM,10/5/2024 4:00:00 AM,SERC,WEST,EKPC,EKPC,1100.116,True
10/5/2024 9:00:00 AM,10/5/2024 5:00:00 AM,SERC,WEST,EKPC,EKPC,1070.193,True
10/5/2024 10:00:00 AM,10/5/2024 6:00:00 AM,SERC,WEST,EKPC,EKPC,1109.911,True
10/5/2024 11:00:00 AM,10/5/2024 7:00:00 AM,SERC,WEST,EKPC,EKPC,1026.875,True
10/5/2024 12:00:00 PM,10/5/2024 8:00:00 AM,SERC,WEST,EKPC,EKPC,1139.586,True
10/5/2024 1:00:00 PM,10/5/2024 9:00:00 AM,SERC,WEST,EKPC,EKPC,1281.055,True
10/5/2024 2:00:00 PM,10/5/2024 10:00:00 AM,SERC,WEST,EKPC,EKPC,1361.695,True
10/5/2024 3:00:00 PM,10/5/2024 11:00:00 AM,SERC,WEST,EKPC,EKPC,1402.648,True
10/5/2024 4:00:00 PM,10/5/2024 12:00:00 PM,SERC,WEST,EKPC,EKPC,1517.057,True
10/5/2024 5:00:00 PM,10/5/2024 1:00:00 PM,SERC,WEST,EKPC,EKPC,1572.893,True
10/5/2024 6:00:00 PM,10/5/2024 2:00:00 PM,SERC,WEST,EKPC,EKPC,1664.854,True
10/5/2024 7:00:00 PM,10/5/2024 3:00:00 PM,SERC,WEST,EKPC,EKPC,1746.183,True
10/5/2024 8:00:00 PM,10/5/2024 4:00:00 PM,SERC,WEST,EKPC,EKPC,1793.525,True
10/5/2024 9:00:00 PM,10/5/2024 5:00:00 PM,SERC,WEST,EKPC,EKPC,1841.767,True
10/5/2024 10:00:00 PM,10/5/2024 6:00:00 PM,SERC,WEST,EKPC,EKPC,1736.396,True
10/5/2024 11:00:00 PM,10/5/2024 7:00:00 PM,SERC,WEST,EKPC,EKPC,1567.224,True
10/6/2024 12:00:00 AM,10/5/2024 8:00:00 PM,SERC,WEST,EKPC,EKPC,1594.203,True
10/6/2024 1:00:00 AM,10/5/2024 9:00:00 PM,SERC,WEST,EKPC,EKPC,1442.067,True
10/6/2024 2:00:00 AM,10/5/2024 10:00:00 PM,SERC,WEST,EKPC,EKPC,1385.117,True
10/6/2024 3:00:00 AM,10/5/2024 11:00:00 PM,SERC,WEST,EKPC,EKPC,1277.236,True
10/6/2024 4:00:00 AM,10/6/2024 12:00:00 AM,SERC,WEST,EKPC,EKPC,1062.112,True
10/6/2024 5:00:00 AM,10/6/2024 1:00:00 AM,SERC,WEST,EKPC,EKPC,963.457,True
10/6/2024 6:00:00 AM,10/6/2024 2:00:00 AM,SERC,WEST,EKPC,EKPC,1005.099,True
10/6/2024 7:00:00 AM,10/6/2024 3:00:00 AM,SERC,WEST,EKPC,EKPC,1037.604,True
10/6/2024 8:00:00 AM,10/6/2024 4:00:00 AM,SERC,WEST,EKPC,EKPC,920.508,True
10/6/2024 9:00:00 AM,10/6/2024 5:00:00 AM,SERC,WEST,EKPC,EKPC,920.296,True
10/6/2024 10:00:00 AM,10/6/2024 6:00:00 AM,SERC,WEST,EKPC,EKPC,896.719,True
10/6/2024 11:00:00 AM,10/6/2024 7:00:00 AM,SERC,WEST,EKPC,EKPC,1050.227,True
10/6/2024 12:00:00 PM,10/6/2024 8:00:00 AM,SERC,WEST,EKPC,EKPC,1154.017,True
10/6/2024 1:00:00 PM,10/6/2024 9:00:00 AM,SERC,WEST,EKPC,EKPC,1211.699,True
10/6/2024 2:00:00 PM,10/6/2024 10:00:00 AM,SERC,WEST,EKPC,EKPC,1330.460,True
10/6/2024 3:00:00 PM,10/6/2024 11:00:00 AM,SERC,WEST,EKPC,EKPC,1325.183,True
10/6/2024 4:00:00 PM,10/6/2024 12:00:00 PM,SERC,WEST,EKPC,EKPC,1408.489,True
10/6/2024 5:00:00 PM,10/6/2024 1:00:00 PM,SERC,WEST,EKPC,EKPC,1606.731,True
10/6/2024 6:00:00 PM,10/6/2024 2:00:00 PM,SERC,WEST,EKPC,EKPC,1682.161,True
10/6/2024 7:00:00 PM,10/6/2024 3:00:00 PM,SERC,WEST,EKPC,EKPC,1728.250,True
10/6/2024 8:00:00 PM,10/6/2024 4:00:00 PM,SERC,WEST,EKPC,EKPC,1835.977,True
10/6/2024 9:00:00 PM,10/6/2024 5:00:00 PM,SERC,WEST,EKPC,EKPC,1941.812,True
10/6/2024 10:00:00 PM,10/6/2024 6:00:00 PM,SERC,WEST,EKPC,EKPC,1887.787,True
10/6/2024 11:00:00 PM,10/6/2024 7:00:00 PM,SERC,WEST,EKPC,EKPC,1819.582,True
10/7/2024 12:00:00 AM,10/6/2024 8:00:00 PM,SERC,WEST,EKPC,EKPC,1578.924,True
10/7/2024 1:00:00 AM,10/6/2024 9:00:00 PM,SERC,WEST,EKPC,EKPC,1437.109,True
10/7/2024 2:00:00 AM,10/6/2024 10:00:00 PM,SERC,WEST,EKPC,EKPC,1410.578,True
10/7/2024 3:00:00 AM,10/6/2024 11:00:00 PM,SERC,WEST,EKPC,EKPC,1295.825,True
10/7/2024 4:00:00 AM,10/7/2024 12:00:00 AM,SERC,WEST,EKPC,EKPC,1231.664,True
10/7/2024 5:00:00 AM,10/7/2024 1:00:00 AM,SERC,WEST,EKPC,EKPC,1151.770,True
10/7/2024 6:00:00 AM,10/7/2024 2:00:00 AM,SERC,WEST,EKPC,EKPC,1087.347,True
10/7/2024 7:00:00 AM,10/7/2024 3:00:00 AM,SERC,WEST,EKPC,EKPC,1056.465,True
10/7/2024 8:00:00 AM,10/7/2024 4:00:00 AM,SERC,WEST,EKPC,EKPC,1061.843,True
10/7/2024 9:00:00 AM,10/7/2024 5:00:00 AM,SERC,WEST,EKPC,EKPC,1120.564,True
10/7/2024 10:00:00 AM,10/7/2024 6:00:00 AM,SERC,WEST,EKPC,EKPC,1208.117,True
10/7/2024 11:00:00 AM,10/7/2024 7:00:00 AM,SERC,WEST,EKPC,EKPC,1238.557,True
10/7/2024 12:00:00 PM,10/7/2024 8:00:00 AM,SERC,WEST,EKPC,EKPC,1171.904,True
10/7/2024 1:00:00 PM,10/7/2024 9:00:00 AM,SERC,WEST,EKPC,EKPC,1172.575,True
10/7/2024 2:00:00 PM,10/7/2024 10:00:00 AM,SERC,WEST,EKPC,EKPC,1329.374,True
10/7/2024 3:00:00 PM,10/7/2024 11:00:00 AM,SERC,WEST,EKPC,EKPC,1370.550,True
10/7/2024 4:00:00 PM,10/7/2024 12:00:00 PM,SERC,WEST,EKPC,EKPC,1390.806,True
10/7/2024 5:00:00 PM,10/7/2024 1:00:00 PM,SERC,WEST,EKPC,EKPC,1404.525,True
10/7/2024 6:00:00 PM,10/7/2024 2:00:00 PM,SERC,WEST,EKPC,EKPC,1408.394,True
10/7/2024 7:00:00 PM,10/7/2024 3:00:00 PM,SERC,WEST,EKPC,EKPC,1432.723,True
10/7/2024 8:00:00 PM,10/7/2024 4:00:00 PM,SERC,WEST,EKPC,EKPC,1383.658,True
10/7/2024 9:00:00 PM,10/7/2024 5:00:00 PM,SERC,WEST,EKPC,EKPC,1379.592,True
10/7/2024 10:00:00 PM,10/7/2024 6:00:00 PM,SERC,WEST,EKPC,EKPC,1344.730,True
10/7/2024 11:00:00 PM,10/7/2024 7:00:00 PM,SERC,WEST,EKPC,EKPC,1485.451,True
10/8/2024 12:00:00 AM,10/7/2024 8:00:00 PM,SERC,WEST,EKPC,EKPC,1439.766,True
10/8/2024 1:00:00 AM,10/7/2024 9:00:00 PM,SERC,WEST,EKPC,EKPC,1353.212,True
10/8/2024 2:00:00 AM,10/7/2024 10:00:00 PM,SERC,WEST,EKPC,EKPC,1310.656,True
10/8/2024 3:00:00 AM,10/7/2024 11:00:00 PM,SERC,WEST,EKPC,EKPC,1178.358,True
10/8/2024 4:00:00 AM,10/8/2024 12:00:00 AM,SERC,WEST,EKPC,EKPC,1104.034,True
10/8/2024 5:00:00 AM,10/8/2024 1:00:00 AM,SERC,WEST,EKPC,EKPC,1071.467,True
10/8/2024 6:00:00 AM,10/8/2024 2:00:00 AM,SERC,WEST,EKPC,EKPC,1010.574,True
10/8/2024 7:00:00 AM,10/8/2024 3:00:00 AM,SERC,WEST,EKPC,EKPC,974.013,True
10/8/2024 8:00:00 AM,10/8/2024 4:00:00 AM,SERC,WEST,EKPC,EKPC,1098.880,True
10/8/2024 9:00:00 AM,10/8/2024 5:00:00 AM,SERC,WEST,EKPC,EKPC,1154.243,True
10/8/2024 10:00:00 AM,10/8/2024 6:00:00 AM,SERC,WEST,EKPC,EKPC,1271.410,True
10/8/2024 11:00:00 AM,10/8/2024 7:00:00 AM,SERC,WEST,EKPC,EKPC,1295.202,True
10/8/2024 12:00:00 PM,10/8/2024 8:00:00 AM,SERC,WEST,EKPC,EKPC,1166.309,True
10/8/2024 1:00:00 PM,10/8/2024 9:00:00 AM,SERC,WEST,EKPC,EKPC,1178.894,True
10/8/2024 2:00:00 PM,10/8/2024 10:00:00 AM,SERC,WEST,EKPC,EKPC,1280.560,True
10/8/2024 3:00:00 PM,10/8/2024 11:00:00 AM,SERC,WEST,EKPC,EKPC,1294.082,True
10/8/2024 4:00:00 PM,10/8/2024 12:00:00 PM,SERC,WEST,EKPC,EKPC,1331.961,True
10/8/2024 5:00:00 PM,10/8/2024 1:00:00 PM,SERC,WEST,EKPC,EKPC,1319.781,True
10/8/2024 6:00:00 PM,10/8/2024 2:00:00 PM,SERC,WEST,EKPC,EKPC,1366.221,True
10/8/2024 7:00:00 PM,10/8/2024 3:00:00 PM,SERC,WEST,EKPC,EKPC,1407.114,True
10/8/2024 8:00:00 PM,10/8/2024 4:00:00 PM,SERC,WEST,EKPC,EKPC,1402.624,True
10/8/2024 9:00:00 PM,10/8/2024 5:00:00 PM,SERC,WEST,EKPC,EKPC,1462.736,True
10/8/2024 10:00:00 PM,10/8/2024 6:00:00 PM,SERC,WEST,EKPC,EKPC,1440.588,True
10/8/2024 11:00:00 PM,10/8/2024 7:00:00 PM,SERC,WEST,EKPC,EKPC,1434.557,True
10/9/2024 12:00:00 AM,10/8/2024 8:00:00 PM,SERC,WEST,EKPC,EKPC,1459.977,True
10/9/2024 1:00:00 AM,10/8/2024 9:00:00 PM,SERC,WEST,EKPC,EKPC,1304.790,True
10/9/2024 2:00:00 AM,10/8/2024 10:00:00 PM,SERC,WEST,EKPC,EKPC,1131.420,True
10/9/2024 3:00:00 AM,10/8/2024 11:00:00 PM,SERC,WEST,EKPC,EKPC,1022.704,True
10/9/2024 4:00:00 AM,10/9/2024 12:00:00 AM,SERC,WEST,EKPC,EKPC,993.589,True
10/9/2024 5:00:00 AM,10/9/2024 1:00:00 AM,SERC,WEST,EKPC,EKPC,940.340,True
10/9/2024 6:00:00 AM,10/9/2024 2:00:00 AM,SERC,WEST,EKPC,EKPC,986.222,True
10/9/2024 7:00:00 AM,10/9/2024 3:00:00 AM,SERC,WEST,EKPC,EKPC,1013.809,True
10/9/2024 8:00:00 AM,10/9/2024 4:00:00 AM,SERC,WEST,EKPC,EKPC,953.646,True
10/9/2024 9:00:00 AM,10/9/2024 5:00:00 AM,SERC,WEST,EKPC,EKPC,1024.329,True
10/9/2024 10:00:00 AM,10/9/2024 6:00:00 AM,SERC,WEST,EKPC,EKPC,1113.114,True
10/9/2024 11:00:00 AM,10/9/2024 7:00:00 AM,SERC,WEST,EKPC,EKPC,1174.888,True
10/9/2024 12:00:00 PM,10/9/2024 8:00:00 AM,SERC,WEST,EKPC,EKPC,1191.200,True
10/9/2024 1:00:00 PM,10/9/2024 9:00:00 AM,SERC,WEST,EKPC,EKPC,1152.035,True
10/9/2024 2:00:00 PM,10/9/2024 10:00:00 AM,SERC,WEST,EKPC,EKPC,1139.783,True
10/9/2024 3:00:00 PM,10/9/2024 11:00:00 AM,SERC,WEST,EKPC,EKPC,1122.650,True
10/9/2024 4:00:00 PM,10/9/2024 12:00:00 PM,SERC,WEST,EKPC,EKPC,1133.884,True
10/9/2024 5:00:00 PM,10/9/2024 1:00:00 PM,SERC,WEST,EKPC,EKPC,1177.185,True
10/9/2024 6:00:00 PM,10/9/2024 2:00:00 PM,SERC,WEST,EKPC,EKPC,1203.060,True
10/9/2024 7:00:00 PM,10/9/2024 3:00:00 PM,SERC,WEST,EKPC,EKPC,1352.139,True
10/9/2024 8:00:00 PM,10/9/2024 4:00:00 PM,SERC,WEST,EKPC,EKPC,1403.275,True
10/9/2024 9:00:00 PM,10/9/2024 5:00:00 PM,SERC,WEST,EKPC,EKPC,1447.344,True
10/9/2024 10:00:00 PM,10/9/2024 6:00:00 PM,SERC,WEST,EKPC,EKPC,1345.655,True
10/9/2024 11:00:00 PM,10/9/2024 7:00:00 PM,SERC,WEST,EKPC,EKPC,1329.218,True
10/10/2024 12:00:00 AM,10/9/2024 8:00:00 PM,SERC,WEST,EKPC,EKPC,1349.680,True
10/10/2024 1:00:00 AM,10/9/2024 9:00:00 PM,SERC,WEST,EKPC,EKPC,1381.784,True
10/10/2024 2:00:00 AM,10/9/2024 10:00:00 PM,SERC,WEST,EKPC,EKPC,1330.859,True
10/10/2024 3:00:00 AM,10/9/2024 11:00:00 PM,SERC,WEST,EKPC,EKPC,1255.815,True
10/10/2024 4:00:00 AM,10/10/2024 12:00:00 AM,SERC,WEST,EKPC,EKPC,1165.882,True
10/10/2024 5:00:00 AM,10/10/2024 1:00:00 AM,SERC,WEST,EKPC,EKPC,1119.448,True
10/10/2024 6:00:00 AM,10/10/2024 2:00:00 AM,SERC,WEST,EKPC,EKPC,1123.257,True
10/10/2024 7:00:00 AM,10/10/2024 3:00:00 AM,SERC,WEST,EKPC,EKPC,1111.351,True
10/10/2024 8:00:00 AM,10/10/2024 4:00:00 AM,SERC,WEST,EKPC,EKPC,1077.634,True
10/10/2024 9:00:00 AM,10/10/2024 5:00:00 AM,SERC,WEST,EKPC,EKPC,1104.822,True
10/10/2024 10:00:00 AM,10/10/2024 6:00:00 AM,SERC,WEST,EKPC,EKPC,1239.435,True
10/10/2024 11:00:00 AM,10/10/2024 7:00:00 AM,SERC,WEST,EKPC,EKPC,1343.726,True
10/10/2024 12:00:00 PM,10/10/2024 8:00:00 AM,SERC,WEST,EKPC,EKPC,1362.045,True
10/10/2024 1:00:00 PM,10/10/2024 9:00:00 AM,SERC,WEST,EKPC,EKPC,1224.773,True
10/10/2024 2:00:00 PM,10/10/2024 10:00:00 AM,SERC,WEST,EKPC,EKPC,1286.036,True
10/10/2024 3:00:00 PM,10/10/2024 11:00:00 AM,SERC,WEST,EKPC,EKPC,1344.337,True
10/10/2024 4:00:00 PM,10/10/2024 12:00:00 PM,SERC,WEST,EKPC,EKPC,1339.953,True
10/10/2024 5:00:00 PM,10/10/2024 1:00:00 PM,SERC,WEST,EKPC,EKPC,1378.859,True
10/10/2024 6:00:00 PM,10/10/2024 2:00:00 PM,SERC,WEST,EKPC,EKPC,1348.580,True
10/10/2024 7:00:00 PM,10/10/2024 3:00:00 PM,SERC,WEST,EKPC,EKPC,1358.513,True
10/10/2024 8:00:00 PM,10/10/2024 4:00:00 PM,SERC,WEST,EKPC,EKPC,1397.353,True
10/10/2024 9:00:00 PM,10/10/2024 5:00:00 PM,SERC,WEST,EKPC,EKPC,1379.018,True
10/10/2024 10:00:00 PM,10/10/2024 6:00:00 PM,SERC,WEST,EKPC,EKPC,1360.481,True
10/10/2024 11:00:00 PM,10/10/2024 7:00:00 PM,SERC,WEST,EKPC,EKPC,1457.781,True
10/11/2024 12:00:00 AM,10/10/2024 8:00:00 PM,SERC,WEST,EKPC,EKPC,1466.138,True
10/11/2024 1:00:00 AM,10/10/2024 9:00:00 PM,SERC,WEST,EKPC,EKPC,1397.664,True
10/11/2024 2:00:00 AM,10/10/2024 10:00:00 PM,SERC,WEST,EKPC,EKPC,1309.680,True
10/11/2024 3:00:00 AM,10/10/2024 11:00:00 PM,SERC,WEST,EKPC,EKPC,1244.277,True
10/11/2024 4:00:00 AM,10/11/2024 12:00:00 AM,SERC,WEST,EKPC,EKPC,1174.539,True
10/11/2024 5:00:00 AM,10/11/2024 1:00:00 AM,SERC,WEST,EKPC,EKPC,1119.303,True
10/11/2024 6:00:00 AM,10/11/2024 2:00:00 AM,SERC,WEST,EKPC,EKPC,1064.337,True
10/11/2024 7:00:00 AM,10/11/2024 3:00:00 AM,SERC,WEST,EKPC,EKPC,1040.415,True
10/11/2024 8:00:00 AM,10/11/2024 4:00:00 AM,SERC,WEST,EKPC,EKPC,1032.464,True
10/11/2024 9:00:00 AM,10/11/2024 5:00:00 AM,SERC,WEST,EKPC,EKPC,1178.062,True
10/11/2024 10:00:00 AM,10/11/2024 6:00:00 AM,SERC,WEST,EKPC,EKPC,1279.838,True
10/11/2024 11:00:00 AM,10/11/2024 7:00:00 AM,SERC,WEST,EKPC,EKPC,1322.563,True
10/11/2024 12:00:00 PM,10/11/2024 8:00:00 AM,SERC,WEST,EKPC,EKPC,1394.996,True
10/11/2024 1:00:00 PM,10/11/2024 9:00:00 AM,SERC,WEST,EKPC,EKPC,1364.056,True
10/11/2024 2:00:00 PM,10/11/2024 10:00:00 AM,SERC,WEST,EKPC,EKPC,1335.120,True
10/11/2024 3:00:00 PM,10/11/2024 11:00:00 AM,SERC,WEST,EKPC,EKPC,1259.012,True
10/11/2024 4:00:00 PM,10/11/2024 12:00:00 PM,SERC,WEST,EKPC,EKPC,1124.614,True
10/11/2024 5:00:00 PM,10/11/2024 1:00:00 PM,SERC,WEST,EKPC,EKPC,1136.416,True
10/11/2024 6:00:00 PM,10/11/2024 2:00:00 PM,SERC,WEST,EKPC,EKPC,1152.575,True
10/11/2024 7:00:00 PM,10/11/2024 3:00:00 PM,SERC,WEST,EKPC,EKPC,1243.971,True
10/11/2024 8:00:00 PM,10/11/2024 4:00:00 PM,SERC,WEST,EKPC,EKPC,1261.450,True
10/11/2024 9:00:00 PM,10/11/2024 5:00:00 PM,SERC,WEST,EKPC,EKPC,1243.590,True
10/11/2024 10:00:00 PM,10/11/2024 6:00:00 PM,SERC,WEST,EKPC,EKPC,1281.787,True
10/11/2024 11:00:00 PM,10/11/2024 7:00:00 PM,SERC,WEST,EKPC,EKPC,1311.533,True
10/12/2024 12:00:00 AM,10/11/2024 8:00:00 PM,SERC,WEST,EKPC,EKPC,1357.341,True
10/12/2024 1:00:00 AM,10/11/2024 9:00:00 PM,SERC,WEST,EKPC,EKPC,1306.255,True
10/12/2024 2:00:00 AM,10/11/2024 10:00:00 PM,SERC,WEST,EKPC,EKPC,1274.847,True
10/12/2024 3:00:00 AM,10/11/2024 11:00:00 PM,SERC,WEST,EKPC,EKPC,1210.620,True
10/12/2024 4:00:00 AM,10/12/2024 12:00:00 AM,SERC,WEST,EKPC,EKPC,1144.468,True
10/12/2024 5:00:00 AM,10/12/2024 1:00:00 AM,SERC,WEST,EKPC,EKPC,1139.953,True
10/12/2024 6:00:00 AM,10/12/2024 2:00:00 AM,SERC,WEST,EKPC,EKPC,1118.017,True
10/12/2024 7:00:00 AM,10/12/2024 3:00:00 AM,SERC,WEST,EKPC,EKPC,1105.289,True
10/12/2024 8:00:00 AM,10/12/2024 4:00:00 AM,SERC,WEST,EKPC,EKPC,1095.161,True
10/12/2024 9:00:00 AM,10/12/2024 5:00:00 AM,SERC,WEST,EKPC,EKPC,1170.777,True
10/12/2024 10:00:00 AM,10/12/2024 6:00:00 AM,SERC,WEST,EKPC,EKPC,1154.043,True
10/12/2024 11:00:00 AM,10/12/2024 7:00:00 AM,SERC,WEST,EKPC,EKPC,1181.165,True
10/12/2024 12:00:00 PM,10/12/2024 8:00:00 AM,SERC,WEST,EKPC,EKPC,1293.527,True
10/12/2024 1:00:00 PM,10/12/2024 9:00:00 AM,SERC,WEST,EKPC,EKPC,1158.706,True
10/12/2024 2:00:00 PM,10/12/2024 10:00:00 AM,SERC,WEST,EKPC,EKPC,1148.903,True
10/12/2024 3:00:00 PM,10/12/2024 11:00:00 AM,SERC,WEST,EKPC,EKPC,1268.287,True
10/12/2024 4:00:00 PM,10/12/2024 12:00:00 PM,SERC,WEST,EKPC,EKPC,1272.113,True
10/12/2024 5:00:00 PM,10/12/2024 1:00:00 PM,SERC,WEST,EKPC,EKPC,1319.446,True
10/12/2024 6:00:00 PM,10/12/2024 2:00:00 PM,SERC,WEST,EKPC,EKPC,1338.748,True
10/12/2024 7:00:00 PM,10/12/2024 3:00:00 PM,SERC,WEST,EKPC,EKPC,1392.051,True
10/12/2024 8:00:00 PM,10/12/2024 4:00:00 PM,SERC,WEST,EKPC,EKPC,1446.981,True
10/12/2024 9:00:00 PM,10/12/2024 5:00:00 PM,SERC,WEST,EKPC,EKPC,1468.687,True
10/12/2024 10:00:00 PM,10/12/2024 6:00:00 PM,SERC,WEST,EKPC,EKPC,1446.974,True
10/12/2024 11:00:00 PM,10/12/2024 7:00:00 PM,SERC,WEST,EKPC,EKPC,1428.662,True
10/13/2024 12:00:00 AM,10/12/2024 8:00:00 PM,SERC,WEST,EKPC,EKPC,1295.495,True
10/13/2024 1:00:00 AM,10/12/2024 9:00:00 PM,SERC,WEST,EKPC,EKPC,1170.808,True
10/13/2024 2:00:00 AM,10/12/2024 10:00:00 PM,SERC,WEST,EKPC,EKPC,1228.551,True
10/13/2024 3:00:00 AM,10/12/2024 11:00:00 PM,SERC,WEST,EKPC,EKPC,1160.139,True
10/13/2024 4:00:00 AM,10/13/2024 12:00:00 AM,SERC,WEST,EKPC,EKPC,1118.734,True
10/13/2024 5:00:00 AM,10/13/2024 1:00:00 AM,SERC,WEST,EKPC,EKPC,1082.454,True
10/13/2024 6:00:00 AM,10/13/2024 2:00:00 AM,SERC,WEST,EKPC,EKPC,1063.710,True
10/13/2024 7:00:00 AM,10/13/2024 3:00:00 AM,SERC,WEST,EKPC,EKPC,1050.062,True
10/13/2024 8:00:00 AM,10/13/2024 4:00:00 AM,SERC,WEST,EKPC,EKPC,932.033,True
10/13/2024 9:00:00 AM,10/13/2024 5:00:00 AM,SERC,WEST,EKPC,EKPC,894.870,True
10/13/2024 10:00:00 AM,10/13/2024 6:00:00 AM,SERC,WEST,EKPC,EKPC,1018.930,True
10/13/2024 11:00:00 AM,10/13/2024 7:00:00 AM,SERC,WEST,EKPC,EKPC,1116.485,True
10/13/2024 12:00:00 PM,10/13/2024 8:00:00 AM,SERC,WEST,EKPC,EKPC,1225.004,True
10/13/2024 1:00:00 PM,10/13/2024 9:00:00 AM,SERC,WEST,EKPC,EKPC,1274.708,True
10/13/2024 2:00:00 PM,10/13/2024 10:00:00 AM,SERC,WEST,EKPC,EKPC,1282.836,True
10/13/2024 3:00:00 PM,10/13/2024 11:00:00 AM,SERC,WEST,EKPC,EKPC,1295.874,True
10/13/2024 4:00:00 PM,10/13/2024 12:00:00 PM,SERC,WEST,EKPC,EKPC,1350.857,True
10/13/2024 5:00:00 PM,10/13/2024 1:00:00 PM,SERC,WEST,EKPC,EKPC,1419.133,True
10/13/2024 6:00:00 PM,10/13/2024 2:00:00 PM,SERC,WEST,EKPC,EKPC,1478.358,True
10/13/2024 7:00:00 PM,10/13/2024 3:00:00 PM,SERC,WEST,EKPC,EKPC,1462.875,True
10/13/2024 8:00:00 PM,10/13/2024 4:00:00 PM,SERC,WEST,EKPC,EKPC,1556.697,True
10/13/2024 9:00:00 PM,10/13/2024 5:00:00 PM,SERC,WEST,EKPC,EKPC,1621.558,True
10/13/2024 10:00:00 PM,10/13/2024 6:00:00 PM,SERC,WEST,EKPC,EKPC,1581.822,True
10/13/2024 11:00:00 PM,10/13/2024 7:00:00 PM,SERC,WEST,EKPC,EKPC,1556.191,True
10/14/2024 12:00:00 AM,10/13/2024 8:00:00 PM,SERC,WEST,EKPC,EKPC,1532.340,True
10/14/2024 1:00:00 AM,10/13/2024 9:00:00 PM,SERC,WEST,EKPC,EKPC,1436.604,True
10/14/2024 2:00:00 AM,10/13/2024 10:00:00 PM,SERC,WEST,EKPC,EKPC,1278.542,True
10/14/2024 3:00:00 AM,10/13/2024 11:00:00 PM,SERC,WEST,EKPC,EKPC,1166.239,True
10/14/2024 4:00:00 AM,10/14/2024 12:00:00 AM,SERC,WEST,EKPC,EKPC,1095.665,True
10/14/2024 5:00:00 AM,10/14/2024 1:00:00 AM,SERC,WEST,EKPC,EKPC,1082.997,True
10/14/2024 6:00:00 AM,10/14/2024 2:00:00 AM,SERC,WEST,EKPC,EKPC,922.148,True
10/14/2024 7:00:00 AM,10/14/2024 3:00:00 AM,SERC,WEST,EKPC,EKPC,994.799,True
10/14/2024 8:00:00 AM,10/14/2024 4:00:00 AM,SERC,WEST,EKPC,EKPC,1066.370,True
10/14/2024 9:00:00 AM,10/14/2024 5:00:00 AM,SERC,WEST,EKPC,EKPC,1122.187,True
10/14/2024 10:00:00 AM,10/14/2024 6:00:00 AM,SERC,WEST,EKPC,EKPC,1259.988,True
10/14/2024 11:00:00 AM,10/14/2024 7:00:00 AM,SERC,WEST,EKPC,EKPC,1333.687,True
10/14/2024 12:00:00 PM,10/14/2024 8:00:00 AM,SERC,WEST,EKPC,EKPC,1344.188,True
10/14/2024 1:00:00 PM,10/14/2024 9:00:00 AM,SERC,WEST,EKPC,EKPC,1360.904,True
10/14/2024 2:00:00 PM,10/14/2024 10:00:00 AM,SERC,WEST,EKPC,EKPC,1360.722,True
10/14/2024 3:00:00 PM,10/14/2024 11:00:00 AM,SERC,WEST,EKPC,EKPC,1302.013,True
10/14/2024 4:00:00 PM,10/14/2024 12:00:00 PM,SERC,WEST,EKPC,EKPC,1317.854,True
10/14/2024 5:00:00 PM,10/14/2024 1:00:00 PM,SERC,WEST,EKPC,EKPC,1391.437,True
10/14/2024 6:00:00 PM,10/14/2024 2:00:00 PM,SERC,WEST,EKPC,EKPC,1397.640,True
10/14/2024 7:00:00 PM,10/14/2024 3:00:00 PM,SERC,WEST,EKPC,EKPC,1411.818,True
10/14/2024 8:00:00 PM,10/14/2024 4:00:00 PM,SERC,WEST,EKPC,EKPC,1390.745,True
10/14/2024 9:00:00 PM,10/14/2024 5:00:00 PM,SERC,WEST,EKPC,EKPC,1447.217,True
10/14/2024 10:00:00 PM,10/14/2024 6:00:00 PM,SERC,WEST,EKPC,EKPC,1426.508,True
10/14/2024 11:00:00 PM,10/14/2024 7:00:00 PM,SERC,WEST,EKPC,EKPC,1456.541,True
10/15/2024 12:00:00 AM,10/14/2024 8:00:00 PM,SERC,WEST,EKPC,EKPC,1494.557,True
10/15/2024 1:00:00 AM,10/14/2024 9:00:00 PM,SERC,WEST,EKPC,EKPC,1441.615,True
10/15/2024 2:00:00 AM,10/14/2024 10:00:00 PM,SERC,WEST,EKPC,EKPC,1344.385,True
10/15/2024 3:00:00 AM,10/14/2024 11:00:00 PM,SERC,WEST,EKPC,EKPC,1343.238,True
10/15/2024 4:00:00 AM,10/15/2024 12:00:00 AM,SERC,WEST,EKPC,EKPC,1250.763,True
10/15/2024 5:00:00 AM,10/15/2024 1:00:00 AM,SERC,WEST,EKPC,EKPC,1202.759,True
10/15/2024 6:00:00 AM,10/15/2024 2:00:00 AM,SERC,WEST,EKPC,EKPC,1227.580,True
10/15/2024 7:00:00 AM,10/15/2024 3:00:00 AM,SERC,WEST,EKPC,EKPC,1213.789,True
10/15/2024 8:00:00 AM,10/15/2024 4:00:00 AM,SERC,WEST,EKPC,EKPC,1198.744,True
10/15/2024 9:00:00 AM,10/15/2024 5:00:00 AM,SERC,WEST,EKPC,EKPC,1300.690,True
10/15/2024 10:00:00 AM,10/15/2024 6:00:00 AM,SERC,WEST,EKPC,EKPC,1406.446,True
10/15/2024 11:00:00 AM,10/15/2024 7:00:00 AM,SERC,WEST,EKPC,EKPC,1496.015,True
10/15/2024 12:00:00 PM,10/15/2024 8:00:00 AM,SERC,WEST,EKPC,EKPC,1482.341,True
10/15/2024 1:00:00 PM,10/15/2024 9:00:00 AM,SERC,WEST,EKPC,EKPC,1528.082,True
10/15/2024 2:00:00 PM,10/15/2024 10:00:00 AM,SERC,WEST,EKPC,EKPC,1441.499,True
10/15/2024 3:00:00 PM,10/15/2024 11:00:00 AM,SERC,WEST,EKPC,EKPC,1403.537,True
10/15/2024 4:00:00 PM,10/15/2024 12:00:00 PM,SERC,WEST,EKPC,EKPC,1434.565,True
10/15/2024 5:00:00 PM,10/15/2024 1:00:00 PM,SERC,WEST,EKPC,EKPC,1449.531,True
10/15/2024 6:00:00 PM,10/15/2024 2:00:00 PM,SERC,WEST,EKPC,EKPC,1471.081,True
10/15/2024 7:00:00 PM,10/15/2024 3:00:00 PM,SERC,WEST,EKPC,EKPC,1460.586,True
10/15/2024 8:00:00 PM,10/15/2024 4:00:00 PM,SERC,WEST,EKPC,EKPC,1467.331,True
10/15/2024 9:00:00 PM,10/15/2024 5:00:00 PM,SERC,WEST,EKPC,EKPC,1481.437,True
10/15/2024 10:00:00 PM,10/15/2024 6:00:00 PM,SERC,WEST,EKPC,EKPC,1548.700,True
10/15/2024 11:00:00 PM,10/15/2024 7:00:00 PM,SERC,WEST,EKPC,EKPC,1660.192,True
10/16/2024 12:00:00 AM,10/15/2024 8:00:00 PM,SERC,WEST,EKPC,EKPC,1634.823,True
10/16/2024 1:00:00 AM,10/15/2024 9:00:00 PM,SERC,WEST,EKPC,EKPC,1520.311,True
10/16/2024 2:00:00 AM,10/15/2024 10:00:00 PM,SERC,WEST,EKPC,EKPC,1438.051,True
10/16/2024 3:00:00 AM,10/15/2024 11:00:00 PM,SERC,WEST,EKPC,EKPC,1383.587,True
10/16/2024 4:00:00 AM,10/16/2024 12:00:00 AM,SERC,WEST,EKPC,EKPC,1365.781,True
10/16/2024 5:00:00 AM,10/16/2024 1:00:00 AM,SERC,WEST,EKPC,EKPC,1356.063,True
10/16/2024 6:00:00 AM,10/16/2024 2:00:00 AM,SERC,WEST,EKPC,EKPC,1324.190,True
10/16/2024 7:00:00 AM,10/16/2024 3:00:00 AM,SERC,WEST,EKPC,EKPC,1343.920,True
10/16/2024 8:00:00 AM,10/16/2024 4:00:00 AM,SERC,WEST,EKPC,EKPC,1359.861,True
10/16/2024 9:00:00 AM,10/16/2024 5:00:00 AM,SERC,WEST,EKPC,EKPC,1437.387,True
10/16/2024 10:00:00 AM,10/16/2024 6:00:00 AM,SERC,WEST,EKPC,EKPC,1586.348,True
10/16/2024 11:00:00 AM,10/16/2024 7:00:00 AM,SERC,WEST,EKPC,EKPC,1651.346,True
10/16/2024 12:00:00 PM,10/16/2024 8:00:00 AM,SERC,WEST,EKPC,EKPC,1625.362,True
10/16/2024 1:00:00 PM,10/16/2024 9:00:00 AM,SERC,WEST,EKPC,EKPC,1538.533,True
10/16/2024 2:00:00 PM,10/16/2024 10:00:00 AM,SERC,WEST,EKPC,EKPC,1424.612,True
10/16/2024 3:00:00 PM,10/16/2024 11:00:00 AM,SERC,WEST,EKPC,EKPC,1331.379,True
10/16/2024 4:00:00 PM,10/16/2024 12:00:00 PM,SERC,WEST,EKPC,EKPC,1289.500,True
10/16/2024 5:00:00 PM,10/16/2024 1:00:00 PM,SERC,WEST,EKPC,EKPC,1266.392,True
10/16/2024 6:00:00 PM,10/16/2024 2:00:00 PM,SERC,WEST,EKPC,EKPC,1220.795,True
10/16/2024 7:00:00 PM,10/16/2024 3:00:00 PM,SERC,WEST,EKPC,EKPC,1211.231,True
10/16/2024 8:00:00 PM,10/16/2024 4:00:00 PM,SERC,WEST,EKPC,EKPC,1227.000,True
10/16/2024 9:00:00 PM,10/16/2024 5:00:00 PM,SERC,WEST,EKPC,EKPC,1283.428,True
10/16/2024 10:00:00 PM,10/16/2024 6:00:00 PM,SERC,WEST,EKPC,EKPC,1402.095,True
10/16/2024 11:00:00 PM,10/16/2024 7:00:00 PM,SERC,WEST,EKPC,EKPC,1496.470,True
10/17/2024 12:00:00 AM,10/16/2024 8:00:00 PM,SERC,WEST,EKPC,EKPC,1503.520,True
10/17/2024 1:00:00 AM,10/16/2024 9:00:00 PM,SERC,WEST,EKPC,EKPC,1515.931,True
10/17/2024 2:00:00 AM,10/16/2024 10:00:00 PM,SERC,WEST,EKPC,EKPC,1416.854,True
10/17/2024 3:00:00 AM,10/16/2024 11:00:00 PM,SERC,WEST,EKPC,EKPC,1341.129,True
10/17/2024 4:00:00 AM,10/17/2024 12:00:00 AM,SERC,WEST,EKPC,EKPC,1411.030,True
10/17/2024 5:00:00 AM,10/17/2024 1:00:00 AM,SERC,WEST,EKPC,EKPC,1408.873,True
10/17/2024 6:00:00 AM,10/17/2024 2:00:00 AM,SERC,WEST,EKPC,EKPC,1455.382,True
10/17/2024 7:00:00 AM,10/17/2024 3:00:00 AM,SERC,WEST,EKPC,EKPC,1490.129,True
10/17/2024 8:00:00 AM,10/17/2024 4:00:00 AM,SERC,WEST,EKPC,EKPC,1531.560,True
10/17/2024 9:00:00 AM,10/17/2024 5:00:00 AM,SERC,WEST,EKPC,EKPC,1667.419,True
10/17/2024 10:00:00 AM,10/17/2024 6:00:00 AM,SERC,WEST,EKPC,EKPC,1823.344,True
10/17/2024 11:00:00 AM,10/17/2024 7:00:00 AM,SERC,WEST,EKPC,EKPC,1860.209,True
10/17/2024 12:00:00 PM,10/17/2024 8:00:00 AM,SERC,WEST,EKPC,EKPC,1842.955,True
10/17/2024 1:00:00 PM,10/17/2024 9:00:00 AM,SERC,WEST,EKPC,EKPC,1728.199,True
10/17/2024 2:00:00 PM,10/17/2024 10:00:00 AM,SERC,WEST,EKPC,EKPC,1476.847,True
10/17/2024 3:00:00 PM,10/17/2024 11:00:00 AM,SERC,WEST,EKPC,EKPC,1377.627,True
10/17/2024 4:00:00 PM,10/17/2024 12:00:00 PM,SERC,WEST,EKPC,EKPC,1342.541,True
10/17/2024 5:00:00 PM,10/17/2024 1:00:00 PM,SERC,WEST,EKPC,EKPC,1412.087,True
10/17/2024 6:00:00 PM,10/17/2024 2:00:00 PM,SERC,WEST,EKPC,EKPC,1340.983,True
10/17/2024 7:00:00 PM,10/17/2024 3:00:00 PM,SERC,WEST,EKPC,EKPC,1241.419,True
10/17/2024 8:00:00 PM,10/17/2024 4:00:00 PM,SERC,WEST,EKPC,EKPC,1231.436,True
10/17/2024 9:00:00 PM,10/17/2024 5:00:00 PM,SERC,WEST,EKPC,EKPC,1257.832,True
10/17/2024 10:00:00 PM,10/17/2024 6:00:00 PM,SERC,WEST,EKPC,EKPC,1320.425,True
10/17/2024 11:00:00 PM,10/17/2024 7:00:00 PM,SERC,WEST,EKPC,EKPC,1503.722,True
10/18/2024 12:00:00 AM,10/17/2024 8:00:00 PM,SERC,WEST,EKPC,EKPC,1509.124,True
10/18/2024 1:00:00 AM,10/17/2024 9:00:00 PM,SERC,WEST,EKPC,EKPC,1540.672,True
10/18/2024 2:00:00 AM,10/17/2024 10:00:00 PM,SERC,WEST,EKPC,EKPC,1491.675,True
10/18/2024 3:00:00 AM,10/17/2024 11:00:00 PM,SERC,WEST,EKPC,EKPC,1421.997,True
10/18/2024 4:00:00 AM,10/18/2024 12:00:00 AM,SERC,WEST,EKPC,EKPC,1318.563,True
10/18/2024 5:00:00 AM,10/18/2024 1:00:00 AM,SERC,WEST,EKPC,EKPC,1265.169,True
10/18/2024 6:00:00 AM,10/18/2024 2:00:00 AM,SERC,WEST,EKPC,EKPC,1344.889,True
10/18/2024 7:00:00 AM,10/18/2024 3:00:00 AM,SERC,WEST,EKPC,EKPC,1467.690,True
10/18/2024 8:00:00 AM,10/18/2024 4:00:00 AM,SERC,WEST,EKPC,EKPC,1390.805,True
10/18/2024 9:00:00 AM,10/18/2024 5:00:00 AM,SERC,WEST,EKPC,EKPC,1482.341,True
10/18/2024 10:00:00 AM,10/18/2024 6:00:00 AM,SERC,WEST,EKPC,EKPC,1760.689,True
10/18/2024 11:00:00 AM,10/18/2024 7:00:00 AM,SERC,WEST,EKPC,EKPC,1670.144,True
10/18/2024 12:00:00 PM,10/18/2024 8:00:00 AM,SERC,WEST,EKPC,EKPC,1652.841,True
10/18/2024 1:00:00 PM,10/18/2024 9:00:00 AM,SERC,WEST,EKPC,EKPC,1561.317,True
10/18/2024 2:00:00 PM,10/18/2024 10:00:00 AM,SERC,WEST,EKPC,EKPC,1508.191,True
10/18/2024 3:00:00 PM,10/18/2024 11:00:00 AM,SERC,WEST,EKPC,EKPC,1314.538,True
10/18/2024 4:00:00 PM,10/18/2024 12:00:00 PM,SERC,WEST,EKPC,EKPC,1258.046,True
10/18/2024 5:00:00 PM,10/18/2024 1:00:00 PM,SERC,WEST,EKPC,EKPC,1216.035,True
10/18/2024 6:00:00 PM,10/18/2024 2:00:00 PM,SERC,WEST,EKPC,EKPC,1331.557,True
10/18/2024 7:00:00 PM,10/18/2024 3:00:00 PM,SERC,WEST,EKPC,EKPC,1288.889,True
10/18/2024 8:00:00 PM,10/18/2024 4:00:00 PM,SERC,WEST,EKPC,EKPC,1349.959,True
10/18/2024 9:00:00 PM,10/18/2024 5:00:00 PM,SERC,WEST,EKPC,EKPC,1336.573,True
10/18/2024 10:00:00 PM,10/18/2024 6:00:00 PM,SERC,WEST,EKPC,EKPC,1319.925,True
10/18/2024 11:00:00 PM,10/18/2024 7:00:00 PM,SERC,WEST,EKPC,EKPC,1391.222,True
10/19/2024 12:00:00 AM,10/18/2024 8:00:00 PM,SERC,WEST,EKPC,EKPC,1378.395,True
10/19/2024 1:00:00 AM,10/18/2024 9:00:00 PM,SERC,WEST,EKPC,EKPC,1389.658,True
10/19/2024 2:00:00 AM,10/18/2024 10:00:00 PM,SERC,WEST,EKPC,EKPC,1235.724,True
10/19/2024 3:00:00 AM,10/18/2024 11:00:00 PM,SERC,WEST,EKPC,EKPC,1271.233,True
10/19/2024 4:00:00 AM,10/19/2024 12:00:00 AM,SERC,WEST,EKPC,EKPC,1321.203,True
10/19/2024 5:00:00 AM,10/19/2024 1:00:00 AM,SERC,WEST,EKPC,EKPC,1284.131,True
10/19/2024 6:00:00 AM,10/19/2024 2:00:00 AM,SERC,WEST,EKPC,EKPC,1331.843,True
10/19/2024 7:00:00 AM,10/19/2024 3:00:00 AM,SERC,WEST,EKPC,EKPC,1246.015,True
10/19/2024 8:00:00 AM,10/19/2024 4:00:00 AM,SERC,WEST,EKPC,EKPC,1338.766,True
10/19/2024 9:00:00 AM,10/19/2024 5:00:00 AM,SERC,WEST,EKPC,EKPC,1399.315,True
10/19/2024 10:00:00 AM,10/19/2024 6:00:00 AM,SERC,WEST,EKPC,EKPC,1510.030,True
10/19/2024 11:00:00 AM,10/19/2024 7:00:00 AM,SERC,WEST,EKPC,EKPC,1576.063,True
10/19/2024 12:00:00 PM,10/19/2024 8:00:00 AM,SERC,WEST,EKPC,EKPC,1666.662,True
10/19/2024 1:00:00 PM,10/19/2024 9:00:00 AM,SERC,WEST,EKPC,EKPC,1580.820,True
10/19/2024 2:00:00 PM,10/19/2024 10:00:00 AM,SERC,WEST,EKPC,EKPC,1401.806,True
10/19/2024 3:00:00 PM,10/19/2024 11:00:00 AM,SERC,WEST,EKPC,EKPC,1402.500,True
10/19/2024 4:00:00 PM,10/19/2024 12:00:00 PM,SERC,WEST,EKPC,EKPC,1280.309,True
10/19/2024 5:00:00 PM,10/19/2024 1:00:00 PM,SERC,WEST,EKPC,EKPC,1201.592,True
10/19/2024 6:00:00 PM,10/19/2024 2:00:00 PM,SERC,WEST,EKPC,EKPC,1231.930,True
10/19/2024 7:00:00 PM,10/19/2024 3:00:00 PM,SERC,WEST,EKPC,EKPC,1319.559,True
10/19/2024 8:00:00 PM,10/19/2024 4:00:00 PM,SERC,WEST,EKPC,EKPC,1213.105,True
10/19/2024 9:00:00 PM,10/19/2024 5:00:00 PM,SERC,WEST,EKPC,EKPC,1164.909,True
10/19/2024 10:00:00 PM,10/19/2024 6:00:00 PM,SERC,WEST,EKPC,EKPC,1279.471,True
10/19/2024 11:00:00 PM,10/19/2024 7:00:00 PM,SERC,WEST,EKPC,EKPC,1235.862,True
10/20/2024 12:00:00 AM,10/19/2024 8:00:00 PM,SERC,WEST,EKPC,EKPC,1200.991,True
10/20/2024 1:00:00 AM,10/19/2024 9:00:00 PM,SERC,WEST,EKPC,EKPC,1160.753,True
10/20/2024 2:00:00 AM,10/19/2024 10:00:00 PM,SERC,WEST,EKPC,EKPC,1129.289,True
10/20/2024 3:00:00 AM,10/19/2024 11:00:00 PM,SERC,WEST,EKPC,EKPC,1073.753,True
10/20/2024 4:00:00 AM,10/20/2024 12:00:00 AM,SERC,WEST,EKPC,EKPC,1043.923,True
10/20/2024 5:00:00 AM,10/20/2024 1:00:00 AM,SERC,WEST,EKPC,EKPC,1086.843,True
10/20/2024 6:00:00 AM,10/20/2024 2:00:00 AM,SERC,WEST,EKPC,EKPC,1172.146,True
10/20/2024 7:00:00 AM,10/20/2024 3:00:00 AM,SERC,WEST,EKPC,EKPC,1098.907,True
10/20/2024 8:00:00 AM,10/20/2024 4:00:00 AM,SERC,WEST,EKPC,EKPC,1177.710,True
10/20/2024 9:00:00 AM,10/20/2024 5:00:00 AM,SERC,WEST,EKPC,EKPC,1243.570,True
10/20/2024 10:00:00 AM,10/20/2024 6:00:00 AM,SERC,WEST,EKPC,EKPC,1339.659,True
10/20/2024 11:00:00 AM,10/20/2024 7:00:00 AM,SERC,WEST,EKPC,EKPC,1343.932,True
10/20/2024 12:00:00 PM,10/20/2024 8:00:00 AM,SERC,WEST,EKPC,EKPC,1371.056,True
10/20/2024 1:00:00 PM,10/20/2024 9:00:00 AM,SERC,WEST,EKPC,EKPC,1382.273,True
10/20/2024 2:00:00 PM,10/20/2024 10:00:00 AM,SERC,WEST,EKPC,EKPC,1290.400,True
10/20/2024 3:00:00 PM,10/20/2024 11:00:00 AM,SERC,WEST,EKPC,EKPC,1349.189,True
10/20/2024 4:00:00 PM,10/20/2024 12:00:00 PM,SERC,WEST,EKPC,EKPC,1316.863,True
10/20/2024 5:00:00 PM,10/20/2024 1:00:00 PM,SERC,WEST,EKPC,EKPC,1300.007,True
10/20/2024 6:00:00 PM,10/20/2024 2:00:00 PM,SERC,WEST,EKPC,EKPC,1358.710,True
10/20/2024 7:00:00 PM,10/20/2024 3:00:00 PM,SERC,WEST,EKPC,EKPC,1296.801,True
10/20/2024 8:00:00 PM,10/20/2024 4:00:00 PM,SERC,WEST,EKPC,EKPC,1374.251,True
10/20/2024 9:00:00 PM,10/20/2024 5:00:00 PM,SERC,WEST,EKPC,EKPC,1350.610,True
10/20/2024 10:00:00 PM,10/20/2024 6:00:00 PM,SERC,WEST,EKPC,EKPC,1321.170,True
10/20/2024 11:00:00 PM,10/20/2024 7:00:00 PM,SERC,WEST,EKPC,EKPC,1389.924,True
10/21/2024 12:00:00 AM,10/20/2024 8:00:00 PM,SERC,WEST,EKPC,EKPC,1377.289,True
10/21/2024 1:00:00 AM,10/20/2024 9:00:00 PM,SERC,WEST,EKPC,EKPC,1378.883,True
10/21/2024 2:00:00 AM,10/20/2024 10:00:00 PM,SERC,WEST,EKPC,EKPC,1264.720,True
10/21/2024 3:00:00 AM,10/20/2024 11:00:00 PM,SERC,WEST,EKPC,EKPC,1143.654,True
10/21/2024 4:00:00 AM,10/21/2024 12:00:00 AM,SERC,WEST,EKPC,EKPC,1135.956,True
10/21/2024 5:00:00 AM,10/21/2024 1:00:00 AM,SERC,WEST,EKPC,EKPC,1153.359,True
10/21/2024 6:00:00 AM,10/21/2024 2:00:00 AM,SERC,WEST,EKPC,EKPC,1165.375,True
10/21/2024 7:00:00 AM,10/21/2024 3:00:00 AM,SERC,WEST,EKPC,EKPC,1127.836,True
10/21/2024 8:00:00 AM,10/21/2024 4:00:00 AM,SERC,WEST,EKPC,EKPC,1214.268,True
10/21/2024 9:00:00 AM,10/21/2024 5:00:00 AM,SERC,WEST,EKPC,EKPC,1213.930,True
10/21/2024 10:00:00 AM,10/21/2024 6:00:00 AM,SERC,WEST,EKPC,EKPC,1386.125,True
10/21/2024 11:00:00 AM,10/21/2024 7:00:00 AM,SERC,WEST,EKPC,EKPC,1534.677,True
10/21/2024 12:00:00 PM,10/21/2024 8:00:00 AM,SERC,WEST,EKPC,EKPC,1543.325,True
10/21/2024 1:00:00 PM,10/21/2024 9:00:00 AM,SERC,WEST,EKPC,EKPC,1487.590,True
10/21/2024 2:00:00 PM,10/21/2024 10:00:00 AM,SERC,WEST,EKPC,EKPC,1421.920,True
10/21/2024 3:00:00 PM,10/21/2024 11:00:00 AM,SERC,WEST,EKPC,EKPC,1355.498,True
10/21/2024 4:00:00 PM,10/21/2024 12:00:00 PM,SERC,WEST,EKPC,EKPC,1301.514,True
10/21/2024 5:00:00 PM,10/21/2024 1:00:00 PM,SERC,WEST,EKPC,EKPC,1383.379,True
10/21/2024 6:00:00 PM,10/21/2024 2:00:00 PM,SERC,WEST,EKPC,EKPC,1353.010,True
10/21/2024 7:00:00 PM,10/21/2024 3:00:00 PM,SERC,WEST,EKPC,EKPC,1413.923,True
10/21/2024 8:00:00 PM,10/21/2024 4:00:00 PM,SERC,WEST,EKPC,EKPC,1353.957,True
10/21/2024 9:00:00 PM,10/21/2024 5:00:00 PM,SERC,WEST,EKPC,EKPC,1433.443,True
10/21/2024 10:00:00 PM,10/21/2024 6:00:00 PM,SERC,WEST,EKPC,EKPC,1515.612,True
10/21/2024 11:00:00 PM,10/21/2024 7:00:00 PM,SERC,WEST,EKPC,EKPC,1531.739,True
10/22/2024 12:00:00 AM,10/21/2024 8:00:00 PM,SERC,WEST,EKPC,EKPC,1512.111,True
10/22/2024 1:00:00 AM,10/21/2024 9:00:00 PM,SERC,WEST,EKPC,EKPC,1449.160,True
10/22/2024 2:00:00 AM,10/21/2024 10:00:00 PM,SERC,WEST,EKPC,EKPC,1312.686,True
10/22/2024 3:00:00 AM,10/21/2024 11:00:00 PM,SERC,WEST,EKPC,EKPC,1260.822,True
10/22/2024 4:00:00 AM,10/22/2024 12:00:00 AM,SERC,WEST,EKPC,EKPC,1230.085,True
10/22/2024 5:00:00 AM,10/22/2024 1:00:00 AM,SERC,WEST,EKPC,EKPC,1200.278,True
10/22/2024 6:00:00 AM,10/22/2024 2:00:00 AM,SERC,WEST,EKPC,EKPC,1217.652,True
10/22/2024 7:00:00 AM,10/22/2024 3:00:00 AM,SERC,WEST,EKPC,EKPC,1169.164,True
10/22/2024 8:00:00 AM,10/22/2024 4:00:00 AM,SERC,WEST,EKPC,EKPC,1194.927,True
10/22/2024 9:00:00 AM,10/22/2024 5:00:00 AM,SERC,WEST,EKPC,EKPC,1293.286,True
10/22/2024 10:00:00 AM,10/22/2024 6:00:00 AM,SERC,WEST,EKPC,EKPC,1528.631,True
10/22/2024 11:00:00 AM,10/22/2024 7:00:00 AM,SERC,WEST,EKPC,EKPC,1533.421,True
10/22/2024 12:00:00 PM,10/22/2024 8:00:00 AM,SERC,WEST,EKPC,EKPC,1577.708,True
10/22/2024 1:00:00 PM,10/22/2024 9:00:00 AM,SERC,WEST,EKPC,EKPC,1504.700,True
10/22/2024 2:00:00 PM,10/22/2024 10:00:00 AM,SERC,WEST,EKPC,EKPC,1411.706,True
10/22/2024 3:00:00 PM,10/22/2024 11:00:00 AM,SERC,WEST,EKPC,EKPC,1372.610,True
10/22/2024 4:00:00 PM,10/22/2024 12:00:00 PM,SERC,WEST,EKPC,EKPC,1372.766,True
10/22/2024 5:00:00 PM,10/22/2024 1:00:00 PM,SERC,WEST,EKPC,EKPC,1346.436,True
10/22/2024 6:00:00 PM,10/22/2024 2:00:00 PM,SERC,WEST,EKPC,EKPC,1237.726,True
10/22/2024 7:00:00 PM,10/22/2024 3:00:00 PM,SERC,WEST,EKPC,EKPC,1380.276,True
10/22/2024 8:00:00 PM,10/22/2024 4:00:00 PM,SERC,WEST,EKPC,EKPC,1456.159,True
10/22/2024 9:00:00 PM,10/22/2024 5:00:00 PM,SERC,WEST,EKPC,EKPC,1543.157,True
10/22/2024 10:00:00 PM,10/22/2024 6:00:00 PM,SERC,WEST,EKPC,EKPC,1542.347,True
10/22/2024 11:00:00 PM,10/22/2024 7:00:00 PM,SERC,WEST,EKPC,EKPC,1529.259,True
10/23/2024 12:00:00 AM,10/22/2024 8:00:00 PM,SERC,WEST,EKPC,EKPC,1524.875,True
10/23/2024 1:00:00 AM,10/22/2024 9:00:00 PM,SERC,WEST,EKPC,EKPC,1435.321,True
10/23/2024 2:00:00 AM,10/22/2024 10:00:00 PM,SERC,WEST,EKPC,EKPC,1352.110,True
10/23/2024 3:00:00 AM,10/22/2024 11:00:00 PM,SERC,WEST,EKPC,EKPC,1264.213,True
10/23/2024 4:00:00 AM,10/23/2024 12:00:00 AM,SERC,WEST,EKPC,EKPC,1216.691,True
10/23/2024 5:00:00 AM,10/23/2024 1:00:00 AM,SERC,WEST,EKPC,EKPC,1185.618,True
10/23/2024 6:00:00 AM,10/23/2024 2:00:00 AM,SERC,WEST,EKPC,EKPC,1131.193,True
10/23/2024 7:00:00 AM,10/23/2024 3:00:00 AM,SERC,WEST,EKPC,EKPC,1077.107,True
10/23/2024 8:00:00 AM,10/23/2024 4:00:00 AM,SERC,WEST,EKPC,EKPC,1041.589,True
10/23/2024 9:00:00 AM,10/23/2024 5:00:00 AM,SERC,WEST,EKPC,EKPC,1123.652,True
10/23/2024 10:00:00 AM,10/23/2024 6:00:00 AM,SERC,WEST,EKPC,EKPC,1240.959,True
10/23/2024 11:00:00 AM,10/23/2024 7:00:00 AM,SERC,WEST,EKPC,EKPC,1258.552,True
10/23/2024 12:00:00 PM,10/23/2024 8:00:00 AM,SERC,WEST,EKPC,EKPC,1234.167,True
10/23/2024 1:00:00 PM,10/23/2024 9:00:00 AM,SERC,WEST,EKPC,EKPC,1205.632,True
10/23/2024 2:00:00 PM,10/23/2024 10:00:00 AM,SERC,WEST,EKPC,EKPC,1182.975,True
10/23/2024 3:00:00 PM,10/23/2024 11:00:00 AM,SERC,WEST,EKPC,EKPC,1174.844,True
10/23/2024 4:00:00 PM,10/23/2024 12:00:00 PM,SERC,WEST,EKPC,EKPC,1187.112,True
10/23/2024 5:00:00 PM,10/23/2024 1:00:00 PM,SERC,WEST,EKPC,EKPC,1229.311,True
10/23/2024 6:00:00 PM,10/23/2024 2:00:00 PM,SERC,WEST,EKPC,EKPC,1395.993,True
10/23/2024 7:00:00 PM,10/23/2024 3:00:00 PM,SERC,WEST,EKPC,EKPC,1386.902,True
10/23/2024 8:00:00 PM,10/23/2024 4:00:00 PM,SERC,WEST,EKPC,EKPC,1504.796,True
10/23/2024 9:00:00 PM,10/23/2024 5:00:00 PM,SERC,WEST,EKPC,EKPC,1382.126,True
10/23/2024 10:00:00 PM,10/23/2024 6:00:00 PM,SERC,WEST,EKPC,EKPC,1376.768,True
10/23/2024 11:00:00 PM,10/23/2024 7:00:00 PM,SERC,WEST,EKPC,EKPC,1441.283,True
10/24/2024 12:00:00 AM,10/23/2024 8:00:00 PM,SERC,WEST,EKPC,EKPC,1502.366,True
10/24/2024 1:00:00 AM,10/23/2024 9:00:00 PM,SERC,WEST,EKPC,EKPC,1372.500,True
10/24/2024 2:00:00 AM,10/23/2024 10:00:00 PM,SERC,WEST,EKPC,EKPC,1343.593,True
10/24/2024 3:00:00 AM,10/23/2024 11:00:00 PM,SERC,WEST,EKPC,EKPC,1165.723,True
10/24/2024 4:00:00 AM,10/24/2024 12:00:00 AM,SERC,WEST,EKPC,EKPC,1088.402,True
10/24/2024 5:00:00 AM,10/24/2024 1:00:00 AM,SERC,WEST,EKPC,EKPC,1093.945,True
10/24/2024 6:00:00 AM,10/24/2024 2:00:00 AM,SERC,WEST,EKPC,EKPC,963.777,True
10/24/2024 7:00:00 AM,10/24/2024 3:00:00 AM,SERC,WEST,EKPC,EKPC,1031.747,True
10/24/2024 8:00:00 AM,10/24/2024 4:00:00 AM,SERC,WEST,EKPC,EKPC,1190.853,True
10/24/2024 9:00:00 AM,10/24/2024 5:00:00 AM,SERC,WEST,EKPC,EKPC,1279.430,True
10/24/2024 10:00:00 AM,10/24/2024 6:00:00 AM,SERC,WEST,EKPC,EKPC,1440.828,True
10/24/2024 11:00:00 AM,10/24/2024 7:00:00 AM,SERC,WEST,EKPC,EKPC,1503.900,True
10/24/2024 12:00:00 PM,10/24/2024 8:00:00 AM,SERC,WEST,EKPC,EKPC,1491.127,True
10/24/2024 1:00:00 PM,10/24/2024 9:00:00 AM,SERC,WEST,EKPC,EKPC,1478.370,True
10/24/2024 2:00:00 PM,10/24/2024 10:00:00 AM,SERC,WEST,EKPC,EKPC,1395.194,True
10/24/2024 3:00:00 PM,10/24/2024 11:00:00 AM,SERC,WEST,EKPC,EKPC,1294.999,True
10/24/2024 4:00:00 PM,10/24/2024 12:00:00 PM,SERC,WEST,EKPC,EKPC,1238.807,True
10/24/2024 5:00:00 PM,10/24/2024 1:00:00 PM,SERC,WEST,EKPC,EKPC,1229.101,True
10/24/2024 6:00:00 PM,10/24/2024 2:00:00 PM,SERC,WEST,EKPC,EKPC,1201.713,True
10/24/2024 7:00:00 PM,10/24/2024 3:00:00 PM,SERC,WEST,EKPC,EKPC,1198.684,True
10/24/2024 8:00:00 PM,10/24/2024 4:00:00 PM,SERC,WEST,EKPC,EKPC,1236.273,True
10/24/2024 9:00:00 PM,10/24/2024 5:00:00 PM,SERC,WEST,EKPC,EKPC,1276.791,True
10/24/2024 10:00:00 PM,10/24/2024 6:00:00 PM,SERC,WEST,EKPC,EKPC,1282.185,True
10/24/2024 11:00:00 PM,10/24/2024 7:00:00 PM,SERC,WEST,EKPC,EKPC,1354.014,True
10/25/2024 12:00:00 AM,10/24/2024 8:00:00 PM,SERC,WEST,EKPC,EKPC,1390.037,True
10/25/2024 1:00:00 AM,10/24/2024 9:00:00 PM,SERC,WEST,EKPC,EKPC,1292.925,True
10/25/2024 2:00:00 AM,10/24/2024 10:00:00 PM,SERC,WEST,EKPC,EKPC,1200.151,True
10/25/2024 3:00:00 AM,10/24/2024 11:00:00 PM,SERC,WEST,EKPC,EKPC,1187.744,True
10/25/2024 4:00:00 AM,10/25/2024 12:00:00 AM,SERC,WEST,EKPC,EKPC,1209.625,True
10/25/2024 5:00:00 AM,10/25/2024 1:00:00 AM,SERC,WEST,EKPC,EKPC,1220.883,True
10/25/2024 6:00:00 AM,10/25/2024 2:00:00 AM,SERC,WEST,EKPC,EKPC,1124.646,True
10/25/2024 7:00:00 AM,10/25/2024 3:00:00 AM,SERC,WEST,EKPC,EKPC,1106.154,True
10/25/2024 8:00:00 AM,10/25/2024 4:00:00 AM,SERC,WEST,EKPC,EKPC,1134.475,True
10/25/2024 9:00:00 AM,10/25/2024 5:00:00 AM,SERC,WEST,EKPC,EKPC,1230.486,True
10/25/2024 10:00:00 AM,10/25/2024 6:00:00 AM,SERC,WEST,EKPC,EKPC,1367.088,True
10/25/2024 11:00:00 AM,10/25/2024 7:00:00 AM,SERC,WEST,EKPC,EKPC,1422.528,True
10/25/2024 12:00:00 PM,10/25/2024 8:00:00 AM,SERC,WEST,EKPC,EKPC,1388.735,True
10/25/2024 1:00:00 PM,10/25/2024 9:00:00 AM,SERC,WEST,EKPC,EKPC,1356.100,True
10/25/2024 2:00:00 PM,10/25/2024 10:00:00 AM,SERC,WEST,EKPC,EKPC,1310.575,True
10/25/2024 3:00:00 PM,10/25/2024 11:00:00 AM,SERC,WEST,EKPC,EKPC,1247.878,True
10/25/2024 4:00:00 PM,10/25/2024 12:00:00 PM,SERC,WEST,EKPC,EKPC,1238.658,True
10/25/2024 5:00:00 PM,10/25/2024 1:00:00 PM,SERC,WEST,EKPC,EKPC,1221.273,True
10/25/2024 6:00:00 PM,10/25/2024 2:00:00 PM,SERC,WEST,EKPC,EKPC,1270.612,True
10/25/2024 7:00:00 PM,10/25/2024 3:00:00 PM,SERC,WEST,EKPC,EKPC,1384.911,True
10/25/2024 8:00:00 PM,10/25/2024 4:00:00 PM,SERC,WEST,EKPC,EKPC,1407.203,True
10/25/2024 9:00:00 PM,10/25/2024 5:00:00 PM,SERC,WEST,EKPC,EKPC,1382.318,True
10/25/2024 10:00:00 PM,10/25/2024 6:00:00 PM,SERC,WEST,EKPC,EKPC,1431.500,True
10/25/2024 11:00:00 PM,10/25/2024 7:00:00 PM,SERC,WEST,EKPC,EKPC,1408.987,True
10/26/2024 12:00:00 AM,10/25/2024 8:00:00 PM,SERC,WEST,EKPC,EKPC,1404.706,True
10/26/2024 1:00:00 AM,10/25/2024 9:00:00 PM,SERC,WEST,EKPC,EKPC,1281.409,True
10/26/2024 2:00:00 AM,10/25/2024 10:00:00 PM,SERC,WEST,EKPC,EKPC,1146.017,True
10/26/2024 3:00:00 AM,10/25/2024 11:00:00 PM,SERC,WEST,EKPC,EKPC,1055.042,True
10/26/2024 4:00:00 AM,10/26/2024 12:00:00 AM,SERC,WEST,EKPC,EKPC,1025.469,True
10/26/2024 5:00:00 AM,10/26/2024 1:00:00 AM,SERC,WEST,EKPC,EKPC,1081.006,True
10/26/2024 6:00:00 AM,10/26/2024 2:00:00 AM,SERC,WEST,EKPC,EKPC,1008.017,True
10/26/2024 7:00:00 AM,10/26/2024 3:00:00 AM,SERC,WEST,EKPC,EKPC,926.297,True
10/26/2024 8:00:00 AM,10/26/2024 4:00:00 AM,SERC,WEST,EKPC,EKPC,1030.821,True
10/26/2024 9:00:00 AM,10/26/2024 5:00:00 AM,SERC,WEST,EKPC,EKPC,1100.432,True
10/26/2024 10:00:00 AM,10/26/2024 6:00:00 AM,SERC,WEST,EKPC,EKPC,1158.238,True
10/26/2024 11:00:00 AM,10/26/2024 7:00:00 AM,SERC,WEST,EKPC,EKPC,1209.130,True
10/26/2024 12:00:00 PM,10/26/2024 8:00:00 AM,SERC,WEST,EKPC,EKPC,1265.330,True
10/26/2024 1:00:00 PM,10/26/2024 9:00:00 AM,SERC,WEST,EKPC,EKPC,1271.041,True
10/26/2024 2:00:00 PM,10/26/2024 10:00:00 AM,SERC,WEST,EKPC,EKPC,1286.580,True
10/26/2024 3:00:00 PM,10/26/2024 11:00:00 AM,SERC,WEST,EKPC,EKPC,1254.728,True
10/26/2024 4:00:00 PM,10/26/2024 12:00:00 PM,SERC,WEST,EKPC,EKPC,1317.948,True
10/26/2024 5:00:00 PM,10/26/2024 1:00:00 PM,SERC,WEST,EKPC,EKPC,1325.222,True
10/26/2024 6:00:00 PM,10/26/2024 2:00:00 PM,SERC,WEST,EKPC,EKPC,1284.912,True
10/26/2024 7:00:00 PM,10/26/2024 3:00:00 PM,SERC,WEST,EKPC,EKPC,1231.651,True
10/26/2024 8:00:00 PM,10/26/2024 4:00:00 PM,SERC,WEST,EKPC,EKPC,1376.764,True
10/26/2024 9:00:00 PM,10/26/2024 5:00:00 PM,SERC,WEST,EKPC,EKPC,1354.665,True
10/26/2024 10:00:00 PM,10/26/2024 6:00:00 PM,SERC,WEST,EKPC,EKPC,1324.398,True
10/26/2024 11:00:00 PM,10/26/2024 7:00:00 PM,SERC,WEST,EKPC,EKPC,1400.588,True
10/27/2024 12:00:00 AM,10/26/2024 8:00:00 PM,SERC,WEST,EKPC,EKPC,1374.614,True
10/27/2024 1:00:00 AM,10/26/2024 9:00:00 PM,SERC,WEST,EKPC,EKPC,1336.673,True
10/27/2024 2:00:00 AM,10/26/2024 10:00:00 PM,SERC,WEST,EKPC,EKPC,1319.850,True
10/27/2024 3:00:00 AM,10/26/2024 11:00:00 PM,SERC,WEST,EKPC,EKPC,1270.727,True
10/27/2024 4:00:00 AM,10/27/2024 12:00:00 AM,SERC,WEST,EKPC,EKPC,1176.095,True
10/27/2024 5:00:00 AM,10/27/2024 1:00:00 AM,SERC,WEST,EKPC,EKPC,1131.931,True
10/27/2024 6:00:00 AM,10/27/2024 2:00:00 AM,SERC,WEST,EKPC,EKPC,1213.693,True
10/27/2024 7:00:00 AM,10/27/2024 3:00:00 AM,SERC,WEST,EKPC,EKPC,1259.240,True
10/27/2024 8:00:00 AM,10/27/2024 4:00:00 AM,SERC,WEST,EKPC,EKPC,1281.784,True
10/27/2024 9:00:00 AM,10/27/2024 5:00:00 AM,SERC,WEST,EKPC,EKPC,1303.230,True
10/27/2024 10:00:00 AM,10/27/2024 6:00:00 AM,SERC,WEST,EKPC,EKPC,1392.395,True
10/27/2024 11:00:00 AM,10/27/2024 7:00:00 AM,SERC,WEST,EKPC,EKPC,1443.286,True
10/27/2024 12:00:00 PM,10/27/2024 8:00:00 AM,SERC,WEST,EKPC,EKPC,1562.549,True
10/27/2024 1:00:00 PM,10/27/2024 9:00:00 AM,SERC,WEST,EKPC,EKPC,1570.292,True
10/27/2024 2:00:00 PM,10/27/2024 10:00:00 AM,SERC,WEST,EKPC,EKPC,1503.787,True
10/27/2024 3:00:00 PM,10/27/2024 11:00:00 AM,SERC,WEST,EKPC,EKPC,1414.618,True
10/27/2024 4:00:00 PM,10/27/2024 12:00:00 PM,SERC,WEST,EKPC,EKPC,1371.419,True
10/27/2024 5:00:00 PM,10/27/2024 1:00:00 PM,SERC,WEST,EKPC,EKPC,1306.662,True
10/27/2024 6:00:00 PM,10/27/2024 2:00:00 PM,SERC,WEST,EKPC,EKPC,1132.565,True
10/27/2024 7:00:00 PM,10/27/2024 3:00:00 PM,SERC,WEST,EKPC,EKPC,1228.254,True
10/27/2024 8:00:00 PM,10/27/2024 4:00:00 PM,SERC,WEST,EKPC,EKPC,1286.536,True
10/27/2024 9:00:00 PM,10/27/2024 5:00:00 PM,SERC,WEST,EKPC,EKPC,1379.321,True
10/27/2024 10:00:00 PM,10/27/2024 6:00:00 PM,SERC,WEST,EKPC,EKPC,1406.937,True
10/27/2024 11:00:00 PM,10/27/2024 7:00:00 PM,SERC,WEST,EKPC,EKPC,1486.752,True
10/28/2024 12:00:00 AM,10/27/2024 8:00:00 PM,SERC,WEST,EKPC,EKPC,1498.292,True
10/28/2024 1:00:00 AM,10/27/2024 9:00:00 PM,SERC,WEST,EKPC,EKPC,1438.609,True
10/28/2024 2:00:00 AM,10/27/2024 10:00:00 PM,SERC,WEST,EKPC,EKPC,1355.837,True
10/28/2024 3:00:00 AM,10/27/2024 11:00:00 PM,SERC,WEST,EKPC,EKPC,1201.986,True
10/28/2024 4:00:00 AM,10/28/2024 12:00:00 AM,SERC,WEST,EKPC,EKPC,1209.469,True
10/28/2024 5:00:00 AM,10/28/2024 1:00:00 AM,SERC,WEST,EKPC,EKPC,1272.502,True
10/28/2024 6:00:00 AM,10/28/2024 2:00:00 AM,SERC,WEST,EKPC,EKPC,1186.501,True
10/28/2024 7:00:00 AM,10/28/2024 3:00:00 AM,SERC,WEST,EKPC,EKPC,1291.572,True
10/28/2024 8:00:00 AM,10/28/2024 4:00:00 AM,SERC,WEST,EKPC,EKPC,1380.884,True
10/28/2024 9:00:00 AM,10/28/2024 5:00:00 AM,SERC,WEST,EKPC,EKPC,1490.523,True
10/28/2024 10:00:00 AM,10/28/2024 6:00:00 AM,SERC,WEST,EKPC,EKPC,1652.058,True
10/28/2024 11:00:00 AM,10/28/2024 7:00:00 AM,SERC,WEST,EKPC,EKPC,1697.353,True
10/28/2024 12:00:00 PM,10/28/2024 8:00:00 AM,SERC,WEST,EKPC,EKPC,1702.009,True
10/28/2024 1:00:00 PM,10/28/2024 9:00:00 AM,SERC,WEST,EKPC,EKPC,1655.818,True
10/28/2024 2:00:00 PM,10/28/2024 10:00:00 AM,SERC,WEST,EKPC,EKPC,1498.495,True
10/28/2024 3:00:00 PM,10/28/2024 11:00:00 AM,SERC,WEST,EKPC,EKPC,1456.957,True
10/28/2024 4:00:00 PM,10/28/2024 12:00:00 PM,SERC,WEST,EKPC,EKPC,1376.587,True
10/28/2024 5:00:00 PM,10/28/2024 1:00:00 PM,SERC,WEST,EKPC,EKPC,1383.456,True
10/28/2024 6:00:00 PM,10/28/2024 2:00:00 PM,SERC,WEST,EKPC,EKPC,1202.585,True
10/28/2024 7:00:00 PM,10/28/2024 3:00:00 PM,SERC,WEST,EKPC,EKPC,1192.690,True
10/28/2024 8:00:00 PM,10/28/2024 4:00:00 PM,SERC,WEST,EKPC,EKPC,1236.031,True
10/28/2024 9:00:00 PM,10/28/2024 5:00:00 PM,SERC,WEST,EKPC,EKPC,1380.845,True
10/28/2024 10:00:00 PM,10/28/2024 6:00:00 PM,SERC,WEST,EKPC,EKPC,1454.615,True
10/28/2024 11:00:00 PM,10/28/2024 7:00:00 PM,SERC,WEST,EKPC,EKPC,1467.481,True
10/29/2024 12:00:00 AM,10/28/2024 8:00:00 PM,SERC,WEST,EKPC,EKPC,1507.111,True
10/29/2024 1:00:00 AM,10/28/2024 9:00:00 PM,SERC,WEST,EKPC,EKPC,1365.898,True
10/29/2024 2:00:00 AM,10/28/2024 10:00:00 PM,SERC,WEST,EKPC,EKPC,1328.042,True
10/29/2024 3:00:00 AM,10/28/2024 11:00:00 PM,SERC,WEST,EKPC,EKPC,1096.033,True
10/29/2024 4:00:00 AM,10/29/2024 12:00:00 AM,SERC,WEST,EKPC,EKPC,1025.464,True
10/29/2024 5:00:00 AM,10/29/2024 1:00:00 AM,SERC,WEST,EKPC,EKPC,1013.753,True
10/29/2024 6:00:00 AM,10/29/2024 2:00:00 AM,SERC,WEST,EKPC,EKPC,1005.138,True
10/29/2024 7:00:00 AM,10/29/2024 3:00:00 AM,SERC,WEST,EKPC,EKPC,1013.014,True
10/29/2024 8:00:00 AM,10/29/2024 4:00:00 AM,SERC,WEST,EKPC,EKPC,1061.453,True
10/29/2024 9:00:00 AM,10/29/2024 5:00:00 AM,SERC,WEST,EKPC,EKPC,1221.900,True
10/29/2024 10:00:00 AM,10/29/2024 6:00:00 AM,SERC,WEST,EKPC,EKPC,1401.182,True
10/29/2024 11:00:00 AM,10/29/2024 7:00:00 AM,SERC,WEST,EKPC,EKPC,1424.934,True
10/29/2024 12:00:00 PM,10/29/2024 8:00:00 AM,SERC,WEST,EKPC,EKPC,1390.796,True
10/29/2024 1:00:00 PM,10/29/2024 9:00:00 AM,SERC,WEST,EKPC,EKPC,1411.742,True
10/29/2024 2:00:00 PM,10/29/2024 10:00:00 AM,SERC,WEST,EKPC,EKPC,1341.132,True
10/29/2024 3:00:00 PM,10/29/2024 11:00:00 AM,SERC,WEST,EKPC,EKPC,1373.513,True
10/29/2024 4:00:00 PM,10/29/2024 12:00:00 PM,SERC,WEST,EKPC,EKPC,1362.105,True
10/29/2024 5:00:00 PM,10/29/2024 1:00:00 PM,SERC,WEST,EKPC,EKPC,1336.163,True
10/29/2024 6:00:00 PM,10/29/2024 2:00:00 PM,SERC,WEST,EKPC,EKPC,1283.218,True
10/29/2024 7:00:00 PM,10/29/2024 3:00:00 PM,SERC,WEST,EKPC,EKPC,1335.386,True
10/29/2024 8:00:00 PM,10/29/2024 4:00:00 PM,SERC,WEST,EKPC,EKPC,1475.216,True
10/29/2024 9:00:00 PM,10/29/2024 5:00:00 PM,SERC,WEST,EKPC,EKPC,1566.053,True
10/29/2024 10:00:00 PM,10/29/2024 6:00:00 PM,SERC,WEST,EKPC,EKPC,1538.702,True
10/29/2024 11:00:00 PM,10/29/2024 7:00:00 PM,SERC,WEST,EKPC,EKPC,1558.143,True
10/30/2024 12:00:00 AM,10/29/2024 8:00:00 PM,SERC,WEST,EKPC,EKPC,1533.786,True
10/30/2024 1:00:00 AM,10/29/2024 9:00:00 PM,SERC,WEST,EKPC,EKPC,1443.365,True
10/30/2024 2:00:00 AM,10/29/2024 10:00:00 PM,SERC,WEST,EKPC,EKPC,1332.647,True
10/30/2024 3:00:00 AM,10/29/2024 11:00:00 PM,SERC,WEST,EKPC,EKPC,1218.139,True
10/30/2024 4:00:00 AM,10/30/2024 12:00:00 AM,SERC,WEST,EKPC,EKPC,1090.596,True
10/30/2024 5:00:00 AM,10/30/2024 1:00:00 AM,SERC,WEST,EKPC,EKPC,1138.819,True
10/30/2024 6:00:00 AM,10/30/2024 2:00:00 AM,SERC,WEST,EKPC,EKPC,1066.770,True
10/30/2024 7:00:00 AM,10/30/2024 3:00:00 AM,SERC,WEST,EKPC,EKPC,1004.444,True
10/30/2024 8:00:00 AM,10/30/2024 4:00:00 AM,SERC,WEST,EKPC,EKPC,1059.635,True
10/30/2024 9:00:00 AM,10/30/2024 5:00:00 AM,SERC,WEST,EKPC,EKPC,1065.978,True
10/30/2024 10:00:00 AM,10/30/2024 6:00:00 AM,SERC,WEST,EKPC,EKPC,1175.963,True
10/30/2024 11:00:00 AM,10/30/2024 7:00:00 AM,SERC,WEST,EKPC,EKPC,1232.853,True
10/30/2024 12:00:00 PM,10/30/2024 8:00:00 AM,SERC,WEST,EKPC,EKPC,1208.603,True
10/30/2024 1:00:00 PM,10/30/2024 9:00:00 AM,SERC,WEST,EKPC,EKPC,1212.762,True
10/30/2024 2:00:00 PM,10/30/2024 10:00:00 AM,SERC,WEST,EKPC,EKPC,1204.868,True
10/30/2024 3:00:00 PM,10/30/2024 11:00:00 AM,SERC,WEST,EKPC,EKPC,1191.427,True
10/30/2024 4:00:00 PM,10/30/2024 12:00:00 PM,SERC,WEST,EKPC,EKPC,1228.208,True
10/30/2024 5:00:00 PM,10/30/2024 1:00:00 PM,SERC,WEST,EKPC,EKPC,1321.605,True
10/30/2024 6:00:00 PM,10/30/2024 2:00:00 PM,SERC,WEST,EKPC,EKPC,1380.707,True
10/30/2024 7:00:00 PM,10/30/2024 3:00:00 PM,SERC,WEST,EKPC,EKPC,1379.112,True
10/30/2024 8:00:00 PM,10/30/2024 4:00:00 PM,SERC,WEST,EKPC,EKPC,1352.743,True
10/30/2024 9:00:00 PM,10/30/2024 5:00:00 PM,SERC,WEST,EKPC,EKPC,1389.564,True
10/30/2024 10:00:00 PM,10/30/2024 6:00:00 PM,SERC,WEST,EKPC,EKPC,1421.667,True
10/30/2024 11:00:00 PM,10/30/2024 7:00:00 PM,SERC,WEST,EKPC,EKPC,1556.595,True
10/31/2024 12:00:00 AM,10/30/2024 8:00:00 PM,SERC,WEST,EKPC,EKPC,1484.757,True
10/31/2024 1:00:00 AM,10/30/2024 9:00:00 PM,SERC,WEST,EKPC,EKPC,1482.531,True
10/31/2024 2:00:00 AM,10/30/2024 10:00:00 PM,SERC,WEST,EKPC,EKPC,1410.463,True
10/31/2024 3:00:00 AM,10/30/2024 11:00:00 PM,SERC,WEST,EKPC,EKPC,1275.451,True
10/31/2024 4:00:00 AM,10/31/2024 12:00:00 AM,SERC,WEST,EKPC,EKPC,1184.343,True
10/31/2024 5:00:00 AM,10/31/2024 1:00:00 AM,SERC,WEST,EKPC,EKPC,1018.175,True
10/31/2024 6:00:00 AM,10/31/2024 2:00:00 AM,SERC,WEST,EKPC,EKPC,974.808,True
10/31/2024 7:00:00 AM,10/31/2024 3:00:00 AM,SERC,WEST,EKPC,EKPC,1077.262,True
10/31/2024 8:00:00 AM,10/31/2024 4:00:00 AM,SERC,WEST,EKPC,EKPC,1119.186,True
10/31/2024 9:00:00 AM,10/31/2024 5:00:00 AM,SERC,WEST,EKPC,EKPC,1204.969,True
10/31/2024 10:00:00 AM,10/31/2024 6:00:00 AM,SERC,WEST,EKPC,EKPC,1285.366,True
10/31/2024 11:00:00 AM,10/31/2024 7:00:00 AM,SERC,WEST,EKPC,EKPC,1378.520,True
10/31/2024 12:00:00 PM,10/31/2024 8:00:00 AM,SERC,WEST,EKPC,EKPC,1376.213,True
10/31/2024 1:00:00 PM,10/31/2024 9:00:00 AM,SERC,WEST,EKPC,EKPC,1364.089,True
10/31/2024 2:00:00 PM,10/31/2024 10:00:00 AM,SERC,WEST,EKPC,EKPC,1396.798,True
10/31/2024 3:00:00 PM,10/31/2024 11:00:00 AM,SERC,WEST,EKPC,EKPC,1378.270,True
10/31/2024 4:00:00 PM,10/31/2024 12:00:00 PM,SERC,WEST,EKPC,EKPC,1448.638,True
10/31/2024 5:00:00 PM,10/31/2024 1:00:00 PM,SERC,WEST,EKPC,EKPC,1408.423,True
10/31/2024 6:00:00 PM,10/31/2024 2:00:00 PM,SERC,WEST,EKPC,EKPC,1324.742,True
10/31/2024 7:00:00 PM,10/31/2024 3:00:00 PM,SERC,WEST,EKPC,EKPC,1390.928,True
10/31/2024 8:00:00 PM,10/31/2024 4:00:00 PM,SERC,WEST,EKPC,EKPC,1472.321,True
10/31/2024 9:00:00 PM,10/31/2024 5:00:00 PM,SERC,WEST,EKPC,EKPC,1444.287,True
10/31/2024 10:00:00 PM,10/31/2024 6:00:00 PM,SERC,WEST,EKPC,EKPC,1413.926,True
10/31/2024 11:00:00 PM,10/31/2024 7:00:00 PM,SERC,WEST,EKPC,EKPC,1388.944,True
11/1/2024 12:00:00 AM,10/31/2024 8:00:00 PM,SERC,WEST,EKPC,EKPC,1428.216,True
11/1/2024 1:00:00 AM,10/31/2024 9:00:00 PM,SERC,WEST,EKPC,EKPC,1384.055,True
11/1/2024 2:00:00 AM,10/31/2024 10:00:00 PM,SERC,WEST,EKPC,EKPC,1310.798,True
11/1/2024 3:00:00 AM,10/31/2024 11:00:00 PM,SERC,WEST,EKPC,EKPC,1215.498,True
11/1/2024 4:00:00 AM,11/1/2024 12:00:00 AM,SERC,WEST,EKPC,EKPC,1145.157,True
11/1/2024 5:00:00 AM,11/1/2024 1:00:00 AM,SERC,WEST,EKPC,EKPC,1017.686,True
11/1/2024 6:00:00 AM,11/1/2024 2:00:00 AM,SERC,WEST,EKPC,EKPC,928.273,True
11/1/2024 7:00:00 AM,11/1/2024 3:00:00 AM,SERC,WEST,EKPC,EKPC,1059.523,True
11/1/2024 8:00:00 AM,11/1/2024 4:00:00 AM,SERC,WEST,EKPC,EKPC,1082.456,True
11/1/2024 9:00:00 AM,11/1/2024 5:00:00 AM,SERC,WEST,EKPC,EKPC,1130.611,True
11/1/2024 10:00:00 AM,11/1/2024 6:00:00 AM,SERC,WEST,EKPC,EKPC,1295.610,True
11/1/2024 11:00:00 AM,11/1/2024 7:00:00 AM,SERC,WEST,EKPC,EKPC,1332.548,True
11/1/2024 12:00:00 PM,11/1/2024 8:00:00 AM,SERC,WEST,EKPC,EKPC,1343.364,True
11/1/2024 1:00:00 PM,11/1/2024 9:00:00 AM,SERC,WEST,EKPC,EKPC,1335.326,True
11/1/2024 2:00:00 PM,11/1/2024 10:00:00 AM,SERC,WEST,EKPC,EKPC,1305.848,True
11/1/2024 3:00:00 PM,11/1/2024 11:00:00 AM,SERC,WEST,EKPC,EKPC,1287.259,True
11/1/2024 4:00:00 PM,11/1/2024 12:00:00 PM,SERC,WEST,EKPC,EKPC,1232.706,True
11/1/2024 5:00:00 PM,11/1/2024 1:00:00 PM,SERC,WEST,EKPC,EKPC,1284.791,True
11/1/2024 6:00:00 PM,11/1/2024 2:00:00 PM,SERC,WEST,EKPC,EKPC,1248.804,True
11/1/2024 7:00:00 PM,11/1/2024 3:00:00 PM,SERC,WEST,EKPC,EKPC,1313.445,True
11/1/2024 8:00:00 PM,11/1/2024 4:00:00 PM,SERC,WEST,EKPC,EKPC,1340.294,True
11/1/2024 9:00:00 PM,11/1/2024 5:00:00 PM,SERC,WEST,EKPC,EKPC,1378.594,True
11/1/2024 10:00:00 PM,11/1/2024 6:00:00 PM,SERC,WEST,EKPC,EKPC,1285.146,True
11/1/2024 11:00:00 PM,11/1/2024 7:00:00 PM,SERC,WEST,EKPC,EKPC,1291.015,True
11/2/2024 12:00:00 AM,11/1/2024 8:00:00 PM,SERC,WEST,EKPC,EKPC,1298.799,True
11/2/2024 1:00:00 AM,11/1/2024 9:00:00 PM,SERC,WEST,EKPC,EKPC,1226.642,True
11/2/2024 2:00:00 AM,11/1/2024 10:00:00 PM,SERC,WEST,EKPC,EKPC,1160.779,True
11/2/2024 3:00:00 AM,11/1/2024 11:00:00 PM,SERC,WEST,EKPC,EKPC,1116.080,True
11/2/2024 4:00:00 AM,11/2/2024 12:00:00 AM,SERC,WEST,EKPC,EKPC,1230.504,True
11/2/2024 5:00:00 AM,11/2/2024 1:00:00 AM,SERC,WEST,EKPC,EKPC,1196.799,True
11/2/2024 6:00:00 AM,11/2/2024 2:00:00 AM,SERC,WEST,EKPC,EKPC,1274.861,True
11/2/2024 7:00:00 AM,11/2/2024 3:00:00 AM,SERC,WEST,EKPC,EKPC,1246.928,True
11/2/2024 8:00:00 AM,11/2/2024 4:00:00 AM,SERC,WEST,EKPC,EKPC,1295.370,True
11/2/2024 9:00:00 AM,11/2/2024 5:00:00 AM,SERC,WEST,EKPC,EKPC,1303.573,True
11/2/2024 10:00:00 AM,11/2/2024 6:00:00 AM,SERC,WEST,EKPC,EKPC,1417.455,True
11/2/2024 11:00:00 AM,11/2/2024 7:00:00 AM,SERC,WEST,EKPC,EKPC,1454.821,True
11/2/2024 12:00:00 PM,11/2/2024 8:00:00 AM,SERC,WEST,EKPC,EKPC,1541.645,True
11/2/2024 1:00:00 PM,11/2/2024 9:00:00 AM,SERC,WEST,EKPC,EKPC,1525.974,True
11/2/2024 2:00:00 PM,11/2/2024 10:00:00 AM,SERC,WEST,EKPC,EKPC,1500.243,True
11/2/2024 3:00:00 PM,11/2/2024 11:00:00 AM,SERC,WEST,EKPC,EKPC,1414.009,True
11/2/2024 4:00:00 PM,11/2/2024 12:00:00 PM,SERC,WEST,EKPC,EKPC,1345.667,True
11/2/2024 5:00:00 PM,11/2/2024 1:00:00 PM,SERC,WEST,EKPC,EKPC,1272.550,True
11/2/2024 6:00:00 PM,11/2/2024 2:00:00 PM,SERC,WEST,EKPC,EKPC,1279.081,True
11/2/2024 7:00:00 PM,11/2/2024 3:00:00 PM,SERC,WEST,EKPC,EKPC,1274.837,True
11/2/2024 8:00:00 PM,11/2/2024 4:00:00 PM,SERC,WEST,EKPC,EKPC,1298.045,True
11/2/2024 9:00:00 PM,11/2/2024 5:00:00 PM,SERC,WEST,EKPC,EKPC,1303.670,True
11/2/2024 10:00:00 PM,11/2/2024 6:00:00 PM,SERC,WEST,EKPC,EKPC,1288.285,True
11/2/2024 11:00:00 PM,11/2/2024 7:00:00 PM,SERC,WEST,EKPC,EKPC,1375.714,True
11/3/2024 12:00:00 AM,11/2/2024 8:00:00 PM,SERC,WEST,EKPC,EKPC,1341.160,True
11/3/2024 1:00:00 AM,11/2/2024 9:00:00 PM,SERC,WEST,EKPC,EKPC,1326.816,True
11/3/2024 2:00:00 AM,11/2/2024 10:00:00 PM,SERC,WEST,EKPC,EKPC,1273.129,True
11/3/2024 3:00:00 AM,11/2/2024 11:00:00 PM,SERC,WEST,EKPC,EKPC,1232.926,True
11/3/2024 4:00:00 AM,11/3/2024 12:00:00 AM,SERC,WEST,EKPC,EKPC,1075.859,True
11/3/2024 5:00:00 AM,11/3/2024 1:00:00 AM,SERC,WEST,EKPC,EKPC,1083.259,True
11/3/2024 6:00:00 AM,11/3/2024 1:00:00 AM,SERC,WEST,EKPC,EKPC,1195.719,True
11/3/2024 7:00:00 AM,11/3/2024 2:00:00 AM,SERC,WEST,EKPC,EKPC,1260.684,True
11/3/2024 8:00:00 AM,11/3/2024 3:00:00 AM,SERC,WEST,EKPC,EKPC,1300.402,True
11/3/2024 9:00:00 AM,11/3/2024 4:00:00 AM,SERC,WEST,EKPC,EKPC,1336.127,True
11/3/2024 10:00:00 AM,11/3/2024 5:00:00 AM,SERC,WEST,EKPC,EKPC,1376.632,True
11/3/2024 11:00:00 AM,11/3/2024 6:00:00 AM,SERC,WEST,EKPC,EKPC,1404.759,True
11/3/2024 12:00:00 PM,11/3/2024 7:00:00 AM,SERC,WEST,EKPC,EKPC,1483.594,True
11/3/2024 1:00:00 PM,11/3/2024 8:00:00 AM,SERC,WEST,EKPC,EKPC,1457.978,True
11/3/2024 2:00:00 PM,11/3/2024 9:00:00 AM,SERC,WEST,EKPC,EKPC,1368.834,True
11/3/2024 3:00:00 PM,11/3/2024 10:00:00 AM,SERC,WEST,EKPC,EKPC,1269.951,True
11/3/2024 4:00:00 PM,11/3/2024 11:00:00 AM,SERC,WEST,EKPC,EKPC,1139.539,True
11/3/2024 5:00:00 PM,11/3/2024 12:00:00 PM,SERC,WEST,EKPC,EKPC,1180.322,True
11/3/2024 6:00:00 PM,11/3/2024 1:00:00 PM,SERC,WEST,EKPC,EKPC,1190.306,True
11/3/2024 7:00:00 PM,11/3/2024 2:00:00 PM,SERC,WEST,EKPC,EKPC,1250.641,True
11/3/2024 8:00:00 PM,11/3/2024 3:00:00 PM,SERC,WEST,EKPC,EKPC,1261.033,True
11/3/2024 9:00:00 PM,11/3/2024 4:00:00 PM,SERC,WEST,EKPC,EKPC,1305.677,True
11/3/2024 10:00:00 PM,11/3/2024 5:00:00 PM,SERC,WEST,EKPC,EKPC,1346.501,True
11/3/2024 11:00:00 PM,11/3/2024 6:00:00 PM,SERC,WEST,EKPC,EKPC,1446.384,True
11/4/2024 12:00:00 AM,11/3/2024 7:00:00 PM,SERC,WEST,EKPC,EKPC,1397.110,True
11/4/2024 1:00:00 AM,11/3/2024 8:00:00 PM,SERC,WEST,EKPC,EKPC,1305.563,True
11/4/2024 2:00:00 AM,11/3/2024 9:00:00 PM,SERC,WEST,EKPC,EKPC,1172.998,True
11/4/2024 3:00:00 AM,11/3/2024 10:00:00 PM,SERC,WEST,EKPC,EKPC,1194.180,True
11/4/2024 4:00:00 AM,11/3/2024 11:00:00 PM,SERC,WEST,EKPC,EKPC,1115.692,True
11/4/2024 5:00:00 AM,11/4/2024 12:00:00 AM,SERC,WEST,EKPC,EKPC,1049.293,True
11/4/2024 6:00:00 AM,11/4/2024 1:00:00 AM,SERC,WEST,EKPC,EKPC,1100.997,True
11/4/2024 7:00:00 AM,11/4/2024 2:00:00 AM,SERC,WEST,EKPC,EKPC,1071.493,True
11/4/2024 8:00:00 AM,11/4/2024 3:00:00 AM,SERC,WEST,EKPC,EKPC,1079.143,True
11/4/2024 9:00:00 AM,11/4/2024 4:00:00 AM,SERC,WEST,EKPC,EKPC,1105.333,True
11/4/2024 10:00:00 AM,11/4/2024 5:00:00 AM,SERC,WEST,EKPC,EKPC,1198.505,True
11/4/2024 11:00:00 AM,11/4/2024 6:00:00 AM,SERC,WEST,EKPC,EKPC,1302.807,True
11/4/2024 12:00:00 PM,11/4/2024 7:00:00 AM,SERC,WEST,EKPC,EKPC,1348.631,True
11/4/2024 1:00:00 PM,11/4/2024 8:00:00 AM,SERC,WEST,EKPC,EKPC,1311.337,True
11/4/2024 2:00:00 PM,11/4/2024 9:00:00 AM,SERC,WEST,EKPC,EKPC,1250.182,True
11/4/2024 3:00:00 PM,11/4/2024 10:00:00 AM,SERC,WEST,EKPC,EKPC,1277.048,True
11/4/2024 4:00:00 PM,11/4/2024 11:00:00 AM,SERC,WEST,EKPC,EKPC,1229.113,True
11/4/2024 5:00:00 PM,11/4/2024 12:00:00 PM,SERC,WEST,EKPC,EKPC,1299.789,True
11/4/2024 6:00:00 PM,11/4/2024 1:00:00 PM,SERC,WEST,EKPC,EKPC,1389.135,True
11/4/2024 7:00:00 PM,11/4/2024 2:00:00 PM,SERC,WEST,EKPC,EKPC,1465.837,True
11/4/2024 8:00:00 PM,11/4/2024 3:00:00 PM,SERC,WEST,EKPC,EKPC,1472.473,True
11/4/2024 9:00:00 PM,11/4/2024 4:00:00 PM,SERC,WEST,EKPC,EKPC,1463.580,True
11/4/2024 10:00:00 PM,11/4/2024 5:00:00 PM,SERC,WEST,EKPC,EKPC,1512.592,True
11/4/2024 11:00:00 PM,11/4/2024 6:00:00 PM,SERC,WEST,EKPC,EKPC,1585.922,True
11/5/2024 12:00:00 AM,11/4/2024 7:00:00 PM,SERC,WEST,EKPC,EKPC,1507.661,True
11/5/2024 1:00:00 AM,11/4/2024 8:00:00 PM,SERC,WEST,EKPC,EKPC,1419.296,True
11/5/2024 2:00:00 AM,11/4/2024 9:00:00 PM,SERC,WEST,EKPC,EKPC,1265.324,True
11/5/2024 3:00:00 AM,11/4/2024 10:00:00 PM,SERC,WEST,EKPC,EKPC,1151.517,True
11/5/2024 4:00:00 AM,11/4/2024 11:00:00 PM,SERC,WEST,EKPC,EKPC,1073.387,True
11/5/2024 5:00:00 AM,11/5/2024 12:00:00 AM,SERC,WEST,EKPC,EKPC,1022.835,True
11/5/2024 6:00:00 AM,11/5/2024 1:00:00 AM,SERC,WEST,EKPC,EKPC,985.623,True
11/5/2024 7:00:00 AM,11/5/2024 2:00:00 AM,SERC,WEST,EKPC,EKPC,1025.066,True
11/5/2024 8:00:00 AM,11/5/2024 3:00:00 AM,SERC,WEST,EKPC,EKPC,1050.863,True
11/5/2024 9:00:00 AM,11/5/2024 4:00:00 AM,SERC,WEST,EKPC,EKPC,1090.819,True
11/5/2024 10:00:00 AM,11/5/2024 5:00:00 AM,SERC,WEST,EKPC,EKPC,1179.568,True
11/5/2024 11:00:00 AM,11/5/2024 6:00:00 AM,SERC,WEST,EKPC,EKPC,1272.127,True
11/5/2024 12:00:00 PM,11/5/2024 7:00:00 AM,SERC,WEST,EKPC,EKPC,1321.536,True
11/5/2024 1:00:00 PM,11/5/2024 8:00:00 AM,SERC,WEST,EKPC,EKPC,1351.133,True
11/5/2024 2:00:00 PM,11/5/2024 9:00:00 AM,SERC,WEST,EKPC,EKPC,1356.762,True
11/5/2024 3:00:00 PM,11/5/2024 10:00:00 AM,SERC,WEST,EKPC,EKPC,1349.889,True
11/5/2024 4:00:00 PM,11/5/2024 11:00:00 AM,SERC,WEST,EKPC,EKPC,1455.852,True
11/5/2024 5:00:00 PM,11/5/2024 12:00:00 PM,SERC,WEST,EKPC,EKPC,1476.903,True
11/5/2024 6:00:00 PM,11/5/2024 1:00:00 PM,SERC,WEST,EKPC,EKPC,1524.089,True
11/5/2024 7:00:00 PM,11/5/2024 2:00:00 PM,SERC,WEST,EKPC,EKPC,1522.148,True
11/5/2024 8:00:00 PM,11/5/2024 3:00:00 PM,SERC,WEST,EKPC,EKPC,1511.733,True
11/5/2024 9:00:00 PM,11/5/2024 4:00:00 PM,SERC,WEST,EKPC,EKPC,1506.629,True
11/5/2024 10:00:00 PM,11/5/2024 5:00:00 PM,SERC,WEST,EKPC,EKPC,1574.570,True
11/5/2024 11:00:00 PM,11/5/2024 6:00:00 PM,SERC,WEST,EKPC,EKPC,1608.887,True
11/6/2024 12:00:00 AM,11/5/2024 7:00:00 PM,SERC,WEST,EKPC,EKPC,1540.905,True
11/6/2024 1:00:00 AM,11/5/2024 8:00:00 PM,SERC,WEST,EKPC,EKPC,1537.997,True
11/6/2024 2:00:00 AM,11/5/2024 9:00:00 PM,SERC,WEST,EKPC,EKPC,1428.945,True
11/6/2024 3:00:00 AM,11/5/2024 10:00:00 PM,SERC,WEST,EKPC,EKPC,1317.629,True
11/6/2024 4:00:00 AM,11/5/2024 11:00:00 PM,SERC,WEST,EKPC,EKPC,1155.648,True
11/6/2024 5:00:00 AM,11/6/2024 12:00:00 AM,SERC,WEST,EKPC,EKPC,1120.592,True
11/6/2024 6:00:00 AM,11/6/2024 1:00:00 AM,SERC,WEST,EKPC,EKPC,1054.479,True
11/6/2024 7:00:00 AM,11/6/2024 2:00:00 AM,SERC,WEST,EKPC,EKPC,1056.296,True
11/6/2024 8:00:00 AM,11/6/2024 3:00:00 AM,SERC,WEST,EKPC,EKPC,1160.155,True
11/6/2024 9:00:00 AM,11/6/2024 4:00:00 AM,SERC,WEST,EKPC,EKPC,1110.592,True
11/6/2024 10:00:00 AM,11/6/2024 5:00:00 AM,SERC,WEST,EKPC,EKPC,1170.035,True
11/6/2024 11:00:00 AM,11/6/2024 6:00:00 AM,SERC,WEST,EKPC,EKPC,1263.468,True
11/6/2024 12:00:00 PM,11/6/2024 7:00:00 AM,SERC,WEST,EKPC,EKPC,1337.033,True
11/6/2024 1:00:00 PM,11/6/2024 8:00:00 AM,SERC,WEST,EKPC,EKPC,1363.327,True
11/6/2024 2:00:00 PM,11/6/2024 9:00:00 AM,SERC,WEST,EKPC,EKPC,1357.069,True
11/6/2024 3:00:00 PM,11/6/2024 10:00:00 AM,SERC,WEST,EKPC,EKPC,1381.582,True
11/6/2024 4:00:00 PM,11/6/2024 11:00:00 AM,SERC,WEST,EKPC,EKPC,1339.141,True
11/6/2024 5:00:00 PM,11/6/2024 12:00:00 PM,SERC,WEST,EKPC,EKPC,1383.898,True
11/6/2024 6:00:00 PM,11/6/2024 1:00:00 PM,SERC,WEST,EKPC,EKPC,1400.369,True
11/6/2024 7:00:00 PM,11/6/2024 2:00:00 PM,SERC,WEST,EKPC,EKPC,1405.192,True
11/6/2024 8:00:00 PM,11/6/2024 3:00:00 PM,SERC,WEST,EKPC,EKPC,1424.468,True
11/6/2024 9:00:00 PM,11/6/2024 4:00:00 PM,SERC,WEST,EKPC,EKPC,1474.586,True
11/6/2024 10:00:00 PM,11/6/2024 5:00:00 PM,SERC,WEST,EKPC,EKPC,1426.538,True
11/6/2024 11:00:00 PM,11/6/2024 6:00:00 PM,SERC,WEST,EKPC,EKPC,1472.006,True
11/7/2024 12:00:00 AM,11/6/2024 7:00:00 PM,SERC,WEST,EKPC,EKPC,1477.733,True
11/7/2024 1:00:00 AM,11/6/2024 8:00:00 PM,SERC,WEST,EKPC,EKPC,1437.384,True
11/7/2024 2:00:00 AM,11/6/2024 9:00:00 PM,SERC,WEST,EKPC,EKPC,1350.212,True
11/7/2024 3:00:00 AM,11/6/2024 10:00:00 PM,SERC,WEST,EKPC,EKPC,1308.449,True
11/7/2024 4:00:00 AM,11/6/2024 11:00:00 PM,SERC,WEST,EKPC,EKPC,1138.947,True
11/7/2024 5:00:00 AM,11/7/2024 12:00:00 AM,SERC,WEST,EKPC,EKPC,1146.701,True
11/7/2024 6:00:00 AM,11/7/2024 1:00:00 AM,SERC,WEST,EKPC,EKPC,1121.056,True
11/7/2024 7:00:00 AM,11/7/2024 2:00:00 AM,SERC,WEST,EKPC,EKPC,1085.322,True
11/7/2024 8:00:00 AM,11/7/2024 3:00:00 AM,SERC,WEST,EKPC,EKPC,1038.853,True
11/7/2024 9:00:00 AM,11/7/2024 4:00:00 AM,SERC,WEST,EKPC,EKPC,1049.002,True
11/7/2024 10:00:00 AM,11/7/2024 5:00:00 AM,SERC,WEST,EKPC,EKPC,1060.380,True
11/7/2024 11:00:00 AM,11/7/2024 6:00:00 AM,SERC,WEST,EKPC,EKPC,1171.747,True
11/7/2024 12:00:00 PM,11/7/2024 7:00:00 AM,SERC,WEST,EKPC,EKPC,1198.942,True
11/7/2024 1:00:00 PM,11/7/2024 8:00:00 AM,SERC,WEST,EKPC,EKPC,1191.888,True
11/7/2024 2:00:00 PM,11/7/2024 9:00:00 AM,SERC,WEST,EKPC,EKPC,1214.225,True
11/7/2024 3:00:00 PM,11/7/2024 10:00:00 AM,SERC,WEST,EKPC,EKPC,1209.458,True
11/7/2024 4:00:00 PM,11/7/2024 11:00:00 AM,SERC,WEST,EKPC,EKPC,1210.180,True
11/7/2024 5:00:00 PM,11/7/2024 12:00:00 PM,SERC,WEST,EKPC,EKPC,1225.435,True
11/7/2024 6:00:00 PM,11/7/2024 1:00:00 PM,SERC,WEST,EKPC,EKPC,1224.792,True
11/7/2024 7:00:00 PM,11/7/2024 2:00:00 PM,SERC,WEST,EKPC,EKPC,1220.433,True
11/7/2024 8:00:00 PM,11/7/2024 3:00:00 PM,SERC,WEST,EKPC,EKPC,1221.899,True
11/7/2024 9:00:00 PM,11/7/2024 4:00:00 PM,SERC,WEST,EKPC,EKPC,1292.018,True
11/7/2024 10:00:00 PM,11/7/2024 5:00:00 PM,SERC,WEST,EKPC,EKPC,1364.064,True
11/7/2024 11:00:00 PM,11/7/2024 6:00:00 PM,SERC,WEST,EKPC,EKPC,1413.256,True
11/8/2024 12:00:00 AM,11/7/2024 7:00:00 PM,SERC,WEST,EKPC,EKPC,1345.127,True
11/8/2024 1:00:00 AM,11/7/2024 8:00:00 PM,SERC,WEST,EKPC,EKPC,1307.179,True
11/8/2024 2:00:00 AM,11/7/2024 9:00:00 PM,SERC,WEST,EKPC,EKPC,1312.627,True
11/8/2024 3:00:00 AM,11/7/2024 10:00:00 PM,SERC,WEST,EKPC,EKPC,1208.738,True
11/8/2024 4:00:00 AM,11/7/2024 11:00:00 PM,SERC,WEST,EKPC,EKPC,1156.633,True
11/8/2024 5:00:00 AM,11/8/2024 12:00:00 AM,SERC,WEST,EKPC,EKPC,1044.351,True
11/8/2024 6:00:00 AM,11/8/2024 1:00:00 AM,SERC,WEST,EKPC,EKPC,1153.758,True
11/8/2024 7:00:00 AM,11/8/2024 2:00:00 AM,SERC,WEST,EKPC,EKPC,1132.818,True
11/8/2024 8:00:00 AM,11/8/2024 3:00:00 AM,SERC,WEST,EKPC,EKPC,1089.093,True
11/8/2024 9:00:00 AM,11/8/2024 4:00:00 AM,SERC,WEST,EKPC,EKPC,1110.643,True
11/8/2024 10:00:00 AM,11/8/2024 5:00:00 AM,SERC,WEST,EKPC,EKPC,1218.044,True
11/8/2024 11:00:00 AM,11/8/2024 6:00:00 AM,SERC,WEST,EKPC,EKPC,1346.520,True
11/8/2024 12:00:00 PM,11/8/2024 7:00:00 AM,SERC,WEST,EKPC,EKPC,1435.632,True
11/8/2024 1:00:00 PM,11/8/2024 8:00:00 AM,SERC,WEST,EKPC,EKPC,1413.752,True
11/8/2024 2:00:00 PM,11/8/2024 9:00:00 AM,SERC,WEST,EKPC,EKPC,1394.714,True
11/8/2024 3:00:00 PM,11/8/2024 10:00:00 AM,SERC,WEST,EKPC,EKPC,1309.177,True
11/8/2024 4:00:00 PM,11/8/2024 11:00:00 AM,SERC,WEST,EKPC,EKPC,1308.449,True
11/8/2024 5:00:00 PM,11/8/2024 12:00:00 PM,SERC,WEST,EKPC,EKPC,1296.847,True
11/8/2024 6:00:00 PM,11/8/2024 1:00:00 PM,SERC,WEST,EKPC,EKPC,1276.750,True
11/8/2024 7:00:00 PM,11/8/2024 2:00:00 PM,SERC,WEST,EKPC,EKPC,1275.139,True
11/8/2024 8:00:00 PM,11/8/2024 3:00:00 PM,SERC,WEST,EKPC,EKPC,1239.126,True
11/8/2024 9:00:00 PM,11/8/2024 4:00:00 PM,SERC,WEST,EKPC,EKPC,1335.434,True
11/8/2024 10:00:00 PM,11/8/2024 5:00:00 PM,SERC,WEST,EKPC,EKPC,1390.731,True
11/8/2024 11:00:00 PM,11/8/2024 6:00:00 PM,SERC,WEST,EKPC,EKPC,1298.603,True
11/9/2024 12:00:00 AM,11/8/2024 7:00:00 PM,SERC,WEST,EKPC,EKPC,1346.591,True
11/9/2024 1:00:00 AM,11/8/2024 8:00:00 PM,SERC,WEST,EKPC,EKPC,1408.601,True
11/9/2024 2:00:00 AM,11/8/2024 9:00:00 PM,SERC,WEST,EKPC,EKPC,1297.746,True
11/9/2024 3:00:00 AM,11/8/2024 10:00:00 PM,SERC,WEST,EKPC,EKPC,1160.969,True
11/9/2024 4:00:00 AM,11/8/2024 11:00:00 PM,SERC,WEST,EKPC,EKPC,1229.242,True
11/9/2024 5:00:00 AM,11/9/2024 12:00:00 AM,SERC,WEST,EKPC,EKPC,1234.185,True
11/9/2024 6:00:00 AM,11/9/2024 1:00:00 AM,SERC,WEST,EKPC,EKPC,1193.829,True
11/9/2024 7:00:00 AM,11/9/2024 2:00:00 AM,SERC,WEST,EKPC,EKPC,1140.587,True
11/9/2024 8:00:00 AM,11/9/2024 3:00:00 AM,SERC,WEST,EKPC,EKPC,1148.562,True
11/9/2024 9:00:00 AM,11/9/2024 4:00:00 AM,SERC,WEST,EKPC,EKPC,1168.848,True
11/9/2024 10:00:00 AM,11/9/2024 5:00:00 AM,SERC,WEST,EKPC,EKPC,1226.935,True
11/9/2024 11:00:00 AM,11/9/2024 6:00:00 AM,SERC,WEST,EKPC,EKPC,1296.176,True
11/9/2024 12:00:00 PM,11/9/2024 7:00:00 AM,SERC,WEST,EKPC,EKPC,1395.443,True
11/9/2024 1:00:00 PM,11/9/2024 8:00:00 AM,SERC,WEST,EKPC,EKPC,1438.061,True
11/9/2024 2:00:00 PM,11/9/2024 9:00:00 AM,SERC,WEST,EKPC,EKPC,1451.263,True
11/9/2024 3:00:00 PM,11/9/2024 10:00:00 AM,SERC,WEST,EKPC,EKPC,1428.324,True
11/9/2024 4:00:00 PM,11/9/2024 11:00:00 AM,SERC,WEST,EKPC,EKPC,1397.813,True
11/9/2024 5:00:00 PM,11/9/2024 12:00:00 PM,SERC,WEST,EKPC,EKPC,1362.205,True
11/9/2024 6:00:00 PM,11/9/2024 1:00:00 PM,SERC,WEST,EKPC,EKPC,1296.848,True
11/9/2024 7:00:00 PM,11/9/2024 2:00:00 PM,SERC,WEST,EKPC,EKPC,1299.570,True
11/9/2024 8:00:00 PM,11/9/2024 3:00:00 PM,SERC,WEST,EKPC,EKPC,1366.847,True
11/9/2024 9:00:00 PM,11/9/2024 4:00:00 PM,SERC,WEST,EKPC,EKPC,1316.780,True
11/9/2024 10:00:00 PM,11/9/2024 5:00:00 PM,SERC,WEST,EKPC,EKPC,1380.917,True
11/9/2024 11:00:00 PM,11/9/2024 6:00:00 PM,SERC,WEST,EKPC,EKPC,1420.836,True
11/10/2024 12:00:00 AM,11/9/2024 7:00:00 PM,SERC,WEST,EKPC,EKPC,1407.340,True
11/10/2024 1:00:00 AM,11/9/2024 8:00:00 PM,SERC,WEST,EKPC,EKPC,1362.974,True
11/10/2024 2:00:00 AM,11/9/2024 9:00:00 PM,SERC,WEST,EKPC,EKPC,1250.838,True
11/10/2024 3:00:00 AM,11/9/2024 10:00:00 PM,SERC,WEST,EKPC,EKPC,1134.263,True
11/10/2024 4:00:00 AM,11/9/2024 11:00:00 PM,SERC,WEST,EKPC,EKPC,1220.674,True
11/10/2024 5:00:00 AM,11/10/2024 12:00:00 AM,SERC,WEST,EKPC,EKPC,1185.876,True
11/10/2024 6:00:00 AM,11/10/2024 1:00:00 AM,SERC,WEST,EKPC,EKPC,1144.355,True
11/10/2024 7:00:00 AM,11/10/2024 2:00:00 AM,SERC,WEST,EKPC,EKPC,1113.907,True
11/10/2024 8:00:00 AM,11/10/2024 3:00:00 AM,SERC,WEST,EKPC,EKPC,1077.186,True
11/10/2024 9:00:00 AM,11/10/2024 4:00:00 AM,SERC,WEST,EKPC,EKPC,1114.469,True
11/10/2024 10:00:00 AM,11/10/2024 5:00:00 AM,SERC,WEST,EKPC,EKPC,1148.187,True
11/10/2024 11:00:00 AM,11/10/2024 6:00:00 AM,SERC,WEST,EKPC,EKPC,1163.689,True
11/10/2024 12:00:00 PM,11/10/2024 7:00:00 AM,SERC,WEST,EKPC,EKPC,1215.558,True
11/10/2024 1:00:00 PM,11/10/2024 8:00:00 AM,SERC,WEST,EKPC,EKPC,1306.057,True
11/10/2024 2:00:00 PM,11/10/2024 9:00:00 AM,SERC,WEST,EKPC,EKPC,1331.138,True
11/10/2024 3:00:00 PM,11/10/2024 10:00:00 AM,SERC,WEST,EKPC,EKPC,1342.965,True
11/10/2024 4:00:00 PM,11/10/2024 11:00:00 AM,SERC,WEST,EKPC,EKPC,1372.294,True
11/10/2024 5:00:00 PM,11/10/2024 12:00:00 PM,SERC,WEST,EKPC,EKPC,1384.092,True
11/10/2024 6:00:00 PM,11/10/2024 1:00:00 PM,SERC,WEST,EKPC,EKPC,1245.761,True
11/10/2024 7:00:00 PM,11/10/2024 2:00:00 PM,SERC,WEST,EKPC,EKPC,1408.875,True
11/10/2024 8:00:00 PM,11/10/2024 3:00:00 PM,SERC,WEST,EKPC,EKPC,1415.734,True
11/10/2024 9:00:00 PM,11/10/2024 4:00:00 PM,SERC,WEST,EKPC,EKPC,1454.176,True
11/10/2024 10:00:00 PM,11/10/2024 5:00:00 PM,SERC,WEST,EKPC,EKPC,1471.861,True
11/10/2024 11:00:00 PM,11/10/2024 6:00:00 PM,SERC,WEST,EKPC,EKPC,1500.464,True
11/11/2024 12:00:00 AM,11/10/2024 7:00:00 PM,SERC,WEST,EKPC,EKPC,1477.394,True
11/11/2024 1:00:00 AM,11/10/2024 8:00:00 PM,SERC,WEST,EKPC,EKPC,1456.368,True
11/11/2024 2:00:00 AM,11/10/2024 9:00:00 PM,SERC,WEST,EKPC,EKPC,1347.598,True
11/11/2024 3:00:00 AM,11/10/2024 10:00:00 PM,SERC,WEST,EKPC,EKPC,1267.664,True
11/11/2024 4:00:00 AM,11/10/2024 11:00:00 PM,SERC,WEST,EKPC,EKPC,1097.122,True
11/11/2024 5:00:00 AM,11/11/2024 12:00:00 AM,SERC,WEST,EKPC,EKPC,1066.373,True
11/11/2024 6:00:00 AM,11/11/2024 1:00:00 AM,SERC,WEST,EKPC,EKPC,1122.437,True
11/11/2024 7:00:00 AM,11/11/2024 2:00:00 AM,SERC,WEST,EKPC,EKPC,1081.043,True
11/11/2024 8:00:00 AM,11/11/2024 3:00:00 AM,SERC,WEST,EKPC,EKPC,1100.541,True
11/11/2024 9:00:00 AM,11/11/2024 4:00:00 AM,SERC,WEST,EKPC,EKPC,1172.262,True
11/11/2024 10:00:00 AM,11/11/2024 5:00:00 AM,SERC,WEST,EKPC,EKPC,1179.925,True
11/11/2024 11:00:00 AM,11/11/2024 6:00:00 AM,SERC,WEST,EKPC,EKPC,1335.830,True
11/11/2024 12:00:00 PM,11/11/2024 7:00:00 AM,SERC,WEST,EKPC,EKPC,1438.198,True
11/11/2024 1:00:00 PM,11/11/2024 8:00:00 AM,SERC,WEST,EKPC,EKPC,1432.658,True
11/11/2024 2:00:00 PM,11/11/2024 9:00:00 AM,SERC,WEST,EKPC,EKPC,1421.774,True
11/11/2024 3:00:00 PM,11/11/2024 10:00:00 AM,SERC,WEST,EKPC,EKPC,1367.302,True
11/11/2024 4:00:00 PM,11/11/2024 11:00:00 AM,SERC,WEST,EKPC,EKPC,1288.476,True
11/11/2024 5:00:00 PM,11/11/2024 12:00:00 PM,SERC,WEST,EKPC,EKPC,1356.010,True
11/11/2024 6:00:00 PM,11/11/2024 1:00:00 PM,SERC,WEST,EKPC,EKPC,1384.113,True
11/11/2024 7:00:00 PM,11/11/2024 2:00:00 PM,SERC,WEST,EKPC,EKPC,1347.828,True
11/11/2024 8:00:00 PM,11/11/2024 3:00:00 PM,SERC,WEST,EKPC,EKPC,1439.391,True
11/11/2024 9:00:00 PM,11/11/2024 4:00:00 PM,SERC,WEST,EKPC,EKPC,1485.568,True
11/11/2024 10:00:00 PM,11/11/2024 5:00:00 PM,SERC,WEST,EKPC,EKPC,1494.468,True
11/11/2024 11:00:00 PM,11/11/2024 6:00:00 PM,SERC,WEST,EKPC,EKPC,1522.611,True
11/12/2024 12:00:00 AM,11/11/2024 7:00:00 PM,SERC,WEST,EKPC,EKPC,1543.740,True
11/12/2024 1:00:00 AM,11/11/2024 8:00:00 PM,SERC,WEST,EKPC,EKPC,1513.685,True
11/12/2024 2:00:00 AM,11/11/2024 9:00:00 PM,SERC,WEST,EKPC,EKPC,1445.514,True
11/12/2024 3:00:00 AM,11/11/2024 10:00:00 PM,SERC,WEST,EKPC,EKPC,1372.319,True
11/12/2024 4:00:00 AM,11/11/2024 11:00:00 PM,SERC,WEST,EKPC,EKPC,1297.053,True
11/12/2024 5:00:00 AM,11/12/2024 12:00:00 AM,SERC,WEST,EKPC,EKPC,1249.893,True
11/12/2024 6:00:00 AM,11/12/2024 1:00:00 AM,SERC,WEST,EKPC,EKPC,1317.317,True
11/12/2024 7:00:00 AM,11/12/2024 2:00:00 AM,SERC,WEST,EKPC,EKPC,1239.790,True
11/12/2024 8:00:00 AM,11/12/2024 3:00:00 AM,SERC,WEST,EKPC,EKPC,1179.749,True
11/12/2024 9:00:00 AM,11/12/2024 4:00:00 AM,SERC,WEST,EKPC,EKPC,1227.929,True
11/12/2024 10:00:00 AM,11/12/2024 5:00:00 AM,SERC,WEST,EKPC,EKPC,1373.304,True
11/12/2024 11:00:00 AM,11/12/2024 6:00:00 AM,SERC,WEST,EKPC,EKPC,1643.581,True
11/12/2024 12:00:00 PM,11/12/2024 7:00:00 AM,SERC,WEST,EKPC,EKPC,1711.856,True
11/12/2024 1:00:00 PM,11/12/2024 8:00:00 AM,SERC,WEST,EKPC,EKPC,1648.554,True
11/12/2024 2:00:00 PM,11/12/2024 9:00:00 AM,SERC,WEST,EKPC,EKPC,1557.109,True
11/12/2024 3:00:00 PM,11/12/2024 10:00:00 AM,SERC,WEST,EKPC,EKPC,1524.105,True
11/12/2024 4:00:00 PM,11/12/2024 11:00:00 AM,SERC,WEST,EKPC,EKPC,1440.052,True
11/12/2024 5:00:00 PM,11/12/2024 12:00:00 PM,SERC,WEST,EKPC,EKPC,1387.007,True
11/12/2024 6:00:00 PM,11/12/2024 1:00:00 PM,SERC,WEST,EKPC,EKPC,1262.608,True
11/12/2024 7:00:00 PM,11/12/2024 2:00:00 PM,SERC,WEST,EKPC,EKPC,1357.158,True
11/12/2024 8:00:00 PM,11/12/2024 3:00:00 PM,SERC,WEST,EKPC,EKPC,1315.826,True
11/12/2024 9:00:00 PM,11/12/2024 4:00:00 PM,SERC,WEST,EKPC,EKPC,1431.400,True
11/12/2024 10:00:00 PM,11/12/2024 5:00:00 PM,SERC,WEST,EKPC,EKPC,1511.763,True
11/12/2024 11:00:00 PM,11/12/2024 6:00:00 PM,SERC,WEST,EKPC,EKPC,1629.747,True
11/13/2024 12:00:00 AM,11/12/2024 7:00:00 PM,SERC,WEST,EKPC,EKPC,1628.905,True
11/13/2024 1:00:00 AM,11/12/2024 8:00:00 PM,SERC,WEST,EKPC,EKPC,1620.373,True
11/13/2024 2:00:00 AM,11/12/2024 9:00:00 PM,SERC,WEST,EKPC,EKPC,1531.097,True
11/13/2024 3:00:00 AM,11/12/2024 10:00:00 PM,SERC,WEST,EKPC,EKPC,1561.034,True
11/13/2024 4:00:00 AM,11/12/2024 11:00:00 PM,SERC,WEST,EKPC,EKPC,1492.933,True
11/13/2024 5:00:00 AM,11/13/2024 12:00:00 AM,SERC,WEST,EKPC,EKPC,1474.409,True
11/13/2024 6:00:00 AM,11/13/2024 1:00:00 AM,SERC,WEST,EKPC,EKPC,1478.953,True
11/13/2024 7:00:00 AM,11/13/2024 2:00:00 AM,SERC,WEST,EKPC,EKPC,1483.964,True
11/13/2024 8:00:00 AM,11/13/2024 3:00:00 AM,SERC,WEST,EKPC,EKPC,1461.841,True
11/13/2024 9:00:00 AM,11/13/2024 4:00:00 AM,SERC,WEST,EKPC,EKPC,1420.131,True
11/13/2024 10:00:00 AM,11/13/2024 5:00:00 AM,SERC,WEST,EKPC,EKPC,1509.397,True
11/13/2024 11:00:00 AM,11/13/2024 6:00:00 AM,SERC,WEST,EKPC,EKPC,1659.859,True
11/13/2024 12:00:00 PM,11/13/2024 7:00:00 AM,SERC,WEST,EKPC,EKPC,1672.161,True
11/13/2024 1:00:00 PM,11/13/2024 8:00:00 AM,SERC,WEST,EKPC,EKPC,1585.961,True
11/13/2024 2:00:00 PM,11/13/2024 9:00:00 AM,SERC,WEST,EKPC,EKPC,1477.909,True
11/13/2024 3:00:00 PM,11/13/2024 10:00:00 AM,SERC,WEST,EKPC,EKPC,1339.681,True
11/13/2024 4:00:00 PM,11/13/2024 11:00:00 AM,SERC,WEST,EKPC,EKPC,1263.438,True
11/13/2024 5:00:00 PM,11/13/2024 12:00:00 PM,SERC,WEST,EKPC,EKPC,1261.598,True
11/13/2024 6:00:00 PM,11/13/2024 1:00:00 PM,SERC,WEST,EKPC,EKPC,1272.522,True
11/13/2024 7:00:00 PM,11/13/2024 2:00:00 PM,SERC,WEST,EKPC,EKPC,1316.769,True
11/13/2024 8:00:00 PM,11/13/2024 3:00:00 PM,SERC,WEST,EKPC,EKPC,1347.167,True
11/13/2024 9:00:00 PM,11/13/2024 4:00:00 PM,SERC,WEST,EKPC,EKPC,1318.019,True
11/13/2024 10:00:00 PM,11/13/2024 5:00:00 PM,SERC,WEST,EKPC,EKPC,1426.555,True
11/13/2024 11:00:00 PM,11/13/2024 6:00:00 PM,SERC,WEST,EKPC,EKPC,1540.061,True
11/14/2024 12:00:00 AM,11/13/2024 7:00:00 PM,SERC,WEST,EKPC,EKPC,1502.833,True
11/14/2024 1:00:00 AM,11/13/2024 8:00:00 PM,SERC,WEST,EKPC,EKPC,1483.910,True
11/14/2024 2:00:00 AM,11/13/2024 9:00:00 PM,SERC,WEST,EKPC,EKPC,1489.649,True
11/14/2024 3:00:00 AM,11/13/2024 10:00:00 PM,SERC,WEST,EKPC,EKPC,1424.469,True
11/14/2024 4:00:00 AM,11/13/2024 11:00:00 PM,SERC,WEST,EKPC,EKPC,1339.497,True
11/14/2024 5:00:00 AM,11/14/2024 12:00:00 AM,SERC,WEST,EKPC,EKPC,1337.278,True
11/14/2024 6:00:00 AM,11/14/2024 1:00:00 AM,SERC,WEST,EKPC,EKPC,1301.269,True
11/14/2024 7:00:00 AM,11/14/2024 2:00:00 AM,SERC,WEST,EKPC,EKPC,1256.778,True
11/14/2024 8:00:00 AM,11/14/2024 3:00:00 AM,SERC,WEST,EKPC,EKPC,1206.081,True
11/14/2024 9:00:00 AM,11/14/2024 4:00:00 AM,SERC,WEST,EKPC,EKPC,1205.559,True
11/14/2024 10:00:00 AM,11/14/2024 5:00:00 AM,SERC,WEST,EKPC,EKPC,1331.800,True
11/14/2024 11:00:00 AM,11/14/2024 6:00:00 AM,SERC,WEST,EKPC,EKPC,1552.813,True
11/14/2024 12:00:00 PM,11/14/2024 7:00:00 AM,SERC,WEST,EKPC,EKPC,1581.741,True
11/14/2024 1:00:00 PM,11/14/2024 8:00:00 AM,SERC,WEST,EKPC,EKPC,1587.417,True
11/14/2024 2:00:00 PM,11/14/2024 9:00:00 AM,SERC,WEST,EKPC,EKPC,1549.542,True
11/14/2024 3:00:00 PM,11/14/2024 10:00:00 AM,SERC,WEST,EKPC,EKPC,1533.667,True
11/14/2024 4:00:00 PM,11/14/2024 11:00:00 AM,SERC,WEST,EKPC,EKPC,1498.740,True
11/14/2024 5:00:00 PM,11/14/2024 12:00:00 PM,SERC,WEST,EKPC,EKPC,1515.955,True
11/14/2024 6:00:00 PM,11/14/2024 1:00:00 PM,SERC,WEST,EKPC,EKPC,1470.178,True
11/14/2024 7:00:00 PM,11/14/2024 2:00:00 PM,SERC,WEST,EKPC,EKPC,1415.626,True
11/14/2024 8:00:00 PM,11/14/2024 3:00:00 PM,SERC,WEST,EKPC,EKPC,1451.264,True
11/14/2024 9:00:00 PM,11/14/2024 4:00:00 PM,SERC,WEST,EKPC,EKPC,1488.499,True
11/14/2024 10:00:00 PM,11/14/2024 5:00:00 PM,SERC,WEST,EKPC,EKPC,1528.079,True
11/14/2024 11:00:00 PM,11/14/2024 6:00:00 PM,SERC,WEST,EKPC,EKPC,1639.455,True
11/15/2024 12:00:00 AM,11/14/2024 7:00:00 PM,SERC,WEST,EKPC,EKPC,1568.944,True
11/15/2024 1:00:00 AM,11/14/2024 8:00:00 PM,SERC,WEST,EKPC,EKPC,1532.856,True
11/15/2024 2:00:00 AM,11/14/2024 9:00:00 PM,SERC,WEST,EKPC,EKPC,1487.264,True
11/15/2024 3:00:00 AM,11/14/2024 10:00:00 PM,SERC,WEST,EKPC,EKPC,1446.709,True
11/15/2024 4:00:00 AM,11/14/2024 11:00:00 PM,SERC,WEST,EKPC,EKPC,1393.200,True
11/15/2024 5:00:00 AM,11/15/2024 12:00:00 AM,SERC,WEST,EKPC,EKPC,1396.272,True
11/15/2024 6:00:00 AM,11/15/2024 1:00:00 AM,SERC,WEST,EKPC,EKPC,1208.789,True
11/15/2024 7:00:00 AM,11/15/2024 2:00:00 AM,SERC,WEST,EKPC,EKPC,1178.456,True
11/15/2024 8:00:00 AM,11/15/2024 3:00:00 AM,SERC,WEST,EKPC,EKPC,1312.995,True
11/15/2024 9:00:00 AM,11/15/2024 4:00:00 AM,SERC,WEST,EKPC,EKPC,1323.354,True
11/15/2024 10:00:00 AM,11/15/2024 5:00:00 AM,SERC,WEST,EKPC,EKPC,1364.580,True
11/15/2024 11:00:00 AM,11/15/2024 6:00:00 AM,SERC,WEST,EKPC,EKPC,1601.384,True
11/15/2024 12:00:00 PM,11/15/2024 7:00:00 AM,SERC,WEST,EKPC,EKPC,1533.646,True
11/15/2024 1:00:00 PM,11/15/2024 8:00:00 AM,SERC,WEST,EKPC,EKPC,1568.588,True
11/15/2024 2:00:00 PM,11/15/2024 9:00:00 AM,SERC,WEST,EKPC,EKPC,1491.260,True
11/15/2024 3:00:00 PM,11/15/2024 10:00:00 AM,SERC,WEST,EKPC,EKPC,1436.621,True
11/15/2024 4:00:00 PM,11/15/2024 11:00:00 AM,SERC,WEST,EKPC,EKPC,1506.243,True
11/15/2024 5:00:00 PM,11/15/2024 12:00:00 PM,SERC,WEST,EKPC,EKPC,1528.536,True
11/15/2024 6:00:00 PM,11/15/2024 1:00:00 PM,SERC,WEST,EKPC,EKPC,1530.209,True
11/15/2024 7:00:00 PM,11/15/2024 2:00:00 PM,SERC,WEST,EKPC,EKPC,1539.518,True
11/15/2024 8:00:00 PM,11/15/2024 3:00:00 PM,SERC,WEST,EKPC,EKPC,1554.667,True
11/15/2024 9:00:00 PM,11/15/2024 4:00:00 PM,SERC,WEST,EKPC,EKPC,1514.782,True
11/15/2024 10:00:00 PM,11/15/2024 5:00:00 PM,SERC,WEST,EKPC,EKPC,1501.070,True
11/15/2024 11:00:00 PM,11/15/2024 6:00:00 PM,SERC,WEST,EKPC,EKPC,1547.057,True
11/16/2024 12:00:00 AM,11/15/2024 7:00:00 PM,SERC,WEST,EKPC,EKPC,1463.900,True
11/16/2024 1:00:00 AM,11/15/2024 8:00:00 PM,SERC,WEST,EKPC,EKPC,1367.033,True
11/16/2024 2:00:00 AM,11/15/2024 9:00:00 PM,SERC,WEST,EKPC,EKPC,1343.927,True
11/16/2024 3:00:00 AM,11/15/2024 10:00:00 PM,SERC,WEST,EKPC,EKPC,1424.272,True
11/16/2024 4:00:00 AM,11/15/2024 11:00:00 PM,SERC,WEST,EKPC,EKPC,1371.839,True
11/16/2024 5:00:00 AM,11/16/2024 12:00:00 AM,SERC,WEST,EKPC,EKPC,1376.594,True
11/16/2024 6:00:00 AM,11/16/2024 1:00:00 AM,SERC,WEST,EKPC,EKPC,1247.615,True
11/16/2024 7:00:00 AM,11/16/2024 2:00:00 AM,SERC,WEST,EKPC,EKPC,1272.353,True
11/16/2024 8:00:00 AM,11/16/2024 3:00:00 AM,SERC,WEST,EKPC,EKPC,1267.645,True
11/16/2024 9:00:00 AM,11/16/2024 4:00:00 AM,SERC,WEST,EKPC,EKPC,1254.047,True
11/16/2024 10:00:00 AM,11/16/2024 5:00:00 AM,SERC,WEST,EKPC,EKPC,1291.865,True
11/16/2024 11:00:00 AM,11/16/2024 6:00:00 AM,SERC,WEST,EKPC,EKPC,1384.151,True
11/16/2024 12:00:00 PM,11/16/2024 7:00:00 AM,SERC,WEST,EKPC,EKPC,1359.763,True
11/16/2024 1:00:00 PM,11/16/2024 8:00:00 AM,SERC,WEST,EKPC,EKPC,1524.332,True
11/16/2024 2:00:00 PM,11/16/2024 9:00:00 AM,SERC,WEST,EKPC,EKPC,1575.087,True
11/16/2024 3:00:00 PM,11/16/2024 10:00:00 AM,SERC,WEST,EKPC,EKPC,1563.393,True
11/16/2024 4:00:00 PM,11/16/2024 11:00:00 AM,SERC,WEST,EKPC,EKPC,1560.222,True
11/16/2024 5:00:00 PM,11/16/2024 12:00:00 PM,SERC,WEST,EKPC,EKPC,1513.228,True
11/16/2024 6:00:00 PM,11/16/2024 1:00:00 PM,SERC,WEST,EKPC,EKPC,1404.650,True
11/16/2024 7:00:00 PM,11/16/2024 2:00:00 PM,SERC,WEST,EKPC,EKPC,1382.788,True
11/16/2024 8:00:00 PM,11/16/2024 3:00:00 PM,SERC,WEST,EKPC,EKPC,1370.864,True
11/16/2024 9:00:00 PM,11/16/2024 4:00:00 PM,SERC,WEST,EKPC,EKPC,1369.545,True
11/16/2024 10:00:00 PM,11/16/2024 5:00:00 PM,SERC,WEST,EKPC,EKPC,1371.412,True
11/16/2024 11:00:00 PM,11/16/2024 6:00:00 PM,SERC,WEST,EKPC,EKPC,1456.505,True
11/17/2024 12:00:00 AM,11/16/2024 7:00:00 PM,SERC,WEST,EKPC,EKPC,1465.097,True
11/17/2024 1:00:00 AM,11/16/2024 8:00:00 PM,SERC,WEST,EKPC,EKPC,1412.079,True
11/17/2024 2:00:00 AM,11/16/2024 9:00:00 PM,SERC,WEST,EKPC,EKPC,1444.285,True
11/17/2024 3:00:00 AM,11/16/2024 10:00:00 PM,SERC,WEST,EKPC,EKPC,1452.365,True
11/17/2024 4:00:00 AM,11/16/2024 11:00:00 PM,SERC,WEST,EKPC,EKPC,1435.890,True
11/17/2024 5:00:00 AM,11/17/2024 12:00:00 AM,SERC,WEST,EKPC,EKPC,1485.597,True
11/17/2024 6:00:00 AM,11/17/2024 1:00:00 AM,SERC,WEST,EKPC,EKPC,1495.604,True
11/17/2024 7:00:00 AM,11/17/2024 2:00:00 AM,SERC,WEST,EKPC,EKPC,1500.736,True
11/17/2024 8:00:00 AM,11/17/2024 3:00:00 AM,SERC,WEST,EKPC,EKPC,1520.455,True
11/17/2024 9:00:00 AM,11/17/2024 4:00:00 AM,SERC,WEST,EKPC,EKPC,1561.844,True
11/17/2024 10:00:00 AM,11/17/2024 5:00:00 AM,SERC,WEST,EKPC,EKPC,1586.571,True
11/17/2024 11:00:00 AM,11/17/2024 6:00:00 AM,SERC,WEST,EKPC,EKPC,1665.053,True
11/17/2024 12:00:00 PM,11/17/2024 7:00:00 AM,SERC,WEST,EKPC,EKPC,1709.850,True
11/17/2024 1:00:00 PM,11/17/2024 8:00:00 AM,SERC,WEST,EKPC,EKPC,1767.308,True
11/17/2024 2:00:00 PM,11/17/2024 9:00:00 AM,SERC,WEST,EKPC,EKPC,1668.885,True
11/17/2024 3:00:00 PM,11/17/2024 10:00:00 AM,SERC,WEST,EKPC,EKPC,1497.972,True
11/17/2024 4:00:00 PM,11/17/2024 11:00:00 AM,SERC,WEST,EKPC,EKPC,1380.971,True
11/17/2024 5:00:00 PM,11/17/2024 12:00:00 PM,SERC,WEST,EKPC,EKPC,1279.197,True
11/17/2024 6:00:00 PM,11/17/2024 1:00:00 PM,SERC,WEST,EKPC,EKPC,1192.549,True
11/17/2024 7:00:00 PM,11/17/2024 2:00:00 PM,SERC,WEST,EKPC,EKPC,1331.299,True
11/17/2024 8:00:00 PM,11/17/2024 3:00:00 PM,SERC,WEST,EKPC,EKPC,1338.123,True
11/17/2024 9:00:00 PM,11/17/2024 4:00:00 PM,SERC,WEST,EKPC,EKPC,1435.290,True
11/17/2024 10:00:00 PM,11/17/2024 5:00:00 PM,SERC,WEST,EKPC,EKPC,1474.253,True
11/17/2024 11:00:00 PM,11/17/2024 6:00:00 PM,SERC,WEST,EKPC,EKPC,1464.294,True
11/18/2024 12:00:00 AM,11/17/2024 7:00:00 PM,SERC,WEST,EKPC,EKPC,1508.176,True
11/18/2024 1:00:00 AM,11/17/2024 8:00:00 PM,SERC,WEST,EKPC,EKPC,1495.688,True
11/18/2024 2:00:00 AM,11/17/2024 9:00:00 PM,SERC,WEST,EKPC,EKPC,1422.972,True
11/18/2024 3:00:00 AM,11/17/2024 10:00:00 PM,SERC,WEST,EKPC,EKPC,1353.501,True
11/18/2024 4:00:00 AM,11/17/2024 11:00:00 PM,SERC,WEST,EKPC,EKPC,1193.926,True
11/18/2024 5:00:00 AM,11/18/2024 12:00:00 AM,SERC,WEST,EKPC,EKPC,1173.335,True
11/18/2024 6:00:00 AM,11/18/2024 1:00:00 AM,SERC,WEST,EKPC,EKPC,1223.265,True
11/18/2024 7:00:00 AM,11/18/2024 2:00:00 AM,SERC,WEST,EKPC,EKPC,1209.151,True
11/18/2024 8:00:00 AM,11/18/2024 3:00:00 AM,SERC,WEST,EKPC,EKPC,1148.797,True
11/18/2024 9:00:00 AM,11/18/2024 4:00:00 AM,SERC,WEST,EKPC,EKPC,1196.176,True
11/18/2024 10:00:00 AM,11/18/2024 5:00:00 AM,SERC,WEST,EKPC,EKPC,1345.915,True
11/18/2024 11:00:00 AM,11/18/2024 6:00:00 AM,SERC,WEST,EKPC,EKPC,1499.530,True
11/18/2024 12:00:00 PM,11/18/2024 7:00:00 AM,SERC,WEST,EKPC,EKPC,1560.570,True
11/18/2024 1:00:00 PM,11/18/2024 8:00:00 AM,SERC,WEST,EKPC,EKPC,1547.691,True
11/18/2024 2:00:00 PM,11/18/2024 9:00:00 AM,SERC,WEST,EKPC,EKPC,1506.955,True
11/18/2024 3:00:00 PM,11/18/2024 10:00:00 AM,SERC,WEST,EKPC,EKPC,1454.384,True
11/18/2024 4:00:00 PM,11/18/2024 11:00:00 AM,SERC,WEST,EKPC,EKPC,1436.820,True
11/18/2024 5:00:00 PM,11/18/2024 12:00:00 PM,SERC,WEST,EKPC,EKPC,1399.004,True
11/18/2024 6:00:00 PM,11/18/2024 1:00:00 PM,SERC,WEST,EKPC,EKPC,1433.662,True
11/18/2024 7:00:00 PM,11/18/2024 2:00:00 PM,SERC,WEST,EKPC,EKPC,1368.245,True
11/18/2024 8:00:00 PM,11/18/2024 3:00:00 PM,SERC,WEST,EKPC,EKPC,1253.544,True
11/18/2024 9:00:00 PM,11/18/2024 4:00:00 PM,SERC,WEST,EKPC,EKPC,1327.851,True
11/18/2024 10:00:00 PM,11/18/2024 5:00:00 PM,SERC,WEST,EKPC,EKPC,1406.808,True
11/18/2024 11:00:00 PM,11/18/2024 6:00:00 PM,SERC,WEST,EKPC,EKPC,1496.227,True
11/19/2024 12:00:00 AM,11/18/2024 7:00:00 PM,SERC,WEST,EKPC,EKPC,1533.776,True
11/19/2024 1:00:00 AM,11/18/2024 8:00:00 PM,SERC,WEST,EKPC,EKPC,1503.981,True
11/19/2024 2:00:00 AM,11/18/2024 9:00:00 PM,SERC,WEST,EKPC,EKPC,1416.060,True
11/19/2024 3:00:00 AM,11/18/2024 10:00:00 PM,SERC,WEST,EKPC,EKPC,1350.652,True
11/19/2024 4:00:00 AM,11/18/2024 11:00:00 PM,SERC,WEST,EKPC,EKPC,1148.624,True
11/19/2024 5:00:00 AM,11/19/2024 12:00:00 AM,SERC,WEST,EKPC,EKPC,1199.013,True
11/19/2024 6:00:00 AM,11/19/2024 1:00:00 AM,SERC,WEST,EKPC,EKPC,1193.909,True
11/19/2024 7:00:00 AM,11/19/2024 2:00:00 AM,SERC,WEST,EKPC,EKPC,1243.380,True
11/19/2024 8:00:00 AM,11/19/2024 3:00:00 AM,SERC,WEST,EKPC,EKPC,1203.477,True
11/19/2024 9:00:00 AM,11/19/2024 4:00:00 AM,SERC,WEST,EKPC,EKPC,1182.466,True
11/19/2024 10:00:00 AM,11/19/2024 5:00:00 AM,SERC,WEST,EKPC,EKPC,1310.640,True
11/19/2024 11:00:00 AM,11/19/2024 6:00:00 AM,SERC,WEST,EKPC,EKPC,1400.284,True
11/19/2024 12:00:00 PM,11/19/2024 7:00:00 AM,SERC,WEST,EKPC,EKPC,1507.302,True
11/19/2024 1:00:00 PM,11/19/2024 8:00:00 AM,SERC,WEST,EKPC,EKPC,1458.793,True
11/19/2024 2:00:00 PM,11/19/2024 9:00:00 AM,SERC,WEST,EKPC,EKPC,1473.936,True
11/19/2024 3:00:00 PM,11/19/2024 10:00:00 AM,SERC,WEST,EKPC,EKPC,1451.444,True
11/19/2024 4:00:00 PM,11/19/2024 11:00:00 AM,SERC,WEST,EKPC,EKPC,1446.084,True
11/19/2024 5:00:00 PM,11/19/2024 12:00:00 PM,SERC,WEST,EKPC,EKPC,1449.410,True
11/19/2024 6:00:00 PM,11/19/2024 1:00:00 PM,SERC,WEST,EKPC,EKPC,1410.624,True
11/19/2024 7:00:00 PM,11/19/2024 2:00:00 PM,SERC,WEST,EKPC,EKPC,1426.074,True
11/19/2024 8:00:00 PM,11/19/2024 3:00:00 PM,SERC,WEST,EKPC,EKPC,1442.506,True
11/19/2024 9:00:00 PM,11/19/2024 4:00:00 PM,SERC,WEST,EKPC,EKPC,1435.746,True
11/19/2024 10:00:00 PM,11/19/2024 5:00:00 PM,SERC,WEST,EKPC,EKPC,1498.843,True
11/19/2024 11:00:00 PM,11/19/2024 6:00:00 PM,SERC,WEST,EKPC,EKPC,1527.227,True
11/20/2024 12:00:00 AM,11/19/2024 7:00:00 PM,SERC,WEST,EKPC,EKPC,1487.514,True
11/20/2024 1:00:00 AM,11/19/2024 8:00:00 PM,SERC,WEST,EKPC,EKPC,1386.568,True
11/20/2024 2:00:00 AM,11/19/2024 9:00:00 PM,SERC,WEST,EKPC,EKPC,1370.733,True
11/20/2024 3:00:00 AM,11/19/2024 10:00:00 PM,SERC,WEST,EKPC,EKPC,1270.975,True
11/20/2024 4:00:00 AM,11/19/2024 11:00:00 PM,SERC,WEST,EKPC,EKPC,1157.948,True
11/20/2024 5:00:00 AM,11/20/2024 12:00:00 AM,SERC,WEST,EKPC,EKPC,1177.204,True
11/20/2024 6:00:00 AM,11/20/2024 1:00:00 AM,SERC,WEST,EKPC,EKPC,1112.891,True
11/20/2024 7:00:00 AM,11/20/2024 2:00:00 AM,SERC,WEST,EKPC,EKPC,1133.079,True
11/20/2024 8:00:00 AM,11/20/2024 3:00:00 AM,SERC,WEST,EKPC,EKPC,1103.325,True
11/20/2024 9:00:00 AM,11/20/2024 4:00:00 AM,SERC,WEST,EKPC,EKPC,1091.210,True
11/20/2024 10:00:00 AM,11/20/2024 5:00:00 AM,SERC,WEST,EKPC,EKPC,1146.874,True
11/20/2024 11:00:00 AM,11/20/2024 6:00:00 AM,SERC,WEST,EKPC,EKPC,1251.139,True
11/20/2024 12:00:00 PM,11/20/2024 7:00:00 AM,SERC,WEST,EKPC,EKPC,1302.959,True
11/20/2024 1:00:00 PM,11/20/2024 8:00:00 AM,SERC,WEST,EKPC,EKPC,1288.393,True
11/20/2024 2:00:00 PM,11/20/2024 9:00:00 AM,SERC,WEST,EKPC,EKPC,1278.058,True
11/20/2024 3:00:00 PM,11/20/2024 10:00:00 AM,SERC,WEST,EKPC,EKPC,1273.395,True
11/20/2024 4:00:00 PM,11/20/2024 11:00:00 AM,SERC,WEST,EKPC,EKPC,1319.278,True
11/20/2024 5:00:00 PM,11/20/2024 12:00:00 PM,SERC,WEST,EKPC,EKPC,1359.321,True
11/20/2024 6:00:00 PM,11/20/2024 1:00:00 PM,SERC,WEST,EKPC,EKPC,1361.730,True
11/20/2024 7:00:00 PM,11/20/2024 2:00:00 PM,SERC,WEST,EKPC,EKPC,1326.530,True
11/20/2024 8:00:00 PM,11/20/2024 3:00:00 PM,SERC,WEST,EKPC,EKPC,1336.444,True
11/20/2024 9:00:00 PM,11/20/2024 4:00:00 PM,SERC,WEST,EKPC,EKPC,1376.472,True
11/20/2024 10:00:00 PM,11/20/2024 5:00:00 PM,SERC,WEST,EKPC,EKPC,1465.272,True
11/20/2024 11:00:00 PM,11/20/2024 6:00:00 PM,SERC,WEST,EKPC,EKPC,1637.521,True
11/21/2024 12:00:00 AM,11/20/2024 7:00:00 PM,SERC,WEST,EKPC,EKPC,1695.383,True
11/21/2024 1:00:00 AM,11/20/2024 8:00:00 PM,SERC,WEST,EKPC,EKPC,1687.576,True
11/21/2024 2:00:00 AM,11/20/2024 9:00:00 PM,SERC,WEST,EKPC,EKPC,1707.671,True
11/21/2024 3:00:00 AM,11/20/2024 10:00:00 PM,SERC,WEST,EKPC,EKPC,1572.308,True
11/21/2024 4:00:00 AM,11/20/2024 11:00:00 PM,SERC,WEST,EKPC,EKPC,1677.620,True
11/21/2024 5:00:00 AM,11/21/2024 12:00:00 AM,SERC,WEST,EKPC,EKPC,1622.261,True
11/21/2024 6:00:00 AM,11/21/2024 1:00:00 AM,SERC,WEST,EKPC,EKPC,1631.799,True
11/21/2024 7:00:00 AM,11/21/2024 2:00:00 AM,SERC,WEST,EKPC,EKPC,1676.682,True
11/21/2024 8:00:00 AM,11/21/2024 3:00:00 AM,SERC,WEST,EKPC,EKPC,1671.603,True
11/21/2024 9:00:00 AM,11/21/2024 4:00:00 AM,SERC,WEST,EKPC,EKPC,1739.603,True
11/21/2024 10:00:00 AM,11/21/2024 5:00:00 AM,SERC,WEST,EKPC,EKPC,1788.114,True
11/21/2024 11:00:00 AM,11/21/2024 6:00:00 AM,SERC,WEST,EKPC,EKPC,1917.214,True
11/21/2024 12:00:00 PM,11/21/2024 7:00:00 AM,SERC,WEST,EKPC,EKPC,1984.500,True
11/21/2024 1:00:00 PM,11/21/2024 8:00:00 AM,SERC,WEST,EKPC,EKPC,1881.370,True
11/21/2024 2:00:00 PM,11/21/2024 9:00:00 AM,SERC,WEST,EKPC,EKPC,1883.032,True
11/21/2024 3:00:00 PM,11/21/2024 10:00:00 AM,SERC,WEST,EKPC,EKPC,1936.829,True
11/21/2024 4:00:00 PM,11/21/2024 11:00:00 AM,SERC,WEST,EKPC,EKPC,1964.668,True
11/21/2024 5:00:00 PM,11/21/2024 12:00:00 PM,SERC,WEST,EKPC,EKPC,1986.247,True
11/21/2024 6:00:00 PM,11/21/2024 1:00:00 PM,SERC,WEST,EKPC,EKPC,1880.550,True
11/21/2024 7:00:00 PM,11/21/2024 2:00:00 PM,SERC,WEST,EKPC,EKPC,2054.908,True
11/21/2024 8:00:00 PM,11/21/2024 3:00:00 PM,SERC,WEST,EKPC,EKPC,2025.038,True
11/21/2024 9:00:00 PM,11/21/2024 4:00:00 PM,SERC,WEST,EKPC,EKPC,2137.806,True
11/21/2024 10:00:00 PM,11/21/2024 5:00:00 PM,SERC,WEST,EKPC,EKPC,2129.901,True
11/21/2024 11:00:00 PM,11/21/2024 6:00:00 PM,SERC,WEST,EKPC,EKPC,2126.201,True
11/22/2024 12:00:00 AM,11/21/2024 7:00:00 PM,SERC,WEST,EKPC,EKPC,2187.451,True
11/22/2024 1:00:00 AM,11/21/2024 8:00:00 PM,SERC,WEST,EKPC,EKPC,2160.036,True
11/22/2024 2:00:00 AM,11/21/2024 9:00:00 PM,SERC,WEST,EKPC,EKPC,2087.339,True
11/22/2024 3:00:00 AM,11/21/2024 10:00:00 PM,SERC,WEST,EKPC,EKPC,2020.415,True
11/22/2024 4:00:00 AM,11/21/2024 11:00:00 PM,SERC,WEST,EKPC,EKPC,1906.626,True
11/22/2024 5:00:00 AM,11/22/2024 12:00:00 AM,SERC,WEST,EKPC,EKPC,1893.353,True
11/22/2024 6:00:00 AM,11/22/2024 1:00:00 AM,SERC,WEST,EKPC,EKPC,1775.285,True
11/22/2024 7:00:00 AM,11/22/2024 2:00:00 AM,SERC,WEST,EKPC,EKPC,1725.276,True
11/22/2024 8:00:00 AM,11/22/2024 3:00:00 AM,SERC,WEST,EKPC,EKPC,1800.064,True
11/22/2024 9:00:00 AM,11/22/2024 4:00:00 AM,SERC,WEST,EKPC,EKPC,1844.965,True
11/22/2024 10:00:00 AM,11/22/2024 5:00:00 AM,SERC,WEST,EKPC,EKPC,1931.858,True
11/22/2024 11:00:00 AM,11/22/2024 6:00:00 AM,SERC,WEST,EKPC,EKPC,2039.236,True
11/22/2024 12:00:00 PM,11/22/2024 7:00:00 AM,SERC,WEST,EKPC,EKPC,2082.671,True
11/22/2024 1:00:00 PM,11/22/2024 8:00:00 AM,SERC,WEST,EKPC,EKPC,2060.924,True
11/22/2024 2:00:00 PM,11/22/2024 9:00:00 AM,SERC,WEST,EKPC,EKPC,2028.380,True
11/22/2024 3:00:00 PM,11/22/2024 10:00:00 AM,SERC,WEST,EKPC,EKPC,1990.343,True
11/22/2024 4:00:00 PM,11/22/2024 11:00:00 AM,SERC,WEST,EKPC,EKPC,1931.004,True
11/22/2024 5:00:00 PM,11/22/2024 12:00:00 PM,SERC,WEST,EKPC,EKPC,1900.710,True
11/22/2024 6:00:00 PM,11/22/2024 1:00:00 PM,SERC,WEST,EKPC,EKPC,1811.576,True
11/22/2024 7:00:00 PM,11/22/2024 2:00:00 PM,SERC,WEST,EKPC,EKPC,1747.719,True
11/22/2024 8:00:00 PM,11/22/2024 3:00:00 PM,SERC,WEST,EKPC,EKPC,1705.050,True
11/22/2024 9:00:00 PM,11/22/2024 4:00:00 PM,SERC,WEST,EKPC,EKPC,1720.667,True
11/22/2024 10:00:00 PM,11/22/2024 5:00:00 PM,SERC,WEST,EKPC,EKPC,1801.622,True
11/22/2024 11:00:00 PM,11/22/2024 6:00:00 PM,SERC,WEST,EKPC,EKPC,1828.085,True
11/23/2024 12:00:00 AM,11/22/2024 7:00:00 PM,SERC,WEST,EKPC,EKPC,1812.239,True
11/23/2024 1:00:00 AM,11/22/2024 8:00:00 PM,SERC,WEST,EKPC,EKPC,1771.162,True
11/23/2024 2:00:00 AM,11/22/2024 9:00:00 PM,SERC,WEST,EKPC,EKPC,1735.564,True
11/23/2024 3:00:00 AM,11/22/2024 10:00:00 PM,SERC,WEST,EKPC,EKPC,1657.276,True
11/23/2024 4:00:00 AM,11/22/2024 11:00:00 PM,SERC,WEST,EKPC,EKPC,1679.114,True
11/23/2024 5:00:00 AM,11/23/2024 12:00:00 AM,SERC,WEST,EKPC,EKPC,1532.950,True
11/23/2024 6:00:00 AM,11/23/2024 1:00:00 AM,SERC,WEST,EKPC,EKPC,1498.711,True
11/23/2024 7:00:00 AM,11/23/2024 2:00:00 AM,SERC,WEST,EKPC,EKPC,1535.833,True
11/23/2024 8:00:00 AM,11/23/2024 3:00:00 AM,SERC,WEST,EKPC,EKPC,1571.595,True
11/23/2024 9:00:00 AM,11/23/2024 4:00:00 AM,SERC,WEST,EKPC,EKPC,1607.589,True
11/23/2024 10:00:00 AM,11/23/2024 5:00:00 AM,SERC,WEST,EKPC,EKPC,1646.802,True
11/23/2024 11:00:00 AM,11/23/2024 6:00:00 AM,SERC,WEST,EKPC,EKPC,1685.684,True
11/23/2024 12:00:00 PM,11/23/2024 7:00:00 AM,SERC,WEST,EKPC,EKPC,1686.348,True
11/23/2024 1:00:00 PM,11/23/2024 8:00:00 AM,SERC,WEST,EKPC,EKPC,1767.071,True
11/23/2024 2:00:00 PM,11/23/2024 9:00:00 AM,SERC,WEST,EKPC,EKPC,1745.566,True
11/23/2024 3:00:00 PM,11/23/2024 10:00:00 AM,SERC,WEST,EKPC,EKPC,1802.810,True
11/23/2024 4:00:00 PM,11/23/2024 11:00:00 AM,SERC,WEST,EKPC,EKPC,1810.132,True
11/23/2024 5:00:00 PM,11/23/2024 12:00:00 PM,SERC,WEST,EKPC,EKPC,1687.598,True
11/23/2024 6:00:00 PM,11/23/2024 1:00:00 PM,SERC,WEST,EKPC,EKPC,1730.404,True
11/23/2024 7:00:00 PM,11/23/2024 2:00:00 PM,SERC,WEST,EKPC,EKPC,1737.158,True
11/23/2024 8:00:00 PM,11/23/2024 3:00:00 PM,SERC,WEST,EKPC,EKPC,1612.212,True
11/23/2024 9:00:00 PM,11/23/2024 4:00:00 PM,SERC,WEST,EKPC,EKPC,1606.247,True
11/23/2024 10:00:00 PM,11/23/2024 5:00:00 PM,SERC,WEST,EKPC,EKPC,1631.495,True
11/23/2024 11:00:00 PM,11/23/2024 6:00:00 PM,SERC,WEST,EKPC,EKPC,1639.601,True
11/24/2024 12:00:00 AM,11/23/2024 7:00:00 PM,SERC,WEST,EKPC,EKPC,1630.306,True
11/24/2024 1:00:00 AM,11/23/2024 8:00:00 PM,SERC,WEST,EKPC,EKPC,1607.303,True
11/24/2024 2:00:00 AM,11/23/2024 9:00:00 PM,SERC,WEST,EKPC,EKPC,1602.051,True
11/24/2024 3:00:00 AM,11/23/2024 10:00:00 PM,SERC,WEST,EKPC,EKPC,1539.823,True
11/24/2024 4:00:00 AM,11/23/2024 11:00:00 PM,SERC,WEST,EKPC,EKPC,1568.075,True
11/24/2024 5:00:00 AM,11/24/2024 12:00:00 AM,SERC,WEST,EKPC,EKPC,1668.569,True
11/24/2024 6:00:00 AM,11/24/2024 1:00:00 AM,SERC,WEST,EKPC,EKPC,1684.648,True
11/24/2024 7:00:00 AM,11/24/2024 2:00:00 AM,SERC,WEST,EKPC,EKPC,1707.545,True
11/24/2024 8:00:00 AM,11/24/2024 3:00:00 AM,SERC,WEST,EKPC,EKPC,1729.736,True
11/24/2024 9:00:00 AM,11/24/2024 4:00:00 AM,SERC,WEST,EKPC,EKPC,1742.358,True
11/24/2024 10:00:00 AM,11/24/2024 5:00:00 AM,SERC,WEST,EKPC,EKPC,1835.406,True
11/24/2024 11:00:00 AM,11/24/2024 6:00:00 AM,SERC,WEST,EKPC,EKPC,1869.142,True
11/24/2024 12:00:00 PM,11/24/2024 7:00:00 AM,SERC,WEST,EKPC,EKPC,1889.137,True
11/24/2024 1:00:00 PM,11/24/2024 8:00:00 AM,SERC,WEST,EKPC,EKPC,1835.399,True
11/24/2024 2:00:00 PM,11/24/2024 9:00:00 AM,SERC,WEST,EKPC,EKPC,1809.587,True
11/24/2024 3:00:00 PM,11/24/2024 10:00:00 AM,SERC,WEST,EKPC,EKPC,1681.011,True
11/24/2024 4:00:00 PM,11/24/2024 11:00:00 AM,SERC,WEST,EKPC,EKPC,1548.719,True
11/24/2024 5:00:00 PM,11/24/2024 12:00:00 PM,SERC,WEST,EKPC,EKPC,1486.260,True
11/24/2024 6:00:00 PM,11/24/2024 1:00:00 PM,SERC,WEST,EKPC,EKPC,1430.516,True
11/24/2024 7:00:00 PM,11/24/2024 2:00:00 PM,SERC,WEST,EKPC,EKPC,1392.394,True
11/24/2024 8:00:00 PM,11/24/2024 3:00:00 PM,SERC,WEST,EKPC,EKPC,1294.353,True
11/24/2024 9:00:00 PM,11/24/2024 4:00:00 PM,SERC,WEST,EKPC,EKPC,1440.653,True
11/24/2024 10:00:00 PM,11/24/2024 5:00:00 PM,SERC,WEST,EKPC,EKPC,1498.608,True
11/24/2024 11:00:00 PM,11/24/2024 6:00:00 PM,SERC,WEST,EKPC,EKPC,1604.701,True
11/25/2024 12:00:00 AM,11/24/2024 7:00:00 PM,SERC,WEST,EKPC,EKPC,1675.152,True
11/25/2024 1:00:00 AM,11/24/2024 8:00:00 PM,SERC,WEST,EKPC,EKPC,1672.090,True
11/25/2024 2:00:00 AM,11/24/2024 9:00:00 PM,SERC,WEST,EKPC,EKPC,1540.814,True
11/25/2024 3:00:00 AM,11/24/2024 10:00:00 PM,SERC,WEST,EKPC,EKPC,1488.069,True
11/25/2024 4:00:00 AM,11/24/2024 11:00:00 PM,SERC,WEST,EKPC,EKPC,1389.270,True
11/25/2024 5:00:00 AM,11/25/2024 12:00:00 AM,SERC,WEST,EKPC,EKPC,1359.663,True
11/25/2024 6:00:00 AM,11/25/2024 1:00:00 AM,SERC,WEST,EKPC,EKPC,1470.905,True
11/25/2024 7:00:00 AM,11/25/2024 2:00:00 AM,SERC,WEST,EKPC,EKPC,1514.908,True
11/25/2024 8:00:00 AM,11/25/2024 3:00:00 AM,SERC,WEST,EKPC,EKPC,1498.064,True
11/25/2024 9:00:00 AM,11/25/2024 4:00:00 AM,SERC,WEST,EKPC,EKPC,1524.308,True
11/25/2024 10:00:00 AM,11/25/2024 5:00:00 AM,SERC,WEST,EKPC,EKPC,1580.623,True
11/25/2024 11:00:00 AM,11/25/2024 6:00:00 AM,SERC,WEST,EKPC,EKPC,1610.816,True
11/25/2024 12:00:00 PM,11/25/2024 7:00:00 AM,SERC,WEST,EKPC,EKPC,1637.761,True
11/25/2024 1:00:00 PM,11/25/2024 8:00:00 AM,SERC,WEST,EKPC,EKPC,1591.917,True
11/25/2024 2:00:00 PM,11/25/2024 9:00:00 AM,SERC,WEST,EKPC,EKPC,1551.262,True
11/25/2024 3:00:00 PM,11/25/2024 10:00:00 AM,SERC,WEST,EKPC,EKPC,1576.402,True
11/25/2024 4:00:00 PM,11/25/2024 11:00:00 AM,SERC,WEST,EKPC,EKPC,1567.008,True
11/25/2024 5:00:00 PM,11/25/2024 12:00:00 PM,SERC,WEST,EKPC,EKPC,1488.003,True
11/25/2024 6:00:00 PM,11/25/2024 1:00:00 PM,SERC,WEST,EKPC,EKPC,1549.796,True
11/25/2024 7:00:00 PM,11/25/2024 2:00:00 PM,SERC,WEST,EKPC,EKPC,1526.810,True
11/25/2024 8:00:00 PM,11/25/2024 3:00:00 PM,SERC,WEST,EKPC,EKPC,1503.636,True
11/25/2024 9:00:00 PM,11/25/2024 4:00:00 PM,SERC,WEST,EKPC,EKPC,1515.088,True
11/25/2024 10:00:00 PM,11/25/2024 5:00:00 PM,SERC,WEST,EKPC,EKPC,1545.783,True
11/25/2024 11:00:00 PM,11/25/2024 6:00:00 PM,SERC,WEST,EKPC,EKPC,1567.318,True
11/26/2024 12:00:00 AM,11/25/2024 7:00:00 PM,SERC,WEST,EKPC,EKPC,1574.363,True
11/26/2024 1:00:00 AM,11/25/2024 8:00:00 PM,SERC,WEST,EKPC,EKPC,1550.356,True
11/26/2024 2:00:00 AM,11/25/2024 9:00:00 PM,SERC,WEST,EKPC,EKPC,1424.904,True
11/26/2024 3:00:00 AM,11/25/2024 10:00:00 PM,SERC,WEST,EKPC,EKPC,1291.172,True
11/26/2024 4:00:00 AM,11/25/2024 11:00:00 PM,SERC,WEST,EKPC,EKPC,1237.705,True
11/26/2024 5:00:00 AM,11/26/2024 12:00:00 AM,SERC,WEST,EKPC,EKPC,1222.220,True
11/26/2024 6:00:00 AM,11/26/2024 1:00:00 AM,SERC,WEST,EKPC,EKPC,1296.593,True
11/26/2024 7:00:00 AM,11/26/2024 2:00:00 AM,SERC,WEST,EKPC,EKPC,1328.330,True
11/26/2024 8:00:00 AM,11/26/2024 3:00:00 AM,SERC,WEST,EKPC,EKPC,1339.383,True
11/26/2024 9:00:00 AM,11/26/2024 4:00:00 AM,SERC,WEST,EKPC,EKPC,1277.742,True
11/26/2024 10:00:00 AM,11/26/2024 5:00:00 AM,SERC,WEST,EKPC,EKPC,1435.159,True
11/26/2024 11:00:00 AM,11/26/2024 6:00:00 AM,SERC,WEST,EKPC,EKPC,1595.537,True
11/26/2024 12:00:00 PM,11/26/2024 7:00:00 AM,SERC,WEST,EKPC,EKPC,1606.595,True
11/26/2024 1:00:00 PM,11/26/2024 8:00:00 AM,SERC,WEST,EKPC,EKPC,1595.598,True
11/26/2024 2:00:00 PM,11/26/2024 9:00:00 AM,SERC,WEST,EKPC,EKPC,1592.793,True
11/26/2024 3:00:00 PM,11/26/2024 10:00:00 AM,SERC,WEST,EKPC,EKPC,1522.984,True
11/26/2024 4:00:00 PM,11/26/2024 11:00:00 AM,SERC,WEST,EKPC,EKPC,1547.836,True
11/26/2024 5:00:00 PM,11/26/2024 12:00:00 PM,SERC,WEST,EKPC,EKPC,1376.390,True
11/26/2024 6:00:00 PM,11/26/2024 1:00:00 PM,SERC,WEST,EKPC,EKPC,1472.749,True
11/26/2024 7:00:00 PM,11/26/2024 2:00:00 PM,SERC,WEST,EKPC,EKPC,1321.602,True
11/26/2024 8:00:00 PM,11/26/2024 3:00:00 PM,SERC,WEST,EKPC,EKPC,1448.447,True
11/26/2024 9:00:00 PM,11/26/2024 4:00:00 PM,SERC,WEST,EKPC,EKPC,1471.763,True
11/26/2024 10:00:00 PM,11/26/2024 5:00:00 PM,SERC,WEST,EKPC,EKPC,1714.735,True
11/26/2024 11:00:00 PM,11/26/2024 6:00:00 PM,SERC,WEST,EKPC,EKPC,1605.400,True
11/27/2024 12:00:00 AM,11/26/2024 7:00:00 PM,SERC,WEST,EKPC,EKPC,1746.904,True
11/27/2024 1:00:00 AM,11/26/2024 8:00:00 PM,SERC,WEST,EKPC,EKPC,1725.922,True
11/27/2024 2:00:00 AM,11/26/2024 9:00:00 PM,SERC,WEST,EKPC,EKPC,1727.651,True
11/27/2024 3:00:00 AM,11/26/2024 10:00:00 PM,SERC,WEST,EKPC,EKPC,1769.446,True
11/27/2024 4:00:00 AM,11/26/2024 11:00:00 PM,SERC,WEST,EKPC,EKPC,1739.331,True
11/27/2024 5:00:00 AM,11/27/2024 12:00:00 AM,SERC,WEST,EKPC,EKPC,1726.016,True
11/27/2024 6:00:00 AM,11/27/2024 1:00:00 AM,SERC,WEST,EKPC,EKPC,1597.804,True
11/27/2024 7:00:00 AM,11/27/2024 2:00:00 AM,SERC,WEST,EKPC,EKPC,1682.022,True
11/27/2024 8:00:00 AM,11/27/2024 3:00:00 AM,SERC,WEST,EKPC,EKPC,1662.951,True
11/27/2024 9:00:00 AM,11/27/2024 4:00:00 AM,SERC,WEST,EKPC,EKPC,1615.810,True
11/27/2024 10:00:00 AM,11/27/2024 5:00:00 AM,SERC,WEST,EKPC,EKPC,1637.118,True
11/27/2024 11:00:00 AM,11/27/2024 6:00:00 AM,SERC,WEST,EKPC,EKPC,1820.561,True
11/27/2024 12:00:00 PM,11/27/2024 7:00:00 AM,SERC,WEST,EKPC,EKPC,1861.352,True
11/27/2024 1:00:00 PM,11/27/2024 8:00:00 AM,SERC,WEST,EKPC,EKPC,1901.593,True
11/27/2024 2:00:00 PM,11/27/2024 9:00:00 AM,SERC,WEST,EKPC,EKPC,1856.756,True
11/27/2024 3:00:00 PM,11/27/2024 10:00:00 AM,SERC,WEST,EKPC,EKPC,1867.306,True
11/27/2024 4:00:00 PM,11/27/2024 11:00:00 AM,SERC,WEST,EKPC,EKPC,1807.454,True
11/27/2024 5:00:00 PM,11/27/2024 12:00:00 PM,SERC,WEST,EKPC,EKPC,1786.321,True
11/27/2024 6:00:00 PM,11/27/2024 1:00:00 PM,SERC,WEST,EKPC,EKPC,1720.246,True
11/27/2024 7:00:00 PM,11/27/2024 2:00:00 PM,SERC,WEST,EKPC,EKPC,1681.998,True
11/27/2024 8:00:00 PM,11/27/2024 3:00:00 PM,SERC,WEST,EKPC,EKPC,1645.835,True
11/27/2024 9:00:00 PM,11/27/2024 4:00:00 PM,SERC,WEST,EKPC,EKPC,1765.977,True
11/27/2024 10:00:00 PM,11/27/2024 5:00:00 PM,SERC,WEST,EKPC,EKPC,1696.762,True
11/27/2024 11:00:00 PM,11/27/2024 6:00:00 PM,SERC,WEST,EKPC,EKPC,1756.099,True
11/28/2024 12:00:00 AM,11/27/2024 7:00:00 PM,SERC,WEST,EKPC,EKPC,1764.631,True
11/28/2024 1:00:00 AM,11/27/2024 8:00:00 PM,SERC,WEST,EKPC,EKPC,1716.371,True
11/28/2024 2:00:00 AM,11/27/2024 9:00:00 PM,SERC,WEST,EKPC,EKPC,1618.713,True
11/28/2024 3:00:00 AM,11/27/2024 10:00:00 PM,SERC,WEST,EKPC,EKPC,1566.036,True
11/28/2024 4:00:00 AM,11/27/2024 11:00:00 PM,SERC,WEST,EKPC,EKPC,1420.080,True
11/28/2024 5:00:00 AM,11/28/2024 12:00:00 AM,SERC,WEST,EKPC,EKPC,1423.396,True
11/28/2024 6:00:00 AM,11/28/2024 1:00:00 AM,SERC,WEST,EKPC,EKPC,1349.344,True
11/28/2024 7:00:00 AM,11/28/2024 2:00:00 AM,SERC,WEST,EKPC,EKPC,1411.602,True
11/28/2024 8:00:00 AM,11/28/2024 3:00:00 AM,SERC,WEST,EKPC,EKPC,1405.911,True
11/28/2024 9:00:00 AM,11/28/2024 4:00:00 AM,SERC,WEST,EKPC,EKPC,1397.822,True
11/28/2024 10:00:00 AM,11/28/2024 5:00:00 AM,SERC,WEST,EKPC,EKPC,1476.380,True
11/28/2024 11:00:00 AM,11/28/2024 6:00:00 AM,SERC,WEST,EKPC,EKPC,1624.989,True
11/28/2024 12:00:00 PM,11/28/2024 7:00:00 AM,SERC,WEST,EKPC,EKPC,1707.368,True
11/28/2024 1:00:00 PM,11/28/2024 8:00:00 AM,SERC,WEST,EKPC,EKPC,1840.089,True
11/28/2024 2:00:00 PM,11/28/2024 9:00:00 AM,SERC,WEST,EKPC,EKPC,1939.012,True
11/28/2024 3:00:00 PM,11/28/2024 10:00:00 AM,SERC,WEST,EKPC,EKPC,2010.014,True
11/28/2024 4:00:00 PM,11/28/2024 11:00:00 AM,SERC,WEST,EKPC,EKPC,2033.964,True
11/28/2024 5:00:00 PM,11/28/2024 12:00:00 PM,SERC,WEST,EKPC,EKPC,1948.883,True
11/28/2024 6:00:00 PM,11/28/2024 1:00:00 PM,SERC,WEST,EKPC,EKPC,1784.789,True
11/28/2024 7:00:00 PM,11/28/2024 2:00:00 PM,SERC,WEST,EKPC,EKPC,1759.751,True
11/28/2024 8:00:00 PM,11/28/2024 3:00:00 PM,SERC,WEST,EKPC,EKPC,1693.531,True
11/28/2024 9:00:00 PM,11/28/2024 4:00:00 PM,SERC,WEST,EKPC,EKPC,1738.988,True
11/28/2024 10:00:00 PM,11/28/2024 5:00:00 PM,SERC,WEST,EKPC,EKPC,1662.830,True
11/28/2024 11:00:00 PM,11/28/2024 6:00:00 PM,SERC,WEST,EKPC,EKPC,1699.793,True
11/29/2024 12:00:00 AM,11/28/2024 7:00:00 PM,SERC,WEST,EKPC,EKPC,1733.326,True
11/29/2024 1:00:00 AM,11/28/2024 8:00:00 PM,SERC,WEST,EKPC,EKPC,1771.726,True
11/29/2024 2:00:00 AM,11/28/2024 9:00:00 PM,SERC,WEST,EKPC,EKPC,1755.468,True
11/29/2024 3:00:00 AM,11/28/2024 10:00:00 PM,SERC,WEST,EKPC,EKPC,1727.763,True
11/29/2024 4:00:00 AM,11/28/2024 11:00:00 PM,SERC,WEST,EKPC,EKPC,1705.059,True
11/29/2024 5:00:00 AM,11/29/2024 12:00:00 AM,SERC,WEST,EKPC,EKPC,1734.292,True
11/29/2024 6:00:00 AM,11/29/2024 1:00:00 AM,SERC,WEST,EKPC,EKPC,1639.984,True
11/29/2024 7:00:00 AM,11/29/2024 2:00:00 AM,SERC,WEST,EKPC,EKPC,1605.020,True
11/29/2024 8:00:00 AM,11/29/2024 3:00:00 AM,SERC,WEST,EKPC,EKPC,1734.022,True
11/29/2024 9:00:00 AM,11/29/2024 4:00:00 AM,SERC,WEST,EKPC,EKPC,1765.574,True
11/29/2024 10:00:00 AM,11/29/2024 5:00:00 AM,SERC,WEST,EKPC,EKPC,1872.738,True
11/29/2024 11:00:00 AM,11/29/2024 6:00:00 AM,SERC,WEST,EKPC,EKPC,1958.067,True
11/29/2024 12:00:00 PM,11/29/2024 7:00:00 AM,SERC,WEST,EKPC,EKPC,2004.585,True
11/29/2024 1:00:00 PM,11/29/2024 8:00:00 AM,SERC,WEST,EKPC,EKPC,2057.809,True
11/29/2024 2:00:00 PM,11/29/2024 9:00:00 AM,SERC,WEST,EKPC,EKPC,2100.812,True
11/29/2024 3:00:00 PM,11/29/2024 10:00:00 AM,SERC,WEST,EKPC,EKPC,2113.221,True
11/29/2024 4:00:00 PM,11/29/2024 11:00:00 AM,SERC,WEST,EKPC,EKPC,2053.960,True
11/29/2024 5:00:00 PM,11/29/2024 12:00:00 PM,SERC,WEST,EKPC,EKPC,2010.365,True
11/29/2024 6:00:00 PM,11/29/2024 1:00:00 PM,SERC,WEST,EKPC,EKPC,1921.132,True
11/29/2024 7:00:00 PM,11/29/2024 2:00:00 PM,SERC,WEST,EKPC,EKPC,1879.542,True
11/29/2024 8:00:00 PM,11/29/2024 3:00:00 PM,SERC,WEST,EKPC,EKPC,1885.985,True
11/29/2024 9:00:00 PM,11/29/2024 4:00:00 PM,SERC,WEST,EKPC,EKPC,1875.588,True
11/29/2024 10:00:00 PM,11/29/2024 5:00:00 PM,SERC,WEST,EKPC,EKPC,1857.495,True
11/29/2024 11:00:00 PM,11/29/2024 6:00:00 PM,SERC,WEST,EKPC,EKPC,1977.222,True
11/30/2024 12:00:00 AM,11/29/2024 7:00:00 PM,SERC,WEST,EKPC,EKPC,2049.711,True
11/30/2024 1:00:00 AM,11/29/2024 8:00:00 PM,SERC,WEST,EKPC,EKPC,2048.566,True
11/30/2024 2:00:00 AM,11/29/2024 9:00:00 PM,SERC,WEST,EKPC,EKPC,1954.367,True
11/30/2024 3:00:00 AM,11/29/2024 10:00:00 PM,SERC,WEST,EKPC,EKPC,1983.832,True
11/30/2024 4:00:00 AM,11/29/2024 11:00:00 PM,SERC,WEST,EKPC,EKPC,2108.360,True
11/30/2024 5:00:00 AM,11/30/2024 12:00:00 AM,SERC,WEST,EKPC,EKPC,2083.210,True
11/30/2024 6:00:00 AM,11/30/2024 1:00:00 AM,SERC,WEST,EKPC,EKPC,2039.690,True
11/30/2024 7:00:00 AM,11/30/2024 2:00:00 AM,SERC,WEST,EKPC,EKPC,2138.642,True
11/30/2024 8:00:00 AM,11/30/2024 3:00:00 AM,SERC,WEST,EKPC,EKPC,2145.088,True
11/30/2024 9:00:00 AM,11/30/2024 4:00:00 AM,SERC,WEST,EKPC,EKPC,2189.064,True
11/30/2024 10:00:00 AM,11/30/2024 5:00:00 AM,SERC,WEST,EKPC,EKPC,2297.373,True
11/30/2024 11:00:00 AM,11/30/2024 6:00:00 AM,SERC,WEST,EKPC,EKPC,2342.194,True
11/30/2024 12:00:00 PM,11/30/2024 7:00:00 AM,SERC,WEST,EKPC,EKPC,2331.409,True
11/30/2024 1:00:00 PM,11/30/2024 8:00:00 AM,SERC,WEST,EKPC,EKPC,2346.894,True
11/30/2024 2:00:00 PM,11/30/2024 9:00:00 AM,SERC,WEST,EKPC,EKPC,2253.181,True
11/30/2024 3:00:00 PM,11/30/2024 10:00:00 AM,SERC,WEST,EKPC,EKPC,2075.727,True
11/30/2024 4:00:00 PM,11/30/2024 11:00:00 AM,SERC,WEST,EKPC,EKPC,2019.461,True
11/30/2024 5:00:00 PM,11/30/2024 12:00:00 PM,SERC,WEST,EKPC,EKPC,1973.082,True
11/30/2024 6:00:00 PM,11/30/2024 1:00:00 PM,SERC,WEST,EKPC,EKPC,1948.629,True
11/30/2024 7:00:00 PM,11/30/2024 2:00:00 PM,SERC,WEST,EKPC,EKPC,1900.902,True
11/30/2024 8:00:00 PM,11/30/2024 3:00:00 PM,SERC,WEST,EKPC,EKPC,1989.608,True
11/30/2024 9:00:00 PM,11/30/2024 4:00:00 PM,SERC,WEST,EKPC,EKPC,2027.307,True
11/30/2024 10:00:00 PM,11/30/2024 5:00:00 PM,SERC,WEST,EKPC,EKPC,2031.760,True
11/30/2024 11:00:00 PM,11/30/2024 6:00:00 PM,SERC,WEST,EKPC,EKPC,2074.541,True
12/1/2024 12:00:00 AM,11/30/2024 7:00:00 PM,SERC,WEST,EKPC,EKPC,2043.297,True
12/1/2024 1:00:00 AM,11/30/2024 8:00:00 PM,SERC,WEST,EKPC,EKPC,2055.025,True
12/1/2024 2:00:00 AM,11/30/2024 9:00:00 PM,SERC,WEST,EKPC,EKPC,1998.784,True
12/1/2024 3:00:00 AM,11/30/2024 10:00:00 PM,SERC,WEST,EKPC,EKPC,1994.490,True
12/1/2024 4:00:00 AM,11/30/2024 11:00:00 PM,SERC,WEST,EKPC,EKPC,1951.337,True
12/1/2024 5:00:00 AM,12/1/2024 12:00:00 AM,SERC,WEST,EKPC,EKPC,1948.128,True
12/1/2024 6:00:00 AM,12/1/2024 1:00:00 AM,SERC,WEST,EKPC,EKPC,1781.181,True
12/1/2024 7:00:00 AM,12/1/2024 2:00:00 AM,SERC,WEST,EKPC,EKPC,1905.286,True
12/1/2024 8:00:00 AM,12/1/2024 3:00:00 AM,SERC,WEST,EKPC,EKPC,1889.757,True
12/1/2024 9:00:00 AM,12/1/2024 4:00:00 AM,SERC,WEST,EKPC,EKPC,1925.429,True
12/1/2024 10:00:00 AM,12/1/2024 5:00:00 AM,SERC,WEST,EKPC,EKPC,1945.289,True
12/1/2024 11:00:00 AM,12/1/2024 6:00:00 AM,SERC,WEST,EKPC,EKPC,1912.422,True
12/1/2024 12:00:00 PM,12/1/2024 7:00:00 AM,SERC,WEST,EKPC,EKPC,2044.281,True
12/1/2024 1:00:00 PM,12/1/2024 8:00:00 AM,SERC,WEST,EKPC,EKPC,2099.550,True
12/1/2024 2:00:00 PM,12/1/2024 9:00:00 AM,SERC,WEST,EKPC,EKPC,2060.154,True
12/1/2024 3:00:00 PM,12/1/2024 10:00:00 AM,SERC,WEST,EKPC,EKPC,2067.673,True
12/1/2024 4:00:00 PM,12/1/2024 11:00:00 AM,SERC,WEST,EKPC,EKPC,2067.113,True
12/1/2024 5:00:00 PM,12/1/2024 12:00:00 PM,SERC,WEST,EKPC,EKPC,1966.317,True
12/1/2024 6:00:00 PM,12/1/2024 1:00:00 PM,SERC,WEST,EKPC,EKPC,1885.261,True
12/1/2024 7:00:00 PM,12/1/2024 2:00:00 PM,SERC,WEST,EKPC,EKPC,1834.451,True
12/1/2024 8:00:00 PM,12/1/2024 3:00:00 PM,SERC,WEST,EKPC,EKPC,1868.073,True
12/1/2024 9:00:00 PM,12/1/2024 4:00:00 PM,SERC,WEST,EKPC,EKPC,1920.598,True
12/1/2024 10:00:00 PM,12/1/2024 5:00:00 PM,SERC,WEST,EKPC,EKPC,1980.580,True
12/1/2024 11:00:00 PM,12/1/2024 6:00:00 PM,SERC,WEST,EKPC,EKPC,2136.797,True
12/2/2024 12:00:00 AM,12/1/2024 7:00:00 PM,SERC,WEST,EKPC,EKPC,2181.909,True
12/2/2024 1:00:00 AM,12/1/2024 8:00:00 PM,SERC,WEST,EKPC,EKPC,2174.017,True
12/2/2024 2:00:00 AM,12/1/2024 9:00:00 PM,SERC,WEST,EKPC,EKPC,2126.035,True
12/2/2024 3:00:00 AM,12/1/2024 10:00:00 PM,SERC,WEST,EKPC,EKPC,1968.856,True
12/2/2024 4:00:00 AM,12/1/2024 11:00:00 PM,SERC,WEST,EKPC,EKPC,1977.614,True
12/2/2024 5:00:00 AM,12/2/2024 12:00:00 AM,SERC,WEST,EKPC,EKPC,1977.156,True
12/2/2024 6:00:00 AM,12/2/2024 1:00:00 AM,SERC,WEST,EKPC,EKPC,1991.991,True
12/2/2024 7:00:00 AM,12/2/2024 2:00:00 AM,SERC,WEST,EKPC,EKPC,2028.646,True
12/2/2024 8:00:00 AM,12/2/2024 3:00:00 AM,SERC,WEST,EKPC,EKPC,2058.133,True
12/2/2024 9:00:00 AM,12/2/2024 4:00:00 AM,SERC,WEST,EKPC,EKPC,2118.014,True
12/2/2024 10:00:00 AM,12/2/2024 5:00:00 AM,SERC,WEST,EKPC,EKPC,2263.151,True
12/2/2024 11:00:00 AM,12/2/2024 6:00:00 AM,SERC,WEST,EKPC,EKPC,2438.366,True
12/2/2024 12:00:00 PM,12/2/2024 7:00:00 AM,SERC,WEST,EKPC,EKPC,2543.380,True
12/2/2024 1:00:00 PM,12/2/2024 8:00:00 AM,SERC,WEST,EKPC,EKPC,2502.573,True
12/2/2024 2:00:00 PM,12/2/2024 9:00:00 AM,SERC,WEST,EKPC,EKPC,2322.152,True
12/2/2024 3:00:00 PM,12/2/2024 10:00:00 AM,SERC,WEST,EKPC,EKPC,2163.306,True
12/2/2024 4:00:00 PM,12/2/2024 11:00:00 AM,SERC,WEST,EKPC,EKPC,1958.160,True
12/2/2024 5:00:00 PM,12/2/2024 12:00:00 PM,SERC,WEST,EKPC,EKPC,1818.099,True
12/2/2024 6:00:00 PM,12/2/2024 1:00:00 PM,SERC,WEST,EKPC,EKPC,1910.407,True
12/2/2024 7:00:00 PM,12/2/2024 2:00:00 PM,SERC,WEST,EKPC,EKPC,1939.976,True
12/2/2024 8:00:00 PM,12/2/2024 3:00:00 PM,SERC,WEST,EKPC,EKPC,2073.439,True
12/2/2024 9:00:00 PM,12/2/2024 4:00:00 PM,SERC,WEST,EKPC,EKPC,2136.509,True
12/2/2024 10:00:00 PM,12/2/2024 5:00:00 PM,SERC,WEST,EKPC,EKPC,2256.575,True
12/2/2024 11:00:00 PM,12/2/2024 6:00:00 PM,SERC,WEST,EKPC,EKPC,2310.156,True
12/3/2024 12:00:00 AM,12/2/2024 7:00:00 PM,SERC,WEST,EKPC,EKPC,2274.200,True
12/3/2024 1:00:00 AM,12/2/2024 8:00:00 PM,SERC,WEST,EKPC,EKPC,2349.744,True
12/3/2024 2:00:00 AM,12/2/2024 9:00:00 PM,SERC,WEST,EKPC,EKPC,2307.605,True
12/3/2024 3:00:00 AM,12/2/2024 10:00:00 PM,SERC,WEST,EKPC,EKPC,2203.354,True
12/3/2024 4:00:00 AM,12/2/2024 11:00:00 PM,SERC,WEST,EKPC,EKPC,2220.307,True
12/3/2024 5:00:00 AM,12/3/2024 12:00:00 AM,SERC,WEST,EKPC,EKPC,2214.580,True
12/3/2024 6:00:00 AM,12/3/2024 1:00:00 AM,SERC,WEST,EKPC,EKPC,2207.158,True
12/3/2024 7:00:00 AM,12/3/2024 2:00:00 AM,SERC,WEST,EKPC,EKPC,2249.289,True
12/3/2024 8:00:00 AM,12/3/2024 3:00:00 AM,SERC,WEST,EKPC,EKPC,2228.004,True
12/3/2024 9:00:00 AM,12/3/2024 4:00:00 AM,SERC,WEST,EKPC,EKPC,2243.102,True
12/3/2024 10:00:00 AM,12/3/2024 5:00:00 AM,SERC,WEST,EKPC,EKPC,2334.410,True
12/3/2024 11:00:00 AM,12/3/2024 6:00:00 AM,SERC,WEST,EKPC,EKPC,2326.374,True
12/3/2024 12:00:00 PM,12/3/2024 7:00:00 AM,SERC,WEST,EKPC,EKPC,2411.042,True
12/3/2024 1:00:00 PM,12/3/2024 8:00:00 AM,SERC,WEST,EKPC,EKPC,2384.125,True
12/3/2024 2:00:00 PM,12/3/2024 9:00:00 AM,SERC,WEST,EKPC,EKPC,2411.098,True
12/3/2024 3:00:00 PM,12/3/2024 10:00:00 AM,SERC,WEST,EKPC,EKPC,2377.825,True
12/3/2024 4:00:00 PM,12/3/2024 11:00:00 AM,SERC,WEST,EKPC,EKPC,2339.862,True
12/3/2024 5:00:00 PM,12/3/2024 12:00:00 PM,SERC,WEST,EKPC,EKPC,2330.743,True
12/3/2024 6:00:00 PM,12/3/2024 1:00:00 PM,SERC,WEST,EKPC,EKPC,2321.515,True
12/3/2024 7:00:00 PM,12/3/2024 2:00:00 PM,SERC,WEST,EKPC,EKPC,2230.641,True
12/3/2024 8:00:00 PM,12/3/2024 3:00:00 PM,SERC,WEST,EKPC,EKPC,2104.256,True
12/3/2024 9:00:00 PM,12/3/2024 4:00:00 PM,SERC,WEST,EKPC,EKPC,2134.484,True
12/3/2024 10:00:00 PM,12/3/2024 5:00:00 PM,SERC,WEST,EKPC,EKPC,2364.391,True
12/3/2024 11:00:00 PM,12/3/2024 6:00:00 PM,SERC,WEST,EKPC,EKPC,2446.044,True
12/4/2024 12:00:00 AM,12/3/2024 7:00:00 PM,SERC,WEST,EKPC,EKPC,2436.439,True
12/4/2024 1:00:00 AM,12/3/2024 8:00:00 PM,SERC,WEST,EKPC,EKPC,2478.489,True
12/4/2024 2:00:00 AM,12/3/2024 9:00:00 PM,SERC,WEST,EKPC,EKPC,2463.859,True
12/4/2024 3:00:00 AM,12/3/2024 10:00:00 PM,SERC,WEST,EKPC,EKPC,2405.693,True
12/4/2024 4:00:00 AM,12/3/2024 11:00:00 PM,SERC,WEST,EKPC,EKPC,2421.681,True
12/4/2024 5:00:00 AM,12/4/2024 12:00:00 AM,SERC,WEST,EKPC,EKPC,2420.682,True
12/4/2024 6:00:00 AM,12/4/2024 1:00:00 AM,SERC,WEST,EKPC,EKPC,2398.916,True
12/4/2024 7:00:00 AM,12/4/2024 2:00:00 AM,SERC,WEST,EKPC,EKPC,2325.007,True
12/4/2024 8:00:00 AM,12/4/2024 3:00:00 AM,SERC,WEST,EKPC,EKPC,2333.426,True
12/4/2024 9:00:00 AM,12/4/2024 4:00:00 AM,SERC,WEST,EKPC,EKPC,2372.353,True
12/4/2024 10:00:00 AM,12/4/2024 5:00:00 AM,SERC,WEST,EKPC,EKPC,2426.523,True
12/4/2024 11:00:00 AM,12/4/2024 6:00:00 AM,SERC,WEST,EKPC,EKPC,2461.238,True
12/4/2024 12:00:00 PM,12/4/2024 7:00:00 AM,SERC,WEST,EKPC,EKPC,2407.848,True
12/4/2024 1:00:00 PM,12/4/2024 8:00:00 AM,SERC,WEST,EKPC,EKPC,2305.497,True
12/4/2024 2:00:00 PM,12/4/2024 9:00:00 AM,SERC,WEST,EKPC,EKPC,2271.773,True
12/4/2024 3:00:00 PM,12/4/2024 10:00:00 AM,SERC,WEST,EKPC,EKPC,2177.656,True
12/4/2024 4:00:00 PM,12/4/2024 11:00:00 AM,SERC,WEST,EKPC,EKPC,2064.781,True
12/4/2024 5:00:00 PM,12/4/2024 12:00:00 PM,SERC,WEST,EKPC,EKPC,1948.078,True
12/4/2024 6:00:00 PM,12/4/2024 1:00:00 PM,SERC,WEST,EKPC,EKPC,1833.625,True
12/4/2024 7:00:00 PM,12/4/2024 2:00:00 PM,SERC,WEST,EKPC,EKPC,1747.730,True
12/4/2024 8:00:00 PM,12/4/2024 3:00:00 PM,SERC,WEST,EKPC,EKPC,1718.960,True
12/4/2024 9:00:00 PM,12/4/2024 4:00:00 PM,SERC,WEST,EKPC,EKPC,1810.338,True
12/4/2024 10:00:00 PM,12/4/2024 5:00:00 PM,SERC,WEST,EKPC,EKPC,1990.227,True
12/4/2024 11:00:00 PM,12/4/2024 6:00:00 PM,SERC,WEST,EKPC,EKPC,1948.650,True
12/5/2024 12:00:00 AM,12/4/2024 7:00:00 PM,SERC,WEST,EKPC,EKPC,1944.167,True
12/5/2024 1:00:00 AM,12/4/2024 8:00:00 PM,SERC,WEST,EKPC,EKPC,1843.737,True
12/5/2024 2:00:00 AM,12/4/2024 9:00:00 PM,SERC,WEST,EKPC,EKPC,1773.264,True
12/5/2024 3:00:00 AM,12/4/2024 10:00:00 PM,SERC,WEST,EKPC,EKPC,1744.972,True
12/5/2024 4:00:00 AM,12/4/2024 11:00:00 PM,SERC,WEST,EKPC,EKPC,1733.464,True
12/5/2024 5:00:00 AM,12/5/2024 12:00:00 AM,SERC,WEST,EKPC,EKPC,1607.103,True
12/5/2024 6:00:00 AM,12/5/2024 1:00:00 AM,SERC,WEST,EKPC,EKPC,1587.829,True
12/5/2024 7:00:00 AM,12/5/2024 2:00:00 AM,SERC,WEST,EKPC,EKPC,1685.054,True
12/5/2024 8:00:00 AM,12/5/2024 3:00:00 AM,SERC,WEST,EKPC,EKPC,1774.363,True
12/5/2024 9:00:00 AM,12/5/2024 4:00:00 AM,SERC,WEST,EKPC,EKPC,1915.021,True
12/5/2024 10:00:00 AM,12/5/2024 5:00:00 AM,SERC,WEST,EKPC,EKPC,2082.424,True
12/5/2024 11:00:00 AM,12/5/2024 6:00:00 AM,SERC,WEST,EKPC,EKPC,2248.195,True
12/5/2024 12:00:00 PM,12/5/2024 7:00:00 AM,SERC,WEST,EKPC,EKPC,2440.622,True
12/5/2024 1:00:00 PM,12/5/2024 8:00:00 AM,SERC,WEST,EKPC,EKPC,2460.540,True
12/5/2024 2:00:00 PM,12/5/2024 9:00:00 AM,SERC,WEST,EKPC,EKPC,2428.131,True
12/5/2024 3:00:00 PM,12/5/2024 10:00:00 AM,SERC,WEST,EKPC,EKPC,2359.399,True
12/5/2024 4:00:00 PM,12/5/2024 11:00:00 AM,SERC,WEST,EKPC,EKPC,2243.540,True
12/5/2024 5:00:00 PM,12/5/2024 12:00:00 PM,SERC,WEST,EKPC,EKPC,2104.232,True
12/5/2024 6:00:00 PM,12/5/2024 1:00:00 PM,SERC,WEST,EKPC,EKPC,2124.924,True
12/5/2024 7:00:00 PM,12/5/2024 2:00:00 PM,SERC,WEST,EKPC,EKPC,2077.775,True
12/5/2024 8:00:00 PM,12/5/2024 3:00:00 PM,SERC,WEST,EKPC,EKPC,2101.083,True
12/5/2024 9:00:00 PM,12/5/2024 4:00:00 PM,SERC,WEST,EKPC,EKPC,2281.121,True
12/5/2024 10:00:00 PM,12/5/2024 5:00:00 PM,SERC,WEST,EKPC,EKPC,2380.691,True
12/5/2024 11:00:00 PM,12/5/2024 6:00:00 PM,SERC,WEST,EKPC,EKPC,2531.863,True
12/6/2024 12:00:00 AM,12/5/2024 7:00:00 PM,SERC,WEST,EKPC,EKPC,2576.640,True
12/6/2024 1:00:00 AM,12/5/2024 8:00:00 PM,SERC,WEST,EKPC,EKPC,2652.061,True
12/6/2024 2:00:00 AM,12/5/2024 9:00:00 PM,SERC,WEST,EKPC,EKPC,2644.804,True
12/6/2024 3:00:00 AM,12/5/2024 10:00:00 PM,SERC,WEST,EKPC,EKPC,2600.366,True
12/6/2024 4:00:00 AM,12/5/2024 11:00:00 PM,SERC,WEST,EKPC,EKPC,2575.507,True
12/6/2024 5:00:00 AM,12/6/2024 12:00:00 AM,SERC,WEST,EKPC,EKPC,2584.252,True
12/6/2024 6:00:00 AM,12/6/2024 1:00:00 AM,SERC,WEST,EKPC,EKPC,2577.285,True
12/6/2024 7:00:00 AM,12/6/2024 2:00:00 AM,SERC,WEST,EKPC,EKPC,2662.203,True
12/6/2024 8:00:00 AM,12/6/2024 3:00:00 AM,SERC,WEST,EKPC,EKPC,2640.401,True
12/6/2024 9:00:00 AM,12/6/2024 4:00:00 AM,SERC,WEST,EKPC,EKPC,2705.533,True
12/6/2024 10:00:00 AM,12/6/2024 5:00:00 AM,SERC,WEST,EKPC,EKPC,2793.144,True
12/6/2024 11:00:00 AM,12/6/2024 6:00:00 AM,SERC,WEST,EKPC,EKPC,3041.655,True
12/6/2024 12:00:00 PM,12/6/2024 7:00:00 AM,SERC,WEST,EKPC,EKPC,3102.586,True
12/6/2024 1:00:00 PM,12/6/2024 8:00:00 AM,SERC,WEST,EKPC,EKPC,3057.204,True
12/6/2024 2:00:00 PM,12/6/2024 9:00:00 AM,SERC,WEST,EKPC,EKPC,2806.698,True
12/6/2024 3:00:00 PM,12/6/2024 10:00:00 AM,SERC,WEST,EKPC,EKPC,2498.754,True
12/6/2024 4:00:00 PM,12/6/2024 11:00:00 AM,SERC,WEST,EKPC,EKPC,2286.265,True
12/6/2024 5:00:00 PM,12/6/2024 12:00:00 PM,SERC,WEST,EKPC,EKPC,2023.648,True
12/6/2024 6:00:00 PM,12/6/2024 1:00:00 PM,SERC,WEST,EKPC,EKPC,1995.909,True
12/6/2024 7:00:00 PM,12/6/2024 2:00:00 PM,SERC,WEST,EKPC,EKPC,1915.675,True
12/6/2024 8:00:00 PM,12/6/2024 3:00:00 PM,SERC,WEST,EKPC,EKPC,1951.537,True
12/6/2024 9:00:00 PM,12/6/2024 4:00:00 PM,SERC,WEST,EKPC,EKPC,2041.294,True
12/6/2024 10:00:00 PM,12/6/2024 5:00:00 PM,SERC,WEST,EKPC,EKPC,2200.753,True
12/6/2024 11:00:00 PM,12/6/2024 6:00:00 PM,SERC,WEST,EKPC,EKPC,2317.199,True
12/7/2024 12:00:00 AM,12/6/2024 7:00:00 PM,SERC,WEST,EKPC,EKPC,2328.367,True
12/7/2024 1:00:00 AM,12/6/2024 8:00:00 PM,SERC,WEST,EKPC,EKPC,2365.777,True
12/7/2024 2:00:00 AM,12/6/2024 9:00:00 PM,SERC,WEST,EKPC,EKPC,2323.313,True
12/7/2024 3:00:00 AM,12/6/2024 10:00:00 PM,SERC,WEST,EKPC,EKPC,2345.349,True
12/7/2024 4:00:00 AM,12/6/2024 11:00:00 PM,SERC,WEST,EKPC,EKPC,2398.777,True
12/7/2024 5:00:00 AM,12/7/2024 12:00:00 AM,SERC,WEST,EKPC,EKPC,2422.343,True
12/7/2024 6:00:00 AM,12/7/2024 1:00:00 AM,SERC,WEST,EKPC,EKPC,2421.764,True
12/7/2024 7:00:00 AM,12/7/2024 2:00:00 AM,SERC,WEST,EKPC,EKPC,2448.925,True
12/7/2024 8:00:00 AM,12/7/2024 3:00:00 AM,SERC,WEST,EKPC,EKPC,2450.942,True
12/7/2024 9:00:00 AM,12/7/2024 4:00:00 AM,SERC,WEST,EKPC,EKPC,2456.924,True
12/7/2024 10:00:00 AM,12/7/2024 5:00:00 AM,SERC,WEST,EKPC,EKPC,2488.729,True
12/7/2024 11:00:00 AM,12/7/2024 6:00:00 AM,SERC,WEST,EKPC,EKPC,2593.969,True
12/7/2024 12:00:00 PM,12/7/2024 7:00:00 AM,SERC,WEST,EKPC,EKPC,2610.706,True
12/7/2024 1:00:00 PM,12/7/2024 8:00:00 AM,SERC,WEST,EKPC,EKPC,2643.911,True
12/7/2024 2:00:00 PM,12/7/2024 9:00:00 AM,SERC,WEST,EKPC,EKPC,2452.233,True
12/7/2024 3:00:00 PM,12/7/2024 10:00:00 AM,SERC,WEST,EKPC,EKPC,2251.202,True
12/7/2024 4:00:00 PM,12/7/2024 11:00:00 AM,SERC,WEST,EKPC,EKPC,2037.342,True
12/7/2024 5:00:00 PM,12/7/2024 12:00:00 PM,SERC,WEST,EKPC,EKPC,1911.510,True
12/7/2024 6:00:00 PM,12/7/2024 1:00:00 PM,SERC,WEST,EKPC,EKPC,1785.557,True
12/7/2024 7:00:00 PM,12/7/2024 2:00:00 PM,SERC,WEST,EKPC,EKPC,1788.210,True
12/7/2024 8:00:00 PM,12/7/2024 3:00:00 PM,SERC,WEST,EKPC,EKPC,1695.307,True
12/7/2024 9:00:00 PM,12/7/2024 4:00:00 PM,SERC,WEST,EKPC,EKPC,1782.658,True
12/7/2024 10:00:00 PM,12/7/2024 5:00:00 PM,SERC,WEST,EKPC,EKPC,1902.115,True
12/7/2024 11:00:00 PM,12/7/2024 6:00:00 PM,SERC,WEST,EKPC,EKPC,1939.789,True
12/8/2024 12:00:00 AM,12/7/2024 7:00:00 PM,SERC,WEST,EKPC,EKPC,1969.607,True
12/8/2024 1:00:00 AM,12/7/2024 8:00:00 PM,SERC,WEST,EKPC,EKPC,1984.785,True
12/8/2024 2:00:00 AM,12/7/2024 9:00:00 PM,SERC,WEST,EKPC,EKPC,1958.628,True
12/8/2024 3:00:00 AM,12/7/2024 10:00:00 PM,SERC,WEST,EKPC,EKPC,1929.320,True
12/8/2024 4:00:00 AM,12/7/2024 11:00:00 PM,SERC,WEST,EKPC,EKPC,1858.770,True
12/8/2024 5:00:00 AM,12/8/2024 12:00:00 AM,SERC,WEST,EKPC,EKPC,1852.546,True
12/8/2024 6:00:00 AM,12/8/2024 1:00:00 AM,SERC,WEST,EKPC,EKPC,1726.709,True
12/8/2024 7:00:00 AM,12/8/2024 2:00:00 AM,SERC,WEST,EKPC,EKPC,1739.054,True
12/8/2024 8:00:00 AM,12/8/2024 3:00:00 AM,SERC,WEST,EKPC,EKPC,1779.404,True
12/8/2024 9:00:00 AM,12/8/2024 4:00:00 AM,SERC,WEST,EKPC,EKPC,1793.626,True
12/8/2024 10:00:00 AM,12/8/2024 5:00:00 AM,SERC,WEST,EKPC,EKPC,1829.301,True
12/8/2024 11:00:00 AM,12/8/2024 6:00:00 AM,SERC,WEST,EKPC,EKPC,1822.364,True
12/8/2024 12:00:00 PM,12/8/2024 7:00:00 AM,SERC,WEST,EKPC,EKPC,1874.165,True
12/8/2024 1:00:00 PM,12/8/2024 8:00:00 AM,SERC,WEST,EKPC,EKPC,1771.344,True
12/8/2024 2:00:00 PM,12/8/2024 9:00:00 AM,SERC,WEST,EKPC,EKPC,1884.797,True
12/8/2024 3:00:00 PM,12/8/2024 10:00:00 AM,SERC,WEST,EKPC,EKPC,1750.256,True
12/8/2024 4:00:00 PM,12/8/2024 11:00:00 AM,SERC,WEST,EKPC,EKPC,1695.354,True
12/8/2024 5:00:00 PM,12/8/2024 12:00:00 PM,SERC,WEST,EKPC,EKPC,1673.680,True
12/8/2024 6:00:00 PM,12/8/2024 1:00:00 PM,SERC,WEST,EKPC,EKPC,1586.815,True
12/8/2024 7:00:00 PM,12/8/2024 2:00:00 PM,SERC,WEST,EKPC,EKPC,1547.604,True
12/8/2024 8:00:00 PM,12/8/2024 3:00:00 PM,SERC,WEST,EKPC,EKPC,1618.225,True
12/8/2024 9:00:00 PM,12/8/2024 4:00:00 PM,SERC,WEST,EKPC,EKPC,1659.602,True
12/8/2024 10:00:00 PM,12/8/2024 5:00:00 PM,SERC,WEST,EKPC,EKPC,1710.871,True
12/8/2024 11:00:00 PM,12/8/2024 6:00:00 PM,SERC,WEST,EKPC,EKPC,1721.402,True
12/9/2024 12:00:00 AM,12/8/2024 7:00:00 PM,SERC,WEST,EKPC,EKPC,1702.804,True
12/9/2024 1:00:00 AM,12/8/2024 8:00:00 PM,SERC,WEST,EKPC,EKPC,1695.511,True
12/9/2024 2:00:00 AM,12/8/2024 9:00:00 PM,SERC,WEST,EKPC,EKPC,1673.244,True
12/9/2024 3:00:00 AM,12/8/2024 10:00:00 PM,SERC,WEST,EKPC,EKPC,1568.221,True
12/9/2024 4:00:00 AM,12/8/2024 11:00:00 PM,SERC,WEST,EKPC,EKPC,1537.745,True
12/9/2024 5:00:00 AM,12/9/2024 12:00:00 AM,SERC,WEST,EKPC,EKPC,1473.352,True
12/9/2024 6:00:00 AM,12/9/2024 1:00:00 AM,SERC,WEST,EKPC,EKPC,1442.934,True
12/9/2024 7:00:00 AM,12/9/2024 2:00:00 AM,SERC,WEST,EKPC,EKPC,1445.391,True
12/9/2024 8:00:00 AM,12/9/2024 3:00:00 AM,SERC,WEST,EKPC,EKPC,1392.792,True
12/9/2024 9:00:00 AM,12/9/2024 4:00:00 AM,SERC,WEST,EKPC,EKPC,1364.743,True
12/9/2024 10:00:00 AM,12/9/2024 5:00:00 AM,SERC,WEST,EKPC,EKPC,1511.860,True
12/9/2024 11:00:00 AM,12/9/2024 6:00:00 AM,SERC,WEST,EKPC,EKPC,1577.170,True
12/9/2024 12:00:00 PM,12/9/2024 7:00:00 AM,SERC,WEST,EKPC,EKPC,1588.100,True
12/9/2024 1:00:00 PM,12/9/2024 8:00:00 AM,SERC,WEST,EKPC,EKPC,1578.774,True
12/9/2024 2:00:00 PM,12/9/2024 9:00:00 AM,SERC,WEST,EKPC,EKPC,1553.525,True
12/9/2024 3:00:00 PM,12/9/2024 10:00:00 AM,SERC,WEST,EKPC,EKPC,1671.356,True
12/9/2024 4:00:00 PM,12/9/2024 11:00:00 AM,SERC,WEST,EKPC,EKPC,1622.618,True
12/9/2024 5:00:00 PM,12/9/2024 12:00:00 PM,SERC,WEST,EKPC,EKPC,1595.018,True
12/9/2024 6:00:00 PM,12/9/2024 1:00:00 PM,SERC,WEST,EKPC,EKPC,1582.557,True
12/9/2024 7:00:00 PM,12/9/2024 2:00:00 PM,SERC,WEST,EKPC,EKPC,1507.764,True
12/9/2024 8:00:00 PM,12/9/2024 3:00:00 PM,SERC,WEST,EKPC,EKPC,1463.718,True
12/9/2024 9:00:00 PM,12/9/2024 4:00:00 PM,SERC,WEST,EKPC,EKPC,1552.466,True
12/9/2024 10:00:00 PM,12/9/2024 5:00:00 PM,SERC,WEST,EKPC,EKPC,1599.582,True
12/9/2024 11:00:00 PM,12/9/2024 6:00:00 PM,SERC,WEST,EKPC,EKPC,1663.226,True
12/10/2024 12:00:00 AM,12/9/2024 7:00:00 PM,SERC,WEST,EKPC,EKPC,1658.922,True
12/10/2024 1:00:00 AM,12/9/2024 8:00:00 PM,SERC,WEST,EKPC,EKPC,1542.568,True
12/10/2024 2:00:00 AM,12/9/2024 9:00:00 PM,SERC,WEST,EKPC,EKPC,1474.015,True
12/10/2024 3:00:00 AM,12/9/2024 10:00:00 PM,SERC,WEST,EKPC,EKPC,1404.361,True
12/10/2024 4:00:00 AM,12/9/2024 11:00:00 PM,SERC,WEST,EKPC,EKPC,1473.971,True
12/10/2024 5:00:00 AM,12/10/2024 12:00:00 AM,SERC,WEST,EKPC,EKPC,1475.573,True
12/10/2024 6:00:00 AM,12/10/2024 1:00:00 AM,SERC,WEST,EKPC,EKPC,1373.687,True
12/10/2024 7:00:00 AM,12/10/2024 2:00:00 AM,SERC,WEST,EKPC,EKPC,1362.374,True
12/10/2024 8:00:00 AM,12/10/2024 3:00:00 AM,SERC,WEST,EKPC,EKPC,1370.090,True
12/10/2024 9:00:00 AM,12/10/2024 4:00:00 AM,SERC,WEST,EKPC,EKPC,1312.379,True
12/10/2024 10:00:00 AM,12/10/2024 5:00:00 AM,SERC,WEST,EKPC,EKPC,1394.042,True
12/10/2024 11:00:00 AM,12/10/2024 6:00:00 AM,SERC,WEST,EKPC,EKPC,1546.685,True
12/10/2024 12:00:00 PM,12/10/2024 7:00:00 AM,SERC,WEST,EKPC,EKPC,1632.343,True
12/10/2024 1:00:00 PM,12/10/2024 8:00:00 AM,SERC,WEST,EKPC,EKPC,1658.448,True
12/10/2024 2:00:00 PM,12/10/2024 9:00:00 AM,SERC,WEST,EKPC,EKPC,1611.002,True
12/10/2024 3:00:00 PM,12/10/2024 10:00:00 AM,SERC,WEST,EKPC,EKPC,1599.936,True
12/10/2024 4:00:00 PM,12/10/2024 11:00:00 AM,SERC,WEST,EKPC,EKPC,1628.645,True
12/10/2024 5:00:00 PM,12/10/2024 12:00:00 PM,SERC,WEST,EKPC,EKPC,1575.457,True
12/10/2024 6:00:00 PM,12/10/2024 1:00:00 PM,SERC,WEST,EKPC,EKPC,1596.154,True
12/10/2024 7:00:00 PM,12/10/2024 2:00:00 PM,SERC,WEST,EKPC,EKPC,1590.475,True
12/10/2024 8:00:00 PM,12/10/2024 3:00:00 PM,SERC,WEST,EKPC,EKPC,1536.921,True
12/10/2024 9:00:00 PM,12/10/2024 4:00:00 PM,SERC,WEST,EKPC,EKPC,1656.509,True
12/10/2024 10:00:00 PM,12/10/2024 5:00:00 PM,SERC,WEST,EKPC,EKPC,1705.123,True
12/10/2024 11:00:00 PM,12/10/2024 6:00:00 PM,SERC,WEST,EKPC,EKPC,1700.059,True
12/11/2024 12:00:00 AM,12/10/2024 7:00:00 PM,SERC,WEST,EKPC,EKPC,1678.687,True
12/11/2024 1:00:00 AM,12/10/2024 8:00:00 PM,SERC,WEST,EKPC,EKPC,1711.846,True
12/11/2024 2:00:00 AM,12/10/2024 9:00:00 PM,SERC,WEST,EKPC,EKPC,1695.569,True
12/11/2024 3:00:00 AM,12/10/2024 10:00:00 PM,SERC,WEST,EKPC,EKPC,1614.669,True
12/11/2024 4:00:00 AM,12/10/2024 11:00:00 PM,SERC,WEST,EKPC,EKPC,1544.734,True
12/11/2024 5:00:00 AM,12/11/2024 12:00:00 AM,SERC,WEST,EKPC,EKPC,1545.935,True
12/11/2024 6:00:00 AM,12/11/2024 1:00:00 AM,SERC,WEST,EKPC,EKPC,1585.464,True
12/11/2024 7:00:00 AM,12/11/2024 2:00:00 AM,SERC,WEST,EKPC,EKPC,1618.771,True
12/11/2024 8:00:00 AM,12/11/2024 3:00:00 AM,SERC,WEST,EKPC,EKPC,1662.876,True
12/11/2024 9:00:00 AM,12/11/2024 4:00:00 AM,SERC,WEST,EKPC,EKPC,1645.813,True
12/11/2024 10:00:00 AM,12/11/2024 5:00:00 AM,SERC,WEST,EKPC,EKPC,1778.858,True
12/11/2024 11:00:00 AM,12/11/2024 6:00:00 AM,SERC,WEST,EKPC,EKPC,1949.226,True
12/11/2024 12:00:00 PM,12/11/2024 7:00:00 AM,SERC,WEST,EKPC,EKPC,2056.572,True
12/11/2024 1:00:00 PM,12/11/2024 8:00:00 AM,SERC,WEST,EKPC,EKPC,2083.001,True
12/11/2024 2:00:00 PM,12/11/2024 9:00:00 AM,SERC,WEST,EKPC,EKPC,2074.402,True
12/11/2024 3:00:00 PM,12/11/2024 10:00:00 AM,SERC,WEST,EKPC,EKPC,2035.349,True
12/11/2024 4:00:00 PM,12/11/2024 11:00:00 AM,SERC,WEST,EKPC,EKPC,1983.794,True
12/11/2024 5:00:00 PM,12/11/2024 12:00:00 PM,SERC,WEST,EKPC,EKPC,1939.379,True
12/11/2024 6:00:00 PM,12/11/2024 1:00:00 PM,SERC,WEST,EKPC,EKPC,1882.696,True
12/11/2024 7:00:00 PM,12/11/2024 2:00:00 PM,SERC,WEST,EKPC,EKPC,1892.409,True
12/11/2024 8:00:00 PM,12/11/2024 3:00:00 PM,SERC,WEST,EKPC,EKPC,1943.968,True
12/11/2024 9:00:00 PM,12/11/2024 4:00:00 PM,SERC,WEST,EKPC,EKPC,2013.501,True
12/11/2024 10:00:00 PM,12/11/2024 5:00:00 PM,SERC,WEST,EKPC,EKPC,2129.963,True
12/11/2024 11:00:00 PM,12/11/2024 6:00:00 PM,SERC,WEST,EKPC,EKPC,2161.280,True
12/12/2024 12:00:00 AM,12/11/2024 7:00:00 PM,SERC,WEST,EKPC,EKPC,2233.355,True
12/12/2024 1:00:00 AM,12/11/2024 8:00:00 PM,SERC,WEST,EKPC,EKPC,2241.939,True
12/12/2024 2:00:00 AM,12/11/2024 9:00:00 PM,SERC,WEST,EKPC,EKPC,2190.092,True
12/12/2024 3:00:00 AM,12/11/2024 10:00:00 PM,SERC,WEST,EKPC,EKPC,2148.874,True
12/12/2024 4:00:00 AM,12/11/2024 11:00:00 PM,SERC,WEST,EKPC,EKPC,2085.847,True
12/12/2024 5:00:00 AM,12/12/2024 12:00:00 AM,SERC,WEST,EKPC,EKPC,2064.202,True
12/12/2024 6:00:00 AM,12/12/2024 1:00:00 AM,SERC,WEST,EKPC,EKPC,2100.474,True
12/12/2024 7:00:00 AM,12/12/2024 2:00:00 AM,SERC,WEST,EKPC,EKPC,2127.899,True
12/12/2024 8:00:00 AM,12/12/2024 3:00:00 AM,SERC,WEST,EKPC,EKPC,2139.031,True
12/12/2024 9:00:00 AM,12/12/2024 4:00:00 AM,SERC,WEST,EKPC,EKPC,2247.833,True
12/12/2024 10:00:00 AM,12/12/2024 5:00:00 AM,SERC,WEST,EKPC,EKPC,2321.270,True
12/12/2024 11:00:00 AM,12/12/2024 6:00:00 AM,SERC,WEST,EKPC,EKPC,2478.881,True
12/12/2024 12:00:00 PM,12/12/2024 7:00:00 AM,SERC,WEST,EKPC,EKPC,2527.145,True
12/12/2024 1:00:00 PM,12/12/2024 8:00:00 AM,SERC,WEST,EKPC,EKPC,2475.341,True
12/12/2024 2:00:00 PM,12/12/2024 9:00:00 AM,SERC,WEST,EKPC,EKPC,2351.223,True
12/12/2024 3:00:00 PM,12/12/2024 10:00:00 AM,SERC,WEST,EKPC,EKPC,2275.507,True
12/12/2024 4:00:00 PM,12/12/2024 11:00:00 AM,SERC,WEST,EKPC,EKPC,2172.538,True
12/12/2024 5:00:00 PM,12/12/2024 12:00:00 PM,SERC,WEST,EKPC,EKPC,2032.961,True
12/12/2024 6:00:00 PM,12/12/2024 1:00:00 PM,SERC,WEST,EKPC,EKPC,1930.273,True
12/12/2024 7:00:00 PM,12/12/2024 2:00:00 PM,SERC,WEST,EKPC,EKPC,1860.095,True
12/12/2024 8:00:00 PM,12/12/2024 3:00:00 PM,SERC,WEST,EKPC,EKPC,1887.089,True
12/12/2024 9:00:00 PM,12/12/2024 4:00:00 PM,SERC,WEST,EKPC,EKPC,1936.995,True
12/12/2024 10:00:00 PM,12/12/2024 5:00:00 PM,SERC,WEST,EKPC,EKPC,2033.054,True
12/12/2024 11:00:00 PM,12/12/2024 6:00:00 PM,SERC,WEST,EKPC,EKPC,2168.799,True
12/13/2024 12:00:00 AM,12/12/2024 7:00:00 PM,SERC,WEST,EKPC,EKPC,2106.745,True
12/13/2024 1:00:00 AM,12/12/2024 8:00:00 PM,SERC,WEST,EKPC,EKPC,2261.673,True
12/13/2024 2:00:00 AM,12/12/2024 9:00:00 PM,SERC,WEST,EKPC,EKPC,2233.975,True
12/13/2024 3:00:00 AM,12/12/2024 10:00:00 PM,SERC,WEST,EKPC,EKPC,2189.533,True
12/13/2024 4:00:00 AM,12/12/2024 11:00:00 PM,SERC,WEST,EKPC,EKPC,2137.160,True
12/13/2024 5:00:00 AM,12/13/2024 12:00:00 AM,SERC,WEST,EKPC,EKPC,2093.201,True
12/13/2024 6:00:00 AM,12/13/2024 1:00:00 AM,SERC,WEST,EKPC,EKPC,2089.832,True
12/13/2024 7:00:00 AM,12/13/2024 2:00:00 AM,SERC,WEST,EKPC,EKPC,2010.625,True
12/13/2024 8:00:00 AM,12/13/2024 3:00:00 AM,SERC,WEST,EKPC,EKPC,2097.795,True
12/13/2024 9:00:00 AM,12/13/2024 4:00:00 AM,SERC,WEST,EKPC,EKPC,2218.073,True
12/13/2024 10:00:00 AM,12/13/2024 5:00:00 AM,SERC,WEST,EKPC,EKPC,2324.456,True
12/13/2024 11:00:00 AM,12/13/2024 6:00:00 AM,SERC,WEST,EKPC,EKPC,2472.836,True
12/13/2024 12:00:00 PM,12/13/2024 7:00:00 AM,SERC,WEST,EKPC,EKPC,2418.404,True
12/13/2024 1:00:00 PM,12/13/2024 8:00:00 AM,SERC,WEST,EKPC,EKPC,2281.914,True
12/13/2024 2:00:00 PM,12/13/2024 9:00:00 AM,SERC,WEST,EKPC,EKPC,2223.832,True
12/13/2024 3:00:00 PM,12/13/2024 10:00:00 AM,SERC,WEST,EKPC,EKPC,2088.787,True
12/13/2024 4:00:00 PM,12/13/2024 11:00:00 AM,SERC,WEST,EKPC,EKPC,1959.013,True
12/13/2024 5:00:00 PM,12/13/2024 12:00:00 PM,SERC,WEST,EKPC,EKPC,1822.808,True
12/13/2024 6:00:00 PM,12/13/2024 1:00:00 PM,SERC,WEST,EKPC,EKPC,1775.648,True
12/13/2024 7:00:00 PM,12/13/2024 2:00:00 PM,SERC,WEST,EKPC,EKPC,1722.622,True
12/13/2024 8:00:00 PM,12/13/2024 3:00:00 PM,SERC,WEST,EKPC,EKPC,1715.157,True
12/13/2024 9:00:00 PM,12/13/2024 4:00:00 PM,SERC,WEST,EKPC,EKPC,1727.372,True
12/13/2024 10:00:00 PM,12/13/2024 5:00:00 PM,SERC,WEST,EKPC,EKPC,1800.480,True
12/13/2024 11:00:00 PM,12/13/2024 6:00:00 PM,SERC,WEST,EKPC,EKPC,1968.213,True
12/14/2024 12:00:00 AM,12/13/2024 7:00:00 PM,SERC,WEST,EKPC,EKPC,1962.401,True
12/14/2024 1:00:00 AM,12/13/2024 8:00:00 PM,SERC,WEST,EKPC,EKPC,1928.787,True
12/14/2024 2:00:00 AM,12/13/2024 9:00:00 PM,SERC,WEST,EKPC,EKPC,1886.108,True
12/14/2024 3:00:00 AM,12/13/2024 10:00:00 PM,SERC,WEST,EKPC,EKPC,1854.083,True
12/14/2024 4:00:00 AM,12/13/2024 11:00:00 PM,SERC,WEST,EKPC,EKPC,1840.486,True
12/14/2024 5:00:00 AM,12/14/2024 12:00:00 AM,SERC,WEST,EKPC,EKPC,1829.351,True
12/14/2024 6:00:00 AM,12/14/2024 1:00:00 AM,SERC,WEST,EKPC,EKPC,1980.449,True
12/14/2024 7:00:00 AM,12/14/2024 2:00:00 AM,SERC,WEST,EKPC,EKPC,1997.743,True
12/14/2024 8:00:00 AM,12/14/2024 3:00:00 AM,SERC,WEST,EKPC,EKPC,2080.332,True
12/14/2024 9:00:00 AM,12/14/2024 4:00:00 AM,SERC,WEST,EKPC,EKPC,2046.899,True
12/14/2024 10:00:00 AM,12/14/2024 5:00:00 AM,SERC,WEST,EKPC,EKPC,2123.649,True
12/14/2024 11:00:00 AM,12/14/2024 6:00:00 AM,SERC,WEST,EKPC,EKPC,2186.276,True
12/14/2024 12:00:00 PM,12/14/2024 7:00:00 AM,SERC,WEST,EKPC,EKPC,2237.868,True
12/14/2024 1:00:00 PM,12/14/2024 8:00:00 AM,SERC,WEST,EKPC,EKPC,2277.267,True
12/14/2024 2:00:00 PM,12/14/2024 9:00:00 AM,SERC,WEST,EKPC,EKPC,2209.868,True
12/14/2024 3:00:00 PM,12/14/2024 10:00:00 AM,SERC,WEST,EKPC,EKPC,2030.334,True
12/14/2024 4:00:00 PM,12/14/2024 11:00:00 AM,SERC,WEST,EKPC,EKPC,1857.294,True
12/14/2024 5:00:00 PM,12/14/2024 12:00:00 PM,SERC,WEST,EKPC,EKPC,1740.219,True
12/14/2024 6:00:00 PM,12/14/2024 1:00:00 PM,SERC,WEST,EKPC,EKPC,1526.512,True
12/14/2024 7:00:00 PM,12/14/2024 2:00:00 PM,SERC,WEST,EKPC,EKPC,1589.502,True
12/14/2024 8:00:00 PM,12/14/2024 3:00:00 PM,SERC,WEST,EKPC,EKPC,1584.559,True
12/14/2024 9:00:00 PM,12/14/2024 4:00:00 PM,SERC,WEST,EKPC,EKPC,1614.061,True
12/14/2024 10:00:00 PM,12/14/2024 5:00:00 PM,SERC,WEST,EKPC,EKPC,1680.812,True
12/14/2024 11:00:00 PM,12/14/2024 6:00:00 PM,SERC,WEST,EKPC,EKPC,1701.105,True
12/15/2024 12:00:00 AM,12/14/2024 7:00:00 PM,SERC,WEST,EKPC,EKPC,1687.634,True
12/15/2024 1:00:00 AM,12/14/2024 8:00:00 PM,SERC,WEST,EKPC,EKPC,1594.502,True
12/15/2024 2:00:00 AM,12/14/2024 9:00:00 PM,SERC,WEST,EKPC,EKPC,1541.670,True
12/15/2024 3:00:00 AM,12/14/2024 10:00:00 PM,SERC,WEST,EKPC,EKPC,1447.976,True
12/15/2024 4:00:00 AM,12/14/2024 11:00:00 PM,SERC,WEST,EKPC,EKPC,1520.807,True
12/15/2024 5:00:00 AM,12/15/2024 12:00:00 AM,SERC,WEST,EKPC,EKPC,1394.103,True
12/15/2024 6:00:00 AM,12/15/2024 1:00:00 AM,SERC,WEST,EKPC,EKPC,1447.797,True
12/15/2024 7:00:00 AM,12/15/2024 2:00:00 AM,SERC,WEST,EKPC,EKPC,1503.388,True
12/15/2024 8:00:00 AM,12/15/2024 3:00:00 AM,SERC,WEST,EKPC,EKPC,1480.721,True
12/15/2024 9:00:00 AM,12/15/2024 4:00:00 AM,SERC,WEST,EKPC,EKPC,1437.919,True
12/15/2024 10:00:00 AM,12/15/2024 5:00:00 AM,SERC,WEST,EKPC,EKPC,1553.296,True
12/15/2024 11:00:00 AM,12/15/2024 6:00:00 AM,SERC,WEST,EKPC,EKPC,1481.112,True
12/15/2024 12:00:00 PM,12/15/2024 7:00:00 AM,SERC,WEST,EKPC,EKPC,1587.581,True
12/15/2024 1:00:00 PM,12/15/2024 8:00:00 AM,SERC,WEST,EKPC,EKPC,1721.947,True
12/15/2024 2:00:00 PM,12/15/2024 9:00:00 AM,SERC,WEST,EKPC,EKPC,1789.029,True
12/15/2024 3:00:00 PM,12/15/2024 10:00:00 AM,SERC,WEST,EKPC,EKPC,1696.188,True
12/15/2024 4:00:00 PM,12/15/2024 11:00:00 AM,SERC,WEST,EKPC,EKPC,1711.778,True
12/15/2024 5:00:00 PM,12/15/2024 12:00:00 PM,SERC,WEST,EKPC,EKPC,1671.237,True
12/15/2024 6:00:00 PM,12/15/2024 1:00:00 PM,SERC,WEST,EKPC,EKPC,1638.685,True
12/15/2024 7:00:00 PM,12/15/2024 2:00:00 PM,SERC,WEST,EKPC,EKPC,1599.057,True
12/15/2024 8:00:00 PM,12/15/2024 3:00:00 PM,SERC,WEST,EKPC,EKPC,1595.202,True
12/15/2024 9:00:00 PM,12/15/2024 4:00:00 PM,SERC,WEST,EKPC,EKPC,1604.377,True
12/15/2024 10:00:00 PM,12/15/2024 5:00:00 PM,SERC,WEST,EKPC,EKPC,1635.474,True
12/15/2024 11:00:00 PM,12/15/2024 6:00:00 PM,SERC,WEST,EKPC,EKPC,1638.845,True
12/16/2024 12:00:00 AM,12/15/2024 7:00:00 PM,SERC,WEST,EKPC,EKPC,1682.601,True
12/16/2024 1:00:00 AM,12/15/2024 8:00:00 PM,SERC,WEST,EKPC,EKPC,1693.722,True
12/16/2024 2:00:00 AM,12/15/2024 9:00:00 PM,SERC,WEST,EKPC,EKPC,1658.656,True
12/16/2024 3:00:00 AM,12/15/2024 10:00:00 PM,SERC,WEST,EKPC,EKPC,1568.955,True
12/16/2024 4:00:00 AM,12/15/2024 11:00:00 PM,SERC,WEST,EKPC,EKPC,1513.756,True
12/16/2024 5:00:00 AM,12/16/2024 12:00:00 AM,SERC,WEST,EKPC,EKPC,1456.593,True
12/16/2024 6:00:00 AM,12/16/2024 1:00:00 AM,SERC,WEST,EKPC,EKPC,1400.120,True
12/16/2024 7:00:00 AM,12/16/2024 2:00:00 AM,SERC,WEST,EKPC,EKPC,1388.721,True
12/16/2024 8:00:00 AM,12/16/2024 3:00:00 AM,SERC,WEST,EKPC,EKPC,1395.426,True
12/16/2024 9:00:00 AM,12/16/2024 4:00:00 AM,SERC,WEST,EKPC,EKPC,1351.809,True
12/16/2024 10:00:00 AM,12/16/2024 5:00:00 AM,SERC,WEST,EKPC,EKPC,1439.277,True
12/16/2024 11:00:00 AM,12/16/2024 6:00:00 AM,SERC,WEST,EKPC,EKPC,1572.418,True
12/16/2024 12:00:00 PM,12/16/2024 7:00:00 AM,SERC,WEST,EKPC,EKPC,1568.466,True
12/16/2024 1:00:00 PM,12/16/2024 8:00:00 AM,SERC,WEST,EKPC,EKPC,1605.014,True
12/16/2024 2:00:00 PM,12/16/2024 9:00:00 AM,SERC,WEST,EKPC,EKPC,1575.999,True
12/16/2024 3:00:00 PM,12/16/2024 10:00:00 AM,SERC,WEST,EKPC,EKPC,1609.448,True
12/16/2024 4:00:00 PM,12/16/2024 11:00:00 AM,SERC,WEST,EKPC,EKPC,1609.519,True
12/16/2024 5:00:00 PM,12/16/2024 12:00:00 PM,SERC,WEST,EKPC,EKPC,1637.720,True
12/16/2024 6:00:00 PM,12/16/2024 1:00:00 PM,SERC,WEST,EKPC,EKPC,1605.488,True
12/16/2024 7:00:00 PM,12/16/2024 2:00:00 PM,SERC,WEST,EKPC,EKPC,1602.594,True
12/16/2024 8:00:00 PM,12/16/2024 3:00:00 PM,SERC,WEST,EKPC,EKPC,1580.751,True
12/16/2024 9:00:00 PM,12/16/2024 4:00:00 PM,SERC,WEST,EKPC,EKPC,1645.556,True
12/16/2024 10:00:00 PM,12/16/2024 5:00:00 PM,SERC,WEST,EKPC,EKPC,1664.263,True
12/16/2024 11:00:00 PM,12/16/2024 6:00:00 PM,SERC,WEST,EKPC,EKPC,1717.344,True
12/17/2024 12:00:00 AM,12/16/2024 7:00:00 PM,SERC,WEST,EKPC,EKPC,1672.699,True
12/17/2024 1:00:00 AM,12/16/2024 8:00:00 PM,SERC,WEST,EKPC,EKPC,1562.044,True
12/17/2024 2:00:00 AM,12/16/2024 9:00:00 PM,SERC,WEST,EKPC,EKPC,1465.729,True
12/17/2024 3:00:00 AM,12/16/2024 10:00:00 PM,SERC,WEST,EKPC,EKPC,1385.258,True
12/17/2024 4:00:00 AM,12/16/2024 11:00:00 PM,SERC,WEST,EKPC,EKPC,1299.615,True
12/17/2024 5:00:00 AM,12/17/2024 12:00:00 AM,SERC,WEST,EKPC,EKPC,1219.198,True
12/17/2024 6:00:00 AM,12/17/2024 1:00:00 AM,SERC,WEST,EKPC,EKPC,1342.566,True
12/17/2024 7:00:00 AM,12/17/2024 2:00:00 AM,SERC,WEST,EKPC,EKPC,1324.962,True
12/17/2024 8:00:00 AM,12/17/2024 3:00:00 AM,SERC,WEST,EKPC,EKPC,1224.630,True
12/17/2024 9:00:00 AM,12/17/2024 4:00:00 AM,SERC,WEST,EKPC,EKPC,1337.358,True
12/17/2024 10:00:00 AM,12/17/2024 5:00:00 AM,SERC,WEST,EKPC,EKPC,1382.097,True
12/17/2024 11:00:00 AM,12/17/2024 6:00:00 AM,SERC,WEST,EKPC,EKPC,1707.275,True
12/17/2024 12:00:00 PM,12/17/2024 7:00:00 AM,SERC,WEST,EKPC,EKPC,1812.541,True
12/17/2024 1:00:00 PM,12/17/2024 8:00:00 AM,SERC,WEST,EKPC,EKPC,1774.877,True
12/17/2024 2:00:00 PM,12/17/2024 9:00:00 AM,SERC,WEST,EKPC,EKPC,1755.810,True
12/17/2024 3:00:00 PM,12/17/2024 10:00:00 AM,SERC,WEST,EKPC,EKPC,1602.197,True
12/17/2024 4:00:00 PM,12/17/2024 11:00:00 AM,SERC,WEST,EKPC,EKPC,1413.384,True
12/17/2024 5:00:00 PM,12/17/2024 12:00:00 PM,SERC,WEST,EKPC,EKPC,1419.548,True
12/17/2024 6:00:00 PM,12/17/2024 1:00:00 PM,SERC,WEST,EKPC,EKPC,1487.122,True
12/17/2024 7:00:00 PM,12/17/2024 2:00:00 PM,SERC,WEST,EKPC,EKPC,1400.814,True
12/17/2024 8:00:00 PM,12/17/2024 3:00:00 PM,SERC,WEST,EKPC,EKPC,1461.445,True
12/17/2024 9:00:00 PM,12/17/2024 4:00:00 PM,SERC,WEST,EKPC,EKPC,1473.554,True
12/17/2024 10:00:00 PM,12/17/2024 5:00:00 PM,SERC,WEST,EKPC,EKPC,1520.770,True
12/17/2024 11:00:00 PM,12/17/2024 6:00:00 PM,SERC,WEST,EKPC,EKPC,1730.200,True
12/18/2024 12:00:00 AM,12/17/2024 7:00:00 PM,SERC,WEST,EKPC,EKPC,1772.535,True
12/18/2024 1:00:00 AM,12/17/2024 8:00:00 PM,SERC,WEST,EKPC,EKPC,1743.716,True
12/18/2024 2:00:00 AM,12/17/2024 9:00:00 PM,SERC,WEST,EKPC,EKPC,1801.013,True
12/18/2024 3:00:00 AM,12/17/2024 10:00:00 PM,SERC,WEST,EKPC,EKPC,1765.366,True
12/18/2024 4:00:00 AM,12/17/2024 11:00:00 PM,SERC,WEST,EKPC,EKPC,1642.948,True
12/18/2024 5:00:00 AM,12/18/2024 12:00:00 AM,SERC,WEST,EKPC,EKPC,1673.836,True
12/18/2024 6:00:00 AM,12/18/2024 1:00:00 AM,SERC,WEST,EKPC,EKPC,1647.166,True
12/18/2024 7:00:00 AM,12/18/2024 2:00:00 AM,SERC,WEST,EKPC,EKPC,1594.652,True
12/18/2024 8:00:00 AM,12/18/2024 3:00:00 AM,SERC,WEST,EKPC,EKPC,1471.512,True
12/18/2024 9:00:00 AM,12/18/2024 4:00:00 AM,SERC,WEST,EKPC,EKPC,1455.881,True
12/18/2024 10:00:00 AM,12/18/2024 5:00:00 AM,SERC,WEST,EKPC,EKPC,1511.234,True
12/18/2024 11:00:00 AM,12/18/2024 6:00:00 AM,SERC,WEST,EKPC,EKPC,1613.320,True
12/18/2024 12:00:00 PM,12/18/2024 7:00:00 AM,SERC,WEST,EKPC,EKPC,1621.293,True
12/18/2024 1:00:00 PM,12/18/2024 8:00:00 AM,SERC,WEST,EKPC,EKPC,1597.324,True
12/18/2024 2:00:00 PM,12/18/2024 9:00:00 AM,SERC,WEST,EKPC,EKPC,1567.476,True
12/18/2024 3:00:00 PM,12/18/2024 10:00:00 AM,SERC,WEST,EKPC,EKPC,1582.586,True
12/18/2024 4:00:00 PM,12/18/2024 11:00:00 AM,SERC,WEST,EKPC,EKPC,1569.701,True
12/18/2024 5:00:00 PM,12/18/2024 12:00:00 PM,SERC,WEST,EKPC,EKPC,1592.178,True
12/18/2024 6:00:00 PM,12/18/2024 1:00:00 PM,SERC,WEST,EKPC,EKPC,1632.018,True
12/18/2024 7:00:00 PM,12/18/2024 2:00:00 PM,SERC,WEST,EKPC,EKPC,1669.768,True
12/18/2024 8:00:00 PM,12/18/2024 3:00:00 PM,SERC,WEST,EKPC,EKPC,1692.385,True
12/18/2024 9:00:00 PM,12/18/2024 4:00:00 PM,SERC,WEST,EKPC,EKPC,1747.162,True
12/18/2024 10:00:00 PM,12/18/2024 5:00:00 PM,SERC,WEST,EKPC,EKPC,1826.705,True
12/18/2024 11:00:00 PM,12/18/2024 6:00:00 PM,SERC,WEST,EKPC,EKPC,1808.752,True
12/19/2024 12:00:00 AM,12/18/2024 7:00:00 PM,SERC,WEST,EKPC,EKPC,1897.455,True
12/19/2024 1:00:00 AM,12/18/2024 8:00:00 PM,SERC,WEST,EKPC,EKPC,1839.834,True
12/19/2024 2:00:00 AM,12/18/2024 9:00:00 PM,SERC,WEST,EKPC,EKPC,1866.081,True
12/19/2024 3:00:00 AM,12/18/2024 10:00:00 PM,SERC,WEST,EKPC,EKPC,1777.399,True
12/19/2024 4:00:00 AM,12/18/2024 11:00:00 PM,SERC,WEST,EKPC,EKPC,1738.194,True
12/19/2024 5:00:00 AM,12/19/2024 12:00:00 AM,SERC,WEST,EKPC,EKPC,1706.406,True
12/19/2024 6:00:00 AM,12/19/2024 1:00:00 AM,SERC,WEST,EKPC,EKPC,1739.908,True
12/19/2024 7:00:00 AM,12/19/2024 2:00:00 AM,SERC,WEST,EKPC,EKPC,1756.544,True
12/19/2024 8:00:00 AM,12/19/2024 3:00:00 AM,SERC,WEST,EKPC,EKPC,1747.335,True
12/19/2024 9:00:00 AM,12/19/2024 4:00:00 AM,SERC,WEST,EKPC,EKPC,1747.861,True
12/19/2024 10:00:00 AM,12/19/2024 5:00:00 AM,SERC,WEST,EKPC,EKPC,1859.315,True
12/19/2024 11:00:00 AM,12/19/2024 6:00:00 AM,SERC,WEST,EKPC,EKPC,1970.327,True
12/19/2024 12:00:00 PM,12/19/2024 7:00:00 AM,SERC,WEST,EKPC,EKPC,2014.710,True
12/19/2024 1:00:00 PM,12/19/2024 8:00:00 AM,SERC,WEST,EKPC,EKPC,1913.937,True
12/19/2024 2:00:00 PM,12/19/2024 9:00:00 AM,SERC,WEST,EKPC,EKPC,1924.444,True
12/19/2024 3:00:00 PM,12/19/2024 10:00:00 AM,SERC,WEST,EKPC,EKPC,1964.991,True
12/19/2024 4:00:00 PM,12/19/2024 11:00:00 AM,SERC,WEST,EKPC,EKPC,1898.238,True
12/19/2024 5:00:00 PM,12/19/2024 12:00:00 PM,SERC,WEST,EKPC,EKPC,1846.645,True
12/19/2024 6:00:00 PM,12/19/2024 1:00:00 PM,SERC,WEST,EKPC,EKPC,1799.134,True
12/19/2024 7:00:00 PM,12/19/2024 2:00:00 PM,SERC,WEST,EKPC,EKPC,1730.183,True
12/19/2024 8:00:00 PM,12/19/2024 3:00:00 PM,SERC,WEST,EKPC,EKPC,1757.599,True
12/19/2024 9:00:00 PM,12/19/2024 4:00:00 PM,SERC,WEST,EKPC,EKPC,1772.113,True
12/19/2024 10:00:00 PM,12/19/2024 5:00:00 PM,SERC,WEST,EKPC,EKPC,1833.187,True
12/19/2024 11:00:00 PM,12/19/2024 6:00:00 PM,SERC,WEST,EKPC,EKPC,1947.280,True
12/20/2024 12:00:00 AM,12/19/2024 7:00:00 PM,SERC,WEST,EKPC,EKPC,2003.243,True
12/20/2024 1:00:00 AM,12/19/2024 8:00:00 PM,SERC,WEST,EKPC,EKPC,2031.879,True
12/20/2024 2:00:00 AM,12/19/2024 9:00:00 PM,SERC,WEST,EKPC,EKPC,2029.354,True
12/20/2024 3:00:00 AM,12/19/2024 10:00:00 PM,SERC,WEST,EKPC,EKPC,1935.695,True
12/20/2024 4:00:00 AM,12/19/2024 11:00:00 PM,SERC,WEST,EKPC,EKPC,1946.356,True
12/20/2024 5:00:00 AM,12/20/2024 12:00:00 AM,SERC,WEST,EKPC,EKPC,1885.038,True
12/20/2024 6:00:00 AM,12/20/2024 1:00:00 AM,SERC,WEST,EKPC,EKPC,1826.398,True
12/20/2024 7:00:00 AM,12/20/2024 2:00:00 AM,SERC,WEST,EKPC,EKPC,1870.348,True
12/20/2024 8:00:00 AM,12/20/2024 3:00:00 AM,SERC,WEST,EKPC,EKPC,1743.943,True
12/20/2024 9:00:00 AM,12/20/2024 4:00:00 AM,SERC,WEST,EKPC,EKPC,1885.678,True
12/20/2024 10:00:00 AM,12/20/2024 5:00:00 AM,SERC,WEST,EKPC,EKPC,2005.144,True
12/20/2024 11:00:00 AM,12/20/2024 6:00:00 AM,SERC,WEST,EKPC,EKPC,2097.532,True
12/20/2024 12:00:00 PM,12/20/2024 7:00:00 AM,SERC,WEST,EKPC,EKPC,2136.268,True
12/20/2024 1:00:00 PM,12/20/2024 8:00:00 AM,SERC,WEST,EKPC,EKPC,2109.965,True
12/20/2024 2:00:00 PM,12/20/2024 9:00:00 AM,SERC,WEST,EKPC,EKPC,2106.074,True
12/20/2024 3:00:00 PM,12/20/2024 10:00:00 AM,SERC,WEST,EKPC,EKPC,2074.466,True
12/20/2024 4:00:00 PM,12/20/2024 11:00:00 AM,SERC,WEST,EKPC,EKPC,2159.119,True
12/20/2024 5:00:00 PM,12/20/2024 12:00:00 PM,SERC,WEST,EKPC,EKPC,2139.100,True
12/20/2024 6:00:00 PM,12/20/2024 1:00:00 PM,SERC,WEST,EKPC,EKPC,2192.539,True
12/20/2024 7:00:00 PM,12/20/2024 2:00:00 PM,SERC,WEST,EKPC,EKPC,2278.342,True
12/20/2024 8:00:00 PM,12/20/2024 3:00:00 PM,SERC,WEST,EKPC,EKPC,2276.601,True
12/20/2024 9:00:00 PM,12/20/2024 4:00:00 PM,SERC,WEST,EKPC,EKPC,2316.138,True
12/20/2024 10:00:00 PM,12/20/2024 5:00:00 PM,SERC,WEST,EKPC,EKPC,2334.862,True
12/20/2024 11:00:00 PM,12/20/2024 6:00:00 PM,SERC,WEST,EKPC,EKPC,2296.476,True
12/21/2024 12:00:00 AM,12/20/2024 7:00:00 PM,SERC,WEST,EKPC,EKPC,2277.382,True
12/21/2024 1:00:00 AM,12/20/2024 8:00:00 PM,SERC,WEST,EKPC,EKPC,2256.569,True
12/21/2024 2:00:00 AM,12/20/2024 9:00:00 PM,SERC,WEST,EKPC,EKPC,2204.295,True
12/21/2024 3:00:00 AM,12/20/2024 10:00:00 PM,SERC,WEST,EKPC,EKPC,2091.453,True
12/21/2024 4:00:00 AM,12/20/2024 11:00:00 PM,SERC,WEST,EKPC,EKPC,1982.588,True
12/21/2024 5:00:00 AM,12/21/2024 12:00:00 AM,SERC,WEST,EKPC,EKPC,2012.660,True
12/21/2024 6:00:00 AM,12/21/2024 1:00:00 AM,SERC,WEST,EKPC,EKPC,1993.363,True
12/21/2024 7:00:00 AM,12/21/2024 2:00:00 AM,SERC,WEST,EKPC,EKPC,2002.435,True
12/21/2024 8:00:00 AM,12/21/2024 3:00:00 AM,SERC,WEST,EKPC,EKPC,2015.336,True
12/21/2024 9:00:00 AM,12/21/2024 4:00:00 AM,SERC,WEST,EKPC,EKPC,2040.961,True
12/21/2024 10:00:00 AM,12/21/2024 5:00:00 AM,SERC,WEST,EKPC,EKPC,2072.514,True
12/21/2024 11:00:00 AM,12/21/2024 6:00:00 AM,SERC,WEST,EKPC,EKPC,2132.016,True
12/21/2024 12:00:00 PM,12/21/2024 7:00:00 AM,SERC,WEST,EKPC,EKPC,2222.491,True
12/21/2024 1:00:00 PM,12/21/2024 8:00:00 AM,SERC,WEST,EKPC,EKPC,2284.527,True
12/21/2024 2:00:00 PM,12/21/2024 9:00:00 AM,SERC,WEST,EKPC,EKPC,2276.542,True
12/21/2024 3:00:00 PM,12/21/2024 10:00:00 AM,SERC,WEST,EKPC,EKPC,2124.153,True
12/21/2024 4:00:00 PM,12/21/2024 11:00:00 AM,SERC,WEST,EKPC,EKPC,2000.872,True
12/21/2024 5:00:00 PM,12/21/2024 12:00:00 PM,SERC,WEST,EKPC,EKPC,1926.391,True
12/21/2024 6:00:00 PM,12/21/2024 1:00:00 PM,SERC,WEST,EKPC,EKPC,1927.132,True
12/21/2024 7:00:00 PM,12/21/2024 2:00:00 PM,SERC,WEST,EKPC,EKPC,1935.527,True
12/21/2024 8:00:00 PM,12/21/2024 3:00:00 PM,SERC,WEST,EKPC,EKPC,1942.505,True
12/21/2024 9:00:00 PM,12/21/2024 4:00:00 PM,SERC,WEST,EKPC,EKPC,1934.351,True
12/21/2024 10:00:00 PM,12/21/2024 5:00:00 PM,SERC,WEST,EKPC,EKPC,2106.010,True
12/21/2024 11:00:00 PM,12/21/2024 6:00:00 PM,SERC,WEST,EKPC,EKPC,2175.224,True
12/22/2024 12:00:00 AM,12/21/2024 7:00:00 PM,SERC,WEST,EKPC,EKPC,2208.948,True
12/22/2024 1:00:00 AM,12/21/2024 8:00:00 PM,SERC,WEST,EKPC,EKPC,2277.844,True
12/22/2024 2:00:00 AM,12/21/2024 9:00:00 PM,SERC,WEST,EKPC,EKPC,2271.530,True
12/22/2024 3:00:00 AM,12/21/2024 10:00:00 PM,SERC,WEST,EKPC,EKPC,2268.149,True
12/22/2024 4:00:00 AM,12/21/2024 11:00:00 PM,SERC,WEST,EKPC,EKPC,2269.188,True
12/22/2024 5:00:00 AM,12/22/2024 12:00:00 AM,SERC,WEST,EKPC,EKPC,2299.600,True
12/22/2024 6:00:00 AM,12/22/2024 1:00:00 AM,SERC,WEST,EKPC,EKPC,2344.033,True
12/22/2024 7:00:00 AM,12/22/2024 2:00:00 AM,SERC,WEST,EKPC,EKPC,2365.908,True
12/22/2024 8:00:00 AM,12/22/2024 3:00:00 AM,SERC,WEST,EKPC,EKPC,2318.338,True
12/22/2024 9:00:00 AM,12/22/2024 4:00:00 AM,SERC,WEST,EKPC,EKPC,2390.646,True
12/22/2024 10:00:00 AM,12/22/2024 5:00:00 AM,SERC,WEST,EKPC,EKPC,2389.135,True
12/22/2024 11:00:00 AM,12/22/2024 6:00:00 AM,SERC,WEST,EKPC,EKPC,2475.044,True
12/22/2024 12:00:00 PM,12/22/2024 7:00:00 AM,SERC,WEST,EKPC,EKPC,2554.600,True
12/22/2024 1:00:00 PM,12/22/2024 8:00:00 AM,SERC,WEST,EKPC,EKPC,2655.214,True
12/22/2024 2:00:00 PM,12/22/2024 9:00:00 AM,SERC,WEST,EKPC,EKPC,2531.401,True
12/22/2024 3:00:00 PM,12/22/2024 10:00:00 AM,SERC,WEST,EKPC,EKPC,2336.202,True
12/22/2024 4:00:00 PM,12/22/2024 11:00:00 AM,SERC,WEST,EKPC,EKPC,2148.830,True
12/22/2024 5:00:00 PM,12/22/2024 12:00:00 PM,SERC,WEST,EKPC,EKPC,1987.701,True
12/22/2024 6:00:00 PM,12/22/2024 1:00:00 PM,SERC,WEST,EKPC,EKPC,1877.893,True
12/22/2024 7:00:00 PM,12/22/2024 2:00:00 PM,SERC,WEST,EKPC,EKPC,1851.104,True
12/22/2024 8:00:00 PM,12/22/2024 3:00:00 PM,SERC,WEST,EKPC,EKPC,1762.440,True
12/22/2024 9:00:00 PM,12/22/2024 4:00:00 PM,SERC,WEST,EKPC,EKPC,1852.893,True
12/22/2024 10:00:00 PM,12/22/2024 5:00:00 PM,SERC,WEST,EKPC,EKPC,2076.230,True
12/22/2024 11:00:00 PM,12/22/2024 6:00:00 PM,SERC,WEST,EKPC,EKPC,2192.511,True
12/23/2024 12:00:00 AM,12/22/2024 7:00:00 PM,SERC,WEST,EKPC,EKPC,2213.725,True
12/23/2024 1:00:00 AM,12/22/2024 8:00:00 PM,SERC,WEST,EKPC,EKPC,2201.244,True
12/23/2024 2:00:00 AM,12/22/2024 9:00:00 PM,SERC,WEST,EKPC,EKPC,2279.703,True
12/23/2024 3:00:00 AM,12/22/2024 10:00:00 PM,SERC,WEST,EKPC,EKPC,2294.158,True
12/23/2024 4:00:00 AM,12/22/2024 11:00:00 PM,SERC,WEST,EKPC,EKPC,2070.563,True
12/23/2024 5:00:00 AM,12/23/2024 12:00:00 AM,SERC,WEST,EKPC,EKPC,2143.719,True
12/23/2024 6:00:00 AM,12/23/2024 1:00:00 AM,SERC,WEST,EKPC,EKPC,2261.887,True
12/23/2024 7:00:00 AM,12/23/2024 2:00:00 AM,SERC,WEST,EKPC,EKPC,2259.719,True
12/23/2024 8:00:00 AM,12/23/2024 3:00:00 AM,SERC,WEST,EKPC,EKPC,2260.743,True
12/23/2024 9:00:00 AM,12/23/2024 4:00:00 AM,SERC,WEST,EKPC,EKPC,2309.064,True
12/23/2024 10:00:00 AM,12/23/2024 5:00:00 AM,SERC,WEST,EKPC,EKPC,2355.987,True
12/23/2024 11:00:00 AM,12/23/2024 6:00:00 AM,SERC,WEST,EKPC,EKPC,2436.739,True
12/23/2024 12:00:00 PM,12/23/2024 7:00:00 AM,SERC,WEST,EKPC,EKPC,2470.739,True
12/23/2024 1:00:00 PM,12/23/2024 8:00:00 AM,SERC,WEST,EKPC,EKPC,2368.447,True
12/23/2024 2:00:00 PM,12/23/2024 9:00:00 AM,SERC,WEST,EKPC,EKPC,2241.652,True
12/23/2024 3:00:00 PM,12/23/2024 10:00:00 AM,SERC,WEST,EKPC,EKPC,2006.237,True
12/23/2024 4:00:00 PM,12/23/2024 11:00:00 AM,SERC,WEST,EKPC,EKPC,1781.342,True
12/23/2024 5:00:00 PM,12/23/2024 12:00:00 PM,SERC,WEST,EKPC,EKPC,1731.431,True
12/23/2024 6:00:00 PM,12/23/2024 1:00:00 PM,SERC,WEST,EKPC,EKPC,1626.437,True
12/23/2024 7:00:00 PM,12/23/2024 2:00:00 PM,SERC,WEST,EKPC,EKPC,1570.698,True
12/23/2024 8:00:00 PM,12/23/2024 3:00:00 PM,SERC,WEST,EKPC,EKPC,1572.936,True
12/23/2024 9:00:00 PM,12/23/2024 4:00:00 PM,SERC,WEST,EKPC,EKPC,1590.080,True
12/23/2024 10:00:00 PM,12/23/2024 5:00:00 PM,SERC,WEST,EKPC,EKPC,1715.770,True
12/23/2024 11:00:00 PM,12/23/2024 6:00:00 PM,SERC,WEST,EKPC,EKPC,1878.706,True
12/24/2024 12:00:00 AM,12/23/2024 7:00:00 PM,SERC,WEST,EKPC,EKPC,1828.123,True
12/24/2024 1:00:00 AM,12/23/2024 8:00:00 PM,SERC,WEST,EKPC,EKPC,1912.478,True
12/24/2024 2:00:00 AM,12/23/2024 9:00:00 PM,SERC,WEST,EKPC,EKPC,1890.760,True
12/24/2024 3:00:00 AM,12/23/2024 10:00:00 PM,SERC,WEST,EKPC,EKPC,1820.157,True
12/24/2024 4:00:00 AM,12/23/2024 11:00:00 PM,SERC,WEST,EKPC,EKPC,1786.063,True
12/24/2024 5:00:00 AM,12/24/2024 12:00:00 AM,SERC,WEST,EKPC,EKPC,1659.594,True
12/24/2024 6:00:00 AM,12/24/2024 1:00:00 AM,SERC,WEST,EKPC,EKPC,1665.615,True
12/24/2024 7:00:00 AM,12/24/2024 2:00:00 AM,SERC,WEST,EKPC,EKPC,1638.329,True
12/24/2024 8:00:00 AM,12/24/2024 3:00:00 AM,SERC,WEST,EKPC,EKPC,1600.103,True
12/24/2024 9:00:00 AM,12/24/2024 4:00:00 AM,SERC,WEST,EKPC,EKPC,1585.416,True
12/24/2024 10:00:00 AM,12/24/2024 5:00:00 AM,SERC,WEST,EKPC,EKPC,1565.231,True
12/24/2024 11:00:00 AM,12/24/2024 6:00:00 AM,SERC,WEST,EKPC,EKPC,1716.385,True
12/24/2024 12:00:00 PM,12/24/2024 7:00:00 AM,SERC,WEST,EKPC,EKPC,1804.157,True
12/24/2024 1:00:00 PM,12/24/2024 8:00:00 AM,SERC,WEST,EKPC,EKPC,1877.082,True
12/24/2024 2:00:00 PM,12/24/2024 9:00:00 AM,SERC,WEST,EKPC,EKPC,1924.252,True
12/24/2024 3:00:00 PM,12/24/2024 10:00:00 AM,SERC,WEST,EKPC,EKPC,1944.993,True
12/24/2024 4:00:00 PM,12/24/2024 11:00:00 AM,SERC,WEST,EKPC,EKPC,1918.658,True
12/24/2024 5:00:00 PM,12/24/2024 12:00:00 PM,SERC,WEST,EKPC,EKPC,1848.546,True
12/24/2024 6:00:00 PM,12/24/2024 1:00:00 PM,SERC,WEST,EKPC,EKPC,1722.249,True
12/24/2024 7:00:00 PM,12/24/2024 2:00:00 PM,SERC,WEST,EKPC,EKPC,1658.353,True
12/24/2024 8:00:00 PM,12/24/2024 3:00:00 PM,SERC,WEST,EKPC,EKPC,1551.041,True
12/24/2024 9:00:00 PM,12/24/2024 4:00:00 PM,SERC,WEST,EKPC,EKPC,1554.493,True
12/24/2024 10:00:00 PM,12/24/2024 5:00:00 PM,SERC,WEST,EKPC,EKPC,1533.852,True
12/24/2024 11:00:00 PM,12/24/2024 6:00:00 PM,SERC,WEST,EKPC,EKPC,1562.668,True
12/25/2024 12:00:00 AM,12/24/2024 7:00:00 PM,SERC,WEST,EKPC,EKPC,1547.340,True
12/25/2024 1:00:00 AM,12/24/2024 8:00:00 PM,SERC,WEST,EKPC,EKPC,1538.476,True
12/25/2024 2:00:00 AM,12/24/2024 9:00:00 PM,SERC,WEST,EKPC,EKPC,1532.598,True
12/25/2024 3:00:00 AM,12/24/2024 10:00:00 PM,SERC,WEST,EKPC,EKPC,1506.081,True
12/25/2024 4:00:00 AM,12/24/2024 11:00:00 PM,SERC,WEST,EKPC,EKPC,1466.136,True
12/25/2024 5:00:00 AM,12/25/2024 12:00:00 AM,SERC,WEST,EKPC,EKPC,1446.667,True
12/25/2024 6:00:00 AM,12/25/2024 1:00:00 AM,SERC,WEST,EKPC,EKPC,1434.439,True
12/25/2024 7:00:00 AM,12/25/2024 2:00:00 AM,SERC,WEST,EKPC,EKPC,1425.449,True
12/25/2024 8:00:00 AM,12/25/2024 3:00:00 AM,SERC,WEST,EKPC,EKPC,1422.066,True
12/25/2024 9:00:00 AM,12/25/2024 4:00:00 AM,SERC,WEST,EKPC,EKPC,1433.217,True
12/25/2024 10:00:00 AM,12/25/2024 5:00:00 AM,SERC,WEST,EKPC,EKPC,1471.481,True
12/25/2024 11:00:00 AM,12/25/2024 6:00:00 AM,SERC,WEST,EKPC,EKPC,1522.943,True
12/25/2024 12:00:00 PM,12/25/2024 7:00:00 AM,SERC,WEST,EKPC,EKPC,1600.173,True
12/25/2024 1:00:00 PM,12/25/2024 8:00:00 AM,SERC,WEST,EKPC,EKPC,1667.224,True
12/25/2024 2:00:00 PM,12/25/2024 9:00:00 AM,SERC,WEST,EKPC,EKPC,1673.149,True
12/25/2024 3:00:00 PM,12/25/2024 10:00:00 AM,SERC,WEST,EKPC,EKPC,1636.440,True
12/25/2024 4:00:00 PM,12/25/2024 11:00:00 AM,SERC,WEST,EKPC,EKPC,1547.122,True
12/25/2024 5:00:00 PM,12/25/2024 12:00:00 PM,SERC,WEST,EKPC,EKPC,1438.122,True
12/25/2024 6:00:00 PM,12/25/2024 1:00:00 PM,SERC,WEST,EKPC,EKPC,1387.026,True
12/25/2024 7:00:00 PM,12/25/2024 2:00:00 PM,SERC,WEST,EKPC,EKPC,1328.289,True
12/25/2024 8:00:00 PM,12/25/2024 3:00:00 PM,SERC,WEST,EKPC,EKPC,1306.630,True
12/25/2024 9:00:00 PM,12/25/2024 4:00:00 PM,SERC,WEST,EKPC,EKPC,1308.114,True
12/25/2024 10:00:00 PM,12/25/2024 5:00:00 PM,SERC,WEST,EKPC,EKPC,1334.100,True
12/25/2024 11:00:00 PM,12/25/2024 6:00:00 PM,SERC,WEST,EKPC,EKPC,1423.346,True
12/26/2024 12:00:00 AM,12/25/2024 7:00:00 PM,SERC,WEST,EKPC,EKPC,1437.398,True
12/26/2024 1:00:00 AM,12/25/2024 8:00:00 PM,SERC,WEST,EKPC,EKPC,1448.237,True
12/26/2024 2:00:00 AM,12/25/2024 9:00:00 PM,SERC,WEST,EKPC,EKPC,1446.962,True
12/26/2024 3:00:00 AM,12/25/2024 10:00:00 PM,SERC,WEST,EKPC,EKPC,1451.005,True
12/26/2024 4:00:00 AM,12/25/2024 11:00:00 PM,SERC,WEST,EKPC,EKPC,1448.555,True
12/26/2024 5:00:00 AM,12/26/2024 12:00:00 AM,SERC,WEST,EKPC,EKPC,1416.583,True
12/26/2024 6:00:00 AM,12/26/2024 1:00:00 AM,SERC,WEST,EKPC,EKPC,1465.280,True
12/26/2024 7:00:00 AM,12/26/2024 2:00:00 AM,SERC,WEST,EKPC,EKPC,1453.264,True
12/26/2024 8:00:00 AM,12/26/2024 3:00:00 AM,SERC,WEST,EKPC,EKPC,1378.322,True
12/26/2024 9:00:00 AM,12/26/2024 4:00:00 AM,SERC,WEST,EKPC,EKPC,1435.001,True
12/26/2024 10:00:00 AM,12/26/2024 5:00:00 AM,SERC,WEST,EKPC,EKPC,1507.220,True
12/26/2024 11:00:00 AM,12/26/2024 6:00:00 AM,SERC,WEST,EKPC,EKPC,1591.615,True
12/26/2024 12:00:00 PM,12/26/2024 7:00:00 AM,SERC,WEST,EKPC,EKPC,1636.438,True
12/26/2024 1:00:00 PM,12/26/2024 8:00:00 AM,SERC,WEST,EKPC,EKPC,1675.410,True
12/26/2024 2:00:00 PM,12/26/2024 9:00:00 AM,SERC,WEST,EKPC,EKPC,1699.510,True
12/26/2024 3:00:00 PM,12/26/2024 10:00:00 AM,SERC,WEST,EKPC,EKPC,1664.960,True
12/26/2024 4:00:00 PM,12/26/2024 11:00:00 AM,SERC,WEST,EKPC,EKPC,1580.508,True
12/26/2024 5:00:00 PM,12/26/2024 12:00:00 PM,SERC,WEST,EKPC,EKPC,1471.114,True
12/26/2024 6:00:00 PM,12/26/2024 1:00:00 PM,SERC,WEST,EKPC,EKPC,1447.110,True
12/26/2024 7:00:00 PM,12/26/2024 2:00:00 PM,SERC,WEST,EKPC,EKPC,1395.609,True
12/26/2024 8:00:00 PM,12/26/2024 3:00:00 PM,SERC,WEST,EKPC,EKPC,1442.087,True
12/26/2024 9:00:00 PM,12/26/2024 4:00:00 PM,SERC,WEST,EKPC,EKPC,1391.181,True
12/26/2024 10:00:00 PM,12/26/2024 5:00:00 PM,SERC,WEST,EKPC,EKPC,1474.564,True
12/26/2024 11:00:00 PM,12/26/2024 6:00:00 PM,SERC,WEST,EKPC,EKPC,1583.072,True
12/27/2024 12:00:00 AM,12/26/2024 7:00:00 PM,SERC,WEST,EKPC,EKPC,1623.521,True
12/27/2024 1:00:00 AM,12/26/2024 8:00:00 PM,SERC,WEST,EKPC,EKPC,1672.850,True
12/27/2024 2:00:00 AM,12/26/2024 9:00:00 PM,SERC,WEST,EKPC,EKPC,1611.140,True
12/27/2024 3:00:00 AM,12/26/2024 10:00:00 PM,SERC,WEST,EKPC,EKPC,1609.656,True
12/27/2024 4:00:00 AM,12/26/2024 11:00:00 PM,SERC,WEST,EKPC,EKPC,1587.658,True
12/27/2024 5:00:00 AM,12/27/2024 12:00:00 AM,SERC,WEST,EKPC,EKPC,1559.601,True
12/27/2024 6:00:00 AM,12/27/2024 1:00:00 AM,SERC,WEST,EKPC,EKPC,1550.064,True
12/27/2024 7:00:00 AM,12/27/2024 2:00:00 AM,SERC,WEST,EKPC,EKPC,1550.730,True
12/27/2024 8:00:00 AM,12/27/2024 3:00:00 AM,SERC,WEST,EKPC,EKPC,1440.762,True
12/27/2024 9:00:00 AM,12/27/2024 4:00:00 AM,SERC,WEST,EKPC,EKPC,1369.164,True
12/27/2024 10:00:00 AM,12/27/2024 5:00:00 AM,SERC,WEST,EKPC,EKPC,1451.985,True
12/27/2024 11:00:00 AM,12/27/2024 6:00:00 AM,SERC,WEST,EKPC,EKPC,1540.610,True
12/27/2024 12:00:00 PM,12/27/2024 7:00:00 AM,SERC,WEST,EKPC,EKPC,1567.311,True
12/27/2024 1:00:00 PM,12/27/2024 8:00:00 AM,SERC,WEST,EKPC,EKPC,1556.648,True
12/27/2024 2:00:00 PM,12/27/2024 9:00:00 AM,SERC,WEST,EKPC,EKPC,1642.643,True
12/27/2024 3:00:00 PM,12/27/2024 10:00:00 AM,SERC,WEST,EKPC,EKPC,1742.392,True
12/27/2024 4:00:00 PM,12/27/2024 11:00:00 AM,SERC,WEST,EKPC,EKPC,1722.884,True
12/27/2024 5:00:00 PM,12/27/2024 12:00:00 PM,SERC,WEST,EKPC,EKPC,1645.086,True
12/27/2024 6:00:00 PM,12/27/2024 1:00:00 PM,SERC,WEST,EKPC,EKPC,1684.067,True
12/27/2024 7:00:00 PM,12/27/2024 2:00:00 PM,SERC,WEST,EKPC,EKPC,1648.007,True
12/27/2024 8:00:00 PM,12/27/2024 3:00:00 PM,SERC,WEST,EKPC,EKPC,1639.672,True
12/27/2024 9:00:00 PM,12/27/2024 4:00:00 PM,SERC,WEST,EKPC,EKPC,1631.880,True
12/27/2024 10:00:00 PM,12/27/2024 5:00:00 PM,SERC,WEST,EKPC,EKPC,1671.494,True
12/27/2024 11:00:00 PM,12/27/2024 6:00:00 PM,SERC,WEST,EKPC,EKPC,1635.314,True
12/28/2024 12:00:00 AM,12/27/2024 7:00:00 PM,SERC,WEST,EKPC,EKPC,1547.434,True
12/28/2024 1:00:00 AM,12/27/2024 8:00:00 PM,SERC,WEST,EKPC,EKPC,1497.770,True
12/28/2024 2:00:00 AM,12/27/2024 9:00:00 PM,SERC,WEST,EKPC,EKPC,1476.368,True
12/28/2024 3:00:00 AM,12/27/2024 10:00:00 PM,SERC,WEST,EKPC,EKPC,1379.096,True
12/28/2024 4:00:00 AM,12/27/2024 11:00:00 PM,SERC,WEST,EKPC,EKPC,1400.143,True
12/28/2024 5:00:00 AM,12/28/2024 12:00:00 AM,SERC,WEST,EKPC,EKPC,1344.645,True
12/28/2024 6:00:00 AM,12/28/2024 1:00:00 AM,SERC,WEST,EKPC,EKPC,1285.739,True
12/28/2024 7:00:00 AM,12/28/2024 2:00:00 AM,SERC,WEST,EKPC,EKPC,1298.090,True
12/28/2024 8:00:00 AM,12/28/2024 3:00:00 AM,SERC,WEST,EKPC,EKPC,1282.618,True
12/28/2024 9:00:00 AM,12/28/2024 4:00:00 AM,SERC,WEST,EKPC,EKPC,1258.618,True
12/28/2024 10:00:00 AM,12/28/2024 5:00:00 AM,SERC,WEST,EKPC,EKPC,1288.861,True
12/28/2024 11:00:00 AM,12/28/2024 6:00:00 AM,SERC,WEST,EKPC,EKPC,1378.672,True
12/28/2024 12:00:00 PM,12/28/2024 7:00:00 AM,SERC,WEST,EKPC,EKPC,1255.356,True
12/28/2024 1:00:00 PM,12/28/2024 8:00:00 AM,SERC,WEST,EKPC,EKPC,1464.806,True
12/28/2024 2:00:00 PM,12/28/2024 9:00:00 AM,SERC,WEST,EKPC,EKPC,1458.560,True
12/28/2024 3:00:00 PM,12/28/2024 10:00:00 AM,SERC,WEST,EKPC,EKPC,1512.735,True
12/28/2024 4:00:00 PM,12/28/2024 11:00:00 AM,SERC,WEST,EKPC,EKPC,1501.549,True
12/28/2024 5:00:00 PM,12/28/2024 12:00:00 PM,SERC,WEST,EKPC,EKPC,1440.825,True
12/28/2024 6:00:00 PM,12/28/2024 1:00:00 PM,SERC,WEST,EKPC,EKPC,1453.405,True
12/28/2024 7:00:00 PM,12/28/2024 2:00:00 PM,SERC,WEST,EKPC,EKPC,1421.560,True
12/28/2024 8:00:00 PM,12/28/2024 3:00:00 PM,SERC,WEST,EKPC,EKPC,1342.190,True
12/28/2024 9:00:00 PM,12/28/2024 4:00:00 PM,SERC,WEST,EKPC,EKPC,1430.025,True
12/28/2024 10:00:00 PM,12/28/2024 5:00:00 PM,SERC,WEST,EKPC,EKPC,1431.793,True
12/28/2024 11:00:00 PM,12/28/2024 6:00:00 PM,SERC,WEST,EKPC,EKPC,1481.116,True
12/29/2024 12:00:00 AM,12/28/2024 7:00:00 PM,SERC,WEST,EKPC,EKPC,1450.522,True
12/29/2024 1:00:00 AM,12/28/2024 8:00:00 PM,SERC,WEST,EKPC,EKPC,1421.464,True
12/29/2024 2:00:00 AM,12/28/2024 9:00:00 PM,SERC,WEST,EKPC,EKPC,1415.878,True
12/29/2024 3:00:00 AM,12/28/2024 10:00:00 PM,SERC,WEST,EKPC,EKPC,1269.069,True
12/29/2024 4:00:00 AM,12/28/2024 11:00:00 PM,SERC,WEST,EKPC,EKPC,1133.650,True
12/29/2024 5:00:00 AM,12/29/2024 12:00:00 AM,SERC,WEST,EKPC,EKPC,1148.515,True
12/29/2024 6:00:00 AM,12/29/2024 1:00:00 AM,SERC,WEST,EKPC,EKPC,1171.212,True
12/29/2024 7:00:00 AM,12/29/2024 2:00:00 AM,SERC,WEST,EKPC,EKPC,1156.592,True
12/29/2024 8:00:00 AM,12/29/2024 3:00:00 AM,SERC,WEST,EKPC,EKPC,1165.107,True
12/29/2024 9:00:00 AM,12/29/2024 4:00:00 AM,SERC,WEST,EKPC,EKPC,1129.022,True
12/29/2024 10:00:00 AM,12/29/2024 5:00:00 AM,SERC,WEST,EKPC,EKPC,1200.581,True
12/29/2024 11:00:00 AM,12/29/2024 6:00:00 AM,SERC,WEST,EKPC,EKPC,1147.921,True
12/29/2024 12:00:00 PM,12/29/2024 7:00:00 AM,SERC,WEST,EKPC,EKPC,1214.316,True
12/29/2024 1:00:00 PM,12/29/2024 8:00:00 AM,SERC,WEST,EKPC,EKPC,1329.645,True
12/29/2024 2:00:00 PM,12/29/2024 9:00:00 AM,SERC,WEST,EKPC,EKPC,1314.689,True
12/29/2024 3:00:00 PM,12/29/2024 10:00:00 AM,SERC,WEST,EKPC,EKPC,1275.334,True
12/29/2024 4:00:00 PM,12/29/2024 11:00:00 AM,SERC,WEST,EKPC,EKPC,1269.288,True
12/29/2024 5:00:00 PM,12/29/2024 12:00:00 PM,SERC,WEST,EKPC,EKPC,1367.870,True
12/29/2024 6:00:00 PM,12/29/2024 1:00:00 PM,SERC,WEST,EKPC,EKPC,1350.324,True
12/29/2024 7:00:00 PM,12/29/2024 2:00:00 PM,SERC,WEST,EKPC,EKPC,1322.358,True
12/29/2024 8:00:00 PM,12/29/2024 3:00:00 PM,SERC,WEST,EKPC,EKPC,1352.823,True
12/29/2024 9:00:00 PM,12/29/2024 4:00:00 PM,SERC,WEST,EKPC,EKPC,1413.242,True
12/29/2024 10:00:00 PM,12/29/2024 5:00:00 PM,SERC,WEST,EKPC,EKPC,1446.118,True
12/29/2024 11:00:00 PM,12/29/2024 6:00:00 PM,SERC,WEST,EKPC,EKPC,1492.001,True
12/30/2024 12:00:00 AM,12/29/2024 7:00:00 PM,SERC,WEST,EKPC,EKPC,1466.662,True
12/30/2024 1:00:00 AM,12/29/2024 8:00:00 PM,SERC,WEST,EKPC,EKPC,1461.271,True
12/30/2024 2:00:00 AM,12/29/2024 9:00:00 PM,SERC,WEST,EKPC,EKPC,1446.796,True
12/30/2024 3:00:00 AM,12/29/2024 10:00:00 PM,SERC,WEST,EKPC,EKPC,1452.937,True
12/30/2024 4:00:00 AM,12/29/2024 11:00:00 PM,SERC,WEST,EKPC,EKPC,1324.104,True
12/30/2024 5:00:00 AM,12/30/2024 12:00:00 AM,SERC,WEST,EKPC,EKPC,1336.055,True
12/30/2024 6:00:00 AM,12/30/2024 1:00:00 AM,SERC,WEST,EKPC,EKPC,1302.673,True
12/30/2024 7:00:00 AM,12/30/2024 2:00:00 AM,SERC,WEST,EKPC,EKPC,1340.891,True
12/30/2024 8:00:00 AM,12/30/2024 3:00:00 AM,SERC,WEST,EKPC,EKPC,1370.334,True
12/30/2024 9:00:00 AM,12/30/2024 4:00:00 AM,SERC,WEST,EKPC,EKPC,1417.511,True
12/30/2024 10:00:00 AM,12/30/2024 5:00:00 AM,SERC,WEST,EKPC,EKPC,1470.695,True
12/30/2024 11:00:00 AM,12/30/2024 6:00:00 AM,SERC,WEST,EKPC,EKPC,1508.761,True
12/30/2024 12:00:00 PM,12/30/2024 7:00:00 AM,SERC,WEST,EKPC,EKPC,1529.453,True
12/30/2024 1:00:00 PM,12/30/2024 8:00:00 AM,SERC,WEST,EKPC,EKPC,1564.440,True
12/30/2024 2:00:00 PM,12/30/2024 9:00:00 AM,SERC,WEST,EKPC,EKPC,1564.996,True
12/30/2024 3:00:00 PM,12/30/2024 10:00:00 AM,SERC,WEST,EKPC,EKPC,1542.872,True
12/30/2024 4:00:00 PM,12/30/2024 11:00:00 AM,SERC,WEST,EKPC,EKPC,1565.281,True
12/30/2024 5:00:00 PM,12/30/2024 12:00:00 PM,SERC,WEST,EKPC,EKPC,1553.662,True
12/30/2024 6:00:00 PM,12/30/2024 1:00:00 PM,SERC,WEST,EKPC,EKPC,1537.831,True
12/30/2024 7:00:00 PM,12/30/2024 2:00:00 PM,SERC,WEST,EKPC,EKPC,1485.951,True
12/30/2024 8:00:00 PM,12/30/2024 3:00:00 PM,SERC,WEST,EKPC,EKPC,1397.716,True
12/30/2024 9:00:00 PM,12/30/2024 4:00:00 PM,SERC,WEST,EKPC,EKPC,1535.935,True
12/30/2024 10:00:00 PM,12/30/2024 5:00:00 PM,SERC,WEST,EKPC,EKPC,1559.597,True
12/30/2024 11:00:00 PM,12/30/2024 6:00:00 PM,SERC,WEST,EKPC,EKPC,1642.450,True
12/31/2024 12:00:00 AM,12/30/2024 7:00:00 PM,SERC,WEST,EKPC,EKPC,1649.220,True
12/31/2024 1:00:00 AM,12/30/2024 8:00:00 PM,SERC,WEST,EKPC,EKPC,1628.501,True
12/31/2024 2:00:00 AM,12/30/2024 9:00:00 PM,SERC,WEST,EKPC,EKPC,1677.206,True
12/31/2024 3:00:00 AM,12/30/2024 10:00:00 PM,SERC,WEST,EKPC,EKPC,1551.879,True
12/31/2024 4:00:00 AM,12/30/2024 11:00:00 PM,SERC,WEST,EKPC,EKPC,1498.918,True
12/31/2024 5:00:00 AM,12/31/2024 12:00:00 AM,SERC,WEST,EKPC,EKPC,1482.353,True
12/31/2024 6:00:00 AM,12/31/2024 1:00:00 AM,SERC,WEST,EKPC,EKPC,1448.854,True
12/31/2024 7:00:00 AM,12/31/2024 2:00:00 AM,SERC,WEST,EKPC,EKPC,1441.148,True
12/31/2024 8:00:00 AM,12/31/2024 3:00:00 AM,SERC,WEST,EKPC,EKPC,1396.761,True
12/31/2024 9:00:00 AM,12/31/2024 4:00:00 AM,SERC,WEST,EKPC,EKPC,1383.572,True
12/31/2024 10:00:00 AM,12/31/2024 5:00:00 AM,SERC,WEST,EKPC,EKPC,1344.803,True
12/31/2024 11:00:00 AM,12/31/2024 6:00:00 AM,SERC,WEST,EKPC,EKPC,1347.253,True
12/31/2024 12:00:00 PM,12/31/2024 7:00:00 AM,SERC,WEST,EKPC,EKPC,1411.139,True
12/31/2024 1:00:00 PM,12/31/2024 8:00:00 AM,SERC,WEST,EKPC,EKPC,1432.216,True
12/31/2024 2:00:00 PM,12/31/2024 9:00:00 AM,SERC,WEST,EKPC,EKPC,1448.661,True
12/31/2024 3:00:00 PM,12/31/2024 10:00:00 AM,SERC,WEST,EKPC,EKPC,1454.939,True
12/31/2024 4:00:00 PM,12/31/2024 11:00:00 AM,SERC,WEST,EKPC,EKPC,1494.060,True
12/31/2024 5:00:00 PM,12/31/2024 12:00:00 PM,SERC,WEST,EKPC,EKPC,1525.639,True
12/31/2024 6:00:00 PM,12/31/2024 1:00:00 PM,SERC,WEST,EKPC,EKPC,1565.461,True
12/31/2024 7:00:00 PM,12/31/2024 2:00:00 PM,SERC,WEST,EKPC,EKPC,1584.130,True
12/31/2024 8:00:00 PM,12/31/2024 3:00:00 PM,SERC,WEST,EKPC,EKPC,1621.659,True
12/31/2024 9:00:00 PM,12/31/2024 4:00:00 PM,SERC,WEST,EKPC,EKPC,1729.356,True
12/31/2024 10:00:00 PM,12/31/2024 5:00:00 PM,SERC,WEST,EKPC,EKPC,1825.110,True
12/31/2024 11:00:00 PM,12/31/2024 6:00:00 PM,SERC,WEST,EKPC,EKPC,1849.739,True
1/1/2025 12:00:00 AM,12/31/2024 7:00:00 PM,SERC,WEST,EKPC,EKPC,1817.786,True
1/1/2025 1:00:00 AM,12/31/2024 8:00:00 PM,SERC,WEST,EKPC,EKPC,1726.676,True
1/1/2025 2:00:00 AM,12/31/2024 9:00:00 PM,SERC,WEST,EKPC,EKPC,1627.432,True
1/1/2025 3:00:00 AM,12/31/2024 10:00:00 PM,SERC,WEST,EKPC,EKPC,1580.205,True
1/1/2025 4:00:00 AM,12/31/2024 11:00:00 PM,SERC,WEST,EKPC,EKPC,1677.395,True
1/1/2025 5:00:00 AM,1/1/2025 12:00:00 AM,SERC,WEST,EKPC,EKPC,1692.863,True
1/1/2025 6:00:00 AM,1/1/2025 1:00:00 AM,SERC,WEST,EKPC,EKPC,1703.133,True
1/1/2025 7:00:00 AM,1/1/2025 2:00:00 AM,SERC,WEST,EKPC,EKPC,1677.335,True
1/1/2025 8:00:00 AM,1/1/2025 3:00:00 AM,SERC,WEST,EKPC,EKPC,1674.022,True
1/1/2025 9:00:00 AM,1/1/2025 4:00:00 AM,SERC,WEST,EKPC,EKPC,1640.920,True
1/1/2025 10:00:00 AM,1/1/2025 5:00:00 AM,SERC,WEST,EKPC,EKPC,1632.719,True
1/1/2025 11:00:00 AM,1/1/2025 6:00:00 AM,SERC,WEST,EKPC,EKPC,1699.616,True
1/1/2025 12:00:00 PM,1/1/2025 7:00:00 AM,SERC,WEST,EKPC,EKPC,1786.223,True
1/1/2025 1:00:00 PM,1/1/2025 8:00:00 AM,SERC,WEST,EKPC,EKPC,1886.190,True
1/1/2025 2:00:00 PM,1/1/2025 9:00:00 AM,SERC,WEST,EKPC,EKPC,1932.165,True
1/1/2025 3:00:00 PM,1/1/2025 10:00:00 AM,SERC,WEST,EKPC,EKPC,2057.521,True
1/1/2025 4:00:00 PM,1/1/2025 11:00:00 AM,SERC,WEST,EKPC,EKPC,2102.372,True
1/1/2025 5:00:00 PM,1/1/2025 12:00:00 PM,SERC,WEST,EKPC,EKPC,2066.537,True
1/1/2025 6:00:00 PM,1/1/2025 1:00:00 PM,SERC,WEST,EKPC,EKPC,2113.658,True
1/1/2025 7:00:00 PM,1/1/2025 2:00:00 PM,SERC,WEST,EKPC,EKPC,2107.706,True
1/1/2025 8:00:00 PM,1/1/2025 3:00:00 PM,SERC,WEST,EKPC,EKPC,2101.979,True
1/1/2025 9:00:00 PM,1/1/2025 4:00:00 PM,SERC,WEST,EKPC,EKPC,2079.768,True
1/1/2025 10:00:00 PM,1/1/2025 5:00:00 PM,SERC,WEST,EKPC,EKPC,2146.882,True
1/1/2025 11:00:00 PM,1/1/2025 6:00:00 PM,SERC,WEST,EKPC,EKPC,2170.700,True
1/2/2025 12:00:00 AM,1/1/2025 7:00:00 PM,SERC,WEST,EKPC,EKPC,2188.054,True
1/2/2025 1:00:00 AM,1/1/2025 8:00:00 PM,SERC,WEST,EKPC,EKPC,2123.719,True
1/2/2025 2:00:00 AM,1/1/2025 9:00:00 PM,SERC,WEST,EKPC,EKPC,2077.939,True
1/2/2025 3:00:00 AM,1/1/2025 10:00:00 PM,SERC,WEST,EKPC,EKPC,2038.873,True
1/2/2025 4:00:00 AM,1/1/2025 11:00:00 PM,SERC,WEST,EKPC,EKPC,1993.172,True
1/2/2025 5:00:00 AM,1/2/2025 12:00:00 AM,SERC,WEST,EKPC,EKPC,1979.568,True
1/2/2025 6:00:00 AM,1/2/2025 1:00:00 AM,SERC,WEST,EKPC,EKPC,1994.807,True
1/2/2025 7:00:00 AM,1/2/2025 2:00:00 AM,SERC,WEST,EKPC,EKPC,1994.461,True
1/2/2025 8:00:00 AM,1/2/2025 3:00:00 AM,SERC,WEST,EKPC,EKPC,1991.404,True
1/2/2025 9:00:00 AM,1/2/2025 4:00:00 AM,SERC,WEST,EKPC,EKPC,1968.563,True
1/2/2025 10:00:00 AM,1/2/2025 5:00:00 AM,SERC,WEST,EKPC,EKPC,2064.583,True
1/2/2025 11:00:00 AM,1/2/2025 6:00:00 AM,SERC,WEST,EKPC,EKPC,2233.073,True
1/2/2025 12:00:00 PM,1/2/2025 7:00:00 AM,SERC,WEST,EKPC,EKPC,2266.862,True
1/2/2025 1:00:00 PM,1/2/2025 8:00:00 AM,SERC,WEST,EKPC,EKPC,2251.320,True
1/2/2025 2:00:00 PM,1/2/2025 9:00:00 AM,SERC,WEST,EKPC,EKPC,2150.077,True
1/2/2025 3:00:00 PM,1/2/2025 10:00:00 AM,SERC,WEST,EKPC,EKPC,2039.329,True
1/2/2025 4:00:00 PM,1/2/2025 11:00:00 AM,SERC,WEST,EKPC,EKPC,1965.165,True
1/2/2025 5:00:00 PM,1/2/2025 12:00:00 PM,SERC,WEST,EKPC,EKPC,1882.092,True
1/2/2025 6:00:00 PM,1/2/2025 1:00:00 PM,SERC,WEST,EKPC,EKPC,1804.829,True
1/2/2025 7:00:00 PM,1/2/2025 2:00:00 PM,SERC,WEST,EKPC,EKPC,1730.429,True
1/2/2025 8:00:00 PM,1/2/2025 3:00:00 PM,SERC,WEST,EKPC,EKPC,1702.033,True
1/2/2025 9:00:00 PM,1/2/2025 4:00:00 PM,SERC,WEST,EKPC,EKPC,1842.392,True
1/2/2025 10:00:00 PM,1/2/2025 5:00:00 PM,SERC,WEST,EKPC,EKPC,1944.908,True
1/2/2025 11:00:00 PM,1/2/2025 6:00:00 PM,SERC,WEST,EKPC,EKPC,1959.904,True
1/3/2025 12:00:00 AM,1/2/2025 7:00:00 PM,SERC,WEST,EKPC,EKPC,2052.733,True
1/3/2025 1:00:00 AM,1/2/2025 8:00:00 PM,SERC,WEST,EKPC,EKPC,2074.292,True
1/3/2025 2:00:00 AM,1/2/2025 9:00:00 PM,SERC,WEST,EKPC,EKPC,1945.738,True
1/3/2025 3:00:00 AM,1/2/2025 10:00:00 PM,SERC,WEST,EKPC,EKPC,1957.839,True
1/3/2025 4:00:00 AM,1/2/2025 11:00:00 PM,SERC,WEST,EKPC,EKPC,1930.863,True
1/3/2025 5:00:00 AM,1/3/2025 12:00:00 AM,SERC,WEST,EKPC,EKPC,1927.646,True
1/3/2025 6:00:00 AM,1/3/2025 1:00:00 AM,SERC,WEST,EKPC,EKPC,1886.449,True
1/3/2025 7:00:00 AM,1/3/2025 2:00:00 AM,SERC,WEST,EKPC,EKPC,1878.761,True
1/3/2025 8:00:00 AM,1/3/2025 3:00:00 AM,SERC,WEST,EKPC,EKPC,1900.643,True
1/3/2025 9:00:00 AM,1/3/2025 4:00:00 AM,SERC,WEST,EKPC,EKPC,1931.327,True
1/3/2025 10:00:00 AM,1/3/2025 5:00:00 AM,SERC,WEST,EKPC,EKPC,1843.875,True
1/3/2025 11:00:00 AM,1/3/2025 6:00:00 AM,SERC,WEST,EKPC,EKPC,1887.316,True
1/3/2025 12:00:00 PM,1/3/2025 7:00:00 AM,SERC,WEST,EKPC,EKPC,2016.569,True
1/3/2025 1:00:00 PM,1/3/2025 8:00:00 AM,SERC,WEST,EKPC,EKPC,2005.633,True
1/3/2025 2:00:00 PM,1/3/2025 9:00:00 AM,SERC,WEST,EKPC,EKPC,2005.162,True
1/3/2025 3:00:00 PM,1/3/2025 10:00:00 AM,SERC,WEST,EKPC,EKPC,2001.229,True
1/3/2025 4:00:00 PM,1/3/2025 11:00:00 AM,SERC,WEST,EKPC,EKPC,2074.394,True
1/3/2025 5:00:00 PM,1/3/2025 12:00:00 PM,SERC,WEST,EKPC,EKPC,2130.896,True
1/3/2025 6:00:00 PM,1/3/2025 1:00:00 PM,SERC,WEST,EKPC,EKPC,2088.855,True
1/3/2025 7:00:00 PM,1/3/2025 2:00:00 PM,SERC,WEST,EKPC,EKPC,2086.615,True
1/3/2025 8:00:00 PM,1/3/2025 3:00:00 PM,SERC,WEST,EKPC,EKPC,2052.964,True
1/3/2025 9:00:00 PM,1/3/2025 4:00:00 PM,SERC,WEST,EKPC,EKPC,2056.428,True
1/3/2025 10:00:00 PM,1/3/2025 5:00:00 PM,SERC,WEST,EKPC,EKPC,2163.146,True
1/3/2025 11:00:00 PM,1/3/2025 6:00:00 PM,SERC,WEST,EKPC,EKPC,2266.800,True
1/4/2025 12:00:00 AM,1/3/2025 7:00:00 PM,SERC,WEST,EKPC,EKPC,2274.699,True
1/4/2025 1:00:00 AM,1/3/2025 8:00:00 PM,SERC,WEST,EKPC,EKPC,2294.862,True
1/4/2025 2:00:00 AM,1/3/2025 9:00:00 PM,SERC,WEST,EKPC,EKPC,2261.679,True
1/4/2025 3:00:00 AM,1/3/2025 10:00:00 PM,SERC,WEST,EKPC,EKPC,2309.190,True
1/4/2025 4:00:00 AM,1/3/2025 11:00:00 PM,SERC,WEST,EKPC,EKPC,2304.018,True
1/4/2025 5:00:00 AM,1/4/2025 12:00:00 AM,SERC,WEST,EKPC,EKPC,2277.129,True
1/4/2025 6:00:00 AM,1/4/2025 1:00:00 AM,SERC,WEST,EKPC,EKPC,2282.645,True
1/4/2025 7:00:00 AM,1/4/2025 2:00:00 AM,SERC,WEST,EKPC,EKPC,2212.444,True
1/4/2025 8:00:00 AM,1/4/2025 3:00:00 AM,SERC,WEST,EKPC,EKPC,2285.674,True
1/4/2025 9:00:00 AM,1/4/2025 4:00:00 AM,SERC,WEST,EKPC,EKPC,2339.007,True
1/4/2025 10:00:00 AM,1/4/2025 5:00:00 AM,SERC,WEST,EKPC,EKPC,2401.798,True
1/4/2025 11:00:00 AM,1/4/2025 6:00:00 AM,SERC,WEST,EKPC,EKPC,2463.420,True
1/4/2025 12:00:00 PM,1/4/2025 7:00:00 AM,SERC,WEST,EKPC,EKPC,2548.237,True
1/4/2025 1:00:00 PM,1/4/2025 8:00:00 AM,SERC,WEST,EKPC,EKPC,2553.063,True
1/4/2025 2:00:00 PM,1/4/2025 9:00:00 AM,SERC,WEST,EKPC,EKPC,2505.173,True
1/4/2025 3:00:00 PM,1/4/2025 10:00:00 AM,SERC,WEST,EKPC,EKPC,2354.234,True
1/4/2025 4:00:00 PM,1/4/2025 11:00:00 AM,SERC,WEST,EKPC,EKPC,2265.438,True
1/4/2025 5:00:00 PM,1/4/2025 12:00:00 PM,SERC,WEST,EKPC,EKPC,2142.723,True
1/4/2025 6:00:00 PM,1/4/2025 1:00:00 PM,SERC,WEST,EKPC,EKPC,2093.828,True
1/4/2025 7:00:00 PM,1/4/2025 2:00:00 PM,SERC,WEST,EKPC,EKPC,2029.446,True
1/4/2025 8:00:00 PM,1/4/2025 3:00:00 PM,SERC,WEST,EKPC,EKPC,2048.385,True
1/4/2025 9:00:00 PM,1/4/2025 4:00:00 PM,SERC,WEST,EKPC,EKPC,2147.564,True
1/4/2025 10:00:00 PM,1/4/2025 5:00:00 PM,SERC,WEST,EKPC,EKPC,2245.450,True
1/4/2025 11:00:00 PM,1/4/2025 6:00:00 PM,SERC,WEST,EKPC,EKPC,2342.722,True
1/5/2025 12:00:00 AM,1/4/2025 7:00:00 PM,SERC,WEST,EKPC,EKPC,2371.849,True
1/5/2025 1:00:00 AM,1/4/2025 8:00:00 PM,SERC,WEST,EKPC,EKPC,2392.727,True
1/5/2025 2:00:00 AM,1/4/2025 9:00:00 PM,SERC,WEST,EKPC,EKPC,2391.888,True
1/5/2025 3:00:00 AM,1/4/2025 10:00:00 PM,SERC,WEST,EKPC,EKPC,2238.216,True
1/5/2025 4:00:00 AM,1/4/2025 11:00:00 PM,SERC,WEST,EKPC,EKPC,2244.464,True
1/5/2025 5:00:00 AM,1/5/2025 12:00:00 AM,SERC,WEST,EKPC,EKPC,2262.573,True
1/5/2025 6:00:00 AM,1/5/2025 1:00:00 AM,SERC,WEST,EKPC,EKPC,2205.743,True
1/5/2025 7:00:00 AM,1/5/2025 2:00:00 AM,SERC,WEST,EKPC,EKPC,2155.633,True
1/5/2025 8:00:00 AM,1/5/2025 3:00:00 AM,SERC,WEST,EKPC,EKPC,2136.501,True
1/5/2025 9:00:00 AM,1/5/2025 4:00:00 AM,SERC,WEST,EKPC,EKPC,2087.619,True
1/5/2025 10:00:00 AM,1/5/2025 5:00:00 AM,SERC,WEST,EKPC,EKPC,2130.525,True
1/5/2025 11:00:00 AM,1/5/2025 6:00:00 AM,SERC,WEST,EKPC,EKPC,2161.611,True
1/5/2025 12:00:00 PM,1/5/2025 7:00:00 AM,SERC,WEST,EKPC,EKPC,2215.024,True
1/5/2025 1:00:00 PM,1/5/2025 8:00:00 AM,SERC,WEST,EKPC,EKPC,2281.505,True
1/5/2025 2:00:00 PM,1/5/2025 9:00:00 AM,SERC,WEST,EKPC,EKPC,2349.186,True
1/5/2025 3:00:00 PM,1/5/2025 10:00:00 AM,SERC,WEST,EKPC,EKPC,2336.738,True
1/5/2025 4:00:00 PM,1/5/2025 11:00:00 AM,SERC,WEST,EKPC,EKPC,2469.737,True
1/5/2025 5:00:00 PM,1/5/2025 12:00:00 PM,SERC,WEST,EKPC,EKPC,2531.394,True
1/5/2025 6:00:00 PM,1/5/2025 1:00:00 PM,SERC,WEST,EKPC,EKPC,2506.352,True
1/5/2025 7:00:00 PM,1/5/2025 2:00:00 PM,SERC,WEST,EKPC,EKPC,2489.030,True
1/5/2025 8:00:00 PM,1/5/2025 3:00:00 PM,SERC,WEST,EKPC,EKPC,2490.892,True
1/5/2025 9:00:00 PM,1/5/2025 4:00:00 PM,SERC,WEST,EKPC,EKPC,2460.785,True
1/5/2025 10:00:00 PM,1/5/2025 5:00:00 PM,SERC,WEST,EKPC,EKPC,2493.728,True
1/5/2025 11:00:00 PM,1/5/2025 6:00:00 PM,SERC,WEST,EKPC,EKPC,2510.076,True
1/6/2025 12:00:00 AM,1/5/2025 7:00:00 PM,SERC,WEST,EKPC,EKPC,2371.060,True
1/6/2025 1:00:00 AM,1/5/2025 8:00:00 PM,SERC,WEST,EKPC,EKPC,2355.783,True
1/6/2025 2:00:00 AM,1/5/2025 9:00:00 PM,SERC,WEST,EKPC,EKPC,2237.369,True
1/6/2025 3:00:00 AM,1/5/2025 10:00:00 PM,SERC,WEST,EKPC,EKPC,2117.291,True
1/6/2025 4:00:00 AM,1/5/2025 11:00:00 PM,SERC,WEST,EKPC,EKPC,2099.163,True
1/6/2025 5:00:00 AM,1/6/2025 12:00:00 AM,SERC,WEST,EKPC,EKPC,2056.438,True
1/6/2025 6:00:00 AM,1/6/2025 1:00:00 AM,SERC,WEST,EKPC,EKPC,1890.544,True
1/6/2025 7:00:00 AM,1/6/2025 2:00:00 AM,SERC,WEST,EKPC,EKPC,1867.171,True
1/6/2025 8:00:00 AM,1/6/2025 3:00:00 AM,SERC,WEST,EKPC,EKPC,1781.442,True
1/6/2025 9:00:00 AM,1/6/2025 4:00:00 AM,SERC,WEST,EKPC,EKPC,1826.482,True
1/6/2025 10:00:00 AM,1/6/2025 5:00:00 AM,SERC,WEST,EKPC,EKPC,1864.433,True
1/6/2025 11:00:00 AM,1/6/2025 6:00:00 AM,SERC,WEST,EKPC,EKPC,1919.573,True
1/6/2025 12:00:00 PM,1/6/2025 7:00:00 AM,SERC,WEST,EKPC,EKPC,1985.929,True
1/6/2025 1:00:00 PM,1/6/2025 8:00:00 AM,SERC,WEST,EKPC,EKPC,2055.720,True
1/6/2025 2:00:00 PM,1/6/2025 9:00:00 AM,SERC,WEST,EKPC,EKPC,2119.191,True
1/6/2025 3:00:00 PM,1/6/2025 10:00:00 AM,SERC,WEST,EKPC,EKPC,2202.298,True
1/6/2025 4:00:00 PM,1/6/2025 11:00:00 AM,SERC,WEST,EKPC,EKPC,2265.320,True
1/6/2025 5:00:00 PM,1/6/2025 12:00:00 PM,SERC,WEST,EKPC,EKPC,2299.007,True
1/6/2025 6:00:00 PM,1/6/2025 1:00:00 PM,SERC,WEST,EKPC,EKPC,2295.054,True
1/6/2025 7:00:00 PM,1/6/2025 2:00:00 PM,SERC,WEST,EKPC,EKPC,2283.111,True
1/6/2025 8:00:00 PM,1/6/2025 3:00:00 PM,SERC,WEST,EKPC,EKPC,2288.931,True
1/6/2025 9:00:00 PM,1/6/2025 4:00:00 PM,SERC,WEST,EKPC,EKPC,2319.955,True
1/6/2025 10:00:00 PM,1/6/2025 5:00:00 PM,SERC,WEST,EKPC,EKPC,2376.062,True
1/6/2025 11:00:00 PM,1/6/2025 6:00:00 PM,SERC,WEST,EKPC,EKPC,2418.728,True
1/7/2025 12:00:00 AM,1/6/2025 7:00:00 PM,SERC,WEST,EKPC,EKPC,2415.638,True
1/7/2025 1:00:00 AM,1/6/2025 8:00:00 PM,SERC,WEST,EKPC,EKPC,2408.460,True
1/7/2025 2:00:00 AM,1/6/2025 9:00:00 PM,SERC,WEST,EKPC,EKPC,2341.671,True
1/7/2025 3:00:00 AM,1/6/2025 10:00:00 PM,SERC,WEST,EKPC,EKPC,2260.868,True
1/7/2025 4:00:00 AM,1/6/2025 11:00:00 PM,SERC,WEST,EKPC,EKPC,2227.462,True
1/7/2025 5:00:00 AM,1/7/2025 12:00:00 AM,SERC,WEST,EKPC,EKPC,2209.139,True
1/7/2025 6:00:00 AM,1/7/2025 1:00:00 AM,SERC,WEST,EKPC,EKPC,2230.634,True
1/7/2025 7:00:00 AM,1/7/2025 2:00:00 AM,SERC,WEST,EKPC,EKPC,2155.495,True
1/7/2025 8:00:00 AM,1/7/2025 3:00:00 AM,SERC,WEST,EKPC,EKPC,2129.121,True
1/7/2025 9:00:00 AM,1/7/2025 4:00:00 AM,SERC,WEST,EKPC,EKPC,2246.457,True
1/7/2025 10:00:00 AM,1/7/2025 5:00:00 AM,SERC,WEST,EKPC,EKPC,2294.502,True
1/7/2025 11:00:00 AM,1/7/2025 6:00:00 AM,SERC,WEST,EKPC,EKPC,2344.980,True
1/7/2025 12:00:00 PM,1/7/2025 7:00:00 AM,SERC,WEST,EKPC,EKPC,2423.028,True
1/7/2025 1:00:00 PM,1/7/2025 8:00:00 AM,SERC,WEST,EKPC,EKPC,2419.305,True
1/7/2025 2:00:00 PM,1/7/2025 9:00:00 AM,SERC,WEST,EKPC,EKPC,2474.132,True
1/7/2025 3:00:00 PM,1/7/2025 10:00:00 AM,SERC,WEST,EKPC,EKPC,2473.631,True
1/7/2025 4:00:00 PM,1/7/2025 11:00:00 AM,SERC,WEST,EKPC,EKPC,2472.677,True
1/7/2025 5:00:00 PM,1/7/2025 12:00:00 PM,SERC,WEST,EKPC,EKPC,2444.635,True
1/7/2025 6:00:00 PM,1/7/2025 1:00:00 PM,SERC,WEST,EKPC,EKPC,2416.237,True
1/7/2025 7:00:00 PM,1/7/2025 2:00:00 PM,SERC,WEST,EKPC,EKPC,2399.001,True
1/7/2025 8:00:00 PM,1/7/2025 3:00:00 PM,SERC,WEST,EKPC,EKPC,2419.042,True
1/7/2025 9:00:00 PM,1/7/2025 4:00:00 PM,SERC,WEST,EKPC,EKPC,2500.469,True
1/7/2025 10:00:00 PM,1/7/2025 5:00:00 PM,SERC,WEST,EKPC,EKPC,2524.518,True
1/7/2025 11:00:00 PM,1/7/2025 6:00:00 PM,SERC,WEST,EKPC,EKPC,2592.806,True
1/8/2025 12:00:00 AM,1/7/2025 7:00:00 PM,SERC,WEST,EKPC,EKPC,2536.761,True
1/8/2025 1:00:00 AM,1/7/2025 8:00:00 PM,SERC,WEST,EKPC,EKPC,2515.337,True
1/8/2025 2:00:00 AM,1/7/2025 9:00:00 PM,SERC,WEST,EKPC,EKPC,2530.216,True
1/8/2025 3:00:00 AM,1/7/2025 10:00:00 PM,SERC,WEST,EKPC,EKPC,2460.218,True
1/8/2025 4:00:00 AM,1/7/2025 11:00:00 PM,SERC,WEST,EKPC,EKPC,2403.722,True
1/8/2025 5:00:00 AM,1/8/2025 12:00:00 AM,SERC,WEST,EKPC,EKPC,2347.584,True
1/8/2025 6:00:00 AM,1/8/2025 1:00:00 AM,SERC,WEST,EKPC,EKPC,2323.433,True
1/8/2025 7:00:00 AM,1/8/2025 2:00:00 AM,SERC,WEST,EKPC,EKPC,2338.632,True
1/8/2025 8:00:00 AM,1/8/2025 3:00:00 AM,SERC,WEST,EKPC,EKPC,2302.305,True
1/8/2025 9:00:00 AM,1/8/2025 4:00:00 AM,SERC,WEST,EKPC,EKPC,2286.665,True
1/8/2025 10:00:00 AM,1/8/2025 5:00:00 AM,SERC,WEST,EKPC,EKPC,2340.896,True
1/8/2025 11:00:00 AM,1/8/2025 6:00:00 AM,SERC,WEST,EKPC,EKPC,2446.412,True
1/8/2025 12:00:00 PM,1/8/2025 7:00:00 AM,SERC,WEST,EKPC,EKPC,2569.490,True
1/8/2025 1:00:00 PM,1/8/2025 8:00:00 AM,SERC,WEST,EKPC,EKPC,2633.693,True
1/8/2025 2:00:00 PM,1/8/2025 9:00:00 AM,SERC,WEST,EKPC,EKPC,2681.218,True
1/8/2025 3:00:00 PM,1/8/2025 10:00:00 AM,SERC,WEST,EKPC,EKPC,2569.766,True
1/8/2025 4:00:00 PM,1/8/2025 11:00:00 AM,SERC,WEST,EKPC,EKPC,2606.370,True
1/8/2025 5:00:00 PM,1/8/2025 12:00:00 PM,SERC,WEST,EKPC,EKPC,2545.148,True
1/8/2025 6:00:00 PM,1/8/2025 1:00:00 PM,SERC,WEST,EKPC,EKPC,2552.723,True
1/8/2025 7:00:00 PM,1/8/2025 2:00:00 PM,SERC,WEST,EKPC,EKPC,2576.770,True
1/8/2025 8:00:00 PM,1/8/2025 3:00:00 PM,SERC,WEST,EKPC,EKPC,2575.324,True
1/8/2025 9:00:00 PM,1/8/2025 4:00:00 PM,SERC,WEST,EKPC,EKPC,2526.064,True
1/8/2025 10:00:00 PM,1/8/2025 5:00:00 PM,SERC,WEST,EKPC,EKPC,2683.525,True
1/8/2025 11:00:00 PM,1/8/2025 6:00:00 PM,SERC,WEST,EKPC,EKPC,2713.153,True
1/9/2025 12:00:00 AM,1/8/2025 7:00:00 PM,SERC,WEST,EKPC,EKPC,2708.001,True
1/9/2025 1:00:00 AM,1/8/2025 8:00:00 PM,SERC,WEST,EKPC,EKPC,2772.458,True
1/9/2025 2:00:00 AM,1/8/2025 9:00:00 PM,SERC,WEST,EKPC,EKPC,2759.498,True
1/9/2025 3:00:00 AM,1/8/2025 10:00:00 PM,SERC,WEST,EKPC,EKPC,2729.364,True
1/9/2025 4:00:00 AM,1/8/2025 11:00:00 PM,SERC,WEST,EKPC,EKPC,2678.337,True
1/9/2025 5:00:00 AM,1/9/2025 12:00:00 AM,SERC,WEST,EKPC,EKPC,2689.575,True
1/9/2025 6:00:00 AM,1/9/2025 1:00:00 AM,SERC,WEST,EKPC,EKPC,2711.707,True
1/9/2025 7:00:00 AM,1/9/2025 2:00:00 AM,SERC,WEST,EKPC,EKPC,2706.311,True
1/9/2025 8:00:00 AM,1/9/2025 3:00:00 AM,SERC,WEST,EKPC,EKPC,2759.635,True
1/9/2025 9:00:00 AM,1/9/2025 4:00:00 AM,SERC,WEST,EKPC,EKPC,2815.177,True
1/9/2025 10:00:00 AM,1/9/2025 5:00:00 AM,SERC,WEST,EKPC,EKPC,2925.420,True
1/9/2025 11:00:00 AM,1/9/2025 6:00:00 AM,SERC,WEST,EKPC,EKPC,2927.110,True
1/9/2025 12:00:00 PM,1/9/2025 7:00:00 AM,SERC,WEST,EKPC,EKPC,3005.391,True
1/9/2025 1:00:00 PM,1/9/2025 8:00:00 AM,SERC,WEST,EKPC,EKPC,3066.261,True
1/9/2025 2:00:00 PM,1/9/2025 9:00:00 AM,SERC,WEST,EKPC,EKPC,2892.295,True
1/9/2025 3:00:00 PM,1/9/2025 10:00:00 AM,SERC,WEST,EKPC,EKPC,2790.727,True
1/9/2025 4:00:00 PM,1/9/2025 11:00:00 AM,SERC,WEST,EKPC,EKPC,2536.718,True
1/9/2025 5:00:00 PM,1/9/2025 12:00:00 PM,SERC,WEST,EKPC,EKPC,2453.929,True
1/9/2025 6:00:00 PM,1/9/2025 1:00:00 PM,SERC,WEST,EKPC,EKPC,2375.392,True
1/9/2025 7:00:00 PM,1/9/2025 2:00:00 PM,SERC,WEST,EKPC,EKPC,2237.489,True
1/9/2025 8:00:00 PM,1/9/2025 3:00:00 PM,SERC,WEST,EKPC,EKPC,2134.849,True
1/9/2025 9:00:00 PM,1/9/2025 4:00:00 PM,SERC,WEST,EKPC,EKPC,2165.122,True
1/9/2025 10:00:00 PM,1/9/2025 5:00:00 PM,SERC,WEST,EKPC,EKPC,2380.407,True
1/9/2025 11:00:00 PM,1/9/2025 6:00:00 PM,SERC,WEST,EKPC,EKPC,2633.391,True
1/10/2025 12:00:00 AM,1/9/2025 7:00:00 PM,SERC,WEST,EKPC,EKPC,2620.954,True
1/10/2025 1:00:00 AM,1/9/2025 8:00:00 PM,SERC,WEST,EKPC,EKPC,2579.847,True
1/10/2025 2:00:00 AM,1/9/2025 9:00:00 PM,SERC,WEST,EKPC,EKPC,2752.762,True
1/10/2025 3:00:00 AM,1/9/2025 10:00:00 PM,SERC,WEST,EKPC,EKPC,2712.824,True
1/10/2025 4:00:00 AM,1/9/2025 11:00:00 PM,SERC,WEST,EKPC,EKPC,2667.945,True
1/10/2025 5:00:00 AM,1/10/2025 12:00:00 AM,SERC,WEST,EKPC,EKPC,2701.626,True
1/10/2025 6:00:00 AM,1/10/2025 1:00:00 AM,SERC,WEST,EKPC,EKPC,2665.813,True
1/10/2025 7:00:00 AM,1/10/2025 2:00:00 AM,SERC,WEST,EKPC,EKPC,2688.058,True
1/10/2025 8:00:00 AM,1/10/2025 3:00:00 AM,SERC,WEST,EKPC,EKPC,2671.606,True
1/10/2025 9:00:00 AM,1/10/2025 4:00:00 AM,SERC,WEST,EKPC,EKPC,2680.926,True
1/10/2025 10:00:00 AM,1/10/2025 5:00:00 AM,SERC,WEST,EKPC,EKPC,2717.427,True
1/10/2025 11:00:00 AM,1/10/2025 6:00:00 AM,SERC,WEST,EKPC,EKPC,2755.597,True
1/10/2025 12:00:00 PM,1/10/2025 7:00:00 AM,SERC,WEST,EKPC,EKPC,2758.070,True
1/10/2025 1:00:00 PM,1/10/2025 8:00:00 AM,SERC,WEST,EKPC,EKPC,2698.393,True
1/10/2025 2:00:00 PM,1/10/2025 9:00:00 AM,SERC,WEST,EKPC,EKPC,2651.925,True
1/10/2025 3:00:00 PM,1/10/2025 10:00:00 AM,SERC,WEST,EKPC,EKPC,2722.635,True
1/10/2025 4:00:00 PM,1/10/2025 11:00:00 AM,SERC,WEST,EKPC,EKPC,2693.496,True
1/10/2025 5:00:00 PM,1/10/2025 12:00:00 PM,SERC,WEST,EKPC,EKPC,2590.225,True
1/10/2025 6:00:00 PM,1/10/2025 1:00:00 PM,SERC,WEST,EKPC,EKPC,2827.204,True
1/10/2025 7:00:00 PM,1/10/2025 2:00:00 PM,SERC,WEST,EKPC,EKPC,2103.624,True
1/10/2025 8:00:00 PM,1/10/2025 3:00:00 PM,SERC,WEST,EKPC,EKPC,2425.919,True
1/10/2025 9:00:00 PM,1/10/2025 4:00:00 PM,SERC,WEST,EKPC,EKPC,2460.705,True
1/10/2025 10:00:00 PM,1/10/2025 5:00:00 PM,SERC,WEST,EKPC,EKPC,2550.487,True
1/10/2025 11:00:00 PM,1/10/2025 6:00:00 PM,SERC,WEST,EKPC,EKPC,2546.558,True
1/11/2025 12:00:00 AM,1/10/2025 7:00:00 PM,SERC,WEST,EKPC,EKPC,2430.794,True
1/11/2025 1:00:00 AM,1/10/2025 8:00:00 PM,SERC,WEST,EKPC,EKPC,2428.656,True
1/11/2025 2:00:00 AM,1/10/2025 9:00:00 PM,SERC,WEST,EKPC,EKPC,2395.091,True
1/11/2025 3:00:00 AM,1/10/2025 10:00:00 PM,SERC,WEST,EKPC,EKPC,2344.068,True
1/11/2025 4:00:00 AM,1/10/2025 11:00:00 PM,SERC,WEST,EKPC,EKPC,2302.341,True
1/11/2025 5:00:00 AM,1/11/2025 12:00:00 AM,SERC,WEST,EKPC,EKPC,2249.509,True
1/11/2025 6:00:00 AM,1/11/2025 1:00:00 AM,SERC,WEST,EKPC,EKPC,2280.544,True
1/11/2025 7:00:00 AM,1/11/2025 2:00:00 AM,SERC,WEST,EKPC,EKPC,2293.202,True
1/11/2025 8:00:00 AM,1/11/2025 3:00:00 AM,SERC,WEST,EKPC,EKPC,2272.426,True
1/11/2025 9:00:00 AM,1/11/2025 4:00:00 AM,SERC,WEST,EKPC,EKPC,2298.474,True
1/11/2025 10:00:00 AM,1/11/2025 5:00:00 AM,SERC,WEST,EKPC,EKPC,2291.242,True
1/11/2025 11:00:00 AM,1/11/2025 6:00:00 AM,SERC,WEST,EKPC,EKPC,2344.074,True
1/11/2025 12:00:00 PM,1/11/2025 7:00:00 AM,SERC,WEST,EKPC,EKPC,2285.470,True
1/11/2025 1:00:00 PM,1/11/2025 8:00:00 AM,SERC,WEST,EKPC,EKPC,2304.450,True
1/11/2025 2:00:00 PM,1/11/2025 9:00:00 AM,SERC,WEST,EKPC,EKPC,2442.348,True
1/11/2025 3:00:00 PM,1/11/2025 10:00:00 AM,SERC,WEST,EKPC,EKPC,2373.975,True
1/11/2025 4:00:00 PM,1/11/2025 11:00:00 AM,SERC,WEST,EKPC,EKPC,2386.758,True
1/11/2025 5:00:00 PM,1/11/2025 12:00:00 PM,SERC,WEST,EKPC,EKPC,2277.301,True
1/11/2025 6:00:00 PM,1/11/2025 1:00:00 PM,SERC,WEST,EKPC,EKPC,2160.562,True
1/11/2025 7:00:00 PM,1/11/2025 2:00:00 PM,SERC,WEST,EKPC,EKPC,2181.331,True
1/11/2025 8:00:00 PM,1/11/2025 3:00:00 PM,SERC,WEST,EKPC,EKPC,2192.682,True
1/11/2025 9:00:00 PM,1/11/2025 4:00:00 PM,SERC,WEST,EKPC,EKPC,2220.814,True
1/11/2025 10:00:00 PM,1/11/2025 5:00:00 PM,SERC,WEST,EKPC,EKPC,2216.105,True
1/11/2025 11:00:00 PM,1/11/2025 6:00:00 PM,SERC,WEST,EKPC,EKPC,2259.679,True
1/12/2025 12:00:00 AM,1/11/2025 7:00:00 PM,SERC,WEST,EKPC,EKPC,2208.303,True
1/12/2025 1:00:00 AM,1/11/2025 8:00:00 PM,SERC,WEST,EKPC,EKPC,2202.117,True
1/12/2025 2:00:00 AM,1/11/2025 9:00:00 PM,SERC,WEST,EKPC,EKPC,2177.890,True
1/12/2025 3:00:00 AM,1/11/2025 10:00:00 PM,SERC,WEST,EKPC,EKPC,2179.232,True
1/12/2025 4:00:00 AM,1/11/2025 11:00:00 PM,SERC,WEST,EKPC,EKPC,2173.047,True
1/12/2025 5:00:00 AM,1/12/2025 12:00:00 AM,SERC,WEST,EKPC,EKPC,2176.835,True
1/12/2025 6:00:00 AM,1/12/2025 1:00:00 AM,SERC,WEST,EKPC,EKPC,2177.849,True
1/12/2025 7:00:00 AM,1/12/2025 2:00:00 AM,SERC,WEST,EKPC,EKPC,2265.075,True
1/12/2025 8:00:00 AM,1/12/2025 3:00:00 AM,SERC,WEST,EKPC,EKPC,2338.659,True
1/12/2025 9:00:00 AM,1/12/2025 4:00:00 AM,SERC,WEST,EKPC,EKPC,2382.601,True
1/12/2025 10:00:00 AM,1/12/2025 5:00:00 AM,SERC,WEST,EKPC,EKPC,2390.657,True
1/12/2025 11:00:00 AM,1/12/2025 6:00:00 AM,SERC,WEST,EKPC,EKPC,2476.884,True
1/12/2025 12:00:00 PM,1/12/2025 7:00:00 AM,SERC,WEST,EKPC,EKPC,2593.644,True
1/12/2025 1:00:00 PM,1/12/2025 8:00:00 AM,SERC,WEST,EKPC,EKPC,2622.362,True
1/12/2025 2:00:00 PM,1/12/2025 9:00:00 AM,SERC,WEST,EKPC,EKPC,2535.355,True
1/12/2025 3:00:00 PM,1/12/2025 10:00:00 AM,SERC,WEST,EKPC,EKPC,2219.653,True
1/12/2025 4:00:00 PM,1/12/2025 11:00:00 AM,SERC,WEST,EKPC,EKPC,2041.818,True
1/12/2025 5:00:00 PM,1/12/2025 12:00:00 PM,SERC,WEST,EKPC,EKPC,2004.898,True
1/12/2025 6:00:00 PM,1/12/2025 1:00:00 PM,SERC,WEST,EKPC,EKPC,1943.341,True
1/12/2025 7:00:00 PM,1/12/2025 2:00:00 PM,SERC,WEST,EKPC,EKPC,1854.483,True
1/12/2025 8:00:00 PM,1/12/2025 3:00:00 PM,SERC,WEST,EKPC,EKPC,1867.098,True
1/12/2025 9:00:00 PM,1/12/2025 4:00:00 PM,SERC,WEST,EKPC,EKPC,1957.438,True
1/12/2025 10:00:00 PM,1/12/2025 5:00:00 PM,SERC,WEST,EKPC,EKPC,2093.817,True
1/12/2025 11:00:00 PM,1/12/2025 6:00:00 PM,SERC,WEST,EKPC,EKPC,2171.977,True
1/13/2025 12:00:00 AM,1/12/2025 7:00:00 PM,SERC,WEST,EKPC,EKPC,2205.869,True
1/13/2025 1:00:00 AM,1/12/2025 8:00:00 PM,SERC,WEST,EKPC,EKPC,2189.630,True
1/13/2025 2:00:00 AM,1/12/2025 9:00:00 PM,SERC,WEST,EKPC,EKPC,2146.208,True
1/13/2025 3:00:00 AM,1/12/2025 10:00:00 PM,SERC,WEST,EKPC,EKPC,2115.219,True
1/13/2025 4:00:00 AM,1/12/2025 11:00:00 PM,SERC,WEST,EKPC,EKPC,2075.058,True
1/13/2025 5:00:00 AM,1/13/2025 12:00:00 AM,SERC,WEST,EKPC,EKPC,2032.217,True
1/13/2025 6:00:00 AM,1/13/2025 1:00:00 AM,SERC,WEST,EKPC,EKPC,2009.644,True
1/13/2025 7:00:00 AM,1/13/2025 2:00:00 AM,SERC,WEST,EKPC,EKPC,1983.554,True
1/13/2025 8:00:00 AM,1/13/2025 3:00:00 AM,SERC,WEST,EKPC,EKPC,1928.750,True
1/13/2025 9:00:00 AM,1/13/2025 4:00:00 AM,SERC,WEST,EKPC,EKPC,1951.733,True
1/13/2025 10:00:00 AM,1/13/2025 5:00:00 AM,SERC,WEST,EKPC,EKPC,2020.822,True
1/13/2025 11:00:00 AM,1/13/2025 6:00:00 AM,SERC,WEST,EKPC,EKPC,2181.272,True
1/13/2025 12:00:00 PM,1/13/2025 7:00:00 AM,SERC,WEST,EKPC,EKPC,2322.031,True
1/13/2025 1:00:00 PM,1/13/2025 8:00:00 AM,SERC,WEST,EKPC,EKPC,2339.695,True
1/13/2025 2:00:00 PM,1/13/2025 9:00:00 AM,SERC,WEST,EKPC,EKPC,2321.040,True
1/13/2025 3:00:00 PM,1/13/2025 10:00:00 AM,SERC,WEST,EKPC,EKPC,2207.698,True
1/13/2025 4:00:00 PM,1/13/2025 11:00:00 AM,SERC,WEST,EKPC,EKPC,2163.265,True
1/13/2025 5:00:00 PM,1/13/2025 12:00:00 PM,SERC,WEST,EKPC,EKPC,2089.860,True
1/13/2025 6:00:00 PM,1/13/2025 1:00:00 PM,SERC,WEST,EKPC,EKPC,2017.248,True
1/13/2025 7:00:00 PM,1/13/2025 2:00:00 PM,SERC,WEST,EKPC,EKPC,2014.989,True
1/13/2025 8:00:00 PM,1/13/2025 3:00:00 PM,SERC,WEST,EKPC,EKPC,2034.295,True
1/13/2025 9:00:00 PM,1/13/2025 4:00:00 PM,SERC,WEST,EKPC,EKPC,2088.364,True
1/13/2025 10:00:00 PM,1/13/2025 5:00:00 PM,SERC,WEST,EKPC,EKPC,2269.846,True
1/13/2025 11:00:00 PM,1/13/2025 6:00:00 PM,SERC,WEST,EKPC,EKPC,2375.152,True
1/14/2025 12:00:00 AM,1/13/2025 7:00:00 PM,SERC,WEST,EKPC,EKPC,2384.781,True
1/14/2025 1:00:00 AM,1/13/2025 8:00:00 PM,SERC,WEST,EKPC,EKPC,2419.819,True
1/14/2025 2:00:00 AM,1/13/2025 9:00:00 PM,SERC,WEST,EKPC,EKPC,2425.037,True
1/14/2025 3:00:00 AM,1/13/2025 10:00:00 PM,SERC,WEST,EKPC,EKPC,2432.242,True
1/14/2025 4:00:00 AM,1/13/2025 11:00:00 PM,SERC,WEST,EKPC,EKPC,2432.684,True
1/14/2025 5:00:00 AM,1/14/2025 12:00:00 AM,SERC,WEST,EKPC,EKPC,2462.697,True
1/14/2025 6:00:00 AM,1/14/2025 1:00:00 AM,SERC,WEST,EKPC,EKPC,2578.957,True
1/14/2025 7:00:00 AM,1/14/2025 2:00:00 AM,SERC,WEST,EKPC,EKPC,2610.313,True
1/14/2025 8:00:00 AM,1/14/2025 3:00:00 AM,SERC,WEST,EKPC,EKPC,2646.332,True
1/14/2025 9:00:00 AM,1/14/2025 4:00:00 AM,SERC,WEST,EKPC,EKPC,2750.565,True
1/14/2025 10:00:00 AM,1/14/2025 5:00:00 AM,SERC,WEST,EKPC,EKPC,2914.028,True
1/14/2025 11:00:00 AM,1/14/2025 6:00:00 AM,SERC,WEST,EKPC,EKPC,3087.940,True
1/14/2025 12:00:00 PM,1/14/2025 7:00:00 AM,SERC,WEST,EKPC,EKPC,3157.244,True
1/14/2025 1:00:00 PM,1/14/2025 8:00:00 AM,SERC,WEST,EKPC,EKPC,2965.523,True
1/14/2025 2:00:00 PM,1/14/2025 9:00:00 AM,SERC,WEST,EKPC,EKPC,2695.917,True
1/14/2025 3:00:00 PM,1/14/2025 10:00:00 AM,SERC,WEST,EKPC,EKPC,2466.494,True
1/14/2025 4:00:00 PM,1/14/2025 11:00:00 AM,SERC,WEST,EKPC,EKPC,2251.917,True
1/14/2025 5:00:00 PM,1/14/2025 12:00:00 PM,SERC,WEST,EKPC,EKPC,2217.099,True
1/14/2025 6:00:00 PM,1/14/2025 1:00:00 PM,SERC,WEST,EKPC,EKPC,2180.997,True
1/14/2025 7:00:00 PM,1/14/2025 2:00:00 PM,SERC,WEST,EKPC,EKPC,2152.772,True
1/14/2025 8:00:00 PM,1/14/2025 3:00:00 PM,SERC,WEST,EKPC,EKPC,2146.255,True
1/14/2025 9:00:00 PM,1/14/2025 4:00:00 PM,SERC,WEST,EKPC,EKPC,2200.282,True
1/14/2025 10:00:00 PM,1/14/2025 5:00:00 PM,SERC,WEST,EKPC,EKPC,2319.368,True
1/14/2025 11:00:00 PM,1/14/2025 6:00:00 PM,SERC,WEST,EKPC,EKPC,2461.054,True
1/15/2025 12:00:00 AM,1/14/2025 7:00:00 PM,SERC,WEST,EKPC,EKPC,2445.515,True
1/15/2025 1:00:00 AM,1/14/2025 8:00:00 PM,SERC,WEST,EKPC,EKPC,2532.294,True
1/15/2025 2:00:00 AM,1/14/2025 9:00:00 PM,SERC,WEST,EKPC,EKPC,2501.776,True
1/15/2025 3:00:00 AM,1/14/2025 10:00:00 PM,SERC,WEST,EKPC,EKPC,2455.819,True
1/15/2025 4:00:00 AM,1/14/2025 11:00:00 PM,SERC,WEST,EKPC,EKPC,2445.367,True
1/15/2025 5:00:00 AM,1/15/2025 12:00:00 AM,SERC,WEST,EKPC,EKPC,2519.154,True
1/15/2025 6:00:00 AM,1/15/2025 1:00:00 AM,SERC,WEST,EKPC,EKPC,2674.903,True
1/15/2025 7:00:00 AM,1/15/2025 2:00:00 AM,SERC,WEST,EKPC,EKPC,2718.505,True
1/15/2025 8:00:00 AM,1/15/2025 3:00:00 AM,SERC,WEST,EKPC,EKPC,2841.413,True
1/15/2025 9:00:00 AM,1/15/2025 4:00:00 AM,SERC,WEST,EKPC,EKPC,2890.845,True
1/15/2025 10:00:00 AM,1/15/2025 5:00:00 AM,SERC,WEST,EKPC,EKPC,3086.403,True
1/15/2025 11:00:00 AM,1/15/2025 6:00:00 AM,SERC,WEST,EKPC,EKPC,3236.709,True
1/15/2025 12:00:00 PM,1/15/2025 7:00:00 AM,SERC,WEST,EKPC,EKPC,3323.277,True
1/15/2025 1:00:00 PM,1/15/2025 8:00:00 AM,SERC,WEST,EKPC,EKPC,3232.641,True
1/15/2025 2:00:00 PM,1/15/2025 9:00:00 AM,SERC,WEST,EKPC,EKPC,3016.728,True
1/15/2025 3:00:00 PM,1/15/2025 10:00:00 AM,SERC,WEST,EKPC,EKPC,2827.623,True
1/15/2025 4:00:00 PM,1/15/2025 11:00:00 AM,SERC,WEST,EKPC,EKPC,2558.543,True
1/15/2025 5:00:00 PM,1/15/2025 12:00:00 PM,SERC,WEST,EKPC,EKPC,2393.306,True
1/15/2025 6:00:00 PM,1/15/2025 1:00:00 PM,SERC,WEST,EKPC,EKPC,2251.188,True
1/15/2025 7:00:00 PM,1/15/2025 2:00:00 PM,SERC,WEST,EKPC,EKPC,2102.881,True
1/15/2025 8:00:00 PM,1/15/2025 3:00:00 PM,SERC,WEST,EKPC,EKPC,2168.831,True
1/15/2025 9:00:00 PM,1/15/2025 4:00:00 PM,SERC,WEST,EKPC,EKPC,2213.543,True
1/15/2025 10:00:00 PM,1/15/2025 5:00:00 PM,SERC,WEST,EKPC,EKPC,2253.595,True
1/15/2025 11:00:00 PM,1/15/2025 6:00:00 PM,SERC,WEST,EKPC,EKPC,2578.902,True
1/16/2025 12:00:00 AM,1/15/2025 7:00:00 PM,SERC,WEST,EKPC,EKPC,2684.150,True
1/16/2025 1:00:00 AM,1/15/2025 8:00:00 PM,SERC,WEST,EKPC,EKPC,2698.156,True
1/16/2025 2:00:00 AM,1/15/2025 9:00:00 PM,SERC,WEST,EKPC,EKPC,2679.336,True
1/16/2025 3:00:00 AM,1/15/2025 10:00:00 PM,SERC,WEST,EKPC,EKPC,2590.858,True
1/16/2025 4:00:00 AM,1/15/2025 11:00:00 PM,SERC,WEST,EKPC,EKPC,2560.485,True
1/16/2025 5:00:00 AM,1/16/2025 12:00:00 AM,SERC,WEST,EKPC,EKPC,2588.535,True
1/16/2025 6:00:00 AM,1/16/2025 1:00:00 AM,SERC,WEST,EKPC,EKPC,2501.039,True
1/16/2025 7:00:00 AM,1/16/2025 2:00:00 AM,SERC,WEST,EKPC,EKPC,2445.219,True
1/16/2025 8:00:00 AM,1/16/2025 3:00:00 AM,SERC,WEST,EKPC,EKPC,2462.929,True
1/16/2025 9:00:00 AM,1/16/2025 4:00:00 AM,SERC,WEST,EKPC,EKPC,2411.720,True
1/16/2025 10:00:00 AM,1/16/2025 5:00:00 AM,SERC,WEST,EKPC,EKPC,2454.614,True
1/16/2025 11:00:00 AM,1/16/2025 6:00:00 AM,SERC,WEST,EKPC,EKPC,2522.597,True
1/16/2025 12:00:00 PM,1/16/2025 7:00:00 AM,SERC,WEST,EKPC,EKPC,2496.319,True
1/16/2025 1:00:00 PM,1/16/2025 8:00:00 AM,SERC,WEST,EKPC,EKPC,2401.977,True
1/16/2025 2:00:00 PM,1/16/2025 9:00:00 AM,SERC,WEST,EKPC,EKPC,2271.787,True
1/16/2025 3:00:00 PM,1/16/2025 10:00:00 AM,SERC,WEST,EKPC,EKPC,2092.285,True
1/16/2025 4:00:00 PM,1/16/2025 11:00:00 AM,SERC,WEST,EKPC,EKPC,1923.435,True
1/16/2025 5:00:00 PM,1/16/2025 12:00:00 PM,SERC,WEST,EKPC,EKPC,1808.122,True
1/16/2025 6:00:00 PM,1/16/2025 1:00:00 PM,SERC,WEST,EKPC,EKPC,1745.799,True
1/16/2025 7:00:00 PM,1/16/2025 2:00:00 PM,SERC,WEST,EKPC,EKPC,1713.217,True
1/16/2025 8:00:00 PM,1/16/2025 3:00:00 PM,SERC,WEST,EKPC,EKPC,1722.589,True
1/16/2025 9:00:00 PM,1/16/2025 4:00:00 PM,SERC,WEST,EKPC,EKPC,1773.881,True
1/16/2025 10:00:00 PM,1/16/2025 5:00:00 PM,SERC,WEST,EKPC,EKPC,1874.678,True
1/16/2025 11:00:00 PM,1/16/2025 6:00:00 PM,SERC,WEST,EKPC,EKPC,1981.019,True
1/17/2025 12:00:00 AM,1/16/2025 7:00:00 PM,SERC,WEST,EKPC,EKPC,2113.153,True
1/17/2025 1:00:00 AM,1/16/2025 8:00:00 PM,SERC,WEST,EKPC,EKPC,2159.593,True
1/17/2025 2:00:00 AM,1/16/2025 9:00:00 PM,SERC,WEST,EKPC,EKPC,2127.645,True
1/17/2025 3:00:00 AM,1/16/2025 10:00:00 PM,SERC,WEST,EKPC,EKPC,2108.790,True
1/17/2025 4:00:00 AM,1/16/2025 11:00:00 PM,SERC,WEST,EKPC,EKPC,2114.351,True
1/17/2025 5:00:00 AM,1/17/2025 12:00:00 AM,SERC,WEST,EKPC,EKPC,2104.064,True
1/17/2025 6:00:00 AM,1/17/2025 1:00:00 AM,SERC,WEST,EKPC,EKPC,2185.924,True
1/17/2025 7:00:00 AM,1/17/2025 2:00:00 AM,SERC,WEST,EKPC,EKPC,2196.590,True
1/17/2025 8:00:00 AM,1/17/2025 3:00:00 AM,SERC,WEST,EKPC,EKPC,2247.849,True
1/17/2025 9:00:00 AM,1/17/2025 4:00:00 AM,SERC,WEST,EKPC,EKPC,2334.094,True
1/17/2025 10:00:00 AM,1/17/2025 5:00:00 AM,SERC,WEST,EKPC,EKPC,2448.521,True
1/17/2025 11:00:00 AM,1/17/2025 6:00:00 AM,SERC,WEST,EKPC,EKPC,2595.906,True
1/17/2025 12:00:00 PM,1/17/2025 7:00:00 AM,SERC,WEST,EKPC,EKPC,2668.569,True
1/17/2025 1:00:00 PM,1/17/2025 8:00:00 AM,SERC,WEST,EKPC,EKPC,2532.384,True
1/17/2025 2:00:00 PM,1/17/2025 9:00:00 AM,SERC,WEST,EKPC,EKPC,2294.567,True
1/17/2025 3:00:00 PM,1/17/2025 10:00:00 AM,SERC,WEST,EKPC,EKPC,2050.379,True
1/17/2025 4:00:00 PM,1/17/2025 11:00:00 AM,SERC,WEST,EKPC,EKPC,1978.207,True
1/17/2025 5:00:00 PM,1/17/2025 12:00:00 PM,SERC,WEST,EKPC,EKPC,1782.870,True
1/17/2025 6:00:00 PM,1/17/2025 1:00:00 PM,SERC,WEST,EKPC,EKPC,1670.110,True
1/17/2025 7:00:00 PM,1/17/2025 2:00:00 PM,SERC,WEST,EKPC,EKPC,1608.714,True
1/17/2025 8:00:00 PM,1/17/2025 3:00:00 PM,SERC,WEST,EKPC,EKPC,1538.169,True
1/17/2025 9:00:00 PM,1/17/2025 4:00:00 PM,SERC,WEST,EKPC,EKPC,1555.280,True
1/17/2025 10:00:00 PM,1/17/2025 5:00:00 PM,SERC,WEST,EKPC,EKPC,1796.443,True
1/17/2025 11:00:00 PM,1/17/2025 6:00:00 PM,SERC,WEST,EKPC,EKPC,1857.061,True
1/18/2025 12:00:00 AM,1/17/2025 7:00:00 PM,SERC,WEST,EKPC,EKPC,1864.696,True
1/18/2025 1:00:00 AM,1/17/2025 8:00:00 PM,SERC,WEST,EKPC,EKPC,1950.937,True
1/18/2025 2:00:00 AM,1/17/2025 9:00:00 PM,SERC,WEST,EKPC,EKPC,1928.478,True
1/18/2025 3:00:00 AM,1/17/2025 10:00:00 PM,SERC,WEST,EKPC,EKPC,1853.239,True
1/18/2025 4:00:00 AM,1/17/2025 11:00:00 PM,SERC,WEST,EKPC,EKPC,1827.334,True
1/18/2025 5:00:00 AM,1/18/2025 12:00:00 AM,SERC,WEST,EKPC,EKPC,1786.593,True
1/18/2025 6:00:00 AM,1/18/2025 1:00:00 AM,SERC,WEST,EKPC,EKPC,1797.829,True
1/18/2025 7:00:00 AM,1/18/2025 2:00:00 AM,SERC,WEST,EKPC,EKPC,1749.504,True
1/18/2025 8:00:00 AM,1/18/2025 3:00:00 AM,SERC,WEST,EKPC,EKPC,1734.295,True
1/18/2025 9:00:00 AM,1/18/2025 4:00:00 AM,SERC,WEST,EKPC,EKPC,1725.809,True
1/18/2025 10:00:00 AM,1/18/2025 5:00:00 AM,SERC,WEST,EKPC,EKPC,1792.489,True
1/18/2025 11:00:00 AM,1/18/2025 6:00:00 AM,SERC,WEST,EKPC,EKPC,1830.930,True
1/18/2025 12:00:00 PM,1/18/2025 7:00:00 AM,SERC,WEST,EKPC,EKPC,1831.801,True
1/18/2025 1:00:00 PM,1/18/2025 8:00:00 AM,SERC,WEST,EKPC,EKPC,1920.431,True
1/18/2025 2:00:00 PM,1/18/2025 9:00:00 AM,SERC,WEST,EKPC,EKPC,1981.919,True
1/18/2025 3:00:00 PM,1/18/2025 10:00:00 AM,SERC,WEST,EKPC,EKPC,1991.287,True
1/18/2025 4:00:00 PM,1/18/2025 11:00:00 AM,SERC,WEST,EKPC,EKPC,2000.990,True
1/18/2025 5:00:00 PM,1/18/2025 12:00:00 PM,SERC,WEST,EKPC,EKPC,1975.774,True
1/18/2025 6:00:00 PM,1/18/2025 1:00:00 PM,SERC,WEST,EKPC,EKPC,1989.336,True
1/18/2025 7:00:00 PM,1/18/2025 2:00:00 PM,SERC,WEST,EKPC,EKPC,1921.823,True
1/18/2025 8:00:00 PM,1/18/2025 3:00:00 PM,SERC,WEST,EKPC,EKPC,1939.151,True
1/18/2025 9:00:00 PM,1/18/2025 4:00:00 PM,SERC,WEST,EKPC,EKPC,2027.545,True
1/18/2025 10:00:00 PM,1/18/2025 5:00:00 PM,SERC,WEST,EKPC,EKPC,1972.691,True
1/18/2025 11:00:00 PM,1/18/2025 6:00:00 PM,SERC,WEST,EKPC,EKPC,2080.197,True
1/19/2025 12:00:00 AM,1/18/2025 7:00:00 PM,SERC,WEST,EKPC,EKPC,2066.039,True
1/19/2025 1:00:00 AM,1/18/2025 8:00:00 PM,SERC,WEST,EKPC,EKPC,2083.781,True
1/19/2025 2:00:00 AM,1/18/2025 9:00:00 PM,SERC,WEST,EKPC,EKPC,2065.440,True
1/19/2025 3:00:00 AM,1/18/2025 10:00:00 PM,SERC,WEST,EKPC,EKPC,2017.812,True
1/19/2025 4:00:00 AM,1/18/2025 11:00:00 PM,SERC,WEST,EKPC,EKPC,1957.148,True
1/19/2025 5:00:00 AM,1/19/2025 12:00:00 AM,SERC,WEST,EKPC,EKPC,1869.786,True
1/19/2025 6:00:00 AM,1/19/2025 1:00:00 AM,SERC,WEST,EKPC,EKPC,1918.500,True
1/19/2025 7:00:00 AM,1/19/2025 2:00:00 AM,SERC,WEST,EKPC,EKPC,1973.639,True
1/19/2025 8:00:00 AM,1/19/2025 3:00:00 AM,SERC,WEST,EKPC,EKPC,1937.645,True
1/19/2025 9:00:00 AM,1/19/2025 4:00:00 AM,SERC,WEST,EKPC,EKPC,2012.536,True
1/19/2025 10:00:00 AM,1/19/2025 5:00:00 AM,SERC,WEST,EKPC,EKPC,2078.844,True
1/19/2025 11:00:00 AM,1/19/2025 6:00:00 AM,SERC,WEST,EKPC,EKPC,2180.693,True
1/19/2025 12:00:00 PM,1/19/2025 7:00:00 AM,SERC,WEST,EKPC,EKPC,2306.098,True
1/19/2025 1:00:00 PM,1/19/2025 8:00:00 AM,SERC,WEST,EKPC,EKPC,2403.911,True
1/19/2025 2:00:00 PM,1/19/2025 9:00:00 AM,SERC,WEST,EKPC,EKPC,2490.546,True
1/19/2025 3:00:00 PM,1/19/2025 10:00:00 AM,SERC,WEST,EKPC,EKPC,2502.315,True
1/19/2025 4:00:00 PM,1/19/2025 11:00:00 AM,SERC,WEST,EKPC,EKPC,2416.509,True
1/19/2025 5:00:00 PM,1/19/2025 12:00:00 PM,SERC,WEST,EKPC,EKPC,2401.128,True
1/19/2025 6:00:00 PM,1/19/2025 1:00:00 PM,SERC,WEST,EKPC,EKPC,2489.014,True
1/19/2025 7:00:00 PM,1/19/2025 2:00:00 PM,SERC,WEST,EKPC,EKPC,2323.594,True
1/19/2025 8:00:00 PM,1/19/2025 3:00:00 PM,SERC,WEST,EKPC,EKPC,2504.274,True
1/19/2025 9:00:00 PM,1/19/2025 4:00:00 PM,SERC,WEST,EKPC,EKPC,2588.720,True
1/19/2025 10:00:00 PM,1/19/2025 5:00:00 PM,SERC,WEST,EKPC,EKPC,2629.855,True
1/19/2025 11:00:00 PM,1/19/2025 6:00:00 PM,SERC,WEST,EKPC,EKPC,2723.076,True
1/20/2025 12:00:00 AM,1/19/2025 7:00:00 PM,SERC,WEST,EKPC,EKPC,2805.249,True
1/20/2025 1:00:00 AM,1/19/2025 8:00:00 PM,SERC,WEST,EKPC,EKPC,2877.225,True
1/20/2025 2:00:00 AM,1/19/2025 9:00:00 PM,SERC,WEST,EKPC,EKPC,2929.388,True
1/20/2025 3:00:00 AM,1/19/2025 10:00:00 PM,SERC,WEST,EKPC,EKPC,2964.091,True
1/20/2025 4:00:00 AM,1/19/2025 11:00:00 PM,SERC,WEST,EKPC,EKPC,2994.492,True
1/20/2025 5:00:00 AM,1/20/2025 12:00:00 AM,SERC,WEST,EKPC,EKPC,3038.348,True
1/20/2025 6:00:00 AM,1/20/2025 1:00:00 AM,SERC,WEST,EKPC,EKPC,3060.816,True
1/20/2025 7:00:00 AM,1/20/2025 2:00:00 AM,SERC,WEST,EKPC,EKPC,3063.172,True
1/20/2025 8:00:00 AM,1/20/2025 3:00:00 AM,SERC,WEST,EKPC,EKPC,3066.362,True
1/20/2025 9:00:00 AM,1/20/2025 4:00:00 AM,SERC,WEST,EKPC,EKPC,3193.533,True
1/20/2025 10:00:00 AM,1/20/2025 5:00:00 AM,SERC,WEST,EKPC,EKPC,3280.392,True
1/20/2025 11:00:00 AM,1/20/2025 6:00:00 AM,SERC,WEST,EKPC,EKPC,3358.462,True
1/20/2025 12:00:00 PM,1/20/2025 7:00:00 AM,SERC,WEST,EKPC,EKPC,3522.419,True
1/20/2025 1:00:00 PM,1/20/2025 8:00:00 AM,SERC,WEST,EKPC,EKPC,3517.453,True
1/20/2025 2:00:00 PM,1/20/2025 9:00:00 AM,SERC,WEST,EKPC,EKPC,3380.449,True
1/20/2025 3:00:00 PM,1/20/2025 10:00:00 AM,SERC,WEST,EKPC,EKPC,3243.373,True
1/20/2025 4:00:00 PM,1/20/2025 11:00:00 AM,SERC,WEST,EKPC,EKPC,3108.112,True
1/20/2025 5:00:00 PM,1/20/2025 12:00:00 PM,SERC,WEST,EKPC,EKPC,2932.867,True
1/20/2025 6:00:00 PM,1/20/2025 1:00:00 PM,SERC,WEST,EKPC,EKPC,2829.285,True
1/20/2025 7:00:00 PM,1/20/2025 2:00:00 PM,SERC,WEST,EKPC,EKPC,2735.260,True
1/20/2025 8:00:00 PM,1/20/2025 3:00:00 PM,SERC,WEST,EKPC,EKPC,2709.093,True
1/20/2025 9:00:00 PM,1/20/2025 4:00:00 PM,SERC,WEST,EKPC,EKPC,2740.363,True
1/20/2025 10:00:00 PM,1/20/2025 5:00:00 PM,SERC,WEST,EKPC,EKPC,2956.156,True
1/20/2025 11:00:00 PM,1/20/2025 6:00:00 PM,SERC,WEST,EKPC,EKPC,3171.946,True
1/21/2025 12:00:00 AM,1/20/2025 7:00:00 PM,SERC,WEST,EKPC,EKPC,3210.260,True
1/21/2025 1:00:00 AM,1/20/2025 8:00:00 PM,SERC,WEST,EKPC,EKPC,3190.321,True
1/21/2025 2:00:00 AM,1/20/2025 9:00:00 PM,SERC,WEST,EKPC,EKPC,3237.627,True
1/21/2025 3:00:00 AM,1/20/2025 10:00:00 PM,SERC,WEST,EKPC,EKPC,3329.460,True
1/21/2025 4:00:00 AM,1/20/2025 11:00:00 PM,SERC,WEST,EKPC,EKPC,3323.690,True
1/21/2025 5:00:00 AM,1/21/2025 12:00:00 AM,SERC,WEST,EKPC,EKPC,3281.936,True
1/21/2025 6:00:00 AM,1/21/2025 1:00:00 AM,SERC,WEST,EKPC,EKPC,3323.496,True
1/21/2025 7:00:00 AM,1/21/2025 2:00:00 AM,SERC,WEST,EKPC,EKPC,3332.171,True
1/21/2025 8:00:00 AM,1/21/2025 3:00:00 AM,SERC,WEST,EKPC,EKPC,3317.641,True
1/21/2025 9:00:00 AM,1/21/2025 4:00:00 AM,SERC,WEST,EKPC,EKPC,3329.033,True
1/21/2025 10:00:00 AM,1/21/2025 5:00:00 AM,SERC,WEST,EKPC,EKPC,3418.815,True
1/21/2025 11:00:00 AM,1/21/2025 6:00:00 AM,SERC,WEST,EKPC,EKPC,3513.826,True
1/21/2025 12:00:00 PM,1/21/2025 7:00:00 AM,SERC,WEST,EKPC,EKPC,3546.792,True
1/21/2025 1:00:00 PM,1/21/2025 8:00:00 AM,SERC,WEST,EKPC,EKPC,3512.798,True
1/21/2025 2:00:00 PM,1/21/2025 9:00:00 AM,SERC,WEST,EKPC,EKPC,3329.483,True
1/21/2025 3:00:00 PM,1/21/2025 10:00:00 AM,SERC,WEST,EKPC,EKPC,3095.398,True
1/21/2025 4:00:00 PM,1/21/2025 11:00:00 AM,SERC,WEST,EKPC,EKPC,3000.388,True
1/21/2025 5:00:00 PM,1/21/2025 12:00:00 PM,SERC,WEST,EKPC,EKPC,2969.501,True
1/21/2025 6:00:00 PM,1/21/2025 1:00:00 PM,SERC,WEST,EKPC,EKPC,2943.165,True
1/21/2025 7:00:00 PM,1/21/2025 2:00:00 PM,SERC,WEST,EKPC,EKPC,2823.687,True
1/21/2025 8:00:00 PM,1/21/2025 3:00:00 PM,SERC,WEST,EKPC,EKPC,2789.983,True
1/21/2025 9:00:00 PM,1/21/2025 4:00:00 PM,SERC,WEST,EKPC,EKPC,2923.248,True
1/21/2025 10:00:00 PM,1/21/2025 5:00:00 PM,SERC,WEST,EKPC,EKPC,3103.373,True
1/21/2025 11:00:00 PM,1/21/2025 6:00:00 PM,SERC,WEST,EKPC,EKPC,3195.513,True
1/22/2025 12:00:00 AM,1/21/2025 7:00:00 PM,SERC,WEST,EKPC,EKPC,3133.989,True
1/22/2025 1:00:00 AM,1/21/2025 8:00:00 PM,SERC,WEST,EKPC,EKPC,3169.452,True
1/22/2025 2:00:00 AM,1/21/2025 9:00:00 PM,SERC,WEST,EKPC,EKPC,3221.357,True
1/22/2025 3:00:00 AM,1/21/2025 10:00:00 PM,SERC,WEST,EKPC,EKPC,3223.944,True
1/22/2025 4:00:00 AM,1/21/2025 11:00:00 PM,SERC,WEST,EKPC,EKPC,3259.045,True
1/22/2025 5:00:00 AM,1/22/2025 12:00:00 AM,SERC,WEST,EKPC,EKPC,3315.371,True
1/22/2025 6:00:00 AM,1/22/2025 1:00:00 AM,SERC,WEST,EKPC,EKPC,3345.594,True
1/22/2025 7:00:00 AM,1/22/2025 2:00:00 AM,SERC,WEST,EKPC,EKPC,3419.983,True
1/22/2025 8:00:00 AM,1/22/2025 3:00:00 AM,SERC,WEST,EKPC,EKPC,3482.612,True
1/22/2025 9:00:00 AM,1/22/2025 4:00:00 AM,SERC,WEST,EKPC,EKPC,3565.319,True
1/22/2025 10:00:00 AM,1/22/2025 5:00:00 AM,SERC,WEST,EKPC,EKPC,3616.380,True
1/22/2025 11:00:00 AM,1/22/2025 6:00:00 AM,SERC,WEST,EKPC,EKPC,3688.730,True
1/22/2025 12:00:00 PM,1/22/2025 7:00:00 AM,SERC,WEST,EKPC,EKPC,3757.184,True
1/22/2025 1:00:00 PM,1/22/2025 8:00:00 AM,SERC,WEST,EKPC,EKPC,3684.606,True
1/22/2025 2:00:00 PM,1/22/2025 9:00:00 AM,SERC,WEST,EKPC,EKPC,3470.612,True
1/22/2025 3:00:00 PM,1/22/2025 10:00:00 AM,SERC,WEST,EKPC,EKPC,3217.828,True
1/22/2025 4:00:00 PM,1/22/2025 11:00:00 AM,SERC,WEST,EKPC,EKPC,2957.721,True
1/22/2025 5:00:00 PM,1/22/2025 12:00:00 PM,SERC,WEST,EKPC,EKPC,2707.390,True
1/22/2025 6:00:00 PM,1/22/2025 1:00:00 PM,SERC,WEST,EKPC,EKPC,2515.877,True
1/22/2025 7:00:00 PM,1/22/2025 2:00:00 PM,SERC,WEST,EKPC,EKPC,2353.226,True
1/22/2025 8:00:00 PM,1/22/2025 3:00:00 PM,SERC,WEST,EKPC,EKPC,2285.743,True
1/22/2025 9:00:00 PM,1/22/2025 4:00:00 PM,SERC,WEST,EKPC,EKPC,2332.358,True
1/22/2025 10:00:00 PM,1/22/2025 5:00:00 PM,SERC,WEST,EKPC,EKPC,2509.290,True
1/22/2025 11:00:00 PM,1/22/2025 6:00:00 PM,SERC,WEST,EKPC,EKPC,2648.726,True
1/23/2025 12:00:00 AM,1/22/2025 7:00:00 PM,SERC,WEST,EKPC,EKPC,2717.525,True
1/23/2025 1:00:00 AM,1/22/2025 8:00:00 PM,SERC,WEST,EKPC,EKPC,2703.946,True
1/23/2025 2:00:00 AM,1/22/2025 9:00:00 PM,SERC,WEST,EKPC,EKPC,2712.629,True
1/23/2025 3:00:00 AM,1/22/2025 10:00:00 PM,SERC,WEST,EKPC,EKPC,2672.568,True
1/23/2025 4:00:00 AM,1/22/2025 11:00:00 PM,SERC,WEST,EKPC,EKPC,2654.550,True
1/23/2025 5:00:00 AM,1/23/2025 12:00:00 AM,SERC,WEST,EKPC,EKPC,2654.455,True
1/23/2025 6:00:00 AM,1/23/2025 1:00:00 AM,SERC,WEST,EKPC,EKPC,2691.999,True
1/23/2025 7:00:00 AM,1/23/2025 2:00:00 AM,SERC,WEST,EKPC,EKPC,2756.410,True
1/23/2025 8:00:00 AM,1/23/2025 3:00:00 AM,SERC,WEST,EKPC,EKPC,2826.645,True
1/23/2025 9:00:00 AM,1/23/2025 4:00:00 AM,SERC,WEST,EKPC,EKPC,2777.855,True
1/23/2025 10:00:00 AM,1/23/2025 5:00:00 AM,SERC,WEST,EKPC,EKPC,2866.446,True
1/23/2025 11:00:00 AM,1/23/2025 6:00:00 AM,SERC,WEST,EKPC,EKPC,2942.850,True
1/23/2025 12:00:00 PM,1/23/2025 7:00:00 AM,SERC,WEST,EKPC,EKPC,2929.402,True
1/23/2025 1:00:00 PM,1/23/2025 8:00:00 AM,SERC,WEST,EKPC,EKPC,2828.557,True
1/23/2025 2:00:00 PM,1/23/2025 9:00:00 AM,SERC,WEST,EKPC,EKPC,2668.392,True
1/23/2025 3:00:00 PM,1/23/2025 10:00:00 AM,SERC,WEST,EKPC,EKPC,2537.749,True
1/23/2025 4:00:00 PM,1/23/2025 11:00:00 AM,SERC,WEST,EKPC,EKPC,2418.329,True
1/23/2025 5:00:00 PM,1/23/2025 12:00:00 PM,SERC,WEST,EKPC,EKPC,2274.447,True
1/23/2025 6:00:00 PM,1/23/2025 1:00:00 PM,SERC,WEST,EKPC,EKPC,2139.715,True
1/23/2025 7:00:00 PM,1/23/2025 2:00:00 PM,SERC,WEST,EKPC,EKPC,2078.587,True
1/23/2025 8:00:00 PM,1/23/2025 3:00:00 PM,SERC,WEST,EKPC,EKPC,2084.102,True
1/23/2025 9:00:00 PM,1/23/2025 4:00:00 PM,SERC,WEST,EKPC,EKPC,2081.690,True
1/23/2025 10:00:00 PM,1/23/2025 5:00:00 PM,SERC,WEST,EKPC,EKPC,2179.135,True
1/23/2025 11:00:00 PM,1/23/2025 6:00:00 PM,SERC,WEST,EKPC,EKPC,2255.819,True
1/24/2025 12:00:00 AM,1/23/2025 7:00:00 PM,SERC,WEST,EKPC,EKPC,2282.213,True
1/24/2025 1:00:00 AM,1/23/2025 8:00:00 PM,SERC,WEST,EKPC,EKPC,2344.332,True
1/24/2025 2:00:00 AM,1/23/2025 9:00:00 PM,SERC,WEST,EKPC,EKPC,2322.556,True
1/24/2025 3:00:00 AM,1/23/2025 10:00:00 PM,SERC,WEST,EKPC,EKPC,2252.929,True
1/24/2025 4:00:00 AM,1/23/2025 11:00:00 PM,SERC,WEST,EKPC,EKPC,2284.651,True
1/24/2025 5:00:00 AM,1/24/2025 12:00:00 AM,SERC,WEST,EKPC,EKPC,2328.945,True
1/24/2025 6:00:00 AM,1/24/2025 1:00:00 AM,SERC,WEST,EKPC,EKPC,2286.386,True
1/24/2025 7:00:00 AM,1/24/2025 2:00:00 AM,SERC,WEST,EKPC,EKPC,2337.969,True
1/24/2025 8:00:00 AM,1/24/2025 3:00:00 AM,SERC,WEST,EKPC,EKPC,2455.245,True
1/24/2025 9:00:00 AM,1/24/2025 4:00:00 AM,SERC,WEST,EKPC,EKPC,2571.945,True
1/24/2025 10:00:00 AM,1/24/2025 5:00:00 AM,SERC,WEST,EKPC,EKPC,2639.584,True
1/24/2025 11:00:00 AM,1/24/2025 6:00:00 AM,SERC,WEST,EKPC,EKPC,2715.957,True
1/24/2025 12:00:00 PM,1/24/2025 7:00:00 AM,SERC,WEST,EKPC,EKPC,2757.191,True
1/24/2025 1:00:00 PM,1/24/2025 8:00:00 AM,SERC,WEST,EKPC,EKPC,2749.397,True
1/24/2025 2:00:00 PM,1/24/2025 9:00:00 AM,SERC,WEST,EKPC,EKPC,2682.708,True
1/24/2025 3:00:00 PM,1/24/2025 10:00:00 AM,SERC,WEST,EKPC,EKPC,2565.160,True
1/24/2025 4:00:00 PM,1/24/2025 11:00:00 AM,SERC,WEST,EKPC,EKPC,2358.010,True
1/24/2025 5:00:00 PM,1/24/2025 12:00:00 PM,SERC,WEST,EKPC,EKPC,2294.867,True
1/24/2025 6:00:00 PM,1/24/2025 1:00:00 PM,SERC,WEST,EKPC,EKPC,2222.902,True
1/24/2025 7:00:00 PM,1/24/2025 2:00:00 PM,SERC,WEST,EKPC,EKPC,2052.142,True
1/24/2025 8:00:00 PM,1/24/2025 3:00:00 PM,SERC,WEST,EKPC,EKPC,2114.192,True
1/24/2025 9:00:00 PM,1/24/2025 4:00:00 PM,SERC,WEST,EKPC,EKPC,2101.219,True
1/24/2025 10:00:00 PM,1/24/2025 5:00:00 PM,SERC,WEST,EKPC,EKPC,2300.948,True
1/24/2025 11:00:00 PM,1/24/2025 6:00:00 PM,SERC,WEST,EKPC,EKPC,2400.983,True
1/25/2025 12:00:00 AM,1/24/2025 7:00:00 PM,SERC,WEST,EKPC,EKPC,2508.532,True
1/25/2025 1:00:00 AM,1/24/2025 8:00:00 PM,SERC,WEST,EKPC,EKPC,2574.693,True
1/25/2025 2:00:00 AM,1/24/2025 9:00:00 PM,SERC,WEST,EKPC,EKPC,2588.501,True
1/25/2025 3:00:00 AM,1/24/2025 10:00:00 PM,SERC,WEST,EKPC,EKPC,2597.369,True
1/25/2025 4:00:00 AM,1/24/2025 11:00:00 PM,SERC,WEST,EKPC,EKPC,2602.140,True
1/25/2025 5:00:00 AM,1/25/2025 12:00:00 AM,SERC,WEST,EKPC,EKPC,2651.279,True
1/25/2025 6:00:00 AM,1/25/2025 1:00:00 AM,SERC,WEST,EKPC,EKPC,2691.839,True
1/25/2025 7:00:00 AM,1/25/2025 2:00:00 AM,SERC,WEST,EKPC,EKPC,2696.183,True
1/25/2025 8:00:00 AM,1/25/2025 3:00:00 AM,SERC,WEST,EKPC,EKPC,2707.979,True
1/25/2025 9:00:00 AM,1/25/2025 4:00:00 AM,SERC,WEST,EKPC,EKPC,2748.301,True
1/25/2025 10:00:00 AM,1/25/2025 5:00:00 AM,SERC,WEST,EKPC,EKPC,2772.397,True
1/25/2025 11:00:00 AM,1/25/2025 6:00:00 AM,SERC,WEST,EKPC,EKPC,2805.451,True
1/25/2025 12:00:00 PM,1/25/2025 7:00:00 AM,SERC,WEST,EKPC,EKPC,2859.339,True
1/25/2025 1:00:00 PM,1/25/2025 8:00:00 AM,SERC,WEST,EKPC,EKPC,2844.363,True
1/25/2025 2:00:00 PM,1/25/2025 9:00:00 AM,SERC,WEST,EKPC,EKPC,2633.584,True
1/25/2025 3:00:00 PM,1/25/2025 10:00:00 AM,SERC,WEST,EKPC,EKPC,2442.124,True
1/25/2025 4:00:00 PM,1/25/2025 11:00:00 AM,SERC,WEST,EKPC,EKPC,2207.179,True
1/25/2025 5:00:00 PM,1/25/2025 12:00:00 PM,SERC,WEST,EKPC,EKPC,2062.862,True
1/25/2025 6:00:00 PM,1/25/2025 1:00:00 PM,SERC,WEST,EKPC,EKPC,1916.206,True
1/25/2025 7:00:00 PM,1/25/2025 2:00:00 PM,SERC,WEST,EKPC,EKPC,1881.528,True
1/25/2025 8:00:00 PM,1/25/2025 3:00:00 PM,SERC,WEST,EKPC,EKPC,1861.393,True
1/25/2025 9:00:00 PM,1/25/2025 4:00:00 PM,SERC,WEST,EKPC,EKPC,1880.489,True
1/25/2025 10:00:00 PM,1/25/2025 5:00:00 PM,SERC,WEST,EKPC,EKPC,1940.245,True
1/25/2025 11:00:00 PM,1/25/2025 6:00:00 PM,SERC,WEST,EKPC,EKPC,1992.651,True
1/26/2025 12:00:00 AM,1/25/2025 7:00:00 PM,SERC,WEST,EKPC,EKPC,2057.383,True
1/26/2025 1:00:00 AM,1/25/2025 8:00:00 PM,SERC,WEST,EKPC,EKPC,2104.886,True
1/26/2025 2:00:00 AM,1/25/2025 9:00:00 PM,SERC,WEST,EKPC,EKPC,2105.664,True
1/26/2025 3:00:00 AM,1/25/2025 10:00:00 PM,SERC,WEST,EKPC,EKPC,2097.219,True
1/26/2025 4:00:00 AM,1/25/2025 11:00:00 PM,SERC,WEST,EKPC,EKPC,2086.428,True
1/26/2025 5:00:00 AM,1/26/2025 12:00:00 AM,SERC,WEST,EKPC,EKPC,2065.312,True
1/26/2025 6:00:00 AM,1/26/2025 1:00:00 AM,SERC,WEST,EKPC,EKPC,2072.812,True
1/26/2025 7:00:00 AM,1/26/2025 2:00:00 AM,SERC,WEST,EKPC,EKPC,2051.643,True
1/26/2025 8:00:00 AM,1/26/2025 3:00:00 AM,SERC,WEST,EKPC,EKPC,2064.651,True
1/26/2025 9:00:00 AM,1/26/2025 4:00:00 AM,SERC,WEST,EKPC,EKPC,2044.240,True
1/26/2025 10:00:00 AM,1/26/2025 5:00:00 AM,SERC,WEST,EKPC,EKPC,2090.547,True
1/26/2025 11:00:00 AM,1/26/2025 6:00:00 AM,SERC,WEST,EKPC,EKPC,2126.668,True
1/26/2025 12:00:00 PM,1/26/2025 7:00:00 AM,SERC,WEST,EKPC,EKPC,2139.348,True
1/26/2025 1:00:00 PM,1/26/2025 8:00:00 AM,SERC,WEST,EKPC,EKPC,2212.992,True
1/26/2025 2:00:00 PM,1/26/2025 9:00:00 AM,SERC,WEST,EKPC,EKPC,2248.164,True
1/26/2025 3:00:00 PM,1/26/2025 10:00:00 AM,SERC,WEST,EKPC,EKPC,2077.490,True
1/26/2025 4:00:00 PM,1/26/2025 11:00:00 AM,SERC,WEST,EKPC,EKPC,1924.625,True
1/26/2025 5:00:00 PM,1/26/2025 12:00:00 PM,SERC,WEST,EKPC,EKPC,1829.874,True
1/26/2025 6:00:00 PM,1/26/2025 1:00:00 PM,SERC,WEST,EKPC,EKPC,1833.053,True
1/26/2025 7:00:00 PM,1/26/2025 2:00:00 PM,SERC,WEST,EKPC,EKPC,1808.790,True
1/26/2025 8:00:00 PM,1/26/2025 3:00:00 PM,SERC,WEST,EKPC,EKPC,1842.020,True
1/26/2025 9:00:00 PM,1/26/2025 4:00:00 PM,SERC,WEST,EKPC,EKPC,1914.619,True
1/26/2025 10:00:00 PM,1/26/2025 5:00:00 PM,SERC,WEST,EKPC,EKPC,1974.650,True
1/26/2025 11:00:00 PM,1/26/2025 6:00:00 PM,SERC,WEST,EKPC,EKPC,1982.974,True
1/27/2025 12:00:00 AM,1/26/2025 7:00:00 PM,SERC,WEST,EKPC,EKPC,2019.172,True
1/27/2025 1:00:00 AM,1/26/2025 8:00:00 PM,SERC,WEST,EKPC,EKPC,2046.672,True
1/27/2025 2:00:00 AM,1/26/2025 9:00:00 PM,SERC,WEST,EKPC,EKPC,1995.900,True
1/27/2025 3:00:00 AM,1/26/2025 10:00:00 PM,SERC,WEST,EKPC,EKPC,1878.101,True
1/27/2025 4:00:00 AM,1/26/2025 11:00:00 PM,SERC,WEST,EKPC,EKPC,1854.563,True
1/27/2025 5:00:00 AM,1/27/2025 12:00:00 AM,SERC,WEST,EKPC,EKPC,1856.795,True
1/27/2025 6:00:00 AM,1/27/2025 1:00:00 AM,SERC,WEST,EKPC,EKPC,1878.999,True
1/27/2025 7:00:00 AM,1/27/2025 2:00:00 AM,SERC,WEST,EKPC,EKPC,1890.502,True
1/27/2025 8:00:00 AM,1/27/2025 3:00:00 AM,SERC,WEST,EKPC,EKPC,1996.121,True
1/27/2025 9:00:00 AM,1/27/2025 4:00:00 AM,SERC,WEST,EKPC,EKPC,2063.390,True
1/27/2025 10:00:00 AM,1/27/2025 5:00:00 AM,SERC,WEST,EKPC,EKPC,2216.412,True
1/27/2025 11:00:00 AM,1/27/2025 6:00:00 AM,SERC,WEST,EKPC,EKPC,2429.542,True
1/27/2025 12:00:00 PM,1/27/2025 7:00:00 AM,SERC,WEST,EKPC,EKPC,2553.078,True
1/27/2025 1:00:00 PM,1/27/2025 8:00:00 AM,SERC,WEST,EKPC,EKPC,2489.348,True
1/27/2025 2:00:00 PM,1/27/2025 9:00:00 AM,SERC,WEST,EKPC,EKPC,2301.986,True
1/27/2025 3:00:00 PM,1/27/2025 10:00:00 AM,SERC,WEST,EKPC,EKPC,2111.123,True
1/27/2025 4:00:00 PM,1/27/2025 11:00:00 AM,SERC,WEST,EKPC,EKPC,1908.269,True
1/27/2025 5:00:00 PM,1/27/2025 12:00:00 PM,SERC,WEST,EKPC,EKPC,1842.720,True
1/27/2025 6:00:00 PM,1/27/2025 1:00:00 PM,SERC,WEST,EKPC,EKPC,1754.478,True
1/27/2025 7:00:00 PM,1/27/2025 2:00:00 PM,SERC,WEST,EKPC,EKPC,1670.237,True
1/27/2025 8:00:00 PM,1/27/2025 3:00:00 PM,SERC,WEST,EKPC,EKPC,1699.149,True
1/27/2025 9:00:00 PM,1/27/2025 4:00:00 PM,SERC,WEST,EKPC,EKPC,1751.085,True
1/27/2025 10:00:00 PM,1/27/2025 5:00:00 PM,SERC,WEST,EKPC,EKPC,1882.032,True
1/27/2025 11:00:00 PM,1/27/2025 6:00:00 PM,SERC,WEST,EKPC,EKPC,2085.611,True
1/28/2025 12:00:00 AM,1/27/2025 7:00:00 PM,SERC,WEST,EKPC,EKPC,2155.350,True
1/28/2025 1:00:00 AM,1/27/2025 8:00:00 PM,SERC,WEST,EKPC,EKPC,2225.726,True
1/28/2025 2:00:00 AM,1/27/2025 9:00:00 PM,SERC,WEST,EKPC,EKPC,2211.928,True
1/28/2025 3:00:00 AM,1/27/2025 10:00:00 PM,SERC,WEST,EKPC,EKPC,2186.958,True
1/28/2025 4:00:00 AM,1/27/2025 11:00:00 PM,SERC,WEST,EKPC,EKPC,2093.886,True
1/28/2025 5:00:00 AM,1/28/2025 12:00:00 AM,SERC,WEST,EKPC,EKPC,2123.759,True
1/28/2025 6:00:00 AM,1/28/2025 1:00:00 AM,SERC,WEST,EKPC,EKPC,2068.116,True
1/28/2025 7:00:00 AM,1/28/2025 2:00:00 AM,SERC,WEST,EKPC,EKPC,2140.506,True
1/28/2025 8:00:00 AM,1/28/2025 3:00:00 AM,SERC,WEST,EKPC,EKPC,2118.024,True
1/28/2025 9:00:00 AM,1/28/2025 4:00:00 AM,SERC,WEST,EKPC,EKPC,2127.565,True
1/28/2025 10:00:00 AM,1/28/2025 5:00:00 AM,SERC,WEST,EKPC,EKPC,2246.948,True
1/28/2025 11:00:00 AM,1/28/2025 6:00:00 AM,SERC,WEST,EKPC,EKPC,2363.662,True
1/28/2025 12:00:00 PM,1/28/2025 7:00:00 AM,SERC,WEST,EKPC,EKPC,2402.022,True
1/28/2025 1:00:00 PM,1/28/2025 8:00:00 AM,SERC,WEST,EKPC,EKPC,2330.237,True
1/28/2025 2:00:00 PM,1/28/2025 9:00:00 AM,SERC,WEST,EKPC,EKPC,2070.220,True
1/28/2025 3:00:00 PM,1/28/2025 10:00:00 AM,SERC,WEST,EKPC,EKPC,1894.315,True
1/28/2025 4:00:00 PM,1/28/2025 11:00:00 AM,SERC,WEST,EKPC,EKPC,1761.964,True
1/28/2025 5:00:00 PM,1/28/2025 12:00:00 PM,SERC,WEST,EKPC,EKPC,1716.421,True
1/28/2025 6:00:00 PM,1/28/2025 1:00:00 PM,SERC,WEST,EKPC,EKPC,1665.567,True
1/28/2025 7:00:00 PM,1/28/2025 2:00:00 PM,SERC,WEST,EKPC,EKPC,1593.349,True
1/28/2025 8:00:00 PM,1/28/2025 3:00:00 PM,SERC,WEST,EKPC,EKPC,1496.053,True
1/28/2025 9:00:00 PM,1/28/2025 4:00:00 PM,SERC,WEST,EKPC,EKPC,1610.782,True
1/28/2025 10:00:00 PM,1/28/2025 5:00:00 PM,SERC,WEST,EKPC,EKPC,1728.075,True
1/28/2025 11:00:00 PM,1/28/2025 6:00:00 PM,SERC,WEST,EKPC,EKPC,1875.053,True
1/29/2025 12:00:00 AM,1/28/2025 7:00:00 PM,SERC,WEST,EKPC,EKPC,1931.392,True
1/29/2025 1:00:00 AM,1/28/2025 8:00:00 PM,SERC,WEST,EKPC,EKPC,1945.980,True
1/29/2025 2:00:00 AM,1/28/2025 9:00:00 PM,SERC,WEST,EKPC,EKPC,1907.516,True
1/29/2025 3:00:00 AM,1/28/2025 10:00:00 PM,SERC,WEST,EKPC,EKPC,1856.134,True
1/29/2025 4:00:00 AM,1/28/2025 11:00:00 PM,SERC,WEST,EKPC,EKPC,1762.452,True
1/29/2025 5:00:00 AM,1/29/2025 12:00:00 AM,SERC,WEST,EKPC,EKPC,1748.287,True
1/29/2025 6:00:00 AM,1/29/2025 1:00:00 AM,SERC,WEST,EKPC,EKPC,1745.323,True
1/29/2025 7:00:00 AM,1/29/2025 2:00:00 AM,SERC,WEST,EKPC,EKPC,1744.816,True
1/29/2025 8:00:00 AM,1/29/2025 3:00:00 AM,SERC,WEST,EKPC,EKPC,1664.239,True
1/29/2025 9:00:00 AM,1/29/2025 4:00:00 AM,SERC,WEST,EKPC,EKPC,1712.074,True
1/29/2025 10:00:00 AM,1/29/2025 5:00:00 AM,SERC,WEST,EKPC,EKPC,1793.825,True
1/29/2025 11:00:00 AM,1/29/2025 6:00:00 AM,SERC,WEST,EKPC,EKPC,1962.165,True
1/29/2025 12:00:00 PM,1/29/2025 7:00:00 AM,SERC,WEST,EKPC,EKPC,1991.326,True
1/29/2025 1:00:00 PM,1/29/2025 8:00:00 AM,SERC,WEST,EKPC,EKPC,1912.411,True
1/29/2025 2:00:00 PM,1/29/2025 9:00:00 AM,SERC,WEST,EKPC,EKPC,1773.212,True
1/29/2025 3:00:00 PM,1/29/2025 10:00:00 AM,SERC,WEST,EKPC,EKPC,1711.569,True
1/29/2025 4:00:00 PM,1/29/2025 11:00:00 AM,SERC,WEST,EKPC,EKPC,1594.334,True
1/29/2025 5:00:00 PM,1/29/2025 12:00:00 PM,SERC,WEST,EKPC,EKPC,1514.495,True
1/29/2025 6:00:00 PM,1/29/2025 1:00:00 PM,SERC,WEST,EKPC,EKPC,1485.064,True
1/29/2025 7:00:00 PM,1/29/2025 2:00:00 PM,SERC,WEST,EKPC,EKPC,1491.377,True
1/29/2025 8:00:00 PM,1/29/2025 3:00:00 PM,SERC,WEST,EKPC,EKPC,1355.463,True
1/29/2025 9:00:00 PM,1/29/2025 4:00:00 PM,SERC,WEST,EKPC,EKPC,1405.858,True
1/29/2025 10:00:00 PM,1/29/2025 5:00:00 PM,SERC,WEST,EKPC,EKPC,1475.426,True
1/29/2025 11:00:00 PM,1/29/2025 6:00:00 PM,SERC,WEST,EKPC,EKPC,1651.399,True
1/30/2025 12:00:00 AM,1/29/2025 7:00:00 PM,SERC,WEST,EKPC,EKPC,1729.231,True
1/30/2025 1:00:00 AM,1/29/2025 8:00:00 PM,SERC,WEST,EKPC,EKPC,1809.499,True
1/30/2025 2:00:00 AM,1/29/2025 9:00:00 PM,SERC,WEST,EKPC,EKPC,1857.267,True
1/30/2025 3:00:00 AM,1/29/2025 10:00:00 PM,SERC,WEST,EKPC,EKPC,1875.109,True
1/30/2025 4:00:00 AM,1/29/2025 11:00:00 PM,SERC,WEST,EKPC,EKPC,1795.137,True
1/30/2025 5:00:00 AM,1/30/2025 12:00:00 AM,SERC,WEST,EKPC,EKPC,1854.235,True
1/30/2025 6:00:00 AM,1/30/2025 1:00:00 AM,SERC,WEST,EKPC,EKPC,1915.185,True
1/30/2025 7:00:00 AM,1/30/2025 2:00:00 AM,SERC,WEST,EKPC,EKPC,1951.274,True
1/30/2025 8:00:00 AM,1/30/2025 3:00:00 AM,SERC,WEST,EKPC,EKPC,1982.865,True
1/30/2025 9:00:00 AM,1/30/2025 4:00:00 AM,SERC,WEST,EKPC,EKPC,2074.605,True
1/30/2025 10:00:00 AM,1/30/2025 5:00:00 AM,SERC,WEST,EKPC,EKPC,2198.604,True
1/30/2025 11:00:00 AM,1/30/2025 6:00:00 AM,SERC,WEST,EKPC,EKPC,2317.492,True
1/30/2025 12:00:00 PM,1/30/2025 7:00:00 AM,SERC,WEST,EKPC,EKPC,2388.658,True
1/30/2025 1:00:00 PM,1/30/2025 8:00:00 AM,SERC,WEST,EKPC,EKPC,2265.073,True
1/30/2025 2:00:00 PM,1/30/2025 9:00:00 AM,SERC,WEST,EKPC,EKPC,2153.717,True
1/30/2025 3:00:00 PM,1/30/2025 10:00:00 AM,SERC,WEST,EKPC,EKPC,1968.634,True
1/30/2025 4:00:00 PM,1/30/2025 11:00:00 AM,SERC,WEST,EKPC,EKPC,1831.435,True
1/30/2025 5:00:00 PM,1/30/2025 12:00:00 PM,SERC,WEST,EKPC,EKPC,1771.067,True
1/30/2025 6:00:00 PM,1/30/2025 1:00:00 PM,SERC,WEST,EKPC,EKPC,1704.401,True
1/30/2025 7:00:00 PM,1/30/2025 2:00:00 PM,SERC,WEST,EKPC,EKPC,1634.976,True
1/30/2025 8:00:00 PM,1/30/2025 3:00:00 PM,SERC,WEST,EKPC,EKPC,1664.688,True
1/30/2025 9:00:00 PM,1/30/2025 4:00:00 PM,SERC,WEST,EKPC,EKPC,1759.539,True
1/30/2025 10:00:00 PM,1/30/2025 5:00:00 PM,SERC,WEST,EKPC,EKPC,1878.726,True
1/30/2025 11:00:00 PM,1/30/2025 6:00:00 PM,SERC,WEST,EKPC,EKPC,1851.887,True
1/31/2025 12:00:00 AM,1/30/2025 7:00:00 PM,SERC,WEST,EKPC,EKPC,1841.365,True
1/31/2025 1:00:00 AM,1/30/2025 8:00:00 PM,SERC,WEST,EKPC,EKPC,1812.245,True
1/31/2025 2:00:00 AM,1/30/2025 9:00:00 PM,SERC,WEST,EKPC,EKPC,1727.941,True
1/31/2025 3:00:00 AM,1/30/2025 10:00:00 PM,SERC,WEST,EKPC,EKPC,1666.162,True
1/31/2025 4:00:00 AM,1/30/2025 11:00:00 PM,SERC,WEST,EKPC,EKPC,1552.546,True
1/31/2025 5:00:00 AM,1/31/2025 12:00:00 AM,SERC,WEST,EKPC,EKPC,1514.585,True
1/31/2025 6:00:00 AM,1/31/2025 1:00:00 AM,SERC,WEST,EKPC,EKPC,1480.822,True
1/31/2025 7:00:00 AM,1/31/2025 2:00:00 AM,SERC,WEST,EKPC,EKPC,1495.631,True
1/31/2025 8:00:00 AM,1/31/2025 3:00:00 AM,SERC,WEST,EKPC,EKPC,1488.016,True
1/31/2025 9:00:00 AM,1/31/2025 4:00:00 AM,SERC,WEST,EKPC,EKPC,1530.226,True
1/31/2025 10:00:00 AM,1/31/2025 5:00:00 AM,SERC,WEST,EKPC,EKPC,1619.808,True
1/31/2025 11:00:00 AM,1/31/2025 6:00:00 AM,SERC,WEST,EKPC,EKPC,1687.919,True
1/31/2025 12:00:00 PM,1/31/2025 7:00:00 AM,SERC,WEST,EKPC,EKPC,1724.366,True
1/31/2025 1:00:00 PM,1/31/2025 8:00:00 AM,SERC,WEST,EKPC,EKPC,1660.705,True
1/31/2025 2:00:00 PM,1/31/2025 9:00:00 AM,SERC,WEST,EKPC,EKPC,1630.551,True
1/31/2025 3:00:00 PM,1/31/2025 10:00:00 AM,SERC,WEST,EKPC,EKPC,1536.220,True
1/31/2025 4:00:00 PM,1/31/2025 11:00:00 AM,SERC,WEST,EKPC,EKPC,1528.397,True
1/31/2025 5:00:00 PM,1/31/2025 12:00:00 PM,SERC,WEST,EKPC,EKPC,1568.262,True
1/31/2025 6:00:00 PM,1/31/2025 1:00:00 PM,SERC,WEST,EKPC,EKPC,1470.675,True
1/31/2025 7:00:00 PM,1/31/2025 2:00:00 PM,SERC,WEST,EKPC,EKPC,1456.311,True
1/31/2025 8:00:00 PM,1/31/2025 3:00:00 PM,SERC,WEST,EKPC,EKPC,1384.737,True
1/31/2025 9:00:00 PM,1/31/2025 4:00:00 PM,SERC,WEST,EKPC,EKPC,1401.580,True
1/31/2025 10:00:00 PM,1/31/2025 5:00:00 PM,SERC,WEST,EKPC,EKPC,1487.856,True
1/31/2025 11:00:00 PM,1/31/2025 6:00:00 PM,SERC,WEST,EKPC,EKPC,1550.115,True
2/1/2025 12:00:00 AM,1/31/2025 7:00:00 PM,SERC,WEST,EKPC,EKPC,1531.252,True
2/1/2025 1:00:00 AM,1/31/2025 8:00:00 PM,SERC,WEST,EKPC,EKPC,1579.453,True
2/1/2025 2:00:00 AM,1/31/2025 9:00:00 PM,SERC,WEST,EKPC,EKPC,1532.864,True
2/1/2025 3:00:00 AM,1/31/2025 10:00:00 PM,SERC,WEST,EKPC,EKPC,1499.506,True
2/1/2025 4:00:00 AM,1/31/2025 11:00:00 PM,SERC,WEST,EKPC,EKPC,1476.670,True
2/1/2025 5:00:00 AM,2/1/2025 12:00:00 AM,SERC,WEST,EKPC,EKPC,1512.010,True
2/1/2025 6:00:00 AM,2/1/2025 1:00:00 AM,SERC,WEST,EKPC,EKPC,1510.014,True
2/1/2025 7:00:00 AM,2/1/2025 2:00:00 AM,SERC,WEST,EKPC,EKPC,1495.571,True
2/1/2025 8:00:00 AM,2/1/2025 3:00:00 AM,SERC,WEST,EKPC,EKPC,1543.031,True
2/1/2025 9:00:00 AM,2/1/2025 4:00:00 AM,SERC,WEST,EKPC,EKPC,1575.747,True
2/1/2025 10:00:00 AM,2/1/2025 5:00:00 AM,SERC,WEST,EKPC,EKPC,1609.686,True
2/1/2025 11:00:00 AM,2/1/2025 6:00:00 AM,SERC,WEST,EKPC,EKPC,1644.832,True
2/1/2025 12:00:00 PM,2/1/2025 7:00:00 AM,SERC,WEST,EKPC,EKPC,1738.180,True
2/1/2025 1:00:00 PM,2/1/2025 8:00:00 AM,SERC,WEST,EKPC,EKPC,1726.033,True
2/1/2025 2:00:00 PM,2/1/2025 9:00:00 AM,SERC,WEST,EKPC,EKPC,1829.275,True
2/1/2025 3:00:00 PM,2/1/2025 10:00:00 AM,SERC,WEST,EKPC,EKPC,1799.635,True
2/1/2025 4:00:00 PM,2/1/2025 11:00:00 AM,SERC,WEST,EKPC,EKPC,1745.847,True
2/1/2025 5:00:00 PM,2/1/2025 12:00:00 PM,SERC,WEST,EKPC,EKPC,1677.262,True
2/1/2025 6:00:00 PM,2/1/2025 1:00:00 PM,SERC,WEST,EKPC,EKPC,1594.340,True
2/1/2025 7:00:00 PM,2/1/2025 2:00:00 PM,SERC,WEST,EKPC,EKPC,1534.552,True
2/1/2025 8:00:00 PM,2/1/2025 3:00:00 PM,SERC,WEST,EKPC,EKPC,1475.184,True
2/1/2025 9:00:00 PM,2/1/2025 4:00:00 PM,SERC,WEST,EKPC,EKPC,1530.043,True
2/1/2025 10:00:00 PM,2/1/2025 5:00:00 PM,SERC,WEST,EKPC,EKPC,1622.796,True
2/1/2025 11:00:00 PM,2/1/2025 6:00:00 PM,SERC,WEST,EKPC,EKPC,1758.786,True
2/2/2025 12:00:00 AM,2/1/2025 7:00:00 PM,SERC,WEST,EKPC,EKPC,1863.888,True
2/2/2025 1:00:00 AM,2/1/2025 8:00:00 PM,SERC,WEST,EKPC,EKPC,1847.054,True
2/2/2025 2:00:00 AM,2/1/2025 9:00:00 PM,SERC,WEST,EKPC,EKPC,1868.866,True
2/2/2025 3:00:00 AM,2/1/2025 10:00:00 PM,SERC,WEST,EKPC,EKPC,1864.856,True
2/2/2025 4:00:00 AM,2/1/2025 11:00:00 PM,SERC,WEST,EKPC,EKPC,1854.112,True
2/2/2025 5:00:00 AM,2/2/2025 12:00:00 AM,SERC,WEST,EKPC,EKPC,1854.509,True
2/2/2025 6:00:00 AM,2/2/2025 1:00:00 AM,SERC,WEST,EKPC,EKPC,1902.602,True
2/2/2025 7:00:00 AM,2/2/2025 2:00:00 AM,SERC,WEST,EKPC,EKPC,1917.836,True
2/2/2025 8:00:00 AM,2/2/2025 3:00:00 AM,SERC,WEST,EKPC,EKPC,1905.436,True
2/2/2025 9:00:00 AM,2/2/2025 4:00:00 AM,SERC,WEST,EKPC,EKPC,1851.642,True
2/2/2025 10:00:00 AM,2/2/2025 5:00:00 AM,SERC,WEST,EKPC,EKPC,1881.288,True
2/2/2025 11:00:00 AM,2/2/2025 6:00:00 AM,SERC,WEST,EKPC,EKPC,1895.703,True
2/2/2025 12:00:00 PM,2/2/2025 7:00:00 AM,SERC,WEST,EKPC,EKPC,1927.805,True
2/2/2025 1:00:00 PM,2/2/2025 8:00:00 AM,SERC,WEST,EKPC,EKPC,1959.901,True
2/2/2025 2:00:00 PM,2/2/2025 9:00:00 AM,SERC,WEST,EKPC,EKPC,1906.630,True
2/2/2025 3:00:00 PM,2/2/2025 10:00:00 AM,SERC,WEST,EKPC,EKPC,1791.844,True
2/2/2025 4:00:00 PM,2/2/2025 11:00:00 AM,SERC,WEST,EKPC,EKPC,1652.658,True
2/2/2025 5:00:00 PM,2/2/2025 12:00:00 PM,SERC,WEST,EKPC,EKPC,1512.609,True
2/2/2025 6:00:00 PM,2/2/2025 1:00:00 PM,SERC,WEST,EKPC,EKPC,1397.225,True
2/2/2025 7:00:00 PM,2/2/2025 2:00:00 PM,SERC,WEST,EKPC,EKPC,1288.887,True
2/2/2025 8:00:00 PM,2/2/2025 3:00:00 PM,SERC,WEST,EKPC,EKPC,1315.191,True
2/2/2025 9:00:00 PM,2/2/2025 4:00:00 PM,SERC,WEST,EKPC,EKPC,1342.437,True
2/2/2025 10:00:00 PM,2/2/2025 5:00:00 PM,SERC,WEST,EKPC,EKPC,1422.853,True
2/2/2025 11:00:00 PM,2/2/2025 6:00:00 PM,SERC,WEST,EKPC,EKPC,1552.971,True
2/3/2025 12:00:00 AM,2/2/2025 7:00:00 PM,SERC,WEST,EKPC,EKPC,1608.768,True
2/3/2025 1:00:00 AM,2/2/2025 8:00:00 PM,SERC,WEST,EKPC,EKPC,1608.557,True
2/3/2025 2:00:00 AM,2/2/2025 9:00:00 PM,SERC,WEST,EKPC,EKPC,1567.514,True
2/3/2025 3:00:00 AM,2/2/2025 10:00:00 PM,SERC,WEST,EKPC,EKPC,1493.485,True
2/3/2025 4:00:00 AM,2/2/2025 11:00:00 PM,SERC,WEST,EKPC,EKPC,1464.627,True
2/3/2025 5:00:00 AM,2/3/2025 12:00:00 AM,SERC,WEST,EKPC,EKPC,1443.926,True
2/3/2025 6:00:00 AM,2/3/2025 1:00:00 AM,SERC,WEST,EKPC,EKPC,1465.790,True
2/3/2025 7:00:00 AM,2/3/2025 2:00:00 AM,SERC,WEST,EKPC,EKPC,1444.757,True
2/3/2025 8:00:00 AM,2/3/2025 3:00:00 AM,SERC,WEST,EKPC,EKPC,1457.140,True
2/3/2025 9:00:00 AM,2/3/2025 4:00:00 AM,SERC,WEST,EKPC,EKPC,1497.505,True
2/3/2025 10:00:00 AM,2/3/2025 5:00:00 AM,SERC,WEST,EKPC,EKPC,1575.372,True
2/3/2025 11:00:00 AM,2/3/2025 6:00:00 AM,SERC,WEST,EKPC,EKPC,1732.395,True
2/3/2025 12:00:00 PM,2/3/2025 7:00:00 AM,SERC,WEST,EKPC,EKPC,1751.596,True
2/3/2025 1:00:00 PM,2/3/2025 8:00:00 AM,SERC,WEST,EKPC,EKPC,1719.120,True
2/3/2025 2:00:00 PM,2/3/2025 9:00:00 AM,SERC,WEST,EKPC,EKPC,1611.577,True
2/3/2025 3:00:00 PM,2/3/2025 10:00:00 AM,SERC,WEST,EKPC,EKPC,1486.100,True
2/3/2025 4:00:00 PM,2/3/2025 11:00:00 AM,SERC,WEST,EKPC,EKPC,1385.677,True
2/3/2025 5:00:00 PM,2/3/2025 12:00:00 PM,SERC,WEST,EKPC,EKPC,1337.514,True
2/3/2025 6:00:00 PM,2/3/2025 1:00:00 PM,SERC,WEST,EKPC,EKPC,1319.504,True
2/3/2025 7:00:00 PM,2/3/2025 2:00:00 PM,SERC,WEST,EKPC,EKPC,1290.080,True
2/3/2025 8:00:00 PM,2/3/2025 3:00:00 PM,SERC,WEST,EKPC,EKPC,1168.308,True
2/3/2025 9:00:00 PM,2/3/2025 4:00:00 PM,SERC,WEST,EKPC,EKPC,1262.667,True
2/3/2025 10:00:00 PM,2/3/2025 5:00:00 PM,SERC,WEST,EKPC,EKPC,1316.717,True
2/3/2025 11:00:00 PM,2/3/2025 6:00:00 PM,SERC,WEST,EKPC,EKPC,1457.502,True
2/4/2025 12:00:00 AM,2/3/2025 7:00:00 PM,SERC,WEST,EKPC,EKPC,1505.377,True
2/4/2025 1:00:00 AM,2/3/2025 8:00:00 PM,SERC,WEST,EKPC,EKPC,1476.612,True
2/4/2025 2:00:00 AM,2/3/2025 9:00:00 PM,SERC,WEST,EKPC,EKPC,1439.251,True
2/4/2025 3:00:00 AM,2/3/2025 10:00:00 PM,SERC,WEST,EKPC,EKPC,1307.977,True
2/4/2025 4:00:00 AM,2/3/2025 11:00:00 PM,SERC,WEST,EKPC,EKPC,1194.408,True
2/4/2025 5:00:00 AM,2/4/2025 12:00:00 AM,SERC,WEST,EKPC,EKPC,1195.779,True
2/4/2025 6:00:00 AM,2/4/2025 1:00:00 AM,SERC,WEST,EKPC,EKPC,1205.351,True
2/4/2025 7:00:00 AM,2/4/2025 2:00:00 AM,SERC,WEST,EKPC,EKPC,1197.514,True
2/4/2025 8:00:00 AM,2/4/2025 3:00:00 AM,SERC,WEST,EKPC,EKPC,1135.011,True
2/4/2025 9:00:00 AM,2/4/2025 4:00:00 AM,SERC,WEST,EKPC,EKPC,1226.144,True
2/4/2025 10:00:00 AM,2/4/2025 5:00:00 AM,SERC,WEST,EKPC,EKPC,1284.202,True
2/4/2025 11:00:00 AM,2/4/2025 6:00:00 AM,SERC,WEST,EKPC,EKPC,1416.126,True
2/4/2025 12:00:00 PM,2/4/2025 7:00:00 AM,SERC,WEST,EKPC,EKPC,1464.772,True
2/4/2025 1:00:00 PM,2/4/2025 8:00:00 AM,SERC,WEST,EKPC,EKPC,1467.878,True
2/4/2025 2:00:00 PM,2/4/2025 9:00:00 AM,SERC,WEST,EKPC,EKPC,1460.255,True
2/4/2025 3:00:00 PM,2/4/2025 10:00:00 AM,SERC,WEST,EKPC,EKPC,1484.844,True
2/4/2025 4:00:00 PM,2/4/2025 11:00:00 AM,SERC,WEST,EKPC,EKPC,1441.332,True
2/4/2025 5:00:00 PM,2/4/2025 12:00:00 PM,SERC,WEST,EKPC,EKPC,1418.957,True
2/4/2025 6:00:00 PM,2/4/2025 1:00:00 PM,SERC,WEST,EKPC,EKPC,1381.623,True
2/4/2025 7:00:00 PM,2/4/2025 2:00:00 PM,SERC,WEST,EKPC,EKPC,1389.542,True
2/4/2025 8:00:00 PM,2/4/2025 3:00:00 PM,SERC,WEST,EKPC,EKPC,1369.062,True
2/4/2025 9:00:00 PM,2/4/2025 4:00:00 PM,SERC,WEST,EKPC,EKPC,1445.496,True
2/4/2025 10:00:00 PM,2/4/2025 5:00:00 PM,SERC,WEST,EKPC,EKPC,1446.184,True
2/4/2025 11:00:00 PM,2/4/2025 6:00:00 PM,SERC,WEST,EKPC,EKPC,1651.201,True
2/5/2025 12:00:00 AM,2/4/2025 7:00:00 PM,SERC,WEST,EKPC,EKPC,1675.520,True
2/5/2025 1:00:00 AM,2/4/2025 8:00:00 PM,SERC,WEST,EKPC,EKPC,1753.736,True
2/5/2025 2:00:00 AM,2/4/2025 9:00:00 PM,SERC,WEST,EKPC,EKPC,1740.641,True
2/5/2025 3:00:00 AM,2/4/2025 10:00:00 PM,SERC,WEST,EKPC,EKPC,1656.231,True
2/5/2025 4:00:00 AM,2/4/2025 11:00:00 PM,SERC,WEST,EKPC,EKPC,1568.107,True
2/5/2025 5:00:00 AM,2/5/2025 12:00:00 AM,SERC,WEST,EKPC,EKPC,1575.506,True
2/5/2025 6:00:00 AM,2/5/2025 1:00:00 AM,SERC,WEST,EKPC,EKPC,1560.992,True
2/5/2025 7:00:00 AM,2/5/2025 2:00:00 AM,SERC,WEST,EKPC,EKPC,1487.415,True
2/5/2025 8:00:00 AM,2/5/2025 3:00:00 AM,SERC,WEST,EKPC,EKPC,1498.483,True
2/5/2025 9:00:00 AM,2/5/2025 4:00:00 AM,SERC,WEST,EKPC,EKPC,1486.233,True
2/5/2025 10:00:00 AM,2/5/2025 5:00:00 AM,SERC,WEST,EKPC,EKPC,1576.239,True
2/5/2025 11:00:00 AM,2/5/2025 6:00:00 AM,SERC,WEST,EKPC,EKPC,1691.305,True
2/5/2025 12:00:00 PM,2/5/2025 7:00:00 AM,SERC,WEST,EKPC,EKPC,1729.400,True
2/5/2025 1:00:00 PM,2/5/2025 8:00:00 AM,SERC,WEST,EKPC,EKPC,1710.435,True
2/5/2025 2:00:00 PM,2/5/2025 9:00:00 AM,SERC,WEST,EKPC,EKPC,1723.013,True
2/5/2025 3:00:00 PM,2/5/2025 10:00:00 AM,SERC,WEST,EKPC,EKPC,1724.793,True
2/5/2025 4:00:00 PM,2/5/2025 11:00:00 AM,SERC,WEST,EKPC,EKPC,1724.085,True
2/5/2025 5:00:00 PM,2/5/2025 12:00:00 PM,SERC,WEST,EKPC,EKPC,1734.530,True
2/5/2025 6:00:00 PM,2/5/2025 1:00:00 PM,SERC,WEST,EKPC,EKPC,1696.927,True
2/5/2025 7:00:00 PM,2/5/2025 2:00:00 PM,SERC,WEST,EKPC,EKPC,1671.991,True
2/5/2025 8:00:00 PM,2/5/2025 3:00:00 PM,SERC,WEST,EKPC,EKPC,1685.974,True
2/5/2025 9:00:00 PM,2/5/2025 4:00:00 PM,SERC,WEST,EKPC,EKPC,1692.721,True
2/5/2025 10:00:00 PM,2/5/2025 5:00:00 PM,SERC,WEST,EKPC,EKPC,1711.934,True
2/5/2025 11:00:00 PM,2/5/2025 6:00:00 PM,SERC,WEST,EKPC,EKPC,1762.509,True
2/6/2025 12:00:00 AM,2/5/2025 7:00:00 PM,SERC,WEST,EKPC,EKPC,1767.598,True
2/6/2025 1:00:00 AM,2/5/2025 8:00:00 PM,SERC,WEST,EKPC,EKPC,1732.889,True
2/6/2025 2:00:00 AM,2/5/2025 9:00:00 PM,SERC,WEST,EKPC,EKPC,1668.576,True
2/6/2025 3:00:00 AM,2/5/2025 10:00:00 PM,SERC,WEST,EKPC,EKPC,1560.123,True
2/6/2025 4:00:00 AM,2/5/2025 11:00:00 PM,SERC,WEST,EKPC,EKPC,1455.780,True
2/6/2025 5:00:00 AM,2/6/2025 12:00:00 AM,SERC,WEST,EKPC,EKPC,1435.639,True
2/6/2025 6:00:00 AM,2/6/2025 1:00:00 AM,SERC,WEST,EKPC,EKPC,1387.879,True
2/6/2025 7:00:00 AM,2/6/2025 2:00:00 AM,SERC,WEST,EKPC,EKPC,1336.906,True
2/6/2025 8:00:00 AM,2/6/2025 3:00:00 AM,SERC,WEST,EKPC,EKPC,1304.076,True
2/6/2025 9:00:00 AM,2/6/2025 4:00:00 AM,SERC,WEST,EKPC,EKPC,1310.511,True
2/6/2025 10:00:00 AM,2/6/2025 5:00:00 AM,SERC,WEST,EKPC,EKPC,1343.996,True
2/6/2025 11:00:00 AM,2/6/2025 6:00:00 AM,SERC,WEST,EKPC,EKPC,1401.996,True
2/6/2025 12:00:00 PM,2/6/2025 7:00:00 AM,SERC,WEST,EKPC,EKPC,1461.401,True
2/6/2025 1:00:00 PM,2/6/2025 8:00:00 AM,SERC,WEST,EKPC,EKPC,1384.265,True
2/6/2025 2:00:00 PM,2/6/2025 9:00:00 AM,SERC,WEST,EKPC,EKPC,1372.417,True
2/6/2025 3:00:00 PM,2/6/2025 10:00:00 AM,SERC,WEST,EKPC,EKPC,1416.983,True
2/6/2025 4:00:00 PM,2/6/2025 11:00:00 AM,SERC,WEST,EKPC,EKPC,1440.987,True
2/6/2025 5:00:00 PM,2/6/2025 12:00:00 PM,SERC,WEST,EKPC,EKPC,1382.786,True
2/6/2025 6:00:00 PM,2/6/2025 1:00:00 PM,SERC,WEST,EKPC,EKPC,1298.987,True
2/6/2025 7:00:00 PM,2/6/2025 2:00:00 PM,SERC,WEST,EKPC,EKPC,1305.907,True
2/6/2025 8:00:00 PM,2/6/2025 3:00:00 PM,SERC,WEST,EKPC,EKPC,1333.780,True
2/6/2025 9:00:00 PM,2/6/2025 4:00:00 PM,SERC,WEST,EKPC,EKPC,1243.796,True
2/6/2025 10:00:00 PM,2/6/2025 5:00:00 PM,SERC,WEST,EKPC,EKPC,1312.146,True
2/6/2025 11:00:00 PM,2/6/2025 6:00:00 PM,SERC,WEST,EKPC,EKPC,1408.189,True
2/7/2025 12:00:00 AM,2/6/2025 7:00:00 PM,SERC,WEST,EKPC,EKPC,1451.922,True
2/7/2025 1:00:00 AM,2/6/2025 8:00:00 PM,SERC,WEST,EKPC,EKPC,1464.989,True
2/7/2025 2:00:00 AM,2/6/2025 9:00:00 PM,SERC,WEST,EKPC,EKPC,1460.917,True
2/7/2025 3:00:00 AM,2/6/2025 10:00:00 PM,SERC,WEST,EKPC,EKPC,1387.833,True
2/7/2025 4:00:00 AM,2/6/2025 11:00:00 PM,SERC,WEST,EKPC,EKPC,1375.040,True
2/7/2025 5:00:00 AM,2/7/2025 12:00:00 AM,SERC,WEST,EKPC,EKPC,1408.921,True
2/7/2025 6:00:00 AM,2/7/2025 1:00:00 AM,SERC,WEST,EKPC,EKPC,1400.840,True
2/7/2025 7:00:00 AM,2/7/2025 2:00:00 AM,SERC,WEST,EKPC,EKPC,1417.458,True
2/7/2025 8:00:00 AM,2/7/2025 3:00:00 AM,SERC,WEST,EKPC,EKPC,1463.114,True
2/7/2025 9:00:00 AM,2/7/2025 4:00:00 AM,SERC,WEST,EKPC,EKPC,1548.648,True
2/7/2025 10:00:00 AM,2/7/2025 5:00:00 AM,SERC,WEST,EKPC,EKPC,1668.495,True
2/7/2025 11:00:00 AM,2/7/2025 6:00:00 AM,SERC,WEST,EKPC,EKPC,1926.256,True
2/7/2025 12:00:00 PM,2/7/2025 7:00:00 AM,SERC,WEST,EKPC,EKPC,1921.415,True
2/7/2025 1:00:00 PM,2/7/2025 8:00:00 AM,SERC,WEST,EKPC,EKPC,1983.111,True
2/7/2025 2:00:00 PM,2/7/2025 9:00:00 AM,SERC,WEST,EKPC,EKPC,1787.290,True
2/7/2025 3:00:00 PM,2/7/2025 10:00:00 AM,SERC,WEST,EKPC,EKPC,1590.656,True
2/7/2025 4:00:00 PM,2/7/2025 11:00:00 AM,SERC,WEST,EKPC,EKPC,1535.584,True
2/7/2025 5:00:00 PM,2/7/2025 12:00:00 PM,SERC,WEST,EKPC,EKPC,1470.840,True
2/7/2025 6:00:00 PM,2/7/2025 1:00:00 PM,SERC,WEST,EKPC,EKPC,1402.854,True
2/7/2025 7:00:00 PM,2/7/2025 2:00:00 PM,SERC,WEST,EKPC,EKPC,1424.470,True
2/7/2025 8:00:00 PM,2/7/2025 3:00:00 PM,SERC,WEST,EKPC,EKPC,1369.391,True
2/7/2025 9:00:00 PM,2/7/2025 4:00:00 PM,SERC,WEST,EKPC,EKPC,1405.403,True
2/7/2025 10:00:00 PM,2/7/2025 5:00:00 PM,SERC,WEST,EKPC,EKPC,1512.367,True
2/7/2025 11:00:00 PM,2/7/2025 6:00:00 PM,SERC,WEST,EKPC,EKPC,1603.707,True
2/8/2025 12:00:00 AM,2/7/2025 7:00:00 PM,SERC,WEST,EKPC,EKPC,1615.462,True
2/8/2025 1:00:00 AM,2/7/2025 8:00:00 PM,SERC,WEST,EKPC,EKPC,1608.670,True
2/8/2025 2:00:00 AM,2/7/2025 9:00:00 PM,SERC,WEST,EKPC,EKPC,1597.697,True
2/8/2025 3:00:00 AM,2/7/2025 10:00:00 PM,SERC,WEST,EKPC,EKPC,1536.974,True
2/8/2025 4:00:00 AM,2/7/2025 11:00:00 PM,SERC,WEST,EKPC,EKPC,1513.999,True
2/8/2025 5:00:00 AM,2/8/2025 12:00:00 AM,SERC,WEST,EKPC,EKPC,1506.620,True
2/8/2025 6:00:00 AM,2/8/2025 1:00:00 AM,SERC,WEST,EKPC,EKPC,1497.832,True
2/8/2025 7:00:00 AM,2/8/2025 2:00:00 AM,SERC,WEST,EKPC,EKPC,1499.478,True
2/8/2025 8:00:00 AM,2/8/2025 3:00:00 AM,SERC,WEST,EKPC,EKPC,1560.320,True
2/8/2025 9:00:00 AM,2/8/2025 4:00:00 AM,SERC,WEST,EKPC,EKPC,1589.615,True
2/8/2025 10:00:00 AM,2/8/2025 5:00:00 AM,SERC,WEST,EKPC,EKPC,1599.995,True
2/8/2025 11:00:00 AM,2/8/2025 6:00:00 AM,SERC,WEST,EKPC,EKPC,1639.233,True
2/8/2025 12:00:00 PM,2/8/2025 7:00:00 AM,SERC,WEST,EKPC,EKPC,1613.443,True
2/8/2025 1:00:00 PM,2/8/2025 8:00:00 AM,SERC,WEST,EKPC,EKPC,1649.886,True
2/8/2025 2:00:00 PM,2/8/2025 9:00:00 AM,SERC,WEST,EKPC,EKPC,1696.225,True
2/8/2025 3:00:00 PM,2/8/2025 10:00:00 AM,SERC,WEST,EKPC,EKPC,1612.451,True
2/8/2025 4:00:00 PM,2/8/2025 11:00:00 AM,SERC,WEST,EKPC,EKPC,1538.862,True
2/8/2025 5:00:00 PM,2/8/2025 12:00:00 PM,SERC,WEST,EKPC,EKPC,1429.082,True
2/8/2025 6:00:00 PM,2/8/2025 1:00:00 PM,SERC,WEST,EKPC,EKPC,1339.989,True
2/8/2025 7:00:00 PM,2/8/2025 2:00:00 PM,SERC,WEST,EKPC,EKPC,1293.713,True
2/8/2025 8:00:00 PM,2/8/2025 3:00:00 PM,SERC,WEST,EKPC,EKPC,1286.508,True
2/8/2025 9:00:00 PM,2/8/2025 4:00:00 PM,SERC,WEST,EKPC,EKPC,1339.233,True
2/8/2025 10:00:00 PM,2/8/2025 5:00:00 PM,SERC,WEST,EKPC,EKPC,1389.769,True
2/8/2025 11:00:00 PM,2/8/2025 6:00:00 PM,SERC,WEST,EKPC,EKPC,1414.306,True
2/9/2025 12:00:00 AM,2/8/2025 7:00:00 PM,SERC,WEST,EKPC,EKPC,1370.990,True
2/9/2025 1:00:00 AM,2/8/2025 8:00:00 PM,SERC,WEST,EKPC,EKPC,1369.553,True
2/9/2025 2:00:00 AM,2/8/2025 9:00:00 PM,SERC,WEST,EKPC,EKPC,1406.693,True
2/9/2025 3:00:00 AM,2/8/2025 10:00:00 PM,SERC,WEST,EKPC,EKPC,1330.801,True
2/9/2025 4:00:00 AM,2/8/2025 11:00:00 PM,SERC,WEST,EKPC,EKPC,1329.606,True
2/9/2025 5:00:00 AM,2/9/2025 12:00:00 AM,SERC,WEST,EKPC,EKPC,1275.850,True
2/9/2025 6:00:00 AM,2/9/2025 1:00:00 AM,SERC,WEST,EKPC,EKPC,1447.853,True
2/9/2025 7:00:00 AM,2/9/2025 2:00:00 AM,SERC,WEST,EKPC,EKPC,1515.176,True
2/9/2025 8:00:00 AM,2/9/2025 3:00:00 AM,SERC,WEST,EKPC,EKPC,1509.796,True
2/9/2025 9:00:00 AM,2/9/2025 4:00:00 AM,SERC,WEST,EKPC,EKPC,1553.438,True
2/9/2025 10:00:00 AM,2/9/2025 5:00:00 AM,SERC,WEST,EKPC,EKPC,1633.377,True
2/9/2025 11:00:00 AM,2/9/2025 6:00:00 AM,SERC,WEST,EKPC,EKPC,1689.708,True
2/9/2025 12:00:00 PM,2/9/2025 7:00:00 AM,SERC,WEST,EKPC,EKPC,1778.554,True
2/9/2025 1:00:00 PM,2/9/2025 8:00:00 AM,SERC,WEST,EKPC,EKPC,1909.673,True
2/9/2025 2:00:00 PM,2/9/2025 9:00:00 AM,SERC,WEST,EKPC,EKPC,1951.377,True
2/9/2025 3:00:00 PM,2/9/2025 10:00:00 AM,SERC,WEST,EKPC,EKPC,1966.406,True
2/9/2025 4:00:00 PM,2/9/2025 11:00:00 AM,SERC,WEST,EKPC,EKPC,1930.956,True
2/9/2025 5:00:00 PM,2/9/2025 12:00:00 PM,SERC,WEST,EKPC,EKPC,1796.732,True
2/9/2025 6:00:00 PM,2/9/2025 1:00:00 PM,SERC,WEST,EKPC,EKPC,1735.391,True
2/9/2025 7:00:00 PM,2/9/2025 2:00:00 PM,SERC,WEST,EKPC,EKPC,1889.898,True
2/9/2025 8:00:00 PM,2/9/2025 3:00:00 PM,SERC,WEST,EKPC,EKPC,1922.532,True
2/9/2025 9:00:00 PM,2/9/2025 4:00:00 PM,SERC,WEST,EKPC,EKPC,1893.541,True
2/9/2025 10:00:00 PM,2/9/2025 5:00:00 PM,SERC,WEST,EKPC,EKPC,1938.780,True
2/9/2025 11:00:00 PM,2/9/2025 6:00:00 PM,SERC,WEST,EKPC,EKPC,1918.750,True
2/10/2025 12:00:00 AM,2/9/2025 7:00:00 PM,SERC,WEST,EKPC,EKPC,1946.946,True
2/10/2025 1:00:00 AM,2/9/2025 8:00:00 PM,SERC,WEST,EKPC,EKPC,1986.291,True
2/10/2025 2:00:00 AM,2/9/2025 9:00:00 PM,SERC,WEST,EKPC,EKPC,1978.559,True
2/10/2025 3:00:00 AM,2/9/2025 10:00:00 PM,SERC,WEST,EKPC,EKPC,1929.773,True
2/10/2025 4:00:00 AM,2/9/2025 11:00:00 PM,SERC,WEST,EKPC,EKPC,1817.693,True
2/10/2025 5:00:00 AM,2/10/2025 12:00:00 AM,SERC,WEST,EKPC,EKPC,1879.931,True
2/10/2025 6:00:00 AM,2/10/2025 1:00:00 AM,SERC,WEST,EKPC,EKPC,1802.359,True
2/10/2025 7:00:00 AM,2/10/2025 2:00:00 AM,SERC,WEST,EKPC,EKPC,1781.419,True
2/10/2025 8:00:00 AM,2/10/2025 3:00:00 AM,SERC,WEST,EKPC,EKPC,1919.850,True
2/10/2025 9:00:00 AM,2/10/2025 4:00:00 AM,SERC,WEST,EKPC,EKPC,1984.898,True
2/10/2025 10:00:00 AM,2/10/2025 5:00:00 AM,SERC,WEST,EKPC,EKPC,2103.120,True
2/10/2025 11:00:00 AM,2/10/2025 6:00:00 AM,SERC,WEST,EKPC,EKPC,2228.004,True
2/10/2025 12:00:00 PM,2/10/2025 7:00:00 AM,SERC,WEST,EKPC,EKPC,2322.663,True
2/10/2025 1:00:00 PM,2/10/2025 8:00:00 AM,SERC,WEST,EKPC,EKPC,2286.051,True
2/10/2025 2:00:00 PM,2/10/2025 9:00:00 AM,SERC,WEST,EKPC,EKPC,2180.349,True
2/10/2025 3:00:00 PM,2/10/2025 10:00:00 AM,SERC,WEST,EKPC,EKPC,2013.708,True
2/10/2025 4:00:00 PM,2/10/2025 11:00:00 AM,SERC,WEST,EKPC,EKPC,1834.781,True
2/10/2025 5:00:00 PM,2/10/2025 12:00:00 PM,SERC,WEST,EKPC,EKPC,1731.764,True
2/10/2025 6:00:00 PM,2/10/2025 1:00:00 PM,SERC,WEST,EKPC,EKPC,1637.072,True
2/10/2025 7:00:00 PM,2/10/2025 2:00:00 PM,SERC,WEST,EKPC,EKPC,1492.089,True
2/10/2025 8:00:00 PM,2/10/2025 3:00:00 PM,SERC,WEST,EKPC,EKPC,1497.337,True
2/10/2025 9:00:00 PM,2/10/2025 4:00:00 PM,SERC,WEST,EKPC,EKPC,1641.912,True
2/10/2025 10:00:00 PM,2/10/2025 5:00:00 PM,SERC,WEST,EKPC,EKPC,1786.295,True
2/10/2025 11:00:00 PM,2/10/2025 6:00:00 PM,SERC,WEST,EKPC,EKPC,1933.293,True
2/11/2025 12:00:00 AM,2/10/2025 7:00:00 PM,SERC,WEST,EKPC,EKPC,1904.493,True
2/11/2025 1:00:00 AM,2/10/2025 8:00:00 PM,SERC,WEST,EKPC,EKPC,1904.393,True
2/11/2025 2:00:00 AM,2/10/2025 9:00:00 PM,SERC,WEST,EKPC,EKPC,1966.111,True
2/11/2025 3:00:00 AM,2/10/2025 10:00:00 PM,SERC,WEST,EKPC,EKPC,1966.295,True
2/11/2025 4:00:00 AM,2/10/2025 11:00:00 PM,SERC,WEST,EKPC,EKPC,1879.550,True
2/11/2025 5:00:00 AM,2/11/2025 12:00:00 AM,SERC,WEST,EKPC,EKPC,1855.817,True
2/11/2025 6:00:00 AM,2/11/2025 1:00:00 AM,SERC,WEST,EKPC,EKPC,1808.503,True
2/11/2025 7:00:00 AM,2/11/2025 2:00:00 AM,SERC,WEST,EKPC,EKPC,1848.210,True
2/11/2025 8:00:00 AM,2/11/2025 3:00:00 AM,SERC,WEST,EKPC,EKPC,1878.794,True
2/11/2025 9:00:00 AM,2/11/2025 4:00:00 AM,SERC,WEST,EKPC,EKPC,1956.969,True
2/11/2025 10:00:00 AM,2/11/2025 5:00:00 AM,SERC,WEST,EKPC,EKPC,2041.208,True
2/11/2025 11:00:00 AM,2/11/2025 6:00:00 AM,SERC,WEST,EKPC,EKPC,2198.493,True
2/11/2025 12:00:00 PM,2/11/2025 7:00:00 AM,SERC,WEST,EKPC,EKPC,2265.249,True
2/11/2025 1:00:00 PM,2/11/2025 8:00:00 AM,SERC,WEST,EKPC,EKPC,2181.989,True
2/11/2025 2:00:00 PM,2/11/2025 9:00:00 AM,SERC,WEST,EKPC,EKPC,2167.184,True
2/11/2025 3:00:00 PM,2/11/2025 10:00:00 AM,SERC,WEST,EKPC,EKPC,2275.372,True
2/11/2025 4:00:00 PM,2/11/2025 11:00:00 AM,SERC,WEST,EKPC,EKPC,2273.032,True
2/11/2025 5:00:00 PM,2/11/2025 12:00:00 PM,SERC,WEST,EKPC,EKPC,2266.867,True
2/11/2025 6:00:00 PM,2/11/2025 1:00:00 PM,SERC,WEST,EKPC,EKPC,2279.942,True
2/11/2025 7:00:00 PM,2/11/2025 2:00:00 PM,SERC,WEST,EKPC,EKPC,2242.148,True
2/11/2025 8:00:00 PM,2/11/2025 3:00:00 PM,SERC,WEST,EKPC,EKPC,2245.074,True
2/11/2025 9:00:00 PM,2/11/2025 4:00:00 PM,SERC,WEST,EKPC,EKPC,2244.879,True
2/11/2025 10:00:00 PM,2/11/2025 5:00:00 PM,SERC,WEST,EKPC,EKPC,2264.189,True
2/11/2025 11:00:00 PM,2/11/2025 6:00:00 PM,SERC,WEST,EKPC,EKPC,2331.133,True
2/12/2025 12:00:00 AM,2/11/2025 7:00:00 PM,SERC,WEST,EKPC,EKPC,2241.135,True
2/12/2025 1:00:00 AM,2/11/2025 8:00:00 PM,SERC,WEST,EKPC,EKPC,2276.900,True
2/12/2025 2:00:00 AM,2/11/2025 9:00:00 PM,SERC,WEST,EKPC,EKPC,2201.049,True
2/12/2025 3:00:00 AM,2/11/2025 10:00:00 PM,SERC,WEST,EKPC,EKPC,2067.875,True
2/12/2025 4:00:00 AM,2/11/2025 11:00:00 PM,SERC,WEST,EKPC,EKPC,2083.278,True
2/12/2025 5:00:00 AM,2/12/2025 12:00:00 AM,SERC,WEST,EKPC,EKPC,2050.881,True
2/12/2025 6:00:00 AM,2/12/2025 1:00:00 AM,SERC,WEST,EKPC,EKPC,1976.366,True
2/12/2025 7:00:00 AM,2/12/2025 2:00:00 AM,SERC,WEST,EKPC,EKPC,1993.894,True
2/12/2025 8:00:00 AM,2/12/2025 3:00:00 AM,SERC,WEST,EKPC,EKPC,1919.502,True
2/12/2025 9:00:00 AM,2/12/2025 4:00:00 AM,SERC,WEST,EKPC,EKPC,1880.008,True
2/12/2025 10:00:00 AM,2/12/2025 5:00:00 AM,SERC,WEST,EKPC,EKPC,1923.552,True
2/12/2025 11:00:00 AM,2/12/2025 6:00:00 AM,SERC,WEST,EKPC,EKPC,2019.261,True
2/12/2025 12:00:00 PM,2/12/2025 7:00:00 AM,SERC,WEST,EKPC,EKPC,2031.389,True
2/12/2025 1:00:00 PM,2/12/2025 8:00:00 AM,SERC,WEST,EKPC,EKPC,2000.667,True
2/12/2025 2:00:00 PM,2/12/2025 9:00:00 AM,SERC,WEST,EKPC,EKPC,1985.244,True
2/12/2025 3:00:00 PM,2/12/2025 10:00:00 AM,SERC,WEST,EKPC,EKPC,1958.850,True
2/12/2025 4:00:00 PM,2/12/2025 11:00:00 AM,SERC,WEST,EKPC,EKPC,1917.967,True
2/12/2025 5:00:00 PM,2/12/2025 12:00:00 PM,SERC,WEST,EKPC,EKPC,1913.960,True
2/12/2025 6:00:00 PM,2/12/2025 1:00:00 PM,SERC,WEST,EKPC,EKPC,1917.068,True
2/12/2025 7:00:00 PM,2/12/2025 2:00:00 PM,SERC,WEST,EKPC,EKPC,1973.885,True
2/12/2025 8:00:00 PM,2/12/2025 3:00:00 PM,SERC,WEST,EKPC,EKPC,1994.655,True
2/12/2025 9:00:00 PM,2/12/2025 4:00:00 PM,SERC,WEST,EKPC,EKPC,1909.117,True
2/12/2025 10:00:00 PM,2/12/2025 5:00:00 PM,SERC,WEST,EKPC,EKPC,1958.368,True
2/12/2025 11:00:00 PM,2/12/2025 6:00:00 PM,SERC,WEST,EKPC,EKPC,2012.085,True
2/13/2025 12:00:00 AM,2/12/2025 7:00:00 PM,SERC,WEST,EKPC,EKPC,2009.110,True
2/13/2025 1:00:00 AM,2/12/2025 8:00:00 PM,SERC,WEST,EKPC,EKPC,1945.755,True
2/13/2025 2:00:00 AM,2/12/2025 9:00:00 PM,SERC,WEST,EKPC,EKPC,1889.107,True
2/13/2025 3:00:00 AM,2/12/2025 10:00:00 PM,SERC,WEST,EKPC,EKPC,1735.903,True
2/13/2025 4:00:00 AM,2/12/2025 11:00:00 PM,SERC,WEST,EKPC,EKPC,1497.486,True
2/13/2025 5:00:00 AM,2/13/2025 12:00:00 AM,SERC,WEST,EKPC,EKPC,1595.119,True
2/13/2025 6:00:00 AM,2/13/2025 1:00:00 AM,SERC,WEST,EKPC,EKPC,1519.781,True
2/13/2025 7:00:00 AM,2/13/2025 2:00:00 AM,SERC,WEST,EKPC,EKPC,1508.767,True
2/13/2025 8:00:00 AM,2/13/2025 3:00:00 AM,SERC,WEST,EKPC,EKPC,1500.992,True
2/13/2025 9:00:00 AM,2/13/2025 4:00:00 AM,SERC,WEST,EKPC,EKPC,1750.429,True
2/13/2025 10:00:00 AM,2/13/2025 5:00:00 AM,SERC,WEST,EKPC,EKPC,1865.175,True
2/13/2025 11:00:00 AM,2/13/2025 6:00:00 AM,SERC,WEST,EKPC,EKPC,2104.917,True
2/13/2025 12:00:00 PM,2/13/2025 7:00:00 AM,SERC,WEST,EKPC,EKPC,2191.526,True
2/13/2025 1:00:00 PM,2/13/2025 8:00:00 AM,SERC,WEST,EKPC,EKPC,2189.526,True
2/13/2025 2:00:00 PM,2/13/2025 9:00:00 AM,SERC,WEST,EKPC,EKPC,2214.013,True
2/13/2025 3:00:00 PM,2/13/2025 10:00:00 AM,SERC,WEST,EKPC,EKPC,2265.111,True
2/13/2025 4:00:00 PM,2/13/2025 11:00:00 AM,SERC,WEST,EKPC,EKPC,2281.264,True
2/13/2025 5:00:00 PM,2/13/2025 12:00:00 PM,SERC,WEST,EKPC,EKPC,2317.228,True
2/13/2025 6:00:00 PM,2/13/2025 1:00:00 PM,SERC,WEST,EKPC,EKPC,2307.369,True
2/13/2025 7:00:00 PM,2/13/2025 2:00:00 PM,SERC,WEST,EKPC,EKPC,2314.515,True
2/13/2025 8:00:00 PM,2/13/2025 3:00:00 PM,SERC,WEST,EKPC,EKPC,2178.835,True
2/13/2025 9:00:00 PM,2/13/2025 4:00:00 PM,SERC,WEST,EKPC,EKPC,2351.020,True
2/13/2025 10:00:00 PM,2/13/2025 5:00:00 PM,SERC,WEST,EKPC,EKPC,2410.758,True
2/13/2025 11:00:00 PM,2/13/2025 6:00:00 PM,SERC,WEST,EKPC,EKPC,2472.114,True
2/14/2025 12:00:00 AM,2/13/2025 7:00:00 PM,SERC,WEST,EKPC,EKPC,2478.188,True
2/14/2025 1:00:00 AM,2/13/2025 8:00:00 PM,SERC,WEST,EKPC,EKPC,2459.666,True
2/14/2025 2:00:00 AM,2/13/2025 9:00:00 PM,SERC,WEST,EKPC,EKPC,2481.892,True
2/14/2025 3:00:00 AM,2/13/2025 10:00:00 PM,SERC,WEST,EKPC,EKPC,2445.979,True
2/14/2025 4:00:00 AM,2/13/2025 11:00:00 PM,SERC,WEST,EKPC,EKPC,2390.717,True
2/14/2025 5:00:00 AM,2/14/2025 12:00:00 AM,SERC,WEST,EKPC,EKPC,2376.989,True
2/14/2025 6:00:00 AM,2/14/2025 1:00:00 AM,SERC,WEST,EKPC,EKPC,2352.876,True
2/14/2025 7:00:00 AM,2/14/2025 2:00:00 AM,SERC,WEST,EKPC,EKPC,2395.733,True
2/14/2025 8:00:00 AM,2/14/2025 3:00:00 AM,SERC,WEST,EKPC,EKPC,2512.523,True
2/14/2025 9:00:00 AM,2/14/2025 4:00:00 AM,SERC,WEST,EKPC,EKPC,2599.664,True
2/14/2025 10:00:00 AM,2/14/2025 5:00:00 AM,SERC,WEST,EKPC,EKPC,2726.020,True
2/14/2025 11:00:00 AM,2/14/2025 6:00:00 AM,SERC,WEST,EKPC,EKPC,2924.856,True
2/14/2025 12:00:00 PM,2/14/2025 7:00:00 AM,SERC,WEST,EKPC,EKPC,2991.505,True
2/14/2025 1:00:00 PM,2/14/2025 8:00:00 AM,SERC,WEST,EKPC,EKPC,2824.620,True
2/14/2025 2:00:00 PM,2/14/2025 9:00:00 AM,SERC,WEST,EKPC,EKPC,2455.760,True
2/14/2025 3:00:00 PM,2/14/2025 10:00:00 AM,SERC,WEST,EKPC,EKPC,2323.107,True
2/14/2025 4:00:00 PM,2/14/2025 11:00:00 AM,SERC,WEST,EKPC,EKPC,2121.138,True
2/14/2025 5:00:00 PM,2/14/2025 12:00:00 PM,SERC,WEST,EKPC,EKPC,2032.492,True
2/14/2025 6:00:00 PM,2/14/2025 1:00:00 PM,SERC,WEST,EKPC,EKPC,1973.855,True
2/14/2025 7:00:00 PM,2/14/2025 2:00:00 PM,SERC,WEST,EKPC,EKPC,1912.313,True
2/14/2025 8:00:00 PM,2/14/2025 3:00:00 PM,SERC,WEST,EKPC,EKPC,1935.506,True
2/14/2025 9:00:00 PM,2/14/2025 4:00:00 PM,SERC,WEST,EKPC,EKPC,2018.220,True
2/14/2025 10:00:00 PM,2/14/2025 5:00:00 PM,SERC,WEST,EKPC,EKPC,2065.442,True
2/14/2025 11:00:00 PM,2/14/2025 6:00:00 PM,SERC,WEST,EKPC,EKPC,2077.698,True
2/15/2025 12:00:00 AM,2/14/2025 7:00:00 PM,SERC,WEST,EKPC,EKPC,2008.260,True
2/15/2025 1:00:00 AM,2/14/2025 8:00:00 PM,SERC,WEST,EKPC,EKPC,1970.500,True
2/15/2025 2:00:00 AM,2/14/2025 9:00:00 PM,SERC,WEST,EKPC,EKPC,2014.023,True
2/15/2025 3:00:00 AM,2/14/2025 10:00:00 PM,SERC,WEST,EKPC,EKPC,1997.931,True
2/15/2025 4:00:00 AM,2/14/2025 11:00:00 PM,SERC,WEST,EKPC,EKPC,1905.790,True
2/15/2025 5:00:00 AM,2/15/2025 12:00:00 AM,SERC,WEST,EKPC,EKPC,1900.867,True
2/15/2025 6:00:00 AM,2/15/2025 1:00:00 AM,SERC,WEST,EKPC,EKPC,1816.803,True
2/15/2025 7:00:00 AM,2/15/2025 2:00:00 AM,SERC,WEST,EKPC,EKPC,1843.727,True
2/15/2025 8:00:00 AM,2/15/2025 3:00:00 AM,SERC,WEST,EKPC,EKPC,1760.571,True
2/15/2025 9:00:00 AM,2/15/2025 4:00:00 AM,SERC,WEST,EKPC,EKPC,1729.491,True
2/15/2025 10:00:00 AM,2/15/2025 5:00:00 AM,SERC,WEST,EKPC,EKPC,1749.736,True
2/15/2025 11:00:00 AM,2/15/2025 6:00:00 AM,SERC,WEST,EKPC,EKPC,1875.416,True
2/15/2025 12:00:00 PM,2/15/2025 7:00:00 AM,SERC,WEST,EKPC,EKPC,1889.102,True
2/15/2025 1:00:00 PM,2/15/2025 8:00:00 AM,SERC,WEST,EKPC,EKPC,1776.040,True
2/15/2025 2:00:00 PM,2/15/2025 9:00:00 AM,SERC,WEST,EKPC,EKPC,1949.617,True
2/15/2025 3:00:00 PM,2/15/2025 10:00:00 AM,SERC,WEST,EKPC,EKPC,1990.377,True
2/15/2025 4:00:00 PM,2/15/2025 11:00:00 AM,SERC,WEST,EKPC,EKPC,1985.228,True
2/15/2025 5:00:00 PM,2/15/2025 12:00:00 PM,SERC,WEST,EKPC,EKPC,2022.311,True
2/15/2025 6:00:00 PM,2/15/2025 1:00:00 PM,SERC,WEST,EKPC,EKPC,1963.273,True
2/15/2025 7:00:00 PM,2/15/2025 2:00:00 PM,SERC,WEST,EKPC,EKPC,1898.649,True
2/15/2025 8:00:00 PM,2/15/2025 3:00:00 PM,SERC,WEST,EKPC,EKPC,1852.080,True
2/15/2025 9:00:00 PM,2/15/2025 4:00:00 PM,SERC,WEST,EKPC,EKPC,1790.370,True
2/15/2025 10:00:00 PM,2/15/2025 5:00:00 PM,SERC,WEST,EKPC,EKPC,1757.686,True
2/15/2025 11:00:00 PM,2/15/2025 6:00:00 PM,SERC,WEST,EKPC,EKPC,1817.305,True
2/16/2025 12:00:00 AM,2/15/2025 7:00:00 PM,SERC,WEST,EKPC,EKPC,1691.410,True
2/16/2025 1:00:00 AM,2/15/2025 8:00:00 PM,SERC,WEST,EKPC,EKPC,1640.099,True
2/16/2025 2:00:00 AM,2/15/2025 9:00:00 PM,SERC,WEST,EKPC,EKPC,1594.009,True
2/16/2025 3:00:00 AM,2/15/2025 10:00:00 PM,SERC,WEST,EKPC,EKPC,1567.159,True
2/16/2025 4:00:00 AM,2/15/2025 11:00:00 PM,SERC,WEST,EKPC,EKPC,1433.882,True
2/16/2025 5:00:00 AM,2/16/2025 12:00:00 AM,SERC,WEST,EKPC,EKPC,1409.038,True
2/16/2025 6:00:00 AM,2/16/2025 1:00:00 AM,SERC,WEST,EKPC,EKPC,1380.167,True
2/16/2025 7:00:00 AM,2/16/2025 2:00:00 AM,SERC,WEST,EKPC,EKPC,1423.598,True
2/16/2025 8:00:00 AM,2/16/2025 3:00:00 AM,SERC,WEST,EKPC,EKPC,1423.473,True
2/16/2025 9:00:00 AM,2/16/2025 4:00:00 AM,SERC,WEST,EKPC,EKPC,1368.689,True
2/16/2025 10:00:00 AM,2/16/2025 5:00:00 AM,SERC,WEST,EKPC,EKPC,1424.727,True
2/16/2025 11:00:00 AM,2/16/2025 6:00:00 AM,SERC,WEST,EKPC,EKPC,1449.165,True
2/16/2025 12:00:00 PM,2/16/2025 7:00:00 AM,SERC,WEST,EKPC,EKPC,1628.669,True
2/16/2025 1:00:00 PM,2/16/2025 8:00:00 AM,SERC,WEST,EKPC,EKPC,1819.709,True
2/16/2025 2:00:00 PM,2/16/2025 9:00:00 AM,SERC,WEST,EKPC,EKPC,2006.541,True
2/16/2025 3:00:00 PM,2/16/2025 10:00:00 AM,SERC,WEST,EKPC,EKPC,1960.278,True
2/16/2025 4:00:00 PM,2/16/2025 11:00:00 AM,SERC,WEST,EKPC,EKPC,2170.827,True
2/16/2025 5:00:00 PM,2/16/2025 12:00:00 PM,SERC,WEST,EKPC,EKPC,2258.157,True
2/16/2025 6:00:00 PM,2/16/2025 1:00:00 PM,SERC,WEST,EKPC,EKPC,2370.569,True
2/16/2025 7:00:00 PM,2/16/2025 2:00:00 PM,SERC,WEST,EKPC,EKPC,2384.188,True
2/16/2025 8:00:00 PM,2/16/2025 3:00:00 PM,SERC,WEST,EKPC,EKPC,2417.769,True
2/16/2025 9:00:00 PM,2/16/2025 4:00:00 PM,SERC,WEST,EKPC,EKPC,2393.331,True
2/16/2025 10:00:00 PM,2/16/2025 5:00:00 PM,SERC,WEST,EKPC,EKPC,2403.212,True
2/16/2025 11:00:00 PM,2/16/2025 6:00:00 PM,SERC,WEST,EKPC,EKPC,2502.296,True
2/17/2025 12:00:00 AM,2/16/2025 7:00:00 PM,SERC,WEST,EKPC,EKPC,2513.674,True
2/17/2025 1:00:00 AM,2/16/2025 8:00:00 PM,SERC,WEST,EKPC,EKPC,2421.013,True
2/17/2025 2:00:00 AM,2/16/2025 9:00:00 PM,SERC,WEST,EKPC,EKPC,2383.173,True
2/17/2025 3:00:00 AM,2/16/2025 10:00:00 PM,SERC,WEST,EKPC,EKPC,2318.766,True
2/17/2025 4:00:00 AM,2/16/2025 11:00:00 PM,SERC,WEST,EKPC,EKPC,2255.930,True
2/17/2025 5:00:00 AM,2/17/2025 12:00:00 AM,SERC,WEST,EKPC,EKPC,2286.257,True
2/17/2025 6:00:00 AM,2/17/2025 1:00:00 AM,SERC,WEST,EKPC,EKPC,2315.703,True
2/17/2025 7:00:00 AM,2/17/2025 2:00:00 AM,SERC,WEST,EKPC,EKPC,2266.141,True
2/17/2025 8:00:00 AM,2/17/2025 3:00:00 AM,SERC,WEST,EKPC,EKPC,2393.203,True
2/17/2025 9:00:00 AM,2/17/2025 4:00:00 AM,SERC,WEST,EKPC,EKPC,2445.964,True
2/17/2025 10:00:00 AM,2/17/2025 5:00:00 AM,SERC,WEST,EKPC,EKPC,2536.128,True
2/17/2025 11:00:00 AM,2/17/2025 6:00:00 AM,SERC,WEST,EKPC,EKPC,2671.877,True
2/17/2025 12:00:00 PM,2/17/2025 7:00:00 AM,SERC,WEST,EKPC,EKPC,2731.023,True
2/17/2025 1:00:00 PM,2/17/2025 8:00:00 AM,SERC,WEST,EKPC,EKPC,2687.120,True
2/17/2025 2:00:00 PM,2/17/2025 9:00:00 AM,SERC,WEST,EKPC,EKPC,2618.616,True
2/17/2025 3:00:00 PM,2/17/2025 10:00:00 AM,SERC,WEST,EKPC,EKPC,2515.415,True
2/17/2025 4:00:00 PM,2/17/2025 11:00:00 AM,SERC,WEST,EKPC,EKPC,2351.175,True
2/17/2025 5:00:00 PM,2/17/2025 12:00:00 PM,SERC,WEST,EKPC,EKPC,2204.700,True
2/17/2025 6:00:00 PM,2/17/2025 1:00:00 PM,SERC,WEST,EKPC,EKPC,2194.846,True
2/17/2025 7:00:00 PM,2/17/2025 2:00:00 PM,SERC,WEST,EKPC,EKPC,2035.831,True
2/17/2025 8:00:00 PM,2/17/2025 3:00:00 PM,SERC,WEST,EKPC,EKPC,1977.291,True
2/17/2025 9:00:00 PM,2/17/2025 4:00:00 PM,SERC,WEST,EKPC,EKPC,2101.952,True
2/17/2025 10:00:00 PM,2/17/2025 5:00:00 PM,SERC,WEST,EKPC,EKPC,2110.827,True
2/17/2025 11:00:00 PM,2/17/2025 6:00:00 PM,SERC,WEST,EKPC,EKPC,2385.630,True
2/18/2025 12:00:00 AM,2/17/2025 7:00:00 PM,SERC,WEST,EKPC,EKPC,2445.376,True
2/18/2025 1:00:00 AM,2/17/2025 8:00:00 PM,SERC,WEST,EKPC,EKPC,2368.347,True
2/18/2025 2:00:00 AM,2/17/2025 9:00:00 PM,SERC,WEST,EKPC,EKPC,2377.977,True
2/18/2025 3:00:00 AM,2/17/2025 10:00:00 PM,SERC,WEST,EKPC,EKPC,2354.466,True
2/18/2025 4:00:00 AM,2/17/2025 11:00:00 PM,SERC,WEST,EKPC,EKPC,2229.193,True
2/18/2025 5:00:00 AM,2/18/2025 12:00:00 AM,SERC,WEST,EKPC,EKPC,2281.261,True
2/18/2025 6:00:00 AM,2/18/2025 1:00:00 AM,SERC,WEST,EKPC,EKPC,2247.782,True
2/18/2025 7:00:00 AM,2/18/2025 2:00:00 AM,SERC,WEST,EKPC,EKPC,2199.330,True
2/18/2025 8:00:00 AM,2/18/2025 3:00:00 AM,SERC,WEST,EKPC,EKPC,2215.178,True
2/18/2025 9:00:00 AM,2/18/2025 4:00:00 AM,SERC,WEST,EKPC,EKPC,2330.959,True
2/18/2025 10:00:00 AM,2/18/2025 5:00:00 AM,SERC,WEST,EKPC,EKPC,2432.098,True
2/18/2025 11:00:00 AM,2/18/2025 6:00:00 AM,SERC,WEST,EKPC,EKPC,2589.034,True
2/18/2025 12:00:00 PM,2/18/2025 7:00:00 AM,SERC,WEST,EKPC,EKPC,2659.609,True
2/18/2025 1:00:00 PM,2/18/2025 8:00:00 AM,SERC,WEST,EKPC,EKPC,2647.901,True
2/18/2025 2:00:00 PM,2/18/2025 9:00:00 AM,SERC,WEST,EKPC,EKPC,2659.840,True
2/18/2025 3:00:00 PM,2/18/2025 10:00:00 AM,SERC,WEST,EKPC,EKPC,2492.765,True
2/18/2025 4:00:00 PM,2/18/2025 11:00:00 AM,SERC,WEST,EKPC,EKPC,2419.121,True
2/18/2025 5:00:00 PM,2/18/2025 12:00:00 PM,SERC,WEST,EKPC,EKPC,2392.480,True
2/18/2025 6:00:00 PM,2/18/2025 1:00:00 PM,SERC,WEST,EKPC,EKPC,2367.151,True
2/18/2025 7:00:00 PM,2/18/2025 2:00:00 PM,SERC,WEST,EKPC,EKPC,2346.093,True
2/18/2025 8:00:00 PM,2/18/2025 3:00:00 PM,SERC,WEST,EKPC,EKPC,2289.332,True
2/18/2025 9:00:00 PM,2/18/2025 4:00:00 PM,SERC,WEST,EKPC,EKPC,2305.882,True
2/18/2025 10:00:00 PM,2/18/2025 5:00:00 PM,SERC,WEST,EKPC,EKPC,2365.929,True
2/18/2025 11:00:00 PM,2/18/2025 6:00:00 PM,SERC,WEST,EKPC,EKPC,2570.100,True
2/19/2025 12:00:00 AM,2/18/2025 7:00:00 PM,SERC,WEST,EKPC,EKPC,2665.954,True
2/19/2025 1:00:00 AM,2/18/2025 8:00:00 PM,SERC,WEST,EKPC,EKPC,2629.157,True
2/19/2025 2:00:00 AM,2/18/2025 9:00:00 PM,SERC,WEST,EKPC,EKPC,2650.573,True
2/19/2025 3:00:00 AM,2/18/2025 10:00:00 PM,SERC,WEST,EKPC,EKPC,2610.880,True
2/19/2025 4:00:00 AM,2/18/2025 11:00:00 PM,SERC,WEST,EKPC,EKPC,2569.808,True
2/19/2025 5:00:00 AM,2/19/2025 12:00:00 AM,SERC,WEST,EKPC,EKPC,2583.462,True
2/19/2025 6:00:00 AM,2/19/2025 1:00:00 AM,SERC,WEST,EKPC,EKPC,2634.553,True
2/19/2025 7:00:00 AM,2/19/2025 2:00:00 AM,SERC,WEST,EKPC,EKPC,2628.236,True
2/19/2025 8:00:00 AM,2/19/2025 3:00:00 AM,SERC,WEST,EKPC,EKPC,2665.071,True
2/19/2025 9:00:00 AM,2/19/2025 4:00:00 AM,SERC,WEST,EKPC,EKPC,2637.343,True
2/19/2025 10:00:00 AM,2/19/2025 5:00:00 AM,SERC,WEST,EKPC,EKPC,2714.506,True
2/19/2025 11:00:00 AM,2/19/2025 6:00:00 AM,SERC,WEST,EKPC,EKPC,2784.092,True
2/19/2025 12:00:00 PM,2/19/2025 7:00:00 AM,SERC,WEST,EKPC,EKPC,2812.130,True
2/19/2025 1:00:00 PM,2/19/2025 8:00:00 AM,SERC,WEST,EKPC,EKPC,2847.976,True
2/19/2025 2:00:00 PM,2/19/2025 9:00:00 AM,SERC,WEST,EKPC,EKPC,2799.076,True
2/19/2025 3:00:00 PM,2/19/2025 10:00:00 AM,SERC,WEST,EKPC,EKPC,2725.234,True
2/19/2025 4:00:00 PM,2/19/2025 11:00:00 AM,SERC,WEST,EKPC,EKPC,2577.502,True
2/19/2025 5:00:00 PM,2/19/2025 12:00:00 PM,SERC,WEST,EKPC,EKPC,2543.496,True
2/19/2025 6:00:00 PM,2/19/2025 1:00:00 PM,SERC,WEST,EKPC,EKPC,2374.602,True
2/19/2025 7:00:00 PM,2/19/2025 2:00:00 PM,SERC,WEST,EKPC,EKPC,2352.554,True
2/19/2025 8:00:00 PM,2/19/2025 3:00:00 PM,SERC,WEST,EKPC,EKPC,2344.795,True
2/19/2025 9:00:00 PM,2/19/2025 4:00:00 PM,SERC,WEST,EKPC,EKPC,2428.890,True
2/19/2025 10:00:00 PM,2/19/2025 5:00:00 PM,SERC,WEST,EKPC,EKPC,2506.658,True
2/19/2025 11:00:00 PM,2/19/2025 6:00:00 PM,SERC,WEST,EKPC,EKPC,2552.647,True
2/20/2025 12:00:00 AM,2/19/2025 7:00:00 PM,SERC,WEST,EKPC,EKPC,2569.200,True
2/20/2025 1:00:00 AM,2/19/2025 8:00:00 PM,SERC,WEST,EKPC,EKPC,2567.482,True
2/20/2025 2:00:00 AM,2/19/2025 9:00:00 PM,SERC,WEST,EKPC,EKPC,2532.983,True
2/20/2025 3:00:00 AM,2/19/2025 10:00:00 PM,SERC,WEST,EKPC,EKPC,2474.689,True
2/20/2025 4:00:00 AM,2/19/2025 11:00:00 PM,SERC,WEST,EKPC,EKPC,2449.656,True
2/20/2025 5:00:00 AM,2/20/2025 12:00:00 AM,SERC,WEST,EKPC,EKPC,2483.881,True
2/20/2025 6:00:00 AM,2/20/2025 1:00:00 AM,SERC,WEST,EKPC,EKPC,2505.089,True
2/20/2025 7:00:00 AM,2/20/2025 2:00:00 AM,SERC,WEST,EKPC,EKPC,2553.543,True
2/20/2025 8:00:00 AM,2/20/2025 3:00:00 AM,SERC,WEST,EKPC,EKPC,2582.079,True
2/20/2025 9:00:00 AM,2/20/2025 4:00:00 AM,SERC,WEST,EKPC,EKPC,2652.108,True
2/20/2025 10:00:00 AM,2/20/2025 5:00:00 AM,SERC,WEST,EKPC,EKPC,2767.738,True
2/20/2025 11:00:00 AM,2/20/2025 6:00:00 AM,SERC,WEST,EKPC,EKPC,2871.137,True
2/20/2025 12:00:00 PM,2/20/2025 7:00:00 AM,SERC,WEST,EKPC,EKPC,2886.352,True
2/20/2025 1:00:00 PM,2/20/2025 8:00:00 AM,SERC,WEST,EKPC,EKPC,2903.002,True
2/20/2025 2:00:00 PM,2/20/2025 9:00:00 AM,SERC,WEST,EKPC,EKPC,2961.596,True
2/20/2025 3:00:00 PM,2/20/2025 10:00:00 AM,SERC,WEST,EKPC,EKPC,2876.505,True
2/20/2025 4:00:00 PM,2/20/2025 11:00:00 AM,SERC,WEST,EKPC,EKPC,2801.016,True
2/20/2025 5:00:00 PM,2/20/2025 12:00:00 PM,SERC,WEST,EKPC,EKPC,2757.016,True
2/20/2025 6:00:00 PM,2/20/2025 1:00:00 PM,SERC,WEST,EKPC,EKPC,2683.113,True
2/20/2025 7:00:00 PM,2/20/2025 2:00:00 PM,SERC,WEST,EKPC,EKPC,2555.091,True
2/20/2025 8:00:00 PM,2/20/2025 3:00:00 PM,SERC,WEST,EKPC,EKPC,2531.236,True
2/20/2025 9:00:00 PM,2/20/2025 4:00:00 PM,SERC,WEST,EKPC,EKPC,2603.014,True
2/20/2025 10:00:00 PM,2/20/2025 5:00:00 PM,SERC,WEST,EKPC,EKPC,2637.023,True
2/20/2025 11:00:00 PM,2/20/2025 6:00:00 PM,SERC,WEST,EKPC,EKPC,2767.073,True
2/21/2025 12:00:00 AM,2/20/2025 7:00:00 PM,SERC,WEST,EKPC,EKPC,2836.930,True
2/21/2025 1:00:00 AM,2/20/2025 8:00:00 PM,SERC,WEST,EKPC,EKPC,2957.950,True
2/21/2025 2:00:00 AM,2/20/2025 9:00:00 PM,SERC,WEST,EKPC,EKPC,2933.113,True
2/21/2025 3:00:00 AM,2/20/2025 10:00:00 PM,SERC,WEST,EKPC,EKPC,2908.149,True
2/21/2025 4:00:00 AM,2/20/2025 11:00:00 PM,SERC,WEST,EKPC,EKPC,2826.147,True
2/21/2025 5:00:00 AM,2/21/2025 12:00:00 AM,SERC,WEST,EKPC,EKPC,2931.465,True
2/21/2025 6:00:00 AM,2/21/2025 1:00:00 AM,SERC,WEST,EKPC,EKPC,3079.784,True
2/21/2025 7:00:00 AM,2/21/2025 2:00:00 AM,SERC,WEST,EKPC,EKPC,3122.934,True
2/21/2025 8:00:00 AM,2/21/2025 3:00:00 AM,SERC,WEST,EKPC,EKPC,3137.351,True
2/21/2025 9:00:00 AM,2/21/2025 4:00:00 AM,SERC,WEST,EKPC,EKPC,3178.670,True
2/21/2025 10:00:00 AM,2/21/2025 5:00:00 AM,SERC,WEST,EKPC,EKPC,3335.531,True
2/21/2025 11:00:00 AM,2/21/2025 6:00:00 AM,SERC,WEST,EKPC,EKPC,3400.777,True
2/21/2025 12:00:00 PM,2/21/2025 7:00:00 AM,SERC,WEST,EKPC,EKPC,3444.308,True
2/21/2025 1:00:00 PM,2/21/2025 8:00:00 AM,SERC,WEST,EKPC,EKPC,3339.427,True
2/21/2025 2:00:00 PM,2/21/2025 9:00:00 AM,SERC,WEST,EKPC,EKPC,3074.395,True
2/21/2025 3:00:00 PM,2/21/2025 10:00:00 AM,SERC,WEST,EKPC,EKPC,2794.471,True
2/21/2025 4:00:00 PM,2/21/2025 11:00:00 AM,SERC,WEST,EKPC,EKPC,2595.341,True
2/21/2025 5:00:00 PM,2/21/2025 12:00:00 PM,SERC,WEST,EKPC,EKPC,2455.680,True
2/21/2025 6:00:00 PM,2/21/2025 1:00:00 PM,SERC,WEST,EKPC,EKPC,2331.726,True
2/21/2025 7:00:00 PM,2/21/2025 2:00:00 PM,SERC,WEST,EKPC,EKPC,2222.777,True
2/21/2025 8:00:00 PM,2/21/2025 3:00:00 PM,SERC,WEST,EKPC,EKPC,2149.320,True
2/21/2025 9:00:00 PM,2/21/2025 4:00:00 PM,SERC,WEST,EKPC,EKPC,2123.381,True
2/21/2025 10:00:00 PM,2/21/2025 5:00:00 PM,SERC,WEST,EKPC,EKPC,2162.103,True
2/21/2025 11:00:00 PM,2/21/2025 6:00:00 PM,SERC,WEST,EKPC,EKPC,2315.505,True
2/22/2025 12:00:00 AM,2/21/2025 7:00:00 PM,SERC,WEST,EKPC,EKPC,2430.341,True
2/22/2025 1:00:00 AM,2/21/2025 8:00:00 PM,SERC,WEST,EKPC,EKPC,2563.151,True
2/22/2025 2:00:00 AM,2/21/2025 9:00:00 PM,SERC,WEST,EKPC,EKPC,2578.922,True
2/22/2025 3:00:00 AM,2/21/2025 10:00:00 PM,SERC,WEST,EKPC,EKPC,2610.143,True
2/22/2025 4:00:00 AM,2/21/2025 11:00:00 PM,SERC,WEST,EKPC,EKPC,2658.134,True
2/22/2025 5:00:00 AM,2/22/2025 12:00:00 AM,SERC,WEST,EKPC,EKPC,2621.323,True
2/22/2025 6:00:00 AM,2/22/2025 1:00:00 AM,SERC,WEST,EKPC,EKPC,2659.802,True
2/22/2025 7:00:00 AM,2/22/2025 2:00:00 AM,SERC,WEST,EKPC,EKPC,2710.923,True
2/22/2025 8:00:00 AM,2/22/2025 3:00:00 AM,SERC,WEST,EKPC,EKPC,2757.385,True
2/22/2025 9:00:00 AM,2/22/2025 4:00:00 AM,SERC,WEST,EKPC,EKPC,2796.623,True
2/22/2025 10:00:00 AM,2/22/2025 5:00:00 AM,SERC,WEST,EKPC,EKPC,2903.036,True
2/22/2025 11:00:00 AM,2/22/2025 6:00:00 AM,SERC,WEST,EKPC,EKPC,2894.093,True
2/22/2025 12:00:00 PM,2/22/2025 7:00:00 AM,SERC,WEST,EKPC,EKPC,3002.641,True
2/22/2025 1:00:00 PM,2/22/2025 8:00:00 AM,SERC,WEST,EKPC,EKPC,2901.051,True
2/22/2025 2:00:00 PM,2/22/2025 9:00:00 AM,SERC,WEST,EKPC,EKPC,2731.059,True
2/22/2025 3:00:00 PM,2/22/2025 10:00:00 AM,SERC,WEST,EKPC,EKPC,2490.874,True
2/22/2025 4:00:00 PM,2/22/2025 11:00:00 AM,SERC,WEST,EKPC,EKPC,2287.647,True
2/22/2025 5:00:00 PM,2/22/2025 12:00:00 PM,SERC,WEST,EKPC,EKPC,2137.401,True
2/22/2025 6:00:00 PM,2/22/2025 1:00:00 PM,SERC,WEST,EKPC,EKPC,2018.506,True
2/22/2025 7:00:00 PM,2/22/2025 2:00:00 PM,SERC,WEST,EKPC,EKPC,1955.213,True
2/22/2025 8:00:00 PM,2/22/2025 3:00:00 PM,SERC,WEST,EKPC,EKPC,1917.106,True
2/22/2025 9:00:00 PM,2/22/2025 4:00:00 PM,SERC,WEST,EKPC,EKPC,1942.222,True
2/22/2025 10:00:00 PM,2/22/2025 5:00:00 PM,SERC,WEST,EKPC,EKPC,1960.602,True
2/22/2025 11:00:00 PM,2/22/2025 6:00:00 PM,SERC,WEST,EKPC,EKPC,2067.422,True
2/23/2025 12:00:00 AM,2/22/2025 7:00:00 PM,SERC,WEST,EKPC,EKPC,2104.337,True
2/23/2025 1:00:00 AM,2/22/2025 8:00:00 PM,SERC,WEST,EKPC,EKPC,2210.761,True
2/23/2025 2:00:00 AM,2/22/2025 9:00:00 PM,SERC,WEST,EKPC,EKPC,2184.612,True
2/23/2025 3:00:00 AM,2/22/2025 10:00:00 PM,SERC,WEST,EKPC,EKPC,2046.270,True
2/23/2025 4:00:00 AM,2/22/2025 11:00:00 PM,SERC,WEST,EKPC,EKPC,2124.677,True
2/23/2025 5:00:00 AM,2/23/2025 12:00:00 AM,SERC,WEST,EKPC,EKPC,2271.280,True
2/23/2025 6:00:00 AM,2/23/2025 1:00:00 AM,SERC,WEST,EKPC,EKPC,2287.186,True
2/23/2025 7:00:00 AM,2/23/2025 2:00:00 AM,SERC,WEST,EKPC,EKPC,2279.723,True
2/23/2025 8:00:00 AM,2/23/2025 3:00:00 AM,SERC,WEST,EKPC,EKPC,2347.069,True
2/23/2025 9:00:00 AM,2/23/2025 4:00:00 AM,SERC,WEST,EKPC,EKPC,2380.094,True
2/23/2025 10:00:00 AM,2/23/2025 5:00:00 AM,SERC,WEST,EKPC,EKPC,2441.846,True
2/23/2025 11:00:00 AM,2/23/2025 6:00:00 AM,SERC,WEST,EKPC,EKPC,2454.508,True
2/23/2025 12:00:00 PM,2/23/2025 7:00:00 AM,SERC,WEST,EKPC,EKPC,2543.629,True
2/23/2025 1:00:00 PM,2/23/2025 8:00:00 AM,SERC,WEST,EKPC,EKPC,2467.411,True
2/23/2025 2:00:00 PM,2/23/2025 9:00:00 AM,SERC,WEST,EKPC,EKPC,2273.816,True
2/23/2025 3:00:00 PM,2/23/2025 10:00:00 AM,SERC,WEST,EKPC,EKPC,2025.756,True
2/23/2025 4:00:00 PM,2/23/2025 11:00:00 AM,SERC,WEST,EKPC,EKPC,1842.106,True
2/23/2025 5:00:00 PM,2/23/2025 12:00:00 PM,SERC,WEST,EKPC,EKPC,1754.028,True
2/23/2025 6:00:00 PM,2/23/2025 1:00:00 PM,SERC,WEST,EKPC,EKPC,1687.661,True
2/23/2025 7:00:00 PM,2/23/2025 2:00:00 PM,SERC,WEST,EKPC,EKPC,1664.654,True
2/23/2025 8:00:00 PM,2/23/2025 3:00:00 PM,SERC,WEST,EKPC,EKPC,1631.123,True
2/23/2025 9:00:00 PM,2/23/2025 4:00:00 PM,SERC,WEST,EKPC,EKPC,1666.548,True
2/23/2025 10:00:00 PM,2/23/2025 5:00:00 PM,SERC,WEST,EKPC,EKPC,1727.297,True
2/23/2025 11:00:00 PM,2/23/2025 6:00:00 PM,SERC,WEST,EKPC,EKPC,1870.987,True
2/24/2025 12:00:00 AM,2/23/2025 7:00:00 PM,SERC,WEST,EKPC,EKPC,2017.530,True
2/24/2025 1:00:00 AM,2/23/2025 8:00:00 PM,SERC,WEST,EKPC,EKPC,2129.720,True
2/24/2025 2:00:00 AM,2/23/2025 9:00:00 PM,SERC,WEST,EKPC,EKPC,2117.246,True
2/24/2025 3:00:00 AM,2/23/2025 10:00:00 PM,SERC,WEST,EKPC,EKPC,2073.307,True
2/24/2025 4:00:00 AM,2/23/2025 11:00:00 PM,SERC,WEST,EKPC,EKPC,2006.488,True
2/24/2025 5:00:00 AM,2/24/2025 12:00:00 AM,SERC,WEST,EKPC,EKPC,2055.818,True
2/24/2025 6:00:00 AM,2/24/2025 1:00:00 AM,SERC,WEST,EKPC,EKPC,2099.478,True
2/24/2025 7:00:00 AM,2/24/2025 2:00:00 AM,SERC,WEST,EKPC,EKPC,2004.498,True
2/24/2025 8:00:00 AM,2/24/2025 3:00:00 AM,SERC,WEST,EKPC,EKPC,2013.272,True
2/24/2025 9:00:00 AM,2/24/2025 4:00:00 AM,SERC,WEST,EKPC,EKPC,2147.277,True
2/24/2025 10:00:00 AM,2/24/2025 5:00:00 AM,SERC,WEST,EKPC,EKPC,2307.287,True
2/24/2025 11:00:00 AM,2/24/2025 6:00:00 AM,SERC,WEST,EKPC,EKPC,2466.686,True
2/24/2025 12:00:00 PM,2/24/2025 7:00:00 AM,SERC,WEST,EKPC,EKPC,2517.278,True
2/24/2025 1:00:00 PM,2/24/2025 8:00:00 AM,SERC,WEST,EKPC,EKPC,2386.543,True
2/24/2025 2:00:00 PM,2/24/2025 9:00:00 AM,SERC,WEST,EKPC,EKPC,2109.113,True
2/24/2025 3:00:00 PM,2/24/2025 10:00:00 AM,SERC,WEST,EKPC,EKPC,1862.264,True
2/24/2025 4:00:00 PM,2/24/2025 11:00:00 AM,SERC,WEST,EKPC,EKPC,1824.710,True
2/24/2025 5:00:00 PM,2/24/2025 12:00:00 PM,SERC,WEST,EKPC,EKPC,1698.897,True
2/24/2025 6:00:00 PM,2/24/2025 1:00:00 PM,SERC,WEST,EKPC,EKPC,1633.322,True
2/24/2025 7:00:00 PM,2/24/2025 2:00:00 PM,SERC,WEST,EKPC,EKPC,1572.292,True
2/24/2025 8:00:00 PM,2/24/2025 3:00:00 PM,SERC,WEST,EKPC,EKPC,1560.905,True
2/24/2025 9:00:00 PM,2/24/2025 4:00:00 PM,SERC,WEST,EKPC,EKPC,1595.144,True
2/24/2025 10:00:00 PM,2/24/2025 5:00:00 PM,SERC,WEST,EKPC,EKPC,1528.314,True
2/24/2025 11:00:00 PM,2/24/2025 6:00:00 PM,SERC,WEST,EKPC,EKPC,1706.455,True
2/25/2025 12:00:00 AM,2/24/2025 7:00:00 PM,SERC,WEST,EKPC,EKPC,1828.660,True
2/25/2025 1:00:00 AM,2/24/2025 8:00:00 PM,SERC,WEST,EKPC,EKPC,1860.951,True
2/25/2025 2:00:00 AM,2/24/2025 9:00:00 PM,SERC,WEST,EKPC,EKPC,1831.114,True
2/25/2025 3:00:00 AM,2/24/2025 10:00:00 PM,SERC,WEST,EKPC,EKPC,1773.151,True
2/25/2025 4:00:00 AM,2/24/2025 11:00:00 PM,SERC,WEST,EKPC,EKPC,1734.137,True
2/25/2025 5:00:00 AM,2/25/2025 12:00:00 AM,SERC,WEST,EKPC,EKPC,1733.310,True
2/25/2025 6:00:00 AM,2/25/2025 1:00:00 AM,SERC,WEST,EKPC,EKPC,1679.463,True
2/25/2025 7:00:00 AM,2/25/2025 2:00:00 AM,SERC,WEST,EKPC,EKPC,1716.845,True
2/25/2025 8:00:00 AM,2/25/2025 3:00:00 AM,SERC,WEST,EKPC,EKPC,1744.586,True
2/25/2025 9:00:00 AM,2/25/2025 4:00:00 AM,SERC,WEST,EKPC,EKPC,1746.611,True
2/25/2025 10:00:00 AM,2/25/2025 5:00:00 AM,SERC,WEST,EKPC,EKPC,1812.415,True
2/25/2025 11:00:00 AM,2/25/2025 6:00:00 AM,SERC,WEST,EKPC,EKPC,1920.575,True
2/25/2025 12:00:00 PM,2/25/2025 7:00:00 AM,SERC,WEST,EKPC,EKPC,1914.893,True
2/25/2025 1:00:00 PM,2/25/2025 8:00:00 AM,SERC,WEST,EKPC,EKPC,1800.267,True
2/25/2025 2:00:00 PM,2/25/2025 9:00:00 AM,SERC,WEST,EKPC,EKPC,1648.616,True
2/25/2025 3:00:00 PM,2/25/2025 10:00:00 AM,SERC,WEST,EKPC,EKPC,1592.169,True
2/25/2025 4:00:00 PM,2/25/2025 11:00:00 AM,SERC,WEST,EKPC,EKPC,1507.713,True
2/25/2025 5:00:00 PM,2/25/2025 12:00:00 PM,SERC,WEST,EKPC,EKPC,1295.506,True
2/25/2025 6:00:00 PM,2/25/2025 1:00:00 PM,SERC,WEST,EKPC,EKPC,1228.346,True
2/25/2025 7:00:00 PM,2/25/2025 2:00:00 PM,SERC,WEST,EKPC,EKPC,1237.400,True
2/25/2025 8:00:00 PM,2/25/2025 3:00:00 PM,SERC,WEST,EKPC,EKPC,1347.898,True
2/25/2025 9:00:00 PM,2/25/2025 4:00:00 PM,SERC,WEST,EKPC,EKPC,1375.896,True
2/25/2025 10:00:00 PM,2/25/2025 5:00:00 PM,SERC,WEST,EKPC,EKPC,1416.250,True
2/25/2025 11:00:00 PM,2/25/2025 6:00:00 PM,SERC,WEST,EKPC,EKPC,1538.403,True
2/26/2025 12:00:00 AM,2/25/2025 7:00:00 PM,SERC,WEST,EKPC,EKPC,1622.768,True
2/26/2025 1:00:00 AM,2/25/2025 8:00:00 PM,SERC,WEST,EKPC,EKPC,1557.353,True
2/26/2025 2:00:00 AM,2/25/2025 9:00:00 PM,SERC,WEST,EKPC,EKPC,1602.073,True
2/26/2025 3:00:00 AM,2/25/2025 10:00:00 PM,SERC,WEST,EKPC,EKPC,1520.418,True
2/26/2025 4:00:00 AM,2/25/2025 11:00:00 PM,SERC,WEST,EKPC,EKPC,1507.250,True
2/26/2025 5:00:00 AM,2/26/2025 12:00:00 AM,SERC,WEST,EKPC,EKPC,1490.786,True
2/26/2025 6:00:00 AM,2/26/2025 1:00:00 AM,SERC,WEST,EKPC,EKPC,1480.284,True
2/26/2025 7:00:00 AM,2/26/2025 2:00:00 AM,SERC,WEST,EKPC,EKPC,1525.357,True
2/26/2025 8:00:00 AM,2/26/2025 3:00:00 AM,SERC,WEST,EKPC,EKPC,1657.123,True
2/26/2025 9:00:00 AM,2/26/2025 4:00:00 AM,SERC,WEST,EKPC,EKPC,1601.116,True
2/26/2025 10:00:00 AM,2/26/2025 5:00:00 AM,SERC,WEST,EKPC,EKPC,1744.695,True
2/26/2025 11:00:00 AM,2/26/2025 6:00:00 AM,SERC,WEST,EKPC,EKPC,1921.326,True
2/26/2025 12:00:00 PM,2/26/2025 7:00:00 AM,SERC,WEST,EKPC,EKPC,1930.778,True
2/26/2025 1:00:00 PM,2/26/2025 8:00:00 AM,SERC,WEST,EKPC,EKPC,1782.997,True
2/26/2025 2:00:00 PM,2/26/2025 9:00:00 AM,SERC,WEST,EKPC,EKPC,1589.171,True
2/26/2025 3:00:00 PM,2/26/2025 10:00:00 AM,SERC,WEST,EKPC,EKPC,1426.364,True
2/26/2025 4:00:00 PM,2/26/2025 11:00:00 AM,SERC,WEST,EKPC,EKPC,1323.451,True
2/26/2025 5:00:00 PM,2/26/2025 12:00:00 PM,SERC,WEST,EKPC,EKPC,1244.378,True
2/26/2025 6:00:00 PM,2/26/2025 1:00:00 PM,SERC,WEST,EKPC,EKPC,1204.990,True
2/26/2025 7:00:00 PM,2/26/2025 2:00:00 PM,SERC,WEST,EKPC,EKPC,1218.303,True
2/26/2025 8:00:00 PM,2/26/2025 3:00:00 PM,SERC,WEST,EKPC,EKPC,1245.195,True
2/26/2025 9:00:00 PM,2/26/2025 4:00:00 PM,SERC,WEST,EKPC,EKPC,1293.298,True
2/26/2025 10:00:00 PM,2/26/2025 5:00:00 PM,SERC,WEST,EKPC,EKPC,1385.455,True
2/26/2025 11:00:00 PM,2/26/2025 6:00:00 PM,SERC,WEST,EKPC,EKPC,1400.674,True
2/27/2025 12:00:00 AM,2/26/2025 7:00:00 PM,SERC,WEST,EKPC,EKPC,1430.029,True
2/27/2025 1:00:00 AM,2/26/2025 8:00:00 PM,SERC,WEST,EKPC,EKPC,1401.915,True
2/27/2025 2:00:00 AM,2/26/2025 9:00:00 PM,SERC,WEST,EKPC,EKPC,1472.118,True
2/27/2025 3:00:00 AM,2/26/2025 10:00:00 PM,SERC,WEST,EKPC,EKPC,1396.880,True
2/27/2025 4:00:00 AM,2/26/2025 11:00:00 PM,SERC,WEST,EKPC,EKPC,1344.233,True
2/27/2025 5:00:00 AM,2/27/2025 12:00:00 AM,SERC,WEST,EKPC,EKPC,1311.755,True
2/27/2025 6:00:00 AM,2/27/2025 1:00:00 AM,SERC,WEST,EKPC,EKPC,1264.816,True
2/27/2025 7:00:00 AM,2/27/2025 2:00:00 AM,SERC,WEST,EKPC,EKPC,1260.805,True
2/27/2025 8:00:00 AM,2/27/2025 3:00:00 AM,SERC,WEST,EKPC,EKPC,1251.737,True
2/27/2025 9:00:00 AM,2/27/2025 4:00:00 AM,SERC,WEST,EKPC,EKPC,1297.370,True
2/27/2025 10:00:00 AM,2/27/2025 5:00:00 AM,SERC,WEST,EKPC,EKPC,1380.378,True
2/27/2025 11:00:00 AM,2/27/2025 6:00:00 AM,SERC,WEST,EKPC,EKPC,1576.312,True
2/27/2025 12:00:00 PM,2/27/2025 7:00:00 AM,SERC,WEST,EKPC,EKPC,1618.690,True
2/27/2025 1:00:00 PM,2/27/2025 8:00:00 AM,SERC,WEST,EKPC,EKPC,1528.946,True
2/27/2025 2:00:00 PM,2/27/2025 9:00:00 AM,SERC,WEST,EKPC,EKPC,1585.567,True
2/27/2025 3:00:00 PM,2/27/2025 10:00:00 AM,SERC,WEST,EKPC,EKPC,1555.551,True
2/27/2025 4:00:00 PM,2/27/2025 11:00:00 AM,SERC,WEST,EKPC,EKPC,1474.530,True
2/27/2025 5:00:00 PM,2/27/2025 12:00:00 PM,SERC,WEST,EKPC,EKPC,1461.974,True
2/27/2025 6:00:00 PM,2/27/2025 1:00:00 PM,SERC,WEST,EKPC,EKPC,1397.007,True
2/27/2025 7:00:00 PM,2/27/2025 2:00:00 PM,SERC,WEST,EKPC,EKPC,1410.953,True
2/27/2025 8:00:00 PM,2/27/2025 3:00:00 PM,SERC,WEST,EKPC,EKPC,1398.405,True
2/27/2025 9:00:00 PM,2/27/2025 4:00:00 PM,SERC,WEST,EKPC,EKPC,1484.051,True
2/27/2025 10:00:00 PM,2/27/2025 5:00:00 PM,SERC,WEST,EKPC,EKPC,1482.330,True
2/27/2025 11:00:00 PM,2/27/2025 6:00:00 PM,SERC,WEST,EKPC,EKPC,1611.166,True
2/28/2025 12:00:00 AM,2/27/2025 7:00:00 PM,SERC,WEST,EKPC,EKPC,1613.765,True
2/28/2025 1:00:00 AM,2/27/2025 8:00:00 PM,SERC,WEST,EKPC,EKPC,1683.857,True
2/28/2025 2:00:00 AM,2/27/2025 9:00:00 PM,SERC,WEST,EKPC,EKPC,1717.754,True
2/28/2025 3:00:00 AM,2/27/2025 10:00:00 PM,SERC,WEST,EKPC,EKPC,1631.430,True
2/28/2025 4:00:00 AM,2/27/2025 11:00:00 PM,SERC,WEST,EKPC,EKPC,1611.430,True
2/28/2025 5:00:00 AM,2/28/2025 12:00:00 AM,SERC,WEST,EKPC,EKPC,1586.164,True
2/28/2025 6:00:00 AM,2/28/2025 1:00:00 AM,SERC,WEST,EKPC,EKPC,1564.953,True
2/28/2025 7:00:00 AM,2/28/2025 2:00:00 AM,SERC,WEST,EKPC,EKPC,1572.720,True
2/28/2025 8:00:00 AM,2/28/2025 3:00:00 AM,SERC,WEST,EKPC,EKPC,1601.525,True
2/28/2025 9:00:00 AM,2/28/2025 4:00:00 AM,SERC,WEST,EKPC,EKPC,1714.007,True
2/28/2025 10:00:00 AM,2/28/2025 5:00:00 AM,SERC,WEST,EKPC,EKPC,1852.506,True
2/28/2025 11:00:00 AM,2/28/2025 6:00:00 AM,SERC,WEST,EKPC,EKPC,2036.166,True
2/28/2025 12:00:00 PM,2/28/2025 7:00:00 AM,SERC,WEST,EKPC,EKPC,1957.308,True
2/28/2025 1:00:00 PM,2/28/2025 8:00:00 AM,SERC,WEST,EKPC,EKPC,1945.419,True
2/28/2025 2:00:00 PM,2/28/2025 9:00:00 AM,SERC,WEST,EKPC,EKPC,1808.185,True
2/28/2025 3:00:00 PM,2/28/2025 10:00:00 AM,SERC,WEST,EKPC,EKPC,1683.365,True
2/28/2025 4:00:00 PM,2/28/2025 11:00:00 AM,SERC,WEST,EKPC,EKPC,1596.432,True
2/28/2025 5:00:00 PM,2/28/2025 12:00:00 PM,SERC,WEST,EKPC,EKPC,1497.372,True
2/28/2025 6:00:00 PM,2/28/2025 1:00:00 PM,SERC,WEST,EKPC,EKPC,1301.131,True
2/28/2025 7:00:00 PM,2/28/2025 2:00:00 PM,SERC,WEST,EKPC,EKPC,1223.477,True
2/28/2025 8:00:00 PM,2/28/2025 3:00:00 PM,SERC,WEST,EKPC,EKPC,1190.371,True
2/28/2025 9:00:00 PM,2/28/2025 4:00:00 PM,SERC,WEST,EKPC,EKPC,1196.148,True
2/28/2025 10:00:00 PM,2/28/2025 5:00:00 PM,SERC,WEST,EKPC,EKPC,1272.987,True
2/28/2025 11:00:00 PM,2/28/2025 6:00:00 PM,SERC,WEST,EKPC,EKPC,1437.049,True
3/1/2025 12:00:00 AM,2/28/2025 7:00:00 PM,SERC,WEST,EKPC,EKPC,1521.083,True
3/1/2025 1:00:00 AM,2/28/2025 8:00:00 PM,SERC,WEST,EKPC,EKPC,1547.371,True
3/1/2025 2:00:00 AM,2/28/2025 9:00:00 PM,SERC,WEST,EKPC,EKPC,1504.197,True
3/1/2025 3:00:00 AM,2/28/2025 10:00:00 PM,SERC,WEST,EKPC,EKPC,1501.923,True
3/1/2025 4:00:00 AM,2/28/2025 11:00:00 PM,SERC,WEST,EKPC,EKPC,1387.867,True
3/1/2025 5:00:00 AM,3/1/2025 12:00:00 AM,SERC,WEST,EKPC,EKPC,1378.593,True
3/1/2025 6:00:00 AM,3/1/2025 1:00:00 AM,SERC,WEST,EKPC,EKPC,1315.311,True
3/1/2025 7:00:00 AM,3/1/2025 2:00:00 AM,SERC,WEST,EKPC,EKPC,1343.424,True
3/1/2025 8:00:00 AM,3/1/2025 3:00:00 AM,SERC,WEST,EKPC,EKPC,1419.661,True
3/1/2025 9:00:00 AM,3/1/2025 4:00:00 AM,SERC,WEST,EKPC,EKPC,1465.775,True
3/1/2025 10:00:00 AM,3/1/2025 5:00:00 AM,SERC,WEST,EKPC,EKPC,1531.161,True
3/1/2025 11:00:00 AM,3/1/2025 6:00:00 AM,SERC,WEST,EKPC,EKPC,1493.377,True
3/1/2025 12:00:00 PM,3/1/2025 7:00:00 AM,SERC,WEST,EKPC,EKPC,1467.543,True
3/1/2025 1:00:00 PM,3/1/2025 8:00:00 AM,SERC,WEST,EKPC,EKPC,1638.994,True
3/1/2025 2:00:00 PM,3/1/2025 9:00:00 AM,SERC,WEST,EKPC,EKPC,1715.200,True
3/1/2025 3:00:00 PM,3/1/2025 10:00:00 AM,SERC,WEST,EKPC,EKPC,1647.105,True
3/1/2025 4:00:00 PM,3/1/2025 11:00:00 AM,SERC,WEST,EKPC,EKPC,1658.267,True
3/1/2025 5:00:00 PM,3/1/2025 12:00:00 PM,SERC,WEST,EKPC,EKPC,1604.111,True
3/1/2025 6:00:00 PM,3/1/2025 1:00:00 PM,SERC,WEST,EKPC,EKPC,1569.958,True
3/1/2025 7:00:00 PM,3/1/2025 2:00:00 PM,SERC,WEST,EKPC,EKPC,1499.935,True
3/1/2025 8:00:00 PM,3/1/2025 3:00:00 PM,SERC,WEST,EKPC,EKPC,1555.954,True
3/1/2025 9:00:00 PM,3/1/2025 4:00:00 PM,SERC,WEST,EKPC,EKPC,1560.289,True
3/1/2025 10:00:00 PM,3/1/2025 5:00:00 PM,SERC,WEST,EKPC,EKPC,1555.287,True
3/1/2025 11:00:00 PM,3/1/2025 6:00:00 PM,SERC,WEST,EKPC,EKPC,1830.577,True
3/2/2025 12:00:00 AM,3/1/2025 7:00:00 PM,SERC,WEST,EKPC,EKPC,1983.283,True
3/2/2025 1:00:00 AM,3/1/2025 8:00:00 PM,SERC,WEST,EKPC,EKPC,2016.843,True
3/2/2025 2:00:00 AM,3/1/2025 9:00:00 PM,SERC,WEST,EKPC,EKPC,2021.585,True
3/2/2025 3:00:00 AM,3/1/2025 10:00:00 PM,SERC,WEST,EKPC,EKPC,1970.620,True
3/2/2025 4:00:00 AM,3/1/2025 11:00:00 PM,SERC,WEST,EKPC,EKPC,2036.067,True
3/2/2025 5:00:00 AM,3/2/2025 12:00:00 AM,SERC,WEST,EKPC,EKPC,2021.950,True
3/2/2025 6:00:00 AM,3/2/2025 1:00:00 AM,SERC,WEST,EKPC,EKPC,2042.299,True
3/2/2025 7:00:00 AM,3/2/2025 2:00:00 AM,SERC,WEST,EKPC,EKPC,2047.627,True
3/2/2025 8:00:00 AM,3/2/2025 3:00:00 AM,SERC,WEST,EKPC,EKPC,2132.978,True
3/2/2025 9:00:00 AM,3/2/2025 4:00:00 AM,SERC,WEST,EKPC,EKPC,2232.450,True
3/2/2025 10:00:00 AM,3/2/2025 5:00:00 AM,SERC,WEST,EKPC,EKPC,2254.758,True
3/2/2025 11:00:00 AM,3/2/2025 6:00:00 AM,SERC,WEST,EKPC,EKPC,2408.520,True
3/2/2025 12:00:00 PM,3/2/2025 7:00:00 AM,SERC,WEST,EKPC,EKPC,2417.909,True
3/2/2025 1:00:00 PM,3/2/2025 8:00:00 AM,SERC,WEST,EKPC,EKPC,2265.251,True
3/2/2025 2:00:00 PM,3/2/2025 9:00:00 AM,SERC,WEST,EKPC,EKPC,2172.418,True
3/2/2025 3:00:00 PM,3/2/2025 10:00:00 AM,SERC,WEST,EKPC,EKPC,2089.910,True
3/2/2025 4:00:00 PM,3/2/2025 11:00:00 AM,SERC,WEST,EKPC,EKPC,1986.703,True
3/2/2025 5:00:00 PM,3/2/2025 12:00:00 PM,SERC,WEST,EKPC,EKPC,1857.697,True
3/2/2025 6:00:00 PM,3/2/2025 1:00:00 PM,SERC,WEST,EKPC,EKPC,1678.552,True
3/2/2025 7:00:00 PM,3/2/2025 2:00:00 PM,SERC,WEST,EKPC,EKPC,1520.683,True
3/2/2025 8:00:00 PM,3/2/2025 3:00:00 PM,SERC,WEST,EKPC,EKPC,1457.469,True
3/2/2025 9:00:00 PM,3/2/2025 4:00:00 PM,SERC,WEST,EKPC,EKPC,1631.550,True
3/2/2025 10:00:00 PM,3/2/2025 5:00:00 PM,SERC,WEST,EKPC,EKPC,1605.700,True
3/2/2025 11:00:00 PM,3/2/2025 6:00:00 PM,SERC,WEST,EKPC,EKPC,1698.774,True
3/3/2025 12:00:00 AM,3/2/2025 7:00:00 PM,SERC,WEST,EKPC,EKPC,1952.848,True
3/3/2025 1:00:00 AM,3/2/2025 8:00:00 PM,SERC,WEST,EKPC,EKPC,2154.226,True
3/3/2025 2:00:00 AM,3/2/2025 9:00:00 PM,SERC,WEST,EKPC,EKPC,2168.461,True
3/3/2025 3:00:00 AM,3/2/2025 10:00:00 PM,SERC,WEST,EKPC,EKPC,2117.365,True
3/3/2025 4:00:00 AM,3/2/2025 11:00:00 PM,SERC,WEST,EKPC,EKPC,2049.334,True
3/3/2025 5:00:00 AM,3/3/2025 12:00:00 AM,SERC,WEST,EKPC,EKPC,2087.737,True
3/3/2025 6:00:00 AM,3/3/2025 1:00:00 AM,SERC,WEST,EKPC,EKPC,2015.592,True
3/3/2025 7:00:00 AM,3/3/2025 2:00:00 AM,SERC,WEST,EKPC,EKPC,1985.000,True
3/3/2025 8:00:00 AM,3/3/2025 3:00:00 AM,SERC,WEST,EKPC,EKPC,2075.579,True
3/3/2025 9:00:00 AM,3/3/2025 4:00:00 AM,SERC,WEST,EKPC,EKPC,2134.921,True
3/3/2025 10:00:00 AM,3/3/2025 5:00:00 AM,SERC,WEST,EKPC,EKPC,2237.144,True
3/3/2025 11:00:00 AM,3/3/2025 6:00:00 AM,SERC,WEST,EKPC,EKPC,2404.547,True
3/3/2025 12:00:00 PM,3/3/2025 7:00:00 AM,SERC,WEST,EKPC,EKPC,2479.521,True
3/3/2025 1:00:00 PM,3/3/2025 8:00:00 AM,SERC,WEST,EKPC,EKPC,2357.034,True
3/3/2025 2:00:00 PM,3/3/2025 9:00:00 AM,SERC,WEST,EKPC,EKPC,2132.625,True
3/3/2025 3:00:00 PM,3/3/2025 10:00:00 AM,SERC,WEST,EKPC,EKPC,1962.411,True
3/3/2025 4:00:00 PM,3/3/2025 11:00:00 AM,SERC,WEST,EKPC,EKPC,1841.287,True
3/3/2025 5:00:00 PM,3/3/2025 12:00:00 PM,SERC,WEST,EKPC,EKPC,1747.291,True
3/3/2025 6:00:00 PM,3/3/2025 1:00:00 PM,SERC,WEST,EKPC,EKPC,1665.619,True
3/3/2025 7:00:00 PM,3/3/2025 2:00:00 PM,SERC,WEST,EKPC,EKPC,1591.372,True
3/3/2025 8:00:00 PM,3/3/2025 3:00:00 PM,SERC,WEST,EKPC,EKPC,1468.396,True
3/3/2025 9:00:00 PM,3/3/2025 4:00:00 PM,SERC,WEST,EKPC,EKPC,1429.380,True
3/3/2025 10:00:00 PM,3/3/2025 5:00:00 PM,SERC,WEST,EKPC,EKPC,1502.673,True
3/3/2025 11:00:00 PM,3/3/2025 6:00:00 PM,SERC,WEST,EKPC,EKPC,1604.964,True
3/4/2025 12:00:00 AM,3/3/2025 7:00:00 PM,SERC,WEST,EKPC,EKPC,1751.071,True
3/4/2025 1:00:00 AM,3/3/2025 8:00:00 PM,SERC,WEST,EKPC,EKPC,1785.955,True
3/4/2025 2:00:00 AM,3/3/2025 9:00:00 PM,SERC,WEST,EKPC,EKPC,1778.800,True
3/4/2025 3:00:00 AM,3/3/2025 10:00:00 PM,SERC,WEST,EKPC,EKPC,1725.087,True
3/4/2025 4:00:00 AM,3/3/2025 11:00:00 PM,SERC,WEST,EKPC,EKPC,1643.690,True
3/4/2025 5:00:00 AM,3/4/2025 12:00:00 AM,SERC,WEST,EKPC,EKPC,1634.464,True
3/4/2025 6:00:00 AM,3/4/2025 1:00:00 AM,SERC,WEST,EKPC,EKPC,1665.726,True
3/4/2025 7:00:00 AM,3/4/2025 2:00:00 AM,SERC,WEST,EKPC,EKPC,1668.559,True
3/4/2025 8:00:00 AM,3/4/2025 3:00:00 AM,SERC,WEST,EKPC,EKPC,1651.550,True
3/4/2025 9:00:00 AM,3/4/2025 4:00:00 AM,SERC,WEST,EKPC,EKPC,1618.273,True
3/4/2025 10:00:00 AM,3/4/2025 5:00:00 AM,SERC,WEST,EKPC,EKPC,1627.454,True
3/4/2025 11:00:00 AM,3/4/2025 6:00:00 AM,SERC,WEST,EKPC,EKPC,1760.962,True
3/4/2025 12:00:00 PM,3/4/2025 7:00:00 AM,SERC,WEST,EKPC,EKPC,1730.724,True
3/4/2025 1:00:00 PM,3/4/2025 8:00:00 AM,SERC,WEST,EKPC,EKPC,1634.137,True
3/4/2025 2:00:00 PM,3/4/2025 9:00:00 AM,SERC,WEST,EKPC,EKPC,1521.784,True
3/4/2025 3:00:00 PM,3/4/2025 10:00:00 AM,SERC,WEST,EKPC,EKPC,1391.137,True
3/4/2025 4:00:00 PM,3/4/2025 11:00:00 AM,SERC,WEST,EKPC,EKPC,1307.974,True
3/4/2025 5:00:00 PM,3/4/2025 12:00:00 PM,SERC,WEST,EKPC,EKPC,1246.968,True
3/4/2025 6:00:00 PM,3/4/2025 1:00:00 PM,SERC,WEST,EKPC,EKPC,1199.432,True
3/4/2025 7:00:00 PM,3/4/2025 2:00:00 PM,SERC,WEST,EKPC,EKPC,1232.257,True
3/4/2025 8:00:00 PM,3/4/2025 3:00:00 PM,SERC,WEST,EKPC,EKPC,1278.010,True
3/4/2025 9:00:00 PM,3/4/2025 4:00:00 PM,SERC,WEST,EKPC,EKPC,1240.202,True
3/4/2025 10:00:00 PM,3/4/2025 5:00:00 PM,SERC,WEST,EKPC,EKPC,1317.280,True
3/4/2025 11:00:00 PM,3/4/2025 6:00:00 PM,SERC,WEST,EKPC,EKPC,1382.105,True
3/5/2025 12:00:00 AM,3/4/2025 7:00:00 PM,SERC,WEST,EKPC,EKPC,1499.368,True
3/5/2025 1:00:00 AM,3/4/2025 8:00:00 PM,SERC,WEST,EKPC,EKPC,1433.355,True
3/5/2025 2:00:00 AM,3/4/2025 9:00:00 PM,SERC,WEST,EKPC,EKPC,1351.893,True
3/5/2025 3:00:00 AM,3/4/2025 10:00:00 PM,SERC,WEST,EKPC,EKPC,1220.402,True
3/5/2025 4:00:00 AM,3/4/2025 11:00:00 PM,SERC,WEST,EKPC,EKPC,1279.110,True
3/5/2025 5:00:00 AM,3/5/2025 12:00:00 AM,SERC,WEST,EKPC,EKPC,1191.863,True
3/5/2025 6:00:00 AM,3/5/2025 1:00:00 AM,SERC,WEST,EKPC,EKPC,1181.661,True
3/5/2025 7:00:00 AM,3/5/2025 2:00:00 AM,SERC,WEST,EKPC,EKPC,1220.058,True
3/5/2025 8:00:00 AM,3/5/2025 3:00:00 AM,SERC,WEST,EKPC,EKPC,1212.390,True
3/5/2025 9:00:00 AM,3/5/2025 4:00:00 AM,SERC,WEST,EKPC,EKPC,1250.299,True
3/5/2025 10:00:00 AM,3/5/2025 5:00:00 AM,SERC,WEST,EKPC,EKPC,1334.717,True
3/5/2025 11:00:00 AM,3/5/2025 6:00:00 AM,SERC,WEST,EKPC,EKPC,1448.741,True
3/5/2025 12:00:00 PM,3/5/2025 7:00:00 AM,SERC,WEST,EKPC,EKPC,1557.155,True
3/5/2025 1:00:00 PM,3/5/2025 8:00:00 AM,SERC,WEST,EKPC,EKPC,1542.948,True
3/5/2025 2:00:00 PM,3/5/2025 9:00:00 AM,SERC,WEST,EKPC,EKPC,1527.688,True
3/5/2025 3:00:00 PM,3/5/2025 10:00:00 AM,SERC,WEST,EKPC,EKPC,1583.186,True
3/5/2025 4:00:00 PM,3/5/2025 11:00:00 AM,SERC,WEST,EKPC,EKPC,1541.507,True
3/5/2025 5:00:00 PM,3/5/2025 12:00:00 PM,SERC,WEST,EKPC,EKPC,1607.833,True
3/5/2025 6:00:00 PM,3/5/2025 1:00:00 PM,SERC,WEST,EKPC,EKPC,1707.869,True
3/5/2025 7:00:00 PM,3/5/2025 2:00:00 PM,SERC,WEST,EKPC,EKPC,1778.658,True
3/5/2025 8:00:00 PM,3/5/2025 3:00:00 PM,SERC,WEST,EKPC,EKPC,1825.419,True
3/5/2025 9:00:00 PM,3/5/2025 4:00:00 PM,SERC,WEST,EKPC,EKPC,1895.591,True
3/5/2025 10:00:00 PM,3/5/2025 5:00:00 PM,SERC,WEST,EKPC,EKPC,2014.098,True
3/5/2025 11:00:00 PM,3/5/2025 6:00:00 PM,SERC,WEST,EKPC,EKPC,2142.334,True
3/6/2025 12:00:00 AM,3/5/2025 7:00:00 PM,SERC,WEST,EKPC,EKPC,2216.859,True
3/6/2025 1:00:00 AM,3/5/2025 8:00:00 PM,SERC,WEST,EKPC,EKPC,2221.973,True
3/6/2025 2:00:00 AM,3/5/2025 9:00:00 PM,SERC,WEST,EKPC,EKPC,2205.237,True
3/6/2025 3:00:00 AM,3/5/2025 10:00:00 PM,SERC,WEST,EKPC,EKPC,2077.725,True
3/6/2025 4:00:00 AM,3/5/2025 11:00:00 PM,SERC,WEST,EKPC,EKPC,2041.854,True
3/6/2025 5:00:00 AM,3/6/2025 12:00:00 AM,SERC,WEST,EKPC,EKPC,2033.675,True
3/6/2025 6:00:00 AM,3/6/2025 1:00:00 AM,SERC,WEST,EKPC,EKPC,2032.220,True
3/6/2025 7:00:00 AM,3/6/2025 2:00:00 AM,SERC,WEST,EKPC,EKPC,2063.850,True
3/6/2025 8:00:00 AM,3/6/2025 3:00:00 AM,SERC,WEST,EKPC,EKPC,2065.056,True
3/6/2025 9:00:00 AM,3/6/2025 4:00:00 AM,SERC,WEST,EKPC,EKPC,2131.551,True
3/6/2025 10:00:00 AM,3/6/2025 5:00:00 AM,SERC,WEST,EKPC,EKPC,2221.258,True
3/6/2025 11:00:00 AM,3/6/2025 6:00:00 AM,SERC,WEST,EKPC,EKPC,2337.403,True
3/6/2025 12:00:00 PM,3/6/2025 7:00:00 AM,SERC,WEST,EKPC,EKPC,2364.789,True
3/6/2025 1:00:00 PM,3/6/2025 8:00:00 AM,SERC,WEST,EKPC,EKPC,2334.652,True
3/6/2025 2:00:00 PM,3/6/2025 9:00:00 AM,SERC,WEST,EKPC,EKPC,2321.328,True
3/6/2025 3:00:00 PM,3/6/2025 10:00:00 AM,SERC,WEST,EKPC,EKPC,2322.035,True
3/6/2025 4:00:00 PM,3/6/2025 11:00:00 AM,SERC,WEST,EKPC,EKPC,2249.270,True
3/6/2025 5:00:00 PM,3/6/2025 12:00:00 PM,SERC,WEST,EKPC,EKPC,2211.334,True
3/6/2025 6:00:00 PM,3/6/2025 1:00:00 PM,SERC,WEST,EKPC,EKPC,2019.218,True
3/6/2025 7:00:00 PM,3/6/2025 2:00:00 PM,SERC,WEST,EKPC,EKPC,1784.054,True
3/6/2025 8:00:00 PM,3/6/2025 3:00:00 PM,SERC,WEST,EKPC,EKPC,1814.906,True
3/6/2025 9:00:00 PM,3/6/2025 4:00:00 PM,SERC,WEST,EKPC,EKPC,1795.183,True
3/6/2025 10:00:00 PM,3/6/2025 5:00:00 PM,SERC,WEST,EKPC,EKPC,1830.372,True
3/6/2025 11:00:00 PM,3/6/2025 6:00:00 PM,SERC,WEST,EKPC,EKPC,1924.712,True
3/7/2025 12:00:00 AM,3/6/2025 7:00:00 PM,SERC,WEST,EKPC,EKPC,2038.317,True
3/7/2025 1:00:00 AM,3/6/2025 8:00:00 PM,SERC,WEST,EKPC,EKPC,2100.008,True
3/7/2025 2:00:00 AM,3/6/2025 9:00:00 PM,SERC,WEST,EKPC,EKPC,1999.205,True
3/7/2025 3:00:00 AM,3/6/2025 10:00:00 PM,SERC,WEST,EKPC,EKPC,2053.513,True
3/7/2025 4:00:00 AM,3/6/2025 11:00:00 PM,SERC,WEST,EKPC,EKPC,1896.069,True
3/7/2025 5:00:00 AM,3/7/2025 12:00:00 AM,SERC,WEST,EKPC,EKPC,1956.240,True
3/7/2025 6:00:00 AM,3/7/2025 1:00:00 AM,SERC,WEST,EKPC,EKPC,2057.201,True
3/7/2025 7:00:00 AM,3/7/2025 2:00:00 AM,SERC,WEST,EKPC,EKPC,2062.956,True
3/7/2025 8:00:00 AM,3/7/2025 3:00:00 AM,SERC,WEST,EKPC,EKPC,2036.556,True
3/7/2025 9:00:00 AM,3/7/2025 4:00:00 AM,SERC,WEST,EKPC,EKPC,2088.560,True
3/7/2025 10:00:00 AM,3/7/2025 5:00:00 AM,SERC,WEST,EKPC,EKPC,2160.846,True
3/7/2025 11:00:00 AM,3/7/2025 6:00:00 AM,SERC,WEST,EKPC,EKPC,2277.784,True
3/7/2025 12:00:00 PM,3/7/2025 7:00:00 AM,SERC,WEST,EKPC,EKPC,2267.796,True
3/7/2025 1:00:00 PM,3/7/2025 8:00:00 AM,SERC,WEST,EKPC,EKPC,2212.197,True
3/7/2025 2:00:00 PM,3/7/2025 9:00:00 AM,SERC,WEST,EKPC,EKPC,2124.814,True
3/7/2025 3:00:00 PM,3/7/2025 10:00:00 AM,SERC,WEST,EKPC,EKPC,1979.188,True
3/7/2025 4:00:00 PM,3/7/2025 11:00:00 AM,SERC,WEST,EKPC,EKPC,1857.174,True
3/7/2025 5:00:00 PM,3/7/2025 12:00:00 PM,SERC,WEST,EKPC,EKPC,1624.067,True
3/7/2025 6:00:00 PM,3/7/2025 1:00:00 PM,SERC,WEST,EKPC,EKPC,1497.793,True
3/7/2025 7:00:00 PM,3/7/2025 2:00:00 PM,SERC,WEST,EKPC,EKPC,1592.036,True
3/7/2025 8:00:00 PM,3/7/2025 3:00:00 PM,SERC,WEST,EKPC,EKPC,1617.937,True
3/7/2025 9:00:00 PM,3/7/2025 4:00:00 PM,SERC,WEST,EKPC,EKPC,1478.303,True
3/7/2025 10:00:00 PM,3/7/2025 5:00:00 PM,SERC,WEST,EKPC,EKPC,1510.569,True
3/7/2025 11:00:00 PM,3/7/2025 6:00:00 PM,SERC,WEST,EKPC,EKPC,1706.000,True
3/8/2025 12:00:00 AM,3/7/2025 7:00:00 PM,SERC,WEST,EKPC,EKPC,1704.067,True
3/8/2025 1:00:00 AM,3/7/2025 8:00:00 PM,SERC,WEST,EKPC,EKPC,1703.764,True
3/8/2025 2:00:00 AM,3/7/2025 9:00:00 PM,SERC,WEST,EKPC,EKPC,1679.859,True
3/8/2025 3:00:00 AM,3/7/2025 10:00:00 PM,SERC,WEST,EKPC,EKPC,1596.623,True
3/8/2025 4:00:00 AM,3/7/2025 11:00:00 PM,SERC,WEST,EKPC,EKPC,1560.999,True
3/8/2025 5:00:00 AM,3/8/2025 12:00:00 AM,SERC,WEST,EKPC,EKPC,1503.287,True
3/8/2025 6:00:00 AM,3/8/2025 1:00:00 AM,SERC,WEST,EKPC,EKPC,1449.546,True
3/8/2025 7:00:00 AM,3/8/2025 2:00:00 AM,SERC,WEST,EKPC,EKPC,1456.066,True
3/8/2025 8:00:00 AM,3/8/2025 3:00:00 AM,SERC,WEST,EKPC,EKPC,1386.759,True
3/8/2025 9:00:00 AM,3/8/2025 4:00:00 AM,SERC,WEST,EKPC,EKPC,1429.391,True
3/8/2025 10:00:00 AM,3/8/2025 5:00:00 AM,SERC,WEST,EKPC,EKPC,1529.344,True
3/8/2025 11:00:00 AM,3/8/2025 6:00:00 AM,SERC,WEST,EKPC,EKPC,1625.169,True
3/8/2025 12:00:00 PM,3/8/2025 7:00:00 AM,SERC,WEST,EKPC,EKPC,1706.319,True
3/8/2025 1:00:00 PM,3/8/2025 8:00:00 AM,SERC,WEST,EKPC,EKPC,1774.834,True
3/8/2025 2:00:00 PM,3/8/2025 9:00:00 AM,SERC,WEST,EKPC,EKPC,1783.268,True
3/8/2025 3:00:00 PM,3/8/2025 10:00:00 AM,SERC,WEST,EKPC,EKPC,1689.125,True
3/8/2025 4:00:00 PM,3/8/2025 11:00:00 AM,SERC,WEST,EKPC,EKPC,1614.940,True
3/8/2025 5:00:00 PM,3/8/2025 12:00:00 PM,SERC,WEST,EKPC,EKPC,1516.927,True
3/8/2025 6:00:00 PM,3/8/2025 1:00:00 PM,SERC,WEST,EKPC,EKPC,1446.328,True
3/8/2025 7:00:00 PM,3/8/2025 2:00:00 PM,SERC,WEST,EKPC,EKPC,1412.134,True
3/8/2025 8:00:00 PM,3/8/2025 3:00:00 PM,SERC,WEST,EKPC,EKPC,1213.107,True
3/8/2025 9:00:00 PM,3/8/2025 4:00:00 PM,SERC,WEST,EKPC,EKPC,1374.859,True
3/8/2025 10:00:00 PM,3/8/2025 5:00:00 PM,SERC,WEST,EKPC,EKPC,1465.040,True
3/8/2025 11:00:00 PM,3/8/2025 6:00:00 PM,SERC,WEST,EKPC,EKPC,1497.091,True
3/9/2025 12:00:00 AM,3/8/2025 7:00:00 PM,SERC,WEST,EKPC,EKPC,1649.031,True
3/9/2025 1:00:00 AM,3/8/2025 8:00:00 PM,SERC,WEST,EKPC,EKPC,1679.061,True
3/9/2025 2:00:00 AM,3/8/2025 9:00:00 PM,SERC,WEST,EKPC,EKPC,1727.166,True
3/9/2025 3:00:00 AM,3/8/2025 10:00:00 PM,SERC,WEST,EKPC,EKPC,1732.818,True
3/9/2025 4:00:00 AM,3/8/2025 11:00:00 PM,SERC,WEST,EKPC,EKPC,1628.687,True
3/9/2025 5:00:00 AM,3/9/2025 12:00:00 AM,SERC,WEST,EKPC,EKPC,1637.297,True
3/9/2025 6:00:00 AM,3/9/2025 1:00:00 AM,SERC,WEST,EKPC,EKPC,1697.942,True
3/9/2025 7:00:00 AM,3/9/2025 3:00:00 AM,SERC,WEST,EKPC,EKPC,1755.662,True
3/9/2025 8:00:00 AM,3/9/2025 4:00:00 AM,SERC,WEST,EKPC,EKPC,1778.272,True
3/9/2025 9:00:00 AM,3/9/2025 5:00:00 AM,SERC,WEST,EKPC,EKPC,1748.831,True
3/9/2025 10:00:00 AM,3/9/2025 6:00:00 AM,SERC,WEST,EKPC,EKPC,1822.474,True
3/9/2025 11:00:00 AM,3/9/2025 7:00:00 AM,SERC,WEST,EKPC,EKPC,1989.775,True
3/9/2025 12:00:00 PM,3/9/2025 8:00:00 AM,SERC,WEST,EKPC,EKPC,2049.840,True
3/9/2025 1:00:00 PM,3/9/2025 9:00:00 AM,SERC,WEST,EKPC,EKPC,1952.731,True
3/9/2025 2:00:00 PM,3/9/2025 10:00:00 AM,SERC,WEST,EKPC,EKPC,1830.057,True
3/9/2025 3:00:00 PM,3/9/2025 11:00:00 AM,SERC,WEST,EKPC,EKPC,1543.432,True
3/9/2025 4:00:00 PM,3/9/2025 12:00:00 PM,SERC,WEST,EKPC,EKPC,1368.810,True
3/9/2025 5:00:00 PM,3/9/2025 1:00:00 PM,SERC,WEST,EKPC,EKPC,1321.635,True
3/9/2025 6:00:00 PM,3/9/2025 2:00:00 PM,SERC,WEST,EKPC,EKPC,1285.619,True
3/9/2025 7:00:00 PM,3/9/2025 3:00:00 PM,SERC,WEST,EKPC,EKPC,1352.517,True
3/9/2025 8:00:00 PM,3/9/2025 4:00:00 PM,SERC,WEST,EKPC,EKPC,1298.657,True
3/9/2025 9:00:00 PM,3/9/2025 5:00:00 PM,SERC,WEST,EKPC,EKPC,1262.757,True
3/9/2025 10:00:00 PM,3/9/2025 6:00:00 PM,SERC,WEST,EKPC,EKPC,1281.330,True
3/9/2025 11:00:00 PM,3/9/2025 7:00:00 PM,SERC,WEST,EKPC,EKPC,1408.331,True
3/10/2025 12:00:00 AM,3/9/2025 8:00:00 PM,SERC,WEST,EKPC,EKPC,1537.587,True
3/10/2025 1:00:00 AM,3/9/2025 9:00:00 PM,SERC,WEST,EKPC,EKPC,1554.468,True
3/10/2025 2:00:00 AM,3/9/2025 10:00:00 PM,SERC,WEST,EKPC,EKPC,1540.532,True
3/10/2025 3:00:00 AM,3/9/2025 11:00:00 PM,SERC,WEST,EKPC,EKPC,1446.011,True
3/10/2025 4:00:00 AM,3/10/2025 12:00:00 AM,SERC,WEST,EKPC,EKPC,1473.505,True
3/10/2025 5:00:00 AM,3/10/2025 1:00:00 AM,SERC,WEST,EKPC,EKPC,1496.041,True
3/10/2025 6:00:00 AM,3/10/2025 2:00:00 AM,SERC,WEST,EKPC,EKPC,1544.676,True
3/10/2025 7:00:00 AM,3/10/2025 3:00:00 AM,SERC,WEST,EKPC,EKPC,1623.939,True
3/10/2025 8:00:00 AM,3/10/2025 4:00:00 AM,SERC,WEST,EKPC,EKPC,1704.252,True
3/10/2025 9:00:00 AM,3/10/2025 5:00:00 AM,SERC,WEST,EKPC,EKPC,1852.575,True
3/10/2025 10:00:00 AM,3/10/2025 6:00:00 AM,SERC,WEST,EKPC,EKPC,2083.501,True
3/10/2025 11:00:00 AM,3/10/2025 7:00:00 AM,SERC,WEST,EKPC,EKPC,2182.144,True
3/10/2025 12:00:00 PM,3/10/2025 8:00:00 AM,SERC,WEST,EKPC,EKPC,2137.030,True
3/10/2025 1:00:00 PM,3/10/2025 9:00:00 AM,SERC,WEST,EKPC,EKPC,1975.609,True
3/10/2025 2:00:00 PM,3/10/2025 10:00:00 AM,SERC,WEST,EKPC,EKPC,1742.838,True
3/10/2025 3:00:00 PM,3/10/2025 11:00:00 AM,SERC,WEST,EKPC,EKPC,1550.581,True
3/10/2025 4:00:00 PM,3/10/2025 12:00:00 PM,SERC,WEST,EKPC,EKPC,1447.788,True
3/10/2025 5:00:00 PM,3/10/2025 1:00:00 PM,SERC,WEST,EKPC,EKPC,1385.187,True
3/10/2025 6:00:00 PM,3/10/2025 2:00:00 PM,SERC,WEST,EKPC,EKPC,1244.549,True
3/10/2025 7:00:00 PM,3/10/2025 3:00:00 PM,SERC,WEST,EKPC,EKPC,1273.208,True
3/10/2025 8:00:00 PM,3/10/2025 4:00:00 PM,SERC,WEST,EKPC,EKPC,1296.059,True
3/10/2025 9:00:00 PM,3/10/2025 5:00:00 PM,SERC,WEST,EKPC,EKPC,1328.498,True
3/10/2025 10:00:00 PM,3/10/2025 6:00:00 PM,SERC,WEST,EKPC,EKPC,1350.380,True
3/10/2025 11:00:00 PM,3/10/2025 7:00:00 PM,SERC,WEST,EKPC,EKPC,1416.562,True
3/11/2025 12:00:00 AM,3/10/2025 8:00:00 PM,SERC,WEST,EKPC,EKPC,1598.981,True
3/11/2025 1:00:00 AM,3/10/2025 9:00:00 PM,SERC,WEST,EKPC,EKPC,1531.872,True
3/11/2025 2:00:00 AM,3/10/2025 10:00:00 PM,SERC,WEST,EKPC,EKPC,1441.995,True
3/11/2025 3:00:00 AM,3/10/2025 11:00:00 PM,SERC,WEST,EKPC,EKPC,1453.028,True
3/11/2025 4:00:00 AM,3/11/2025 12:00:00 AM,SERC,WEST,EKPC,EKPC,1385.816,True
3/11/2025 5:00:00 AM,3/11/2025 1:00:00 AM,SERC,WEST,EKPC,EKPC,1435.735,True
3/11/2025 6:00:00 AM,3/11/2025 2:00:00 AM,SERC,WEST,EKPC,EKPC,1466.662,True
3/11/2025 7:00:00 AM,3/11/2025 3:00:00 AM,SERC,WEST,EKPC,EKPC,1573.233,True
3/11/2025 8:00:00 AM,3/11/2025 4:00:00 AM,SERC,WEST,EKPC,EKPC,1619.994,True
3/11/2025 9:00:00 AM,3/11/2025 5:00:00 AM,SERC,WEST,EKPC,EKPC,1732.710,True
3/11/2025 10:00:00 AM,3/11/2025 6:00:00 AM,SERC,WEST,EKPC,EKPC,1904.977,True
3/11/2025 11:00:00 AM,3/11/2025 7:00:00 AM,SERC,WEST,EKPC,EKPC,1910.271,True
3/11/2025 12:00:00 PM,3/11/2025 8:00:00 AM,SERC,WEST,EKPC,EKPC,1874.129,True
3/11/2025 1:00:00 PM,3/11/2025 9:00:00 AM,SERC,WEST,EKPC,EKPC,1743.376,True
3/11/2025 2:00:00 PM,3/11/2025 10:00:00 AM,SERC,WEST,EKPC,EKPC,1534.689,True
3/11/2025 3:00:00 PM,3/11/2025 11:00:00 AM,SERC,WEST,EKPC,EKPC,1452.049,True
3/11/2025 4:00:00 PM,3/11/2025 12:00:00 PM,SERC,WEST,EKPC,EKPC,1360.139,True
3/11/2025 5:00:00 PM,3/11/2025 1:00:00 PM,SERC,WEST,EKPC,EKPC,1312.310,True
3/11/2025 6:00:00 PM,3/11/2025 2:00:00 PM,SERC,WEST,EKPC,EKPC,1293.490,True
3/11/2025 7:00:00 PM,3/11/2025 3:00:00 PM,SERC,WEST,EKPC,EKPC,1269.976,True
3/11/2025 8:00:00 PM,3/11/2025 4:00:00 PM,SERC,WEST,EKPC,EKPC,1285.605,True
3/11/2025 9:00:00 PM,3/11/2025 5:00:00 PM,SERC,WEST,EKPC,EKPC,1363.523,True
3/11/2025 10:00:00 PM,3/11/2025 6:00:00 PM,SERC,WEST,EKPC,EKPC,1387.878,True
3/11/2025 11:00:00 PM,3/11/2025 7:00:00 PM,SERC,WEST,EKPC,EKPC,1475.709,True
3/12/2025 12:00:00 AM,3/11/2025 8:00:00 PM,SERC,WEST,EKPC,EKPC,1549.495,True
3/12/2025 1:00:00 AM,3/11/2025 9:00:00 PM,SERC,WEST,EKPC,EKPC,1503.740,True
3/12/2025 2:00:00 AM,3/11/2025 10:00:00 PM,SERC,WEST,EKPC,EKPC,1363.674,True
3/12/2025 3:00:00 AM,3/11/2025 11:00:00 PM,SERC,WEST,EKPC,EKPC,1162.201,True
3/12/2025 4:00:00 AM,3/12/2025 12:00:00 AM,SERC,WEST,EKPC,EKPC,1211.104,True
3/12/2025 5:00:00 AM,3/12/2025 1:00:00 AM,SERC,WEST,EKPC,EKPC,1082.055,True
3/12/2025 6:00:00 AM,3/12/2025 2:00:00 AM,SERC,WEST,EKPC,EKPC,1053.161,True
3/12/2025 7:00:00 AM,3/12/2025 3:00:00 AM,SERC,WEST,EKPC,EKPC,1181.800,True
3/12/2025 8:00:00 AM,3/12/2025 4:00:00 AM,SERC,WEST,EKPC,EKPC,1235.102,True
3/12/2025 9:00:00 AM,3/12/2025 5:00:00 AM,SERC,WEST,EKPC,EKPC,1229.738,True
3/12/2025 10:00:00 AM,3/12/2025 6:00:00 AM,SERC,WEST,EKPC,EKPC,1420.379,True
3/12/2025 11:00:00 AM,3/12/2025 7:00:00 AM,SERC,WEST,EKPC,EKPC,1447.542,True
3/12/2025 12:00:00 PM,3/12/2025 8:00:00 AM,SERC,WEST,EKPC,EKPC,1408.700,True
3/12/2025 1:00:00 PM,3/12/2025 9:00:00 AM,SERC,WEST,EKPC,EKPC,1331.099,True
3/12/2025 2:00:00 PM,3/12/2025 10:00:00 AM,SERC,WEST,EKPC,EKPC,1224.206,True
3/12/2025 3:00:00 PM,3/12/2025 11:00:00 AM,SERC,WEST,EKPC,EKPC,1203.723,True
3/12/2025 4:00:00 PM,3/12/2025 12:00:00 PM,SERC,WEST,EKPC,EKPC,1235.465,True
3/12/2025 5:00:00 PM,3/12/2025 1:00:00 PM,SERC,WEST,EKPC,EKPC,1216.993,True
3/12/2025 6:00:00 PM,3/12/2025 2:00:00 PM,SERC,WEST,EKPC,EKPC,1184.326,True
3/12/2025 7:00:00 PM,3/12/2025 3:00:00 PM,SERC,WEST,EKPC,EKPC,1198.968,True
3/12/2025 8:00:00 PM,3/12/2025 4:00:00 PM,SERC,WEST,EKPC,EKPC,1154.197,True
3/12/2025 9:00:00 PM,3/12/2025 5:00:00 PM,SERC,WEST,EKPC,EKPC,1216.880,True
3/12/2025 10:00:00 PM,3/12/2025 6:00:00 PM,SERC,WEST,EKPC,EKPC,1326.245,True
3/12/2025 11:00:00 PM,3/12/2025 7:00:00 PM,SERC,WEST,EKPC,EKPC,1330.249,True
3/13/2025 12:00:00 AM,3/12/2025 8:00:00 PM,SERC,WEST,EKPC,EKPC,1329.096,True
3/13/2025 1:00:00 AM,3/12/2025 9:00:00 PM,SERC,WEST,EKPC,EKPC,1399.287,True
3/13/2025 2:00:00 AM,3/12/2025 10:00:00 PM,SERC,WEST,EKPC,EKPC,1368.889,True
3/13/2025 3:00:00 AM,3/12/2025 11:00:00 PM,SERC,WEST,EKPC,EKPC,1184.249,True
3/13/2025 4:00:00 AM,3/13/2025 12:00:00 AM,SERC,WEST,EKPC,EKPC,1178.322,True
3/13/2025 5:00:00 AM,3/13/2025 1:00:00 AM,SERC,WEST,EKPC,EKPC,1158.289,True
3/13/2025 6:00:00 AM,3/13/2025 2:00:00 AM,SERC,WEST,EKPC,EKPC,1150.647,True
3/13/2025 7:00:00 AM,3/13/2025 3:00:00 AM,SERC,WEST,EKPC,EKPC,1033.224,True
3/13/2025 8:00:00 AM,3/13/2025 4:00:00 AM,SERC,WEST,EKPC,EKPC,1130.767,True
3/13/2025 9:00:00 AM,3/13/2025 5:00:00 AM,SERC,WEST,EKPC,EKPC,1277.281,True
3/13/2025 10:00:00 AM,3/13/2025 6:00:00 AM,SERC,WEST,EKPC,EKPC,1454.578,True
3/13/2025 11:00:00 AM,3/13/2025 7:00:00 AM,SERC,WEST,EKPC,EKPC,1488.089,True
3/13/2025 12:00:00 PM,3/13/2025 8:00:00 AM,SERC,WEST,EKPC,EKPC,1367.979,True
3/13/2025 1:00:00 PM,3/13/2025 9:00:00 AM,SERC,WEST,EKPC,EKPC,1321.926,True
3/13/2025 2:00:00 PM,3/13/2025 10:00:00 AM,SERC,WEST,EKPC,EKPC,1427.857,True
3/13/2025 3:00:00 PM,3/13/2025 11:00:00 AM,SERC,WEST,EKPC,EKPC,1329.771,True
3/13/2025 4:00:00 PM,3/13/2025 12:00:00 PM,SERC,WEST,EKPC,EKPC,1371.687,True
3/13/2025 5:00:00 PM,3/13/2025 1:00:00 PM,SERC,WEST,EKPC,EKPC,1343.140,True
3/13/2025 6:00:00 PM,3/13/2025 2:00:00 PM,SERC,WEST,EKPC,EKPC,1356.160,True
3/13/2025 7:00:00 PM,3/13/2025 3:00:00 PM,SERC,WEST,EKPC,EKPC,1319.315,True
3/13/2025 8:00:00 PM,3/13/2025 4:00:00 PM,SERC,WEST,EKPC,EKPC,1353.279,True
3/13/2025 9:00:00 PM,3/13/2025 5:00:00 PM,SERC,WEST,EKPC,EKPC,1407.907,True
3/13/2025 10:00:00 PM,3/13/2025 6:00:00 PM,SERC,WEST,EKPC,EKPC,1413.417,True
3/13/2025 11:00:00 PM,3/13/2025 7:00:00 PM,SERC,WEST,EKPC,EKPC,1471.202,True
3/14/2025 12:00:00 AM,3/13/2025 8:00:00 PM,SERC,WEST,EKPC,EKPC,1465.932,True
3/14/2025 1:00:00 AM,3/13/2025 9:00:00 PM,SERC,WEST,EKPC,EKPC,1368.026,True
3/14/2025 2:00:00 AM,3/13/2025 10:00:00 PM,SERC,WEST,EKPC,EKPC,1293.031,True
3/14/2025 3:00:00 AM,3/13/2025 11:00:00 PM,SERC,WEST,EKPC,EKPC,1204.584,True
3/14/2025 4:00:00 AM,3/14/2025 12:00:00 AM,SERC,WEST,EKPC,EKPC,1020.811,True
3/14/2025 5:00:00 AM,3/14/2025 1:00:00 AM,SERC,WEST,EKPC,EKPC,968.587,True
3/14/2025 6:00:00 AM,3/14/2025 2:00:00 AM,SERC,WEST,EKPC,EKPC,967.911,True
3/14/2025 7:00:00 AM,3/14/2025 3:00:00 AM,SERC,WEST,EKPC,EKPC,971.858,True
3/14/2025 8:00:00 AM,3/14/2025 4:00:00 AM,SERC,WEST,EKPC,EKPC,1062.401,True
3/14/2025 9:00:00 AM,3/14/2025 5:00:00 AM,SERC,WEST,EKPC,EKPC,1256.518,True
3/14/2025 10:00:00 AM,3/14/2025 6:00:00 AM,SERC,WEST,EKPC,EKPC,1371.949,True
3/14/2025 11:00:00 AM,3/14/2025 7:00:00 AM,SERC,WEST,EKPC,EKPC,1504.016,True
3/14/2025 12:00:00 PM,3/14/2025 8:00:00 AM,SERC,WEST,EKPC,EKPC,1503.808,True
3/14/2025 1:00:00 PM,3/14/2025 9:00:00 AM,SERC,WEST,EKPC,EKPC,1459.297,True
3/14/2025 2:00:00 PM,3/14/2025 10:00:00 AM,SERC,WEST,EKPC,EKPC,1406.220,True
3/14/2025 3:00:00 PM,3/14/2025 11:00:00 AM,SERC,WEST,EKPC,EKPC,1365.969,True
3/14/2025 4:00:00 PM,3/14/2025 12:00:00 PM,SERC,WEST,EKPC,EKPC,1392.173,True
3/14/2025 5:00:00 PM,3/14/2025 1:00:00 PM,SERC,WEST,EKPC,EKPC,1336.855,True
3/14/2025 6:00:00 PM,3/14/2025 2:00:00 PM,SERC,WEST,EKPC,EKPC,1360.118,True
3/14/2025 7:00:00 PM,3/14/2025 3:00:00 PM,SERC,WEST,EKPC,EKPC,1359.800,True
3/14/2025 8:00:00 PM,3/14/2025 4:00:00 PM,SERC,WEST,EKPC,EKPC,1371.366,True
3/14/2025 9:00:00 PM,3/14/2025 5:00:00 PM,SERC,WEST,EKPC,EKPC,1325.907,True
3/14/2025 10:00:00 PM,3/14/2025 6:00:00 PM,SERC,WEST,EKPC,EKPC,1342.413,True
3/14/2025 11:00:00 PM,3/14/2025 7:00:00 PM,SERC,WEST,EKPC,EKPC,1314.523,True
3/15/2025 12:00:00 AM,3/14/2025 8:00:00 PM,SERC,WEST,EKPC,EKPC,1373.766,True
3/15/2025 1:00:00 AM,3/14/2025 9:00:00 PM,SERC,WEST,EKPC,EKPC,1328.247,True
3/15/2025 2:00:00 AM,3/14/2025 10:00:00 PM,SERC,WEST,EKPC,EKPC,1337.944,True
3/15/2025 3:00:00 AM,3/14/2025 11:00:00 PM,SERC,WEST,EKPC,EKPC,1213.654,True
3/15/2025 4:00:00 AM,3/15/2025 12:00:00 AM,SERC,WEST,EKPC,EKPC,1187.964,True
3/15/2025 5:00:00 AM,3/15/2025 1:00:00 AM,SERC,WEST,EKPC,EKPC,1113.327,True
3/15/2025 6:00:00 AM,3/15/2025 2:00:00 AM,SERC,WEST,EKPC,EKPC,1104.408,True
3/15/2025 7:00:00 AM,3/15/2025 3:00:00 AM,SERC,WEST,EKPC,EKPC,1065.320,True
3/15/2025 8:00:00 AM,3/15/2025 4:00:00 AM,SERC,WEST,EKPC,EKPC,1057.843,True
3/15/2025 9:00:00 AM,3/15/2025 5:00:00 AM,SERC,WEST,EKPC,EKPC,1123.753,True
3/15/2025 10:00:00 AM,3/15/2025 6:00:00 AM,SERC,WEST,EKPC,EKPC,1118.211,True
3/15/2025 11:00:00 AM,3/15/2025 7:00:00 AM,SERC,WEST,EKPC,EKPC,1183.628,True
3/15/2025 12:00:00 PM,3/15/2025 8:00:00 AM,SERC,WEST,EKPC,EKPC,1226.078,True
3/15/2025 1:00:00 PM,3/15/2025 9:00:00 AM,SERC,WEST,EKPC,EKPC,1178.608,True
3/15/2025 2:00:00 PM,3/15/2025 10:00:00 AM,SERC,WEST,EKPC,EKPC,1235.500,True
3/15/2025 3:00:00 PM,3/15/2025 11:00:00 AM,SERC,WEST,EKPC,EKPC,1359.988,True
3/15/2025 4:00:00 PM,3/15/2025 12:00:00 PM,SERC,WEST,EKPC,EKPC,1382.307,True
3/15/2025 5:00:00 PM,3/15/2025 1:00:00 PM,SERC,WEST,EKPC,EKPC,1407.968,True
3/15/2025 6:00:00 PM,3/15/2025 2:00:00 PM,SERC,WEST,EKPC,EKPC,1412.791,True
3/15/2025 7:00:00 PM,3/15/2025 3:00:00 PM,SERC,WEST,EKPC,EKPC,1379.508,True
3/15/2025 8:00:00 PM,3/15/2025 4:00:00 PM,SERC,WEST,EKPC,EKPC,1367.692,True
3/15/2025 9:00:00 PM,3/15/2025 5:00:00 PM,SERC,WEST,EKPC,EKPC,1346.545,True
3/15/2025 10:00:00 PM,3/15/2025 6:00:00 PM,SERC,WEST,EKPC,EKPC,1280.832,True
3/15/2025 11:00:00 PM,3/15/2025 7:00:00 PM,SERC,WEST,EKPC,EKPC,1323.445,True
3/16/2025 12:00:00 AM,3/15/2025 8:00:00 PM,SERC,WEST,EKPC,EKPC,1403.190,True
3/16/2025 1:00:00 AM,3/15/2025 9:00:00 PM,SERC,WEST,EKPC,EKPC,1338.137,True
3/16/2025 2:00:00 AM,3/15/2025 10:00:00 PM,SERC,WEST,EKPC,EKPC,1265.869,True
3/16/2025 3:00:00 AM,3/15/2025 11:00:00 PM,SERC,WEST,EKPC,EKPC,1178.926,True
3/16/2025 4:00:00 AM,3/16/2025 12:00:00 AM,SERC,WEST,EKPC,EKPC,1181.742,True
3/16/2025 5:00:00 AM,3/16/2025 1:00:00 AM,SERC,WEST,EKPC,EKPC,1142.637,True
3/16/2025 6:00:00 AM,3/16/2025 2:00:00 AM,SERC,WEST,EKPC,EKPC,1093.826,True
3/16/2025 7:00:00 AM,3/16/2025 3:00:00 AM,SERC,WEST,EKPC,EKPC,1113.461,True
3/16/2025 8:00:00 AM,3/16/2025 4:00:00 AM,SERC,WEST,EKPC,EKPC,1021.647,True
3/16/2025 9:00:00 AM,3/16/2025 5:00:00 AM,SERC,WEST,EKPC,EKPC,1040.606,True
3/16/2025 10:00:00 AM,3/16/2025 6:00:00 AM,SERC,WEST,EKPC,EKPC,1077.777,True
3/16/2025 11:00:00 AM,3/16/2025 7:00:00 AM,SERC,WEST,EKPC,EKPC,1195.697,True
3/16/2025 12:00:00 PM,3/16/2025 8:00:00 AM,SERC,WEST,EKPC,EKPC,1288.421,True
3/16/2025 1:00:00 PM,3/16/2025 9:00:00 AM,SERC,WEST,EKPC,EKPC,1378.871,True
3/16/2025 2:00:00 PM,3/16/2025 10:00:00 AM,SERC,WEST,EKPC,EKPC,1298.180,True
3/16/2025 3:00:00 PM,3/16/2025 11:00:00 AM,SERC,WEST,EKPC,EKPC,1305.788,True
3/16/2025 4:00:00 PM,3/16/2025 12:00:00 PM,SERC,WEST,EKPC,EKPC,1390.661,True
3/16/2025 5:00:00 PM,3/16/2025 1:00:00 PM,SERC,WEST,EKPC,EKPC,1357.987,True
3/16/2025 6:00:00 PM,3/16/2025 2:00:00 PM,SERC,WEST,EKPC,EKPC,1423.107,True
3/16/2025 7:00:00 PM,3/16/2025 3:00:00 PM,SERC,WEST,EKPC,EKPC,1443.177,True
3/16/2025 8:00:00 PM,3/16/2025 4:00:00 PM,SERC,WEST,EKPC,EKPC,1513.926,True
3/16/2025 9:00:00 PM,3/16/2025 5:00:00 PM,SERC,WEST,EKPC,EKPC,1537.310,True
3/16/2025 10:00:00 PM,3/16/2025 6:00:00 PM,SERC,WEST,EKPC,EKPC,1533.192,True
3/16/2025 11:00:00 PM,3/16/2025 7:00:00 PM,SERC,WEST,EKPC,EKPC,1682.959,True
3/17/2025 12:00:00 AM,3/16/2025 8:00:00 PM,SERC,WEST,EKPC,EKPC,1688.624,True
3/17/2025 1:00:00 AM,3/16/2025 9:00:00 PM,SERC,WEST,EKPC,EKPC,1690.144,True
3/17/2025 2:00:00 AM,3/16/2025 10:00:00 PM,SERC,WEST,EKPC,EKPC,1650.448,True
3/17/2025 3:00:00 AM,3/16/2025 11:00:00 PM,SERC,WEST,EKPC,EKPC,1583.380,True
3/17/2025 4:00:00 AM,3/17/2025 12:00:00 AM,SERC,WEST,EKPC,EKPC,1467.550,True
3/17/2025 5:00:00 AM,3/17/2025 1:00:00 AM,SERC,WEST,EKPC,EKPC,1508.599,True
3/17/2025 6:00:00 AM,3/17/2025 2:00:00 AM,SERC,WEST,EKPC,EKPC,1505.387,True
3/17/2025 7:00:00 AM,3/17/2025 3:00:00 AM,SERC,WEST,EKPC,EKPC,1599.143,True
3/17/2025 8:00:00 AM,3/17/2025 4:00:00 AM,SERC,WEST,EKPC,EKPC,1690.824,True
3/17/2025 9:00:00 AM,3/17/2025 5:00:00 AM,SERC,WEST,EKPC,EKPC,1846.136,True
3/17/2025 10:00:00 AM,3/17/2025 6:00:00 AM,SERC,WEST,EKPC,EKPC,1947.957,True
3/17/2025 11:00:00 AM,3/17/2025 7:00:00 AM,SERC,WEST,EKPC,EKPC,2089.231,True
3/17/2025 12:00:00 PM,3/17/2025 8:00:00 AM,SERC,WEST,EKPC,EKPC,2064.103,True
3/17/2025 1:00:00 PM,3/17/2025 9:00:00 AM,SERC,WEST,EKPC,EKPC,2068.674,True
3/17/2025 2:00:00 PM,3/17/2025 10:00:00 AM,SERC,WEST,EKPC,EKPC,1995.887,True
3/17/2025 3:00:00 PM,3/17/2025 11:00:00 AM,SERC,WEST,EKPC,EKPC,1856.411,True
3/17/2025 4:00:00 PM,3/17/2025 12:00:00 PM,SERC,WEST,EKPC,EKPC,1813.219,True
3/17/2025 5:00:00 PM,3/17/2025 1:00:00 PM,SERC,WEST,EKPC,EKPC,1653.790,True
3/17/2025 6:00:00 PM,3/17/2025 2:00:00 PM,SERC,WEST,EKPC,EKPC,1616.873,True
3/17/2025 7:00:00 PM,3/17/2025 3:00:00 PM,SERC,WEST,EKPC,EKPC,1554.905,True
3/17/2025 8:00:00 PM,3/17/2025 4:00:00 PM,SERC,WEST,EKPC,EKPC,1414.571,True
3/17/2025 9:00:00 PM,3/17/2025 5:00:00 PM,SERC,WEST,EKPC,EKPC,1383.323,True
3/17/2025 10:00:00 PM,3/17/2025 6:00:00 PM,SERC,WEST,EKPC,EKPC,1471.049,True
3/17/2025 11:00:00 PM,3/17/2025 7:00:00 PM,SERC,WEST,EKPC,EKPC,1613.876,True
3/18/2025 12:00:00 AM,3/17/2025 8:00:00 PM,SERC,WEST,EKPC,EKPC,1753.426,True
3/18/2025 1:00:00 AM,3/17/2025 9:00:00 PM,SERC,WEST,EKPC,EKPC,1778.504,True
3/18/2025 2:00:00 AM,3/17/2025 10:00:00 PM,SERC,WEST,EKPC,EKPC,1759.421,True
3/18/2025 3:00:00 AM,3/17/2025 11:00:00 PM,SERC,WEST,EKPC,EKPC,1704.907,True
3/18/2025 4:00:00 AM,3/18/2025 12:00:00 AM,SERC,WEST,EKPC,EKPC,1697.743,True
3/18/2025 5:00:00 AM,3/18/2025 1:00:00 AM,SERC,WEST,EKPC,EKPC,1677.062,True
3/18/2025 6:00:00 AM,3/18/2025 2:00:00 AM,SERC,WEST,EKPC,EKPC,1690.358,True
3/18/2025 7:00:00 AM,3/18/2025 3:00:00 AM,SERC,WEST,EKPC,EKPC,1733.162,True
3/18/2025 8:00:00 AM,3/18/2025 4:00:00 AM,SERC,WEST,EKPC,EKPC,1797.672,True
3/18/2025 9:00:00 AM,3/18/2025 5:00:00 AM,SERC,WEST,EKPC,EKPC,1903.969,True
3/18/2025 10:00:00 AM,3/18/2025 6:00:00 AM,SERC,WEST,EKPC,EKPC,2082.821,True
3/18/2025 11:00:00 AM,3/18/2025 7:00:00 AM,SERC,WEST,EKPC,EKPC,2145.360,True
3/18/2025 12:00:00 PM,3/18/2025 8:00:00 AM,SERC,WEST,EKPC,EKPC,2057.672,True
3/18/2025 1:00:00 PM,3/18/2025 9:00:00 AM,SERC,WEST,EKPC,EKPC,1867.037,True
3/18/2025 2:00:00 PM,3/18/2025 10:00:00 AM,SERC,WEST,EKPC,EKPC,1688.577,True
3/18/2025 3:00:00 PM,3/18/2025 11:00:00 AM,SERC,WEST,EKPC,EKPC,1574.207,True
3/18/2025 4:00:00 PM,3/18/2025 12:00:00 PM,SERC,WEST,EKPC,EKPC,1368.946,True
3/18/2025 5:00:00 PM,3/18/2025 1:00:00 PM,SERC,WEST,EKPC,EKPC,1145.077,True
3/18/2025 6:00:00 PM,3/18/2025 2:00:00 PM,SERC,WEST,EKPC,EKPC,1069.811,True
3/18/2025 7:00:00 PM,3/18/2025 3:00:00 PM,SERC,WEST,EKPC,EKPC,1057.879,True
3/18/2025 8:00:00 PM,3/18/2025 4:00:00 PM,SERC,WEST,EKPC,EKPC,1144.301,True
3/18/2025 9:00:00 PM,3/18/2025 5:00:00 PM,SERC,WEST,EKPC,EKPC,1243.410,True
3/18/2025 10:00:00 PM,3/18/2025 6:00:00 PM,SERC,WEST,EKPC,EKPC,1246.486,True
3/18/2025 11:00:00 PM,3/18/2025 7:00:00 PM,SERC,WEST,EKPC,EKPC,1297.935,True
3/19/2025 12:00:00 AM,3/18/2025 8:00:00 PM,SERC,WEST,EKPC,EKPC,1469.555,True
3/19/2025 1:00:00 AM,3/18/2025 9:00:00 PM,SERC,WEST,EKPC,EKPC,1461.513,True
3/19/2025 2:00:00 AM,3/18/2025 10:00:00 PM,SERC,WEST,EKPC,EKPC,1371.450,True
3/19/2025 3:00:00 AM,3/18/2025 11:00:00 PM,SERC,WEST,EKPC,EKPC,1234.998,True
3/19/2025 4:00:00 AM,3/19/2025 12:00:00 AM,SERC,WEST,EKPC,EKPC,1220.102,True
3/19/2025 5:00:00 AM,3/19/2025 1:00:00 AM,SERC,WEST,EKPC,EKPC,1219.300,True
3/19/2025 6:00:00 AM,3/19/2025 2:00:00 AM,SERC,WEST,EKPC,EKPC,1207.237,True
3/19/2025 7:00:00 AM,3/19/2025 3:00:00 AM,SERC,WEST,EKPC,EKPC,1251.095,True
3/19/2025 8:00:00 AM,3/19/2025 4:00:00 AM,SERC,WEST,EKPC,EKPC,1283.880,True
3/19/2025 9:00:00 AM,3/19/2025 5:00:00 AM,SERC,WEST,EKPC,EKPC,1315.064,True
3/19/2025 10:00:00 AM,3/19/2025 6:00:00 AM,SERC,WEST,EKPC,EKPC,1424.118,True
3/19/2025 11:00:00 AM,3/19/2025 7:00:00 AM,SERC,WEST,EKPC,EKPC,1507.247,True
3/19/2025 12:00:00 PM,3/19/2025 8:00:00 AM,SERC,WEST,EKPC,EKPC,1531.453,True
3/19/2025 1:00:00 PM,3/19/2025 9:00:00 AM,SERC,WEST,EKPC,EKPC,1456.696,True
3/19/2025 2:00:00 PM,3/19/2025 10:00:00 AM,SERC,WEST,EKPC,EKPC,1462.723,True
3/19/2025 3:00:00 PM,3/19/2025 11:00:00 AM,SERC,WEST,EKPC,EKPC,1447.422,True
3/19/2025 4:00:00 PM,3/19/2025 12:00:00 PM,SERC,WEST,EKPC,EKPC,1422.519,True
3/19/2025 5:00:00 PM,3/19/2025 1:00:00 PM,SERC,WEST,EKPC,EKPC,1384.102,True
3/19/2025 6:00:00 PM,3/19/2025 2:00:00 PM,SERC,WEST,EKPC,EKPC,1347.173,True
3/19/2025 7:00:00 PM,3/19/2025 3:00:00 PM,SERC,WEST,EKPC,EKPC,1324.370,True
3/19/2025 8:00:00 PM,3/19/2025 4:00:00 PM,SERC,WEST,EKPC,EKPC,1352.763,True
3/19/2025 9:00:00 PM,3/19/2025 5:00:00 PM,SERC,WEST,EKPC,EKPC,1403.590,True
3/19/2025 10:00:00 PM,3/19/2025 6:00:00 PM,SERC,WEST,EKPC,EKPC,1369.729,True
3/19/2025 11:00:00 PM,3/19/2025 7:00:00 PM,SERC,WEST,EKPC,EKPC,1405.758,True
3/20/2025 12:00:00 AM,3/19/2025 8:00:00 PM,SERC,WEST,EKPC,EKPC,1463.727,True
3/20/2025 1:00:00 AM,3/19/2025 9:00:00 PM,SERC,WEST,EKPC,EKPC,1365.603,True
3/20/2025 2:00:00 AM,3/19/2025 10:00:00 PM,SERC,WEST,EKPC,EKPC,1243.080,True
3/20/2025 3:00:00 AM,3/19/2025 11:00:00 PM,SERC,WEST,EKPC,EKPC,1110.484,True
3/20/2025 4:00:00 AM,3/20/2025 12:00:00 AM,SERC,WEST,EKPC,EKPC,1049.686,True
3/20/2025 5:00:00 AM,3/20/2025 1:00:00 AM,SERC,WEST,EKPC,EKPC,1025.199,True
3/20/2025 6:00:00 AM,3/20/2025 2:00:00 AM,SERC,WEST,EKPC,EKPC,1033.374,True
3/20/2025 7:00:00 AM,3/20/2025 3:00:00 AM,SERC,WEST,EKPC,EKPC,978.549,True
3/20/2025 8:00:00 AM,3/20/2025 4:00:00 AM,SERC,WEST,EKPC,EKPC,1041.811,True
3/20/2025 9:00:00 AM,3/20/2025 5:00:00 AM,SERC,WEST,EKPC,EKPC,1099.730,True
3/20/2025 10:00:00 AM,3/20/2025 6:00:00 AM,SERC,WEST,EKPC,EKPC,1307.406,True
3/20/2025 11:00:00 AM,3/20/2025 7:00:00 AM,SERC,WEST,EKPC,EKPC,1381.785,True
3/20/2025 12:00:00 PM,3/20/2025 8:00:00 AM,SERC,WEST,EKPC,EKPC,1398.438,True
3/20/2025 1:00:00 PM,3/20/2025 9:00:00 AM,SERC,WEST,EKPC,EKPC,1442.460,True
3/20/2025 2:00:00 PM,3/20/2025 10:00:00 AM,SERC,WEST,EKPC,EKPC,1463.658,True
3/20/2025 3:00:00 PM,3/20/2025 11:00:00 AM,SERC,WEST,EKPC,EKPC,1501.343,True
3/20/2025 4:00:00 PM,3/20/2025 12:00:00 PM,SERC,WEST,EKPC,EKPC,1523.265,True
3/20/2025 5:00:00 PM,3/20/2025 1:00:00 PM,SERC,WEST,EKPC,EKPC,1526.681,True
3/20/2025 6:00:00 PM,3/20/2025 2:00:00 PM,SERC,WEST,EKPC,EKPC,1524.621,True
3/20/2025 7:00:00 PM,3/20/2025 3:00:00 PM,SERC,WEST,EKPC,EKPC,1542.879,True
3/20/2025 8:00:00 PM,3/20/2025 4:00:00 PM,SERC,WEST,EKPC,EKPC,1604.741,True
3/20/2025 9:00:00 PM,3/20/2025 5:00:00 PM,SERC,WEST,EKPC,EKPC,1641.238,True
3/20/2025 10:00:00 PM,3/20/2025 6:00:00 PM,SERC,WEST,EKPC,EKPC,1712.755,True
3/20/2025 11:00:00 PM,3/20/2025 7:00:00 PM,SERC,WEST,EKPC,EKPC,1748.839,True
3/21/2025 12:00:00 AM,3/20/2025 8:00:00 PM,SERC,WEST,EKPC,EKPC,1807.439,True
3/21/2025 1:00:00 AM,3/20/2025 9:00:00 PM,SERC,WEST,EKPC,EKPC,1756.719,True
3/21/2025 2:00:00 AM,3/20/2025 10:00:00 PM,SERC,WEST,EKPC,EKPC,1678.136,True
3/21/2025 3:00:00 AM,3/20/2025 11:00:00 PM,SERC,WEST,EKPC,EKPC,1609.687,True
3/21/2025 4:00:00 AM,3/21/2025 12:00:00 AM,SERC,WEST,EKPC,EKPC,1562.287,True
3/21/2025 5:00:00 AM,3/21/2025 1:00:00 AM,SERC,WEST,EKPC,EKPC,1571.591,True
3/21/2025 6:00:00 AM,3/21/2025 2:00:00 AM,SERC,WEST,EKPC,EKPC,1597.021,True
3/21/2025 7:00:00 AM,3/21/2025 3:00:00 AM,SERC,WEST,EKPC,EKPC,1642.825,True
3/21/2025 8:00:00 AM,3/21/2025 4:00:00 AM,SERC,WEST,EKPC,EKPC,1724.231,True
3/21/2025 9:00:00 AM,3/21/2025 5:00:00 AM,SERC,WEST,EKPC,EKPC,1848.611,True
3/21/2025 10:00:00 AM,3/21/2025 6:00:00 AM,SERC,WEST,EKPC,EKPC,2013.745,True
3/21/2025 11:00:00 AM,3/21/2025 7:00:00 AM,SERC,WEST,EKPC,EKPC,2103.799,True
3/21/2025 12:00:00 PM,3/21/2025 8:00:00 AM,SERC,WEST,EKPC,EKPC,2034.339,True
3/21/2025 1:00:00 PM,3/21/2025 9:00:00 AM,SERC,WEST,EKPC,EKPC,1833.363,True
3/21/2025 2:00:00 PM,3/21/2025 10:00:00 AM,SERC,WEST,EKPC,EKPC,1627.310,True
3/21/2025 3:00:00 PM,3/21/2025 11:00:00 AM,SERC,WEST,EKPC,EKPC,1497.885,True
3/21/2025 4:00:00 PM,3/21/2025 12:00:00 PM,SERC,WEST,EKPC,EKPC,1373.687,True
3/21/2025 5:00:00 PM,3/21/2025 1:00:00 PM,SERC,WEST,EKPC,EKPC,1298.348,True
3/21/2025 6:00:00 PM,3/21/2025 2:00:00 PM,SERC,WEST,EKPC,EKPC,1226.592,True
3/21/2025 7:00:00 PM,3/21/2025 3:00:00 PM,SERC,WEST,EKPC,EKPC,1185.473,True
3/21/2025 8:00:00 PM,3/21/2025 4:00:00 PM,SERC,WEST,EKPC,EKPC,1161.949,True
3/21/2025 9:00:00 PM,3/21/2025 5:00:00 PM,SERC,WEST,EKPC,EKPC,1183.600,True
3/21/2025 10:00:00 PM,3/21/2025 6:00:00 PM,SERC,WEST,EKPC,EKPC,1227.586,True
3/21/2025 11:00:00 PM,3/21/2025 7:00:00 PM,SERC,WEST,EKPC,EKPC,1287.982,True
3/22/2025 12:00:00 AM,3/21/2025 8:00:00 PM,SERC,WEST,EKPC,EKPC,1358.247,True
3/22/2025 1:00:00 AM,3/21/2025 9:00:00 PM,SERC,WEST,EKPC,EKPC,1343.497,True
3/22/2025 2:00:00 AM,3/21/2025 10:00:00 PM,SERC,WEST,EKPC,EKPC,1335.770,True
3/22/2025 3:00:00 AM,3/21/2025 11:00:00 PM,SERC,WEST,EKPC,EKPC,1268.626,True
3/22/2025 4:00:00 AM,3/22/2025 12:00:00 AM,SERC,WEST,EKPC,EKPC,1224.747,True
3/22/2025 5:00:00 AM,3/22/2025 1:00:00 AM,SERC,WEST,EKPC,EKPC,1213.856,True
3/22/2025 6:00:00 AM,3/22/2025 2:00:00 AM,SERC,WEST,EKPC,EKPC,1211.293,True
3/22/2025 7:00:00 AM,3/22/2025 3:00:00 AM,SERC,WEST,EKPC,EKPC,1227.897,True
3/22/2025 8:00:00 AM,3/22/2025 4:00:00 AM,SERC,WEST,EKPC,EKPC,1232.953,True
3/22/2025 9:00:00 AM,3/22/2025 5:00:00 AM,SERC,WEST,EKPC,EKPC,1260.147,True
3/22/2025 10:00:00 AM,3/22/2025 6:00:00 AM,SERC,WEST,EKPC,EKPC,1313.979,True
3/22/2025 11:00:00 AM,3/22/2025 7:00:00 AM,SERC,WEST,EKPC,EKPC,1369.971,True
3/22/2025 12:00:00 PM,3/22/2025 8:00:00 AM,SERC,WEST,EKPC,EKPC,1427.030,True
3/22/2025 1:00:00 PM,3/22/2025 9:00:00 AM,SERC,WEST,EKPC,EKPC,1358.051,True
3/22/2025 2:00:00 PM,3/22/2025 10:00:00 AM,SERC,WEST,EKPC,EKPC,1311.702,True
3/22/2025 3:00:00 PM,3/22/2025 11:00:00 AM,SERC,WEST,EKPC,EKPC,1267.857,True
3/22/2025 4:00:00 PM,3/22/2025 12:00:00 PM,SERC,WEST,EKPC,EKPC,1193.537,True
3/22/2025 5:00:00 PM,3/22/2025 1:00:00 PM,SERC,WEST,EKPC,EKPC,1155.871,True
3/22/2025 6:00:00 PM,3/22/2025 2:00:00 PM,SERC,WEST,EKPC,EKPC,1104.566,True
3/22/2025 7:00:00 PM,3/22/2025 3:00:00 PM,SERC,WEST,EKPC,EKPC,1063.610,True
3/22/2025 8:00:00 PM,3/22/2025 4:00:00 PM,SERC,WEST,EKPC,EKPC,1072.810,True
3/22/2025 9:00:00 PM,3/22/2025 5:00:00 PM,SERC,WEST,EKPC,EKPC,1088.398,True
3/22/2025 10:00:00 PM,3/22/2025 6:00:00 PM,SERC,WEST,EKPC,EKPC,1095.871,True
3/22/2025 11:00:00 PM,3/22/2025 7:00:00 PM,SERC,WEST,EKPC,EKPC,1136.102,True
3/23/2025 12:00:00 AM,3/22/2025 8:00:00 PM,SERC,WEST,EKPC,EKPC,1228.258,True
3/23/2025 1:00:00 AM,3/22/2025 9:00:00 PM,SERC,WEST,EKPC,EKPC,1245.749,True
3/23/2025 2:00:00 AM,3/22/2025 10:00:00 PM,SERC,WEST,EKPC,EKPC,1236.601,True
3/23/2025 3:00:00 AM,3/22/2025 11:00:00 PM,SERC,WEST,EKPC,EKPC,1224.954,True
3/23/2025 4:00:00 AM,3/23/2025 12:00:00 AM,SERC,WEST,EKPC,EKPC,1202.501,True
3/23/2025 5:00:00 AM,3/23/2025 1:00:00 AM,SERC,WEST,EKPC,EKPC,1228.463,True
3/23/2025 6:00:00 AM,3/23/2025 2:00:00 AM,SERC,WEST,EKPC,EKPC,1251.279,True
3/23/2025 7:00:00 AM,3/23/2025 3:00:00 AM,SERC,WEST,EKPC,EKPC,1290.983,True
3/23/2025 8:00:00 AM,3/23/2025 4:00:00 AM,SERC,WEST,EKPC,EKPC,1350.692,True
3/23/2025 9:00:00 AM,3/23/2025 5:00:00 AM,SERC,WEST,EKPC,EKPC,1405.479,True
3/23/2025 10:00:00 AM,3/23/2025 6:00:00 AM,SERC,WEST,EKPC,EKPC,1479.863,True
3/23/2025 11:00:00 AM,3/23/2025 7:00:00 AM,SERC,WEST,EKPC,EKPC,1554.616,True
3/23/2025 12:00:00 PM,3/23/2025 8:00:00 AM,SERC,WEST,EKPC,EKPC,1632.461,True
3/23/2025 1:00:00 PM,3/23/2025 9:00:00 AM,SERC,WEST,EKPC,EKPC,1587.178,True
3/23/2025 2:00:00 PM,3/23/2025 10:00:00 AM,SERC,WEST,EKPC,EKPC,1450.028,True
3/23/2025 3:00:00 PM,3/23/2025 11:00:00 AM,SERC,WEST,EKPC,EKPC,1371.554,True
3/23/2025 4:00:00 PM,3/23/2025 12:00:00 PM,SERC,WEST,EKPC,EKPC,1367.173,True
3/23/2025 5:00:00 PM,3/23/2025 1:00:00 PM,SERC,WEST,EKPC,EKPC,1353.198,True
3/23/2025 6:00:00 PM,3/23/2025 2:00:00 PM,SERC,WEST,EKPC,EKPC,1356.504,True
3/23/2025 7:00:00 PM,3/23/2025 3:00:00 PM,SERC,WEST,EKPC,EKPC,1358.640,True
3/23/2025 8:00:00 PM,3/23/2025 4:00:00 PM,SERC,WEST,EKPC,EKPC,1349.493,True
3/23/2025 9:00:00 PM,3/23/2025 5:00:00 PM,SERC,WEST,EKPC,EKPC,1354.211,True
3/23/2025 10:00:00 PM,3/23/2025 6:00:00 PM,SERC,WEST,EKPC,EKPC,1339.265,True
3/23/2025 11:00:00 PM,3/23/2025 7:00:00 PM,SERC,WEST,EKPC,EKPC,1361.222,True
3/24/2025 12:00:00 AM,3/23/2025 8:00:00 PM,SERC,WEST,EKPC,EKPC,1405.475,True
3/24/2025 1:00:00 AM,3/23/2025 9:00:00 PM,SERC,WEST,EKPC,EKPC,1328.405,True
3/24/2025 2:00:00 AM,3/23/2025 10:00:00 PM,SERC,WEST,EKPC,EKPC,1232.266,True
3/24/2025 3:00:00 AM,3/23/2025 11:00:00 PM,SERC,WEST,EKPC,EKPC,1135.674,True
3/24/2025 4:00:00 AM,3/24/2025 12:00:00 AM,SERC,WEST,EKPC,EKPC,1077.153,True
3/24/2025 5:00:00 AM,3/24/2025 1:00:00 AM,SERC,WEST,EKPC,EKPC,1048.315,True
3/24/2025 6:00:00 AM,3/24/2025 2:00:00 AM,SERC,WEST,EKPC,EKPC,1071.336,True
3/24/2025 7:00:00 AM,3/24/2025 3:00:00 AM,SERC,WEST,EKPC,EKPC,1099.025,True
3/24/2025 8:00:00 AM,3/24/2025 4:00:00 AM,SERC,WEST,EKPC,EKPC,1170.987,True
3/24/2025 9:00:00 AM,3/24/2025 5:00:00 AM,SERC,WEST,EKPC,EKPC,1296.760,True
3/24/2025 10:00:00 AM,3/24/2025 6:00:00 AM,SERC,WEST,EKPC,EKPC,1474.279,True
3/24/2025 11:00:00 AM,3/24/2025 7:00:00 AM,SERC,WEST,EKPC,EKPC,1560.747,True
3/24/2025 12:00:00 PM,3/24/2025 8:00:00 AM,SERC,WEST,EKPC,EKPC,1559.776,True
3/24/2025 1:00:00 PM,3/24/2025 9:00:00 AM,SERC,WEST,EKPC,EKPC,1470.222,True
3/24/2025 2:00:00 PM,3/24/2025 10:00:00 AM,SERC,WEST,EKPC,EKPC,1382.279,True
3/24/2025 3:00:00 PM,3/24/2025 11:00:00 AM,SERC,WEST,EKPC,EKPC,1304.339,True
3/24/2025 4:00:00 PM,3/24/2025 12:00:00 PM,SERC,WEST,EKPC,EKPC,1253.321,True
3/24/2025 5:00:00 PM,3/24/2025 1:00:00 PM,SERC,WEST,EKPC,EKPC,1238.124,True
3/24/2025 6:00:00 PM,3/24/2025 2:00:00 PM,SERC,WEST,EKPC,EKPC,1204.397,True
3/24/2025 7:00:00 PM,3/24/2025 3:00:00 PM,SERC,WEST,EKPC,EKPC,1181.332,True
3/24/2025 8:00:00 PM,3/24/2025 4:00:00 PM,SERC,WEST,EKPC,EKPC,1197.562,True
3/24/2025 9:00:00 PM,3/24/2025 5:00:00 PM,SERC,WEST,EKPC,EKPC,1230.933,True
3/24/2025 10:00:00 PM,3/24/2025 6:00:00 PM,SERC,WEST,EKPC,EKPC,1283.015,True
3/24/2025 11:00:00 PM,3/24/2025 7:00:00 PM,SERC,WEST,EKPC,EKPC,1329.780,True
3/25/2025 12:00:00 AM,3/24/2025 8:00:00 PM,SERC,WEST,EKPC,EKPC,1426.808,True
3/25/2025 1:00:00 AM,3/24/2025 9:00:00 PM,SERC,WEST,EKPC,EKPC,1400.513,True
3/25/2025 2:00:00 AM,3/24/2025 10:00:00 PM,SERC,WEST,EKPC,EKPC,1366.290,True
3/25/2025 3:00:00 AM,3/24/2025 11:00:00 PM,SERC,WEST,EKPC,EKPC,1296.944,True
3/25/2025 4:00:00 AM,3/25/2025 12:00:00 AM,SERC,WEST,EKPC,EKPC,1232.094,True
3/25/2025 5:00:00 AM,3/25/2025 1:00:00 AM,SERC,WEST,EKPC,EKPC,1218.087,True
3/25/2025 6:00:00 AM,3/25/2025 2:00:00 AM,SERC,WEST,EKPC,EKPC,1222.983,True
3/25/2025 7:00:00 AM,3/25/2025 3:00:00 AM,SERC,WEST,EKPC,EKPC,1353.760,True
3/25/2025 8:00:00 AM,3/25/2025 4:00:00 AM,SERC,WEST,EKPC,EKPC,1384.318,True
3/25/2025 9:00:00 AM,3/25/2025 5:00:00 AM,SERC,WEST,EKPC,EKPC,1502.025,True
3/25/2025 10:00:00 AM,3/25/2025 6:00:00 AM,SERC,WEST,EKPC,EKPC,1646.614,True
3/25/2025 11:00:00 AM,3/25/2025 7:00:00 AM,SERC,WEST,EKPC,EKPC,1604.041,True
3/25/2025 12:00:00 PM,3/25/2025 8:00:00 AM,SERC,WEST,EKPC,EKPC,1568.071,True
3/25/2025 1:00:00 PM,3/25/2025 9:00:00 AM,SERC,WEST,EKPC,EKPC,1537.656,True
3/25/2025 2:00:00 PM,3/25/2025 10:00:00 AM,SERC,WEST,EKPC,EKPC,1483.802,True
3/25/2025 3:00:00 PM,3/25/2025 11:00:00 AM,SERC,WEST,EKPC,EKPC,1422.791,True
3/25/2025 4:00:00 PM,3/25/2025 12:00:00 PM,SERC,WEST,EKPC,EKPC,1473.651,True
3/25/2025 5:00:00 PM,3/25/2025 1:00:00 PM,SERC,WEST,EKPC,EKPC,1482.318,True
3/25/2025 6:00:00 PM,3/25/2025 2:00:00 PM,SERC,WEST,EKPC,EKPC,1457.880,True
3/25/2025 7:00:00 PM,3/25/2025 3:00:00 PM,SERC,WEST,EKPC,EKPC,1425.000,True
3/25/2025 8:00:00 PM,3/25/2025 4:00:00 PM,SERC,WEST,EKPC,EKPC,1393.726,True
3/25/2025 9:00:00 PM,3/25/2025 5:00:00 PM,SERC,WEST,EKPC,EKPC,1383.072,True
3/25/2025 10:00:00 PM,3/25/2025 6:00:00 PM,SERC,WEST,EKPC,EKPC,1398.090,True
3/25/2025 11:00:00 PM,3/25/2025 7:00:00 PM,SERC,WEST,EKPC,EKPC,1538.660,True
3/26/2025 12:00:00 AM,3/25/2025 8:00:00 PM,SERC,WEST,EKPC,EKPC,1630.846,True
3/26/2025 1:00:00 AM,3/25/2025 9:00:00 PM,SERC,WEST,EKPC,EKPC,1605.908,True
3/26/2025 2:00:00 AM,3/25/2025 10:00:00 PM,SERC,WEST,EKPC,EKPC,1537.525,True
3/26/2025 3:00:00 AM,3/25/2025 11:00:00 PM,SERC,WEST,EKPC,EKPC,1464.050,True
3/26/2025 4:00:00 AM,3/26/2025 12:00:00 AM,SERC,WEST,EKPC,EKPC,1429.345,True
3/26/2025 5:00:00 AM,3/26/2025 1:00:00 AM,SERC,WEST,EKPC,EKPC,1396.331,True
3/26/2025 6:00:00 AM,3/26/2025 2:00:00 AM,SERC,WEST,EKPC,EKPC,1460.868,True
3/26/2025 7:00:00 AM,3/26/2025 3:00:00 AM,SERC,WEST,EKPC,EKPC,1520.807,True
3/26/2025 8:00:00 AM,3/26/2025 4:00:00 AM,SERC,WEST,EKPC,EKPC,1543.954,True
3/26/2025 9:00:00 AM,3/26/2025 5:00:00 AM,SERC,WEST,EKPC,EKPC,1711.337,True
3/26/2025 10:00:00 AM,3/26/2025 6:00:00 AM,SERC,WEST,EKPC,EKPC,1895.982,True
3/26/2025 11:00:00 AM,3/26/2025 7:00:00 AM,SERC,WEST,EKPC,EKPC,1934.840,True
3/26/2025 12:00:00 PM,3/26/2025 8:00:00 AM,SERC,WEST,EKPC,EKPC,1785.782,True
3/26/2025 1:00:00 PM,3/26/2025 9:00:00 AM,SERC,WEST,EKPC,EKPC,1648.469,True
3/26/2025 2:00:00 PM,3/26/2025 10:00:00 AM,SERC,WEST,EKPC,EKPC,1579.644,True
3/26/2025 3:00:00 PM,3/26/2025 11:00:00 AM,SERC,WEST,EKPC,EKPC,1403.580,True
3/26/2025 4:00:00 PM,3/26/2025 12:00:00 PM,SERC,WEST,EKPC,EKPC,1387.576,True
3/26/2025 5:00:00 PM,3/26/2025 1:00:00 PM,SERC,WEST,EKPC,EKPC,1359.646,True
3/26/2025 6:00:00 PM,3/26/2025 2:00:00 PM,SERC,WEST,EKPC,EKPC,1314.284,True
3/26/2025 7:00:00 PM,3/26/2025 3:00:00 PM,SERC,WEST,EKPC,EKPC,1397.937,True
3/26/2025 8:00:00 PM,3/26/2025 4:00:00 PM,SERC,WEST,EKPC,EKPC,1316.166,True
3/26/2025 9:00:00 PM,3/26/2025 5:00:00 PM,SERC,WEST,EKPC,EKPC,1433.295,True
3/26/2025 10:00:00 PM,3/26/2025 6:00:00 PM,SERC,WEST,EKPC,EKPC,1464.884,True
3/26/2025 11:00:00 PM,3/26/2025 7:00:00 PM,SERC,WEST,EKPC,EKPC,1527.383,True
3/27/2025 12:00:00 AM,3/26/2025 8:00:00 PM,SERC,WEST,EKPC,EKPC,1610.107,True
3/27/2025 1:00:00 AM,3/26/2025 9:00:00 PM,SERC,WEST,EKPC,EKPC,1644.534,True
3/27/2025 2:00:00 AM,3/26/2025 10:00:00 PM,SERC,WEST,EKPC,EKPC,1636.226,True
3/27/2025 3:00:00 AM,3/26/2025 11:00:00 PM,SERC,WEST,EKPC,EKPC,1567.985,True
3/27/2025 4:00:00 AM,3/27/2025 12:00:00 AM,SERC,WEST,EKPC,EKPC,1529.252,True
3/27/2025 5:00:00 AM,3/27/2025 1:00:00 AM,SERC,WEST,EKPC,EKPC,1525.089,True
3/27/2025 6:00:00 AM,3/27/2025 2:00:00 AM,SERC,WEST,EKPC,EKPC,1482.711,True
3/27/2025 7:00:00 AM,3/27/2025 3:00:00 AM,SERC,WEST,EKPC,EKPC,1525.696,True
3/27/2025 8:00:00 AM,3/27/2025 4:00:00 AM,SERC,WEST,EKPC,EKPC,1697.910,True
3/27/2025 9:00:00 AM,3/27/2025 5:00:00 AM,SERC,WEST,EKPC,EKPC,1788.231,True
3/27/2025 10:00:00 AM,3/27/2025 6:00:00 AM,SERC,WEST,EKPC,EKPC,1790.788,True
3/27/2025 11:00:00 AM,3/27/2025 7:00:00 AM,SERC,WEST,EKPC,EKPC,1770.407,True
3/27/2025 12:00:00 PM,3/27/2025 8:00:00 AM,SERC,WEST,EKPC,EKPC,1715.108,True
3/27/2025 1:00:00 PM,3/27/2025 9:00:00 AM,SERC,WEST,EKPC,EKPC,1570.638,True
3/27/2025 2:00:00 PM,3/27/2025 10:00:00 AM,SERC,WEST,EKPC,EKPC,1418.059,True
3/27/2025 3:00:00 PM,3/27/2025 11:00:00 AM,SERC,WEST,EKPC,EKPC,1364.959,True
3/27/2025 4:00:00 PM,3/27/2025 12:00:00 PM,SERC,WEST,EKPC,EKPC,1311.058,True
3/27/2025 5:00:00 PM,3/27/2025 1:00:00 PM,SERC,WEST,EKPC,EKPC,1270.156,True
3/27/2025 6:00:00 PM,3/27/2025 2:00:00 PM,SERC,WEST,EKPC,EKPC,1280.366,True
3/27/2025 7:00:00 PM,3/27/2025 3:00:00 PM,SERC,WEST,EKPC,EKPC,1202.765,True
3/27/2025 8:00:00 PM,3/27/2025 4:00:00 PM,SERC,WEST,EKPC,EKPC,1263.561,True
3/27/2025 9:00:00 PM,3/27/2025 5:00:00 PM,SERC,WEST,EKPC,EKPC,1375.437,True
3/27/2025 10:00:00 PM,3/27/2025 6:00:00 PM,SERC,WEST,EKPC,EKPC,1356.226,True
3/27/2025 11:00:00 PM,3/27/2025 7:00:00 PM,SERC,WEST,EKPC,EKPC,1326.648,True
3/28/2025 12:00:00 AM,3/27/2025 8:00:00 PM,SERC,WEST,EKPC,EKPC,1390.527,True
3/28/2025 1:00:00 AM,3/27/2025 9:00:00 PM,SERC,WEST,EKPC,EKPC,1369.130,True
3/28/2025 2:00:00 AM,3/27/2025 10:00:00 PM,SERC,WEST,EKPC,EKPC,1357.617,True
3/28/2025 3:00:00 AM,3/27/2025 11:00:00 PM,SERC,WEST,EKPC,EKPC,1298.104,True
3/28/2025 4:00:00 AM,3/28/2025 12:00:00 AM,SERC,WEST,EKPC,EKPC,1255.587,True
3/28/2025 5:00:00 AM,3/28/2025 1:00:00 AM,SERC,WEST,EKPC,EKPC,1120.213,True
3/28/2025 6:00:00 AM,3/28/2025 2:00:00 AM,SERC,WEST,EKPC,EKPC,1172.637,True
3/28/2025 7:00:00 AM,3/28/2025 3:00:00 AM,SERC,WEST,EKPC,EKPC,1194.589,True
3/28/2025 8:00:00 AM,3/28/2025 4:00:00 AM,SERC,WEST,EKPC,EKPC,1264.206,True
3/28/2025 9:00:00 AM,3/28/2025 5:00:00 AM,SERC,WEST,EKPC,EKPC,1362.713,True
3/28/2025 10:00:00 AM,3/28/2025 6:00:00 AM,SERC,WEST,EKPC,EKPC,1484.240,True
3/28/2025 11:00:00 AM,3/28/2025 7:00:00 AM,SERC,WEST,EKPC,EKPC,1520.611,True
3/28/2025 12:00:00 PM,3/28/2025 8:00:00 AM,SERC,WEST,EKPC,EKPC,1473.605,True
3/28/2025 1:00:00 PM,3/28/2025 9:00:00 AM,SERC,WEST,EKPC,EKPC,1387.250,True
3/28/2025 2:00:00 PM,3/28/2025 10:00:00 AM,SERC,WEST,EKPC,EKPC,1352.036,True
3/28/2025 3:00:00 PM,3/28/2025 11:00:00 AM,SERC,WEST,EKPC,EKPC,1331.463,True
3/28/2025 4:00:00 PM,3/28/2025 12:00:00 PM,SERC,WEST,EKPC,EKPC,1313.741,True
3/28/2025 5:00:00 PM,3/28/2025 1:00:00 PM,SERC,WEST,EKPC,EKPC,1175.657,True
3/28/2025 6:00:00 PM,3/28/2025 2:00:00 PM,SERC,WEST,EKPC,EKPC,1305.638,True
3/28/2025 7:00:00 PM,3/28/2025 3:00:00 PM,SERC,WEST,EKPC,EKPC,1320.408,True
3/28/2025 8:00:00 PM,3/28/2025 4:00:00 PM,SERC,WEST,EKPC,EKPC,1297.811,True
3/28/2025 9:00:00 PM,3/28/2025 5:00:00 PM,SERC,WEST,EKPC,EKPC,1393.001,True
3/28/2025 10:00:00 PM,3/28/2025 6:00:00 PM,SERC,WEST,EKPC,EKPC,1423.247,True
3/28/2025 11:00:00 PM,3/28/2025 7:00:00 PM,SERC,WEST,EKPC,EKPC,1418.765,True
3/29/2025 12:00:00 AM,3/28/2025 8:00:00 PM,SERC,WEST,EKPC,EKPC,1442.511,True
3/29/2025 1:00:00 AM,3/28/2025 9:00:00 PM,SERC,WEST,EKPC,EKPC,1386.537,True
3/29/2025 2:00:00 AM,3/28/2025 10:00:00 PM,SERC,WEST,EKPC,EKPC,1291.635,True
3/29/2025 3:00:00 AM,3/28/2025 11:00:00 PM,SERC,WEST,EKPC,EKPC,1206.544,True
3/29/2025 4:00:00 AM,3/29/2025 12:00:00 AM,SERC,WEST,EKPC,EKPC,1173.796,True
3/29/2025 5:00:00 AM,3/29/2025 1:00:00 AM,SERC,WEST,EKPC,EKPC,1087.796,True
3/29/2025 6:00:00 AM,3/29/2025 2:00:00 AM,SERC,WEST,EKPC,EKPC,1113.112,True
3/29/2025 7:00:00 AM,3/29/2025 3:00:00 AM,SERC,WEST,EKPC,EKPC,1055.814,True
3/29/2025 8:00:00 AM,3/29/2025 4:00:00 AM,SERC,WEST,EKPC,EKPC,961.597,True
3/29/2025 9:00:00 AM,3/29/2025 5:00:00 AM,SERC,WEST,EKPC,EKPC,1035.876,True
3/29/2025 10:00:00 AM,3/29/2025 6:00:00 AM,SERC,WEST,EKPC,EKPC,1125.174,True
3/29/2025 11:00:00 AM,3/29/2025 7:00:00 AM,SERC,WEST,EKPC,EKPC,1177.041,True
3/29/2025 12:00:00 PM,3/29/2025 8:00:00 AM,SERC,WEST,EKPC,EKPC,1249.527,True
3/29/2025 1:00:00 PM,3/29/2025 9:00:00 AM,SERC,WEST,EKPC,EKPC,1328.242,True
3/29/2025 2:00:00 PM,3/29/2025 10:00:00 AM,SERC,WEST,EKPC,EKPC,1365.187,True
3/29/2025 3:00:00 PM,3/29/2025 11:00:00 AM,SERC,WEST,EKPC,EKPC,1323.860,True
3/29/2025 4:00:00 PM,3/29/2025 12:00:00 PM,SERC,WEST,EKPC,EKPC,1164.019,True
3/29/2025 5:00:00 PM,3/29/2025 1:00:00 PM,SERC,WEST,EKPC,EKPC,1235.502,True
3/29/2025 6:00:00 PM,3/29/2025 2:00:00 PM,SERC,WEST,EKPC,EKPC,1315.950,True
3/29/2025 7:00:00 PM,3/29/2025 3:00:00 PM,SERC,WEST,EKPC,EKPC,1218.982,True
3/29/2025 8:00:00 PM,3/29/2025 4:00:00 PM,SERC,WEST,EKPC,EKPC,1193.457,True
3/29/2025 9:00:00 PM,3/29/2025 5:00:00 PM,SERC,WEST,EKPC,EKPC,1272.703,True
3/29/2025 10:00:00 PM,3/29/2025 6:00:00 PM,SERC,WEST,EKPC,EKPC,1278.781,True
3/29/2025 11:00:00 PM,3/29/2025 7:00:00 PM,SERC,WEST,EKPC,EKPC,1385.022,True
3/30/2025 12:00:00 AM,3/29/2025 8:00:00 PM,SERC,WEST,EKPC,EKPC,1415.637,True
3/30/2025 1:00:00 AM,3/29/2025 9:00:00 PM,SERC,WEST,EKPC,EKPC,1391.575,True
3/30/2025 2:00:00 AM,3/29/2025 10:00:00 PM,SERC,WEST,EKPC,EKPC,1315.766,True
3/30/2025 3:00:00 AM,3/29/2025 11:00:00 PM,SERC,WEST,EKPC,EKPC,1237.814,True
3/30/2025 4:00:00 AM,3/30/2025 12:00:00 AM,SERC,WEST,EKPC,EKPC,1074.065,True
3/30/2025 5:00:00 AM,3/30/2025 1:00:00 AM,SERC,WEST,EKPC,EKPC,1075.957,True
3/30/2025 6:00:00 AM,3/30/2025 2:00:00 AM,SERC,WEST,EKPC,EKPC,1005.065,True
3/30/2025 7:00:00 AM,3/30/2025 3:00:00 AM,SERC,WEST,EKPC,EKPC,1022.236,True
3/30/2025 8:00:00 AM,3/30/2025 4:00:00 AM,SERC,WEST,EKPC,EKPC,1021.617,True
3/30/2025 9:00:00 AM,3/30/2025 5:00:00 AM,SERC,WEST,EKPC,EKPC,1069.506,True
3/30/2025 10:00:00 AM,3/30/2025 6:00:00 AM,SERC,WEST,EKPC,EKPC,1103.484,True
3/30/2025 11:00:00 AM,3/30/2025 7:00:00 AM,SERC,WEST,EKPC,EKPC,1116.759,True
3/30/2025 12:00:00 PM,3/30/2025 8:00:00 AM,SERC,WEST,EKPC,EKPC,1232.604,True
3/30/2025 1:00:00 PM,3/30/2025 9:00:00 AM,SERC,WEST,EKPC,EKPC,1286.553,True
3/30/2025 2:00:00 PM,3/30/2025 10:00:00 AM,SERC,WEST,EKPC,EKPC,1353.546,True
3/30/2025 3:00:00 PM,3/30/2025 11:00:00 AM,SERC,WEST,EKPC,EKPC,1327.128,True
3/30/2025 4:00:00 PM,3/30/2025 12:00:00 PM,SERC,WEST,EKPC,EKPC,1342.259,True
3/30/2025 5:00:00 PM,3/30/2025 1:00:00 PM,SERC,WEST,EKPC,EKPC,1300.862,True
3/30/2025 6:00:00 PM,3/30/2025 2:00:00 PM,SERC,WEST,EKPC,EKPC,1301.978,True
3/30/2025 7:00:00 PM,3/30/2025 3:00:00 PM,SERC,WEST,EKPC,EKPC,1391.158,True
3/30/2025 8:00:00 PM,3/30/2025 4:00:00 PM,SERC,WEST,EKPC,EKPC,1388.560,True
3/30/2025 9:00:00 PM,3/30/2025 5:00:00 PM,SERC,WEST,EKPC,EKPC,1465.439,True
3/30/2025 10:00:00 PM,3/30/2025 6:00:00 PM,SERC,WEST,EKPC,EKPC,1452.364,True
3/30/2025 11:00:00 PM,3/30/2025 7:00:00 PM,SERC,WEST,EKPC,EKPC,1459.207,True
3/31/2025 12:00:00 AM,3/30/2025 8:00:00 PM,SERC,WEST,EKPC,EKPC,1525.247,True
3/31/2025 1:00:00 AM,3/30/2025 9:00:00 PM,SERC,WEST,EKPC,EKPC,1428.611,True
3/31/2025 2:00:00 AM,3/30/2025 10:00:00 PM,SERC,WEST,EKPC,EKPC,1353.419,True
3/31/2025 3:00:00 AM,3/30/2025 11:00:00 PM,SERC,WEST,EKPC,EKPC,1239.081,True
3/31/2025 4:00:00 AM,3/31/2025 12:00:00 AM,SERC,WEST,EKPC,EKPC,1156.337,True
3/31/2025 5:00:00 AM,3/31/2025 1:00:00 AM,SERC,WEST,EKPC,EKPC,1125.327,True
3/31/2025 6:00:00 AM,3/31/2025 2:00:00 AM,SERC,WEST,EKPC,EKPC,1035.338,True
3/31/2025 7:00:00 AM,3/31/2025 3:00:00 AM,SERC,WEST,EKPC,EKPC,994.964,True
3/31/2025 8:00:00 AM,3/31/2025 4:00:00 AM,SERC,WEST,EKPC,EKPC,1035.736,True
3/31/2025 9:00:00 AM,3/31/2025 5:00:00 AM,SERC,WEST,EKPC,EKPC,1072.279,True
3/31/2025 10:00:00 AM,3/31/2025 6:00:00 AM,SERC,WEST,EKPC,EKPC,1173.158,True
3/31/2025 11:00:00 AM,3/31/2025 7:00:00 AM,SERC,WEST,EKPC,EKPC,1259.525,True
3/31/2025 12:00:00 PM,3/31/2025 8:00:00 AM,SERC,WEST,EKPC,EKPC,1303.185,True
3/31/2025 1:00:00 PM,3/31/2025 9:00:00 AM,SERC,WEST,EKPC,EKPC,1363.803,True
3/31/2025 2:00:00 PM,3/31/2025 10:00:00 AM,SERC,WEST,EKPC,EKPC,1318.816,True
3/31/2025 3:00:00 PM,3/31/2025 11:00:00 AM,SERC,WEST,EKPC,EKPC,1270.631,True
3/31/2025 4:00:00 PM,3/31/2025 12:00:00 PM,SERC,WEST,EKPC,EKPC,1481.924,True
3/31/2025 5:00:00 PM,3/31/2025 1:00:00 PM,SERC,WEST,EKPC,EKPC,1452.772,True
3/31/2025 6:00:00 PM,3/31/2025 2:00:00 PM,SERC,WEST,EKPC,EKPC,1465.780,True
3/31/2025 7:00:00 PM,3/31/2025 3:00:00 PM,SERC,WEST,EKPC,EKPC,1476.721,True
3/31/2025 8:00:00 PM,3/31/2025 4:00:00 PM,SERC,WEST,EKPC,EKPC,1457.396,True
3/31/2025 9:00:00 PM,3/31/2025 5:00:00 PM,SERC,WEST,EKPC,EKPC,1585.431,True
3/31/2025 10:00:00 PM,3/31/2025 6:00:00 PM,SERC,WEST,EKPC,EKPC,1626.135,True
3/31/2025 11:00:00 PM,3/31/2025 7:00:00 PM,SERC,WEST,EKPC,EKPC,1654.237,True
4/1/2025 12:00:00 AM,3/31/2025 8:00:00 PM,SERC,WEST,EKPC,EKPC,1698.964,True
4/1/2025 1:00:00 AM,3/31/2025 9:00:00 PM,SERC,WEST,EKPC,EKPC,1658.932,True
4/1/2025 2:00:00 AM,3/31/2025 10:00:00 PM,SERC,WEST,EKPC,EKPC,1504.235,True
4/1/2025 3:00:00 AM,3/31/2025 11:00:00 PM,SERC,WEST,EKPC,EKPC,1378.487,True
4/1/2025 4:00:00 AM,4/1/2025 12:00:00 AM,SERC,WEST,EKPC,EKPC,1299.401,True
4/1/2025 5:00:00 AM,4/1/2025 1:00:00 AM,SERC,WEST,EKPC,EKPC,1329.761,True
4/1/2025 6:00:00 AM,4/1/2025 2:00:00 AM,SERC,WEST,EKPC,EKPC,1434.123,True
4/1/2025 7:00:00 AM,4/1/2025 3:00:00 AM,SERC,WEST,EKPC,EKPC,1458.371,True
4/1/2025 8:00:00 AM,4/1/2025 4:00:00 AM,SERC,WEST,EKPC,EKPC,1501.979,True
4/1/2025 9:00:00 AM,4/1/2025 5:00:00 AM,SERC,WEST,EKPC,EKPC,1577.479,True
4/1/2025 10:00:00 AM,4/1/2025 6:00:00 AM,SERC,WEST,EKPC,EKPC,1624.162,True
4/1/2025 11:00:00 AM,4/1/2025 7:00:00 AM,SERC,WEST,EKPC,EKPC,1755.066,True
4/1/2025 12:00:00 PM,4/1/2025 8:00:00 AM,SERC,WEST,EKPC,EKPC,1781.093,True
4/1/2025 1:00:00 PM,4/1/2025 9:00:00 AM,SERC,WEST,EKPC,EKPC,1713.815,True
4/1/2025 2:00:00 PM,4/1/2025 10:00:00 AM,SERC,WEST,EKPC,EKPC,1675.963,True
4/1/2025 3:00:00 PM,4/1/2025 11:00:00 AM,SERC,WEST,EKPC,EKPC,1558.919,True
4/1/2025 4:00:00 PM,4/1/2025 12:00:00 PM,SERC,WEST,EKPC,EKPC,1543.263,True
4/1/2025 5:00:00 PM,4/1/2025 1:00:00 PM,SERC,WEST,EKPC,EKPC,1370.118,True
4/1/2025 6:00:00 PM,4/1/2025 2:00:00 PM,SERC,WEST,EKPC,EKPC,1388.402,True
4/1/2025 7:00:00 PM,4/1/2025 3:00:00 PM,SERC,WEST,EKPC,EKPC,1366.430,True
4/1/2025 8:00:00 PM,4/1/2025 4:00:00 PM,SERC,WEST,EKPC,EKPC,1387.622,True
4/1/2025 9:00:00 PM,4/1/2025 5:00:00 PM,SERC,WEST,EKPC,EKPC,1389.260,True
4/1/2025 10:00:00 PM,4/1/2025 6:00:00 PM,SERC,WEST,EKPC,EKPC,1391.290,True
4/1/2025 11:00:00 PM,4/1/2025 7:00:00 PM,SERC,WEST,EKPC,EKPC,1396.438,True
4/2/2025 12:00:00 AM,4/1/2025 8:00:00 PM,SERC,WEST,EKPC,EKPC,1507.869,True
4/2/2025 1:00:00 AM,4/1/2025 9:00:00 PM,SERC,WEST,EKPC,EKPC,1547.049,True
4/2/2025 2:00:00 AM,4/1/2025 10:00:00 PM,SERC,WEST,EKPC,EKPC,1436.279,True
4/2/2025 3:00:00 AM,4/1/2025 11:00:00 PM,SERC,WEST,EKPC,EKPC,1391.941,True
4/2/2025 4:00:00 AM,4/2/2025 12:00:00 AM,SERC,WEST,EKPC,EKPC,1335.946,True
4/2/2025 5:00:00 AM,4/2/2025 1:00:00 AM,SERC,WEST,EKPC,EKPC,1230.191,True
4/2/2025 6:00:00 AM,4/2/2025 2:00:00 AM,SERC,WEST,EKPC,EKPC,1279.281,True
4/2/2025 7:00:00 AM,4/2/2025 3:00:00 AM,SERC,WEST,EKPC,EKPC,1159.555,True
4/2/2025 8:00:00 AM,4/2/2025 4:00:00 AM,SERC,WEST,EKPC,EKPC,1196.908,True
4/2/2025 9:00:00 AM,4/2/2025 5:00:00 AM,SERC,WEST,EKPC,EKPC,1251.017,True
4/2/2025 10:00:00 AM,4/2/2025 6:00:00 AM,SERC,WEST,EKPC,EKPC,1350.124,True
4/2/2025 11:00:00 AM,4/2/2025 7:00:00 AM,SERC,WEST,EKPC,EKPC,1377.705,True
4/2/2025 12:00:00 PM,4/2/2025 8:00:00 AM,SERC,WEST,EKPC,EKPC,1322.463,True
4/2/2025 1:00:00 PM,4/2/2025 9:00:00 AM,SERC,WEST,EKPC,EKPC,1260.176,True
4/2/2025 2:00:00 PM,4/2/2025 10:00:00 AM,SERC,WEST,EKPC,EKPC,1176.562,True
4/2/2025 3:00:00 PM,4/2/2025 11:00:00 AM,SERC,WEST,EKPC,EKPC,1154.732,True
4/2/2025 4:00:00 PM,4/2/2025 12:00:00 PM,SERC,WEST,EKPC,EKPC,1173.661,True
4/2/2025 5:00:00 PM,4/2/2025 1:00:00 PM,SERC,WEST,EKPC,EKPC,1192.416,True
4/2/2025 6:00:00 PM,4/2/2025 2:00:00 PM,SERC,WEST,EKPC,EKPC,1231.972,True
4/2/2025 7:00:00 PM,4/2/2025 3:00:00 PM,SERC,WEST,EKPC,EKPC,1346.698,True
4/2/2025 8:00:00 PM,4/2/2025 4:00:00 PM,SERC,WEST,EKPC,EKPC,1346.949,True
4/2/2025 9:00:00 PM,4/2/2025 5:00:00 PM,SERC,WEST,EKPC,EKPC,1474.258,True
4/2/2025 10:00:00 PM,4/2/2025 6:00:00 PM,SERC,WEST,EKPC,EKPC,1534.413,True
4/2/2025 11:00:00 PM,4/2/2025 7:00:00 PM,SERC,WEST,EKPC,EKPC,1400.687,True
4/3/2025 12:00:00 AM,4/2/2025 8:00:00 PM,SERC,WEST,EKPC,EKPC,1601.944,True
4/3/2025 1:00:00 AM,4/2/2025 9:00:00 PM,SERC,WEST,EKPC,EKPC,1606.776,True
4/3/2025 2:00:00 AM,4/2/2025 10:00:00 PM,SERC,WEST,EKPC,EKPC,1507.509,True
4/3/2025 3:00:00 AM,4/2/2025 11:00:00 PM,SERC,WEST,EKPC,EKPC,1409.762,True
4/3/2025 4:00:00 AM,4/3/2025 12:00:00 AM,SERC,WEST,EKPC,EKPC,1161.043,True
4/3/2025 5:00:00 AM,4/3/2025 1:00:00 AM,SERC,WEST,EKPC,EKPC,1080.367,True
4/3/2025 6:00:00 AM,4/3/2025 2:00:00 AM,SERC,WEST,EKPC,EKPC,1010.798,True
4/3/2025 7:00:00 AM,4/3/2025 3:00:00 AM,SERC,WEST,EKPC,EKPC,989.570,True
4/3/2025 8:00:00 AM,4/3/2025 4:00:00 AM,SERC,WEST,EKPC,EKPC,985.559,True
4/3/2025 9:00:00 AM,4/3/2025 5:00:00 AM,SERC,WEST,EKPC,EKPC,1010.443,True
4/3/2025 10:00:00 AM,4/3/2025 6:00:00 AM,SERC,WEST,EKPC,EKPC,1065.795,True
4/3/2025 11:00:00 AM,4/3/2025 7:00:00 AM,SERC,WEST,EKPC,EKPC,1188.514,True
4/3/2025 12:00:00 PM,4/3/2025 8:00:00 AM,SERC,WEST,EKPC,EKPC,1249.249,True
4/3/2025 1:00:00 PM,4/3/2025 9:00:00 AM,SERC,WEST,EKPC,EKPC,1250.923,True
4/3/2025 2:00:00 PM,4/3/2025 10:00:00 AM,SERC,WEST,EKPC,EKPC,1344.173,True
4/3/2025 3:00:00 PM,4/3/2025 11:00:00 AM,SERC,WEST,EKPC,EKPC,1405.681,True
4/3/2025 4:00:00 PM,4/3/2025 12:00:00 PM,SERC,WEST,EKPC,EKPC,1456.845,True
4/3/2025 5:00:00 PM,4/3/2025 1:00:00 PM,SERC,WEST,EKPC,EKPC,1461.776,True
4/3/2025 6:00:00 PM,4/3/2025 2:00:00 PM,SERC,WEST,EKPC,EKPC,1401.700,True
4/3/2025 7:00:00 PM,4/3/2025 3:00:00 PM,SERC,WEST,EKPC,EKPC,1445.712,True
4/3/2025 8:00:00 PM,4/3/2025 4:00:00 PM,SERC,WEST,EKPC,EKPC,1474.830,True
4/3/2025 9:00:00 PM,4/3/2025 5:00:00 PM,SERC,WEST,EKPC,EKPC,1484.162,True
4/3/2025 10:00:00 PM,4/3/2025 6:00:00 PM,SERC,WEST,EKPC,EKPC,1505.325,True
4/3/2025 11:00:00 PM,4/3/2025 7:00:00 PM,SERC,WEST,EKPC,EKPC,1493.019,True
4/4/2025 12:00:00 AM,4/3/2025 8:00:00 PM,SERC,WEST,EKPC,EKPC,1511.742,True
4/4/2025 1:00:00 AM,4/3/2025 9:00:00 PM,SERC,WEST,EKPC,EKPC,1444.244,True
4/4/2025 2:00:00 AM,4/3/2025 10:00:00 PM,SERC,WEST,EKPC,EKPC,1266.166,True
4/4/2025 3:00:00 AM,4/3/2025 11:00:00 PM,SERC,WEST,EKPC,EKPC,1234.270,True
4/4/2025 4:00:00 AM,4/4/2025 12:00:00 AM,SERC,WEST,EKPC,EKPC,1216.940,True
4/4/2025 5:00:00 AM,4/4/2025 1:00:00 AM,SERC,WEST,EKPC,EKPC,1216.596,True
4/4/2025 6:00:00 AM,4/4/2025 2:00:00 AM,SERC,WEST,EKPC,EKPC,1183.477,True
4/4/2025 7:00:00 AM,4/4/2025 3:00:00 AM,SERC,WEST,EKPC,EKPC,1207.151,True
4/4/2025 8:00:00 AM,4/4/2025 4:00:00 AM,SERC,WEST,EKPC,EKPC,1180.407,True
4/4/2025 9:00:00 AM,4/4/2025 5:00:00 AM,SERC,WEST,EKPC,EKPC,1195.120,True
4/4/2025 10:00:00 AM,4/4/2025 6:00:00 AM,SERC,WEST,EKPC,EKPC,1256.584,True
4/4/2025 11:00:00 AM,4/4/2025 7:00:00 AM,SERC,WEST,EKPC,EKPC,1333.033,True
4/4/2025 12:00:00 PM,4/4/2025 8:00:00 AM,SERC,WEST,EKPC,EKPC,1374.477,True
4/4/2025 1:00:00 PM,4/4/2025 9:00:00 AM,SERC,WEST,EKPC,EKPC,1393.544,True
4/4/2025 2:00:00 PM,4/4/2025 10:00:00 AM,SERC,WEST,EKPC,EKPC,1436.692,True
4/4/2025 3:00:00 PM,4/4/2025 11:00:00 AM,SERC,WEST,EKPC,EKPC,1400.505,True
4/4/2025 4:00:00 PM,4/4/2025 12:00:00 PM,SERC,WEST,EKPC,EKPC,1270.806,True
4/4/2025 5:00:00 PM,4/4/2025 1:00:00 PM,SERC,WEST,EKPC,EKPC,1265.649,True
4/4/2025 6:00:00 PM,4/4/2025 2:00:00 PM,SERC,WEST,EKPC,EKPC,1373.226,True
4/4/2025 7:00:00 PM,4/4/2025 3:00:00 PM,SERC,WEST,EKPC,EKPC,1435.693,True
4/4/2025 8:00:00 PM,4/4/2025 4:00:00 PM,SERC,WEST,EKPC,EKPC,1499.977,True
4/4/2025 9:00:00 PM,4/4/2025 5:00:00 PM,SERC,WEST,EKPC,EKPC,1505.452,True
4/4/2025 10:00:00 PM,4/4/2025 6:00:00 PM,SERC,WEST,EKPC,EKPC,1488.077,True
4/4/2025 11:00:00 PM,4/4/2025 7:00:00 PM,SERC,WEST,EKPC,EKPC,1453.843,True
4/5/2025 12:00:00 AM,4/4/2025 8:00:00 PM,SERC,WEST,EKPC,EKPC,1447.485,True
4/5/2025 1:00:00 AM,4/4/2025 9:00:00 PM,SERC,WEST,EKPC,EKPC,1417.140,True
4/5/2025 2:00:00 AM,4/4/2025 10:00:00 PM,SERC,WEST,EKPC,EKPC,1404.093,True
4/5/2025 3:00:00 AM,4/4/2025 11:00:00 PM,SERC,WEST,EKPC,EKPC,1324.698,True
4/5/2025 4:00:00 AM,4/5/2025 12:00:00 AM,SERC,WEST,EKPC,EKPC,1252.460,True
4/5/2025 5:00:00 AM,4/5/2025 1:00:00 AM,SERC,WEST,EKPC,EKPC,1226.584,True
4/5/2025 6:00:00 AM,4/5/2025 2:00:00 AM,SERC,WEST,EKPC,EKPC,1164.275,True
4/5/2025 7:00:00 AM,4/5/2025 3:00:00 AM,SERC,WEST,EKPC,EKPC,1153.658,True
4/5/2025 8:00:00 AM,4/5/2025 4:00:00 AM,SERC,WEST,EKPC,EKPC,1060.340,True
4/5/2025 9:00:00 AM,4/5/2025 5:00:00 AM,SERC,WEST,EKPC,EKPC,1140.805,True
4/5/2025 10:00:00 AM,4/5/2025 6:00:00 AM,SERC,WEST,EKPC,EKPC,1184.947,True
4/5/2025 11:00:00 AM,4/5/2025 7:00:00 AM,SERC,WEST,EKPC,EKPC,1121.162,True
4/5/2025 12:00:00 PM,4/5/2025 8:00:00 AM,SERC,WEST,EKPC,EKPC,1173.381,True
4/5/2025 1:00:00 PM,4/5/2025 9:00:00 AM,SERC,WEST,EKPC,EKPC,1269.707,True
4/5/2025 2:00:00 PM,4/5/2025 10:00:00 AM,SERC,WEST,EKPC,EKPC,1381.810,True
4/5/2025 3:00:00 PM,4/5/2025 11:00:00 AM,SERC,WEST,EKPC,EKPC,1383.071,True
4/5/2025 4:00:00 PM,4/5/2025 12:00:00 PM,SERC,WEST,EKPC,EKPC,1351.149,True
4/5/2025 5:00:00 PM,4/5/2025 1:00:00 PM,SERC,WEST,EKPC,EKPC,1358.655,True
4/5/2025 6:00:00 PM,4/5/2025 2:00:00 PM,SERC,WEST,EKPC,EKPC,1432.538,True
4/5/2025 7:00:00 PM,4/5/2025 3:00:00 PM,SERC,WEST,EKPC,EKPC,1413.406,True
4/5/2025 8:00:00 PM,4/5/2025 4:00:00 PM,SERC,WEST,EKPC,EKPC,1369.267,True
4/5/2025 9:00:00 PM,4/5/2025 5:00:00 PM,SERC,WEST,EKPC,EKPC,1407.005,True
4/5/2025 10:00:00 PM,4/5/2025 6:00:00 PM,SERC,WEST,EKPC,EKPC,1404.132,True
4/5/2025 11:00:00 PM,4/5/2025 7:00:00 PM,SERC,WEST,EKPC,EKPC,1451.005,True
4/6/2025 12:00:00 AM,4/5/2025 8:00:00 PM,SERC,WEST,EKPC,EKPC,1379.097,True
4/6/2025 1:00:00 AM,4/5/2025 9:00:00 PM,SERC,WEST,EKPC,EKPC,1349.694,True
4/6/2025 2:00:00 AM,4/5/2025 10:00:00 PM,SERC,WEST,EKPC,EKPC,1312.655,True
4/6/2025 3:00:00 AM,4/5/2025 11:00:00 PM,SERC,WEST,EKPC,EKPC,1208.755,True
4/6/2025 4:00:00 AM,4/6/2025 12:00:00 AM,SERC,WEST,EKPC,EKPC,1115.488,True
4/6/2025 5:00:00 AM,4/6/2025 1:00:00 AM,SERC,WEST,EKPC,EKPC,1070.859,True
4/6/2025 6:00:00 AM,4/6/2025 2:00:00 AM,SERC,WEST,EKPC,EKPC,1092.903,True
4/6/2025 7:00:00 AM,4/6/2025 3:00:00 AM,SERC,WEST,EKPC,EKPC,1117.097,True
4/6/2025 8:00:00 AM,4/6/2025 4:00:00 AM,SERC,WEST,EKPC,EKPC,1160.803,True
4/6/2025 9:00:00 AM,4/6/2025 5:00:00 AM,SERC,WEST,EKPC,EKPC,1144.287,True
4/6/2025 10:00:00 AM,4/6/2025 6:00:00 AM,SERC,WEST,EKPC,EKPC,1200.424,True
4/6/2025 11:00:00 AM,4/6/2025 7:00:00 AM,SERC,WEST,EKPC,EKPC,1236.435,True
4/6/2025 12:00:00 PM,4/6/2025 8:00:00 AM,SERC,WEST,EKPC,EKPC,1345.105,True
4/6/2025 1:00:00 PM,4/6/2025 9:00:00 AM,SERC,WEST,EKPC,EKPC,1416.493,True
4/6/2025 2:00:00 PM,4/6/2025 10:00:00 AM,SERC,WEST,EKPC,EKPC,1368.726,True
4/6/2025 3:00:00 PM,4/6/2025 11:00:00 AM,SERC,WEST,EKPC,EKPC,1384.443,True
4/6/2025 4:00:00 PM,4/6/2025 12:00:00 PM,SERC,WEST,EKPC,EKPC,1510.135,True
4/6/2025 5:00:00 PM,4/6/2025 1:00:00 PM,SERC,WEST,EKPC,EKPC,1409.581,True
4/6/2025 6:00:00 PM,4/6/2025 2:00:00 PM,SERC,WEST,EKPC,EKPC,1437.398,True
4/6/2025 7:00:00 PM,4/6/2025 3:00:00 PM,SERC,WEST,EKPC,EKPC,1380.036,True
4/6/2025 8:00:00 PM,4/6/2025 4:00:00 PM,SERC,WEST,EKPC,EKPC,1500.857,True
4/6/2025 9:00:00 PM,4/6/2025 5:00:00 PM,SERC,WEST,EKPC,EKPC,1568.413,True
4/6/2025 10:00:00 PM,4/6/2025 6:00:00 PM,SERC,WEST,EKPC,EKPC,1639.641,True
4/6/2025 11:00:00 PM,4/6/2025 7:00:00 PM,SERC,WEST,EKPC,EKPC,1626.733,True
4/7/2025 12:00:00 AM,4/6/2025 8:00:00 PM,SERC,WEST,EKPC,EKPC,1576.949,True
4/7/2025 1:00:00 AM,4/6/2025 9:00:00 PM,SERC,WEST,EKPC,EKPC,1602.589,True
4/7/2025 2:00:00 AM,4/6/2025 10:00:00 PM,SERC,WEST,EKPC,EKPC,1483.955,True
4/7/2025 3:00:00 AM,4/6/2025 11:00:00 PM,SERC,WEST,EKPC,EKPC,1510.430,True
4/7/2025 4:00:00 AM,4/7/2025 12:00:00 AM,SERC,WEST,EKPC,EKPC,1420.555,True
4/7/2025 5:00:00 AM,4/7/2025 1:00:00 AM,SERC,WEST,EKPC,EKPC,1389.808,True
4/7/2025 6:00:00 AM,4/7/2025 2:00:00 AM,SERC,WEST,EKPC,EKPC,1382.819,True
4/7/2025 7:00:00 AM,4/7/2025 3:00:00 AM,SERC,WEST,EKPC,EKPC,1436.787,True
4/7/2025 8:00:00 AM,4/7/2025 4:00:00 AM,SERC,WEST,EKPC,EKPC,1447.608,True
4/7/2025 9:00:00 AM,4/7/2025 5:00:00 AM,SERC,WEST,EKPC,EKPC,1581.545,True
4/7/2025 10:00:00 AM,4/7/2025 6:00:00 AM,SERC,WEST,EKPC,EKPC,1567.720,True
4/7/2025 11:00:00 AM,4/7/2025 7:00:00 AM,SERC,WEST,EKPC,EKPC,1795.090,True
4/7/2025 12:00:00 PM,4/7/2025 8:00:00 AM,SERC,WEST,EKPC,EKPC,1827.954,True
4/7/2025 1:00:00 PM,4/7/2025 9:00:00 AM,SERC,WEST,EKPC,EKPC,1817.977,True
4/7/2025 2:00:00 PM,4/7/2025 10:00:00 AM,SERC,WEST,EKPC,EKPC,1763.806,True
4/7/2025 3:00:00 PM,4/7/2025 11:00:00 AM,SERC,WEST,EKPC,EKPC,1741.266,True
4/7/2025 4:00:00 PM,4/7/2025 12:00:00 PM,SERC,WEST,EKPC,EKPC,1690.660,True
4/7/2025 5:00:00 PM,4/7/2025 1:00:00 PM,SERC,WEST,EKPC,EKPC,1620.079,True
4/7/2025 6:00:00 PM,4/7/2025 2:00:00 PM,SERC,WEST,EKPC,EKPC,1556.025,True
4/7/2025 7:00:00 PM,4/7/2025 3:00:00 PM,SERC,WEST,EKPC,EKPC,1421.869,True
4/7/2025 8:00:00 PM,4/7/2025 4:00:00 PM,SERC,WEST,EKPC,EKPC,1394.132,True
4/7/2025 9:00:00 PM,4/7/2025 5:00:00 PM,SERC,WEST,EKPC,EKPC,1496.649,True
4/7/2025 10:00:00 PM,4/7/2025 6:00:00 PM,SERC,WEST,EKPC,EKPC,1415.938,True
4/7/2025 11:00:00 PM,4/7/2025 7:00:00 PM,SERC,WEST,EKPC,EKPC,1538.977,True
4/8/2025 12:00:00 AM,4/7/2025 8:00:00 PM,SERC,WEST,EKPC,EKPC,1643.108,True
4/8/2025 1:00:00 AM,4/7/2025 9:00:00 PM,SERC,WEST,EKPC,EKPC,1652.488,True
4/8/2025 2:00:00 AM,4/7/2025 10:00:00 PM,SERC,WEST,EKPC,EKPC,1628.409,True
4/8/2025 3:00:00 AM,4/7/2025 11:00:00 PM,SERC,WEST,EKPC,EKPC,1568.447,True
4/8/2025 4:00:00 AM,4/8/2025 12:00:00 AM,SERC,WEST,EKPC,EKPC,1538.402,True
4/8/2025 5:00:00 AM,4/8/2025 1:00:00 AM,SERC,WEST,EKPC,EKPC,1545.522,True
4/8/2025 6:00:00 AM,4/8/2025 2:00:00 AM,SERC,WEST,EKPC,EKPC,1575.409,True
4/8/2025 7:00:00 AM,4/8/2025 3:00:00 AM,SERC,WEST,EKPC,EKPC,1639.102,True
4/8/2025 8:00:00 AM,4/8/2025 4:00:00 AM,SERC,WEST,EKPC,EKPC,1732.532,True
4/8/2025 9:00:00 AM,4/8/2025 5:00:00 AM,SERC,WEST,EKPC,EKPC,1821.022,True
4/8/2025 10:00:00 AM,4/8/2025 6:00:00 AM,SERC,WEST,EKPC,EKPC,1947.245,True
4/8/2025 11:00:00 AM,4/8/2025 7:00:00 AM,SERC,WEST,EKPC,EKPC,2024.793,True
4/8/2025 12:00:00 PM,4/8/2025 8:00:00 AM,SERC,WEST,EKPC,EKPC,1997.817,True
4/8/2025 1:00:00 PM,4/8/2025 9:00:00 AM,SERC,WEST,EKPC,EKPC,1913.001,True
4/8/2025 2:00:00 PM,4/8/2025 10:00:00 AM,SERC,WEST,EKPC,EKPC,1868.914,True
4/8/2025 3:00:00 PM,4/8/2025 11:00:00 AM,SERC,WEST,EKPC,EKPC,1744.451,True
4/8/2025 4:00:00 PM,4/8/2025 12:00:00 PM,SERC,WEST,EKPC,EKPC,1679.022,True
4/8/2025 5:00:00 PM,4/8/2025 1:00:00 PM,SERC,WEST,EKPC,EKPC,1650.564,True
4/8/2025 6:00:00 PM,4/8/2025 2:00:00 PM,SERC,WEST,EKPC,EKPC,1606.357,True
4/8/2025 7:00:00 PM,4/8/2025 3:00:00 PM,SERC,WEST,EKPC,EKPC,1489.957,True
4/8/2025 8:00:00 PM,4/8/2025 4:00:00 PM,SERC,WEST,EKPC,EKPC,1346.850,True
4/8/2025 9:00:00 PM,4/8/2025 5:00:00 PM,SERC,WEST,EKPC,EKPC,1348.662,True
4/8/2025 10:00:00 PM,4/8/2025 6:00:00 PM,SERC,WEST,EKPC,EKPC,1370.956,True
4/8/2025 11:00:00 PM,4/8/2025 7:00:00 PM,SERC,WEST,EKPC,EKPC,1443.569,True
4/9/2025 12:00:00 AM,4/8/2025 8:00:00 PM,SERC,WEST,EKPC,EKPC,1580.700,True
4/9/2025 1:00:00 AM,4/8/2025 9:00:00 PM,SERC,WEST,EKPC,EKPC,1717.011,True
4/9/2025 2:00:00 AM,4/8/2025 10:00:00 PM,SERC,WEST,EKPC,EKPC,1713.684,True
4/9/2025 3:00:00 AM,4/8/2025 11:00:00 PM,SERC,WEST,EKPC,EKPC,1734.218,True
4/9/2025 4:00:00 AM,4/9/2025 12:00:00 AM,SERC,WEST,EKPC,EKPC,1753.546,True
4/9/2025 5:00:00 AM,4/9/2025 1:00:00 AM,SERC,WEST,EKPC,EKPC,1621.455,True
4/9/2025 6:00:00 AM,4/9/2025 2:00:00 AM,SERC,WEST,EKPC,EKPC,1610.670,True
4/9/2025 7:00:00 AM,4/9/2025 3:00:00 AM,SERC,WEST,EKPC,EKPC,1652.642,True
4/9/2025 8:00:00 AM,4/9/2025 4:00:00 AM,SERC,WEST,EKPC,EKPC,1722.085,True
4/9/2025 9:00:00 AM,4/9/2025 5:00:00 AM,SERC,WEST,EKPC,EKPC,1826.678,True
4/9/2025 10:00:00 AM,4/9/2025 6:00:00 AM,SERC,WEST,EKPC,EKPC,1980.934,True
4/9/2025 11:00:00 AM,4/9/2025 7:00:00 AM,SERC,WEST,EKPC,EKPC,2037.184,True
4/9/2025 12:00:00 PM,4/9/2025 8:00:00 AM,SERC,WEST,EKPC,EKPC,1987.694,True
4/9/2025 1:00:00 PM,4/9/2025 9:00:00 AM,SERC,WEST,EKPC,EKPC,1815.643,True
4/9/2025 2:00:00 PM,4/9/2025 10:00:00 AM,SERC,WEST,EKPC,EKPC,1645.085,True
4/9/2025 3:00:00 PM,4/9/2025 11:00:00 AM,SERC,WEST,EKPC,EKPC,1555.329,True
4/9/2025 4:00:00 PM,4/9/2025 12:00:00 PM,SERC,WEST,EKPC,EKPC,1457.620,True
4/9/2025 5:00:00 PM,4/9/2025 1:00:00 PM,SERC,WEST,EKPC,EKPC,1343.165,True
4/9/2025 6:00:00 PM,4/9/2025 2:00:00 PM,SERC,WEST,EKPC,EKPC,1364.301,True
4/9/2025 7:00:00 PM,4/9/2025 3:00:00 PM,SERC,WEST,EKPC,EKPC,1416.916,True
4/9/2025 8:00:00 PM,4/9/2025 4:00:00 PM,SERC,WEST,EKPC,EKPC,1429.042,True
4/9/2025 9:00:00 PM,4/9/2025 5:00:00 PM,SERC,WEST,EKPC,EKPC,1473.267,True
4/9/2025 10:00:00 PM,4/9/2025 6:00:00 PM,SERC,WEST,EKPC,EKPC,1500.373,True
4/9/2025 11:00:00 PM,4/9/2025 7:00:00 PM,SERC,WEST,EKPC,EKPC,1531.244,True
4/10/2025 12:00:00 AM,4/9/2025 8:00:00 PM,SERC,WEST,EKPC,EKPC,1595.977,True
4/10/2025 1:00:00 AM,4/9/2025 9:00:00 PM,SERC,WEST,EKPC,EKPC,1563.034,True
4/10/2025 2:00:00 AM,4/9/2025 10:00:00 PM,SERC,WEST,EKPC,EKPC,1511.448,True
4/10/2025 3:00:00 AM,4/9/2025 11:00:00 PM,SERC,WEST,EKPC,EKPC,1442.639,True
4/10/2025 4:00:00 AM,4/10/2025 12:00:00 AM,SERC,WEST,EKPC,EKPC,1361.347,True
4/10/2025 5:00:00 AM,4/10/2025 1:00:00 AM,SERC,WEST,EKPC,EKPC,1365.020,True
4/10/2025 6:00:00 AM,4/10/2025 2:00:00 AM,SERC,WEST,EKPC,EKPC,1350.627,True
4/10/2025 7:00:00 AM,4/10/2025 3:00:00 AM,SERC,WEST,EKPC,EKPC,1273.164,True
4/10/2025 8:00:00 AM,4/10/2025 4:00:00 AM,SERC,WEST,EKPC,EKPC,1268.252,True
4/10/2025 9:00:00 AM,4/10/2025 5:00:00 AM,SERC,WEST,EKPC,EKPC,1415.116,True
4/10/2025 10:00:00 AM,4/10/2025 6:00:00 AM,SERC,WEST,EKPC,EKPC,1480.591,True
4/10/2025 11:00:00 AM,4/10/2025 7:00:00 AM,SERC,WEST,EKPC,EKPC,1503.683,True
4/10/2025 12:00:00 PM,4/10/2025 8:00:00 AM,SERC,WEST,EKPC,EKPC,1452.459,True
4/10/2025 1:00:00 PM,4/10/2025 9:00:00 AM,SERC,WEST,EKPC,EKPC,1408.327,True
4/10/2025 2:00:00 PM,4/10/2025 10:00:00 AM,SERC,WEST,EKPC,EKPC,1321.694,True
4/10/2025 3:00:00 PM,4/10/2025 11:00:00 AM,SERC,WEST,EKPC,EKPC,1263.359,True
4/10/2025 4:00:00 PM,4/10/2025 12:00:00 PM,SERC,WEST,EKPC,EKPC,1220.621,True
4/10/2025 5:00:00 PM,4/10/2025 1:00:00 PM,SERC,WEST,EKPC,EKPC,1198.111,True
4/10/2025 6:00:00 PM,4/10/2025 2:00:00 PM,SERC,WEST,EKPC,EKPC,1245.282,True
4/10/2025 7:00:00 PM,4/10/2025 3:00:00 PM,SERC,WEST,EKPC,EKPC,1283.744,True
4/10/2025 8:00:00 PM,4/10/2025 4:00:00 PM,SERC,WEST,EKPC,EKPC,1267.936,True
4/10/2025 9:00:00 PM,4/10/2025 5:00:00 PM,SERC,WEST,EKPC,EKPC,1305.079,True
4/10/2025 10:00:00 PM,4/10/2025 6:00:00 PM,SERC,WEST,EKPC,EKPC,1367.977,True
4/10/2025 11:00:00 PM,4/10/2025 7:00:00 PM,SERC,WEST,EKPC,EKPC,1420.600,True
4/11/2025 12:00:00 AM,4/10/2025 8:00:00 PM,SERC,WEST,EKPC,EKPC,1474.288,True
4/11/2025 1:00:00 AM,4/10/2025 9:00:00 PM,SERC,WEST,EKPC,EKPC,1458.041,True
4/11/2025 2:00:00 AM,4/10/2025 10:00:00 PM,SERC,WEST,EKPC,EKPC,1388.176,True
4/11/2025 3:00:00 AM,4/10/2025 11:00:00 PM,SERC,WEST,EKPC,EKPC,1264.742,True
4/11/2025 4:00:00 AM,4/11/2025 12:00:00 AM,SERC,WEST,EKPC,EKPC,1185.575,True
4/11/2025 5:00:00 AM,4/11/2025 1:00:00 AM,SERC,WEST,EKPC,EKPC,1250.748,True
4/11/2025 6:00:00 AM,4/11/2025 2:00:00 AM,SERC,WEST,EKPC,EKPC,1268.391,True
4/11/2025 7:00:00 AM,4/11/2025 3:00:00 AM,SERC,WEST,EKPC,EKPC,1242.022,True
4/11/2025 8:00:00 AM,4/11/2025 4:00:00 AM,SERC,WEST,EKPC,EKPC,1231.634,True
4/11/2025 9:00:00 AM,4/11/2025 5:00:00 AM,SERC,WEST,EKPC,EKPC,1300.099,True
4/11/2025 10:00:00 AM,4/11/2025 6:00:00 AM,SERC,WEST,EKPC,EKPC,1491.509,True
4/11/2025 11:00:00 AM,4/11/2025 7:00:00 AM,SERC,WEST,EKPC,EKPC,1534.149,True
4/11/2025 12:00:00 PM,4/11/2025 8:00:00 AM,SERC,WEST,EKPC,EKPC,1607.288,True
4/11/2025 1:00:00 PM,4/11/2025 9:00:00 AM,SERC,WEST,EKPC,EKPC,1656.921,True
4/11/2025 2:00:00 PM,4/11/2025 10:00:00 AM,SERC,WEST,EKPC,EKPC,1691.794,True
4/11/2025 3:00:00 PM,4/11/2025 11:00:00 AM,SERC,WEST,EKPC,EKPC,1593.245,True
4/11/2025 4:00:00 PM,4/11/2025 12:00:00 PM,SERC,WEST,EKPC,EKPC,1669.512,True
4/11/2025 5:00:00 PM,4/11/2025 1:00:00 PM,SERC,WEST,EKPC,EKPC,1504.817,True
4/11/2025 6:00:00 PM,4/11/2025 2:00:00 PM,SERC,WEST,EKPC,EKPC,1504.641,True
4/11/2025 7:00:00 PM,4/11/2025 3:00:00 PM,SERC,WEST,EKPC,EKPC,1627.425,True
4/11/2025 8:00:00 PM,4/11/2025 4:00:00 PM,SERC,WEST,EKPC,EKPC,1659.089,True
4/11/2025 9:00:00 PM,4/11/2025 5:00:00 PM,SERC,WEST,EKPC,EKPC,1690.487,True
4/11/2025 10:00:00 PM,4/11/2025 6:00:00 PM,SERC,WEST,EKPC,EKPC,1703.853,True
4/11/2025 11:00:00 PM,4/11/2025 7:00:00 PM,SERC,WEST,EKPC,EKPC,1701.005,True
4/12/2025 12:00:00 AM,4/11/2025 8:00:00 PM,SERC,WEST,EKPC,EKPC,1780.873,True
4/12/2025 1:00:00 AM,4/11/2025 9:00:00 PM,SERC,WEST,EKPC,EKPC,1770.737,True
4/12/2025 2:00:00 AM,4/11/2025 10:00:00 PM,SERC,WEST,EKPC,EKPC,1722.883,True
4/12/2025 3:00:00 AM,4/11/2025 11:00:00 PM,SERC,WEST,EKPC,EKPC,1679.629,True
4/12/2025 4:00:00 AM,4/12/2025 12:00:00 AM,SERC,WEST,EKPC,EKPC,1652.305,True
4/12/2025 5:00:00 AM,4/12/2025 1:00:00 AM,SERC,WEST,EKPC,EKPC,1595.507,True
4/12/2025 6:00:00 AM,4/12/2025 2:00:00 AM,SERC,WEST,EKPC,EKPC,1639.091,True
4/12/2025 7:00:00 AM,4/12/2025 3:00:00 AM,SERC,WEST,EKPC,EKPC,1579.706,True
4/12/2025 8:00:00 AM,4/12/2025 4:00:00 AM,SERC,WEST,EKPC,EKPC,1656.666,True
4/12/2025 9:00:00 AM,4/12/2025 5:00:00 AM,SERC,WEST,EKPC,EKPC,1737.660,True
4/12/2025 10:00:00 AM,4/12/2025 6:00:00 AM,SERC,WEST,EKPC,EKPC,1872.180,True
4/12/2025 11:00:00 AM,4/12/2025 7:00:00 AM,SERC,WEST,EKPC,EKPC,1943.911,True
4/12/2025 12:00:00 PM,4/12/2025 8:00:00 AM,SERC,WEST,EKPC,EKPC,1909.762,True
4/12/2025 1:00:00 PM,4/12/2025 9:00:00 AM,SERC,WEST,EKPC,EKPC,1805.416,True
4/12/2025 2:00:00 PM,4/12/2025 10:00:00 AM,SERC,WEST,EKPC,EKPC,1673.259,True
4/12/2025 3:00:00 PM,4/12/2025 11:00:00 AM,SERC,WEST,EKPC,EKPC,1575.304,True
4/12/2025 4:00:00 PM,4/12/2025 12:00:00 PM,SERC,WEST,EKPC,EKPC,1375.730,True
4/12/2025 5:00:00 PM,4/12/2025 1:00:00 PM,SERC,WEST,EKPC,EKPC,1172.281,True
4/12/2025 6:00:00 PM,4/12/2025 2:00:00 PM,SERC,WEST,EKPC,EKPC,1132.255,True
4/12/2025 7:00:00 PM,4/12/2025 3:00:00 PM,SERC,WEST,EKPC,EKPC,1109.505,True
4/12/2025 8:00:00 PM,4/12/2025 4:00:00 PM,SERC,WEST,EKPC,EKPC,1110.254,True
4/12/2025 9:00:00 PM,4/12/2025 5:00:00 PM,SERC,WEST,EKPC,EKPC,1121.190,True
4/12/2025 10:00:00 PM,4/12/2025 6:00:00 PM,SERC,WEST,EKPC,EKPC,1127.800,True
4/12/2025 11:00:00 PM,4/12/2025 7:00:00 PM,SERC,WEST,EKPC,EKPC,1169.572,True
4/13/2025 12:00:00 AM,4/12/2025 8:00:00 PM,SERC,WEST,EKPC,EKPC,1249.033,True
4/13/2025 1:00:00 AM,4/12/2025 9:00:00 PM,SERC,WEST,EKPC,EKPC,1283.367,True
4/13/2025 2:00:00 AM,4/12/2025 10:00:00 PM,SERC,WEST,EKPC,EKPC,1288.078,True
4/13/2025 3:00:00 AM,4/12/2025 11:00:00 PM,SERC,WEST,EKPC,EKPC,1239.695,True
4/13/2025 4:00:00 AM,4/13/2025 12:00:00 AM,SERC,WEST,EKPC,EKPC,1230.855,True
4/13/2025 5:00:00 AM,4/13/2025 1:00:00 AM,SERC,WEST,EKPC,EKPC,1226.133,True
4/13/2025 6:00:00 AM,4/13/2025 2:00:00 AM,SERC,WEST,EKPC,EKPC,1251.237,True
4/13/2025 7:00:00 AM,4/13/2025 3:00:00 AM,SERC,WEST,EKPC,EKPC,1287.466,True
4/13/2025 8:00:00 AM,4/13/2025 4:00:00 AM,SERC,WEST,EKPC,EKPC,1324.436,True
4/13/2025 9:00:00 AM,4/13/2025 5:00:00 AM,SERC,WEST,EKPC,EKPC,1398.267,True
4/13/2025 10:00:00 AM,4/13/2025 6:00:00 AM,SERC,WEST,EKPC,EKPC,1450.483,True
4/13/2025 11:00:00 AM,4/13/2025 7:00:00 AM,SERC,WEST,EKPC,EKPC,1516.498,True
4/13/2025 12:00:00 PM,4/13/2025 8:00:00 AM,SERC,WEST,EKPC,EKPC,1550.199,True
4/13/2025 1:00:00 PM,4/13/2025 9:00:00 AM,SERC,WEST,EKPC,EKPC,1461.130,True
4/13/2025 2:00:00 PM,4/13/2025 10:00:00 AM,SERC,WEST,EKPC,EKPC,1321.490,True
4/13/2025 3:00:00 PM,4/13/2025 11:00:00 AM,SERC,WEST,EKPC,EKPC,1194.116,True
4/13/2025 4:00:00 PM,4/13/2025 12:00:00 PM,SERC,WEST,EKPC,EKPC,1145.742,True
4/13/2025 5:00:00 PM,4/13/2025 1:00:00 PM,SERC,WEST,EKPC,EKPC,1104.455,True
4/13/2025 6:00:00 PM,4/13/2025 2:00:00 PM,SERC,WEST,EKPC,EKPC,1071.692,True
4/13/2025 7:00:00 PM,4/13/2025 3:00:00 PM,SERC,WEST,EKPC,EKPC,1065.071,True
4/13/2025 8:00:00 PM,4/13/2025 4:00:00 PM,SERC,WEST,EKPC,EKPC,1092.989,True
4/13/2025 9:00:00 PM,4/13/2025 5:00:00 PM,SERC,WEST,EKPC,EKPC,1117.136,True
4/13/2025 10:00:00 PM,4/13/2025 6:00:00 PM,SERC,WEST,EKPC,EKPC,1200.495,True
4/13/2025 11:00:00 PM,4/13/2025 7:00:00 PM,SERC,WEST,EKPC,EKPC,1220.944,True
4/14/2025 12:00:00 AM,4/13/2025 8:00:00 PM,SERC,WEST,EKPC,EKPC,1294.411,True
4/14/2025 1:00:00 AM,4/13/2025 9:00:00 PM,SERC,WEST,EKPC,EKPC,1294.688,True
4/14/2025 2:00:00 AM,4/13/2025 10:00:00 PM,SERC,WEST,EKPC,EKPC,1197.237,True
4/14/2025 3:00:00 AM,4/13/2025 11:00:00 PM,SERC,WEST,EKPC,EKPC,1083.780,True
4/14/2025 4:00:00 AM,4/14/2025 12:00:00 AM,SERC,WEST,EKPC,EKPC,1022.473,True
4/14/2025 5:00:00 AM,4/14/2025 1:00:00 AM,SERC,WEST,EKPC,EKPC,965.084,True
4/14/2025 6:00:00 AM,4/14/2025 2:00:00 AM,SERC,WEST,EKPC,EKPC,961.731,True
4/14/2025 7:00:00 AM,4/14/2025 3:00:00 AM,SERC,WEST,EKPC,EKPC,965.448,True
4/14/2025 8:00:00 AM,4/14/2025 4:00:00 AM,SERC,WEST,EKPC,EKPC,985.975,True
4/14/2025 9:00:00 AM,4/14/2025 5:00:00 AM,SERC,WEST,EKPC,EKPC,1064.482,True
4/14/2025 10:00:00 AM,4/14/2025 6:00:00 AM,SERC,WEST,EKPC,EKPC,1196.097,True
4/14/2025 11:00:00 AM,4/14/2025 7:00:00 AM,SERC,WEST,EKPC,EKPC,1234.186,True
4/14/2025 12:00:00 PM,4/14/2025 8:00:00 AM,SERC,WEST,EKPC,EKPC,1217.070,True
4/14/2025 1:00:00 PM,4/14/2025 9:00:00 AM,SERC,WEST,EKPC,EKPC,1182.573,True
4/14/2025 2:00:00 PM,4/14/2025 10:00:00 AM,SERC,WEST,EKPC,EKPC,1172.510,True
4/14/2025 3:00:00 PM,4/14/2025 11:00:00 AM,SERC,WEST,EKPC,EKPC,1175.612,True
4/14/2025 4:00:00 PM,4/14/2025 12:00:00 PM,SERC,WEST,EKPC,EKPC,1203.159,True
4/14/2025 5:00:00 PM,4/14/2025 1:00:00 PM,SERC,WEST,EKPC,EKPC,1235.263,True
4/14/2025 6:00:00 PM,4/14/2025 2:00:00 PM,SERC,WEST,EKPC,EKPC,1254.881,True
4/14/2025 7:00:00 PM,4/14/2025 3:00:00 PM,SERC,WEST,EKPC,EKPC,1266.431,True
4/14/2025 8:00:00 PM,4/14/2025 4:00:00 PM,SERC,WEST,EKPC,EKPC,1317.368,True
4/14/2025 9:00:00 PM,4/14/2025 5:00:00 PM,SERC,WEST,EKPC,EKPC,1360.769,True
4/14/2025 10:00:00 PM,4/14/2025 6:00:00 PM,SERC,WEST,EKPC,EKPC,1385.886,True
4/14/2025 11:00:00 PM,4/14/2025 7:00:00 PM,SERC,WEST,EKPC,EKPC,1383.437,True
4/15/2025 12:00:00 AM,4/14/2025 8:00:00 PM,SERC,WEST,EKPC,EKPC,1394.679,True
4/15/2025 1:00:00 AM,4/14/2025 9:00:00 PM,SERC,WEST,EKPC,EKPC,1347.684,True
4/15/2025 2:00:00 AM,4/14/2025 10:00:00 PM,SERC,WEST,EKPC,EKPC,1212.155,True
4/15/2025 3:00:00 AM,4/14/2025 11:00:00 PM,SERC,WEST,EKPC,EKPC,1083.252,True
4/15/2025 4:00:00 AM,4/15/2025 12:00:00 AM,SERC,WEST,EKPC,EKPC,976.670,True
4/15/2025 5:00:00 AM,4/15/2025 1:00:00 AM,SERC,WEST,EKPC,EKPC,940.789,True
4/15/2025 6:00:00 AM,4/15/2025 2:00:00 AM,SERC,WEST,EKPC,EKPC,913.474,True
4/15/2025 7:00:00 AM,4/15/2025 3:00:00 AM,SERC,WEST,EKPC,EKPC,893.411,True
4/15/2025 8:00:00 AM,4/15/2025 4:00:00 AM,SERC,WEST,EKPC,EKPC,924.117,True
4/15/2025 9:00:00 AM,4/15/2025 5:00:00 AM,SERC,WEST,EKPC,EKPC,995.111,True
4/15/2025 10:00:00 AM,4/15/2025 6:00:00 AM,SERC,WEST,EKPC,EKPC,1154.530,True
4/15/2025 11:00:00 AM,4/15/2025 7:00:00 AM,SERC,WEST,EKPC,EKPC,1228.295,True
4/15/2025 12:00:00 PM,4/15/2025 8:00:00 AM,SERC,WEST,EKPC,EKPC,1213.842,True
4/15/2025 1:00:00 PM,4/15/2025 9:00:00 AM,SERC,WEST,EKPC,EKPC,1216.260,True
4/15/2025 2:00:00 PM,4/15/2025 10:00:00 AM,SERC,WEST,EKPC,EKPC,1201.603,True
4/15/2025 3:00:00 PM,4/15/2025 11:00:00 AM,SERC,WEST,EKPC,EKPC,1201.740,True
4/15/2025 4:00:00 PM,4/15/2025 12:00:00 PM,SERC,WEST,EKPC,EKPC,1182.528,True
4/15/2025 5:00:00 PM,4/15/2025 1:00:00 PM,SERC,WEST,EKPC,EKPC,1177.350,True
4/15/2025 6:00:00 PM,4/15/2025 2:00:00 PM,SERC,WEST,EKPC,EKPC,1170.844,True
4/15/2025 7:00:00 PM,4/15/2025 3:00:00 PM,SERC,WEST,EKPC,EKPC,1153.783,True
4/15/2025 8:00:00 PM,4/15/2025 4:00:00 PM,SERC,WEST,EKPC,EKPC,1194.424,True
4/15/2025 9:00:00 PM,4/15/2025 5:00:00 PM,SERC,WEST,EKPC,EKPC,1238.299,True
4/15/2025 10:00:00 PM,4/15/2025 6:00:00 PM,SERC,WEST,EKPC,EKPC,1266.001,True
4/15/2025 11:00:00 PM,4/15/2025 7:00:00 PM,SERC,WEST,EKPC,EKPC,1303.457,True
4/16/2025 12:00:00 AM,4/15/2025 8:00:00 PM,SERC,WEST,EKPC,EKPC,1371.528,True
4/16/2025 1:00:00 AM,4/15/2025 9:00:00 PM,SERC,WEST,EKPC,EKPC,1382.762,True
4/16/2025 2:00:00 AM,4/15/2025 10:00:00 PM,SERC,WEST,EKPC,EKPC,1292.530,True
4/16/2025 3:00:00 AM,4/15/2025 11:00:00 PM,SERC,WEST,EKPC,EKPC,1214.263,True
4/16/2025 4:00:00 AM,4/16/2025 12:00:00 AM,SERC,WEST,EKPC,EKPC,1159.335,True
4/16/2025 5:00:00 AM,4/16/2025 1:00:00 AM,SERC,WEST,EKPC,EKPC,1141.810,True
4/16/2025 6:00:00 AM,4/16/2025 2:00:00 AM,SERC,WEST,EKPC,EKPC,1147.159,True
4/16/2025 7:00:00 AM,4/16/2025 3:00:00 AM,SERC,WEST,EKPC,EKPC,1158.960,True
4/16/2025 8:00:00 AM,4/16/2025 4:00:00 AM,SERC,WEST,EKPC,EKPC,1227.170,True
4/16/2025 9:00:00 AM,4/16/2025 5:00:00 AM,SERC,WEST,EKPC,EKPC,1331.309,True
4/16/2025 10:00:00 AM,4/16/2025 6:00:00 AM,SERC,WEST,EKPC,EKPC,1530.556,True
4/16/2025 11:00:00 AM,4/16/2025 7:00:00 AM,SERC,WEST,EKPC,EKPC,1581.270,True
4/16/2025 12:00:00 PM,4/16/2025 8:00:00 AM,SERC,WEST,EKPC,EKPC,1480.811,True
4/16/2025 1:00:00 PM,4/16/2025 9:00:00 AM,SERC,WEST,EKPC,EKPC,1376.888,True
4/16/2025 2:00:00 PM,4/16/2025 10:00:00 AM,SERC,WEST,EKPC,EKPC,1274.051,True
4/16/2025 3:00:00 PM,4/16/2025 11:00:00 AM,SERC,WEST,EKPC,EKPC,1229.092,True
4/16/2025 4:00:00 PM,4/16/2025 12:00:00 PM,SERC,WEST,EKPC,EKPC,1179.227,True
4/16/2025 5:00:00 PM,4/16/2025 1:00:00 PM,SERC,WEST,EKPC,EKPC,1164.277,True
4/16/2025 6:00:00 PM,4/16/2025 2:00:00 PM,SERC,WEST,EKPC,EKPC,1134.775,True
4/16/2025 7:00:00 PM,4/16/2025 3:00:00 PM,SERC,WEST,EKPC,EKPC,1120.807,True
4/16/2025 8:00:00 PM,4/16/2025 4:00:00 PM,SERC,WEST,EKPC,EKPC,1149.104,True
4/16/2025 9:00:00 PM,4/16/2025 5:00:00 PM,SERC,WEST,EKPC,EKPC,1177.162,True
4/16/2025 10:00:00 PM,4/16/2025 6:00:00 PM,SERC,WEST,EKPC,EKPC,1200.090,True
4/16/2025 11:00:00 PM,4/16/2025 7:00:00 PM,SERC,WEST,EKPC,EKPC,1236.259,True
4/17/2025 12:00:00 AM,4/16/2025 8:00:00 PM,SERC,WEST,EKPC,EKPC,1295.659,True
4/17/2025 1:00:00 AM,4/16/2025 9:00:00 PM,SERC,WEST,EKPC,EKPC,1315.447,True
4/17/2025 2:00:00 AM,4/16/2025 10:00:00 PM,SERC,WEST,EKPC,EKPC,1230.656,True
4/17/2025 3:00:00 AM,4/16/2025 11:00:00 PM,SERC,WEST,EKPC,EKPC,1144.654,True
4/17/2025 4:00:00 AM,4/17/2025 12:00:00 AM,SERC,WEST,EKPC,EKPC,1101.448,True
4/17/2025 5:00:00 AM,4/17/2025 1:00:00 AM,SERC,WEST,EKPC,EKPC,1101.374,True
4/17/2025 6:00:00 AM,4/17/2025 2:00:00 AM,SERC,WEST,EKPC,EKPC,1115.362,True
4/17/2025 7:00:00 AM,4/17/2025 3:00:00 AM,SERC,WEST,EKPC,EKPC,1146.239,True
4/17/2025 8:00:00 AM,4/17/2025 4:00:00 AM,SERC,WEST,EKPC,EKPC,1205.727,True
4/17/2025 9:00:00 AM,4/17/2025 5:00:00 AM,SERC,WEST,EKPC,EKPC,1330.159,True
4/17/2025 10:00:00 AM,4/17/2025 6:00:00 AM,SERC,WEST,EKPC,EKPC,1510.149,True
4/17/2025 11:00:00 AM,4/17/2025 7:00:00 AM,SERC,WEST,EKPC,EKPC,1559.203,True
4/17/2025 12:00:00 PM,4/17/2025 8:00:00 AM,SERC,WEST,EKPC,EKPC,1465.860,True
4/17/2025 1:00:00 PM,4/17/2025 9:00:00 AM,SERC,WEST,EKPC,EKPC,1347.677,True
4/17/2025 2:00:00 PM,4/17/2025 10:00:00 AM,SERC,WEST,EKPC,EKPC,1246.732,True
4/17/2025 3:00:00 PM,4/17/2025 11:00:00 AM,SERC,WEST,EKPC,EKPC,1192.238,True
4/17/2025 4:00:00 PM,4/17/2025 12:00:00 PM,SERC,WEST,EKPC,EKPC,1148.374,True
4/17/2025 5:00:00 PM,4/17/2025 1:00:00 PM,SERC,WEST,EKPC,EKPC,1144.949,True
4/17/2025 6:00:00 PM,4/17/2025 2:00:00 PM,SERC,WEST,EKPC,EKPC,1130.824,True
4/17/2025 7:00:00 PM,4/17/2025 3:00:00 PM,SERC,WEST,EKPC,EKPC,1126.041,True
4/17/2025 8:00:00 PM,4/17/2025 4:00:00 PM,SERC,WEST,EKPC,EKPC,1145.677,True
4/17/2025 9:00:00 PM,4/17/2025 5:00:00 PM,SERC,WEST,EKPC,EKPC,1168.106,True
4/17/2025 10:00:00 PM,4/17/2025 6:00:00 PM,SERC,WEST,EKPC,EKPC,1186.733,True
4/17/2025 11:00:00 PM,4/17/2025 7:00:00 PM,SERC,WEST,EKPC,EKPC,1208.151,True
4/18/2025 12:00:00 AM,4/17/2025 8:00:00 PM,SERC,WEST,EKPC,EKPC,1264.136,True
4/18/2025 1:00:00 AM,4/17/2025 9:00:00 PM,SERC,WEST,EKPC,EKPC,1273.441,True
4/18/2025 2:00:00 AM,4/17/2025 10:00:00 PM,SERC,WEST,EKPC,EKPC,1175.637,True
4/18/2025 3:00:00 AM,4/17/2025 11:00:00 PM,SERC,WEST,EKPC,EKPC,1077.025,True
4/18/2025 4:00:00 AM,4/18/2025 12:00:00 AM,SERC,WEST,EKPC,EKPC,1007.284,True
4/18/2025 5:00:00 AM,4/18/2025 1:00:00 AM,SERC,WEST,EKPC,EKPC,972.351,True
4/18/2025 6:00:00 AM,4/18/2025 2:00:00 AM,SERC,WEST,EKPC,EKPC,942.704,True
4/18/2025 7:00:00 AM,4/18/2025 3:00:00 AM,SERC,WEST,EKPC,EKPC,962.436,True
4/18/2025 8:00:00 AM,4/18/2025 4:00:00 AM,SERC,WEST,EKPC,EKPC,972.944,True
4/18/2025 9:00:00 AM,4/18/2025 5:00:00 AM,SERC,WEST,EKPC,EKPC,1025.271,True
4/18/2025 10:00:00 AM,4/18/2025 6:00:00 AM,SERC,WEST,EKPC,EKPC,1139.940,True
4/18/2025 11:00:00 AM,4/18/2025 7:00:00 AM,SERC,WEST,EKPC,EKPC,1168.347,True
4/18/2025 12:00:00 PM,4/18/2025 8:00:00 AM,SERC,WEST,EKPC,EKPC,1141.234,True
4/18/2025 1:00:00 PM,4/18/2025 9:00:00 AM,SERC,WEST,EKPC,EKPC,1121.822,True
4/18/2025 2:00:00 PM,4/18/2025 10:00:00 AM,SERC,WEST,EKPC,EKPC,1102.887,True
4/18/2025 3:00:00 PM,4/18/2025 11:00:00 AM,SERC,WEST,EKPC,EKPC,1126.913,True
4/18/2025 4:00:00 PM,4/18/2025 12:00:00 PM,SERC,WEST,EKPC,EKPC,1120.544,True
4/18/2025 5:00:00 PM,4/18/2025 1:00:00 PM,SERC,WEST,EKPC,EKPC,1158.057,True
4/18/2025 6:00:00 PM,4/18/2025 2:00:00 PM,SERC,WEST,EKPC,EKPC,1179.605,True
4/18/2025 7:00:00 PM,4/18/2025 3:00:00 PM,SERC,WEST,EKPC,EKPC,1222.903,True
4/18/2025 8:00:00 PM,4/18/2025 4:00:00 PM,SERC,WEST,EKPC,EKPC,1284.387,True
4/18/2025 9:00:00 PM,4/18/2025 5:00:00 PM,SERC,WEST,EKPC,EKPC,1317.342,True
4/18/2025 10:00:00 PM,4/18/2025 6:00:00 PM,SERC,WEST,EKPC,EKPC,1322.466,True
4/18/2025 11:00:00 PM,4/18/2025 7:00:00 PM,SERC,WEST,EKPC,EKPC,1305.945,True
4/19/2025 12:00:00 AM,4/18/2025 8:00:00 PM,SERC,WEST,EKPC,EKPC,1300.486,True
4/19/2025 1:00:00 AM,4/18/2025 9:00:00 PM,SERC,WEST,EKPC,EKPC,1313.719,True
4/19/2025 2:00:00 AM,4/18/2025 10:00:00 PM,SERC,WEST,EKPC,EKPC,1231.910,True
4/19/2025 3:00:00 AM,4/18/2025 11:00:00 PM,SERC,WEST,EKPC,EKPC,1124.189,True
4/19/2025 4:00:00 AM,4/19/2025 12:00:00 AM,SERC,WEST,EKPC,EKPC,1025.600,True
4/19/2025 5:00:00 AM,4/19/2025 1:00:00 AM,SERC,WEST,EKPC,EKPC,939.741,True
4/19/2025 6:00:00 AM,4/19/2025 2:00:00 AM,SERC,WEST,EKPC,EKPC,913.831,True
4/19/2025 7:00:00 AM,4/19/2025 3:00:00 AM,SERC,WEST,EKPC,EKPC,872.527,True
4/19/2025 8:00:00 AM,4/19/2025 4:00:00 AM,SERC,WEST,EKPC,EKPC,868.842,True
4/19/2025 9:00:00 AM,4/19/2025 5:00:00 AM,SERC,WEST,EKPC,EKPC,869.528,True
4/19/2025 10:00:00 AM,4/19/2025 6:00:00 AM,SERC,WEST,EKPC,EKPC,908.501,True
4/19/2025 11:00:00 AM,4/19/2025 7:00:00 AM,SERC,WEST,EKPC,EKPC,952.830,True
4/19/2025 12:00:00 PM,4/19/2025 8:00:00 AM,SERC,WEST,EKPC,EKPC,1050.824,True
4/19/2025 1:00:00 PM,4/19/2025 9:00:00 AM,SERC,WEST,EKPC,EKPC,1141.588,True
4/19/2025 2:00:00 PM,4/19/2025 10:00:00 AM,SERC,WEST,EKPC,EKPC,1190.675,True
4/19/2025 3:00:00 PM,4/19/2025 11:00:00 AM,SERC,WEST,EKPC,EKPC,1259.298,True
4/19/2025 4:00:00 PM,4/19/2025 12:00:00 PM,SERC,WEST,EKPC,EKPC,1252.309,True
4/19/2025 5:00:00 PM,4/19/2025 1:00:00 PM,SERC,WEST,EKPC,EKPC,1291.544,True
4/19/2025 6:00:00 PM,4/19/2025 2:00:00 PM,SERC,WEST,EKPC,EKPC,1344.717,True
4/19/2025 7:00:00 PM,4/19/2025 3:00:00 PM,SERC,WEST,EKPC,EKPC,1350.552,True
4/19/2025 8:00:00 PM,4/19/2025 4:00:00 PM,SERC,WEST,EKPC,EKPC,1398.820,True
4/19/2025 9:00:00 PM,4/19/2025 5:00:00 PM,SERC,WEST,EKPC,EKPC,1391.592,True
4/19/2025 10:00:00 PM,4/19/2025 6:00:00 PM,SERC,WEST,EKPC,EKPC,1380.364,True
4/19/2025 11:00:00 PM,4/19/2025 7:00:00 PM,SERC,WEST,EKPC,EKPC,1351.263,True
4/20/2025 12:00:00 AM,4/19/2025 8:00:00 PM,SERC,WEST,EKPC,EKPC,1355.161,True
4/20/2025 1:00:00 AM,4/19/2025 9:00:00 PM,SERC,WEST,EKPC,EKPC,1326.536,True
4/20/2025 2:00:00 AM,4/19/2025 10:00:00 PM,SERC,WEST,EKPC,EKPC,1226.121,True
4/20/2025 3:00:00 AM,4/19/2025 11:00:00 PM,SERC,WEST,EKPC,EKPC,1122.777,True
4/20/2025 4:00:00 AM,4/20/2025 12:00:00 AM,SERC,WEST,EKPC,EKPC,1009.548,True
4/20/2025 5:00:00 AM,4/20/2025 1:00:00 AM,SERC,WEST,EKPC,EKPC,937.134,True
4/20/2025 6:00:00 AM,4/20/2025 2:00:00 AM,SERC,WEST,EKPC,EKPC,892.678,True
4/20/2025 7:00:00 AM,4/20/2025 3:00:00 AM,SERC,WEST,EKPC,EKPC,858.845,True
4/20/2025 8:00:00 AM,4/20/2025 4:00:00 AM,SERC,WEST,EKPC,EKPC,816.410,True
4/20/2025 9:00:00 AM,4/20/2025 5:00:00 AM,SERC,WEST,EKPC,EKPC,860.665,True
4/20/2025 10:00:00 AM,4/20/2025 6:00:00 AM,SERC,WEST,EKPC,EKPC,891.810,True
4/20/2025 11:00:00 AM,4/20/2025 7:00:00 AM,SERC,WEST,EKPC,EKPC,967.482,True
4/20/2025 12:00:00 PM,4/20/2025 8:00:00 AM,SERC,WEST,EKPC,EKPC,1075.270,True
4/20/2025 1:00:00 PM,4/20/2025 9:00:00 AM,SERC,WEST,EKPC,EKPC,1181.855,True
4/20/2025 2:00:00 PM,4/20/2025 10:00:00 AM,SERC,WEST,EKPC,EKPC,1180.571,True
4/20/2025 3:00:00 PM,4/20/2025 11:00:00 AM,SERC,WEST,EKPC,EKPC,1205.048,True
4/20/2025 4:00:00 PM,4/20/2025 12:00:00 PM,SERC,WEST,EKPC,EKPC,1278.182,True
4/20/2025 5:00:00 PM,4/20/2025 1:00:00 PM,SERC,WEST,EKPC,EKPC,1363.407,True
4/20/2025 6:00:00 PM,4/20/2025 2:00:00 PM,SERC,WEST,EKPC,EKPC,1391.586,True
4/20/2025 7:00:00 PM,4/20/2025 3:00:00 PM,SERC,WEST,EKPC,EKPC,1421.052,True
4/20/2025 8:00:00 PM,4/20/2025 4:00:00 PM,SERC,WEST,EKPC,EKPC,1479.843,True
4/20/2025 9:00:00 PM,4/20/2025 5:00:00 PM,SERC,WEST,EKPC,EKPC,1494.192,True
4/20/2025 10:00:00 PM,4/20/2025 6:00:00 PM,SERC,WEST,EKPC,EKPC,1498.671,True
4/20/2025 11:00:00 PM,4/20/2025 7:00:00 PM,SERC,WEST,EKPC,EKPC,1489.669,True
4/21/2025 12:00:00 AM,4/20/2025 8:00:00 PM,SERC,WEST,EKPC,EKPC,1495.055,True
4/21/2025 1:00:00 AM,4/20/2025 9:00:00 PM,SERC,WEST,EKPC,EKPC,1452.744,True
4/21/2025 2:00:00 AM,4/20/2025 10:00:00 PM,SERC,WEST,EKPC,EKPC,1316.174,True
4/21/2025 3:00:00 AM,4/20/2025 11:00:00 PM,SERC,WEST,EKPC,EKPC,1168.524,True
4/21/2025 4:00:00 AM,4/21/2025 12:00:00 AM,SERC,WEST,EKPC,EKPC,1037.976,True
4/21/2025 5:00:00 AM,4/21/2025 1:00:00 AM,SERC,WEST,EKPC,EKPC,962.853,True
4/21/2025 6:00:00 AM,4/21/2025 2:00:00 AM,SERC,WEST,EKPC,EKPC,936.916,True
4/21/2025 7:00:00 AM,4/21/2025 3:00:00 AM,SERC,WEST,EKPC,EKPC,911.171,True
4/21/2025 8:00:00 AM,4/21/2025 4:00:00 AM,SERC,WEST,EKPC,EKPC,920.704,True
4/21/2025 9:00:00 AM,4/21/2025 5:00:00 AM,SERC,WEST,EKPC,EKPC,988.115,True
4/21/2025 10:00:00 AM,4/21/2025 6:00:00 AM,SERC,WEST,EKPC,EKPC,1103.843,True
4/21/2025 11:00:00 AM,4/21/2025 7:00:00 AM,SERC,WEST,EKPC,EKPC,1169.332,True
4/21/2025 12:00:00 PM,4/21/2025 8:00:00 AM,SERC,WEST,EKPC,EKPC,1185.091,True
4/21/2025 1:00:00 PM,4/21/2025 9:00:00 AM,SERC,WEST,EKPC,EKPC,1193.651,True
4/21/2025 2:00:00 PM,4/21/2025 10:00:00 AM,SERC,WEST,EKPC,EKPC,1226.429,True
4/21/2025 3:00:00 PM,4/21/2025 11:00:00 AM,SERC,WEST,EKPC,EKPC,1240.838,True
4/21/2025 4:00:00 PM,4/21/2025 12:00:00 PM,SERC,WEST,EKPC,EKPC,1248.474,True
4/21/2025 5:00:00 PM,4/21/2025 1:00:00 PM,SERC,WEST,EKPC,EKPC,1235.724,True
4/21/2025 6:00:00 PM,4/21/2025 2:00:00 PM,SERC,WEST,EKPC,EKPC,1248.870,True
4/21/2025 7:00:00 PM,4/21/2025 3:00:00 PM,SERC,WEST,EKPC,EKPC,1255.615,True
4/21/2025 8:00:00 PM,4/21/2025 4:00:00 PM,SERC,WEST,EKPC,EKPC,1293.403,True
4/21/2025 9:00:00 PM,4/21/2025 5:00:00 PM,SERC,WEST,EKPC,EKPC,1332.666,True
4/21/2025 10:00:00 PM,4/21/2025 6:00:00 PM,SERC,WEST,EKPC,EKPC,1359.522,True
4/21/2025 11:00:00 PM,4/21/2025 7:00:00 PM,SERC,WEST,EKPC,EKPC,1348.264,True
4/22/2025 12:00:00 AM,4/21/2025 8:00:00 PM,SERC,WEST,EKPC,EKPC,1368.475,True
4/22/2025 1:00:00 AM,4/21/2025 9:00:00 PM,SERC,WEST,EKPC,EKPC,1348.792,True
4/22/2025 2:00:00 AM,4/21/2025 10:00:00 PM,SERC,WEST,EKPC,EKPC,1232.698,True
4/22/2025 3:00:00 AM,4/21/2025 11:00:00 PM,SERC,WEST,EKPC,EKPC,1091.308,True
4/22/2025 4:00:00 AM,4/22/2025 12:00:00 AM,SERC,WEST,EKPC,EKPC,995.114,True
4/22/2025 5:00:00 AM,4/22/2025 1:00:00 AM,SERC,WEST,EKPC,EKPC,935.172,True
4/22/2025 6:00:00 AM,4/22/2025 2:00:00 AM,SERC,WEST,EKPC,EKPC,916.102,True
4/22/2025 7:00:00 AM,4/22/2025 3:00:00 AM,SERC,WEST,EKPC,EKPC,904.798,True
4/22/2025 8:00:00 AM,4/22/2025 4:00:00 AM,SERC,WEST,EKPC,EKPC,920.155,True
4/22/2025 9:00:00 AM,4/22/2025 5:00:00 AM,SERC,WEST,EKPC,EKPC,988.445,True
4/22/2025 10:00:00 AM,4/22/2025 6:00:00 AM,SERC,WEST,EKPC,EKPC,1109.852,True
4/22/2025 11:00:00 AM,4/22/2025 7:00:00 AM,SERC,WEST,EKPC,EKPC,1171.105,True
4/22/2025 12:00:00 PM,4/22/2025 8:00:00 AM,SERC,WEST,EKPC,EKPC,1161.658,True
4/22/2025 1:00:00 PM,4/22/2025 9:00:00 AM,SERC,WEST,EKPC,EKPC,1151.472,True
4/22/2025 2:00:00 PM,4/22/2025 10:00:00 AM,SERC,WEST,EKPC,EKPC,1141.920,True
4/22/2025 3:00:00 PM,4/22/2025 11:00:00 AM,SERC,WEST,EKPC,EKPC,1146.568,True
4/22/2025 4:00:00 PM,4/22/2025 12:00:00 PM,SERC,WEST,EKPC,EKPC,1137.320,True
4/22/2025 5:00:00 PM,4/22/2025 1:00:00 PM,SERC,WEST,EKPC,EKPC,1169.495,True
4/22/2025 6:00:00 PM,4/22/2025 2:00:00 PM,SERC,WEST,EKPC,EKPC,1178.277,True
4/22/2025 7:00:00 PM,4/22/2025 3:00:00 PM,SERC,WEST,EKPC,EKPC,1214.793,True
4/22/2025 8:00:00 PM,4/22/2025 4:00:00 PM,SERC,WEST,EKPC,EKPC,1273.582,True
4/22/2025 9:00:00 PM,4/22/2025 5:00:00 PM,SERC,WEST,EKPC,EKPC,1315.757,True
4/22/2025 10:00:00 PM,4/22/2025 6:00:00 PM,SERC,WEST,EKPC,EKPC,1346.746,True
4/22/2025 11:00:00 PM,4/22/2025 7:00:00 PM,SERC,WEST,EKPC,EKPC,1341.889,True
4/23/2025 12:00:00 AM,4/22/2025 8:00:00 PM,SERC,WEST,EKPC,EKPC,1369.256,True
4/23/2025 1:00:00 AM,4/22/2025 9:00:00 PM,SERC,WEST,EKPC,EKPC,1338.154,True
4/23/2025 2:00:00 AM,4/22/2025 10:00:00 PM,SERC,WEST,EKPC,EKPC,1197.421,True
4/23/2025 3:00:00 AM,4/22/2025 11:00:00 PM,SERC,WEST,EKPC,EKPC,1128.728,True
4/23/2025 4:00:00 AM,4/23/2025 12:00:00 AM,SERC,WEST,EKPC,EKPC,982.006,True
4/23/2025 5:00:00 AM,4/23/2025 1:00:00 AM,SERC,WEST,EKPC,EKPC,916.463,True
4/23/2025 6:00:00 AM,4/23/2025 2:00:00 AM,SERC,WEST,EKPC,EKPC,903.278,True
4/23/2025 7:00:00 AM,4/23/2025 3:00:00 AM,SERC,WEST,EKPC,EKPC,891.839,True
4/23/2025 8:00:00 AM,4/23/2025 4:00:00 AM,SERC,WEST,EKPC,EKPC,914.658,True
4/23/2025 9:00:00 AM,4/23/2025 5:00:00 AM,SERC,WEST,EKPC,EKPC,992.441,True
4/23/2025 10:00:00 AM,4/23/2025 6:00:00 AM,SERC,WEST,EKPC,EKPC,1135.994,True
4/23/2025 11:00:00 AM,4/23/2025 7:00:00 AM,SERC,WEST,EKPC,EKPC,1187.803,True
4/23/2025 12:00:00 PM,4/23/2025 8:00:00 AM,SERC,WEST,EKPC,EKPC,1159.442,True
4/23/2025 1:00:00 PM,4/23/2025 9:00:00 AM,SERC,WEST,EKPC,EKPC,1129.123,True
4/23/2025 2:00:00 PM,4/23/2025 10:00:00 AM,SERC,WEST,EKPC,EKPC,1093.911,True
4/23/2025 3:00:00 PM,4/23/2025 11:00:00 AM,SERC,WEST,EKPC,EKPC,1085.614,True
4/23/2025 4:00:00 PM,4/23/2025 12:00:00 PM,SERC,WEST,EKPC,EKPC,1121.729,True
4/23/2025 5:00:00 PM,4/23/2025 1:00:00 PM,SERC,WEST,EKPC,EKPC,1183.756,True
4/23/2025 6:00:00 PM,4/23/2025 2:00:00 PM,SERC,WEST,EKPC,EKPC,1224.197,True
4/23/2025 7:00:00 PM,4/23/2025 3:00:00 PM,SERC,WEST,EKPC,EKPC,1299.244,True
4/23/2025 8:00:00 PM,4/23/2025 4:00:00 PM,SERC,WEST,EKPC,EKPC,1370.744,True
4/23/2025 9:00:00 PM,4/23/2025 5:00:00 PM,SERC,WEST,EKPC,EKPC,1448.168,True
4/23/2025 10:00:00 PM,4/23/2025 6:00:00 PM,SERC,WEST,EKPC,EKPC,1455.855,True
4/23/2025 11:00:00 PM,4/23/2025 7:00:00 PM,SERC,WEST,EKPC,EKPC,1424.507,True
4/24/2025 12:00:00 AM,4/23/2025 8:00:00 PM,SERC,WEST,EKPC,EKPC,1427.382,True
4/24/2025 1:00:00 AM,4/23/2025 9:00:00 PM,SERC,WEST,EKPC,EKPC,1378.921,True
4/24/2025 2:00:00 AM,4/23/2025 10:00:00 PM,SERC,WEST,EKPC,EKPC,1247.239,True
4/24/2025 3:00:00 AM,4/23/2025 11:00:00 PM,SERC,WEST,EKPC,EKPC,1092.679,True
4/24/2025 4:00:00 AM,4/24/2025 12:00:00 AM,SERC,WEST,EKPC,EKPC,988.580,True
4/24/2025 5:00:00 AM,4/24/2025 1:00:00 AM,SERC,WEST,EKPC,EKPC,929.237,True
4/24/2025 6:00:00 AM,4/24/2025 2:00:00 AM,SERC,WEST,EKPC,EKPC,893.775,True
4/24/2025 7:00:00 AM,4/24/2025 3:00:00 AM,SERC,WEST,EKPC,EKPC,884.332,True
4/24/2025 8:00:00 AM,4/24/2025 4:00:00 AM,SERC,WEST,EKPC,EKPC,899.607,True
4/24/2025 9:00:00 AM,4/24/2025 5:00:00 AM,SERC,WEST,EKPC,EKPC,972.126,True
4/24/2025 10:00:00 AM,4/24/2025 6:00:00 AM,SERC,WEST,EKPC,EKPC,1095.856,True
4/24/2025 11:00:00 AM,4/24/2025 7:00:00 AM,SERC,WEST,EKPC,EKPC,1136.500,True
4/24/2025 12:00:00 PM,4/24/2025 8:00:00 AM,SERC,WEST,EKPC,EKPC,1142.728,True
4/24/2025 1:00:00 PM,4/24/2025 9:00:00 AM,SERC,WEST,EKPC,EKPC,1163.261,True
4/24/2025 2:00:00 PM,4/24/2025 10:00:00 AM,SERC,WEST,EKPC,EKPC,1178.721,True
4/24/2025 3:00:00 PM,4/24/2025 11:00:00 AM,SERC,WEST,EKPC,EKPC,1223.233,True
4/24/2025 4:00:00 PM,4/24/2025 12:00:00 PM,SERC,WEST,EKPC,EKPC,1256.083,True
4/24/2025 5:00:00 PM,4/24/2025 1:00:00 PM,SERC,WEST,EKPC,EKPC,1320.585,True
4/24/2025 6:00:00 PM,4/24/2025 2:00:00 PM,SERC,WEST,EKPC,EKPC,1341.824,True
4/24/2025 7:00:00 PM,4/24/2025 3:00:00 PM,SERC,WEST,EKPC,EKPC,1398.785,True
4/24/2025 8:00:00 PM,4/24/2025 4:00:00 PM,SERC,WEST,EKPC,EKPC,1427.341,True
4/24/2025 9:00:00 PM,4/24/2025 5:00:00 PM,SERC,WEST,EKPC,EKPC,1449.698,True
4/24/2025 10:00:00 PM,4/24/2025 6:00:00 PM,SERC,WEST,EKPC,EKPC,1439.788,True
4/24/2025 11:00:00 PM,4/24/2025 7:00:00 PM,SERC,WEST,EKPC,EKPC,1411.487,True
4/25/2025 12:00:00 AM,4/24/2025 8:00:00 PM,SERC,WEST,EKPC,EKPC,1431.556,True
4/25/2025 1:00:00 AM,4/24/2025 9:00:00 PM,SERC,WEST,EKPC,EKPC,1387.188,True
4/25/2025 2:00:00 AM,4/24/2025 10:00:00 PM,SERC,WEST,EKPC,EKPC,1261.382,True
4/25/2025 3:00:00 AM,4/24/2025 11:00:00 PM,SERC,WEST,EKPC,EKPC,1120.907,True
4/25/2025 4:00:00 AM,4/25/2025 12:00:00 AM,SERC,WEST,EKPC,EKPC,1015.552,True
4/25/2025 5:00:00 AM,4/25/2025 1:00:00 AM,SERC,WEST,EKPC,EKPC,944.013,True
4/25/2025 6:00:00 AM,4/25/2025 2:00:00 AM,SERC,WEST,EKPC,EKPC,925.082,True
4/25/2025 7:00:00 AM,4/25/2025 3:00:00 AM,SERC,WEST,EKPC,EKPC,901.881,True
4/25/2025 8:00:00 AM,4/25/2025 4:00:00 AM,SERC,WEST,EKPC,EKPC,915.151,True
4/25/2025 9:00:00 AM,4/25/2025 5:00:00 AM,SERC,WEST,EKPC,EKPC,957.219,True
4/25/2025 10:00:00 AM,4/25/2025 6:00:00 AM,SERC,WEST,EKPC,EKPC,1088.465,True
4/25/2025 11:00:00 AM,4/25/2025 7:00:00 AM,SERC,WEST,EKPC,EKPC,1119.361,True
4/25/2025 12:00:00 PM,4/25/2025 8:00:00 AM,SERC,WEST,EKPC,EKPC,1143.044,True
4/25/2025 1:00:00 PM,4/25/2025 9:00:00 AM,SERC,WEST,EKPC,EKPC,1154.245,True
4/25/2025 2:00:00 PM,4/25/2025 10:00:00 AM,SERC,WEST,EKPC,EKPC,1180.273,True
4/25/2025 3:00:00 PM,4/25/2025 11:00:00 AM,SERC,WEST,EKPC,EKPC,1202.531,True
4/25/2025 4:00:00 PM,4/25/2025 12:00:00 PM,SERC,WEST,EKPC,EKPC,1199.006,True
4/25/2025 5:00:00 PM,4/25/2025 1:00:00 PM,SERC,WEST,EKPC,EKPC,1211.982,True
4/25/2025 6:00:00 PM,4/25/2025 2:00:00 PM,SERC,WEST,EKPC,EKPC,1205.630,True
4/25/2025 7:00:00 PM,4/25/2025 3:00:00 PM,SERC,WEST,EKPC,EKPC,1226.370,True
4/25/2025 8:00:00 PM,4/25/2025 4:00:00 PM,SERC,WEST,EKPC,EKPC,1240.384,True
4/25/2025 9:00:00 PM,4/25/2025 5:00:00 PM,SERC,WEST,EKPC,EKPC,1295.662,True
4/25/2025 10:00:00 PM,4/25/2025 6:00:00 PM,SERC,WEST,EKPC,EKPC,1276.949,True
4/25/2025 11:00:00 PM,4/25/2025 7:00:00 PM,SERC,WEST,EKPC,EKPC,1259.571,True
4/26/2025 12:00:00 AM,4/25/2025 8:00:00 PM,SERC,WEST,EKPC,EKPC,1270.413,True
4/26/2025 1:00:00 AM,4/25/2025 9:00:00 PM,SERC,WEST,EKPC,EKPC,1251.094,True
4/26/2025 2:00:00 AM,4/25/2025 10:00:00 PM,SERC,WEST,EKPC,EKPC,1178.594,True
4/26/2025 3:00:00 AM,4/25/2025 11:00:00 PM,SERC,WEST,EKPC,EKPC,1070.583,True
4/26/2025 4:00:00 AM,4/26/2025 12:00:00 AM,SERC,WEST,EKPC,EKPC,1000.623,True
4/26/2025 5:00:00 AM,4/26/2025 1:00:00 AM,SERC,WEST,EKPC,EKPC,926.212,True
4/26/2025 6:00:00 AM,4/26/2025 2:00:00 AM,SERC,WEST,EKPC,EKPC,906.724,True
4/26/2025 7:00:00 AM,4/26/2025 3:00:00 AM,SERC,WEST,EKPC,EKPC,875.764,True
4/26/2025 8:00:00 AM,4/26/2025 4:00:00 AM,SERC,WEST,EKPC,EKPC,871.092,True
4/26/2025 9:00:00 AM,4/26/2025 5:00:00 AM,SERC,WEST,EKPC,EKPC,893.489,True
4/26/2025 10:00:00 AM,4/26/2025 6:00:00 AM,SERC,WEST,EKPC,EKPC,925.028,True
4/26/2025 11:00:00 AM,4/26/2025 7:00:00 AM,SERC,WEST,EKPC,EKPC,978.812,True
4/26/2025 12:00:00 PM,4/26/2025 8:00:00 AM,SERC,WEST,EKPC,EKPC,1042.475,True
4/26/2025 1:00:00 PM,4/26/2025 9:00:00 AM,SERC,WEST,EKPC,EKPC,1112.300,True
4/26/2025 2:00:00 PM,4/26/2025 10:00:00 AM,SERC,WEST,EKPC,EKPC,1149.185,True
4/26/2025 3:00:00 PM,4/26/2025 11:00:00 AM,SERC,WEST,EKPC,EKPC,1161.198,True
4/26/2025 4:00:00 PM,4/26/2025 12:00:00 PM,SERC,WEST,EKPC,EKPC,1171.214,True
4/26/2025 5:00:00 PM,4/26/2025 1:00:00 PM,SERC,WEST,EKPC,EKPC,1158.746,True
4/26/2025 6:00:00 PM,4/26/2025 2:00:00 PM,SERC,WEST,EKPC,EKPC,1163.402,True
4/26/2025 7:00:00 PM,4/26/2025 3:00:00 PM,SERC,WEST,EKPC,EKPC,1160.648,True
4/26/2025 8:00:00 PM,4/26/2025 4:00:00 PM,SERC,WEST,EKPC,EKPC,1166.549,True
4/26/2025 9:00:00 PM,4/26/2025 5:00:00 PM,SERC,WEST,EKPC,EKPC,1182.258,True
4/26/2025 10:00:00 PM,4/26/2025 6:00:00 PM,SERC,WEST,EKPC,EKPC,1176.521,True
4/26/2025 11:00:00 PM,4/26/2025 7:00:00 PM,SERC,WEST,EKPC,EKPC,1174.055,True
4/27/2025 12:00:00 AM,4/26/2025 8:00:00 PM,SERC,WEST,EKPC,EKPC,1183.634,True
4/27/2025 1:00:00 AM,4/26/2025 9:00:00 PM,SERC,WEST,EKPC,EKPC,1191.400,True
4/27/2025 2:00:00 AM,4/26/2025 10:00:00 PM,SERC,WEST,EKPC,EKPC,1130.782,True
4/27/2025 3:00:00 AM,4/26/2025 11:00:00 PM,SERC,WEST,EKPC,EKPC,1046.552,True
4/27/2025 4:00:00 AM,4/27/2025 12:00:00 AM,SERC,WEST,EKPC,EKPC,990.593,True
4/27/2025 5:00:00 AM,4/27/2025 1:00:00 AM,SERC,WEST,EKPC,EKPC,950.562,True
4/27/2025 6:00:00 AM,4/27/2025 2:00:00 AM,SERC,WEST,EKPC,EKPC,931.314,True
4/27/2025 7:00:00 AM,4/27/2025 3:00:00 AM,SERC,WEST,EKPC,EKPC,924.799,True
4/27/2025 8:00:00 AM,4/27/2025 4:00:00 AM,SERC,WEST,EKPC,EKPC,939.856,True
4/27/2025 9:00:00 AM,4/27/2025 5:00:00 AM,SERC,WEST,EKPC,EKPC,965.305,True
4/27/2025 10:00:00 AM,4/27/2025 6:00:00 AM,SERC,WEST,EKPC,EKPC,1004.412,True
4/27/2025 11:00:00 AM,4/27/2025 7:00:00 AM,SERC,WEST,EKPC,EKPC,1100.861,True
4/27/2025 12:00:00 PM,4/27/2025 8:00:00 AM,SERC,WEST,EKPC,EKPC,1173.755,True
4/27/2025 1:00:00 PM,4/27/2025 9:00:00 AM,SERC,WEST,EKPC,EKPC,1194.537,True
4/27/2025 2:00:00 PM,4/27/2025 10:00:00 AM,SERC,WEST,EKPC,EKPC,1157.499,True
4/27/2025 3:00:00 PM,4/27/2025 11:00:00 AM,SERC,WEST,EKPC,EKPC,1193.791,True
4/27/2025 4:00:00 PM,4/27/2025 12:00:00 PM,SERC,WEST,EKPC,EKPC,1194.018,True
4/27/2025 5:00:00 PM,4/27/2025 1:00:00 PM,SERC,WEST,EKPC,EKPC,1192.393,True
4/27/2025 6:00:00 PM,4/27/2025 2:00:00 PM,SERC,WEST,EKPC,EKPC,1142.860,True
4/27/2025 7:00:00 PM,4/27/2025 3:00:00 PM,SERC,WEST,EKPC,EKPC,1171.504,True
4/27/2025 8:00:00 PM,4/27/2025 4:00:00 PM,SERC,WEST,EKPC,EKPC,1205.408,True
4/27/2025 9:00:00 PM,4/27/2025 5:00:00 PM,SERC,WEST,EKPC,EKPC,1188.100,True
4/27/2025 10:00:00 PM,4/27/2025 6:00:00 PM,SERC,WEST,EKPC,EKPC,1223.750,True
4/27/2025 11:00:00 PM,4/27/2025 7:00:00 PM,SERC,WEST,EKPC,EKPC,1267.495,True
4/28/2025 12:00:00 AM,4/27/2025 8:00:00 PM,SERC,WEST,EKPC,EKPC,1326.894,True
4/28/2025 1:00:00 AM,4/27/2025 9:00:00 PM,SERC,WEST,EKPC,EKPC,1364.956,True
4/28/2025 2:00:00 AM,4/27/2025 10:00:00 PM,SERC,WEST,EKPC,EKPC,1294.254,True
4/28/2025 3:00:00 AM,4/27/2025 11:00:00 PM,SERC,WEST,EKPC,EKPC,1170.017,True
4/28/2025 4:00:00 AM,4/28/2025 12:00:00 AM,SERC,WEST,EKPC,EKPC,1139.813,True
4/28/2025 5:00:00 AM,4/28/2025 1:00:00 AM,SERC,WEST,EKPC,EKPC,1093.018,True
4/28/2025 6:00:00 AM,4/28/2025 2:00:00 AM,SERC,WEST,EKPC,EKPC,970.901,True
4/28/2025 7:00:00 AM,4/28/2025 3:00:00 AM,SERC,WEST,EKPC,EKPC,1002.595,True
4/28/2025 8:00:00 AM,4/28/2025 4:00:00 AM,SERC,WEST,EKPC,EKPC,958.802,True
4/28/2025 9:00:00 AM,4/28/2025 5:00:00 AM,SERC,WEST,EKPC,EKPC,1058.887,True
4/28/2025 10:00:00 AM,4/28/2025 6:00:00 AM,SERC,WEST,EKPC,EKPC,1224.780,True
4/28/2025 11:00:00 AM,4/28/2025 7:00:00 AM,SERC,WEST,EKPC,EKPC,1340.609,True
4/28/2025 12:00:00 PM,4/28/2025 8:00:00 AM,SERC,WEST,EKPC,EKPC,1325.639,True
4/28/2025 1:00:00 PM,4/28/2025 9:00:00 AM,SERC,WEST,EKPC,EKPC,1361.235,True
4/28/2025 2:00:00 PM,4/28/2025 10:00:00 AM,SERC,WEST,EKPC,EKPC,1331.738,True
4/28/2025 3:00:00 PM,4/28/2025 11:00:00 AM,SERC,WEST,EKPC,EKPC,1373.411,True
4/28/2025 4:00:00 PM,4/28/2025 12:00:00 PM,SERC,WEST,EKPC,EKPC,1429.971,True
4/28/2025 5:00:00 PM,4/28/2025 1:00:00 PM,SERC,WEST,EKPC,EKPC,1465.499,True
4/28/2025 6:00:00 PM,4/28/2025 2:00:00 PM,SERC,WEST,EKPC,EKPC,1474.530,True
4/28/2025 7:00:00 PM,4/28/2025 3:00:00 PM,SERC,WEST,EKPC,EKPC,1508.508,True
4/28/2025 8:00:00 PM,4/28/2025 4:00:00 PM,SERC,WEST,EKPC,EKPC,1678.981,True
4/28/2025 9:00:00 PM,4/28/2025 5:00:00 PM,SERC,WEST,EKPC,EKPC,1611.518,True
4/28/2025 10:00:00 PM,4/28/2025 6:00:00 PM,SERC,WEST,EKPC,EKPC,1674.456,True
4/28/2025 11:00:00 PM,4/28/2025 7:00:00 PM,SERC,WEST,EKPC,EKPC,1724.851,True
4/29/2025 12:00:00 AM,4/28/2025 8:00:00 PM,SERC,WEST,EKPC,EKPC,1755.566,True
4/29/2025 1:00:00 AM,4/28/2025 9:00:00 PM,SERC,WEST,EKPC,EKPC,1671.458,True
4/29/2025 2:00:00 AM,4/28/2025 10:00:00 PM,SERC,WEST,EKPC,EKPC,1528.772,True
4/29/2025 3:00:00 AM,4/28/2025 11:00:00 PM,SERC,WEST,EKPC,EKPC,1364.553,True
4/29/2025 4:00:00 AM,4/29/2025 12:00:00 AM,SERC,WEST,EKPC,EKPC,1258.803,True
4/29/2025 5:00:00 AM,4/29/2025 1:00:00 AM,SERC,WEST,EKPC,EKPC,1207.742,True
4/29/2025 6:00:00 AM,4/29/2025 2:00:00 AM,SERC,WEST,EKPC,EKPC,1176.606,True
4/29/2025 7:00:00 AM,4/29/2025 3:00:00 AM,SERC,WEST,EKPC,EKPC,1128.426,True
4/29/2025 8:00:00 AM,4/29/2025 4:00:00 AM,SERC,WEST,EKPC,EKPC,1186.468,True
4/29/2025 9:00:00 AM,4/29/2025 5:00:00 AM,SERC,WEST,EKPC,EKPC,1148.715,True
4/29/2025 10:00:00 AM,4/29/2025 6:00:00 AM,SERC,WEST,EKPC,EKPC,1245.355,True
4/29/2025 11:00:00 AM,4/29/2025 7:00:00 AM,SERC,WEST,EKPC,EKPC,1303.780,True
4/29/2025 12:00:00 PM,4/29/2025 8:00:00 AM,SERC,WEST,EKPC,EKPC,1338.591,True
4/29/2025 1:00:00 PM,4/29/2025 9:00:00 AM,SERC,WEST,EKPC,EKPC,1344.034,True
4/29/2025 2:00:00 PM,4/29/2025 10:00:00 AM,SERC,WEST,EKPC,EKPC,1485.963,True
4/29/2025 3:00:00 PM,4/29/2025 11:00:00 AM,SERC,WEST,EKPC,EKPC,1521.116,True
4/29/2025 4:00:00 PM,4/29/2025 12:00:00 PM,SERC,WEST,EKPC,EKPC,1561.462,True
4/29/2025 5:00:00 PM,4/29/2025 1:00:00 PM,SERC,WEST,EKPC,EKPC,1671.585,True
4/29/2025 6:00:00 PM,4/29/2025 2:00:00 PM,SERC,WEST,EKPC,EKPC,1708.805,True
4/29/2025 7:00:00 PM,4/29/2025 3:00:00 PM,SERC,WEST,EKPC,EKPC,1790.728,True
4/29/2025 8:00:00 PM,4/29/2025 4:00:00 PM,SERC,WEST,EKPC,EKPC,1735.589,True
4/29/2025 9:00:00 PM,4/29/2025 5:00:00 PM,SERC,WEST,EKPC,EKPC,1707.897,True
4/29/2025 10:00:00 PM,4/29/2025 6:00:00 PM,SERC,WEST,EKPC,EKPC,1688.625,True
4/29/2025 11:00:00 PM,4/29/2025 7:00:00 PM,SERC,WEST,EKPC,EKPC,1757.580,True
4/30/2025 12:00:00 AM,4/29/2025 8:00:00 PM,SERC,WEST,EKPC,EKPC,1674.006,True
4/30/2025 1:00:00 AM,4/29/2025 9:00:00 PM,SERC,WEST,EKPC,EKPC,1628.286,True
4/30/2025 2:00:00 AM,4/29/2025 10:00:00 PM,SERC,WEST,EKPC,EKPC,1493.650,True
4/30/2025 3:00:00 AM,4/29/2025 11:00:00 PM,SERC,WEST,EKPC,EKPC,1364.023,True
4/30/2025 4:00:00 AM,4/30/2025 12:00:00 AM,SERC,WEST,EKPC,EKPC,1264.991,True
4/30/2025 5:00:00 AM,4/30/2025 1:00:00 AM,SERC,WEST,EKPC,EKPC,1212.631,True
4/30/2025 6:00:00 AM,4/30/2025 2:00:00 AM,SERC,WEST,EKPC,EKPC,1158.781,True
4/30/2025 7:00:00 AM,4/30/2025 3:00:00 AM,SERC,WEST,EKPC,EKPC,1149.262,True
4/30/2025 8:00:00 AM,4/30/2025 4:00:00 AM,SERC,WEST,EKPC,EKPC,1095.897,True
4/30/2025 9:00:00 AM,4/30/2025 5:00:00 AM,SERC,WEST,EKPC,EKPC,1163.604,True
4/30/2025 10:00:00 AM,4/30/2025 6:00:00 AM,SERC,WEST,EKPC,EKPC,1269.948,True
4/30/2025 11:00:00 AM,4/30/2025 7:00:00 AM,SERC,WEST,EKPC,EKPC,1395.166,True
4/30/2025 12:00:00 PM,4/30/2025 8:00:00 AM,SERC,WEST,EKPC,EKPC,1350.770,True
4/30/2025 1:00:00 PM,4/30/2025 9:00:00 AM,SERC,WEST,EKPC,EKPC,1336.352,True
4/30/2025 2:00:00 PM,4/30/2025 10:00:00 AM,SERC,WEST,EKPC,EKPC,1393.029,True
4/30/2025 3:00:00 PM,4/30/2025 11:00:00 AM,SERC,WEST,EKPC,EKPC,1430.457,True
4/30/2025 4:00:00 PM,4/30/2025 12:00:00 PM,SERC,WEST,EKPC,EKPC,1501.791,True
4/30/2025 5:00:00 PM,4/30/2025 1:00:00 PM,SERC,WEST,EKPC,EKPC,1570.343,True
4/30/2025 6:00:00 PM,4/30/2025 2:00:00 PM,SERC,WEST,EKPC,EKPC,1636.938,True
4/30/2025 7:00:00 PM,4/30/2025 3:00:00 PM,SERC,WEST,EKPC,EKPC,1696.865,True
4/30/2025 8:00:00 PM,4/30/2025 4:00:00 PM,SERC,WEST,EKPC,EKPC,1774.297,True
4/30/2025 9:00:00 PM,4/30/2025 5:00:00 PM,SERC,WEST,EKPC,EKPC,1831.504,True
4/30/2025 10:00:00 PM,4/30/2025 6:00:00 PM,SERC,WEST,EKPC,EKPC,1891.850,True
4/30/2025 11:00:00 PM,4/30/2025 7:00:00 PM,SERC,WEST,EKPC,EKPC,1848.868,True
5/1/2025 12:00:00 AM,4/30/2025 8:00:00 PM,SERC,WEST,EKPC,EKPC,1793.300,True
5/1/2025 1:00:00 AM,4/30/2025 9:00:00 PM,SERC,WEST,EKPC,EKPC,1674.391,True
5/1/2025 2:00:00 AM,4/30/2025 10:00:00 PM,SERC,WEST,EKPC,EKPC,1631.140,True
5/1/2025 3:00:00 AM,4/30/2025 11:00:00 PM,SERC,WEST,EKPC,EKPC,1382.151,True
5/1/2025 4:00:00 AM,5/1/2025 12:00:00 AM,SERC,WEST,EKPC,EKPC,1264.168,True
5/1/2025 5:00:00 AM,5/1/2025 1:00:00 AM,SERC,WEST,EKPC,EKPC,1208.641,True
5/1/2025 6:00:00 AM,5/1/2025 2:00:00 AM,SERC,WEST,EKPC,EKPC,1215.172,True
5/1/2025 7:00:00 AM,5/1/2025 3:00:00 AM,SERC,WEST,EKPC,EKPC,1190.872,True
5/1/2025 8:00:00 AM,5/1/2025 4:00:00 AM,SERC,WEST,EKPC,EKPC,1198.987,True
5/1/2025 9:00:00 AM,5/1/2025 5:00:00 AM,SERC,WEST,EKPC,EKPC,1194.796,True
5/1/2025 10:00:00 AM,5/1/2025 6:00:00 AM,SERC,WEST,EKPC,EKPC,1328.967,True
5/1/2025 11:00:00 AM,5/1/2025 7:00:00 AM,SERC,WEST,EKPC,EKPC,1393.482,True
5/1/2025 12:00:00 PM,5/1/2025 8:00:00 AM,SERC,WEST,EKPC,EKPC,1384.708,True
5/1/2025 1:00:00 PM,5/1/2025 9:00:00 AM,SERC,WEST,EKPC,EKPC,1476.294,True
5/1/2025 2:00:00 PM,5/1/2025 10:00:00 AM,SERC,WEST,EKPC,EKPC,1490.820,True
5/1/2025 3:00:00 PM,5/1/2025 11:00:00 AM,SERC,WEST,EKPC,EKPC,1575.018,True
5/1/2025 4:00:00 PM,5/1/2025 12:00:00 PM,SERC,WEST,EKPC,EKPC,1604.668,True
5/1/2025 5:00:00 PM,5/1/2025 1:00:00 PM,SERC,WEST,EKPC,EKPC,1592.692,True
5/1/2025 6:00:00 PM,5/1/2025 2:00:00 PM,SERC,WEST,EKPC,EKPC,1617.378,True
5/1/2025 7:00:00 PM,5/1/2025 3:00:00 PM,SERC,WEST,EKPC,EKPC,1605.635,True
5/1/2025 8:00:00 PM,5/1/2025 4:00:00 PM,SERC,WEST,EKPC,EKPC,1663.736,True
5/1/2025 9:00:00 PM,5/1/2025 5:00:00 PM,SERC,WEST,EKPC,EKPC,1589.829,True
5/1/2025 10:00:00 PM,5/1/2025 6:00:00 PM,SERC,WEST,EKPC,EKPC,1635.615,True
5/1/2025 11:00:00 PM,5/1/2025 7:00:00 PM,SERC,WEST,EKPC,EKPC,1647.391,True
5/2/2025 12:00:00 AM,5/1/2025 8:00:00 PM,SERC,WEST,EKPC,EKPC,1632.980,True
5/2/2025 1:00:00 AM,5/1/2025 9:00:00 PM,SERC,WEST,EKPC,EKPC,1539.088,True
5/2/2025 2:00:00 AM,5/1/2025 10:00:00 PM,SERC,WEST,EKPC,EKPC,1321.954,True
5/2/2025 3:00:00 AM,5/1/2025 11:00:00 PM,SERC,WEST,EKPC,EKPC,1353.344,True
5/2/2025 4:00:00 AM,5/2/2025 12:00:00 AM,SERC,WEST,EKPC,EKPC,1278.867,True
5/2/2025 5:00:00 AM,5/2/2025 1:00:00 AM,SERC,WEST,EKPC,EKPC,1206.736,True
5/2/2025 6:00:00 AM,5/2/2025 2:00:00 AM,SERC,WEST,EKPC,EKPC,1165.343,True
5/2/2025 7:00:00 AM,5/2/2025 3:00:00 AM,SERC,WEST,EKPC,EKPC,1108.292,True
5/2/2025 8:00:00 AM,5/2/2025 4:00:00 AM,SERC,WEST,EKPC,EKPC,1142.040,True
5/2/2025 9:00:00 AM,5/2/2025 5:00:00 AM,SERC,WEST,EKPC,EKPC,1177.851,True
5/2/2025 10:00:00 AM,5/2/2025 6:00:00 AM,SERC,WEST,EKPC,EKPC,1272.054,True
5/2/2025 11:00:00 AM,5/2/2025 7:00:00 AM,SERC,WEST,EKPC,EKPC,1298.265,True
5/2/2025 12:00:00 PM,5/2/2025 8:00:00 AM,SERC,WEST,EKPC,EKPC,1319.168,True
5/2/2025 1:00:00 PM,5/2/2025 9:00:00 AM,SERC,WEST,EKPC,EKPC,1286.966,True
5/2/2025 2:00:00 PM,5/2/2025 10:00:00 AM,SERC,WEST,EKPC,EKPC,1255.591,True
5/2/2025 3:00:00 PM,5/2/2025 11:00:00 AM,SERC,WEST,EKPC,EKPC,1300.381,True
5/2/2025 4:00:00 PM,5/2/2025 12:00:00 PM,SERC,WEST,EKPC,EKPC,1495.104,True
5/2/2025 5:00:00 PM,5/2/2025 1:00:00 PM,SERC,WEST,EKPC,EKPC,1532.912,True
5/2/2025 6:00:00 PM,5/2/2025 2:00:00 PM,SERC,WEST,EKPC,EKPC,1508.828,True
5/2/2025 7:00:00 PM,5/2/2025 3:00:00 PM,SERC,WEST,EKPC,EKPC,1472.010,True
5/2/2025 8:00:00 PM,5/2/2025 4:00:00 PM,SERC,WEST,EKPC,EKPC,1484.404,True
5/2/2025 9:00:00 PM,5/2/2025 5:00:00 PM,SERC,WEST,EKPC,EKPC,1437.198,True
5/2/2025 10:00:00 PM,5/2/2025 6:00:00 PM,SERC,WEST,EKPC,EKPC,1461.811,True
5/2/2025 11:00:00 PM,5/2/2025 7:00:00 PM,SERC,WEST,EKPC,EKPC,1465.516,True
5/3/2025 12:00:00 AM,5/2/2025 8:00:00 PM,SERC,WEST,EKPC,EKPC,1492.842,True
5/3/2025 1:00:00 AM,5/2/2025 9:00:00 PM,SERC,WEST,EKPC,EKPC,1357.823,True
5/3/2025 2:00:00 AM,5/2/2025 10:00:00 PM,SERC,WEST,EKPC,EKPC,1295.003,True
5/3/2025 3:00:00 AM,5/2/2025 11:00:00 PM,SERC,WEST,EKPC,EKPC,1182.096,True
5/3/2025 4:00:00 AM,5/3/2025 12:00:00 AM,SERC,WEST,EKPC,EKPC,1130.115,True
5/3/2025 5:00:00 AM,5/3/2025 1:00:00 AM,SERC,WEST,EKPC,EKPC,1038.849,True
5/3/2025 6:00:00 AM,5/3/2025 2:00:00 AM,SERC,WEST,EKPC,EKPC,1018.463,True
5/3/2025 7:00:00 AM,5/3/2025 3:00:00 AM,SERC,WEST,EKPC,EKPC,996.507,True
5/3/2025 8:00:00 AM,5/3/2025 4:00:00 AM,SERC,WEST,EKPC,EKPC,977.364,True
5/3/2025 9:00:00 AM,5/3/2025 5:00:00 AM,SERC,WEST,EKPC,EKPC,1084.427,True
5/3/2025 10:00:00 AM,5/3/2025 6:00:00 AM,SERC,WEST,EKPC,EKPC,1080.203,True
5/3/2025 11:00:00 AM,5/3/2025 7:00:00 AM,SERC,WEST,EKPC,EKPC,1019.138,True
5/3/2025 12:00:00 PM,5/3/2025 8:00:00 AM,SERC,WEST,EKPC,EKPC,1082.143,True
5/3/2025 1:00:00 PM,5/3/2025 9:00:00 AM,SERC,WEST,EKPC,EKPC,1245.799,True
5/3/2025 2:00:00 PM,5/3/2025 10:00:00 AM,SERC,WEST,EKPC,EKPC,1373.929,True
5/3/2025 3:00:00 PM,5/3/2025 11:00:00 AM,SERC,WEST,EKPC,EKPC,1341.837,True
5/3/2025 4:00:00 PM,5/3/2025 12:00:00 PM,SERC,WEST,EKPC,EKPC,1431.081,True
5/3/2025 5:00:00 PM,5/3/2025 1:00:00 PM,SERC,WEST,EKPC,EKPC,1368.195,True
5/3/2025 6:00:00 PM,5/3/2025 2:00:00 PM,SERC,WEST,EKPC,EKPC,1227.170,True
5/3/2025 7:00:00 PM,5/3/2025 3:00:00 PM,SERC,WEST,EKPC,EKPC,1264.177,True
5/3/2025 8:00:00 PM,5/3/2025 4:00:00 PM,SERC,WEST,EKPC,EKPC,1389.918,True
5/3/2025 9:00:00 PM,5/3/2025 5:00:00 PM,SERC,WEST,EKPC,EKPC,1384.073,True
5/3/2025 10:00:00 PM,5/3/2025 6:00:00 PM,SERC,WEST,EKPC,EKPC,1378.006,True
5/3/2025 11:00:00 PM,5/3/2025 7:00:00 PM,SERC,WEST,EKPC,EKPC,1377.623,True
5/4/2025 12:00:00 AM,5/3/2025 8:00:00 PM,SERC,WEST,EKPC,EKPC,1408.132,True
5/4/2025 1:00:00 AM,5/3/2025 9:00:00 PM,SERC,WEST,EKPC,EKPC,1397.872,True
5/4/2025 2:00:00 AM,5/3/2025 10:00:00 PM,SERC,WEST,EKPC,EKPC,1306.933,True
5/4/2025 3:00:00 AM,5/3/2025 11:00:00 PM,SERC,WEST,EKPC,EKPC,1259.178,True
5/4/2025 4:00:00 AM,5/4/2025 12:00:00 AM,SERC,WEST,EKPC,EKPC,1184.266,True
5/4/2025 5:00:00 AM,5/4/2025 1:00:00 AM,SERC,WEST,EKPC,EKPC,1114.653,True
5/4/2025 6:00:00 AM,5/4/2025 2:00:00 AM,SERC,WEST,EKPC,EKPC,1129.466,True
5/4/2025 7:00:00 AM,5/4/2025 3:00:00 AM,SERC,WEST,EKPC,EKPC,971.705,True
5/4/2025 8:00:00 AM,5/4/2025 4:00:00 AM,SERC,WEST,EKPC,EKPC,966.202,True
5/4/2025 9:00:00 AM,5/4/2025 5:00:00 AM,SERC,WEST,EKPC,EKPC,1035.138,True
5/4/2025 10:00:00 AM,5/4/2025 6:00:00 AM,SERC,WEST,EKPC,EKPC,1081.406,True
5/4/2025 11:00:00 AM,5/4/2025 7:00:00 AM,SERC,WEST,EKPC,EKPC,1041.600,True
5/4/2025 12:00:00 PM,5/4/2025 8:00:00 AM,SERC,WEST,EKPC,EKPC,1133.989,True
5/4/2025 1:00:00 PM,5/4/2025 9:00:00 AM,SERC,WEST,EKPC,EKPC,1167.555,True
5/4/2025 2:00:00 PM,5/4/2025 10:00:00 AM,SERC,WEST,EKPC,EKPC,1165.828,True
5/4/2025 3:00:00 PM,5/4/2025 11:00:00 AM,SERC,WEST,EKPC,EKPC,1169.326,True
5/4/2025 4:00:00 PM,5/4/2025 12:00:00 PM,SERC,WEST,EKPC,EKPC,1177.873,True
5/4/2025 5:00:00 PM,5/4/2025 1:00:00 PM,SERC,WEST,EKPC,EKPC,1184.517,True
5/4/2025 6:00:00 PM,5/4/2025 2:00:00 PM,SERC,WEST,EKPC,EKPC,1169.983,True
5/4/2025 7:00:00 PM,5/4/2025 3:00:00 PM,SERC,WEST,EKPC,EKPC,1190.143,True
5/4/2025 8:00:00 PM,5/4/2025 4:00:00 PM,SERC,WEST,EKPC,EKPC,1207.416,True
5/4/2025 9:00:00 PM,5/4/2025 5:00:00 PM,SERC,WEST,EKPC,EKPC,1250.289,True
5/4/2025 10:00:00 PM,5/4/2025 6:00:00 PM,SERC,WEST,EKPC,EKPC,1271.661,True
5/4/2025 11:00:00 PM,5/4/2025 7:00:00 PM,SERC,WEST,EKPC,EKPC,1298.075,True
5/5/2025 12:00:00 AM,5/4/2025 8:00:00 PM,SERC,WEST,EKPC,EKPC,1325.524,True
5/5/2025 1:00:00 AM,5/4/2025 9:00:00 PM,SERC,WEST,EKPC,EKPC,1301.669,True
5/5/2025 2:00:00 AM,5/4/2025 10:00:00 PM,SERC,WEST,EKPC,EKPC,1226.375,True
5/5/2025 3:00:00 AM,5/4/2025 11:00:00 PM,SERC,WEST,EKPC,EKPC,1110.128,True
5/5/2025 4:00:00 AM,5/5/2025 12:00:00 AM,SERC,WEST,EKPC,EKPC,1056.285,True
5/5/2025 5:00:00 AM,5/5/2025 1:00:00 AM,SERC,WEST,EKPC,EKPC,1002.921,True
5/5/2025 6:00:00 AM,5/5/2025 2:00:00 AM,SERC,WEST,EKPC,EKPC,1024.836,True
5/5/2025 7:00:00 AM,5/5/2025 3:00:00 AM,SERC,WEST,EKPC,EKPC,1005.738,True
5/5/2025 8:00:00 AM,5/5/2025 4:00:00 AM,SERC,WEST,EKPC,EKPC,1035.587,True
5/5/2025 9:00:00 AM,5/5/2025 5:00:00 AM,SERC,WEST,EKPC,EKPC,1177.068,True
5/5/2025 10:00:00 AM,5/5/2025 6:00:00 AM,SERC,WEST,EKPC,EKPC,1420.240,True
5/5/2025 11:00:00 AM,5/5/2025 7:00:00 AM,SERC,WEST,EKPC,EKPC,1452.379,True
5/5/2025 12:00:00 PM,5/5/2025 8:00:00 AM,SERC,WEST,EKPC,EKPC,1440.485,True
5/5/2025 1:00:00 PM,5/5/2025 9:00:00 AM,SERC,WEST,EKPC,EKPC,1471.847,True
5/5/2025 2:00:00 PM,5/5/2025 10:00:00 AM,SERC,WEST,EKPC,EKPC,1507.364,True
5/5/2025 3:00:00 PM,5/5/2025 11:00:00 AM,SERC,WEST,EKPC,EKPC,1517.802,True
5/5/2025 4:00:00 PM,5/5/2025 12:00:00 PM,SERC,WEST,EKPC,EKPC,1511.096,True
5/5/2025 5:00:00 PM,5/5/2025 1:00:00 PM,SERC,WEST,EKPC,EKPC,1470.564,True
5/5/2025 6:00:00 PM,5/5/2025 2:00:00 PM,SERC,WEST,EKPC,EKPC,1457.618,True
5/5/2025 7:00:00 PM,5/5/2025 3:00:00 PM,SERC,WEST,EKPC,EKPC,1421.267,True
5/5/2025 8:00:00 PM,5/5/2025 4:00:00 PM,SERC,WEST,EKPC,EKPC,1458.239,True
5/5/2025 9:00:00 PM,5/5/2025 5:00:00 PM,SERC,WEST,EKPC,EKPC,1373.222,True
5/5/2025 10:00:00 PM,5/5/2025 6:00:00 PM,SERC,WEST,EKPC,EKPC,1419.498,True
5/5/2025 11:00:00 PM,5/5/2025 7:00:00 PM,SERC,WEST,EKPC,EKPC,1487.535,True
5/6/2025 12:00:00 AM,5/5/2025 8:00:00 PM,SERC,WEST,EKPC,EKPC,1549.931,True
5/6/2025 1:00:00 AM,5/5/2025 9:00:00 PM,SERC,WEST,EKPC,EKPC,1551.185,True
5/6/2025 2:00:00 AM,5/5/2025 10:00:00 PM,SERC,WEST,EKPC,EKPC,1450.142,True
5/6/2025 3:00:00 AM,5/5/2025 11:00:00 PM,SERC,WEST,EKPC,EKPC,1205.507,True
5/6/2025 4:00:00 AM,5/6/2025 12:00:00 AM,SERC,WEST,EKPC,EKPC,1135.304,True
5/6/2025 5:00:00 AM,5/6/2025 1:00:00 AM,SERC,WEST,EKPC,EKPC,1107.996,True
5/6/2025 6:00:00 AM,5/6/2025 2:00:00 AM,SERC,WEST,EKPC,EKPC,1104.353,True
5/6/2025 7:00:00 AM,5/6/2025 3:00:00 AM,SERC,WEST,EKPC,EKPC,1120.724,True
5/6/2025 8:00:00 AM,5/6/2025 4:00:00 AM,SERC,WEST,EKPC,EKPC,1222.109,True
5/6/2025 9:00:00 AM,5/6/2025 5:00:00 AM,SERC,WEST,EKPC,EKPC,1300.530,True
5/6/2025 10:00:00 AM,5/6/2025 6:00:00 AM,SERC,WEST,EKPC,EKPC,1348.610,True
5/6/2025 11:00:00 AM,5/6/2025 7:00:00 AM,SERC,WEST,EKPC,EKPC,1496.377,True
5/6/2025 12:00:00 PM,5/6/2025 8:00:00 AM,SERC,WEST,EKPC,EKPC,1472.247,True
5/6/2025 1:00:00 PM,5/6/2025 9:00:00 AM,SERC,WEST,EKPC,EKPC,1451.839,True
5/6/2025 2:00:00 PM,5/6/2025 10:00:00 AM,SERC,WEST,EKPC,EKPC,1430.740,True
5/6/2025 3:00:00 PM,5/6/2025 11:00:00 AM,SERC,WEST,EKPC,EKPC,1415.832,True
5/6/2025 4:00:00 PM,5/6/2025 12:00:00 PM,SERC,WEST,EKPC,EKPC,1335.059,True
5/6/2025 5:00:00 PM,5/6/2025 1:00:00 PM,SERC,WEST,EKPC,EKPC,1325.007,True
5/6/2025 6:00:00 PM,5/6/2025 2:00:00 PM,SERC,WEST,EKPC,EKPC,1339.664,True
5/6/2025 7:00:00 PM,5/6/2025 3:00:00 PM,SERC,WEST,EKPC,EKPC,1328.481,True
5/6/2025 8:00:00 PM,5/6/2025 4:00:00 PM,SERC,WEST,EKPC,EKPC,1253.725,True
5/6/2025 9:00:00 PM,5/6/2025 5:00:00 PM,SERC,WEST,EKPC,EKPC,1275.090,True
5/6/2025 10:00:00 PM,5/6/2025 6:00:00 PM,SERC,WEST,EKPC,EKPC,1316.083,True
5/6/2025 11:00:00 PM,5/6/2025 7:00:00 PM,SERC,WEST,EKPC,EKPC,1318.585,True
5/7/2025 12:00:00 AM,5/6/2025 8:00:00 PM,SERC,WEST,EKPC,EKPC,1369.181,True
5/7/2025 1:00:00 AM,5/6/2025 9:00:00 PM,SERC,WEST,EKPC,EKPC,1368.956,True
5/7/2025 2:00:00 AM,5/6/2025 10:00:00 PM,SERC,WEST,EKPC,EKPC,1238.751,True
5/7/2025 3:00:00 AM,5/6/2025 11:00:00 PM,SERC,WEST,EKPC,EKPC,1135.992,True
5/7/2025 4:00:00 AM,5/7/2025 12:00:00 AM,SERC,WEST,EKPC,EKPC,1041.552,True
5/7/2025 5:00:00 AM,5/7/2025 1:00:00 AM,SERC,WEST,EKPC,EKPC,1006.184,True
5/7/2025 6:00:00 AM,5/7/2025 2:00:00 AM,SERC,WEST,EKPC,EKPC,998.427,True
5/7/2025 7:00:00 AM,5/7/2025 3:00:00 AM,SERC,WEST,EKPC,EKPC,977.698,True
5/7/2025 8:00:00 AM,5/7/2025 4:00:00 AM,SERC,WEST,EKPC,EKPC,1023.134,True
5/7/2025 9:00:00 AM,5/7/2025 5:00:00 AM,SERC,WEST,EKPC,EKPC,1097.857,True
5/7/2025 10:00:00 AM,5/7/2025 6:00:00 AM,SERC,WEST,EKPC,EKPC,1247.903,True
5/7/2025 11:00:00 AM,5/7/2025 7:00:00 AM,SERC,WEST,EKPC,EKPC,1282.465,True
5/7/2025 12:00:00 PM,5/7/2025 8:00:00 AM,SERC,WEST,EKPC,EKPC,1263.623,True
5/7/2025 1:00:00 PM,5/7/2025 9:00:00 AM,SERC,WEST,EKPC,EKPC,1244.794,True
5/7/2025 2:00:00 PM,5/7/2025 10:00:00 AM,SERC,WEST,EKPC,EKPC,1217.366,True
5/7/2025 3:00:00 PM,5/7/2025 11:00:00 AM,SERC,WEST,EKPC,EKPC,1218.271,True
5/7/2025 4:00:00 PM,5/7/2025 12:00:00 PM,SERC,WEST,EKPC,EKPC,1204.733,True
5/7/2025 5:00:00 PM,5/7/2025 1:00:00 PM,SERC,WEST,EKPC,EKPC,1203.669,True
5/7/2025 6:00:00 PM,5/7/2025 2:00:00 PM,SERC,WEST,EKPC,EKPC,1243.490,True
5/7/2025 7:00:00 PM,5/7/2025 3:00:00 PM,SERC,WEST,EKPC,EKPC,1365.109,True
5/7/2025 8:00:00 PM,5/7/2025 4:00:00 PM,SERC,WEST,EKPC,EKPC,1374.555,True
5/7/2025 9:00:00 PM,5/7/2025 5:00:00 PM,SERC,WEST,EKPC,EKPC,1409.853,True
5/7/2025 10:00:00 PM,5/7/2025 6:00:00 PM,SERC,WEST,EKPC,EKPC,1513.181,True
5/7/2025 11:00:00 PM,5/7/2025 7:00:00 PM,SERC,WEST,EKPC,EKPC,1517.174,True
5/8/2025 12:00:00 AM,5/7/2025 8:00:00 PM,SERC,WEST,EKPC,EKPC,1515.115,True
5/8/2025 1:00:00 AM,5/7/2025 9:00:00 PM,SERC,WEST,EKPC,EKPC,1516.690,True
5/8/2025 2:00:00 AM,5/7/2025 10:00:00 PM,SERC,WEST,EKPC,EKPC,1393.096,True
5/8/2025 3:00:00 AM,5/7/2025 11:00:00 PM,SERC,WEST,EKPC,EKPC,1269.100,True
5/8/2025 4:00:00 AM,5/8/2025 12:00:00 AM,SERC,WEST,EKPC,EKPC,1172.219,True
5/8/2025 5:00:00 AM,5/8/2025 1:00:00 AM,SERC,WEST,EKPC,EKPC,1181.738,True
5/8/2025 6:00:00 AM,5/8/2025 2:00:00 AM,SERC,WEST,EKPC,EKPC,1066.358,True
5/8/2025 7:00:00 AM,5/8/2025 3:00:00 AM,SERC,WEST,EKPC,EKPC,1034.272,True
5/8/2025 8:00:00 AM,5/8/2025 4:00:00 AM,SERC,WEST,EKPC,EKPC,1104.070,True
5/8/2025 9:00:00 AM,5/8/2025 5:00:00 AM,SERC,WEST,EKPC,EKPC,1213.813,True
5/8/2025 10:00:00 AM,5/8/2025 6:00:00 AM,SERC,WEST,EKPC,EKPC,1276.480,True
5/8/2025 11:00:00 AM,5/8/2025 7:00:00 AM,SERC,WEST,EKPC,EKPC,1382.326,True
5/8/2025 12:00:00 PM,5/8/2025 8:00:00 AM,SERC,WEST,EKPC,EKPC,1244.543,True
5/8/2025 1:00:00 PM,5/8/2025 9:00:00 AM,SERC,WEST,EKPC,EKPC,1333.243,True
5/8/2025 2:00:00 PM,5/8/2025 10:00:00 AM,SERC,WEST,EKPC,EKPC,1207.347,True
5/8/2025 3:00:00 PM,5/8/2025 11:00:00 AM,SERC,WEST,EKPC,EKPC,1269.846,True
5/8/2025 4:00:00 PM,5/8/2025 12:00:00 PM,SERC,WEST,EKPC,EKPC,1400.838,True
5/8/2025 5:00:00 PM,5/8/2025 1:00:00 PM,SERC,WEST,EKPC,EKPC,1469.473,True
5/8/2025 6:00:00 PM,5/8/2025 2:00:00 PM,SERC,WEST,EKPC,EKPC,1446.846,True
5/8/2025 7:00:00 PM,5/8/2025 3:00:00 PM,SERC,WEST,EKPC,EKPC,1499.766,True
5/8/2025 8:00:00 PM,5/8/2025 4:00:00 PM,SERC,WEST,EKPC,EKPC,1481.115,True
5/8/2025 9:00:00 PM,5/8/2025 5:00:00 PM,SERC,WEST,EKPC,EKPC,1537.287,True
5/8/2025 10:00:00 PM,5/8/2025 6:00:00 PM,SERC,WEST,EKPC,EKPC,1512.560,True
5/8/2025 11:00:00 PM,5/8/2025 7:00:00 PM,SERC,WEST,EKPC,EKPC,1509.043,True
5/9/2025 12:00:00 AM,5/8/2025 8:00:00 PM,SERC,WEST,EKPC,EKPC,1515.860,True
5/9/2025 1:00:00 AM,5/8/2025 9:00:00 PM,SERC,WEST,EKPC,EKPC,1536.539,True
5/9/2025 2:00:00 AM,5/8/2025 10:00:00 PM,SERC,WEST,EKPC,EKPC,1394.433,True
5/9/2025 3:00:00 AM,5/8/2025 11:00:00 PM,SERC,WEST,EKPC,EKPC,1270.414,True
5/9/2025 4:00:00 AM,5/9/2025 12:00:00 AM,SERC,WEST,EKPC,EKPC,1211.728,True
5/9/2025 5:00:00 AM,5/9/2025 1:00:00 AM,SERC,WEST,EKPC,EKPC,1105.902,True
5/9/2025 6:00:00 AM,5/9/2025 2:00:00 AM,SERC,WEST,EKPC,EKPC,1027.942,True
5/9/2025 7:00:00 AM,5/9/2025 3:00:00 AM,SERC,WEST,EKPC,EKPC,1098.132,True
5/9/2025 8:00:00 AM,5/9/2025 4:00:00 AM,SERC,WEST,EKPC,EKPC,1120.152,True
5/9/2025 9:00:00 AM,5/9/2025 5:00:00 AM,SERC,WEST,EKPC,EKPC,1211.972,True
5/9/2025 10:00:00 AM,5/9/2025 6:00:00 AM,SERC,WEST,EKPC,EKPC,1313.512,True
5/9/2025 11:00:00 AM,5/9/2025 7:00:00 AM,SERC,WEST,EKPC,EKPC,1398.870,True
5/9/2025 12:00:00 PM,5/9/2025 8:00:00 AM,SERC,WEST,EKPC,EKPC,1393.214,True
5/9/2025 1:00:00 PM,5/9/2025 9:00:00 AM,SERC,WEST,EKPC,EKPC,1375.510,True
5/9/2025 2:00:00 PM,5/9/2025 10:00:00 AM,SERC,WEST,EKPC,EKPC,1346.561,True
5/9/2025 3:00:00 PM,5/9/2025 11:00:00 AM,SERC,WEST,EKPC,EKPC,1371.455,True
5/9/2025 4:00:00 PM,5/9/2025 12:00:00 PM,SERC,WEST,EKPC,EKPC,1383.359,True
5/9/2025 5:00:00 PM,5/9/2025 1:00:00 PM,SERC,WEST,EKPC,EKPC,1331.003,True
5/9/2025 6:00:00 PM,5/9/2025 2:00:00 PM,SERC,WEST,EKPC,EKPC,1409.625,True
5/9/2025 7:00:00 PM,5/9/2025 3:00:00 PM,SERC,WEST,EKPC,EKPC,1379.437,True
5/9/2025 8:00:00 PM,5/9/2025 4:00:00 PM,SERC,WEST,EKPC,EKPC,1425.146,True
5/9/2025 9:00:00 PM,5/9/2025 5:00:00 PM,SERC,WEST,EKPC,EKPC,1414.758,True
5/9/2025 10:00:00 PM,5/9/2025 6:00:00 PM,SERC,WEST,EKPC,EKPC,1487.179,True
5/9/2025 11:00:00 PM,5/9/2025 7:00:00 PM,SERC,WEST,EKPC,EKPC,1451.877,True
5/10/2025 12:00:00 AM,5/9/2025 8:00:00 PM,SERC,WEST,EKPC,EKPC,1416.380,True
5/10/2025 1:00:00 AM,5/9/2025 9:00:00 PM,SERC,WEST,EKPC,EKPC,1287.654,True
5/10/2025 2:00:00 AM,5/9/2025 10:00:00 PM,SERC,WEST,EKPC,EKPC,1222.581,True
5/10/2025 3:00:00 AM,5/9/2025 11:00:00 PM,SERC,WEST,EKPC,EKPC,1104.328,True
5/10/2025 4:00:00 AM,5/10/2025 12:00:00 AM,SERC,WEST,EKPC,EKPC,1066.606,True
5/10/2025 5:00:00 AM,5/10/2025 1:00:00 AM,SERC,WEST,EKPC,EKPC,1104.482,True
5/10/2025 6:00:00 AM,5/10/2025 2:00:00 AM,SERC,WEST,EKPC,EKPC,1133.519,True
5/10/2025 7:00:00 AM,5/10/2025 3:00:00 AM,SERC,WEST,EKPC,EKPC,1162.170,True
5/10/2025 8:00:00 AM,5/10/2025 4:00:00 AM,SERC,WEST,EKPC,EKPC,1175.133,True
5/10/2025 9:00:00 AM,5/10/2025 5:00:00 AM,SERC,WEST,EKPC,EKPC,1105.861,True
5/10/2025 10:00:00 AM,5/10/2025 6:00:00 AM,SERC,WEST,EKPC,EKPC,1109.675,True
5/10/2025 11:00:00 AM,5/10/2025 7:00:00 AM,SERC,WEST,EKPC,EKPC,1206.903,True
5/10/2025 12:00:00 PM,5/10/2025 8:00:00 AM,SERC,WEST,EKPC,EKPC,1323.418,True
5/10/2025 1:00:00 PM,5/10/2025 9:00:00 AM,SERC,WEST,EKPC,EKPC,1351.676,True
5/10/2025 2:00:00 PM,5/10/2025 10:00:00 AM,SERC,WEST,EKPC,EKPC,1326.035,True
5/10/2025 3:00:00 PM,5/10/2025 11:00:00 AM,SERC,WEST,EKPC,EKPC,1315.418,True
5/10/2025 4:00:00 PM,5/10/2025 12:00:00 PM,SERC,WEST,EKPC,EKPC,1290.080,True
5/10/2025 5:00:00 PM,5/10/2025 1:00:00 PM,SERC,WEST,EKPC,EKPC,1243.017,True
5/10/2025 6:00:00 PM,5/10/2025 2:00:00 PM,SERC,WEST,EKPC,EKPC,1276.366,True
5/10/2025 7:00:00 PM,5/10/2025 3:00:00 PM,SERC,WEST,EKPC,EKPC,1278.076,True
5/10/2025 8:00:00 PM,5/10/2025 4:00:00 PM,SERC,WEST,EKPC,EKPC,1304.121,True
5/10/2025 9:00:00 PM,5/10/2025 5:00:00 PM,SERC,WEST,EKPC,EKPC,1305.584,True
5/10/2025 10:00:00 PM,5/10/2025 6:00:00 PM,SERC,WEST,EKPC,EKPC,1245.276,True
5/10/2025 11:00:00 PM,5/10/2025 7:00:00 PM,SERC,WEST,EKPC,EKPC,1241.515,True
5/11/2025 12:00:00 AM,5/10/2025 8:00:00 PM,SERC,WEST,EKPC,EKPC,1295.577,True
5/11/2025 1:00:00 AM,5/10/2025 9:00:00 PM,SERC,WEST,EKPC,EKPC,1338.519,True
5/11/2025 2:00:00 AM,5/10/2025 10:00:00 PM,SERC,WEST,EKPC,EKPC,1350.556,True
5/11/2025 3:00:00 AM,5/10/2025 11:00:00 PM,SERC,WEST,EKPC,EKPC,1231.711,True
5/11/2025 4:00:00 AM,5/11/2025 12:00:00 AM,SERC,WEST,EKPC,EKPC,989.141,True
5/11/2025 5:00:00 AM,5/11/2025 1:00:00 AM,SERC,WEST,EKPC,EKPC,1015.854,True
5/11/2025 6:00:00 AM,5/11/2025 2:00:00 AM,SERC,WEST,EKPC,EKPC,999.401,True
5/11/2025 7:00:00 AM,5/11/2025 3:00:00 AM,SERC,WEST,EKPC,EKPC,1038.550,True
5/11/2025 8:00:00 AM,5/11/2025 4:00:00 AM,SERC,WEST,EKPC,EKPC,1023.605,True
5/11/2025 9:00:00 AM,5/11/2025 5:00:00 AM,SERC,WEST,EKPC,EKPC,1094.248,True
5/11/2025 10:00:00 AM,5/11/2025 6:00:00 AM,SERC,WEST,EKPC,EKPC,1115.937,True
5/11/2025 11:00:00 AM,5/11/2025 7:00:00 AM,SERC,WEST,EKPC,EKPC,1204.606,True
5/11/2025 12:00:00 PM,5/11/2025 8:00:00 AM,SERC,WEST,EKPC,EKPC,1236.417,True
5/11/2025 1:00:00 PM,5/11/2025 9:00:00 AM,SERC,WEST,EKPC,EKPC,1329.346,True
5/11/2025 2:00:00 PM,5/11/2025 10:00:00 AM,SERC,WEST,EKPC,EKPC,1278.767,True
5/11/2025 3:00:00 PM,5/11/2025 11:00:00 AM,SERC,WEST,EKPC,EKPC,1309.756,True
5/11/2025 4:00:00 PM,5/11/2025 12:00:00 PM,SERC,WEST,EKPC,EKPC,1260.011,True
5/11/2025 5:00:00 PM,5/11/2025 1:00:00 PM,SERC,WEST,EKPC,EKPC,1407.056,True
5/11/2025 6:00:00 PM,5/11/2025 2:00:00 PM,SERC,WEST,EKPC,EKPC,1430.456,True
5/11/2025 7:00:00 PM,5/11/2025 3:00:00 PM,SERC,WEST,EKPC,EKPC,1530.675,True
5/11/2025 8:00:00 PM,5/11/2025 4:00:00 PM,SERC,WEST,EKPC,EKPC,1627.874,True
5/11/2025 9:00:00 PM,5/11/2025 5:00:00 PM,SERC,WEST,EKPC,EKPC,1649.352,True
5/11/2025 10:00:00 PM,5/11/2025 6:00:00 PM,SERC,WEST,EKPC,EKPC,1686.607,True
5/11/2025 11:00:00 PM,5/11/2025 7:00:00 PM,SERC,WEST,EKPC,EKPC,1694.713,True
5/12/2025 12:00:00 AM,5/11/2025 8:00:00 PM,SERC,WEST,EKPC,EKPC,1629.744,True
5/12/2025 1:00:00 AM,5/11/2025 9:00:00 PM,SERC,WEST,EKPC,EKPC,1569.061,True
5/12/2025 2:00:00 AM,5/11/2025 10:00:00 PM,SERC,WEST,EKPC,EKPC,1472.203,True
5/12/2025 3:00:00 AM,5/11/2025 11:00:00 PM,SERC,WEST,EKPC,EKPC,1316.739,True
5/12/2025 4:00:00 AM,5/12/2025 12:00:00 AM,SERC,WEST,EKPC,EKPC,1179.660,True
5/12/2025 5:00:00 AM,5/12/2025 1:00:00 AM,SERC,WEST,EKPC,EKPC,1138.018,True
5/12/2025 6:00:00 AM,5/12/2025 2:00:00 AM,SERC,WEST,EKPC,EKPC,1131.596,True
5/12/2025 7:00:00 AM,5/12/2025 3:00:00 AM,SERC,WEST,EKPC,EKPC,1012.630,True
5/12/2025 8:00:00 AM,5/12/2025 4:00:00 AM,SERC,WEST,EKPC,EKPC,1023.523,True
5/12/2025 9:00:00 AM,5/12/2025 5:00:00 AM,SERC,WEST,EKPC,EKPC,1192.435,True
5/12/2025 10:00:00 AM,5/12/2025 6:00:00 AM,SERC,WEST,EKPC,EKPC,1337.545,True
5/12/2025 11:00:00 AM,5/12/2025 7:00:00 AM,SERC,WEST,EKPC,EKPC,1405.313,True
5/12/2025 12:00:00 PM,5/12/2025 8:00:00 AM,SERC,WEST,EKPC,EKPC,1424.697,True
5/12/2025 1:00:00 PM,5/12/2025 9:00:00 AM,SERC,WEST,EKPC,EKPC,1434.383,True
5/12/2025 2:00:00 PM,5/12/2025 10:00:00 AM,SERC,WEST,EKPC,EKPC,1482.250,True
5/12/2025 3:00:00 PM,5/12/2025 11:00:00 AM,SERC,WEST,EKPC,EKPC,1421.048,True
5/12/2025 4:00:00 PM,5/12/2025 12:00:00 PM,SERC,WEST,EKPC,EKPC,1499.318,True
5/12/2025 5:00:00 PM,5/12/2025 1:00:00 PM,SERC,WEST,EKPC,EKPC,1530.683,True
5/12/2025 6:00:00 PM,5/12/2025 2:00:00 PM,SERC,WEST,EKPC,EKPC,1440.939,True
5/12/2025 7:00:00 PM,5/12/2025 3:00:00 PM,SERC,WEST,EKPC,EKPC,1444.650,True
5/12/2025 8:00:00 PM,5/12/2025 4:00:00 PM,SERC,WEST,EKPC,EKPC,1464.988,True
5/12/2025 9:00:00 PM,5/12/2025 5:00:00 PM,SERC,WEST,EKPC,EKPC,1594.480,True
5/12/2025 10:00:00 PM,5/12/2025 6:00:00 PM,SERC,WEST,EKPC,EKPC,1573.211,True
5/12/2025 11:00:00 PM,5/12/2025 7:00:00 PM,SERC,WEST,EKPC,EKPC,1624.186,True
5/13/2025 12:00:00 AM,5/12/2025 8:00:00 PM,SERC,WEST,EKPC,EKPC,1566.557,True
5/13/2025 1:00:00 AM,5/12/2025 9:00:00 PM,SERC,WEST,EKPC,EKPC,1578.651,True
5/13/2025 2:00:00 AM,5/12/2025 10:00:00 PM,SERC,WEST,EKPC,EKPC,1520.666,True
5/13/2025 3:00:00 AM,5/12/2025 11:00:00 PM,SERC,WEST,EKPC,EKPC,1343.087,True
5/13/2025 4:00:00 AM,5/13/2025 12:00:00 AM,SERC,WEST,EKPC,EKPC,1182.960,True
5/13/2025 5:00:00 AM,5/13/2025 1:00:00 AM,SERC,WEST,EKPC,EKPC,1154.844,True
5/13/2025 6:00:00 AM,5/13/2025 2:00:00 AM,SERC,WEST,EKPC,EKPC,1144.206,True
5/13/2025 7:00:00 AM,5/13/2025 3:00:00 AM,SERC,WEST,EKPC,EKPC,1129.429,True
5/13/2025 8:00:00 AM,5/13/2025 4:00:00 AM,SERC,WEST,EKPC,EKPC,1137.437,True
5/13/2025 9:00:00 AM,5/13/2025 5:00:00 AM,SERC,WEST,EKPC,EKPC,1195.170,True
5/13/2025 10:00:00 AM,5/13/2025 6:00:00 AM,SERC,WEST,EKPC,EKPC,1305.684,True
5/13/2025 11:00:00 AM,5/13/2025 7:00:00 AM,SERC,WEST,EKPC,EKPC,1334.516,True
5/13/2025 12:00:00 PM,5/13/2025 8:00:00 AM,SERC,WEST,EKPC,EKPC,1404.244,True
5/13/2025 1:00:00 PM,5/13/2025 9:00:00 AM,SERC,WEST,EKPC,EKPC,1277.795,True
5/13/2025 2:00:00 PM,5/13/2025 10:00:00 AM,SERC,WEST,EKPC,EKPC,1309.864,True
5/13/2025 3:00:00 PM,5/13/2025 11:00:00 AM,SERC,WEST,EKPC,EKPC,1335.943,True
5/13/2025 4:00:00 PM,5/13/2025 12:00:00 PM,SERC,WEST,EKPC,EKPC,1348.068,True
5/13/2025 5:00:00 PM,5/13/2025 1:00:00 PM,SERC,WEST,EKPC,EKPC,1387.837,True
5/13/2025 6:00:00 PM,5/13/2025 2:00:00 PM,SERC,WEST,EKPC,EKPC,1384.168,True
5/13/2025 7:00:00 PM,5/13/2025 3:00:00 PM,SERC,WEST,EKPC,EKPC,1425.312,True
5/13/2025 8:00:00 PM,5/13/2025 4:00:00 PM,SERC,WEST,EKPC,EKPC,1458.799,True
5/13/2025 9:00:00 PM,5/13/2025 5:00:00 PM,SERC,WEST,EKPC,EKPC,1492.477,True
5/13/2025 10:00:00 PM,5/13/2025 6:00:00 PM,SERC,WEST,EKPC,EKPC,1514.773,True
5/13/2025 11:00:00 PM,5/13/2025 7:00:00 PM,SERC,WEST,EKPC,EKPC,1520.250,True
5/14/2025 12:00:00 AM,5/13/2025 8:00:00 PM,SERC,WEST,EKPC,EKPC,1448.655,True
5/14/2025 1:00:00 AM,5/13/2025 9:00:00 PM,SERC,WEST,EKPC,EKPC,1496.447,True
5/14/2025 2:00:00 AM,5/13/2025 10:00:00 PM,SERC,WEST,EKPC,EKPC,1417.251,True
5/14/2025 3:00:00 AM,5/13/2025 11:00:00 PM,SERC,WEST,EKPC,EKPC,1296.275,True
5/14/2025 4:00:00 AM,5/14/2025 12:00:00 AM,SERC,WEST,EKPC,EKPC,1219.663,True
5/14/2025 5:00:00 AM,5/14/2025 1:00:00 AM,SERC,WEST,EKPC,EKPC,1181.216,True
5/14/2025 6:00:00 AM,5/14/2025 2:00:00 AM,SERC,WEST,EKPC,EKPC,1162.598,True
5/14/2025 7:00:00 AM,5/14/2025 3:00:00 AM,SERC,WEST,EKPC,EKPC,1119.685,True
5/14/2025 8:00:00 AM,5/14/2025 4:00:00 AM,SERC,WEST,EKPC,EKPC,986.482,True
5/14/2025 9:00:00 AM,5/14/2025 5:00:00 AM,SERC,WEST,EKPC,EKPC,1024.294,True
5/14/2025 10:00:00 AM,5/14/2025 6:00:00 AM,SERC,WEST,EKPC,EKPC,1167.303,True
5/14/2025 11:00:00 AM,5/14/2025 7:00:00 AM,SERC,WEST,EKPC,EKPC,1190.212,True
5/14/2025 12:00:00 PM,5/14/2025 8:00:00 AM,SERC,WEST,EKPC,EKPC,1210.862,True
5/14/2025 1:00:00 PM,5/14/2025 9:00:00 AM,SERC,WEST,EKPC,EKPC,1220.502,True
5/14/2025 2:00:00 PM,5/14/2025 10:00:00 AM,SERC,WEST,EKPC,EKPC,1244.581,True
5/14/2025 3:00:00 PM,5/14/2025 11:00:00 AM,SERC,WEST,EKPC,EKPC,1286.569,True
5/14/2025 4:00:00 PM,5/14/2025 12:00:00 PM,SERC,WEST,EKPC,EKPC,1467.766,True
5/14/2025 5:00:00 PM,5/14/2025 1:00:00 PM,SERC,WEST,EKPC,EKPC,1514.262,True
5/14/2025 6:00:00 PM,5/14/2025 2:00:00 PM,SERC,WEST,EKPC,EKPC,1616.723,True
5/14/2025 7:00:00 PM,5/14/2025 3:00:00 PM,SERC,WEST,EKPC,EKPC,1677.951,True
5/14/2025 8:00:00 PM,5/14/2025 4:00:00 PM,SERC,WEST,EKPC,EKPC,1619.348,True
5/14/2025 9:00:00 PM,5/14/2025 5:00:00 PM,SERC,WEST,EKPC,EKPC,1760.545,True
5/14/2025 10:00:00 PM,5/14/2025 6:00:00 PM,SERC,WEST,EKPC,EKPC,1847.171,True
5/14/2025 11:00:00 PM,5/14/2025 7:00:00 PM,SERC,WEST,EKPC,EKPC,1823.093,True
5/15/2025 12:00:00 AM,5/14/2025 8:00:00 PM,SERC,WEST,EKPC,EKPC,1800.020,True
5/15/2025 1:00:00 AM,5/14/2025 9:00:00 PM,SERC,WEST,EKPC,EKPC,1773.006,True
5/15/2025 2:00:00 AM,5/14/2025 10:00:00 PM,SERC,WEST,EKPC,EKPC,1649.431,True
5/15/2025 3:00:00 AM,5/14/2025 11:00:00 PM,SERC,WEST,EKPC,EKPC,1458.004,True
5/15/2025 4:00:00 AM,5/15/2025 12:00:00 AM,SERC,WEST,EKPC,EKPC,1291.034,True
5/15/2025 5:00:00 AM,5/15/2025 1:00:00 AM,SERC,WEST,EKPC,EKPC,1260.715,True
5/15/2025 6:00:00 AM,5/15/2025 2:00:00 AM,SERC,WEST,EKPC,EKPC,1197.488,True
5/15/2025 7:00:00 AM,5/15/2025 3:00:00 AM,SERC,WEST,EKPC,EKPC,1194.695,True
5/15/2025 8:00:00 AM,5/15/2025 4:00:00 AM,SERC,WEST,EKPC,EKPC,1223.248,True
5/15/2025 9:00:00 AM,5/15/2025 5:00:00 AM,SERC,WEST,EKPC,EKPC,1272.214,True
5/15/2025 10:00:00 AM,5/15/2025 6:00:00 AM,SERC,WEST,EKPC,EKPC,1381.994,True
5/15/2025 11:00:00 AM,5/15/2025 7:00:00 AM,SERC,WEST,EKPC,EKPC,1398.670,True
5/15/2025 12:00:00 PM,5/15/2025 8:00:00 AM,SERC,WEST,EKPC,EKPC,1432.814,True
5/15/2025 1:00:00 PM,5/15/2025 9:00:00 AM,SERC,WEST,EKPC,EKPC,1521.429,True
5/15/2025 2:00:00 PM,5/15/2025 10:00:00 AM,SERC,WEST,EKPC,EKPC,1547.486,True
5/15/2025 3:00:00 PM,5/15/2025 11:00:00 AM,SERC,WEST,EKPC,EKPC,1557.068,True
5/15/2025 4:00:00 PM,5/15/2025 12:00:00 PM,SERC,WEST,EKPC,EKPC,1594.577,True
5/15/2025 5:00:00 PM,5/15/2025 1:00:00 PM,SERC,WEST,EKPC,EKPC,1663.642,True
5/15/2025 6:00:00 PM,5/15/2025 2:00:00 PM,SERC,WEST,EKPC,EKPC,1725.985,True
5/15/2025 7:00:00 PM,5/15/2025 3:00:00 PM,SERC,WEST,EKPC,EKPC,1776.429,True
5/15/2025 8:00:00 PM,5/15/2025 4:00:00 PM,SERC,WEST,EKPC,EKPC,1901.399,True
5/15/2025 9:00:00 PM,5/15/2025 5:00:00 PM,SERC,WEST,EKPC,EKPC,1890.714,True
5/15/2025 10:00:00 PM,5/15/2025 6:00:00 PM,SERC,WEST,EKPC,EKPC,1857.301,True
5/15/2025 11:00:00 PM,5/15/2025 7:00:00 PM,SERC,WEST,EKPC,EKPC,1845.452,True
5/16/2025 12:00:00 AM,5/15/2025 8:00:00 PM,SERC,WEST,EKPC,EKPC,1911.591,True
5/16/2025 1:00:00 AM,5/15/2025 9:00:00 PM,SERC,WEST,EKPC,EKPC,1840.333,True
5/16/2025 2:00:00 AM,5/15/2025 10:00:00 PM,SERC,WEST,EKPC,EKPC,1783.396,True
5/16/2025 3:00:00 AM,5/15/2025 11:00:00 PM,SERC,WEST,EKPC,EKPC,1606.010,True
5/16/2025 4:00:00 AM,5/16/2025 12:00:00 AM,SERC,WEST,EKPC,EKPC,1480.679,True
5/16/2025 5:00:00 AM,5/16/2025 1:00:00 AM,SERC,WEST,EKPC,EKPC,1371.076,True
5/16/2025 6:00:00 AM,5/16/2025 2:00:00 AM,SERC,WEST,EKPC,EKPC,1354.222,True
5/16/2025 7:00:00 AM,5/16/2025 3:00:00 AM,SERC,WEST,EKPC,EKPC,1299.292,True
5/16/2025 8:00:00 AM,5/16/2025 4:00:00 AM,SERC,WEST,EKPC,EKPC,1297.979,True
5/16/2025 9:00:00 AM,5/16/2025 5:00:00 AM,SERC,WEST,EKPC,EKPC,1366.470,True
5/16/2025 10:00:00 AM,5/16/2025 6:00:00 AM,SERC,WEST,EKPC,EKPC,1372.589,True
5/16/2025 11:00:00 AM,5/16/2025 7:00:00 AM,SERC,WEST,EKPC,EKPC,1414.597,True
5/16/2025 12:00:00 PM,5/16/2025 8:00:00 AM,SERC,WEST,EKPC,EKPC,1516.620,True
5/16/2025 1:00:00 PM,5/16/2025 9:00:00 AM,SERC,WEST,EKPC,EKPC,1533.085,True
5/16/2025 2:00:00 PM,5/16/2025 10:00:00 AM,SERC,WEST,EKPC,EKPC,1528.324,True
5/16/2025 3:00:00 PM,5/16/2025 11:00:00 AM,SERC,WEST,EKPC,EKPC,1429.622,True
5/16/2025 4:00:00 PM,5/16/2025 12:00:00 PM,SERC,WEST,EKPC,EKPC,1515.047,True
5/16/2025 5:00:00 PM,5/16/2025 1:00:00 PM,SERC,WEST,EKPC,EKPC,1437.662,True
5/16/2025 6:00:00 PM,5/16/2025 2:00:00 PM,SERC,WEST,EKPC,EKPC,1562.740,True
5/16/2025 7:00:00 PM,5/16/2025 3:00:00 PM,SERC,WEST,EKPC,EKPC,1589.230,True
5/16/2025 8:00:00 PM,5/16/2025 4:00:00 PM,SERC,WEST,EKPC,EKPC,1700.467,True
5/16/2025 9:00:00 PM,5/16/2025 5:00:00 PM,SERC,WEST,EKPC,EKPC,1737.399,True
5/16/2025 10:00:00 PM,5/16/2025 6:00:00 PM,SERC,WEST,EKPC,EKPC,1749.436,True
5/16/2025 11:00:00 PM,5/16/2025 7:00:00 PM,SERC,WEST,EKPC,EKPC,1677.412,True
5/17/2025 12:00:00 AM,5/16/2025 8:00:00 PM,SERC,WEST,EKPC,EKPC,1628.966,True
5/17/2025 1:00:00 AM,5/16/2025 9:00:00 PM,SERC,WEST,EKPC,EKPC,1559.177,True
5/17/2025 2:00:00 AM,5/16/2025 10:00:00 PM,SERC,WEST,EKPC,EKPC,1352.877,True
5/17/2025 3:00:00 AM,5/16/2025 11:00:00 PM,SERC,WEST,EKPC,EKPC,1196.264,True
5/17/2025 4:00:00 AM,5/17/2025 12:00:00 AM,SERC,WEST,EKPC,EKPC,1087.407,True
5/17/2025 5:00:00 AM,5/17/2025 1:00:00 AM,SERC,WEST,EKPC,EKPC,961.128,True
5/17/2025 6:00:00 AM,5/17/2025 2:00:00 AM,SERC,WEST,EKPC,EKPC,885.617,True
5/17/2025 7:00:00 AM,5/17/2025 3:00:00 AM,SERC,WEST,EKPC,EKPC,867.873,True
5/17/2025 8:00:00 AM,5/17/2025 4:00:00 AM,SERC,WEST,EKPC,EKPC,868.831,True
5/17/2025 9:00:00 AM,5/17/2025 5:00:00 AM,SERC,WEST,EKPC,EKPC,870.497,True
5/17/2025 10:00:00 AM,5/17/2025 6:00:00 AM,SERC,WEST,EKPC,EKPC,983.961,True
5/17/2025 11:00:00 AM,5/17/2025 7:00:00 AM,SERC,WEST,EKPC,EKPC,1091.295,True
5/17/2025 12:00:00 PM,5/17/2025 8:00:00 AM,SERC,WEST,EKPC,EKPC,1175.679,True
5/17/2025 1:00:00 PM,5/17/2025 9:00:00 AM,SERC,WEST,EKPC,EKPC,1309.682,True
5/17/2025 2:00:00 PM,5/17/2025 10:00:00 AM,SERC,WEST,EKPC,EKPC,1290.680,True
5/17/2025 3:00:00 PM,5/17/2025 11:00:00 AM,SERC,WEST,EKPC,EKPC,1451.473,True
5/17/2025 4:00:00 PM,5/17/2025 12:00:00 PM,SERC,WEST,EKPC,EKPC,1474.731,True
5/17/2025 5:00:00 PM,5/17/2025 1:00:00 PM,SERC,WEST,EKPC,EKPC,1497.461,True
5/17/2025 6:00:00 PM,5/17/2025 2:00:00 PM,SERC,WEST,EKPC,EKPC,1483.426,True
5/17/2025 7:00:00 PM,5/17/2025 3:00:00 PM,SERC,WEST,EKPC,EKPC,1417.280,True
5/17/2025 8:00:00 PM,5/17/2025 4:00:00 PM,SERC,WEST,EKPC,EKPC,1538.171,True
5/17/2025 9:00:00 PM,5/17/2025 5:00:00 PM,SERC,WEST,EKPC,EKPC,1660.607,True
5/17/2025 10:00:00 PM,5/17/2025 6:00:00 PM,SERC,WEST,EKPC,EKPC,1656.941,True
5/17/2025 11:00:00 PM,5/17/2025 7:00:00 PM,SERC,WEST,EKPC,EKPC,1619.273,True
5/18/2025 12:00:00 AM,5/17/2025 8:00:00 PM,SERC,WEST,EKPC,EKPC,1543.659,True
5/18/2025 1:00:00 AM,5/17/2025 9:00:00 PM,SERC,WEST,EKPC,EKPC,1505.803,True
5/18/2025 2:00:00 AM,5/17/2025 10:00:00 PM,SERC,WEST,EKPC,EKPC,1415.421,True
5/18/2025 3:00:00 AM,5/17/2025 11:00:00 PM,SERC,WEST,EKPC,EKPC,1241.158,True
5/18/2025 4:00:00 AM,5/18/2025 12:00:00 AM,SERC,WEST,EKPC,EKPC,1112.354,True
5/18/2025 5:00:00 AM,5/18/2025 1:00:00 AM,SERC,WEST,EKPC,EKPC,1057.948,True
5/18/2025 6:00:00 AM,5/18/2025 2:00:00 AM,SERC,WEST,EKPC,EKPC,1025.309,True
5/18/2025 7:00:00 AM,5/18/2025 3:00:00 AM,SERC,WEST,EKPC,EKPC,1044.539,True
5/18/2025 8:00:00 AM,5/18/2025 4:00:00 AM,SERC,WEST,EKPC,EKPC,1035.149,True
5/18/2025 9:00:00 AM,5/18/2025 5:00:00 AM,SERC,WEST,EKPC,EKPC,1055.461,True
5/18/2025 10:00:00 AM,5/18/2025 6:00:00 AM,SERC,WEST,EKPC,EKPC,984.647,True
5/18/2025 11:00:00 AM,5/18/2025 7:00:00 AM,SERC,WEST,EKPC,EKPC,1058.554,True
5/18/2025 12:00:00 PM,5/18/2025 8:00:00 AM,SERC,WEST,EKPC,EKPC,1144.529,True
5/18/2025 1:00:00 PM,5/18/2025 9:00:00 AM,SERC,WEST,EKPC,EKPC,1183.965,True
5/18/2025 2:00:00 PM,5/18/2025 10:00:00 AM,SERC,WEST,EKPC,EKPC,1288.514,True
5/18/2025 3:00:00 PM,5/18/2025 11:00:00 AM,SERC,WEST,EKPC,EKPC,1294.270,True
5/18/2025 4:00:00 PM,5/18/2025 12:00:00 PM,SERC,WEST,EKPC,EKPC,1379.813,True
5/18/2025 5:00:00 PM,5/18/2025 1:00:00 PM,SERC,WEST,EKPC,EKPC,1473.065,True
5/18/2025 6:00:00 PM,5/18/2025 2:00:00 PM,SERC,WEST,EKPC,EKPC,1543.418,True
5/18/2025 7:00:00 PM,5/18/2025 3:00:00 PM,SERC,WEST,EKPC,EKPC,1490.568,True
5/18/2025 8:00:00 PM,5/18/2025 4:00:00 PM,SERC,WEST,EKPC,EKPC,1593.552,True
5/18/2025 9:00:00 PM,5/18/2025 5:00:00 PM,SERC,WEST,EKPC,EKPC,1736.584,True
5/18/2025 10:00:00 PM,5/18/2025 6:00:00 PM,SERC,WEST,EKPC,EKPC,1702.399,True
5/18/2025 11:00:00 PM,5/18/2025 7:00:00 PM,SERC,WEST,EKPC,EKPC,1725.865,True
5/19/2025 12:00:00 AM,5/18/2025 8:00:00 PM,SERC,WEST,EKPC,EKPC,1665.367,True
5/19/2025 1:00:00 AM,5/18/2025 9:00:00 PM,SERC,WEST,EKPC,EKPC,1600.525,True
5/19/2025 2:00:00 AM,5/18/2025 10:00:00 PM,SERC,WEST,EKPC,EKPC,1442.446,True
5/19/2025 3:00:00 AM,5/18/2025 11:00:00 PM,SERC,WEST,EKPC,EKPC,1337.469,True
5/19/2025 4:00:00 AM,5/19/2025 12:00:00 AM,SERC,WEST,EKPC,EKPC,1133.298,True
5/19/2025 5:00:00 AM,5/19/2025 1:00:00 AM,SERC,WEST,EKPC,EKPC,1087.412,True
5/19/2025 6:00:00 AM,5/19/2025 2:00:00 AM,SERC,WEST,EKPC,EKPC,1089.797,True
5/19/2025 7:00:00 AM,5/19/2025 3:00:00 AM,SERC,WEST,EKPC,EKPC,930.605,True
5/19/2025 8:00:00 AM,5/19/2025 4:00:00 AM,SERC,WEST,EKPC,EKPC,1007.445,True
5/19/2025 9:00:00 AM,5/19/2025 5:00:00 AM,SERC,WEST,EKPC,EKPC,1174.440,True
5/19/2025 10:00:00 AM,5/19/2025 6:00:00 AM,SERC,WEST,EKPC,EKPC,1287.372,True
5/19/2025 11:00:00 AM,5/19/2025 7:00:00 AM,SERC,WEST,EKPC,EKPC,1325.804,True
5/19/2025 12:00:00 PM,5/19/2025 8:00:00 AM,SERC,WEST,EKPC,EKPC,1323.149,True
5/19/2025 1:00:00 PM,5/19/2025 9:00:00 AM,SERC,WEST,EKPC,EKPC,1355.093,True
5/19/2025 2:00:00 PM,5/19/2025 10:00:00 AM,SERC,WEST,EKPC,EKPC,1311.778,True
5/19/2025 3:00:00 PM,5/19/2025 11:00:00 AM,SERC,WEST,EKPC,EKPC,1422.074,True
5/19/2025 4:00:00 PM,5/19/2025 12:00:00 PM,SERC,WEST,EKPC,EKPC,1437.085,True
5/19/2025 5:00:00 PM,5/19/2025 1:00:00 PM,SERC,WEST,EKPC,EKPC,1509.000,True
5/19/2025 6:00:00 PM,5/19/2025 2:00:00 PM,SERC,WEST,EKPC,EKPC,1556.546,True
5/19/2025 7:00:00 PM,5/19/2025 3:00:00 PM,SERC,WEST,EKPC,EKPC,1624.969,True
5/19/2025 8:00:00 PM,5/19/2025 4:00:00 PM,SERC,WEST,EKPC,EKPC,1728.197,True
5/19/2025 9:00:00 PM,5/19/2025 5:00:00 PM,SERC,WEST,EKPC,EKPC,1828.313,True
5/19/2025 10:00:00 PM,5/19/2025 6:00:00 PM,SERC,WEST,EKPC,EKPC,1880.749,True
5/19/2025 11:00:00 PM,5/19/2025 7:00:00 PM,SERC,WEST,EKPC,EKPC,1839.186,True
5/20/2025 12:00:00 AM,5/19/2025 8:00:00 PM,SERC,WEST,EKPC,EKPC,1761.895,True
5/20/2025 1:00:00 AM,5/19/2025 9:00:00 PM,SERC,WEST,EKPC,EKPC,1665.725,True
5/20/2025 2:00:00 AM,5/19/2025 10:00:00 PM,SERC,WEST,EKPC,EKPC,1499.963,True
5/20/2025 3:00:00 AM,5/19/2025 11:00:00 PM,SERC,WEST,EKPC,EKPC,1392.257,True
5/20/2025 4:00:00 AM,5/20/2025 12:00:00 AM,SERC,WEST,EKPC,EKPC,1296.887,True
5/20/2025 5:00:00 AM,5/20/2025 1:00:00 AM,SERC,WEST,EKPC,EKPC,1162.292,True
5/20/2025 6:00:00 AM,5/20/2025 2:00:00 AM,SERC,WEST,EKPC,EKPC,1117.390,True
5/20/2025 7:00:00 AM,5/20/2025 3:00:00 AM,SERC,WEST,EKPC,EKPC,1101.343,True
5/20/2025 8:00:00 AM,5/20/2025 4:00:00 AM,SERC,WEST,EKPC,EKPC,1103.775,True
5/20/2025 9:00:00 AM,5/20/2025 5:00:00 AM,SERC,WEST,EKPC,EKPC,1156.814,True
5/20/2025 10:00:00 AM,5/20/2025 6:00:00 AM,SERC,WEST,EKPC,EKPC,1244.609,True
5/20/2025 11:00:00 AM,5/20/2025 7:00:00 AM,SERC,WEST,EKPC,EKPC,1316.337,True
5/20/2025 12:00:00 PM,5/20/2025 8:00:00 AM,SERC,WEST,EKPC,EKPC,1342.897,True
5/20/2025 1:00:00 PM,5/20/2025 9:00:00 AM,SERC,WEST,EKPC,EKPC,1361.715,True
5/20/2025 2:00:00 PM,5/20/2025 10:00:00 AM,SERC,WEST,EKPC,EKPC,1423.898,True
5/20/2025 3:00:00 PM,5/20/2025 11:00:00 AM,SERC,WEST,EKPC,EKPC,1416.872,True
5/20/2025 4:00:00 PM,5/20/2025 12:00:00 PM,SERC,WEST,EKPC,EKPC,1510.821,True
5/20/2025 5:00:00 PM,5/20/2025 1:00:00 PM,SERC,WEST,EKPC,EKPC,1544.628,True
5/20/2025 6:00:00 PM,5/20/2025 2:00:00 PM,SERC,WEST,EKPC,EKPC,1542.077,True
5/20/2025 7:00:00 PM,5/20/2025 3:00:00 PM,SERC,WEST,EKPC,EKPC,1460.807,True
5/20/2025 8:00:00 PM,5/20/2025 4:00:00 PM,SERC,WEST,EKPC,EKPC,1595.082,True
5/20/2025 9:00:00 PM,5/20/2025 5:00:00 PM,SERC,WEST,EKPC,EKPC,1743.225,True
5/20/2025 10:00:00 PM,5/20/2025 6:00:00 PM,SERC,WEST,EKPC,EKPC,1783.882,True
5/20/2025 11:00:00 PM,5/20/2025 7:00:00 PM,SERC,WEST,EKPC,EKPC,1631.086,True
5/21/2025 12:00:00 AM,5/20/2025 8:00:00 PM,SERC,WEST,EKPC,EKPC,1667.464,True
5/21/2025 1:00:00 AM,5/20/2025 9:00:00 PM,SERC,WEST,EKPC,EKPC,1585.055,True
5/21/2025 2:00:00 AM,5/20/2025 10:00:00 PM,SERC,WEST,EKPC,EKPC,1407.828,True
5/21/2025 3:00:00 AM,5/20/2025 11:00:00 PM,SERC,WEST,EKPC,EKPC,1271.253,True
5/21/2025 4:00:00 AM,5/21/2025 12:00:00 AM,SERC,WEST,EKPC,EKPC,1164.721,True
5/21/2025 5:00:00 AM,5/21/2025 1:00:00 AM,SERC,WEST,EKPC,EKPC,1103.544,True
5/21/2025 6:00:00 AM,5/21/2025 2:00:00 AM,SERC,WEST,EKPC,EKPC,1143.864,True
5/21/2025 7:00:00 AM,5/21/2025 3:00:00 AM,SERC,WEST,EKPC,EKPC,1149.791,True
5/21/2025 8:00:00 AM,5/21/2025 4:00:00 AM,SERC,WEST,EKPC,EKPC,1004.191,True
5/21/2025 9:00:00 AM,5/21/2025 5:00:00 AM,SERC,WEST,EKPC,EKPC,1037.772,True
5/21/2025 10:00:00 AM,5/21/2025 6:00:00 AM,SERC,WEST,EKPC,EKPC,1145.034,True
5/21/2025 11:00:00 AM,5/21/2025 7:00:00 AM,SERC,WEST,EKPC,EKPC,1178.957,True
5/21/2025 12:00:00 PM,5/21/2025 8:00:00 AM,SERC,WEST,EKPC,EKPC,1182.235,True
5/21/2025 1:00:00 PM,5/21/2025 9:00:00 AM,SERC,WEST,EKPC,EKPC,1225.288,True
5/21/2025 2:00:00 PM,5/21/2025 10:00:00 AM,SERC,WEST,EKPC,EKPC,1227.229,True
5/21/2025 3:00:00 PM,5/21/2025 11:00:00 AM,SERC,WEST,EKPC,EKPC,1276.073,True
5/21/2025 4:00:00 PM,5/21/2025 12:00:00 PM,SERC,WEST,EKPC,EKPC,1287.234,True
5/21/2025 5:00:00 PM,5/21/2025 1:00:00 PM,SERC,WEST,EKPC,EKPC,1321.869,True
5/21/2025 6:00:00 PM,5/21/2025 2:00:00 PM,SERC,WEST,EKPC,EKPC,1326.442,True
5/21/2025 7:00:00 PM,5/21/2025 3:00:00 PM,SERC,WEST,EKPC,EKPC,1351.885,True
5/21/2025 8:00:00 PM,5/21/2025 4:00:00 PM,SERC,WEST,EKPC,EKPC,1391.318,True
5/21/2025 9:00:00 PM,5/21/2025 5:00:00 PM,SERC,WEST,EKPC,EKPC,1471.189,True
5/21/2025 10:00:00 PM,5/21/2025 6:00:00 PM,SERC,WEST,EKPC,EKPC,1443.718,True
5/21/2025 11:00:00 PM,5/21/2025 7:00:00 PM,SERC,WEST,EKPC,EKPC,1460.269,True
5/22/2025 12:00:00 AM,5/21/2025 8:00:00 PM,SERC,WEST,EKPC,EKPC,1451.150,True
5/22/2025 1:00:00 AM,5/21/2025 9:00:00 PM,SERC,WEST,EKPC,EKPC,1492.517,True
5/22/2025 2:00:00 AM,5/21/2025 10:00:00 PM,SERC,WEST,EKPC,EKPC,1425.375,True
5/22/2025 3:00:00 AM,5/21/2025 11:00:00 PM,SERC,WEST,EKPC,EKPC,1232.747,True
5/22/2025 4:00:00 AM,5/22/2025 12:00:00 AM,SERC,WEST,EKPC,EKPC,1215.950,True
5/22/2025 5:00:00 AM,5/22/2025 1:00:00 AM,SERC,WEST,EKPC,EKPC,1006.100,True
5/22/2025 6:00:00 AM,5/22/2025 2:00:00 AM,SERC,WEST,EKPC,EKPC,1071.179,True
5/22/2025 7:00:00 AM,5/22/2025 3:00:00 AM,SERC,WEST,EKPC,EKPC,1107.115,True
5/22/2025 8:00:00 AM,5/22/2025 4:00:00 AM,SERC,WEST,EKPC,EKPC,1048.640,True
5/22/2025 9:00:00 AM,5/22/2025 5:00:00 AM,SERC,WEST,EKPC,EKPC,1032.447,True
5/22/2025 10:00:00 AM,5/22/2025 6:00:00 AM,SERC,WEST,EKPC,EKPC,1132.864,True
5/22/2025 11:00:00 AM,5/22/2025 7:00:00 AM,SERC,WEST,EKPC,EKPC,1197.505,True
5/22/2025 12:00:00 PM,5/22/2025 8:00:00 AM,SERC,WEST,EKPC,EKPC,1197.901,True
5/22/2025 1:00:00 PM,5/22/2025 9:00:00 AM,SERC,WEST,EKPC,EKPC,1204.727,True
5/22/2025 2:00:00 PM,5/22/2025 10:00:00 AM,SERC,WEST,EKPC,EKPC,1250.111,True
5/22/2025 3:00:00 PM,5/22/2025 11:00:00 AM,SERC,WEST,EKPC,EKPC,1343.258,True
5/22/2025 4:00:00 PM,5/22/2025 12:00:00 PM,SERC,WEST,EKPC,EKPC,1334.151,True
5/22/2025 5:00:00 PM,5/22/2025 1:00:00 PM,SERC,WEST,EKPC,EKPC,1229.139,True
5/22/2025 6:00:00 PM,5/22/2025 2:00:00 PM,SERC,WEST,EKPC,EKPC,1256.763,True
5/22/2025 7:00:00 PM,5/22/2025 3:00:00 PM,SERC,WEST,EKPC,EKPC,1252.206,True
5/22/2025 8:00:00 PM,5/22/2025 4:00:00 PM,SERC,WEST,EKPC,EKPC,1383.208,True
5/22/2025 9:00:00 PM,5/22/2025 5:00:00 PM,SERC,WEST,EKPC,EKPC,1324.071,True
5/22/2025 10:00:00 PM,5/22/2025 6:00:00 PM,SERC,WEST,EKPC,EKPC,1317.835,True
5/22/2025 11:00:00 PM,5/22/2025 7:00:00 PM,SERC,WEST,EKPC,EKPC,1340.392,True
5/23/2025 12:00:00 AM,5/22/2025 8:00:00 PM,SERC,WEST,EKPC,EKPC,1418.790,True
5/23/2025 1:00:00 AM,5/22/2025 9:00:00 PM,SERC,WEST,EKPC,EKPC,1457.011,True
5/23/2025 2:00:00 AM,5/22/2025 10:00:00 PM,SERC,WEST,EKPC,EKPC,1410.649,True
5/23/2025 3:00:00 AM,5/22/2025 11:00:00 PM,SERC,WEST,EKPC,EKPC,1279.983,True
5/23/2025 4:00:00 AM,5/23/2025 12:00:00 AM,SERC,WEST,EKPC,EKPC,1185.840,True
5/23/2025 5:00:00 AM,5/23/2025 1:00:00 AM,SERC,WEST,EKPC,EKPC,1106.099,True
5/23/2025 6:00:00 AM,5/23/2025 2:00:00 AM,SERC,WEST,EKPC,EKPC,1035.822,True
5/23/2025 7:00:00 AM,5/23/2025 3:00:00 AM,SERC,WEST,EKPC,EKPC,1140.171,True
5/23/2025 8:00:00 AM,5/23/2025 4:00:00 AM,SERC,WEST,EKPC,EKPC,1158.352,True
5/23/2025 9:00:00 AM,5/23/2025 5:00:00 AM,SERC,WEST,EKPC,EKPC,1104.591,True
5/23/2025 10:00:00 AM,5/23/2025 6:00:00 AM,SERC,WEST,EKPC,EKPC,1306.460,True
5/23/2025 11:00:00 AM,5/23/2025 7:00:00 AM,SERC,WEST,EKPC,EKPC,1294.787,True
5/23/2025 12:00:00 PM,5/23/2025 8:00:00 AM,SERC,WEST,EKPC,EKPC,1373.387,True
5/23/2025 1:00:00 PM,5/23/2025 9:00:00 AM,SERC,WEST,EKPC,EKPC,1380.943,True
5/23/2025 2:00:00 PM,5/23/2025 10:00:00 AM,SERC,WEST,EKPC,EKPC,1317.175,True
5/23/2025 3:00:00 PM,5/23/2025 11:00:00 AM,SERC,WEST,EKPC,EKPC,1351.432,True
5/23/2025 4:00:00 PM,5/23/2025 12:00:00 PM,SERC,WEST,EKPC,EKPC,1220.344,True
5/23/2025 5:00:00 PM,5/23/2025 1:00:00 PM,SERC,WEST,EKPC,EKPC,1293.401,True
5/23/2025 6:00:00 PM,5/23/2025 2:00:00 PM,SERC,WEST,EKPC,EKPC,1341.121,True
5/23/2025 7:00:00 PM,5/23/2025 3:00:00 PM,SERC,WEST,EKPC,EKPC,1378.398,True
5/23/2025 8:00:00 PM,5/23/2025 4:00:00 PM,SERC,WEST,EKPC,EKPC,1399.528,True
5/23/2025 9:00:00 PM,5/23/2025 5:00:00 PM,SERC,WEST,EKPC,EKPC,1418.178,True
5/23/2025 10:00:00 PM,5/23/2025 6:00:00 PM,SERC,WEST,EKPC,EKPC,1476.642,True
5/23/2025 11:00:00 PM,5/23/2025 7:00:00 PM,SERC,WEST,EKPC,EKPC,1413.372,True
5/24/2025 12:00:00 AM,5/23/2025 8:00:00 PM,SERC,WEST,EKPC,EKPC,1410.491,True
5/24/2025 1:00:00 AM,5/23/2025 9:00:00 PM,SERC,WEST,EKPC,EKPC,1349.090,True
5/24/2025 2:00:00 AM,5/23/2025 10:00:00 PM,SERC,WEST,EKPC,EKPC,1325.975,True
5/24/2025 3:00:00 AM,5/23/2025 11:00:00 PM,SERC,WEST,EKPC,EKPC,1233.152,True
5/24/2025 4:00:00 AM,5/24/2025 12:00:00 AM,SERC,WEST,EKPC,EKPC,1166.648,True
5/24/2025 5:00:00 AM,5/24/2025 1:00:00 AM,SERC,WEST,EKPC,EKPC,1163.532,True
5/24/2025 6:00:00 AM,5/24/2025 2:00:00 AM,SERC,WEST,EKPC,EKPC,1017.818,True
5/24/2025 7:00:00 AM,5/24/2025 3:00:00 AM,SERC,WEST,EKPC,EKPC,1071.242,True
5/24/2025 8:00:00 AM,5/24/2025 4:00:00 AM,SERC,WEST,EKPC,EKPC,1113.511,True
5/24/2025 9:00:00 AM,5/24/2025 5:00:00 AM,SERC,WEST,EKPC,EKPC,1112.643,True
5/24/2025 10:00:00 AM,5/24/2025 6:00:00 AM,SERC,WEST,EKPC,EKPC,1178.644,True
5/24/2025 11:00:00 AM,5/24/2025 7:00:00 AM,SERC,WEST,EKPC,EKPC,1222.223,True
5/24/2025 12:00:00 PM,5/24/2025 8:00:00 AM,SERC,WEST,EKPC,EKPC,1292.251,True
5/24/2025 1:00:00 PM,5/24/2025 9:00:00 AM,SERC,WEST,EKPC,EKPC,1274.634,True
5/24/2025 2:00:00 PM,5/24/2025 10:00:00 AM,SERC,WEST,EKPC,EKPC,1285.586,True
5/24/2025 3:00:00 PM,5/24/2025 11:00:00 AM,SERC,WEST,EKPC,EKPC,1285.334,True
5/24/2025 4:00:00 PM,5/24/2025 12:00:00 PM,SERC,WEST,EKPC,EKPC,1312.224,True
5/24/2025 5:00:00 PM,5/24/2025 1:00:00 PM,SERC,WEST,EKPC,EKPC,1294.732,True
5/24/2025 6:00:00 PM,5/24/2025 2:00:00 PM,SERC,WEST,EKPC,EKPC,1275.562,True
5/24/2025 7:00:00 PM,5/24/2025 3:00:00 PM,SERC,WEST,EKPC,EKPC,1302.816,True
5/24/2025 8:00:00 PM,5/24/2025 4:00:00 PM,SERC,WEST,EKPC,EKPC,1215.326,True
5/24/2025 9:00:00 PM,5/24/2025 5:00:00 PM,SERC,WEST,EKPC,EKPC,1370.833,True
5/24/2025 10:00:00 PM,5/24/2025 6:00:00 PM,SERC,WEST,EKPC,EKPC,1407.873,True
5/24/2025 11:00:00 PM,5/24/2025 7:00:00 PM,SERC,WEST,EKPC,EKPC,1441.505,True
5/25/2025 12:00:00 AM,5/24/2025 8:00:00 PM,SERC,WEST,EKPC,EKPC,1335.694,True
5/25/2025 1:00:00 AM,5/24/2025 9:00:00 PM,SERC,WEST,EKPC,EKPC,1403.050,True
5/25/2025 2:00:00 AM,5/24/2025 10:00:00 PM,SERC,WEST,EKPC,EKPC,1319.474,True
5/25/2025 3:00:00 AM,5/24/2025 11:00:00 PM,SERC,WEST,EKPC,EKPC,1212.369,True
5/25/2025 4:00:00 AM,5/25/2025 12:00:00 AM,SERC,WEST,EKPC,EKPC,1142.854,True
5/25/2025 5:00:00 AM,5/25/2025 1:00:00 AM,SERC,WEST,EKPC,EKPC,1102.370,True
5/25/2025 6:00:00 AM,5/25/2025 2:00:00 AM,SERC,WEST,EKPC,EKPC,1051.556,True
5/25/2025 7:00:00 AM,5/25/2025 3:00:00 AM,SERC,WEST,EKPC,EKPC,1042.308,True
5/25/2025 8:00:00 AM,5/25/2025 4:00:00 AM,SERC,WEST,EKPC,EKPC,1047.714,True
5/25/2025 9:00:00 AM,5/25/2025 5:00:00 AM,SERC,WEST,EKPC,EKPC,1108.719,True
5/25/2025 10:00:00 AM,5/25/2025 6:00:00 AM,SERC,WEST,EKPC,EKPC,1068.341,True
5/25/2025 11:00:00 AM,5/25/2025 7:00:00 AM,SERC,WEST,EKPC,EKPC,1168.642,True
5/25/2025 12:00:00 PM,5/25/2025 8:00:00 AM,SERC,WEST,EKPC,EKPC,1183.813,True
5/25/2025 1:00:00 PM,5/25/2025 9:00:00 AM,SERC,WEST,EKPC,EKPC,1224.492,True
5/25/2025 2:00:00 PM,5/25/2025 10:00:00 AM,SERC,WEST,EKPC,EKPC,1290.407,True
5/25/2025 3:00:00 PM,5/25/2025 11:00:00 AM,SERC,WEST,EKPC,EKPC,1314.231,True
5/25/2025 4:00:00 PM,5/25/2025 12:00:00 PM,SERC,WEST,EKPC,EKPC,1320.944,True
5/25/2025 5:00:00 PM,5/25/2025 1:00:00 PM,SERC,WEST,EKPC,EKPC,1394.219,True
5/25/2025 6:00:00 PM,5/25/2025 2:00:00 PM,SERC,WEST,EKPC,EKPC,1395.342,True
5/25/2025 7:00:00 PM,5/25/2025 3:00:00 PM,SERC,WEST,EKPC,EKPC,1342.784,True
5/25/2025 8:00:00 PM,5/25/2025 4:00:00 PM,SERC,WEST,EKPC,EKPC,1358.127,True
5/25/2025 9:00:00 PM,5/25/2025 5:00:00 PM,SERC,WEST,EKPC,EKPC,1413.937,True
5/25/2025 10:00:00 PM,5/25/2025 6:00:00 PM,SERC,WEST,EKPC,EKPC,1440.588,True
5/25/2025 11:00:00 PM,5/25/2025 7:00:00 PM,SERC,WEST,EKPC,EKPC,1355.092,True
5/26/2025 12:00:00 AM,5/25/2025 8:00:00 PM,SERC,WEST,EKPC,EKPC,1373.354,True
5/26/2025 1:00:00 AM,5/25/2025 9:00:00 PM,SERC,WEST,EKPC,EKPC,1364.107,True
5/26/2025 2:00:00 AM,5/25/2025 10:00:00 PM,SERC,WEST,EKPC,EKPC,1266.746,True
5/26/2025 3:00:00 AM,5/25/2025 11:00:00 PM,SERC,WEST,EKPC,EKPC,1279.146,True
5/26/2025 4:00:00 AM,5/26/2025 12:00:00 AM,SERC,WEST,EKPC,EKPC,1190.585,True
5/26/2025 5:00:00 AM,5/26/2025 1:00:00 AM,SERC,WEST,EKPC,EKPC,1150.455,True
5/26/2025 6:00:00 AM,5/26/2025 2:00:00 AM,SERC,WEST,EKPC,EKPC,1113.154,True
5/26/2025 7:00:00 AM,5/26/2025 3:00:00 AM,SERC,WEST,EKPC,EKPC,1094.243,True
5/26/2025 8:00:00 AM,5/26/2025 4:00:00 AM,SERC,WEST,EKPC,EKPC,1118.610,True
5/26/2025 9:00:00 AM,5/26/2025 5:00:00 AM,SERC,WEST,EKPC,EKPC,1136.776,True
5/26/2025 10:00:00 AM,5/26/2025 6:00:00 AM,SERC,WEST,EKPC,EKPC,1032.931,True
5/26/2025 11:00:00 AM,5/26/2025 7:00:00 AM,SERC,WEST,EKPC,EKPC,1029.992,True
5/26/2025 12:00:00 PM,5/26/2025 8:00:00 AM,SERC,WEST,EKPC,EKPC,1216.942,True
5/26/2025 1:00:00 PM,5/26/2025 9:00:00 AM,SERC,WEST,EKPC,EKPC,1217.816,True
5/26/2025 2:00:00 PM,5/26/2025 10:00:00 AM,SERC,WEST,EKPC,EKPC,1188.990,True
5/26/2025 3:00:00 PM,5/26/2025 11:00:00 AM,SERC,WEST,EKPC,EKPC,1321.426,True
5/26/2025 4:00:00 PM,5/26/2025 12:00:00 PM,SERC,WEST,EKPC,EKPC,1329.323,True
5/26/2025 5:00:00 PM,5/26/2025 1:00:00 PM,SERC,WEST,EKPC,EKPC,1243.233,True
5/26/2025 6:00:00 PM,5/26/2025 2:00:00 PM,SERC,WEST,EKPC,EKPC,1313.962,True
5/26/2025 7:00:00 PM,5/26/2025 3:00:00 PM,SERC,WEST,EKPC,EKPC,1458.697,True
5/26/2025 8:00:00 PM,5/26/2025 4:00:00 PM,SERC,WEST,EKPC,EKPC,1443.400,True
5/26/2025 9:00:00 PM,5/26/2025 5:00:00 PM,SERC,WEST,EKPC,EKPC,1500.724,True
5/26/2025 10:00:00 PM,5/26/2025 6:00:00 PM,SERC,WEST,EKPC,EKPC,1506.492,True
5/26/2025 11:00:00 PM,5/26/2025 7:00:00 PM,SERC,WEST,EKPC,EKPC,1486.377,True
5/27/2025 12:00:00 AM,5/26/2025 8:00:00 PM,SERC,WEST,EKPC,EKPC,1447.214,True
5/27/2025 1:00:00 AM,5/26/2025 9:00:00 PM,SERC,WEST,EKPC,EKPC,1461.436,True
5/27/2025 2:00:00 AM,5/26/2025 10:00:00 PM,SERC,WEST,EKPC,EKPC,1321.172,True
5/27/2025 3:00:00 AM,5/26/2025 11:00:00 PM,SERC,WEST,EKPC,EKPC,1246.957,True
5/27/2025 4:00:00 AM,5/27/2025 12:00:00 AM,SERC,WEST,EKPC,EKPC,1208.813,True
5/27/2025 5:00:00 AM,5/27/2025 1:00:00 AM,SERC,WEST,EKPC,EKPC,1087.608,True
5/27/2025 6:00:00 AM,5/27/2025 2:00:00 AM,SERC,WEST,EKPC,EKPC,1133.253,True
5/27/2025 7:00:00 AM,5/27/2025 3:00:00 AM,SERC,WEST,EKPC,EKPC,1059.430,True
5/27/2025 8:00:00 AM,5/27/2025 4:00:00 AM,SERC,WEST,EKPC,EKPC,1016.048,True
5/27/2025 9:00:00 AM,5/27/2025 5:00:00 AM,SERC,WEST,EKPC,EKPC,1079.838,True
5/27/2025 10:00:00 AM,5/27/2025 6:00:00 AM,SERC,WEST,EKPC,EKPC,1252.692,True
5/27/2025 11:00:00 AM,5/27/2025 7:00:00 AM,SERC,WEST,EKPC,EKPC,1352.899,True
5/27/2025 12:00:00 PM,5/27/2025 8:00:00 AM,SERC,WEST,EKPC,EKPC,1321.182,True
5/27/2025 1:00:00 PM,5/27/2025 9:00:00 AM,SERC,WEST,EKPC,EKPC,1352.238,True
5/27/2025 2:00:00 PM,5/27/2025 10:00:00 AM,SERC,WEST,EKPC,EKPC,1414.272,True
5/27/2025 3:00:00 PM,5/27/2025 11:00:00 AM,SERC,WEST,EKPC,EKPC,1402.430,True
5/27/2025 4:00:00 PM,5/27/2025 12:00:00 PM,SERC,WEST,EKPC,EKPC,1417.457,True
5/27/2025 5:00:00 PM,5/27/2025 1:00:00 PM,SERC,WEST,EKPC,EKPC,1371.305,True
5/27/2025 6:00:00 PM,5/27/2025 2:00:00 PM,SERC,WEST,EKPC,EKPC,1340.264,True
5/27/2025 7:00:00 PM,5/27/2025 3:00:00 PM,SERC,WEST,EKPC,EKPC,1285.229,True
5/27/2025 8:00:00 PM,5/27/2025 4:00:00 PM,SERC,WEST,EKPC,EKPC,1373.768,True
5/27/2025 9:00:00 PM,5/27/2025 5:00:00 PM,SERC,WEST,EKPC,EKPC,1470.479,True
5/27/2025 10:00:00 PM,5/27/2025 6:00:00 PM,SERC,WEST,EKPC,EKPC,1457.664,True
5/27/2025 11:00:00 PM,5/27/2025 7:00:00 PM,SERC,WEST,EKPC,EKPC,1331.708,True
5/28/2025 12:00:00 AM,5/27/2025 8:00:00 PM,SERC,WEST,EKPC,EKPC,1320.147,True
5/28/2025 1:00:00 AM,5/27/2025 9:00:00 PM,SERC,WEST,EKPC,EKPC,1428.796,True
5/28/2025 2:00:00 AM,5/27/2025 10:00:00 PM,SERC,WEST,EKPC,EKPC,1364.692,True
5/28/2025 3:00:00 AM,5/27/2025 11:00:00 PM,SERC,WEST,EKPC,EKPC,1251.814,True
5/28/2025 4:00:00 AM,5/28/2025 12:00:00 AM,SERC,WEST,EKPC,EKPC,1121.456,True
5/28/2025 5:00:00 AM,5/28/2025 1:00:00 AM,SERC,WEST,EKPC,EKPC,1150.155,True
5/28/2025 6:00:00 AM,5/28/2025 2:00:00 AM,SERC,WEST,EKPC,EKPC,1071.487,True
5/28/2025 7:00:00 AM,5/28/2025 3:00:00 AM,SERC,WEST,EKPC,EKPC,1027.821,True
5/28/2025 8:00:00 AM,5/28/2025 4:00:00 AM,SERC,WEST,EKPC,EKPC,1024.680,True
5/28/2025 9:00:00 AM,5/28/2025 5:00:00 AM,SERC,WEST,EKPC,EKPC,1005.920,True
5/28/2025 10:00:00 AM,5/28/2025 6:00:00 AM,SERC,WEST,EKPC,EKPC,1109.983,True
5/28/2025 11:00:00 AM,5/28/2025 7:00:00 AM,SERC,WEST,EKPC,EKPC,1140.087,True
5/28/2025 12:00:00 PM,5/28/2025 8:00:00 AM,SERC,WEST,EKPC,EKPC,1164.448,True
5/28/2025 1:00:00 PM,5/28/2025 9:00:00 AM,SERC,WEST,EKPC,EKPC,1174.909,True
5/28/2025 2:00:00 PM,5/28/2025 10:00:00 AM,SERC,WEST,EKPC,EKPC,1186.625,True
5/28/2025 3:00:00 PM,5/28/2025 11:00:00 AM,SERC,WEST,EKPC,EKPC,1207.210,True
5/28/2025 4:00:00 PM,5/28/2025 12:00:00 PM,SERC,WEST,EKPC,EKPC,1225.517,True
5/28/2025 5:00:00 PM,5/28/2025 1:00:00 PM,SERC,WEST,EKPC,EKPC,1267.434,True
5/28/2025 6:00:00 PM,5/28/2025 2:00:00 PM,SERC,WEST,EKPC,EKPC,1313.941,True
5/28/2025 7:00:00 PM,5/28/2025 3:00:00 PM,SERC,WEST,EKPC,EKPC,1402.155,True
5/28/2025 8:00:00 PM,5/28/2025 4:00:00 PM,SERC,WEST,EKPC,EKPC,1456.250,True
5/28/2025 9:00:00 PM,5/28/2025 5:00:00 PM,SERC,WEST,EKPC,EKPC,1511.207,True
5/28/2025 10:00:00 PM,5/28/2025 6:00:00 PM,SERC,WEST,EKPC,EKPC,1533.074,True
5/28/2025 11:00:00 PM,5/28/2025 7:00:00 PM,SERC,WEST,EKPC,EKPC,1488.663,True
5/29/2025 12:00:00 AM,5/28/2025 8:00:00 PM,SERC,WEST,EKPC,EKPC,1409.366,True
5/29/2025 1:00:00 AM,5/28/2025 9:00:00 PM,SERC,WEST,EKPC,EKPC,1487.404,True
5/29/2025 2:00:00 AM,5/28/2025 10:00:00 PM,SERC,WEST,EKPC,EKPC,1482.225,True
5/29/2025 3:00:00 AM,5/28/2025 11:00:00 PM,SERC,WEST,EKPC,EKPC,1338.144,True
5/29/2025 4:00:00 AM,5/29/2025 12:00:00 AM,SERC,WEST,EKPC,EKPC,1254.793,True
5/29/2025 5:00:00 AM,5/29/2025 1:00:00 AM,SERC,WEST,EKPC,EKPC,1156.441,True
5/29/2025 6:00:00 AM,5/29/2025 2:00:00 AM,SERC,WEST,EKPC,EKPC,1125.350,True
5/29/2025 7:00:00 AM,5/29/2025 3:00:00 AM,SERC,WEST,EKPC,EKPC,1101.626,True
5/29/2025 8:00:00 AM,5/29/2025 4:00:00 AM,SERC,WEST,EKPC,EKPC,1121.780,True
5/29/2025 9:00:00 AM,5/29/2025 5:00:00 AM,SERC,WEST,EKPC,EKPC,1213.636,True
5/29/2025 10:00:00 AM,5/29/2025 6:00:00 AM,SERC,WEST,EKPC,EKPC,1280.886,True
5/29/2025 11:00:00 AM,5/29/2025 7:00:00 AM,SERC,WEST,EKPC,EKPC,1308.314,True
5/29/2025 12:00:00 PM,5/29/2025 8:00:00 AM,SERC,WEST,EKPC,EKPC,1365.152,True
5/29/2025 1:00:00 PM,5/29/2025 9:00:00 AM,SERC,WEST,EKPC,EKPC,1364.261,True
5/29/2025 2:00:00 PM,5/29/2025 10:00:00 AM,SERC,WEST,EKPC,EKPC,1423.993,True
5/29/2025 3:00:00 PM,5/29/2025 11:00:00 AM,SERC,WEST,EKPC,EKPC,1489.194,True
5/29/2025 4:00:00 PM,5/29/2025 12:00:00 PM,SERC,WEST,EKPC,EKPC,1501.017,True
5/29/2025 5:00:00 PM,5/29/2025 1:00:00 PM,SERC,WEST,EKPC,EKPC,1579.136,True
5/29/2025 6:00:00 PM,5/29/2025 2:00:00 PM,SERC,WEST,EKPC,EKPC,1644.152,True
5/29/2025 7:00:00 PM,5/29/2025 3:00:00 PM,SERC,WEST,EKPC,EKPC,1630.726,True
5/29/2025 8:00:00 PM,5/29/2025 4:00:00 PM,SERC,WEST,EKPC,EKPC,1641.670,True
5/29/2025 9:00:00 PM,5/29/2025 5:00:00 PM,SERC,WEST,EKPC,EKPC,1714.650,True
5/29/2025 10:00:00 PM,5/29/2025 6:00:00 PM,SERC,WEST,EKPC,EKPC,1728.183,True
5/29/2025 11:00:00 PM,5/29/2025 7:00:00 PM,SERC,WEST,EKPC,EKPC,1708.800,True
5/30/2025 12:00:00 AM,5/29/2025 8:00:00 PM,SERC,WEST,EKPC,EKPC,1595.290,True
5/30/2025 1:00:00 AM,5/29/2025 9:00:00 PM,SERC,WEST,EKPC,EKPC,1607.091,True
5/30/2025 2:00:00 AM,5/29/2025 10:00:00 PM,SERC,WEST,EKPC,EKPC,1529.092,True
5/30/2025 3:00:00 AM,5/29/2025 11:00:00 PM,SERC,WEST,EKPC,EKPC,1415.263,True
5/30/2025 4:00:00 AM,5/30/2025 12:00:00 AM,SERC,WEST,EKPC,EKPC,1272.244,True
5/30/2025 5:00:00 AM,5/30/2025 1:00:00 AM,SERC,WEST,EKPC,EKPC,1212.677,True
5/30/2025 6:00:00 AM,5/30/2025 2:00:00 AM,SERC,WEST,EKPC,EKPC,1154.237,True
5/30/2025 7:00:00 AM,5/30/2025 3:00:00 AM,SERC,WEST,EKPC,EKPC,1159.432,True
5/30/2025 8:00:00 AM,5/30/2025 4:00:00 AM,SERC,WEST,EKPC,EKPC,1061.892,True
5/30/2025 9:00:00 AM,5/30/2025 5:00:00 AM,SERC,WEST,EKPC,EKPC,1183.635,True
5/30/2025 10:00:00 AM,5/30/2025 6:00:00 AM,SERC,WEST,EKPC,EKPC,1247.973,True
5/30/2025 11:00:00 AM,5/30/2025 7:00:00 AM,SERC,WEST,EKPC,EKPC,1337.025,True
5/30/2025 12:00:00 PM,5/30/2025 8:00:00 AM,SERC,WEST,EKPC,EKPC,1361.539,True
5/30/2025 1:00:00 PM,5/30/2025 9:00:00 AM,SERC,WEST,EKPC,EKPC,1388.286,True
5/30/2025 2:00:00 PM,5/30/2025 10:00:00 AM,SERC,WEST,EKPC,EKPC,1407.364,True
5/30/2025 3:00:00 PM,5/30/2025 11:00:00 AM,SERC,WEST,EKPC,EKPC,1412.347,True
5/30/2025 4:00:00 PM,5/30/2025 12:00:00 PM,SERC,WEST,EKPC,EKPC,1454.007,True
5/30/2025 5:00:00 PM,5/30/2025 1:00:00 PM,SERC,WEST,EKPC,EKPC,1435.802,True
5/30/2025 6:00:00 PM,5/30/2025 2:00:00 PM,SERC,WEST,EKPC,EKPC,1434.370,True
5/30/2025 7:00:00 PM,5/30/2025 3:00:00 PM,SERC,WEST,EKPC,EKPC,1360.238,True
5/30/2025 8:00:00 PM,5/30/2025 4:00:00 PM,SERC,WEST,EKPC,EKPC,1448.439,True
5/30/2025 9:00:00 PM,5/30/2025 5:00:00 PM,SERC,WEST,EKPC,EKPC,1447.379,True
5/30/2025 10:00:00 PM,5/30/2025 6:00:00 PM,SERC,WEST,EKPC,EKPC,1460.818,True
5/30/2025 11:00:00 PM,5/30/2025 7:00:00 PM,SERC,WEST,EKPC,EKPC,1381.982,True
5/31/2025 12:00:00 AM,5/30/2025 8:00:00 PM,SERC,WEST,EKPC,EKPC,1402.128,True
5/31/2025 1:00:00 AM,5/30/2025 9:00:00 PM,SERC,WEST,EKPC,EKPC,1458.507,True
5/31/2025 2:00:00 AM,5/30/2025 10:00:00 PM,SERC,WEST,EKPC,EKPC,1271.045,True
5/31/2025 3:00:00 AM,5/30/2025 11:00:00 PM,SERC,WEST,EKPC,EKPC,1229.534,True
5/31/2025 4:00:00 AM,5/31/2025 12:00:00 AM,SERC,WEST,EKPC,EKPC,1221.650,True
5/31/2025 5:00:00 AM,5/31/2025 1:00:00 AM,SERC,WEST,EKPC,EKPC,1159.324,True
5/31/2025 6:00:00 AM,5/31/2025 2:00:00 AM,SERC,WEST,EKPC,EKPC,1101.890,True
5/31/2025 7:00:00 AM,5/31/2025 3:00:00 AM,SERC,WEST,EKPC,EKPC,1087.338,True
5/31/2025 8:00:00 AM,5/31/2025 4:00:00 AM,SERC,WEST,EKPC,EKPC,1108.018,True
5/31/2025 9:00:00 AM,5/31/2025 5:00:00 AM,SERC,WEST,EKPC,EKPC,1075.889,True
5/31/2025 10:00:00 AM,5/31/2025 6:00:00 AM,SERC,WEST,EKPC,EKPC,1148.995,True
5/31/2025 11:00:00 AM,5/31/2025 7:00:00 AM,SERC,WEST,EKPC,EKPC,1142.954,True
5/31/2025 12:00:00 PM,5/31/2025 8:00:00 AM,SERC,WEST,EKPC,EKPC,1225.793,True
5/31/2025 1:00:00 PM,5/31/2025 9:00:00 AM,SERC,WEST,EKPC,EKPC,1257.874,True
5/31/2025 2:00:00 PM,5/31/2025 10:00:00 AM,SERC,WEST,EKPC,EKPC,1318.228,True
5/31/2025 3:00:00 PM,5/31/2025 11:00:00 AM,SERC,WEST,EKPC,EKPC,1271.885,True
5/31/2025 4:00:00 PM,5/31/2025 12:00:00 PM,SERC,WEST,EKPC,EKPC,1263.356,True
5/31/2025 5:00:00 PM,5/31/2025 1:00:00 PM,SERC,WEST,EKPC,EKPC,1269.914,True
5/31/2025 6:00:00 PM,5/31/2025 2:00:00 PM,SERC,WEST,EKPC,EKPC,1413.550,True
5/31/2025 7:00:00 PM,5/31/2025 3:00:00 PM,SERC,WEST,EKPC,EKPC,1411.349,True
5/31/2025 8:00:00 PM,5/31/2025 4:00:00 PM,SERC,WEST,EKPC,EKPC,1405.436,True
5/31/2025 9:00:00 PM,5/31/2025 5:00:00 PM,SERC,WEST,EKPC,EKPC,1536.739,True
5/31/2025 10:00:00 PM,5/31/2025 6:00:00 PM,SERC,WEST,EKPC,EKPC,1517.489,True
5/31/2025 11:00:00 PM,5/31/2025 7:00:00 PM,SERC,WEST,EKPC,EKPC,1519.070,True
6/1/2025 12:00:00 AM,5/31/2025 8:00:00 PM,SERC,WEST,EKPC,EKPC,1483.291,True
6/1/2025 1:00:00 AM,5/31/2025 9:00:00 PM,SERC,WEST,EKPC,EKPC,1465.511,True
6/1/2025 2:00:00 AM,5/31/2025 10:00:00 PM,SERC,WEST,EKPC,EKPC,1405.726,True
6/1/2025 3:00:00 AM,5/31/2025 11:00:00 PM,SERC,WEST,EKPC,EKPC,1258.327,True
