datetime_beginning_utc,datetime_beginning_ept,nerc_region,mkt_region,zone,load_area,mw,is_verified
6/1/2025 4:00:00 AM,6/1/2025 12:00:00 AM,SERC,WEST,EKPC,EKPC,1229.519,True
6/1/2025 5:00:00 AM,6/1/2025 1:00:00 AM,SERC,WEST,EKPC,EKPC,1137.919,True
6/1/2025 6:00:00 AM,6/1/2025 2:00:00 AM,SERC,WEST,EKPC,EKPC,1051.113,True
6/1/2025 7:00:00 AM,6/1/2025 3:00:00 AM,SERC,WEST,EKPC,EKPC,1021.824,True
6/1/2025 8:00:00 AM,6/1/2025 4:00:00 AM,SERC,WEST,EKPC,EKPC,909.604,True
6/1/2025 9:00:00 AM,6/1/2025 5:00:00 AM,SERC,WEST,EKPC,EKPC,1002.077,True
6/1/2025 10:00:00 AM,6/1/2025 6:00:00 AM,SERC,WEST,EKPC,EKPC,1002.032,True
6/1/2025 11:00:00 AM,6/1/2025 7:00:00 AM,SERC,WEST,EKPC,EKPC,1034.035,True
6/1/2025 12:00:00 PM,6/1/2025 8:00:00 AM,SERC,WEST,EKPC,EKPC,1194.028,True
6/1/2025 1:00:00 PM,6/1/2025 9:00:00 AM,SERC,WEST,EKPC,EKPC,1247.773,True
6/1/2025 2:00:00 PM,6/1/2025 10:00:00 AM,SERC,WEST,EKPC,EKPC,1280.691,True
6/1/2025 3:00:00 PM,6/1/2025 11:00:00 AM,SERC,WEST,EKPC,EKPC,1161.566,True
6/1/2025 4:00:00 PM,6/1/2025 12:00:00 PM,SERC,WEST,EKPC,EKPC,1183.844,True
6/1/2025 5:00:00 PM,6/1/2025 1:00:00 PM,SERC,WEST,EKPC,EKPC,1269.534,True
6/1/2025 6:00:00 PM,6/1/2025 2:00:00 PM,SERC,WEST,EKPC,EKPC,1261.446,True
6/1/2025 7:00:00 PM,6/1/2025 3:00:00 PM,SERC,WEST,EKPC,EKPC,1339.042,True
6/1/2025 8:00:00 PM,6/1/2025 4:00:00 PM,SERC,WEST,EKPC,EKPC,1389.916,True
6/1/2025 9:00:00 PM,6/1/2025 5:00:00 PM,SERC,WEST,EKPC,EKPC,1483.911,True
6/1/2025 10:00:00 PM,6/1/2025 6:00:00 PM,SERC,WEST,EKPC,EKPC,1599.553,True
6/1/2025 11:00:00 PM,6/1/2025 7:00:00 PM,SERC,WEST,EKPC,EKPC,1564.595,True
6/2/2025 12:00:00 AM,6/1/2025 8:00:00 PM,SERC,WEST,EKPC,EKPC,1517.862,True
6/2/2025 1:00:00 AM,6/1/2025 9:00:00 PM,SERC,WEST,EKPC,EKPC,1491.511,True
6/2/2025 2:00:00 AM,6/1/2025 10:00:00 PM,SERC,WEST,EKPC,EKPC,1291.736,True
6/2/2025 3:00:00 AM,6/1/2025 11:00:00 PM,SERC,WEST,EKPC,EKPC,1266.921,True
6/2/2025 4:00:00 AM,6/2/2025 12:00:00 AM,SERC,WEST,EKPC,EKPC,1142.800,True
6/2/2025 5:00:00 AM,6/2/2025 1:00:00 AM,SERC,WEST,EKPC,EKPC,1136.558,True
6/2/2025 6:00:00 AM,6/2/2025 2:00:00 AM,SERC,WEST,EKPC,EKPC,1111.796,True
6/2/2025 7:00:00 AM,6/2/2025 3:00:00 AM,SERC,WEST,EKPC,EKPC,1129.661,True
6/2/2025 8:00:00 AM,6/2/2025 4:00:00 AM,SERC,WEST,EKPC,EKPC,1119.618,True
6/2/2025 9:00:00 AM,6/2/2025 5:00:00 AM,SERC,WEST,EKPC,EKPC,1168.472,True
6/2/2025 10:00:00 AM,6/2/2025 6:00:00 AM,SERC,WEST,EKPC,EKPC,1303.104,True
6/2/2025 11:00:00 AM,6/2/2025 7:00:00 AM,SERC,WEST,EKPC,EKPC,1356.393,True
6/2/2025 12:00:00 PM,6/2/2025 8:00:00 AM,SERC,WEST,EKPC,EKPC,1361.979,True
6/2/2025 1:00:00 PM,6/2/2025 9:00:00 AM,SERC,WEST,EKPC,EKPC,1363.111,True
6/2/2025 2:00:00 PM,6/2/2025 10:00:00 AM,SERC,WEST,EKPC,EKPC,1411.003,True
6/2/2025 3:00:00 PM,6/2/2025 11:00:00 AM,SERC,WEST,EKPC,EKPC,1411.015,True
6/2/2025 4:00:00 PM,6/2/2025 12:00:00 PM,SERC,WEST,EKPC,EKPC,1443.249,True
6/2/2025 5:00:00 PM,6/2/2025 1:00:00 PM,SERC,WEST,EKPC,EKPC,1545.946,True
6/2/2025 6:00:00 PM,6/2/2025 2:00:00 PM,SERC,WEST,EKPC,EKPC,1587.702,True
6/2/2025 7:00:00 PM,6/2/2025 3:00:00 PM,SERC,WEST,EKPC,EKPC,1606.964,True
6/2/2025 8:00:00 PM,6/2/2025 4:00:00 PM,SERC,WEST,EKPC,EKPC,1710.197,True
6/2/2025 9:00:00 PM,6/2/2025 5:00:00 PM,SERC,WEST,EKPC,EKPC,1672.524,True
6/2/2025 10:00:00 PM,6/2/2025 6:00:00 PM,SERC,WEST,EKPC,EKPC,1783.515,True
6/2/2025 11:00:00 PM,6/2/2025 7:00:00 PM,SERC,WEST,EKPC,EKPC,1788.714,True
6/3/2025 12:00:00 AM,6/2/2025 8:00:00 PM,SERC,WEST,EKPC,EKPC,1731.158,True
6/3/2025 1:00:00 AM,6/2/2025 9:00:00 PM,SERC,WEST,EKPC,EKPC,1710.036,True
6/3/2025 2:00:00 AM,6/2/2025 10:00:00 PM,SERC,WEST,EKPC,EKPC,1560.063,True
6/3/2025 3:00:00 AM,6/2/2025 11:00:00 PM,SERC,WEST,EKPC,EKPC,1390.023,True
6/3/2025 4:00:00 AM,6/3/2025 12:00:00 AM,SERC,WEST,EKPC,EKPC,1293.380,True
6/3/2025 5:00:00 AM,6/3/2025 1:00:00 AM,SERC,WEST,EKPC,EKPC,1251.255,True
6/3/2025 6:00:00 AM,6/3/2025 2:00:00 AM,SERC,WEST,EKPC,EKPC,1146.168,True
6/3/2025 7:00:00 AM,6/3/2025 3:00:00 AM,SERC,WEST,EKPC,EKPC,1025.405,True
6/3/2025 8:00:00 AM,6/3/2025 4:00:00 AM,SERC,WEST,EKPC,EKPC,995.523,True
6/3/2025 9:00:00 AM,6/3/2025 5:00:00 AM,SERC,WEST,EKPC,EKPC,1044.652,True
6/3/2025 10:00:00 AM,6/3/2025 6:00:00 AM,SERC,WEST,EKPC,EKPC,1121.944,True
6/3/2025 11:00:00 AM,6/3/2025 7:00:00 AM,SERC,WEST,EKPC,EKPC,1174.375,True
6/3/2025 12:00:00 PM,6/3/2025 8:00:00 AM,SERC,WEST,EKPC,EKPC,1213.516,True
6/3/2025 1:00:00 PM,6/3/2025 9:00:00 AM,SERC,WEST,EKPC,EKPC,1247.707,True
6/3/2025 2:00:00 PM,6/3/2025 10:00:00 AM,SERC,WEST,EKPC,EKPC,1357.231,True
6/3/2025 3:00:00 PM,6/3/2025 11:00:00 AM,SERC,WEST,EKPC,EKPC,1515.934,True
6/3/2025 4:00:00 PM,6/3/2025 12:00:00 PM,SERC,WEST,EKPC,EKPC,1546.590,True
6/3/2025 5:00:00 PM,6/3/2025 1:00:00 PM,SERC,WEST,EKPC,EKPC,1666.055,True
6/3/2025 6:00:00 PM,6/3/2025 2:00:00 PM,SERC,WEST,EKPC,EKPC,1881.584,True
6/3/2025 7:00:00 PM,6/3/2025 3:00:00 PM,SERC,WEST,EKPC,EKPC,1967.473,True
6/3/2025 8:00:00 PM,6/3/2025 4:00:00 PM,SERC,WEST,EKPC,EKPC,2051.860,True
6/3/2025 9:00:00 PM,6/3/2025 5:00:00 PM,SERC,WEST,EKPC,EKPC,2085.217,True
6/3/2025 10:00:00 PM,6/3/2025 6:00:00 PM,SERC,WEST,EKPC,EKPC,2027.141,True
6/3/2025 11:00:00 PM,6/3/2025 7:00:00 PM,SERC,WEST,EKPC,EKPC,1930.736,True
6/4/2025 12:00:00 AM,6/3/2025 8:00:00 PM,SERC,WEST,EKPC,EKPC,1891.869,True
6/4/2025 1:00:00 AM,6/3/2025 9:00:00 PM,SERC,WEST,EKPC,EKPC,1889.961,True
6/4/2025 2:00:00 AM,6/3/2025 10:00:00 PM,SERC,WEST,EKPC,EKPC,1704.502,True
6/4/2025 3:00:00 AM,6/3/2025 11:00:00 PM,SERC,WEST,EKPC,EKPC,1516.688,True
6/4/2025 4:00:00 AM,6/4/2025 12:00:00 AM,SERC,WEST,EKPC,EKPC,1299.022,True
6/4/2025 5:00:00 AM,6/4/2025 1:00:00 AM,SERC,WEST,EKPC,EKPC,1285.214,True
6/4/2025 6:00:00 AM,6/4/2025 2:00:00 AM,SERC,WEST,EKPC,EKPC,1237.958,True
6/4/2025 7:00:00 AM,6/4/2025 3:00:00 AM,SERC,WEST,EKPC,EKPC,1197.163,True
6/4/2025 8:00:00 AM,6/4/2025 4:00:00 AM,SERC,WEST,EKPC,EKPC,1190.640,True
6/4/2025 9:00:00 AM,6/4/2025 5:00:00 AM,SERC,WEST,EKPC,EKPC,1228.066,True
6/4/2025 10:00:00 AM,6/4/2025 6:00:00 AM,SERC,WEST,EKPC,EKPC,1286.499,True
6/4/2025 11:00:00 AM,6/4/2025 7:00:00 AM,SERC,WEST,EKPC,EKPC,1346.592,True
6/4/2025 12:00:00 PM,6/4/2025 8:00:00 AM,SERC,WEST,EKPC,EKPC,1401.317,True
6/4/2025 1:00:00 PM,6/4/2025 9:00:00 AM,SERC,WEST,EKPC,EKPC,1503.915,True
6/4/2025 2:00:00 PM,6/4/2025 10:00:00 AM,SERC,WEST,EKPC,EKPC,1627.503,True
6/4/2025 3:00:00 PM,6/4/2025 11:00:00 AM,SERC,WEST,EKPC,EKPC,1735.478,True
6/4/2025 4:00:00 PM,6/4/2025 12:00:00 PM,SERC,WEST,EKPC,EKPC,1846.357,True
6/4/2025 5:00:00 PM,6/4/2025 1:00:00 PM,SERC,WEST,EKPC,EKPC,1927.759,True
6/4/2025 6:00:00 PM,6/4/2025 2:00:00 PM,SERC,WEST,EKPC,EKPC,2016.049,True
6/4/2025 7:00:00 PM,6/4/2025 3:00:00 PM,SERC,WEST,EKPC,EKPC,2046.906,True
6/4/2025 8:00:00 PM,6/4/2025 4:00:00 PM,SERC,WEST,EKPC,EKPC,2085.232,True
6/4/2025 9:00:00 PM,6/4/2025 5:00:00 PM,SERC,WEST,EKPC,EKPC,2121.664,True
6/4/2025 10:00:00 PM,6/4/2025 6:00:00 PM,SERC,WEST,EKPC,EKPC,2121.779,True
6/4/2025 11:00:00 PM,6/4/2025 7:00:00 PM,SERC,WEST,EKPC,EKPC,2066.870,True
6/5/2025 12:00:00 AM,6/4/2025 8:00:00 PM,SERC,WEST,EKPC,EKPC,1979.859,True
6/5/2025 1:00:00 AM,6/4/2025 9:00:00 PM,SERC,WEST,EKPC,EKPC,1907.867,True
6/5/2025 2:00:00 AM,6/4/2025 10:00:00 PM,SERC,WEST,EKPC,EKPC,1737.587,True
6/5/2025 3:00:00 AM,6/4/2025 11:00:00 PM,SERC,WEST,EKPC,EKPC,1539.801,True
6/5/2025 4:00:00 AM,6/5/2025 12:00:00 AM,SERC,WEST,EKPC,EKPC,1403.648,True
6/5/2025 5:00:00 AM,6/5/2025 1:00:00 AM,SERC,WEST,EKPC,EKPC,1310.995,True
6/5/2025 6:00:00 AM,6/5/2025 2:00:00 AM,SERC,WEST,EKPC,EKPC,1217.942,True
6/5/2025 7:00:00 AM,6/5/2025 3:00:00 AM,SERC,WEST,EKPC,EKPC,1204.216,True
6/5/2025 8:00:00 AM,6/5/2025 4:00:00 AM,SERC,WEST,EKPC,EKPC,1206.579,True
6/5/2025 9:00:00 AM,6/5/2025 5:00:00 AM,SERC,WEST,EKPC,EKPC,1230.162,True
6/5/2025 10:00:00 AM,6/5/2025 6:00:00 AM,SERC,WEST,EKPC,EKPC,1304.824,True
6/5/2025 11:00:00 AM,6/5/2025 7:00:00 AM,SERC,WEST,EKPC,EKPC,1366.134,True
6/5/2025 12:00:00 PM,6/5/2025 8:00:00 AM,SERC,WEST,EKPC,EKPC,1430.794,True
6/5/2025 1:00:00 PM,6/5/2025 9:00:00 AM,SERC,WEST,EKPC,EKPC,1497.852,True
6/5/2025 2:00:00 PM,6/5/2025 10:00:00 AM,SERC,WEST,EKPC,EKPC,1625.115,True
6/5/2025 3:00:00 PM,6/5/2025 11:00:00 AM,SERC,WEST,EKPC,EKPC,1717.577,True
6/5/2025 4:00:00 PM,6/5/2025 12:00:00 PM,SERC,WEST,EKPC,EKPC,1776.968,True
6/5/2025 5:00:00 PM,6/5/2025 1:00:00 PM,SERC,WEST,EKPC,EKPC,1741.705,True
6/5/2025 6:00:00 PM,6/5/2025 2:00:00 PM,SERC,WEST,EKPC,EKPC,1875.928,True
6/5/2025 7:00:00 PM,6/5/2025 3:00:00 PM,SERC,WEST,EKPC,EKPC,1949.900,True
6/5/2025 8:00:00 PM,6/5/2025 4:00:00 PM,SERC,WEST,EKPC,EKPC,1984.887,True
6/5/2025 9:00:00 PM,6/5/2025 5:00:00 PM,SERC,WEST,EKPC,EKPC,2033.099,True
6/5/2025 10:00:00 PM,6/5/2025 6:00:00 PM,SERC,WEST,EKPC,EKPC,2080.896,True
6/5/2025 11:00:00 PM,6/5/2025 7:00:00 PM,SERC,WEST,EKPC,EKPC,2048.649,True
6/6/2025 12:00:00 AM,6/5/2025 8:00:00 PM,SERC,WEST,EKPC,EKPC,1920.856,True
6/6/2025 1:00:00 AM,6/5/2025 9:00:00 PM,SERC,WEST,EKPC,EKPC,1914.832,True
6/6/2025 2:00:00 AM,6/5/2025 10:00:00 PM,SERC,WEST,EKPC,EKPC,1757.660,True
6/6/2025 3:00:00 AM,6/5/2025 11:00:00 PM,SERC,WEST,EKPC,EKPC,1665.376,True
6/6/2025 4:00:00 AM,6/6/2025 12:00:00 AM,SERC,WEST,EKPC,EKPC,1522.333,True
6/6/2025 5:00:00 AM,6/6/2025 1:00:00 AM,SERC,WEST,EKPC,EKPC,1385.703,True
6/6/2025 6:00:00 AM,6/6/2025 2:00:00 AM,SERC,WEST,EKPC,EKPC,1302.991,True
6/6/2025 7:00:00 AM,6/6/2025 3:00:00 AM,SERC,WEST,EKPC,EKPC,1268.753,True
6/6/2025 8:00:00 AM,6/6/2025 4:00:00 AM,SERC,WEST,EKPC,EKPC,1262.017,True
6/6/2025 9:00:00 AM,6/6/2025 5:00:00 AM,SERC,WEST,EKPC,EKPC,1299.634,True
6/6/2025 10:00:00 AM,6/6/2025 6:00:00 AM,SERC,WEST,EKPC,EKPC,1342.974,True
6/6/2025 11:00:00 AM,6/6/2025 7:00:00 AM,SERC,WEST,EKPC,EKPC,1385.884,True
6/6/2025 12:00:00 PM,6/6/2025 8:00:00 AM,SERC,WEST,EKPC,EKPC,1379.780,True
6/6/2025 1:00:00 PM,6/6/2025 9:00:00 AM,SERC,WEST,EKPC,EKPC,1467.368,True
6/6/2025 2:00:00 PM,6/6/2025 10:00:00 AM,SERC,WEST,EKPC,EKPC,1648.733,True
6/6/2025 3:00:00 PM,6/6/2025 11:00:00 AM,SERC,WEST,EKPC,EKPC,1731.901,True
6/6/2025 4:00:00 PM,6/6/2025 12:00:00 PM,SERC,WEST,EKPC,EKPC,1943.231,True
6/6/2025 5:00:00 PM,6/6/2025 1:00:00 PM,SERC,WEST,EKPC,EKPC,1920.320,True
6/6/2025 6:00:00 PM,6/6/2025 2:00:00 PM,SERC,WEST,EKPC,EKPC,1725.114,True
6/6/2025 7:00:00 PM,6/6/2025 3:00:00 PM,SERC,WEST,EKPC,EKPC,1650.573,True
6/6/2025 8:00:00 PM,6/6/2025 4:00:00 PM,SERC,WEST,EKPC,EKPC,1624.421,True
6/6/2025 9:00:00 PM,6/6/2025 5:00:00 PM,SERC,WEST,EKPC,EKPC,1709.524,True
6/6/2025 10:00:00 PM,6/6/2025 6:00:00 PM,SERC,WEST,EKPC,EKPC,1741.778,True
6/6/2025 11:00:00 PM,6/6/2025 7:00:00 PM,SERC,WEST,EKPC,EKPC,1716.249,True
6/7/2025 12:00:00 AM,6/6/2025 8:00:00 PM,SERC,WEST,EKPC,EKPC,1703.115,True
6/7/2025 1:00:00 AM,6/6/2025 9:00:00 PM,SERC,WEST,EKPC,EKPC,1669.352,True
6/7/2025 2:00:00 AM,6/6/2025 10:00:00 PM,SERC,WEST,EKPC,EKPC,1558.207,True
6/7/2025 3:00:00 AM,6/6/2025 11:00:00 PM,SERC,WEST,EKPC,EKPC,1438.680,True
6/7/2025 4:00:00 AM,6/7/2025 12:00:00 AM,SERC,WEST,EKPC,EKPC,1358.868,True
6/7/2025 5:00:00 AM,6/7/2025 1:00:00 AM,SERC,WEST,EKPC,EKPC,1282.081,True
6/7/2025 6:00:00 AM,6/7/2025 2:00:00 AM,SERC,WEST,EKPC,EKPC,1208.505,True
6/7/2025 7:00:00 AM,6/7/2025 3:00:00 AM,SERC,WEST,EKPC,EKPC,1179.092,True
6/7/2025 8:00:00 AM,6/7/2025 4:00:00 AM,SERC,WEST,EKPC,EKPC,1175.955,True
6/7/2025 9:00:00 AM,6/7/2025 5:00:00 AM,SERC,WEST,EKPC,EKPC,1179.615,True
6/7/2025 10:00:00 AM,6/7/2025 6:00:00 AM,SERC,WEST,EKPC,EKPC,1191.583,True
6/7/2025 11:00:00 AM,6/7/2025 7:00:00 AM,SERC,WEST,EKPC,EKPC,1241.864,True
6/7/2025 12:00:00 PM,6/7/2025 8:00:00 AM,SERC,WEST,EKPC,EKPC,1338.532,True
6/7/2025 1:00:00 PM,6/7/2025 9:00:00 AM,SERC,WEST,EKPC,EKPC,1448.480,True
6/7/2025 2:00:00 PM,6/7/2025 10:00:00 AM,SERC,WEST,EKPC,EKPC,1400.675,True
6/7/2025 3:00:00 PM,6/7/2025 11:00:00 AM,SERC,WEST,EKPC,EKPC,1449.137,True
6/7/2025 4:00:00 PM,6/7/2025 12:00:00 PM,SERC,WEST,EKPC,EKPC,1670.020,True
6/7/2025 5:00:00 PM,6/7/2025 1:00:00 PM,SERC,WEST,EKPC,EKPC,1709.032,True
6/7/2025 6:00:00 PM,6/7/2025 2:00:00 PM,SERC,WEST,EKPC,EKPC,1795.198,True
6/7/2025 7:00:00 PM,6/7/2025 3:00:00 PM,SERC,WEST,EKPC,EKPC,1803.994,True
6/7/2025 8:00:00 PM,6/7/2025 4:00:00 PM,SERC,WEST,EKPC,EKPC,1783.878,True
6/7/2025 9:00:00 PM,6/7/2025 5:00:00 PM,SERC,WEST,EKPC,EKPC,1775.380,True
6/7/2025 10:00:00 PM,6/7/2025 6:00:00 PM,SERC,WEST,EKPC,EKPC,1755.409,True
6/7/2025 11:00:00 PM,6/7/2025 7:00:00 PM,SERC,WEST,EKPC,EKPC,1699.040,True
6/8/2025 12:00:00 AM,6/7/2025 8:00:00 PM,SERC,WEST,EKPC,EKPC,1681.198,True
6/8/2025 1:00:00 AM,6/7/2025 9:00:00 PM,SERC,WEST,EKPC,EKPC,1604.287,True
6/8/2025 2:00:00 AM,6/7/2025 10:00:00 PM,SERC,WEST,EKPC,EKPC,1534.736,True
6/8/2025 3:00:00 AM,6/7/2025 11:00:00 PM,SERC,WEST,EKPC,EKPC,1441.044,True
6/8/2025 4:00:00 AM,6/8/2025 12:00:00 AM,SERC,WEST,EKPC,EKPC,1261.617,True
6/8/2025 5:00:00 AM,6/8/2025 1:00:00 AM,SERC,WEST,EKPC,EKPC,1204.761,True
6/8/2025 6:00:00 AM,6/8/2025 2:00:00 AM,SERC,WEST,EKPC,EKPC,1185.819,True
6/8/2025 7:00:00 AM,6/8/2025 3:00:00 AM,SERC,WEST,EKPC,EKPC,1186.838,True
6/8/2025 8:00:00 AM,6/8/2025 4:00:00 AM,SERC,WEST,EKPC,EKPC,1196.563,True
6/8/2025 9:00:00 AM,6/8/2025 5:00:00 AM,SERC,WEST,EKPC,EKPC,1200.453,True
6/8/2025 10:00:00 AM,6/8/2025 6:00:00 AM,SERC,WEST,EKPC,EKPC,1188.301,True
6/8/2025 11:00:00 AM,6/8/2025 7:00:00 AM,SERC,WEST,EKPC,EKPC,1198.820,True
6/8/2025 12:00:00 PM,6/8/2025 8:00:00 AM,SERC,WEST,EKPC,EKPC,1320.060,True
6/8/2025 1:00:00 PM,6/8/2025 9:00:00 AM,SERC,WEST,EKPC,EKPC,1481.101,True
6/8/2025 2:00:00 PM,6/8/2025 10:00:00 AM,SERC,WEST,EKPC,EKPC,1519.108,True
6/8/2025 3:00:00 PM,6/8/2025 11:00:00 AM,SERC,WEST,EKPC,EKPC,1595.478,True
6/8/2025 4:00:00 PM,6/8/2025 12:00:00 PM,SERC,WEST,EKPC,EKPC,1626.663,True
6/8/2025 5:00:00 PM,6/8/2025 1:00:00 PM,SERC,WEST,EKPC,EKPC,1691.381,True
6/8/2025 6:00:00 PM,6/8/2025 2:00:00 PM,SERC,WEST,EKPC,EKPC,1744.835,True
6/8/2025 7:00:00 PM,6/8/2025 3:00:00 PM,SERC,WEST,EKPC,EKPC,1770.479,True
6/8/2025 8:00:00 PM,6/8/2025 4:00:00 PM,SERC,WEST,EKPC,EKPC,1774.353,True
6/8/2025 9:00:00 PM,6/8/2025 5:00:00 PM,SERC,WEST,EKPC,EKPC,1703.065,True
6/8/2025 10:00:00 PM,6/8/2025 6:00:00 PM,SERC,WEST,EKPC,EKPC,1748.966,True
6/8/2025 11:00:00 PM,6/8/2025 7:00:00 PM,SERC,WEST,EKPC,EKPC,1852.443,True
6/9/2025 12:00:00 AM,6/8/2025 8:00:00 PM,SERC,WEST,EKPC,EKPC,1785.635,True
6/9/2025 1:00:00 AM,6/8/2025 9:00:00 PM,SERC,WEST,EKPC,EKPC,1738.191,True
6/9/2025 2:00:00 AM,6/8/2025 10:00:00 PM,SERC,WEST,EKPC,EKPC,1603.407,True
6/9/2025 3:00:00 AM,6/8/2025 11:00:00 PM,SERC,WEST,EKPC,EKPC,1451.594,True
6/9/2025 4:00:00 AM,6/9/2025 12:00:00 AM,SERC,WEST,EKPC,EKPC,1323.606,True
6/9/2025 5:00:00 AM,6/9/2025 1:00:00 AM,SERC,WEST,EKPC,EKPC,1241.906,True
6/9/2025 6:00:00 AM,6/9/2025 2:00:00 AM,SERC,WEST,EKPC,EKPC,1141.144,True
6/9/2025 7:00:00 AM,6/9/2025 3:00:00 AM,SERC,WEST,EKPC,EKPC,1153.672,True
6/9/2025 8:00:00 AM,6/9/2025 4:00:00 AM,SERC,WEST,EKPC,EKPC,1142.999,True
6/9/2025 9:00:00 AM,6/9/2025 5:00:00 AM,SERC,WEST,EKPC,EKPC,1225.736,True
6/9/2025 10:00:00 AM,6/9/2025 6:00:00 AM,SERC,WEST,EKPC,EKPC,1244.790,True
6/9/2025 11:00:00 AM,6/9/2025 7:00:00 AM,SERC,WEST,EKPC,EKPC,1339.423,True
6/9/2025 12:00:00 PM,6/9/2025 8:00:00 AM,SERC,WEST,EKPC,EKPC,1362.653,True
6/9/2025 1:00:00 PM,6/9/2025 9:00:00 AM,SERC,WEST,EKPC,EKPC,1443.090,True
6/9/2025 2:00:00 PM,6/9/2025 10:00:00 AM,SERC,WEST,EKPC,EKPC,1532.489,True
6/9/2025 3:00:00 PM,6/9/2025 11:00:00 AM,SERC,WEST,EKPC,EKPC,1494.704,True
6/9/2025 4:00:00 PM,6/9/2025 12:00:00 PM,SERC,WEST,EKPC,EKPC,1600.864,True
6/9/2025 5:00:00 PM,6/9/2025 1:00:00 PM,SERC,WEST,EKPC,EKPC,1670.162,True
6/9/2025 6:00:00 PM,6/9/2025 2:00:00 PM,SERC,WEST,EKPC,EKPC,1637.596,True
6/9/2025 7:00:00 PM,6/9/2025 3:00:00 PM,SERC,WEST,EKPC,EKPC,1675.889,True
6/9/2025 8:00:00 PM,6/9/2025 4:00:00 PM,SERC,WEST,EKPC,EKPC,1650.436,True
6/9/2025 9:00:00 PM,6/9/2025 5:00:00 PM,SERC,WEST,EKPC,EKPC,1668.127,True
6/9/2025 10:00:00 PM,6/9/2025 6:00:00 PM,SERC,WEST,EKPC,EKPC,1649.708,True
6/9/2025 11:00:00 PM,6/9/2025 7:00:00 PM,SERC,WEST,EKPC,EKPC,1671.448,True
6/10/2025 12:00:00 AM,6/9/2025 8:00:00 PM,SERC,WEST,EKPC,EKPC,1644.986,True
6/10/2025 1:00:00 AM,6/9/2025 9:00:00 PM,SERC,WEST,EKPC,EKPC,1541.586,True
6/10/2025 2:00:00 AM,6/9/2025 10:00:00 PM,SERC,WEST,EKPC,EKPC,1476.539,True
6/10/2025 3:00:00 AM,6/9/2025 11:00:00 PM,SERC,WEST,EKPC,EKPC,1394.643,True
6/10/2025 4:00:00 AM,6/10/2025 12:00:00 AM,SERC,WEST,EKPC,EKPC,1271.963,True
6/10/2025 5:00:00 AM,6/10/2025 1:00:00 AM,SERC,WEST,EKPC,EKPC,1235.411,True
6/10/2025 6:00:00 AM,6/10/2025 2:00:00 AM,SERC,WEST,EKPC,EKPC,1170.289,True
6/10/2025 7:00:00 AM,6/10/2025 3:00:00 AM,SERC,WEST,EKPC,EKPC,1120.556,True
6/10/2025 8:00:00 AM,6/10/2025 4:00:00 AM,SERC,WEST,EKPC,EKPC,1147.826,True
6/10/2025 9:00:00 AM,6/10/2025 5:00:00 AM,SERC,WEST,EKPC,EKPC,1221.272,True
6/10/2025 10:00:00 AM,6/10/2025 6:00:00 AM,SERC,WEST,EKPC,EKPC,1298.004,True
6/10/2025 11:00:00 AM,6/10/2025 7:00:00 AM,SERC,WEST,EKPC,EKPC,1363.429,True
6/10/2025 12:00:00 PM,6/10/2025 8:00:00 AM,SERC,WEST,EKPC,EKPC,1364.213,True
6/10/2025 1:00:00 PM,6/10/2025 9:00:00 AM,SERC,WEST,EKPC,EKPC,1419.150,True
6/10/2025 2:00:00 PM,6/10/2025 10:00:00 AM,SERC,WEST,EKPC,EKPC,1478.792,True
6/10/2025 3:00:00 PM,6/10/2025 11:00:00 AM,SERC,WEST,EKPC,EKPC,1567.863,True
6/10/2025 4:00:00 PM,6/10/2025 12:00:00 PM,SERC,WEST,EKPC,EKPC,1664.071,True
6/10/2025 5:00:00 PM,6/10/2025 1:00:00 PM,SERC,WEST,EKPC,EKPC,1741.921,True
6/10/2025 6:00:00 PM,6/10/2025 2:00:00 PM,SERC,WEST,EKPC,EKPC,1789.352,True
6/10/2025 7:00:00 PM,6/10/2025 3:00:00 PM,SERC,WEST,EKPC,EKPC,1782.492,True
6/10/2025 8:00:00 PM,6/10/2025 4:00:00 PM,SERC,WEST,EKPC,EKPC,1896.099,True
6/10/2025 9:00:00 PM,6/10/2025 5:00:00 PM,SERC,WEST,EKPC,EKPC,1885.644,True
6/10/2025 10:00:00 PM,6/10/2025 6:00:00 PM,SERC,WEST,EKPC,EKPC,1919.096,True
6/10/2025 11:00:00 PM,6/10/2025 7:00:00 PM,SERC,WEST,EKPC,EKPC,1770.288,True
6/11/2025 12:00:00 AM,6/10/2025 8:00:00 PM,SERC,WEST,EKPC,EKPC,1645.166,True
6/11/2025 1:00:00 AM,6/10/2025 9:00:00 PM,SERC,WEST,EKPC,EKPC,1623.910,True
6/11/2025 2:00:00 AM,6/10/2025 10:00:00 PM,SERC,WEST,EKPC,EKPC,1497.249,True
6/11/2025 3:00:00 AM,6/10/2025 11:00:00 PM,SERC,WEST,EKPC,EKPC,1394.840,True
6/11/2025 4:00:00 AM,6/11/2025 12:00:00 AM,SERC,WEST,EKPC,EKPC,1320.571,True
6/11/2025 5:00:00 AM,6/11/2025 1:00:00 AM,SERC,WEST,EKPC,EKPC,1185.279,True
6/11/2025 6:00:00 AM,6/11/2025 2:00:00 AM,SERC,WEST,EKPC,EKPC,1088.070,True
6/11/2025 7:00:00 AM,6/11/2025 3:00:00 AM,SERC,WEST,EKPC,EKPC,1026.714,True
6/11/2025 8:00:00 AM,6/11/2025 4:00:00 AM,SERC,WEST,EKPC,EKPC,1000.364,True
6/11/2025 9:00:00 AM,6/11/2025 5:00:00 AM,SERC,WEST,EKPC,EKPC,1040.642,True
6/11/2025 10:00:00 AM,6/11/2025 6:00:00 AM,SERC,WEST,EKPC,EKPC,1061.013,True
6/11/2025 11:00:00 AM,6/11/2025 7:00:00 AM,SERC,WEST,EKPC,EKPC,1128.537,True
6/11/2025 12:00:00 PM,6/11/2025 8:00:00 AM,SERC,WEST,EKPC,EKPC,1149.931,True
6/11/2025 1:00:00 PM,6/11/2025 9:00:00 AM,SERC,WEST,EKPC,EKPC,1208.944,True
6/11/2025 2:00:00 PM,6/11/2025 10:00:00 AM,SERC,WEST,EKPC,EKPC,1288.047,True
6/11/2025 3:00:00 PM,6/11/2025 11:00:00 AM,SERC,WEST,EKPC,EKPC,1392.982,True
6/11/2025 4:00:00 PM,6/11/2025 12:00:00 PM,SERC,WEST,EKPC,EKPC,1489.463,True
6/11/2025 5:00:00 PM,6/11/2025 1:00:00 PM,SERC,WEST,EKPC,EKPC,1607.969,True
6/11/2025 6:00:00 PM,6/11/2025 2:00:00 PM,SERC,WEST,EKPC,EKPC,1709.332,True
6/11/2025 7:00:00 PM,6/11/2025 3:00:00 PM,SERC,WEST,EKPC,EKPC,1773.633,True
6/11/2025 8:00:00 PM,6/11/2025 4:00:00 PM,SERC,WEST,EKPC,EKPC,1883.618,True
6/11/2025 9:00:00 PM,6/11/2025 5:00:00 PM,SERC,WEST,EKPC,EKPC,1942.323,True
6/11/2025 10:00:00 PM,6/11/2025 6:00:00 PM,SERC,WEST,EKPC,EKPC,1985.140,True
6/11/2025 11:00:00 PM,6/11/2025 7:00:00 PM,SERC,WEST,EKPC,EKPC,1987.222,True
6/12/2025 12:00:00 AM,6/11/2025 8:00:00 PM,SERC,WEST,EKPC,EKPC,1847.679,True
6/12/2025 1:00:00 AM,6/11/2025 9:00:00 PM,SERC,WEST,EKPC,EKPC,1772.883,True
6/12/2025 2:00:00 AM,6/11/2025 10:00:00 PM,SERC,WEST,EKPC,EKPC,1566.113,True
6/12/2025 3:00:00 AM,6/11/2025 11:00:00 PM,SERC,WEST,EKPC,EKPC,1345.843,True
6/12/2025 4:00:00 AM,6/12/2025 12:00:00 AM,SERC,WEST,EKPC,EKPC,1273.368,True
6/12/2025 5:00:00 AM,6/12/2025 1:00:00 AM,SERC,WEST,EKPC,EKPC,1257.836,True
6/12/2025 6:00:00 AM,6/12/2025 2:00:00 AM,SERC,WEST,EKPC,EKPC,1228.302,True
6/12/2025 7:00:00 AM,6/12/2025 3:00:00 AM,SERC,WEST,EKPC,EKPC,1193.100,True
6/12/2025 8:00:00 AM,6/12/2025 4:00:00 AM,SERC,WEST,EKPC,EKPC,1179.095,True
6/12/2025 9:00:00 AM,6/12/2025 5:00:00 AM,SERC,WEST,EKPC,EKPC,1208.373,True
6/12/2025 10:00:00 AM,6/12/2025 6:00:00 AM,SERC,WEST,EKPC,EKPC,1255.056,True
6/12/2025 11:00:00 AM,6/12/2025 7:00:00 AM,SERC,WEST,EKPC,EKPC,1326.249,True
6/12/2025 12:00:00 PM,6/12/2025 8:00:00 AM,SERC,WEST,EKPC,EKPC,1357.146,True
6/12/2025 1:00:00 PM,6/12/2025 9:00:00 AM,SERC,WEST,EKPC,EKPC,1448.059,True
6/12/2025 2:00:00 PM,6/12/2025 10:00:00 AM,SERC,WEST,EKPC,EKPC,1554.703,True
6/12/2025 3:00:00 PM,6/12/2025 11:00:00 AM,SERC,WEST,EKPC,EKPC,1734.337,True
6/12/2025 4:00:00 PM,6/12/2025 12:00:00 PM,SERC,WEST,EKPC,EKPC,1893.165,True
6/12/2025 5:00:00 PM,6/12/2025 1:00:00 PM,SERC,WEST,EKPC,EKPC,1965.697,True
6/12/2025 6:00:00 PM,6/12/2025 2:00:00 PM,SERC,WEST,EKPC,EKPC,1952.531,True
6/12/2025 7:00:00 PM,6/12/2025 3:00:00 PM,SERC,WEST,EKPC,EKPC,1944.726,True
6/12/2025 8:00:00 PM,6/12/2025 4:00:00 PM,SERC,WEST,EKPC,EKPC,2021.733,True
6/12/2025 9:00:00 PM,6/12/2025 5:00:00 PM,SERC,WEST,EKPC,EKPC,2117.013,True
6/12/2025 10:00:00 PM,6/12/2025 6:00:00 PM,SERC,WEST,EKPC,EKPC,2107.060,True
6/12/2025 11:00:00 PM,6/12/2025 7:00:00 PM,SERC,WEST,EKPC,EKPC,2055.760,True
6/13/2025 12:00:00 AM,6/12/2025 8:00:00 PM,SERC,WEST,EKPC,EKPC,2000.592,True
6/13/2025 1:00:00 AM,6/12/2025 9:00:00 PM,SERC,WEST,EKPC,EKPC,1918.635,True
6/13/2025 2:00:00 AM,6/12/2025 10:00:00 PM,SERC,WEST,EKPC,EKPC,1765.986,True
6/13/2025 3:00:00 AM,6/12/2025 11:00:00 PM,SERC,WEST,EKPC,EKPC,1613.305,True
6/13/2025 4:00:00 AM,6/13/2025 12:00:00 AM,SERC,WEST,EKPC,EKPC,1530.317,True
6/13/2025 5:00:00 AM,6/13/2025 1:00:00 AM,SERC,WEST,EKPC,EKPC,1241.801,True
6/13/2025 6:00:00 AM,6/13/2025 2:00:00 AM,SERC,WEST,EKPC,EKPC,1222.032,True
6/13/2025 7:00:00 AM,6/13/2025 3:00:00 AM,SERC,WEST,EKPC,EKPC,1205.821,True
6/13/2025 8:00:00 AM,6/13/2025 4:00:00 AM,SERC,WEST,EKPC,EKPC,1303.048,True
6/13/2025 9:00:00 AM,6/13/2025 5:00:00 AM,SERC,WEST,EKPC,EKPC,1301.278,True
6/13/2025 10:00:00 AM,6/13/2025 6:00:00 AM,SERC,WEST,EKPC,EKPC,1367.195,True
6/13/2025 11:00:00 AM,6/13/2025 7:00:00 AM,SERC,WEST,EKPC,EKPC,1450.508,True
6/13/2025 12:00:00 PM,6/13/2025 8:00:00 AM,SERC,WEST,EKPC,EKPC,1509.031,True
6/13/2025 1:00:00 PM,6/13/2025 9:00:00 AM,SERC,WEST,EKPC,EKPC,1567.716,True
6/13/2025 2:00:00 PM,6/13/2025 10:00:00 AM,SERC,WEST,EKPC,EKPC,1654.592,True
6/13/2025 3:00:00 PM,6/13/2025 11:00:00 AM,SERC,WEST,EKPC,EKPC,1753.644,True
6/13/2025 4:00:00 PM,6/13/2025 12:00:00 PM,SERC,WEST,EKPC,EKPC,1888.718,True
6/13/2025 5:00:00 PM,6/13/2025 1:00:00 PM,SERC,WEST,EKPC,EKPC,1927.602,True
6/13/2025 6:00:00 PM,6/13/2025 2:00:00 PM,SERC,WEST,EKPC,EKPC,1914.099,True
6/13/2025 7:00:00 PM,6/13/2025 3:00:00 PM,SERC,WEST,EKPC,EKPC,1864.164,True
6/13/2025 8:00:00 PM,6/13/2025 4:00:00 PM,SERC,WEST,EKPC,EKPC,1895.464,True
6/13/2025 9:00:00 PM,6/13/2025 5:00:00 PM,SERC,WEST,EKPC,EKPC,1862.264,True
6/13/2025 10:00:00 PM,6/13/2025 6:00:00 PM,SERC,WEST,EKPC,EKPC,1800.424,True
6/13/2025 11:00:00 PM,6/13/2025 7:00:00 PM,SERC,WEST,EKPC,EKPC,1763.764,True
6/14/2025 12:00:00 AM,6/13/2025 8:00:00 PM,SERC,WEST,EKPC,EKPC,1709.595,True
6/14/2025 1:00:00 AM,6/13/2025 9:00:00 PM,SERC,WEST,EKPC,EKPC,1703.539,True
6/14/2025 2:00:00 AM,6/13/2025 10:00:00 PM,SERC,WEST,EKPC,EKPC,1619.632,True
6/14/2025 3:00:00 AM,6/13/2025 11:00:00 PM,SERC,WEST,EKPC,EKPC,1507.064,True
6/14/2025 4:00:00 AM,6/14/2025 12:00:00 AM,SERC,WEST,EKPC,EKPC,1415.331,True
6/14/2025 5:00:00 AM,6/14/2025 1:00:00 AM,SERC,WEST,EKPC,EKPC,1282.240,True
6/14/2025 6:00:00 AM,6/14/2025 2:00:00 AM,SERC,WEST,EKPC,EKPC,1293.912,True
6/14/2025 7:00:00 AM,6/14/2025 3:00:00 AM,SERC,WEST,EKPC,EKPC,1202.965,True
6/14/2025 8:00:00 AM,6/14/2025 4:00:00 AM,SERC,WEST,EKPC,EKPC,1202.334,True
6/14/2025 9:00:00 AM,6/14/2025 5:00:00 AM,SERC,WEST,EKPC,EKPC,1234.245,True
6/14/2025 10:00:00 AM,6/14/2025 6:00:00 AM,SERC,WEST,EKPC,EKPC,1193.503,True
6/14/2025 11:00:00 AM,6/14/2025 7:00:00 AM,SERC,WEST,EKPC,EKPC,1167.317,True
6/14/2025 12:00:00 PM,6/14/2025 8:00:00 AM,SERC,WEST,EKPC,EKPC,1255.827,True
6/14/2025 1:00:00 PM,6/14/2025 9:00:00 AM,SERC,WEST,EKPC,EKPC,1276.303,True
6/14/2025 2:00:00 PM,6/14/2025 10:00:00 AM,SERC,WEST,EKPC,EKPC,1368.899,True
6/14/2025 3:00:00 PM,6/14/2025 11:00:00 AM,SERC,WEST,EKPC,EKPC,1523.048,True
6/14/2025 4:00:00 PM,6/14/2025 12:00:00 PM,SERC,WEST,EKPC,EKPC,1706.928,True
6/14/2025 5:00:00 PM,6/14/2025 1:00:00 PM,SERC,WEST,EKPC,EKPC,1715.210,True
6/14/2025 6:00:00 PM,6/14/2025 2:00:00 PM,SERC,WEST,EKPC,EKPC,1634.607,True
6/14/2025 7:00:00 PM,6/14/2025 3:00:00 PM,SERC,WEST,EKPC,EKPC,1682.240,True
6/14/2025 8:00:00 PM,6/14/2025 4:00:00 PM,SERC,WEST,EKPC,EKPC,1860.523,True
6/14/2025 9:00:00 PM,6/14/2025 5:00:00 PM,SERC,WEST,EKPC,EKPC,1804.829,True
6/14/2025 10:00:00 PM,6/14/2025 6:00:00 PM,SERC,WEST,EKPC,EKPC,1792.034,True
6/14/2025 11:00:00 PM,6/14/2025 7:00:00 PM,SERC,WEST,EKPC,EKPC,1632.347,True
6/15/2025 12:00:00 AM,6/14/2025 8:00:00 PM,SERC,WEST,EKPC,EKPC,1574.771,True
6/15/2025 1:00:00 AM,6/14/2025 9:00:00 PM,SERC,WEST,EKPC,EKPC,1507.044,True
6/15/2025 2:00:00 AM,6/14/2025 10:00:00 PM,SERC,WEST,EKPC,EKPC,1428.296,True
6/15/2025 3:00:00 AM,6/14/2025 11:00:00 PM,SERC,WEST,EKPC,EKPC,1322.625,True
6/15/2025 4:00:00 AM,6/15/2025 12:00:00 AM,SERC,WEST,EKPC,EKPC,1347.140,True
6/15/2025 5:00:00 AM,6/15/2025 1:00:00 AM,SERC,WEST,EKPC,EKPC,1217.085,True
6/15/2025 6:00:00 AM,6/15/2025 2:00:00 AM,SERC,WEST,EKPC,EKPC,1220.575,True
6/15/2025 7:00:00 AM,6/15/2025 3:00:00 AM,SERC,WEST,EKPC,EKPC,1198.657,True
6/15/2025 8:00:00 AM,6/15/2025 4:00:00 AM,SERC,WEST,EKPC,EKPC,1186.783,True
6/15/2025 9:00:00 AM,6/15/2025 5:00:00 AM,SERC,WEST,EKPC,EKPC,1191.557,True
6/15/2025 10:00:00 AM,6/15/2025 6:00:00 AM,SERC,WEST,EKPC,EKPC,1196.004,True
6/15/2025 11:00:00 AM,6/15/2025 7:00:00 AM,SERC,WEST,EKPC,EKPC,1242.682,True
6/15/2025 12:00:00 PM,6/15/2025 8:00:00 AM,SERC,WEST,EKPC,EKPC,1375.982,True
6/15/2025 1:00:00 PM,6/15/2025 9:00:00 AM,SERC,WEST,EKPC,EKPC,1503.579,True
6/15/2025 2:00:00 PM,6/15/2025 10:00:00 AM,SERC,WEST,EKPC,EKPC,1487.746,True
6/15/2025 3:00:00 PM,6/15/2025 11:00:00 AM,SERC,WEST,EKPC,EKPC,1459.758,True
6/15/2025 4:00:00 PM,6/15/2025 12:00:00 PM,SERC,WEST,EKPC,EKPC,1566.679,True
6/15/2025 5:00:00 PM,6/15/2025 1:00:00 PM,SERC,WEST,EKPC,EKPC,1653.064,True
6/15/2025 6:00:00 PM,6/15/2025 2:00:00 PM,SERC,WEST,EKPC,EKPC,1810.531,True
6/15/2025 7:00:00 PM,6/15/2025 3:00:00 PM,SERC,WEST,EKPC,EKPC,1894.558,True
6/15/2025 8:00:00 PM,6/15/2025 4:00:00 PM,SERC,WEST,EKPC,EKPC,1956.512,True
6/15/2025 9:00:00 PM,6/15/2025 5:00:00 PM,SERC,WEST,EKPC,EKPC,1978.367,True
6/15/2025 10:00:00 PM,6/15/2025 6:00:00 PM,SERC,WEST,EKPC,EKPC,1954.252,True
6/15/2025 11:00:00 PM,6/15/2025 7:00:00 PM,SERC,WEST,EKPC,EKPC,1929.968,True
6/16/2025 12:00:00 AM,6/15/2025 8:00:00 PM,SERC,WEST,EKPC,EKPC,1874.346,True
6/16/2025 1:00:00 AM,6/15/2025 9:00:00 PM,SERC,WEST,EKPC,EKPC,1794.046,True
6/16/2025 2:00:00 AM,6/15/2025 10:00:00 PM,SERC,WEST,EKPC,EKPC,1693.926,True
6/16/2025 3:00:00 AM,6/15/2025 11:00:00 PM,SERC,WEST,EKPC,EKPC,1556.306,True
6/16/2025 4:00:00 AM,6/16/2025 12:00:00 AM,SERC,WEST,EKPC,EKPC,1271.384,True
6/16/2025 5:00:00 AM,6/16/2025 1:00:00 AM,SERC,WEST,EKPC,EKPC,1319.118,True
6/16/2025 6:00:00 AM,6/16/2025 2:00:00 AM,SERC,WEST,EKPC,EKPC,1281.532,True
6/16/2025 7:00:00 AM,6/16/2025 3:00:00 AM,SERC,WEST,EKPC,EKPC,1247.007,True
6/16/2025 8:00:00 AM,6/16/2025 4:00:00 AM,SERC,WEST,EKPC,EKPC,1259.005,True
6/16/2025 9:00:00 AM,6/16/2025 5:00:00 AM,SERC,WEST,EKPC,EKPC,1293.138,True
6/16/2025 10:00:00 AM,6/16/2025 6:00:00 AM,SERC,WEST,EKPC,EKPC,1375.933,True
6/16/2025 11:00:00 AM,6/16/2025 7:00:00 AM,SERC,WEST,EKPC,EKPC,1410.349,True
6/16/2025 12:00:00 PM,6/16/2025 8:00:00 AM,SERC,WEST,EKPC,EKPC,1541.225,True
6/16/2025 1:00:00 PM,6/16/2025 9:00:00 AM,SERC,WEST,EKPC,EKPC,1493.640,True
6/16/2025 2:00:00 PM,6/16/2025 10:00:00 AM,SERC,WEST,EKPC,EKPC,1567.361,True
6/16/2025 3:00:00 PM,6/16/2025 11:00:00 AM,SERC,WEST,EKPC,EKPC,1761.815,True
6/16/2025 4:00:00 PM,6/16/2025 12:00:00 PM,SERC,WEST,EKPC,EKPC,1931.433,True
6/16/2025 5:00:00 PM,6/16/2025 1:00:00 PM,SERC,WEST,EKPC,EKPC,2009.238,True
6/16/2025 6:00:00 PM,6/16/2025 2:00:00 PM,SERC,WEST,EKPC,EKPC,2048.400,True
6/16/2025 7:00:00 PM,6/16/2025 3:00:00 PM,SERC,WEST,EKPC,EKPC,2179.682,True
6/16/2025 8:00:00 PM,6/16/2025 4:00:00 PM,SERC,WEST,EKPC,EKPC,2251.562,True
6/16/2025 9:00:00 PM,6/16/2025 5:00:00 PM,SERC,WEST,EKPC,EKPC,2255.016,True
6/16/2025 10:00:00 PM,6/16/2025 6:00:00 PM,SERC,WEST,EKPC,EKPC,2191.056,True
6/16/2025 11:00:00 PM,6/16/2025 7:00:00 PM,SERC,WEST,EKPC,EKPC,2097.829,True
6/17/2025 12:00:00 AM,6/16/2025 8:00:00 PM,SERC,WEST,EKPC,EKPC,2059.885,True
6/17/2025 1:00:00 AM,6/16/2025 9:00:00 PM,SERC,WEST,EKPC,EKPC,1922.509,True
6/17/2025 2:00:00 AM,6/16/2025 10:00:00 PM,SERC,WEST,EKPC,EKPC,1815.540,True
6/17/2025 3:00:00 AM,6/16/2025 11:00:00 PM,SERC,WEST,EKPC,EKPC,1646.100,True
6/17/2025 4:00:00 AM,6/17/2025 12:00:00 AM,SERC,WEST,EKPC,EKPC,1509.531,True
6/17/2025 5:00:00 AM,6/17/2025 1:00:00 AM,SERC,WEST,EKPC,EKPC,1385.686,True
6/17/2025 6:00:00 AM,6/17/2025 2:00:00 AM,SERC,WEST,EKPC,EKPC,1371.556,True
6/17/2025 7:00:00 AM,6/17/2025 3:00:00 AM,SERC,WEST,EKPC,EKPC,1305.628,True
6/17/2025 8:00:00 AM,6/17/2025 4:00:00 AM,SERC,WEST,EKPC,EKPC,1262.319,True
6/17/2025 9:00:00 AM,6/17/2025 5:00:00 AM,SERC,WEST,EKPC,EKPC,1269.465,True
6/17/2025 10:00:00 AM,6/17/2025 6:00:00 AM,SERC,WEST,EKPC,EKPC,1338.134,True
6/17/2025 11:00:00 AM,6/17/2025 7:00:00 AM,SERC,WEST,EKPC,EKPC,1451.742,True
6/17/2025 12:00:00 PM,6/17/2025 8:00:00 AM,SERC,WEST,EKPC,EKPC,1502.632,True
6/17/2025 1:00:00 PM,6/17/2025 9:00:00 AM,SERC,WEST,EKPC,EKPC,1587.817,True
6/17/2025 2:00:00 PM,6/17/2025 10:00:00 AM,SERC,WEST,EKPC,EKPC,1511.190,True
6/17/2025 3:00:00 PM,6/17/2025 11:00:00 AM,SERC,WEST,EKPC,EKPC,1613.590,True
6/17/2025 4:00:00 PM,6/17/2025 12:00:00 PM,SERC,WEST,EKPC,EKPC,1673.542,True
6/17/2025 5:00:00 PM,6/17/2025 1:00:00 PM,SERC,WEST,EKPC,EKPC,1824.425,True
6/17/2025 6:00:00 PM,6/17/2025 2:00:00 PM,SERC,WEST,EKPC,EKPC,1897.030,True
6/17/2025 7:00:00 PM,6/17/2025 3:00:00 PM,SERC,WEST,EKPC,EKPC,1949.306,True
6/17/2025 8:00:00 PM,6/17/2025 4:00:00 PM,SERC,WEST,EKPC,EKPC,1960.266,True
6/17/2025 9:00:00 PM,6/17/2025 5:00:00 PM,SERC,WEST,EKPC,EKPC,2006.034,True
6/17/2025 10:00:00 PM,6/17/2025 6:00:00 PM,SERC,WEST,EKPC,EKPC,2005.405,True
6/17/2025 11:00:00 PM,6/17/2025 7:00:00 PM,SERC,WEST,EKPC,EKPC,1866.770,True
6/18/2025 12:00:00 AM,6/17/2025 8:00:00 PM,SERC,WEST,EKPC,EKPC,1831.731,True
6/18/2025 1:00:00 AM,6/17/2025 9:00:00 PM,SERC,WEST,EKPC,EKPC,1792.137,True
6/18/2025 2:00:00 AM,6/17/2025 10:00:00 PM,SERC,WEST,EKPC,EKPC,1688.163,True
6/18/2025 3:00:00 AM,6/17/2025 11:00:00 PM,SERC,WEST,EKPC,EKPC,1542.229,True
6/18/2025 4:00:00 AM,6/18/2025 12:00:00 AM,SERC,WEST,EKPC,EKPC,1398.024,True
6/18/2025 5:00:00 AM,6/18/2025 1:00:00 AM,SERC,WEST,EKPC,EKPC,1371.054,True
6/18/2025 6:00:00 AM,6/18/2025 2:00:00 AM,SERC,WEST,EKPC,EKPC,1331.948,True
6/18/2025 7:00:00 AM,6/18/2025 3:00:00 AM,SERC,WEST,EKPC,EKPC,1253.626,True
6/18/2025 8:00:00 AM,6/18/2025 4:00:00 AM,SERC,WEST,EKPC,EKPC,1275.910,True
6/18/2025 9:00:00 AM,6/18/2025 5:00:00 AM,SERC,WEST,EKPC,EKPC,1220.530,True
6/18/2025 10:00:00 AM,6/18/2025 6:00:00 AM,SERC,WEST,EKPC,EKPC,1287.556,True
6/18/2025 11:00:00 AM,6/18/2025 7:00:00 AM,SERC,WEST,EKPC,EKPC,1336.200,True
6/18/2025 12:00:00 PM,6/18/2025 8:00:00 AM,SERC,WEST,EKPC,EKPC,1363.810,True
6/18/2025 1:00:00 PM,6/18/2025 9:00:00 AM,SERC,WEST,EKPC,EKPC,1432.083,True
6/18/2025 2:00:00 PM,6/18/2025 10:00:00 AM,SERC,WEST,EKPC,EKPC,1486.255,True
6/18/2025 3:00:00 PM,6/18/2025 11:00:00 AM,SERC,WEST,EKPC,EKPC,1558.235,True
6/18/2025 4:00:00 PM,6/18/2025 12:00:00 PM,SERC,WEST,EKPC,EKPC,1644.751,True
6/18/2025 5:00:00 PM,6/18/2025 1:00:00 PM,SERC,WEST,EKPC,EKPC,1750.370,True
6/18/2025 6:00:00 PM,6/18/2025 2:00:00 PM,SERC,WEST,EKPC,EKPC,1902.305,True
6/18/2025 7:00:00 PM,6/18/2025 3:00:00 PM,SERC,WEST,EKPC,EKPC,1989.030,True
6/18/2025 8:00:00 PM,6/18/2025 4:00:00 PM,SERC,WEST,EKPC,EKPC,2037.419,True
6/18/2025 9:00:00 PM,6/18/2025 5:00:00 PM,SERC,WEST,EKPC,EKPC,2119.323,True
6/18/2025 10:00:00 PM,6/18/2025 6:00:00 PM,SERC,WEST,EKPC,EKPC,2222.222,True
6/18/2025 11:00:00 PM,6/18/2025 7:00:00 PM,SERC,WEST,EKPC,EKPC,1988.908,True
6/19/2025 12:00:00 AM,6/18/2025 8:00:00 PM,SERC,WEST,EKPC,EKPC,1881.262,True
6/19/2025 1:00:00 AM,6/18/2025 9:00:00 PM,SERC,WEST,EKPC,EKPC,1769.252,True
6/19/2025 2:00:00 AM,6/18/2025 10:00:00 PM,SERC,WEST,EKPC,EKPC,1617.635,True
6/19/2025 3:00:00 AM,6/18/2025 11:00:00 PM,SERC,WEST,EKPC,EKPC,1432.978,True
6/19/2025 4:00:00 AM,6/19/2025 12:00:00 AM,SERC,WEST,EKPC,EKPC,1309.864,True
6/19/2025 5:00:00 AM,6/19/2025 1:00:00 AM,SERC,WEST,EKPC,EKPC,1355.642,True
6/19/2025 6:00:00 AM,6/19/2025 2:00:00 AM,SERC,WEST,EKPC,EKPC,1316.948,True
6/19/2025 7:00:00 AM,6/19/2025 3:00:00 AM,SERC,WEST,EKPC,EKPC,1303.195,True
6/19/2025 8:00:00 AM,6/19/2025 4:00:00 AM,SERC,WEST,EKPC,EKPC,1302.027,True
6/19/2025 9:00:00 AM,6/19/2025 5:00:00 AM,SERC,WEST,EKPC,EKPC,1351.856,True
6/19/2025 10:00:00 AM,6/19/2025 6:00:00 AM,SERC,WEST,EKPC,EKPC,1356.291,True
6/19/2025 11:00:00 AM,6/19/2025 7:00:00 AM,SERC,WEST,EKPC,EKPC,1427.317,True
6/19/2025 12:00:00 PM,6/19/2025 8:00:00 AM,SERC,WEST,EKPC,EKPC,1498.361,True
6/19/2025 1:00:00 PM,6/19/2025 9:00:00 AM,SERC,WEST,EKPC,EKPC,1549.570,True
6/19/2025 2:00:00 PM,6/19/2025 10:00:00 AM,SERC,WEST,EKPC,EKPC,1606.616,True
6/19/2025 3:00:00 PM,6/19/2025 11:00:00 AM,SERC,WEST,EKPC,EKPC,1703.830,True
6/19/2025 4:00:00 PM,6/19/2025 12:00:00 PM,SERC,WEST,EKPC,EKPC,1722.044,True
6/19/2025 5:00:00 PM,6/19/2025 1:00:00 PM,SERC,WEST,EKPC,EKPC,1844.426,True
6/19/2025 6:00:00 PM,6/19/2025 2:00:00 PM,SERC,WEST,EKPC,EKPC,1933.470,True
6/19/2025 7:00:00 PM,6/19/2025 3:00:00 PM,SERC,WEST,EKPC,EKPC,1810.347,True
6/19/2025 8:00:00 PM,6/19/2025 4:00:00 PM,SERC,WEST,EKPC,EKPC,1815.587,True
6/19/2025 9:00:00 PM,6/19/2025 5:00:00 PM,SERC,WEST,EKPC,EKPC,2024.269,True
6/19/2025 10:00:00 PM,6/19/2025 6:00:00 PM,SERC,WEST,EKPC,EKPC,2035.234,True
6/19/2025 11:00:00 PM,6/19/2025 7:00:00 PM,SERC,WEST,EKPC,EKPC,1955.302,True
6/20/2025 12:00:00 AM,6/19/2025 8:00:00 PM,SERC,WEST,EKPC,EKPC,1901.510,True
6/20/2025 1:00:00 AM,6/19/2025 9:00:00 PM,SERC,WEST,EKPC,EKPC,1846.982,True
6/20/2025 2:00:00 AM,6/19/2025 10:00:00 PM,SERC,WEST,EKPC,EKPC,1723.587,True
6/20/2025 3:00:00 AM,6/19/2025 11:00:00 PM,SERC,WEST,EKPC,EKPC,1554.614,True
6/20/2025 4:00:00 AM,6/20/2025 12:00:00 AM,SERC,WEST,EKPC,EKPC,1434.281,True
6/20/2025 5:00:00 AM,6/20/2025 1:00:00 AM,SERC,WEST,EKPC,EKPC,1388.733,True
6/20/2025 6:00:00 AM,6/20/2025 2:00:00 AM,SERC,WEST,EKPC,EKPC,1288.462,True
6/20/2025 7:00:00 AM,6/20/2025 3:00:00 AM,SERC,WEST,EKPC,EKPC,1236.091,True
6/20/2025 8:00:00 AM,6/20/2025 4:00:00 AM,SERC,WEST,EKPC,EKPC,1211.870,True
6/20/2025 9:00:00 AM,6/20/2025 5:00:00 AM,SERC,WEST,EKPC,EKPC,1236.616,True
6/20/2025 10:00:00 AM,6/20/2025 6:00:00 AM,SERC,WEST,EKPC,EKPC,1173.050,True
6/20/2025 11:00:00 AM,6/20/2025 7:00:00 AM,SERC,WEST,EKPC,EKPC,1200.713,True
6/20/2025 12:00:00 PM,6/20/2025 8:00:00 AM,SERC,WEST,EKPC,EKPC,1310.886,True
6/20/2025 1:00:00 PM,6/20/2025 9:00:00 AM,SERC,WEST,EKPC,EKPC,1574.613,True
6/20/2025 2:00:00 PM,6/20/2025 10:00:00 AM,SERC,WEST,EKPC,EKPC,1675.679,True
6/20/2025 3:00:00 PM,6/20/2025 11:00:00 AM,SERC,WEST,EKPC,EKPC,1820.606,True
6/20/2025 4:00:00 PM,6/20/2025 12:00:00 PM,SERC,WEST,EKPC,EKPC,1937.595,True
6/20/2025 5:00:00 PM,6/20/2025 1:00:00 PM,SERC,WEST,EKPC,EKPC,1993.873,True
6/20/2025 6:00:00 PM,6/20/2025 2:00:00 PM,SERC,WEST,EKPC,EKPC,2081.302,True
6/20/2025 7:00:00 PM,6/20/2025 3:00:00 PM,SERC,WEST,EKPC,EKPC,2174.825,True
6/20/2025 8:00:00 PM,6/20/2025 4:00:00 PM,SERC,WEST,EKPC,EKPC,2165.356,True
6/20/2025 9:00:00 PM,6/20/2025 5:00:00 PM,SERC,WEST,EKPC,EKPC,2224.892,True
6/20/2025 10:00:00 PM,6/20/2025 6:00:00 PM,SERC,WEST,EKPC,EKPC,2227.533,True
6/20/2025 11:00:00 PM,6/20/2025 7:00:00 PM,SERC,WEST,EKPC,EKPC,2161.462,True
6/21/2025 12:00:00 AM,6/20/2025 8:00:00 PM,SERC,WEST,EKPC,EKPC,2017.023,True
6/21/2025 1:00:00 AM,6/20/2025 9:00:00 PM,SERC,WEST,EKPC,EKPC,1881.313,True
6/21/2025 2:00:00 AM,6/20/2025 10:00:00 PM,SERC,WEST,EKPC,EKPC,1820.283,True
6/21/2025 3:00:00 AM,6/20/2025 11:00:00 PM,SERC,WEST,EKPC,EKPC,1652.156,True
6/21/2025 4:00:00 AM,6/21/2025 12:00:00 AM,SERC,WEST,EKPC,EKPC,1485.133,True
6/21/2025 5:00:00 AM,6/21/2025 1:00:00 AM,SERC,WEST,EKPC,EKPC,1324.442,True
6/21/2025 6:00:00 AM,6/21/2025 2:00:00 AM,SERC,WEST,EKPC,EKPC,1309.835,True
6/21/2025 7:00:00 AM,6/21/2025 3:00:00 AM,SERC,WEST,EKPC,EKPC,1283.235,True
6/21/2025 8:00:00 AM,6/21/2025 4:00:00 AM,SERC,WEST,EKPC,EKPC,1142.354,True
6/21/2025 9:00:00 AM,6/21/2025 5:00:00 AM,SERC,WEST,EKPC,EKPC,1190.529,True
6/21/2025 10:00:00 AM,6/21/2025 6:00:00 AM,SERC,WEST,EKPC,EKPC,1202.721,True
6/21/2025 11:00:00 AM,6/21/2025 7:00:00 AM,SERC,WEST,EKPC,EKPC,1275.491,True
6/21/2025 12:00:00 PM,6/21/2025 8:00:00 AM,SERC,WEST,EKPC,EKPC,1342.718,True
6/21/2025 1:00:00 PM,6/21/2025 9:00:00 AM,SERC,WEST,EKPC,EKPC,1481.072,True
6/21/2025 2:00:00 PM,6/21/2025 10:00:00 AM,SERC,WEST,EKPC,EKPC,1559.473,True
6/21/2025 3:00:00 PM,6/21/2025 11:00:00 AM,SERC,WEST,EKPC,EKPC,1801.046,True
6/21/2025 4:00:00 PM,6/21/2025 12:00:00 PM,SERC,WEST,EKPC,EKPC,1799.161,True
6/21/2025 5:00:00 PM,6/21/2025 1:00:00 PM,SERC,WEST,EKPC,EKPC,1929.721,True
6/21/2025 6:00:00 PM,6/21/2025 2:00:00 PM,SERC,WEST,EKPC,EKPC,2089.735,True
6/21/2025 7:00:00 PM,6/21/2025 3:00:00 PM,SERC,WEST,EKPC,EKPC,2194.495,True
6/21/2025 8:00:00 PM,6/21/2025 4:00:00 PM,SERC,WEST,EKPC,EKPC,2259.597,True
6/21/2025 9:00:00 PM,6/21/2025 5:00:00 PM,SERC,WEST,EKPC,EKPC,2301.287,True
6/21/2025 10:00:00 PM,6/21/2025 6:00:00 PM,SERC,WEST,EKPC,EKPC,2296.274,True
6/21/2025 11:00:00 PM,6/21/2025 7:00:00 PM,SERC,WEST,EKPC,EKPC,2231.848,True
6/22/2025 12:00:00 AM,6/21/2025 8:00:00 PM,SERC,WEST,EKPC,EKPC,2205.437,True
6/22/2025 1:00:00 AM,6/21/2025 9:00:00 PM,SERC,WEST,EKPC,EKPC,2071.490,True
6/22/2025 2:00:00 AM,6/21/2025 10:00:00 PM,SERC,WEST,EKPC,EKPC,1920.004,True
6/22/2025 3:00:00 AM,6/21/2025 11:00:00 PM,SERC,WEST,EKPC,EKPC,1788.494,True
6/22/2025 4:00:00 AM,6/22/2025 12:00:00 AM,SERC,WEST,EKPC,EKPC,1608.884,True
6/22/2025 5:00:00 AM,6/22/2025 1:00:00 AM,SERC,WEST,EKPC,EKPC,1504.639,True
6/22/2025 6:00:00 AM,6/22/2025 2:00:00 AM,SERC,WEST,EKPC,EKPC,1367.168,True
6/22/2025 7:00:00 AM,6/22/2025 3:00:00 AM,SERC,WEST,EKPC,EKPC,1284.742,True
6/22/2025 8:00:00 AM,6/22/2025 4:00:00 AM,SERC,WEST,EKPC,EKPC,1350.545,True
6/22/2025 9:00:00 AM,6/22/2025 5:00:00 AM,SERC,WEST,EKPC,EKPC,1327.882,True
6/22/2025 10:00:00 AM,6/22/2025 6:00:00 AM,SERC,WEST,EKPC,EKPC,1332.936,True
6/22/2025 11:00:00 AM,6/22/2025 7:00:00 AM,SERC,WEST,EKPC,EKPC,1413.479,True
6/22/2025 12:00:00 PM,6/22/2025 8:00:00 AM,SERC,WEST,EKPC,EKPC,1597.445,True
6/22/2025 1:00:00 PM,6/22/2025 9:00:00 AM,SERC,WEST,EKPC,EKPC,1767.725,True
6/22/2025 2:00:00 PM,6/22/2025 10:00:00 AM,SERC,WEST,EKPC,EKPC,1931.491,True
6/22/2025 3:00:00 PM,6/22/2025 11:00:00 AM,SERC,WEST,EKPC,EKPC,2074.720,True
6/22/2025 4:00:00 PM,6/22/2025 12:00:00 PM,SERC,WEST,EKPC,EKPC,2192.857,True
6/22/2025 5:00:00 PM,6/22/2025 1:00:00 PM,SERC,WEST,EKPC,EKPC,2301.814,True
6/22/2025 6:00:00 PM,6/22/2025 2:00:00 PM,SERC,WEST,EKPC,EKPC,2303.170,True
6/22/2025 7:00:00 PM,6/22/2025 3:00:00 PM,SERC,WEST,EKPC,EKPC,2415.408,True
6/22/2025 8:00:00 PM,6/22/2025 4:00:00 PM,SERC,WEST,EKPC,EKPC,2387.934,True
6/22/2025 9:00:00 PM,6/22/2025 5:00:00 PM,SERC,WEST,EKPC,EKPC,2523.308,True
6/22/2025 10:00:00 PM,6/22/2025 6:00:00 PM,SERC,WEST,EKPC,EKPC,2408.768,True
6/22/2025 11:00:00 PM,6/22/2025 7:00:00 PM,SERC,WEST,EKPC,EKPC,2432.289,True
6/23/2025 12:00:00 AM,6/22/2025 8:00:00 PM,SERC,WEST,EKPC,EKPC,2421.326,True
6/23/2025 1:00:00 AM,6/22/2025 9:00:00 PM,SERC,WEST,EKPC,EKPC,2253.696,True
6/23/2025 2:00:00 AM,6/22/2025 10:00:00 PM,SERC,WEST,EKPC,EKPC,2035.629,True
6/23/2025 3:00:00 AM,6/22/2025 11:00:00 PM,SERC,WEST,EKPC,EKPC,1933.163,True
6/23/2025 4:00:00 AM,6/23/2025 12:00:00 AM,SERC,WEST,EKPC,EKPC,1735.736,True
6/23/2025 5:00:00 AM,6/23/2025 1:00:00 AM,SERC,WEST,EKPC,EKPC,1614.696,True
6/23/2025 6:00:00 AM,6/23/2025 2:00:00 AM,SERC,WEST,EKPC,EKPC,1488.805,True
6/23/2025 7:00:00 AM,6/23/2025 3:00:00 AM,SERC,WEST,EKPC,EKPC,1418.580,True
6/23/2025 8:00:00 AM,6/23/2025 4:00:00 AM,SERC,WEST,EKPC,EKPC,1366.414,True
6/23/2025 9:00:00 AM,6/23/2025 5:00:00 AM,SERC,WEST,EKPC,EKPC,1396.137,True
6/23/2025 10:00:00 AM,6/23/2025 6:00:00 AM,SERC,WEST,EKPC,EKPC,1499.485,True
6/23/2025 11:00:00 AM,6/23/2025 7:00:00 AM,SERC,WEST,EKPC,EKPC,1580.035,True
6/23/2025 12:00:00 PM,6/23/2025 8:00:00 AM,SERC,WEST,EKPC,EKPC,1698.919,True
6/23/2025 1:00:00 PM,6/23/2025 9:00:00 AM,SERC,WEST,EKPC,EKPC,1685.820,True
6/23/2025 2:00:00 PM,6/23/2025 10:00:00 AM,SERC,WEST,EKPC,EKPC,1873.769,True
6/23/2025 3:00:00 PM,6/23/2025 11:00:00 AM,SERC,WEST,EKPC,EKPC,2192.062,True
6/23/2025 4:00:00 PM,6/23/2025 12:00:00 PM,SERC,WEST,EKPC,EKPC,2326.116,True
6/23/2025 5:00:00 PM,6/23/2025 1:00:00 PM,SERC,WEST,EKPC,EKPC,2362.000,True
6/23/2025 6:00:00 PM,6/23/2025 2:00:00 PM,SERC,WEST,EKPC,EKPC,2402.516,True
6/23/2025 7:00:00 PM,6/23/2025 3:00:00 PM,SERC,WEST,EKPC,EKPC,2507.674,True
6/23/2025 8:00:00 PM,6/23/2025 4:00:00 PM,SERC,WEST,EKPC,EKPC,2493.657,True
6/23/2025 9:00:00 PM,6/23/2025 5:00:00 PM,SERC,WEST,EKPC,EKPC,2595.878,True
6/23/2025 10:00:00 PM,6/23/2025 6:00:00 PM,SERC,WEST,EKPC,EKPC,2492.526,True
6/23/2025 11:00:00 PM,6/23/2025 7:00:00 PM,SERC,WEST,EKPC,EKPC,2372.243,True
6/24/2025 12:00:00 AM,6/23/2025 8:00:00 PM,SERC,WEST,EKPC,EKPC,2263.240,True
6/24/2025 1:00:00 AM,6/23/2025 9:00:00 PM,SERC,WEST,EKPC,EKPC,2159.231,True
6/24/2025 2:00:00 AM,6/23/2025 10:00:00 PM,SERC,WEST,EKPC,EKPC,2104.958,True
6/24/2025 3:00:00 AM,6/23/2025 11:00:00 PM,SERC,WEST,EKPC,EKPC,1967.082,True
6/24/2025 4:00:00 AM,6/24/2025 12:00:00 AM,SERC,WEST,EKPC,EKPC,1785.142,True
6/24/2025 5:00:00 AM,6/24/2025 1:00:00 AM,SERC,WEST,EKPC,EKPC,1649.603,True
6/24/2025 6:00:00 AM,6/24/2025 2:00:00 AM,SERC,WEST,EKPC,EKPC,1543.670,True
6/24/2025 7:00:00 AM,6/24/2025 3:00:00 AM,SERC,WEST,EKPC,EKPC,1477.399,True
6/24/2025 8:00:00 AM,6/24/2025 4:00:00 AM,SERC,WEST,EKPC,EKPC,1471.438,True
6/24/2025 9:00:00 AM,6/24/2025 5:00:00 AM,SERC,WEST,EKPC,EKPC,1519.889,True
6/24/2025 10:00:00 AM,6/24/2025 6:00:00 AM,SERC,WEST,EKPC,EKPC,1562.011,True
6/24/2025 11:00:00 AM,6/24/2025 7:00:00 AM,SERC,WEST,EKPC,EKPC,1622.827,True
6/24/2025 12:00:00 PM,6/24/2025 8:00:00 AM,SERC,WEST,EKPC,EKPC,1762.824,True
6/24/2025 1:00:00 PM,6/24/2025 9:00:00 AM,SERC,WEST,EKPC,EKPC,1828.263,True
6/24/2025 2:00:00 PM,6/24/2025 10:00:00 AM,SERC,WEST,EKPC,EKPC,1973.894,True
6/24/2025 3:00:00 PM,6/24/2025 11:00:00 AM,SERC,WEST,EKPC,EKPC,2185.991,True
6/24/2025 4:00:00 PM,6/24/2025 12:00:00 PM,SERC,WEST,EKPC,EKPC,2341.734,True
6/24/2025 5:00:00 PM,6/24/2025 1:00:00 PM,SERC,WEST,EKPC,EKPC,2458.416,True
6/24/2025 6:00:00 PM,6/24/2025 2:00:00 PM,SERC,WEST,EKPC,EKPC,2337.037,True
6/24/2025 7:00:00 PM,6/24/2025 3:00:00 PM,SERC,WEST,EKPC,EKPC,2376.319,True
6/24/2025 8:00:00 PM,6/24/2025 4:00:00 PM,SERC,WEST,EKPC,EKPC,2370.795,True
6/24/2025 9:00:00 PM,6/24/2025 5:00:00 PM,SERC,WEST,EKPC,EKPC,2394.077,True
6/24/2025 10:00:00 PM,6/24/2025 6:00:00 PM,SERC,WEST,EKPC,EKPC,2379.189,True
6/24/2025 11:00:00 PM,6/24/2025 7:00:00 PM,SERC,WEST,EKPC,EKPC,2346.097,True
6/25/2025 12:00:00 AM,6/24/2025 8:00:00 PM,SERC,WEST,EKPC,EKPC,2227.880,True
6/25/2025 1:00:00 AM,6/24/2025 9:00:00 PM,SERC,WEST,EKPC,EKPC,2161.867,True
6/25/2025 2:00:00 AM,6/24/2025 10:00:00 PM,SERC,WEST,EKPC,EKPC,2017.236,True
6/25/2025 3:00:00 AM,6/24/2025 11:00:00 PM,SERC,WEST,EKPC,EKPC,1955.592,True
6/25/2025 4:00:00 AM,6/25/2025 12:00:00 AM,SERC,WEST,EKPC,EKPC,1827.436,True
6/25/2025 5:00:00 AM,6/25/2025 1:00:00 AM,SERC,WEST,EKPC,EKPC,1715.561,True
6/25/2025 6:00:00 AM,6/25/2025 2:00:00 AM,SERC,WEST,EKPC,EKPC,1612.797,True
6/25/2025 7:00:00 AM,6/25/2025 3:00:00 AM,SERC,WEST,EKPC,EKPC,1575.796,True
6/25/2025 8:00:00 AM,6/25/2025 4:00:00 AM,SERC,WEST,EKPC,EKPC,1530.101,True
6/25/2025 9:00:00 AM,6/25/2025 5:00:00 AM,SERC,WEST,EKPC,EKPC,1539.243,True
6/25/2025 10:00:00 AM,6/25/2025 6:00:00 AM,SERC,WEST,EKPC,EKPC,1551.005,True
6/25/2025 11:00:00 AM,6/25/2025 7:00:00 AM,SERC,WEST,EKPC,EKPC,1677.936,True
6/25/2025 12:00:00 PM,6/25/2025 8:00:00 AM,SERC,WEST,EKPC,EKPC,1775.047,True
6/25/2025 1:00:00 PM,6/25/2025 9:00:00 AM,SERC,WEST,EKPC,EKPC,1965.844,True
6/25/2025 2:00:00 PM,6/25/2025 10:00:00 AM,SERC,WEST,EKPC,EKPC,2139.110,True
6/25/2025 3:00:00 PM,6/25/2025 11:00:00 AM,SERC,WEST,EKPC,EKPC,2298.544,True
6/25/2025 4:00:00 PM,6/25/2025 12:00:00 PM,SERC,WEST,EKPC,EKPC,2406.869,True
6/25/2025 5:00:00 PM,6/25/2025 1:00:00 PM,SERC,WEST,EKPC,EKPC,2458.939,True
6/25/2025 6:00:00 PM,6/25/2025 2:00:00 PM,SERC,WEST,EKPC,EKPC,2494.879,True
6/25/2025 7:00:00 PM,6/25/2025 3:00:00 PM,SERC,WEST,EKPC,EKPC,2558.557,True
6/25/2025 8:00:00 PM,6/25/2025 4:00:00 PM,SERC,WEST,EKPC,EKPC,2644.489,True
6/25/2025 9:00:00 PM,6/25/2025 5:00:00 PM,SERC,WEST,EKPC,EKPC,2654.347,True
6/25/2025 10:00:00 PM,6/25/2025 6:00:00 PM,SERC,WEST,EKPC,EKPC,2507.274,True
6/25/2025 11:00:00 PM,6/25/2025 7:00:00 PM,SERC,WEST,EKPC,EKPC,2458.432,True
6/26/2025 12:00:00 AM,6/25/2025 8:00:00 PM,SERC,WEST,EKPC,EKPC,2467.171,True
6/26/2025 1:00:00 AM,6/25/2025 9:00:00 PM,SERC,WEST,EKPC,EKPC,2426.488,True
6/26/2025 2:00:00 AM,6/25/2025 10:00:00 PM,SERC,WEST,EKPC,EKPC,2234.310,True
6/26/2025 3:00:00 AM,6/25/2025 11:00:00 PM,SERC,WEST,EKPC,EKPC,2028.983,True
6/26/2025 4:00:00 AM,6/26/2025 12:00:00 AM,SERC,WEST,EKPC,EKPC,1832.748,True
6/26/2025 5:00:00 AM,6/26/2025 1:00:00 AM,SERC,WEST,EKPC,EKPC,1576.425,True
6/26/2025 6:00:00 AM,6/26/2025 2:00:00 AM,SERC,WEST,EKPC,EKPC,1477.229,True
6/26/2025 7:00:00 AM,6/26/2025 3:00:00 AM,SERC,WEST,EKPC,EKPC,1546.412,True
6/26/2025 8:00:00 AM,6/26/2025 4:00:00 AM,SERC,WEST,EKPC,EKPC,1545.768,True
6/26/2025 9:00:00 AM,6/26/2025 5:00:00 AM,SERC,WEST,EKPC,EKPC,1545.128,True
6/26/2025 10:00:00 AM,6/26/2025 6:00:00 AM,SERC,WEST,EKPC,EKPC,1600.057,True
6/26/2025 11:00:00 AM,6/26/2025 7:00:00 AM,SERC,WEST,EKPC,EKPC,1634.491,True
6/26/2025 12:00:00 PM,6/26/2025 8:00:00 AM,SERC,WEST,EKPC,EKPC,1762.745,True
6/26/2025 1:00:00 PM,6/26/2025 9:00:00 AM,SERC,WEST,EKPC,EKPC,1949.449,True
6/26/2025 2:00:00 PM,6/26/2025 10:00:00 AM,SERC,WEST,EKPC,EKPC,2076.666,True
6/26/2025 3:00:00 PM,6/26/2025 11:00:00 AM,SERC,WEST,EKPC,EKPC,2191.715,True
6/26/2025 4:00:00 PM,6/26/2025 12:00:00 PM,SERC,WEST,EKPC,EKPC,2319.568,True
6/26/2025 5:00:00 PM,6/26/2025 1:00:00 PM,SERC,WEST,EKPC,EKPC,2468.667,True
6/26/2025 6:00:00 PM,6/26/2025 2:00:00 PM,SERC,WEST,EKPC,EKPC,2512.683,True
6/26/2025 7:00:00 PM,6/26/2025 3:00:00 PM,SERC,WEST,EKPC,EKPC,2523.636,True
6/26/2025 8:00:00 PM,6/26/2025 4:00:00 PM,SERC,WEST,EKPC,EKPC,2484.774,True
6/26/2025 9:00:00 PM,6/26/2025 5:00:00 PM,SERC,WEST,EKPC,EKPC,2484.751,True
6/26/2025 10:00:00 PM,6/26/2025 6:00:00 PM,SERC,WEST,EKPC,EKPC,2416.128,True
6/26/2025 11:00:00 PM,6/26/2025 7:00:00 PM,SERC,WEST,EKPC,EKPC,2349.477,True
6/27/2025 12:00:00 AM,6/26/2025 8:00:00 PM,SERC,WEST,EKPC,EKPC,2166.071,True
6/27/2025 1:00:00 AM,6/26/2025 9:00:00 PM,SERC,WEST,EKPC,EKPC,2033.924,True
6/27/2025 2:00:00 AM,6/26/2025 10:00:00 PM,SERC,WEST,EKPC,EKPC,1906.726,True
6/27/2025 3:00:00 AM,6/26/2025 11:00:00 PM,SERC,WEST,EKPC,EKPC,1758.669,True
6/27/2025 4:00:00 AM,6/27/2025 12:00:00 AM,SERC,WEST,EKPC,EKPC,1523.690,True
6/27/2025 5:00:00 AM,6/27/2025 1:00:00 AM,SERC,WEST,EKPC,EKPC,1514.138,True
6/27/2025 6:00:00 AM,6/27/2025 2:00:00 AM,SERC,WEST,EKPC,EKPC,1395.343,True
6/27/2025 7:00:00 AM,6/27/2025 3:00:00 AM,SERC,WEST,EKPC,EKPC,1293.336,True
6/27/2025 8:00:00 AM,6/27/2025 4:00:00 AM,SERC,WEST,EKPC,EKPC,1320.797,True
6/27/2025 9:00:00 AM,6/27/2025 5:00:00 AM,SERC,WEST,EKPC,EKPC,1474.872,True
6/27/2025 10:00:00 AM,6/27/2025 6:00:00 AM,SERC,WEST,EKPC,EKPC,1447.786,True
6/27/2025 11:00:00 AM,6/27/2025 7:00:00 AM,SERC,WEST,EKPC,EKPC,1609.214,True
6/27/2025 12:00:00 PM,6/27/2025 8:00:00 AM,SERC,WEST,EKPC,EKPC,1711.605,True
6/27/2025 1:00:00 PM,6/27/2025 9:00:00 AM,SERC,WEST,EKPC,EKPC,1891.496,True
6/27/2025 2:00:00 PM,6/27/2025 10:00:00 AM,SERC,WEST,EKPC,EKPC,2083.606,True
6/27/2025 3:00:00 PM,6/27/2025 11:00:00 AM,SERC,WEST,EKPC,EKPC,2200.861,True
6/27/2025 4:00:00 PM,6/27/2025 12:00:00 PM,SERC,WEST,EKPC,EKPC,2166.727,True
6/27/2025 5:00:00 PM,6/27/2025 1:00:00 PM,SERC,WEST,EKPC,EKPC,2242.237,True
6/27/2025 6:00:00 PM,6/27/2025 2:00:00 PM,SERC,WEST,EKPC,EKPC,2322.086,True
6/27/2025 7:00:00 PM,6/27/2025 3:00:00 PM,SERC,WEST,EKPC,EKPC,2305.566,True
6/27/2025 8:00:00 PM,6/27/2025 4:00:00 PM,SERC,WEST,EKPC,EKPC,2238.011,True
6/27/2025 9:00:00 PM,6/27/2025 5:00:00 PM,SERC,WEST,EKPC,EKPC,2181.470,True
6/27/2025 10:00:00 PM,6/27/2025 6:00:00 PM,SERC,WEST,EKPC,EKPC,2168.556,True
6/27/2025 11:00:00 PM,6/27/2025 7:00:00 PM,SERC,WEST,EKPC,EKPC,2077.589,True
6/28/2025 12:00:00 AM,6/27/2025 8:00:00 PM,SERC,WEST,EKPC,EKPC,1920.699,True
6/28/2025 1:00:00 AM,6/27/2025 9:00:00 PM,SERC,WEST,EKPC,EKPC,1926.676,True
6/28/2025 2:00:00 AM,6/27/2025 10:00:00 PM,SERC,WEST,EKPC,EKPC,1813.431,True
6/28/2025 3:00:00 AM,6/27/2025 11:00:00 PM,SERC,WEST,EKPC,EKPC,1704.300,True
6/28/2025 4:00:00 AM,6/28/2025 12:00:00 AM,SERC,WEST,EKPC,EKPC,1553.932,True
6/28/2025 5:00:00 AM,6/28/2025 1:00:00 AM,SERC,WEST,EKPC,EKPC,1466.314,True
6/28/2025 6:00:00 AM,6/28/2025 2:00:00 AM,SERC,WEST,EKPC,EKPC,1314.422,True
6/28/2025 7:00:00 AM,6/28/2025 3:00:00 AM,SERC,WEST,EKPC,EKPC,1300.159,True
6/28/2025 8:00:00 AM,6/28/2025 4:00:00 AM,SERC,WEST,EKPC,EKPC,1307.180,True
6/28/2025 9:00:00 AM,6/28/2025 5:00:00 AM,SERC,WEST,EKPC,EKPC,1314.563,True
6/28/2025 10:00:00 AM,6/28/2025 6:00:00 AM,SERC,WEST,EKPC,EKPC,1261.443,True
6/28/2025 11:00:00 AM,6/28/2025 7:00:00 AM,SERC,WEST,EKPC,EKPC,1349.500,True
6/28/2025 12:00:00 PM,6/28/2025 8:00:00 AM,SERC,WEST,EKPC,EKPC,1434.937,True
6/28/2025 1:00:00 PM,6/28/2025 9:00:00 AM,SERC,WEST,EKPC,EKPC,1620.142,True
6/28/2025 2:00:00 PM,6/28/2025 10:00:00 AM,SERC,WEST,EKPC,EKPC,1735.006,True
6/28/2025 3:00:00 PM,6/28/2025 11:00:00 AM,SERC,WEST,EKPC,EKPC,1850.974,True
6/28/2025 4:00:00 PM,6/28/2025 12:00:00 PM,SERC,WEST,EKPC,EKPC,1944.208,True
6/28/2025 5:00:00 PM,6/28/2025 1:00:00 PM,SERC,WEST,EKPC,EKPC,2077.119,True
6/28/2025 6:00:00 PM,6/28/2025 2:00:00 PM,SERC,WEST,EKPC,EKPC,2240.447,True
6/28/2025 7:00:00 PM,6/28/2025 3:00:00 PM,SERC,WEST,EKPC,EKPC,2157.027,True
6/28/2025 8:00:00 PM,6/28/2025 4:00:00 PM,SERC,WEST,EKPC,EKPC,2065.967,True
6/28/2025 9:00:00 PM,6/28/2025 5:00:00 PM,SERC,WEST,EKPC,EKPC,1996.735,True
6/28/2025 10:00:00 PM,6/28/2025 6:00:00 PM,SERC,WEST,EKPC,EKPC,1898.393,True
6/28/2025 11:00:00 PM,6/28/2025 7:00:00 PM,SERC,WEST,EKPC,EKPC,1791.286,True
6/29/2025 12:00:00 AM,6/28/2025 8:00:00 PM,SERC,WEST,EKPC,EKPC,1729.685,True
6/29/2025 1:00:00 AM,6/28/2025 9:00:00 PM,SERC,WEST,EKPC,EKPC,1664.978,True
6/29/2025 2:00:00 AM,6/28/2025 10:00:00 PM,SERC,WEST,EKPC,EKPC,1576.722,True
6/29/2025 3:00:00 AM,6/28/2025 11:00:00 PM,SERC,WEST,EKPC,EKPC,1459.458,True
6/29/2025 4:00:00 AM,6/29/2025 12:00:00 AM,SERC,WEST,EKPC,EKPC,1313.055,True
6/29/2025 5:00:00 AM,6/29/2025 1:00:00 AM,SERC,WEST,EKPC,EKPC,1213.060,True
6/29/2025 6:00:00 AM,6/29/2025 2:00:00 AM,SERC,WEST,EKPC,EKPC,1165.298,True
6/29/2025 7:00:00 AM,6/29/2025 3:00:00 AM,SERC,WEST,EKPC,EKPC,1108.741,True
6/29/2025 8:00:00 AM,6/29/2025 4:00:00 AM,SERC,WEST,EKPC,EKPC,1077.441,True
6/29/2025 9:00:00 AM,6/29/2025 5:00:00 AM,SERC,WEST,EKPC,EKPC,1077.292,True
6/29/2025 10:00:00 AM,6/29/2025 6:00:00 AM,SERC,WEST,EKPC,EKPC,1073.876,True
6/29/2025 11:00:00 AM,6/29/2025 7:00:00 AM,SERC,WEST,EKPC,EKPC,1137.466,True
6/29/2025 12:00:00 PM,6/29/2025 8:00:00 AM,SERC,WEST,EKPC,EKPC,1273.771,True
6/29/2025 1:00:00 PM,6/29/2025 9:00:00 AM,SERC,WEST,EKPC,EKPC,1446.385,True
6/29/2025 2:00:00 PM,6/29/2025 10:00:00 AM,SERC,WEST,EKPC,EKPC,1611.946,True
6/29/2025 3:00:00 PM,6/29/2025 11:00:00 AM,SERC,WEST,EKPC,EKPC,1830.922,True
6/29/2025 4:00:00 PM,6/29/2025 12:00:00 PM,SERC,WEST,EKPC,EKPC,1954.887,True
6/29/2025 5:00:00 PM,6/29/2025 1:00:00 PM,SERC,WEST,EKPC,EKPC,2116.368,True
6/29/2025 6:00:00 PM,6/29/2025 2:00:00 PM,SERC,WEST,EKPC,EKPC,2220.396,True
6/29/2025 7:00:00 PM,6/29/2025 3:00:00 PM,SERC,WEST,EKPC,EKPC,2263.124,True
6/29/2025 8:00:00 PM,6/29/2025 4:00:00 PM,SERC,WEST,EKPC,EKPC,2286.573,True
6/29/2025 9:00:00 PM,6/29/2025 5:00:00 PM,SERC,WEST,EKPC,EKPC,2317.889,True
6/29/2025 10:00:00 PM,6/29/2025 6:00:00 PM,SERC,WEST,EKPC,EKPC,2257.134,True
6/29/2025 11:00:00 PM,6/29/2025 7:00:00 PM,SERC,WEST,EKPC,EKPC,2221.357,True
6/30/2025 12:00:00 AM,6/29/2025 8:00:00 PM,SERC,WEST,EKPC,EKPC,2119.496,True
6/30/2025 1:00:00 AM,6/29/2025 9:00:00 PM,SERC,WEST,EKPC,EKPC,2116.005,True
6/30/2025 2:00:00 AM,6/29/2025 10:00:00 PM,SERC,WEST,EKPC,EKPC,1875.094,True
6/30/2025 3:00:00 AM,6/29/2025 11:00:00 PM,SERC,WEST,EKPC,EKPC,1524.814,True
6/30/2025 4:00:00 AM,6/30/2025 12:00:00 AM,SERC,WEST,EKPC,EKPC,1373.727,True
6/30/2025 5:00:00 AM,6/30/2025 1:00:00 AM,SERC,WEST,EKPC,EKPC,1285.474,True
6/30/2025 6:00:00 AM,6/30/2025 2:00:00 AM,SERC,WEST,EKPC,EKPC,1239.518,True
6/30/2025 7:00:00 AM,6/30/2025 3:00:00 AM,SERC,WEST,EKPC,EKPC,1206.297,True
6/30/2025 8:00:00 AM,6/30/2025 4:00:00 AM,SERC,WEST,EKPC,EKPC,1203.179,True
6/30/2025 9:00:00 AM,6/30/2025 5:00:00 AM,SERC,WEST,EKPC,EKPC,1251.692,True
6/30/2025 10:00:00 AM,6/30/2025 6:00:00 AM,SERC,WEST,EKPC,EKPC,1292.882,True
6/30/2025 11:00:00 AM,6/30/2025 7:00:00 AM,SERC,WEST,EKPC,EKPC,1372.087,True
6/30/2025 12:00:00 PM,6/30/2025 8:00:00 AM,SERC,WEST,EKPC,EKPC,1432.477,True
6/30/2025 1:00:00 PM,6/30/2025 9:00:00 AM,SERC,WEST,EKPC,EKPC,1552.663,True
6/30/2025 2:00:00 PM,6/30/2025 10:00:00 AM,SERC,WEST,EKPC,EKPC,1665.695,True
6/30/2025 3:00:00 PM,6/30/2025 11:00:00 AM,SERC,WEST,EKPC,EKPC,1750.766,True
6/30/2025 4:00:00 PM,6/30/2025 12:00:00 PM,SERC,WEST,EKPC,EKPC,1845.368,True
6/30/2025 5:00:00 PM,6/30/2025 1:00:00 PM,SERC,WEST,EKPC,EKPC,1930.998,True
6/30/2025 6:00:00 PM,6/30/2025 2:00:00 PM,SERC,WEST,EKPC,EKPC,2065.833,True
6/30/2025 7:00:00 PM,6/30/2025 3:00:00 PM,SERC,WEST,EKPC,EKPC,2028.905,True
6/30/2025 8:00:00 PM,6/30/2025 4:00:00 PM,SERC,WEST,EKPC,EKPC,2049.460,True
6/30/2025 9:00:00 PM,6/30/2025 5:00:00 PM,SERC,WEST,EKPC,EKPC,2043.563,True
6/30/2025 10:00:00 PM,6/30/2025 6:00:00 PM,SERC,WEST,EKPC,EKPC,2030.677,True
6/30/2025 11:00:00 PM,6/30/2025 7:00:00 PM,SERC,WEST,EKPC,EKPC,2023.239,True
7/1/2025 12:00:00 AM,6/30/2025 8:00:00 PM,SERC,WEST,EKPC,EKPC,2006.749,True
7/1/2025 1:00:00 AM,6/30/2025 9:00:00 PM,SERC,WEST,EKPC,EKPC,1948.238,True
7/1/2025 2:00:00 AM,6/30/2025 10:00:00 PM,SERC,WEST,EKPC,EKPC,1804.197,True
7/1/2025 3:00:00 AM,6/30/2025 11:00:00 PM,SERC,WEST,EKPC,EKPC,1630.159,True
7/1/2025 4:00:00 AM,7/1/2025 12:00:00 AM,SERC,WEST,EKPC,EKPC,1517.182,True
7/1/2025 5:00:00 AM,7/1/2025 1:00:00 AM,SERC,WEST,EKPC,EKPC,1404.024,True
7/1/2025 6:00:00 AM,7/1/2025 2:00:00 AM,SERC,WEST,EKPC,EKPC,1363.848,True
7/1/2025 7:00:00 AM,7/1/2025 3:00:00 AM,SERC,WEST,EKPC,EKPC,1407.629,True
7/1/2025 8:00:00 AM,7/1/2025 4:00:00 AM,SERC,WEST,EKPC,EKPC,1398.437,True
7/1/2025 9:00:00 AM,7/1/2025 5:00:00 AM,SERC,WEST,EKPC,EKPC,1464.905,True
7/1/2025 10:00:00 AM,7/1/2025 6:00:00 AM,SERC,WEST,EKPC,EKPC,1477.408,True
7/1/2025 11:00:00 AM,7/1/2025 7:00:00 AM,SERC,WEST,EKPC,EKPC,1528.267,True
7/1/2025 12:00:00 PM,7/1/2025 8:00:00 AM,SERC,WEST,EKPC,EKPC,1560.477,True
7/1/2025 1:00:00 PM,7/1/2025 9:00:00 AM,SERC,WEST,EKPC,EKPC,1664.059,True
7/1/2025 2:00:00 PM,7/1/2025 10:00:00 AM,SERC,WEST,EKPC,EKPC,1735.367,True
7/1/2025 3:00:00 PM,7/1/2025 11:00:00 AM,SERC,WEST,EKPC,EKPC,1819.960,True
7/1/2025 4:00:00 PM,7/1/2025 12:00:00 PM,SERC,WEST,EKPC,EKPC,1838.251,True
7/1/2025 5:00:00 PM,7/1/2025 1:00:00 PM,SERC,WEST,EKPC,EKPC,1811.010,True
7/1/2025 6:00:00 PM,7/1/2025 2:00:00 PM,SERC,WEST,EKPC,EKPC,1868.506,True
7/1/2025 7:00:00 PM,7/1/2025 3:00:00 PM,SERC,WEST,EKPC,EKPC,1907.273,True
7/1/2025 8:00:00 PM,7/1/2025 4:00:00 PM,SERC,WEST,EKPC,EKPC,2038.994,True
7/1/2025 9:00:00 PM,7/1/2025 5:00:00 PM,SERC,WEST,EKPC,EKPC,2103.696,True
7/1/2025 10:00:00 PM,7/1/2025 6:00:00 PM,SERC,WEST,EKPC,EKPC,2158.915,True
7/1/2025 11:00:00 PM,7/1/2025 7:00:00 PM,SERC,WEST,EKPC,EKPC,2101.320,True
7/2/2025 12:00:00 AM,7/1/2025 8:00:00 PM,SERC,WEST,EKPC,EKPC,1995.428,True
7/2/2025 1:00:00 AM,7/1/2025 9:00:00 PM,SERC,WEST,EKPC,EKPC,1985.474,True
7/2/2025 2:00:00 AM,7/1/2025 10:00:00 PM,SERC,WEST,EKPC,EKPC,1813.334,True
7/2/2025 3:00:00 AM,7/1/2025 11:00:00 PM,SERC,WEST,EKPC,EKPC,1637.713,True
7/2/2025 4:00:00 AM,7/2/2025 12:00:00 AM,SERC,WEST,EKPC,EKPC,1524.210,True
7/2/2025 5:00:00 AM,7/2/2025 1:00:00 AM,SERC,WEST,EKPC,EKPC,1379.252,True
7/2/2025 6:00:00 AM,7/2/2025 2:00:00 AM,SERC,WEST,EKPC,EKPC,1316.682,True
7/2/2025 7:00:00 AM,7/2/2025 3:00:00 AM,SERC,WEST,EKPC,EKPC,1297.467,True
7/2/2025 8:00:00 AM,7/2/2025 4:00:00 AM,SERC,WEST,EKPC,EKPC,1215.679,True
7/2/2025 9:00:00 AM,7/2/2025 5:00:00 AM,SERC,WEST,EKPC,EKPC,1182.151,True
7/2/2025 10:00:00 AM,7/2/2025 6:00:00 AM,SERC,WEST,EKPC,EKPC,1282.765,True
7/2/2025 11:00:00 AM,7/2/2025 7:00:00 AM,SERC,WEST,EKPC,EKPC,1384.437,True
7/2/2025 12:00:00 PM,7/2/2025 8:00:00 AM,SERC,WEST,EKPC,EKPC,1539.613,True
7/2/2025 1:00:00 PM,7/2/2025 9:00:00 AM,SERC,WEST,EKPC,EKPC,1635.603,True
7/2/2025 2:00:00 PM,7/2/2025 10:00:00 AM,SERC,WEST,EKPC,EKPC,1687.456,True
7/2/2025 3:00:00 PM,7/2/2025 11:00:00 AM,SERC,WEST,EKPC,EKPC,1850.110,True
7/2/2025 4:00:00 PM,7/2/2025 12:00:00 PM,SERC,WEST,EKPC,EKPC,1967.743,True
7/2/2025 5:00:00 PM,7/2/2025 1:00:00 PM,SERC,WEST,EKPC,EKPC,2029.469,True
7/2/2025 6:00:00 PM,7/2/2025 2:00:00 PM,SERC,WEST,EKPC,EKPC,1989.618,True
7/2/2025 7:00:00 PM,7/2/2025 3:00:00 PM,SERC,WEST,EKPC,EKPC,2051.331,True
7/2/2025 8:00:00 PM,7/2/2025 4:00:00 PM,SERC,WEST,EKPC,EKPC,2123.141,True
7/2/2025 9:00:00 PM,7/2/2025 5:00:00 PM,SERC,WEST,EKPC,EKPC,2223.885,True
7/2/2025 10:00:00 PM,7/2/2025 6:00:00 PM,SERC,WEST,EKPC,EKPC,2306.789,True
7/2/2025 11:00:00 PM,7/2/2025 7:00:00 PM,SERC,WEST,EKPC,EKPC,2290.492,True
7/3/2025 12:00:00 AM,7/2/2025 8:00:00 PM,SERC,WEST,EKPC,EKPC,2118.703,True
7/3/2025 1:00:00 AM,7/2/2025 9:00:00 PM,SERC,WEST,EKPC,EKPC,1951.598,True
7/3/2025 2:00:00 AM,7/2/2025 10:00:00 PM,SERC,WEST,EKPC,EKPC,1822.607,True
7/3/2025 3:00:00 AM,7/2/2025 11:00:00 PM,SERC,WEST,EKPC,EKPC,1603.929,True
7/3/2025 4:00:00 AM,7/3/2025 12:00:00 AM,SERC,WEST,EKPC,EKPC,1479.800,True
7/3/2025 5:00:00 AM,7/3/2025 1:00:00 AM,SERC,WEST,EKPC,EKPC,1417.326,True
7/3/2025 6:00:00 AM,7/3/2025 2:00:00 AM,SERC,WEST,EKPC,EKPC,1377.441,True
7/3/2025 7:00:00 AM,7/3/2025 3:00:00 AM,SERC,WEST,EKPC,EKPC,1271.445,True
7/3/2025 8:00:00 AM,7/3/2025 4:00:00 AM,SERC,WEST,EKPC,EKPC,1246.575,True
7/3/2025 9:00:00 AM,7/3/2025 5:00:00 AM,SERC,WEST,EKPC,EKPC,1261.946,True
7/3/2025 10:00:00 AM,7/3/2025 6:00:00 AM,SERC,WEST,EKPC,EKPC,1307.454,True
7/3/2025 11:00:00 AM,7/3/2025 7:00:00 AM,SERC,WEST,EKPC,EKPC,1306.108,True
7/3/2025 12:00:00 PM,7/3/2025 8:00:00 AM,SERC,WEST,EKPC,EKPC,1445.368,True
7/3/2025 1:00:00 PM,7/3/2025 9:00:00 AM,SERC,WEST,EKPC,EKPC,1639.535,True
7/3/2025 2:00:00 PM,7/3/2025 10:00:00 AM,SERC,WEST,EKPC,EKPC,1739.951,True
7/3/2025 3:00:00 PM,7/3/2025 11:00:00 AM,SERC,WEST,EKPC,EKPC,1908.569,True
7/3/2025 4:00:00 PM,7/3/2025 12:00:00 PM,SERC,WEST,EKPC,EKPC,2018.787,True
7/3/2025 5:00:00 PM,7/3/2025 1:00:00 PM,SERC,WEST,EKPC,EKPC,2118.541,True
7/3/2025 6:00:00 PM,7/3/2025 2:00:00 PM,SERC,WEST,EKPC,EKPC,2211.244,True
7/3/2025 7:00:00 PM,7/3/2025 3:00:00 PM,SERC,WEST,EKPC,EKPC,2257.396,True
7/3/2025 8:00:00 PM,7/3/2025 4:00:00 PM,SERC,WEST,EKPC,EKPC,2148.466,True
7/3/2025 9:00:00 PM,7/3/2025 5:00:00 PM,SERC,WEST,EKPC,EKPC,2175.801,True
7/3/2025 10:00:00 PM,7/3/2025 6:00:00 PM,SERC,WEST,EKPC,EKPC,2305.785,True
7/3/2025 11:00:00 PM,7/3/2025 7:00:00 PM,SERC,WEST,EKPC,EKPC,2238.468,True
7/4/2025 12:00:00 AM,7/3/2025 8:00:00 PM,SERC,WEST,EKPC,EKPC,2137.866,True
7/4/2025 1:00:00 AM,7/3/2025 9:00:00 PM,SERC,WEST,EKPC,EKPC,2042.666,True
7/4/2025 2:00:00 AM,7/3/2025 10:00:00 PM,SERC,WEST,EKPC,EKPC,1898.383,True
7/4/2025 3:00:00 AM,7/3/2025 11:00:00 PM,SERC,WEST,EKPC,EKPC,1735.419,True
7/4/2025 4:00:00 AM,7/4/2025 12:00:00 AM,SERC,WEST,EKPC,EKPC,1565.686,True
7/4/2025 5:00:00 AM,7/4/2025 1:00:00 AM,SERC,WEST,EKPC,EKPC,1447.434,True
7/4/2025 6:00:00 AM,7/4/2025 2:00:00 AM,SERC,WEST,EKPC,EKPC,1320.736,True
7/4/2025 7:00:00 AM,7/4/2025 3:00:00 AM,SERC,WEST,EKPC,EKPC,1144.598,True
7/4/2025 8:00:00 AM,7/4/2025 4:00:00 AM,SERC,WEST,EKPC,EKPC,1127.458,True
7/4/2025 9:00:00 AM,7/4/2025 5:00:00 AM,SERC,WEST,EKPC,EKPC,1212.215,True
7/4/2025 10:00:00 AM,7/4/2025 6:00:00 AM,SERC,WEST,EKPC,EKPC,1249.464,True
7/4/2025 11:00:00 AM,7/4/2025 7:00:00 AM,SERC,WEST,EKPC,EKPC,1234.848,True
7/4/2025 12:00:00 PM,7/4/2025 8:00:00 AM,SERC,WEST,EKPC,EKPC,1451.761,True
7/4/2025 1:00:00 PM,7/4/2025 9:00:00 AM,SERC,WEST,EKPC,EKPC,1647.021,True
7/4/2025 2:00:00 PM,7/4/2025 10:00:00 AM,SERC,WEST,EKPC,EKPC,1835.361,True
7/4/2025 3:00:00 PM,7/4/2025 11:00:00 AM,SERC,WEST,EKPC,EKPC,1984.084,True
7/4/2025 4:00:00 PM,7/4/2025 12:00:00 PM,SERC,WEST,EKPC,EKPC,2115.550,True
7/4/2025 5:00:00 PM,7/4/2025 1:00:00 PM,SERC,WEST,EKPC,EKPC,2175.443,True
7/4/2025 6:00:00 PM,7/4/2025 2:00:00 PM,SERC,WEST,EKPC,EKPC,2285.585,True
7/4/2025 7:00:00 PM,7/4/2025 3:00:00 PM,SERC,WEST,EKPC,EKPC,2270.616,True
7/4/2025 8:00:00 PM,7/4/2025 4:00:00 PM,SERC,WEST,EKPC,EKPC,2340.045,True
7/4/2025 9:00:00 PM,7/4/2025 5:00:00 PM,SERC,WEST,EKPC,EKPC,2381.523,True
7/4/2025 10:00:00 PM,7/4/2025 6:00:00 PM,SERC,WEST,EKPC,EKPC,2362.086,True
7/4/2025 11:00:00 PM,7/4/2025 7:00:00 PM,SERC,WEST,EKPC,EKPC,2276.600,True
7/5/2025 12:00:00 AM,7/4/2025 8:00:00 PM,SERC,WEST,EKPC,EKPC,2159.648,True
7/5/2025 1:00:00 AM,7/4/2025 9:00:00 PM,SERC,WEST,EKPC,EKPC,1969.949,True
7/5/2025 2:00:00 AM,7/4/2025 10:00:00 PM,SERC,WEST,EKPC,EKPC,1834.571,True
7/5/2025 3:00:00 AM,7/4/2025 11:00:00 PM,SERC,WEST,EKPC,EKPC,1612.297,True
7/5/2025 4:00:00 AM,7/5/2025 12:00:00 AM,SERC,WEST,EKPC,EKPC,1404.846,True
7/5/2025 5:00:00 AM,7/5/2025 1:00:00 AM,SERC,WEST,EKPC,EKPC,1389.045,True
7/5/2025 6:00:00 AM,7/5/2025 2:00:00 AM,SERC,WEST,EKPC,EKPC,1289.371,True
7/5/2025 7:00:00 AM,7/5/2025 3:00:00 AM,SERC,WEST,EKPC,EKPC,1259.555,True
7/5/2025 8:00:00 AM,7/5/2025 4:00:00 AM,SERC,WEST,EKPC,EKPC,1211.893,True
7/5/2025 9:00:00 AM,7/5/2025 5:00:00 AM,SERC,WEST,EKPC,EKPC,1191.680,True
7/5/2025 10:00:00 AM,7/5/2025 6:00:00 AM,SERC,WEST,EKPC,EKPC,1193.794,True
7/5/2025 11:00:00 AM,7/5/2025 7:00:00 AM,SERC,WEST,EKPC,EKPC,1260.486,True
7/5/2025 12:00:00 PM,7/5/2025 8:00:00 AM,SERC,WEST,EKPC,EKPC,1387.411,True
7/5/2025 1:00:00 PM,7/5/2025 9:00:00 AM,SERC,WEST,EKPC,EKPC,1617.175,True
7/5/2025 2:00:00 PM,7/5/2025 10:00:00 AM,SERC,WEST,EKPC,EKPC,1817.985,True
7/5/2025 3:00:00 PM,7/5/2025 11:00:00 AM,SERC,WEST,EKPC,EKPC,1985.342,True
7/5/2025 4:00:00 PM,7/5/2025 12:00:00 PM,SERC,WEST,EKPC,EKPC,2097.816,True
7/5/2025 5:00:00 PM,7/5/2025 1:00:00 PM,SERC,WEST,EKPC,EKPC,2112.335,True
7/5/2025 6:00:00 PM,7/5/2025 2:00:00 PM,SERC,WEST,EKPC,EKPC,2215.648,True
7/5/2025 7:00:00 PM,7/5/2025 3:00:00 PM,SERC,WEST,EKPC,EKPC,2414.945,True
7/5/2025 8:00:00 PM,7/5/2025 4:00:00 PM,SERC,WEST,EKPC,EKPC,2437.174,True
7/5/2025 9:00:00 PM,7/5/2025 5:00:00 PM,SERC,WEST,EKPC,EKPC,2457.464,True
7/5/2025 10:00:00 PM,7/5/2025 6:00:00 PM,SERC,WEST,EKPC,EKPC,2399.506,True
7/5/2025 11:00:00 PM,7/5/2025 7:00:00 PM,SERC,WEST,EKPC,EKPC,2185.203,True
7/6/2025 12:00:00 AM,7/5/2025 8:00:00 PM,SERC,WEST,EKPC,EKPC,2079.316,True
7/6/2025 1:00:00 AM,7/5/2025 9:00:00 PM,SERC,WEST,EKPC,EKPC,2067.072,True
7/6/2025 2:00:00 AM,7/5/2025 10:00:00 PM,SERC,WEST,EKPC,EKPC,1889.754,True
7/6/2025 3:00:00 AM,7/5/2025 11:00:00 PM,SERC,WEST,EKPC,EKPC,1739.671,True
7/6/2025 4:00:00 AM,7/6/2025 12:00:00 AM,SERC,WEST,EKPC,EKPC,1599.981,True
7/6/2025 5:00:00 AM,7/6/2025 1:00:00 AM,SERC,WEST,EKPC,EKPC,1489.331,True
7/6/2025 6:00:00 AM,7/6/2025 2:00:00 AM,SERC,WEST,EKPC,EKPC,1409.735,True
7/6/2025 7:00:00 AM,7/6/2025 3:00:00 AM,SERC,WEST,EKPC,EKPC,1402.747,True
7/6/2025 8:00:00 AM,7/6/2025 4:00:00 AM,SERC,WEST,EKPC,EKPC,1334.077,True
7/6/2025 9:00:00 AM,7/6/2025 5:00:00 AM,SERC,WEST,EKPC,EKPC,1316.349,True
7/6/2025 10:00:00 AM,7/6/2025 6:00:00 AM,SERC,WEST,EKPC,EKPC,1288.036,True
7/6/2025 11:00:00 AM,7/6/2025 7:00:00 AM,SERC,WEST,EKPC,EKPC,1258.919,True
7/6/2025 12:00:00 PM,7/6/2025 8:00:00 AM,SERC,WEST,EKPC,EKPC,1336.751,True
7/6/2025 1:00:00 PM,7/6/2025 9:00:00 AM,SERC,WEST,EKPC,EKPC,1556.671,True
7/6/2025 2:00:00 PM,7/6/2025 10:00:00 AM,SERC,WEST,EKPC,EKPC,1706.455,True
7/6/2025 3:00:00 PM,7/6/2025 11:00:00 AM,SERC,WEST,EKPC,EKPC,1912.367,True
7/6/2025 4:00:00 PM,7/6/2025 12:00:00 PM,SERC,WEST,EKPC,EKPC,2019.081,True
7/6/2025 5:00:00 PM,7/6/2025 1:00:00 PM,SERC,WEST,EKPC,EKPC,2249.066,True
7/6/2025 6:00:00 PM,7/6/2025 2:00:00 PM,SERC,WEST,EKPC,EKPC,2348.581,True
7/6/2025 7:00:00 PM,7/6/2025 3:00:00 PM,SERC,WEST,EKPC,EKPC,2409.283,True
7/6/2025 8:00:00 PM,7/6/2025 4:00:00 PM,SERC,WEST,EKPC,EKPC,2440.220,True
7/6/2025 9:00:00 PM,7/6/2025 5:00:00 PM,SERC,WEST,EKPC,EKPC,2456.230,True
7/6/2025 10:00:00 PM,7/6/2025 6:00:00 PM,SERC,WEST,EKPC,EKPC,2448.971,True
7/6/2025 11:00:00 PM,7/6/2025 7:00:00 PM,SERC,WEST,EKPC,EKPC,2387.092,True
7/7/2025 12:00:00 AM,7/6/2025 8:00:00 PM,SERC,WEST,EKPC,EKPC,2318.693,True
7/7/2025 1:00:00 AM,7/6/2025 9:00:00 PM,SERC,WEST,EKPC,EKPC,2205.601,True
7/7/2025 2:00:00 AM,7/6/2025 10:00:00 PM,SERC,WEST,EKPC,EKPC,2071.488,True
7/7/2025 3:00:00 AM,7/6/2025 11:00:00 PM,SERC,WEST,EKPC,EKPC,1898.505,True
7/7/2025 4:00:00 AM,7/7/2025 12:00:00 AM,SERC,WEST,EKPC,EKPC,1691.048,True
7/7/2025 5:00:00 AM,7/7/2025 1:00:00 AM,SERC,WEST,EKPC,EKPC,1564.838,True
7/7/2025 6:00:00 AM,7/7/2025 2:00:00 AM,SERC,WEST,EKPC,EKPC,1505.490,True
7/7/2025 7:00:00 AM,7/7/2025 3:00:00 AM,SERC,WEST,EKPC,EKPC,1404.816,True
7/7/2025 8:00:00 AM,7/7/2025 4:00:00 AM,SERC,WEST,EKPC,EKPC,1356.957,True
7/7/2025 9:00:00 AM,7/7/2025 5:00:00 AM,SERC,WEST,EKPC,EKPC,1347.579,True
7/7/2025 10:00:00 AM,7/7/2025 6:00:00 AM,SERC,WEST,EKPC,EKPC,1413.882,True
7/7/2025 11:00:00 AM,7/7/2025 7:00:00 AM,SERC,WEST,EKPC,EKPC,1502.080,True
7/7/2025 12:00:00 PM,7/7/2025 8:00:00 AM,SERC,WEST,EKPC,EKPC,1550.278,True
7/7/2025 1:00:00 PM,7/7/2025 9:00:00 AM,SERC,WEST,EKPC,EKPC,1799.663,True
7/7/2025 2:00:00 PM,7/7/2025 10:00:00 AM,SERC,WEST,EKPC,EKPC,2029.743,True
7/7/2025 3:00:00 PM,7/7/2025 11:00:00 AM,SERC,WEST,EKPC,EKPC,2053.499,True
7/7/2025 4:00:00 PM,7/7/2025 12:00:00 PM,SERC,WEST,EKPC,EKPC,2143.041,True
7/7/2025 5:00:00 PM,7/7/2025 1:00:00 PM,SERC,WEST,EKPC,EKPC,2293.862,True
7/7/2025 6:00:00 PM,7/7/2025 2:00:00 PM,SERC,WEST,EKPC,EKPC,2361.869,True
7/7/2025 7:00:00 PM,7/7/2025 3:00:00 PM,SERC,WEST,EKPC,EKPC,2419.590,True
7/7/2025 8:00:00 PM,7/7/2025 4:00:00 PM,SERC,WEST,EKPC,EKPC,2399.267,True
7/7/2025 9:00:00 PM,7/7/2025 5:00:00 PM,SERC,WEST,EKPC,EKPC,2345.751,True
7/7/2025 10:00:00 PM,7/7/2025 6:00:00 PM,SERC,WEST,EKPC,EKPC,2237.951,True
7/7/2025 11:00:00 PM,7/7/2025 7:00:00 PM,SERC,WEST,EKPC,EKPC,2109.617,True
7/8/2025 12:00:00 AM,7/7/2025 8:00:00 PM,SERC,WEST,EKPC,EKPC,2090.017,True
7/8/2025 1:00:00 AM,7/7/2025 9:00:00 PM,SERC,WEST,EKPC,EKPC,1959.573,True
7/8/2025 2:00:00 AM,7/7/2025 10:00:00 PM,SERC,WEST,EKPC,EKPC,1789.065,True
7/8/2025 3:00:00 AM,7/7/2025 11:00:00 PM,SERC,WEST,EKPC,EKPC,1721.541,True
7/8/2025 4:00:00 AM,7/8/2025 12:00:00 AM,SERC,WEST,EKPC,EKPC,1564.252,True
7/8/2025 5:00:00 AM,7/8/2025 1:00:00 AM,SERC,WEST,EKPC,EKPC,1517.176,True
7/8/2025 6:00:00 AM,7/8/2025 2:00:00 AM,SERC,WEST,EKPC,EKPC,1468.600,True
7/8/2025 7:00:00 AM,7/8/2025 3:00:00 AM,SERC,WEST,EKPC,EKPC,1367.623,True
7/8/2025 8:00:00 AM,7/8/2025 4:00:00 AM,SERC,WEST,EKPC,EKPC,1394.980,True
7/8/2025 9:00:00 AM,7/8/2025 5:00:00 AM,SERC,WEST,EKPC,EKPC,1472.530,True
7/8/2025 10:00:00 AM,7/8/2025 6:00:00 AM,SERC,WEST,EKPC,EKPC,1491.404,True
7/8/2025 11:00:00 AM,7/8/2025 7:00:00 AM,SERC,WEST,EKPC,EKPC,1561.598,True
7/8/2025 12:00:00 PM,7/8/2025 8:00:00 AM,SERC,WEST,EKPC,EKPC,1630.959,True
7/8/2025 1:00:00 PM,7/8/2025 9:00:00 AM,SERC,WEST,EKPC,EKPC,1662.918,True
7/8/2025 2:00:00 PM,7/8/2025 10:00:00 AM,SERC,WEST,EKPC,EKPC,1773.621,True
7/8/2025 3:00:00 PM,7/8/2025 11:00:00 AM,SERC,WEST,EKPC,EKPC,1962.509,True
7/8/2025 4:00:00 PM,7/8/2025 12:00:00 PM,SERC,WEST,EKPC,EKPC,2127.285,True
7/8/2025 5:00:00 PM,7/8/2025 1:00:00 PM,SERC,WEST,EKPC,EKPC,2234.973,True
7/8/2025 6:00:00 PM,7/8/2025 2:00:00 PM,SERC,WEST,EKPC,EKPC,2268.095,True
7/8/2025 7:00:00 PM,7/8/2025 3:00:00 PM,SERC,WEST,EKPC,EKPC,2350.214,True
7/8/2025 8:00:00 PM,7/8/2025 4:00:00 PM,SERC,WEST,EKPC,EKPC,2378.157,True
7/8/2025 9:00:00 PM,7/8/2025 5:00:00 PM,SERC,WEST,EKPC,EKPC,2413.242,True
7/8/2025 10:00:00 PM,7/8/2025 6:00:00 PM,SERC,WEST,EKPC,EKPC,2400.583,True
7/8/2025 11:00:00 PM,7/8/2025 7:00:00 PM,SERC,WEST,EKPC,EKPC,2349.867,True
7/9/2025 12:00:00 AM,7/8/2025 8:00:00 PM,SERC,WEST,EKPC,EKPC,2187.135,True
7/9/2025 1:00:00 AM,7/8/2025 9:00:00 PM,SERC,WEST,EKPC,EKPC,2105.970,True
7/9/2025 2:00:00 AM,7/8/2025 10:00:00 PM,SERC,WEST,EKPC,EKPC,1883.788,True
7/9/2025 3:00:00 AM,7/8/2025 11:00:00 PM,SERC,WEST,EKPC,EKPC,1812.005,True
7/9/2025 4:00:00 AM,7/9/2025 12:00:00 AM,SERC,WEST,EKPC,EKPC,1579.682,True
7/9/2025 5:00:00 AM,7/9/2025 1:00:00 AM,SERC,WEST,EKPC,EKPC,1400.022,True
7/9/2025 6:00:00 AM,7/9/2025 2:00:00 AM,SERC,WEST,EKPC,EKPC,1480.367,True
7/9/2025 7:00:00 AM,7/9/2025 3:00:00 AM,SERC,WEST,EKPC,EKPC,1378.373,True
7/9/2025 8:00:00 AM,7/9/2025 4:00:00 AM,SERC,WEST,EKPC,EKPC,1258.375,True
7/9/2025 9:00:00 AM,7/9/2025 5:00:00 AM,SERC,WEST,EKPC,EKPC,1294.151,True
7/9/2025 10:00:00 AM,7/9/2025 6:00:00 AM,SERC,WEST,EKPC,EKPC,1335.382,True
7/9/2025 11:00:00 AM,7/9/2025 7:00:00 AM,SERC,WEST,EKPC,EKPC,1384.029,True
7/9/2025 12:00:00 PM,7/9/2025 8:00:00 AM,SERC,WEST,EKPC,EKPC,1439.635,True
7/9/2025 1:00:00 PM,7/9/2025 9:00:00 AM,SERC,WEST,EKPC,EKPC,1478.159,True
7/9/2025 2:00:00 PM,7/9/2025 10:00:00 AM,SERC,WEST,EKPC,EKPC,1554.222,True
7/9/2025 3:00:00 PM,7/9/2025 11:00:00 AM,SERC,WEST,EKPC,EKPC,1666.964,True
7/9/2025 4:00:00 PM,7/9/2025 12:00:00 PM,SERC,WEST,EKPC,EKPC,1762.956,True
7/9/2025 5:00:00 PM,7/9/2025 1:00:00 PM,SERC,WEST,EKPC,EKPC,1873.958,True
7/9/2025 6:00:00 PM,7/9/2025 2:00:00 PM,SERC,WEST,EKPC,EKPC,1952.244,True
7/9/2025 7:00:00 PM,7/9/2025 3:00:00 PM,SERC,WEST,EKPC,EKPC,2005.211,True
7/9/2025 8:00:00 PM,7/9/2025 4:00:00 PM,SERC,WEST,EKPC,EKPC,2070.654,True
7/9/2025 9:00:00 PM,7/9/2025 5:00:00 PM,SERC,WEST,EKPC,EKPC,2097.561,True
7/9/2025 10:00:00 PM,7/9/2025 6:00:00 PM,SERC,WEST,EKPC,EKPC,2102.476,True
7/9/2025 11:00:00 PM,7/9/2025 7:00:00 PM,SERC,WEST,EKPC,EKPC,2037.068,True
7/10/2025 12:00:00 AM,7/9/2025 8:00:00 PM,SERC,WEST,EKPC,EKPC,1942.509,True
7/10/2025 1:00:00 AM,7/9/2025 9:00:00 PM,SERC,WEST,EKPC,EKPC,1982.824,True
7/10/2025 2:00:00 AM,7/9/2025 10:00:00 PM,SERC,WEST,EKPC,EKPC,1798.986,True
7/10/2025 3:00:00 AM,7/9/2025 11:00:00 PM,SERC,WEST,EKPC,EKPC,1626.116,True
7/10/2025 4:00:00 AM,7/10/2025 12:00:00 AM,SERC,WEST,EKPC,EKPC,1528.857,True
7/10/2025 5:00:00 AM,7/10/2025 1:00:00 AM,SERC,WEST,EKPC,EKPC,1345.671,True
7/10/2025 6:00:00 AM,7/10/2025 2:00:00 AM,SERC,WEST,EKPC,EKPC,1276.632,True
7/10/2025 7:00:00 AM,7/10/2025 3:00:00 AM,SERC,WEST,EKPC,EKPC,1295.676,True
7/10/2025 8:00:00 AM,7/10/2025 4:00:00 AM,SERC,WEST,EKPC,EKPC,1300.183,True
7/10/2025 9:00:00 AM,7/10/2025 5:00:00 AM,SERC,WEST,EKPC,EKPC,1291.559,True
7/10/2025 10:00:00 AM,7/10/2025 6:00:00 AM,SERC,WEST,EKPC,EKPC,1439.010,True
7/10/2025 11:00:00 AM,7/10/2025 7:00:00 AM,SERC,WEST,EKPC,EKPC,1425.564,True
7/10/2025 12:00:00 PM,7/10/2025 8:00:00 AM,SERC,WEST,EKPC,EKPC,1437.761,True
7/10/2025 1:00:00 PM,7/10/2025 9:00:00 AM,SERC,WEST,EKPC,EKPC,1620.584,True
7/10/2025 2:00:00 PM,7/10/2025 10:00:00 AM,SERC,WEST,EKPC,EKPC,1806.719,True
7/10/2025 3:00:00 PM,7/10/2025 11:00:00 AM,SERC,WEST,EKPC,EKPC,1891.647,True
7/10/2025 4:00:00 PM,7/10/2025 12:00:00 PM,SERC,WEST,EKPC,EKPC,1927.500,True
7/10/2025 5:00:00 PM,7/10/2025 1:00:00 PM,SERC,WEST,EKPC,EKPC,2057.493,True
7/10/2025 6:00:00 PM,7/10/2025 2:00:00 PM,SERC,WEST,EKPC,EKPC,2182.680,True
7/10/2025 7:00:00 PM,7/10/2025 3:00:00 PM,SERC,WEST,EKPC,EKPC,2327.616,True
7/10/2025 8:00:00 PM,7/10/2025 4:00:00 PM,SERC,WEST,EKPC,EKPC,2365.868,True
7/10/2025 9:00:00 PM,7/10/2025 5:00:00 PM,SERC,WEST,EKPC,EKPC,2411.728,True
7/10/2025 10:00:00 PM,7/10/2025 6:00:00 PM,SERC,WEST,EKPC,EKPC,2413.663,True
7/10/2025 11:00:00 PM,7/10/2025 7:00:00 PM,SERC,WEST,EKPC,EKPC,2341.079,True
7/11/2025 12:00:00 AM,7/10/2025 8:00:00 PM,SERC,WEST,EKPC,EKPC,2238.962,True
7/11/2025 1:00:00 AM,7/10/2025 9:00:00 PM,SERC,WEST,EKPC,EKPC,2121.052,True
7/11/2025 2:00:00 AM,7/10/2025 10:00:00 PM,SERC,WEST,EKPC,EKPC,1989.126,True
7/11/2025 3:00:00 AM,7/10/2025 11:00:00 PM,SERC,WEST,EKPC,EKPC,1787.714,True
7/11/2025 4:00:00 AM,7/11/2025 12:00:00 AM,SERC,WEST,EKPC,EKPC,1611.977,True
7/11/2025 5:00:00 AM,7/11/2025 1:00:00 AM,SERC,WEST,EKPC,EKPC,1528.828,True
7/11/2025 6:00:00 AM,7/11/2025 2:00:00 AM,SERC,WEST,EKPC,EKPC,1413.002,True
7/11/2025 7:00:00 AM,7/11/2025 3:00:00 AM,SERC,WEST,EKPC,EKPC,1254.998,True
7/11/2025 8:00:00 AM,7/11/2025 4:00:00 AM,SERC,WEST,EKPC,EKPC,1388.755,True
7/11/2025 9:00:00 AM,7/11/2025 5:00:00 AM,SERC,WEST,EKPC,EKPC,1393.127,True
7/11/2025 10:00:00 AM,7/11/2025 6:00:00 AM,SERC,WEST,EKPC,EKPC,1280.663,True
7/11/2025 11:00:00 AM,7/11/2025 7:00:00 AM,SERC,WEST,EKPC,EKPC,1324.514,True
7/11/2025 12:00:00 PM,7/11/2025 8:00:00 AM,SERC,WEST,EKPC,EKPC,1455.428,True
7/11/2025 1:00:00 PM,7/11/2025 9:00:00 AM,SERC,WEST,EKPC,EKPC,1605.329,True
7/11/2025 2:00:00 PM,7/11/2025 10:00:00 AM,SERC,WEST,EKPC,EKPC,1781.068,True
7/11/2025 3:00:00 PM,7/11/2025 11:00:00 AM,SERC,WEST,EKPC,EKPC,1926.664,True
7/11/2025 4:00:00 PM,7/11/2025 12:00:00 PM,SERC,WEST,EKPC,EKPC,2041.079,True
7/11/2025 5:00:00 PM,7/11/2025 1:00:00 PM,SERC,WEST,EKPC,EKPC,2115.905,True
7/11/2025 6:00:00 PM,7/11/2025 2:00:00 PM,SERC,WEST,EKPC,EKPC,2214.983,True
7/11/2025 7:00:00 PM,7/11/2025 3:00:00 PM,SERC,WEST,EKPC,EKPC,2303.423,True
7/11/2025 8:00:00 PM,7/11/2025 4:00:00 PM,SERC,WEST,EKPC,EKPC,2381.945,True
7/11/2025 9:00:00 PM,7/11/2025 5:00:00 PM,SERC,WEST,EKPC,EKPC,2438.279,True
7/11/2025 10:00:00 PM,7/11/2025 6:00:00 PM,SERC,WEST,EKPC,EKPC,2411.626,True
7/11/2025 11:00:00 PM,7/11/2025 7:00:00 PM,SERC,WEST,EKPC,EKPC,2375.194,True
7/12/2025 12:00:00 AM,7/11/2025 8:00:00 PM,SERC,WEST,EKPC,EKPC,2280.419,True
7/12/2025 1:00:00 AM,7/11/2025 9:00:00 PM,SERC,WEST,EKPC,EKPC,2172.456,True
7/12/2025 2:00:00 AM,7/11/2025 10:00:00 PM,SERC,WEST,EKPC,EKPC,2055.758,True
7/12/2025 3:00:00 AM,7/11/2025 11:00:00 PM,SERC,WEST,EKPC,EKPC,1849.395,True
7/12/2025 4:00:00 AM,7/12/2025 12:00:00 AM,SERC,WEST,EKPC,EKPC,1711.225,True
7/12/2025 5:00:00 AM,7/12/2025 1:00:00 AM,SERC,WEST,EKPC,EKPC,1564.802,True
7/12/2025 6:00:00 AM,7/12/2025 2:00:00 AM,SERC,WEST,EKPC,EKPC,1443.895,True
7/12/2025 7:00:00 AM,7/12/2025 3:00:00 AM,SERC,WEST,EKPC,EKPC,1338.365,True
7/12/2025 8:00:00 AM,7/12/2025 4:00:00 AM,SERC,WEST,EKPC,EKPC,1381.577,True
7/12/2025 9:00:00 AM,7/12/2025 5:00:00 AM,SERC,WEST,EKPC,EKPC,1405.006,True
7/12/2025 10:00:00 AM,7/12/2025 6:00:00 AM,SERC,WEST,EKPC,EKPC,1406.727,True
7/12/2025 11:00:00 AM,7/12/2025 7:00:00 AM,SERC,WEST,EKPC,EKPC,1431.779,True
7/12/2025 12:00:00 PM,7/12/2025 8:00:00 AM,SERC,WEST,EKPC,EKPC,1575.809,True
7/12/2025 1:00:00 PM,7/12/2025 9:00:00 AM,SERC,WEST,EKPC,EKPC,1733.889,True
7/12/2025 2:00:00 PM,7/12/2025 10:00:00 AM,SERC,WEST,EKPC,EKPC,1921.211,True
7/12/2025 3:00:00 PM,7/12/2025 11:00:00 AM,SERC,WEST,EKPC,EKPC,2105.122,True
7/12/2025 4:00:00 PM,7/12/2025 12:00:00 PM,SERC,WEST,EKPC,EKPC,2246.776,True
7/12/2025 5:00:00 PM,7/12/2025 1:00:00 PM,SERC,WEST,EKPC,EKPC,2271.287,True
7/12/2025 6:00:00 PM,7/12/2025 2:00:00 PM,SERC,WEST,EKPC,EKPC,2252.817,True
7/12/2025 7:00:00 PM,7/12/2025 3:00:00 PM,SERC,WEST,EKPC,EKPC,2239.343,True
7/12/2025 8:00:00 PM,7/12/2025 4:00:00 PM,SERC,WEST,EKPC,EKPC,2266.918,True
7/12/2025 9:00:00 PM,7/12/2025 5:00:00 PM,SERC,WEST,EKPC,EKPC,2200.828,True
7/12/2025 10:00:00 PM,7/12/2025 6:00:00 PM,SERC,WEST,EKPC,EKPC,2170.684,True
7/12/2025 11:00:00 PM,7/12/2025 7:00:00 PM,SERC,WEST,EKPC,EKPC,2130.081,True
7/13/2025 12:00:00 AM,7/12/2025 8:00:00 PM,SERC,WEST,EKPC,EKPC,2051.757,True
7/13/2025 1:00:00 AM,7/12/2025 9:00:00 PM,SERC,WEST,EKPC,EKPC,1939.645,True
7/13/2025 2:00:00 AM,7/12/2025 10:00:00 PM,SERC,WEST,EKPC,EKPC,1800.601,True
7/13/2025 3:00:00 AM,7/12/2025 11:00:00 PM,SERC,WEST,EKPC,EKPC,1691.160,True
7/13/2025 4:00:00 AM,7/13/2025 12:00:00 AM,SERC,WEST,EKPC,EKPC,1552.724,True
7/13/2025 5:00:00 AM,7/13/2025 1:00:00 AM,SERC,WEST,EKPC,EKPC,1397.123,True
7/13/2025 6:00:00 AM,7/13/2025 2:00:00 AM,SERC,WEST,EKPC,EKPC,1404.445,True
7/13/2025 7:00:00 AM,7/13/2025 3:00:00 AM,SERC,WEST,EKPC,EKPC,1273.411,True
7/13/2025 8:00:00 AM,7/13/2025 4:00:00 AM,SERC,WEST,EKPC,EKPC,1255.538,True
7/13/2025 9:00:00 AM,7/13/2025 5:00:00 AM,SERC,WEST,EKPC,EKPC,1234.433,True
7/13/2025 10:00:00 AM,7/13/2025 6:00:00 AM,SERC,WEST,EKPC,EKPC,1210.415,True
7/13/2025 11:00:00 AM,7/13/2025 7:00:00 AM,SERC,WEST,EKPC,EKPC,1271.046,True
7/13/2025 12:00:00 PM,7/13/2025 8:00:00 AM,SERC,WEST,EKPC,EKPC,1413.550,True
7/13/2025 1:00:00 PM,7/13/2025 9:00:00 AM,SERC,WEST,EKPC,EKPC,1547.532,True
7/13/2025 2:00:00 PM,7/13/2025 10:00:00 AM,SERC,WEST,EKPC,EKPC,1657.010,True
7/13/2025 3:00:00 PM,7/13/2025 11:00:00 AM,SERC,WEST,EKPC,EKPC,1724.685,True
7/13/2025 4:00:00 PM,7/13/2025 12:00:00 PM,SERC,WEST,EKPC,EKPC,1850.135,True
7/13/2025 5:00:00 PM,7/13/2025 1:00:00 PM,SERC,WEST,EKPC,EKPC,1975.942,True
7/13/2025 6:00:00 PM,7/13/2025 2:00:00 PM,SERC,WEST,EKPC,EKPC,2128.045,True
7/13/2025 7:00:00 PM,7/13/2025 3:00:00 PM,SERC,WEST,EKPC,EKPC,2216.920,True
7/13/2025 8:00:00 PM,7/13/2025 4:00:00 PM,SERC,WEST,EKPC,EKPC,2345.480,True
7/13/2025 9:00:00 PM,7/13/2025 5:00:00 PM,SERC,WEST,EKPC,EKPC,2385.961,True
7/13/2025 10:00:00 PM,7/13/2025 6:00:00 PM,SERC,WEST,EKPC,EKPC,2337.659,True
7/13/2025 11:00:00 PM,7/13/2025 7:00:00 PM,SERC,WEST,EKPC,EKPC,2289.304,True
7/14/2025 12:00:00 AM,7/13/2025 8:00:00 PM,SERC,WEST,EKPC,EKPC,2159.013,True
7/14/2025 1:00:00 AM,7/13/2025 9:00:00 PM,SERC,WEST,EKPC,EKPC,2061.504,True
7/14/2025 2:00:00 AM,7/13/2025 10:00:00 PM,SERC,WEST,EKPC,EKPC,1875.084,True
7/14/2025 3:00:00 AM,7/13/2025 11:00:00 PM,SERC,WEST,EKPC,EKPC,1596.683,True
7/14/2025 4:00:00 AM,7/14/2025 12:00:00 AM,SERC,WEST,EKPC,EKPC,1546.089,True
7/14/2025 5:00:00 AM,7/14/2025 1:00:00 AM,SERC,WEST,EKPC,EKPC,1463.342,True
7/14/2025 6:00:00 AM,7/14/2025 2:00:00 AM,SERC,WEST,EKPC,EKPC,1307.209,True
7/14/2025 7:00:00 AM,7/14/2025 3:00:00 AM,SERC,WEST,EKPC,EKPC,1199.578,True
7/14/2025 8:00:00 AM,7/14/2025 4:00:00 AM,SERC,WEST,EKPC,EKPC,1315.326,True
7/14/2025 9:00:00 AM,7/14/2025 5:00:00 AM,SERC,WEST,EKPC,EKPC,1389.301,True
7/14/2025 10:00:00 AM,7/14/2025 6:00:00 AM,SERC,WEST,EKPC,EKPC,1450.583,True
7/14/2025 11:00:00 AM,7/14/2025 7:00:00 AM,SERC,WEST,EKPC,EKPC,1398.832,True
7/14/2025 12:00:00 PM,7/14/2025 8:00:00 AM,SERC,WEST,EKPC,EKPC,1436.117,True
7/14/2025 1:00:00 PM,7/14/2025 9:00:00 AM,SERC,WEST,EKPC,EKPC,1556.857,True
7/14/2025 2:00:00 PM,7/14/2025 10:00:00 AM,SERC,WEST,EKPC,EKPC,1657.270,True
7/14/2025 3:00:00 PM,7/14/2025 11:00:00 AM,SERC,WEST,EKPC,EKPC,1759.368,True
7/14/2025 4:00:00 PM,7/14/2025 12:00:00 PM,SERC,WEST,EKPC,EKPC,1886.327,True
7/14/2025 5:00:00 PM,7/14/2025 1:00:00 PM,SERC,WEST,EKPC,EKPC,1970.072,True
7/14/2025 6:00:00 PM,7/14/2025 2:00:00 PM,SERC,WEST,EKPC,EKPC,2024.573,True
7/14/2025 7:00:00 PM,7/14/2025 3:00:00 PM,SERC,WEST,EKPC,EKPC,2063.440,True
7/14/2025 8:00:00 PM,7/14/2025 4:00:00 PM,SERC,WEST,EKPC,EKPC,2111.495,True
7/14/2025 9:00:00 PM,7/14/2025 5:00:00 PM,SERC,WEST,EKPC,EKPC,2151.957,True
7/14/2025 10:00:00 PM,7/14/2025 6:00:00 PM,SERC,WEST,EKPC,EKPC,2170.559,True
7/14/2025 11:00:00 PM,7/14/2025 7:00:00 PM,SERC,WEST,EKPC,EKPC,2108.098,True
7/15/2025 12:00:00 AM,7/14/2025 8:00:00 PM,SERC,WEST,EKPC,EKPC,2016.256,True
7/15/2025 1:00:00 AM,7/14/2025 9:00:00 PM,SERC,WEST,EKPC,EKPC,1920.817,True
7/15/2025 2:00:00 AM,7/14/2025 10:00:00 PM,SERC,WEST,EKPC,EKPC,1771.972,True
7/15/2025 3:00:00 AM,7/14/2025 11:00:00 PM,SERC,WEST,EKPC,EKPC,1594.627,True
7/15/2025 4:00:00 AM,7/15/2025 12:00:00 AM,SERC,WEST,EKPC,EKPC,1503.513,True
7/15/2025 5:00:00 AM,7/15/2025 1:00:00 AM,SERC,WEST,EKPC,EKPC,1462.018,True
7/15/2025 6:00:00 AM,7/15/2025 2:00:00 AM,SERC,WEST,EKPC,EKPC,1283.620,True
7/15/2025 7:00:00 AM,7/15/2025 3:00:00 AM,SERC,WEST,EKPC,EKPC,1224.045,True
7/15/2025 8:00:00 AM,7/15/2025 4:00:00 AM,SERC,WEST,EKPC,EKPC,1213.419,True
7/15/2025 9:00:00 AM,7/15/2025 5:00:00 AM,SERC,WEST,EKPC,EKPC,1231.909,True
7/15/2025 10:00:00 AM,7/15/2025 6:00:00 AM,SERC,WEST,EKPC,EKPC,1304.918,True
7/15/2025 11:00:00 AM,7/15/2025 7:00:00 AM,SERC,WEST,EKPC,EKPC,1363.161,True
7/15/2025 12:00:00 PM,7/15/2025 8:00:00 AM,SERC,WEST,EKPC,EKPC,1468.833,True
7/15/2025 1:00:00 PM,7/15/2025 9:00:00 AM,SERC,WEST,EKPC,EKPC,1589.480,True
7/15/2025 2:00:00 PM,7/15/2025 10:00:00 AM,SERC,WEST,EKPC,EKPC,1780.476,True
7/15/2025 3:00:00 PM,7/15/2025 11:00:00 AM,SERC,WEST,EKPC,EKPC,1911.716,True
7/15/2025 4:00:00 PM,7/15/2025 12:00:00 PM,SERC,WEST,EKPC,EKPC,1998.405,True
7/15/2025 5:00:00 PM,7/15/2025 1:00:00 PM,SERC,WEST,EKPC,EKPC,2053.580,True
7/15/2025 6:00:00 PM,7/15/2025 2:00:00 PM,SERC,WEST,EKPC,EKPC,2077.380,True
7/15/2025 7:00:00 PM,7/15/2025 3:00:00 PM,SERC,WEST,EKPC,EKPC,2063.958,True
7/15/2025 8:00:00 PM,7/15/2025 4:00:00 PM,SERC,WEST,EKPC,EKPC,2054.342,True
7/15/2025 9:00:00 PM,7/15/2025 5:00:00 PM,SERC,WEST,EKPC,EKPC,2055.277,True
7/15/2025 10:00:00 PM,7/15/2025 6:00:00 PM,SERC,WEST,EKPC,EKPC,2014.554,True
7/15/2025 11:00:00 PM,7/15/2025 7:00:00 PM,SERC,WEST,EKPC,EKPC,1996.864,True
7/16/2025 12:00:00 AM,7/15/2025 8:00:00 PM,SERC,WEST,EKPC,EKPC,1917.928,True
7/16/2025 1:00:00 AM,7/15/2025 9:00:00 PM,SERC,WEST,EKPC,EKPC,1867.678,True
7/16/2025 2:00:00 AM,7/15/2025 10:00:00 PM,SERC,WEST,EKPC,EKPC,1714.820,True
7/16/2025 3:00:00 AM,7/15/2025 11:00:00 PM,SERC,WEST,EKPC,EKPC,1606.185,True
7/16/2025 4:00:00 AM,7/16/2025 12:00:00 AM,SERC,WEST,EKPC,EKPC,1443.984,True
7/16/2025 5:00:00 AM,7/16/2025 1:00:00 AM,SERC,WEST,EKPC,EKPC,1411.370,True
7/16/2025 6:00:00 AM,7/16/2025 2:00:00 AM,SERC,WEST,EKPC,EKPC,1439.569,True
7/16/2025 7:00:00 AM,7/16/2025 3:00:00 AM,SERC,WEST,EKPC,EKPC,1379.311,True
7/16/2025 8:00:00 AM,7/16/2025 4:00:00 AM,SERC,WEST,EKPC,EKPC,1331.897,True
7/16/2025 9:00:00 AM,7/16/2025 5:00:00 AM,SERC,WEST,EKPC,EKPC,1431.266,True
7/16/2025 10:00:00 AM,7/16/2025 6:00:00 AM,SERC,WEST,EKPC,EKPC,1509.920,True
7/16/2025 11:00:00 AM,7/16/2025 7:00:00 AM,SERC,WEST,EKPC,EKPC,1552.984,True
7/16/2025 12:00:00 PM,7/16/2025 8:00:00 AM,SERC,WEST,EKPC,EKPC,1594.898,True
7/16/2025 1:00:00 PM,7/16/2025 9:00:00 AM,SERC,WEST,EKPC,EKPC,1734.807,True
7/16/2025 2:00:00 PM,7/16/2025 10:00:00 AM,SERC,WEST,EKPC,EKPC,1864.058,True
7/16/2025 3:00:00 PM,7/16/2025 11:00:00 AM,SERC,WEST,EKPC,EKPC,2005.866,True
7/16/2025 4:00:00 PM,7/16/2025 12:00:00 PM,SERC,WEST,EKPC,EKPC,2148.124,True
7/16/2025 5:00:00 PM,7/16/2025 1:00:00 PM,SERC,WEST,EKPC,EKPC,2221.600,True
7/16/2025 6:00:00 PM,7/16/2025 2:00:00 PM,SERC,WEST,EKPC,EKPC,2216.353,True
7/16/2025 7:00:00 PM,7/16/2025 3:00:00 PM,SERC,WEST,EKPC,EKPC,2273.026,True
7/16/2025 8:00:00 PM,7/16/2025 4:00:00 PM,SERC,WEST,EKPC,EKPC,2244.790,True
7/16/2025 9:00:00 PM,7/16/2025 5:00:00 PM,SERC,WEST,EKPC,EKPC,2198.523,True
7/16/2025 10:00:00 PM,7/16/2025 6:00:00 PM,SERC,WEST,EKPC,EKPC,2281.811,True
7/16/2025 11:00:00 PM,7/16/2025 7:00:00 PM,SERC,WEST,EKPC,EKPC,2219.589,True
7/17/2025 12:00:00 AM,7/16/2025 8:00:00 PM,SERC,WEST,EKPC,EKPC,2221.524,True
7/17/2025 1:00:00 AM,7/16/2025 9:00:00 PM,SERC,WEST,EKPC,EKPC,2152.262,True
7/17/2025 2:00:00 AM,7/16/2025 10:00:00 PM,SERC,WEST,EKPC,EKPC,2037.621,True
7/17/2025 3:00:00 AM,7/16/2025 11:00:00 PM,SERC,WEST,EKPC,EKPC,1789.122,True
7/17/2025 4:00:00 AM,7/17/2025 12:00:00 AM,SERC,WEST,EKPC,EKPC,1724.542,True
7/17/2025 5:00:00 AM,7/17/2025 1:00:00 AM,SERC,WEST,EKPC,EKPC,1614.347,True
7/17/2025 6:00:00 AM,7/17/2025 2:00:00 AM,SERC,WEST,EKPC,EKPC,1522.836,True
7/17/2025 7:00:00 AM,7/17/2025 3:00:00 AM,SERC,WEST,EKPC,EKPC,1472.636,True
7/17/2025 8:00:00 AM,7/17/2025 4:00:00 AM,SERC,WEST,EKPC,EKPC,1487.118,True
7/17/2025 9:00:00 AM,7/17/2025 5:00:00 AM,SERC,WEST,EKPC,EKPC,1475.161,True
7/17/2025 10:00:00 AM,7/17/2025 6:00:00 AM,SERC,WEST,EKPC,EKPC,1528.846,True
7/17/2025 11:00:00 AM,7/17/2025 7:00:00 AM,SERC,WEST,EKPC,EKPC,1565.667,True
7/17/2025 12:00:00 PM,7/17/2025 8:00:00 AM,SERC,WEST,EKPC,EKPC,1604.452,True
7/17/2025 1:00:00 PM,7/17/2025 9:00:00 AM,SERC,WEST,EKPC,EKPC,1672.290,True
7/17/2025 2:00:00 PM,7/17/2025 10:00:00 AM,SERC,WEST,EKPC,EKPC,1947.567,True
7/17/2025 3:00:00 PM,7/17/2025 11:00:00 AM,SERC,WEST,EKPC,EKPC,2056.351,True
7/17/2025 4:00:00 PM,7/17/2025 12:00:00 PM,SERC,WEST,EKPC,EKPC,2216.498,True
7/17/2025 5:00:00 PM,7/17/2025 1:00:00 PM,SERC,WEST,EKPC,EKPC,2339.507,True
7/17/2025 6:00:00 PM,7/17/2025 2:00:00 PM,SERC,WEST,EKPC,EKPC,2400.196,True
7/17/2025 7:00:00 PM,7/17/2025 3:00:00 PM,SERC,WEST,EKPC,EKPC,2274.462,True
7/17/2025 8:00:00 PM,7/17/2025 4:00:00 PM,SERC,WEST,EKPC,EKPC,2160.177,True
7/17/2025 9:00:00 PM,7/17/2025 5:00:00 PM,SERC,WEST,EKPC,EKPC,2265.701,True
7/17/2025 10:00:00 PM,7/17/2025 6:00:00 PM,SERC,WEST,EKPC,EKPC,2158.980,True
7/17/2025 11:00:00 PM,7/17/2025 7:00:00 PM,SERC,WEST,EKPC,EKPC,2068.438,True
7/18/2025 12:00:00 AM,7/17/2025 8:00:00 PM,SERC,WEST,EKPC,EKPC,1975.941,True
7/18/2025 1:00:00 AM,7/17/2025 9:00:00 PM,SERC,WEST,EKPC,EKPC,1908.233,True
7/18/2025 2:00:00 AM,7/17/2025 10:00:00 PM,SERC,WEST,EKPC,EKPC,1782.445,True
7/18/2025 3:00:00 AM,7/17/2025 11:00:00 PM,SERC,WEST,EKPC,EKPC,1614.303,True
7/18/2025 4:00:00 AM,7/18/2025 12:00:00 AM,SERC,WEST,EKPC,EKPC,1481.227,True
7/18/2025 5:00:00 AM,7/18/2025 1:00:00 AM,SERC,WEST,EKPC,EKPC,1446.111,True
7/18/2025 6:00:00 AM,7/18/2025 2:00:00 AM,SERC,WEST,EKPC,EKPC,1415.367,True
7/18/2025 7:00:00 AM,7/18/2025 3:00:00 AM,SERC,WEST,EKPC,EKPC,1406.067,True
7/18/2025 8:00:00 AM,7/18/2025 4:00:00 AM,SERC,WEST,EKPC,EKPC,1392.220,True
7/18/2025 9:00:00 AM,7/18/2025 5:00:00 AM,SERC,WEST,EKPC,EKPC,1370.603,True
7/18/2025 10:00:00 AM,7/18/2025 6:00:00 AM,SERC,WEST,EKPC,EKPC,1448.414,True
7/18/2025 11:00:00 AM,7/18/2025 7:00:00 AM,SERC,WEST,EKPC,EKPC,1462.806,True
7/18/2025 12:00:00 PM,7/18/2025 8:00:00 AM,SERC,WEST,EKPC,EKPC,1429.742,True
7/18/2025 1:00:00 PM,7/18/2025 9:00:00 AM,SERC,WEST,EKPC,EKPC,1512.443,True
7/18/2025 2:00:00 PM,7/18/2025 10:00:00 AM,SERC,WEST,EKPC,EKPC,1706.078,True
7/18/2025 3:00:00 PM,7/18/2025 11:00:00 AM,SERC,WEST,EKPC,EKPC,1852.746,True
7/18/2025 4:00:00 PM,7/18/2025 12:00:00 PM,SERC,WEST,EKPC,EKPC,2000.658,True
7/18/2025 5:00:00 PM,7/18/2025 1:00:00 PM,SERC,WEST,EKPC,EKPC,2100.247,True
7/18/2025 6:00:00 PM,7/18/2025 2:00:00 PM,SERC,WEST,EKPC,EKPC,2087.335,True
7/18/2025 7:00:00 PM,7/18/2025 3:00:00 PM,SERC,WEST,EKPC,EKPC,2189.189,True
7/18/2025 8:00:00 PM,7/18/2025 4:00:00 PM,SERC,WEST,EKPC,EKPC,2213.304,True
7/18/2025 9:00:00 PM,7/18/2025 5:00:00 PM,SERC,WEST,EKPC,EKPC,2131.266,True
7/18/2025 10:00:00 PM,7/18/2025 6:00:00 PM,SERC,WEST,EKPC,EKPC,2218.962,True
7/18/2025 11:00:00 PM,7/18/2025 7:00:00 PM,SERC,WEST,EKPC,EKPC,2144.159,True
7/19/2025 12:00:00 AM,7/18/2025 8:00:00 PM,SERC,WEST,EKPC,EKPC,1971.351,True
7/19/2025 1:00:00 AM,7/18/2025 9:00:00 PM,SERC,WEST,EKPC,EKPC,1819.801,True
7/19/2025 2:00:00 AM,7/18/2025 10:00:00 PM,SERC,WEST,EKPC,EKPC,1726.509,True
7/19/2025 3:00:00 AM,7/18/2025 11:00:00 PM,SERC,WEST,EKPC,EKPC,1697.179,True
7/19/2025 4:00:00 AM,7/19/2025 12:00:00 AM,SERC,WEST,EKPC,EKPC,1581.965,True
7/19/2025 5:00:00 AM,7/19/2025 1:00:00 AM,SERC,WEST,EKPC,EKPC,1482.563,True
7/19/2025 6:00:00 AM,7/19/2025 2:00:00 AM,SERC,WEST,EKPC,EKPC,1392.854,True
7/19/2025 7:00:00 AM,7/19/2025 3:00:00 AM,SERC,WEST,EKPC,EKPC,1332.735,True
7/19/2025 8:00:00 AM,7/19/2025 4:00:00 AM,SERC,WEST,EKPC,EKPC,1333.296,True
7/19/2025 9:00:00 AM,7/19/2025 5:00:00 AM,SERC,WEST,EKPC,EKPC,1300.951,True
7/19/2025 10:00:00 AM,7/19/2025 6:00:00 AM,SERC,WEST,EKPC,EKPC,1436.494,True
7/19/2025 11:00:00 AM,7/19/2025 7:00:00 AM,SERC,WEST,EKPC,EKPC,1181.418,True
7/19/2025 12:00:00 PM,7/19/2025 8:00:00 AM,SERC,WEST,EKPC,EKPC,1505.871,True
7/19/2025 1:00:00 PM,7/19/2025 9:00:00 AM,SERC,WEST,EKPC,EKPC,1575.813,True
7/19/2025 2:00:00 PM,7/19/2025 10:00:00 AM,SERC,WEST,EKPC,EKPC,1766.513,True
7/19/2025 3:00:00 PM,7/19/2025 11:00:00 AM,SERC,WEST,EKPC,EKPC,1891.527,True
7/19/2025 4:00:00 PM,7/19/2025 12:00:00 PM,SERC,WEST,EKPC,EKPC,1906.352,True
7/19/2025 5:00:00 PM,7/19/2025 1:00:00 PM,SERC,WEST,EKPC,EKPC,2040.317,True
7/19/2025 6:00:00 PM,7/19/2025 2:00:00 PM,SERC,WEST,EKPC,EKPC,2110.024,True
7/19/2025 7:00:00 PM,7/19/2025 3:00:00 PM,SERC,WEST,EKPC,EKPC,2106.595,True
7/19/2025 8:00:00 PM,7/19/2025 4:00:00 PM,SERC,WEST,EKPC,EKPC,2208.638,True
7/19/2025 9:00:00 PM,7/19/2025 5:00:00 PM,SERC,WEST,EKPC,EKPC,2236.955,True
7/19/2025 10:00:00 PM,7/19/2025 6:00:00 PM,SERC,WEST,EKPC,EKPC,2136.491,True
7/19/2025 11:00:00 PM,7/19/2025 7:00:00 PM,SERC,WEST,EKPC,EKPC,2017.089,True
7/20/2025 12:00:00 AM,7/19/2025 8:00:00 PM,SERC,WEST,EKPC,EKPC,1955.414,True
7/20/2025 1:00:00 AM,7/19/2025 9:00:00 PM,SERC,WEST,EKPC,EKPC,1897.874,True
7/20/2025 2:00:00 AM,7/19/2025 10:00:00 PM,SERC,WEST,EKPC,EKPC,1780.739,True
7/20/2025 3:00:00 AM,7/19/2025 11:00:00 PM,SERC,WEST,EKPC,EKPC,1638.939,True
7/20/2025 4:00:00 AM,7/20/2025 12:00:00 AM,SERC,WEST,EKPC,EKPC,1507.661,True
7/20/2025 5:00:00 AM,7/20/2025 1:00:00 AM,SERC,WEST,EKPC,EKPC,1424.012,True
7/20/2025 6:00:00 AM,7/20/2025 2:00:00 AM,SERC,WEST,EKPC,EKPC,1375.406,True
7/20/2025 7:00:00 AM,7/20/2025 3:00:00 AM,SERC,WEST,EKPC,EKPC,1268.794,True
7/20/2025 8:00:00 AM,7/20/2025 4:00:00 AM,SERC,WEST,EKPC,EKPC,1252.439,True
7/20/2025 9:00:00 AM,7/20/2025 5:00:00 AM,SERC,WEST,EKPC,EKPC,1281.793,True
7/20/2025 10:00:00 AM,7/20/2025 6:00:00 AM,SERC,WEST,EKPC,EKPC,1363.573,True
7/20/2025 11:00:00 AM,7/20/2025 7:00:00 AM,SERC,WEST,EKPC,EKPC,1392.317,True
7/20/2025 12:00:00 PM,7/20/2025 8:00:00 AM,SERC,WEST,EKPC,EKPC,1540.864,True
7/20/2025 1:00:00 PM,7/20/2025 9:00:00 AM,SERC,WEST,EKPC,EKPC,1651.599,True
7/20/2025 2:00:00 PM,7/20/2025 10:00:00 AM,SERC,WEST,EKPC,EKPC,1763.510,True
7/20/2025 3:00:00 PM,7/20/2025 11:00:00 AM,SERC,WEST,EKPC,EKPC,1869.286,True
7/20/2025 4:00:00 PM,7/20/2025 12:00:00 PM,SERC,WEST,EKPC,EKPC,1997.486,True
7/20/2025 5:00:00 PM,7/20/2025 1:00:00 PM,SERC,WEST,EKPC,EKPC,2154.915,True
7/20/2025 6:00:00 PM,7/20/2025 2:00:00 PM,SERC,WEST,EKPC,EKPC,2241.369,True
7/20/2025 7:00:00 PM,7/20/2025 3:00:00 PM,SERC,WEST,EKPC,EKPC,2326.267,True
7/20/2025 8:00:00 PM,7/20/2025 4:00:00 PM,SERC,WEST,EKPC,EKPC,2312.038,True
7/20/2025 9:00:00 PM,7/20/2025 5:00:00 PM,SERC,WEST,EKPC,EKPC,2380.173,True
7/20/2025 10:00:00 PM,7/20/2025 6:00:00 PM,SERC,WEST,EKPC,EKPC,2294.489,True
7/20/2025 11:00:00 PM,7/20/2025 7:00:00 PM,SERC,WEST,EKPC,EKPC,2229.964,True
7/21/2025 12:00:00 AM,7/20/2025 8:00:00 PM,SERC,WEST,EKPC,EKPC,2209.771,True
7/21/2025 1:00:00 AM,7/20/2025 9:00:00 PM,SERC,WEST,EKPC,EKPC,2076.584,True
7/21/2025 2:00:00 AM,7/20/2025 10:00:00 PM,SERC,WEST,EKPC,EKPC,1868.134,True
7/21/2025 3:00:00 AM,7/20/2025 11:00:00 PM,SERC,WEST,EKPC,EKPC,1631.920,True
7/21/2025 4:00:00 AM,7/21/2025 12:00:00 AM,SERC,WEST,EKPC,EKPC,1523.606,True
7/21/2025 5:00:00 AM,7/21/2025 1:00:00 AM,SERC,WEST,EKPC,EKPC,1428.475,True
7/21/2025 6:00:00 AM,7/21/2025 2:00:00 AM,SERC,WEST,EKPC,EKPC,1337.006,True
7/21/2025 7:00:00 AM,7/21/2025 3:00:00 AM,SERC,WEST,EKPC,EKPC,1291.140,True
7/21/2025 8:00:00 AM,7/21/2025 4:00:00 AM,SERC,WEST,EKPC,EKPC,1288.235,True
7/21/2025 9:00:00 AM,7/21/2025 5:00:00 AM,SERC,WEST,EKPC,EKPC,1474.090,True
7/21/2025 10:00:00 AM,7/21/2025 6:00:00 AM,SERC,WEST,EKPC,EKPC,1525.735,True
7/21/2025 11:00:00 AM,7/21/2025 7:00:00 AM,SERC,WEST,EKPC,EKPC,1598.271,True
7/21/2025 12:00:00 PM,7/21/2025 8:00:00 AM,SERC,WEST,EKPC,EKPC,1568.429,True
7/21/2025 1:00:00 PM,7/21/2025 9:00:00 AM,SERC,WEST,EKPC,EKPC,1591.485,True
7/21/2025 2:00:00 PM,7/21/2025 10:00:00 AM,SERC,WEST,EKPC,EKPC,1695.134,True
7/21/2025 3:00:00 PM,7/21/2025 11:00:00 AM,SERC,WEST,EKPC,EKPC,1821.591,True
7/21/2025 4:00:00 PM,7/21/2025 12:00:00 PM,SERC,WEST,EKPC,EKPC,1982.348,True
7/21/2025 5:00:00 PM,7/21/2025 1:00:00 PM,SERC,WEST,EKPC,EKPC,2113.635,True
7/21/2025 6:00:00 PM,7/21/2025 2:00:00 PM,SERC,WEST,EKPC,EKPC,2174.321,True
7/21/2025 7:00:00 PM,7/21/2025 3:00:00 PM,SERC,WEST,EKPC,EKPC,2194.246,True
7/21/2025 8:00:00 PM,7/21/2025 4:00:00 PM,SERC,WEST,EKPC,EKPC,2205.427,True
7/21/2025 9:00:00 PM,7/21/2025 5:00:00 PM,SERC,WEST,EKPC,EKPC,2261.799,True
7/21/2025 10:00:00 PM,7/21/2025 6:00:00 PM,SERC,WEST,EKPC,EKPC,2256.055,True
7/21/2025 11:00:00 PM,7/21/2025 7:00:00 PM,SERC,WEST,EKPC,EKPC,2137.191,True
7/22/2025 12:00:00 AM,7/21/2025 8:00:00 PM,SERC,WEST,EKPC,EKPC,2100.614,True
7/22/2025 1:00:00 AM,7/21/2025 9:00:00 PM,SERC,WEST,EKPC,EKPC,1976.181,True
7/22/2025 2:00:00 AM,7/21/2025 10:00:00 PM,SERC,WEST,EKPC,EKPC,1881.439,True
7/22/2025 3:00:00 AM,7/21/2025 11:00:00 PM,SERC,WEST,EKPC,EKPC,1675.639,True
7/22/2025 4:00:00 AM,7/22/2025 12:00:00 AM,SERC,WEST,EKPC,EKPC,1570.051,True
7/22/2025 5:00:00 AM,7/22/2025 1:00:00 AM,SERC,WEST,EKPC,EKPC,1347.157,True
7/22/2025 6:00:00 AM,7/22/2025 2:00:00 AM,SERC,WEST,EKPC,EKPC,1257.531,True
7/22/2025 7:00:00 AM,7/22/2025 3:00:00 AM,SERC,WEST,EKPC,EKPC,1302.805,True
7/22/2025 8:00:00 AM,7/22/2025 4:00:00 AM,SERC,WEST,EKPC,EKPC,1346.557,True
7/22/2025 9:00:00 AM,7/22/2025 5:00:00 AM,SERC,WEST,EKPC,EKPC,1401.589,True
7/22/2025 10:00:00 AM,7/22/2025 6:00:00 AM,SERC,WEST,EKPC,EKPC,1467.948,True
7/22/2025 11:00:00 AM,7/22/2025 7:00:00 AM,SERC,WEST,EKPC,EKPC,1391.773,True
7/22/2025 12:00:00 PM,7/22/2025 8:00:00 AM,SERC,WEST,EKPC,EKPC,1502.953,True
7/22/2025 1:00:00 PM,7/22/2025 9:00:00 AM,SERC,WEST,EKPC,EKPC,1523.159,True
7/22/2025 2:00:00 PM,7/22/2025 10:00:00 AM,SERC,WEST,EKPC,EKPC,1714.373,True
7/22/2025 3:00:00 PM,7/22/2025 11:00:00 AM,SERC,WEST,EKPC,EKPC,1871.990,True
7/22/2025 4:00:00 PM,7/22/2025 12:00:00 PM,SERC,WEST,EKPC,EKPC,1984.015,True
7/22/2025 5:00:00 PM,7/22/2025 1:00:00 PM,SERC,WEST,EKPC,EKPC,2008.240,True
7/22/2025 6:00:00 PM,7/22/2025 2:00:00 PM,SERC,WEST,EKPC,EKPC,2202.207,True
7/22/2025 7:00:00 PM,7/22/2025 3:00:00 PM,SERC,WEST,EKPC,EKPC,2245.673,True
7/22/2025 8:00:00 PM,7/22/2025 4:00:00 PM,SERC,WEST,EKPC,EKPC,2346.346,True
7/22/2025 9:00:00 PM,7/22/2025 5:00:00 PM,SERC,WEST,EKPC,EKPC,2360.142,True
7/22/2025 10:00:00 PM,7/22/2025 6:00:00 PM,SERC,WEST,EKPC,EKPC,2382.003,True
7/22/2025 11:00:00 PM,7/22/2025 7:00:00 PM,SERC,WEST,EKPC,EKPC,2294.687,True
7/23/2025 12:00:00 AM,7/22/2025 8:00:00 PM,SERC,WEST,EKPC,EKPC,2193.683,True
7/23/2025 1:00:00 AM,7/22/2025 9:00:00 PM,SERC,WEST,EKPC,EKPC,2113.365,True
7/23/2025 2:00:00 AM,7/22/2025 10:00:00 PM,SERC,WEST,EKPC,EKPC,1893.540,True
7/23/2025 3:00:00 AM,7/22/2025 11:00:00 PM,SERC,WEST,EKPC,EKPC,1705.388,True
7/23/2025 4:00:00 AM,7/23/2025 12:00:00 AM,SERC,WEST,EKPC,EKPC,1513.383,True
7/23/2025 5:00:00 AM,7/23/2025 1:00:00 AM,SERC,WEST,EKPC,EKPC,1421.397,True
7/23/2025 6:00:00 AM,7/23/2025 2:00:00 AM,SERC,WEST,EKPC,EKPC,1337.370,True
7/23/2025 7:00:00 AM,7/23/2025 3:00:00 AM,SERC,WEST,EKPC,EKPC,1269.715,True
7/23/2025 8:00:00 AM,7/23/2025 4:00:00 AM,SERC,WEST,EKPC,EKPC,1197.120,True
7/23/2025 9:00:00 AM,7/23/2025 5:00:00 AM,SERC,WEST,EKPC,EKPC,1205.715,True
7/23/2025 10:00:00 AM,7/23/2025 6:00:00 AM,SERC,WEST,EKPC,EKPC,1258.398,True
7/23/2025 11:00:00 AM,7/23/2025 7:00:00 AM,SERC,WEST,EKPC,EKPC,1302.395,True
7/23/2025 12:00:00 PM,7/23/2025 8:00:00 AM,SERC,WEST,EKPC,EKPC,1405.025,True
7/23/2025 1:00:00 PM,7/23/2025 9:00:00 AM,SERC,WEST,EKPC,EKPC,1521.806,True
7/23/2025 2:00:00 PM,7/23/2025 10:00:00 AM,SERC,WEST,EKPC,EKPC,1680.801,True
7/23/2025 3:00:00 PM,7/23/2025 11:00:00 AM,SERC,WEST,EKPC,EKPC,1844.904,True
7/23/2025 4:00:00 PM,7/23/2025 12:00:00 PM,SERC,WEST,EKPC,EKPC,1987.973,True
7/23/2025 5:00:00 PM,7/23/2025 1:00:00 PM,SERC,WEST,EKPC,EKPC,2114.663,True
7/23/2025 6:00:00 PM,7/23/2025 2:00:00 PM,SERC,WEST,EKPC,EKPC,2204.125,True
7/23/2025 7:00:00 PM,7/23/2025 3:00:00 PM,SERC,WEST,EKPC,EKPC,2287.204,True
7/23/2025 8:00:00 PM,7/23/2025 4:00:00 PM,SERC,WEST,EKPC,EKPC,2330.977,True
7/23/2025 9:00:00 PM,7/23/2025 5:00:00 PM,SERC,WEST,EKPC,EKPC,2353.400,True
7/23/2025 10:00:00 PM,7/23/2025 6:00:00 PM,SERC,WEST,EKPC,EKPC,2429.578,True
7/23/2025 11:00:00 PM,7/23/2025 7:00:00 PM,SERC,WEST,EKPC,EKPC,2367.136,True
7/24/2025 12:00:00 AM,7/23/2025 8:00:00 PM,SERC,WEST,EKPC,EKPC,2295.027,True
7/24/2025 1:00:00 AM,7/23/2025 9:00:00 PM,SERC,WEST,EKPC,EKPC,2186.260,True
7/24/2025 2:00:00 AM,7/23/2025 10:00:00 PM,SERC,WEST,EKPC,EKPC,2064.330,True
7/24/2025 3:00:00 AM,7/23/2025 11:00:00 PM,SERC,WEST,EKPC,EKPC,1838.425,True
7/24/2025 4:00:00 AM,7/24/2025 12:00:00 AM,SERC,WEST,EKPC,EKPC,1672.034,True
7/24/2025 5:00:00 AM,7/24/2025 1:00:00 AM,SERC,WEST,EKPC,EKPC,1525.665,True
7/24/2025 6:00:00 AM,7/24/2025 2:00:00 AM,SERC,WEST,EKPC,EKPC,1576.312,True
7/24/2025 7:00:00 AM,7/24/2025 3:00:00 AM,SERC,WEST,EKPC,EKPC,1531.020,True
7/24/2025 8:00:00 AM,7/24/2025 4:00:00 AM,SERC,WEST,EKPC,EKPC,1494.280,True
7/24/2025 9:00:00 AM,7/24/2025 5:00:00 AM,SERC,WEST,EKPC,EKPC,1554.010,True
7/24/2025 10:00:00 AM,7/24/2025 6:00:00 AM,SERC,WEST,EKPC,EKPC,1567.188,True
7/24/2025 11:00:00 AM,7/24/2025 7:00:00 AM,SERC,WEST,EKPC,EKPC,1649.968,True
7/24/2025 12:00:00 PM,7/24/2025 8:00:00 AM,SERC,WEST,EKPC,EKPC,1730.687,True
7/24/2025 1:00:00 PM,7/24/2025 9:00:00 AM,SERC,WEST,EKPC,EKPC,1885.409,True
7/24/2025 2:00:00 PM,7/24/2025 10:00:00 AM,SERC,WEST,EKPC,EKPC,2039.861,True
7/24/2025 3:00:00 PM,7/24/2025 11:00:00 AM,SERC,WEST,EKPC,EKPC,2054.503,True
7/24/2025 4:00:00 PM,7/24/2025 12:00:00 PM,SERC,WEST,EKPC,EKPC,2155.109,True
7/24/2025 5:00:00 PM,7/24/2025 1:00:00 PM,SERC,WEST,EKPC,EKPC,2408.510,True
7/24/2025 6:00:00 PM,7/24/2025 2:00:00 PM,SERC,WEST,EKPC,EKPC,2463.351,True
7/24/2025 7:00:00 PM,7/24/2025 3:00:00 PM,SERC,WEST,EKPC,EKPC,2525.114,True
7/24/2025 8:00:00 PM,7/24/2025 4:00:00 PM,SERC,WEST,EKPC,EKPC,2570.649,True
7/24/2025 9:00:00 PM,7/24/2025 5:00:00 PM,SERC,WEST,EKPC,EKPC,2535.875,True
7/24/2025 10:00:00 PM,7/24/2025 6:00:00 PM,SERC,WEST,EKPC,EKPC,2584.550,True
7/24/2025 11:00:00 PM,7/24/2025 7:00:00 PM,SERC,WEST,EKPC,EKPC,2472.365,True
7/25/2025 12:00:00 AM,7/24/2025 8:00:00 PM,SERC,WEST,EKPC,EKPC,2433.169,True
7/25/2025 1:00:00 AM,7/24/2025 9:00:00 PM,SERC,WEST,EKPC,EKPC,2360.071,True
7/25/2025 2:00:00 AM,7/24/2025 10:00:00 PM,SERC,WEST,EKPC,EKPC,2163.656,True
7/25/2025 3:00:00 AM,7/24/2025 11:00:00 PM,SERC,WEST,EKPC,EKPC,1973.116,True
7/25/2025 4:00:00 AM,7/25/2025 12:00:00 AM,SERC,WEST,EKPC,EKPC,1811.291,True
7/25/2025 5:00:00 AM,7/25/2025 1:00:00 AM,SERC,WEST,EKPC,EKPC,1678.079,True
7/25/2025 6:00:00 AM,7/25/2025 2:00:00 AM,SERC,WEST,EKPC,EKPC,1569.138,True
7/25/2025 7:00:00 AM,7/25/2025 3:00:00 AM,SERC,WEST,EKPC,EKPC,1507.582,True
7/25/2025 8:00:00 AM,7/25/2025 4:00:00 AM,SERC,WEST,EKPC,EKPC,1444.218,True
7/25/2025 9:00:00 AM,7/25/2025 5:00:00 AM,SERC,WEST,EKPC,EKPC,1489.806,True
7/25/2025 10:00:00 AM,7/25/2025 6:00:00 AM,SERC,WEST,EKPC,EKPC,1481.504,True
7/25/2025 11:00:00 AM,7/25/2025 7:00:00 AM,SERC,WEST,EKPC,EKPC,1545.934,True
7/25/2025 12:00:00 PM,7/25/2025 8:00:00 AM,SERC,WEST,EKPC,EKPC,1672.907,True
7/25/2025 1:00:00 PM,7/25/2025 9:00:00 AM,SERC,WEST,EKPC,EKPC,1821.681,True
7/25/2025 2:00:00 PM,7/25/2025 10:00:00 AM,SERC,WEST,EKPC,EKPC,1901.973,True
7/25/2025 3:00:00 PM,7/25/2025 11:00:00 AM,SERC,WEST,EKPC,EKPC,2052.599,True
7/25/2025 4:00:00 PM,7/25/2025 12:00:00 PM,SERC,WEST,EKPC,EKPC,2152.338,True
7/25/2025 5:00:00 PM,7/25/2025 1:00:00 PM,SERC,WEST,EKPC,EKPC,2252.824,True
7/25/2025 6:00:00 PM,7/25/2025 2:00:00 PM,SERC,WEST,EKPC,EKPC,2292.923,True
7/25/2025 7:00:00 PM,7/25/2025 3:00:00 PM,SERC,WEST,EKPC,EKPC,2447.715,True
7/25/2025 8:00:00 PM,7/25/2025 4:00:00 PM,SERC,WEST,EKPC,EKPC,2567.549,True
7/25/2025 9:00:00 PM,7/25/2025 5:00:00 PM,SERC,WEST,EKPC,EKPC,2604.273,True
7/25/2025 10:00:00 PM,7/25/2025 6:00:00 PM,SERC,WEST,EKPC,EKPC,2585.515,True
7/25/2025 11:00:00 PM,7/25/2025 7:00:00 PM,SERC,WEST,EKPC,EKPC,2518.640,True
7/26/2025 12:00:00 AM,7/25/2025 8:00:00 PM,SERC,WEST,EKPC,EKPC,2398.156,True
7/26/2025 1:00:00 AM,7/25/2025 9:00:00 PM,SERC,WEST,EKPC,EKPC,2315.026,True
7/26/2025 2:00:00 AM,7/25/2025 10:00:00 PM,SERC,WEST,EKPC,EKPC,2194.170,True
7/26/2025 3:00:00 AM,7/25/2025 11:00:00 PM,SERC,WEST,EKPC,EKPC,1914.250,True
7/26/2025 4:00:00 AM,7/26/2025 12:00:00 AM,SERC,WEST,EKPC,EKPC,1662.333,True
7/26/2025 5:00:00 AM,7/26/2025 1:00:00 AM,SERC,WEST,EKPC,EKPC,1588.429,True
7/26/2025 6:00:00 AM,7/26/2025 2:00:00 AM,SERC,WEST,EKPC,EKPC,1645.596,True
7/26/2025 7:00:00 AM,7/26/2025 3:00:00 AM,SERC,WEST,EKPC,EKPC,1557.634,True
7/26/2025 8:00:00 AM,7/26/2025 4:00:00 AM,SERC,WEST,EKPC,EKPC,1496.421,True
7/26/2025 9:00:00 AM,7/26/2025 5:00:00 AM,SERC,WEST,EKPC,EKPC,1489.355,True
7/26/2025 10:00:00 AM,7/26/2025 6:00:00 AM,SERC,WEST,EKPC,EKPC,1513.090,True
7/26/2025 11:00:00 AM,7/26/2025 7:00:00 AM,SERC,WEST,EKPC,EKPC,1496.597,True
7/26/2025 12:00:00 PM,7/26/2025 8:00:00 AM,SERC,WEST,EKPC,EKPC,1656.228,True
7/26/2025 1:00:00 PM,7/26/2025 9:00:00 AM,SERC,WEST,EKPC,EKPC,1862.035,True
7/26/2025 2:00:00 PM,7/26/2025 10:00:00 AM,SERC,WEST,EKPC,EKPC,2014.732,True
7/26/2025 3:00:00 PM,7/26/2025 11:00:00 AM,SERC,WEST,EKPC,EKPC,2204.792,True
7/26/2025 4:00:00 PM,7/26/2025 12:00:00 PM,SERC,WEST,EKPC,EKPC,2281.692,True
7/26/2025 5:00:00 PM,7/26/2025 1:00:00 PM,SERC,WEST,EKPC,EKPC,2385.284,True
7/26/2025 6:00:00 PM,7/26/2025 2:00:00 PM,SERC,WEST,EKPC,EKPC,2418.013,True
7/26/2025 7:00:00 PM,7/26/2025 3:00:00 PM,SERC,WEST,EKPC,EKPC,2448.192,True
7/26/2025 8:00:00 PM,7/26/2025 4:00:00 PM,SERC,WEST,EKPC,EKPC,2400.485,True
7/26/2025 9:00:00 PM,7/26/2025 5:00:00 PM,SERC,WEST,EKPC,EKPC,2466.103,True
7/26/2025 10:00:00 PM,7/26/2025 6:00:00 PM,SERC,WEST,EKPC,EKPC,2477.694,True
7/26/2025 11:00:00 PM,7/26/2025 7:00:00 PM,SERC,WEST,EKPC,EKPC,2393.274,True
7/27/2025 12:00:00 AM,7/26/2025 8:00:00 PM,SERC,WEST,EKPC,EKPC,2264.185,True
7/27/2025 1:00:00 AM,7/26/2025 9:00:00 PM,SERC,WEST,EKPC,EKPC,2297.741,True
7/27/2025 2:00:00 AM,7/26/2025 10:00:00 PM,SERC,WEST,EKPC,EKPC,2127.562,True
7/27/2025 3:00:00 AM,7/26/2025 11:00:00 PM,SERC,WEST,EKPC,EKPC,1981.830,True
7/27/2025 4:00:00 AM,7/27/2025 12:00:00 AM,SERC,WEST,EKPC,EKPC,1821.156,True
7/27/2025 5:00:00 AM,7/27/2025 1:00:00 AM,SERC,WEST,EKPC,EKPC,1716.445,True
7/27/2025 6:00:00 AM,7/27/2025 2:00:00 AM,SERC,WEST,EKPC,EKPC,1602.749,True
7/27/2025 7:00:00 AM,7/27/2025 3:00:00 AM,SERC,WEST,EKPC,EKPC,1381.730,True
7/27/2025 8:00:00 AM,7/27/2025 4:00:00 AM,SERC,WEST,EKPC,EKPC,1330.514,True
7/27/2025 9:00:00 AM,7/27/2025 5:00:00 AM,SERC,WEST,EKPC,EKPC,1474.314,True
7/27/2025 10:00:00 AM,7/27/2025 6:00:00 AM,SERC,WEST,EKPC,EKPC,1467.719,True
7/27/2025 11:00:00 AM,7/27/2025 7:00:00 AM,SERC,WEST,EKPC,EKPC,1485.797,True
7/27/2025 12:00:00 PM,7/27/2025 8:00:00 AM,SERC,WEST,EKPC,EKPC,1696.146,True
7/27/2025 1:00:00 PM,7/27/2025 9:00:00 AM,SERC,WEST,EKPC,EKPC,1824.423,True
7/27/2025 2:00:00 PM,7/27/2025 10:00:00 AM,SERC,WEST,EKPC,EKPC,2016.712,True
7/27/2025 3:00:00 PM,7/27/2025 11:00:00 AM,SERC,WEST,EKPC,EKPC,2137.796,True
7/27/2025 4:00:00 PM,7/27/2025 12:00:00 PM,SERC,WEST,EKPC,EKPC,2269.473,True
7/27/2025 5:00:00 PM,7/27/2025 1:00:00 PM,SERC,WEST,EKPC,EKPC,2305.253,True
7/27/2025 6:00:00 PM,7/27/2025 2:00:00 PM,SERC,WEST,EKPC,EKPC,2310.539,True
7/27/2025 7:00:00 PM,7/27/2025 3:00:00 PM,SERC,WEST,EKPC,EKPC,2316.754,True
7/27/2025 8:00:00 PM,7/27/2025 4:00:00 PM,SERC,WEST,EKPC,EKPC,2324.261,True
7/27/2025 9:00:00 PM,7/27/2025 5:00:00 PM,SERC,WEST,EKPC,EKPC,2439.454,True
7/27/2025 10:00:00 PM,7/27/2025 6:00:00 PM,SERC,WEST,EKPC,EKPC,2415.204,True
7/27/2025 11:00:00 PM,7/27/2025 7:00:00 PM,SERC,WEST,EKPC,EKPC,2339.357,True
7/28/2025 12:00:00 AM,7/27/2025 8:00:00 PM,SERC,WEST,EKPC,EKPC,2253.923,True
7/28/2025 1:00:00 AM,7/27/2025 9:00:00 PM,SERC,WEST,EKPC,EKPC,2155.324,True
7/28/2025 2:00:00 AM,7/27/2025 10:00:00 PM,SERC,WEST,EKPC,EKPC,2048.241,True
7/28/2025 3:00:00 AM,7/27/2025 11:00:00 PM,SERC,WEST,EKPC,EKPC,1907.628,True
7/28/2025 4:00:00 AM,7/28/2025 12:00:00 AM,SERC,WEST,EKPC,EKPC,1759.604,True
7/28/2025 5:00:00 AM,7/28/2025 1:00:00 AM,SERC,WEST,EKPC,EKPC,1652.005,True
7/28/2025 6:00:00 AM,7/28/2025 2:00:00 AM,SERC,WEST,EKPC,EKPC,1523.486,True
7/28/2025 7:00:00 AM,7/28/2025 3:00:00 AM,SERC,WEST,EKPC,EKPC,1445.946,True
7/28/2025 8:00:00 AM,7/28/2025 4:00:00 AM,SERC,WEST,EKPC,EKPC,1441.020,True
7/28/2025 9:00:00 AM,7/28/2025 5:00:00 AM,SERC,WEST,EKPC,EKPC,1450.075,True
7/28/2025 10:00:00 AM,7/28/2025 6:00:00 AM,SERC,WEST,EKPC,EKPC,1521.962,True
7/28/2025 11:00:00 AM,7/28/2025 7:00:00 AM,SERC,WEST,EKPC,EKPC,1615.310,True
7/28/2025 12:00:00 PM,7/28/2025 8:00:00 AM,SERC,WEST,EKPC,EKPC,1721.017,True
7/28/2025 1:00:00 PM,7/28/2025 9:00:00 AM,SERC,WEST,EKPC,EKPC,1714.834,True
7/28/2025 2:00:00 PM,7/28/2025 10:00:00 AM,SERC,WEST,EKPC,EKPC,1887.422,True
7/28/2025 3:00:00 PM,7/28/2025 11:00:00 AM,SERC,WEST,EKPC,EKPC,2074.304,True
7/28/2025 4:00:00 PM,7/28/2025 12:00:00 PM,SERC,WEST,EKPC,EKPC,2288.254,True
7/28/2025 5:00:00 PM,7/28/2025 1:00:00 PM,SERC,WEST,EKPC,EKPC,2411.819,True
7/28/2025 6:00:00 PM,7/28/2025 2:00:00 PM,SERC,WEST,EKPC,EKPC,2459.487,True
7/28/2025 7:00:00 PM,7/28/2025 3:00:00 PM,SERC,WEST,EKPC,EKPC,2546.915,True
7/28/2025 8:00:00 PM,7/28/2025 4:00:00 PM,SERC,WEST,EKPC,EKPC,2589.946,True
7/28/2025 9:00:00 PM,7/28/2025 5:00:00 PM,SERC,WEST,EKPC,EKPC,2624.845,True
7/28/2025 10:00:00 PM,7/28/2025 6:00:00 PM,SERC,WEST,EKPC,EKPC,2633.398,True
7/28/2025 11:00:00 PM,7/28/2025 7:00:00 PM,SERC,WEST,EKPC,EKPC,2515.747,True
7/29/2025 12:00:00 AM,7/28/2025 8:00:00 PM,SERC,WEST,EKPC,EKPC,2396.708,True
7/29/2025 1:00:00 AM,7/28/2025 9:00:00 PM,SERC,WEST,EKPC,EKPC,2283.615,True
7/29/2025 2:00:00 AM,7/28/2025 10:00:00 PM,SERC,WEST,EKPC,EKPC,2071.634,True
7/29/2025 3:00:00 AM,7/28/2025 11:00:00 PM,SERC,WEST,EKPC,EKPC,1895.407,True
7/29/2025 4:00:00 AM,7/29/2025 12:00:00 AM,SERC,WEST,EKPC,EKPC,1743.023,True
7/29/2025 5:00:00 AM,7/29/2025 1:00:00 AM,SERC,WEST,EKPC,EKPC,1573.865,True
7/29/2025 6:00:00 AM,7/29/2025 2:00:00 AM,SERC,WEST,EKPC,EKPC,1535.556,True
7/29/2025 7:00:00 AM,7/29/2025 3:00:00 AM,SERC,WEST,EKPC,EKPC,1494.790,True
7/29/2025 8:00:00 AM,7/29/2025 4:00:00 AM,SERC,WEST,EKPC,EKPC,1424.957,True
7/29/2025 9:00:00 AM,7/29/2025 5:00:00 AM,SERC,WEST,EKPC,EKPC,1520.647,True
7/29/2025 10:00:00 AM,7/29/2025 6:00:00 AM,SERC,WEST,EKPC,EKPC,1389.790,True
7/29/2025 11:00:00 AM,7/29/2025 7:00:00 AM,SERC,WEST,EKPC,EKPC,1430.004,True
7/29/2025 12:00:00 PM,7/29/2025 8:00:00 AM,SERC,WEST,EKPC,EKPC,1532.489,True
7/29/2025 1:00:00 PM,7/29/2025 9:00:00 AM,SERC,WEST,EKPC,EKPC,1788.062,True
7/29/2025 2:00:00 PM,7/29/2025 10:00:00 AM,SERC,WEST,EKPC,EKPC,1929.770,True
7/29/2025 3:00:00 PM,7/29/2025 11:00:00 AM,SERC,WEST,EKPC,EKPC,1908.830,True
7/29/2025 4:00:00 PM,7/29/2025 12:00:00 PM,SERC,WEST,EKPC,EKPC,2068.559,True
7/29/2025 5:00:00 PM,7/29/2025 1:00:00 PM,SERC,WEST,EKPC,EKPC,2197.778,True
7/29/2025 6:00:00 PM,7/29/2025 2:00:00 PM,SERC,WEST,EKPC,EKPC,2164.758,True
7/29/2025 7:00:00 PM,7/29/2025 3:00:00 PM,SERC,WEST,EKPC,EKPC,2168.416,True
7/29/2025 8:00:00 PM,7/29/2025 4:00:00 PM,SERC,WEST,EKPC,EKPC,2210.193,True
7/29/2025 9:00:00 PM,7/29/2025 5:00:00 PM,SERC,WEST,EKPC,EKPC,2292.938,True
7/29/2025 10:00:00 PM,7/29/2025 6:00:00 PM,SERC,WEST,EKPC,EKPC,2298.352,True
7/29/2025 11:00:00 PM,7/29/2025 7:00:00 PM,SERC,WEST,EKPC,EKPC,2250.951,True
7/30/2025 12:00:00 AM,7/29/2025 8:00:00 PM,SERC,WEST,EKPC,EKPC,2132.962,True
7/30/2025 1:00:00 AM,7/29/2025 9:00:00 PM,SERC,WEST,EKPC,EKPC,2055.387,True
7/30/2025 2:00:00 AM,7/29/2025 10:00:00 PM,SERC,WEST,EKPC,EKPC,1902.924,True
7/30/2025 3:00:00 AM,7/29/2025 11:00:00 PM,SERC,WEST,EKPC,EKPC,1722.722,True
7/30/2025 4:00:00 AM,7/30/2025 12:00:00 AM,SERC,WEST,EKPC,EKPC,1610.484,True
7/30/2025 5:00:00 AM,7/30/2025 1:00:00 AM,SERC,WEST,EKPC,EKPC,1532.640,True
7/30/2025 6:00:00 AM,7/30/2025 2:00:00 AM,SERC,WEST,EKPC,EKPC,1447.829,True
7/30/2025 7:00:00 AM,7/30/2025 3:00:00 AM,SERC,WEST,EKPC,EKPC,1384.242,True
7/30/2025 8:00:00 AM,7/30/2025 4:00:00 AM,SERC,WEST,EKPC,EKPC,1293.681,True
7/30/2025 9:00:00 AM,7/30/2025 5:00:00 AM,SERC,WEST,EKPC,EKPC,1483.386,True
7/30/2025 10:00:00 AM,7/30/2025 6:00:00 AM,SERC,WEST,EKPC,EKPC,1553.378,True
7/30/2025 11:00:00 AM,7/30/2025 7:00:00 AM,SERC,WEST,EKPC,EKPC,1601.303,True
7/30/2025 12:00:00 PM,7/30/2025 8:00:00 AM,SERC,WEST,EKPC,EKPC,1652.251,True
7/30/2025 1:00:00 PM,7/30/2025 9:00:00 AM,SERC,WEST,EKPC,EKPC,1770.062,True
7/30/2025 2:00:00 PM,7/30/2025 10:00:00 AM,SERC,WEST,EKPC,EKPC,1835.491,True
7/30/2025 3:00:00 PM,7/30/2025 11:00:00 AM,SERC,WEST,EKPC,EKPC,1992.325,True
7/30/2025 4:00:00 PM,7/30/2025 12:00:00 PM,SERC,WEST,EKPC,EKPC,2091.000,True
7/30/2025 5:00:00 PM,7/30/2025 1:00:00 PM,SERC,WEST,EKPC,EKPC,2200.665,True
7/30/2025 6:00:00 PM,7/30/2025 2:00:00 PM,SERC,WEST,EKPC,EKPC,2279.695,True
7/30/2025 7:00:00 PM,7/30/2025 3:00:00 PM,SERC,WEST,EKPC,EKPC,2333.474,True
7/30/2025 8:00:00 PM,7/30/2025 4:00:00 PM,SERC,WEST,EKPC,EKPC,2383.932,True
7/30/2025 9:00:00 PM,7/30/2025 5:00:00 PM,SERC,WEST,EKPC,EKPC,2447.814,True
7/30/2025 10:00:00 PM,7/30/2025 6:00:00 PM,SERC,WEST,EKPC,EKPC,2505.445,True
7/30/2025 11:00:00 PM,7/30/2025 7:00:00 PM,SERC,WEST,EKPC,EKPC,2489.144,True
7/31/2025 12:00:00 AM,7/30/2025 8:00:00 PM,SERC,WEST,EKPC,EKPC,2270.125,True
7/31/2025 1:00:00 AM,7/30/2025 9:00:00 PM,SERC,WEST,EKPC,EKPC,2148.371,True
7/31/2025 2:00:00 AM,7/30/2025 10:00:00 PM,SERC,WEST,EKPC,EKPC,2058.046,True
7/31/2025 3:00:00 AM,7/30/2025 11:00:00 PM,SERC,WEST,EKPC,EKPC,1771.460,True
7/31/2025 4:00:00 AM,7/31/2025 12:00:00 AM,SERC,WEST,EKPC,EKPC,1748.020,True
7/31/2025 5:00:00 AM,7/31/2025 1:00:00 AM,SERC,WEST,EKPC,EKPC,1611.730,True
7/31/2025 6:00:00 AM,7/31/2025 2:00:00 AM,SERC,WEST,EKPC,EKPC,1558.853,True
7/31/2025 7:00:00 AM,7/31/2025 3:00:00 AM,SERC,WEST,EKPC,EKPC,1508.886,True
7/31/2025 8:00:00 AM,7/31/2025 4:00:00 AM,SERC,WEST,EKPC,EKPC,1472.486,True
7/31/2025 9:00:00 AM,7/31/2025 5:00:00 AM,SERC,WEST,EKPC,EKPC,1383.743,True
7/31/2025 10:00:00 AM,7/31/2025 6:00:00 AM,SERC,WEST,EKPC,EKPC,1451.202,True
7/31/2025 11:00:00 AM,7/31/2025 7:00:00 AM,SERC,WEST,EKPC,EKPC,1603.042,True
7/31/2025 12:00:00 PM,7/31/2025 8:00:00 AM,SERC,WEST,EKPC,EKPC,1692.118,True
7/31/2025 1:00:00 PM,7/31/2025 9:00:00 AM,SERC,WEST,EKPC,EKPC,1846.456,True
7/31/2025 2:00:00 PM,7/31/2025 10:00:00 AM,SERC,WEST,EKPC,EKPC,2015.318,True
7/31/2025 3:00:00 PM,7/31/2025 11:00:00 AM,SERC,WEST,EKPC,EKPC,2130.785,True
7/31/2025 4:00:00 PM,7/31/2025 12:00:00 PM,SERC,WEST,EKPC,EKPC,2293.940,True
7/31/2025 5:00:00 PM,7/31/2025 1:00:00 PM,SERC,WEST,EKPC,EKPC,2313.872,True
7/31/2025 6:00:00 PM,7/31/2025 2:00:00 PM,SERC,WEST,EKPC,EKPC,2372.343,True
7/31/2025 7:00:00 PM,7/31/2025 3:00:00 PM,SERC,WEST,EKPC,EKPC,2357.286,True
7/31/2025 8:00:00 PM,7/31/2025 4:00:00 PM,SERC,WEST,EKPC,EKPC,2324.844,True
7/31/2025 9:00:00 PM,7/31/2025 5:00:00 PM,SERC,WEST,EKPC,EKPC,2286.380,True
7/31/2025 10:00:00 PM,7/31/2025 6:00:00 PM,SERC,WEST,EKPC,EKPC,2164.963,True
7/31/2025 11:00:00 PM,7/31/2025 7:00:00 PM,SERC,WEST,EKPC,EKPC,2132.587,True
8/1/2025 12:00:00 AM,7/31/2025 8:00:00 PM,SERC,WEST,EKPC,EKPC,2079.051,True
8/1/2025 1:00:00 AM,7/31/2025 9:00:00 PM,SERC,WEST,EKPC,EKPC,2021.210,True
8/1/2025 2:00:00 AM,7/31/2025 10:00:00 PM,SERC,WEST,EKPC,EKPC,1885.531,True
8/1/2025 3:00:00 AM,7/31/2025 11:00:00 PM,SERC,WEST,EKPC,EKPC,1731.362,True
8/1/2025 4:00:00 AM,8/1/2025 12:00:00 AM,SERC,WEST,EKPC,EKPC,1620.828,True
8/1/2025 5:00:00 AM,8/1/2025 1:00:00 AM,SERC,WEST,EKPC,EKPC,1487.757,True
8/1/2025 6:00:00 AM,8/1/2025 2:00:00 AM,SERC,WEST,EKPC,EKPC,1425.141,True
8/1/2025 7:00:00 AM,8/1/2025 3:00:00 AM,SERC,WEST,EKPC,EKPC,1243.322,True
8/1/2025 8:00:00 AM,8/1/2025 4:00:00 AM,SERC,WEST,EKPC,EKPC,1199.356,True
8/1/2025 9:00:00 AM,8/1/2025 5:00:00 AM,SERC,WEST,EKPC,EKPC,1223.878,True
8/1/2025 10:00:00 AM,8/1/2025 6:00:00 AM,SERC,WEST,EKPC,EKPC,1276.200,True
8/1/2025 11:00:00 AM,8/1/2025 7:00:00 AM,SERC,WEST,EKPC,EKPC,1316.776,True
8/1/2025 12:00:00 PM,8/1/2025 8:00:00 AM,SERC,WEST,EKPC,EKPC,1338.919,True
8/1/2025 1:00:00 PM,8/1/2025 9:00:00 AM,SERC,WEST,EKPC,EKPC,1392.082,True
8/1/2025 2:00:00 PM,8/1/2025 10:00:00 AM,SERC,WEST,EKPC,EKPC,1465.305,True
8/1/2025 3:00:00 PM,8/1/2025 11:00:00 AM,SERC,WEST,EKPC,EKPC,1594.352,True
8/1/2025 4:00:00 PM,8/1/2025 12:00:00 PM,SERC,WEST,EKPC,EKPC,1672.682,True
8/1/2025 5:00:00 PM,8/1/2025 1:00:00 PM,SERC,WEST,EKPC,EKPC,1653.343,True
8/1/2025 6:00:00 PM,8/1/2025 2:00:00 PM,SERC,WEST,EKPC,EKPC,1693.460,True
8/1/2025 7:00:00 PM,8/1/2025 3:00:00 PM,SERC,WEST,EKPC,EKPC,1765.350,True
8/1/2025 8:00:00 PM,8/1/2025 4:00:00 PM,SERC,WEST,EKPC,EKPC,1846.411,True
8/1/2025 9:00:00 PM,8/1/2025 5:00:00 PM,SERC,WEST,EKPC,EKPC,1850.904,True
8/1/2025 10:00:00 PM,8/1/2025 6:00:00 PM,SERC,WEST,EKPC,EKPC,1701.056,True
8/1/2025 11:00:00 PM,8/1/2025 7:00:00 PM,SERC,WEST,EKPC,EKPC,1644.510,True
8/2/2025 12:00:00 AM,8/1/2025 8:00:00 PM,SERC,WEST,EKPC,EKPC,1555.042,True
8/2/2025 1:00:00 AM,8/1/2025 9:00:00 PM,SERC,WEST,EKPC,EKPC,1508.588,True
8/2/2025 2:00:00 AM,8/1/2025 10:00:00 PM,SERC,WEST,EKPC,EKPC,1532.877,True
8/2/2025 3:00:00 AM,8/1/2025 11:00:00 PM,SERC,WEST,EKPC,EKPC,1458.346,True
8/2/2025 4:00:00 AM,8/2/2025 12:00:00 AM,SERC,WEST,EKPC,EKPC,1216.517,True
8/2/2025 5:00:00 AM,8/2/2025 1:00:00 AM,SERC,WEST,EKPC,EKPC,1121.804,True
8/2/2025 6:00:00 AM,8/2/2025 2:00:00 AM,SERC,WEST,EKPC,EKPC,1207.836,True
8/2/2025 7:00:00 AM,8/2/2025 3:00:00 AM,SERC,WEST,EKPC,EKPC,1161.756,True
8/2/2025 8:00:00 AM,8/2/2025 4:00:00 AM,SERC,WEST,EKPC,EKPC,1164.460,True
8/2/2025 9:00:00 AM,8/2/2025 5:00:00 AM,SERC,WEST,EKPC,EKPC,1162.302,True
8/2/2025 10:00:00 AM,8/2/2025 6:00:00 AM,SERC,WEST,EKPC,EKPC,1173.014,True
8/2/2025 11:00:00 AM,8/2/2025 7:00:00 AM,SERC,WEST,EKPC,EKPC,1184.955,True
8/2/2025 12:00:00 PM,8/2/2025 8:00:00 AM,SERC,WEST,EKPC,EKPC,1229.991,True
8/2/2025 1:00:00 PM,8/2/2025 9:00:00 AM,SERC,WEST,EKPC,EKPC,1334.162,True
8/2/2025 2:00:00 PM,8/2/2025 10:00:00 AM,SERC,WEST,EKPC,EKPC,1416.733,True
8/2/2025 3:00:00 PM,8/2/2025 11:00:00 AM,SERC,WEST,EKPC,EKPC,1506.851,True
8/2/2025 4:00:00 PM,8/2/2025 12:00:00 PM,SERC,WEST,EKPC,EKPC,1537.566,True
8/2/2025 5:00:00 PM,8/2/2025 1:00:00 PM,SERC,WEST,EKPC,EKPC,1630.127,True
8/2/2025 6:00:00 PM,8/2/2025 2:00:00 PM,SERC,WEST,EKPC,EKPC,1668.018,True
8/2/2025 7:00:00 PM,8/2/2025 3:00:00 PM,SERC,WEST,EKPC,EKPC,1709.939,True
8/2/2025 8:00:00 PM,8/2/2025 4:00:00 PM,SERC,WEST,EKPC,EKPC,1759.659,True
8/2/2025 9:00:00 PM,8/2/2025 5:00:00 PM,SERC,WEST,EKPC,EKPC,1793.660,True
8/2/2025 10:00:00 PM,8/2/2025 6:00:00 PM,SERC,WEST,EKPC,EKPC,1787.348,True
8/2/2025 11:00:00 PM,8/2/2025 7:00:00 PM,SERC,WEST,EKPC,EKPC,1724.883,True
8/3/2025 12:00:00 AM,8/2/2025 8:00:00 PM,SERC,WEST,EKPC,EKPC,1659.379,True
8/3/2025 1:00:00 AM,8/2/2025 9:00:00 PM,SERC,WEST,EKPC,EKPC,1612.903,True
8/3/2025 2:00:00 AM,8/2/2025 10:00:00 PM,SERC,WEST,EKPC,EKPC,1511.299,True
8/3/2025 3:00:00 AM,8/2/2025 11:00:00 PM,SERC,WEST,EKPC,EKPC,1399.622,True
8/3/2025 4:00:00 AM,8/3/2025 12:00:00 AM,SERC,WEST,EKPC,EKPC,1302.287,True
8/3/2025 5:00:00 AM,8/3/2025 1:00:00 AM,SERC,WEST,EKPC,EKPC,1271.137,True
8/3/2025 6:00:00 AM,8/3/2025 2:00:00 AM,SERC,WEST,EKPC,EKPC,1151.521,True
8/3/2025 7:00:00 AM,8/3/2025 3:00:00 AM,SERC,WEST,EKPC,EKPC,1180.847,True
8/3/2025 8:00:00 AM,8/3/2025 4:00:00 AM,SERC,WEST,EKPC,EKPC,1206.693,True
8/3/2025 9:00:00 AM,8/3/2025 5:00:00 AM,SERC,WEST,EKPC,EKPC,1122.440,True
8/3/2025 10:00:00 AM,8/3/2025 6:00:00 AM,SERC,WEST,EKPC,EKPC,1170.591,True
8/3/2025 11:00:00 AM,8/3/2025 7:00:00 AM,SERC,WEST,EKPC,EKPC,1196.821,True
8/3/2025 12:00:00 PM,8/3/2025 8:00:00 AM,SERC,WEST,EKPC,EKPC,1289.566,True
8/3/2025 1:00:00 PM,8/3/2025 9:00:00 AM,SERC,WEST,EKPC,EKPC,1363.480,True
8/3/2025 2:00:00 PM,8/3/2025 10:00:00 AM,SERC,WEST,EKPC,EKPC,1472.804,True
8/3/2025 3:00:00 PM,8/3/2025 11:00:00 AM,SERC,WEST,EKPC,EKPC,1552.466,True
8/3/2025 4:00:00 PM,8/3/2025 12:00:00 PM,SERC,WEST,EKPC,EKPC,1514.698,True
8/3/2025 5:00:00 PM,8/3/2025 1:00:00 PM,SERC,WEST,EKPC,EKPC,1555.209,True
8/3/2025 6:00:00 PM,8/3/2025 2:00:00 PM,SERC,WEST,EKPC,EKPC,1694.269,True
8/3/2025 7:00:00 PM,8/3/2025 3:00:00 PM,SERC,WEST,EKPC,EKPC,1734.309,True
8/3/2025 8:00:00 PM,8/3/2025 4:00:00 PM,SERC,WEST,EKPC,EKPC,1840.988,True
8/3/2025 9:00:00 PM,8/3/2025 5:00:00 PM,SERC,WEST,EKPC,EKPC,1855.581,True
8/3/2025 10:00:00 PM,8/3/2025 6:00:00 PM,SERC,WEST,EKPC,EKPC,1862.849,True
8/3/2025 11:00:00 PM,8/3/2025 7:00:00 PM,SERC,WEST,EKPC,EKPC,1819.239,True
8/4/2025 12:00:00 AM,8/3/2025 8:00:00 PM,SERC,WEST,EKPC,EKPC,1762.544,True
8/4/2025 1:00:00 AM,8/3/2025 9:00:00 PM,SERC,WEST,EKPC,EKPC,1662.289,True
8/4/2025 2:00:00 AM,8/3/2025 10:00:00 PM,SERC,WEST,EKPC,EKPC,1555.086,True
8/4/2025 3:00:00 AM,8/3/2025 11:00:00 PM,SERC,WEST,EKPC,EKPC,1430.487,True
8/4/2025 4:00:00 AM,8/4/2025 12:00:00 AM,SERC,WEST,EKPC,EKPC,1299.799,True
8/4/2025 5:00:00 AM,8/4/2025 1:00:00 AM,SERC,WEST,EKPC,EKPC,1228.898,True
8/4/2025 6:00:00 AM,8/4/2025 2:00:00 AM,SERC,WEST,EKPC,EKPC,1246.858,True
8/4/2025 7:00:00 AM,8/4/2025 3:00:00 AM,SERC,WEST,EKPC,EKPC,1158.162,True
8/4/2025 8:00:00 AM,8/4/2025 4:00:00 AM,SERC,WEST,EKPC,EKPC,1217.805,True
8/4/2025 9:00:00 AM,8/4/2025 5:00:00 AM,SERC,WEST,EKPC,EKPC,1288.040,True
8/4/2025 10:00:00 AM,8/4/2025 6:00:00 AM,SERC,WEST,EKPC,EKPC,1360.579,True
8/4/2025 11:00:00 AM,8/4/2025 7:00:00 AM,SERC,WEST,EKPC,EKPC,1401.385,True
8/4/2025 12:00:00 PM,8/4/2025 8:00:00 AM,SERC,WEST,EKPC,EKPC,1462.417,True
8/4/2025 1:00:00 PM,8/4/2025 9:00:00 AM,SERC,WEST,EKPC,EKPC,1521.086,True
8/4/2025 2:00:00 PM,8/4/2025 10:00:00 AM,SERC,WEST,EKPC,EKPC,1627.058,True
8/4/2025 3:00:00 PM,8/4/2025 11:00:00 AM,SERC,WEST,EKPC,EKPC,1700.775,True
8/4/2025 4:00:00 PM,8/4/2025 12:00:00 PM,SERC,WEST,EKPC,EKPC,1822.144,True
8/4/2025 5:00:00 PM,8/4/2025 1:00:00 PM,SERC,WEST,EKPC,EKPC,1737.089,True
8/4/2025 6:00:00 PM,8/4/2025 2:00:00 PM,SERC,WEST,EKPC,EKPC,1811.994,True
8/4/2025 7:00:00 PM,8/4/2025 3:00:00 PM,SERC,WEST,EKPC,EKPC,1931.835,True
8/4/2025 8:00:00 PM,8/4/2025 4:00:00 PM,SERC,WEST,EKPC,EKPC,2039.463,True
8/4/2025 9:00:00 PM,8/4/2025 5:00:00 PM,SERC,WEST,EKPC,EKPC,2032.709,True
8/4/2025 10:00:00 PM,8/4/2025 6:00:00 PM,SERC,WEST,EKPC,EKPC,1998.245,True
8/4/2025 11:00:00 PM,8/4/2025 7:00:00 PM,SERC,WEST,EKPC,EKPC,2007.571,True
8/5/2025 12:00:00 AM,8/4/2025 8:00:00 PM,SERC,WEST,EKPC,EKPC,1955.264,True
8/5/2025 1:00:00 AM,8/4/2025 9:00:00 PM,SERC,WEST,EKPC,EKPC,1892.430,True
8/5/2025 2:00:00 AM,8/4/2025 10:00:00 PM,SERC,WEST,EKPC,EKPC,1740.157,True
8/5/2025 3:00:00 AM,8/4/2025 11:00:00 PM,SERC,WEST,EKPC,EKPC,1597.542,True
8/5/2025 4:00:00 AM,8/5/2025 12:00:00 AM,SERC,WEST,EKPC,EKPC,1461.331,True
8/5/2025 5:00:00 AM,8/5/2025 1:00:00 AM,SERC,WEST,EKPC,EKPC,1390.777,True
8/5/2025 6:00:00 AM,8/5/2025 2:00:00 AM,SERC,WEST,EKPC,EKPC,1340.084,True
8/5/2025 7:00:00 AM,8/5/2025 3:00:00 AM,SERC,WEST,EKPC,EKPC,1290.394,True
8/5/2025 8:00:00 AM,8/5/2025 4:00:00 AM,SERC,WEST,EKPC,EKPC,1289.726,True
8/5/2025 9:00:00 AM,8/5/2025 5:00:00 AM,SERC,WEST,EKPC,EKPC,1294.593,True
8/5/2025 10:00:00 AM,8/5/2025 6:00:00 AM,SERC,WEST,EKPC,EKPC,1323.295,True
8/5/2025 11:00:00 AM,8/5/2025 7:00:00 AM,SERC,WEST,EKPC,EKPC,1291.310,True
8/5/2025 12:00:00 PM,8/5/2025 8:00:00 AM,SERC,WEST,EKPC,EKPC,1438.974,True
8/5/2025 1:00:00 PM,8/5/2025 9:00:00 AM,SERC,WEST,EKPC,EKPC,1535.555,True
8/5/2025 2:00:00 PM,8/5/2025 10:00:00 AM,SERC,WEST,EKPC,EKPC,1488.443,True
8/5/2025 3:00:00 PM,8/5/2025 11:00:00 AM,SERC,WEST,EKPC,EKPC,1614.920,True
8/5/2025 4:00:00 PM,8/5/2025 12:00:00 PM,SERC,WEST,EKPC,EKPC,1710.865,True
8/5/2025 5:00:00 PM,8/5/2025 1:00:00 PM,SERC,WEST,EKPC,EKPC,1804.678,True
8/5/2025 6:00:00 PM,8/5/2025 2:00:00 PM,SERC,WEST,EKPC,EKPC,1901.562,True
8/5/2025 7:00:00 PM,8/5/2025 3:00:00 PM,SERC,WEST,EKPC,EKPC,1953.667,True
8/5/2025 8:00:00 PM,8/5/2025 4:00:00 PM,SERC,WEST,EKPC,EKPC,2038.164,True
8/5/2025 9:00:00 PM,8/5/2025 5:00:00 PM,SERC,WEST,EKPC,EKPC,2035.473,True
8/5/2025 10:00:00 PM,8/5/2025 6:00:00 PM,SERC,WEST,EKPC,EKPC,2032.447,True
8/5/2025 11:00:00 PM,8/5/2025 7:00:00 PM,SERC,WEST,EKPC,EKPC,1919.250,True
8/6/2025 12:00:00 AM,8/5/2025 8:00:00 PM,SERC,WEST,EKPC,EKPC,1935.025,True
8/6/2025 1:00:00 AM,8/5/2025 9:00:00 PM,SERC,WEST,EKPC,EKPC,1922.993,True
8/6/2025 2:00:00 AM,8/5/2025 10:00:00 PM,SERC,WEST,EKPC,EKPC,1756.668,True
8/6/2025 3:00:00 AM,8/5/2025 11:00:00 PM,SERC,WEST,EKPC,EKPC,1550.463,True
8/6/2025 4:00:00 AM,8/6/2025 12:00:00 AM,SERC,WEST,EKPC,EKPC,1425.153,True
8/6/2025 5:00:00 AM,8/6/2025 1:00:00 AM,SERC,WEST,EKPC,EKPC,1335.200,True
8/6/2025 6:00:00 AM,8/6/2025 2:00:00 AM,SERC,WEST,EKPC,EKPC,1256.907,True
8/6/2025 7:00:00 AM,8/6/2025 3:00:00 AM,SERC,WEST,EKPC,EKPC,1231.116,True
8/6/2025 8:00:00 AM,8/6/2025 4:00:00 AM,SERC,WEST,EKPC,EKPC,1128.174,True
8/6/2025 9:00:00 AM,8/6/2025 5:00:00 AM,SERC,WEST,EKPC,EKPC,1114.200,True
8/6/2025 10:00:00 AM,8/6/2025 6:00:00 AM,SERC,WEST,EKPC,EKPC,1209.186,True
8/6/2025 11:00:00 AM,8/6/2025 7:00:00 AM,SERC,WEST,EKPC,EKPC,1238.740,True
8/6/2025 12:00:00 PM,8/6/2025 8:00:00 AM,SERC,WEST,EKPC,EKPC,1292.896,True
8/6/2025 1:00:00 PM,8/6/2025 9:00:00 AM,SERC,WEST,EKPC,EKPC,1399.383,True
8/6/2025 2:00:00 PM,8/6/2025 10:00:00 AM,SERC,WEST,EKPC,EKPC,1520.888,True
8/6/2025 3:00:00 PM,8/6/2025 11:00:00 AM,SERC,WEST,EKPC,EKPC,1689.645,True
8/6/2025 4:00:00 PM,8/6/2025 12:00:00 PM,SERC,WEST,EKPC,EKPC,1790.241,True
8/6/2025 5:00:00 PM,8/6/2025 1:00:00 PM,SERC,WEST,EKPC,EKPC,1973.756,True
8/6/2025 6:00:00 PM,8/6/2025 2:00:00 PM,SERC,WEST,EKPC,EKPC,2111.776,True
8/6/2025 7:00:00 PM,8/6/2025 3:00:00 PM,SERC,WEST,EKPC,EKPC,2163.593,True
8/6/2025 8:00:00 PM,8/6/2025 4:00:00 PM,SERC,WEST,EKPC,EKPC,2257.358,True
8/6/2025 9:00:00 PM,8/6/2025 5:00:00 PM,SERC,WEST,EKPC,EKPC,2258.800,True
8/6/2025 10:00:00 PM,8/6/2025 6:00:00 PM,SERC,WEST,EKPC,EKPC,2238.339,True
8/6/2025 11:00:00 PM,8/6/2025 7:00:00 PM,SERC,WEST,EKPC,EKPC,2151.615,True
8/7/2025 12:00:00 AM,8/6/2025 8:00:00 PM,SERC,WEST,EKPC,EKPC,2065.623,True
8/7/2025 1:00:00 AM,8/6/2025 9:00:00 PM,SERC,WEST,EKPC,EKPC,1988.280,True
8/7/2025 2:00:00 AM,8/6/2025 10:00:00 PM,SERC,WEST,EKPC,EKPC,1790.676,True
8/7/2025 3:00:00 AM,8/6/2025 11:00:00 PM,SERC,WEST,EKPC,EKPC,1623.598,True
8/7/2025 4:00:00 AM,8/7/2025 12:00:00 AM,SERC,WEST,EKPC,EKPC,1480.765,True
8/7/2025 5:00:00 AM,8/7/2025 1:00:00 AM,SERC,WEST,EKPC,EKPC,1454.841,True
8/7/2025 6:00:00 AM,8/7/2025 2:00:00 AM,SERC,WEST,EKPC,EKPC,1340.872,True
8/7/2025 7:00:00 AM,8/7/2025 3:00:00 AM,SERC,WEST,EKPC,EKPC,1303.991,True
8/7/2025 8:00:00 AM,8/7/2025 4:00:00 AM,SERC,WEST,EKPC,EKPC,1133.638,True
8/7/2025 9:00:00 AM,8/7/2025 5:00:00 AM,SERC,WEST,EKPC,EKPC,1231.979,True
8/7/2025 10:00:00 AM,8/7/2025 6:00:00 AM,SERC,WEST,EKPC,EKPC,1354.712,True
8/7/2025 11:00:00 AM,8/7/2025 7:00:00 AM,SERC,WEST,EKPC,EKPC,1445.453,True
8/7/2025 12:00:00 PM,8/7/2025 8:00:00 AM,SERC,WEST,EKPC,EKPC,1535.901,True
8/7/2025 1:00:00 PM,8/7/2025 9:00:00 AM,SERC,WEST,EKPC,EKPC,1634.963,True
8/7/2025 2:00:00 PM,8/7/2025 10:00:00 AM,SERC,WEST,EKPC,EKPC,1639.414,True
8/7/2025 3:00:00 PM,8/7/2025 11:00:00 AM,SERC,WEST,EKPC,EKPC,1765.992,True
8/7/2025 4:00:00 PM,8/7/2025 12:00:00 PM,SERC,WEST,EKPC,EKPC,2000.180,True
8/7/2025 5:00:00 PM,8/7/2025 1:00:00 PM,SERC,WEST,EKPC,EKPC,2153.708,True
8/7/2025 6:00:00 PM,8/7/2025 2:00:00 PM,SERC,WEST,EKPC,EKPC,2197.232,True
8/7/2025 7:00:00 PM,8/7/2025 3:00:00 PM,SERC,WEST,EKPC,EKPC,2208.023,True
8/7/2025 8:00:00 PM,8/7/2025 4:00:00 PM,SERC,WEST,EKPC,EKPC,2325.065,True
8/7/2025 9:00:00 PM,8/7/2025 5:00:00 PM,SERC,WEST,EKPC,EKPC,2334.150,True
8/7/2025 10:00:00 PM,8/7/2025 6:00:00 PM,SERC,WEST,EKPC,EKPC,2303.670,True
8/7/2025 11:00:00 PM,8/7/2025 7:00:00 PM,SERC,WEST,EKPC,EKPC,2101.376,True
8/8/2025 12:00:00 AM,8/7/2025 8:00:00 PM,SERC,WEST,EKPC,EKPC,2027.500,True
8/8/2025 1:00:00 AM,8/7/2025 9:00:00 PM,SERC,WEST,EKPC,EKPC,2020.555,True
8/8/2025 2:00:00 AM,8/7/2025 10:00:00 PM,SERC,WEST,EKPC,EKPC,1895.689,True
8/8/2025 3:00:00 AM,8/7/2025 11:00:00 PM,SERC,WEST,EKPC,EKPC,1576.620,True
8/8/2025 4:00:00 AM,8/8/2025 12:00:00 AM,SERC,WEST,EKPC,EKPC,1377.884,True
8/8/2025 5:00:00 AM,8/8/2025 1:00:00 AM,SERC,WEST,EKPC,EKPC,1414.592,True
8/8/2025 6:00:00 AM,8/8/2025 2:00:00 AM,SERC,WEST,EKPC,EKPC,1387.663,True
8/8/2025 7:00:00 AM,8/8/2025 3:00:00 AM,SERC,WEST,EKPC,EKPC,1326.529,True
8/8/2025 8:00:00 AM,8/8/2025 4:00:00 AM,SERC,WEST,EKPC,EKPC,1287.346,True
8/8/2025 9:00:00 AM,8/8/2025 5:00:00 AM,SERC,WEST,EKPC,EKPC,1376.084,True
8/8/2025 10:00:00 AM,8/8/2025 6:00:00 AM,SERC,WEST,EKPC,EKPC,1379.860,True
8/8/2025 11:00:00 AM,8/8/2025 7:00:00 AM,SERC,WEST,EKPC,EKPC,1415.413,True
8/8/2025 12:00:00 PM,8/8/2025 8:00:00 AM,SERC,WEST,EKPC,EKPC,1525.609,True
8/8/2025 1:00:00 PM,8/8/2025 9:00:00 AM,SERC,WEST,EKPC,EKPC,1631.903,True
8/8/2025 2:00:00 PM,8/8/2025 10:00:00 AM,SERC,WEST,EKPC,EKPC,1780.511,True
8/8/2025 3:00:00 PM,8/8/2025 11:00:00 AM,SERC,WEST,EKPC,EKPC,1817.268,True
8/8/2025 4:00:00 PM,8/8/2025 12:00:00 PM,SERC,WEST,EKPC,EKPC,2063.967,True
8/8/2025 5:00:00 PM,8/8/2025 1:00:00 PM,SERC,WEST,EKPC,EKPC,2100.437,True
8/8/2025 6:00:00 PM,8/8/2025 2:00:00 PM,SERC,WEST,EKPC,EKPC,2141.736,True
8/8/2025 7:00:00 PM,8/8/2025 3:00:00 PM,SERC,WEST,EKPC,EKPC,2143.679,True
8/8/2025 8:00:00 PM,8/8/2025 4:00:00 PM,SERC,WEST,EKPC,EKPC,2302.662,True
8/8/2025 9:00:00 PM,8/8/2025 5:00:00 PM,SERC,WEST,EKPC,EKPC,2380.731,True
8/8/2025 10:00:00 PM,8/8/2025 6:00:00 PM,SERC,WEST,EKPC,EKPC,2372.039,True
8/8/2025 11:00:00 PM,8/8/2025 7:00:00 PM,SERC,WEST,EKPC,EKPC,2231.508,True
8/9/2025 12:00:00 AM,8/8/2025 8:00:00 PM,SERC,WEST,EKPC,EKPC,2119.501,True
8/9/2025 1:00:00 AM,8/8/2025 9:00:00 PM,SERC,WEST,EKPC,EKPC,2028.000,True
8/9/2025 2:00:00 AM,8/8/2025 10:00:00 PM,SERC,WEST,EKPC,EKPC,1788.699,True
8/9/2025 3:00:00 AM,8/8/2025 11:00:00 PM,SERC,WEST,EKPC,EKPC,1542.289,True
8/9/2025 4:00:00 AM,8/9/2025 12:00:00 AM,SERC,WEST,EKPC,EKPC,1401.273,True
8/9/2025 5:00:00 AM,8/9/2025 1:00:00 AM,SERC,WEST,EKPC,EKPC,1425.212,True
8/9/2025 6:00:00 AM,8/9/2025 2:00:00 AM,SERC,WEST,EKPC,EKPC,1341.842,True
8/9/2025 7:00:00 AM,8/9/2025 3:00:00 AM,SERC,WEST,EKPC,EKPC,1325.395,True
8/9/2025 8:00:00 AM,8/9/2025 4:00:00 AM,SERC,WEST,EKPC,EKPC,1286.605,True
8/9/2025 9:00:00 AM,8/9/2025 5:00:00 AM,SERC,WEST,EKPC,EKPC,1249.398,True
8/9/2025 10:00:00 AM,8/9/2025 6:00:00 AM,SERC,WEST,EKPC,EKPC,1171.408,True
8/9/2025 11:00:00 AM,8/9/2025 7:00:00 AM,SERC,WEST,EKPC,EKPC,1233.892,True
8/9/2025 12:00:00 PM,8/9/2025 8:00:00 AM,SERC,WEST,EKPC,EKPC,1352.724,True
8/9/2025 1:00:00 PM,8/9/2025 9:00:00 AM,SERC,WEST,EKPC,EKPC,1587.384,True
8/9/2025 2:00:00 PM,8/9/2025 10:00:00 AM,SERC,WEST,EKPC,EKPC,1694.545,True
8/9/2025 3:00:00 PM,8/9/2025 11:00:00 AM,SERC,WEST,EKPC,EKPC,1914.509,True
8/9/2025 4:00:00 PM,8/9/2025 12:00:00 PM,SERC,WEST,EKPC,EKPC,2080.295,True
8/9/2025 5:00:00 PM,8/9/2025 1:00:00 PM,SERC,WEST,EKPC,EKPC,2201.521,True
8/9/2025 6:00:00 PM,8/9/2025 2:00:00 PM,SERC,WEST,EKPC,EKPC,2226.965,True
8/9/2025 7:00:00 PM,8/9/2025 3:00:00 PM,SERC,WEST,EKPC,EKPC,2324.221,True
8/9/2025 8:00:00 PM,8/9/2025 4:00:00 PM,SERC,WEST,EKPC,EKPC,2347.649,True
8/9/2025 9:00:00 PM,8/9/2025 5:00:00 PM,SERC,WEST,EKPC,EKPC,2381.944,True
8/9/2025 10:00:00 PM,8/9/2025 6:00:00 PM,SERC,WEST,EKPC,EKPC,2282.432,True
8/9/2025 11:00:00 PM,8/9/2025 7:00:00 PM,SERC,WEST,EKPC,EKPC,2272.381,True
8/10/2025 12:00:00 AM,8/9/2025 8:00:00 PM,SERC,WEST,EKPC,EKPC,2135.142,True
8/10/2025 1:00:00 AM,8/9/2025 9:00:00 PM,SERC,WEST,EKPC,EKPC,2030.723,True
8/10/2025 2:00:00 AM,8/9/2025 10:00:00 PM,SERC,WEST,EKPC,EKPC,1810.043,True
8/10/2025 3:00:00 AM,8/9/2025 11:00:00 PM,SERC,WEST,EKPC,EKPC,1689.603,True
8/10/2025 4:00:00 AM,8/10/2025 12:00:00 AM,SERC,WEST,EKPC,EKPC,1545.694,True
8/10/2025 5:00:00 AM,8/10/2025 1:00:00 AM,SERC,WEST,EKPC,EKPC,1452.288,True
8/10/2025 6:00:00 AM,8/10/2025 2:00:00 AM,SERC,WEST,EKPC,EKPC,1364.273,True
8/10/2025 7:00:00 AM,8/10/2025 3:00:00 AM,SERC,WEST,EKPC,EKPC,1329.589,True
8/10/2025 8:00:00 AM,8/10/2025 4:00:00 AM,SERC,WEST,EKPC,EKPC,1307.233,True
8/10/2025 9:00:00 AM,8/10/2025 5:00:00 AM,SERC,WEST,EKPC,EKPC,1253.709,True
8/10/2025 10:00:00 AM,8/10/2025 6:00:00 AM,SERC,WEST,EKPC,EKPC,1268.936,True
8/10/2025 11:00:00 AM,8/10/2025 7:00:00 AM,SERC,WEST,EKPC,EKPC,1346.112,True
8/10/2025 12:00:00 PM,8/10/2025 8:00:00 AM,SERC,WEST,EKPC,EKPC,1419.754,True
8/10/2025 1:00:00 PM,8/10/2025 9:00:00 AM,SERC,WEST,EKPC,EKPC,1644.263,True
8/10/2025 2:00:00 PM,8/10/2025 10:00:00 AM,SERC,WEST,EKPC,EKPC,1754.057,True
8/10/2025 3:00:00 PM,8/10/2025 11:00:00 AM,SERC,WEST,EKPC,EKPC,1726.440,True
8/10/2025 4:00:00 PM,8/10/2025 12:00:00 PM,SERC,WEST,EKPC,EKPC,2021.538,True
8/10/2025 5:00:00 PM,8/10/2025 1:00:00 PM,SERC,WEST,EKPC,EKPC,2167.730,True
8/10/2025 6:00:00 PM,8/10/2025 2:00:00 PM,SERC,WEST,EKPC,EKPC,2259.409,True
8/10/2025 7:00:00 PM,8/10/2025 3:00:00 PM,SERC,WEST,EKPC,EKPC,2359.482,True
8/10/2025 8:00:00 PM,8/10/2025 4:00:00 PM,SERC,WEST,EKPC,EKPC,2389.806,True
8/10/2025 9:00:00 PM,8/10/2025 5:00:00 PM,SERC,WEST,EKPC,EKPC,2405.710,True
8/10/2025 10:00:00 PM,8/10/2025 6:00:00 PM,SERC,WEST,EKPC,EKPC,2419.094,True
8/10/2025 11:00:00 PM,8/10/2025 7:00:00 PM,SERC,WEST,EKPC,EKPC,2323.053,True
8/11/2025 12:00:00 AM,8/10/2025 8:00:00 PM,SERC,WEST,EKPC,EKPC,2200.963,True
8/11/2025 1:00:00 AM,8/10/2025 9:00:00 PM,SERC,WEST,EKPC,EKPC,2083.360,True
8/11/2025 2:00:00 AM,8/10/2025 10:00:00 PM,SERC,WEST,EKPC,EKPC,1888.770,True
8/11/2025 3:00:00 AM,8/10/2025 11:00:00 PM,SERC,WEST,EKPC,EKPC,1731.835,True
8/11/2025 4:00:00 AM,8/11/2025 12:00:00 AM,SERC,WEST,EKPC,EKPC,1531.127,True
8/11/2025 5:00:00 AM,8/11/2025 1:00:00 AM,SERC,WEST,EKPC,EKPC,1397.146,True
8/11/2025 6:00:00 AM,8/11/2025 2:00:00 AM,SERC,WEST,EKPC,EKPC,1327.910,True
8/11/2025 7:00:00 AM,8/11/2025 3:00:00 AM,SERC,WEST,EKPC,EKPC,1277.255,True
8/11/2025 8:00:00 AM,8/11/2025 4:00:00 AM,SERC,WEST,EKPC,EKPC,1279.349,True
8/11/2025 9:00:00 AM,8/11/2025 5:00:00 AM,SERC,WEST,EKPC,EKPC,1386.456,True
8/11/2025 10:00:00 AM,8/11/2025 6:00:00 AM,SERC,WEST,EKPC,EKPC,1486.699,True
8/11/2025 11:00:00 AM,8/11/2025 7:00:00 AM,SERC,WEST,EKPC,EKPC,1447.139,True
8/11/2025 12:00:00 PM,8/11/2025 8:00:00 AM,SERC,WEST,EKPC,EKPC,1548.175,True
8/11/2025 1:00:00 PM,8/11/2025 9:00:00 AM,SERC,WEST,EKPC,EKPC,1733.106,True
8/11/2025 2:00:00 PM,8/11/2025 10:00:00 AM,SERC,WEST,EKPC,EKPC,1883.422,True
8/11/2025 3:00:00 PM,8/11/2025 11:00:00 AM,SERC,WEST,EKPC,EKPC,2103.289,True
8/11/2025 4:00:00 PM,8/11/2025 12:00:00 PM,SERC,WEST,EKPC,EKPC,2207.109,True
8/11/2025 5:00:00 PM,8/11/2025 1:00:00 PM,SERC,WEST,EKPC,EKPC,2277.283,True
8/11/2025 6:00:00 PM,8/11/2025 2:00:00 PM,SERC,WEST,EKPC,EKPC,2440.912,True
8/11/2025 7:00:00 PM,8/11/2025 3:00:00 PM,SERC,WEST,EKPC,EKPC,2462.576,True
8/11/2025 8:00:00 PM,8/11/2025 4:00:00 PM,SERC,WEST,EKPC,EKPC,2493.187,True
8/11/2025 9:00:00 PM,8/11/2025 5:00:00 PM,SERC,WEST,EKPC,EKPC,2488.073,True
8/11/2025 10:00:00 PM,8/11/2025 6:00:00 PM,SERC,WEST,EKPC,EKPC,2386.322,True
8/11/2025 11:00:00 PM,8/11/2025 7:00:00 PM,SERC,WEST,EKPC,EKPC,2253.644,True
8/12/2025 12:00:00 AM,8/11/2025 8:00:00 PM,SERC,WEST,EKPC,EKPC,2158.990,True
8/12/2025 1:00:00 AM,8/11/2025 9:00:00 PM,SERC,WEST,EKPC,EKPC,2172.016,True
8/12/2025 2:00:00 AM,8/11/2025 10:00:00 PM,SERC,WEST,EKPC,EKPC,2012.610,True
8/12/2025 3:00:00 AM,8/11/2025 11:00:00 PM,SERC,WEST,EKPC,EKPC,1824.395,True
8/12/2025 4:00:00 AM,8/12/2025 12:00:00 AM,SERC,WEST,EKPC,EKPC,1697.252,True
8/12/2025 5:00:00 AM,8/12/2025 1:00:00 AM,SERC,WEST,EKPC,EKPC,1591.267,True
8/12/2025 6:00:00 AM,8/12/2025 2:00:00 AM,SERC,WEST,EKPC,EKPC,1485.543,True
8/12/2025 7:00:00 AM,8/12/2025 3:00:00 AM,SERC,WEST,EKPC,EKPC,1455.389,True
8/12/2025 8:00:00 AM,8/12/2025 4:00:00 AM,SERC,WEST,EKPC,EKPC,1420.310,True
8/12/2025 9:00:00 AM,8/12/2025 5:00:00 AM,SERC,WEST,EKPC,EKPC,1435.978,True
8/12/2025 10:00:00 AM,8/12/2025 6:00:00 AM,SERC,WEST,EKPC,EKPC,1498.987,True
8/12/2025 11:00:00 AM,8/12/2025 7:00:00 AM,SERC,WEST,EKPC,EKPC,1574.953,True
8/12/2025 12:00:00 PM,8/12/2025 8:00:00 AM,SERC,WEST,EKPC,EKPC,1675.627,True
8/12/2025 1:00:00 PM,8/12/2025 9:00:00 AM,SERC,WEST,EKPC,EKPC,1664.298,True
8/12/2025 2:00:00 PM,8/12/2025 10:00:00 AM,SERC,WEST,EKPC,EKPC,1909.209,True
8/12/2025 3:00:00 PM,8/12/2025 11:00:00 AM,SERC,WEST,EKPC,EKPC,1957.159,True
8/12/2025 4:00:00 PM,8/12/2025 12:00:00 PM,SERC,WEST,EKPC,EKPC,2191.479,True
8/12/2025 5:00:00 PM,8/12/2025 1:00:00 PM,SERC,WEST,EKPC,EKPC,2318.473,True
8/12/2025 6:00:00 PM,8/12/2025 2:00:00 PM,SERC,WEST,EKPC,EKPC,2387.423,True
8/12/2025 7:00:00 PM,8/12/2025 3:00:00 PM,SERC,WEST,EKPC,EKPC,2458.041,True
8/12/2025 8:00:00 PM,8/12/2025 4:00:00 PM,SERC,WEST,EKPC,EKPC,2461.377,True
8/12/2025 9:00:00 PM,8/12/2025 5:00:00 PM,SERC,WEST,EKPC,EKPC,2446.990,True
8/12/2025 10:00:00 PM,8/12/2025 6:00:00 PM,SERC,WEST,EKPC,EKPC,2382.787,True
8/12/2025 11:00:00 PM,8/12/2025 7:00:00 PM,SERC,WEST,EKPC,EKPC,2372.142,True
8/13/2025 12:00:00 AM,8/12/2025 8:00:00 PM,SERC,WEST,EKPC,EKPC,2310.772,True
8/13/2025 1:00:00 AM,8/12/2025 9:00:00 PM,SERC,WEST,EKPC,EKPC,2133.061,True
8/13/2025 2:00:00 AM,8/12/2025 10:00:00 PM,SERC,WEST,EKPC,EKPC,2010.695,True
8/13/2025 3:00:00 AM,8/12/2025 11:00:00 PM,SERC,WEST,EKPC,EKPC,1756.595,True
8/13/2025 4:00:00 AM,8/13/2025 12:00:00 AM,SERC,WEST,EKPC,EKPC,1646.979,True
8/13/2025 5:00:00 AM,8/13/2025 1:00:00 AM,SERC,WEST,EKPC,EKPC,1524.307,True
8/13/2025 6:00:00 AM,8/13/2025 2:00:00 AM,SERC,WEST,EKPC,EKPC,1454.378,True
8/13/2025 7:00:00 AM,8/13/2025 3:00:00 AM,SERC,WEST,EKPC,EKPC,1370.727,True
8/13/2025 8:00:00 AM,8/13/2025 4:00:00 AM,SERC,WEST,EKPC,EKPC,1287.992,True
8/13/2025 9:00:00 AM,8/13/2025 5:00:00 AM,SERC,WEST,EKPC,EKPC,1327.444,True
8/13/2025 10:00:00 AM,8/13/2025 6:00:00 AM,SERC,WEST,EKPC,EKPC,1412.292,True
8/13/2025 11:00:00 AM,8/13/2025 7:00:00 AM,SERC,WEST,EKPC,EKPC,1411.709,True
8/13/2025 12:00:00 PM,8/13/2025 8:00:00 AM,SERC,WEST,EKPC,EKPC,1447.941,True
8/13/2025 1:00:00 PM,8/13/2025 9:00:00 AM,SERC,WEST,EKPC,EKPC,1533.663,True
8/13/2025 2:00:00 PM,8/13/2025 10:00:00 AM,SERC,WEST,EKPC,EKPC,1634.573,True
8/13/2025 3:00:00 PM,8/13/2025 11:00:00 AM,SERC,WEST,EKPC,EKPC,1745.003,True
8/13/2025 4:00:00 PM,8/13/2025 12:00:00 PM,SERC,WEST,EKPC,EKPC,1830.644,True
8/13/2025 5:00:00 PM,8/13/2025 1:00:00 PM,SERC,WEST,EKPC,EKPC,1978.073,True
8/13/2025 6:00:00 PM,8/13/2025 2:00:00 PM,SERC,WEST,EKPC,EKPC,2064.769,True
8/13/2025 7:00:00 PM,8/13/2025 3:00:00 PM,SERC,WEST,EKPC,EKPC,2127.343,True
8/13/2025 8:00:00 PM,8/13/2025 4:00:00 PM,SERC,WEST,EKPC,EKPC,2182.433,True
8/13/2025 9:00:00 PM,8/13/2025 5:00:00 PM,SERC,WEST,EKPC,EKPC,2237.594,True
8/13/2025 10:00:00 PM,8/13/2025 6:00:00 PM,SERC,WEST,EKPC,EKPC,2244.340,True
8/13/2025 11:00:00 PM,8/13/2025 7:00:00 PM,SERC,WEST,EKPC,EKPC,2177.797,True
8/14/2025 12:00:00 AM,8/13/2025 8:00:00 PM,SERC,WEST,EKPC,EKPC,2140.931,True
8/14/2025 1:00:00 AM,8/13/2025 9:00:00 PM,SERC,WEST,EKPC,EKPC,2087.185,True
8/14/2025 2:00:00 AM,8/13/2025 10:00:00 PM,SERC,WEST,EKPC,EKPC,1738.612,True
8/14/2025 3:00:00 AM,8/13/2025 11:00:00 PM,SERC,WEST,EKPC,EKPC,1565.776,True
8/14/2025 4:00:00 AM,8/14/2025 12:00:00 AM,SERC,WEST,EKPC,EKPC,1540.689,True
8/14/2025 5:00:00 AM,8/14/2025 1:00:00 AM,SERC,WEST,EKPC,EKPC,1487.680,True
8/14/2025 6:00:00 AM,8/14/2025 2:00:00 AM,SERC,WEST,EKPC,EKPC,1451.895,True
8/14/2025 7:00:00 AM,8/14/2025 3:00:00 AM,SERC,WEST,EKPC,EKPC,1420.529,True
8/14/2025 8:00:00 AM,8/14/2025 4:00:00 AM,SERC,WEST,EKPC,EKPC,1383.764,True
8/14/2025 9:00:00 AM,8/14/2025 5:00:00 AM,SERC,WEST,EKPC,EKPC,1469.956,True
8/14/2025 10:00:00 AM,8/14/2025 6:00:00 AM,SERC,WEST,EKPC,EKPC,1506.484,True
8/14/2025 11:00:00 AM,8/14/2025 7:00:00 AM,SERC,WEST,EKPC,EKPC,1540.506,True
8/14/2025 12:00:00 PM,8/14/2025 8:00:00 AM,SERC,WEST,EKPC,EKPC,1537.217,True
8/14/2025 1:00:00 PM,8/14/2025 9:00:00 AM,SERC,WEST,EKPC,EKPC,1724.777,True
8/14/2025 2:00:00 PM,8/14/2025 10:00:00 AM,SERC,WEST,EKPC,EKPC,1811.407,True
8/14/2025 3:00:00 PM,8/14/2025 11:00:00 AM,SERC,WEST,EKPC,EKPC,1990.443,True
8/14/2025 4:00:00 PM,8/14/2025 12:00:00 PM,SERC,WEST,EKPC,EKPC,2127.242,True
8/14/2025 5:00:00 PM,8/14/2025 1:00:00 PM,SERC,WEST,EKPC,EKPC,2182.279,True
8/14/2025 6:00:00 PM,8/14/2025 2:00:00 PM,SERC,WEST,EKPC,EKPC,2317.743,True
8/14/2025 7:00:00 PM,8/14/2025 3:00:00 PM,SERC,WEST,EKPC,EKPC,2389.322,True
8/14/2025 8:00:00 PM,8/14/2025 4:00:00 PM,SERC,WEST,EKPC,EKPC,2424.249,True
8/14/2025 9:00:00 PM,8/14/2025 5:00:00 PM,SERC,WEST,EKPC,EKPC,2421.981,True
8/14/2025 10:00:00 PM,8/14/2025 6:00:00 PM,SERC,WEST,EKPC,EKPC,2424.286,True
8/14/2025 11:00:00 PM,8/14/2025 7:00:00 PM,SERC,WEST,EKPC,EKPC,2246.987,True
8/15/2025 12:00:00 AM,8/14/2025 8:00:00 PM,SERC,WEST,EKPC,EKPC,2254.151,True
8/15/2025 1:00:00 AM,8/14/2025 9:00:00 PM,SERC,WEST,EKPC,EKPC,2152.076,True
8/15/2025 2:00:00 AM,8/14/2025 10:00:00 PM,SERC,WEST,EKPC,EKPC,1996.249,True
8/15/2025 3:00:00 AM,8/14/2025 11:00:00 PM,SERC,WEST,EKPC,EKPC,1744.627,True
8/15/2025 4:00:00 AM,8/15/2025 12:00:00 AM,SERC,WEST,EKPC,EKPC,1673.859,True
8/15/2025 5:00:00 AM,8/15/2025 1:00:00 AM,SERC,WEST,EKPC,EKPC,1526.862,True
8/15/2025 6:00:00 AM,8/15/2025 2:00:00 AM,SERC,WEST,EKPC,EKPC,1355.616,True
8/15/2025 7:00:00 AM,8/15/2025 3:00:00 AM,SERC,WEST,EKPC,EKPC,1285.346,True
8/15/2025 8:00:00 AM,8/15/2025 4:00:00 AM,SERC,WEST,EKPC,EKPC,1311.873,True
8/15/2025 9:00:00 AM,8/15/2025 5:00:00 AM,SERC,WEST,EKPC,EKPC,1422.611,True
8/15/2025 10:00:00 AM,8/15/2025 6:00:00 AM,SERC,WEST,EKPC,EKPC,1519.813,True
8/15/2025 11:00:00 AM,8/15/2025 7:00:00 AM,SERC,WEST,EKPC,EKPC,1543.864,True
8/15/2025 12:00:00 PM,8/15/2025 8:00:00 AM,SERC,WEST,EKPC,EKPC,1622.660,True
8/15/2025 1:00:00 PM,8/15/2025 9:00:00 AM,SERC,WEST,EKPC,EKPC,1739.357,True
8/15/2025 2:00:00 PM,8/15/2025 10:00:00 AM,SERC,WEST,EKPC,EKPC,1860.167,True
8/15/2025 3:00:00 PM,8/15/2025 11:00:00 AM,SERC,WEST,EKPC,EKPC,2103.776,True
8/15/2025 4:00:00 PM,8/15/2025 12:00:00 PM,SERC,WEST,EKPC,EKPC,2196.812,True
8/15/2025 5:00:00 PM,8/15/2025 1:00:00 PM,SERC,WEST,EKPC,EKPC,2266.508,True
8/15/2025 6:00:00 PM,8/15/2025 2:00:00 PM,SERC,WEST,EKPC,EKPC,2426.424,True
8/15/2025 7:00:00 PM,8/15/2025 3:00:00 PM,SERC,WEST,EKPC,EKPC,2380.869,True
8/15/2025 8:00:00 PM,8/15/2025 4:00:00 PM,SERC,WEST,EKPC,EKPC,2375.024,True
8/15/2025 9:00:00 PM,8/15/2025 5:00:00 PM,SERC,WEST,EKPC,EKPC,2349.507,True
8/15/2025 10:00:00 PM,8/15/2025 6:00:00 PM,SERC,WEST,EKPC,EKPC,2283.972,True
8/15/2025 11:00:00 PM,8/15/2025 7:00:00 PM,SERC,WEST,EKPC,EKPC,2227.445,True
8/16/2025 12:00:00 AM,8/15/2025 8:00:00 PM,SERC,WEST,EKPC,EKPC,2164.160,True
8/16/2025 1:00:00 AM,8/15/2025 9:00:00 PM,SERC,WEST,EKPC,EKPC,2082.890,True
8/16/2025 2:00:00 AM,8/15/2025 10:00:00 PM,SERC,WEST,EKPC,EKPC,1953.219,True
8/16/2025 3:00:00 AM,8/15/2025 11:00:00 PM,SERC,WEST,EKPC,EKPC,1815.060,True
8/16/2025 4:00:00 AM,8/16/2025 12:00:00 AM,SERC,WEST,EKPC,EKPC,1658.621,True
8/16/2025 5:00:00 AM,8/16/2025 1:00:00 AM,SERC,WEST,EKPC,EKPC,1576.471,True
8/16/2025 6:00:00 AM,8/16/2025 2:00:00 AM,SERC,WEST,EKPC,EKPC,1424.392,True
8/16/2025 7:00:00 AM,8/16/2025 3:00:00 AM,SERC,WEST,EKPC,EKPC,1264.973,True
8/16/2025 8:00:00 AM,8/16/2025 4:00:00 AM,SERC,WEST,EKPC,EKPC,1262.456,True
8/16/2025 9:00:00 AM,8/16/2025 5:00:00 AM,SERC,WEST,EKPC,EKPC,1316.041,True
8/16/2025 10:00:00 AM,8/16/2025 6:00:00 AM,SERC,WEST,EKPC,EKPC,1229.496,True
8/16/2025 11:00:00 AM,8/16/2025 7:00:00 AM,SERC,WEST,EKPC,EKPC,1200.154,True
8/16/2025 12:00:00 PM,8/16/2025 8:00:00 AM,SERC,WEST,EKPC,EKPC,1352.086,True
8/16/2025 1:00:00 PM,8/16/2025 9:00:00 AM,SERC,WEST,EKPC,EKPC,1532.182,True
8/16/2025 2:00:00 PM,8/16/2025 10:00:00 AM,SERC,WEST,EKPC,EKPC,1734.981,True
8/16/2025 3:00:00 PM,8/16/2025 11:00:00 AM,SERC,WEST,EKPC,EKPC,1976.549,True
8/16/2025 4:00:00 PM,8/16/2025 12:00:00 PM,SERC,WEST,EKPC,EKPC,2098.289,True
8/16/2025 5:00:00 PM,8/16/2025 1:00:00 PM,SERC,WEST,EKPC,EKPC,2317.112,True
8/16/2025 6:00:00 PM,8/16/2025 2:00:00 PM,SERC,WEST,EKPC,EKPC,2408.958,True
8/16/2025 7:00:00 PM,8/16/2025 3:00:00 PM,SERC,WEST,EKPC,EKPC,2466.477,True
8/16/2025 8:00:00 PM,8/16/2025 4:00:00 PM,SERC,WEST,EKPC,EKPC,2486.718,True
8/16/2025 9:00:00 PM,8/16/2025 5:00:00 PM,SERC,WEST,EKPC,EKPC,2449.927,True
8/16/2025 10:00:00 PM,8/16/2025 6:00:00 PM,SERC,WEST,EKPC,EKPC,2398.618,True
8/16/2025 11:00:00 PM,8/16/2025 7:00:00 PM,SERC,WEST,EKPC,EKPC,2278.371,True
8/17/2025 12:00:00 AM,8/16/2025 8:00:00 PM,SERC,WEST,EKPC,EKPC,2183.137,True
8/17/2025 1:00:00 AM,8/16/2025 9:00:00 PM,SERC,WEST,EKPC,EKPC,2035.039,True
8/17/2025 2:00:00 AM,8/16/2025 10:00:00 PM,SERC,WEST,EKPC,EKPC,1832.443,True
8/17/2025 3:00:00 AM,8/16/2025 11:00:00 PM,SERC,WEST,EKPC,EKPC,1808.460,True
8/17/2025 4:00:00 AM,8/17/2025 12:00:00 AM,SERC,WEST,EKPC,EKPC,1660.677,True
8/17/2025 5:00:00 AM,8/17/2025 1:00:00 AM,SERC,WEST,EKPC,EKPC,1521.047,True
8/17/2025 6:00:00 AM,8/17/2025 2:00:00 AM,SERC,WEST,EKPC,EKPC,1451.553,True
8/17/2025 7:00:00 AM,8/17/2025 3:00:00 AM,SERC,WEST,EKPC,EKPC,1380.445,True
8/17/2025 8:00:00 AM,8/17/2025 4:00:00 AM,SERC,WEST,EKPC,EKPC,1389.380,True
8/17/2025 9:00:00 AM,8/17/2025 5:00:00 AM,SERC,WEST,EKPC,EKPC,1342.666,True
8/17/2025 10:00:00 AM,8/17/2025 6:00:00 AM,SERC,WEST,EKPC,EKPC,1364.784,True
8/17/2025 11:00:00 AM,8/17/2025 7:00:00 AM,SERC,WEST,EKPC,EKPC,1381.586,True
8/17/2025 12:00:00 PM,8/17/2025 8:00:00 AM,SERC,WEST,EKPC,EKPC,1529.562,True
8/17/2025 1:00:00 PM,8/17/2025 9:00:00 AM,SERC,WEST,EKPC,EKPC,1696.670,True
8/17/2025 2:00:00 PM,8/17/2025 10:00:00 AM,SERC,WEST,EKPC,EKPC,1828.124,True
8/17/2025 3:00:00 PM,8/17/2025 11:00:00 AM,SERC,WEST,EKPC,EKPC,2010.070,True
8/17/2025 4:00:00 PM,8/17/2025 12:00:00 PM,SERC,WEST,EKPC,EKPC,2102.561,True
8/17/2025 5:00:00 PM,8/17/2025 1:00:00 PM,SERC,WEST,EKPC,EKPC,2176.803,True
8/17/2025 6:00:00 PM,8/17/2025 2:00:00 PM,SERC,WEST,EKPC,EKPC,2212.599,True
8/17/2025 7:00:00 PM,8/17/2025 3:00:00 PM,SERC,WEST,EKPC,EKPC,2314.652,True
8/17/2025 8:00:00 PM,8/17/2025 4:00:00 PM,SERC,WEST,EKPC,EKPC,2364.271,True
8/17/2025 9:00:00 PM,8/17/2025 5:00:00 PM,SERC,WEST,EKPC,EKPC,2403.645,True
8/17/2025 10:00:00 PM,8/17/2025 6:00:00 PM,SERC,WEST,EKPC,EKPC,2369.948,True
8/17/2025 11:00:00 PM,8/17/2025 7:00:00 PM,SERC,WEST,EKPC,EKPC,2321.292,True
8/18/2025 12:00:00 AM,8/17/2025 8:00:00 PM,SERC,WEST,EKPC,EKPC,2237.064,True
8/18/2025 1:00:00 AM,8/17/2025 9:00:00 PM,SERC,WEST,EKPC,EKPC,2127.512,True
8/18/2025 2:00:00 AM,8/17/2025 10:00:00 PM,SERC,WEST,EKPC,EKPC,1919.306,True
8/18/2025 3:00:00 AM,8/17/2025 11:00:00 PM,SERC,WEST,EKPC,EKPC,1719.214,True
8/18/2025 4:00:00 AM,8/18/2025 12:00:00 AM,SERC,WEST,EKPC,EKPC,1528.305,True
8/18/2025 5:00:00 AM,8/18/2025 1:00:00 AM,SERC,WEST,EKPC,EKPC,1446.837,True
8/18/2025 6:00:00 AM,8/18/2025 2:00:00 AM,SERC,WEST,EKPC,EKPC,1383.405,True
8/18/2025 7:00:00 AM,8/18/2025 3:00:00 AM,SERC,WEST,EKPC,EKPC,1343.722,True
8/18/2025 8:00:00 AM,8/18/2025 4:00:00 AM,SERC,WEST,EKPC,EKPC,1359.495,True
8/18/2025 9:00:00 AM,8/18/2025 5:00:00 AM,SERC,WEST,EKPC,EKPC,1434.631,True
8/18/2025 10:00:00 AM,8/18/2025 6:00:00 AM,SERC,WEST,EKPC,EKPC,1534.786,True
8/18/2025 11:00:00 AM,8/18/2025 7:00:00 AM,SERC,WEST,EKPC,EKPC,1545.275,True
8/18/2025 12:00:00 PM,8/18/2025 8:00:00 AM,SERC,WEST,EKPC,EKPC,1631.468,True
8/18/2025 1:00:00 PM,8/18/2025 9:00:00 AM,SERC,WEST,EKPC,EKPC,1720.094,True
8/18/2025 2:00:00 PM,8/18/2025 10:00:00 AM,SERC,WEST,EKPC,EKPC,1888.028,True
8/18/2025 3:00:00 PM,8/18/2025 11:00:00 AM,SERC,WEST,EKPC,EKPC,2025.933,True
8/18/2025 4:00:00 PM,8/18/2025 12:00:00 PM,SERC,WEST,EKPC,EKPC,2183.100,True
8/18/2025 5:00:00 PM,8/18/2025 1:00:00 PM,SERC,WEST,EKPC,EKPC,2220.652,True
8/18/2025 6:00:00 PM,8/18/2025 2:00:00 PM,SERC,WEST,EKPC,EKPC,2356.998,True
8/18/2025 7:00:00 PM,8/18/2025 3:00:00 PM,SERC,WEST,EKPC,EKPC,2463.564,True
8/18/2025 8:00:00 PM,8/18/2025 4:00:00 PM,SERC,WEST,EKPC,EKPC,2479.792,True
8/18/2025 9:00:00 PM,8/18/2025 5:00:00 PM,SERC,WEST,EKPC,EKPC,2565.451,True
8/18/2025 10:00:00 PM,8/18/2025 6:00:00 PM,SERC,WEST,EKPC,EKPC,2532.716,True
8/18/2025 11:00:00 PM,8/18/2025 7:00:00 PM,SERC,WEST,EKPC,EKPC,2471.626,True
8/19/2025 12:00:00 AM,8/18/2025 8:00:00 PM,SERC,WEST,EKPC,EKPC,2368.569,True
8/19/2025 1:00:00 AM,8/18/2025 9:00:00 PM,SERC,WEST,EKPC,EKPC,2227.003,True
8/19/2025 2:00:00 AM,8/18/2025 10:00:00 PM,SERC,WEST,EKPC,EKPC,1977.978,True
8/19/2025 3:00:00 AM,8/18/2025 11:00:00 PM,SERC,WEST,EKPC,EKPC,1792.947,True
8/19/2025 4:00:00 AM,8/19/2025 12:00:00 AM,SERC,WEST,EKPC,EKPC,1607.126,True
8/19/2025 5:00:00 AM,8/19/2025 1:00:00 AM,SERC,WEST,EKPC,EKPC,1481.520,True
8/19/2025 6:00:00 AM,8/19/2025 2:00:00 AM,SERC,WEST,EKPC,EKPC,1474.582,True
8/19/2025 7:00:00 AM,8/19/2025 3:00:00 AM,SERC,WEST,EKPC,EKPC,1323.246,True
8/19/2025 8:00:00 AM,8/19/2025 4:00:00 AM,SERC,WEST,EKPC,EKPC,1353.272,True
8/19/2025 9:00:00 AM,8/19/2025 5:00:00 AM,SERC,WEST,EKPC,EKPC,1409.859,True
8/19/2025 10:00:00 AM,8/19/2025 6:00:00 AM,SERC,WEST,EKPC,EKPC,1542.903,True
8/19/2025 11:00:00 AM,8/19/2025 7:00:00 AM,SERC,WEST,EKPC,EKPC,1563.249,True
8/19/2025 12:00:00 PM,8/19/2025 8:00:00 AM,SERC,WEST,EKPC,EKPC,1645.614,True
8/19/2025 1:00:00 PM,8/19/2025 9:00:00 AM,SERC,WEST,EKPC,EKPC,1756.862,True
8/19/2025 2:00:00 PM,8/19/2025 10:00:00 AM,SERC,WEST,EKPC,EKPC,1927.341,True
8/19/2025 3:00:00 PM,8/19/2025 11:00:00 AM,SERC,WEST,EKPC,EKPC,2134.569,True
8/19/2025 4:00:00 PM,8/19/2025 12:00:00 PM,SERC,WEST,EKPC,EKPC,2276.782,True
8/19/2025 5:00:00 PM,8/19/2025 1:00:00 PM,SERC,WEST,EKPC,EKPC,2412.283,True
8/19/2025 6:00:00 PM,8/19/2025 2:00:00 PM,SERC,WEST,EKPC,EKPC,2498.103,True
8/19/2025 7:00:00 PM,8/19/2025 3:00:00 PM,SERC,WEST,EKPC,EKPC,2447.220,True
8/19/2025 8:00:00 PM,8/19/2025 4:00:00 PM,SERC,WEST,EKPC,EKPC,2540.609,True
8/19/2025 9:00:00 PM,8/19/2025 5:00:00 PM,SERC,WEST,EKPC,EKPC,2633.197,True
8/19/2025 10:00:00 PM,8/19/2025 6:00:00 PM,SERC,WEST,EKPC,EKPC,2616.372,True
8/19/2025 11:00:00 PM,8/19/2025 7:00:00 PM,SERC,WEST,EKPC,EKPC,2395.554,True
8/20/2025 12:00:00 AM,8/19/2025 8:00:00 PM,SERC,WEST,EKPC,EKPC,2229.188,True
8/20/2025 1:00:00 AM,8/19/2025 9:00:00 PM,SERC,WEST,EKPC,EKPC,2247.886,True
8/20/2025 2:00:00 AM,8/19/2025 10:00:00 PM,SERC,WEST,EKPC,EKPC,2071.883,True
8/20/2025 3:00:00 AM,8/19/2025 11:00:00 PM,SERC,WEST,EKPC,EKPC,1894.086,True
8/20/2025 4:00:00 AM,8/20/2025 12:00:00 AM,SERC,WEST,EKPC,EKPC,1759.366,True
8/20/2025 5:00:00 AM,8/20/2025 1:00:00 AM,SERC,WEST,EKPC,EKPC,1633.344,True
8/20/2025 6:00:00 AM,8/20/2025 2:00:00 AM,SERC,WEST,EKPC,EKPC,1544.704,True
8/20/2025 7:00:00 AM,8/20/2025 3:00:00 AM,SERC,WEST,EKPC,EKPC,1482.155,True
8/20/2025 8:00:00 AM,8/20/2025 4:00:00 AM,SERC,WEST,EKPC,EKPC,1321.937,True
8/20/2025 9:00:00 AM,8/20/2025 5:00:00 AM,SERC,WEST,EKPC,EKPC,1349.632,True
8/20/2025 10:00:00 AM,8/20/2025 6:00:00 AM,SERC,WEST,EKPC,EKPC,1431.476,True
8/20/2025 11:00:00 AM,8/20/2025 7:00:00 AM,SERC,WEST,EKPC,EKPC,1442.763,True
8/20/2025 12:00:00 PM,8/20/2025 8:00:00 AM,SERC,WEST,EKPC,EKPC,1466.532,True
8/20/2025 1:00:00 PM,8/20/2025 9:00:00 AM,SERC,WEST,EKPC,EKPC,1538.890,True
8/20/2025 2:00:00 PM,8/20/2025 10:00:00 AM,SERC,WEST,EKPC,EKPC,1599.493,True
8/20/2025 3:00:00 PM,8/20/2025 11:00:00 AM,SERC,WEST,EKPC,EKPC,1690.914,True
8/20/2025 4:00:00 PM,8/20/2025 12:00:00 PM,SERC,WEST,EKPC,EKPC,1771.490,True
8/20/2025 5:00:00 PM,8/20/2025 1:00:00 PM,SERC,WEST,EKPC,EKPC,1855.861,True
8/20/2025 6:00:00 PM,8/20/2025 2:00:00 PM,SERC,WEST,EKPC,EKPC,1918.600,True
8/20/2025 7:00:00 PM,8/20/2025 3:00:00 PM,SERC,WEST,EKPC,EKPC,1981.766,True
8/20/2025 8:00:00 PM,8/20/2025 4:00:00 PM,SERC,WEST,EKPC,EKPC,2015.057,True
8/20/2025 9:00:00 PM,8/20/2025 5:00:00 PM,SERC,WEST,EKPC,EKPC,2068.028,True
8/20/2025 10:00:00 PM,8/20/2025 6:00:00 PM,SERC,WEST,EKPC,EKPC,2029.448,True
8/20/2025 11:00:00 PM,8/20/2025 7:00:00 PM,SERC,WEST,EKPC,EKPC,2002.311,True
8/21/2025 12:00:00 AM,8/20/2025 8:00:00 PM,SERC,WEST,EKPC,EKPC,2037.571,True
8/21/2025 1:00:00 AM,8/20/2025 9:00:00 PM,SERC,WEST,EKPC,EKPC,1887.235,True
8/21/2025 2:00:00 AM,8/20/2025 10:00:00 PM,SERC,WEST,EKPC,EKPC,1718.587,True
8/21/2025 3:00:00 AM,8/20/2025 11:00:00 PM,SERC,WEST,EKPC,EKPC,1542.360,True
8/21/2025 4:00:00 AM,8/21/2025 12:00:00 AM,SERC,WEST,EKPC,EKPC,1496.182,True
8/21/2025 5:00:00 AM,8/21/2025 1:00:00 AM,SERC,WEST,EKPC,EKPC,1440.859,True
8/21/2025 6:00:00 AM,8/21/2025 2:00:00 AM,SERC,WEST,EKPC,EKPC,1322.567,True
8/21/2025 7:00:00 AM,8/21/2025 3:00:00 AM,SERC,WEST,EKPC,EKPC,1322.726,True
8/21/2025 8:00:00 AM,8/21/2025 4:00:00 AM,SERC,WEST,EKPC,EKPC,1372.349,True
8/21/2025 9:00:00 AM,8/21/2025 5:00:00 AM,SERC,WEST,EKPC,EKPC,1363.032,True
8/21/2025 10:00:00 AM,8/21/2025 6:00:00 AM,SERC,WEST,EKPC,EKPC,1459.437,True
8/21/2025 11:00:00 AM,8/21/2025 7:00:00 AM,SERC,WEST,EKPC,EKPC,1492.137,True
8/21/2025 12:00:00 PM,8/21/2025 8:00:00 AM,SERC,WEST,EKPC,EKPC,1512.738,True
8/21/2025 1:00:00 PM,8/21/2025 9:00:00 AM,SERC,WEST,EKPC,EKPC,1546.708,True
8/21/2025 2:00:00 PM,8/21/2025 10:00:00 AM,SERC,WEST,EKPC,EKPC,1572.911,True
8/21/2025 3:00:00 PM,8/21/2025 11:00:00 AM,SERC,WEST,EKPC,EKPC,1604.093,True
8/21/2025 4:00:00 PM,8/21/2025 12:00:00 PM,SERC,WEST,EKPC,EKPC,1700.871,True
8/21/2025 5:00:00 PM,8/21/2025 1:00:00 PM,SERC,WEST,EKPC,EKPC,1785.540,True
8/21/2025 6:00:00 PM,8/21/2025 2:00:00 PM,SERC,WEST,EKPC,EKPC,1781.072,True
8/21/2025 7:00:00 PM,8/21/2025 3:00:00 PM,SERC,WEST,EKPC,EKPC,1921.383,True
8/21/2025 8:00:00 PM,8/21/2025 4:00:00 PM,SERC,WEST,EKPC,EKPC,1862.283,True
8/21/2025 9:00:00 PM,8/21/2025 5:00:00 PM,SERC,WEST,EKPC,EKPC,1854.472,True
8/21/2025 10:00:00 PM,8/21/2025 6:00:00 PM,SERC,WEST,EKPC,EKPC,1977.939,True
8/21/2025 11:00:00 PM,8/21/2025 7:00:00 PM,SERC,WEST,EKPC,EKPC,1958.633,True
8/22/2025 12:00:00 AM,8/21/2025 8:00:00 PM,SERC,WEST,EKPC,EKPC,1894.171,True
8/22/2025 1:00:00 AM,8/21/2025 9:00:00 PM,SERC,WEST,EKPC,EKPC,1851.184,True
8/22/2025 2:00:00 AM,8/21/2025 10:00:00 PM,SERC,WEST,EKPC,EKPC,1685.854,True
8/22/2025 3:00:00 AM,8/21/2025 11:00:00 PM,SERC,WEST,EKPC,EKPC,1369.989,True
8/22/2025 4:00:00 AM,8/22/2025 12:00:00 AM,SERC,WEST,EKPC,EKPC,1298.100,True
8/22/2025 5:00:00 AM,8/22/2025 1:00:00 AM,SERC,WEST,EKPC,EKPC,1267.317,True
8/22/2025 6:00:00 AM,8/22/2025 2:00:00 AM,SERC,WEST,EKPC,EKPC,1244.169,True
8/22/2025 7:00:00 AM,8/22/2025 3:00:00 AM,SERC,WEST,EKPC,EKPC,1188.877,True
8/22/2025 8:00:00 AM,8/22/2025 4:00:00 AM,SERC,WEST,EKPC,EKPC,1094.572,True
8/22/2025 9:00:00 AM,8/22/2025 5:00:00 AM,SERC,WEST,EKPC,EKPC,1240.159,True
8/22/2025 10:00:00 AM,8/22/2025 6:00:00 AM,SERC,WEST,EKPC,EKPC,1369.665,True
8/22/2025 11:00:00 AM,8/22/2025 7:00:00 AM,SERC,WEST,EKPC,EKPC,1413.366,True
8/22/2025 12:00:00 PM,8/22/2025 8:00:00 AM,SERC,WEST,EKPC,EKPC,1428.807,True
8/22/2025 1:00:00 PM,8/22/2025 9:00:00 AM,SERC,WEST,EKPC,EKPC,1455.964,True
8/22/2025 2:00:00 PM,8/22/2025 10:00:00 AM,SERC,WEST,EKPC,EKPC,1458.620,True
8/22/2025 3:00:00 PM,8/22/2025 11:00:00 AM,SERC,WEST,EKPC,EKPC,1625.376,True
8/22/2025 4:00:00 PM,8/22/2025 12:00:00 PM,SERC,WEST,EKPC,EKPC,1635.514,True
8/22/2025 5:00:00 PM,8/22/2025 1:00:00 PM,SERC,WEST,EKPC,EKPC,1719.905,True
8/22/2025 6:00:00 PM,8/22/2025 2:00:00 PM,SERC,WEST,EKPC,EKPC,1878.491,True
8/22/2025 7:00:00 PM,8/22/2025 3:00:00 PM,SERC,WEST,EKPC,EKPC,1976.789,True
8/22/2025 8:00:00 PM,8/22/2025 4:00:00 PM,SERC,WEST,EKPC,EKPC,2035.495,True
8/22/2025 9:00:00 PM,8/22/2025 5:00:00 PM,SERC,WEST,EKPC,EKPC,2134.573,True
8/22/2025 10:00:00 PM,8/22/2025 6:00:00 PM,SERC,WEST,EKPC,EKPC,2091.204,True
8/22/2025 11:00:00 PM,8/22/2025 7:00:00 PM,SERC,WEST,EKPC,EKPC,2039.936,True
8/23/2025 12:00:00 AM,8/22/2025 8:00:00 PM,SERC,WEST,EKPC,EKPC,1930.600,True
8/23/2025 1:00:00 AM,8/22/2025 9:00:00 PM,SERC,WEST,EKPC,EKPC,1803.662,True
8/23/2025 2:00:00 AM,8/22/2025 10:00:00 PM,SERC,WEST,EKPC,EKPC,1640.337,True
8/23/2025 3:00:00 AM,8/22/2025 11:00:00 PM,SERC,WEST,EKPC,EKPC,1497.570,True
8/23/2025 4:00:00 AM,8/23/2025 12:00:00 AM,SERC,WEST,EKPC,EKPC,1399.943,True
8/23/2025 5:00:00 AM,8/23/2025 1:00:00 AM,SERC,WEST,EKPC,EKPC,1305.570,True
8/23/2025 6:00:00 AM,8/23/2025 2:00:00 AM,SERC,WEST,EKPC,EKPC,1254.693,True
8/23/2025 7:00:00 AM,8/23/2025 3:00:00 AM,SERC,WEST,EKPC,EKPC,1199.526,True
8/23/2025 8:00:00 AM,8/23/2025 4:00:00 AM,SERC,WEST,EKPC,EKPC,1158.156,True
8/23/2025 9:00:00 AM,8/23/2025 5:00:00 AM,SERC,WEST,EKPC,EKPC,1074.262,True
8/23/2025 10:00:00 AM,8/23/2025 6:00:00 AM,SERC,WEST,EKPC,EKPC,1066.352,True
8/23/2025 11:00:00 AM,8/23/2025 7:00:00 AM,SERC,WEST,EKPC,EKPC,1103.471,True
8/23/2025 12:00:00 PM,8/23/2025 8:00:00 AM,SERC,WEST,EKPC,EKPC,1235.316,True
8/23/2025 1:00:00 PM,8/23/2025 9:00:00 AM,SERC,WEST,EKPC,EKPC,1503.325,True
8/23/2025 2:00:00 PM,8/23/2025 10:00:00 AM,SERC,WEST,EKPC,EKPC,1607.309,True
8/23/2025 3:00:00 PM,8/23/2025 11:00:00 AM,SERC,WEST,EKPC,EKPC,1726.046,True
8/23/2025 4:00:00 PM,8/23/2025 12:00:00 PM,SERC,WEST,EKPC,EKPC,1856.539,True
8/23/2025 5:00:00 PM,8/23/2025 1:00:00 PM,SERC,WEST,EKPC,EKPC,1911.984,True
8/23/2025 6:00:00 PM,8/23/2025 2:00:00 PM,SERC,WEST,EKPC,EKPC,1982.976,True
8/23/2025 7:00:00 PM,8/23/2025 3:00:00 PM,SERC,WEST,EKPC,EKPC,2060.549,True
8/23/2025 8:00:00 PM,8/23/2025 4:00:00 PM,SERC,WEST,EKPC,EKPC,2165.496,True
8/23/2025 9:00:00 PM,8/23/2025 5:00:00 PM,SERC,WEST,EKPC,EKPC,2203.281,True
8/23/2025 10:00:00 PM,8/23/2025 6:00:00 PM,SERC,WEST,EKPC,EKPC,2125.442,True
8/23/2025 11:00:00 PM,8/23/2025 7:00:00 PM,SERC,WEST,EKPC,EKPC,2012.019,True
8/24/2025 12:00:00 AM,8/23/2025 8:00:00 PM,SERC,WEST,EKPC,EKPC,1893.507,True
8/24/2025 1:00:00 AM,8/23/2025 9:00:00 PM,SERC,WEST,EKPC,EKPC,1800.887,True
8/24/2025 2:00:00 AM,8/23/2025 10:00:00 PM,SERC,WEST,EKPC,EKPC,1575.402,True
8/24/2025 3:00:00 AM,8/23/2025 11:00:00 PM,SERC,WEST,EKPC,EKPC,1429.078,True
8/24/2025 4:00:00 AM,8/24/2025 12:00:00 AM,SERC,WEST,EKPC,EKPC,1397.060,True
8/24/2025 5:00:00 AM,8/24/2025 1:00:00 AM,SERC,WEST,EKPC,EKPC,1352.673,True
8/24/2025 6:00:00 AM,8/24/2025 2:00:00 AM,SERC,WEST,EKPC,EKPC,1286.543,True
8/24/2025 7:00:00 AM,8/24/2025 3:00:00 AM,SERC,WEST,EKPC,EKPC,1250.859,True
8/24/2025 8:00:00 AM,8/24/2025 4:00:00 AM,SERC,WEST,EKPC,EKPC,1225.466,True
8/24/2025 9:00:00 AM,8/24/2025 5:00:00 AM,SERC,WEST,EKPC,EKPC,1214.882,True
8/24/2025 10:00:00 AM,8/24/2025 6:00:00 AM,SERC,WEST,EKPC,EKPC,1223.105,True
8/24/2025 11:00:00 AM,8/24/2025 7:00:00 AM,SERC,WEST,EKPC,EKPC,1230.700,True
8/24/2025 12:00:00 PM,8/24/2025 8:00:00 AM,SERC,WEST,EKPC,EKPC,1350.686,True
8/24/2025 1:00:00 PM,8/24/2025 9:00:00 AM,SERC,WEST,EKPC,EKPC,1483.819,True
8/24/2025 2:00:00 PM,8/24/2025 10:00:00 AM,SERC,WEST,EKPC,EKPC,1579.797,True
8/24/2025 3:00:00 PM,8/24/2025 11:00:00 AM,SERC,WEST,EKPC,EKPC,1690.066,True
8/24/2025 4:00:00 PM,8/24/2025 12:00:00 PM,SERC,WEST,EKPC,EKPC,1848.100,True
8/24/2025 5:00:00 PM,8/24/2025 1:00:00 PM,SERC,WEST,EKPC,EKPC,1905.185,True
8/24/2025 6:00:00 PM,8/24/2025 2:00:00 PM,SERC,WEST,EKPC,EKPC,1969.801,True
8/24/2025 7:00:00 PM,8/24/2025 3:00:00 PM,SERC,WEST,EKPC,EKPC,2090.919,True
8/24/2025 8:00:00 PM,8/24/2025 4:00:00 PM,SERC,WEST,EKPC,EKPC,2121.921,True
8/24/2025 9:00:00 PM,8/24/2025 5:00:00 PM,SERC,WEST,EKPC,EKPC,2128.748,True
8/24/2025 10:00:00 PM,8/24/2025 6:00:00 PM,SERC,WEST,EKPC,EKPC,2146.908,True
8/24/2025 11:00:00 PM,8/24/2025 7:00:00 PM,SERC,WEST,EKPC,EKPC,2035.710,True
8/25/2025 12:00:00 AM,8/24/2025 8:00:00 PM,SERC,WEST,EKPC,EKPC,1919.053,True
8/25/2025 1:00:00 AM,8/24/2025 9:00:00 PM,SERC,WEST,EKPC,EKPC,1801.678,True
8/25/2025 2:00:00 AM,8/24/2025 10:00:00 PM,SERC,WEST,EKPC,EKPC,1624.528,True
8/25/2025 3:00:00 AM,8/24/2025 11:00:00 PM,SERC,WEST,EKPC,EKPC,1426.890,True
8/25/2025 4:00:00 AM,8/25/2025 12:00:00 AM,SERC,WEST,EKPC,EKPC,1321.656,True
8/25/2025 5:00:00 AM,8/25/2025 1:00:00 AM,SERC,WEST,EKPC,EKPC,1237.218,True
8/25/2025 6:00:00 AM,8/25/2025 2:00:00 AM,SERC,WEST,EKPC,EKPC,1142.826,True
8/25/2025 7:00:00 AM,8/25/2025 3:00:00 AM,SERC,WEST,EKPC,EKPC,1178.908,True
8/25/2025 8:00:00 AM,8/25/2025 4:00:00 AM,SERC,WEST,EKPC,EKPC,1189.206,True
8/25/2025 9:00:00 AM,8/25/2025 5:00:00 AM,SERC,WEST,EKPC,EKPC,1237.930,True
8/25/2025 10:00:00 AM,8/25/2025 6:00:00 AM,SERC,WEST,EKPC,EKPC,1355.197,True
8/25/2025 11:00:00 AM,8/25/2025 7:00:00 AM,SERC,WEST,EKPC,EKPC,1383.261,True
8/25/2025 12:00:00 PM,8/25/2025 8:00:00 AM,SERC,WEST,EKPC,EKPC,1392.044,True
8/25/2025 1:00:00 PM,8/25/2025 9:00:00 AM,SERC,WEST,EKPC,EKPC,1441.322,True
8/25/2025 2:00:00 PM,8/25/2025 10:00:00 AM,SERC,WEST,EKPC,EKPC,1510.108,True
8/25/2025 3:00:00 PM,8/25/2025 11:00:00 AM,SERC,WEST,EKPC,EKPC,1550.819,True
8/25/2025 4:00:00 PM,8/25/2025 12:00:00 PM,SERC,WEST,EKPC,EKPC,1610.717,True
8/25/2025 5:00:00 PM,8/25/2025 1:00:00 PM,SERC,WEST,EKPC,EKPC,1650.518,True
8/25/2025 6:00:00 PM,8/25/2025 2:00:00 PM,SERC,WEST,EKPC,EKPC,1628.118,True
8/25/2025 7:00:00 PM,8/25/2025 3:00:00 PM,SERC,WEST,EKPC,EKPC,1631.239,True
8/25/2025 8:00:00 PM,8/25/2025 4:00:00 PM,SERC,WEST,EKPC,EKPC,1709.124,True
8/25/2025 9:00:00 PM,8/25/2025 5:00:00 PM,SERC,WEST,EKPC,EKPC,1753.946,True
8/25/2025 10:00:00 PM,8/25/2025 6:00:00 PM,SERC,WEST,EKPC,EKPC,1807.589,True
8/25/2025 11:00:00 PM,8/25/2025 7:00:00 PM,SERC,WEST,EKPC,EKPC,1673.541,True
8/26/2025 12:00:00 AM,8/25/2025 8:00:00 PM,SERC,WEST,EKPC,EKPC,1535.595,True
8/26/2025 1:00:00 AM,8/25/2025 9:00:00 PM,SERC,WEST,EKPC,EKPC,1451.705,True
8/26/2025 2:00:00 AM,8/25/2025 10:00:00 PM,SERC,WEST,EKPC,EKPC,1446.760,True
8/26/2025 3:00:00 AM,8/25/2025 11:00:00 PM,SERC,WEST,EKPC,EKPC,1196.685,True
8/26/2025 4:00:00 AM,8/26/2025 12:00:00 AM,SERC,WEST,EKPC,EKPC,1094.498,True
8/26/2025 5:00:00 AM,8/26/2025 1:00:00 AM,SERC,WEST,EKPC,EKPC,1105.291,True
8/26/2025 6:00:00 AM,8/26/2025 2:00:00 AM,SERC,WEST,EKPC,EKPC,1007.844,True
8/26/2025 7:00:00 AM,8/26/2025 3:00:00 AM,SERC,WEST,EKPC,EKPC,1045.651,True
8/26/2025 8:00:00 AM,8/26/2025 4:00:00 AM,SERC,WEST,EKPC,EKPC,1192.491,True
8/26/2025 9:00:00 AM,8/26/2025 5:00:00 AM,SERC,WEST,EKPC,EKPC,1183.453,True
8/26/2025 10:00:00 AM,8/26/2025 6:00:00 AM,SERC,WEST,EKPC,EKPC,1270.784,True
8/26/2025 11:00:00 AM,8/26/2025 7:00:00 AM,SERC,WEST,EKPC,EKPC,1322.862,True
8/26/2025 12:00:00 PM,8/26/2025 8:00:00 AM,SERC,WEST,EKPC,EKPC,1231.220,True
8/26/2025 1:00:00 PM,8/26/2025 9:00:00 AM,SERC,WEST,EKPC,EKPC,1362.786,True
8/26/2025 2:00:00 PM,8/26/2025 10:00:00 AM,SERC,WEST,EKPC,EKPC,1416.220,True
8/26/2025 3:00:00 PM,8/26/2025 11:00:00 AM,SERC,WEST,EKPC,EKPC,1468.243,True
8/26/2025 4:00:00 PM,8/26/2025 12:00:00 PM,SERC,WEST,EKPC,EKPC,1508.639,True
8/26/2025 5:00:00 PM,8/26/2025 1:00:00 PM,SERC,WEST,EKPC,EKPC,1527.565,True
8/26/2025 6:00:00 PM,8/26/2025 2:00:00 PM,SERC,WEST,EKPC,EKPC,1605.293,True
8/26/2025 7:00:00 PM,8/26/2025 3:00:00 PM,SERC,WEST,EKPC,EKPC,1637.428,True
8/26/2025 8:00:00 PM,8/26/2025 4:00:00 PM,SERC,WEST,EKPC,EKPC,1670.243,True
8/26/2025 9:00:00 PM,8/26/2025 5:00:00 PM,SERC,WEST,EKPC,EKPC,1690.931,True
8/26/2025 10:00:00 PM,8/26/2025 6:00:00 PM,SERC,WEST,EKPC,EKPC,1633.089,True
8/26/2025 11:00:00 PM,8/26/2025 7:00:00 PM,SERC,WEST,EKPC,EKPC,1700.782,True
8/27/2025 12:00:00 AM,8/26/2025 8:00:00 PM,SERC,WEST,EKPC,EKPC,1651.792,True
8/27/2025 1:00:00 AM,8/26/2025 9:00:00 PM,SERC,WEST,EKPC,EKPC,1599.255,True
8/27/2025 2:00:00 AM,8/26/2025 10:00:00 PM,SERC,WEST,EKPC,EKPC,1318.267,True
8/27/2025 3:00:00 AM,8/26/2025 11:00:00 PM,SERC,WEST,EKPC,EKPC,1181.994,True
8/27/2025 4:00:00 AM,8/27/2025 12:00:00 AM,SERC,WEST,EKPC,EKPC,1136.480,True
8/27/2025 5:00:00 AM,8/27/2025 1:00:00 AM,SERC,WEST,EKPC,EKPC,1123.702,True
8/27/2025 6:00:00 AM,8/27/2025 2:00:00 AM,SERC,WEST,EKPC,EKPC,1121.328,True
8/27/2025 7:00:00 AM,8/27/2025 3:00:00 AM,SERC,WEST,EKPC,EKPC,1100.013,True
8/27/2025 8:00:00 AM,8/27/2025 4:00:00 AM,SERC,WEST,EKPC,EKPC,1029.273,True
8/27/2025 9:00:00 AM,8/27/2025 5:00:00 AM,SERC,WEST,EKPC,EKPC,1046.397,True
8/27/2025 10:00:00 AM,8/27/2025 6:00:00 AM,SERC,WEST,EKPC,EKPC,1177.493,True
8/27/2025 11:00:00 AM,8/27/2025 7:00:00 AM,SERC,WEST,EKPC,EKPC,1184.181,True
8/27/2025 12:00:00 PM,8/27/2025 8:00:00 AM,SERC,WEST,EKPC,EKPC,1168.782,True
8/27/2025 1:00:00 PM,8/27/2025 9:00:00 AM,SERC,WEST,EKPC,EKPC,1186.210,True
8/27/2025 2:00:00 PM,8/27/2025 10:00:00 AM,SERC,WEST,EKPC,EKPC,1201.115,True
8/27/2025 3:00:00 PM,8/27/2025 11:00:00 AM,SERC,WEST,EKPC,EKPC,1240.768,True
8/27/2025 4:00:00 PM,8/27/2025 12:00:00 PM,SERC,WEST,EKPC,EKPC,1270.297,True
8/27/2025 5:00:00 PM,8/27/2025 1:00:00 PM,SERC,WEST,EKPC,EKPC,1334.041,True
8/27/2025 6:00:00 PM,8/27/2025 2:00:00 PM,SERC,WEST,EKPC,EKPC,1405.292,True
8/27/2025 7:00:00 PM,8/27/2025 3:00:00 PM,SERC,WEST,EKPC,EKPC,1505.009,True
8/27/2025 8:00:00 PM,8/27/2025 4:00:00 PM,SERC,WEST,EKPC,EKPC,1608.429,True
8/27/2025 9:00:00 PM,8/27/2025 5:00:00 PM,SERC,WEST,EKPC,EKPC,1597.367,True
8/27/2025 10:00:00 PM,8/27/2025 6:00:00 PM,SERC,WEST,EKPC,EKPC,1590.163,True
8/27/2025 11:00:00 PM,8/27/2025 7:00:00 PM,SERC,WEST,EKPC,EKPC,1541.104,True
8/28/2025 12:00:00 AM,8/27/2025 8:00:00 PM,SERC,WEST,EKPC,EKPC,1542.914,True
8/28/2025 1:00:00 AM,8/27/2025 9:00:00 PM,SERC,WEST,EKPC,EKPC,1455.324,True
8/28/2025 2:00:00 AM,8/27/2025 10:00:00 PM,SERC,WEST,EKPC,EKPC,1408.649,True
8/28/2025 3:00:00 AM,8/27/2025 11:00:00 PM,SERC,WEST,EKPC,EKPC,1187.024,True
8/28/2025 4:00:00 AM,8/28/2025 12:00:00 AM,SERC,WEST,EKPC,EKPC,1086.545,True
8/28/2025 5:00:00 AM,8/28/2025 1:00:00 AM,SERC,WEST,EKPC,EKPC,1025.087,True
8/28/2025 6:00:00 AM,8/28/2025 2:00:00 AM,SERC,WEST,EKPC,EKPC,1140.621,True
8/28/2025 7:00:00 AM,8/28/2025 3:00:00 AM,SERC,WEST,EKPC,EKPC,1110.536,True
8/28/2025 8:00:00 AM,8/28/2025 4:00:00 AM,SERC,WEST,EKPC,EKPC,1091.575,True
8/28/2025 9:00:00 AM,8/28/2025 5:00:00 AM,SERC,WEST,EKPC,EKPC,1214.115,True
8/28/2025 10:00:00 AM,8/28/2025 6:00:00 AM,SERC,WEST,EKPC,EKPC,1348.711,True
8/28/2025 11:00:00 AM,8/28/2025 7:00:00 AM,SERC,WEST,EKPC,EKPC,1184.845,True
8/28/2025 12:00:00 PM,8/28/2025 8:00:00 AM,SERC,WEST,EKPC,EKPC,1171.651,True
8/28/2025 1:00:00 PM,8/28/2025 9:00:00 AM,SERC,WEST,EKPC,EKPC,1201.779,True
8/28/2025 2:00:00 PM,8/28/2025 10:00:00 AM,SERC,WEST,EKPC,EKPC,1205.860,True
8/28/2025 3:00:00 PM,8/28/2025 11:00:00 AM,SERC,WEST,EKPC,EKPC,1257.141,True
8/28/2025 4:00:00 PM,8/28/2025 12:00:00 PM,SERC,WEST,EKPC,EKPC,1326.926,True
8/28/2025 5:00:00 PM,8/28/2025 1:00:00 PM,SERC,WEST,EKPC,EKPC,1440.877,True
8/28/2025 6:00:00 PM,8/28/2025 2:00:00 PM,SERC,WEST,EKPC,EKPC,1645.937,True
8/28/2025 7:00:00 PM,8/28/2025 3:00:00 PM,SERC,WEST,EKPC,EKPC,1660.045,True
8/28/2025 8:00:00 PM,8/28/2025 4:00:00 PM,SERC,WEST,EKPC,EKPC,1614.977,True
8/28/2025 9:00:00 PM,8/28/2025 5:00:00 PM,SERC,WEST,EKPC,EKPC,1662.267,True
8/28/2025 10:00:00 PM,8/28/2025 6:00:00 PM,SERC,WEST,EKPC,EKPC,1706.867,True
8/28/2025 11:00:00 PM,8/28/2025 7:00:00 PM,SERC,WEST,EKPC,EKPC,1801.736,True
8/29/2025 12:00:00 AM,8/28/2025 8:00:00 PM,SERC,WEST,EKPC,EKPC,1742.390,True
8/29/2025 1:00:00 AM,8/28/2025 9:00:00 PM,SERC,WEST,EKPC,EKPC,1676.796,True
8/29/2025 2:00:00 AM,8/28/2025 10:00:00 PM,SERC,WEST,EKPC,EKPC,1487.995,True
8/29/2025 3:00:00 AM,8/28/2025 11:00:00 PM,SERC,WEST,EKPC,EKPC,1413.423,True
8/29/2025 4:00:00 AM,8/29/2025 12:00:00 AM,SERC,WEST,EKPC,EKPC,1289.358,True
8/29/2025 5:00:00 AM,8/29/2025 1:00:00 AM,SERC,WEST,EKPC,EKPC,1200.561,True
8/29/2025 6:00:00 AM,8/29/2025 2:00:00 AM,SERC,WEST,EKPC,EKPC,1162.389,True
8/29/2025 7:00:00 AM,8/29/2025 3:00:00 AM,SERC,WEST,EKPC,EKPC,1187.395,True
8/29/2025 8:00:00 AM,8/29/2025 4:00:00 AM,SERC,WEST,EKPC,EKPC,1207.576,True
8/29/2025 9:00:00 AM,8/29/2025 5:00:00 AM,SERC,WEST,EKPC,EKPC,1140.436,True
8/29/2025 10:00:00 AM,8/29/2025 6:00:00 AM,SERC,WEST,EKPC,EKPC,1316.265,True
8/29/2025 11:00:00 AM,8/29/2025 7:00:00 AM,SERC,WEST,EKPC,EKPC,1312.647,True
8/29/2025 12:00:00 PM,8/29/2025 8:00:00 AM,SERC,WEST,EKPC,EKPC,1348.583,True
8/29/2025 1:00:00 PM,8/29/2025 9:00:00 AM,SERC,WEST,EKPC,EKPC,1338.940,True
8/29/2025 2:00:00 PM,8/29/2025 10:00:00 AM,SERC,WEST,EKPC,EKPC,1404.606,True
8/29/2025 3:00:00 PM,8/29/2025 11:00:00 AM,SERC,WEST,EKPC,EKPC,1450.409,True
8/29/2025 4:00:00 PM,8/29/2025 12:00:00 PM,SERC,WEST,EKPC,EKPC,1559.960,True
8/29/2025 5:00:00 PM,8/29/2025 1:00:00 PM,SERC,WEST,EKPC,EKPC,1644.482,True
8/29/2025 6:00:00 PM,8/29/2025 2:00:00 PM,SERC,WEST,EKPC,EKPC,1712.528,True
8/29/2025 7:00:00 PM,8/29/2025 3:00:00 PM,SERC,WEST,EKPC,EKPC,1766.253,True
8/29/2025 8:00:00 PM,8/29/2025 4:00:00 PM,SERC,WEST,EKPC,EKPC,1835.606,True
8/29/2025 9:00:00 PM,8/29/2025 5:00:00 PM,SERC,WEST,EKPC,EKPC,1885.226,True
8/29/2025 10:00:00 PM,8/29/2025 6:00:00 PM,SERC,WEST,EKPC,EKPC,1765.708,True
8/29/2025 11:00:00 PM,8/29/2025 7:00:00 PM,SERC,WEST,EKPC,EKPC,1644.161,True
8/30/2025 12:00:00 AM,8/29/2025 8:00:00 PM,SERC,WEST,EKPC,EKPC,1655.913,True
8/30/2025 1:00:00 AM,8/29/2025 9:00:00 PM,SERC,WEST,EKPC,EKPC,1585.442,True
8/30/2025 2:00:00 AM,8/29/2025 10:00:00 PM,SERC,WEST,EKPC,EKPC,1420.035,True
8/30/2025 3:00:00 AM,8/29/2025 11:00:00 PM,SERC,WEST,EKPC,EKPC,1293.335,True
8/30/2025 4:00:00 AM,8/30/2025 12:00:00 AM,SERC,WEST,EKPC,EKPC,1189.484,True
8/30/2025 5:00:00 AM,8/30/2025 1:00:00 AM,SERC,WEST,EKPC,EKPC,1193.747,True
8/30/2025 6:00:00 AM,8/30/2025 2:00:00 AM,SERC,WEST,EKPC,EKPC,1165.447,True
8/30/2025 7:00:00 AM,8/30/2025 3:00:00 AM,SERC,WEST,EKPC,EKPC,1120.680,True
8/30/2025 8:00:00 AM,8/30/2025 4:00:00 AM,SERC,WEST,EKPC,EKPC,992.501,True
8/30/2025 9:00:00 AM,8/30/2025 5:00:00 AM,SERC,WEST,EKPC,EKPC,1106.949,True
8/30/2025 10:00:00 AM,8/30/2025 6:00:00 AM,SERC,WEST,EKPC,EKPC,1100.133,True
8/30/2025 11:00:00 AM,8/30/2025 7:00:00 AM,SERC,WEST,EKPC,EKPC,1157.271,True
8/30/2025 12:00:00 PM,8/30/2025 8:00:00 AM,SERC,WEST,EKPC,EKPC,1212.261,True
8/30/2025 1:00:00 PM,8/30/2025 9:00:00 AM,SERC,WEST,EKPC,EKPC,1188.584,True
8/30/2025 2:00:00 PM,8/30/2025 10:00:00 AM,SERC,WEST,EKPC,EKPC,1328.979,True
8/30/2025 3:00:00 PM,8/30/2025 11:00:00 AM,SERC,WEST,EKPC,EKPC,1450.528,True
8/30/2025 4:00:00 PM,8/30/2025 12:00:00 PM,SERC,WEST,EKPC,EKPC,1510.632,True
8/30/2025 5:00:00 PM,8/30/2025 1:00:00 PM,SERC,WEST,EKPC,EKPC,1553.504,True
8/30/2025 6:00:00 PM,8/30/2025 2:00:00 PM,SERC,WEST,EKPC,EKPC,1656.843,True
8/30/2025 7:00:00 PM,8/30/2025 3:00:00 PM,SERC,WEST,EKPC,EKPC,1712.164,True
8/30/2025 8:00:00 PM,8/30/2025 4:00:00 PM,SERC,WEST,EKPC,EKPC,1696.124,True
8/30/2025 9:00:00 PM,8/30/2025 5:00:00 PM,SERC,WEST,EKPC,EKPC,1774.034,True
8/30/2025 10:00:00 PM,8/30/2025 6:00:00 PM,SERC,WEST,EKPC,EKPC,1743.225,True
8/30/2025 11:00:00 PM,8/30/2025 7:00:00 PM,SERC,WEST,EKPC,EKPC,1668.078,True
8/31/2025 12:00:00 AM,8/30/2025 8:00:00 PM,SERC,WEST,EKPC,EKPC,1568.404,True
8/31/2025 1:00:00 AM,8/30/2025 9:00:00 PM,SERC,WEST,EKPC,EKPC,1524.438,True
8/31/2025 2:00:00 AM,8/30/2025 10:00:00 PM,SERC,WEST,EKPC,EKPC,1413.196,True
8/31/2025 3:00:00 AM,8/30/2025 11:00:00 PM,SERC,WEST,EKPC,EKPC,1280.882,True
8/31/2025 4:00:00 AM,8/31/2025 12:00:00 AM,SERC,WEST,EKPC,EKPC,1190.717,True
8/31/2025 5:00:00 AM,8/31/2025 1:00:00 AM,SERC,WEST,EKPC,EKPC,1101.849,True
8/31/2025 6:00:00 AM,8/31/2025 2:00:00 AM,SERC,WEST,EKPC,EKPC,1090.383,True
8/31/2025 7:00:00 AM,8/31/2025 3:00:00 AM,SERC,WEST,EKPC,EKPC,1126.114,True
8/31/2025 8:00:00 AM,8/31/2025 4:00:00 AM,SERC,WEST,EKPC,EKPC,1116.374,True
8/31/2025 9:00:00 AM,8/31/2025 5:00:00 AM,SERC,WEST,EKPC,EKPC,1093.387,True
8/31/2025 10:00:00 AM,8/31/2025 6:00:00 AM,SERC,WEST,EKPC,EKPC,1021.582,True
8/31/2025 11:00:00 AM,8/31/2025 7:00:00 AM,SERC,WEST,EKPC,EKPC,1181.187,True
8/31/2025 12:00:00 PM,8/31/2025 8:00:00 AM,SERC,WEST,EKPC,EKPC,1248.387,True
8/31/2025 1:00:00 PM,8/31/2025 9:00:00 AM,SERC,WEST,EKPC,EKPC,1313.967,True
8/31/2025 2:00:00 PM,8/31/2025 10:00:00 AM,SERC,WEST,EKPC,EKPC,1331.645,True
8/31/2025 3:00:00 PM,8/31/2025 11:00:00 AM,SERC,WEST,EKPC,EKPC,1388.456,True
8/31/2025 4:00:00 PM,8/31/2025 12:00:00 PM,SERC,WEST,EKPC,EKPC,1480.499,True
8/31/2025 5:00:00 PM,8/31/2025 1:00:00 PM,SERC,WEST,EKPC,EKPC,1535.237,True
8/31/2025 6:00:00 PM,8/31/2025 2:00:00 PM,SERC,WEST,EKPC,EKPC,1565.875,True
8/31/2025 7:00:00 PM,8/31/2025 3:00:00 PM,SERC,WEST,EKPC,EKPC,1544.313,True
8/31/2025 8:00:00 PM,8/31/2025 4:00:00 PM,SERC,WEST,EKPC,EKPC,1814.316,True
8/31/2025 9:00:00 PM,8/31/2025 5:00:00 PM,SERC,WEST,EKPC,EKPC,1862.107,True
8/31/2025 10:00:00 PM,8/31/2025 6:00:00 PM,SERC,WEST,EKPC,EKPC,1843.736,True
8/31/2025 11:00:00 PM,8/31/2025 7:00:00 PM,SERC,WEST,EKPC,EKPC,1768.951,True
9/1/2025 12:00:00 AM,8/31/2025 8:00:00 PM,SERC,WEST,EKPC,EKPC,1627.176,True
9/1/2025 1:00:00 AM,8/31/2025 9:00:00 PM,SERC,WEST,EKPC,EKPC,1529.428,True
9/1/2025 2:00:00 AM,8/31/2025 10:00:00 PM,SERC,WEST,EKPC,EKPC,1470.993,True
9/1/2025 3:00:00 AM,8/31/2025 11:00:00 PM,SERC,WEST,EKPC,EKPC,1347.826,True
9/1/2025 4:00:00 AM,9/1/2025 12:00:00 AM,SERC,WEST,EKPC,EKPC,1236.524,True
9/1/2025 5:00:00 AM,9/1/2025 1:00:00 AM,SERC,WEST,EKPC,EKPC,1161.403,True
9/1/2025 6:00:00 AM,9/1/2025 2:00:00 AM,SERC,WEST,EKPC,EKPC,1026.945,True
9/1/2025 7:00:00 AM,9/1/2025 3:00:00 AM,SERC,WEST,EKPC,EKPC,1108.430,True
9/1/2025 8:00:00 AM,9/1/2025 4:00:00 AM,SERC,WEST,EKPC,EKPC,984.355,True
9/1/2025 9:00:00 AM,9/1/2025 5:00:00 AM,SERC,WEST,EKPC,EKPC,1097.270,True
9/1/2025 10:00:00 AM,9/1/2025 6:00:00 AM,SERC,WEST,EKPC,EKPC,1105.107,True
9/1/2025 11:00:00 AM,9/1/2025 7:00:00 AM,SERC,WEST,EKPC,EKPC,1108.755,True
9/1/2025 12:00:00 PM,9/1/2025 8:00:00 AM,SERC,WEST,EKPC,EKPC,1225.197,True
9/1/2025 1:00:00 PM,9/1/2025 9:00:00 AM,SERC,WEST,EKPC,EKPC,1319.736,True
9/1/2025 2:00:00 PM,9/1/2025 10:00:00 AM,SERC,WEST,EKPC,EKPC,1406.099,True
9/1/2025 3:00:00 PM,9/1/2025 11:00:00 AM,SERC,WEST,EKPC,EKPC,1502.285,True
9/1/2025 4:00:00 PM,9/1/2025 12:00:00 PM,SERC,WEST,EKPC,EKPC,1626.447,True
9/1/2025 5:00:00 PM,9/1/2025 1:00:00 PM,SERC,WEST,EKPC,EKPC,1707.967,True
9/1/2025 6:00:00 PM,9/1/2025 2:00:00 PM,SERC,WEST,EKPC,EKPC,1783.015,True
9/1/2025 7:00:00 PM,9/1/2025 3:00:00 PM,SERC,WEST,EKPC,EKPC,1856.904,True
9/1/2025 8:00:00 PM,9/1/2025 4:00:00 PM,SERC,WEST,EKPC,EKPC,1898.202,True
9/1/2025 9:00:00 PM,9/1/2025 5:00:00 PM,SERC,WEST,EKPC,EKPC,1963.591,True
9/1/2025 10:00:00 PM,9/1/2025 6:00:00 PM,SERC,WEST,EKPC,EKPC,1879.928,True
9/1/2025 11:00:00 PM,9/1/2025 7:00:00 PM,SERC,WEST,EKPC,EKPC,1896.750,True
9/2/2025 12:00:00 AM,9/1/2025 8:00:00 PM,SERC,WEST,EKPC,EKPC,1845.082,True
9/2/2025 1:00:00 AM,9/1/2025 9:00:00 PM,SERC,WEST,EKPC,EKPC,1716.173,True
9/2/2025 2:00:00 AM,9/1/2025 10:00:00 PM,SERC,WEST,EKPC,EKPC,1549.407,True
9/2/2025 3:00:00 AM,9/1/2025 11:00:00 PM,SERC,WEST,EKPC,EKPC,1417.006,True
9/2/2025 4:00:00 AM,9/2/2025 12:00:00 AM,SERC,WEST,EKPC,EKPC,1273.507,True
9/2/2025 5:00:00 AM,9/2/2025 1:00:00 AM,SERC,WEST,EKPC,EKPC,1231.338,True
9/2/2025 6:00:00 AM,9/2/2025 2:00:00 AM,SERC,WEST,EKPC,EKPC,1156.649,True
9/2/2025 7:00:00 AM,9/2/2025 3:00:00 AM,SERC,WEST,EKPC,EKPC,1173.446,True
9/2/2025 8:00:00 AM,9/2/2025 4:00:00 AM,SERC,WEST,EKPC,EKPC,1167.529,True
9/2/2025 9:00:00 AM,9/2/2025 5:00:00 AM,SERC,WEST,EKPC,EKPC,1236.498,True
9/2/2025 10:00:00 AM,9/2/2025 6:00:00 AM,SERC,WEST,EKPC,EKPC,1293.468,True
9/2/2025 11:00:00 AM,9/2/2025 7:00:00 AM,SERC,WEST,EKPC,EKPC,1266.155,True
9/2/2025 12:00:00 PM,9/2/2025 8:00:00 AM,SERC,WEST,EKPC,EKPC,1313.993,True
9/2/2025 1:00:00 PM,9/2/2025 9:00:00 AM,SERC,WEST,EKPC,EKPC,1384.558,True
9/2/2025 2:00:00 PM,9/2/2025 10:00:00 AM,SERC,WEST,EKPC,EKPC,1476.097,True
9/2/2025 3:00:00 PM,9/2/2025 11:00:00 AM,SERC,WEST,EKPC,EKPC,1605.128,True
9/2/2025 4:00:00 PM,9/2/2025 12:00:00 PM,SERC,WEST,EKPC,EKPC,1744.137,True
9/2/2025 5:00:00 PM,9/2/2025 1:00:00 PM,SERC,WEST,EKPC,EKPC,1787.600,True
9/2/2025 6:00:00 PM,9/2/2025 2:00:00 PM,SERC,WEST,EKPC,EKPC,1828.604,True
9/2/2025 7:00:00 PM,9/2/2025 3:00:00 PM,SERC,WEST,EKPC,EKPC,1866.843,True
9/2/2025 8:00:00 PM,9/2/2025 4:00:00 PM,SERC,WEST,EKPC,EKPC,1847.414,True
9/2/2025 9:00:00 PM,9/2/2025 5:00:00 PM,SERC,WEST,EKPC,EKPC,1824.753,True
9/2/2025 10:00:00 PM,9/2/2025 6:00:00 PM,SERC,WEST,EKPC,EKPC,1829.211,True
9/2/2025 11:00:00 PM,9/2/2025 7:00:00 PM,SERC,WEST,EKPC,EKPC,1741.948,True
9/3/2025 12:00:00 AM,9/2/2025 8:00:00 PM,SERC,WEST,EKPC,EKPC,1750.879,True
9/3/2025 1:00:00 AM,9/2/2025 9:00:00 PM,SERC,WEST,EKPC,EKPC,1681.907,True
9/3/2025 2:00:00 AM,9/2/2025 10:00:00 PM,SERC,WEST,EKPC,EKPC,1547.829,True
9/3/2025 3:00:00 AM,9/2/2025 11:00:00 PM,SERC,WEST,EKPC,EKPC,1362.486,True
9/3/2025 4:00:00 AM,9/3/2025 12:00:00 AM,SERC,WEST,EKPC,EKPC,1273.517,True
9/3/2025 5:00:00 AM,9/3/2025 1:00:00 AM,SERC,WEST,EKPC,EKPC,1251.220,True
9/3/2025 6:00:00 AM,9/3/2025 2:00:00 AM,SERC,WEST,EKPC,EKPC,1235.636,True
9/3/2025 7:00:00 AM,9/3/2025 3:00:00 AM,SERC,WEST,EKPC,EKPC,1237.051,True
9/3/2025 8:00:00 AM,9/3/2025 4:00:00 AM,SERC,WEST,EKPC,EKPC,1262.149,True
9/3/2025 9:00:00 AM,9/3/2025 5:00:00 AM,SERC,WEST,EKPC,EKPC,1267.447,True
9/3/2025 10:00:00 AM,9/3/2025 6:00:00 AM,SERC,WEST,EKPC,EKPC,1302.917,True
9/3/2025 11:00:00 AM,9/3/2025 7:00:00 AM,SERC,WEST,EKPC,EKPC,1263.852,True
9/3/2025 12:00:00 PM,9/3/2025 8:00:00 AM,SERC,WEST,EKPC,EKPC,1331.477,True
9/3/2025 1:00:00 PM,9/3/2025 9:00:00 AM,SERC,WEST,EKPC,EKPC,1361.508,True
9/3/2025 2:00:00 PM,9/3/2025 10:00:00 AM,SERC,WEST,EKPC,EKPC,1328.841,True
9/3/2025 3:00:00 PM,9/3/2025 11:00:00 AM,SERC,WEST,EKPC,EKPC,1414.117,True
9/3/2025 4:00:00 PM,9/3/2025 12:00:00 PM,SERC,WEST,EKPC,EKPC,1509.607,True
9/3/2025 5:00:00 PM,9/3/2025 1:00:00 PM,SERC,WEST,EKPC,EKPC,1665.764,True
9/3/2025 6:00:00 PM,9/3/2025 2:00:00 PM,SERC,WEST,EKPC,EKPC,1739.174,True
9/3/2025 7:00:00 PM,9/3/2025 3:00:00 PM,SERC,WEST,EKPC,EKPC,1883.495,True
9/3/2025 8:00:00 PM,9/3/2025 4:00:00 PM,SERC,WEST,EKPC,EKPC,1902.687,True
9/3/2025 9:00:00 PM,9/3/2025 5:00:00 PM,SERC,WEST,EKPC,EKPC,1971.852,True
9/3/2025 10:00:00 PM,9/3/2025 6:00:00 PM,SERC,WEST,EKPC,EKPC,1989.433,True
9/3/2025 11:00:00 PM,9/3/2025 7:00:00 PM,SERC,WEST,EKPC,EKPC,1911.873,True
9/4/2025 12:00:00 AM,9/3/2025 8:00:00 PM,SERC,WEST,EKPC,EKPC,1854.076,True
9/4/2025 1:00:00 AM,9/3/2025 9:00:00 PM,SERC,WEST,EKPC,EKPC,1752.846,True
9/4/2025 2:00:00 AM,9/3/2025 10:00:00 PM,SERC,WEST,EKPC,EKPC,1578.498,True
9/4/2025 3:00:00 AM,9/3/2025 11:00:00 PM,SERC,WEST,EKPC,EKPC,1464.923,True
9/4/2025 4:00:00 AM,9/4/2025 12:00:00 AM,SERC,WEST,EKPC,EKPC,1358.750,True
9/4/2025 5:00:00 AM,9/4/2025 1:00:00 AM,SERC,WEST,EKPC,EKPC,1288.599,True
9/4/2025 6:00:00 AM,9/4/2025 2:00:00 AM,SERC,WEST,EKPC,EKPC,1273.152,True
9/4/2025 7:00:00 AM,9/4/2025 3:00:00 AM,SERC,WEST,EKPC,EKPC,1172.882,True
9/4/2025 8:00:00 AM,9/4/2025 4:00:00 AM,SERC,WEST,EKPC,EKPC,1220.301,True
9/4/2025 9:00:00 AM,9/4/2025 5:00:00 AM,SERC,WEST,EKPC,EKPC,1294.434,True
9/4/2025 10:00:00 AM,9/4/2025 6:00:00 AM,SERC,WEST,EKPC,EKPC,1406.036,True
9/4/2025 11:00:00 AM,9/4/2025 7:00:00 AM,SERC,WEST,EKPC,EKPC,1404.891,True
9/4/2025 12:00:00 PM,9/4/2025 8:00:00 AM,SERC,WEST,EKPC,EKPC,1442.241,True
9/4/2025 1:00:00 PM,9/4/2025 9:00:00 AM,SERC,WEST,EKPC,EKPC,1435.472,True
9/4/2025 2:00:00 PM,9/4/2025 10:00:00 AM,SERC,WEST,EKPC,EKPC,1425.061,True
9/4/2025 3:00:00 PM,9/4/2025 11:00:00 AM,SERC,WEST,EKPC,EKPC,1449.523,True
9/4/2025 4:00:00 PM,9/4/2025 12:00:00 PM,SERC,WEST,EKPC,EKPC,1509.499,True
9/4/2025 5:00:00 PM,9/4/2025 1:00:00 PM,SERC,WEST,EKPC,EKPC,1497.979,True
9/4/2025 6:00:00 PM,9/4/2025 2:00:00 PM,SERC,WEST,EKPC,EKPC,1526.472,True
9/4/2025 7:00:00 PM,9/4/2025 3:00:00 PM,SERC,WEST,EKPC,EKPC,1594.127,True
9/4/2025 8:00:00 PM,9/4/2025 4:00:00 PM,SERC,WEST,EKPC,EKPC,1674.076,True
9/4/2025 9:00:00 PM,9/4/2025 5:00:00 PM,SERC,WEST,EKPC,EKPC,1710.388,True
9/4/2025 10:00:00 PM,9/4/2025 6:00:00 PM,SERC,WEST,EKPC,EKPC,1756.784,True
9/4/2025 11:00:00 PM,9/4/2025 7:00:00 PM,SERC,WEST,EKPC,EKPC,1730.340,True
9/5/2025 12:00:00 AM,9/4/2025 8:00:00 PM,SERC,WEST,EKPC,EKPC,1680.344,True
9/5/2025 1:00:00 AM,9/4/2025 9:00:00 PM,SERC,WEST,EKPC,EKPC,1592.510,True
9/5/2025 2:00:00 AM,9/4/2025 10:00:00 PM,SERC,WEST,EKPC,EKPC,1500.263,True
9/5/2025 3:00:00 AM,9/4/2025 11:00:00 PM,SERC,WEST,EKPC,EKPC,1345.130,True
9/5/2025 4:00:00 AM,9/5/2025 12:00:00 AM,SERC,WEST,EKPC,EKPC,1254.691,True
9/5/2025 5:00:00 AM,9/5/2025 1:00:00 AM,SERC,WEST,EKPC,EKPC,1206.513,True
9/5/2025 6:00:00 AM,9/5/2025 2:00:00 AM,SERC,WEST,EKPC,EKPC,1178.501,True
9/5/2025 7:00:00 AM,9/5/2025 3:00:00 AM,SERC,WEST,EKPC,EKPC,1152.056,True
9/5/2025 8:00:00 AM,9/5/2025 4:00:00 AM,SERC,WEST,EKPC,EKPC,1162.476,True
9/5/2025 9:00:00 AM,9/5/2025 5:00:00 AM,SERC,WEST,EKPC,EKPC,1185.549,True
9/5/2025 10:00:00 AM,9/5/2025 6:00:00 AM,SERC,WEST,EKPC,EKPC,1249.706,True
9/5/2025 11:00:00 AM,9/5/2025 7:00:00 AM,SERC,WEST,EKPC,EKPC,1361.024,True
9/5/2025 12:00:00 PM,9/5/2025 8:00:00 AM,SERC,WEST,EKPC,EKPC,1354.723,True
9/5/2025 1:00:00 PM,9/5/2025 9:00:00 AM,SERC,WEST,EKPC,EKPC,1260.405,True
9/5/2025 2:00:00 PM,9/5/2025 10:00:00 AM,SERC,WEST,EKPC,EKPC,1332.857,True
9/5/2025 3:00:00 PM,9/5/2025 11:00:00 AM,SERC,WEST,EKPC,EKPC,1599.970,True
9/5/2025 4:00:00 PM,9/5/2025 12:00:00 PM,SERC,WEST,EKPC,EKPC,1756.909,True
9/5/2025 5:00:00 PM,9/5/2025 1:00:00 PM,SERC,WEST,EKPC,EKPC,1861.214,True
9/5/2025 6:00:00 PM,9/5/2025 2:00:00 PM,SERC,WEST,EKPC,EKPC,1941.830,True
9/5/2025 7:00:00 PM,9/5/2025 3:00:00 PM,SERC,WEST,EKPC,EKPC,2007.535,True
9/5/2025 8:00:00 PM,9/5/2025 4:00:00 PM,SERC,WEST,EKPC,EKPC,2047.353,True
9/5/2025 9:00:00 PM,9/5/2025 5:00:00 PM,SERC,WEST,EKPC,EKPC,2061.122,True
9/5/2025 10:00:00 PM,9/5/2025 6:00:00 PM,SERC,WEST,EKPC,EKPC,1974.329,True
9/5/2025 11:00:00 PM,9/5/2025 7:00:00 PM,SERC,WEST,EKPC,EKPC,1864.283,True
9/6/2025 12:00:00 AM,9/5/2025 8:00:00 PM,SERC,WEST,EKPC,EKPC,1786.534,True
9/6/2025 1:00:00 AM,9/5/2025 9:00:00 PM,SERC,WEST,EKPC,EKPC,1634.347,True
9/6/2025 2:00:00 AM,9/5/2025 10:00:00 PM,SERC,WEST,EKPC,EKPC,1502.266,True
9/6/2025 3:00:00 AM,9/5/2025 11:00:00 PM,SERC,WEST,EKPC,EKPC,1332.832,True
9/7/2025 4:00:00 AM,9/7/2025 12:00:00 AM,SERC,WEST,EKPC,EKPC,1072.846,True
9/7/2025 5:00:00 AM,9/7/2025 1:00:00 AM,SERC,WEST,EKPC,EKPC,1075.177,True
9/7/2025 6:00:00 AM,9/7/2025 2:00:00 AM,SERC,WEST,EKPC,EKPC,1070.399,True
9/7/2025 7:00:00 AM,9/7/2025 3:00:00 AM,SERC,WEST,EKPC,EKPC,1065.127,True
9/7/2025 8:00:00 AM,9/7/2025 4:00:00 AM,SERC,WEST,EKPC,EKPC,1060.095,True
9/7/2025 9:00:00 AM,9/7/2025 5:00:00 AM,SERC,WEST,EKPC,EKPC,1050.100,True
9/7/2025 10:00:00 AM,9/7/2025 6:00:00 AM,SERC,WEST,EKPC,EKPC,1069.045,True
9/7/2025 11:00:00 AM,9/7/2025 7:00:00 AM,SERC,WEST,EKPC,EKPC,1136.652,True
9/7/2025 12:00:00 PM,9/7/2025 8:00:00 AM,SERC,WEST,EKPC,EKPC,1225.324,True
9/7/2025 1:00:00 PM,9/7/2025 9:00:00 AM,SERC,WEST,EKPC,EKPC,1197.047,True
9/7/2025 2:00:00 PM,9/7/2025 10:00:00 AM,SERC,WEST,EKPC,EKPC,1256.765,True
9/7/2025 3:00:00 PM,9/7/2025 11:00:00 AM,SERC,WEST,EKPC,EKPC,1271.368,True
9/7/2025 4:00:00 PM,9/7/2025 12:00:00 PM,SERC,WEST,EKPC,EKPC,1342.583,True
9/7/2025 5:00:00 PM,9/7/2025 1:00:00 PM,SERC,WEST,EKPC,EKPC,1409.873,True
9/7/2025 6:00:00 PM,9/7/2025 2:00:00 PM,SERC,WEST,EKPC,EKPC,1402.362,True
9/7/2025 7:00:00 PM,9/7/2025 3:00:00 PM,SERC,WEST,EKPC,EKPC,1437.167,True
9/7/2025 8:00:00 PM,9/7/2025 4:00:00 PM,SERC,WEST,EKPC,EKPC,1484.777,True
9/7/2025 9:00:00 PM,9/7/2025 5:00:00 PM,SERC,WEST,EKPC,EKPC,1589.378,True
9/7/2025 10:00:00 PM,9/7/2025 6:00:00 PM,SERC,WEST,EKPC,EKPC,1573.847,True
9/7/2025 11:00:00 PM,9/7/2025 7:00:00 PM,SERC,WEST,EKPC,EKPC,1506.193,True
9/8/2025 12:00:00 AM,9/7/2025 8:00:00 PM,SERC,WEST,EKPC,EKPC,1563.542,True
9/8/2025 1:00:00 AM,9/7/2025 9:00:00 PM,SERC,WEST,EKPC,EKPC,1476.021,True
9/8/2025 2:00:00 AM,9/7/2025 10:00:00 PM,SERC,WEST,EKPC,EKPC,1312.900,True
9/8/2025 3:00:00 AM,9/7/2025 11:00:00 PM,SERC,WEST,EKPC,EKPC,1231.180,True
9/8/2025 4:00:00 AM,9/8/2025 12:00:00 AM,SERC,WEST,EKPC,EKPC,1143.050,True
9/8/2025 5:00:00 AM,9/8/2025 1:00:00 AM,SERC,WEST,EKPC,EKPC,1090.721,True
9/8/2025 6:00:00 AM,9/8/2025 2:00:00 AM,SERC,WEST,EKPC,EKPC,1083.009,True
9/8/2025 7:00:00 AM,9/8/2025 3:00:00 AM,SERC,WEST,EKPC,EKPC,1059.186,True
9/8/2025 8:00:00 AM,9/8/2025 4:00:00 AM,SERC,WEST,EKPC,EKPC,1101.193,True
9/8/2025 9:00:00 AM,9/8/2025 5:00:00 AM,SERC,WEST,EKPC,EKPC,1054.786,True
9/8/2025 10:00:00 AM,9/8/2025 6:00:00 AM,SERC,WEST,EKPC,EKPC,1291.444,True
9/8/2025 11:00:00 AM,9/8/2025 7:00:00 AM,SERC,WEST,EKPC,EKPC,1366.190,True
9/8/2025 12:00:00 PM,9/8/2025 8:00:00 AM,SERC,WEST,EKPC,EKPC,1348.589,True
9/8/2025 1:00:00 PM,9/8/2025 9:00:00 AM,SERC,WEST,EKPC,EKPC,1375.609,True
9/8/2025 2:00:00 PM,9/8/2025 10:00:00 AM,SERC,WEST,EKPC,EKPC,1394.695,True
9/8/2025 3:00:00 PM,9/8/2025 11:00:00 AM,SERC,WEST,EKPC,EKPC,1404.137,True
9/8/2025 4:00:00 PM,9/8/2025 12:00:00 PM,SERC,WEST,EKPC,EKPC,1449.549,True
9/8/2025 5:00:00 PM,9/8/2025 1:00:00 PM,SERC,WEST,EKPC,EKPC,1457.683,True
9/8/2025 6:00:00 PM,9/8/2025 2:00:00 PM,SERC,WEST,EKPC,EKPC,1489.935,True
9/8/2025 7:00:00 PM,9/8/2025 3:00:00 PM,SERC,WEST,EKPC,EKPC,1571.165,True
9/8/2025 8:00:00 PM,9/8/2025 4:00:00 PM,SERC,WEST,EKPC,EKPC,1653.680,True
9/8/2025 9:00:00 PM,9/8/2025 5:00:00 PM,SERC,WEST,EKPC,EKPC,1687.880,True
9/8/2025 10:00:00 PM,9/8/2025 6:00:00 PM,SERC,WEST,EKPC,EKPC,1664.271,True
9/8/2025 11:00:00 PM,9/8/2025 7:00:00 PM,SERC,WEST,EKPC,EKPC,1660.037,True
9/9/2025 12:00:00 AM,9/8/2025 8:00:00 PM,SERC,WEST,EKPC,EKPC,1528.973,True
9/9/2025 1:00:00 AM,9/8/2025 9:00:00 PM,SERC,WEST,EKPC,EKPC,1470.955,True
9/9/2025 2:00:00 AM,9/8/2025 10:00:00 PM,SERC,WEST,EKPC,EKPC,1357.665,True
9/9/2025 3:00:00 AM,9/8/2025 11:00:00 PM,SERC,WEST,EKPC,EKPC,1229.949,True
9/9/2025 4:00:00 AM,9/9/2025 12:00:00 AM,SERC,WEST,EKPC,EKPC,1119.807,True
9/9/2025 5:00:00 AM,9/9/2025 1:00:00 AM,SERC,WEST,EKPC,EKPC,1006.928,True
9/9/2025 6:00:00 AM,9/9/2025 2:00:00 AM,SERC,WEST,EKPC,EKPC,975.028,True
9/9/2025 7:00:00 AM,9/9/2025 3:00:00 AM,SERC,WEST,EKPC,EKPC,943.475,True
9/9/2025 8:00:00 AM,9/9/2025 4:00:00 AM,SERC,WEST,EKPC,EKPC,956.401,True
9/9/2025 9:00:00 AM,9/9/2025 5:00:00 AM,SERC,WEST,EKPC,EKPC,1027.504,True
9/9/2025 10:00:00 AM,9/9/2025 6:00:00 AM,SERC,WEST,EKPC,EKPC,1140.528,True
9/9/2025 11:00:00 AM,9/9/2025 7:00:00 AM,SERC,WEST,EKPC,EKPC,1163.823,True
9/9/2025 12:00:00 PM,9/9/2025 8:00:00 AM,SERC,WEST,EKPC,EKPC,1169.115,True
9/9/2025 1:00:00 PM,9/9/2025 9:00:00 AM,SERC,WEST,EKPC,EKPC,1170.733,True
9/9/2025 2:00:00 PM,9/9/2025 10:00:00 AM,SERC,WEST,EKPC,EKPC,1169.718,True
9/9/2025 3:00:00 PM,9/9/2025 11:00:00 AM,SERC,WEST,EKPC,EKPC,1220.296,True
9/9/2025 4:00:00 PM,9/9/2025 12:00:00 PM,SERC,WEST,EKPC,EKPC,1253.110,True
9/9/2025 5:00:00 PM,9/9/2025 1:00:00 PM,SERC,WEST,EKPC,EKPC,1312.248,True
9/9/2025 6:00:00 PM,9/9/2025 2:00:00 PM,SERC,WEST,EKPC,EKPC,1374.609,True
9/9/2025 7:00:00 PM,9/9/2025 3:00:00 PM,SERC,WEST,EKPC,EKPC,1439.128,True
9/9/2025 8:00:00 PM,9/9/2025 4:00:00 PM,SERC,WEST,EKPC,EKPC,1539.661,True
9/9/2025 9:00:00 PM,9/9/2025 5:00:00 PM,SERC,WEST,EKPC,EKPC,1597.413,True
9/9/2025 10:00:00 PM,9/9/2025 6:00:00 PM,SERC,WEST,EKPC,EKPC,1608.651,True
9/9/2025 11:00:00 PM,9/9/2025 7:00:00 PM,SERC,WEST,EKPC,EKPC,1540.186,True
9/10/2025 12:00:00 AM,9/9/2025 8:00:00 PM,SERC,WEST,EKPC,EKPC,1505.114,True
9/10/2025 1:00:00 AM,9/9/2025 9:00:00 PM,SERC,WEST,EKPC,EKPC,1421.170,True
9/10/2025 2:00:00 AM,9/9/2025 10:00:00 PM,SERC,WEST,EKPC,EKPC,1255.897,True
9/10/2025 3:00:00 AM,9/9/2025 11:00:00 PM,SERC,WEST,EKPC,EKPC,1124.036,True
9/10/2025 4:00:00 AM,9/10/2025 12:00:00 AM,SERC,WEST,EKPC,EKPC,1034.384,True
9/10/2025 5:00:00 AM,9/10/2025 1:00:00 AM,SERC,WEST,EKPC,EKPC,991.535,True
9/10/2025 6:00:00 AM,9/10/2025 2:00:00 AM,SERC,WEST,EKPC,EKPC,948.431,True
9/10/2025 7:00:00 AM,9/10/2025 3:00:00 AM,SERC,WEST,EKPC,EKPC,927.443,True
9/10/2025 8:00:00 AM,9/10/2025 4:00:00 AM,SERC,WEST,EKPC,EKPC,944.711,True
9/10/2025 9:00:00 AM,9/10/2025 5:00:00 AM,SERC,WEST,EKPC,EKPC,1006.711,True
9/10/2025 10:00:00 AM,9/10/2025 6:00:00 AM,SERC,WEST,EKPC,EKPC,1126.123,True
9/10/2025 11:00:00 AM,9/10/2025 7:00:00 AM,SERC,WEST,EKPC,EKPC,1173.723,True
9/10/2025 12:00:00 PM,9/10/2025 8:00:00 AM,SERC,WEST,EKPC,EKPC,1146.615,True
9/10/2025 1:00:00 PM,9/10/2025 9:00:00 AM,SERC,WEST,EKPC,EKPC,1190.287,True
9/10/2025 2:00:00 PM,9/10/2025 10:00:00 AM,SERC,WEST,EKPC,EKPC,1212.793,True
9/10/2025 3:00:00 PM,9/10/2025 11:00:00 AM,SERC,WEST,EKPC,EKPC,1268.623,True
9/10/2025 4:00:00 PM,9/10/2025 12:00:00 PM,SERC,WEST,EKPC,EKPC,1347.788,True
9/10/2025 5:00:00 PM,9/10/2025 1:00:00 PM,SERC,WEST,EKPC,EKPC,1422.687,True
9/10/2025 6:00:00 PM,9/10/2025 2:00:00 PM,SERC,WEST,EKPC,EKPC,1495.772,True
9/10/2025 7:00:00 PM,9/10/2025 3:00:00 PM,SERC,WEST,EKPC,EKPC,1543.515,True
9/10/2025 8:00:00 PM,9/10/2025 4:00:00 PM,SERC,WEST,EKPC,EKPC,1622.668,True
9/10/2025 9:00:00 PM,9/10/2025 5:00:00 PM,SERC,WEST,EKPC,EKPC,1672.823,True
9/10/2025 10:00:00 PM,9/10/2025 6:00:00 PM,SERC,WEST,EKPC,EKPC,1656.969,True
9/10/2025 11:00:00 PM,9/10/2025 7:00:00 PM,SERC,WEST,EKPC,EKPC,1586.759,True
9/11/2025 12:00:00 AM,9/10/2025 8:00:00 PM,SERC,WEST,EKPC,EKPC,1571.889,True
9/11/2025 1:00:00 AM,9/10/2025 9:00:00 PM,SERC,WEST,EKPC,EKPC,1488.871,True
9/11/2025 2:00:00 AM,9/10/2025 10:00:00 PM,SERC,WEST,EKPC,EKPC,1322.313,True
9/11/2025 3:00:00 AM,9/10/2025 11:00:00 PM,SERC,WEST,EKPC,EKPC,1202.478,True
9/11/2025 4:00:00 AM,9/11/2025 12:00:00 AM,SERC,WEST,EKPC,EKPC,1096.888,True
9/11/2025 5:00:00 AM,9/11/2025 1:00:00 AM,SERC,WEST,EKPC,EKPC,1031.447,True
9/11/2025 6:00:00 AM,9/11/2025 2:00:00 AM,SERC,WEST,EKPC,EKPC,993.885,True
9/11/2025 7:00:00 AM,9/11/2025 3:00:00 AM,SERC,WEST,EKPC,EKPC,975.272,True
9/11/2025 8:00:00 AM,9/11/2025 4:00:00 AM,SERC,WEST,EKPC,EKPC,977.438,True
9/11/2025 9:00:00 AM,9/11/2025 5:00:00 AM,SERC,WEST,EKPC,EKPC,1030.688,True
9/11/2025 10:00:00 AM,9/11/2025 6:00:00 AM,SERC,WEST,EKPC,EKPC,1161.518,True
9/11/2025 11:00:00 AM,9/11/2025 7:00:00 AM,SERC,WEST,EKPC,EKPC,1173.577,True
9/11/2025 12:00:00 PM,9/11/2025 8:00:00 AM,SERC,WEST,EKPC,EKPC,1194.017,True
9/11/2025 1:00:00 PM,9/11/2025 9:00:00 AM,SERC,WEST,EKPC,EKPC,1235.403,True
9/11/2025 2:00:00 PM,9/11/2025 10:00:00 AM,SERC,WEST,EKPC,EKPC,1301.398,True
9/11/2025 3:00:00 PM,9/11/2025 11:00:00 AM,SERC,WEST,EKPC,EKPC,1405.440,True
9/11/2025 4:00:00 PM,9/11/2025 12:00:00 PM,SERC,WEST,EKPC,EKPC,1495.539,True
9/11/2025 5:00:00 PM,9/11/2025 1:00:00 PM,SERC,WEST,EKPC,EKPC,1601.068,True
9/11/2025 6:00:00 PM,9/11/2025 2:00:00 PM,SERC,WEST,EKPC,EKPC,1690.091,True
9/11/2025 7:00:00 PM,9/11/2025 3:00:00 PM,SERC,WEST,EKPC,EKPC,1750.901,True
9/11/2025 8:00:00 PM,9/11/2025 4:00:00 PM,SERC,WEST,EKPC,EKPC,1829.496,True
9/11/2025 9:00:00 PM,9/11/2025 5:00:00 PM,SERC,WEST,EKPC,EKPC,1847.270,True
9/11/2025 10:00:00 PM,9/11/2025 6:00:00 PM,SERC,WEST,EKPC,EKPC,1829.280,True
9/11/2025 11:00:00 PM,9/11/2025 7:00:00 PM,SERC,WEST,EKPC,EKPC,1721.973,True
9/12/2025 12:00:00 AM,9/11/2025 8:00:00 PM,SERC,WEST,EKPC,EKPC,1643.218,True
9/12/2025 1:00:00 AM,9/11/2025 9:00:00 PM,SERC,WEST,EKPC,EKPC,1537.767,True
9/12/2025 2:00:00 AM,9/11/2025 10:00:00 PM,SERC,WEST,EKPC,EKPC,1376.369,True
9/12/2025 3:00:00 AM,9/11/2025 11:00:00 PM,SERC,WEST,EKPC,EKPC,1220.221,True
9/12/2025 4:00:00 AM,9/12/2025 12:00:00 AM,SERC,WEST,EKPC,EKPC,1097.885,True
9/12/2025 5:00:00 AM,9/12/2025 1:00:00 AM,SERC,WEST,EKPC,EKPC,1036.377,True
9/12/2025 6:00:00 AM,9/12/2025 2:00:00 AM,SERC,WEST,EKPC,EKPC,988.279,True
9/12/2025 7:00:00 AM,9/12/2025 3:00:00 AM,SERC,WEST,EKPC,EKPC,967.142,True
9/12/2025 8:00:00 AM,9/12/2025 4:00:00 AM,SERC,WEST,EKPC,EKPC,961.312,True
9/12/2025 9:00:00 AM,9/12/2025 5:00:00 AM,SERC,WEST,EKPC,EKPC,993.342,True
9/12/2025 10:00:00 AM,9/12/2025 6:00:00 AM,SERC,WEST,EKPC,EKPC,1102.986,True
9/12/2025 11:00:00 AM,9/12/2025 7:00:00 AM,SERC,WEST,EKPC,EKPC,1136.309,True
9/12/2025 12:00:00 PM,9/12/2025 8:00:00 AM,SERC,WEST,EKPC,EKPC,1143.458,True
9/12/2025 1:00:00 PM,9/12/2025 9:00:00 AM,SERC,WEST,EKPC,EKPC,1188.439,True
9/12/2025 2:00:00 PM,9/12/2025 10:00:00 AM,SERC,WEST,EKPC,EKPC,1241.864,True
9/12/2025 3:00:00 PM,9/12/2025 11:00:00 AM,SERC,WEST,EKPC,EKPC,1355.012,True
9/12/2025 4:00:00 PM,9/12/2025 12:00:00 PM,SERC,WEST,EKPC,EKPC,1433.424,True
9/12/2025 5:00:00 PM,9/12/2025 1:00:00 PM,SERC,WEST,EKPC,EKPC,1544.190,True
9/12/2025 6:00:00 PM,9/12/2025 2:00:00 PM,SERC,WEST,EKPC,EKPC,1637.551,True
9/12/2025 7:00:00 PM,9/12/2025 3:00:00 PM,SERC,WEST,EKPC,EKPC,1712.656,True
9/12/2025 8:00:00 PM,9/12/2025 4:00:00 PM,SERC,WEST,EKPC,EKPC,1788.483,True
9/12/2025 9:00:00 PM,9/12/2025 5:00:00 PM,SERC,WEST,EKPC,EKPC,1814.738,True
9/12/2025 10:00:00 PM,9/12/2025 6:00:00 PM,SERC,WEST,EKPC,EKPC,1777.039,True
9/12/2025 11:00:00 PM,9/12/2025 7:00:00 PM,SERC,WEST,EKPC,EKPC,1642.673,True
9/13/2025 12:00:00 AM,9/12/2025 8:00:00 PM,SERC,WEST,EKPC,EKPC,1547.331,True
9/13/2025 1:00:00 AM,9/12/2025 9:00:00 PM,SERC,WEST,EKPC,EKPC,1428.633,True
9/13/2025 2:00:00 AM,9/12/2025 10:00:00 PM,SERC,WEST,EKPC,EKPC,1298.494,True
9/13/2025 3:00:00 AM,9/12/2025 11:00:00 PM,SERC,WEST,EKPC,EKPC,1176.389,True
9/13/2025 4:00:00 AM,9/13/2025 12:00:00 AM,SERC,WEST,EKPC,EKPC,1063.093,True
9/13/2025 5:00:00 AM,9/13/2025 1:00:00 AM,SERC,WEST,EKPC,EKPC,987.891,True
9/13/2025 6:00:00 AM,9/13/2025 2:00:00 AM,SERC,WEST,EKPC,EKPC,929.316,True
9/13/2025 7:00:00 AM,9/13/2025 3:00:00 AM,SERC,WEST,EKPC,EKPC,918.306,True
9/13/2025 8:00:00 AM,9/13/2025 4:00:00 AM,SERC,WEST,EKPC,EKPC,889.179,True
9/13/2025 9:00:00 AM,9/13/2025 5:00:00 AM,SERC,WEST,EKPC,EKPC,905.120,True
9/13/2025 10:00:00 AM,9/13/2025 6:00:00 AM,SERC,WEST,EKPC,EKPC,940.829,True
9/13/2025 11:00:00 AM,9/13/2025 7:00:00 AM,SERC,WEST,EKPC,EKPC,960.989,True
9/13/2025 12:00:00 PM,9/13/2025 8:00:00 AM,SERC,WEST,EKPC,EKPC,1039.506,True
9/13/2025 1:00:00 PM,9/13/2025 9:00:00 AM,SERC,WEST,EKPC,EKPC,1127.869,True
9/13/2025 2:00:00 PM,9/13/2025 10:00:00 AM,SERC,WEST,EKPC,EKPC,1209.983,True
9/13/2025 3:00:00 PM,9/13/2025 11:00:00 AM,SERC,WEST,EKPC,EKPC,1296.130,True
9/13/2025 4:00:00 PM,9/13/2025 12:00:00 PM,SERC,WEST,EKPC,EKPC,1425.724,True
9/13/2025 5:00:00 PM,9/13/2025 1:00:00 PM,SERC,WEST,EKPC,EKPC,1525.666,True
9/13/2025 6:00:00 PM,9/13/2025 2:00:00 PM,SERC,WEST,EKPC,EKPC,1635.879,True
9/13/2025 7:00:00 PM,9/13/2025 3:00:00 PM,SERC,WEST,EKPC,EKPC,1737.908,True
9/13/2025 8:00:00 PM,9/13/2025 4:00:00 PM,SERC,WEST,EKPC,EKPC,1781.782,True
9/13/2025 9:00:00 PM,9/13/2025 5:00:00 PM,SERC,WEST,EKPC,EKPC,1800.296,True
9/13/2025 10:00:00 PM,9/13/2025 6:00:00 PM,SERC,WEST,EKPC,EKPC,1735.610,True
9/13/2025 11:00:00 PM,9/13/2025 7:00:00 PM,SERC,WEST,EKPC,EKPC,1618.391,True
9/14/2025 12:00:00 AM,9/13/2025 8:00:00 PM,SERC,WEST,EKPC,EKPC,1551.257,True
9/14/2025 1:00:00 AM,9/13/2025 9:00:00 PM,SERC,WEST,EKPC,EKPC,1439.052,True
9/14/2025 2:00:00 AM,9/13/2025 10:00:00 PM,SERC,WEST,EKPC,EKPC,1316.172,True
9/14/2025 3:00:00 AM,9/13/2025 11:00:00 PM,SERC,WEST,EKPC,EKPC,1210.727,True
9/14/2025 4:00:00 AM,9/14/2025 12:00:00 AM,SERC,WEST,EKPC,EKPC,1106.977,True
9/14/2025 5:00:00 AM,9/14/2025 1:00:00 AM,SERC,WEST,EKPC,EKPC,1034.647,True
9/14/2025 6:00:00 AM,9/14/2025 2:00:00 AM,SERC,WEST,EKPC,EKPC,983.438,True
9/14/2025 7:00:00 AM,9/14/2025 3:00:00 AM,SERC,WEST,EKPC,EKPC,945.966,True
9/14/2025 8:00:00 AM,9/14/2025 4:00:00 AM,SERC,WEST,EKPC,EKPC,933.182,True
9/14/2025 9:00:00 AM,9/14/2025 5:00:00 AM,SERC,WEST,EKPC,EKPC,924.208,True
9/14/2025 10:00:00 AM,9/14/2025 6:00:00 AM,SERC,WEST,EKPC,EKPC,937.300,True
9/14/2025 11:00:00 AM,9/14/2025 7:00:00 AM,SERC,WEST,EKPC,EKPC,985.745,True
9/14/2025 12:00:00 PM,9/14/2025 8:00:00 AM,SERC,WEST,EKPC,EKPC,1062.072,True
9/14/2025 1:00:00 PM,9/14/2025 9:00:00 AM,SERC,WEST,EKPC,EKPC,1179.619,True
9/14/2025 2:00:00 PM,9/14/2025 10:00:00 AM,SERC,WEST,EKPC,EKPC,1259.214,True
9/14/2025 3:00:00 PM,9/14/2025 11:00:00 AM,SERC,WEST,EKPC,EKPC,1380.191,True
9/14/2025 4:00:00 PM,9/14/2025 12:00:00 PM,SERC,WEST,EKPC,EKPC,1517.651,True
9/14/2025 5:00:00 PM,9/14/2025 1:00:00 PM,SERC,WEST,EKPC,EKPC,1647.783,True
9/14/2025 6:00:00 PM,9/14/2025 2:00:00 PM,SERC,WEST,EKPC,EKPC,1731.349,True
9/14/2025 7:00:00 PM,9/14/2025 3:00:00 PM,SERC,WEST,EKPC,EKPC,1839.321,True
9/14/2025 8:00:00 PM,9/14/2025 4:00:00 PM,SERC,WEST,EKPC,EKPC,1895.512,True
9/14/2025 9:00:00 PM,9/14/2025 5:00:00 PM,SERC,WEST,EKPC,EKPC,1926.480,True
9/14/2025 10:00:00 PM,9/14/2025 6:00:00 PM,SERC,WEST,EKPC,EKPC,1908.737,True
9/14/2025 11:00:00 PM,9/14/2025 7:00:00 PM,SERC,WEST,EKPC,EKPC,1820.180,True
9/15/2025 12:00:00 AM,9/14/2025 8:00:00 PM,SERC,WEST,EKPC,EKPC,1734.540,True
9/15/2025 1:00:00 AM,9/14/2025 9:00:00 PM,SERC,WEST,EKPC,EKPC,1606.044,True
9/15/2025 2:00:00 AM,9/14/2025 10:00:00 PM,SERC,WEST,EKPC,EKPC,1431.408,True
9/15/2025 3:00:00 AM,9/14/2025 11:00:00 PM,SERC,WEST,EKPC,EKPC,1261.677,True
9/15/2025 4:00:00 AM,9/15/2025 12:00:00 AM,SERC,WEST,EKPC,EKPC,1154.956,True
9/15/2025 5:00:00 AM,9/15/2025 1:00:00 AM,SERC,WEST,EKPC,EKPC,1074.281,True
9/15/2025 6:00:00 AM,9/15/2025 2:00:00 AM,SERC,WEST,EKPC,EKPC,1024.176,True
9/15/2025 7:00:00 AM,9/15/2025 3:00:00 AM,SERC,WEST,EKPC,EKPC,995.378,True
9/15/2025 8:00:00 AM,9/15/2025 4:00:00 AM,SERC,WEST,EKPC,EKPC,994.182,True
9/15/2025 9:00:00 AM,9/15/2025 5:00:00 AM,SERC,WEST,EKPC,EKPC,1058.124,True
9/15/2025 10:00:00 AM,9/15/2025 6:00:00 AM,SERC,WEST,EKPC,EKPC,1171.081,True
9/15/2025 11:00:00 AM,9/15/2025 7:00:00 AM,SERC,WEST,EKPC,EKPC,1218.502,True
9/15/2025 12:00:00 PM,9/15/2025 8:00:00 AM,SERC,WEST,EKPC,EKPC,1245.773,True
9/15/2025 1:00:00 PM,9/15/2025 9:00:00 AM,SERC,WEST,EKPC,EKPC,1296.411,True
9/15/2025 2:00:00 PM,9/15/2025 10:00:00 AM,SERC,WEST,EKPC,EKPC,1425.259,True
9/15/2025 3:00:00 PM,9/15/2025 11:00:00 AM,SERC,WEST,EKPC,EKPC,1549.486,True
9/15/2025 4:00:00 PM,9/15/2025 12:00:00 PM,SERC,WEST,EKPC,EKPC,1682.860,True
9/15/2025 5:00:00 PM,9/15/2025 1:00:00 PM,SERC,WEST,EKPC,EKPC,1813.987,True
9/15/2025 6:00:00 PM,9/15/2025 2:00:00 PM,SERC,WEST,EKPC,EKPC,1913.427,True
9/15/2025 7:00:00 PM,9/15/2025 3:00:00 PM,SERC,WEST,EKPC,EKPC,1990.078,True
9/15/2025 8:00:00 PM,9/15/2025 4:00:00 PM,SERC,WEST,EKPC,EKPC,2054.335,True
9/15/2025 9:00:00 PM,9/15/2025 5:00:00 PM,SERC,WEST,EKPC,EKPC,2092.471,True
9/15/2025 10:00:00 PM,9/15/2025 6:00:00 PM,SERC,WEST,EKPC,EKPC,2041.456,True
9/15/2025 11:00:00 PM,9/15/2025 7:00:00 PM,SERC,WEST,EKPC,EKPC,1962.162,True
9/16/2025 12:00:00 AM,9/15/2025 8:00:00 PM,SERC,WEST,EKPC,EKPC,1859.986,True
9/16/2025 1:00:00 AM,9/15/2025 9:00:00 PM,SERC,WEST,EKPC,EKPC,1734.407,True
9/16/2025 2:00:00 AM,9/15/2025 10:00:00 PM,SERC,WEST,EKPC,EKPC,1547.458,True
9/16/2025 3:00:00 AM,9/15/2025 11:00:00 PM,SERC,WEST,EKPC,EKPC,1429.664,True
9/16/2025 4:00:00 AM,9/16/2025 12:00:00 AM,SERC,WEST,EKPC,EKPC,1310.176,True
9/16/2025 5:00:00 AM,9/16/2025 1:00:00 AM,SERC,WEST,EKPC,EKPC,1208.861,True
9/16/2025 6:00:00 AM,9/16/2025 2:00:00 AM,SERC,WEST,EKPC,EKPC,1204.390,True
9/16/2025 7:00:00 AM,9/16/2025 3:00:00 AM,SERC,WEST,EKPC,EKPC,1136.544,True
9/16/2025 8:00:00 AM,9/16/2025 4:00:00 AM,SERC,WEST,EKPC,EKPC,1171.574,True
9/16/2025 9:00:00 AM,9/16/2025 5:00:00 AM,SERC,WEST,EKPC,EKPC,1172.358,True
9/16/2025 10:00:00 AM,9/16/2025 6:00:00 AM,SERC,WEST,EKPC,EKPC,1248.884,True
9/16/2025 11:00:00 AM,9/16/2025 7:00:00 AM,SERC,WEST,EKPC,EKPC,1335.763,True
9/16/2025 12:00:00 PM,9/16/2025 8:00:00 AM,SERC,WEST,EKPC,EKPC,1338.525,True
9/16/2025 1:00:00 PM,9/16/2025 9:00:00 AM,SERC,WEST,EKPC,EKPC,1445.324,True
9/16/2025 2:00:00 PM,9/16/2025 10:00:00 AM,SERC,WEST,EKPC,EKPC,1483.147,True
9/16/2025 3:00:00 PM,9/16/2025 11:00:00 AM,SERC,WEST,EKPC,EKPC,1541.431,True
9/16/2025 4:00:00 PM,9/16/2025 12:00:00 PM,SERC,WEST,EKPC,EKPC,1689.981,True
9/16/2025 5:00:00 PM,9/16/2025 1:00:00 PM,SERC,WEST,EKPC,EKPC,1889.772,True
9/16/2025 6:00:00 PM,9/16/2025 2:00:00 PM,SERC,WEST,EKPC,EKPC,2005.302,True
9/16/2025 7:00:00 PM,9/16/2025 3:00:00 PM,SERC,WEST,EKPC,EKPC,2008.776,True
9/16/2025 8:00:00 PM,9/16/2025 4:00:00 PM,SERC,WEST,EKPC,EKPC,2121.744,True
9/16/2025 9:00:00 PM,9/16/2025 5:00:00 PM,SERC,WEST,EKPC,EKPC,2079.341,True
9/16/2025 10:00:00 PM,9/16/2025 6:00:00 PM,SERC,WEST,EKPC,EKPC,2042.381,True
9/16/2025 11:00:00 PM,9/16/2025 7:00:00 PM,SERC,WEST,EKPC,EKPC,1978.860,True
9/17/2025 12:00:00 AM,9/16/2025 8:00:00 PM,SERC,WEST,EKPC,EKPC,1864.542,True
9/17/2025 1:00:00 AM,9/16/2025 9:00:00 PM,SERC,WEST,EKPC,EKPC,1629.223,True
9/17/2025 2:00:00 AM,9/16/2025 10:00:00 PM,SERC,WEST,EKPC,EKPC,1462.085,True
9/17/2025 3:00:00 AM,9/16/2025 11:00:00 PM,SERC,WEST,EKPC,EKPC,1436.237,True
9/17/2025 4:00:00 AM,9/17/2025 12:00:00 AM,SERC,WEST,EKPC,EKPC,1389.704,True
9/17/2025 5:00:00 AM,9/17/2025 1:00:00 AM,SERC,WEST,EKPC,EKPC,1272.562,True
9/17/2025 6:00:00 AM,9/17/2025 2:00:00 AM,SERC,WEST,EKPC,EKPC,1245.046,True
9/17/2025 7:00:00 AM,9/17/2025 3:00:00 AM,SERC,WEST,EKPC,EKPC,1127.458,True
9/17/2025 8:00:00 AM,9/17/2025 4:00:00 AM,SERC,WEST,EKPC,EKPC,1148.683,True
9/17/2025 9:00:00 AM,9/17/2025 5:00:00 AM,SERC,WEST,EKPC,EKPC,1253.597,True
9/17/2025 10:00:00 AM,9/17/2025 6:00:00 AM,SERC,WEST,EKPC,EKPC,1406.934,True
9/17/2025 11:00:00 AM,9/17/2025 7:00:00 AM,SERC,WEST,EKPC,EKPC,1350.487,True
9/17/2025 12:00:00 PM,9/17/2025 8:00:00 AM,SERC,WEST,EKPC,EKPC,1380.548,True
9/17/2025 1:00:00 PM,9/17/2025 9:00:00 AM,SERC,WEST,EKPC,EKPC,1436.062,True
9/17/2025 2:00:00 PM,9/17/2025 10:00:00 AM,SERC,WEST,EKPC,EKPC,1493.463,True
9/17/2025 3:00:00 PM,9/17/2025 11:00:00 AM,SERC,WEST,EKPC,EKPC,1648.707,True
9/17/2025 4:00:00 PM,9/17/2025 12:00:00 PM,SERC,WEST,EKPC,EKPC,1766.769,True
9/17/2025 5:00:00 PM,9/17/2025 1:00:00 PM,SERC,WEST,EKPC,EKPC,1884.965,True
9/17/2025 6:00:00 PM,9/17/2025 2:00:00 PM,SERC,WEST,EKPC,EKPC,1943.934,True
9/17/2025 7:00:00 PM,9/17/2025 3:00:00 PM,SERC,WEST,EKPC,EKPC,2025.800,True
9/17/2025 8:00:00 PM,9/17/2025 4:00:00 PM,SERC,WEST,EKPC,EKPC,2115.730,True
9/17/2025 9:00:00 PM,9/17/2025 5:00:00 PM,SERC,WEST,EKPC,EKPC,2146.055,True
9/17/2025 10:00:00 PM,9/17/2025 6:00:00 PM,SERC,WEST,EKPC,EKPC,2121.328,True
9/17/2025 11:00:00 PM,9/17/2025 7:00:00 PM,SERC,WEST,EKPC,EKPC,1982.513,True
9/18/2025 12:00:00 AM,9/17/2025 8:00:00 PM,SERC,WEST,EKPC,EKPC,1930.522,True
9/18/2025 1:00:00 AM,9/17/2025 9:00:00 PM,SERC,WEST,EKPC,EKPC,1709.795,True
9/18/2025 2:00:00 AM,9/17/2025 10:00:00 PM,SERC,WEST,EKPC,EKPC,1577.773,True
9/18/2025 3:00:00 AM,9/17/2025 11:00:00 PM,SERC,WEST,EKPC,EKPC,1454.548,True
9/18/2025 4:00:00 AM,9/18/2025 12:00:00 AM,SERC,WEST,EKPC,EKPC,1339.772,True
9/18/2025 5:00:00 AM,9/18/2025 1:00:00 AM,SERC,WEST,EKPC,EKPC,1275.611,True
9/18/2025 6:00:00 AM,9/18/2025 2:00:00 AM,SERC,WEST,EKPC,EKPC,1174.982,True
9/18/2025 7:00:00 AM,9/18/2025 3:00:00 AM,SERC,WEST,EKPC,EKPC,1108.162,True
9/18/2025 8:00:00 AM,9/18/2025 4:00:00 AM,SERC,WEST,EKPC,EKPC,1207.018,True
9/18/2025 9:00:00 AM,9/18/2025 5:00:00 AM,SERC,WEST,EKPC,EKPC,1261.623,True
9/18/2025 10:00:00 AM,9/18/2025 6:00:00 AM,SERC,WEST,EKPC,EKPC,1335.858,True
9/18/2025 11:00:00 AM,9/18/2025 7:00:00 AM,SERC,WEST,EKPC,EKPC,1362.147,True
9/18/2025 12:00:00 PM,9/18/2025 8:00:00 AM,SERC,WEST,EKPC,EKPC,1442.327,True
9/18/2025 1:00:00 PM,9/18/2025 9:00:00 AM,SERC,WEST,EKPC,EKPC,1347.432,True
9/18/2025 2:00:00 PM,9/18/2025 10:00:00 AM,SERC,WEST,EKPC,EKPC,1416.230,True
9/18/2025 3:00:00 PM,9/18/2025 11:00:00 AM,SERC,WEST,EKPC,EKPC,1591.849,True
9/18/2025 4:00:00 PM,9/18/2025 12:00:00 PM,SERC,WEST,EKPC,EKPC,1692.735,True
9/18/2025 5:00:00 PM,9/18/2025 1:00:00 PM,SERC,WEST,EKPC,EKPC,1830.826,True
9/18/2025 6:00:00 PM,9/18/2025 2:00:00 PM,SERC,WEST,EKPC,EKPC,1930.759,True
9/18/2025 7:00:00 PM,9/18/2025 3:00:00 PM,SERC,WEST,EKPC,EKPC,2085.937,True
9/18/2025 8:00:00 PM,9/18/2025 4:00:00 PM,SERC,WEST,EKPC,EKPC,2174.859,True
9/18/2025 9:00:00 PM,9/18/2025 5:00:00 PM,SERC,WEST,EKPC,EKPC,2196.602,True
9/18/2025 10:00:00 PM,9/18/2025 6:00:00 PM,SERC,WEST,EKPC,EKPC,2154.127,True
9/18/2025 11:00:00 PM,9/18/2025 7:00:00 PM,SERC,WEST,EKPC,EKPC,2022.656,True
9/19/2025 12:00:00 AM,9/18/2025 8:00:00 PM,SERC,WEST,EKPC,EKPC,1899.519,True
9/19/2025 1:00:00 AM,9/18/2025 9:00:00 PM,SERC,WEST,EKPC,EKPC,1676.264,True
9/19/2025 2:00:00 AM,9/18/2025 10:00:00 PM,SERC,WEST,EKPC,EKPC,1483.293,True
9/19/2025 3:00:00 AM,9/18/2025 11:00:00 PM,SERC,WEST,EKPC,EKPC,1315.815,True
9/19/2025 4:00:00 AM,9/19/2025 12:00:00 AM,SERC,WEST,EKPC,EKPC,1186.664,True
9/19/2025 5:00:00 AM,9/19/2025 1:00:00 AM,SERC,WEST,EKPC,EKPC,1131.965,True
9/19/2025 6:00:00 AM,9/19/2025 2:00:00 AM,SERC,WEST,EKPC,EKPC,1129.868,True
9/19/2025 7:00:00 AM,9/19/2025 3:00:00 AM,SERC,WEST,EKPC,EKPC,1188.185,True
9/19/2025 8:00:00 AM,9/19/2025 4:00:00 AM,SERC,WEST,EKPC,EKPC,1180.292,True
9/19/2025 9:00:00 AM,9/19/2025 5:00:00 AM,SERC,WEST,EKPC,EKPC,1239.446,True
9/19/2025 10:00:00 AM,9/19/2025 6:00:00 AM,SERC,WEST,EKPC,EKPC,1347.580,True
9/19/2025 11:00:00 AM,9/19/2025 7:00:00 AM,SERC,WEST,EKPC,EKPC,1358.419,True
9/19/2025 12:00:00 PM,9/19/2025 8:00:00 AM,SERC,WEST,EKPC,EKPC,1394.328,True
9/19/2025 1:00:00 PM,9/19/2025 9:00:00 AM,SERC,WEST,EKPC,EKPC,1370.759,True
9/19/2025 2:00:00 PM,9/19/2025 10:00:00 AM,SERC,WEST,EKPC,EKPC,1461.761,True
9/19/2025 3:00:00 PM,9/19/2025 11:00:00 AM,SERC,WEST,EKPC,EKPC,1598.576,True
9/19/2025 4:00:00 PM,9/19/2025 12:00:00 PM,SERC,WEST,EKPC,EKPC,1747.321,True
9/19/2025 5:00:00 PM,9/19/2025 1:00:00 PM,SERC,WEST,EKPC,EKPC,1933.916,True
9/19/2025 6:00:00 PM,9/19/2025 2:00:00 PM,SERC,WEST,EKPC,EKPC,2042.351,True
9/19/2025 7:00:00 PM,9/19/2025 3:00:00 PM,SERC,WEST,EKPC,EKPC,2100.161,True
9/19/2025 8:00:00 PM,9/19/2025 4:00:00 PM,SERC,WEST,EKPC,EKPC,2173.030,True
9/19/2025 9:00:00 PM,9/19/2025 5:00:00 PM,SERC,WEST,EKPC,EKPC,2175.395,True
9/19/2025 10:00:00 PM,9/19/2025 6:00:00 PM,SERC,WEST,EKPC,EKPC,2082.051,True
9/19/2025 11:00:00 PM,9/19/2025 7:00:00 PM,SERC,WEST,EKPC,EKPC,1855.566,True
9/20/2025 12:00:00 AM,9/19/2025 8:00:00 PM,SERC,WEST,EKPC,EKPC,1690.384,True
9/20/2025 1:00:00 AM,9/19/2025 9:00:00 PM,SERC,WEST,EKPC,EKPC,1656.786,True
9/20/2025 2:00:00 AM,9/19/2025 10:00:00 PM,SERC,WEST,EKPC,EKPC,1566.907,True
9/20/2025 3:00:00 AM,9/19/2025 11:00:00 PM,SERC,WEST,EKPC,EKPC,1394.964,True
9/20/2025 4:00:00 AM,9/20/2025 12:00:00 AM,SERC,WEST,EKPC,EKPC,1317.160,True
9/20/2025 5:00:00 AM,9/20/2025 1:00:00 AM,SERC,WEST,EKPC,EKPC,1265.121,True
9/20/2025 6:00:00 AM,9/20/2025 2:00:00 AM,SERC,WEST,EKPC,EKPC,1225.013,True
9/20/2025 7:00:00 AM,9/20/2025 3:00:00 AM,SERC,WEST,EKPC,EKPC,1186.465,True
9/20/2025 8:00:00 AM,9/20/2025 4:00:00 AM,SERC,WEST,EKPC,EKPC,1174.172,True
9/20/2025 9:00:00 AM,9/20/2025 5:00:00 AM,SERC,WEST,EKPC,EKPC,1157.936,True
9/20/2025 10:00:00 AM,9/20/2025 6:00:00 AM,SERC,WEST,EKPC,EKPC,1119.763,True
9/20/2025 11:00:00 AM,9/20/2025 7:00:00 AM,SERC,WEST,EKPC,EKPC,1140.910,True
9/20/2025 12:00:00 PM,9/20/2025 8:00:00 AM,SERC,WEST,EKPC,EKPC,1118.566,True
9/20/2025 1:00:00 PM,9/20/2025 9:00:00 AM,SERC,WEST,EKPC,EKPC,1231.506,True
9/20/2025 2:00:00 PM,9/20/2025 10:00:00 AM,SERC,WEST,EKPC,EKPC,1320.311,True
9/20/2025 3:00:00 PM,9/20/2025 11:00:00 AM,SERC,WEST,EKPC,EKPC,1586.480,True
9/20/2025 4:00:00 PM,9/20/2025 12:00:00 PM,SERC,WEST,EKPC,EKPC,1703.771,True
9/20/2025 5:00:00 PM,9/20/2025 1:00:00 PM,SERC,WEST,EKPC,EKPC,1943.432,True
9/20/2025 6:00:00 PM,9/20/2025 2:00:00 PM,SERC,WEST,EKPC,EKPC,2031.532,True
9/20/2025 7:00:00 PM,9/20/2025 3:00:00 PM,SERC,WEST,EKPC,EKPC,2101.207,True
9/20/2025 8:00:00 PM,9/20/2025 4:00:00 PM,SERC,WEST,EKPC,EKPC,2108.489,True
9/20/2025 9:00:00 PM,9/20/2025 5:00:00 PM,SERC,WEST,EKPC,EKPC,2141.911,True
9/20/2025 10:00:00 PM,9/20/2025 6:00:00 PM,SERC,WEST,EKPC,EKPC,1998.200,True
9/20/2025 11:00:00 PM,9/20/2025 7:00:00 PM,SERC,WEST,EKPC,EKPC,1760.618,True
9/21/2025 12:00:00 AM,9/20/2025 8:00:00 PM,SERC,WEST,EKPC,EKPC,1669.930,True
9/21/2025 1:00:00 AM,9/20/2025 9:00:00 PM,SERC,WEST,EKPC,EKPC,1603.197,True
9/21/2025 2:00:00 AM,9/20/2025 10:00:00 PM,SERC,WEST,EKPC,EKPC,1539.288,True
9/21/2025 3:00:00 AM,9/20/2025 11:00:00 PM,SERC,WEST,EKPC,EKPC,1431.739,True
9/21/2025 4:00:00 AM,9/21/2025 12:00:00 AM,SERC,WEST,EKPC,EKPC,1340.563,True
9/21/2025 5:00:00 AM,9/21/2025 1:00:00 AM,SERC,WEST,EKPC,EKPC,1265.705,True
9/21/2025 6:00:00 AM,9/21/2025 2:00:00 AM,SERC,WEST,EKPC,EKPC,1226.117,True
9/21/2025 7:00:00 AM,9/21/2025 3:00:00 AM,SERC,WEST,EKPC,EKPC,1154.231,True
9/21/2025 8:00:00 AM,9/21/2025 4:00:00 AM,SERC,WEST,EKPC,EKPC,1156.199,True
9/21/2025 9:00:00 AM,9/21/2025 5:00:00 AM,SERC,WEST,EKPC,EKPC,1120.948,True
9/21/2025 10:00:00 AM,9/21/2025 6:00:00 AM,SERC,WEST,EKPC,EKPC,1063.542,True
9/21/2025 11:00:00 AM,9/21/2025 7:00:00 AM,SERC,WEST,EKPC,EKPC,1142.411,True
9/21/2025 12:00:00 PM,9/21/2025 8:00:00 AM,SERC,WEST,EKPC,EKPC,1276.310,True
9/21/2025 1:00:00 PM,9/21/2025 9:00:00 AM,SERC,WEST,EKPC,EKPC,1409.220,True
9/21/2025 2:00:00 PM,9/21/2025 10:00:00 AM,SERC,WEST,EKPC,EKPC,1467.025,True
9/21/2025 3:00:00 PM,9/21/2025 11:00:00 AM,SERC,WEST,EKPC,EKPC,1577.244,True
9/21/2025 4:00:00 PM,9/21/2025 12:00:00 PM,SERC,WEST,EKPC,EKPC,1664.351,True
9/21/2025 5:00:00 PM,9/21/2025 1:00:00 PM,SERC,WEST,EKPC,EKPC,1740.223,True
9/21/2025 6:00:00 PM,9/21/2025 2:00:00 PM,SERC,WEST,EKPC,EKPC,1800.654,True
9/21/2025 7:00:00 PM,9/21/2025 3:00:00 PM,SERC,WEST,EKPC,EKPC,1857.700,True
9/21/2025 8:00:00 PM,9/21/2025 4:00:00 PM,SERC,WEST,EKPC,EKPC,1854.006,True
9/21/2025 9:00:00 PM,9/21/2025 5:00:00 PM,SERC,WEST,EKPC,EKPC,1956.591,True
9/21/2025 10:00:00 PM,9/21/2025 6:00:00 PM,SERC,WEST,EKPC,EKPC,1813.378,True
9/21/2025 11:00:00 PM,9/21/2025 7:00:00 PM,SERC,WEST,EKPC,EKPC,1808.774,True
9/22/2025 12:00:00 AM,9/21/2025 8:00:00 PM,SERC,WEST,EKPC,EKPC,1851.065,True
9/22/2025 1:00:00 AM,9/21/2025 9:00:00 PM,SERC,WEST,EKPC,EKPC,1741.529,True
9/22/2025 2:00:00 AM,9/21/2025 10:00:00 PM,SERC,WEST,EKPC,EKPC,1613.999,True
9/22/2025 3:00:00 AM,9/21/2025 11:00:00 PM,SERC,WEST,EKPC,EKPC,1449.339,True
9/22/2025 4:00:00 AM,9/22/2025 12:00:00 AM,SERC,WEST,EKPC,EKPC,1354.759,True
9/22/2025 5:00:00 AM,9/22/2025 1:00:00 AM,SERC,WEST,EKPC,EKPC,1300.472,True
9/22/2025 6:00:00 AM,9/22/2025 2:00:00 AM,SERC,WEST,EKPC,EKPC,1292.938,True
9/22/2025 7:00:00 AM,9/22/2025 3:00:00 AM,SERC,WEST,EKPC,EKPC,1223.874,True
9/22/2025 8:00:00 AM,9/22/2025 4:00:00 AM,SERC,WEST,EKPC,EKPC,1236.616,True
9/22/2025 9:00:00 AM,9/22/2025 5:00:00 AM,SERC,WEST,EKPC,EKPC,1312.745,True
9/22/2025 10:00:00 AM,9/22/2025 6:00:00 AM,SERC,WEST,EKPC,EKPC,1384.665,True
9/22/2025 11:00:00 AM,9/22/2025 7:00:00 AM,SERC,WEST,EKPC,EKPC,1376.091,True
9/22/2025 12:00:00 PM,9/22/2025 8:00:00 AM,SERC,WEST,EKPC,EKPC,1441.955,True
9/22/2025 1:00:00 PM,9/22/2025 9:00:00 AM,SERC,WEST,EKPC,EKPC,1512.970,True
9/22/2025 2:00:00 PM,9/22/2025 10:00:00 AM,SERC,WEST,EKPC,EKPC,1553.937,True
9/22/2025 3:00:00 PM,9/22/2025 11:00:00 AM,SERC,WEST,EKPC,EKPC,1624.664,True
9/22/2025 4:00:00 PM,9/22/2025 12:00:00 PM,SERC,WEST,EKPC,EKPC,1711.981,True
9/22/2025 5:00:00 PM,9/22/2025 1:00:00 PM,SERC,WEST,EKPC,EKPC,1788.687,True
9/22/2025 6:00:00 PM,9/22/2025 2:00:00 PM,SERC,WEST,EKPC,EKPC,1815.364,True
9/22/2025 7:00:00 PM,9/22/2025 3:00:00 PM,SERC,WEST,EKPC,EKPC,1847.139,True
9/22/2025 8:00:00 PM,9/22/2025 4:00:00 PM,SERC,WEST,EKPC,EKPC,1837.979,True
9/22/2025 9:00:00 PM,9/22/2025 5:00:00 PM,SERC,WEST,EKPC,EKPC,1803.889,True
9/22/2025 10:00:00 PM,9/22/2025 6:00:00 PM,SERC,WEST,EKPC,EKPC,1796.416,True
9/22/2025 11:00:00 PM,9/22/2025 7:00:00 PM,SERC,WEST,EKPC,EKPC,1792.732,True
9/23/2025 12:00:00 AM,9/22/2025 8:00:00 PM,SERC,WEST,EKPC,EKPC,1674.413,True
9/23/2025 1:00:00 AM,9/22/2025 9:00:00 PM,SERC,WEST,EKPC,EKPC,1709.536,True
9/23/2025 2:00:00 AM,9/22/2025 10:00:00 PM,SERC,WEST,EKPC,EKPC,1586.809,True
9/23/2025 3:00:00 AM,9/22/2025 11:00:00 PM,SERC,WEST,EKPC,EKPC,1470.954,True
9/23/2025 4:00:00 AM,9/23/2025 12:00:00 AM,SERC,WEST,EKPC,EKPC,1407.154,True
9/23/2025 5:00:00 AM,9/23/2025 1:00:00 AM,SERC,WEST,EKPC,EKPC,1346.759,True
9/23/2025 6:00:00 AM,9/23/2025 2:00:00 AM,SERC,WEST,EKPC,EKPC,1295.175,True
9/23/2025 7:00:00 AM,9/23/2025 3:00:00 AM,SERC,WEST,EKPC,EKPC,1289.130,True
9/23/2025 8:00:00 AM,9/23/2025 4:00:00 AM,SERC,WEST,EKPC,EKPC,1203.815,True
9/23/2025 9:00:00 AM,9/23/2025 5:00:00 AM,SERC,WEST,EKPC,EKPC,1342.001,True
9/23/2025 10:00:00 AM,9/23/2025 6:00:00 AM,SERC,WEST,EKPC,EKPC,1427.237,True
9/23/2025 11:00:00 AM,9/23/2025 7:00:00 AM,SERC,WEST,EKPC,EKPC,1399.642,True
9/23/2025 12:00:00 PM,9/23/2025 8:00:00 AM,SERC,WEST,EKPC,EKPC,1492.098,True
9/23/2025 1:00:00 PM,9/23/2025 9:00:00 AM,SERC,WEST,EKPC,EKPC,1493.032,True
9/23/2025 2:00:00 PM,9/23/2025 10:00:00 AM,SERC,WEST,EKPC,EKPC,1533.338,True
9/23/2025 3:00:00 PM,9/23/2025 11:00:00 AM,SERC,WEST,EKPC,EKPC,1653.601,True
9/23/2025 4:00:00 PM,9/23/2025 12:00:00 PM,SERC,WEST,EKPC,EKPC,1755.841,True
9/23/2025 5:00:00 PM,9/23/2025 1:00:00 PM,SERC,WEST,EKPC,EKPC,1793.607,True
9/23/2025 6:00:00 PM,9/23/2025 2:00:00 PM,SERC,WEST,EKPC,EKPC,1919.096,True
9/23/2025 7:00:00 PM,9/23/2025 3:00:00 PM,SERC,WEST,EKPC,EKPC,1978.768,True
9/23/2025 8:00:00 PM,9/23/2025 4:00:00 PM,SERC,WEST,EKPC,EKPC,2030.097,True
9/23/2025 9:00:00 PM,9/23/2025 5:00:00 PM,SERC,WEST,EKPC,EKPC,1999.564,True
9/23/2025 10:00:00 PM,9/23/2025 6:00:00 PM,SERC,WEST,EKPC,EKPC,1968.815,True
9/23/2025 11:00:00 PM,9/23/2025 7:00:00 PM,SERC,WEST,EKPC,EKPC,1937.493,True
9/24/2025 12:00:00 AM,9/23/2025 8:00:00 PM,SERC,WEST,EKPC,EKPC,1815.766,True
9/24/2025 1:00:00 AM,9/23/2025 9:00:00 PM,SERC,WEST,EKPC,EKPC,1641.581,True
9/24/2025 2:00:00 AM,9/23/2025 10:00:00 PM,SERC,WEST,EKPC,EKPC,1638.961,True
9/24/2025 3:00:00 AM,9/23/2025 11:00:00 PM,SERC,WEST,EKPC,EKPC,1506.295,True
9/24/2025 4:00:00 AM,9/24/2025 12:00:00 AM,SERC,WEST,EKPC,EKPC,1423.703,True
9/24/2025 5:00:00 AM,9/24/2025 1:00:00 AM,SERC,WEST,EKPC,EKPC,1381.452,True
9/24/2025 6:00:00 AM,9/24/2025 2:00:00 AM,SERC,WEST,EKPC,EKPC,1297.829,True
9/24/2025 7:00:00 AM,9/24/2025 3:00:00 AM,SERC,WEST,EKPC,EKPC,1211.143,True
9/24/2025 8:00:00 AM,9/24/2025 4:00:00 AM,SERC,WEST,EKPC,EKPC,1208.760,True
9/24/2025 9:00:00 AM,9/24/2025 5:00:00 AM,SERC,WEST,EKPC,EKPC,1199.381,True
9/24/2025 10:00:00 AM,9/24/2025 6:00:00 AM,SERC,WEST,EKPC,EKPC,1294.064,True
9/24/2025 11:00:00 AM,9/24/2025 7:00:00 AM,SERC,WEST,EKPC,EKPC,1331.727,True
9/24/2025 12:00:00 PM,9/24/2025 8:00:00 AM,SERC,WEST,EKPC,EKPC,1327.430,True
9/24/2025 1:00:00 PM,9/24/2025 9:00:00 AM,SERC,WEST,EKPC,EKPC,1349.598,True
9/24/2025 2:00:00 PM,9/24/2025 10:00:00 AM,SERC,WEST,EKPC,EKPC,1368.960,True
9/24/2025 3:00:00 PM,9/24/2025 11:00:00 AM,SERC,WEST,EKPC,EKPC,1418.150,True
9/24/2025 4:00:00 PM,9/24/2025 12:00:00 PM,SERC,WEST,EKPC,EKPC,1456.744,True
9/24/2025 5:00:00 PM,9/24/2025 1:00:00 PM,SERC,WEST,EKPC,EKPC,1509.766,True
9/24/2025 6:00:00 PM,9/24/2025 2:00:00 PM,SERC,WEST,EKPC,EKPC,1605.314,True
9/24/2025 7:00:00 PM,9/24/2025 3:00:00 PM,SERC,WEST,EKPC,EKPC,1606.831,True
9/24/2025 8:00:00 PM,9/24/2025 4:00:00 PM,SERC,WEST,EKPC,EKPC,1749.476,True
9/24/2025 9:00:00 PM,9/24/2025 5:00:00 PM,SERC,WEST,EKPC,EKPC,1728.261,True
9/24/2025 10:00:00 PM,9/24/2025 6:00:00 PM,SERC,WEST,EKPC,EKPC,1714.852,True
9/24/2025 11:00:00 PM,9/24/2025 7:00:00 PM,SERC,WEST,EKPC,EKPC,1628.165,True
9/25/2025 12:00:00 AM,9/24/2025 8:00:00 PM,SERC,WEST,EKPC,EKPC,1617.324,True
9/25/2025 1:00:00 AM,9/24/2025 9:00:00 PM,SERC,WEST,EKPC,EKPC,1531.622,True
9/25/2025 2:00:00 AM,9/24/2025 10:00:00 PM,SERC,WEST,EKPC,EKPC,1419.382,True
9/25/2025 3:00:00 AM,9/24/2025 11:00:00 PM,SERC,WEST,EKPC,EKPC,1298.824,True
9/25/2025 4:00:00 AM,9/25/2025 12:00:00 AM,SERC,WEST,EKPC,EKPC,1359.467,True
9/25/2025 5:00:00 AM,9/25/2025 1:00:00 AM,SERC,WEST,EKPC,EKPC,1304.742,True
9/25/2025 6:00:00 AM,9/25/2025 2:00:00 AM,SERC,WEST,EKPC,EKPC,1277.630,True
9/25/2025 7:00:00 AM,9/25/2025 3:00:00 AM,SERC,WEST,EKPC,EKPC,1289.986,True
9/25/2025 8:00:00 AM,9/25/2025 4:00:00 AM,SERC,WEST,EKPC,EKPC,1094.817,True
9/25/2025 9:00:00 AM,9/25/2025 5:00:00 AM,SERC,WEST,EKPC,EKPC,1149.694,True
9/25/2025 10:00:00 AM,9/25/2025 6:00:00 AM,SERC,WEST,EKPC,EKPC,1275.806,True
9/25/2025 11:00:00 AM,9/25/2025 7:00:00 AM,SERC,WEST,EKPC,EKPC,1339.981,True
9/25/2025 12:00:00 PM,9/25/2025 8:00:00 AM,SERC,WEST,EKPC,EKPC,1375.684,True
9/25/2025 1:00:00 PM,9/25/2025 9:00:00 AM,SERC,WEST,EKPC,EKPC,1435.641,True
9/25/2025 2:00:00 PM,9/25/2025 10:00:00 AM,SERC,WEST,EKPC,EKPC,1485.699,True
9/25/2025 3:00:00 PM,9/25/2025 11:00:00 AM,SERC,WEST,EKPC,EKPC,1422.978,True
9/25/2025 4:00:00 PM,9/25/2025 12:00:00 PM,SERC,WEST,EKPC,EKPC,1479.513,True
9/25/2025 5:00:00 PM,9/25/2025 1:00:00 PM,SERC,WEST,EKPC,EKPC,1610.790,True
9/25/2025 6:00:00 PM,9/25/2025 2:00:00 PM,SERC,WEST,EKPC,EKPC,1651.320,True
9/25/2025 7:00:00 PM,9/25/2025 3:00:00 PM,SERC,WEST,EKPC,EKPC,1733.009,True
9/25/2025 8:00:00 PM,9/25/2025 4:00:00 PM,SERC,WEST,EKPC,EKPC,1787.817,True
9/25/2025 9:00:00 PM,9/25/2025 5:00:00 PM,SERC,WEST,EKPC,EKPC,1870.188,True
9/25/2025 10:00:00 PM,9/25/2025 6:00:00 PM,SERC,WEST,EKPC,EKPC,1846.231,True
9/25/2025 11:00:00 PM,9/25/2025 7:00:00 PM,SERC,WEST,EKPC,EKPC,1813.240,True
9/26/2025 12:00:00 AM,9/25/2025 8:00:00 PM,SERC,WEST,EKPC,EKPC,1748.379,True
9/26/2025 1:00:00 AM,9/25/2025 9:00:00 PM,SERC,WEST,EKPC,EKPC,1619.326,True
9/26/2025 2:00:00 AM,9/25/2025 10:00:00 PM,SERC,WEST,EKPC,EKPC,1481.720,True
9/26/2025 3:00:00 AM,9/25/2025 11:00:00 PM,SERC,WEST,EKPC,EKPC,1438.569,True
9/26/2025 4:00:00 AM,9/26/2025 12:00:00 AM,SERC,WEST,EKPC,EKPC,1295.238,True
9/26/2025 5:00:00 AM,9/26/2025 1:00:00 AM,SERC,WEST,EKPC,EKPC,1236.163,True
9/26/2025 6:00:00 AM,9/26/2025 2:00:00 AM,SERC,WEST,EKPC,EKPC,1234.413,True
9/26/2025 7:00:00 AM,9/26/2025 3:00:00 AM,SERC,WEST,EKPC,EKPC,1182.763,True
9/26/2025 8:00:00 AM,9/26/2025 4:00:00 AM,SERC,WEST,EKPC,EKPC,1213.363,True
9/26/2025 9:00:00 AM,9/26/2025 5:00:00 AM,SERC,WEST,EKPC,EKPC,1198.954,True
9/26/2025 10:00:00 AM,9/26/2025 6:00:00 AM,SERC,WEST,EKPC,EKPC,1243.153,True
9/26/2025 11:00:00 AM,9/26/2025 7:00:00 AM,SERC,WEST,EKPC,EKPC,1347.336,True
9/26/2025 12:00:00 PM,9/26/2025 8:00:00 AM,SERC,WEST,EKPC,EKPC,1267.531,True
9/26/2025 1:00:00 PM,9/26/2025 9:00:00 AM,SERC,WEST,EKPC,EKPC,1407.724,True
9/26/2025 2:00:00 PM,9/26/2025 10:00:00 AM,SERC,WEST,EKPC,EKPC,1322.040,True
9/26/2025 3:00:00 PM,9/26/2025 11:00:00 AM,SERC,WEST,EKPC,EKPC,1380.481,True
9/26/2025 4:00:00 PM,9/26/2025 12:00:00 PM,SERC,WEST,EKPC,EKPC,1450.907,True
9/26/2025 5:00:00 PM,9/26/2025 1:00:00 PM,SERC,WEST,EKPC,EKPC,1509.721,True
9/26/2025 6:00:00 PM,9/26/2025 2:00:00 PM,SERC,WEST,EKPC,EKPC,1580.527,True
9/26/2025 7:00:00 PM,9/26/2025 3:00:00 PM,SERC,WEST,EKPC,EKPC,1735.274,True
9/26/2025 8:00:00 PM,9/26/2025 4:00:00 PM,SERC,WEST,EKPC,EKPC,1856.386,True
9/26/2025 9:00:00 PM,9/26/2025 5:00:00 PM,SERC,WEST,EKPC,EKPC,1893.307,True
9/26/2025 10:00:00 PM,9/26/2025 6:00:00 PM,SERC,WEST,EKPC,EKPC,1754.522,True
9/26/2025 11:00:00 PM,9/26/2025 7:00:00 PM,SERC,WEST,EKPC,EKPC,1666.330,True
9/27/2025 12:00:00 AM,9/26/2025 8:00:00 PM,SERC,WEST,EKPC,EKPC,1567.435,True
9/27/2025 1:00:00 AM,9/26/2025 9:00:00 PM,SERC,WEST,EKPC,EKPC,1475.144,True
9/27/2025 2:00:00 AM,9/26/2025 10:00:00 PM,SERC,WEST,EKPC,EKPC,1403.200,True
9/27/2025 3:00:00 AM,9/26/2025 11:00:00 PM,SERC,WEST,EKPC,EKPC,1295.984,True
9/27/2025 4:00:00 AM,9/27/2025 12:00:00 AM,SERC,WEST,EKPC,EKPC,1177.680,True
9/27/2025 5:00:00 AM,9/27/2025 1:00:00 AM,SERC,WEST,EKPC,EKPC,1121.532,True
9/27/2025 6:00:00 AM,9/27/2025 2:00:00 AM,SERC,WEST,EKPC,EKPC,1081.142,True
9/27/2025 7:00:00 AM,9/27/2025 3:00:00 AM,SERC,WEST,EKPC,EKPC,1046.080,True
9/27/2025 8:00:00 AM,9/27/2025 4:00:00 AM,SERC,WEST,EKPC,EKPC,1054.422,True
9/27/2025 9:00:00 AM,9/27/2025 5:00:00 AM,SERC,WEST,EKPC,EKPC,1134.995,True
9/27/2025 10:00:00 AM,9/27/2025 6:00:00 AM,SERC,WEST,EKPC,EKPC,1123.866,True
9/27/2025 11:00:00 AM,9/27/2025 7:00:00 AM,SERC,WEST,EKPC,EKPC,1193.508,True
9/27/2025 12:00:00 PM,9/27/2025 8:00:00 AM,SERC,WEST,EKPC,EKPC,1273.327,True
9/27/2025 1:00:00 PM,9/27/2025 9:00:00 AM,SERC,WEST,EKPC,EKPC,1316.465,True
9/27/2025 2:00:00 PM,9/27/2025 10:00:00 AM,SERC,WEST,EKPC,EKPC,1375.090,True
9/27/2025 3:00:00 PM,9/27/2025 11:00:00 AM,SERC,WEST,EKPC,EKPC,1518.822,True
9/27/2025 4:00:00 PM,9/27/2025 12:00:00 PM,SERC,WEST,EKPC,EKPC,1607.234,True
9/27/2025 5:00:00 PM,9/27/2025 1:00:00 PM,SERC,WEST,EKPC,EKPC,1590.153,True
9/27/2025 6:00:00 PM,9/27/2025 2:00:00 PM,SERC,WEST,EKPC,EKPC,1600.008,True
9/27/2025 7:00:00 PM,9/27/2025 3:00:00 PM,SERC,WEST,EKPC,EKPC,1655.710,True
9/27/2025 8:00:00 PM,9/27/2025 4:00:00 PM,SERC,WEST,EKPC,EKPC,1753.698,True
9/27/2025 9:00:00 PM,9/27/2025 5:00:00 PM,SERC,WEST,EKPC,EKPC,1702.203,True
9/27/2025 10:00:00 PM,9/27/2025 6:00:00 PM,SERC,WEST,EKPC,EKPC,1665.357,True
9/27/2025 11:00:00 PM,9/27/2025 7:00:00 PM,SERC,WEST,EKPC,EKPC,1665.684,True
9/28/2025 12:00:00 AM,9/27/2025 8:00:00 PM,SERC,WEST,EKPC,EKPC,1638.770,True
9/28/2025 1:00:00 AM,9/27/2025 9:00:00 PM,SERC,WEST,EKPC,EKPC,1581.699,True
9/28/2025 2:00:00 AM,9/27/2025 10:00:00 PM,SERC,WEST,EKPC,EKPC,1368.976,True
9/28/2025 3:00:00 AM,9/27/2025 11:00:00 PM,SERC,WEST,EKPC,EKPC,1193.325,True
9/28/2025 4:00:00 AM,9/28/2025 12:00:00 AM,SERC,WEST,EKPC,EKPC,1230.795,True
9/28/2025 5:00:00 AM,9/28/2025 1:00:00 AM,SERC,WEST,EKPC,EKPC,1104.516,True
9/28/2025 6:00:00 AM,9/28/2025 2:00:00 AM,SERC,WEST,EKPC,EKPC,1121.235,True
9/28/2025 7:00:00 AM,9/28/2025 3:00:00 AM,SERC,WEST,EKPC,EKPC,1130.312,True
9/28/2025 8:00:00 AM,9/28/2025 4:00:00 AM,SERC,WEST,EKPC,EKPC,1081.329,True
9/28/2025 9:00:00 AM,9/28/2025 5:00:00 AM,SERC,WEST,EKPC,EKPC,1096.341,True
9/28/2025 10:00:00 AM,9/28/2025 6:00:00 AM,SERC,WEST,EKPC,EKPC,1101.770,True
9/28/2025 11:00:00 AM,9/28/2025 7:00:00 AM,SERC,WEST,EKPC,EKPC,1135.137,True
9/28/2025 12:00:00 PM,9/28/2025 8:00:00 AM,SERC,WEST,EKPC,EKPC,1193.605,True
9/28/2025 1:00:00 PM,9/28/2025 9:00:00 AM,SERC,WEST,EKPC,EKPC,1297.744,True
9/28/2025 2:00:00 PM,9/28/2025 10:00:00 AM,SERC,WEST,EKPC,EKPC,1345.359,True
9/28/2025 3:00:00 PM,9/28/2025 11:00:00 AM,SERC,WEST,EKPC,EKPC,1440.533,True
9/28/2025 4:00:00 PM,9/28/2025 12:00:00 PM,SERC,WEST,EKPC,EKPC,1646.716,True
9/28/2025 5:00:00 PM,9/28/2025 1:00:00 PM,SERC,WEST,EKPC,EKPC,1762.484,True
9/28/2025 6:00:00 PM,9/28/2025 2:00:00 PM,SERC,WEST,EKPC,EKPC,1821.477,True
9/28/2025 7:00:00 PM,9/28/2025 3:00:00 PM,SERC,WEST,EKPC,EKPC,1970.326,True
9/28/2025 8:00:00 PM,9/28/2025 4:00:00 PM,SERC,WEST,EKPC,EKPC,1990.092,True
9/28/2025 9:00:00 PM,9/28/2025 5:00:00 PM,SERC,WEST,EKPC,EKPC,2014.274,True
9/28/2025 10:00:00 PM,9/28/2025 6:00:00 PM,SERC,WEST,EKPC,EKPC,1929.731,True
9/28/2025 11:00:00 PM,9/28/2025 7:00:00 PM,SERC,WEST,EKPC,EKPC,1789.742,True
9/29/2025 12:00:00 AM,9/28/2025 8:00:00 PM,SERC,WEST,EKPC,EKPC,1667.274,True
9/29/2025 1:00:00 AM,9/28/2025 9:00:00 PM,SERC,WEST,EKPC,EKPC,1606.903,True
9/29/2025 2:00:00 AM,9/28/2025 10:00:00 PM,SERC,WEST,EKPC,EKPC,1440.803,True
9/29/2025 3:00:00 AM,9/28/2025 11:00:00 PM,SERC,WEST,EKPC,EKPC,1326.682,True
9/29/2025 4:00:00 AM,9/29/2025 12:00:00 AM,SERC,WEST,EKPC,EKPC,1252.751,True
9/29/2025 5:00:00 AM,9/29/2025 1:00:00 AM,SERC,WEST,EKPC,EKPC,1179.441,True
9/29/2025 6:00:00 AM,9/29/2025 2:00:00 AM,SERC,WEST,EKPC,EKPC,1089.083,True
9/29/2025 7:00:00 AM,9/29/2025 3:00:00 AM,SERC,WEST,EKPC,EKPC,1058.211,True
9/29/2025 8:00:00 AM,9/29/2025 4:00:00 AM,SERC,WEST,EKPC,EKPC,1056.321,True
9/29/2025 9:00:00 AM,9/29/2025 5:00:00 AM,SERC,WEST,EKPC,EKPC,1156.517,True
9/29/2025 10:00:00 AM,9/29/2025 6:00:00 AM,SERC,WEST,EKPC,EKPC,1242.899,True
9/29/2025 11:00:00 AM,9/29/2025 7:00:00 AM,SERC,WEST,EKPC,EKPC,1292.655,True
9/29/2025 12:00:00 PM,9/29/2025 8:00:00 AM,SERC,WEST,EKPC,EKPC,1251.226,True
9/29/2025 1:00:00 PM,9/29/2025 9:00:00 AM,SERC,WEST,EKPC,EKPC,1308.656,True
9/29/2025 2:00:00 PM,9/29/2025 10:00:00 AM,SERC,WEST,EKPC,EKPC,1411.002,True
9/29/2025 3:00:00 PM,9/29/2025 11:00:00 AM,SERC,WEST,EKPC,EKPC,1568.173,True
9/29/2025 4:00:00 PM,9/29/2025 12:00:00 PM,SERC,WEST,EKPC,EKPC,1732.562,True
9/29/2025 5:00:00 PM,9/29/2025 1:00:00 PM,SERC,WEST,EKPC,EKPC,1835.973,True
9/29/2025 6:00:00 PM,9/29/2025 2:00:00 PM,SERC,WEST,EKPC,EKPC,1926.616,True
9/29/2025 7:00:00 PM,9/29/2025 3:00:00 PM,SERC,WEST,EKPC,EKPC,2005.857,True
9/29/2025 8:00:00 PM,9/29/2025 4:00:00 PM,SERC,WEST,EKPC,EKPC,1977.304,True
9/29/2025 9:00:00 PM,9/29/2025 5:00:00 PM,SERC,WEST,EKPC,EKPC,2026.372,True
9/29/2025 10:00:00 PM,9/29/2025 6:00:00 PM,SERC,WEST,EKPC,EKPC,2014.458,True
9/29/2025 11:00:00 PM,9/29/2025 7:00:00 PM,SERC,WEST,EKPC,EKPC,1871.641,True
9/30/2025 12:00:00 AM,9/29/2025 8:00:00 PM,SERC,WEST,EKPC,EKPC,1848.385,True
9/30/2025 1:00:00 AM,9/29/2025 9:00:00 PM,SERC,WEST,EKPC,EKPC,1758.958,True
9/30/2025 2:00:00 AM,9/29/2025 10:00:00 PM,SERC,WEST,EKPC,EKPC,1575.720,True
9/30/2025 3:00:00 AM,9/29/2025 11:00:00 PM,SERC,WEST,EKPC,EKPC,1420.004,True
9/30/2025 4:00:00 AM,9/30/2025 12:00:00 AM,SERC,WEST,EKPC,EKPC,1328.281,True
9/30/2025 5:00:00 AM,9/30/2025 1:00:00 AM,SERC,WEST,EKPC,EKPC,1262.277,True
9/30/2025 6:00:00 AM,9/30/2025 2:00:00 AM,SERC,WEST,EKPC,EKPC,1214.913,True
9/30/2025 7:00:00 AM,9/30/2025 3:00:00 AM,SERC,WEST,EKPC,EKPC,1174.099,True
9/30/2025 8:00:00 AM,9/30/2025 4:00:00 AM,SERC,WEST,EKPC,EKPC,1176.321,True
9/30/2025 9:00:00 AM,9/30/2025 5:00:00 AM,SERC,WEST,EKPC,EKPC,1228.031,True
9/30/2025 10:00:00 AM,9/30/2025 6:00:00 AM,SERC,WEST,EKPC,EKPC,1333.541,True
9/30/2025 11:00:00 AM,9/30/2025 7:00:00 AM,SERC,WEST,EKPC,EKPC,1293.553,True
9/30/2025 12:00:00 PM,9/30/2025 8:00:00 AM,SERC,WEST,EKPC,EKPC,1315.797,True
9/30/2025 1:00:00 PM,9/30/2025 9:00:00 AM,SERC,WEST,EKPC,EKPC,1358.303,True
9/30/2025 2:00:00 PM,9/30/2025 10:00:00 AM,SERC,WEST,EKPC,EKPC,1488.357,True
9/30/2025 3:00:00 PM,9/30/2025 11:00:00 AM,SERC,WEST,EKPC,EKPC,1583.162,True
9/30/2025 4:00:00 PM,9/30/2025 12:00:00 PM,SERC,WEST,EKPC,EKPC,1670.604,True
9/30/2025 5:00:00 PM,9/30/2025 1:00:00 PM,SERC,WEST,EKPC,EKPC,1709.423,True
9/30/2025 6:00:00 PM,9/30/2025 2:00:00 PM,SERC,WEST,EKPC,EKPC,1873.915,True
9/30/2025 7:00:00 PM,9/30/2025 3:00:00 PM,SERC,WEST,EKPC,EKPC,1971.115,True
9/30/2025 8:00:00 PM,9/30/2025 4:00:00 PM,SERC,WEST,EKPC,EKPC,2017.840,True
9/30/2025 9:00:00 PM,9/30/2025 5:00:00 PM,SERC,WEST,EKPC,EKPC,2041.230,True
9/30/2025 10:00:00 PM,9/30/2025 6:00:00 PM,SERC,WEST,EKPC,EKPC,1993.486,True
9/30/2025 11:00:00 PM,9/30/2025 7:00:00 PM,SERC,WEST,EKPC,EKPC,1912.796,True
10/1/2025 12:00:00 AM,9/30/2025 8:00:00 PM,SERC,WEST,EKPC,EKPC,1845.332,True
10/1/2025 1:00:00 AM,9/30/2025 9:00:00 PM,SERC,WEST,EKPC,EKPC,1656.372,True
10/1/2025 2:00:00 AM,9/30/2025 10:00:00 PM,SERC,WEST,EKPC,EKPC,1534.479,True
10/1/2025 3:00:00 AM,9/30/2025 11:00:00 PM,SERC,WEST,EKPC,EKPC,1326.704,True
10/1/2025 4:00:00 AM,10/1/2025 12:00:00 AM,SERC,WEST,EKPC,EKPC,1169.609,True
10/1/2025 5:00:00 AM,10/1/2025 1:00:00 AM,SERC,WEST,EKPC,EKPC,1191.787,True
10/1/2025 6:00:00 AM,10/1/2025 2:00:00 AM,SERC,WEST,EKPC,EKPC,1185.024,True
10/1/2025 7:00:00 AM,10/1/2025 3:00:00 AM,SERC,WEST,EKPC,EKPC,1022.103,True
10/1/2025 8:00:00 AM,10/1/2025 4:00:00 AM,SERC,WEST,EKPC,EKPC,1051.368,True
10/1/2025 9:00:00 AM,10/1/2025 5:00:00 AM,SERC,WEST,EKPC,EKPC,1075.407,True
10/1/2025 10:00:00 AM,10/1/2025 6:00:00 AM,SERC,WEST,EKPC,EKPC,1170.771,True
10/1/2025 11:00:00 AM,10/1/2025 7:00:00 AM,SERC,WEST,EKPC,EKPC,1192.724,True
10/1/2025 12:00:00 PM,10/1/2025 8:00:00 AM,SERC,WEST,EKPC,EKPC,1181.616,True
10/1/2025 1:00:00 PM,10/1/2025 9:00:00 AM,SERC,WEST,EKPC,EKPC,1221.403,True
10/1/2025 2:00:00 PM,10/1/2025 10:00:00 AM,SERC,WEST,EKPC,EKPC,1283.334,True
10/1/2025 3:00:00 PM,10/1/2025 11:00:00 AM,SERC,WEST,EKPC,EKPC,1360.916,True
10/1/2025 4:00:00 PM,10/1/2025 12:00:00 PM,SERC,WEST,EKPC,EKPC,1490.732,True
10/1/2025 5:00:00 PM,10/1/2025 1:00:00 PM,SERC,WEST,EKPC,EKPC,1589.109,True
10/1/2025 6:00:00 PM,10/1/2025 2:00:00 PM,SERC,WEST,EKPC,EKPC,1742.576,True
10/1/2025 7:00:00 PM,10/1/2025 3:00:00 PM,SERC,WEST,EKPC,EKPC,1844.053,True
10/1/2025 8:00:00 PM,10/1/2025 4:00:00 PM,SERC,WEST,EKPC,EKPC,1928.233,True
10/1/2025 9:00:00 PM,10/1/2025 5:00:00 PM,SERC,WEST,EKPC,EKPC,1950.020,True
10/1/2025 10:00:00 PM,10/1/2025 6:00:00 PM,SERC,WEST,EKPC,EKPC,1874.879,True
10/1/2025 11:00:00 PM,10/1/2025 7:00:00 PM,SERC,WEST,EKPC,EKPC,1748.814,True
10/2/2025 12:00:00 AM,10/1/2025 8:00:00 PM,SERC,WEST,EKPC,EKPC,1715.375,True
10/2/2025 1:00:00 AM,10/1/2025 9:00:00 PM,SERC,WEST,EKPC,EKPC,1545.916,True
10/2/2025 2:00:00 AM,10/1/2025 10:00:00 PM,SERC,WEST,EKPC,EKPC,1366.991,True
10/2/2025 3:00:00 AM,10/1/2025 11:00:00 PM,SERC,WEST,EKPC,EKPC,1229.485,True
10/2/2025 4:00:00 AM,10/2/2025 12:00:00 AM,SERC,WEST,EKPC,EKPC,1188.029,True
10/2/2025 5:00:00 AM,10/2/2025 1:00:00 AM,SERC,WEST,EKPC,EKPC,1169.932,True
10/2/2025 6:00:00 AM,10/2/2025 2:00:00 AM,SERC,WEST,EKPC,EKPC,1129.884,True
10/2/2025 7:00:00 AM,10/2/2025 3:00:00 AM,SERC,WEST,EKPC,EKPC,1126.046,True
10/2/2025 8:00:00 AM,10/2/2025 4:00:00 AM,SERC,WEST,EKPC,EKPC,1156.646,True
10/2/2025 9:00:00 AM,10/2/2025 5:00:00 AM,SERC,WEST,EKPC,EKPC,1258.590,True
10/2/2025 10:00:00 AM,10/2/2025 6:00:00 AM,SERC,WEST,EKPC,EKPC,1338.596,True
10/2/2025 11:00:00 AM,10/2/2025 7:00:00 AM,SERC,WEST,EKPC,EKPC,1337.664,True
10/2/2025 12:00:00 PM,10/2/2025 8:00:00 AM,SERC,WEST,EKPC,EKPC,1348.402,True
10/2/2025 1:00:00 PM,10/2/2025 9:00:00 AM,SERC,WEST,EKPC,EKPC,1378.338,True
10/2/2025 2:00:00 PM,10/2/2025 10:00:00 AM,SERC,WEST,EKPC,EKPC,1397.221,True
10/2/2025 3:00:00 PM,10/2/2025 11:00:00 AM,SERC,WEST,EKPC,EKPC,1333.925,True
10/2/2025 4:00:00 PM,10/2/2025 12:00:00 PM,SERC,WEST,EKPC,EKPC,1451.662,True
10/2/2025 5:00:00 PM,10/2/2025 1:00:00 PM,SERC,WEST,EKPC,EKPC,1669.401,True
10/2/2025 6:00:00 PM,10/2/2025 2:00:00 PM,SERC,WEST,EKPC,EKPC,1693.555,True
10/2/2025 7:00:00 PM,10/2/2025 3:00:00 PM,SERC,WEST,EKPC,EKPC,1859.506,True
10/2/2025 8:00:00 PM,10/2/2025 4:00:00 PM,SERC,WEST,EKPC,EKPC,1950.249,True
10/2/2025 9:00:00 PM,10/2/2025 5:00:00 PM,SERC,WEST,EKPC,EKPC,1956.462,True
10/2/2025 10:00:00 PM,10/2/2025 6:00:00 PM,SERC,WEST,EKPC,EKPC,1919.478,True
10/2/2025 11:00:00 PM,10/2/2025 7:00:00 PM,SERC,WEST,EKPC,EKPC,1876.331,True
10/3/2025 12:00:00 AM,10/2/2025 8:00:00 PM,SERC,WEST,EKPC,EKPC,1725.874,True
10/3/2025 1:00:00 AM,10/2/2025 9:00:00 PM,SERC,WEST,EKPC,EKPC,1591.949,True
10/3/2025 2:00:00 AM,10/2/2025 10:00:00 PM,SERC,WEST,EKPC,EKPC,1497.833,True
10/3/2025 3:00:00 AM,10/2/2025 11:00:00 PM,SERC,WEST,EKPC,EKPC,1397.501,True
10/3/2025 4:00:00 AM,10/3/2025 12:00:00 AM,SERC,WEST,EKPC,EKPC,1281.585,True
10/3/2025 5:00:00 AM,10/3/2025 1:00:00 AM,SERC,WEST,EKPC,EKPC,1255.035,True
10/3/2025 6:00:00 AM,10/3/2025 2:00:00 AM,SERC,WEST,EKPC,EKPC,1202.844,True
10/3/2025 7:00:00 AM,10/3/2025 3:00:00 AM,SERC,WEST,EKPC,EKPC,1155.531,True
10/3/2025 8:00:00 AM,10/3/2025 4:00:00 AM,SERC,WEST,EKPC,EKPC,1199.458,True
10/3/2025 9:00:00 AM,10/3/2025 5:00:00 AM,SERC,WEST,EKPC,EKPC,1216.997,True
10/3/2025 10:00:00 AM,10/3/2025 6:00:00 AM,SERC,WEST,EKPC,EKPC,1319.480,True
10/3/2025 11:00:00 AM,10/3/2025 7:00:00 AM,SERC,WEST,EKPC,EKPC,1347.959,True
10/3/2025 12:00:00 PM,10/3/2025 8:00:00 AM,SERC,WEST,EKPC,EKPC,1204.950,True
10/3/2025 1:00:00 PM,10/3/2025 9:00:00 AM,SERC,WEST,EKPC,EKPC,1290.579,True
10/3/2025 2:00:00 PM,10/3/2025 10:00:00 AM,SERC,WEST,EKPC,EKPC,1410.684,True
10/3/2025 3:00:00 PM,10/3/2025 11:00:00 AM,SERC,WEST,EKPC,EKPC,1499.497,True
10/3/2025 4:00:00 PM,10/3/2025 12:00:00 PM,SERC,WEST,EKPC,EKPC,1566.312,True
10/3/2025 5:00:00 PM,10/3/2025 1:00:00 PM,SERC,WEST,EKPC,EKPC,1678.520,True
10/3/2025 6:00:00 PM,10/3/2025 2:00:00 PM,SERC,WEST,EKPC,EKPC,1729.183,True
10/3/2025 7:00:00 PM,10/3/2025 3:00:00 PM,SERC,WEST,EKPC,EKPC,1833.699,True
10/3/2025 8:00:00 PM,10/3/2025 4:00:00 PM,SERC,WEST,EKPC,EKPC,1906.510,True
10/3/2025 9:00:00 PM,10/3/2025 5:00:00 PM,SERC,WEST,EKPC,EKPC,1921.041,True
10/3/2025 10:00:00 PM,10/3/2025 6:00:00 PM,SERC,WEST,EKPC,EKPC,1844.481,True
10/3/2025 11:00:00 PM,10/3/2025 7:00:00 PM,SERC,WEST,EKPC,EKPC,1759.127,True
10/4/2025 12:00:00 AM,10/3/2025 8:00:00 PM,SERC,WEST,EKPC,EKPC,1650.883,True
10/4/2025 1:00:00 AM,10/3/2025 9:00:00 PM,SERC,WEST,EKPC,EKPC,1553.614,True
10/4/2025 2:00:00 AM,10/3/2025 10:00:00 PM,SERC,WEST,EKPC,EKPC,1353.054,True
10/4/2025 3:00:00 AM,10/3/2025 11:00:00 PM,SERC,WEST,EKPC,EKPC,1226.409,True
10/4/2025 4:00:00 AM,10/4/2025 12:00:00 AM,SERC,WEST,EKPC,EKPC,1213.165,True
10/4/2025 5:00:00 AM,10/4/2025 1:00:00 AM,SERC,WEST,EKPC,EKPC,1114.262,True
10/4/2025 6:00:00 AM,10/4/2025 2:00:00 AM,SERC,WEST,EKPC,EKPC,967.381,True
10/4/2025 7:00:00 AM,10/4/2025 3:00:00 AM,SERC,WEST,EKPC,EKPC,982.297,True
10/4/2025 8:00:00 AM,10/4/2025 4:00:00 AM,SERC,WEST,EKPC,EKPC,1056.762,True
10/4/2025 9:00:00 AM,10/4/2025 5:00:00 AM,SERC,WEST,EKPC,EKPC,1084.373,True
10/4/2025 10:00:00 AM,10/4/2025 6:00:00 AM,SERC,WEST,EKPC,EKPC,1162.547,True
10/4/2025 11:00:00 AM,10/4/2025 7:00:00 AM,SERC,WEST,EKPC,EKPC,1153.625,True
10/4/2025 12:00:00 PM,10/4/2025 8:00:00 AM,SERC,WEST,EKPC,EKPC,1216.834,True
10/4/2025 1:00:00 PM,10/4/2025 9:00:00 AM,SERC,WEST,EKPC,EKPC,1304.724,True
10/4/2025 2:00:00 PM,10/4/2025 10:00:00 AM,SERC,WEST,EKPC,EKPC,1377.148,True
10/4/2025 3:00:00 PM,10/4/2025 11:00:00 AM,SERC,WEST,EKPC,EKPC,1485.911,True
10/4/2025 4:00:00 PM,10/4/2025 12:00:00 PM,SERC,WEST,EKPC,EKPC,1515.605,True
10/4/2025 5:00:00 PM,10/4/2025 1:00:00 PM,SERC,WEST,EKPC,EKPC,1656.198,True
10/4/2025 6:00:00 PM,10/4/2025 2:00:00 PM,SERC,WEST,EKPC,EKPC,1642.347,True
10/4/2025 7:00:00 PM,10/4/2025 3:00:00 PM,SERC,WEST,EKPC,EKPC,1715.596,True
10/4/2025 8:00:00 PM,10/4/2025 4:00:00 PM,SERC,WEST,EKPC,EKPC,1852.122,True
10/4/2025 9:00:00 PM,10/4/2025 5:00:00 PM,SERC,WEST,EKPC,EKPC,1881.186,True
10/4/2025 10:00:00 PM,10/4/2025 6:00:00 PM,SERC,WEST,EKPC,EKPC,1670.289,True
10/4/2025 11:00:00 PM,10/4/2025 7:00:00 PM,SERC,WEST,EKPC,EKPC,1636.542,True
10/5/2025 12:00:00 AM,10/4/2025 8:00:00 PM,SERC,WEST,EKPC,EKPC,1602.267,True
10/5/2025 1:00:00 AM,10/4/2025 9:00:00 PM,SERC,WEST,EKPC,EKPC,1518.106,True
10/5/2025 2:00:00 AM,10/4/2025 10:00:00 PM,SERC,WEST,EKPC,EKPC,1403.691,True
10/5/2025 3:00:00 AM,10/4/2025 11:00:00 PM,SERC,WEST,EKPC,EKPC,1285.027,True
10/5/2025 4:00:00 AM,10/5/2025 12:00:00 AM,SERC,WEST,EKPC,EKPC,1193.245,True
10/5/2025 5:00:00 AM,10/5/2025 1:00:00 AM,SERC,WEST,EKPC,EKPC,1134.021,True
10/5/2025 6:00:00 AM,10/5/2025 2:00:00 AM,SERC,WEST,EKPC,EKPC,1091.651,True
10/5/2025 7:00:00 AM,10/5/2025 3:00:00 AM,SERC,WEST,EKPC,EKPC,1065.948,True
10/5/2025 8:00:00 AM,10/5/2025 4:00:00 AM,SERC,WEST,EKPC,EKPC,1063.545,True
10/5/2025 9:00:00 AM,10/5/2025 5:00:00 AM,SERC,WEST,EKPC,EKPC,1063.082,True
10/5/2025 10:00:00 AM,10/5/2025 6:00:00 AM,SERC,WEST,EKPC,EKPC,1087.921,True
10/5/2025 11:00:00 AM,10/5/2025 7:00:00 AM,SERC,WEST,EKPC,EKPC,1154.177,True
10/5/2025 12:00:00 PM,10/5/2025 8:00:00 AM,SERC,WEST,EKPC,EKPC,1157.883,True
10/5/2025 1:00:00 PM,10/5/2025 9:00:00 AM,SERC,WEST,EKPC,EKPC,1273.151,True
10/5/2025 2:00:00 PM,10/5/2025 10:00:00 AM,SERC,WEST,EKPC,EKPC,1353.797,True
10/5/2025 3:00:00 PM,10/5/2025 11:00:00 AM,SERC,WEST,EKPC,EKPC,1410.181,True
10/5/2025 4:00:00 PM,10/5/2025 12:00:00 PM,SERC,WEST,EKPC,EKPC,1460.720,True
10/5/2025 5:00:00 PM,10/5/2025 1:00:00 PM,SERC,WEST,EKPC,EKPC,1544.388,True
10/5/2025 6:00:00 PM,10/5/2025 2:00:00 PM,SERC,WEST,EKPC,EKPC,1660.837,True
10/5/2025 7:00:00 PM,10/5/2025 3:00:00 PM,SERC,WEST,EKPC,EKPC,1818.167,True
10/5/2025 8:00:00 PM,10/5/2025 4:00:00 PM,SERC,WEST,EKPC,EKPC,1878.455,True
10/5/2025 9:00:00 PM,10/5/2025 5:00:00 PM,SERC,WEST,EKPC,EKPC,1902.373,True
10/5/2025 10:00:00 PM,10/5/2025 6:00:00 PM,SERC,WEST,EKPC,EKPC,1833.987,True
10/5/2025 11:00:00 PM,10/5/2025 7:00:00 PM,SERC,WEST,EKPC,EKPC,1776.374,True
10/6/2025 12:00:00 AM,10/5/2025 8:00:00 PM,SERC,WEST,EKPC,EKPC,1677.991,True
10/6/2025 1:00:00 AM,10/5/2025 9:00:00 PM,SERC,WEST,EKPC,EKPC,1505.441,True
10/6/2025 2:00:00 AM,10/5/2025 10:00:00 PM,SERC,WEST,EKPC,EKPC,1397.036,True
10/6/2025 3:00:00 AM,10/5/2025 11:00:00 PM,SERC,WEST,EKPC,EKPC,1189.776,True
10/6/2025 4:00:00 AM,10/6/2025 12:00:00 AM,SERC,WEST,EKPC,EKPC,1211.058,True
10/6/2025 5:00:00 AM,10/6/2025 1:00:00 AM,SERC,WEST,EKPC,EKPC,1159.153,True
10/6/2025 6:00:00 AM,10/6/2025 2:00:00 AM,SERC,WEST,EKPC,EKPC,1128.107,True
10/6/2025 7:00:00 AM,10/6/2025 3:00:00 AM,SERC,WEST,EKPC,EKPC,1113.165,True
10/6/2025 8:00:00 AM,10/6/2025 4:00:00 AM,SERC,WEST,EKPC,EKPC,1122.498,True
10/6/2025 9:00:00 AM,10/6/2025 5:00:00 AM,SERC,WEST,EKPC,EKPC,1183.892,True
10/6/2025 10:00:00 AM,10/6/2025 6:00:00 AM,SERC,WEST,EKPC,EKPC,1302.996,True
10/6/2025 11:00:00 AM,10/6/2025 7:00:00 AM,SERC,WEST,EKPC,EKPC,1357.796,True
10/6/2025 12:00:00 PM,10/6/2025 8:00:00 AM,SERC,WEST,EKPC,EKPC,1279.490,True
10/6/2025 1:00:00 PM,10/6/2025 9:00:00 AM,SERC,WEST,EKPC,EKPC,1379.031,True
10/6/2025 2:00:00 PM,10/6/2025 10:00:00 AM,SERC,WEST,EKPC,EKPC,1438.396,True
10/6/2025 3:00:00 PM,10/6/2025 11:00:00 AM,SERC,WEST,EKPC,EKPC,1512.367,True
10/6/2025 4:00:00 PM,10/6/2025 12:00:00 PM,SERC,WEST,EKPC,EKPC,1609.354,True
10/6/2025 5:00:00 PM,10/6/2025 1:00:00 PM,SERC,WEST,EKPC,EKPC,1620.101,True
10/6/2025 6:00:00 PM,10/6/2025 2:00:00 PM,SERC,WEST,EKPC,EKPC,1533.692,True
10/6/2025 7:00:00 PM,10/6/2025 3:00:00 PM,SERC,WEST,EKPC,EKPC,1613.817,True
10/6/2025 8:00:00 PM,10/6/2025 4:00:00 PM,SERC,WEST,EKPC,EKPC,1597.038,True
10/6/2025 9:00:00 PM,10/6/2025 5:00:00 PM,SERC,WEST,EKPC,EKPC,1596.903,True
10/6/2025 10:00:00 PM,10/6/2025 6:00:00 PM,SERC,WEST,EKPC,EKPC,1740.429,True
10/6/2025 11:00:00 PM,10/6/2025 7:00:00 PM,SERC,WEST,EKPC,EKPC,1731.925,True
10/7/2025 12:00:00 AM,10/6/2025 8:00:00 PM,SERC,WEST,EKPC,EKPC,1731.093,True
10/7/2025 1:00:00 AM,10/6/2025 9:00:00 PM,SERC,WEST,EKPC,EKPC,1641.486,True
10/7/2025 2:00:00 AM,10/6/2025 10:00:00 PM,SERC,WEST,EKPC,EKPC,1531.889,True
10/7/2025 3:00:00 AM,10/6/2025 11:00:00 PM,SERC,WEST,EKPC,EKPC,1396.836,True
10/7/2025 4:00:00 AM,10/7/2025 12:00:00 AM,SERC,WEST,EKPC,EKPC,1347.439,True
10/7/2025 5:00:00 AM,10/7/2025 1:00:00 AM,SERC,WEST,EKPC,EKPC,1242.709,True
10/7/2025 6:00:00 AM,10/7/2025 2:00:00 AM,SERC,WEST,EKPC,EKPC,1258.069,True
10/7/2025 7:00:00 AM,10/7/2025 3:00:00 AM,SERC,WEST,EKPC,EKPC,1243.438,True
10/7/2025 8:00:00 AM,10/7/2025 4:00:00 AM,SERC,WEST,EKPC,EKPC,1231.677,True
10/7/2025 9:00:00 AM,10/7/2025 5:00:00 AM,SERC,WEST,EKPC,EKPC,1282.357,True
10/7/2025 10:00:00 AM,10/7/2025 6:00:00 AM,SERC,WEST,EKPC,EKPC,1356.590,True
10/7/2025 11:00:00 AM,10/7/2025 7:00:00 AM,SERC,WEST,EKPC,EKPC,1451.287,True
10/7/2025 12:00:00 PM,10/7/2025 8:00:00 AM,SERC,WEST,EKPC,EKPC,1402.339,True
10/7/2025 1:00:00 PM,10/7/2025 9:00:00 AM,SERC,WEST,EKPC,EKPC,1406.464,True
10/7/2025 2:00:00 PM,10/7/2025 10:00:00 AM,SERC,WEST,EKPC,EKPC,1461.565,True
10/7/2025 3:00:00 PM,10/7/2025 11:00:00 AM,SERC,WEST,EKPC,EKPC,1509.550,True
10/7/2025 4:00:00 PM,10/7/2025 12:00:00 PM,SERC,WEST,EKPC,EKPC,1508.709,True
10/7/2025 5:00:00 PM,10/7/2025 1:00:00 PM,SERC,WEST,EKPC,EKPC,1511.196,True
10/7/2025 6:00:00 PM,10/7/2025 2:00:00 PM,SERC,WEST,EKPC,EKPC,1547.340,True
10/7/2025 7:00:00 PM,10/7/2025 3:00:00 PM,SERC,WEST,EKPC,EKPC,1522.878,True
10/7/2025 8:00:00 PM,10/7/2025 4:00:00 PM,SERC,WEST,EKPC,EKPC,1574.642,True
10/7/2025 9:00:00 PM,10/7/2025 5:00:00 PM,SERC,WEST,EKPC,EKPC,1596.585,True
10/7/2025 10:00:00 PM,10/7/2025 6:00:00 PM,SERC,WEST,EKPC,EKPC,1601.476,True
10/7/2025 11:00:00 PM,10/7/2025 7:00:00 PM,SERC,WEST,EKPC,EKPC,1633.591,True
10/8/2025 12:00:00 AM,10/7/2025 8:00:00 PM,SERC,WEST,EKPC,EKPC,1630.586,True
10/8/2025 1:00:00 AM,10/7/2025 9:00:00 PM,SERC,WEST,EKPC,EKPC,1517.474,True
10/8/2025 2:00:00 AM,10/7/2025 10:00:00 PM,SERC,WEST,EKPC,EKPC,1357.743,True
10/8/2025 3:00:00 AM,10/7/2025 11:00:00 PM,SERC,WEST,EKPC,EKPC,1357.175,True
10/8/2025 4:00:00 AM,10/8/2025 12:00:00 AM,SERC,WEST,EKPC,EKPC,1302.030,True
10/8/2025 5:00:00 AM,10/8/2025 1:00:00 AM,SERC,WEST,EKPC,EKPC,1208.326,True
10/8/2025 6:00:00 AM,10/8/2025 2:00:00 AM,SERC,WEST,EKPC,EKPC,1173.898,True
10/8/2025 7:00:00 AM,10/8/2025 3:00:00 AM,SERC,WEST,EKPC,EKPC,1092.251,True
10/8/2025 8:00:00 AM,10/8/2025 4:00:00 AM,SERC,WEST,EKPC,EKPC,1095.017,True
10/8/2025 9:00:00 AM,10/8/2025 5:00:00 AM,SERC,WEST,EKPC,EKPC,1063.750,True
10/8/2025 10:00:00 AM,10/8/2025 6:00:00 AM,SERC,WEST,EKPC,EKPC,1138.391,True
10/8/2025 11:00:00 AM,10/8/2025 7:00:00 AM,SERC,WEST,EKPC,EKPC,1162.652,True
10/8/2025 12:00:00 PM,10/8/2025 8:00:00 AM,SERC,WEST,EKPC,EKPC,1162.965,True
10/8/2025 1:00:00 PM,10/8/2025 9:00:00 AM,SERC,WEST,EKPC,EKPC,1191.570,True
10/8/2025 2:00:00 PM,10/8/2025 10:00:00 AM,SERC,WEST,EKPC,EKPC,1228.655,True
10/8/2025 3:00:00 PM,10/8/2025 11:00:00 AM,SERC,WEST,EKPC,EKPC,1241.656,True
10/8/2025 4:00:00 PM,10/8/2025 12:00:00 PM,SERC,WEST,EKPC,EKPC,1256.223,True
10/8/2025 5:00:00 PM,10/8/2025 1:00:00 PM,SERC,WEST,EKPC,EKPC,1285.018,True
10/8/2025 6:00:00 PM,10/8/2025 2:00:00 PM,SERC,WEST,EKPC,EKPC,1291.500,True
10/8/2025 7:00:00 PM,10/8/2025 3:00:00 PM,SERC,WEST,EKPC,EKPC,1310.966,True
10/8/2025 8:00:00 PM,10/8/2025 4:00:00 PM,SERC,WEST,EKPC,EKPC,1361.982,True
10/8/2025 9:00:00 PM,10/8/2025 5:00:00 PM,SERC,WEST,EKPC,EKPC,1440.406,True
10/8/2025 10:00:00 PM,10/8/2025 6:00:00 PM,SERC,WEST,EKPC,EKPC,1377.906,True
10/8/2025 11:00:00 PM,10/8/2025 7:00:00 PM,SERC,WEST,EKPC,EKPC,1394.792,True
10/9/2025 12:00:00 AM,10/8/2025 8:00:00 PM,SERC,WEST,EKPC,EKPC,1403.469,True
10/9/2025 1:00:00 AM,10/8/2025 9:00:00 PM,SERC,WEST,EKPC,EKPC,1323.809,True
10/9/2025 2:00:00 AM,10/8/2025 10:00:00 PM,SERC,WEST,EKPC,EKPC,1267.641,True
10/9/2025 3:00:00 AM,10/8/2025 11:00:00 PM,SERC,WEST,EKPC,EKPC,1227.064,True
10/9/2025 4:00:00 AM,10/9/2025 12:00:00 AM,SERC,WEST,EKPC,EKPC,1168.820,True
10/9/2025 5:00:00 AM,10/9/2025 1:00:00 AM,SERC,WEST,EKPC,EKPC,1143.581,True
10/9/2025 6:00:00 AM,10/9/2025 2:00:00 AM,SERC,WEST,EKPC,EKPC,1139.714,True
10/9/2025 7:00:00 AM,10/9/2025 3:00:00 AM,SERC,WEST,EKPC,EKPC,1104.327,True
10/9/2025 8:00:00 AM,10/9/2025 4:00:00 AM,SERC,WEST,EKPC,EKPC,1144.149,True
10/9/2025 9:00:00 AM,10/9/2025 5:00:00 AM,SERC,WEST,EKPC,EKPC,1217.763,True
10/9/2025 10:00:00 AM,10/9/2025 6:00:00 AM,SERC,WEST,EKPC,EKPC,1267.447,True
10/9/2025 11:00:00 AM,10/9/2025 7:00:00 AM,SERC,WEST,EKPC,EKPC,1318.555,True
10/9/2025 12:00:00 PM,10/9/2025 8:00:00 AM,SERC,WEST,EKPC,EKPC,1351.462,True
10/9/2025 1:00:00 PM,10/9/2025 9:00:00 AM,SERC,WEST,EKPC,EKPC,1296.435,True
10/9/2025 2:00:00 PM,10/9/2025 10:00:00 AM,SERC,WEST,EKPC,EKPC,1192.927,True
10/9/2025 3:00:00 PM,10/9/2025 11:00:00 AM,SERC,WEST,EKPC,EKPC,1204.135,True
10/9/2025 4:00:00 PM,10/9/2025 12:00:00 PM,SERC,WEST,EKPC,EKPC,1190.437,True
10/9/2025 5:00:00 PM,10/9/2025 1:00:00 PM,SERC,WEST,EKPC,EKPC,1344.012,True
10/9/2025 6:00:00 PM,10/9/2025 2:00:00 PM,SERC,WEST,EKPC,EKPC,1374.267,True
10/9/2025 7:00:00 PM,10/9/2025 3:00:00 PM,SERC,WEST,EKPC,EKPC,1388.744,True
10/9/2025 8:00:00 PM,10/9/2025 4:00:00 PM,SERC,WEST,EKPC,EKPC,1445.797,True
10/9/2025 9:00:00 PM,10/9/2025 5:00:00 PM,SERC,WEST,EKPC,EKPC,1489.142,True
10/9/2025 10:00:00 PM,10/9/2025 6:00:00 PM,SERC,WEST,EKPC,EKPC,1478.664,True
10/9/2025 11:00:00 PM,10/9/2025 7:00:00 PM,SERC,WEST,EKPC,EKPC,1498.797,True
10/10/2025 12:00:00 AM,10/9/2025 8:00:00 PM,SERC,WEST,EKPC,EKPC,1487.630,True
10/10/2025 1:00:00 AM,10/9/2025 9:00:00 PM,SERC,WEST,EKPC,EKPC,1443.127,True
10/10/2025 2:00:00 AM,10/9/2025 10:00:00 PM,SERC,WEST,EKPC,EKPC,1385.466,True
10/10/2025 3:00:00 AM,10/9/2025 11:00:00 PM,SERC,WEST,EKPC,EKPC,1131.428,True
10/10/2025 4:00:00 AM,10/10/2025 12:00:00 AM,SERC,WEST,EKPC,EKPC,1045.238,True
10/10/2025 5:00:00 AM,10/10/2025 1:00:00 AM,SERC,WEST,EKPC,EKPC,1041.525,True
10/10/2025 6:00:00 AM,10/10/2025 2:00:00 AM,SERC,WEST,EKPC,EKPC,1185.420,True
10/10/2025 7:00:00 AM,10/10/2025 3:00:00 AM,SERC,WEST,EKPC,EKPC,1153.333,True
10/10/2025 8:00:00 AM,10/10/2025 4:00:00 AM,SERC,WEST,EKPC,EKPC,1162.195,True
10/10/2025 9:00:00 AM,10/10/2025 5:00:00 AM,SERC,WEST,EKPC,EKPC,1228.860,True
10/10/2025 10:00:00 AM,10/10/2025 6:00:00 AM,SERC,WEST,EKPC,EKPC,1317.602,True
10/10/2025 11:00:00 AM,10/10/2025 7:00:00 AM,SERC,WEST,EKPC,EKPC,1356.803,True
10/10/2025 12:00:00 PM,10/10/2025 8:00:00 AM,SERC,WEST,EKPC,EKPC,1320.306,True
10/10/2025 1:00:00 PM,10/10/2025 9:00:00 AM,SERC,WEST,EKPC,EKPC,1292.097,True
10/10/2025 2:00:00 PM,10/10/2025 10:00:00 AM,SERC,WEST,EKPC,EKPC,1387.491,True
10/10/2025 3:00:00 PM,10/10/2025 11:00:00 AM,SERC,WEST,EKPC,EKPC,1372.964,True
10/10/2025 4:00:00 PM,10/10/2025 12:00:00 PM,SERC,WEST,EKPC,EKPC,1387.220,True
10/10/2025 5:00:00 PM,10/10/2025 1:00:00 PM,SERC,WEST,EKPC,EKPC,1396.466,True
10/10/2025 6:00:00 PM,10/10/2025 2:00:00 PM,SERC,WEST,EKPC,EKPC,1403.297,True
10/10/2025 7:00:00 PM,10/10/2025 3:00:00 PM,SERC,WEST,EKPC,EKPC,1398.621,True
10/10/2025 8:00:00 PM,10/10/2025 4:00:00 PM,SERC,WEST,EKPC,EKPC,1433.552,True
10/10/2025 9:00:00 PM,10/10/2025 5:00:00 PM,SERC,WEST,EKPC,EKPC,1458.038,True
10/10/2025 10:00:00 PM,10/10/2025 6:00:00 PM,SERC,WEST,EKPC,EKPC,1284.107,True
10/10/2025 11:00:00 PM,10/10/2025 7:00:00 PM,SERC,WEST,EKPC,EKPC,1267.248,True
10/11/2025 12:00:00 AM,10/10/2025 8:00:00 PM,SERC,WEST,EKPC,EKPC,1303.379,True
10/11/2025 1:00:00 AM,10/10/2025 9:00:00 PM,SERC,WEST,EKPC,EKPC,1365.420,True
10/11/2025 2:00:00 AM,10/10/2025 10:00:00 PM,SERC,WEST,EKPC,EKPC,1293.478,True
10/11/2025 3:00:00 AM,10/10/2025 11:00:00 PM,SERC,WEST,EKPC,EKPC,1209.459,True
10/11/2025 4:00:00 AM,10/11/2025 12:00:00 AM,SERC,WEST,EKPC,EKPC,1192.141,True
10/11/2025 5:00:00 AM,10/11/2025 1:00:00 AM,SERC,WEST,EKPC,EKPC,1134.322,True
10/11/2025 6:00:00 AM,10/11/2025 2:00:00 AM,SERC,WEST,EKPC,EKPC,1114.596,True
10/11/2025 7:00:00 AM,10/11/2025 3:00:00 AM,SERC,WEST,EKPC,EKPC,1009.915,True
10/11/2025 8:00:00 AM,10/11/2025 4:00:00 AM,SERC,WEST,EKPC,EKPC,1067.421,True
10/11/2025 9:00:00 AM,10/11/2025 5:00:00 AM,SERC,WEST,EKPC,EKPC,1053.808,True
10/11/2025 10:00:00 AM,10/11/2025 6:00:00 AM,SERC,WEST,EKPC,EKPC,1151.947,True
10/11/2025 11:00:00 AM,10/11/2025 7:00:00 AM,SERC,WEST,EKPC,EKPC,1161.785,True
10/11/2025 12:00:00 PM,10/11/2025 8:00:00 AM,SERC,WEST,EKPC,EKPC,1249.326,True
10/11/2025 1:00:00 PM,10/11/2025 9:00:00 AM,SERC,WEST,EKPC,EKPC,1288.394,True
10/11/2025 2:00:00 PM,10/11/2025 10:00:00 AM,SERC,WEST,EKPC,EKPC,1247.891,True
10/11/2025 3:00:00 PM,10/11/2025 11:00:00 AM,SERC,WEST,EKPC,EKPC,1319.734,True
10/11/2025 4:00:00 PM,10/11/2025 12:00:00 PM,SERC,WEST,EKPC,EKPC,1343.932,True
10/11/2025 5:00:00 PM,10/11/2025 1:00:00 PM,SERC,WEST,EKPC,EKPC,1363.442,True
10/11/2025 6:00:00 PM,10/11/2025 2:00:00 PM,SERC,WEST,EKPC,EKPC,1283.259,True
10/11/2025 7:00:00 PM,10/11/2025 3:00:00 PM,SERC,WEST,EKPC,EKPC,1310.261,True
10/11/2025 8:00:00 PM,10/11/2025 4:00:00 PM,SERC,WEST,EKPC,EKPC,1406.769,True
10/11/2025 9:00:00 PM,10/11/2025 5:00:00 PM,SERC,WEST,EKPC,EKPC,1436.339,True
10/11/2025 10:00:00 PM,10/11/2025 6:00:00 PM,SERC,WEST,EKPC,EKPC,1317.681,True
10/11/2025 11:00:00 PM,10/11/2025 7:00:00 PM,SERC,WEST,EKPC,EKPC,1325.784,True
10/12/2025 12:00:00 AM,10/11/2025 8:00:00 PM,SERC,WEST,EKPC,EKPC,1391.793,True
10/12/2025 1:00:00 AM,10/11/2025 9:00:00 PM,SERC,WEST,EKPC,EKPC,1337.356,True
10/12/2025 2:00:00 AM,10/11/2025 10:00:00 PM,SERC,WEST,EKPC,EKPC,1270.112,True
10/12/2025 3:00:00 AM,10/11/2025 11:00:00 PM,SERC,WEST,EKPC,EKPC,1190.849,True
10/12/2025 4:00:00 AM,10/12/2025 12:00:00 AM,SERC,WEST,EKPC,EKPC,1144.284,True
10/12/2025 5:00:00 AM,10/12/2025 1:00:00 AM,SERC,WEST,EKPC,EKPC,1075.778,True
10/12/2025 6:00:00 AM,10/12/2025 2:00:00 AM,SERC,WEST,EKPC,EKPC,1051.051,True
10/12/2025 7:00:00 AM,10/12/2025 3:00:00 AM,SERC,WEST,EKPC,EKPC,1022.753,True
10/12/2025 8:00:00 AM,10/12/2025 4:00:00 AM,SERC,WEST,EKPC,EKPC,1030.243,True
10/12/2025 9:00:00 AM,10/12/2025 5:00:00 AM,SERC,WEST,EKPC,EKPC,1049.933,True
10/12/2025 10:00:00 AM,10/12/2025 6:00:00 AM,SERC,WEST,EKPC,EKPC,1067.906,True
10/12/2025 11:00:00 AM,10/12/2025 7:00:00 AM,SERC,WEST,EKPC,EKPC,1133.772,True
10/12/2025 12:00:00 PM,10/12/2025 8:00:00 AM,SERC,WEST,EKPC,EKPC,1186.171,True
10/12/2025 1:00:00 PM,10/12/2025 9:00:00 AM,SERC,WEST,EKPC,EKPC,1256.459,True
10/12/2025 2:00:00 PM,10/12/2025 10:00:00 AM,SERC,WEST,EKPC,EKPC,1227.119,True
10/12/2025 3:00:00 PM,10/12/2025 11:00:00 AM,SERC,WEST,EKPC,EKPC,1311.609,True
10/12/2025 4:00:00 PM,10/12/2025 12:00:00 PM,SERC,WEST,EKPC,EKPC,1314.946,True
10/12/2025 5:00:00 PM,10/12/2025 1:00:00 PM,SERC,WEST,EKPC,EKPC,1336.016,True
10/12/2025 6:00:00 PM,10/12/2025 2:00:00 PM,SERC,WEST,EKPC,EKPC,1426.251,True
10/12/2025 7:00:00 PM,10/12/2025 3:00:00 PM,SERC,WEST,EKPC,EKPC,1451.457,True
10/12/2025 8:00:00 PM,10/12/2025 4:00:00 PM,SERC,WEST,EKPC,EKPC,1466.812,True
10/12/2025 9:00:00 PM,10/12/2025 5:00:00 PM,SERC,WEST,EKPC,EKPC,1517.701,True
10/12/2025 10:00:00 PM,10/12/2025 6:00:00 PM,SERC,WEST,EKPC,EKPC,1438.993,True
10/12/2025 11:00:00 PM,10/12/2025 7:00:00 PM,SERC,WEST,EKPC,EKPC,1524.092,True
10/13/2025 12:00:00 AM,10/12/2025 8:00:00 PM,SERC,WEST,EKPC,EKPC,1479.005,True
10/13/2025 1:00:00 AM,10/12/2025 9:00:00 PM,SERC,WEST,EKPC,EKPC,1383.182,True
10/13/2025 2:00:00 AM,10/12/2025 10:00:00 PM,SERC,WEST,EKPC,EKPC,1256.894,True
10/13/2025 3:00:00 AM,10/12/2025 11:00:00 PM,SERC,WEST,EKPC,EKPC,1055.813,True
10/13/2025 4:00:00 AM,10/13/2025 12:00:00 AM,SERC,WEST,EKPC,EKPC,1023.681,True
10/13/2025 5:00:00 AM,10/13/2025 1:00:00 AM,SERC,WEST,EKPC,EKPC,1039.473,True
10/13/2025 6:00:00 AM,10/13/2025 2:00:00 AM,SERC,WEST,EKPC,EKPC,1021.051,True
10/13/2025 7:00:00 AM,10/13/2025 3:00:00 AM,SERC,WEST,EKPC,EKPC,1082.013,True
10/13/2025 8:00:00 AM,10/13/2025 4:00:00 AM,SERC,WEST,EKPC,EKPC,1091.639,True
10/13/2025 9:00:00 AM,10/13/2025 5:00:00 AM,SERC,WEST,EKPC,EKPC,1190.460,True
10/13/2025 10:00:00 AM,10/13/2025 6:00:00 AM,SERC,WEST,EKPC,EKPC,1301.600,True
10/13/2025 11:00:00 AM,10/13/2025 7:00:00 AM,SERC,WEST,EKPC,EKPC,1379.001,True
10/13/2025 12:00:00 PM,10/13/2025 8:00:00 AM,SERC,WEST,EKPC,EKPC,1351.127,True
10/13/2025 1:00:00 PM,10/13/2025 9:00:00 AM,SERC,WEST,EKPC,EKPC,1371.998,True
10/13/2025 2:00:00 PM,10/13/2025 10:00:00 AM,SERC,WEST,EKPC,EKPC,1397.088,True
10/13/2025 3:00:00 PM,10/13/2025 11:00:00 AM,SERC,WEST,EKPC,EKPC,1392.822,True
10/13/2025 4:00:00 PM,10/13/2025 12:00:00 PM,SERC,WEST,EKPC,EKPC,1392.043,True
10/13/2025 5:00:00 PM,10/13/2025 1:00:00 PM,SERC,WEST,EKPC,EKPC,1362.735,True
10/13/2025 6:00:00 PM,10/13/2025 2:00:00 PM,SERC,WEST,EKPC,EKPC,1425.903,True
10/13/2025 7:00:00 PM,10/13/2025 3:00:00 PM,SERC,WEST,EKPC,EKPC,1514.479,True
10/13/2025 8:00:00 PM,10/13/2025 4:00:00 PM,SERC,WEST,EKPC,EKPC,1533.668,True
10/13/2025 9:00:00 PM,10/13/2025 5:00:00 PM,SERC,WEST,EKPC,EKPC,1599.159,True
10/13/2025 10:00:00 PM,10/13/2025 6:00:00 PM,SERC,WEST,EKPC,EKPC,1586.089,True
10/13/2025 11:00:00 PM,10/13/2025 7:00:00 PM,SERC,WEST,EKPC,EKPC,1570.995,True
10/14/2025 12:00:00 AM,10/13/2025 8:00:00 PM,SERC,WEST,EKPC,EKPC,1515.574,True
10/14/2025 1:00:00 AM,10/13/2025 9:00:00 PM,SERC,WEST,EKPC,EKPC,1493.039,True
10/14/2025 2:00:00 AM,10/13/2025 10:00:00 PM,SERC,WEST,EKPC,EKPC,1346.961,True
10/14/2025 3:00:00 AM,10/13/2025 11:00:00 PM,SERC,WEST,EKPC,EKPC,1157.852,True
10/14/2025 4:00:00 AM,10/14/2025 12:00:00 AM,SERC,WEST,EKPC,EKPC,1053.045,True
10/14/2025 5:00:00 AM,10/14/2025 1:00:00 AM,SERC,WEST,EKPC,EKPC,996.546,True
10/14/2025 6:00:00 AM,10/14/2025 2:00:00 AM,SERC,WEST,EKPC,EKPC,1072.844,True
10/14/2025 7:00:00 AM,10/14/2025 3:00:00 AM,SERC,WEST,EKPC,EKPC,1089.329,True
10/14/2025 8:00:00 AM,10/14/2025 4:00:00 AM,SERC,WEST,EKPC,EKPC,1149.864,True
10/14/2025 9:00:00 AM,10/14/2025 5:00:00 AM,SERC,WEST,EKPC,EKPC,1251.173,True
10/14/2025 10:00:00 AM,10/14/2025 6:00:00 AM,SERC,WEST,EKPC,EKPC,1348.836,True
10/14/2025 11:00:00 AM,10/14/2025 7:00:00 AM,SERC,WEST,EKPC,EKPC,1391.447,True
10/14/2025 12:00:00 PM,10/14/2025 8:00:00 AM,SERC,WEST,EKPC,EKPC,1378.342,True
10/14/2025 1:00:00 PM,10/14/2025 9:00:00 AM,SERC,WEST,EKPC,EKPC,1358.000,True
10/14/2025 2:00:00 PM,10/14/2025 10:00:00 AM,SERC,WEST,EKPC,EKPC,1320.709,True
10/14/2025 3:00:00 PM,10/14/2025 11:00:00 AM,SERC,WEST,EKPC,EKPC,1370.073,True
10/14/2025 4:00:00 PM,10/14/2025 12:00:00 PM,SERC,WEST,EKPC,EKPC,1410.980,True
10/14/2025 5:00:00 PM,10/14/2025 1:00:00 PM,SERC,WEST,EKPC,EKPC,1354.690,True
10/14/2025 6:00:00 PM,10/14/2025 2:00:00 PM,SERC,WEST,EKPC,EKPC,1476.465,True
10/14/2025 7:00:00 PM,10/14/2025 3:00:00 PM,SERC,WEST,EKPC,EKPC,1494.901,True
10/14/2025 8:00:00 PM,10/14/2025 4:00:00 PM,SERC,WEST,EKPC,EKPC,1541.618,True
10/14/2025 9:00:00 PM,10/14/2025 5:00:00 PM,SERC,WEST,EKPC,EKPC,1611.425,True
10/14/2025 10:00:00 PM,10/14/2025 6:00:00 PM,SERC,WEST,EKPC,EKPC,1581.180,True
10/14/2025 11:00:00 PM,10/14/2025 7:00:00 PM,SERC,WEST,EKPC,EKPC,1642.213,True
10/15/2025 12:00:00 AM,10/14/2025 8:00:00 PM,SERC,WEST,EKPC,EKPC,1606.517,True
10/15/2025 1:00:00 AM,10/14/2025 9:00:00 PM,SERC,WEST,EKPC,EKPC,1531.367,True
10/15/2025 2:00:00 AM,10/14/2025 10:00:00 PM,SERC,WEST,EKPC,EKPC,1377.154,True
10/15/2025 3:00:00 AM,10/14/2025 11:00:00 PM,SERC,WEST,EKPC,EKPC,1309.553,True
10/15/2025 4:00:00 AM,10/15/2025 12:00:00 AM,SERC,WEST,EKPC,EKPC,1183.043,True
10/15/2025 5:00:00 AM,10/15/2025 1:00:00 AM,SERC,WEST,EKPC,EKPC,1131.449,True
10/15/2025 6:00:00 AM,10/15/2025 2:00:00 AM,SERC,WEST,EKPC,EKPC,1131.262,True
10/15/2025 7:00:00 AM,10/15/2025 3:00:00 AM,SERC,WEST,EKPC,EKPC,1099.803,True
10/15/2025 8:00:00 AM,10/15/2025 4:00:00 AM,SERC,WEST,EKPC,EKPC,1008.020,True
10/15/2025 9:00:00 AM,10/15/2025 5:00:00 AM,SERC,WEST,EKPC,EKPC,1073.585,True
10/15/2025 10:00:00 AM,10/15/2025 6:00:00 AM,SERC,WEST,EKPC,EKPC,1200.053,True
10/15/2025 11:00:00 AM,10/15/2025 7:00:00 AM,SERC,WEST,EKPC,EKPC,1220.921,True
10/15/2025 12:00:00 PM,10/15/2025 8:00:00 AM,SERC,WEST,EKPC,EKPC,1220.813,True
10/15/2025 1:00:00 PM,10/15/2025 9:00:00 AM,SERC,WEST,EKPC,EKPC,1209.668,True
10/15/2025 2:00:00 PM,10/15/2025 10:00:00 AM,SERC,WEST,EKPC,EKPC,1193.331,True
10/15/2025 3:00:00 PM,10/15/2025 11:00:00 AM,SERC,WEST,EKPC,EKPC,1213.442,True
10/15/2025 4:00:00 PM,10/15/2025 12:00:00 PM,SERC,WEST,EKPC,EKPC,1215.949,True
10/15/2025 5:00:00 PM,10/15/2025 1:00:00 PM,SERC,WEST,EKPC,EKPC,1261.720,True
10/15/2025 6:00:00 PM,10/15/2025 2:00:00 PM,SERC,WEST,EKPC,EKPC,1294.166,True
10/15/2025 7:00:00 PM,10/15/2025 3:00:00 PM,SERC,WEST,EKPC,EKPC,1405.082,True
10/15/2025 8:00:00 PM,10/15/2025 4:00:00 PM,SERC,WEST,EKPC,EKPC,1459.604,True
10/15/2025 9:00:00 PM,10/15/2025 5:00:00 PM,SERC,WEST,EKPC,EKPC,1432.748,True
10/15/2025 10:00:00 PM,10/15/2025 6:00:00 PM,SERC,WEST,EKPC,EKPC,1529.276,True
10/15/2025 11:00:00 PM,10/15/2025 7:00:00 PM,SERC,WEST,EKPC,EKPC,1469.524,True
10/16/2025 12:00:00 AM,10/15/2025 8:00:00 PM,SERC,WEST,EKPC,EKPC,1407.113,True
10/16/2025 1:00:00 AM,10/15/2025 9:00:00 PM,SERC,WEST,EKPC,EKPC,1375.602,True
10/16/2025 2:00:00 AM,10/15/2025 10:00:00 PM,SERC,WEST,EKPC,EKPC,1400.645,True
10/16/2025 3:00:00 AM,10/15/2025 11:00:00 PM,SERC,WEST,EKPC,EKPC,1288.439,True
10/16/2025 4:00:00 AM,10/16/2025 12:00:00 AM,SERC,WEST,EKPC,EKPC,1210.437,True
10/16/2025 5:00:00 AM,10/16/2025 1:00:00 AM,SERC,WEST,EKPC,EKPC,1180.751,True
10/16/2025 6:00:00 AM,10/16/2025 2:00:00 AM,SERC,WEST,EKPC,EKPC,1116.242,True
10/16/2025 7:00:00 AM,10/16/2025 3:00:00 AM,SERC,WEST,EKPC,EKPC,953.645,True
10/16/2025 8:00:00 AM,10/16/2025 4:00:00 AM,SERC,WEST,EKPC,EKPC,1076.126,True
10/16/2025 9:00:00 AM,10/16/2025 5:00:00 AM,SERC,WEST,EKPC,EKPC,1165.776,True
10/16/2025 10:00:00 AM,10/16/2025 6:00:00 AM,SERC,WEST,EKPC,EKPC,1269.451,True
10/16/2025 11:00:00 AM,10/16/2025 7:00:00 AM,SERC,WEST,EKPC,EKPC,1208.295,True
10/16/2025 12:00:00 PM,10/16/2025 8:00:00 AM,SERC,WEST,EKPC,EKPC,1206.909,True
10/16/2025 1:00:00 PM,10/16/2025 9:00:00 AM,SERC,WEST,EKPC,EKPC,1332.448,True
10/16/2025 2:00:00 PM,10/16/2025 10:00:00 AM,SERC,WEST,EKPC,EKPC,1349.557,True
10/16/2025 3:00:00 PM,10/16/2025 11:00:00 AM,SERC,WEST,EKPC,EKPC,1350.741,True
10/16/2025 4:00:00 PM,10/16/2025 12:00:00 PM,SERC,WEST,EKPC,EKPC,1381.449,True
10/16/2025 5:00:00 PM,10/16/2025 1:00:00 PM,SERC,WEST,EKPC,EKPC,1439.321,True
10/16/2025 6:00:00 PM,10/16/2025 2:00:00 PM,SERC,WEST,EKPC,EKPC,1445.281,True
10/16/2025 7:00:00 PM,10/16/2025 3:00:00 PM,SERC,WEST,EKPC,EKPC,1405.364,True
10/16/2025 8:00:00 PM,10/16/2025 4:00:00 PM,SERC,WEST,EKPC,EKPC,1533.267,True
10/16/2025 9:00:00 PM,10/16/2025 5:00:00 PM,SERC,WEST,EKPC,EKPC,1481.535,True
10/16/2025 10:00:00 PM,10/16/2025 6:00:00 PM,SERC,WEST,EKPC,EKPC,1486.742,True
10/16/2025 11:00:00 PM,10/16/2025 7:00:00 PM,SERC,WEST,EKPC,EKPC,1526.219,True
10/17/2025 12:00:00 AM,10/16/2025 8:00:00 PM,SERC,WEST,EKPC,EKPC,1542.102,True
10/17/2025 1:00:00 AM,10/16/2025 9:00:00 PM,SERC,WEST,EKPC,EKPC,1448.807,True
10/17/2025 2:00:00 AM,10/16/2025 10:00:00 PM,SERC,WEST,EKPC,EKPC,1348.224,True
10/17/2025 3:00:00 AM,10/16/2025 11:00:00 PM,SERC,WEST,EKPC,EKPC,1235.162,True
10/17/2025 4:00:00 AM,10/17/2025 12:00:00 AM,SERC,WEST,EKPC,EKPC,1177.631,True
10/17/2025 5:00:00 AM,10/17/2025 1:00:00 AM,SERC,WEST,EKPC,EKPC,1148.356,True
10/17/2025 6:00:00 AM,10/17/2025 2:00:00 AM,SERC,WEST,EKPC,EKPC,1137.830,True
10/17/2025 7:00:00 AM,10/17/2025 3:00:00 AM,SERC,WEST,EKPC,EKPC,1157.251,True
10/17/2025 8:00:00 AM,10/17/2025 4:00:00 AM,SERC,WEST,EKPC,EKPC,1059.568,True
10/17/2025 9:00:00 AM,10/17/2025 5:00:00 AM,SERC,WEST,EKPC,EKPC,1095.641,True
10/17/2025 10:00:00 AM,10/17/2025 6:00:00 AM,SERC,WEST,EKPC,EKPC,1392.311,True
10/17/2025 11:00:00 AM,10/17/2025 7:00:00 AM,SERC,WEST,EKPC,EKPC,1339.792,True
10/17/2025 12:00:00 PM,10/17/2025 8:00:00 AM,SERC,WEST,EKPC,EKPC,1324.317,True
10/17/2025 1:00:00 PM,10/17/2025 9:00:00 AM,SERC,WEST,EKPC,EKPC,1263.858,True
10/17/2025 2:00:00 PM,10/17/2025 10:00:00 AM,SERC,WEST,EKPC,EKPC,1358.026,True
10/17/2025 3:00:00 PM,10/17/2025 11:00:00 AM,SERC,WEST,EKPC,EKPC,1370.971,True
10/17/2025 4:00:00 PM,10/17/2025 12:00:00 PM,SERC,WEST,EKPC,EKPC,1353.513,True
10/17/2025 5:00:00 PM,10/17/2025 1:00:00 PM,SERC,WEST,EKPC,EKPC,1413.736,True
10/17/2025 6:00:00 PM,10/17/2025 2:00:00 PM,SERC,WEST,EKPC,EKPC,1389.144,True
10/17/2025 7:00:00 PM,10/17/2025 3:00:00 PM,SERC,WEST,EKPC,EKPC,1399.624,True
10/17/2025 8:00:00 PM,10/17/2025 4:00:00 PM,SERC,WEST,EKPC,EKPC,1434.824,True
10/17/2025 9:00:00 PM,10/17/2025 5:00:00 PM,SERC,WEST,EKPC,EKPC,1338.702,True
10/17/2025 10:00:00 PM,10/17/2025 6:00:00 PM,SERC,WEST,EKPC,EKPC,1266.921,True
10/17/2025 11:00:00 PM,10/17/2025 7:00:00 PM,SERC,WEST,EKPC,EKPC,1305.524,True
10/18/2025 12:00:00 AM,10/17/2025 8:00:00 PM,SERC,WEST,EKPC,EKPC,1324.122,True
10/18/2025 1:00:00 AM,10/17/2025 9:00:00 PM,SERC,WEST,EKPC,EKPC,1340.002,True
10/18/2025 2:00:00 AM,10/17/2025 10:00:00 PM,SERC,WEST,EKPC,EKPC,1206.456,True
10/18/2025 3:00:00 AM,10/17/2025 11:00:00 PM,SERC,WEST,EKPC,EKPC,1107.170,True
10/18/2025 4:00:00 AM,10/18/2025 12:00:00 AM,SERC,WEST,EKPC,EKPC,1015.892,True
10/18/2025 5:00:00 AM,10/18/2025 1:00:00 AM,SERC,WEST,EKPC,EKPC,988.586,True
10/18/2025 6:00:00 AM,10/18/2025 2:00:00 AM,SERC,WEST,EKPC,EKPC,981.179,True
10/18/2025 7:00:00 AM,10/18/2025 3:00:00 AM,SERC,WEST,EKPC,EKPC,1107.650,True
10/18/2025 8:00:00 AM,10/18/2025 4:00:00 AM,SERC,WEST,EKPC,EKPC,1094.375,True
10/18/2025 9:00:00 AM,10/18/2025 5:00:00 AM,SERC,WEST,EKPC,EKPC,1141.851,True
10/18/2025 10:00:00 AM,10/18/2025 6:00:00 AM,SERC,WEST,EKPC,EKPC,1148.962,True
10/18/2025 11:00:00 AM,10/18/2025 7:00:00 AM,SERC,WEST,EKPC,EKPC,1229.098,True
10/18/2025 12:00:00 PM,10/18/2025 8:00:00 AM,SERC,WEST,EKPC,EKPC,1256.437,True
10/18/2025 1:00:00 PM,10/18/2025 9:00:00 AM,SERC,WEST,EKPC,EKPC,1293.302,True
10/18/2025 2:00:00 PM,10/18/2025 10:00:00 AM,SERC,WEST,EKPC,EKPC,1300.319,True
10/18/2025 3:00:00 PM,10/18/2025 11:00:00 AM,SERC,WEST,EKPC,EKPC,1258.161,True
10/18/2025 4:00:00 PM,10/18/2025 12:00:00 PM,SERC,WEST,EKPC,EKPC,1258.148,True
10/18/2025 5:00:00 PM,10/18/2025 1:00:00 PM,SERC,WEST,EKPC,EKPC,1442.866,True
10/18/2025 6:00:00 PM,10/18/2025 2:00:00 PM,SERC,WEST,EKPC,EKPC,1526.262,True
10/18/2025 7:00:00 PM,10/18/2025 3:00:00 PM,SERC,WEST,EKPC,EKPC,1464.901,True
10/18/2025 8:00:00 PM,10/18/2025 4:00:00 PM,SERC,WEST,EKPC,EKPC,1466.958,True
10/18/2025 9:00:00 PM,10/18/2025 5:00:00 PM,SERC,WEST,EKPC,EKPC,1547.794,True
10/18/2025 10:00:00 PM,10/18/2025 6:00:00 PM,SERC,WEST,EKPC,EKPC,1583.116,True
10/18/2025 11:00:00 PM,10/18/2025 7:00:00 PM,SERC,WEST,EKPC,EKPC,1595.082,True
10/19/2025 12:00:00 AM,10/18/2025 8:00:00 PM,SERC,WEST,EKPC,EKPC,1542.352,True
10/19/2025 1:00:00 AM,10/18/2025 9:00:00 PM,SERC,WEST,EKPC,EKPC,1470.499,True
10/19/2025 2:00:00 AM,10/18/2025 10:00:00 PM,SERC,WEST,EKPC,EKPC,1418.829,True
10/19/2025 3:00:00 AM,10/18/2025 11:00:00 PM,SERC,WEST,EKPC,EKPC,1363.716,True
10/19/2025 4:00:00 AM,10/19/2025 12:00:00 AM,SERC,WEST,EKPC,EKPC,1293.063,True
10/19/2025 5:00:00 AM,10/19/2025 1:00:00 AM,SERC,WEST,EKPC,EKPC,1221.181,True
10/19/2025 6:00:00 AM,10/19/2025 2:00:00 AM,SERC,WEST,EKPC,EKPC,1169.049,True
10/19/2025 7:00:00 AM,10/19/2025 3:00:00 AM,SERC,WEST,EKPC,EKPC,1072.422,True
10/19/2025 8:00:00 AM,10/19/2025 4:00:00 AM,SERC,WEST,EKPC,EKPC,1064.058,True
10/19/2025 9:00:00 AM,10/19/2025 5:00:00 AM,SERC,WEST,EKPC,EKPC,1107.992,True
10/19/2025 10:00:00 AM,10/19/2025 6:00:00 AM,SERC,WEST,EKPC,EKPC,1141.462,True
10/19/2025 11:00:00 AM,10/19/2025 7:00:00 AM,SERC,WEST,EKPC,EKPC,1186.896,True
10/19/2025 12:00:00 PM,10/19/2025 8:00:00 AM,SERC,WEST,EKPC,EKPC,1203.427,True
10/19/2025 1:00:00 PM,10/19/2025 9:00:00 AM,SERC,WEST,EKPC,EKPC,1148.707,True
10/19/2025 2:00:00 PM,10/19/2025 10:00:00 AM,SERC,WEST,EKPC,EKPC,1301.491,True
10/19/2025 3:00:00 PM,10/19/2025 11:00:00 AM,SERC,WEST,EKPC,EKPC,1333.770,True
10/19/2025 4:00:00 PM,10/19/2025 12:00:00 PM,SERC,WEST,EKPC,EKPC,1395.132,True
10/19/2025 5:00:00 PM,10/19/2025 1:00:00 PM,SERC,WEST,EKPC,EKPC,1379.828,True
10/19/2025 6:00:00 PM,10/19/2025 2:00:00 PM,SERC,WEST,EKPC,EKPC,1377.865,True
10/19/2025 7:00:00 PM,10/19/2025 3:00:00 PM,SERC,WEST,EKPC,EKPC,1447.577,True
10/19/2025 8:00:00 PM,10/19/2025 4:00:00 PM,SERC,WEST,EKPC,EKPC,1424.795,True
10/19/2025 9:00:00 PM,10/19/2025 5:00:00 PM,SERC,WEST,EKPC,EKPC,1441.591,True
10/19/2025 10:00:00 PM,10/19/2025 6:00:00 PM,SERC,WEST,EKPC,EKPC,1413.447,True
10/19/2025 11:00:00 PM,10/19/2025 7:00:00 PM,SERC,WEST,EKPC,EKPC,1537.684,True
10/20/2025 12:00:00 AM,10/19/2025 8:00:00 PM,SERC,WEST,EKPC,EKPC,1491.120,True
10/20/2025 1:00:00 AM,10/19/2025 9:00:00 PM,SERC,WEST,EKPC,EKPC,1374.529,True
10/20/2025 2:00:00 AM,10/19/2025 10:00:00 PM,SERC,WEST,EKPC,EKPC,1288.599,True
10/20/2025 3:00:00 AM,10/19/2025 11:00:00 PM,SERC,WEST,EKPC,EKPC,1243.368,True
10/20/2025 4:00:00 AM,10/20/2025 12:00:00 AM,SERC,WEST,EKPC,EKPC,1211.983,True
10/20/2025 5:00:00 AM,10/20/2025 1:00:00 AM,SERC,WEST,EKPC,EKPC,1177.248,True
10/20/2025 6:00:00 AM,10/20/2025 2:00:00 AM,SERC,WEST,EKPC,EKPC,1194.358,True
10/20/2025 7:00:00 AM,10/20/2025 3:00:00 AM,SERC,WEST,EKPC,EKPC,1172.425,True
10/20/2025 8:00:00 AM,10/20/2025 4:00:00 AM,SERC,WEST,EKPC,EKPC,1175.326,True
10/20/2025 9:00:00 AM,10/20/2025 5:00:00 AM,SERC,WEST,EKPC,EKPC,1266.316,True
10/20/2025 10:00:00 AM,10/20/2025 6:00:00 AM,SERC,WEST,EKPC,EKPC,1449.703,True
10/20/2025 11:00:00 AM,10/20/2025 7:00:00 AM,SERC,WEST,EKPC,EKPC,1558.028,True
10/20/2025 12:00:00 PM,10/20/2025 8:00:00 AM,SERC,WEST,EKPC,EKPC,1572.071,True
10/20/2025 1:00:00 PM,10/20/2025 9:00:00 AM,SERC,WEST,EKPC,EKPC,1521.759,True
10/20/2025 2:00:00 PM,10/20/2025 10:00:00 AM,SERC,WEST,EKPC,EKPC,1459.316,True
10/20/2025 3:00:00 PM,10/20/2025 11:00:00 AM,SERC,WEST,EKPC,EKPC,1408.992,True
10/20/2025 4:00:00 PM,10/20/2025 12:00:00 PM,SERC,WEST,EKPC,EKPC,1377.364,True
10/20/2025 5:00:00 PM,10/20/2025 1:00:00 PM,SERC,WEST,EKPC,EKPC,1355.696,True
10/20/2025 6:00:00 PM,10/20/2025 2:00:00 PM,SERC,WEST,EKPC,EKPC,1420.124,True
10/20/2025 7:00:00 PM,10/20/2025 3:00:00 PM,SERC,WEST,EKPC,EKPC,1333.324,True
10/20/2025 8:00:00 PM,10/20/2025 4:00:00 PM,SERC,WEST,EKPC,EKPC,1363.345,True
10/20/2025 9:00:00 PM,10/20/2025 5:00:00 PM,SERC,WEST,EKPC,EKPC,1374.679,True
10/20/2025 10:00:00 PM,10/20/2025 6:00:00 PM,SERC,WEST,EKPC,EKPC,1444.697,True
10/20/2025 11:00:00 PM,10/20/2025 7:00:00 PM,SERC,WEST,EKPC,EKPC,1476.372,True
10/21/2025 12:00:00 AM,10/20/2025 8:00:00 PM,SERC,WEST,EKPC,EKPC,1479.751,True
10/21/2025 1:00:00 AM,10/20/2025 9:00:00 PM,SERC,WEST,EKPC,EKPC,1411.138,True
10/21/2025 2:00:00 AM,10/20/2025 10:00:00 PM,SERC,WEST,EKPC,EKPC,1368.854,True
10/21/2025 3:00:00 AM,10/20/2025 11:00:00 PM,SERC,WEST,EKPC,EKPC,1309.546,True
10/21/2025 4:00:00 AM,10/21/2025 12:00:00 AM,SERC,WEST,EKPC,EKPC,1191.629,True
10/21/2025 5:00:00 AM,10/21/2025 1:00:00 AM,SERC,WEST,EKPC,EKPC,1134.592,True
10/21/2025 6:00:00 AM,10/21/2025 2:00:00 AM,SERC,WEST,EKPC,EKPC,1208.359,True
10/21/2025 7:00:00 AM,10/21/2025 3:00:00 AM,SERC,WEST,EKPC,EKPC,1236.079,True
10/21/2025 8:00:00 AM,10/21/2025 4:00:00 AM,SERC,WEST,EKPC,EKPC,1243.277,True
10/21/2025 9:00:00 AM,10/21/2025 5:00:00 AM,SERC,WEST,EKPC,EKPC,1290.997,True
10/21/2025 10:00:00 AM,10/21/2025 6:00:00 AM,SERC,WEST,EKPC,EKPC,1442.724,True
10/21/2025 11:00:00 AM,10/21/2025 7:00:00 AM,SERC,WEST,EKPC,EKPC,1470.542,True
10/21/2025 12:00:00 PM,10/21/2025 8:00:00 AM,SERC,WEST,EKPC,EKPC,1470.131,True
10/21/2025 1:00:00 PM,10/21/2025 9:00:00 AM,SERC,WEST,EKPC,EKPC,1434.273,True
10/21/2025 2:00:00 PM,10/21/2025 10:00:00 AM,SERC,WEST,EKPC,EKPC,1351.041,True
10/21/2025 3:00:00 PM,10/21/2025 11:00:00 AM,SERC,WEST,EKPC,EKPC,1344.267,True
10/21/2025 4:00:00 PM,10/21/2025 12:00:00 PM,SERC,WEST,EKPC,EKPC,1361.681,True
10/21/2025 5:00:00 PM,10/21/2025 1:00:00 PM,SERC,WEST,EKPC,EKPC,1313.368,True
10/21/2025 6:00:00 PM,10/21/2025 2:00:00 PM,SERC,WEST,EKPC,EKPC,1259.141,True
10/21/2025 7:00:00 PM,10/21/2025 3:00:00 PM,SERC,WEST,EKPC,EKPC,1359.611,True
10/21/2025 8:00:00 PM,10/21/2025 4:00:00 PM,SERC,WEST,EKPC,EKPC,1432.807,True
10/21/2025 9:00:00 PM,10/21/2025 5:00:00 PM,SERC,WEST,EKPC,EKPC,1447.465,True
10/21/2025 10:00:00 PM,10/21/2025 6:00:00 PM,SERC,WEST,EKPC,EKPC,1459.827,True
10/21/2025 11:00:00 PM,10/21/2025 7:00:00 PM,SERC,WEST,EKPC,EKPC,1534.184,True
10/22/2025 12:00:00 AM,10/21/2025 8:00:00 PM,SERC,WEST,EKPC,EKPC,1516.322,True
10/22/2025 1:00:00 AM,10/21/2025 9:00:00 PM,SERC,WEST,EKPC,EKPC,1462.695,True
10/22/2025 2:00:00 AM,10/21/2025 10:00:00 PM,SERC,WEST,EKPC,EKPC,1378.846,True
10/22/2025 3:00:00 AM,10/21/2025 11:00:00 PM,SERC,WEST,EKPC,EKPC,1291.112,True
10/22/2025 4:00:00 AM,10/22/2025 12:00:00 AM,SERC,WEST,EKPC,EKPC,1215.790,True
10/22/2025 5:00:00 AM,10/22/2025 1:00:00 AM,SERC,WEST,EKPC,EKPC,1202.321,True
10/22/2025 6:00:00 AM,10/22/2025 2:00:00 AM,SERC,WEST,EKPC,EKPC,1194.740,True
10/22/2025 7:00:00 AM,10/22/2025 3:00:00 AM,SERC,WEST,EKPC,EKPC,1171.668,True
10/22/2025 8:00:00 AM,10/22/2025 4:00:00 AM,SERC,WEST,EKPC,EKPC,1194.033,True
10/22/2025 9:00:00 AM,10/22/2025 5:00:00 AM,SERC,WEST,EKPC,EKPC,1251.480,True
10/22/2025 10:00:00 AM,10/22/2025 6:00:00 AM,SERC,WEST,EKPC,EKPC,1371.844,True
10/22/2025 11:00:00 AM,10/22/2025 7:00:00 AM,SERC,WEST,EKPC,EKPC,1417.138,True
10/22/2025 12:00:00 PM,10/22/2025 8:00:00 AM,SERC,WEST,EKPC,EKPC,1417.889,True
10/22/2025 1:00:00 PM,10/22/2025 9:00:00 AM,SERC,WEST,EKPC,EKPC,1357.974,True
10/22/2025 2:00:00 PM,10/22/2025 10:00:00 AM,SERC,WEST,EKPC,EKPC,1297.396,True
10/22/2025 3:00:00 PM,10/22/2025 11:00:00 AM,SERC,WEST,EKPC,EKPC,1262.718,True
10/22/2025 4:00:00 PM,10/22/2025 12:00:00 PM,SERC,WEST,EKPC,EKPC,1236.914,True
10/22/2025 5:00:00 PM,10/22/2025 1:00:00 PM,SERC,WEST,EKPC,EKPC,1227.339,True
10/22/2025 6:00:00 PM,10/22/2025 2:00:00 PM,SERC,WEST,EKPC,EKPC,1208.072,True
10/22/2025 7:00:00 PM,10/22/2025 3:00:00 PM,SERC,WEST,EKPC,EKPC,1278.418,True
10/22/2025 8:00:00 PM,10/22/2025 4:00:00 PM,SERC,WEST,EKPC,EKPC,1267.244,True
10/22/2025 9:00:00 PM,10/22/2025 5:00:00 PM,SERC,WEST,EKPC,EKPC,1376.797,True
10/22/2025 10:00:00 PM,10/22/2025 6:00:00 PM,SERC,WEST,EKPC,EKPC,1378.412,True
10/22/2025 11:00:00 PM,10/22/2025 7:00:00 PM,SERC,WEST,EKPC,EKPC,1427.375,True
10/23/2025 12:00:00 AM,10/22/2025 8:00:00 PM,SERC,WEST,EKPC,EKPC,1533.011,True
10/23/2025 1:00:00 AM,10/22/2025 9:00:00 PM,SERC,WEST,EKPC,EKPC,1443.979,True
10/23/2025 2:00:00 AM,10/22/2025 10:00:00 PM,SERC,WEST,EKPC,EKPC,1306.649,True
10/23/2025 3:00:00 AM,10/22/2025 11:00:00 PM,SERC,WEST,EKPC,EKPC,1244.326,True
10/23/2025 4:00:00 AM,10/23/2025 12:00:00 AM,SERC,WEST,EKPC,EKPC,1220.236,True
10/23/2025 5:00:00 AM,10/23/2025 1:00:00 AM,SERC,WEST,EKPC,EKPC,1207.058,True
10/23/2025 6:00:00 AM,10/23/2025 2:00:00 AM,SERC,WEST,EKPC,EKPC,1175.994,True
10/23/2025 7:00:00 AM,10/23/2025 3:00:00 AM,SERC,WEST,EKPC,EKPC,1237.582,True
10/23/2025 8:00:00 AM,10/23/2025 4:00:00 AM,SERC,WEST,EKPC,EKPC,1423.817,True
10/23/2025 9:00:00 AM,10/23/2025 5:00:00 AM,SERC,WEST,EKPC,EKPC,1526.956,True
10/23/2025 10:00:00 AM,10/23/2025 6:00:00 AM,SERC,WEST,EKPC,EKPC,1689.914,True
10/23/2025 11:00:00 AM,10/23/2025 7:00:00 AM,SERC,WEST,EKPC,EKPC,1772.297,True
10/23/2025 12:00:00 PM,10/23/2025 8:00:00 AM,SERC,WEST,EKPC,EKPC,1748.437,True
10/23/2025 1:00:00 PM,10/23/2025 9:00:00 AM,SERC,WEST,EKPC,EKPC,1690.013,True
10/23/2025 2:00:00 PM,10/23/2025 10:00:00 AM,SERC,WEST,EKPC,EKPC,1613.911,True
10/23/2025 3:00:00 PM,10/23/2025 11:00:00 AM,SERC,WEST,EKPC,EKPC,1537.078,True
10/23/2025 4:00:00 PM,10/23/2025 12:00:00 PM,SERC,WEST,EKPC,EKPC,1436.426,True
10/23/2025 5:00:00 PM,10/23/2025 1:00:00 PM,SERC,WEST,EKPC,EKPC,1427.012,True
10/23/2025 6:00:00 PM,10/23/2025 2:00:00 PM,SERC,WEST,EKPC,EKPC,1400.168,True
10/23/2025 7:00:00 PM,10/23/2025 3:00:00 PM,SERC,WEST,EKPC,EKPC,1343.505,True
10/23/2025 8:00:00 PM,10/23/2025 4:00:00 PM,SERC,WEST,EKPC,EKPC,1355.122,True
10/23/2025 9:00:00 PM,10/23/2025 5:00:00 PM,SERC,WEST,EKPC,EKPC,1443.230,True
10/23/2025 10:00:00 PM,10/23/2025 6:00:00 PM,SERC,WEST,EKPC,EKPC,1492.200,True
10/23/2025 11:00:00 PM,10/23/2025 7:00:00 PM,SERC,WEST,EKPC,EKPC,1600.646,True
10/24/2025 12:00:00 AM,10/23/2025 8:00:00 PM,SERC,WEST,EKPC,EKPC,1617.797,True
10/24/2025 1:00:00 AM,10/23/2025 9:00:00 PM,SERC,WEST,EKPC,EKPC,1581.108,True
10/24/2025 2:00:00 AM,10/23/2025 10:00:00 PM,SERC,WEST,EKPC,EKPC,1483.251,True
10/24/2025 3:00:00 AM,10/23/2025 11:00:00 PM,SERC,WEST,EKPC,EKPC,1461.391,True
10/24/2025 4:00:00 AM,10/24/2025 12:00:00 AM,SERC,WEST,EKPC,EKPC,1400.306,True
10/24/2025 5:00:00 AM,10/24/2025 1:00:00 AM,SERC,WEST,EKPC,EKPC,1390.754,True
10/24/2025 6:00:00 AM,10/24/2025 2:00:00 AM,SERC,WEST,EKPC,EKPC,1390.202,True
10/24/2025 7:00:00 AM,10/24/2025 3:00:00 AM,SERC,WEST,EKPC,EKPC,1471.415,True
10/24/2025 8:00:00 AM,10/24/2025 4:00:00 AM,SERC,WEST,EKPC,EKPC,1420.620,True
10/24/2025 9:00:00 AM,10/24/2025 5:00:00 AM,SERC,WEST,EKPC,EKPC,1559.891,True
10/24/2025 10:00:00 AM,10/24/2025 6:00:00 AM,SERC,WEST,EKPC,EKPC,1751.396,True
10/24/2025 11:00:00 AM,10/24/2025 7:00:00 AM,SERC,WEST,EKPC,EKPC,1819.659,True
10/24/2025 12:00:00 PM,10/24/2025 8:00:00 AM,SERC,WEST,EKPC,EKPC,1790.007,True
10/24/2025 1:00:00 PM,10/24/2025 9:00:00 AM,SERC,WEST,EKPC,EKPC,1632.643,True
10/24/2025 2:00:00 PM,10/24/2025 10:00:00 AM,SERC,WEST,EKPC,EKPC,1490.180,True
10/24/2025 3:00:00 PM,10/24/2025 11:00:00 AM,SERC,WEST,EKPC,EKPC,1456.946,True
10/24/2025 4:00:00 PM,10/24/2025 12:00:00 PM,SERC,WEST,EKPC,EKPC,1326.239,True
10/24/2025 5:00:00 PM,10/24/2025 1:00:00 PM,SERC,WEST,EKPC,EKPC,1280.772,True
10/24/2025 6:00:00 PM,10/24/2025 2:00:00 PM,SERC,WEST,EKPC,EKPC,1308.820,True
10/24/2025 7:00:00 PM,10/24/2025 3:00:00 PM,SERC,WEST,EKPC,EKPC,1297.225,True
10/24/2025 8:00:00 PM,10/24/2025 4:00:00 PM,SERC,WEST,EKPC,EKPC,1340.969,True
10/24/2025 9:00:00 PM,10/24/2025 5:00:00 PM,SERC,WEST,EKPC,EKPC,1399.059,True
10/24/2025 10:00:00 PM,10/24/2025 6:00:00 PM,SERC,WEST,EKPC,EKPC,1433.353,True
10/24/2025 11:00:00 PM,10/24/2025 7:00:00 PM,SERC,WEST,EKPC,EKPC,1500.437,True
10/25/2025 12:00:00 AM,10/24/2025 8:00:00 PM,SERC,WEST,EKPC,EKPC,1482.148,True
10/25/2025 1:00:00 AM,10/24/2025 9:00:00 PM,SERC,WEST,EKPC,EKPC,1528.601,True
10/25/2025 2:00:00 AM,10/24/2025 10:00:00 PM,SERC,WEST,EKPC,EKPC,1468.101,True
10/25/2025 3:00:00 AM,10/24/2025 11:00:00 PM,SERC,WEST,EKPC,EKPC,1291.630,True
10/25/2025 4:00:00 AM,10/25/2025 12:00:00 AM,SERC,WEST,EKPC,EKPC,1256.372,True
10/25/2025 5:00:00 AM,10/25/2025 1:00:00 AM,SERC,WEST,EKPC,EKPC,1351.957,True
10/25/2025 6:00:00 AM,10/25/2025 2:00:00 AM,SERC,WEST,EKPC,EKPC,1328.799,True
10/25/2025 7:00:00 AM,10/25/2025 3:00:00 AM,SERC,WEST,EKPC,EKPC,1461.976,True
10/25/2025 8:00:00 AM,10/25/2025 4:00:00 AM,SERC,WEST,EKPC,EKPC,1456.388,True
10/25/2025 9:00:00 AM,10/25/2025 5:00:00 AM,SERC,WEST,EKPC,EKPC,1488.764,True
10/25/2025 10:00:00 AM,10/25/2025 6:00:00 AM,SERC,WEST,EKPC,EKPC,1512.781,True
10/25/2025 11:00:00 AM,10/25/2025 7:00:00 AM,SERC,WEST,EKPC,EKPC,1549.150,True
10/25/2025 12:00:00 PM,10/25/2025 8:00:00 AM,SERC,WEST,EKPC,EKPC,1550.149,True
10/25/2025 1:00:00 PM,10/25/2025 9:00:00 AM,SERC,WEST,EKPC,EKPC,1639.556,True
10/25/2025 2:00:00 PM,10/25/2025 10:00:00 AM,SERC,WEST,EKPC,EKPC,1581.446,True
10/25/2025 3:00:00 PM,10/25/2025 11:00:00 AM,SERC,WEST,EKPC,EKPC,1514.607,True
10/25/2025 4:00:00 PM,10/25/2025 12:00:00 PM,SERC,WEST,EKPC,EKPC,1468.210,True
10/25/2025 5:00:00 PM,10/25/2025 1:00:00 PM,SERC,WEST,EKPC,EKPC,1423.457,True
10/25/2025 6:00:00 PM,10/25/2025 2:00:00 PM,SERC,WEST,EKPC,EKPC,1394.814,True
10/25/2025 7:00:00 PM,10/25/2025 3:00:00 PM,SERC,WEST,EKPC,EKPC,1359.797,True
10/25/2025 8:00:00 PM,10/25/2025 4:00:00 PM,SERC,WEST,EKPC,EKPC,1401.899,True
10/25/2025 9:00:00 PM,10/25/2025 5:00:00 PM,SERC,WEST,EKPC,EKPC,1350.972,True
10/25/2025 10:00:00 PM,10/25/2025 6:00:00 PM,SERC,WEST,EKPC,EKPC,1282.713,True
10/25/2025 11:00:00 PM,10/25/2025 7:00:00 PM,SERC,WEST,EKPC,EKPC,1363.472,True
10/26/2025 12:00:00 AM,10/25/2025 8:00:00 PM,SERC,WEST,EKPC,EKPC,1274.483,True
10/26/2025 1:00:00 AM,10/25/2025 9:00:00 PM,SERC,WEST,EKPC,EKPC,1411.901,True
10/26/2025 2:00:00 AM,10/25/2025 10:00:00 PM,SERC,WEST,EKPC,EKPC,1333.634,True
10/26/2025 3:00:00 AM,10/25/2025 11:00:00 PM,SERC,WEST,EKPC,EKPC,1158.824,True
10/26/2025 4:00:00 AM,10/26/2025 12:00:00 AM,SERC,WEST,EKPC,EKPC,1200.539,True
10/26/2025 5:00:00 AM,10/26/2025 1:00:00 AM,SERC,WEST,EKPC,EKPC,1245.740,True
10/26/2025 6:00:00 AM,10/26/2025 2:00:00 AM,SERC,WEST,EKPC,EKPC,1208.976,True
10/26/2025 7:00:00 AM,10/26/2025 3:00:00 AM,SERC,WEST,EKPC,EKPC,1241.965,True
10/26/2025 8:00:00 AM,10/26/2025 4:00:00 AM,SERC,WEST,EKPC,EKPC,1274.037,True
10/26/2025 9:00:00 AM,10/26/2025 5:00:00 AM,SERC,WEST,EKPC,EKPC,1258.309,True
10/26/2025 10:00:00 AM,10/26/2025 6:00:00 AM,SERC,WEST,EKPC,EKPC,1284.453,True
10/26/2025 11:00:00 AM,10/26/2025 7:00:00 AM,SERC,WEST,EKPC,EKPC,1373.753,True
10/26/2025 12:00:00 PM,10/26/2025 8:00:00 AM,SERC,WEST,EKPC,EKPC,1306.242,True
10/26/2025 1:00:00 PM,10/26/2025 9:00:00 AM,SERC,WEST,EKPC,EKPC,1331.459,True
10/26/2025 2:00:00 PM,10/26/2025 10:00:00 AM,SERC,WEST,EKPC,EKPC,1318.528,True
10/26/2025 3:00:00 PM,10/26/2025 11:00:00 AM,SERC,WEST,EKPC,EKPC,1245.603,True
10/26/2025 4:00:00 PM,10/26/2025 12:00:00 PM,SERC,WEST,EKPC,EKPC,1305.600,True
10/26/2025 5:00:00 PM,10/26/2025 1:00:00 PM,SERC,WEST,EKPC,EKPC,1213.813,True
10/26/2025 6:00:00 PM,10/26/2025 2:00:00 PM,SERC,WEST,EKPC,EKPC,1199.246,True
10/26/2025 7:00:00 PM,10/26/2025 3:00:00 PM,SERC,WEST,EKPC,EKPC,1209.678,True
10/26/2025 8:00:00 PM,10/26/2025 4:00:00 PM,SERC,WEST,EKPC,EKPC,1226.177,True
10/26/2025 9:00:00 PM,10/26/2025 5:00:00 PM,SERC,WEST,EKPC,EKPC,1263.953,True
10/26/2025 10:00:00 PM,10/26/2025 6:00:00 PM,SERC,WEST,EKPC,EKPC,1296.434,True
10/26/2025 11:00:00 PM,10/26/2025 7:00:00 PM,SERC,WEST,EKPC,EKPC,1394.970,True
10/27/2025 12:00:00 AM,10/26/2025 8:00:00 PM,SERC,WEST,EKPC,EKPC,1394.787,True
10/27/2025 1:00:00 AM,10/26/2025 9:00:00 PM,SERC,WEST,EKPC,EKPC,1430.302,True
10/27/2025 2:00:00 AM,10/26/2025 10:00:00 PM,SERC,WEST,EKPC,EKPC,1358.204,True
10/27/2025 3:00:00 AM,10/26/2025 11:00:00 PM,SERC,WEST,EKPC,EKPC,1275.341,True
10/27/2025 4:00:00 AM,10/27/2025 12:00:00 AM,SERC,WEST,EKPC,EKPC,1272.089,True
10/27/2025 5:00:00 AM,10/27/2025 1:00:00 AM,SERC,WEST,EKPC,EKPC,1220.841,True
10/27/2025 6:00:00 AM,10/27/2025 2:00:00 AM,SERC,WEST,EKPC,EKPC,1258.283,True
10/27/2025 7:00:00 AM,10/27/2025 3:00:00 AM,SERC,WEST,EKPC,EKPC,1251.817,True
10/27/2025 8:00:00 AM,10/27/2025 4:00:00 AM,SERC,WEST,EKPC,EKPC,1277.943,True
10/27/2025 9:00:00 AM,10/27/2025 5:00:00 AM,SERC,WEST,EKPC,EKPC,1411.445,True
10/27/2025 10:00:00 AM,10/27/2025 6:00:00 AM,SERC,WEST,EKPC,EKPC,1540.747,True
10/27/2025 11:00:00 AM,10/27/2025 7:00:00 AM,SERC,WEST,EKPC,EKPC,1561.566,True
10/27/2025 12:00:00 PM,10/27/2025 8:00:00 AM,SERC,WEST,EKPC,EKPC,1576.478,True
10/27/2025 1:00:00 PM,10/27/2025 9:00:00 AM,SERC,WEST,EKPC,EKPC,1555.939,True
10/27/2025 2:00:00 PM,10/27/2025 10:00:00 AM,SERC,WEST,EKPC,EKPC,1556.204,True
10/27/2025 3:00:00 PM,10/27/2025 11:00:00 AM,SERC,WEST,EKPC,EKPC,1542.107,True
10/27/2025 4:00:00 PM,10/27/2025 12:00:00 PM,SERC,WEST,EKPC,EKPC,1407.429,True
10/27/2025 5:00:00 PM,10/27/2025 1:00:00 PM,SERC,WEST,EKPC,EKPC,1395.408,True
10/27/2025 6:00:00 PM,10/27/2025 2:00:00 PM,SERC,WEST,EKPC,EKPC,1466.841,True
10/27/2025 7:00:00 PM,10/27/2025 3:00:00 PM,SERC,WEST,EKPC,EKPC,1524.232,True
10/27/2025 8:00:00 PM,10/27/2025 4:00:00 PM,SERC,WEST,EKPC,EKPC,1542.779,True
10/27/2025 9:00:00 PM,10/27/2025 5:00:00 PM,SERC,WEST,EKPC,EKPC,1603.830,True
10/27/2025 10:00:00 PM,10/27/2025 6:00:00 PM,SERC,WEST,EKPC,EKPC,1522.204,True
10/27/2025 11:00:00 PM,10/27/2025 7:00:00 PM,SERC,WEST,EKPC,EKPC,1496.492,True
10/28/2025 12:00:00 AM,10/27/2025 8:00:00 PM,SERC,WEST,EKPC,EKPC,1456.572,True
10/28/2025 1:00:00 AM,10/27/2025 9:00:00 PM,SERC,WEST,EKPC,EKPC,1426.316,True
10/28/2025 2:00:00 AM,10/27/2025 10:00:00 PM,SERC,WEST,EKPC,EKPC,1372.051,True
10/28/2025 3:00:00 AM,10/27/2025 11:00:00 PM,SERC,WEST,EKPC,EKPC,1354.609,True
10/28/2025 4:00:00 AM,10/28/2025 12:00:00 AM,SERC,WEST,EKPC,EKPC,1336.725,True
10/28/2025 5:00:00 AM,10/28/2025 1:00:00 AM,SERC,WEST,EKPC,EKPC,1283.356,True
10/28/2025 6:00:00 AM,10/28/2025 2:00:00 AM,SERC,WEST,EKPC,EKPC,1306.869,True
10/28/2025 7:00:00 AM,10/28/2025 3:00:00 AM,SERC,WEST,EKPC,EKPC,1311.038,True
10/28/2025 8:00:00 AM,10/28/2025 4:00:00 AM,SERC,WEST,EKPC,EKPC,1322.094,True
10/28/2025 9:00:00 AM,10/28/2025 5:00:00 AM,SERC,WEST,EKPC,EKPC,1372.378,True
10/28/2025 10:00:00 AM,10/28/2025 6:00:00 AM,SERC,WEST,EKPC,EKPC,1498.888,True
10/28/2025 11:00:00 AM,10/28/2025 7:00:00 AM,SERC,WEST,EKPC,EKPC,1568.651,True
10/28/2025 12:00:00 PM,10/28/2025 8:00:00 AM,SERC,WEST,EKPC,EKPC,1500.434,True
10/28/2025 1:00:00 PM,10/28/2025 9:00:00 AM,SERC,WEST,EKPC,EKPC,1462.978,True
10/28/2025 2:00:00 PM,10/28/2025 10:00:00 AM,SERC,WEST,EKPC,EKPC,1527.255,True
10/28/2025 3:00:00 PM,10/28/2025 11:00:00 AM,SERC,WEST,EKPC,EKPC,1511.102,True
10/28/2025 4:00:00 PM,10/28/2025 12:00:00 PM,SERC,WEST,EKPC,EKPC,1485.420,True
10/28/2025 5:00:00 PM,10/28/2025 1:00:00 PM,SERC,WEST,EKPC,EKPC,1505.541,True
10/28/2025 6:00:00 PM,10/28/2025 2:00:00 PM,SERC,WEST,EKPC,EKPC,1492.463,True
10/28/2025 7:00:00 PM,10/28/2025 3:00:00 PM,SERC,WEST,EKPC,EKPC,1497.170,True
10/28/2025 8:00:00 PM,10/28/2025 4:00:00 PM,SERC,WEST,EKPC,EKPC,1488.580,True
10/28/2025 9:00:00 PM,10/28/2025 5:00:00 PM,SERC,WEST,EKPC,EKPC,1475.697,True
10/28/2025 10:00:00 PM,10/28/2025 6:00:00 PM,SERC,WEST,EKPC,EKPC,1565.259,True
10/28/2025 11:00:00 PM,10/28/2025 7:00:00 PM,SERC,WEST,EKPC,EKPC,1621.326,True
10/29/2025 12:00:00 AM,10/28/2025 8:00:00 PM,SERC,WEST,EKPC,EKPC,1602.650,True
10/29/2025 1:00:00 AM,10/28/2025 9:00:00 PM,SERC,WEST,EKPC,EKPC,1460.884,True
10/29/2025 2:00:00 AM,10/28/2025 10:00:00 PM,SERC,WEST,EKPC,EKPC,1414.028,True
10/29/2025 3:00:00 AM,10/28/2025 11:00:00 PM,SERC,WEST,EKPC,EKPC,1387.540,True
10/29/2025 4:00:00 AM,10/29/2025 12:00:00 AM,SERC,WEST,EKPC,EKPC,1310.274,True
10/29/2025 5:00:00 AM,10/29/2025 1:00:00 AM,SERC,WEST,EKPC,EKPC,1261.150,True
10/29/2025 6:00:00 AM,10/29/2025 2:00:00 AM,SERC,WEST,EKPC,EKPC,1313.779,True
10/29/2025 7:00:00 AM,10/29/2025 3:00:00 AM,SERC,WEST,EKPC,EKPC,1205.573,True
10/29/2025 8:00:00 AM,10/29/2025 4:00:00 AM,SERC,WEST,EKPC,EKPC,1173.284,True
10/29/2025 9:00:00 AM,10/29/2025 5:00:00 AM,SERC,WEST,EKPC,EKPC,1233.653,True
10/29/2025 10:00:00 AM,10/29/2025 6:00:00 AM,SERC,WEST,EKPC,EKPC,1362.907,True
10/29/2025 11:00:00 AM,10/29/2025 7:00:00 AM,SERC,WEST,EKPC,EKPC,1398.015,True
10/29/2025 12:00:00 PM,10/29/2025 8:00:00 AM,SERC,WEST,EKPC,EKPC,1404.890,True
10/29/2025 1:00:00 PM,10/29/2025 9:00:00 AM,SERC,WEST,EKPC,EKPC,1415.802,True
10/29/2025 2:00:00 PM,10/29/2025 10:00:00 AM,SERC,WEST,EKPC,EKPC,1416.311,True
10/29/2025 3:00:00 PM,10/29/2025 11:00:00 AM,SERC,WEST,EKPC,EKPC,1443.477,True
10/29/2025 4:00:00 PM,10/29/2025 12:00:00 PM,SERC,WEST,EKPC,EKPC,1429.924,True
10/29/2025 5:00:00 PM,10/29/2025 1:00:00 PM,SERC,WEST,EKPC,EKPC,1454.077,True
10/29/2025 6:00:00 PM,10/29/2025 2:00:00 PM,SERC,WEST,EKPC,EKPC,1439.550,True
10/29/2025 7:00:00 PM,10/29/2025 3:00:00 PM,SERC,WEST,EKPC,EKPC,1443.659,True
10/29/2025 8:00:00 PM,10/29/2025 4:00:00 PM,SERC,WEST,EKPC,EKPC,1505.510,True
10/29/2025 9:00:00 PM,10/29/2025 5:00:00 PM,SERC,WEST,EKPC,EKPC,1586.273,True
10/29/2025 10:00:00 PM,10/29/2025 6:00:00 PM,SERC,WEST,EKPC,EKPC,1654.898,True
10/29/2025 11:00:00 PM,10/29/2025 7:00:00 PM,SERC,WEST,EKPC,EKPC,1548.588,True
10/30/2025 12:00:00 AM,10/29/2025 8:00:00 PM,SERC,WEST,EKPC,EKPC,1514.989,True
10/30/2025 1:00:00 AM,10/29/2025 9:00:00 PM,SERC,WEST,EKPC,EKPC,1445.106,True
10/30/2025 2:00:00 AM,10/29/2025 10:00:00 PM,SERC,WEST,EKPC,EKPC,1526.592,True
10/30/2025 3:00:00 AM,10/29/2025 11:00:00 PM,SERC,WEST,EKPC,EKPC,1285.347,True
10/30/2025 4:00:00 AM,10/30/2025 12:00:00 AM,SERC,WEST,EKPC,EKPC,1237.839,True
10/30/2025 5:00:00 AM,10/30/2025 1:00:00 AM,SERC,WEST,EKPC,EKPC,1197.720,True
10/30/2025 6:00:00 AM,10/30/2025 2:00:00 AM,SERC,WEST,EKPC,EKPC,1187.680,True
10/30/2025 7:00:00 AM,10/30/2025 3:00:00 AM,SERC,WEST,EKPC,EKPC,1354.552,True
10/30/2025 8:00:00 AM,10/30/2025 4:00:00 AM,SERC,WEST,EKPC,EKPC,1335.340,True
10/30/2025 9:00:00 AM,10/30/2025 5:00:00 AM,SERC,WEST,EKPC,EKPC,1471.367,True
10/30/2025 10:00:00 AM,10/30/2025 6:00:00 AM,SERC,WEST,EKPC,EKPC,1616.268,True
10/30/2025 11:00:00 AM,10/30/2025 7:00:00 AM,SERC,WEST,EKPC,EKPC,1672.786,True
10/30/2025 12:00:00 PM,10/30/2025 8:00:00 AM,SERC,WEST,EKPC,EKPC,1659.867,True
10/30/2025 1:00:00 PM,10/30/2025 9:00:00 AM,SERC,WEST,EKPC,EKPC,1618.259,True
10/30/2025 2:00:00 PM,10/30/2025 10:00:00 AM,SERC,WEST,EKPC,EKPC,1698.051,True
10/30/2025 3:00:00 PM,10/30/2025 11:00:00 AM,SERC,WEST,EKPC,EKPC,1540.625,True
10/30/2025 4:00:00 PM,10/30/2025 12:00:00 PM,SERC,WEST,EKPC,EKPC,1514.291,True
10/30/2025 5:00:00 PM,10/30/2025 1:00:00 PM,SERC,WEST,EKPC,EKPC,1642.394,True
10/30/2025 6:00:00 PM,10/30/2025 2:00:00 PM,SERC,WEST,EKPC,EKPC,1670.569,True
10/30/2025 7:00:00 PM,10/30/2025 3:00:00 PM,SERC,WEST,EKPC,EKPC,1639.200,True
10/30/2025 8:00:00 PM,10/30/2025 4:00:00 PM,SERC,WEST,EKPC,EKPC,1681.773,True
10/30/2025 9:00:00 PM,10/30/2025 5:00:00 PM,SERC,WEST,EKPC,EKPC,1644.119,True
10/30/2025 10:00:00 PM,10/30/2025 6:00:00 PM,SERC,WEST,EKPC,EKPC,1730.974,True
10/30/2025 11:00:00 PM,10/30/2025 7:00:00 PM,SERC,WEST,EKPC,EKPC,1764.279,True
10/31/2025 12:00:00 AM,10/30/2025 8:00:00 PM,SERC,WEST,EKPC,EKPC,1666.102,True
10/31/2025 1:00:00 AM,10/30/2025 9:00:00 PM,SERC,WEST,EKPC,EKPC,1637.072,True
10/31/2025 2:00:00 AM,10/30/2025 10:00:00 PM,SERC,WEST,EKPC,EKPC,1559.655,True
10/31/2025 3:00:00 AM,10/30/2025 11:00:00 PM,SERC,WEST,EKPC,EKPC,1584.245,True
10/31/2025 4:00:00 AM,10/31/2025 12:00:00 AM,SERC,WEST,EKPC,EKPC,1498.482,True
10/31/2025 5:00:00 AM,10/31/2025 1:00:00 AM,SERC,WEST,EKPC,EKPC,1492.314,True
10/31/2025 6:00:00 AM,10/31/2025 2:00:00 AM,SERC,WEST,EKPC,EKPC,1505.489,True
10/31/2025 7:00:00 AM,10/31/2025 3:00:00 AM,SERC,WEST,EKPC,EKPC,1490.237,True
10/31/2025 8:00:00 AM,10/31/2025 4:00:00 AM,SERC,WEST,EKPC,EKPC,1547.300,True
10/31/2025 9:00:00 AM,10/31/2025 5:00:00 AM,SERC,WEST,EKPC,EKPC,1652.872,True
10/31/2025 10:00:00 AM,10/31/2025 6:00:00 AM,SERC,WEST,EKPC,EKPC,1785.839,True
10/31/2025 11:00:00 AM,10/31/2025 7:00:00 AM,SERC,WEST,EKPC,EKPC,1767.396,True
10/31/2025 12:00:00 PM,10/31/2025 8:00:00 AM,SERC,WEST,EKPC,EKPC,1737.298,True
10/31/2025 1:00:00 PM,10/31/2025 9:00:00 AM,SERC,WEST,EKPC,EKPC,1738.924,True
10/31/2025 2:00:00 PM,10/31/2025 10:00:00 AM,SERC,WEST,EKPC,EKPC,1657.363,True
10/31/2025 3:00:00 PM,10/31/2025 11:00:00 AM,SERC,WEST,EKPC,EKPC,1508.957,True
10/31/2025 4:00:00 PM,10/31/2025 12:00:00 PM,SERC,WEST,EKPC,EKPC,1562.038,True
10/31/2025 5:00:00 PM,10/31/2025 1:00:00 PM,SERC,WEST,EKPC,EKPC,1525.652,True
10/31/2025 6:00:00 PM,10/31/2025 2:00:00 PM,SERC,WEST,EKPC,EKPC,1472.569,True
10/31/2025 7:00:00 PM,10/31/2025 3:00:00 PM,SERC,WEST,EKPC,EKPC,1486.697,True
10/31/2025 8:00:00 PM,10/31/2025 4:00:00 PM,SERC,WEST,EKPC,EKPC,1513.529,True
10/31/2025 9:00:00 PM,10/31/2025 5:00:00 PM,SERC,WEST,EKPC,EKPC,1466.198,True
10/31/2025 10:00:00 PM,10/31/2025 6:00:00 PM,SERC,WEST,EKPC,EKPC,1477.923,True
10/31/2025 11:00:00 PM,10/31/2025 7:00:00 PM,SERC,WEST,EKPC,EKPC,1559.416,True
11/1/2025 12:00:00 AM,10/31/2025 8:00:00 PM,SERC,WEST,EKPC,EKPC,1596.970,True
11/1/2025 1:00:00 AM,10/31/2025 9:00:00 PM,SERC,WEST,EKPC,EKPC,1493.626,True
11/1/2025 2:00:00 AM,10/31/2025 10:00:00 PM,SERC,WEST,EKPC,EKPC,1517.550,True
11/1/2025 3:00:00 AM,10/31/2025 11:00:00 PM,SERC,WEST,EKPC,EKPC,1407.579,True
11/1/2025 4:00:00 AM,11/1/2025 12:00:00 AM,SERC,WEST,EKPC,EKPC,1471.988,True
11/1/2025 5:00:00 AM,11/1/2025 1:00:00 AM,SERC,WEST,EKPC,EKPC,1512.789,True
11/1/2025 6:00:00 AM,11/1/2025 2:00:00 AM,SERC,WEST,EKPC,EKPC,1493.017,True
11/1/2025 7:00:00 AM,11/1/2025 3:00:00 AM,SERC,WEST,EKPC,EKPC,1514.042,True
11/1/2025 8:00:00 AM,11/1/2025 4:00:00 AM,SERC,WEST,EKPC,EKPC,1546.676,True
11/1/2025 9:00:00 AM,11/1/2025 5:00:00 AM,SERC,WEST,EKPC,EKPC,1575.531,True
11/1/2025 10:00:00 AM,11/1/2025 6:00:00 AM,SERC,WEST,EKPC,EKPC,1578.165,True
11/1/2025 11:00:00 AM,11/1/2025 7:00:00 AM,SERC,WEST,EKPC,EKPC,1647.988,True
11/1/2025 12:00:00 PM,11/1/2025 8:00:00 AM,SERC,WEST,EKPC,EKPC,1722.103,True
11/1/2025 1:00:00 PM,11/1/2025 9:00:00 AM,SERC,WEST,EKPC,EKPC,1672.648,True
11/1/2025 2:00:00 PM,11/1/2025 10:00:00 AM,SERC,WEST,EKPC,EKPC,1660.594,True
11/1/2025 3:00:00 PM,11/1/2025 11:00:00 AM,SERC,WEST,EKPC,EKPC,1541.657,True
11/1/2025 4:00:00 PM,11/1/2025 12:00:00 PM,SERC,WEST,EKPC,EKPC,1479.742,True
11/1/2025 5:00:00 PM,11/1/2025 1:00:00 PM,SERC,WEST,EKPC,EKPC,1425.619,True
11/1/2025 6:00:00 PM,11/1/2025 2:00:00 PM,SERC,WEST,EKPC,EKPC,1367.466,True
11/1/2025 7:00:00 PM,11/1/2025 3:00:00 PM,SERC,WEST,EKPC,EKPC,1359.056,True
11/1/2025 8:00:00 PM,11/1/2025 4:00:00 PM,SERC,WEST,EKPC,EKPC,1401.537,True
11/1/2025 9:00:00 PM,11/1/2025 5:00:00 PM,SERC,WEST,EKPC,EKPC,1429.547,True
11/1/2025 10:00:00 PM,11/1/2025 6:00:00 PM,SERC,WEST,EKPC,EKPC,1453.679,True
11/1/2025 11:00:00 PM,11/1/2025 7:00:00 PM,SERC,WEST,EKPC,EKPC,1471.784,True
11/2/2025 12:00:00 AM,11/1/2025 8:00:00 PM,SERC,WEST,EKPC,EKPC,1472.202,True
11/2/2025 1:00:00 AM,11/1/2025 9:00:00 PM,SERC,WEST,EKPC,EKPC,1390.763,True
11/2/2025 2:00:00 AM,11/1/2025 10:00:00 PM,SERC,WEST,EKPC,EKPC,1334.901,True
11/2/2025 3:00:00 AM,11/1/2025 11:00:00 PM,SERC,WEST,EKPC,EKPC,1329.053,True
11/2/2025 4:00:00 AM,11/2/2025 12:00:00 AM,SERC,WEST,EKPC,EKPC,1306.012,True
11/2/2025 5:00:00 AM,11/2/2025 1:00:00 AM,SERC,WEST,EKPC,EKPC,1314.658,True
11/2/2025 6:00:00 AM,11/2/2025 1:00:00 AM,SERC,WEST,EKPC,EKPC,1266.368,True
11/2/2025 7:00:00 AM,11/2/2025 2:00:00 AM,SERC,WEST,EKPC,EKPC,1294.817,True
11/2/2025 8:00:00 AM,11/2/2025 3:00:00 AM,SERC,WEST,EKPC,EKPC,1309.117,True
11/2/2025 9:00:00 AM,11/2/2025 4:00:00 AM,SERC,WEST,EKPC,EKPC,1348.511,True
11/2/2025 10:00:00 AM,11/2/2025 5:00:00 AM,SERC,WEST,EKPC,EKPC,1367.715,True
11/2/2025 11:00:00 AM,11/2/2025 6:00:00 AM,SERC,WEST,EKPC,EKPC,1449.433,True
11/2/2025 12:00:00 PM,11/2/2025 7:00:00 AM,SERC,WEST,EKPC,EKPC,1503.152,True
11/2/2025 1:00:00 PM,11/2/2025 8:00:00 AM,SERC,WEST,EKPC,EKPC,1609.671,True
11/2/2025 2:00:00 PM,11/2/2025 9:00:00 AM,SERC,WEST,EKPC,EKPC,1533.112,True
11/2/2025 3:00:00 PM,11/2/2025 10:00:00 AM,SERC,WEST,EKPC,EKPC,1608.201,True
11/2/2025 4:00:00 PM,11/2/2025 11:00:00 AM,SERC,WEST,EKPC,EKPC,1523.056,True
11/2/2025 5:00:00 PM,11/2/2025 12:00:00 PM,SERC,WEST,EKPC,EKPC,1433.265,True
11/2/2025 6:00:00 PM,11/2/2025 1:00:00 PM,SERC,WEST,EKPC,EKPC,1457.684,True
11/2/2025 7:00:00 PM,11/2/2025 2:00:00 PM,SERC,WEST,EKPC,EKPC,1408.568,True
11/2/2025 8:00:00 PM,11/2/2025 3:00:00 PM,SERC,WEST,EKPC,EKPC,1325.022,True
11/2/2025 9:00:00 PM,11/2/2025 4:00:00 PM,SERC,WEST,EKPC,EKPC,1368.347,True
11/2/2025 10:00:00 PM,11/2/2025 5:00:00 PM,SERC,WEST,EKPC,EKPC,1554.659,True
11/2/2025 11:00:00 PM,11/2/2025 6:00:00 PM,SERC,WEST,EKPC,EKPC,1614.560,True
11/3/2025 12:00:00 AM,11/2/2025 7:00:00 PM,SERC,WEST,EKPC,EKPC,1672.041,True
11/3/2025 1:00:00 AM,11/2/2025 8:00:00 PM,SERC,WEST,EKPC,EKPC,1675.003,True
11/3/2025 2:00:00 AM,11/2/2025 9:00:00 PM,SERC,WEST,EKPC,EKPC,1625.293,True
11/3/2025 3:00:00 AM,11/2/2025 10:00:00 PM,SERC,WEST,EKPC,EKPC,1543.466,True
11/3/2025 4:00:00 AM,11/2/2025 11:00:00 PM,SERC,WEST,EKPC,EKPC,1456.997,True
11/3/2025 5:00:00 AM,11/3/2025 12:00:00 AM,SERC,WEST,EKPC,EKPC,1449.090,True
11/3/2025 6:00:00 AM,11/3/2025 1:00:00 AM,SERC,WEST,EKPC,EKPC,1463.161,True
11/3/2025 7:00:00 AM,11/3/2025 2:00:00 AM,SERC,WEST,EKPC,EKPC,1438.882,True
11/3/2025 8:00:00 AM,11/3/2025 3:00:00 AM,SERC,WEST,EKPC,EKPC,1478.913,True
11/3/2025 9:00:00 AM,11/3/2025 4:00:00 AM,SERC,WEST,EKPC,EKPC,1516.994,True
11/3/2025 10:00:00 AM,11/3/2025 5:00:00 AM,SERC,WEST,EKPC,EKPC,1645.011,True
11/3/2025 11:00:00 AM,11/3/2025 6:00:00 AM,SERC,WEST,EKPC,EKPC,1731.822,True
11/3/2025 12:00:00 PM,11/3/2025 7:00:00 AM,SERC,WEST,EKPC,EKPC,1810.317,True
11/3/2025 1:00:00 PM,11/3/2025 8:00:00 AM,SERC,WEST,EKPC,EKPC,1735.845,True
11/3/2025 2:00:00 PM,11/3/2025 9:00:00 AM,SERC,WEST,EKPC,EKPC,1655.836,True
11/3/2025 3:00:00 PM,11/3/2025 10:00:00 AM,SERC,WEST,EKPC,EKPC,1692.654,True
11/3/2025 4:00:00 PM,11/3/2025 11:00:00 AM,SERC,WEST,EKPC,EKPC,1595.929,True
11/3/2025 5:00:00 PM,11/3/2025 12:00:00 PM,SERC,WEST,EKPC,EKPC,1524.178,True
11/3/2025 6:00:00 PM,11/3/2025 1:00:00 PM,SERC,WEST,EKPC,EKPC,1491.476,True
11/3/2025 7:00:00 PM,11/3/2025 2:00:00 PM,SERC,WEST,EKPC,EKPC,1479.912,True
11/3/2025 8:00:00 PM,11/3/2025 3:00:00 PM,SERC,WEST,EKPC,EKPC,1447.253,True
11/3/2025 9:00:00 PM,11/3/2025 4:00:00 PM,SERC,WEST,EKPC,EKPC,1523.828,True
11/3/2025 10:00:00 PM,11/3/2025 5:00:00 PM,SERC,WEST,EKPC,EKPC,1540.289,True
11/3/2025 11:00:00 PM,11/3/2025 6:00:00 PM,SERC,WEST,EKPC,EKPC,1674.930,True
11/4/2025 12:00:00 AM,11/3/2025 7:00:00 PM,SERC,WEST,EKPC,EKPC,1575.169,True
11/4/2025 1:00:00 AM,11/3/2025 8:00:00 PM,SERC,WEST,EKPC,EKPC,1683.458,True
11/4/2025 2:00:00 AM,11/3/2025 9:00:00 PM,SERC,WEST,EKPC,EKPC,1647.299,True
11/4/2025 3:00:00 AM,11/3/2025 10:00:00 PM,SERC,WEST,EKPC,EKPC,1433.856,True
11/4/2025 4:00:00 AM,11/3/2025 11:00:00 PM,SERC,WEST,EKPC,EKPC,1383.427,True
11/4/2025 5:00:00 AM,11/4/2025 12:00:00 AM,SERC,WEST,EKPC,EKPC,1370.671,True
11/4/2025 6:00:00 AM,11/4/2025 1:00:00 AM,SERC,WEST,EKPC,EKPC,1453.139,True
11/4/2025 7:00:00 AM,11/4/2025 2:00:00 AM,SERC,WEST,EKPC,EKPC,1584.923,True
11/4/2025 8:00:00 AM,11/4/2025 3:00:00 AM,SERC,WEST,EKPC,EKPC,1602.611,True
11/4/2025 9:00:00 AM,11/4/2025 4:00:00 AM,SERC,WEST,EKPC,EKPC,1697.657,True
11/4/2025 10:00:00 AM,11/4/2025 5:00:00 AM,SERC,WEST,EKPC,EKPC,1810.003,True
11/4/2025 11:00:00 AM,11/4/2025 6:00:00 AM,SERC,WEST,EKPC,EKPC,1986.187,True
11/4/2025 12:00:00 PM,11/4/2025 7:00:00 AM,SERC,WEST,EKPC,EKPC,2027.241,True
11/4/2025 1:00:00 PM,11/4/2025 8:00:00 AM,SERC,WEST,EKPC,EKPC,1906.293,True
11/4/2025 2:00:00 PM,11/4/2025 9:00:00 AM,SERC,WEST,EKPC,EKPC,1695.220,True
11/4/2025 3:00:00 PM,11/4/2025 10:00:00 AM,SERC,WEST,EKPC,EKPC,1539.920,True
11/4/2025 4:00:00 PM,11/4/2025 11:00:00 AM,SERC,WEST,EKPC,EKPC,1500.865,True
11/4/2025 5:00:00 PM,11/4/2025 12:00:00 PM,SERC,WEST,EKPC,EKPC,1430.162,True
11/4/2025 6:00:00 PM,11/4/2025 1:00:00 PM,SERC,WEST,EKPC,EKPC,1327.065,True
11/4/2025 7:00:00 PM,11/4/2025 2:00:00 PM,SERC,WEST,EKPC,EKPC,1379.512,True
11/4/2025 8:00:00 PM,11/4/2025 3:00:00 PM,SERC,WEST,EKPC,EKPC,1419.317,True
11/4/2025 9:00:00 PM,11/4/2025 4:00:00 PM,SERC,WEST,EKPC,EKPC,1456.411,True
11/4/2025 10:00:00 PM,11/4/2025 5:00:00 PM,SERC,WEST,EKPC,EKPC,1516.635,True
11/4/2025 11:00:00 PM,11/4/2025 6:00:00 PM,SERC,WEST,EKPC,EKPC,1621.248,True
11/5/2025 12:00:00 AM,11/4/2025 7:00:00 PM,SERC,WEST,EKPC,EKPC,1623.567,True
11/5/2025 1:00:00 AM,11/4/2025 8:00:00 PM,SERC,WEST,EKPC,EKPC,1633.797,True
11/5/2025 2:00:00 AM,11/4/2025 9:00:00 PM,SERC,WEST,EKPC,EKPC,1604.120,True
11/5/2025 3:00:00 AM,11/4/2025 10:00:00 PM,SERC,WEST,EKPC,EKPC,1526.194,True
11/5/2025 4:00:00 AM,11/4/2025 11:00:00 PM,SERC,WEST,EKPC,EKPC,1465.741,True
11/5/2025 5:00:00 AM,11/5/2025 12:00:00 AM,SERC,WEST,EKPC,EKPC,1434.013,True
11/5/2025 6:00:00 AM,11/5/2025 1:00:00 AM,SERC,WEST,EKPC,EKPC,1436.998,True
11/5/2025 7:00:00 AM,11/5/2025 2:00:00 AM,SERC,WEST,EKPC,EKPC,1453.921,True
11/5/2025 8:00:00 AM,11/5/2025 3:00:00 AM,SERC,WEST,EKPC,EKPC,1379.136,True
11/5/2025 9:00:00 AM,11/5/2025 4:00:00 AM,SERC,WEST,EKPC,EKPC,1406.956,True
11/5/2025 10:00:00 AM,11/5/2025 5:00:00 AM,SERC,WEST,EKPC,EKPC,1439.852,True
11/5/2025 11:00:00 AM,11/5/2025 6:00:00 AM,SERC,WEST,EKPC,EKPC,1588.358,True
11/5/2025 12:00:00 PM,11/5/2025 7:00:00 AM,SERC,WEST,EKPC,EKPC,1555.708,True
11/5/2025 1:00:00 PM,11/5/2025 8:00:00 AM,SERC,WEST,EKPC,EKPC,1504.298,True
11/5/2025 2:00:00 PM,11/5/2025 9:00:00 AM,SERC,WEST,EKPC,EKPC,1415.722,True
11/5/2025 3:00:00 PM,11/5/2025 10:00:00 AM,SERC,WEST,EKPC,EKPC,1323.439,True
11/5/2025 4:00:00 PM,11/5/2025 11:00:00 AM,SERC,WEST,EKPC,EKPC,1260.698,True
11/5/2025 5:00:00 PM,11/5/2025 12:00:00 PM,SERC,WEST,EKPC,EKPC,1225.696,True
11/5/2025 6:00:00 PM,11/5/2025 1:00:00 PM,SERC,WEST,EKPC,EKPC,1210.478,True
11/5/2025 7:00:00 PM,11/5/2025 2:00:00 PM,SERC,WEST,EKPC,EKPC,1198.747,True
11/5/2025 8:00:00 PM,11/5/2025 3:00:00 PM,SERC,WEST,EKPC,EKPC,1202.270,True
11/5/2025 9:00:00 PM,11/5/2025 4:00:00 PM,SERC,WEST,EKPC,EKPC,1246.059,True
11/5/2025 10:00:00 PM,11/5/2025 5:00:00 PM,SERC,WEST,EKPC,EKPC,1427.379,True
11/5/2025 11:00:00 PM,11/5/2025 6:00:00 PM,SERC,WEST,EKPC,EKPC,1431.145,True
11/6/2025 12:00:00 AM,11/5/2025 7:00:00 PM,SERC,WEST,EKPC,EKPC,1377.643,True
11/6/2025 1:00:00 AM,11/5/2025 8:00:00 PM,SERC,WEST,EKPC,EKPC,1337.531,True
11/6/2025 2:00:00 AM,11/5/2025 9:00:00 PM,SERC,WEST,EKPC,EKPC,1437.037,True
11/6/2025 3:00:00 AM,11/5/2025 10:00:00 PM,SERC,WEST,EKPC,EKPC,1228.110,True
11/6/2025 4:00:00 AM,11/5/2025 11:00:00 PM,SERC,WEST,EKPC,EKPC,1151.864,True
11/6/2025 5:00:00 AM,11/6/2025 12:00:00 AM,SERC,WEST,EKPC,EKPC,1230.440,True
11/6/2025 6:00:00 AM,11/6/2025 1:00:00 AM,SERC,WEST,EKPC,EKPC,1262.909,True
11/6/2025 7:00:00 AM,11/6/2025 2:00:00 AM,SERC,WEST,EKPC,EKPC,1335.275,True
11/6/2025 8:00:00 AM,11/6/2025 3:00:00 AM,SERC,WEST,EKPC,EKPC,1366.338,True
11/6/2025 9:00:00 AM,11/6/2025 4:00:00 AM,SERC,WEST,EKPC,EKPC,1449.086,True
11/6/2025 10:00:00 AM,11/6/2025 5:00:00 AM,SERC,WEST,EKPC,EKPC,1566.173,True
11/6/2025 11:00:00 AM,11/6/2025 6:00:00 AM,SERC,WEST,EKPC,EKPC,1789.574,True
11/6/2025 12:00:00 PM,11/6/2025 7:00:00 AM,SERC,WEST,EKPC,EKPC,1809.168,True
11/6/2025 1:00:00 PM,11/6/2025 8:00:00 AM,SERC,WEST,EKPC,EKPC,1735.508,True
11/6/2025 2:00:00 PM,11/6/2025 9:00:00 AM,SERC,WEST,EKPC,EKPC,1632.814,True
11/6/2025 3:00:00 PM,11/6/2025 10:00:00 AM,SERC,WEST,EKPC,EKPC,1510.509,True
11/6/2025 4:00:00 PM,11/6/2025 11:00:00 AM,SERC,WEST,EKPC,EKPC,1484.005,True
11/6/2025 5:00:00 PM,11/6/2025 12:00:00 PM,SERC,WEST,EKPC,EKPC,1388.506,True
11/6/2025 6:00:00 PM,11/6/2025 1:00:00 PM,SERC,WEST,EKPC,EKPC,1347.659,True
11/6/2025 7:00:00 PM,11/6/2025 2:00:00 PM,SERC,WEST,EKPC,EKPC,1315.319,True
11/6/2025 8:00:00 PM,11/6/2025 3:00:00 PM,SERC,WEST,EKPC,EKPC,1306.239,True
11/6/2025 9:00:00 PM,11/6/2025 4:00:00 PM,SERC,WEST,EKPC,EKPC,1358.579,True
11/6/2025 10:00:00 PM,11/6/2025 5:00:00 PM,SERC,WEST,EKPC,EKPC,1425.236,True
11/6/2025 11:00:00 PM,11/6/2025 6:00:00 PM,SERC,WEST,EKPC,EKPC,1553.687,True
11/7/2025 12:00:00 AM,11/6/2025 7:00:00 PM,SERC,WEST,EKPC,EKPC,1588.028,True
11/7/2025 1:00:00 AM,11/6/2025 8:00:00 PM,SERC,WEST,EKPC,EKPC,1572.035,True
11/7/2025 2:00:00 AM,11/6/2025 9:00:00 PM,SERC,WEST,EKPC,EKPC,1556.619,True
11/7/2025 3:00:00 AM,11/6/2025 10:00:00 PM,SERC,WEST,EKPC,EKPC,1514.636,True
11/7/2025 4:00:00 AM,11/6/2025 11:00:00 PM,SERC,WEST,EKPC,EKPC,1478.113,True
11/7/2025 5:00:00 AM,11/7/2025 12:00:00 AM,SERC,WEST,EKPC,EKPC,1463.924,True
11/7/2025 6:00:00 AM,11/7/2025 1:00:00 AM,SERC,WEST,EKPC,EKPC,1511.091,True
11/7/2025 7:00:00 AM,11/7/2025 2:00:00 AM,SERC,WEST,EKPC,EKPC,1398.447,True
11/7/2025 8:00:00 AM,11/7/2025 3:00:00 AM,SERC,WEST,EKPC,EKPC,1400.333,True
11/7/2025 9:00:00 AM,11/7/2025 4:00:00 AM,SERC,WEST,EKPC,EKPC,1470.416,True
11/7/2025 10:00:00 AM,11/7/2025 5:00:00 AM,SERC,WEST,EKPC,EKPC,1622.659,True
11/7/2025 11:00:00 AM,11/7/2025 6:00:00 AM,SERC,WEST,EKPC,EKPC,1709.550,True
11/7/2025 12:00:00 PM,11/7/2025 7:00:00 AM,SERC,WEST,EKPC,EKPC,1660.484,True
11/7/2025 1:00:00 PM,11/7/2025 8:00:00 AM,SERC,WEST,EKPC,EKPC,1600.945,True
11/7/2025 2:00:00 PM,11/7/2025 9:00:00 AM,SERC,WEST,EKPC,EKPC,1514.156,True
11/7/2025 3:00:00 PM,11/7/2025 10:00:00 AM,SERC,WEST,EKPC,EKPC,1452.089,True
11/7/2025 4:00:00 PM,11/7/2025 11:00:00 AM,SERC,WEST,EKPC,EKPC,1401.268,True
11/7/2025 5:00:00 PM,11/7/2025 12:00:00 PM,SERC,WEST,EKPC,EKPC,1481.398,True
11/7/2025 6:00:00 PM,11/7/2025 1:00:00 PM,SERC,WEST,EKPC,EKPC,1447.232,True
11/7/2025 7:00:00 PM,11/7/2025 2:00:00 PM,SERC,WEST,EKPC,EKPC,1480.032,True
11/7/2025 8:00:00 PM,11/7/2025 3:00:00 PM,SERC,WEST,EKPC,EKPC,1495.902,True
11/7/2025 9:00:00 PM,11/7/2025 4:00:00 PM,SERC,WEST,EKPC,EKPC,1494.916,True
11/7/2025 10:00:00 PM,11/7/2025 5:00:00 PM,SERC,WEST,EKPC,EKPC,1541.067,True
11/7/2025 11:00:00 PM,11/7/2025 6:00:00 PM,SERC,WEST,EKPC,EKPC,1507.094,True
11/8/2025 12:00:00 AM,11/7/2025 7:00:00 PM,SERC,WEST,EKPC,EKPC,1477.217,True
11/8/2025 1:00:00 AM,11/7/2025 8:00:00 PM,SERC,WEST,EKPC,EKPC,1482.403,True
11/8/2025 2:00:00 AM,11/7/2025 9:00:00 PM,SERC,WEST,EKPC,EKPC,1377.799,True
11/8/2025 3:00:00 AM,11/7/2025 10:00:00 PM,SERC,WEST,EKPC,EKPC,1340.301,True
11/8/2025 4:00:00 AM,11/7/2025 11:00:00 PM,SERC,WEST,EKPC,EKPC,1267.677,True
11/8/2025 5:00:00 AM,11/8/2025 12:00:00 AM,SERC,WEST,EKPC,EKPC,1213.255,True
11/8/2025 6:00:00 AM,11/8/2025 1:00:00 AM,SERC,WEST,EKPC,EKPC,1172.387,True
11/8/2025 7:00:00 AM,11/8/2025 2:00:00 AM,SERC,WEST,EKPC,EKPC,1193.477,True
11/8/2025 8:00:00 AM,11/8/2025 3:00:00 AM,SERC,WEST,EKPC,EKPC,1125.476,True
11/8/2025 9:00:00 AM,11/8/2025 4:00:00 AM,SERC,WEST,EKPC,EKPC,1153.202,True
11/8/2025 10:00:00 AM,11/8/2025 5:00:00 AM,SERC,WEST,EKPC,EKPC,1250.876,True
11/8/2025 11:00:00 AM,11/8/2025 6:00:00 AM,SERC,WEST,EKPC,EKPC,1347.329,True
11/8/2025 12:00:00 PM,11/8/2025 7:00:00 AM,SERC,WEST,EKPC,EKPC,1414.777,True
11/8/2025 1:00:00 PM,11/8/2025 8:00:00 AM,SERC,WEST,EKPC,EKPC,1459.927,True
11/8/2025 2:00:00 PM,11/8/2025 9:00:00 AM,SERC,WEST,EKPC,EKPC,1446.126,True
11/8/2025 3:00:00 PM,11/8/2025 10:00:00 AM,SERC,WEST,EKPC,EKPC,1513.587,True
11/8/2025 4:00:00 PM,11/8/2025 11:00:00 AM,SERC,WEST,EKPC,EKPC,1339.882,True
11/8/2025 5:00:00 PM,11/8/2025 12:00:00 PM,SERC,WEST,EKPC,EKPC,1357.214,True
11/8/2025 6:00:00 PM,11/8/2025 1:00:00 PM,SERC,WEST,EKPC,EKPC,1377.646,True
11/8/2025 7:00:00 PM,11/8/2025 2:00:00 PM,SERC,WEST,EKPC,EKPC,1351.188,True
11/8/2025 8:00:00 PM,11/8/2025 3:00:00 PM,SERC,WEST,EKPC,EKPC,1341.203,True
11/8/2025 9:00:00 PM,11/8/2025 4:00:00 PM,SERC,WEST,EKPC,EKPC,1334.510,True
11/8/2025 10:00:00 PM,11/8/2025 5:00:00 PM,SERC,WEST,EKPC,EKPC,1416.253,True
11/8/2025 11:00:00 PM,11/8/2025 6:00:00 PM,SERC,WEST,EKPC,EKPC,1387.821,True
11/9/2025 12:00:00 AM,11/8/2025 7:00:00 PM,SERC,WEST,EKPC,EKPC,1437.056,True
11/9/2025 1:00:00 AM,11/8/2025 8:00:00 PM,SERC,WEST,EKPC,EKPC,1304.110,True
11/9/2025 2:00:00 AM,11/8/2025 9:00:00 PM,SERC,WEST,EKPC,EKPC,1226.952,True
11/9/2025 3:00:00 AM,11/8/2025 10:00:00 PM,SERC,WEST,EKPC,EKPC,1181.475,True
11/9/2025 4:00:00 AM,11/8/2025 11:00:00 PM,SERC,WEST,EKPC,EKPC,1155.335,True
11/9/2025 5:00:00 AM,11/9/2025 12:00:00 AM,SERC,WEST,EKPC,EKPC,1146.236,True
11/9/2025 6:00:00 AM,11/9/2025 1:00:00 AM,SERC,WEST,EKPC,EKPC,1300.103,True
11/9/2025 7:00:00 AM,11/9/2025 2:00:00 AM,SERC,WEST,EKPC,EKPC,1320.885,True
11/9/2025 8:00:00 AM,11/9/2025 3:00:00 AM,SERC,WEST,EKPC,EKPC,1327.297,True
11/9/2025 9:00:00 AM,11/9/2025 4:00:00 AM,SERC,WEST,EKPC,EKPC,1332.765,True
11/9/2025 10:00:00 AM,11/9/2025 5:00:00 AM,SERC,WEST,EKPC,EKPC,1380.672,True
11/9/2025 11:00:00 AM,11/9/2025 6:00:00 AM,SERC,WEST,EKPC,EKPC,1413.616,True
11/9/2025 12:00:00 PM,11/9/2025 7:00:00 AM,SERC,WEST,EKPC,EKPC,1503.294,True
11/9/2025 1:00:00 PM,11/9/2025 8:00:00 AM,SERC,WEST,EKPC,EKPC,1526.782,True
11/9/2025 2:00:00 PM,11/9/2025 9:00:00 AM,SERC,WEST,EKPC,EKPC,1573.601,True
11/9/2025 3:00:00 PM,11/9/2025 10:00:00 AM,SERC,WEST,EKPC,EKPC,1615.372,True
11/9/2025 4:00:00 PM,11/9/2025 11:00:00 AM,SERC,WEST,EKPC,EKPC,1661.038,True
11/9/2025 5:00:00 PM,11/9/2025 12:00:00 PM,SERC,WEST,EKPC,EKPC,1724.057,True
11/9/2025 6:00:00 PM,11/9/2025 1:00:00 PM,SERC,WEST,EKPC,EKPC,1841.925,True
11/9/2025 7:00:00 PM,11/9/2025 2:00:00 PM,SERC,WEST,EKPC,EKPC,1818.171,True
11/9/2025 8:00:00 PM,11/9/2025 3:00:00 PM,SERC,WEST,EKPC,EKPC,1850.925,True
11/9/2025 9:00:00 PM,11/9/2025 4:00:00 PM,SERC,WEST,EKPC,EKPC,1939.174,True
11/9/2025 10:00:00 PM,11/9/2025 5:00:00 PM,SERC,WEST,EKPC,EKPC,1977.934,True
11/9/2025 11:00:00 PM,11/9/2025 6:00:00 PM,SERC,WEST,EKPC,EKPC,1944.846,True
11/10/2025 12:00:00 AM,11/9/2025 7:00:00 PM,SERC,WEST,EKPC,EKPC,1951.227,True
11/10/2025 1:00:00 AM,11/9/2025 8:00:00 PM,SERC,WEST,EKPC,EKPC,1945.729,True
11/10/2025 2:00:00 AM,11/9/2025 9:00:00 PM,SERC,WEST,EKPC,EKPC,1888.931,True
11/10/2025 3:00:00 AM,11/9/2025 10:00:00 PM,SERC,WEST,EKPC,EKPC,1849.819,True
11/10/2025 4:00:00 AM,11/9/2025 11:00:00 PM,SERC,WEST,EKPC,EKPC,1731.022,True
11/10/2025 5:00:00 AM,11/10/2025 12:00:00 AM,SERC,WEST,EKPC,EKPC,1686.913,True
11/10/2025 6:00:00 AM,11/10/2025 1:00:00 AM,SERC,WEST,EKPC,EKPC,1751.364,True
11/10/2025 7:00:00 AM,11/10/2025 2:00:00 AM,SERC,WEST,EKPC,EKPC,1819.091,True
11/10/2025 8:00:00 AM,11/10/2025 3:00:00 AM,SERC,WEST,EKPC,EKPC,1908.989,True
11/10/2025 9:00:00 AM,11/10/2025 4:00:00 AM,SERC,WEST,EKPC,EKPC,1996.875,True
11/10/2025 10:00:00 AM,11/10/2025 5:00:00 AM,SERC,WEST,EKPC,EKPC,2154.919,True
11/10/2025 11:00:00 AM,11/10/2025 6:00:00 AM,SERC,WEST,EKPC,EKPC,2317.413,True
11/10/2025 12:00:00 PM,11/10/2025 7:00:00 AM,SERC,WEST,EKPC,EKPC,2320.931,True
11/10/2025 1:00:00 PM,11/10/2025 8:00:00 AM,SERC,WEST,EKPC,EKPC,2343.642,True
11/10/2025 2:00:00 PM,11/10/2025 9:00:00 AM,SERC,WEST,EKPC,EKPC,2348.813,True
11/10/2025 3:00:00 PM,11/10/2025 10:00:00 AM,SERC,WEST,EKPC,EKPC,2335.944,True
11/10/2025 4:00:00 PM,11/10/2025 11:00:00 AM,SERC,WEST,EKPC,EKPC,2279.853,True
11/10/2025 5:00:00 PM,11/10/2025 12:00:00 PM,SERC,WEST,EKPC,EKPC,2219.982,True
11/10/2025 6:00:00 PM,11/10/2025 1:00:00 PM,SERC,WEST,EKPC,EKPC,2183.331,True
11/10/2025 7:00:00 PM,11/10/2025 2:00:00 PM,SERC,WEST,EKPC,EKPC,2246.533,True
11/10/2025 8:00:00 PM,11/10/2025 3:00:00 PM,SERC,WEST,EKPC,EKPC,2302.975,True
11/10/2025 9:00:00 PM,11/10/2025 4:00:00 PM,SERC,WEST,EKPC,EKPC,2187.495,True
11/10/2025 10:00:00 PM,11/10/2025 5:00:00 PM,SERC,WEST,EKPC,EKPC,2228.570,True
11/10/2025 11:00:00 PM,11/10/2025 6:00:00 PM,SERC,WEST,EKPC,EKPC,2317.173,True
11/11/2025 12:00:00 AM,11/10/2025 7:00:00 PM,SERC,WEST,EKPC,EKPC,2402.341,True
11/11/2025 1:00:00 AM,11/10/2025 8:00:00 PM,SERC,WEST,EKPC,EKPC,2242.480,True
11/11/2025 2:00:00 AM,11/10/2025 9:00:00 PM,SERC,WEST,EKPC,EKPC,2179.212,True
11/11/2025 3:00:00 AM,11/10/2025 10:00:00 PM,SERC,WEST,EKPC,EKPC,2113.291,True
11/11/2025 4:00:00 AM,11/10/2025 11:00:00 PM,SERC,WEST,EKPC,EKPC,2048.693,True
11/11/2025 5:00:00 AM,11/11/2025 12:00:00 AM,SERC,WEST,EKPC,EKPC,2120.445,True
11/11/2025 6:00:00 AM,11/11/2025 1:00:00 AM,SERC,WEST,EKPC,EKPC,2240.270,True
11/11/2025 7:00:00 AM,11/11/2025 2:00:00 AM,SERC,WEST,EKPC,EKPC,2280.038,True
11/11/2025 8:00:00 AM,11/11/2025 3:00:00 AM,SERC,WEST,EKPC,EKPC,2337.842,True
11/11/2025 9:00:00 AM,11/11/2025 4:00:00 AM,SERC,WEST,EKPC,EKPC,2392.580,True
11/11/2025 10:00:00 AM,11/11/2025 5:00:00 AM,SERC,WEST,EKPC,EKPC,2469.165,True
11/11/2025 11:00:00 AM,11/11/2025 6:00:00 AM,SERC,WEST,EKPC,EKPC,2612.953,True
11/11/2025 12:00:00 PM,11/11/2025 7:00:00 AM,SERC,WEST,EKPC,EKPC,2640.405,True
11/11/2025 1:00:00 PM,11/11/2025 8:00:00 AM,SERC,WEST,EKPC,EKPC,2539.809,True
11/11/2025 2:00:00 PM,11/11/2025 9:00:00 AM,SERC,WEST,EKPC,EKPC,2403.435,True
11/11/2025 3:00:00 PM,11/11/2025 10:00:00 AM,SERC,WEST,EKPC,EKPC,2234.503,True
11/11/2025 4:00:00 PM,11/11/2025 11:00:00 AM,SERC,WEST,EKPC,EKPC,2179.820,True
11/11/2025 5:00:00 PM,11/11/2025 12:00:00 PM,SERC,WEST,EKPC,EKPC,2088.047,True
11/11/2025 6:00:00 PM,11/11/2025 1:00:00 PM,SERC,WEST,EKPC,EKPC,1929.501,True
11/11/2025 7:00:00 PM,11/11/2025 2:00:00 PM,SERC,WEST,EKPC,EKPC,1893.008,True
11/11/2025 8:00:00 PM,11/11/2025 3:00:00 PM,SERC,WEST,EKPC,EKPC,1892.286,True
11/11/2025 9:00:00 PM,11/11/2025 4:00:00 PM,SERC,WEST,EKPC,EKPC,1983.296,True
11/11/2025 10:00:00 PM,11/11/2025 5:00:00 PM,SERC,WEST,EKPC,EKPC,2066.228,True
11/11/2025 11:00:00 PM,11/11/2025 6:00:00 PM,SERC,WEST,EKPC,EKPC,2157.182,True
11/12/2025 12:00:00 AM,11/11/2025 7:00:00 PM,SERC,WEST,EKPC,EKPC,2137.270,True
11/12/2025 1:00:00 AM,11/11/2025 8:00:00 PM,SERC,WEST,EKPC,EKPC,2038.360,True
11/12/2025 2:00:00 AM,11/11/2025 9:00:00 PM,SERC,WEST,EKPC,EKPC,2021.589,True
11/12/2025 3:00:00 AM,11/11/2025 10:00:00 PM,SERC,WEST,EKPC,EKPC,1934.929,True
11/12/2025 4:00:00 AM,11/11/2025 11:00:00 PM,SERC,WEST,EKPC,EKPC,1757.198,True
11/12/2025 5:00:00 AM,11/12/2025 12:00:00 AM,SERC,WEST,EKPC,EKPC,1770.551,True
11/12/2025 6:00:00 AM,11/12/2025 1:00:00 AM,SERC,WEST,EKPC,EKPC,1814.588,True
11/12/2025 7:00:00 AM,11/12/2025 2:00:00 AM,SERC,WEST,EKPC,EKPC,1766.807,True
11/12/2025 8:00:00 AM,11/12/2025 3:00:00 AM,SERC,WEST,EKPC,EKPC,1800.481,True
11/12/2025 9:00:00 AM,11/12/2025 4:00:00 AM,SERC,WEST,EKPC,EKPC,1808.952,True
11/12/2025 10:00:00 AM,11/12/2025 5:00:00 AM,SERC,WEST,EKPC,EKPC,1859.713,True
11/12/2025 11:00:00 AM,11/12/2025 6:00:00 AM,SERC,WEST,EKPC,EKPC,2027.934,True
11/12/2025 12:00:00 PM,11/12/2025 7:00:00 AM,SERC,WEST,EKPC,EKPC,1917.721,True
11/12/2025 1:00:00 PM,11/12/2025 8:00:00 AM,SERC,WEST,EKPC,EKPC,1918.403,True
11/12/2025 2:00:00 PM,11/12/2025 9:00:00 AM,SERC,WEST,EKPC,EKPC,1742.910,True
11/12/2025 3:00:00 PM,11/12/2025 10:00:00 AM,SERC,WEST,EKPC,EKPC,1688.528,True
11/12/2025 4:00:00 PM,11/12/2025 11:00:00 AM,SERC,WEST,EKPC,EKPC,1567.545,True
11/12/2025 5:00:00 PM,11/12/2025 12:00:00 PM,SERC,WEST,EKPC,EKPC,1381.078,True
11/12/2025 6:00:00 PM,11/12/2025 1:00:00 PM,SERC,WEST,EKPC,EKPC,1318.609,True
11/12/2025 7:00:00 PM,11/12/2025 2:00:00 PM,SERC,WEST,EKPC,EKPC,1288.309,True
11/12/2025 8:00:00 PM,11/12/2025 3:00:00 PM,SERC,WEST,EKPC,EKPC,1333.061,True
11/12/2025 9:00:00 PM,11/12/2025 4:00:00 PM,SERC,WEST,EKPC,EKPC,1337.582,True
11/12/2025 10:00:00 PM,11/12/2025 5:00:00 PM,SERC,WEST,EKPC,EKPC,1428.763,True
11/12/2025 11:00:00 PM,11/12/2025 6:00:00 PM,SERC,WEST,EKPC,EKPC,1635.941,True
11/13/2025 12:00:00 AM,11/12/2025 7:00:00 PM,SERC,WEST,EKPC,EKPC,1666.465,True
11/13/2025 1:00:00 AM,11/12/2025 8:00:00 PM,SERC,WEST,EKPC,EKPC,1706.108,True
11/13/2025 2:00:00 AM,11/12/2025 9:00:00 PM,SERC,WEST,EKPC,EKPC,1647.194,True
11/13/2025 3:00:00 AM,11/12/2025 10:00:00 PM,SERC,WEST,EKPC,EKPC,1600.386,True
11/13/2025 4:00:00 AM,11/12/2025 11:00:00 PM,SERC,WEST,EKPC,EKPC,1551.449,True
11/13/2025 5:00:00 AM,11/13/2025 12:00:00 AM,SERC,WEST,EKPC,EKPC,1535.536,True
11/13/2025 6:00:00 AM,11/13/2025 1:00:00 AM,SERC,WEST,EKPC,EKPC,1547.801,True
11/13/2025 7:00:00 AM,11/13/2025 2:00:00 AM,SERC,WEST,EKPC,EKPC,1594.383,True
11/13/2025 8:00:00 AM,11/13/2025 3:00:00 AM,SERC,WEST,EKPC,EKPC,1624.553,True
11/13/2025 9:00:00 AM,11/13/2025 4:00:00 AM,SERC,WEST,EKPC,EKPC,1593.932,True
11/13/2025 10:00:00 AM,11/13/2025 5:00:00 AM,SERC,WEST,EKPC,EKPC,1676.453,True
11/13/2025 11:00:00 AM,11/13/2025 6:00:00 AM,SERC,WEST,EKPC,EKPC,1836.199,True
11/13/2025 12:00:00 PM,11/13/2025 7:00:00 AM,SERC,WEST,EKPC,EKPC,1868.944,True
11/13/2025 1:00:00 PM,11/13/2025 8:00:00 AM,SERC,WEST,EKPC,EKPC,1786.864,True
11/13/2025 2:00:00 PM,11/13/2025 9:00:00 AM,SERC,WEST,EKPC,EKPC,1621.817,True
11/13/2025 3:00:00 PM,11/13/2025 10:00:00 AM,SERC,WEST,EKPC,EKPC,1462.385,True
11/13/2025 4:00:00 PM,11/13/2025 11:00:00 AM,SERC,WEST,EKPC,EKPC,1353.480,True
11/13/2025 5:00:00 PM,11/13/2025 12:00:00 PM,SERC,WEST,EKPC,EKPC,1267.525,True
11/13/2025 6:00:00 PM,11/13/2025 1:00:00 PM,SERC,WEST,EKPC,EKPC,1239.425,True
11/13/2025 7:00:00 PM,11/13/2025 2:00:00 PM,SERC,WEST,EKPC,EKPC,1226.124,True
11/13/2025 8:00:00 PM,11/13/2025 3:00:00 PM,SERC,WEST,EKPC,EKPC,1237.260,True
11/13/2025 9:00:00 PM,11/13/2025 4:00:00 PM,SERC,WEST,EKPC,EKPC,1332.759,True
11/13/2025 10:00:00 PM,11/13/2025 5:00:00 PM,SERC,WEST,EKPC,EKPC,1440.828,True
11/13/2025 11:00:00 PM,11/13/2025 6:00:00 PM,SERC,WEST,EKPC,EKPC,1647.454,True
11/14/2025 12:00:00 AM,11/13/2025 7:00:00 PM,SERC,WEST,EKPC,EKPC,1700.688,True
11/14/2025 1:00:00 AM,11/13/2025 8:00:00 PM,SERC,WEST,EKPC,EKPC,1692.034,True
11/14/2025 2:00:00 AM,11/13/2025 9:00:00 PM,SERC,WEST,EKPC,EKPC,1666.206,True
11/14/2025 3:00:00 AM,11/13/2025 10:00:00 PM,SERC,WEST,EKPC,EKPC,1617.221,True
11/14/2025 4:00:00 AM,11/13/2025 11:00:00 PM,SERC,WEST,EKPC,EKPC,1598.809,True
11/14/2025 5:00:00 AM,11/14/2025 12:00:00 AM,SERC,WEST,EKPC,EKPC,1582.336,True
11/14/2025 6:00:00 AM,11/14/2025 1:00:00 AM,SERC,WEST,EKPC,EKPC,1579.210,True
11/14/2025 7:00:00 AM,11/14/2025 2:00:00 AM,SERC,WEST,EKPC,EKPC,1607.989,True
11/14/2025 8:00:00 AM,11/14/2025 3:00:00 AM,SERC,WEST,EKPC,EKPC,1644.361,True
11/14/2025 9:00:00 AM,11/14/2025 4:00:00 AM,SERC,WEST,EKPC,EKPC,1702.738,True
11/14/2025 10:00:00 AM,11/14/2025 5:00:00 AM,SERC,WEST,EKPC,EKPC,1831.425,True
11/14/2025 11:00:00 AM,11/14/2025 6:00:00 AM,SERC,WEST,EKPC,EKPC,1983.510,True
11/14/2025 12:00:00 PM,11/14/2025 7:00:00 AM,SERC,WEST,EKPC,EKPC,1997.605,True
11/14/2025 1:00:00 PM,11/14/2025 8:00:00 AM,SERC,WEST,EKPC,EKPC,1884.701,True
11/14/2025 2:00:00 PM,11/14/2025 9:00:00 AM,SERC,WEST,EKPC,EKPC,1695.633,True
11/14/2025 3:00:00 PM,11/14/2025 10:00:00 AM,SERC,WEST,EKPC,EKPC,1477.983,True
11/14/2025 4:00:00 PM,11/14/2025 11:00:00 AM,SERC,WEST,EKPC,EKPC,1464.508,True
11/14/2025 5:00:00 PM,11/14/2025 12:00:00 PM,SERC,WEST,EKPC,EKPC,1456.406,True
11/14/2025 6:00:00 PM,11/14/2025 1:00:00 PM,SERC,WEST,EKPC,EKPC,1441.820,True
11/14/2025 7:00:00 PM,11/14/2025 2:00:00 PM,SERC,WEST,EKPC,EKPC,1391.117,True
11/14/2025 8:00:00 PM,11/14/2025 3:00:00 PM,SERC,WEST,EKPC,EKPC,1416.144,True
11/14/2025 9:00:00 PM,11/14/2025 4:00:00 PM,SERC,WEST,EKPC,EKPC,1394.246,True
11/14/2025 10:00:00 PM,11/14/2025 5:00:00 PM,SERC,WEST,EKPC,EKPC,1423.642,True
11/14/2025 11:00:00 PM,11/14/2025 6:00:00 PM,SERC,WEST,EKPC,EKPC,1442.233,True
11/15/2025 12:00:00 AM,11/14/2025 7:00:00 PM,SERC,WEST,EKPC,EKPC,1326.854,True
11/15/2025 1:00:00 AM,11/14/2025 8:00:00 PM,SERC,WEST,EKPC,EKPC,1369.583,True
11/15/2025 2:00:00 AM,11/14/2025 9:00:00 PM,SERC,WEST,EKPC,EKPC,1299.261,True
11/15/2025 3:00:00 AM,11/14/2025 10:00:00 PM,SERC,WEST,EKPC,EKPC,1370.643,True
11/15/2025 4:00:00 AM,11/14/2025 11:00:00 PM,SERC,WEST,EKPC,EKPC,1297.758,True
11/15/2025 5:00:00 AM,11/15/2025 12:00:00 AM,SERC,WEST,EKPC,EKPC,1222.584,True
11/15/2025 6:00:00 AM,11/15/2025 1:00:00 AM,SERC,WEST,EKPC,EKPC,1224.876,True
11/15/2025 7:00:00 AM,11/15/2025 2:00:00 AM,SERC,WEST,EKPC,EKPC,1148.662,True
11/15/2025 8:00:00 AM,11/15/2025 3:00:00 AM,SERC,WEST,EKPC,EKPC,1224.973,True
11/15/2025 9:00:00 AM,11/15/2025 4:00:00 AM,SERC,WEST,EKPC,EKPC,1275.077,True
11/15/2025 10:00:00 AM,11/15/2025 5:00:00 AM,SERC,WEST,EKPC,EKPC,1304.245,True
11/15/2025 11:00:00 AM,11/15/2025 6:00:00 AM,SERC,WEST,EKPC,EKPC,1346.701,True
11/15/2025 12:00:00 PM,11/15/2025 7:00:00 AM,SERC,WEST,EKPC,EKPC,1359.060,True
11/15/2025 1:00:00 PM,11/15/2025 8:00:00 AM,SERC,WEST,EKPC,EKPC,1447.947,True
11/15/2025 2:00:00 PM,11/15/2025 9:00:00 AM,SERC,WEST,EKPC,EKPC,1439.508,True
11/15/2025 3:00:00 PM,11/15/2025 10:00:00 AM,SERC,WEST,EKPC,EKPC,1420.189,True
11/15/2025 4:00:00 PM,11/15/2025 11:00:00 AM,SERC,WEST,EKPC,EKPC,1433.640,True
11/15/2025 5:00:00 PM,11/15/2025 12:00:00 PM,SERC,WEST,EKPC,EKPC,1357.133,True
11/15/2025 6:00:00 PM,11/15/2025 1:00:00 PM,SERC,WEST,EKPC,EKPC,1354.086,True
11/15/2025 7:00:00 PM,11/15/2025 2:00:00 PM,SERC,WEST,EKPC,EKPC,1280.945,True
11/15/2025 8:00:00 PM,11/15/2025 3:00:00 PM,SERC,WEST,EKPC,EKPC,1327.506,True
11/15/2025 9:00:00 PM,11/15/2025 4:00:00 PM,SERC,WEST,EKPC,EKPC,1297.803,True
11/15/2025 10:00:00 PM,11/15/2025 5:00:00 PM,SERC,WEST,EKPC,EKPC,1242.542,True
11/15/2025 11:00:00 PM,11/15/2025 6:00:00 PM,SERC,WEST,EKPC,EKPC,1264.199,True
11/16/2025 12:00:00 AM,11/15/2025 7:00:00 PM,SERC,WEST,EKPC,EKPC,1273.031,True
11/16/2025 1:00:00 AM,11/15/2025 8:00:00 PM,SERC,WEST,EKPC,EKPC,1240.393,True
11/16/2025 2:00:00 AM,11/15/2025 9:00:00 PM,SERC,WEST,EKPC,EKPC,1333.234,True
11/16/2025 3:00:00 AM,11/15/2025 10:00:00 PM,SERC,WEST,EKPC,EKPC,1281.310,True
11/16/2025 4:00:00 AM,11/15/2025 11:00:00 PM,SERC,WEST,EKPC,EKPC,1154.103,True
11/16/2025 5:00:00 AM,11/16/2025 12:00:00 AM,SERC,WEST,EKPC,EKPC,1121.293,True
11/16/2025 6:00:00 AM,11/16/2025 1:00:00 AM,SERC,WEST,EKPC,EKPC,1089.195,True
11/16/2025 7:00:00 AM,11/16/2025 2:00:00 AM,SERC,WEST,EKPC,EKPC,1089.691,True
11/16/2025 8:00:00 AM,11/16/2025 3:00:00 AM,SERC,WEST,EKPC,EKPC,1048.315,True
11/16/2025 9:00:00 AM,11/16/2025 4:00:00 AM,SERC,WEST,EKPC,EKPC,1070.304,True
11/16/2025 10:00:00 AM,11/16/2025 5:00:00 AM,SERC,WEST,EKPC,EKPC,1149.314,True
11/16/2025 11:00:00 AM,11/16/2025 6:00:00 AM,SERC,WEST,EKPC,EKPC,1185.634,True
11/16/2025 12:00:00 PM,11/16/2025 7:00:00 AM,SERC,WEST,EKPC,EKPC,1253.531,True
11/16/2025 1:00:00 PM,11/16/2025 8:00:00 AM,SERC,WEST,EKPC,EKPC,1329.268,True
11/16/2025 2:00:00 PM,11/16/2025 9:00:00 AM,SERC,WEST,EKPC,EKPC,1343.785,True
11/16/2025 3:00:00 PM,11/16/2025 10:00:00 AM,SERC,WEST,EKPC,EKPC,1285.733,True
11/16/2025 4:00:00 PM,11/16/2025 11:00:00 AM,SERC,WEST,EKPC,EKPC,1244.051,True
11/16/2025 5:00:00 PM,11/16/2025 12:00:00 PM,SERC,WEST,EKPC,EKPC,1309.681,True
11/16/2025 6:00:00 PM,11/16/2025 1:00:00 PM,SERC,WEST,EKPC,EKPC,1292.234,True
11/16/2025 7:00:00 PM,11/16/2025 2:00:00 PM,SERC,WEST,EKPC,EKPC,1324.759,True
11/16/2025 8:00:00 PM,11/16/2025 3:00:00 PM,SERC,WEST,EKPC,EKPC,1301.059,True
11/16/2025 9:00:00 PM,11/16/2025 4:00:00 PM,SERC,WEST,EKPC,EKPC,1352.058,True
11/16/2025 10:00:00 PM,11/16/2025 5:00:00 PM,SERC,WEST,EKPC,EKPC,1471.266,True
11/16/2025 11:00:00 PM,11/16/2025 6:00:00 PM,SERC,WEST,EKPC,EKPC,1563.772,True
11/17/2025 12:00:00 AM,11/16/2025 7:00:00 PM,SERC,WEST,EKPC,EKPC,1575.978,True
11/17/2025 1:00:00 AM,11/16/2025 8:00:00 PM,SERC,WEST,EKPC,EKPC,1617.726,True
11/17/2025 2:00:00 AM,11/16/2025 9:00:00 PM,SERC,WEST,EKPC,EKPC,1598.526,True
11/17/2025 3:00:00 AM,11/16/2025 10:00:00 PM,SERC,WEST,EKPC,EKPC,1566.107,True
11/17/2025 4:00:00 AM,11/16/2025 11:00:00 PM,SERC,WEST,EKPC,EKPC,1530.314,True
11/17/2025 5:00:00 AM,11/17/2025 12:00:00 AM,SERC,WEST,EKPC,EKPC,1497.936,True
11/17/2025 6:00:00 AM,11/17/2025 1:00:00 AM,SERC,WEST,EKPC,EKPC,1558.852,True
11/17/2025 7:00:00 AM,11/17/2025 2:00:00 AM,SERC,WEST,EKPC,EKPC,1582.345,True
11/17/2025 8:00:00 AM,11/17/2025 3:00:00 AM,SERC,WEST,EKPC,EKPC,1644.206,True
11/17/2025 9:00:00 AM,11/17/2025 4:00:00 AM,SERC,WEST,EKPC,EKPC,1819.744,True
11/17/2025 10:00:00 AM,11/17/2025 5:00:00 AM,SERC,WEST,EKPC,EKPC,1938.019,True
11/17/2025 11:00:00 AM,11/17/2025 6:00:00 AM,SERC,WEST,EKPC,EKPC,2176.046,True
11/17/2025 12:00:00 PM,11/17/2025 7:00:00 AM,SERC,WEST,EKPC,EKPC,2215.528,True
11/17/2025 1:00:00 PM,11/17/2025 8:00:00 AM,SERC,WEST,EKPC,EKPC,2121.221,True
11/17/2025 2:00:00 PM,11/17/2025 9:00:00 AM,SERC,WEST,EKPC,EKPC,1935.308,True
11/17/2025 3:00:00 PM,11/17/2025 10:00:00 AM,SERC,WEST,EKPC,EKPC,1726.456,True
11/17/2025 4:00:00 PM,11/17/2025 11:00:00 AM,SERC,WEST,EKPC,EKPC,1642.707,True
11/17/2025 5:00:00 PM,11/17/2025 12:00:00 PM,SERC,WEST,EKPC,EKPC,1490.034,True
11/17/2025 6:00:00 PM,11/17/2025 1:00:00 PM,SERC,WEST,EKPC,EKPC,1439.304,True
11/17/2025 7:00:00 PM,11/17/2025 2:00:00 PM,SERC,WEST,EKPC,EKPC,1430.442,True
11/17/2025 8:00:00 PM,11/17/2025 3:00:00 PM,SERC,WEST,EKPC,EKPC,1470.335,True
11/17/2025 9:00:00 PM,11/17/2025 4:00:00 PM,SERC,WEST,EKPC,EKPC,1519.855,True
11/17/2025 10:00:00 PM,11/17/2025 5:00:00 PM,SERC,WEST,EKPC,EKPC,1492.060,True
11/17/2025 11:00:00 PM,11/17/2025 6:00:00 PM,SERC,WEST,EKPC,EKPC,1686.285,True
11/18/2025 12:00:00 AM,11/17/2025 7:00:00 PM,SERC,WEST,EKPC,EKPC,1779.534,True
11/18/2025 1:00:00 AM,11/17/2025 8:00:00 PM,SERC,WEST,EKPC,EKPC,1817.035,True
11/18/2025 2:00:00 AM,11/17/2025 9:00:00 PM,SERC,WEST,EKPC,EKPC,1772.577,True
11/18/2025 3:00:00 AM,11/17/2025 10:00:00 PM,SERC,WEST,EKPC,EKPC,1738.292,True
11/18/2025 4:00:00 AM,11/17/2025 11:00:00 PM,SERC,WEST,EKPC,EKPC,1724.992,True
11/18/2025 5:00:00 AM,11/18/2025 12:00:00 AM,SERC,WEST,EKPC,EKPC,1649.245,True
11/18/2025 6:00:00 AM,11/18/2025 1:00:00 AM,SERC,WEST,EKPC,EKPC,1666.553,True
11/18/2025 7:00:00 AM,11/18/2025 2:00:00 AM,SERC,WEST,EKPC,EKPC,1663.137,True
11/18/2025 8:00:00 AM,11/18/2025 3:00:00 AM,SERC,WEST,EKPC,EKPC,1667.667,True
11/18/2025 9:00:00 AM,11/18/2025 4:00:00 AM,SERC,WEST,EKPC,EKPC,1681.314,True
11/18/2025 10:00:00 AM,11/18/2025 5:00:00 AM,SERC,WEST,EKPC,EKPC,1754.810,True
11/18/2025 11:00:00 AM,11/18/2025 6:00:00 AM,SERC,WEST,EKPC,EKPC,1923.802,True
11/18/2025 12:00:00 PM,11/18/2025 7:00:00 AM,SERC,WEST,EKPC,EKPC,1887.365,True
11/18/2025 1:00:00 PM,11/18/2025 8:00:00 AM,SERC,WEST,EKPC,EKPC,1775.734,True
11/18/2025 2:00:00 PM,11/18/2025 9:00:00 AM,SERC,WEST,EKPC,EKPC,1801.442,True
11/18/2025 3:00:00 PM,11/18/2025 10:00:00 AM,SERC,WEST,EKPC,EKPC,1841.908,True
11/18/2025 4:00:00 PM,11/18/2025 11:00:00 AM,SERC,WEST,EKPC,EKPC,1804.541,True
11/18/2025 5:00:00 PM,11/18/2025 12:00:00 PM,SERC,WEST,EKPC,EKPC,1759.100,True
11/18/2025 6:00:00 PM,11/18/2025 1:00:00 PM,SERC,WEST,EKPC,EKPC,1798.316,True
11/18/2025 7:00:00 PM,11/18/2025 2:00:00 PM,SERC,WEST,EKPC,EKPC,1782.872,True
11/18/2025 8:00:00 PM,11/18/2025 3:00:00 PM,SERC,WEST,EKPC,EKPC,1737.910,True
11/18/2025 9:00:00 PM,11/18/2025 4:00:00 PM,SERC,WEST,EKPC,EKPC,1755.781,True
11/18/2025 10:00:00 PM,11/18/2025 5:00:00 PM,SERC,WEST,EKPC,EKPC,1772.966,True
11/18/2025 11:00:00 PM,11/18/2025 6:00:00 PM,SERC,WEST,EKPC,EKPC,1667.692,True
11/19/2025 12:00:00 AM,11/18/2025 7:00:00 PM,SERC,WEST,EKPC,EKPC,1589.284,True
11/19/2025 1:00:00 AM,11/18/2025 8:00:00 PM,SERC,WEST,EKPC,EKPC,1628.023,True
11/19/2025 2:00:00 AM,11/18/2025 9:00:00 PM,SERC,WEST,EKPC,EKPC,1474.346,True
11/19/2025 3:00:00 AM,11/18/2025 10:00:00 PM,SERC,WEST,EKPC,EKPC,1366.090,True
11/19/2025 4:00:00 AM,11/18/2025 11:00:00 PM,SERC,WEST,EKPC,EKPC,1381.122,True
11/19/2025 5:00:00 AM,11/19/2025 12:00:00 AM,SERC,WEST,EKPC,EKPC,1393.175,True
11/19/2025 6:00:00 AM,11/19/2025 1:00:00 AM,SERC,WEST,EKPC,EKPC,1349.977,True
11/19/2025 7:00:00 AM,11/19/2025 2:00:00 AM,SERC,WEST,EKPC,EKPC,1382.134,True
11/19/2025 8:00:00 AM,11/19/2025 3:00:00 AM,SERC,WEST,EKPC,EKPC,1350.725,True
11/19/2025 9:00:00 AM,11/19/2025 4:00:00 AM,SERC,WEST,EKPC,EKPC,1371.997,True
11/19/2025 10:00:00 AM,11/19/2025 5:00:00 AM,SERC,WEST,EKPC,EKPC,1431.207,True
11/19/2025 11:00:00 AM,11/19/2025 6:00:00 AM,SERC,WEST,EKPC,EKPC,1653.026,True
11/19/2025 12:00:00 PM,11/19/2025 7:00:00 AM,SERC,WEST,EKPC,EKPC,1616.405,True
11/19/2025 1:00:00 PM,11/19/2025 8:00:00 AM,SERC,WEST,EKPC,EKPC,1625.933,True
11/19/2025 2:00:00 PM,11/19/2025 9:00:00 AM,SERC,WEST,EKPC,EKPC,1630.603,True
11/19/2025 3:00:00 PM,11/19/2025 10:00:00 AM,SERC,WEST,EKPC,EKPC,1572.656,True
11/19/2025 4:00:00 PM,11/19/2025 11:00:00 AM,SERC,WEST,EKPC,EKPC,1590.034,True
11/19/2025 5:00:00 PM,11/19/2025 12:00:00 PM,SERC,WEST,EKPC,EKPC,1576.524,True
11/19/2025 6:00:00 PM,11/19/2025 1:00:00 PM,SERC,WEST,EKPC,EKPC,1451.940,True
11/19/2025 7:00:00 PM,11/19/2025 2:00:00 PM,SERC,WEST,EKPC,EKPC,1590.818,True
11/19/2025 8:00:00 PM,11/19/2025 3:00:00 PM,SERC,WEST,EKPC,EKPC,1603.205,True
11/19/2025 9:00:00 PM,11/19/2025 4:00:00 PM,SERC,WEST,EKPC,EKPC,1628.434,True
11/19/2025 10:00:00 PM,11/19/2025 5:00:00 PM,SERC,WEST,EKPC,EKPC,1691.363,True
11/19/2025 11:00:00 PM,11/19/2025 6:00:00 PM,SERC,WEST,EKPC,EKPC,1717.819,True
11/20/2025 12:00:00 AM,11/19/2025 7:00:00 PM,SERC,WEST,EKPC,EKPC,1702.309,True
11/20/2025 1:00:00 AM,11/19/2025 8:00:00 PM,SERC,WEST,EKPC,EKPC,1706.946,True
11/20/2025 2:00:00 AM,11/19/2025 9:00:00 PM,SERC,WEST,EKPC,EKPC,1615.069,True
11/20/2025 3:00:00 AM,11/19/2025 10:00:00 PM,SERC,WEST,EKPC,EKPC,1455.501,True
11/20/2025 4:00:00 AM,11/19/2025 11:00:00 PM,SERC,WEST,EKPC,EKPC,1407.573,True
11/20/2025 5:00:00 AM,11/20/2025 12:00:00 AM,SERC,WEST,EKPC,EKPC,1335.798,True
11/20/2025 6:00:00 AM,11/20/2025 1:00:00 AM,SERC,WEST,EKPC,EKPC,1336.338,True
11/20/2025 7:00:00 AM,11/20/2025 2:00:00 AM,SERC,WEST,EKPC,EKPC,1343.291,True
11/20/2025 8:00:00 AM,11/20/2025 3:00:00 AM,SERC,WEST,EKPC,EKPC,1341.728,True
11/20/2025 9:00:00 AM,11/20/2025 4:00:00 AM,SERC,WEST,EKPC,EKPC,1378.451,True
11/20/2025 10:00:00 AM,11/20/2025 5:00:00 AM,SERC,WEST,EKPC,EKPC,1434.278,True
11/20/2025 11:00:00 AM,11/20/2025 6:00:00 AM,SERC,WEST,EKPC,EKPC,1488.605,True
11/20/2025 12:00:00 PM,11/20/2025 7:00:00 AM,SERC,WEST,EKPC,EKPC,1515.895,True
11/20/2025 1:00:00 PM,11/20/2025 8:00:00 AM,SERC,WEST,EKPC,EKPC,1479.621,True
11/20/2025 2:00:00 PM,11/20/2025 9:00:00 AM,SERC,WEST,EKPC,EKPC,1452.157,True
11/20/2025 3:00:00 PM,11/20/2025 10:00:00 AM,SERC,WEST,EKPC,EKPC,1446.535,True
11/20/2025 4:00:00 PM,11/20/2025 11:00:00 AM,SERC,WEST,EKPC,EKPC,1394.809,True
11/20/2025 5:00:00 PM,11/20/2025 12:00:00 PM,SERC,WEST,EKPC,EKPC,1368.271,True
11/20/2025 6:00:00 PM,11/20/2025 1:00:00 PM,SERC,WEST,EKPC,EKPC,1405.276,True
11/20/2025 7:00:00 PM,11/20/2025 2:00:00 PM,SERC,WEST,EKPC,EKPC,1456.599,True
11/20/2025 8:00:00 PM,11/20/2025 3:00:00 PM,SERC,WEST,EKPC,EKPC,1506.342,True
11/20/2025 9:00:00 PM,11/20/2025 4:00:00 PM,SERC,WEST,EKPC,EKPC,1554.334,True
11/20/2025 10:00:00 PM,11/20/2025 5:00:00 PM,SERC,WEST,EKPC,EKPC,1581.980,True
11/20/2025 11:00:00 PM,11/20/2025 6:00:00 PM,SERC,WEST,EKPC,EKPC,1574.103,True
11/21/2025 12:00:00 AM,11/20/2025 7:00:00 PM,SERC,WEST,EKPC,EKPC,1546.855,True
11/21/2025 1:00:00 AM,11/20/2025 8:00:00 PM,SERC,WEST,EKPC,EKPC,1574.287,True
11/21/2025 2:00:00 AM,11/20/2025 9:00:00 PM,SERC,WEST,EKPC,EKPC,1556.305,True
11/21/2025 3:00:00 AM,11/20/2025 10:00:00 PM,SERC,WEST,EKPC,EKPC,1509.546,True
11/21/2025 4:00:00 AM,11/20/2025 11:00:00 PM,SERC,WEST,EKPC,EKPC,1413.071,True
11/21/2025 5:00:00 AM,11/21/2025 12:00:00 AM,SERC,WEST,EKPC,EKPC,1317.938,True
11/21/2025 6:00:00 AM,11/21/2025 1:00:00 AM,SERC,WEST,EKPC,EKPC,1351.576,True
11/21/2025 7:00:00 AM,11/21/2025 2:00:00 AM,SERC,WEST,EKPC,EKPC,1337.570,True
11/21/2025 8:00:00 AM,11/21/2025 3:00:00 AM,SERC,WEST,EKPC,EKPC,1358.034,True
11/21/2025 9:00:00 AM,11/21/2025 4:00:00 AM,SERC,WEST,EKPC,EKPC,1342.830,True
11/21/2025 10:00:00 AM,11/21/2025 5:00:00 AM,SERC,WEST,EKPC,EKPC,1332.570,True
11/21/2025 11:00:00 AM,11/21/2025 6:00:00 AM,SERC,WEST,EKPC,EKPC,1391.379,True
11/21/2025 12:00:00 PM,11/21/2025 7:00:00 AM,SERC,WEST,EKPC,EKPC,1431.218,True
11/21/2025 1:00:00 PM,11/21/2025 8:00:00 AM,SERC,WEST,EKPC,EKPC,1428.348,True
11/21/2025 2:00:00 PM,11/21/2025 9:00:00 AM,SERC,WEST,EKPC,EKPC,1428.009,True
11/21/2025 3:00:00 PM,11/21/2025 10:00:00 AM,SERC,WEST,EKPC,EKPC,1557.399,True
11/21/2025 4:00:00 PM,11/21/2025 11:00:00 AM,SERC,WEST,EKPC,EKPC,1471.951,True
11/21/2025 5:00:00 PM,11/21/2025 12:00:00 PM,SERC,WEST,EKPC,EKPC,1494.954,True
11/21/2025 6:00:00 PM,11/21/2025 1:00:00 PM,SERC,WEST,EKPC,EKPC,1472.742,True
11/21/2025 7:00:00 PM,11/21/2025 2:00:00 PM,SERC,WEST,EKPC,EKPC,1452.787,True
11/21/2025 8:00:00 PM,11/21/2025 3:00:00 PM,SERC,WEST,EKPC,EKPC,1461.529,True
11/21/2025 9:00:00 PM,11/21/2025 4:00:00 PM,SERC,WEST,EKPC,EKPC,1460.180,True
11/21/2025 10:00:00 PM,11/21/2025 5:00:00 PM,SERC,WEST,EKPC,EKPC,1524.260,True
11/21/2025 11:00:00 PM,11/21/2025 6:00:00 PM,SERC,WEST,EKPC,EKPC,1414.236,True
11/22/2025 12:00:00 AM,11/21/2025 7:00:00 PM,SERC,WEST,EKPC,EKPC,1440.635,True
11/22/2025 1:00:00 AM,11/21/2025 8:00:00 PM,SERC,WEST,EKPC,EKPC,1445.463,True
11/22/2025 2:00:00 AM,11/21/2025 9:00:00 PM,SERC,WEST,EKPC,EKPC,1427.202,True
11/22/2025 3:00:00 AM,11/21/2025 10:00:00 PM,SERC,WEST,EKPC,EKPC,1371.713,True
11/22/2025 4:00:00 AM,11/21/2025 11:00:00 PM,SERC,WEST,EKPC,EKPC,1293.078,True
11/22/2025 5:00:00 AM,11/22/2025 12:00:00 AM,SERC,WEST,EKPC,EKPC,1214.132,True
11/22/2025 6:00:00 AM,11/22/2025 1:00:00 AM,SERC,WEST,EKPC,EKPC,1174.337,True
11/22/2025 7:00:00 AM,11/22/2025 2:00:00 AM,SERC,WEST,EKPC,EKPC,1134.519,True
11/22/2025 8:00:00 AM,11/22/2025 3:00:00 AM,SERC,WEST,EKPC,EKPC,1162.219,True
11/22/2025 9:00:00 AM,11/22/2025 4:00:00 AM,SERC,WEST,EKPC,EKPC,1193.113,True
11/22/2025 10:00:00 AM,11/22/2025 5:00:00 AM,SERC,WEST,EKPC,EKPC,1229.626,True
11/22/2025 11:00:00 AM,11/22/2025 6:00:00 AM,SERC,WEST,EKPC,EKPC,1288.091,True
11/22/2025 12:00:00 PM,11/22/2025 7:00:00 AM,SERC,WEST,EKPC,EKPC,1348.454,True
11/22/2025 1:00:00 PM,11/22/2025 8:00:00 AM,SERC,WEST,EKPC,EKPC,1412.727,True
11/22/2025 2:00:00 PM,11/22/2025 9:00:00 AM,SERC,WEST,EKPC,EKPC,1476.678,True
11/22/2025 3:00:00 PM,11/22/2025 10:00:00 AM,SERC,WEST,EKPC,EKPC,1395.918,True
11/22/2025 4:00:00 PM,11/22/2025 11:00:00 AM,SERC,WEST,EKPC,EKPC,1436.626,True
11/22/2025 5:00:00 PM,11/22/2025 12:00:00 PM,SERC,WEST,EKPC,EKPC,1492.085,True
11/22/2025 6:00:00 PM,11/22/2025 1:00:00 PM,SERC,WEST,EKPC,EKPC,1499.780,True
11/22/2025 7:00:00 PM,11/22/2025 2:00:00 PM,SERC,WEST,EKPC,EKPC,1497.351,True
11/22/2025 8:00:00 PM,11/22/2025 3:00:00 PM,SERC,WEST,EKPC,EKPC,1473.335,True
11/22/2025 9:00:00 PM,11/22/2025 4:00:00 PM,SERC,WEST,EKPC,EKPC,1458.266,True
11/22/2025 10:00:00 PM,11/22/2025 5:00:00 PM,SERC,WEST,EKPC,EKPC,1524.287,True
11/22/2025 11:00:00 PM,11/22/2025 6:00:00 PM,SERC,WEST,EKPC,EKPC,1522.870,True
11/23/2025 12:00:00 AM,11/22/2025 7:00:00 PM,SERC,WEST,EKPC,EKPC,1393.134,True
11/23/2025 1:00:00 AM,11/22/2025 8:00:00 PM,SERC,WEST,EKPC,EKPC,1438.823,True
11/23/2025 2:00:00 AM,11/22/2025 9:00:00 PM,SERC,WEST,EKPC,EKPC,1385.865,True
11/23/2025 3:00:00 AM,11/22/2025 10:00:00 PM,SERC,WEST,EKPC,EKPC,1462.715,True
11/23/2025 4:00:00 AM,11/22/2025 11:00:00 PM,SERC,WEST,EKPC,EKPC,1403.946,True
11/23/2025 5:00:00 AM,11/23/2025 12:00:00 AM,SERC,WEST,EKPC,EKPC,1403.044,True
11/23/2025 6:00:00 AM,11/23/2025 1:00:00 AM,SERC,WEST,EKPC,EKPC,1365.904,True
11/23/2025 7:00:00 AM,11/23/2025 2:00:00 AM,SERC,WEST,EKPC,EKPC,1278.474,True
11/23/2025 8:00:00 AM,11/23/2025 3:00:00 AM,SERC,WEST,EKPC,EKPC,1431.956,True
11/23/2025 9:00:00 AM,11/23/2025 4:00:00 AM,SERC,WEST,EKPC,EKPC,1469.953,True
11/23/2025 10:00:00 AM,11/23/2025 5:00:00 AM,SERC,WEST,EKPC,EKPC,1493.272,True
11/23/2025 11:00:00 AM,11/23/2025 6:00:00 AM,SERC,WEST,EKPC,EKPC,1557.254,True
11/23/2025 12:00:00 PM,11/23/2025 7:00:00 AM,SERC,WEST,EKPC,EKPC,1654.481,True
11/23/2025 1:00:00 PM,11/23/2025 8:00:00 AM,SERC,WEST,EKPC,EKPC,1727.907,True
11/23/2025 2:00:00 PM,11/23/2025 9:00:00 AM,SERC,WEST,EKPC,EKPC,1720.718,True
11/23/2025 3:00:00 PM,11/23/2025 10:00:00 AM,SERC,WEST,EKPC,EKPC,1613.123,True
11/23/2025 4:00:00 PM,11/23/2025 11:00:00 AM,SERC,WEST,EKPC,EKPC,1541.460,True
11/23/2025 5:00:00 PM,11/23/2025 12:00:00 PM,SERC,WEST,EKPC,EKPC,1473.602,True
11/23/2025 6:00:00 PM,11/23/2025 1:00:00 PM,SERC,WEST,EKPC,EKPC,1479.742,True
11/23/2025 7:00:00 PM,11/23/2025 2:00:00 PM,SERC,WEST,EKPC,EKPC,1460.903,True
11/23/2025 8:00:00 PM,11/23/2025 3:00:00 PM,SERC,WEST,EKPC,EKPC,1483.889,True
11/23/2025 9:00:00 PM,11/23/2025 4:00:00 PM,SERC,WEST,EKPC,EKPC,1474.418,True
11/23/2025 10:00:00 PM,11/23/2025 5:00:00 PM,SERC,WEST,EKPC,EKPC,1534.932,True
11/23/2025 11:00:00 PM,11/23/2025 6:00:00 PM,SERC,WEST,EKPC,EKPC,1582.505,True
11/24/2025 12:00:00 AM,11/23/2025 7:00:00 PM,SERC,WEST,EKPC,EKPC,1492.459,True
11/24/2025 1:00:00 AM,11/23/2025 8:00:00 PM,SERC,WEST,EKPC,EKPC,1486.043,True
11/24/2025 2:00:00 AM,11/23/2025 9:00:00 PM,SERC,WEST,EKPC,EKPC,1460.892,True
11/24/2025 3:00:00 AM,11/23/2025 10:00:00 PM,SERC,WEST,EKPC,EKPC,1396.745,True
11/24/2025 4:00:00 AM,11/23/2025 11:00:00 PM,SERC,WEST,EKPC,EKPC,1396.241,True
11/24/2025 5:00:00 AM,11/24/2025 12:00:00 AM,SERC,WEST,EKPC,EKPC,1386.189,True
11/24/2025 6:00:00 AM,11/24/2025 1:00:00 AM,SERC,WEST,EKPC,EKPC,1496.046,True
11/24/2025 7:00:00 AM,11/24/2025 2:00:00 AM,SERC,WEST,EKPC,EKPC,1548.276,True
11/24/2025 8:00:00 AM,11/24/2025 3:00:00 AM,SERC,WEST,EKPC,EKPC,1563.997,True
11/24/2025 9:00:00 AM,11/24/2025 4:00:00 AM,SERC,WEST,EKPC,EKPC,1633.080,True
11/24/2025 10:00:00 AM,11/24/2025 5:00:00 AM,SERC,WEST,EKPC,EKPC,1759.319,True
11/24/2025 11:00:00 AM,11/24/2025 6:00:00 AM,SERC,WEST,EKPC,EKPC,1870.660,True
11/24/2025 12:00:00 PM,11/24/2025 7:00:00 AM,SERC,WEST,EKPC,EKPC,1921.192,True
11/24/2025 1:00:00 PM,11/24/2025 8:00:00 AM,SERC,WEST,EKPC,EKPC,1925.281,True
11/24/2025 2:00:00 PM,11/24/2025 9:00:00 AM,SERC,WEST,EKPC,EKPC,1859.163,True
11/24/2025 3:00:00 PM,11/24/2025 10:00:00 AM,SERC,WEST,EKPC,EKPC,1697.399,True
11/24/2025 4:00:00 PM,11/24/2025 11:00:00 AM,SERC,WEST,EKPC,EKPC,1607.998,True
11/24/2025 5:00:00 PM,11/24/2025 12:00:00 PM,SERC,WEST,EKPC,EKPC,1599.164,True
11/24/2025 6:00:00 PM,11/24/2025 1:00:00 PM,SERC,WEST,EKPC,EKPC,1483.631,True
11/24/2025 7:00:00 PM,11/24/2025 2:00:00 PM,SERC,WEST,EKPC,EKPC,1505.966,True
11/24/2025 8:00:00 PM,11/24/2025 3:00:00 PM,SERC,WEST,EKPC,EKPC,1515.639,True
11/24/2025 9:00:00 PM,11/24/2025 4:00:00 PM,SERC,WEST,EKPC,EKPC,1477.446,True
11/24/2025 10:00:00 PM,11/24/2025 5:00:00 PM,SERC,WEST,EKPC,EKPC,1621.984,True
11/24/2025 11:00:00 PM,11/24/2025 6:00:00 PM,SERC,WEST,EKPC,EKPC,1675.169,True
11/25/2025 12:00:00 AM,11/24/2025 7:00:00 PM,SERC,WEST,EKPC,EKPC,1703.801,True
11/25/2025 1:00:00 AM,11/24/2025 8:00:00 PM,SERC,WEST,EKPC,EKPC,1673.680,True
11/25/2025 2:00:00 AM,11/24/2025 9:00:00 PM,SERC,WEST,EKPC,EKPC,1579.890,True
11/25/2025 3:00:00 AM,11/24/2025 10:00:00 PM,SERC,WEST,EKPC,EKPC,1481.926,True
11/25/2025 4:00:00 AM,11/24/2025 11:00:00 PM,SERC,WEST,EKPC,EKPC,1414.443,True
11/25/2025 5:00:00 AM,11/25/2025 12:00:00 AM,SERC,WEST,EKPC,EKPC,1346.281,True
11/25/2025 6:00:00 AM,11/25/2025 1:00:00 AM,SERC,WEST,EKPC,EKPC,1253.083,True
11/25/2025 7:00:00 AM,11/25/2025 2:00:00 AM,SERC,WEST,EKPC,EKPC,1308.700,True
11/25/2025 8:00:00 AM,11/25/2025 3:00:00 AM,SERC,WEST,EKPC,EKPC,1304.185,True
11/25/2025 9:00:00 AM,11/25/2025 4:00:00 AM,SERC,WEST,EKPC,EKPC,1264.426,True
11/25/2025 10:00:00 AM,11/25/2025 5:00:00 AM,SERC,WEST,EKPC,EKPC,1264.302,True
11/25/2025 11:00:00 AM,11/25/2025 6:00:00 AM,SERC,WEST,EKPC,EKPC,1372.313,True
11/25/2025 12:00:00 PM,11/25/2025 7:00:00 AM,SERC,WEST,EKPC,EKPC,1412.963,True
11/25/2025 1:00:00 PM,11/25/2025 8:00:00 AM,SERC,WEST,EKPC,EKPC,1398.107,True
11/25/2025 2:00:00 PM,11/25/2025 9:00:00 AM,SERC,WEST,EKPC,EKPC,1391.779,True
11/25/2025 3:00:00 PM,11/25/2025 10:00:00 AM,SERC,WEST,EKPC,EKPC,1400.975,True
11/25/2025 4:00:00 PM,11/25/2025 11:00:00 AM,SERC,WEST,EKPC,EKPC,1537.551,True
11/25/2025 5:00:00 PM,11/25/2025 12:00:00 PM,SERC,WEST,EKPC,EKPC,1508.035,True
11/25/2025 6:00:00 PM,11/25/2025 1:00:00 PM,SERC,WEST,EKPC,EKPC,1475.747,True
11/25/2025 7:00:00 PM,11/25/2025 2:00:00 PM,SERC,WEST,EKPC,EKPC,1520.432,True
11/25/2025 8:00:00 PM,11/25/2025 3:00:00 PM,SERC,WEST,EKPC,EKPC,1504.716,True
11/25/2025 9:00:00 PM,11/25/2025 4:00:00 PM,SERC,WEST,EKPC,EKPC,1505.019,True
11/25/2025 10:00:00 PM,11/25/2025 5:00:00 PM,SERC,WEST,EKPC,EKPC,1554.759,True
11/25/2025 11:00:00 PM,11/25/2025 6:00:00 PM,SERC,WEST,EKPC,EKPC,1596.378,True
11/26/2025 12:00:00 AM,11/25/2025 7:00:00 PM,SERC,WEST,EKPC,EKPC,1602.335,True
11/26/2025 1:00:00 AM,11/25/2025 8:00:00 PM,SERC,WEST,EKPC,EKPC,1542.354,True
11/26/2025 2:00:00 AM,11/25/2025 9:00:00 PM,SERC,WEST,EKPC,EKPC,1469.837,True
11/26/2025 3:00:00 AM,11/25/2025 10:00:00 PM,SERC,WEST,EKPC,EKPC,1428.181,True
11/26/2025 4:00:00 AM,11/25/2025 11:00:00 PM,SERC,WEST,EKPC,EKPC,1290.755,True
11/26/2025 5:00:00 AM,11/26/2025 12:00:00 AM,SERC,WEST,EKPC,EKPC,1296.362,True
11/26/2025 6:00:00 AM,11/26/2025 1:00:00 AM,SERC,WEST,EKPC,EKPC,1249.713,True
11/26/2025 7:00:00 AM,11/26/2025 2:00:00 AM,SERC,WEST,EKPC,EKPC,1211.846,True
11/26/2025 8:00:00 AM,11/26/2025 3:00:00 AM,SERC,WEST,EKPC,EKPC,1285.970,True
11/26/2025 9:00:00 AM,11/26/2025 4:00:00 AM,SERC,WEST,EKPC,EKPC,1172.470,True
11/26/2025 10:00:00 AM,11/26/2025 5:00:00 AM,SERC,WEST,EKPC,EKPC,1212.624,True
11/26/2025 11:00:00 AM,11/26/2025 6:00:00 AM,SERC,WEST,EKPC,EKPC,1488.396,True
11/26/2025 12:00:00 PM,11/26/2025 7:00:00 AM,SERC,WEST,EKPC,EKPC,1610.197,True
11/26/2025 1:00:00 PM,11/26/2025 8:00:00 AM,SERC,WEST,EKPC,EKPC,1639.830,True
11/26/2025 2:00:00 PM,11/26/2025 9:00:00 AM,SERC,WEST,EKPC,EKPC,1666.748,True
11/26/2025 3:00:00 PM,11/26/2025 10:00:00 AM,SERC,WEST,EKPC,EKPC,1543.019,True
11/26/2025 4:00:00 PM,11/26/2025 11:00:00 AM,SERC,WEST,EKPC,EKPC,1604.590,True
11/26/2025 5:00:00 PM,11/26/2025 12:00:00 PM,SERC,WEST,EKPC,EKPC,1647.489,True
11/26/2025 6:00:00 PM,11/26/2025 1:00:00 PM,SERC,WEST,EKPC,EKPC,1713.226,True
11/26/2025 7:00:00 PM,11/26/2025 2:00:00 PM,SERC,WEST,EKPC,EKPC,1765.681,True
11/26/2025 8:00:00 PM,11/26/2025 3:00:00 PM,SERC,WEST,EKPC,EKPC,1748.849,True
11/26/2025 9:00:00 PM,11/26/2025 4:00:00 PM,SERC,WEST,EKPC,EKPC,1813.100,True
11/26/2025 10:00:00 PM,11/26/2025 5:00:00 PM,SERC,WEST,EKPC,EKPC,1930.036,True
11/26/2025 11:00:00 PM,11/26/2025 6:00:00 PM,SERC,WEST,EKPC,EKPC,1983.518,True
11/27/2025 12:00:00 AM,11/26/2025 7:00:00 PM,SERC,WEST,EKPC,EKPC,2016.304,True
11/27/2025 1:00:00 AM,11/26/2025 8:00:00 PM,SERC,WEST,EKPC,EKPC,2017.572,True
11/27/2025 2:00:00 AM,11/26/2025 9:00:00 PM,SERC,WEST,EKPC,EKPC,1970.210,True
11/27/2025 3:00:00 AM,11/26/2025 10:00:00 PM,SERC,WEST,EKPC,EKPC,1905.911,True
11/27/2025 4:00:00 AM,11/26/2025 11:00:00 PM,SERC,WEST,EKPC,EKPC,1732.478,True
11/27/2025 5:00:00 AM,11/27/2025 12:00:00 AM,SERC,WEST,EKPC,EKPC,1631.661,True
11/27/2025 6:00:00 AM,11/27/2025 1:00:00 AM,SERC,WEST,EKPC,EKPC,1615.509,True
11/27/2025 7:00:00 AM,11/27/2025 2:00:00 AM,SERC,WEST,EKPC,EKPC,1716.586,True
11/27/2025 8:00:00 AM,11/27/2025 3:00:00 AM,SERC,WEST,EKPC,EKPC,1740.786,True
11/27/2025 9:00:00 AM,11/27/2025 4:00:00 AM,SERC,WEST,EKPC,EKPC,1783.204,True
11/27/2025 10:00:00 AM,11/27/2025 5:00:00 AM,SERC,WEST,EKPC,EKPC,1854.902,True
11/27/2025 11:00:00 AM,11/27/2025 6:00:00 AM,SERC,WEST,EKPC,EKPC,1871.027,True
11/27/2025 12:00:00 PM,11/27/2025 7:00:00 AM,SERC,WEST,EKPC,EKPC,1998.867,True
11/27/2025 1:00:00 PM,11/27/2025 8:00:00 AM,SERC,WEST,EKPC,EKPC,2126.480,True
11/27/2025 2:00:00 PM,11/27/2025 9:00:00 AM,SERC,WEST,EKPC,EKPC,2042.742,True
11/27/2025 3:00:00 PM,11/27/2025 10:00:00 AM,SERC,WEST,EKPC,EKPC,1955.963,True
11/27/2025 4:00:00 PM,11/27/2025 11:00:00 AM,SERC,WEST,EKPC,EKPC,1982.619,True
11/27/2025 5:00:00 PM,11/27/2025 12:00:00 PM,SERC,WEST,EKPC,EKPC,1925.500,True
11/27/2025 6:00:00 PM,11/27/2025 1:00:00 PM,SERC,WEST,EKPC,EKPC,1835.059,True
11/27/2025 7:00:00 PM,11/27/2025 2:00:00 PM,SERC,WEST,EKPC,EKPC,1734.673,True
11/27/2025 8:00:00 PM,11/27/2025 3:00:00 PM,SERC,WEST,EKPC,EKPC,1759.750,True
11/27/2025 9:00:00 PM,11/27/2025 4:00:00 PM,SERC,WEST,EKPC,EKPC,1761.803,True
11/27/2025 10:00:00 PM,11/27/2025 5:00:00 PM,SERC,WEST,EKPC,EKPC,1863.172,True
11/27/2025 11:00:00 PM,11/27/2025 6:00:00 PM,SERC,WEST,EKPC,EKPC,1915.295,True
11/28/2025 12:00:00 AM,11/27/2025 7:00:00 PM,SERC,WEST,EKPC,EKPC,1962.728,True
11/28/2025 1:00:00 AM,11/27/2025 8:00:00 PM,SERC,WEST,EKPC,EKPC,2042.787,True
11/28/2025 2:00:00 AM,11/27/2025 9:00:00 PM,SERC,WEST,EKPC,EKPC,1974.548,True
11/28/2025 3:00:00 AM,11/27/2025 10:00:00 PM,SERC,WEST,EKPC,EKPC,2030.561,True
11/28/2025 4:00:00 AM,11/27/2025 11:00:00 PM,SERC,WEST,EKPC,EKPC,2004.683,True
11/28/2025 5:00:00 AM,11/28/2025 12:00:00 AM,SERC,WEST,EKPC,EKPC,2028.869,True
11/28/2025 6:00:00 AM,11/28/2025 1:00:00 AM,SERC,WEST,EKPC,EKPC,2084.360,True
11/28/2025 7:00:00 AM,11/28/2025 2:00:00 AM,SERC,WEST,EKPC,EKPC,2083.316,True
11/28/2025 8:00:00 AM,11/28/2025 3:00:00 AM,SERC,WEST,EKPC,EKPC,2125.996,True
11/28/2025 9:00:00 AM,11/28/2025 4:00:00 AM,SERC,WEST,EKPC,EKPC,2198.048,True
11/28/2025 10:00:00 AM,11/28/2025 5:00:00 AM,SERC,WEST,EKPC,EKPC,2207.956,True
11/28/2025 11:00:00 AM,11/28/2025 6:00:00 AM,SERC,WEST,EKPC,EKPC,2311.394,True
11/28/2025 12:00:00 PM,11/28/2025 7:00:00 AM,SERC,WEST,EKPC,EKPC,2314.781,True
11/28/2025 1:00:00 PM,11/28/2025 8:00:00 AM,SERC,WEST,EKPC,EKPC,2338.807,True
11/28/2025 2:00:00 PM,11/28/2025 9:00:00 AM,SERC,WEST,EKPC,EKPC,2205.326,True
11/28/2025 3:00:00 PM,11/28/2025 10:00:00 AM,SERC,WEST,EKPC,EKPC,2017.199,True
11/28/2025 4:00:00 PM,11/28/2025 11:00:00 AM,SERC,WEST,EKPC,EKPC,1937.696,True
11/28/2025 5:00:00 PM,11/28/2025 12:00:00 PM,SERC,WEST,EKPC,EKPC,1904.019,True
11/28/2025 6:00:00 PM,11/28/2025 1:00:00 PM,SERC,WEST,EKPC,EKPC,1823.403,True
11/28/2025 7:00:00 PM,11/28/2025 2:00:00 PM,SERC,WEST,EKPC,EKPC,1794.976,True
11/28/2025 8:00:00 PM,11/28/2025 3:00:00 PM,SERC,WEST,EKPC,EKPC,1785.207,True
11/28/2025 9:00:00 PM,11/28/2025 4:00:00 PM,SERC,WEST,EKPC,EKPC,1839.392,True
11/28/2025 10:00:00 PM,11/28/2025 5:00:00 PM,SERC,WEST,EKPC,EKPC,1987.354,True
11/28/2025 11:00:00 PM,11/28/2025 6:00:00 PM,SERC,WEST,EKPC,EKPC,2120.047,True
11/29/2025 12:00:00 AM,11/28/2025 7:00:00 PM,SERC,WEST,EKPC,EKPC,2153.541,True
11/29/2025 1:00:00 AM,11/28/2025 8:00:00 PM,SERC,WEST,EKPC,EKPC,2195.067,True
11/29/2025 2:00:00 AM,11/28/2025 9:00:00 PM,SERC,WEST,EKPC,EKPC,2128.902,True
11/29/2025 3:00:00 AM,11/28/2025 10:00:00 PM,SERC,WEST,EKPC,EKPC,2188.272,True
11/29/2025 4:00:00 AM,11/28/2025 11:00:00 PM,SERC,WEST,EKPC,EKPC,2104.171,True
11/29/2025 5:00:00 AM,11/29/2025 12:00:00 AM,SERC,WEST,EKPC,EKPC,2158.452,True
11/29/2025 6:00:00 AM,11/29/2025 1:00:00 AM,SERC,WEST,EKPC,EKPC,2236.400,True
11/29/2025 7:00:00 AM,11/29/2025 2:00:00 AM,SERC,WEST,EKPC,EKPC,2087.835,True
11/29/2025 8:00:00 AM,11/29/2025 3:00:00 AM,SERC,WEST,EKPC,EKPC,2099.703,True
11/29/2025 9:00:00 AM,11/29/2025 4:00:00 AM,SERC,WEST,EKPC,EKPC,2137.113,True
11/29/2025 10:00:00 AM,11/29/2025 5:00:00 AM,SERC,WEST,EKPC,EKPC,2169.382,True
11/29/2025 11:00:00 AM,11/29/2025 6:00:00 AM,SERC,WEST,EKPC,EKPC,2239.975,True
11/29/2025 12:00:00 PM,11/29/2025 7:00:00 AM,SERC,WEST,EKPC,EKPC,2291.840,True
11/29/2025 1:00:00 PM,11/29/2025 8:00:00 AM,SERC,WEST,EKPC,EKPC,2363.057,True
11/29/2025 2:00:00 PM,11/29/2025 9:00:00 AM,SERC,WEST,EKPC,EKPC,2225.369,True
11/29/2025 3:00:00 PM,11/29/2025 10:00:00 AM,SERC,WEST,EKPC,EKPC,2123.750,True
11/29/2025 4:00:00 PM,11/29/2025 11:00:00 AM,SERC,WEST,EKPC,EKPC,1944.177,True
11/29/2025 5:00:00 PM,11/29/2025 12:00:00 PM,SERC,WEST,EKPC,EKPC,1857.368,True
11/29/2025 6:00:00 PM,11/29/2025 1:00:00 PM,SERC,WEST,EKPC,EKPC,1871.905,True
11/29/2025 7:00:00 PM,11/29/2025 2:00:00 PM,SERC,WEST,EKPC,EKPC,1922.357,True
11/29/2025 8:00:00 PM,11/29/2025 3:00:00 PM,SERC,WEST,EKPC,EKPC,1913.652,True
11/29/2025 9:00:00 PM,11/29/2025 4:00:00 PM,SERC,WEST,EKPC,EKPC,1941.444,True
11/29/2025 10:00:00 PM,11/29/2025 5:00:00 PM,SERC,WEST,EKPC,EKPC,1932.110,True
11/29/2025 11:00:00 PM,11/29/2025 6:00:00 PM,SERC,WEST,EKPC,EKPC,1952.346,True
11/30/2025 12:00:00 AM,11/29/2025 7:00:00 PM,SERC,WEST,EKPC,EKPC,1857.965,True
11/30/2025 1:00:00 AM,11/29/2025 8:00:00 PM,SERC,WEST,EKPC,EKPC,1737.178,True
11/30/2025 2:00:00 AM,11/29/2025 9:00:00 PM,SERC,WEST,EKPC,EKPC,1715.440,True
11/30/2025 3:00:00 AM,11/29/2025 10:00:00 PM,SERC,WEST,EKPC,EKPC,1828.439,True
11/30/2025 4:00:00 AM,11/29/2025 11:00:00 PM,SERC,WEST,EKPC,EKPC,1771.439,True
11/30/2025 5:00:00 AM,11/30/2025 12:00:00 AM,SERC,WEST,EKPC,EKPC,1731.151,True
11/30/2025 6:00:00 AM,11/30/2025 1:00:00 AM,SERC,WEST,EKPC,EKPC,1705.450,True
11/30/2025 7:00:00 AM,11/30/2025 2:00:00 AM,SERC,WEST,EKPC,EKPC,1660.866,True
11/30/2025 8:00:00 AM,11/30/2025 3:00:00 AM,SERC,WEST,EKPC,EKPC,1656.851,True
11/30/2025 9:00:00 AM,11/30/2025 4:00:00 AM,SERC,WEST,EKPC,EKPC,1673.031,True
11/30/2025 10:00:00 AM,11/30/2025 5:00:00 AM,SERC,WEST,EKPC,EKPC,1625.798,True
11/30/2025 11:00:00 AM,11/30/2025 6:00:00 AM,SERC,WEST,EKPC,EKPC,1723.953,True
11/30/2025 12:00:00 PM,11/30/2025 7:00:00 AM,SERC,WEST,EKPC,EKPC,1781.240,True
11/30/2025 1:00:00 PM,11/30/2025 8:00:00 AM,SERC,WEST,EKPC,EKPC,1726.285,True
11/30/2025 2:00:00 PM,11/30/2025 9:00:00 AM,SERC,WEST,EKPC,EKPC,1813.492,True
11/30/2025 3:00:00 PM,11/30/2025 10:00:00 AM,SERC,WEST,EKPC,EKPC,1937.448,True
11/30/2025 4:00:00 PM,11/30/2025 11:00:00 AM,SERC,WEST,EKPC,EKPC,1980.059,True
11/30/2025 5:00:00 PM,11/30/2025 12:00:00 PM,SERC,WEST,EKPC,EKPC,1978.595,True
11/30/2025 6:00:00 PM,11/30/2025 1:00:00 PM,SERC,WEST,EKPC,EKPC,1951.220,True
11/30/2025 7:00:00 PM,11/30/2025 2:00:00 PM,SERC,WEST,EKPC,EKPC,1919.582,True
11/30/2025 8:00:00 PM,11/30/2025 3:00:00 PM,SERC,WEST,EKPC,EKPC,1839.774,True
11/30/2025 9:00:00 PM,11/30/2025 4:00:00 PM,SERC,WEST,EKPC,EKPC,1954.893,True
11/30/2025 10:00:00 PM,11/30/2025 5:00:00 PM,SERC,WEST,EKPC,EKPC,2069.993,True
11/30/2025 11:00:00 PM,11/30/2025 6:00:00 PM,SERC,WEST,EKPC,EKPC,2170.466,True
12/1/2025 12:00:00 AM,11/30/2025 7:00:00 PM,SERC,WEST,EKPC,EKPC,2157.884,True
12/1/2025 1:00:00 AM,11/30/2025 8:00:00 PM,SERC,WEST,EKPC,EKPC,2077.994,True
12/1/2025 2:00:00 AM,11/30/2025 9:00:00 PM,SERC,WEST,EKPC,EKPC,2009.483,True
12/1/2025 3:00:00 AM,11/30/2025 10:00:00 PM,SERC,WEST,EKPC,EKPC,1954.501,True
12/1/2025 4:00:00 AM,11/30/2025 11:00:00 PM,SERC,WEST,EKPC,EKPC,1941.561,True
12/1/2025 5:00:00 AM,12/1/2025 12:00:00 AM,SERC,WEST,EKPC,EKPC,2031.690,True
12/1/2025 6:00:00 AM,12/1/2025 1:00:00 AM,SERC,WEST,EKPC,EKPC,2102.950,True
12/1/2025 7:00:00 AM,12/1/2025 2:00:00 AM,SERC,WEST,EKPC,EKPC,2109.873,True
12/1/2025 8:00:00 AM,12/1/2025 3:00:00 AM,SERC,WEST,EKPC,EKPC,2183.401,True
12/1/2025 9:00:00 AM,12/1/2025 4:00:00 AM,SERC,WEST,EKPC,EKPC,2217.376,True
12/1/2025 10:00:00 AM,12/1/2025 5:00:00 AM,SERC,WEST,EKPC,EKPC,2378.037,True
12/1/2025 11:00:00 AM,12/1/2025 6:00:00 AM,SERC,WEST,EKPC,EKPC,2488.897,True
12/1/2025 12:00:00 PM,12/1/2025 7:00:00 AM,SERC,WEST,EKPC,EKPC,2587.506,True
12/1/2025 1:00:00 PM,12/1/2025 8:00:00 AM,SERC,WEST,EKPC,EKPC,2532.180,True
12/1/2025 2:00:00 PM,12/1/2025 9:00:00 AM,SERC,WEST,EKPC,EKPC,2411.228,True
12/1/2025 3:00:00 PM,12/1/2025 10:00:00 AM,SERC,WEST,EKPC,EKPC,2277.277,True
12/1/2025 4:00:00 PM,12/1/2025 11:00:00 AM,SERC,WEST,EKPC,EKPC,2162.951,True
12/1/2025 5:00:00 PM,12/1/2025 12:00:00 PM,SERC,WEST,EKPC,EKPC,2031.155,True
12/1/2025 6:00:00 PM,12/1/2025 1:00:00 PM,SERC,WEST,EKPC,EKPC,1910.822,True
12/1/2025 7:00:00 PM,12/1/2025 2:00:00 PM,SERC,WEST,EKPC,EKPC,1777.653,True
12/1/2025 8:00:00 PM,12/1/2025 3:00:00 PM,SERC,WEST,EKPC,EKPC,1776.038,True
12/1/2025 9:00:00 PM,12/1/2025 4:00:00 PM,SERC,WEST,EKPC,EKPC,1852.978,True
12/1/2025 10:00:00 PM,12/1/2025 5:00:00 PM,SERC,WEST,EKPC,EKPC,2107.719,True
12/1/2025 11:00:00 PM,12/1/2025 6:00:00 PM,SERC,WEST,EKPC,EKPC,2213.100,True
12/2/2025 12:00:00 AM,12/1/2025 7:00:00 PM,SERC,WEST,EKPC,EKPC,2140.626,True
12/2/2025 1:00:00 AM,12/1/2025 8:00:00 PM,SERC,WEST,EKPC,EKPC,2114.920,True
12/2/2025 2:00:00 AM,12/1/2025 9:00:00 PM,SERC,WEST,EKPC,EKPC,2041.587,True
12/2/2025 3:00:00 AM,12/1/2025 10:00:00 PM,SERC,WEST,EKPC,EKPC,1951.627,True
12/2/2025 4:00:00 AM,12/1/2025 11:00:00 PM,SERC,WEST,EKPC,EKPC,1925.475,True
12/2/2025 5:00:00 AM,12/2/2025 12:00:00 AM,SERC,WEST,EKPC,EKPC,1896.622,True
12/2/2025 6:00:00 AM,12/2/2025 1:00:00 AM,SERC,WEST,EKPC,EKPC,1925.117,True
12/2/2025 7:00:00 AM,12/2/2025 2:00:00 AM,SERC,WEST,EKPC,EKPC,1967.502,True
12/2/2025 8:00:00 AM,12/2/2025 3:00:00 AM,SERC,WEST,EKPC,EKPC,1989.263,True
12/2/2025 9:00:00 AM,12/2/2025 4:00:00 AM,SERC,WEST,EKPC,EKPC,2029.195,True
12/2/2025 10:00:00 AM,12/2/2025 5:00:00 AM,SERC,WEST,EKPC,EKPC,2120.864,True
12/2/2025 11:00:00 AM,12/2/2025 6:00:00 AM,SERC,WEST,EKPC,EKPC,2247.377,True
12/2/2025 12:00:00 PM,12/2/2025 7:00:00 AM,SERC,WEST,EKPC,EKPC,2208.349,True
12/2/2025 1:00:00 PM,12/2/2025 8:00:00 AM,SERC,WEST,EKPC,EKPC,2298.028,True
12/2/2025 2:00:00 PM,12/2/2025 9:00:00 AM,SERC,WEST,EKPC,EKPC,2300.851,True
12/2/2025 3:00:00 PM,12/2/2025 10:00:00 AM,SERC,WEST,EKPC,EKPC,2265.296,True
12/2/2025 4:00:00 PM,12/2/2025 11:00:00 AM,SERC,WEST,EKPC,EKPC,2338.254,True
12/2/2025 5:00:00 PM,12/2/2025 12:00:00 PM,SERC,WEST,EKPC,EKPC,2362.556,True
12/2/2025 6:00:00 PM,12/2/2025 1:00:00 PM,SERC,WEST,EKPC,EKPC,2355.917,True
12/2/2025 7:00:00 PM,12/2/2025 2:00:00 PM,SERC,WEST,EKPC,EKPC,2336.413,True
12/2/2025 8:00:00 PM,12/2/2025 3:00:00 PM,SERC,WEST,EKPC,EKPC,2402.297,True
12/2/2025 9:00:00 PM,12/2/2025 4:00:00 PM,SERC,WEST,EKPC,EKPC,2423.093,True
12/2/2025 10:00:00 PM,12/2/2025 5:00:00 PM,SERC,WEST,EKPC,EKPC,2514.160,True
12/2/2025 11:00:00 PM,12/2/2025 6:00:00 PM,SERC,WEST,EKPC,EKPC,2491.324,True
12/3/2025 12:00:00 AM,12/2/2025 7:00:00 PM,SERC,WEST,EKPC,EKPC,2469.973,True
12/3/2025 1:00:00 AM,12/2/2025 8:00:00 PM,SERC,WEST,EKPC,EKPC,2365.995,True
12/3/2025 2:00:00 AM,12/2/2025 9:00:00 PM,SERC,WEST,EKPC,EKPC,2379.154,True
12/3/2025 3:00:00 AM,12/2/2025 10:00:00 PM,SERC,WEST,EKPC,EKPC,2266.011,True
12/3/2025 4:00:00 AM,12/2/2025 11:00:00 PM,SERC,WEST,EKPC,EKPC,2231.950,True
12/3/2025 5:00:00 AM,12/3/2025 12:00:00 AM,SERC,WEST,EKPC,EKPC,2223.275,True
12/3/2025 6:00:00 AM,12/3/2025 1:00:00 AM,SERC,WEST,EKPC,EKPC,2195.667,True
12/3/2025 7:00:00 AM,12/3/2025 2:00:00 AM,SERC,WEST,EKPC,EKPC,2189.441,True
12/3/2025 8:00:00 AM,12/3/2025 3:00:00 AM,SERC,WEST,EKPC,EKPC,2147.340,True
12/3/2025 9:00:00 AM,12/3/2025 4:00:00 AM,SERC,WEST,EKPC,EKPC,2201.040,True
12/3/2025 10:00:00 AM,12/3/2025 5:00:00 AM,SERC,WEST,EKPC,EKPC,2245.213,True
12/3/2025 11:00:00 AM,12/3/2025 6:00:00 AM,SERC,WEST,EKPC,EKPC,2376.736,True
12/3/2025 12:00:00 PM,12/3/2025 7:00:00 AM,SERC,WEST,EKPC,EKPC,2362.727,True
12/3/2025 1:00:00 PM,12/3/2025 8:00:00 AM,SERC,WEST,EKPC,EKPC,2311.792,True
12/3/2025 2:00:00 PM,12/3/2025 9:00:00 AM,SERC,WEST,EKPC,EKPC,2289.825,True
12/3/2025 3:00:00 PM,12/3/2025 10:00:00 AM,SERC,WEST,EKPC,EKPC,2282.556,True
12/3/2025 4:00:00 PM,12/3/2025 11:00:00 AM,SERC,WEST,EKPC,EKPC,2244.990,True
12/3/2025 5:00:00 PM,12/3/2025 12:00:00 PM,SERC,WEST,EKPC,EKPC,2166.014,True
12/3/2025 6:00:00 PM,12/3/2025 1:00:00 PM,SERC,WEST,EKPC,EKPC,2094.574,True
12/3/2025 7:00:00 PM,12/3/2025 2:00:00 PM,SERC,WEST,EKPC,EKPC,2015.185,True
12/3/2025 8:00:00 PM,12/3/2025 3:00:00 PM,SERC,WEST,EKPC,EKPC,1977.871,True
12/3/2025 9:00:00 PM,12/3/2025 4:00:00 PM,SERC,WEST,EKPC,EKPC,2024.113,True
12/3/2025 10:00:00 PM,12/3/2025 5:00:00 PM,SERC,WEST,EKPC,EKPC,2128.154,True
12/3/2025 11:00:00 PM,12/3/2025 6:00:00 PM,SERC,WEST,EKPC,EKPC,2205.384,True
12/4/2025 12:00:00 AM,12/3/2025 7:00:00 PM,SERC,WEST,EKPC,EKPC,2239.705,True
12/4/2025 1:00:00 AM,12/3/2025 8:00:00 PM,SERC,WEST,EKPC,EKPC,2248.685,True
12/4/2025 2:00:00 AM,12/3/2025 9:00:00 PM,SERC,WEST,EKPC,EKPC,2213.496,True
12/4/2025 3:00:00 AM,12/3/2025 10:00:00 PM,SERC,WEST,EKPC,EKPC,2128.630,True
12/4/2025 4:00:00 AM,12/3/2025 11:00:00 PM,SERC,WEST,EKPC,EKPC,2038.444,True
12/4/2025 5:00:00 AM,12/4/2025 12:00:00 AM,SERC,WEST,EKPC,EKPC,2003.740,True
12/4/2025 6:00:00 AM,12/4/2025 1:00:00 AM,SERC,WEST,EKPC,EKPC,2005.495,True
12/4/2025 7:00:00 AM,12/4/2025 2:00:00 AM,SERC,WEST,EKPC,EKPC,1987.718,True
12/4/2025 8:00:00 AM,12/4/2025 3:00:00 AM,SERC,WEST,EKPC,EKPC,2001.217,True
12/4/2025 9:00:00 AM,12/4/2025 4:00:00 AM,SERC,WEST,EKPC,EKPC,2035.948,True
12/4/2025 10:00:00 AM,12/4/2025 5:00:00 AM,SERC,WEST,EKPC,EKPC,2106.521,True
12/4/2025 11:00:00 AM,12/4/2025 6:00:00 AM,SERC,WEST,EKPC,EKPC,2238.231,True
12/4/2025 12:00:00 PM,12/4/2025 7:00:00 AM,SERC,WEST,EKPC,EKPC,2275.029,True
12/4/2025 1:00:00 PM,12/4/2025 8:00:00 AM,SERC,WEST,EKPC,EKPC,2245.116,True
12/4/2025 2:00:00 PM,12/4/2025 9:00:00 AM,SERC,WEST,EKPC,EKPC,2211.031,True
12/4/2025 3:00:00 PM,12/4/2025 10:00:00 AM,SERC,WEST,EKPC,EKPC,2169.878,True
12/4/2025 4:00:00 PM,12/4/2025 11:00:00 AM,SERC,WEST,EKPC,EKPC,2153.596,True
12/4/2025 5:00:00 PM,12/4/2025 12:00:00 PM,SERC,WEST,EKPC,EKPC,2136.902,True
12/4/2025 6:00:00 PM,12/4/2025 1:00:00 PM,SERC,WEST,EKPC,EKPC,2127.467,True
12/4/2025 7:00:00 PM,12/4/2025 2:00:00 PM,SERC,WEST,EKPC,EKPC,2113.383,True
12/4/2025 8:00:00 PM,12/4/2025 3:00:00 PM,SERC,WEST,EKPC,EKPC,2122.690,True
12/4/2025 9:00:00 PM,12/4/2025 4:00:00 PM,SERC,WEST,EKPC,EKPC,2139.958,True
12/4/2025 10:00:00 PM,12/4/2025 5:00:00 PM,SERC,WEST,EKPC,EKPC,2151.687,True
12/4/2025 11:00:00 PM,12/4/2025 6:00:00 PM,SERC,WEST,EKPC,EKPC,2173.800,True
12/5/2025 12:00:00 AM,12/4/2025 7:00:00 PM,SERC,WEST,EKPC,EKPC,2201.497,True
12/5/2025 1:00:00 AM,12/4/2025 8:00:00 PM,SERC,WEST,EKPC,EKPC,2236.438,True
12/5/2025 2:00:00 AM,12/4/2025 9:00:00 PM,SERC,WEST,EKPC,EKPC,2172.767,True
12/5/2025 3:00:00 AM,12/4/2025 10:00:00 PM,SERC,WEST,EKPC,EKPC,2070.964,True
12/5/2025 4:00:00 AM,12/4/2025 11:00:00 PM,SERC,WEST,EKPC,EKPC,1971.651,True
12/5/2025 5:00:00 AM,12/5/2025 12:00:00 AM,SERC,WEST,EKPC,EKPC,1954.748,True
12/5/2025 6:00:00 AM,12/5/2025 1:00:00 AM,SERC,WEST,EKPC,EKPC,2004.197,True
12/5/2025 7:00:00 AM,12/5/2025 2:00:00 AM,SERC,WEST,EKPC,EKPC,1982.875,True
12/5/2025 8:00:00 AM,12/5/2025 3:00:00 AM,SERC,WEST,EKPC,EKPC,1959.576,True
12/5/2025 9:00:00 AM,12/5/2025 4:00:00 AM,SERC,WEST,EKPC,EKPC,2075.175,True
12/5/2025 10:00:00 AM,12/5/2025 5:00:00 AM,SERC,WEST,EKPC,EKPC,2089.667,True
12/5/2025 11:00:00 AM,12/5/2025 6:00:00 AM,SERC,WEST,EKPC,EKPC,2307.054,True
12/5/2025 12:00:00 PM,12/5/2025 7:00:00 AM,SERC,WEST,EKPC,EKPC,2280.997,True
12/5/2025 1:00:00 PM,12/5/2025 8:00:00 AM,SERC,WEST,EKPC,EKPC,2335.288,True
12/5/2025 2:00:00 PM,12/5/2025 9:00:00 AM,SERC,WEST,EKPC,EKPC,2314.619,True
12/5/2025 3:00:00 PM,12/5/2025 10:00:00 AM,SERC,WEST,EKPC,EKPC,2340.181,True
12/5/2025 4:00:00 PM,12/5/2025 11:00:00 AM,SERC,WEST,EKPC,EKPC,2242.315,True
12/5/2025 5:00:00 PM,12/5/2025 12:00:00 PM,SERC,WEST,EKPC,EKPC,2119.479,True
12/5/2025 6:00:00 PM,12/5/2025 1:00:00 PM,SERC,WEST,EKPC,EKPC,2165.753,True
12/5/2025 7:00:00 PM,12/5/2025 2:00:00 PM,SERC,WEST,EKPC,EKPC,2194.444,True
12/5/2025 8:00:00 PM,12/5/2025 3:00:00 PM,SERC,WEST,EKPC,EKPC,2164.974,True
12/5/2025 9:00:00 PM,12/5/2025 4:00:00 PM,SERC,WEST,EKPC,EKPC,2229.799,True
12/5/2025 10:00:00 PM,12/5/2025 5:00:00 PM,SERC,WEST,EKPC,EKPC,2249.938,True
12/5/2025 11:00:00 PM,12/5/2025 6:00:00 PM,SERC,WEST,EKPC,EKPC,2254.324,True
12/6/2025 12:00:00 AM,12/5/2025 7:00:00 PM,SERC,WEST,EKPC,EKPC,2245.368,True
12/6/2025 1:00:00 AM,12/5/2025 8:00:00 PM,SERC,WEST,EKPC,EKPC,2219.683,True
12/6/2025 2:00:00 AM,12/5/2025 9:00:00 PM,SERC,WEST,EKPC,EKPC,2193.667,True
12/6/2025 3:00:00 AM,12/5/2025 10:00:00 PM,SERC,WEST,EKPC,EKPC,2101.353,True
12/6/2025 4:00:00 AM,12/5/2025 11:00:00 PM,SERC,WEST,EKPC,EKPC,2044.714,True
12/6/2025 5:00:00 AM,12/6/2025 12:00:00 AM,SERC,WEST,EKPC,EKPC,2003.307,True
12/6/2025 6:00:00 AM,12/6/2025 1:00:00 AM,SERC,WEST,EKPC,EKPC,1938.357,True
12/6/2025 7:00:00 AM,12/6/2025 2:00:00 AM,SERC,WEST,EKPC,EKPC,1936.262,True
12/6/2025 8:00:00 AM,12/6/2025 3:00:00 AM,SERC,WEST,EKPC,EKPC,2020.809,True
12/6/2025 9:00:00 AM,12/6/2025 4:00:00 AM,SERC,WEST,EKPC,EKPC,2080.648,True
12/6/2025 10:00:00 AM,12/6/2025 5:00:00 AM,SERC,WEST,EKPC,EKPC,2163.297,True
12/6/2025 11:00:00 AM,12/6/2025 6:00:00 AM,SERC,WEST,EKPC,EKPC,2210.174,True
12/6/2025 12:00:00 PM,12/6/2025 7:00:00 AM,SERC,WEST,EKPC,EKPC,2238.368,True
12/6/2025 1:00:00 PM,12/6/2025 8:00:00 AM,SERC,WEST,EKPC,EKPC,2284.400,True
12/6/2025 2:00:00 PM,12/6/2025 9:00:00 AM,SERC,WEST,EKPC,EKPC,2273.335,True
12/6/2025 3:00:00 PM,12/6/2025 10:00:00 AM,SERC,WEST,EKPC,EKPC,2215.920,True
12/6/2025 4:00:00 PM,12/6/2025 11:00:00 AM,SERC,WEST,EKPC,EKPC,2149.941,True
12/6/2025 5:00:00 PM,12/6/2025 12:00:00 PM,SERC,WEST,EKPC,EKPC,2083.876,True
12/6/2025 6:00:00 PM,12/6/2025 1:00:00 PM,SERC,WEST,EKPC,EKPC,2047.446,True
12/6/2025 7:00:00 PM,12/6/2025 2:00:00 PM,SERC,WEST,EKPC,EKPC,1985.764,True
12/6/2025 8:00:00 PM,12/6/2025 3:00:00 PM,SERC,WEST,EKPC,EKPC,2025.182,True
12/6/2025 9:00:00 PM,12/6/2025 4:00:00 PM,SERC,WEST,EKPC,EKPC,1957.258,True
12/6/2025 10:00:00 PM,12/6/2025 5:00:00 PM,SERC,WEST,EKPC,EKPC,2032.127,True
12/6/2025 11:00:00 PM,12/6/2025 6:00:00 PM,SERC,WEST,EKPC,EKPC,2007.921,True
12/7/2025 12:00:00 AM,12/6/2025 7:00:00 PM,SERC,WEST,EKPC,EKPC,1978.217,True
12/7/2025 1:00:00 AM,12/6/2025 8:00:00 PM,SERC,WEST,EKPC,EKPC,2100.024,True
12/7/2025 2:00:00 AM,12/6/2025 9:00:00 PM,SERC,WEST,EKPC,EKPC,2102.677,True
12/7/2025 3:00:00 AM,12/6/2025 10:00:00 PM,SERC,WEST,EKPC,EKPC,2076.492,True
12/7/2025 4:00:00 AM,12/6/2025 11:00:00 PM,SERC,WEST,EKPC,EKPC,2014.963,True
12/7/2025 5:00:00 AM,12/7/2025 12:00:00 AM,SERC,WEST,EKPC,EKPC,1983.241,True
12/7/2025 6:00:00 AM,12/7/2025 1:00:00 AM,SERC,WEST,EKPC,EKPC,1990.823,True
12/7/2025 7:00:00 AM,12/7/2025 2:00:00 AM,SERC,WEST,EKPC,EKPC,1896.003,True
12/7/2025 8:00:00 AM,12/7/2025 3:00:00 AM,SERC,WEST,EKPC,EKPC,2041.515,True
12/7/2025 9:00:00 AM,12/7/2025 4:00:00 AM,SERC,WEST,EKPC,EKPC,2058.389,True
12/7/2025 10:00:00 AM,12/7/2025 5:00:00 AM,SERC,WEST,EKPC,EKPC,2068.724,True
12/7/2025 11:00:00 AM,12/7/2025 6:00:00 AM,SERC,WEST,EKPC,EKPC,2163.682,True
12/7/2025 12:00:00 PM,12/7/2025 7:00:00 AM,SERC,WEST,EKPC,EKPC,2151.398,True
12/7/2025 1:00:00 PM,12/7/2025 8:00:00 AM,SERC,WEST,EKPC,EKPC,2242.882,True
12/7/2025 2:00:00 PM,12/7/2025 9:00:00 AM,SERC,WEST,EKPC,EKPC,2171.771,True
12/7/2025 3:00:00 PM,12/7/2025 10:00:00 AM,SERC,WEST,EKPC,EKPC,2012.673,True
12/7/2025 4:00:00 PM,12/7/2025 11:00:00 AM,SERC,WEST,EKPC,EKPC,1859.719,True
12/7/2025 5:00:00 PM,12/7/2025 12:00:00 PM,SERC,WEST,EKPC,EKPC,1774.054,True
12/7/2025 6:00:00 PM,12/7/2025 1:00:00 PM,SERC,WEST,EKPC,EKPC,1673.492,True
12/7/2025 7:00:00 PM,12/7/2025 2:00:00 PM,SERC,WEST,EKPC,EKPC,1618.404,True
12/7/2025 8:00:00 PM,12/7/2025 3:00:00 PM,SERC,WEST,EKPC,EKPC,1584.481,True
12/7/2025 9:00:00 PM,12/7/2025 4:00:00 PM,SERC,WEST,EKPC,EKPC,1698.415,True
12/7/2025 10:00:00 PM,12/7/2025 5:00:00 PM,SERC,WEST,EKPC,EKPC,1709.237,True
12/7/2025 11:00:00 PM,12/7/2025 6:00:00 PM,SERC,WEST,EKPC,EKPC,1750.070,True
12/8/2025 12:00:00 AM,12/7/2025 7:00:00 PM,SERC,WEST,EKPC,EKPC,1766.933,True
12/8/2025 1:00:00 AM,12/7/2025 8:00:00 PM,SERC,WEST,EKPC,EKPC,1801.901,True
12/8/2025 2:00:00 AM,12/7/2025 9:00:00 PM,SERC,WEST,EKPC,EKPC,1803.792,True
12/8/2025 3:00:00 AM,12/7/2025 10:00:00 PM,SERC,WEST,EKPC,EKPC,1768.453,True
12/8/2025 4:00:00 AM,12/7/2025 11:00:00 PM,SERC,WEST,EKPC,EKPC,1733.663,True
12/8/2025 5:00:00 AM,12/8/2025 12:00:00 AM,SERC,WEST,EKPC,EKPC,1635.737,True
12/8/2025 6:00:00 AM,12/8/2025 1:00:00 AM,SERC,WEST,EKPC,EKPC,1597.608,True
12/8/2025 7:00:00 AM,12/8/2025 2:00:00 AM,SERC,WEST,EKPC,EKPC,1622.783,True
12/8/2025 8:00:00 AM,12/8/2025 3:00:00 AM,SERC,WEST,EKPC,EKPC,1682.047,True
12/8/2025 9:00:00 AM,12/8/2025 4:00:00 AM,SERC,WEST,EKPC,EKPC,1861.934,True
12/8/2025 10:00:00 AM,12/8/2025 5:00:00 AM,SERC,WEST,EKPC,EKPC,1962.344,True
12/8/2025 11:00:00 AM,12/8/2025 6:00:00 AM,SERC,WEST,EKPC,EKPC,2183.525,True
12/8/2025 12:00:00 PM,12/8/2025 7:00:00 AM,SERC,WEST,EKPC,EKPC,2321.045,True
12/8/2025 1:00:00 PM,12/8/2025 8:00:00 AM,SERC,WEST,EKPC,EKPC,2284.405,True
12/8/2025 2:00:00 PM,12/8/2025 9:00:00 AM,SERC,WEST,EKPC,EKPC,2364.248,True
12/8/2025 3:00:00 PM,12/8/2025 10:00:00 AM,SERC,WEST,EKPC,EKPC,2364.815,True
12/8/2025 4:00:00 PM,12/8/2025 11:00:00 AM,SERC,WEST,EKPC,EKPC,2321.726,True
12/8/2025 5:00:00 PM,12/8/2025 12:00:00 PM,SERC,WEST,EKPC,EKPC,2341.664,True
12/8/2025 6:00:00 PM,12/8/2025 1:00:00 PM,SERC,WEST,EKPC,EKPC,2341.431,True
12/8/2025 7:00:00 PM,12/8/2025 2:00:00 PM,SERC,WEST,EKPC,EKPC,2276.495,True
12/8/2025 8:00:00 PM,12/8/2025 3:00:00 PM,SERC,WEST,EKPC,EKPC,2327.821,True
12/8/2025 9:00:00 PM,12/8/2025 4:00:00 PM,SERC,WEST,EKPC,EKPC,2214.798,True
12/8/2025 10:00:00 PM,12/8/2025 5:00:00 PM,SERC,WEST,EKPC,EKPC,2368.564,True
12/8/2025 11:00:00 PM,12/8/2025 6:00:00 PM,SERC,WEST,EKPC,EKPC,2370.196,True
12/9/2025 12:00:00 AM,12/8/2025 7:00:00 PM,SERC,WEST,EKPC,EKPC,2356.133,True
12/9/2025 1:00:00 AM,12/8/2025 8:00:00 PM,SERC,WEST,EKPC,EKPC,2383.487,True
12/9/2025 2:00:00 AM,12/8/2025 9:00:00 PM,SERC,WEST,EKPC,EKPC,2321.430,True
12/9/2025 3:00:00 AM,12/8/2025 10:00:00 PM,SERC,WEST,EKPC,EKPC,2312.442,True
12/9/2025 4:00:00 AM,12/8/2025 11:00:00 PM,SERC,WEST,EKPC,EKPC,2259.063,True
12/9/2025 5:00:00 AM,12/9/2025 12:00:00 AM,SERC,WEST,EKPC,EKPC,2231.251,True
12/9/2025 6:00:00 AM,12/9/2025 1:00:00 AM,SERC,WEST,EKPC,EKPC,2261.793,True
12/9/2025 7:00:00 AM,12/9/2025 2:00:00 AM,SERC,WEST,EKPC,EKPC,2246.171,True
12/9/2025 8:00:00 AM,12/9/2025 3:00:00 AM,SERC,WEST,EKPC,EKPC,2251.407,True
12/9/2025 9:00:00 AM,12/9/2025 4:00:00 AM,SERC,WEST,EKPC,EKPC,2365.189,True
12/9/2025 10:00:00 AM,12/9/2025 5:00:00 AM,SERC,WEST,EKPC,EKPC,2411.137,True
12/9/2025 11:00:00 AM,12/9/2025 6:00:00 AM,SERC,WEST,EKPC,EKPC,2536.191,True
12/9/2025 12:00:00 PM,12/9/2025 7:00:00 AM,SERC,WEST,EKPC,EKPC,2430.563,True
12/9/2025 1:00:00 PM,12/9/2025 8:00:00 AM,SERC,WEST,EKPC,EKPC,2510.861,True
12/9/2025 2:00:00 PM,12/9/2025 9:00:00 AM,SERC,WEST,EKPC,EKPC,2434.220,True
12/9/2025 3:00:00 PM,12/9/2025 10:00:00 AM,SERC,WEST,EKPC,EKPC,2320.819,True
12/9/2025 4:00:00 PM,12/9/2025 11:00:00 AM,SERC,WEST,EKPC,EKPC,2102.838,True
12/9/2025 5:00:00 PM,12/9/2025 12:00:00 PM,SERC,WEST,EKPC,EKPC,2022.943,True
12/9/2025 6:00:00 PM,12/9/2025 1:00:00 PM,SERC,WEST,EKPC,EKPC,1847.614,True
12/9/2025 7:00:00 PM,12/9/2025 2:00:00 PM,SERC,WEST,EKPC,EKPC,1705.427,True
12/9/2025 8:00:00 PM,12/9/2025 3:00:00 PM,SERC,WEST,EKPC,EKPC,1806.581,True
12/9/2025 9:00:00 PM,12/9/2025 4:00:00 PM,SERC,WEST,EKPC,EKPC,1898.098,True
12/9/2025 10:00:00 PM,12/9/2025 5:00:00 PM,SERC,WEST,EKPC,EKPC,2083.610,True
12/9/2025 11:00:00 PM,12/9/2025 6:00:00 PM,SERC,WEST,EKPC,EKPC,2122.415,True
12/10/2025 12:00:00 AM,12/9/2025 7:00:00 PM,SERC,WEST,EKPC,EKPC,2171.832,True
12/10/2025 1:00:00 AM,12/9/2025 8:00:00 PM,SERC,WEST,EKPC,EKPC,2159.784,True
12/10/2025 2:00:00 AM,12/9/2025 9:00:00 PM,SERC,WEST,EKPC,EKPC,2084.149,True
12/10/2025 3:00:00 AM,12/9/2025 10:00:00 PM,SERC,WEST,EKPC,EKPC,1983.322,True
12/10/2025 4:00:00 AM,12/9/2025 11:00:00 PM,SERC,WEST,EKPC,EKPC,1896.554,True
12/10/2025 5:00:00 AM,12/10/2025 12:00:00 AM,SERC,WEST,EKPC,EKPC,1821.335,True
12/10/2025 6:00:00 AM,12/10/2025 1:00:00 AM,SERC,WEST,EKPC,EKPC,1798.883,True
12/10/2025 7:00:00 AM,12/10/2025 2:00:00 AM,SERC,WEST,EKPC,EKPC,1810.164,True
12/10/2025 8:00:00 AM,12/10/2025 3:00:00 AM,SERC,WEST,EKPC,EKPC,1769.511,True
12/10/2025 9:00:00 AM,12/10/2025 4:00:00 AM,SERC,WEST,EKPC,EKPC,1673.395,True
12/10/2025 10:00:00 AM,12/10/2025 5:00:00 AM,SERC,WEST,EKPC,EKPC,1763.311,True
12/10/2025 11:00:00 AM,12/10/2025 6:00:00 AM,SERC,WEST,EKPC,EKPC,1872.774,True
12/10/2025 12:00:00 PM,12/10/2025 7:00:00 AM,SERC,WEST,EKPC,EKPC,1900.267,True
12/10/2025 1:00:00 PM,12/10/2025 8:00:00 AM,SERC,WEST,EKPC,EKPC,1859.096,True
12/10/2025 2:00:00 PM,12/10/2025 9:00:00 AM,SERC,WEST,EKPC,EKPC,1846.850,True
12/10/2025 3:00:00 PM,12/10/2025 10:00:00 AM,SERC,WEST,EKPC,EKPC,1826.359,True
12/10/2025 4:00:00 PM,12/10/2025 11:00:00 AM,SERC,WEST,EKPC,EKPC,1812.535,True
12/10/2025 5:00:00 PM,12/10/2025 12:00:00 PM,SERC,WEST,EKPC,EKPC,1824.039,True
12/10/2025 6:00:00 PM,12/10/2025 1:00:00 PM,SERC,WEST,EKPC,EKPC,1828.932,True
12/10/2025 7:00:00 PM,12/10/2025 2:00:00 PM,SERC,WEST,EKPC,EKPC,1820.224,True
12/10/2025 8:00:00 PM,12/10/2025 3:00:00 PM,SERC,WEST,EKPC,EKPC,1998.194,True
12/10/2025 9:00:00 PM,12/10/2025 4:00:00 PM,SERC,WEST,EKPC,EKPC,2024.374,True
12/10/2025 10:00:00 PM,12/10/2025 5:00:00 PM,SERC,WEST,EKPC,EKPC,2059.357,True
12/10/2025 11:00:00 PM,12/10/2025 6:00:00 PM,SERC,WEST,EKPC,EKPC,2056.957,True
12/11/2025 12:00:00 AM,12/10/2025 7:00:00 PM,SERC,WEST,EKPC,EKPC,2215.609,True
12/11/2025 1:00:00 AM,12/10/2025 8:00:00 PM,SERC,WEST,EKPC,EKPC,2209.365,True
12/11/2025 2:00:00 AM,12/10/2025 9:00:00 PM,SERC,WEST,EKPC,EKPC,2206.183,True
12/11/2025 3:00:00 AM,12/10/2025 10:00:00 PM,SERC,WEST,EKPC,EKPC,2114.193,True
12/11/2025 4:00:00 AM,12/10/2025 11:00:00 PM,SERC,WEST,EKPC,EKPC,2052.671,True
12/11/2025 5:00:00 AM,12/11/2025 12:00:00 AM,SERC,WEST,EKPC,EKPC,2032.399,True
12/11/2025 6:00:00 AM,12/11/2025 1:00:00 AM,SERC,WEST,EKPC,EKPC,2039.347,True
12/11/2025 7:00:00 AM,12/11/2025 2:00:00 AM,SERC,WEST,EKPC,EKPC,2015.596,True
12/11/2025 8:00:00 AM,12/11/2025 3:00:00 AM,SERC,WEST,EKPC,EKPC,2056.304,True
12/11/2025 9:00:00 AM,12/11/2025 4:00:00 AM,SERC,WEST,EKPC,EKPC,2077.930,True
12/11/2025 10:00:00 AM,12/11/2025 5:00:00 AM,SERC,WEST,EKPC,EKPC,2175.769,True
12/11/2025 11:00:00 AM,12/11/2025 6:00:00 AM,SERC,WEST,EKPC,EKPC,2341.444,True
12/11/2025 12:00:00 PM,12/11/2025 7:00:00 AM,SERC,WEST,EKPC,EKPC,2376.626,True
12/11/2025 1:00:00 PM,12/11/2025 8:00:00 AM,SERC,WEST,EKPC,EKPC,2362.783,True
12/11/2025 2:00:00 PM,12/11/2025 9:00:00 AM,SERC,WEST,EKPC,EKPC,2257.351,True
12/11/2025 3:00:00 PM,12/11/2025 10:00:00 AM,SERC,WEST,EKPC,EKPC,2306.182,True
12/11/2025 4:00:00 PM,12/11/2025 11:00:00 AM,SERC,WEST,EKPC,EKPC,2305.284,True
12/11/2025 5:00:00 PM,12/11/2025 12:00:00 PM,SERC,WEST,EKPC,EKPC,2297.895,True
12/11/2025 6:00:00 PM,12/11/2025 1:00:00 PM,SERC,WEST,EKPC,EKPC,2272.138,True
12/11/2025 7:00:00 PM,12/11/2025 2:00:00 PM,SERC,WEST,EKPC,EKPC,2232.714,True
12/11/2025 8:00:00 PM,12/11/2025 3:00:00 PM,SERC,WEST,EKPC,EKPC,2238.122,True
12/11/2025 9:00:00 PM,12/11/2025 4:00:00 PM,SERC,WEST,EKPC,EKPC,2261.449,True
12/11/2025 10:00:00 PM,12/11/2025 5:00:00 PM,SERC,WEST,EKPC,EKPC,2307.770,True
12/11/2025 11:00:00 PM,12/11/2025 6:00:00 PM,SERC,WEST,EKPC,EKPC,2350.152,True
12/12/2025 12:00:00 AM,12/11/2025 7:00:00 PM,SERC,WEST,EKPC,EKPC,2305.860,True
12/12/2025 1:00:00 AM,12/11/2025 8:00:00 PM,SERC,WEST,EKPC,EKPC,2298.000,True
12/12/2025 2:00:00 AM,12/11/2025 9:00:00 PM,SERC,WEST,EKPC,EKPC,2225.840,True
12/12/2025 3:00:00 AM,12/11/2025 10:00:00 PM,SERC,WEST,EKPC,EKPC,2120.605,True
12/12/2025 4:00:00 AM,12/11/2025 11:00:00 PM,SERC,WEST,EKPC,EKPC,2033.531,True
12/12/2025 5:00:00 AM,12/12/2025 12:00:00 AM,SERC,WEST,EKPC,EKPC,2082.942,True
12/12/2025 6:00:00 AM,12/12/2025 1:00:00 AM,SERC,WEST,EKPC,EKPC,2190.901,True
12/12/2025 7:00:00 AM,12/12/2025 2:00:00 AM,SERC,WEST,EKPC,EKPC,2163.703,True
12/12/2025 8:00:00 AM,12/12/2025 3:00:00 AM,SERC,WEST,EKPC,EKPC,2174.150,True
12/12/2025 9:00:00 AM,12/12/2025 4:00:00 AM,SERC,WEST,EKPC,EKPC,2218.452,True
12/12/2025 10:00:00 AM,12/12/2025 5:00:00 AM,SERC,WEST,EKPC,EKPC,2267.912,True
12/12/2025 11:00:00 AM,12/12/2025 6:00:00 AM,SERC,WEST,EKPC,EKPC,2324.714,True
12/12/2025 12:00:00 PM,12/12/2025 7:00:00 AM,SERC,WEST,EKPC,EKPC,2399.073,True
12/12/2025 1:00:00 PM,12/12/2025 8:00:00 AM,SERC,WEST,EKPC,EKPC,2419.337,True
12/12/2025 2:00:00 PM,12/12/2025 9:00:00 AM,SERC,WEST,EKPC,EKPC,2403.444,True
12/12/2025 3:00:00 PM,12/12/2025 10:00:00 AM,SERC,WEST,EKPC,EKPC,2338.044,True
12/12/2025 4:00:00 PM,12/12/2025 11:00:00 AM,SERC,WEST,EKPC,EKPC,2185.867,True
12/12/2025 5:00:00 PM,12/12/2025 12:00:00 PM,SERC,WEST,EKPC,EKPC,2120.755,True
12/12/2025 6:00:00 PM,12/12/2025 1:00:00 PM,SERC,WEST,EKPC,EKPC,2087.568,True
12/12/2025 7:00:00 PM,12/12/2025 2:00:00 PM,SERC,WEST,EKPC,EKPC,1917.378,True
12/12/2025 8:00:00 PM,12/12/2025 3:00:00 PM,SERC,WEST,EKPC,EKPC,1981.561,True
12/12/2025 9:00:00 PM,12/12/2025 4:00:00 PM,SERC,WEST,EKPC,EKPC,2034.712,True
12/12/2025 10:00:00 PM,12/12/2025 5:00:00 PM,SERC,WEST,EKPC,EKPC,2138.503,True
12/12/2025 11:00:00 PM,12/12/2025 6:00:00 PM,SERC,WEST,EKPC,EKPC,2196.299,True
12/13/2025 12:00:00 AM,12/12/2025 7:00:00 PM,SERC,WEST,EKPC,EKPC,2223.121,True
12/13/2025 1:00:00 AM,12/12/2025 8:00:00 PM,SERC,WEST,EKPC,EKPC,2182.130,True
12/13/2025 2:00:00 AM,12/12/2025 9:00:00 PM,SERC,WEST,EKPC,EKPC,2167.609,True
12/13/2025 3:00:00 AM,12/12/2025 10:00:00 PM,SERC,WEST,EKPC,EKPC,2149.215,True
12/13/2025 4:00:00 AM,12/12/2025 11:00:00 PM,SERC,WEST,EKPC,EKPC,2129.578,True
12/13/2025 5:00:00 AM,12/13/2025 12:00:00 AM,SERC,WEST,EKPC,EKPC,2122.730,True
12/13/2025 6:00:00 AM,12/13/2025 1:00:00 AM,SERC,WEST,EKPC,EKPC,2072.238,True
12/13/2025 7:00:00 AM,12/13/2025 2:00:00 AM,SERC,WEST,EKPC,EKPC,2034.143,True
12/13/2025 8:00:00 AM,12/13/2025 3:00:00 AM,SERC,WEST,EKPC,EKPC,2106.564,True
12/13/2025 9:00:00 AM,12/13/2025 4:00:00 AM,SERC,WEST,EKPC,EKPC,2160.952,True
12/13/2025 10:00:00 AM,12/13/2025 5:00:00 AM,SERC,WEST,EKPC,EKPC,2187.394,True
12/13/2025 11:00:00 AM,12/13/2025 6:00:00 AM,SERC,WEST,EKPC,EKPC,2128.799,True
12/13/2025 12:00:00 PM,12/13/2025 7:00:00 AM,SERC,WEST,EKPC,EKPC,2250.099,True
12/13/2025 1:00:00 PM,12/13/2025 8:00:00 AM,SERC,WEST,EKPC,EKPC,2334.044,True
12/13/2025 2:00:00 PM,12/13/2025 9:00:00 AM,SERC,WEST,EKPC,EKPC,2363.821,True
12/13/2025 3:00:00 PM,12/13/2025 10:00:00 AM,SERC,WEST,EKPC,EKPC,2330.491,True
12/13/2025 4:00:00 PM,12/13/2025 11:00:00 AM,SERC,WEST,EKPC,EKPC,2244.294,True
12/13/2025 5:00:00 PM,12/13/2025 12:00:00 PM,SERC,WEST,EKPC,EKPC,2235.396,True
12/13/2025 6:00:00 PM,12/13/2025 1:00:00 PM,SERC,WEST,EKPC,EKPC,2131.714,True
12/13/2025 7:00:00 PM,12/13/2025 2:00:00 PM,SERC,WEST,EKPC,EKPC,2085.022,True
12/13/2025 8:00:00 PM,12/13/2025 3:00:00 PM,SERC,WEST,EKPC,EKPC,2049.174,True
12/13/2025 9:00:00 PM,12/13/2025 4:00:00 PM,SERC,WEST,EKPC,EKPC,2120.429,True
12/13/2025 10:00:00 PM,12/13/2025 5:00:00 PM,SERC,WEST,EKPC,EKPC,2140.616,True
12/13/2025 11:00:00 PM,12/13/2025 6:00:00 PM,SERC,WEST,EKPC,EKPC,2225.908,True
12/14/2025 12:00:00 AM,12/13/2025 7:00:00 PM,SERC,WEST,EKPC,EKPC,2227.826,True
12/14/2025 1:00:00 AM,12/13/2025 8:00:00 PM,SERC,WEST,EKPC,EKPC,2255.478,True
12/14/2025 2:00:00 AM,12/13/2025 9:00:00 PM,SERC,WEST,EKPC,EKPC,2276.473,True
12/14/2025 3:00:00 AM,12/13/2025 10:00:00 PM,SERC,WEST,EKPC,EKPC,2310.714,True
12/14/2025 4:00:00 AM,12/13/2025 11:00:00 PM,SERC,WEST,EKPC,EKPC,2318.507,True
12/14/2025 5:00:00 AM,12/14/2025 12:00:00 AM,SERC,WEST,EKPC,EKPC,2336.423,True
12/14/2025 6:00:00 AM,12/14/2025 1:00:00 AM,SERC,WEST,EKPC,EKPC,2321.997,True
12/14/2025 7:00:00 AM,12/14/2025 2:00:00 AM,SERC,WEST,EKPC,EKPC,2470.529,True
12/14/2025 8:00:00 AM,12/14/2025 3:00:00 AM,SERC,WEST,EKPC,EKPC,2506.818,True
12/14/2025 9:00:00 AM,12/14/2025 4:00:00 AM,SERC,WEST,EKPC,EKPC,2483.031,True
12/14/2025 10:00:00 AM,12/14/2025 5:00:00 AM,SERC,WEST,EKPC,EKPC,2550.772,True
12/14/2025 11:00:00 AM,12/14/2025 6:00:00 AM,SERC,WEST,EKPC,EKPC,2681.991,True
12/14/2025 12:00:00 PM,12/14/2025 7:00:00 AM,SERC,WEST,EKPC,EKPC,2816.426,True
12/14/2025 1:00:00 PM,12/14/2025 8:00:00 AM,SERC,WEST,EKPC,EKPC,2913.866,True
12/14/2025 2:00:00 PM,12/14/2025 9:00:00 AM,SERC,WEST,EKPC,EKPC,2921.759,True
12/14/2025 3:00:00 PM,12/14/2025 10:00:00 AM,SERC,WEST,EKPC,EKPC,2839.779,True
12/14/2025 4:00:00 PM,12/14/2025 11:00:00 AM,SERC,WEST,EKPC,EKPC,2803.753,True
12/14/2025 5:00:00 PM,12/14/2025 12:00:00 PM,SERC,WEST,EKPC,EKPC,2756.792,True
12/14/2025 6:00:00 PM,12/14/2025 1:00:00 PM,SERC,WEST,EKPC,EKPC,2678.587,True
12/14/2025 7:00:00 PM,12/14/2025 2:00:00 PM,SERC,WEST,EKPC,EKPC,2667.662,True
12/14/2025 8:00:00 PM,12/14/2025 3:00:00 PM,SERC,WEST,EKPC,EKPC,2639.859,True
12/14/2025 9:00:00 PM,12/14/2025 4:00:00 PM,SERC,WEST,EKPC,EKPC,2695.449,True
12/14/2025 10:00:00 PM,12/14/2025 5:00:00 PM,SERC,WEST,EKPC,EKPC,2894.037,True
12/14/2025 11:00:00 PM,12/14/2025 6:00:00 PM,SERC,WEST,EKPC,EKPC,3017.656,True
12/15/2025 12:00:00 AM,12/14/2025 7:00:00 PM,SERC,WEST,EKPC,EKPC,3111.571,True
12/15/2025 1:00:00 AM,12/14/2025 8:00:00 PM,SERC,WEST,EKPC,EKPC,3148.056,True
12/15/2025 2:00:00 AM,12/14/2025 9:00:00 PM,SERC,WEST,EKPC,EKPC,3168.241,True
12/15/2025 3:00:00 AM,12/14/2025 10:00:00 PM,SERC,WEST,EKPC,EKPC,3156.136,True
12/15/2025 4:00:00 AM,12/14/2025 11:00:00 PM,SERC,WEST,EKPC,EKPC,3170.691,True
12/15/2025 5:00:00 AM,12/15/2025 12:00:00 AM,SERC,WEST,EKPC,EKPC,3161.282,True
12/15/2025 6:00:00 AM,12/15/2025 1:00:00 AM,SERC,WEST,EKPC,EKPC,3232.175,True
12/15/2025 7:00:00 AM,12/15/2025 2:00:00 AM,SERC,WEST,EKPC,EKPC,3263.437,True
12/15/2025 8:00:00 AM,12/15/2025 3:00:00 AM,SERC,WEST,EKPC,EKPC,3293.605,True
12/15/2025 9:00:00 AM,12/15/2025 4:00:00 AM,SERC,WEST,EKPC,EKPC,3210.878,True
12/15/2025 10:00:00 AM,12/15/2025 5:00:00 AM,SERC,WEST,EKPC,EKPC,3283.395,True
12/15/2025 11:00:00 AM,12/15/2025 6:00:00 AM,SERC,WEST,EKPC,EKPC,3397.239,True
12/15/2025 12:00:00 PM,12/15/2025 7:00:00 AM,SERC,WEST,EKPC,EKPC,3493.152,True
12/15/2025 1:00:00 PM,12/15/2025 8:00:00 AM,SERC,WEST,EKPC,EKPC,3344.629,True
12/15/2025 2:00:00 PM,12/15/2025 9:00:00 AM,SERC,WEST,EKPC,EKPC,3148.028,True
12/15/2025 3:00:00 PM,12/15/2025 10:00:00 AM,SERC,WEST,EKPC,EKPC,2887.849,True
12/15/2025 4:00:00 PM,12/15/2025 11:00:00 AM,SERC,WEST,EKPC,EKPC,2730.209,True
12/15/2025 5:00:00 PM,12/15/2025 12:00:00 PM,SERC,WEST,EKPC,EKPC,2468.224,True
12/15/2025 6:00:00 PM,12/15/2025 1:00:00 PM,SERC,WEST,EKPC,EKPC,2284.390,True
12/15/2025 7:00:00 PM,12/15/2025 2:00:00 PM,SERC,WEST,EKPC,EKPC,2166.298,True
12/15/2025 8:00:00 PM,12/15/2025 3:00:00 PM,SERC,WEST,EKPC,EKPC,2133.267,True
12/15/2025 9:00:00 PM,12/15/2025 4:00:00 PM,SERC,WEST,EKPC,EKPC,2153.851,True
12/15/2025 10:00:00 PM,12/15/2025 5:00:00 PM,SERC,WEST,EKPC,EKPC,2321.801,True
12/15/2025 11:00:00 PM,12/15/2025 6:00:00 PM,SERC,WEST,EKPC,EKPC,2477.989,True
12/16/2025 12:00:00 AM,12/15/2025 7:00:00 PM,SERC,WEST,EKPC,EKPC,2578.909,True
12/16/2025 1:00:00 AM,12/15/2025 8:00:00 PM,SERC,WEST,EKPC,EKPC,2542.251,True
12/16/2025 2:00:00 AM,12/15/2025 9:00:00 PM,SERC,WEST,EKPC,EKPC,2587.723,True
12/16/2025 3:00:00 AM,12/15/2025 10:00:00 PM,SERC,WEST,EKPC,EKPC,2448.310,True
12/16/2025 4:00:00 AM,12/15/2025 11:00:00 PM,SERC,WEST,EKPC,EKPC,2389.308,True
12/16/2025 5:00:00 AM,12/16/2025 12:00:00 AM,SERC,WEST,EKPC,EKPC,2377.028,True
12/16/2025 6:00:00 AM,12/16/2025 1:00:00 AM,SERC,WEST,EKPC,EKPC,2358.125,True
12/16/2025 7:00:00 AM,12/16/2025 2:00:00 AM,SERC,WEST,EKPC,EKPC,2346.306,True
12/16/2025 8:00:00 AM,12/16/2025 3:00:00 AM,SERC,WEST,EKPC,EKPC,2380.719,True
12/16/2025 9:00:00 AM,12/16/2025 4:00:00 AM,SERC,WEST,EKPC,EKPC,2438.403,True
12/16/2025 10:00:00 AM,12/16/2025 5:00:00 AM,SERC,WEST,EKPC,EKPC,2489.416,True
12/16/2025 11:00:00 AM,12/16/2025 6:00:00 AM,SERC,WEST,EKPC,EKPC,2616.111,True
12/16/2025 12:00:00 PM,12/16/2025 7:00:00 AM,SERC,WEST,EKPC,EKPC,2634.944,True
12/16/2025 1:00:00 PM,12/16/2025 8:00:00 AM,SERC,WEST,EKPC,EKPC,2613.533,True
12/16/2025 2:00:00 PM,12/16/2025 9:00:00 AM,SERC,WEST,EKPC,EKPC,2391.133,True
12/16/2025 3:00:00 PM,12/16/2025 10:00:00 AM,SERC,WEST,EKPC,EKPC,2398.061,True
12/16/2025 4:00:00 PM,12/16/2025 11:00:00 AM,SERC,WEST,EKPC,EKPC,2250.195,True
12/16/2025 5:00:00 PM,12/16/2025 12:00:00 PM,SERC,WEST,EKPC,EKPC,2227.891,True
12/16/2025 6:00:00 PM,12/16/2025 1:00:00 PM,SERC,WEST,EKPC,EKPC,2240.753,True
12/16/2025 7:00:00 PM,12/16/2025 2:00:00 PM,SERC,WEST,EKPC,EKPC,2187.258,True
12/16/2025 8:00:00 PM,12/16/2025 3:00:00 PM,SERC,WEST,EKPC,EKPC,2152.583,True
12/16/2025 9:00:00 PM,12/16/2025 4:00:00 PM,SERC,WEST,EKPC,EKPC,2168.024,True
12/16/2025 10:00:00 PM,12/16/2025 5:00:00 PM,SERC,WEST,EKPC,EKPC,2232.260,True
12/16/2025 11:00:00 PM,12/16/2025 6:00:00 PM,SERC,WEST,EKPC,EKPC,2214.031,True
12/17/2025 12:00:00 AM,12/16/2025 7:00:00 PM,SERC,WEST,EKPC,EKPC,2222.589,True
12/17/2025 1:00:00 AM,12/16/2025 8:00:00 PM,SERC,WEST,EKPC,EKPC,2204.048,True
12/17/2025 2:00:00 AM,12/16/2025 9:00:00 PM,SERC,WEST,EKPC,EKPC,2106.588,True
12/17/2025 3:00:00 AM,12/16/2025 10:00:00 PM,SERC,WEST,EKPC,EKPC,1996.414,True
12/17/2025 4:00:00 AM,12/16/2025 11:00:00 PM,SERC,WEST,EKPC,EKPC,1882.674,True
12/17/2025 5:00:00 AM,12/17/2025 12:00:00 AM,SERC,WEST,EKPC,EKPC,1739.168,True
12/17/2025 6:00:00 AM,12/17/2025 1:00:00 AM,SERC,WEST,EKPC,EKPC,1792.663,True
12/17/2025 7:00:00 AM,12/17/2025 2:00:00 AM,SERC,WEST,EKPC,EKPC,1771.498,True
12/17/2025 8:00:00 AM,12/17/2025 3:00:00 AM,SERC,WEST,EKPC,EKPC,1725.362,True
12/17/2025 9:00:00 AM,12/17/2025 4:00:00 AM,SERC,WEST,EKPC,EKPC,1729.620,True
12/17/2025 10:00:00 AM,12/17/2025 5:00:00 AM,SERC,WEST,EKPC,EKPC,1716.955,True
12/17/2025 11:00:00 AM,12/17/2025 6:00:00 AM,SERC,WEST,EKPC,EKPC,1835.452,True
12/17/2025 12:00:00 PM,12/17/2025 7:00:00 AM,SERC,WEST,EKPC,EKPC,1849.091,True
12/17/2025 1:00:00 PM,12/17/2025 8:00:00 AM,SERC,WEST,EKPC,EKPC,1814.332,True
12/17/2025 2:00:00 PM,12/17/2025 9:00:00 AM,SERC,WEST,EKPC,EKPC,1760.147,True
12/17/2025 3:00:00 PM,12/17/2025 10:00:00 AM,SERC,WEST,EKPC,EKPC,1709.637,True
12/17/2025 4:00:00 PM,12/17/2025 11:00:00 AM,SERC,WEST,EKPC,EKPC,1631.490,True
12/17/2025 5:00:00 PM,12/17/2025 12:00:00 PM,SERC,WEST,EKPC,EKPC,1542.927,True
12/17/2025 6:00:00 PM,12/17/2025 1:00:00 PM,SERC,WEST,EKPC,EKPC,1491.388,True
12/17/2025 7:00:00 PM,12/17/2025 2:00:00 PM,SERC,WEST,EKPC,EKPC,1527.837,True
12/17/2025 8:00:00 PM,12/17/2025 3:00:00 PM,SERC,WEST,EKPC,EKPC,1521.553,True
12/17/2025 9:00:00 PM,12/17/2025 4:00:00 PM,SERC,WEST,EKPC,EKPC,1579.862,True
12/17/2025 10:00:00 PM,12/17/2025 5:00:00 PM,SERC,WEST,EKPC,EKPC,1664.375,True
12/17/2025 11:00:00 PM,12/17/2025 6:00:00 PM,SERC,WEST,EKPC,EKPC,1694.667,True
12/18/2025 12:00:00 AM,12/17/2025 7:00:00 PM,SERC,WEST,EKPC,EKPC,1761.469,True
12/18/2025 1:00:00 AM,12/17/2025 8:00:00 PM,SERC,WEST,EKPC,EKPC,1850.040,True
12/18/2025 2:00:00 AM,12/17/2025 9:00:00 PM,SERC,WEST,EKPC,EKPC,1777.380,True
12/18/2025 3:00:00 AM,12/17/2025 10:00:00 PM,SERC,WEST,EKPC,EKPC,1782.018,True
12/18/2025 4:00:00 AM,12/17/2025 11:00:00 PM,SERC,WEST,EKPC,EKPC,1754.585,True
12/18/2025 5:00:00 AM,12/18/2025 12:00:00 AM,SERC,WEST,EKPC,EKPC,1698.227,True
12/18/2025 6:00:00 AM,12/18/2025 1:00:00 AM,SERC,WEST,EKPC,EKPC,1748.776,True
12/18/2025 7:00:00 AM,12/18/2025 2:00:00 AM,SERC,WEST,EKPC,EKPC,1719.109,True
12/18/2025 8:00:00 AM,12/18/2025 3:00:00 AM,SERC,WEST,EKPC,EKPC,1725.297,True
12/18/2025 9:00:00 AM,12/18/2025 4:00:00 AM,SERC,WEST,EKPC,EKPC,1757.237,True
12/18/2025 10:00:00 AM,12/18/2025 5:00:00 AM,SERC,WEST,EKPC,EKPC,1849.473,True
12/18/2025 11:00:00 AM,12/18/2025 6:00:00 AM,SERC,WEST,EKPC,EKPC,1977.358,True
12/18/2025 12:00:00 PM,12/18/2025 7:00:00 AM,SERC,WEST,EKPC,EKPC,1971.850,True
12/18/2025 1:00:00 PM,12/18/2025 8:00:00 AM,SERC,WEST,EKPC,EKPC,1875.887,True
12/18/2025 2:00:00 PM,12/18/2025 9:00:00 AM,SERC,WEST,EKPC,EKPC,1727.008,True
12/18/2025 3:00:00 PM,12/18/2025 10:00:00 AM,SERC,WEST,EKPC,EKPC,1717.671,True
12/18/2025 4:00:00 PM,12/18/2025 11:00:00 AM,SERC,WEST,EKPC,EKPC,1796.684,True
12/18/2025 5:00:00 PM,12/18/2025 12:00:00 PM,SERC,WEST,EKPC,EKPC,1760.295,True
12/18/2025 6:00:00 PM,12/18/2025 1:00:00 PM,SERC,WEST,EKPC,EKPC,1784.472,True
12/18/2025 7:00:00 PM,12/18/2025 2:00:00 PM,SERC,WEST,EKPC,EKPC,1719.787,True
12/18/2025 8:00:00 PM,12/18/2025 3:00:00 PM,SERC,WEST,EKPC,EKPC,1729.709,True
12/18/2025 9:00:00 PM,12/18/2025 4:00:00 PM,SERC,WEST,EKPC,EKPC,1727.277,True
12/18/2025 10:00:00 PM,12/18/2025 5:00:00 PM,SERC,WEST,EKPC,EKPC,1790.510,True
12/18/2025 11:00:00 PM,12/18/2025 6:00:00 PM,SERC,WEST,EKPC,EKPC,1780.571,True
12/19/2025 12:00:00 AM,12/18/2025 7:00:00 PM,SERC,WEST,EKPC,EKPC,1766.204,True
12/19/2025 1:00:00 AM,12/18/2025 8:00:00 PM,SERC,WEST,EKPC,EKPC,1763.899,True
12/19/2025 2:00:00 AM,12/18/2025 9:00:00 PM,SERC,WEST,EKPC,EKPC,1683.823,True
12/19/2025 3:00:00 AM,12/18/2025 10:00:00 PM,SERC,WEST,EKPC,EKPC,1642.467,True
12/19/2025 4:00:00 AM,12/18/2025 11:00:00 PM,SERC,WEST,EKPC,EKPC,1594.685,True
12/19/2025 5:00:00 AM,12/19/2025 12:00:00 AM,SERC,WEST,EKPC,EKPC,1485.396,True
12/19/2025 6:00:00 AM,12/19/2025 1:00:00 AM,SERC,WEST,EKPC,EKPC,1574.497,True
12/19/2025 7:00:00 AM,12/19/2025 2:00:00 AM,SERC,WEST,EKPC,EKPC,1622.676,True
12/19/2025 8:00:00 AM,12/19/2025 3:00:00 AM,SERC,WEST,EKPC,EKPC,1692.755,True
12/19/2025 9:00:00 AM,12/19/2025 4:00:00 AM,SERC,WEST,EKPC,EKPC,1770.940,True
12/19/2025 10:00:00 AM,12/19/2025 5:00:00 AM,SERC,WEST,EKPC,EKPC,1979.935,True
12/19/2025 11:00:00 AM,12/19/2025 6:00:00 AM,SERC,WEST,EKPC,EKPC,2154.829,True
12/19/2025 12:00:00 PM,12/19/2025 7:00:00 AM,SERC,WEST,EKPC,EKPC,2293.081,True
12/19/2025 1:00:00 PM,12/19/2025 8:00:00 AM,SERC,WEST,EKPC,EKPC,2339.704,True
12/19/2025 2:00:00 PM,12/19/2025 9:00:00 AM,SERC,WEST,EKPC,EKPC,2365.125,True
12/19/2025 3:00:00 PM,12/19/2025 10:00:00 AM,SERC,WEST,EKPC,EKPC,2388.059,True
12/19/2025 4:00:00 PM,12/19/2025 11:00:00 AM,SERC,WEST,EKPC,EKPC,2296.088,True
12/19/2025 5:00:00 PM,12/19/2025 12:00:00 PM,SERC,WEST,EKPC,EKPC,2162.834,True
12/19/2025 6:00:00 PM,12/19/2025 1:00:00 PM,SERC,WEST,EKPC,EKPC,2049.815,True
12/19/2025 7:00:00 PM,12/19/2025 2:00:00 PM,SERC,WEST,EKPC,EKPC,1892.974,True
12/19/2025 8:00:00 PM,12/19/2025 3:00:00 PM,SERC,WEST,EKPC,EKPC,1964.167,True
12/19/2025 9:00:00 PM,12/19/2025 4:00:00 PM,SERC,WEST,EKPC,EKPC,2064.103,True
12/19/2025 10:00:00 PM,12/19/2025 5:00:00 PM,SERC,WEST,EKPC,EKPC,2172.376,True
12/19/2025 11:00:00 PM,12/19/2025 6:00:00 PM,SERC,WEST,EKPC,EKPC,2257.522,True
12/20/2025 12:00:00 AM,12/19/2025 7:00:00 PM,SERC,WEST,EKPC,EKPC,2304.087,True
12/20/2025 1:00:00 AM,12/19/2025 8:00:00 PM,SERC,WEST,EKPC,EKPC,2230.588,True
12/20/2025 2:00:00 AM,12/19/2025 9:00:00 PM,SERC,WEST,EKPC,EKPC,2216.152,True
12/20/2025 3:00:00 AM,12/19/2025 10:00:00 PM,SERC,WEST,EKPC,EKPC,2235.127,True
12/20/2025 4:00:00 AM,12/19/2025 11:00:00 PM,SERC,WEST,EKPC,EKPC,2231.288,True
12/20/2025 5:00:00 AM,12/20/2025 12:00:00 AM,SERC,WEST,EKPC,EKPC,2280.133,True
12/20/2025 6:00:00 AM,12/20/2025 1:00:00 AM,SERC,WEST,EKPC,EKPC,2261.619,True
12/20/2025 7:00:00 AM,12/20/2025 2:00:00 AM,SERC,WEST,EKPC,EKPC,2222.941,True
12/20/2025 8:00:00 AM,12/20/2025 3:00:00 AM,SERC,WEST,EKPC,EKPC,2287.406,True
12/20/2025 9:00:00 AM,12/20/2025 4:00:00 AM,SERC,WEST,EKPC,EKPC,2314.838,True
12/20/2025 10:00:00 AM,12/20/2025 5:00:00 AM,SERC,WEST,EKPC,EKPC,2389.038,True
12/20/2025 11:00:00 AM,12/20/2025 6:00:00 AM,SERC,WEST,EKPC,EKPC,2390.867,True
12/20/2025 12:00:00 PM,12/20/2025 7:00:00 AM,SERC,WEST,EKPC,EKPC,2455.313,True
12/20/2025 1:00:00 PM,12/20/2025 8:00:00 AM,SERC,WEST,EKPC,EKPC,2464.318,True
12/20/2025 2:00:00 PM,12/20/2025 9:00:00 AM,SERC,WEST,EKPC,EKPC,2338.218,True
12/20/2025 3:00:00 PM,12/20/2025 10:00:00 AM,SERC,WEST,EKPC,EKPC,2129.394,True
12/20/2025 4:00:00 PM,12/20/2025 11:00:00 AM,SERC,WEST,EKPC,EKPC,1988.093,True
12/20/2025 5:00:00 PM,12/20/2025 12:00:00 PM,SERC,WEST,EKPC,EKPC,1842.606,True
12/20/2025 6:00:00 PM,12/20/2025 1:00:00 PM,SERC,WEST,EKPC,EKPC,1702.971,True
12/20/2025 7:00:00 PM,12/20/2025 2:00:00 PM,SERC,WEST,EKPC,EKPC,1616.084,True
12/20/2025 8:00:00 PM,12/20/2025 3:00:00 PM,SERC,WEST,EKPC,EKPC,1630.283,True
12/20/2025 9:00:00 PM,12/20/2025 4:00:00 PM,SERC,WEST,EKPC,EKPC,1599.428,True
12/20/2025 10:00:00 PM,12/20/2025 5:00:00 PM,SERC,WEST,EKPC,EKPC,1695.592,True
12/20/2025 11:00:00 PM,12/20/2025 6:00:00 PM,SERC,WEST,EKPC,EKPC,1656.572,True
12/21/2025 12:00:00 AM,12/20/2025 7:00:00 PM,SERC,WEST,EKPC,EKPC,1675.283,True
12/21/2025 1:00:00 AM,12/20/2025 8:00:00 PM,SERC,WEST,EKPC,EKPC,1746.113,True
12/21/2025 2:00:00 AM,12/20/2025 9:00:00 PM,SERC,WEST,EKPC,EKPC,1771.207,True
12/21/2025 3:00:00 AM,12/20/2025 10:00:00 PM,SERC,WEST,EKPC,EKPC,1769.270,True
12/21/2025 4:00:00 AM,12/20/2025 11:00:00 PM,SERC,WEST,EKPC,EKPC,1750.338,True
12/21/2025 5:00:00 AM,12/21/2025 12:00:00 AM,SERC,WEST,EKPC,EKPC,1702.552,True
12/21/2025 6:00:00 AM,12/21/2025 1:00:00 AM,SERC,WEST,EKPC,EKPC,1710.662,True
12/21/2025 7:00:00 AM,12/21/2025 2:00:00 AM,SERC,WEST,EKPC,EKPC,1693.897,True
12/21/2025 8:00:00 AM,12/21/2025 3:00:00 AM,SERC,WEST,EKPC,EKPC,1706.447,True
12/21/2025 9:00:00 AM,12/21/2025 4:00:00 AM,SERC,WEST,EKPC,EKPC,1735.891,True
12/21/2025 10:00:00 AM,12/21/2025 5:00:00 AM,SERC,WEST,EKPC,EKPC,1765.488,True
12/21/2025 11:00:00 AM,12/21/2025 6:00:00 AM,SERC,WEST,EKPC,EKPC,1846.017,True
12/21/2025 12:00:00 PM,12/21/2025 7:00:00 AM,SERC,WEST,EKPC,EKPC,1959.802,True
12/21/2025 1:00:00 PM,12/21/2025 8:00:00 AM,SERC,WEST,EKPC,EKPC,2001.518,True
12/21/2025 2:00:00 PM,12/21/2025 9:00:00 AM,SERC,WEST,EKPC,EKPC,2039.401,True
12/21/2025 3:00:00 PM,12/21/2025 10:00:00 AM,SERC,WEST,EKPC,EKPC,1873.921,True
12/21/2025 4:00:00 PM,12/21/2025 11:00:00 AM,SERC,WEST,EKPC,EKPC,1638.759,True
12/21/2025 5:00:00 PM,12/21/2025 12:00:00 PM,SERC,WEST,EKPC,EKPC,1737.842,True
12/21/2025 6:00:00 PM,12/21/2025 1:00:00 PM,SERC,WEST,EKPC,EKPC,1663.573,True
12/21/2025 7:00:00 PM,12/21/2025 2:00:00 PM,SERC,WEST,EKPC,EKPC,1636.328,True
12/21/2025 8:00:00 PM,12/21/2025 3:00:00 PM,SERC,WEST,EKPC,EKPC,1695.282,True
12/21/2025 9:00:00 PM,12/21/2025 4:00:00 PM,SERC,WEST,EKPC,EKPC,1742.896,True
12/21/2025 10:00:00 PM,12/21/2025 5:00:00 PM,SERC,WEST,EKPC,EKPC,1853.500,True
12/21/2025 11:00:00 PM,12/21/2025 6:00:00 PM,SERC,WEST,EKPC,EKPC,2005.487,True
12/22/2025 12:00:00 AM,12/21/2025 7:00:00 PM,SERC,WEST,EKPC,EKPC,2053.705,True
12/22/2025 1:00:00 AM,12/21/2025 8:00:00 PM,SERC,WEST,EKPC,EKPC,2143.671,True
12/22/2025 2:00:00 AM,12/21/2025 9:00:00 PM,SERC,WEST,EKPC,EKPC,2134.986,True
12/22/2025 3:00:00 AM,12/21/2025 10:00:00 PM,SERC,WEST,EKPC,EKPC,2121.842,True
12/22/2025 4:00:00 AM,12/21/2025 11:00:00 PM,SERC,WEST,EKPC,EKPC,2039.097,True
12/22/2025 5:00:00 AM,12/22/2025 12:00:00 AM,SERC,WEST,EKPC,EKPC,2027.281,True
12/22/2025 6:00:00 AM,12/22/2025 1:00:00 AM,SERC,WEST,EKPC,EKPC,2104.661,True
12/22/2025 7:00:00 AM,12/22/2025 2:00:00 AM,SERC,WEST,EKPC,EKPC,2006.182,True
12/22/2025 8:00:00 AM,12/22/2025 3:00:00 AM,SERC,WEST,EKPC,EKPC,2042.726,True
12/22/2025 9:00:00 AM,12/22/2025 4:00:00 AM,SERC,WEST,EKPC,EKPC,2080.008,True
12/22/2025 10:00:00 AM,12/22/2025 5:00:00 AM,SERC,WEST,EKPC,EKPC,2295.987,True
12/22/2025 11:00:00 AM,12/22/2025 6:00:00 AM,SERC,WEST,EKPC,EKPC,2406.750,True
12/22/2025 12:00:00 PM,12/22/2025 7:00:00 AM,SERC,WEST,EKPC,EKPC,2516.907,True
12/22/2025 1:00:00 PM,12/22/2025 8:00:00 AM,SERC,WEST,EKPC,EKPC,2483.406,True
12/22/2025 2:00:00 PM,12/22/2025 9:00:00 AM,SERC,WEST,EKPC,EKPC,2356.683,True
12/22/2025 3:00:00 PM,12/22/2025 10:00:00 AM,SERC,WEST,EKPC,EKPC,2173.059,True
12/22/2025 4:00:00 PM,12/22/2025 11:00:00 AM,SERC,WEST,EKPC,EKPC,1959.215,True
12/22/2025 5:00:00 PM,12/22/2025 12:00:00 PM,SERC,WEST,EKPC,EKPC,1885.039,True
12/22/2025 6:00:00 PM,12/22/2025 1:00:00 PM,SERC,WEST,EKPC,EKPC,1803.563,True
12/22/2025 7:00:00 PM,12/22/2025 2:00:00 PM,SERC,WEST,EKPC,EKPC,1777.323,True
12/22/2025 8:00:00 PM,12/22/2025 3:00:00 PM,SERC,WEST,EKPC,EKPC,1776.667,True
12/22/2025 9:00:00 PM,12/22/2025 4:00:00 PM,SERC,WEST,EKPC,EKPC,1750.193,True
12/22/2025 10:00:00 PM,12/22/2025 5:00:00 PM,SERC,WEST,EKPC,EKPC,1781.718,True
12/22/2025 11:00:00 PM,12/22/2025 6:00:00 PM,SERC,WEST,EKPC,EKPC,1827.146,True
12/23/2025 12:00:00 AM,12/22/2025 7:00:00 PM,SERC,WEST,EKPC,EKPC,1808.942,True
12/23/2025 1:00:00 AM,12/22/2025 8:00:00 PM,SERC,WEST,EKPC,EKPC,1723.969,True
12/23/2025 2:00:00 AM,12/22/2025 9:00:00 PM,SERC,WEST,EKPC,EKPC,1613.613,True
12/23/2025 3:00:00 AM,12/22/2025 10:00:00 PM,SERC,WEST,EKPC,EKPC,1538.283,True
12/23/2025 4:00:00 AM,12/22/2025 11:00:00 PM,SERC,WEST,EKPC,EKPC,1475.134,True
12/23/2025 5:00:00 AM,12/23/2025 12:00:00 AM,SERC,WEST,EKPC,EKPC,1540.372,True
12/23/2025 6:00:00 AM,12/23/2025 1:00:00 AM,SERC,WEST,EKPC,EKPC,1453.572,True
12/23/2025 7:00:00 AM,12/23/2025 2:00:00 AM,SERC,WEST,EKPC,EKPC,1494.279,True
12/23/2025 8:00:00 AM,12/23/2025 3:00:00 AM,SERC,WEST,EKPC,EKPC,1441.632,True
12/23/2025 9:00:00 AM,12/23/2025 4:00:00 AM,SERC,WEST,EKPC,EKPC,1459.733,True
12/23/2025 10:00:00 AM,12/23/2025 5:00:00 AM,SERC,WEST,EKPC,EKPC,1470.884,True
12/23/2025 11:00:00 AM,12/23/2025 6:00:00 AM,SERC,WEST,EKPC,EKPC,1562.871,True
12/23/2025 12:00:00 PM,12/23/2025 7:00:00 AM,SERC,WEST,EKPC,EKPC,1584.384,True
12/23/2025 1:00:00 PM,12/23/2025 8:00:00 AM,SERC,WEST,EKPC,EKPC,1635.441,True
12/23/2025 2:00:00 PM,12/23/2025 9:00:00 AM,SERC,WEST,EKPC,EKPC,1636.379,True
12/23/2025 3:00:00 PM,12/23/2025 10:00:00 AM,SERC,WEST,EKPC,EKPC,1639.079,True
12/23/2025 4:00:00 PM,12/23/2025 11:00:00 AM,SERC,WEST,EKPC,EKPC,1632.985,True
12/23/2025 5:00:00 PM,12/23/2025 12:00:00 PM,SERC,WEST,EKPC,EKPC,1533.074,True
12/23/2025 6:00:00 PM,12/23/2025 1:00:00 PM,SERC,WEST,EKPC,EKPC,1585.451,True
12/23/2025 7:00:00 PM,12/23/2025 2:00:00 PM,SERC,WEST,EKPC,EKPC,1506.713,True
12/23/2025 8:00:00 PM,12/23/2025 3:00:00 PM,SERC,WEST,EKPC,EKPC,1552.178,True
12/23/2025 9:00:00 PM,12/23/2025 4:00:00 PM,SERC,WEST,EKPC,EKPC,1554.603,True
12/23/2025 10:00:00 PM,12/23/2025 5:00:00 PM,SERC,WEST,EKPC,EKPC,1531.073,True
12/23/2025 11:00:00 PM,12/23/2025 6:00:00 PM,SERC,WEST,EKPC,EKPC,1598.426,True
12/24/2025 12:00:00 AM,12/23/2025 7:00:00 PM,SERC,WEST,EKPC,EKPC,1554.211,True
12/24/2025 1:00:00 AM,12/23/2025 8:00:00 PM,SERC,WEST,EKPC,EKPC,1525.770,True
12/24/2025 2:00:00 AM,12/23/2025 9:00:00 PM,SERC,WEST,EKPC,EKPC,1513.452,True
12/24/2025 3:00:00 AM,12/23/2025 10:00:00 PM,SERC,WEST,EKPC,EKPC,1379.088,True
12/24/2025 4:00:00 AM,12/23/2025 11:00:00 PM,SERC,WEST,EKPC,EKPC,1326.511,True
12/24/2025 5:00:00 AM,12/24/2025 12:00:00 AM,SERC,WEST,EKPC,EKPC,1232.216,True
12/24/2025 6:00:00 AM,12/24/2025 1:00:00 AM,SERC,WEST,EKPC,EKPC,1283.331,True
12/24/2025 7:00:00 AM,12/24/2025 2:00:00 AM,SERC,WEST,EKPC,EKPC,1186.554,True
12/24/2025 8:00:00 AM,12/24/2025 3:00:00 AM,SERC,WEST,EKPC,EKPC,1197.002,True
12/24/2025 9:00:00 AM,12/24/2025 4:00:00 AM,SERC,WEST,EKPC,EKPC,1255.357,True
12/24/2025 10:00:00 AM,12/24/2025 5:00:00 AM,SERC,WEST,EKPC,EKPC,1278.599,True
12/24/2025 11:00:00 AM,12/24/2025 6:00:00 AM,SERC,WEST,EKPC,EKPC,1328.193,True
12/24/2025 12:00:00 PM,12/24/2025 7:00:00 AM,SERC,WEST,EKPC,EKPC,1409.571,True
12/24/2025 1:00:00 PM,12/24/2025 8:00:00 AM,SERC,WEST,EKPC,EKPC,1470.661,True
12/24/2025 2:00:00 PM,12/24/2025 9:00:00 AM,SERC,WEST,EKPC,EKPC,1543.342,True
12/24/2025 3:00:00 PM,12/24/2025 10:00:00 AM,SERC,WEST,EKPC,EKPC,1487.084,True
12/24/2025 4:00:00 PM,12/24/2025 11:00:00 AM,SERC,WEST,EKPC,EKPC,1490.549,True
12/24/2025 5:00:00 PM,12/24/2025 12:00:00 PM,SERC,WEST,EKPC,EKPC,1437.424,True
12/24/2025 6:00:00 PM,12/24/2025 1:00:00 PM,SERC,WEST,EKPC,EKPC,1316.896,True
12/24/2025 7:00:00 PM,12/24/2025 2:00:00 PM,SERC,WEST,EKPC,EKPC,1330.102,True
12/24/2025 8:00:00 PM,12/24/2025 3:00:00 PM,SERC,WEST,EKPC,EKPC,1271.942,True
12/24/2025 9:00:00 PM,12/24/2025 4:00:00 PM,SERC,WEST,EKPC,EKPC,1262.745,True
12/24/2025 10:00:00 PM,12/24/2025 5:00:00 PM,SERC,WEST,EKPC,EKPC,1243.142,True
12/24/2025 11:00:00 PM,12/24/2025 6:00:00 PM,SERC,WEST,EKPC,EKPC,1259.015,True
12/25/2025 12:00:00 AM,12/24/2025 7:00:00 PM,SERC,WEST,EKPC,EKPC,1238.132,True
12/25/2025 1:00:00 AM,12/24/2025 8:00:00 PM,SERC,WEST,EKPC,EKPC,1235.350,True
12/25/2025 2:00:00 AM,12/24/2025 9:00:00 PM,SERC,WEST,EKPC,EKPC,1210.782,True
12/25/2025 3:00:00 AM,12/24/2025 10:00:00 PM,SERC,WEST,EKPC,EKPC,1189.740,True
12/25/2025 4:00:00 AM,12/24/2025 11:00:00 PM,SERC,WEST,EKPC,EKPC,1129.681,True
12/25/2025 5:00:00 AM,12/25/2025 12:00:00 AM,SERC,WEST,EKPC,EKPC,1067.870,True
12/25/2025 6:00:00 AM,12/25/2025 1:00:00 AM,SERC,WEST,EKPC,EKPC,1053.208,True
12/25/2025 7:00:00 AM,12/25/2025 2:00:00 AM,SERC,WEST,EKPC,EKPC,1021.707,True
12/25/2025 8:00:00 AM,12/25/2025 3:00:00 AM,SERC,WEST,EKPC,EKPC,983.265,True
12/25/2025 9:00:00 AM,12/25/2025 4:00:00 AM,SERC,WEST,EKPC,EKPC,993.738,True
12/25/2025 10:00:00 AM,12/25/2025 5:00:00 AM,SERC,WEST,EKPC,EKPC,986.262,True
12/25/2025 11:00:00 AM,12/25/2025 6:00:00 AM,SERC,WEST,EKPC,EKPC,1019.270,True
12/25/2025 12:00:00 PM,12/25/2025 7:00:00 AM,SERC,WEST,EKPC,EKPC,1079.400,True
12/25/2025 1:00:00 PM,12/25/2025 8:00:00 AM,SERC,WEST,EKPC,EKPC,1163.432,True
12/25/2025 2:00:00 PM,12/25/2025 9:00:00 AM,SERC,WEST,EKPC,EKPC,1244.972,True
12/25/2025 3:00:00 PM,12/25/2025 10:00:00 AM,SERC,WEST,EKPC,EKPC,1283.470,True
12/25/2025 4:00:00 PM,12/25/2025 11:00:00 AM,SERC,WEST,EKPC,EKPC,1301.635,True
12/25/2025 5:00:00 PM,12/25/2025 12:00:00 PM,SERC,WEST,EKPC,EKPC,1278.076,True
12/25/2025 6:00:00 PM,12/25/2025 1:00:00 PM,SERC,WEST,EKPC,EKPC,1237.040,True
12/25/2025 7:00:00 PM,12/25/2025 2:00:00 PM,SERC,WEST,EKPC,EKPC,1206.669,True
12/25/2025 8:00:00 PM,12/25/2025 3:00:00 PM,SERC,WEST,EKPC,EKPC,1191.027,True
12/25/2025 9:00:00 PM,12/25/2025 4:00:00 PM,SERC,WEST,EKPC,EKPC,1180.210,True
12/25/2025 10:00:00 PM,12/25/2025 5:00:00 PM,SERC,WEST,EKPC,EKPC,1166.318,True
12/25/2025 11:00:00 PM,12/25/2025 6:00:00 PM,SERC,WEST,EKPC,EKPC,1270.579,True
12/26/2025 12:00:00 AM,12/25/2025 7:00:00 PM,SERC,WEST,EKPC,EKPC,1307.149,True
12/26/2025 1:00:00 AM,12/25/2025 8:00:00 PM,SERC,WEST,EKPC,EKPC,1290.884,True
12/26/2025 2:00:00 AM,12/25/2025 9:00:00 PM,SERC,WEST,EKPC,EKPC,1255.763,True
12/26/2025 3:00:00 AM,12/25/2025 10:00:00 PM,SERC,WEST,EKPC,EKPC,1169.184,True
12/26/2025 4:00:00 AM,12/25/2025 11:00:00 PM,SERC,WEST,EKPC,EKPC,1172.560,True
12/26/2025 5:00:00 AM,12/26/2025 12:00:00 AM,SERC,WEST,EKPC,EKPC,1182.920,True
12/26/2025 6:00:00 AM,12/26/2025 1:00:00 AM,SERC,WEST,EKPC,EKPC,1209.069,True
12/26/2025 7:00:00 AM,12/26/2025 2:00:00 AM,SERC,WEST,EKPC,EKPC,1172.137,True
12/26/2025 8:00:00 AM,12/26/2025 3:00:00 AM,SERC,WEST,EKPC,EKPC,1189.388,True
12/26/2025 9:00:00 AM,12/26/2025 4:00:00 AM,SERC,WEST,EKPC,EKPC,1172.958,True
12/26/2025 10:00:00 AM,12/26/2025 5:00:00 AM,SERC,WEST,EKPC,EKPC,1207.711,True
12/26/2025 11:00:00 AM,12/26/2025 6:00:00 AM,SERC,WEST,EKPC,EKPC,1157.425,True
12/26/2025 12:00:00 PM,12/26/2025 7:00:00 AM,SERC,WEST,EKPC,EKPC,1265.382,True
12/26/2025 1:00:00 PM,12/26/2025 8:00:00 AM,SERC,WEST,EKPC,EKPC,1348.839,True
12/26/2025 2:00:00 PM,12/26/2025 9:00:00 AM,SERC,WEST,EKPC,EKPC,1402.693,True
12/26/2025 3:00:00 PM,12/26/2025 10:00:00 AM,SERC,WEST,EKPC,EKPC,1418.853,True
12/26/2025 4:00:00 PM,12/26/2025 11:00:00 AM,SERC,WEST,EKPC,EKPC,1428.067,True
12/26/2025 5:00:00 PM,12/26/2025 12:00:00 PM,SERC,WEST,EKPC,EKPC,1454.945,True
12/26/2025 6:00:00 PM,12/26/2025 1:00:00 PM,SERC,WEST,EKPC,EKPC,1443.264,True
12/26/2025 7:00:00 PM,12/26/2025 2:00:00 PM,SERC,WEST,EKPC,EKPC,1316.334,True
12/26/2025 8:00:00 PM,12/26/2025 3:00:00 PM,SERC,WEST,EKPC,EKPC,1428.829,True
12/26/2025 9:00:00 PM,12/26/2025 4:00:00 PM,SERC,WEST,EKPC,EKPC,1410.799,True
12/26/2025 10:00:00 PM,12/26/2025 5:00:00 PM,SERC,WEST,EKPC,EKPC,1444.325,True
12/26/2025 11:00:00 PM,12/26/2025 6:00:00 PM,SERC,WEST,EKPC,EKPC,1294.888,True
12/27/2025 12:00:00 AM,12/26/2025 7:00:00 PM,SERC,WEST,EKPC,EKPC,1270.962,True
12/27/2025 1:00:00 AM,12/26/2025 8:00:00 PM,SERC,WEST,EKPC,EKPC,1292.686,True
12/27/2025 2:00:00 AM,12/26/2025 9:00:00 PM,SERC,WEST,EKPC,EKPC,1218.838,True
12/27/2025 3:00:00 AM,12/26/2025 10:00:00 PM,SERC,WEST,EKPC,EKPC,1139.472,True
12/27/2025 4:00:00 AM,12/26/2025 11:00:00 PM,SERC,WEST,EKPC,EKPC,1092.583,True
12/27/2025 5:00:00 AM,12/27/2025 12:00:00 AM,SERC,WEST,EKPC,EKPC,1052.694,True
12/27/2025 6:00:00 AM,12/27/2025 1:00:00 AM,SERC,WEST,EKPC,EKPC,1030.545,True
12/27/2025 7:00:00 AM,12/27/2025 2:00:00 AM,SERC,WEST,EKPC,EKPC,1026.405,True
12/27/2025 8:00:00 AM,12/27/2025 3:00:00 AM,SERC,WEST,EKPC,EKPC,999.614,True
12/27/2025 9:00:00 AM,12/27/2025 4:00:00 AM,SERC,WEST,EKPC,EKPC,1132.057,True
12/27/2025 10:00:00 AM,12/27/2025 5:00:00 AM,SERC,WEST,EKPC,EKPC,1122.223,True
12/27/2025 11:00:00 AM,12/27/2025 6:00:00 AM,SERC,WEST,EKPC,EKPC,1167.110,True
12/27/2025 12:00:00 PM,12/27/2025 7:00:00 AM,SERC,WEST,EKPC,EKPC,1294.034,True
12/27/2025 1:00:00 PM,12/27/2025 8:00:00 AM,SERC,WEST,EKPC,EKPC,1353.175,True
12/27/2025 2:00:00 PM,12/27/2025 9:00:00 AM,SERC,WEST,EKPC,EKPC,1345.305,True
12/27/2025 3:00:00 PM,12/27/2025 10:00:00 AM,SERC,WEST,EKPC,EKPC,1406.874,True
12/27/2025 4:00:00 PM,12/27/2025 11:00:00 AM,SERC,WEST,EKPC,EKPC,1392.053,True
12/27/2025 5:00:00 PM,12/27/2025 12:00:00 PM,SERC,WEST,EKPC,EKPC,1397.843,True
12/27/2025 6:00:00 PM,12/27/2025 1:00:00 PM,SERC,WEST,EKPC,EKPC,1434.167,True
12/27/2025 7:00:00 PM,12/27/2025 2:00:00 PM,SERC,WEST,EKPC,EKPC,1384.374,True
12/27/2025 8:00:00 PM,12/27/2025 3:00:00 PM,SERC,WEST,EKPC,EKPC,1301.289,True
12/27/2025 9:00:00 PM,12/27/2025 4:00:00 PM,SERC,WEST,EKPC,EKPC,1383.948,True
12/27/2025 10:00:00 PM,12/27/2025 5:00:00 PM,SERC,WEST,EKPC,EKPC,1391.272,True
12/27/2025 11:00:00 PM,12/27/2025 6:00:00 PM,SERC,WEST,EKPC,EKPC,1450.704,True
12/28/2025 12:00:00 AM,12/27/2025 7:00:00 PM,SERC,WEST,EKPC,EKPC,1397.868,True
12/28/2025 1:00:00 AM,12/27/2025 8:00:00 PM,SERC,WEST,EKPC,EKPC,1369.552,True
12/28/2025 2:00:00 AM,12/27/2025 9:00:00 PM,SERC,WEST,EKPC,EKPC,1289.565,True
12/28/2025 3:00:00 AM,12/27/2025 10:00:00 PM,SERC,WEST,EKPC,EKPC,1282.717,True
12/28/2025 4:00:00 AM,12/27/2025 11:00:00 PM,SERC,WEST,EKPC,EKPC,1254.705,True
12/28/2025 5:00:00 AM,12/28/2025 12:00:00 AM,SERC,WEST,EKPC,EKPC,1205.787,True
12/28/2025 6:00:00 AM,12/28/2025 1:00:00 AM,SERC,WEST,EKPC,EKPC,1194.886,True
12/28/2025 7:00:00 AM,12/28/2025 2:00:00 AM,SERC,WEST,EKPC,EKPC,1168.780,True
12/28/2025 8:00:00 AM,12/28/2025 3:00:00 AM,SERC,WEST,EKPC,EKPC,1148.491,True
12/28/2025 9:00:00 AM,12/28/2025 4:00:00 AM,SERC,WEST,EKPC,EKPC,1133.256,True
12/28/2025 10:00:00 AM,12/28/2025 5:00:00 AM,SERC,WEST,EKPC,EKPC,1145.118,True
12/28/2025 11:00:00 AM,12/28/2025 6:00:00 AM,SERC,WEST,EKPC,EKPC,1035.977,True
12/28/2025 12:00:00 PM,12/28/2025 7:00:00 AM,SERC,WEST,EKPC,EKPC,1197.954,True
12/28/2025 1:00:00 PM,12/28/2025 8:00:00 AM,SERC,WEST,EKPC,EKPC,1325.396,True
12/28/2025 2:00:00 PM,12/28/2025 9:00:00 AM,SERC,WEST,EKPC,EKPC,1387.690,True
12/28/2025 3:00:00 PM,12/28/2025 10:00:00 AM,SERC,WEST,EKPC,EKPC,1394.102,True
12/28/2025 4:00:00 PM,12/28/2025 11:00:00 AM,SERC,WEST,EKPC,EKPC,1338.764,True
12/28/2025 5:00:00 PM,12/28/2025 12:00:00 PM,SERC,WEST,EKPC,EKPC,1356.911,True
12/28/2025 6:00:00 PM,12/28/2025 1:00:00 PM,SERC,WEST,EKPC,EKPC,1293.236,True
12/28/2025 7:00:00 PM,12/28/2025 2:00:00 PM,SERC,WEST,EKPC,EKPC,1310.995,True
12/28/2025 8:00:00 PM,12/28/2025 3:00:00 PM,SERC,WEST,EKPC,EKPC,1272.413,True
12/28/2025 9:00:00 PM,12/28/2025 4:00:00 PM,SERC,WEST,EKPC,EKPC,1304.749,True
12/28/2025 10:00:00 PM,12/28/2025 5:00:00 PM,SERC,WEST,EKPC,EKPC,1322.824,True
12/28/2025 11:00:00 PM,12/28/2025 6:00:00 PM,SERC,WEST,EKPC,EKPC,1389.122,True
12/29/2025 12:00:00 AM,12/28/2025 7:00:00 PM,SERC,WEST,EKPC,EKPC,1344.024,True
12/29/2025 1:00:00 AM,12/28/2025 8:00:00 PM,SERC,WEST,EKPC,EKPC,1340.566,True
12/29/2025 2:00:00 AM,12/28/2025 9:00:00 PM,SERC,WEST,EKPC,EKPC,1255.464,True
12/29/2025 3:00:00 AM,12/28/2025 10:00:00 PM,SERC,WEST,EKPC,EKPC,1201.992,True
12/29/2025 4:00:00 AM,12/28/2025 11:00:00 PM,SERC,WEST,EKPC,EKPC,1150.973,True
12/29/2025 5:00:00 AM,12/29/2025 12:00:00 AM,SERC,WEST,EKPC,EKPC,1078.573,True
12/29/2025 6:00:00 AM,12/29/2025 1:00:00 AM,SERC,WEST,EKPC,EKPC,1123.198,True
12/29/2025 7:00:00 AM,12/29/2025 2:00:00 AM,SERC,WEST,EKPC,EKPC,1162.141,True
12/29/2025 8:00:00 AM,12/29/2025 3:00:00 AM,SERC,WEST,EKPC,EKPC,1192.075,True
12/29/2025 9:00:00 AM,12/29/2025 4:00:00 AM,SERC,WEST,EKPC,EKPC,1296.469,True
12/29/2025 10:00:00 AM,12/29/2025 5:00:00 AM,SERC,WEST,EKPC,EKPC,1453.863,True
12/29/2025 11:00:00 AM,12/29/2025 6:00:00 AM,SERC,WEST,EKPC,EKPC,1630.598,True
12/29/2025 12:00:00 PM,12/29/2025 7:00:00 AM,SERC,WEST,EKPC,EKPC,1838.691,True
12/29/2025 1:00:00 PM,12/29/2025 8:00:00 AM,SERC,WEST,EKPC,EKPC,2042.366,True
12/29/2025 2:00:00 PM,12/29/2025 9:00:00 AM,SERC,WEST,EKPC,EKPC,2069.697,True
12/29/2025 3:00:00 PM,12/29/2025 10:00:00 AM,SERC,WEST,EKPC,EKPC,2180.539,True
12/29/2025 4:00:00 PM,12/29/2025 11:00:00 AM,SERC,WEST,EKPC,EKPC,2173.038,True
12/29/2025 5:00:00 PM,12/29/2025 12:00:00 PM,SERC,WEST,EKPC,EKPC,2224.069,True
12/29/2025 6:00:00 PM,12/29/2025 1:00:00 PM,SERC,WEST,EKPC,EKPC,2245.199,True
12/29/2025 7:00:00 PM,12/29/2025 2:00:00 PM,SERC,WEST,EKPC,EKPC,2238.809,True
12/29/2025 8:00:00 PM,12/29/2025 3:00:00 PM,SERC,WEST,EKPC,EKPC,2280.222,True
12/29/2025 9:00:00 PM,12/29/2025 4:00:00 PM,SERC,WEST,EKPC,EKPC,2354.419,True
12/29/2025 10:00:00 PM,12/29/2025 5:00:00 PM,SERC,WEST,EKPC,EKPC,2427.535,True
12/29/2025 11:00:00 PM,12/29/2025 6:00:00 PM,SERC,WEST,EKPC,EKPC,2461.573,True
12/30/2025 12:00:00 AM,12/29/2025 7:00:00 PM,SERC,WEST,EKPC,EKPC,2515.686,True
12/30/2025 1:00:00 AM,12/29/2025 8:00:00 PM,SERC,WEST,EKPC,EKPC,2464.898,True
12/30/2025 2:00:00 AM,12/29/2025 9:00:00 PM,SERC,WEST,EKPC,EKPC,2438.419,True
12/30/2025 3:00:00 AM,12/29/2025 10:00:00 PM,SERC,WEST,EKPC,EKPC,2304.920,True
12/30/2025 4:00:00 AM,12/29/2025 11:00:00 PM,SERC,WEST,EKPC,EKPC,2266.770,True
12/30/2025 5:00:00 AM,12/30/2025 12:00:00 AM,SERC,WEST,EKPC,EKPC,2181.421,True
12/30/2025 6:00:00 AM,12/30/2025 1:00:00 AM,SERC,WEST,EKPC,EKPC,2226.688,True
12/30/2025 7:00:00 AM,12/30/2025 2:00:00 AM,SERC,WEST,EKPC,EKPC,2271.655,True
12/30/2025 8:00:00 AM,12/30/2025 3:00:00 AM,SERC,WEST,EKPC,EKPC,2298.609,True
12/30/2025 9:00:00 AM,12/30/2025 4:00:00 AM,SERC,WEST,EKPC,EKPC,2314.712,True
12/30/2025 10:00:00 AM,12/30/2025 5:00:00 AM,SERC,WEST,EKPC,EKPC,2366.444,True
12/30/2025 11:00:00 AM,12/30/2025 6:00:00 AM,SERC,WEST,EKPC,EKPC,2461.533,True
12/30/2025 12:00:00 PM,12/30/2025 7:00:00 AM,SERC,WEST,EKPC,EKPC,2524.024,True
12/30/2025 1:00:00 PM,12/30/2025 8:00:00 AM,SERC,WEST,EKPC,EKPC,2564.694,True
12/30/2025 2:00:00 PM,12/30/2025 9:00:00 AM,SERC,WEST,EKPC,EKPC,2548.644,True
12/30/2025 3:00:00 PM,12/30/2025 10:00:00 AM,SERC,WEST,EKPC,EKPC,2439.143,True
12/30/2025 4:00:00 PM,12/30/2025 11:00:00 AM,SERC,WEST,EKPC,EKPC,2388.883,True
12/30/2025 5:00:00 PM,12/30/2025 12:00:00 PM,SERC,WEST,EKPC,EKPC,2198.019,True
12/30/2025 6:00:00 PM,12/30/2025 1:00:00 PM,SERC,WEST,EKPC,EKPC,2041.037,True
12/30/2025 7:00:00 PM,12/30/2025 2:00:00 PM,SERC,WEST,EKPC,EKPC,2084.246,True
12/30/2025 8:00:00 PM,12/30/2025 3:00:00 PM,SERC,WEST,EKPC,EKPC,2097.842,True
12/30/2025 9:00:00 PM,12/30/2025 4:00:00 PM,SERC,WEST,EKPC,EKPC,2178.330,True
12/30/2025 10:00:00 PM,12/30/2025 5:00:00 PM,SERC,WEST,EKPC,EKPC,2299.760,True
12/30/2025 11:00:00 PM,12/30/2025 6:00:00 PM,SERC,WEST,EKPC,EKPC,2374.575,True
12/31/2025 12:00:00 AM,12/30/2025 7:00:00 PM,SERC,WEST,EKPC,EKPC,2388.298,True
12/31/2025 1:00:00 AM,12/30/2025 8:00:00 PM,SERC,WEST,EKPC,EKPC,2405.822,True
12/31/2025 2:00:00 AM,12/30/2025 9:00:00 PM,SERC,WEST,EKPC,EKPC,2369.604,True
12/31/2025 3:00:00 AM,12/30/2025 10:00:00 PM,SERC,WEST,EKPC,EKPC,2247.881,True
12/31/2025 4:00:00 AM,12/30/2025 11:00:00 PM,SERC,WEST,EKPC,EKPC,2159.417,True
12/31/2025 5:00:00 AM,12/31/2025 12:00:00 AM,SERC,WEST,EKPC,EKPC,2091.463,True
12/31/2025 6:00:00 AM,12/31/2025 1:00:00 AM,SERC,WEST,EKPC,EKPC,2155.445,True
12/31/2025 7:00:00 AM,12/31/2025 2:00:00 AM,SERC,WEST,EKPC,EKPC,2108.039,True
12/31/2025 8:00:00 AM,12/31/2025 3:00:00 AM,SERC,WEST,EKPC,EKPC,2041.950,True
12/31/2025 9:00:00 AM,12/31/2025 4:00:00 AM,SERC,WEST,EKPC,EKPC,2110.167,True
12/31/2025 10:00:00 AM,12/31/2025 5:00:00 AM,SERC,WEST,EKPC,EKPC,2157.029,True
12/31/2025 11:00:00 AM,12/31/2025 6:00:00 AM,SERC,WEST,EKPC,EKPC,2216.986,True
12/31/2025 12:00:00 PM,12/31/2025 7:00:00 AM,SERC,WEST,EKPC,EKPC,2242.050,True
12/31/2025 1:00:00 PM,12/31/2025 8:00:00 AM,SERC,WEST,EKPC,EKPC,2290.933,True
12/31/2025 2:00:00 PM,12/31/2025 9:00:00 AM,SERC,WEST,EKPC,EKPC,2196.044,True
12/31/2025 3:00:00 PM,12/31/2025 10:00:00 AM,SERC,WEST,EKPC,EKPC,2093.767,True
12/31/2025 4:00:00 PM,12/31/2025 11:00:00 AM,SERC,WEST,EKPC,EKPC,1981.202,True
12/31/2025 5:00:00 PM,12/31/2025 12:00:00 PM,SERC,WEST,EKPC,EKPC,1953.419,True
12/31/2025 6:00:00 PM,12/31/2025 1:00:00 PM,SERC,WEST,EKPC,EKPC,1836.978,True
12/31/2025 7:00:00 PM,12/31/2025 2:00:00 PM,SERC,WEST,EKPC,EKPC,1848.456,True
12/31/2025 8:00:00 PM,12/31/2025 3:00:00 PM,SERC,WEST,EKPC,EKPC,1902.388,True
12/31/2025 9:00:00 PM,12/31/2025 4:00:00 PM,SERC,WEST,EKPC,EKPC,1863.075,True
12/31/2025 10:00:00 PM,12/31/2025 5:00:00 PM,SERC,WEST,EKPC,EKPC,1885.884,True
12/31/2025 11:00:00 PM,12/31/2025 6:00:00 PM,SERC,WEST,EKPC,EKPC,1976.240,True
1/1/2026 12:00:00 AM,12/31/2025 7:00:00 PM,SERC,WEST,EKPC,EKPC,1945.389,True
1/1/2026 1:00:00 AM,12/31/2025 8:00:00 PM,SERC,WEST,EKPC,EKPC,1840.339,True
1/1/2026 2:00:00 AM,12/31/2025 9:00:00 PM,SERC,WEST,EKPC,EKPC,1805.314,True
1/1/2026 3:00:00 AM,12/31/2025 10:00:00 PM,SERC,WEST,EKPC,EKPC,1854.912,True
1/1/2026 4:00:00 AM,12/31/2025 11:00:00 PM,SERC,WEST,EKPC,EKPC,1891.397,True
2/1/2026 5:00:00 AM,2/1/2026 12:00:00 AM,SERC,WEST,EKPC,EKPC,2851.065,True
2/1/2026 6:00:00 AM,2/1/2026 1:00:00 AM,SERC,WEST,EKPC,EKPC,2860.869,True
2/1/2026 7:00:00 AM,2/1/2026 2:00:00 AM,SERC,WEST,EKPC,EKPC,2979.939,True
2/1/2026 8:00:00 AM,2/1/2026 3:00:00 AM,SERC,WEST,EKPC,EKPC,2961.751,True
2/1/2026 9:00:00 AM,2/1/2026 4:00:00 AM,SERC,WEST,EKPC,EKPC,2928.666,True
2/1/2026 10:00:00 AM,2/1/2026 5:00:00 AM,SERC,WEST,EKPC,EKPC,3035.562,True
2/1/2026 11:00:00 AM,2/1/2026 6:00:00 AM,SERC,WEST,EKPC,EKPC,3079.725,True
2/1/2026 12:00:00 PM,2/1/2026 7:00:00 AM,SERC,WEST,EKPC,EKPC,3162.118,True
2/1/2026 1:00:00 PM,2/1/2026 8:00:00 AM,SERC,WEST,EKPC,EKPC,3165.944,True
2/1/2026 2:00:00 PM,2/1/2026 9:00:00 AM,SERC,WEST,EKPC,EKPC,3055.839,True
2/1/2026 3:00:00 PM,2/1/2026 10:00:00 AM,SERC,WEST,EKPC,EKPC,2951.130,True
2/1/2026 4:00:00 PM,2/1/2026 11:00:00 AM,SERC,WEST,EKPC,EKPC,2792.198,True
2/1/2026 5:00:00 PM,2/1/2026 12:00:00 PM,SERC,WEST,EKPC,EKPC,2642.040,True
2/1/2026 6:00:00 PM,2/1/2026 1:00:00 PM,SERC,WEST,EKPC,EKPC,2503.575,True
2/1/2026 7:00:00 PM,2/1/2026 2:00:00 PM,SERC,WEST,EKPC,EKPC,2399.834,True
2/1/2026 8:00:00 PM,2/1/2026 3:00:00 PM,SERC,WEST,EKPC,EKPC,2342.767,True
2/1/2026 9:00:00 PM,2/1/2026 4:00:00 PM,SERC,WEST,EKPC,EKPC,2395.374,True
2/1/2026 10:00:00 PM,2/1/2026 5:00:00 PM,SERC,WEST,EKPC,EKPC,2521.904,True
2/1/2026 11:00:00 PM,2/1/2026 6:00:00 PM,SERC,WEST,EKPC,EKPC,2731.002,True
2/2/2026 12:00:00 AM,2/1/2026 7:00:00 PM,SERC,WEST,EKPC,EKPC,2802.026,True
2/2/2026 1:00:00 AM,2/1/2026 8:00:00 PM,SERC,WEST,EKPC,EKPC,2931.663,True
2/2/2026 2:00:00 AM,2/1/2026 9:00:00 PM,SERC,WEST,EKPC,EKPC,2931.823,True
2/2/2026 3:00:00 AM,2/1/2026 10:00:00 PM,SERC,WEST,EKPC,EKPC,2967.785,True
2/2/2026 4:00:00 AM,2/1/2026 11:00:00 PM,SERC,WEST,EKPC,EKPC,2907.619,True
2/2/2026 5:00:00 AM,2/2/2026 12:00:00 AM,SERC,WEST,EKPC,EKPC,2976.820,True
2/2/2026 6:00:00 AM,2/2/2026 1:00:00 AM,SERC,WEST,EKPC,EKPC,3051.879,True
2/2/2026 7:00:00 AM,2/2/2026 2:00:00 AM,SERC,WEST,EKPC,EKPC,3072.392,True
2/2/2026 8:00:00 AM,2/2/2026 3:00:00 AM,SERC,WEST,EKPC,EKPC,3067.152,True
2/2/2026 9:00:00 AM,2/2/2026 4:00:00 AM,SERC,WEST,EKPC,EKPC,3060.028,True
2/2/2026 10:00:00 AM,2/2/2026 5:00:00 AM,SERC,WEST,EKPC,EKPC,3150.153,True
2/2/2026 11:00:00 AM,2/2/2026 6:00:00 AM,SERC,WEST,EKPC,EKPC,3180.031,True
2/2/2026 12:00:00 PM,2/2/2026 7:00:00 AM,SERC,WEST,EKPC,EKPC,3164.014,True
2/2/2026 1:00:00 PM,2/2/2026 8:00:00 AM,SERC,WEST,EKPC,EKPC,3050.575,True
2/2/2026 2:00:00 PM,2/2/2026 9:00:00 AM,SERC,WEST,EKPC,EKPC,2990.424,True
2/2/2026 3:00:00 PM,2/2/2026 10:00:00 AM,SERC,WEST,EKPC,EKPC,2906.081,True
2/2/2026 4:00:00 PM,2/2/2026 11:00:00 AM,SERC,WEST,EKPC,EKPC,2750.710,True
2/2/2026 5:00:00 PM,2/2/2026 12:00:00 PM,SERC,WEST,EKPC,EKPC,2648.903,True
2/2/2026 6:00:00 PM,2/2/2026 1:00:00 PM,SERC,WEST,EKPC,EKPC,2610.825,True
2/2/2026 7:00:00 PM,2/2/2026 2:00:00 PM,SERC,WEST,EKPC,EKPC,2513.433,True
2/2/2026 8:00:00 PM,2/2/2026 3:00:00 PM,SERC,WEST,EKPC,EKPC,2487.484,True
2/2/2026 9:00:00 PM,2/2/2026 4:00:00 PM,SERC,WEST,EKPC,EKPC,2525.138,True
2/2/2026 10:00:00 PM,2/2/2026 5:00:00 PM,SERC,WEST,EKPC,EKPC,2538.612,True
2/2/2026 11:00:00 PM,2/2/2026 6:00:00 PM,SERC,WEST,EKPC,EKPC,2581.475,True
2/3/2026 12:00:00 AM,2/2/2026 7:00:00 PM,SERC,WEST,EKPC,EKPC,2561.392,True
2/3/2026 1:00:00 AM,2/2/2026 8:00:00 PM,SERC,WEST,EKPC,EKPC,2537.353,True
2/3/2026 2:00:00 AM,2/2/2026 9:00:00 PM,SERC,WEST,EKPC,EKPC,2503.817,True
2/3/2026 3:00:00 AM,2/2/2026 10:00:00 PM,SERC,WEST,EKPC,EKPC,2428.084,True
2/3/2026 4:00:00 AM,2/2/2026 11:00:00 PM,SERC,WEST,EKPC,EKPC,2344.547,True
2/3/2026 5:00:00 AM,2/3/2026 12:00:00 AM,SERC,WEST,EKPC,EKPC,2178.756,True
2/3/2026 6:00:00 AM,2/3/2026 1:00:00 AM,SERC,WEST,EKPC,EKPC,2099.032,True
2/3/2026 7:00:00 AM,2/3/2026 2:00:00 AM,SERC,WEST,EKPC,EKPC,2207.717,True
2/3/2026 8:00:00 AM,2/3/2026 3:00:00 AM,SERC,WEST,EKPC,EKPC,2331.406,True
2/3/2026 9:00:00 AM,2/3/2026 4:00:00 AM,SERC,WEST,EKPC,EKPC,2390.068,True
2/3/2026 10:00:00 AM,2/3/2026 5:00:00 AM,SERC,WEST,EKPC,EKPC,2452.643,True
2/3/2026 11:00:00 AM,2/3/2026 6:00:00 AM,SERC,WEST,EKPC,EKPC,2523.800,True
2/3/2026 12:00:00 PM,2/3/2026 7:00:00 AM,SERC,WEST,EKPC,EKPC,2529.563,True
2/3/2026 1:00:00 PM,2/3/2026 8:00:00 AM,SERC,WEST,EKPC,EKPC,2518.146,True
2/3/2026 2:00:00 PM,2/3/2026 9:00:00 AM,SERC,WEST,EKPC,EKPC,2381.921,True
2/3/2026 3:00:00 PM,2/3/2026 10:00:00 AM,SERC,WEST,EKPC,EKPC,2423.123,True
2/3/2026 4:00:00 PM,2/3/2026 11:00:00 AM,SERC,WEST,EKPC,EKPC,2319.693,True
2/3/2026 5:00:00 PM,2/3/2026 12:00:00 PM,SERC,WEST,EKPC,EKPC,2253.977,True
2/3/2026 6:00:00 PM,2/3/2026 1:00:00 PM,SERC,WEST,EKPC,EKPC,2227.857,True
2/3/2026 7:00:00 PM,2/3/2026 2:00:00 PM,SERC,WEST,EKPC,EKPC,2025.426,True
2/3/2026 8:00:00 PM,2/3/2026 3:00:00 PM,SERC,WEST,EKPC,EKPC,2102.801,True
2/3/2026 9:00:00 PM,2/3/2026 4:00:00 PM,SERC,WEST,EKPC,EKPC,2201.521,True
2/3/2026 10:00:00 PM,2/3/2026 5:00:00 PM,SERC,WEST,EKPC,EKPC,2284.672,True
2/3/2026 11:00:00 PM,2/3/2026 6:00:00 PM,SERC,WEST,EKPC,EKPC,2355.647,True
2/4/2026 12:00:00 AM,2/3/2026 7:00:00 PM,SERC,WEST,EKPC,EKPC,2366.088,True
2/4/2026 1:00:00 AM,2/3/2026 8:00:00 PM,SERC,WEST,EKPC,EKPC,2357.595,True
2/4/2026 2:00:00 AM,2/3/2026 9:00:00 PM,SERC,WEST,EKPC,EKPC,2299.813,True
2/4/2026 3:00:00 AM,2/3/2026 10:00:00 PM,SERC,WEST,EKPC,EKPC,2206.379,True
2/4/2026 4:00:00 AM,2/3/2026 11:00:00 PM,SERC,WEST,EKPC,EKPC,2088.005,True
2/4/2026 5:00:00 AM,2/4/2026 12:00:00 AM,SERC,WEST,EKPC,EKPC,2059.055,True
2/4/2026 6:00:00 AM,2/4/2026 1:00:00 AM,SERC,WEST,EKPC,EKPC,2120.985,True
2/4/2026 7:00:00 AM,2/4/2026 2:00:00 AM,SERC,WEST,EKPC,EKPC,2145.742,True
2/4/2026 8:00:00 AM,2/4/2026 3:00:00 AM,SERC,WEST,EKPC,EKPC,2181.620,True
2/4/2026 9:00:00 AM,2/4/2026 4:00:00 AM,SERC,WEST,EKPC,EKPC,2223.589,True
2/4/2026 10:00:00 AM,2/4/2026 5:00:00 AM,SERC,WEST,EKPC,EKPC,2231.562,True
2/4/2026 11:00:00 AM,2/4/2026 6:00:00 AM,SERC,WEST,EKPC,EKPC,2371.498,True
2/4/2026 12:00:00 PM,2/4/2026 7:00:00 AM,SERC,WEST,EKPC,EKPC,2425.117,True
2/4/2026 1:00:00 PM,2/4/2026 8:00:00 AM,SERC,WEST,EKPC,EKPC,2418.601,True
2/4/2026 2:00:00 PM,2/4/2026 9:00:00 AM,SERC,WEST,EKPC,EKPC,2406.877,True
2/4/2026 3:00:00 PM,2/4/2026 10:00:00 AM,SERC,WEST,EKPC,EKPC,2362.243,True
2/4/2026 4:00:00 PM,2/4/2026 11:00:00 AM,SERC,WEST,EKPC,EKPC,2340.191,True
2/4/2026 5:00:00 PM,2/4/2026 12:00:00 PM,SERC,WEST,EKPC,EKPC,2320.067,True
2/4/2026 6:00:00 PM,2/4/2026 1:00:00 PM,SERC,WEST,EKPC,EKPC,2286.277,True
2/4/2026 7:00:00 PM,2/4/2026 2:00:00 PM,SERC,WEST,EKPC,EKPC,2290.192,True
2/4/2026 8:00:00 PM,2/4/2026 3:00:00 PM,SERC,WEST,EKPC,EKPC,2279.509,True
2/4/2026 9:00:00 PM,2/4/2026 4:00:00 PM,SERC,WEST,EKPC,EKPC,2354.495,True
2/4/2026 10:00:00 PM,2/4/2026 5:00:00 PM,SERC,WEST,EKPC,EKPC,2452.023,True
2/4/2026 11:00:00 PM,2/4/2026 6:00:00 PM,SERC,WEST,EKPC,EKPC,2602.915,True
2/5/2026 12:00:00 AM,2/4/2026 7:00:00 PM,SERC,WEST,EKPC,EKPC,2603.285,True
2/5/2026 1:00:00 AM,2/4/2026 8:00:00 PM,SERC,WEST,EKPC,EKPC,2608.220,True
2/5/2026 2:00:00 AM,2/4/2026 9:00:00 PM,SERC,WEST,EKPC,EKPC,2515.756,True
2/5/2026 3:00:00 AM,2/4/2026 10:00:00 PM,SERC,WEST,EKPC,EKPC,2495.564,True
2/5/2026 4:00:00 AM,2/4/2026 11:00:00 PM,SERC,WEST,EKPC,EKPC,2505.117,True
2/5/2026 5:00:00 AM,2/5/2026 12:00:00 AM,SERC,WEST,EKPC,EKPC,2553.955,True
2/5/2026 6:00:00 AM,2/5/2026 1:00:00 AM,SERC,WEST,EKPC,EKPC,2571.768,True
2/5/2026 7:00:00 AM,2/5/2026 2:00:00 AM,SERC,WEST,EKPC,EKPC,2652.069,True
2/5/2026 8:00:00 AM,2/5/2026 3:00:00 AM,SERC,WEST,EKPC,EKPC,2707.929,True
2/5/2026 9:00:00 AM,2/5/2026 4:00:00 AM,SERC,WEST,EKPC,EKPC,2830.426,True
2/5/2026 10:00:00 AM,2/5/2026 5:00:00 AM,SERC,WEST,EKPC,EKPC,2966.342,True
2/5/2026 11:00:00 AM,2/5/2026 6:00:00 AM,SERC,WEST,EKPC,EKPC,3039.107,True
2/5/2026 12:00:00 PM,2/5/2026 7:00:00 AM,SERC,WEST,EKPC,EKPC,3112.647,True
2/5/2026 1:00:00 PM,2/5/2026 8:00:00 AM,SERC,WEST,EKPC,EKPC,3097.219,True
2/5/2026 2:00:00 PM,2/5/2026 9:00:00 AM,SERC,WEST,EKPC,EKPC,2960.467,True
2/5/2026 3:00:00 PM,2/5/2026 10:00:00 AM,SERC,WEST,EKPC,EKPC,2787.953,True
2/5/2026 4:00:00 PM,2/5/2026 11:00:00 AM,SERC,WEST,EKPC,EKPC,2564.849,True
2/5/2026 5:00:00 PM,2/5/2026 12:00:00 PM,SERC,WEST,EKPC,EKPC,2498.851,True
2/5/2026 6:00:00 PM,2/5/2026 1:00:00 PM,SERC,WEST,EKPC,EKPC,2333.140,True
2/5/2026 7:00:00 PM,2/5/2026 2:00:00 PM,SERC,WEST,EKPC,EKPC,2475.838,True
2/5/2026 8:00:00 PM,2/5/2026 3:00:00 PM,SERC,WEST,EKPC,EKPC,2455.667,True
2/5/2026 9:00:00 PM,2/5/2026 4:00:00 PM,SERC,WEST,EKPC,EKPC,2518.964,True
2/5/2026 10:00:00 PM,2/5/2026 5:00:00 PM,SERC,WEST,EKPC,EKPC,2623.979,True
2/5/2026 11:00:00 PM,2/5/2026 6:00:00 PM,SERC,WEST,EKPC,EKPC,2669.173,True
2/6/2026 12:00:00 AM,2/5/2026 7:00:00 PM,SERC,WEST,EKPC,EKPC,2714.320,True
2/6/2026 1:00:00 AM,2/5/2026 8:00:00 PM,SERC,WEST,EKPC,EKPC,2693.213,True
2/6/2026 2:00:00 AM,2/5/2026 9:00:00 PM,SERC,WEST,EKPC,EKPC,2629.764,True
2/6/2026 3:00:00 AM,2/5/2026 10:00:00 PM,SERC,WEST,EKPC,EKPC,2560.020,True
2/6/2026 4:00:00 AM,2/5/2026 11:00:00 PM,SERC,WEST,EKPC,EKPC,2529.753,True
2/6/2026 5:00:00 AM,2/6/2026 12:00:00 AM,SERC,WEST,EKPC,EKPC,2449.582,True
2/6/2026 6:00:00 AM,2/6/2026 1:00:00 AM,SERC,WEST,EKPC,EKPC,2440.024,True
2/6/2026 7:00:00 AM,2/6/2026 2:00:00 AM,SERC,WEST,EKPC,EKPC,2324.813,True
2/6/2026 8:00:00 AM,2/6/2026 3:00:00 AM,SERC,WEST,EKPC,EKPC,2445.008,True
2/6/2026 9:00:00 AM,2/6/2026 4:00:00 AM,SERC,WEST,EKPC,EKPC,2466.309,True
2/6/2026 10:00:00 AM,2/6/2026 5:00:00 AM,SERC,WEST,EKPC,EKPC,2525.633,True
2/6/2026 11:00:00 AM,2/6/2026 6:00:00 AM,SERC,WEST,EKPC,EKPC,2561.269,True
2/6/2026 12:00:00 PM,2/6/2026 7:00:00 AM,SERC,WEST,EKPC,EKPC,2663.408,True
2/6/2026 1:00:00 PM,2/6/2026 8:00:00 AM,SERC,WEST,EKPC,EKPC,2589.437,True
2/6/2026 2:00:00 PM,2/6/2026 9:00:00 AM,SERC,WEST,EKPC,EKPC,2544.222,True
2/6/2026 3:00:00 PM,2/6/2026 10:00:00 AM,SERC,WEST,EKPC,EKPC,2330.784,True
2/6/2026 4:00:00 PM,2/6/2026 11:00:00 AM,SERC,WEST,EKPC,EKPC,2353.303,True
2/6/2026 5:00:00 PM,2/6/2026 12:00:00 PM,SERC,WEST,EKPC,EKPC,2368.938,True
2/6/2026 6:00:00 PM,2/6/2026 1:00:00 PM,SERC,WEST,EKPC,EKPC,2264.202,True
2/6/2026 7:00:00 PM,2/6/2026 2:00:00 PM,SERC,WEST,EKPC,EKPC,2235.411,True
2/6/2026 8:00:00 PM,2/6/2026 3:00:00 PM,SERC,WEST,EKPC,EKPC,2228.474,True
2/6/2026 9:00:00 PM,2/6/2026 4:00:00 PM,SERC,WEST,EKPC,EKPC,2288.201,True
2/6/2026 10:00:00 PM,2/6/2026 5:00:00 PM,SERC,WEST,EKPC,EKPC,2277.862,True
2/6/2026 11:00:00 PM,2/6/2026 6:00:00 PM,SERC,WEST,EKPC,EKPC,2362.204,True
2/7/2026 12:00:00 AM,2/6/2026 7:00:00 PM,SERC,WEST,EKPC,EKPC,2332.973,True
2/7/2026 1:00:00 AM,2/6/2026 8:00:00 PM,SERC,WEST,EKPC,EKPC,2289.626,True
2/7/2026 2:00:00 AM,2/6/2026 9:00:00 PM,SERC,WEST,EKPC,EKPC,2285.990,True
2/7/2026 3:00:00 AM,2/6/2026 10:00:00 PM,SERC,WEST,EKPC,EKPC,2124.233,True
2/7/2026 4:00:00 AM,2/6/2026 11:00:00 PM,SERC,WEST,EKPC,EKPC,2110.280,True
2/7/2026 5:00:00 AM,2/7/2026 12:00:00 AM,SERC,WEST,EKPC,EKPC,2138.066,True
2/7/2026 6:00:00 AM,2/7/2026 1:00:00 AM,SERC,WEST,EKPC,EKPC,2137.671,True
2/7/2026 7:00:00 AM,2/7/2026 2:00:00 AM,SERC,WEST,EKPC,EKPC,2168.711,True
2/7/2026 8:00:00 AM,2/7/2026 3:00:00 AM,SERC,WEST,EKPC,EKPC,2189.754,True
2/7/2026 9:00:00 AM,2/7/2026 4:00:00 AM,SERC,WEST,EKPC,EKPC,2091.078,True
2/7/2026 10:00:00 AM,2/7/2026 5:00:00 AM,SERC,WEST,EKPC,EKPC,2222.006,True
2/7/2026 11:00:00 AM,2/7/2026 6:00:00 AM,SERC,WEST,EKPC,EKPC,2477.984,True
2/7/2026 12:00:00 PM,2/7/2026 7:00:00 AM,SERC,WEST,EKPC,EKPC,2614.325,True
2/7/2026 1:00:00 PM,2/7/2026 8:00:00 AM,SERC,WEST,EKPC,EKPC,2678.704,True
2/7/2026 2:00:00 PM,2/7/2026 9:00:00 AM,SERC,WEST,EKPC,EKPC,2602.274,True
2/7/2026 3:00:00 PM,2/7/2026 10:00:00 AM,SERC,WEST,EKPC,EKPC,2491.833,True
2/7/2026 4:00:00 PM,2/7/2026 11:00:00 AM,SERC,WEST,EKPC,EKPC,2384.124,True
2/7/2026 5:00:00 PM,2/7/2026 12:00:00 PM,SERC,WEST,EKPC,EKPC,2281.824,True
2/7/2026 6:00:00 PM,2/7/2026 1:00:00 PM,SERC,WEST,EKPC,EKPC,2205.549,True
2/7/2026 7:00:00 PM,2/7/2026 2:00:00 PM,SERC,WEST,EKPC,EKPC,2121.853,True
2/7/2026 8:00:00 PM,2/7/2026 3:00:00 PM,SERC,WEST,EKPC,EKPC,2066.060,True
2/7/2026 9:00:00 PM,2/7/2026 4:00:00 PM,SERC,WEST,EKPC,EKPC,2081.010,True
2/7/2026 10:00:00 PM,2/7/2026 5:00:00 PM,SERC,WEST,EKPC,EKPC,2242.810,True
2/7/2026 11:00:00 PM,2/7/2026 6:00:00 PM,SERC,WEST,EKPC,EKPC,2317.137,True
2/8/2026 12:00:00 AM,2/7/2026 7:00:00 PM,SERC,WEST,EKPC,EKPC,2412.092,True
2/8/2026 1:00:00 AM,2/7/2026 8:00:00 PM,SERC,WEST,EKPC,EKPC,2533.445,True
2/8/2026 2:00:00 AM,2/7/2026 9:00:00 PM,SERC,WEST,EKPC,EKPC,2614.590,True
2/8/2026 3:00:00 AM,2/7/2026 10:00:00 PM,SERC,WEST,EKPC,EKPC,2653.025,True
2/8/2026 4:00:00 AM,2/7/2026 11:00:00 PM,SERC,WEST,EKPC,EKPC,2625.517,True
2/8/2026 5:00:00 AM,2/8/2026 12:00:00 AM,SERC,WEST,EKPC,EKPC,2594.352,True
2/8/2026 6:00:00 AM,2/8/2026 1:00:00 AM,SERC,WEST,EKPC,EKPC,2611.191,True
2/8/2026 7:00:00 AM,2/8/2026 2:00:00 AM,SERC,WEST,EKPC,EKPC,2629.541,True
2/8/2026 8:00:00 AM,2/8/2026 3:00:00 AM,SERC,WEST,EKPC,EKPC,2639.991,True
2/8/2026 9:00:00 AM,2/8/2026 4:00:00 AM,SERC,WEST,EKPC,EKPC,2645.916,True
2/8/2026 10:00:00 AM,2/8/2026 5:00:00 AM,SERC,WEST,EKPC,EKPC,2643.274,True
2/8/2026 11:00:00 AM,2/8/2026 6:00:00 AM,SERC,WEST,EKPC,EKPC,2680.344,True
2/8/2026 12:00:00 PM,2/8/2026 7:00:00 AM,SERC,WEST,EKPC,EKPC,2593.022,True
2/8/2026 1:00:00 PM,2/8/2026 8:00:00 AM,SERC,WEST,EKPC,EKPC,2777.962,True
2/8/2026 2:00:00 PM,2/8/2026 9:00:00 AM,SERC,WEST,EKPC,EKPC,2660.471,True
2/8/2026 3:00:00 PM,2/8/2026 10:00:00 AM,SERC,WEST,EKPC,EKPC,2650.502,True
2/8/2026 4:00:00 PM,2/8/2026 11:00:00 AM,SERC,WEST,EKPC,EKPC,2566.922,True
2/8/2026 5:00:00 PM,2/8/2026 12:00:00 PM,SERC,WEST,EKPC,EKPC,2516.025,True
2/8/2026 6:00:00 PM,2/8/2026 1:00:00 PM,SERC,WEST,EKPC,EKPC,2486.033,True
2/8/2026 7:00:00 PM,2/8/2026 2:00:00 PM,SERC,WEST,EKPC,EKPC,2441.715,True
2/8/2026 8:00:00 PM,2/8/2026 3:00:00 PM,SERC,WEST,EKPC,EKPC,2401.549,True
2/8/2026 9:00:00 PM,2/8/2026 4:00:00 PM,SERC,WEST,EKPC,EKPC,2426.961,True
2/8/2026 10:00:00 PM,2/8/2026 5:00:00 PM,SERC,WEST,EKPC,EKPC,2459.584,True
2/8/2026 11:00:00 PM,2/8/2026 6:00:00 PM,SERC,WEST,EKPC,EKPC,2511.271,True
2/9/2026 12:00:00 AM,2/8/2026 7:00:00 PM,SERC,WEST,EKPC,EKPC,2480.234,True
2/9/2026 1:00:00 AM,2/8/2026 8:00:00 PM,SERC,WEST,EKPC,EKPC,2455.042,True
2/9/2026 2:00:00 AM,2/8/2026 9:00:00 PM,SERC,WEST,EKPC,EKPC,2401.263,True
2/9/2026 3:00:00 AM,2/8/2026 10:00:00 PM,SERC,WEST,EKPC,EKPC,2358.097,True
2/9/2026 4:00:00 AM,2/8/2026 11:00:00 PM,SERC,WEST,EKPC,EKPC,2314.014,True
2/9/2026 5:00:00 AM,2/9/2026 12:00:00 AM,SERC,WEST,EKPC,EKPC,2308.625,True
2/9/2026 6:00:00 AM,2/9/2026 1:00:00 AM,SERC,WEST,EKPC,EKPC,2320.744,True
2/9/2026 7:00:00 AM,2/9/2026 2:00:00 AM,SERC,WEST,EKPC,EKPC,2297.283,True
2/9/2026 8:00:00 AM,2/9/2026 3:00:00 AM,SERC,WEST,EKPC,EKPC,2301.727,True
2/9/2026 9:00:00 AM,2/9/2026 4:00:00 AM,SERC,WEST,EKPC,EKPC,2340.528,True
2/9/2026 10:00:00 AM,2/9/2026 5:00:00 AM,SERC,WEST,EKPC,EKPC,2415.996,True
2/9/2026 11:00:00 AM,2/9/2026 6:00:00 AM,SERC,WEST,EKPC,EKPC,2550.283,True
2/9/2026 12:00:00 PM,2/9/2026 7:00:00 AM,SERC,WEST,EKPC,EKPC,2623.043,True
2/9/2026 1:00:00 PM,2/9/2026 8:00:00 AM,SERC,WEST,EKPC,EKPC,2545.681,True
2/9/2026 2:00:00 PM,2/9/2026 9:00:00 AM,SERC,WEST,EKPC,EKPC,2350.940,True
2/9/2026 3:00:00 PM,2/9/2026 10:00:00 AM,SERC,WEST,EKPC,EKPC,2145.605,True
2/9/2026 4:00:00 PM,2/9/2026 11:00:00 AM,SERC,WEST,EKPC,EKPC,1917.015,True
2/9/2026 5:00:00 PM,2/9/2026 12:00:00 PM,SERC,WEST,EKPC,EKPC,1819.862,True
2/9/2026 6:00:00 PM,2/9/2026 1:00:00 PM,SERC,WEST,EKPC,EKPC,1667.467,True
2/9/2026 7:00:00 PM,2/9/2026 2:00:00 PM,SERC,WEST,EKPC,EKPC,1640.777,True
2/9/2026 8:00:00 PM,2/9/2026 3:00:00 PM,SERC,WEST,EKPC,EKPC,1599.348,True
2/9/2026 9:00:00 PM,2/9/2026 4:00:00 PM,SERC,WEST,EKPC,EKPC,1634.112,True
2/9/2026 10:00:00 PM,2/9/2026 5:00:00 PM,SERC,WEST,EKPC,EKPC,1638.347,True
2/9/2026 11:00:00 PM,2/9/2026 6:00:00 PM,SERC,WEST,EKPC,EKPC,1816.776,True
2/10/2026 12:00:00 AM,2/9/2026 7:00:00 PM,SERC,WEST,EKPC,EKPC,1931.511,True
2/10/2026 1:00:00 AM,2/9/2026 8:00:00 PM,SERC,WEST,EKPC,EKPC,1949.631,True
2/10/2026 2:00:00 AM,2/9/2026 9:00:00 PM,SERC,WEST,EKPC,EKPC,1982.264,True
2/10/2026 3:00:00 AM,2/9/2026 10:00:00 PM,SERC,WEST,EKPC,EKPC,1953.408,True
2/10/2026 4:00:00 AM,2/9/2026 11:00:00 PM,SERC,WEST,EKPC,EKPC,1889.141,True
2/10/2026 5:00:00 AM,2/10/2026 12:00:00 AM,SERC,WEST,EKPC,EKPC,1883.114,True
2/10/2026 6:00:00 AM,2/10/2026 1:00:00 AM,SERC,WEST,EKPC,EKPC,1926.563,True
2/10/2026 7:00:00 AM,2/10/2026 2:00:00 AM,SERC,WEST,EKPC,EKPC,1954.405,True
2/10/2026 8:00:00 AM,2/10/2026 3:00:00 AM,SERC,WEST,EKPC,EKPC,1996.117,True
2/10/2026 9:00:00 AM,2/10/2026 4:00:00 AM,SERC,WEST,EKPC,EKPC,2053.855,True
2/10/2026 10:00:00 AM,2/10/2026 5:00:00 AM,SERC,WEST,EKPC,EKPC,2076.974,True
2/10/2026 11:00:00 AM,2/10/2026 6:00:00 AM,SERC,WEST,EKPC,EKPC,2285.060,True
2/10/2026 12:00:00 PM,2/10/2026 7:00:00 AM,SERC,WEST,EKPC,EKPC,2282.639,True
2/10/2026 1:00:00 PM,2/10/2026 8:00:00 AM,SERC,WEST,EKPC,EKPC,2183.040,True
2/10/2026 2:00:00 PM,2/10/2026 9:00:00 AM,SERC,WEST,EKPC,EKPC,1964.483,True
2/10/2026 3:00:00 PM,2/10/2026 10:00:00 AM,SERC,WEST,EKPC,EKPC,1773.672,True
2/10/2026 4:00:00 PM,2/10/2026 11:00:00 AM,SERC,WEST,EKPC,EKPC,1635.697,True
2/10/2026 5:00:00 PM,2/10/2026 12:00:00 PM,SERC,WEST,EKPC,EKPC,1527.471,True
2/10/2026 6:00:00 PM,2/10/2026 1:00:00 PM,SERC,WEST,EKPC,EKPC,1460.935,True
2/10/2026 7:00:00 PM,2/10/2026 2:00:00 PM,SERC,WEST,EKPC,EKPC,1398.788,True
2/10/2026 8:00:00 PM,2/10/2026 3:00:00 PM,SERC,WEST,EKPC,EKPC,1376.313,True
2/10/2026 9:00:00 PM,2/10/2026 4:00:00 PM,SERC,WEST,EKPC,EKPC,1414.374,True
2/10/2026 10:00:00 PM,2/10/2026 5:00:00 PM,SERC,WEST,EKPC,EKPC,1471.939,True
2/10/2026 11:00:00 PM,2/10/2026 6:00:00 PM,SERC,WEST,EKPC,EKPC,1566.232,True
2/11/2026 12:00:00 AM,2/10/2026 7:00:00 PM,SERC,WEST,EKPC,EKPC,1609.924,True
2/11/2026 1:00:00 AM,2/10/2026 8:00:00 PM,SERC,WEST,EKPC,EKPC,1602.583,True
2/11/2026 2:00:00 AM,2/10/2026 9:00:00 PM,SERC,WEST,EKPC,EKPC,1538.196,True
2/11/2026 3:00:00 AM,2/10/2026 10:00:00 PM,SERC,WEST,EKPC,EKPC,1409.835,True
2/11/2026 4:00:00 AM,2/10/2026 11:00:00 PM,SERC,WEST,EKPC,EKPC,1353.051,True
2/11/2026 5:00:00 AM,2/11/2026 12:00:00 AM,SERC,WEST,EKPC,EKPC,1326.349,True
2/11/2026 6:00:00 AM,2/11/2026 1:00:00 AM,SERC,WEST,EKPC,EKPC,1335.763,True
2/11/2026 7:00:00 AM,2/11/2026 2:00:00 AM,SERC,WEST,EKPC,EKPC,1349.092,True
2/11/2026 8:00:00 AM,2/11/2026 3:00:00 AM,SERC,WEST,EKPC,EKPC,1425.000,True
2/11/2026 9:00:00 AM,2/11/2026 4:00:00 AM,SERC,WEST,EKPC,EKPC,1440.792,True
2/11/2026 10:00:00 AM,2/11/2026 5:00:00 AM,SERC,WEST,EKPC,EKPC,1576.374,True
2/11/2026 11:00:00 AM,2/11/2026 6:00:00 AM,SERC,WEST,EKPC,EKPC,1741.721,True
2/11/2026 12:00:00 PM,2/11/2026 7:00:00 AM,SERC,WEST,EKPC,EKPC,1849.612,True
2/11/2026 1:00:00 PM,2/11/2026 8:00:00 AM,SERC,WEST,EKPC,EKPC,1858.199,True
2/11/2026 2:00:00 PM,2/11/2026 9:00:00 AM,SERC,WEST,EKPC,EKPC,1785.197,True
2/11/2026 3:00:00 PM,2/11/2026 10:00:00 AM,SERC,WEST,EKPC,EKPC,1682.844,True
2/11/2026 4:00:00 PM,2/11/2026 11:00:00 AM,SERC,WEST,EKPC,EKPC,1564.777,True
2/11/2026 5:00:00 PM,2/11/2026 12:00:00 PM,SERC,WEST,EKPC,EKPC,1480.760,True
2/11/2026 6:00:00 PM,2/11/2026 1:00:00 PM,SERC,WEST,EKPC,EKPC,1436.161,True
2/11/2026 7:00:00 PM,2/11/2026 2:00:00 PM,SERC,WEST,EKPC,EKPC,1383.317,True
2/11/2026 8:00:00 PM,2/11/2026 3:00:00 PM,SERC,WEST,EKPC,EKPC,1389.055,True
2/11/2026 9:00:00 PM,2/11/2026 4:00:00 PM,SERC,WEST,EKPC,EKPC,1488.984,True
2/11/2026 10:00:00 PM,2/11/2026 5:00:00 PM,SERC,WEST,EKPC,EKPC,1596.345,True
2/11/2026 11:00:00 PM,2/11/2026 6:00:00 PM,SERC,WEST,EKPC,EKPC,1781.413,True
2/12/2026 12:00:00 AM,2/11/2026 7:00:00 PM,SERC,WEST,EKPC,EKPC,1869.530,True
2/12/2026 1:00:00 AM,2/11/2026 8:00:00 PM,SERC,WEST,EKPC,EKPC,1964.934,True
2/12/2026 2:00:00 AM,2/11/2026 9:00:00 PM,SERC,WEST,EKPC,EKPC,2010.117,True
2/12/2026 3:00:00 AM,2/11/2026 10:00:00 PM,SERC,WEST,EKPC,EKPC,1939.606,True
2/12/2026 4:00:00 AM,2/11/2026 11:00:00 PM,SERC,WEST,EKPC,EKPC,1969.390,True
2/12/2026 5:00:00 AM,2/12/2026 12:00:00 AM,SERC,WEST,EKPC,EKPC,1979.565,True
2/12/2026 6:00:00 AM,2/12/2026 1:00:00 AM,SERC,WEST,EKPC,EKPC,2035.081,True
2/12/2026 7:00:00 AM,2/12/2026 2:00:00 AM,SERC,WEST,EKPC,EKPC,2083.581,True
2/12/2026 8:00:00 AM,2/12/2026 3:00:00 AM,SERC,WEST,EKPC,EKPC,2148.346,True
2/12/2026 9:00:00 AM,2/12/2026 4:00:00 AM,SERC,WEST,EKPC,EKPC,2221.598,True
2/12/2026 10:00:00 AM,2/12/2026 5:00:00 AM,SERC,WEST,EKPC,EKPC,2354.021,True
2/12/2026 11:00:00 AM,2/12/2026 6:00:00 AM,SERC,WEST,EKPC,EKPC,2557.622,True
2/12/2026 12:00:00 PM,2/12/2026 7:00:00 AM,SERC,WEST,EKPC,EKPC,2624.016,True
2/12/2026 1:00:00 PM,2/12/2026 8:00:00 AM,SERC,WEST,EKPC,EKPC,2520.352,True
2/12/2026 2:00:00 PM,2/12/2026 9:00:00 AM,SERC,WEST,EKPC,EKPC,2310.537,True
2/12/2026 3:00:00 PM,2/12/2026 10:00:00 AM,SERC,WEST,EKPC,EKPC,2084.886,True
2/12/2026 4:00:00 PM,2/12/2026 11:00:00 AM,SERC,WEST,EKPC,EKPC,1883.653,True
2/12/2026 5:00:00 PM,2/12/2026 12:00:00 PM,SERC,WEST,EKPC,EKPC,1767.349,True
2/12/2026 6:00:00 PM,2/12/2026 1:00:00 PM,SERC,WEST,EKPC,EKPC,1710.038,True
2/12/2026 7:00:00 PM,2/12/2026 2:00:00 PM,SERC,WEST,EKPC,EKPC,1680.038,True
2/12/2026 8:00:00 PM,2/12/2026 3:00:00 PM,SERC,WEST,EKPC,EKPC,1682.893,True
2/12/2026 9:00:00 PM,2/12/2026 4:00:00 PM,SERC,WEST,EKPC,EKPC,1743.306,True
2/12/2026 10:00:00 PM,2/12/2026 5:00:00 PM,SERC,WEST,EKPC,EKPC,1812.359,True
2/12/2026 11:00:00 PM,2/12/2026 6:00:00 PM,SERC,WEST,EKPC,EKPC,1927.425,True
2/13/2026 12:00:00 AM,2/12/2026 7:00:00 PM,SERC,WEST,EKPC,EKPC,1966.456,True
2/13/2026 1:00:00 AM,2/12/2026 8:00:00 PM,SERC,WEST,EKPC,EKPC,2054.670,True
2/13/2026 2:00:00 AM,2/12/2026 9:00:00 PM,SERC,WEST,EKPC,EKPC,2016.451,True
2/13/2026 3:00:00 AM,2/12/2026 10:00:00 PM,SERC,WEST,EKPC,EKPC,2052.769,True
2/13/2026 4:00:00 AM,2/12/2026 11:00:00 PM,SERC,WEST,EKPC,EKPC,2029.469,True
2/13/2026 5:00:00 AM,2/13/2026 12:00:00 AM,SERC,WEST,EKPC,EKPC,2027.332,True
2/13/2026 6:00:00 AM,2/13/2026 1:00:00 AM,SERC,WEST,EKPC,EKPC,2070.644,True
2/13/2026 7:00:00 AM,2/13/2026 2:00:00 AM,SERC,WEST,EKPC,EKPC,2124.522,True
2/13/2026 8:00:00 AM,2/13/2026 3:00:00 AM,SERC,WEST,EKPC,EKPC,2165.386,True
2/13/2026 9:00:00 AM,2/13/2026 4:00:00 AM,SERC,WEST,EKPC,EKPC,2242.492,True
2/13/2026 10:00:00 AM,2/13/2026 5:00:00 AM,SERC,WEST,EKPC,EKPC,2334.308,True
2/13/2026 11:00:00 AM,2/13/2026 6:00:00 AM,SERC,WEST,EKPC,EKPC,2543.605,True
2/13/2026 12:00:00 PM,2/13/2026 7:00:00 AM,SERC,WEST,EKPC,EKPC,2592.619,True
2/13/2026 1:00:00 PM,2/13/2026 8:00:00 AM,SERC,WEST,EKPC,EKPC,2495.101,True
2/13/2026 2:00:00 PM,2/13/2026 9:00:00 AM,SERC,WEST,EKPC,EKPC,2243.785,True
2/13/2026 3:00:00 PM,2/13/2026 10:00:00 AM,SERC,WEST,EKPC,EKPC,1973.626,True
2/13/2026 4:00:00 PM,2/13/2026 11:00:00 AM,SERC,WEST,EKPC,EKPC,1754.117,True
2/13/2026 5:00:00 PM,2/13/2026 12:00:00 PM,SERC,WEST,EKPC,EKPC,1626.393,True
2/13/2026 6:00:00 PM,2/13/2026 1:00:00 PM,SERC,WEST,EKPC,EKPC,1498.518,True
2/13/2026 7:00:00 PM,2/13/2026 2:00:00 PM,SERC,WEST,EKPC,EKPC,1467.582,True
2/13/2026 8:00:00 PM,2/13/2026 3:00:00 PM,SERC,WEST,EKPC,EKPC,1440.856,True
2/13/2026 9:00:00 PM,2/13/2026 4:00:00 PM,SERC,WEST,EKPC,EKPC,1457.233,True
2/13/2026 10:00:00 PM,2/13/2026 5:00:00 PM,SERC,WEST,EKPC,EKPC,1512.545,True
2/13/2026 11:00:00 PM,2/13/2026 6:00:00 PM,SERC,WEST,EKPC,EKPC,1646.663,True
2/14/2026 12:00:00 AM,2/13/2026 7:00:00 PM,SERC,WEST,EKPC,EKPC,1747.860,True
2/14/2026 1:00:00 AM,2/13/2026 8:00:00 PM,SERC,WEST,EKPC,EKPC,1806.495,True
2/14/2026 2:00:00 AM,2/13/2026 9:00:00 PM,SERC,WEST,EKPC,EKPC,1852.702,True
2/14/2026 3:00:00 AM,2/13/2026 10:00:00 PM,SERC,WEST,EKPC,EKPC,1866.025,True
2/14/2026 4:00:00 AM,2/13/2026 11:00:00 PM,SERC,WEST,EKPC,EKPC,1863.797,True
2/14/2026 5:00:00 AM,2/14/2026 12:00:00 AM,SERC,WEST,EKPC,EKPC,1865.292,True
2/14/2026 6:00:00 AM,2/14/2026 1:00:00 AM,SERC,WEST,EKPC,EKPC,1904.243,True
2/14/2026 7:00:00 AM,2/14/2026 2:00:00 AM,SERC,WEST,EKPC,EKPC,1941.170,True
2/14/2026 8:00:00 AM,2/14/2026 3:00:00 AM,SERC,WEST,EKPC,EKPC,1978.078,True
2/14/2026 9:00:00 AM,2/14/2026 4:00:00 AM,SERC,WEST,EKPC,EKPC,1989.247,True
2/14/2026 10:00:00 AM,2/14/2026 5:00:00 AM,SERC,WEST,EKPC,EKPC,2048.385,True
2/14/2026 11:00:00 AM,2/14/2026 6:00:00 AM,SERC,WEST,EKPC,EKPC,2104.560,True
2/14/2026 12:00:00 PM,2/14/2026 7:00:00 AM,SERC,WEST,EKPC,EKPC,2149.139,True
2/14/2026 1:00:00 PM,2/14/2026 8:00:00 AM,SERC,WEST,EKPC,EKPC,2154.054,True
2/14/2026 2:00:00 PM,2/14/2026 9:00:00 AM,SERC,WEST,EKPC,EKPC,2103.232,True
2/14/2026 3:00:00 PM,2/14/2026 10:00:00 AM,SERC,WEST,EKPC,EKPC,1981.585,True
2/14/2026 4:00:00 PM,2/14/2026 11:00:00 AM,SERC,WEST,EKPC,EKPC,1768.752,True
2/14/2026 5:00:00 PM,2/14/2026 12:00:00 PM,SERC,WEST,EKPC,EKPC,1604.692,True
2/14/2026 6:00:00 PM,2/14/2026 1:00:00 PM,SERC,WEST,EKPC,EKPC,1523.365,True
2/14/2026 7:00:00 PM,2/14/2026 2:00:00 PM,SERC,WEST,EKPC,EKPC,1483.412,True
2/14/2026 8:00:00 PM,2/14/2026 3:00:00 PM,SERC,WEST,EKPC,EKPC,1464.878,True
2/14/2026 9:00:00 PM,2/14/2026 4:00:00 PM,SERC,WEST,EKPC,EKPC,1496.043,True
2/14/2026 10:00:00 PM,2/14/2026 5:00:00 PM,SERC,WEST,EKPC,EKPC,1496.988,True
2/14/2026 11:00:00 PM,2/14/2026 6:00:00 PM,SERC,WEST,EKPC,EKPC,1566.651,True
2/15/2026 12:00:00 AM,2/14/2026 7:00:00 PM,SERC,WEST,EKPC,EKPC,1598.179,True
2/15/2026 1:00:00 AM,2/14/2026 8:00:00 PM,SERC,WEST,EKPC,EKPC,1538.216,True
2/15/2026 2:00:00 AM,2/14/2026 9:00:00 PM,SERC,WEST,EKPC,EKPC,1567.762,True
2/15/2026 3:00:00 AM,2/14/2026 10:00:00 PM,SERC,WEST,EKPC,EKPC,1520.047,True
2/15/2026 4:00:00 AM,2/14/2026 11:00:00 PM,SERC,WEST,EKPC,EKPC,1446.153,True
2/15/2026 5:00:00 AM,2/15/2026 12:00:00 AM,SERC,WEST,EKPC,EKPC,1355.508,True
2/15/2026 6:00:00 AM,2/15/2026 1:00:00 AM,SERC,WEST,EKPC,EKPC,1407.302,True
2/15/2026 7:00:00 AM,2/15/2026 2:00:00 AM,SERC,WEST,EKPC,EKPC,1358.871,True
2/15/2026 8:00:00 AM,2/15/2026 3:00:00 AM,SERC,WEST,EKPC,EKPC,1401.083,True
2/15/2026 9:00:00 AM,2/15/2026 4:00:00 AM,SERC,WEST,EKPC,EKPC,1397.403,True
2/15/2026 10:00:00 AM,2/15/2026 5:00:00 AM,SERC,WEST,EKPC,EKPC,1453.866,True
2/15/2026 11:00:00 AM,2/15/2026 6:00:00 AM,SERC,WEST,EKPC,EKPC,1480.486,True
2/15/2026 12:00:00 PM,2/15/2026 7:00:00 AM,SERC,WEST,EKPC,EKPC,1538.776,True
2/15/2026 1:00:00 PM,2/15/2026 8:00:00 AM,SERC,WEST,EKPC,EKPC,1643.404,True
2/15/2026 2:00:00 PM,2/15/2026 9:00:00 AM,SERC,WEST,EKPC,EKPC,1720.510,True
2/15/2026 3:00:00 PM,2/15/2026 10:00:00 AM,SERC,WEST,EKPC,EKPC,1730.927,True
2/15/2026 4:00:00 PM,2/15/2026 11:00:00 AM,SERC,WEST,EKPC,EKPC,1715.045,True
2/15/2026 5:00:00 PM,2/15/2026 12:00:00 PM,SERC,WEST,EKPC,EKPC,1729.785,True
2/15/2026 6:00:00 PM,2/15/2026 1:00:00 PM,SERC,WEST,EKPC,EKPC,1734.141,True
2/15/2026 7:00:00 PM,2/15/2026 2:00:00 PM,SERC,WEST,EKPC,EKPC,1708.919,True
2/15/2026 8:00:00 PM,2/15/2026 3:00:00 PM,SERC,WEST,EKPC,EKPC,1691.523,True
2/15/2026 9:00:00 PM,2/15/2026 4:00:00 PM,SERC,WEST,EKPC,EKPC,1702.911,True
2/15/2026 10:00:00 PM,2/15/2026 5:00:00 PM,SERC,WEST,EKPC,EKPC,1605.802,True
2/15/2026 11:00:00 PM,2/15/2026 6:00:00 PM,SERC,WEST,EKPC,EKPC,1709.504,True
2/16/2026 12:00:00 AM,2/15/2026 7:00:00 PM,SERC,WEST,EKPC,EKPC,1729.568,True
2/16/2026 1:00:00 AM,2/15/2026 8:00:00 PM,SERC,WEST,EKPC,EKPC,1697.269,True
2/16/2026 2:00:00 AM,2/15/2026 9:00:00 PM,SERC,WEST,EKPC,EKPC,1677.535,True
2/16/2026 3:00:00 AM,2/15/2026 10:00:00 PM,SERC,WEST,EKPC,EKPC,1635.005,True
2/16/2026 4:00:00 AM,2/15/2026 11:00:00 PM,SERC,WEST,EKPC,EKPC,1562.824,True
2/16/2026 5:00:00 AM,2/16/2026 12:00:00 AM,SERC,WEST,EKPC,EKPC,1453.540,True
2/16/2026 6:00:00 AM,2/16/2026 1:00:00 AM,SERC,WEST,EKPC,EKPC,1475.323,True
2/16/2026 7:00:00 AM,2/16/2026 2:00:00 AM,SERC,WEST,EKPC,EKPC,1496.894,True
2/16/2026 8:00:00 AM,2/16/2026 3:00:00 AM,SERC,WEST,EKPC,EKPC,1591.791,True
2/16/2026 9:00:00 AM,2/16/2026 4:00:00 AM,SERC,WEST,EKPC,EKPC,1649.073,True
2/16/2026 10:00:00 AM,2/16/2026 5:00:00 AM,SERC,WEST,EKPC,EKPC,1765.667,True
2/16/2026 11:00:00 AM,2/16/2026 6:00:00 AM,SERC,WEST,EKPC,EKPC,1858.339,True
2/16/2026 12:00:00 PM,2/16/2026 7:00:00 AM,SERC,WEST,EKPC,EKPC,1908.210,True
2/16/2026 1:00:00 PM,2/16/2026 8:00:00 AM,SERC,WEST,EKPC,EKPC,1883.518,True
2/16/2026 2:00:00 PM,2/16/2026 9:00:00 AM,SERC,WEST,EKPC,EKPC,1825.628,True
2/16/2026 3:00:00 PM,2/16/2026 10:00:00 AM,SERC,WEST,EKPC,EKPC,1718.955,True
2/16/2026 4:00:00 PM,2/16/2026 11:00:00 AM,SERC,WEST,EKPC,EKPC,1611.835,True
2/16/2026 5:00:00 PM,2/16/2026 12:00:00 PM,SERC,WEST,EKPC,EKPC,1531.917,True
2/16/2026 6:00:00 PM,2/16/2026 1:00:00 PM,SERC,WEST,EKPC,EKPC,1452.491,True
2/16/2026 7:00:00 PM,2/16/2026 2:00:00 PM,SERC,WEST,EKPC,EKPC,1357.182,True
2/16/2026 8:00:00 PM,2/16/2026 3:00:00 PM,SERC,WEST,EKPC,EKPC,1364.498,True
2/16/2026 9:00:00 PM,2/16/2026 4:00:00 PM,SERC,WEST,EKPC,EKPC,1381.788,True
2/16/2026 10:00:00 PM,2/16/2026 5:00:00 PM,SERC,WEST,EKPC,EKPC,1468.593,True
2/16/2026 11:00:00 PM,2/16/2026 6:00:00 PM,SERC,WEST,EKPC,EKPC,1608.531,True
2/17/2026 12:00:00 AM,2/16/2026 7:00:00 PM,SERC,WEST,EKPC,EKPC,1616.321,True
2/17/2026 1:00:00 AM,2/16/2026 8:00:00 PM,SERC,WEST,EKPC,EKPC,1626.161,True
2/17/2026 2:00:00 AM,2/16/2026 9:00:00 PM,SERC,WEST,EKPC,EKPC,1606.460,True
2/17/2026 3:00:00 AM,2/16/2026 10:00:00 PM,SERC,WEST,EKPC,EKPC,1632.699,True
2/17/2026 4:00:00 AM,2/16/2026 11:00:00 PM,SERC,WEST,EKPC,EKPC,1579.325,True
2/17/2026 5:00:00 AM,2/17/2026 12:00:00 AM,SERC,WEST,EKPC,EKPC,1545.151,True
2/17/2026 6:00:00 AM,2/17/2026 1:00:00 AM,SERC,WEST,EKPC,EKPC,1615.958,True
2/17/2026 7:00:00 AM,2/17/2026 2:00:00 AM,SERC,WEST,EKPC,EKPC,1668.425,True
2/17/2026 8:00:00 AM,2/17/2026 3:00:00 AM,SERC,WEST,EKPC,EKPC,1754.509,True
2/17/2026 9:00:00 AM,2/17/2026 4:00:00 AM,SERC,WEST,EKPC,EKPC,1777.988,True
2/17/2026 10:00:00 AM,2/17/2026 5:00:00 AM,SERC,WEST,EKPC,EKPC,1890.146,True
2/17/2026 11:00:00 AM,2/17/2026 6:00:00 AM,SERC,WEST,EKPC,EKPC,2046.010,True
2/17/2026 12:00:00 PM,2/17/2026 7:00:00 AM,SERC,WEST,EKPC,EKPC,2116.535,True
2/17/2026 1:00:00 PM,2/17/2026 8:00:00 AM,SERC,WEST,EKPC,EKPC,1959.693,True
2/17/2026 2:00:00 PM,2/17/2026 9:00:00 AM,SERC,WEST,EKPC,EKPC,1733.365,True
2/17/2026 3:00:00 PM,2/17/2026 10:00:00 AM,SERC,WEST,EKPC,EKPC,1642.929,True
2/17/2026 4:00:00 PM,2/17/2026 11:00:00 AM,SERC,WEST,EKPC,EKPC,1567.369,True
2/17/2026 5:00:00 PM,2/17/2026 12:00:00 PM,SERC,WEST,EKPC,EKPC,1465.040,True
2/17/2026 6:00:00 PM,2/17/2026 1:00:00 PM,SERC,WEST,EKPC,EKPC,1480.095,True
2/17/2026 7:00:00 PM,2/17/2026 2:00:00 PM,SERC,WEST,EKPC,EKPC,1460.854,True
2/17/2026 8:00:00 PM,2/17/2026 3:00:00 PM,SERC,WEST,EKPC,EKPC,1459.524,True
2/17/2026 9:00:00 PM,2/17/2026 4:00:00 PM,SERC,WEST,EKPC,EKPC,1480.325,True
2/17/2026 10:00:00 PM,2/17/2026 5:00:00 PM,SERC,WEST,EKPC,EKPC,1544.315,True
2/17/2026 11:00:00 PM,2/17/2026 6:00:00 PM,SERC,WEST,EKPC,EKPC,1633.608,True
2/18/2026 12:00:00 AM,2/17/2026 7:00:00 PM,SERC,WEST,EKPC,EKPC,1636.923,True
2/18/2026 1:00:00 AM,2/17/2026 8:00:00 PM,SERC,WEST,EKPC,EKPC,1663.712,True
2/18/2026 2:00:00 AM,2/17/2026 9:00:00 PM,SERC,WEST,EKPC,EKPC,1556.899,True
2/18/2026 3:00:00 AM,2/17/2026 10:00:00 PM,SERC,WEST,EKPC,EKPC,1454.258,True
2/18/2026 4:00:00 AM,2/17/2026 11:00:00 PM,SERC,WEST,EKPC,EKPC,1415.809,True
2/18/2026 5:00:00 AM,2/18/2026 12:00:00 AM,SERC,WEST,EKPC,EKPC,1366.658,True
2/18/2026 6:00:00 AM,2/18/2026 1:00:00 AM,SERC,WEST,EKPC,EKPC,1370.844,True
2/18/2026 7:00:00 AM,2/18/2026 2:00:00 AM,SERC,WEST,EKPC,EKPC,1341.394,True
2/18/2026 8:00:00 AM,2/18/2026 3:00:00 AM,SERC,WEST,EKPC,EKPC,1316.813,True
2/18/2026 9:00:00 AM,2/18/2026 4:00:00 AM,SERC,WEST,EKPC,EKPC,1344.354,True
2/18/2026 10:00:00 AM,2/18/2026 5:00:00 AM,SERC,WEST,EKPC,EKPC,1420.825,True
2/18/2026 11:00:00 AM,2/18/2026 6:00:00 AM,SERC,WEST,EKPC,EKPC,1575.712,True
2/18/2026 12:00:00 PM,2/18/2026 7:00:00 AM,SERC,WEST,EKPC,EKPC,1579.532,True
2/18/2026 1:00:00 PM,2/18/2026 8:00:00 AM,SERC,WEST,EKPC,EKPC,1576.935,True
2/18/2026 2:00:00 PM,2/18/2026 9:00:00 AM,SERC,WEST,EKPC,EKPC,1571.653,True
2/18/2026 3:00:00 PM,2/18/2026 10:00:00 AM,SERC,WEST,EKPC,EKPC,1471.543,True
2/18/2026 4:00:00 PM,2/18/2026 11:00:00 AM,SERC,WEST,EKPC,EKPC,1559.009,True
2/18/2026 5:00:00 PM,2/18/2026 12:00:00 PM,SERC,WEST,EKPC,EKPC,1497.630,True
2/18/2026 6:00:00 PM,2/18/2026 1:00:00 PM,SERC,WEST,EKPC,EKPC,1564.712,True
2/18/2026 7:00:00 PM,2/18/2026 2:00:00 PM,SERC,WEST,EKPC,EKPC,1493.301,True
2/18/2026 8:00:00 PM,2/18/2026 3:00:00 PM,SERC,WEST,EKPC,EKPC,1488.015,True
2/18/2026 9:00:00 PM,2/18/2026 4:00:00 PM,SERC,WEST,EKPC,EKPC,1488.327,True
2/18/2026 10:00:00 PM,2/18/2026 5:00:00 PM,SERC,WEST,EKPC,EKPC,1515.912,True
2/18/2026 11:00:00 PM,2/18/2026 6:00:00 PM,SERC,WEST,EKPC,EKPC,1552.255,True
2/19/2026 12:00:00 AM,2/18/2026 7:00:00 PM,SERC,WEST,EKPC,EKPC,1598.546,True
2/19/2026 1:00:00 AM,2/18/2026 8:00:00 PM,SERC,WEST,EKPC,EKPC,1550.953,True
2/19/2026 2:00:00 AM,2/18/2026 9:00:00 PM,SERC,WEST,EKPC,EKPC,1505.931,True
2/19/2026 3:00:00 AM,2/18/2026 10:00:00 PM,SERC,WEST,EKPC,EKPC,1403.039,True
2/19/2026 4:00:00 AM,2/18/2026 11:00:00 PM,SERC,WEST,EKPC,EKPC,1304.159,True
2/19/2026 5:00:00 AM,2/19/2026 12:00:00 AM,SERC,WEST,EKPC,EKPC,1258.985,True
2/19/2026 6:00:00 AM,2/19/2026 1:00:00 AM,SERC,WEST,EKPC,EKPC,1256.030,True
2/19/2026 7:00:00 AM,2/19/2026 2:00:00 AM,SERC,WEST,EKPC,EKPC,1293.764,True
2/19/2026 8:00:00 AM,2/19/2026 3:00:00 AM,SERC,WEST,EKPC,EKPC,1268.378,True
2/19/2026 9:00:00 AM,2/19/2026 4:00:00 AM,SERC,WEST,EKPC,EKPC,1334.734,True
2/19/2026 10:00:00 AM,2/19/2026 5:00:00 AM,SERC,WEST,EKPC,EKPC,1395.342,True
2/19/2026 11:00:00 AM,2/19/2026 6:00:00 AM,SERC,WEST,EKPC,EKPC,1533.526,True
2/19/2026 12:00:00 PM,2/19/2026 7:00:00 AM,SERC,WEST,EKPC,EKPC,1616.814,True
2/19/2026 1:00:00 PM,2/19/2026 8:00:00 AM,SERC,WEST,EKPC,EKPC,1528.710,True
2/19/2026 2:00:00 PM,2/19/2026 9:00:00 AM,SERC,WEST,EKPC,EKPC,1516.387,True
2/19/2026 3:00:00 PM,2/19/2026 10:00:00 AM,SERC,WEST,EKPC,EKPC,1417.212,True
2/19/2026 4:00:00 PM,2/19/2026 11:00:00 AM,SERC,WEST,EKPC,EKPC,1389.240,True
2/19/2026 5:00:00 PM,2/19/2026 12:00:00 PM,SERC,WEST,EKPC,EKPC,1372.760,True
2/19/2026 6:00:00 PM,2/19/2026 1:00:00 PM,SERC,WEST,EKPC,EKPC,1346.198,True
2/19/2026 7:00:00 PM,2/19/2026 2:00:00 PM,SERC,WEST,EKPC,EKPC,1279.655,True
2/19/2026 8:00:00 PM,2/19/2026 3:00:00 PM,SERC,WEST,EKPC,EKPC,1324.797,True
2/19/2026 9:00:00 PM,2/19/2026 4:00:00 PM,SERC,WEST,EKPC,EKPC,1382.368,True
2/19/2026 10:00:00 PM,2/19/2026 5:00:00 PM,SERC,WEST,EKPC,EKPC,1465.420,True
2/19/2026 11:00:00 PM,2/19/2026 6:00:00 PM,SERC,WEST,EKPC,EKPC,1564.278,True
2/20/2026 12:00:00 AM,2/19/2026 7:00:00 PM,SERC,WEST,EKPC,EKPC,1576.658,True
2/20/2026 1:00:00 AM,2/19/2026 8:00:00 PM,SERC,WEST,EKPC,EKPC,1578.264,True
2/20/2026 2:00:00 AM,2/19/2026 9:00:00 PM,SERC,WEST,EKPC,EKPC,1509.679,True
2/20/2026 3:00:00 AM,2/19/2026 10:00:00 PM,SERC,WEST,EKPC,EKPC,1412.138,True
2/20/2026 4:00:00 AM,2/19/2026 11:00:00 PM,SERC,WEST,EKPC,EKPC,1307.821,True
2/20/2026 5:00:00 AM,2/20/2026 12:00:00 AM,SERC,WEST,EKPC,EKPC,1246.401,True
2/20/2026 6:00:00 AM,2/20/2026 1:00:00 AM,SERC,WEST,EKPC,EKPC,1229.902,True
2/20/2026 7:00:00 AM,2/20/2026 2:00:00 AM,SERC,WEST,EKPC,EKPC,1216.705,True
2/20/2026 8:00:00 AM,2/20/2026 3:00:00 AM,SERC,WEST,EKPC,EKPC,1188.506,True
2/20/2026 9:00:00 AM,2/20/2026 4:00:00 AM,SERC,WEST,EKPC,EKPC,1227.413,True
2/20/2026 10:00:00 AM,2/20/2026 5:00:00 AM,SERC,WEST,EKPC,EKPC,1304.295,True
2/20/2026 11:00:00 AM,2/20/2026 6:00:00 AM,SERC,WEST,EKPC,EKPC,1363.802,True
2/20/2026 12:00:00 PM,2/20/2026 7:00:00 AM,SERC,WEST,EKPC,EKPC,1422.709,True
2/20/2026 1:00:00 PM,2/20/2026 8:00:00 AM,SERC,WEST,EKPC,EKPC,1547.370,True
2/20/2026 2:00:00 PM,2/20/2026 9:00:00 AM,SERC,WEST,EKPC,EKPC,1517.095,True
2/20/2026 3:00:00 PM,2/20/2026 10:00:00 AM,SERC,WEST,EKPC,EKPC,1486.990,True
2/20/2026 4:00:00 PM,2/20/2026 11:00:00 AM,SERC,WEST,EKPC,EKPC,1451.996,True
2/20/2026 5:00:00 PM,2/20/2026 12:00:00 PM,SERC,WEST,EKPC,EKPC,1471.162,True
2/20/2026 6:00:00 PM,2/20/2026 1:00:00 PM,SERC,WEST,EKPC,EKPC,1422.368,True
2/20/2026 7:00:00 PM,2/20/2026 2:00:00 PM,SERC,WEST,EKPC,EKPC,1405.435,True
2/20/2026 8:00:00 PM,2/20/2026 3:00:00 PM,SERC,WEST,EKPC,EKPC,1361.228,True
2/20/2026 9:00:00 PM,2/20/2026 4:00:00 PM,SERC,WEST,EKPC,EKPC,1388.555,True
2/20/2026 10:00:00 PM,2/20/2026 5:00:00 PM,SERC,WEST,EKPC,EKPC,1370.398,True
2/20/2026 11:00:00 PM,2/20/2026 6:00:00 PM,SERC,WEST,EKPC,EKPC,1555.590,True
2/21/2026 12:00:00 AM,2/20/2026 7:00:00 PM,SERC,WEST,EKPC,EKPC,1639.216,True
2/21/2026 1:00:00 AM,2/20/2026 8:00:00 PM,SERC,WEST,EKPC,EKPC,1614.988,True
2/21/2026 2:00:00 AM,2/20/2026 9:00:00 PM,SERC,WEST,EKPC,EKPC,1619.911,True
2/21/2026 3:00:00 AM,2/20/2026 10:00:00 PM,SERC,WEST,EKPC,EKPC,1604.874,True
2/21/2026 4:00:00 AM,2/20/2026 11:00:00 PM,SERC,WEST,EKPC,EKPC,1505.220,True
2/21/2026 5:00:00 AM,2/21/2026 12:00:00 AM,SERC,WEST,EKPC,EKPC,1520.624,True
2/21/2026 6:00:00 AM,2/21/2026 1:00:00 AM,SERC,WEST,EKPC,EKPC,1531.663,True
2/21/2026 7:00:00 AM,2/21/2026 2:00:00 AM,SERC,WEST,EKPC,EKPC,1548.741,True
2/21/2026 8:00:00 AM,2/21/2026 3:00:00 AM,SERC,WEST,EKPC,EKPC,1536.022,True
2/21/2026 9:00:00 AM,2/21/2026 4:00:00 AM,SERC,WEST,EKPC,EKPC,1567.650,True
2/21/2026 10:00:00 AM,2/21/2026 5:00:00 AM,SERC,WEST,EKPC,EKPC,1611.401,True
2/21/2026 11:00:00 AM,2/21/2026 6:00:00 AM,SERC,WEST,EKPC,EKPC,1642.285,True
2/21/2026 12:00:00 PM,2/21/2026 7:00:00 AM,SERC,WEST,EKPC,EKPC,1689.143,True
2/21/2026 1:00:00 PM,2/21/2026 8:00:00 AM,SERC,WEST,EKPC,EKPC,1779.811,True
2/21/2026 2:00:00 PM,2/21/2026 9:00:00 AM,SERC,WEST,EKPC,EKPC,1809.428,True
2/21/2026 3:00:00 PM,2/21/2026 10:00:00 AM,SERC,WEST,EKPC,EKPC,1740.130,True
2/21/2026 4:00:00 PM,2/21/2026 11:00:00 AM,SERC,WEST,EKPC,EKPC,1654.112,True
2/21/2026 5:00:00 PM,2/21/2026 12:00:00 PM,SERC,WEST,EKPC,EKPC,1535.124,True
2/21/2026 6:00:00 PM,2/21/2026 1:00:00 PM,SERC,WEST,EKPC,EKPC,1457.471,True
2/21/2026 7:00:00 PM,2/21/2026 2:00:00 PM,SERC,WEST,EKPC,EKPC,1357.896,True
2/21/2026 8:00:00 PM,2/21/2026 3:00:00 PM,SERC,WEST,EKPC,EKPC,1338.182,True
2/21/2026 9:00:00 PM,2/21/2026 4:00:00 PM,SERC,WEST,EKPC,EKPC,1516.148,True
2/21/2026 10:00:00 PM,2/21/2026 5:00:00 PM,SERC,WEST,EKPC,EKPC,1557.615,True
2/21/2026 11:00:00 PM,2/21/2026 6:00:00 PM,SERC,WEST,EKPC,EKPC,1681.154,True
2/22/2026 12:00:00 AM,2/21/2026 7:00:00 PM,SERC,WEST,EKPC,EKPC,1732.917,True
2/22/2026 1:00:00 AM,2/21/2026 8:00:00 PM,SERC,WEST,EKPC,EKPC,1709.937,True
2/22/2026 2:00:00 AM,2/21/2026 9:00:00 PM,SERC,WEST,EKPC,EKPC,1795.358,True
2/22/2026 3:00:00 AM,2/21/2026 10:00:00 PM,SERC,WEST,EKPC,EKPC,1769.911,True
2/22/2026 4:00:00 AM,2/21/2026 11:00:00 PM,SERC,WEST,EKPC,EKPC,1746.591,True
2/22/2026 5:00:00 AM,2/22/2026 12:00:00 AM,SERC,WEST,EKPC,EKPC,1770.513,True
2/22/2026 6:00:00 AM,2/22/2026 1:00:00 AM,SERC,WEST,EKPC,EKPC,1795.969,True
2/22/2026 7:00:00 AM,2/22/2026 2:00:00 AM,SERC,WEST,EKPC,EKPC,1833.445,True
2/22/2026 8:00:00 AM,2/22/2026 3:00:00 AM,SERC,WEST,EKPC,EKPC,1845.113,True
2/22/2026 9:00:00 AM,2/22/2026 4:00:00 AM,SERC,WEST,EKPC,EKPC,1883.102,True
2/22/2026 10:00:00 AM,2/22/2026 5:00:00 AM,SERC,WEST,EKPC,EKPC,2005.104,True
2/22/2026 11:00:00 AM,2/22/2026 6:00:00 AM,SERC,WEST,EKPC,EKPC,2097.694,True
2/22/2026 12:00:00 PM,2/22/2026 7:00:00 AM,SERC,WEST,EKPC,EKPC,2096.205,True
2/22/2026 1:00:00 PM,2/22/2026 8:00:00 AM,SERC,WEST,EKPC,EKPC,2260.439,True
2/22/2026 2:00:00 PM,2/22/2026 9:00:00 AM,SERC,WEST,EKPC,EKPC,2335.763,True
2/22/2026 3:00:00 PM,2/22/2026 10:00:00 AM,SERC,WEST,EKPC,EKPC,2369.094,True
2/22/2026 4:00:00 PM,2/22/2026 11:00:00 AM,SERC,WEST,EKPC,EKPC,2348.719,True
2/22/2026 5:00:00 PM,2/22/2026 12:00:00 PM,SERC,WEST,EKPC,EKPC,2352.722,True
2/22/2026 6:00:00 PM,2/22/2026 1:00:00 PM,SERC,WEST,EKPC,EKPC,2435.391,True
2/22/2026 7:00:00 PM,2/22/2026 2:00:00 PM,SERC,WEST,EKPC,EKPC,2400.102,True
2/22/2026 8:00:00 PM,2/22/2026 3:00:00 PM,SERC,WEST,EKPC,EKPC,2465.170,True
2/22/2026 9:00:00 PM,2/22/2026 4:00:00 PM,SERC,WEST,EKPC,EKPC,2477.372,True
2/22/2026 10:00:00 PM,2/22/2026 5:00:00 PM,SERC,WEST,EKPC,EKPC,2444.197,True
2/22/2026 11:00:00 PM,2/22/2026 6:00:00 PM,SERC,WEST,EKPC,EKPC,2570.611,True
2/23/2026 12:00:00 AM,2/22/2026 7:00:00 PM,SERC,WEST,EKPC,EKPC,2544.111,True
2/23/2026 1:00:00 AM,2/22/2026 8:00:00 PM,SERC,WEST,EKPC,EKPC,2498.046,True
2/23/2026 2:00:00 AM,2/22/2026 9:00:00 PM,SERC,WEST,EKPC,EKPC,2547.694,True
2/23/2026 3:00:00 AM,2/22/2026 10:00:00 PM,SERC,WEST,EKPC,EKPC,2492.470,True
2/23/2026 4:00:00 AM,2/22/2026 11:00:00 PM,SERC,WEST,EKPC,EKPC,2409.073,True
2/23/2026 5:00:00 AM,2/23/2026 12:00:00 AM,SERC,WEST,EKPC,EKPC,2389.538,True
2/23/2026 6:00:00 AM,2/23/2026 1:00:00 AM,SERC,WEST,EKPC,EKPC,2409.716,True
2/23/2026 7:00:00 AM,2/23/2026 2:00:00 AM,SERC,WEST,EKPC,EKPC,2436.727,True
2/23/2026 8:00:00 AM,2/23/2026 3:00:00 AM,SERC,WEST,EKPC,EKPC,2490.191,True
2/23/2026 9:00:00 AM,2/23/2026 4:00:00 AM,SERC,WEST,EKPC,EKPC,2553.146,True
2/23/2026 10:00:00 AM,2/23/2026 5:00:00 AM,SERC,WEST,EKPC,EKPC,2649.199,True
2/23/2026 11:00:00 AM,2/23/2026 6:00:00 AM,SERC,WEST,EKPC,EKPC,2774.829,True
2/23/2026 12:00:00 PM,2/23/2026 7:00:00 AM,SERC,WEST,EKPC,EKPC,2829.126,True
2/23/2026 1:00:00 PM,2/23/2026 8:00:00 AM,SERC,WEST,EKPC,EKPC,2819.093,True
2/23/2026 2:00:00 PM,2/23/2026 9:00:00 AM,SERC,WEST,EKPC,EKPC,2769.223,True
2/23/2026 3:00:00 PM,2/23/2026 10:00:00 AM,SERC,WEST,EKPC,EKPC,2737.073,True
2/23/2026 4:00:00 PM,2/23/2026 11:00:00 AM,SERC,WEST,EKPC,EKPC,2700.321,True
2/23/2026 5:00:00 PM,2/23/2026 12:00:00 PM,SERC,WEST,EKPC,EKPC,2645.927,True
2/23/2026 6:00:00 PM,2/23/2026 1:00:00 PM,SERC,WEST,EKPC,EKPC,2623.599,True
2/23/2026 7:00:00 PM,2/23/2026 2:00:00 PM,SERC,WEST,EKPC,EKPC,2539.322,True
2/23/2026 8:00:00 PM,2/23/2026 3:00:00 PM,SERC,WEST,EKPC,EKPC,2534.411,True
2/23/2026 9:00:00 PM,2/23/2026 4:00:00 PM,SERC,WEST,EKPC,EKPC,2388.894,True
2/23/2026 10:00:00 PM,2/23/2026 5:00:00 PM,SERC,WEST,EKPC,EKPC,2555.054,True
2/23/2026 11:00:00 PM,2/23/2026 6:00:00 PM,SERC,WEST,EKPC,EKPC,2564.599,True
2/24/2026 12:00:00 AM,2/23/2026 7:00:00 PM,SERC,WEST,EKPC,EKPC,2573.678,True
2/24/2026 1:00:00 AM,2/23/2026 8:00:00 PM,SERC,WEST,EKPC,EKPC,2525.250,True
2/24/2026 2:00:00 AM,2/23/2026 9:00:00 PM,SERC,WEST,EKPC,EKPC,2322.021,True
2/24/2026 3:00:00 AM,2/23/2026 10:00:00 PM,SERC,WEST,EKPC,EKPC,2295.382,True
2/24/2026 4:00:00 AM,2/23/2026 11:00:00 PM,SERC,WEST,EKPC,EKPC,2292.917,True
2/24/2026 5:00:00 AM,2/24/2026 12:00:00 AM,SERC,WEST,EKPC,EKPC,2305.184,True
2/24/2026 6:00:00 AM,2/24/2026 1:00:00 AM,SERC,WEST,EKPC,EKPC,2364.249,True
2/24/2026 7:00:00 AM,2/24/2026 2:00:00 AM,SERC,WEST,EKPC,EKPC,2357.726,True
2/24/2026 8:00:00 AM,2/24/2026 3:00:00 AM,SERC,WEST,EKPC,EKPC,2358.425,True
2/24/2026 9:00:00 AM,2/24/2026 4:00:00 AM,SERC,WEST,EKPC,EKPC,2507.982,True
2/24/2026 10:00:00 AM,2/24/2026 5:00:00 AM,SERC,WEST,EKPC,EKPC,2605.063,True
2/24/2026 11:00:00 AM,2/24/2026 6:00:00 AM,SERC,WEST,EKPC,EKPC,2802.337,True
2/24/2026 12:00:00 PM,2/24/2026 7:00:00 AM,SERC,WEST,EKPC,EKPC,2814.994,True
2/24/2026 1:00:00 PM,2/24/2026 8:00:00 AM,SERC,WEST,EKPC,EKPC,2699.412,True
2/24/2026 2:00:00 PM,2/24/2026 9:00:00 AM,SERC,WEST,EKPC,EKPC,2499.191,True
2/24/2026 3:00:00 PM,2/24/2026 10:00:00 AM,SERC,WEST,EKPC,EKPC,2436.301,True
2/24/2026 4:00:00 PM,2/24/2026 11:00:00 AM,SERC,WEST,EKPC,EKPC,2266.886,True
2/24/2026 5:00:00 PM,2/24/2026 12:00:00 PM,SERC,WEST,EKPC,EKPC,2125.594,True
2/24/2026 6:00:00 PM,2/24/2026 1:00:00 PM,SERC,WEST,EKPC,EKPC,2106.615,True
2/24/2026 7:00:00 PM,2/24/2026 2:00:00 PM,SERC,WEST,EKPC,EKPC,2072.019,True
2/24/2026 8:00:00 PM,2/24/2026 3:00:00 PM,SERC,WEST,EKPC,EKPC,2092.471,True
2/24/2026 9:00:00 PM,2/24/2026 4:00:00 PM,SERC,WEST,EKPC,EKPC,2137.554,True
2/24/2026 10:00:00 PM,2/24/2026 5:00:00 PM,SERC,WEST,EKPC,EKPC,2178.822,True
2/24/2026 11:00:00 PM,2/24/2026 6:00:00 PM,SERC,WEST,EKPC,EKPC,2260.888,True
2/25/2026 12:00:00 AM,2/24/2026 7:00:00 PM,SERC,WEST,EKPC,EKPC,2196.314,True
2/25/2026 1:00:00 AM,2/24/2026 8:00:00 PM,SERC,WEST,EKPC,EKPC,2189.573,True
2/25/2026 2:00:00 AM,2/24/2026 9:00:00 PM,SERC,WEST,EKPC,EKPC,2056.787,True
2/25/2026 3:00:00 AM,2/24/2026 10:00:00 PM,SERC,WEST,EKPC,EKPC,1973.699,True
2/25/2026 4:00:00 AM,2/24/2026 11:00:00 PM,SERC,WEST,EKPC,EKPC,1869.342,True
2/25/2026 5:00:00 AM,2/25/2026 12:00:00 AM,SERC,WEST,EKPC,EKPC,1848.567,True
2/25/2026 6:00:00 AM,2/25/2026 1:00:00 AM,SERC,WEST,EKPC,EKPC,1843.525,True
2/25/2026 7:00:00 AM,2/25/2026 2:00:00 AM,SERC,WEST,EKPC,EKPC,1763.744,True
2/25/2026 8:00:00 AM,2/25/2026 3:00:00 AM,SERC,WEST,EKPC,EKPC,1744.273,True
2/25/2026 9:00:00 AM,2/25/2026 4:00:00 AM,SERC,WEST,EKPC,EKPC,1812.600,True
2/25/2026 10:00:00 AM,2/25/2026 5:00:00 AM,SERC,WEST,EKPC,EKPC,1862.694,True
2/25/2026 11:00:00 AM,2/25/2026 6:00:00 AM,SERC,WEST,EKPC,EKPC,1986.141,True
2/25/2026 12:00:00 PM,2/25/2026 7:00:00 AM,SERC,WEST,EKPC,EKPC,1981.363,True
2/25/2026 1:00:00 PM,2/25/2026 8:00:00 AM,SERC,WEST,EKPC,EKPC,1964.951,True
2/25/2026 2:00:00 PM,2/25/2026 9:00:00 AM,SERC,WEST,EKPC,EKPC,1919.403,True
2/25/2026 3:00:00 PM,2/25/2026 10:00:00 AM,SERC,WEST,EKPC,EKPC,1846.598,True
2/25/2026 4:00:00 PM,2/25/2026 11:00:00 AM,SERC,WEST,EKPC,EKPC,1790.295,True
2/25/2026 5:00:00 PM,2/25/2026 12:00:00 PM,SERC,WEST,EKPC,EKPC,1655.040,True
2/25/2026 6:00:00 PM,2/25/2026 1:00:00 PM,SERC,WEST,EKPC,EKPC,1467.970,True
2/25/2026 7:00:00 PM,2/25/2026 2:00:00 PM,SERC,WEST,EKPC,EKPC,1381.058,True
2/25/2026 8:00:00 PM,2/25/2026 3:00:00 PM,SERC,WEST,EKPC,EKPC,1370.195,True
2/25/2026 9:00:00 PM,2/25/2026 4:00:00 PM,SERC,WEST,EKPC,EKPC,1478.672,True
2/25/2026 10:00:00 PM,2/25/2026 5:00:00 PM,SERC,WEST,EKPC,EKPC,1627.989,True
2/25/2026 11:00:00 PM,2/25/2026 6:00:00 PM,SERC,WEST,EKPC,EKPC,1721.102,True
2/26/2026 12:00:00 AM,2/25/2026 7:00:00 PM,SERC,WEST,EKPC,EKPC,1764.064,True
2/26/2026 1:00:00 AM,2/25/2026 8:00:00 PM,SERC,WEST,EKPC,EKPC,1775.992,True
2/26/2026 2:00:00 AM,2/25/2026 9:00:00 PM,SERC,WEST,EKPC,EKPC,1728.442,True
2/26/2026 3:00:00 AM,2/25/2026 10:00:00 PM,SERC,WEST,EKPC,EKPC,1666.925,True
2/26/2026 4:00:00 AM,2/25/2026 11:00:00 PM,SERC,WEST,EKPC,EKPC,1602.143,True
2/26/2026 5:00:00 AM,2/26/2026 12:00:00 AM,SERC,WEST,EKPC,EKPC,1577.065,True
2/26/2026 6:00:00 AM,2/26/2026 1:00:00 AM,SERC,WEST,EKPC,EKPC,1541.666,True
2/26/2026 7:00:00 AM,2/26/2026 2:00:00 AM,SERC,WEST,EKPC,EKPC,1558.415,True
2/26/2026 8:00:00 AM,2/26/2026 3:00:00 AM,SERC,WEST,EKPC,EKPC,1580.293,True
2/26/2026 9:00:00 AM,2/26/2026 4:00:00 AM,SERC,WEST,EKPC,EKPC,1536.540,True
2/26/2026 10:00:00 AM,2/26/2026 5:00:00 AM,SERC,WEST,EKPC,EKPC,1648.391,True
2/26/2026 11:00:00 AM,2/26/2026 6:00:00 AM,SERC,WEST,EKPC,EKPC,1728.771,True
2/26/2026 12:00:00 PM,2/26/2026 7:00:00 AM,SERC,WEST,EKPC,EKPC,1721.088,True
2/26/2026 1:00:00 PM,2/26/2026 8:00:00 AM,SERC,WEST,EKPC,EKPC,1709.889,True
2/26/2026 2:00:00 PM,2/26/2026 9:00:00 AM,SERC,WEST,EKPC,EKPC,1742.934,True
2/26/2026 3:00:00 PM,2/26/2026 10:00:00 AM,SERC,WEST,EKPC,EKPC,1759.333,True
2/26/2026 4:00:00 PM,2/26/2026 11:00:00 AM,SERC,WEST,EKPC,EKPC,1733.023,True
2/26/2026 5:00:00 PM,2/26/2026 12:00:00 PM,SERC,WEST,EKPC,EKPC,1677.694,True
2/26/2026 6:00:00 PM,2/26/2026 1:00:00 PM,SERC,WEST,EKPC,EKPC,1588.056,True
2/26/2026 7:00:00 PM,2/26/2026 2:00:00 PM,SERC,WEST,EKPC,EKPC,1533.144,True
2/26/2026 8:00:00 PM,2/26/2026 3:00:00 PM,SERC,WEST,EKPC,EKPC,1513.698,True
2/26/2026 9:00:00 PM,2/26/2026 4:00:00 PM,SERC,WEST,EKPC,EKPC,1510.145,True
2/26/2026 10:00:00 PM,2/26/2026 5:00:00 PM,SERC,WEST,EKPC,EKPC,1556.664,True
2/26/2026 11:00:00 PM,2/26/2026 6:00:00 PM,SERC,WEST,EKPC,EKPC,1636.733,True
2/27/2026 12:00:00 AM,2/26/2026 7:00:00 PM,SERC,WEST,EKPC,EKPC,1810.688,True
2/27/2026 1:00:00 AM,2/26/2026 8:00:00 PM,SERC,WEST,EKPC,EKPC,1753.549,True
2/27/2026 2:00:00 AM,2/26/2026 9:00:00 PM,SERC,WEST,EKPC,EKPC,1846.778,True
2/27/2026 3:00:00 AM,2/26/2026 10:00:00 PM,SERC,WEST,EKPC,EKPC,1833.728,True
2/27/2026 4:00:00 AM,2/26/2026 11:00:00 PM,SERC,WEST,EKPC,EKPC,1788.193,True
2/27/2026 5:00:00 AM,2/27/2026 12:00:00 AM,SERC,WEST,EKPC,EKPC,1802.828,True
2/27/2026 6:00:00 AM,2/27/2026 1:00:00 AM,SERC,WEST,EKPC,EKPC,1789.200,True
2/27/2026 7:00:00 AM,2/27/2026 2:00:00 AM,SERC,WEST,EKPC,EKPC,1811.080,True
2/27/2026 8:00:00 AM,2/27/2026 3:00:00 AM,SERC,WEST,EKPC,EKPC,1827.241,True
2/27/2026 9:00:00 AM,2/27/2026 4:00:00 AM,SERC,WEST,EKPC,EKPC,1791.261,True
2/27/2026 10:00:00 AM,2/27/2026 5:00:00 AM,SERC,WEST,EKPC,EKPC,1898.475,True
2/27/2026 11:00:00 AM,2/27/2026 6:00:00 AM,SERC,WEST,EKPC,EKPC,2124.349,True
2/27/2026 12:00:00 PM,2/27/2026 7:00:00 AM,SERC,WEST,EKPC,EKPC,2168.761,True
2/27/2026 1:00:00 PM,2/27/2026 8:00:00 AM,SERC,WEST,EKPC,EKPC,2095.669,True
2/27/2026 2:00:00 PM,2/27/2026 9:00:00 AM,SERC,WEST,EKPC,EKPC,1936.875,True
2/27/2026 3:00:00 PM,2/27/2026 10:00:00 AM,SERC,WEST,EKPC,EKPC,1765.322,True
2/27/2026 4:00:00 PM,2/27/2026 11:00:00 AM,SERC,WEST,EKPC,EKPC,1629.314,True
2/27/2026 5:00:00 PM,2/27/2026 12:00:00 PM,SERC,WEST,EKPC,EKPC,1485.573,True
2/27/2026 6:00:00 PM,2/27/2026 1:00:00 PM,SERC,WEST,EKPC,EKPC,1387.107,True
2/27/2026 7:00:00 PM,2/27/2026 2:00:00 PM,SERC,WEST,EKPC,EKPC,1367.496,True
2/27/2026 8:00:00 PM,2/27/2026 3:00:00 PM,SERC,WEST,EKPC,EKPC,1317.103,True
2/27/2026 9:00:00 PM,2/27/2026 4:00:00 PM,SERC,WEST,EKPC,EKPC,1342.077,True
2/27/2026 10:00:00 PM,2/27/2026 5:00:00 PM,SERC,WEST,EKPC,EKPC,1360.496,True
2/27/2026 11:00:00 PM,2/27/2026 6:00:00 PM,SERC,WEST,EKPC,EKPC,1435.908,True
2/28/2026 12:00:00 AM,2/27/2026 7:00:00 PM,SERC,WEST,EKPC,EKPC,1523.126,True
2/28/2026 1:00:00 AM,2/27/2026 8:00:00 PM,SERC,WEST,EKPC,EKPC,1534.938,True
2/28/2026 2:00:00 AM,2/27/2026 9:00:00 PM,SERC,WEST,EKPC,EKPC,1535.920,True
2/28/2026 3:00:00 AM,2/27/2026 10:00:00 PM,SERC,WEST,EKPC,EKPC,1464.060,True
2/28/2026 4:00:00 AM,2/27/2026 11:00:00 PM,SERC,WEST,EKPC,EKPC,1411.946,True
2/28/2026 5:00:00 AM,2/28/2026 12:00:00 AM,SERC,WEST,EKPC,EKPC,1487.247,True
2/28/2026 6:00:00 AM,2/28/2026 1:00:00 AM,SERC,WEST,EKPC,EKPC,1560.956,True
2/28/2026 7:00:00 AM,2/28/2026 2:00:00 AM,SERC,WEST,EKPC,EKPC,1552.884,True
2/28/2026 8:00:00 AM,2/28/2026 3:00:00 AM,SERC,WEST,EKPC,EKPC,1609.609,True
2/28/2026 9:00:00 AM,2/28/2026 4:00:00 AM,SERC,WEST,EKPC,EKPC,1656.445,True
2/28/2026 10:00:00 AM,2/28/2026 5:00:00 AM,SERC,WEST,EKPC,EKPC,1685.660,True
2/28/2026 11:00:00 AM,2/28/2026 6:00:00 AM,SERC,WEST,EKPC,EKPC,1782.042,True
2/28/2026 12:00:00 PM,2/28/2026 7:00:00 AM,SERC,WEST,EKPC,EKPC,1838.704,True
2/28/2026 1:00:00 PM,2/28/2026 8:00:00 AM,SERC,WEST,EKPC,EKPC,1813.624,True
2/28/2026 2:00:00 PM,2/28/2026 9:00:00 AM,SERC,WEST,EKPC,EKPC,1700.617,True
2/28/2026 3:00:00 PM,2/28/2026 10:00:00 AM,SERC,WEST,EKPC,EKPC,1560.331,True
2/28/2026 4:00:00 PM,2/28/2026 11:00:00 AM,SERC,WEST,EKPC,EKPC,1372.077,True
2/28/2026 5:00:00 PM,2/28/2026 12:00:00 PM,SERC,WEST,EKPC,EKPC,1213.647,True
2/28/2026 6:00:00 PM,2/28/2026 1:00:00 PM,SERC,WEST,EKPC,EKPC,1323.466,True
2/28/2026 7:00:00 PM,2/28/2026 2:00:00 PM,SERC,WEST,EKPC,EKPC,1290.617,True
2/28/2026 8:00:00 PM,2/28/2026 3:00:00 PM,SERC,WEST,EKPC,EKPC,1295.490,True
2/28/2026 9:00:00 PM,2/28/2026 4:00:00 PM,SERC,WEST,EKPC,EKPC,1333.964,True
2/28/2026 10:00:00 PM,2/28/2026 5:00:00 PM,SERC,WEST,EKPC,EKPC,1315.119,True
2/28/2026 11:00:00 PM,2/28/2026 6:00:00 PM,SERC,WEST,EKPC,EKPC,1355.583,True
3/1/2026 12:00:00 AM,2/28/2026 7:00:00 PM,SERC,WEST,EKPC,EKPC,1437.465,True
3/1/2026 1:00:00 AM,2/28/2026 8:00:00 PM,SERC,WEST,EKPC,EKPC,1413.611,True
3/1/2026 2:00:00 AM,2/28/2026 9:00:00 PM,SERC,WEST,EKPC,EKPC,1364.515,True
3/1/2026 3:00:00 AM,2/28/2026 10:00:00 PM,SERC,WEST,EKPC,EKPC,1322.603,True
3/1/2026 4:00:00 AM,2/28/2026 11:00:00 PM,SERC,WEST,EKPC,EKPC,1283.974,True
3/1/2026 5:00:00 AM,3/1/2026 12:00:00 AM,SERC,WEST,EKPC,EKPC,1236.013,True
3/1/2026 6:00:00 AM,3/1/2026 1:00:00 AM,SERC,WEST,EKPC,EKPC,1172.187,True
3/1/2026 7:00:00 AM,3/1/2026 2:00:00 AM,SERC,WEST,EKPC,EKPC,1202.384,True
3/1/2026 8:00:00 AM,3/1/2026 3:00:00 AM,SERC,WEST,EKPC,EKPC,1272.026,True
3/1/2026 9:00:00 AM,3/1/2026 4:00:00 AM,SERC,WEST,EKPC,EKPC,1302.213,True
3/1/2026 10:00:00 AM,3/1/2026 5:00:00 AM,SERC,WEST,EKPC,EKPC,1350.160,True
3/1/2026 11:00:00 AM,3/1/2026 6:00:00 AM,SERC,WEST,EKPC,EKPC,1441.549,True
3/1/2026 12:00:00 PM,3/1/2026 7:00:00 AM,SERC,WEST,EKPC,EKPC,1537.882,True
3/1/2026 1:00:00 PM,3/1/2026 8:00:00 AM,SERC,WEST,EKPC,EKPC,1633.514,True
3/1/2026 2:00:00 PM,3/1/2026 9:00:00 AM,SERC,WEST,EKPC,EKPC,1642.525,True
3/1/2026 3:00:00 PM,3/1/2026 10:00:00 AM,SERC,WEST,EKPC,EKPC,1517.471,True
3/1/2026 4:00:00 PM,3/1/2026 11:00:00 AM,SERC,WEST,EKPC,EKPC,1495.286,True
3/1/2026 5:00:00 PM,3/1/2026 12:00:00 PM,SERC,WEST,EKPC,EKPC,1424.294,True
3/1/2026 6:00:00 PM,3/1/2026 1:00:00 PM,SERC,WEST,EKPC,EKPC,1353.199,True
3/1/2026 7:00:00 PM,3/1/2026 2:00:00 PM,SERC,WEST,EKPC,EKPC,1362.107,True
3/1/2026 8:00:00 PM,3/1/2026 3:00:00 PM,SERC,WEST,EKPC,EKPC,1334.265,True
3/1/2026 9:00:00 PM,3/1/2026 4:00:00 PM,SERC,WEST,EKPC,EKPC,1359.827,True
3/1/2026 10:00:00 PM,3/1/2026 5:00:00 PM,SERC,WEST,EKPC,EKPC,1500.348,True
3/1/2026 11:00:00 PM,3/1/2026 6:00:00 PM,SERC,WEST,EKPC,EKPC,1664.300,True
3/2/2026 12:00:00 AM,3/1/2026 7:00:00 PM,SERC,WEST,EKPC,EKPC,1729.187,True
3/2/2026 1:00:00 AM,3/1/2026 8:00:00 PM,SERC,WEST,EKPC,EKPC,1755.765,True
3/2/2026 2:00:00 AM,3/1/2026 9:00:00 PM,SERC,WEST,EKPC,EKPC,1755.689,True
3/2/2026 3:00:00 AM,3/1/2026 10:00:00 PM,SERC,WEST,EKPC,EKPC,1684.211,True
3/2/2026 4:00:00 AM,3/1/2026 11:00:00 PM,SERC,WEST,EKPC,EKPC,1648.437,True
3/2/2026 5:00:00 AM,3/2/2026 12:00:00 AM,SERC,WEST,EKPC,EKPC,1625.110,True
3/2/2026 6:00:00 AM,3/2/2026 1:00:00 AM,SERC,WEST,EKPC,EKPC,1626.461,True
3/2/2026 7:00:00 AM,3/2/2026 2:00:00 AM,SERC,WEST,EKPC,EKPC,1542.074,True
3/2/2026 8:00:00 AM,3/2/2026 3:00:00 AM,SERC,WEST,EKPC,EKPC,1573.285,True
3/2/2026 9:00:00 AM,3/2/2026 4:00:00 AM,SERC,WEST,EKPC,EKPC,1598.400,True
3/2/2026 10:00:00 AM,3/2/2026 5:00:00 AM,SERC,WEST,EKPC,EKPC,1746.495,True
3/2/2026 11:00:00 AM,3/2/2026 6:00:00 AM,SERC,WEST,EKPC,EKPC,1932.143,True
3/2/2026 12:00:00 PM,3/2/2026 7:00:00 AM,SERC,WEST,EKPC,EKPC,1981.738,True
3/2/2026 1:00:00 PM,3/2/2026 8:00:00 AM,SERC,WEST,EKPC,EKPC,2047.703,True
3/2/2026 2:00:00 PM,3/2/2026 9:00:00 AM,SERC,WEST,EKPC,EKPC,2052.145,True
3/2/2026 3:00:00 PM,3/2/2026 10:00:00 AM,SERC,WEST,EKPC,EKPC,2122.892,True
3/2/2026 4:00:00 PM,3/2/2026 11:00:00 AM,SERC,WEST,EKPC,EKPC,2079.205,True
3/2/2026 5:00:00 PM,3/2/2026 12:00:00 PM,SERC,WEST,EKPC,EKPC,2096.571,True
3/2/2026 6:00:00 PM,3/2/2026 1:00:00 PM,SERC,WEST,EKPC,EKPC,2047.279,True
3/2/2026 7:00:00 PM,3/2/2026 2:00:00 PM,SERC,WEST,EKPC,EKPC,1804.306,True
3/2/2026 8:00:00 PM,3/2/2026 3:00:00 PM,SERC,WEST,EKPC,EKPC,1802.069,True
3/2/2026 9:00:00 PM,3/2/2026 4:00:00 PM,SERC,WEST,EKPC,EKPC,1905.105,True
3/2/2026 10:00:00 PM,3/2/2026 5:00:00 PM,SERC,WEST,EKPC,EKPC,1975.781,True
3/2/2026 11:00:00 PM,3/2/2026 6:00:00 PM,SERC,WEST,EKPC,EKPC,2002.807,True
3/3/2026 12:00:00 AM,3/2/2026 7:00:00 PM,SERC,WEST,EKPC,EKPC,1975.556,True
3/3/2026 1:00:00 AM,3/2/2026 8:00:00 PM,SERC,WEST,EKPC,EKPC,1919.047,True
3/3/2026 2:00:00 AM,3/2/2026 9:00:00 PM,SERC,WEST,EKPC,EKPC,1861.109,True
3/3/2026 3:00:00 AM,3/2/2026 10:00:00 PM,SERC,WEST,EKPC,EKPC,1785.335,True
3/3/2026 4:00:00 AM,3/2/2026 11:00:00 PM,SERC,WEST,EKPC,EKPC,1667.277,True
3/3/2026 5:00:00 AM,3/3/2026 12:00:00 AM,SERC,WEST,EKPC,EKPC,1620.279,True
3/3/2026 6:00:00 AM,3/3/2026 1:00:00 AM,SERC,WEST,EKPC,EKPC,1568.599,True
3/3/2026 7:00:00 AM,3/3/2026 2:00:00 AM,SERC,WEST,EKPC,EKPC,1564.168,True
3/3/2026 8:00:00 AM,3/3/2026 3:00:00 AM,SERC,WEST,EKPC,EKPC,1549.161,True
3/3/2026 9:00:00 AM,3/3/2026 4:00:00 AM,SERC,WEST,EKPC,EKPC,1579.507,True
3/3/2026 10:00:00 AM,3/3/2026 5:00:00 AM,SERC,WEST,EKPC,EKPC,1639.120,True
3/3/2026 11:00:00 AM,3/3/2026 6:00:00 AM,SERC,WEST,EKPC,EKPC,1732.066,True
3/3/2026 12:00:00 PM,3/3/2026 7:00:00 AM,SERC,WEST,EKPC,EKPC,1644.683,True
3/3/2026 1:00:00 PM,3/3/2026 8:00:00 AM,SERC,WEST,EKPC,EKPC,1614.168,True
3/3/2026 2:00:00 PM,3/3/2026 9:00:00 AM,SERC,WEST,EKPC,EKPC,1691.681,True
3/3/2026 3:00:00 PM,3/3/2026 10:00:00 AM,SERC,WEST,EKPC,EKPC,1683.868,True
3/3/2026 4:00:00 PM,3/3/2026 11:00:00 AM,SERC,WEST,EKPC,EKPC,1667.092,True
3/3/2026 5:00:00 PM,3/3/2026 12:00:00 PM,SERC,WEST,EKPC,EKPC,1613.076,True
3/3/2026 6:00:00 PM,3/3/2026 1:00:00 PM,SERC,WEST,EKPC,EKPC,1566.142,True
3/3/2026 7:00:00 PM,3/3/2026 2:00:00 PM,SERC,WEST,EKPC,EKPC,1491.720,True
3/3/2026 8:00:00 PM,3/3/2026 3:00:00 PM,SERC,WEST,EKPC,EKPC,1455.504,True
3/3/2026 9:00:00 PM,3/3/2026 4:00:00 PM,SERC,WEST,EKPC,EKPC,1459.747,True
3/3/2026 10:00:00 PM,3/3/2026 5:00:00 PM,SERC,WEST,EKPC,EKPC,1460.158,True
3/3/2026 11:00:00 PM,3/3/2026 6:00:00 PM,SERC,WEST,EKPC,EKPC,1557.771,True
3/4/2026 12:00:00 AM,3/3/2026 7:00:00 PM,SERC,WEST,EKPC,EKPC,1594.520,True
3/4/2026 1:00:00 AM,3/3/2026 8:00:00 PM,SERC,WEST,EKPC,EKPC,1588.485,True
3/4/2026 2:00:00 AM,3/3/2026 9:00:00 PM,SERC,WEST,EKPC,EKPC,1518.466,True
3/4/2026 3:00:00 AM,3/3/2026 10:00:00 PM,SERC,WEST,EKPC,EKPC,1467.384,True
3/4/2026 4:00:00 AM,3/3/2026 11:00:00 PM,SERC,WEST,EKPC,EKPC,1370.812,True
3/4/2026 5:00:00 AM,3/4/2026 12:00:00 AM,SERC,WEST,EKPC,EKPC,1316.387,True
3/4/2026 6:00:00 AM,3/4/2026 1:00:00 AM,SERC,WEST,EKPC,EKPC,1262.443,True
3/4/2026 7:00:00 AM,3/4/2026 2:00:00 AM,SERC,WEST,EKPC,EKPC,1206.737,True
3/4/2026 8:00:00 AM,3/4/2026 3:00:00 AM,SERC,WEST,EKPC,EKPC,1214.152,True
3/4/2026 9:00:00 AM,3/4/2026 4:00:00 AM,SERC,WEST,EKPC,EKPC,1202.752,True
3/4/2026 10:00:00 AM,3/4/2026 5:00:00 AM,SERC,WEST,EKPC,EKPC,1215.427,True
3/4/2026 11:00:00 AM,3/4/2026 6:00:00 AM,SERC,WEST,EKPC,EKPC,1355.208,True
3/4/2026 12:00:00 PM,3/4/2026 7:00:00 AM,SERC,WEST,EKPC,EKPC,1361.772,True
3/4/2026 1:00:00 PM,3/4/2026 8:00:00 AM,SERC,WEST,EKPC,EKPC,1329.031,True
3/4/2026 2:00:00 PM,3/4/2026 9:00:00 AM,SERC,WEST,EKPC,EKPC,1323.723,True
3/4/2026 3:00:00 PM,3/4/2026 10:00:00 AM,SERC,WEST,EKPC,EKPC,1291.473,True
3/4/2026 4:00:00 PM,3/4/2026 11:00:00 AM,SERC,WEST,EKPC,EKPC,1248.498,True
3/4/2026 5:00:00 PM,3/4/2026 12:00:00 PM,SERC,WEST,EKPC,EKPC,1229.981,True
3/4/2026 6:00:00 PM,3/4/2026 1:00:00 PM,SERC,WEST,EKPC,EKPC,1229.544,True
3/4/2026 7:00:00 PM,3/4/2026 2:00:00 PM,SERC,WEST,EKPC,EKPC,1238.439,True
3/4/2026 8:00:00 PM,3/4/2026 3:00:00 PM,SERC,WEST,EKPC,EKPC,1231.662,True
3/4/2026 9:00:00 PM,3/4/2026 4:00:00 PM,SERC,WEST,EKPC,EKPC,1309.466,True
3/4/2026 10:00:00 PM,3/4/2026 5:00:00 PM,SERC,WEST,EKPC,EKPC,1388.025,True
3/4/2026 11:00:00 PM,3/4/2026 6:00:00 PM,SERC,WEST,EKPC,EKPC,1393.541,True
3/5/2026 12:00:00 AM,3/4/2026 7:00:00 PM,SERC,WEST,EKPC,EKPC,1459.896,True
3/5/2026 1:00:00 AM,3/4/2026 8:00:00 PM,SERC,WEST,EKPC,EKPC,1418.006,True
3/5/2026 2:00:00 AM,3/4/2026 9:00:00 PM,SERC,WEST,EKPC,EKPC,1409.206,True
3/5/2026 3:00:00 AM,3/4/2026 10:00:00 PM,SERC,WEST,EKPC,EKPC,1292.882,True
3/5/2026 4:00:00 AM,3/4/2026 11:00:00 PM,SERC,WEST,EKPC,EKPC,1213.043,True
3/5/2026 5:00:00 AM,3/5/2026 12:00:00 AM,SERC,WEST,EKPC,EKPC,1168.906,True
3/5/2026 6:00:00 AM,3/5/2026 1:00:00 AM,SERC,WEST,EKPC,EKPC,1125.074,True
3/5/2026 7:00:00 AM,3/5/2026 2:00:00 AM,SERC,WEST,EKPC,EKPC,1127.993,True
3/5/2026 8:00:00 AM,3/5/2026 3:00:00 AM,SERC,WEST,EKPC,EKPC,1122.058,True
3/5/2026 9:00:00 AM,3/5/2026 4:00:00 AM,SERC,WEST,EKPC,EKPC,1149.566,True
3/5/2026 10:00:00 AM,3/5/2026 5:00:00 AM,SERC,WEST,EKPC,EKPC,1196.563,True
3/5/2026 11:00:00 AM,3/5/2026 6:00:00 AM,SERC,WEST,EKPC,EKPC,1314.498,True
3/5/2026 12:00:00 PM,3/5/2026 7:00:00 AM,SERC,WEST,EKPC,EKPC,1365.428,True
3/5/2026 1:00:00 PM,3/5/2026 8:00:00 AM,SERC,WEST,EKPC,EKPC,1439.763,True
3/5/2026 2:00:00 PM,3/5/2026 9:00:00 AM,SERC,WEST,EKPC,EKPC,1328.433,True
3/5/2026 3:00:00 PM,3/5/2026 10:00:00 AM,SERC,WEST,EKPC,EKPC,1425.521,True
3/5/2026 4:00:00 PM,3/5/2026 11:00:00 AM,SERC,WEST,EKPC,EKPC,1376.911,True
3/5/2026 5:00:00 PM,3/5/2026 12:00:00 PM,SERC,WEST,EKPC,EKPC,1432.042,True
3/5/2026 6:00:00 PM,3/5/2026 1:00:00 PM,SERC,WEST,EKPC,EKPC,1372.048,True
3/5/2026 7:00:00 PM,3/5/2026 2:00:00 PM,SERC,WEST,EKPC,EKPC,1382.912,True
3/5/2026 8:00:00 PM,3/5/2026 3:00:00 PM,SERC,WEST,EKPC,EKPC,1409.848,True
3/5/2026 9:00:00 PM,3/5/2026 4:00:00 PM,SERC,WEST,EKPC,EKPC,1457.938,True
3/5/2026 10:00:00 PM,3/5/2026 5:00:00 PM,SERC,WEST,EKPC,EKPC,1394.309,True
3/5/2026 11:00:00 PM,3/5/2026 6:00:00 PM,SERC,WEST,EKPC,EKPC,1412.801,True
3/6/2026 12:00:00 AM,3/5/2026 7:00:00 PM,SERC,WEST,EKPC,EKPC,1494.915,True
3/6/2026 1:00:00 AM,3/5/2026 8:00:00 PM,SERC,WEST,EKPC,EKPC,1512.327,True
3/6/2026 2:00:00 AM,3/5/2026 9:00:00 PM,SERC,WEST,EKPC,EKPC,1439.852,True
3/6/2026 3:00:00 AM,3/5/2026 10:00:00 PM,SERC,WEST,EKPC,EKPC,1359.507,True
3/6/2026 4:00:00 AM,3/5/2026 11:00:00 PM,SERC,WEST,EKPC,EKPC,1236.278,True
3/6/2026 5:00:00 AM,3/6/2026 12:00:00 AM,SERC,WEST,EKPC,EKPC,1219.178,True
3/6/2026 6:00:00 AM,3/6/2026 1:00:00 AM,SERC,WEST,EKPC,EKPC,1164.954,True
3/6/2026 7:00:00 AM,3/6/2026 2:00:00 AM,SERC,WEST,EKPC,EKPC,1145.129,True
3/6/2026 8:00:00 AM,3/6/2026 3:00:00 AM,SERC,WEST,EKPC,EKPC,1186.681,True
3/6/2026 9:00:00 AM,3/6/2026 4:00:00 AM,SERC,WEST,EKPC,EKPC,1119.414,True
3/6/2026 10:00:00 AM,3/6/2026 5:00:00 AM,SERC,WEST,EKPC,EKPC,1247.065,True
3/6/2026 11:00:00 AM,3/6/2026 6:00:00 AM,SERC,WEST,EKPC,EKPC,1411.118,True
3/6/2026 12:00:00 PM,3/6/2026 7:00:00 AM,SERC,WEST,EKPC,EKPC,1388.549,True
3/6/2026 1:00:00 PM,3/6/2026 8:00:00 AM,SERC,WEST,EKPC,EKPC,1355.037,True
3/6/2026 2:00:00 PM,3/6/2026 9:00:00 AM,SERC,WEST,EKPC,EKPC,1282.707,True
3/6/2026 3:00:00 PM,3/6/2026 10:00:00 AM,SERC,WEST,EKPC,EKPC,1274.347,True
3/6/2026 4:00:00 PM,3/6/2026 11:00:00 AM,SERC,WEST,EKPC,EKPC,1334.603,True
3/6/2026 5:00:00 PM,3/6/2026 12:00:00 PM,SERC,WEST,EKPC,EKPC,1361.287,True
3/6/2026 6:00:00 PM,3/6/2026 1:00:00 PM,SERC,WEST,EKPC,EKPC,1371.893,True
3/6/2026 7:00:00 PM,3/6/2026 2:00:00 PM,SERC,WEST,EKPC,EKPC,1386.368,True
3/6/2026 8:00:00 PM,3/6/2026 3:00:00 PM,SERC,WEST,EKPC,EKPC,1397.081,True
3/6/2026 9:00:00 PM,3/6/2026 4:00:00 PM,SERC,WEST,EKPC,EKPC,1416.409,True
3/6/2026 10:00:00 PM,3/6/2026 5:00:00 PM,SERC,WEST,EKPC,EKPC,1417.614,True
3/6/2026 11:00:00 PM,3/6/2026 6:00:00 PM,SERC,WEST,EKPC,EKPC,1386.458,True
3/7/2026 12:00:00 AM,3/6/2026 7:00:00 PM,SERC,WEST,EKPC,EKPC,1337.306,True
3/7/2026 1:00:00 AM,3/6/2026 8:00:00 PM,SERC,WEST,EKPC,EKPC,1307.165,True
3/7/2026 2:00:00 AM,3/6/2026 9:00:00 PM,SERC,WEST,EKPC,EKPC,1351.896,True
3/7/2026 3:00:00 AM,3/6/2026 10:00:00 PM,SERC,WEST,EKPC,EKPC,1269.933,True
3/7/2026 4:00:00 AM,3/6/2026 11:00:00 PM,SERC,WEST,EKPC,EKPC,1232.503,True
3/7/2026 5:00:00 AM,3/7/2026 12:00:00 AM,SERC,WEST,EKPC,EKPC,1113.037,True
3/7/2026 6:00:00 AM,3/7/2026 1:00:00 AM,SERC,WEST,EKPC,EKPC,1081.230,True
3/7/2026 7:00:00 AM,3/7/2026 2:00:00 AM,SERC,WEST,EKPC,EKPC,1048.705,True
3/7/2026 8:00:00 AM,3/7/2026 3:00:00 AM,SERC,WEST,EKPC,EKPC,979.753,True
3/7/2026 9:00:00 AM,3/7/2026 4:00:00 AM,SERC,WEST,EKPC,EKPC,1020.850,True
3/7/2026 10:00:00 AM,3/7/2026 5:00:00 AM,SERC,WEST,EKPC,EKPC,1120.320,True
3/7/2026 11:00:00 AM,3/7/2026 6:00:00 AM,SERC,WEST,EKPC,EKPC,1183.656,True
3/7/2026 12:00:00 PM,3/7/2026 7:00:00 AM,SERC,WEST,EKPC,EKPC,1218.345,True
3/7/2026 1:00:00 PM,3/7/2026 8:00:00 AM,SERC,WEST,EKPC,EKPC,1273.849,True
3/7/2026 2:00:00 PM,3/7/2026 9:00:00 AM,SERC,WEST,EKPC,EKPC,1361.109,True
3/7/2026 3:00:00 PM,3/7/2026 10:00:00 AM,SERC,WEST,EKPC,EKPC,1377.222,True
3/7/2026 4:00:00 PM,3/7/2026 11:00:00 AM,SERC,WEST,EKPC,EKPC,1381.512,True
3/7/2026 5:00:00 PM,3/7/2026 12:00:00 PM,SERC,WEST,EKPC,EKPC,1353.695,True
3/7/2026 6:00:00 PM,3/7/2026 1:00:00 PM,SERC,WEST,EKPC,EKPC,1354.436,True
3/7/2026 7:00:00 PM,3/7/2026 2:00:00 PM,SERC,WEST,EKPC,EKPC,1365.982,True
3/7/2026 8:00:00 PM,3/7/2026 3:00:00 PM,SERC,WEST,EKPC,EKPC,1422.630,True
3/7/2026 9:00:00 PM,3/7/2026 4:00:00 PM,SERC,WEST,EKPC,EKPC,1404.950,True
3/7/2026 10:00:00 PM,3/7/2026 5:00:00 PM,SERC,WEST,EKPC,EKPC,1415.209,True
3/7/2026 11:00:00 PM,3/7/2026 6:00:00 PM,SERC,WEST,EKPC,EKPC,1401.623,True
3/8/2026 12:00:00 AM,3/7/2026 7:00:00 PM,SERC,WEST,EKPC,EKPC,1432.919,True
3/8/2026 1:00:00 AM,3/7/2026 8:00:00 PM,SERC,WEST,EKPC,EKPC,1406.010,True
3/8/2026 2:00:00 AM,3/7/2026 9:00:00 PM,SERC,WEST,EKPC,EKPC,1371.951,True
3/8/2026 3:00:00 AM,3/7/2026 10:00:00 PM,SERC,WEST,EKPC,EKPC,1279.676,True
3/8/2026 4:00:00 AM,3/7/2026 11:00:00 PM,SERC,WEST,EKPC,EKPC,1222.248,True
3/8/2026 5:00:00 AM,3/8/2026 12:00:00 AM,SERC,WEST,EKPC,EKPC,1132.725,True
3/8/2026 6:00:00 AM,3/8/2026 1:00:00 AM,SERC,WEST,EKPC,EKPC,1137.397,True
3/8/2026 7:00:00 AM,3/8/2026 3:00:00 AM,SERC,WEST,EKPC,EKPC,1114.604,True
3/8/2026 8:00:00 AM,3/8/2026 4:00:00 AM,SERC,WEST,EKPC,EKPC,1110.497,True
3/8/2026 9:00:00 AM,3/8/2026 5:00:00 AM,SERC,WEST,EKPC,EKPC,1081.378,True
3/8/2026 10:00:00 AM,3/8/2026 6:00:00 AM,SERC,WEST,EKPC,EKPC,1135.001,True
3/8/2026 11:00:00 AM,3/8/2026 7:00:00 AM,SERC,WEST,EKPC,EKPC,1171.314,True
3/8/2026 12:00:00 PM,3/8/2026 8:00:00 AM,SERC,WEST,EKPC,EKPC,1113.072,True
3/8/2026 1:00:00 PM,3/8/2026 9:00:00 AM,SERC,WEST,EKPC,EKPC,1359.383,True
3/8/2026 2:00:00 PM,3/8/2026 10:00:00 AM,SERC,WEST,EKPC,EKPC,1431.234,True
3/8/2026 3:00:00 PM,3/8/2026 11:00:00 AM,SERC,WEST,EKPC,EKPC,1397.540,True
3/8/2026 4:00:00 PM,3/8/2026 12:00:00 PM,SERC,WEST,EKPC,EKPC,1404.734,True
3/8/2026 5:00:00 PM,3/8/2026 1:00:00 PM,SERC,WEST,EKPC,EKPC,1373.434,True
3/8/2026 6:00:00 PM,3/8/2026 2:00:00 PM,SERC,WEST,EKPC,EKPC,1350.107,True
3/8/2026 7:00:00 PM,3/8/2026 3:00:00 PM,SERC,WEST,EKPC,EKPC,1319.048,True
3/8/2026 8:00:00 PM,3/8/2026 4:00:00 PM,SERC,WEST,EKPC,EKPC,1361.592,True
3/8/2026 9:00:00 PM,3/8/2026 5:00:00 PM,SERC,WEST,EKPC,EKPC,1375.030,True
3/8/2026 10:00:00 PM,3/8/2026 6:00:00 PM,SERC,WEST,EKPC,EKPC,1394.146,True
3/8/2026 11:00:00 PM,3/8/2026 7:00:00 PM,SERC,WEST,EKPC,EKPC,1436.655,True
3/9/2026 12:00:00 AM,3/8/2026 8:00:00 PM,SERC,WEST,EKPC,EKPC,1505.795,True
3/9/2026 1:00:00 AM,3/8/2026 9:00:00 PM,SERC,WEST,EKPC,EKPC,1495.638,True
3/9/2026 2:00:00 AM,3/8/2026 10:00:00 PM,SERC,WEST,EKPC,EKPC,1421.724,True
3/9/2026 3:00:00 AM,3/8/2026 11:00:00 PM,SERC,WEST,EKPC,EKPC,1311.183,True
3/9/2026 4:00:00 AM,3/9/2026 12:00:00 AM,SERC,WEST,EKPC,EKPC,1215.974,True
3/9/2026 5:00:00 AM,3/9/2026 1:00:00 AM,SERC,WEST,EKPC,EKPC,1177.460,True
3/9/2026 6:00:00 AM,3/9/2026 2:00:00 AM,SERC,WEST,EKPC,EKPC,1263.208,True
3/9/2026 7:00:00 AM,3/9/2026 3:00:00 AM,SERC,WEST,EKPC,EKPC,1260.359,True
3/9/2026 8:00:00 AM,3/9/2026 4:00:00 AM,SERC,WEST,EKPC,EKPC,1304.515,True
3/9/2026 9:00:00 AM,3/9/2026 5:00:00 AM,SERC,WEST,EKPC,EKPC,1407.953,True
3/9/2026 10:00:00 AM,3/9/2026 6:00:00 AM,SERC,WEST,EKPC,EKPC,1615.886,True
3/9/2026 11:00:00 AM,3/9/2026 7:00:00 AM,SERC,WEST,EKPC,EKPC,1618.592,True
3/9/2026 12:00:00 PM,3/9/2026 8:00:00 AM,SERC,WEST,EKPC,EKPC,1591.156,True
3/9/2026 1:00:00 PM,3/9/2026 9:00:00 AM,SERC,WEST,EKPC,EKPC,1522.501,True
3/9/2026 2:00:00 PM,3/9/2026 10:00:00 AM,SERC,WEST,EKPC,EKPC,1457.145,True
3/9/2026 3:00:00 PM,3/9/2026 11:00:00 AM,SERC,WEST,EKPC,EKPC,1449.606,True
3/9/2026 4:00:00 PM,3/9/2026 12:00:00 PM,SERC,WEST,EKPC,EKPC,1407.509,True
3/9/2026 5:00:00 PM,3/9/2026 1:00:00 PM,SERC,WEST,EKPC,EKPC,1364.076,True
3/9/2026 6:00:00 PM,3/9/2026 2:00:00 PM,SERC,WEST,EKPC,EKPC,1377.522,True
3/9/2026 7:00:00 PM,3/9/2026 3:00:00 PM,SERC,WEST,EKPC,EKPC,1233.660,True
3/9/2026 8:00:00 PM,3/9/2026 4:00:00 PM,SERC,WEST,EKPC,EKPC,1247.557,True
3/9/2026 9:00:00 PM,3/9/2026 5:00:00 PM,SERC,WEST,EKPC,EKPC,1417.900,True
3/9/2026 10:00:00 PM,3/9/2026 6:00:00 PM,SERC,WEST,EKPC,EKPC,1430.171,True
3/9/2026 11:00:00 PM,3/9/2026 7:00:00 PM,SERC,WEST,EKPC,EKPC,1503.776,True
3/10/2026 12:00:00 AM,3/9/2026 8:00:00 PM,SERC,WEST,EKPC,EKPC,1543.762,True
3/10/2026 1:00:00 AM,3/9/2026 9:00:00 PM,SERC,WEST,EKPC,EKPC,1494.213,True
3/10/2026 2:00:00 AM,3/9/2026 10:00:00 PM,SERC,WEST,EKPC,EKPC,1387.785,True
3/10/2026 3:00:00 AM,3/9/2026 11:00:00 PM,SERC,WEST,EKPC,EKPC,1277.746,True
3/10/2026 4:00:00 AM,3/10/2026 12:00:00 AM,SERC,WEST,EKPC,EKPC,1183.850,True
3/10/2026 5:00:00 AM,3/10/2026 1:00:00 AM,SERC,WEST,EKPC,EKPC,1122.873,True
3/10/2026 6:00:00 AM,3/10/2026 2:00:00 AM,SERC,WEST,EKPC,EKPC,1127.365,True
3/10/2026 7:00:00 AM,3/10/2026 3:00:00 AM,SERC,WEST,EKPC,EKPC,1073.036,True
3/10/2026 8:00:00 AM,3/10/2026 4:00:00 AM,SERC,WEST,EKPC,EKPC,1147.602,True
3/10/2026 9:00:00 AM,3/10/2026 5:00:00 AM,SERC,WEST,EKPC,EKPC,1132.563,True
3/10/2026 10:00:00 AM,3/10/2026 6:00:00 AM,SERC,WEST,EKPC,EKPC,1297.849,True
3/10/2026 11:00:00 AM,3/10/2026 7:00:00 AM,SERC,WEST,EKPC,EKPC,1437.929,True
3/10/2026 12:00:00 PM,3/10/2026 8:00:00 AM,SERC,WEST,EKPC,EKPC,1417.315,True
3/10/2026 1:00:00 PM,3/10/2026 9:00:00 AM,SERC,WEST,EKPC,EKPC,1441.288,True
3/10/2026 2:00:00 PM,3/10/2026 10:00:00 AM,SERC,WEST,EKPC,EKPC,1418.655,True
3/10/2026 3:00:00 PM,3/10/2026 11:00:00 AM,SERC,WEST,EKPC,EKPC,1401.663,True
3/10/2026 4:00:00 PM,3/10/2026 12:00:00 PM,SERC,WEST,EKPC,EKPC,1415.824,True
3/10/2026 5:00:00 PM,3/10/2026 1:00:00 PM,SERC,WEST,EKPC,EKPC,1398.869,True
3/10/2026 6:00:00 PM,3/10/2026 2:00:00 PM,SERC,WEST,EKPC,EKPC,1414.207,True
3/10/2026 7:00:00 PM,3/10/2026 3:00:00 PM,SERC,WEST,EKPC,EKPC,1446.889,True
3/10/2026 8:00:00 PM,3/10/2026 4:00:00 PM,SERC,WEST,EKPC,EKPC,1428.080,True
3/10/2026 9:00:00 PM,3/10/2026 5:00:00 PM,SERC,WEST,EKPC,EKPC,1395.243,True
3/10/2026 10:00:00 PM,3/10/2026 6:00:00 PM,SERC,WEST,EKPC,EKPC,1491.720,True
3/10/2026 11:00:00 PM,3/10/2026 7:00:00 PM,SERC,WEST,EKPC,EKPC,1524.575,True
3/11/2026 12:00:00 AM,3/10/2026 8:00:00 PM,SERC,WEST,EKPC,EKPC,1443.242,True
3/11/2026 1:00:00 AM,3/10/2026 9:00:00 PM,SERC,WEST,EKPC,EKPC,1468.111,True
3/11/2026 2:00:00 AM,3/10/2026 10:00:00 PM,SERC,WEST,EKPC,EKPC,1429.339,True
3/11/2026 3:00:00 AM,3/10/2026 11:00:00 PM,SERC,WEST,EKPC,EKPC,1310.764,True
3/11/2026 4:00:00 AM,3/11/2026 12:00:00 AM,SERC,WEST,EKPC,EKPC,1218.975,True
3/11/2026 5:00:00 AM,3/11/2026 1:00:00 AM,SERC,WEST,EKPC,EKPC,1165.343,True
3/11/2026 6:00:00 AM,3/11/2026 2:00:00 AM,SERC,WEST,EKPC,EKPC,1096.404,True
3/11/2026 7:00:00 AM,3/11/2026 3:00:00 AM,SERC,WEST,EKPC,EKPC,1127.650,True
3/11/2026 8:00:00 AM,3/11/2026 4:00:00 AM,SERC,WEST,EKPC,EKPC,1020.752,True
3/11/2026 9:00:00 AM,3/11/2026 5:00:00 AM,SERC,WEST,EKPC,EKPC,1049.691,True
3/11/2026 10:00:00 AM,3/11/2026 6:00:00 AM,SERC,WEST,EKPC,EKPC,1164.100,True
3/11/2026 11:00:00 AM,3/11/2026 7:00:00 AM,SERC,WEST,EKPC,EKPC,1193.065,True
3/11/2026 12:00:00 PM,3/11/2026 8:00:00 AM,SERC,WEST,EKPC,EKPC,1192.300,True
3/11/2026 1:00:00 PM,3/11/2026 9:00:00 AM,SERC,WEST,EKPC,EKPC,1193.907,True
3/11/2026 2:00:00 PM,3/11/2026 10:00:00 AM,SERC,WEST,EKPC,EKPC,1214.727,True
3/11/2026 3:00:00 PM,3/11/2026 11:00:00 AM,SERC,WEST,EKPC,EKPC,1247.912,True
3/11/2026 4:00:00 PM,3/11/2026 12:00:00 PM,SERC,WEST,EKPC,EKPC,1254.743,True
3/11/2026 5:00:00 PM,3/11/2026 1:00:00 PM,SERC,WEST,EKPC,EKPC,1273.070,True
3/11/2026 6:00:00 PM,3/11/2026 2:00:00 PM,SERC,WEST,EKPC,EKPC,1274.855,True
3/11/2026 7:00:00 PM,3/11/2026 3:00:00 PM,SERC,WEST,EKPC,EKPC,1360.869,True
3/11/2026 8:00:00 PM,3/11/2026 4:00:00 PM,SERC,WEST,EKPC,EKPC,1452.351,True
3/11/2026 9:00:00 PM,3/11/2026 5:00:00 PM,SERC,WEST,EKPC,EKPC,1422.044,True
3/11/2026 10:00:00 PM,3/11/2026 6:00:00 PM,SERC,WEST,EKPC,EKPC,1496.845,True
3/11/2026 11:00:00 PM,3/11/2026 7:00:00 PM,SERC,WEST,EKPC,EKPC,1412.670,True
3/12/2026 12:00:00 AM,3/11/2026 8:00:00 PM,SERC,WEST,EKPC,EKPC,1421.699,True
3/12/2026 1:00:00 AM,3/11/2026 9:00:00 PM,SERC,WEST,EKPC,EKPC,1494.024,True
3/12/2026 2:00:00 AM,3/11/2026 10:00:00 PM,SERC,WEST,EKPC,EKPC,1382.882,True
3/12/2026 3:00:00 AM,3/11/2026 11:00:00 PM,SERC,WEST,EKPC,EKPC,1272.437,True
3/12/2026 4:00:00 AM,3/12/2026 12:00:00 AM,SERC,WEST,EKPC,EKPC,1216.467,True
3/12/2026 5:00:00 AM,3/12/2026 1:00:00 AM,SERC,WEST,EKPC,EKPC,1227.137,True
3/12/2026 6:00:00 AM,3/12/2026 2:00:00 AM,SERC,WEST,EKPC,EKPC,1243.517,True
3/12/2026 7:00:00 AM,3/12/2026 3:00:00 AM,SERC,WEST,EKPC,EKPC,1294.621,True
3/12/2026 8:00:00 AM,3/12/2026 4:00:00 AM,SERC,WEST,EKPC,EKPC,1366.190,True
3/12/2026 9:00:00 AM,3/12/2026 5:00:00 AM,SERC,WEST,EKPC,EKPC,1522.104,True
3/12/2026 10:00:00 AM,3/12/2026 6:00:00 AM,SERC,WEST,EKPC,EKPC,1713.509,True
3/12/2026 11:00:00 AM,3/12/2026 7:00:00 AM,SERC,WEST,EKPC,EKPC,1828.119,True
3/12/2026 12:00:00 PM,3/12/2026 8:00:00 AM,SERC,WEST,EKPC,EKPC,1746.767,True
3/12/2026 1:00:00 PM,3/12/2026 9:00:00 AM,SERC,WEST,EKPC,EKPC,1827.397,True
3/12/2026 2:00:00 PM,3/12/2026 10:00:00 AM,SERC,WEST,EKPC,EKPC,1744.755,True
3/12/2026 3:00:00 PM,3/12/2026 11:00:00 AM,SERC,WEST,EKPC,EKPC,1618.142,True
3/12/2026 4:00:00 PM,3/12/2026 12:00:00 PM,SERC,WEST,EKPC,EKPC,1446.673,True
3/12/2026 5:00:00 PM,3/12/2026 1:00:00 PM,SERC,WEST,EKPC,EKPC,1541.959,True
3/12/2026 6:00:00 PM,3/12/2026 2:00:00 PM,SERC,WEST,EKPC,EKPC,1533.565,True
3/12/2026 7:00:00 PM,3/12/2026 3:00:00 PM,SERC,WEST,EKPC,EKPC,1479.195,True
3/12/2026 8:00:00 PM,3/12/2026 4:00:00 PM,SERC,WEST,EKPC,EKPC,1501.502,True
3/12/2026 9:00:00 PM,3/12/2026 5:00:00 PM,SERC,WEST,EKPC,EKPC,1489.180,True
3/12/2026 10:00:00 PM,3/12/2026 6:00:00 PM,SERC,WEST,EKPC,EKPC,1513.616,True
3/12/2026 11:00:00 PM,3/12/2026 7:00:00 PM,SERC,WEST,EKPC,EKPC,1608.744,True
3/13/2026 12:00:00 AM,3/12/2026 8:00:00 PM,SERC,WEST,EKPC,EKPC,1737.421,True
3/13/2026 1:00:00 AM,3/12/2026 9:00:00 PM,SERC,WEST,EKPC,EKPC,1746.157,True
3/13/2026 2:00:00 AM,3/12/2026 10:00:00 PM,SERC,WEST,EKPC,EKPC,1686.767,True
3/13/2026 3:00:00 AM,3/12/2026 11:00:00 PM,SERC,WEST,EKPC,EKPC,1643.144,True
3/13/2026 4:00:00 AM,3/13/2026 12:00:00 AM,SERC,WEST,EKPC,EKPC,1537.159,True
3/13/2026 5:00:00 AM,3/13/2026 1:00:00 AM,SERC,WEST,EKPC,EKPC,1499.952,True
3/13/2026 6:00:00 AM,3/13/2026 2:00:00 AM,SERC,WEST,EKPC,EKPC,1614.412,True
3/13/2026 7:00:00 AM,3/13/2026 3:00:00 AM,SERC,WEST,EKPC,EKPC,1657.376,True
3/13/2026 8:00:00 AM,3/13/2026 4:00:00 AM,SERC,WEST,EKPC,EKPC,1698.377,True
3/13/2026 9:00:00 AM,3/13/2026 5:00:00 AM,SERC,WEST,EKPC,EKPC,1824.263,True
3/13/2026 10:00:00 AM,3/13/2026 6:00:00 AM,SERC,WEST,EKPC,EKPC,1933.891,True
3/13/2026 11:00:00 AM,3/13/2026 7:00:00 AM,SERC,WEST,EKPC,EKPC,2013.036,True
3/13/2026 12:00:00 PM,3/13/2026 8:00:00 AM,SERC,WEST,EKPC,EKPC,1981.842,True
3/13/2026 1:00:00 PM,3/13/2026 9:00:00 AM,SERC,WEST,EKPC,EKPC,1938.117,True
3/13/2026 2:00:00 PM,3/13/2026 10:00:00 AM,SERC,WEST,EKPC,EKPC,1886.108,True
3/13/2026 3:00:00 PM,3/13/2026 11:00:00 AM,SERC,WEST,EKPC,EKPC,1720.016,True
3/13/2026 4:00:00 PM,3/13/2026 12:00:00 PM,SERC,WEST,EKPC,EKPC,1639.129,True
3/13/2026 5:00:00 PM,3/13/2026 1:00:00 PM,SERC,WEST,EKPC,EKPC,1537.185,True
3/13/2026 6:00:00 PM,3/13/2026 2:00:00 PM,SERC,WEST,EKPC,EKPC,1477.967,True
3/13/2026 7:00:00 PM,3/13/2026 3:00:00 PM,SERC,WEST,EKPC,EKPC,1443.812,True
3/13/2026 8:00:00 PM,3/13/2026 4:00:00 PM,SERC,WEST,EKPC,EKPC,1304.244,True
3/13/2026 9:00:00 PM,3/13/2026 5:00:00 PM,SERC,WEST,EKPC,EKPC,1390.302,True
3/13/2026 10:00:00 PM,3/13/2026 6:00:00 PM,SERC,WEST,EKPC,EKPC,1407.415,True
3/13/2026 11:00:00 PM,3/13/2026 7:00:00 PM,SERC,WEST,EKPC,EKPC,1442.655,True
3/14/2026 12:00:00 AM,3/13/2026 8:00:00 PM,SERC,WEST,EKPC,EKPC,1544.921,True
3/14/2026 1:00:00 AM,3/13/2026 9:00:00 PM,SERC,WEST,EKPC,EKPC,1549.088,True
3/14/2026 2:00:00 AM,3/13/2026 10:00:00 PM,SERC,WEST,EKPC,EKPC,1447.775,True
3/14/2026 3:00:00 AM,3/13/2026 11:00:00 PM,SERC,WEST,EKPC,EKPC,1282.796,True
3/14/2026 4:00:00 AM,3/14/2026 12:00:00 AM,SERC,WEST,EKPC,EKPC,1366.008,True
3/14/2026 5:00:00 AM,3/14/2026 1:00:00 AM,SERC,WEST,EKPC,EKPC,1407.066,True
3/14/2026 6:00:00 AM,3/14/2026 2:00:00 AM,SERC,WEST,EKPC,EKPC,1439.145,True
3/14/2026 7:00:00 AM,3/14/2026 3:00:00 AM,SERC,WEST,EKPC,EKPC,1463.510,True
3/14/2026 8:00:00 AM,3/14/2026 4:00:00 AM,SERC,WEST,EKPC,EKPC,1471.549,True
3/14/2026 9:00:00 AM,3/14/2026 5:00:00 AM,SERC,WEST,EKPC,EKPC,1541.345,True
3/14/2026 10:00:00 AM,3/14/2026 6:00:00 AM,SERC,WEST,EKPC,EKPC,1610.674,True
3/14/2026 11:00:00 AM,3/14/2026 7:00:00 AM,SERC,WEST,EKPC,EKPC,1678.469,True
3/14/2026 12:00:00 PM,3/14/2026 8:00:00 AM,SERC,WEST,EKPC,EKPC,1788.480,True
3/14/2026 1:00:00 PM,3/14/2026 9:00:00 AM,SERC,WEST,EKPC,EKPC,1814.076,True
3/14/2026 2:00:00 PM,3/14/2026 10:00:00 AM,SERC,WEST,EKPC,EKPC,1726.026,True
3/14/2026 3:00:00 PM,3/14/2026 11:00:00 AM,SERC,WEST,EKPC,EKPC,1608.295,True
3/14/2026 4:00:00 PM,3/14/2026 12:00:00 PM,SERC,WEST,EKPC,EKPC,1498.665,True
3/14/2026 5:00:00 PM,3/14/2026 1:00:00 PM,SERC,WEST,EKPC,EKPC,1390.846,True
3/14/2026 6:00:00 PM,3/14/2026 2:00:00 PM,SERC,WEST,EKPC,EKPC,1348.604,True
3/14/2026 7:00:00 PM,3/14/2026 3:00:00 PM,SERC,WEST,EKPC,EKPC,1349.063,True
3/14/2026 8:00:00 PM,3/14/2026 4:00:00 PM,SERC,WEST,EKPC,EKPC,1323.332,True
3/14/2026 9:00:00 PM,3/14/2026 5:00:00 PM,SERC,WEST,EKPC,EKPC,1316.705,True
3/14/2026 10:00:00 PM,3/14/2026 6:00:00 PM,SERC,WEST,EKPC,EKPC,1360.407,True
3/14/2026 11:00:00 PM,3/14/2026 7:00:00 PM,SERC,WEST,EKPC,EKPC,1372.101,True
3/15/2026 12:00:00 AM,3/14/2026 8:00:00 PM,SERC,WEST,EKPC,EKPC,1445.563,True
3/15/2026 1:00:00 AM,3/14/2026 9:00:00 PM,SERC,WEST,EKPC,EKPC,1374.829,True
3/15/2026 2:00:00 AM,3/14/2026 10:00:00 PM,SERC,WEST,EKPC,EKPC,1382.387,True
3/15/2026 3:00:00 AM,3/14/2026 11:00:00 PM,SERC,WEST,EKPC,EKPC,1394.776,True
3/15/2026 4:00:00 AM,3/15/2026 12:00:00 AM,SERC,WEST,EKPC,EKPC,1315.431,True
3/15/2026 5:00:00 AM,3/15/2026 1:00:00 AM,SERC,WEST,EKPC,EKPC,1312.109,True
3/15/2026 6:00:00 AM,3/15/2026 2:00:00 AM,SERC,WEST,EKPC,EKPC,1309.113,True
3/15/2026 7:00:00 AM,3/15/2026 3:00:00 AM,SERC,WEST,EKPC,EKPC,1348.631,True
3/15/2026 8:00:00 AM,3/15/2026 4:00:00 AM,SERC,WEST,EKPC,EKPC,1348.329,True
3/15/2026 9:00:00 AM,3/15/2026 5:00:00 AM,SERC,WEST,EKPC,EKPC,1296.491,True
3/15/2026 10:00:00 AM,3/15/2026 6:00:00 AM,SERC,WEST,EKPC,EKPC,1403.484,True
3/15/2026 11:00:00 AM,3/15/2026 7:00:00 AM,SERC,WEST,EKPC,EKPC,1469.517,True
3/15/2026 12:00:00 PM,3/15/2026 8:00:00 AM,SERC,WEST,EKPC,EKPC,1508.395,True
3/15/2026 1:00:00 PM,3/15/2026 9:00:00 AM,SERC,WEST,EKPC,EKPC,1522.439,True
3/15/2026 2:00:00 PM,3/15/2026 10:00:00 AM,SERC,WEST,EKPC,EKPC,1468.915,True
3/15/2026 3:00:00 PM,3/15/2026 11:00:00 AM,SERC,WEST,EKPC,EKPC,1366.720,True
3/15/2026 4:00:00 PM,3/15/2026 12:00:00 PM,SERC,WEST,EKPC,EKPC,1343.167,True
3/15/2026 5:00:00 PM,3/15/2026 1:00:00 PM,SERC,WEST,EKPC,EKPC,1284.244,True
3/15/2026 6:00:00 PM,3/15/2026 2:00:00 PM,SERC,WEST,EKPC,EKPC,1325.754,True
3/15/2026 7:00:00 PM,3/15/2026 3:00:00 PM,SERC,WEST,EKPC,EKPC,1315.398,True
3/15/2026 8:00:00 PM,3/15/2026 4:00:00 PM,SERC,WEST,EKPC,EKPC,1229.488,True
3/15/2026 9:00:00 PM,3/15/2026 5:00:00 PM,SERC,WEST,EKPC,EKPC,1200.376,True
3/15/2026 10:00:00 PM,3/15/2026 6:00:00 PM,SERC,WEST,EKPC,EKPC,1246.278,True
3/15/2026 11:00:00 PM,3/15/2026 7:00:00 PM,SERC,WEST,EKPC,EKPC,1269.598,True
3/16/2026 12:00:00 AM,3/15/2026 8:00:00 PM,SERC,WEST,EKPC,EKPC,1443.646,True
3/16/2026 1:00:00 AM,3/15/2026 9:00:00 PM,SERC,WEST,EKPC,EKPC,1455.686,True
3/16/2026 2:00:00 AM,3/15/2026 10:00:00 PM,SERC,WEST,EKPC,EKPC,1341.271,True
3/16/2026 3:00:00 AM,3/15/2026 11:00:00 PM,SERC,WEST,EKPC,EKPC,1165.403,True
3/16/2026 4:00:00 AM,3/16/2026 12:00:00 AM,SERC,WEST,EKPC,EKPC,1082.957,True
3/16/2026 5:00:00 AM,3/16/2026 1:00:00 AM,SERC,WEST,EKPC,EKPC,1060.632,True
3/16/2026 6:00:00 AM,3/16/2026 2:00:00 AM,SERC,WEST,EKPC,EKPC,1071.580,True
3/16/2026 7:00:00 AM,3/16/2026 3:00:00 AM,SERC,WEST,EKPC,EKPC,1070.358,True
3/16/2026 8:00:00 AM,3/16/2026 4:00:00 AM,SERC,WEST,EKPC,EKPC,1157.052,True
3/16/2026 9:00:00 AM,3/16/2026 5:00:00 AM,SERC,WEST,EKPC,EKPC,1274.409,True
3/16/2026 10:00:00 AM,3/16/2026 6:00:00 AM,SERC,WEST,EKPC,EKPC,1455.882,True
3/16/2026 11:00:00 AM,3/16/2026 7:00:00 AM,SERC,WEST,EKPC,EKPC,1573.321,True
3/16/2026 12:00:00 PM,3/16/2026 8:00:00 AM,SERC,WEST,EKPC,EKPC,1667.253,True
3/16/2026 1:00:00 PM,3/16/2026 9:00:00 AM,SERC,WEST,EKPC,EKPC,1750.186,True
3/16/2026 2:00:00 PM,3/16/2026 10:00:00 AM,SERC,WEST,EKPC,EKPC,1726.812,True
3/16/2026 3:00:00 PM,3/16/2026 11:00:00 AM,SERC,WEST,EKPC,EKPC,1930.122,True
3/16/2026 4:00:00 PM,3/16/2026 12:00:00 PM,SERC,WEST,EKPC,EKPC,2006.733,True
3/16/2026 5:00:00 PM,3/16/2026 1:00:00 PM,SERC,WEST,EKPC,EKPC,2043.863,True
3/16/2026 6:00:00 PM,3/16/2026 2:00:00 PM,SERC,WEST,EKPC,EKPC,2103.614,True
3/16/2026 7:00:00 PM,3/16/2026 3:00:00 PM,SERC,WEST,EKPC,EKPC,2133.824,True
3/16/2026 8:00:00 PM,3/16/2026 4:00:00 PM,SERC,WEST,EKPC,EKPC,2021.224,True
3/16/2026 9:00:00 PM,3/16/2026 5:00:00 PM,SERC,WEST,EKPC,EKPC,2187.218,True
3/16/2026 10:00:00 PM,3/16/2026 6:00:00 PM,SERC,WEST,EKPC,EKPC,2345.532,True
3/16/2026 11:00:00 PM,3/16/2026 7:00:00 PM,SERC,WEST,EKPC,EKPC,2457.909,True
3/17/2026 12:00:00 AM,3/16/2026 8:00:00 PM,SERC,WEST,EKPC,EKPC,2505.435,True
3/17/2026 1:00:00 AM,3/16/2026 9:00:00 PM,SERC,WEST,EKPC,EKPC,2435.705,True
3/17/2026 2:00:00 AM,3/16/2026 10:00:00 PM,SERC,WEST,EKPC,EKPC,2341.488,True
3/17/2026 3:00:00 AM,3/16/2026 11:00:00 PM,SERC,WEST,EKPC,EKPC,2255.969,True
3/17/2026 4:00:00 AM,3/17/2026 12:00:00 AM,SERC,WEST,EKPC,EKPC,2160.386,True
3/17/2026 5:00:00 AM,3/17/2026 1:00:00 AM,SERC,WEST,EKPC,EKPC,2154.502,True
3/17/2026 6:00:00 AM,3/17/2026 2:00:00 AM,SERC,WEST,EKPC,EKPC,2147.095,True
3/17/2026 7:00:00 AM,3/17/2026 3:00:00 AM,SERC,WEST,EKPC,EKPC,2174.561,True
3/17/2026 8:00:00 AM,3/17/2026 4:00:00 AM,SERC,WEST,EKPC,EKPC,2161.854,True
3/17/2026 9:00:00 AM,3/17/2026 5:00:00 AM,SERC,WEST,EKPC,EKPC,2223.997,True
3/17/2026 10:00:00 AM,3/17/2026 6:00:00 AM,SERC,WEST,EKPC,EKPC,2306.992,True
3/17/2026 11:00:00 AM,3/17/2026 7:00:00 AM,SERC,WEST,EKPC,EKPC,2350.793,True
3/17/2026 12:00:00 PM,3/17/2026 8:00:00 AM,SERC,WEST,EKPC,EKPC,2406.034,True
3/17/2026 1:00:00 PM,3/17/2026 9:00:00 AM,SERC,WEST,EKPC,EKPC,2376.135,True
3/17/2026 2:00:00 PM,3/17/2026 10:00:00 AM,SERC,WEST,EKPC,EKPC,2474.211,True
3/17/2026 3:00:00 PM,3/17/2026 11:00:00 AM,SERC,WEST,EKPC,EKPC,2390.812,True
3/17/2026 4:00:00 PM,3/17/2026 12:00:00 PM,SERC,WEST,EKPC,EKPC,2344.952,True
3/17/2026 5:00:00 PM,3/17/2026 1:00:00 PM,SERC,WEST,EKPC,EKPC,2269.786,True
3/17/2026 6:00:00 PM,3/17/2026 2:00:00 PM,SERC,WEST,EKPC,EKPC,2155.397,True
3/17/2026 7:00:00 PM,3/17/2026 3:00:00 PM,SERC,WEST,EKPC,EKPC,2132.343,True
3/17/2026 8:00:00 PM,3/17/2026 4:00:00 PM,SERC,WEST,EKPC,EKPC,2062.394,True
3/17/2026 9:00:00 PM,3/17/2026 5:00:00 PM,SERC,WEST,EKPC,EKPC,2063.632,True
3/17/2026 10:00:00 PM,3/17/2026 6:00:00 PM,SERC,WEST,EKPC,EKPC,2095.681,True
3/17/2026 11:00:00 PM,3/17/2026 7:00:00 PM,SERC,WEST,EKPC,EKPC,2188.091,True
3/18/2026 12:00:00 AM,3/17/2026 8:00:00 PM,SERC,WEST,EKPC,EKPC,2295.506,True
3/18/2026 1:00:00 AM,3/17/2026 9:00:00 PM,SERC,WEST,EKPC,EKPC,2296.907,True
3/18/2026 2:00:00 AM,3/17/2026 10:00:00 PM,SERC,WEST,EKPC,EKPC,2223.300,True
3/18/2026 3:00:00 AM,3/17/2026 11:00:00 PM,SERC,WEST,EKPC,EKPC,2083.525,True
3/18/2026 4:00:00 AM,3/18/2026 12:00:00 AM,SERC,WEST,EKPC,EKPC,2070.357,True
3/18/2026 5:00:00 AM,3/18/2026 1:00:00 AM,SERC,WEST,EKPC,EKPC,2102.619,True
3/18/2026 6:00:00 AM,3/18/2026 2:00:00 AM,SERC,WEST,EKPC,EKPC,2129.211,True
3/18/2026 7:00:00 AM,3/18/2026 3:00:00 AM,SERC,WEST,EKPC,EKPC,2099.420,True
3/18/2026 8:00:00 AM,3/18/2026 4:00:00 AM,SERC,WEST,EKPC,EKPC,2095.739,True
3/18/2026 9:00:00 AM,3/18/2026 5:00:00 AM,SERC,WEST,EKPC,EKPC,2111.360,True
3/18/2026 10:00:00 AM,3/18/2026 6:00:00 AM,SERC,WEST,EKPC,EKPC,2187.499,True
3/18/2026 11:00:00 AM,3/18/2026 7:00:00 AM,SERC,WEST,EKPC,EKPC,2207.676,True
3/18/2026 12:00:00 PM,3/18/2026 8:00:00 AM,SERC,WEST,EKPC,EKPC,2154.143,True
3/18/2026 1:00:00 PM,3/18/2026 9:00:00 AM,SERC,WEST,EKPC,EKPC,2103.574,True
3/18/2026 2:00:00 PM,3/18/2026 10:00:00 AM,SERC,WEST,EKPC,EKPC,1987.245,True
3/18/2026 3:00:00 PM,3/18/2026 11:00:00 AM,SERC,WEST,EKPC,EKPC,1884.256,True
3/18/2026 4:00:00 PM,3/18/2026 12:00:00 PM,SERC,WEST,EKPC,EKPC,1777.758,True
3/18/2026 5:00:00 PM,3/18/2026 1:00:00 PM,SERC,WEST,EKPC,EKPC,1713.299,True
3/18/2026 6:00:00 PM,3/18/2026 2:00:00 PM,SERC,WEST,EKPC,EKPC,1655.740,True
3/18/2026 7:00:00 PM,3/18/2026 3:00:00 PM,SERC,WEST,EKPC,EKPC,1646.082,True
3/18/2026 8:00:00 PM,3/18/2026 4:00:00 PM,SERC,WEST,EKPC,EKPC,1601.187,True
3/18/2026 9:00:00 PM,3/18/2026 5:00:00 PM,SERC,WEST,EKPC,EKPC,1662.111,True
3/18/2026 10:00:00 PM,3/18/2026 6:00:00 PM,SERC,WEST,EKPC,EKPC,1685.459,True
3/18/2026 11:00:00 PM,3/18/2026 7:00:00 PM,SERC,WEST,EKPC,EKPC,1727.447,True
3/19/2026 12:00:00 AM,3/18/2026 8:00:00 PM,SERC,WEST,EKPC,EKPC,1799.713,True
3/19/2026 1:00:00 AM,3/18/2026 9:00:00 PM,SERC,WEST,EKPC,EKPC,1745.527,True
3/19/2026 2:00:00 AM,3/18/2026 10:00:00 PM,SERC,WEST,EKPC,EKPC,1826.862,True
3/19/2026 3:00:00 AM,3/18/2026 11:00:00 PM,SERC,WEST,EKPC,EKPC,1737.177,True
3/19/2026 4:00:00 AM,3/19/2026 12:00:00 AM,SERC,WEST,EKPC,EKPC,1769.510,True
3/19/2026 5:00:00 AM,3/19/2026 1:00:00 AM,SERC,WEST,EKPC,EKPC,1746.420,True
3/19/2026 6:00:00 AM,3/19/2026 2:00:00 AM,SERC,WEST,EKPC,EKPC,1773.708,True
3/19/2026 7:00:00 AM,3/19/2026 3:00:00 AM,SERC,WEST,EKPC,EKPC,1766.576,True
3/19/2026 8:00:00 AM,3/19/2026 4:00:00 AM,SERC,WEST,EKPC,EKPC,1838.253,True
3/19/2026 9:00:00 AM,3/19/2026 5:00:00 AM,SERC,WEST,EKPC,EKPC,1922.614,True
3/19/2026 10:00:00 AM,3/19/2026 6:00:00 AM,SERC,WEST,EKPC,EKPC,1997.313,True
3/19/2026 11:00:00 AM,3/19/2026 7:00:00 AM,SERC,WEST,EKPC,EKPC,2053.085,True
3/19/2026 12:00:00 PM,3/19/2026 8:00:00 AM,SERC,WEST,EKPC,EKPC,1991.828,True
3/19/2026 1:00:00 PM,3/19/2026 9:00:00 AM,SERC,WEST,EKPC,EKPC,1912.856,True
3/19/2026 2:00:00 PM,3/19/2026 10:00:00 AM,SERC,WEST,EKPC,EKPC,1754.182,True
3/19/2026 3:00:00 PM,3/19/2026 11:00:00 AM,SERC,WEST,EKPC,EKPC,1498.443,True
3/19/2026 4:00:00 PM,3/19/2026 12:00:00 PM,SERC,WEST,EKPC,EKPC,1449.325,True
3/19/2026 5:00:00 PM,3/19/2026 1:00:00 PM,SERC,WEST,EKPC,EKPC,1401.209,True
3/19/2026 6:00:00 PM,3/19/2026 2:00:00 PM,SERC,WEST,EKPC,EKPC,1391.525,True
3/19/2026 7:00:00 PM,3/19/2026 3:00:00 PM,SERC,WEST,EKPC,EKPC,1384.649,True
3/19/2026 8:00:00 PM,3/19/2026 4:00:00 PM,SERC,WEST,EKPC,EKPC,1409.351,True
3/19/2026 9:00:00 PM,3/19/2026 5:00:00 PM,SERC,WEST,EKPC,EKPC,1430.238,True
3/19/2026 10:00:00 PM,3/19/2026 6:00:00 PM,SERC,WEST,EKPC,EKPC,1448.283,True
3/19/2026 11:00:00 PM,3/19/2026 7:00:00 PM,SERC,WEST,EKPC,EKPC,1450.669,True
3/20/2026 12:00:00 AM,3/19/2026 8:00:00 PM,SERC,WEST,EKPC,EKPC,1555.833,True
3/20/2026 1:00:00 AM,3/19/2026 9:00:00 PM,SERC,WEST,EKPC,EKPC,1544.388,True
3/20/2026 2:00:00 AM,3/19/2026 10:00:00 PM,SERC,WEST,EKPC,EKPC,1379.868,True
3/20/2026 3:00:00 AM,3/19/2026 11:00:00 PM,SERC,WEST,EKPC,EKPC,1267.138,True
3/20/2026 4:00:00 AM,3/20/2026 12:00:00 AM,SERC,WEST,EKPC,EKPC,1290.899,True
3/20/2026 5:00:00 AM,3/20/2026 1:00:00 AM,SERC,WEST,EKPC,EKPC,1180.424,True
3/20/2026 6:00:00 AM,3/20/2026 2:00:00 AM,SERC,WEST,EKPC,EKPC,1129.297,True
3/20/2026 7:00:00 AM,3/20/2026 3:00:00 AM,SERC,WEST,EKPC,EKPC,1203.517,True
3/20/2026 8:00:00 AM,3/20/2026 4:00:00 AM,SERC,WEST,EKPC,EKPC,1383.424,True
3/20/2026 9:00:00 AM,3/20/2026 5:00:00 AM,SERC,WEST,EKPC,EKPC,1469.731,True
3/20/2026 10:00:00 AM,3/20/2026 6:00:00 AM,SERC,WEST,EKPC,EKPC,1626.425,True
3/20/2026 11:00:00 AM,3/20/2026 7:00:00 AM,SERC,WEST,EKPC,EKPC,1703.972,True
3/20/2026 12:00:00 PM,3/20/2026 8:00:00 AM,SERC,WEST,EKPC,EKPC,1563.779,True
3/20/2026 1:00:00 PM,3/20/2026 9:00:00 AM,SERC,WEST,EKPC,EKPC,1430.899,True
3/20/2026 2:00:00 PM,3/20/2026 10:00:00 AM,SERC,WEST,EKPC,EKPC,1332.311,True
3/20/2026 3:00:00 PM,3/20/2026 11:00:00 AM,SERC,WEST,EKPC,EKPC,1263.140,True
3/20/2026 4:00:00 PM,3/20/2026 12:00:00 PM,SERC,WEST,EKPC,EKPC,1209.995,True
3/20/2026 5:00:00 PM,3/20/2026 1:00:00 PM,SERC,WEST,EKPC,EKPC,1185.045,True
3/20/2026 6:00:00 PM,3/20/2026 2:00:00 PM,SERC,WEST,EKPC,EKPC,1241.369,True
3/20/2026 7:00:00 PM,3/20/2026 3:00:00 PM,SERC,WEST,EKPC,EKPC,1237.331,True
3/20/2026 8:00:00 PM,3/20/2026 4:00:00 PM,SERC,WEST,EKPC,EKPC,1336.674,True
3/20/2026 9:00:00 PM,3/20/2026 5:00:00 PM,SERC,WEST,EKPC,EKPC,1330.438,True
3/20/2026 10:00:00 PM,3/20/2026 6:00:00 PM,SERC,WEST,EKPC,EKPC,1391.463,True
3/20/2026 11:00:00 PM,3/20/2026 7:00:00 PM,SERC,WEST,EKPC,EKPC,1427.279,True
3/21/2026 12:00:00 AM,3/20/2026 8:00:00 PM,SERC,WEST,EKPC,EKPC,1447.259,True
3/21/2026 1:00:00 AM,3/20/2026 9:00:00 PM,SERC,WEST,EKPC,EKPC,1437.413,True
3/21/2026 2:00:00 AM,3/20/2026 10:00:00 PM,SERC,WEST,EKPC,EKPC,1354.924,True
3/21/2026 3:00:00 AM,3/20/2026 11:00:00 PM,SERC,WEST,EKPC,EKPC,1256.493,True
3/21/2026 4:00:00 AM,3/21/2026 12:00:00 AM,SERC,WEST,EKPC,EKPC,1022.586,True
3/21/2026 5:00:00 AM,3/21/2026 1:00:00 AM,SERC,WEST,EKPC,EKPC,965.834,True
3/21/2026 6:00:00 AM,3/21/2026 2:00:00 AM,SERC,WEST,EKPC,EKPC,977.726,True
3/21/2026 7:00:00 AM,3/21/2026 3:00:00 AM,SERC,WEST,EKPC,EKPC,1037.097,True
3/21/2026 8:00:00 AM,3/21/2026 4:00:00 AM,SERC,WEST,EKPC,EKPC,1093.686,True
3/21/2026 9:00:00 AM,3/21/2026 5:00:00 AM,SERC,WEST,EKPC,EKPC,1158.483,True
3/21/2026 10:00:00 AM,3/21/2026 6:00:00 AM,SERC,WEST,EKPC,EKPC,1179.110,True
3/21/2026 11:00:00 AM,3/21/2026 7:00:00 AM,SERC,WEST,EKPC,EKPC,1270.892,True
3/21/2026 12:00:00 PM,3/21/2026 8:00:00 AM,SERC,WEST,EKPC,EKPC,1366.924,True
3/21/2026 1:00:00 PM,3/21/2026 9:00:00 AM,SERC,WEST,EKPC,EKPC,1398.903,True
3/21/2026 2:00:00 PM,3/21/2026 10:00:00 AM,SERC,WEST,EKPC,EKPC,1353.221,True
3/21/2026 3:00:00 PM,3/21/2026 11:00:00 AM,SERC,WEST,EKPC,EKPC,1226.303,True
3/21/2026 4:00:00 PM,3/21/2026 12:00:00 PM,SERC,WEST,EKPC,EKPC,1168.867,True
3/21/2026 5:00:00 PM,3/21/2026 1:00:00 PM,SERC,WEST,EKPC,EKPC,1189.204,True
3/21/2026 6:00:00 PM,3/21/2026 2:00:00 PM,SERC,WEST,EKPC,EKPC,1346.118,True
3/21/2026 7:00:00 PM,3/21/2026 3:00:00 PM,SERC,WEST,EKPC,EKPC,1398.912,True
3/21/2026 8:00:00 PM,3/21/2026 4:00:00 PM,SERC,WEST,EKPC,EKPC,1407.063,True
3/21/2026 9:00:00 PM,3/21/2026 5:00:00 PM,SERC,WEST,EKPC,EKPC,1463.249,True
3/21/2026 10:00:00 PM,3/21/2026 6:00:00 PM,SERC,WEST,EKPC,EKPC,1458.275,True
3/21/2026 11:00:00 PM,3/21/2026 7:00:00 PM,SERC,WEST,EKPC,EKPC,1474.991,True
3/22/2026 12:00:00 AM,3/21/2026 8:00:00 PM,SERC,WEST,EKPC,EKPC,1514.715,True
3/22/2026 1:00:00 AM,3/21/2026 9:00:00 PM,SERC,WEST,EKPC,EKPC,1463.648,True
3/22/2026 2:00:00 AM,3/21/2026 10:00:00 PM,SERC,WEST,EKPC,EKPC,1363.929,True
3/22/2026 3:00:00 AM,3/21/2026 11:00:00 PM,SERC,WEST,EKPC,EKPC,1257.095,True
3/22/2026 4:00:00 AM,3/22/2026 12:00:00 AM,SERC,WEST,EKPC,EKPC,1114.925,True
3/22/2026 5:00:00 AM,3/22/2026 1:00:00 AM,SERC,WEST,EKPC,EKPC,1086.849,True
3/22/2026 6:00:00 AM,3/22/2026 2:00:00 AM,SERC,WEST,EKPC,EKPC,1080.219,True
3/22/2026 7:00:00 AM,3/22/2026 3:00:00 AM,SERC,WEST,EKPC,EKPC,1121.164,True
3/22/2026 8:00:00 AM,3/22/2026 4:00:00 AM,SERC,WEST,EKPC,EKPC,1080.861,True
3/22/2026 9:00:00 AM,3/22/2026 5:00:00 AM,SERC,WEST,EKPC,EKPC,1101.185,True
3/22/2026 10:00:00 AM,3/22/2026 6:00:00 AM,SERC,WEST,EKPC,EKPC,1168.646,True
3/22/2026 11:00:00 AM,3/22/2026 7:00:00 AM,SERC,WEST,EKPC,EKPC,1236.185,True
3/22/2026 12:00:00 PM,3/22/2026 8:00:00 AM,SERC,WEST,EKPC,EKPC,1306.903,True
3/22/2026 1:00:00 PM,3/22/2026 9:00:00 AM,SERC,WEST,EKPC,EKPC,1349.638,True
3/22/2026 2:00:00 PM,3/22/2026 10:00:00 AM,SERC,WEST,EKPC,EKPC,1333.725,True
3/22/2026 3:00:00 PM,3/22/2026 11:00:00 AM,SERC,WEST,EKPC,EKPC,1291.026,True
3/22/2026 4:00:00 PM,3/22/2026 12:00:00 PM,SERC,WEST,EKPC,EKPC,1366.598,True
3/22/2026 5:00:00 PM,3/22/2026 1:00:00 PM,SERC,WEST,EKPC,EKPC,1418.731,True
3/22/2026 6:00:00 PM,3/22/2026 2:00:00 PM,SERC,WEST,EKPC,EKPC,1437.576,True
3/22/2026 7:00:00 PM,3/22/2026 3:00:00 PM,SERC,WEST,EKPC,EKPC,1520.973,True
3/22/2026 8:00:00 PM,3/22/2026 4:00:00 PM,SERC,WEST,EKPC,EKPC,1624.031,True
3/22/2026 9:00:00 PM,3/22/2026 5:00:00 PM,SERC,WEST,EKPC,EKPC,1685.064,True
3/22/2026 10:00:00 PM,3/22/2026 6:00:00 PM,SERC,WEST,EKPC,EKPC,1720.823,True
3/22/2026 11:00:00 PM,3/22/2026 7:00:00 PM,SERC,WEST,EKPC,EKPC,1701.691,True
3/23/2026 12:00:00 AM,3/22/2026 8:00:00 PM,SERC,WEST,EKPC,EKPC,1738.095,True
3/23/2026 1:00:00 AM,3/22/2026 9:00:00 PM,SERC,WEST,EKPC,EKPC,1623.970,True
3/23/2026 2:00:00 AM,3/22/2026 10:00:00 PM,SERC,WEST,EKPC,EKPC,1476.145,True
3/23/2026 3:00:00 AM,3/22/2026 11:00:00 PM,SERC,WEST,EKPC,EKPC,1330.858,True
3/23/2026 4:00:00 AM,3/23/2026 12:00:00 AM,SERC,WEST,EKPC,EKPC,1189.011,True
3/23/2026 5:00:00 AM,3/23/2026 1:00:00 AM,SERC,WEST,EKPC,EKPC,1063.447,True
3/23/2026 6:00:00 AM,3/23/2026 2:00:00 AM,SERC,WEST,EKPC,EKPC,1057.655,True
3/23/2026 7:00:00 AM,3/23/2026 3:00:00 AM,SERC,WEST,EKPC,EKPC,982.119,True
3/23/2026 8:00:00 AM,3/23/2026 4:00:00 AM,SERC,WEST,EKPC,EKPC,1101.506,True
3/23/2026 9:00:00 AM,3/23/2026 5:00:00 AM,SERC,WEST,EKPC,EKPC,1040.304,True
3/23/2026 10:00:00 AM,3/23/2026 6:00:00 AM,SERC,WEST,EKPC,EKPC,1154.889,True
3/23/2026 11:00:00 AM,3/23/2026 7:00:00 AM,SERC,WEST,EKPC,EKPC,1354.750,True
3/23/2026 12:00:00 PM,3/23/2026 8:00:00 AM,SERC,WEST,EKPC,EKPC,1437.248,True
3/23/2026 1:00:00 PM,3/23/2026 9:00:00 AM,SERC,WEST,EKPC,EKPC,1497.361,True
3/23/2026 2:00:00 PM,3/23/2026 10:00:00 AM,SERC,WEST,EKPC,EKPC,1554.363,True
3/23/2026 3:00:00 PM,3/23/2026 11:00:00 AM,SERC,WEST,EKPC,EKPC,1547.181,True
3/23/2026 4:00:00 PM,3/23/2026 12:00:00 PM,SERC,WEST,EKPC,EKPC,1486.436,True
3/23/2026 5:00:00 PM,3/23/2026 1:00:00 PM,SERC,WEST,EKPC,EKPC,1428.098,True
3/23/2026 6:00:00 PM,3/23/2026 2:00:00 PM,SERC,WEST,EKPC,EKPC,1389.551,True
3/23/2026 7:00:00 PM,3/23/2026 3:00:00 PM,SERC,WEST,EKPC,EKPC,1393.603,True
3/23/2026 8:00:00 PM,3/23/2026 4:00:00 PM,SERC,WEST,EKPC,EKPC,1367.051,True
3/23/2026 9:00:00 PM,3/23/2026 5:00:00 PM,SERC,WEST,EKPC,EKPC,1316.239,True
3/23/2026 10:00:00 PM,3/23/2026 6:00:00 PM,SERC,WEST,EKPC,EKPC,1425.322,True
3/23/2026 11:00:00 PM,3/23/2026 7:00:00 PM,SERC,WEST,EKPC,EKPC,1550.583,True
3/24/2026 12:00:00 AM,3/23/2026 8:00:00 PM,SERC,WEST,EKPC,EKPC,1630.842,True
3/24/2026 1:00:00 AM,3/23/2026 9:00:00 PM,SERC,WEST,EKPC,EKPC,1602.107,True
3/24/2026 2:00:00 AM,3/23/2026 10:00:00 PM,SERC,WEST,EKPC,EKPC,1556.830,True
3/24/2026 3:00:00 AM,3/23/2026 11:00:00 PM,SERC,WEST,EKPC,EKPC,1416.806,True
3/24/2026 4:00:00 AM,3/24/2026 12:00:00 AM,SERC,WEST,EKPC,EKPC,1316.799,True
3/24/2026 5:00:00 AM,3/24/2026 1:00:00 AM,SERC,WEST,EKPC,EKPC,1301.929,True
3/24/2026 6:00:00 AM,3/24/2026 2:00:00 AM,SERC,WEST,EKPC,EKPC,1313.690,True
3/24/2026 7:00:00 AM,3/24/2026 3:00:00 AM,SERC,WEST,EKPC,EKPC,1353.031,True
3/24/2026 8:00:00 AM,3/24/2026 4:00:00 AM,SERC,WEST,EKPC,EKPC,1425.589,True
3/24/2026 9:00:00 AM,3/24/2026 5:00:00 AM,SERC,WEST,EKPC,EKPC,1559.628,True
3/24/2026 10:00:00 AM,3/24/2026 6:00:00 AM,SERC,WEST,EKPC,EKPC,1746.435,True
3/24/2026 11:00:00 AM,3/24/2026 7:00:00 AM,SERC,WEST,EKPC,EKPC,1836.315,True
3/24/2026 12:00:00 PM,3/24/2026 8:00:00 AM,SERC,WEST,EKPC,EKPC,1782.879,True
3/24/2026 1:00:00 PM,3/24/2026 9:00:00 AM,SERC,WEST,EKPC,EKPC,1654.898,True
3/24/2026 2:00:00 PM,3/24/2026 10:00:00 AM,SERC,WEST,EKPC,EKPC,1505.136,True
3/24/2026 3:00:00 PM,3/24/2026 11:00:00 AM,SERC,WEST,EKPC,EKPC,1380.776,True
3/24/2026 4:00:00 PM,3/24/2026 12:00:00 PM,SERC,WEST,EKPC,EKPC,1308.145,True
3/24/2026 5:00:00 PM,3/24/2026 1:00:00 PM,SERC,WEST,EKPC,EKPC,1250.648,True
3/24/2026 6:00:00 PM,3/24/2026 2:00:00 PM,SERC,WEST,EKPC,EKPC,1177.897,True
3/24/2026 7:00:00 PM,3/24/2026 3:00:00 PM,SERC,WEST,EKPC,EKPC,1146.009,True
3/24/2026 8:00:00 PM,3/24/2026 4:00:00 PM,SERC,WEST,EKPC,EKPC,1150.299,True
3/24/2026 9:00:00 PM,3/24/2026 5:00:00 PM,SERC,WEST,EKPC,EKPC,1197.644,True
3/24/2026 10:00:00 PM,3/24/2026 6:00:00 PM,SERC,WEST,EKPC,EKPC,1232.972,True
3/24/2026 11:00:00 PM,3/24/2026 7:00:00 PM,SERC,WEST,EKPC,EKPC,1292.887,True
3/25/2026 12:00:00 AM,3/24/2026 8:00:00 PM,SERC,WEST,EKPC,EKPC,1385.022,True
3/25/2026 1:00:00 AM,3/24/2026 9:00:00 PM,SERC,WEST,EKPC,EKPC,1361.189,True
3/25/2026 2:00:00 AM,3/24/2026 10:00:00 PM,SERC,WEST,EKPC,EKPC,1288.316,True
3/25/2026 3:00:00 AM,3/24/2026 11:00:00 PM,SERC,WEST,EKPC,EKPC,1194.739,True
3/25/2026 4:00:00 AM,3/25/2026 12:00:00 AM,SERC,WEST,EKPC,EKPC,1167.070,True
3/25/2026 5:00:00 AM,3/25/2026 1:00:00 AM,SERC,WEST,EKPC,EKPC,1156.208,True
3/25/2026 6:00:00 AM,3/25/2026 2:00:00 AM,SERC,WEST,EKPC,EKPC,1159.831,True
3/25/2026 7:00:00 AM,3/25/2026 3:00:00 AM,SERC,WEST,EKPC,EKPC,1182.398,True
3/25/2026 8:00:00 AM,3/25/2026 4:00:00 AM,SERC,WEST,EKPC,EKPC,1255.725,True
3/25/2026 9:00:00 AM,3/25/2026 5:00:00 AM,SERC,WEST,EKPC,EKPC,1372.522,True
3/25/2026 10:00:00 AM,3/25/2026 6:00:00 AM,SERC,WEST,EKPC,EKPC,1545.061,True
3/25/2026 11:00:00 AM,3/25/2026 7:00:00 AM,SERC,WEST,EKPC,EKPC,1611.728,True
3/25/2026 12:00:00 PM,3/25/2026 8:00:00 AM,SERC,WEST,EKPC,EKPC,1567.096,True
3/25/2026 1:00:00 PM,3/25/2026 9:00:00 AM,SERC,WEST,EKPC,EKPC,1452.105,True
3/25/2026 2:00:00 PM,3/25/2026 10:00:00 AM,SERC,WEST,EKPC,EKPC,1334.249,True
3/25/2026 3:00:00 PM,3/25/2026 11:00:00 AM,SERC,WEST,EKPC,EKPC,1216.730,True
3/25/2026 4:00:00 PM,3/25/2026 12:00:00 PM,SERC,WEST,EKPC,EKPC,1169.226,True
3/25/2026 5:00:00 PM,3/25/2026 1:00:00 PM,SERC,WEST,EKPC,EKPC,1129.150,True
3/25/2026 6:00:00 PM,3/25/2026 2:00:00 PM,SERC,WEST,EKPC,EKPC,1112.196,True
3/25/2026 7:00:00 PM,3/25/2026 3:00:00 PM,SERC,WEST,EKPC,EKPC,1129.648,True
3/25/2026 8:00:00 PM,3/25/2026 4:00:00 PM,SERC,WEST,EKPC,EKPC,1150.364,True
3/25/2026 9:00:00 PM,3/25/2026 5:00:00 PM,SERC,WEST,EKPC,EKPC,1190.936,True
3/25/2026 10:00:00 PM,3/25/2026 6:00:00 PM,SERC,WEST,EKPC,EKPC,1217.568,True
3/25/2026 11:00:00 PM,3/25/2026 7:00:00 PM,SERC,WEST,EKPC,EKPC,1259.940,True
3/26/2026 12:00:00 AM,3/25/2026 8:00:00 PM,SERC,WEST,EKPC,EKPC,1312.659,True
3/26/2026 1:00:00 AM,3/25/2026 9:00:00 PM,SERC,WEST,EKPC,EKPC,1278.063,True
3/26/2026 2:00:00 AM,3/25/2026 10:00:00 PM,SERC,WEST,EKPC,EKPC,1168.399,True
3/26/2026 3:00:00 AM,3/25/2026 11:00:00 PM,SERC,WEST,EKPC,EKPC,1056.172,True
3/26/2026 4:00:00 AM,3/26/2026 12:00:00 AM,SERC,WEST,EKPC,EKPC,978.391,True
3/26/2026 5:00:00 AM,3/26/2026 1:00:00 AM,SERC,WEST,EKPC,EKPC,925.235,True
3/26/2026 6:00:00 AM,3/26/2026 2:00:00 AM,SERC,WEST,EKPC,EKPC,919.928,True
3/26/2026 7:00:00 AM,3/26/2026 3:00:00 AM,SERC,WEST,EKPC,EKPC,899.686,True
3/26/2026 8:00:00 AM,3/26/2026 4:00:00 AM,SERC,WEST,EKPC,EKPC,931.444,True
3/26/2026 9:00:00 AM,3/26/2026 5:00:00 AM,SERC,WEST,EKPC,EKPC,1013.765,True
3/26/2026 10:00:00 AM,3/26/2026 6:00:00 AM,SERC,WEST,EKPC,EKPC,1152.446,True
3/26/2026 11:00:00 AM,3/26/2026 7:00:00 AM,SERC,WEST,EKPC,EKPC,1218.747,True
3/26/2026 12:00:00 PM,3/26/2026 8:00:00 AM,SERC,WEST,EKPC,EKPC,1195.643,True
3/26/2026 1:00:00 PM,3/26/2026 9:00:00 AM,SERC,WEST,EKPC,EKPC,1200.634,True
3/26/2026 2:00:00 PM,3/26/2026 10:00:00 AM,SERC,WEST,EKPC,EKPC,1186.258,True
3/26/2026 3:00:00 PM,3/26/2026 11:00:00 AM,SERC,WEST,EKPC,EKPC,1200.995,True
3/26/2026 4:00:00 PM,3/26/2026 12:00:00 PM,SERC,WEST,EKPC,EKPC,1201.041,True
3/26/2026 5:00:00 PM,3/26/2026 1:00:00 PM,SERC,WEST,EKPC,EKPC,1222.989,True
3/26/2026 6:00:00 PM,3/26/2026 2:00:00 PM,SERC,WEST,EKPC,EKPC,1256.537,True
3/26/2026 7:00:00 PM,3/26/2026 3:00:00 PM,SERC,WEST,EKPC,EKPC,1304.968,True
3/26/2026 8:00:00 PM,3/26/2026 4:00:00 PM,SERC,WEST,EKPC,EKPC,1362.957,True
3/26/2026 9:00:00 PM,3/26/2026 5:00:00 PM,SERC,WEST,EKPC,EKPC,1419.163,True
3/26/2026 10:00:00 PM,3/26/2026 6:00:00 PM,SERC,WEST,EKPC,EKPC,1441.928,True
3/26/2026 11:00:00 PM,3/26/2026 7:00:00 PM,SERC,WEST,EKPC,EKPC,1446.619,True
3/27/2026 12:00:00 AM,3/26/2026 8:00:00 PM,SERC,WEST,EKPC,EKPC,1487.325,True
3/27/2026 1:00:00 AM,3/26/2026 9:00:00 PM,SERC,WEST,EKPC,EKPC,1432.774,True
3/27/2026 2:00:00 AM,3/26/2026 10:00:00 PM,SERC,WEST,EKPC,EKPC,1325.218,True
3/27/2026 3:00:00 AM,3/26/2026 11:00:00 PM,SERC,WEST,EKPC,EKPC,1200.339,True
3/27/2026 4:00:00 AM,3/27/2026 12:00:00 AM,SERC,WEST,EKPC,EKPC,1125.027,True
3/27/2026 5:00:00 AM,3/27/2026 1:00:00 AM,SERC,WEST,EKPC,EKPC,1088.518,True
3/27/2026 6:00:00 AM,3/27/2026 2:00:00 AM,SERC,WEST,EKPC,EKPC,1023.123,True
3/27/2026 7:00:00 AM,3/27/2026 3:00:00 AM,SERC,WEST,EKPC,EKPC,1025.396,True
3/27/2026 8:00:00 AM,3/27/2026 4:00:00 AM,SERC,WEST,EKPC,EKPC,1032.760,True
3/27/2026 9:00:00 AM,3/27/2026 5:00:00 AM,SERC,WEST,EKPC,EKPC,1012.667,True
3/27/2026 10:00:00 AM,3/27/2026 6:00:00 AM,SERC,WEST,EKPC,EKPC,1162.257,True
3/27/2026 11:00:00 AM,3/27/2026 7:00:00 AM,SERC,WEST,EKPC,EKPC,1242.546,True
3/27/2026 12:00:00 PM,3/27/2026 8:00:00 AM,SERC,WEST,EKPC,EKPC,1222.803,True
3/27/2026 1:00:00 PM,3/27/2026 9:00:00 AM,SERC,WEST,EKPC,EKPC,1233.506,True
3/27/2026 2:00:00 PM,3/27/2026 10:00:00 AM,SERC,WEST,EKPC,EKPC,1248.002,True
3/27/2026 3:00:00 PM,3/27/2026 11:00:00 AM,SERC,WEST,EKPC,EKPC,1296.368,True
3/27/2026 4:00:00 PM,3/27/2026 12:00:00 PM,SERC,WEST,EKPC,EKPC,1312.800,True
3/27/2026 5:00:00 PM,3/27/2026 1:00:00 PM,SERC,WEST,EKPC,EKPC,1364.022,True
3/27/2026 6:00:00 PM,3/27/2026 2:00:00 PM,SERC,WEST,EKPC,EKPC,1367.763,True
3/27/2026 7:00:00 PM,3/27/2026 3:00:00 PM,SERC,WEST,EKPC,EKPC,1277.219,True
3/27/2026 8:00:00 PM,3/27/2026 4:00:00 PM,SERC,WEST,EKPC,EKPC,1287.672,True
3/27/2026 9:00:00 PM,3/27/2026 5:00:00 PM,SERC,WEST,EKPC,EKPC,1317.143,True
3/27/2026 10:00:00 PM,3/27/2026 6:00:00 PM,SERC,WEST,EKPC,EKPC,1406.915,True
3/27/2026 11:00:00 PM,3/27/2026 7:00:00 PM,SERC,WEST,EKPC,EKPC,1412.310,True
3/28/2026 12:00:00 AM,3/27/2026 8:00:00 PM,SERC,WEST,EKPC,EKPC,1505.429,True
3/28/2026 1:00:00 AM,3/27/2026 9:00:00 PM,SERC,WEST,EKPC,EKPC,1577.451,True
3/28/2026 2:00:00 AM,3/27/2026 10:00:00 PM,SERC,WEST,EKPC,EKPC,1545.858,True
3/28/2026 3:00:00 AM,3/27/2026 11:00:00 PM,SERC,WEST,EKPC,EKPC,1517.173,True
3/28/2026 4:00:00 AM,3/28/2026 12:00:00 AM,SERC,WEST,EKPC,EKPC,1431.540,True
3/28/2026 5:00:00 AM,3/28/2026 1:00:00 AM,SERC,WEST,EKPC,EKPC,1404.060,True
3/28/2026 6:00:00 AM,3/28/2026 2:00:00 AM,SERC,WEST,EKPC,EKPC,1488.435,True
3/28/2026 7:00:00 AM,3/28/2026 3:00:00 AM,SERC,WEST,EKPC,EKPC,1549.598,True
3/28/2026 8:00:00 AM,3/28/2026 4:00:00 AM,SERC,WEST,EKPC,EKPC,1539.674,True
3/28/2026 9:00:00 AM,3/28/2026 5:00:00 AM,SERC,WEST,EKPC,EKPC,1706.304,True
3/28/2026 10:00:00 AM,3/28/2026 6:00:00 AM,SERC,WEST,EKPC,EKPC,1797.766,True
3/28/2026 11:00:00 AM,3/28/2026 7:00:00 AM,SERC,WEST,EKPC,EKPC,1888.285,True
3/28/2026 12:00:00 PM,3/28/2026 8:00:00 AM,SERC,WEST,EKPC,EKPC,1765.404,True
3/28/2026 1:00:00 PM,3/28/2026 9:00:00 AM,SERC,WEST,EKPC,EKPC,1724.330,True
3/28/2026 2:00:00 PM,3/28/2026 10:00:00 AM,SERC,WEST,EKPC,EKPC,1589.028,True
3/28/2026 3:00:00 PM,3/28/2026 11:00:00 AM,SERC,WEST,EKPC,EKPC,1639.991,True
3/28/2026 4:00:00 PM,3/28/2026 12:00:00 PM,SERC,WEST,EKPC,EKPC,1540.764,True
3/28/2026 5:00:00 PM,3/28/2026 1:00:00 PM,SERC,WEST,EKPC,EKPC,1504.620,True
3/28/2026 6:00:00 PM,3/28/2026 2:00:00 PM,SERC,WEST,EKPC,EKPC,1425.497,True
3/28/2026 7:00:00 PM,3/28/2026 3:00:00 PM,SERC,WEST,EKPC,EKPC,1306.748,True
3/28/2026 8:00:00 PM,3/28/2026 4:00:00 PM,SERC,WEST,EKPC,EKPC,1284.783,True
3/28/2026 9:00:00 PM,3/28/2026 5:00:00 PM,SERC,WEST,EKPC,EKPC,1316.706,True
3/28/2026 10:00:00 PM,3/28/2026 6:00:00 PM,SERC,WEST,EKPC,EKPC,1395.037,True
3/28/2026 11:00:00 PM,3/28/2026 7:00:00 PM,SERC,WEST,EKPC,EKPC,1422.970,True
3/29/2026 12:00:00 AM,3/28/2026 8:00:00 PM,SERC,WEST,EKPC,EKPC,1504.039,True
3/29/2026 1:00:00 AM,3/28/2026 9:00:00 PM,SERC,WEST,EKPC,EKPC,1569.683,True
3/29/2026 2:00:00 AM,3/28/2026 10:00:00 PM,SERC,WEST,EKPC,EKPC,1577.469,True
3/29/2026 3:00:00 AM,3/28/2026 11:00:00 PM,SERC,WEST,EKPC,EKPC,1524.029,True
3/29/2026 4:00:00 AM,3/29/2026 12:00:00 AM,SERC,WEST,EKPC,EKPC,1552.001,True
3/29/2026 5:00:00 AM,3/29/2026 1:00:00 AM,SERC,WEST,EKPC,EKPC,1406.188,True
3/29/2026 6:00:00 AM,3/29/2026 2:00:00 AM,SERC,WEST,EKPC,EKPC,1543.685,True
3/29/2026 7:00:00 AM,3/29/2026 3:00:00 AM,SERC,WEST,EKPC,EKPC,1588.362,True
3/29/2026 8:00:00 AM,3/29/2026 4:00:00 AM,SERC,WEST,EKPC,EKPC,1651.975,True
3/29/2026 9:00:00 AM,3/29/2026 5:00:00 AM,SERC,WEST,EKPC,EKPC,1716.580,True
3/29/2026 10:00:00 AM,3/29/2026 6:00:00 AM,SERC,WEST,EKPC,EKPC,1781.526,True
3/29/2026 11:00:00 AM,3/29/2026 7:00:00 AM,SERC,WEST,EKPC,EKPC,1832.647,True
3/29/2026 12:00:00 PM,3/29/2026 8:00:00 AM,SERC,WEST,EKPC,EKPC,1762.476,True
3/29/2026 1:00:00 PM,3/29/2026 9:00:00 AM,SERC,WEST,EKPC,EKPC,1611.446,True
3/29/2026 2:00:00 PM,3/29/2026 10:00:00 AM,SERC,WEST,EKPC,EKPC,1516.819,True
3/29/2026 3:00:00 PM,3/29/2026 11:00:00 AM,SERC,WEST,EKPC,EKPC,1454.821,True
3/29/2026 4:00:00 PM,3/29/2026 12:00:00 PM,SERC,WEST,EKPC,EKPC,1403.449,True
3/29/2026 5:00:00 PM,3/29/2026 1:00:00 PM,SERC,WEST,EKPC,EKPC,1352.514,True
3/29/2026 6:00:00 PM,3/29/2026 2:00:00 PM,SERC,WEST,EKPC,EKPC,1299.958,True
3/29/2026 7:00:00 PM,3/29/2026 3:00:00 PM,SERC,WEST,EKPC,EKPC,1218.115,True
3/29/2026 8:00:00 PM,3/29/2026 4:00:00 PM,SERC,WEST,EKPC,EKPC,1247.539,True
3/29/2026 9:00:00 PM,3/29/2026 5:00:00 PM,SERC,WEST,EKPC,EKPC,1363.470,True
3/29/2026 10:00:00 PM,3/29/2026 6:00:00 PM,SERC,WEST,EKPC,EKPC,1324.345,True
3/29/2026 11:00:00 PM,3/29/2026 7:00:00 PM,SERC,WEST,EKPC,EKPC,1372.539,True
3/30/2026 12:00:00 AM,3/29/2026 8:00:00 PM,SERC,WEST,EKPC,EKPC,1369.242,True
3/30/2026 1:00:00 AM,3/29/2026 9:00:00 PM,SERC,WEST,EKPC,EKPC,1412.386,True
3/30/2026 2:00:00 AM,3/29/2026 10:00:00 PM,SERC,WEST,EKPC,EKPC,1342.633,True
3/30/2026 3:00:00 AM,3/29/2026 11:00:00 PM,SERC,WEST,EKPC,EKPC,1252.764,True
3/30/2026 4:00:00 AM,3/30/2026 12:00:00 AM,SERC,WEST,EKPC,EKPC,1192.812,True
3/30/2026 5:00:00 AM,3/30/2026 1:00:00 AM,SERC,WEST,EKPC,EKPC,1117.778,True
3/30/2026 6:00:00 AM,3/30/2026 2:00:00 AM,SERC,WEST,EKPC,EKPC,1128.177,True
3/30/2026 7:00:00 AM,3/30/2026 3:00:00 AM,SERC,WEST,EKPC,EKPC,1081.702,True
3/30/2026 8:00:00 AM,3/30/2026 4:00:00 AM,SERC,WEST,EKPC,EKPC,1191.054,True
3/30/2026 9:00:00 AM,3/30/2026 5:00:00 AM,SERC,WEST,EKPC,EKPC,1230.430,True
3/30/2026 10:00:00 AM,3/30/2026 6:00:00 AM,SERC,WEST,EKPC,EKPC,1348.199,True
3/30/2026 11:00:00 AM,3/30/2026 7:00:00 AM,SERC,WEST,EKPC,EKPC,1371.373,True
3/30/2026 12:00:00 PM,3/30/2026 8:00:00 AM,SERC,WEST,EKPC,EKPC,1360.486,True
3/30/2026 1:00:00 PM,3/30/2026 9:00:00 AM,SERC,WEST,EKPC,EKPC,1365.714,True
3/30/2026 2:00:00 PM,3/30/2026 10:00:00 AM,SERC,WEST,EKPC,EKPC,1388.462,True
3/30/2026 3:00:00 PM,3/30/2026 11:00:00 AM,SERC,WEST,EKPC,EKPC,1387.427,True
3/30/2026 4:00:00 PM,3/30/2026 12:00:00 PM,SERC,WEST,EKPC,EKPC,1372.458,True
3/30/2026 5:00:00 PM,3/30/2026 1:00:00 PM,SERC,WEST,EKPC,EKPC,1299.173,True
3/30/2026 6:00:00 PM,3/30/2026 2:00:00 PM,SERC,WEST,EKPC,EKPC,1304.728,True
3/30/2026 7:00:00 PM,3/30/2026 3:00:00 PM,SERC,WEST,EKPC,EKPC,1317.683,True
3/30/2026 8:00:00 PM,3/30/2026 4:00:00 PM,SERC,WEST,EKPC,EKPC,1364.109,True
3/30/2026 9:00:00 PM,3/30/2026 5:00:00 PM,SERC,WEST,EKPC,EKPC,1390.491,True
3/30/2026 10:00:00 PM,3/30/2026 6:00:00 PM,SERC,WEST,EKPC,EKPC,1482.999,True
3/30/2026 11:00:00 PM,3/30/2026 7:00:00 PM,SERC,WEST,EKPC,EKPC,1473.437,True
3/31/2026 12:00:00 AM,3/30/2026 8:00:00 PM,SERC,WEST,EKPC,EKPC,1515.662,True
3/31/2026 1:00:00 AM,3/30/2026 9:00:00 PM,SERC,WEST,EKPC,EKPC,1483.745,True
3/31/2026 2:00:00 AM,3/30/2026 10:00:00 PM,SERC,WEST,EKPC,EKPC,1357.296,True
3/31/2026 3:00:00 AM,3/30/2026 11:00:00 PM,SERC,WEST,EKPC,EKPC,1258.046,True
3/31/2026 4:00:00 AM,3/31/2026 12:00:00 AM,SERC,WEST,EKPC,EKPC,1138.989,True
3/31/2026 5:00:00 AM,3/31/2026 1:00:00 AM,SERC,WEST,EKPC,EKPC,1115.333,True
3/31/2026 6:00:00 AM,3/31/2026 2:00:00 AM,SERC,WEST,EKPC,EKPC,1085.413,True
3/31/2026 7:00:00 AM,3/31/2026 3:00:00 AM,SERC,WEST,EKPC,EKPC,1077.271,True
3/31/2026 8:00:00 AM,3/31/2026 4:00:00 AM,SERC,WEST,EKPC,EKPC,1104.236,True
3/31/2026 9:00:00 AM,3/31/2026 5:00:00 AM,SERC,WEST,EKPC,EKPC,1114.637,True
3/31/2026 10:00:00 AM,3/31/2026 6:00:00 AM,SERC,WEST,EKPC,EKPC,1215.890,True
3/31/2026 11:00:00 AM,3/31/2026 7:00:00 AM,SERC,WEST,EKPC,EKPC,1225.998,True
3/31/2026 12:00:00 PM,3/31/2026 8:00:00 AM,SERC,WEST,EKPC,EKPC,1376.749,True
3/31/2026 1:00:00 PM,3/31/2026 9:00:00 AM,SERC,WEST,EKPC,EKPC,1359.395,True
3/31/2026 2:00:00 PM,3/31/2026 10:00:00 AM,SERC,WEST,EKPC,EKPC,1374.550,True
3/31/2026 3:00:00 PM,3/31/2026 11:00:00 AM,SERC,WEST,EKPC,EKPC,1411.840,True
3/31/2026 4:00:00 PM,3/31/2026 12:00:00 PM,SERC,WEST,EKPC,EKPC,1310.973,True
3/31/2026 5:00:00 PM,3/31/2026 1:00:00 PM,SERC,WEST,EKPC,EKPC,1392.072,True
3/31/2026 6:00:00 PM,3/31/2026 2:00:00 PM,SERC,WEST,EKPC,EKPC,1444.556,True
3/31/2026 7:00:00 PM,3/31/2026 3:00:00 PM,SERC,WEST,EKPC,EKPC,1456.992,True
3/31/2026 8:00:00 PM,3/31/2026 4:00:00 PM,SERC,WEST,EKPC,EKPC,1451.765,True
3/31/2026 9:00:00 PM,3/31/2026 5:00:00 PM,SERC,WEST,EKPC,EKPC,1626.673,True
3/31/2026 10:00:00 PM,3/31/2026 6:00:00 PM,SERC,WEST,EKPC,EKPC,1656.426,True
3/31/2026 11:00:00 PM,3/31/2026 7:00:00 PM,SERC,WEST,EKPC,EKPC,1632.464,True
4/1/2026 12:00:00 AM,3/31/2026 8:00:00 PM,SERC,WEST,EKPC,EKPC,1655.637,True
4/1/2026 1:00:00 AM,3/31/2026 9:00:00 PM,SERC,WEST,EKPC,EKPC,1614.453,True
4/1/2026 2:00:00 AM,3/31/2026 10:00:00 PM,SERC,WEST,EKPC,EKPC,1495.773,True
4/1/2026 3:00:00 AM,3/31/2026 11:00:00 PM,SERC,WEST,EKPC,EKPC,1353.560,True
4/1/2026 4:00:00 AM,4/1/2026 12:00:00 AM,SERC,WEST,EKPC,EKPC,1214.062,True
4/1/2026 5:00:00 AM,4/1/2026 1:00:00 AM,SERC,WEST,EKPC,EKPC,1081.798,True
4/1/2026 6:00:00 AM,4/1/2026 2:00:00 AM,SERC,WEST,EKPC,EKPC,1126.150,True
4/1/2026 7:00:00 AM,4/1/2026 3:00:00 AM,SERC,WEST,EKPC,EKPC,1099.635,True
4/1/2026 8:00:00 AM,4/1/2026 4:00:00 AM,SERC,WEST,EKPC,EKPC,1145.513,True
4/1/2026 9:00:00 AM,4/1/2026 5:00:00 AM,SERC,WEST,EKPC,EKPC,1134.443,True
4/1/2026 10:00:00 AM,4/1/2026 6:00:00 AM,SERC,WEST,EKPC,EKPC,1247.819,True
4/1/2026 11:00:00 AM,4/1/2026 7:00:00 AM,SERC,WEST,EKPC,EKPC,1396.116,True
4/1/2026 12:00:00 PM,4/1/2026 8:00:00 AM,SERC,WEST,EKPC,EKPC,1391.331,True
4/1/2026 1:00:00 PM,4/1/2026 9:00:00 AM,SERC,WEST,EKPC,EKPC,1404.214,True
4/1/2026 2:00:00 PM,4/1/2026 10:00:00 AM,SERC,WEST,EKPC,EKPC,1427.337,True
4/1/2026 3:00:00 PM,4/1/2026 11:00:00 AM,SERC,WEST,EKPC,EKPC,1476.234,True
4/1/2026 4:00:00 PM,4/1/2026 12:00:00 PM,SERC,WEST,EKPC,EKPC,1477.451,True
4/1/2026 5:00:00 PM,4/1/2026 1:00:00 PM,SERC,WEST,EKPC,EKPC,1409.661,True
4/1/2026 6:00:00 PM,4/1/2026 2:00:00 PM,SERC,WEST,EKPC,EKPC,1475.048,True
4/1/2026 7:00:00 PM,4/1/2026 3:00:00 PM,SERC,WEST,EKPC,EKPC,1469.153,True
4/1/2026 8:00:00 PM,4/1/2026 4:00:00 PM,SERC,WEST,EKPC,EKPC,1584.664,True
4/1/2026 9:00:00 PM,4/1/2026 5:00:00 PM,SERC,WEST,EKPC,EKPC,1616.031,True
4/1/2026 10:00:00 PM,4/1/2026 6:00:00 PM,SERC,WEST,EKPC,EKPC,1595.605,True
4/1/2026 11:00:00 PM,4/1/2026 7:00:00 PM,SERC,WEST,EKPC,EKPC,1577.292,True
4/2/2026 12:00:00 AM,4/1/2026 8:00:00 PM,SERC,WEST,EKPC,EKPC,1582.403,True
4/2/2026 1:00:00 AM,4/1/2026 9:00:00 PM,SERC,WEST,EKPC,EKPC,1522.520,True
4/2/2026 2:00:00 AM,4/1/2026 10:00:00 PM,SERC,WEST,EKPC,EKPC,1394.516,True
4/2/2026 3:00:00 AM,4/1/2026 11:00:00 PM,SERC,WEST,EKPC,EKPC,1274.800,True
4/2/2026 4:00:00 AM,4/2/2026 12:00:00 AM,SERC,WEST,EKPC,EKPC,1178.614,True
4/2/2026 5:00:00 AM,4/2/2026 1:00:00 AM,SERC,WEST,EKPC,EKPC,1109.691,True
4/2/2026 6:00:00 AM,4/2/2026 2:00:00 AM,SERC,WEST,EKPC,EKPC,1070.422,True
4/2/2026 7:00:00 AM,4/2/2026 3:00:00 AM,SERC,WEST,EKPC,EKPC,926.731,True
4/2/2026 8:00:00 AM,4/2/2026 4:00:00 AM,SERC,WEST,EKPC,EKPC,925.314,True
4/2/2026 9:00:00 AM,4/2/2026 5:00:00 AM,SERC,WEST,EKPC,EKPC,991.776,True
4/2/2026 10:00:00 AM,4/2/2026 6:00:00 AM,SERC,WEST,EKPC,EKPC,1128.316,True
4/2/2026 11:00:00 AM,4/2/2026 7:00:00 AM,SERC,WEST,EKPC,EKPC,1164.409,True
4/2/2026 12:00:00 PM,4/2/2026 8:00:00 AM,SERC,WEST,EKPC,EKPC,1185.268,True
4/2/2026 1:00:00 PM,4/2/2026 9:00:00 AM,SERC,WEST,EKPC,EKPC,1207.858,True
4/2/2026 2:00:00 PM,4/2/2026 10:00:00 AM,SERC,WEST,EKPC,EKPC,1249.503,True
4/2/2026 3:00:00 PM,4/2/2026 11:00:00 AM,SERC,WEST,EKPC,EKPC,1276.969,True
4/2/2026 4:00:00 PM,4/2/2026 12:00:00 PM,SERC,WEST,EKPC,EKPC,1313.115,True
4/2/2026 5:00:00 PM,4/2/2026 1:00:00 PM,SERC,WEST,EKPC,EKPC,1362.777,True
4/2/2026 6:00:00 PM,4/2/2026 2:00:00 PM,SERC,WEST,EKPC,EKPC,1410.224,True
4/2/2026 7:00:00 PM,4/2/2026 3:00:00 PM,SERC,WEST,EKPC,EKPC,1431.373,True
4/2/2026 8:00:00 PM,4/2/2026 4:00:00 PM,SERC,WEST,EKPC,EKPC,1466.989,True
4/2/2026 9:00:00 PM,4/2/2026 5:00:00 PM,SERC,WEST,EKPC,EKPC,1500.244,True
4/2/2026 10:00:00 PM,4/2/2026 6:00:00 PM,SERC,WEST,EKPC,EKPC,1565.434,True
4/2/2026 11:00:00 PM,4/2/2026 7:00:00 PM,SERC,WEST,EKPC,EKPC,1549.018,True
4/3/2026 12:00:00 AM,4/2/2026 8:00:00 PM,SERC,WEST,EKPC,EKPC,1672.743,True
4/3/2026 1:00:00 AM,4/2/2026 9:00:00 PM,SERC,WEST,EKPC,EKPC,1485.658,True
4/3/2026 2:00:00 AM,4/2/2026 10:00:00 PM,SERC,WEST,EKPC,EKPC,1496.920,True
4/3/2026 3:00:00 AM,4/2/2026 11:00:00 PM,SERC,WEST,EKPC,EKPC,1363.370,True
4/3/2026 4:00:00 AM,4/3/2026 12:00:00 AM,SERC,WEST,EKPC,EKPC,1254.425,True
4/3/2026 5:00:00 AM,4/3/2026 1:00:00 AM,SERC,WEST,EKPC,EKPC,1208.589,True
4/3/2026 6:00:00 AM,4/3/2026 2:00:00 AM,SERC,WEST,EKPC,EKPC,1153.964,True
4/3/2026 7:00:00 AM,4/3/2026 3:00:00 AM,SERC,WEST,EKPC,EKPC,1125.101,True
4/3/2026 8:00:00 AM,4/3/2026 4:00:00 AM,SERC,WEST,EKPC,EKPC,1136.907,True
4/3/2026 9:00:00 AM,4/3/2026 5:00:00 AM,SERC,WEST,EKPC,EKPC,1167.957,True
4/3/2026 10:00:00 AM,4/3/2026 6:00:00 AM,SERC,WEST,EKPC,EKPC,1225.422,True
4/3/2026 11:00:00 AM,4/3/2026 7:00:00 AM,SERC,WEST,EKPC,EKPC,1295.666,True
4/3/2026 12:00:00 PM,4/3/2026 8:00:00 AM,SERC,WEST,EKPC,EKPC,1308.668,True
4/3/2026 1:00:00 PM,4/3/2026 9:00:00 AM,SERC,WEST,EKPC,EKPC,1353.341,True
4/3/2026 2:00:00 PM,4/3/2026 10:00:00 AM,SERC,WEST,EKPC,EKPC,1352.410,True
4/3/2026 3:00:00 PM,4/3/2026 11:00:00 AM,SERC,WEST,EKPC,EKPC,1271.653,True
4/3/2026 4:00:00 PM,4/3/2026 12:00:00 PM,SERC,WEST,EKPC,EKPC,1302.963,True
4/3/2026 5:00:00 PM,4/3/2026 1:00:00 PM,SERC,WEST,EKPC,EKPC,1462.841,True
4/3/2026 6:00:00 PM,4/3/2026 2:00:00 PM,SERC,WEST,EKPC,EKPC,1544.042,True
4/3/2026 7:00:00 PM,4/3/2026 3:00:00 PM,SERC,WEST,EKPC,EKPC,1623.841,True
4/3/2026 8:00:00 PM,4/3/2026 4:00:00 PM,SERC,WEST,EKPC,EKPC,1547.182,True
4/3/2026 9:00:00 PM,4/3/2026 5:00:00 PM,SERC,WEST,EKPC,EKPC,1536.641,True
4/3/2026 10:00:00 PM,4/3/2026 6:00:00 PM,SERC,WEST,EKPC,EKPC,1638.800,True
4/3/2026 11:00:00 PM,4/3/2026 7:00:00 PM,SERC,WEST,EKPC,EKPC,1587.010,True
4/4/2026 12:00:00 AM,4/3/2026 8:00:00 PM,SERC,WEST,EKPC,EKPC,1602.535,True
4/4/2026 1:00:00 AM,4/3/2026 9:00:00 PM,SERC,WEST,EKPC,EKPC,1572.070,True
4/4/2026 2:00:00 AM,4/3/2026 10:00:00 PM,SERC,WEST,EKPC,EKPC,1407.401,True
4/4/2026 3:00:00 AM,4/3/2026 11:00:00 PM,SERC,WEST,EKPC,EKPC,1341.053,True
4/4/2026 4:00:00 AM,4/4/2026 12:00:00 AM,SERC,WEST,EKPC,EKPC,1216.269,True
4/4/2026 5:00:00 AM,4/4/2026 1:00:00 AM,SERC,WEST,EKPC,EKPC,1165.366,True
4/4/2026 6:00:00 AM,4/4/2026 2:00:00 AM,SERC,WEST,EKPC,EKPC,1087.597,True
4/4/2026 7:00:00 AM,4/4/2026 3:00:00 AM,SERC,WEST,EKPC,EKPC,996.276,True
4/4/2026 8:00:00 AM,4/4/2026 4:00:00 AM,SERC,WEST,EKPC,EKPC,1026.224,True
4/4/2026 9:00:00 AM,4/4/2026 5:00:00 AM,SERC,WEST,EKPC,EKPC,1085.789,True
4/4/2026 10:00:00 AM,4/4/2026 6:00:00 AM,SERC,WEST,EKPC,EKPC,1048.814,True
4/4/2026 11:00:00 AM,4/4/2026 7:00:00 AM,SERC,WEST,EKPC,EKPC,1091.637,True
4/4/2026 12:00:00 PM,4/4/2026 8:00:00 AM,SERC,WEST,EKPC,EKPC,1201.333,True
4/4/2026 1:00:00 PM,4/4/2026 9:00:00 AM,SERC,WEST,EKPC,EKPC,1283.106,True
4/4/2026 2:00:00 PM,4/4/2026 10:00:00 AM,SERC,WEST,EKPC,EKPC,1424.349,True
4/4/2026 3:00:00 PM,4/4/2026 11:00:00 AM,SERC,WEST,EKPC,EKPC,1506.819,True
4/4/2026 4:00:00 PM,4/4/2026 12:00:00 PM,SERC,WEST,EKPC,EKPC,1562.128,True
4/4/2026 5:00:00 PM,4/4/2026 1:00:00 PM,SERC,WEST,EKPC,EKPC,1498.562,True
4/4/2026 6:00:00 PM,4/4/2026 2:00:00 PM,SERC,WEST,EKPC,EKPC,1578.739,True
4/4/2026 7:00:00 PM,4/4/2026 3:00:00 PM,SERC,WEST,EKPC,EKPC,1602.295,True
4/4/2026 8:00:00 PM,4/4/2026 4:00:00 PM,SERC,WEST,EKPC,EKPC,1617.938,True
4/4/2026 9:00:00 PM,4/4/2026 5:00:00 PM,SERC,WEST,EKPC,EKPC,1581.548,True
4/4/2026 10:00:00 PM,4/4/2026 6:00:00 PM,SERC,WEST,EKPC,EKPC,1530.536,True
4/4/2026 11:00:00 PM,4/4/2026 7:00:00 PM,SERC,WEST,EKPC,EKPC,1382.919,True
4/5/2026 12:00:00 AM,4/4/2026 8:00:00 PM,SERC,WEST,EKPC,EKPC,1372.532,True
4/5/2026 1:00:00 AM,4/4/2026 9:00:00 PM,SERC,WEST,EKPC,EKPC,1416.322,True
4/5/2026 2:00:00 AM,4/4/2026 10:00:00 PM,SERC,WEST,EKPC,EKPC,1389.251,True
4/5/2026 3:00:00 AM,4/4/2026 11:00:00 PM,SERC,WEST,EKPC,EKPC,1241.443,True
4/5/2026 4:00:00 AM,4/5/2026 12:00:00 AM,SERC,WEST,EKPC,EKPC,1165.097,True
4/5/2026 5:00:00 AM,4/5/2026 1:00:00 AM,SERC,WEST,EKPC,EKPC,1120.763,True
4/5/2026 6:00:00 AM,4/5/2026 2:00:00 AM,SERC,WEST,EKPC,EKPC,1033.246,True
4/5/2026 7:00:00 AM,4/5/2026 3:00:00 AM,SERC,WEST,EKPC,EKPC,1040.120,True
4/5/2026 8:00:00 AM,4/5/2026 4:00:00 AM,SERC,WEST,EKPC,EKPC,1016.041,True
4/5/2026 9:00:00 AM,4/5/2026 5:00:00 AM,SERC,WEST,EKPC,EKPC,1045.548,True
4/5/2026 10:00:00 AM,4/5/2026 6:00:00 AM,SERC,WEST,EKPC,EKPC,1132.977,True
4/5/2026 11:00:00 AM,4/5/2026 7:00:00 AM,SERC,WEST,EKPC,EKPC,1154.822,True
4/5/2026 12:00:00 PM,4/5/2026 8:00:00 AM,SERC,WEST,EKPC,EKPC,1224.870,True
4/5/2026 1:00:00 PM,4/5/2026 9:00:00 AM,SERC,WEST,EKPC,EKPC,1279.113,True
4/5/2026 2:00:00 PM,4/5/2026 10:00:00 AM,SERC,WEST,EKPC,EKPC,1222.880,True
4/5/2026 3:00:00 PM,4/5/2026 11:00:00 AM,SERC,WEST,EKPC,EKPC,1175.903,True
4/5/2026 4:00:00 PM,4/5/2026 12:00:00 PM,SERC,WEST,EKPC,EKPC,1174.826,True
4/5/2026 5:00:00 PM,4/5/2026 1:00:00 PM,SERC,WEST,EKPC,EKPC,1169.847,True
4/5/2026 6:00:00 PM,4/5/2026 2:00:00 PM,SERC,WEST,EKPC,EKPC,1251.461,True
4/5/2026 7:00:00 PM,4/5/2026 3:00:00 PM,SERC,WEST,EKPC,EKPC,1141.924,True
4/5/2026 8:00:00 PM,4/5/2026 4:00:00 PM,SERC,WEST,EKPC,EKPC,1076.769,True
4/5/2026 9:00:00 PM,4/5/2026 5:00:00 PM,SERC,WEST,EKPC,EKPC,1091.337,True
4/5/2026 10:00:00 PM,4/5/2026 6:00:00 PM,SERC,WEST,EKPC,EKPC,1321.079,True
4/5/2026 11:00:00 PM,4/5/2026 7:00:00 PM,SERC,WEST,EKPC,EKPC,1357.595,True
4/6/2026 12:00:00 AM,4/5/2026 8:00:00 PM,SERC,WEST,EKPC,EKPC,1460.520,True
4/6/2026 1:00:00 AM,4/5/2026 9:00:00 PM,SERC,WEST,EKPC,EKPC,1462.058,True
4/6/2026 2:00:00 AM,4/5/2026 10:00:00 PM,SERC,WEST,EKPC,EKPC,1400.743,True
4/6/2026 3:00:00 AM,4/5/2026 11:00:00 PM,SERC,WEST,EKPC,EKPC,1296.770,True
4/6/2026 4:00:00 AM,4/6/2026 12:00:00 AM,SERC,WEST,EKPC,EKPC,1261.788,True
4/6/2026 5:00:00 AM,4/6/2026 1:00:00 AM,SERC,WEST,EKPC,EKPC,1204.157,True
4/6/2026 6:00:00 AM,4/6/2026 2:00:00 AM,SERC,WEST,EKPC,EKPC,1217.027,True
4/6/2026 7:00:00 AM,4/6/2026 3:00:00 AM,SERC,WEST,EKPC,EKPC,1297.565,True
4/6/2026 8:00:00 AM,4/6/2026 4:00:00 AM,SERC,WEST,EKPC,EKPC,1320.697,True
4/6/2026 9:00:00 AM,4/6/2026 5:00:00 AM,SERC,WEST,EKPC,EKPC,1450.026,True
4/6/2026 10:00:00 AM,4/6/2026 6:00:00 AM,SERC,WEST,EKPC,EKPC,1582.990,True
4/6/2026 11:00:00 AM,4/6/2026 7:00:00 AM,SERC,WEST,EKPC,EKPC,1697.645,True
4/6/2026 12:00:00 PM,4/6/2026 8:00:00 AM,SERC,WEST,EKPC,EKPC,1718.826,True
4/6/2026 1:00:00 PM,4/6/2026 9:00:00 AM,SERC,WEST,EKPC,EKPC,1613.791,True
4/6/2026 2:00:00 PM,4/6/2026 10:00:00 AM,SERC,WEST,EKPC,EKPC,1521.339,True
4/6/2026 3:00:00 PM,4/6/2026 11:00:00 AM,SERC,WEST,EKPC,EKPC,1473.895,True
4/6/2026 4:00:00 PM,4/6/2026 12:00:00 PM,SERC,WEST,EKPC,EKPC,1386.130,True
4/6/2026 5:00:00 PM,4/6/2026 1:00:00 PM,SERC,WEST,EKPC,EKPC,1376.831,True
4/6/2026 6:00:00 PM,4/6/2026 2:00:00 PM,SERC,WEST,EKPC,EKPC,1330.815,True
4/6/2026 7:00:00 PM,4/6/2026 3:00:00 PM,SERC,WEST,EKPC,EKPC,1316.724,True
4/6/2026 8:00:00 PM,4/6/2026 4:00:00 PM,SERC,WEST,EKPC,EKPC,1332.040,True
4/6/2026 9:00:00 PM,4/6/2026 5:00:00 PM,SERC,WEST,EKPC,EKPC,1269.287,True
4/6/2026 10:00:00 PM,4/6/2026 6:00:00 PM,SERC,WEST,EKPC,EKPC,1339.880,True
4/6/2026 11:00:00 PM,4/6/2026 7:00:00 PM,SERC,WEST,EKPC,EKPC,1360.989,True
4/7/2026 12:00:00 AM,4/6/2026 8:00:00 PM,SERC,WEST,EKPC,EKPC,1359.306,True
4/7/2026 1:00:00 AM,4/6/2026 9:00:00 PM,SERC,WEST,EKPC,EKPC,1466.459,True
4/7/2026 2:00:00 AM,4/6/2026 10:00:00 PM,SERC,WEST,EKPC,EKPC,1388.086,True
4/7/2026 3:00:00 AM,4/6/2026 11:00:00 PM,SERC,WEST,EKPC,EKPC,1296.651,True
4/7/2026 4:00:00 AM,4/7/2026 12:00:00 AM,SERC,WEST,EKPC,EKPC,1127.250,True
4/7/2026 5:00:00 AM,4/7/2026 1:00:00 AM,SERC,WEST,EKPC,EKPC,1101.159,True
4/7/2026 6:00:00 AM,4/7/2026 2:00:00 AM,SERC,WEST,EKPC,EKPC,1127.387,True
4/7/2026 7:00:00 AM,4/7/2026 3:00:00 AM,SERC,WEST,EKPC,EKPC,1173.504,True
4/7/2026 8:00:00 AM,4/7/2026 4:00:00 AM,SERC,WEST,EKPC,EKPC,1210.419,True
4/7/2026 9:00:00 AM,4/7/2026 5:00:00 AM,SERC,WEST,EKPC,EKPC,1408.959,True
4/7/2026 10:00:00 AM,4/7/2026 6:00:00 AM,SERC,WEST,EKPC,EKPC,1582.942,True
4/7/2026 11:00:00 AM,4/7/2026 7:00:00 AM,SERC,WEST,EKPC,EKPC,1696.414,True
4/7/2026 12:00:00 PM,4/7/2026 8:00:00 AM,SERC,WEST,EKPC,EKPC,1647.241,True
4/7/2026 1:00:00 PM,4/7/2026 9:00:00 AM,SERC,WEST,EKPC,EKPC,1593.417,True
4/7/2026 2:00:00 PM,4/7/2026 10:00:00 AM,SERC,WEST,EKPC,EKPC,1518.357,True
4/7/2026 3:00:00 PM,4/7/2026 11:00:00 AM,SERC,WEST,EKPC,EKPC,1475.865,True
4/7/2026 4:00:00 PM,4/7/2026 12:00:00 PM,SERC,WEST,EKPC,EKPC,1409.399,True
4/7/2026 5:00:00 PM,4/7/2026 1:00:00 PM,SERC,WEST,EKPC,EKPC,1344.685,True
4/7/2026 6:00:00 PM,4/7/2026 2:00:00 PM,SERC,WEST,EKPC,EKPC,1356.269,True
4/7/2026 7:00:00 PM,4/7/2026 3:00:00 PM,SERC,WEST,EKPC,EKPC,1301.594,True
4/7/2026 8:00:00 PM,4/7/2026 4:00:00 PM,SERC,WEST,EKPC,EKPC,1227.021,True
4/7/2026 9:00:00 PM,4/7/2026 5:00:00 PM,SERC,WEST,EKPC,EKPC,1370.123,True
4/7/2026 10:00:00 PM,4/7/2026 6:00:00 PM,SERC,WEST,EKPC,EKPC,1444.023,True
4/7/2026 11:00:00 PM,4/7/2026 7:00:00 PM,SERC,WEST,EKPC,EKPC,1479.911,True
4/8/2026 12:00:00 AM,4/7/2026 8:00:00 PM,SERC,WEST,EKPC,EKPC,1560.378,True
4/8/2026 1:00:00 AM,4/7/2026 9:00:00 PM,SERC,WEST,EKPC,EKPC,1561.522,True
4/8/2026 2:00:00 AM,4/7/2026 10:00:00 PM,SERC,WEST,EKPC,EKPC,1476.061,True
4/8/2026 3:00:00 AM,4/7/2026 11:00:00 PM,SERC,WEST,EKPC,EKPC,1432.021,True
4/8/2026 4:00:00 AM,4/8/2026 12:00:00 AM,SERC,WEST,EKPC,EKPC,1365.566,True
4/8/2026 5:00:00 AM,4/8/2026 1:00:00 AM,SERC,WEST,EKPC,EKPC,1393.900,True
4/8/2026 6:00:00 AM,4/8/2026 2:00:00 AM,SERC,WEST,EKPC,EKPC,1399.971,True
4/8/2026 7:00:00 AM,4/8/2026 3:00:00 AM,SERC,WEST,EKPC,EKPC,1475.080,True
4/8/2026 8:00:00 AM,4/8/2026 4:00:00 AM,SERC,WEST,EKPC,EKPC,1369.416,True
4/8/2026 9:00:00 AM,4/8/2026 5:00:00 AM,SERC,WEST,EKPC,EKPC,1506.989,True
4/8/2026 10:00:00 AM,4/8/2026 6:00:00 AM,SERC,WEST,EKPC,EKPC,1573.165,True
4/8/2026 11:00:00 AM,4/8/2026 7:00:00 AM,SERC,WEST,EKPC,EKPC,1680.194,True
4/8/2026 12:00:00 PM,4/8/2026 8:00:00 AM,SERC,WEST,EKPC,EKPC,1632.406,True
4/8/2026 1:00:00 PM,4/8/2026 9:00:00 AM,SERC,WEST,EKPC,EKPC,1543.699,True
4/8/2026 2:00:00 PM,4/8/2026 10:00:00 AM,SERC,WEST,EKPC,EKPC,1474.736,True
4/8/2026 3:00:00 PM,4/8/2026 11:00:00 AM,SERC,WEST,EKPC,EKPC,1421.286,True
4/8/2026 4:00:00 PM,4/8/2026 12:00:00 PM,SERC,WEST,EKPC,EKPC,1379.510,True
4/8/2026 5:00:00 PM,4/8/2026 1:00:00 PM,SERC,WEST,EKPC,EKPC,1341.795,True
4/8/2026 6:00:00 PM,4/8/2026 2:00:00 PM,SERC,WEST,EKPC,EKPC,1343.785,True
4/8/2026 7:00:00 PM,4/8/2026 3:00:00 PM,SERC,WEST,EKPC,EKPC,1321.788,True
4/8/2026 8:00:00 PM,4/8/2026 4:00:00 PM,SERC,WEST,EKPC,EKPC,1364.135,True
4/8/2026 9:00:00 PM,4/8/2026 5:00:00 PM,SERC,WEST,EKPC,EKPC,1353.771,True
4/8/2026 10:00:00 PM,4/8/2026 6:00:00 PM,SERC,WEST,EKPC,EKPC,1460.604,True
4/8/2026 11:00:00 PM,4/8/2026 7:00:00 PM,SERC,WEST,EKPC,EKPC,1422.524,True
4/9/2026 12:00:00 AM,4/8/2026 8:00:00 PM,SERC,WEST,EKPC,EKPC,1493.602,True
4/9/2026 1:00:00 AM,4/8/2026 9:00:00 PM,SERC,WEST,EKPC,EKPC,1429.829,True
4/9/2026 2:00:00 AM,4/8/2026 10:00:00 PM,SERC,WEST,EKPC,EKPC,1224.164,True
4/9/2026 3:00:00 AM,4/8/2026 11:00:00 PM,SERC,WEST,EKPC,EKPC,1090.490,True
4/9/2026 4:00:00 AM,4/9/2026 12:00:00 AM,SERC,WEST,EKPC,EKPC,1183.755,True
4/9/2026 5:00:00 AM,4/9/2026 1:00:00 AM,SERC,WEST,EKPC,EKPC,1144.147,True
4/9/2026 6:00:00 AM,4/9/2026 2:00:00 AM,SERC,WEST,EKPC,EKPC,1102.142,True
4/9/2026 7:00:00 AM,4/9/2026 3:00:00 AM,SERC,WEST,EKPC,EKPC,1102.529,True
4/9/2026 8:00:00 AM,4/9/2026 4:00:00 AM,SERC,WEST,EKPC,EKPC,1132.111,True
4/9/2026 9:00:00 AM,4/9/2026 5:00:00 AM,SERC,WEST,EKPC,EKPC,1153.072,True
4/9/2026 10:00:00 AM,4/9/2026 6:00:00 AM,SERC,WEST,EKPC,EKPC,1237.913,True
4/9/2026 11:00:00 AM,4/9/2026 7:00:00 AM,SERC,WEST,EKPC,EKPC,1275.978,True
4/9/2026 12:00:00 PM,4/9/2026 8:00:00 AM,SERC,WEST,EKPC,EKPC,1238.221,True
4/9/2026 1:00:00 PM,4/9/2026 9:00:00 AM,SERC,WEST,EKPC,EKPC,1205.609,True
4/9/2026 2:00:00 PM,4/9/2026 10:00:00 AM,SERC,WEST,EKPC,EKPC,1174.646,True
4/9/2026 3:00:00 PM,4/9/2026 11:00:00 AM,SERC,WEST,EKPC,EKPC,1152.465,True
4/9/2026 4:00:00 PM,4/9/2026 12:00:00 PM,SERC,WEST,EKPC,EKPC,1151.601,True
4/9/2026 5:00:00 PM,4/9/2026 1:00:00 PM,SERC,WEST,EKPC,EKPC,1146.354,True
4/9/2026 6:00:00 PM,4/9/2026 2:00:00 PM,SERC,WEST,EKPC,EKPC,1232.393,True
4/9/2026 7:00:00 PM,4/9/2026 3:00:00 PM,SERC,WEST,EKPC,EKPC,1260.521,True
4/9/2026 8:00:00 PM,4/9/2026 4:00:00 PM,SERC,WEST,EKPC,EKPC,1340.553,True
4/9/2026 9:00:00 PM,4/9/2026 5:00:00 PM,SERC,WEST,EKPC,EKPC,1365.749,True
4/9/2026 10:00:00 PM,4/9/2026 6:00:00 PM,SERC,WEST,EKPC,EKPC,1457.151,True
4/9/2026 11:00:00 PM,4/9/2026 7:00:00 PM,SERC,WEST,EKPC,EKPC,1364.000,True
4/10/2026 12:00:00 AM,4/9/2026 8:00:00 PM,SERC,WEST,EKPC,EKPC,1371.830,True
4/10/2026 1:00:00 AM,4/9/2026 9:00:00 PM,SERC,WEST,EKPC,EKPC,1455.054,True
4/10/2026 2:00:00 AM,4/9/2026 10:00:00 PM,SERC,WEST,EKPC,EKPC,1285.980,True
4/10/2026 3:00:00 AM,4/9/2026 11:00:00 PM,SERC,WEST,EKPC,EKPC,1101.977,True
4/10/2026 4:00:00 AM,4/10/2026 12:00:00 AM,SERC,WEST,EKPC,EKPC,1152.824,True
4/10/2026 5:00:00 AM,4/10/2026 1:00:00 AM,SERC,WEST,EKPC,EKPC,1119.222,True
4/10/2026 6:00:00 AM,4/10/2026 2:00:00 AM,SERC,WEST,EKPC,EKPC,1053.431,True
4/10/2026 7:00:00 AM,4/10/2026 3:00:00 AM,SERC,WEST,EKPC,EKPC,1046.334,True
4/10/2026 8:00:00 AM,4/10/2026 4:00:00 AM,SERC,WEST,EKPC,EKPC,1111.177,True
4/10/2026 9:00:00 AM,4/10/2026 5:00:00 AM,SERC,WEST,EKPC,EKPC,1195.385,True
4/10/2026 10:00:00 AM,4/10/2026 6:00:00 AM,SERC,WEST,EKPC,EKPC,1300.179,True
4/10/2026 11:00:00 AM,4/10/2026 7:00:00 AM,SERC,WEST,EKPC,EKPC,1369.824,True
4/10/2026 12:00:00 PM,4/10/2026 8:00:00 AM,SERC,WEST,EKPC,EKPC,1355.263,True
4/10/2026 1:00:00 PM,4/10/2026 9:00:00 AM,SERC,WEST,EKPC,EKPC,1362.197,True
4/10/2026 2:00:00 PM,4/10/2026 10:00:00 AM,SERC,WEST,EKPC,EKPC,1362.309,True
4/10/2026 3:00:00 PM,4/10/2026 11:00:00 AM,SERC,WEST,EKPC,EKPC,1302.137,True
4/10/2026 4:00:00 PM,4/10/2026 12:00:00 PM,SERC,WEST,EKPC,EKPC,1342.406,True
4/10/2026 5:00:00 PM,4/10/2026 1:00:00 PM,SERC,WEST,EKPC,EKPC,1289.110,True
4/10/2026 6:00:00 PM,4/10/2026 2:00:00 PM,SERC,WEST,EKPC,EKPC,1212.267,True
4/10/2026 7:00:00 PM,4/10/2026 3:00:00 PM,SERC,WEST,EKPC,EKPC,1261.132,True
4/10/2026 8:00:00 PM,4/10/2026 4:00:00 PM,SERC,WEST,EKPC,EKPC,1380.754,True
4/10/2026 9:00:00 PM,4/10/2026 5:00:00 PM,SERC,WEST,EKPC,EKPC,1510.043,True
4/10/2026 10:00:00 PM,4/10/2026 6:00:00 PM,SERC,WEST,EKPC,EKPC,1548.082,True
4/10/2026 11:00:00 PM,4/10/2026 7:00:00 PM,SERC,WEST,EKPC,EKPC,1475.652,True
4/11/2026 12:00:00 AM,4/10/2026 8:00:00 PM,SERC,WEST,EKPC,EKPC,1439.912,True
4/11/2026 1:00:00 AM,4/10/2026 9:00:00 PM,SERC,WEST,EKPC,EKPC,1389.711,True
4/11/2026 2:00:00 AM,4/10/2026 10:00:00 PM,SERC,WEST,EKPC,EKPC,1391.566,True
4/11/2026 3:00:00 AM,4/10/2026 11:00:00 PM,SERC,WEST,EKPC,EKPC,1312.787,True
4/11/2026 4:00:00 AM,4/11/2026 12:00:00 AM,SERC,WEST,EKPC,EKPC,1192.421,True
4/11/2026 5:00:00 AM,4/11/2026 1:00:00 AM,SERC,WEST,EKPC,EKPC,1120.919,True
4/11/2026 6:00:00 AM,4/11/2026 2:00:00 AM,SERC,WEST,EKPC,EKPC,1005.118,True
4/11/2026 7:00:00 AM,4/11/2026 3:00:00 AM,SERC,WEST,EKPC,EKPC,1052.941,True
4/11/2026 8:00:00 AM,4/11/2026 4:00:00 AM,SERC,WEST,EKPC,EKPC,1013.923,True
4/11/2026 9:00:00 AM,4/11/2026 5:00:00 AM,SERC,WEST,EKPC,EKPC,1097.625,True
4/11/2026 10:00:00 AM,4/11/2026 6:00:00 AM,SERC,WEST,EKPC,EKPC,1113.620,True
4/11/2026 11:00:00 AM,4/11/2026 7:00:00 AM,SERC,WEST,EKPC,EKPC,1147.443,True
4/11/2026 12:00:00 PM,4/11/2026 8:00:00 AM,SERC,WEST,EKPC,EKPC,1190.311,True
4/11/2026 1:00:00 PM,4/11/2026 9:00:00 AM,SERC,WEST,EKPC,EKPC,1274.349,True
4/11/2026 2:00:00 PM,4/11/2026 10:00:00 AM,SERC,WEST,EKPC,EKPC,1263.028,True
4/11/2026 3:00:00 PM,4/11/2026 11:00:00 AM,SERC,WEST,EKPC,EKPC,1245.389,True
4/11/2026 4:00:00 PM,4/11/2026 12:00:00 PM,SERC,WEST,EKPC,EKPC,1261.358,True
4/11/2026 5:00:00 PM,4/11/2026 1:00:00 PM,SERC,WEST,EKPC,EKPC,1269.202,True
4/11/2026 6:00:00 PM,4/11/2026 2:00:00 PM,SERC,WEST,EKPC,EKPC,1299.883,True
4/11/2026 7:00:00 PM,4/11/2026 3:00:00 PM,SERC,WEST,EKPC,EKPC,1322.386,True
4/11/2026 8:00:00 PM,4/11/2026 4:00:00 PM,SERC,WEST,EKPC,EKPC,1382.433,True
4/11/2026 9:00:00 PM,4/11/2026 5:00:00 PM,SERC,WEST,EKPC,EKPC,1415.138,True
4/11/2026 10:00:00 PM,4/11/2026 6:00:00 PM,SERC,WEST,EKPC,EKPC,1421.659,True
4/11/2026 11:00:00 PM,4/11/2026 7:00:00 PM,SERC,WEST,EKPC,EKPC,1449.677,True
4/12/2026 12:00:00 AM,4/11/2026 8:00:00 PM,SERC,WEST,EKPC,EKPC,1430.616,True
4/12/2026 1:00:00 AM,4/11/2026 9:00:00 PM,SERC,WEST,EKPC,EKPC,1397.517,True
4/12/2026 2:00:00 AM,4/11/2026 10:00:00 PM,SERC,WEST,EKPC,EKPC,1327.616,True
4/12/2026 3:00:00 AM,4/11/2026 11:00:00 PM,SERC,WEST,EKPC,EKPC,1192.111,True
4/12/2026 4:00:00 AM,4/12/2026 12:00:00 AM,SERC,WEST,EKPC,EKPC,1110.945,True
4/12/2026 5:00:00 AM,4/12/2026 1:00:00 AM,SERC,WEST,EKPC,EKPC,1118.996,True
4/12/2026 6:00:00 AM,4/12/2026 2:00:00 AM,SERC,WEST,EKPC,EKPC,1071.313,True
4/12/2026 7:00:00 AM,4/12/2026 3:00:00 AM,SERC,WEST,EKPC,EKPC,1030.315,True
4/12/2026 8:00:00 AM,4/12/2026 4:00:00 AM,SERC,WEST,EKPC,EKPC,1052.093,True
4/12/2026 9:00:00 AM,4/12/2026 5:00:00 AM,SERC,WEST,EKPC,EKPC,1034.496,True
4/12/2026 10:00:00 AM,4/12/2026 6:00:00 AM,SERC,WEST,EKPC,EKPC,1072.693,True
4/12/2026 11:00:00 AM,4/12/2026 7:00:00 AM,SERC,WEST,EKPC,EKPC,1043.350,True
4/12/2026 12:00:00 PM,4/12/2026 8:00:00 AM,SERC,WEST,EKPC,EKPC,1129.665,True
4/12/2026 1:00:00 PM,4/12/2026 9:00:00 AM,SERC,WEST,EKPC,EKPC,1180.117,True
4/12/2026 2:00:00 PM,4/12/2026 10:00:00 AM,SERC,WEST,EKPC,EKPC,1312.889,True
4/12/2026 3:00:00 PM,4/12/2026 11:00:00 AM,SERC,WEST,EKPC,EKPC,1315.488,True
4/12/2026 4:00:00 PM,4/12/2026 12:00:00 PM,SERC,WEST,EKPC,EKPC,1260.035,True
4/12/2026 5:00:00 PM,4/12/2026 1:00:00 PM,SERC,WEST,EKPC,EKPC,1366.501,True
4/12/2026 6:00:00 PM,4/12/2026 2:00:00 PM,SERC,WEST,EKPC,EKPC,1496.122,True
4/12/2026 7:00:00 PM,4/12/2026 3:00:00 PM,SERC,WEST,EKPC,EKPC,1534.763,True
4/12/2026 8:00:00 PM,4/12/2026 4:00:00 PM,SERC,WEST,EKPC,EKPC,1600.573,True
4/12/2026 9:00:00 PM,4/12/2026 5:00:00 PM,SERC,WEST,EKPC,EKPC,1673.388,True
4/12/2026 10:00:00 PM,4/12/2026 6:00:00 PM,SERC,WEST,EKPC,EKPC,1642.344,True
4/12/2026 11:00:00 PM,4/12/2026 7:00:00 PM,SERC,WEST,EKPC,EKPC,1560.496,True
4/13/2026 12:00:00 AM,4/12/2026 8:00:00 PM,SERC,WEST,EKPC,EKPC,1620.722,True
4/13/2026 1:00:00 AM,4/12/2026 9:00:00 PM,SERC,WEST,EKPC,EKPC,1564.753,True
4/13/2026 2:00:00 AM,4/12/2026 10:00:00 PM,SERC,WEST,EKPC,EKPC,1437.947,True
4/13/2026 3:00:00 AM,4/12/2026 11:00:00 PM,SERC,WEST,EKPC,EKPC,1305.727,True
4/13/2026 4:00:00 AM,4/13/2026 12:00:00 AM,SERC,WEST,EKPC,EKPC,1169.446,True
4/13/2026 5:00:00 AM,4/13/2026 1:00:00 AM,SERC,WEST,EKPC,EKPC,1173.779,True
4/13/2026 6:00:00 AM,4/13/2026 2:00:00 AM,SERC,WEST,EKPC,EKPC,1046.634,True
4/13/2026 7:00:00 AM,4/13/2026 3:00:00 AM,SERC,WEST,EKPC,EKPC,1033.262,True
4/13/2026 8:00:00 AM,4/13/2026 4:00:00 AM,SERC,WEST,EKPC,EKPC,1069.607,True
4/13/2026 9:00:00 AM,4/13/2026 5:00:00 AM,SERC,WEST,EKPC,EKPC,1206.083,True
4/13/2026 10:00:00 AM,4/13/2026 6:00:00 AM,SERC,WEST,EKPC,EKPC,1336.150,True
4/13/2026 11:00:00 AM,4/13/2026 7:00:00 AM,SERC,WEST,EKPC,EKPC,1193.117,True
4/13/2026 12:00:00 PM,4/13/2026 8:00:00 AM,SERC,WEST,EKPC,EKPC,1232.507,True
4/13/2026 1:00:00 PM,4/13/2026 9:00:00 AM,SERC,WEST,EKPC,EKPC,1222.902,True
4/13/2026 2:00:00 PM,4/13/2026 10:00:00 AM,SERC,WEST,EKPC,EKPC,1349.289,True
4/13/2026 3:00:00 PM,4/13/2026 11:00:00 AM,SERC,WEST,EKPC,EKPC,1440.853,True
4/13/2026 4:00:00 PM,4/13/2026 12:00:00 PM,SERC,WEST,EKPC,EKPC,1464.750,True
4/13/2026 5:00:00 PM,4/13/2026 1:00:00 PM,SERC,WEST,EKPC,EKPC,1504.780,True
4/13/2026 6:00:00 PM,4/13/2026 2:00:00 PM,SERC,WEST,EKPC,EKPC,1522.869,True
4/13/2026 7:00:00 PM,4/13/2026 3:00:00 PM,SERC,WEST,EKPC,EKPC,1407.065,True
4/13/2026 8:00:00 PM,4/13/2026 4:00:00 PM,SERC,WEST,EKPC,EKPC,1372.231,True
4/13/2026 9:00:00 PM,4/13/2026 5:00:00 PM,SERC,WEST,EKPC,EKPC,1395.493,True
4/13/2026 10:00:00 PM,4/13/2026 6:00:00 PM,SERC,WEST,EKPC,EKPC,1412.984,True
4/13/2026 11:00:00 PM,4/13/2026 7:00:00 PM,SERC,WEST,EKPC,EKPC,1452.235,True
4/14/2026 12:00:00 AM,4/13/2026 8:00:00 PM,SERC,WEST,EKPC,EKPC,1541.185,True
4/14/2026 1:00:00 AM,4/13/2026 9:00:00 PM,SERC,WEST,EKPC,EKPC,1524.486,True
4/14/2026 2:00:00 AM,4/13/2026 10:00:00 PM,SERC,WEST,EKPC,EKPC,1339.440,True
4/14/2026 3:00:00 AM,4/13/2026 11:00:00 PM,SERC,WEST,EKPC,EKPC,1234.437,True
4/14/2026 4:00:00 AM,4/14/2026 12:00:00 AM,SERC,WEST,EKPC,EKPC,1159.333,True
4/14/2026 5:00:00 AM,4/14/2026 1:00:00 AM,SERC,WEST,EKPC,EKPC,1152.359,True
4/14/2026 6:00:00 AM,4/14/2026 2:00:00 AM,SERC,WEST,EKPC,EKPC,1132.636,True
4/14/2026 7:00:00 AM,4/14/2026 3:00:00 AM,SERC,WEST,EKPC,EKPC,1090.708,True
4/14/2026 8:00:00 AM,4/14/2026 4:00:00 AM,SERC,WEST,EKPC,EKPC,1073.851,True
4/14/2026 9:00:00 AM,4/14/2026 5:00:00 AM,SERC,WEST,EKPC,EKPC,1201.077,True
4/14/2026 10:00:00 AM,4/14/2026 6:00:00 AM,SERC,WEST,EKPC,EKPC,1317.912,True
4/14/2026 11:00:00 AM,4/14/2026 7:00:00 AM,SERC,WEST,EKPC,EKPC,1259.885,True
4/14/2026 12:00:00 PM,4/14/2026 8:00:00 AM,SERC,WEST,EKPC,EKPC,1310.508,True
4/14/2026 1:00:00 PM,4/14/2026 9:00:00 AM,SERC,WEST,EKPC,EKPC,1387.264,True
4/14/2026 2:00:00 PM,4/14/2026 10:00:00 AM,SERC,WEST,EKPC,EKPC,1405.048,True
4/14/2026 3:00:00 PM,4/14/2026 11:00:00 AM,SERC,WEST,EKPC,EKPC,1449.930,True
4/14/2026 4:00:00 PM,4/14/2026 12:00:00 PM,SERC,WEST,EKPC,EKPC,1494.337,True
4/14/2026 5:00:00 PM,4/14/2026 1:00:00 PM,SERC,WEST,EKPC,EKPC,1519.474,True
4/14/2026 6:00:00 PM,4/14/2026 2:00:00 PM,SERC,WEST,EKPC,EKPC,1598.959,True
4/14/2026 7:00:00 PM,4/14/2026 3:00:00 PM,SERC,WEST,EKPC,EKPC,1663.509,True
4/14/2026 8:00:00 PM,4/14/2026 4:00:00 PM,SERC,WEST,EKPC,EKPC,1707.009,True
4/14/2026 9:00:00 PM,4/14/2026 5:00:00 PM,SERC,WEST,EKPC,EKPC,1773.369,True
4/14/2026 10:00:00 PM,4/14/2026 6:00:00 PM,SERC,WEST,EKPC,EKPC,1808.602,True
4/14/2026 11:00:00 PM,4/14/2026 7:00:00 PM,SERC,WEST,EKPC,EKPC,1721.980,True
4/15/2026 12:00:00 AM,4/14/2026 8:00:00 PM,SERC,WEST,EKPC,EKPC,1692.963,True
4/15/2026 1:00:00 AM,4/14/2026 9:00:00 PM,SERC,WEST,EKPC,EKPC,1647.017,True
4/15/2026 2:00:00 AM,4/14/2026 10:00:00 PM,SERC,WEST,EKPC,EKPC,1509.837,True
4/15/2026 3:00:00 AM,4/14/2026 11:00:00 PM,SERC,WEST,EKPC,EKPC,1358.625,True
4/15/2026 4:00:00 AM,4/15/2026 12:00:00 AM,SERC,WEST,EKPC,EKPC,1246.358,True
4/15/2026 5:00:00 AM,4/15/2026 1:00:00 AM,SERC,WEST,EKPC,EKPC,1159.188,True
4/15/2026 6:00:00 AM,4/15/2026 2:00:00 AM,SERC,WEST,EKPC,EKPC,1127.766,True
4/15/2026 7:00:00 AM,4/15/2026 3:00:00 AM,SERC,WEST,EKPC,EKPC,1100.061,True
4/15/2026 8:00:00 AM,4/15/2026 4:00:00 AM,SERC,WEST,EKPC,EKPC,1108.734,True
4/15/2026 9:00:00 AM,4/15/2026 5:00:00 AM,SERC,WEST,EKPC,EKPC,1167.137,True
4/15/2026 10:00:00 AM,4/15/2026 6:00:00 AM,SERC,WEST,EKPC,EKPC,1242.339,True
4/15/2026 11:00:00 AM,4/15/2026 7:00:00 AM,SERC,WEST,EKPC,EKPC,1327.237,True
4/15/2026 12:00:00 PM,4/15/2026 8:00:00 AM,SERC,WEST,EKPC,EKPC,1196.599,True
4/15/2026 1:00:00 PM,4/15/2026 9:00:00 AM,SERC,WEST,EKPC,EKPC,1365.498,True
4/15/2026 2:00:00 PM,4/15/2026 10:00:00 AM,SERC,WEST,EKPC,EKPC,1424.241,True
4/15/2026 3:00:00 PM,4/15/2026 11:00:00 AM,SERC,WEST,EKPC,EKPC,1517.155,True
4/15/2026 4:00:00 PM,4/15/2026 12:00:00 PM,SERC,WEST,EKPC,EKPC,1556.133,True
4/15/2026 5:00:00 PM,4/15/2026 1:00:00 PM,SERC,WEST,EKPC,EKPC,1681.178,True
4/15/2026 6:00:00 PM,4/15/2026 2:00:00 PM,SERC,WEST,EKPC,EKPC,1649.010,True
4/15/2026 7:00:00 PM,4/15/2026 3:00:00 PM,SERC,WEST,EKPC,EKPC,1637.361,True
4/15/2026 8:00:00 PM,4/15/2026 4:00:00 PM,SERC,WEST,EKPC,EKPC,1765.730,True
4/15/2026 9:00:00 PM,4/15/2026 5:00:00 PM,SERC,WEST,EKPC,EKPC,1844.150,True
4/15/2026 10:00:00 PM,4/15/2026 6:00:00 PM,SERC,WEST,EKPC,EKPC,1703.781,True
4/15/2026 11:00:00 PM,4/15/2026 7:00:00 PM,SERC,WEST,EKPC,EKPC,1644.156,True
4/16/2026 12:00:00 AM,4/15/2026 8:00:00 PM,SERC,WEST,EKPC,EKPC,1682.645,True
4/16/2026 1:00:00 AM,4/15/2026 9:00:00 PM,SERC,WEST,EKPC,EKPC,1673.797,True
4/16/2026 2:00:00 AM,4/15/2026 10:00:00 PM,SERC,WEST,EKPC,EKPC,1543.415,True
4/16/2026 3:00:00 AM,4/15/2026 11:00:00 PM,SERC,WEST,EKPC,EKPC,1398.842,True
4/16/2026 4:00:00 AM,4/16/2026 12:00:00 AM,SERC,WEST,EKPC,EKPC,1281.488,True
4/16/2026 5:00:00 AM,4/16/2026 1:00:00 AM,SERC,WEST,EKPC,EKPC,1217.999,True
4/16/2026 6:00:00 AM,4/16/2026 2:00:00 AM,SERC,WEST,EKPC,EKPC,1183.443,True
4/16/2026 7:00:00 AM,4/16/2026 3:00:00 AM,SERC,WEST,EKPC,EKPC,1135.387,True
4/16/2026 8:00:00 AM,4/16/2026 4:00:00 AM,SERC,WEST,EKPC,EKPC,1108.303,True
4/16/2026 9:00:00 AM,4/16/2026 5:00:00 AM,SERC,WEST,EKPC,EKPC,1079.970,True
4/16/2026 10:00:00 AM,4/16/2026 6:00:00 AM,SERC,WEST,EKPC,EKPC,1153.237,True
4/16/2026 11:00:00 AM,4/16/2026 7:00:00 AM,SERC,WEST,EKPC,EKPC,1179.999,True
4/16/2026 12:00:00 PM,4/16/2026 8:00:00 AM,SERC,WEST,EKPC,EKPC,1173.248,True
4/16/2026 1:00:00 PM,4/16/2026 9:00:00 AM,SERC,WEST,EKPC,EKPC,1344.028,True
4/16/2026 2:00:00 PM,4/16/2026 10:00:00 AM,SERC,WEST,EKPC,EKPC,1319.414,True
4/16/2026 3:00:00 PM,4/16/2026 11:00:00 AM,SERC,WEST,EKPC,EKPC,1432.296,True
4/16/2026 4:00:00 PM,4/16/2026 12:00:00 PM,SERC,WEST,EKPC,EKPC,1408.641,True
4/16/2026 5:00:00 PM,4/16/2026 1:00:00 PM,SERC,WEST,EKPC,EKPC,1511.858,True
4/16/2026 6:00:00 PM,4/16/2026 2:00:00 PM,SERC,WEST,EKPC,EKPC,1542.723,True
4/16/2026 7:00:00 PM,4/16/2026 3:00:00 PM,SERC,WEST,EKPC,EKPC,1612.238,True
4/16/2026 8:00:00 PM,4/16/2026 4:00:00 PM,SERC,WEST,EKPC,EKPC,1631.416,True
4/16/2026 9:00:00 PM,4/16/2026 5:00:00 PM,SERC,WEST,EKPC,EKPC,1697.636,True
4/16/2026 10:00:00 PM,4/16/2026 6:00:00 PM,SERC,WEST,EKPC,EKPC,1736.128,True
4/16/2026 11:00:00 PM,4/16/2026 7:00:00 PM,SERC,WEST,EKPC,EKPC,1703.729,True
4/17/2026 12:00:00 AM,4/16/2026 8:00:00 PM,SERC,WEST,EKPC,EKPC,1674.229,True
4/17/2026 1:00:00 AM,4/16/2026 9:00:00 PM,SERC,WEST,EKPC,EKPC,1611.178,True
4/17/2026 2:00:00 AM,4/16/2026 10:00:00 PM,SERC,WEST,EKPC,EKPC,1455.284,True
4/17/2026 3:00:00 AM,4/16/2026 11:00:00 PM,SERC,WEST,EKPC,EKPC,1315.765,True
4/17/2026 4:00:00 AM,4/17/2026 12:00:00 AM,SERC,WEST,EKPC,EKPC,1190.289,True
4/17/2026 5:00:00 AM,4/17/2026 1:00:00 AM,SERC,WEST,EKPC,EKPC,1137.285,True
4/17/2026 6:00:00 AM,4/17/2026 2:00:00 AM,SERC,WEST,EKPC,EKPC,1124.024,True
4/17/2026 7:00:00 AM,4/17/2026 3:00:00 AM,SERC,WEST,EKPC,EKPC,1054.870,True
4/17/2026 8:00:00 AM,4/17/2026 4:00:00 AM,SERC,WEST,EKPC,EKPC,1050.587,True
4/17/2026 9:00:00 AM,4/17/2026 5:00:00 AM,SERC,WEST,EKPC,EKPC,1097.832,True
4/17/2026 10:00:00 AM,4/17/2026 6:00:00 AM,SERC,WEST,EKPC,EKPC,1276.801,True
4/17/2026 11:00:00 AM,4/17/2026 7:00:00 AM,SERC,WEST,EKPC,EKPC,1290.434,True
4/17/2026 12:00:00 PM,4/17/2026 8:00:00 AM,SERC,WEST,EKPC,EKPC,1344.236,True
4/17/2026 1:00:00 PM,4/17/2026 9:00:00 AM,SERC,WEST,EKPC,EKPC,1295.341,True
4/17/2026 2:00:00 PM,4/17/2026 10:00:00 AM,SERC,WEST,EKPC,EKPC,1368.252,True
4/17/2026 3:00:00 PM,4/17/2026 11:00:00 AM,SERC,WEST,EKPC,EKPC,1358.221,True
4/17/2026 4:00:00 PM,4/17/2026 12:00:00 PM,SERC,WEST,EKPC,EKPC,1450.365,True
4/17/2026 5:00:00 PM,4/17/2026 1:00:00 PM,SERC,WEST,EKPC,EKPC,1461.411,True
4/17/2026 6:00:00 PM,4/17/2026 2:00:00 PM,SERC,WEST,EKPC,EKPC,1598.591,True
4/17/2026 7:00:00 PM,4/17/2026 3:00:00 PM,SERC,WEST,EKPC,EKPC,1651.266,True
4/17/2026 8:00:00 PM,4/17/2026 4:00:00 PM,SERC,WEST,EKPC,EKPC,1651.560,True
4/17/2026 9:00:00 PM,4/17/2026 5:00:00 PM,SERC,WEST,EKPC,EKPC,1642.161,True
4/17/2026 10:00:00 PM,4/17/2026 6:00:00 PM,SERC,WEST,EKPC,EKPC,1660.968,True
4/17/2026 11:00:00 PM,4/17/2026 7:00:00 PM,SERC,WEST,EKPC,EKPC,1722.789,True
4/18/2026 12:00:00 AM,4/17/2026 8:00:00 PM,SERC,WEST,EKPC,EKPC,1652.792,True
4/18/2026 1:00:00 AM,4/17/2026 9:00:00 PM,SERC,WEST,EKPC,EKPC,1597.124,True
4/18/2026 2:00:00 AM,4/17/2026 10:00:00 PM,SERC,WEST,EKPC,EKPC,1468.722,True
4/18/2026 3:00:00 AM,4/17/2026 11:00:00 PM,SERC,WEST,EKPC,EKPC,1326.833,True
4/18/2026 4:00:00 AM,4/18/2026 12:00:00 AM,SERC,WEST,EKPC,EKPC,1193.094,True
4/18/2026 5:00:00 AM,4/18/2026 1:00:00 AM,SERC,WEST,EKPC,EKPC,1115.599,True
4/18/2026 6:00:00 AM,4/18/2026 2:00:00 AM,SERC,WEST,EKPC,EKPC,1032.129,True
4/18/2026 7:00:00 AM,4/18/2026 3:00:00 AM,SERC,WEST,EKPC,EKPC,1097.453,True
4/18/2026 8:00:00 AM,4/18/2026 4:00:00 AM,SERC,WEST,EKPC,EKPC,1071.420,True
4/18/2026 9:00:00 AM,4/18/2026 5:00:00 AM,SERC,WEST,EKPC,EKPC,1100.383,True
4/18/2026 10:00:00 AM,4/18/2026 6:00:00 AM,SERC,WEST,EKPC,EKPC,1106.208,True
4/18/2026 11:00:00 AM,4/18/2026 7:00:00 AM,SERC,WEST,EKPC,EKPC,1007.264,True
4/18/2026 12:00:00 PM,4/18/2026 8:00:00 AM,SERC,WEST,EKPC,EKPC,1124.064,True
4/18/2026 1:00:00 PM,4/18/2026 9:00:00 AM,SERC,WEST,EKPC,EKPC,1225.593,True
4/18/2026 2:00:00 PM,4/18/2026 10:00:00 AM,SERC,WEST,EKPC,EKPC,1354.502,True
4/18/2026 3:00:00 PM,4/18/2026 11:00:00 AM,SERC,WEST,EKPC,EKPC,1356.816,True
4/18/2026 4:00:00 PM,4/18/2026 12:00:00 PM,SERC,WEST,EKPC,EKPC,1311.828,True
4/18/2026 5:00:00 PM,4/18/2026 1:00:00 PM,SERC,WEST,EKPC,EKPC,1252.336,True
4/18/2026 6:00:00 PM,4/18/2026 2:00:00 PM,SERC,WEST,EKPC,EKPC,1223.057,True
4/18/2026 7:00:00 PM,4/18/2026 3:00:00 PM,SERC,WEST,EKPC,EKPC,1376.063,True
4/18/2026 8:00:00 PM,4/18/2026 4:00:00 PM,SERC,WEST,EKPC,EKPC,1366.364,True
4/18/2026 9:00:00 PM,4/18/2026 5:00:00 PM,SERC,WEST,EKPC,EKPC,1377.856,True
4/18/2026 10:00:00 PM,4/18/2026 6:00:00 PM,SERC,WEST,EKPC,EKPC,1374.635,True
4/18/2026 11:00:00 PM,4/18/2026 7:00:00 PM,SERC,WEST,EKPC,EKPC,1346.543,True
4/19/2026 12:00:00 AM,4/18/2026 8:00:00 PM,SERC,WEST,EKPC,EKPC,1339.977,True
4/19/2026 1:00:00 AM,4/18/2026 9:00:00 PM,SERC,WEST,EKPC,EKPC,1321.324,True
4/19/2026 2:00:00 AM,4/18/2026 10:00:00 PM,SERC,WEST,EKPC,EKPC,1225.774,True
4/19/2026 3:00:00 AM,4/18/2026 11:00:00 PM,SERC,WEST,EKPC,EKPC,1037.348,True
4/19/2026 4:00:00 AM,4/19/2026 12:00:00 AM,SERC,WEST,EKPC,EKPC,1033.182,True
4/19/2026 5:00:00 AM,4/19/2026 1:00:00 AM,SERC,WEST,EKPC,EKPC,924.089,True
4/19/2026 6:00:00 AM,4/19/2026 2:00:00 AM,SERC,WEST,EKPC,EKPC,906.012,True
4/19/2026 7:00:00 AM,4/19/2026 3:00:00 AM,SERC,WEST,EKPC,EKPC,897.834,True
4/19/2026 8:00:00 AM,4/19/2026 4:00:00 AM,SERC,WEST,EKPC,EKPC,998.295,True
4/19/2026 9:00:00 AM,4/19/2026 5:00:00 AM,SERC,WEST,EKPC,EKPC,1122.632,True
4/19/2026 10:00:00 AM,4/19/2026 6:00:00 AM,SERC,WEST,EKPC,EKPC,1146.353,True
4/19/2026 11:00:00 AM,4/19/2026 7:00:00 AM,SERC,WEST,EKPC,EKPC,1232.241,True
4/19/2026 12:00:00 PM,4/19/2026 8:00:00 AM,SERC,WEST,EKPC,EKPC,1340.775,True
4/19/2026 1:00:00 PM,4/19/2026 9:00:00 AM,SERC,WEST,EKPC,EKPC,1405.213,True
4/19/2026 2:00:00 PM,4/19/2026 10:00:00 AM,SERC,WEST,EKPC,EKPC,1355.676,True
4/19/2026 3:00:00 PM,4/19/2026 11:00:00 AM,SERC,WEST,EKPC,EKPC,1325.224,True
4/19/2026 4:00:00 PM,4/19/2026 12:00:00 PM,SERC,WEST,EKPC,EKPC,1267.960,True
4/19/2026 5:00:00 PM,4/19/2026 1:00:00 PM,SERC,WEST,EKPC,EKPC,1275.165,True
4/19/2026 6:00:00 PM,4/19/2026 2:00:00 PM,SERC,WEST,EKPC,EKPC,1213.136,True
4/19/2026 7:00:00 PM,4/19/2026 3:00:00 PM,SERC,WEST,EKPC,EKPC,1232.519,True
4/19/2026 8:00:00 PM,4/19/2026 4:00:00 PM,SERC,WEST,EKPC,EKPC,1278.774,True
4/19/2026 9:00:00 PM,4/19/2026 5:00:00 PM,SERC,WEST,EKPC,EKPC,1335.871,True
4/19/2026 10:00:00 PM,4/19/2026 6:00:00 PM,SERC,WEST,EKPC,EKPC,1387.283,True
4/19/2026 11:00:00 PM,4/19/2026 7:00:00 PM,SERC,WEST,EKPC,EKPC,1275.656,True
4/20/2026 12:00:00 AM,4/19/2026 8:00:00 PM,SERC,WEST,EKPC,EKPC,1455.903,True
4/20/2026 1:00:00 AM,4/19/2026 9:00:00 PM,SERC,WEST,EKPC,EKPC,1476.954,True
4/20/2026 2:00:00 AM,4/19/2026 10:00:00 PM,SERC,WEST,EKPC,EKPC,1324.320,True
4/20/2026 3:00:00 AM,4/19/2026 11:00:00 PM,SERC,WEST,EKPC,EKPC,1302.441,True
4/20/2026 4:00:00 AM,4/20/2026 12:00:00 AM,SERC,WEST,EKPC,EKPC,1209.654,True
4/20/2026 5:00:00 AM,4/20/2026 1:00:00 AM,SERC,WEST,EKPC,EKPC,1172.994,True
4/20/2026 6:00:00 AM,4/20/2026 2:00:00 AM,SERC,WEST,EKPC,EKPC,1158.696,True
4/20/2026 7:00:00 AM,4/20/2026 3:00:00 AM,SERC,WEST,EKPC,EKPC,1141.333,True
4/20/2026 8:00:00 AM,4/20/2026 4:00:00 AM,SERC,WEST,EKPC,EKPC,1287.032,True
4/20/2026 9:00:00 AM,4/20/2026 5:00:00 AM,SERC,WEST,EKPC,EKPC,1323.927,True
4/20/2026 10:00:00 AM,4/20/2026 6:00:00 AM,SERC,WEST,EKPC,EKPC,1447.702,True
4/20/2026 11:00:00 AM,4/20/2026 7:00:00 AM,SERC,WEST,EKPC,EKPC,1583.682,True
4/20/2026 12:00:00 PM,4/20/2026 8:00:00 AM,SERC,WEST,EKPC,EKPC,1573.945,True
4/20/2026 1:00:00 PM,4/20/2026 9:00:00 AM,SERC,WEST,EKPC,EKPC,1509.347,True
4/20/2026 2:00:00 PM,4/20/2026 10:00:00 AM,SERC,WEST,EKPC,EKPC,1510.152,True
4/20/2026 3:00:00 PM,4/20/2026 11:00:00 AM,SERC,WEST,EKPC,EKPC,1423.997,True
4/20/2026 4:00:00 PM,4/20/2026 12:00:00 PM,SERC,WEST,EKPC,EKPC,1419.070,True
4/20/2026 5:00:00 PM,4/20/2026 1:00:00 PM,SERC,WEST,EKPC,EKPC,1376.531,True
4/20/2026 6:00:00 PM,4/20/2026 2:00:00 PM,SERC,WEST,EKPC,EKPC,1315.273,True
4/20/2026 7:00:00 PM,4/20/2026 3:00:00 PM,SERC,WEST,EKPC,EKPC,1318.920,True
4/20/2026 8:00:00 PM,4/20/2026 4:00:00 PM,SERC,WEST,EKPC,EKPC,1354.572,True
4/20/2026 9:00:00 PM,4/20/2026 5:00:00 PM,SERC,WEST,EKPC,EKPC,1373.567,True
4/20/2026 10:00:00 PM,4/20/2026 6:00:00 PM,SERC,WEST,EKPC,EKPC,1355.947,True
4/20/2026 11:00:00 PM,4/20/2026 7:00:00 PM,SERC,WEST,EKPC,EKPC,1318.651,True
4/21/2026 12:00:00 AM,4/20/2026 8:00:00 PM,SERC,WEST,EKPC,EKPC,1351.538,True
4/21/2026 1:00:00 AM,4/20/2026 9:00:00 PM,SERC,WEST,EKPC,EKPC,1475.784,True
4/21/2026 2:00:00 AM,4/20/2026 10:00:00 PM,SERC,WEST,EKPC,EKPC,1436.920,True
4/21/2026 3:00:00 AM,4/20/2026 11:00:00 PM,SERC,WEST,EKPC,EKPC,1352.686,True
4/21/2026 4:00:00 AM,4/21/2026 12:00:00 AM,SERC,WEST,EKPC,EKPC,1340.248,True
4/21/2026 5:00:00 AM,4/21/2026 1:00:00 AM,SERC,WEST,EKPC,EKPC,1302.290,True
4/21/2026 6:00:00 AM,4/21/2026 2:00:00 AM,SERC,WEST,EKPC,EKPC,1300.113,True
4/21/2026 7:00:00 AM,4/21/2026 3:00:00 AM,SERC,WEST,EKPC,EKPC,1322.145,True
4/21/2026 8:00:00 AM,4/21/2026 4:00:00 AM,SERC,WEST,EKPC,EKPC,1368.233,True
4/21/2026 9:00:00 AM,4/21/2026 5:00:00 AM,SERC,WEST,EKPC,EKPC,1485.472,True
4/21/2026 10:00:00 AM,4/21/2026 6:00:00 AM,SERC,WEST,EKPC,EKPC,1653.400,True
4/21/2026 11:00:00 AM,4/21/2026 7:00:00 AM,SERC,WEST,EKPC,EKPC,1638.409,True
4/21/2026 12:00:00 PM,4/21/2026 8:00:00 AM,SERC,WEST,EKPC,EKPC,1517.860,True
4/21/2026 1:00:00 PM,4/21/2026 9:00:00 AM,SERC,WEST,EKPC,EKPC,1510.138,True
4/21/2026 2:00:00 PM,4/21/2026 10:00:00 AM,SERC,WEST,EKPC,EKPC,1448.138,True
4/21/2026 3:00:00 PM,4/21/2026 11:00:00 AM,SERC,WEST,EKPC,EKPC,1420.517,True
4/21/2026 4:00:00 PM,4/21/2026 12:00:00 PM,SERC,WEST,EKPC,EKPC,1413.495,True
4/21/2026 5:00:00 PM,4/21/2026 1:00:00 PM,SERC,WEST,EKPC,EKPC,1385.310,True
4/21/2026 6:00:00 PM,4/21/2026 2:00:00 PM,SERC,WEST,EKPC,EKPC,1393.675,True
4/21/2026 7:00:00 PM,4/21/2026 3:00:00 PM,SERC,WEST,EKPC,EKPC,1420.088,True
4/21/2026 8:00:00 PM,4/21/2026 4:00:00 PM,SERC,WEST,EKPC,EKPC,1447.654,True
4/21/2026 9:00:00 PM,4/21/2026 5:00:00 PM,SERC,WEST,EKPC,EKPC,1431.685,True
4/21/2026 10:00:00 PM,4/21/2026 6:00:00 PM,SERC,WEST,EKPC,EKPC,1359.015,True
4/21/2026 11:00:00 PM,4/21/2026 7:00:00 PM,SERC,WEST,EKPC,EKPC,1345.518,True
4/22/2026 12:00:00 AM,4/21/2026 8:00:00 PM,SERC,WEST,EKPC,EKPC,1376.133,True
4/22/2026 1:00:00 AM,4/21/2026 9:00:00 PM,SERC,WEST,EKPC,EKPC,1497.478,True
4/22/2026 2:00:00 AM,4/21/2026 10:00:00 PM,SERC,WEST,EKPC,EKPC,1420.149,True
4/22/2026 3:00:00 AM,4/21/2026 11:00:00 PM,SERC,WEST,EKPC,EKPC,1275.781,True
4/22/2026 4:00:00 AM,4/22/2026 12:00:00 AM,SERC,WEST,EKPC,EKPC,1247.032,True
4/22/2026 5:00:00 AM,4/22/2026 1:00:00 AM,SERC,WEST,EKPC,EKPC,1155.452,True
4/22/2026 6:00:00 AM,4/22/2026 2:00:00 AM,SERC,WEST,EKPC,EKPC,1164.041,True
4/22/2026 7:00:00 AM,4/22/2026 3:00:00 AM,SERC,WEST,EKPC,EKPC,1159.182,True
4/22/2026 8:00:00 AM,4/22/2026 4:00:00 AM,SERC,WEST,EKPC,EKPC,1158.964,True
4/22/2026 9:00:00 AM,4/22/2026 5:00:00 AM,SERC,WEST,EKPC,EKPC,1189.627,True
4/22/2026 10:00:00 AM,4/22/2026 6:00:00 AM,SERC,WEST,EKPC,EKPC,1384.126,True
4/22/2026 11:00:00 AM,4/22/2026 7:00:00 AM,SERC,WEST,EKPC,EKPC,1435.860,True
4/22/2026 12:00:00 PM,4/22/2026 8:00:00 AM,SERC,WEST,EKPC,EKPC,1430.507,True
4/22/2026 1:00:00 PM,4/22/2026 9:00:00 AM,SERC,WEST,EKPC,EKPC,1349.051,True
4/22/2026 2:00:00 PM,4/22/2026 10:00:00 AM,SERC,WEST,EKPC,EKPC,1246.212,True
4/22/2026 3:00:00 PM,4/22/2026 11:00:00 AM,SERC,WEST,EKPC,EKPC,1363.201,True
4/22/2026 4:00:00 PM,4/22/2026 12:00:00 PM,SERC,WEST,EKPC,EKPC,1425.393,True
4/22/2026 5:00:00 PM,4/22/2026 1:00:00 PM,SERC,WEST,EKPC,EKPC,1278.743,True
4/22/2026 6:00:00 PM,4/22/2026 2:00:00 PM,SERC,WEST,EKPC,EKPC,1289.000,True
4/22/2026 7:00:00 PM,4/22/2026 3:00:00 PM,SERC,WEST,EKPC,EKPC,1349.674,True
4/22/2026 8:00:00 PM,4/22/2026 4:00:00 PM,SERC,WEST,EKPC,EKPC,1437.300,True
4/22/2026 9:00:00 PM,4/22/2026 5:00:00 PM,SERC,WEST,EKPC,EKPC,1511.024,True
4/22/2026 10:00:00 PM,4/22/2026 6:00:00 PM,SERC,WEST,EKPC,EKPC,1667.729,True
4/22/2026 11:00:00 PM,4/22/2026 7:00:00 PM,SERC,WEST,EKPC,EKPC,1689.844,True
4/23/2026 12:00:00 AM,4/22/2026 8:00:00 PM,SERC,WEST,EKPC,EKPC,1607.975,True
4/23/2026 1:00:00 AM,4/22/2026 9:00:00 PM,SERC,WEST,EKPC,EKPC,1621.129,True
4/23/2026 2:00:00 AM,4/22/2026 10:00:00 PM,SERC,WEST,EKPC,EKPC,1492.929,True
4/23/2026 3:00:00 AM,4/22/2026 11:00:00 PM,SERC,WEST,EKPC,EKPC,1311.824,True
4/23/2026 4:00:00 AM,4/23/2026 12:00:00 AM,SERC,WEST,EKPC,EKPC,1233.842,True
4/23/2026 5:00:00 AM,4/23/2026 1:00:00 AM,SERC,WEST,EKPC,EKPC,1145.970,True
4/23/2026 6:00:00 AM,4/23/2026 2:00:00 AM,SERC,WEST,EKPC,EKPC,1070.163,True
4/23/2026 7:00:00 AM,4/23/2026 3:00:00 AM,SERC,WEST,EKPC,EKPC,1100.041,True
4/23/2026 8:00:00 AM,4/23/2026 4:00:00 AM,SERC,WEST,EKPC,EKPC,1034.816,True
4/23/2026 9:00:00 AM,4/23/2026 5:00:00 AM,SERC,WEST,EKPC,EKPC,1102.684,True
4/23/2026 10:00:00 AM,4/23/2026 6:00:00 AM,SERC,WEST,EKPC,EKPC,1175.018,True
4/23/2026 11:00:00 AM,4/23/2026 7:00:00 AM,SERC,WEST,EKPC,EKPC,1203.693,True
4/23/2026 12:00:00 PM,4/23/2026 8:00:00 AM,SERC,WEST,EKPC,EKPC,1174.657,True
4/23/2026 1:00:00 PM,4/23/2026 9:00:00 AM,SERC,WEST,EKPC,EKPC,1167.013,True
4/23/2026 2:00:00 PM,4/23/2026 10:00:00 AM,SERC,WEST,EKPC,EKPC,1173.560,True
4/23/2026 3:00:00 PM,4/23/2026 11:00:00 AM,SERC,WEST,EKPC,EKPC,1205.386,True
4/23/2026 4:00:00 PM,4/23/2026 12:00:00 PM,SERC,WEST,EKPC,EKPC,1251.705,True
4/23/2026 5:00:00 PM,4/23/2026 1:00:00 PM,SERC,WEST,EKPC,EKPC,1341.391,True
4/23/2026 6:00:00 PM,4/23/2026 2:00:00 PM,SERC,WEST,EKPC,EKPC,1447.729,True
4/23/2026 7:00:00 PM,4/23/2026 3:00:00 PM,SERC,WEST,EKPC,EKPC,1510.805,True
4/23/2026 8:00:00 PM,4/23/2026 4:00:00 PM,SERC,WEST,EKPC,EKPC,1613.189,True
4/23/2026 9:00:00 PM,4/23/2026 5:00:00 PM,SERC,WEST,EKPC,EKPC,1718.927,True
4/23/2026 10:00:00 PM,4/23/2026 6:00:00 PM,SERC,WEST,EKPC,EKPC,1714.930,True
4/23/2026 11:00:00 PM,4/23/2026 7:00:00 PM,SERC,WEST,EKPC,EKPC,1681.932,True
4/24/2026 12:00:00 AM,4/23/2026 8:00:00 PM,SERC,WEST,EKPC,EKPC,1681.100,True
4/24/2026 1:00:00 AM,4/23/2026 9:00:00 PM,SERC,WEST,EKPC,EKPC,1649.492,True
4/24/2026 2:00:00 AM,4/23/2026 10:00:00 PM,SERC,WEST,EKPC,EKPC,1468.021,True
4/24/2026 3:00:00 AM,4/23/2026 11:00:00 PM,SERC,WEST,EKPC,EKPC,1343.433,True
4/24/2026 4:00:00 AM,4/24/2026 12:00:00 AM,SERC,WEST,EKPC,EKPC,1221.484,True
4/24/2026 5:00:00 AM,4/24/2026 1:00:00 AM,SERC,WEST,EKPC,EKPC,1188.286,True
4/24/2026 6:00:00 AM,4/24/2026 2:00:00 AM,SERC,WEST,EKPC,EKPC,1127.178,True
4/24/2026 7:00:00 AM,4/24/2026 3:00:00 AM,SERC,WEST,EKPC,EKPC,1087.405,True
4/24/2026 8:00:00 AM,4/24/2026 4:00:00 AM,SERC,WEST,EKPC,EKPC,1070.711,True
4/24/2026 9:00:00 AM,4/24/2026 5:00:00 AM,SERC,WEST,EKPC,EKPC,1142.709,True
4/24/2026 10:00:00 AM,4/24/2026 6:00:00 AM,SERC,WEST,EKPC,EKPC,1201.811,True
4/24/2026 11:00:00 AM,4/24/2026 7:00:00 AM,SERC,WEST,EKPC,EKPC,1319.344,True
4/24/2026 12:00:00 PM,4/24/2026 8:00:00 AM,SERC,WEST,EKPC,EKPC,1182.453,True
4/24/2026 1:00:00 PM,4/24/2026 9:00:00 AM,SERC,WEST,EKPC,EKPC,1187.683,True
4/24/2026 2:00:00 PM,4/24/2026 10:00:00 AM,SERC,WEST,EKPC,EKPC,1243.151,True
4/24/2026 3:00:00 PM,4/24/2026 11:00:00 AM,SERC,WEST,EKPC,EKPC,1369.958,True
4/24/2026 4:00:00 PM,4/24/2026 12:00:00 PM,SERC,WEST,EKPC,EKPC,1504.747,True
4/24/2026 5:00:00 PM,4/24/2026 1:00:00 PM,SERC,WEST,EKPC,EKPC,1541.519,True
4/24/2026 6:00:00 PM,4/24/2026 2:00:00 PM,SERC,WEST,EKPC,EKPC,1598.466,True
4/24/2026 7:00:00 PM,4/24/2026 3:00:00 PM,SERC,WEST,EKPC,EKPC,1620.668,True
4/24/2026 8:00:00 PM,4/24/2026 4:00:00 PM,SERC,WEST,EKPC,EKPC,1679.083,True
4/24/2026 9:00:00 PM,4/24/2026 5:00:00 PM,SERC,WEST,EKPC,EKPC,1679.659,True
4/24/2026 10:00:00 PM,4/24/2026 6:00:00 PM,SERC,WEST,EKPC,EKPC,1624.724,True
4/24/2026 11:00:00 PM,4/24/2026 7:00:00 PM,SERC,WEST,EKPC,EKPC,1569.305,True
4/25/2026 12:00:00 AM,4/24/2026 8:00:00 PM,SERC,WEST,EKPC,EKPC,1567.867,True
4/25/2026 1:00:00 AM,4/24/2026 9:00:00 PM,SERC,WEST,EKPC,EKPC,1512.372,True
4/25/2026 2:00:00 AM,4/24/2026 10:00:00 PM,SERC,WEST,EKPC,EKPC,1360.163,True
4/25/2026 3:00:00 AM,4/24/2026 11:00:00 PM,SERC,WEST,EKPC,EKPC,1269.272,True
4/25/2026 4:00:00 AM,4/25/2026 12:00:00 AM,SERC,WEST,EKPC,EKPC,1003.445,True
4/25/2026 5:00:00 AM,4/25/2026 1:00:00 AM,SERC,WEST,EKPC,EKPC,904.602,True
4/25/2026 6:00:00 AM,4/25/2026 2:00:00 AM,SERC,WEST,EKPC,EKPC,859.125,True
4/25/2026 7:00:00 AM,4/25/2026 3:00:00 AM,SERC,WEST,EKPC,EKPC,864.963,True
4/25/2026 8:00:00 AM,4/25/2026 4:00:00 AM,SERC,WEST,EKPC,EKPC,967.758,True
4/25/2026 9:00:00 AM,4/25/2026 5:00:00 AM,SERC,WEST,EKPC,EKPC,924.318,True
4/25/2026 10:00:00 AM,4/25/2026 6:00:00 AM,SERC,WEST,EKPC,EKPC,960.667,True
4/25/2026 11:00:00 AM,4/25/2026 7:00:00 AM,SERC,WEST,EKPC,EKPC,981.450,True
4/25/2026 12:00:00 PM,4/25/2026 8:00:00 AM,SERC,WEST,EKPC,EKPC,1086.075,True
4/25/2026 1:00:00 PM,4/25/2026 9:00:00 AM,SERC,WEST,EKPC,EKPC,1114.767,True
4/25/2026 2:00:00 PM,4/25/2026 10:00:00 AM,SERC,WEST,EKPC,EKPC,1182.693,True
4/25/2026 3:00:00 PM,4/25/2026 11:00:00 AM,SERC,WEST,EKPC,EKPC,1179.409,True
4/25/2026 4:00:00 PM,4/25/2026 12:00:00 PM,SERC,WEST,EKPC,EKPC,1227.686,True
4/25/2026 5:00:00 PM,4/25/2026 1:00:00 PM,SERC,WEST,EKPC,EKPC,1249.410,True
4/25/2026 6:00:00 PM,4/25/2026 2:00:00 PM,SERC,WEST,EKPC,EKPC,1294.697,True
4/25/2026 7:00:00 PM,4/25/2026 3:00:00 PM,SERC,WEST,EKPC,EKPC,1338.629,True
4/25/2026 8:00:00 PM,4/25/2026 4:00:00 PM,SERC,WEST,EKPC,EKPC,1405.466,True
4/25/2026 9:00:00 PM,4/25/2026 5:00:00 PM,SERC,WEST,EKPC,EKPC,1436.415,True
4/25/2026 10:00:00 PM,4/25/2026 6:00:00 PM,SERC,WEST,EKPC,EKPC,1536.769,True
4/25/2026 11:00:00 PM,4/25/2026 7:00:00 PM,SERC,WEST,EKPC,EKPC,1411.816,True
4/26/2026 12:00:00 AM,4/25/2026 8:00:00 PM,SERC,WEST,EKPC,EKPC,1347.360,True
4/26/2026 1:00:00 AM,4/25/2026 9:00:00 PM,SERC,WEST,EKPC,EKPC,1306.452,True
4/26/2026 2:00:00 AM,4/25/2026 10:00:00 PM,SERC,WEST,EKPC,EKPC,1221.938,True
4/26/2026 3:00:00 AM,4/25/2026 11:00:00 PM,SERC,WEST,EKPC,EKPC,1089.242,True
4/26/2026 4:00:00 AM,4/26/2026 12:00:00 AM,SERC,WEST,EKPC,EKPC,1014.126,True
4/26/2026 5:00:00 AM,4/26/2026 1:00:00 AM,SERC,WEST,EKPC,EKPC,908.435,True
4/26/2026 6:00:00 AM,4/26/2026 2:00:00 AM,SERC,WEST,EKPC,EKPC,963.805,True
4/26/2026 7:00:00 AM,4/26/2026 3:00:00 AM,SERC,WEST,EKPC,EKPC,958.235,True
4/26/2026 8:00:00 AM,4/26/2026 4:00:00 AM,SERC,WEST,EKPC,EKPC,1020.264,True
4/26/2026 9:00:00 AM,4/26/2026 5:00:00 AM,SERC,WEST,EKPC,EKPC,1090.950,True
4/26/2026 10:00:00 AM,4/26/2026 6:00:00 AM,SERC,WEST,EKPC,EKPC,979.808,True
4/26/2026 11:00:00 AM,4/26/2026 7:00:00 AM,SERC,WEST,EKPC,EKPC,1092.630,True
4/26/2026 12:00:00 PM,4/26/2026 8:00:00 AM,SERC,WEST,EKPC,EKPC,1160.512,True
4/26/2026 1:00:00 PM,4/26/2026 9:00:00 AM,SERC,WEST,EKPC,EKPC,1216.652,True
4/26/2026 2:00:00 PM,4/26/2026 10:00:00 AM,SERC,WEST,EKPC,EKPC,1274.798,True
4/26/2026 3:00:00 PM,4/26/2026 11:00:00 AM,SERC,WEST,EKPC,EKPC,1265.631,True
4/26/2026 4:00:00 PM,4/26/2026 12:00:00 PM,SERC,WEST,EKPC,EKPC,1241.985,True
4/26/2026 5:00:00 PM,4/26/2026 1:00:00 PM,SERC,WEST,EKPC,EKPC,1280.438,True
4/26/2026 6:00:00 PM,4/26/2026 2:00:00 PM,SERC,WEST,EKPC,EKPC,1333.828,True
4/26/2026 7:00:00 PM,4/26/2026 3:00:00 PM,SERC,WEST,EKPC,EKPC,1406.431,True
4/26/2026 8:00:00 PM,4/26/2026 4:00:00 PM,SERC,WEST,EKPC,EKPC,1428.546,True
4/26/2026 9:00:00 PM,4/26/2026 5:00:00 PM,SERC,WEST,EKPC,EKPC,1540.651,True
4/26/2026 10:00:00 PM,4/26/2026 6:00:00 PM,SERC,WEST,EKPC,EKPC,1598.030,True
4/26/2026 11:00:00 PM,4/26/2026 7:00:00 PM,SERC,WEST,EKPC,EKPC,1547.860,True
4/27/2026 12:00:00 AM,4/26/2026 8:00:00 PM,SERC,WEST,EKPC,EKPC,1533.577,True
4/27/2026 1:00:00 AM,4/26/2026 9:00:00 PM,SERC,WEST,EKPC,EKPC,1450.722,True
4/27/2026 2:00:00 AM,4/26/2026 10:00:00 PM,SERC,WEST,EKPC,EKPC,1319.546,True
4/27/2026 3:00:00 AM,4/26/2026 11:00:00 PM,SERC,WEST,EKPC,EKPC,1239.762,True
4/27/2026 4:00:00 AM,4/27/2026 12:00:00 AM,SERC,WEST,EKPC,EKPC,1149.381,True
4/27/2026 5:00:00 AM,4/27/2026 1:00:00 AM,SERC,WEST,EKPC,EKPC,1100.508,True
4/27/2026 6:00:00 AM,4/27/2026 2:00:00 AM,SERC,WEST,EKPC,EKPC,1077.718,True
4/27/2026 7:00:00 AM,4/27/2026 3:00:00 AM,SERC,WEST,EKPC,EKPC,1065.670,True
4/27/2026 8:00:00 AM,4/27/2026 4:00:00 AM,SERC,WEST,EKPC,EKPC,1050.555,True
4/27/2026 9:00:00 AM,4/27/2026 5:00:00 AM,SERC,WEST,EKPC,EKPC,1197.593,True
4/27/2026 10:00:00 AM,4/27/2026 6:00:00 AM,SERC,WEST,EKPC,EKPC,1300.585,True
4/27/2026 11:00:00 AM,4/27/2026 7:00:00 AM,SERC,WEST,EKPC,EKPC,1295.281,True
4/27/2026 12:00:00 PM,4/27/2026 8:00:00 AM,SERC,WEST,EKPC,EKPC,1250.575,True
4/27/2026 1:00:00 PM,4/27/2026 9:00:00 AM,SERC,WEST,EKPC,EKPC,1284.712,True
4/27/2026 2:00:00 PM,4/27/2026 10:00:00 AM,SERC,WEST,EKPC,EKPC,1284.785,True
4/27/2026 3:00:00 PM,4/27/2026 11:00:00 AM,SERC,WEST,EKPC,EKPC,1373.572,True
4/27/2026 4:00:00 PM,4/27/2026 12:00:00 PM,SERC,WEST,EKPC,EKPC,1390.803,True
4/27/2026 5:00:00 PM,4/27/2026 1:00:00 PM,SERC,WEST,EKPC,EKPC,1297.465,True
4/27/2026 6:00:00 PM,4/27/2026 2:00:00 PM,SERC,WEST,EKPC,EKPC,1322.246,True
4/27/2026 7:00:00 PM,4/27/2026 3:00:00 PM,SERC,WEST,EKPC,EKPC,1377.419,True
4/27/2026 8:00:00 PM,4/27/2026 4:00:00 PM,SERC,WEST,EKPC,EKPC,1434.303,True
4/27/2026 9:00:00 PM,4/27/2026 5:00:00 PM,SERC,WEST,EKPC,EKPC,1481.879,True
4/27/2026 10:00:00 PM,4/27/2026 6:00:00 PM,SERC,WEST,EKPC,EKPC,1494.917,True
4/27/2026 11:00:00 PM,4/27/2026 7:00:00 PM,SERC,WEST,EKPC,EKPC,1530.263,True
4/28/2026 12:00:00 AM,4/27/2026 8:00:00 PM,SERC,WEST,EKPC,EKPC,1500.434,True
4/28/2026 1:00:00 AM,4/27/2026 9:00:00 PM,SERC,WEST,EKPC,EKPC,1425.711,True
4/28/2026 2:00:00 AM,4/27/2026 10:00:00 PM,SERC,WEST,EKPC,EKPC,1305.608,True
4/28/2026 3:00:00 AM,4/27/2026 11:00:00 PM,SERC,WEST,EKPC,EKPC,1153.642,True
4/28/2026 4:00:00 AM,4/28/2026 12:00:00 AM,SERC,WEST,EKPC,EKPC,1056.991,True
4/28/2026 5:00:00 AM,4/28/2026 1:00:00 AM,SERC,WEST,EKPC,EKPC,1010.824,True
4/28/2026 6:00:00 AM,4/28/2026 2:00:00 AM,SERC,WEST,EKPC,EKPC,962.859,True
4/28/2026 7:00:00 AM,4/28/2026 3:00:00 AM,SERC,WEST,EKPC,EKPC,943.518,True
4/28/2026 8:00:00 AM,4/28/2026 4:00:00 AM,SERC,WEST,EKPC,EKPC,1038.230,True
4/28/2026 9:00:00 AM,4/28/2026 5:00:00 AM,SERC,WEST,EKPC,EKPC,1003.191,True
4/28/2026 10:00:00 AM,4/28/2026 6:00:00 AM,SERC,WEST,EKPC,EKPC,1172.152,True
4/28/2026 11:00:00 AM,4/28/2026 7:00:00 AM,SERC,WEST,EKPC,EKPC,1301.398,True
4/28/2026 12:00:00 PM,4/28/2026 8:00:00 AM,SERC,WEST,EKPC,EKPC,1296.086,True
4/28/2026 1:00:00 PM,4/28/2026 9:00:00 AM,SERC,WEST,EKPC,EKPC,1356.650,True
4/28/2026 2:00:00 PM,4/28/2026 10:00:00 AM,SERC,WEST,EKPC,EKPC,1406.872,True
4/28/2026 3:00:00 PM,4/28/2026 11:00:00 AM,SERC,WEST,EKPC,EKPC,1418.084,True
4/28/2026 4:00:00 PM,4/28/2026 12:00:00 PM,SERC,WEST,EKPC,EKPC,1421.774,True
4/28/2026 5:00:00 PM,4/28/2026 1:00:00 PM,SERC,WEST,EKPC,EKPC,1448.366,True
4/28/2026 6:00:00 PM,4/28/2026 2:00:00 PM,SERC,WEST,EKPC,EKPC,1515.049,True
4/28/2026 7:00:00 PM,4/28/2026 3:00:00 PM,SERC,WEST,EKPC,EKPC,1544.511,True
4/28/2026 8:00:00 PM,4/28/2026 4:00:00 PM,SERC,WEST,EKPC,EKPC,1634.852,True
4/28/2026 9:00:00 PM,4/28/2026 5:00:00 PM,SERC,WEST,EKPC,EKPC,1676.040,True
4/28/2026 10:00:00 PM,4/28/2026 6:00:00 PM,SERC,WEST,EKPC,EKPC,1638.973,True
4/28/2026 11:00:00 PM,4/28/2026 7:00:00 PM,SERC,WEST,EKPC,EKPC,1638.931,True
4/29/2026 12:00:00 AM,4/28/2026 8:00:00 PM,SERC,WEST,EKPC,EKPC,1566.522,True
4/29/2026 1:00:00 AM,4/28/2026 9:00:00 PM,SERC,WEST,EKPC,EKPC,1499.749,True
4/29/2026 2:00:00 AM,4/28/2026 10:00:00 PM,SERC,WEST,EKPC,EKPC,1458.455,True
4/29/2026 3:00:00 AM,4/28/2026 11:00:00 PM,SERC,WEST,EKPC,EKPC,1302.148,True
4/29/2026 4:00:00 AM,4/29/2026 12:00:00 AM,SERC,WEST,EKPC,EKPC,1173.487,True
4/29/2026 5:00:00 AM,4/29/2026 1:00:00 AM,SERC,WEST,EKPC,EKPC,1153.610,True
4/29/2026 6:00:00 AM,4/29/2026 2:00:00 AM,SERC,WEST,EKPC,EKPC,1098.940,True
4/29/2026 7:00:00 AM,4/29/2026 3:00:00 AM,SERC,WEST,EKPC,EKPC,1060.493,True
4/29/2026 8:00:00 AM,4/29/2026 4:00:00 AM,SERC,WEST,EKPC,EKPC,1074.846,True
4/29/2026 9:00:00 AM,4/29/2026 5:00:00 AM,SERC,WEST,EKPC,EKPC,1195.992,True
4/29/2026 10:00:00 AM,4/29/2026 6:00:00 AM,SERC,WEST,EKPC,EKPC,1241.071,True
4/29/2026 11:00:00 AM,4/29/2026 7:00:00 AM,SERC,WEST,EKPC,EKPC,1296.784,True
4/29/2026 12:00:00 PM,4/29/2026 8:00:00 AM,SERC,WEST,EKPC,EKPC,1316.774,True
4/29/2026 1:00:00 PM,4/29/2026 9:00:00 AM,SERC,WEST,EKPC,EKPC,1370.268,True
4/29/2026 2:00:00 PM,4/29/2026 10:00:00 AM,SERC,WEST,EKPC,EKPC,1407.531,True
4/29/2026 3:00:00 PM,4/29/2026 11:00:00 AM,SERC,WEST,EKPC,EKPC,1320.604,True
4/29/2026 4:00:00 PM,4/29/2026 12:00:00 PM,SERC,WEST,EKPC,EKPC,1381.234,True
4/29/2026 5:00:00 PM,4/29/2026 1:00:00 PM,SERC,WEST,EKPC,EKPC,1411.890,True
4/29/2026 6:00:00 PM,4/29/2026 2:00:00 PM,SERC,WEST,EKPC,EKPC,1411.167,True
4/29/2026 7:00:00 PM,4/29/2026 3:00:00 PM,SERC,WEST,EKPC,EKPC,1396.471,True
4/29/2026 8:00:00 PM,4/29/2026 4:00:00 PM,SERC,WEST,EKPC,EKPC,1360.194,True
4/29/2026 9:00:00 PM,4/29/2026 5:00:00 PM,SERC,WEST,EKPC,EKPC,1387.452,True
4/29/2026 10:00:00 PM,4/29/2026 6:00:00 PM,SERC,WEST,EKPC,EKPC,1499.072,True
4/29/2026 11:00:00 PM,4/29/2026 7:00:00 PM,SERC,WEST,EKPC,EKPC,1479.222,True
4/30/2026 12:00:00 AM,4/29/2026 8:00:00 PM,SERC,WEST,EKPC,EKPC,1459.741,True
4/30/2026 1:00:00 AM,4/29/2026 9:00:00 PM,SERC,WEST,EKPC,EKPC,1493.959,True
4/30/2026 2:00:00 AM,4/29/2026 10:00:00 PM,SERC,WEST,EKPC,EKPC,1364.565,True
4/30/2026 3:00:00 AM,4/29/2026 11:00:00 PM,SERC,WEST,EKPC,EKPC,1258.844,True
4/30/2026 4:00:00 AM,4/30/2026 12:00:00 AM,SERC,WEST,EKPC,EKPC,1155.347,True
4/30/2026 5:00:00 AM,4/30/2026 1:00:00 AM,SERC,WEST,EKPC,EKPC,1077.455,True
4/30/2026 6:00:00 AM,4/30/2026 2:00:00 AM,SERC,WEST,EKPC,EKPC,1094.465,True
4/30/2026 7:00:00 AM,4/30/2026 3:00:00 AM,SERC,WEST,EKPC,EKPC,1075.089,True
4/30/2026 8:00:00 AM,4/30/2026 4:00:00 AM,SERC,WEST,EKPC,EKPC,969.066,True
4/30/2026 9:00:00 AM,4/30/2026 5:00:00 AM,SERC,WEST,EKPC,EKPC,1050.754,True
4/30/2026 10:00:00 AM,4/30/2026 6:00:00 AM,SERC,WEST,EKPC,EKPC,1177.208,True
4/30/2026 11:00:00 AM,4/30/2026 7:00:00 AM,SERC,WEST,EKPC,EKPC,1213.775,True
4/30/2026 12:00:00 PM,4/30/2026 8:00:00 AM,SERC,WEST,EKPC,EKPC,1197.988,True
4/30/2026 1:00:00 PM,4/30/2026 9:00:00 AM,SERC,WEST,EKPC,EKPC,1188.862,True
4/30/2026 2:00:00 PM,4/30/2026 10:00:00 AM,SERC,WEST,EKPC,EKPC,1164.460,True
4/30/2026 3:00:00 PM,4/30/2026 11:00:00 AM,SERC,WEST,EKPC,EKPC,1160.558,True
4/30/2026 4:00:00 PM,4/30/2026 12:00:00 PM,SERC,WEST,EKPC,EKPC,1152.650,True
4/30/2026 5:00:00 PM,4/30/2026 1:00:00 PM,SERC,WEST,EKPC,EKPC,1196.750,True
4/30/2026 6:00:00 PM,4/30/2026 2:00:00 PM,SERC,WEST,EKPC,EKPC,1177.795,True
4/30/2026 7:00:00 PM,4/30/2026 3:00:00 PM,SERC,WEST,EKPC,EKPC,1272.312,True
4/30/2026 8:00:00 PM,4/30/2026 4:00:00 PM,SERC,WEST,EKPC,EKPC,1221.256,True
4/30/2026 9:00:00 PM,4/30/2026 5:00:00 PM,SERC,WEST,EKPC,EKPC,1220.535,True
4/30/2026 10:00:00 PM,4/30/2026 6:00:00 PM,SERC,WEST,EKPC,EKPC,1302.079,True
4/30/2026 11:00:00 PM,4/30/2026 7:00:00 PM,SERC,WEST,EKPC,EKPC,1271.694,True
5/1/2026 12:00:00 AM,4/30/2026 8:00:00 PM,SERC,WEST,EKPC,EKPC,1309.019,True
5/1/2026 1:00:00 AM,4/30/2026 9:00:00 PM,SERC,WEST,EKPC,EKPC,1364.131,True
5/1/2026 2:00:00 AM,4/30/2026 10:00:00 PM,SERC,WEST,EKPC,EKPC,1389.196,True
5/1/2026 3:00:00 AM,4/30/2026 11:00:00 PM,SERC,WEST,EKPC,EKPC,1281.061,True
